sourceSeconds,coarse30Hz,bladeBodyGapM,nearestPivot,bladeX,bladeY,bladeZ,bodyX,bodyY,bodyZ,tipX,tipY,tipZ,receiverMinimumY,attackerMinimumY,torsoMinimumY,nonLegSupportMinimumY,torsoFacingUp,supportBone,supportX,supportY,supportZ
0,True,0.631911755,Head,-0.192052916,1.46543336,0.498519778,0.367550164,1.515011,0.2092121,-0.192052782,1.46543324,0.498519778,0.009999888,0.0101500126,0.6608095,0.6608095,-0.191453919,Hips,0.851815045,0.6608095,-0.133064047
0.004166667,False,0.6456711,Head,-0.209618375,1.49106622,0.496154219,0.366455972,1.515461,0.205578178,-0.207066357,1.49962974,0.5025263,0.0101797087,0.0105001749,0.6609188,0.6609188,-0.191079125,Hips,0.8519643,0.6609188,-0.132899
0.008333334,False,0.663163662,Head,-0.226081461,1.52536321,0.499186456,0.3705515,1.51958191,0.209735632,-0.223927736,1.534168,0.505374,0.0105052367,0.0108899651,0.661054432,0.661054432,-0.18998839,Hips,0.85239774,0.661054432,-0.1324196
0.0125,False,0.6816473,LeftHand,-0.391879231,1.17113578,0.3414118,0.2078555,1.053788,0.03943362,-0.242725492,1.56849635,0.5068024,0.01081179,0.0113005182,0.66105324,0.66105324,-0.188225254,Hips,0.853095531,0.66105324,-0.131647334
0.0166666675,False,0.69181633,LeftHand,-0.4139525,1.1556766,0.3269841,0.202003971,1.0418272,0.03330783,-0.263530254,1.60206413,0.5065444,0.0111235734,0.01170981,0.6609159,0.6609159,-0.1858276,Hips,0.8540396,0.6609159,-0.130601063
0.020833334,False,0.700972736,LeftHand,-0.437559754,1.12915182,0.3080709,0.19575125,1.026481,0.02569059,-0.2853502,1.63483036,0.5044747,0.0114354258,0.0121253114,0.660619557,0.660619557,-0.182829037,Hips,0.855213,0.660619557,-0.1292979
0.025,False,0.708758533,LeftHand,-0.457138866,1.09627879,0.2923238,0.189832687,1.007796,0.0167567581,-0.307834268,1.66651392,0.500503242,0.011750808,0.0125820469,0.660146,0.660146,-0.17926158,Hips,0.856599033,0.660146,-0.127753437
0.0291666668,False,0.7154512,LeftHand,-0.473509043,1.05800045,0.276942,0.185017645,0.9858685,0.006738439,-0.330619156,1.696882,0.494603157,0.0120700924,0.0145789934,0.659474134,0.659474134,-0.175157264,Hips,0.8581808,0.659474134,-0.125982538
0.0333333351,True,0.7213806,LeftHand,-0.485518575,1.01690853,0.26346302,0.182070985,0.9608726,-0.00407043146,-0.353349835,1.72575092,0.4867911,0.0123932315,0.0162386876,0.658582032,0.658582032,-0.170549989,Hips,0.859938443,0.658582032,-0.124002025
0.0375,False,0.73051095,LeftHand,-0.481769979,1.0338459,0.273257852,0.181722865,0.9330815,-0.0153075363,-0.3760599,1.75282156,0.4774663,0.0127176931,0.0172965545,0.6574484,0.6574484,-0.1654772,Hips,0.8618601,0.6574484,-0.12181925
0.0416666679,False,0.743418157,LeftHand,-0.4786363,1.05044925,0.282400459,0.19173339,0.935220659,-0.0175952222,-0.398966,1.77809989,0.466735,0.0130409868,0.0179711431,0.656054854,0.656054854,-0.159981519,Hips,0.8639189,0.656054854,-0.1194568
0.0458333343,False,0.7568533,LeftHand,-0.4758753,1.06692743,0.290885836,0.21326828,0.957694769,-0.00233132741,-0.4218923,1.8018682,0.4544413,0.0133572221,0.0182237234,0.6543862,0.6543862,-0.1541108,Hips,0.866095364,0.6543862,-0.116928741
0.05,False,0.773604333,LeftHand,-0.473298639,1.08349323,0.298706561,0.21652922,0.92911166,-0.0155664682,-0.4447233,1.82436931,0.440439284,0.0136618633,0.0179389454,0.65243274,0.65243274,-0.147918463,Hips,0.868366361,0.65243274,-0.114253268
0.0541666672,False,0.796211,LeftHand,-0.470761329,1.100361,0.30586502,0.223458037,0.8992182,-0.0281304885,-0.4673878,1.84580791,0.424605548,0.01335139,0.0170163624,0.6502028,0.6502028,-0.141465425,Hips,0.8707071,0.6502028,-0.111450858
0.0583333336,False,0.8049945,RightHand,-0.465012074,1.115299,0.32555908,0.309199661,0.967898,0.161591753,-0.48985216,1.86635053,0.4068351,0.0134020159,0.0157072451,0.648272,0.648272,-0.134817973,Hips,0.87309134,0.648272,-0.108544379
0.0625,False,0.819962,RightHand,-0.463871866,1.13487554,0.325150341,0.303102225,0.92951,0.120422527,-0.5121144,1.88612533,0.3870332,0.0135923009,0.0137892989,0.646276057,0.646276057,-0.128048167,Hips,0.8754921,0.646276057,-0.1055596
0.06666667,True,0.84724313,RightHand,-0.4627389,1.15490413,0.3234095,0.3045403,0.8917272,0.0787843,-0.5343225,1.90520024,0.36504367,0.0137488712,0.0117057189,0.644061267,0.644061267,-0.121233024,Hips,0.877874851,0.644061267,-0.102533087
0.1,True,1.0933938,Head,-0.452219427,1.32076859,0.344043016,0.5968161,1.36105478,0.038410265,-0.7153672,2.0022316,0.153876737,0.023543179,0.0174307059,0.6332368,0.5337268,-0.0750091448,LeftLittleDistal,0.5427953,0.5337268,0.02358975
0.13333334,True,1.11854625,Head,-0.495641,1.5329082,0.286978155,0.5717204,1.62437153,-0.0347669832,-0.9230429,1.96738946,-0.156486064,0.0286766328,0.0127293952,0.6343223,0.5126393,-0.06626438,LeftLittleDistal,0.6072127,0.5126393,0.024568595
0.166666672,True,1.186353,Head,-0.5951861,1.69578183,0.184383646,0.567825437,1.62179637,-0.0377958119,-1.05735588,1.72517812,-0.410294771,0.0286757834,0.010321998,0.633535266,0.5115973,-0.06793152,LeftLittleDistal,0.605332255,0.5115973,0.0233154148
0.2,True,1.24751806,Head,-0.665411949,1.74888957,0.126692846,0.5639972,1.61923862,-0.0407734327,-1.04481423,1.48329139,-0.467965484,0.0286755823,0.01036025,0.63275975,0.510567,-0.06957388,LeftLittleDistal,0.603479147,0.510567,0.0220819376
0.233333334,True,1.227208,Head,-0.6328835,1.76430809,0.202607855,0.5602637,1.61671877,-0.04367818,-1.027234,1.50124931,-0.383390725,0.028675722,0.01020934,0.6320012,0.509557366,-0.07117933,LeftLittleDistal,0.6016675,0.509557366,0.020877514
0.233333349,False,1.22720885,Head,-0.6328714,1.76430809,0.2026254,0.560275555,1.61671877,-0.0436656252,-1.027222,1.501249,-0.383372962,0.0286759827,0.010209077,0.6320012,0.5095569,-0.07117942,LeftLittleDistal,0.6016795,0.5095569,0.020890424
0.2375,False,1.222159,Head,-0.6250039,1.76468277,0.216524869,0.5598178,1.61640751,-0.04402224,-1.02590728,1.50814,-0.367913961,0.02867835,0.0100691123,0.6319078,0.5094323,-0.07137654,LeftLittleDistal,0.6014576,0.5094323,0.02074214
0.24166666,False,1.21634138,Head,-0.6158566,1.76458955,0.2318441,0.559361458,1.61609674,-0.0443778969,-1.02558613,1.51789808,-0.350711644,0.0286836661,0.009998524,0.6318145,0.509308,-0.07157353,LeftLittleDistal,0.601236,0.509308,0.02059447
0.245833337,False,1.2099365,Head,-0.605633259,1.76393938,0.24825491,0.558907747,1.61578667,-0.04473181,-1.02568007,1.52898347,-0.3317994,0.0286898073,0.0100653507,0.6317214,0.509184241,-0.07176942,LeftLittleDistal,0.6010154,0.509184241,0.02044739
0.25,False,1.203155,Head,-0.5945708,1.76272213,0.265448779,0.558455765,1.6154778,-0.04508434,-1.02560055,1.54003251,-0.311378121,0.02869541,0.0105431732,0.6316287,0.5090604,-0.07196459,LeftLittleDistal,0.600796461,0.5090604,0.02030107
0.254166663,False,1.19631839,Head,-0.583217442,1.7605567,0.282665819,0.558005631,1.61517024,-0.04543522,-1.02509665,1.549394,-0.290273547,0.02869859,0.0107395994,0.6315368,0.508937359,-0.07215878,LeftLittleDistal,0.6005775,0.508937359,0.0201554559
0.258333325,False,1.18953121,Head,-0.5715436,1.75805962,0.300064832,0.557556868,1.61486375,-0.04578423,-1.02338874,1.55648291,-0.268538,0.0286977626,0.0109846033,0.631445348,0.5088155,-0.0723521858,LeftLittleDistal,0.6003592,0.5088155,0.0200106222
0.2625,False,1.18300748,Head,-0.55979,1.75549746,0.317430347,0.5571101,1.61455917,-0.0461315364,-1.01999044,1.56040347,-0.24671565,0.028691072,0.0112824729,0.6313548,0.5086945,-0.0725443438,LeftLittleDistal,0.6001408,0.5086945,0.0198660418
0.266666681,True,1.17697859,Head,-0.5482552,1.75311279,0.334531128,0.5566525,1.61425662,-0.0464890227,-1.0144316,1.56023729,-0.225455835,0.0286760963,0.0114608705,0.6312654,0.5085743,-0.0727358,LeftLittleDistal,0.5999112,0.5085743,0.0197105519
0.270833343,False,1.17166352,Head,-0.5370118,1.75098228,0.351796955,0.556197,1.61394072,-0.0468376875,-1.006719,1.55508435,-0.204176,0.0286500473,0.0114533873,0.631172657,0.5084497,-0.07293605,LeftLittleDistal,0.59969306,0.5084497,0.0195727646
0.275,False,1.167125,Head,-0.5260147,1.748846,0.369658023,0.5556976,1.61360407,-0.0472221337,-0.99714756,1.54546571,-0.1824082,0.0286113657,0.011399515,0.6310741,0.508316636,-0.07314933,LeftLittleDistal,0.59944725,0.508316636,0.0194129869
0.279166669,False,1.16335475,Head,-0.5152611,1.746383,0.388061672,0.5551868,1.61326075,-0.04761474,-0.9855379,1.532464,-0.160742149,0.0285669956,0.0113245742,0.6309742,0.50818187,-0.0733671859,LeftLittleDistal,0.5991949,0.50818187,0.0192500614
0.283333331,False,1.16025686,Head,-0.504697442,1.74331284,0.4068665,0.554684639,1.61292279,-0.0480006263,-0.971873641,1.51716959,-0.139679238,0.0285183229,0.01126541,0.6308762,0.508049548,-0.07358104,LeftLittleDistal,0.5989465,0.508049548,0.01908996
0.2875,False,1.15764713,Head,-0.49420014,1.73944771,0.425864577,0.5542104,1.61260438,-0.0483641624,-0.956368446,1.50073218,-0.119590968,0.0284700152,0.0112657752,0.6307841,0.507924855,-0.07378288,LeftLittleDistal,0.5987114,0.507924855,0.0189389475
0.291666657,False,1.15529,Head,-0.483588636,1.73471439,0.4448047,0.5537995,1.61231041,-0.04869125,-0.939504266,1.48438859,-0.100708582,0.0285323,0.0113861514,0.6306943,0.507806063,-0.07396464,LeftLittleDistal,0.5985155,0.507806063,0.01880299
0.295833319,False,1.14999259,RightUpperArm,-0.4726358,1.72915637,0.463431716,0.614343643,1.487776,0.175865352,-0.9220145,1.46948528,-0.08313569,0.0286121387,0.0116574205,0.6306167,0.507704,-0.07411635,LeftLittleDistal,0.598355055,0.507704,0.018688539
0.3,True,1.14233053,RightUpperArm,-0.461104274,1.722919,0.4814926,0.614101768,1.48768294,0.175690308,-0.904835939,1.45749068,-0.06692028,0.0286760032,0.0119658224,0.6305581,0.507627,-0.07423171,LeftLittleDistal,0.598222733,0.507627,0.0185896
0.304166675,False,1.13509893,RightUpperArm,-0.449460059,1.71570218,0.499724567,0.6141833,1.48744214,0.175672531,-0.886789,1.44464588,-0.0510735847,0.02883823,0.0120525062,0.630618334,0.507655859,-0.07385332,LeftLittleDistal,0.5983914,0.507655859,0.0192594863
0.308333337,False,1.12895453,RightUpperArm,-0.438193172,1.70716846,0.5184777,0.6147083,1.4869349,0.175791278,-0.8666769,1.42762315,-0.0350228846,0.0296649076,0.0119639933,0.6308025,0.5077913,-0.0727937,LeftLittleDistal,0.5989965,0.5077913,0.0209510755
0.3125,False,1.12322581,RightUpperArm,-0.4269175,1.69753861,0.5372037,0.6154578,1.48632526,0.175985217,-0.845557153,1.40872824,-0.0190659184,0.0308391,0.0118429326,0.6310378,0.507981539,-0.0714463145,LeftLittleDistal,0.599812746,0.507981539,0.023051694
0.316666663,False,1.11722744,RightUpperArm,-0.415248,1.68714976,0.555397332,0.61618185,1.48578739,0.176183924,-0.8248832,1.39035177,-0.00336593762,0.0313019045,0.0118201142,0.631259739,0.508174658,-0.07020623,LeftLittleDistal,0.60058,0.508174658,0.0249519423
0.320833325,False,1.11031866,RightUpperArm,-0.402811617,1.67644882,0.57262665,0.616641641,1.48548913,0.176322669,-0.806449234,1.375003,0.011990007,0.03130947,0.0119817192,0.6313965,0.5083015,-0.0694692656,LeftLittleDistal,0.601048,0.5083015,0.0260595437
0.325,False,1.10187531,RightUpperArm,-0.389236361,1.66595161,0.5885292,0.616597056,1.48559988,0.176337883,-0.7921687,1.36539912,0.0269062445,0.0313067473,0.0123442924,0.631377,0.508290648,-0.06963152,LeftLittleDistal,0.6009644,0.508290648,0.0257862546
0.329166681,False,1.09125412,RightUpperArm,-0.374118268,1.6561923,0.602781355,0.615811944,1.486285,0.176160738,-0.7836697,1.36464572,0.0411992,0.0310878847,0.012810749,0.63112855,0.5080806,-0.0710896254,LeftLittleDistal,0.600084543,0.5080806,0.0235237554
0.333333343,True,1.07776737,RightUpperArm,-0.3569653,1.647635,0.6150381,0.6141019,1.48768294,0.175690308,-0.781677246,1.37647057,0.0545062125,0.0286763888,0.0130425654,0.6305581,0.50762707,-0.074231714,LeftLittleDistal,0.5982228,0.50762707,0.0185897816
0.3375,False,1.06131077,Head,-0.3380617,1.63970113,0.624150753,0.611724436,1.48981488,0.174905956,-0.7812698,1.40293992,0.06235256,0.0276831239,0.0127744954,0.62953335,0.5068668,-0.07928351,LeftLittleDistal,0.595766068,0.5068668,0.010686893
0.341666669,False,1.04197776,Head,-0.3178649,1.63139176,0.629971564,0.60861975,1.49267852,0.173789024,-0.7765589,1.442292,0.06256699,0.0269737914,0.01209687,0.6282366,0.506106257,-0.08594809,LeftLittleDistal,0.592745364,0.506106257,6.020954E-05
0.345833331,False,1.02021718,Head,-0.2959217,1.622304,0.633970261,0.605071962,1.49600351,0.17234084,-0.765100837,1.49282265,0.0584595725,0.0266848523,0.011092226,0.626677155,0.5055408,-0.0938251242,LeftLittleDistal,0.5894368,0.5055408,-0.0130965523
0.35,False,0.996717155,Head,-0.271917284,1.61195207,0.6377118,0.601344,1.49952769,0.170571,-0.744607,1.552431,0.0536500663,0.0268858336,0.0100771394,0.6248665,0.5053662,-0.102517664,LeftLittleDistal,0.586128235,0.5053662,-0.02854574
0.354166657,False,0.972414851,Head,-0.245668054,1.59984863,0.642839,0.5976762,1.503005,0.168515891,-0.7135879,1.6187402,0.0522453636,0.0275497213,0.0100679314,0.6228196,0.5057479,-0.111635916,LeftLittleDistal,0.583128452,0.5057479,-0.04590371
0.358333319,False,0.948344,Head,-0.217072442,1.5855515,0.6509942,0.598275959,1.49529874,0.175160334,-0.671823,1.68937886,0.0589395,0.0285271741,0.0109858951,0.6205571,0.5067974,-0.120802812,LeftLittleDistal,0.580709,0.5067974,-0.06463465
0.3625,False,0.9238494,RightUpperArm,-0.185988486,1.56864953,0.6637109,0.603218436,1.47484779,0.19269985,-0.620461,1.7622894,0.0790363848,0.029541906,0.0115111014,0.6181057,0.508544445,-0.129657418,LeftLittleDistal,0.5790432,0.508544445,-0.08407096
0.366666675,True,0.901283741,RightUpperArm,-0.152061164,1.54861975,0.682251,0.6001153,1.47724092,0.190877318,-0.5615991,1.835808,0.118417054,0.0301998574,0.0115602277,0.615497649,0.510898769,-0.137854084,LeftLittleDistal,0.5781861,0.510898769,-0.103416741
0.370833337,False,0.8800862,RightUpperArm,-0.112018958,1.52324116,0.7081411,0.597148657,1.4795996,0.188787192,-0.489883035,1.91672313,0.1880477,0.0303548481,0.0115761654,0.613004565,0.5132957,-0.14606221,LeftLittleDistal,0.5795671,0.5132957,-0.1233453
0.375,False,0.860164046,Head,-0.07920337,1.53447413,0.719163358,0.5939614,1.48236716,0.186231613,-0.3905562,1.99897444,0.292351544,0.0303119179,0.012273619,0.610716164,0.515756965,-0.1548818,LeftLittleDistal,0.5838586,0.515756965,-0.144769251
0.379166663,False,0.843180239,Head,-0.0471952222,1.55740952,0.729766,0.590906739,1.4850769,0.183371633,-0.26070106,2.05953526,0.426148355,0.03008819,0.0133622279,0.60839045,0.5189211,-0.16388616,LeftLittleDistal,0.589975834,0.5189211,-0.16701299
0.383333325,False,0.8342154,Head,0.00288134441,1.58306217,0.766939461,0.5882993,1.48727965,0.180401385,-0.111148238,2.078814,0.5801688,0.0299230553,0.0145674655,0.605783165,0.5233205,-0.172654927,LeftLittleDistal,0.596744657,0.5233205,-0.18937093
0.3875,False,0.83965987,Head,0.0572486334,1.585438,0.8222375,0.5864221,1.48853827,0.17755571,0.0377742648,2.04885268,0.7410512,0.0299475025,0.0156259947,0.6026449,0.529331863,-0.18077594,LeftLittleDistal,0.6029186,0.529331863,-0.211089417
0.391666681,False,0.867359638,RightUpperArm,0.06835125,1.23319542,0.8981093,0.6120095,1.14702559,0.227793545,0.156785369,1.98168874,0.891460538,0.0301659647,0.0159944519,0.5987252,0.5369617,-0.187846467,LeftLittleDistal,0.6135117,0.5369617,-0.21338968
0.395833343,False,0.8818524,RightUpperArm,0.06960672,1.17767775,0.931340456,0.613217533,1.06513309,0.246151015,0.219873309,1.911755,1.012931,0.0305387825,0.0158210676,0.5937701,0.545670867,-0.193478808,LeftLittleDistal,0.614409566,0.545670867,-0.23154223
0.4,True,0.891358435,RightLowerArm,0.06611648,1.13092208,0.9587294,0.567766666,0.9393667,0.247270733,0.262235522,1.84488773,1.09978449,0.0309910625,0.0155797768,0.587524652,0.556447864,-0.197305471,LeftLittleDistal,0.6111769,0.556447864,-0.24693267
0.404166669,False,0.896443367,RightLowerArm,0.06149485,1.09293675,0.981187165,0.5697283,0.894580066,0.269875646,0.293853879,1.78969908,1.15041435,0.03132195,0.0149502242,0.579256058,0.5688448,-0.199084565,RightLittleIntermediate,0.515423,0.5688448,-0.0251172371
0.408333331,False,0.9010571,RightLowerArm,0.0578106456,1.05968153,0.9998933,0.5701222,0.88602066,0.2792805,0.3246349,1.74255681,1.17480147,0.03143605,0.0111612445,0.56886977,0.562539935,-0.199148253,RightLittleDistal,0.5331464,0.562539935,-0.0283666924
0.4125,False,0.905318558,RightLowerArm,0.05510909,1.03041935,1.01579714,0.571292937,0.877593637,0.2879234,0.3578111,1.7005744,1.18123615,0.031404838,0.009905806,0.5570777,0.5545995,-0.198004782,RightLittleDistal,0.5202927,0.5545995,-0.0161703471
0.416666657,False,0.9091279,RightLowerArm,0.05303049,1.0043391,1.02932537,0.573035359,0.869931459,0.295811236,0.393726945,1.66024029,1.17706144,0.0313047841,0.0103007006,0.5446112,0.5446112,-0.196131647,Hips,0.9747768,0.5446112,0.005814405
0.420833319,False,0.9124492,RightLowerArm,0.06141577,0.997324765,1.04506826,0.5751762,0.8634791,0.3029772,0.430627,1.61935973,1.16889989,0.0312021561,0.0119646993,0.5322147,0.5322147,-0.193953261,Hips,0.9764781,0.5322147,0.008995307
0.425,False,0.9126294,RightLowerArm,0.09174181,1.02030289,1.06513786,0.577518046,0.8583714,0.309696257,0.465674877,1.57769132,1.16213846,0.0310180783,0.0132275335,0.5205059,0.5205059,-0.191829637,Hips,0.9778512,0.5205059,0.0119850244
0.429166675,False,0.9106794,RightLowerArm,0.121191971,1.03628731,1.08145237,0.5798696,0.8548467,0.315925717,0.495710373,1.53703773,1.160917,0.0309155472,0.0136685483,0.5103615,0.5103615,-0.190057561,Hips,0.978987932,0.5103615,0.0145830754
0.433333337,True,0.9088006,RightLowerArm,0.1430779,1.04154706,1.0949564,0.5820471,0.8529804,0.321867,0.5177671,1.50035036,1.167929,0.03098852,0.01269123,0.50259465,0.50259465,-0.188888177,Hips,0.979989231,0.50259465,0.0167579427
0.4375,False,0.90725553,RightLowerArm,0.165101975,1.05048347,1.10749555,0.5841604,0.8523291,0.327599764,0.5315715,1.47242355,1.17793739,0.031148009,0.0112894811,0.497264743,0.497264743,-0.188106239,Hips,0.9808876,0.497264743,0.0184754264
0.441666663,False,0.90540874,RightLowerArm,0.174679443,1.051138,1.1145308,0.5863531,0.8522751,0.3330301,0.539620042,1.4549,1.18430316,0.03126252,0.0107318843,0.4936816,0.4936816,-0.187323421,Hips,0.981605232,0.4936816,0.01967345
0.445833325,False,0.903367,RightLowerArm,0.180563062,1.0532378,1.11890447,0.5885693,0.8526173,0.338293016,0.5432941,1.44598639,1.18759215,0.031335257,0.0102809388,0.491494656,0.490743965,-0.186528251,RightLittleDistal,0.455616027,0.490743965,0.108300015
0.45,False,0.9012342,RightLowerArm,0.183677852,1.05667436,1.12134612,0.590766668,0.8532258,0.343457639,0.5437764,1.443508,1.18857777,0.0313785076,0.0104993358,0.490349621,0.4795035,-0.185719416,RightLittleDistal,0.461942673,0.4795035,0.131233573
0.454166681,False,0.899105966,RightLowerArm,0.184989125,1.06096,1.12262118,0.592913151,0.8540173,0.3485642,0.5421747,1.44504988,1.18815,0.0314069353,0.0105606336,0.489889741,0.46840328,-0.184895724,RightLittleDistal,0.470718056,0.46840328,0.154728323
0.458333343,False,0.897035837,RightLowerArm,0.185542867,1.065463,1.12352407,0.5949752,0.854945958,0.353640258,0.5396023,1.44807088,1.187254,0.0314403623,0.0104389237,0.489758223,0.4580533,-0.184053168,RightLittleDistal,0.4811558,0.4580533,0.17847757
0.4625,False,0.894997239,RightLowerArm,0.186509252,1.06954348,1.12486446,0.5969139,0.8559941,0.3587152,0.537235856,1.44995928,1.18684018,0.03149783,0.0101679284,0.489596575,0.448978364,-0.183177918,RightLittleDistal,0.492299616,0.448978364,0.2021679
0.466666669,True,0.8928527,RightLowerArm,0.189162523,1.07257509,1.12743044,0.598636568,0.857177734,0.3638068,0.536298156,1.44805849,1.18781865,0.0316022448,0.010000403,0.489048541,0.441563576,-0.182249144,RightLittleDistal,0.50299567,0.441563576,0.225514829
0.470833331,False,0.8905816,RightLowerArm,0.19284445,1.07489169,1.13089728,0.6001917,0.8586105,0.369040161,0.535950661,1.44389749,1.18975925,0.03173389,0.01003498,0.488384366,0.435431242,-0.181198329,RightLittleDistal,0.5140096,0.435431242,0.249132484
0.475,False,0.8882991,RightLowerArm,0.195915535,1.077294,1.13423622,0.6016329,0.860307932,0.3743772,0.5345155,1.44071233,1.19148052,0.0317416526,0.0100295534,0.488059938,0.430161923,-0.1800211,RightLittleDistal,0.5267475,0.430161923,0.273383617
0.479166657,False,0.8860581,RightLowerArm,0.201622471,1.08302855,1.138161,0.6030082,0.8621656,0.379736274,0.5322213,1.43833482,1.193039,0.0317477845,0.01002094,0.48799625,0.4260221,-0.178786814,RightLittleDistal,0.5409039,0.4260221,0.297579616
0.483333319,False,0.883950949,RightLowerArm,0.203648329,1.08546722,1.14119482,0.6043574,0.8640702,0.3850303,0.5292901,1.43658042,1.19446909,0.03175041,0.0100188162,0.488113523,0.42294845,-0.177561492,RightLittleDistal,0.5564438,0.42294845,0.32166633
0.4875,False,0.881961048,RightLowerArm,0.205309346,1.08781314,1.14402974,0.6056901,0.86592865,0.390161157,0.525988936,1.43522334,1.19574749,0.0317495,0.0100149233,0.4883329,0.4211313,-0.176411,RightLittleDistal,0.572679758,0.4211313,0.34467274
0.491666675,False,0.8802218,RightLowerArm,0.206689388,1.09003675,1.1467464,0.607051,0.867641032,0.395054221,0.5225313,1.4340775,1.1969893,0.03174546,0.0100072362,0.488576621,0.420447975,-0.175397083,RightLittleDistal,0.589242339,0.420447975,0.366276324
0.495833337,False,0.878729165,RightLowerArm,0.207927525,1.09205592,1.14934528,0.6084278,0.8691256,0.3996343,0.5191952,1.43291271,1.19822633,0.0317372531,0.00999977253,0.488766581,0.42071414,-0.174581736,RightLittleDistal,0.6055889,0.42071414,0.3860889
0.5,True,0.8774562,RightLowerArm,0.2092024,1.09381926,1.15181088,0.609831631,0.8703072,0.403835,0.516258359,1.4314847,1.199458,0.0317257158,0.010001827,0.48882553,0.421693563,-0.174022615,RightLittleDistal,0.621144,0.421693563,0.403737128
0.504166663,False,0.8763763,RightLowerArm,0.210418016,1.09530652,1.1542294,0.6112231,0.8712645,0.407773823,0.5135875,1.42995214,1.20078039,0.03171803,0.010006669,0.488826632,0.423023164,-0.17365557,RightLittleIntermediate,0.6190301,0.423023164,0.411501169
0.5083333,False,0.8754771,RightLowerArm,0.20904322,1.09424329,1.15604293,0.6081347,0.872207344,0.4091252,0.510728,1.42862535,1.20211208,0.03171911,0.0100033823,0.48887518,0.422968864,-0.173397,RightRingDistal,0.5930357,0.422968864,0.394947767
0.5125,False,0.8746225,RightLowerArm,0.203275934,1.08863354,1.15687513,0.597108,0.872881651,0.406333983,0.507743239,1.42746258,1.20347559,0.0317254476,0.0100020654,0.48894456,0.422974527,-0.173276126,RightRingDistal,0.606004238,0.422974527,0.410830438
0.516666651,False,0.8739239,RightLowerArm,0.2034608,1.08939052,1.15898621,0.598353863,0.8731158,0.4099684,0.5046886,1.42641628,1.20485985,0.031733457,0.0100027388,0.489008516,0.423432,-0.1733214,RightRingDistal,0.6186333,0.423432,0.425427467
0.5208333,False,0.873435855,RightLowerArm,0.203497365,1.09002185,1.16102064,0.599698246,0.8732096,0.413419455,0.501621366,1.42543709,1.20625389,0.03174026,0.0100036748,0.4890404,0.4242309,-0.173558936,RightRingDistal,0.630745649,0.4242309,0.438636
0.525,False,0.8731517,RightLowerArm,0.2034375,1.09051824,1.162974,0.6011313,0.873151064,0.416659653,0.49861145,1.42446768,1.20764136,0.03174344,0.0100026745,0.489014447,0.4252177,-0.174015239,RightRingDistal,0.642157853,0.4252177,0.450407684
0.529166639,False,0.87305,RightLowerArm,0.203372613,1.0909102,1.1648469,0.60268414,0.8729427,0.419691384,0.495735049,1.42344892,1.20900166,0.0317388028,0.0100005865,0.488904029,0.426263481,-0.17471613,RightRingDistal,0.6526957,0.426263481,0.460660368
0.533333361,True,0.8731073,RightLowerArm,0.203352481,1.09119821,1.16660464,0.6043277,0.872571,0.422469318,0.493051767,1.42231667,1.21028042,0.03172542,0.0100014759,0.488683641,0.427209556,-0.175685734,RightRingDistal,0.662176132,0.427209556,0.469347954
0.5375,False,0.873322,RightLowerArm,0.20344834,1.09130788,1.16831434,0.6060657,0.872023046,0.4250077,0.490706563,1.42101693,1.211573,0.03171047,0.0100033358,0.4883393,0.4278996,-0.17694895,RightRingDistal,0.670382738,0.4278996,0.476368785
0.5416667,False,0.873652041,RightLowerArm,0.201912984,1.0894227,1.16953254,0.6076118,0.867940068,0.428167671,0.4886018,1.41957486,1.212819,0.0317047052,0.0100060618,0.487891525,0.428249538,-0.178490847,RightRingDistal,0.677252,0.428249538,0.4817751
0.545833349,False,0.8740877,RightLowerArm,0.201315269,1.08836925,1.170858,0.6093174,0.865571439,0.430638641,0.486698031,1.41803467,1.21403277,0.03170452,0.010008635,0.4873648,0.428268552,-0.180272877,RightRingDistal,0.6829775,0.428268552,0.4858427
0.55,False,0.874624133,RightLowerArm,0.201473638,1.08801532,1.17226529,0.611118257,0.8646651,0.4324861,0.484930873,1.41644609,1.21520245,0.0317094363,0.0100098774,0.486783832,0.4279893,-0.1822585,RightRingDistal,0.6877561,0.4279893,0.488813221
0.5541667,False,0.875254631,RightLowerArm,0.2021713,1.08819461,1.17372251,0.6129719,0.8648813,0.43382746,0.483225226,1.41486228,1.21632063,0.0317180641,0.01000995,0.486173451,0.427466333,-0.184412643,RightRingDistal,0.691794157,0.427466333,0.4909144
0.558333337,False,0.875974238,RightLowerArm,0.203231633,1.08878863,1.17520857,0.6148582,0.8659612,0.4347746,0.48150456,1.4133383,1.21738374,0.0317256749,0.0100092348,0.485557616,0.4267651,-0.186697856,RightRingDistal,0.695305645,0.4267651,0.492361635
0.5625,False,0.876783669,RightLowerArm,0.203811064,1.088944,1.1765554,0.616707146,0.866254866,0.4358287,0.4796859,1.41193259,1.21839178,0.0317292549,0.0100072687,0.484960437,0.42595163,-0.189081371,RightRingDistal,0.6985052,0.42595163,0.493375659
0.566666663,True,0.877680838,RightLowerArm,0.203551576,1.0883708,1.17768431,0.618523657,0.8651422,0.437217653,0.477656841,1.41070724,1.21932459,0.0317255445,0.0100065134,0.484406263,0.4251184,-0.191527948,RightRingDistal,0.70160234,0.4251184,0.494125962
0.5708333,False,0.87870127,RightLowerArm,0.203215,1.0877794,1.17879415,0.620421231,0.864014745,0.438534558,0.475524545,1.40964293,1.22022188,0.031718675,0.0100072166,0.483887047,0.424178,-0.194096223,RightRingDistal,0.704422951,0.424178,0.494409561
0.575,False,0.87983954,RightLowerArm,0.202799112,1.08714962,1.17977858,0.6223769,0.8628288,0.4396757,0.473311067,1.40867138,1.22098148,0.031715814,0.0100079356,0.483376056,0.4230158,-0.196843088,RightRingDistal,0.7066516,0.4230158,0.4938778
0.579166651,False,0.881101251,RightLowerArm,0.202271134,1.08642709,1.1806761,0.62434864,0.8615708,0.4406561,0.471046329,1.40778136,1.221676,0.0317166224,0.0100092087,0.482870817,0.4216546,-0.19973278,RightRingDistal,0.708394945,0.4216546,0.4926738
0.5833333,False,0.8824767,RightLowerArm,0.201606214,1.085589,1.18150675,0.6263151,0.8602445,0.4415018,0.46873486,1.40695608,1.22235143,0.03171985,0.0100101046,0.4823689,0.42014268,-0.202730775,RightRingDistal,0.7097518,0.42014268,0.490899682
0.5875,False,0.883954167,RightLowerArm,0.200766057,1.08459473,1.18228555,0.6282214,0.858838856,0.4422239,0.4663869,1.40618181,1.22304952,0.03172352,0.0100109838,0.4818668,0.418505549,-0.205801457,RightRingDistal,0.7108165,0.418505549,0.488687783
0.591666639,False,0.8855205,RightLowerArm,0.199722528,1.08340919,1.18302989,0.630019,0.8573453,0.442836285,0.464015961,1.40544212,1.2238102,0.0317269377,0.01001101,0.4813621,0.4167679,-0.2089107,RightRingDistal,0.7116811,0.4167679,0.48617208
0.595833361,False,0.887152731,RightLowerArm,0.198470473,1.08202624,1.18376124,0.6316918,0.8557711,0.443377674,0.461635232,1.40472412,1.22467124,0.03172803,0.010010384,0.480851442,0.41497308,-0.212024033,RightRingDistal,0.712436557,0.41497308,0.483461529
0.6,True,0.8888227,RightLowerArm,0.196978077,1.08042908,1.18447089,0.6331824,0.8541113,0.443855017,0.459237218,1.40400982,1.225639,0.03172537,0.0100075072,0.4803325,0.413138151,-0.215106323,RightRingDistal,0.7131559,0.413138151,0.48069033
0.6333333,True,0.903576,RightLowerArm,0.179664135,1.06076574,1.18948042,0.6409522,0.8376148,0.445258319,0.44103992,1.39865208,1.23612845,0.0317259356,0.01000216,0.476043642,0.395981669,-0.240444884,RightRingDistal,0.71449,0.395981669,0.4499036
0.6375,False,0.905300856,RightLowerArm,0.17680721,1.05737042,1.19015527,0.6411889,0.8352332,0.445457846,0.4389454,1.39783585,1.238058,0.0317271426,0.0100020021,0.4754301,0.3938015,-0.243336782,RightRingDistal,0.714902,0.3938015,0.4465638
0.641666651,False,0.9069209,RightLowerArm,0.1741328,1.05404162,1.190802,0.641371846,0.8328643,0.445635021,0.43686974,1.39687777,1.23982179,0.0317318551,0.0100165233,0.474763274,0.3916726,-0.246166542,RightRingDistal,0.7153815,0.3916726,0.443377435
0.6458333,False,0.908482254,RightLowerArm,0.171438679,1.05060089,1.19145346,0.641439438,0.8304465,0.4458186,0.434851646,1.39584339,1.24163294,0.0317374431,0.01002492,0.474068463,0.3895364,-0.248936415,RightRingDistal,0.7159037,0.3895364,0.44034183
0.65,False,0.9100238,RightLowerArm,0.168523788,1.04688692,1.19211876,0.64132303,0.8279186,0.44602415,0.432914019,1.39479136,1.24367356,0.03174097,0.0100225471,0.473371774,0.3873358,-0.2516487,RightRingDistal,0.71643436,0.3873358,0.437439471
0.654166639,False,0.911574066,RightLowerArm,0.165198192,1.04273534,1.19279957,0.640946269,0.8252142,0.44626376,0.431089044,1.39376986,1.24612033,0.031741295,0.010018982,0.4726994,0.3850053,-0.2543081,RightRingDistal,0.7169378,0.3850053,0.434666336
0.658333361,False,0.9131555,RightLowerArm,0.161304355,1.038011,1.19350016,0.6402575,0.8222838,0.446560651,0.42942,1.39281976,1.24914908,0.0317391828,0.0100360513,0.472078383,0.3825096,-0.25691846,RightRingDistal,0.717376,0.3825096,0.431987
0.6625,False,0.914785445,RightLowerArm,0.156668335,1.03255939,1.19420934,0.6391807,0.819060862,0.446925819,0.427948475,1.39197266,1.25293565,0.0317332745,0.0100614438,0.471535355,0.37975356,-0.2594857,RightRingIntermediate,0.70664084,0.37975356,0.470722079
0.6666667,True,0.916469932,RightLowerArm,0.151101813,1.02625215,1.194871,0.637639,0.8154839,0.447358072,0.426682472,1.39125359,1.25762367,0.030996209,0.0100757154,0.471097231,0.376449,-0.262015462,RightRingIntermediate,0.706852,0.376449,0.468207181
0.670833349,False,0.9181227,RightLowerArm,0.14452976,1.0190419,1.19553363,0.6355367,0.811622739,0.447978377,0.425744653,1.39073324,1.26346552,0.0300154872,0.0100663174,0.470858037,0.372944623,-0.264594436,RightRingIntermediate,0.7067959,0.372944623,0.465948552
0.675,False,0.9196392,RightLowerArm,0.137008846,1.01112282,1.19605076,0.632854462,0.807561338,0.4487649,0.425028324,1.39037335,1.2702682,0.0289786868,0.0100398045,0.4708336,0.36932683,-0.267258137,RightRingIntermediate,0.7064038,0.36932683,0.4639973
0.6791667,False,0.9210495,RightLowerArm,0.1287441,1.00261426,1.19636559,0.62974906,0.8032626,0.4496494,0.424486637,1.39003634,1.27784467,0.0261794627,0.0100089479,0.4709306,0.3655465,-0.269937366,RightRingIntermediate,0.7057994,0.3655465,0.462250322
0.683333337,False,0.922328234,RightLowerArm,0.117361233,0.9904989,1.19540763,0.6263659,0.798693836,0.450548947,0.424054027,1.38959432,1.28597558,0.0227848552,0.0100019472,0.471055478,0.361558139,-0.272564262,RightRingIntermediate,0.705094457,0.361558139,0.460593879
0.6875,False,0.923511446,RightLowerArm,0.108319968,0.9814031,1.19505811,0.622848749,0.7941092,0.451381683,0.423671126,1.38892877,1.294439,0.0189215168,0.0100285625,0.471395284,0.357605368,-0.2750702,RightRingIntermediate,0.704403639,0.357605368,0.4589102
0.691666663,False,0.924160242,RightLowerArm,0.1003426,0.973507643,1.194809,0.6193439,0.791739762,0.452063859,0.4233278,1.38791811,1.30296147,0.0165821854,0.0100478753,0.474112421,0.355907828,-0.277387619,RightRingIntermediate,0.7038447,0.355907828,0.457082838
0.6958333,False,0.923912644,RightLowerArm,0.09484172,0.968342841,1.19526613,0.6159966,0.7941883,0.45251286,0.422993541,1.38646924,1.31133664,0.01812238,0.0100574568,0.481734216,0.359057218,-0.279448569,RightRingIntermediate,0.7035355,0.359057218,0.454997182
0.7,True,0.9236352,RightLowerArm,0.0903478,0.9639291,1.19586086,0.6129442,0.797787666,0.452630043,0.422637343,1.38449872,1.31931484,0.0196332242,0.0100527732,0.490514666,0.363374382,-0.281182647,RightRingIntermediate,0.703584,0.363374382,0.452522576
0.704166651,False,0.9234198,RightLowerArm,0.08629184,0.9597408,1.19651949,0.6099942,0.8020694,0.452490151,0.422429323,1.3821696,1.327369,0.0205766521,0.0100270361,0.5001585,0.368390262,-0.282703251,RightMiddleIntermediate,0.659184337,0.368390262,0.4459823
0.7083333,False,0.922806144,RightLowerArm,0.08207889,0.9554999,1.19700634,0.6065321,0.807038069,0.452372819,0.422299743,1.37963009,1.33577216,0.0213372335,0.0100065731,0.51055485,0.373847276,-0.284127325,RightMiddleIntermediate,0.658734262,0.373847276,0.443148
0.7125,False,0.9219132,RightLowerArm,0.07795983,0.9513348,1.19741035,0.602766752,0.812664151,0.4522445,0.422212839,1.37679315,1.34431458,0.0220880862,0.0100032343,0.521576643,0.379996,-0.2853948,RightMiddleIntermediate,0.657754362,0.379996,0.44036594
0.716666639,False,0.921184063,RightLowerArm,0.07424643,0.9474319,1.19783962,0.599167943,0.8188989,0.45183906,0.422132134,1.3735683,1.35274208,0.0230185334,0.0100001562,0.533293,0.38677752,-0.2864454,RightMiddleIntermediate,0.657085359,0.38677752,0.437344849
0.720833361,False,0.9206376,RightLowerArm,0.07145907,0.9441848,1.19853783,0.595910549,0.826274037,0.451128066,0.422046781,1.36987281,1.360804,0.0246476289,0.0100007439,0.546106458,0.3947106,-0.287219316,RightMiddleIntermediate,0.6568678,0.3947106,0.434069932
0.725,False,0.920394659,RightLowerArm,0.069867976,0.9416605,1.1996491,0.5931606,0.8347293,0.450077951,0.421969771,1.36562729,1.36825335,0.0258447174,0.0100036589,0.5598324,0.403720319,-0.2876549,RightMiddleIntermediate,0.6572383,0.403720319,0.4305352
0.7291667,False,0.920641661,RightLowerArm,0.06954068,0.939685047,1.20122266,0.591088,0.8437247,0.448653042,0.421924233,1.360763,1.3748554,0.0266647916,0.0100089768,0.5738079,0.4132495,-0.2876889,RightMiddleIntermediate,0.658335149,0.4132495,0.426729649
0.733333349,True,0.921488464,RightLowerArm,0.070786126,0.93839246,1.20341909,0.589848757,0.8532959,0.446799248,0.42190516,1.35521579,1.38035429,0.02753465,0.0100092953,0.587948561,0.4233156,-0.287256122,RightMiddleIntermediate,0.6602831,0.4233156,0.4226187
0.7375,False,0.9230856,RightLowerArm,0.07354714,0.9375087,1.20629358,0.5894511,0.8631381,0.444454283,0.4219873,1.34893513,1.38482881,0.0281135924,0.0100041935,0.601944864,0.4336034,-0.28625533,RightMiddleIntermediate,0.6630599,0.4336034,0.418147445
0.7416667,False,0.92549324,RightLowerArm,0.07720928,0.936605036,1.20951951,0.589693,0.8726311,0.441531539,0.422065377,1.34199393,1.38841474,0.0280763656,0.009999815,0.614863753,0.443494976,-0.284699976,RightMiddleIntermediate,0.66644454,0.443494976,0.413224548
0.745833337,False,0.9287174,RightLowerArm,0.08140959,0.9354168,1.21293557,0.5905323,0.881291449,0.438093364,0.422171474,1.33451271,1.39130366,0.02745682,0.0100012217,0.6253923,0.452512264,-0.282691866,RightMiddleIntermediate,0.670386851,0.452512264,0.407906443
0.75,False,0.932060659,RightLowerArm,0.08581072,0.933747768,1.216372,0.5913822,0.888989747,0.434623182,0.422306418,1.32660377,1.39365113,0.0263023116,0.0100063179,0.6343175,0.4604841,-0.280334949,RightMiddleIntermediate,0.673719,0.4604841,0.402811646
0.754166663,False,0.9353394,RightLowerArm,0.0900826752,0.9314119,1.21965861,0.592112362,0.8953657,0.431288958,0.422471881,1.31837928,1.39560711,0.0246757921,0.0100122774,0.6413017,0.467040777,-0.277734,RightMiddleIntermediate,0.676245868,0.467040777,0.398116738
0.7583333,False,0.9390506,RightLowerArm,0.09391932,0.928236544,1.22263563,0.593154,0.899824739,0.427793741,0.4226812,1.30993867,1.39731562,0.0226708762,0.0100157559,0.6461044,0.471634716,-0.274997473,RightMiddleIntermediate,0.678940058,0.471634716,0.3933774
0.7625,False,0.9431055,RightLowerArm,0.0971166939,0.9241495,1.22519922,0.5944825,0.902199268,0.424203873,0.422964931,1.3013792,1.39891016,0.0204490684,0.01002445,0.64863956,0.4741127,-0.2722377,RightMiddleIntermediate,0.681832433,0.4741127,0.388629436
0.766666651,True,0.9473878,RightLowerArm,0.09982759,0.9194862,1.227439,0.596063256,0.9031639,0.420576334,0.423339725,1.29278851,1.4004842,0.01891955,0.0100331958,0.6496681,0.4751673,-0.269568235,RightMiddleIntermediate,0.6849539,0.4751673,0.3838937
0.7708333,False,0.952133656,RightLowerArm,0.102551758,0.914455533,1.22965288,0.5980893,0.9032485,0.416710436,0.423893332,1.28398025,1.40199244,0.0184014291,0.0100195389,0.6496945,0.475320071,-0.266889155,RightMiddleIntermediate,0.6885572,0.475320071,0.378928453
0.775,False,0.957524836,RightLowerArm,0.104656078,0.908274651,1.23138094,0.600622,0.9006992,0.412348449,0.42445004,1.27479172,1.40315807,0.0157948714,0.0100053782,0.646872,0.4727915,-0.264044762,RightMiddleIntermediate,0.6926513,0.4727915,0.37350136
0.779166639,False,0.9634054,RightLowerArm,0.105863914,0.9008034,1.23251092,0.6035485,0.895233035,0.4076298,0.424986959,1.26536381,1.40410268,0.012936987,0.0100009013,0.6409081,0.4672924,-0.261070937,RightMiddleIntermediate,0.6970381,0.4672924,0.3678137
0.783333361,False,0.969596267,RightLowerArm,0.10630995,0.892365932,1.23315537,0.606734753,0.887544155,0.402692437,0.425467134,1.25583172,1.40490711,0.0106415339,0.0100092376,0.632503569,0.459512353,-0.2580032,RightMiddleIntermediate,0.701527536,0.459512353,0.362072647
0.7875,False,0.9758888,RightLowerArm,0.107171662,0.884383738,1.23403871,0.6111017,0.8793751,0.398342341,0.425861835,1.24632573,1.40563917,0.0101745175,0.010019551,0.6233272,0.451116741,-0.254877478,RightMiddleIntermediate,0.7059597,0.451116741,0.356477767
0.7916667,False,0.9820625,RightLowerArm,0.108273238,0.8768115,1.23507333,0.615991652,0.8712709,0.3944556,0.426158071,1.23697221,1.40636051,0.0121295135,0.0100228461,0.614019454,0.442718953,-0.2517316,RightMiddleIntermediate,0.7101873,0.442718953,0.351263255
0.795833349,False,0.987876832,RightLowerArm,0.107884906,0.86794275,1.23523629,0.619378448,0.8618462,0.390110373,0.4263562,1.227893,1.407127,0.014748903,0.0100207841,0.6033703,0.4330775,-0.24860175,RightMiddleIntermediate,0.714081466,0.4330775,0.346672028
0.8,True,0.9930421,RightLowerArm,0.104920432,0.856799364,1.23386669,0.619747639,0.85058,0.384721875,0.426433444,1.219206,1.40795434,0.0168531947,0.010024773,0.5909571,0.421746939,-0.2455262,RightMiddleIntermediate,0.71752733,0.421746939,0.342927426
0.8041667,False,0.997768164,RightLowerArm,0.102862932,0.84681195,1.23304379,0.622739732,0.8380642,0.3814612,0.426551223,1.210796,1.40886319,0.0186444391,0.0100316135,0.577069461,0.4089957,-0.242501616,RightMiddleIntermediate,0.720845,0.4089957,0.339870483
0.808333337,False,1.00239551,RightLowerArm,0.100288481,0.83638674,1.23184717,0.625802457,0.824196756,0.378334939,0.426625848,1.20250058,1.40966475,0.0201955959,0.0100272754,0.561791658,0.394885778,-0.239490479,RightMiddleIntermediate,0.724268,0.394885778,0.337162971
0.8125,False,1.00681031,RightLowerArm,0.09722491,0.82559216,1.2303226,0.6288781,0.80916214,0.3754882,0.42665422,1.19436765,1.4104265,0.0218051951,0.0100159571,0.545305967,0.379608423,-0.236474022,RightMiddleIntermediate,0.7277001,0.379608423,0.334891081
0.816666663,False,1.01087558,RightLowerArm,0.09364811,0.8144728,1.2284683,0.6318966,0.79304117,0.373074442,0.426600933,1.18644381,1.41117883,0.02304233,0.0100027872,0.5276932,0.3632542,-0.23343569,RightMiddleIntermediate,0.7310404,0.3632542,0.3331295
0.8208333,False,1.01442289,RightLowerArm,0.08970401,0.803249538,1.22637832,0.6347946,0.776272058,0.37127468,0.426436782,1.17878115,1.41194642,0.0237050876,0.01000153,0.5093912,0.3462738,-0.230357423,RightMiddleIntermediate,0.7341915,0.3462738,0.331954271
0.825,False,1.01726544,RightLowerArm,0.0856068,0.7922106,1.22418916,0.6374881,0.759486,0.370265782,0.426132441,1.171427,1.41275525,0.0236971267,0.0100152539,0.491035283,0.329306483,-0.22722353,RightMiddleIntermediate,0.737053156,0.329306483,0.331453919
0.829166651,False,1.01918936,RightLowerArm,0.08167105,0.7817458,1.22209263,0.639909267,0.7434947,0.3702395,0.4256643,1.16443348,1.413623,0.0224098358,0.0100338226,0.473434776,0.313171923,-0.224015161,RightMiddleIntermediate,0.739529133,0.313171923,0.331715584
0.8333333,True,1.01996446,RightLowerArm,0.07832793,0.7724002,1.22034228,0.641973257,0.729460955,0.371350139,0.4249754,1.15785146,1.41453743,0.0204034,0.0100495359,0.457744867,0.299034625,-0.220715925,RightMiddleIntermediate,0.7415076,0.299034625,0.332815945
0.8375,False,1.01946151,RightLowerArm,0.07606513,0.7646007,1.21924925,0.6437614,0.718292236,0.3737445,0.4241761,1.15174115,1.41557658,0.0185063537,0.010041479,0.444878072,0.287821472,-0.21733062,RightMiddleIntermediate,0.743101358,0.287821472,0.3348805
0.841666639,False,1.01780117,RightLowerArm,0.07480798,0.7583192,1.21870959,0.6453228,0.709807038,0.3772354,0.4232,1.14608085,1.416597,0.0165234022,0.0100213392,0.4346522,0.279346377,-0.213875785,RightMiddleIntermediate,0.744423747,0.279346377,0.337827533
0.845833361,False,1.01515388,RightLowerArm,0.07460025,0.7535018,1.21877933,0.646721363,0.70399636,0.3816628,0.422106862,1.14080226,1.41762769,0.0147012789,0.0100233052,0.427019745,0.273583829,-0.210353062,RightMiddleIntermediate,0.7455045,0.273583829,0.341550022
0.85,False,1.01170826,RightLowerArm,0.07535565,0.7500001,1.21942461,0.6480048,0.7006078,0.386846125,0.420915723,1.135839,1.41866291,0.0131122526,0.0100254938,0.421690375,0.270265579,-0.20676744,RightMiddleIntermediate,0.746358037,0.270265579,0.3459208
0.8541667,False,1.00765526,RightLowerArm,0.07696353,0.7476405,1.220596,0.6492289,0.699319243,0.3926186,0.419647574,1.13112485,1.41969788,0.0118064312,0.0100168474,0.41830343,0.269058943,-0.203119189,RightMiddleIntermediate,0.7470045,0.269058943,0.350809485
0.858333349,False,1.00318444,RightLowerArm,0.07925737,0.746195,1.22220945,0.650407553,0.699744344,0.3987965,0.4183153,1.12659454,1.42073119,0.0108186677,0.0100034522,0.41644907,0.269557446,-0.199412584,RightMiddleIntermediate,0.747454464,0.269557446,0.3560991
0.8625,False,0.9984566,RightLowerArm,0.08218021,0.745550632,1.22424757,0.6515846,0.7016905,0.405241817,0.416933537,1.1221844,1.42175722,0.0103939995,0.01000211,0.4159101,0.2715641,-0.195650116,RightMiddleIntermediate,0.7477333,0.2715641,0.3616547
0.8666667,True,0.9936011,RightLowerArm,0.08580193,0.7457698,1.22676349,0.6527761,0.705356359,0.411809385,0.415476561,1.11783576,1.42274022,0.01119397,0.0100258319,0.416872829,0.275273621,-0.191834867,RightMiddleIntermediate,0.7478572,0.275273621,0.367331475
0.870833337,False,0.988363743,RightLowerArm,0.0902892947,0.746965051,1.22987843,0.6539435,0.710978866,0.4187916,0.4140221,1.11362278,1.42375267,0.0126359966,0.0100388443,0.41947785,0.280915976,-0.187932,RightMiddleIntermediate,0.7476776,0.280915976,0.3734341
0.875,False,0.9826107,RightLowerArm,0.09545944,0.749148369,1.233427,0.655019939,0.7183546,0.4262916,0.412431359,1.10964966,1.42467582,0.0136846723,0.0100221438,0.423454583,0.288287371,-0.183924347,RightMiddleIntermediate,0.7470809,0.288287371,0.38011393
0.879166663,False,0.9766467,RightLowerArm,0.101091549,0.752046168,1.23730731,0.656088352,0.7270038,0.434069932,0.410753131,1.10589135,1.42556894,0.0143340649,0.0100129219,0.428369,0.296917349,-0.179841563,RightMiddleIntermediate,0.7462539,0.296917349,0.387160242
0.8833333,False,0.9707185,RightLowerArm,0.10955891,0.7581999,1.24309528,0.6572089,0.736436844,0.441908449,0.409006357,1.10232043,1.42645812,0.0145889344,0.0100202756,0.433791846,0.306327879,-0.175714508,RightMiddleIntermediate,0.745365,0.306327879,0.3943561
0.8875,False,0.9650301,RightLowerArm,0.115388632,0.7617745,1.247199,0.6584357,0.7461567,0.449615836,0.407211423,1.09890246,1.427369,0.0144584281,0.0100220256,0.439301282,0.316034168,-0.171572492,RightMiddleIntermediate,0.7445763,0.316034168,0.401494056
0.891666651,False,0.959798455,RightLowerArm,0.121006288,0.7653001,1.25126612,0.659821033,0.75567764,0.457037449,0.405393243,1.0956018,1.42832839,0.0139607992,0.0100146346,0.4444949,0.325564146,-0.1674454,RightMiddleIntermediate,0.744041443,0.325564146,0.408371449
0.8958333,False,0.9551792,RightLowerArm,0.126223,0.7685399,1.2551887,0.661385834,0.7645752,0.4640172,0.403581262,1.09237731,1.42936265,0.0131826047,0.01000266,0.449054718,0.3344988,-0.163362041,RightMiddleIntermediate,0.7438952,0.3344988,0.414825648
0.9,True,0.9512692,RightLowerArm,0.130990475,0.771441936,1.25893641,0.663167238,0.772739053,0.470457256,0.4017712,1.08918715,1.43045986,0.0125054531,0.0100021139,0.452972,0.342740864,-0.1593526,RightMiddleIntermediate,0.7442668,0.342740864,0.420693874
0.904166639,False,0.947906435,RightLowerArm,0.135701329,0.7741946,1.2627418,0.665202439,0.780579,0.476539254,0.4001311,1.08595359,1.43165529,0.0121514415,0.010009028,0.456614465,0.3507045,-0.155380651,RightMiddleIntermediate,0.7451699,0.3507045,0.426099867
0.908333361,False,0.944328368,RightLowerArm,0.140575692,0.777140558,1.26666522,0.667042851,0.7887188,0.482793778,0.39854598,1.08269119,1.43277431,0.01188957,0.0100086462,0.46017167,0.358949244,-0.151404545,RightMiddleIntermediate,0.745575368,0.358949244,0.431830168
0.9125,False,0.939515948,RightLowerArm,0.145726666,0.7804518,1.27084279,0.6679145,0.7978519,0.4900052,0.397004962,1.079477,1.4339081,0.0116855055,0.010005028,0.463647753,0.368050754,-0.147444025,RightMiddleIntermediate,0.743721545,0.368050754,0.4392708
0.9166667,False,0.93529,RightLowerArm,0.160977647,0.7952423,1.28200507,0.6689609,0.806997955,0.496777654,0.3954643,1.07638049,1.43511307,0.0115616517,0.0100041395,0.467103153,0.377208829,-0.143517986,RightMiddleIntermediate,0.7422386,0.377208829,0.446237683
0.920833349,False,0.9315139,RightLowerArm,0.165603489,0.7986763,1.28596568,0.670139432,0.8162049,0.5031155,0.39388597,1.07346129,1.43644965,0.0115558952,0.0100063393,0.4706142,0.386463344,-0.139645711,RightMiddleIntermediate,0.7410544,0.386463344,0.452756524
0.925,False,0.9283721,RightLowerArm,0.169965029,0.8021213,1.28997517,0.6714054,0.825625062,0.509027064,0.392235518,1.07077146,1.43797994,0.0118086291,0.0100062983,0.4743597,0.395957947,-0.135847241,RightMiddleIntermediate,0.740092456,0.395957947,0.458862454
0.9291667,False,0.9258849,RightLowerArm,0.17398195,0.80555445,1.29403687,0.672721863,0.8352898,0.514526,0.3904823,1.0683552,1.43976843,0.0120780449,0.01000396,0.4783921,0.405717075,-0.13213937,RightMiddleIntermediate,0.739281535,0.405717075,0.464589417
0.933333337,True,0.9239303,RightLowerArm,0.167965576,0.7978546,1.2914964,0.67342937,0.823080063,0.518504,0.38855958,1.06624985,1.44184184,0.0122002484,0.01000176,0.482493967,0.415479243,-0.128541,RightMiddleIntermediate,0.7385273,0.415479243,0.469988674
0.9375,False,0.9221739,RightLowerArm,0.170275033,0.8001255,1.295112,0.6924696,0.8089601,0.535086036,0.386549473,1.06440389,1.44446516,0.0122212619,0.0100004608,0.4866501,0.425306469,-0.1250371,RightMiddleIntermediate,0.7378499,0.425306469,0.4751699
0.941666663,False,0.920988441,RightLowerArm,0.173093945,0.803383648,1.29951429,0.6943192,0.8188963,0.540367842,0.384366751,1.06272638,1.44752169,0.0121548586,0.0100000147,0.490837485,0.4352188,-0.121604741,RightMiddleIntermediate,0.7372743,0.4352188,0.4800762
0.9458333,False,0.920435,RightLowerArm,0.175028354,0.805882633,1.30362475,0.6954001,0.828725934,0.54474926,0.382121325,1.06119359,1.45091558,0.0120173348,0.0100002661,0.4949405,0.4450258,-0.118248686,RightMiddleIntermediate,0.7368382,0.4450258,0.484665632
0.95,False,0.9204447,RightLowerArm,0.176572964,0.8081218,1.30766976,0.6965499,0.838263154,0.5487666,0.3798797,1.05978537,1.45450926,0.0118259024,0.0100014908,0.498861879,0.45455426,-0.114973038,RightMiddleIntermediate,0.73656106,0.45455426,0.488897681
0.954166651,False,0.9176308,RightHand,0.04007457,0.6541748,1.20542562,0.6865513,0.5223374,0.567669332,0.377706528,1.05848885,1.45816278,0.0116000473,0.0100009982,0.5025225,0.4636496,-0.11178226,RightMiddleIntermediate,0.736458242,0.4636496,0.492747515
0.9583333,False,0.9152096,RightHand,0.0413511246,0.655749261,1.20799387,0.686365247,0.531094849,0.570791662,0.375663877,1.05729949,1.46173632,0.0113555109,0.0100008845,0.505860865,0.472177476,-0.108680032,RightMiddleIntermediate,0.736535,0.472177476,0.496205479
0.9625,False,0.9132673,RightHand,0.04248053,0.657218,1.21038342,0.6863339,0.539122343,0.573544741,0.373811126,1.05621779,1.46508753,0.0111128641,0.0100010969,0.508836,0.4800253,-0.105669886,RightMiddleIntermediate,0.7367917,0.4800253,0.4992739
0.966666639,True,0.9117256,RightHand,0.0435352065,0.65865624,1.2125591,0.686445534,0.54634,0.5759313,0.3721665,1.05525255,1.46802723,0.010905182,0.01000132,0.5114375,0.487115175,-0.102754444,RightMiddleIntermediate,0.737215757,0.487115175,0.5019535
0.970833361,False,0.910461068,RightHand,0.04447959,0.660006762,1.21461046,0.686622,0.552940965,0.5781127,0.370774865,1.05449581,1.47086418,0.01074361,0.0100021632,0.51373744,0.4936116,-0.0999406,RightMiddleIntermediate,0.737721145,0.4936116,0.504423261
0.975,False,0.909422338,RightHand,0.04514138,0.661298454,1.216469,0.686765254,0.5591263,0.580128968,0.369431138,1.05397534,1.47368371,0.0106095318,0.0100015132,0.5158165,0.4996957,-0.0972280949,RightMiddleIntermediate,0.7382049,0.4996957,0.506735265
0.9791667,False,0.908611953,RightHand,0.0456447974,0.6625362,1.21819532,0.686937451,0.5648612,0.5819729,0.368214,1.05361354,1.47644007,0.0105071785,0.0100015486,0.517702341,0.5053472,-0.0946067944,RightMiddleIntermediate,0.738733053,0.5053472,0.5088745
0.983333349,False,0.9080232,RightHand,0.0460937545,0.66374743,1.219822,0.687184334,0.5701156,0.583628654,0.3671652,1.05333734,1.47904193,0.0104394946,0.0100019248,0.5194254,0.510549,-0.09206734,RightMiddleIntermediate,0.7393547,0.510549,0.5108167
0.9875,False,0.907648146,RightHand,0.0465918034,0.664960861,1.22138548,0.6875495,0.5748635,0.585082948,0.366323471,1.05307424,1.48139787,0.0104087628,0.0100010633,0.5210168,0.5152869,-0.0896013752,RightMiddleIntermediate,0.7401165,0.5152869,0.5125403
0.9916667,False,0.907473743,RightHand,0.04724803,0.6662125,1.22292554,0.6880738,0.5790852,0.5863254,0.365732551,1.05275726,1.48341238,0.0104166679,0.0100004692,0.52187115,0.5195575,-0.0871992856,RightMiddleIntermediate,0.7410631,0.5195575,0.51402
0.995833337,False,0.907484949,RightHand,0.04817115,0.6675367,1.22448373,0.6887955,0.582766056,0.587347,0.365434051,1.05231655,1.4849931,0.0104675805,0.009999776,0.522709668,0.522709668,-0.0848512352,Hips,0.990023732,0.522709668,0.0479837
1,True,0.9076661,RightHand,0.04945726,0.6690009,1.22607684,0.6897441,0.5859051,0.588122666,0.365430117,1.05168366,1.48599768,0.01057935,0.0100012235,0.523601651,0.523601651,-0.0825483054,Hips,0.9899806,0.523601651,0.0486601777
1.00416672,False,0.9079261,RightHand,0.05127339,0.6706257,1.22782993,0.6909229,0.5884977,0.5887421,0.36593318,1.05086243,1.48649359,0.010705892,0.0100024668,0.524553061,0.524553061,-0.0803027153,Hips,0.9899638,0.524553061,0.0492801
1.00833333,False,0.9081889,RightHand,0.05350875,0.672491252,1.22963059,0.6922348,0.5905611,0.5892217,0.36682117,1.04992318,1.48639643,0.0107907187,0.0100028235,0.525521755,0.525521755,-0.0781263262,Hips,0.9899425,0.525521755,0.0497990847
1.0125,False,0.9084683,RightHand,0.05608344,0.6745043,1.231466,0.693672657,0.59212,0.5895879,0.368053555,1.04888248,1.485854,0.0108290445,0.0100019723,0.5264788,0.5264788,-0.0760119855,Hips,0.9899271,0.5264788,0.05024331
1.01666665,False,0.9087898,RightHand,0.05888811,0.6765867,1.23329067,0.6952237,0.593190432,0.589846,0.369545341,1.04775631,1.48496664,0.01081673,0.0100015765,0.5273899,0.5273899,-0.07395165,Hips,0.989916563,0.5273899,0.05062235
1.02083337,False,0.90918386,RightHand,0.06180959,0.6786619,1.23505831,0.696875751,0.593787134,0.5899982,0.371212482,1.04656589,1.483835,0.0107512418,0.0100021865,0.5282188,0.5282188,-0.07193912,Hips,0.989909947,0.5282188,0.0509458743
1.025,False,0.909690261,RightHand,0.06472902,0.680649459,1.23672652,0.698619,0.593921542,0.5900441,0.3729676,1.04533243,1.482562,0.0106308656,0.0100023942,0.5289279,0.5289279,-0.0699661449,Hips,0.989906251,0.5289279,0.05122324
1.0291667,False,0.9103523,RightHand,0.06752659,0.682474,1.23825777,0.7004442,0.5936143,0.589982748,0.37472105,1.04408133,1.48124862,0.0104631251,0.0100011565,0.5294868,0.5294868,-0.06802628,Hips,0.9899043,0.5294868,0.05146399
1.0333333,True,0.9112111,RightHand,0.0700725839,0.684102356,1.2396003,0.7023306,0.592942834,0.5897962,0.3763368,1.042844,1.47994924,0.0103161251,0.0100000463,0.529922664,0.529922664,-0.06611315,Hips,0.98989135,0.529922664,0.0516606458
1.0375,False,0.9122745,RightHand,0.0725295246,0.685533166,1.24089539,0.7043512,0.5918837,0.5895307,0.377998233,1.04157543,1.478736,0.0102255512,0.0100004114,0.5302797,0.5302797,-0.06422973,Hips,0.9899012,0.5302797,0.05184807
1.04166663,False,0.913513839,RightHand,0.0749837,0.686920047,1.24208808,0.706516147,0.5903601,0.589132845,0.379693151,1.0402205,1.47733486,0.01014608,0.0100008473,0.5305571,0.5305571,-0.06238219,Hips,0.9899004,0.5305571,0.05196143
1.04583335,False,0.9149319,RightHand,0.07744992,0.688242733,1.24321,0.7088269,0.588417649,0.588612,0.381457448,1.03879583,1.47581851,0.01007833,0.0100009851,0.5307654,0.5307654,-0.0605722927,Hips,0.9899013,0.5307654,0.0520265475
1.05,False,0.9165313,RightHand,0.07991659,0.6894996,1.24425924,0.711272061,0.5861026,0.587959766,0.3832823,1.03732073,1.47421181,0.0100223105,0.0100002876,0.530915558,0.530915558,-0.0587980337,Hips,0.989905059,0.530915558,0.0520531237
1.05416667,False,0.918312,RightHand,0.08237746,0.6906957,1.24523652,0.71384,0.58347553,0.5871667,0.38515985,1.03581858,1.47253692,0.009995251,0.0100007057,0.5310347,0.5310347,-0.0570619144,Hips,0.9899126,0.5310347,0.05205062
1.05833328,False,0.9202737,RightHand,0.08482499,0.6918365,1.24614346,0.7165157,0.5805977,0.5862219,0.387080073,1.03431392,1.47081339,0.0100146243,0.0100008519,0.531149864,0.5294016,-0.0553627759,RightMiddleIntermediate,0.779581666,0.5294016,0.515095949
1.0625,False,0.922420859,RightHand,0.08722927,0.6929054,1.24696589,0.7192825,0.5774839,0.585114837,0.389032722,1.03283453,1.4690634,0.0100512533,0.010000892,0.531243,0.527216852,-0.0537003726,RightMiddleIntermediate,0.78308636,0.527216852,0.5139434
1.06666672,True,0.9247502,RightHand,0.08953813,0.693911,1.24765372,0.7221077,0.574149251,0.5838195,0.390961528,1.03141224,1.46725237,0.0100775827,0.0100006005,0.531294763,0.5248409,-0.05207699,RightMiddleIntermediate,0.7866291,0.5248409,0.512582541
1.1,True,0.944801152,RightHand,0.153742254,0.7457137,1.28339517,0.772082269,0.618039966,0.580540836,0.40792954,1.020829,1.45173109,0.0102974083,0.0100026671,0.530086756,0.49758476,-0.0404317044,RightMiddleIntermediate,0.788200557,0.49758476,0.5144907
1.13333333,True,0.9595435,RightHand,0.174025536,0.753361344,1.28390181,0.7873039,0.5816978,0.5661658,0.4260602,1.01502824,1.43728042,0.0102980249,0.0100055793,0.527262449,0.466790766,-0.03136851,RightMiddleIntermediate,0.810497463,0.466790766,0.492738724
1.16666663,True,0.9686127,RightLowerArm,0.288685381,0.8564402,1.34011507,0.777938545,0.85041064,0.504169166,0.44442153,1.01844168,1.42793846,0.0100987116,0.0108323013,0.5246505,0.4430666,-0.0250072554,RightMiddleIntermediate,0.8197089,0.4430666,0.473956823
1.2,True,0.964681268,RightLowerArm,0.307488531,0.874493,1.33857155,0.777793169,0.863816857,0.496366382,0.4642626,1.03739429,1.4222492,0.01000878,0.0123668564,0.5221736,0.425852984,-0.0218496621,RightMiddleIntermediate,0.8108378,0.425852984,0.461340576
1.23333323,False,0.957183,RightLowerArm,0.307127446,0.881917536,1.32726288,0.7695285,0.8505393,0.4897666,0.485681653,1.069438,1.41779482,0.0100060944,0.0103974622,0.5186661,0.411320359,-0.0211186446,RightMiddleIntermediate,0.787585139,0.411320359,0.44959715
1.23333335,True,0.9571679,RightLowerArm,0.307108521,0.8819405,1.32722437,0.7695179,0.850539446,0.4897508,0.485640168,1.06943858,1.417744,0.0100061139,0.010397532,0.518666267,0.4113207,-0.0211186241,RightMiddleIntermediate,0.7875745,0.4113207,0.44958058
1.2375,False,0.955992758,RightLowerArm,0.306784034,0.8827989,1.3256458,0.768148839,0.8492099,0.489023745,0.4884143,1.07391346,1.417207,0.0100047663,0.0100765731,0.5182048,0.409903,-0.0211052615,RightMiddleIntermediate,0.7840916,0.409903,0.448209524
1.24166667,False,0.954915,RightLowerArm,0.3063083,0.8836307,1.32417166,0.7666769,0.847961545,0.488318145,0.491120577,1.07849336,1.41681671,0.0100027127,0.0100256735,0.517730951,0.4085871,-0.0211143754,RightMiddleIntermediate,0.780401945,0.4085871,0.446841151
1.24583328,False,0.953927,RightLowerArm,0.3057164,0.8843911,1.32281864,0.7651106,0.846798837,0.487641752,0.493798852,1.08312809,1.41659772,0.01000021,0.0103044845,0.5172478,0.407376766,-0.0211402178,RightMiddleIntermediate,0.776549,0.407376766,0.445514321
1.25,False,0.9530057,RightLowerArm,0.305040419,0.8850791,1.32157135,0.763474941,0.84573257,0.486999929,0.496449232,1.08777511,1.41652322,0.010000404,0.0106907282,0.516761541,0.406285048,-0.0211778,RightMiddleIntermediate,0.7725782,0.406285048,0.444232225
1.25416672,False,0.9521297,RightLowerArm,0.304302573,0.885689855,1.32040894,0.761788249,0.8447653,0.486392736,0.499073029,1.09239554,1.41656637,0.0100014042,0.0110198949,0.516275167,0.405314356,-0.0212237835,RightMiddleIntermediate,0.7685353,0.405314356,0.4430003
1.25833333,False,0.9512753,RightLowerArm,0.303523064,0.8862212,1.31930637,0.7600702,0.8438961,0.485820949,0.5016719,1.09695435,1.41669881,0.0100034559,0.0112492628,0.515791833,0.4044623,-0.02127364,RightMiddleIntermediate,0.764469862,0.4044623,0.4418237
1.2625,False,0.950423062,RightLowerArm,0.3027177,0.88667655,1.31823516,0.758342862,0.8431189,0.4852811,0.504247069,1.101425,1.41688931,0.0100038908,0.0113398526,0.515314758,0.40372172,-0.0213240627,RightMiddleIntermediate,0.7604339,0.40372172,0.4407039
1.26666665,True,0.9495311,RightLowerArm,0.301882774,0.887089849,1.31712127,0.7566173,0.842427135,0.484756619,0.506757855,1.10578561,1.41704929,0.0100037521,0.0112567544,0.514848948,0.4030831,-0.0213741269,RightMiddleIntermediate,0.756471634,0.4030831,0.439625
1.27083337,False,0.9486587,RightLowerArm,0.301001579,0.8874104,1.31607223,0.754901052,0.841813,0.484297335,0.509332061,1.110172,1.41736734,0.0100040725,0.0110033872,0.5143941,0.4025403,-0.0214306433,RightMiddleIntermediate,0.7525492,0.4025403,0.438618183
1.275,False,0.947792768,RightLowerArm,0.299966574,0.88769865,1.31500185,0.7531339,0.8412763,0.4838608,0.511835,1.11464393,1.41774786,0.010004906,0.01087451,0.5139452,0.402095139,-0.0215015355,RightMiddleIntermediate,0.7485637,0.402095139,0.4376271
1.2791667,False,0.946961045,RightLowerArm,0.298855662,0.887902558,1.31399012,0.7513416,0.8408134,0.4834636,0.51431787,1.11908126,1.418254,0.0100038005,0.0110016475,0.5135005,0.4017436,-0.0215828978,RightMiddleIntermediate,0.7445687,0.4017436,0.436678946
1.2833333,False,0.9461675,RightLowerArm,0.2977307,0.8880015,1.31306744,0.7495413,0.840421557,0.483105779,0.516796947,1.12337315,1.41888869,0.01000152,0.0113257943,0.513061941,0.401479185,-0.0216719452,RightMiddleIntermediate,0.74061,0.401479185,0.43578434
1.2875,False,0.9454085,RightLowerArm,0.296649963,0.887987554,1.31225133,0.7477505,0.8400966,0.482786417,0.519293547,1.12742639,1.41964364,0.009999956,0.0117602935,0.5126321,0.401294649,-0.0217661727,RightMiddleIntermediate,0.7367354,0.401294649,0.434951454
1.29166663,False,0.9446724,RightLowerArm,0.295677572,0.8878682,1.311554,0.745999336,0.839833736,0.482512951,0.5218326,1.131159,1.4205035,0.0100010745,0.012169905,0.512215734,0.401184082,-0.0218639243,RightMiddleIntermediate,0.73299706,0.401184082,0.434182882
1.29583335,False,0.943945467,RightLowerArm,0.294854969,0.8876403,1.31096578,0.7442852,0.839620352,0.482268274,0.524441957,1.13450074,1.42143941,0.0100044757,0.0123703275,0.511814654,0.401124477,-0.0219641961,RightMiddleIntermediate,0.72943604,0.401124477,0.433497518
1.3,True,0.943189859,RightLowerArm,0.294217229,0.8873526,1.31043649,0.7426281,0.8394437,0.4820407,0.5271026,1.13739538,1.42236173,0.0100087514,0.0122819105,0.511429965,0.401099741,-0.0220642723,RightMiddleIntermediate,0.726095557,0.401099741,0.432879031
1.30416667,False,0.9427161,RightLowerArm,0.2931263,0.886739254,1.31001115,0.741035342,0.839277,0.481857479,0.5295321,1.14034593,1.42371666,0.0100073628,0.0118854959,0.5110593,0.401080132,-0.0221470669,RightMiddleIntermediate,0.722953856,0.401080132,0.432327956
1.30833328,False,0.9422225,RightLowerArm,0.2919911,0.886151254,1.30952,0.739449739,0.839117169,0.481660247,0.531906962,1.143265,1.42501748,0.0100048082,0.0114044128,0.510707438,0.401063323,-0.0222090222,RightMiddleIntermediate,0.719916,0.401063323,0.431764543
1.3125,False,0.9416751,RightLowerArm,0.2909724,0.885580063,1.30903208,0.7378992,0.8389751,0.481483579,0.534370542,1.14600348,1.42629325,0.0100048361,0.0116481539,0.5103765,0.401060134,-0.0222687069,RightMiddleIntermediate,0.717025936,0.401060134,0.4312387
1.31666672,False,0.941114545,RightLowerArm,0.290000349,0.8849531,1.30856884,0.7364024,0.8388504,0.4813468,0.536889434,1.14850783,1.427632,0.0100046322,0.0111309607,0.5100619,0.401070327,-0.0223459,RightMiddleIntermediate,0.714319646,0.401070327,0.430786848
1.32083333,False,0.940580547,RightLowerArm,0.289009154,0.8842028,1.30815363,0.734976947,0.838743567,0.481269121,0.539430261,1.15071964,1.42912042,0.01000245,0.0100862626,0.5097614,0.401093453,-0.02245992,RightMiddleIntermediate,0.711830437,0.401093453,0.4304434
1.325,False,0.9401144,RightLowerArm,0.287931979,0.883262336,1.30780852,0.7336423,0.838655531,0.481269032,0.5419568,1.15257776,1.43084729,0.0100001413,0.0104499869,0.509475052,0.401129872,-0.0226310417,RightMiddleIntermediate,0.7095946,0.401129872,0.430241823
1.32916665,False,0.939754367,RightLowerArm,0.2867044,0.882069767,1.30755508,0.7324165,0.838587165,0.4813661,0.5444318,1.15402,1.43289793,0.0100010773,0.0125018274,0.5092054,0.401180416,-0.0228783656,RightMiddleIntermediate,0.7076464,0.401180416,0.4302187
1.33333337,True,0.9395171,RightLowerArm,0.28524816,0.880590558,1.30736721,0.7313081,0.8385387,0.48156184,0.5467771,1.15497684,1.43529713,0.0100060161,0.0112776132,0.508953035,0.401182652,-0.0232210923,RightMiddleIntermediate,0.730804563,0.401182652,0.411665082
1.3375,False,0.9393357,RightLowerArm,0.278218985,0.8736311,1.30452359,0.7303531,0.8384931,0.481910944,0.5492474,1.15545142,1.43811834,0.0100071747,0.0101412255,0.5087167,0.4011647,-0.0236527342,RightMiddleIntermediate,0.729470849,0.4011647,0.412028164
1.3416667,False,0.9390822,RightLowerArm,0.2767025,0.871929049,1.30437016,0.7295196,0.8384391,0.482354015,0.5517899,1.15551353,1.44103944,0.0100037158,0.0100745056,0.50850147,0.401147157,-0.0241513476,RightMiddleIntermediate,0.7284406,0.401147157,0.412564725
1.3458333,False,0.938829958,RightLowerArm,0.275152266,0.870085537,1.30422926,0.7287854,0.838380933,0.482880652,0.554380536,1.155188,1.444136,0.0100032929,0.0100567,0.508312047,0.401119769,-0.0247173477,RightMiddleIntermediate,0.727692246,0.401119769,0.41328907
1.35,False,0.9386149,RightLowerArm,0.273508,0.868109,1.30410326,0.7281529,0.8383173,0.4834886,0.5569509,1.15449941,1.44742835,0.0100038052,0.0100557515,0.508142352,0.401087284,-0.025349224,RightMiddleIntermediate,0.727202833,0.401087284,0.4141797
1.35416663,False,0.9384721,RightLowerArm,0.271704316,0.8659951,1.3039906,0.72761333,0.838246346,0.4841694,0.5594362,1.15346694,1.45093739,0.0100031858,0.0100350948,0.507987142,0.401048154,-0.02604473,RightMiddleIntermediate,0.7269461,0.401048154,0.415224463
1.35833335,False,0.938433766,RightLowerArm,0.269681752,0.863741159,1.30388844,0.7271558,0.8381696,0.4849125,0.5617784,1.152111,1.45468533,0.0100008529,0.010011971,0.5076486,0.401004136,-0.0268033072,RightMiddleIntermediate,0.7268958,0.401004136,0.416406959
1.3625,False,0.9385305,RightLowerArm,0.265756965,0.859916031,1.302921,0.726070642,0.8352694,0.485398352,0.563923,1.15044975,1.45869386,0.009999739,0.0100027649,0.5071273,0.400959224,-0.0276226811,RightMiddleIntermediate,0.72702533,0.400959224,0.417713255
1.36666667,True,0.938747168,RightLowerArm,0.2580554,0.8530334,1.30002844,0.723566353,0.826357543,0.485268265,0.565771,1.14850342,1.46292508,0.0100019192,0.0100058923,0.506615,0.400920421,-0.0285024922,RightMiddleIntermediate,0.7272977,0.400920421,0.419110328
1.37083328,False,0.938990235,RightLowerArm,0.250048131,0.8459701,1.29701626,0.721137166,0.817103863,0.4852623,0.567631,1.14621246,1.4675138,0.0100038862,0.0100211781,0.5061129,0.400911123,-0.02947972,RightMiddleIntermediate,0.727803349,0.400911123,0.420740128
1.375,False,0.939075,RightLowerArm,0.242057651,0.839030445,1.29382217,0.718871534,0.8078467,0.4854052,0.5695311,1.14352524,1.472205,0.0100025507,0.0100226719,0.505626261,0.400951952,-0.0305701215,RightMiddleIntermediate,0.7285509,0.400951952,0.422610253
1.37916672,False,0.9390549,RightLowerArm,0.234162763,0.832244456,1.29054058,0.7167768,0.7986617,0.4856928,0.5714992,1.14048481,1.47704613,0.0100013623,0.0100140488,0.505158,0.401039064,-0.0317419581,RightMiddleIntermediate,0.729496956,0.401039064,0.424681038
1.38333333,False,0.9389461,RightLowerArm,0.225534976,0.8250084,1.2866869,0.715205133,0.79115206,0.486251533,0.57350266,1.13713992,1.48202074,0.0100014247,0.0100099975,0.504707158,0.401162148,-0.0329601541,RightMiddleIntermediate,0.7305908,0.401162148,0.42689395
1.3875,False,0.938855,RightLowerArm,0.2227936,0.8226038,1.28616691,0.7154644,0.7912218,0.487581074,0.575493,1.13355124,1.48711288,0.0100022042,0.0100128353,0.5042713,0.401299655,-0.0341921151,RightMiddleIntermediate,0.731778443,0.401299655,0.429192126
1.39166665,False,0.93882364,RightLowerArm,0.2199688,0.8201467,1.285624,0.715739846,0.791294038,0.488900483,0.5774008,1.12978029,1.49230373,0.010001759,0.0100166053,0.5038478,0.40144375,-0.03540578,RightMiddleIntermediate,0.73302424,0.40144375,0.431499064
1.39583337,False,0.938912451,RightLowerArm,0.216991633,0.8176348,1.28505862,0.7159918,0.7913476,0.4901596,0.579140663,1.12589288,1.49757457,0.009999904,0.0100265173,0.5034349,0.4015619,-0.0365692265,RightMiddleIntermediate,0.7342836,0.4015619,0.433753639
1.4,True,0.9391657,RightLowerArm,0.2137721,0.8150968,1.28443372,0.7161794,0.791358,0.491303444,0.5805522,1.12195039,1.50284481,0.009999963,0.0100431768,0.5030333,0.401626527,-0.03764876,RightMiddleIntermediate,0.735510647,0.401626527,0.43586868
1.4041667,False,0.939548254,RightLowerArm,0.210377023,0.8125168,1.28378057,0.7164022,0.791350245,0.492426425,0.581777334,1.11795008,1.50824654,0.0100006722,0.010050077,0.5026442,0.401669383,-0.0387005173,RightMiddleIntermediate,0.7368332,0.401669383,0.437974542
1.4083333,False,0.939866364,RightLowerArm,0.206895456,0.8100524,1.282903,0.7166876,0.7913652,0.493528843,0.582802534,1.11385727,1.51351917,0.0100013362,0.0100423349,0.5022683,0.401738256,-0.0397756547,RightMiddleIntermediate,0.738293648,0.401738256,0.440120339
1.4125,False,0.940122843,RightLowerArm,0.203394681,0.80767864,1.28187442,0.716996551,0.791391432,0.494614124,0.5837549,1.10968614,1.51870656,0.0100006768,0.0100247823,0.50190413,0.401818335,-0.0408417247,RightMiddleIntermediate,0.739834249,0.401818335,0.44228828
1.41666663,False,0.9403138,RightLowerArm,0.1999105,0.805396855,1.28072619,0.717283666,0.7914127,0.495666027,0.584688663,1.10546,1.52379024,0.0100004841,0.0100051248,0.501550853,0.401889741,-0.041863624,RightMiddleIntermediate,0.74139297,0.401889741,0.444439
1.42083335,False,0.9404433,RightLowerArm,0.196455657,0.8032021,1.27948833,0.7175035,0.7914068,0.4966706,0.585634,1.10121429,1.52875936,0.0100008762,0.0100024864,0.5012078,0.4019271,-0.04281043,RightMiddleIntermediate,0.7429116,0.4019271,0.4465286
1.425,False,0.9405271,RightLowerArm,0.1930241,0.801085949,1.27818763,0.717613935,0.7913465,0.4976097,0.5865984,1.09699643,1.53360832,0.01000152,0.0100244321,0.500874,0.4018998,-0.04364804,RightMiddleIntermediate,0.7443358,0.4018998,0.448511869
1.42916667,False,0.9405848,RightLowerArm,0.189594835,0.799030066,1.2768501,0.7175741,0.791204453,0.4984695,0.5875728,1.09285963,1.53833878,0.0100068264,0.0100538833,0.5005529,0.401775658,-0.0443456359,RightMiddleIntermediate,0.7456153,0.401775658,0.450341463
1.43333328,True,0.9406258,RightLowerArm,0.186133951,0.7970434,1.27546549,0.7173352,0.790982,0.499214679,0.5884838,1.08886969,1.54289162,0.0100538675,0.0100801205,0.500279844,0.401553243,-0.04487103,RightMiddleIntermediate,0.7466917,0.401553243,0.4519464
1.4375,False,0.940898955,RightLowerArm,0.182387367,0.795027256,1.2742033,0.7169695,0.7907674,0.499932945,0.5891328,1.08506632,1.54766738,0.01011135,0.010084169,0.5000467,0.4013283,-0.04515461,RightMiddleIntermediate,0.7475292,0.4013283,0.453427851
1.44166672,False,0.9412367,RightLowerArm,0.178325385,0.7932513,1.2727927,0.716505766,0.7905874,0.5006002,0.5892868,1.08170855,1.55230367,0.0101317083,0.0100611933,0.4998156,0.401134729,-0.0451987833,RightMiddleIntermediate,0.7481202,0.401134729,0.454793572
1.44583333,False,0.9413039,RightLowerArm,0.174314409,0.791885138,1.27107537,0.715941668,0.7903369,0.5012114,0.589342237,1.0790714,1.55646324,0.0101139145,0.0100376932,0.499567181,0.400860339,-0.04507559,RightMiddleIntermediate,0.748568833,0.400860339,0.4560331
1.45,False,0.9409288,RightLowerArm,0.170581177,0.7909494,1.26898849,0.7152663,0.7899094,0.501744032,0.5895586,1.07718647,1.55996621,0.0100582475,0.0100417258,0.499282151,0.400393963,-0.0448598079,RightMiddleIntermediate,0.7489714,0.400393963,0.457116455
1.45416665,False,0.9401084,RightLowerArm,0.163062289,0.7878584,1.26359093,0.714468062,0.7892382,0.50217545,0.5901084,1.075791,1.56287134,0.0100043127,0.0100512058,0.498980463,0.399640471,-0.04462641,RightMiddleIntermediate,0.72505033,0.399640471,0.4772522
1.45833337,False,0.9390372,RightLowerArm,0.160086408,0.787228,1.26108813,0.713537,0.78829056,0.5024827,0.5910759,1.07433462,1.56545722,0.01002397,0.0100407163,0.498716325,0.3985442,-0.0444506742,RightMiddleIntermediate,0.72571075,0.3985442,0.477996647
1.4625,False,0.938010752,RightLowerArm,0.157341182,0.786049366,1.25875366,0.712464333,0.7869775,0.5026441,0.5924809,1.07208943,1.56814086,0.01013057,0.0100109577,0.4984829,0.3970289,-0.0444095321,RightMiddleIntermediate,0.7266314,0.3970289,0.47851038
1.4666667,True,0.937304437,RightLowerArm,0.154610083,0.7838792,1.25675046,0.711241066,0.7851688,0.502628565,0.594246745,1.06831264,1.57128739,0.010292409,0.00999589451,0.498227656,0.3949642,-0.0445825346,RightMiddleIntermediate,0.727900565,0.3949642,0.478746921
1.4708333,False,0.9371883,RightLowerArm,0.151520818,0.7803909,1.2552104,0.7098788,0.782823265,0.502513647,0.5963013,1.06264842,1.575513,0.0104836412,0.0100138569,0.497902,0.392315,-0.045050364,RightMiddleIntermediate,0.7295299,0.392315,0.478860259
1.475,False,0.9375232,RightLowerArm,0.147830337,0.7760203,1.25378048,0.7083684,0.779999554,0.50229466,0.5981926,1.055689,1.58049369,0.0106622446,0.0100301867,0.4974692,0.3891662,-0.0457824878,RightMiddleIntermediate,0.731391,0.3891662,0.4788607
1.47916663,False,0.93801105,RightLowerArm,0.14368397,0.7713615,1.25217021,0.706739962,0.7767501,0.5019678,0.599946856,1.04839253,1.58577657,0.0108075831,0.0100313872,0.496928245,0.385586619,-0.0466932543,RightMiddleIntermediate,0.7334457,0.385586619,0.478728384
1.48333335,False,0.9383456,RightLowerArm,0.139323533,0.7669912,1.25014353,0.7050134,0.773150444,0.501511753,0.601624846,1.04162729,1.59084916,0.0109177856,0.0100207767,0.4962979,0.381667167,-0.0476963744,RightMiddleIntermediate,0.7356426,0.381667167,0.4784279
1.4875,False,0.9383331,RightLowerArm,0.135005236,0.7632913,1.247618,0.7032196,0.769277155,0.5009148,0.603330731,1.035958,1.59534764,0.0109895673,0.0100253606,0.495599061,0.377500117,-0.04870143,RightMiddleIntermediate,0.737932,0.377500117,0.477916628
1.49166667,False,0.9379656,RightLowerArm,0.130880386,0.7603402,1.24464667,0.70136,0.7652054,0.500127554,0.60514915,1.03151846,1.5991385,0.0110215917,0.010038943,0.494854927,0.373162568,-0.04961561,RightMiddleIntermediate,0.7402507,0.373162568,0.4771688
1.49583328,False,0.937418461,RightLowerArm,0.126997039,0.7579307,1.24144173,0.699463367,0.7610135,0.4991304,0.60708797,1.02800536,1.602339,0.0110108443,0.0100436322,0.494090825,0.368741035,-0.0503420234,RightMiddleIntermediate,0.742544055,0.368741035,0.476139367
1.5,True,0.9370053,RightLowerArm,0.123275131,0.755624652,1.23827791,0.6975523,0.756779134,0.497883916,0.6090096,1.02474308,1.60519671,0.0109545272,0.0100481054,0.493335336,0.36431852,-0.05078053,RightMiddleIntermediate,0.74475044,0.36431852,0.474756539
1.50416672,False,0.937130749,RightLowerArm,0.119506165,0.752637148,1.2354033,0.695734,0.752390862,0.496366441,0.611128449,1.02037323,1.60853648,0.0110426079,0.01004821,0.4926815,0.359781861,-0.0513243154,RightMiddleIntermediate,0.747288942,0.359781861,0.4731171
1.50833333,False,0.9377089,RightLowerArm,0.1156059,0.749056458,1.23262167,0.6940508,0.747666538,0.494585425,0.6133534,1.01466739,1.61227369,0.0112482021,0.0100355418,0.492024362,0.354973167,-0.0522559434,RightMiddleIntermediate,0.750305831,0.354973167,0.471273571
1.5125,False,0.9385724,RightLowerArm,0.11239101,0.745596349,1.23051107,0.692444,0.742689133,0.492643774,0.6156597,1.00842226,1.61619246,0.011367416,0.010013123,0.491226315,0.349972874,-0.0532909557,RightMiddleIntermediate,0.7534149,0.349972874,0.469327718
1.51666665,False,0.9395282,RightLowerArm,0.108492419,0.7419238,1.22790718,0.690823853,0.7376976,0.490624666,0.61797893,1.0024,1.62001014,0.0113583794,0.009999533,0.490320921,0.345002562,-0.05413406,RightMiddleIntermediate,0.756238937,0.345002562,0.467339784
1.52083337,False,0.94038105,RightLowerArm,0.104805663,0.7386563,1.22541833,0.689098656,0.732950866,0.488610566,0.620251656,0.9973328,1.62344563,0.0112113021,0.01000897,0.489383459,0.340290725,-0.05447427,RightMiddleIntermediate,0.758421361,0.340290725,0.465333581
1.525,False,0.94095546,RightLowerArm,0.101454735,0.735978067,1.22305882,0.687153161,0.7286987,0.486647546,0.6224184,0.993938148,1.62621653,0.010919774,0.010031092,0.488499939,0.336046875,-0.05398905,RightMiddleIntermediate,0.759628534,0.336046875,0.463297933
1.5291667,False,0.941108644,RightLowerArm,0.09857229,0.734031737,1.22085047,0.684860051,0.7252906,0.484728366,0.624415159,0.992926657,1.62802684,0.0105949929,0.0100494195,0.4878778,0.3325506,-0.0523447357,RightMiddleIntermediate,0.759499848,0.3325506,0.461137652
1.5333333,True,0.9405855,RightLowerArm,0.0963657349,0.733011842,1.21884561,0.6820408,0.7233619,0.482915819,0.6261076,0.9950168,1.6284883,0.010598015,0.010056776,0.487968683,0.330456853,-0.0492018051,RightMiddleIntermediate,0.7577938,0.330456853,0.458971
1.5375,False,0.9388405,RightLowerArm,0.09494224,0.731413364,1.21736133,0.6782966,0.722703934,0.481804848,0.628173,0.99807775,1.62857676,0.0107748779,0.0101757385,0.488438547,0.329462022,-0.0449797958,RightMiddleIntermediate,0.754050255,0.329462022,0.4572921
1.54166663,False,0.9380048,RightLowerArm,0.09416405,0.7284637,1.21639192,0.6750073,0.7221576,0.479890466,0.630738258,1.00044525,1.62864745,0.0110622412,0.0103328116,0.489062071,0.3285611,-0.0401679426,RightMiddleIntermediate,0.7505543,0.3285611,0.454564154
1.54583335,False,0.937716961,RightLowerArm,0.09398767,0.7252937,1.21591663,0.6718812,0.722074,0.477444,0.6334691,1.00357175,1.62818372,0.0114483209,0.0103902966,0.489939123,0.3280737,-0.03451383,RightMiddleIntermediate,0.746771038,0.3280737,0.451114833
1.55,False,0.9376066,RightLowerArm,0.0942898542,0.7230093,1.215813,0.6686047,0.7227872,0.4746865,0.6359284,1.00890172,1.62662733,0.0119172474,0.0103322482,0.4911561,0.328307,-0.0277677272,RightMiddleIntermediate,0.7421904,0.328307,0.4472146
1.55416667,False,0.937304139,RightLowerArm,0.0948426649,0.722592235,1.215851,0.6648615,0.724602938,0.471798837,0.6376033,1.01783288,1.62347877,0.0124424445,0.0102817873,0.4927723,0.3295448,-0.0196736846,RightMiddleIntermediate,0.7363447,0.3295448,0.443092018
1.55833328,False,0.936447263,RightLowerArm,0.09532423,0.7248797,1.21569061,0.660343051,0.7277924,0.4689117,0.637899637,1.0317049,1.61826909,0.01298173,0.01049863,0.494808584,0.3320463,-0.009982456,RightMiddleIntermediate,0.7288075,0.3320463,0.43892023
1.5625,False,0.9346846,RightLowerArm,0.09534399,0.7305709,1.214891,0.6547519,0.732548058,0.466095835,0.6361555,1.05179381,1.61048818,0.0134359505,0.0108734369,0.497188419,0.336001873,0.00154831284,RightMiddleIntermediate,0.719193757,0.336001873,0.434809
1.56666672,True,0.9317073,RightLowerArm,0.09436924,0.740263045,1.21283424,0.6478119,0.7386459,0.463316262,0.6315901,1.07930839,1.5994097,0.01331354,0.0111630345,0.499389,0.341195971,0.0151408026,RightMiddleIntermediate,0.7071545,0.341195971,0.430767059
1.57083333,False,0.92806,RightLowerArm,0.09217989,0.754126132,1.20922339,0.6398406,0.745714664,0.4600289,0.624120951,1.11511922,1.58460867,0.0128158033,0.0106286965,0.50107044,0.347377539,0.0308315847,RightMiddleIntermediate,0.69301033,0.347377539,0.4257843
1.575,False,0.924454033,RightLowerArm,0.08977304,0.772258759,1.20447385,0.631557763,0.755630434,0.455602616,0.6136763,1.15819168,1.56546938,0.0125318374,0.00979881,0.502391338,0.354561985,0.0483224839,RightMiddleIntermediate,0.677554548,0.354561985,0.418994516
1.57916665,False,0.920622,RightLowerArm,0.09764735,0.8017987,1.20560169,0.62697047,0.7888784,0.45247823,0.6000792,1.20678627,1.54157782,0.0123163043,0.0103939138,0.5034026,0.3629428,0.06729025,RightMiddleIntermediate,0.6613795,0.3629428,0.410657227
1.58333337,False,0.916579366,RightLowerArm,0.105383843,0.8362009,1.20534277,0.623171151,0.8208765,0.449181974,0.5834303,1.259286,1.5134033,0.0120884264,0.0106780492,0.504108965,0.372641534,0.0874052,RightMiddleIntermediate,0.645001769,0.372641534,0.401079834
1.5875,False,0.912297,RightLowerArm,0.109118149,0.8718647,1.20109284,0.6301744,0.825964451,0.453644216,0.5637466,1.31401455,1.48108518,0.0119636534,0.0105569633,0.504591048,0.383823067,0.10833288,RightMiddleIntermediate,0.628849447,0.383823067,0.390639246
1.5916667,False,0.8900295,RightUpperArm,0.400670022,1.20587909,1.3656522,0.7385179,1.3254596,0.5509671,0.541136861,1.36934042,1.44495761,0.0119586242,0.0103871487,0.504954,0.395907164,0.129751816,RightRingIntermediate,0.677025259,0.395907164,0.36493212
1.5958333,False,0.857696652,RightUpperArm,0.406670332,1.28236806,1.3484329,0.7552233,1.32571232,0.5659524,0.5158063,1.42369878,1.40558326,0.0120466575,0.0105161713,0.5052686,0.4086836,0.151360646,RightRingIntermediate,0.662060738,0.4086836,0.353942335
1.6,True,0.828608,RightUpperArm,0.397943676,1.34665108,1.32053983,0.7726313,1.3244735,0.581818938,0.4879887,1.47564542,1.36365366,0.0116087813,0.0107807033,0.5050246,0.4221815,0.172901034,RightRingIntermediate,0.647347748,0.4221815,0.343592
1.60416663,False,0.8046677,RightUpperArm,0.3809733,1.407598,1.285834,0.791135967,1.32106614,0.598979533,0.456188321,1.52739143,1.317751,0.0104167806,0.01076461,0.5036409,0.43744266,0.194684938,RightRingIntermediate,0.633220136,0.43744266,0.33273837
1.60833335,False,0.788547,RightUpperArm,0.354268163,1.46532917,1.2429117,0.811039,1.31660485,0.6175735,0.418873668,1.58060133,1.26582754,0.00986472,0.0105263954,0.5017514,0.455143124,0.216656283,RightRingIntermediate,0.619605958,0.455143124,0.320502728
1.6125,False,0.78377527,RightUpperArm,0.318495363,1.51558745,1.19327641,0.8320285,1.31196737,0.6372852,0.3771199,1.633139,1.20892513,0.0107398536,0.01016062,0.499130845,0.475455731,0.238069564,RightRingIntermediate,0.607428432,0.475455731,0.307121366
1.61666667,False,0.7922369,Head,0.329280943,1.6727376,1.14574027,0.896302342,1.48576641,0.625002444,0.3320979,1.68302453,1.14832652,0.0122410869,0.009976777,0.495218247,0.495218247,0.258282572,Hips,1.12444329,0.495218247,0.327444375
1.62083328,False,0.804801762,Head,0.2827603,1.71801424,1.08364153,0.9133806,1.51447344,0.626919568,0.2851168,1.72854841,1.08562362,0.0136696771,0.0101695023,0.489663422,0.487600178,0.276786745,LeftRingDistal,1.08420169,0.487600178,-0.0342143849
1.625,False,0.8236319,Head,0.2357061,1.757656,1.02126288,0.906549037,1.52220047,0.6054506,0.237595081,1.76837754,1.02265263,0.0148017826,0.0104950452,0.482512832,0.467287719,0.293256164,LeftRingDistal,1.118928,0.467287719,-0.009713939
1.62916672,False,0.8460057,Head,0.186485335,1.75914741,0.974003732,0.8714048,1.50701237,0.546173334,0.191044211,1.801634,0.961397052,0.0154749285,0.01071641,0.474023551,0.446226537,0.307556,LeftRingDistal,1.15071845,0.446226537,0.0148612726
1.63333333,True,0.8723704,Head,0.12882556,1.72616208,0.9272904,0.880821049,1.47554612,0.5629766,0.147011638,1.8279053,0.9038019,0.0155710774,0.0107560111,0.46459496,0.425522566,0.3197578,LeftRingDistal,1.17879212,0.425522566,0.0381695852
1.6375,False,0.9044417,Head,0.0895345062,1.718862,0.895357,0.8986131,1.46244156,0.5828587,0.104763031,1.84840393,0.8491001,0.0155643458,0.0104579646,0.454838872,0.4054632,0.330157876,LeftRingDistal,1.2041831,0.4054632,0.0603801236
1.64166665,False,0.92075026,RightLowerArm,-0.0561339557,1.31311917,0.9105395,0.6617819,1.04380274,0.4007882,0.0623554,1.86454415,0.7952162,0.015750628,0.0102785891,0.444837064,0.385396868,0.338856131,LeftRingDistal,1.2282548,0.385396868,0.08218537
1.64583337,False,0.9315455,RightLowerArm,-0.06876596,1.326663,0.8931992,0.6785038,1.05936074,0.4054345,0.0203651786,1.87662935,0.7430055,0.0152838873,0.0102841966,0.434619635,0.3655189,0.345824271,LeftRingDistal,1.251019,0.3655189,0.103153311
1.65,False,0.94289887,RightLowerArm,-0.09278872,1.3189683,0.8693205,0.6683787,1.05538762,0.379210651,-0.0206193328,1.88503826,0.693243146,0.0154951485,0.0102455793,0.4243496,0.346180767,0.351106256,LeftRingDistal,1.27250969,0.346180767,0.122859955
1.6541667,False,0.955258667,RightLowerArm,-0.112432741,1.3240124,0.8436567,0.687983453,1.07154727,0.387461156,-0.0599871278,1.89022839,0.646668434,0.01585226,0.010117474,0.4135565,0.327325433,0.3548214,LeftRingDistal,1.29384291,0.327325433,0.1405691
1.6583333,False,0.967119157,RightHand,-0.157033458,1.18376541,0.8527296,0.550242662,0.822030246,0.301161259,-0.09714067,1.89273536,0.603970349,0.0159706585,0.0100054145,0.4020712,0.3097273,0.357164264,LeftRingDistal,1.31937647,0.3097273,0.154928759
1.6625,False,0.9662057,RightHand,-0.164250627,1.19072938,0.8385816,0.5634899,0.8422451,0.307068735,-0.131505251,1.89315176,0.565771759,0.0157886147,0.0100677786,0.390143424,0.292827129,0.358401179,LeftRingDistal,1.36537039,0.292827129,0.1715179
1.66666663,True,0.9649139,RightHand,-0.169787869,1.19633949,0.825225651,0.5773728,0.8604944,0.315306216,-0.162590563,1.89210546,0.532549,0.01705569,0.0103140324,0.3773751,0.2763146,0.358861774,LeftRingDistal,1.38793409,0.2763146,0.183610529
1.67083335,False,0.9633275,RightHand,-0.178222761,1.19845033,0.8077437,0.5914141,0.8763133,0.326197445,-0.18938899,1.8898257,0.504961431,0.0169711523,0.0103938477,0.363171041,0.260289758,0.3589913,LeftRingDistal,1.4086163,0.260289758,0.192979112
1.675,False,0.960771263,RightHand,-0.185269609,1.198334,0.7913609,0.6054142,0.8913385,0.340080082,-0.212058067,1.88648462,0.482277572,0.0159804523,0.0102362968,0.348775327,0.246244341,0.359028548,LeftRingDistal,1.42764533,0.246244341,0.199327946
1.67916667,False,0.957557142,RightHand,-0.187824041,1.19841969,0.7809241,0.619509459,0.9064385,0.356806874,-0.23116976,1.88251162,0.463779926,0.0149805034,0.0101428544,0.334778666,0.234915644,0.3589896,LeftRingDistal,1.44582868,0.234915644,0.203351945
1.68333328,False,0.953639567,RightHand,-0.188680708,1.19752908,0.772016168,0.6338598,0.921551,0.376173258,-0.247381866,1.87820816,0.448701978,0.0141128544,0.0101642273,0.320916176,0.226073548,0.358828753,LeftRingDistal,1.46389019,0.226073548,0.20582132
1.6875,False,0.9506083,RightHand,-0.192922443,1.19316125,0.757827342,0.64864254,0.9364454,0.397936463,-0.261370182,1.87378418,0.436317265,0.0134699382,0.010181006,0.307671875,0.219262123,0.358438581,LeftRingDistal,1.48249066,0.219262123,0.207569569
1.69166672,False,0.949390233,RightHand,-0.196893781,1.18807721,0.744048357,0.6640372,0.950785756,0.421818018,-0.2738241,1.86939371,0.425942242,0.0131148817,0.0101471525,0.294852376,0.213833451,0.3576671,LeftRingDistal,1.50223529,0.213833451,0.20947209
1.69583333,False,0.9477402,RightHand,-0.200880051,1.18263221,0.730505347,0.6455829,0.921873152,0.393286347,-0.285443723,1.86514747,0.416939557,0.013090021,0.0100728022,0.282205552,0.2089819,0.3563085,LeftRingDistal,1.52368009,0.2089819,0.212416068
1.7,True,0.9454303,RightHand,-0.205216959,1.17716908,0.716954,0.6595799,0.9387673,0.4184084,-0.297007442,1.86113453,0.408623934,0.0134290159,0.0100184046,0.269435883,0.203739449,0.354112148,LeftRingDistal,1.54727364,0.203739449,0.217309847
1.70416665,False,0.9460719,RightHand,-0.209545955,1.17133594,0.7038378,0.674548864,0.954179645,0.446405143,-0.30769825,1.85738289,0.40216428,0.0136151742,0.010002885,0.25606823,0.1981516,0.351457328,LeftRingDistal,1.57284069,0.1981516,0.223721683
1.70833337,False,0.949186742,RightHand,-0.21379061,1.16468072,0.691144645,0.6899291,0.9678705,0.477809459,-0.3166353,1.85382724,0.3982259,0.0135018658,0.0100013018,0.2422413,0.191814065,0.348814279,LeftLittleDistal,1.65707111,0.191814065,0.28574273
1.7125,False,0.955379,RightHand,-0.217955753,1.15737879,0.6788991,0.7058608,0.979853034,0.512176,-0.323785961,1.85038912,0.396343529,0.0134186875,0.0100109419,0.228323191,0.183065027,0.346035749,LeftLittleDistal,1.6815412,0.183065027,0.297445655
1.7166667,False,0.965205431,RightHand,-0.222097561,1.14960134,0.667037964,0.722454,0.9899156,0.5489521,-0.329223037,1.84698582,0.395964921,0.0134139648,0.010018534,0.214418232,0.1742594,0.3429661,LeftLittleDistal,1.70658851,0.1742594,0.310424268
1.7208333,False,0.9790232,RightHand,-0.2262551,1.14151216,0.655497849,0.7397771,0.9978392,0.5874805,-0.333050847,1.84353566,0.396540463,0.0134620061,0.0100194365,0.200461328,0.165098816,0.3394345,LeftLittleDistal,1.73201644,0.165098816,0.324955761
1.725,False,0.996940136,RightHand,-0.230450511,1.13327312,0.644214034,0.757859647,1.00351381,0.627033949,-0.335415125,1.83997345,0.3975188,0.0135358768,0.0100168809,0.186285332,0.155318037,0.335262418,LeftLittleDistal,1.75763452,0.155318037,0.341266125
1.72916663,False,1.018787,RightHand,-0.234686434,1.12503946,0.6331202,0.7766724,1.00694907,0.666810036,-0.33649826,1.83624983,0.398353875,0.0136086261,0.0100330133,0.172368735,0.1446968,0.330271423,LeftLittleDistal,1.78324735,0.1446968,0.35953486
1.73333335,True,1.04281366,RightHand,-0.239017844,1.11696053,0.6220578,0.794326961,0.994493246,0.6903279,-0.336591065,1.83233893,0.3984182,0.0136549566,0.0100103039,0.158821687,0.133070245,0.3242639,LeftLittleDistal,1.80866909,0.133070245,0.379882336
1.7375,False,1.06598258,RightHand,-0.243160829,1.1088587,0.61147064,0.813447237,0.9877174,0.6837408,-0.335157156,1.82835567,0.398956716,0.0134698339,0.0100136157,0.145221725,0.120459221,0.317600131,LeftLittleDistal,1.83427489,0.120459221,0.40243867
1.74166667,False,1.0905118,RightHand,-0.247296125,1.100525,0.601263463,0.82917726,0.9674082,0.7139622,-0.331986785,1.82431471,0.400620282,0.0132378777,0.0100766476,0.131138384,0.107183091,0.310655624,LeftLittleDistal,1.86016822,0.107183091,0.42699942
1.74583328,False,1.115059,RightHand,-0.2513997,1.09205973,0.5914133,0.844350457,0.95639,0.7472408,-0.3271767,1.82006943,0.402836382,0.0132043995,0.0101241246,0.117391028,0.09328365,0.3032621,LeftLittleDistal,1.88585293,0.09328365,0.4534144
1.75,False,1.14198577,RightHand,-0.255503178,1.083561,0.581801653,0.860743761,0.9539475,0.785086632,-0.32094413,1.81550169,0.404934883,0.01338058,0.0101298653,0.103930458,0.0786378458,0.2952484,LeftLittleDistal,1.91088223,0.0786378458,0.481461972
1.75416672,False,1.17110825,RightHand,-0.259627342,1.07512593,0.572300851,0.8775826,0.9497042,0.822336137,-0.313564181,1.8105278,0.4062385,0.0137275849,0.0100922063,0.09069595,0.0631605759,0.286434323,LeftLittleDistal,1.93486607,0.0631605759,0.510867
1.75833333,False,1.202077,RightHand,-0.263782561,1.06684792,0.562773645,0.894892335,0.9439136,0.858321548,-0.305366874,1.80509949,0.406068325,0.0142054316,0.0101584382,0.0776591,0.04684282,0.276644617,LeftLittleDistal,1.957474,0.04684282,0.541325569
1.7625,False,1.23448384,RightHand,-0.2679712,1.05881608,0.5530721,0.912690341,0.936951,0.892391443,-0.296737731,1.79920566,0.403748453,0.0147721106,0.0103278793,0.06438699,0.0297451764,0.265693933,LeftLittleDistal,1.97843909,0.0297451764,0.5725124
1.76666665,True,1.26489294,RightHand,-0.2722592,1.05111527,0.5429518,0.9413718,0.928604066,0.877683043,-0.288187444,1.7928623,0.398524046,0.02400027,0.0105261756,0.0615817942,0.02400027,0.253397,LeftLittleDistal,1.99752593,0.02400027,0.6040565
1.77083337,False,1.294241,RightHand,-0.276352137,1.04377782,0.5329844,0.958601654,0.9412365,0.906393051,-0.279528975,1.78632832,0.3918801,0.0242430884,0.010715656,0.06595717,0.0242430884,0.239909321,LeftLittleDistal,2.015011,0.0242430884,0.6364799
1.775,False,1.3242352,RightHand,-0.2803759,1.03673255,0.5231697,0.975841165,0.9538675,0.9338411,-0.2706585,1.7797246,0.384713471,0.0244739428,0.0108785247,0.07156532,0.0244739428,0.225504383,LeftLittleDistal,2.03112316,0.0244739428,0.670065343
1.7791667,False,1.32431138,RightFoot,-0.284266174,1.02989733,0.513358057,0.7319462,0.181542441,0.475847244,-0.26152873,1.77287388,0.376353681,0.0241722539,0.0108895693,0.0774216354,0.0241722539,0.210151613,LeftLittleDistal,2.04581523,0.0241722539,0.7044293
1.7833333,False,1.31140161,RightFoot,-0.2880438,1.02319157,0.503309846,0.7317113,0.1990417,0.47780028,-0.2522279,1.76560223,0.366032481,0.02333353,0.010928099,0.0830441862,0.02333353,0.193850413,LeftLittleDistal,2.05908966,0.02333353,0.739173532
1.7875,False,1.29954588,RightFoot,-0.2917451,1.01653123,0.492779046,0.7318685,0.216008782,0.4786838,-0.242913008,1.75772667,0.352970958,0.02196144,0.0103202378,0.0879536644,0.02196144,0.1765783,LeftLittleDistal,2.0710063,0.02196144,0.7739082
1.79166663,False,1.28901386,RightFoot,-0.295652777,1.00969732,0.48148492,0.73264277,0.232424915,0.4779331,-0.23405385,1.74891639,0.336357534,0.0200605877,0.0106875421,0.09167659,0.0200605877,0.158327535,LeftLittleDistal,2.08167243,0.0200605877,0.808255255
1.79583335,False,1.28005159,RightFoot,-0.299935877,1.00253582,0.469186872,0.734321356,0.24834,0.4749276,-0.226079941,1.73888171,0.31542927,0.017670678,0.011748855,0.09378088,0.017670678,0.139093384,LeftLittleDistal,2.09122658,0.017670678,0.8418246
1.8,True,1.271734,RightFoot,-0.3043827,0.995157063,0.455609351,0.71875304,0.2400245,0.4722066,-0.219135165,1.72755969,0.289413273,0.015452235,0.0115554417,0.0944696441,0.015452235,0.118865132,LeftLittleDistal,2.099844,0.015452235,0.8742219
1.80416667,False,1.26380241,RightFoot,-0.3086421,0.987590432,0.440991,0.722533,0.25723058,0.4621766,-0.2133565,1.71490359,0.2586801,0.013590185,0.0110446624,0.0940870941,0.013590185,0.09754405,LeftLittleDistal,2.10751247,0.013590185,0.9057938
1.80833328,False,1.25765014,RightFoot,-0.312844127,0.979880035,0.42524606,0.7281161,0.27453202,0.449117273,-0.209233761,1.70098937,0.223832428,0.01174221,0.0104925558,0.092686,0.01174221,0.0751354,LeftLittleDistal,2.114095,0.01174221,0.9367627
1.8125,False,1.25360274,RightFoot,-0.317117125,0.9719378,0.408533216,0.735710859,0.2919009,0.433492869,-0.207128525,1.68567419,0.185410023,0.0102089783,0.0103370342,0.0904958248,0.0102089783,0.0517923124,LeftLittleDistal,2.11970663,0.0102089783,0.966856539
1.81666672,False,1.25160837,RightFoot,-0.321662962,0.963683367,0.3909367,0.7454608,0.310114026,0.415786743,-0.2074539,1.6688273,0.143894851,0.0100989752,0.0104241,0.08858298,0.0100989752,0.0276725162,LeftLittleDistal,2.12446952,0.0100989752,0.9957562
1.82083333,False,1.25217986,RightFoot,-0.326682329,0.9550504,0.372563273,0.75743854,0.32890138,0.3965172,-0.210595191,1.6503427,0.0998112559,0.0114632463,0.0104292193,0.08698429,0.0114632463,0.002932749,LeftLittleDistal,2.128529,0.0114632463,1.02315831
1.825,False,1.25633717,RightFoot,-0.3323745,0.945986032,0.353534281,0.7716221,0.3467701,0.376223683,-0.2169041,1.63014257,0.05370426,0.0131229386,0.0103048366,0.08453242,0.0131229386,-0.0222766325,LeftLittleDistal,2.1320436,0.0131229386,1.04877007
1.82916665,False,1.26451492,RightFoot,-0.3389312,0.936452746,0.33399424,0.787881732,0.363015831,0.355456,-0.2266872,1.60818422,0.006152928,0.0146658,0.0100660212,0.0808526,0.0146658,-0.04780018,LeftLittleDistal,2.13518524,0.0146658,1.07233226
1.83333337,True,1.27683973,RightFoot,-0.3466089,0.926427543,0.314011633,0.805952,0.3773431,0.334726453,-0.240277588,1.58445787,-0.0423468351,0.0160751585,0.009978933,0.07597689,0.0160751585,-0.07349235,LeftLittleDistal,2.13811851,0.0160751585,1.09358716
1.8375,False,1.29340959,RightFoot,-0.355262548,0.915661335,0.293434381,0.8263052,0.389925033,0.3136138,-0.258267939,1.55829668,-0.0924586058,0.0180751849,0.01008755,0.07013271,0.0180751849,-0.09947094,LeftLittleDistal,2.14098859,0.0180751849,1.11257458
1.8416667,False,1.31486821,RightFoot,-0.365119,0.903997838,0.271746784,0.8495133,0.4008507,0.291490346,-0.2817071,1.52927554,-0.144632459,0.0145210028,0.0101471115,0.06343372,0.0145210028,-0.125880226,LeftUpperArm,1.84575737,0.0145210028,1.33719385
1.8458333,False,1.33970475,RightFoot,-0.376155436,0.89158833,0.249484,0.8755024,0.41432026,0.268889338,-0.3105644,1.49786925,-0.197083384,0.014509853,0.0101398751,0.060232956,0.014509853,-0.152601928,LeftUpperArm,1.8459239,0.014509853,1.34821773
1.85,False,1.36879778,RightFoot,-0.388368249,0.8786167,0.227083325,0.903207064,0.426974326,0.26528874,-0.344591737,1.46467018,-0.248234212,0.01583448,0.0100869443,0.0556523,0.01583448,-0.179520264,LeftUpperArm,1.846348,0.01583448,1.35806477
1.85416663,False,1.40219307,RightFoot,-0.401692152,0.865296662,0.2049665,0.9330185,0.437230021,0.243071869,-0.383236885,1.43035936,-0.296695828,0.0167218,0.010124024,0.0502074771,0.0167218,-0.206525967,LeftUpperArm,1.846885,0.0167218,1.36673832
1.85833335,False,1.43931019,RightFoot,-0.4160004,0.85187,0.183524191,0.9589052,0.4284558,0.227896944,-0.4256696,1.39567959,-0.3413371,0.01715642,0.0102132959,0.0442670137,0.01715642,-0.233517438,LeftUpperArm,1.84741807,0.01715642,1.3742435
1.8625,False,1.47900581,RightFoot,-0.43110162,0.838603735,0.163110211,0.991144538,0.435193747,0.2070903,-0.470812321,1.361397,-0.381326944,0.0171288084,0.0103050331,0.0382124931,0.0171288084,-0.260410219,LeftUpperArm,1.847847,0.0171288084,1.380638
1.86666667,True,1.521527,RightFoot,-0.446825355,0.8257784,0.1439344,1.02450085,0.4406362,0.187627673,-0.5174856,1.32825577,-0.4162667,0.0165834315,0.0102852266,0.0322943442,0.0165834315,-0.28710708,LeftUpperArm,1.83729827,0.0165834315,1.38877463
1.87083328,False,1.567167,RightFoot,-0.4633233,0.813053131,0.125785217,1.05944645,0.4452276,0.1692533,-0.5667108,1.29525077,-0.44701317,0.01644512,0.0101201041,0.0263097361,0.01644512,-0.313760042,LeftUpperArm,1.83756113,0.01644512,1.392999
1.875,False,1.61686087,RightFoot,-0.481177479,0.800029039,0.107963622,1.09635949,0.448301017,0.151595891,-0.6200615,1.26139843,-0.474403173,0.0153297847,0.0100108078,0.0207966287,0.0168116614,-0.340471238,LeftUpperArm,1.83791709,0.0168116614,1.39577961
1.87916672,False,1.66856217,RightFoot,-0.499970883,0.7869195,0.09088425,1.13476288,0.455561221,0.135008261,-0.676097155,1.22747147,-0.497499049,0.0125353,0.0100119216,0.0215765387,0.0215765387,-0.367099553,Hips,1.41320634,0.0215765387,0.894847751
1.88333333,False,1.71962285,RightFoot,-0.519307,0.773950756,0.074811846,1.15639436,0.419537842,0.2281712,-0.733288944,1.19424665,-0.515835345,0.0127347717,0.0100858854,0.0257883333,0.0257883333,-0.393528283,Hips,1.41232431,0.0257883333,0.8990644
1.8875,False,1.76536334,RightFoot,-0.538741469,0.7613629,0.05994493,1.18807554,0.427937418,0.213039488,-0.790013,1.1624819,-0.5293494,0.0134992767,0.0101379231,0.0312859043,0.0312859043,-0.4196416,Hips,1.41134036,0.0312859043,0.9030612
1.89166665,False,1.81146836,RightFoot,-0.5577917,0.749400258,0.04641398,1.21983147,0.436101943,0.199115008,-0.8446141,1.13288915,-0.5383686,0.0145838037,0.010133869,0.0380970128,0.0380970128,-0.4453284,Hips,1.41023159,0.0380970128,0.9068416
1.89583337,False,1.85685468,RightFoot,-0.57594806,0.738312364,0.03428181,1.25117826,0.444439381,0.186458275,-0.8954732,1.10611761,-0.543580532,0.0159666818,0.0101453727,0.0464681238,0.0464681238,-0.470494747,Hips,1.40897369,0.0464681238,0.9104144
1.9,True,1.90053082,RightFoot,-0.5927593,0.7283474,0.023461096,1.28161073,0.453066617,0.175034776,-0.9411294,1.08274782,-0.546047747,0.0172846187,0.0101528391,0.0562882163,0.0562882163,-0.495050728,Hips,1.40752518,0.0562882163,0.9137513
1.9041667,False,1.93736827,RightFoot,-0.608188331,0.7193767,0.0140049933,1.26925611,0.347354978,0.314334363,-0.9820695,1.06208479,-0.546410739,0.0183100253,0.0100727156,0.06726993,0.06726993,-0.5189683,Hips,1.40604675,0.06726993,0.916999
1.9083333,False,1.96327841,RightFoot,-0.6229136,0.711103439,0.005343045,1.27732444,0.3417399,0.3326472,-1.02004862,1.04311419,-0.5454331,0.019153567,0.01000743,0.0792406,0.0792406,-0.5423161,Hips,1.4045769,0.0792406,0.9200513
1.9125,False,1.98833621,RightFoot,-0.6367449,0.7035243,-0.002561725,1.29339266,0.352922052,0.32167244,-1.05478978,1.02589118,-0.5435051,0.0197733361,0.0100004449,0.09205012,0.09205012,-0.565158844,Hips,1.40309286,0.09205012,0.922939062
1.91666663,False,2.012636,RightFoot,-0.649571359,0.696644366,-0.009831958,1.30931354,0.3643043,0.311140776,-1.08610749,1.01049483,-0.5410903,0.020128008,0.01004227,0.103798762,0.103798762,-0.5875538,Hips,1.45214617,0.103798762,0.871125758
1.92083335,False,2.0359745,RightFoot,-0.661288559,0.690473557,-0.0165820587,1.32498217,0.375722975,0.300991654,-1.11383855,0.997017145,-0.538627267,0.020164337,0.010074676,0.115716308,0.115716308,-0.6095607,Hips,1.451094,0.115716308,0.874295235
1.925,False,2.05815363,RightFoot,-0.67179507,0.685031652,-0.0229157414,1.34029531,0.386968732,0.291164875,-1.13782775,0.9855714,-0.5365213,0.0198274739,0.0100795589,0.12612012,0.12612012,-0.631233335,Hips,1.49693561,0.12612012,0.8830228
1.92916667,False,2.078064,RightFoot,-0.680995643,0.680341661,-0.0289259739,1.346908,0.369572252,0.301799357,-1.15793133,0.9762889,-0.535136342,0.0190405324,0.0100531466,0.1360253,0.1360253,-0.6526271,Hips,1.4952116,0.1360253,0.8863108
1.93333328,True,2.09539843,RightFoot,-0.6888693,0.6764347,-0.0347849242,1.35952127,0.380082548,0.292270422,-1.17407489,0.9693228,-0.5348784,0.0177156683,0.010032637,0.14502123,0.144215316,-0.673784137,Hips,1.55614471,0.144215316,1.01195073
1.9333334,False,2.09533882,RightFoot,-0.688794851,0.6764347,-0.0346921422,1.3595432,0.380082548,0.2923122,-1.17399955,0.969323,-0.5347866,0.01771511,0.0100323725,0.145021081,0.144215047,-0.6737843,Hips,1.55616355,0.144215047,1.01199377
1.9666667,True,2.18494582,RightFoot,-0.7038176,0.6725457,-0.07283287,1.44702125,0.432696581,0.227753609,-1.17050707,0.9850347,-0.578652143,0.0148966387,0.0101242987,0.193548322,0.170332253,-0.828022957,LeftUpperArm,1.83928812,0.170332253,1.43288672
2,True,2.245231,LeftFoot,-0.67932713,0.691479445,-0.103781983,1.51964355,0.3386778,0.181033745,-1.05841255,1.06527185,-0.6403218,0.0121387271,0.0101695228,0.208062574,0.157049611,-0.9403426,LeftLittleDistal,2.12002683,0.157049611,1.20802927
2.0333333,True,2.16043139,LeftFoot,-0.628587,0.7244465,-0.115932874,1.48292208,0.375962,0.179957762,-0.873073459,1.18527424,-0.6628935,0.0117900837,0.0102285212,0.211294442,0.125599667,-0.9906039,LeftLittleDistal,2.11417532,0.125599667,1.27755356
2.0666666,True,2.05749679,LeftFoot,-0.567450345,0.761795759,-0.102209233,1.41063571,0.2038486,-0.006481333,-0.6654882,1.31244552,-0.610613644,0.01390799,0.0102465833,0.181514069,0.0692144,-0.999423265,Head,1.89581192,0.0692144,1.55884385
2.06666684,False,2.05744052,LeftFoot,-0.567374766,0.7617962,-0.102116264,1.41065526,0.2038484,-0.006441243,-0.665409863,1.31244648,-0.610520363,0.01390756,0.0102466689,0.181513324,0.06921366,-0.9994233,Head,1.89582682,0.06921366,1.55888665
2.07083344,False,2.04482031,LeftFoot,-0.5598592,0.766157269,-0.09872383,1.40453076,0.205544874,-0.008308217,-0.6409737,1.32675254,-0.5991787,0.0140146073,0.0102251442,0.176265389,0.0632247,-0.999432564,Head,1.8885746,0.0632247,1.56111121
2.075,False,2.03303528,LeftFoot,-0.5523164,0.7705481,-0.09489614,1.39897072,0.2062135,-0.009823561,-0.616689444,1.3409307,-0.5866497,0.0135478266,0.0101997955,0.171364844,0.0580943,-0.999401,Head,1.88306057,0.0580943,1.56284416
2.07916665,False,2.02185965,LeftFoot,-0.544802248,0.774901032,-0.0906729847,1.39387655,0.206481859,-0.0110410517,-0.5927491,1.35479414,-0.5730907,0.0130653949,0.0101824822,0.167240918,0.0540866666,-0.999360561,Head,1.87907958,0.0540866666,1.56411791
2.08333325,False,2.01120543,LeftFoot,-0.5373664,0.7791549,-0.08610184,1.3891747,0.206531256,-0.0120146126,-0.569325149,1.36817181,-0.5586897,0.0126896752,0.0101734279,0.1638464,0.0510272533,-0.999329448,Head,1.87641335,0.0510272533,1.56495762
2.0875,False,2.00102067,LeftFoot,-0.530046165,0.783255935,-0.08123393,1.38481522,0.206448838,-0.012802979,-0.5464978,1.38093483,-0.5436307,0.0124585293,0.0101676006,0.161012918,0.0486486331,-0.9993155,Head,1.87483287,0.0486486331,1.56537867
2.0916667,False,1.991268,LeftFoot,-0.5228758,0.78715235,-0.07612552,1.38076282,0.206306443,-0.0134641966,-0.524317741,1.39296687,-0.528107762,0.012401755,0.0101624662,0.158533365,0.04666156,-0.999319553,Head,1.8741014,0.04666156,1.56538987
2.0958333,False,1.98192668,LeftFoot,-0.5158902,0.790785134,-0.0708383843,1.37699866,0.206163824,-0.0140613848,-0.5029565,1.40408659,-0.51242137,0.0125438478,0.010163202,0.156173617,0.0447602458,-0.9993379,Head,1.8739742,0.0447602458,1.564991
2.1,True,1.9730351,LeftFoot,-0.509189844,0.794106543,-0.06552988,1.37349319,0.206068859,-0.0147013683,-0.482558221,1.41416943,-0.4969392,0.0129041187,0.0101666674,0.153670967,0.0426146165,-0.9993646,Head,1.87418342,0.0426146165,1.564126
2.10416675,False,1.96458387,LeftFoot,-0.5025506,0.7971713,-0.0599250868,1.37031519,0.20559454,-0.01520173,-0.462855428,1.42337251,-0.481348455,0.0131114833,0.0101491092,0.150869876,0.04012584,-0.9994121,Head,1.87510633,0.04012584,1.56290162
2.10833335,False,1.95675015,LeftFoot,-0.496161729,0.800063252,-0.0542582721,1.36737359,0.204568863,-0.015610707,-0.4439306,1.43192351,-0.4657504,0.0130397892,0.0101163667,0.14805463,0.0376807079,-0.9994893,Head,1.87708187,0.0376807079,1.56120276
2.1125,False,1.94933975,LeftFoot,-0.4899152,0.802778661,-0.0484237038,1.36466134,0.2032676,-0.0159003921,-0.42560184,1.43981624,-0.450105429,0.01292657,0.0100872172,0.14544946,0.03551276,-0.9995813,Head,1.87997973,0.03551276,1.55913734
2.11666656,False,1.942274,LeftFoot,-0.4837776,0.8053157,-0.0424057953,1.3621558,0.201771542,-0.01608862,-0.407757282,1.44704926,-0.434452653,0.0128159439,0.0100649586,0.143076837,0.03365574,-0.9996715,Head,1.883649,0.03365574,1.55676031
2.1208334,False,1.93549454,LeftFoot,-0.4777183,0.8076726,-0.0361871645,1.35984135,0.200125083,-0.01619338,-0.390288353,1.453621,-0.418820381,0.0127154058,0.0100500919,0.1409141,0.0320974626,-0.999744356,Head,1.88793373,0.0320974626,1.55412388
2.125,False,1.92895186,LeftFoot,-0.47170943,0.8098476,-0.02975013,1.35770822,0.198371053,-0.01623602,-0.373090744,1.45953155,-0.4032293,0.012631543,0.0100563616,0.137854964,0.0308123678,-0.9997859,Head,1.89267278,0.0308123678,1.55127573
2.1291666,False,1.92260051,LeftFoot,-0.4657223,0.8118416,-0.0230735186,1.35574985,0.196549073,-0.0162372179,-0.356059372,1.46478629,-0.387681127,0.0125676123,0.010090814,0.1342962,0.0297620222,-0.9997857,Head,1.89770138,0.0297620222,1.5482564
2.13333344,True,1.9164536,LeftFoot,-0.4598081,0.813654244,-0.0162302852,1.353942,0.194699585,-0.016269695,-0.339169383,1.46938658,-0.372267932,0.0125272712,0.0101350537,0.130829543,0.0288948752,-0.99973774,Head,1.90283287,0.0288948752,1.54505277
2.1375,False,1.9104569,LeftFoot,-0.453777134,0.8152628,-0.008995603,1.3524,0.192753449,-0.0161780883,-0.322269559,1.47328913,-0.3568582,0.0125018312,0.0101700285,0.127415046,0.0282675363,-0.99963665,Head,1.90836465,0.0282675363,1.54170692
2.14166665,False,1.904815,LeftFoot,-0.447893918,0.8166711,-0.00170184555,1.35104609,0.190629184,-0.0160740726,-0.305670023,1.47652149,-0.341807216,0.012471539,0.010184003,0.124022588,0.0279784612,-0.9994676,Head,1.91448212,0.0279784612,1.53800869
2.14583325,False,1.89942932,LeftFoot,-0.442068279,0.8179197,0.00578530133,1.3498615,0.1883574,-0.0159157142,-0.289213538,1.479191,-0.32686618,0.0124306846,0.01018334,0.120670065,0.0280310642,-0.9992166,Head,1.92105889,0.0280310642,1.53409076
2.15,False,1.89268672,LeftFoot,-0.424644351,0.8523521,-0.00363075081,1.3563838,0.21272935,-0.03656178,-0.272830963,1.48140311,-0.3118703,0.01512123,0.0101731662,0.121497616,0.03253983,-0.9988748,Head,1.92794681,0.03253983,1.53003526
2.1541667,False,1.88430691,LeftFoot,-0.409593254,0.877365768,-0.00716191158,1.35505927,0.217234448,-0.036155045,-0.256474137,1.48325634,-0.296644717,0.014639779,0.0101594664,0.1249897,0.03994766,-0.9984396,Head,1.93499279,0.03994766,1.52592015
2.1583333,False,1.87556815,LeftFoot,-0.3931376,0.903961062,-0.0104958387,1.35380149,0.2218145,-0.0357162245,-0.240101218,1.48484683,-0.281004041,0.0144903045,0.0101470556,0.128711849,0.047767397,-0.997915,Head,1.94204915,0.047767397,1.52181673
2.1625,False,1.86660814,LeftFoot,-0.376557976,0.9288048,-0.0118913036,1.35259449,0.226158634,-0.0352573954,-0.223689079,1.48626709,-0.2647533,0.0143481176,0.010134154,0.132343322,0.055427745,-0.9973117,Head,1.9284265,0.055427745,1.52422023
2.16666675,True,1.85745537,LeftFoot,-0.359359771,0.953499,-0.01212886,1.35139775,0.230357692,-0.0348440781,-0.2073003,1.48760462,-0.247784257,0.0142828263,0.0101237455,0.135968238,0.06275781,-0.9966476,Head,1.93500412,0.06275781,1.52012157
2.17083335,False,1.84815264,LeftFoot,-0.345201641,0.9691661,-0.006964258,1.350387,0.234388426,-0.0343363136,-0.190719366,1.48882687,-0.229823411,0.0142322117,0.0101198871,0.13959612,0.0702286139,-0.9959063,Head,1.94156444,0.0702286139,1.51610589
2.175,False,1.83892667,LeftFoot,-0.326889068,0.9934561,-0.00469318125,1.34952462,0.238183364,-0.0338778,-0.174227834,1.48985887,-0.2112922,0.0141234761,0.0101168789,0.143171251,0.077897504,-0.9950604,Head,1.94823527,0.077897504,1.51188612
2.17916656,False,1.829675,LeftFoot,-0.30808726,1.01726556,-0.00107748434,1.348782,0.2417339,-0.03341396,-0.157827973,1.4907279,-0.192079127,0.013965738,0.0101126358,0.14664185,0.08565451,-0.994121134,Head,1.95491028,0.08565451,1.50761557
2.1833334,False,1.82042956,LeftFoot,-0.288934857,1.04045641,0.00392765924,1.34810674,0.245032161,-0.032939516,-0.141596138,1.49145436,-0.172173679,0.0137673942,0.01010745,0.149963975,0.09338302,-0.993106961,Head,1.96146321,0.09338302,1.5033921
2.1875,False,1.81136858,LeftFoot,-0.2787734,1.04429126,0.0173649229,1.34745288,0.248073757,-0.0324543081,-0.1256147,1.4920572,-0.151585162,0.0135369031,0.0101000322,0.152981892,0.100956485,-0.9920433,Head,1.96777391,0.100956485,1.499313
2.1916666,False,1.80274129,LeftFoot,-0.27034083,1.045002,0.03238952,1.34677827,0.2508598,-0.0319568329,-0.109956384,1.49254847,-0.130321681,0.0132838832,0.010089553,0.15522486,0.10824728,-0.9909622,Head,1.97373021,0.10824728,1.4954704
2.19583344,False,1.79456925,LeftFoot,-0.26183188,1.04647613,0.0474757031,1.346045,0.253392518,-0.0314492881,-0.0946961641,1.49293923,-0.108403444,0.013015857,0.01007611,0.1572793,0.114850231,-0.989902,Head,1.98992038,0.114850231,1.5317173
2.2,True,1.78670955,LeftFoot,-0.244257346,1.06712818,0.05654218,1.34518969,0.2557541,-0.0309869554,-0.07998186,1.49323571,-0.08596015,0.0128161777,0.0100596258,0.159220278,0.12090525,-0.9889057,Head,1.99467111,0.12090525,1.528595
2.20416665,False,1.77896774,LeftFoot,-0.226684615,1.08680987,0.06716287,1.34437919,0.257979929,-0.0304360874,-0.0655537844,1.493424,-0.06266111,0.0126802772,0.0100456374,0.1611028,0.124542356,-0.9879782,RightLittleDistal,2.25440359,0.124542356,1.37133884
2.20833325,False,1.7715677,LeftFoot,-0.2093877,1.10550189,0.0790837556,1.34359956,0.260049015,-0.029968556,-0.05162555,1.49350524,-0.0387483239,0.0125415092,0.0100393873,0.162920937,0.127412051,-0.9870999,RightLittleDistal,2.25201321,0.127412051,1.37445331
2.2125,False,1.76455057,LeftFoot,-0.192478746,1.12306166,0.09238858,1.34286642,0.261963427,-0.0295275226,-0.0382022262,1.49349666,-0.0141482353,0.0123998076,0.0100384783,0.16466403,0.130057126,-0.986278951,RightLittleDistal,2.24976969,0.130057126,1.37733674
2.2166667,False,1.75804639,LeftFoot,-0.182472974,1.12796235,0.109844282,1.34216166,0.263723135,-0.0291055124,-0.0253666043,1.49341345,0.01109755,0.0122515121,0.0100390483,0.166318834,0.132492721,-0.9855221,RightLittleDistal,2.24766183,0.132492721,1.38001108
2.2208333,False,1.7522459,LeftFoot,-0.175407723,1.12825418,0.128813148,1.34146619,0.265323,-0.0286955815,-0.013191402,1.49326587,0.03694272,0.0120935356,0.0100403605,0.167867988,0.134729668,-0.9848355,RightLittleDistal,2.24568272,0.134729668,1.38249707
2.225,False,1.74521434,LeftFoot,-0.107193843,1.240119,0.124784186,1.42182207,0.3989352,0.141914278,-0.0017439127,1.493059,0.06333113,0.0119246785,0.0100382986,0.169294208,0.136783645,-0.9842237,RightLittleDistal,2.243818,0.136783645,1.384814
2.22916675,False,1.73755443,LeftFoot,-0.09085556,1.25599027,0.1438059,1.42132866,0.400191426,0.142198,0.008915007,1.49279678,0.0901986361,0.0117441937,0.0100296251,0.17057915,0.138667718,-0.9836913,RightLittleDistal,2.24205756,0.138667718,1.38698256
2.23333335,True,1.73066628,LeftFoot,-0.07577348,1.27023888,0.163940877,1.42078328,0.401296943,0.142404884,0.0186563134,1.49247777,0.117379308,0.0115558626,0.0100356415,0.1717079,0.140399531,-0.983241,RightLittleDistal,2.24035525,0.140399531,1.38896978
2.2375,False,1.72448969,LeftFoot,-0.061781913,1.28287768,0.185418755,1.42030883,0.402283967,0.142681867,0.0277083516,1.49206,0.145177424,0.0113874283,0.0100455405,0.172711283,0.141952142,-0.982907653,RightLittleDistal,2.23884439,0.141952142,1.3908788
2.24166656,False,1.71918309,LeftFoot,-0.0491435453,1.29395461,0.207886949,1.41983008,0.403181672,0.1428437,0.03584963,1.49152923,0.173324645,0.0112433005,0.0100456309,0.173624381,0.143292367,-0.982709169,RightLittleDistal,2.23746347,0.143292367,1.39247882
2.2458334,False,1.7147975,LeftFoot,-0.04249973,1.29591858,0.231943473,1.41937983,0.403999269,0.142957479,0.0431326628,1.49091327,0.201846659,0.011122141,0.0100370459,0.174459383,0.144457474,-0.982622147,RightLittleDistal,2.23623133,0.144457474,1.39386511
2.25,False,1.71141613,LeftFoot,-0.0379929952,1.29546654,0.256415218,1.41895616,0.404742837,0.143031687,0.0495408773,1.49023867,0.230660677,0.0110211121,0.0100202812,0.175227046,0.145483211,-0.9826209,RightLittleDistal,2.23512959,0.145483211,1.39507854
2.2541666,False,1.7090416,LeftFoot,-0.0341875032,1.29499424,0.280962646,1.41855681,0.405418754,0.143077523,0.0550678968,1.48952556,0.259687483,0.0109396949,0.0100012282,0.1759373,0.146407619,-0.9826793,RightLittleDistal,2.23413277,0.146407619,1.3961575
2.25833344,False,1.70768964,LeftFoot,-0.0310947653,1.29453373,0.30551815,1.41817784,0.406032264,0.143106148,0.059684515,1.48880923,0.288848639,0.0108758071,0.0100115724,0.176599473,0.147266835,-0.982771635,RightLittleDistal,2.23322773,0.147266835,1.39714563
2.2625,False,1.70734012,LeftFoot,-0.0287000518,1.29410207,0.3299975,1.41781569,0.4065876,0.143127069,0.063393116,1.48810673,0.318046749,0.0108304555,0.01004851,0.17722252,0.148101822,-0.982871652,RightLittleDistal,2.23239,0.148101822,1.39808309
2.26666665,True,1.7079612,LeftFoot,-0.0270197261,1.29368925,0.354222536,1.41742682,0.407049537,0.1430926,0.0661764145,1.48740387,0.347091734,0.0107647767,0.0100809056,0.177777171,0.148911238,-0.9829535,RightLittleDistal,2.231563,0.148911238,1.39894974
2.27083325,False,1.70940292,LeftFoot,-0.0257649478,1.29325688,0.3784846,1.41713369,0.407407224,0.1431716,0.06833029,1.486655,0.376262844,0.0106771588,0.0101841213,0.178250372,0.149661437,-0.9830327,RightLittleDistal,2.23086786,0.149661437,1.3999064
2.275,False,1.71217525,LeftFoot,-0.0257860422,1.292597,0.402660519,1.41682792,0.4076813,0.143174231,0.0690075755,1.48564672,0.405426741,0.010596185,0.0102963131,0.178658038,0.1503318,-0.9831406,RightLittleDistal,2.23022556,0.1503318,1.40071988
2.2791667,False,1.71597481,LeftFoot,-0.0266332645,1.29185355,0.4266997,1.41654515,0.407879233,0.143159971,0.06864959,1.48452318,0.434522629,0.0105225453,0.01044362,0.179005519,0.150926918,-0.9832746,RightLittleDistal,2.229669,0.150926918,1.40145707
2.2833333,False,1.72066486,LeftFoot,-0.028144272,1.29109085,0.450506479,1.41628325,0.4080072,0.143130377,0.06741047,1.48335016,0.4634418,0.0104545681,0.0105915228,0.179297835,0.151456341,-0.983431935,RightLittleDistal,2.22918749,0.151456341,1.40212142
2.2875,False,1.72622669,LeftFoot,-0.0303234719,1.29032075,0.474036157,1.41604042,0.4080721,0.143087283,0.06528026,1.482139,0.492128253,0.0103940871,0.0106745632,0.1795409,0.151926965,-0.9836107,RightLittleDistal,2.22878027,0.151926965,1.40271962
2.29166675,False,1.73262131,LeftFoot,-0.0363125578,1.284808,0.496099472,1.41581249,0.408079326,0.14303261,0.0622576475,1.480901,0.520518839,0.01033931,0.010631063,0.179739043,0.1523486,-0.983807743,RightLittleDistal,2.22844172,0.1523486,1.40325332
2.29583335,False,1.73915243,LeftLowerLeg,-0.0517847836,1.26592243,0.513836265,1.40808463,0.32426,0.43195647,0.0583437681,1.47964406,0.5485534,0.0102912942,0.0105072856,0.1798989,0.152448609,-0.984021068,Head,1.86085463,0.152448609,1.7139014
2.3,True,1.7385087,LeftUpperLeg,0.04792027,1.43753862,0.5819389,1.4920826,0.5199702,0.8899581,0.05346954,1.478376,0.57608,0.0102323452,0.0110486457,0.1800069,0.152481973,-0.984248161,Head,1.86095011,0.152481973,1.71412754
2.30416656,False,1.73806655,LeftUpperLeg,0.04225571,1.43613422,0.608394861,1.49216509,0.5199878,0.890022,0.04792881,1.47705877,0.6033154,0.0101619987,0.0116085336,0.180054933,0.152471647,-0.9844923,Head,1.86108959,0.152471647,1.71454191
2.3083334,False,1.7387501,LeftUpperLeg,0.03580014,1.43465865,0.6342408,1.49223208,0.519981265,0.8900203,0.04156071,1.47566068,0.629946351,0.01009893,0.0120939026,0.1800521,0.152430087,-0.9847562,Head,1.86116,0.152430087,1.7149694
2.3125,False,1.74048734,LeftUpperLeg,0.0286533777,1.43312442,0.6595937,1.49232054,0.5199537,0.890014946,0.0344615,1.47419477,0.656090438,0.0100427894,0.010571532,0.180003852,0.152360708,-0.985037446,Head,1.86120069,0.152360708,1.71546364
2.3166666,False,1.74339581,LeftUpperLeg,0.0205860175,1.431438,0.6844888,1.49242806,0.51991576,0.8900059,0.0263991356,1.4725678,0.681783259,0.0100009833,0.009906897,0.179923415,0.1522751,-0.9853334,Head,1.86121511,0.1522751,1.71601748
2.32083344,False,1.74741542,LeftUpperLeg,-0.0129460637,1.38426411,0.6904569,1.49255216,0.5199024,0.889993966,0.017321825,1.47077262,0.707034767,0.010006492,0.0112052457,0.1798487,0.1522104,-0.9856417,Head,1.86120486,0.1522104,1.71662331
2.325,False,1.75215626,LeftUpperLeg,-0.0259061251,1.37519622,0.7099963,1.49269056,0.5199057,0.889979541,0.007562697,1.46896732,0.73183,0.0100472411,0.0113670155,0.179773867,0.15215914,-0.98595953,Head,1.86117446,0.15215914,1.71727419
2.32916665,False,1.75770473,LeftUpperLeg,-0.0401961766,1.36429691,0.7277973,1.49284065,0.519888043,0.889962852,-0.00284838676,1.46717834,0.7561749,0.0100839464,0.0113739092,0.179664209,0.152085453,-0.986284554,Head,1.86112523,0.152085453,1.71796227
2.33333325,True,1.76399422,LeftUpperLeg,-0.054486718,1.354138,0.744777858,1.49295831,0.5198512,0.8898803,-0.0139245987,1.46543789,0.7799177,0.0101139592,0.01131434,0.179523945,0.15199174,-0.9866149,Head,1.86102259,0.15199174,1.718615
2.36666656,True,1.76594627,LeftUpperLeg,-0.05448663,1.354138,0.744778,1.49471676,0.5189452,0.88965,-0.0139245391,1.46543789,0.7799178,0.0103821643,0.0100000435,0.177255809,0.150611371,-0.9894835,Head,1.85986257,0.150611371,1.72574282
2.4,True,1.76872969,LeftUpperLeg,-0.0544866,1.354138,0.7447781,1.49698567,0.517214954,0.889340937,-0.0139244795,1.46543789,0.779917836,0.0105102975,0.0100000016,0.173619509,0.142113239,-0.992342532,Head,2.01940441,0.142113239,1.491998
2.4333334,True,1.771788,LeftUpperLeg,-0.05448651,1.354138,0.7447782,1.499391,0.515155733,0.889022052,-0.01392442,1.46543789,0.779918,0.0104962783,0.009999986,0.169552177,0.128293812,-0.9948139,Head,2.01667452,0.128293812,1.50033367
2.4375,False,1.77211916,LeftUpperLeg,-0.0544100143,1.3541379,0.7448766,1.49971783,0.5149076,0.889048636,-0.0138480067,1.46543765,0.780016363,0.0104851546,0.01000004,0.169072479,0.126664713,-0.9950805,Head,2.01639676,0.126664713,1.50140011
2.4416666,False,1.77247965,LeftUpperLeg,-0.0544100441,1.3541379,0.7448768,1.50000381,0.514669836,0.8890125,-0.0138480067,1.46543765,0.7800166,0.01048297,0.0100003248,0.168604016,0.125051245,-0.9953399,Head,2.01607776,0.125051245,1.50240052
2.44583344,False,1.772839,LeftUpperLeg,-0.0544099249,1.3541379,0.7448769,1.50028729,0.5144299,0.888977349,-0.0138479471,1.46543765,0.780016661,0.0104763005,0.009999696,0.168136626,0.123451114,-0.995590866,Head,2.01576233,0.123451114,1.50339389
2.45,False,1.77319491,LeftUpperLeg,-0.0544099249,1.3541379,0.74487704,1.50056612,0.5141888,0.888943,-0.0138478875,1.46543765,0.7800167,0.0104626976,0.0100003239,0.167673782,0.121874243,-0.9958326,Head,2.01545572,0.121874243,1.50437522
2.45416665,False,1.77354372,LeftUpperLeg,-0.0544098057,1.3541379,0.74487716,1.50083816,0.513950169,0.888909757,-0.0138478279,1.46543765,0.7800169,0.0104407892,0.009999841,0.167221323,0.120333746,-0.996064,Head,2.01516414,0.120333746,1.50533938
2.45833325,False,1.77388215,LeftUpperLeg,-0.0544098057,1.3541379,0.7448773,1.50110149,0.5137179,0.888878465,-0.0138477683,1.46543765,0.7800171,0.0104142148,0.0100002708,0.166785687,0.118842691,-0.9962843,Head,2.01489258,0.118842691,1.5062809
2.4625,False,1.77420652,LeftUpperLeg,-0.0544096865,1.3541379,0.7448774,1.50135338,0.5134941,0.8888489,-0.0138477087,1.46543765,0.780017138,0.0103805158,0.009999675,0.166371346,0.1174119,-0.9964931,Head,2.014647,0.1174119,1.50719476
2.4666667,True,1.77454555,LeftUpperLeg,-0.05448648,1.354138,0.744778335,1.50154817,0.5132821,0.888755441,-0.01392436,1.46543789,0.7799182,0.0103394333,0.009999934,0.1659838,0.116053715,-0.9966897,Head,2.01439118,0.116053715,1.50800872
2.4708333,False,1.7748,LeftUpperLeg,-0.0544096865,1.3541379,0.7448775,1.50181282,0.5130829,0.8887961,-0.0138476491,1.46543765,0.7800172,0.01028883,0.0100003239,0.1656274,0.114780709,-0.9968734,Head,2.01425672,0.114780709,1.50891733
2.475,False,1.77505994,LeftUpperLeg,-0.0544095673,1.3541379,0.744877636,1.50201714,0.51290834,0.8887745,-0.0138475895,1.46543765,0.7800174,0.0102409646,0.009999841,0.165313452,0.113601446,-0.997045,Head,2.01411676,0.113601446,1.50972033
2.47916675,False,1.7752955,LeftUpperLeg,-0.0544095673,1.3541379,0.744877756,1.50220847,0.512761831,0.888754964,-0.01384753,1.46543765,0.780017555,0.0102034919,0.0100003248,0.165040985,0.112503394,-0.9972067,Head,2.014005,0.112503394,1.51049352
2.48333335,False,1.77551281,LeftUpperLeg,-0.0544094481,1.3541379,0.7448779,1.50239122,0.5126382,0.888736367,-0.01384747,1.46543765,0.7800176,0.0101771206,0.009999696,0.16480121,0.111467004,-0.9973601,Head,2.01391268,0.111467004,1.51124477
2.4875,False,1.7757169,LeftUpperLeg,-0.0544094481,1.3541379,0.744878,1.5025686,0.5125327,0.8887188,-0.0138474107,1.46543765,0.7800177,0.0101618646,0.0100003239,0.164584726,0.110470928,-0.9975072,Head,2.01383114,0.110470928,1.51198411
2.49166656,False,1.77591383,LeftUpperLeg,-0.05440933,1.3541379,0.7448781,1.502745,0.5124402,0.8887009,-0.0138473511,1.46543765,0.780017853,0.0101589225,0.00999979,0.164383024,0.109496042,-0.997649431,Head,2.013752,0.109496042,1.512718
2.4958334,False,1.77611065,LeftUpperLeg,-0.05440933,1.3541379,0.744878232,1.50292528,0.5123553,0.8886832,-0.0138472915,1.46543765,0.780018032,0.0101657435,0.010000322,0.164186031,0.108521506,-0.997788131,Head,2.013668,0.108521506,1.51345658
2.5,True,1.77634084,LeftUpperLeg,-0.05448639,1.354138,0.744778454,1.50306547,0.5122736,0.8885955,-0.0139243007,1.46543789,0.779918253,0.0101845693,0.0100000435,0.163986251,0.107530981,-0.997924149,Head,2.01352549,0.107530981,1.51413524
2.50000024,True,1.77634132,LeftUpperLeg,-0.05448636,1.354138,0.7447786,1.503066,0.5122736,0.888596,-0.0139242411,1.46543789,0.7799183,0.0101845479,0.009999937,0.163986251,0.107530981,-0.997924149,Head,2.013526,0.107530981,1.5141356
