guid,localId,fighter,seconds,role,bone,x,y,z,qx,qy,qz,qw
7934f1476fe2c6e458c230f491769c34,7400034,Mankey,0,source,AnimatorRoot,0,0,0,0,0,0,1
7934f1476fe2c6e458c230f491769c34,7400034,Mankey,0,source,Hips,-0.0538302138,0.792388,-0.03738627,-0.07320559,0.402744055,0.011546392,0.9123075
7934f1476fe2c6e458c230f491769c34,7400034,Mankey,0,source,LeftUpperLeg,-0.121539138,0.796187758,0.0364601761,-0.437547743,-0.197501242,0.6911253,0.5402696
7934f1476fe2c6e458c230f491769c34,7400034,Mankey,0,source,RightUpperLeg,0.0138788391,0.788588464,-0.111232914,0.285669267,-0.128137529,-0.604532063,0.7324718
7934f1476fe2c6e458c230f491769c34,7400034,Mankey,0,source,LeftLowerLeg,-0.109118663,0.45340386,0.182349876,-0.3804086,-0.296843261,0.582178831,0.6544016
7934f1476fe2c6e458c230f491769c34,7400034,Mankey,0,source,RightLowerLeg,0.101937488,0.431194931,-0.170006573,0.3120521,-0.06494484,-0.7585616,0.5683224
7934f1476fe2c6e458c230f491769c34,7400034,Mankey,0,source,LeftFoot,-0.159886524,0.109694786,0.201286316,0.497296035,0.12322288,-0.828166962,-0.227271512
7934f1476fe2c6e458c230f491769c34,7400034,Mankey,0,source,RightFoot,0.04651982,0.11708051,-0.309049457,0.230692431,-0.225491852,-0.25525403,0.911471367
7934f1476fe2c6e458c230f491769c34,7400034,Mankey,0,source,Spine,-0.0616739765,0.889317036,-0.0495655835,-0.008980938,0.398280144,-0.0305553414,0.9167109
7934f1476fe2c6e458c230f491769c34,7400034,Mankey,0,source,Chest,-0.0504941456,1.06811619,-0.0546137467,0.103741832,0.360701174,-0.0189461745,0.926700234
7934f1476fe2c6e458c230f491769c34,7400034,Mankey,0,source,Neck,-0.0274243336,1.26623571,-0.0175549071,0.333137929,0.277737677,-0.069166556,0.8983859
7934f1476fe2c6e458c230f491769c34,7400034,Mankey,0,source,Head,-0.0005506881,1.33299887,0.0311099924,0.207372487,0.0184845272,-0.0215797517,0.9778494
7934f1476fe2c6e458c230f491769c34,7400034,Mankey,0,source,LeftShoulder,-0.0533967428,1.22225118,-0.00460902648,0.104010537,0.431758434,-0.000293602847,0.895972431
7934f1476fe2c6e458c230f491769c34,7400034,Mankey,0,source,RightShoulder,-0.009571885,1.22461045,-0.04448219,0.9667235,-0.0607473664,-0.23501578,-0.0807665959
7934f1476fe2c6e458c230f491769c34,7400034,Mankey,0,source,LeftUpperArm,-0.142456129,1.20957208,0.105264954,0.100849517,0.412142128,0.496913731,0.7569975
7934f1476fe2c6e458c230f491769c34,7400034,Mankey,0,source,RightUpperArm,0.115695581,1.21331644,-0.110401861,0.8394617,-0.518441558,0.0940623656,0.132946432
7934f1476fe2c6e458c230f491769c34,7400034,Mankey,0,source,LeftLowerArm,-0.180164665,1.02028286,0.223932415,-0.5321917,0.75872767,0.3559173,0.120114356
7934f1476fe2c6e458c230f491769c34,7400034,Mankey,0,source,RightLowerArm,0.2164643,1.02177382,-0.04338891,0.237558618,-0.2043112,0.768146932,0.558367
7934f1476fe2c6e458c230f491769c34,7400034,Mankey,0,source,LeftHand,-0.0845055655,1.19096458,0.3565633,-0.46124804,0.829792738,0.310671329,-0.0466684029
7934f1476fe2c6e458c230f491769c34,7400034,Mankey,0,source,RightHand,0.154155865,1.20159519,0.0968119055,0.05308039,-0.149117589,0.863342345,0.4791525
7934f1476fe2c6e458c230f491769c34,7400034,Mankey,0,source,LeftToes,-0.09967937,0.03497751,0.316235244,0.5123317,0.001801264,-0.8584393,-0.0243976321
7934f1476fe2c6e458c230f491769c34,7400034,Mankey,0,source,RightToes,0.161517143,0.03182781,-0.265133828,0.333992541,-0.2022075,0.0205935948,0.9204005
7934f1476fe2c6e458c230f491769c34,7400034,Mankey,0,source,LeftThumbProximal,-0.0855546445,1.20751238,0.343880534,-0.3734988,0.6918159,-0.6099956,0.09897087
7934f1476fe2c6e458c230f491769c34,7400034,Mankey,0,source,LeftThumbIntermediate,-0.0542645454,1.235953,0.329661936,-0.143488988,0.80317986,-0.522774637,0.247023448
7934f1476fe2c6e458c230f491769c34,7400034,Mankey,0,source,LeftThumbDistal,-0.0291690957,1.25061131,0.337063044,0.536382139,0.6444354,-0.109913133,0.533776343
7934f1476fe2c6e458c230f491769c34,7400034,Mankey,0,source,LeftIndexProximal,-0.0579558648,1.26687682,0.358698666,0.21150884,0.936415553,0.107792296,-0.258401
7934f1476fe2c6e458c230f491769c34,7400034,Mankey,0,source,LeftIndexIntermediate,-0.0339980945,1.25638044,0.3423706,0.8450638,0.456745,-0.131388545,-0.244925857
7934f1476fe2c6e458c230f491769c34,7400034,Mankey,0,source,LeftIndexDistal,-0.04619938,1.23776793,0.342333376,0.89106524,-0.3516097,-0.281165481,-0.0576201156
7934f1476fe2c6e458c230f491769c34,7400034,Mankey,0,source,LeftMiddleProximal,-0.0495348,1.25825465,0.376439065,0.2147531,0.9243682,0.139755756,-0.282654
7934f1476fe2c6e458c230f491769c34,7400034,Mankey,0,source,LeftMiddleIntermediate,-0.02496843,1.24780977,0.3573048,0.832493067,0.456183553,-0.134878844,-0.284007877
7934f1476fe2c6e458c230f491769c34,7400034,Mankey,0,source,LeftMiddleDistal,-0.0369457044,1.229515,0.356549025,0.877057135,-0.347254574,-0.321588039,-0.08226173
7934f1476fe2c6e458c230f491769c34,7400034,Mankey,0,source,LeftRingProximal,-0.0428866856,1.25006926,0.390646338,0.302287161,0.8641121,0.166485637,-0.366354853
7934f1476fe2c6e458c230f491769c34,7400034,Mankey,0,source,LeftRingIntermediate,-0.0256980974,1.23752761,0.367664218,0.8261296,0.387419939,-0.169621691,-0.3723503
7934f1476fe2c6e458c230f491769c34,7400034,Mankey,0,source,LeftRingDistal,-0.0380244181,1.22281826,0.367505848,0.842964053,-0.324709922,-0.402149349,-0.149169534
7934f1476fe2c6e458c230f491769c34,7400034,Mankey,0,source,LeftLittleProximal,-0.03570211,1.23712289,0.40137282,0.27708286,0.853745,0.198929861,-0.39341104
7934f1476fe2c6e458c230f491769c34,7400034,Mankey,0,source,LeftLittleIntermediate,-0.0209664553,1.22843373,0.379910976,0.77203095,0.449472755,-0.144326508,-0.425572962
7934f1476fe2c6e458c230f491769c34,7400034,Mankey,0,source,LeftLittleDistal,-0.0314966552,1.21291542,0.376876682,0.8645869,-0.168186,-0.4065471,-0.242741
7934f1476fe2c6e458c230f491769c34,7400034,Mankey,0,source,RightThumbProximal,0.1498063,1.21529412,0.08167276,0.141986281,0.732773,0.599432,0.289076656
7934f1476fe2c6e458c230f491769c34,7400034,Mankey,0,source,RightThumbIntermediate,0.114450112,1.2400372,0.07036744,-0.313355625,-0.638765931,-0.6941279,-0.109424181
7934f1476fe2c6e458c230f491769c34,7400034,Mankey,0,source,RightThumbDistal,0.09106797,1.25659871,0.0792213,0.659344852,0.177580267,0.5853739,-0.437113076
7934f1476fe2c6e458c230f491769c34,7400034,Mankey,0,source,RightIndexProximal,0.123730637,1.27599609,0.09353764,0.0195919,0.07278405,-0.9817325,0.174701318
7934f1476fe2c6e458c230f491769c34,7400034,Mankey,0,source,RightIndexIntermediate,0.09480183,1.26550961,0.09156712,-0.0599686764,-0.029862348,0.561172366,-0.8249838
7934f1476fe2c6e458c230f491769c34,7400034,Mankey,0,source,RightIndexDistal,0.1030042,1.24498165,0.08897309,0.06267334,-0.0329223946,0.223487526,0.972133
7934f1476fe2c6e458c230f491769c34,7400034,Mankey,0,source,RightMiddleProximal,0.122098938,1.27096033,0.114321329,0.07806109,0.0943435,-0.9650191,0.2318284
7934f1476fe2c6e458c230f491769c34,7400034,Mankey,0,source,RightMiddleIntermediate,0.0931853056,1.25675249,0.1079364,-0.114512682,0.0109143239,0.4778667,-0.870868266
7934f1476fe2c6e458c230f491769c34,7400034,Mankey,0,source,RightMiddleDistal,0.105072349,1.23848581,0.105959415,0.07094032,-0.111876905,0.3524525,0.9264063
7934f1476fe2c6e458c230f491769c34,7400034,Mankey,0,source,RightRingProximal,0.1209843,1.26567483,0.131170064,0.1159203,0.153221369,-0.9311774,0.3098303
7934f1476fe2c6e458c230f491769c34,7400034,Mankey,0,source,RightRingIntermediate,0.0965193659,1.24871421,0.121434435,-0.18865037,0.00921556447,0.381030947,-0.905064762
7934f1476fe2c6e458c230f491769c34,7400034,Mankey,0,source,RightRingDistal,0.110131443,1.23541081,0.1189945,0.1253711,-0.169995517,0.455773979,0.8646699
7934f1476fe2c6e458c230f491769c34,7400034,Mankey,0,source,RightLittleProximal,0.118634552,1.25502145,0.145842209,0.218440011,0.16318436,-0.936395347,0.220950648
7934f1476fe2c6e458c230f491769c34,7400034,Mankey,0,source,RightLittleIntermediate,0.0964884162,1.2456249,0.132636175,-0.269637048,0.0583813153,0.5335282,-0.7995224
7934f1476fe2c6e458c230f491769c34,7400034,Mankey,0,source,RightLittleDistal,0.104547374,1.22881544,0.128945947,0.144712374,-0.264951169,0.257302731,0.9179623
7934f1476fe2c6e458c230f491769c34,7400034,Mankey,0,fighter,AnimatorRoot,0,0,0,0,0,0,1
7934f1476fe2c6e458c230f491769c34,7400034,Mankey,0,fighter,Hips,-0.05383021,0.792387962,-0.0373862647,0.208040237,-0.290461034,-0.59033066,0.7237828
7934f1476fe2c6e458c230f491769c34,7400034,Mankey,0,fighter,LeftUpperLeg,-0.134601071,0.7974547,0.0529178,0.5281866,0.6890694,0.208679169,0.4501729
7934f1476fe2c6e458c230f491769c34,7400034,Mankey,0,fighter,RightUpperLeg,0.0269406345,0.7873211,-0.127690345,0.597240448,0.7543156,0.251629472,0.104854614
7934f1476fe2c6e458c230f491769c34,7400034,Mankey,0,fighter,LeftLowerLeg,-0.121160939,0.4623215,0.199279889,0.6562356,0.5898996,0.31215,0.352045953
7934f1476fe2c6e458c230f491769c34,7400034,Mankey,0,fighter,RightLowerLeg,0.123775914,0.4382868,-0.179793522,0.7769449,0.5560063,0.2863032,0.0724162757
7934f1476fe2c6e458c230f491769c34,7400034,Mankey,0,fighter,LeftFoot,-0.159886539,0.109694682,0.201286286,0.05213937,0.8941764,0.0139939934,0.444448739
7934f1476fe2c6e458c230f491769c34,7400034,Mankey,0,fighter,RightFoot,0.0465197936,0.117080532,-0.309049457,0.08749864,0.957234144,0.04678303,0.271768838
7934f1476fe2c6e458c230f491769c34,7400034,Mankey,0,fighter,Spine,-0.0625194758,0.836141765,-0.0476132,0.217745021,-0.290463924,-0.6291965,0.6872624
7934f1476fe2c6e458c230f491769c34,7400034,Mankey,0,fighter,Chest,-0.062228363,1.07460654,-0.06879043,0.327119231,-0.233471289,-0.720642447,0.5649415
7934f1476fe2c6e458c230f491769c34,7400034,Mankey,0,fighter,Neck,-0.0360370129,1.3535279,-0.02670278,0.433505148,-0.323521644,-0.662233353,0.5185118
7934f1476fe2c6e458c230f491769c34,7400034,Mankey,0,fighter,Head,-0.02317676,1.49743414,0.008805302,0.5728486,-0.386385918,-0.6129111,0.383263469
7934f1476fe2c6e458c230f491769c34,7400034,Mankey,0,fighter,LeftShoulder,0.00830225,1.3013624,0.06331617,0.6762316,0.100060314,-0.304554164,0.663284063
7934f1476fe2c6e458c230f491769c34,7400034,Mankey,0,fighter,RightShoulder,0.0525151752,1.30335319,0.02260889,-0.196249276,-0.569483936,-0.720056653,0.344518483
7934f1476fe2c6e458c230f491769c34,7400034,Mankey,0,fighter,LeftUpperArm,-0.160322532,1.35839009,0.178913876,0.736180663,0.466249675,0.1258584,0.474140555
7934f1476fe2c6e458c230f491769c34,7400034,Mankey,0,fighter,RightUpperArm,0.198029891,1.36121738,-0.120662078,0.303847939,0.6813161,0.5376643,0.39294073
7934f1476fe2c6e458c230f491769c34,7400034,Mankey,0,fighter,LeftLowerArm,-0.310699761,1.13126671,0.251300246,-0.03536155,0.9043594,-0.350721627,0.240579069
7934f1476fe2c6e458c230f491769c34,7400034,Mankey,0,fighter,RightLowerArm,0.340799242,1.12543082,-0.0618417077,-0.3897185,0.3690326,-0.0054907985,0.8437446
7934f1476fe2c6e458c230f491769c34,7400034,Mankey,0,fighter,LeftHand,-0.08450563,1.1909647,0.356563538,0.464367121,-0.7961097,-0.3604276,-0.143751726
7934f1476fe2c6e458c230f491769c34,7400034,Mankey,0,fighter,RightHand,0.154155657,1.20159519,0.09681181,0.196141168,0.2352787,-0.509800553,0.803913236
7934f1476fe2c6e458c230f491769c34,7400034,Mankey,0,fighter,LeftToes,0.01258678,0.105082177,0.42288065,0.126973107,0.860826731,0.0599539429,0.4891435
7934f1476fe2c6e458c230f491769c34,7400034,Mankey,0,fighter,RightToes,0.282352269,0.08764194,-0.1594212,0.157714546,0.9618663,0.0601439029,0.2152262
7934f1476fe2c6e458c230f491769c34,7400034,Mankey,0,fighter,LeftEye,-0.143156737,1.54251957,0.227581456,0.430207968,-0.340557456,-0.480348378,-0.684256852
7934f1476fe2c6e458c230f491769c34,7400034,Mankey,0,fighter,RightEye,0.119091853,1.53344631,0.215738907,0.277366132,-0.47029385,-0.6979215,-0.463462651
7934f1476fe2c6e458c230f491769c34,7400034,Mankey,0,fighter,Jaw,-0.0227684658,1.336904,0.140768468,0.6779505,0.1335386,-0.703995168,-0.164139956
7934f1476fe2c6e458c230f491769c34,7400034,Mankey,0,fighter,LeftThumbProximal,-0.0513503253,1.25598407,0.348449051,0.221655369,-0.931781054,-0.2676285,0.10501571
7934f1476fe2c6e458c230f491769c34,7400034,Mankey,0,fighter,LeftThumbIntermediate,-0.0118429279,1.27705967,0.344988227,0.178954631,-0.91154176,-0.31718117,-0.190952927
7934f1476fe2c6e458c230f491769c34,7400034,Mankey,0,fighter,LeftThumbDistal,0.02161076,1.28501058,0.362882972,-0.0679883957,-0.440221936,-0.332778126,-0.831168652
7934f1476fe2c6e458c230f491769c34,7400034,Mankey,0,fighter,LeftMiddleProximal,-0.0246018786,1.30623019,0.39061,-0.263109237,-0.922708869,-0.156560481,0.234245941
7934f1476fe2c6e458c230f491769c34,7400034,Mankey,0,fighter,LeftMiddleIntermediate,0.0209946949,1.28123045,0.3593957,-0.8816313,-0.378442,-0.03966733,0.27916804
7934f1476fe2c6e458c230f491769c34,7400034,Mankey,0,fighter,LeftMiddleDistal,-0.016899161,1.24681818,0.344394147,-0.8869428,0.40093267,0.1502319,0.173252314
7934f1476fe2c6e458c230f491769c34,7400034,Mankey,0,fighter,LeftRingProximal,-0.0060783173,1.27683115,0.433473319,-0.3320989,-0.8542847,-0.237527415,0.321697116
7934f1476fe2c6e458c230f491769c34,7400034,Mankey,0,fighter,LeftRingIntermediate,0.0244557429,1.254717,0.395740062,-0.8632199,-0.3243655,-0.0030785352,0.386820018
7934f1476fe2c6e458c230f491769c34,7400034,Mankey,0,fighter,LeftRingDistal,-0.0187337119,1.22421491,0.38172245,-0.8584089,0.3509003,0.275159955,0.2535565
7934f1476fe2c6e458c230f491769c34,7400034,Mankey,0,fighter,LeftLittleProximal,-0.0032209,1.22633839,0.466087043,-0.2935736,-0.853847,-0.256982625,0.344558239
7934f1476fe2c6e458c230f491769c34,7400034,Mankey,0,fighter,LeftLittleIntermediate,0.0282597989,1.20904326,0.426653564,-0.823117256,-0.392017961,-0.0484975278,0.407981068
7934f1476fe2c6e458c230f491769c34,7400034,Mankey,0,fighter,LeftLittleDistal,-0.009800595,1.17552841,0.4045394,-0.8907396,0.20689854,0.260887176,0.30937767
7934f1476fe2c6e458c230f491769c34,7400034,Mankey,0,fighter,RightThumbProximal,0.11509414,1.26317954,0.08820073,-0.11526262,0.02607499,0.210534,-0.970417738
7934f1476fe2c6e458c230f491769c34,7400034,Mankey,0,fighter,RightThumbIntermediate,0.0742257461,1.28180087,0.08810756,0.1579421,0.244503349,-0.225302532,0.929791331
7934f1476fe2c6e458c230f491769c34,7400034,Mankey,0,fighter,RightThumbDistal,0.0440325662,1.29504764,0.1084909,-0.258864939,-0.8410291,0.09732871,-0.464959085
7934f1476fe2c6e458c230f491769c34,7400034,Mankey,0,fighter,RightMiddleProximal,0.09924247,1.320417,0.126805186,-0.115080394,0.0146947652,-0.302649826,-0.9460148
7934f1476fe2c6e458c230f491769c34,7400034,Mankey,0,fighter,RightMiddleIntermediate,0.0497300439,1.28589308,0.120894305,0.146832541,-0.08423826,0.9024211,0.3962084
7934f1476fe2c6e458c230f491769c34,7400034,Mankey,0,fighter,RightMiddleDistal,0.08402329,1.24906909,0.103198223,-0.0686360151,0.119303033,-0.907368064,0.397164583
7934f1476fe2c6e458c230f491769c34,7400034,Mankey,0,fighter,RightRingProximal,0.0977022,1.29988456,0.177998409,-0.224768981,0.0458517075,-0.366098,-0.9018589
7934f1476fe2c6e458c230f491769c34,7400034,Mankey,0,fighter,RightRingIntermediate,0.05888438,1.26576126,0.1648086,0.145024717,-0.17336303,0.9249408,0.3056112
7934f1476fe2c6e458c230f491769c34,7400034,Mankey,0,fighter,RightRingDistal,0.101066612,1.23758686,0.144337267,0.0468889773,0.1937485,-0.8517558,0.484536648
7934f1476fe2c6e458c230f491769c34,7400034,Mankey,0,fighter,RightLittleProximal,0.109376818,1.25687623,0.21843794,-0.204893738,0.142696843,-0.261321843,-0.9323988
7934f1476fe2c6e458c230f491769c34,7400034,Mankey,0,fighter,RightLittleIntermediate,0.06549388,1.23400187,0.198532045,0.126900584,-0.214682683,0.8432397,0.476188242
7934f1476fe2c6e458c230f491769c34,7400034,Mankey,0,fighter,RightLittleDistal,0.09394698,1.19258547,0.175380066,0.11828886,0.1959085,-0.925918,0.300506443
7934f1476fe2c6e458c230f491769c34,7400034,Mankey,0,fighter,UpperChest,-0.0445905775,1.190105,-0.0439851955,0.312267423,-0.252991825,-0.6848368,0.607850969
7934f1476fe2c6e458c230f491769c34,7400034,Mankey,0.0166666675,source,AnimatorRoot,3.05095949E-10,3.27497751E-12,0.0040733004,0,0,1.50553257E-17,1
7934f1476fe2c6e458c230f491769c34,7400034,Mankey,0.0166666675,source,Hips,-0.05513521,0.78731066,-0.0278196335,-0.07132355,0.404098719,0.0112385331,0.911861241
7934f1476fe2c6e458c230f491769c34,7400034,Mankey,0.0166666675,source,LeftUpperLeg,-0.122626372,0.7910351,0.0462297127,-0.450821429,-0.193852663,0.7008477,0.5176812
7934f1476fe2c6e458c230f491769c34,7400034,Mankey,0.0166666675,source,RightUpperLeg,0.0123560783,0.7835864,-0.101869173,0.28535378,-0.117567174,-0.6014199,0.736916065
7934f1476fe2c6e458c230f491769c34,7400034,Mankey,0.0166666675,source,LeftLowerLeg,-0.101181373,0.4554091,0.206959814,-0.3718275,-0.323040217,0.5593794,0.6666964
7934f1476fe2c6e458c230f491769c34,7400034,Mankey,0.0166666675,source,RightLowerLeg,0.1051488,0.4281784,-0.165221035,0.312887847,-0.05806594,-0.76188767,0.5641425
7934f1476fe2c6e458c230f491769c34,7400034,Mankey,0.0166666675,source,LeftFoot,-0.158760622,0.112290822,0.201825991,0.5004447,0.134958372,-0.8226733,-0.233559892
7934f1476fe2c6e458c230f491769c34,7400034,Mankey,0.0166666675,source,RightFoot,0.04680061,0.116424717,-0.308318853,0.232190341,-0.231310815,-0.257888258,0.908887565
7934f1476fe2c6e458c230f491769c34,7400034,Mankey,0.0166666675,source,Spine,-0.06279331,0.884294331,-0.03967748,-0.0116038,0.3987861,-0.03616825,0.9162571
7934f1476fe2c6e458c230f491769c34,7400034,Mankey,0.0166666675,source,Chest,-0.0501489863,1.062941,-0.04639618,0.104172654,0.36067158,-0.0237588678,0.9265528
7934f1476fe2c6e458c230f491769c34,7400034,Mankey,0.0166666675,source,Neck,-0.02521061,1.2609359,-0.009885797,0.336354464,0.284170568,-0.071002,0.895026267
7934f1476fe2c6e458c230f491769c34,7400034,Mankey,0.0166666675,source,Head,0.00243929168,1.32728016,0.0389169045,0.213538915,0.0326065347,-0.0179636423,0.976225257
7934f1476fe2c6e458c230f491769c34,7400034,Mankey,0.0166666675,source,LeftShoulder,-0.0515748039,1.21722746,0.003203057,0.105032422,0.430158466,-0.00489890436,0.8966094
7934f1476fe2c6e458c230f491769c34,7400034,Mankey,0.0166666675,source,RightShoulder,-0.00777175324,1.21907651,-0.0367209725,0.967841566,-0.0651502758,-0.229309723,-0.08034859
7934f1476fe2c6e458c230f491769c34,7400034,Mankey,0.0166666675,source,LeftUpperArm,-0.141019076,1.20564365,0.112885155,0.105571471,0.410656244,0.4935759,0.759341359
7934f1476fe2c6e458c230f491769c34,7400034,Mankey,0.0166666675,source,RightUpperArm,0.118090667,1.20639467,-0.101240009,0.840810359,-0.5168132,0.0917847,0.132357374
7934f1476fe2c6e458c230f491769c34,7400034,Mankey,0.0166666675,source,LeftLowerArm,-0.180779725,1.01616442,0.230575442,-0.526024938,0.761746764,0.3594685,0.117568731
7934f1476fe2c6e458c230f491769c34,7400034,Mankey,0.0166666675,source,RightLowerArm,0.2198151,1.01499414,-0.03527344,0.2426714,-0.192782432,0.7711337,0.5561467
7934f1476fe2c6e458c230f491769c34,7400034,Mankey,0.0166666675,source,LeftHand,-0.08174951,1.1856159,0.3623065,-0.4505871,0.834278166,0.3121546,-0.0592566654
7934f1476fe2c6e458c230f491769c34,7400034,Mankey,0.0166666675,source,RightHand,0.15749754,1.19562316,0.103881076,0.07187191,-0.138215974,0.865675449,0.47574988
7934f1476fe2c6e458c230f491769c34,7400034,Mankey,0.0166666675,source,LeftToes,-0.100362085,0.0345232524,0.31567955,0.518268943,0.008405765,-0.8548941,-0.0219800379
7934f1476fe2c6e458c230f491769c34,7400034,Mankey,0.0166666675,source,RightToes,0.160597041,0.0301467627,-0.263291478,0.3340305,-0.208792865,0.0185257532,0.918959141
7934f1476fe2c6e458c230f491769c34,7400034,Mankey,0.0166666675,source,LeftThumbProximal,-0.08292917,1.20201433,0.349442363,-0.37787202,0.6918201,-0.6097639,0.082380034
7934f1476fe2c6e458c230f491769c34,7400034,Mankey,0.0166666675,source,LeftThumbIntermediate,-0.0516637266,1.22982013,0.333969623,-0.146824226,0.804211855,-0.527596533,0.230930015
7934f1476fe2c6e458c230f491769c34,7400034,Mankey,0.0166666675,source,LeftThumbDistal,-0.026165003,1.2442106,0.340462685,0.5358456,0.647432745,-0.125473931,0.52721715
7934f1476fe2c6e458c230f491769c34,7400034,Mankey,0.0166666675,source,LeftIndexProximal,-0.054092437,1.26116085,0.362690747,0.221306741,0.9318012,0.100538611,-0.269560367
7934f1476fe2c6e458c230f491769c34,7400034,Mankey,0.0166666675,source,LeftIndexIntermediate,-0.0307594761,1.25011539,0.3458288,0.8478842,0.4463647,-0.144617617,-0.246855214
7934f1476fe2c6e458c230f491769c34,7400034,Mankey,0.0166666675,source,LeftIndexDistal,-0.0432155542,1.23168063,0.346382171,0.8848181,-0.360499233,-0.29112497,-0.0488341078
7934f1476fe2c6e458c230f491769c34,7400034,Mankey,0.0166666675,source,LeftMiddleProximal,-0.04528938,1.25264561,0.3802968,0.225077018,0.919594049,0.132700592,-0.2933912
7934f1476fe2c6e458c230f491769c34,7400034,Mankey,0.0166666675,source,LeftMiddleIntermediate,-0.02142766,1.24160707,0.360612124,0.835514247,0.445313364,-0.147648349,-0.2860294
7934f1476fe2c6e458c230f491769c34,7400034,Mankey,0.0166666675,source,LeftMiddleDistal,-0.0336759165,1.2234776,0.360436678,0.8704266,-0.356657684,-0.331195951,-0.07391056
7934f1476fe2c6e458c230f491769c34,7400034,Mankey,0.0166666675,source,LeftRingProximal,-0.0383532979,1.24454725,0.394416064,0.3130936,0.85770905,0.1591625,-0.375467032
7934f1476fe2c6e458c230f491769c34,7400034,Mankey,0.0166666675,source,LeftRingIntermediate,-0.0220046975,1.23146915,0.371122241,0.8287421,0.375122935,-0.181226,-0.373667121
7934f1476fe2c6e458c230f491769c34,7400034,Mankey,0.0166666675,source,LeftRingDistal,-0.0345346779,1.21693707,0.37150684,0.835784256,-0.335348427,-0.41093275,-0.141919822
7934f1476fe2c6e458c230f491769c34,7400034,Mankey,0.0166666675,source,LeftLittleProximal,-0.031046899,1.23163676,0.405103445,0.288456351,0.8473466,0.192219049,-0.402305156
7934f1476fe2c6e458c230f491769c34,7400034,Mankey,0.0166666675,source,LeftLittleIntermediate,-0.0170527678,1.22246492,0.383348137,0.775794744,0.436955571,-0.155189455,-0.427936137
7934f1476fe2c6e458c230f491769c34,7400034,Mankey,0.0166666675,source,LeftLittleDistal,-0.0278809331,1.20706177,0.3808179,0.8590534,-0.180360764,-0.415987849,-0.237596467
7934f1476fe2c6e458c230f491769c34,7400034,Mankey,0.0166666675,source,RightThumbProximal,0.1523182,1.209234,0.08892457,0.148813918,0.7400121,0.5980581,0.269376785
7934f1476fe2c6e458c230f491769c34,7400034,Mankey,0.0166666675,source,RightThumbIntermediate,0.116157591,1.23343289,0.07908015,-0.322914958,-0.643616855,-0.6878818,-0.0911195651
7934f1476fe2c6e458c230f491769c34,7400034,Mankey,0.0166666675,source,RightThumbDistal,0.0929201543,1.24965847,0.0888858661,0.670299649,0.173677683,0.5681533,-0.444676578
7934f1476fe2c6e458c230f491769c34,7400034,Mankey,0.0166666675,source,RightIndexProximal,0.12585777,1.26955938,0.101813689,-0.00149029342,0.0759839043,-0.9806433,0.180455059
7934f1476fe2c6e458c230f491769c34,7400034,Mankey,0.0166666675,source,RightIndexIntermediate,0.09703136,1.25864172,0.101058044,-0.0475762263,-0.0471509174,0.556166,-0.828368068
7934f1476fe2c6e458c230f491769c34,7400034,Mankey,0.0166666675,source,RightIndexDistal,0.105423495,1.23823416,0.0981420353,0.06699583,-0.0120840417,0.229376271,0.9709549
7934f1476fe2c6e458c230f491769c34,7400034,Mankey,0.0166666675,source,RightMiddleProximal,0.125167549,1.2645303,0.122651517,0.0571194664,0.09917166,-0.964738548,0.237028956
7934f1476fe2c6e458c230f491769c34,7400034,Mankey,0.0166666675,source,RightMiddleIntermediate,0.0962280557,1.24988556,0.117487773,-0.1041178,-0.007792892,0.47365135,-0.874502063
7934f1476fe2c6e458c230f491769c34,7400034,Mankey,0.0166666675,source,RightMiddleDistal,0.10829322,1.2317946,0.115032941,0.0785588,-0.09183539,0.357843,0.9259287
7934f1476fe2c6e458c230f491769c34,7400034,Mankey,0.0166666675,source,RightRingProximal,0.124833867,1.25925338,0.139536515,0.09519114,0.159959808,-0.9311469,0.313556284
7934f1476fe2c6e458c230f491769c34,7400034,Mankey,0.0166666675,source,RightRingIntermediate,0.100240193,1.24191737,0.130842,-0.1802208,-0.0108101657,0.378129244,-0.907977462
7934f1476fe2c6e458c230f491769c34,7400034,Mankey,0.0166666675,source,RightRingDistal,0.113935567,1.228814,0.127848715,0.135594562,-0.150760829,0.45958063,0.8646802
7934f1476fe2c6e458c230f491769c34,7400034,Mankey,0.0166666675,source,RightLittleProximal,0.123255551,1.24858785,0.154302672,0.1975543,0.1688296,-0.93916446,0.224588722
7934f1476fe2c6e458c230f491769c34,7400034,Mankey,0.0166666675,source,RightLittleIntermediate,0.100721478,1.23884416,0.142037973,-0.258439779,0.0400260352,0.5330316,-0.804664731
7934f1476fe2c6e458c230f491769c34,7400034,Mankey,0.0166666675,source,RightLittleDistal,0.108869322,1.222151,0.138029531,0.151475355,-0.244554251,0.26120618,0.921423137
7934f1476fe2c6e458c230f491769c34,7400034,Mankey,0.0166666675,fighter,AnimatorRoot,0,0,0,0,0,0,1
7934f1476fe2c6e458c230f491769c34,7400034,Mankey,0.0166666675,fighter,Hips,-0.0551352054,0.787310541,-0.0278196316,0.208336011,-0.2878544,-0.5915974,0.7237047
7934f1476fe2c6e458c230f491769c34,7400034,Mankey,0.0166666675,fighter,LeftUpperLeg,-0.135549411,0.79204464,0.06282017,0.5054506,0.6977081,0.2075764,0.4632873
7934f1476fe2c6e458c230f491769c34,7400034,Mankey,0.0166666675,fighter,RightUpperLeg,0.0252789855,0.7825765,-0.118459433,0.5941768,0.7587755,0.250024259,0.09328255
7934f1476fe2c6e458c230f491769c34,7400034,Mankey,0.0166666675,fighter,LeftLowerLeg,-0.113676995,0.463552833,0.222605869,0.66694206,0.5680105,0.3373746,0.3445735
7934f1476fe2c6e458c230f491769c34,7400034,Mankey,0.0166666675,fighter,RightLowerLeg,0.1264639,0.435534835,-0.1753845,0.7797854,0.5529427,0.286311269,0.0649234056
7934f1476fe2c6e458c230f491769c34,7400034,Mankey,0.0166666675,fighter,LeftFoot,-0.1587606,0.112290993,0.201825976,0.0586264133,0.890633,0.0253735334,0.4502132
7934f1476fe2c6e458c230f491769c34,7400034,Mankey,0.0166666675,fighter,RightFoot,0.04680064,0.116424561,-0.308318853,0.09141369,0.955266058,0.0471966863,0.277277648
7934f1476fe2c6e458c230f491769c34,7400034,Mankey,0.0166666675,fighter,Spine,-0.0638346747,0.831113458,-0.0378255,0.213644236,-0.293223381,-0.6303368,0.6863321
7934f1476fe2c6e458c230f491769c34,7400034,Mankey,0.0166666675,fighter,Chest,-0.06206588,1.06939375,-0.0609209947,0.325549364,-0.23496747,-0.7226883,0.5626098
7934f1476fe2c6e458c230f491769c34,7400034,Mankey,0.0166666675,fighter,Neck,-0.033780992,1.34817457,-0.0192598645,0.430903256,-0.3180817,-0.6661076,0.5190832
7934f1476fe2c6e458c230f491769c34,7400034,Mankey,0.0166666675,fighter,Head,-0.0204280354,1.49184382,0.0170174744,0.5698579,-0.373623669,-0.620438635,0.388232023
7934f1476fe2c6e458c230f491769c34,7400034,Mankey,0.0166666675,fighter,LeftShoulder,0.01024633,1.2958132,0.0707985163,0.676306546,0.09668401,-0.3059646,0.663059
7934f1476fe2c6e458c230f491769c34,7400034,Mankey,0.0166666675,fighter,RightShoulder,0.0544390529,1.29741871,0.03005229,-0.1949516,-0.570035636,-0.722978234,0.338165641
7934f1476fe2c6e458c230f491769c34,7400034,Mankey,0.0166666675,fighter,LeftUpperArm,-0.158294931,1.354175,0.185851,0.737480164,0.4654075,0.121787362,0.474011749
7934f1476fe2c6e458c230f491769c34,7400034,Mankey,0.0166666675,fighter,RightUpperArm,0.202010229,1.35402834,-0.111607276,0.303135544,0.681115,0.5386877,0.3924374
7934f1476fe2c6e458c230f491769c34,7400034,Mankey,0.0166666675,fighter,LeftLowerArm,-0.309682578,1.12815714,0.259578645,-0.0334473327,0.906733453,-0.349421561,0.233711034
7934f1476fe2c6e458c230f491769c34,7400034,Mankey,0.0166666675,fighter,RightLowerArm,0.3452462,1.11847615,-0.05298376,-0.403128564,0.366128564,-0.00330265984,0.8387056
7934f1476fe2c6e458c230f491769c34,7400034,Mankey,0.0166666675,fighter,LeftHand,-0.0817496553,1.1856159,0.362306625,0.454467118,-0.803654253,-0.3608186,-0.131946668
7934f1476fe2c6e458c230f491769c34,7400034,Mankey,0.0166666675,fighter,RightHand,0.157497451,1.19562292,0.103880942,0.183269516,0.253120631,-0.507915854,0.80272305
7934f1476fe2c6e458c230f491769c34,7400034,Mankey,0.0166666675,fighter,LeftToes,0.0104753487,0.101627953,0.425696045,0.124026582,0.857745647,0.0671676546,0.4943465
7934f1476fe2c6e458c230f491769c34,7400034,Mankey,0.0166666675,fighter,RightToes,0.280675769,0.08475352,-0.15609692,0.1615107,0.9599185,0.06118957,0.220741957
7934f1476fe2c6e458c230f491769c34,7400034,Mankey,0.0166666675,fighter,LeftEye,-0.135232732,1.53247333,0.239413574,0.421470225,-0.343426168,-0.492477655,-0.6796232
7934f1476fe2c6e458c230f491769c34,7400034,Mankey,0.0166666675,fighter,RightEye,0.126712069,1.52691674,0.22068,0.2681359,-0.469784617,-0.7075228,-0.454772
7934f1476fe2c6e458c230f491769c34,7400034,Mankey,0.0166666675,fighter,Jaw,-0.0145901907,1.32958984,0.146724448,0.66679424,0.140420377,-0.7128266,-0.1659716
7934f1476fe2c6e458c230f491769c34,7400034,Mankey,0.0166666675,fighter,LeftThumbProximal,-0.04793502,1.25004506,0.352401674,0.209676951,-0.9336021,-0.26538527,0.1182964
7934f1476fe2c6e458c230f491769c34,7400034,Mankey,0.0166666675,fighter,LeftThumbIntermediate,-0.00822998,1.27044773,0.3474798,0.168431818,-0.9177749,-0.312125236,-0.178600773
7934f1476fe2c6e458c230f491769c34,7400034,Mankey,0.0166666675,fighter,LeftThumbDistal,0.0258609783,1.27811015,0.364263147,-0.0707028359,-0.4542507,-0.32227838,-0.8275231
7934f1476fe2c6e458c230f491769c34,7400034,Mankey,0.0166666675,fighter,LeftMiddleProximal,-0.01929476,1.30043507,0.393123329,-0.2741825,-0.918080568,-0.148239955,0.244903475
7934f1476fe2c6e458c230f491769c34,7400034,Mankey,0.0166666675,fighter,LeftMiddleIntermediate,0.02496058,1.27430522,0.360920072,-0.886914551,-0.367646933,-0.0261342674,0.278452277
7934f1476fe2c6e458c230f491769c34,7400034,Mankey,0.0166666675,fighter,LeftMiddleDistal,-0.013887425,1.24029613,0.347526163,-0.8826253,0.411355883,0.159336329,0.162392974
7934f1476fe2c6e458c230f491769c34,7400034,Mankey,0.0166666675,fighter,LeftRingProximal,3.27684029E-05,1.27132177,0.4358262,-0.344396472,-0.8484014,-0.229208276,0.3302579
7934f1476fe2c6e458c230f491769c34,7400034,Mankey,0.0166666675,fighter,LeftRingIntermediate,0.0290840045,1.248227,0.397514135,-0.868277848,-0.3118709,0.008967474,0.38568154
7934f1476fe2c6e458c230f491769c34,7400034,Mankey,0.0166666675,fighter,LeftRingDistal,-0.0149674732,1.21822357,0.38520667,-0.853173852,0.3631584,0.283526748,0.244587958
7934f1476fe2c6e458c230f491769c34,7400034,Mankey,0.0166666675,fighter,LeftLittleProximal,0.003115074,1.22121263,0.469006121,-0.306289315,-0.8480756,-0.249348819,0.353242457
7934f1476fe2c6e458c230f491769c34,7400034,Mankey,0.0166666675,fighter,LeftLittleIntermediate,0.0331356041,1.20289826,0.428899825,-0.8295231,-0.37981838,-0.0367405564,0.407774448
7934f1476fe2c6e458c230f491769c34,7400034,Mankey,0.0166666675,fighter,LeftLittleDistal,-0.006077561,1.16969359,0.408389837,-0.887207448,0.220161438,0.270292521,0.3022158
7934f1476fe2c6e458c230f491769c34,7400034,Mankey,0.0166666675,fighter,RightThumbProximal,0.117198505,1.25660825,0.09685168,-0.110177584,0.00599485636,0.205845833,-0.9723441
7934f1476fe2c6e458c230f491769c34,7400034,Mankey,0.0166666675,fighter,RightThumbIntermediate,0.07609694,1.27464569,0.09836523,0.1503706,0.2639621,-0.2230019,0.926274
7934f1476fe2c6e458c230f491769c34,7400034,Mankey,0.0166666675,fighter,RightThumbDistal,0.046590887,1.28758252,0.119920149,-0.250841618,-0.8517484,0.100937814,-0.448793232
7934f1476fe2c6e458c230f491769c34,7400034,Mankey,0.0166666675,fighter,RightMiddleProximal,0.1021164,1.31366026,0.136034474,-0.120684005,-0.007316187,-0.306983739,-0.94400394
7934f1476fe2c6e458c230f491769c34,7400034,Mankey,0.0166666675,fighter,RightMiddleIntermediate,0.05290467,1.27840161,0.132378459,0.165033445,-0.07254106,0.9021998,0.391839385
7934f1476fe2c6e458c230f491769c34,7400034,Mankey,0.0166666675,fighter,RightMiddleDistal,0.08695977,1.24196529,0.113462329,-0.08933717,0.124581292,-0.903222859,0.400858521
7934f1476fe2c6e458c230f491769c34,7400034,Mankey,0.0166666675,fighter,RightRingProximal,0.103013657,1.2931819,0.187264666,-0.231822133,0.0237137079,-0.367956549,-0.9001693
7934f1476fe2c6e458c230f491769c34,7400034,Mankey,0.0166666675,fighter,RightRingIntermediate,0.06417708,1.2584331,0.175887644,0.164580673,-0.1635541,0.9243232,0.3029693
7934f1476fe2c6e458c230f491769c34,7400034,Mankey,0.0166666675,fighter,RightRingDistal,0.105872914,1.23074067,0.153823823,0.0265994668,0.201851666,-0.849600554,0.486547321
7934f1476fe2c6e458c230f491769c34,7400034,Mankey,0.0166666675,fighter,RightLittleProximal,0.117000215,1.25041068,0.227219269,-0.210609,0.12047708,-0.264320731,-0.9334153
7934f1476fe2c6e458c230f491769c34,7400034,Mankey,0.0166666675,fighter,RightLittleIntermediate,0.07266161,1.22679722,0.209283844,0.1447113,-0.201328754,0.8444251,0.4748393
7934f1476fe2c6e458c230f491769c34,7400034,Mankey,0.0166666675,fighter,RightLittleDistal,0.100721404,1.18565357,0.185184628,0.0965980738,0.200355083,-0.9265546,0.303353578
7934f1476fe2c6e458c230f491769c34,7400034,Mankey,0.0166666675,fighter,UpperChest,-0.0435552672,1.18479466,-0.0362979472,0.310609221,-0.254389465,-0.687021136,0.6056484
7934f1476fe2c6e458c230f491769c34,7400034,Mankey,0.0333333351,source,AnimatorRoot,1.179334E-09,1.26592712E-11,0.01574515,0,0,3.011065E-17,1
7934f1476fe2c6e458c230f491769c34,7400034,Mankey,0.0333333351,source,Hips,-0.0552761853,0.778898656,-0.0174014959,-0.06771982,0.4050859,0.0108821774,0.9117023
7934f1476fe2c6e458c230f491769c34,7400034,Mankey,0.0333333351,source,LeftUpperLeg,-0.122608751,0.782409966,0.05680248,-0.477135539,-0.17938453,0.714391232,0.4793831
7934f1476fe2c6e458c230f491769c34,7400034,Mankey,0.0333333351,source,RightUpperLeg,0.0120565118,0.775387466,-0.09160567,0.287430018,-0.112725906,-0.5957294,0.7414739
7934f1476fe2c6e458c230f491769c34,7400034,Mankey,0.0333333351,source,LeftLowerLeg,-0.0909003839,0.463297129,0.246803716,-0.359288245,-0.352891058,0.530278146,0.682044864
7934f1476fe2c6e458c230f491769c34,7400034,Mankey,0.0333333351,source,RightLowerLeg,0.110758945,0.42193687,-0.156945691,0.3167581,-0.04759254,-0.768314362,0.5541593
7934f1476fe2c6e458c230f491769c34,7400034,Mankey,0.0333333351,source,LeftFoot,-0.156505778,0.123372078,0.211893544,0.491890937,0.173574165,-0.8135275,-0.257077068
7934f1476fe2c6e458c230f491769c34,7400034,Mankey,0.0333333351,source,RightFoot,0.04633724,0.115150139,-0.30795458,0.2311494,-0.229111224,-0.2584574,0.9095483
7934f1476fe2c6e458c230f491769c34,7400034,Mankey,0.0333333351,source,Spine,-0.0625979,0.8759821,-0.0286392365,-0.0183488615,0.3994076,-0.0407948345,0.9156816
7934f1476fe2c6e458c230f491769c34,7400034,Mankey,0.0333333351,source,Chest,-0.0494064167,1.05445719,-0.0382439271,0.104657173,0.360831767,-0.02958904,0.926267862
7934f1476fe2c6e458c230f491769c34,7400034,Mankey,0.0333333351,source,Neck,-0.02220329,1.252279,-0.00241909176,0.338406682,0.2905138,-0.07608391,0.891792655
7934f1476fe2c6e458c230f491769c34,7400034,Mankey,0.0333333351,source,Head,0.006668479,1.31825292,0.04617785,0.219974771,0.04791238,-0.0147097837,0.974217355
7934f1476fe2c6e458c230f491769c34,7400034,Mankey,0.0333333351,source,LeftShoulder,-0.049029924,1.20890963,0.0108559225,0.106118947,0.435075849,-0.009131571,0.894072056
7934f1476fe2c6e458c230f491769c34,7400034,Mankey,0.0333333351,source,RightShoulder,-0.005277414,1.21014154,-0.02914727,0.971319854,-0.07174893,-0.212665364,-0.078509666
7934f1476fe2c6e458c230f491769c34,7400034,Mankey,0.0333333351,source,LeftUpperArm,-0.137248963,1.198116,0.121605746,0.113057345,0.413520545,0.487282068,0.7607729
7934f1476fe2c6e458c230f491769c34,7400034,Mankey,0.0333333351,source,RightUpperArm,0.122417673,1.19508421,-0.08941439,0.844902456,-0.5095544,0.09491882,0.1322317
7934f1476fe2c6e458c230f491769c34,7400034,Mankey,0.0333333351,source,LeftLowerArm,-0.178737313,1.00894654,0.239198014,-0.5164328,0.7685907,0.362197042,0.106673986
7934f1476fe2c6e458c230f491769c34,7400034,Mankey,0.0333333351,source,RightLowerArm,0.227252886,1.005687,-0.02254211,0.245246649,-0.176313058,0.7773996,0.551740766
7934f1476fe2c6e458c230f491769c34,7400034,Mankey,0.0333333351,source,LeftHand,-0.07382487,1.17832839,0.36638692,-0.438967824,0.8376845,0.316621244,-0.07309567
7934f1476fe2c6e458c230f491769c34,7400034,Mankey,0.0333333351,source,RightHand,0.163221851,1.18801916,0.11358048,0.09041208,-0.125346512,0.8676157,0.472607166
7934f1476fe2c6e458c230f491769c34,7400034,Mankey,0.0333333351,source,LeftToes,-0.09902069,0.03517198,0.31836915,0.5211227,0.03259649,-0.8527993,-0.0101136491
7934f1476fe2c6e458c230f491769c34,7400034,Mankey,0.0333333351,source,RightToes,0.160349,0.0288905725,-0.2634396,0.3336925,-0.206464589,0.0176860467,0.9196245
7934f1476fe2c6e458c230f491769c34,7400034,Mankey,0.0333333351,source,LeftThumbProximal,-0.0752085149,1.194635,0.353426933,-0.383548528,0.6932076,-0.606776,0.06463147
7934f1476fe2c6e458c230f491769c34,7400034,Mankey,0.0333333351,source,LeftThumbIntermediate,-0.04409596,1.221856,0.336660057,-0.15097335,0.806794763,-0.530091941,0.212820008
7934f1476fe2c6e458c230f491769c34,7400034,Mankey,0.0333333351,source,LeftThumbDistal,-0.01818934,1.23592865,0.342158645,0.5360165,0.651892,-0.141092688,0.5175102
7934f1476fe2c6e458c230f491769c34,7400034,Mankey,0.0333333351,source,LeftIndexProximal,-0.0451008566,1.25346529,0.365171283,0.2308074,0.9258969,0.09472521,-0.2836729
7934f1476fe2c6e458c230f491769c34,7400034,Mankey,0.0333333351,source,LeftIndexIntermediate,-0.0225142986,1.24194372,0.347625464,0.849530041,0.43539384,-0.159122884,-0.251816273
7934f1476fe2c6e458c230f491769c34,7400034,Mankey,0.0333333351,source,LeftIndexDistal,-0.0352048427,1.22369659,0.348762333,0.877337158,-0.368851781,-0.3042135,-0.0410208665
7934f1476fe2c6e458c230f491769c34,7400034,Mankey,0.0333333351,source,LeftMiddleProximal,-0.0358257033,1.24496937,0.3825427,0.235137165,0.9133973,0.127040446,-0.3070455
7934f1476fe2c6e458c230f491769c34,7400034,Mankey,0.0333333351,source,LeftMiddleIntermediate,-0.0128066372,1.23342359,0.362158,0.8372702,0.433753073,-0.161657512,-0.291039973
7934f1476fe2c6e458c230f491769c34,7400034,Mankey,0.0333333351,source,LeftMiddleDistal,-0.0253099,1.21547282,0.362556815,0.862402439,-0.365504324,-0.343869537,-0.066506885
7934f1476fe2c6e458c230f491769c34,7400034,Mankey,0.0333333351,source,LeftRingProximal,-0.028528925,1.23688853,0.396489143,0.3234934,0.8496111,0.152855173,-0.3874907
7934f1476fe2c6e458c230f491769c34,7400034,Mankey,0.0333333351,source,LeftRingIntermediate,-0.0131696882,1.22338247,0.372769982,0.829799056,0.361992449,-0.19418636,-0.3777397
7934f1476fe2c6e458c230f491769c34,7400034,Mankey,0.0333333351,source,LeftRingDistal,-0.02588441,1.20903707,0.37370652,0.8268546,-0.345445156,-0.422606528,-0.135585457
7934f1476fe2c6e458c230f491769c34,7400034,Mankey,0.0333333351,source,LeftLittleProximal,-0.0210472643,1.22396243,0.4070356,0.299461931,0.839112,0.186560929,-0.414015681
7934f1476fe2c6e458c230f491769c34,7400034,Mankey,0.0333333351,source,LeftLittleIntermediate,-0.00793307,1.214409,0.3848995,0.777977943,0.423383,-0.1671294,-0.4330879
7934f1476fe2c6e458c230f491769c34,7400034,Mankey,0.0333333351,source,LeftLittleDistal,-0.0190585945,1.199144,0.3828729,0.851553261,-0.1922987,-0.428029984,-0.233814344
7934f1476fe2c6e458c230f491769c34,7400034,Mankey,0.0333333351,source,RightThumbProximal,0.157207,1.20147967,0.09880184,0.155778572,0.748110652,0.5948603,0.249409869
7934f1476fe2c6e458c230f491769c34,7400034,Mankey,0.0333333351,source,RightThumbIntermediate,0.120311551,1.22511446,0.09042272,-0.332882643,-0.6493445,-0.679856658,-0.07305198
7934f1476fe2c6e458c230f491769c34,7400034,Mankey,0.0333333351,source,RightThumbDistal,0.09728824,1.24105847,0.101151831,0.6822075,0.170150235,0.549945831,-0.450779438
7934f1476fe2c6e458c230f491769c34,7400034,Mankey,0.0333333351,source,RightIndexProximal,0.130463868,1.26148856,0.112556092,-0.0236384515,0.07753415,-0.979247153,0.18575646
7934f1476fe2c6e458c230f491769c34,7400034,Mankey,0.0333333351,source,RightIndexIntermediate,0.101791464,1.25016034,0.113095149,-0.03325813,-0.06405541,0.5512522,-0.8312116
7934f1476fe2c6e458c230f491769c34,7400034,Mankey,0.0333333351,source,RightIndexDistal,0.110342145,1.22985911,0.109909281,0.06972472,0.009909893,0.234821886,0.9694843
7934f1476fe2c6e458c230f491769c34,7400034,Mankey,0.0333333351,source,RightMiddleProximal,0.130745739,1.2565552,0.133426279,0.0350004546,0.102393195,-0.964263856,0.2418396
7934f1476fe2c6e458c230f491769c34,7400034,Mankey,0.0333333351,source,RightMiddleIntermediate,0.1018237,1.24147642,0.1295828,-0.09173883,-0.02630222,0.469558358,-0.8777287
7934f1476fe2c6e458c230f491769c34,7400034,Mankey,0.0333333351,source,RightMiddleDistal,0.114030235,1.22354591,0.126688734,0.08473443,-0.07040704,0.3628726,0.925303936
7934f1476fe2c6e458c230f491769c34,7400034,Mankey,0.0333333351,source,RightRingProximal,0.131216735,1.25135922,0.150332943,0.07317344,0.165169165,-0.9311012,0.3168845
7934f1476fe2c6e458c230f491769c34,7400034,Mankey,0.0333333351,source,RightRingIntermediate,0.106522426,1.23363316,0.142786145,-0.169784382,-0.0308099687,0.37547335,-0.910628557
7934f1476fe2c6e458c230f491769c34,7400034,Mankey,0.0333333351,source,RightRingDistal,0.120262571,1.22071,0.139261678,0.144517645,-0.129992843,0.4630541,0.8647532
7934f1476fe2c6e458c230f491769c34,7400034,Mankey,0.0333333351,source,RightLittleProximal,0.13043052,1.24074674,0.1652006,0.17548357,0.172826141,-0.941982865,0.228047565
7934f1476fe2c6e458c230f491769c34,7400034,Mankey,0.0333333351,source,RightLittleIntermediate,0.107530385,1.23062348,0.153964311,-0.245243818,0.0220524054,0.532641232,-0.80973047
7934f1476fe2c6e458c230f491769c34,7400034,Mankey,0.0333333351,source,RightLittleDistal,0.115736537,1.21402729,0.1496812,0.156644419,-0.2228916,0.2650148,0.924959064
7934f1476fe2c6e458c230f491769c34,7400034,Mankey,0.0333333351,fighter,AnimatorRoot,0,0,0,0,0,0,1
7934f1476fe2c6e458c230f491769c34,7400034,Mankey,0.0333333351,fighter,Hips,-0.05527618,0.7788986,-0.0174014941,0.209926233,-0.284368634,-0.593429565,0.723123
7934f1476fe2c6e458c230f491769c34,7400034,Mankey,0.0333333351,fighter,LeftUpperLeg,-0.135359913,0.7830094,0.07356074,0.464093715,0.709997,0.198079348,0.491208643
7934f1476fe2c6e458c230f491769c34,7400034,Mankey,0.0333333351,fighter,RightUpperLeg,0.0248075277,0.7747877,-0.10836374,0.5891343,0.7633401,0.250191838,0.08738966
7934f1476fe2c6e458c230f491769c34,7400034,Mankey,0.0333333351,fighter,LeftLowerLeg,-0.103646018,0.4706346,0.261531353,0.680482447,0.5390788,0.367275923,0.3338353
7934f1476fe2c6e458c230f491769c34,7400034,Mankey,0.0333333351,fighter,RightLowerLeg,0.131138787,0.429645926,-0.167418912,0.785238445,0.544543,0.289742321,0.0540654361
7934f1476fe2c6e458c230f491769c34,7400034,Mankey,0.0333333351,fighter,LeftFoot,-0.1565058,0.123372145,0.211893588,0.08042601,0.8868833,0.0667466,0.450016379
7934f1476fe2c6e458c230f491769c34,7400034,Mankey,0.0333333351,fighter,RightFoot,0.0463372469,0.11515025,-0.30795455,0.0914963,0.955982566,0.0465591848,0.274878561
7934f1476fe2c6e458c230f491769c34,7400034,Mankey,0.0333333351,fighter,Spine,-0.06396831,0.822785735,-0.027037492,0.2079641,-0.2970116,-0.6284372,0.688187242
7934f1476fe2c6e458c230f491769c34,7400034,Mankey,0.0333333351,fighter,Chest,-0.06225421,1.06070662,-0.0535845272,0.323450029,-0.236412734,-0.725039959,0.56018436
7934f1476fe2c6e458c230f491769c34,7400034,Mankey,0.0333333351,fighter,Neck,-0.0316430852,1.33932269,-0.0124688037,0.4276513,-0.312270343,-0.670484245,0.519665956
7934f1476fe2c6e458c230f491769c34,7400034,Mankey,0.0333333351,fighter,Head,-0.0176394563,1.48273683,0.0245643966,0.566036344,-0.3601245,-0.628682,0.393284172
7934f1476fe2c6e458c230f491769c34,7400034,Mankey,0.0333333351,fighter,LeftShoulder,0.0121224634,1.28676593,0.07760325,0.6754019,0.09870471,-0.3121896,0.660777867
7934f1476fe2c6e458c230f491769c34,7400034,Mankey,0.0333333351,fighter,RightShoulder,0.05625305,1.28794229,0.0367751569,-0.187948048,-0.5731406,-0.7292294,0.323125124
7934f1476fe2c6e458c230f491769c34,7400034,Mankey,0.0333333351,fighter,LeftUpperArm,-0.154617727,1.34603512,0.19479619,0.7386121,0.467279971,0.10807924,0.473730534
7934f1476fe2c6e458c230f491769c34,7400034,Mankey,0.0333333351,fighter,RightUpperArm,0.209184721,1.34224069,-0.1000202,0.293356359,0.6823437,0.5409806,0.39457503
7934f1476fe2c6e458c230f491769c34,7400034,Mankey,0.0333333351,fighter,LeftLowerArm,-0.306797177,1.12262058,0.274579734,-0.0363237262,0.9088716,-0.3578201,0.211182937
7934f1476fe2c6e458c230f491769c34,7400034,Mankey,0.0333333351,fighter,RightLowerArm,0.354760468,1.10908055,-0.0377121866,-0.424956381,0.3558993,-0.0031437315,0.832309
7934f1476fe2c6e458c230f491769c34,7400034,Mankey,0.0333333351,fighter,LeftHand,-0.07382501,1.17832863,0.36638695,0.443055362,-0.810548663,-0.3641016,-0.118926167
7934f1476fe2c6e458c230f491769c34,7400034,Mankey,0.0333333351,fighter,RightHand,0.163221836,1.188019,0.113580391,0.168549746,0.270499,-0.5066151,0.8011011
7934f1476fe2c6e458c230f491769c34,7400034,Mankey,0.0333333351,fighter,LeftToes,0.0111730089,0.0914468542,0.4349116,0.111467138,0.8572056,0.0912612155,0.494414032
7934f1476fe2c6e458c230f491769c34,7400034,Mankey,0.0333333351,fighter,RightToes,0.28098163,0.08356458,-0.156903192,0.161651582,0.960490763,0.0603754148,0.218360156
7934f1476fe2c6e458c230f491769c34,7400034,Mankey,0.0333333351,fighter,LeftEye,-0.1265512,1.51879776,0.250681072,0.411725849,-0.346919239,-0.5050385,-0.6745853
7934f1476fe2c6e458c230f491769c34,7400034,Mankey,0.0333333351,fighter,RightEye,0.1348023,1.5168047,0.224463716,0.257738829,-0.4694925,-0.717377841,-0.445552349
7934f1476fe2c6e458c230f491769c34,7400034,Mankey,0.0333333351,fighter,Jaw,-0.006132005,1.3187685,0.151710987,0.6545297,0.1472329,-0.7222224,-0.168251365
7934f1476fe2c6e458c230f491769c34,7400034,Mankey,0.0333333351,fighter,LeftThumbProximal,-0.0394554324,1.24217689,0.354777157,0.1972209,-0.934121549,-0.26545763,0.134364948
7934f1476fe2c6e458c230f491769c34,7400034,Mankey,0.0333333351,fighter,LeftThumbIntermediate,0.000340159284,1.2619282,0.3482058,0.157438785,-0.923538,-0.309161127,-0.16343379
7934f1476fe2c6e458c230f491769c34,7400034,Mankey,0.0333333351,fighter,LeftThumbDistal,0.0351109654,1.26928329,0.3636809,-0.07533659,-0.470121264,-0.3129566,-0.8218085
7934f1476fe2c6e458c230f491769c34,7400034,Mankey,0.0333333351,fighter,LeftMiddleProximal,-0.008733825,1.292482,0.394061357,-0.28534472,-0.9122542,-0.140948847,0.257885039
7934f1476fe2c6e458c230f491769c34,7400034,Mankey,0.0333333351,fighter,LeftMiddleIntermediate,0.0339722745,1.26531613,0.360646337,-0.891533,-0.35632816,-0.0101935863,0.279456258
7934f1476fe2c6e458c230f491769c34,7400034,Mankey,0.0333333351,fighter,LeftMiddleDistal,-0.00581167452,1.23173,0.3490537,-0.877590656,0.421527982,0.17136386,0.150944293
7934f1476fe2c6e458c230f491769c34,7400034,Mankey,0.0333333351,fighter,LeftRingProximal,0.0116200522,1.26344621,0.436337948,-0.357021838,-0.840996146,-0.221388727,0.340952933
7934f1476fe2c6e458c230f491769c34,7400034,Mankey,0.0333333351,fighter,LeftRingIntermediate,0.03896075,1.23946774,0.397316426,-0.8725554,-0.298590839,0.0233998448,0.3859322
7934f1476fe2c6e458c230f491769c34,7400034,Mankey,0.0333333351,fighter,LeftRingDistal,-0.005926497,1.20997655,0.386942953,-0.846814632,0.375357479,0.294581354,0.2350198
7934f1476fe2c6e458c230f491769c34,7400034,Mankey,0.0333333351,fighter,LeftLittleProximal,0.0151175046,1.21357369,0.4698322,-0.319426715,-0.840651155,-0.24231939,0.364079833
7934f1476fe2c6e458c230f491769c34,7400034,Mankey,0.0333333351,fighter,LeftLittleIntermediate,0.0434318036,1.19433916,0.428923815,-0.8353094,-0.366696,-0.02278389,0.4089911
7934f1476fe2c6e458c230f491769c34,7400034,Mankey,0.0333333351,fighter,LeftLittleDistal,0.00304281455,1.16147768,0.410223037,-0.8825182,0.2336229,0.282277226,0.2947922
7934f1476fe2c6e458c230f491769c34,7400034,Mankey,0.0333333351,fighter,RightThumbProximal,0.121785514,1.24839139,0.108030118,-0.102878079,-0.0132804513,0.200901285,-0.974104166
7934f1476fe2c6e458c230f491769c34,7400034,Mankey,0.0333333351,fighter,RightThumbIntermediate,0.08051589,1.26584673,0.111048587,0.140203759,0.282391816,-0.222287476,0.922597766
7934f1476fe2c6e458c230f491769c34,7400034,Mankey,0.0333333351,fighter,RightThumbDistal,0.0517657734,1.27867663,0.133662984,-0.242184311,-0.8614877,0.107494,-0.433164477
7934f1476fe2c6e458c230f491769c34,7400034,Mankey,0.0333333351,fighter,RightMiddleProximal,0.107590578,1.30542076,0.14757593,-0.124391653,-0.032177,-0.3111689,-0.9416293
7934f1476fe2c6e458c230f491769c34,7400034,Mankey,0.0333333351,fighter,RightMiddleIntermediate,0.0588117167,1.2693938,0.1465561,0.181819111,-0.05652987,0.901843548,0.3878469
7934f1476fe2c6e458c230f491769c34,7400034,Mankey,0.0333333351,fighter,RightMiddleDistal,0.09257778,1.23317587,0.12672469,-0.112240851,0.125897422,-0.8990394,0.404079854
7934f1476fe2c6e458c230f491769c34,7400034,Mankey,0.0333333351,fighter,RightRingProximal,0.110991754,1.285215,0.198809385,-0.236882091,-0.00164428353,-0.369778484,-0.898414433
7934f1476fe2c6e458c230f491769c34,7400034,Mankey,0.0333333351,fighter,RightRingIntermediate,0.07223881,1.24973261,0.1896226,0.183174431,-0.14941746,0.9239214,0.300818384
7934f1476fe2c6e458c230f491769c34,7400034,Mankey,0.0333333351,fighter,RightRingDistal,0.113369226,1.22232032,0.166190267,0.00372137129,0.206336573,-0.8478259,0.488469958
7934f1476fe2c6e458c230f491769c34,7400034,Mankey,0.0333333351,fighter,RightLittleProximal,0.127302185,1.24284768,0.23831065,-0.214351267,0.09565741,-0.268027544,-0.934379637
7934f1476fe2c6e458c230f491769c34,7400034,Mankey,0.0333333351,fighter,RightLittleIntermediate,0.0826017261,1.2183181,0.22264652,0.160888553,-0.183490887,0.8461711,0.47375226
7934f1476fe2c6e458c230f491769c34,7400034,Mankey,0.0333333351,fighter,RightLittleDistal,0.110228568,1.17722738,0.197963968,0.07268363,0.200580686,-0.92759335,0.30668506
7934f1476fe2c6e458c230f491769c34,7400034,Mankey,0.0333333351,fighter,UpperChest,-0.04276757,1.17599726,-0.02919947,0.308425635,-0.255703956,-0.6895164,0.603370845
7934f1476fe2c6e458c230f491769c34,7400034,Mankey,0.05,source,AnimatorRoot,2.5603164E-09,2.7483087E-11,0.0341824852,0,0,4.51659772E-17,1
7934f1476fe2c6e458c230f491769c34,7400034,Mankey,0.05,source,Hips,-0.0573402867,0.7657185,-0.0009716861,-0.06357793,0.407081664,0.00718100555,0.911148
7934f1476fe2c6e458c230f491769c34,7400034,Mankey,0.05,source,LeftUpperLeg,-0.124361232,0.769596338,0.0734956861,-0.5042873,-0.155719489,0.7286684,0.4364494
7934f1476fe2c6e458c230f491769c34,7400034,Mankey,0.05,source,RightUpperLeg,0.009680782,0.76184094,-0.0754392445,0.2865692,-0.0985192,-0.58344847,0.753498435
7934f1476fe2c6e458c230f491769c34,7400034,Mankey,0.05,source,LeftLowerLeg,-0.08320556,0.473969072,0.296765924,-0.340626538,-0.376497418,0.5047249,0.698194861
7934f1476fe2c6e458c230f491769c34,7400034,Mankey,0.05,source,RightLowerLeg,0.121416226,0.413055927,-0.144743115,0.3150337,-0.0256047584,-0.7813974,0.5380671
7934f1476fe2c6e458c230f491769c34,7400034,Mankey,0.05,source,LeftFoot,-0.155233726,0.139487118,0.233475968,0.471206963,0.217292473,-0.8088701,-0.276545137
7934f1476fe2c6e458c230f491769c34,7400034,Mankey,0.05,source,RightFoot,0.0440050475,0.114851981,-0.3064645,0.229079843,-0.220769137,-0.26171124,0.911202848
7934f1476fe2c6e458c230f491769c34,7400034,Mankey,0.05,source,Spine,-0.06369581,0.862921655,-0.0117534176,-0.0235111341,0.401514858,-0.04918305,0.9142287
7934f1476fe2c6e458c230f491769c34,7400034,Mankey,0.05,source,Chest,-0.0485223047,1.04105711,-0.02429038,0.104704395,0.362508446,-0.03746431,0.9253221
7934f1476fe2c6e458c230f491769c34,7400034,Mankey,0.05,source,Neck,-0.01829485,1.23865414,0.0103308018,0.338480353,0.297756374,-0.08734556,0.8883373
7934f1476fe2c6e458c230f491769c34,7400034,Mankey,0.05,source,Head,0.0126992185,1.30429947,0.0580575466,0.2264339,0.06460669,-0.0127187595,0.97179836
7934f1476fe2c6e458c230f491769c34,7400034,Mankey,0.05,source,LeftShoulder,-0.045666445,1.19574428,0.02398166,0.107019544,0.444168955,-0.0148540419,0.8894044
7934f1476fe2c6e458c230f491769c34,7400034,Mankey,0.05,source,RightShoulder,-0.002120332,1.19613814,-0.0162630379,0.975678563,-0.08048873,-0.189655945,-0.0748584345
7934f1476fe2c6e458c230f491769c34,7400034,Mankey,0.05,source,LeftUpperArm,-0.1315759,1.18599629,0.136627868,0.122883722,0.4184701,0.477865219,0.7625138
7934f1476fe2c6e458c230f491769c34,7400034,Mankey,0.05,source,RightUpperArm,0.127825931,1.17786062,-0.0705289245,0.8519285,-0.496801317,0.0975401,0.133762687
7934f1476fe2c6e458c230f491769c34,7400034,Mankey,0.05,source,LeftLowerArm,-0.175316557,0.9975793,0.2546112,-0.503914952,0.7794523,0.361749142,0.08753011
7934f1476fe2c6e458c230f491769c34,7400034,Mankey,0.05,source,RightLowerArm,0.23824808,0.991989,-0.002762042,0.249740928,-0.155168638,0.7844535,0.546063244
7934f1476fe2c6e458c230f491769c34,7400034,Mankey,0.05,source,LeftHand,-0.062608324,1.16829681,0.373043478,-0.427140743,0.840759635,0.320767,-0.08822102
7934f1476fe2c6e458c230f491769c34,7400034,Mankey,0.05,source,RightHand,0.172322169,1.17617714,0.129913464,0.11309509,-0.1127361,0.868178248,0.46985808
7934f1476fe2c6e458c230f491769c34,7400034,Mankey,0.05,source,LeftToes,-0.0948941261,0.0418356843,0.3296226,0.514064431,0.07977792,-0.8535538,-0.02862328
7934f1476fe2c6e458c230f491769c34,7400034,Mankey,0.05,source,RightToes,0.1586338,0.0282906778,-0.2641754,0.334204644,-0.198316783,0.0134747922,0.9213014
7934f1476fe2c6e458c230f491769c34,7400034,Mankey,0.05,source,LeftThumbProximal,-0.06424074,1.18449354,0.35997507,-0.390030384,0.693794966,-0.603655338,0.0461057872
7934f1476fe2c6e458c230f491769c34,7400034,Mankey,0.05,source,LeftThumbIntermediate,-0.0333924852,1.21112037,0.3418225,-0.156092644,0.808837533,-0.532747,0.193902716
7934f1476fe2c6e458c230f491769c34,7400034,Mankey,0.05,source,LeftThumbDistal,-0.007118636,1.22488916,0.346241772,0.535193443,0.6567479,-0.1574851,0.5073946
7934f1476fe2c6e458c230f491769c34,7400034,Mankey,0.05,source,LeftIndexProximal,-0.0329456441,1.2430172,0.370025963,0.240157,0.919516146,0.08783649,-0.29849568
7934f1476fe2c6e458c230f491769c34,7400034,Mankey,0.05,source,LeftIndexIntermediate,-0.0111627532,1.23101592,0.3517986,0.8507047,0.42422384,-0.174865484,-0.256433636
7934f1476fe2c6e458c230f491769c34,7400034,Mankey,0.05,source,LeftIndexDistal,-0.0240466446,1.21295667,0.353577882,0.8693927,-0.376980722,-0.317830473,-0.0320387445
7934f1476fe2c6e458c230f491769c34,7400034,Mankey,0.05,source,LeftMiddleProximal,-0.02316413,1.23456478,0.3871389,0.2451001,0.9067307,0.120288156,-0.3213979
7934f1476fe2c6e458c230f491769c34,7400034,Mankey,0.05,source,LeftMiddleIntermediate,-0.00105176971,1.22250593,0.366059333,0.8385868,0.4219473,-0.176904947,-0.295698553
7934f1476fe2c6e458c230f491769c34,7400034,Mankey,0.05,source,LeftMiddleDistal,-0.0137712248,1.20473289,0.3670913,0.8538967,-0.374190331,-0.357053757,-0.0579232164
7934f1476fe2c6e458c230f491769c34,7400034,Mankey,0.05,source,LeftRingProximal,-0.0154775,1.226521,0.4008961,0.333874434,0.841038764,0.145370424,-0.400061548
7934f1476fe2c6e458c230f491769c34,7400034,Mankey,0.05,source,LeftRingIntermediate,-0.00116579561,1.21257472,0.37678,0.8304793,0.348527133,-0.208346561,-0.381346345
7934f1476fe2c6e458c230f491769c34,7400034,Mankey,0.05,source,LeftRingDistal,-0.0140289972,1.19841492,0.3783199,0.817419469,-0.355532646,-0.434767723,-0.12806043
7934f1476fe2c6e458c230f491769c34,7400034,Mankey,0.05,source,LeftLittleProximal,-0.00779345958,1.21359718,0.411298782,0.310516536,0.830395639,0.1797345,-0.4262843
7934f1476fe2c6e458c230f491769c34,7400034,Mankey,0.05,source,LeftLittleIntermediate,0.0043847207,1.20364916,0.388804734,0.779848635,0.4093951,-0.180294231,-0.437865436
7934f1476fe2c6e458c230f491769c34,7400034,Mankey,0.05,source,LeftLittleDistal,-0.007009747,1.18851912,0.387335926,0.8435442,-0.204379842,-0.4407362,-0.228941187
7934f1476fe2c6e458c230f491769c34,7400034,Mankey,0.05,source,RightThumbProximal,0.165391073,1.18955064,0.115460679,0.1657684,0.7552111,0.592347562,0.2264993
7934f1476fe2c6e458c230f491769c34,7400034,Mankey,0.05,source,RightThumbIntermediate,0.127809376,1.21269059,0.108960286,-0.3456205,-0.6532049,-0.671678066,-0.0521384627
7934f1476fe2c6e458c230f491769c34,7400034,Mankey,0.05,source,RightThumbDistal,0.105147429,1.22833228,0.120841756,0.6947486,0.1632623,0.5295384,-0.458540469
7934f1476fe2c6e458c230f491769c34,7400034,Mankey,0.05,source,RightIndexProximal,0.138582364,1.24920547,0.130562022,-0.0488733463,0.08199817,-0.9770874,0.190231621
7934f1476fe2c6e458c230f491769c34,7400034,Mankey,0.05,source,RightIndexIntermediate,0.110126577,1.237498,0.132544816,-0.0188701339,-0.08521406,0.546391845,-0.832969844
7934f1476fe2c6e458c230f491769c34,7400034,Mankey,0.05,source,RightIndexDistal,0.118774131,1.21731079,0.128926381,0.0755215958,0.03485336,0.239413261,0.967348933
7934f1476fe2c6e458c230f491769c34,7400034,Mankey,0.05,source,RightMiddleProximal,0.139982685,1.24428487,0.15139018,0.009956406,0.108654283,-0.9632187,0.245571285
7934f1476fe2c6e458c230f491769c34,7400034,Mankey,0.05,source,RightMiddleIntermediate,0.111106128,1.22882235,0.149007648,-0.07964158,-0.0490396023,0.4658921,-0.879884839
7934f1476fe2c6e458c230f491769c34,7400034,Mankey,0.05,source,RightMiddleDistal,0.123387836,1.21105421,0.145496666,0.09429351,-0.0464465357,0.36675176,0.924361944
7934f1476fe2c6e458c230f491769c34,7400034,Mankey,0.05,source,RightRingProximal,0.141375318,1.23910284,0.1682503,0.0485338867,0.173558056,-0.9305359,0.3187875
7934f1476fe2c6e458c230f491769c34,7400034,Mankey,0.05,source,RightRingIntermediate,0.116568863,1.22104752,0.1619551,-0.160004392,-0.054898113,0.373591185,-0.9120388
7934f1476fe2c6e458c230f491769c34,7400034,Mankey,0.05,source,RightRingDistal,0.1302839,1.20830643,0.157738373,0.1569833,-0.107139684,0.4649908,0.864673853
7934f1476fe2c6e458c230f491769c34,7400034,Mankey,0.05,source,RightLittleProximal,0.14148131,1.228487,0.183135927,0.150487319,0.179648,-0.944586039,0.229863837
7934f1476fe2c6e458c230f491769c34,7400034,Mankey,0.05,source,RightLittleIntermediate,0.1181796,1.2180562,0.173067376,-0.231825486,-5.68301E-07,0.533277631,-0.81355536
7934f1476fe2c6e458c230f491769c34,7400034,Mankey,0.05,source,RightLittleDistal,0.126378566,1.2015686,0.168371409,0.164720282,-0.198414892,0.267116159,0.928519249
7934f1476fe2c6e458c230f491769c34,7400034,Mankey,0.05,fighter,AnimatorRoot,0,0,0,0,0,0,1
7934f1476fe2c6e458c230f491769c34,7400034,Mankey,0.05,fighter,Hips,-0.0573402829,0.76571846,-0.000971686037,0.209400475,-0.28121078,-0.597527862,0.7211328
7934f1476fe2c6e458c230f491769c34,7400034,Mankey,0.05,fighter,LeftUpperLeg,-0.136866927,0.7698476,0.09047717,0.416708231,0.7234369,0.180278331,0.5200896
7934f1476fe2c6e458c230f491769c34,7400034,Mankey,0.05,fighter,RightUpperLeg,0.0221863482,0.761589348,-0.09242054,0.5772944,0.7756495,0.245116383,0.0708327
7934f1476fe2c6e458c230f491769c34,7400034,Mankey,0.05,fighter,LeftLowerLeg,-0.0959823951,0.480586082,0.3108701,0.6956115,0.5141088,0.390104353,0.315651268
7934f1476fe2c6e458c230f491769c34,7400034,Mankey,0.05,fighter,RightLowerLeg,0.1405427,0.421156079,-0.15577513,0.796928644,0.530508757,0.287223041,0.031119734
7934f1476fe2c6e458c230f491769c34,7400034,Mankey,0.05,fighter,LeftFoot,-0.155233771,0.139486834,0.233476013,0.09668487,0.885899067,0.115213953,0.43881762
7934f1476fe2c6e458c230f491769c34,7400034,Mankey,0.05,fighter,RightFoot,0.04400507,0.1148518,-0.306464523,0.09312853,0.958356261,0.0460229367,0.266012162
7934f1476fe2c6e458c230f491769c34,7400034,Mankey,0.05,fighter,Spine,-0.065768,0.8097261,-0.0102877514,0.1999952,-0.300350845,-0.6296285,0.6880113
7934f1476fe2c6e458c230f491769c34,7400034,Mankey,0.05,fighter,Chest,-0.0623203255,1.04721975,-0.04026917,0.318981737,-0.237849444,-0.728612959,0.557495952
7934f1476fe2c6e458c230f491769c34,7400034,Mankey,0.05,fighter,Neck,-0.0284218,1.32563114,-0.000363731233,0.4224534,-0.306294858,-0.676142,0.5201433
7934f1476fe2c6e458c230f491769c34,7400034,Mankey,0.05,fighter,Head,-0.0132509833,1.46878231,0.03722411,0.560695231,-0.346346557,-0.6380574,0.398181438
7934f1476fe2c6e458c230f491769c34,7400034,Mankey,0.05,fighter,LeftShoulder,0.0152999079,1.27292538,0.08964247,0.6730262,0.103090882,-0.322657168,0.6574959
7934f1476fe2c6e458c230f491769c34,7400034,Mankey,0.05,fighter,RightShoulder,0.0591978021,1.27347016,0.048551064,-0.1786635,-0.577518,-0.737097,0.302060544
7934f1476fe2c6e458c230f491769c34,7400034,Mankey,0.05,fighter,LeftUpperArm,-0.1482437,1.33352768,0.210597724,0.7408148,0.46813646,0.08821691,0.47356078
7934f1476fe2c6e458c230f491769c34,7400034,Mankey,0.05,fighter,RightUpperArm,0.219164714,1.32418358,-0.08140317,0.278788537,0.6857166,0.5433752,0.3959965
7934f1476fe2c6e458c230f491769c34,7400034,Mankey,0.05,fighter,LeftLowerArm,-0.3021693,1.11448777,0.2987254,-0.0423181169,0.9087977,-0.375514716,0.176875815
7934f1476fe2c6e458c230f491769c34,7400034,Mankey,0.05,fighter,RightLowerArm,0.368805379,1.09512889,-0.0137294065,-0.452090055,0.342082322,-0.0040284954,0.823758364
7934f1476fe2c6e458c230f491769c34,7400034,Mankey,0.05,fighter,LeftHand,-0.06260847,1.16829693,0.373043656,0.4315171,-0.8173526,-0.367147118,-0.104552515
7934f1476fe2c6e458c230f491769c34,7400034,Mankey,0.05,fighter,RightHand,0.172322109,1.17617679,0.129913315,0.153874159,0.2917268,-0.505394042,0.7973677
7934f1476fe2c6e458c230f491769c34,7400034,Mankey,0.05,fighter,LeftToes,0.0160583742,0.0877354443,0.449932,0.128854215,0.8557671,0.137681574,0.48177132
7934f1476fe2c6e458c230f491769c34,7400034,Mankey,0.05,fighter,RightToes,0.281335533,0.08256777,-0.159821451,0.163377538,0.9622569,0.05925332,0.209424943
7934f1476fe2c6e458c230f491769c34,7400034,Mankey,0.05,fighter,LeftEye,-0.115291208,1.50046325,0.2671697,0.400648,-0.351764649,-0.5175186,-0.6692666
7934f1476fe2c6e458c230f491769c34,7400034,Mankey,0.05,fighter,RightEye,0.145104215,1.50165379,0.232677177,0.24560833,-0.469977617,-0.7270549,-0.4361073
7934f1476fe2c6e458c230f491769c34,7400034,Mankey,0.05,fighter,Jaw,0.003978417,1.30316269,0.16155313,0.640995562,0.1531649,-0.732306659,-0.171443015
7934f1476fe2c6e458c230f491769c34,7400034,Mankey,0.05,fighter,LeftThumbProximal,-0.027830299,1.23155117,0.359551966,0.184591934,-0.934219,-0.26484704,0.151713446
7934f1476fe2c6e458c230f491769c34,7400034,Mankey,0.05,fighter,LeftThumbIntermediate,0.0119526908,1.25064981,0.3512125,0.146883279,-0.929240942,-0.305524439,-0.146941751
7934f1476fe2c6e458c230f491769c34,7400034,Mankey,0.05,fighter,LeftThumbDistal,0.0473693646,1.25775087,0.36527732,-0.0791831762,-0.48692736,-0.303603858,-0.8151422
7934f1476fe2c6e458c230f491769c34,7400034,Mankey,0.05,fighter,LeftMiddleProximal,0.00495804753,1.28181136,0.397188544,-0.296569347,-0.906133,-0.1323136,0.271041334
7934f1476fe2c6e458c230f491769c34,7400034,Mankey,0.05,fighter,LeftMiddleIntermediate,0.0460277423,1.2535646,0.362637728,-0.895980835,-0.345091164,0.00720214844,0.279426515
7934f1476fe2c6e458c230f491769c34,7400034,Mankey,0.05,fighter,LeftMiddleDistal,0.00539734168,1.22036481,0.353039145,-0.87246,0.431430429,0.183605015,0.137736559
7934f1476fe2c6e458c230f491769c34,7400034,Mankey,0.05,fighter,LeftRingProximal,0.0264343861,1.25291288,0.4390018,-0.3699022,-0.833383858,-0.212066531,0.351669967
7934f1476fe2c6e458c230f491769c34,7400034,Mankey,0.05,fighter,LeftRingIntermediate,0.0519843325,1.22798288,0.3993679,-0.8768362,-0.2852651,0.0392140448,0.385025978
7934f1476fe2c6e458c230f491769c34,7400034,Mankey,0.05,fighter,LeftRingDistal,0.00635419134,1.19896615,0.39111343,-0.840366542,0.387583137,0.305841178,0.223662749
7934f1476fe2c6e458c230f491769c34,7400034,Mankey,0.05,fighter,LeftLittleProximal,0.0304714032,1.2033267,0.472858161,-0.332899451,-0.832997262,-0.233815432,0.374998838
7934f1476fe2c6e458c230f491769c34,7400034,Mankey,0.05,fighter,LeftLittleIntermediate,0.0569872,1.18309772,0.4312306,-0.841174662,-0.353528321,-0.007360354,0.409132451
7934f1476fe2c6e458c230f491769c34,7400034,Mankey,0.05,fighter,LeftLittleDistal,0.0154974265,1.150526,0.4145408,-0.8777658,0.247201681,0.294700325,0.285606056
7934f1476fe2c6e458c230f491769c34,7400034,Mankey,0.05,fighter,RightThumbProximal,0.129861251,1.235992,0.12647666,-0.09687297,-0.035772115,0.196586311,-0.975033343
7934f1476fe2c6e458c230f491769c34,7400034,Mankey,0.05,fighter,RightThumbIntermediate,0.08853666,1.25289774,0.131320059,0.1308288,0.303646415,-0.2227102,0.9171058
7934f1476fe2c6e458c230f491769c34,7400034,Mankey,0.05,fighter,RightThumbDistal,0.06076687,1.26565266,0.155168176,-0.234731629,-0.8719572,0.114187986,-0.41419
7934f1476fe2c6e458c230f491769c34,7400034,Mankey,0.05,fighter,RightMiddleProximal,0.116924912,1.29284465,0.166702658,-0.131034926,-0.0610387623,-0.314223945,-0.938279033
7934f1476fe2c6e458c230f491769c34,7400034,Mankey,0.05,fighter,RightMiddleIntermediate,0.06870424,1.256112,0.168655291,0.201763749,-0.03935904,0.900181234,0.383948267
7934f1476fe2c6e458c230f491769c34,7400034,Mankey,0.05,fighter,RightMiddleDistal,0.101975076,1.22008777,0.147667646,-0.138136253,0.1288003,-0.893941641,0.4064449
7934f1476fe2c6e458c230f491769c34,7400034,Mankey,0.05,fighter,RightRingProximal,0.12317539,1.27270746,0.217694119,-0.244806334,-0.0308709443,-0.3701041,-0.8956226
7934f1476fe2c6e458c230f491769c34,7400034,Mankey,0.05,fighter,RightRingIntermediate,0.08454956,1.23653936,0.210978225,0.204980522,-0.134444028,0.9221714,0.299178839
7934f1476fe2c6e458c230f491769c34,7400034,Mankey,0.05,fighter,RightRingDistal,0.124861576,1.20937073,0.185897827,-0.0219651759,0.212676808,-0.8455898,0.4891463
7934f1476fe2c6e458c230f491769c34,7400034,Mankey,0.05,fighter,RightLittleProximal,0.142019287,1.23057675,0.256311268,-0.220854759,0.0668637753,-0.27054292,-0.934644
7934f1476fe2c6e458c230f491769c34,7400034,Mankey,0.05,fighter,RightLittleIntermediate,0.09696428,1.20517659,0.243270174,0.180145919,-0.163828388,0.84669894,0.47308445
7934f1476fe2c6e458c230f491769c34,7400034,Mankey,0.05,fighter,RightLittleDistal,0.123934336,1.16412,0.217816889,0.0452847928,0.20188047,-0.9282891,0.308987528
7934f1476fe2c6e458c230f491769c34,7400034,Mankey,0.05,fighter,UpperChest,-0.0414301828,1.16237783,-0.0164252724,0.303878,-0.256865442,-0.6932467,0.6009056
7934f1476fe2c6e458c230f491769c34,7400034,Mankey,0.06666667,source,AnimatorRoot,4.35373337E-09,4.673408E-11,0.05812618,0,0,6.02213E-17,1
7934f1476fe2c6e458c230f491769c34,7400034,Mankey,0.06666667,source,Hips,-0.0601559579,0.747224,0.0197227821,-0.0613124035,0.4132029,-0.002308782,0.9085697
7934f1476fe2c6e458c230f491769c34,7400034,Mankey,0.06666667,source,LeftUpperLeg,-0.126179323,0.752724767,0.0949749649,-0.5220034,-0.128984764,0.7398892,0.40427655
7934f1476fe2c6e458c230f491769c34,7400034,Mankey,0.06666667,source,RightUpperLeg,0.005867531,0.7417235,-0.05552961,0.2831795,-0.07538136,-0.562645555,0.7730181
7934f1476fe2c6e458c230f491769c34,7400034,Mankey,0.06666667,source,LeftLowerLeg,-0.07841348,0.479539663,0.344027668,-0.333163261,-0.381376535,0.497934133,0.704
7934f1476fe2c6e458c230f491769c34,7400034,Mankey,0.06666667,source,RightLowerLeg,0.138376638,0.401570022,-0.13086763,0.310776979,0.00247969944,-0.7973323,0.517371237
7934f1476fe2c6e458c230f491769c34,7400034,Mankey,0.06666667,source,LeftFoot,-0.152606755,0.147169843,0.2726305,0.4632757,0.198929533,-0.819735,-0.271730453
7934f1476fe2c6e458c230f491769c34,7400034,Mankey,0.06666667,source,RightFoot,0.04391057,0.115032651,-0.3042009,0.221882433,-0.213188082,-0.26638335,0.9134327
7934f1476fe2c6e458c230f491769c34,7400034,Mankey,0.06666667,source,Spine,-0.06471061,0.844491661,0.00861666352,-0.0278441161,0.4089497,-0.0559115447,0.9104169
7934f1476fe2c6e458c230f491769c34,7400034,Mankey,0.06666667,source,Chest,-0.04806925,1.02229869,-0.006460525,0.103682667,0.3651811,-0.04610149,0.9239955
7934f1476fe2c6e458c230f491769c34,7400034,Mankey,0.06666667,source,Neck,-0.0146591254,1.21968424,0.0263968855,0.337785661,0.30557254,-0.100479856,0.8845509
7934f1476fe2c6e458c230f491769c34,7400034,Mankey,0.06666667,source,Head,0.0187189579,1.28498268,0.07297819,0.227783874,0.0817896351,-0.011842872,0.9701986
7934f1476fe2c6e458c230f491769c34,7400034,Mankey,0.06666667,source,LeftShoulder,-0.04255279,1.17728984,0.0405904725,0.107079834,0.456535429,-0.0209491886,0.8829898
7934f1476fe2c6e458c230f491769c34,7400034,Mankey,0.06666667,source,RightShoulder,0.0006771377,1.17673218,8.240342E-06,0.9802835,-0.0893560946,-0.162115932,-0.0691264048
7934f1476fe2c6e458c230f491769c34,7400034,Mankey,0.06666667,source,LeftUpperArm,-0.125236869,1.16865981,0.155714288,0.130692422,0.425347537,0.4647313,0.765522242
7934f1476fe2c6e458c230f491769c34,7400034,Mankey,0.06666667,source,RightUpperArm,0.132947028,1.1550312,-0.0468813851,0.8617857,-0.4775269,0.100896455,0.138253018
7934f1476fe2c6e458c230f491769c34,7400034,Mankey,0.06666667,source,LeftLowerArm,-0.171957791,0.9822594,0.275740683,-0.490947068,0.793276966,0.3546409,0.06255377
7934f1476fe2c6e458c230f491769c34,7400034,Mankey,0.06666667,source,RightLowerArm,0.251577079,0.9748764,0.0224351957,0.256585,-0.125687078,0.79355,0.5372573
7934f1476fe2c6e458c230f491769c34,7400034,Mankey,0.06666667,source,LeftHand,-0.0513782166,1.15588856,0.3815107,-0.415715,0.8447409,0.3210977,-0.10242454
7934f1476fe2c6e458c230f491769c34,7400034,Mankey,0.06666667,source,RightHand,0.182779521,1.16118324,0.150618434,0.141438738,-0.09304019,0.8692422,0.464496851
7934f1476fe2c6e458c230f491769c34,7400034,Mankey,0.06666667,source,LeftToes,-0.0892569,0.0528643243,0.370170832,0.4968237,0.08507685,-0.8605056,-0.07388259
7934f1476fe2c6e458c230f491769c34,7400034,Mankey,0.06666667,source,RightToes,0.158785775,0.0279981047,-0.263584584,0.329887629,-0.189887613,0.007568891,0.9246945
7934f1476fe2c6e458c230f491769c34,7400034,Mankey,0.06666667,source,LeftThumbProximal,-0.0531979129,1.1718961,0.368235469,-0.3949252,0.692154646,-0.6034594,0.0281737577
7934f1476fe2c6e458c230f491769c34,7400034,Mankey,0.06666667,source,LeftThumbIntermediate,-0.0225736313,1.19780159,0.348711938,-0.160349727,0.808439136,-0.5380961,0.17654328
7934f1476fe2c6e458c230f491769c34,7400034,Mankey,0.06666667,source,LeftThumbDistal,0.00400515273,1.211275,0.3520974,0.5330317,0.6595457,-0.174440712,0.5004478
7934f1476fe2c6e458c230f491769c34,7400034,Mankey,0.06666667,source,LeftIndexProximal,-0.02083111,1.23013473,0.376363039,0.250111848,0.913841248,0.07872329,-0.31006676
7934f1476fe2c6e458c230f491769c34,7400034,Mankey,0.06666667,source,LeftIndexIntermediate,0.00021655095,1.217545,0.3576747,0.852811,0.41302222,-0.18961966,-0.2572378
7934f1476fe2c6e458c230f491769c34,7400034,Mankey,0.06666667,source,LeftIndexDistal,-0.0128454762,1.19969583,0.3601435,0.862050533,-0.3858691,-0.3279,-0.02136437
7934f1476fe2c6e458c230f491769c34,7400034,Mankey,0.06666667,source,LeftMiddleProximal,-0.0106388228,1.2218219,0.3933038,0.255652159,0.9009338,0.111351706,-0.3325083
7934f1476fe2c6e458c230f491769c34,7400034,Mankey,0.06666667,source,LeftMiddleIntermediate,0.010649181,1.20912457,0.371755779,0.8409654,0.410207152,-0.19118759,-0.296572447
7934f1476fe2c6e458c230f491769c34,7400034,Mankey,0.06666667,source,LeftMiddleDistal,-0.00226779329,1.19154739,0.373468041,0.8461814,-0.383689225,-0.366725028,-0.04767836
7934f1476fe2c6e458c230f491769c34,7400034,Mankey,0.06666667,source,LeftRingProximal,-0.002638593,1.21389318,0.406948447,0.344986916,0.83364296,0.136126518,-0.409259945
7934f1476fe2c6e458c230f491769c34,7400034,Mankey,0.06666667,source,LeftRingIntermediate,0.0107342815,1.199368,0.382635862,0.8325687,0.335282326,-0.221325427,-0.381353557
7934f1476fe2c6e458c230f491769c34,7400034,Mankey,0.06666667,source,LeftRingDistal,-0.00226252526,1.18541336,0.38480106,0.8092066,-0.366494745,-0.443538845,-0.118912116
7934f1476fe2c6e458c230f491769c34,7400034,Mankey,0.06666667,source,LeftLittleProximal,0.00519047538,1.20103168,0.417320371,0.3223017,0.8230337,0.171108,-0.435269922
7934f1476fe2c6e458c230f491769c34,7400034,Mankey,0.06666667,source,LeftLittleIntermediate,0.0165344086,1.19055927,0.394629031,0.783248,0.395839125,-0.192606673,-0.439018577
7934f1476fe2c6e458c230f491769c34,7400034,Mankey,0.06666667,source,LeftLittleDistal,0.00489965873,1.17556655,0.393758059,0.8370743,-0.217146888,-0.450445145,-0.221932068
7934f1476fe2c6e458c230f491769c34,7400034,Mankey,0.06666667,source,RightThumbProximal,0.1746233,1.17430294,0.13657847,0.176561326,0.765960932,0.5863996,0.195616677
7934f1476fe2c6e458c230f491769c34,7400034,Mankey,0.06666667,source,RightThumbIntermediate,0.136208192,1.19660354,0.132448092,-0.3605861,-0.6604033,-0.658214152,-0.0244961269
7934f1476fe2c6e458c230f491769c34,7400034,Mankey,0.06666667,source,RightThumbDistal,0.114053138,1.211854,0.145713687,0.711656034,0.157061711,0.5008054,-0.4669819
7934f1476fe2c6e458c230f491769c34,7400034,Mankey,0.06666667,source,RightIndexProximal,0.14760448,1.23349226,0.153072745,-0.0827153251,0.08451478,-0.9731296,0.197572127
7934f1476fe2c6e458c230f491769c34,7400034,Mankey,0.06666667,source,RightIndexIntermediate,0.119598769,1.22120678,0.157006711,0.00289364229,-0.111162961,0.5381541,-0.83547914
7934f1476fe2c6e458c230f491769c34,7400034,Mankey,0.06666667,source,RightIndexDistal,0.128417179,1.201179,0.152941763,0.07985225,0.06847483,0.246881425,0.9633199
7934f1476fe2c6e458c230f491769c34,7400034,Mankey,0.06666667,source,RightMiddleProximal,0.150484547,1.228754,0.173790783,-0.0239262488,0.113656364,-0.960721135,0.252041668
7934f1476fe2c6e458c230f491769c34,7400034,Mankey,0.06666667,source,RightMiddleIntermediate,0.121850468,1.21267366,0.173419118,-0.06073634,-0.07747328,0.459101737,-0.8829129
7934f1476fe2c6e458c230f491769c34,7400034,Mankey,0.06666667,source,RightMiddleDistal,0.134249792,1.1951412,0.169206291,0.1038339,-0.0135816392,0.373333454,0.921768367
7934f1476fe2c6e458c230f491769c34,7400034,Mankey,0.06666667,source,RightRingProximal,0.153099969,1.2237252,0.190551683,0.0147828786,0.181462362,-0.9287761,0.322844
7934f1476fe2c6e458c230f491769c34,7400034,Mankey,0.06666667,source,RightRingIntermediate,0.128322721,1.20510948,0.186021417,-0.143940642,-0.08554798,0.369199425,-0.914141655
7934f1476fe2c6e458c230f491769c34,7400034,Mankey,0.06666667,source,RightRingDistal,0.14199774,1.19262779,0.180979729,0.170579359,-0.07522885,0.4690039,0.8632955
7934f1476fe2c6e458c230f491769c34,7400034,Mankey,0.06666667,source,RightLittleProximal,0.1544174,1.21322274,0.205459833,0.116437189,0.185634017,-0.947157,0.234257683
7934f1476fe2c6e458c230f491769c34,7400034,Mankey,0.06666667,source,RightLittleIntermediate,0.130728677,1.20223367,0.197019845,-0.211331636,-0.0276537556,0.532029033,-0.8194634
7934f1476fe2c6e458c230f491769c34,7400034,Mankey,0.06666667,source,RightLittleDistal,0.13894929,1.18588734,0.191887736,0.172509775,-0.1649029,0.271969855,0.9322448
7934f1476fe2c6e458c230f491769c34,7400034,Mankey,0.06666667,fighter,AnimatorRoot,0,0,0,0,0,0,1
7934f1476fe2c6e458c230f491769c34,7400034,Mankey,0.06666667,fighter,Hips,-0.06015595,0.747224,0.01972278,0.201558337,-0.2788495,-0.604671657,0.718324
7934f1476fe2c6e458c230f491769c34,7400034,Mankey,0.06666667,fighter,LeftUpperLeg,-0.138292447,0.7530029,0.112273961,0.380874038,0.734704137,0.157893553,0.5387156
7934f1476fe2c6e458c230f491769c34,7400034,Mankey,0.06666667,fighter,RightUpperLeg,0.0179805327,0.741445,-0.07282841,0.5556909,0.7964613,0.23429212,0.0443194062
7934f1476fe2c6e458c230f491769c34,7400034,Mankey,0.06666667,fighter,LeftLowerLeg,-0.09092366,0.485942274,0.3579396,0.701619,0.507740259,0.3940326,0.307683349
7934f1476fe2c6e458c230f491769c34,7400034,Mankey,0.06666667,fighter,RightLowerLeg,0.156485453,0.409919173,-0.142281339,0.811581433,0.5115582,0.282207847,0.001602143
7934f1476fe2c6e458c230f491769c34,7400034,Mankey,0.06666667,fighter,LeftFoot,-0.152606741,0.147169754,0.2726305,0.09089206,0.8944794,0.0983476862,0.42658323
7934f1476fe2c6e458c230f491769c34,7400034,Mankey,0.06666667,fighter,RightFoot,0.0439106375,0.115032755,-0.304200858,0.0958994,0.9609036,0.0402327329,0.25661096
7934f1476fe2c6e458c230f491769c34,7400034,Mankey,0.06666667,fighter,Spine,-0.06796339,0.7913395,0.01037674,0.188856557,-0.298368365,-0.6319819,0.6898612
7934f1476fe2c6e458c230f491769c34,7400034,Mankey,0.06666667,fighter,Chest,-0.06349216,1.02842367,-0.0225640163,0.311860532,-0.239722073,-0.7327358,0.555314839
7934f1476fe2c6e458c230f491769c34,7400034,Mankey,0.06666667,fighter,Neck,-0.02577147,1.30667579,0.0149511164,0.4144256,-0.301981032,-0.681485236,0.5221465
7934f1476fe2c6e458c230f491769c34,7400034,Mankey,0.06666667,fighter,Head,-0.009222879,1.44979656,0.0520704,0.5524093,-0.335847884,-0.646091,0.405730218
7934f1476fe2c6e458c230f491769c34,7400034,Mankey,0.06666667,fighter,LeftShoulder,0.0181888416,1.25408638,0.104909271,0.668532252,0.109621912,-0.336673319,0.65398705
7934f1476fe2c6e458c230f491769c34,7400034,Mankey,0.06666667,fighter,RightShoulder,0.06168005,1.25378919,0.06338513,-0.1680336,-0.583280444,-0.744755268,0.277287483
7934f1476fe2c6e458c230f491769c34,7400034,Mankey,0.06666667,fighter,LeftUpperArm,-0.14084211,1.31644249,0.230886221,0.742046952,0.467439234,0.0629274,0.476347566
7934f1476fe2c6e458c230f491769c34,7400034,Mankey,0.06666667,fighter,RightUpperArm,0.229303867,1.29984748,-0.0583944432,0.2583917,0.692353964,0.544835567,0.3962752
7934f1476fe2c6e458c230f491769c34,7400034,Mankey,0.06666667,fighter,LeftLowerArm,-0.297290057,1.104021,0.330079228,-0.0519104153,0.9034049,-0.403933883,0.134174347
7934f1476fe2c6e458c230f491769c34,7400034,Mankey,0.06666667,fighter,RightLowerArm,0.384996355,1.07729852,0.0169044584,-0.488365561,0.325312823,-0.00571483374,0.809715
7934f1476fe2c6e458c230f491769c34,7400034,Mankey,0.06666667,fighter,LeftHand,-0.0513784,1.15588856,0.381510764,0.421091378,-0.8247101,-0.3664189,-0.0909549
7934f1476fe2c6e458c230f491769c34,7400034,Mankey,0.06666667,fighter,RightHand,0.182779416,1.16118312,0.150618449,0.131319419,0.317932755,-0.5027119,0.793066859
7934f1476fe2c6e458c230f491769c34,7400034,Mankey,0.06666667,fighter,LeftToes,0.02536469,0.10282933,0.4853099,0.174432114,0.8569669,0.1419006,0.463730276
7934f1476fe2c6e458c230f491769c34,7400034,Mankey,0.06666667,fighter,RightToes,0.284000129,0.082235314,-0.16223754,0.166523963,0.9640239,0.05291859,0.200318351
7934f1476fe2c6e458c230f491769c34,7400034,Mankey,0.06666667,fighter,LeftEye,-0.103863291,1.47966266,0.2853987,0.392329842,-0.3599467,-0.5278735,-0.661714256
7934f1476fe2c6e458c230f491769c34,7400034,Mankey,0.06666667,fighter,RightEye,0.155222058,1.48341227,0.242298245,0.2348403,-0.474584758,-0.7339564,-0.425355941
7934f1476fe2c6e458c230f491769c34,7400034,Mankey,0.06666667,fighter,Jaw,0.0136463372,1.28388071,0.175087869,0.62770915,0.1546965,-0.743324339,-0.171813428
7934f1476fe2c6e458c230f491769c34,7400034,Mankey,0.06666667,fighter,LeftThumbProximal,-0.0161949713,1.21843362,0.365925848,0.172973752,-0.9350439,-0.260975122,0.1663297
7934f1476fe2c6e458c230f491769c34,7400034,Mankey,0.06666667,fighter,LeftThumbIntermediate,0.0235435627,1.23686,0.356010944,0.138609231,-0.934722066,-0.298921824,-0.133148775
7934f1476fe2c6e458c230f491769c34,7400034,Mankey,0.06666667,fighter,LeftThumbDistal,0.0594430156,1.24381876,0.368871868,-0.07930857,-0.501422167,-0.29387483,-0.8098913
7934f1476fe2c6e458c230f491769c34,7400034,Mankey,0.06666667,fighter,LeftMiddleProximal,0.01840668,1.26882982,0.401711941,-0.307360947,-0.9013417,-0.121704474,0.279823154
7934f1476fe2c6e458c230f491769c34,7400034,Mankey,0.06666667,fighter,LeftMiddleIntermediate,0.0580990352,1.23935628,0.366580844,-0.900689363,-0.335432053,0.0225220919,0.275203317
7934f1476fe2c6e458c230f491769c34,7400034,Mankey,0.06666667,fighter,LeftMiddleDistal,0.0168160331,1.20646477,0.358896941,-0.8684226,0.440534472,0.19126749,0.123241596
7934f1476fe2c6e458c230f491769c34,7400034,Mankey,0.06666667,fighter,LeftRingProximal,0.0407780744,1.24030769,0.443313479,-0.382326275,-0.827725649,-0.20120436,0.3580697
7934f1476fe2c6e458c230f491769c34,7400034,Mankey,0.06666667,fighter,LeftRingIntermediate,0.06484649,1.21423352,0.403488755,-0.8818809,-0.2738316,0.05291155,0.380136281
7934f1476fe2c6e458c230f491769c34,7400034,Mankey,0.06666667,fighter,LeftRingDistal,0.01865509,1.18561411,0.397205621,-0.8357222,0.3991051,0.312795,0.210816637
7934f1476fe2c6e458c230f491769c34,7400034,Mankey,0.06666667,fighter,LeftLittleProximal,0.0451990925,1.19121635,0.477836639,-0.3459654,-0.8273915,-0.223715022,0.3816846
7934f1476fe2c6e458c230f491769c34,7400034,Mankey,0.06666667,fighter,LeftLittleIntermediate,0.07022885,1.1697886,0.43588984,-0.8476683,-0.3424384,0.00632523,0.40515995
7934f1476fe2c6e458c230f491769c34,7400034,Mankey,0.06666667,fighter,LeftLittleDistal,0.0278834384,1.1373862,0.4211311,-0.8748491,0.259836346,0.303155333,0.27426523
7934f1476fe2c6e458c230f491769c34,7400034,Mankey,0.06666667,fighter,RightThumbProximal,0.138916269,1.22007012,0.149652526,-0.08576517,-0.06539938,0.18957755,-0.975924
7934f1476fe2c6e458c230f491769c34,7400034,Mankey,0.06666667,fighter,RightThumbIntermediate,0.0976177752,1.2361846,0.156845763,0.115034282,0.331246763,-0.222236484,0.9097549
7934f1476fe2c6e458c230f491769c34,7400034,Mankey,0.06666667,fighter,RightThumbDistal,0.071190156,1.24890506,0.182190523,-0.2217896,-0.885197759,0.124726564,-0.389459
7934f1476fe2c6e458c230f491769c34,7400034,Mankey,0.06666667,fighter,RightMiddleProximal,0.127458364,1.27693129,0.190312386,-0.136500984,-0.09955713,-0.318823278,-0.93263483
7934f1476fe2c6e458c230f491769c34,7400034,Mankey,0.06666667,fighter,RightMiddleIntermediate,0.0803411752,1.23921537,0.19629626,0.227107853,-0.0144145675,0.8976727,0.377357125
7934f1476fe2c6e458c230f491769c34,7400034,Mankey,0.06666667,fighter,RightMiddleDistal,0.1129879,1.2034272,0.173967436,-0.173230216,0.130364314,-0.8858294,0.410248071
7934f1476fe2c6e458c230f491769c34,7400034,Mankey,0.06666667,fighter,RightRingProximal,0.137497559,1.25730157,0.240894884,-0.25212422,-0.07012422,-0.371018469,-0.890989065
7934f1476fe2c6e458c230f491769c34,7400034,Mankey,0.06666667,fighter,RightRingIntermediate,0.09936696,1.22014952,0.237581223,0.23309654,-0.112201236,0.919603348,0.295646131
7934f1476fe2c6e458c230f491769c34,7400034,Mankey,0.06666667,fighter,RightRingDistal,0.138561442,1.19326675,0.2105012,-0.05724421,0.218935728,-0.841370642,0.490801126
7934f1476fe2c6e458c230f491769c34,7400034,Mankey,0.06666667,fighter,RightLittleProximal,0.159750849,1.21585691,0.278425,-0.226475149,0.0281592458,-0.274591148,-0.934085846
7934f1476fe2c6e458c230f491769c34,7400034,Mankey,0.06666667,fighter,RightLittleIntermediate,0.114538833,1.18917453,0.268984735,0.204550683,-0.135748461,0.8474716,0.470663071
7934f1476fe2c6e458c230f491769c34,7400034,Mankey,0.06666667,fighter,RightLittleDistal,0.14072299,1.14811122,0.2427337,0.008237809,0.201518118,-0.92801857,0.3132167
7934f1476fe2c6e458c230f491769c34,7400034,Mankey,0.06666667,fighter,UpperChest,-0.0409490764,1.143484,0.000223066876,0.2966559,-0.2583002,-0.6974951,0.59898
7934f1476fe2c6e458c230f491769c34,7400034,Mankey,0.0833333358,source,AnimatorRoot,6.46527E-09,6.939985E-11,0.08631706,0,0,7.52766254E-17,1
7934f1476fe2c6e458c230f491769c34,7400034,Mankey,0.0833333358,source,Hips,-0.06255363,0.721671343,0.04492545,-0.0593233854,0.419476569,-0.011006996,0.9057588
7934f1476fe2c6e458c230f491769c34,7400034,Mankey,0.0833333358,source,LeftUpperLeg,-0.127506271,0.7286604,0.120981634,-0.536976755,-0.0945449546,0.748960435,0.376530975
7934f1476fe2c6e458c230f491769c34,7400034,Mankey,0.0833333358,source,RightUpperLeg,0.00239912583,0.7146824,-0.03113094,0.287499249,-0.0562361777,-0.5356676,0.7919862
7934f1476fe2c6e458c230f491769c34,7400034,Mankey,0.0833333358,source,LeftLowerLeg,-0.075411126,0.480579764,0.39425993,-0.364386946,-0.366064757,0.506836236,0.690170944
7934f1476fe2c6e458c230f491769c34,7400034,Mankey,0.0833333358,source,RightLowerLeg,0.158875868,0.386361867,-0.112736464,0.31847474,0.0332887471,-0.811911047,0.4881253
7934f1476fe2c6e458c230f491769c34,7400034,Mankey,0.0833333358,source,LeftFoot,-0.15134421,0.144322231,0.346964031,0.494789,0.142699316,-0.822375238,-0.2419089
7934f1476fe2c6e458c230f491769c34,7400034,Mankey,0.0833333358,source,RightFoot,0.04731636,0.117941387,-0.303987145,0.1984623,-0.208940268,-0.278188229,0.916279554
7934f1476fe2c6e458c230f491769c34,7400034,Mankey,0.0833333358,source,Spine,-0.06547714,0.818963349,0.033488214,-0.0286254436,0.417293757,-0.05745796,0.906501651
7934f1476fe2c6e458c230f491769c34,7400034,Mankey,0.0833333358,source,Chest,-0.0485718176,0.9966884,0.017751798,0.105209358,0.374788731,-0.05432577,0.919518
7934f1476fe2c6e458c230f491769c34,7400034,Mankey,0.0833333358,source,Neck,-0.0115264067,1.19359922,0.0495430045,0.335996628,0.320564032,-0.111356869,0.8786038
7934f1476fe2c6e458c230f491769c34,7400034,Mankey,0.0833333358,source,Head,0.02418861,1.25870657,0.09463457,0.226407528,0.101653151,-0.009210668,0.96867007
7934f1476fe2c6e458c230f491769c34,7400034,Mankey,0.0833333358,source,LeftShoulder,-0.0397130959,1.15163779,0.06442791,0.109996408,0.476804882,-0.0259122737,0.8717148
7934f1476fe2c6e458c230f491769c34,7400034,Mankey,0.0833333358,source,RightShoulder,0.00257584359,1.15039384,0.0228809267,0.9844111,-0.09882581,-0.1307975,-0.06372304
7934f1476fe2c6e458c230f491769c34,7400034,Mankey,0.0833333358,source,LeftUpperArm,-0.116958223,1.14315808,0.183280349,0.1385092,0.434312969,0.4442846,0.7712321
7934f1476fe2c6e458c230f491769c34,7400034,Mankey,0.0833333358,source,RightUpperArm,0.13694489,1.12512493,-0.0154769942,0.8760731,-0.4495535,0.0999907851,0.14282766
7934f1476fe2c6e458c230f491769c34,7400034,Mankey,0.0833333358,source,LeftLowerArm,-0.168608949,0.9606314,0.307177782,-0.474309266,0.8083127,0.347284466,0.0324838832
7934f1476fe2c6e458c230f491769c34,7400034,Mankey,0.0833333358,source,RightLowerArm,0.2674088,0.9531341,0.0533126257,0.2657936,-0.0972412154,0.802994132,0.5244987
7934f1476fe2c6e458c230f491769c34,7400034,Mankey,0.0833333358,source,LeftHand,-0.03908612,1.136547,0.397462726,-0.4055864,0.845584,0.323055983,-0.12697573
7934f1476fe2c6e458c230f491769c34,7400034,Mankey,0.0833333358,source,RightHand,0.194481254,1.14002347,0.178325772,0.168065071,-0.0799836442,0.8663084,0.4635379
7934f1476fe2c6e458c230f491769c34,7400034,Mankey,0.0833333358,source,LeftToes,-0.09244884,0.06360088,0.458481848,0.5142039,0.026014559,-0.8557236,-0.0515280329
7934f1476fe2c6e458c230f491769c34,7400034,Mankey,0.0833333358,source,RightToes,0.160803318,0.0291881282,-0.263187915,0.310205817,-0.181983858,-0.00636175042,0.9330669
7934f1476fe2c6e458c230f491769c34,7400034,Mankey,0.0833333358,source,LeftThumbProximal,-0.04152863,1.15229583,0.383979738,-0.409132749,0.687138259,-0.6003418,0.00642164
7934f1476fe2c6e458c230f491769c34,7400034,Mankey,0.0833333358,source,LeftThumbIntermediate,-0.0118564321,1.17772257,0.362458825,-0.174345523,0.8074066,-0.5421287,0.154256746
7934f1476fe2c6e458c230f491769c34,7400034,Mankey,0.0833333358,source,LeftThumbDistal,0.0148836076,1.1911819,0.3642602,0.5244029,0.66931,-0.194670588,0.489008933
7934f1476fe2c6e458c230f491769c34,7400034,Mankey,0.0833333358,source,LeftIndexProximal,-0.008685513,1.2105875,0.389345229,0.2561446,0.9063222,0.0638816,-0.3299838
7934f1476fe2c6e458c230f491769c34,7400034,Mankey,0.0833333358,source,LeftIndexIntermediate,0.0113876294,1.19757128,0.3698927,0.850862741,0.403603464,-0.214391,-0.2591793
7934f1476fe2c6e458c230f491769c34,7400034,Mankey,0.0833333358,source,LeftIndexDistal,-0.0015711725,1.17981267,0.3733561,0.853377461,-0.390548259,-0.34526208,-0.00371966767
7934f1476fe2c6e458c230f491769c34,7400034,Mankey,0.0833333358,source,LeftMiddleProximal,0.0023156458,1.20257926,0.405923,0.262695044,0.8931796,0.0965162441,-0.352003783
7934f1476fe2c6e458c230f491769c34,7400034,Mankey,0.0833333358,source,LeftMiddleIntermediate,0.0224872418,1.18939853,0.383605033,0.839367151,0.3998163,-0.215589657,-0.2985493
7934f1476fe2c6e458c230f491769c34,7400034,Mankey,0.0833333358,source,LeftMiddleDistal,0.00963635,1.17189658,0.3863004,0.8368162,-0.389383137,-0.3836703,-0.0302821957
7934f1476fe2c6e458c230f491769c34,7400034,Mankey,0.0833333358,source,LeftRingProximal,0.01096526,1.19489682,0.4193099,0.353284925,0.8241502,0.119831339,-0.42615357
7934f1476fe2c6e458c230f491769c34,7400034,Mankey,0.0833333358,source,LeftRingIntermediate,0.0230910219,1.17985749,0.394658357,0.8309727,0.322535127,-0.244666725,-0.381567717
7934f1476fe2c6e458c230f491769c34,7400034,Mankey,0.0833333358,source,LeftRingDistal,0.0101899682,1.16598642,0.3977385,0.798679352,-0.374667645,-0.459625274,-0.102374211
7934f1476fe2c6e458c230f491769c34,7400034,Mankey,0.0833333358,source,LeftLittleProximal,0.0192723982,1.182219,0.429534674,0.331715941,0.813274562,0.155497551,-0.4520729
7934f1476fe2c6e458c230f491769c34,7400034,Mankey,0.0833333358,source,LeftLittleIntermediate,0.0294598658,1.17126942,0.406522274,0.783021867,0.381988645,-0.2152655,-0.441160381
7934f1476fe2c6e458c230f491769c34,7400034,Mankey,0.0833333358,source,LeftLittleDistal,0.0177669823,1.15629637,0.406523734,0.8275647,-0.228021666,-0.468564361,-0.20878312
7934f1476fe2c6e458c230f491769c34,7400034,Mankey,0.0833333358,source,RightThumbProximal,0.18541193,1.15311718,0.164832219,0.1911748,0.771231532,0.5827598,0.1704297
7934f1476fe2c6e458c230f491769c34,7400034,Mankey,0.0833333358,source,RightThumbIntermediate,0.146653756,1.17513311,0.1630455,-0.3773951,-0.661262333,-0.648307,-0.0019676704
7934f1476fe2c6e458c230f491769c34,7400034,Mankey,0.0833333358,source,RightThumbDistal,0.125206932,1.19017828,0.177642643,0.724868655,0.145185485,0.4780159,-0.474329352
7934f1476fe2c6e458c230f491769c34,7400034,Mankey,0.0833333358,source,RightIndexProximal,0.158970967,1.21205389,0.183074772,-0.11145895,0.09138736,-0.9693839,0.198799089
7934f1476fe2c6e458c230f491769c34,7400034,Mankey,0.0833333358,source,RightIndexIntermediate,0.131339461,1.19954371,0.188617319,0.018016316,-0.1365466,0.534500241,-0.8338711
7934f1476fe2c6e458c230f491769c34,7400034,Mankey,0.0833333358,source,RightIndexDistal,0.140052453,1.17959487,0.1839773,0.08822333,0.09684682,0.248166725,0.959818661
7934f1476fe2c6e458c230f491769c34,7400034,Mankey,0.0833333358,source,RightMiddleProximal,0.163105056,1.2072835,0.203572035,-0.0523622222,0.122330144,-0.958469,0.252252847
7934f1476fe2c6e458c230f491769c34,7400034,Mankey,0.0833333358,source,RightMiddleIntermediate,0.134620443,1.190985,0.204841882,-0.04811571,-0.104401425,0.457230479,-0.881887853
7934f1476fe2c6e458c230f491769c34,7400034,Mankey,0.0833333358,source,RightMiddleDistal,0.146880478,1.17355931,0.19985047,0.11618121,0.0135101918,0.373579472,0.920195
7934f1476fe2c6e458c230f491769c34,7400034,Mankey,0.0833333358,source,RightRingProximal,0.166743383,1.20223069,0.2201337,-0.0128831519,0.192298517,-0.9273159,0.3208444
7934f1476fe2c6e458c230f491769c34,7400034,Mankey,0.0833333358,source,RightRingIntermediate,0.141882226,1.18343747,0.217016816,-0.1339523,-0.1135824,0.3696955,-0.9124046
7934f1476fe2c6e458c230f491769c34,7400034,Mankey,0.0833333358,source,RightRingDistal,0.155328825,1.17107439,0.211138189,0.185873151,-0.0497197881,0.466926038,0.863110542
7934f1476fe2c6e458c230f491769c34,7400034,Mankey,0.0833333358,source,RightLittleProximal,0.169017658,1.1916995,0.2349057,0.08804091,0.194263965,-0.9490212,0.232099
7934f1476fe2c6e458c230f491769c34,7400034,Mankey,0.0833333358,source,RightLittleIntermediate,0.144954965,1.18055129,0.227845192,-0.196588725,-0.053405676,0.534885,-0.819999754
7934f1476fe2c6e458c230f491769c34,7400034,Mankey,0.0833333358,source,RightLittleDistal,0.1529806,1.16428208,0.222186431,0.182421967,-0.137029171,0.270056337,0.9354228
7934f1476fe2c6e458c230f491769c34,7400034,Mankey,0.0833333358,fighter,AnimatorRoot,0,0,0,0,0,0,1
7934f1476fe2c6e458c230f491769c34,7400034,Mankey,0.0833333358,fighter,Hips,-0.06255362,0.7216713,0.04492545,0.194236338,-0.275958449,-0.6102692,0.7167222
7934f1476fe2c6e458c230f491769c34,7400034,Mankey,0.0833333358,fighter,LeftUpperLeg,-0.139269188,0.7287519,0.138568461,0.346456021,0.7447848,0.128399611,0.5556774
7934f1476fe2c6e458c230f491769c34,7400034,Mankey,0.0833333358,fighter,RightUpperLeg,0.0141619276,0.714590669,-0.0487175845,0.527445853,0.8173416,0.23069787,0.0230681747
7934f1476fe2c6e458c230f491769c34,7400034,Mankey,0.0833333358,fighter,LeftLowerLeg,-0.0871648937,0.487677455,0.408910871,0.689368963,0.51481086,0.3801492,0.339451015
7934f1476fe2c6e458c230f491769c34,7400034,Mankey,0.0833333358,fighter,RightLowerLeg,0.176106066,0.395173758,-0.123974942,0.8250412,0.483739048,0.29064697,-0.0287754983
7934f1476fe2c6e458c230f491769c34,7400034,Mankey,0.0833333358,fighter,LeftFoot,-0.1513442,0.144322231,0.346964031,0.06612889,0.891845,0.03471683,0.446132749
7934f1476fe2c6e458c230f491769c34,7400034,Mankey,0.0833333358,fighter,RightFoot,0.0473163538,0.117941238,-0.303987145,0.105211467,0.9633745,0.0176690966,0.246024564
7934f1476fe2c6e458c230f491769c34,7400034,Mankey,0.0833333358,fighter,Spine,-0.06992623,0.7658543,0.0355447643,0.181987822,-0.291370124,-0.633067667,0.693692446
7934f1476fe2c6e458c230f491769c34,7400034,Mankey,0.0833333358,fighter,Chest,-0.06660017,1.00289845,0.0021828278,0.301071,-0.234410375,-0.739229262,0.5549306
7934f1476fe2c6e458c230f491769c34,7400034,Mankey,0.0833333358,fighter,Neck,-0.02525635,1.28080082,0.0384514332,0.403787732,-0.293236881,-0.6878753,0.5270627
7934f1476fe2c6e458c230f491769c34,7400034,Mankey,0.0833333358,fighter,Head,-0.00765270274,1.42391407,0.07511092,0.542333364,-0.324531019,-0.653262138,0.416896939
7934f1476fe2c6e458c230f491769c34,7400034,Mankey,0.0833333358,fighter,LeftShoulder,0.0204825215,1.227855,0.127307042,0.662997842,0.124526486,-0.355519027,0.6469414
7934f1476fe2c6e458c230f491769c34,7400034,Mankey,0.0833333358,fighter,RightShoulder,0.06289247,1.22710812,0.0846847,-0.154924288,-0.5868889,-0.754484534,0.249626353
7934f1476fe2c6e458c230f491769c34,7400034,Mankey,0.0833333358,fighter,LeftUpperArm,-0.13152948,1.29044235,0.261562318,0.7412267,0.467018,0.02921009,0.481273472
7934f1476fe2c6e458c230f491769c34,7400034,Mankey,0.0833333358,fighter,RightUpperArm,0.238500535,1.26846111,-0.0271236487,0.232818812,0.699554265,0.549946845,0.3924001
7934f1476fe2c6e458c230f491769c34,7400034,Mankey,0.0833333358,fighter,LeftLowerArm,-0.28995052,1.08738565,0.376056,-0.0681682,0.8935979,-0.436392784,0.0799837857
7934f1476fe2c6e458c230f491769c34,7400034,Mankey,0.0833333358,fighter,RightLowerArm,0.4029968,1.05500722,0.05543869,-0.5208132,0.305809,-0.008074511,0.7969752
7934f1476fe2c6e458c230f491769c34,7400034,Mankey,0.0833333358,fighter,LeftHand,-0.0390862525,1.13654709,0.397462964,0.411771923,-0.830793858,-0.368454844,-0.0668325946
7934f1476fe2c6e458c230f491769c34,7400034,Mankey,0.0833333358,fighter,RightHand,0.194481164,1.14002323,0.1783257,0.116338566,0.3424306,-0.5029038,0.785044432
7934f1476fe2c6e458c230f491769c34,7400034,Mankey,0.0833333358,fighter,LeftToes,0.0195341725,0.127564088,0.5692076,0.153052062,0.855053067,0.08482832,0.488122761
7934f1476fe2c6e458c230f491769c34,7400034,Mankey,0.0833333358,fighter,RightToes,0.2901794,0.0834673643,-0.1672346,0.1770582,0.9649816,0.0301429182,0.191186845
7934f1476fe2c6e458c230f491769c34,7400034,Mankey,0.0833333358,fighter,LeftEye,-0.09386954,1.45273483,0.311811,0.385256052,-0.369791836,-0.5397006,-0.650811434
7934f1476fe2c6e458c230f491769c34,7400034,Mankey,0.0833333358,fighter,RightEye,0.163330808,1.46013725,0.258989543,0.22461693,-0.481200159,-0.741022,-0.410950541
7934f1476fe2c6e458c230f491769c34,7400034,Mankey,0.0833333358,fighter,Jaw,0.0222079027,1.25850821,0.197314024,0.612579942,0.155536309,-0.756298065,-0.1690204
7934f1476fe2c6e458c230f491769c34,7400034,Mankey,0.0833333358,fighter,LeftThumbProximal,-0.00459396,1.19867027,0.378925443,0.163137123,-0.933550358,-0.25628233,0.190235183
7934f1476fe2c6e458c230f491769c34,7400034,Mankey,0.0833333358,fighter,LeftThumbIntermediate,0.03467593,1.21672881,0.366729081,0.132672787,-0.940603137,-0.292584777,-0.109807767
7934f1476fe2c6e458c230f491769c34,7400034,Mankey,0.0833333358,fighter,LeftThumbDistal,0.07113987,1.22391272,0.377745777,-0.07810203,-0.523245037,-0.2866506,-0.798715532
7934f1476fe2c6e458c230f491769c34,7400034,Mankey,0.0833333358,fighter,LeftMiddleProximal,0.0318335,1.24965823,0.411955118,-0.3149759,-0.8956786,-0.104576126,0.2959969
7934f1476fe2c6e458c230f491769c34,7400034,Mankey,0.0833333358,fighter,LeftMiddleIntermediate,0.06982138,1.21919227,0.375801057,-0.9036889,-0.3277109,0.04723701,0.2715155
7934f1476fe2c6e458c230f491769c34,7400034,Mankey,0.0833333358,fighter,LeftMiddleDistal,0.0281759556,1.18623078,0.3708627,-0.86478734,0.44657287,0.205557019,0.102284983
7934f1476fe2c6e458c230f491769c34,7400034,Mankey,0.0833333358,fighter,LeftRingProximal,0.0561786443,1.22189379,0.4529567,-0.3925733,-0.8212079,-0.18284896,0.3715782
7934f1476fe2c6e458c230f491769c34,7400034,Mankey,0.0833333358,fighter,LeftRingIntermediate,0.0783484653,1.19475007,0.412746251,-0.8854842,-0.2633629,0.07624933,0.375158429
7934f1476fe2c6e458c230f491769c34,7400034,Mankey,0.0833333358,fighter,LeftRingDistal,0.0318715535,1.16610765,0.4093235,-0.8304819,0.408696651,0.326615,0.19128339
7934f1476fe2c6e458c230f491769c34,7400034,Mankey,0.0833333358,fighter,LeftLittleProximal,0.06220511,1.17347753,0.48818326,-0.3571229,-0.8206078,-0.206340179,0.39558807
7934f1476fe2c6e458c230f491769c34,7400034,Mankey,0.0833333358,fighter,LeftLittleIntermediate,0.08524509,1.15092206,0.445691258,-0.852792263,-0.332010746,0.02970013,0.402035177
7934f1476fe2c6e458c230f491769c34,7400034,Mankey,0.0833333358,fighter,LeftLittleDistal,0.0422147177,1.11827171,0.433724016,-0.870816052,0.2708814,0.319489,0.257351458
7934f1476fe2c6e458c230f491769c34,7400034,Mankey,0.0833333358,fighter,RightThumbProximal,0.15019691,1.19857454,0.180132031,-0.0796076059,-0.09031424,0.189317346,-0.974508
7934f1476fe2c6e458c230f491769c34,7400034,Mankey,0.0833333358,fighter,RightThumbIntermediate,0.109238133,1.21450019,0.1893911,0.105373636,0.353822529,-0.228102267,0.900930643
7934f1476fe2c6e458c230f491769c34,7400034,Mankey,0.0833333358,fighter,RightThumbDistal,0.0842141956,1.2275418,0.215967536,-0.217929825,-0.8941984,0.13525562,-0.366909
7934f1476fe2c6e458c230f491769c34,7400034,Mankey,0.0833333358,fighter,RightMiddleProximal,0.140733913,1.25523913,0.22157222,-0.1451938,-0.13403222,-0.3163452,-0.9278365
7934f1476fe2c6e458c230f491769c34,7400034,Mankey,0.0833333358,fighter,RightMiddleIntermediate,0.09440276,1.21727538,0.2310856,0.248932123,0.00620160252,0.8924157,0.3762833
7934f1476fe2c6e458c230f491769c34,7400034,Mankey,0.0833333358,fighter,RightMiddleDistal,0.126027361,1.18128717,0.207635567,-0.203040078,0.132511824,-0.880137742,0.408134133
7934f1476fe2c6e458c230f491769c34,7400034,Mankey,0.0833333358,fighter,RightRingProximal,0.15388976,1.2355541,0.271413237,-0.26186806,-0.1047416,-0.365641654,-0.8869955
7934f1476fe2c6e458c230f491769c34,7400034,Mankey,0.0833333358,fighter,RightRingIntermediate,0.115982361,1.19802892,0.271109819,0.256816,-0.09403278,0.914699256,0.29753837
7934f1476fe2c6e458c230f491769c34,7400034,Mankey,0.0833333358,fighter,RightRingDistal,0.15378274,1.170896,0.242349476,-0.08674653,0.224564537,-0.8396296,0.486896932
7934f1476fe2c6e458c230f491769c34,7400034,Mankey,0.0833333358,fighter,RightLittleProximal,0.178630784,1.19418263,0.307436436,-0.2348911,-0.0060147047,-0.272196233,-0.9331126
7934f1476fe2c6e458c230f491769c34,7400034,Mankey,0.0833333358,fighter,RightLittleIntermediate,0.1331984,1.16693628,0.3012144,0.22512801,-0.111580551,0.8446515,0.472685
7934f1476fe2c6e458c230f491769c34,7400034,Mankey,0.0833333358,fighter,RightLittleDistal,0.158193156,1.12553787,0.2743378,-0.0236333311,0.2006978,-0.9285008,0.3115266
7934f1476fe2c6e458c230f491769c34,7400034,Mankey,0.0833333358,fighter,UpperChest,-0.04237541,1.11775231,0.0242744982,0.286210477,-0.2523402,-0.7039999,0.5989927
7934f1476fe2c6e458c230f491769c34,7400034,Mankey,0.1,source,AnimatorRoot,8.80062E-09,9.44680861E-11,0.117496043,0,0,9.033195E-17,1
7934f1476fe2c6e458c230f491769c34,7400034,Mankey,0.1,source,Hips,-0.06559619,0.6916318,0.07199654,-0.0646255,0.426775962,-0.0174548831,0.90187645
7934f1476fe2c6e458c230f491769c34,7400034,Mankey,0.1,source,LeftUpperLeg,-0.12927337,0.700318933,0.148950964,-0.54081583,-0.0557508841,0.7563749,0.363740534
7934f1476fe2c6e458c230f491769c34,7400034,Mankey,0.1,source,RightUpperLeg,-0.00191889121,0.682944834,-0.00495810062,0.288238883,-0.030786423,-0.5029378,0.814262867
7934f1476fe2c6e458c230f491769c34,7400034,Mankey,0.1,source,LeftLowerLeg,-0.07320429,0.472739279,0.438783139,-0.411027968,-0.3119643,0.5335246,0.670138955
7934f1476fe2c6e458c230f491769c34,7400034,Mankey,0.1,source,RightLowerLeg,0.181550533,0.371033728,-0.0943408,0.316742,0.06693247,-0.8282526,0.457375437
7934f1476fe2c6e458c230f491769c34,7400034,Mankey,0.1,source,LeftFoot,-0.155342236,0.134694234,0.445905119,0.5146793,0.0613205619,-0.8315102,-0.1998401
7934f1476fe2c6e458c230f491769c34,7400034,Mankey,0.1,source,RightFoot,0.0489922352,0.122161724,-0.298210651,0.199103355,-0.197236866,-0.2922371,0.9143595
7934f1476fe2c6e458c230f491769c34,7400034,Mankey,0.1,source,Spine,-0.0679166541,0.788759,0.0591120124,-0.026418291,0.42601952,-0.05841236,0.9024397
7934f1476fe2c6e458c230f491769c34,7400034,Mankey,0.1,source,Chest,-0.050498534,0.9664679,0.0437577,0.11260315,0.388199776,-0.06051543,0.9126662
7934f1476fe2c6e458c230f491769c34,7400034,Mankey,0.1,source,Neck,-0.009555344,1.16241586,0.07669665,0.3303573,0.340724021,-0.118448339,0.872205
7934f1476fe2c6e458c230f491769c34,7400034,Mankey,0.1,source,Head,0.027953662,1.227893,0.119750082,0.229208246,0.11773213,-0.00524993846,0.96621716
7934f1476fe2c6e458c230f491769c34,7400034,Mankey,0.1,source,LeftShoulder,-0.03790687,1.12069571,0.0919420049,0.118440345,0.50109756,-0.02868768,0.8567674
7934f1476fe2c6e458c230f491769c34,7400034,Mankey,0.1,source,RightShoulder,0.00308435364,1.11933351,0.04911773,0.9869826,-0.107692413,-0.101236656,-0.0633969158
7934f1476fe2c6e458c230f491769c34,7400034,Mankey,0.1,source,LeftUpperArm,-0.1083622,1.11082065,0.2148369,0.144393161,0.447674572,0.420137167,0.776030362
7934f1476fe2c6e458c230f491769c34,7400034,Mankey,0.1,source,RightUpperArm,0.13888137,1.09096265,0.0187999383,0.8894021,-0.422144115,0.09784531,0.145550177
7934f1476fe2c6e458c230f491769c34,7400034,Mankey,0.1,source,LeftLowerArm,-0.164131343,0.9337872,0.344772577,-0.45611605,0.8223019,0.340257347,-0.00169219892
7934f1476fe2c6e458c230f491769c34,7400034,Mankey,0.1,source,RightLowerArm,0.280363977,0.927285433,0.08607557,0.274920762,-0.07290652,0.8105965,0.511895359
7934f1476fe2c6e458c230f491769c34,7400034,Mankey,0.1,source,LeftHand,-0.0261085778,1.11137259,0.417484432,-0.399965346,0.8413464,0.329485267,-0.153635308
7934f1476fe2c6e458c230f491769c34,7400034,Mankey,0.1,source,RightHand,0.2035947,1.11397314,0.2090734,0.194184065,-0.06993552,0.8564106,0.473247081
7934f1476fe2c6e458c230f491769c34,7400034,Mankey,0.1,source,LeftToes,-0.09689449,0.07547979,0.5703975,0.5160889,-0.0528783239,-0.854659,-0.0203604288
7934f1476fe2c6e458c230f491769c34,7400034,Mankey,0.1,source,RightToes,0.161502838,0.03037925,-0.261627346,0.314758658,-0.1732378,-0.0218926072,0.932971954
7934f1476fe2c6e458c230f491769c34,7400034,Mankey,0.1,source,LeftThumbProximal,-0.02944201,1.12696636,0.404012263,-0.428783238,0.6822571,-0.592061639,-0.0115531543
7934f1476fe2c6e458c230f491769c34,7400034,Mankey,0.1,source,LeftThumbIntermediate,-0.00124718808,1.152457,0.380658716,-0.193759575,0.807936251,-0.5401933,0.1337461
7934f1476fe2c6e458c230f491769c34,7400034,Mankey,0.1,source,LeftThumbDistal,0.0254184883,1.16618025,0.3808621,0.5133428,0.684069753,-0.209847271,0.4738066
7934f1476fe2c6e458c230f491769c34,7400034,Mankey,0.1,source,LeftIndexProximal,0.00307464181,1.18560922,0.407027155,0.2550412,0.898404241,0.0509607,-0.3538745
7934f1476fe2c6e458c230f491769c34,7400034,Mankey,0.1,source,LeftIndexIntermediate,0.0221750233,1.17259133,0.386619717,0.8439267,0.399352551,-0.24084717,-0.2651385
7934f1476fe2c6e458c230f491769c34,7400034,Mankey,0.1,source,LeftIndexDistal,0.009600311,1.15474784,0.390953839,0.845416367,-0.388060361,-0.366769344,0.0126965689
7934f1476fe2c6e458c230f491769c34,7400034,Mankey,0.1,source,LeftMiddleProximal,0.0150477886,1.17786443,0.4230471,0.262653053,0.8848464,0.0833593,-0.375648469
7934f1476fe2c6e458c230f491769c34,7400034,Mankey,0.1,source,LeftMiddleIntermediate,0.0340906344,1.16465509,0.399774849,0.832606554,0.3944236,-0.2418988,-0.304437041
7934f1476fe2c6e458c230f491769c34,7400034,Mankey,0.1,source,LeftMiddleDistal,0.0215789638,1.147062,0.403333873,0.8279254,-0.3878865,-0.404838651,-0.0137827359
7934f1476fe2c6e458c230f491769c34,7400034,Mankey,0.1,source,LeftRingProximal,0.0244945046,1.17039251,0.436007679,0.354526639,0.81434685,0.104146272,-0.447553337
7934f1476fe2c6e458c230f491769c34,7400034,Mankey,0.1,source,LeftRingIntermediate,0.03539412,1.15522778,0.4108652,0.824175835,0.314712942,-0.2707638,-0.385197848
7934f1476fe2c6e458c230f491769c34,7400034,Mankey,0.1,source,LeftRingDistal,0.0228179879,1.14126837,0.4147778,0.787984967,-0.375700057,-0.4801271,-0.08606889
7934f1476fe2c6e458c230f491769c34,7400034,Mankey,0.1,source,LeftLittleProximal,0.03347443,1.157892,0.445875674,0.334121555,0.802828252,0.1403194,-0.4734348
7934f1476fe2c6e458c230f491769c34,7400034,Mankey,0.1,source,LeftLittleIntermediate,0.04248884,1.14681447,0.422438949,0.7770512,0.372414052,-0.240619943,-0.446768284
7934f1476fe2c6e458c230f491769c34,7400034,Mankey,0.1,source,LeftLittleDistal,0.0309606567,1.13173461,0.42322132,0.8164171,-0.231944218,-0.491056,-0.196289629
7934f1476fe2c6e458c230f491769c34,7400034,Mankey,0.1,source,RightThumbProximal,0.1939851,1.1273067,0.196203083,0.215952188,0.772665,0.577197433,0.1523058
7934f1476fe2c6e458c230f491769c34,7400034,Mankey,0.1,source,RightThumbIntermediate,0.155605122,1.15003729,0.1968251,-0.4025845,-0.6558569,-0.638449,0.0126780262
7934f1476fe2c6e458c230f491769c34,7400034,Mankey,0.1,source,RightThumbDistal,0.135346174,1.16538906,0.212740511,0.738847554,0.123106226,0.460982054,-0.47586298
7934f1476fe2c6e458c230f491769c34,7400034,Mankey,0.1,source,RightIndexProximal,0.169773936,1.18661261,0.216255143,-0.138867229,0.100763723,-0.9671968,0.187332317
7934f1476fe2c6e458c230f491769c34,7400034,Mankey,0.1,source,RightIndexIntermediate,0.142292425,1.17457843,0.223373681,0.0304996558,-0.162802368,0.54104346,-0.824522734
7934f1476fe2c6e458c230f491769c34,7400034,Mankey,0.1,source,RightIndexDistal,0.150342286,1.15450025,0.218132615,0.0989094,0.123880595,0.236820713,0.958534062
7934f1476fe2c6e458c230f491769c34,7400034,Mankey,0.1,source,RightMiddleProximal,0.175028265,1.18165135,0.236448169,-0.07905264,0.132707417,-0.9584576,0.23978956
7934f1476fe2c6e458c230f491769c34,7400034,Mankey,0.1,source,RightMiddleIntermediate,0.146371275,1.16586936,0.23933515,-0.0377235562,-0.131292373,0.466302216,-0.874014854
7934f1476fe2c6e458c230f491769c34,7400034,Mankey,0.1,source,RightMiddleDistal,0.157987326,1.148251,0.233543843,0.1297115,0.038827654,0.361493051,0.9224916
7934f1476fe2c6e458c230f491769c34,7400034,Mankey,0.1,source,RightRingProximal,0.179548979,1.176439,0.25274092,-0.0378457531,0.204236612,-0.928946257,0.306453943
7934f1476fe2c6e458c230f491769c34,7400034,Mankey,0.1,source,RightRingIntermediate,0.154201627,1.15812135,0.251022041,-0.126282975,-0.140360117,0.381619334,-0.9048308
7934f1476fe2c6e458c230f491769c34,7400034,Mankey,0.1,source,RightRingDistal,0.1670434,1.145548,0.244297713,0.201414838,-0.0269501265,0.453086942,0.8679968
7934f1476fe2c6e458c230f491769c34,7400034,Mankey,0.1,source,RightLittleProximal,0.1825002,1.16578448,0.267303169,0.06217457,0.2026881,-0.9528176,0.217234448
7934f1476fe2c6e458c230f491769c34,7400034,Mankey,0.1,source,RightLittleIntermediate,0.157857686,1.15511823,0.2616352,-0.183187008,-0.0773117244,0.5478922,-0.812576354
7934f1476fe2c6e458c230f491769c34,7400034,Mankey,0.1,source,RightLittleDistal,0.1652294,1.13873744,0.2554348,0.19149363,-0.111531116,0.255525321,0.941062331
7934f1476fe2c6e458c230f491769c34,7400034,Mankey,0.1,fighter,AnimatorRoot,0,0,0,0,0,0,1
7934f1476fe2c6e458c230f491769c34,7400034,Mankey,0.1,fighter,Hips,-0.06559619,0.691631734,0.07199653,0.18235831,-0.2751958,-0.609479964,0.720796049
7934f1476fe2c6e458c230f491769c34,7400034,Mankey,0.1,fighter,LeftUpperLeg,-0.140658185,0.7004312,0.166826352,0.32647264,0.7546987,0.09279203,0.5614581
7934f1476fe2c6e458c230f491769c34,7400034,Mankey,0.1,fighter,RightUpperLeg,0.009465792,0.6828322,-0.022833297,0.492583156,0.8417002,0.2210872,-0.00479820371
7934f1476fe2c6e458c230f491769c34,7400034,Mankey,0.1,fighter,LeftLowerLeg,-0.08343828,0.4819697,0.4547799,0.6705664,0.5377041,0.3309539,0.3894673
7934f1476fe2c6e458c230f491769c34,7400034,Mankey,0.1,fighter,RightLowerLeg,0.197809383,0.380159974,-0.105494753,0.8403489,0.453383625,0.2910242,-0.0596816242
7934f1476fe2c6e458c230f491769c34,7400034,Mankey,0.1,fighter,LeftFoot,-0.155342251,0.134694129,0.445905119,0.0296447165,0.8915544,-0.0520720929,0.448933
7934f1476fe2c6e458c230f491769c34,7400034,Mankey,0.1,fighter,RightFoot,0.04899221,0.1221618,-0.29821068,0.117732823,0.9651146,0.02050884,0.232964575
7934f1476fe2c6e458c230f491769c34,7400034,Mankey,0.1,fighter,Spine,-0.0731322542,0.7356399,0.0619477481,0.175629616,-0.283050984,-0.6342448,0.697689056
7934f1476fe2c6e458c230f491769c34,7400034,Mankey,0.1,fighter,Chest,-0.07120195,0.9727227,0.02875066,0.290089369,-0.22277987,-0.7472885,0.554776669
7934f1476fe2c6e458c230f491769c34,7400034,Mankey,0.1,fighter,Neck,-0.0265789349,1.249984,0.06602564,0.395494759,-0.280646473,-0.69513756,0.53066504
7934f1476fe2c6e458c230f491769c34,7400034,Mankey,0.1,fighter,Head,-0.008136661,1.392776,0.103516094,0.5364393,-0.311888456,-0.659500062,0.42428562
7934f1476fe2c6e458c230f491769c34,7400034,Mankey,0.1,fighter,LeftShoulder,0.02174804,1.19591415,0.152810246,0.6581581,0.144554392,-0.376644254,0.635665953
7934f1476fe2c6e458c230f491769c34,7400034,Mankey,0.1,fighter,RightShoulder,0.06268257,1.19524717,0.108767696,-0.141564488,-0.5862479,-0.7656926,0.2235794
7934f1476fe2c6e458c230f491769c34,7400034,Mankey,0.1,fighter,LeftUpperArm,-0.121410526,1.25716054,0.297045469,0.736306667,0.471456,-0.009017438,0.485283822
7934f1476fe2c6e458c230f491769c34,7400034,Mankey,0.1,fighter,RightUpperArm,0.245204255,1.23268855,0.00711457152,0.208025172,0.703976631,0.5566093,0.389009744
7934f1476fe2c6e458c230f491769c34,7400034,Mankey,0.1,fighter,LeftLowerArm,-0.2779189,1.06394827,0.4297564,-0.0932721943,0.878864348,-0.4673299,0.022382617
7934f1476fe2c6e458c230f491769c34,7400034,Mankey,0.1,fighter,RightLowerArm,0.41735512,1.028083,0.09621454,-0.5463035,0.2884537,-0.0124950781,0.786251
7934f1476fe2c6e458c230f491769c34,7400034,Mankey,0.1,fighter,LeftHand,-0.0261087883,1.11137259,0.417484671,0.405744255,-0.832077861,-0.376028746,-0.04025694
7934f1476fe2c6e458c230f491769c34,7400034,Mankey,0.1,fighter,RightHand,0.203594685,1.11397278,0.2090733,0.106502533,0.365814626,-0.512478352,0.7695473
7934f1476fe2c6e458c230f491769c34,7400034,Mankey,0.1,fighter,LeftToes,0.0163965,0.157557383,0.6669379,0.123754486,0.8574583,0.0060338974,0.499413967
7934f1476fe2c6e458c230f491769c34,7400034,Mankey,0.1,fighter,RightToes,0.294469625,0.08043016,-0.16832009,0.1893535,0.9651362,0.03266327,0.177737653
7934f1476fe2c6e458c230f491769c34,7400034,Mankey,0.1,fighter,LeftEye,-0.08764969,1.41859019,0.342894852,0.377323747,-0.374613672,-0.5514422,-0.6428086
7934f1476fe2c6e458c230f491769c34,7400034,Mankey,0.1,fighter,RightEye,0.167727649,1.43010008,0.2825061,0.215422377,-0.4828145,-0.7490467,-0.399265379
7934f1476fe2c6e458c230f491769c34,7400034,Mankey,0.1,fighter,Jaw,0.02770851,1.22691631,0.2234746,0.5994606,0.160275459,-0.7659355,-0.168230772
7934f1476fe2c6e458c230f491769c34,7400034,Mankey,0.1,fighter,LeftThumbProximal,0.00670373859,1.17362964,0.3965077,0.159546316,-0.9287366,-0.25596866,0.215577081
7934f1476fe2c6e458c230f491769c34,7400034,Mankey,0.1,fighter,LeftThumbIntermediate,0.0451540463,1.19189537,0.382192343,0.130954444,-0.9434914,-0.2925052,-0.08435561
7934f1476fe2c6e458c230f491769c34,7400034,Mankey,0.1,fighter,LeftThumbDistal,0.0820361152,1.19956136,0.39133212,-0.07904403,-0.5444431,-0.28681767,-0.7842637
7934f1476fe2c6e458c230f491769c34,7400034,Mankey,0.1,fighter,LeftMiddleProximal,0.04439047,1.22527075,0.427013338,-0.314883828,-0.890401244,-0.08954045,0.316253453
7934f1476fe2c6e458c230f491769c34,7400034,Mankey,0.1,fighter,LeftMiddleIntermediate,0.0808809847,1.19469655,0.389436424,-0.902396,-0.325067878,0.0725521445,0.273402035
7934f1476fe2c6e458c230f491769c34,7400034,Mankey,0.1,fighter,LeftMiddleDistal,0.0393750928,1.16128683,0.3869397,-0.862318635,0.446050256,0.224132136,0.0849164
7934f1476fe2c6e458c230f491769c34,7400034,Mankey,0.1,fighter,LeftRingProximal,0.0712219253,1.19813192,0.4668661,-0.3950265,-0.815072954,-0.165730551,0.390055716
7934f1476fe2c6e458c230f491769c34,7400034,Mankey,0.1,fighter,LeftRingIntermediate,0.0916843861,1.17068017,0.425965756,-0.884460032,-0.25795,0.101206809,0.37543276
7934f1476fe2c6e458c230f491769c34,7400034,Mankey,0.1,fighter,LeftRingDistal,0.04538324,1.14156353,0.4251638,-0.825465858,0.411282629,0.344995975,0.174443215
7934f1476fe2c6e458c230f491769c34,7400034,Mankey,0.1,fighter,LeftLittleProximal,0.07964777,1.15011764,0.502150357,-0.3604108,-0.813832343,-0.190174192,0.414263964
7934f1476fe2c6e458c230f491769c34,7400034,Mankey,0.1,fighter,LeftLittleIntermediate,0.10082268,1.12723148,0.458872169,-0.852726936,-0.326055,0.0544644743,0.4044486
7934f1476fe2c6e458c230f491769c34,7400034,Mankey,0.1,fighter,LeftLittleDistal,0.0575892255,1.09402931,0.4494192,-0.8656947,0.274864554,0.3400916,0.2436394
7934f1476fe2c6e458c230f491769c34,7400034,Mankey,0.1,fighter,RightThumbProximal,0.160591751,1.17331266,0.213777751,-0.07463818,-0.114001364,0.203641266,-0.9695172
7934f1476fe2c6e458c230f491769c34,7400034,Mankey,0.1,fighter,RightThumbIntermediate,0.120573238,1.19028234,0.225070626,0.100936264,0.374563932,-0.246570453,0.8880974
7934f1476fe2c6e458c230f491769c34,7400034,Mankey,0.1,fighter,RightThumbDistal,0.09740026,1.204328,0.2527891,-0.226789072,-0.89933157,0.150676772,-0.3421498
7934f1476fe2c6e458c230f491769c34,7400034,Mankey,0.1,fighter,RightMiddleProximal,0.154660746,1.229905,0.255966067,-0.1567139,-0.165095642,-0.299294561,-0.9266104
7934f1476fe2c6e458c230f491769c34,7400034,Mankey,0.1,fighter,RightMiddleIntermediate,0.108183309,1.19312692,0.268832952,0.270772785,0.021664191,0.8807752,0.3878764
7934f1476fe2c6e458c230f491769c34,7400034,Mankey,0.1,fighter,RightMiddleDistal,0.137652025,1.15605545,0.244287342,-0.229728535,0.1386501,-0.879617155,0.392778665
7934f1476fe2c6e458c230f491769c34,7400034,Mankey,0.1,fighter,RightRingProximal,0.170384318,1.20970023,0.3048459,-0.274113446,-0.134220719,-0.346263736,-0.8871009
7934f1476fe2c6e458c230f491769c34,7400034,Mankey,0.1,fighter,RightRingIntermediate,0.131756827,1.17300594,0.307422519,0.278894216,-0.0810628459,0.904431462,0.3124917
7934f1476fe2c6e458c230f491769c34,7400034,Mankey,0.1,fighter,RightRingDistal,0.167265356,1.14455926,0.2770557,-0.111728936,0.2322576,-0.844127834,0.47012955
7934f1476fe2c6e458c230f491769c34,7400034,Mankey,0.1,fighter,RightLittleProximal,0.196447492,1.16768014,0.339144528,-0.244672865,-0.0357290953,-0.2549836,-0.934795141
7934f1476fe2c6e458c230f491769c34,7400034,Mankey,0.1,fighter,RightLittleIntermediate,0.150179267,1.14131927,0.3360521,0.244163066,-0.0920956656,0.8338075,0.486484766
7934f1476fe2c6e458c230f491769c34,7400034,Mankey,0.1,fighter,RightLittleDistal,0.172720984,1.09892356,0.308567762,-0.0516509861,0.201265186,-0.932399154,0.295730263
7934f1476fe2c6e458c230f491769c34,7400034,Mankey,0.1,fighter,UpperChest,-0.0453855619,1.08719659,0.0510115549,0.275958776,-0.240061417,-0.7120535,0.599330664
7934f1476fe2c6e458c230f491769c34,7400034,Mankey,0.116666667,source,AnimatorRoot,1.12654686E-08,1.209264E-10,0.150403947,0,0,1.0538727E-16,1
7934f1476fe2c6e458c230f491769c34,7400034,Mankey,0.116666667,source,Hips,-0.06816399,0.664399445,0.103434488,-0.07221415,0.4446583,-0.0188852958,0.8925847
7934f1476fe2c6e458c230f491769c34,7400034,Mankey,0.116666667,source,LeftUpperLeg,-0.128705949,0.6742185,0.1827471,-0.5280395,-0.0138333961,0.7613825,0.375871718
7934f1476fe2c6e458c230f491769c34,7400034,Mankey,0.116666667,source,RightUpperLeg,-0.007621916,0.6545806,0.0241216719,0.293348432,-0.00359049416,-0.4888115,0.8215822
7934f1476fe2c6e458c230f491769c34,7400034,Mankey,0.116666667,source,LeftLowerLeg,-0.06914529,0.455426961,0.478587836,-0.4496158,-0.2259421,0.560679,0.6575977
7934f1476fe2c6e458c230f491769c34,7400034,Mankey,0.116666667,source,RightLowerLeg,0.186988726,0.354407549,-0.0805764943,0.3255355,0.0935314447,-0.831032455,0.44120726
7934f1476fe2c6e458c230f491769c34,7400034,Mankey,0.116666667,source,LeftFoot,-0.162806928,0.128149658,0.550622,0.5101819,-0.0323843472,-0.843584359,-0.16441144
7934f1476fe2c6e458c230f491769c34,7400034,Mankey,0.116666667,source,RightFoot,0.04825033,0.120436482,-0.297558367,0.196180746,-0.195300758,-0.28185153,0.9186571
7934f1476fe2c6e458c230f491769c34,7400034,Mankey,0.116666667,source,Spine,-0.07115392,0.761312962,0.0891541243,-0.03379148,0.444059342,-0.059019424,0.8934126
7934f1476fe2c6e458c230f491769c34,7400034,Mankey,0.116666667,source,Chest,-0.0549901836,0.938870549,0.07094324,0.126958758,0.401747823,-0.06908875,0.904271543
7934f1476fe2c6e458c230f491769c34,7400034,Mankey,0.116666667,source,Neck,-0.008132442,1.13293493,0.107003048,0.32336688,0.361541569,-0.124363206,0.8655956
7934f1476fe2c6e458c230f491769c34,7400034,Mankey,0.116666667,source,Head,0.0308859721,1.19895649,0.147825688,0.231273592,0.126935869,0.004783686,0.9645605
7934f1476fe2c6e458c230f491769c34,7400034,Mankey,0.116666667,source,LeftShoulder,-0.0370342471,1.0915724,0.12218976,0.1344326,0.5327881,-0.0306829736,0.834939241
7934f1476fe2c6e458c230f491769c34,7400034,Mankey,0.116666667,source,RightShoulder,0.00255610328,1.09021592,0.07806701,0.9874813,-0.120800115,-0.07473794,-0.06857436
7934f1476fe2c6e458c230f491769c34,7400034,Mankey,0.116666667,source,LeftUpperArm,-0.09815069,1.07850671,0.2496993,0.151477665,0.455865055,0.390383,0.7853934
7934f1476fe2c6e458c230f491769c34,7400034,Mankey,0.116666667,source,RightUpperArm,0.138826728,1.0577867,0.05475273,0.9018838,-0.394914418,0.0979746,0.1450852
7934f1476fe2c6e458c230f491769c34,7400034,Mankey,0.116666667,source,LeftLowerArm,-0.161494538,0.90828073,0.385143042,-0.438104659,0.838903069,0.3218113,-0.0272709951
7934f1476fe2c6e458c230f491769c34,7400034,Mankey,0.116666667,source,RightLowerArm,0.290379316,0.902837932,0.120755479,0.284364969,-0.0527382754,0.8192958,0.495086044
7934f1476fe2c6e458c230f491769c34,7400034,Mankey,0.116666667,source,LeftHand,-0.0162077341,1.08617938,0.440979421,-0.389225155,0.845353365,0.3271414,-0.163890943
7934f1476fe2c6e458c230f491769c34,7400034,Mankey,0.116666667,source,RightHand,0.208105013,1.08750594,0.2432421,0.223989069,-0.0628434345,0.8492101,0.474049
7934f1476fe2c6e458c230f491769c34,7400034,Mankey,0.116666667,source,LeftToes,-0.09911424,0.091562286,0.6811036,0.494017571,-0.138357177,-0.8583652,0.00362013839
7934f1476fe2c6e458c230f491769c34,7400034,Mankey,0.116666667,source,RightToes,0.1627741,0.03142144,-0.260387927,0.311860919,-0.168701172,-0.011611768,0.934958935
7934f1476fe2c6e458c230f491769c34,7400034,Mankey,0.116666667,source,LeftThumbProximal,-0.0196155459,1.10157406,0.4272985,-0.4302037,0.6796557,-0.593529642,-0.0267562419
7934f1476fe2c6e458c230f491769c34,7400034,Mankey,0.116666667,source,LeftThumbIntermediate,0.008418444,1.12624466,0.4028943,-0.195104942,0.805709362,-0.546301365,0.119674824
7934f1476fe2c6e458c230f491769c34,7400034,Mankey,0.116666667,source,LeftThumbDistal,0.0352666937,1.139595,0.402284682,0.511487961,0.6835762,-0.224726573,0.469683319
7934f1476fe2c6e458c230f491769c34,7400034,Mankey,0.116666667,source,LeftIndexProximal,0.0137529178,1.159801,0.42855683,0.264950454,0.8932407,0.042563878,-0.36070928
7934f1476fe2c6e458c230f491769c34,7400034,Mankey,0.116666667,source,LeftIndexIntermediate,0.0322343223,1.146153,0.407991618,0.8464215,0.388488919,-0.251557946,-0.263374358
7934f1476fe2c6e458c230f491769c34,7400034,Mankey,0.116666667,source,LeftIndexDistal,0.0195133723,1.12856793,0.412914783,0.8386287,-0.397028953,-0.372276157,0.0219294913
7934f1476fe2c6e458c230f491769c34,7400034,Mankey,0.116666667,source,LeftMiddleProximal,0.02595886,1.152178,0.44445914,0.273008674,0.879693747,0.07515052,-0.3820443
7934f1476fe2c6e458c230f491769c34,7400034,Mankey,0.116666667,source,LeftMiddleIntermediate,0.0443190038,1.13828814,0.4210349,0.8354129,0.383211941,-0.252173632,-0.3027254
7934f1476fe2c6e458c230f491769c34,7400034,Mankey,0.116666667,source,LeftMiddleDistal,0.03164807,1.12093854,0.425177366,0.8209765,-0.3973598,-0.409974217,-0.004969266
7934f1476fe2c6e458c230f491769c34,7400034,Mankey,0.116666667,source,LeftRingProximal,0.03557761,1.14480841,0.4573515,0.365255773,0.80799377,0.09609352,-0.4522178
7934f1476fe2c6e458c230f491769c34,7400034,Mankey,0.116666667,source,LeftRingIntermediate,0.045730602,1.129044,0.4322653,0.8268573,0.302450925,-0.279667526,-0.382905871
7934f1476fe2c6e458c230f491769c34,7400034,Mankey,0.116666667,source,LeftRingDistal,0.0330521241,1.11533451,0.4366963,0.7809796,-0.386347443,-0.484440982,-0.07825689
7934f1476fe2c6e458c230f491769c34,7400034,Mankey,0.116666667,source,LeftLittleProximal,0.04459531,1.13236248,0.467254221,0.345391452,0.7966698,0.132761717,-0.47790888
7934f1476fe2c6e458c230f491769c34,7400034,Mankey,0.116666667,source,LeftLittleIntermediate,0.05295564,1.12074113,0.443838328,0.7810132,0.360089183,-0.24912405,-0.4452995
7934f1476fe2c6e458c230f491769c34,7400034,Mankey,0.116666667,source,LeftLittleDistal,0.04124275,1.10584068,0.4451386,0.811280966,-0.244073749,-0.496210068,-0.189808354
7934f1476fe2c6e458c230f491769c34,7400034,Mankey,0.116666667,source,RightThumbProximal,0.197756439,1.101061,0.231203,0.235120282,0.771929264,0.5767381,0.127346531
7934f1476fe2c6e458c230f491769c34,7400034,Mankey,0.116666667,source,RightThumbIntermediate,0.159525186,1.12380707,0.234531447,-0.4220619,-0.649542868,-0.631423533,0.0355371237
7934f1476fe2c6e458c230f491769c34,7400034,Mankey,0.116666667,source,RightThumbDistal,0.140295729,1.13890457,0.2519006,0.7485562,0.10427916,0.4396727,-0.485260934
7934f1476fe2c6e458c230f491769c34,7400034,Mankey,0.116666667,source,RightIndexProximal,0.1749108,1.16004014,0.253674865,-0.166505843,0.114588916,-0.961779237,0.184734166
7934f1476fe2c6e458c230f491769c34,7400034,Mankey,0.116666667,source,RightIndexIntermediate,0.147890255,1.147909,0.262245119,0.0398857631,-0.192287222,0.539007843,-0.819088459
7934f1476fe2c6e458c230f491769c34,7400034,Mankey,0.116666667,source,RightIndexDistal,0.155571863,1.12791562,0.2561906,0.114154749,0.150850326,0.234134153,0.9536221
7934f1476fe2c6e458c230f491769c34,7400034,Mankey,0.116666667,source,RightMiddleProximal,0.181371033,1.1547364,0.273426384,-0.105996035,0.147997081,-0.9546244,0.235700712
7934f1476fe2c6e458c230f491769c34,7400034,Mankey,0.116666667,source,RightMiddleIntermediate,0.152913943,1.13893008,0.277782023,-0.0309658,-0.161624774,0.466668516,-0.86898756
7934f1476fe2c6e458c230f491769c34,7400034,Mankey,0.116666667,source,RightMiddleDistal,0.164126143,1.12140262,0.271003157,0.148367748,0.06368198,0.357120454,0.9199985
7934f1476fe2c6e458c230f491769c34,7400034,Mankey,0.116666667,source,RightRingProximal,0.186862,1.14924812,0.289325446,-0.06331052,0.221239835,-0.9258207,0.299835533
7934f1476fe2c6e458c230f491769c34,7400034,Mankey,0.116666667,source,RightRingIntermediate,0.161424592,1.13098109,0.288841277,-0.122314304,-0.170857236,0.384657651,-0.8988249
7934f1476fe2c6e458c230f491769c34,7400034,Mankey,0.116666667,source,RightRingDistal,0.173812732,1.11851275,0.281141281,0.222315952,-0.004529214,0.445977122,0.866983354
7934f1476fe2c6e458c230f491769c34,7400034,Mankey,0.116666667,source,RightLittleProximal,0.190671816,1.13834834,0.303501844,0.03518766,0.217122227,-0.9526708,0.209854081
7934f1476fe2c6e458c230f491769c34,7400034,Mankey,0.116666667,source,RightLittleIntermediate,0.165712118,1.12779725,0.2991615,-0.173333064,-0.106398746,0.553044438,-0.807946563
7934f1476fe2c6e458c230f491769c34,7400034,Mankey,0.116666667,source,RightLittleDistal,0.172665283,1.11151731,0.292252541,0.206965119,-0.085190095,0.248059437,0.9425366
7934f1476fe2c6e458c230f491769c34,7400034,Mankey,0.116666667,fighter,AnimatorRoot,0,0,0,0,0,0,1
7934f1476fe2c6e458c230f491769c34,7400034,Mankey,0.116666667,fighter,Hips,-0.06816398,0.6643994,0.103434481,0.162136167,-0.265264869,-0.6058332,0.7323337
7934f1476fe2c6e458c230f491769c34,7400034,Mankey,0.116666667,fighter,LeftUpperLeg,-0.1390997,0.6745777,0.201255515,0.331470937,0.763900936,0.05318126,0.5511391
7934f1476fe2c6e458c230f491769c34,7400034,Mankey,0.116666667,fighter,RightUpperLeg,0.00277171773,0.654221058,0.00561343646,0.474282056,0.8526833,0.216325983,-0.0345108956
7934f1476fe2c6e458c230f491769c34,7400034,Mankey,0.116666667,fighter,LeftLowerLeg,-0.07588395,0.467801541,0.4964914,0.6591364,0.5600284,0.252697766,0.433649033
7934f1476fe2c6e458c230f491769c34,7400034,Mankey,0.116666667,fighter,RightLowerLeg,0.203211159,0.363697946,-0.09101535,0.843082249,0.4377343,0.299969018,-0.08729136
7934f1476fe2c6e458c230f491769c34,7400034,Mankey,0.116666667,fighter,LeftFoot,-0.162806928,0.1281495,0.550622,-0.000645011663,0.8934314,-0.145393834,0.42501846
7934f1476fe2c6e458c230f491769c34,7400034,Mankey,0.116666667,fighter,RightFoot,0.04825035,0.120436542,-0.2975584,0.106393337,0.966721058,0.01796671,0.2319665
7934f1476fe2c6e458c230f491769c34,7400034,Mankey,0.116666667,fighter,Spine,-0.07667494,0.7080712,0.0927186,0.156178474,-0.272341818,-0.63044095,0.7099173
7934f1476fe2c6e458c230f491769c34,7400034,Mankey,0.116666667,fighter,Chest,-0.07956566,0.9444359,0.054805804,0.278983772,-0.20944941,-0.7581903,0.55086
7934f1476fe2c6e458c230f491769c34,7400034,Mankey,0.116666667,fighter,Neck,-0.0293634,1.2204113,0.0944507644,0.390461862,-0.26790902,-0.701510847,0.5325854
7934f1476fe2c6e458c230f491769c34,7400034,Mankey,0.116666667,fighter,Head,-0.0103516029,1.36271036,0.133498877,0.5370507,-0.300408483,-0.6592953,0.4320435
7934f1476fe2c6e458c230f491769c34,7400034,Mankey,0.116666667,fighter,LeftShoulder,0.0212039165,1.16433191,0.178644985,0.6531394,0.17041254,-0.405415833,0.6164471
7934f1476fe2c6e458c230f491769c34,7400034,Mankey,0.116666667,fighter,RightShoulder,0.0605180524,1.163716,0.133149445,-0.132106692,-0.581983268,-0.7778903,0.196800292
7934f1476fe2c6e458c230f491769c34,7400034,Mankey,0.116666667,fighter,LeftUpperArm,-0.108945832,1.22317314,0.335642,0.7346025,0.470061064,-0.04427758,0.487279832
7934f1476fe2c6e458c230f491769c34,7400034,Mankey,0.116666667,fighter,RightUpperArm,0.2489172,1.196065,0.040906962,0.179731637,0.7051467,0.5629108,0.39191398
7934f1476fe2c6e458c230f491769c34,7400034,Mankey,0.116666667,fighter,LeftLowerArm,-0.2651353,1.04068673,0.4830923,-0.11890886,0.855891049,-0.502624869,-0.0260711685
7934f1476fe2c6e458c230f491769c34,7400034,Mankey,0.116666667,fighter,RightLowerArm,0.425974071,1.00026536,0.139656842,-0.5660772,0.273823977,-0.0193414576,0.777305365
7934f1476fe2c6e458c230f491769c34,7400034,Mankey,0.116666667,fighter,LeftHand,-0.0162077751,1.08617949,0.440979451,0.396326929,-0.8386049,-0.37248674,-0.0303449258
7934f1476fe2c6e458c230f491769c34,7400034,Mankey,0.116666667,fighter,RightHand,0.208104849,1.08750582,0.243241981,0.09758268,0.393205285,-0.512877,0.756852
7934f1476fe2c6e458c230f491769c34,7400034,Mankey,0.116666667,fighter,LeftToes,0.0215574782,0.186240748,0.754356,0.102224782,0.8631961,-0.0819763243,0.48756808
7934f1476fe2c6e458c230f491769c34,7400034,Mankey,0.116666667,fighter,RightToes,0.294905037,0.08520288,-0.167973265,0.178302884,0.967482448,0.02943638,0.176973864
7934f1476fe2c6e458c230f491769c34,7400034,Mankey,0.116666667,fighter,LeftEye,-0.08716702,1.38498807,0.374110579,0.375560582,-0.372587323,-0.562722862,-0.6351979
7934f1476fe2c6e458c230f491769c34,7400034,Mankey,0.116666667,fighter,RightEye,0.167030036,1.40283287,0.310373873,0.214463651,-0.480285168,-0.756787539,-0.388078153
7934f1476fe2c6e458c230f491769c34,7400034,Mankey,0.116666667,fighter,Jaw,0.0309401844,1.196883,0.251738727,0.5917541,0.168806225,-0.7712905,-0.1626136
7934f1476fe2c6e458c230f491769c34,7400034,Mankey,0.116666667,fighter,LeftThumbProximal,0.0169934649,1.14758515,0.4181832,0.150410831,-0.930081,-0.251862139,0.221115991
7934f1476fe2c6e458c230f491769c34,7400034,Mankey,0.116666667,fighter,LeftThumbIntermediate,0.0554808043,1.16515291,0.4031136,0.124244548,-0.946794,-0.2861314,-0.07920924
7934f1476fe2c6e458c230f491769c34,7400034,Mankey,0.116666667,fighter,LeftThumbDistal,0.09256093,1.17251551,0.411683679,-0.07843192,-0.550895452,-0.277901083,-0.7830287
7934f1476fe2c6e458c230f491769c34,7400034,Mankey,0.116666667,fighter,LeftMiddleProximal,0.0560221,1.199233,0.446940273,-0.322666258,-0.8874013,-0.08064698,0.319221318
7934f1476fe2c6e458c230f491769c34,7400034,Mankey,0.116666667,fighter,LeftMiddleIntermediate,0.09168188,1.16762364,0.4094224,-0.906099856,-0.317393273,0.07891342,0.268362045
7934f1476fe2c6e458c230f491769c34,7400034,Mankey,0.116666667,fighter,LeftMiddleDistal,0.049752824,1.13468421,0.407963753,-0.8589372,0.453552842,0.2250689,0.07655673
7934f1476fe2c6e458c230f491769c34,7400034,Mankey,0.116666667,fighter,LeftRingProximal,0.08332653,1.17244065,0.486706048,-0.4032932,-0.811895251,-0.157610789,0.3915869
7934f1476fe2c6e458c230f491769c34,7400034,Mankey,0.116666667,fighter,LeftRingIntermediate,0.102957264,1.14409447,0.4460086,-0.8883685,-0.2495257,0.106362246,0.370440125
7934f1476fe2c6e458c230f491769c34,7400034,Mankey,0.116666667,fighter,LeftRingDistal,0.0563054755,1.11553288,0.446233243,-0.822257638,0.4200584,0.345590353,0.167365611
7934f1476fe2c6e458c230f491769c34,7400034,Mankey,0.116666667,fighter,LeftLittleProximal,0.09184976,1.124954,0.522674263,-0.369139433,-0.810883343,-0.182747662,0.415702522
7934f1476fe2c6e458c230f491769c34,7400034,Mankey,0.116666667,fighter,LeftLittleIntermediate,0.112217925,1.101126,0.4795173,-0.857483566,-0.317999542,0.0598591343,0.400019526
7934f1476fe2c6e458c230f491769c34,7400034,Mankey,0.116666667,fighter,LeftLittleDistal,0.06847876,1.06830442,0.471121252,-0.8638187,0.284223,0.341764569,0.237133
7934f1476fe2c6e458c230f491769c34,7400034,Mankey,0.116666667,fighter,RightThumbProximal,0.165571555,1.14679074,0.251537,-0.07390506,-0.142482758,0.210783765,-0.9642654
7934f1476fe2c6e458c230f491769c34,7400034,Mankey,0.116666667,fighter,RightThumbIntermediate,0.126475051,1.16410148,0.265276939,0.09848425,0.400124282,-0.255975,0.8744592
7934f1476fe2c6e458c230f491769c34,7400034,Mankey,0.116666667,fighter,RightThumbDistal,0.105203658,1.1784,0.294357181,-0.230325475,-0.9073929,0.158297062,-0.313896716
7934f1476fe2c6e458c230f491769c34,7400034,Mankey,0.116666667,fighter,RightMiddleProximal,0.162309781,1.20267117,0.294947267,-0.1719446,-0.196132764,-0.289000362,-0.921111345
7934f1476fe2c6e458c230f491769c34,7400034,Mankey,0.116666667,fighter,RightMiddleIntermediate,0.116457716,1.16629064,0.310833544,0.297677666,0.033531446,0.8702871,0.390979081
7934f1476fe2c6e458c230f491769c34,7400034,Mankey,0.116666667,fighter,RightMiddleDistal,0.144037068,1.12892616,0.284595221,-0.256795257,0.1507912,-0.8738343,0.384359777
7934f1476fe2c6e458c230f491769c34,7400034,Mankey,0.116666667,fighter,RightRingProximal,0.180932358,1.18163693,0.342439,-0.2902641,-0.163891122,-0.3327064,-0.882152736
7934f1476fe2c6e458c230f491769c34,7400034,Mankey,0.116666667,fighter,RightRingIntermediate,0.142266333,1.14525127,0.347560138,0.3062079,-0.07179506,0.894023836,0.319067538
7934f1476fe2c6e458c230f491769c34,7400034,Mankey,0.116666667,fighter,RightRingDistal,0.1755721,1.116449,0.315104574,-0.137242913,0.246519,-0.8425089,0.4588817
7934f1476fe2c6e458c230f491769c34,7400034,Mankey,0.116666667,fighter,RightLittleProximal,0.208952367,1.13902724,0.374386579,-0.259512067,-0.06673975,-0.242916852,-0.932304263
7934f1476fe2c6e458c230f491769c34,7400034,Mankey,0.116666667,fighter,RightLittleIntermediate,0.16238232,1.11301923,0.374299347,0.269519031,-0.07604223,0.8239836,0.492573619
7934f1476fe2c6e458c230f491769c34,7400034,Mankey,0.116666667,fighter,RightLittleDistal,0.182823136,1.07037675,0.3455816,-0.0811362863,0.209262565,-0.9316624,0.2857131
7934f1476fe2c6e458c230f491769c34,7400034,Mankey,0.116666667,fighter,UpperChest,-0.0512050726,1.05816567,0.0777733251,0.265687048,-0.226078317,-0.723173857,0.5960864
7934f1476fe2c6e458c230f491769c34,7400034,Mankey,0.13333334,source,AnimatorRoot,1.37573153E-08,1.47674512E-10,0.183672309,0,0,1.20442593E-16,1
7934f1476fe2c6e458c230f491769c34,7400034,Mankey,0.13333334,source,Hips,-0.0731470138,0.6432598,0.138628989,-0.06780521,0.467758238,-0.0224460643,0.8809658
7934f1476fe2c6e458c230f491769c34,7400034,Mankey,0.13333334,source,LeftUpperLeg,-0.12943311,0.653584838,0.220954582,-0.5045115,0.01941519,0.761351347,0.406737715
7934f1476fe2c6e458c230f491769c34,7400034,Mankey,0.13333334,source,RightUpperLeg,-0.016860798,0.632935047,0.05630319,0.297802478,0.0322534144,-0.47810775,0.825643063
7934f1476fe2c6e458c230f491769c34,7400034,Mankey,0.13333334,source,LeftLowerLeg,-0.06976957,0.4300309,0.5131922,-0.471374631,-0.148477,0.5834974,0.6444311
7934f1476fe2c6e458c230f491769c34,7400034,Mankey,0.13333334,source,RightLowerLeg,0.184699431,0.345816135,-0.06969312,0.327757716,0.118818492,-0.826038837,0.442851126
7934f1476fe2c6e458c230f491769c34,7400034,Mankey,0.13333334,source,LeftFoot,-0.165446714,0.119647615,0.638012052,0.5058922,-0.100813121,-0.8462046,-0.133595631
7934f1476fe2c6e458c230f491769c34,7400034,Mankey,0.13333334,source,RightFoot,0.04798275,0.118345633,-0.2947213,0.194014847,-0.188475728,-0.2847768,0.919639945
7934f1476fe2c6e458c230f491769c34,7400034,Mankey,0.13333334,source,Spine,-0.07548782,0.7402655,0.124862447,-0.04373732,0.466739863,-0.06174657,0.881151736
7934f1476fe2c6e458c230f491769c34,7400034,Mankey,0.13333334,source,Chest,-0.0605594,0.9174668,0.102581277,0.137236491,0.420740157,-0.07853266,0.893295348
7934f1476fe2c6e458c230f491769c34,7400034,Mankey,0.13333334,source,Neck,-0.0078294035,1.10983372,0.139614075,0.318229258,0.386499733,-0.126196548,0.856401
7934f1476fe2c6e458c230f491769c34,7400034,Mankey,0.13333334,source,Head,0.0323204175,1.17634821,0.178493157,0.239503369,0.1376284,0.0127294548,0.961007237
7934f1476fe2c6e458c230f491769c34,7400034,Mankey,0.13333334,source,LeftShoulder,-0.03695455,1.06885636,0.155406177,0.146654949,0.5560172,-0.0367388353,0.817304969
7934f1476fe2c6e458c230f491769c34,7400034,Mankey,0.13333334,source,RightShoulder,0.000618076359,1.067388,0.109556459,0.986533,-0.133675024,-0.06342883,-0.0697178245
7934f1476fe2c6e458c230f491769c34,7400034,Mankey,0.13333334,source,LeftUpperArm,-0.0907719955,1.0542258,0.2859981,0.16316618,0.4566631,0.363693118,0.7953382
7934f1476fe2c6e458c230f491769c34,7400034,Mankey,0.13333334,source,RightUpperArm,0.136401787,1.03118443,0.0891367644,0.9082636,-0.382466,0.08982682,0.143903747
7934f1476fe2c6e458c230f491769c34,7400034,Mankey,0.13333334,source,LeftLowerArm,-0.162905842,0.889386058,0.423689425,-0.41611746,0.851909161,0.315099,-0.04254358
7934f1476fe2c6e458c230f491769c34,7400034,Mankey,0.13333334,source,RightLowerArm,0.293032765,0.8796338,0.151046157,0.290370733,-0.05749285,0.819032431,0.491493076
7934f1476fe2c6e458c230f491769c34,7400034,Mankey,0.13333334,source,LeftHand,-0.009243863,1.06331182,0.468541652,-0.380209744,0.845187068,0.334090084,-0.1717071
7934f1476fe2c6e458c230f491769c34,7400034,Mankey,0.13333334,source,RightHand,0.210714519,1.06204653,0.276838034,0.2345264,-0.09168903,0.8449887,0.4717891
7934f1476fe2c6e458c230f491769c34,7400034,Mankey,0.13333334,source,LeftToes,-0.09769863,0.101065725,0.770245731,0.479395479,-0.19964315,-0.854322135,0.0213632416
7934f1476fe2c6e458c230f491769c34,7400034,Mankey,0.13333334,source,RightToes,0.162794471,0.0289652646,-0.259360135,0.3118027,-0.162009537,-0.015445848,0.9361057
7934f1476fe2c6e458c230f491769c34,7400034,Mankey,0.13333334,source,LeftThumbProximal,-0.0127969645,1.07878768,0.454989761,-0.433322161,0.682739,-0.5870649,-0.0381430537
7934f1476fe2c6e458c230f491769c34,7400034,Mankey,0.13333334,source,LeftThumbIntermediate,0.014930848,1.10318565,0.429969549,-0.196685418,0.809070349,-0.5434514,0.106683873
7934f1476fe2c6e458c230f491769c34,7400034,Mankey,0.13333334,source,LeftThumbDistal,0.0419183224,1.11620808,0.428735435,0.513535142,0.686459661,-0.232910782,0.459138483
7934f1476fe2c6e458c230f491769c34,7400034,Mankey,0.13333334,source,LeftIndexProximal,0.02130663,1.13659775,0.45558238,0.270423174,0.887036562,0.0427762568,-0.371763378
7934f1476fe2c6e458c230f491769c34,7400034,Mankey,0.13333334,source,LeftIndexIntermediate,0.0391080379,1.12278569,0.434532672,0.8452632,0.380374134,-0.259771436,-0.270859659
7934f1476fe2c6e458c230f491769c34,7400034,Mankey,0.13333334,source,LeftIndexDistal,0.0262963679,1.105343,0.4397202,0.8315678,-0.401344985,-0.383240134,0.0233398415
7934f1476fe2c6e458c230f491769c34,7400034,Mankey,0.13333334,source,LeftMiddleProximal,0.03380464,1.12877882,0.471159279,0.278767824,0.8731334,0.0753727,-0.392741352
7934f1476fe2c6e458c230f491769c34,7400034,Mankey,0.13333334,source,LeftMiddleIntermediate,0.0514116026,1.11473489,0.447253734,0.8341603,0.374682575,-0.260017633,-0.310130417
7934f1476fe2c6e458c230f491769c34,7400034,Mankey,0.13333334,source,LeftMiddleDistal,0.0386336148,1.09752941,0.451660246,0.813414037,-0.401844829,-0.4205529,-0.00375884445
7934f1476fe2c6e458c230f491769c34,7400034,Mankey,0.13333334,source,LeftRingProximal,0.0436456576,1.12125373,0.483791679,0.370724469,0.7999822,0.09550994,-0.4620285
7934f1476fe2c6e458c230f491769c34,7400034,Mankey,0.13333334,source,LeftRingIntermediate,0.05298468,1.10544086,0.458421439,0.824659169,0.29303512,-0.287025422,-0.389467448
7934f1476fe2c6e458c230f491769c34,7400034,Mankey,0.13333334,source,LeftRingDistal,0.0402510352,1.09187436,0.4631263,0.7724701,-0.391383737,-0.494055659,-0.07757545
7934f1476fe2c6e458c230f491769c34,7400034,Mankey,0.13333334,source,LeftLittleProximal,0.05274991,1.10866892,0.4934363,0.351207078,0.7884139,0.132560372,-0.4873248
7934f1476fe2c6e458c230f491769c34,7400034,Mankey,0.13333334,source,LeftLittleIntermediate,0.0603891,1.097016,0.469791,0.7794605,0.350139618,-0.2554573,-0.452311248
7934f1476fe2c6e458c230f491769c34,7400034,Mankey,0.13333334,source,LeftLittleDistal,0.0485290028,1.08225608,0.471339166,0.8033403,-0.250663877,-0.505311,-0.190979511
7934f1476fe2c6e458c230f491769c34,7400034,Mankey,0.13333334,source,RightThumbProximal,0.200621814,1.0764277,0.265564531,0.241138056,0.7522206,0.599993467,0.126589164
7934f1476fe2c6e458c230f491769c34,7400034,Mankey,0.13333334,source,RightThumbIntermediate,0.162629068,1.09938776,0.2699777,-0.4221257,-0.627777934,-0.6526397,0.0420316458
7934f1476fe2c6e458c230f491769c34,7400034,Mankey,0.13333334,source,RightThumbDistal,0.1434331,1.11363733,0.288084626,0.7323979,0.08842428,0.448405981,-0.504685163
7934f1476fe2c6e458c230f491769c34,7400034,Mankey,0.13333334,source,RightIndexProximal,0.178273633,1.13421035,0.291394234,-0.1563885,0.14389424,-0.9595862,0.184477329
7934f1476fe2c6e458c230f491769c34,7400034,Mankey,0.13333334,source,RightIndexIntermediate,0.1510458,1.12190831,0.299011856,0.0118336892,-0.205527946,0.5379016,-0.81748426
7934f1476fe2c6e458c230f491769c34,7400034,Mankey,0.13333334,source,RightIndexDistal,0.158546,1.10222661,0.291815668,0.142927527,0.13928017,0.23342602,0.951675236
7934f1476fe2c6e458c230f491769c34,7400034,Mankey,0.13333334,source,RightMiddleProximal,0.184510186,1.12764537,0.310836256,-0.09419718,0.17651391,-0.951486051,0.233761013
7934f1476fe2c6e458c230f491769c34,7400034,Mankey,0.13333334,source,RightMiddleIntermediate,0.1558381,1.11194682,0.314013749,-0.060029652,-0.172078714,0.466540754,-0.8655202
7934f1476fe2c6e458c230f491769c34,7400034,Mankey,0.13333334,source,RightMiddleDistal,0.166903019,1.09472811,0.3062704,0.175111473,0.0483626947,0.354046822,0.9174139
7934f1476fe2c6e458c230f491769c34,7400034,Mankey,0.13333334,source,RightRingProximal,0.189807117,1.12114036,0.326414555,-0.04927355,0.248347,-0.920689642,0.297029853
7934f1476fe2c6e458c230f491769c34,7400034,Mankey,0.13333334,source,RightRingIntermediate,0.16416575,1.1032424,0.3246349,-0.151969537,-0.178170666,0.384107351,-0.893097162
7934f1476fe2c6e458c230f491769c34,7400034,Mankey,0.13333334,source,RightRingDistal,0.176472172,1.09111464,0.31628713,0.246669859,-0.022731429,0.441397935,0.8624415
7934f1476fe2c6e458c230f491769c34,7400034,Mankey,0.13333334,source,RightLittleProximal,0.193374753,1.10935867,0.339933127,0.0465348959,0.244817659,-0.946736038,0.203937083
7934f1476fe2c6e458c230f491769c34,7400034,Mankey,0.13333334,source,RightLittleIntermediate,0.1683316,1.09938955,0.3347752,-0.200494871,-0.118895531,0.5536288,-0.7994757
7934f1476fe2c6e458c230f491769c34,7400034,Mankey,0.13333334,source,RightLittleDistal,0.175153211,1.08347464,0.326945543,0.233914837,-0.09756992,0.240630358,0.9369426
7934f1476fe2c6e458c230f491769c34,7400034,Mankey,0.13333334,fighter,AnimatorRoot,0,0,0,0,0,0,1
7934f1476fe2c6e458c230f491769c34,7400034,Mankey,0.13333334,fighter,Hips,-0.07314701,0.643259764,0.138628975,0.1446875,-0.245016128,-0.6129275,0.737124562
7934f1476fe2c6e458c230f491769c34,7400034,Mankey,0.13333334,fighter,LeftUpperLeg,-0.1384563,0.6538155,0.240254283,0.356994659,0.7690495,0.0196447149,0.5298414
7934f1476fe2c6e458c230f491769c34,7400034,Mankey,0.13333334,fighter,RightUpperLeg,-0.00783774,0.6327041,0.03700366,0.458105445,0.8599179,0.213369131,-0.07179478
7934f1476fe2c6e458c230f491769c34,7400034,Mankey,0.13333334,fighter,LeftLowerLeg,-0.0712516159,0.445258021,0.5333484,0.6481904,0.57761234,0.183309242,0.461097836
7934f1476fe2c6e458c230f491769c34,7400034,Mankey,0.13333334,fighter,RightLowerLeg,0.200739935,0.35559842,-0.0797205344,0.8377776,0.440743148,0.3007394,-0.115888461
7934f1476fe2c6e458c230f491769c34,7400034,Mankey,0.13333334,fighter,LeftFoot,-0.165446714,0.119647682,0.638012052,-0.026320545,0.8876579,-0.2135506,0.407145083
7934f1476fe2c6e458c230f491769c34,7400034,Mankey,0.13333334,fighter,RightFoot,0.0479827635,0.118345581,-0.294721365,0.108044751,0.968300641,0.0171079859,0.2245614
7934f1476fe2c6e458c230f491769c34,7400034,Mankey,0.13333334,fighter,Spine,-0.08192141,0.6870069,0.128446162,0.132409766,-0.258257478,-0.6286787,0.7214805
7934f1476fe2c6e458c230f491769c34,7400034,Mankey,0.13333334,fighter,Chest,-0.08906738,0.9225019,0.0859600157,0.262910873,-0.193123341,-0.770269334,0.547965944
7934f1476fe2c6e458c230f491769c34,7400034,Mankey,0.13333334,fighter,Neck,-0.0327177979,1.19710827,0.126832113,0.3830635,-0.251759,-0.7107855,0.533539236
7934f1476fe2c6e458c230f491769c34,7400034,Mankey,0.13333334,fighter,Head,-0.0123057272,1.3386482,0.167880937,0.5380049,-0.285197049,-0.6630091,0.4354685
7934f1476fe2c6e458c230f491769c34,7400034,Mankey,0.13333334,fighter,LeftShoulder,0.0209298525,1.139097,0.207747072,0.647349238,0.18837671,-0.42860496,0.6014577
7934f1476fe2c6e458c230f491769c34,7400034,Mankey,0.13333334,fighter,RightShoulder,0.0580116361,1.13853276,0.160413653,-0.133731157,-0.576009035,-0.786176,0.179602742
7934f1476fe2c6e458c230f491769c34,7400034,Mankey,0.13333334,fighter,LeftUpperArm,-0.0982738957,1.19676137,0.373622268,0.7376335,0.466174662,-0.0680526346,0.483680844
7934f1476fe2c6e458c230f491769c34,7400034,Mankey,0.13333334,fighter,RightUpperArm,0.248975322,1.16577244,0.07186859,0.169478923,0.703776538,0.5675194,0.392297864
7934f1476fe2c6e458c230f491769c34,7400034,Mankey,0.13333334,fighter,LeftLowerArm,-0.255008966,1.0214802,0.529020548,-0.13240467,0.8445474,-0.5155166,-0.0587541163
7934f1476fe2c6e458c230f491769c34,7400034,Mankey,0.13333334,fighter,RightLowerArm,0.427880734,0.973038256,0.173281074,-0.5559393,0.275792748,-0.02572531,0.7837147
7934f1476fe2c6e458c230f491769c34,7400034,Mankey,0.13333334,fighter,LeftHand,-0.009244043,1.06331193,0.4685419,0.386521459,-0.840806067,-0.3783167,-0.0228815451
7934f1476fe2c6e458c230f491769c34,7400034,Mankey,0.13333334,fighter,RightHand,0.210714221,1.06204641,0.276837945,0.1247641,0.404993951,-0.5047981,0.7520596
7934f1476fe2c6e458c230f491769c34,7400034,Mankey,0.13333334,fighter,LeftToes,0.0268805157,0.2029467,0.8249449,0.08545713,0.860749662,-0.1449264,0.4804203
7934f1476fe2c6e458c230f491769c34,7400034,Mankey,0.13333334,fighter,RightToes,0.296483517,0.08229215,-0.168944716,0.18002364,0.9685304,0.028109923,0.169559166
7934f1476fe2c6e458c230f491769c34,7400034,Mankey,0.13333334,fighter,LeftEye,-0.0851411447,1.35486877,0.4102088,0.367688328,-0.369345278,-0.5754246,-0.6302986
7934f1476fe2c6e458c230f491769c34,7400034,Mankey,0.13333334,fighter,RightEye,0.167496771,1.37861037,0.342331141,0.208254322,-0.474395245,-0.7668151,-0.3789118
7934f1476fe2c6e458c230f491769c34,7400034,Mankey,0.13333334,fighter,Jaw,0.0341055021,1.17136085,0.282096922,0.5816444,0.180211931,-0.7763379,-0.162830383
7934f1476fe2c6e458c230f491769c34,7400034,Mankey,0.13333334,fighter,LeftThumbProximal,0.02414077,1.12437391,0.445099831,0.141213477,-0.9285438,-0.257167816,0.227443486
7934f1476fe2c6e458c230f491769c34,7400034,Mankey,0.13333334,fighter,LeftThumbIntermediate,0.062614,1.14140522,0.4293922,0.114112169,-0.9477508,-0.288838655,-0.0729336441
7934f1476fe2c6e458c230f491769c34,7400034,Mankey,0.13333334,fighter,LeftThumbDistal,0.0999553651,1.14815664,0.437306166,-0.08705117,-0.5568529,-0.272397429,-0.7798314
7934f1476fe2c6e458c230f491769c34,7400034,Mankey,0.13333334,fighter,LeftMiddleProximal,0.0644966438,1.17545474,0.473025918,-0.3287092,-0.881961048,-0.07943802,0.3283062
7934f1476fe2c6e458c230f491769c34,7400034,Mankey,0.13333334,fighter,LeftMiddleIntermediate,0.09896542,1.14345229,0.434735984,-0.9073266,-0.308050245,0.0844121948,0.27338475
7934f1476fe2c6e458c230f491769c34,7400034,Mankey,0.13333334,fighter,LeftMiddleDistal,0.0565087,1.111173,0.433922261,-0.8531929,0.460495621,0.232965678,0.07571919
7934f1476fe2c6e458c230f491769c34,7400034,Mankey,0.13333334,fighter,LeftRingProximal,0.09243746,1.14821219,0.5120367,-0.40904218,-0.8052566,-0.15615426,0.399828732
7934f1476fe2c6e458c230f491769c34,7400034,Mankey,0.13333334,fighter,LeftRingIntermediate,0.110874154,1.11973429,0.470875323,-0.888564765,-0.239428356,0.111113615,0.375208169
7934f1476fe2c6e458c230f491769c34,7400034,Mankey,0.13333334,fighter,LeftRingDistal,0.0637953356,1.0918982,0.471848518,-0.815460861,0.427283585,0.352572173,0.167767167
7934f1476fe2c6e458c230f491769c34,7400034,Mankey,0.13333334,fighter,LeftLittleProximal,0.101256251,1.10051811,0.5476576,-0.375064939,-0.8042847,-0.181938007,0.423499674
7934f1476fe2c6e458c230f491769c34,7400034,Mankey,0.13333334,fighter,LeftLittleIntermediate,0.120456025,1.076557,0.5040412,-0.858438253,-0.307740778,0.0640675649,0.405309081
7934f1476fe2c6e458c230f491769c34,7400034,Mankey,0.13333334,fighter,LeftLittleDistal,0.0760641247,1.04445255,0.4963251,-0.857841969,0.292343646,0.348596334,0.2390057
7934f1476fe2c6e458c230f491769c34,7400034,Mankey,0.13333334,fighter,RightThumbProximal,0.168800145,1.12122738,0.2883885,-0.103749245,-0.140528992,0.211018309,-0.9617483
7934f1476fe2c6e458c230f491769c34,7400034,Mankey,0.13333334,fighter,RightThumbIntermediate,0.129662871,1.13814688,0.3024946,0.125728652,0.399440348,-0.2516467,0.872533441
7934f1476fe2c6e458c230f491769c34,7400034,Mankey,0.13333334,fighter,RightThumbDistal,0.108178683,1.15127611,0.3319673,-0.246373564,-0.90705657,0.13577868,-0.3132304
7934f1476fe2c6e458c230f491769c34,7400034,Mankey,0.13333334,fighter,RightMiddleProximal,0.165826455,1.17441666,0.335076451,-0.198762655,-0.186992109,-0.2899775,-0.9173009
7934f1476fe2c6e458c230f491769c34,7400034,Mankey,0.13333334,fighter,RightMiddleIntermediate,0.119618244,1.13764322,0.348891437,0.301695615,0.0108757541,0.871175647,0.3871885
7934f1476fe2c6e458c230f491769c34,7400034,Mankey,0.13333334,fighter,RightMiddleDistal,0.147255391,1.1013087,0.3213021,-0.24280563,0.169080779,-0.8728661,0.388023645
7934f1476fe2c6e458c230f491769c34,7400034,Mankey,0.13333334,fighter,RightRingProximal,0.183815688,1.15032792,0.381345868,-0.315094173,-0.1538341,-0.3340032,-0.8749248
7934f1476fe2c6e458c230f491769c34,7400034,Mankey,0.13333334,fighter,RightRingIntermediate,0.144901,1.113982,0.384477,0.30818522,-0.09489117,0.8927214,0.314749241
7934f1476fe2c6e458c230f491769c34,7400034,Mankey,0.13333334,fighter,RightRingDistal,0.178373292,1.08644092,0.3511105,-0.121286765,0.263519973,-0.839035034,0.460291147
7934f1476fe2c6e458c230f491769c34,7400034,Mankey,0.13333334,fighter,RightLittleProximal,0.2110802,1.10553193,0.410863936,-0.2864105,-0.0579358339,-0.2424963,-0.925099254
7934f1476fe2c6e458c230f491769c34,7400034,Mankey,0.13333334,fighter,RightLittleIntermediate,0.164371237,1.07982969,0.409172326,0.276215285,-0.09704456,0.822070539,0.4883526
7934f1476fe2c6e458c230f491769c34,7400034,Mankey,0.13333334,fighter,RightLittleDistal,0.184865862,1.03837371,0.378803164,-0.0699984655,0.2284893,-0.9279692,0.2859487
7934f1476fe2c6e458c230f491769c34,7400034,Mankey,0.13333334,fighter,UpperChest,-0.05786649,1.035459,0.109056942,0.250640035,-0.208802119,-0.7354068,0.5939344
7934f1476fe2c6e458c230f491769c34,7400034,Mankey,0.15,source,AnimatorRoot,1.61926028E-08,1.738155E-10,0.21618554,0,0,1.35497915E-16,1
7934f1476fe2c6e458c230f491769c34,7400034,Mankey,0.15,source,Hips,-0.0793313161,0.6319135,0.180919126,-0.058258865,0.488151431,-0.0237054322,0.8704896
7934f1476fe2c6e458c230f491769c34,7400034,Mankey,0.15,source,LeftUpperLeg,-0.13169679,0.641754031,0.26585,-0.468890846,0.04880314,0.752735734,0.459509134
7934f1476fe2c6e458c230f491769c34,7400034,Mankey,0.15,source,RightUpperLeg,-0.0269657373,0.6220732,0.09598801,0.3126081,0.06454873,-0.486912131,0.8130353
7934f1476fe2c6e458c230f491769c34,7400034,Mankey,0.15,source,LeftLowerLeg,-0.08026336,0.400956541,0.545689464,-0.487116426,-0.07920037,0.6059616,0.6239035
7934f1476fe2c6e458c230f491769c34,7400034,Mankey,0.15,source,RightLowerLeg,0.165929958,0.341993958,-0.0566085279,0.344156533,0.141141549,-0.8061462,0.460178256
7934f1476fe2c6e458c230f491769c34,7400034,Mankey,0.15,source,LeftFoot,-0.168322057,0.11101266,0.716715932,0.521550536,-0.106446289,-0.842339933,-0.08436622
7934f1476fe2c6e458c230f491769c34,7400034,Mankey,0.15,source,RightFoot,0.0477699265,0.117635928,-0.294880778,0.196426585,-0.1819458,-0.284390122,0.920562267
7934f1476fe2c6e458c230f491769c34,7400034,Mankey,0.15,source,Spine,-0.08086094,0.7291437,0.16871044,-0.0436836146,0.487155974,-0.0585472621,0.8702546
7934f1476fe2c6e458c230f491769c34,7400034,Mankey,0.15,source,Chest,-0.0673989356,0.906483054,0.146594465,0.132476792,0.4435447,-0.08427505,0.882392049
7934f1476fe2c6e458c230f491769c34,7400034,Mankey,0.15,source,Neck,-0.0125124222,1.09899461,0.179513708,0.321495533,0.411226779,-0.134761244,0.8422426
7934f1476fe2c6e458c230f491769c34,7400034,Mankey,0.15,source,Head,0.0301810242,1.16475785,0.216933772,0.246048659,0.148015648,0.0229950659,0.9576131
7934f1476fe2c6e458c230f491769c34,7400034,Mankey,0.15,source,LeftShoulder,-0.040835686,1.05817914,0.197083518,0.142967656,0.5648266,-0.04610412,0.811422
7934f1476fe2c6e458c230f491769c34,7400034,Mankey,0.15,source,RightShoulder,-0.00571131147,1.05633235,0.149345458,0.9855257,-0.137204513,-0.07861319,-0.0611072443
7934f1476fe2c6e458c230f491769c34,7400034,Mankey,0.15,source,LeftUpperArm,-0.09162854,1.04587,0.329118341,0.1803156,0.450158775,0.345434427,0.8034418
7934f1476fe2c6e458c230f491769c34,7400034,Mankey,0.15,source,RightUpperArm,0.1291883,1.01928747,0.124959633,0.9107674,-0.384910971,0.0628780648,0.135620877
7934f1476fe2c6e458c230f491769c34,7400034,Mankey,0.15,source,LeftLowerArm,-0.172302291,0.88332504,0.4647841,-0.387705535,0.8619971,0.3240289,-0.0406266935
7934f1476fe2c6e458c230f491769c34,7400034,Mankey,0.15,source,RightLowerArm,0.286833853,0.864300549,0.174563915,0.312437117,-0.076581,0.8119197,0.487139732
7934f1476fe2c6e458c230f491769c34,7400034,Mankey,0.15,source,LeftHand,-0.00776824728,1.04754317,0.507619,-0.3673499,0.847377,0.339726835,-0.177741975
7934f1476fe2c6e458c230f491769c34,7400034,Mankey,0.15,source,RightHand,0.208790019,1.03997028,0.312126845,0.25467658,-0.11554534,0.8369293,0.4704667
7934f1476fe2c6e458c230f491769c34,7400034,Mankey,0.15,source,LeftToes,-0.102178507,0.106356345,0.850970149,0.496711224,-0.203658476,-0.841674149,0.0581881665
7934f1476fe2c6e458c230f491769c34,7400034,Mankey,0.15,source,RightToes,0.163371876,0.0285314862,-0.2614506,0.3156716,-0.1561459,-0.0155641073,0.935803533
7934f1476fe2c6e458c230f491769c34,7400034,Mankey,0.15,source,LeftThumbProximal,-0.01129275,1.06308162,0.4941316,-0.432533115,0.686572,-0.5820718,-0.0522184819
7934f1476fe2c6e458c230f491769c34,7400034,Mankey,0.15,source,LeftThumbIntermediate,0.016382562,1.08686543,0.4684701,-0.194160044,0.8120047,-0.5427076,0.0917567238
7934f1476fe2c6e458c230f491769c34,7400034,Mankey,0.15,source,LeftThumbDistal,0.04360689,1.09930885,0.4666187,0.5179709,0.685923338,-0.243830115,0.449180156
7934f1476fe2c6e458c230f491769c34,7400034,Mankey,0.15,source,LeftIndexProximal,0.02403881,1.120152,0.493895,0.280493,0.8799196,0.0432956852,-0.3810391
7934f1476fe2c6e458c230f491769c34,7400034,Mankey,0.15,source,LeftIndexIntermediate,0.041067455,1.105949,0.472469419,0.8464419,0.368178,-0.2664703,-0.2774439
7934f1476fe2c6e458c230f491769c34,7400034,Mankey,0.15,source,LeftIndexDistal,0.0280063376,1.088787,0.477962166,0.822903633,-0.4100756,-0.39253813,0.0241258629
7934f1476fe2c6e458c230f491769c34,7400034,Mankey,0.15,source,LeftMiddleProximal,0.03671229,1.1120795,0.5091983,0.289062381,0.8657104,0.0760250762,-0.4015082
7934f1476fe2c6e458c230f491769c34,7400034,Mankey,0.15,source,LeftMiddleIntermediate,0.053477928,1.09764659,0.48492232,0.8352953,0.362166882,-0.266171455,-0.3166543
7934f1476fe2c6e458c230f491769c34,7400034,Mankey,0.15,source,LeftMiddleDistal,0.0404379964,1.08072042,0.4896331,0.8043427,-0.410702,-0.4293548,-0.00336998422
7934f1476fe2c6e458c230f491769c34,7400034,Mankey,0.15,source,LeftRingProximal,0.0466705337,1.10435534,0.521616638,0.380486131,0.7908242,0.0959057957,-0.469712675
7934f1476fe2c6e458c230f491769c34,7400034,Mankey,0.15,source,LeftRingIntermediate,0.055101756,1.088329,0.496063024,0.824661,0.279731929,-0.29218635,-0.3953625
7934f1476fe2c6e458c230f491769c34,7400034,Mankey,0.15,source,LeftRingDistal,0.0421903729,1.07504022,0.501066864,0.7627294,-0.400664568,-0.501610339,-0.07809687
7934f1476fe2c6e458c230f491769c34,7400034,Mankey,0.15,source,LeftLittleProximal,0.0557179227,1.09158611,0.5310706,0.361273378,0.7792,0.133444667,-0.4944913
7934f1476fe2c6e458c230f491769c34,7400034,Mankey,0.15,source,LeftLittleIntermediate,0.06257712,1.07975614,0.5072745,0.7804583,0.336624354,-0.259474784,-0.458521366
7934f1476fe2c6e458c230f491769c34,7400034,Mankey,0.15,source,LeftLittleDistal,0.05044307,1.0652535,0.509104252,0.7950226,-0.261561841,-0.5120669,-0.193163976
7934f1476fe2c6e458c230f491769c34,7400034,Mankey,0.15,source,RightThumbProximal,0.1987254,1.05514145,0.30191353,0.254263163,0.73280406,0.620152235,0.117304124
7934f1476fe2c6e458c230f491769c34,7400034,Mankey,0.15,source,RightThumbIntermediate,0.161110729,1.07825589,0.308312982,-0.429574072,-0.604373455,-0.668668747,0.0555106141
7934f1476fe2c6e458c230f491769c34,7400034,Mankey,0.15,source,RightThumbDistal,0.142374143,1.09160185,0.3275542,0.720465541,0.06608941,0.448611736,-0.524699569
7934f1476fe2c6e458c230f491769c34,7400034,Mankey,0.15,source,RightIndexProximal,0.177530423,1.11149907,0.331579328,-0.156951174,0.175689,-0.9546742,0.181927085
7934f1476fe2c6e458c230f491769c34,7400034,Mankey,0.15,source,RightIndexIntermediate,0.150255859,1.09909022,0.3388487,-0.010546675,-0.228182375,0.5364779,-0.8124123
7934f1476fe2c6e458c230f491769c34,7400034,Mankey,0.15,source,RightIndexDistal,0.15738681,1.07979691,0.330344439,0.1747389,0.1382949,0.230382979,0.947241
7934f1476fe2c6e458c230f491769c34,7400034,Mankey,0.15,source,RightMiddleProximal,0.183963686,1.103674,0.350483447,-0.09300753,0.208014488,-0.946362257,0.229081184
7934f1476fe2c6e458c230f491769c34,7400034,Mankey,0.15,source,RightMiddleIntermediate,0.155134812,1.08816648,0.353135884,-0.08417088,-0.1924588,0.4670325,-0.8589273
7934f1476fe2c6e458c230f491769c34,7400034,Mankey,0.15,source,RightMiddleDistal,0.165854439,1.07132065,0.3441813,0.2061785,0.0432546958,0.3481262,0.913470447
7934f1476fe2c6e458c230f491769c34,7400034,Mankey,0.15,source,RightRingProximal,0.189401552,1.09615839,0.365549982,-0.0454700068,0.279052377,-0.9141214,0.2905937
7934f1476fe2c6e458c230f491769c34,7400034,Mankey,0.15,source,RightRingIntermediate,0.163500786,1.07872283,0.363073468,-0.177570656,-0.19563219,0.385325551,-0.884150267
7934f1476fe2c6e458c230f491769c34,7400034,Mankey,0.15,source,RightRingDistal,0.175520673,1.06697965,0.353808522,0.276212633,-0.0313601568,0.433062583,0.8574267
7934f1476fe2c6e458c230f491769c34,7400034,Mankey,0.15,source,RightLittleProximal,0.193010047,1.08352435,0.378264159,0.04721032,0.2750066,-0.940386,0.194465786
7934f1476fe2c6e458c230f491769c34,7400034,Mankey,0.15,source,RightLittleIntermediate,0.1677633,1.0742023,0.3728928,-0.221535683,-0.140576541,0.556342959,-0.788443744
7934f1476fe2c6e458c230f491769c34,7400034,Mankey,0.15,source,RightLittleDistal,0.174256548,1.0587157,0.363997757,0.2637572,-0.0993495956,0.229717731,0.931553662
7934f1476fe2c6e458c230f491769c34,7400034,Mankey,0.15,fighter,AnimatorRoot,0,0,0,0,0,0,1
7934f1476fe2c6e458c230f491769c34,7400034,Mankey,0.15,fighter,Hips,-0.07933131,0.6319134,0.180919111,0.136583284,-0.222296715,-0.623933434,0.7366385
7934f1476fe2c6e458c230f491769c34,7400034,Mankey,0.15,fighter,LeftUpperLeg,-0.139712721,0.6411502,0.285672128,0.4030266,0.768678248,-0.0128194988,0.496526957
7934f1476fe2c6e458c230f491769c34,7400034,Mankey,0.15,fighter,RightUpperLeg,-0.0189499166,0.62267673,0.07616608,0.461924851,0.850895941,0.2273432,-0.104481891
7934f1476fe2c6e458c230f491769c34,7400034,Mankey,0.15,fighter,LeftLowerLeg,-0.07308815,0.41906926,0.5687939,0.6322767,0.5920206,0.1236354,0.484202623
7934f1476fe2c6e458c230f491769c34,7400034,Mankey,0.15,fighter,RightLowerLeg,0.182838738,0.3523905,-0.06576126,0.817938,0.4603548,0.3125744,-0.146110192
7934f1476fe2c6e458c230f491769c34,7400034,Mankey,0.15,fighter,LeftFoot,-0.168322086,0.111012764,0.7167159,-0.07274069,0.8746731,-0.225818187,0.422683954
7934f1476fe2c6e458c230f491769c34,7400034,Mankey,0.15,fighter,RightFoot,0.04776996,0.11763595,-0.294880718,0.106728114,0.9696805,0.02075205,0.218856975
7934f1476fe2c6e458c230f491769c34,7400034,Mankey,0.15,fighter,Spine,-0.08792238,0.675988,0.17208074,0.122024231,-0.237289459,-0.632036567,0.7275531
7934f1476fe2c6e458c230f491769c34,7400034,Mankey,0.15,fighter,Chest,-0.09770887,0.9119287,0.132708192,0.24224475,-0.178587645,-0.777211249,0.5526
7934f1476fe2c6e458c230f491769c34,7400034,Mankey,0.15,fighter,Neck,-0.03904351,1.18648911,0.1705163,0.373503149,-0.236540347,-0.716429,0.539698
7934f1476fe2c6e458c230f491769c34,7400034,Mankey,0.15,fighter,Head,-0.01844604,1.32783031,0.212152958,0.539508939,-0.2698999,-0.664649248,0.440824181
7934f1476fe2c6e458c230f491769c34,7400034,Mankey,0.15,fighter,LeftShoulder,0.0187851153,1.12843347,0.24846521,0.638861656,0.193692118,-0.437550843,0.602402449
7934f1476fe2c6e458c230f491769c34,7400034,Mankey,0.15,fighter,RightShoulder,0.053296268,1.12784,0.199226484,-0.1491036,-0.5729082,-0.7840895,0.18640919
7934f1476fe2c6e458c230f491769c34,7400034,Mankey,0.15,fighter,LeftUpperArm,-0.09626734,1.1877948,0.416656971,0.7444469,0.463697433,-0.07816123,0.473998517
7934f1476fe2c6e458c230f491769c34,7400034,Mankey,0.15,fighter,RightUpperArm,0.241356865,1.15362346,0.104264311,0.189006627,0.6989987,0.5734046,0.38325572
7934f1476fe2c6e458c230f491769c34,7400034,Mankey,0.15,fighter,LeftLowerArm,-0.2534677,1.01409209,0.5733526,-0.122744896,0.850919068,-0.504803,-0.07774753
7934f1476fe2c6e458c230f491769c34,7400034,Mankey,0.15,fighter,RightLowerArm,0.420269072,0.9552725,0.194183424,-0.5247463,0.29607445,-0.0121795433,0.7980184
7934f1476fe2c6e458c230f491769c34,7400034,Mankey,0.15,fighter,LeftHand,-0.00776840141,1.04754329,0.507619262,0.373305142,-0.845256567,-0.381947637,-0.0173407644
7934f1476fe2c6e458c230f491769c34,7400034,Mankey,0.15,fighter,RightHand,0.2087899,1.03997,0.312126815,0.146596611,0.42515558,-0.49787432,0.74153465
7934f1476fe2c6e458c230f491769c34,7400034,Mankey,0.15,fighter,LeftToes,0.01275409,0.221170649,0.900968552,0.04755294,0.8529065,-0.147655487,0.49848482
7934f1476fe2c6e458c230f491769c34,7400034,Mankey,0.15,fighter,RightToes,0.297785431,0.08179797,-0.172079712,0.1785539,0.969738662,0.0312359557,0.1635539
7934f1476fe2c6e458c230f491769c34,7400034,Mankey,0.15,fighter,LeftEye,-0.08766404,1.33834255,0.455852121,0.3619548,-0.365334034,-0.588658452,-0.6236999
7934f1476fe2c6e458c230f491769c34,7400034,Mankey,0.15,fighter,RightEye,0.163222536,1.36904168,0.3843649,0.204311967,-0.468568444,-0.776726842,-0.367961884
7934f1476fe2c6e458c230f491769c34,7400034,Mankey,0.15,fighter,Jaw,0.0336359777,1.15979016,0.322762,0.571861565,0.192067832,-0.781291068,-0.160215527
7934f1476fe2c6e458c230f491769c34,7400034,Mankey,0.15,fighter,LeftThumbProximal,0.0263770577,1.10786343,0.4833662,0.122558892,-0.9284053,-0.260278761,0.23515521
7934f1476fe2c6e458c230f491769c34,7400034,Mankey,0.15,fighter,LeftThumbIntermediate,0.06497187,1.12358129,0.466621637,0.0949915349,-0.951027334,-0.28677848,-0.06543532
7934f1476fe2c6e458c230f491769c34,7400034,Mankey,0.15,fighter,LeftThumbDistal,0.1027037,1.12913,0.473558068,-0.0978099,-0.565791,-0.257072359,-0.7773207
7934f1476fe2c6e458c230f491769c34,7400034,Mankey,0.15,fighter,LeftMiddleProximal,0.068425186,1.15809178,0.5103246,-0.343732238,-0.872546732,-0.0768714845,0.338527918
7934f1476fe2c6e458c230f491769c34,7400034,Mankey,0.15,fighter,LeftMiddleIntermediate,0.1008418,1.12486792,0.47129,-0.911626458,-0.289558172,0.0919133052,0.27684918
7934f1476fe2c6e458c230f491769c34,7400034,Mankey,0.15,fighter,LeftMiddleDistal,0.05734726,1.09399319,0.471676767,-0.8427,0.475737,0.2415221,0.07209985
7934f1476fe2c6e458c230f491769c34,7400034,Mankey,0.15,fighter,LeftRingProximal,0.0966439545,1.13028741,0.548734248,-0.423448861,-0.794059932,-0.15353176,0.4081521
7934f1476fe2c6e458c230f491769c34,7400034,Mankey,0.15,fighter,LeftRingIntermediate,0.113083757,1.10110223,0.5072239,-0.8915393,-0.219902918,0.116654225,0.378408045
7934f1476fe2c6e458c230f491769c34,7400034,Mankey,0.15,fighter,LeftRingDistal,0.06516182,1.07482445,0.5094981,-0.804128349,0.4432666,0.359343231,0.166629061
7934f1476fe2c6e458c230f491769c34,7400034,Mankey,0.15,fighter,LeftLittleProximal,0.105238549,1.08244133,0.5842056,-0.389595,-0.7935375,-0.179837614,0.4314771
7934f1476fe2c6e458c230f491769c34,7400034,Mankey,0.15,fighter,LeftLittleIntermediate,0.122525357,1.0577383,0.5402047,-0.863004744,-0.288353771,0.06897225,0.409044623
7934f1476fe2c6e458c230f491769c34,7400034,Mankey,0.15,fighter,LeftLittleDistal,0.07692695,1.02708125,0.5337397,-0.848718166,0.309838,0.35530436,0.239659771
7934f1476fe2c6e458c230f491769c34,7400034,Mankey,0.15,fighter,RightThumbProximal,0.167841926,1.09884369,0.327930331,-0.132637754,-0.148661822,0.209681928,-0.957257032
7934f1476fe2c6e458c230f491769c34,7400034,Mankey,0.15,fighter,RightThumbIntermediate,0.128865376,1.11510181,0.343210667,0.151455268,0.408155382,-0.244501591,0.866423547
7934f1476fe2c6e458c230f491769c34,7400034,Mankey,0.15,fighter,RightThumbDistal,0.107652031,1.12673259,0.3734976,-0.2588287,-0.9102515,0.11214979,-0.303105056
7934f1476fe2c6e458c230f491769c34,7400034,Mankey,0.15,fighter,RightMiddleProximal,0.166262656,1.149094,0.3778314,-0.230058163,-0.184743315,-0.2915075,-0.909926534
7934f1476fe2c6e458c230f491769c34,7400034,Mankey,0.15,fighter,RightMiddleIntermediate,0.12006101,1.111764,0.390087426,0.314905226,-0.0111817941,0.86943686,0.3805126
7934f1476fe2c6e458c230f491769c34,7400034,Mankey,0.15,fighter,RightMiddleDistal,0.1473759,1.07684636,0.360425621,-0.235336125,0.193784982,-0.867882669,0.392230272
7934f1476fe2c6e458c230f491769c34,7400034,Mankey,0.15,fighter,RightRingProximal,0.184606537,1.1219846,0.4222533,-0.344706833,-0.150278777,-0.334546864,-0.864102
7934f1476fe2c6e458c230f491769c34,7400034,Mankey,0.15,fighter,RightRingIntermediate,0.145615309,1.08561873,0.4238039,0.319427133,-0.117991984,0.8881994,0.30845812
7934f1476fe2c6e458c230f491769c34,7400034,Mankey,0.15,fighter,RightRingDistal,0.1787446,1.05976892,0.388783336,-0.111530438,0.287548721,-0.832165837,0.460844129
7934f1476fe2c6e458c230f491769c34,7400034,Mankey,0.15,fighter,RightLittleProximal,0.2117023,1.07512367,0.448544681,-0.316537023,-0.0562723428,-0.241254285,-0.9156606
7934f1476fe2c6e458c230f491769c34,7400034,Mankey,0.15,fighter,RightLittleIntermediate,0.164909,1.049657,0.445894778,0.292115659,-0.116544932,0.817554533,0.482380033
7934f1476fe2c6e458c230f491769c34,7400034,Mankey,0.15,fighter,RightLittleDistal,0.185045168,1.00978625,0.41324842,-0.06622509,0.253714919,-0.9217656,0.285642
7934f1476fe2c6e458c230f491769c34,7400034,Mankey,0.15,fighter,UpperChest,-0.06523252,1.0248605,0.1541092,0.230899155,-0.1930328,-0.742053151,0.5989834
7934f1476fe2c6e458c230f491769c34,7400034,Mankey,0.166666672,source,AnimatorRoot,1.850546E-08,1.98642311E-10,0.247064248,0,0,1.50553237E-16,1
7934f1476fe2c6e458c230f491769c34,7400034,Mankey,0.166666672,source,Hips,-0.08157689,0.630406,0.231952131,-0.04651196,0.486147821,-0.0116570173,0.87256
7934f1476fe2c6e458c230f491769c34,7400034,Mankey,0.166666672,source,LeftUpperLeg,-0.134419248,0.6369797,0.316903323,-0.429884285,0.07177195,0.744644344,0.5055226
7934f1476fe2c6e458c230f491769c34,7400034,Mankey,0.166666672,source,RightUpperLeg,-0.0287344344,0.6238324,0.14700073,0.344125122,0.08269984,-0.5243767,0.7744467
7934f1476fe2c6e458c230f491769c34,7400034,Mankey,0.166666672,source,LeftLowerLeg,-0.08995343,0.3793525,0.582591,-0.503275156,-0.04692687,0.6125533,0.6076927
7934f1476fe2c6e458c230f491769c34,7400034,Mankey,0.166666672,source,RightLowerLeg,0.133923978,0.3423036,-0.0352699,0.373390049,0.152129665,-0.7742549,0.487817466
7934f1476fe2c6e458c230f491769c34,7400034,Mankey,0.166666672,source,LeftFoot,-0.175255224,0.103869587,0.7772821,0.5732826,-0.0304269381,-0.818615556,-0.01703435
7934f1476fe2c6e458c230f491769c34,7400034,Mankey,0.166666672,source,RightFoot,0.0485957675,0.118992709,-0.288100362,0.200314879,-0.172700942,-0.291791,0.919187963
7934f1476fe2c6e458c230f491769c34,7400034,Mankey,0.166666672,source,Spine,-0.0840153,0.7279609,0.222886309,-0.0444229767,0.47895506,-0.0391223319,0.8758414
7934f1476fe2c6e458c230f491769c34,7400034,Mankey,0.166666672,source,Chest,-0.07656676,0.9060277,0.2040092,0.116451584,0.464393377,-0.0815998837,0.874139249
7934f1476fe2c6e458c230f491769c34,7400034,Mankey,0.166666672,source,Neck,-0.0247728433,1.10037148,0.230558008,0.320167363,0.433441579,-0.1430266,0.8301595
7934f1476fe2c6e458c230f491769c34,7400034,Mankey,0.166666672,source,Head,0.0199708287,1.16588366,0.265968829,0.252270162,0.1593833,0.02840403,0.954018056
7934f1476fe2c6e458c230f491769c34,7400034,Mankey,0.166666672,source,LeftShoulder,-0.0512925237,1.05929947,0.2502203,0.125887752,0.565395951,-0.051104635,0.8135528
7934f1476fe2c6e458c230f491769c34,7400034,Mankey,0.166666672,source,RightShoulder,-0.018360449,1.05725741,0.200952038,0.982845545,-0.126900628,-0.123770393,-0.0509122945
7934f1476fe2c6e458c230f491769c34,7400034,Mankey,0.166666672,source,LeftUpperArm,-0.1017646,1.050893,0.3826836,0.181668863,0.449549079,0.334645778,0.808031261
7934f1476fe2c6e458c230f491769c34,7400034,Mankey,0.166666672,source,RightUpperArm,0.11471653,1.02361834,0.16456762,0.911519,-0.3928289,0.0184783638,0.120321594
7934f1476fe2c6e458c230f491769c34,7400034,Mankey,0.166666672,source,LeftLowerArm,-0.186011687,0.8913541,0.5197385,-0.368896455,0.8698903,0.325334638,-0.0369311161
7934f1476fe2c6e458c230f491769c34,7400034,Mankey,0.166666672,source,RightLowerArm,0.271208525,0.8623731,0.193617418,0.3545288,-0.09160066,0.8036283,0.469148546
7934f1476fe2c6e458c230f491769c34,7400034,Mankey,0.166666672,source,LeftHand,-0.0146142859,1.04874027,0.561288059,-0.342314243,0.859177,0.334096,-0.18170318
7934f1476fe2c6e458c230f491769c34,7400034,Mankey,0.166666672,source,RightHand,0.198303118,1.02525687,0.348627031,0.291712254,-0.09050476,0.826710939,0.472506255
7934f1476fe2c6e458c230f491769c34,7400034,Mankey,0.166666672,source,LeftToes,-0.124028549,0.104917347,0.917978764,0.562641263,-0.13399297,-0.807931244,0.1128195
7934f1476fe2c6e458c230f491769c34,7400034,Mankey,0.166666672,source,RightToes,0.163902625,0.02831076,-0.258065164,0.3221046,-0.149433523,-0.02388208,0.934530854
7934f1476fe2c6e458c230f491769c34,7400034,Mankey,0.166666672,source,LeftThumbProximal,-0.0176340342,1.06402862,0.5473981,-0.42013973,0.687379,-0.58737725,-0.0773388743
7934f1476fe2c6e458c230f491769c34,7400034,Mankey,0.166666672,source,LeftThumbIntermediate,0.0106937988,1.08574224,0.5206369,-0.180764332,0.8089159,-0.5550461,0.07002633
7934f1476fe2c6e458c230f491769c34,7400034,Mankey,0.166666672,source,LeftThumbDistal,0.038430158,1.0968442,0.518016636,0.5252027,0.6735022,-0.268212646,0.4456675
7934f1476fe2c6e458c230f491769c34,7400034,Mankey,0.166666672,source,LeftIndexProximal,0.0202859044,1.11935925,0.5449462,0.306724429,0.8707568,0.03703865,-0.382532418
7934f1476fe2c6e458c230f491769c34,7400034,Mankey,0.166666672,source,LeftIndexIntermediate,0.0362943038,1.10376239,0.523704,0.856664062,0.342339963,-0.271845579,-0.2739173
7934f1476fe2c6e458c230f491769c34,7400034,Mankey,0.166666672,source,LeftIndexDistal,0.0225448236,1.08739448,0.5298959,0.8096788,-0.434581369,-0.393249333,0.0302486
7934f1476fe2c6e458c230f491769c34,7400034,Mankey,0.166666672,source,LeftMiddleProximal,0.0328175053,1.11115181,0.5602946,0.315513134,0.8566778,0.070372425,-0.40199858
7934f1476fe2c6e458c230f491769c34,7400034,Mankey,0.166666672,source,LeftMiddleIntermediate,0.0485067964,1.09525526,0.536214352,0.845960736,0.3362925,-0.27046302,-0.3132221
7934f1476fe2c6e458c230f491769c34,7400034,Mankey,0.166666672,source,LeftMiddleDistal,0.0347768664,1.079099,0.5416172,0.791231453,-0.435529262,-0.429261118,0.00164190133
7934f1476fe2c6e458c230f491769c34,7400034,Mankey,0.166666672,source,LeftRingProximal,0.0426067524,1.10333526,0.5727894,0.406316727,0.779467642,0.09222365,-0.467795044
7934f1476fe2c6e458c230f491769c34,7400034,Mankey,0.166666672,source,LeftRingIntermediate,0.0498775728,1.086199,0.547601938,0.834373653,0.253150046,-0.293348551,-0.392023742
7934f1476fe2c6e458c230f491769c34,7400034,Mankey,0.166666672,source,LeftRingDistal,0.036448624,1.07367742,0.5531878,0.7504092,-0.4261667,-0.499580473,-0.0754194856
7934f1476fe2c6e458c230f491769c34,7400034,Mankey,0.166666672,source,LeftLittleProximal,0.0512058325,1.09043777,0.5824844,0.387494862,0.7686547,0.13064073,-0.4918854
7934f1476fe2c6e458c230f491769c34,7400034,Mankey,0.166666672,source,LeftLittleIntermediate,0.0571284443,1.07761586,0.558952034,0.79268837,0.3110394,-0.2596802,-0.455484957
7934f1476fe2c6e458c230f491769c34,7400034,Mankey,0.166666672,source,LeftLittleDistal,0.0443687961,1.06375384,0.5613902,0.787526131,-0.28890875,-0.509654164,-0.191278651
7934f1476fe2c6e458c230f491769c34,7400034,Mankey,0.166666672,source,RightThumbProximal,0.187220648,1.04028416,0.339292556,0.278911322,0.7402171,0.6062818,0.08191515
7934f1476fe2c6e458c230f491769c34,7400034,Mankey,0.166666672,source,RightThumbIntermediate,0.150149465,1.06313515,0.3489702,-0.4572788,-0.604904056,-0.6464034,0.08455654
7934f1476fe2c6e458c230f491769c34,7400034,Mankey,0.166666672,source,RightThumbDistal,0.133130625,1.076448,0.369767457,0.741403,0.0463582,0.412911922,-0.5269504
7934f1476fe2c6e458c230f491769c34,7400034,Mankey,0.166666672,source,RightIndexProximal,0.168336332,1.09665036,0.370464385,-0.201583415,0.180410609,-0.94626,0.177224934
7934f1476fe2c6e458c230f491769c34,7400034,Mankey,0.166666672,source,RightIndexIntermediate,0.141944438,1.08406806,0.3802562,0.0172142,-0.263503045,0.533683956,-0.803400159
7934f1476fe2c6e458c230f491769c34,7400034,Mankey,0.166666672,source,RightIndexDistal,0.148435339,1.064781,0.371240824,0.181770369,0.182742983,0.225695774,0.9394821
7934f1476fe2c6e458c230f491769c34,7400034,Mankey,0.166666672,source,RightMiddleProximal,0.176531717,1.08899307,0.38874504,-0.137597471,0.215141684,-0.940771163,0.223004133
7934f1476fe2c6e458c230f491769c34,7400034,Mankey,0.166666672,source,RightMiddleIntermediate,0.14819783,1.07327139,0.394097447,-0.05951451,-0.230443254,0.4673748,-0.85141927
7934f1476fe2c6e458c230f491769c34,7400034,Mankey,0.166666672,source,RightMiddleDistal,0.158200473,1.05645752,0.384293437,0.2190384,0.08673083,0.342013955,0.9096847
7934f1476fe2c6e458c230f491769c34,7400034,Mankey,0.166666672,source,RightRingProximal,0.183383673,1.0816133,0.403293252,-0.08911007,0.289200157,-0.9106817,0.281214327
7934f1476fe2c6e458c230f491769c34,7400034,Mankey,0.166666672,source,RightRingIntermediate,0.1575147,1.06395614,0.40328145,-0.156457424,-0.235385448,0.389918953,-0.8764007
7934f1476fe2c6e458c230f491769c34,7400034,Mankey,0.166666672,source,RightRingDistal,0.1687403,1.05225313,0.393022537,0.293343127,0.0101721818,0.4236482,0.856953144
7934f1476fe2c6e458c230f491769c34,7400034,Mankey,0.166666672,source,RightLittleProximal,0.18824327,1.06908667,0.415693045,0.0025672114,0.281082153,-0.9415332,0.185747251
7934f1476fe2c6e458c230f491769c34,7400034,Mankey,0.166666672,source,RightLittleIntermediate,0.162692651,1.0595299,0.412695527,-0.193078041,-0.1757131,0.563,-0.784141
7934f1476fe2c6e458c230f491769c34,7400034,Mankey,0.166666672,source,RightLittleDistal,0.168480411,1.04404175,0.4033287,0.271693856,-0.054999806,0.221588328,0.9349097
7934f1476fe2c6e458c230f491769c34,7400034,Mankey,0.166666672,fighter,AnimatorRoot,0,0,0,0,0,0,1
7934f1476fe2c6e458c230f491769c34,7400034,Mankey,0.166666672,fighter,Hips,-0.0815768838,0.630405962,0.2319521,0.1565254,-0.212041646,-0.626740038,0.7333042
7934f1476fe2c6e458c230f491769c34,7400034,Mankey,0.166666672,fighter,LeftUpperLeg,-0.1430789,0.6347991,0.3363678,0.4441089,0.7704973,-0.03893663,0.455614865
7934f1476fe2c6e458c230f491769c34,7400034,Mankey,0.166666672,fighter,RightUpperLeg,-0.0200748891,0.626012862,0.127536431,0.4972218,0.8164898,0.26633215,-0.123215809
7934f1476fe2c6e458c230f491769c34,7400034,Mankey,0.166666672,fighter,LeftLowerLeg,-0.07341581,0.397339642,0.605954051,0.621106863,0.589717031,0.093261756,0.5077029
7934f1476fe2c6e458c230f491769c34,7400034,Mankey,0.166666672,fighter,RightLowerLeg,0.153813571,0.352899015,-0.0430166572,0.787372,0.490102232,0.333919168,-0.168355182
7934f1476fe2c6e458c230f491769c34,7400034,Mankey,0.166666672,fighter,LeftFoot,-0.175255254,0.103869744,0.7772821,-0.137826145,0.843125939,-0.166823119,0.4922527
7934f1476fe2c6e458c230f491769c34,7400034,Mankey,0.166666672,fighter,RightFoot,0.048595652,0.118992753,-0.288100541,0.113149561,0.970826447,0.0263952538,0.209754318
7934f1476fe2c6e458c230f491769c34,7400034,Mankey,0.166666672,fighter,Spine,-0.0902342,0.674801946,0.224984944,0.144760221,-0.234249592,-0.623036265,0.7321184
7934f1476fe2c6e458c230f491769c34,7400034,Mankey,0.166666672,fighter,Chest,-0.106334642,0.911478639,0.192752779,0.226756245,-0.167387769,-0.77570045,0.564669847
7934f1476fe2c6e458c230f491769c34,7400034,Mankey,0.166666672,fighter,Neck,-0.0518301427,1.187408,0.226616785,0.365020454,-0.22402817,-0.718009233,0.5486661
7934f1476fe2c6e458c230f491769c34,7400034,Mankey,0.166666672,fighter,Head,-0.03227291,1.3289628,0.268028319,0.537833452,-0.256604433,-0.6689442,0.444300979
7934f1476fe2c6e458c230f491769c34,7400034,Mankey,0.166666672,fighter,LeftShoulder,0.0102418493,1.13104022,0.302513927,0.630704,0.193818718,-0.431913048,0.6148969
7934f1476fe2c6e458c230f491769c34,7400034,Mankey,0.166666672,fighter,RightShoulder,0.04276276,1.13082373,0.2519356,-0.172828376,-0.568252444,-0.772754,0.223766088
7934f1476fe2c6e458c230f491769c34,7400034,Mankey,0.166666672,fighter,LeftUpperArm,-0.106870621,1.19188738,0.468741536,0.7402068,0.47026962,-0.08395596,0.473172247
7934f1476fe2c6e458c230f491769c34,7400034,Mankey,0.166666672,fighter,RightUpperArm,0.221076608,1.16253638,0.1412655,0.230441436,0.691403151,0.5819562,0.3608125
7934f1476fe2c6e458c230f491769c34,7400034,Mankey,0.166666672,fighter,LeftLowerArm,-0.2600813,1.01806009,0.629205,-0.119817883,0.8534264,-0.500100136,-0.08489764
7934f1476fe2c6e458c230f491769c34,7400034,Mankey,0.166666672,fighter,RightLowerArm,0.399605155,0.9543606,0.206292972,-0.490778536,0.326929927,0.02758753,0.80715096
7934f1476fe2c6e458c230f491769c34,7400034,Mankey,0.166666672,fighter,LeftHand,-0.0146144163,1.04874039,0.561288238,0.350856245,-0.8593171,-0.3718502,-0.0142085031
7934f1476fe2c6e458c230f491769c34,7400034,Mankey,0.166666672,fighter,RightHand,0.198303133,1.02525663,0.348627031,0.119840823,0.457710028,-0.502186239,0.723843455
7934f1476fe2c6e458c230f491769c34,7400034,Mankey,0.166666672,fighter,LeftToes,-0.0404075459,0.237112358,0.9844893,-0.0120064132,0.827541947,-0.07183819,0.556659162
7934f1476fe2c6e458c230f491769c34,7400034,Mankey,0.166666672,fighter,RightToes,0.300328016,0.07892266,-0.170213073,0.184627414,0.969990432,0.03651928,0.153942168
7934f1476fe2c6e458c230f491769c34,7400034,Mankey,0.166666672,fighter,LeftEye,-0.09660652,1.33491254,0.513215363,0.353898674,-0.364747047,-0.599448264,-0.618366539
7934f1476fe2c6e458c230f491769c34,7400034,Mankey,0.166666672,fighter,RightEye,0.152298272,1.3702693,0.437102348,0.19697316,-0.4650916,-0.784820855,-0.3590933
7934f1476fe2c6e458c230f491769c34,7400034,Mankey,0.166666672,fighter,Jaw,0.0244408064,1.160093,0.375037,0.561255157,0.200258061,-0.7867851,-0.16080755
7934f1476fe2c6e458c230f491769c34,7400034,Mankey,0.166666672,fighter,LeftThumbProximal,0.0218850486,1.10667467,0.5347539,0.0878597945,-0.9328314,-0.2511987,0.242911622
7934f1476fe2c6e458c230f491769c34,7400034,Mankey,0.166666672,fighter,LeftThumbIntermediate,0.060802564,1.119517,0.5163831,0.06398034,-0.959430158,-0.2683224,-0.05834508
7934f1476fe2c6e458c230f491769c34,7400034,Mankey,0.166666672,fighter,LeftThumbDistal,0.09898462,1.123062,0.5220538,-0.103658721,-0.578508854,-0.222046733,-0.7779963
7934f1476fe2c6e458c230f491769c34,7400034,Mankey,0.166666672,fighter,LeftMiddleProximal,0.06663458,1.1556493,0.5595866,-0.376142323,-0.858253539,-0.06702998,0.342674315
7934f1476fe2c6e458c230f491769c34,7400034,Mankey,0.166666672,fighter,LeftMiddleIntermediate,0.09587851,1.11927676,0.520854056,-0.922896,-0.2570684,0.102078326,0.267880261
7934f1476fe2c6e458c230f491769c34,7400034,Mankey,0.166666672,fighter,LeftMiddleDistal,0.0506997146,1.09105015,0.5235577,-0.825921357,0.505270541,0.243381411,0.05763782
7934f1476fe2c6e458c230f491769c34,7400034,Mankey,0.166666672,fighter,LeftRingProximal,0.0941532552,1.12768531,0.598386347,-0.455546856,-0.77787286,-0.145231783,0.407798171
7934f1476fe2c6e458c230f491769c34,7400034,Mankey,0.166666672,fighter,LeftRingIntermediate,0.107614182,1.09620082,0.5574878,-0.902198553,-0.186141834,0.122320496,0.369360745
7934f1476fe2c6e458c230f491769c34,7400034,Mankey,0.166666672,fighter,LeftRingDistal,0.05834058,1.07288539,0.5620393,-0.7882516,0.4751219,0.358299077,0.156656086
7934f1476fe2c6e458c230f491769c34,7400034,Mankey,0.166666672,fighter,LeftLittleProximal,0.101099052,1.08053935,0.635133743,-0.422131777,-0.7786019,-0.1720706,0.431249738
7934f1476fe2c6e458c230f491769c34,7400034,Mankey,0.166666672,fighter,LeftLittleIntermediate,0.115589164,1.05339289,0.5915646,-0.876867831,-0.2557461,0.0745692849,0.4001713
7934f1476fe2c6e458c230f491769c34,7400034,Mankey,0.166666672,fighter,LeftLittleDistal,0.0681166053,1.02527714,0.5874754,-0.8379939,0.34406,0.355165422,0.230753571
7934f1476fe2c6e458c230f491769c34,7400034,Mankey,0.166666672,fighter,RightThumbProximal,0.158464089,1.0838958,0.36778155,-0.118942991,-0.190136626,0.212023,-0.9511821
7934f1476fe2c6e458c230f491769c34,7400034,Mankey,0.166666672,fighter,RightThumbIntermediate,0.120838389,1.099979,0.3862914,0.135614663,0.445357323,-0.2488778,0.849309146
7934f1476fe2c6e458c230f491769c34,7400034,Mankey,0.166666672,fighter,RightThumbDistal,0.1022541,1.11168385,0.418231964,-0.2487575,-0.923266232,0.125595152,-0.264434934
7934f1476fe2c6e458c230f491769c34,7400034,Mankey,0.166666672,fighter,RightMiddleProximal,0.16100888,1.13443613,0.417348742,-0.239975646,-0.226736367,-0.28367427,-0.900295436
7934f1476fe2c6e458c230f491769c34,7400034,Mankey,0.166666672,fighter,RightMiddleIntermediate,0.116356708,1.09685743,0.4338521,0.351152331,0.009740602,0.8563697,0.378456116
7934f1476fe2c6e458c230f491769c34,7400034,Mankey,0.166666672,fighter,RightMiddleDistal,0.141262591,1.06191742,0.402165055,-0.275073171,0.206662074,-0.855998,0.385867745
7934f1476fe2c6e458c230f491769c34,7400034,Mankey,0.166666672,fighter,RightRingProximal,0.183554545,1.1077466,0.4600582,-0.356744379,-0.1910124,-0.3216418,-0.85603416
7934f1476fe2c6e458c230f491769c34,7400034,Mankey,0.166666672,fighter,RightRingIntermediate,0.145143077,1.071104,0.4652609,0.357150167,-0.100114062,0.875001431,0.311117321
7934f1476fe2c6e458c230f491769c34,7400034,Mankey,0.166666672,fighter,RightRingDistal,0.1752999,1.04523337,0.427664548,-0.150365144,0.303983659,-0.8258067,0.450587
7934f1476fe2c6e458c230f491769c34,7400034,Mankey,0.166666672,fighter,RightLittleProximal,0.213332146,1.06126606,0.484020919,-0.32453084,-0.09866888,-0.230414838,-0.9120601
7934f1476fe2c6e458c230f491769c34,7400034,Mankey,0.166666672,fighter,RightLittleIntermediate,0.1666942,1.03543091,0.4856441,0.3262574,-0.09115401,0.8063228,0.4848622
7934f1476fe2c6e458c230f491769c34,7400034,Mankey,0.166666672,fighter,RightLittleDistal,0.184228674,0.995462,0.451644957,-0.108530656,0.262283057,-0.9177865,0.277664483
7934f1476fe2c6e458c230f491769c34,7400034,Mankey,0.166666672,fighter,UpperChest,-0.07534437,1.02518,0.212192133,0.216122717,-0.180908948,-0.7398089,0.610938549
7934f1476fe2c6e458c230f491769c34,7400034,Mankey,0.183333337,source,AnimatorRoot,2.0630015E-08,2.21447832E-10,0.275428951,0,0,1.6560856E-16,1
7934f1476fe2c6e458c230f491769c34,7400034,Mankey,0.183333337,source,Hips,-0.0784750655,0.6332136,0.285627455,-0.03224999,0.4322195,0.0007198471,0.9011913
7934f1476fe2c6e458c230f491769c34,7400034,Mankey,0.183333337,source,LeftUpperLeg,-0.141275615,0.635878563,0.3637378,-0.4950496,0.00271820021,0.7497338,0.4391104
7934f1476fe2c6e458c230f491769c34,7400034,Mankey,0.183333337,source,RightUpperLeg,-0.015674416,0.6305488,0.207516924,0.416492552,0.0521186031,-0.593832731,0.6864258
7934f1476fe2c6e458c230f491769c34,7400034,Mankey,0.183333337,source,LeftLowerLeg,-0.09497465,0.391454577,0.6413203,-0.5178215,-0.134465128,0.6166829,0.5774795
7934f1476fe2c6e458c230f491769c34,7400034,Mankey,0.183333337,source,RightLowerLeg,0.0921581,0.34285298,-0.00353306532,0.4356,0.132308438,-0.7352778,0.5021094
7934f1476fe2c6e458c230f491769c34,7400034,Mankey,0.183333337,source,LeftFoot,-0.1656938,0.09517156,0.809507847,0.58833915,0.0347107872,-0.8027186,-0.09107845
7934f1476fe2c6e458c230f491769c34,7400034,Mankey,0.183333337,source,RightFoot,0.0516986735,0.126038283,-0.272654533,0.212024838,-0.156128466,-0.334919065,0.9047092
7934f1476fe2c6e458c230f491769c34,7400034,Mankey,0.183333337,source,Spine,-0.08133443,0.7310152,0.2799917,-0.046636533,0.451935232,0.005685912,0.890812755
7934f1476fe2c6e458c230f491769c34,7400034,Mankey,0.183333337,source,Chest,-0.08803461,0.9097056,0.2679712,0.089589864,0.464668751,-0.0703995153,0.878123462
7934f1476fe2c6e458c230f491769c34,7400034,Mankey,0.183333337,source,Neck,-0.04513849,1.10705054,0.2872524,0.306866944,0.4387572,-0.125462189,0.835215151
7934f1476fe2c6e458c230f491769c34,7400034,Mankey,0.183333337,source,Head,-0.00353648164,1.17483139,0.3222212,0.246495515,0.180610642,0.0317613631,0.9516363
7934f1476fe2c6e458c230f491769c34,7400034,Mankey,0.183333337,source,LeftShoulder,-0.0698196739,1.06558454,0.308423579,0.09633202,0.556573,-0.04738988,0.823833168
7934f1476fe2c6e458c230f491769c34,7400034,Mankey,0.183333337,source,RightShoulder,-0.03671621,1.063194,0.259286016,0.9780585,-0.10207288,-0.177258,-0.0395324081
7934f1476fe2c6e458c230f491769c34,7400034,Mankey,0.183333337,source,LeftUpperArm,-0.123207055,1.06144547,0.439942718,0.151555941,0.485829443,0.331652254,0.7943599
7934f1476fe2c6e458c230f491769c34,7400034,Mankey,0.183333337,source,RightUpperArm,0.09340273,1.03682458,0.20890145,0.910978854,-0.3969802,-0.05192595,0.0991392657
7934f1476fe2c6e458c230f491769c34,7400034,Mankey,0.183333337,source,LeftLowerArm,-0.192980245,0.9087,0.592044,-0.360689372,0.865956664,0.3418647,-0.0561371036
7934f1476fe2c6e458c230f491769c34,7400034,Mankey,0.183333337,source,RightLowerArm,0.247341931,0.8706216,0.2052997,0.391120434,-0.146534562,0.7800959,0.465836227
7934f1476fe2c6e458c230f491769c34,7400034,Mankey,0.183333337,source,LeftHand,-0.0195970889,1.065433,0.627356,-0.336961627,0.8448417,0.350305557,-0.2235757
7934f1476fe2c6e458c230f491769c34,7400034,Mankey,0.183333337,source,RightHand,0.185871169,1.01532233,0.381814122,0.280824751,-0.131662384,0.811065733,0.4959592
7934f1476fe2c6e458c230f491769c34,7400034,Mankey,0.183333337,source,LeftToes,-0.122102119,0.0671612844,0.9499927,0.5876272,-0.07124879,-0.805240333,0.034733668
7934f1476fe2c6e458c230f491769c34,7400034,Mankey,0.183333337,source,RightToes,0.160543069,0.0253833849,-0.251619935,0.338463426,-0.142660886,-0.06405413,0.927894235
7934f1476fe2c6e458c230f491769c34,7400034,Mankey,0.183333337,source,LeftThumbProximal,-0.02422051,1.0807277,0.613921762,-0.4547052,0.680287957,-0.5659584,-0.100713864
7934f1476fe2c6e458c230f491769c34,7400034,Mankey,0.183333337,source,LeftThumbIntermediate,0.00103799766,1.103241,0.5848483,-0.2149918,0.811062038,-0.5425679,0.0397214741
7934f1476fe2c6e458c230f491769c34,7400034,Mankey,0.183333337,source,LeftThumbDistal,0.0281613562,1.11499262,0.579784036,0.506170154,0.700085461,-0.28467083,0.4154943
7934f1476fe2c6e458c230f491769c34,7400034,Mankey,0.183333337,source,LeftIndexProximal,0.0120670851,1.1369288,0.6084393,0.296890467,0.855568051,0.0215396453,-0.4235517
7934f1476fe2c6e458c230f491769c34,7400034,Mankey,0.183333337,source,LeftIndexIntermediate,0.02640258,1.121827,0.585697532,0.8383974,0.3400294,-0.312818,-0.289163828
7934f1476fe2c6e458c230f491769c34,7400034,Mankey,0.183333337,source,LeftIndexDistal,0.013649093,1.1051116,0.5929947,0.7957474,-0.422170758,-0.4311241,0.0518727265
7934f1476fe2c6e458c230f491769c34,7400034,Mankey,0.183333337,source,LeftMiddleProximal,0.0261353645,1.1289233,0.6225097,0.307293236,0.840597034,0.0541633964,-0.442757815
7934f1476fe2c6e458c230f491769c34,7400034,Mankey,0.183333337,source,LeftMiddleIntermediate,0.0398992337,1.11353087,0.596968532,0.8277041,0.332057774,-0.311412245,-0.328126073
7934f1476fe2c6e458c230f491769c34,7400034,Mankey,0.183333337,source,LeftMiddleDistal,0.02708807,1.09703231,0.60348016,0.7755804,-0.424517632,-0.4665762,0.0238134414
7934f1476fe2c6e458c230f491769c34,7400034,Mankey,0.183333337,source,LeftRingProximal,0.0372028463,1.12126184,0.6339927,0.3996502,0.761408865,0.07081035,-0.5054928
7934f1476fe2c6e458c230f491769c34,7400034,Mankey,0.183333337,source,LeftRingIntermediate,0.04251191,1.104443,0.608111143,0.8157545,0.245337009,-0.334918231,-0.402721971
7934f1476fe2c6e458c230f491769c34,7400034,Mankey,0.183333337,source,LeftRingDistal,0.0299359243,1.09158385,0.614805758,0.7312061,-0.4189277,-0.53578496,-0.05265349
7934f1476fe2c6e458c230f491769c34,7400034,Mankey,0.183333337,source,LeftLittleProximal,0.046941936,1.1085099,0.642757237,0.3826541,0.7491572,0.109738074,-0.529431343
7934f1476fe2c6e458c230f491769c34,7400034,Mankey,0.183333337,source,LeftLittleIntermediate,0.0509643033,1.09596336,0.6186812,0.7747883,0.2996591,-0.299896657,-0.469009936
7934f1476fe2c6e458c230f491769c34,7400034,Mankey,0.183333337,source,LeftLittleDistal,0.0387956537,1.08179784,0.622169554,0.7658654,-0.2866885,-0.548398852,-0.174697161
7934f1476fe2c6e458c230f491769c34,7400034,Mankey,0.183333337,source,RightThumbProximal,0.176435918,1.03159845,0.372767717,0.296715915,0.7121558,0.625665367,0.115488015
7934f1476fe2c6e458c230f491769c34,7400034,Mankey,0.183333337,source,RightThumbIntermediate,0.140870482,1.05689824,0.3819936,-0.46469143,-0.5726069,-0.6730635,0.0562993325
7934f1476fe2c6e458c230f491769c34,7400034,Mankey,0.183333337,source,RightThumbDistal,0.12402273,1.07058525,0.402686983,0.720934868,0.0185924023,0.450553328,-0.5262222
7934f1476fe2c6e458c230f491769c34,7400034,Mankey,0.183333337,source,RightIndexProximal,0.1606364,1.08783722,0.405828476,-0.169396266,0.206531242,-0.952230334,0.148012862
7934f1476fe2c6e458c230f491769c34,7400034,Mankey,0.183333337,source,RightIndexIntermediate,0.1329224,1.07699037,0.413891077,-0.023746416,-0.258878857,0.559135735,-0.787264943
7934f1476fe2c6e458c230f491769c34,7400034,Mankey,0.183333337,source,RightIndexDistal,0.138282791,1.05767012,0.404227227,0.20592618,0.1495369,0.196277916,0.9469474
7934f1476fe2c6e458c230f491769c34,7400034,Mankey,0.183333337,source,RightMiddleProximal,0.167368978,1.07872832,0.424040735,-0.103158005,0.237547249,-0.9463626,0.193205714
7934f1476fe2c6e458c230f491769c34,7400034,Mankey,0.183333337,source,RightMiddleIntermediate,0.137676,1.06511223,0.42743963,-0.0987435952,-0.220210135,0.493928552,-0.8353396
7934f1476fe2c6e458c230f491769c34,7400034,Mankey,0.183333337,source,RightMiddleDistal,0.146763384,1.04800749,0.417254984,0.236096814,0.0500878319,0.312188566,0.918851852
7934f1476fe2c6e458c230f491769c34,7400034,Mankey,0.183333337,source,RightRingProximal,0.17295447,1.07017243,0.438485563,-0.05107787,0.307608217,-0.915835261,0.2530111
7934f1476fe2c6e458c230f491769c34,7400034,Mankey,0.183333337,source,RightRingIntermediate,0.145807713,1.05467248,0.4365399,-0.194657087,-0.2189298,0.4153417,-0.861202955
7934f1476fe2c6e458c230f491769c34,7400034,Mankey,0.183333337,source,RightRingDistal,0.156534538,1.04257917,0.426200449,0.304246426,-0.0300936755,0.395635039,0.86602664
7934f1476fe2c6e458c230f491769c34,7400034,Mankey,0.183333337,source,RightLittleProximal,0.176249579,1.05674875,0.450453639,0.0385893248,0.2986558,-0.941044748,0.154114544
7934f1476fe2c6e458c230f491769c34,7400034,Mankey,0.183333337,source,RightLittleIntermediate,0.1501905,1.04942393,0.445935071,-0.2304592,-0.163946152,0.5851304,-0.760022044
7934f1476fe2c6e458c230f491769c34,7400034,Mankey,0.183333337,source,RightLittleDistal,0.15516451,1.03395867,0.436075747,0.286259,-0.09127668,0.188738018,0.9349348
7934f1476fe2c6e458c230f491769c34,7400034,Mankey,0.183333337,fighter,AnimatorRoot,0,0,0,0,0,0,1
7934f1476fe2c6e458c230f491769c34,7400034,Mankey,0.183333337,fighter,Hips,-0.07847506,0.6332135,0.285627425,0.219635814,-0.243214786,-0.6201679,0.7127401
7934f1476fe2c6e458c230f491769c34,7400034,Mankey,0.183333337,fighter,LeftUpperLeg,-0.153550684,0.6318289,0.380843818,0.375099629,0.7648869,0.0294915587,0.522856236
7934f1476fe2c6e458c230f491769c34,7400034,Mankey,0.183333337,fighter,RightUpperLeg,-0.0033994494,0.6345982,0.190411031,0.5706805,0.734069467,0.356911123,-0.08988987
7934f1476fe2c6e458c230f491769c34,7400034,Mankey,0.183333337,fighter,LeftLowerLeg,-0.09066516,0.410556,0.66544956,0.5846453,0.601231,0.181034744,0.513748765
7934f1476fe2c6e458c230f491769c34,7400034,Mankey,0.183333337,fighter,RightLowerLeg,0.118271962,0.351475,-0.00695658149,0.754430652,0.5027098,0.391729474,-0.157051131
7934f1476fe2c6e458c230f491769c34,7400034,Mankey,0.183333337,fighter,LeftFoot,-0.16569376,0.09517182,0.8095077,-0.06674363,0.8456503,-0.100630626,0.519898653
7934f1476fe2c6e458c230f491769c34,7400034,Mankey,0.183333337,fighter,RightFoot,0.05169867,0.126038387,-0.272654533,0.156327292,0.968343854,0.0414408147,0.190143749
7934f1476fe2c6e458c230f491769c34,7400034,Mankey,0.183333337,fighter,Spine,-0.0863211155,0.677960455,0.2800917,0.193721041,-0.238349378,-0.5974659,0.740740359
7934f1476fe2c6e458c230f491769c34,7400034,Mankey,0.183333337,fighter,Chest,-0.117096305,0.9143985,0.258552879,0.227611154,-0.176027983,-0.762420058,0.5795888
7934f1476fe2c6e458c230f491769c34,7400034,Mankey,0.183333337,fighter,Neck,-0.0725330338,1.19276822,0.286460638,0.3587532,-0.223449335,-0.7109436,0.562073
7934f1476fe2c6e458c230f491769c34,7400034,Mankey,0.183333337,fighter,Head,-0.056057144,1.33552623,0.324982,0.5248128,-0.246017575,-0.6738107,0.458286434
7934f1476fe2c6e458c230f491769c34,7400034,Mankey,0.183333337,fighter,LeftShoulder,-0.009515808,1.14037943,0.364401966,0.6241209,0.185704738,-0.4140939,0.6360138
7934f1476fe2c6e458c230f491769c34,7400034,Mankey,0.183333337,fighter,RightShoulder,0.0236239433,1.14010429,0.314227164,-0.191153541,-0.5679227,-0.751283348,0.2765823
7934f1476fe2c6e458c230f491769c34,7400034,Mankey,0.183333337,fighter,LeftUpperArm,-0.134334788,1.20297861,0.5242483,0.704282939,0.513031662,-0.110540658,0.478084862
7934f1476fe2c6e458c230f491769c34,7400034,Mankey,0.183333337,fighter,RightUpperArm,0.187888235,1.18222785,0.18658641,0.292412251,0.68281424,0.5939237,0.309054464
7934f1476fe2c6e458c230f491769c34,7400034,Mankey,0.183333337,fighter,LeftLowerArm,-0.260928571,1.02909458,0.706392169,-0.138933867,0.860465169,-0.4795578,-0.10159646
7934f1476fe2c6e458c230f491769c34,7400034,Mankey,0.183333337,fighter,RightLowerArm,0.367696017,0.966209531,0.207643434,-0.4057022,0.375451177,0.0681429058,0.830541432
7934f1476fe2c6e458c230f491769c34,7400034,Mankey,0.183333337,fighter,LeftHand,-0.0195974186,1.065433,0.62735635,0.343093961,-0.85375154,-0.390633881,0.0282901749
7934f1476fe2c6e458c230f491769c34,7400034,Mankey,0.183333337,fighter,RightHand,0.185871124,1.01532233,0.381814,0.165795341,0.448374033,-0.516977131,0.710075736
7934f1476fe2c6e458c230f491769c34,7400034,Mankey,0.183333337,fighter,LeftToes,-0.03679824,0.180092365,1.04412842,0.0638751462,0.816429257,-0.004848197,0.5738816
7934f1476fe2c6e458c230f491769c34,7400034,Mankey,0.183333337,fighter,RightToes,0.3033928,0.06073036,-0.166555136,0.220812187,0.964819551,0.0509717,0.133293167
7934f1476fe2c6e458c230f491769c34,7400034,Mankey,0.183333337,fighter,LeftEye,-0.110848807,1.34279072,0.5724411,0.348607928,-0.376392663,-0.6103296,-0.60357213
7934f1476fe2c6e458c230f491769c34,7400034,Mankey,0.183333337,fighter,RightEye,0.134158418,1.382056,0.486263722,0.187752485,-0.474045455,-0.7896025,-0.341406077
7934f1476fe2c6e458c230f491769c34,7400034,Mankey,0.183333337,fighter,Jaw,0.008046628,1.16887188,0.431289732,0.5445664,0.1984954,-0.80013144,-0.154392779
7934f1476fe2c6e458c230f491769c34,7400034,Mankey,0.183333337,fighter,LeftThumbProximal,0.0130068241,1.12434328,0.5980442,0.08626874,-0.916654348,-0.2530289,0.2971177
7934f1476fe2c6e458c230f491769c34,7400034,Mankey,0.183333337,fighter,LeftThumbIntermediate,0.0493199,1.138199,0.575541556,0.0649321,-0.9598793,-0.272782922,-0.0022739768
7934f1476fe2c6e458c230f491769c34,7400034,Mankey,0.183333337,fighter,LeftThumbDistal,0.0877559856,1.14298272,0.577083945,-0.106487833,-0.621054053,-0.22900714,-0.7419622
7934f1476fe2c6e458c230f491769c34,7400034,Mankey,0.183333337,fighter,LeftMiddleProximal,0.0587406568,1.17418969,0.6190549,-0.3711593,-0.8443974,-0.04680243,0.383462965
7934f1476fe2c6e458c230f491769c34,7400034,Mankey,0.183333337,fighter,LeftMiddleIntermediate,0.08484369,1.13835084,0.5776717,-0.9127546,-0.256279677,0.156771779,0.276807845
7934f1476fe2c6e458c230f491769c34,7400034,Mankey,0.183333337,fighter,LeftMiddleDistal,0.041132044,1.10876656,0.585369051,-0.8195388,0.495456755,0.286900729,0.0238210652
7934f1476fe2c6e458c230f491769c34,7400034,Mankey,0.183333337,fighter,LeftRingProximal,0.09032384,1.14664257,0.6549482,-0.4564265,-0.7615783,-0.118440196,0.444573283
7934f1476fe2c6e458c230f491769c34,7400034,Mankey,0.183333337,fighter,LeftRingIntermediate,0.100355029,1.11517751,0.6130616,-0.8927598,-0.1797697,0.176921278,0.373312384
7934f1476fe2c6e458c230f491769c34,7400034,Mankey,0.183333337,fighter,LeftRingDistal,0.0526138246,1.0903939,0.6229993,-0.775913954,0.471786171,0.400523,0.1223003
7934f1476fe2c6e458c230f491769c34,7400034,Mankey,0.183333337,fighter,LeftLittleProximal,0.101666689,1.09945762,0.690532863,-0.4246376,-0.7604249,-0.146335423,0.469066948
7934f1476fe2c6e458c230f491769c34,7400034,Mankey,0.183333337,fighter,LeftLittleIntermediate,0.112298295,1.07233274,0.64585197,-0.869530857,-0.247601181,0.128397,0.407583475
7934f1476fe2c6e458c230f491769c34,7400034,Mankey,0.183333337,fighter,LeftLittleDistal,0.0655809939,1.0427196,0.647038758,-0.8244662,0.344317675,0.4008799,0.202475518
7934f1476fe2c6e458c230f491769c34,7400034,Mankey,0.183333337,fighter,RightThumbProximal,0.1499262,1.07605278,0.4021208,-0.156073675,-0.16625376,0.233801842,-0.945165455
7934f1476fe2c6e458c230f491769c34,7400034,Mankey,0.183333337,fighter,RightThumbIntermediate,0.112408049,1.09357107,0.419512749,0.181458175,0.424698055,-0.255649447,0.8493222
7934f1476fe2c6e458c230f491769c34,7400034,Mankey,0.183333337,fighter,RightThumbDistal,0.09269516,1.10442984,0.4510734,-0.2868412,-0.911321759,0.0977027,-0.2786918
7934f1476fe2c6e458c230f491769c34,7400034,Mankey,0.183333337,fighter,RightMiddleProximal,0.15417701,1.12393641,0.454147726,-0.2661793,-0.179268271,-0.2670765,-0.9086705
7934f1476fe2c6e458c230f491769c34,7400034,Mankey,0.183333337,fighter,RightMiddleIntermediate,0.106078275,1.08871078,0.465283722,0.338199824,-0.0437877141,0.852435,0.396305859
7934f1476fe2c6e458c230f491769c34,7400034,Mankey,0.183333337,fighter,RightMiddleDistal,0.1304613,1.05425119,0.432677329,-0.228119612,0.234077916,-0.8693682,0.370632321
7934f1476fe2c6e458c230f491769c34,7400034,Mankey,0.183333337,fighter,RightRingProximal,0.17260085,1.09361959,0.496410966,-0.379409343,-0.1394189,-0.308617353,-0.8610263
7934f1476fe2c6e458c230f491769c34,7400034,Mankey,0.183333337,fighter,RightRingIntermediate,0.131495,1.05962849,0.496725827,0.3373695,-0.152138621,0.8698671,0.3261405
7934f1476fe2c6e458c230f491769c34,7400034,Mankey,0.183333337,fighter,RightRingDistal,0.162107334,1.03420639,0.45919162,-0.09892583,0.323698223,-0.8343727,0.435035229
7934f1476fe2c6e458c230f491769c34,7400034,Mankey,0.183333337,fighter,RightLittleProximal,0.197524726,1.0438602,0.5193053,-0.345224142,-0.0495081544,-0.211154461,-0.9131174
7934f1476fe2c6e458c230f491769c34,7400034,Mankey,0.183333337,fighter,RightLittleIntermediate,0.149202377,1.0214678,0.5163516,0.31458652,-0.145827711,0.794322133,0.4988209
7934f1476fe2c6e458c230f491769c34,7400034,Mankey,0.183333337,fighter,RightLittleDistal,0.16604501,0.9827013,0.48065275,-0.0609931648,0.289291024,-0.920350254,0.256020278
7934f1476fe2c6e458c230f491769c34,7400034,Mankey,0.183333337,fighter,UpperChest,-0.09027685,1.02952969,0.275635749,0.216448918,-0.189585209,-0.7256431,0.62501955
7934f1476fe2c6e458c230f491769c34,7400034,Mankey,0.2,source,AnimatorRoot,2.25003944E-08,2.41524967E-10,0.300400168,0,0,1.80663882E-16,1
7934f1476fe2c6e458c230f491769c34,7400034,Mankey,0.2,source,Hips,-0.07062475,0.6405106,0.3393148,-0.0291459486,0.322604716,0.0139732976,0.9459818
7934f1476fe2c6e458c230f491769c34,7400034,Mankey,0.2,source,LeftUpperLeg,-0.149977356,0.6397455,0.400591284,-0.5864085,-0.107962132,0.7207012,0.35363692
7934f1476fe2c6e458c230f491769c34,7400034,Mankey,0.2,source,RightUpperLeg,0.008728043,0.641276,0.2780381,0.5152703,-0.0211242829,-0.6384668,0.5713237
7934f1476fe2c6e458c230f491769c34,7400034,Mankey,0.2,source,LeftLowerLeg,-0.126818,0.402548045,0.687191963,-0.514148653,-0.233307332,0.6327885,0.5299034
7934f1476fe2c6e458c230f491769c34,7400034,Mankey,0.2,source,RightLowerLeg,0.0772491,0.3612283,0.0417818725,0.5133117,0.07397621,-0.7049812,0.483777165
7934f1476fe2c6e458c230f491769c34,7400034,Mankey,0.2,source,LeftFoot,-0.158235788,0.08572124,0.8275684,0.53841114,0.07762764,-0.82503444,-0.152988642
7934f1476fe2c6e458c230f491769c34,7400034,Mankey,0.2,source,RightFoot,0.0755293444,0.150311723,-0.2349548,0.268087447,-0.133708954,-0.442012846,0.84550333
7934f1476fe2c6e458c230f491769c34,7400034,Mankey,0.2,source,Spine,-0.07505872,0.7383114,0.334794044,-0.0460258462,0.350437462,0.0513070971,0.934046566
7934f1476fe2c6e458c230f491769c34,7400034,Mankey,0.2,source,Chest,-0.09585832,0.916201949,0.3283186,0.07326934,0.373642534,-0.0382244326,0.923884332
7934f1476fe2c6e458c230f491769c34,7400034,Mankey,0.2,source,Neck,-0.06963533,1.116111,0.350804657,0.27957046,0.362249523,-0.0663103759,0.88669
7934f1476fe2c6e458c230f491769c34,7400034,Mankey,0.2,source,Head,-0.0418220572,1.18864429,0.389703631,0.211095661,0.170566142,0.0509181954,0.961121142
7934f1476fe2c6e458c230f491769c34,7400034,Mankey,0.2,source,LeftShoulder,-0.09562864,1.07344723,0.367566079,0.0741304755,0.523544669,-0.0101456176,0.8487068
7934f1476fe2c6e458c230f491769c34,7400034,Mankey,0.2,source,RightShoulder,-0.0530614555,1.07250965,0.326296121,0.9729413,-0.0519148558,-0.218378365,-0.0547863059
7934f1476fe2c6e458c230f491769c34,7400034,Mankey,0.2,source,LeftUpperArm,-0.159756288,1.06487048,0.493973,0.07791976,0.557459235,0.338744134,0.753936768
7934f1476fe2c6e458c230f491769c34,7400034,Mankey,0.2,source,RightUpperArm,0.0746311843,1.06155586,0.2651447,0.9021482,-0.407453567,-0.130444869,0.0556326769
7934f1476fe2c6e458c230f491769c34,7400034,Mankey,0.2,source,LeftLowerArm,-0.19351162,0.9294588,0.672462761,-0.363781184,0.843691051,0.385718554,-0.08408659
7934f1476fe2c6e458c230f491769c34,7400034,Mankey,0.2,source,RightLowerArm,0.218263969,0.891704142,0.2220902,0.4355107,-0.208144516,0.7427412,0.464050323
7934f1476fe2c6e458c230f491769c34,7400034,Mankey,0.2,source,LeftHand,-0.0230402742,1.08988893,0.7052593,-0.356689781,0.7874802,0.400370032,-0.303894877
7934f1476fe2c6e458c230f491769c34,7400034,Mankey,0.2,source,RightHand,0.173355445,1.01179147,0.420676649,0.265452564,-0.1690494,0.8063711,0.5007233
7934f1476fe2c6e458c230f491769c34,7400034,Mankey,0.2,source,LeftToes,-0.102322049,0.03540515,0.9570395,0.544768631,-0.0212670974,-0.838025,-0.0221136361
7934f1476fe2c6e458c230f491769c34,7400034,Mankey,0.2,source,RightToes,0.161402255,0.0276571065,-0.2365863,0.3932235,-0.14713341,-0.135481119,0.897425354
7934f1476fe2c6e458c230f491769c34,7400034,Mankey,0.2,source,LeftThumbProximal,-0.031537272,1.10546184,0.6942564,-0.5431466,0.6652785,-0.499467,-0.113709368
7934f1476fe2c6e458c230f491769c34,7400034,Mankey,0.2,source,LeftThumbIntermediate,-0.01440133,1.132634,0.66330266,-0.30417034,0.819716334,-0.485320956,0.00322153186
7934f1476fe2c6e458c230f491769c34,7400034,Mankey,0.2,source,LeftThumbDistal,0.0100390976,1.147683,0.6546067,0.456618,0.771430731,-0.2789368,0.3443695
7934f1476fe2c6e458c230f491769c34,7400034,Mankey,0.2,source,LeftIndexProximal,-0.00256797718,1.16562986,0.687474966,0.234843567,0.8266323,0.0060684057,-0.5113625
7934f1476fe2c6e458c230f491769c34,7400034,Mankey,0.2,source,LeftIndexIntermediate,0.008739365,1.1538496,0.661319,0.7752547,0.368485153,-0.388630539,-0.334912241
7934f1476fe2c6e458c230f491769c34,7400034,Mankey,0.2,source,LeftIndexDistal,-0.0007496097,1.13534081,0.669236541,0.7760526,-0.35554406,-0.5145567,0.0810136
7934f1476fe2c6e458c230f491769c34,7400034,Mankey,0.2,source,LeftMiddleProximal,0.0145686325,1.15829968,0.698085666,0.248167083,0.8092693,0.0359315,-0.5312307
7934f1476fe2c6e458c230f491769c34,7400034,Mankey,0.2,source,LeftMiddleIntermediate,0.0248293616,1.14636135,0.669260144,0.763630152,0.356410325,-0.3886439,-0.372555137
7934f1476fe2c6e458c230f491769c34,7400034,Mankey,0.2,source,LeftMiddleDistal,0.0151178548,1.12811553,0.6764367,0.751809061,-0.360078365,-0.5495356,0.0560224839
7934f1476fe2c6e458c230f491769c34,7400034,Mankey,0.2,source,LeftRingProximal,0.0282598883,1.151153,0.7067181,0.34314853,0.729123,0.0376341753,-0.59094274
7934f1476fe2c6e458c230f491769c34,7400034,Mankey,0.2,source,LeftRingIntermediate,0.0303292274,1.13687372,0.6789199,0.7512521,0.263777465,-0.4183132,-0.437100053
7934f1476fe2c6e458c230f491769c34,7400034,Mankey,0.2,source,LeftRingDistal,0.0205247011,1.12224925,0.6865569,0.698107541,-0.361053556,-0.618110836,-0.0150410449
7934f1476fe2c6e458c230f491769c34,7400034,Mankey,0.2,source,LeftLittleProximal,0.0406498238,1.13899934,0.712468147,0.329485655,0.712332249,0.0761023462,-0.615005136
7934f1476fe2c6e458c230f491769c34,7400034,Mankey,0.2,source,LeftLittleIntermediate,0.0413749553,1.12868547,0.68704474,0.708209455,0.3081877,-0.381150365,-0.508119166
7934f1476fe2c6e458c230f491769c34,7400034,Mankey,0.2,source,LeftLittleDistal,0.0315057822,1.113034,0.691351056,0.719554245,-0.238376066,-0.634992659,-0.149009168
7934f1476fe2c6e458c230f491769c34,7400034,Mankey,0.2,source,RightThumbProximal,0.165063456,1.02879286,0.411846668,0.294148952,0.6888965,0.64725554,0.141277671
7934f1476fe2c6e458c230f491769c34,7400034,Mankey,0.2,source,RightThumbIntermediate,0.129953444,1.0550307,0.420150369,-0.454218328,-0.550272,-0.69964397,0.0372263342
7934f1476fe2c6e458c230f491769c34,7400034,Mankey,0.2,source,RightThumbDistal,0.112421468,1.06846035,0.440440178,0.69601655,0.0104755173,0.481386,-0.5326536
7934f1476fe2c6e458c230f491769c34,7400034,Mankey,0.2,source,RightIndexProximal,0.1493858,1.08413291,0.446446359,-0.1344593,0.226155952,-0.9545853,0.139793172
7934f1476fe2c6e458c230f491769c34,7400034,Mankey,0.2,source,RightIndexIntermediate,0.120871283,1.07403052,0.452412426,-0.0621263273,-0.247625157,0.5670203,-0.783141851
7934f1476fe2c6e458c230f491769c34,7400034,Mankey,0.2,source,RightIndexDistal,0.126090243,1.054949,0.442211568,0.223660827,0.113720618,0.187662482,0.949646056
7934f1476fe2c6e458c230f491769c34,7400034,Mankey,0.2,source,RightMiddleProximal,0.154700473,1.07399869,0.4645856,-0.06687342,0.254463673,-0.9469613,0.184503257
7934f1476fe2c6e458c230f491769c34,7400034,Mankey,0.2,source,RightMiddleIntermediate,0.12438637,1.061408,0.465662539,-0.1354983,-0.204754889,0.5014378,-0.8296246
7934f1476fe2c6e458c230f491769c34,7400034,Mankey,0.2,source,RightMiddleDistal,0.133434087,1.04441667,0.4552554,0.2479584,0.0120592639,0.302692682,0.920189857
7934f1476fe2c6e458c230f491769c34,7400034,Mankey,0.2,source,RightRingProximal,0.159112766,1.06462228,0.4789269,-0.0130984643,0.3210819,-0.914525449,0.245721549
7934f1476fe2c6e458c230f491769c34,7400034,Mankey,0.2,source,RightRingIntermediate,0.131585553,1.05028141,0.4747344,-0.229591668,-0.199201435,0.420641363,-0.854791343
7934f1476fe2c6e458c230f491769c34,7400034,Mankey,0.2,source,RightRingDistal,0.142458841,1.03823626,0.464492172,0.31096372,-0.06962914,0.387276024,0.8651426
7934f1476fe2c6e458c230f491769c34,7400034,Mankey,0.2,source,RightLittleProximal,0.16121012,1.05058074,0.490447581,0.07488486,0.313887358,-0.935453355,0.144205049
7934f1476fe2c6e458c230f491769c34,7400034,Mankey,0.2,source,RightLittleIntermediate,0.135214821,1.04446959,0.4841193,-0.267045617,-0.150266573,0.5885619,-0.748132765
7934f1476fe2c6e458c230f491769c34,7400034,Mankey,0.2,source,RightLittleDistal,0.140199125,1.02926,0.4738748,0.299374342,-0.127879411,0.177395642,0.92873776
7934f1476fe2c6e458c230f491769c34,7400034,Mankey,0.2,fighter,AnimatorRoot,0,0,0,0,0,0,1
7934f1476fe2c6e458c230f491769c34,7400034,Mankey,0.2,fighter,Hips,-0.07062474,0.640510559,0.339314759,0.300502568,-0.329235762,-0.589037,0.6740457
7934f1476fe2c6e458c230f491769c34,7400034,Mankey,0.2,fighter,LeftUpperLeg,-0.167374,0.638419867,0.412387639,0.3071961,0.7193831,0.1329612,0.6086377
7934f1476fe2c6e458c230f491769c34,7400034,Mankey,0.2,fighter,RightUpperLeg,0.0261245072,0.642601252,0.2662419,0.6199148,0.621856332,0.4785343,-0.00233477354
7934f1476fe2c6e458c230f491769c34,7400034,Mankey,0.2,fighter,LeftLowerLeg,-0.1416178,0.417448342,0.702947259,0.5261213,0.636604965,0.267043531,0.496606857
7934f1476fe2c6e458c230f491769c34,7400034,Mankey,0.2,fighter,RightLowerLeg,0.110803649,0.3612756,0.0480627939,0.734546661,0.470448732,0.478498846,-0.100787371
7934f1476fe2c6e458c230f491769c34,7400034,Mankey,0.2,fighter,LeftFoot,-0.158235759,0.08572146,0.8275685,-0.0153335743,0.8776258,-0.04438758,0.4770404
7934f1476fe2c6e458c230f491769c34,7400034,Mankey,0.2,fighter,RightFoot,0.07552939,0.150311515,-0.234954923,0.27207464,0.942414045,0.103822514,0.164476037
7934f1476fe2c6e458c230f491769c34,7400034,Mankey,0.2,fighter,Spine,-0.0767802745,0.6853373,0.332447261,0.2818529,-0.305830747,-0.5532876,0.7217336
7934f1476fe2c6e458c230f491769c34,7400034,Mankey,0.2,fighter,Chest,-0.116498686,0.920473635,0.3112966,0.303426147,-0.246542424,-0.720935762,0.572189867
7934f1476fe2c6e458c230f491769c34,7400034,Mankey,0.2,fighter,Neck,-0.08685181,1.200875,0.338694453,0.396775573,-0.2712066,-0.670622051,0.5650509
7934f1476fe2c6e458c230f491769c34,7400034,Mankey,0.2,fighter,Head,-0.07992258,1.34565,0.37227118,0.5264684,-0.263902575,-0.6462713,0.4853041
7934f1476fe2c6e458c230f491769c34,7400034,Mankey,0.2,fighter,LeftShoulder,-0.04090438,1.15283966,0.430193484,0.6431457,0.160349667,-0.374247938,0.6485294
7934f1476fe2c6e458c230f491769c34,7400034,Mankey,0.2,fighter,RightShoulder,0.002368817,1.15234375,0.388444066,-0.181528673,-0.5772367,-0.7215035,0.336568534
7934f1476fe2c6e458c230f491769c34,7400034,Mankey,0.2,fighter,LeftUpperArm,-0.182782471,1.21209192,0.576512,0.63426584,0.5779928,-0.168114036,0.485148758
7934f1476fe2c6e458c230f491769c34,7400034,Mankey,0.2,fighter,RightUpperArm,0.152542666,1.210946,0.25037533,0.369604439,0.6660897,0.6019757,0.239463046
7934f1476fe2c6e458c230f491769c34,7400034,Mankey,0.2,fighter,LeftLowerArm,-0.260381281,1.05141592,0.794685364,-0.145240411,0.886289835,-0.4208194,-0.127699181
7934f1476fe2c6e458c230f491769c34,7400034,Mankey,0.2,fighter,RightLowerArm,0.32506144,0.9909125,0.214868262,-0.3161216,0.436680853,0.116708532,0.834120035
7934f1476fe2c6e458c230f491769c34,7400034,Mankey,0.2,fighter,LeftHand,-0.0230404176,1.089889,0.7052594,0.3518396,-0.8121073,-0.451691628,0.112542123
7934f1476fe2c6e458c230f491769c34,7400034,Mankey,0.2,fighter,RightHand,0.173355341,1.01179147,0.4206766,0.2046807,0.4356198,-0.515158534,0.709192
7934f1476fe2c6e458c230f491769c34,7400034,Mankey,0.2,fighter,LeftToes,-0.0026709456,0.129929543,1.05717158,0.122919858,0.841480434,0.0408885777,0.524528
7934f1476fe2c6e458c230f491769c34,7400034,Mankey,0.2,fighter,RightToes,0.309452176,0.0178598035,-0.153660536,0.28965205,0.9447815,0.108327374,0.108420163
7934f1476fe2c6e458c230f491769c34,7400034,Mankey,0.2,fighter,LeftEye,-0.143752143,1.3662,0.6168002,0.38642624,-0.377784878,-0.6048582,-0.584893644
7934f1476fe2c6e458c230f491769c34,7400034,Mankey,0.2,fighter,RightEye,0.102276146,1.4108237,0.5363284,0.222464681,-0.489132345,-0.77784586,-0.32590723
7934f1476fe2c6e458c230f491769c34,7400034,Mankey,0.2,fighter,Jaw,-0.012612544,1.1891408,0.491260946,0.5584124,0.187054008,-0.7998588,-0.115814418
7934f1476fe2c6e458c230f491769c34,7400034,Mankey,0.2,fighter,LeftThumbProximal,-0.00233165221,1.15398169,0.676003039,0.136974439,-0.8584448,-0.2754702,0.410399258
7934f1476fe2c6e458c230f491769c34,7400034,Mankey,0.2,fighter,LeftThumbIntermediate,0.0257656556,1.17469776,0.6477476,0.1180305,-0.933132052,-0.31795603,0.119323388
7934f1476fe2c6e458c230f491769c34,7400034,Mankey,0.2,fighter,LeftThumbDistal,0.06234505,1.18617761,0.642024755,-0.107715309,-0.692107141,-0.305757076,-0.6449016
7934f1476fe2c6e458c230f491769c34,7400034,Mankey,0.2,fighter,LeftMiddleProximal,0.04138234,1.20707452,0.692971051,-0.308358252,-0.828687549,-0.0275106579,0.46630013
7934f1476fe2c6e458c230f491769c34,7400034,Mankey,0.2,fighter,LeftMiddleIntermediate,0.0641232356,1.17763472,0.64507,-0.858287454,-0.3079272,0.26709187,0.311746657
7934f1476fe2c6e458c230f491769c34,7400034,Mankey,0.2,fighter,LeftMiddleDistal,0.0285086259,1.14055741,0.659284651,-0.82398653,0.4149204,0.3846415,-0.0306422822
7934f1476fe2c6e458c230f491769c34,7400034,Mankey,0.2,fighter,LeftRingProximal,0.0815860257,1.18082917,0.720165133,-0.4076418,-0.744206548,-0.07863589,0.5232608
7934f1476fe2c6e458c230f491769c34,7400034,Mankey,0.2,fighter,LeftRingIntermediate,0.08798963,1.15285552,0.675202668,-0.8416953,-0.2218871,0.2941406,0.3947111
7934f1476fe2c6e458c230f491769c34,7400034,Mankey,0.2,fighter,LeftRingDistal,0.0481400974,1.11972165,0.692706347,-0.7658571,0.4027092,0.497986138,0.0574312769
7934f1476fe2c6e458c230f491769c34,7400034,Mankey,0.2,fighter,LeftLittleProximal,0.103862926,1.132864,0.748878,-0.3797052,-0.736040831,-0.107328936,0.5500445
7934f1476fe2c6e458c230f491769c34,7400034,Mankey,0.2,fighter,LeftLittleIntermediate,0.109546319,1.10934711,0.701340437,-0.8189322,-0.283738017,0.243837312,0.4351859
7934f1476fe2c6e458c230f491769c34,7400034,Mankey,0.2,fighter,LeftLittleDistal,0.06970824,1.07189465,0.7097725,-0.803311348,0.2808714,0.5037169,0.148567632
7934f1476fe2c6e458c230f491769c34,7400034,Mankey,0.2,fighter,RightThumbProximal,0.138493836,1.07294106,0.4416049,-0.193550482,-0.16069144,0.2416973,-0.9371763
7934f1476fe2c6e458c230f491769c34,7400034,Mankey,0.2,fighter,RightThumbIntermediate,0.101149619,1.0904932,0.4593336,0.2287359,0.420167625,-0.236102641,0.8458103
7934f1476fe2c6e458c230f491769c34,7400034,Mankey,0.2,fighter,RightThumbDistal,0.08039468,1.09852433,0.4910719,-0.306314081,-0.9082935,0.050177753,-0.280459672
7934f1476fe2c6e458c230f491769c34,7400034,Mankey,0.2,fighter,RightMiddleProximal,0.141399637,1.11835182,0.495892316,-0.28535226,-0.11980176,-0.26196143,-0.9141106
7934f1476fe2c6e458c230f491769c34,7400034,Mankey,0.2,fighter,RightMiddleIntermediate,0.09081529,1.08515871,0.5001087,0.3410535,-0.115455106,0.8441968,0.397095442
7934f1476fe2c6e458c230f491769c34,7400034,Mankey,0.2,fighter,RightMiddleDistal,0.114924766,1.05359721,0.464503,-0.177737758,0.285462856,-0.868192732,0.3649139
7934f1476fe2c6e458c230f491769c34,7400034,Mankey,0.2,fighter,RightRingProximal,0.156194761,1.08556283,0.537733555,-0.3969615,-0.07411347,-0.3031629,-0.863146245
7934f1476fe2c6e458c230f491769c34,7400034,Mankey,0.2,fighter,RightRingIntermediate,0.113245316,1.05450881,0.5317198,0.3321991,-0.221453488,0.8575024,0.324487716
7934f1476fe2c6e458c230f491769c34,7400034,Mankey,0.2,fighter,RightRingDistal,0.14435409,1.03211594,0.4926938,-0.0441134423,0.366389483,-0.8264692,0.425161123
7934f1476fe2c6e458c230f491769c34,7400034,Mankey,0.2,fighter,RightLittleProximal,0.177913189,1.03394151,0.55975455,-0.361817241,0.0059568584,-0.194603652,-0.9116922
7934f1476fe2c6e458c230f491769c34,7400034,Mankey,0.2,fighter,RightLittleIntermediate,0.1286167,1.01524436,0.551663637,0.3197865,-0.22037448,0.775036454,0.4984888
7934f1476fe2c6e458c230f491769c34,7400034,Mankey,0.2,fighter,RightLittleDistal,0.145131111,0.980292439,0.512083948,-0.0100856721,0.343032,-0.908739269,0.237530828
7934f1476fe2c6e458c230f491769c34,7400034,Mankey,0.2,fighter,UpperChest,-0.0972610638,1.0368861,0.329853445,0.2878211,-0.264593363,-0.684687555,0.6151039
7934f1476fe2c6e458c230f491769c34,7400034,Mankey,0.216666669,source,AnimatorRoot,2.42181528E-08,2.59963828E-10,0.32333377,0,0,1.957192E-16,1
7934f1476fe2c6e458c230f491769c34,7400034,Mankey,0.216666669,source,Hips,-0.0618902966,0.6503148,0.391301662,-0.03184164,0.202429816,0.0186651424,0.978601
7934f1476fe2c6e458c230f491769c34,7400034,Mankey,0.216666669,source,LeftUpperLeg,-0.153864324,0.6479446,0.4311438,-0.629947543,-0.167738,0.6998325,0.2920012
7934f1476fe2c6e458c230f491769c34,7400034,Mankey,0.216666669,source,RightUpperLeg,0.0300839189,0.6526852,0.351459444,0.5833924,-0.09367601,-0.6381176,0.493643641
7934f1476fe2c6e458c230f491769c34,7400034,Mankey,0.216666669,source,LeftLowerLeg,-0.140518948,0.416829258,0.7232851,-0.5021393,-0.291667819,0.6260563,0.5204227
7934f1476fe2c6e458c230f491769c34,7400034,Mankey,0.216666669,source,RightLowerLeg,0.0927279145,0.377112836,0.10840705,0.584906161,0.0233556516,-0.698745251,0.411210984
7934f1476fe2c6e458c230f491769c34,7400034,Mankey,0.216666669,source,LeftFoot,-0.156513348,0.08817179,0.8364235,0.5271332,0.08578336,-0.8286987,-0.167423233
7934f1476fe2c6e458c230f491769c34,7400034,Mankey,0.216666669,source,RightFoot,0.100528538,0.186663032,-0.182694227,0.369102567,-0.164444342,-0.546579063,0.733466446
7934f1476fe2c6e458c230f491769c34,7400034,Mankey,0.216666669,source,Spine,-0.066734,0.7480534,0.3859345,-0.0422130674,0.214282572,0.0587954745,0.974086344
7934f1476fe2c6e458c230f491769c34,7400034,Mankey,0.216666669,source,Chest,-0.0891327262,0.92572093,0.378713369,0.0726119056,0.224434108,0.01999341,0.9715746
7934f1476fe2c6e458c230f491769c34,7400034,Mankey,0.216666669,source,Neck,-0.08989768,1.12613618,0.410178721,0.264911175,0.22866407,0.0109808864,0.936704
7934f1476fe2c6e458c230f491769c34,7400034,Mankey,0.216666669,source,Head,-0.0811595246,1.20079935,0.453731418,0.173931092,0.133187279,0.06833931,0.973313451
7934f1476fe2c6e458c230f491769c34,7400034,Mankey,0.216666669,source,LeftShoulder,-0.115781866,1.08081746,0.417460859,0.05235965,0.4593599,0.0465743653,0.8854818
7934f1476fe2c6e458c230f491769c34,7400034,Mankey,0.216666669,source,RightShoulder,-0.06250642,1.08505774,0.391774237,0.9802269,0.0174251758,-0.183882192,-0.0709867
7934f1476fe2c6e458c230f491769c34,7400034,Mankey,0.216666669,source,LeftUpperArm,-0.197239816,1.06227422,0.532288432,-0.00225068582,0.599474132,0.356493026,0.716616035
7934f1476fe2c6e458c230f491769c34,7400034,Mankey,0.216666669,source,RightUpperArm,0.0698073,1.09360945,0.340933,0.9007555,-0.4113144,-0.138562635,0.0161399264
7934f1476fe2c6e458c230f491769c34,7400034,Mankey,0.216666669,source,LeftLowerArm,-0.203377023,0.9471222,0.7273184,-0.372335851,0.8197089,0.4239385,-0.09858956
7934f1476fe2c6e458c230f491769c34,7400034,Mankey,0.216666669,source,RightLowerArm,0.211018145,0.924713969,0.287384242,0.419074476,-0.252631634,0.737579644,0.465328336
7934f1476fe2c6e458c230f491769c34,7400034,Mankey,0.216666669,source,LeftHand,-0.03713522,1.11116886,0.7637358,-0.4171413,0.709268153,0.441758424,-0.3574656
7934f1476fe2c6e458c230f491769c34,7400034,Mankey,0.216666669,source,RightHand,0.160030633,1.03691816,0.489088982,0.205657259,-0.221057445,0.810136855,0.5025111
7934f1476fe2c6e458c230f491769c34,7400034,Mankey,0.216666669,source,LeftToes,-0.09838586,0.0330801122,0.962942,0.534829557,-0.0114616156,-0.8441297,-0.0356564559
7934f1476fe2c6e458c230f491769c34,7400034,Mankey,0.216666669,source,RightToes,0.152699739,0.0484283455,-0.206990391,0.478390783,-0.2325562,-0.2452204,0.810510635
7934f1476fe2c6e458c230f491769c34,7400034,Mankey,0.216666669,source,LeftThumbProximal,-0.0493067466,1.12618673,0.75585556,-0.630789042,0.6398019,-0.432755768,-0.07403969
7934f1476fe2c6e458c230f491769c34,7400034,Mankey,0.216666669,source,LeftThumbIntermediate,-0.0406859219,1.159336,0.7272737,-0.398372173,0.819008648,-0.412595272,0.0170347467
7934f1476fe2c6e458c230f491769c34,7400034,Mankey,0.216666669,source,LeftThumbDistal,-0.0202318318,1.17932749,0.7182517,0.394242972,0.8415014,-0.224954322,0.2929918
7934f1476fe2c6e458c230f491769c34,7400034,Mankey,0.216666669,source,LeftIndexProximal,-0.03141876,1.19086421,0.7543502,0.131453991,0.811230958,0.0018257628,-0.569755137
7934f1476fe2c6e458c230f491769c34,7400034,Mankey,0.216666669,source,LeftIndexIntermediate,-0.0216690861,1.184352,0.7258319,0.6954815,0.436872482,-0.434634328,-0.369515359
7934f1476fe2c6e458c230f491769c34,7400034,Mankey,0.216666669,source,LeftIndexDistal,-0.0270208474,1.16367948,0.7321012,0.7765186,-0.250432551,-0.570345342,0.09491708
7934f1476fe2c6e458c230f491769c34,7400034,Mankey,0.216666669,source,LeftMiddleProximal,-0.0121561363,1.18546057,0.762078762,0.146579459,0.7921077,0.027948359,-0.5918609
7934f1476fe2c6e458c230f491769c34,7400034,Mankey,0.216666669,source,LeftMiddleIntermediate,-0.00373409572,1.17892039,0.731014132,0.682580531,0.42177704,-0.437929362,-0.405470282
7934f1476fe2c6e458c230f491769c34,7400034,Mankey,0.216666669,source,LeftMiddleDistal,-0.009436967,1.15855181,0.7366113,0.749276,-0.256182581,-0.606097937,0.0748443455
7934f1476fe2c6e458c230f491769c34,7400034,Mankey,0.216666669,source,LeftRingProximal,0.00345976348,1.17986357,0.7682321,0.243965715,0.7170682,0.0141702173,-0.652758539
7934f1476fe2c6e458c230f491769c34,7400034,Mankey,0.216666669,source,LeftRingIntermediate,0.004361002,1.16948485,0.738696,0.67235297,0.32699126,-0.477983564,-0.461031854
7934f1476fe2c6e458c230f491769c34,7400034,Mankey,0.216666669,source,LeftRingDistal,-0.00195721583,1.15258741,0.7452451,0.68767786,-0.261366069,-0.677203536,0.0135240294
7934f1476fe2c6e458c230f491769c34,7400034,Mankey,0.216666669,source,LeftLittleProximal,0.0182500351,1.16947794,0.7710009,0.232471541,0.6954555,0.0500436574,-0.678081751
7934f1476fe2c6e458c230f491769c34,7400034,Mankey,0.216666669,source,LeftLittleIntermediate,0.01749062,1.16246617,0.7444773,0.623486161,0.361089915,-0.441841573,-0.5344675
7934f1476fe2c6e458c230f491769c34,7400034,Mankey,0.216666669,source,LeftLittleDistal,0.0108645288,1.14493954,0.7476115,0.6892034,-0.144264132,-0.6987301,-0.126345932
7934f1476fe2c6e458c230f491769c34,7400034,Mankey,0.216666669,source,RightThumbProximal,0.15393284,1.05445886,0.4795542,0.2624131,0.662187755,0.671448946,0.204458922
7934f1476fe2c6e458c230f491769c34,7400034,Mankey,0.216666669,source,RightThumbIntermediate,0.119195811,1.08221078,0.483195364,-0.4128549,-0.5330529,-0.7383509,-0.0156133464
7934f1476fe2c6e458c230f491769c34,7400034,Mankey,0.216666669,source,RightThumbDistal,0.0994442,1.09610236,0.500980139,0.6521893,0.02879253,0.5446564,-0.5264696
7934f1476fe2c6e458c230f491769c34,7400034,Mankey,0.216666669,source,RightIndexProximal,0.1357595,1.10985494,0.5128177,-0.0556541458,0.228512466,-0.9624769,0.135364234
7934f1476fe2c6e458c230f491769c34,7400034,Mankey,0.216666669,source,RightIndexIntermediate,0.106246047,1.10103834,0.5142139,-0.118769236,-0.1928583,0.5762627,-0.785252452
7934f1476fe2c6e458c230f491769c34,7400034,Mankey,0.216666669,source,RightIndexDistal,0.112068482,1.081915,0.5044261,0.221896619,0.0348884575,0.182785928,0.9571493
7934f1476fe2c6e458c230f491769c34,7400034,Mankey,0.216666669,source,RightMiddleProximal,0.137830943,1.099147,0.531284869,0.0122986492,0.251710564,-0.9505519,0.1814988
7934f1476fe2c6e458c230f491769c34,7400034,Mankey,0.216666669,source,RightMiddleIntermediate,0.107160859,1.0880214,0.5275172,-0.186494187,-0.144202933,0.5069446,-0.8291158
7934f1476fe2c6e458c230f491769c34,7400034,Mankey,0.216666669,source,RightMiddleDistal,0.116890132,1.070804,0.5181483,0.23478885,-0.0660672262,0.29886,0.9226011
7934f1476fe2c6e458c230f491769c34,7400034,Mankey,0.216666669,source,RightRingProximal,0.13961485,1.08930862,0.545882165,0.06570292,0.3119153,-0.9148992,0.247693658
7934f1476fe2c6e458c230f491769c34,7400034,Mankey,0.216666669,source,RightRingIntermediate,0.112408385,1.07639623,0.537276447,-0.274378717,-0.133692712,0.42000103,-0.8546594
7934f1476fe2c6e458c230f491769c34,7400034,Mankey,0.216666669,source,RightRingDistal,0.124139413,1.06402683,0.528467357,0.288739234,-0.1457718,0.3883024,0.8629033
7934f1476fe2c6e458c230f491769c34,7400034,Mankey,0.216666669,source,RightLittleProximal,0.139324665,1.07497478,0.5572288,0.153703824,0.310515344,-0.926861942,0.144508332
7934f1476fe2c6e458c230f491769c34,7400034,Mankey,0.216666669,source,RightLittleIntermediate,0.114323094,1.07024586,0.546947539,-0.321991771,-0.0938555747,0.5826148,-0.7403197
7934f1476fe2c6e458c230f491769c34,7400034,Mankey,0.216666669,source,RightLittleDistal,0.120095178,1.0550015,0.537179351,0.2922433,-0.206048727,0.176087424,0.917132258
7934f1476fe2c6e458c230f491769c34,7400034,Mankey,0.216666669,fighter,AnimatorRoot,0,0,0,0,0,0,1
7934f1476fe2c6e458c230f491769c34,7400034,Mankey,0.216666669,fighter,Hips,-0.0618902929,0.650314748,0.3913016,0.364082068,-0.42173028,-0.5505623,0.621666253
7934f1476fe2c6e458c230f491769c34,7400034,Mankey,0.216666669,fighter,LeftUpperLeg,-0.174087867,0.6517338,0.437281132,0.278939754,0.696044,0.182781011,0.635850847
7934f1476fe2c6e458c230f491769c34,7400034,Mankey,0.216666669,fighter,RightUpperLeg,0.05030728,0.6488957,0.345322073,0.626359642,0.5295824,0.565219939,0.08799139
7934f1476fe2c6e458c230f491769c34,7400034,Mankey,0.216666669,fighter,LeftLowerLeg,-0.160996526,0.424571365,0.7238863,0.5148353,0.648072064,0.293804973,0.4781485
7934f1476fe2c6e458c230f491769c34,7400034,Mankey,0.216666669,fighter,RightLowerLeg,0.123445056,0.369719982,0.120314226,0.728648067,0.382888854,0.5666541,-0.0370323956
7934f1476fe2c6e458c230f491769c34,7400034,Mankey,0.216666669,fighter,LeftFoot,-0.156513348,0.0881719962,0.836423337,-0.00288293883,0.883563459,-0.03311801,0.467129916
7934f1476fe2c6e458c230f491769c34,7400034,Mankey,0.216666669,fighter,RightFoot,0.100528538,0.186662942,-0.182694256,0.405463576,0.86850065,0.205040842,0.198152483
7934f1476fe2c6e458c230f491769c34,7400034,Mankey,0.216666669,fighter,Spine,-0.06494436,0.6951155,0.382466465,0.3599777,-0.406654328,-0.514698,0.6634261
7934f1476fe2c6e458c230f491769c34,7400034,Mankey,0.216666669,fighter,Chest,-0.093134,0.9311281,0.353876233,0.425096571,-0.329182,-0.6464354,0.5413442
7934f1476fe2c6e458c230f491769c34,7400034,Mankey,0.216666669,fighter,Neck,-0.08815903,1.21235406,0.387663931,0.465543926,-0.3343195,-0.6084276,0.548922062
7934f1476fe2c6e458c230f491769c34,7400034,Mankey,0.216666669,fighter,Head,-0.09352884,1.35804439,0.4173407,0.541406631,-0.2985496,-0.6063957,0.5000317
7934f1476fe2c6e458c230f491769c34,7400034,Mankey,0.216666669,fighter,LeftShoulder,-0.072168164,1.16570652,0.489442676,0.6814708,0.122532934,-0.304488659,0.654117346
7934f1476fe2c6e458c230f491769c34,7400034,Mankey,0.216666669,fighter,RightShoulder,-0.0176890139,1.16779053,0.464075267,-0.117085844,-0.6107416,-0.701758862,0.347592
7934f1476fe2c6e458c230f491769c34,7400034,Mankey,0.216666669,fighter,LeftUpperArm,-0.238686338,1.21480751,0.611549556,0.5661591,0.625463665,-0.21179226,0.493358761
7934f1476fe2c6e458c230f491769c34,7400034,Mankey,0.216666669,fighter,RightUpperArm,0.137452051,1.2409811,0.339080274,0.3862998,0.6497247,0.6198115,0.210865647
7934f1476fe2c6e458c230f491769c34,7400034,Mankey,0.216666669,fighter,LeftLowerArm,-0.274727851,1.0740968,0.8530852,-0.133821711,0.912353635,-0.361524045,-0.137851283
7934f1476fe2c6e458c230f491769c34,7400034,Mankey,0.216666669,fighter,RightLowerArm,0.31011638,1.02582669,0.281341255,-0.2859055,0.4385451,0.123076275,0.843082845
7934f1476fe2c6e458c230f491769c34,7400034,Mankey,0.216666669,fighter,LeftHand,-0.037135385,1.11116874,0.7637357,0.3994158,-0.7417002,-0.510138035,0.17351456
7934f1476fe2c6e458c230f491769c34,7400034,Mankey,0.216666669,fighter,RightHand,0.160030723,1.036918,0.489088833,0.2605948,0.381893575,-0.510096967,0.7252924
7934f1476fe2c6e458c230f491769c34,7400034,Mankey,0.216666669,fighter,LeftToes,0.004629284,0.1231677,1.0637573,0.136833161,0.845754266,0.0497354567,0.513325453
7934f1476fe2c6e458c230f491769c34,7400034,Mankey,0.216666669,fighter,RightToes,0.280198723,-0.0189510342,-0.117015585,0.41499573,0.871866345,0.2178136,0.142073274
7934f1476fe2c6e458c230f491769c34,7400034,Mankey,0.216666669,fighter,LeftEye,-0.179141387,1.39250338,0.6535059,0.437210023,-0.366270781,-0.582940161,-0.5786833
7934f1476fe2c6e458c230f491769c34,7400034,Mankey,0.216666669,fighter,RightEye,0.0717597753,1.43961573,0.591652334,0.274018615,-0.496893823,-0.755298138,-0.327925861
7934f1476fe2c6e458c230f491769c34,7400034,Mankey,0.216666669,fighter,Jaw,-0.03287418,1.21189475,0.5520464,0.5935089,0.173205122,-0.7821725,-0.07715984
7934f1476fe2c6e458c230f491769c34,7400034,Mankey,0.216666669,fighter,LeftThumbProximal,-0.0307287145,1.18084526,0.7414471,0.2152753,-0.7852434,-0.281863123,0.5075459
7934f1476fe2c6e458c230f491769c34,7400034,Mankey,0.216666669,fighter,LeftThumbIntermediate,-0.0131187467,1.20887864,0.711098969,0.2020131,-0.8822155,-0.35801518,0.229591191
7934f1476fe2c6e458c230f491769c34,7400034,Mankey,0.216666669,fighter,LeftThumbDistal,0.01839412,1.2290678,0.7010031,-0.08631559,-0.736995935,-0.401753843,-0.5366384
7934f1476fe2c6e458c230f491769c34,7400034,Mankey,0.216666669,fighter,LeftMiddleProximal,0.00565288076,1.23842776,0.7608977,-0.22041662,-0.8200007,-0.0132450908,0.528053164
7934f1476fe2c6e458c230f491769c34,7400034,Mankey,0.216666669,fighter,LeftMiddleIntermediate,0.0265860856,1.21735227,0.708020568,-0.7802238,-0.388996422,0.361070246,0.330999732
7934f1476fe2c6e458c230f491769c34,7400034,Mankey,0.216666669,fighter,LeftMiddleDistal,0.00329650776,1.1722244,0.7243381,-0.8332676,0.297907352,0.458461225,-0.08203448
7934f1476fe2c6e458c230f491769c34,7400034,Mankey,0.216666669,fighter,LeftRingProximal,0.0525784343,1.2166363,0.7800759,-0.331670642,-0.740897536,-0.0402145535,0.582622349
7934f1476fe2c6e458c230f491769c34,7400034,Mankey,0.216666669,fighter,LeftRingIntermediate,0.057970643,1.19292092,0.732602835,-0.770673156,-0.297658,0.3973263,0.399492979
7934f1476fe2c6e458c230f491769c34,7400034,Mankey,0.216666669,fighter,LeftRingDistal,0.03023372,1.15045917,0.7530935,-0.7644112,0.29623118,0.5725573,-0.0100594424
7934f1476fe2c6e458c230f491769c34,7400034,Mankey,0.216666669,fighter,LeftLittleProximal,0.08561736,1.17030025,0.799640059,-0.306758285,-0.725412369,-0.06544714,0.6126935
7934f1476fe2c6e458c230f491769c34,7400034,Mankey,0.216666669,fighter,LeftLittleIntermediate,0.0888717249,1.15083909,0.750083566,-0.74589,-0.353520036,0.346847117,0.4453866
7934f1476fe2c6e458c230f491769c34,7400034,Mankey,0.216666669,fighter,LeftLittleDistal,0.0606867857,1.10456872,0.76128757,-0.786898732,0.1783944,0.584154844,0.08791595
7934f1476fe2c6e458c230f491769c34,7400034,Mankey,0.216666669,fighter,RightThumbProximal,0.125222653,1.09929347,0.5061273,-0.236396283,-0.116499007,0.23979716,-0.9343673
7934f1476fe2c6e458c230f491769c34,7400034,Mankey,0.216666669,fighter,RightThumbIntermediate,0.08669596,1.11694527,0.5209964,0.278436452,0.3778354,-0.209093943,0.8579007
7934f1476fe2c6e458c230f491769c34,7400034,Mankey,0.216666669,fighter,RightThumbDistal,0.06238995,1.12269628,0.550639868,-0.3242914,-0.8900175,-0.00349617,-0.320456177
7934f1476fe2c6e458c230f491769c34,7400034,Mankey,0.216666669,fighter,RightMiddleProximal,0.122002915,1.14351559,0.5613699,-0.279395878,-0.0277218372,-0.2642266,-0.9226885
7934f1476fe2c6e458c230f491769c34,7400034,Mankey,0.216666669,fighter,RightMiddleIntermediate,0.06991541,1.11300361,0.555518,0.3071234,-0.191868827,0.846969,0.389237165
7934f1476fe2c6e458c230f491769c34,7400034,Mankey,0.216666669,fighter,RightMiddleDistal,0.09703023,1.08412039,0.5198007,-0.0984553248,0.3125644,-0.8688164,0.371171832
7934f1476fe2c6e458c230f491769c34,7400034,Mankey,0.216666669,fighter,RightRingProximal,0.1288606,1.10929334,0.604107559,-0.387482017,0.021429643,-0.308876753,-0.8683284
7934f1476fe2c6e458c230f491769c34,7400034,Mankey,0.216666669,fighter,RightRingIntermediate,0.08574715,1.08156657,0.5893545,0.291021734,-0.291707277,0.856606245,0.3105478
7934f1476fe2c6e458c230f491769c34,7400034,Mankey,0.216666669,fighter,RightRingDistal,0.120631933,1.06175113,0.552171,0.03596954,0.3829028,-0.8162293,0.4311166
7934f1476fe2c6e458c230f491769c34,7400034,Mankey,0.216666669,fighter,RightLittleProximal,0.144677624,1.056289,0.627808332,-0.357631147,0.09219478,-0.189513177,-0.909772158
7934f1476fe2c6e458c230f491769c34,7400034,Mankey,0.216666669,fighter,RightLittleIntermediate,0.09607552,1.04141319,0.61163,0.290383518,-0.304026634,0.7667591,0.485104442
7934f1476fe2c6e458c230f491769c34,7400034,Mankey,0.216666669,fighter,RightLittleDistal,0.116031736,1.01002431,0.570674,0.07145749,0.377667844,-0.8928112,0.234839678
7934f1476fe2c6e458c230f491769c34,7400034,Mankey,0.216666669,fighter,UpperChest,-0.08686584,1.04815161,0.376951575,0.404223621,-0.354501277,-0.6122075,0.579770744
7934f1476fe2c6e458c230f491769c34,7400034,Mankey,0.233333334,source,AnimatorRoot,2.59239865E-08,2.78274681E-10,0.346108168,0,0,2.10774527E-16,1
7934f1476fe2c6e458c230f491769c34,7400034,Mankey,0.233333334,source,Hips,-0.057392057,0.664509952,0.4360364,-0.0380978733,0.103293583,0.0144287562,0.993816257
7934f1476fe2c6e458c230f491769c34,7400034,Mankey,0.233333334,source,LeftUpperLeg,-0.155471668,0.6624237,0.45673117,-0.637344062,-0.204575673,0.6917299,0.271018475
7934f1476fe2c6e458c230f491769c34,7400034,Mankey,0.233333334,source,RightUpperLeg,0.04068776,0.6665964,0.4153416,0.6068678,-0.163926765,-0.6115756,0.480431825
7934f1476fe2c6e458c230f491769c34,7400034,Mankey,0.233333334,source,LeftLowerLeg,-0.140307322,0.42546463,0.744062543,-0.489387959,-0.316354036,0.616629839,0.5293273
7934f1476fe2c6e458c230f491769c34,7400034,Mankey,0.233333334,source,RightLowerLeg,0.114568271,0.373393476,0.197367877,0.633398354,-0.003035913,-0.7077185,0.312940627
7934f1476fe2c6e458c230f491769c34,7400034,Mankey,0.233333334,source,LeftFoot,-0.1540082,0.09058083,0.8375343,0.5362955,0.0873236954,-0.8229297,-0.165977687
7934f1476fe2c6e458c230f491769c34,7400034,Mankey,0.233333334,source,RightFoot,0.11395926,0.2179298,-0.113923937,0.4295055,-0.257431954,-0.601564944,0.6223935
7934f1476fe2c6e458c230f491769c34,7400034,Mankey,0.233333334,source,Spine,-0.0609741025,0.7621902,0.4289071,-0.0323283449,0.10768494,0.039601665,0.992869854
7934f1476fe2c6e458c230f491769c34,7400034,Mankey,0.233333334,source,Chest,-0.07561224,0.9406836,0.4221647,0.08033456,0.07031091,0.06781089,0.9919701
7934f1476fe2c6e458c230f491769c34,7400034,Mankey,0.233333334,source,Neck,-0.100440085,1.13889563,0.4575547,0.284805268,0.08735577,0.08795175,0.9505366
7934f1476fe2c6e458c230f491769c34,7400034,Mankey,0.233333334,source,Head,-0.110643379,1.21033549,0.5059285,0.168218032,0.08654605,0.09284635,0.977544
7934f1476fe2c6e458c230f491769c34,7400034,Mankey,0.233333334,source,LeftShoulder,-0.123990841,1.09182072,0.455082029,0.0394737534,0.354333222,0.07690042,0.9311157
7934f1476fe2c6e458c230f491769c34,7400034,Mankey,0.233333334,source,RightShoulder,-0.06582656,1.10047174,0.447457641,0.9944131,0.0642396659,-0.02242027,-0.08070637
7934f1476fe2c6e458c230f491769c34,7400034,Mankey,0.233333334,source,LeftUpperArm,-0.2286562,1.06751287,0.5479201,-0.0495006442,0.5773858,0.396742344,0.7118786
7934f1476fe2c6e458c230f491769c34,7400034,Mankey,0.233333334,source,RightUpperArm,0.0748626143,1.11912167,0.442596525,0.937090456,-0.347053856,-0.0329287946,-0.0181966517
7934f1476fe2c6e458c230f491769c34,7400034,Mankey,0.233333334,source,LeftLowerArm,-0.232834861,0.9524823,0.743073463,-0.404401064,0.796133459,0.4353341,-0.114525296
7934f1476fe2c6e458c230f491769c34,7400034,Mankey,0.233333334,source,RightLowerArm,0.246364579,0.972026467,0.4257527,0.344066441,-0.2488386,0.806410432,0.41158247
7934f1476fe2c6e458c230f491769c34,7400034,Mankey,0.233333334,source,LeftHand,-0.0799730346,1.12825847,0.783196867,-0.4806515,0.6470275,0.451068431,-0.383232743
7934f1476fe2c6e458c230f491769c34,7400034,Mankey,0.233333334,source,RightHand,0.146034956,1.088458,0.605341136,0.125086933,-0.255719453,0.8382589,0.465062678
7934f1476fe2c6e458c230f491769c34,7400034,Mankey,0.233333334,source,LeftToes,-0.09865422,0.0356519371,0.965360761,0.5441178,-0.0113512632,-0.838187933,-0.03533057
7934f1476fe2c6e458c230f491769c34,7400034,Mankey,0.233333334,source,RightToes,0.135476157,0.07269202,-0.143317759,0.5104773,-0.3610306,-0.3373306,0.70376
7934f1476fe2c6e458c230f491769c34,7400034,Mankey,0.233333334,source,LeftThumbProximal,-0.09464174,1.14179265,0.777078152,-0.6891297,0.6058785,-0.396956742,-0.0209163558
7934f1476fe2c6e458c230f491769c34,7400034,Mankey,0.233333334,source,LeftThumbIntermediate,-0.09244134,1.17830431,0.751540661,-0.467363954,0.8032462,-0.365230471,0.0545358658
7934f1476fe2c6e458c230f491769c34,7400034,Mankey,0.233333334,source,LeftThumbDistal,-0.07573082,1.20201623,0.7439296,0.335818648,0.884179652,-0.168508545,0.2775926
7934f1476fe2c6e458c230f491769c34,7400034,Mankey,0.233333334,source,LeftIndexProximal,-0.0871324763,1.20836437,0.7812264,0.04053684,0.808711767,-0.008019195,-0.5867523
7934f1476fe2c6e458c230f491769c34,7400034,Mankey,0.233333334,source,LeftIndexIntermediate,-0.07763078,1.20605266,0.751983762,0.6338055,0.50394243,-0.45322156,-0.372724652
7934f1476fe2c6e458c230f491769c34,7400034,Mankey,0.233333334,source,LeftIndexDistal,-0.07943936,1.18431687,0.7564092,0.7880022,-0.160135791,-0.584602833,0.107934013
7934f1476fe2c6e458c230f491769c34,7400034,Mankey,0.233333334,source,LeftMiddleProximal,-0.06697043,1.20542443,0.787921548,0.05651794,0.7893025,0.0151145756,-0.611211538
7934f1476fe2c6e458c230f491769c34,7400034,Mankey,0.233333334,source,LeftMiddleIntermediate,-0.0588760674,1.20310092,0.7561757,0.6204441,0.4874561,-0.4598293,-0.4074224
7934f1476fe2c6e458c230f491769c34,7400034,Mankey,0.233333334,source,LeftMiddleDistal,-0.061105404,1.18166816,0.7599697,0.7598231,-0.166696489,-0.621606946,0.09212349
7934f1476fe2c6e458c230f491769c34,7400034,Mankey,0.233333334,source,LeftRingProximal,-0.0504402034,1.20185483,0.793123,0.156385735,0.7219264,-0.008466973,-0.6740141
7934f1476fe2c6e458c230f491769c34,7400034,Mankey,0.233333334,source,LeftRingIntermediate,-0.04910912,1.19442546,0.762726545,0.6145413,0.393208146,-0.508300841,-0.457555652
7934f1476fe2c6e458c230f491769c34,7400034,Mankey,0.233333334,source,LeftRingDistal,-0.0524490923,1.176223,0.767810762,0.69491446,-0.174455836,-0.696484447,0.0396121256
7934f1476fe2c6e458c230f491769c34,7400034,Mankey,0.233333334,source,LeftLittleProximal,-0.03411286,1.19374716,0.7945254,0.146070525,0.6974322,0.02444156,-0.7011813
7934f1476fe2c6e458c230f491769c34,7400034,Mankey,0.233333334,source,LeftLittleIntermediate,-0.03482588,1.189096,0.767486334,0.5603992,0.420430332,-0.475752026,-0.531838059
7934f1476fe2c6e458c230f491769c34,7400034,Mankey,0.233333334,source,LeftLittleDistal,-0.03850765,1.1705302,0.7691206,0.6803815,-0.05903605,-0.723608553,-0.0999356061
7934f1476fe2c6e458c230f491769c34,7400034,Mankey,0.233333334,source,RightThumbProximal,0.141251251,1.10555983,0.594368,0.180985346,0.651591063,0.6902801,0.257268757
7934f1476fe2c6e458c230f491769c34,7400034,Mankey,0.233333334,source,RightThumbIntermediate,0.1054684,1.131926,0.5905584,-0.328795075,-0.545034647,-0.769129157,-0.0571988523
7934f1476fe2c6e458c230f491769c34,7400034,Mankey,0.233333334,source,RightThumbDistal,0.08215901,1.14531338,0.603856742,0.6014562,0.0982738659,0.5944683,-0.5245959
7934f1476fe2c6e458c230f491769c34,7400034,Mankey,0.233333334,source,RightIndexProximal,0.114976913,1.16075289,0.622095942,0.03180183,0.202687323,-0.962955832,0.174994379
7934f1476fe2c6e458c230f491769c34,7400034,Mankey,0.233333334,source,RightIndexIntermediate,0.08609308,1.15076077,0.618020535,-0.161594182,-0.111955673,0.5486927,-0.812582433
7934f1476fe2c6e458c230f491769c34,7400034,Mankey,0.233333334,source,RightIndexDistal,0.0943938,1.13171959,0.6100247,0.191979691,-0.0515606143,0.221664324,0.9546472
7934f1476fe2c6e458c230f491769c34,7400034,Mankey,0.233333334,source,RightMiddleProximal,0.113837868,1.15047216,0.6408841,0.09730788,0.222764492,-0.9438677,0.223654553
7934f1476fe2c6e458c230f491769c34,7400034,Mankey,0.233333334,source,RightMiddleIntermediate,0.08490138,1.13803327,0.6315794,-0.222748935,-0.0613766164,0.471776575,-0.850907266
7934f1476fe2c6e458c230f491769c34,7400034,Mankey,0.233333334,source,RightMiddleDistal,0.0968818739,1.12106359,0.6246967,0.195926785,-0.1471552,0.338839769,0.908375442
7934f1476fe2c6e458c230f491769c34,7400034,Mankey,0.233333334,source,RightRingProximal,0.113131709,1.14097893,0.655798435,0.1450999,0.2776994,-0.9025886,0.295234054
7934f1476fe2c6e458c230f491769c34,7400034,Mankey,0.233333334,source,RightRingIntermediate,0.0885906145,1.12681007,0.6424583,-0.3017132,-0.0511130057,0.376145959,-0.874569356
7934f1476fe2c6e458c230f491769c34,7400034,Mankey,0.233333334,source,RightRingDistal,0.1022476,1.11477566,0.6363857,0.243165433,-0.218659252,0.4327644,0.840103745
7934f1476fe2c6e458c230f491769c34,7400034,Mankey,0.233333334,source,RightLittleProximal,0.111184359,1.12685144,0.667239964,0.234977588,0.287878066,-0.9079781,0.193618327
7934f1476fe2c6e458c230f491769c34,7400034,Mankey,0.233333334,source,RightLittleIntermediate,0.08882778,1.12091792,0.6524709,-0.366851181,-0.02168935,0.5351472,-0.760636568
7934f1476fe2c6e458c230f491769c34,7400034,Mankey,0.233333334,source,RightLittleDistal,0.09693271,1.10575008,0.6443858,0.2677695,-0.286134452,0.223655,0.892415643
7934f1476fe2c6e458c230f491769c34,7400034,Mankey,0.233333334,fighter,AnimatorRoot,0,0,0,0,0,0,1
7934f1476fe2c6e458c230f491769c34,7400034,Mankey,0.233333334,fighter,Hips,-0.0573920533,0.6645099,0.436036378,0.406669736,-0.487077534,-0.51504606,0.5762837
7934f1476fe2c6e458c230f491769c34,7400034,Mankey,0.233333334,fighter,LeftUpperLeg,-0.176264644,0.668514,0.459652156,0.282293,0.6915515,0.204682976,0.6325917
7934f1476fe2c6e458c230f491769c34,7400034,Mankey,0.233333334,fighter,RightUpperLeg,0.0614805333,0.6605058,0.412420541,0.607245445,0.500883162,0.595492661,0.160491914
7934f1476fe2c6e458c230f491769c34,7400034,Mankey,0.233333334,fighter,LeftLowerLeg,-0.161524937,0.430867165,0.737543344,0.52845794,0.649885654,0.2970575,0.458408117
7934f1476fe2c6e458c230f491769c34,7400034,Mankey,0.233333334,fighter,RightLowerLeg,0.138690859,0.3679458,0.206595361,0.7313174,0.284272373,0.61994493,0.00571730733
7934f1476fe2c6e458c230f491769c34,7400034,Mankey,0.233333334,fighter,LeftFoot,-0.154008269,0.09058105,0.8375341,-0.002991058,0.878346,-0.0334907174,0.4768417
7934f1476fe2c6e458c230f491769c34,7400034,Mankey,0.233333334,fighter,RightFoot,0.113959275,0.2179298,-0.113923892,0.497077942,0.777056754,0.2553638,0.289630651
7934f1476fe2c6e458c230f491769c34,7400034,Mankey,0.233333334,fighter,Spine,-0.0578517579,0.7091918,0.4261464,0.408146948,-0.478549659,-0.494122565,0.600207746
7934f1476fe2c6e458c230f491769c34,7400034,Mankey,0.233333334,fighter,Chest,-0.06801147,0.946709752,0.39793244,0.536215067,-0.3919313,-0.562803864,0.4920522
7934f1476fe2c6e458c230f491769c34,7400034,Mankey,0.233333334,fighter,Neck,-0.08787719,1.226627,0.4367408,0.5398621,-0.379116416,-0.5467412,0.5156493
7934f1476fe2c6e458c230f491769c34,7400034,Mankey,0.233333334,fighter,Head,-0.104940616,1.37141788,0.466399461,0.5762507,-0.314564228,-0.5700761,0.4939618
7934f1476fe2c6e458c230f491769c34,7400034,Mankey,0.233333334,fighter,LeftShoulder,-0.101961493,1.1773535,0.5375594,0.722631335,0.0562485456,-0.2163668,0.6540841
7934f1476fe2c6e458c230f491769c34,7400034,Mankey,0.233333334,fighter,RightShoulder,-0.0424750261,1.18255687,0.530480266,0.01819548,-0.6513847,-0.712496638,0.260222524
7934f1476fe2c6e458c230f491769c34,7400034,Mankey,0.233333334,fighter,LeftUpperArm,-0.292994052,1.22017479,0.6195485,0.532088161,0.649298,-0.179568112,0.5128843
7934f1476fe2c6e458c230f491769c34,7400034,Mankey,0.233333334,fighter,RightUpperArm,0.140887633,1.26629329,0.464029461,0.267393231,0.649789453,0.670256734,0.238811478
7934f1476fe2c6e458c230f491769c34,7400034,Mankey,0.233333334,fighter,LeftLowerArm,-0.3190181,1.07734251,0.861126065,-0.1472436,0.9250448,-0.331982464,-0.111354589
7934f1476fe2c6e458c230f491769c34,7400034,Mankey,0.233333334,fighter,RightLowerArm,0.350283474,1.07812357,0.450474918,-0.372911,0.301179677,0.105793439,0.8712269
7934f1476fe2c6e458c230f491769c34,7400034,Mankey,0.233333334,fighter,LeftHand,-0.07997306,1.12825859,0.7831967,0.45597738,-0.680579543,-0.534899831,0.206831068
7934f1476fe2c6e458c230f491769c34,7400034,Mankey,0.233333334,fighter,RightHand,0.146034956,1.088458,0.6053411,0.2932798,0.3093503,-0.472367644,0.771465
7934f1476fe2c6e458c230f491769c34,7400034,Mankey,0.233333334,fighter,LeftToes,0.00206939527,0.125899076,1.06832588,0.13583672,0.8401019,0.0509511828,0.5226676
7934f1476fe2c6e458c230f491769c34,7400034,Mankey,0.233333334,fighter,RightToes,0.221782982,-0.0304388218,-0.0393627658,0.5315392,0.76353085,0.288643271,0.226212561
7934f1476fe2c6e458c230f491769c34,7400034,Mankey,0.233333334,fighter,LeftEye,-0.2150569,1.40262735,0.6926545,0.4719449,-0.329285741,-0.5694266,-0.5870204
7934f1476fe2c6e458c230f491769c34,7400034,Mankey,0.233333334,fighter,RightEye,0.0391528122,1.45795536,0.6564181,0.319864273,-0.4750347,-0.7457553,-0.34040904
7934f1476fe2c6e458c230f491769c34,7400034,Mankey,0.233333334,fighter,Jaw,-0.0535098575,1.22704542,0.60674113,0.6294382,0.186609149,-0.7522521,-0.0556954741
7934f1476fe2c6e458c230f491769c34,7400034,Mankey,0.233333334,fighter,LeftThumbProximal,-0.08540304,1.19977307,0.7674226,0.2729825,-0.7421068,-0.260047346,0.554196835
7934f1476fe2c6e458c230f491769c34,7400034,Mankey,0.233333334,fighter,LeftThumbIntermediate,-0.0747728944,1.23091424,0.736857533,0.263103634,-0.8481654,-0.359313726,0.286856055
7934f1476fe2c6e458c230f491769c34,7400034,Mankey,0.233333334,fighter,LeftThumbDistal,-0.0477556437,1.25620532,0.7253241,-0.04951434,-0.754339159,-0.452037424,-0.473480821
7934f1476fe2c6e458c230f491769c34,7400034,Mankey,0.233333334,fighter,LeftMiddleProximal,-0.0577000678,1.26044083,0.7912901,-0.155033261,-0.8168024,0.01391881,0.555522561
7934f1476fe2c6e458c230f491769c34,7400034,Mankey,0.233333334,fighter,LeftMiddleIntermediate,-0.0373995863,1.24414265,0.7365121,-0.7278739,-0.44391942,0.4094946,0.324730635
7934f1476fe2c6e458c230f491769c34,7400034,Mankey,0.233333334,fighter,LeftMiddleDistal,-0.0518282652,1.19548631,0.75293076,-0.838725,0.219660312,0.483962059,-0.118621856
7934f1476fe2c6e458c230f491769c34,7400034,Mankey,0.233333334,fighter,LeftRingProximal,-0.00722400658,1.24476373,0.8071354,-0.271290183,-0.744662464,0.00018787384,0.609819949
7934f1476fe2c6e458c230f491769c34,7400034,Mankey,0.233333334,fighter,LeftRingIntermediate,-0.00140771142,1.22320032,0.7586964,-0.7241735,-0.350844353,0.451378554,0.3856678
7934f1476fe2c6e458c230f491769c34,7400034,Mankey,0.233333334,fighter,LeftRingDistal,-0.02035247,1.1763593,0.779654145,-0.7658032,0.224639967,0.599832058,-0.05731027
7934f1476fe2c6e458c230f491769c34,7400034,Mankey,0.233333334,fighter,LeftLittleProximal,0.0333892666,1.2027117,0.821401954,-0.246723652,-0.725605249,-0.02072817,0.6420244
7934f1476fe2c6e458c230f491769c34,7400034,Mankey,0.233333334,fighter,LeftLittleIntermediate,0.0362623,1.18503308,0.7711587,-0.6966219,-0.402795017,0.402789235,0.436160147
7934f1476fe2c6e458c230f491769c34,7400034,Mankey,0.233333334,fighter,LeftLittleDistal,0.01684128,1.13454616,0.7827667,-0.777683735,0.108648449,0.6176853,0.0432360172
7934f1476fe2c6e458c230f491769c34,7400034,Mankey,0.233333334,fighter,RightThumbProximal,0.106324524,1.14965034,0.6137775,-0.249086484,-0.0338424742,0.192993671,-0.9484539
7934f1476fe2c6e458c230f491769c34,7400034,Mankey,0.233333334,fighter,RightThumbIntermediate,0.06486216,1.1653347,0.6209786,0.2817663,0.302311,-0.161854386,0.8961136
7934f1476fe2c6e458c230f491769c34,7400034,Mankey,0.233333334,fighter,RightThumbDistal,0.0352152959,1.16997552,0.6455165,-0.2972606,-0.864529669,-0.03697422,-0.4035569
7934f1476fe2c6e458c230f491769c34,7400034,Mankey,0.233333334,fighter,RightMiddleProximal,0.09088158,1.19468808,0.6662259,-0.240777493,0.0519665033,-0.312454581,-0.9174411
7934f1476fe2c6e458c230f491769c34,7400034,Mankey,0.233333334,fighter,RightMiddleIntermediate,0.0424020328,1.16143465,0.651317358,0.2299044,-0.213942021,0.8829161,0.349045157
7934f1476fe2c6e458c230f491769c34,7400034,Mankey,0.233333334,fighter,RightMiddleDistal,0.07710631,1.13380492,0.6216964,-0.0278747678,0.268935978,-0.8659183,0.420811683
7934f1476fe2c6e458c230f491769c34,7400034,Mankey,0.233333334,fighter,RightRingProximal,0.09061622,1.16154838,0.710343957,-0.345722049,0.0933809,-0.365456,-0.859184861
7934f1476fe2c6e458c230f491769c34,7400034,Mankey,0.233333334,fighter,RightRingIntermediate,0.05245426,1.13149536,0.688306153,0.216055736,-0.305971682,0.8897059,0.261008084
7934f1476fe2c6e458c230f491769c34,7400034,Mankey,0.233333334,fighter,RightRingDistal,0.09459547,1.113322,0.6585392,0.0985519,0.336949319,-0.799972057,0.486619234
7934f1476fe2c6e458c230f491769c34,7400034,Mankey,0.233333334,fighter,RightLittleProximal,0.103499629,1.10967112,0.737986565,-0.328548074,0.168099,-0.244754612,-0.8966018
7934f1476fe2c6e458c230f491769c34,7400034,Mankey,0.233333334,fighter,RightLittleIntermediate,0.059564434,1.092152,0.7133294,0.222659558,-0.3363648,0.804330945,0.436272562
7934f1476fe2c6e458c230f491769c34,7400034,Mankey,0.233333334,fighter,RightLittleDistal,0.08834374,1.0616107,0.677275062,0.143537328,0.351063371,-0.8778996,0.292309374
7934f1476fe2c6e458c230f491769c34,7400034,Mankey,0.233333334,fighter,UpperChest,-0.0750923753,1.06306684,0.423954725,0.51130724,-0.4239124,-0.531738758,0.525468946
7934f1476fe2c6e458c230f491769c34,7400034,Mankey,0.25,source,AnimatorRoot,2.761072E-08,2.96380531E-10,0.368627578,0,0,2.25829863E-16,1
7934f1476fe2c6e458c230f491769c34,7400034,Mankey,0.25,source,Hips,-0.05719998,0.680991948,0.4734909,-0.0429730825,0.0484496877,0.008708094,0.997862756
7934f1476fe2c6e458c230f491769c34,7400034,Mankey,0.25,source,LeftUpperLeg,-0.156974912,0.679667,0.4832604,-0.6387467,-0.237723812,0.679544568,0.271494478
7934f1476fe2c6e458c230f491769c34,7400034,Mankey,0.25,source,RightUpperLeg,0.04257516,0.6823171,0.463721335,0.6071426,-0.2132018,-0.5919701,0.4852776
7934f1476fe2c6e458c230f491769c34,7400034,Mankey,0.25,source,LeftLowerLeg,-0.143337339,0.428930461,0.758731,-0.4796184,-0.33532086,0.610834837,0.5332982
7934f1476fe2c6e458c230f491769c34,7400034,Mankey,0.25,source,RightLowerLeg,0.120192908,0.371661127,0.272914618,0.639373839,-0.0148237655,-0.716293156,0.2791157
7934f1476fe2c6e458c230f491769c34,7400034,Mankey,0.25,source,LeftFoot,-0.153386772,0.09031357,0.838163137,0.54043895,0.08880034,-0.819873154,-0.1668781
7934f1476fe2c6e458c230f491769c34,7400034,Mankey,0.25,source,RightFoot,0.110940136,0.2259334,-0.04291722,0.436991543,-0.2917661,-0.6169516,0.5859026
7934f1476fe2c6e458c230f491769c34,7400034,Mankey,0.25,source,Spine,-0.0593113,0.77862066,0.4651684,-0.0274880566,0.05742951,0.0150349149,0.9978578
7934f1476fe2c6e458c230f491769c34,7400034,Mankey,0.25,source,Chest,-0.06487633,0.9576453,0.458937228,0.0931524262,-0.04938277,0.0839393,0.9908776
7934f1476fe2c6e458c230f491769c34,7400034,Mankey,0.25,source,Neck,-0.100583725,1.15391266,0.495829165,0.31767863,-0.0237724986,0.141250119,0.937317252
7934f1476fe2c6e458c230f491769c34,7400034,Mankey,0.25,source,Head,-0.12490055,1.21978855,0.5469843,0.190004483,0.05582899,0.120281287,0.972786844
7934f1476fe2c6e458c230f491769c34,7400034,Mankey,0.25,source,LeftShoulder,-0.122114629,1.106862,0.485857,0.0507494546,0.234422758,0.07284483,0.968072534
7934f1476fe2c6e458c230f491769c34,7400034,Mankey,0.25,source,RightShoulder,-0.06394383,1.116184,0.4925883,0.976825833,0.05866943,0.1819108,-0.09632212
7934f1476fe2c6e458c230f491769c34,7400034,Mankey,0.25,source,LeftUpperArm,-0.247002646,1.08345544,0.5492586,-0.0653943643,0.5070634,0.440274447,0.7380848
7934f1476fe2c6e458c230f491769c34,7400034,Mankey,0.25,source,RightUpperArm,0.06768471,1.12747741,0.5446582,0.965435147,-0.238247111,0.100993454,-0.0312060565
7934f1476fe2c6e458c230f491769c34,7400034,Mankey,0.25,source,LeftLowerArm,-0.269227237,0.9512286,0.7318959,-0.44971016,0.7744803,0.428127319,-0.121030852
7934f1476fe2c6e458c230f491769c34,7400034,Mankey,0.25,source,RightLowerArm,0.263913155,1.02182591,0.585472345,0.2994768,-0.218288079,0.861343861,0.347492367
7934f1476fe2c6e458c230f491769c34,7400034,Mankey,0.25,source,LeftHand,-0.135384947,1.140381,0.7786024,-0.508153856,0.618708551,0.426630467,-0.42067343
7934f1476fe2c6e458c230f491769c34,7400034,Mankey,0.25,source,RightHand,0.127018914,1.13241875,0.7432806,0.0572505221,-0.261343747,0.881072342,0.3900432
7934f1476fe2c6e458c230f491769c34,7400034,Mankey,0.25,source,LeftToes,-0.09945865,0.0349681862,0.9664186,0.5484277,-0.0105075249,-0.8353199,-0.0368446931
7934f1476fe2c6e458c230f491769c34,7400034,Mankey,0.25,source,RightToes,0.121195294,0.0794994757,-0.07246217,0.510186553,-0.402687579,-0.3695067,0.6640916
7934f1476fe2c6e458c230f491769c34,7400034,Mankey,0.25,source,LeftThumbProximal,-0.151639745,1.1520009,0.772557855,-0.726956546,0.56067127,-0.396285474,-0.0118426466
7934f1476fe2c6e458c230f491769c34,7400034,Mankey,0.25,source,LeftThumbIntermediate,-0.15419206,1.18794727,0.7462623,-0.5174107,0.771632135,-0.364759356,0.06181691
7934f1476fe2c6e458c230f491769c34,7400034,Mankey,0.25,source,LeftThumbDistal,-0.1404885,1.21324718,0.7378032,0.279485255,0.903235,-0.165151015,0.2806786
7934f1476fe2c6e458c230f491769c34,7400034,Mankey,0.25,source,LeftIndexProximal,-0.151775435,1.21907032,0.775220335,-9.54495E-05,0.8031155,-0.0507669,-0.593657
7934f1476fe2c6e458c230f491769c34,7400034,Mankey,0.25,source,LeftIndexIntermediate,-0.142675012,1.21721637,0.7458179,0.6025803,0.5307625,-0.4861204,-0.344783723
7934f1476fe2c6e458c230f491769c34,7400034,Mankey,0.25,source,LeftIndexDistal,-0.141872883,1.19552052,0.750710845,0.7883137,-0.1193705,-0.5842688,0.151469514
7934f1476fe2c6e458c230f491769c34,7400034,Mankey,0.25,source,LeftMiddleProximal,-0.131275192,1.21861541,0.7815061,0.0174857527,0.7846377,-0.0290555861,-0.6190269
7934f1476fe2c6e458c230f491769c34,7400034,Mankey,0.25,source,LeftMiddleIntermediate,-0.123622671,1.21653271,0.7496342,0.5904857,0.5130868,-0.494398,-0.378998965
7934f1476fe2c6e458c230f491769c34,7400034,Mankey,0.25,source,LeftMiddleDistal,-0.123286344,1.19507527,0.7538998,0.7603246,-0.128105521,-0.6217421,0.137596756
7934f1476fe2c6e458c230f491769c34,7400034,Mankey,0.25,source,LeftRingProximal,-0.1143399,1.217085,0.786394835,0.121462129,0.722206056,-0.0566005073,-0.678573668
7934f1476fe2c6e458c230f491769c34,7400034,Mankey,0.25,source,LeftRingIntermediate,-0.112787329,1.20918441,0.756127954,0.590023756,0.417609453,-0.5446205,-0.4252802
7934f1476fe2c6e458c230f491769c34,7400034,Mankey,0.25,source,LeftRingDistal,-0.113900028,1.19083619,0.7616452,0.695711851,-0.140953153,-0.6987235,0.0888998
7934f1476fe2c6e458c230f491769c34,7400034,Mankey,0.25,source,LeftLittleProximal,-0.09716097,1.21094,0.787580252,0.113222368,0.6972093,-0.0249471,-0.7074306
7934f1476fe2c6e458c230f491769c34,7400034,Mankey,0.25,source,LeftLittleIntermediate,-0.0978897139,1.20563817,0.7606617,0.5355435,0.441191435,-0.5161068,-0.502173
7934f1476fe2c6e458c230f491769c34,7400034,Mankey,0.25,source,LeftLittleDistal,-0.09937096,1.18681347,0.7627455,0.6757178,-0.0283859465,-0.7348981,-0.0502493568
7934f1476fe2c6e458c230f491769c34,7400034,Mankey,0.25,source,RightThumbProximal,0.12209639,1.14821136,0.730547249,0.07240013,0.6573557,0.699465632,0.270905882
7934f1476fe2c6e458c230f491769c34,7400034,Mankey,0.25,source,RightThumbIntermediate,0.08450127,1.16936374,0.7191773,-0.225271851,-0.5800626,-0.780329049,-0.0621854477
7934f1476fe2c6e458c230f491769c34,7400034,Mankey,0.25,source,RightThumbDistal,0.05778722,1.180112,0.7275576,0.556406438,0.197579354,0.604651034,-0.534576237
7934f1476fe2c6e458c230f491769c34,7400034,Mankey,0.25,source,RightIndexProximal,0.08483962,1.200609,0.749830961,0.09442397,0.161471918,-0.948886335,0.254216641
7934f1476fe2c6e458c230f491769c34,7400034,Mankey,0.25,source,RightIndexIntermediate,0.0585399047,1.18667567,0.7417743,-0.176393673,-0.0378868431,0.48236537,-0.8571897
7934f1476fe2c6e458c230f491769c34,7400034,Mankey,0.25,source,RightIndexDistal,0.07037858,1.16856837,0.7365422,0.14842315,-0.112733088,0.299727857,0.935641944
7934f1476fe2c6e458c230f491769c34,7400034,Mankey,0.25,source,RightMiddleProximal,0.08179323,1.19113529,0.7688296,0.155248269,0.1821226,-0.921829462,0.3048938
7934f1476fe2c6e458c230f491769c34,7400034,Mankey,0.25,source,RightMiddleIntermediate,0.0566378422,1.17453432,0.7557821,-0.232902527,0.00946258847,0.396858454,-0.8877897
7934f1476fe2c6e458c230f491769c34,7400034,Mankey,0.25,source,RightMiddleDistal,0.07162682,1.15901959,0.7521073,0.15000473,-0.200278759,0.416245043,0.8741437
7934f1476fe2c6e458c230f491769c34,7400034,Mankey,0.25,source,RightRingProximal,0.07973368,1.18232238,0.7840332,0.193693563,0.234977767,-0.87371,0.37934047
7934f1476fe2c6e458c230f491769c34,7400034,Mankey,0.25,source,RightRingIntermediate,0.0597780459,1.16441131,0.7678483,-0.3033471,0.0138239525,0.293348074,-0.9064968
7934f1476fe2c6e458c230f491769c34,7400034,Mankey,0.25,source,RightRingDistal,0.07565587,1.15404344,0.7649123,0.195634529,-0.25988844,0.511180937,0.7955373
7934f1476fe2c6e458c230f491769c34,7400034,Mankey,0.25,source,RightLittleProximal,0.07762801,1.16859758,0.795927763,0.285707146,0.259298742,-0.878383756,0.28209576
7934f1476fe2c6e458c230f491769c34,7400034,Mankey,0.25,source,RightLittleIntermediate,0.0590310432,1.15906608,0.778138757,-0.386590868,0.0337949134,0.452456176,-0.8029257
7934f1476fe2c6e458c230f491769c34,7400034,Mankey,0.25,source,RightLittleDistal,0.07021356,1.14476323,0.7725262,0.2405423,-0.335696042,0.310706228,0.8561013
7934f1476fe2c6e458c230f491769c34,7400034,Mankey,0.25,fighter,AnimatorRoot,0,0,0,0,0,0,1
7934f1476fe2c6e458c230f491769c34,7400034,Mankey,0.25,fighter,Hips,-0.0571999773,0.6809919,0.473490834,0.4274344,-0.515219569,-0.490952015,0.5575077
7934f1476fe2c6e458c230f491769c34,7400034,Mankey,0.25,fighter,LeftUpperLeg,-0.177755728,0.684544861,0.486065358,0.287345529,0.682006359,0.230575427,0.6317713
7934f1476fe2c6e458c230f491769c34,7400034,Mankey,0.25,fighter,RightUpperLeg,0.06335577,0.6774389,0.46091634,0.591265559,0.5060493,0.5935587,0.204956979
7934f1476fe2c6e458c230f491769c34,7400034,Mankey,0.25,fighter,LeftLowerLeg,-0.1643633,0.434498638,0.752925456,0.5355266,0.64642036,0.312428445,0.444680482
7934f1476fe2c6e458c230f491769c34,7400034,Mankey,0.25,fighter,RightLowerLeg,0.142690375,0.369412035,0.279968083,0.7377818,0.256597221,0.6240258,0.0206898451
7934f1476fe2c6e458c230f491769c34,7400034,Mankey,0.25,fighter,LeftFoot,-0.153386772,0.09031348,0.8381632,-0.0014885813,0.875891268,-0.03277406,0.481392056
7934f1476fe2c6e458c230f491769c34,7400034,Mankey,0.25,fighter,RightFoot,0.110940158,0.225933537,-0.04291721,0.524577737,0.7446939,0.259234458,0.3210095
7934f1476fe2c6e458c230f491769c34,7400034,Mankey,0.25,fighter,Spine,-0.0569815934,0.7255378,0.462997735,0.422199219,-0.510280669,-0.4874918,0.5689582
7934f1476fe2c6e458c230f491769c34,7400034,Mankey,0.25,fighter,Chest,-0.056289237,0.963353753,0.435481966,0.607848048,-0.431943178,-0.5002852,0.4400692
7934f1476fe2c6e458c230f491769c34,7400034,Mankey,0.25,fighter,Neck,-0.08995401,1.241528,0.4771975,0.596277,-0.3990014,-0.505579352,0.479209334
7934f1476fe2c6e458c230f491769c34,7400034,Mankey,0.25,fighter,Head,-0.11530219,1.3844136,0.5100063,0.6138331,-0.302907169,-0.5495043,0.479063183
7934f1476fe2c6e458c230f491769c34,7400034,Mankey,0.25,fighter,LeftShoulder,-0.125481725,1.18869972,0.570672452,0.7539793,-0.027844727,-0.1373057,0.641784668
7934f1476fe2c6e458c230f491769c34,7400034,Mankey,0.25,fighter,RightShoulder,-0.06604965,1.19488132,0.577413738,0.157476425,-0.65966475,-0.7253953,0.117667049
7934f1476fe2c6e458c230f491769c34,7400034,Mankey,0.25,fighter,LeftUpperArm,-0.3293979,1.23501861,0.6070328,0.5360834,0.638633966,-0.09203413,0.544326842
7934f1476fe2c6e458c230f491769c34,7400034,Mankey,0.25,fighter,RightUpperArm,0.12979424,1.27521181,0.5929555,0.09115429,0.6503953,0.7060498,0.264898837
7934f1476fe2c6e458c230f491769c34,7400034,Mankey,0.25,fighter,LeftLowerArm,-0.376565427,1.0702709,0.830799341,-0.16456522,0.9327472,-0.3163304,-0.05326052
7934f1476fe2c6e458c230f491769c34,7400034,Mankey,0.25,fighter,RightLowerArm,0.3674029,1.13636363,0.6537943,-0.452251315,0.153814971,0.0883814,0.8740703
7934f1476fe2c6e458c230f491769c34,7400034,Mankey,0.25,fighter,LeftHand,-0.135385185,1.14038086,0.778602362,0.4863935,-0.6564307,-0.5198624,0.249526963
7934f1476fe2c6e458c230f491769c34,7400034,Mankey,0.25,fighter,RightHand,0.127018988,1.13241851,0.7432805,0.289257348,0.24823609,-0.403705657,0.8317041
7934f1476fe2c6e458c230f491769c34,7400034,Mankey,0.25,fighter,LeftToes,0.000331684249,0.124786273,1.07065964,0.136996925,0.83717525,0.0523397624,0.5269062
7934f1476fe2c6e458c230f491769c34,7400034,Mankey,0.25,fighter,RightToes,0.191924542,-0.03137655,0.0352196023,0.570364952,0.720147848,0.302890778,0.2536307
7934f1476fe2c6e458c230f491769c34,7400034,Mankey,0.25,fighter,LeftEye,-0.240723521,1.39865386,0.72991,0.480381727,-0.284922034,-0.57446146,-0.5983705
7934f1476fe2c6e458c230f491769c34,7400034,Mankey,0.25,fighter,RightEye,0.0127117625,1.4656949,0.713389039,0.343830854,-0.4367092,-0.7544941,-0.349005252
7934f1476fe2c6e458c230f491769c34,7400034,Mankey,0.25,fighter,Jaw,-0.06681285,1.2345165,0.64552027,0.6476834,0.221472412,-0.7271808,-0.05162147
7934f1476fe2c6e458c230f491769c34,7400034,Mankey,0.25,fighter,LeftThumbProximal,-0.149351537,1.21043,0.7615523,0.286356539,-0.733081639,-0.219294652,0.5766298
7934f1476fe2c6e458c230f491769c34,7400034,Mankey,0.25,fighter,LeftThumbIntermediate,-0.141671836,1.24064374,0.729223549,0.282890141,-0.84571,-0.325273931,0.314555526
7934f1476fe2c6e458c230f491769c34,7400034,Mankey,0.25,fighter,LeftThumbDistal,-0.116783604,1.26712358,0.715733349,-0.0110971034,-0.7725334,-0.446367979,-0.451470435
7934f1476fe2c6e458c230f491769c34,7400034,Mankey,0.25,fighter,LeftMiddleProximal,-0.128345326,1.27439392,0.7835763,-0.1302028,-0.812811255,0.0698195,0.5634814
7934f1476fe2c6e458c230f491769c34,7400034,Mankey,0.25,fighter,LeftMiddleIntermediate,-0.108266011,1.25678456,0.7291236,-0.7150966,-0.455408931,0.439864874,0.296242356
7934f1476fe2c6e458c230f491769c34,7400034,Mankey,0.25,fighter,LeftMiddleDistal,-0.118840493,1.20814157,0.7482871,-0.837372541,0.200584978,0.4828742,-0.159393281
7934f1476fe2c6e458c230f491769c34,7400034,Mankey,0.25,fighter,LeftRingProximal,-0.0760821849,1.26497555,0.7985611,-0.248132288,-0.7445387,0.0581282154,0.6170203
7934f1476fe2c6e458c230f491769c34,7400034,Mankey,0.25,fighter,LeftRingIntermediate,-0.0699251,1.24144089,0.751091242,-0.715287268,-0.359929323,0.482132971,0.355476618
7934f1476fe2c6e458c230f491769c34,7400034,Mankey,0.25,fighter,LeftRingDistal,-0.08502256,1.194525,0.7748224,-0.7641845,0.2118409,0.600898147,-0.100336462
7934f1476fe2c6e458c230f491769c34,7400034,Mankey,0.25,fighter,LeftLittleProximal,-0.0306043588,1.228195,0.8127139,-0.22370255,-0.7251029,0.0382659435,0.6501689
7934f1476fe2c6e458c230f491769c34,7400034,Mankey,0.25,fighter,LeftLittleIntermediate,-0.02769863,1.20823658,0.763333857,-0.686797559,-0.4102499,0.437329829,0.4107892
7934f1476fe2c6e458c230f491769c34,7400034,Mankey,0.25,fighter,LeftLittleDistal,-0.04323817,1.15718162,0.7779208,-0.772716045,0.0973992348,0.627233744,0.00144560263
7934f1476fe2c6e458c230f491769c34,7400034,Mankey,0.25,fighter,RightThumbProximal,0.0791779757,1.188083,0.7409775,-0.230956778,0.0471511781,0.119097322,-0.9644959
7934f1476fe2c6e458c230f491769c34,7400034,Mankey,0.25,fighter,RightThumbIntermediate,0.0357409753,1.19937909,0.739363432,0.2465351,0.227795392,-0.103240728,0.9363074
7934f1476fe2c6e458c230f491769c34,7400034,Mankey,0.25,fighter,RightThumbDistal,0.00182703533,1.2025193,0.7578719,-0.235065266,-0.839043736,-0.0508849919,-0.4880178
7934f1476fe2c6e458c230f491769c34,7400034,Mankey,0.25,fighter,RightMiddleProximal,0.0495477878,1.23299944,0.787045658,-0.190213829,0.09803775,-0.386023641,-0.897325635
7934f1476fe2c6e458c230f491769c34,7400034,Mankey,0.25,fighter,RightMiddleIntermediate,0.008139655,1.19324493,0.7674683,0.145297438,-0.192447722,0.9259638,0.290592968
7934f1476fe2c6e458c230f491769c34,7400034,Mankey,0.25,fighter,RightMiddleDistal,0.05021905,1.16752231,0.7471496,0.0168767422,0.189663708,-0.852241039,0.4872666
7934f1476fe2c6e458c230f491769c34,7400034,Mankey,0.25,fighter,RightRingProximal,0.0458646454,1.20216632,0.8326577,-0.293426454,0.124731079,-0.447238922,-0.835656166
7934f1476fe2c6e458c230f491769c34,7400034,Mankey,0.25,fighter,RightRingIntermediate,0.0155225853,1.1662,0.8075383,0.1399686,-0.2773425,0.930497646,0.194075271
7934f1476fe2c6e458c230f491769c34,7400034,Mankey,0.25,fighter,RightRingDistal,0.0639598742,1.15069032,0.787401259,0.13054505,0.261794716,-0.7748155,0.5604313
7934f1476fe2c6e458c230f491769c34,7400034,Mankey,0.25,fighter,RightLittleProximal,0.0601690039,1.1537869,0.86546284,-0.291064858,0.210630625,-0.3331361,-0.87174356
7934f1476fe2c6e458c230f491769c34,7400034,Mankey,0.25,fighter,RightLittleIntermediate,0.023401,1.12934613,0.83553046,0.148708031,-0.3230739,0.8583046,0.369896472
7934f1476fe2c6e458c230f491769c34,7400034,Mankey,0.25,fighter,RightLittleDistal,0.0611400828,1.09953213,0.8081843,0.187028214,0.290281832,-0.8597548,0.376270145
7934f1476fe2c6e458c230f491769c34,7400034,Mankey,0.25,fighter,UpperChest,-0.07137227,1.07866645,0.4627176,0.580366,-0.468219578,-0.472507745,0.469768763
7934f1476fe2c6e458c230f491769c34,7400034,Mankey,0.266666681,source,AnimatorRoot,2.92711952E-08,3.142045E-10,0.3907964,0,0,2.40885185E-16,1
7934f1476fe2c6e458c230f491769c34,7400034,Mankey,0.266666681,source,Hips,-0.0583947934,0.6982455,0.503567457,-0.0489005968,0.0451853834,0.0059444895,0.997763336
7934f1476fe2c6e458c230f491769c34,7400034,Mankey,0.266666681,source,LeftUpperLeg,-0.158239126,0.6974992,0.5126661,-0.6353156,-0.261110067,0.66787684,0.286593944
7934f1476fe2c6e458c230f491769c34,7400034,Mankey,0.266666681,source,RightUpperLeg,0.04144976,0.698992,0.494468719,0.580827653,-0.23542805,-0.583668351,0.5162793
7934f1476fe2c6e458c230f491769c34,7400034,Mankey,0.266666681,source,LeftLowerLeg,-0.147624835,0.431138,0.7732001,-0.4705288,-0.35354498,0.6058029,0.5353612
7934f1476fe2c6e458c230f491769c34,7400034,Mankey,0.266666681,source,RightLowerLeg,0.118909828,0.3724085,0.332351536,0.6049708,0.000460330572,-0.7363364,0.3030164
7934f1476fe2c6e458c230f491769c34,7400034,Mankey,0.266666681,source,LeftFoot,-0.153198317,0.08967262,0.839849532,0.5419446,0.08788775,-0.8191712,-0.165923551
7934f1476fe2c6e458c230f491769c34,7400034,Mankey,0.266666681,source,RightFoot,0.08954823,0.2173299,0.02225405,0.4398487,-0.268529683,-0.5758832,0.6346523
7934f1476fe2c6e458c230f491769c34,7400034,Mankey,0.266666681,source,Spine,-0.0599904619,0.7957755,0.494056463,-0.0222774912,0.0535695143,-0.0128371846,0.998233
7934f1476fe2c6e458c230f491769c34,7400034,Mankey,0.266666681,source,Chest,-0.05546915,0.9748702,0.489134341,0.110029861,-0.138350785,0.07800752,0.98115623
7934f1476fe2c6e458c230f491769c34,7400034,Mankey,0.266666681,source,Neck,-0.09299175,1.17008471,0.529634356,0.356399447,-0.109409876,0.158209741,0.9143188
7934f1476fe2c6e458c230f491769c34,7400034,Mankey,0.266666681,source,Head,-0.124901645,1.230543,0.5832473,0.218380556,0.04361379,0.1406082,0.9646956
7934f1476fe2c6e458c230f491769c34,7400034,Mankey,0.266666681,source,LeftShoulder,-0.113430582,1.12422359,0.513640642,0.0820452645,0.101213649,0.0486637279,0.990281
7934f1476fe2c6e458c230f491769c34,7400034,Mankey,0.266666681,source,RightShoulder,-0.0571267158,1.13149881,0.5307578,0.92896384,0.04358503,0.34988445,-0.1127282
7934f1476fe2c6e458c230f491769c34,7400034,Mankey,0.266666681,source,LeftUpperArm,-0.251850873,1.10817885,0.540972531,-0.052404318,0.36809516,0.4604508,0.806067765
7934f1476fe2c6e458c230f491769c34,7400034,Mankey,0.266666681,source,RightUpperArm,0.0495705269,1.1317898,0.6244621,0.9550187,-0.11607796,0.272806466,-0.006478744
7934f1476fe2c6e458c230f491769c34,7400034,Mankey,0.266666681,source,LeftLowerArm,-0.320950985,0.948734343,0.6863581,-0.485229373,0.7629526,0.4239591,-0.0521049947
7934f1476fe2c6e458c230f491769c34,7400034,Mankey,0.266666681,source,RightLowerArm,0.23631084,1.08075976,0.7421806,0.3368347,-0.1601449,0.8771663,0.302449644
7934f1476fe2c6e458c230f491769c34,7400034,Mankey,0.266666681,source,LeftHand,-0.197166353,1.13419414,0.7648177,-0.5463298,0.616843939,0.4166963,-0.383916557
7934f1476fe2c6e458c230f491769c34,7400034,Mankey,0.266666681,source,RightHand,0.0968149453,1.18067658,0.904759049,0.109508283,-0.2338616,0.936768353,0.236183017
7934f1476fe2c6e458c230f491769c34,7400034,Mankey,0.266666681,source,LeftToes,-0.09966308,0.0347045138,0.9684315,0.5497732,-0.011605693,-0.83445245,-0.0361136459
7934f1476fe2c6e458c230f491769c34,7400034,Mankey,0.266666681,source,RightToes,0.118372776,0.07250563,-0.00256603956,0.516441941,-0.368860781,-0.307091266,0.709171653
7934f1476fe2c6e458c230f491769c34,7400034,Mankey,0.266666681,source,LeftThumbProximal,-0.213169456,1.14576888,0.7580571,-0.716415644,0.562516153,-0.4108588,0.03898782
7934f1476fe2c6e458c230f491769c34,7400034,Mankey,0.266666681,source,LeftThumbIntermediate,-0.214487389,1.18315387,0.733752,-0.5091311,0.7717923,-0.363145,0.115103394
7934f1476fe2c6e458c230f491769c34,7400034,Mankey,0.266666681,source,LeftThumbDistal,-0.20083952,1.20923007,0.7279907,0.282676041,0.898273945,-0.122600876,0.313317746
7934f1476fe2c6e458c230f491769c34,7400034,Mankey,0.266666681,source,LeftIndexProximal,-0.2154533,1.21253717,0.764553547,-0.025835719,0.8291381,-0.0348521471,-0.5573583
7934f1476fe2c6e458c230f491769c34,7400034,Mankey,0.266666681,source,LeftIndexIntermediate,-0.203817517,1.21266031,0.7359992,0.6056824,0.5670748,-0.4482327,-0.332660943
7934f1476fe2c6e458c230f491769c34,7400034,Mankey,0.266666681,source,LeftIndexDistal,-0.202816665,1.19073546,0.739686668,0.8184716,-0.0982854,-0.5508195,0.130548492
7934f1476fe2c6e458c230f491769c34,7400034,Mankey,0.266666681,source,LeftMiddleProximal,-0.195562527,1.21219,0.7725669,-0.00972415,0.811377347,-0.0132857151,-0.584291458
7934f1476fe2c6e458c230f491769c34,7400034,Mankey,0.266666681,source,LeftMiddleIntermediate,-0.185150519,1.21219814,0.74141717,0.5931889,0.550991237,-0.4579885,-0.367127955
7934f1476fe2c6e458c230f491769c34,7400034,Mankey,0.266666681,source,LeftMiddleDistal,-0.184566647,1.190538,0.7444538,0.791852,-0.105671495,-0.5898879,0.117629871
7934f1476fe2c6e458c230f491769c34,7400034,Mankey,0.266666681,source,LeftRingProximal,-0.17907159,1.21076918,0.778818,0.09435916,0.7537823,-0.0389017276,-0.64915
7934f1476fe2c6e458c230f491769c34,7400034,Mankey,0.266666681,source,LeftRingIntermediate,-0.17470555,1.2047317,0.7483976,0.5947895,0.459126353,-0.511568367,-0.416805625
7934f1476fe2c6e458c230f491769c34,7400034,Mankey,0.266666681,source,LeftRingDistal,-0.175761,1.18606544,0.752731562,0.7294029,-0.114974163,-0.670568347,0.07135207
7934f1476fe2c6e458c230f491769c34,7400034,Mankey,0.266666681,source,LeftLittleProximal,-0.161888525,1.20497036,0.781141758,0.08423951,0.729033351,-0.008762773,-0.679218769
7934f1476fe2c6e458c230f491769c34,7400034,Mankey,0.266666681,source,LeftLittleIntermediate,-0.160155758,1.20127249,0.754001856,0.5365863,0.484453142,-0.485766262,-0.491337
7934f1476fe2c6e458c230f491769c34,7400034,Mankey,0.266666681,source,LeftLittleDistal,-0.161270469,1.18232715,0.754861534,0.705444157,0.004255146,-0.706065834,-0.0616611056
7934f1476fe2c6e458c230f491769c34,7400034,Mankey,0.266666681,source,RightThumbProximal,0.0865235254,1.19355583,0.891953349,-0.0353475958,0.6702194,0.728354335,0.13804704
7934f1476fe2c6e458c230f491769c34,7400034,Mankey,0.266666681,source,RightThumbIntermediate,0.0437247157,1.20041275,0.881401837,-0.131625131,-0.6184542,-0.770683944,0.07896852
7934f1476fe2c6e458c230f491769c34,7400034,Mankey,0.266666681,source,RightThumbDistal,0.0151479887,1.20164514,0.8904158,0.5271024,0.289226949,0.493951648,-0.6281108
7934f1476fe2c6e458c230f491769c34,7400034,Mankey,0.266666681,source,RightIndexProximal,0.0341228247,1.23062706,0.9115834,0.05002367,0.169626921,-0.893481,0.412815064
7934f1476fe2c6e458c230f491769c34,7400034,Mankey,0.266666681,source,RightIndexIntermediate,0.0139507279,1.20840621,0.904508948,-0.152532443,-0.07457888,0.329907864,-0.928619146
7934f1476fe2c6e458c230f491769c34,7400034,Mankey,0.266666681,source,RightIndexDistal,0.0311178546,1.19527709,0.8991872,0.160669222,-0.07004808,0.455702573,0.87270546
7934f1476fe2c6e458c230f491769c34,7400034,Mankey,0.266666681,source,RightMiddleProximal,0.0349178873,1.22113061,0.9307972,0.1062414,0.201394752,-0.859101653,0.458364338
7934f1476fe2c6e458c230f491769c34,7400034,Mankey,0.266666681,source,RightMiddleIntermediate,0.01661395,1.1966728,0.9187387,-0.2172044,-0.03892243,0.240717366,-0.9451788
7934f1476fe2c6e458c230f491769c34,7400034,Mankey,0.266666681,source,RightMiddleDistal,0.03589682,1.18708777,0.914842963,0.179476067,-0.155702084,0.5606648,0.793221533
7934f1476fe2c6e458c230f491769c34,7400034,Mankey,0.266666681,source,RightRingProximal,0.036328543,1.21250153,0.9461793,0.134916559,0.261538416,-0.799887,0.5230452
7934f1476fe2c6e458c230f491769c34,7400034,Mankey,0.266666681,source,RightRingIntermediate,0.0232863631,1.18850386,0.9308497,-0.288539559,-0.0480214171,0.136445358,-0.9464787
7934f1476fe2c6e458c230f491769c34,7400034,Mankey,0.266666681,source,RightRingDistal,0.0416715555,1.1840775,0.927592635,0.236720622,-0.206679136,0.64056474,0.7006601
7934f1476fe2c6e458c230f491769c34,7400034,Mankey,0.266666681,source,RightLittleProximal,0.0392902158,1.19916046,0.9583256,0.222211137,0.300020874,-0.8227289,0.428634435
7934f1476fe2c6e458c230f491769c34,7400034,Mankey,0.266666681,source,RightLittleIntermediate,0.0246386789,1.1834656,0.9412328,-0.372834951,-0.0398055054,0.311934859,-0.8729875
7934f1476fe2c6e458c230f491769c34,7400034,Mankey,0.266666681,source,RightLittleDistal,0.0398863219,1.17368209,0.935496,0.290768,-0.274703115,0.453697622,0.7963362
7934f1476fe2c6e458c230f491769c34,7400034,Mankey,0.266666681,fighter,AnimatorRoot,0,0,0,0,0,0,1
7934f1476fe2c6e458c230f491769c34,7400034,Mankey,0.266666681,fighter,Hips,-0.058394786,0.698245466,0.5035674,0.421658844,-0.512231231,-0.484502077,0.570158541
7934f1476fe2c6e458c230f491769c34,7400034,Mankey,0.266666681,fighter,LeftUpperLeg,-0.17877081,0.700128555,0.5180759,0.298123151,0.671692133,0.251250684,0.629940748
7934f1476fe2c6e458c230f491769c34,7400034,Mankey,0.266666681,fighter,RightUpperLeg,0.0619812347,0.6963624,0.4890589,0.5864041,0.545487344,0.5578188,0.217743278
7934f1476fe2c6e458c230f491769c34,7400034,Mankey,0.266666681,fighter,LeftLowerLeg,-0.168306276,0.4377298,0.7729369,0.540150762,0.6387099,0.336665124,0.432369679
7934f1476fe2c6e458c230f491769c34,7400034,Mankey,0.266666681,fighter,RightLowerLeg,0.141550347,0.373350829,0.336582482,0.757158935,0.2888664,0.5858862,0.00201994181
7934f1476fe2c6e458c230f491769c34,7400034,Mankey,0.266666681,fighter,LeftFoot,-0.1531983,0.08967282,0.839849532,-0.00217124075,0.8750973,-0.0340304673,0.482744336
7934f1476fe2c6e458c230f491769c34,7400034,Mankey,0.266666681,fighter,RightFoot,0.08954829,0.217329815,0.0222541,0.471430779,0.7842284,0.262413681,0.3063957
7934f1476fe2c6e458c230f491769c34,7400034,Mankey,0.266666681,fighter,Spine,-0.0590780936,0.7425579,0.4921465,0.410131931,-0.5155659,-0.4987121,0.5632673
7934f1476fe2c6e458c230f491769c34,7400034,Mankey,0.266666681,fighter,Chest,-0.05030485,0.9801344,0.463961333,0.6503809,-0.460082471,-0.4608498,0.391083866
7934f1476fe2c6e458c230f491769c34,7400034,Mankey,0.266666681,fighter,Neck,-0.0876084939,1.25720179,0.5097495,0.6331128,-0.407215118,-0.4841221,0.446061045
7934f1476fe2c6e458c230f491769c34,7400034,Mankey,0.266666681,fighter,Head,-0.117305286,1.398173,0.546902835,0.6402311,-0.2805993,-0.5433656,0.4648897
7934f1476fe2c6e458c230f491769c34,7400034,Mankey,0.266666681,fighter,LeftShoulder,-0.137868568,1.201771,0.5945549,0.7729539,-0.129585,-0.06497535,0.61768
7934f1476fe2c6e458c230f491769c34,7400034,Mankey,0.266666681,fighter,RightShoulder,-0.08018319,1.20686126,0.6107509,0.27001217,-0.6367826,-0.7222158,-0.002419114
7934f1476fe2c6e458c230f491769c34,7400034,Mankey,0.266666681,fighter,LeftUpperArm,-0.341196358,1.26132679,0.5818967,0.5866379,0.5628369,0.03270307,0.581379056
7934f1476fe2c6e458c230f491769c34,7400034,Mankey,0.266666681,fighter,RightUpperArm,0.101114,1.27910733,0.694184959,-0.113659978,0.6490414,0.7085065,0.252676964
7934f1476fe2c6e458c230f491769c34,7400034,Mankey,0.266666681,fighter,LeftLowerArm,-0.443870246,1.06448781,0.7555358,-0.126887366,0.952279,-0.272052348,0.05524826
7934f1476fe2c6e458c230f491769c34,7400034,Mankey,0.266666681,fighter,RightLowerArm,0.3396902,1.21977651,0.8320229,-0.495117575,0.0855247751,0.138923645,0.853372455
7934f1476fe2c6e458c230f491769c34,7400034,Mankey,0.266666681,fighter,LeftHand,-0.197166473,1.13419414,0.7648177,0.524100661,-0.644646168,-0.514079034,0.213243514
7934f1476fe2c6e458c230f491769c34,7400034,Mankey,0.266666681,fighter,RightHand,0.09681496,1.18067634,0.9047588,0.228694871,0.301628977,-0.260357916,0.8882191
7934f1476fe2c6e458c230f491769c34,7400034,Mankey,0.266666681,fighter,LeftToes,-0.0002021231,0.124833629,1.0727191,0.136197716,0.836426735,0.051394403,0.528393
7934f1476fe2c6e458c230f491769c34,7400034,Mankey,0.266666681,fighter,RightToes,0.2044367,-0.02436617,0.107435845,0.506222069,0.7731835,0.295211583,0.2424398
7934f1476fe2c6e458c230f491769c34,7400034,Mankey,0.266666681,fighter,LeftEye,-0.248096213,1.39421,0.764087,0.472665578,-0.251282156,-0.5874655,-0.6069015
7934f1476fe2c6e458c230f491769c34,7400034,Mankey,0.266666681,fighter,RightEye,0.003191146,1.47047186,0.7581189,0.348823726,-0.402507663,-0.769610047,-0.352151275
7934f1476fe2c6e458c230f491769c34,7400034,Mankey,0.266666681,fighter,Jaw,-0.06677128,1.241607,0.673858345,0.650489748,0.255919635,-0.712804,-0.0572671
7934f1476fe2c6e458c230f491769c34,7400034,Mankey,0.266666681,fighter,LeftThumbProximal,-0.211620614,1.2047894,0.7506745,0.323110729,-0.7532063,-0.231536031,0.5240912
7934f1476fe2c6e458c230f491769c34,7400034,Mankey,0.266666681,fighter,LeftThumbIntermediate,-0.200758547,1.23754871,0.7219371,0.308964878,-0.8494431,-0.3414697,0.257655084
7934f1476fe2c6e458c230f491769c34,7400034,Mankey,0.266666681,fighter,LeftThumbDistal,-0.174542487,1.26471615,0.7131484,-0.005948961,-0.7304501,-0.473259777,-0.4923746
7934f1476fe2c6e458c230f491769c34,7400034,Mankey,0.266666681,fighter,LeftMiddleProximal,-0.194419175,1.26779807,0.7780918,-0.101249814,-0.8388423,0.0443197936,0.5330365
7934f1476fe2c6e458c230f491769c34,7400034,Mankey,0.266666681,fighter,LeftMiddleIntermediate,-0.169477716,1.25463,0.7243992,-0.7245357,-0.4843955,0.383196443,0.305892
7934f1476fe2c6e458c230f491769c34,7400034,Mankey,0.266666681,fighter,LeftMiddleDistal,-0.182121724,1.20468438,0.738210738,-0.865073442,0.1912035,0.450222,-0.111307718
7934f1476fe2c6e458c230f491769c34,7400034,Mankey,0.266666681,fighter,LeftRingProximal,-0.143384129,1.25873327,0.7970112,-0.215063065,-0.772425532,0.0273495466,0.596958458
7934f1476fe2c6e458c230f491769c34,7400034,Mankey,0.266666681,fighter,LeftRingIntermediate,-0.132994726,1.23927021,0.748447657,-0.723099351,-0.393025726,0.4301369,0.370999277
7934f1476fe2c6e458c230f491769c34,7400034,Mankey,0.266666681,fighter,LeftRingDistal,-0.150555357,1.19072,0.766523,-0.7941742,0.194200218,0.5732658,-0.05421876
7934f1476fe2c6e458c230f491769c34,7400034,Mankey,0.266666681,fighter,LeftLittleProximal,-0.0982518345,1.2222532,0.8129363,-0.187975019,-0.7542354,0.008394949,0.6290662
7934f1476fe2c6e458c230f491769c34,7400034,Mankey,0.266666681,fighter,LeftLittleIntermediate,-0.0908972248,1.206565,0.7624888,-0.6894013,-0.442979544,0.385390162,0.4242286
7934f1476fe2c6e458c230f491769c34,7400034,Mankey,0.266666681,fighter,LeftLittleDistal,-0.108074985,1.154683,0.7710933,-0.7986226,0.07416424,0.595676,0.0432720035
7934f1476fe2c6e458c230f491769c34,7400034,Mankey,0.266666681,fighter,RightThumbProximal,0.0328560434,1.21671867,0.903081,-0.221108273,0.00774353743,-0.0256483853,-0.97488153
7934f1476fe2c6e458c230f491769c34,7400034,Mankey,0.266666681,fighter,RightThumbIntermediate,-0.01199031,1.21462679,0.901893556,0.193499044,0.266522169,0.0234699845,0.943913937
7934f1476fe2c6e458c230f491769c34,7400034,Mankey,0.266666681,fighter,RightThumbDistal,-0.04520377,1.208911,0.921045065,-0.105647862,-0.868858635,-0.101476282,-0.472891271
7934f1476fe2c6e458c230f491769c34,7400034,Mankey,0.266666681,fighter,RightMiddleProximal,-0.009214071,1.24997354,0.949361742,-0.198828146,0.0345067531,-0.517840862,-0.831335068
7934f1476fe2c6e458c230f491769c34,7400034,Mankey,0.266666681,fighter,RightMiddleIntermediate,-0.0371916257,1.19858682,0.933393061,0.169881627,-0.138189346,0.963149369,0.156166077
7934f1476fe2c6e458c230f491769c34,7400034,Mankey,0.266666681,fighter,RightMiddleDistal,0.0104680732,1.18504512,0.91363585,-0.0325229466,0.167332739,-0.7763244,0.6068469
7934f1476fe2c6e458c230f491769c34,7400034,Mankey,0.266666681,fighter,RightRingProximal,-0.00114148576,1.22080159,0.9954978,-0.3055457,0.0425877869,-0.5694333,-0.761954069
7934f1476fe2c6e458c230f491769c34,7400034,Mankey,0.266666681,fighter,RightRingIntermediate,-0.01969659,1.17590284,0.97347486,0.180631086,-0.224675715,0.955608845,0.0608732849
7934f1476fe2c6e458c230f491769c34,7400034,Mankey,0.266666681,fighter,RightRingDistal,0.03102967,1.17397857,0.953094542,0.06806594,0.259513944,-0.6920355,0.670154452
7934f1476fe2c6e458c230f491769c34,7400034,Mankey,0.266666681,fighter,RightLittleProximal,0.0295136981,1.180938,1.0285511,-0.3186978,0.13215448,-0.467879117,-0.813668549
7934f1476fe2c6e458c230f491769c34,7400034,Mankey,0.266666681,fighter,RightLittleIntermediate,0.00139013026,1.14481807,1.00117254,0.190355673,-0.264300317,0.913166046,0.2450265
7934f1476fe2c6e458c230f491769c34,7400034,Mankey,0.266666681,fighter,RightLittleDistal,0.046063,1.12562692,0.9747728,0.120766163,0.28880164,-0.8048203,0.5042558
7934f1476fe2c6e458c230f491769c34,7400034,Mankey,0.266666681,fighter,UpperChest,-0.06844599,1.09466934,0.492578864,0.621103,-0.4989011,-0.436133951,0.418468922
7934f1476fe2c6e458c230f491769c34,7400034,Mankey,0.283333331,source,AnimatorRoot,3.089824E-08,3.316696E-10,0.412518859,0,0,2.559405E-16,1
7934f1476fe2c6e458c230f491769c34,7400034,Mankey,0.283333331,source,Hips,-0.058905676,0.7136419,0.5293599,-0.0594328865,0.05962868,0.00258306228,0.9964465
7934f1476fe2c6e458c230f491769c34,7400034,Mankey,0.283333331,source,LeftUpperLeg,-0.158452213,0.7138364,0.541305,-0.635644257,-0.281542152,0.65280807,0.300885737
7934f1476fe2c6e458c230f491769c34,7400034,Mankey,0.283333331,source,RightUpperLeg,0.04064106,0.7134476,0.5174147,0.539328933,-0.241004571,-0.577841461,0.5631523
7934f1476fe2c6e458c230f491769c34,7400034,Mankey,0.283333331,source,LeftLowerLeg,-0.154408485,0.4339934,0.7874969,-0.4631625,-0.380290449,0.597904742,0.5323249
7934f1476fe2c6e458c230f491769c34,7400034,Mankey,0.283333331,source,RightLowerLeg,0.121165954,0.373956323,0.38626495,0.541493535,0.0289509445,-0.7649959,0.347459733
7934f1476fe2c6e458c230f491769c34,7400034,Mankey,0.283333331,source,LeftFoot,-0.152939618,0.08992578,0.8393343,0.5453503,0.0872401148,-0.817254543,-0.16455166
7934f1476fe2c6e458c230f491769c34,7400034,Mankey,0.283333331,source,RightFoot,0.06127821,0.199889839,0.0909916759,0.45023638,-0.206545532,-0.5168367,0.6982167
7934f1476fe2c6e458c230f491769c34,7400034,Mankey,0.283333331,source,Spine,-0.06010481,0.8109538,0.517782,-0.0116927307,0.066752255,-0.0425439626,0.9967936
7934f1476fe2c6e458c230f491769c34,7400034,Mankey,0.283333331,source,Chest,-0.0447420031,0.9895033,0.515873,0.127985582,-0.213335812,0.0664961,0.9662744
7934f1476fe2c6e458c230f491769c34,7400034,Mankey,0.283333331,source,Neck,-0.08234419,1.18361485,0.561301,0.3870248,-0.184139952,0.15598838,0.8899283
7934f1476fe2c6e458c230f491769c34,7400034,Mankey,0.283333331,source,Head,-0.118847743,1.24023855,0.6161558,0.241656154,0.0478452928,0.142682135,0.9586217
7934f1476fe2c6e458c230f491769c34,7400034,Mankey,0.283333331,source,LeftShoulder,-0.101490058,1.13938391,0.5399971,0.119275056,-0.0340493172,0.0178593732,0.992116749
7934f1476fe2c6e458c230f491769c34,7400034,Mankey,0.283333331,source,RightShoulder,-0.0481163748,1.1437695,0.565454364,0.8482166,0.1269607,0.504201949,-0.100946806
7934f1476fe2c6e458c230f491769c34,7400034,Mankey,0.283333331,source,LeftUpperArm,-0.24307245,1.1355052,0.529798269,-0.0196968019,0.165425166,0.4611067,0.871566236
7934f1476fe2c6e458c230f491769c34,7400034,Mankey,0.283333331,source,RightUpperArm,0.017111443,1.1598928,0.690555334,0.8822837,0.0163655952,0.47043097,-0.00169900223
7934f1476fe2c6e458c230f491769c34,7400034,Mankey,0.283333331,source,LeftLowerArm,-0.36089623,0.9548711,0.5992474,-0.517314851,0.734688759,0.427591324,0.09891307
7934f1476fe2c6e458c230f491769c34,7400034,Mankey,0.283333331,source,RightLowerArm,0.143276915,1.166078,0.8786448,0.499641627,-0.07948879,0.8346256,0.217807665
7934f1476fe2c6e458c230f491769c34,7400034,Mankey,0.283333331,source,LeftHand,-0.2556605,1.11455345,0.738175,-0.615467966,0.6214969,0.4150233,-0.2503931
7934f1476fe2c6e458c230f491769c34,7400034,Mankey,0.283333331,source,RightHand,0.0473454371,1.23324013,1.08397555,0.292407542,-0.154298246,0.9429091,0.0401620381
7934f1476fe2c6e458c230f491769c34,7400034,Mankey,0.283333331,source,LeftToes,-0.100377567,0.0354047567,0.9685068,0.553037167,-0.0127428509,-0.8323162,-0.03518037
7934f1476fe2c6e458c230f491769c34,7400034,Mankey,0.283333331,source,RightToes,0.118243776,0.06397183,0.06449258,0.5338429,-0.294652551,-0.206864938,0.765113831
7934f1476fe2c6e458c230f491769c34,7400034,Mankey,0.283333331,source,LeftThumbProximal,-0.2696134,1.12799776,0.730406642,-0.6493829,0.602035046,-0.43407613,0.165632665
7934f1476fe2c6e458c230f491769c34,7400034,Mankey,0.283333331,source,LeftThumbIntermediate,-0.265074968,1.16929352,0.714153767,-0.439414382,0.7925834,-0.344232082,0.245421156
7934f1476fe2c6e458c230f491769c34,7400034,Mankey,0.283333331,source,LeftThumbDistal,-0.2502786,1.19525063,0.716748238,0.3370557,0.8600544,-0.00698825158,0.3829518
7934f1476fe2c6e458c230f491769c34,7400034,Mankey,0.283333331,source,LeftIndexProximal,-0.272820234,1.19239175,0.7490755,-0.06302439,0.886972,0.0509285145,-0.454659462
7934f1476fe2c6e458c230f491769c34,7400034,Mankey,0.283333331,source,LeftIndexIntermediate,-0.2549788,1.19726717,0.7244042,0.6262055,0.632783055,-0.314501435,-0.329457
7934f1476fe2c6e458c230f491769c34,7400034,Mankey,0.283333331,source,LeftIndexDistal,-0.255008847,1.17501771,0.7238909,0.883069932,-0.0710615963,-0.462814629,0.0306777228
7934f1476fe2c6e458c230f491769c34,7400034,Mankey,0.283333331,source,LeftMiddleProximal,-0.255284131,1.18952608,0.761085868,-0.0524150468,0.8701575,0.07277237,-0.484544337
7934f1476fe2c6e458c230f491769c34,7400034,Mankey,0.283333331,source,LeftMiddleIntermediate,-0.238043219,1.19483829,0.733640432,0.6113981,0.6219339,-0.3266087,-0.36430487
7934f1476fe2c6e458c230f491769c34,7400034,Mankey,0.283333331,source,LeftMiddleDistal,-0.238328829,1.172992,0.7324641,0.859843433,-0.0727257356,-0.504992843,0.0190518
7934f1476fe2c6e458c230f491769c34,7400034,Mankey,0.283333331,source,LeftRingProximal,-0.240664348,1.18611228,0.7704482,0.0462895334,0.8215226,0.0547052361,-0.565654933
7934f1476fe2c6e458c230f491769c34,7400034,Mankey,0.283333331,source,LeftRingIntermediate,-0.229521319,1.18566859,0.741181254,0.612919033,0.541913331,-0.3875268,-0.424833566
7934f1476fe2c6e458c230f491769c34,7400034,Mankey,0.283333331,source,LeftRingDistal,-0.2316766,1.1666,0.7414615,0.8026832,-0.06793609,-0.5920803,-0.0229353979
7934f1476fe2c6e458c230f491769c34,7400034,Mankey,0.283333331,source,LeftLittleProximal,-0.2245077,1.17910492,0.775361657,0.0295816828,0.797719359,0.08140974,-0.596776
7934f1476fe2c6e458c230f491769c34,7400034,Mankey,0.283333331,source,LeftLittleIntermediate,-0.216659158,1.18047643,0.7490982,0.5456197,0.573816955,-0.3650902,-0.489635438
7934f1476fe2c6e458c230f491769c34,7400034,Mankey,0.283333331,source,LeftLittleDistal,-0.218081921,1.16178846,0.7459917,0.771974742,0.06887356,-0.6164157,-0.139082342
7934f1476fe2c6e458c230f491769c34,7400034,Mankey,0.283333331,source,RightThumbProximal,0.02926781,1.23888087,1.07519186,-0.0894741938,0.66369617,0.730015635,-0.136305824
7934f1476fe2c6e458c230f491769c34,7400034,Mankey,0.283333331,source,RightThumbIntermediate,-0.0129705714,1.2247045,1.077436,-0.09174433,-0.622768342,-0.6959576,0.345523149
7934f1476fe2c6e458c230f491769c34,7400034,Mankey,0.283333331,source,RightThumbDistal,-0.03529493,1.21370828,1.09417224,0.5160987,0.317984641,0.247072056,-0.75596565
7934f1476fe2c6e458c230f491769c34,7400034,Mankey,0.283333331,source,RightIndexProximal,-0.0267673731,1.24990177,1.11046267,-0.125041649,0.2240087,-0.7699713,0.5842342
7934f1476fe2c6e458c230f491769c34,7400034,Mankey,0.283333331,source,RightIndexIntermediate,-0.03559025,1.22043431,1.10833,-0.071045965,-0.2373753,0.120073169,-0.9613473
7934f1476fe2c6e458c230f491769c34,7400034,Mankey,0.283333331,source,RightIndexDistal,-0.0164816435,1.21604943,1.09779251,0.226532489,0.101182863,0.6220417,0.7426372
7934f1476fe2c6e458c230f491769c34,7400034,Mankey,0.283333331,source,RightMiddleProximal,-0.0165461451,1.24355233,1.12821651,-0.0741159543,0.27476266,-0.7345941,0.6159418
7934f1476fe2c6e458c230f491769c34,7400034,Mankey,0.283333331,source,RightMiddleIntermediate,-0.0241115857,1.21249521,1.12067747,-0.154244378,-0.221799359,0.03933914,-0.962011933
7934f1476fe2c6e458c230f491769c34,7400034,Mankey,0.283333331,source,RightMiddleDistal,-0.00444805762,1.21233976,1.1110754,0.280838341,0.0131005477,0.7023623,0.6539464
7934f1476fe2c6e458c230f491769c34,7400034,Mankey,0.283333331,source,RightRingProximal,-0.007237701,1.23790741,1.14216435,-0.0530178063,0.3492952,-0.6671932,0.6557712
7934f1476fe2c6e458c230f491769c34,7400034,Mankey,0.283333331,source,RightRingIntermediate,-0.0114433048,1.20934033,1.13003111,-0.23559621,-0.248782977,-0.0508136339,-0.9380938
7934f1476fe2c6e458c230f491769c34,7400034,Mankey,0.283333331,source,RightRingDistal,0.005270959,1.21341681,1.1215322,0.360423654,-0.0347298272,0.749595,0.5540728
7934f1476fe2c6e458c230f491769c34,7400034,Mankey,0.283333331,source,RightLittleProximal,0.00466590654,1.2284888,1.15235686,0.0195451435,0.393106133,-0.724446833,0.56591773
7934f1476fe2c6e458c230f491769c34,7400034,Mankey,0.283333331,source,RightLittleIntermediate,-0.005181174,1.20640874,1.13937008,-0.29416582,-0.248291463,0.147208512,-0.911124647
7934f1476fe2c6e458c230f491769c34,7400034,Mankey,0.283333331,source,RightLittleDistal,0.0106577314,1.2040906,1.12912929,0.400530636,-0.07567933,0.5856792,0.7005916
7934f1476fe2c6e458c230f491769c34,7400034,Mankey,0.283333331,fighter,AnimatorRoot,0,0,0,0,0,0,1
7934f1476fe2c6e458c230f491769c34,7400034,Mankey,0.283333331,fighter,Hips,-0.0589056723,0.7136418,0.5293598,0.40021953,-0.504219055,-0.485418975,0.591570735
7934f1476fe2c6e458c230f491769c34,7400034,Mankey,0.283333331,fighter,LeftUpperLeg,-0.178361982,0.7155819,0.550116837,0.312330544,0.6577735,0.269743323,0.6300971
7934f1476fe2c6e458c230f491769c34,7400034,Mankey,0.283333331,fighter,RightUpperLeg,0.06055064,0.711701751,0.508602858,0.583322346,0.6003876,0.503901243,0.212962985
7934f1476fe2c6e458c230f491769c34,7400034,Mankey,0.283333331,fighter,LeftLowerLeg,-0.174389213,0.4408234,0.791795969,0.5403911,0.6290501,0.366780519,0.4215991
7934f1476fe2c6e458c230f491769c34,7400034,Mankey,0.283333331,fighter,RightLowerLeg,0.144264862,0.376837552,0.387052178,0.784835,0.338625342,0.518043041,-0.0315974653
7934f1476fe2c6e458c230f491769c34,7400034,Mankey,0.283333331,fighter,LeftFoot,-0.152939588,0.0899256244,0.839334369,-0.00298299268,0.8731779,-0.0354253948,0.486103654
7934f1476fe2c6e458c230f491769c34,7400034,Mankey,0.283333331,fighter,RightFoot,0.0612782352,0.199889913,0.09099175,0.393010974,0.83671236,0.280088365,0.258853853
7934f1476fe2c6e458c230f491769c34,7400034,Mankey,0.283333331,fighter,Spine,-0.06042637,0.7575388,0.516505361,0.3871066,-0.512421846,-0.522528,0.560835838
7934f1476fe2c6e458c230f491769c34,7400034,Mankey,0.283333331,fighter,Chest,-0.04090551,0.9945069,0.488594,0.679215133,-0.48494035,-0.431451946,0.342562675
7934f1476fe2c6e458c230f491769c34,7400034,Mankey,0.283333331,fighter,Neck,-0.07682401,1.27085328,0.539554656,0.654755,-0.415530264,-0.4757449,0.415087163
7934f1476fe2c6e458c230f491769c34,7400034,Mankey,0.283333331,fighter,Head,-0.1068777,1.4105705,0.5809197,0.6477405,-0.262766421,-0.553037167,0.4533609
7934f1476fe2c6e458c230f491769c34,7400034,Mankey,0.283333331,fighter,LeftShoulder,-0.138990462,1.21410453,0.615089536,0.777884841,-0.237964809,-0.0007106662,0.5816077
7934f1476fe2c6e458c230f491769c34,7400034,Mankey,0.283333331,fighter,RightShoulder,-0.08376897,1.21692407,0.638721347,0.438457966,-0.5847714,-0.681175649,-0.04238668
7934f1476fe2c6e458c230f491769c34,7400034,Mankey,0.283333331,fighter,LeftUpperArm,-0.3272004,1.29285812,0.5565728,0.646535933,0.427620828,0.190115154,0.602485
7934f1476fe2c6e458c230f491769c34,7400034,Mankey,0.283333331,fighter,RightUpperArm,0.0461090654,1.3135078,0.7760265,-0.330208063,0.6025845,0.7009982,0.190934688
7934f1476fe2c6e458c230f491769c34,7400034,Mankey,0.283333331,fighter,LeftLowerArm,-0.485596538,1.07244563,0.6325136,-0.0437827557,0.956994236,-0.179796681,0.223424
7934f1476fe2c6e458c230f491769c34,7400034,Mankey,0.283333331,fighter,RightLowerArm,0.2459432,1.3502233,0.971363246,-0.494655967,0.0711710751,0.328404,0.8014991
7934f1476fe2c6e458c230f491769c34,7400034,Mankey,0.283333331,fighter,LeftHand,-0.2556607,1.11455345,0.738175035,0.587692142,-0.6198191,-0.5139772,0.0791810155
7934f1476fe2c6e458c230f491769c34,7400034,Mankey,0.283333331,fighter,RightHand,0.0473453775,1.23324013,1.08397543,0.100962088,0.4685443,-0.0763059855,0.8743286
7934f1476fe2c6e458c230f491769c34,7400034,Mankey,0.283333331,fighter,LeftToes,-0.00174770388,0.125913516,1.07325375,0.135055453,0.8344853,0.0506360531,0.5318182
7934f1476fe2c6e458c230f491769c34,7400034,Mankey,0.283333331,fighter,RightToes,0.227718741,-0.0120893121,0.16995059,0.395902634,0.846160769,0.2927139,0.203940421
7934f1476fe2c6e458c230f491769c34,7400034,Mankey,0.283333331,fighter,LeftEye,-0.234492451,1.39574659,0.799519,0.45488143,-0.240576237,-0.5982024,-0.6142962
7934f1476fe2c6e458c230f491769c34,7400034,Mankey,0.283333331,fighter,RightEye,0.0162829962,1.47367489,0.793541551,0.336118966,-0.386033237,-0.7822206,-0.355152845
7934f1476fe2c6e458c230f491769c34,7400034,Mankey,0.283333331,fighter,Jaw,-0.0537011139,1.24856937,0.6997146,0.6431453,0.273821175,-0.711453259,-0.0722547844
7934f1476fe2c6e458c230f491769c34,7400034,Mankey,0.283333331,fighter,LeftThumbProximal,-0.265981466,1.18719661,0.73516196,0.401306272,-0.7826228,-0.2843382,0.381584227
7934f1476fe2c6e458c230f491769c34,7400034,Mankey,0.283333331,fighter,LeftThumbIntermediate,-0.248614609,1.22515273,0.71858716,0.364388376,-0.832605,-0.402777731,0.10844484
7934f1476fe2c6e458c230f491769c34,7400034,Mankey,0.283333331,fighter,LeftThumbDistal,-0.221056864,1.25205982,0.7229654,-0.0167082176,-0.603429258,-0.5462589,-0.580685139
7934f1476fe2c6e458c230f491769c34,7400034,Mankey,0.283333331,fighter,LeftMiddleProximal,-0.25501582,1.242979,0.7774205,-0.0469734371,-0.894414663,-0.06794445,0.439544618
7934f1476fe2c6e458c230f491769c34,7400034,Mankey,0.283333331,fighter,LeftMiddleIntermediate,-0.218068987,1.24150515,0.7293464,-0.729508042,-0.549926043,0.227300048,0.337245
7934f1476fe2c6e458c230f491769c34,7400034,Mankey,0.283333331,fighter,LeftMiddleDistal,-0.233635515,1.1905297,0.727250755,-0.916929,0.159508526,0.364915758,0.0252023712
7934f1476fe2c6e458c230f491769c34,7400034,Mankey,0.283333331,fighter,LeftRingProximal,-0.209709123,1.22791588,0.805080652,-0.1488986,-0.8327787,-0.09427349,0.524805665
7934f1476fe2c6e458c230f491769c34,7400034,Mankey,0.283333331,fighter,LeftRingIntermediate,-0.188116238,1.21996593,0.756958842,-0.7240056,-0.47314018,0.284538925,0.413511485
7934f1476fe2c6e458c230f491769c34,7400034,Mankey,0.283333331,fighter,LeftRingDistal,-0.209468961,1.1696173,0.758092046,-0.8542875,0.13948594,0.495082766,0.07503008
7934f1476fe2c6e458c230f491769c34,7400034,Mankey,0.283333331,fighter,LeftLittleProximal,-0.169671133,1.18682516,0.823242664,-0.116546005,-0.81665957,-0.109667473,0.5544885
7934f1476fe2c6e458c230f491769c34,7400034,Mankey,0.283333331,fighter,LeftLittleIntermediate,-0.15057978,1.18315876,0.773571253,-0.6793123,-0.5234405,0.238039941,0.455940962
7934f1476fe2c6e458c230f491769c34,7400034,Mankey,0.283333331,fighter,LeftLittleDistal,-0.16931805,1.1318047,0.765056,-0.8506897,0.006869808,0.5013277,0.157955945
7934f1476fe2c6e458c230f491769c34,7400034,Mankey,0.283333331,fighter,RightThumbProximal,-0.02377315,1.23621964,1.10202694,-0.1955647,-0.160899088,-0.174442872,-0.9515439
7934f1476fe2c6e458c230f491769c34,7400034,Mankey,0.283333331,fighter,RightThumbIntermediate,-0.06362528,1.21848381,1.11271477,0.1143058,0.417708933,0.1513562,0.8885634
7934f1476fe2c6e458c230f491769c34,7400034,Mankey,0.283333331,fighter,RightThumbDistal,-0.08708559,1.20435584,1.14014828,0.0492509753,-0.9312593,-0.137591377,-0.333765835
7934f1476fe2c6e458c230f491769c34,7400034,Mankey,0.283333331,fighter,RightMiddleProximal,-0.0621002354,1.25090492,1.15975988,-0.255503237,-0.161026,-0.628521562,-0.716763258
7934f1476fe2c6e458c230f491769c34,7400034,Mankey,0.283333331,fighter,RightMiddleIntermediate,-0.07168642,1.19126928,1.15428078,0.303460121,-0.03963414,0.952019334,0.0004544556
7934f1476fe2c6e458c230f491769c34,7400034,Mankey,0.283333331,fighter,RightMiddleDistal,-0.0281702355,1.19250607,1.12345886,-0.186922729,0.1967594,-0.64851284,0.71118
7934f1476fe2c6e458c230f491769c34,7400034,Mankey,0.283333331,fighter,RightRingProximal,-0.02942115,1.23278618,1.20036161,-0.368605584,-0.169063643,-0.6523856,-0.640266061
7934f1476fe2c6e458c230f491769c34,7400034,Mankey,0.283333331,fighter,RightRingIntermediate,-0.034308143,1.18157756,1.18625546,0.334263951,-0.136082292,0.929276943,-0.07869829
7934f1476fe2c6e458c230f491769c34,7400034,Mankey,0.283333331,fighter,RightRingDistal,0.00749170827,1.19455481,1.15344441,-0.09752929,0.318822175,-0.572022557,0.7494205
7934f1476fe2c6e458c230f491769c34,7400034,Mankey,0.283333331,fighter,RightLittleProximal,0.0237359386,1.21419549,1.22157621,-0.393321335,-0.0872028,-0.569086969,-0.7168221
7934f1476fe2c6e458c230f491769c34,7400034,Mankey,0.283333331,fighter,RightLittleIntermediate,0.005756495,1.1670177,1.20436609,0.3364571,-0.143113032,0.924159,0.110661522
7934f1476fe2c6e458c230f491769c34,7400034,Mankey,0.283333331,fighter,RightLittleDistal,0.0472010039,1.16102958,1.16820788,-0.0638614446,0.32484585,-0.71890384,0.611207664
7934f1476fe2c6e458c230f491769c34,7400034,Mankey,0.283333331,fighter,UpperChest,-0.0597013347,1.10849679,0.5189145,0.648367047,-0.5254716,-0.40975073,0.368244618
7934f1476fe2c6e458c230f491769c34,7400034,Mankey,0.3,source,AnimatorRoot,3.248468E-08,3.486989E-10,0.43369928,0,0,2.7099583E-16,1
7934f1476fe2c6e458c230f491769c34,7400034,Mankey,0.3,source,Hips,-0.05792476,0.72614944,0.5540463,-0.06402133,0.07440559,-0.00667446945,0.99514854
7934f1476fe2c6e458c230f491769c34,7400034,Mankey,0.3,source,LeftUpperLeg,-0.157066539,0.72843647,0.568808138,-0.6358527,-0.3024056,0.635713935,0.316401869
7934f1476fe2c6e458c230f491769c34,7400034,Mankey,0.3,source,RightUpperLeg,0.0412172377,0.7238625,0.539284348,0.499652684,-0.230220929,-0.5778944,0.6028131
7934f1476fe2c6e458c230f491769c34,7400034,Mankey,0.3,source,LeftLowerLeg,-0.160360634,0.435140967,0.7988207,-0.459335119,-0.4063978,0.58981,0.525334537
7934f1476fe2c6e458c230f491769c34,7400034,Mankey,0.3,source,RightLowerLeg,0.1254847,0.378407836,0.427486032,0.471856147,0.0486696772,-0.79372,0.3807781
7934f1476fe2c6e458c230f491769c34,7400034,Mankey,0.3,source,LeftFoot,-0.151289508,0.08960869,0.8387836,0.549535036,0.08896958,-0.81427604,-0.164469987
7934f1476fe2c6e458c230f491769c34,7400034,Mankey,0.3,source,RightFoot,0.03337413,0.184064388,0.15395689,0.421129972,-0.167244211,-0.456495762,0.765696347
7934f1476fe2c6e458c230f491769c34,7400034,Mankey,0.3,source,Spine,-0.05755653,0.8233429,0.541460931,0.005895133,0.08001821,-0.0618234575,0.994856954
7934f1476fe2c6e458c230f491769c34,7400034,Mankey,0.3,source,Chest,-0.03481971,1.00107777,0.545063436,0.141652852,-0.2763053,0.06284024,0.948494136
7934f1476fe2c6e458c230f491769c34,7400034,Mankey,0.3,source,Neck,-0.07546499,1.19385409,0.5934594,0.391321719,-0.248401284,0.150442839,0.873230457
7934f1476fe2c6e458c230f491769c34,7400034,Mankey,0.3,source,Head,-0.115181454,1.25019157,0.646340966,0.26181227,0.0535840169,0.12375176,0.955651045
7934f1476fe2c6e458c230f491769c34,7400034,Mankey,0.3,source,LeftShoulder,-0.09230651,1.15084994,0.5680859,0.15024218,-0.145035058,-0.00740522658,0.9779251
7934f1476fe2c6e458c230f491769c34,7400034,Mankey,0.3,source,RightShoulder,-0.0425333232,1.15328062,0.600222766,0.744032264,0.246947035,0.6180747,-0.0584554076
7934f1476fe2c6e458c230f491769c34,7400034,Mankey,0.3,source,LeftUpperArm,-0.228319034,1.15909529,0.5281207,0.018292876,-0.0140667967,0.452001333,0.891719
7934f1476fe2c6e458c230f491769c34,7400034,Mankey,0.3,source,RightUpperArm,-0.0263413619,1.19519615,0.7349291,0.7610673,0.302381039,0.5501328,-0.163390413
7934f1476fe2c6e458c230f491769c34,7400034,Mankey,0.3,source,LeftLowerArm,-0.3622211,0.976569653,0.51869,-0.528711438,0.677795231,0.442642838,0.2551971
7934f1476fe2c6e458c230f491769c34,7400034,Mankey,0.3,source,RightLowerArm,0.0216516964,1.25875008,0.9470403,0.6887428,0.220006317,0.6739099,-0.151908338
7934f1476fe2c6e458c230f491769c34,7400034,Mankey,0.3,source,LeftHand,-0.288784027,1.09258175,0.711101055,-0.687825739,0.593849957,0.411745459,-0.0685875341
7934f1476fe2c6e458c230f491769c34,7400034,Mankey,0.3,source,RightHand,0.0204447359,1.28198612,1.18226993,0.550911,-0.00185268617,0.783690035,-0.286921382
7934f1476fe2c6e458c230f491769c34,7400034,Mankey,0.3,source,LeftToes,-0.100091435,0.0348605663,0.968407035,0.5574396,-0.0116678411,-0.8293686,-0.0356798433
7934f1476fe2c6e458c230f491769c34,7400034,Mankey,0.3,source,RightToes,0.11232765,0.05829541,0.13473475,0.522512,-0.23347418,-0.157893136,0.8046993
7934f1476fe2c6e458c230f491769c34,7400034,Mankey,0.3,source,LeftThumbProximal,-0.300253272,1.10847962,0.7039249,-0.5460348,0.6361443,-0.4334289,0.33061552
7934f1476fe2c6e458c230f491769c34,7400034,Mankey,0.3,source,LeftThumbIntermediate,-0.291996777,1.15225649,0.7015741,-0.339039862,0.79676646,-0.29077667,0.407019347
7934f1476fe2c6e458c230f491769c34,7400034,Mankey,0.3,source,LeftThumbDistal,-0.2788377,1.17555821,0.715112567,0.395717174,0.7870756,0.154793039,0.4471685
7934f1476fe2c6e458c230f491769c34,7400034,Mankey,0.3,source,LeftIndexProximal,-0.309342325,1.16551185,0.7381319,-0.121012621,0.9261386,0.170667678,-0.313840866
7934f1476fe2c6e458c230f491769c34,7400034,Mankey,0.3,source,LeftIndexIntermediate,-0.285485268,1.17572641,0.7214807,0.619472146,0.7018648,-0.129460946,-0.3269264
7934f1476fe2c6e458c230f491769c34,7400034,Mankey,0.3,source,LeftIndexDistal,-0.2850681,1.15449011,0.7148371,0.93312335,-0.0205390714,-0.342106164,-0.1087338
7934f1476fe2c6e458c230f491769c34,7400034,Mankey,0.3,source,LeftMiddleProximal,-0.29573676,1.15840578,0.753110766,-0.1180076,0.9105998,0.1915833,-0.3466675
7934f1476fe2c6e458c230f491769c34,7400034,Mankey,0.3,source,LeftMiddleIntermediate,-0.271702,1.1698271,0.7338598,0.6016294,0.697916269,-0.144448981,-0.360680252
7934f1476fe2c6e458c230f491769c34,7400034,Mankey,0.3,source,LeftMiddleDistal,-0.271354049,1.14917314,0.7266474,0.914534,-0.0143893259,-0.38675338,-0.117656983
7934f1476fe2c6e458c230f491769c34,7400034,Mankey,0.3,source,LeftRingProximal,-0.2842013,1.15167284,0.7647145,-0.0306614544,0.875388741,0.181745455,-0.446904123
7934f1476fe2c6e458c230f491769c34,7400034,Mankey,0.3,source,LeftRingIntermediate,-0.265450984,1.15844154,0.740558147,0.602081537,0.6362945,-0.214360684,-0.432061464
7934f1476fe2c6e458c230f491769c34,7400034,Mankey,0.3,source,LeftRingDistal,-0.267338634,1.14018166,0.7349597,0.8647236,0.008972981,-0.478835672,-0.15129289
7934f1476fe2c6e458c230f491769c34,7400034,Mankey,0.3,source,LeftLittleProximal,-0.2699181,1.14259052,0.771627545,-0.0553722531,0.8528362,0.202694938,-0.478037268
7934f1476fe2c6e458c230f491769c34,7400034,Mankey,0.3,source,LeftLittleIntermediate,-0.2551846,1.15050137,0.7498653,0.5243647,0.6742475,-0.19638899,-0.48152262
7934f1476fe2c6e458c230f491769c34,7400034,Mankey,0.3,source,LeftLittleDistal,-0.2554438,1.13347507,0.7414423,0.823509634,0.162934184,-0.4863899,-0.242301181
7934f1476fe2c6e458c230f491769c34,7400034,Mankey,0.3,source,RightThumbProximal,0.002291786,1.27176225,1.18358,-0.15468429,0.531389534,0.6094377,-0.5677006
7934f1476fe2c6e458c230f491769c34,7400034,Mankey,0.3,source,RightThumbIntermediate,-0.0114290239,1.23356,1.20208466,-0.0165753849,-0.5131435,-0.454275429,0.7280408
7934f1476fe2c6e458c230f491769c34,7400034,Mankey,0.3,source,RightThumbDistal,-0.009610584,1.21423316,1.22494447,0.40652585,0.2994007,-0.203685686,-0.8388137
7934f1476fe2c6e458c230f491769c34,7400034,Mankey,0.3,source,RightIndexProximal,-0.0228047613,1.24888313,1.24147785,-0.394774169,0.284343183,-0.4307486,0.760104
7934f1476fe2c6e458c230f491769c34,7400034,Mankey,0.3,source,RightIndexIntermediate,-0.00840034,1.22176909,1.2386378,0.07077037,-0.473307282,-0.244222358,-0.8434024
7934f1476fe2c6e458c230f491769c34,7400034,Mankey,0.3,source,RightIndexDistal,0.00122882542,1.22945023,1.220099,0.305465728,0.368318021,0.7828364,0.397743821
7934f1476fe2c6e458c230f491769c34,7400034,Mankey,0.3,source,RightMiddleProximal,-0.004888765,1.25517893,1.251446,-0.360842645,0.357398957,-0.400244236,0.7627998
7934f1476fe2c6e458c230f491769c34,7400034,Mankey,0.3,source,RightMiddleIntermediate,0.009039079,1.22665215,1.243028,-0.0290444884,-0.4928429,-0.295977354,-0.817716241
7934f1476fe2c6e458c230f491769c34,7400034,Mankey,0.3,source,RightMiddleDistal,0.016456617,1.23787487,1.22576821,0.408696324,0.290260881,0.80775,0.3102519
7934f1476fe2c6e458c230f491769c34,7400034,Mankey,0.3,source,RightRingProximal,0.0103838267,1.26053464,1.258596,-0.3548417,0.442480117,-0.331114382,0.754096866
7934f1476fe2c6e458c230f491769c34,7400034,Mankey,0.3,source,RightRingIntermediate,0.0225724,1.2350589,1.24505317,-0.11340978,-0.543569446,-0.346497655,-0.756049
7934f1476fe2c6e458c230f491769c34,7400034,Mankey,0.3,source,RightRingDistal,0.0258149933,1.24747646,1.23078763,0.510847747,0.254563659,0.792185962,0.216040611
7934f1476fe2c6e458c230f491769c34,7400034,Mankey,0.3,source,RightLittleProximal,0.0281753838,1.26420963,1.26065564,-0.32017985,0.486610383,-0.435151368,0.68654114
7934f1476fe2c6e458c230f491769c34,7400034,Mankey,0.3,source,RightLittleIntermediate,0.0322273634,1.23925936,1.24996877,-0.117306367,-0.5565311,-0.145673275,-0.809501231
7934f1476fe2c6e458c230f491769c34,7400034,Mankey,0.3,source,RightLittleDistal,0.038652692,1.24622726,1.233498,0.520078063,0.2675496,0.6937977,0.420215636
7934f1476fe2c6e458c230f491769c34,7400034,Mankey,0.3,fighter,AnimatorRoot,0,0,0,0,0,0,1
7934f1476fe2c6e458c230f491769c34,7400034,Mankey,0.3,fighter,Hips,-0.0579247549,0.7261494,0.5540462,0.3735102,-0.4968521,-0.49643293,0.6059558
7934f1476fe2c6e458c230f491769c34,7400034,Mankey,0.3,fighter,LeftUpperLeg,-0.175910845,0.7310782,0.5816037,0.335576773,0.643235564,0.286908567,0.6255555
7934f1476fe2c6e458c230f491769c34,7400034,Mankey,0.3,fighter,RightUpperLeg,0.06006134,0.7212205,0.5264887,0.5842208,0.6488596,0.448843747,0.19028002
7934f1476fe2c6e458c230f491769c34,7400034,Mankey,0.3,fighter,LeftLowerLeg,-0.178787708,0.4417369,0.8056352,0.539206445,0.6220157,0.389683455,0.412915945
7934f1476fe2c6e458c230f491769c34,7400034,Mankey,0.3,fighter,RightLowerLeg,0.149702281,0.381268352,0.424931765,0.8126855,0.374234021,0.442709625,-0.0591552556
7934f1476fe2c6e458c230f491769c34,7400034,Mankey,0.3,fighter,LeftFoot,-0.151289508,0.08960869,0.8387836,-0.00247209519,0.8706038,-0.0345447361,0.490764
7934f1476fe2c6e458c230f491769c34,7400034,Mankey,0.3,fighter,RightFoot,0.03337412,0.184064418,0.15395686,0.313823223,0.886715353,0.2542091,0.225007936
7934f1476fe2c6e458c230f491769c34,7400034,Mankey,0.3,fighter,Spine,-0.0593401939,0.7697437,0.540188968,0.366940558,-0.5015091,-0.549146056,0.558822
7934f1476fe2c6e458c230f491769c34,7400034,Mankey,0.3,fighter,Chest,-0.0307294112,1.00611424,0.5152022,0.6988051,-0.503437638,-0.406110018,0.305445582
7934f1476fe2c6e458c230f491769c34,7400034,Mankey,0.3,fighter,Neck,-0.06614577,1.28198075,0.56903404,0.666118741,-0.425609618,-0.4744181,0.387388736
7934f1476fe2c6e458c230f491769c34,7400034,Mankey,0.3,fighter,Head,-0.09405186,1.42102683,0.6140076,0.6439955,-0.2578016,-0.5739519,0.435187161
7934f1476fe2c6e458c230f491769c34,7400034,Mankey,0.3,fighter,LeftShoulder,-0.1366617,1.22494376,0.636597931,0.772291362,-0.3244935,0.04481186,0.5442999
7934f1476fe2c6e458c230f491769c34,7400034,Mankey,0.3,fighter,RightShoulder,-0.08403868,1.22602558,0.665675,0.5988766,-0.527414441,-0.6019995,-0.0278847665
7934f1476fe2c6e458c230f491769c34,7400034,Mankey,0.3,fighter,LeftUpperArm,-0.303359777,1.32096994,0.546931565,0.6707709,0.315249383,0.3179667,0.5912544
7934f1476fe2c6e458c230f491769c34,7400034,Mankey,0.3,fighter,RightUpperArm,-0.024367597,1.35297966,0.8249591,-0.6140466,0.383308738,0.688532948,-0.044089146
7934f1476fe2c6e458c230f491769c34,7400034,Mankey,0.3,fighter,LeftLowerArm,-0.4721947,1.0957967,0.531774163,0.03203065,0.923925042,-0.0620134175,0.3761533
7934f1476fe2c6e458c230f491769c34,7400034,Mankey,0.3,fighter,RightLowerArm,0.04384162,1.502769,1.053758,-0.4721663,-0.111626565,0.6647825,0.5680343
7934f1476fe2c6e458c230f491769c34,7400034,Mankey,0.3,fighter,LeftHand,-0.2887841,1.09258187,0.711101055,0.6504054,-0.5544073,-0.5102038,-0.09642678
7934f1476fe2c6e458c230f491769c34,7400034,Mankey,0.3,fighter,RightHand,0.0204445571,1.28198612,1.18226969,-0.121613443,0.669505358,0.239093691,0.6926813
7934f1476fe2c6e458c230f491769c34,7400034,Mankey,0.3,fighter,LeftToes,-0.00261411862,0.125201747,1.07437038,0.135194048,0.831602,0.0522426665,0.5361265
7934f1476fe2c6e458c230f491769c34,7400034,Mankey,0.3,fighter,RightToes,0.238839775,0.0122896666,0.238511443,0.3346172,0.888843656,0.266412854,0.164355963
7934f1476fe2c6e458c230f491769c34,7400034,Mankey,0.3,fighter,LeftEye,-0.2164825,1.40247118,0.835270762,0.431451917,-0.245436385,-0.597696,-0.6295793
7934f1476fe2c6e458c230f491769c34,7400034,Mankey,0.3,fighter,RightEye,0.03663689,1.47196853,0.8253939,0.312557548,-0.382016361,-0.787232339,-0.369644344
7934f1476fe2c6e458c230f491769c34,7400034,Mankey,0.3,fighter,Jaw,-0.04357182,1.25301409,0.7253979,0.636984348,0.274668217,-0.7133225,-0.09989904
7934f1476fe2c6e458c230f491769c34,7400034,Mankey,0.3,fighter,LeftThumbProximal,-0.2988779,1.16384339,0.7256796,0.491723984,-0.7769068,-0.3434123,0.191550508
7934f1476fe2c6e458c230f491769c34,7400034,Mankey,0.3,fighter,LeftThumbIntermediate,-0.278980821,1.2040658,0.7274803,0.4288084,-0.7666687,-0.4716521,-0.07672946
7934f1476fe2c6e458c230f491769c34,7400034,Mankey,0.3,fighter,LeftThumbDistal,-0.2549292,1.22674763,0.7477204,-0.0301412642,-0.416637778,-0.62876,-0.655870438
7934f1476fe2c6e458c230f491769c34,7400034,Mankey,0.3,fighter,LeftMiddleProximal,-0.3006938,1.20533586,0.7830623,0.03251013,-0.9278717,-0.212283134,0.30485028
7934f1476fe2c6e458c230f491769c34,7400034,Mankey,0.3,fighter,LeftMiddleIntermediate,-0.2514454,1.21684456,0.7495884,-0.694100738,-0.6198114,0.0253868848,0.365259051
7934f1476fe2c6e458c230f491769c34,7400034,Mankey,0.3,fighter,LeftMiddleDistal,-0.2637339,1.16996026,0.7273165,-0.944203138,0.09753439,0.246356353,0.195643991
7934f1476fe2c6e458c230f491769c34,7400034,Mankey,0.3,fighter,LeftRingProximal,-0.2645124,1.18052757,0.816530645,-0.049767226,-0.8751584,-0.246050343,0.413618982
7934f1476fe2c6e458c230f491769c34,7400034,Mankey,0.3,fighter,LeftRingIntermediate,-0.2296875,1.18673837,0.7766081,-0.6844836,-0.565187931,0.09437086,0.450710058
7934f1476fe2c6e458c230f491769c34,7400034,Mankey,0.3,fighter,LeftRingDistal,-0.248467177,1.13976169,0.755806148,-0.894186854,0.04952185,0.379758537,0.231865078
7934f1476fe2c6e458c230f491769c34,7400034,Mankey,0.3,fighter,LeftLittleProximal,-0.2304339,1.13360989,0.832616,-0.0118743479,-0.8609903,-0.255544066,0.439605355
7934f1476fe2c6e458c230f491769c34,7400034,Mankey,0.3,fighter,LeftLittleIntermediate,-0.197725177,1.14450359,0.7919143,-0.627348,-0.6132623,0.0474867374,0.477587134
7934f1476fe2c6e458c230f491769c34,7400034,Mankey,0.3,fighter,LeftLittleDistal,-0.21118632,1.099424,0.7628027,-0.8787865,-0.0931914151,0.365107775,0.292825162
7934f1476fe2c6e458c230f491769c34,7400034,Mankey,0.3,fighter,RightThumbProximal,-0.0151814241,1.23952973,1.23044491,-0.12222898,-0.414443851,-0.416300118,-0.7999941
7934f1476fe2c6e458c230f491769c34,7400034,Mankey,0.3,fighter,RightThumbIntermediate,-0.0290976856,1.20506573,1.25565481,-0.0367999673,0.611857653,0.3794417,0.693037033
7934f1476fe2c6e458c230f491769c34,7400034,Mankey,0.3,fighter,RightThumbDistal,-0.02767535,1.18642461,1.2896117,0.328403741,-0.920247555,-0.200456411,-0.07150538
7934f1476fe2c6e458c230f491769c34,7400034,Mankey,0.3,fighter,RightMiddleProximal,-0.02295113,1.23606563,1.3007679,-0.301556051,-0.442400217,-0.72873944,-0.4269486
7934f1476fe2c6e458c230f491769c34,7400034,Mankey,0.3,fighter,RightMiddleIntermediate,0.00455692038,1.18214333,1.29702294,0.489214659,0.100507706,0.82039845,-0.278413147
7934f1476fe2c6e458c230f491769c34,7400034,Mankey,0.3,fighter,RightMiddleDistal,0.024096068,1.2012645,1.25122166,-0.399407268,0.241289571,-0.3459649,0.8139791
7934f1476fe2c6e458c230f491769c34,7400034,Mankey,0.3,fighter,RightRingProximal,0.0259154532,1.25427318,1.31880236,-0.4103443,-0.474390239,-0.6985706,-0.344341576
7934f1476fe2c6e458c230f491769c34,7400034,Mankey,0.3,fighter,RightRingIntermediate,0.04864354,1.20784461,1.30564845,0.548633158,0.00175711513,0.7718935,-0.32121563
7934f1476fe2c6e458c230f491769c34,7400034,Mankey,0.3,fighter,RightRingDistal,0.0591268837,1.23486507,1.25925624,-0.340872884,0.396171629,-0.2882325,0.80235666
7934f1476fe2c6e458c230f491769c34,7400034,Mankey,0.3,fighter,RightLittleProximal,0.07871345,1.28194666,1.310562,-0.449083835,-0.4212826,-0.644137,-0.453797817
7934f1476fe2c6e458c230f491769c34,7400034,Mankey,0.3,fighter,RightLittleIntermediate,0.08856985,1.23058021,1.30009723,0.5400375,0.0433906764,0.8271806,-0.149163246
7934f1476fe2c6e458c230f491769c34,7400034,Mankey,0.3,fighter,RightLittleDistal,0.10916321,1.24164009,1.2499522,-0.339816153,0.3693885,-0.4702155,0.7259304
7934f1476fe2c6e458c230f491769c34,7400034,Mankey,0.3,fighter,UpperChest,-0.0502282828,1.11978662,0.546261549,0.666792154,-0.545129538,-0.386720359,0.3296508
7934f1476fe2c6e458c230f491769c34,7400034,Mankey,0.316666663,source,AnimatorRoot,3.39722952E-08,3.64667324E-10,0.453560263,0,0,2.86051153E-16,1
7934f1476fe2c6e458c230f491769c34,7400034,Mankey,0.316666663,source,Hips,-0.05128623,0.7375212,0.576434135,-0.04396056,0.05465916,-0.0109316194,0.997477
7934f1476fe2c6e458c230f491769c34,7400034,Mankey,0.316666663,source,LeftUpperLeg,-0.150924012,0.7401895,0.587270439,-0.6425295,-0.328585267,0.6129383,0.3217054
7934f1476fe2c6e458c230f491769c34,7400034,Mankey,0.316666663,source,RightUpperLeg,0.0483517721,0.734853,0.5655978,0.489803,-0.2339057,-0.59049505,0.597241044
7934f1476fe2c6e458c230f491769c34,7400034,Mankey,0.316666663,source,LeftLowerLeg,-0.163104177,0.435797453,0.8020635,-0.467283636,-0.422194123,0.582996964,0.51333493
7934f1476fe2c6e458c230f491769c34,7400034,Mankey,0.316666663,source,RightLowerLeg,0.12036892,0.386533558,0.45412612,0.422281563,0.0540437959,-0.802456141,0.418117136
7934f1476fe2c6e458c230f491769c34,7400034,Mankey,0.316666663,source,LeftFoot,-0.150485054,0.09023958,0.8408241,0.5573825,0.09047765,-0.8088835,-0.163847327
7934f1476fe2c6e458c230f491769c34,7400034,Mankey,0.316666663,source,RightFoot,0.0181701872,0.168923929,0.202584118,0.4269956,-0.112359181,-0.429832071,0.78758806
7934f1476fe2c6e458c230f491769c34,7400034,Mankey,0.316666663,source,Spine,-0.049619887,0.835124552,0.567721963,0.0150577072,0.0597868338,-0.05168497,0.996758461
7934f1476fe2c6e458c230f491769c34,7400034,Mankey,0.316666663,source,Chest,-0.0304444768,1.01315463,0.5752845,0.147571579,-0.323877275,0.08259495,0.930862069
7934f1476fe2c6e458c230f491769c34,7400034,Mankey,0.316666663,source,Neck,-0.0816962048,1.2040422,0.621024132,0.37757,-0.292605966,0.182555154,0.859358132
7934f1476fe2c6e458c230f491769c34,7400034,Mankey,0.316666663,source,Head,-0.128151491,1.260359,0.6681209,0.271647066,0.0354129821,0.107585333,0.9557088
7934f1476fe2c6e458c230f491769c34,7400034,Mankey,0.316666663,source,LeftShoulder,-0.09449441,1.1608988,0.5936078,0.1644156,-0.205918819,4.347955E-05,0.964657962
7934f1476fe2c6e458c230f491769c34,7400034,Mankey,0.316666663,source,RightShoulder,-0.04844825,1.1643523,0.630808234,0.7510788,0.25616464,0.604960263,-0.0654476061
7934f1476fe2c6e458c230f491769c34,7400034,Mankey,0.316666663,source,LeftUpperArm,-0.2244541,1.17050231,0.537190855,0.0197059065,-0.0468570367,0.462510824,0.8851554
7934f1476fe2c6e458c230f491769c34,7400034,Mankey,0.316666663,source,RightUpperArm,-0.0290179159,1.20774484,0.7646158,0.772797167,0.286309123,0.555058,-0.112792522
7934f1476fe2c6e458c230f491769c34,7400034,Mankey,0.316666663,source,LeftLowerArm,-0.3530957,0.985407531,0.514266551,-0.5332872,0.65425247,0.466064036,0.265222877
7934f1476fe2c6e458c230f491769c34,7400034,Mankey,0.316666663,source,RightLowerArm,0.0207961481,1.2796396,0.973621249,0.66896,0.202052623,0.7089868,-0.09489495
7934f1476fe2c6e458c230f491769c34,7400034,Mankey,0.316666663,source,LeftHand,-0.2844227,1.09191573,0.7138006,-0.7229726,0.531617165,0.44104898,-0.0130362893
7934f1476fe2c6e458c230f491769c34,7400034,Mankey,0.316666663,source,RightHand,0.000238866443,1.3117305,1.2069062,0.6086999,0.05407835,0.7641461,-0.2064975
7934f1476fe2c6e458c230f491769c34,7400034,Mankey,0.316666663,source,LeftToes,-0.101827271,0.0354469568,0.9714037,0.565417,-0.0114032337,-0.8239389,-0.03603177
7934f1476fe2c6e458c230f491769c34,7400034,Mankey,0.316666663,source,RightToes,0.108796783,0.05317568,0.174120963,0.5332083,-0.1741495,-0.0935523659,0.8225626
7934f1476fe2c6e458c230f491769c34,7400034,Mankey,0.316666663,source,LeftThumbProximal,-0.296851844,1.10790956,0.708751142,-0.5306026,0.640720069,-0.378008723,0.406261683
7934f1476fe2c6e458c230f491769c34,7400034,Mankey,0.316666663,source,LeftThumbIntermediate,-0.292086333,1.15194356,0.7140801,-0.32767126,0.794953048,-0.214834347,0.463171482
7934f1476fe2c6e458c230f491769c34,7400034,Mankey,0.316666663,source,LeftThumbDistal,-0.2814035,1.17353606,0.731942654,0.39722982,0.7756154,0.246391639,0.424170762
7934f1476fe2c6e458c230f491769c34,7400034,Mankey,0.316666663,source,LeftIndexProximal,-0.3118756,1.15754724,0.751363158,-0.186576858,0.9102059,0.2324,-0.287584126
7934f1476fe2c6e458c230f491769c34,7400034,Mankey,0.316666663,source,LeftIndexIntermediate,-0.288288385,1.17214179,0.737894654,0.565075934,0.74108,-0.0685792342,-0.356072128
7934f1476fe2c6e458c230f491769c34,7400034,Mankey,0.316666663,source,LeftIndexDistal,-0.285889179,1.15241528,0.7278742,0.9284822,0.0468744934,-0.324997932,-0.173495
7934f1476fe2c6e458c230f491769c34,7400034,Mankey,0.316666663,source,LeftMiddleProximal,-0.29833895,1.14903915,0.765658259,-0.18621023,0.8938609,0.250717,-0.3216829
7934f1476fe2c6e458c230f491769c34,7400034,Mankey,0.316666663,source,LeftMiddleIntermediate,-0.274570227,1.16527045,0.7498369,0.544989,0.7384884,-0.08555011,-0.387690276
7934f1476fe2c6e458c230f491769c34,7400034,Mankey,0.316666663,source,LeftMiddleDistal,-0.272264928,1.14620721,0.739348769,0.9100205,0.0562152565,-0.369703144,-0.1789492
7934f1476fe2c6e458c230f491769c34,7400034,Mankey,0.316666663,source,LeftRingProximal,-0.286761373,1.14131391,0.7765819,-0.106051333,0.8653297,0.236101881,-0.429201543
7934f1476fe2c6e458c230f491769c34,7400034,Mankey,0.316666663,source,LeftRingIntermediate,-0.267685264,1.15340972,0.7548861,0.5434695,0.684655249,-0.163058609,-0.457493573
7934f1476fe2c6e458c230f491769c34,7400034,Mankey,0.316666663,source,LeftRingDistal,-0.267863929,1.1362642,0.7462649,0.858837068,0.08601677,-0.461866826,-0.204156011
7934f1476fe2c6e458c230f491769c34,7400034,Mankey,0.316666663,source,LeftLittleProximal,-0.272072077,1.13227069,0.782642365,-0.132862136,0.84088546,0.253293157,-0.459458828
7934f1476fe2c6e458c230f491769c34,7400034,Mankey,0.316666663,source,LeftLittleIntermediate,-0.257183164,1.14479136,0.7632824,0.460080951,0.7190576,-0.14570266,-0.5000529
7934f1476fe2c6e458c230f491769c34,7400034,Mankey,0.316666663,source,LeftLittleDistal,-0.255729049,1.1294533,0.7521677,0.8043981,0.240410566,-0.460988641,-0.2874651
7934f1476fe2c6e458c230f491769c34,7400034,Mankey,0.316666663,source,RightThumbProximal,-0.0181705114,1.303123,1.211679,-0.0556705333,0.5729512,0.571007252,-0.5853022
7934f1476fe2c6e458c230f491769c34,7400034,Mankey,0.316666663,source,RightThumbIntermediate,-0.0319388546,1.27045858,1.23876321,-0.124519341,-0.5276067,-0.416159928,0.73002553
7934f1476fe2c6e458c230f491769c34,7400034,Mankey,0.316666663,source,RightThumbDistal,-0.029033348,1.256177,1.26497376,0.4913835,0.231627613,-0.227768168,-0.8080922
7934f1476fe2c6e458c230f491769c34,7400034,Mankey,0.316666663,source,RightIndexProximal,-0.03922277,1.29422772,1.27479112,-0.481478333,0.278342,-0.461936265,0.6908831
7934f1476fe2c6e458c230f491769c34,7400034,Mankey,0.316666663,source,RightIndexIntermediate,-0.026326824,1.26628184,1.27664971,0.136239886,-0.531465352,-0.1735406,-0.8178432
7934f1476fe2c6e458c230f491769c34,7400034,Mankey,0.316666663,source,RightIndexDistal,-0.01798433,1.26937985,1.25624859,0.302990884,0.455692917,0.716260254,0.433027029
7934f1476fe2c6e458c230f491769c34,7400034,Mankey,0.316666663,source,RightMiddleProximal,-0.0202605743,1.30133462,1.281856,-0.4448938,0.353313833,-0.440716535,0.694987833
7934f1476fe2c6e458c230f491769c34,7400034,Mankey,0.316666663,source,RightMiddleIntermediate,-0.008377512,1.27089,1.27860928,0.03180469,-0.5526121,-0.219578356,-0.803364
7934f1476fe2c6e458c230f491769c34,7400034,Mankey,0.316666663,source,RightMiddleDistal,-0.00197045831,1.27784538,1.25887477,0.413625032,0.37451458,0.747352242,0.360719025
7934f1476fe2c6e458c230f491769c34,7400034,Mankey,0.316666663,source,RightRingProximal,-0.004211761,1.30710483,1.286567,-0.4329912,0.444556653,-0.380963951,0.68538636
7934f1476fe2c6e458c230f491769c34,7400034,Mankey,0.316666663,source,RightRingIntermediate,0.0056378413,1.27869129,1.2778126,-0.0618272349,-0.603577733,-0.2626983,-0.7502408
7934f1476fe2c6e458c230f491769c34,7400034,Mankey,0.316666663,source,RightRingDistal,0.008197552,1.28768492,1.261056,0.52338773,0.330935657,0.7340232,0.2788496
7934f1476fe2c6e458c230f491769c34,7400034,Mankey,0.316666663,source,RightLittleProximal,0.01383582,1.310032,1.28648221,-0.39449653,0.473870784,-0.4885296,0.6173799
7934f1476fe2c6e458c230f491769c34,7400034,Mankey,0.316666663,source,RightLittleIntermediate,0.015853364,1.28321636,1.28100514,-0.052381333,-0.597473,-0.0602814,-0.797902763
7934f1476fe2c6e458c230f491769c34,7400034,Mankey,0.316666663,source,RightLittleDistal,0.02115173,1.28623879,1.26300764,0.5075758,0.341489851,0.629149437,0.4795027
7934f1476fe2c6e458c230f491769c34,7400034,Mankey,0.316666663,fighter,AnimatorRoot,0,0,0,0,0,0,1
7934f1476fe2c6e458c230f491769c34,7400034,Mankey,0.316666663,fighter,Hips,-0.051286228,0.7375211,0.5764341,0.397211522,-0.5038294,-0.505074739,0.577302754
7934f1476fe2c6e458c230f491769c34,7400034,Mankey,0.316666663,fighter,LeftUpperLeg,-0.170482621,0.7436231,0.5978681,0.3435907,0.620789051,0.3161581,0.6297702
7934f1476fe2c6e458c230f491769c34,7400034,Mankey,0.316666663,fighter,RightUpperLeg,0.0679101646,0.7314192,0.5550001,0.5971694,0.6339654,0.449401081,0.198784411
7934f1476fe2c6e458c230f491769c34,7400034,Mankey,0.316666663,fighter,LeftLowerLeg,-0.181215286,0.441786855,0.8044993,0.526093662,0.618335068,0.401215762,0.424162
7934f1476fe2c6e458c230f491769c34,7400034,Mankey,0.316666663,fighter,RightLowerLeg,0.143933386,0.3889528,0.450817674,0.8206945,0.407288074,0.396057248,-0.0609577
7934f1476fe2c6e458c230f491769c34,7400034,Mankey,0.316666663,fighter,LeftFoot,-0.150485083,0.09023959,0.8408241,-0.00188447163,0.8658274,-0.03462413,0.499140024
7934f1476fe2c6e458c230f491769c34,7400034,Mankey,0.316666663,fighter,RightFoot,0.0181701351,0.168923929,0.202583939,0.2764776,0.9050589,0.270031184,0.1775164
7934f1476fe2c6e458c230f491769c34,7400034,Mankey,0.316666663,fighter,Spine,-0.0511085,0.78178823,0.5648202,0.392227829,-0.5054742,-0.544920862,0.541954339
7934f1476fe2c6e458c230f491769c34,7400034,Mankey,0.316666663,fighter,Chest,-0.0234784745,1.01905823,0.548896,0.7295196,-0.5084858,-0.368559062,0.2709389
7934f1476fe2c6e458c230f491769c34,7400034,Mankey,0.316666663,fighter,Neck,-0.07040502,1.29277027,0.604878247,0.6872783,-0.435973763,-0.4576439,0.357962817
7934f1476fe2c6e458c230f491769c34,7400034,Mankey,0.316666663,fighter,Head,-0.100306183,1.43067491,0.6520312,0.649952531,-0.270077527,-0.5778805,0.413127124
7934f1476fe2c6e458c230f491769c34,7400034,Mankey,0.316666663,fighter,LeftShoulder,-0.1470457,1.2327764,0.6624764,0.776152968,-0.366178453,0.08882046,0.5055797
7934f1476fe2c6e458c230f491769c34,7400034,Mankey,0.316666663,fighter,RightShoulder,-0.0981418043,1.23400891,0.697443843,0.5929999,-0.5418906,-0.595125,-0.0230664611
7934f1476fe2c6e458c230f491769c34,7400034,Mankey,0.316666663,fighter,LeftUpperArm,-0.2990257,1.33436036,0.5546242,0.662351251,0.307507217,0.3488142,0.5874172
7934f1476fe2c6e458c230f491769c34,7400034,Mankey,0.316666663,fighter,RightUpperArm,-0.03539317,1.36458981,0.8525588,-0.6038588,0.450009137,0.6575753,-0.0210046172
7934f1476fe2c6e458c230f491769c34,7400034,Mankey,0.316666663,fighter,LeftLowerArm,-0.4589842,1.1040473,0.526213,0.03263045,0.916508734,-0.0157127082,0.398372322
7934f1476fe2c6e458c230f491769c34,7400034,Mankey,0.316666663,fighter,RightLowerArm,0.04065729,1.52555573,1.071064,-0.484637558,-0.08070443,0.6439776,0.586435556
7934f1476fe2c6e458c230f491769c34,7400034,Mankey,0.316666663,fighter,LeftHand,-0.284422934,1.09191573,0.713800669,0.6726569,-0.481767774,-0.54302603,-0.143372864
7934f1476fe2c6e458c230f491769c34,7400034,Mankey,0.316666663,fighter,RightHand,0.00023888651,1.311731,1.20690608,-0.165973067,0.721114933,0.153943181,0.654788733
7934f1476fe2c6e458c230f491769c34,7400034,Mankey,0.316666663,fighter,LeftToes,-0.00636947248,0.125724092,1.07924378,0.134923354,0.8263494,0.05347064,0.544135451
7934f1476fe2c6e458c230f491769c34,7400034,Mankey,0.316666663,fighter,RightToes,0.246021256,0.0184288267,0.268214,0.2583384,0.9191524,0.2685859,0.127601713
7934f1476fe2c6e458c230f491769c34,7400034,Mankey,0.316666663,fighter,LeftEye,-0.2287327,1.41259468,0.869908869,0.426558644,-0.240361989,-0.5819323,-0.6493298
7934f1476fe2c6e458c230f491769c34,7400034,Mankey,0.316666663,fighter,RightEye,0.0272008423,1.47166264,0.86748594,0.309929729,-0.375486821,-0.7796823,-0.393763065
7934f1476fe2c6e458c230f491769c34,7400034,Mankey,0.316666663,fighter,Jaw,-0.05951202,1.25839686,0.7608449,0.6498883,0.27023232,-0.700456,-0.118243873
7934f1476fe2c6e458c230f491769c34,7400034,Mankey,0.316666663,fighter,LeftThumbProximal,-0.300828248,1.158771,0.739371538,0.5428228,-0.732008934,-0.381570548,0.154632136
7934f1476fe2c6e458c230f491769c34,7400034,Mankey,0.316666663,fighter,LeftThumbIntermediate,-0.284531474,1.19976163,0.747808635,0.45763436,-0.7126626,-0.5221149,-0.100398079
7934f1476fe2c6e458c230f491769c34,7400034,Mankey,0.316666663,fighter,LeftThumbDistal,-0.262785941,1.22098207,0.7718796,-0.0525484532,-0.361678332,-0.68197453,-0.6335131
7934f1476fe2c6e458c230f491769c34,7400034,Mankey,0.316666663,fighter,LeftMiddleProximal,-0.308260828,1.18976593,0.802630961,0.09727375,-0.908745646,-0.271298915,0.301855028
7934f1476fe2c6e458c230f491769c34,7400034,Mankey,0.316666663,fighter,LeftMiddleIntermediate,-0.2598115,1.21042192,0.772558451,-0.6366307,-0.652535,-0.0131850988,0.410762817
7934f1476fe2c6e458c230f491769c34,7400034,Mankey,0.316666663,fighter,LeftMiddleDistal,-0.2677085,1.16668212,0.7430685,-0.931767941,0.0356418043,0.2527937,0.258136362
7934f1476fe2c6e458c230f491769c34,7400034,Mankey,0.316666663,fighter,LeftRingProximal,-0.271532774,1.16240108,0.833402634,0.0211620033,-0.857835531,-0.297703981,0.41838184
7934f1476fe2c6e458c230f491769c34,7400034,Mankey,0.316666663,fighter,LeftRingIntermediate,-0.236914188,1.17762554,0.795787036,-0.623461,-0.6038284,0.0634412,0.4926088
7934f1476fe2c6e458c230f491769c34,7400034,Mankey,0.316666663,fighter,LeftRingDistal,-0.25128606,1.13302064,0.7675723,-0.8783215,-0.0206436664,0.383882582,0.2841826
7934f1476fe2c6e458c230f491769c34,7400034,Mankey,0.316666663,fighter,LeftLittleProximal,-0.234421849,1.11607444,0.8433004,0.0609208345,-0.841991067,-0.30342412,0.441898048
7934f1476fe2c6e458c230f491769c34,7400034,Mankey,0.316666663,fighter,LeftLittleIntermediate,-0.202309564,1.13585079,0.8055795,-0.5620925,-0.6458863,0.0145689547,0.516402066
7934f1476fe2c6e458c230f491769c34,7400034,Mankey,0.316666663,fighter,LeftLittleDistal,-0.211451441,1.09484708,0.769579649,-0.8520944,-0.161478087,0.360833883,0.343014538
7934f1476fe2c6e458c230f491769c34,7400034,Mankey,0.316666663,fighter,RightThumbProximal,-0.03298986,1.28235638,1.26543438,-0.06861329,-0.492885143,-0.352007866,-0.7927468
7934f1476fe2c6e458c230f491769c34,7400034,Mankey,0.316666663,fighter,RightThumbIntermediate,-0.04495003,1.25425386,1.29836142,-0.06521015,0.686710358,0.3182407,0.6503078
7934f1476fe2c6e458c230f491769c34,7400034,Mankey,0.316666663,fighter,RightThumbDistal,-0.0393024124,1.24168122,1.33459163,0.308988184,-0.940644,-0.1396073,0.0150151551
7934f1476fe2c6e458c230f491769c34,7400034,Mankey,0.316666663,fighter,RightMiddleProximal,-0.0348764,1.29392326,1.335294,-0.32328406,-0.506633937,-0.65648067,-0.455898076
7934f1476fe2c6e458c230f491769c34,7400034,Mankey,0.316666663,fighter,RightMiddleIntermediate,-0.0121152448,1.2377528,1.33756769,0.5781941,0.133419752,0.777746439,-0.20736894
7934f1476fe2c6e458c230f491769c34,7400034,Mankey,0.316666663,fighter,RightMiddleDistal,0.000973507937,1.24672842,1.286643,-0.487523824,0.2867664,-0.36610508,0.7389542
7934f1476fe2c6e458c230f491769c34,7400034,Mankey,0.316666663,fighter,RightRingProximal,0.01610838,1.31243467,1.34542239,-0.4407403,-0.5273617,-0.617749631,-0.3821302
7934f1476fe2c6e458c230f491769c34,7400034,Mankey,0.316666663,fighter,RightRingIntermediate,0.03314799,1.26245594,1.33787513,0.6327666,0.0258381516,0.735917,-0.239510477
7934f1476fe2c6e458c230f491769c34,7400034,Mankey,0.316666663,fighter,RightRingDistal,0.0377693959,1.2799505,1.28625321,-0.41772908,0.441717744,-0.326503932,0.7237288
7934f1476fe2c6e458c230f491769c34,7400034,Mankey,0.316666663,fighter,RightLittleProximal,0.06918302,1.33454323,1.32765555,-0.456089616,-0.473967046,-0.5632457,-0.5000925
7934f1476fe2c6e458c230f491769c34,7400034,Mankey,0.316666663,fighter,RightLittleIntermediate,0.07365192,1.28143251,1.32553661,0.6158184,0.08179856,0.7807527,-0.06709874
7934f1476fe2c6e458c230f491769c34,7400034,Mankey,0.316666663,fighter,RightLittleDistal,0.08651692,1.28165567,1.27172792,-0.422808856,0.396118641,-0.5043695,0.640261352
7934f1476fe2c6e458c230f491769c34,7400034,Mankey,0.316666663,fighter,UpperChest,-0.04870605,1.131526,0.5802142,0.6971415,-0.552042,-0.351344377,0.2929177
7934f1476fe2c6e458c230f491769c34,7400034,Mankey,0.333333343,source,AnimatorRoot,3.53160132E-08,3.7909112E-10,0.471500069,0,0,3.01106475E-16,1
7934f1476fe2c6e458c230f491769c34,7400034,Mankey,0.333333343,source,Hips,-0.0396038964,0.7473105,0.596795559,-0.0323207341,0.02320732,0.00141279388,0.999207139
7934f1476fe2c6e458c230f491769c34,7400034,Mankey,0.333333343,source,LeftUpperLeg,-0.139756337,0.747177839,0.6014546,-0.656219244,-0.349494576,0.5908653,0.3132223
7934f1476fe2c6e458c230f491769c34,7400034,Mankey,0.333333343,source,RightUpperLeg,0.0605487525,0.7474434,0.592136443,0.5042567,-0.262804568,-0.603192,0.5593019
7934f1476fe2c6e458c230f491769c34,7400034,Mankey,0.333333343,source,LeftLowerLeg,-0.161175579,0.4382339,0.8089004,-0.472414553,-0.4423364,0.570215642,0.5059816
7934f1476fe2c6e458c230f491769c34,7400034,Mankey,0.333333343,source,RightLowerLeg,0.110566109,0.3971471,0.474963039,0.431494266,0.0182417333,-0.7905391,0.434198
7934f1476fe2c6e458c230f491769c34,7400034,Mankey,0.333333343,source,LeftFoot,-0.146695673,0.09203059,0.8406087,0.5702583,0.09349949,-0.7998676,-0.162096947
7934f1476fe2c6e458c230f491769c34,7400034,Mankey,0.333333343,source,RightFoot,0.0233791135,0.163753882,0.232067987,0.441291243,-0.13847135,-0.384249747,0.799024463
7934f1476fe2c6e458c230f491769c34,7400034,Mankey,0.333333343,source,Spine,-0.0400276072,0.845111,0.590471745,0.0001829868,0.028172005,-0.0263040718,0.999257
7934f1476fe2c6e458c230f491769c34,7400034,Mankey,0.333333343,source,Chest,-0.0304192938,1.02404559,0.593582749,0.1545916,-0.341082245,0.107403718,0.9209935
7934f1476fe2c6e458c230f491769c34,7400034,Mankey,0.333333343,source,Neck,-0.09263142,1.2121259,0.6373138,0.3857991,-0.3042947,0.2028451,0.8470053
7934f1476fe2c6e458c230f491769c34,7400034,Mankey,0.333333343,source,Head,-0.142882973,1.26599252,0.6833676,0.2573169,-0.0007418712,0.136182517,0.9566829
7934f1476fe2c6e458c230f491769c34,7400034,Mankey,0.333333343,source,LeftShoulder,-0.102141008,1.16853118,0.6092803,0.159841567,-0.175109118,0.0362564549,0.970810652
7934f1476fe2c6e458c230f491769c34,7400034,Mankey,0.333333343,source,RightShoulder,-0.05801082,1.17401254,0.6485045,0.8071743,0.202826574,0.543232,-0.110590927
7934f1476fe2c6e458c230f491769c34,7400034,Mankey,0.333333343,source,LeftUpperArm,-0.235061422,1.166484,0.559354365,0.00133740832,0.00423575146,0.4801671,0.877166033
7934f1476fe2c6e458c230f491769c34,7400034,Mankey,0.333333343,source,RightUpperArm,-0.0114983991,1.20344114,0.7794069,0.800198734,0.145475045,0.5809447,-0.0319777057
7934f1476fe2c6e458c230f491769c34,7400034,Mankey,0.333333343,source,LeftLowerArm,-0.357147634,0.975624561,0.5607471,-0.53568095,0.6945772,0.429848969,0.21409969
7934f1476fe2c6e458c230f491769c34,7400034,Mankey,0.333333343,source,RightLowerArm,0.05254668,1.24777651,0.9921653,0.615357459,0.000654504751,0.7784656,0.123800024
7934f1476fe2c6e458c230f491769c34,7400034,Mankey,0.333333343,source,LeftHand,-0.278099746,1.10801506,0.73990643,-0.6606678,0.5991209,0.4497996,-0.0474665277
7934f1476fe2c6e458c230f491769c34,7400034,Mankey,0.333333343,source,RightHand,0.00243042829,1.2935251,1.21859348,0.447193861,-0.113963768,0.887146652,0.00105913251
7934f1476fe2c6e458c230f491769c34,7400034,Mankey,0.333333343,source,LeftToes,-0.1022151,0.0372347347,0.9726683,0.578602254,-0.0104558356,-0.8147545,-0.0358583219
7934f1476fe2c6e458c230f491769c34,7400034,Mankey,0.333333343,source,RightToes,0.123156972,0.05350891,0.21442163,0.5376901,-0.195760459,-0.0562072061,0.818173647
7934f1476fe2c6e458c230f491769c34,7400034,Mankey,0.333333343,source,LeftThumbProximal,-0.288856834,1.12502551,0.734365,-0.5252074,0.6746859,-0.4087176,0.319228053
7934f1476fe2c6e458c230f491769c34,7400034,Mankey,0.333333343,source,LeftThumbIntermediate,-0.277949572,1.16828215,0.7344289,-0.307482421,0.8258129,-0.268374383,0.389183462
7934f1476fe2c6e458c230f491769c34,7400034,Mankey,0.333333343,source,LeftThumbDistal,-0.262714952,1.18977749,0.748756647,0.43822068,0.77955,0.157068387,0.419040352
7934f1476fe2c6e458c230f491769c34,7400034,Mankey,0.333333343,source,LeftIndexProximal,-0.29268676,1.180059,0.7726017,-0.09829846,0.915343761,0.213796258,-0.326764524
7934f1476fe2c6e458c230f491769c34,7400034,Mankey,0.333333343,source,LeftIndexIntermediate,-0.269033074,1.189916,0.7554524,0.6264638,0.6779807,-0.111055456,-0.368175238
7934f1476fe2c6e458c230f491769c34,7400034,Mankey,0.333333343,source,LeftIndexDistal,-0.270279735,1.16919112,0.747438669,0.9192811,-0.04083203,-0.361770928,-0.149592534
7934f1476fe2c6e458c230f491769c34,7400034,Mankey,0.333333343,source,LeftMiddleProximal,-0.278875232,1.17114735,0.7863786,-0.0963548347,0.8982374,0.235116,-0.358617276
7934f1476fe2c6e458c230f491769c34,7400034,Mankey,0.333333343,source,LeftMiddleIntermediate,-0.255089223,1.182371,0.766707063,0.607038438,0.674262345,-0.1246695,-0.401662678
7934f1476fe2c6e458c230f491769c34,7400034,Mankey,0.333333343,source,LeftMiddleDistal,-0.2563946,1.16226888,0.7581676,0.899520159,-0.0328539833,-0.405423552,-0.159425735
7934f1476fe2c6e458c230f491769c34,7400034,Mankey,0.333333343,source,LeftRingProximal,-0.267261535,1.16296053,0.7969211,-0.0137763768,0.8582347,0.225103483,-0.4610559
7934f1476fe2c6e458c230f491769c34,7400034,Mankey,0.333333343,source,LeftRingIntermediate,-0.2492692,1.170202,0.77232933,0.601504445,0.6132765,-0.194321528,-0.4736286
7934f1476fe2c6e458c230f491769c34,7400034,Mankey,0.333333343,source,LeftRingDistal,-0.252575129,1.15250981,0.7656668,0.847137034,-0.00575072737,-0.494347632,-0.194799945
7934f1476fe2c6e458c230f491769c34,7400034,Mankey,0.333333343,source,LeftLittleProximal,-0.253277779,1.15258527,0.8024972,-0.0396726839,0.8350249,0.246849969,-0.4901277
7934f1476fe2c6e458c230f491769c34,7400034,Mankey,0.333333343,source,LeftLittleIntermediate,-0.239104792,1.161045,0.7805697,0.5238725,0.6517887,-0.171680942,-0.5208219
7934f1476fe2c6e458c230f491769c34,7400034,Mankey,0.333333343,source,LeftLittleDistal,-0.24084121,1.14467382,0.7710889,0.8075633,0.14731048,-0.49296242,-0.288322628
7934f1476fe2c6e458c230f491769c34,7400034,Mankey,0.333333343,source,RightThumbProximal,-0.0180863012,1.29627347,1.21589482,-0.01795357,0.6344585,0.715706468,-0.291384339
7934f1476fe2c6e458c230f491769c34,7400034,Mankey,0.333333343,source,RightThumbIntermediate,-0.05509254,1.27665031,1.23124313,-0.1604921,-0.573465943,-0.6393316,0.4864509
7934f1476fe2c6e458c230f491769c34,7400034,Mankey,0.333333343,source,RightThumbDistal,-0.06934416,1.263517,1.25412989,0.5338436,0.233052447,0.104981169,-0.8060254
7934f1476fe2c6e458c230f491769c34,7400034,Mankey,0.333333343,source,RightIndexProximal,-0.06143507,1.30123127,1.26690233,-0.2673153,0.294980139,-0.7001603,0.5927101
7934f1476fe2c6e458c230f491769c34,7400034,Mankey,0.333333343,source,RightIndexIntermediate,-0.06620007,1.27077746,1.2676636,-0.0230084658,-0.3891092,0.06467756,-0.918630362
7934f1476fe2c6e458c230f491769c34,7400034,Mankey,0.333333343,source,RightIndexDistal,-0.05086772,1.26853418,1.251686,0.305432767,0.240125269,0.6279071,0.674376845
7934f1476fe2c6e458c230f491769c34,7400034,Mankey,0.333333343,source,RightMiddleProximal,-0.0454307832,1.29712987,1.280578,-0.215517253,0.353968948,-0.6717243,0.6140398
7934f1476fe2c6e458c230f491769c34,7400034,Mankey,0.333333343,source,RightMiddleIntermediate,-0.05045923,1.26502645,1.27581275,-0.118780024,-0.380673826,-0.001934389,-0.9170471
7934f1476fe2c6e458c230f491769c34,7400034,Mankey,0.333333343,source,RightMiddleDistal,-0.0349172652,1.26708686,1.26054573,0.3788332,0.144139275,0.6932438,0.5959217
7934f1476fe2c6e458c230f491769c34,7400034,Mankey,0.333333343,source,RightRingProximal,-0.03156187,1.29343,1.29092312,-0.189808518,0.4359391,-0.606749535,0.637012661
7934f1476fe2c6e458c230f491769c34,7400034,Mankey,0.333333343,source,RightRingIntermediate,-0.035206072,1.2640357,1.2807411,-0.211516723,-0.4102559,-0.07588474,-0.8838511
7934f1476fe2c6e458c230f491769c34,7400034,Mankey,0.333333343,source,RightRingDistal,-0.0226980019,1.26993763,1.26743948,0.46921,0.08741939,0.7207421,0.502723455
7934f1476fe2c6e458c230f491769c34,7400034,Mankey,0.333333343,source,RightLittleProximal,-0.01587768,1.286174,1.2968936,-0.129401162,0.4693329,-0.681424737,0.546481967
7934f1476fe2c6e458c230f491769c34,7400034,Mankey,0.333333343,source,RightLittleIntermediate,-0.02601294,1.2624017,1.28765774,-0.238297477,-0.40730083,0.13028,-0.8719795
7934f1476fe2c6e458c230f491769c34,7400034,Mankey,0.333333343,source,RightLittleDistal,-0.0139571754,1.261777,1.27298152,0.4839918,0.0711046159,0.5637567,0.6654886
7934f1476fe2c6e458c230f491769c34,7400034,Mankey,0.333333343,fighter,AnimatorRoot,0,0,0,0,0,0,1
7934f1476fe2c6e458c230f491769c34,7400034,Mankey,0.333333343,fighter,Hips,-0.0396038927,0.74731046,0.5967955,0.432760179,-0.515635252,-0.493644267,0.550594568
7934f1476fe2c6e458c230f491769c34,7400034,Mankey,0.333333343,fighter,LeftUpperLeg,-0.160268039,0.7512551,0.608155,0.33386445,0.5970008,0.343613923,0.643470466
7934f1476fe2c6e458c230f491769c34,7400034,Mankey,0.333333343,fighter,RightUpperLeg,0.0810602456,0.7433658,0.585436,0.60808,0.5821987,0.4823975,0.242025286
7934f1476fe2c6e458c230f491769c34,7400034,Mankey,0.333333343,fighter,LeftLowerLeg,-0.178945079,0.443550229,0.805349648,0.5136822,0.6076401,0.4197942,0.4366663
7934f1476fe2c6e458c230f491769c34,7400034,Mankey,0.333333343,fighter,RightLowerLeg,0.133508548,0.39880845,0.4738735,0.809333,0.416579276,0.413813442,-0.0141545236
7934f1476fe2c6e458c230f491769c34,7400034,Mankey,0.333333343,fighter,LeftFoot,-0.146695718,0.09203052,0.840608656,-0.00163631514,0.8576873,-0.0342701375,0.513026059
7934f1476fe2c6e458c230f491769c34,7400034,Mankey,0.333333343,fighter,RightFoot,0.0233790744,0.1637538,0.232067883,0.233855382,0.9070282,0.278552234,0.212180614
7934f1476fe2c6e458c230f491769c34,7400034,Mankey,0.333333343,fighter,Spine,-0.0390707143,0.7919993,0.5869405,0.421047,-0.522843063,-0.513553858,0.5344315
7934f1476fe2c6e458c230f491769c34,7400034,Mankey,0.333333343,fighter,Chest,-0.0199011154,1.03001308,0.569735765,0.7528006,-0.5002842,-0.3445366,0.2535783
7934f1476fe2c6e458c230f491769c34,7400034,Mankey,0.333333343,fighter,Neck,-0.0803210959,1.30068529,0.6275323,0.711245358,-0.437060326,-0.426244766,0.3484595
7934f1476fe2c6e458c230f491769c34,7400034,Mankey,0.333333343,fighter,Head,-0.118198283,1.43737936,0.6724239,0.6756586,-0.281490773,-0.5388292,0.417027771
7934f1476fe2c6e458c230f491769c34,7400034,Mankey,0.333333343,fighter,LeftShoulder,-0.158305317,1.2368505,0.6788568,0.797177,-0.327962279,0.09506583,0.497908
7934f1476fe2c6e458c230f491769c34,7400034,Mankey,0.333333343,fighter,RightShoulder,-0.111856133,1.23907864,0.716979444,0.5107452,-0.5737171,-0.639219463,-0.0372378826
7934f1476fe2c6e458c230f491769c34,7400034,Mankey,0.333333343,fighter,LeftUpperArm,-0.3210586,1.32773936,0.577368259,0.652991056,0.3522784,0.320357025,0.5889606
7934f1476fe2c6e458c230f491769c34,7400034,Mankey,0.333333343,fighter,RightUpperArm,-0.0109309405,1.353362,0.864637733,-0.5166534,0.581848741,0.616798043,0.118667573
7934f1476fe2c6e458c230f491769c34,7400034,Mankey,0.333333343,fighter,LeftLowerArm,-0.475100279,1.09171343,0.5764035,0.00154877454,0.9351248,-0.09752789,0.340628445
7934f1476fe2c6e458c230f491769c34,7400034,Mankey,0.333333343,fighter,RightLowerArm,0.112511732,1.48155773,1.08319187,-0.4222958,0.0538587533,0.531545162,0.7322745
7934f1476fe2c6e458c230f491769c34,7400034,Mankey,0.333333343,fighter,LeftHand,-0.2781002,1.10801518,0.7399065,0.61665374,-0.5593451,-0.5407814,-0.120112821
7934f1476fe2c6e458c230f491769c34,7400034,Mankey,0.333333343,fighter,RightHand,0.002430432,1.2935251,1.218593,0.0441522524,0.6056684,-0.0351344943,0.7937143
7934f1476fe2c6e458c230f491769c34,7400034,Mankey,0.333333343,fighter,LeftToes,-0.0103606023,0.127559245,1.08355486,0.13368994,0.8175495,0.0559904575,0.5573197
7934f1476fe2c6e458c230f491769c34,7400034,Mankey,0.333333343,fighter,RightToes,0.2532058,0.0291381832,0.321121246,0.229349643,0.919044,0.278572738,0.1586009
7934f1476fe2c6e458c230f491769c34,7400034,Mankey,0.333333343,fighter,LeftEye,-0.264592141,1.41821563,0.878561139,0.46179384,-0.209208071,-0.5719825,-0.64483726
7934f1476fe2c6e458c230f491769c34,7400034,Mankey,0.333333343,fighter,RightEye,-0.0116624823,1.48655736,0.8973471,0.354087323,-0.359274328,-0.76882,-0.393014461
7934f1476fe2c6e458c230f491769c34,7400034,Mankey,0.333333343,fighter,Jaw,-0.0811376944,1.26852977,0.7877526,0.6761101,0.2804042,-0.6756763,-0.08781036
7934f1476fe2c6e458c230f491769c34,7400034,Mankey,0.333333343,fighter,LeftThumbProximal,-0.282944143,1.17860723,0.759551466,0.4530746,-0.7819568,-0.3722603,0.211399481
7934f1476fe2c6e458c230f491769c34,7400034,Mankey,0.333333343,fighter,LeftThumbIntermediate,-0.260485649,1.21749818,0.759852946,0.3827338,-0.781202555,-0.48950237,-0.06020972
7934f1476fe2c6e458c230f491769c34,7400034,Mankey,0.333333343,fighter,LeftThumbDistal,-0.233359769,1.23839331,0.778023958,-0.07288744,-0.441299975,-0.606659532,-0.657196045
7934f1476fe2c6e458c230f491769c34,7400034,Mankey,0.333333343,fighter,LeftMiddleProximal,-0.279428542,1.21615839,0.8195117,-0.009640515,-0.909227967,-0.241601527,0.3388815
7934f1476fe2c6e458c230f491769c34,7400034,Mankey,0.333333343,fighter,LeftMiddleIntermediate,-0.232720479,1.22502637,0.781854451,-0.708705962,-0.5810321,0.04291208,0.397864968
7934f1476fe2c6e458c230f491769c34,7400034,Mankey,0.333333343,fighter,LeftMiddleDistal,-0.24984926,1.17927611,0.7604371,-0.927341044,0.133773252,0.284152448,0.20347324
7934f1476fe2c6e458c230f491769c34,7400034,Mankey,0.333333343,fighter,LeftRingProximal,-0.243373647,1.18700325,0.8494233,-0.0920125544,-0.8489572,-0.272444546,0.443373054
7934f1476fe2c6e458c230f491769c34,7400034,Mankey,0.333333343,fighter,LeftRingIntermediate,-0.211907923,1.19155657,0.8065941,-0.694365144,-0.523343563,0.108201981,0.4819345
7934f1476fe2c6e458c230f491769c34,7400034,Mankey,0.333333343,fighter,LeftRingDistal,-0.2353642,1.146096,0.7872204,-0.8730067,0.08559999,0.412543178,0.245642126
7934f1476fe2c6e458c230f491769c34,7400034,Mankey,0.333333343,fighter,LeftLittleProximal,-0.211635754,1.13713229,0.8606898,-0.0530024469,-0.8354518,-0.281709075,0.468883216
7934f1476fe2c6e458c230f491769c34,7400034,Mankey,0.333333343,fighter,LeftLittleIntermediate,-0.182049215,1.14649963,0.817307234,-0.64152056,-0.5718038,0.0569333434,0.508184
7934f1476fe2c6e458c230f491769c34,7400034,Mankey,0.333333343,fighter,LeftLittleDistal,-0.200837508,1.10270929,0.7891955,-0.8630774,-0.0541199446,0.393375933,0.31212905
7934f1476fe2c6e458c230f491769c34,7400034,Mankey,0.333333343,fighter,RightThumbProximal,-0.05928245,1.28770852,1.25796652,-0.201000363,-0.3160987,-0.208036453,-0.903549552
7934f1476fe2c6e458c230f491769c34,7400034,Mankey,0.333333343,fighter,RightThumbIntermediate,-0.0913310647,1.26511788,1.27986479,0.104621664,0.5549728,0.199224383,0.8008559
7934f1476fe2c6e458c230f491769c34,7400034,Mankey,0.333333343,fighter,RightThumbDistal,-0.10313952,1.2482475,1.31270564,0.09780842,-0.964606166,-0.168881446,-0.177336365
7934f1476fe2c6e458c230f491769c34,7400034,Mankey,0.333333343,fighter,RightMiddleProximal,-0.07955515,1.2996999,1.32477164,-0.344725847,-0.2810126,-0.626213431,-0.640354156
7934f1476fe2c6e458c230f491769c34,7400034,Mankey,0.333333343,fighter,RightMiddleIntermediate,-0.08305911,1.239309,1.3204143,0.452057,-0.0272797346,0.889828146,-0.0557392836
7934f1476fe2c6e458c230f491769c34,7400034,Mankey,0.333333343,fighter,RightMiddleDistal,-0.0518510528,1.24591565,1.27766407,-0.293583,0.2996083,-0.5630496,0.712053061
7934f1476fe2c6e458c230f491769c34,7400034,Mankey,0.333333343,fighter,RightRingProximal,-0.0336944722,1.28801274,1.35314322,-0.460193723,-0.284992665,-0.626542747,-0.560755
7934f1476fe2c6e458c230f491769c34,7400034,Mankey,0.333333343,fighter,RightRingIntermediate,-0.03649197,1.23654068,1.3394326,0.484244764,-0.132836014,0.856805563,-0.117246568
7934f1476fe2c6e458c230f491769c34,7400034,Mankey,0.333333343,fighter,RightRingDistal,-0.008948617,1.25456822,1.29574513,-0.200689718,0.431030035,-0.498483717,0.724880457
7934f1476fe2c6e458c230f491769c34,7400034,Mankey,0.333333343,fighter,RightLittleProximal,0.0254929,1.277738,1.35669827,-0.473943621,-0.21620059,-0.5456492,-0.656431437
7934f1476fe2c6e458c230f491769c34,7400034,Mankey,0.333333343,fighter,RightLittleIntermediate,0.00890149,1.22859573,1.34425008,0.487554371,-0.110077828,0.863210738,0.07100581
7934f1476fe2c6e458c230f491769c34,7400034,Mankey,0.333333343,fighter,RightLittleDistal,0.03736655,1.22775233,1.29681659,-0.191908225,0.418683529,-0.65733707,0.596476436
7934f1476fe2c6e458c230f491769c34,7400034,Mankey,0.333333343,fighter,UpperChest,-0.0511972271,1.14085031,0.6013893,0.720879436,-0.545275867,-0.3284258,0.274124
7934f1476fe2c6e458c230f491769c34,7400034,Mankey,0.35,source,AnimatorRoot,3.652844E-08,3.92105626E-10,0.487687051,0,0,3.161618E-16,1
7934f1476fe2c6e458c230f491769c34,7400034,Mankey,0.35,source,Hips,-0.0310516767,0.7541302,0.6144077,-0.03116467,0.006218896,0.0121892383,0.9994206
7934f1476fe2c6e458c230f491769c34,7400034,Mankey,0.35,source,LeftUpperLeg,-0.131274968,0.75172627,0.615730166,-0.6618166,-0.362659425,0.577199,0.311958939
7934f1476fe2c6e458c230f491769c34,7400034,Mankey,0.35,source,RightUpperLeg,0.06917182,0.756534338,0.6130852,0.5202761,-0.285960019,-0.6149674,0.518994153
7934f1476fe2c6e458c230f491769c34,7400034,Mankey,0.35,source,LeftLowerLeg,-0.157605335,0.438563466,0.8161664,-0.473669,-0.45541212,0.5595885,0.505072653
7934f1476fe2c6e458c230f491769c34,7400034,Mankey,0.35,source,RightLowerLeg,0.0990227461,0.407687843,0.485203,0.4513203,-0.0220455024,-0.7743583,0.4429373
7934f1476fe2c6e458c230f491769c34,7400034,Mankey,0.35,source,LeftFoot,-0.143311843,0.09175974,0.8405534,0.581043839,0.095100686,-0.7921201,-0.1609036
7934f1476fe2c6e458c230f491769c34,7400034,Mankey,0.35,source,RightFoot,0.029350549,0.162072882,0.248790249,0.455265582,-0.17032133,-0.35206008,0.7998612
7934f1476fe2c6e458c230f491769c34,7400034,Mankey,0.35,source,Spine,-0.03347749,0.8519163,0.6083175,-0.0137016391,0.0105504366,-0.00190266874,0.9998487
7934f1476fe2c6e458c230f491769c34,7400034,Mankey,0.35,source,Chest,-0.03277739,1.03112721,0.606714964,0.154539376,-0.334958971,0.12634632,0.9208458
7934f1476fe2c6e458c230f491769c34,7400034,Mankey,0.35,source,Neck,-0.101649478,1.21740448,0.648119152,0.389766127,-0.294265658,0.220567971,0.8442988
7934f1476fe2c6e458c230f491769c34,7400034,Mankey,0.35,source,Head,-0.153936163,1.26943266,0.694020867,0.24872677,-0.0232319459,0.157868847,0.9553393
7934f1476fe2c6e458c230f491769c34,7400034,Mankey,0.35,source,LeftShoulder,-0.109689139,1.17309117,0.620760441,0.146380723,-0.130754113,0.06347287,0.978492439
7934f1476fe2c6e458c230f491769c34,7400034,Mankey,0.35,source,RightShoulder,-0.06559328,1.18075359,0.6596564,0.8612494,0.14631255,0.464127243,-0.1463844
7934f1476fe2c6e458c230f491769c34,7400034,Mankey,0.35,source,LeftUpperArm,-0.245691657,1.1608882,0.581785738,-0.02331497,0.0726102144,0.496001244,0.8649667
7934f1476fe2c6e458c230f491769c34,7400034,Mankey,0.35,source,RightUpperArm,0.009154074,1.19724,0.779263735,0.8307971,0.064112395,0.5528295,0.006749774
7934f1476fe2c6e458c230f491769c34,7400034,Mankey,0.35,source,LeftLowerArm,-0.358392864,0.9672468,0.6154857,-0.5406653,0.7299437,0.387289435,0.157704234
7934f1476fe2c6e458c230f491769c34,7400034,Mankey,0.35,source,RightLowerArm,0.09537153,1.22307134,0.987188935,0.5299043,-0.0539501421,0.823763847,0.194175765
7934f1476fe2c6e458c230f491769c34,7400034,Mankey,0.35,source,LeftHand,-0.2719685,1.12494683,0.768898249,-0.6057348,0.659790635,0.437997222,-0.07694659
7934f1476fe2c6e458c230f491769c34,7400034,Mankey,0.35,source,RightHand,0.009567113,1.28517246,1.19850707,0.4156959,-0.122650743,0.896585643,0.09104013
7934f1476fe2c6e458c230f491769c34,7400034,Mankey,0.35,source,LeftToes,-0.102434404,0.0370424576,0.973804653,0.5894901,-0.0106296232,-0.8069069,-0.03591627
7934f1476fe2c6e458c230f491769c34,7400034,Mankey,0.35,source,RightToes,0.133281037,0.05452026,0.241588414,0.538542449,-0.225253552,-0.02271433,0.811614037
7934f1476fe2c6e458c230f491769c34,7400034,Mankey,0.35,source,LeftThumbProximal,-0.2810711,1.14243412,0.762033939,-0.5142325,0.6902122,-0.4474688,0.242784545
7934f1476fe2c6e458c230f491769c34,7400034,Mankey,0.35,source,LeftThumbIntermediate,-0.265312821,1.183794,0.7564548,-0.287904173,0.838012,-0.3272366,0.328274518
7934f1476fe2c6e458c230f491769c34,7400034,Mankey,0.35,source,LeftThumbDistal,-0.246757865,1.20470881,0.76730454,0.463986456,0.7727615,0.07377723,0.426748216
7934f1476fe2c6e458c230f491769c34,7400034,Mankey,0.35,source,LeftIndexProximal,-0.275905579,1.20135307,0.7937713,-0.0185355749,0.9193444,0.183757842,-0.3474132
7934f1476fe2c6e458c230f491769c34,7400034,Mankey,0.35,source,LeftIndexIntermediate,-0.252535671,1.206341,0.7742848,0.6814296,0.620360851,-0.1469643,-0.3594555
7934f1476fe2c6e458c230f491769c34,7400034,Mankey,0.35,source,LeftIndexDistal,-0.2566998,1.18517363,0.7688168,0.910300255,-0.120232791,-0.378355563,-0.117241159
7934f1476fe2c6e458c230f491769c34,7400034,Mankey,0.35,source,LeftMiddleProximal,-0.2622753,1.19238055,0.8076885,-0.0151382145,0.9023829,0.207784221,-0.3772299
7934f1476fe2c6e458c230f491769c34,7400034,Mankey,0.35,source,LeftMiddleIntermediate,-0.238794163,1.19842672,0.7855345,0.663318038,0.615976632,-0.157718718,-0.3945981
7934f1476fe2c6e458c230f491769c34,7400034,Mankey,0.35,source,LeftMiddleDistal,-0.242981941,1.17782366,0.7794763,0.890259266,-0.113891721,-0.4210822,-0.130987853
7934f1476fe2c6e458c230f491769c34,7400034,Mankey,0.35,source,LeftRingProximal,-0.250966,1.18403864,0.8184382,0.07021973,0.853836,0.203512654,-0.473937362
7934f1476fe2c6e458c230f491769c34,7400034,Mankey,0.35,source,LeftRingIntermediate,-0.234025136,1.18632436,0.7921952,0.6560511,0.549340844,-0.2192262,-0.4687877
7934f1476fe2c6e458c230f491769c34,7400034,Mankey,0.35,source,LeftRingDistal,-0.2397889,1.16854632,0.787831068,0.8388601,-0.08993361,-0.50744,-0.175303414
7934f1476fe2c6e458c230f491769c34,7400034,Mankey,0.35,source,LeftLittleProximal,-0.237905011,1.1727097,0.824383736,0.04537991,0.832554162,0.229026541,-0.5023364
7934f1476fe2c6e458c230f491769c34,7400034,Mankey,0.35,source,LeftLittleIntermediate,-0.224423781,1.17695093,0.80085665,0.5843784,0.592080653,-0.193593785,-0.52006197
7934f1476fe2c6e458c230f491769c34,7400034,Mankey,0.35,source,LeftLittleDistal,-0.228677869,1.15997922,0.7934557,0.8138188,0.0619936734,-0.5079111,-0.275468469
7934f1476fe2c6e458c230f491769c34,7400034,Mankey,0.35,source,RightThumbProximal,-0.0100336885,1.29121673,1.19462776,0.03162675,0.66355443,0.7160928,-0.214258984
7934f1476fe2c6e458c230f491769c34,7400034,Mankey,0.35,source,RightThumbIntermediate,-0.05045883,1.27939987,1.20933342,-0.212159261,-0.5889738,-0.663062155,0.4104237
7934f1476fe2c6e458c230f491769c34,7400034,Mankey,0.35,source,RightThumbDistal,-0.06764544,1.27057219,1.23227,0.576531768,0.2065736,0.1787151,-0.77006495
7934f1476fe2c6e458c230f491769c34,7400034,Mankey,0.35,source,RightIndexProximal,-0.0537374169,1.307168,1.24301147,-0.24492234,0.280403584,-0.764441848,0.5263232
7934f1476fe2c6e458c230f491769c34,7400034,Mankey,0.35,source,RightIndexIntermediate,-0.0637909248,1.27812207,1.24545741,-0.0273813158,-0.362989336,0.1571521,-0.9180376
7934f1476fe2c6e458c230f491769c34,7400034,Mankey,0.35,source,RightIndexDistal,-0.0484967828,1.27214515,1.230432,0.28853026,0.21869497,0.5647519,0.7416055
7934f1476fe2c6e458c230f491769c34,7400034,Mankey,0.35,source,RightMiddleProximal,-0.039227508,1.301349,1.25769448,-0.189555466,0.33508715,-0.7388485,0.553072155
7934f1476fe2c6e458c230f491769c34,7400034,Mankey,0.35,source,RightMiddleIntermediate,-0.0496207476,1.27033663,1.2547226,-0.120566614,-0.348508447,0.08832703,-0.9253132
7934f1476fe2c6e458c230f491769c34,7400034,Mankey,0.35,source,RightMiddleDistal,-0.03339297,1.26860213,1.24014425,0.3544198,0.120663449,0.641472638,0.6695823
7934f1476fe2c6e458c230f491769c34,7400034,Mankey,0.35,source,RightRingProximal,-0.0266224388,1.29605663,1.2689265,-0.1590075,0.41611594,-0.6783737,0.5842718
7934f1476fe2c6e458c230f491769c34,7400034,Mankey,0.35,source,RightRingIntermediate,-0.0349744633,1.26708388,1.26045287,-0.2149524,-0.373074144,0.0107837282,-0.9024941
7934f1476fe2c6e458c230f491769c34,7400034,Mankey,0.35,source,RightRingDistal,-0.0211323332,1.26978576,1.24744081,0.441959947,0.0592848,0.680868149,0.5810126
7934f1476fe2c6e458c230f491769c34,7400034,Mankey,0.35,source,RightLittleProximal,-0.0126893464,1.28664815,1.2761122,-0.09128237,0.44355458,-0.744600356,0.490405738
7934f1476fe2c6e458c230f491769c34,7400034,Mankey,0.35,source,RightLittleIntermediate,-0.0264776926,1.26438439,1.26790547,-0.246269524,-0.3611194,0.2142718,-0.8735172
7934f1476fe2c6e458c230f491769c34,7400034,Mankey,0.35,source,RightLittleDistal,-0.014172581,1.26065421,1.25391293,0.453214526,0.0329063721,0.511274159,0.729460955
7934f1476fe2c6e458c230f491769c34,7400034,Mankey,0.35,fighter,AnimatorRoot,0,0,0,0,0,0,1
7934f1476fe2c6e458c230f491769c34,7400034,Mankey,0.35,fighter,Hips,-0.0310516749,0.7541301,0.614407659,0.45003888,-0.5230139,-0.4823057,0.539724648
7934f1476fe2c6e458c230f491769c34,7400034,Mankey,0.35,fighter,LeftUpperLeg,-0.152153373,0.756399035,0.6202092,0.331555218,0.5818876,0.361122936,0.648897648
7934f1476fe2c6e458c230f491769c34,7400034,Mankey,0.35,fighter,RightUpperLeg,0.0900500342,0.7518612,0.60860616,0.615861833,0.5328306,0.510184169,0.2766189
7934f1476fe2c6e458c230f491769c34,7400034,Mankey,0.35,fighter,LeftLowerLeg,-0.1748392,0.4436904,0.8089295,0.509518266,0.5980788,0.432131529,0.4426685
7934f1476fe2c6e458c230f491769c34,7400034,Mankey,0.35,fighter,RightLowerLeg,0.122396074,0.4084012,0.486517131,0.7936805,0.418105,0.4405074,0.034827143
7934f1476fe2c6e458c230f491769c34,7400034,Mankey,0.35,fighter,LeftFoot,-0.143311813,0.09175961,0.8405534,-0.001053527,0.8507132,-0.0348558426,0.5244724
7934f1476fe2c6e458c230f491769c34,7400034,Mankey,0.35,fighter,RightFoot,0.0293505546,0.162072927,0.248790279,0.207204342,0.9013797,0.286344528,0.25017643
7934f1476fe2c6e458c230f491769c34,7400034,Mankey,0.35,fighter,Spine,-0.0306633823,0.798916161,0.6049973,0.43777138,-0.530694366,-0.487821639,0.5373545
7934f1476fe2c6e458c230f491769c34,7400034,Mankey,0.35,fighter,Chest,-0.02050423,1.03716111,0.5837811,0.7602681,-0.4904417,-0.3377312,0.259609938
7934f1476fe2c6e458c230f491769c34,7400034,Mankey,0.35,fighter,Neck,-0.08924198,1.30620527,0.639859557,0.722005963,-0.432970673,-0.409027636,0.352051556
7934f1476fe2c6e458c230f491769c34,7400034,Mankey,0.35,fighter,Head,-0.132457092,1.442072,0.682378352,0.6927826,-0.285503924,-0.511776268,0.420268059
7934f1476fe2c6e458c230f491769c34,7400034,Mankey,0.35,fighter,LeftShoulder,-0.1655111,1.24033749,0.6911925,0.808621049,-0.282824367,0.0860838443,0.5086573
7934f1476fe2c6e458c230f491769c34,7400034,Mankey,0.35,fighter,RightShoulder,-0.119319148,1.2441541,0.729501367,0.41248,-0.60336417,-0.681499243,-0.03702931
7934f1476fe2c6e458c230f491769c34,7400034,Mankey,0.35,fighter,LeftUpperArm,-0.340658218,1.31883132,0.600575149,0.637901545,0.404331416,0.277178824,0.5939443
7934f1476fe2c6e458c230f491769c34,7400034,Mankey,0.35,fighter,RightUpperArm,0.0201232415,1.3390888,0.858313859,-0.40086025,0.649912357,0.6138414,0.2003106
7934f1476fe2c6e458c230f491769c34,7400034,Mankey,0.35,fighter,LeftLowerArm,-0.487042934,1.08064067,0.6362787,-0.0359973758,0.940495253,-0.186191171,0.281968
7934f1476fe2c6e458c230f491769c34,7400034,Mankey,0.35,fighter,RightLowerArm,0.1887739,1.41663373,1.07040322,-0.489999533,0.081630826,0.379533619,0.7805072
7934f1476fe2c6e458c230f491769c34,7400034,Mankey,0.35,fighter,LeftHand,-0.2719686,1.12494683,0.768898249,0.570819557,-0.6280103,-0.519562066,-0.09911555
7934f1476fe2c6e458c230f491769c34,7400034,Mankey,0.35,fighter,RightHand,0.009567213,1.28517222,1.198507,0.07088584,0.5804328,-0.123663515,0.8017362
7934f1476fe2c6e458c230f491769c34,7400034,Mankey,0.35,fighter,LeftToes,-0.013515451,0.127390265,1.08704019,0.132861555,0.8099948,0.0571272671,0.568324745
7934f1476fe2c6e458c230f491769c34,7400034,Mankey,0.35,fighter,RightToes,0.253829926,0.03497076,0.359814018,0.20594883,0.9149272,0.2863915,0.196146682
7934f1476fe2c6e458c230f491769c34,7400034,Mankey,0.35,fighter,LeftEye,-0.289653033,1.42026091,0.88012743,0.483997554,-0.18664071,-0.5673791,-0.6395254
7934f1476fe2c6e458c230f491769c34,7400034,Mankey,0.35,fighter,RightEye,-0.04035693,1.49645507,0.9124193,0.382968068,-0.34632647,-0.762621939,-0.3896174
7934f1476fe2c6e458c230f491769c34,7400034,Mankey,0.35,fighter,Jaw,-0.09694326,1.27545321,0.8013794,0.691033244,0.2897123,-0.6588918,-0.0663481057
7934f1476fe2c6e458c230f491769c34,7400034,Mankey,0.35,fighter,LeftThumbProximal,-0.267327636,1.19731867,0.7804489,0.373615623,-0.82260406,-0.350029051,0.247415215
7934f1476fe2c6e458c230f491769c34,7400034,Mankey,0.35,fighter,LeftThumbIntermediate,-0.240453213,1.232703,0.773914337,0.324936569,-0.833037257,-0.446211725,-0.036886096
7934f1476fe2c6e458c230f491769c34,7400034,Mankey,0.35,fighter,LeftThumbDistal,-0.209980875,1.2524122,0.787537158,-0.07495019,-0.4962852,-0.5362418,-0.678622961
7934f1476fe2c6e458c230f491769c34,7400034,Mankey,0.35,fighter,LeftMiddleProximal,-0.2553646,1.24045849,0.8353445,-0.101347119,-0.9104678,-0.205465376,0.344328254
7934f1476fe2c6e458c230f491769c34,7400034,Mankey,0.35,fighter,LeftMiddleIntermediate,-0.210342482,1.23784733,0.7947914,-0.768611133,-0.5208534,0.08079891,0.362520039
7934f1476fe2c6e458c230f491769c34,7400034,Mankey,0.35,fighter,LeftMiddleDistal,-0.234045222,1.19201469,0.7812732,-0.921694756,0.216067,0.286207259,0.1479178
7934f1476fe2c6e458c230f491769c34,7400034,Mankey,0.35,fighter,LeftRingProximal,-0.220878884,1.21056509,0.866357565,-0.18813929,-0.8451579,-0.241591409,0.438116372
7934f1476fe2c6e458c230f491769c34,7400034,Mankey,0.35,fighter,LeftRingIntermediate,-0.191791743,1.204894,0.8220074,-0.7556852,-0.457350254,0.135330826,0.4488392
7934f1476fe2c6e458c230f491769c34,7400034,Mankey,0.35,fighter,LeftRingDistal,-0.221605659,1.16043806,0.810737967,-0.8705578,0.175684512,0.412418067,0.202918813
7934f1476fe2c6e458c230f491769c34,7400034,Mankey,0.35,fighter,LeftLittleProximal,-0.194341213,1.15873063,0.8815329,-0.150757909,-0.8340794,-0.254024327,0.4658923
7934f1476fe2c6e458c230f491769c34,7400034,Mankey,0.35,fighter,LeftLittleIntermediate,-0.166581377,1.15794182,0.835992455,-0.7099599,-0.5120473,0.08428086,0.4760901
7934f1476fe2c6e458c230f491769c34,7400034,Mankey,0.35,fighter,LeftLittleDistal,-0.1921088,1.11327684,0.81563884,-0.8752191,0.0367218554,0.398306936,0.272020817
7934f1476fe2c6e458c230f491769c34,7400034,Mankey,0.35,fighter,RightThumbProximal,-0.05365214,1.29287851,1.23506546,-0.206581086,-0.314428329,-0.160140783,-0.9125867
7934f1476fe2c6e458c230f491769c34,7400034,Mankey,0.35,fighter,RightThumbIntermediate,-0.08737916,1.27391744,1.25786746,0.125663683,0.5570972,0.158899337,0.805359
7934f1476fe2c6e458c230f491769c34,7400034,Mankey,0.35,fighter,RightThumbDistal,-0.100124076,1.258569,1.29110265,0.05449207,-0.970398068,-0.155336812,-0.176718861
7934f1476fe2c6e458c230f491769c34,7400034,Mankey,0.35,fighter,RightMiddleProximal,-0.0740176,1.31288242,1.29989421,-0.336092472,-0.247427672,-0.5972836,-0.684890151
7934f1476fe2c6e458c230f491769c34,7400034,Mankey,0.35,fighter,RightMiddleIntermediate,-0.0839678347,1.25317538,1.2960999,0.4604254,-0.0452932864,0.8865006,-0.008612007
7934f1476fe2c6e458c230f491769c34,7400034,Mankey,0.35,fighter,RightMiddleDistal,-0.0532508679,1.25621438,1.25259817,-0.288670063,0.318617463,-0.5960669,0.678127468
7934f1476fe2c6e458c230f491769c34,7400034,Mankey,0.35,fighter,RightRingProximal,-0.03201939,1.29550672,1.3311826,-0.453327566,-0.242561072,-0.6010214,-0.6119084
7934f1476fe2c6e458c230f491769c34,7400034,Mankey,0.35,fighter,RightRingIntermediate,-0.0405470766,1.24454236,1.31795049,0.4864145,-0.151415691,0.857520938,-0.07164091
7934f1476fe2c6e458c230f491769c34,7400034,Mankey,0.35,fighter,RightRingDistal,-0.012291776,1.25932074,1.27350426,-0.1893952,0.443932444,-0.533427954,0.694628537
7934f1476fe2c6e458c230f491769c34,7400034,Mankey,0.35,fighter,RightLittleProximal,0.024274189,1.27546549,1.33830535,-0.4549335,-0.175551489,-0.5131087,-0.706354856
7934f1476fe2c6e458c230f491769c34,7400034,Mankey,0.35,fighter,RightLittleIntermediate,0.00230858428,1.22828054,1.32663131,0.4904667,-0.134224147,0.852553248,0.120746985
7934f1476fe2c6e458c230f491769c34,7400034,Mankey,0.35,fighter,RightLittleDistal,0.0294030216,1.22417438,1.27856946,-0.17726469,0.434109569,-0.68783325,0.554086566
7934f1476fe2c6e458c230f491769c34,7400034,Mankey,0.35,fighter,UpperChest,-0.0552389175,1.14717758,0.6147028,0.728933454,-0.5359073,-0.3212651,0.279729217
7934f1476fe2c6e458c230f491769c34,7400034,Mankey,0.366666675,source,AnimatorRoot,3.7622172E-08,4.03846E-10,0.502289355,0,0,3.3121712E-16,1
7934f1476fe2c6e458c230f491769c34,7400034,Mankey,0.366666675,source,Hips,-0.02650374,0.759896457,0.628361046,-0.0358665921,0.00383880758,0.02057816,0.999137342
7934f1476fe2c6e458c230f491769c34,7400034,Mankey,0.366666675,source,LeftUpperLeg,-0.1266767,0.75580126,0.6292781,-0.6598678,-0.369970083,0.5719662,0.317098469
7934f1476fe2c6e458c230f491769c34,7400034,Mankey,0.366666675,source,RightUpperLeg,0.07366943,0.7639919,0.6274439,0.5328541,-0.2944464,-0.6177057,0.4978028
7934f1476fe2c6e458c230f491769c34,7400034,Mankey,0.366666675,source,LeftLowerLeg,-0.15349704,0.43859455,0.823184,-0.471543759,-0.463659674,0.551733434,0.508189559
7934f1476fe2c6e458c230f491769c34,7400034,Mankey,0.366666675,source,RightLowerLeg,0.09733199,0.4177918,0.491339326,0.473593831,-0.0530713871,-0.7592053,0.443283021
7934f1476fe2c6e458c230f491769c34,7400034,Mankey,0.366666675,source,LeftFoot,-0.140003413,0.09132203,0.8402611,0.5907561,0.09604808,-0.78466177,-0.161517754
7934f1476fe2c6e458c230f491769c34,7400034,Mankey,0.366666675,source,RightFoot,0.0422094725,0.1660979,0.257494032,0.463310719,-0.207541719,-0.336056948,0.793306768
7934f1476fe2c6e458c230f491769c34,7400034,Mankey,0.366666675,source,Spine,-0.030560784,0.8575669,0.6213523,-0.0245617665,0.00798897,0.0181850828,0.99950105
7934f1476fe2c6e458c230f491769c34,7400034,Mankey,0.366666675,source,Chest,-0.0370949842,1.03658473,0.6159183,0.149191543,-0.311350256,0.139659047,0.9280617
7934f1476fe2c6e458c230f491769c34,7400034,Mankey,0.366666675,source,Neck,-0.109146178,1.22209036,0.6553285,0.389784515,-0.268661469,0.231970847,0.8497523
7934f1476fe2c6e458c230f491769c34,7400034,Mankey,0.366666675,source,Head,-0.16159229,1.27321959,0.7020512,0.248822719,-0.03262538,0.166064456,0.953648865
7934f1476fe2c6e458c230f491769c34,7400034,Mankey,0.366666675,source,LeftShoulder,-0.117142335,1.17684817,0.62952137,0.129781947,-0.08405672,0.08067258,0.9846744
7934f1476fe2c6e458c230f491769c34,7400034,Mankey,0.366666675,source,RightShoulder,-0.07165693,1.186714,0.6662609,0.9019118,0.115627773,0.38461116,-0.158933729
7934f1476fe2c6e458c230f491769c34,7400034,Mankey,0.366666675,source,LeftUpperArm,-0.255289644,1.1573863,0.6030413,-0.0436878055,0.138085067,0.5068724,0.8497675
7934f1476fe2c6e458c230f491769c34,7400034,Mankey,0.366666675,source,RightUpperArm,0.0245398618,1.19896543,0.769996047,0.8540725,-0.0003674532,0.51996994,0.0138526475
7934f1476fe2c6e458c230f491769c34,7400034,Mankey,0.366666675,source,LeftLowerArm,-0.356799334,0.9649414,0.6662474,-0.54521,0.75242734,0.3522329,0.1119453
7934f1476fe2c6e458c230f491769c34,7400034,Mankey,0.366666675,source,RightLowerArm,0.128594354,1.20209157,0.9712334,0.465996981,-0.07306633,0.8556277,0.213095859
7934f1476fe2c6e458c230f491769c34,7400034,Mankey,0.366666675,source,LeftHand,-0.2668747,1.14023817,0.79685545,-0.571316838,0.702541,0.413431644,-0.09543708
7934f1476fe2c6e458c230f491769c34,7400034,Mankey,0.366666675,source,RightHand,0.0163437817,1.2721895,1.16709161,0.435112566,-0.121172547,0.881364346,0.138533339
7934f1476fe2c6e458c230f491769c34,7400034,Mankey,0.366666675,source,LeftToes,-0.102593571,0.0363755971,0.974433541,0.5991882,-0.0115102064,-0.799657464,-0.03727611
7934f1476fe2c6e458c230f491769c34,7400034,Mankey,0.366666675,source,RightToes,0.145225957,0.05746353,0.260172784,0.535223961,-0.261469066,-0.010403974,0.803157151
7934f1476fe2c6e458c230f491769c34,7400034,Mankey,0.366666675,source,LeftThumbProximal,-0.274766922,1.15763628,0.788441,-0.50248003,0.6890861,-0.484945863,0.19365564
7934f1476fe2c6e458c230f491769c34,7400034,Mankey,0.366666675,source,LeftThumbIntermediate,-0.256029457,1.19690824,0.7786062,-0.273967773,0.8344971,-0.3775234,0.2933142
7934f1476fe2c6e458c230f491769c34,7400034,Mankey,0.366666675,source,LeftThumbDistal,-0.235701382,1.21726322,0.787083864,0.4727631,0.7608002,0.0152313625,0.444350541
7934f1476fe2c6e458c230f491769c34,7400034,Mankey,0.366666675,source,LeftIndexProximal,-0.2644323,1.21876431,0.8141694,0.0356220156,0.924041748,0.152131587,-0.348904848
7934f1476fe2c6e458c230f491769c34,7400034,Mankey,0.366666675,source,LeftIndexIntermediate,-0.241183519,1.22000778,0.793952942,0.7202332,0.5823778,-0.169259638,-0.336826652
7934f1476fe2c6e458c230f491769c34,7400034,Mankey,0.366666675,source,LeftIndexDistal,-0.247067258,1.19880044,0.790647864,0.906130433,-0.174670428,-0.375502974,-0.086119
7934f1476fe2c6e458c230f491769c34,7400034,Mankey,0.366666675,source,LeftMiddleProximal,-0.251223236,1.21014392,0.8287016,0.04003103,0.9078832,0.178058252,-0.377414644
7934f1476fe2c6e458c230f491769c34,7400034,Mankey,0.366666675,source,LeftMiddleIntermediate,-0.227841392,1.212171,0.8057255,0.7036045,0.577856958,-0.178256989,-0.373158723
7934f1476fe2c6e458c230f491769c34,7400034,Mankey,0.366666675,source,LeftMiddleDistal,-0.233718663,1.19146836,0.8017781,0.88665545,-0.169777423,-0.41774103,-0.1025238
7934f1476fe2c6e458c230f491769c34,7400034,Mankey,0.366666675,source,LeftRingProximal,-0.240349263,1.20202386,0.8400535,0.128024042,0.855047345,0.179120436,-0.469489664
7934f1476fe2c6e458c230f491769c34,7400034,Mankey,0.366666675,source,LeftRingIntermediate,-0.2238633,1.20043445,0.813471556,0.6968378,0.507957935,-0.233461052,-0.449324369
7934f1476fe2c6e458c230f491769c34,7400034,Mankey,0.366666675,source,LeftRingDistal,-0.2310592,1.18282151,0.810955465,0.8376586,-0.148497954,-0.502917349,-0.152811825
7934f1476fe2c6e458c230f491769c34,7400034,Mankey,0.366666675,source,LeftLittleProximal,-0.228062019,1.19033909,0.8468927,0.104029179,0.835752845,0.206944689,-0.497865379
7934f1476fe2c6e458c230f491769c34,7400034,Mankey,0.366666675,source,LeftLittleIntermediate,-0.214816287,1.19122219,0.8228713,0.629692,0.5541642,-0.207331672,-0.5033928
7934f1476fe2c6e458c230f491769c34,7400034,Mankey,0.366666675,source,LeftLittleDistal,-0.22051245,1.17399812,0.817232549,0.823415458,0.00316056027,-0.5067029,-0.255401731
7934f1476fe2c6e458c230f491769c34,7400034,Mankey,0.366666675,source,RightThumbProximal,-0.00290390453,1.27970827,1.16413069,0.083768554,0.667429149,0.7113378,-0.203765929
7934f1476fe2c6e458c230f491769c34,7400034,Mankey,0.366666675,source,RightThumbIntermediate,-0.0431835279,1.271764,1.1815815,-0.262831569,-0.5788088,-0.6623592,0.3964602
7934f1476fe2c6e458c230f491769c34,7400034,Mankey,0.366666675,source,RightThumbDistal,-0.0596023165,1.26513827,1.20578742,0.6029011,0.162904233,0.189287812,-0.7577225
7934f1476fe2c6e458c230f491769c34,7400034,Mankey,0.366666675,source,RightIndexProximal,-0.0421564952,1.30078447,1.21433508,-0.264959037,0.292339146,-0.7825259,0.481651783
7934f1476fe2c6e458c230f491769c34,7400034,Mankey,0.366666675,source,RightIndexIntermediate,-0.05435667,1.272766,1.2184391,-0.0215429626,-0.385869235,0.201681569,-0.8999812
7934f1476fe2c6e458c230f491769c34,7400034,Mankey,0.366666675,source,RightIndexDistal,-0.0405362174,1.26505876,1.20278656,0.300919056,0.238428086,0.5211771,0.762217164
7934f1476fe2c6e458c230f491769c34,7400034,Mankey,0.366666675,source,RightMiddleProximal,-0.027299365,1.29426193,1.22835994,-0.2071375,0.345916361,-0.7606625,0.5087524
7934f1476fe2c6e458c230f491769c34,7400034,Mankey,0.366666675,source,RightMiddleIntermediate,-0.0403253064,1.26413727,1.22715211,-0.11591839,-0.3690072,0.135768011,-0.9121206
7934f1476fe2c6e458c230f491769c34,7400034,Mankey,0.366666675,source,RightMiddleDistal,-0.0252060965,1.260593,1.21173358,0.3662314,0.137036249,0.600491166,0.6975003
7934f1476fe2c6e458c230f491769c34,7400034,Mankey,0.366666675,source,RightRingProximal,-0.0145041868,1.28830969,1.239033,-0.172061473,0.427558362,-0.703872442,0.5405115
7934f1476fe2c6e458c230f491769c34,7400034,Mankey,0.366666675,source,RightRingIntermediate,-0.025668839,1.25986946,1.23214221,-0.21387592,-0.390344739,0.06063193,-0.893427432
7934f1476fe2c6e458c230f491769c34,7400034,Mankey,0.366666675,source,RightRingDistal,-0.0124694873,1.260992,1.2182591,0.4538452,0.07021554,0.6419295,0.6140205
7934f1476fe2c6e458c230f491769c34,7400034,Mankey,0.366666675,source,RightLittleProximal,-0.000966094842,1.27801657,1.2457459,-0.103639379,0.448240817,-0.7686478,0.444432378
7934f1476fe2c6e458c230f491769c34,7400034,Mankey,0.366666675,source,RightLittleIntermediate,-0.0169810262,1.25671792,1.239186,-0.239120752,-0.3727161,0.263362765,-0.8570558
7934f1476fe2c6e458c230f491769c34,7400034,Mankey,0.366666675,source,RightLittleDistal,-0.005890005,1.25152981,1.22465348,0.4563788,0.0448655747,0.466622025,0.756287158
7934f1476fe2c6e458c230f491769c34,7400034,Mankey,0.366666675,fighter,AnimatorRoot,0,0,0,0,0,0,1
7934f1476fe2c6e458c230f491769c34,7400034,Mankey,0.366666675,fighter,Hips,-0.026503738,0.7598964,0.628361,0.453752,-0.5254234,-0.4753608,0.540436447
7934f1476fe2c6e458c230f491769c34,7400034,Mankey,0.366666675,fighter,LeftUpperLeg,-0.147681609,0.7609978,0.632735968,0.33584708,0.575336158,0.371417284,0.646718264
7934f1476fe2c6e458c230f491769c34,7400034,Mankey,0.366666675,fighter,RightUpperLeg,0.09467413,0.758794963,0.623986,0.6149519,0.508261,0.5277071,0.291599333
7934f1476fe2c6e458c230f491769c34,7400034,Mankey,0.366666675,fighter,LeftLowerLeg,-0.170397177,0.4437751,0.8137624,0.510325134,0.5907628,0.4402697,0.443542928
7934f1476fe2c6e458c230f491769c34,7400034,Mankey,0.366666675,fighter,RightLowerLeg,0.121609882,0.417414665,0.494948417,0.7791197,0.412790269,0.46657753,0.0698739
7934f1476fe2c6e458c230f491769c34,7400034,Mankey,0.366666675,fighter,LeftFoot,-0.1400034,0.091321595,0.8402611,0.001254376,0.8443028,-0.0357302725,0.534672558
7934f1476fe2c6e458c230f491769c34,7400034,Mankey,0.366666675,fighter,RightFoot,0.0422095023,0.1660978,0.2574941,0.1982587,0.8911153,0.287540883,0.289702654
7934f1476fe2c6e458c230f491769c34,7400034,Mankey,0.366666675,fighter,Spine,-0.026446877,0.8046252,0.6186747,0.4442313,-0.5300562,-0.4719517,0.546773
7934f1476fe2c6e458c230f491769c34,7400034,Mankey,0.366666675,fighter,Chest,-0.0240837522,1.042673,0.5933438,0.7561723,-0.480429649,-0.3442699,0.2808369
7934f1476fe2c6e458c230f491769c34,7400034,Mankey,0.366666675,fighter,Neck,-0.0966630355,1.31131089,0.6464513,0.722087264,-0.42640844,-0.406746745,0.3623857
7934f1476fe2c6e458c230f491769c34,7400034,Mankey,0.366666675,fighter,Head,-0.142109886,1.44679,0.6878661,0.700779736,-0.285204023,-0.5021835,0.418782443
7934f1476fe2c6e458c230f491769c34,7400034,Mankey,0.366666675,fighter,LeftShoulder,-0.169395328,1.244928,0.7020744,0.8112959,-0.2421678,0.06808938,0.527747869
7934f1476fe2c6e458c230f491769c34,7400034,Mankey,0.366666675,fighter,RightShoulder,-0.121861227,1.2505759,0.7384673,0.33154422,-0.6278571,-0.7040876,-0.0116256475
7934f1476fe2c6e458c230f491769c34,7400034,Mankey,0.366666675,fighter,LeftUpperArm,-0.354780734,1.31307471,0.624372661,0.6230786,0.447792828,0.233623847,0.597222745
7934f1476fe2c6e458c230f491769c34,7400034,Mankey,0.366666675,fighter,RightUpperArm,0.04366833,1.33546567,0.8406589,-0.3221851,0.6685282,0.61476934,0.267069161
7934f1476fe2c6e458c230f491769c34,7400034,Mankey,0.366666675,fighter,LeftLowerArm,-0.492830247,1.07714844,0.6930684,-0.06685442,0.9349273,-0.2575228,0.234785184
7934f1476fe2c6e458c230f491769c34,7400034,Mankey,0.366666675,fighter,RightLowerArm,0.226796955,1.364329,1.05295348,-0.531438,0.08879679,0.286221564,0.7923172
7934f1476fe2c6e458c230f491769c34,7400034,Mankey,0.366666675,fighter,LeftHand,-0.26687482,1.14023829,0.79685545,0.5455438,-0.6750572,-0.489268959,-0.08541891
7934f1476fe2c6e458c230f491769c34,7400034,Mankey,0.366666675,fighter,RightHand,0.0163439736,1.27218914,1.16709137,0.0769160241,0.598349,-0.168558478,0.77952
7934f1476fe2c6e458c230f491769c34,7400034,Mankey,0.366666675,fighter,LeftToes,-0.0160748716,0.126303792,1.08984137,0.13340804,0.8028515,0.05744925,0.5782142
7934f1476fe2c6e458c230f491769c34,7400034,Mankey,0.366666675,fighter,RightToes,0.2554747,0.03831947,0.388118953,0.2041715,0.905139744,0.290328741,0.233977735
7934f1476fe2c6e458c230f491769c34,7400034,Mankey,0.366666675,fighter,LeftEye,-0.30336535,1.42243636,0.882016957,0.4901427,-0.175755009,-0.5660146,-0.639139
7934f1476fe2c6e458c230f491769c34,7400034,Mankey,0.366666675,fighter,RightEye,-0.0557396524,1.50136709,0.9200735,0.392647,-0.33841598,-0.7612051,-0.389705628
7934f1476fe2c6e458c230f491769c34,7400034,Mankey,0.366666675,fighter,Jaw,-0.107304439,1.28014636,0.807041764,0.696461439,0.295592546,-0.651072443,-0.06059575
7934f1476fe2c6e458c230f491769c34,7400034,Mankey,0.366666675,fighter,LeftThumbProximal,-0.256481141,1.21280456,0.8011848,0.3253312,-0.850091457,-0.320707738,0.2620141
7934f1476fe2c6e458c230f491769c34,7400034,Mankey,0.366666675,fighter,LeftThumbIntermediate,-0.2272434,1.24519348,0.790549934,0.2967272,-0.86467886,-0.404289573,-0.0288877338
7934f1476fe2c6e458c230f491769c34,7400034,Mankey,0.366666675,fighter,LeftThumbDistal,-0.195370674,1.26417923,0.801786661,-0.0598817021,-0.524752259,-0.488098323,-0.6948455
7934f1476fe2c6e458c230f491769c34,7400034,Mankey,0.366666675,fighter,LeftMiddleProximal,-0.240064442,1.25998414,0.851407,-0.157263279,-0.9146285,-0.172705725,0.3299945
7934f1476fe2c6e458c230f491769c34,7400034,Mankey,0.366666675,fighter,LeftMiddleIntermediate,-0.195624039,1.24945,0.811501563,-0.8060286,-0.487158239,0.100399226,0.320804358
7934f1476fe2c6e458c230f491769c34,7400034,Mankey,0.366666675,fighter,LeftMiddleDistal,-0.222571254,1.20412421,0.803462267,-0.9199424,0.264875382,0.270054877,0.103045143
7934f1476fe2c6e458c230f491769c34,7400034,Mankey,0.366666675,fighter,LeftRingProximal,-0.207284376,1.23063159,0.884702146,-0.247431457,-0.848296762,-0.213802189,0.416484982
7934f1476fe2c6e458c230f491769c34,7400034,Mankey,0.366666675,fighter,LeftRingIntermediate,-0.178980216,1.21773946,0.841368,-0.796179,-0.420980781,0.147536889,0.408788323
7934f1476fe2c6e458c230f491769c34,7400034,Mankey,0.366666675,fighter,LeftRingDistal,-0.2119112,1.17447233,0.8353918,-0.873577058,0.230496556,0.395490468,0.165295526
7934f1476fe2c6e458c230f491769c34,7400034,Mankey,0.366666675,fighter,LeftLittleProximal,-0.1844465,1.17859626,0.9045038,-0.211842686,-0.8390428,-0.228114814,0.446199656
7934f1476fe2c6e458c230f491769c34,7400034,Mankey,0.366666675,fighter,LeftLittleIntermediate,-0.157133415,1.17049289,0.85940963,-0.754672766,-0.480267346,0.09827481,0.436067641
7934f1476fe2c6e458c230f491769c34,7400034,Mankey,0.366666675,fighter,LeftLittleDistal,-0.185867578,1.12564659,0.844442546,-0.8876927,0.09157197,0.386230469,0.2333309
7934f1476fe2c6e458c230f491769c34,7400034,Mankey,0.366666675,fighter,RightThumbProximal,-0.04370866,1.28628707,1.20693517,-0.219477624,-0.351213157,-0.136676788,-0.899888337
7934f1476fe2c6e458c230f491769c34,7400034,Mankey,0.366666675,fighter,RightThumbIntermediate,-0.0758619457,1.26831591,1.23262918,0.144277811,0.5901672,0.143938959,0.781133056
7934f1476fe2c6e458c230f491769c34,7400034,Mankey,0.366666675,fighter,RightThumbDistal,-0.0860167742,1.25299811,1.26675868,0.0326734334,-0.9773473,-0.159379959,-0.1353652
7934f1476fe2c6e458c230f491769c34,7400034,Mankey,0.366666675,fighter,RightMiddleProximal,-0.05841623,1.30999887,1.272044,-0.355891854,-0.254970044,-0.575251639,-0.6909539
7934f1476fe2c6e458c230f491769c34,7400034,Mankey,0.366666675,fighter,RightMiddleIntermediate,-0.07104035,1.250779,1.26858032,0.5008326,-0.0581255332,0.8635637,0.006853372
7934f1476fe2c6e458c230f491769c34,7400034,Mankey,0.366666675,fighter,RightMiddleDistal,-0.04446413,1.2532531,1.22239852,-0.3074714,0.358238041,-0.59203285,0.653165
7934f1476fe2c6e458c230f491769c34,7400034,Mankey,0.366666675,fighter,RightRingProximal,-0.0161366779,1.29022515,1.30147433,-0.473246545,-0.243295208,-0.5750189,-0.6214492
7934f1476fe2c6e458c230f491769c34,7400034,Mankey,0.366666675,fighter,RightRingIntermediate,-0.0278886463,1.23982024,1.28857338,0.5227373,-0.166339681,0.834455252,-0.05255738
7934f1476fe2c6e458c230f491769c34,7400034,Mankey,0.366666675,fighter,RightRingDistal,-0.00338424114,1.254131,1.24180865,-0.203503668,0.481039971,-0.5334895,0.6652645
7934f1476fe2c6e458c230f491769c34,7400034,Mankey,0.366666675,fighter,RightLittleProximal,0.0386820622,1.26582932,1.30606866,-0.4649743,-0.182153165,-0.483873934,-0.7186692
7934f1476fe2c6e458c230f491769c34,7400034,Mankey,0.366666675,fighter,RightLittleIntermediate,0.0138590923,1.21969628,1.29603207,0.528029859,-0.144611478,0.8247796,0.141462415
7934f1476fe2c6e458c230f491769c34,7400034,Mankey,0.366666675,fighter,RightLittleDistal,0.0361192264,1.21523535,1.24557912,-0.196469218,0.468178451,-0.687188,0.519597948
7934f1476fe2c6e458c230f491769c34,7400034,Mankey,0.366666675,fighter,UpperChest,-0.0600752048,1.15255237,0.6233009,0.7254561,-0.525664032,-0.32649675,0.301315546
7934f1476fe2c6e458c230f491769c34,7400034,Mankey,0.383333325,source,AnimatorRoot,3.860982E-08,4.14447671E-10,0.515475333,0,0,3.46272442E-16,1
7934f1476fe2c6e458c230f491769c34,7400034,Mankey,0.383333325,source,Hips,-0.0246414412,0.764958143,0.63941735,-0.04130698,0.0132178664,0.0254509188,0.998734832
7934f1476fe2c6e458c230f491769c34,7400034,Mankey,0.383333325,source,LeftUpperLeg,-0.124737337,0.759970665,0.6422753,-0.6507556,-0.371642023,0.575119436,0.328080922
7934f1476fe2c6e458c230f491769c34,7400034,Mankey,0.383333325,source,RightUpperLeg,0.0754546747,0.76994586,0.636559367,0.538379252,-0.29788,-0.617358446,0.490187556
7934f1476fe2c6e458c230f491769c34,7400034,Mankey,0.383333325,source,LeftLowerLeg,-0.147936925,0.439011931,0.8303875,-0.465413779,-0.4657779,0.5475851,0.5163253
7934f1476fe2c6e458c230f491769c34,7400034,Mankey,0.383333325,source,RightLowerLeg,0.09792079,0.4247886,0.497633,0.491886556,-0.08276025,-0.745333,0.442353934
7934f1476fe2c6e458c230f491769c34,7400034,Mankey,0.383333325,source,LeftFoot,-0.136246815,0.09139811,0.8403811,0.5957337,0.0983875,-0.7798666,-0.165014878
7934f1476fe2c6e458c230f491769c34,7400034,Mankey,0.383333325,source,RightFoot,0.05451633,0.167017579,0.267976582,0.456727266,-0.249531955,-0.324800074,0.7897084
7934f1476fe2c6e458c230f491769c34,7400034,Mankey,0.383333325,source,Spine,-0.0297307987,0.862502337,0.6313969,-0.0340591036,0.017358847,0.0334462225,0.9987092
7934f1476fe2c6e458c230f491769c34,7400034,Mankey,0.383333325,source,Chest,-0.04180616,1.041104,0.6227213,0.140566155,-0.279199451,0.148374826,0.938229144
7934f1476fe2c6e458c230f491769c34,7400034,Mankey,0.383333325,source,Neck,-0.114766017,1.22662485,0.660347342,0.386348426,-0.236308977,0.236276418,0.8596898
7934f1476fe2c6e458c230f491769c34,7400034,Mankey,0.383333325,source,Head,-0.165923581,1.27786708,0.7083571,0.2526868,-0.03477087,0.164525732,0.9528231
7934f1476fe2c6e458c230f491769c34,7400034,Mankey,0.383333325,source,LeftShoulder,-0.123471543,1.18040633,0.636580646,0.112846494,-0.04019031,0.0905540362,0.9886611
7934f1476fe2c6e458c230f491769c34,7400034,Mankey,0.383333325,source,RightShoulder,-0.0760321841,1.19226491,0.6701207,0.9291395,0.112012535,0.317300439,-0.153211072
7934f1476fe2c6e458c230f491769c34,7400034,Mankey,0.383333325,source,LeftUpperArm,-0.2626862,1.15626836,0.6223938,-0.0574536,0.191918314,0.5144418,0.8337963
7934f1476fe2c6e458c230f491769c34,7400034,Mankey,0.383333325,source,RightUpperArm,0.0338162929,1.2080102,0.758722544,0.8739489,-0.05510701,0.4827874,0.00966289453
7934f1476fe2c6e458c230f491769c34,7400034,Mankey,0.383333325,source,LeftLowerArm,-0.3526427,0.9668946,0.70829916,-0.5502728,0.7633058,0.32882756,0.0802298263
7934f1476fe2c6e458c230f491769c34,7400034,Mankey,0.383333325,source,RightLowerArm,0.153390452,1.188305,0.950157464,0.424226969,-0.116081931,0.865887642,0.23831819
7934f1476fe2c6e458c230f491769c34,7400034,Mankey,0.383333325,source,LeftHand,-0.262458682,1.15299141,0.82279253,-0.553832,0.7284871,0.388879925,-0.10653457
7934f1476fe2c6e458c230f491769c34,7400034,Mankey,0.383333325,source,RightHand,0.0289431289,1.2625773,1.1368947,0.443951815,-0.179163083,0.853487432,0.2058323
7934f1476fe2c6e458c230f491769c34,7400034,Mankey,0.383333325,source,LeftToes,-0.100947522,0.0353063531,0.974651456,0.6044083,-0.0109797195,-0.795608163,-0.0397230461
7934f1476fe2c6e458c230f491769c34,7400034,Mankey,0.383333325,source,RightToes,0.154013023,0.0560735,0.282564431,0.5174409,-0.2984217,-0.0003823452,0.8019973
7934f1476fe2c6e458c230f491769c34,7400034,Mankey,0.383333325,source,LeftThumbProximal,-0.269628435,1.17004192,0.8131151,-0.494400471,0.680900156,-0.5139784,0.166643068
7934f1476fe2c6e458c230f491769c34,7400034,Mankey,0.383333325,source,LeftThumbIntermediate,-0.249304041,1.20771909,0.800566733,-0.2668942,0.8252948,-0.413553059,0.276821733
7934f1476fe2c6e458c230f491769c34,7400034,Mankey,0.383333325,source,LeftThumbDistal,-0.2281825,1.22779739,0.8076495,0.4716976,0.7505043,-0.0204251632,0.4624153
7934f1476fe2c6e458c230f491769c34,7400034,Mankey,0.383333325,source,LeftIndexProximal,-0.2568699,1.232398,0.8344304,0.06656557,0.92852515,0.125843018,-0.342890769
7934f1476fe2c6e458c230f491769c34,7400034,Mankey,0.383333325,source,LeftIndexIntermediate,-0.233559474,1.23124766,0.814279437,0.743739963,0.5617568,-0.182211637,-0.313176781
7934f1476fe2c6e458c230f491769c34,7400034,Mankey,0.383333325,source,LeftIndexDistal,-0.240290776,1.210111,0.8124808,0.9054876,-0.206188589,-0.3658209,-0.06127338
7934f1476fe2c6e458c230f491769c34,7400034,Mankey,0.383333325,source,LeftMiddleProximal,-0.244041935,1.2243216,0.849602461,0.0716323853,0.9132664,0.152910739,-0.370718271
7934f1476fe2c6e458c230f491769c34,7400034,Mankey,0.383333325,source,LeftMiddleIntermediate,-0.220562741,1.223748,0.826643348,0.7283549,0.557305336,-0.190330192,-0.350264341
7934f1476fe2c6e458c230f491769c34,7400034,Mankey,0.383333325,source,LeftMiddleDistal,-0.227266192,1.203068,0.824167669,0.8867805,-0.2024025,-0.407896727,-0.0792099759
7934f1476fe2c6e458c230f491769c34,7400034,Mankey,0.383333325,source,LeftRingProximal,-0.233522087,1.21660888,0.8615563,0.161796,0.8588745,0.157861039,-0.459605068
7934f1476fe2c6e458c230f491769c34,7400034,Mankey,0.383333325,source,LeftRingIntermediate,-0.217073932,1.212449,0.83523,0.723006,0.485728443,-0.2414453,-0.427825749
7934f1476fe2c6e458c230f491769c34,7400034,Mankey,0.383333325,source,LeftRingDistal,-0.224972218,1.19500422,0.8339542,0.8401904,-0.183143392,-0.492824018,-0.13290523
7934f1476fe2c6e458c230f491769c34,7400034,Mankey,0.383333325,source,LeftLittleProximal,-0.2217275,1.2049619,0.8692713,0.138412371,0.84112376,0.186893031,-0.488287032
7934f1476fe2c6e458c230f491769c34,7400034,Mankey,0.383333325,source,LeftLittleIntermediate,-0.208420858,1.20358074,0.8453072,0.6587567,0.534270167,-0.216009155,-0.483668745
7934f1476fe2c6e458c230f491769c34,7400034,Mankey,0.383333325,source,LeftLittleDistal,-0.214800164,1.18623853,0.8408954,0.8327163,-0.031311363,-0.500014842,-0.2357726
7934f1476fe2c6e458c230f491769c34,7400034,Mankey,0.383333325,source,RightThumbProximal,0.011215616,1.2734642,1.13516665,0.1505646,0.6343088,0.7419849,-0.156337962
7934f1476fe2c6e458c230f491769c34,7400034,Mankey,0.383333325,source,RightThumbIntermediate,-0.029191317,1.271635,1.15398216,-0.315029919,-0.527870059,-0.7041192,0.355423957
7934f1476fe2c6e458c230f491769c34,7400034,Mankey,0.383333325,source,RightThumbDistal,-0.04565156,1.26659894,1.17854023,0.598258436,0.0893467143,0.246860713,-0.7570763
7934f1476fe2c6e458c230f491769c34,7400034,Mankey,0.383333325,source,RightIndexProximal,-0.0219471883,1.29815626,1.18804359,-0.24122043,0.344537228,-0.808132768,0.412345141
7934f1476fe2c6e458c230f491769c34,7400034,Mankey,0.383333325,source,RightIndexIntermediate,-0.0387090743,1.27248275,1.1913054,-0.0748949,-0.405667335,0.269635022,-0.8701278
7934f1476fe2c6e458c230f491769c34,7400034,Mankey,0.383333325,source,RightIndexDistal,-0.0270114578,1.26339364,1.17469335,0.351017654,0.212604359,0.452598,0.7916702
7934f1476fe2c6e458c230f491769c34,7400034,Mankey,0.383333325,source,RightMiddleProximal,-0.007974922,1.288387,1.201056,-0.177817792,0.3927954,-0.788475,0.4386346
7934f1476fe2c6e458c230f491769c34,7400034,Mankey,0.383333325,source,RightMiddleIntermediate,-0.0261052512,1.26108336,1.19895053,-0.169026673,-0.379137784,0.207407072,-0.8858145
7934f1476fe2c6e458c230f491769c34,7400034,Mankey,0.383333325,source,RightMiddleDistal,-0.0123931682,1.25585008,1.18271875,0.4070681,0.102558367,0.533228636,0.7344692
7934f1476fe2c6e458c230f491769c34,7400034,Mankey,0.383333325,source,RightRingProximal,0.003949971,1.279723,1.21084332,-0.1337873,0.4701523,-0.733252168,0.472651422
7934f1476fe2c6e458c230f491769c34,7400034,Mankey,0.383333325,source,RightRingIntermediate,-0.0122547792,1.254073,1.20306742,-0.2694311,-0.389465839,0.13236621,-0.8707484
7934f1476fe2c6e458c230f491769c34,7400034,Mankey,0.383333325,source,RightRingDistal,0.0004390357,1.253675,1.18868256,0.487086833,0.0256096441,0.578254759,0.6539972
7934f1476fe2c6e458c230f491769c34,7400034,Mankey,0.383333325,source,RightLittleProximal,0.0157065168,1.26688445,1.21643281,-0.06769567,0.484554768,-0.7901774,0.369112223
7934f1476fe2c6e458c230f491769c34,7400034,Mankey,0.383333325,source,RightLittleIntermediate,-0.0040094,1.24907684,1.209554,-0.2880017,-0.374339,0.332005769,-0.816516
7934f1476fe2c6e458c230f491769c34,7400034,Mankey,0.383333325,source,RightLittleDistal,0.0054828776,1.24287391,1.19430482,0.48764205,0.007633905,0.390567869,0.7807717
7934f1476fe2c6e458c230f491769c34,7400034,Mankey,0.383333325,fighter,AnimatorRoot,0,0,0,0,0,0,1
7934f1476fe2c6e458c230f491769c34,7400034,Mankey,0.383333325,fighter,Hips,-0.0246414412,0.7649581,0.6394173,0.44944033,-0.522989452,-0.475354224,0.546373367
7934f1476fe2c6e458c230f491769c34,7400034,Mankey,0.383333325,fighter,LeftUpperLeg,-0.145755529,0.7656961,0.6453556,0.346296936,0.5771446,0.375273079,0.6373012
7934f1476fe2c6e458c230f491769c34,7400034,Mankey,0.383333325,fighter,RightUpperLeg,0.09647264,0.764220059,0.633479,0.6114268,0.500453234,0.5350978,0.298955321
7934f1476fe2c6e458c230f491769c34,7400034,Mankey,0.383333325,fighter,LeftLowerLeg,-0.164838418,0.44437623,0.8194423,0.51636523,0.5870291,0.44237414,0.439396322
7934f1476fe2c6e458c230f491769c34,7400034,Mankey,0.383333325,fighter,RightLowerLeg,0.123393022,0.423186928,0.5035236,0.7661444,0.407409579,0.486765146,0.100499004
7934f1476fe2c6e458c230f491769c34,7400034,Mankey,0.383333325,fighter,LeftFoot,-0.13624686,0.0913982,0.840381,0.00560666248,0.8407737,-0.03411433,0.540282
7934f1476fe2c6e458c230f491769c34,7400034,Mankey,0.383333325,fighter,RightFoot,0.05451637,0.1670175,0.267976671,0.193287835,0.882666,0.272988737,0.330178857
7934f1476fe2c6e458c230f491769c34,7400034,Mankey,0.383333325,fighter,Spine,-0.0248611812,0.8096103,0.6293861,0.4429577,-0.52394253,-0.464570165,0.5598637
7934f1476fe2c6e458c230f491769c34,7400034,Mankey,0.383333325,fighter,Chest,-0.02874058,1.0472306,0.600480258,0.745337844,-0.471210629,-0.357569546,0.307532519
7934f1476fe2c6e458c230f491769c34,7400034,Mankey,0.383333325,fighter,Neck,-0.102191284,1.3162235,0.650503159,0.715759,-0.419957876,-0.413191617,0.374963224
7934f1476fe2c6e458c230f491769c34,7400034,Mankey,0.383333325,fighter,Head,-0.147690251,1.45176721,0.691648543,0.7026019,-0.284699917,-0.503396332,0.4145947
7934f1476fe2c6e458c230f491769c34,7400034,Mankey,0.383333325,fighter,LeftShoulder,-0.170544937,1.25042343,0.7120558,0.8084605,-0.2087985,0.0467372537,0.5482799
7934f1476fe2c6e458c230f491769c34,7400034,Mankey,0.383333325,fighter,RightShoulder,-0.121065833,1.25772631,0.745437145,0.278452516,-0.646253943,-0.7098914,0.02957365
7934f1476fe2c6e458c230f491769c34,7400034,Mankey,0.383333325,fighter,LeftUpperArm,-0.363359183,1.31120276,0.6474196,0.611826241,0.478581548,0.197925255,0.597874761
7934f1476fe2c6e458c230f491769c34,7400034,Mankey,0.383333325,fighter,RightUpperArm,0.05789748,1.343027,0.821235061,-0.259928346,0.6732101,0.6218592,0.304166049
7934f1476fe2c6e458c230f491769c34,7400034,Mankey,0.383333325,fighter,LeftLowerArm,-0.4940152,1.07944322,0.740449965,-0.08791327,0.9260916,-0.306068122,0.2023567
7934f1476fe2c6e458c230f491769c34,7400034,Mankey,0.383333325,fighter,RightLowerArm,0.24950923,1.33504391,1.02777636,-0.514941454,0.108257316,0.241612166,0.8153155
7934f1476fe2c6e458c230f491769c34,7400034,Mankey,0.383333325,fighter,LeftHand,-0.262458861,1.15299153,0.822792649,0.535255432,-0.7029685,-0.462030649,-0.07658399
7934f1476fe2c6e458c230f491769c34,7400034,Mankey,0.383333325,fighter,RightHand,0.0289430972,1.26257694,1.13689435,0.146063447,0.6090919,-0.22163,0.747364163
7934f1476fe2c6e458c230f491769c34,7400034,Mankey,0.383333325,fighter,LeftToes,-0.0155392215,0.123957857,1.09186065,0.135365039,0.7986616,0.05865881,0.583416939
7934f1476fe2c6e458c230f491769c34,7400034,Mankey,0.383333325,fighter,RightToes,0.253984272,0.0394668579,0.4190249,0.2047176,0.8975979,0.278328031,0.2737561
7934f1476fe2c6e458c230f491769c34,7400034,Mankey,0.383333325,fighter,LeftEye,-0.3094388,1.42630863,0.8852467,0.4876786,-0.173502624,-0.5651386,-0.6424057
7934f1476fe2c6e458c230f491769c34,7400034,Mankey,0.383333325,fighter,RightEye,-0.06162184,1.50404644,0.924495935,0.3911778,-0.335415,-0.7615614,-0.393066168
7934f1476fe2c6e458c230f491769c34,7400034,Mankey,0.383333325,fighter,Jaw,-0.113714486,1.28398561,0.8094592,0.6973893,0.297239929,-0.648959339,-0.06440942
7934f1476fe2c6e458c230f491769c34,7400034,Mankey,0.383333325,fighter,LeftThumbProximal,-0.249146715,1.22520447,0.821942747,0.303178757,-0.866246939,-0.2933787,0.267635
7934f1476fe2c6e458c230f491769c34,7400034,Mankey,0.383333325,fighter,LeftThumbIntermediate,-0.218925774,1.25584674,0.80910784,0.289260775,-0.8817916,-0.37162298,-0.0258616656
7934f1476fe2c6e458c230f491769c34,7400034,Mankey,0.383333325,fighter,LeftThumbDistal,-0.18670103,1.27487612,0.819209456,-0.0390970819,-0.5387253,-0.461333364,-0.703859866
7934f1476fe2c6e458c230f491769c34,7400034,Mankey,0.383333325,fighter,LeftMiddleProximal,-0.230911627,1.27517784,0.868717,-0.1841776,-0.919833958,-0.1480199,0.313169062
7934f1476fe2c6e458c230f491769c34,7400034,Mankey,0.383333325,fighter,LeftMiddleIntermediate,-0.186273232,1.26025093,0.8304684,-0.8252481,-0.474086523,0.11122565,0.286071926
7934f1476fe2c6e458c230f491769c34,7400034,Mankey,0.383333325,fighter,LeftMiddleDistal,-0.214316577,1.21511889,0.825791955,-0.921458244,0.2869245,0.252221823,0.07052856
7934f1476fe2c6e458c230f491769c34,7400034,Mankey,0.383333325,fighter,LeftRingProximal,-0.199394926,1.247003,0.9041792,-0.2772723,-0.8543384,-0.192758814,0.395057827
7934f1476fe2c6e458c230f491769c34,7400034,Mankey,0.383333325,fighter,LeftRingIntermediate,-0.170906,1.229856,0.862471461,-0.818660557,-0.4068127,0.154161647,0.374877334
7934f1476fe2c6e458c230f491769c34,7400034,Mankey,0.383333325,fighter,LeftRingDistal,-0.204901412,1.18709826,0.8595942,-0.8791126,0.256826639,0.377792746,0.1359206
7934f1476fe2c6e458c230f491769c34,7400034,Mankey,0.383333325,fighter,LeftLittleProximal,-0.178708956,1.19565165,0.9277689,-0.243191928,-0.8461268,-0.2079368,0.426251054
7934f1476fe2c6e458c230f491769c34,7400034,Mankey,0.383333325,fighter,LeftLittleIntermediate,-0.151060939,1.18315542,0.883898556,-0.7791877,-0.4689358,0.106827825,0.4019378
7934f1476fe2c6e458c230f491769c34,7400034,Mankey,0.383333325,fighter,LeftLittleDistal,-0.180791169,1.1379739,0.872253239,-0.898189247,0.117602229,0.372372448,0.201905
7934f1476fe2c6e458c230f491769c34,7400034,Mankey,0.383333325,fighter,RightThumbProximal,-0.0262722727,1.28458393,1.180017,-0.281649947,-0.354571879,-0.07539731,-0.88840735
7934f1476fe2c6e458c230f491769c34,7400034,Mankey,0.383333325,fighter,RightThumbIntermediate,-0.05937982,1.26959741,1.20640373,0.220802665,0.5944565,0.102891654,0.7663429
7934f1476fe2c6e458c230f491769c34,7400034,Mankey,0.383333325,fighter,RightThumbDistal,-0.06992602,1.25330865,1.23996019,-0.0498869419,-0.9739996,-0.1858546,-0.119561151
7934f1476fe2c6e458c230f491769c34,7400034,Mankey,0.383333325,fighter,RightMiddleProximal,-0.03429701,1.30678844,1.24680221,-0.4066747,-0.218888655,-0.522985458,-0.7163728
7934f1476fe2c6e458c230f491769c34,7400034,Mankey,0.383333325,fighter,RightMiddleIntermediate,-0.05595765,1.2505461,1.24002409,0.5201935,-0.126575842,0.842873335,0.0542422235
7934f1476fe2c6e458c230f491769c34,7400034,Mankey,0.383333325,fighter,RightMiddleDistal,-0.0317991748,1.2526927,1.19251692,-0.273100436,0.42059046,-0.616041243,0.6074649
7934f1476fe2c6e458c230f491769c34,7400034,Mankey,0.383333325,fighter,RightRingProximal,0.00488235662,1.27838385,1.27331388,-0.5202925,-0.195740223,-0.5240305,-0.6452706
7934f1476fe2c6e458c230f491769c34,7400034,Mankey,0.383333325,fighter,RightRingIntermediate,-0.0150752384,1.23144627,1.257702,0.5307066,-0.236078814,0.813996553,-0.005196333
7934f1476fe2c6e458c230f491769c34,7400034,Mankey,0.383333325,fighter,RightRingDistal,0.008809973,1.24561572,1.2105751,-0.15852052,0.532835543,-0.5570133,0.617004
7934f1476fe2c6e458c230f491769c34,7400034,Mankey,0.383333325,fighter,RightLittleProximal,0.05471442,1.24466109,1.27425885,-0.5064655,-0.1428969,-0.423206985,-0.7375425
7934f1476fe2c6e458c230f491769c34,7400034,Mankey,0.383333325,fighter,RightLittleIntermediate,0.0226594657,1.20364189,1.26263618,0.544418454,-0.2111307,0.789725363,0.188059852
7934f1476fe2c6e458c230f491769c34,7400034,Mankey,0.383333325,fighter,RightLittleDistal,0.0412757061,1.19992685,1.21066952,-0.160636127,0.522367,-0.7005796,0.4588216
7934f1476fe2c6e458c230f491769c34,7400034,Mankey,0.383333325,fighter,UpperChest,-0.06459802,1.15739763,0.629527867,0.715204239,-0.515801132,-0.338143051,0.3287727
7934f1476fe2c6e458c230f491769c34,7400034,Mankey,0.4,source,AnimatorRoot,3.95039663E-08,4.240457E-10,0.527413,0,0,3.61327765E-16,1
7934f1476fe2c6e458c230f491769c34,7400034,Mankey,0.4,source,Hips,-0.0245987047,0.769566834,0.6476823,-0.0454873554,0.0294043366,0.0285536963,0.9981237
7934f1476fe2c6e458c230f491769c34,7400034,Mankey,0.4,source,LeftUpperLeg,-0.124522671,0.764120162,0.6538279,-0.6384438,-0.371323556,0.581726134,0.340738982
7934f1476fe2c6e458c230f491769c34,7400034,Mankey,0.4,source,RightUpperLeg,0.0753254741,0.7750137,0.641536653,0.5372964,-0.291852564,-0.616080165,0.496568173
7934f1476fe2c6e458c230f491769c34,7400034,Mankey,0.4,source,LeftLowerLeg,-0.142200828,0.4396187,0.8363799,-0.458886355,-0.467603028,0.544709,0.5235103
7934f1476fe2c6e458c230f491769c34,7400034,Mankey,0.4,source,RightLowerLeg,0.101616919,0.4300478,0.5028063,0.4988059,-0.09396674,-0.737337,0.445754766
7934f1476fe2c6e458c230f491769c34,7400034,Mankey,0.4,source,LeftFoot,-0.131511375,0.09184758,0.8399739,0.601609766,0.103698984,-0.7737393,-0.169233352
7934f1476fe2c6e458c230f491769c34,7400034,Mankey,0.4,source,RightFoot,0.065084666,0.168704644,0.276008755,0.44949764,-0.267721057,-0.3258435,0.7874667
7934f1476fe2c6e458c230f491769c34,7400034,Mankey,0.4,source,Spine,-0.0304472018,0.867007,0.6389476,-0.0414236,0.0336259939,0.04419303,0.997597337
7934f1476fe2c6e458c230f491769c34,7400034,Mankey,0.4,source,Chest,-0.0465357751,1.04516482,0.6279679,0.132497177,-0.2463285,0.1519961,0.9479791
7934f1476fe2c6e458c230f491769c34,7400034,Mankey,0.4,source,Neck,-0.118730575,1.23116219,0.6647082,0.3869986,-0.203873813,0.233887881,0.8683112
7934f1476fe2c6e458c230f491769c34,7400034,Mankey,0.4,source,Head,-0.1677274,1.28251207,0.714810967,0.257303983,-0.03432502,0.158159167,0.9526817
7934f1476fe2c6e458c230f491769c34,7400034,Mankey,0.4,source,LeftShoulder,-0.128485724,1.18418765,0.642912745,0.09917603,-0.0017468275,0.09494856,0.9905283
7934f1476fe2c6e458c230f491769c34,7400034,Mankey,0.4,source,RightShoulder,-0.0791267,1.19740856,0.67299515,0.9479509,0.113868386,0.2604881,-0.143420592
7934f1476fe2c6e458c230f491769c34,7400034,Mankey,0.4,source,LeftUpperArm,-0.267926753,1.15752661,0.6397471,-0.06290467,0.229958773,0.517642,0.8217111
7934f1476fe2c6e458c230f491769c34,7400034,Mankey,0.4,source,RightUpperArm,0.03992524,1.21744835,0.747761,0.884798169,-0.117757373,0.450764567,0.008773404
7934f1476fe2c6e458c230f491769c34,7400034,Mankey,0.4,source,LeftLowerArm,-0.349114358,0.9713369,0.7401278,-0.5531637,0.7674359,0.317719758,0.064081274
7934f1476fe2c6e458c230f491769c34,7400034,Mankey,0.4,source,RightLowerArm,0.168138951,1.1720314,0.928957462,0.389583379,-0.160042018,0.8635842,0.2771901
7934f1476fe2c6e458c230f491769c34,7400034,Mankey,0.4,source,LeftHand,-0.25933674,1.1624037,0.8464636,-0.542991042,0.7441172,0.373110265,-0.1106329
7934f1476fe2c6e458c230f491769c34,7400034,Mankey,0.4,source,RightHand,0.03983613,1.25571907,1.10898256,0.442255735,-0.242090791,0.822019935,0.264737
7934f1476fe2c6e458c230f491769c34,7400034,Mankey,0.4,source,LeftToes,-0.0987413749,0.0339511074,0.9741192,0.6109995,-0.008452252,-0.790484667,-0.0417428128
7934f1476fe2c6e458c230f491769c34,7400034,Mankey,0.4,source,RightToes,0.161560521,0.0558242761,0.295281261,0.505900145,-0.3141518,-0.001156297,0.803350866
7934f1476fe2c6e458c230f491769c34,7400034,Mankey,0.4,source,LeftThumbProximal,-0.265992373,1.17921579,0.83603096,-0.487057537,0.67593044,-0.531903863,0.151564419
7934f1476fe2c6e458c230f491769c34,7400034,Mankey,0.4,source,LeftThumbIntermediate,-0.244596884,1.21578169,0.822057,-0.260338932,0.8190145,-0.4352767,0.268279463
7934f1476fe2c6e458c230f491769c34,7400034,Mankey,0.4,source,LeftThumbDistal,-0.222988755,1.23557532,0.828439355,0.4718754,0.7420976,-0.04080523,0.474300146
7934f1476fe2c6e458c230f491769c34,7400034,Mankey,0.4,source,LeftIndexProximal,-0.251698881,1.2420541,0.8548039,0.08567074,0.931088,0.111079365,-0.336745679
7934f1476fe2c6e458c230f491769c34,7400034,Mankey,0.4,source,LeftIndexIntermediate,-0.228310317,1.23944187,0.8348814,0.758123457,0.5488804,-0.187409177,-0.2980903
7934f1476fe2c6e458c230f491769c34,7400034,Mankey,0.4,source,LeftIndexDistal,-0.235592633,1.21843362,0.833922863,0.904921353,-0.225631878,-0.357669,-0.0477646
7934f1476fe2c6e458c230f491769c34,7400034,Mankey,0.4,source,LeftMiddleProximal,-0.239179775,1.234287,0.8703898,0.09103088,0.916423857,0.138844728,-0.364147544
7934f1476fe2c6e458c230f491769c34,7400034,Mankey,0.4,source,LeftMiddleIntermediate,-0.215590745,1.23212814,0.8476386,0.743488431,0.5445827,-0.194988459,-0.335611343
7934f1476fe2c6e458c230f491769c34,7400034,Mankey,0.4,source,LeftMiddleDistal,-0.222829089,1.21154678,0.8459847,0.8867816,-0.222424358,-0.3996329,-0.0666348562
7934f1476fe2c6e458c230f491769c34,7400034,Mankey,0.4,source,LeftRingProximal,-0.228939459,1.22680855,0.882728934,0.182294071,0.861239851,0.146403968,-0.451222032
7934f1476fe2c6e458c230f491769c34,7400034,Mankey,0.4,source,LeftRingIntermediate,-0.21245487,1.221112,0.8567151,0.7389822,0.4722744,-0.243571937,-0.4141683
7934f1476fe2c6e458c230f491769c34,7400034,Mankey,0.4,source,LeftRingDistal,-0.220808312,1.20384383,0.8561161,0.8418601,-0.204163656,-0.484373629,-0.122357592
7934f1476fe2c6e458c230f491769c34,7400034,Mankey,0.4,source,LeftLittleProximal,-0.217505127,1.21518886,0.891006768,0.159191072,0.8445063,0.176105544,-0.480057061
7934f1476fe2c6e458c230f491769c34,7400034,Mankey,0.4,source,LeftLittleIntermediate,-0.20410049,1.21244991,0.8672147,0.6764887,0.522366643,-0.2186267,-0.4708495
7934f1476fe2c6e458c230f491769c34,7400034,Mankey,0.4,source,LeftLittleDistal,-0.210914463,1.19511223,0.863489,0.8385872,-0.05210201,-0.49340722,-0.2249595
7934f1476fe2c6e458c230f491769c34,7400034,Mankey,0.4,source,RightThumbProximal,0.02419315,1.26953,1.10840845,0.206218317,0.592887,0.77145797,-0.103983484
7934f1476fe2c6e458c230f491769c34,7400034,Mankey,0.4,source,RightThumbIntermediate,-0.0156582687,1.273281,1.12810349,-0.354022026,-0.4721463,-0.745511353,0.309773743
7934f1476fe2c6e458c230f491769c34,7400034,Mankey,0.4,source,RightThumbDistal,-0.0323750675,1.269455,1.15270638,0.5809651,0.0223505218,0.307044923,-0.7534614
7934f1476fe2c6e458c230f491769c34,7400034,Mankey,0.4,source,RightIndexProximal,-0.00351679884,1.2958535,1.16358721,-0.2055589,0.3943062,-0.826017261,0.346358657
7934f1476fe2c6e458c230f491769c34,7400034,Mankey,0.4,source,RightIndexIntermediate,-0.0243483279,1.27321351,1.16563749,-0.134908468,-0.415258646,0.3298873,-0.8369797
7934f1476fe2c6e458c230f491769c34,7400034,Mankey,0.4,source,RightIndexDistal,-0.014608847,1.26341832,1.14818454,0.3981941,0.17502372,0.386835843,0.813121736
7934f1476fe2c6e458c230f491769c34,7400034,Mankey,0.4,source,RightMiddleProximal,0.008780202,1.28301692,1.17558682,-0.13725917,0.436592937,-0.807733238,0.371637255
7934f1476fe2c6e458c230f491769c34,7400034,Mankey,0.4,source,RightMiddleIntermediate,-0.0137549425,1.259365,1.172214,-0.227534249,-0.378955275,0.271078974,-0.855066061
7934f1476fe2c6e458c230f491769c34,7400034,Mankey,0.4,source,RightMiddleDistal,-0.00136970391,1.25299668,1.15533423,0.443592846,0.0574499853,0.467806548,0.7622877
7934f1476fe2c6e458c230f491769c34,7400034,Mankey,0.4,source,RightRingProximal,0.0192008317,1.27182949,1.18449211,-0.08516297,0.5084124,-0.7535389,0.407975078
7934f1476fe2c6e458c230f491769c34,7400034,Mankey,0.4,source,RightRingIntermediate,-0.00123869022,1.24985957,1.175518,-0.3286585,-0.3780889,0.195750922,-0.8430389
7934f1476fe2c6e458c230f491769c34,7400034,Mankey,0.4,source,RightRingDistal,0.0109918257,1.2482934,1.160815,0.5145472,-0.0282693468,0.516145051,0.6841323
7934f1476fe2c6e458c230f491769c34,7400034,Mankey,0.4,source,RightLittleProximal,0.0286849122,1.25684667,1.18894815,-0.0221028,0.517958641,-0.8016206,0.297717035
7934f1476fe2c6e458c230f491769c34,7400034,Mankey,0.4,source,RightLittleIntermediate,0.00613154424,1.24312055,1.18145883,-0.342062742,-0.3674557,0.39062506,-0.7716103
7934f1476fe2c6e458c230f491769c34,7400034,Mankey,0.4,source,RightLittleDistal,0.0142082442,1.236444,1.16560614,0.5158363,-0.0387684479,0.31787765,0.794584453
7934f1476fe2c6e458c230f491769c34,7400034,Mankey,0.4,fighter,AnimatorRoot,0,0,0,0,0,0,1
7934f1476fe2c6e458c230f491769c34,7400034,Mankey,0.4,fighter,Hips,-0.0245987028,0.7695668,0.64768225,0.441509217,-0.5165274,-0.479728132,0.5550945
7934f1476fe2c6e458c230f491769c34,7400034,Mankey,0.4,fighter,LeftUpperLeg,-0.145503014,0.7702248,0.6569634,0.35838747,0.5824551,0.37672478,0.6248062
7934f1476fe2c6e458c230f491769c34,7400034,Mankey,0.4,fighter,RightUpperLeg,0.09630562,0.7689087,0.6384011,0.608210146,0.5081456,0.5340194,0.2944346
7934f1476fe2c6e458c230f491769c34,7400034,Mankey,0.4,fighter,LeftLowerLeg,-0.159279808,0.445172846,0.824498951,0.5217653,0.584351957,0.444601446,0.434307784
7934f1476fe2c6e458c230f491769c34,7400034,Mankey,0.4,fighter,RightLowerLeg,0.128060639,0.427632272,0.5101873,0.759321749,0.4087656,0.4941156,0.110413224
7934f1476fe2c6e458c230f491769c34,7400034,Mankey,0.4,fighter,LeftFoot,-0.13151139,0.09184769,0.839974,0.0107423812,0.83623147,-0.0297028422,0.5474661
7934f1476fe2c6e458c230f491769c34,7400034,Mankey,0.4,fighter,RightFoot,0.06508464,0.1687045,0.2760087,0.196830764,0.8790657,0.262302577,0.345975
7934f1476fe2c6e458c230f491769c34,7400034,Mankey,0.4,fighter,Spine,-0.0251450352,0.8141598,0.637403369,0.437102228,-0.514640033,-0.463248551,0.574010551
7934f1476fe2c6e458c230f491769c34,7400034,Mankey,0.4,fighter,Chest,-0.0338883959,1.051317,0.605874836,0.7317089,-0.463266373,-0.373683542,0.3321857
7934f1476fe2c6e458c230f491769c34,7400034,Mankey,0.4,fighter,Neck,-0.106114782,1.32101011,0.6538687,0.706799865,-0.414788753,-0.423422784,0.386131465
7934f1476fe2c6e458c230f491769c34,7400034,Mankey,0.4,fighter,Head,-0.150350675,1.45689559,0.6952626,0.701433957,-0.285281837,-0.50903666,0.4092511
7934f1476fe2c6e458c230f491769c34,7400034,Mankey,0.4,fighter,LeftShoulder,-0.170042619,1.2563287,0.721100867,0.803617954,-0.18249464,0.0248987824,0.565927863
7934f1476fe2c6e458c230f491769c34,7400034,Mankey,0.4,fighter,RightShoulder,-0.118651889,1.264741,0.75116843,0.237597033,-0.6589669,-0.7102432,0.0697512
7934f1476fe2c6e458c230f491769c34,7400034,Mankey,0.4,fighter,LeftUpperArm,-0.36789006,1.312602,0.6687654,0.606917,0.497182131,0.171977967,0.595722854
7934f1476fe2c6e458c230f491769c34,7400034,Mankey,0.4,fighter,RightUpperArm,0.06756722,1.35223365,0.8032917,-0.193307623,0.676882148,0.6269796,0.333706439
7934f1476fe2c6e458c230f491769c34,7400034,Mankey,0.4,fighter,LeftLowerArm,-0.493725449,1.08475709,0.7768862,-0.0983400941,0.919871449,-0.332686126,0.1829922
7934f1476fe2c6e458c230f491769c34,7400034,Mankey,0.4,fighter,RightLowerArm,0.265578121,1.30805075,0.998938739,-0.491134822,0.137446225,0.202772886,0.835929751
7934f1476fe2c6e458c230f491769c34,7400034,Mankey,0.4,fighter,LeftHand,-0.2593371,1.16240358,0.8464636,0.528836966,-0.7193098,-0.444401324,-0.07370812
7934f1476fe2c6e458c230f491769c34,7400034,Mankey,0.4,fighter,RightHand,0.03983616,1.25571859,1.10898221,0.21952045,0.608958,-0.265688956,0.714416265
7934f1476fe2c6e458c230f491769c34,7400034,Mankey,0.4,fighter,LeftToes,-0.0150926346,0.120822109,1.09390223,0.136730984,0.793492556,0.0620062053,0.5897707
7934f1476fe2c6e458c230f491769c34,7400034,Mankey,0.4,fighter,RightToes,0.257815361,0.0397771932,0.434453636,0.20968233,0.894404054,0.268616378,0.28969
7934f1476fe2c6e458c230f491769c34,7400034,Mankey,0.4,fighter,LeftEye,-0.311311,1.43152177,0.8895277,0.4821424,-0.175512239,-0.563569546,-0.647397757
7934f1476fe2c6e458c230f491769c34,7400034,Mankey,0.4,fighter,RightEye,-0.0623986237,1.5060364,0.928089559,0.385305464,-0.335267484,-0.7618979,-0.398305565
7934f1476fe2c6e458c230f491769c34,7400034,Mankey,0.4,fighter,Jaw,-0.1176673,1.28765774,0.8113429,0.696978,0.2960015,-0.6491499,-0.07217674
7934f1476fe2c6e458c230f491769c34,7400034,Mankey,0.4,fighter,LeftThumbProximal,-0.244097933,1.23413992,0.8426823,0.292872518,-0.875008643,-0.276780337,0.268288344
7934f1476fe2c6e458c230f491769c34,7400034,Mankey,0.4,fighter,LeftThumbIntermediate,-0.213356659,1.26382816,0.8288774,0.287332743,-0.890223742,-0.3524971,-0.0262219161
7934f1476fe2c6e458c230f491769c34,7400034,Mankey,0.4,fighter,LeftThumbDistal,-0.181047142,1.282942,0.8385392,-0.0254215524,-0.544115245,-0.4473772,-0.709328
7934f1476fe2c6e458c230f491769c34,7400034,Mankey,0.4,fighter,LeftMiddleProximal,-0.224809,1.285537,0.8874482,-0.1973288,-0.9231719,-0.135590628,0.300717175
7934f1476fe2c6e458c230f491769c34,7400034,Mankey,0.4,fighter,LeftMiddleIntermediate,-0.179852009,1.268386,0.8505283,-0.8347693,-0.468546957,0.115217462,0.265233755
7934f1476fe2c6e458c230f491769c34,7400034,Mankey,0.4,fighter,LeftMiddleDistal,-0.208355859,1.2234,0.84753114,-0.922690749,0.297256052,0.239734381,0.052998364
7934f1476fe2c6e458c230f491769c34,7400034,Mankey,0.4,fighter,LeftRingProximal,-0.194262818,1.25805569,0.9242775,-0.292210877,-0.858383358,-0.182812423,0.3799615
7934f1476fe2c6e458c230f491769c34,7400034,Mankey,0.4,fighter,LeftRingIntermediate,-0.165433347,1.23870754,0.883784533,-0.830215156,-0.4009862,0.155907765,0.35446623
7934f1476fe2c6e458c230f491769c34,7400034,Mankey,0.4,fighter,LeftRingDistal,-0.1998844,1.19624114,0.882394969,-0.8829217,0.269412458,0.36540544,0.119772747
7934f1476fe2c6e458c230f491769c34,7400034,Mankey,0.4,fighter,LeftLittleProximal,-0.1750927,1.20721316,0.9501405,-0.2591148,-0.85072577,-0.1984955,0.411977321
7934f1476fe2c6e458c230f491769c34,7400034,Mankey,0.4,fighter,LeftLittleIntermediate,-0.147021428,1.192421,0.907264233,-0.7917289,-0.4646784,0.109735295,0.38104862
7934f1476fe2c6e458c230f491769c34,7400034,Mankey,0.4,fighter,LeftLittleDistal,-0.177121818,1.14708614,0.8972851,-0.9045655,0.129943147,0.361935467,0.184063226
7934f1476fe2c6e458c230f491769c34,7400034,Mankey,0.4,fighter,RightThumbProximal,-0.0102017457,1.28377473,1.154826,-0.343068421,-0.345174164,-0.0142067373,-0.8734744
7934f1476fe2c6e458c230f491769c34,7400034,Mankey,0.4,fighter,RightThumbIntermediate,-0.044392582,1.27202356,1.18146968,0.29722774,0.5854459,0.061621666,0.7517394
7934f1476fe2c6e458c230f491769c34,7400034,Mankey,0.4,fighter,RightThumbDistal,-0.056289386,1.254942,1.21416938,-0.1332713,-0.9614588,-0.21211262,-0.113335192
7934f1476fe2c6e458c230f491769c34,7400034,Mankey,0.4,fighter,RightMiddleProximal,-0.0133620743,1.30247962,1.22307444,-0.4514005,-0.174620226,-0.4675669,-0.7396802
7934f1476fe2c6e458c230f491769c34,7400034,Mankey,0.4,fighter,RightMiddleIntermediate,-0.04379442,1.25096738,1.21314049,0.526481,-0.197169647,0.8207232,0.101764947
7934f1476fe2c6e458c230f491769c34,7400034,Mankey,0.4,fighter,RightMiddleDistal,-0.0211289581,1.25313127,1.16490388,-0.2282478,0.474945068,-0.6393914,0.559919
7934f1476fe2c6e458c230f491769c34,7400034,Mankey,0.4,fighter,RightRingProximal,0.0208028257,1.26616132,1.24670577,-0.5604358,-0.140943944,-0.4708316,-0.666606545
7934f1476fe2c6e458c230f491769c34,7400034,Mankey,0.4,fighter,RightRingIntermediate,-0.00676897541,1.22425175,1.22857893,0.5255222,-0.3066404,0.7925025,0.04168631
7934f1476fe2c6e458c230f491769c34,7400034,Mankey,0.4,fighter,RightRingDistal,0.0175281279,1.23826718,1.18161666,-0.104170509,0.5754207,-0.5791992,0.567951
7934f1476fe2c6e458c230f491769c34,7400034,Mankey,0.4,fighter,RightLittleProximal,0.06418787,1.22453308,1.24421763,-0.543698847,-0.09657389,-0.3608318,-0.751575649
7934f1476fe2c6e458c230f491769c34,7400034,Mankey,0.4,fighter,RightLittleIntermediate,0.0257323664,1.19000065,1.23103166,0.547876835,-0.2800234,0.7532413,0.232477978
7934f1476fe2c6e458c230f491769c34,7400034,Mankey,0.4,fighter,RightLittleDistal,0.0418638028,1.18760014,1.17816448,-0.114492118,0.568657458,-0.710665464,0.398089468
7934f1476fe2c6e458c230f491769c34,7400034,Mankey,0.4,fighter,UpperChest,-0.06870441,1.1619457,0.6344302,0.702085257,-0.507040262,-0.352723062,0.354363
7934f1476fe2c6e458c230f491769c34,7400034,Mankey,0.416666657,source,AnimatorRoot,4.031723E-08,4.32775427E-10,0.5382708,0,0,3.763831E-16,1
7934f1476fe2c6e458c230f491769c34,7400034,Mankey,0.416666657,source,Hips,-0.0255786553,0.773478866,0.6534804,-0.0486882776,0.0445895679,0.0295656472,0.997380137
7934f1476fe2c6e458c230f491769c34,7400034,Mankey,0.416666657,source,LeftUpperLeg,-0.125265509,0.7680012,0.6626868,-0.628154933,-0.3693209,0.588277757,0.350646526
7934f1476fe2c6e458c230f491769c34,7400034,Mankey,0.416666657,source,RightUpperLeg,0.07410842,0.7789568,0.644273937,0.5330013,-0.284772933,-0.613415956,0.5084635
7934f1476fe2c6e458c230f491769c34,7400034,Mankey,0.416666657,source,LeftLowerLeg,-0.138335049,0.44127652,0.8416257,-0.4550793,-0.468188643,0.543185949,0.52787447
7934f1476fe2c6e458c230f491769c34,7400034,Mankey,0.416666657,source,RightLowerLeg,0.105885126,0.4332851,0.5084794,0.5027709,-0.09825801,-0.733600736,0.446538836
7934f1476fe2c6e458c230f491769c34,7400034,Mankey,0.416666657,source,LeftFoot,-0.128417313,0.09346406,0.84165895,0.6076991,0.107279725,-0.767575,-0.173267081
7934f1476fe2c6e458c230f491769c34,7400034,Mankey,0.416666657,source,RightFoot,0.07260338,0.170939952,0.2823394,0.439939946,-0.283888847,-0.3281325,0.7862501
7934f1476fe2c6e458c230f491769c34,7400034,Mankey,0.416666657,source,Spine,-0.03178419,0.8708485,0.644220352,-0.04694623,0.0489139333,0.05000504,0.996445239
7934f1476fe2c6e458c230f491769c34,7400034,Mankey,0.416666657,source,Chest,-0.0501564257,1.04867768,0.631618,0.12590535,-0.218444139,0.152213827,0.955647
7934f1476fe2c6e458c230f491769c34,7400034,Mankey,0.416666657,source,Neck,-0.120770611,1.235361,0.667948663,0.387816072,-0.177403972,0.228548035,0.875152946
7934f1476fe2c6e458c230f491769c34,7400034,Mankey,0.416666657,source,Head,-0.167478755,1.28702986,0.7198761,0.259663552,-0.0340202637,0.151485011,0.953136861
7934f1476fe2c6e458c230f491769c34,7400034,Mankey,0.416666657,source,LeftShoulder,-0.131565765,1.18787885,0.647806466,0.08914179,0.0282068923,0.09638653,0.9909429
7934f1476fe2c6e458c230f491769c34,7400034,Mankey,0.416666657,source,RightShoulder,-0.0806776,1.2018714,0.674837,0.961097658,0.113891207,0.2126742,-0.134499565
7934f1476fe2c6e458c230f491769c34,7400034,Mankey,0.416666657,source,LeftUpperArm,-0.270703524,1.16003859,0.653304636,-0.0638608,0.25404045,0.519080162,0.8135976
7934f1476fe2c6e458c230f491769c34,7400034,Mankey,0.416666657,source,RightUpperArm,0.0447979942,1.224829,0.7372366,0.8878816,-0.16969882,0.427380472,0.0146649964
7934f1476fe2c6e458c230f491769c34,7400034,Mankey,0.416666657,source,LeftLowerArm,-0.345933855,0.9760182,0.761984169,-0.555514932,0.7675993,0.3140147,0.0599148832
7934f1476fe2c6e458c230f491769c34,7400034,Mankey,0.416666657,source,RightLowerArm,0.175551444,1.15939784,0.910314441,0.366894335,-0.184765086,0.856246233,0.313198656
7934f1476fe2c6e458c230f491769c34,7400034,Mankey,0.416666657,source,LeftHand,-0.2571444,1.16871154,0.866193056,-0.5367547,0.7532,0.3645101,-0.108244359
7934f1476fe2c6e458c230f491769c34,7400034,Mankey,0.416666657,source,RightHand,0.0491844155,1.25412846,1.08618855,0.4425868,-0.275956571,0.793452144,0.3136864
7934f1476fe2c6e458c230f491769c34,7400034,Mankey,0.416666657,source,LeftToes,-0.0982663855,0.0341119431,0.9757824,0.617525339,-0.008180291,-0.7853434,-0.04279493
7934f1476fe2c6e458c230f491769c34,7400034,Mankey,0.416666657,source,RightToes,0.165960148,0.0562755428,0.305952251,0.495168358,-0.327770531,-0.00832575,0.8045531
7934f1476fe2c6e458c230f491769c34,7400034,Mankey,0.416666657,source,LeftThumbProximal,-0.263371944,1.18545127,0.8553864,-0.479244471,0.674835145,-0.541994452,0.145482063
7934f1476fe2c6e458c230f491769c34,7400034,Mankey,0.416666657,source,LeftThumbIntermediate,-0.241141662,1.22134149,0.840970755,-0.25275445,0.8160371,-0.446638972,0.265919417
7934f1476fe2c6e458c230f491769c34,7400034,Mankey,0.416666657,source,LeftThumbDistal,-0.219224513,1.24083686,0.8472153,0.47474125,0.7347289,-0.04970777,0.482000142
7934f1476fe2c6e458c230f491769c34,7400034,Mankey,0.416666657,source,LeftIndexProximal,-0.248069674,1.24834371,0.8731564,0.09704129,0.932925,0.106161714,-0.330096543
7934f1476fe2c6e458c230f491769c34,7400034,Mankey,0.416666657,source,LeftIndexIntermediate,-0.224535853,1.24492192,0.85352993,0.766965449,0.5414208,-0.1857088,-0.290069222
7934f1476fe2c6e458c230f491769c34,7400034,Mankey,0.416666657,source,LeftIndexDistal,-0.232208416,1.22404122,0.8528793,0.9049557,-0.23725605,-0.350469261,-0.0440099277
7934f1476fe2c6e458c230f491769c34,7400034,Mankey,0.416666657,source,LeftMiddleProximal,-0.235859022,1.24062979,0.889011264,0.102370717,0.9186069,0.134347081,-0.3572575
7934f1476fe2c6e458c230f491769c34,7400034,Mankey,0.416666657,source,LeftMiddleIntermediate,-0.212087542,1.23760545,0.866550446,0.75267446,0.537385464,-0.192965925,-0.327814877
7934f1476fe2c6e458c230f491769c34,7400034,Mankey,0.416666657,source,LeftMiddleDistal,-0.219700992,1.21713758,0.8651973,0.8872366,-0.234164849,-0.392371684,-0.06342756
7934f1476fe2c6e458c230f491769c34,7400034,Mankey,0.416666657,source,LeftRingProximal,-0.225888431,1.23318791,0.901591,0.193860516,0.863076031,0.1437082,-0.44369635
7934f1476fe2c6e458c230f491769c34,7400034,Mankey,0.416666657,source,LeftRingIntermediate,-0.209254488,1.22670138,0.8758587,0.7484511,0.465083748,-0.240156591,-0.407238126
7934f1476fe2c6e458c230f491769c34,7400034,Mankey,0.416666657,source,LeftRingDistal,-0.21793,1.20958614,0.8754882,0.8434395,-0.215971187,-0.476971835,-0.120269604
7934f1476fe2c6e458c230f491769c34,7400034,Mankey,0.416666657,source,LeftLittleProximal,-0.214762256,1.22150862,0.91019845,0.170713186,0.8469844,0.173716262,-0.472543836
7934f1476fe2c6e458c230f491769c34,7400034,Mankey,0.416666657,source,LeftLittleIntermediate,-0.20117341,1.2180779,0.8866013,0.6868331,0.516285241,-0.215454832,-0.463993341
7934f1476fe2c6e458c230f491769c34,7400034,Mankey,0.416666657,source,LeftLittleDistal,-0.208279714,1.20080638,0.883122,0.8426017,-0.06345077,-0.486441284,-0.22219786
7934f1476fe2c6e458c230f491769c34,7400034,Mankey,0.416666657,source,RightThumbProximal,0.0353889354,1.269793,1.08647013,0.253751516,0.5668449,0.780861735,-0.06747165
7934f1476fe2c6e458c230f491769c34,7400034,Mankey,0.416666657,source,RightThumbIntermediate,-0.00307031488,1.27792537,1.10756159,-0.390538156,-0.4341931,-0.7639475,0.2744837
7934f1476fe2c6e458c230f491769c34,7400034,Mankey,0.416666657,source,RightThumbDistal,-0.0193930641,1.27551889,1.13260508,0.576007664,-0.0300723,0.344736516,-0.7405866
7934f1476fe2c6e458c230f491769c34,7400034,Mankey,0.416666657,source,RightIndexProximal,0.0128628137,1.29779387,1.14316213,-0.18886292,0.4227026,-0.837484241,0.29030028
7934f1476fe2c6e458c230f491769c34,7400034,Mankey,0.416666657,source,RightIndexIntermediate,-0.010575613,1.27787948,1.14535046,-0.166483775,-0.4234645,0.3782963,-0.8061351
7934f1476fe2c6e458c230f491769c34,7400034,Mankey,0.416666657,source,RightIndexDistal,-0.00266828085,1.26744437,1.12735081,0.425136566,0.157412857,0.331033379,0.8275857
7934f1476fe2c6e458c230f491769c34,7400034,Mankey,0.416666657,source,RightMiddleProximal,0.0238038562,1.28318954,1.1544311,-0.117438577,0.460772932,-0.8213455,0.315101117
7934f1476fe2c6e458c230f491769c34,7400034,Mankey,0.416666657,source,RightMiddleIntermediate,-0.0016128358,1.2626375,1.15123272,-0.25779888,-0.380942434,0.322691828,-0.8272202
7934f1476fe2c6e458c230f491769c34,7400034,Mankey,0.416666657,source,RightMiddleDistal,0.00936536,1.25525475,1.13380146,0.463672876,0.0353778824,0.412746638,0.7831968
7934f1476fe2c6e458c230f491769c34,7400034,Mankey,0.416666657,source,RightRingProximal,0.0329987444,1.27054226,1.162711,-0.05961777,0.5290283,-0.7694229,0.352936119
7934f1476fe2c6e458c230f491769c34,7400034,Mankey,0.416666657,source,RightRingIntermediate,0.009704085,1.25155568,1.15388739,-0.359679222,-0.372554153,0.248382151,-0.8186218
7934f1476fe2c6e458c230f491769c34,7400034,Mankey,0.416666657,source,RightRingDistal,0.0211967342,1.2488935,1.138753,0.5288303,-0.0564752221,0.463628531,0.7086595
7934f1476fe2c6e458c230f491769c34,7400034,Mankey,0.416666657,source,RightLittleProximal,0.0406557061,1.25437355,1.16648376,0.00168955454,0.53349334,-0.8113567,0.238921091
7934f1476fe2c6e458c230f491769c34,7400034,Mankey,0.416666657,source,RightLittleIntermediate,0.0163440853,1.2437849,1.15941453,-0.3683679,-0.362546861,0.438705146,-0.7351214
7934f1476fe2c6e458c230f491769c34,7400034,Mankey,0.416666657,source,RightLittleDistal,0.0230417568,1.23660469,1.14314485,0.5277846,-0.06267205,0.258709222,0.806589067
7934f1476fe2c6e458c230f491769c34,7400034,Mankey,0.416666657,fighter,AnimatorRoot,0,0,0,0,0,0,1
7934f1476fe2c6e458c230f491769c34,7400034,Mankey,0.416666657,fighter,Hips,-0.0255786553,0.7734788,0.653480351,0.433230072,-0.5106944,-0.484939665,0.562437952
7934f1476fe2c6e458c230f491769c34,7400034,Mankey,0.416666657,fighter,LeftUpperLeg,-0.146191552,0.7744467,0.665971041,0.368100643,0.587997139,0.376105428,0.614252448
7934f1476fe2c6e458c230f491769c34,7400034,Mankey,0.416666657,fighter,RightUpperLeg,0.09503426,0.7725109,0.640989661,0.6046848,0.5213713,0.5289875,0.287577033
7934f1476fe2c6e458c230f491769c34,7400034,Mankey,0.416666657,fighter,LeftLowerLeg,-0.155562147,0.446949363,0.8289877,0.524879158,0.583030939,0.445346743,0.4315589
7934f1476fe2c6e458c230f491769c34,7400034,Mankey,0.416666657,fighter,RightLowerLeg,0.132839859,0.430431753,0.51661396,0.7563175,0.408847123,0.497940481,0.113504887
7934f1476fe2c6e458c230f491769c34,7400034,Mankey,0.416666657,fighter,LeftFoot,-0.128417313,0.0934639648,0.8416589,0.0158374161,0.831589937,-0.0270361,0.5545055
7934f1476fe2c6e458c230f491769c34,7400034,Mankey,0.416666657,fighter,RightFoot,0.07260339,0.170939654,0.282339275,0.201002687,0.8765087,0.249621809,0.3591932
7934f1476fe2c6e458c230f491769c34,7400034,Mankey,0.416666657,fighter,Spine,-0.0263055749,0.818024457,0.6430091,0.4299149,-0.507039666,-0.4646487,0.5849664
7934f1476fe2c6e458c230f491769c34,7400034,Mankey,0.416666657,fighter,Chest,-0.0378012247,1.054799,0.6095478,0.718557954,-0.4575149,-0.388433963,0.351388574
7934f1476fe2c6e458c230f491769c34,7400034,Mankey,0.416666657,fighter,Neck,-0.107728615,1.32533014,0.656212151,0.6979385,-0.411774665,-0.432852864,0.394920528
7934f1476fe2c6e458c230f491769c34,7400034,Mankey,0.416666657,fighter,Head,-0.150303215,1.46171153,0.6977174,0.6993536,-0.287515759,-0.5139308,0.405110776
7934f1476fe2c6e458c230f491769c34,7400034,Mankey,0.416666657,fighter,LeftShoulder,-0.167920247,1.261912,0.727945864,0.7984152,-0.163563266,0.00650399923,0.579429269
7934f1476fe2c6e458c230f491769c34,7400034,Mankey,0.416666657,fighter,RightShoulder,-0.115019046,1.27090514,0.755082846,0.202453166,-0.6678279,-0.7088469,0.102737069
7934f1476fe2c6e458c230f491769c34,7400034,Mankey,0.416666657,fighter,LeftUpperArm,-0.368793964,1.31574774,0.685510457,0.6066966,0.5058177,0.156258821,0.593001664
7934f1476fe2c6e458c230f491769c34,7400034,Mankey,0.416666657,fighter,RightUpperArm,0.07534965,1.35921288,0.7868768,-0.137514219,0.6822144,0.6250609,0.353514642
7934f1476fe2c6e458c230f491769c34,7400034,Mankey,0.416666657,fighter,LeftLowerArm,-0.492655158,1.09052932,0.801152468,-0.100208305,0.9168799,-0.344038,0.175863847
7934f1476fe2c6e458c230f491769c34,7400034,Mankey,0.416666657,fighter,RightLowerArm,0.276091665,1.28753662,0.9712767,-0.4779293,0.167800665,0.17198883,0.844894469
7934f1476fe2c6e458c230f491769c34,7400034,Mankey,0.416666657,fighter,LeftHand,-0.257144749,1.16871142,0.866193,0.524895966,-0.727970362,-0.434340775,-0.07675908
7934f1476fe2c6e458c230f491769c34,7400034,Mankey,0.416666657,fighter,RightHand,0.0491844825,1.2541281,1.0861882,0.2624525,0.608654261,-0.305334121,0.6836886
7934f1476fe2c6e458c230f491769c34,7400034,Mankey,0.416666657,fighter,LeftToes,-0.016244486,0.1193829,1.09781873,0.137184575,0.7884114,0.06308514,0.596329
7934f1476fe2c6e458c230f491769c34,7400034,Mankey,0.416666657,fighter,RightToes,0.2593408,0.0412103869,0.44717747,0.22008732,0.8907597,0.259125382,0.3016006
7934f1476fe2c6e458c230f491769c34,7400034,Mankey,0.416666657,fighter,LeftEye,-0.3106421,1.43745279,0.8926377,0.4781824,-0.17877993,-0.561056733,-0.6516095
7934f1476fe2c6e458c230f491769c34,7400034,Mankey,0.416666657,fighter,RightEye,-0.0606330447,1.50866246,0.930340767,0.380446762,-0.336868435,-0.761079431,-0.403160542
7934f1476fe2c6e458c230f491769c34,7400034,Mankey,0.416666657,fighter,Jaw,-0.119194128,1.291539,0.8128602,0.6970943,0.2929511,-0.649667,-0.0785663
7934f1476fe2c6e458c230f491769c34,7400034,Mankey,0.416666657,fighter,LeftThumbProximal,-0.240499631,1.2400645,0.8612613,0.289966345,-0.8795545,-0.269063115,0.2644031
7934f1476fe2c6e458c230f491769c34,7400034,Mankey,0.416666657,fighter,LeftThumbIntermediate,-0.2094203,1.26936269,0.8473805,0.287879735,-0.8933188,-0.3437692,-0.0304992348
7934f1476fe2c6e458c230f491769c34,7400034,Mankey,0.416666657,fighter,LeftThumbDistal,-0.177154,1.2884872,0.857165039,-0.0182850845,-0.542893946,-0.441839665,-0.713939667
7934f1476fe2c6e458c230f491769c34,7400034,Mankey,0.416666657,fighter,LeftMiddleProximal,-0.220683649,1.29190469,0.9052797,-0.202358991,-0.9253957,-0.1333736,0.291385233
7934f1476fe2c6e458c230f491769c34,7400034,Mankey,0.416666657,fighter,LeftMiddleIntermediate,-0.175300315,1.273904,0.869298,-0.8388388,-0.4672964,0.1129705,0.255385816
7934f1476fe2c6e458c230f491769c34,7400034,Mankey,0.416666657,fighter,LeftMiddleDistal,-0.203983754,1.22900879,0.866676033,-0.9239517,0.3011243,0.230982989,0.0478007868
7934f1476fe2c6e458c230f491769c34,7400034,Mankey,0.416666657,fighter,LeftRingProximal,-0.191041008,1.26453459,0.942921162,-0.2980168,-0.8610178,-0.182397529,0.3695486
7934f1476fe2c6e458c230f491769c34,7400034,Mankey,0.416666657,fighter,LeftRingIntermediate,-0.16174452,1.24435163,0.903177857,-0.8352309,-0.400052726,0.152746618,0.344986826
7934f1476fe2c6e458c230f491769c34,7400034,Mankey,0.416666657,fighter,LeftRingDistal,-0.196384162,1.20203149,0.9020363,-0.885745764,0.273832083,0.356722951,0.114977881
7934f1476fe2c6e458c230f491769c34,7400034,Mankey,0.416666657,fighter,LeftLittleProximal,-0.173107773,1.21382439,0.969906747,-0.265395224,-0.8536435,-0.198322952,0.401904643
7934f1476fe2c6e458c230f491769c34,7400034,Mankey,0.416666657,fighter,LeftLittleIntermediate,-0.144513488,1.198159,0.9276916,-0.7970382,-0.464494526,0.107051387,0.37083137
7934f1476fe2c6e458c230f491769c34,7400034,Mankey,0.416666657,fighter,LeftLittleDistal,-0.174697116,1.15280151,0.918073237,-0.908484161,0.134065062,0.353612483,0.177882493
7934f1476fe2c6e458c230f491769c34,7400034,Mankey,0.416666657,fighter,RightThumbProximal,0.00445592636,1.28689587,1.13433623,-0.3773485,-0.344274879,0.03812462,-0.8588537
7934f1476fe2c6e458c230f491769c34,7400034,Mankey,0.416666657,fighter,RightThumbIntermediate,-0.0296781473,1.2781682,1.1621871,0.344463468,0.5831349,0.021304965,0.7354219
7934f1476fe2c6e458c230f491769c34,7400034,Mankey,0.416666657,fighter,RightThumbDistal,-0.0420434922,1.261381,1.19486535,-0.195149675,-0.9507814,-0.218362,-0.101241708
7934f1476fe2c6e458c230f491769c34,7400034,Mankey,0.416666657,fighter,RightMiddleProximal,0.0057080416,1.30390954,1.20308709,-0.47747308,-0.153727025,-0.417947918,-0.7574345
7934f1476fe2c6e458c230f491769c34,7400034,Mankey,0.416666657,fighter,RightMiddleIntermediate,-0.0308860764,1.25660646,1.19300473,0.5344902,-0.238045931,0.7980681,0.144020781
7934f1476fe2c6e458c230f491769c34,7400034,Mankey,0.416666657,fighter,RightMiddleDistal,-0.0102351923,1.25791812,1.14384174,-0.205961376,0.5102788,-0.6569252,0.5154077
7934f1476fe2c6e458c230f491769c34,7400034,Mankey,0.416666657,fighter,RightRingProximal,0.03573351,1.2629596,1.22468078,-0.583462238,-0.111894056,-0.4220873,-0.6847584
7934f1476fe2c6e458c230f491769c34,7400034,Mankey,0.416666657,fighter,RightRingIntermediate,0.00273495167,1.22516108,1.20658219,0.52556473,-0.347806275,0.7717744,0.0847186744
7934f1476fe2c6e458c230f491769c34,7400034,Mankey,0.416666657,fighter,RightRingDistal,0.0264319889,1.23800611,1.15898311,-0.07508348,0.602376938,-0.5984343,0.5228584
7934f1476fe2c6e458c230f491769c34,7400034,Mankey,0.416666657,fighter,RightLittleProximal,0.07345561,1.21633327,1.219742,-0.5632185,-0.07366592,-0.306633651,-0.763763249
7934f1476fe2c6e458c230f491769c34,7400034,Mankey,0.416666657,fighter,RightLittleIntermediate,0.0307248682,1.18692291,1.20732021,0.5515166,-0.31878072,0.720984936,0.272744268
7934f1476fe2c6e458c230f491769c34,7400034,Mankey,0.416666657,fighter,RightLittleDistal,0.0441625565,1.18461788,1.153701,-0.09059124,0.595233262,-0.720017731,0.345058739
7934f1476fe2c6e458c230f491769c34,7400034,Mankey,0.416666657,fighter,UpperChest,-0.07119688,1.16593754,0.6378189,0.689309657,-0.5004973,-0.366274536,0.37443
7934f1476fe2c6e458c230f491769c34,7400034,Mankey,0.433333337,source,AnimatorRoot,4.10621972E-08,4.407721E-10,0.54821676,0,0,3.914384E-16,1
7934f1476fe2c6e458c230f491769c34,7400034,Mankey,0.433333337,source,Hips,-0.0278906673,0.7770646,0.6574777,-0.0525914431,0.06804253,0.0297349133,0.9958516
7934f1476fe2c6e458c230f491769c34,7400034,Mankey,0.433333337,source,LeftUpperLeg,-0.12704581,0.771844447,0.6713786,-0.6126326,-0.364165664,0.5998703,0.363621384
7934f1476fe2c6e458c230f491769c34,7400034,Mankey,0.433333337,source,RightUpperLeg,0.071264714,0.782285035,0.6435766,0.522345841,-0.273322046,-0.6113677,0.527901232
7934f1476fe2c6e458c230f491769c34,7400034,Mankey,0.433333337,source,LeftLowerLeg,-0.132666141,0.4429153,0.846629739,-0.44988063,-0.467299968,0.5429701,0.533312261
7934f1476fe2c6e458c230f491769c34,7400034,Mankey,0.433333337,source,RightLowerLeg,0.109675862,0.435251772,0.5130725,0.499048859,-0.0958432555,-0.7330997,0.4520284
7934f1476fe2c6e458c230f491769c34,7400034,Mankey,0.433333337,source,LeftFoot,-0.123490147,0.0950995162,0.843188345,0.615566432,0.112126589,-0.7594536,-0.178146884
7934f1476fe2c6e458c230f491769c34,7400034,Mankey,0.433333337,source,RightFoot,0.07723178,0.1713549,0.288622439,0.4257455,-0.28797546,-0.335302442,0.789546549
7934f1476fe2c6e458c230f491769c34,7400034,Mankey,0.433333337,source,Spine,-0.03439627,0.8743547,0.6476085,-0.0521666035,0.07253766,0.05371605,0.994551063
7934f1476fe2c6e458c230f491769c34,7400034,Mankey,0.433333337,source,Chest,-0.0544382147,1.05190408,0.633674741,0.11990542,-0.185433239,0.1481119,0.964002252
7934f1476fe2c6e458c230f491769c34,7400034,Mankey,0.433333337,source,Neck,-0.121760555,1.23970973,0.6704667,0.3920536,-0.146694288,0.218997642,0.88137126
7934f1476fe2c6e458c230f491769c34,7400034,Mankey,0.433333337,source,Head,-0.165291667,1.29154706,0.72492516,0.262885779,-0.0326771066,0.14300631,0.9536106
7934f1476fe2c6e458c230f491769c34,7400034,Mankey,0.433333337,source,LeftShoulder,-0.1340492,1.19186151,0.6521273,0.08138847,0.05954926,0.09361997,0.990487456
7934f1476fe2c6e458c230f491769c34,7400034,Mankey,0.433333337,source,RightShoulder,-0.08143374,1.2061609,0.6754338,0.971678555,0.107921556,0.16779165,-0.126650527
7934f1476fe2c6e458c230f491769c34,7400034,Mankey,0.433333337,source,LeftUpperArm,-0.272555143,1.16414964,0.6667147,-0.0615618,0.276410669,0.5179105,0.8072028
7934f1476fe2c6e458c230f491769c34,7400034,Mankey,0.433333337,source,RightUpperArm,0.04926747,1.22990167,0.725617945,0.888774753,-0.21568729,0.403819263,0.02211695
7934f1476fe2c6e458c230f491769c34,7400034,Mankey,0.433333337,source,LeftLowerArm,-0.342958063,0.9824207,0.7822672,-0.556047559,0.7674093,0.313917935,0.05787709
7934f1476fe2c6e458c230f491769c34,7400034,Mankey,0.433333337,source,RightLowerArm,0.180864558,1.14708745,0.890413761,0.349099547,-0.194769561,0.8511086,0.340307862
7934f1476fe2c6e458c230f491769c34,7400034,Mankey,0.433333337,source,LeftHand,-0.254335076,1.17556274,0.885785162,-0.5258214,0.762336552,0.362059653,-0.10615088
7934f1476fe2c6e458c230f491769c34,7400034,Mankey,0.433333337,source,RightHand,0.05684931,1.25186861,1.06221426,0.4411843,-0.2821408,0.7751697,0.353364
7934f1476fe2c6e458c230f491769c34,7400034,Mankey,0.433333337,source,LeftToes,-0.0967347249,0.0339126959,0.977207661,0.626025856,-0.00756474724,-0.7785141,-0.04416516
7934f1476fe2c6e458c230f491769c34,7400034,Mankey,0.433333337,source,RightToes,0.168464124,0.05535707,0.3139627,0.483714759,-0.328856438,-0.01934659,0.810863733
7934f1476fe2c6e458c230f491769c34,7400034,Mankey,0.433333337,source,LeftThumbProximal,-0.2601076,1.19235194,0.8748041,-0.470808864,0.678475857,-0.547403932,0.135495752
7934f1476fe2c6e458c230f491769c34,7400034,Mankey,0.433333337,source,LeftThumbIntermediate,-0.236911952,1.22746956,0.860011935,-0.243037984,0.817085862,-0.45446378,0.258391678
7934f1476fe2c6e458c230f491769c34,7400034,Mankey,0.433333337,source,LeftThumbDistal,-0.214469135,1.2464242,0.866050541,0.482181281,0.7279664,-0.0601718836,0.48367995
7934f1476fe2c6e458c230f491769c34,7400034,Mankey,0.433333337,source,LeftIndexProximal,-0.243089765,1.25498617,0.891913533,0.111492492,0.932023644,0.105757274,-0.328202933
7934f1476fe2c6e458c230f491769c34,7400034,Mankey,0.433333337,source,LeftIndexIntermediate,-0.219664872,1.25071847,0.8723223,0.775766551,0.5299013,-0.184648052,-0.288611561
7934f1476fe2c6e458c230f491769c34,7400034,Mankey,0.433333337,source,LeftIndexDistal,-0.22790423,1.23004913,0.8718909,0.901817441,-0.25141114,-0.348683745,-0.0440217257
7934f1476fe2c6e458c230f491769c34,7400034,Mankey,0.433333337,source,LeftMiddleProximal,-0.231088445,1.24710858,0.9078474,0.116771311,0.917779,0.134384334,-0.35494706
7934f1476fe2c6e458c230f491769c34,7400034,Mankey,0.433333337,source,LeftMiddleIntermediate,-0.207416147,1.24320209,0.8854179,0.7616187,0.5260195,-0.19136706,-0.326526552
7934f1476fe2c6e458c230f491769c34,7400034,Mankey,0.433333337,source,LeftMiddleDistal,-0.215585411,1.22293651,0.884279847,0.884239733,-0.2483002,-0.390331328,-0.06410172
7934f1476fe2c6e458c230f491769c34,7400034,Mankey,0.433333337,source,LeftRingProximal,-0.221320033,1.23952961,0.920503855,0.207947612,0.8610463,0.14520441,-0.440764159
7934f1476fe2c6e458c230f491769c34,7400034,Mankey,0.433333337,source,LeftRingIntermediate,-0.204878181,1.23232281,0.894839764,0.756820858,0.453527719,-0.2370906,-0.406599432
7934f1476fe2c6e458c230f491769c34,7400034,Mankey,0.433333337,source,LeftRingDistal,-0.214017361,1.21544766,0.894649148,0.840984166,-0.229959935,-0.474237859,-0.122322537
7934f1476fe2c6e458c230f491769c34,7400034,Mankey,0.433333337,source,LeftLittleProximal,-0.210513517,1.22764194,0.929232359,0.184737533,0.845426142,0.175689429,-0.469318748
7934f1476fe2c6e458c230f491769c34,7400034,Mankey,0.433333337,source,LeftLittleIntermediate,-0.197031558,1.22359514,0.905671537,0.696207047,0.5056872,-0.211879089,-0.4633397
7934f1476fe2c6e458c230f491769c34,7400034,Mankey,0.433333337,source,LeftLittleDistal,-0.204607368,1.20648837,0.9023738,0.842759132,-0.07750462,-0.483114928,-0.224389449
7934f1476fe2c6e458c230f491769c34,7400034,Mankey,0.433333337,source,RightThumbProximal,0.0443735234,1.26859975,1.06265533,0.289399266,0.561262131,0.7742036,-0.04292535
7934f1476fe2c6e458c230f491769c34,7400034,Mankey,0.433333337,source,RightThumbIntermediate,0.00739999162,1.28012645,1.08479548,-0.422097,-0.4197756,-0.764537632,0.247196183
7934f1476fe2c6e458c230f491769c34,7400034,Mankey,0.433333337,source,RightThumbDistal,-0.008238345,1.27941835,1.11037552,0.585705757,-0.06234583,0.365309745,-0.720840931
7934f1476fe2c6e458c230f491769c34,7400034,Mankey,0.433333337,source,RightIndexProximal,0.02602977,1.299166,1.11952949,-0.187352777,0.42781046,-0.8487621,0.247953936
7934f1476fe2c6e458c230f491769c34,7400034,Mankey,0.433333337,source,RightIndexIntermediate,0.00115104811,1.28124654,1.12279582,-0.1708681,-0.426179558,0.41651845,-0.784658253
7934f1476fe2c6e458c230f491769c34,7400034,Mankey,0.433333337,source,RightIndexDistal,0.007603363,1.26994109,1.10474145,0.429704279,0.156004921,0.289260715,0.8410388
7934f1476fe2c6e458c230f491769c34,7400034,Mankey,0.433333337,source,RightMiddleProximal,0.036123544,1.28389311,1.1307025,-0.114403814,0.463488728,-0.835087955,0.273347855
7934f1476fe2c6e458c230f491769c34,7400034,Mankey,0.433333337,source,RightMiddleIntermediate,0.009047038,1.26541829,1.12865877,-0.261098176,-0.380799949,0.362936467,-0.8093808
7934f1476fe2c6e458c230f491769c34,7400034,Mankey,0.433333337,source,RightMiddleDistal,0.01882256,1.256915,1.11102319,0.464943558,0.0324821547,0.3730513,0.802250743
7934f1476fe2c6e458c230f491769c34,7400034,Mankey,0.433333337,source,RightRingProximal,0.0445375443,1.27066743,1.13890886,-0.05336019,0.5303679,-0.786215961,0.3126147
7934f1476fe2c6e458c230f491769c34,7400034,Mankey,0.433333337,source,RightRingIntermediate,0.0195175447,1.2534982,1.13115,-0.363798231,-0.368770361,0.289913535,-0.8047425
7934f1476fe2c6e458c230f491769c34,7400034,Mankey,0.433333337,source,RightRingDistal,0.03025971,1.249692,1.11571169,0.5277456,-0.06269213,0.426588029,0.731831968
7934f1476fe2c6e458c230f491769c34,7400034,Mankey,0.433333337,source,RightLittleProximal,0.0509895459,1.25399,1.14272058,0.008314662,0.5301948,-0.8245255,0.197441012
7934f1476fe2c6e458c230f491769c34,7400034,Mankey,0.433333337,source,RightLittleIntermediate,0.0256882589,1.2452985,1.13660073,-0.36970374,-0.355555266,0.476740956,-0.7138758
7934f1476fe2c6e458c230f491769c34,7400034,Mankey,0.433333337,source,RightLittleDistal,0.0312535465,1.23736036,1.12025666,0.5223864,-0.06892447,0.217984453,0.82148993
7934f1476fe2c6e458c230f491769c34,7400034,Mankey,0.433333337,fighter,AnimatorRoot,0,0,0,0,0,0,1
7934f1476fe2c6e458c230f491769c34,7400034,Mankey,0.433333337,fighter,Hips,-0.0278906655,0.777064562,0.6574776,0.419614,-0.5004417,-0.4930178,0.574818
7934f1476fe2c6e458c230f491769c34,7400034,Mankey,0.433333337,fighter,LeftUpperLeg,-0.147828311,0.7784045,0.6752988,0.3806851,0.598645568,0.3716926,0.598787963
7934f1476fe2c6e458c230f491769c34,7400034,Mankey,0.433333337,fighter,RightUpperLeg,0.09204698,0.7757247,0.6396565,0.6025326,0.543338954,0.5160944,0.274561167
7934f1476fe2c6e458c230f491769c34,7400034,Mankey,0.433333337,fighter,LeftLowerLeg,-0.150366008,0.448715448,0.8340924,0.5293122,0.5826982,0.4453567,0.42655462
7934f1476fe2c6e458c230f491769c34,7400034,Mankey,0.433333337,fighter,RightLowerLeg,0.13710916,0.432409346,0.5212474,0.7566644,0.415323049,0.493065476,0.108867794
7934f1476fe2c6e458c230f491769c34,7400034,Mankey,0.433333337,fighter,LeftFoot,-0.12349017,0.09509947,0.843188345,0.02211333,0.8253757,-0.0233961344,0.5636655
7934f1476fe2c6e458c230f491769c34,7400034,Mankey,0.433333337,fighter,RightFoot,0.0772317946,0.17135489,0.288622439,0.207176924,0.879261136,0.234300166,0.35927853
7934f1476fe2c6e458c230f491769c34,7400034,Mankey,0.433333337,fighter,Spine,-0.0289956611,0.8215288,0.6466977,0.417340249,-0.495030344,-0.469962925,0.599922538
7934f1476fe2c6e458c230f491769c34,7400034,Mankey,0.433333337,fighter,Chest,-0.0433028154,1.05785549,0.6112152,0.701135039,-0.450908154,-0.408104,0.372213185
7934f1476fe2c6e458c230f491769c34,7400034,Mankey,0.433333337,fighter,Neck,-0.109084912,1.32954657,0.657161653,0.6863634,-0.408175051,-0.4458177,0.4044074
7934f1476fe2c6e458c230f491769c34,7400034,Mankey,0.433333337,fighter,Head,-0.149147958,1.46655679,0.699094653,0.696292043,-0.2897114,-0.52068615,0.400164068
7934f1476fe2c6e458c230f491769c34,7400034,Mankey,0.433333337,fighter,LeftShoulder,-0.164668113,1.26777983,0.733881831,0.79179,-0.145823836,-0.0158368647,0.59291935
7934f1476fe2c6e458c230f491769c34,7400034,Mankey,0.433333337,fighter,RightShoulder,-0.1100721,1.27703464,0.7573222,0.166487008,-0.673537254,-0.7080259,0.131641567
7934f1476fe2c6e458c230f491769c34,7400034,Mankey,0.433333337,fighter,LeftUpperArm,-0.3677831,1.32077885,0.702501833,0.609231055,0.5113419,0.1408771,0.5895091
7934f1476fe2c6e458c230f491769c34,7400034,Mankey,0.433333337,fighter,RightUpperArm,0.0830537453,1.36420119,0.7697227,-0.08804375,0.6851161,0.6215003,0.369597048
7934f1476fe2c6e458c230f491769c34,7400034,Mankey,0.433333337,fighter,LeftLowerArm,-0.491053283,1.09836,0.824042857,-0.09929141,0.915382445,-0.351368,0.169579074
7934f1476fe2c6e458c230f491769c34,7400034,Mankey,0.433333337,fighter,RightLowerArm,0.283530146,1.26871979,0.9433044,-0.475042224,0.191682443,0.1464113,0.846260548
7934f1476fe2c6e458c230f491769c34,7400034,Mankey,0.433333337,fighter,LeftHand,-0.254335165,1.17556274,0.8857853,0.515269339,-0.7373328,-0.429490983,-0.07984979
7934f1476fe2c6e458c230f491769c34,7400034,Mankey,0.433333337,fighter,RightHand,0.05684939,1.25186825,1.062214,0.276366055,0.605946958,-0.341712356,0.663086057
7934f1476fe2c6e458c230f491769c34,7400034,Mankey,0.433333337,fighter,LeftToes,-0.0169869643,0.117160387,1.10211444,0.137753665,0.781661868,0.0647504,0.6048439
7934f1476fe2c6e458c230f491769c34,7400034,Mankey,0.433333337,fighter,RightToes,0.2631061,0.0416973829,0.45448935,0.230843008,0.892043233,0.245867282,0.300864965
7934f1476fe2c6e458c230f491769c34,7400034,Mankey,0.433333337,fighter,LeftEye,-0.3082919,1.44357038,0.8951451,0.472573727,-0.183347419,-0.558467448,-0.656637132
7934f1476fe2c6e458c230f491769c34,7400034,Mankey,0.433333337,fighter,RightEye,-0.0569240823,1.510698,0.9312693,0.373582,-0.339080155,-0.760483563,-0.4088111
7934f1476fe2c6e458c230f491769c34,7400034,Mankey,0.433333337,fighter,Jaw,-0.119753957,1.29522383,0.8129603,0.696491063,0.2892322,-0.6509251,-0.0868440345
7934f1476fe2c6e458c230f491769c34,7400034,Mankey,0.433333337,fighter,LeftThumbProximal,-0.23575215,1.24637973,0.8801054,0.283618361,-0.882936835,-0.26829806,0.260767549
7934f1476fe2c6e458c230f491769c34,7400034,Mankey,0.433333337,fighter,LeftThumbIntermediate,-0.204174325,1.27515686,0.866259634,0.282216132,-0.896098852,-0.34081772,-0.0347085744
7934f1476fe2c6e458c230f491769c34,7400034,Mankey,0.433333337,fighter,LeftThumbDistal,-0.17167902,1.29384565,0.87612766,-0.01958496,-0.5418756,-0.4353928,-0.7186243
7934f1476fe2c6e458c230f491769c34,7400034,Mankey,0.433333337,fighter,LeftMiddleProximal,-0.2145145,1.29811823,0.92357713,-0.209819973,-0.924727857,-0.135211125,0.287354529
7934f1476fe2c6e458c230f491769c34,7400034,Mankey,0.433333337,fighter,LeftMiddleIntermediate,-0.169221178,1.27929568,0.887903631,-0.8430517,-0.4614841,0.110025,0.253361017
7934f1476fe2c6e458c230f491769c34,7400034,Mankey,0.433333337,fighter,LeftMiddleDistal,-0.198550671,1.23481727,0.885325551,-0.922358036,0.3082814,0.227779359,0.0483280271
7934f1476fe2c6e458c230f491769c34,7400034,Mankey,0.433333337,fighter,LeftRingProximal,-0.185616091,1.27034545,0.9615011,-0.305482626,-0.859711647,-0.185924351,0.3647037
7934f1476fe2c6e458c230f491769c34,7400034,Mankey,0.433333337,fighter,LeftRingIntermediate,-0.156420618,1.24956214,0.921993554,-0.8392478,-0.394414425,0.148969412,0.343378633
7934f1476fe2c6e458c230f491769c34,7400034,Mankey,0.433333337,fighter,LeftRingDistal,-0.191675022,1.20775259,0.9208545,-0.8848169,0.280812234,0.353109449,0.116438262
7934f1476fe2c6e458c230f491769c34,7400034,Mankey,0.433333337,fighter,LeftLittleProximal,-0.1690629,1.21945024,0.9890153,-0.27311644,-0.852552354,-0.202452675,0.3969578
7934f1476fe2c6e458c230f491769c34,7400034,Mankey,0.433333337,fighter,LeftLittleIntermediate,-0.140490517,1.20318353,0.9470131,-0.801586449,-0.459338784,0.103175059,0.368540674
7934f1476fe2c6e458c230f491769c34,7400034,Mankey,0.433333337,fighter,LeftLittleDistal,-0.171291351,1.158235,0.937432647,-0.908827066,0.141111284,0.349499166,0.1788074
7934f1476fe2c6e458c230f491769c34,7400034,Mankey,0.433333337,fighter,RightThumbProximal,0.0164914075,1.28885388,1.11116171,-0.384572417,-0.346416771,0.07944247,-0.8519323
7934f1476fe2c6e458c230f491769c34,7400034,Mankey,0.433333337,fighter,RightThumbIntermediate,-0.01707342,1.28296709,1.14041448,0.362757325,0.584086061,-0.0156832933,0.7259509
7934f1476fe2c6e458c230f491769c34,7400034,Mankey,0.433333337,fighter,RightThumbDistal,-0.0293688048,1.26742339,1.173728,-0.234209508,-0.9456655,-0.205975592,-0.0918552
7934f1476fe2c6e458c230f491769c34,7400034,Mankey,0.433333337,fighter,RightMiddleProximal,0.02134668,1.30672562,1.17953372,-0.48353833,-0.150277019,-0.379439,-0.77436024
7934f1476fe2c6e458c230f491769c34,7400034,Mankey,0.433333337,fighter,RightMiddleIntermediate,-0.01909934,1.26227117,1.17139411,0.540085435,-0.251239419,0.7825474,0.1811254
7934f1476fe2c6e458c230f491769c34,7400034,Mankey,0.433333337,fighter,RightMiddleDistal,-0.000376888784,1.26162577,1.12145185,-0.202016354,0.524546444,-0.6740835,0.4792207
7934f1476fe2c6e458c230f491769c34,7400034,Mankey,0.433333337,fighter,RightRingProximal,0.048672758,1.263806,1.2008853,-0.588498354,-0.102943107,-0.384211659,-0.7038851
7934f1476fe2c6e458c230f491769c34,7400034,Mankey,0.433333337,fighter,RightRingIntermediate,0.0122111123,1.22849214,1.1844939,0.5267532,-0.36166355,0.759365439,0.122864008
7934f1476fe2c6e458c230f491769c34,7400034,Mankey,0.433333337,fighter,RightRingDistal,0.0349051431,1.2391268,1.135872,-0.06678044,0.6118976,-0.618936658,0.487893045
7934f1476fe2c6e458c230f491769c34,7400034,Mankey,0.433333337,fighter,RightLittleProximal,0.08234553,1.21421421,1.195579,-0.5640914,-0.0672951043,-0.26621294,-0.778719
7934f1476fe2c6e458c230f491769c34,7400034,Mankey,0.433333337,fighter,RightLittleIntermediate,0.0370488167,1.18804908,1.18514967,0.551730931,-0.330957651,0.7004618,0.3088913
7934f1476fe2c6e458c230f491769c34,7400034,Mankey,0.433333337,fighter,RightLittleDistal,0.0481339321,1.18431258,1.13107467,-0.0834432542,0.6016541,-0.7334895,0.30502978
7934f1476fe2c6e458c230f491769c34,7400034,Mankey,0.433333337,fighter,UpperChest,-0.07438937,1.16966438,0.6394756,0.6723224,-0.4928401,-0.384637654,0.3964158
7934f1476fe2c6e458c230f491769c34,7400034,Mankey,0.45,source,AnimatorRoot,4.17514769E-08,4.48171E-10,0.55741924,0,0,4.06493732E-16,1
7934f1476fe2c6e458c230f491769c34,7400034,Mankey,0.45,source,Hips,-0.03114909,0.780074239,0.659999132,-0.0562860556,0.09105529,0.0292027518,0.993824959
7934f1476fe2c6e458c230f491769c34,7400034,Mankey,0.45,source,LeftUpperLeg,-0.129576355,0.7752823,0.678474545,-0.596751332,-0.3579032,0.611905,0.3759861
7934f1476fe2c6e458c230f491769c34,7400034,Mankey,0.45,source,RightUpperLeg,0.0672784,0.7848664,0.641523659,0.508894145,-0.260679722,-0.6082288,0.5505731
7934f1476fe2c6e458c230f491769c34,7400034,Mankey,0.45,source,LeftLowerLeg,-0.127695963,0.444547951,0.85037595,-0.444485873,-0.464531839,0.5440502,0.5391215
7934f1476fe2c6e458c230f491769c34,7400034,Mankey,0.45,source,RightLowerLeg,0.113576196,0.4363254,0.5177718,0.489466518,-0.0887127742,-0.734496832,0.4615922
7934f1476fe2c6e458c230f491769c34,7400034,Mankey,0.45,source,LeftFoot,-0.119497851,0.0967423,0.844379663,0.621507168,0.115435332,-0.7530166,-0.182673678
7934f1476fe2c6e458c230f491769c34,7400034,Mankey,0.45,source,RightFoot,0.08062096,0.170168519,0.2960818,0.408088773,-0.283231884,-0.342446178,0.7974799
7934f1476fe2c6e458c230f491769c34,7400034,Mankey,0.45,source,Spine,-0.037842378,0.8772916,0.649555743,-0.0555224754,0.0956945047,0.0543709174,0.9923727
7934f1476fe2c6e458c230f491769c34,7400034,Mankey,0.45,source,Chest,-0.05847338,1.05471611,0.6349093,0.115334094,-0.155039936,0.141299263,0.970925
7934f1476fe2c6e458c230f491769c34,7400034,Mankey,0.45,source,Neck,-0.121700294,1.24377918,0.6725185,0.392754316,-0.120393038,0.207766816,0.887740135
7934f1476fe2c6e458c230f491769c34,7400034,Mankey,0.45,source,Head,-0.1619644,1.2963537,0.7287546,0.266022474,-0.03239467,0.133659571,0.9541058
7934f1476fe2c6e458c230f491769c34,7400034,Mankey,0.45,source,LeftShoulder,-0.135526791,1.19575882,0.65579474,0.0768160149,0.08482871,0.08853589,0.989477
7934f1476fe2c6e458c230f491769c34,7400034,Mankey,0.45,source,RightShoulder,-0.0814502,1.20991182,0.6755804,0.9795778,0.100569077,0.126045763,-0.120108217
7934f1476fe2c6e458c230f491769c34,7400034,Mankey,0.45,source,LeftUpperArm,-0.2732592,1.16902852,0.6777015,-0.0588822924,0.29166916,0.5159091,0.803305566
7934f1476fe2c6e458c230f491769c34,7400034,Mankey,0.45,source,RightUpperArm,0.05316995,1.23358488,0.7140757,0.888823867,-0.2465835,0.3848973,0.0322987251
7934f1476fe2c6e458c230f491769c34,7400034,Mankey,0.45,source,LeftLowerArm,-0.340671718,0.9890141,0.7976378,-0.5576989,0.766027,0.3134212,0.06278425
7934f1476fe2c6e458c230f491769c34,7400034,Mankey,0.45,source,RightLowerArm,0.185057968,1.13990808,0.8727068,0.336434066,-0.19842428,0.8474521,0.3595344
7934f1476fe2c6e458c230f491769c34,7400034,Mankey,0.45,source,LeftHand,-0.253198147,1.18167722,0.903009057,-0.514152467,0.772182047,0.3600302,-0.0987957343
7934f1476fe2c6e458c230f491769c34,7400034,Mankey,0.45,source,RightHand,0.0632991344,1.25238883,1.04122126,0.438511044,-0.286191821,0.763052,0.3788857
7934f1476fe2c6e458c230f491769c34,7400034,Mankey,0.45,source,LeftToes,-0.0954325,0.03406292,0.9782189,0.632393,-0.00747056771,-0.7732327,-0.04620253
7934f1476fe2c6e458c230f491769c34,7400034,Mankey,0.45,source,RightToes,0.171214774,0.0537703373,0.3218732,0.472276717,-0.3203464,-0.031890478,0.8205584
7934f1476fe2c6e458c230f491769c34,7400034,Mankey,0.45,source,LeftThumbProximal,-0.258336663,1.198592,0.891906261,-0.457955271,0.684322059,-0.552892268,0.127634734
7934f1476fe2c6e458c230f491769c34,7400034,Mankey,0.45,source,LeftThumbIntermediate,-0.233891264,1.232849,0.8771083,-0.228557736,0.8189506,-0.4615443,0.2530982
7934f1476fe2c6e458c230f491769c34,7400034,Mankey,0.45,source,LeftThumbDistal,-0.210876435,1.2510829,0.8832134,0.49314642,0.7180549,-0.06827603,0.486356467
7934f1476fe2c6e458c230f491769c34,7400034,Mankey,0.45,source,LeftIndexProximal,-0.239376411,1.2607162,0.9088316,0.127318829,0.9314555,0.109239228,-0.322874129
7934f1476fe2c6e458c230f491769c34,7400034,Mankey,0.45,source,LeftIndexIntermediate,-0.2159706,1.255578,0.8894274,0.7857693,0.517558455,-0.17845805,-0.287841976
7934f1476fe2c6e458c230f491769c34,7400034,Mankey,0.45,source,LeftIndexDistal,-0.224885464,1.23519,0.889038,0.898860633,-0.266984582,-0.34412995,-0.04841493
7934f1476fe2c6e458c230f491769c34,7400034,Mankey,0.45,source,LeftMiddleProximal,-0.227752358,1.25252783,0.924888,0.132327825,0.9172901,0.138357759,-0.349178165
7934f1476fe2c6e458c230f491769c34,7400034,Mankey,0.45,source,LeftMiddleIntermediate,-0.2040678,1.24772787,0.9026456,0.7716771,0.514026761,-0.184589535,-0.3259112
7934f1476fe2c6e458c230f491769c34,7400034,Mankey,0.45,source,LeftMiddleDistal,-0.212894365,1.22773755,0.9015481,0.8815322,-0.26361686,-0.385508984,-0.06921288
7934f1476fe2c6e458c230f491769c34,7400034,Mankey,0.45,source,LeftRingProximal,-0.218327433,1.24469483,0.9376497,0.222728863,0.8593864,0.151053473,-0.4347758
7934f1476fe2c6e458c230f491769c34,7400034,Mankey,0.45,source,LeftRingIntermediate,-0.201955944,1.23681867,0.912137747,0.7660411,0.441791058,-0.228820354,-0.4069929
7934f1476fe2c6e458c230f491769c34,7400034,Mankey,0.45,source,LeftRingDistal,-0.211646289,1.22025383,0.911964357,0.83902365,-0.24456951,-0.4686382,-0.128854692
7934f1476fe2c6e458c230f491769c34,7400034,Mankey,0.45,source,LeftLittleProximal,-0.207980216,1.23250151,0.946512,0.199228376,0.84432745,0.181963429,-0.462935
7934f1476fe2c6e458c230f491769c34,7400034,Mankey,0.45,source,LeftLittleIntermediate,-0.194477,1.2278918,0.923067,0.7063505,0.495205075,-0.20301649,-0.463276654
7934f1476fe2c6e458c230f491769c34,7400034,Mankey,0.45,source,LeftLittleDistal,-0.202591181,1.2110281,0.919798732,0.8436013,-0.0918312,-0.4762001,-0.230516121
7934f1476fe2c6e458c230f491769c34,7400034,Mankey,0.45,source,RightThumbProximal,0.0517394729,1.269765,1.04168725,0.311457276,0.557314,0.769242048,-0.0257502142
7934f1476fe2c6e458c230f491769c34,7400034,Mankey,0.45,source,RightThumbIntermediate,0.0158431362,1.28348422,1.06434393,-0.4414016,-0.410452962,-0.7646139,0.228165656
7934f1476fe2c6e458c230f491769c34,7400034,Mankey,0.45,source,RightThumbDistal,0.000662124,1.28388727,1.0902046,0.5911791,-0.08236038,0.379394442,-0.7069544
7934f1476fe2c6e458c230f491769c34,7400034,Mankey,0.45,source,RightIndexProximal,0.0360927656,1.30187809,1.0985148,-0.1849681,0.430070251,-0.8557315,0.220342621
7934f1476fe2c6e458c230f491769c34,7400034,Mankey,0.45,source,RightIndexIntermediate,0.0103619639,1.28534639,1.10243356,-0.173941031,-0.4262025,0.4411757,-0.770364046
7934f1476fe2c6e458c230f491769c34,7400034,Mankey,0.45,source,RightIndexDistal,0.0158720948,1.27351868,1.08440173,0.43154633,0.153746,0.261997849,0.849404633
7934f1476fe2c6e458c230f491769c34,7400034,Mankey,0.45,source,RightMiddleProximal,0.04556513,1.28621054,1.10968554,-0.111119621,0.464099735,-0.8435996,0.246179223
7934f1476fe2c6e458c230f491769c34,7400034,Mankey,0.45,source,RightMiddleIntermediate,0.01751302,1.26918411,1.108341,-0.26327157,-0.3789666,0.3888332,-0.797421932
7934f1476fe2c6e458c230f491769c34,7400034,Mankey,0.45,source,RightMiddleDistal,0.0264975335,1.25998187,1.09063578,0.464461148,0.029458724,0.347164631,0.814177752
7934f1476fe2c6e458c230f491769c34,7400034,Mankey,0.45,source,RightRingProximal,0.0534144677,1.27264476,1.11789632,-0.04810131,0.5299581,-0.7967221,0.286470026
7934f1476fe2c6e458c230f491769c34,7400034,Mankey,0.45,source,RightRingIntermediate,0.0273799058,1.25675058,1.11078572,-0.366295844,-0.364579767,0.316577882,-0.7954171
7934f1476fe2c6e458c230f491769c34,7400034,Mankey,0.45,source,RightRingDistal,0.03761927,1.25221074,1.09520507,0.5255868,-0.06768193,0.402522415,0.7464274
7934f1476fe2c6e458c230f491769c34,7400034,Mankey,0.45,source,RightLittleProximal,0.0590409525,1.2556895,1.12178862,0.0138474554,0.5268864,-0.832508147,0.170674115
7934f1476fe2c6e458c230f491769c34,7400034,Mankey,0.45,source,RightLittleIntermediate,0.0332057029,1.248293,1.11622214,-0.370670766,-0.349336684,0.50088954,-0.6997696
7934f1476fe2c6e458c230f491769c34,7400034,Mankey,0.45,source,RightLittleDistal,0.0380403735,1.23989344,1.09987628,0.517671466,-0.07413601,0.191702634,0.830524564
7934f1476fe2c6e458c230f491769c34,7400034,Mankey,0.45,fighter,AnimatorRoot,0,0,0,0,0,0,1
7934f1476fe2c6e458c230f491769c34,7400034,Mankey,0.45,fighter,Hips,-0.0311490875,0.7800742,0.6599991,0.405759,-0.490154147,-0.5008886,0.586702049
7934f1476fe2c6e458c230f491769c34,7400034,Mankey,0.45,fighter,LeftUpperLeg,-0.1501832,0.7818817,0.6830651,0.392771125,0.609898031,0.365820318,0.5830359
7934f1476fe2c6e458c230f491769c34,7400034,Mankey,0.45,fighter,RightUpperLeg,0.08788504,0.7782666,0.636933,0.5995273,0.5682502,0.500130951,0.259861767
7934f1476fe2c6e458c230f491769c34,7400034,Mankey,0.45,fighter,LeftLowerLeg,-0.145937636,0.4504533,0.8381589,0.5343073,0.583618641,0.443457574,0.4210116
7934f1476fe2c6e458c230f491769c34,7400034,Mankey,0.45,fighter,RightLowerLeg,0.141340837,0.433803976,0.525556266,0.758713543,0.426385522,0.482301652,0.09967321
7934f1476fe2c6e458c230f491769c34,7400034,Mankey,0.45,fighter,LeftFoot,-0.119497828,0.09674224,0.8443796,0.0277624279,0.8205535,-0.0209210217,0.570512
7934f1476fe2c6e458c230f491769c34,7400034,Mankey,0.45,fighter,RightFoot,0.08062095,0.1701684,0.296081752,0.211046875,0.886401,0.216949761,0.3502653
7934f1476fe2c6e458c230f491769c34,7400034,Mankey,0.45,fighter,Spine,-0.032620918,0.8244555,0.6489257,0.4043243,-0.483512849,-0.477138877,0.6124343
7934f1476fe2c6e458c230f491769c34,7400034,Mankey,0.45,fighter,Chest,-0.04850368,1.06049049,0.612193346,0.683753252,-0.445312,-0.42744875,0.389187217
7934f1476fe2c6e458c230f491769c34,7400034,Mankey,0.45,fighter,Neck,-0.109215051,1.33338749,0.6579738,0.6750139,-0.4057169,-0.458764672,0.411443084
7934f1476fe2c6e458c230f491769c34,7400034,Mankey,0.45,fighter,Head,-0.14638859,1.47104371,0.700448155,0.6932957,-0.292924941,-0.527312636,0.39430657
7934f1476fe2c6e458c230f491769c34,7400034,Mankey,0.45,fighter,LeftShoulder,-0.160516992,1.27322948,0.738842547,0.785318136,-0.133547574,-0.0356508344,0.6034649
7934f1476fe2c6e458c230f491769c34,7400034,Mankey,0.45,fighter,RightShoulder,-0.104524806,1.28234053,0.758784831,0.132253632,-0.6767682,-0.706873059,0.157557726
7934f1476fe2c6e458c230f491769c34,7400034,Mankey,0.45,fighter,LeftUpperArm,-0.3646548,1.32688212,0.7165163,0.6142185,0.509720147,0.131725192,0.5878517
7934f1476fe2c6e458c230f491769c34,7400034,Mankey,0.45,fighter,RightUpperArm,0.08976064,1.367613,0.7532057,-0.0534867942,0.689571,0.61461544,0.379313827
7934f1476fe2c6e458c230f491769c34,7400034,Mankey,0.45,fighter,LeftLowerArm,-0.4902648,1.1067512,0.8398147,-0.09321282,0.9140785,-0.355701983,0.171022043
7934f1476fe2c6e458c230f491769c34,7400034,Mankey,0.45,fighter,RightLowerArm,0.28889212,1.25698817,0.919178367,-0.4743567,0.209473133,0.128140479,0.8453915
7934f1476fe2c6e458c230f491769c34,7400034,Mankey,0.45,fighter,LeftHand,-0.253198475,1.18167722,0.9030091,0.5047126,-0.746525049,-0.424477875,-0.08823045
7934f1476fe2c6e458c230f491769c34,7400034,Mankey,0.45,fighter,RightHand,0.06329924,1.25238883,1.041221,0.285541683,0.6024119,-0.365134716,0.649802148
7934f1476fe2c6e458c230f491769c34,7400034,Mankey,0.45,fighter,LeftToes,-0.017311288,0.115552373,1.10529435,0.1391723,0.7763214,0.0656566,0.611265659
7934f1476fe2c6e458c230f491769c34,7400034,Mankey,0.45,fighter,RightToes,0.269883573,0.0427496433,0.459838629,0.24049589,0.896924,0.230503768,0.290787816
7934f1476fe2c6e458c230f491769c34,7400034,Mankey,0.45,fighter,LeftEye,-0.3046696,1.44962466,0.897372663,0.467101127,-0.187850267,-0.5547384,-0.6624157
7934f1476fe2c6e458c230f491769c34,7400034,Mankey,0.45,fighter,RightEye,-0.0519335233,1.51209021,0.932293236,0.366872668,-0.3412812,-0.759098,-0.4155746
7934f1476fe2c6e458c230f491769c34,7400034,Mankey,0.45,fighter,Jaw,-0.119300477,1.29850531,0.8130586,0.69665575,0.284841627,-0.6514471,-0.09567295
7934f1476fe2c6e458c230f491769c34,7400034,Mankey,0.45,fighter,LeftThumbProximal,-0.23224622,1.25181234,0.8971175,0.2769724,-0.887287855,-0.2700271,0.251182079
7934f1476fe2c6e458c230f491769c34,7400034,Mankey,0.45,fighter,LeftThumbIntermediate,-0.199892789,1.27997875,0.8838165,0.2745832,-0.898438632,-0.339683175,-0.04503435
7934f1476fe2c6e458c230f491769c34,7400034,Mankey,0.45,fighter,LeftThumbDistal,-0.167131856,1.29791808,0.894184232,-0.02355645,-0.5360667,-0.428283,-0.7270844
7934f1476fe2c6e458c230f491769c34,7400034,Mankey,0.45,fighter,LeftMiddleProximal,-0.209610686,1.30304146,0.9404868,-0.217898369,-0.923926234,-0.141404167,0.280865937
7934f1476fe2c6e458c230f491769c34,7400034,Mankey,0.45,fighter,LeftMiddleIntermediate,-0.164289251,1.28343868,0.9052722,-0.8479409,-0.454314858,0.100854635,0.253816575
7934f1476fe2c6e458c230f491769c34,7400034,Mankey,0.45,fighter,LeftMiddleDistal,-0.194525391,1.23961091,0.9020937,-0.9202907,0.3172106,0.222285628,0.0550673455
7934f1476fe2c6e458c230f491769c34,7400034,Mankey,0.45,fighter,LeftRingProximal,-0.181908563,1.27452266,0.9787484,-0.312722921,-0.8580402,-0.194425076,0.358009428
7934f1476fe2c6e458c230f491769c34,7400034,Mankey,0.45,fighter,LeftRingIntermediate,-0.152674556,1.2533232,0.939491451,-0.843398869,-0.387939632,0.139077976,0.3447301
7934f1476fe2c6e458c230f491769c34,7400034,Mankey,0.45,fighter,LeftRingDistal,-0.188794822,1.212283,0.9376932,-0.8836189,0.288578451,0.3471286,0.124268018
7934f1476fe2c6e458c230f491769c34,7400034,Mankey,0.45,fighter,LeftLittleProximal,-0.167237118,1.22324908,1.00662529,-0.280329525,-0.851258159,-0.211541742,0.389905155
7934f1476fe2c6e458c230f491769c34,7400034,Mankey,0.45,fighter,LeftLittleIntermediate,-0.138498545,1.20659089,0.9648909,-0.8061286,-0.453306824,0.09302546,0.368804425
7934f1476fe2c6e458c230f491769c34,7400034,Mankey,0.45,fighter,LeftLittleDistal,-0.170128882,1.16236067,0.9546898,-0.908973,0.148794562,0.3422338,0.185754687
7934f1476fe2c6e458c230f491769c34,7400034,Mankey,0.45,fighter,RightThumbProximal,0.0258681849,1.29199946,1.09043968,-0.388666928,-0.3465703,0.106788754,-0.8470086
7934f1476fe2c6e458c230f491769c34,7400034,Mankey,0.45,fighter,RightThumbIntermediate,-0.00722966529,1.28802514,1.12053466,0.374618232,0.583222,-0.03988254,0.719668746
7934f1476fe2c6e458c230f491769c34,7400034,Mankey,0.45,fighter,RightThumbDistal,-0.0194990877,1.27331185,1.154233,-0.259771,-0.9412092,-0.19780238,-0.08671093
7934f1476fe2c6e458c230f491769c34,7400034,Mankey,0.45,fighter,RightMiddleProximal,0.0329212248,1.31032467,1.1584996,-0.486397147,-0.146545157,-0.353290915,-0.7855751
7934f1476fe2c6e458c230f491769c34,7400034,Mankey,0.45,fighter,RightMiddleIntermediate,-0.009983217,1.26801372,1.15161979,0.542416453,-0.2605897,0.7716742,0.2059048
7934f1476fe2c6e458c230f491769c34,7400034,Mankey,0.45,fighter,RightMiddleDistal,0.00744702248,1.26614213,1.10124266,-0.198025286,0.5334441,-0.685237944,0.4546124
7934f1476fe2c6e458c230f491769c34,7400034,Mankey,0.45,fighter,RightRingProximal,0.05831797,1.26624286,1.1798656,-0.59064126,-0.09561081,-0.358535945,-0.7165569
7934f1476fe2c6e458c230f491769c34,7400034,Mankey,0.45,fighter,RightRingIntermediate,0.01966647,1.23281085,1.164583,0.526075244,-0.3712623,0.750613749,0.148285046
7934f1476fe2c6e458c230f491769c34,7400034,Mankey,0.45,fighter,RightRingDistal,0.0416844562,1.2420013,1.11535931,-0.0600080043,0.6174023,-0.632252455,0.464188039
7934f1476fe2c6e458c230f491769c34,7400034,Mankey,0.45,fighter,RightLittleProximal,0.08920725,1.2148726,1.17454541,-0.5636021,-0.0617953539,-0.2388601,-0.7883401
7934f1476fe2c6e458c230f491769c34,7400034,Mankey,0.45,fighter,RightLittleIntermediate,0.0423609242,1.19106877,1.16538084,0.5504532,-0.339709133,0.6861718,0.332817763
7934f1476fe2c6e458c230f491769c34,7400034,Mankey,0.45,fighter,RightLittleDistal,0.0519029349,1.18649042,1.111077,-0.0772949755,0.6053179,-0.7418642,0.277945936
7934f1476fe2c6e458c230f491769c34,7400034,Mankey,0.45,fighter,UpperChest,-0.07692712,1.17296636,0.6406109,0.6553142,-0.4861939,-0.4029108,0.414538234
7934f1476fe2c6e458c230f491769c34,7400034,Mankey,0.466666669,source,AnimatorRoot,4.24154152E-08,4.55297883E-10,0.5662834,0,0,4.21549054E-16,1
7934f1476fe2c6e458c230f491769c34,7400034,Mankey,0.466666669,source,Hips,-0.03542988,0.782607138,0.661630869,-0.0600623749,0.117743932,0.028038362,0.9908293
7934f1476fe2c6e458c230f491769c34,7400034,Mankey,0.466666669,source,LeftUpperLeg,-0.1327531,0.778454542,0.6853622,-0.578121066,-0.349130869,0.625832736,0.39015013
7934f1476fe2c6e458c230f491769c34,7400034,Mankey,0.466666669,source,RightUpperLeg,0.0618935525,0.786760032,0.6378994,0.491942,-0.244062617,-0.604772866,0.5767811
7934f1476fe2c6e458c230f491769c34,7400034,Mankey,0.466666669,source,LeftLowerLeg,-0.12264505,0.4459595,0.853540063,-0.4373099,-0.45868957,0.5465702,0.5473802
7934f1476fe2c6e458c230f491769c34,7400034,Mankey,0.466666669,source,RightLowerLeg,0.117569134,0.437210053,0.521049559,0.476259619,-0.07889304,-0.7375309,0.472229868
7934f1476fe2c6e458c230f491769c34,7400034,Mankey,0.466666669,source,LeftFoot,-0.116287954,0.0981650054,0.8451494,0.6243016,0.117894992,-0.7491599,-0.187371045
7934f1476fe2c6e458c230f491769c34,7400034,Mankey,0.466666669,source,RightFoot,0.0826511,0.16868861,0.302534342,0.385807246,-0.2778193,-0.348603874,0.80774045
7934f1476fe2c6e458c230f491769c34,7400034,Mankey,0.466666669,source,Spine,-0.04226148,0.8797515,0.650613,-0.05767937,0.122493789,0.0527794845,0.989385
7934f1476fe2c6e458c230f491769c34,7400034,Mankey,0.466666669,source,Chest,-0.06272412,1.05717111,0.6356731,0.112120338,-0.122180171,0.132331014,0.9772357
7934f1476fe2c6e458c230f491769c34,7400034,Mankey,0.466666669,source,Neck,-0.120991744,1.24754512,0.6746544,0.392450333,-0.09292549,0.194116786,0.8942406
7934f1476fe2c6e458c230f491769c34,7400034,Mankey,0.466666669,source,Head,-0.157490209,1.3011142,0.732499,0.268948227,-0.0308588,0.123060517,0.9547622
7934f1476fe2c6e458c230f491769c34,7400034,Mankey,0.466666669,source,LeftShoulder,-0.13648884,1.19948411,0.6595952,0.07460378,0.109659843,0.08168052,0.9877941
7934f1476fe2c6e458c230f491769c34,7400034,Mankey,0.466666669,source,RightShoulder,-0.08104081,1.21319938,0.6755156,0.98574394,0.09146337,0.08210422,-0.114902057
7934f1476fe2c6e458c230f491769c34,7400034,Mankey,0.466666669,source,LeftUpperArm,-0.273181051,1.17424619,0.6886284,-0.0554859936,0.306338,0.512402952,0.8003259
7934f1476fe2c6e458c230f491769c34,7400034,Mankey,0.466666669,source,RightUpperArm,0.05667334,1.23611963,0.701484,0.888536632,-0.271394163,0.3672096,0.0447798148
7934f1476fe2c6e458c230f491769c34,7400034,Mankey,0.466666669,source,LeftLowerArm,-0.338252425,0.996120036,0.8126086,-0.5585449,0.7656832,0.311518,0.06865403
7934f1476fe2c6e458c230f491769c34,7400034,Mankey,0.466666669,source,RightLowerArm,0.188766286,1.13430321,0.8548414,0.3240259,-0.203430831,0.8433507,0.377336651
7934f1476fe2c6e458c230f491769c34,7400034,Mankey,0.466666669,source,LeftHand,-0.251589984,1.18819082,0.919717252,-0.502286732,0.782811046,0.356106818,-0.09001699
7934f1476fe2c6e458c230f491769c34,7400034,Mankey,0.466666669,source,RightHand,0.06933463,1.25358164,1.02031946,0.4314789,-0.2997839,0.7525734,0.396975
7934f1476fe2c6e458c230f491769c34,7400034,Mankey,0.466666669,source,LeftToes,-0.09378567,0.0340860859,0.9785975,0.6355302,-0.007607569,-0.7705398,-0.0480849072
7934f1476fe2c6e458c230f491769c34,7400034,Mankey,0.466666669,source,RightToes,0.172879964,0.052263882,0.329460263,0.458063364,-0.310271055,-0.04705364,0.8316827
7934f1476fe2c6e458c230f491769c34,7400034,Mankey,0.466666669,source,LeftThumbProximal,-0.256013423,1.20519316,0.9084419,-0.4433352,0.6895174,-0.5599758,0.120196827
7934f1476fe2c6e458c230f491769c34,7400034,Mankey,0.466666669,source,LeftThumbIntermediate,-0.230227917,1.2384721,0.8936865,-0.212584913,0.8197525,-0.470021,0.248784766
7934f1476fe2c6e458c230f491769c34,7400034,Mankey,0.466666669,source,LeftThumbDistal,-0.206660569,1.25593865,0.8999258,0.504226446,0.7063986,-0.0765022039,0.490820169
7934f1476fe2c6e458c230f491769c34,7400034,Mankey,0.466666669,source,LeftIndexProximal,-0.235088378,1.26674163,0.9251548,0.144030586,0.9312625,0.112274028,-0.315277845
7934f1476fe2c6e458c230f491769c34,7400034,Mankey,0.466666669,source,LeftIndexIntermediate,-0.211663261,1.260653,0.9060511,0.796645463,0.504773259,-0.170857862,-0.285250366
7934f1476fe2c6e458c230f491769c34,7400034,Mankey,0.466666669,source,LeftIndexDistal,-0.2212781,1.24058485,0.905700743,0.896147549,-0.283518672,-0.3372792,-0.0527232066
7934f1476fe2c6e458c230f491769c34,7400034,Mankey,0.466666669,source,LeftMiddleProximal,-0.223934308,1.25827026,0.941396654,0.148722351,0.9172614,0.141922951,-0.341132015
7934f1476fe2c6e458c230f491769c34,7400034,Mankey,0.466666669,source,LeftMiddleIntermediate,-0.2001875,1.25248957,0.9194559,0.7826622,0.501678,-0.176391974,-0.323488951
7934f1476fe2c6e458c230f491769c34,7400034,Mankey,0.466666669,source,LeftMiddleDistal,-0.2096925,1.23281062,0.918395638,0.879184544,-0.27987957,-0.378397524,-0.07427969
7934f1476fe2c6e458c230f491769c34,7400034,Mankey,0.466666669,source,LeftRingProximal,-0.214929223,1.250207,0.954317,0.23833023,0.8583165,0.156813368,-0.42649892
7934f1476fe2c6e458c230f491769c34,7400034,Mankey,0.466666669,source,LeftRingIntermediate,-0.198561773,1.24158239,0.9290457,0.7763018,0.429849476,-0.218981847,-0.405748785
7934f1476fe2c6e458c230f491769c34,7400034,Mankey,0.466666669,source,LeftRingDistal,-0.2088208,1.22536349,0.9288763,0.8376879,-0.260055631,-0.460778475,-0.135400921
7934f1476fe2c6e458c230f491769c34,7400034,Mankey,0.466666669,source,LeftLittleProximal,-0.205111355,1.2377255,0.963378549,0.214498714,0.8439347,0.188129827,-0.454281926
7934f1476fe2c6e458c230f491769c34,7400034,Mankey,0.466666669,source,LeftLittleIntermediate,-0.191519275,1.23248017,0.940119147,0.717605,0.4846973,-0.192723572,-0.461485773
7934f1476fe2c6e458c230f491769c34,7400034,Mankey,0.466666669,source,LeftLittleDistal,-0.200179458,1.2158854,0.9368751,0.8453221,-0.106883287,-0.467081368,-0.236308828
7934f1476fe2c6e458c230f491769c34,7400034,Mankey,0.466666669,source,RightThumbProximal,0.058683902,1.271527,1.02086687,0.325057715,0.5469935,0.771424,-0.00638583628
7934f1476fe2c6e458c230f491769c34,7400034,Mankey,0.466666669,source,RightThumbIntermediate,0.0235043969,1.28695107,1.04355168,-0.450619459,-0.396999657,-0.771698058,0.2093222
7934f1476fe2c6e458c230f491769c34,7400034,Mankey,0.466666669,source,RightThumbDistal,0.008322119,1.28799248,1.06939363,0.586617231,-0.0980799049,0.397679716,-0.6986501
7934f1476fe2c6e458c230f491769c34,7400034,Mankey,0.466666669,source,RightIndexProximal,0.0446182154,1.30408955,1.077852,-0.172585815,0.436897635,-0.860061765,0.199069634
7934f1476fe2c6e458c230f491769c34,7400034,Mankey,0.466666669,source,RightIndexIntermediate,0.0180642828,1.28888321,1.08164358,-0.1873205,-0.422231585,0.459550053,-0.7585813
7934f1476fe2c6e458c230f491769c34,7400034,Mankey,0.466666669,source,RightIndexDistal,0.0229877029,1.27688682,1.06355345,0.437520862,0.1412254,0.240788355,0.854782164
7934f1476fe2c6e458c230f491769c34,7400034,Mankey,0.466666669,source,RightMiddleProximal,0.0532533936,1.28789389,1.08894777,-0.09782331,0.468961477,-0.84845,0.225030333
7934f1476fe2c6e458c230f491769c34,7400034,Mankey,0.466666669,source,RightMiddleIntermediate,0.0243642759,1.27234185,1.08747041,-0.275441051,-0.372546434,0.4079863,-0.786694765
7934f1476fe2c6e458c230f491769c34,7400034,Mankey,0.466666669,source,RightMiddleDistal,0.0328920931,1.262787,1.06972623,0.4670637,0.0159223285,0.326513171,0.8215763
7934f1476fe2c6e458c230f491769c34,7400034,Mankey,0.466666669,source,RightRingProximal,0.0603806749,1.27389693,1.09709311,-0.0330536328,0.53301543,-0.80239594,0.266388863
7934f1476fe2c6e458c230f491769c34,7400034,Mankey,0.466666669,source,RightRingIntermediate,0.0335740969,1.25940359,1.089859,-0.378000945,-0.355313063,0.3356669,-0.7862542
7934f1476fe2c6e458c230f491769c34,7400034,Mankey,0.466666669,source,RightRingDistal,0.0435916148,1.25442827,1.07426691,0.525438666,-0.08286266,0.383372784,0.755032361
7934f1476fe2c6e458c230f491769c34,7400034,Mankey,0.466666669,source,RightLittleProximal,0.06512061,1.25665343,1.10089827,0.0285005812,0.5285351,-0.835151255,0.149536356
7934f1476fe2c6e458c230f491769c34,7400034,Mankey,0.466666669,source,RightLittleIntermediate,0.03894805,1.2506274,1.095256,-0.381853938,-0.340544879,0.517493367,-0.685870349
7934f1476fe2c6e458c230f491769c34,7400034,Mankey,0.466666669,source,RightLittleDistal,0.0433705859,1.24208021,1.07886982,0.5177499,-0.0885885656,0.170434862,0.8336903
7934f1476fe2c6e458c230f491769c34,7400034,Mankey,0.466666669,fighter,AnimatorRoot,0,0,0,0,0,0,1
7934f1476fe2c6e458c230f491769c34,7400034,Mankey,0.466666669,fighter,Hips,-0.0354298763,0.7826071,0.6616308,0.389167428,-0.477722466,-0.5101295,0.6000816
7934f1476fe2c6e458c230f491769c34,7400034,Mankey,0.466666669,fighter,LeftUpperLeg,-0.153101921,0.7850731,0.690813661,0.4067206,0.623067856,0.357172847,0.5646171
7934f1476fe2c6e458c230f491769c34,7400034,Mankey,0.466666669,fighter,RightUpperLeg,0.08224216,0.7801411,0.632447958,0.596343458,0.5970576,0.479738235,0.240308315
7934f1476fe2c6e458c230f491769c34,7400034,Mankey,0.466666669,fighter,LeftLowerLeg,-0.141547859,0.452002674,0.841967165,0.5418355,0.585861444,0.438598573,0.413294435
7934f1476fe2c6e458c230f491769c34,7400034,Mankey,0.466666669,fighter,RightLowerLeg,0.14564243,0.4351734,0.528071642,0.7623252,0.439100027,0.4673425,0.08742139
7934f1476fe2c6e458c230f491769c34,7400034,Mankey,0.466666669,fighter,LeftFoot,-0.116287932,0.09816488,0.8451494,0.03302989,0.8180318,-0.0186681151,0.573920548
7934f1476fe2c6e458c230f491769c34,7400034,Mankey,0.466666669,fighter,RightFoot,0.0826511,0.16868861,0.302534342,0.21318762,0.8950094,0.195012957,0.3398227
7934f1476fe2c6e458c230f491769c34,7400034,Mankey,0.466666669,fighter,Spine,-0.03732326,0.8268956,0.6502538,0.388574928,-0.470092416,-0.4871404,0.6250737
7934f1476fe2c6e458c230f491769c34,7400034,Mankey,0.466666669,fighter,Chest,-0.0540518537,1.06274366,0.612705946,0.664351463,-0.438596636,-0.44919315,0.405581176
7934f1476fe2c6e458c230f491769c34,7400034,Mankey,0.466666669,fighter,Neck,-0.108707093,1.33684719,0.6589073,0.6621277,-0.402724147,-0.4736627,0.418382823
7934f1476fe2c6e458c230f491769c34,7400034,Mankey,0.466666669,fighter,Head,-0.142467067,1.47516012,0.7020925,0.689021766,-0.296324849,-0.535167158,0.3886349
7934f1476fe2c6e458c230f491769c34,7400034,Mankey,0.466666669,fighter,LeftShoulder,-0.15517883,1.27825665,0.743749261,0.7785917,-0.122617632,-0.0565067679,0.6128355
7934f1476fe2c6e458c230f491769c34,7400034,Mankey,0.466666669,fighter,RightShoulder,-0.0978963152,1.28696787,0.7598321,0.0958909243,-0.677424133,-0.705695033,0.184109867
7934f1476fe2c6e458c230f491769c34,7400034,Mankey,0.466666669,fighter,LeftUpperArm,-0.359689265,1.333483,0.7305265,0.6205692,0.505438745,0.123019755,0.5867641
7934f1476fe2c6e458c230f491769c34,7400034,Mankey,0.466666669,fighter,RightUpperArm,0.09605975,1.36969566,0.7356144,-0.0248435289,0.695300162,0.6054978,0.386410773
7934f1476fe2c6e458c230f491769c34,7400034,Mankey,0.466666669,fighter,LeftLowerArm,-0.488999516,1.11598516,0.854670048,-0.08562595,0.911936343,-0.36208266,0.173024148
7934f1476fe2c6e458c230f491769c34,7400034,Mankey,0.466666669,fighter,RightLowerArm,0.293392658,1.24754453,0.8955423,-0.470130742,0.225550845,0.111433953,0.845982552
7934f1476fe2c6e458c230f491769c34,7400034,Mankey,0.466666669,fighter,LeftHand,-0.2515902,1.18819094,0.9197173,0.494311452,-0.75617826,-0.417431951,-0.09798861
7934f1476fe2c6e458c230f491769c34,7400034,Mankey,0.466666669,fighter,RightHand,0.06933471,1.2535814,1.0203191,0.3030296,0.5953879,-0.379858881,0.6398394
7934f1476fe2c6e458c230f491769c34,7400034,Mankey,0.466666669,fighter,LeftToes,-0.0163016114,0.113900468,1.107118,0.140736833,0.773495853,0.06594095,0.614450455
7934f1476fe2c6e458c230f491769c34,7400034,Mankey,0.466666669,fighter,RightToes,0.2761871,0.04514147,0.4642505,0.2521435,0.9021316,0.211768314,0.278812945
7934f1476fe2c6e458c230f491769c34,7400034,Mankey,0.466666669,fighter,LeftEye,-0.299287826,1.455708,0.9003847,0.460820019,-0.1939514,-0.5509922,-0.668158531
7934f1476fe2c6e458c230f491769c34,7400034,Mankey,0.466666669,fighter,RightEye,-0.0450712927,1.5130707,0.933254063,0.358829975,-0.3446784,-0.757684767,-0.422317564
7934f1476fe2c6e458c230f491769c34,7400034,Mankey,0.466666669,fighter,Jaw,-0.117683887,1.30150151,0.8135055,0.69605124,0.2794137,-0.6529667,-0.105241224
7934f1476fe2c6e458c230f491769c34,7400034,Mankey,0.466666669,fighter,LeftThumbProximal,-0.228143856,1.2575109,0.913583,0.270728,-0.8924966,-0.270645082,0.23855482
7934f1476fe2c6e458c230f491769c34,7400034,Mankey,0.466666669,fighter,LeftThumbIntermediate,-0.194927841,1.28501332,0.9010403,0.2668383,-0.9008562,-0.337418556,-0.05835867
7934f1476fe2c6e458c230f491769c34,7400034,Mankey,0.466666669,fighter,LeftThumbDistal,-0.161948591,1.30212271,0.9120962,-0.0267376415,-0.5280544,-0.420172453,-0.737495661
7934f1476fe2c6e458c230f491769c34,7400034,Mankey,0.466666669,fighter,LeftMiddleProximal,-0.204217032,1.30823433,0.9568535,-0.225696936,-0.923580766,-0.147649661,0.272506
7934f1476fe2c6e458c230f491769c34,7400034,Mankey,0.466666669,fighter,LeftMiddleIntermediate,-0.15875411,1.28783023,0.922282457,-0.853125,-0.447080523,0.0889254361,0.253750771
7934f1476fe2c6e458c230f491769c34,7400034,Mankey,0.466666669,fighter,LeftMiddleDistal,-0.18992734,1.24473321,0.9182731,-0.918317854,0.326544583,0.21455203,0.06347537
7934f1476fe2c6e458c230f491769c34,7400034,Mankey,0.466666669,fighter,LeftRingProximal,-0.177948564,1.27904713,0.995618761,-0.319370568,-0.8569173,-0.203539759,0.349667549
7934f1476fe2c6e458c230f491769c34,7400034,Mankey,0.466666669,fighter,LeftRingIntermediate,-0.148533121,1.25744426,0.9567188,-0.8477785,-0.381661683,0.126472771,0.345848262
7934f1476fe2c6e458c230f491769c34,7400034,Mankey,0.466666669,fighter,LeftRingDistal,-0.185548142,1.21726048,0.9540082,-0.882776439,0.296432048,0.3390214,0.1337873
7934f1476fe2c6e458c230f491769c34,7400034,Mankey,0.466666669,fighter,LeftLittleProximal,-0.165380225,1.22749734,1.02400911,-0.2868464,-0.850602269,-0.221239135,0.381115317
7934f1476fe2c6e458c230f491769c34,7400034,Mankey,0.466666669,fighter,LeftLittleIntermediate,-0.136313155,1.2104634,0.982655644,-0.810766637,-0.447491944,0.08026756,0.368735731
7934f1476fe2c6e458c230f491769c34,7400034,Mankey,0.466666669,fighter,LeftLittleDistal,-0.168767646,1.16704321,0.9715985,-0.9094629,0.156433418,0.332760781,0.1941064
7934f1476fe2c6e458c230f491769c34,7400034,Mankey,0.466666669,fighter,RightThumbProximal,0.0339119434,1.29479516,1.06970811,-0.399580538,-0.339837044,0.128371239,-0.841645956
7934f1476fe2c6e458c230f491769c34,7400034,Mankey,0.466666669,fighter,RightThumbIntermediate,0.000854779151,1.29230249,1.10000646,0.392282546,0.575702548,-0.0561763048,0.715210557
7934f1476fe2c6e458c230f491769c34,7400034,Mankey,0.466666669,fighter,RightThumbDistal,-0.0119688381,1.277909,1.13363636,-0.284147263,-0.933720231,-0.199206337,-0.0880066752
7934f1476fe2c6e458c230f491769c34,7400034,Mankey,0.466666669,fighter,RightMiddleProximal,0.0417878963,1.31235754,1.13787866,-0.492075026,-0.1325416,-0.33131814,-0.794055343
7934f1476fe2c6e458c230f491769c34,7400034,Mankey,0.466666669,fighter,RightMiddleIntermediate,-0.00341527816,1.27253449,1.130869,0.539070666,-0.278455555,0.7624833,0.224688485
7934f1476fe2c6e458c230f491769c34,7400034,Mankey,0.466666669,fighter,RightMiddleDistal,0.01353806,1.27027118,1.08034551,-0.18364203,0.5438563,-0.693680644,0.4350902
7934f1476fe2c6e458c230f491769c34,7400034,Mankey,0.466666669,fighter,RightRingProximal,0.06484721,1.26690984,1.15903223,-0.5950518,-0.07856391,-0.337521821,-0.725134969
7934f1476fe2c6e458c230f491769c34,7400034,Mankey,0.466666669,fighter,RightRingIntermediate,0.0243186038,1.23581243,1.14368379,0.519320846,-0.388611,0.7425792,0.166925848
7934f1476fe2c6e458c230f491769c34,7400034,Mankey,0.466666669,fighter,RightRingDistal,0.0464662239,1.24433041,1.09439743,-0.0432315022,0.623690248,-0.6410425,0.4452042
7934f1476fe2c6e458c230f491769c34,7400034,Mankey,0.466666669,fighter,RightLittleProximal,0.09306008,1.21404755,1.15346682,-0.5671431,-0.04705009,-0.215684116,-0.7934836
7934f1476fe2c6e458c230f491769c34,7400034,Mankey,0.466666669,fighter,RightLittleIntermediate,0.0449187271,1.19294322,1.14440012,0.545149565,-0.357324481,0.6728798,0.349806547
7934f1476fe2c6e458c230f491769c34,7400034,Mankey,0.466666669,fighter,RightLittleDistal,0.05382048,1.18845272,1.08998024,-0.06170582,0.612272739,-0.7456339,0.2556274
7934f1476fe2c6e458c230f491769c34,7400034,Mankey,0.466666669,fighter,UpperChest,-0.07933965,1.17587066,0.6414999,0.6363582,-0.478307515,-0.423614681,0.432228118
7934f1476fe2c6e458c230f491769c34,7400034,Mankey,0.483333319,source,AnimatorRoot,4.30734346E-08,4.62361233E-10,0.575068533,0,0,4.36604377E-16,1
7934f1476fe2c6e458c230f491769c34,7400034,Mankey,0.483333319,source,Hips,-0.0406793728,0.7847613,0.66278255,-0.06428607,0.150381118,0.02655601,0.986178339
7934f1476fe2c6e458c230f491769c34,7400034,Mankey,0.483333319,source,LeftUpperLeg,-0.1362641,0.7814484,0.692862749,-0.555622935,-0.337007731,0.641731143,0.407296449
7934f1476fe2c6e458c230f491769c34,7400034,Mankey,0.483333319,source,RightUpperLeg,0.05490555,0.788074434,0.632702231,0.4703856,-0.22400327,-0.601193249,0.605909944
7934f1476fe2c6e458c230f491769c34,7400034,Mankey,0.483333319,source,LeftLowerLeg,-0.1173339,0.447003722,0.8563476,-0.42827183,-0.449791,0.54976517,0.558596253
7934f1476fe2c6e458c230f491769c34,7400034,Mankey,0.483333319,source,RightLowerLeg,0.120798893,0.437964946,0.5230655,0.458715647,-0.06858044,-0.741230249,0.485236645
7934f1476fe2c6e458c230f491769c34,7400034,Mankey,0.483333319,source,LeftFoot,-0.114165016,0.09923809,0.8453504,0.6247156,0.120724648,-0.747271061,-0.191682816
7934f1476fe2c6e458c230f491769c34,7400034,Mankey,0.483333319,source,RightFoot,0.08313228,0.1657738,0.309605628,0.35617125,-0.271552056,-0.3540962,0.8209858
7934f1476fe2c6e458c230f491769c34,7400034,Mankey,0.483333319,source,Spine,-0.04770761,0.881818652,0.651138663,-0.0591740534,0.1551794,0.04984036,0.9848522
7934f1476fe2c6e458c230f491769c34,7400034,Mankey,0.483333319,source,Chest,-0.06759547,1.05930007,0.636158347,0.109581515,-0.08358984,0.120839737,0.9830578
7934f1476fe2c6e458c230f491769c34,7400034,Mankey,0.483333319,source,Neck,-0.119668722,1.251101,0.676873147,0.392729044,-0.0608899221,0.17660594,0.900481462
7934f1476fe2c6e458c230f491769c34,7400034,Mankey,0.483333319,source,Head,-0.151456282,1.30576026,0.7364526,0.270620346,-0.0276271477,0.1104071,0.95593524
7934f1476fe2c6e458c230f491769c34,7400034,Mankey,0.483333319,source,LeftShoulder,-0.137043282,1.20311,0.6637665,0.07373727,0.137730867,0.07256784,0.98505193
7934f1476fe2c6e458c230f491769c34,7400034,Mankey,0.483333319,source,RightShoulder,-0.08030838,1.21611524,0.67508316,0.990081847,0.07953157,0.0346787721,-0.1105004
7934f1476fe2c6e458c230f491769c34,7400034,Mankey,0.483333319,source,LeftUpperArm,-0.272162437,1.17992437,0.7007783,-0.0502314568,0.323153466,0.506894946,0.797563
7934f1476fe2c6e458c230f491769c34,7400034,Mankey,0.483333319,source,RightUpperArm,0.05955792,1.23738408,0.687328339,0.888744056,-0.291466027,0.3485002,0.06106873
7934f1476fe2c6e458c230f491769c34,7400034,Mankey,0.483333319,source,LeftLowerArm,-0.334981382,1.00408363,0.8291068,-0.5573185,0.767226756,0.3090872,0.07228029
7934f1476fe2c6e458c230f491769c34,7400034,Mankey,0.483333319,source,RightLowerArm,0.19259949,1.12965143,0.835744,0.3105175,-0.210664123,0.837648,0.396920174
7934f1476fe2c6e458c230f491769c34,7400034,Mankey,0.483333319,source,LeftHand,-0.247913539,1.19566619,0.9367597,-0.4886731,0.794632852,0.350286484,-0.0840058252
7934f1476fe2c6e458c230f491769c34,7400034,Mankey,0.483333319,source,RightHand,0.07628364,1.25590515,0.9982399,0.416186661,-0.324432671,0.7420098,0.4134658
7934f1476fe2c6e458c230f491769c34,7400034,Mankey,0.483333319,source,LeftToes,-0.09230707,0.03375634,0.9782232,0.636417,-0.007369362,-0.7697818,-0.04853544
7934f1476fe2c6e458c230f491769c34,7400034,Mankey,0.483333319,source,RightToes,0.173236519,0.0497501,0.3386008,0.437701046,-0.297835469,-0.06336572,0.8459886
7934f1476fe2c6e458c230f491769c34,7400034,Mankey,0.483333319,source,LeftThumbProximal,-0.251630068,1.21265769,0.9252159,-0.4293752,0.693088531,-0.568566263,0.109535448
7934f1476fe2c6e458c230f491769c34,7400034,Mankey,0.483333319,source,LeftThumbIntermediate,-0.224539012,1.244766,0.910208,-0.1975412,0.81922853,-0.480992049,0.241845742
7934f1476fe2c6e458c230f491769c34,7400034,Mankey,0.483333319,source,LeftThumbDistal,-0.200397417,1.26145,0.9163926,0.5138636,0.694655538,-0.088412106,0.495562136
7934f1476fe2c6e458c230f491769c34,7400034,Mankey,0.483333319,source,LeftIndexProximal,-0.228599116,1.27363384,0.9412435,0.1627283,0.9304505,0.112054467,-0.3085856
7934f1476fe2c6e458c230f491769c34,7400034,Mankey,0.483333319,source,LeftIndexIntermediate,-0.205270246,1.266429,0.9224124,0.80832684,0.490071177,-0.166085288,-0.2808103
7934f1476fe2c6e458c230f491769c34,7400034,Mankey,0.483333319,source,LeftIndexDistal,-0.215607688,1.24672079,0.9222626,0.8924719,-0.301931858,-0.33082968,-0.0536972843
7934f1476fe2c6e458c230f491769c34,7400034,Mankey,0.483333319,source,LeftMiddleProximal,-0.217882469,1.264992,0.957688868,0.167230532,0.916673243,0.14228411,-0.333915919
7934f1476fe2c6e458c230f491769c34,7400034,Mankey,0.483333319,source,LeftMiddleIntermediate,-0.194199875,1.25804317,0.9360193,0.794577837,0.487339437,-0.170954123,-0.319251418
7934f1476fe2c6e458c230f491769c34,7400034,Mankey,0.483333319,source,LeftMiddleDistal,-0.20440802,1.23871,0.9351552,0.8758868,-0.2981884,-0.371637851,-0.07610267
7934f1476fe2c6e458c230f491769c34,7400034,Mankey,0.483333319,source,LeftRingProximal,-0.20927377,1.25678921,0.9707904,0.2562851,0.8565399,0.159481749,-0.4185967
7934f1476fe2c6e458c230f491769c34,7400034,Mankey,0.483333319,source,LeftRingIntermediate,-0.1930443,1.2472204,0.945771337,0.7876478,0.415660232,-0.211561054,-0.402591228
7934f1476fe2c6e458c230f491769c34,7400034,Mankey,0.483333319,source,LeftRingDistal,-0.203886434,1.2313844,0.9457443,0.8355023,-0.277952,-0.453187227,-0.138925239
7934f1476fe2c6e458c230f491769c34,7400034,Mankey,0.483333319,source,LeftLittleProximal,-0.19998531,1.244088,0.980101,0.232269719,0.842919946,0.191306666,-0.4460253
7934f1476fe2c6e458c230f491769c34,7400034,Mankey,0.483333319,source,LeftLittleIntermediate,-0.186420977,1.23802483,0.957025051,0.7302493,0.471963823,-0.184901088,-0.458037466
7934f1476fe2c6e458c230f491769c34,7400034,Mankey,0.483333319,source,LeftLittleDistal,-0.195656255,1.221712,0.9539416,0.84665215,-0.124604777,-0.4586899,-0.239285827
7934f1476fe2c6e458c230f491769c34,7400034,Mankey,0.483333319,source,RightThumbProximal,0.06678214,1.27448237,0.9988611,0.333115131,0.5298084,0.779654145,0.0218446478
7934f1476fe2c6e458c230f491769c34,7400034,Mankey,0.483333319,source,RightThumbIntermediate,0.03211471,1.29174757,1.02100086,-0.4520921,-0.3783012,-0.786587059,0.183798373
7934f1476fe2c6e458c230f491769c34,7400034,Mankey,0.483333319,source,RightThumbDistal,0.016410267,1.29333448,1.04650092,0.5724872,-0.111842386,0.4257503,-0.6917276
7934f1476fe2c6e458c230f491769c34,7400034,Mankey,0.483333319,source,RightIndexProximal,0.05343956,1.3069427,1.056078,-0.146736458,0.4471121,-0.8641782,0.178201541
7934f1476fe2c6e458c230f491769c34,7400034,Mankey,0.483333319,source,RightIndexIntermediate,0.0258911271,1.29340172,1.05898583,-0.212533012,-0.410987169,0.477598637,-0.746873
7934f1476fe2c6e458c230f491769c34,7400034,Mankey,0.483333319,source,RightIndexDistal,0.0304787643,1.28141224,1.04080319,0.4461999,0.115081795,0.219802454,0.859854341
7934f1476fe2c6e458c230f491769c34,7400034,Mankey,0.483333319,source,RightMiddleProximal,0.06076034,1.29005027,1.06707954,-0.07091486,0.476371884,-0.852244556,0.204256147
7934f1476fe2c6e458c230f491769c34,7400034,Mankey,0.483333319,source,RightMiddleIntermediate,0.030987313,1.27639937,1.06466079,-0.2986502,-0.3577568,0.426346,-0.7752728
7934f1476fe2c6e458c230f491769c34,7400034,Mankey,0.483333319,source,RightMiddleDistal,0.0393174775,1.26661038,1.04695022,0.47044307,-0.011424371,0.305811,0.827667356
7934f1476fe2c6e458c230f491769c34,7400034,Mankey,0.483333319,source,RightRingProximal,0.0667873,1.275496,1.07513618,-0.004336738,0.53744483,-0.8062247,0.24725762
7934f1476fe2c6e458c230f491769c34,7400034,Mankey,0.483333319,source,RightRingIntermediate,0.039297957,1.26286244,1.06703,-0.399742365,-0.3366583,0.352994382,-0.7760558
7934f1476fe2c6e458c230f491769c34,7400034,Mankey,0.483333319,source,RightRingDistal,0.049352888,1.257513,1.05158651,0.524400234,-0.111706942,0.36459887,0.761310637
7934f1476fe2c6e458c230f491769c34,7400034,Mankey,0.483333319,source,RightLittleProximal,0.0703312159,1.25792539,1.078742,0.0564267747,0.5326657,-0.834553659,0.12885645
7934f1476fe2c6e458c230f491769c34,7400034,Mankey,0.483333319,source,RightLittleIntermediate,0.0439729355,1.25367475,1.07239211,-0.4044107,-0.324511439,0.531595349,-0.6697397
7934f1476fe2c6e458c230f491769c34,7400034,Mankey,0.483333319,source,RightLittleDistal,0.0482384264,1.2451309,1.05596268,0.519716,-0.116295643,0.149148762,0.833142042
7934f1476fe2c6e458c230f491769c34,7400034,Mankey,0.483333319,fighter,AnimatorRoot,0,0,0,0,0,0,1
7934f1476fe2c6e458c230f491769c34,7400034,Mankey,0.483333319,fighter,Hips,-0.04067937,0.78476125,0.6627825,0.368420869,-0.461594,-0.520985246,0.616256058
7934f1476fe2c6e458c230f491769c34,7400034,Mankey,0.483333319,fighter,LeftUpperLeg,-0.1562181,0.788021266,0.6994514,0.423391253,0.638164341,0.3449791,0.542656064
7934f1476fe2c6e458c230f491769c34,7400034,Mankey,0.483333319,fighter,RightUpperLeg,0.07485935,0.7815013,0.626113653,0.5927052,0.6288248,0.454094261,0.2169761
7934f1476fe2c6e458c230f491769c34,7400034,Mankey,0.483333319,fighter,LeftLowerLeg,-0.136995047,0.45325458,0.846006632,0.5524309,0.5884055,0.43122673,0.403289855
7934f1476fe2c6e458c230f491769c34,7400034,Mankey,0.483333319,fighter,RightLowerLeg,0.1492348,0.43660748,0.5289882,0.766543448,0.4543612,0.447648019,0.0746898651
7934f1476fe2c6e458c230f491769c34,7400034,Mankey,0.483333319,fighter,LeftFoot,-0.114164993,0.0992380455,0.845350444,0.03742917,0.817182958,-0.0156342685,0.574949563
7934f1476fe2c6e458c230f491769c34,7400034,Mankey,0.483333319,fighter,RightFoot,0.08313226,0.1657739,0.309605628,0.213633358,0.905448437,0.165793285,0.327165
7934f1476fe2c6e458c230f491769c34,7400034,Mankey,0.483333319,fighter,Spine,-0.0431488454,0.8289349,0.651074231,0.368902445,-0.45295468,-0.4997816,0.639501
7934f1476fe2c6e458c230f491769c34,7400034,Mankey,0.483333319,fighter,Chest,-0.0606670342,1.06462812,0.6129186,0.6408249,-0.4296004,-0.474850655,0.423443437
7934f1476fe2c6e458c230f491769c34,7400034,Mankey,0.483333319,fighter,Neck,-0.107984319,1.339987,0.659747541,0.646095157,-0.3988644,-0.491390765,0.426619142
7934f1476fe2c6e458c230f491769c34,7400034,Mankey,0.483333319,fighter,Head,-0.1375742,1.47904813,0.7035844,0.682504833,-0.3007907,-0.5445287,0.383667827
7934f1476fe2c6e458c230f491769c34,7400034,Mankey,0.483333319,fighter,LeftShoulder,-0.148433462,1.28304517,0.7486976,0.770694435,-0.1104269,-0.08103308,0.622310162
7934f1476fe2c6e458c230f491769c34,7400034,Mankey,0.483333319,fighter,RightShoulder,-0.08996043,1.2911458,0.760148168,0.0559556931,-0.67523706,-0.7042786,0.211933851
7934f1476fe2c6e458c230f491769c34,7400034,Mankey,0.483333319,fighter,LeftUpperArm,-0.352717936,1.34057856,0.746036649,0.6279401,0.500757456,0.112113506,0.585118949
7934f1476fe2c6e458c230f491769c34,7400034,Mankey,0.483333319,fighter,RightUpperArm,0.101892062,1.37054539,0.7161293,0.00081422925,0.7038873,0.5938828,0.389674127
7934f1476fe2c6e458c230f491769c34,7400034,Mankey,0.483333319,fighter,LeftLowerArm,-0.486128747,1.12634873,0.871516764,-0.0783744752,0.9090217,-0.371458769,0.171919137
7934f1476fe2c6e458c230f491769c34,7400034,Mankey,0.483333319,fighter,RightLowerArm,0.2981448,1.23977137,0.870470464,-0.4618462,0.242063493,0.09475045,0.8480132
7934f1476fe2c6e458c230f491769c34,7400034,Mankey,0.483333319,fighter,LeftHand,-0.247913778,1.19566631,0.9367599,0.482730836,-0.767564654,-0.4083919,-0.105032921
7934f1476fe2c6e458c230f491769c34,7400034,Mankey,0.483333319,fighter,RightHand,0.07628353,1.25590491,0.998239636,0.331728816,0.581075132,-0.391336024,0.631794751
7934f1476fe2c6e458c230f491769c34,7400034,Mankey,0.483333319,fighter,LeftToes,-0.0149180023,0.112002395,1.10776114,0.1410923,0.7727107,0.06629442,0.61531806
7934f1476fe2c6e458c230f491769c34,7400034,Mankey,0.483333319,fighter,RightToes,0.28211996,0.0481572263,0.469112575,0.264145553,0.9085047,0.185942024,0.265089065
7934f1476fe2c6e458c230f491769c34,7400034,Mankey,0.483333319,fighter,LeftEye,-0.2921175,1.46260834,0.9039266,0.454027742,-0.202939108,-0.5467394,-0.673610449
7934f1476fe2c6e458c230f491769c34,7400034,Mankey,0.483333319,fighter,RightEye,-0.0362496749,1.51412463,0.933501244,0.349264681,-0.350582,-0.755698562,-0.428983122
7934f1476fe2c6e458c230f491769c34,7400034,Mankey,0.483333319,fighter,Jaw,-0.115232073,1.30457389,0.814236641,0.694620252,0.271644056,-0.656048834,-0.115380727
7934f1476fe2c6e458c230f491769c34,7400034,Mankey,0.483333319,fighter,LeftThumbProximal,-0.22191,1.26399457,0.9298559,0.2626336,-0.898467064,-0.269062668,0.226685673
7934f1476fe2c6e458c230f491769c34,7400034,Mankey,0.483333319,fighter,LeftThumbIntermediate,-0.187810242,1.29066813,0.9179091,0.257341862,-0.90446645,-0.332700968,-0.0708928257
7934f1476fe2c6e458c230f491769c34,7400034,Mankey,0.483333319,fighter,LeftThumbDistal,-0.154570729,1.30688441,0.929517746,-0.0291429181,-0.521526635,-0.4091868,-0.748149335
7934f1476fe2c6e458c230f491769c34,7400034,Mankey,0.483333319,fighter,LeftMiddleProximal,-0.1964716,1.31441879,0.9726108,-0.23494406,-0.9229945,-0.150563747,0.264978945
7934f1476fe2c6e458c230f491769c34,7400034,Mankey,0.483333319,fighter,LeftMiddleIntermediate,-0.151034668,1.29295421,0.9386533,-0.859174252,-0.4381019,0.07827109,0.252509147
7934f1476fe2c6e458c230f491769c34,7400034,Mankey,0.483333319,fighter,LeftMiddleDistal,-0.1832459,1.25069046,0.9340259,-0.915588856,0.3376101,0.206893623,0.0700877756
7934f1476fe2c6e458c230f491769c34,7400034,Mankey,0.483333319,fighter,LeftRingProximal,-0.171574146,1.2848444,1.01198292,-0.327426851,-0.855518162,-0.209690556,0.341922432
7934f1476fe2c6e458c230f491769c34,7400034,Mankey,0.483333319,fighter,LeftRingIntermediate,-0.142143071,1.2626102,0.9734521,-0.853022337,-0.373487741,0.11495319,0.345898867
7934f1476fe2c6e458c230f491769c34,7400034,Mankey,0.483333319,fighter,LeftRingDistal,-0.180137634,1.22340536,0.9700462,-0.8812037,0.306251168,0.3310321,0.141805947
7934f1476fe2c6e458c230f491769c34,7400034,Mankey,0.483333319,fighter,LeftLittleProximal,-0.1611056,1.23327661,1.04118073,-0.294803739,-0.8497313,-0.228091612,0.372856766
7934f1476fe2c6e458c230f491769c34,7400034,Mankey,0.483333319,fighter,LeftLittleIntermediate,-0.13186796,1.21562552,1.0002079,-0.8163873,-0.43985936,0.0687304139,0.367848217
7934f1476fe2c6e458c230f491769c34,7400034,Mankey,0.483333319,fighter,LeftLittleDistal,-0.165262118,1.17309415,0.9885132,-0.9094622,0.166116789,0.3237781,0.201127231
7934f1476fe2c6e458c230f491769c34,7400034,Mankey,0.483333319,fighter,RightThumbProximal,0.042364683,1.29848433,1.04752553,-0.4172356,-0.322254837,0.151233256,-0.836179137
7934f1476fe2c6e458c230f491769c34,7400034,Mankey,0.483333319,fighter,RightThumbIntermediate,0.008836081,1.297766,1.07739687,0.41776678,0.5577723,-0.07134566,0.7136327
7934f1476fe2c6e458c230f491769c34,7400034,Mankey,0.483333319,fighter,RightThumbDistal,-0.00541321468,1.28364813,1.11056662,-0.313783437,-0.92141813,-0.206817076,-0.0987754762
7934f1476fe2c6e458c230f491769c34,7400034,Mankey,0.483333319,fighter,RightMiddleProximal,0.0496923476,1.31439507,1.11616123,-0.499259174,-0.105090752,-0.307164341,-0.8033348
7934f1476fe2c6e458c230f491769c34,7400034,Mankey,0.483333319,fighter,RightMiddleIntermediate,0.00182721007,1.27809966,1.1078,0.5265897,-0.306762636,0.754191041,0.244533122
7934f1476fe2c6e458c230f491769c34,7400034,Mankey,0.483333319,fighter,RightMiddleDistal,0.0192061979,1.27565789,1.05742955,-0.155479461,0.554681063,-0.7041627,0.415103525
7934f1476fe2c6e458c230f491769c34,7400034,Mankey,0.483333319,fighter,RightRingProximal,0.06930673,1.2672298,1.13702786,-0.600229263,-0.04793629,-0.3156061,-0.7333623
7934f1476fe2c6e458c230f491769c34,7400034,Mankey,0.483333319,fighter,RightRingIntermediate,0.0268378314,1.23946857,1.120569,0.5023804,-0.415492445,0.735210061,0.185598612
7934f1476fe2c6e458c230f491769c34,7400034,Mankey,0.483333319,fighter,RightRingDistal,0.0501588956,1.2473762,1.07172418,-0.0125515088,0.6287296,-0.650290847,0.4262205
7934f1476fe2c6e458c230f491769c34,7400034,Mankey,0.483333319,fighter,RightLittleProximal,0.09423704,1.21277261,1.13117349,-0.5729713,-0.0189576745,-0.190751553,-0.7968432
7934f1476fe2c6e458c230f491769c34,7400034,Mankey,0.483333319,fighter,RightLittleIntermediate,0.04481679,1.19539845,1.12112534,0.531482,-0.386032224,0.6591368,0.366122425
7934f1476fe2c6e458c230f491769c34,7400034,Mankey,0.483333319,fighter,RightLittleDistal,0.0540542528,1.19139779,1.06672335,-0.03231377,0.6204206,-0.7482761,0.232632637
7934f1476fe2c6e458c230f491769c34,7400034,Mankey,0.483333319,fighter,UpperChest,-0.08215706,1.178425,0.6421542,0.6134243,-0.467892855,-0.44813475,0.451622367
7934f1476fe2c6e458c230f491769c34,7400034,Mankey,0.5,source,AnimatorRoot,4.37217373E-08,4.693203E-10,0.583723962,0,0,4.516597E-16,1
7934f1476fe2c6e458c230f491769c34,7400034,Mankey,0.5,source,Hips,-0.0466992855,0.786496162,0.6637284,-0.0682845861,0.186642572,0.0248848647,0.9797359
7934f1476fe2c6e458c230f491769c34,7400034,Mankey,0.5,source,LeftUpperLeg,-0.139850676,0.784162939,0.700736642,-0.5312875,-0.3220581,0.6575478,0.426196
7934f1476fe2c6e458c230f491769c34,7400034,Mankey,0.5,source,RightUpperLeg,0.046452295,0.788829565,0.6267201,0.444731861,-0.20103018,-0.596873462,0.6368222
7934f1476fe2c6e458c230f491769c34,7400034,Mankey,0.5,source,LeftLowerLeg,-0.112945557,0.4476862,0.8588455,-0.418029517,-0.437783331,0.5533047,0.5722334
7934f1476fe2c6e458c230f491769c34,7400034,Mankey,0.5,source,RightLowerLeg,0.123483,0.438816965,0.524268866,0.435656637,-0.0560455956,-0.745727956,0.500951052
7934f1476fe2c6e458c230f491769c34,7400034,Mankey,0.5,source,LeftFoot,-0.11447639,0.09999279,0.845472455,0.6212332,0.123950794,-0.7487893,-0.194987282
7934f1476fe2c6e458c230f491769c34,7400034,Mankey,0.5,source,RightFoot,0.08224937,0.1618526,0.317719936,0.3228707,-0.2602109,-0.356450945,0.83725
7934f1476fe2c6e458c230f491769c34,7400034,Mankey,0.5,source,Spine,-0.0539762639,0.883466363,0.6515255,-0.0595611967,0.191374555,0.0457553267,0.9786392
7934f1476fe2c6e458c230f491769c34,7400034,Mankey,0.5,source,Chest,-0.07288454,1.06107819,0.636823952,0.107749753,-0.0411486253,0.106886052,0.987558663
7934f1476fe2c6e458c230f491769c34,7400034,Mankey,0.5,source,Neck,-0.117578372,1.254346,0.6793318,0.391808957,-0.0262954626,0.155478075,0.906433
7934f1476fe2c6e458c230f491769c34,7400034,Mankey,0.5,source,Head,-0.143856063,1.3103497,0.740330637,0.2712352,-0.0247825757,0.09671483,0.957321167
7934f1476fe2c6e458c230f491769c34,7400034,Mankey,0.5,source,LeftShoulder,-0.1369325,1.20656347,0.668420851,0.07417897,0.167595565,0.0612752549,0.9811497
7934f1476fe2c6e458c230f491769c34,7400034,Mankey,0.5,source,RightShoulder,-0.07919277,1.21855962,0.6746069,0.99202466,0.06511216,-0.0141297905,-0.106995143
7934f1476fe2c6e458c230f491769c34,7400034,Mankey,0.5,source,LeftUpperArm,-0.2698912,1.1859585,0.7138306,-0.0435725376,0.340393871,0.499270678,0.7955894
7934f1476fe2c6e458c230f491769c34,7400034,Mankey,0.5,source,RightUpperArm,0.0615504049,1.23732734,0.6726026,0.8891436,-0.306826532,0.3297614,0.08086297
7934f1476fe2c6e458c230f491769c34,7400034,Mankey,0.5,source,LeftLowerArm,-0.3310023,1.01268518,0.846405447,-0.5545169,0.770406067,0.305722058,0.07429539
7934f1476fe2c6e458c230f491769c34,7400034,Mankey,0.5,source,RightLowerArm,0.196187019,1.12579226,0.816708446,0.295652151,-0.216693848,0.831584334,0.417254746
7934f1476fe2c6e458c230f491769c34,7400034,Mankey,0.5,source,LeftHand,-0.242601484,1.2039088,0.9536094,-0.473527223,0.8077788,0.341333151,-0.08220421
7934f1476fe2c6e458c230f491769c34,7400034,Mankey,0.5,source,RightHand,0.083438,1.2595402,0.975684643,0.3919913,-0.350700319,0.7336133,0.430307
7934f1476fe2c6e458c230f491769c34,7400034,Mankey,0.5,source,LeftToes,-0.0917018,0.0332085155,0.977540731,0.633588552,-0.00647377968,-0.772243738,-0.04650979
7934f1476fe2c6e458c230f491769c34,7400034,Mankey,0.5,source,RightToes,0.173658535,0.0473185368,0.348497748,0.414718777,-0.279538423,-0.07712545,0.8625069
7934f1476fe2c6e458c230f491769c34,7400034,Mankey,0.5,source,LeftThumbProximal,-0.245659873,1.22073972,0.9416449,-0.416974455,0.6937323,-0.5795207,0.09499493
7934f1476fe2c6e458c230f491769c34,7400034,Mankey,0.5,source,LeftThumbIntermediate,-0.217367128,1.25146031,0.925964832,-0.184626579,0.8164383,-0.49554944,0.231889561
7934f1476fe2c6e458c230f491769c34,7400034,Mankey,0.5,source,LeftThumbDistal,-0.192646533,1.26739419,0.9318328,0.5206178,0.6831971,-0.105066389,0.501159549
7934f1476fe2c6e458c230f491769c34,7400034,Mankey,0.5,source,LeftIndexProximal,-0.22045064,1.28120244,0.9562789,0.183309242,0.9290932,0.1066785,-0.302990824
7934f1476fe2c6e458c230f491769c34,7400034,Mankey,0.5,source,LeftIndexIntermediate,-0.197349921,1.272693,0.937712669,0.820785165,0.473568082,-0.165532738,-0.273210943
7934f1476fe2c6e458c230f491769c34,7400034,Mankey,0.5,source,LeftIndexDistal,-0.208403453,1.25337875,0.9380012,0.8878999,-0.322145522,-0.324674636,-0.0494269021
7934f1476fe2c6e458c230f491769c34,7400034,Mankey,0.5,source,LeftMiddleProximal,-0.210104,1.27257562,0.972967267,0.18781586,0.915643334,0.137539327,-0.327728182
7934f1476fe2c6e458c230f491769c34,7400034,Mankey,0.5,source,LeftMiddleIntermediate,-0.186632529,1.26424,0.9515586,0.8074631,0.4710921,-0.16968444,-0.31190297
7934f1476fe2c6e458c230f491769c34,7400034,Mankey,0.5,source,LeftMiddleDistal,-0.197541,1.24527848,0.951124549,0.8717244,-0.318557054,-0.36513412,-0.0727701
7934f1476fe2c6e458c230f491769c34,7400034,Mankey,0.5,source,LeftRingProximal,-0.201838449,1.26438344,0.9862945,0.276744127,0.854235768,0.157157019,-0.411091059
7934f1476fe2c6e458c230f491769c34,7400034,Mankey,0.5,source,LeftRingIntermediate,-0.185902014,1.25362194,0.9615733,0.8002948,0.399199367,-0.207896262,-0.396166116
7934f1476fe2c6e458c230f491769c34,7400034,Mankey,0.5,source,LeftRingDistal,-0.197318062,1.23819792,0.961889267,0.832612634,-0.2984719,-0.445821524,-0.137529537
7934f1476fe2c6e458c230f491769c34,7400034,Mankey,0.5,source,LeftLittleProximal,-0.193048224,1.25158036,0.9959432,0.252765715,0.8414893,0.1896036,-0.438242078
7934f1476fe2c6e458c230f491769c34,7400034,Mankey,0.5,source,LeftLittleIntermediate,-0.179651812,1.24446607,0.973070145,0.744571149,0.456953764,-0.181000024,-0.451714784
7934f1476fe2c6e458c230f491769c34,7400034,Mankey,0.5,source,LeftLittleDistal,-0.189471141,1.22843242,0.9703479,0.8477962,-0.145271868,-0.451321721,-0.237585261
7934f1476fe2c6e458c230f491769c34,7400034,Mankey,0.5,source,RightThumbProximal,0.07522825,1.27872765,0.976150632,0.33588782,0.5133116,0.787629962,0.05770666
7934f1476fe2c6e458c230f491769c34,7400034,Mankey,0.5,source,RightThumbIntermediate,0.04098085,1.29816544,0.997112,-0.4482957,-0.361840278,-0.80327785,0.151155084
7934f1476fe2c6e458c230f491769c34,7400034,Mankey,0.5,source,RightThumbDistal,0.0244155712,1.30061221,1.02199173,0.5560826,-0.1201253,0.460226238,-0.681567967
7934f1476fe2c6e458c230f491769c34,7400034,Mankey,0.5,source,RightIndexProximal,0.061884895,1.31152117,1.03317666,-0.112994008,0.452804,-0.8702543,0.157667071
7934f1476fe2c6e458c230f491769c34,7400034,Mankey,0.5,source,RightIndexIntermediate,0.03337078,1.29990625,1.03483975,-0.2400098,-0.3909216,0.496805549,-0.7367228
7934f1476fe2c6e458c230f491769c34,7400034,Mankey,0.5,source,RightIndexDistal,0.0378416665,1.28779089,1.01671147,0.449944019,0.0812663957,0.199201554,0.8667559
7934f1476fe2c6e458c230f491769c34,7400034,Mankey,0.5,source,RightMiddleProximal,0.06757211,1.29406154,1.044258,-0.03631886,0.4788258,-0.8575783,0.184301659
7934f1476fe2c6e458c230f491769c34,7400034,Mankey,0.5,source,RightMiddleIntermediate,0.03704623,1.28254,1.04050994,-0.323337168,-0.333911479,0.4451486,-0.765375435
7934f1476fe2c6e458c230f491769c34,7400034,Mankey,0.5,source,RightMiddleDistal,0.0453810655,1.27235448,1.02302659,0.467896,-0.0457875356,0.286081821,0.834945858
7934f1476fe2c6e458c230f491769c34,7400034,Mankey,0.5,source,RightRingProximal,0.07224956,1.279051,1.05237365,0.0316372737,0.536442041,-0.811450541,0.229733527
7934f1476fe2c6e458c230f491769c34,7400034,Mankey,0.5,source,RightRingIntermediate,0.0442981422,1.26843631,1.04304469,-0.422161371,-0.308920264,0.369986445,-0.767762065
7934f1476fe2c6e458c230f491769c34,7400034,Mankey,0.5,source,RightRingDistal,0.0545687862,1.26253891,1.02794647,0.516812146,-0.146851718,0.347677529,0.7684144
7934f1476fe2c6e458c230f491769c34,7400034,Mankey,0.5,source,RightLittleProximal,0.07442118,1.26124442,1.05590868,0.09213174,0.5320536,-0.8344602,0.1100335
7934f1476fe2c6e458c230f491769c34,7400034,Mankey,0.5,source,RightLittleIntermediate,0.0481072553,1.25889719,1.04847789,-0.429396868,-0.299660832,0.544717968,-0.6550609
7934f1476fe2c6e458c230f491769c34,7400034,Mankey,0.5,source,RightLittleDistal,0.0524253733,1.25022554,1.03212929,0.5166237,-0.15157938,0.129789725,0.832633734
7934f1476fe2c6e458c230f491769c34,7400034,Mankey,0.5,fighter,AnimatorRoot,0,0,0,0,0,0,1
7934f1476fe2c6e458c230f491769c34,7400034,Mankey,0.5,fighter,Hips,-0.04669928,0.7864961,0.663728356,0.345099866,-0.442438722,-0.532597661,0.633635461
7934f1476fe2c6e458c230f491769c34,7400034,Mankey,0.5,fighter,LeftUpperLeg,-0.15926522,0.7906128,0.7086326,0.441375822,0.6532001,0.3299052,0.5193068
7934f1476fe2c6e458c230f491769c34,7400034,Mankey,0.5,fighter,RightUpperLeg,0.0658666641,0.782379448,0.6188241,0.588145256,0.6621899,0.4235812,0.19018136
7934f1476fe2c6e458c230f491769c34,7400034,Mankey,0.5,fighter,LeftLowerLeg,-0.133276954,0.4542135,0.8503255,0.5656519,0.5907511,0.4213208,0.3918416
7934f1476fe2c6e458c230f491769c34,7400034,Mankey,0.5,fighter,RightLowerLeg,0.152167767,0.438374251,0.5286612,0.7713437,0.4725596,0.422068864,0.0597850978
7934f1476fe2c6e458c230f491769c34,7400034,Mankey,0.5,fighter,LeftFoot,-0.114476435,0.0999929,0.8454725,0.0400172323,0.819170833,-0.0115579367,0.5720353
7934f1476fe2c6e458c230f491769c34,7400034,Mankey,0.5,fighter,RightFoot,0.08224941,0.161852539,0.317719847,0.209591836,0.917858839,0.13386783,0.309331536
7934f1476fe2c6e458c230f491769c34,7400034,Mankey,0.5,fighter,Spine,-0.0498685278,0.830551147,0.651744843,0.346821427,-0.432906926,-0.5140746,0.654243052
7934f1476fe2c6e458c230f491769c34,7400034,Mankey,0.5,fighter,Chest,-0.06806188,1.06616616,0.613423,0.6138468,-0.418662965,-0.5030903,0.441377282
7934f1476fe2c6e458c230f491769c34,7400034,Mankey,0.5,fighter,Neck,-0.106864989,1.34274447,0.660890937,0.628012538,-0.394529521,-0.5105937,0.435017973
7934f1476fe2c6e458c230f491769c34,7400034,Mankey,0.5,fighter,Head,-0.1317528,1.48256314,0.705236554,0.675240755,-0.30660516,-0.553794146,0.378623158
7934f1476fe2c6e458c230f491769c34,7400034,Mankey,0.5,fighter,LeftShoulder,-0.1403495,1.28741324,0.7536695,0.7617886,-0.09760137,-0.1080755,0.631246448
7934f1476fe2c6e458c230f491769c34,7400034,Mankey,0.5,fighter,RightShoulder,-0.08098643,1.29466665,0.75993365,0.0140946507,-0.669980764,-0.702505767,0.239610463
7934f1476fe2c6e458c230f491769c34,7400034,Mankey,0.5,fighter,LeftUpperArm,-0.343595743,1.34793532,0.762465,0.63624,0.49457562,0.100223273,0.583566
7934f1476fe2c6e458c230f491769c34,7400034,Mankey,0.5,fighter,RightUpperArm,0.106805906,1.37013,0.695990741,0.0229993612,0.7149132,0.5802859,0.389408678
7934f1476fe2c6e458c230f491769c34,7400034,Mankey,0.5,fighter,LeftLowerArm,-0.481898069,1.13758945,0.8892129,-0.07127487,0.905200362,-0.383434236,0.1688511
7934f1476fe2c6e458c230f491769c34,7400034,Mankey,0.5,fighter,RightLowerArm,0.3028775,1.23348379,0.845396161,-0.453582317,0.2574176,0.07764458,0.849688649
7934f1476fe2c6e458c230f491769c34,7400034,Mankey,0.5,fighter,LeftHand,-0.242601737,1.2039088,0.953609347,0.47046572,-0.7810083,-0.396294922,-0.107882395
7934f1476fe2c6e458c230f491769c34,7400034,Mankey,0.5,fighter,RightHand,0.08343782,1.25954,0.9756845,0.3627079,0.558564961,-0.403362632,0.6274929
7934f1476fe2c6e458c230f491769c34,7400034,Mankey,0.5,fighter,LeftToes,-0.013488696,0.110208794,1.1073302,0.1393423,0.7753332,0.06679708,0.6123562
7934f1476fe2c6e458c230f491769c34,7400034,Mankey,0.5,fighter,RightToes,0.2892727,0.05272801,0.4729789,0.27204448,0.916783869,0.156499192,0.246996492
7934f1476fe2c6e458c230f491769c34,7400034,Mankey,0.5,fighter,LeftEye,-0.2840293,1.46983373,0.9075747,0.4476978,-0.212821811,-0.5413167,-0.6791539
7934f1476fe2c6e458c230f491769c34,7400034,Mankey,0.5,fighter,RightEye,-0.026593335,1.51494074,0.9338234,0.339809418,-0.357489944,-0.7526587,-0.436160028
7934f1476fe2c6e458c230f491769c34,7400034,Mankey,0.5,fighter,Jaw,-0.112321578,1.3075074,0.8155191,0.6936184,0.262393773,-0.6590081,-0.125506967
7934f1476fe2c6e458c230f491769c34,7400034,Mankey,0.5,fighter,LeftThumbProximal,-0.214088351,1.271051,0.9451518,0.251986533,-0.9055441,-0.2636856,0.216709465
7934f1476fe2c6e458c230f491769c34,7400034,Mankey,0.5,fighter,LeftThumbIntermediate,-0.179099172,1.29667974,0.9334933,0.246153772,-0.9098684,-0.323881328,-0.08154313
7934f1476fe2c6e458c230f491769c34,7400034,Mankey,0.5,fighter,LeftThumbDistal,-0.145548731,1.31199551,0.945426,-0.0294552185,-0.51769954,-0.3943592,-0.7586837
7934f1476fe2c6e458c230f491769c34,7400034,Mankey,0.5,fighter,LeftMiddleProximal,-0.1869347,1.32153273,0.986768842,-0.2462925,-0.9223716,-0.147956848,0.258224249
7934f1476fe2c6e458c230f491769c34,7400034,Mankey,0.5,fighter,LeftMiddleIntermediate,-0.141731471,1.298611,0.9534577,-0.8665828,-0.427123159,0.07025199,0.248324931
7934f1476fe2c6e458c230f491769c34,7400034,Mankey,0.5,fighter,LeftMiddleDistal,-0.175083071,1.25726354,0.948637068,-0.9121659,0.350852877,0.198930785,0.07268312
7934f1476fe2c6e458c230f491769c34,7400034,Mankey,0.5,fighter,LeftRingProximal,-0.163248464,1.29203069,1.0269345,-0.337692231,-0.854217231,-0.2106638,0.3345117
7934f1476fe2c6e458c230f491769c34,7400034,Mankey,0.5,fighter,LeftRingIntermediate,-0.13401106,1.26877522,0.9888619,-0.8598304,-0.3630396,0.1057177,0.343100518
7934f1476fe2c6e458c230f491769c34,7400034,Mankey,0.5,fighter,LeftRingDistal,-0.17307052,1.230657,0.9851794,-0.8790762,0.31880042,0.32282725,0.146199644
7934f1476fe2c6e458c230f491769c34,7400034,Mankey,0.5,fighter,LeftLittleProximal,-0.1547607,1.24083817,1.05740774,-0.305048525,-0.849063635,-0.229885951,0.364951342
7934f1476fe2c6e458c230f491769c34,7400034,Mankey,0.5,fighter,LeftLittleIntermediate,-0.125556469,1.2221576,1.01687,-0.8237407,-0.4301339,0.05976975,0.364505053
7934f1476fe2c6e458c230f491769c34,7400034,Mankey,0.5,fighter,LeftLittleDistal,-0.160014138,1.18054152,1.00496924,-0.909272134,0.178598657,0.315319359,0.204697311
7934f1476fe2c6e458c230f491769c34,7400034,Mankey,0.5,fighter,RightThumbProximal,0.0506023169,1.30393243,1.02409661,-0.432774752,-0.29522267,0.176305145,-0.8333466
7934f1476fe2c6e458c230f491769c34,7400034,Mankey,0.5,fighter,RightThumbIntermediate,0.016312046,1.30565333,1.05304825,0.4423924,0.5311166,-0.0890770257,0.717126131
7934f1476fe2c6e458c230f491769c34,7400034,Mankey,0.5,fighter,RightThumbDistal,3.31647752E-05,1.29239,1.08563149,-0.345130444,-0.906556845,-0.211754978,-0.119163454
7934f1476fe2c6e458c230f491769c34,7400034,Mankey,0.5,fighter,RightMiddleProximal,0.0562599078,1.31867468,1.09315,-0.501339555,-0.0706268251,-0.2813752,-0.8151681
7934f1476fe2c6e458c230f491769c34,7400034,Mankey,0.5,fighter,RightMiddleIntermediate,0.005819179,1.28655779,1.08302248,0.5047141,-0.3359926,0.748751044,0.267853081
7934f1476fe2c6e458c230f491769c34,7400034,Mankey,0.5,fighter,RightMiddleDistal,0.02433012,1.28325319,1.03310657,-0.120456286,0.5591576,-0.719263136,0.394327283
7934f1476fe2c6e458c230f491769c34,7400034,Mankey,0.5,fighter,RightRingProximal,0.0717103854,1.27007163,1.11421478,-0.6002006,-0.0104860365,-0.293520451,-0.7439727
7934f1476fe2c6e458c230f491769c34,7400034,Mankey,0.5,fighter,RightRingIntermediate,0.0275728088,1.24610424,1.096253,0.47591868,-0.4426917,0.7312551,0.206862152
7934f1476fe2c6e458c230f491769c34,7400034,Mankey,0.5,fighter,RightRingDistal,0.0528130345,1.25260437,1.04816031,0.0247288346,0.6267455,-0.663526654,0.4078127
7934f1476fe2c6e458c230f491769c34,7400034,Mankey,0.5,fighter,RightLittleProximal,0.09302474,1.21406543,1.10870433,-0.5743482,0.0170167983,-0.165570647,-0.801512
7934f1476fe2c6e458c230f491769c34,7400034,Mankey,0.5,fighter,RightLittleIntermediate,0.0426398069,1.20095074,1.09710443,0.5082716,-0.41673547,0.6482061,0.384474158
7934f1476fe2c6e458c230f491769c34,7400034,Mankey,0.5,fighter,RightLittleDistal,0.0530234128,1.19681191,1.04291987,0.00504348427,0.622625649,-0.753767252,0.2101135
7934f1476fe2c6e458c230f491769c34,7400034,Mankey,0.5,fighter,UpperChest,-0.0851710439,1.18060255,0.6430521,0.587163568,-0.455329984,-0.475227654,0.471245468
7934f1476fe2c6e458c230f491769c34,7400034,Mankey,0.516666651,source,AnimatorRoot,4.43565256E-08,4.76134243E-10,0.5921989,0,0,4.66715048E-16,1
7934f1476fe2c6e458c230f491769c34,7400034,Mankey,0.516666651,source,Hips,-0.0529273339,0.787867546,0.6647528,-0.07120603,0.22257252,0.023192659,0.972035646
7934f1476fe2c6e458c230f491769c34,7400034,Mankey,0.516666651,source,LeftUpperLeg,-0.143146753,0.786524951,0.7084665,-0.508535147,-0.306616,0.6707055,0.444446623
7934f1476fe2c6e458c230f491769c34,7400034,Mankey,0.516666651,source,RightUpperLeg,0.0372922681,0.7892103,0.6210389,0.417054445,-0.177597448,-0.5920865,0.666302
7934f1476fe2c6e458c230f491769c34,7400034,Mankey,0.516666651,source,LeftLowerLeg,-0.110450119,0.4480591,0.861145,-0.408382744,-0.4246312,0.5569517,0.5854202
7934f1476fe2c6e458c230f491769c34,7400034,Mankey,0.516666651,source,RightLowerLeg,0.125180155,0.4398915,0.525169969,0.407981277,-0.0408382565,-0.7516924,0.5165675
7934f1476fe2c6e458c230f491769c34,7400034,Mankey,0.516666651,source,LeftFoot,-0.117056519,0.100479186,0.8464347,0.6141153,0.128284335,-0.7536801,-0.195887789
7934f1476fe2c6e458c230f491769c34,7400034,Mankey,0.516666651,source,RightFoot,0.07875642,0.1580757,0.3264323,0.291789681,-0.241444767,-0.356307477,0.8541712
7934f1476fe2c6e458c230f491769c34,7400034,Mankey,0.516666651,source,Spine,-0.0604526959,0.88477385,0.6521977,-0.05848826,0.227131322,0.0411150977,0.971236348
7934f1476fe2c6e458c230f491769c34,7400034,Mankey,0.516666651,source,Chest,-0.0780773,1.06256962,0.6381379,0.106630333,0.00174594868,0.09121531,0.9901045
7934f1476fe2c6e458c230f491769c34,7400034,Mankey,0.516666651,source,Neck,-0.114618547,1.25720668,0.682160854,0.388409525,0.00778397033,0.131722331,0.9119907
7934f1476fe2c6e458c230f491769c34,7400034,Mankey,0.516666651,source,Head,-0.134966448,1.31485665,0.7438879,0.269218743,-0.0221765861,0.08297133,0.9592422
7934f1476fe2c6e458c230f491769c34,7400034,Mankey,0.516666651,source,LeftShoulder,-0.135898188,1.20977461,0.6735481,0.0757666752,0.196599871,0.0485431626,0.976346135
7934f1476fe2c6e458c230f491769c34,7400034,Mankey,0.516666651,source,RightShoulder,-0.077589646,1.22051084,0.6744977,0.9914468,0.0492045842,-0.0607983321,-0.104480773
7934f1476fe2c6e458c230f491769c34,7400034,Mankey,0.516666651,source,LeftUpperArm,-0.266253978,1.192084,0.727018058,-0.0358189866,0.355210572,0.490442157,0.794990063
7934f1476fe2c6e458c230f491769c34,7400034,Mankey,0.516666651,source,RightUpperArm,0.0626765341,1.23616338,0.658836365,0.8884136,-0.320704222,0.31208837,0.10232953
7934f1476fe2c6e458c230f491769c34,7400034,Mankey,0.516666651,source,LeftLowerArm,-0.3266542,1.02117109,0.862940669,-0.550948858,0.774567366,0.301361173,0.07538214
7934f1476fe2c6e458c230f491769c34,7400034,Mankey,0.516666651,source,RightLowerArm,0.198507279,1.12153113,0.7993463,0.282068819,-0.218978345,0.8249986,0.438022226
7934f1476fe2c6e458c230f491769c34,7400034,Mankey,0.516666651,source,LeftHand,-0.236465678,1.2121774,0.9690371,-0.4582468,0.8211418,0.329551965,-0.08445
7934f1476fe2c6e458c230f491769c34,7400034,Mankey,0.516666651,source,RightHand,0.09044527,1.26316667,0.954704762,0.363218457,-0.368065357,0.728895664,0.448677927
7934f1476fe2c6e458c230f491769c34,7400034,Mankey,0.516666651,source,LeftToes,-0.091754,0.032673344,0.9775187,0.627468765,-0.004283448,-0.777578652,-0.04044907
7934f1476fe2c6e458c230f491769c34,7400034,Mankey,0.516666651,source,RightToes,0.17301549,0.04583385,0.3570587,0.394193947,-0.254361153,-0.08708943,0.878821433
7934f1476fe2c6e458c230f491769c34,7400034,Mankey,0.516666651,source,LeftThumbProximal,-0.2389676,1.22870123,0.9565277,-0.406871617,0.6911321,-0.592196941,0.0780719742
7934f1476fe2c6e458c230f491769c34,7400034,Mankey,0.516666651,source,LeftThumbIntermediate,-0.209671,1.25791538,0.939844131,-0.174725384,0.811294436,-0.5126614,0.2201172
7934f1476fe2c6e458c230f491769c34,7400034,Mankey,0.516666651,source,LeftThumbDistal,-0.184417784,1.27318645,0.9451827,0.523788869,0.6726439,-0.124910928,0.50753653
7934f1476fe2c6e458c230f491769c34,7400034,Mankey,0.516666651,source,LeftIndexProximal,-0.211707726,1.2887224,0.9691669,0.2039991,0.9273732,0.09648093,-0.29842186
7934f1476fe2c6e458c230f491769c34,7400034,Mankey,0.516666651,source,LeftIndexIntermediate,-0.188931718,1.27883124,0.9508863,0.8329991,0.4567252,-0.168914437,-0.262646735
7934f1476fe2c6e458c230f491769c34,7400034,Mankey,0.516666651,source,LeftIndexDistal,-0.2006323,1.25992239,0.951809764,0.882893264,-0.342434675,-0.318778068,-0.0402389951
7934f1476fe2c6e458c230f491769c34,7400034,Mankey,0.516666651,source,LeftMiddleProximal,-0.201638013,1.28030169,0.986127734,0.208693311,0.9143478,0.127971083,-0.322551
7934f1476fe2c6e458c230f491769c34,7400034,Mankey,0.516666651,source,LeftMiddleIntermediate,-0.178489178,1.27047873,0.9650004,0.820271552,0.4543938,-0.172364354,-0.301615864
7934f1476fe2c6e458c230f491769c34,7400034,Mankey,0.516666651,source,LeftMiddleDistal,-0.190033808,1.2518934,0.965190053,0.8671517,-0.339244872,-0.358884126,-0.06452738
7934f1476fe2c6e458c230f491769c34,7400034,Mankey,0.516666651,source,LeftRingProximal,-0.193637758,1.27227533,0.999715269,0.297930777,0.8517436,0.14997071,-0.404078573
7934f1476fe2c6e458c230f491769c34,7400034,Mankey,0.516666651,source,LeftRingIntermediate,-0.178105816,1.26017582,0.9753579,0.813256,0.3819861,-0.207957149,-0.386595041
7934f1476fe2c6e458c230f491769c34,7400034,Mankey,0.516666651,source,LeftRingDistal,-0.190037072,1.245166,0.976181269,0.829424262,-0.319848776,-0.438767821,-0.1312837
7934f1476fe2c6e458c230f491769c34,7400034,Mankey,0.516666651,source,LeftLittleProximal,-0.185273781,1.25950491,1.00977731,0.2741997,0.839929044,0.183085561,-0.431061178
7934f1476fe2c6e458c230f491769c34,7400034,Mankey,0.516666651,source,LeftLittleIntermediate,-0.17215471,1.25119507,0.9871478,0.759446263,0.4410895,-0.181054935,-0.442606717
7934f1476fe2c6e458c230f491769c34,7400034,Mankey,0.516666651,source,LeftLittleDistal,-0.182514548,1.23542261,0.984954357,0.8488369,-0.167073816,-0.4450893,-0.231209919
7934f1476fe2c6e458c230f491769c34,7400034,Mankey,0.516666651,source,RightThumbProximal,0.0834874958,1.28284812,0.954660952,0.3359922,0.504961133,0.789325058,0.09534383
7934f1476fe2c6e458c230f491769c34,7400034,Mankey,0.516666651,source,RightThumbIntermediate,0.04976019,1.3046999,0.974027753,-0.444174051,-0.3542789,-0.814795732,0.1153454
7934f1476fe2c6e458c230f491769c34,7400034,Mankey,0.516666651,source,RightThumbDistal,0.03240191,1.30850124,0.99818635,0.545975,-0.121839583,0.4938751,-0.665698767
7934f1476fe2c6e458c230f491769c34,7400034,Mankey,0.516666651,source,RightIndexProximal,0.0700207,1.31709886,1.01079464,-0.0813989,0.448414117,-0.879357457,0.13794978
7934f1476fe2c6e458c230f491769c34,7400034,Mankey,0.516666651,source,RightIndexIntermediate,0.0407684557,1.307369,1.01139557,-0.258755684,-0.365328431,0.517467856,-0.7292519
7934f1476fe2c6e458c230f491769c34,7400034,Mankey,0.516666651,source,RightIndexDistal,0.0451680422,1.2947793,0.9935758,0.443703622,0.050073985,0.179673374,0.8765491
7934f1476fe2c6e458c230f491769c34,7400034,Mankey,0.516666651,source,RightMiddleProximal,0.07411132,1.299439,1.02225685,-0.00433284836,0.471457183,-0.866133153,0.165901154
7934f1476fe2c6e458c230f491769c34,7400034,Mankey,0.516666651,source,RightMiddleIntermediate,0.04307684,1.289869,1.01736832,-0.33897683,-0.305347174,0.4647913,-0.758832932
7934f1476fe2c6e458c230f491769c34,7400034,Mankey,0.516666651,source,RightMiddleDistal,0.0514285043,1.27896321,1.00033343,0.455927521,-0.07637096,0.268543184,0.8450935
7934f1476fe2c6e458c230f491769c34,7400034,Mankey,0.516666651,source,RightRingProximal,0.07747351,1.28425372,1.03069234,0.06426809,0.5261462,-0.820432365,0.214315623
7934f1476fe2c6e458c230f491769c34,7400034,Mankey,0.516666651,source,RightRingIntermediate,0.04928924,1.27535725,1.020325,-0.435380369,-0.2775137,0.387627959,-0.7636593
7934f1476fe2c6e458c230f491769c34,7400034,Mankey,0.516666651,source,RightRingDistal,0.0597538948,1.26863325,1.00571358,0.5006277,-0.177275538,0.333765715,0.778810859
7934f1476fe2c6e458c230f491769c34,7400034,Mankey,0.516666651,source,RightLittleProximal,0.07833968,1.26638675,1.03447449,0.125663117,0.5221099,-0.8382962,0.0941837355
7934f1476fe2c6e458c230f491769c34,7400034,Mankey,0.516666651,source,RightLittleIntermediate,0.0522489622,1.26565635,1.02599561,-0.446440339,-0.269406766,0.5583825,-0.645229459
7934f1476fe2c6e458c230f491769c34,7400034,Mankey,0.516666651,source,RightLittleDistal,0.0566484667,1.2565335,1.00991654,0.5043737,-0.1844271,0.113979913,0.835824847
7934f1476fe2c6e458c230f491769c34,7400034,Mankey,0.516666651,fighter,AnimatorRoot,0,0,0,0,0,0,1
7934f1476fe2c6e458c230f491769c34,7400034,Mankey,0.516666651,fighter,Hips,-0.05292733,0.7878675,0.6647527,0.322022259,-0.422022343,-0.5437928,0.649991035
7934f1476fe2c6e458c230f491769c34,7400034,Mankey,0.516666651,fighter,LeftUpperLeg,-0.1619233,0.792761862,0.7176711,0.45829156,0.6656883,0.314550757,0.4978815
7934f1476fe2c6e458c230f491769c34,7400034,Mankey,0.516666651,fighter,RightUpperLeg,0.0560686439,0.7829731,0.611834347,0.583046257,0.692995667,0.391393036,0.163174152
7934f1476fe2c6e458c230f491769c34,7400034,Mankey,0.516666651,fighter,LeftLowerLeg,-0.131122813,0.454855144,0.854737461,0.5787042,0.592669666,0.410570681,0.381151
7934f1476fe2c6e458c230f491769c34,7400034,Mankey,0.516666651,fighter,RightLowerLeg,0.153725043,0.440510243,0.527577758,0.7770682,0.4907125,0.391839147,0.0427625477
7934f1476fe2c6e458c230f491769c34,7400034,Mankey,0.516666651,fighter,LeftFoot,-0.1170565,0.100478977,0.8464347,0.0393934771,0.823706865,-0.0059017837,0.5656153
7934f1476fe2c6e458c230f491769c34,7400034,Mankey,0.516666651,fighter,RightFoot,0.07875639,0.158075631,0.326432258,0.20212698,0.9309461,0.105713427,0.285147429
7934f1476fe2c6e458c230f491769c34,7400034,Mankey,0.516666651,fighter,Spine,-0.0568363927,0.8318263,0.652635455,0.325036228,-0.411777616,-0.528429568,0.6674977
7934f1476fe2c6e458c230f491769c34,7400034,Mankey,0.516666651,fighter,Chest,-0.075546205,1.06747913,0.614797,0.5852989,-0.406642646,-0.5316467,0.457623571
7934f1476fe2c6e458c230f491769c34,7400034,Mankey,0.516666651,fighter,Neck,-0.105151765,1.34511054,0.6627425,0.608799,-0.3904198,-0.5296041,0.443234026
7934f1476fe2c6e458c230f491769c34,7400034,Mankey,0.516666651,fighter,Head,-0.125115529,1.48568451,0.7071902,0.667023659,-0.314148366,-0.5619187,0.3750174
7934f1476fe2c6e458c230f491769c34,7400034,Mankey,0.516666651,fighter,LeftShoulder,-0.131310791,1.29118,0.7586478,0.7524701,-0.0852740854,-0.135268256,0.638921142
7934f1476fe2c6e458c230f491769c34,7400034,Mankey,0.516666651,fighter,RightShoulder,-0.07150839,1.29739249,0.7596019,-0.0267309844,-0.6620326,-0.700523436,0.265077174
7934f1476fe2c6e458c230f491769c34,7400034,Mankey,0.516666651,fighter,LeftUpperArm,-0.332705021,1.35510576,0.7787271,0.6452907,0.486072183,0.0898853838,0.582456
7934f1476fe2c6e458c230f491769c34,7400034,Mankey,0.516666651,fighter,RightUpperArm,0.110609,1.36870635,0.677158356,0.0440592766,0.7264905,0.565941,0.387274951
7934f1476fe2c6e458c230f491769c34,7400034,Mankey,0.516666651,fighter,LeftLowerArm,-0.476815939,1.14878666,0.905622661,-0.06426824,0.900609434,-0.396694124,0.165550083
7934f1476fe2c6e458c230f491769c34,7400034,Mankey,0.516666651,fighter,RightLowerArm,0.3068186,1.22711515,0.8216988,-0.4480176,0.2729733,0.06127353,0.849124253
7934f1476fe2c6e458c230f491769c34,7400034,Mankey,0.516666651,fighter,LeftHand,-0.236465856,1.21217752,0.9690372,0.458737075,-0.795295238,-0.381717145,-0.106574342
7934f1476fe2c6e458c230f491769c34,7400034,Mankey,0.516666651,fighter,RightHand,0.0904452056,1.26316655,0.9547046,0.3854656,0.5315721,-0.418935448,0.627169132
7934f1476fe2c6e458c230f491769c34,7400034,Mankey,0.516666651,fighter,LeftToes,-0.0121540995,0.109093115,1.10680687,0.133885443,0.7812138,0.06809792,0.6059226
7934f1476fe2c6e458c230f491769c34,7400034,Mankey,0.516666651,fighter,RightToes,0.2960713,0.0582199581,0.473657578,0.2743945,0.9264081,0.1289362,0.2232744
7934f1476fe2c6e458c230f491769c34,7400034,Mankey,0.516666651,fighter,LeftEye,-0.275184035,1.47775173,0.9114141,0.4432688,-0.223884553,-0.534862936,-0.68360126
7934f1476fe2c6e458c230f491769c34,7400034,Mankey,0.516666651,fighter,RightEye,-0.01638635,1.51642525,0.934328258,0.331698,-0.36619252,-0.748268962,-0.44268918
7934f1476fe2c6e458c230f491769c34,7400034,Mankey,0.516666651,fighter,Jaw,-0.108781531,1.31069767,0.818082631,0.6931696,0.2512484,-0.6621828,-0.133809492
7934f1476fe2c6e458c230f491769c34,7400034,Mankey,0.516666651,fighter,LeftThumbProximal,-0.205706671,1.27800214,0.9583778,0.23970139,-0.9132351,-0.254657418,0.209034577
7934f1476fe2c6e458c230f491769c34,7400034,Mankey,0.516666651,fighter,LeftThumbIntermediate,-0.169881344,1.30244589,0.9467139,0.234288916,-0.9165643,-0.311360419,-0.08985883
7934f1476fe2c6e458c230f491769c34,7400034,Mankey,0.516666651,fighter,LeftThumbDistal,-0.13599956,1.31692493,0.9587545,-0.0273439977,-0.516527355,-0.3767439,-0.768451
7934f1476fe2c6e458c230f491769c34,7400034,Mankey,0.516666651,fighter,LeftMiddleProximal,-0.176807269,1.32887173,0.9983127,-0.258837759,-0.9217958,-0.139965236,0.252400279
7934f1476fe2c6e458c230f491769c34,7400034,Mankey,0.516666651,fighter,LeftMiddleIntermediate,-0.13201195,1.30421555,0.965696633,-0.874814034,-0.415073067,0.0651217848,0.241194367
7934f1476fe2c6e458c230f491769c34,7400034,Mankey,0.516666651,fighter,LeftMiddleDistal,-0.166520327,1.26380277,0.9610939,-0.908375263,0.3652388,0.190786615,0.07111009
7934f1476fe2c6e458c230f491769c34,7400034,Mankey,0.516666651,fighter,LeftRingProximal,-0.154082716,1.29991663,1.03942084,-0.349333763,-0.85324043,-0.206357643,0.3276647
7934f1476fe2c6e458c230f491769c34,7400034,Mankey,0.516666651,fighter,LeftRingIntermediate,-0.1252148,1.27533245,1.0019052,-0.8677431,-0.351254821,0.09910886,0.3373732
7934f1476fe2c6e458c230f491769c34,7400034,Mankey,0.516666651,fighter,LeftRingDistal,-0.165343225,1.23832881,0.998349249,-0.876696944,0.333077967,0.314566225,0.146664858
7934f1476fe2c6e458c230f491769c34,7400034,Mankey,0.516666651,fighter,LeftLittleProximal,-0.1472943,1.24949217,1.07155561,-0.316740423,-0.848812342,-0.226425946,0.3576666
7934f1476fe2c6e458c230f491769c34,7400034,Mankey,0.516666651,fighter,LeftLittleIntermediate,-0.11830391,1.22945035,1.03151739,-0.8323166,-0.4192012,0.0537271053,0.358655423
7934f1476fe2c6e458c230f491769c34,7400034,Mankey,0.516666651,fighter,LeftLittleDistal,-0.153865129,1.18871152,1.019829,-0.9090502,0.192871,0.3075725,0.204521134
7934f1476fe2c6e458c230f491769c34,7400034,Mankey,0.516666651,fighter,RightThumbProximal,0.0586432479,1.3101486,1.0013299,-0.43818152,-0.265145957,0.202949613,-0.834569752
7934f1476fe2c6e458c230f491769c34,7400034,Mankey,0.516666651,fighter,RightThumbIntermediate,0.0237468332,1.31492651,1.02919364,0.45755285,0.502122462,-0.111419588,0.7253309
7934f1476fe2c6e458c230f491769c34,7400034,Mankey,0.516666651,fighter,RightThumbDistal,0.0054926374,1.30338049,1.06138146,-0.3732611,-0.892877936,-0.206473008,-0.144276336
7934f1476fe2c6e458c230f491769c34,7400034,Mankey,0.516666651,fighter,RightMiddleProximal,0.06246558,1.32530081,1.07042038,-0.494286954,-0.03941226,-0.2559445,-0.8298316
7934f1476fe2c6e458c230f491769c34,7400034,Mankey,0.516666651,fighter,RightMiddleIntermediate,0.009950737,1.297175,1.0590421,0.478096128,-0.3558529,0.746869445,0.294922918
7934f1476fe2c6e458c230f491769c34,7400034,Mankey,0.516666651,fighter,RightMiddleDistal,0.0296272058,1.29182625,1.00975311,-0.08927433,0.553629935,-0.739061534,0.373246133
7934f1476fe2c6e458c230f491769c34,7400034,Mankey,0.516666651,fighter,RightRingProximal,0.0738660246,1.27605116,1.09253848,-0.591653466,0.0232152045,-0.272694,-0.758317947
7934f1476fe2c6e458c230f491769c34,7400034,Mankey,0.516666651,fighter,RightRingIntermediate,0.0285161473,1.25545609,1.07344854,0.445634782,-0.4605385,0.731913567,0.231554031
7934f1476fe2c6e458c230f491769c34,7400034,Mankey,0.516666651,fighter,RightRingDistal,0.05562527,1.25936747,1.02609861,0.05761779,0.615487933,-0.682072,0.390683651
7934f1476fe2c6e458c230f491769c34,7400034,Mankey,0.516666651,fighter,RightLittleProximal,0.0917007849,1.21872544,1.08841145,-0.566840351,0.0511233956,-0.142350361,-0.8098245
7934f1476fe2c6e458c230f491769c34,7400034,Mankey,0.516666651,fighter,RightLittleIntermediate,0.0408010371,1.20951879,1.07538664,0.4793334,-0.4390158,0.642233133,0.406253517
7934f1476fe2c6e458c230f491769c34,7400034,Mankey,0.516666651,fighter,RightLittleDistal,0.0524414219,1.2039336,1.02158868,0.040178135,0.61468637,-0.764635444,0.189419359
7934f1476fe2c6e458c230f491769c34,7400034,Mankey,0.516666651,fighter,UpperChest,-0.08796659,1.18245387,0.6446772,0.5594022,-0.441590518,-0.5027399,0.489203483
7934f1476fe2c6e458c230f491769c34,7400034,Mankey,0.533333361,source,AnimatorRoot,4.4974005E-08,4.82762441E-10,0.600442767,0,0,4.968257E-16,1
7934f1476fe2c6e458c230f491769c34,7400034,Mankey,0.533333361,source,Hips,-0.05891636,0.7890874,0.6655355,-0.07275577,0.2553223,0.021567503,0.9638734
7934f1476fe2c6e458c230f491769c34,7400034,Mankey,0.533333361,source,LeftUpperLeg,-0.146012023,0.7886438,0.7151982,-0.487683862,-0.291479528,0.681392,0.461420834
7934f1476fe2c6e458c230f491769c34,7400034,Mankey,0.533333361,source,RightUpperLeg,0.0281794611,0.7895312,0.6158727,0.389228672,-0.157062963,-0.587290645,0.6920419
7934f1476fe2c6e458c230f491769c34,7400034,Mankey,0.533333361,source,LeftLowerLeg,-0.109292604,0.4482841,0.862663,-0.3996268,-0.410383254,0.5608625,0.597760439
7934f1476fe2c6e458c230f491769c34,7400034,Mankey,0.533333361,source,RightLowerLeg,0.12540701,0.440967619,0.5264913,0.377289534,-0.025547009,-0.758274853,0.531054854
7934f1476fe2c6e458c230f491769c34,7400034,Mankey,0.533333361,source,LeftFoot,-0.121136248,0.100844257,0.847927,0.6051069,0.131852657,-0.760414064,-0.195527643
7934f1476fe2c6e458c230f491769c34,7400034,Mankey,0.533333361,source,RightFoot,0.072773,0.15402782,0.3368411,0.263088733,-0.216635153,-0.355599225,0.870288968
7934f1476fe2c6e458c230f491769c34,7400034,Mankey,0.533333361,source,Spine,-0.06663223,0.8859643,0.6528691,-0.0562223978,0.259623051,0.0364862047,0.9633814
7934f1476fe2c6e458c230f491769c34,7400034,Mankey,0.533333361,source,Chest,-0.08281506,1.0639652,0.6397011,0.105876006,0.0432884172,0.07485912,0.9906122
7934f1476fe2c6e458c230f491769c34,7400034,Mankey,0.533333361,source,Neck,-0.110926636,1.25977814,0.684689164,0.3864816,0.04068718,0.1061145,0.91526854
7934f1476fe2c6e458c230f491769c34,7400034,Mankey,0.533333361,source,Head,-0.1250701,1.31874609,0.7469028,0.26540342,-0.0186610445,0.06993216,0.961417
7934f1476fe2c6e458c230f491769c34,7400034,Mankey,0.533333361,source,LeftShoulder,-0.133960351,1.212801,0.678411663,0.07784731,0.223873064,0.03535874,0.9708608
7934f1476fe2c6e458c230f491769c34,7400034,Mankey,0.533333361,source,RightShoulder,-0.07555135,1.22214282,0.674267232,0.98889786,0.0322452821,-0.102550805,-0.102590591
7934f1476fe2c6e458c230f491769c34,7400034,Mankey,0.533333361,source,LeftUpperArm,-0.2613734,1.19810224,0.7393582,-0.0267919935,0.366508573,0.481233448,0.7958444
7934f1476fe2c6e458c230f491769c34,7400034,Mankey,0.533333361,source,RightUpperArm,0.06316985,1.23418057,0.6464031,0.8847697,-0.337499619,0.2962644,0.124515183
7934f1476fe2c6e458c230f491769c34,7400034,Mankey,0.533333361,source,LeftLowerArm,-0.322133362,1.02900457,0.8773747,-0.546646357,0.779168367,0.297269255,0.07553531
7934f1476fe2c6e458c230f491769c34,7400034,Mankey,0.533333361,source,RightLowerArm,0.198353559,1.11558867,0.7842251,0.271686,-0.2147223,0.8173695,0.46042183
7934f1476fe2c6e458c230f491769c34,7400034,Mankey,0.533333361,source,LeftHand,-0.229723245,1.21974885,0.9820212,-0.4421982,0.833861649,0.317709565,-0.09053553
7934f1476fe2c6e458c230f491769c34,7400034,Mankey,0.533333361,source,RightHand,0.09708753,1.26592159,0.9359468,0.336325884,-0.3687693,0.7290214,0.4684252
7934f1476fe2c6e458c230f491769c34,7400034,Mankey,0.533333361,source,LeftToes,-0.0925023258,0.0324247666,0.978002846,0.6193945,-0.0020360013,-0.784372568,-0.03326288
7934f1476fe2c6e458c230f491769c34,7400034,Mankey,0.533333361,source,RightToes,0.170586422,0.0442807,0.3652851,0.375525355,-0.223389447,-0.09349097,0.89461565
7934f1476fe2c6e458c230f491769c34,7400034,Mankey,0.533333361,source,LeftThumbProximal,-0.231799349,1.23588336,0.968939066,-0.3993426,0.687037,-0.60421133,0.0586085469
7934f1476fe2c6e458c230f491769c34,7400034,Mankey,0.533333361,source,LeftThumbIntermediate,-0.201723769,1.263522,0.9510036,-0.167607084,0.8054226,-0.5300213,0.205622
7934f1476fe2c6e458c230f491769c34,7400034,Mankey,0.533333361,source,LeftThumbDistal,-0.1759543,1.278156,0.9556087,0.524756849,0.6637269,-0.147125587,0.5123001
7934f1476fe2c6e458c230f491769c34,7400034,Mankey,0.533333361,source,LeftIndexProximal,-0.202539131,1.29541385,0.979204535,0.2245324,0.9244451,0.0837066844,-0.296614826
7934f1476fe2c6e458c230f491769c34,7400034,Mankey,0.533333361,source,LeftIndexIntermediate,-0.180239528,1.28414464,0.961135566,0.844162941,0.439215,-0.176062718,-0.251955837
7934f1476fe2c6e458c230f491769c34,7400034,Mankey,0.533333361,source,LeftIndexDistal,-0.192528546,1.26566684,0.9628253,0.8766708,-0.362369478,-0.315196484,-0.028086625
7934f1476fe2c6e458c230f491769c34,7400034,Mankey,0.533333361,source,LeftMiddleProximal,-0.192604944,1.28728974,0.996388435,0.229571521,0.911825955,0.1157911,-0.320098728
7934f1476fe2c6e458c230f491769c34,7400034,Mankey,0.533333361,source,LeftMiddleIntermediate,-0.1699537,1.275974,0.9754697,0.832092643,0.4368781,-0.178797767,-0.291189671
7934f1476fe2c6e458c230f491769c34,7400034,Mankey,0.533333361,source,LeftMiddleDistal,-0.182082579,1.25778806,0.976413369,0.8612716,-0.3597451,-0.3548999,-0.0533058234
7934f1476fe2c6e458c230f491769c34,7400034,Mankey,0.533333361,source,LeftRingProximal,-0.184754014,1.27950466,1.01020169,0.319336355,0.8479013,0.139881551,-0.3994014
7934f1476fe2c6e458c230f491769c34,7400034,Mankey,0.533333361,source,LeftRingIntermediate,-0.169814423,1.26604378,0.9861908,0.8253205,0.363639951,-0.2116859,-0.376565546
7934f1476fe2c6e458c230f491769c34,7400034,Mankey,0.533333361,source,LeftRingDistal,-0.182210639,1.25146413,0.987640738,0.824769139,-0.34144634,-0.433899134,-0.122075312
7934f1476fe2c6e458c230f491769c34,7400034,Mankey,0.533333361,source,LeftLittleProximal,-0.176719457,1.26684248,1.020661,0.296036065,0.836966038,0.173721433,-0.426230043
7934f1476fe2c6e458c230f491769c34,7400034,Mankey,0.533333361,source,LeftLittleIntermediate,-0.164056554,1.25730658,0.9982563,0.773586154,0.42386055,-0.184759289,-0.4333257
7934f1476fe2c6e458c230f491769c34,7400034,Mankey,0.533333361,source,LeftLittleDistal,-0.174931109,1.24180627,0.9967083,0.8484015,-0.18952018,-0.441452533,-0.22230047
7934f1476fe2c6e458c230f491769c34,7400034,Mankey,0.533333361,source,RightThumbProximal,0.0911142454,1.28590119,0.934993744,0.3363618,0.510057569,0.781336546,0.127339885
7934f1476fe2c6e458c230f491769c34,7400034,Mankey,0.533333361,source,RightThumbIntermediate,0.0580448844,1.3100847,0.9526475,-0.444424778,-0.359962821,-0.8161552,0.0824902654
7934f1476fe2c6e458c230f491769c34,7400034,Mankey,0.533333361,source,RightThumbDistal,0.040310055,1.31564212,0.9761846,0.5489135,-0.117421173,0.5191219,-0.644530237
7934f1476fe2c6e458c230f491769c34,7400034,Mankey,0.533333361,source,RightIndexProximal,0.07798826,1.32288074,0.9894518,-0.0617974773,0.431899369,-0.891697168,0.120501071
7934f1476fe2c6e458c230f491769c34,7400034,Mankey,0.533333361,source,RightIndexIntermediate,0.04828487,1.31461036,0.989641845,-0.26043874,-0.339815944,0.538612843,-0.7256676
7934f1476fe2c6e458c230f491769c34,7400034,Mankey,0.533333361,source,RightIndexDistal,0.05249123,1.30115163,0.972420633,0.4259475,0.031424202,0.1627984,0.8894261
7934f1476fe2c6e458c230f491769c34,7400034,Mankey,0.533333361,source,RightMiddleProximal,0.08091937,1.30549347,1.00166142,0.0150973322,0.452935666,-0.878619,0.150499985
7934f1476fe2c6e458c230f491769c34,7400034,Mankey,0.533333361,source,RightMiddleIntermediate,0.04957859,1.29725957,0.9963151,-0.337922066,-0.27851674,0.4845458,-0.7572666
7934f1476fe2c6e458c230f491769c34,7400034,Mankey,0.533333361,source,RightMiddleDistal,0.0577951,1.28531992,0.9799197,0.43453005,-0.0931820348,0.25491792,0.8587889
7934f1476fe2c6e458c230f491769c34,7400034,Mankey,0.533333361,source,RightRingProximal,0.08331946,1.29049575,1.01073718,0.0835105553,0.5061572,-0.834284961,0.201988831
7934f1476fe2c6e458c230f491769c34,7400034,Mankey,0.533333361,source,RightRingIntermediate,0.0549919,1.28258717,0.9999676,-0.432520062,-0.249724984,0.405797243,-0.7654364
7934f1476fe2c6e458c230f491769c34,7400034,Mankey,0.533333361,source,RightRingDistal,0.06546558,1.27481127,0.9858943,0.477150321,-0.1930594,0.3241891,0.7936985
7934f1476fe2c6e458c230f491769c34,7400034,Mankey,0.533333361,source,RightLittleProximal,0.0832086653,1.27276492,1.01519728,0.147254482,0.5018093,-0.848341346,0.0825876147
7934f1476fe2c6e458c230f491769c34,7400034,Mankey,0.533333361,source,RightLittleIntermediate,0.0573289432,1.27297735,1.00606823,-0.447766244,-0.239649683,0.573263466,-0.642995238
7934f1476fe2c6e458c230f491769c34,7400034,Mankey,0.533333361,source,RightLittleDistal,0.0616639964,1.26304543,0.9904578,0.482438952,-0.20514828,0.103311181,0.8452774
7934f1476fe2c6e458c230f491769c34,7400034,Mankey,0.533333361,fighter,AnimatorRoot,0,0,0,0,0,0,1
7934f1476fe2c6e458c230f491769c34,7400034,Mankey,0.533333361,fighter,Hips,-0.0589163527,0.7890874,0.66553545,0.301191449,-0.401985437,-0.5537732,0.664098442
7934f1476fe2c6e458c230f491769c34,7400034,Mankey,0.533333361,fighter,LeftUpperLeg,-0.1641109,0.7945655,0.725606441,0.473675549,0.6759257,0.299497545,0.47859928
7934f1476fe2c6e458c230f491769c34,7400034,Mankey,0.533333361,fighter,RightUpperLeg,0.04627819,0.7836093,0.6054644,0.5781314,0.7190637,0.359566182,0.139369011
7934f1476fe2c6e458c230f491769c34,7400034,Mankey,0.533333361,fighter,LeftLowerLeg,-0.1300233,0.455326468,0.8585413,0.591197848,0.5945278,0.398826331,0.371429116
7934f1476fe2c6e458c230f491769c34,7400034,Mankey,0.533333361,fighter,RightLowerLeg,0.153382659,0.442674547,0.5266678,0.782879,0.5073945,0.3590775,0.026736021
7934f1476fe2c6e458c230f491769c34,7400034,Mankey,0.533333361,fighter,LeftFoot,-0.121136323,0.100844137,0.8479269,0.03716937,0.8296217,-0.000734433532,0.5570872
7934f1476fe2c6e458c230f491769c34,7400034,Mankey,0.533333361,fighter,RightFoot,0.07277293,0.154027715,0.336841077,0.193608612,0.943682432,0.08129606,0.2556761
7934f1476fe2c6e458c230f491769c34,7400034,Mankey,0.533333361,fighter,Spine,-0.06353589,0.8329841,0.6534427,0.305412918,-0.39123255,-0.541542649,0.6785217
7934f1476fe2c6e458c230f491769c34,7400034,Mankey,0.533333361,fighter,Chest,-0.0826588348,1.068769,0.616648436,0.5564604,-0.3939332,-0.5590084,0.471888125
7934f1476fe2c6e458c230f491769c34,7400034,Mankey,0.533333361,fighter,Neck,-0.103000611,1.34721351,0.664703131,0.5892027,-0.3861129,-0.54783076,0.451263577
7934f1476fe2c6e458c230f491769c34,7400034,Mankey,0.533333361,fighter,Head,-0.118116036,1.48846877,0.7089037,0.657931566,-0.321911573,-0.569374561,0.373245418
7934f1476fe2c6e458c230f491769c34,7400034,Mankey,0.533333361,fighter,LeftShoulder,-0.121796489,1.29441011,0.7629331,0.743046343,-0.0732591748,-0.161301509,0.6453662
7934f1476fe2c6e458c230f491769c34,7400034,Mankey,0.533333361,fighter,RightShoulder,-0.0620305464,1.29950631,0.7587036,-0.06444664,-0.6524138,-0.698604941,0.286625832
7934f1476fe2c6e458c230f491769c34,7400034,Mankey,0.533333361,fighter,LeftUpperArm,-0.320721865,1.36170685,0.7937409,0.6547301,0.476061225,0.08191809,0.581363857
7934f1476fe2c6e458c230f491769c34,7400034,Mankey,0.533333361,fighter,RightUpperArm,0.11358045,1.36665857,0.660211444,0.06720535,0.73647815,0.5517393,0.3855742
7934f1476fe2c6e458c230f491769c34,7400034,Mankey,0.533333361,fighter,LeftLowerArm,-0.471033752,1.15916252,0.919518769,-0.05767445,0.8960477,-0.409186482,0.162293956
7934f1476fe2c6e458c230f491769c34,7400034,Mankey,0.533333361,fighter,RightLowerArm,0.309079349,1.21883953,0.799380243,-0.447015435,0.291110843,0.0454222634,0.844611764
7934f1476fe2c6e458c230f491769c34,7400034,Mankey,0.533333361,fighter,LeftHand,-0.229723379,1.219749,0.9820213,0.446354419,-0.80969584,-0.367271185,-0.101355463
7934f1476fe2c6e458c230f491769c34,7400034,Mankey,0.533333361,fighter,RightHand,0.09708731,1.26592135,0.9359468,0.391814977,0.5060094,-0.439147323,0.6305438
7934f1476fe2c6e458c230f491769c34,7400034,Mankey,0.533333361,fighter,LeftToes,-0.0110359946,0.108772762,1.106166,0.12747559,0.788632154,0.0691952854,0.597512841
7934f1476fe2c6e458c230f491769c34,7400034,Mankey,0.533333361,fighter,RightToes,0.3012925,0.0629572943,0.472329855,0.27167657,0.9368096,0.102880791,0.194924116
7934f1476fe2c6e458c230f491769c34,7400034,Mankey,0.533333361,fighter,LeftEye,-0.2655948,1.485799,0.9151409,0.43994242,-0.235897675,-0.528705359,-0.686493933
7934f1476fe2c6e458c230f491769c34,7400034,Mankey,0.533333361,fighter,RightEye,-0.00567432633,1.51851606,0.934320569,0.324265122,-0.376184881,-0.743596554,-0.447662652
7934f1476fe2c6e458c230f491769c34,7400034,Mankey,0.533333361,fighter,Jaw,-0.104438759,1.31407452,0.821081936,0.692259431,0.23932749,-0.6661853,-0.1403445
7934f1476fe2c6e458c230f491769c34,7400034,Mankey,0.533333361,fighter,LeftThumbProximal,-0.1969707,1.28412509,0.968769252,0.224957958,-0.9206593,-0.244566828,0.20486176
7934f1476fe2c6e458c230f491769c34,7400034,Mankey,0.533333361,fighter,LeftThumbIntermediate,-0.160374984,1.30722821,0.9567699,0.220447809,-0.9241096,-0.297422349,-0.09468418
7934f1476fe2c6e458c230f491769c34,7400034,Mankey,0.533333361,fighter,LeftThumbDistal,-0.126074165,1.32083845,0.968636453,-0.02541124,-0.518664837,-0.356919855,-0.776498437
7934f1476fe2c6e458c230f491769c34,7400034,Mankey,0.533333361,fighter,LeftMiddleProximal,-0.166141048,1.33544409,1.006632,-0.273197323,-0.920135558,-0.1284983,0.249404937
7934f1476fe2c6e458c230f491769c34,7400034,Mankey,0.533333361,fighter,LeftMiddleIntermediate,-0.122090183,1.30883944,0.974537134,-0.88355,-0.400992125,0.0636148155,0.233449787
7934f1476fe2c6e458c230f491769c34,7400034,Mankey,0.533333361,fighter,LeftMiddleDistal,-0.15784511,1.26945865,0.9705467,-0.903427958,0.381161541,0.1847307,0.06640303
7934f1476fe2c6e458c230f491769c34,7400034,Mankey,0.533333361,fighter,LeftRingProximal,-0.14401637,1.30727184,1.04860222,-0.362916648,-0.8511602,-0.198301762,0.323257118
7934f1476fe2c6e458c230f491769c34,7400034,Mankey,0.533333361,fighter,LeftRingIntermediate,-0.115874454,1.28115714,1.01157248,-0.876186,-0.337063342,0.09585306,0.330907166
7934f1476fe2c6e458c230f491769c34,7400034,Mankey,0.533333361,fighter,LeftRingDistal,-0.157141119,1.2453773,1.00855815,-0.872952,0.349396825,0.308297783,0.144326359
7934f1476fe2c6e458c230f491769c34,7400034,Mankey,0.533333361,fighter,LeftLittleProximal,-0.138576314,1.25784433,1.08249462,-0.330438077,-0.8474966,-0.21925512,0.352829129
7934f1476fe2c6e458c230f491769c34,7400034,Mankey,0.533333361,fighter,LeftLittleIntermediate,-0.11016494,1.23622215,1.04286587,-0.841666043,-0.4059015,0.0510996878,0.3524654
7934f1476fe2c6e458c230f491769c34,7400034,Mankey,0.533333361,fighter,LeftLittleDistal,-0.146970779,1.19642746,1.03179443,-0.907719433,0.209412947,0.302301437,0.202006131
7934f1476fe2c6e458c230f491769c34,7400034,Mankey,0.533333361,fighter,RightThumbProximal,0.0665158257,1.316134,0.979954243,-0.428379357,-0.239947766,0.229098514,-0.8404943
7934f1476fe2c6e458c230f491769c34,7400034,Mankey,0.533333361,fighter,RightThumbIntermediate,0.0314908847,1.32419717,1.0068841,0.457285762,0.478568017,-0.138017356,0.7367593
7934f1476fe2c6e458c230f491769c34,7400034,Mankey,0.533333361,fighter,RightThumbDistal,0.0119602792,1.3151145,1.03911221,-0.393311322,-0.8844434,-0.187049329,-0.167568117
7934f1476fe2c6e458c230f491769c34,7400034,Mankey,0.533333361,fighter,RightMiddleProximal,0.06939157,1.33370757,1.0485152,-0.477060735,-0.0210203379,-0.233637437,-0.846986055
7934f1476fe2c6e458c230f491769c34,7400034,Mankey,0.533333361,fighter,RightMiddleIntermediate,0.0154171763,1.30848753,1.037155,0.453432173,-0.3588312,0.748674,0.3242337
7934f1476fe2c6e458c230f491769c34,7400034,Mankey,0.533333361,fighter,RightMiddleDistal,0.0356086455,1.29994869,0.9885282,-0.07189858,0.537842453,-0.762072742,0.353273958
7934f1476fe2c6e458c230f491769c34,7400034,Mankey,0.533333361,fighter,RightRingProximal,0.07779927,1.28484261,1.07272768,-0.5742264,0.0433716178,-0.254901469,-0.7767937
7934f1476fe2c6e458c230f491769c34,7400034,Mankey,0.533333361,fighter,RightRingIntermediate,0.031591177,1.266376,1.05351841,0.419058979,-0.462215453,0.737389147,0.258851141
7934f1476fe2c6e458c230f491769c34,7400034,Mankey,0.533333361,fighter,RightRingDistal,0.0597497635,1.26668465,1.00662279,0.07604414,0.5960346,-0.705461264,0.375879
7934f1476fe2c6e458c230f491769c34,7400034,Mankey,0.533333361,fighter,RightLittleProximal,0.09287414,1.226604,1.07118917,-0.5490979,0.07374281,-0.123414412,-0.8233001
7934f1476fe2c6e458c230f491769c34,7400034,Mankey,0.533333361,fighter,RightLittleIntermediate,0.0417387336,1.22008419,1.05748284,0.4509493,-0.444983661,0.642342,0.431313634
7934f1476fe2c6e458c230f491769c34,7400034,Mankey,0.533333361,fighter,RightLittleDistal,0.0539783947,1.21163189,1.00419438,0.0631099343,0.5960284,-0.7817715,0.172050834
7934f1476fe2c6e458c230f491769c34,7400034,Mankey,0.533333361,fighter,UpperChest,-0.0903810039,1.18414891,0.6465503,0.531392753,-0.427145541,-0.529180467,0.505110741
7934f1476fe2c6e458c230f491769c34,7400034,Mankey,0.55,source,AnimatorRoot,4.55703741E-08,4.89164043E-10,0.6084048,0,0,5.11881E-16,1
7934f1476fe2c6e458c230f491769c34,7400034,Mankey,0.55,source,Hips,-0.06453846,0.7901965,0.666107655,-0.07384314,0.285476685,0.02008709,0.955325544
7934f1476fe2c6e458c230f491769c34,7400034,Mankey,0.55,source,LeftUpperLeg,-0.148376465,0.7905757,0.721092,-0.46623674,-0.276056558,0.691302359,0.478034973
7934f1476fe2c6e458c230f491769c34,7400034,Mankey,0.55,source,RightUpperLeg,0.01929973,0.7898175,0.611123145,0.3612875,-0.1384551,-0.5834095,0.7140975
7934f1476fe2c6e458c230f491769c34,7400034,Mankey,0.55,source,LeftLowerLeg,-0.108040951,0.448265761,0.8629929,-0.3901902,-0.3944588,0.564982,0.610696
7934f1476fe2c6e458c230f491769c34,7400034,Mankey,0.55,source,RightLowerLeg,0.124014,0.4419472,0.5276969,0.342440277,-0.008967628,-0.765146434,0.5451655
7934f1476fe2c6e458c230f491769c34,7400034,Mankey,0.55,source,LeftFoot,-0.125576317,0.101045348,0.848765731,0.5954993,0.1331413,-0.767703235,-0.195667848
7934f1476fe2c6e458c230f491769c34,7400034,Mankey,0.55,source,RightFoot,0.0644932538,0.149525031,0.34875977,0.235454932,-0.183258846,-0.35389635,0.8864168
7934f1476fe2c6e458c230f491769c34,7400034,Mankey,0.55,source,Spine,-0.07243185,0.887054145,0.6534042,-0.05386549,0.289457083,0.0319361761,0.955140531
7934f1476fe2c6e458c230f491769c34,7400034,Mankey,0.55,source,Chest,-0.08712905,1.06524014,0.6410202,0.104787685,0.08512989,0.0586084947,0.9891096
7934f1476fe2c6e458c230f491769c34,7400034,Mankey,0.55,source,Neck,-0.106822662,1.262033,0.6862046,0.384053826,0.07404282,0.08084259,0.9167797
7934f1476fe2c6e458c230f491769c34,7400034,Mankey,0.55,source,Head,-0.114759557,1.322147,0.748422861,0.262597948,-0.0155725256,0.058171127,0.9630245
7934f1476fe2c6e458c230f491769c34,7400034,Mankey,0.55,source,LeftShoulder,-0.1313673,1.21555626,0.6824271,0.07938078,0.251786947,0.0224610753,0.964260161
7934f1476fe2c6e458c230f491769c34,7400034,Mankey,0.55,source,RightShoulder,-0.07333812,1.22349274,0.673170745,0.9849151,0.0149191367,-0.1401955,-0.100325093
7934f1476fe2c6e458c230f491769c34,7400034,Mankey,0.55,source,LeftUpperArm,-0.255221277,1.20372891,0.7508737,-0.01602995,0.376192927,0.471688032,0.7973283
7934f1476fe2c6e458c230f491769c34,7400034,Mankey,0.55,source,RightUpperArm,0.0630195662,1.23165417,0.634378135,0.878380835,-0.356364369,0.282154948,0.147785634
7934f1476fe2c6e458c230f491769c34,7400034,Mankey,0.55,source,LeftLowerArm,-0.3168437,1.03603947,0.89021945,-0.5409142,0.784157157,0.2951488,0.0734614
7934f1476fe2c6e458c230f491769c34,7400034,Mankey,0.55,source,RightLowerArm,0.195970267,1.10870957,0.7705485,0.2638327,-0.205136374,0.8085006,0.484395057
7934f1476fe2c6e458c230f491769c34,7400034,Mankey,0.55,source,LeftHand,-0.221340358,1.226313,0.992927551,-0.423899353,0.8455169,0.3084001,-0.101489089
7934f1476fe2c6e458c230f491769c34,7400034,Mankey,0.55,source,RightHand,0.103423938,1.26826811,0.918367863,0.311741382,-0.356893271,0.7328582,0.488225162
7934f1476fe2c6e458c230f491769c34,7400034,Mankey,0.55,source,LeftToes,-0.09350437,0.0323164463,0.9778726,0.610282242,-0.0006842648,-0.7916764,-0.0283581242
7934f1476fe2c6e458c230f491769c34,7400034,Mankey,0.55,source,RightToes,0.166665554,0.0426586457,0.3724529,0.358923674,-0.183999762,-0.0984114259,0.9097434
7934f1476fe2c6e458c230f491769c34,7400034,Mankey,0.55,source,LeftThumbProximal,-0.223164886,1.2420305,0.979311,-0.395112544,0.682947159,-0.6133891,0.0349763334
7934f1476fe2c6e458c230f491769c34,7400034,Mankey,0.55,source,LeftThumbIntermediate,-0.192592114,1.26802015,0.9598187,-0.163466752,0.800334156,-0.545982,0.186139643
7934f1476fe2c6e458c230f491769c34,7400034,Mankey,0.55,source,LeftThumbDistal,-0.1662827,1.28196323,0.9634011,0.5246157,0.657423556,-0.172372863,0.512698948
7934f1476fe2c6e458c230f491769c34,7400034,Mankey,0.55,source,LeftIndexProximal,-0.191824734,1.30090559,0.986856,0.245477661,0.919123352,0.0696472153,-0.300170571
7934f1476fe2c6e458c230f491769c34,7400034,Mankey,0.55,source,LeftIndexIntermediate,-0.170263067,1.288281,0.968787551,0.853749335,0.419857681,-0.188092336,-0.243830591
7934f1476fe2c6e458c230f491769c34,7400034,Mankey,0.55,source,LeftIndexDistal,-0.183097318,1.27028465,0.971378446,0.867966533,-0.3822895,-0.316697359,-0.0138558317
7934f1476fe2c6e458c230f491769c34,7400034,Mankey,0.55,source,LeftMiddleProximal,-0.181810334,1.29307961,1.00413144,0.2510476,0.906774461,0.102276027,-0.3229164
7934f1476fe2c6e458c230f491769c34,7400034,Mankey,0.55,source,LeftMiddleIntermediate,-0.159956053,1.28029585,0.983210564,0.8423235,0.417283058,-0.190035209,-0.283289075
7934f1476fe2c6e458c230f491769c34,7400034,Mankey,0.55,source,LeftMiddleDistal,-0.172636047,1.26255918,0.985042453,0.852679849,-0.380378067,-0.355878174,-0.0400075875
7934f1476fe2c6e458c230f491769c34,7400034,Mankey,0.55,source,LeftRingProximal,-0.173934713,1.28554034,1.01806617,0.341413558,0.84108454,0.127905309,-0.399566919
7934f1476fe2c6e458c230f491769c34,7400034,Mankey,0.55,source,LeftRingIntermediate,-0.159917191,1.27075422,0.994279861,0.83558774,0.342753232,-0.220156536,-0.368570983
7934f1476fe2c6e458c230f491769c34,7400034,Mankey,0.55,source,LeftRingDistal,-0.172739252,1.25664639,0.996491969,0.8169474,-0.363589853,-0.433716029,-0.110859491
7934f1476fe2c6e458c230f491769c34,7400034,Mankey,0.55,source,LeftLittleProximal,-0.166098222,1.273004,1.02882326,0.3187581,0.8308738,0.16258958,-0.426153749
7934f1476fe2c6e458c230f491769c34,7400034,Mankey,0.55,source,LeftLittleIntermediate,-0.154198617,1.26226962,1.00654268,0.7861229,0.4037148,-0.19290188,-0.426396757
7934f1476fe2c6e458c230f491769c34,7400034,Mankey,0.55,source,LeftLittleDistal,-0.16558978,1.24708593,1.00576389,0.844742835,-0.2132108,-0.442614764,-0.212232843
7934f1476fe2c6e458c230f491769c34,7400034,Mankey,0.55,source,RightThumbProximal,0.0981804356,1.28835857,0.916211,0.3366434,0.52507,0.7663588,0.153842926
7934f1476fe2c6e458c230f491769c34,7400034,Mankey,0.55,source,RightThumbIntermediate,0.0657928362,1.31464815,0.9320223,-0.447692275,-0.375463456,-0.809799,0.053150028
7934f1476fe2c6e458c230f491769c34,7400034,Mankey,0.55,source,RightThumbDistal,0.04799413,1.3221488,0.954964638,0.5614291,-0.108318456,0.5370386,-0.620205462
7934f1476fe2c6e458c230f491769c34,7400034,Mankey,0.55,source,RightIndexProximal,0.0857494,1.32880306,0.968318343,-0.0518563464,0.406791419,-0.9059102,0.105636723
7934f1476fe2c6e458c230f491769c34,7400034,Mankey,0.55,source,RightIndexIntermediate,0.0557690859,1.3216027,0.968566537,-0.249227166,-0.31518653,0.5590992,-0.725225449
7934f1476fe2c6e458c230f491769c34,7400034,Mankey,0.55,source,RightIndexDistal,0.05969254,1.30705023,0.9521886,0.400100648,0.0228152033,0.148770139,0.9040286
7934f1476fe2c6e458c230f491769c34,7400034,Mankey,0.55,source,RightMiddleProximal,0.0879140645,1.31204391,0.9815254,0.0244363733,0.4266328,-0.8934768,0.138155624
7934f1476fe2c6e458c230f491769c34,7400034,Mankey,0.55,source,RightMiddleIntermediate,0.0563635,1.30462337,0.976222038,-0.324344575,-0.253877074,0.503399551,-0.7595634
7934f1476fe2c6e458c230f491769c34,7400034,Mankey,0.55,source,RightMiddleDistal,0.06433895,1.291493,0.960638046,0.406752229,-0.0990745053,0.244953513,0.8744916
7934f1476fe2c6e458c230f491769c34,7400034,Mankey,0.55,source,RightRingProximal,0.08967008,1.29751,0.991462231,0.0920166448,0.479537666,-0.8511493,0.192670241
7934f1476fe2c6e458c230f491769c34,7400034,Mankey,0.55,source,RightRingIntermediate,0.0612056665,1.290001,0.9807677,-0.417647541,-0.2255993,0.423427016,-0.7716124
7934f1476fe2c6e458c230f491769c34,7400034,Mankey,0.55,source,RightRingDistal,0.07155835,1.28107762,0.9672986,0.448978126,-0.19727926,0.318429351,0.8112356
7934f1476fe2c6e458c230f491769c34,7400034,Mankey,0.55,source,RightLittleProximal,0.08887325,1.28007531,0.9969106,0.159108862,0.474424362,-0.8625558,0.07486203
7934f1476fe2c6e458c230f491769c34,7400034,Mankey,0.55,source,RightLittleIntermediate,0.06312611,1.2806766,0.987430453,-0.437228322,-0.211306646,0.5882472,-0.646642864
7934f1476fe2c6e458c230f491769c34,7400034,Mankey,0.55,source,RightLittleDistal,0.06728544,1.26972985,0.9724642,0.45399487,-0.216021433,0.09714039,0.8589457
7934f1476fe2c6e458c230f491769c34,7400034,Mankey,0.55,fighter,AnimatorRoot,0,0,0,0,0,0,1
7934f1476fe2c6e458c230f491769c34,7400034,Mankey,0.55,fighter,Hips,-0.06453846,0.7901964,0.6661076,0.2818715,-0.382509857,-0.5623825,0.6767279
7934f1476fe2c6e458c230f491769c34,7400034,Mankey,0.55,fighter,LeftUpperLeg,-0.165761679,0.7961058,0.732616,0.488523632,0.6855714,0.284065843,0.458958924
7934f1476fe2c6e458c230f491769c34,7400034,Mankey,0.55,fighter,RightUpperLeg,0.0366847664,0.784287,0.5995992,0.574249268,0.740554,0.3284705,0.11800383
7934f1476fe2c6e458c230f491769c34,7400034,Mankey,0.55,fighter,LeftLowerLeg,-0.1286535,0.4555614,0.8613376,0.6044376,0.596415341,0.38552025,0.360996246
7934f1476fe2c6e458c230f491769c34,7400034,Mankey,0.55,fighter,RightLowerLeg,0.151088059,0.4446714,0.5255055,0.788636148,0.5233323,0.3226045,0.0101385117
7934f1476fe2c6e458c230f491769c34,7400034,Mankey,0.55,fighter,LeftFoot,-0.125576392,0.1010452,0.848765731,0.0354707,0.8360841,0.00235800445,0.5474484
7934f1476fe2c6e458c230f491769c34,7400034,Mankey,0.55,fighter,RightFoot,0.06449335,0.149525076,0.3487597,0.183068156,0.956693769,0.0598057657,0.21828106
7934f1476fe2c6e458c230f491769c34,7400034,Mankey,0.55,fighter,Spine,-0.06985747,0.8340417,0.654116452,0.287085742,-0.3715146,-0.5531518,0.688173
7934f1476fe2c6e458c230f491769c34,7400034,Mankey,0.55,fighter,Chest,-0.08940859,1.06996167,0.6184302,0.5265528,-0.379774421,-0.5853066,0.485726267
7934f1476fe2c6e458c230f491769c34,7400034,Mankey,0.55,fighter,Neck,-0.10080637,1.34901726,0.6658915,0.569792747,-0.380604029,-0.5654562,0.459060162
7934f1476fe2c6e458c230f491769c34,7400034,Mankey,0.55,fighter,Head,-0.111339867,1.49078691,0.7097732,0.649912357,-0.328459978,-0.5761988,0.3711109
7934f1476fe2c6e458c230f491769c34,7400034,Mankey,0.55,fighter,LeftShoulder,-0.111876413,1.29717207,0.765792251,0.732923269,-0.05942142,-0.187188372,0.651347339
7934f1476fe2c6e458c230f491769c34,7400034,Mankey,0.55,fighter,RightShoulder,-0.05262726,1.301198,0.75635,-0.09926796,-0.6418391,-0.696418762,0.305270016
7934f1476fe2c6e458c230f491769c34,7400034,Mankey,0.55,fighter,LeftUpperArm,-0.3077517,1.3674159,0.807601035,0.6641044,0.46660006,0.0744140446,0.5794072
7934f1476fe2c6e458c230f491769c34,7400034,Mankey,0.55,fighter,RightUpperArm,0.1158793,1.364398,0.643830359,0.09166456,0.7451039,0.5371808,0.3845196
7934f1476fe2c6e458c230f491769c34,7400034,Mankey,0.55,fighter,LeftLowerArm,-0.46375227,1.16843891,0.932140052,-0.0523588881,0.8923313,-0.419793129,0.157409281
7934f1476fe2c6e458c230f491769c34,7400034,Mankey,0.55,fighter,RightLowerArm,0.309645563,1.20946252,0.7775761,-0.4491065,0.31166926,0.03029982,0.8368084
7934f1476fe2c6e458c230f491769c34,7400034,Mankey,0.55,fighter,LeftHand,-0.221340582,1.22631311,0.992927849,0.431406,-0.8241925,-0.3553322,-0.09129606
7934f1476fe2c6e458c230f491769c34,7400034,Mankey,0.55,fighter,RightHand,0.103423946,1.268268,0.9183678,0.3855265,0.482371032,-0.461867064,0.6366842
7934f1476fe2c6e458c230f491769c34,7400034,Mankey,0.55,fighter,LeftToes,-0.009626776,0.108715855,1.10443985,0.123407438,0.7962616,0.06933044,0.588159561
7934f1476fe2c6e458c230f491769c34,7400034,Mankey,0.55,fighter,RightToes,0.3054152,0.06743253,0.467459619,0.265062451,0.947845459,0.0781806856,0.158804953
7934f1476fe2c6e458c230f491769c34,7400034,Mankey,0.55,fighter,LeftEye,-0.25637427,1.49252582,0.9177464,0.4364044,-0.2462824,-0.523221135,-0.689301252
7934f1476fe2c6e458c230f491769c34,7400034,Mankey,0.55,fighter,RightEye,0.00439317757,1.51980579,0.9336537,0.31722337,-0.384581864,-0.7395161,-0.4523077
7934f1476fe2c6e458c230f491769c34,7400034,Mankey,0.55,fighter,Jaw,-0.10003873,1.3168298,0.82289046,0.6912451,0.229024187,-0.6694858,-0.146687627
7934f1476fe2c6e458c230f491769c34,7400034,Mankey,0.55,fighter,LeftThumbProximal,-0.186829492,1.28907728,0.976732969,0.206616133,-0.9269366,-0.23554118,0.20644407
7934f1476fe2c6e458c230f491769c34,7400034,Mankey,0.55,fighter,LeftThumbIntermediate,-0.149581224,1.31064761,0.9639159,0.203031451,-0.932407439,-0.283899724,-0.09378806
7934f1476fe2c6e458c230f491769c34,7400034,Mankey,0.55,fighter,LeftThumbDistal,-0.114695527,1.32325971,0.9751642,-0.0260945484,-0.525823,-0.3350101,-0.781407952
7934f1476fe2c6e458c230f491769c34,7400034,Mankey,0.55,fighter,LeftMiddleProximal,-0.153626934,1.340682,1.01211977,-0.290174127,-0.9160456,-0.114743263,0.2519805
7934f1476fe2c6e458c230f491769c34,7400034,Mankey,0.55,fighter,LeftMiddleIntermediate,-0.110892825,1.31194639,0.980082,-0.89250803,-0.3835882,0.06762676,0.227413088
7934f1476fe2c6e458c230f491769c34,7400034,Mankey,0.55,fighter,LeftMiddleDistal,-0.148048237,1.27378309,0.9772149,-0.8963243,0.3992026,0.1838246,0.05872766
7934f1476fe2c6e458c230f491769c34,7400034,Mankey,0.55,fighter,LeftRingProximal,-0.131569743,1.31331766,1.05465615,-0.379394054,-0.846232,-0.187326074,0.3238232
7934f1476fe2c6e458c230f491769c34,7400034,Mankey,0.55,fighter,LeftRingIntermediate,-0.104771733,1.28553879,1.01784074,-0.8846357,-0.318938732,0.09779261,0.32578367
7934f1476fe2c6e458c230f491769c34,7400034,Mankey,0.55,fighter,LeftRingDistal,-0.147298023,1.25118613,1.01593769,-0.866422236,0.368409723,0.306815416,0.13947019
7934f1476fe2c6e458c230f491769c34,7400034,Mankey,0.55,fighter,LeftLittleProximal,-0.127024144,1.26497757,1.09020782,-0.347127259,-0.8432823,-0.209298357,0.352948517
7934f1476fe2c6e458c230f491769c34,7400034,Mankey,0.55,fighter,LeftLittleIntermediate,-0.09982813,1.2416302,1.05070531,-0.8514464,-0.38860926,0.05349274,0.3480818
7934f1476fe2c6e458c230f491769c34,7400034,Mankey,0.55,fighter,LeftLittleDistal,-0.138126448,1.202958,1.04077756,-0.9039273,0.2291106,0.302120566,0.197858036
7934f1476fe2c6e458c230f491769c34,7400034,Mankey,0.55,fighter,RightThumbProximal,0.0741551,1.321935,0.9590589,-0.407107,-0.219010741,0.253836155,-0.8496269
7934f1476fe2c6e458c230f491769c34,7400034,Mankey,0.55,fighter,RightThumbIntermediate,0.0393402129,1.333298,0.9850549,0.4450221,0.459734619,-0.166963026,0.750149131
7934f1476fe2c6e458c230f491769c34,7400034,Mankey,0.55,fighter,RightThumbDistal,0.0191239286,1.32714665,1.01755178,-0.406367034,-0.88004607,-0.157331869,-0.188765377
7934f1476fe2c6e458c230f491769c34,7400034,Mankey,0.55,fighter,RightMiddleProximal,0.07685574,1.34325516,1.026556,-0.4525064,-0.0129928887,-0.21466817,-0.8654405
7934f1476fe2c6e458c230f491769c34,7400034,Mankey,0.55,fighter,RightMiddleIntermediate,0.0218167156,1.32000685,1.01613736,0.430799574,-0.348498434,0.7533246,0.354207784
7934f1476fe2c6e458c230f491769c34,7400034,Mankey,0.55,fighter,RightMiddleDistal,0.0419737026,1.307557,0.96834743,-0.06568241,0.514315963,-0.7867656,0.334910929
7934f1476fe2c6e458c230f491769c34,7400034,Mankey,0.55,fighter,RightRingProximal,0.08322726,1.295577,1.05359125,-0.5504745,0.052464053,-0.240256786,-0.7978112
7934f1476fe2c6e458c230f491769c34,7400034,Mankey,0.55,fighter,RightRingIntermediate,0.0363385566,1.27820933,1.03501689,0.395956546,-0.451151252,0.7464844,0.287128478
7934f1476fe2c6e458c230f491769c34,7400034,Mankey,0.55,fighter,RightRingDistal,0.0648680255,1.27430356,0.9885084,0.08272855,0.5705639,-0.7317645,0.3635028
7934f1476fe2c6e458c230f491769c34,7400034,Mankey,0.55,fighter,RightLittleProximal,0.0962270349,1.23685241,1.05553687,-0.5240722,0.08686322,-0.108662948,-0.84023577
7934f1476fe2c6e458c230f491769c34,7400034,Mankey,0.55,fighter,RightLittleIntermediate,0.04495126,1.23196852,1.04167557,0.4236684,-0.4379791,0.6472669,0.457958132
7934f1476fe2c6e458c230f491769c34,7400034,Mankey,0.55,fighter,RightLittleDistal,0.0572093055,1.21970129,0.9891383,0.0759114,0.5694004,-0.8031542,0.158003062
7934f1476fe2c6e458c230f491769c34,7400034,Mankey,0.55,fighter,UpperChest,-0.09255887,1.18564582,0.6479868,0.5024046,-0.411188632,-0.554585457,0.520527363
7934f1476fe2c6e458c230f491769c34,7400034,Mankey,0.566666663,source,AnimatorRoot,4.61418352E-08,4.95298247E-10,0.6160343,0,0,5.26936338E-16,1
7934f1476fe2c6e458c230f491769c34,7400034,Mankey,0.566666663,source,Hips,-0.0696264058,0.7911959,0.666838646,-0.0747047961,0.312259,0.018649796,0.9468716
7934f1476fe2c6e458c230f491769c34,7400034,Mankey,0.566666663,source,LeftUpperLeg,-0.150265485,0.79233253,0.7264061,-0.444132924,-0.2614139,0.7002427,0.4940337
7934f1476fe2c6e458c230f491769c34,7400034,Mankey,0.566666663,source,RightUpperLeg,0.0110128392,0.7900595,0.607271,0.335096627,-0.122137092,-0.581231356,0.7314117
7934f1476fe2c6e458c230f491769c34,7400034,Mankey,0.566666663,source,LeftLowerLeg,-0.106522433,0.447881937,0.861976,-0.379882425,-0.37864396,0.5683653,0.623922646
7934f1476fe2c6e458c230f491769c34,7400034,Mankey,0.566666663,source,RightLowerLeg,0.120788246,0.442626148,0.528669536,0.30735907,0.00648180675,-0.771375656,0.557196736
7934f1476fe2c6e458c230f491769c34,7400034,Mankey,0.566666663,source,LeftFoot,-0.129897937,0.101002552,0.8478265,0.5867974,0.133125335,-0.7741272,-0.19665651
7934f1476fe2c6e458c230f491769c34,7400034,Mankey,0.566666663,source,RightFoot,0.054633446,0.144905791,0.361164123,0.209804356,-0.1480262,-0.35128504,0.9003718
7934f1476fe2c6e458c230f491769c34,7400034,Mankey,0.566666663,source,Spine,-0.07766014,0.8880394,0.6541151,-0.0514774173,0.315857947,0.0271292571,0.947020531
7934f1476fe2c6e458c230f491769c34,7400034,Mankey,0.566666663,source,Chest,-0.09071994,1.06639493,0.642352045,0.103030629,0.126158625,0.04316371,0.985700667
7934f1476fe2c6e458c230f491769c34,7400034,Mankey,0.566666663,source,Neck,-0.102412753,1.26397955,0.686854839,0.3805892,0.106981032,0.05603523,0.9168244
7934f1476fe2c6e458c230f491769c34,7400034,Mankey,0.566666663,source,Head,-0.104264759,1.32514369,0.748525739,0.260082871,-0.0113021806,0.0477634,0.9643381
7934f1476fe2c6e458c230f491769c34,7400034,Mankey,0.566666663,source,LeftShoulder,-0.128150851,1.21801245,0.6856827,0.079953745,0.2800325,0.0105739711,0.9565969
7934f1476fe2c6e458c230f491769c34,7400034,Mankey,0.566666663,source,RightShoulder,-0.07096315,1.22460341,0.671463668,0.9795522,-0.00144226768,-0.176136151,-0.09721832
7934f1476fe2c6e458c230f491769c34,7400034,Mankey,0.566666663,source,LeftUpperArm,-0.247850209,1.20878112,0.7615212,-0.00376271713,0.383974373,0.4619257,0.7994838
7934f1476fe2c6e458c230f491769c34,7400034,Mankey,0.566666663,source,RightUpperArm,0.0622279346,1.229059,0.622421145,0.8707678,-0.375234,0.267409921,0.171625346
7934f1476fe2c6e458c230f491769c34,7400034,Mankey,0.566666663,source,LeftLowerArm,-0.3109222,1.0420897,0.9014149,-0.5335714,0.7895903,0.294655234,0.07090274
7934f1476fe2c6e458c230f491769c34,7400034,Mankey,0.566666663,source,RightLowerArm,0.192595139,1.10179949,0.757117033,0.259044647,-0.192583963,0.798114538,0.508744359
7934f1476fe2c6e458c230f491769c34,7400034,Mankey,0.566666663,source,LeftHand,-0.211514354,1.23138535,1.00220752,-0.406409621,0.8550202,0.3016818,-0.112961136
7934f1476fe2c6e458c230f491769c34,7400034,Mankey,0.566666663,source,RightHand,0.110297367,1.27016842,0.901176751,0.292288542,-0.340570271,0.7371355,0.505183756
7934f1476fe2c6e458c230f491769c34,7400034,Mankey,0.566666663,source,LeftToes,-0.09486112,0.0320177972,0.9760231,0.6017829,0.0006128553,-0.798206031,-0.0269182436
7934f1476fe2c6e458c230f491769c34,7400034,Mankey,0.566666663,source,RightToes,0.160852611,0.0408858657,0.379005671,0.343581915,-0.142806828,-0.100852519,0.9227061
7934f1476fe2c6e458c230f491769c34,7400034,Mankey,0.566666663,source,LeftThumbProximal,-0.213197514,1.24673212,0.9881566,-0.39248395,0.679559767,-0.6196812,0.0122831892
7934f1476fe2c6e458c230f491769c34,7400034,Mankey,0.566666663,source,LeftThumbIntermediate,-0.182344392,1.271208,0.9672015,-0.1607357,0.796265066,-0.558903,0.16659531
7934f1476fe2c6e458c230f491769c34,7400034,Mankey,0.566666663,source,LeftThumbDistal,-0.155568272,1.2844696,0.9697697,0.524298966,0.6527332,-0.195750713,0.510619342
7934f1476fe2c6e458c230f491769c34,7400034,Mankey,0.566666663,source,LeftIndexProximal,-0.180007219,1.3048569,0.9931886,0.264186442,0.91295296,0.05722344,-0.3056935
7934f1476fe2c6e458c230f491769c34,7400034,Mankey,0.566666663,source,LeftIndexIntermediate,-0.159239843,1.29106176,0.975045562,0.8612296,0.401656657,-0.200513259,-0.238223746
7934f1476fe2c6e458c230f491769c34,7400034,Mankey,0.566666663,source,LeftIndexDistal,-0.17252481,1.27353859,0.978473067,0.8587765,-0.39983508,-0.3203666,-0.000925997971
7934f1476fe2c6e458c230f491769c34,7400034,Mankey,0.566666663,source,LeftMiddleProximal,-0.1698279,1.29726315,1.01047146,0.2702896,0.900767,0.0903004,-0.3277323
7934f1476fe2c6e458c230f491769c34,7400034,Mankey,0.566666663,source,LeftMiddleIntermediate,-0.148838446,1.28321421,0.989476442,0.850349367,0.3987748,-0.2017115,-0.2778445
7934f1476fe2c6e458c230f491769c34,7400034,Mankey,0.566666663,source,LeftMiddleDistal,-0.161979124,1.26592314,0.992134,0.8434788,-0.398593575,-0.3590111,-0.0278968327
7934f1476fe2c6e458c230f491769c34,7400034,Mankey,0.566666663,source,LeftRingProximal,-0.161854565,1.2899183,1.02445447,0.361128777,0.833303034,0.117023386,-0.401867747
7934f1476fe2c6e458c230f491769c34,7400034,Mankey,0.566666663,source,LeftRingIntermediate,-0.148820058,1.274014,1.000831,0.8434882,0.322943181,-0.229366809,-0.362803578
7934f1476fe2c6e458c230f491769c34,7400034,Mankey,0.566666663,source,LeftRingDistal,-0.1619895,1.260364,1.00375986,0.808204,-0.3832748,-0.435645431,-0.100599
7934f1476fe2c6e458c230f491769c34,7400034,Mankey,0.566666663,source,LeftLittleProximal,-0.154137552,1.27748621,1.03541684,0.3391275,0.8236547,0.152497277,-0.428170979
7934f1476fe2c6e458c230f491769c34,7400034,Mankey,0.566666663,source,LeftLittleIntermediate,-0.1430681,1.26573789,1.01322007,0.79611665,0.3843726,-0.20164755,-0.421656966
7934f1476fe2c6e458c230f491769c34,7400034,Mankey,0.566666663,source,LeftLittleDistal,-0.154907316,1.2508806,1.01316166,0.8396321,-0.234623924,-0.4456687,-0.203345791
7934f1476fe2c6e458c230f491769c34,7400034,Mankey,0.566666663,source,RightThumbProximal,0.105552278,1.29022622,0.897868633,0.337334931,0.5421413,0.7498009,0.173455954
7934f1476fe2c6e458c230f491769c34,7400034,Mankey,0.566666663,source,RightThumbIntermediate,0.07377895,1.31814671,0.9120459,-0.4522909,-0.392804652,-0.800148547,0.0300037917
7934f1476fe2c6e458c230f491769c34,7400034,Mankey,0.566666663,source,RightThumbDistal,0.0561130978,1.32736313,0.9344597,0.5765343,-0.0989568159,0.548288763,-0.597658455
7934f1476fe2c6e458c230f491769c34,7400034,Mankey,0.566666663,source,RightIndexProximal,0.0939870849,1.333843,0.9475605,-0.0484375544,0.381451845,-0.918350041,0.0937116146
7934f1476fe2c6e458c230f491769c34,7400034,Mankey,0.566666663,source,RightIndexIntermediate,0.0638390556,1.32739842,0.948100448,-0.233324438,-0.295053065,0.576197267,-0.72560364
7934f1476fe2c6e458c230f491769c34,7400034,Mankey,0.566666663,source,RightIndexDistal,0.0674453452,1.3118521,0.9325858,0.374395669,0.0207143351,0.13765794,0.9167603
7934f1476fe2c6e458c230f491769c34,7400034,Mankey,0.566666663,source,RightMiddleProximal,0.09570878,1.31780994,0.961701334,0.0271218587,0.400653958,-0.9067608,0.128554761
7934f1476fe2c6e458c230f491769c34,7400034,Mankey,0.566666663,source,RightMiddleIntermediate,0.06399918,1.31086993,0.956705,-0.306600362,-0.234377772,0.519091547,-0.7626321
7934f1476fe2c6e458c230f491769c34,7400034,Mankey,0.566666663,source,RightMiddleDistal,0.07168905,1.29668939,0.941918,0.380242079,-0.09843295,0.237612382,0.888407469
7934f1476fe2c6e458c230f491769c34,7400034,Mankey,0.566666663,source,RightRingProximal,0.09708442,1.30382311,0.9724498,0.0937075242,0.453820944,-0.8665078,0.1855532
7934f1476fe2c6e458c230f491769c34,7400034,Mankey,0.566666663,source,RightRingIntermediate,0.06847099,1.29641473,0.962087631,-0.3990479,-0.207217783,0.438358366,-0.778244138
7934f1476fe2c6e458c230f491769c34,7400034,Mankey,0.566666663,source,RightRingDistal,0.078635186,1.28649509,0.949183762,0.422923744,-0.194929048,0.314667284,0.8271173
7934f1476fe2c6e458c230f491769c34,7400034,Mankey,0.566666663,source,RightLittleProximal,0.0958479345,1.28674889,0.9788712,0.164054245,0.447754145,-0.8762224,0.06955074
7934f1476fe2c6e458c230f491769c34,7400034,Mankey,0.566666663,source,RightLittleIntermediate,0.0701464862,1.28743827,0.9692738,-0.422236919,-0.188229114,0.6011414,-0.65185523
7934f1476fe2c6e458c230f491769c34,7400034,Mankey,0.566666663,source,RightLittleDistal,0.07407332,1.27556467,0.9549657,0.426707476,-0.220055088,0.09343958,0.8722189
7934f1476fe2c6e458c230f491769c34,7400034,Mankey,0.566666663,fighter,AnimatorRoot,0,0,0,0,0,0,1
7934f1476fe2c6e458c230f491769c34,7400034,Mankey,0.566666663,fighter,Hips,-0.0696264,0.7911958,0.6668386,0.2644542,-0.3646434,-0.5696614,0.6874483
7934f1476fe2c6e458c230f491769c34,7400034,Mankey,0.566666663,fighter,LeftUpperLeg,-0.166956678,0.7974832,0.7388922,0.5033251,0.694642,0.2687006,0.438105524
7934f1476fe2c6e458c230f491769c34,7400034,Mankey,0.566666663,fighter,RightUpperLeg,0.027703872,0.7849085,0.594785035,0.5721235,0.756721139,0.3001989,0.09964141
7934f1476fe2c6e458c230f491769c34,7400034,Mankey,0.566666663,fighter,LeftLowerLeg,-0.12690194,0.4554329,0.862641633,0.618206739,0.598005354,0.371708155,0.3493469
7934f1476fe2c6e458c230f491769c34,7400034,Mankey,0.566666663,fighter,RightLowerLeg,0.146815673,0.4461514,0.5242672,0.7936635,0.536701441,0.286403,-0.00479865074
7934f1476fe2c6e458c230f491769c34,7400034,Mankey,0.566666663,fighter,LeftFoot,-0.129897952,0.101002604,0.847826362,0.034896113,0.8419151,0.004072562,0.538465261
7934f1476fe2c6e458c230f491769c34,7400034,Mankey,0.566666663,fighter,RightFoot,0.0546334721,0.1449058,0.361164153,0.171961129,0.967736542,0.0409510881,0.179550737
7934f1476fe2c6e458c230f491769c34,7400034,Mankey,0.566666663,fighter,Spine,-0.0755682439,0.8349999,0.654989958,0.27042222,-0.3537377,-0.5635241,0.6958321
7934f1476fe2c6e458c230f491769c34,7400034,Mankey,0.566666663,fighter,Chest,-0.09515402,1.07107759,0.6203813,0.4963552,-0.364921927,-0.6096258,0.498818934
7934f1476fe2c6e458c230f491769c34,7400034,Mankey,0.566666663,fighter,Neck,-0.09819915,1.35058582,0.6664285,0.5504606,-0.374120563,-0.582182467,0.467002153
7934f1476fe2c6e458c230f491769c34,7400034,Mankey,0.566666663,fighter,Head,-0.10447681,1.49276447,0.709798455,0.6419761,-0.3334486,-0.5829364,0.369951963
7934f1476fe2c6e458c230f491769c34,7400034,Mankey,0.566666663,fighter,LeftShoulder,-0.101496704,1.29958284,0.767316759,0.7222291,-0.0440043956,-0.212319553,0.656787038
7934f1476fe2c6e458c230f491769c34,7400034,Mankey,0.566666663,fighter,RightShoulder,-0.043214526,1.30260444,0.7528294,-0.132331342,-0.630797565,-0.6930498,0.3229018
7934f1476fe2c6e458c230f491769c34,7400034,Mankey,0.566666663,fighter,LeftUpperArm,-0.293786854,1.37226915,0.820141733,0.673568964,0.457476556,0.06746009,0.5766018
7934f1476fe2c6e458c230f491769c34,7400034,Mankey,0.566666663,fighter,RightUpperArm,0.117339969,1.36216688,0.627434254,0.117436059,0.7531835,0.522371769,0.382166743
7934f1476fe2c6e458c230f491769c34,7400034,Mankey,0.566666663,fighter,LeftLowerArm,-0.4550959,1.17664468,0.943220735,-0.04687301,0.889624834,-0.428169757,0.151795492
7934f1476fe2c6e458c230f491769c34,7400034,Mankey,0.566666663,fighter,RightLowerArm,0.30908528,1.199775,0.7551088,-0.451381326,0.335047036,0.0169683546,0.826868057
7934f1476fe2c6e458c230f491769c34,7400034,Mankey,0.566666663,fighter,LeftHand,-0.211514384,1.23138535,1.00220788,0.4166358,-0.83670187,-0.3461965,-0.0805797949
7934f1476fe2c6e458c230f491769c34,7400034,Mankey,0.566666663,fighter,RightHand,0.110297285,1.2701683,0.9011768,0.373948574,0.463384062,-0.482445,0.642406
7934f1476fe2c6e458c230f491769c34,7400034,Mankey,0.566666663,fighter,LeftToes,-0.008558374,0.108339429,1.10099685,0.122691125,0.802727759,0.06956355,0.579427361
7934f1476fe2c6e458c230f491769c34,7400034,Mankey,0.566666663,fighter,RightToes,0.3064987,0.07123761,0.4612095,0.25540325,0.9575792,0.0552790463,0.121472746
7934f1476fe2c6e458c230f491769c34,7400034,Mankey,0.566666663,fighter,LeftEye,-0.246637776,1.49828589,0.9196811,0.432605356,-0.256325841,-0.5192001,-0.6910724
7934f1476fe2c6e458c230f491769c34,7400034,Mankey,0.566666663,fighter,RightEye,0.0147692356,1.5209372,0.9319368,0.3100556,-0.392565846,-0.736422062,-0.455456138
7934f1476fe2c6e458c230f491769c34,7400034,Mankey,0.566666663,fighter,Jaw,-0.09478291,1.31926608,0.823766232,0.689183652,0.219879672,-0.6734166,-0.152281046
7934f1476fe2c6e458c230f491769c34,7400034,Mankey,0.566666663,fighter,LeftThumbProximal,-0.1755892,1.29258621,0.9833272,0.188606054,-0.9317177,-0.228423074,0.210127011
7934f1476fe2c6e458c230f491769c34,7400034,Mankey,0.566666663,fighter,LeftThumbIntermediate,-0.137839377,1.31268156,0.969611645,0.185270175,-0.9398043,-0.2724396,-0.09066337
7934f1476fe2c6e458c230f491769c34,7400034,Mankey,0.566666663,fighter,LeftThumbDistal,-0.102374271,1.32426524,0.9801305,-0.0286178,-0.5340905,-0.3143178,-0.7843041
7934f1476fe2c6e458c230f491769c34,7400034,Mankey,0.566666663,fighter,LeftMiddleProximal,-0.140106946,1.344232,1.016364,-0.306372046,-0.9107277,-0.102301434,0.257383972
7934f1476fe2c6e458c230f491769c34,7400034,Mankey,0.566666663,fighter,LeftMiddleIntermediate,-0.09887886,1.31358075,0.984128833,-0.9002623,-0.366161436,0.07323347,0.223810434
7934f1476fe2c6e458c230f491769c34,7400034,Mankey,0.566666663,fighter,LeftMiddleDistal,-0.137343884,1.27666581,0.9824195,-0.888541341,0.416309,0.185800225,0.05157687
7934f1476fe2c6e458c230f491769c34,7400034,Mankey,0.566666663,fighter,LeftRingProximal,-0.117875732,1.31752348,1.05922532,-0.395155668,-0.839892149,-0.177117333,0.327205479
7934f1476fe2c6e458c230f491769c34,7400034,Mankey,0.566666663,fighter,LeftRingIntermediate,-0.09261499,1.28830028,1.02244127,-0.8916884,-0.3006236,0.101437747,0.3228435
7934f1476fe2c6e458c230f491769c34,7400034,Mankey,0.566666663,fighter,LeftRingDistal,-0.136303127,1.255391,1.02171886,-0.8587657,0.3865078,0.308045924,0.135060415
7934f1476fe2c6e458c230f491769c34,7400034,Mankey,0.566666663,fighter,LeftLittleProximal,-0.113909543,1.27016449,1.09614062,-0.363089442,-0.837566137,-0.200019717,0.355867356
7934f1476fe2c6e458c230f491769c34,7400034,Mankey,0.566666663,fighter,LeftLittleIntermediate,-0.08814368,1.24531531,1.05659556,-0.85988605,-0.370944858,0.05736758,0.3459849
7934f1476fe2c6e458c230f491769c34,7400034,Mankey,0.566666663,fighter,LeftLittleDistal,-0.127879009,1.20782506,1.04785287,-0.8988302,0.24808991,0.304475844,0.1945526
7934f1476fe2c6e458c230f491769c34,7400034,Mankey,0.566666663,fighter,RightThumbProximal,0.08225064,1.32674587,0.938659549,-0.383128166,-0.203588873,0.2749512,-0.858001649
7934f1476fe2c6e458c230f491769c34,7400034,Mankey,0.566666663,fighter,RightThumbIntermediate,0.0478532948,1.34092951,0.9638116,0.428661823,0.446071267,-0.193520382,0.7614591
7934f1476fe2c6e458c230f491769c34,7400034,Mankey,0.566666663,fighter,RightThumbDistal,0.0274197478,1.33752954,0.9965758,-0.414564282,-0.8775697,-0.126481518,-0.204966739
7934f1476fe2c6e458c230f491769c34,7400034,Mankey,0.566666663,fighter,RightMiddleProximal,0.0853070542,1.35177755,1.00485456,-0.428224623,-0.0116098821,-0.199031323,-0.88140595
7934f1476fe2c6e458c230f491769c34,7400034,Mankey,0.566666663,fighter,RightMiddleIntermediate,0.0294792186,1.32989538,0.9957574,0.412667274,-0.333027184,0.757577062,0.380626529
7934f1476fe2c6e458c230f491769c34,7400034,Mankey,0.566666663,fighter,RightMiddleDistal,0.04919687,1.31379449,0.9488838,-0.06608626,0.490558863,-0.808271766,0.318876952
7934f1476fe2c6e458c230f491769c34,7400034,Mankey,0.566666663,fighter,RightRingProximal,0.09044417,1.30556393,1.03456366,-0.527323663,0.0544785261,-0.228154868,-0.816644251
7934f1476fe2c6e458c230f491769c34,7400034,Mankey,0.566666663,fighter,RightRingIntermediate,0.04297372,1.2887516,1.01698267,0.3780586,-0.4353289,0.7549682,0.312384844
7934f1476fe2c6e458c230f491769c34,7400034,Mankey,0.566666663,fighter,RightRingDistal,0.07136216,1.28095531,0.970879,0.08245981,0.545884132,-0.7554178,0.352924436
7934f1476fe2c6e458c230f491769c34,7400034,Mankey,0.566666663,fighter,RightLittleProximal,0.101998575,1.246745,1.03987277,-0.499325931,0.09299144,-0.0970906,-0.8559209
7934f1476fe2c6e458c230f491769c34,7400034,Mankey,0.566666663,fighter,RightLittleIntermediate,0.0505862832,1.24283314,1.02620971,0.401021421,-0.4253225,0.652708948,0.481927752
7934f1476fe2c6e458c230f491769c34,7400034,Mankey,0.566666663,fighter,RightLittleDistal,0.062418092,1.22689974,0.974566162,0.08149596,0.5426166,-0.823077738,0.146525443
7934f1476fe2c6e458c230f491769c34,7400034,Mankey,0.566666663,fighter,UpperChest,-0.09400464,1.18698931,0.649181247,0.4731693,-0.394521683,-0.578060746,0.535079241
7934f1476fe2c6e458c230f491769c34,7400034,Mankey,0.5833333,source,AnimatorRoot,4.6684594E-08,5.01124364E-10,0.623280644,0,0,5.4199166E-16,1
7934f1476fe2c6e458c230f491769c34,7400034,Mankey,0.5833333,source,Hips,-0.0737874359,0.792017162,0.667601645,-0.07520227,0.333919823,0.0179931521,0.939424455
7934f1476fe2c6e458c230f491769c34,7400034,Mankey,0.5833333,source,LeftUpperLeg,-0.1516247,0.793663144,0.7307751,-0.42366913,-0.24848637,0.707951963,0.5075067
7934f1476fe2c6e458c230f491769c34,7400034,Mankey,0.5833333,source,RightUpperLeg,0.004049968,0.7903714,0.604428,0.313845158,-0.109031595,-0.5805488,0.7433548
7934f1476fe2c6e458c230f491769c34,7400034,Mankey,0.5833333,source,LeftLowerLeg,-0.104702465,0.447333485,0.8603628,-0.369101048,-0.36350444,0.5713766,0.636520147
7934f1476fe2c6e458c230f491769c34,7400034,Mankey,0.5833333,source,RightLowerLeg,0.116674982,0.443142444,0.529019356,0.277887374,0.0180061869,-0.7748164,0.567551
7934f1476fe2c6e458c230f491769c34,7400034,Mankey,0.5833333,source,LeftFoot,-0.133508414,0.10086713,0.8461091,0.5779442,0.1312561,-0.7806319,-0.1984094
7934f1476fe2c6e458c230f491769c34,7400034,Mankey,0.5833333,source,RightFoot,0.0466215573,0.140600547,0.37207076,0.1884723,-0.119090229,-0.344392776,0.911970139
7934f1476fe2c6e458c230f491769c34,7400034,Mankey,0.5833333,source,Spine,-0.08202278,0.888850749,0.6549317,-0.0489117019,0.337080359,0.0226606056,0.939931333
7934f1476fe2c6e458c230f491769c34,7400034,Mankey,0.5833333,source,Chest,-0.0934705958,1.06735373,0.643740058,0.100789756,0.163379967,0.0300983135,0.9809397
7934f1476fe2c6e458c230f491769c34,7400034,Mankey,0.5833333,source,Neck,-0.0983932838,1.265517,0.686913967,0.3766935,0.137054786,0.0331438221,0.9155433
7934f1476fe2c6e458c230f491769c34,7400034,Mankey,0.5833333,source,Head,-0.09469525,1.32754862,0.7476281,0.257628977,-0.004696615,0.0379491933,0.965487063
7934f1476fe2c6e458c230f491769c34,7400034,Mankey,0.5833333,source,LeftShoulder,-0.124909818,1.219998,0.688212633,0.07972285,0.30607295,0.00126454793,0.948663354
7934f1476fe2c6e458c230f491769c34,7400034,Mankey,0.5833333,source,RightShoulder,-0.0688865259,1.225456,0.669567168,0.9729521,-0.0151320463,-0.210658491,-0.09358506
7934f1476fe2c6e458c230f491769c34,7400034,Mankey,0.5833333,source,LeftUpperArm,-0.240305841,1.21272743,0.7706476,0.008396579,0.3901597,0.454317749,0.8008125
7934f1476fe2c6e458c230f491769c34,7400034,Mankey,0.5833333,source,RightUpperArm,0.0604475178,1.2268672,0.610953152,0.864426,-0.389985651,0.2512219,0.193820208
7934f1476fe2c6e458c230f491769c34,7400034,Mankey,0.5833333,source,LeftLowerArm,-0.304366857,1.04637945,0.910500765,-0.5267527,0.7941725,0.2952351,0.06825096
7934f1476fe2c6e458c230f491769c34,7400034,Mankey,0.5833333,source,RightLowerArm,0.189504012,1.09617519,0.7436091,0.257276863,-0.180462152,0.7877735,0.5297689
7934f1476fe2c6e458c230f491769c34,7400034,Mankey,0.5833333,source,LeftHand,-0.201366469,1.23462141,1.00964582,-0.395206273,0.8608725,0.2962337,-0.122296654
7934f1476fe2c6e458c230f491769c34,7400034,Mankey,0.5833333,source,RightHand,0.117097124,1.27152276,0.884622455,0.2762691,-0.325504035,0.7408971,0.5184537
7934f1476fe2c6e458c230f491769c34,7400034,Mankey,0.5833333,source,LeftToes,-0.09559101,0.0317659825,0.973420262,0.592735469,0.00107836968,-0.804910958,-0.0279663615
7934f1476fe2c6e458c230f491769c34,7400034,Mankey,0.5833333,source,RightToes,0.156591356,0.03982175,0.38515687,0.330022216,-0.107817419,-0.09711235,0.9327543
7934f1476fe2c6e458c230f491769c34,7400034,Mankey,0.5833333,source,LeftThumbProximal,-0.2030317,1.24967027,0.995274365,-0.392035931,0.6758,-0.624172866,-0.00327597745
7934f1476fe2c6e458c230f491769c34,7400034,Mankey,0.5833333,source,LeftThumbIntermediate,-0.172134623,1.273126,0.973244548,-0.160581052,0.7925209,-0.5680258,0.1532039
7934f1476fe2c6e458c230f491769c34,7400034,Mankey,0.5833333,source,LeftThumbDistal,-0.145098746,1.28597915,0.9750562,0.5222666,0.6502585,-0.21202226,0.5093611
7934f1476fe2c6e458c230f491769c34,7400034,Mankey,0.5833333,source,LeftIndexProximal,-0.168784931,1.30731392,0.9984044,0.275929451,0.908637,0.0470959619,-0.3098775
7934f1476fe2c6e458c230f491769c34,7400034,Mankey,0.5833333,source,LeftIndexIntermediate,-0.1485676,1.29275239,0.980239153,0.8655687,0.3899341,-0.2103758,-0.2334193
7934f1476fe2c6e458c230f491769c34,7400034,Mankey,0.5833333,source,LeftIndexDistal,-0.16208522,1.27554357,0.984293,0.8525405,-0.4107883,-0.32301107,0.009597693
7934f1476fe2c6e458c230f491769c34,7400034,Mankey,0.5833333,source,LeftMiddleProximal,-0.1584399,1.29994214,1.015685,0.2824617,0.8965936,0.08044433,-0.3314578
7934f1476fe2c6e458c230f491769c34,7400034,Mankey,0.5833333,source,LeftMiddleIntermediate,-0.1380537,1.285058,0.994671,0.8551104,0.386795461,-0.211110726,-0.2731452
7934f1476fe2c6e458c230f491769c34,7400034,Mankey,0.5833333,source,LeftMiddleDistal,-0.151436433,1.26806116,0.997947454,0.837237239,-0.410089076,-0.36130473,-0.0178851523
7934f1476fe2c6e458c230f491769c34,7400034,Mankey,0.5833333,source,LeftRingProximal,-0.150352612,1.29278183,1.02969813,0.373791367,0.828042448,0.107799605,-0.4037395
7934f1476fe2c6e458c230f491769c34,7400034,Mankey,0.5833333,source,LeftRingIntermediate,-0.137995526,1.27612019,1.0062331,0.848344564,0.3099943,-0.237108856,-0.3577636
7934f1476fe2c6e458c230f491769c34,7400034,Mankey,0.5833333,source,LeftRingDistal,-0.151340887,1.26276982,1.0096972,0.8022826,-0.3959688,-0.437185228,-0.09176562
7934f1476fe2c6e458c230f491769c34,7400034,Mankey,0.5833333,source,LeftLittleProximal,-0.142659187,1.28047192,1.04081392,0.352313876,0.818767,0.143790215,-0.4299074
7934f1476fe2c6e458c230f491769c34,7400034,Mankey,0.5833333,source,LeftLittleIntermediate,-0.132172,1.268031,1.01871192,0.802414358,0.371637881,-0.209195018,-0.417437851
7934f1476fe2c6e458c230f491769c34,7400034,Mankey,0.5833333,source,LeftLittleDistal,-0.14425917,1.25338256,1.01919544,0.8360685,-0.24859339,-0.448304832,-0.19548434
7934f1476fe2c6e458c230f491769c34,7400034,Mankey,0.5833333,source,RightThumbProximal,0.112715468,1.29147685,0.8803323,0.3372565,0.55707407,0.735055149,0.188734278
7934f1476fe2c6e458c230f491769c34,7400034,Mankey,0.5833333,source,RightThumbIntermediate,0.08143112,1.32061672,0.8930701,-0.455756456,-0.408145249,-0.790930569,0.0115229981
7934f1476fe2c6e458c230f491769c34,7400034,Mankey,0.5833333,source,RightThumbDistal,0.06390801,1.3312273,0.9149735,0.589587867,-0.0902540758,0.5563019,-0.5785923
7934f1476fe2c6e458c230f491769c34,7400034,Mankey,0.5833333,source,RightIndexProximal,0.1018772,1.33766162,0.927818537,-0.0465822034,0.3593136,-0.928207,0.08459252
7934f1476fe2c6e458c230f491769c34,7400034,Mankey,0.5833333,source,RightIndexIntermediate,0.07161816,1.33178949,0.9286117,-0.21865508,-0.278269947,0.5894911,-0.726124346
7934f1476fe2c6e458c230f491769c34,7400034,Mankey,0.5833333,source,RightIndexDistal,0.0749629,1.31544387,0.913879454,0.352016747,0.0200031921,0.129208,0.9268172
7934f1476fe2c6e458c230f491769c34,7400034,Mankey,0.5833333,source,RightMiddleProximal,0.103295855,1.32230842,0.942726552,0.0282654762,0.378089547,-0.9173416,0.121382833
7934f1476fe2c6e458c230f491769c34,7400034,Mankey,0.5833333,source,RightMiddleIntermediate,0.07147275,1.31569958,0.938010931,-0.2904179,-0.218322754,0.5312004,-0.7653881
7934f1476fe2c6e458c230f491769c34,7400034,Mankey,0.5833333,source,RightMiddleDistal,0.0789241046,1.3006804,0.923947334,0.357409656,-0.09669948,0.232288867,0.8994164
7934f1476fe2c6e458c230f491769c34,7400034,Mankey,0.5833333,source,RightRingProximal,0.104408868,1.30883932,0.954145968,0.09388408,0.431579947,-0.8788551,0.1803849
7934f1476fe2c6e458c230f491769c34,7400034,Mankey,0.5833333,source,RightRingIntermediate,0.0756791,1.30144632,0.944099963,-0.382148683,-0.192300379,0.449900419,-0.783947
7934f1476fe2c6e458c230f491769c34,7400034,Mankey,0.5833333,source,RightRingDistal,0.08567857,1.29073024,0.931714654,0.400647879,-0.191619843,0.312249124,0.8397999
7934f1476fe2c6e458c230f491769c34,7400034,Mankey,0.5833333,source,RightLittleProximal,0.10285981,1.292123,0.9613886,0.166986048,0.424740285,-0.887327552,0.0660436451
7934f1476fe2c6e458c230f491769c34,7400034,Mankey,0.5833333,source,RightLittleIntermediate,0.0771855861,1.292802,0.951717854,-0.408365279,-0.169244036,0.611018956,-0.6566967
7934f1476fe2c6e458c230f491769c34,7400034,Mankey,0.5833333,source,RightLittleDistal,0.0809152946,1.28017747,0.9380127,0.4032793,-0.222195029,0.09130791,0.8829826
7934f1476fe2c6e458c230f491769c34,7400034,Mankey,0.5833333,fighter,AnimatorRoot,0,0,0,0,0,0,1
7934f1476fe2c6e458c230f491769c34,7400034,Mankey,0.5833333,fighter,Hips,-0.07378743,0.7920171,0.6676016,0.250620157,-0.349532783,-0.5751338,0.69587183
7934f1476fe2c6e458c230f491769c34,7400034,Mankey,0.5833333,fighter,LeftUpperLeg,-0.167733863,0.7984752,0.744000435,0.5156572,0.702530444,0.2551924,0.418838352
7934f1476fe2c6e458c230f491769c34,7400034,Mankey,0.5833333,fighter,RightUpperLeg,0.0201589838,0.785559,0.5912027,0.5713854,0.767436743,0.277982,0.0853568
7934f1476fe2c6e458c230f491769c34,7400034,Mankey,0.5833333,fighter,LeftLowerLeg,-0.124792077,0.455107957,0.8630454,0.631181657,0.599431038,0.358326,0.337483376
7934f1476fe2c6e458c230f491769c34,7400034,Mankey,0.5833333,fighter,RightLowerLeg,0.141822711,0.447256058,0.522896051,0.7962013,0.547863364,0.2562534,-0.0156045556
7934f1476fe2c6e458c230f491769c34,7400034,Mankey,0.5833333,fighter,LeftFoot,-0.133508414,0.100867249,0.846109033,0.0351821259,0.84792906,0.004065439,0.528925538
7934f1476fe2c6e458c230f491769c34,7400034,Mankey,0.5833333,fighter,RightFoot,0.0466215536,0.140600681,0.3720708,0.158208117,0.9758756,0.0253819227,0.148300335
7934f1476fe2c6e458c230f491769c34,7400034,Mankey,0.5833333,fighter,Spine,-0.08026418,0.8357946,0.655936658,0.257018924,-0.339160651,-0.572261035,0.7010198
7934f1476fe2c6e458c230f491769c34,7400034,Mankey,0.5833333,fighter,Chest,-0.09947247,1.072065,0.6224496,0.468488276,-0.3505177,-0.6301838,0.5104163
7934f1476fe2c6e458c230f491769c34,7400034,Mankey,0.5833333,fighter,Neck,-0.09556053,1.35187232,0.666574836,0.532007456,-0.367239,-0.5973061,0.474688679
7934f1476fe2c6e458c230f491769c34,7400034,Mankey,0.5833333,fighter,Head,-0.0980483741,1.49437535,0.709258556,0.633116245,-0.3368605,-0.590494,0.370143652
7934f1476fe2c6e458c230f491769c34,7400034,Mankey,0.5833333,fighter,LeftShoulder,-0.09167839,1.301548,0.7677826,0.7120251,-0.0283189714,-0.234112039,0.66136986
7934f1476fe2c6e458c230f491769c34,7400034,Mankey,0.5833333,fighter,RightShoulder,-0.03465618,1.30374074,0.7488224,-0.162892863,-0.619923234,-0.6879991,0.3403217
7934f1476fe2c6e458c230f491769c34,7400034,Mankey,0.5833333,fighter,LeftUpperArm,-0.280320317,1.37583423,0.830592752,0.6821606,0.4499718,0.0626018941,0.5729431
7934f1476fe2c6e458c230f491769c34,7400034,Mankey,0.5833333,fighter,RightUpperArm,0.117163852,1.36026692,0.6116918,0.141414613,0.7611986,0.508641839,0.376646578
7934f1476fe2c6e458c230f491769c34,7400034,Mankey,0.5833333,fighter,LeftLowerArm,-0.445824474,1.182588,0.9518459,-0.0421052538,0.88768065,-0.43415755,0.147505984
7934f1476fe2c6e458c230f491769c34,7400034,Mankey,0.5833333,fighter,RightLowerArm,0.3077715,1.19159615,0.732758045,-0.451585472,0.358197,0.00730875134,0.8171367
7934f1476fe2c6e458c230f491769c34,7400034,Mankey,0.5833333,fighter,LeftHand,-0.2013665,1.23462152,1.00964594,0.40743196,-0.8447978,-0.3393893,-0.07163526
7934f1476fe2c6e458c230f491769c34,7400034,Mankey,0.5833333,fighter,RightHand,0.117097013,1.27152276,0.8846223,0.3626893,0.4476362,-0.499017954,0.6473484
7934f1476fe2c6e458c230f491769c34,7400034,Mankey,0.5833333,fighter,LeftToes,-0.006492885,0.1079751,1.09648657,0.124482378,0.8090601,0.0689616054,0.57023716
7934f1476fe2c6e458c230f491769c34,7400034,Mankey,0.5833333,fighter,RightToes,0.306556284,0.0759969,0.456524551,0.241569385,0.965388954,0.035951972,0.09151995
7934f1476fe2c6e458c230f491769c34,7400034,Mankey,0.5833333,fighter,LeftEye,-0.236372873,1.50330412,0.9215733,0.427971423,-0.267277658,-0.5168309,-0.691584647
7934f1476fe2c6e458c230f491769c34,7400034,Mankey,0.5833333,fighter,RightEye,0.0255316552,1.521915,0.9290957,0.301772445,-0.40109396,-0.734410048,-0.456836522
7934f1476fe2c6e458c230f491769c34,7400034,Mankey,0.5833333,fighter,Jaw,-0.08904982,1.32138681,0.8240558,0.685353041,0.2111927,-0.678883135,-0.157503217
7934f1476fe2c6e458c230f491769c34,7400034,Mankey,0.5833333,fighter,LeftThumbProximal,-0.164744318,1.294747,0.9887561,0.1769718,-0.934779644,-0.222436488,0.213051856
7934f1476fe2c6e458c230f491769c34,7400034,Mankey,0.5833333,fighter,LeftThumbIntermediate,-0.126723588,1.3138628,0.974403441,0.173151955,-0.9448095,-0.2638412,-0.08799194
7934f1476fe2c6e458c230f491769c34,7400034,Mankey,0.5833333,fighter,LeftThumbDistal,-0.09088481,1.32474589,0.9843903,-0.0297548324,-0.540113,-0.299722731,-0.7858499
7934f1476fe2c6e458c230f491769c34,7400034,Mankey,0.5833333,fighter,LeftMiddleProximal,-0.127834782,1.34651351,1.0199908,-0.316445649,-0.9068599,-0.09244929,0.262528747
7934f1476fe2c6e458c230f491769c34,7400034,Mankey,0.5833333,fighter,LeftMiddleIntermediate,-0.08769207,1.314648,0.98756367,-0.905081868,-0.3544447,0.07752353,0.2217815
7934f1476fe2c6e458c230f491769c34,7400034,Mankey,0.5833333,fighter,LeftMiddleDistal,-0.126988843,1.27859056,0.986662745,-0.8830698,0.427495062,0.18777287,0.04667085
7934f1476fe2c6e458c230f491769c34,7400034,Mankey,0.5833333,fighter,LeftRingProximal,-0.105324291,1.32041061,1.063079,-0.40492174,-0.835415,-0.16890417,0.33104822
7934f1476fe2c6e458c230f491769c34,7400034,Mankey,0.5833333,fighter,LeftRingIntermediate,-0.08116683,1.29028833,1.02627909,-0.895966053,-0.288245231,0.104490414,0.321312964
7934f1476fe2c6e458c230f491769c34,7400034,Mankey,0.5833333,fighter,LeftRingDistal,-0.125583753,1.25836146,1.02638865,-0.8532354,0.398377568,0.309607834,0.132017583
7934f1476fe2c6e458c230f491769c34,7400034,Mankey,0.5833333,fighter,LeftLittleProximal,-0.1015237,1.27384484,1.10100722,-0.372941732,-0.833526134,-0.192400172,0.359349
7934f1476fe2c6e458c230f491769c34,7400034,Mankey,0.5833333,fighter,LeftLittleIntermediate,-0.0767971352,1.24805856,1.06139874,-0.865043,-0.3589243,0.06058182,0.3452602
7934f1476fe2c6e458c230f491769c34,7400034,Mankey,0.5833333,fighter,LeftLittleDistal,-0.117461294,1.211389,1.05348539,-0.8948944,0.26058346,0.3069403,0.192480624
7934f1476fe2c6e458c230f491769c34,7400034,Mankey,0.5833333,fighter,RightThumbProximal,0.0900257751,1.3303498,0.9192504,-0.36164093,-0.191266447,0.291918755,-0.864533
7934f1476fe2c6e458c230f491769c34,7400034,Mankey,0.5833333,fighter,RightThumbIntermediate,0.05605532,1.34680545,0.943585336,0.413266838,0.435115665,-0.215630591,0.770317435
7934f1476fe2c6e458c230f491769c34,7400034,Mankey,0.5833333,fighter,RightThumbDistal,0.03557463,1.34574234,0.9764791,-0.420121431,-0.8753072,-0.09956542,-0.217768192
7934f1476fe2c6e458c230f491769c34,7400034,Mankey,0.5833333,fighter,RightMiddleProximal,0.09345557,1.358518,0.984154046,-0.406987,-0.0119142979,-0.186517775,-0.894109249
7934f1476fe2c6e458c230f491769c34,7400034,Mankey,0.5833333,fighter,RightMiddleIntermediate,0.03704348,1.3377012,0.9762384,0.3976732,-0.318079919,0.7609073,0.402122
7934f1476fe2c6e458c230f491769c34,7400034,Mankey,0.5833333,fighter,RightMiddleDistal,0.0562623069,1.31855345,0.930312634,-0.06797092,0.469452322,-0.825555861,0.305700421
7934f1476fe2c6e458c230f491769c34,7400034,Mankey,0.5833333,fighter,RightRingProximal,0.09773141,1.31372225,1.01608789,-0.507111549,0.0545164645,-0.2184981,-0.831940651
7934f1476fe2c6e458c230f491769c34,7400034,Mankey,0.5833333,fighter,RightRingIntermediate,0.04980127,1.29727936,0.999429047,0.363494784,-0.420105636,0.7618941,0.333017856
7934f1476fe2c6e458c230f491769c34,7400034,Mankey,0.5833333,fighter,RightRingDistal,0.077914454,1.2862277,0.953825057,0.0804910958,0.524234,-0.7746834,0.34433496
7934f1476fe2c6e458c230f491769c34,7400034,Mankey,0.5833333,fighter,RightLittleProximal,0.108225293,1.25503516,1.02427745,-0.477820873,0.0966063142,-0.08818126,-0.868665338
7934f1476fe2c6e458c230f491769c34,7400034,Mankey,0.5833333,fighter,RightLittleIntermediate,0.05671006,1.2517879,1.01083,0.382229865,-0.412650049,0.6573888,0.501458943
7934f1476fe2c6e458c230f491769c34,7400034,Mankey,0.5833333,fighter,RightLittleDistal,0.0680452138,1.232764,0.9601297,0.0845293254,0.5189685,-0.839418769,0.137491316
7934f1476fe2c6e458c230f491769c34,7400034,Mankey,0.5833333,fighter,UpperChest,-0.09469617,1.18813109,0.6502374,0.446232975,-0.3784443,-0.5978729,0.54790926
7934f1476fe2c6e458c230f491769c34,7400034,Mankey,0.6,source,AnimatorRoot,4.7194856E-08,5.0660165E-10,0.6300931,0,0,5.721023E-16,1
7934f1476fe2c6e458c230f491769c34,7400034,Mankey,0.6,source,Hips,-0.07697855,0.792598248,0.668315351,-0.07550261,0.351386368,0.01728714,0.933020949
7934f1476fe2c6e458c230f491769c34,7400034,Mankey,0.6,source,LeftUpperLeg,-0.152420565,0.794683933,0.734318256,-0.406217039,-0.235503554,0.714978158,0.518007636
7934f1476fe2c6e458c230f491769c34,7400034,Mankey,0.6,source,RightUpperLeg,-0.00153638516,0.790512741,0.602312267,0.29758662,-0.0989454,-0.582569063,0.749843538
7934f1476fe2c6e458c230f491769c34,7400034,Mankey,0.6,source,LeftLowerLeg,-0.102729335,0.44726342,0.8598914,-0.3603627,-0.349245071,0.5726973,0.6482164
7934f1476fe2c6e458c230f491769c34,7400034,Mankey,0.6,source,RightLowerLeg,0.110900775,0.442905426,0.528381169,0.25512448,0.0254736654,-0.7759677,0.576313
7934f1476fe2c6e458c230f491769c34,7400034,Mankey,0.6,source,LeftFoot,-0.137556583,0.101337031,0.8459678,0.5718279,0.129083127,-0.7851453,-0.199743763
7934f1476fe2c6e458c230f491769c34,7400034,Mankey,0.6,source,RightFoot,0.0393789038,0.136217833,0.380397081,0.173005655,-0.09730783,-0.33481586,0.9211399
7934f1476fe2c6e458c230f491769c34,7400034,Mankey,0.6,source,Spine,-0.08534034,0.88942796,0.6556979,-0.0467381179,0.353982717,0.0174359214,0.9339207
7934f1476fe2c6e458c230f491769c34,7400034,Mankey,0.6,source,Chest,-0.09491799,1.06805527,0.6447374,0.09791903,0.196984589,0.018679481,0.9753257
7934f1476fe2c6e458c230f491769c34,7400034,Mankey,0.6,source,Neck,-0.09403817,1.266681,0.686017,0.372414976,0.164287657,0.0134058865,0.913311064
7934f1476fe2c6e458c230f491769c34,7400034,Mankey,0.6,source,Head,-0.08553467,1.32942891,0.745499432,0.255149,0.00112988835,0.02947546,0.966451943
7934f1476fe2c6e458c230f491769c34,7400034,Mankey,0.6,source,LeftShoulder,-0.121032983,1.22157145,0.689651847,0.07880034,0.329302639,-0.00640896847,0.940908849
7934f1476fe2c6e458c230f491769c34,7400034,Mankey,0.6,source,RightShoulder,-0.06637965,1.2260232,0.6670853,0.9662902,-0.027324127,-0.23993282,-0.08927078
7934f1476fe2c6e458c230f491769c34,7400034,Mankey,0.6,source,LeftUpperArm,-0.232226029,1.21591449,0.7777922,0.0204398017,0.394691169,0.447076,0.8024489
7934f1476fe2c6e458c230f491769c34,7400034,Mankey,0.6,source,RightUpperArm,0.0590609349,1.22460127,0.600545645,0.859554768,-0.400189459,0.23651059,0.212312922
7934f1476fe2c6e458c230f491769c34,7400034,Mankey,0.6,source,LeftLowerArm,-0.29763335,1.0496918,0.917170167,-0.518781543,0.799155,0.296099216,0.06739893
7934f1476fe2c6e458c230f491769c34,7400034,Mankey,0.6,source,RightLowerArm,0.187715322,1.0914855,0.7311664,0.254587382,-0.172979325,0.779470265,0.5456095
7934f1476fe2c6e458c230f491769c34,7400034,Mankey,0.6,source,LeftHand,-0.190638378,1.23625433,1.01525354,-0.386530727,0.8657144,0.291118324,-0.127996162
7934f1476fe2c6e458c230f491769c34,7400034,Mankey,0.6,source,RightHand,0.122710764,1.27172077,0.8696003,0.258499473,-0.316584557,0.7437069,0.5290109
7934f1476fe2c6e458c230f491769c34,7400034,Mankey,0.6,source,LeftToes,-0.09769231,0.0322665758,0.9726995,0.586294949,0.00034580272,-0.8095979,-0.0284537226
7934f1476fe2c6e458c230f491769c34,7400034,Mankey,0.6,source,RightToes,0.152708262,0.038815286,0.389892876,0.319961071,-0.08075882,-0.08958038,0.9397226
7934f1476fe2c6e458c230f491769c34,7400034,Mankey,0.6,source,LeftThumbProximal,-0.192233548,1.25106084,1.00062478,-0.3902337,0.672789752,-0.628378868,-0.0145613272
7934f1476fe2c6e458c230f491769c34,7400034,Mankey,0.6,source,LeftThumbIntermediate,-0.161228761,1.273669,0.977872252,-0.159131,0.789140463,-0.575535834,0.143853441
7934f1476fe2c6e458c230f491769c34,7400034,Mankey,0.6,source,LeftThumbDistal,-0.133998469,1.28616726,0.9791879,0.521129131,0.647052467,-0.224096239,0.5094399
7934f1476fe2c6e458c230f491769c34,7400034,Mankey,0.6,source,LeftIndexProximal,-0.157151416,1.30825877,1.00236654,0.285394937,0.905539632,0.0396253429,-0.311413556
7934f1476fe2c6e458c230f491769c34,7400034,Mankey,0.6,source,LeftIndexIntermediate,-0.137320578,1.29308248,0.9842786,0.86937,0.3807253,-0.21648702,-0.228862688
7934f1476fe2c6e458c230f491769c34,7400034,Mankey,0.6,source,LeftIndexDistal,-0.151037931,1.2761445,0.9887775,0.847911358,-0.4196911,-0.323439777,0.01711352
7934f1476fe2c6e458c230f491769c34,7400034,Mankey,0.6,source,LeftMiddleProximal,-0.1467411,1.301057,1.01967955,0.292201221,0.893650949,0.07320199,-0.332638055
7934f1476fe2c6e458c230f491769c34,7400034,Mankey,0.6,source,LeftMiddleIntermediate,-0.1267741,1.28550386,0.9987479,0.8592503,0.3774608,-0.216861486,-0.268671125
7934f1476fe2c6e458c230f491769c34,7400034,Mankey,0.6,source,LeftMiddleDistal,-0.140361279,1.2687614,1.00246429,0.8326798,-0.41936788,-0.361468256,-0.0107813142
7934f1476fe2c6e458c230f491769c34,7400034,Mankey,0.6,source,LeftRingProximal,-0.13861753,1.294039,1.03374362,0.3838337,0.8243584,0.101249136,-0.403551579
7934f1476fe2c6e458c230f491769c34,7400034,Mankey,0.6,source,LeftRingIntermediate,-0.126727536,1.27677822,1.01047111,0.8525901,0.300064147,-0.2415237,-0.353155077
7934f1476fe2c6e458c230f491769c34,7400034,Mankey,0.6,source,LeftRingDistal,-0.140224278,1.26368439,1.01430774,0.7981347,-0.406055331,-0.4367798,-0.0855807662
7934f1476fe2c6e458c230f491769c34,7400034,Mankey,0.6,source,LeftLittleProximal,-0.130988628,1.28182566,1.04500937,0.3627069,0.815437853,0.13761133,-0.429614455
7934f1476fe2c6e458c230f491769c34,7400034,Mankey,0.6,source,LeftLittleIntermediate,-0.120895483,1.2688359,1.02304,0.8077809,0.3619928,-0.213531092,-0.413347423
7934f1476fe2c6e458c230f491769c34,7400034,Mankey,0.6,source,LeftLittleDistal,-0.13318193,1.25437236,1.0239085,0.8338548,-0.2595365,-0.448678344,-0.189777374
7934f1476fe2c6e458c230f491769c34,7400034,Mankey,0.6,source,RightThumbProximal,0.11877007,1.29157054,0.864478648,0.334533036,0.567000031,0.724073768,0.205708742
7934f1476fe2c6e458c230f491769c34,7400034,Mankey,0.6,source,RightThumbIntermediate,0.087919876,1.321783,0.8756843,-0.455167055,-0.4192377,-0.7854978,-0.007497076
7934f1476fe2c6e458c230f491769c34,7400034,Mankey,0.6,source,RightThumbDistal,0.07035997,1.33358169,0.8969407,0.59666115,-0.08160558,0.5670036,-0.5619998
7934f1476fe2c6e458c230f491769c34,7400034,Mankey,0.6,source,RightIndexProximal,0.108299345,1.33978963,0.9099839,-0.0392939858,0.3409334,-0.9361227,0.0767787248
7934f1476fe2c6e458c230f491769c34,7400034,Mankey,0.6,source,RightIndexIntermediate,0.07792393,1.33453333,0.910639048,-0.210490525,-0.2602254,0.6005546,-0.726161838
7934f1476fe2c6e458c230f491769c34,7400034,Mankey,0.6,source,RightIndexDistal,0.08111514,1.31755877,0.8966003,0.3331458,0.01367735,0.121875696,0.9348657
7934f1476fe2c6e458c230f491769c34,7400034,Mankey,0.6,source,RightMiddleProximal,0.109247081,1.32501149,0.9254981,0.03492941,0.358976752,-0.925545335,0.115246207
7934f1476fe2c6e458c230f491769c34,7400034,Mankey,0.6,source,RightMiddleIntermediate,0.07735633,1.318832,0.920659,-0.2805399,-0.200513288,0.5410592,-0.767037868
7934f1476fe2c6e458c230f491769c34,7400034,Mankey,0.6,source,RightMiddleDistal,0.08467145,1.30313051,0.907286167,0.337339461,-0.100860544,0.2275206,0.90789
7934f1476fe2c6e458c230f491769c34,7400034,Mankey,0.6,source,RightRingProximal,0.109965958,1.31198418,0.9374491,0.09966328,0.412227124,-0.8883051,0.176209986
7934f1476fe2c6e458c230f491769c34,7400034,Mankey,0.6,source,RightRingIntermediate,0.081213,1.30475187,0.9273524,-0.371152282,-0.175097778,0.458908975,-0.7880291
7934f1476fe2c6e458c230f491769c34,7400034,Mankey,0.6,source,RightRingDistal,0.09114084,1.29336667,0.9155188,0.380348563,-0.194253221,0.3101574,0.8493547
7934f1476fe2c6e458c230f491769c34,7400034,Mankey,0.6,source,RightLittleProximal,0.108007334,1.295599,0.9453218,0.174977049,0.4051873,-0.895103753,0.06321247
7934f1476fe2c6e458c230f491769c34,7400034,Mankey,0.6,source,RightLittleIntermediate,0.08246305,1.29638743,0.935321,-0.400587142,-0.149375573,0.61814636,-0.6596306
7934f1476fe2c6e458c230f491769c34,7400034,Mankey,0.6,source,RightLittleDistal,0.08610036,1.28316367,0.9221672,0.383133858,-0.229441866,0.08947107,0.8902582
7934f1476fe2c6e458c230f491769c34,7400034,Mankey,0.6,fighter,AnimatorRoot,0,0,0,0,0,0,1
7934f1476fe2c6e458c230f491769c34,7400034,Mankey,0.6,fighter,Hips,-0.07697854,0.7925981,0.6683153,0.239424363,-0.336900383,-0.5794569,0.7024271
7934f1476fe2c6e458c230f491769c34,7400034,Mankey,0.6,fighter,LeftUpperLeg,-0.168018058,0.7991563,0.7481477,0.5248108,0.7100045,0.241480038,0.4026844
7934f1476fe2c6e458c230f491769c34,7400034,Mankey,0.6,fighter,RightUpperLeg,0.0140609462,0.78604,0.5884828,0.5732747,0.772901356,0.261559725,0.0746068656
7934f1476fe2c6e458c230f491769c34,7400034,Mankey,0.6,fighter,LeftLowerLeg,-0.122334011,0.455270082,0.8646469,0.6434375,0.5989892,0.3460588,0.3277858
7934f1476fe2c6e458c230f491769c34,7400034,Mankey,0.6,fighter,RightLowerLeg,0.135400429,0.44746694,0.520942569,0.796764,0.5571403,0.232934743,-0.0224283338
7934f1476fe2c6e458c230f491769c34,7400034,Mankey,0.6,fighter,LeftFoot,-0.137556612,0.101336934,0.84596777,0.0355609581,0.852107763,0.00320966542,0.5221472
7934f1476fe2c6e458c230f491769c34,7400034,Mankey,0.6,fighter,RightFoot,0.0393790044,0.136217982,0.3803971,0.14354068,0.9815515,0.0143536031,0.125485644
7934f1476fe2c6e458c230f491769c34,7400034,Mankey,0.6,fighter,Spine,-0.0838871,0.8363603,0.6568419,0.245630339,-0.32784763,-0.5798986,0.7042013
7934f1476fe2c6e458c230f491769c34,7400034,Mankey,0.6,fighter,Chest,-0.102131255,1.07281613,0.624134362,0.4426713,-0.336875528,-0.6475504,0.5208029
7934f1476fe2c6e458c230f491769c34,7400034,Mankey,0.6,fighter,Neck,-0.09242242,1.35284424,0.665900767,0.515125453,-0.360712051,-0.61027205,0.4817685
7934f1476fe2c6e458c230f491769c34,7400034,Mankey,0.6,fighter,Head,-0.09166509,1.49561894,0.707733452,0.625210464,-0.339912057,-0.5968866,0.3705381
7934f1476fe2c6e458c230f491769c34,7400034,Mankey,0.6,fighter,LeftShoulder,-0.0819534138,1.30312836,0.766941965,0.702258646,-0.0132361948,-0.252697647,0.665433645
7934f1476fe2c6e458c230f491769c34,7400034,Mankey,0.6,fighter,RightShoulder,-0.0263798945,1.30461967,0.744025,-0.189063072,-0.610103369,-0.682782769,0.354735017
7934f1476fe2c6e458c230f491769c34,7400034,Mankey,0.6,fighter,LeftUpperArm,-0.267020643,1.3784548,0.838533759,0.689794838,0.44387117,0.05824673,0.569007158
7934f1476fe2c6e458c230f491769c34,7400034,Mankey,0.6,fighter,RightUpperArm,0.11727754,1.358471,0.597355664,0.159429908,0.7678904,0.496978045,0.371402442
7934f1476fe2c6e458c230f491769c34,7400034,Mankey,0.6,fighter,LeftLowerArm,-0.435895264,1.18718,0.9582559,-0.0368518159,0.8863315,-0.4386836,0.143581465
7934f1476fe2c6e458c230f491769c34,7400034,Mankey,0.6,fighter,RightLowerArm,0.3070414,1.18541443,0.7134558,-0.448360682,0.375130147,-3.16351652E-05,0.8113262
7934f1476fe2c6e458c230f491769c34,7400034,Mankey,0.6,fighter,LeftHand,-0.190638453,1.23625445,1.0152539,0.400433958,-0.851065159,-0.333106458,-0.06619157
7934f1476fe2c6e458c230f491769c34,7400034,Mankey,0.6,fighter,RightHand,0.122710533,1.27172065,0.8696001,0.357143939,0.43039465,-0.5118232,0.652108967
7934f1476fe2c6e458c230f491769c34,7400034,Mankey,0.6,fighter,LeftToes,-0.006548194,0.108441815,1.09427941,0.1255142,0.813509345,0.06747131,0.563823044
7934f1476fe2c6e458c230f491769c34,7400034,Mankey,0.6,fighter,RightToes,0.304866284,0.08054448,0.4531234,0.22642377,0.9712869,0.0219168961,0.06966764
7934f1476fe2c6e458c230f491769c34,7400034,Mankey,0.6,fighter,LeftEye,-0.226555184,1.50759161,0.9220981,0.4241129,-0.2769401,-0.514697,-0.6917511
7934f1476fe2c6e458c230f491769c34,7400034,Mankey,0.6,fighter,RightEye,0.0356603973,1.52270639,0.925479352,0.2946782,-0.408702374,-0.7324913,-0.457803756
7934f1476fe2c6e458c230f491769c34,7400034,Mankey,0.6,fighter,Jaw,-0.0832120851,1.32316422,0.8233717,0.6819399,0.203436181,-0.683671832,-0.16175656
7934f1476fe2c6e458c230f491769c34,7400034,Mankey,0.6,fighter,LeftThumbProximal,-0.153382972,1.29546213,0.99291265,0.167118251,-0.9377645,-0.217361391,0.213128671
7934f1476fe2c6e458c230f491769c34,7400034,Mankey,0.6,fighter,LeftThumbIntermediate,-0.115060657,1.31369972,0.9782232,0.162519336,-0.9487252,-0.256396353,-0.0881437659
7934f1476fe2c6e458c230f491769c34,7400034,Mankey,0.6,fighter,LeftThumbDistal,-0.07894734,1.32390118,0.987936735,-0.030850783,-0.5432027,-0.286832631,-0.788483858
7934f1476fe2c6e458c230f491769c34,7400034,Mankey,0.6,fighter,LeftMiddleProximal,-0.115444049,1.3472594,1.02283537,-0.325052053,-0.9036715,-0.0852289051,0.265434772
7934f1476fe2c6e458c230f491769c34,7400034,Mankey,0.6,fighter,LeftMiddleIntermediate,-0.07615708,1.314373,0.990379453,-0.9093241,-0.344266444,0.07866569,0.220051587
7934f1476fe2c6e458c230f491769c34,7400034,Mankey,0.6,fighter,LeftMiddleDistal,-0.116193525,1.27912986,0.989928663,-0.8783301,0.4373935,0.187771231,0.04433539
7934f1476fe2c6e458c230f491769c34,7400034,Mankey,0.6,fighter,LeftRingProximal,-0.09287884,1.32162881,1.066178,-0.412931681,-0.831801534,-0.163281366,0.333067268
7934f1476fe2c6e458c230f491769c34,7400034,Mankey,0.6,fighter,LeftRingIntermediate,-0.0695633441,1.29078853,1.02942979,-0.8996592,-0.2777527,0.104580283,0.320203841
7934f1476fe2c6e458c230f491769c34,7400034,Mankey,0.6,fighter,LeftRingDistal,-0.114627905,1.25978732,1.02999294,-0.848656058,0.408543885,0.3092534,0.131292582
7934f1476fe2c6e458c230f491769c34,7400034,Mankey,0.6,fighter,LeftLittleProximal,-0.089359194,1.27571309,1.10491681,-0.38090992,-0.8303868,-0.187167391,0.361019075
7934f1476fe2c6e458c230f491769c34,7400034,Mankey,0.6,fighter,LeftLittleIntermediate,-0.06540167,1.24917841,1.06532991,-0.8693994,-0.348748744,0.06081751,0.34470427
7934f1476fe2c6e458c230f491769c34,7400034,Mankey,0.6,fighter,LeftLittleDistal,-0.106859535,1.21330941,1.05787873,-0.8916862,0.271191537,0.307160139,0.192363515
7934f1476fe2c6e458c230f491769c34,7400034,Mankey,0.6,fighter,RightThumbProximal,0.09640498,1.3323741,0.9015655,-0.3454966,-0.174822271,0.306537539,-0.869542956
7934f1476fe2c6e458c230f491769c34,7400034,Mankey,0.6,fighter,RightThumbIntermediate,0.06267959,1.35089052,0.924732566,0.4022351,0.420184463,-0.234571025,0.7788641
7934f1476fe2c6e458c230f491769c34,7400034,Mankey,0.6,fighter,RightThumbDistal,0.0418699048,1.3519516,0.957419157,-0.426700771,-0.870283246,-0.07799718,-0.233347416
7934f1476fe2c6e458c230f491769c34,7400034,Mankey,0.6,fighter,RightMiddleProximal,0.0996475443,1.36300731,0.9653526,-0.3886659,-0.00695581734,-0.1758258,-0.9044205
7934f1476fe2c6e458c230f491769c34,7400034,Mankey,0.6,fighter,RightMiddleIntermediate,0.04275406,1.34339035,0.9578264,0.379618,-0.3077478,0.764463067,0.4204507
7934f1476fe2c6e458c230f491769c34,7400034,Mankey,0.6,fighter,RightMiddleDistal,0.06186154,1.32156432,0.913063765,-0.06423193,0.449215919,-0.8409625,0.294724464
7934f1476fe2c6e458c230f491769c34,7400034,Mankey,0.6,fighter,RightRingProximal,0.102681071,1.31943119,0.999066651,-0.4892022,0.059538573,-0.2110317,-0.8441579
7934f1476fe2c6e458c230f491769c34,7400034,Mankey,0.6,fighter,RightRingIntermediate,0.0544697978,1.30353391,0.982691348,0.345620453,-0.409073949,0.768512,0.35013473
7934f1476fe2c6e458c230f491769c34,7400034,Mankey,0.6,fighter,RightRingDistal,0.08269036,1.28956318,0.937962949,0.08392879,0.503003359,-0.791148961,0.3376795
7934f1476fe2c6e458c230f491769c34,7400034,Mankey,0.6,fighter,RightLittleProximal,0.111928947,1.26092255,1.009676,-0.459526718,0.105042025,-0.0813384056,-0.8781721
7934f1476fe2c6e458c230f491769c34,7400034,Mankey,0.6,fighter,RightLittleIntermediate,0.06047149,1.25845182,0.9958479,0.361353278,-0.4045349,0.6620048,0.5172287
7934f1476fe2c6e458c230f491769c34,7400034,Mankey,0.6,fighter,RightLittleDistal,0.07174676,1.2367388,0.9462259,0.092396,0.497021616,-0.8528629,0.130606964
7934f1476fe2c6e458c230f491769c34,7400034,Mankey,0.6,fighter,UpperChest,-0.0942942947,1.189002,0.6506996,0.4212963,-0.36325258,-0.614573538,0.559335768
7934f1476fe2c6e458c230f491769c34,7400034,Mankey,0.6166667,source,AnimatorRoot,4.766882E-08,5.116893E-10,0.6364209,0,0,5.87157627E-16,1
7934f1476fe2c6e458c230f491769c34,7400034,Mankey,0.6166667,source,Hips,-0.079136394,0.792891443,0.6686302,-0.0750471056,0.3635188,0.016714938,0.928408742
7934f1476fe2c6e458c230f491769c34,7400034,Mankey,0.6166667,source,LeftUpperLeg,-0.152843073,0.7952501,0.7365566,-0.395625263,-0.225834534,0.7203192,0.5230869
7934f1476fe2c6e458c230f491769c34,7400034,Mankey,0.6166667,source,RightUpperLeg,-0.00542956265,0.790532947,0.6007036,0.28939566,-0.09375159,-0.5857952,0.751202345
7934f1476fe2c6e458c230f491769c34,7400034,Mankey,0.6166667,source,LeftLowerLeg,-0.100762442,0.4477509,0.8609382,-0.3536105,-0.339254051,0.5730726,0.656852
7934f1476fe2c6e458c230f491769c34,7400034,Mankey,0.6166667,source,RightLowerLeg,0.104943737,0.4422535,0.5268255,0.245563328,0.026883509,-0.774036944,0.582960546
7934f1476fe2c6e458c230f491769c34,7400034,Mankey,0.6166667,source,LeftFoot,-0.140077531,0.102311112,0.846884131,0.564799249,0.128293067,-0.7898008,-0.2018864
7934f1476fe2c6e458c230f491769c34,7400034,Mankey,0.6166667,source,RightFoot,0.0354532152,0.132831022,0.3836447,0.167676613,-0.08859882,-0.3252505,0.926416457
7934f1476fe2c6e458c230f491769c34,7400034,Mankey,0.6166667,source,Spine,-0.08752553,0.8897383,0.6561642,-0.0444757231,0.365451843,0.0121866893,0.92968744
7934f1476fe2c6e458c230f491769c34,7400034,Mankey,0.6166667,source,Chest,-0.095161,1.06846881,0.6453593,0.09555644,0.2253532,0.0100469878,0.969527841
7934f1476fe2c6e458c230f491769c34,7400034,Mankey,0.6166667,source,Neck,-0.08987184,1.26738381,0.6848783,0.3688147,0.187332079,-0.00209026621,0.9104276
7934f1476fe2c6e458c230f491769c34,7400034,Mankey,0.6166667,source,Head,-0.0775362253,1.330626,0.74315387,0.2530431,0.006460391,0.02233436,0.9671757
7934f1476fe2c6e458c230f491769c34,7400034,Mankey,0.6166667,source,LeftShoulder,-0.117049016,1.22258544,0.6904748,0.07827005,0.3479067,-0.0112817036,0.9341884
7934f1476fe2c6e458c230f491769c34,7400034,Mankey,0.6166667,source,RightShoulder,-0.06378707,1.22629833,0.6646788,0.9596408,-0.03640234,-0.2654008,-0.08559897
7934f1476fe2c6e458c230f491769c34,7400034,Mankey,0.6166667,source,LeftUpperArm,-0.224639431,1.2178452,0.78303,0.0311144646,0.398245931,0.442565233,0.8028502
7934f1476fe2c6e458c230f491769c34,7400034,Mankey,0.6166667,source,RightUpperArm,0.0578339472,1.22282267,0.591459036,0.8583669,-0.404977143,0.220597029,0.224804834
7934f1476fe2c6e458c230f491769c34,7400034,Mankey,0.6166667,source,LeftLowerArm,-0.290587932,1.051223,0.9216739,-0.5122715,0.8025805,0.298100322,0.06766931
7934f1476fe2c6e458c230f491769c34,7400034,Mankey,0.6166667,source,RightLowerArm,0.188037872,1.08777773,0.7185157,0.255309969,-0.169525832,0.7740381,0.5540244
7934f1476fe2c6e458c230f491769c34,7400034,Mankey,0.6166667,source,LeftHand,-0.180437073,1.23605371,1.01954246,-0.380749047,0.869137645,0.2867996,-0.131820023
7934f1476fe2c6e458c230f491769c34,7400034,Mankey,0.6166667,source,RightHand,0.127581969,1.27004886,0.856343746,0.242517874,-0.308883041,0.745992839,0.537839532
7934f1476fe2c6e458c230f491769c34,7400034,Mankey,0.6166667,source,LeftToes,-0.09807838,0.03286064,0.972715557,0.5792576,0.000219254754,-0.814669669,-0.0278280843
7934f1476fe2c6e458c230f491769c34,7400034,Mankey,0.6166667,source,RightToes,0.1511583,0.0381458364,0.391892642,0.316227943,-0.06876684,-0.0796565041,0.942829
7934f1476fe2c6e458c230f491769c34,7400034,Mankey,0.6166667,source,LeftThumbProximal,-0.181980088,1.25067008,1.00471807,-0.3887938,0.6701716,-0.631838143,-0.0221457649
7934f1476fe2c6e458c230f491769c34,7400034,Mankey,0.6166667,source,LeftThumbIntermediate,-0.150900021,1.272669,0.9814762,-0.158106759,0.786264658,-0.5812119,0.137780532
7934f1476fe2c6e458c230f491769c34,7400034,Mankey,0.6166667,source,LeftThumbDistal,-0.123547606,1.28492868,0.982462168,0.5199366,0.6445093,-0.232465953,0.5101312
7934f1476fe2c6e458c230f491769c34,7400034,Mankey,0.6166667,source,LeftIndexProximal,-0.146358773,1.30755568,1.00546253,0.291885555,0.903550148,0.03395554,-0.3118456
7934f1476fe2c6e458c230f491769c34,7400034,Mankey,0.6166667,source,LeftIndexIntermediate,-0.126775622,1.29194462,0.9874749,0.872077644,0.374491185,-0.220567867,-0.22491689
7934f1476fe2c6e458c230f491769c34,7400034,Mankey,0.6166667,source,LeftIndexDistal,-0.140623152,1.2752,0.9922875,0.8448691,-0.425827563,-0.3230358,0.02271181
7934f1476fe2c6e458c230f491769c34,7400034,Mankey,0.6166667,source,LeftMiddleProximal,-0.135914966,1.30049765,1.02281451,0.2988806,0.891802669,0.06769296,-0.3328311
7934f1476fe2c6e458c230f491769c34,7400034,Mankey,0.6166667,source,LeftMiddleIntermediate,-0.116215706,1.28446913,1.00198793,0.862218738,0.3711565,-0.220704734,-0.264786452
7934f1476fe2c6e458c230f491769c34,7400034,Mankey,0.6166667,source,LeftMiddleDistal,-0.129935816,1.267908,1.0060147,0.8297237,-0.425778329,-0.360891,-0.00546605559
7934f1476fe2c6e458c230f491769c34,7400034,Mankey,0.6166667,source,LeftRingProximal,-0.127774864,1.2936,1.03692853,0.390760362,0.822076,0.09628704,-0.402773947
7934f1476fe2c6e458c230f491769c34,7400034,Mankey,0.6166667,source,LeftRingIntermediate,-0.116181687,1.27590716,1.01383126,0.855714262,0.293378532,-0.244414687,-0.349205017
7934f1476fe2c6e458c230f491769c34,7400034,Mankey,0.6166667,source,LeftRingDistal,-0.129776865,1.26299489,1.01792693,0.7955447,-0.41304487,-0.435843647,-0.08089233
7934f1476fe2c6e458c230f491769c34,7400034,Mankey,0.6166667,source,LeftLittleProximal,-0.120194055,1.28147316,1.04831946,0.369879,0.8134317,0.132892191,-0.428787321
7934f1476fe2c6e458c230f491769c34,7400034,Mankey,0.6166667,source,LeftLittleIntermediate,-0.110350393,1.26808572,1.02647614,0.8116949,0.355534643,-0.216443792,-0.409754753
7934f1476fe2c6e458c230f491769c34,7400034,Mankey,0.6166667,source,LeftLittleDistal,-0.12276528,1.25375128,1.027616,0.8326364,-0.2670816,-0.448377818,-0.1853149
7934f1476fe2c6e458c230f491769c34,7400034,Mankey,0.6166667,source,RightThumbProximal,0.124036267,1.28977323,0.850499868,0.331647754,0.575360656,0.714327,0.2206977
7934f1476fe2c6e458c230f491769c34,7400034,Mankey,0.6166667,source,RightThumbIntermediate,0.09358486,1.32086349,0.8603078,-0.454075247,-0.4287786,-0.780625,-0.02428789
7934f1476fe2c6e458c230f491769c34,7400034,Mankey,0.6166667,source,RightThumbDistal,0.07599741,1.33367872,0.880943954,0.602335036,-0.07371934,0.5763742,-0.547313
7934f1476fe2c6e458c230f491769c34,7400034,Mankey,0.6166667,source,RightIndexProximal,0.113892391,1.33969975,0.8942022,-0.03248419,0.324676037,-0.9426638,0.07011261
7934f1476fe2c6e458c230f491769c34,7400034,Mankey,0.6166667,source,RightIndexIntermediate,0.08342646,1.33497572,0.8946877,-0.203527361,-0.244005978,0.6098458,-0.7260348
7934f1476fe2c6e458c230f491769c34,7400034,Mankey,0.6166667,source,RightIndexDistal,0.08648105,1.31747675,0.8812766,0.316442937,0.00772043271,0.115608081,0.9415095
7934f1476fe2c6e458c230f491769c34,7400034,Mankey,0.6166667,source,RightMiddleProximal,0.114418656,1.32545137,0.910223663,0.04115604,0.342056572,-0.932306468,0.110038653
7934f1476fe2c6e458c230f491769c34,7400034,Mankey,0.6166667,source,RightMiddleIntermediate,0.08248192,1.31964076,0.9052328,-0.272023529,-0.18450889,0.5492873,-0.768273056
7934f1476fe2c6e458c230f491769c34,7400034,Mankey,0.6166667,source,RightMiddleDistal,0.08967413,1.30336821,0.892491,0.319541872,-0.104862906,0.223451287,0.9148589
7934f1476fe2c6e458c230f491769c34,7400034,Mankey,0.6166667,source,RightRingProximal,0.11478477,1.31283355,0.9226216,0.105068989,0.395049244,-0.8961397,0.1727153
7934f1476fe2c6e458c230f491769c34,7400034,Mankey,0.6166667,source,RightRingIntermediate,0.08602478,1.30573738,0.912448764,-0.361582339,-0.15962939,0.466385484,-0.791367233
7934f1476fe2c6e458c230f491769c34,7400034,Mankey,0.6166667,source,RightRingDistal,0.09588585,1.29378736,0.9011273,0.3622983,-0.196850762,0.308411241,0.8572471
7934f1476fe2c6e458c230f491769c34,7400034,Mankey,0.6166667,source,RightLittleProximal,0.112461336,1.29676425,0.931028247,0.18228887,0.3878929,-0.901441634,0.0609379634
7934f1476fe2c6e458c230f491769c34,7400034,Mankey,0.6166667,source,RightLittleIntermediate,0.08704502,1.29763281,0.9207131,-0.3938944,-0.131647184,0.623902142,-0.662014365
7934f1476fe2c6e458c230f491769c34,7400034,Mankey,0.6166667,source,RightLittleDistal,0.0905999243,1.28390479,0.908063054,0.36532113,-0.236078575,0.0880447552,0.8961339
7934f1476fe2c6e458c230f491769c34,7400034,Mankey,0.6166667,fighter,AnimatorRoot,0,0,0,0,0,0,1
7934f1476fe2c6e458c230f491769c34,7400034,Mankey,0.6166667,fighter,Hips,-0.07913639,0.7928914,0.6686301,0.232028484,-0.327630252,-0.5827829,0.7065305
7934f1476fe2c6e458c230f491769c34,7400034,Mankey,0.6166667,fighter,LeftUpperLeg,-0.16807054,0.79944,0.7508023,0.5287681,0.7158902,0.2311495,0.393033862
7934f1476fe2c6e458c230f491769c34,7400034,Mankey,0.6166667,fighter,RightUpperLeg,0.009797747,0.78634274,0.586457968,0.576140761,0.77387625,0.253712416,0.0693376958
7934f1476fe2c6e458c230f491769c34,7400034,Mankey,0.6166667,fighter,LeftLowerLeg,-0.119817764,0.455896854,0.867278159,0.6527635,0.5980606,0.337296367,0.320085734
7934f1476fe2c6e458c230f491769c34,7400034,Mankey,0.6166667,fighter,RightLowerLeg,0.129281357,0.447144121,0.5187469,0.7947911,0.5639745,0.222908348,-0.0234981775
7934f1476fe2c6e458c230f491769c34,7400034,Mankey,0.6166667,fighter,LeftFoot,-0.140077591,0.102310963,0.8468841,0.0365752541,0.8565587,0.00394780934,0.5147373
7934f1476fe2c6e458c230f491769c34,7400034,Mankey,0.6166667,fighter,RightFoot,0.03545318,0.132830977,0.38364464,0.131814957,0.9842447,0.0107937008,0.117351145
7934f1476fe2c6e458c230f491769c34,7400034,Mankey,0.6166667,fighter,Spine,-0.0863198,0.8366639,0.65736717,0.237599343,-0.320436239,-0.5862728,0.705089748
7934f1476fe2c6e458c230f491769c34,7400034,Mankey,0.6166667,fighter,Chest,-0.103059359,1.07332051,0.6253133,0.421076626,-0.3242723,-0.661320746,0.529336452
7934f1476fe2c6e458c230f491769c34,7400034,Mankey,0.6166667,fighter,Neck,-0.0890686437,1.353451,0.665133536,0.5009263,-0.3545146,-0.6208896,0.4877383
7934f1476fe2c6e458c230f491769c34,7400034,Mankey,0.6166667,fighter,Head,-0.08574061,1.4964031,0.706229031,0.618285239,-0.342237,-0.6024319,0.371043742
7934f1476fe2c6e458c230f491769c34,7400034,Mankey,0.6166667,fighter,LeftShoulder,-0.07297972,1.30409455,0.765610933,0.694367,0.000170141459,-0.2664011,0.6684946
7934f1476fe2c6e458c230f491769c34,7400034,Mankey,0.6166667,fighter,RightShoulder,-0.018847188,1.3051101,0.7394486,-0.210689321,-0.6009648,-0.6775936,0.367857158
7934f1476fe2c6e458c230f491769c34,7400034,Mankey,0.6166667,fighter,LeftUpperArm,-0.2551017,1.37964213,0.8441825,0.696070254,0.440039277,0.05622101,0.5645274
7934f1476fe2c6e458c230f491769c34,7400034,Mankey,0.6166667,fighter,RightUpperArm,0.117115378,1.3571707,0.5850038,0.172399312,0.7734004,0.4893424,0.364245057
7934f1476fe2c6e458c230f491769c34,7400034,Mankey,0.6166667,fighter,LeftLowerArm,-0.426016271,1.1890924,0.9621532,-0.03254557,0.885935068,-0.440197647,0.142430559
7934f1476fe2c6e458c230f491769c34,7400034,Mankey,0.6166667,fighter,RightLowerArm,0.3074214,1.18153763,0.6962459,-0.442529082,0.386618376,-0.00176359713,0.8091302
7934f1476fe2c6e458c230f491769c34,7400034,Mankey,0.6166667,fighter,LeftHand,-0.180437237,1.23605382,1.01954269,0.395949036,-0.855406,-0.3280225,-0.06250159
7934f1476fe2c6e458c230f491769c34,7400034,Mankey,0.6166667,fighter,RightHand,0.127581924,1.27004874,0.856343567,0.3523607,0.414845943,-0.5226105,0.6562191
7934f1476fe2c6e458c230f491769c34,7400034,Mankey,0.6166667,fighter,LeftToes,-0.004806217,0.108640835,1.09292054,0.125470951,0.8184604,0.0664862245,0.556740046
7934f1476fe2c6e458c230f491769c34,7400034,Mankey,0.6166667,fighter,RightToes,0.303374857,0.08386924,0.452149928,0.213527247,0.9748305,0.0167564452,0.0618980527
7934f1476fe2c6e458c230f491769c34,7400034,Mankey,0.6166667,fighter,LeftEye,-0.217508346,1.510885,0.922373533,0.420647949,-0.285295039,-0.5130993,-0.6916585
7934f1476fe2c6e458c230f491769c34,7400034,Mankey,0.6166667,fighter,RightEye,0.044880446,1.52309024,0.922063947,0.288422942,-0.4152344,-0.730976462,-0.458330274
7934f1476fe2c6e458c230f491769c34,7400034,Mankey,0.6166667,fighter,Jaw,-0.07759974,1.32440913,0.8225742,0.678703368,0.196887314,-0.687941551,-0.165330768
7934f1476fe2c6e458c230f491769c34,7400034,Mankey,0.6166667,fighter,LeftThumbProximal,-0.142764732,1.29459417,0.996166468,0.159893051,-0.9401758,-0.213211358,0.2122386
7934f1476fe2c6e458c230f491769c34,7400034,Mankey,0.6166667,fighter,LeftThumbIntermediate,-0.104196191,1.31216133,0.9813054,0.154338181,-0.9515635,-0.250507116,-0.08918333
7934f1476fe2c6e458c230f491769c34,7400034,Mankey,0.6166667,fighter,LeftThumbDistal,-0.0678961,1.32181489,0.9908819,-0.03158086,-0.5447695,-0.276754379,-0.790971637
7934f1476fe2c6e458c230f491769c34,7400034,Mankey,0.6166667,fighter,LeftMiddleProximal,-0.104172386,1.346444,1.02514768,-0.331271529,-0.901307642,-0.07981104,0.267459482
7934f1476fe2c6e458c230f491769c34,7400034,Mankey,0.6166667,fighter,LeftMiddleIntermediate,-0.0655115545,1.312816,0.9926998,-0.91249615,-0.336553335,0.07854162,0.218893588
7934f1476fe2c6e458c230f491769c34,7400034,Mankey,0.6166667,fighter,LeftMiddleDistal,-0.106110245,1.27822,0.9924863,-0.8747084,0.4449175,0.187217966,0.04340095
7934f1476fe2c6e458c230f491769c34,7400034,Mankey,0.6166667,fighter,LeftRingProximal,-0.08159368,1.32120752,1.06871343,-0.418528944,-0.8291916,-0.15918991,0.3345653
7934f1476fe2c6e458c230f491769c34,7400034,Mankey,0.6166667,fighter,LeftRingIntermediate,-0.0588814169,1.28986692,1.03201067,-0.9023513,-0.269898683,0.103700936,0.319629967
7934f1476fe2c6e458c230f491769c34,7400034,Mankey,0.6166667,fighter,LeftRingDistal,-0.104436472,1.25959671,1.03281,-0.8452036,0.4161219,0.308477551,0.131589144
7934f1476fe2c6e458c230f491769c34,7400034,Mankey,0.6166667,fighter,LeftLittleProximal,-0.07827443,1.27580285,1.10806763,-0.386400044,-0.828187764,-0.183301464,0.3622172
7934f1476fe2c6e458c230f491769c34,7400034,Mankey,0.6166667,fighter,LeftLittleIntermediate,-0.05485869,1.248747,1.06850946,-0.872524,-0.341129839,0.06005822,0.344566345
7934f1476fe2c6e458c230f491769c34,7400034,Mankey,0.6166667,fighter,LeftLittleDistal,-0.09690832,1.213523,1.06130171,-0.8892329,0.2790473,0.306779474,0.193091258
7934f1476fe2c6e458c230f491769c34,7400034,Mankey,0.6166667,fighter,RightThumbProximal,0.101966083,1.33219743,0.8859064,-0.3315443,-0.159763247,0.318467766,-0.873574734
7934f1476fe2c6e458c230f491769c34,7400034,Mankey,0.6166667,fighter,RightThumbIntermediate,0.0684578642,1.35242867,0.90792644,0.392325938,0.406522781,-0.250702858,0.7861093
7934f1476fe2c6e458c230f491769c34,7400034,Mankey,0.6166667,fighter,RightThumbDistal,0.0473795868,1.35534286,0.9403269,-0.43199715,-0.865289748,-0.0592654943,-0.247265145
7934f1476fe2c6e458c230f491769c34,7400034,Mankey,0.6166667,fighter,RightMiddleProximal,0.105033115,1.36495268,0.948639154,-0.3723132,-0.00266420841,-0.1673423,-0.9128925
7934f1476fe2c6e458c230f491769c34,7400034,Mankey,0.6166667,fighter,RightMiddleIntermediate,0.04778155,1.346302,0.9413769,0.363275081,-0.297995448,0.7677663,0.435620725
7934f1476fe2c6e458c230f491769c34,7400034,Mankey,0.6166667,fighter,RightMiddleDistal,0.06679897,1.32217062,0.8977742,-0.0610634238,0.430608034,-0.8539073,0.285815746
7934f1476fe2c6e458c230f491769c34,7400034,Mankey,0.6166667,fighter,RightRingProximal,0.106955223,1.3225199,0.9838596,-0.473112345,0.0637047,-0.205395356,-0.8543533
7934f1476fe2c6e458c230f491769c34,7400034,Mankey,0.6166667,fighter,RightRingIntermediate,0.0585484654,1.30701482,0.967686832,0.3295764,-0.398651034,0.774468243,0.364220083
7934f1476fe2c6e458c230f491769c34,7400034,Mankey,0.6166667,fighter,RightRingDistal,0.0868534148,1.29052866,0.9238774,0.08665794,0.483629078,-0.804974,0.3325821
7934f1476fe2c6e458c230f491769c34,7400034,Mankey,0.6166667,fighter,RightLittleProximal,0.115088426,1.26426554,0.996573865,-0.443238616,0.112313777,-0.07642358,-0.8860504
7934f1476fe2c6e458c230f491769c34,7400034,Mankey,0.6166667,fighter,RightLittleIntermediate,0.06371689,1.26235235,0.982343733,0.342670023,-0.3967194,0.666439831,0.530141234
7934f1476fe2c6e458c230f491769c34,7400034,Mankey,0.6166667,fighter,RightLittleDistal,0.07495115,1.2383008,0.9338028,0.0990609452,0.47707963,-0.8641942,0.125503
7934f1476fe2c6e458c230f491769c34,7400034,Mankey,0.6166667,fighter,UpperChest,-0.09290736,1.1895622,0.6508302,0.400510669,-0.349355459,-0.627797663,0.5686934
7934f1476fe2c6e458c230f491769c34,7400034,Mankey,0.6333333,source,AnimatorRoot,4.81026881E-08,5.163466E-10,0.6422134,0,0,6.0221295E-16,1
7934f1476fe2c6e458c230f491769c34,7400034,Mankey,0.6333333,source,Hips,-0.08037813,0.7929048,0.6685744,-0.07455338,0.371506,0.0160274953,0.9252936
7934f1476fe2c6e458c230f491769c34,7400034,Mankey,0.6333333,source,LeftUpperLeg,-0.15291211,0.7954849,0.737743735,-0.389636338,-0.217772216,0.7248359,0.524758935
7934f1476fe2c6e458c230f491769c34,7400034,Mankey,0.6333333,source,RightUpperLeg,-0.007844011,0.7903249,0.5994049,0.287833959,-0.09255504,-0.5896004,0.748970449
7934f1476fe2c6e458c230f491769c34,7400034,Mankey,0.6333333,source,LeftLowerLeg,-0.0986317,0.448670983,0.863093734,-0.3479684,-0.330430448,0.57331425,0.664112
7934f1476fe2c6e458c230f491769c34,7400034,Mankey,0.6333333,source,RightLowerLeg,0.0993612,0.441261381,0.5245682,0.247647583,0.0225198977,-0.769599438,0.588115931
7934f1476fe2c6e458c230f491769c34,7400034,Mankey,0.6333333,source,LeftFoot,-0.141866133,0.103692815,0.84921205,0.5557552,0.128134951,-0.7954603,-0.204843238
7934f1476fe2c6e458c230f491769c34,7400034,Mankey,0.6333333,source,RightFoot,0.03478755,0.130165026,0.3827189,0.16893436,-0.0928947,-0.3140187,0.9296366
7934f1476fe2c6e458c230f491769c34,7400034,Mankey,0.6333333,source,Spine,-0.08871392,0.8897705,0.6562199,-0.0424788371,0.372744381,0.00702671334,0.9269348
7934f1476fe2c6e458c230f491769c34,7400034,Mankey,0.6333333,source,Chest,-0.09443298,1.06857347,0.6454302,0.0935191438,0.249304384,0.00406959,0.9638906
7934f1476fe2c6e458c230f491769c34,7400034,Mankey,0.6333333,source,Neck,-0.08601183,1.26768184,0.6834017,0.3656951,0.2069085,-0.0138578108,0.907339036
7934f1476fe2c6e458c230f491769c34,7400034,Mankey,0.6333333,source,Head,-0.07067976,1.33128977,0.7405573,0.25205034,0.011920535,0.0163786244,0.9675023
7934f1476fe2c6e458c230f491769c34,7400034,Mankey,0.6333333,source,LeftShoulder,-0.113135234,1.22308493,0.6906289,0.07792615,0.3630559,-0.01347618,0.928405464
7934f1476fe2c6e458c230f491769c34,7400034,Mankey,0.6333333,source,RightShoulder,-0.0612114146,1.22631884,0.662176967,0.953987,-0.0430334359,-0.2851275,-0.08221679
7934f1476fe2c6e458c230f491769c34,7400034,Mankey,0.6333333,source,LeftUpperArm,-0.217651367,1.21860349,0.786654532,0.04032177,0.4014044,0.441139072,0.8016516
7934f1476fe2c6e458c230f491769c34,7400034,Mankey,0.6333333,source,RightUpperArm,0.0571755581,1.22131073,0.5839188,0.859604061,-0.406636983,0.204983518,0.231752649
7934f1476fe2c6e458c230f491769c34,7400034,Mankey,0.6333333,source,LeftLowerArm,-0.283026457,1.05102026,0.924409151,-0.508078456,0.803941131,0.3013317,0.06880704
7934f1476fe2c6e458c230f491769c34,7400034,Mankey,0.6333333,source,RightLowerArm,0.1897801,1.084447,0.7064666,0.2580445,-0.168824911,0.7712906,0.5567964
7934f1476fe2c6e458c230f491769c34,7400034,Mankey,0.6333333,source,LeftHand,-0.170926332,1.23432159,1.02293873,-0.3761309,0.871828556,0.2832937,-0.134854108
7934f1476fe2c6e458c230f491769c34,7400034,Mankey,0.6333333,source,RightHand,0.131443545,1.26687574,0.844997764,0.227871,-0.300653845,0.7494776,0.54402715
7934f1476fe2c6e458c230f491769c34,7400034,Mankey,0.6333333,source,LeftToes,-0.09719226,0.033569552,0.9737424,0.570390642,0.00028739046,-0.820964158,-0.0259331353
7934f1476fe2c6e458c230f491769c34,7400034,Mankey,0.6333333,source,RightToes,0.15240936,0.03804245,0.392693937,0.315476924,-0.07060466,-0.0658055246,0.9440123
7934f1476fe2c6e458c230f491769c34,7400034,Mankey,0.6333333,source,LeftThumbProximal,-0.172429338,1.24878287,1.007959,-0.387612253,0.6680179,-0.634598434,-0.02818002
7934f1476fe2c6e458c230f491769c34,7400034,Mankey,0.6333333,source,LeftThumbIntermediate,-0.141294464,1.27028954,0.9843329,-0.157278508,0.783899069,-0.585738361,0.132954046
7934f1476fe2c6e458c230f491769c34,7400034,Mankey,0.6333333,source,LeftThumbDistal,-0.113848045,1.28235567,0.985058546,0.518935859,0.6424275,-0.2391301,0.510695457
7934f1476fe2c6e458c230f491769c34,7400034,Mankey,0.6333333,source,LeftIndexProximal,-0.1363857,1.30540669,1.00790691,0.297045082,0.901926756,0.0294027682,-0.31213522
7934f1476fe2c6e458c230f491769c34,7400034,Mankey,0.6333333,source,LeftIndexIntermediate,-0.117001176,1.28945088,0.990007043,0.8741981,0.369507372,-0.223800808,-0.2217107
7934f1476fe2c6e458c230f491769c34,7400034,Mankey,0.6333333,source,LeftIndexDistal,-0.130949751,1.27286434,0.995068848,0.8424088,-0.4307,-0.322653979,0.0271984
7934f1476fe2c6e458c230f491769c34,7400034,Mankey,0.6333333,source,LeftMiddleProximal,-0.125914887,1.29846513,1.02528954,0.304190069,0.8902944,0.0632668,-0.332929343
7934f1476fe2c6e458c230f491769c34,7400034,Mankey,0.6333333,source,LeftMiddleIntermediate,-0.106430277,1.28205931,1.00455511,0.864549458,0.366117984,-0.2237489,-0.261627316
7934f1476fe2c6e458c230f491769c34,7400034,Mankey,0.6333333,source,LeftMiddleDistal,-0.120253742,1.26564658,1.0088284,0.8273355,-0.430869937,-0.360369682,-0.00120363792
7934f1476fe2c6e458c230f491769c34,7400034,Mankey,0.6333333,source,LeftRingProximal,-0.117761396,1.29166472,1.0394429,0.3962646,0.82022965,0.09229993,-0.402093083
7934f1476fe2c6e458c230f491769c34,7400034,Mankey,0.6333333,source,LeftRingIntermediate,-0.106405191,1.2736299,1.01649308,0.8581743,0.288041949,-0.246696442,-0.3459912
7934f1476fe2c6e458c230f491769c34,7400034,Mankey,0.6333333,source,LeftRingDistal,-0.120076418,1.26086557,1.020794,0.793455362,-0.4185998,-0.4350344,-0.07712577
7934f1476fe2c6e458c230f491769c34,7400034,Mankey,0.6333333,source,LeftLittleProximal,-0.110218249,1.27960956,1.05093455,0.375580072,0.8118084,0.12909627,-0.428067237
7934f1476fe2c6e458c230f491769c34,7400034,Mankey,0.6333333,source,LeftLittleIntermediate,-0.100573882,1.26590681,1.029198,0.814788163,0.350378215,-0.218748882,-0.4068228
7934f1476fe2c6e458c230f491769c34,7400034,Mankey,0.6333333,source,LeftLittleDistal,-0.113088995,1.25167859,1.03055429,0.8316416,-0.273085117,-0.44808045,-0.181716591
7934f1476fe2c6e458c230f491769c34,7400034,Mankey,0.6333333,source,RightThumbProximal,0.1281722,1.2864306,0.838465,0.3270807,0.5841711,0.705300152,0.233055547
7934f1476fe2c6e458c230f491769c34,7400034,Mankey,0.6333333,source,RightThumbIntermediate,0.09795259,1.31814361,0.8469008,-0.451614261,-0.4391357,-0.7757197,-0.0382624231
7934f1476fe2c6e458c230f491769c34,7400034,Mankey,0.6333333,source,RightThumbDistal,0.08028388,1.331819,0.8669056,0.607796,-0.06434302,0.583659,-0.534590244
7934f1476fe2c6e458c230f491769c34,7400034,Mankey,0.6333333,source,RightIndexProximal,0.118097283,1.33788455,0.880374849,-0.0268084854,0.3087701,-0.948440433,0.06635861
7934f1476fe2c6e458c230f491769c34,7400034,Mankey,0.6333333,source,RightIndexIntermediate,0.08757899,1.33349514,0.8806801,-0.196046084,-0.228827864,0.6165135,-0.7274033
7934f1476fe2c6e458c230f491769c34,7400034,Mankey,0.6333333,source,RightIndexDistal,0.09058914,1.31552923,0.867890656,0.30017972,0.00285335584,0.112218536,0.9472549
7934f1476fe2c6e458c230f491769c34,7400034,Mankey,0.6333333,source,RightMiddleProximal,0.118299469,1.3241719,0.8968644,0.04619228,0.325714529,-0.938183665,0.107648782
7934f1476fe2c6e458c230f491769c34,7400034,Mankey,0.6333333,source,RightMiddleIntermediate,0.08635752,1.31852973,0.891716361,-0.263187349,-0.169755012,0.554828167,-0.770767033
7934f1476fe2c6e458c230f491769c34,7400034,Mankey,0.6333333,source,RightMiddleDistal,0.09351065,1.3017689,0.8796007,0.3025412,-0.107793219,0.2220694,0.9206168
7934f1476fe2c6e458c230f491769c34,7400034,Mankey,0.6333333,source,RightRingProximal,0.118397877,1.31196988,0.9096768,0.109137259,0.378620982,-0.9028851,0.171854228
7934f1476fe2c6e458c230f491769c34,7400034,Mankey,0.6333333,source,RightRingIntermediate,0.08967378,1.304838,0.899427533,-0.351766378,-0.1456579,0.4711622,-0.7956451
7934f1476fe2c6e458c230f491769c34,7400034,Mankey,0.6333333,source,RightRingDistal,0.09952666,1.29241669,0.888617754,0.345299929,-0.198268339,0.309077531,0.8636718
7934f1476fe2c6e458c230f491769c34,7400034,Mankey,0.6333333,source,RightLittleProximal,0.115812473,1.29621387,0.9185848,0.188190237,0.371578485,-0.907058656,0.06131
7934f1476fe2c6e458c230f491769c34,7400034,Mankey,0.6333333,source,RightLittleIntermediate,0.09051866,1.29700232,0.9079666,-0.386927962,-0.11559923,0.6273312,-0.6658678
7934f1476fe2c6e458c230f491769c34,7400034,Mankey,0.6333333,source,RightLittleDistal,0.09406124,1.28282523,0.895818233,0.348667741,-0.24137345,0.08921009,0.901228
7934f1476fe2c6e458c230f491769c34,7400034,Mankey,0.6333333,fighter,AnimatorRoot,0,0,0,0,0,0,1
7934f1476fe2c6e458c230f491769c34,7400034,Mankey,0.6333333,fighter,Hips,-0.08037812,0.792904735,0.668574333,0.22716333,-0.321317583,-0.585161,0.7090406
7934f1476fe2c6e458c230f491769c34,7400034,Mankey,0.6333333,fighter,LeftUpperLeg,-0.167869583,0.7994419,0.752281845,0.5292611,0.720896244,0.222769544,0.388027161
7934f1476fe2c6e458c230f491769c34,7400034,Mankey,0.6333333,fighter,RightUpperLeg,0.0071133147,0.7863676,0.5848669,0.579316437,0.7719684,0.252557784,0.06835008
7934f1476fe2c6e458c230f491769c34,7400034,Mankey,0.6333333,fighter,LeftLowerLeg,-0.117136583,0.456928164,0.870718658,0.6605827,0.5971081,0.329556018,0.31382364
7934f1476fe2c6e458c230f491769c34,7400034,Mankey,0.6333333,fighter,RightLowerLeg,0.124010764,0.446420431,0.5164008,0.79081285,0.5691044,0.224423885,-0.019221127
7934f1476fe2c6e458c230f491769c34,7400034,Mankey,0.6333333,fighter,LeftFoot,-0.141866162,0.103692748,0.849212,0.03808111,0.8620249,0.005757138,0.505400836
7934f1476fe2c6e458c230f491769c34,7400034,Mankey,0.6333333,fighter,RightFoot,0.03478758,0.130165115,0.382718861,0.120859683,0.9849134,0.0111153126,0.123350382
7934f1476fe2c6e458c230f491769c34,7400034,Mankey,0.6333333,fighter,Spine,-0.0877250656,0.8366921,0.6574757,0.231988281,-0.316097856,-0.5914582,0.7045856
7934f1476fe2c6e458c230f491769c34,7400034,Mankey,0.6333333,fighter,Chest,-0.102702782,1.07352185,0.625831664,0.403208673,-0.312523782,-0.6719956,0.5368182
7934f1476fe2c6e458c230f491769c34,7400034,Mankey,0.6333333,fighter,Neck,-0.08589375,1.3537122,0.664110959,0.489106476,-0.348211765,-0.62969923,0.4929531
7934f1476fe2c6e458c230f491769c34,7400034,Mankey,0.6333333,fighter,Head,-0.08060537,1.49675548,0.7046793,0.612244844,-0.343148649,-0.6078069,0.371451676
7934f1476fe2c6e458c230f491769c34,7400034,Mankey,0.6333333,fighter,LeftShoulder,-0.06496054,1.30457425,0.7637999,0.6880785,0.0127491653,-0.2761187,0.670928
7934f1476fe2c6e458c230f491769c34,7400034,Mankey,0.6333333,fighter,RightShoulder,-0.01219817,1.30534816,0.7349665,-0.2269467,-0.593364358,-0.6732723,0.3783106
7934f1476fe2c6e458c230f491769c34,7400034,Mankey,0.6333333,fighter,LeftUpperArm,-0.244775623,1.37949061,0.84808147,0.701094747,0.4387303,0.0566047579,0.5592656
7934f1476fe2c6e458c230f491769c34,7400034,Mankey,0.6333333,fighter,RightUpperArm,0.117433131,1.35630643,0.5748157,0.1812097,0.777092755,0.4854253,0.357284516
7934f1476fe2c6e458c230f491769c34,7400034,Mankey,0.6333333,fighter,LeftLowerArm,-0.4163142,1.18825793,0.964023352,-0.0298522115,0.8864433,-0.438748151,0.144318074
7934f1476fe2c6e458c230f491769c34,7400034,Mankey,0.6333333,fighter,RightLowerArm,0.30881384,1.17916393,0.6817365,-0.436009824,0.392796725,0.00037653,0.809694946
7934f1476fe2c6e458c230f491769c34,7400034,Mankey,0.6333333,fighter,LeftHand,-0.170926586,1.23432159,1.02293885,0.392372668,-0.858825445,-0.323906541,-0.05956175
7934f1476fe2c6e458c230f491769c34,7400034,Mankey,0.6333333,fighter,RightHand,0.131443664,1.26687551,0.8449976,0.34643957,0.400681853,-0.530950844,0.661457062
7934f1476fe2c6e458c230f491769c34,7400034,Mankey,0.6333333,fighter,LeftToes,-0.00133452879,0.108695328,1.09231317,0.124301493,0.8247346,0.06544654,0.547794461
7934f1476fe2c6e458c230f491769c34,7400034,Mankey,0.6333333,fighter,RightToes,0.302864879,0.08726426,0.454595685,0.20106563,0.977074742,0.0166786313,0.06796923
7934f1476fe2c6e458c230f491769c34,7400034,Mankey,0.6333333,fighter,LeftEye,-0.209303364,1.51290071,0.9225487,0.416746378,-0.292423218,-0.512555,-0.6914469
7934f1476fe2c6e458c230f491769c34,7400034,Mankey,0.6333333,fighter,RightEye,0.0531538241,1.52280223,0.9186624,0.282202154,-0.4204633,-0.730396032,-0.4583607
7934f1476fe2c6e458c230f491769c34,7400034,Mankey,0.6333333,fighter,Jaw,-0.07239416,1.3249706,0.8213275,0.675089,0.191962346,-0.692021966,-0.168853134
7934f1476fe2c6e458c230f491769c34,7400034,Mankey,0.6333333,fighter,LeftThumbProximal,-0.132930219,1.29231584,0.9987401,0.153608739,-0.942191541,-0.209847614,0.211290255
7934f1476fe2c6e458c230f491769c34,7400034,Mankey,0.6333333,fighter,LeftThumbIntermediate,-0.0941486359,1.309298,0.983754158,0.147101521,-0.9538825,-0.245609835,-0.09025276
7934f1476fe2c6e458c230f491769c34,7400034,Mankey,0.6333333,fighter,LeftThumbDistal,-0.0576943159,1.318458,0.9932293,-0.0324733928,-0.545916855,-0.268034458,-0.7931446
7934f1476fe2c6e458c230f491769c34,7400034,Mankey,0.6333333,fighter,LeftMiddleProximal,-0.09382351,1.34419727,1.02696562,-0.336615235,-0.899160564,-0.07539524,0.269289166
7934f1476fe2c6e458c230f491769c34,7400034,Mankey,0.6333333,fighter,LeftMiddleIntermediate,-0.0557147041,1.3099463,0.9945165,-0.9151791,-0.329785079,0.0781597942,0.218129635
7934f1476fe2c6e458c230f491769c34,7400034,Mankey,0.6333333,fighter,LeftMiddleDistal,-0.0968009,1.27592993,0.9944731,-0.871473551,0.451463163,0.1867357,0.0429574
7934f1476fe2c6e458c230f491769c34,7400034,Mankey,0.6333333,fighter,LeftRingProximal,-0.07123218,1.31928062,1.07070875,-0.4232629,-0.8268374,-0.155886739,0.335988462
7934f1476fe2c6e458c230f491769c34,7400034,Mankey,0.6333333,fighter,LeftRingIntermediate,-0.0490468778,1.2875334,1.03403342,-0.9045795,-0.263036132,0.102672517,0.319385
7934f1476fe2c6e458c230f491769c34,7400034,Mankey,0.6333333,fighter,LeftRingDistal,-0.0950253457,1.25791526,1.03500319,-0.8421089,0.4226584,0.307784826,0.1322165
7934f1476fe2c6e458c230f491769c34,7400034,Mankey,0.6333333,fighter,LeftLittleProximal,-0.06806807,1.27429414,1.11055291,-0.391012222,-0.8261999,-0.180163428,0.36338
7934f1476fe2c6e458c230f491769c34,7400034,Mankey,0.6333333,fighter,LeftLittleIntermediate,-0.0451248921,1.24681485,1.07100987,-0.8751138,-0.3344521,0.05911842,0.344707459
7934f1476fe2c6e458c230f491769c34,7400034,Mankey,0.6333333,fighter,LeftLittleDistal,-0.0876862,1.21217453,1.06397748,-0.8869875,0.285828352,0.3063962,0.194107667
7934f1476fe2c6e458c230f491769c34,7400034,Mankey,0.6333333,fighter,RightThumbProximal,0.106180832,1.33023465,0.872201145,-0.317839622,-0.145712912,0.326289,-0.8782264
7934f1476fe2c6e458c230f491769c34,7400034,Mankey,0.6333333,fighter,RightThumbIntermediate,0.07274001,1.35181344,0.893010736,0.3813641,0.394052,-0.263140321,0.793751657
7934f1476fe2c6e458c230f491769c34,7400034,Mankey,0.6333333,fighter,RightThumbDistal,0.05138313,1.35635591,0.925039351,-0.433863044,-0.8613611,-0.04235047,-0.2608202
7934f1476fe2c6e458c230f491769c34,7400034,Mankey,0.6333333,fighter,RightMiddleProximal,0.108927973,1.36502326,0.933844447,-0.356288016,0.0004056692,-0.162898019,-0.920066953
7934f1476fe2c6e458c230f491769c34,7400034,Mankey,0.6333333,fighter,RightMiddleIntermediate,0.0514975376,1.34686089,0.926759362,0.347999662,-0.287013024,0.7725149,0.446923852
7934f1476fe2c6e458c230f491769c34,7400034,Mankey,0.6333333,fighter,RightMiddleDistal,0.070609726,1.320684,0.8843957,-0.05932316,0.411825359,-0.864939,0.280643642
7934f1476fe2c6e458c230f491769c34,7400034,Mankey,0.6333333,fighter,RightRingProximal,0.110018492,1.32376719,0.9704702,-0.4574393,0.06618032,-0.203511745,-0.8631063
7934f1476fe2c6e458c230f491769c34,7400034,Mankey,0.6333333,fighter,RightRingIntermediate,0.0615638345,1.30825794,0.954445243,0.315017223,-0.3870654,0.7815068,0.374422073
7934f1476fe2c6e458c230f491769c34,7400034,Mankey,0.6333333,fighter,RightRingDistal,0.09007098,1.28958476,0.9116565,0.08765215,0.4646513,-0.8166352,0.330943018
7934f1476fe2c6e458c230f491769c34,7400034,Mankey,0.6333333,fighter,RightLittleProximal,0.117390327,1.26588643,0.985196,-0.427538872,0.11793676,-0.0754516,-0.8930895
7934f1476fe2c6e458c230f491769c34,7400034,Mankey,0.6333333,fighter,RightLittleIntermediate,0.06614119,1.26407671,0.9705183,0.325589061,-0.387684137,0.6727205,0.539573967
7934f1476fe2c6e458c230f491769c34,7400034,Mankey,0.6333333,fighter,RightLittleDistal,0.0775219,1.23787928,0.923135936,0.103915863,0.457698762,-0.8742381,0.124183238
7934f1476fe2c6e458c230f491769c34,7400034,Mankey,0.6333333,fighter,UpperChest,-0.09093795,1.18979871,0.650481045,0.383392721,-0.336538881,-0.6379963,0.5768125
7934f1476fe2c6e458c230f491769c34,7400034,Mankey,0.65,source,AnimatorRoot,4.84926659E-08,5.205327E-10,0.6474199,0,0,6.17268272E-16,1
7934f1476fe2c6e458c230f491769c34,7400034,Mankey,0.65,source,Hips,-0.08102266,0.792680144,0.6684188,-0.0744258,0.3770916,0.01438153,0.923068762
7934f1476fe2c6e458c230f491769c34,7400034,Mankey,0.65,source,LeftUpperLeg,-0.152728215,0.7956459,0.738431334,-0.386060327,-0.21035938,0.7280976,0.525909066
7934f1476fe2c6e458c230f491769c34,7400034,Mankey,0.65,source,RightUpperLeg,-0.00931696,0.7897146,0.598406136,0.2908703,-0.0939068,-0.593907,0.744211435
7934f1476fe2c6e458c230f491769c34,7400034,Mankey,0.65,source,LeftLowerLeg,-0.09728075,0.449645668,0.865507364,-0.3429102,-0.321494579,0.572715342,0.671603441
7934f1476fe2c6e458c230f491769c34,7400034,Mankey,0.65,source,RightLowerLeg,0.09390065,0.4398509,0.5217226,0.258375883,0.0135453595,-0.763490736,0.5917267
7934f1476fe2c6e458c230f491769c34,7400034,Mankey,0.65,source,LeftFoot,-0.145046845,0.105253972,0.85191834,0.545113146,0.127845556,-0.8017579,-0.209025279
7934f1476fe2c6e458c230f491769c34,7400034,Mankey,0.65,source,RightFoot,0.0360694975,0.127890617,0.378865063,0.17386964,-0.107411116,-0.305140018,0.9301194
7934f1476fe2c6e458c230f491769c34,7400034,Mankey,0.65,source,Spine,-0.08912584,0.889559448,0.6560158,-0.0407822058,0.377626657,0.00148282468,0.925058246
7934f1476fe2c6e458c230f491769c34,7400034,Mankey,0.65,source,Chest,-0.09282007,1.06840527,0.64505583,0.0915245861,0.270102561,-0.0005408388,0.9584717
7934f1476fe2c6e458c230f491769c34,7400034,Mankey,0.65,source,Neck,-0.08198476,1.2676729,0.6815511,0.362656116,0.223880664,-0.0236238278,0.9043232
7934f1476fe2c6e458c230f491769c34,7400034,Mankey,0.65,source,Head,-0.06416518,1.33160162,0.737616837,0.24983947,0.01704844,0.0115719484,0.9680683
7934f1476fe2c6e458c230f491769c34,7400034,Mankey,0.65,source,LeftShoulder,-0.108938083,1.223225,0.690194666,0.0776058361,0.375979871,-0.0143282739,0.923261344
7934f1476fe2c6e458c230f491769c34,7400034,Mankey,0.65,source,RightShoulder,-0.0582934059,1.22609913,0.6594878,0.949625969,-0.0484556,-0.2994231,-0.07879621
7934f1476fe2c6e458c230f491769c34,7400034,Mankey,0.65,source,LeftUpperArm,-0.210734859,1.21869552,0.789096236,0.04871371,0.403783828,0.4407127,0.800224066
7934f1476fe2c6e458c230f491769c34,7400034,Mankey,0.65,source,RightUpperArm,0.0575793125,1.21972489,0.577647865,0.8611288,-0.408474863,0.190481558,0.235207975
7934f1476fe2c6e458c230f491769c34,7400034,Mankey,0.65,source,LeftLowerArm,-0.275412232,1.04997361,0.9257858,-0.504507661,0.8045869,0.3049927,0.07135678
7934f1476fe2c6e458c230f491769c34,7400034,Mankey,0.65,source,RightLowerArm,0.192103788,1.08063829,0.6955109,0.26107353,-0.168711722,0.770036042,0.5571554
7934f1476fe2c6e458c230f491769c34,7400034,Mankey,0.65,source,LeftHand,-0.16177161,1.23158491,1.02567077,-0.36929816,0.875323534,0.280547172,-0.136826918
7934f1476fe2c6e458c230f491769c34,7400034,Mankey,0.65,source,RightHand,0.134699523,1.26263964,0.834990561,0.215507716,-0.29143557,0.755001,0.5464392
7934f1476fe2c6e458c230f491769c34,7400034,Mankey,0.65,source,LeftToes,-0.0973828062,0.0341959037,0.9747993,0.559941351,0.000419197022,-0.8281689,-0.0245367438
7934f1476fe2c6e458c230f491769c34,7400034,Mankey,0.65,source,RightToes,0.154466853,0.037302494,0.392895222,0.3158202,-0.08368874,-0.05285079,0.943642437
7934f1476fe2c6e458c230f491769c34,7400034,Mankey,0.65,source,LeftThumbProximal,-0.163156748,1.24591255,1.01055181,-0.384584785,0.667188644,-0.63693583,-0.035597533
7934f1476fe2c6e458c230f491769c34,7400034,Mankey,0.65,source,LeftThumbIntermediate,-0.131855562,1.266783,0.9865775,-0.154232547,0.7821984,-0.590180039,0.12675415
7934f1476fe2c6e458c230f491769c34,7400034,Mankey,0.65,source,LeftThumbDistal,-0.104255587,1.278506,0.9870646,0.519899845,0.6390052,-0.2467202,0.5103985
7934f1476fe2c6e458c230f491769c34,7400034,Mankey,0.65,source,LeftIndexProximal,-0.126399636,1.3020705,1.00977373,0.304393947,0.8994882,0.02618946,-0.312378526
7934f1476fe2c6e458c230f491769c34,7400034,Mankey,0.65,source,LeftIndexIntermediate,-0.107296981,1.28569019,0.9919543,0.877149,0.3623433,-0.22613278,-0.219504327
7934f1476fe2c6e458c230f491769c34,7400034,Mankey,0.65,source,LeftIndexDistal,-0.121432193,1.2693342,0.9972429,0.8388165,-0.43759796,-0.32245332,0.0303301252
7934f1476fe2c6e458c230f491769c34,7400034,Mankey,0.65,source,LeftMiddleProximal,-0.115941711,1.29517174,1.02718115,0.3116428,0.887937069,0.0602275543,-0.3328961
7934f1476fe2c6e458c230f491769c34,7400034,Mankey,0.65,source,LeftMiddleIntermediate,-0.09675709,1.27831173,1.00653148,0.867680669,0.3589297,-0.225789785,-0.259460628
7934f1476fe2c6e458c230f491769c34,7400034,Mankey,0.65,source,LeftMiddleDistal,-0.110768542,1.26211989,1.01102936,0.8238046,-0.4379238,-0.3599542,0.00161403732
7934f1476fe2c6e458c230f491769c34,7400034,Mankey,0.65,source,LeftRingProximal,-0.107813269,1.28841126,1.041368,0.4036815,0.817288637,0.08985388,-0.401257843
7934f1476fe2c6e458c230f491769c34,7400034,Mankey,0.65,source,LeftRingIntermediate,-0.0967866555,1.27000344,1.018554,0.8611871,0.280599415,-0.247793645,-0.343831271
7934f1476fe2c6e458c230f491769c34,7400034,Mankey,0.65,source,LeftRingDistal,-0.11059951,1.25745773,1.02304184,0.790226161,-0.425979555,-0.4341238,-0.0749762654
7934f1476fe2c6e458c230f491769c34,7400034,Mankey,0.65,source,LeftLittleProximal,-0.100373231,1.27637744,1.05294919,0.383154422,0.809128642,0.126900733,-0.427083969
7934f1476fe2c6e458c230f491769c34,7400034,Mankey,0.65,source,LeftLittleIntermediate,-0.09099821,1.26233518,1.03131175,0.818565,0.3432189,-0.2196826,-0.404836565
7934f1476fe2c6e458c230f491769c34,7400034,Mankey,0.65,source,LeftLittleDistal,-0.10368643,1.24828136,1.03286493,0.829834044,-0.28100282,-0.447322816,-0.179766566
7934f1476fe2c6e458c230f491769c34,7400034,Mankey,0.65,source,RightThumbProximal,0.131510049,1.28198,0.827810466,0.320213526,0.594014466,0.6974143,0.241296887
7934f1476fe2c6e458c230f491769c34,7400034,Mankey,0.65,source,RightThumbIntermediate,0.101242714,1.313965,0.8349474,-0.447418839,-0.450994343,-0.770800054,-0.0478395037
7934f1476fe2c6e458c230f491769c34,7400034,Mankey,0.65,source,RightThumbDistal,0.0833972,1.32827973,0.854338765,0.613363862,-0.0527832471,0.587731,-0.524949551
7934f1476fe2c6e458c230f491769c34,7400034,Mankey,0.65,source,RightIndexProximal,0.121086143,1.334743,0.867970645,-0.02318895,0.293393463,-0.953359246,0.06700426
7934f1476fe2c6e458c230f491769c34,7400034,Mankey,0.65,source,RightIndexIntermediate,0.09056201,1.33038652,0.868122458,-0.187539175,-0.215465277,0.61942184,-0.731246531
7934f1476fe2c6e458c230f491769c34,7400034,Mankey,0.65,source,RightIndexDistal,0.0936764255,1.31202221,0.855937958,0.284593642,-2.69788743E-05,0.113196991,0.9519423
7934f1476fe2c6e458c230f491769c34,7400034,Mankey,0.65,source,RightMiddleProximal,0.121117212,1.32155967,0.8848875,0.04910568,0.310269922,-0.943040133,0.109530963
7934f1476fe2c6e458c230f491769c34,7400034,Mankey,0.65,source,RightMiddleIntermediate,0.08922034,1.31577921,0.879615,-0.253664136,-0.157142282,0.5565059,-0.7754112
7934f1476fe2c6e458c230f491769c34,7400034,Mankey,0.65,source,RightMiddleDistal,0.09647231,1.298638,0.868105531,0.286804855,-0.108791418,0.22480835,0.9248619
7934f1476fe2c6e458c230f491769c34,7400034,Mankey,0.65,source,RightRingProximal,0.121081062,1.30976975,0.898080468,0.110878,0.363395035,-0.9083109,0.174992815
7934f1476fe2c6e458c230f491769c34,7400034,Mankey,0.65,source,RightRingIntermediate,0.0924492,1.30233634,0.8877876,-0.341426581,-0.134217963,0.4720563,-0.8016093
7934f1476fe2c6e458c230f491769c34,7400034,Mankey,0.65,source,RightRingDistal,0.1023926,1.289572,0.8774716,0.330005765,-0.197620913,0.313466728,0.8682059
7934f1476fe2c6e458c230f491769c34,7400034,Mankey,0.65,source,RightLittleProximal,0.118395165,1.29430568,0.907458067,0.1916886,0.356782973,-0.9119475,0.06568098
7934f1476fe2c6e458c230f491769c34,7400034,Mankey,0.65,source,RightLittleIntermediate,0.09320468,1.29477465,0.8965783,-0.3793743,-0.102295168,0.6275049,-0.672197461
7934f1476fe2c6e458c230f491769c34,7400034,Mankey,0.65,source,RightLittleDistal,0.09684912,1.28021741,0.884919643,0.333811969,-0.244384855,0.09431274,0.905511856
7934f1476fe2c6e458c230f491769c34,7400034,Mankey,0.65,fighter,AnimatorRoot,0,0,0,0,0,0,1
7934f1476fe2c6e458c230f491769c34,7400034,Mankey,0.65,fighter,Hips,-0.08102265,0.7926801,0.668418765,0.223074362,-0.317320377,-0.58726263,0.7104001
7934f1476fe2c6e458c230f491769c34,7400034,Mankey,0.65,fighter,LeftUpperLeg,-0.1674648,0.7994413,0.7531918,0.529367447,0.7246386,0.215050355,0.385256678
7934f1476fe2c6e458c230f491769c34,7400034,Mankey,0.65,fighter,RightUpperLeg,0.005419481,0.785918951,0.5836457,0.582686961,0.7682246,0.255757928,0.06996247
7934f1476fe2c6e458c230f491769c34,7400034,Mankey,0.65,fighter,LeftLowerLeg,-0.115246065,0.458049774,0.8741955,0.6685944,0.5955263,0.321475029,0.308194637
7934f1476fe2c6e458c230f491769c34,7400034,Mankey,0.65,fighter,RightLowerLeg,0.119287193,0.445202023,0.5139112,0.785603046,0.5725208,0.234371692,-0.0108566284
7934f1476fe2c6e458c230f491769c34,7400034,Mankey,0.65,fighter,LeftFoot,-0.1450469,0.105253786,0.85191834,0.04062114,0.868247747,0.007845521,0.494403124
7934f1476fe2c6e458c230f491769c34,7400034,Mankey,0.65,fighter,RightFoot,0.03606952,0.127890691,0.378865123,0.114234135,0.98350805,0.0130350888,0.139616564
7934f1476fe2c6e458c230f491769c34,7400034,Mankey,0.65,fighter,Spine,-0.0884090662,0.8364794,0.657393634,0.227410376,-0.313769847,-0.596140444,0.7031712
7934f1476fe2c6e458c230f491769c34,7400034,Mankey,0.65,fighter,Chest,-0.1013126,1.07344723,0.625869453,0.387629628,-0.301779866,-0.6806688,0.5434729
7934f1476fe2c6e458c230f491769c34,7400034,Mankey,0.65,fighter,Neck,-0.0824597254,1.35369563,0.6627452,0.478553951,-0.3426216,-0.636782169,0.4981017
7934f1476fe2c6e458c230f491769c34,7400034,Mankey,0.65,fighter,Head,-0.07565129,1.49686432,0.702639937,0.6064561,-0.344380528,-0.6119528,0.3729978
7934f1476fe2c6e458c230f491769c34,7400034,Mankey,0.65,fighter,LeftShoulder,-0.0572666675,1.30474591,0.761537135,0.682702243,0.0245408118,-0.283571,0.6729807
7934f1476fe2c6e458c230f491769c34,7400034,Mankey,0.65,fighter,RightShoulder,-0.00581116835,1.305378,0.7304284,-0.238999367,-0.5873971,-0.670142055,0.385686576
7934f1476fe2c6e458c230f491769c34,7400034,Mankey,0.65,fighter,LeftUpperArm,-0.235124514,1.378644,0.850728,0.705518544,0.438390255,0.0579481572,0.5538049
7934f1476fe2c6e458c230f491769c34,7400034,Mankey,0.65,fighter,RightUpperArm,0.119044088,1.35550141,0.566269457,0.188629642,0.7787674,0.483543128,0.352316171
7934f1476fe2c6e458c230f491769c34,7400034,Mankey,0.65,fighter,LeftLowerArm,-0.40674448,1.18620729,0.9645378,-0.0271986239,0.8875133,-0.435651869,0.147607312
7934f1476fe2c6e458c230f491769c34,7400034,Mankey,0.65,fighter,RightLowerArm,0.3108653,1.176664,0.6695165,-0.430620968,0.395758629,0.00351046026,0.811128139
7934f1476fe2c6e458c230f491769c34,7400034,Mankey,0.65,fighter,LeftHand,-0.161771849,1.231585,1.02567089,0.386515737,-0.8630469,-0.32002598,-0.0577856
7934f1476fe2c6e458c230f491769c34,7400034,Mankey,0.65,fighter,RightHand,0.134699568,1.2626394,0.834990263,0.3386193,0.388903856,-0.5358468,0.6685501
7934f1476fe2c6e458c230f491769c34,7400034,Mankey,0.65,fighter,LeftToes,0.00155399833,0.108343348,1.0914408,0.123727813,0.831818759,0.06429187,0.5372484
7934f1476fe2c6e458c230f491769c34,7400034,Mankey,0.65,fighter,RightToes,0.302155256,0.08854926,0.459629,0.192749873,0.977439463,0.0192371458,0.08420017
7934f1476fe2c6e458c230f491769c34,7400034,Mankey,0.65,fighter,LeftEye,-0.20155488,1.51491952,0.9219872,0.4142916,-0.299287826,-0.5120772,-0.6903384
7934f1476fe2c6e458c230f491769c34,7400034,Mankey,0.65,fighter,RightEye,0.0608949028,1.52304029,0.914839745,0.2774232,-0.4259741,-0.729555845,-0.45752728
7934f1476fe2c6e458c230f491769c34,7400034,Mankey,0.65,fighter,Jaw,-0.06715169,1.32559037,0.8200169,0.671879053,0.186990052,-0.6960423,-0.170701653
7934f1476fe2c6e458c230f491769c34,7400034,Mankey,0.65,fighter,LeftThumbProximal,-0.1231502,1.28884518,1.00072551,0.144720823,-0.9444279,-0.207348585,0.210044578
7934f1476fe2c6e458c230f491769c34,7400034,Mankey,0.65,fighter,LeftThumbIntermediate,-0.08408341,1.3050338,0.9856027,0.137374684,-0.9564358,-0.240724787,-0.09171182
7934f1476fe2c6e458c230f491769c34,7400034,Mankey,0.65,fighter,LeftThumbDistal,-0.0474351346,1.31350839,0.994966745,-0.03498765,-0.547070742,-0.257420182,-0.795754254
7934f1476fe2c6e458c230f491769c34,7400034,Mankey,0.65,fighter,LeftMiddleProximal,-0.0832669,1.34050715,1.02825832,-0.3444453,-0.895982,-0.07209703,0.2708804
7934f1476fe2c6e458c230f491769c34,7400034,Mankey,0.65,fighter,LeftMiddleIntermediate,-0.045909252,1.305441,0.9958062,-0.918644249,-0.320566922,0.07738963,0.217580423
7934f1476fe2c6e458c230f491769c34,7400034,Mankey,0.65,fighter,LeftMiddleDistal,-0.0876477361,1.27222872,0.9959495,-0.866964638,0.460256875,0.186275184,0.0428786837
7934f1476fe2c6e458c230f491769c34,7400034,Mankey,0.65,fighter,LeftRingProximal,-0.0608020574,1.31574726,1.07215548,-0.430327982,-0.823203,-0.153761715,0.3369159
7934f1476fe2c6e458c230f491769c34,7400034,Mankey,0.65,fighter,LeftRingIntermediate,-0.03932672,1.28348267,1.03550887,-0.907429039,-0.253746837,0.100960523,0.319363
7934f1476fe2c6e458c230f491769c34,7400034,Mankey,0.65,fighter,LeftRingDistal,-0.08586854,1.2547648,1.03666592,-0.837814331,0.431393147,0.306824863,0.133514211
7934f1476fe2c6e458c230f491769c34,7400034,Mankey,0.65,fighter,LeftLittleProximal,-0.05803393,1.27112758,1.11243927,-0.397970736,-0.8230093,-0.178253919,0.3640073
7934f1476fe2c6e458c230f491769c34,7400034,Mankey,0.65,fighter,LeftLittleIntermediate,-0.03572519,1.24310839,1.07291186,-0.8785396,-0.325432718,0.0573981851,0.3449167
7934f1476fe2c6e458c230f491769c34,7400034,Mankey,0.65,fighter,LeftLittleDistal,-0.0789670944,1.20928228,1.06607127,-0.883923054,0.2949469,0.305540979,0.195784941
7934f1476fe2c6e458c230f491769c34,7400034,Mankey,0.65,fighter,RightThumbProximal,0.109240748,1.326846,0.859929442,-0.30410254,-0.133526832,0.328659654,-0.884124
7934f1476fe2c6e458c230f491769c34,7400034,Mankey,0.65,fighter,RightThumbIntermediate,0.07563375,1.34929883,0.8795106,0.3687839,0.3836617,-0.270488,0.8022711
7934f1476fe2c6e458c230f491769c34,7400034,Mankey,0.65,fighter,RightThumbDistal,0.0539543852,1.35515332,0.9111067,-0.430860877,-0.859432161,-0.02779904,-0.273793727
7934f1476fe2c6e458c230f491769c34,7400034,Mankey,0.65,fighter,RightMiddleProximal,0.111433163,1.3635689,0.920463145,-0.3408743,0.00166836381,-0.1637937,-0.9257289
7934f1476fe2c6e458c230f491769c34,7400034,Mankey,0.65,fighter,RightMiddleIntermediate,0.0540385172,1.3452456,0.913503349,0.3345044,-0.2745718,0.7793205,0.4531858
7934f1476fe2c6e458c230f491769c34,7400034,Mankey,0.65,fighter,RightMiddleDistal,0.07353206,1.31736636,0.8724189,-0.05960676,0.393188447,-0.873598933,0.2804915
7934f1476fe2c6e458c230f491769c34,7400034,Mankey,0.65,fighter,RightRingProximal,0.112132818,1.32349336,0.9583863,-0.442599833,0.06625669,-0.2065646,-0.870084643
7934f1476fe2c6e458c230f491769c34,7400034,Mankey,0.65,fighter,RightRingIntermediate,0.06381271,1.30744815,0.942483,0.302782476,-0.374157637,0.7900986,0.3795709
7934f1476fe2c6e458c230f491769c34,7400034,Mankey,0.65,fighter,RightRingDistal,0.0927223042,1.28703249,0.9007738,0.08627245,0.4466049,-0.825591743,0.333916456
7934f1476fe2c6e458c230f491769c34,7400034,Mankey,0.65,fighter,RightLittleProximal,0.119306296,1.26610351,0.975008547,-0.412833631,0.121204019,-0.07960299,-0.899189651
7934f1476fe2c6e458c230f491769c34,7400034,Mankey,0.65,fighter,RightLittleIntermediate,0.068209134,1.26380539,0.95987606,0.310976267,-0.3772086,0.681533635,0.544536531
7934f1476fe2c6e458c230f491769c34,7400034,Mankey,0.65,fighter,RightLittleDistal,0.08002389,1.23572016,0.913696647,0.106277026,0.439424455,-0.8827614,0.127844512
7934f1476fe2c6e458c230f491769c34,7400034,Mankey,0.65,fighter,UpperChest,-0.08832192,1.18976033,0.6497192,0.3684981,-0.324864537,-0.646247268,0.5839837
7934f1476fe2c6e458c230f491769c34,7400034,Mankey,0.6666667,source,AnimatorRoot,4.88349556E-08,5.242069E-10,0.6519898,0,0,6.473789E-16,1
7934f1476fe2c6e458c230f491769c34,7400034,Mankey,0.6666667,source,Hips,-0.0810707659,0.7922108,0.6681714,-0.07489681,0.380875915,0.0121151116,0.921508133
7934f1476fe2c6e458c230f491769c34,7400034,Mankey,0.6666667,source,LeftUpperLeg,-0.1522132,0.7956924,0.7387325,-0.3854155,-0.205134034,0.7290703,0.527097166
7934f1476fe2c6e458c230f491769c34,7400034,Mankey,0.6666667,source,RightUpperLeg,-0.009928208,0.7887295,0.5976101,0.297504753,-0.0969172344,-0.5976806,0.738157034
7934f1476fe2c6e458c230f491769c34,7400034,Mankey,0.6666667,source,LeftLowerLeg,-0.09732758,0.450267464,0.867605,-0.3388537,-0.3148133,0.571027935,0.678231657
7934f1476fe2c6e458c230f491769c34,7400034,Mankey,0.6666667,source,RightLowerLeg,0.08950896,0.438337654,0.518384933,0.276030451,0.00145288813,-0.756664455,0.592675447
7934f1476fe2c6e458c230f491769c34,7400034,Mankey,0.6666667,source,LeftFoot,-0.149395257,0.1065137,0.8536718,0.5340821,0.127116233,-0.808005452,-0.2138349
7934f1476fe2c6e458c230f491769c34,7400034,Mankey,0.6666667,source,RightFoot,0.039025452,0.126532391,0.372437,0.182469189,-0.1297693,-0.297757328,0.928011835
7934f1476fe2c6e458c230f491769c34,7400034,Mankey,0.6666667,source,Spine,-0.08885055,0.889088154,0.655547559,-0.03914251,0.380742967,-0.00404193066,0.9238432
7934f1476fe2c6e458c230f491769c34,7400034,Mankey,0.6666667,source,Chest,-0.09051928,1.06795156,0.644381166,0.08985521,0.2875896,-0.003768927,0.953521967
7934f1476fe2c6e458c230f491769c34,7400034,Mankey,0.6666667,source,Neck,-0.07794702,1.267339,0.679644644,0.360067129,0.238056272,-0.0315405,0.901491165
7934f1476fe2c6e458c230f491769c34,7400034,Mankey,0.6666667,source,Head,-0.05811285,1.33151686,0.734740734,0.24813205,0.02133789,0.007429728,0.9684629
7934f1476fe2c6e458c230f491769c34,7400034,Mankey,0.6666667,source,LeftShoulder,-0.104653694,1.22298431,0.68945384,0.0775766745,0.386528134,-0.0138311861,0.9189051
7934f1476fe2c6e458c230f491769c34,7400034,Mankey,0.6666667,source,RightShoulder,-0.0551672,1.22562659,0.65689373,0.946392238,-0.05220187,-0.309627026,-0.0758142
7934f1476fe2c6e458c230f491769c34,7400034,Mankey,0.6666667,source,LeftUpperArm,-0.204170167,1.218078,0.790632,0.0560172461,0.406072468,0.442207724,0.7977592
7934f1476fe2c6e458c230f491769c34,7400034,Mankey,0.6666667,source,RightUpperArm,0.0588333271,1.21825612,0.5725466,0.862710834,-0.410969377,0.176453143,0.236005872
7934f1476fe2c6e458c230f491769c34,7400034,Mankey,0.6666667,source,LeftLowerArm,-0.267409444,1.04791331,0.926201463,-0.5025511,0.803901553,0.309359044,0.0740397945
7934f1476fe2c6e458c230f491769c34,7400034,Mankey,0.6666667,source,RightLowerArm,0.194764033,1.07647,0.685476542,0.264988571,-0.167551026,0.76963,0.5562172
7934f1476fe2c6e458c230f491769c34,7400034,Mankey,0.6666667,source,LeftHand,-0.153021872,1.22807789,1.02783823,-0.3637043,0.8780048,0.278725177,-0.138345346
7934f1476fe2c6e458c230f491769c34,7400034,Mankey,0.6666667,source,RightHand,0.137839749,1.25785625,0.825950563,0.2080148,-0.281769931,0.7629269,0.5433954
7934f1476fe2c6e458c230f491769c34,7400034,Mankey,0.6666667,source,LeftToes,-0.09877526,0.0344398,0.974766,0.5490238,0.0009057723,-0.8354321,-0.0250123441
7934f1476fe2c6e458c230f491769c34,7400034,Mankey,0.6666667,source,RightToes,0.157167733,0.0366901942,0.3922306,0.3176692,-0.105627216,-0.0403835326,0.9414344
7934f1476fe2c6e458c230f491769c34,7400034,Mankey,0.6666667,source,LeftThumbProximal,-0.154314563,1.242308,1.01261938,-0.3821526,0.666772366,-0.6384722,-0.04156886
7934f1476fe2c6e458c230f491769c34,7400034,Mankey,0.6666667,source,LeftThumbIntermediate,-0.122888088,1.26267433,0.988377,-0.151715428,0.7810525,-0.5934139,0.121655233
7934f1476fe2c6e458c230f491769c34,7400034,Mankey,0.6666667,source,LeftThumbDistal,-0.0951659754,1.27411222,0.9886762,0.520884931,0.636324167,-0.2526881,0.509823561
7934f1476fe2c6e458c230f491769c34,7400034,Mankey,0.6666667,source,LeftIndexProximal,-0.116978012,1.29807222,1.01129246,0.310270667,0.8973974,0.02394697,-0.312788874
7934f1476fe2c6e458c230f491769c34,7400034,Mankey,0.6666667,source,LeftIndexIntermediate,-0.09811396,1.28136337,0.9935241,0.879403651,0.356525421,-0.227945134,-0.218129441
7934f1476fe2c6e458c230f491769c34,7400034,Mankey,0.6666667,source,LeftIndexDistal,-0.112398811,1.26519477,0.998984933,0.8358065,-0.4430876,-0.32255587,0.03254361
7934f1476fe2c6e458c230f491769c34,7400034,Mankey,0.6666667,source,LeftMiddleProximal,-0.106527284,1.29119241,1.0287118,0.317597866,0.8858956,0.0581201352,-0.3330806
7934f1476fe2c6e458c230f491769c34,7400034,Mankey,0.6666667,source,LeftMiddleIntermediate,-0.08759684,1.27398241,1.00811625,0.8700651,0.35308826,-0.22736384,-0.258111477
7934f1476fe2c6e458c230f491769c34,7400034,Mankey,0.6666667,source,LeftMiddleDistal,-0.101759046,1.257971,1.01278484,0.8208291,-0.443526357,-0.359877259,0.00357824867
7934f1476fe2c6e458c230f491769c34,7400034,Mankey,0.6666667,source,LeftRingProximal,-0.0984163657,1.28445148,1.042918,0.4095724,0.81475085,0.0881905258,-0.400816917
7934f1476fe2c6e458c230f491769c34,7400034,Mankey,0.6666667,source,LeftRingIntermediate,-0.0876677558,1.26576293,1.02019966,0.8634324,0.2745559,-0.248627722,-0.3424732
7934f1476fe2c6e458c230f491769c34,7400034,Mankey,0.6666667,source,LeftRingDistal,-0.101593465,1.25339532,1.02483058,0.787457168,-0.431822151,-0.4336276,-0.07354246
7934f1476fe2c6e458c230f491769c34,7400034,Mankey,0.6666667,source,LeftLittleProximal,-0.0910585448,1.272426,1.05456,0.389167219,0.8067861,0.125439242,-0.426509678
7934f1476fe2c6e458c230f491769c34,7400034,Mankey,0.6666667,source,LeftLittleIntermediate,-0.08191157,1.2581284,1.03299224,0.821414053,0.337386072,-0.220350191,-0.4036036
7934f1476fe2c6e458c230f491769c34,7400034,Mankey,0.6666667,source,LeftLittleDistal,-0.09473942,1.24421954,1.03469551,0.8281801,-0.2872985,-0.446886331,-0.1785231
7934f1476fe2c6e458c230f491769c34,7400034,Mankey,0.6666667,source,RightThumbProximal,0.134443521,1.27695942,0.8182493,0.311080575,0.604420662,0.6921138,0.242659256
7934f1476fe2c6e458c230f491769c34,7400034,Mankey,0.6666667,source,RightThumbIntermediate,0.103720538,1.30871916,0.8243734,-0.441511273,-0.463778824,-0.7664722,-0.0499788933
7934f1476fe2c6e458c230f491769c34,7400034,Mankey,0.6666667,source,RightThumbDistal,0.08557262,1.32329869,0.8432808,0.6187431,-0.0395462327,0.5867493,-0.520882964
7934f1476fe2c6e458c230f491769c34,7400034,Mankey,0.6666667,source,RightIndexProximal,0.123090483,1.33060932,0.856956363,-0.0231438968,0.2805729,-0.9567124,0.07378955
7934f1476fe2c6e458c230f491769c34,7400034,Mankey,0.6666667,source,RightIndexIntermediate,0.09262513,1.32585752,0.8570458,-0.178411946,-0.206412613,0.6168333,-0.7382957
7934f1476fe2c6e458c230f491769c34,7400034,Mankey,0.6666667,source,RightIndexDistal,0.0960520059,1.30722475,0.8453635,0.271806926,0.000479958719,0.120244659,0.9548103
7934f1476fe2c6e458c230f491769c34,7400034,Mankey,0.6666667,source,RightMiddleProximal,0.123189323,1.31787264,0.8742119,0.04844696,0.2979278,-0.9461225,0.117237478
7934f1476fe2c6e458c230f491769c34,7400034,Mankey,0.6666667,source,RightMiddleIntermediate,0.09140295,1.31153822,0.8689083,-0.244147226,-0.149217382,0.5526787,-0.782734454
7934f1476fe2c6e458c230f491769c34,7400034,Mankey,0.6666667,source,RightMiddleDistal,0.09894696,1.2942,0.857892632,0.274749637,-0.106721379,0.233092338,0.9267102
7934f1476fe2c6e458c230f491769c34,7400034,Mankey,0.6666667,source,RightRingProximal,0.12322554,1.30643094,0.887707949,0.108908556,0.35170877,-0.911479,0.183429062
7934f1476fe2c6e458c230f491769c34,7400034,Mankey,0.6666667,source,RightRingIntermediate,0.09475597,1.29835653,0.8774477,-0.33145678,-0.127892345,0.467507571,-0.8094548
7934f1476fe2c6e458c230f491769c34,7400034,Mankey,0.6666667,source,RightRingDistal,0.104927063,1.28545952,0.867526352,0.319001436,-0.193934008,0.322658151,0.8697815
7934f1476fe2c6e458c230f491769c34,7400034,Mankey,0.6666667,source,RightLittleProximal,0.12068326,1.29118252,0.897470653,0.191190168,0.345902264,-0.9155028,0.07518767
7934f1476fe2c6e458c230f491769c34,7400034,Mankey,0.6666667,source,RightLittleIntermediate,0.0955557749,1.291037,0.8864373,-0.371758729,-0.09457735,0.623254657,-0.6814727
7934f1476fe2c6e458c230f491769c34,7400034,Mankey,0.6666667,source,RightLittleDistal,0.09946007,1.27623022,0.8751842,0.323276818,-0.243637979,0.104393445,0.9084246
7934f1476fe2c6e458c230f491769c34,7400034,Mankey,0.6666667,fighter,AnimatorRoot,0,0,0,0,0,0,1
7934f1476fe2c6e458c230f491769c34,7400034,Mankey,0.6666667,fighter,Hips,-0.08107076,0.7922108,0.668171346,0.219361782,-0.315298378,-0.5889606,0.71105057
7934f1476fe2c6e458c230f491769c34,7400034,Mankey,0.6666667,fighter,LeftUpperLeg,-0.166775852,0.7994188,0.753653049,0.5298128,0.7259206,0.2097173,0.385170877
7934f1476fe2c6e458c230f491769c34,7400034,Mankey,0.6666667,fighter,RightUpperLeg,0.00463430677,0.785002768,0.5826897,0.5852996,0.7637893,0.2620852,0.07322475
7934f1476fe2c6e458c230f491769c34,7400034,Mankey,0.6666667,fighter,LeftLowerLeg,-0.114854008,0.4588109,0.8769705,0.675379634,0.592988133,0.315723836,0.30421412
7934f1476fe2c6e458c230f491769c34,7400034,Mankey,0.6666667,fighter,RightLowerLeg,0.11592681,0.44376725,0.511352241,0.7799919,0.573204756,0.251095742,0.000105798244
7934f1476fe2c6e458c230f491769c34,7400034,Mankey,0.6666667,fighter,LeftFoot,-0.1493953,0.106513619,0.853671849,0.04380675,0.874513268,0.009633049,0.482923567
7934f1476fe2c6e458c230f491769c34,7400034,Mankey,0.6666667,fighter,RightFoot,0.0390255451,0.12653251,0.37243703,0.110771626,0.9800788,0.0170712322,0.163962871
7934f1476fe2c6e458c230f491769c34,7400034,Mankey,0.6666667,fighter,Spine,-0.08841407,0.8360096,0.6571156,0.223735973,-0.312826663,-0.6004259,0.701121032
7934f1476fe2c6e458c230f491769c34,7400034,Mankey,0.6666667,fighter,Chest,-0.09906569,1.073086,0.6255666,0.374611676,-0.292247832,-0.6874944,0.549189568
7934f1476fe2c6e458c230f491769c34,7400034,Mankey,0.6666667,fighter,Neck,-0.07884636,1.35338664,0.6613063,0.4697532,-0.337634563,-0.642561436,0.5024441
7934f1476fe2c6e458c230f491769c34,7400034,Mankey,0.6666667,fighter,Head,-0.07084731,1.4966476,0.700644255,0.601584435,-0.345361352,-0.615513146,0.374120116
7934f1476fe2c6e458c230f491769c34,7400034,Mankey,0.6666667,fighter,LeftShoulder,-0.050036788,1.30458009,0.759176433,0.6784258,0.0352225453,-0.288762629,0.6746217
7934f1476fe2c6e458c230f491769c34,7400034,Mankey,0.6666667,fighter,RightShoulder,0.000238500579,1.305159,0.7261933,-0.247461677,-0.58268857,-0.6680441,0.391093731
7934f1476fe2c6e458c230f491769c34,7400034,Mankey,0.6666667,fighter,LeftUpperArm,-0.226362273,1.37713051,0.852423668,0.709226,0.439447969,0.06067151,0.5479085
7934f1476fe2c6e458c230f491769c34,7400034,Mankey,0.6666667,fighter,RightUpperArm,0.12156333,1.35485709,0.559280932,0.196307153,0.778853059,0.4832257,0.348345459
7934f1476fe2c6e458c230f491769c34,7400034,Mankey,0.6666667,fighter,LeftLowerArm,-0.397276968,1.18270624,0.9638932,-0.0255415663,0.88908875,-0.4308074,0.152559608
7934f1476fe2c6e458c230f491769c34,7400034,Mankey,0.6666667,fighter,RightLowerArm,0.313286871,1.17378438,0.6587441,-0.4273971,0.397470534,0.007406734,0.8119694
7934f1476fe2c6e458c230f491769c34,7400034,Mankey,0.6666667,fighter,LeftHand,-0.1530221,1.228078,1.02783835,0.3816271,-0.866325259,-0.317266345,-0.05642829
7934f1476fe2c6e458c230f491769c34,7400034,Mankey,0.6666667,fighter,RightHand,0.137839809,1.257856,0.8259504,0.328912854,0.382094681,-0.535490632,0.677547038
7934f1476fe2c6e458c230f491769c34,7400034,Mankey,0.6666667,fighter,LeftToes,0.00339767081,0.107458651,1.089311,0.125009909,0.838730752,0.06347587,0.526188552
7934f1476fe2c6e458c230f491769c34,7400034,Mankey,0.6666667,fighter,RightToes,0.301007658,0.0887819,0.466312,0.187464431,0.9759607,0.02467905,0.108392894
7934f1476fe2c6e458c230f491769c34,7400034,Mankey,0.6666667,fighter,LeftEye,-0.194370762,1.516253,0.9212083,0.412060916,-0.3050105,-0.511633635,-0.6894969
7934f1476fe2c6e458c230f491769c34,7400034,Mankey,0.6666667,fighter,RightEye,0.06803393,1.52281249,0.9113245,0.2732679,-0.430501044,-0.7288431,-0.456926346
7934f1476fe2c6e458c230f491769c34,7400034,Mankey,0.6666667,fighter,Jaw,-0.06213028,1.325764,0.81857276,0.6691383,0.182844877,-0.6993491,-0.172433689
7934f1476fe2c6e458c230f491769c34,7400034,Mankey,0.6666667,fighter,LeftThumbProximal,-0.113900565,1.28474772,1.00233,0.137297958,-0.9461367,-0.205722645,0.208934218
7934f1476fe2c6e458c230f491769c34,7400034,Mankey,0.6666667,fighter,LeftThumbIntermediate,-0.0746038258,1.3002764,0.987111032,0.128948972,-0.958391368,-0.23709628,-0.09297593
7934f1476fe2c6e458c230f491769c34,7400034,Mankey,0.6666667,fighter,LeftThumbDistal,-0.03779977,1.30814838,0.9963894,-0.037635915,-0.5479018,-0.248619467,-0.797857642
7934f1476fe2c6e458c230f491769c34,7400034,Mankey,0.6666667,fighter,LeftMiddleProximal,-0.0733784959,1.33619094,1.02933466,-0.350857019,-0.8931301,-0.06982514,0.272659719
7934f1476fe2c6e458c230f491769c34,7400034,Mankey,0.6666667,fighter,LeftMiddleIntermediate,-0.0366788544,1.3004899,0.9968242,-0.9213661,-0.312713742,0.07653798,0.217800736
7934f1476fe2c6e458c230f491769c34,7400034,Mankey,0.6666667,fighter,LeftMiddleDistal,-0.0789619461,1.26797426,0.997081161,-0.8630036,0.467595816,0.1862616,0.04343115
7934f1476fe2c6e458c230f491769c34,7400034,Mankey,0.6666667,fighter,LeftRingProximal,-0.0510079451,1.3115201,1.07332993,-0.436031342,-0.819918334,-0.152446583,0.3381878
7934f1476fe2c6e458c230f491769c34,7400034,Mankey,0.6666667,fighter,LeftRingIntermediate,-0.0301512387,1.278881,1.03665769,-0.909544945,-0.245846346,0.09934464,0.320029318
7934f1476fe2c6e458c230f491769c34,7400034,Mankey,0.6666667,fighter,LeftRingDistal,-0.07716029,1.25093961,1.0379355,-0.833959758,0.438598841,0.306357652,0.135231882
7934f1476fe2c6e458c230f491769c34,7400034,Mankey,0.6666667,fighter,LeftLittleProximal,-0.0485530719,1.26717031,1.11393082,-0.4035603,-0.820093751,-0.177102432,0.364994347
7934f1476fe2c6e458c230f491769c34,7400034,Mankey,0.6666667,fighter,LeftLittleIntermediate,-0.02679888,1.23876,1.07437372,-0.8811292,-0.317719,0.0557199121,0.345777243
7934f1476fe2c6e458c230f491769c34,7400034,Mankey,0.6666667,fighter,LeftLittleDistal,-0.070610866,1.2056514,1.06765,-0.88106364,0.302495182,0.305070162,0.197879985
7934f1476fe2c6e458c230f491769c34,7400034,Mankey,0.6666667,fighter,RightThumbProximal,0.111397892,1.3223505,0.8490562,-0.291654,-0.125929356,0.323901832,-0.8911609
7934f1476fe2c6e458c230f491769c34,7400034,Mankey,0.6666667,fighter,RightThumbIntermediate,0.07733501,1.34497857,0.8676215,0.3554205,0.377902269,-0.2704499,0.811001241
7934f1476fe2c6e458c230f491769c34,7400034,Mankey,0.6666667,fighter,RightThumbDistal,0.0553139932,1.35157,0.8988338,-0.4218015,-0.8608669,-0.0178474486,-0.284030974
7934f1476fe2c6e458c230f491769c34,7400034,Mankey,0.6666667,fighter,RightMiddleProximal,0.112743661,1.36066341,0.90862143,-0.328231871,-4.11272049E-05,-0.171336442,-0.9289285
7934f1476fe2c6e458c230f491769c34,7400034,Mankey,0.6666667,fighter,RightMiddleIntermediate,0.0556552671,1.34135592,0.9018045,0.3255014,-0.2616991,0.7879779,0.452386618
7934f1476fe2c6e458c230f491769c34,7400034,Mankey,0.6666667,fighter,RightMiddleDistal,0.0758599639,1.31241488,0.8618126,-0.06290108,0.3773678,-0.878302753,0.286742866
7934f1476fe2c6e458c230f491769c34,7400034,Mankey,0.6666667,fighter,RightRingProximal,0.113731623,1.32160211,0.947582066,-0.430855334,0.06279646,-0.215415418,-0.8740805
7934f1476fe2c6e458c230f491769c34,7400034,Mankey,0.6666667,fighter,RightRingIntermediate,0.06576239,1.30440128,0.9318252,0.2955723,-0.361120671,0.799676836,0.377817959
7934f1476fe2c6e458c230f491769c34,7400034,Mankey,0.6666667,fighter,RightRingDistal,0.0952889845,1.28302455,0.89104,0.08163908,0.432354033,-0.830181837,0.3423507
7934f1476fe2c6e458c230f491769c34,7400034,Mankey,0.6666667,fighter,RightLittleProximal,0.121547557,1.26476371,0.9657392,-0.401412368,0.120568365,-0.0896114856,-0.903494239
7934f1476fe2c6e458c230f491769c34,7400034,Mankey,0.6666667,fighter,RightLittleIntermediate,0.0706146657,1.26128948,0.9502807,0.301814765,-0.366070449,0.6925424,0.5434022
7934f1476fe2c6e458c230f491769c34,7400034,Mankey,0.6666667,fighter,RightLittleDistal,0.08318719,1.23187351,0.9051416,0.1047456,0.4250974,-0.8885187,0.137316182
7934f1476fe2c6e458c230f491769c34,7400034,Mankey,0.6666667,fighter,UpperChest,-0.08519678,1.18943274,0.648748755,0.356085867,-0.314556122,-0.6527116,0.5901062
7934f1476fe2c6e458c230f491769c34,7400034,Mankey,0.683333337,source,AnimatorRoot,4.91257559E-08,5.273284E-10,0.6558722,0,0,6.6243424E-16,1
7934f1476fe2c6e458c230f491769c34,7400034,Mankey,0.683333337,source,Hips,-0.0805009753,0.791488945,0.6675643,-0.07581557,0.3835648,0.0101335188,0.9203409
7934f1476fe2c6e458c230f491769c34,7400034,Mankey,0.683333337,source,LeftUpperLeg,-0.1512401,0.7954501,0.7385045,-0.38638106,-0.201035276,0.728665233,0.528527856
7934f1476fe2c6e458c230f491769c34,7400034,Mankey,0.683333337,source,RightUpperLeg,-0.00976175349,0.7875281,0.5966238,0.304006875,-0.09925189,-0.6005438,0.732854843
7934f1476fe2c6e458c230f491769c34,7400034,Mankey,0.683333337,source,LeftLowerLeg,-0.09803585,0.450440168,0.8691813,-0.3349175,-0.307955056,0.5701104,0.68408215
7934f1476fe2c6e458c230f491769c34,7400034,Mankey,0.683333337,source,RightLowerLeg,0.0867764354,0.436935633,0.5147451,0.293087184,-0.009934207,-0.751015961,0.5915881
7934f1476fe2c6e458c230f491769c34,7400034,Mankey,0.683333337,source,LeftFoot,-0.153804526,0.107259087,0.855453253,0.520928264,0.124848507,-0.8157104,-0.218320221
7934f1476fe2c6e458c230f491769c34,7400034,Mankey,0.683333337,source,RightFoot,0.042152144,0.125723019,0.3656567,0.191420227,-0.152511328,-0.290778935,0.924957633
7934f1476fe2c6e458c230f491769c34,7400034,Mankey,0.683333337,source,Spine,-0.08802907,0.888347745,0.6546492,-0.0373377763,0.3828946,-0.008675382,0.9229964
7934f1476fe2c6e458c230f491769c34,7400034,Mankey,0.683333337,source,Chest,-0.0879367739,1.06721652,0.6434428,0.08825585,0.302093744,-0.00613479037,0.9491643
7934f1476fe2c6e458c230f491769c34,7400034,Mankey,0.683333337,source,Neck,-0.07409903,1.26671255,0.677600265,0.357575774,0.249589,-0.03821751,0.8991019
7934f1476fe2c6e458c230f491769c34,7400034,Mankey,0.683333337,source,Head,-0.0526213236,1.33112025,0.7318049,0.246104419,0.0246322975,0.00380444457,0.968923032
7934f1476fe2c6e458c230f491769c34,7400034,Mankey,0.683333337,source,LeftShoulder,-0.100535765,1.22242129,0.688378751,0.07760537,0.395008355,-0.0125612961,0.915307641
7934f1476fe2c6e458c230f491769c34,7400034,Mankey,0.683333337,source,RightShoulder,-0.05206632,1.22489643,0.6543106,0.9443602,-0.0549905524,-0.3159641,-0.07298236
7934f1476fe2c6e458c230f491769c34,7400034,Mankey,0.683333337,source,LeftUpperArm,-0.198179483,1.21698058,0.791338563,0.06239364,0.4076895,0.445141166,0.794824362
7934f1476fe2c6e458c230f491769c34,7400034,Mankey,0.683333337,source,RightUpperArm,0.0607233569,1.2166903,0.5684267,0.8629085,-0.416217536,0.163454741,0.235445589
7934f1476fe2c6e458c230f491769c34,7400034,Mankey,0.683333337,source,LeftLowerArm,-0.259643,1.04512835,0.92558974,-0.501983,0.8021736,0.313877344,0.07753829
7934f1476fe2c6e458c230f491769c34,7400034,Mankey,0.683333337,source,RightLowerArm,0.196688965,1.07138371,0.6767454,0.267760873,-0.166331187,0.7685545,0.5567425
7934f1476fe2c6e458c230f491769c34,7400034,Mankey,0.683333337,source,LeftHand,-0.145236209,1.22398973,1.02948189,-0.362063,0.8791982,0.27729845,-0.137938231
7934f1476fe2c6e458c230f491769c34,7400034,Mankey,0.683333337,source,RightHand,0.140739277,1.25261283,0.8178125,0.202496111,-0.273676783,0.7713099,0.5377522
7934f1476fe2c6e458c230f491769c34,7400034,Mankey,0.683333337,source,LeftToes,-0.09960901,0.03445051,0.974544,0.5356962,0.0010853298,-0.844002664,-0.026241038
7934f1476fe2c6e458c230f491769c34,7400034,Mankey,0.683333337,source,RightToes,0.159601882,0.03643469,0.391233116,0.319623917,-0.128233254,-0.02855935,0.938393
7934f1476fe2c6e458c230f491769c34,7400034,Mankey,0.683333337,source,LeftThumbProximal,-0.1464602,1.23817372,1.01421428,-0.3805149,0.666416466,-0.639728665,-0.04295899
7934f1476fe2c6e458c230f491769c34,7400034,Mankey,0.683333337,source,LeftThumbIntermediate,-0.114932738,1.25834656,0.9899412,-0.150171787,0.7802632,-0.595018446,0.120795526
7934f1476fe2c6e458c230f491769c34,7400034,Mankey,0.683333337,source,LeftThumbDistal,-0.08717019,1.269686,0.9902349,0.5213223,0.6346709,-0.2543553,0.5106077
7934f1476fe2c6e458c230f491769c34,7400034,Mankey,0.683333337,source,LeftIndexProximal,-0.108922511,1.29379892,1.01274574,0.312383771,0.897061348,0.0231948718,-0.311704665
7934f1476fe2c6e458c230f491769c34,7400034,Mankey,0.683333337,source,LeftIndexIntermediate,-0.0900978,1.27696359,0.9950552,0.880535662,0.354697227,-0.2276335,-0.216865316
7934f1476fe2c6e458c230f491769c34,7400034,Mankey,0.683333337,source,LeftIndexDistal,-0.104446858,1.26086473,1.00055289,0.8351445,-0.44513917,-0.321387678,0.03309792
7934f1476fe2c6e458c230f491769c34,7400034,Mankey,0.683333337,source,LeftMiddleProximal,-0.09851666,1.28694,1.0302,0.319704026,0.885615349,0.0574278124,-0.331929564
7934f1476fe2c6e458c230f491769c34,7400034,Mankey,0.683333337,source,LeftMiddleIntermediate,-0.07962419,1.26959372,1.00968421,0.871257246,0.351300955,-0.226980343,-0.256863743
7934f1476fe2c6e458c230f491769c34,7400034,Mankey,0.683333337,source,LeftMiddleDistal,-0.09384905,1.25364888,1.01438928,0.8202362,-0.445596278,-0.358665019,0.00404055649
7934f1476fe2c6e458c230f491769c34,7400034,Mankey,0.683333337,source,LeftRingProximal,-0.0904464647,1.28021741,1.04443812,0.411646247,0.8143956,0.08779146,-0.3995003
7934f1476fe2c6e458c230f491769c34,7400034,Mankey,0.683333337,source,LeftRingIntermediate,-0.07973855,1.261415,1.0217948,0.8646367,0.272794634,-0.2479662,-0.341320217
7934f1476fe2c6e458c230f491769c34,7400034,Mankey,0.683333337,source,LeftRingDistal,-0.09371388,1.24911273,1.0264504,0.7870567,-0.433910042,-0.432315946,-0.0732606649
7934f1476fe2c6e458c230f491769c34,7400034,Mankey,0.683333337,source,LeftLittleProximal,-0.08314541,1.26820445,1.05612862,0.39124763,0.806544542,0.12508747,-0.425164878
7934f1476fe2c6e458c230f491769c34,7400034,Mankey,0.683333337,source,LeftLittleIntermediate,-0.07402464,1.25380254,1.03461933,0.8228162,0.335782528,-0.219708309,-0.402432919
7934f1476fe2c6e458c230f491769c34,7400034,Mankey,0.683333337,source,LeftLittleDistal,-0.08690425,1.23994529,1.03635383,0.828220844,-0.289420545,-0.445603281,-0.1781126
7934f1476fe2c6e458c230f491769c34,7400034,Mankey,0.683333337,source,RightThumbProximal,0.137051418,1.27148819,0.809695363,0.30092445,0.6135648,0.68894273,0.2415387
7934f1476fe2c6e458c230f491769c34,7400034,Mankey,0.683333337,source,RightThumbIntermediate,0.105725475,1.30280852,0.814970553,-0.434369,-0.475486249,-0.763429344,-0.0491180681
7934f1476fe2c6e458c230f491769c34,7400034,Mankey,0.683333337,source,RightThumbDistal,0.08719724,1.31744576,0.8334598,0.6225882,-0.0262619089,0.584365547,-0.519818962
7934f1476fe2c6e458c230f491769c34,7400034,Mankey,0.683333337,source,RightIndexProximal,0.124488778,1.325713,0.847209454,-0.0234179851,0.270191967,-0.958934367,0.08302534
7934f1476fe2c6e458c230f491769c34,7400034,Mankey,0.683333337,source,RightIndexIntermediate,0.0941135,1.3204155,0.84721154,-0.170829788,-0.199281573,0.611713,-0.7462653
7934f1476fe2c6e458c230f491769c34,7400034,Mankey,0.683333337,source,RightIndexDistal,0.09794913,1.30161,0.83594,0.2615041,0.00116490561,0.129665852,0.9564527
7934f1476fe2c6e458c230f491769c34,7400034,Mankey,0.683333337,source,RightMiddleProximal,0.1247039,1.31333971,0.864726067,0.0475262925,0.288161755,-0.9479095,0.127169937
7934f1476fe2c6e458c230f491769c34,7400034,Mankey,0.683333337,source,RightMiddleIntermediate,0.0930711,1.3063246,0.8593612,-0.236410454,-0.143207863,0.546365738,-0.790623844
7934f1476fe2c6e458c230f491769c34,7400034,Mankey,0.683333337,source,RightMiddleDistal,0.100995652,1.28890109,0.848754466,0.265346229,-0.10474173,0.243369818,0.927033961
7934f1476fe2c6e458c230f491769c34,7400034,Mankey,0.683333337,source,RightRingProximal,0.12485756,1.30218184,0.878456831,0.106703505,0.3426315,-0.913041353,0.193839282
7934f1476fe2c6e458c230f491769c34,7400034,Mankey,0.683333337,source,RightRingIntermediate,0.0966043249,1.29338479,0.86819303,-0.3233582,-0.12346822,0.460467279,-0.8174137
7934f1476fe2c6e458c230f491769c34,7400034,Mankey,0.683333337,source,RightRingDistal,0.107068807,1.280471,0.858603954,0.310685724,-0.190440878,0.3334579,0.8694899
7934f1476fe2c6e458c230f491769c34,7400034,Mankey,0.683333337,source,RightLittleProximal,0.122525707,1.28709483,0.888518631,0.190163463,0.3378641,-0.917718649,0.08647903
7934f1476fe2c6e458c230f491769c34,7400034,Mankey,0.683333337,source,RightLittleIntermediate,0.09747687,1.28626812,0.877337337,-0.36577183,-0.08930763,0.6168772,-0.691157043
7934f1476fe2c6e458c230f491769c34,7400034,Mankey,0.683333337,source,RightLittleDistal,0.10171853,1.27130473,0.8664185,0.3156938,-0.24248451,0.116090618,0.909979165
7934f1476fe2c6e458c230f491769c34,7400034,Mankey,0.683333337,fighter,AnimatorRoot,0,0,0,0,0,0,1
7934f1476fe2c6e458c230f491769c34,7400034,Mankey,0.683333337,fighter,Hips,-0.08050097,0.7914889,0.6675642,0.216271609,-0.314136535,-0.5899666,0.711677134
7934f1476fe2c6e458c230f491769c34,7400034,Mankey,0.683333337,fighter,LeftUpperLeg,-0.1656648,0.7991077,0.753549755,0.5306067,0.7258122,0.205480725,0.3865631
7934f1476fe2c6e458c230f491769c34,7400034,Mankey,0.683333337,fighter,RightUpperLeg,0.00466285553,0.783870161,0.581578732,0.5871826,0.7599546,0.2682129,0.0758122653
7934f1476fe2c6e458c230f491769c34,7400034,Mankey,0.683333337,fighter,LeftLowerLeg,-0.115145549,0.459105045,0.879099667,0.681458056,0.591417253,0.309416234,0.300170481
7934f1476fe2c6e458c230f491769c34,7400034,Mankey,0.683333337,fighter,RightLowerLeg,0.11405725,0.442393631,0.50848037,0.7753942,0.572006,0.2673269,0.01045984
7934f1476fe2c6e458c230f491769c34,7400034,Mankey,0.683333337,fighter,LeftFoot,-0.153804556,0.107259087,0.8554532,0.04643607,0.8819405,0.0103035271,0.4689549
7934f1476fe2c6e458c230f491769c34,7400034,Mankey,0.683333337,fighter,RightFoot,0.04215212,0.125723213,0.3656567,0.107968517,0.975851953,0.0214696079,0.188666761
7934f1476fe2c6e458c230f491769c34,7400034,Mankey,0.683333337,fighter,Spine,-0.08781891,0.8352738,0.6564366,0.221192211,-0.31207478,-0.604102731,0.699101865
7934f1476fe2c6e458c230f491769c34,7400034,Mankey,0.683333337,fighter,Chest,-0.09651666,1.07245255,0.6250591,0.3637442,-0.2840503,-0.6927694,0.55414474
7934f1476fe2c6e458c230f491769c34,7400034,Mankey,0.683333337,fighter,Neck,-0.0754388645,1.35281527,0.659799933,0.462437332,-0.3336406,-0.6470204,0.5061624
7934f1476fe2c6e458c230f491769c34,7400034,Mankey,0.683333337,fighter,Head,-0.06652655,1.49617445,0.6985806,0.5973418,-0.3467735,-0.6181899,0.3751965
7934f1476fe2c6e458c230f491769c34,7400034,Mankey,0.683333337,fighter,LeftShoulder,-0.043588955,1.30415964,0.756799042,0.6749763,0.04476884,-0.2921741,0.676045537
7934f1476fe2c6e458c230f491769c34,7400034,Mankey,0.683333337,fighter,RightShoulder,0.00564638758,1.30473518,0.722282767,-0.252924949,-0.579388738,-0.6669091,0.394423872
7934f1476fe2c6e458c230f491769c34,7400034,Mankey,0.683333337,fighter,LeftUpperArm,-0.218749076,1.37518,0.8533618,0.7124232,0.44122985,0.06479542,0.5418222
7934f1476fe2c6e458c230f491769c34,7400034,Mankey,0.683333337,fighter,RightUpperArm,0.124700293,1.35419047,0.5536718,0.206150591,0.777195,0.483566552,0.345881075
7934f1476fe2c6e458c230f491769c34,7400034,Mankey,0.683333337,fighter,LeftLowerArm,-0.388487369,1.17819679,0.9621024,-0.0243559368,0.890877366,-0.424799651,0.159029439
7934f1476fe2c6e458c230f491769c34,7400034,Mankey,0.683333337,fighter,RightLowerArm,0.3151551,1.16959381,0.649008751,-0.424488634,0.3999397,0.009797357,0.81225723
7934f1476fe2c6e458c230f491769c34,7400034,Mankey,0.683333337,fighter,LeftHand,-0.1452365,1.22398961,1.029482,0.3803533,-0.8675011,-0.315499485,-0.05686713
7934f1476fe2c6e458c230f491769c34,7400034,Mankey,0.683333337,fighter,RightHand,0.140739188,1.25261259,0.8178123,0.320110142,0.377333343,-0.532271266,0.6869039
7934f1476fe2c6e458c230f491769c34,7400034,Mankey,0.683333337,fighter,LeftToes,0.00635717437,0.10661196,1.08614814,0.127192974,0.846797049,0.06208369,0.5127403
7934f1476fe2c6e458c230f491769c34,7400034,Mankey,0.683333337,fighter,RightToes,0.2992143,0.08907322,0.472652,0.182907075,0.9736198,0.03050591,0.132963464
7934f1476fe2c6e458c230f491769c34,7400034,Mankey,0.683333337,fighter,LeftEye,-0.188144654,1.51739383,0.92005223,0.410668671,-0.310017616,-0.5108069,-0.688706636
7934f1476fe2c6e458c230f491769c34,7400034,Mankey,0.683333337,fighter,RightEye,0.07420186,1.52251315,0.908009768,0.270154655,-0.434666157,-0.7277927,-0.456508219
7934f1476fe2c6e458c230f491769c34,7400034,Mankey,0.683333337,fighter,Jaw,-0.0577536263,1.32576,0.817182064,0.6671468,0.178841248,-0.702000141,-0.173571825
7934f1476fe2c6e458c230f491769c34,7400034,Mankey,0.683333337,fighter,LeftThumbProximal,-0.105882287,1.28043377,1.003831,0.133974642,-0.9474183,-0.204880238,0.206093863
7934f1476fe2c6e458c230f491769c34,7400034,Mankey,0.683333337,fighter,LeftThumbIntermediate,-0.06639874,1.29562747,0.988758266,0.124267258,-0.959163547,-0.235315725,-0.0958674252
7934f1476fe2c6e458c230f491769c34,7400034,Mankey,0.683333337,fighter,LeftThumbDistal,-0.0295451153,1.30311906,0.998154,-0.0392995141,-0.5465056,-0.243752629,-0.8002332
7934f1476fe2c6e458c230f491769c34,7400034,Mankey,0.683333337,fighter,LeftMiddleProximal,-0.06520754,1.3318212,1.03071213,-0.353555,-0.8919761,-0.06923431,0.273102224
7934f1476fe2c6e458c230f491769c34,7400034,Mankey,0.683333337,fighter,LeftMiddleIntermediate,-0.0287677683,1.29586136,0.998194337,-0.922749,-0.308714151,0.07369971,0.21863012
7934f1476fe2c6e458c230f491769c34,7400034,Mankey,0.683333337,fighter,LeftMiddleDistal,-0.07136147,1.26375294,0.9982488,-0.860999048,0.471467644,0.185166433,0.0459696129
7934f1476fe2c6e458c230f491769c34,7400034,Mankey,0.683333337,fighter,LeftRingProximal,-0.0429768227,1.30721712,1.07481551,-0.437969536,-0.8186352,-0.1526146,0.3387165
7934f1476fe2c6e458c230f491769c34,7400034,Mankey,0.683333337,fighter,LeftRingIntermediate,-0.0223388933,1.2744832,1.038104,-0.9104347,-0.2420502,0.0962384343,0.321339875
7934f1476fe2c6e458c230f491769c34,7400034,Mankey,0.683333337,fighter,LeftRingDistal,-0.06961712,1.24699092,1.03918028,-0.832092345,0.44201,0.305124462,0.138382047
7934f1476fe2c6e458c230f491769c34,7400034,Mankey,0.683333337,fighter,LeftLittleProximal,-0.0407280438,1.26299453,1.11556649,-0.405280828,-0.8190832,-0.177264273,0.365278482
7934f1476fe2c6e458c230f491769c34,7400034,Mankey,0.683333337,fighter,LeftLittleIntermediate,-0.0191444773,1.23448873,1.07598436,-0.882099569,-0.313994825,0.052573368,0.347195268
7934f1476fe2c6e458c230f491769c34,7400034,Mankey,0.683333337,fighter,LeftLittleDistal,-0.06325445,1.2018218,1.06905282,-0.8796074,0.3059466,0.303681821,0.201160833
7934f1476fe2c6e458c230f491769c34,7400034,Mankey,0.683333337,fighter,RightThumbProximal,0.112997271,1.31708348,0.839411259,-0.2815069,-0.119759113,0.315937519,-0.8981066
7934f1476fe2c6e458c230f491769c34,7400034,Mankey,0.683333337,fighter,RightThumbIntermediate,0.07834048,1.33954179,0.85706073,0.343420446,0.3734991,-0.266548246,0.819458961
7934f1476fe2c6e458c230f491769c34,7400034,Mankey,0.683333337,fighter,RightThumbDistal,0.0559004545,1.34653151,0.88788563,-0.4108737,-0.86313957,-0.0115860552,-0.293324023
7934f1476fe2c6e458c230f491769c34,7400034,Mankey,0.683333337,fighter,RightMiddleProximal,0.113270663,1.356637,0.898174644,-0.31797412,-0.00156570971,-0.181579113,-0.9305481
7934f1476fe2c6e458c230f491769c34,7400034,Mankey,0.683333337,fighter,RightMiddleIntermediate,0.0566210151,1.33608091,0.8913479,0.318134964,-0.2505896,0.797017336,0.4480613
7934f1476fe2c6e458c230f491769c34,7400034,Mankey,0.683333337,fighter,RightMiddleDistal,0.077746965,1.30648863,0.8523202,-0.0658369958,0.363889158,-0.880774438,0.29578203
7934f1476fe2c6e458c230f491769c34,7400034,Mankey,0.683333337,fighter,RightRingProximal,0.114705592,1.31841338,0.9379438,-0.421462834,0.0593393,-0.226626292,-0.876064241
7934f1476fe2c6e458c230f491769c34,7400034,Mankey,0.683333337,fighter,RightRingIntermediate,0.06722002,1.29990089,0.9222085,0.2900493,-0.349879,0.80910784,0.3725605
7934f1476fe2c6e458c230f491769c34,7400034,Mankey,0.683333337,fighter,RightRingDistal,0.09753221,1.27802467,0.8822733,0.0773003846,0.4206424,-0.83214736,0.353009731
7934f1476fe2c6e458c230f491769c34,7400034,Mankey,0.683333337,fighter,RightLittleProximal,0.1234207,1.2621125,0.957325459,-0.392565727,0.119578749,-0.101873115,-0.9062093
7934f1476fe2c6e458c230f491769c34,7400034,Mankey,0.683333337,fighter,RightLittleIntermediate,0.07271278,1.25727165,0.941498756,0.294888,-0.356521249,0.7038353,0.5390269
7934f1476fe2c6e458c230f491769c34,7400034,Mankey,0.683333337,fighter,RightLittleDistal,0.08626675,1.22692537,0.897268653,0.10297896,0.413678885,-0.8922091,0.1490946
7934f1476fe2c6e458c230f491769c34,7400034,Mankey,0.683333337,fighter,UpperChest,-0.08203699,1.18884039,0.6476541,0.3457387,-0.3057109,-0.657674432,0.595374048
7934f1476fe2c6e458c230f491769c34,7400034,Mankey,0.7,source,AnimatorRoot,4.9361276E-08,5.29856548E-10,0.6590166,0,0,6.77489562E-16,1
7934f1476fe2c6e458c230f491769c34,7400034,Mankey,0.7,source,Hips,-0.07955151,0.790530562,0.666504145,-0.07691508,0.38579163,0.008319212,0.9193365
7934f1476fe2c6e458c230f491769c34,7400034,Mankey,0.7,source,LeftUpperLeg,-0.1499538,0.7949471,0.737751961,-0.389927059,-0.198368773,0.726625264,0.5297382
7934f1476fe2c6e458c230f491769c34,7400034,Mankey,0.7,source,RightUpperLeg,-0.009149109,0.7861143,0.59525615,0.308777183,-0.101116516,-0.602521539,0.728971839
7934f1476fe2c6e458c230f491769c34,7400034,Mankey,0.7,source,LeftLowerLeg,-0.09975662,0.450328946,0.870633543,-0.332597524,-0.3032141,0.5690675,0.688187838
7934f1476fe2c6e458c230f491769c34,7400034,Mankey,0.7,source,RightLowerLeg,0.08533674,0.435403258,0.5115125,0.308714181,-0.0219036527,-0.7470729,0.5883009
7934f1476fe2c6e458c230f491769c34,7400034,Mankey,0.7,source,LeftFoot,-0.158368364,0.107612945,0.857134342,0.5085011,0.121486537,-0.8235949,-0.219906881
7934f1476fe2c6e458c230f491769c34,7400034,Mankey,0.7,source,RightFoot,0.0445580222,0.124843411,0.359981626,0.200520471,-0.177913249,-0.285248518,0.920202
7934f1476fe2c6e458c230f491769c34,7400034,Mankey,0.7,source,Spine,-0.08686691,0.887362957,0.6532731,-0.03568051,0.3845673,-0.0130621092,0.922314644
7934f1476fe2c6e458c230f491769c34,7400034,Mankey,0.7,source,Chest,-0.08511128,1.06621933,0.6420061,0.0870954,0.313997179,-0.00854188,0.945381939
7934f1476fe2c6e458c230f491769c34,7400034,Mankey,0.7,source,Neck,-0.07005848,1.2657851,0.6752304,0.355144352,0.258625418,-0.044254072,0.89723295
7934f1476fe2c6e458c230f491769c34,7400034,Mankey,0.7,source,Head,-0.04719993,1.33040738,0.728608549,0.244061828,0.0266421083,0.0007469367,0.969393253
7934f1476fe2c6e458c230f491769c34,7400034,Mankey,0.7,source,LeftShoulder,-0.09629251,1.22157323,0.686801553,0.07810327,0.401786536,-0.01141079,0.9123252
7934f1476fe2c6e458c230f491769c34,7400034,Mankey,0.7,source,RightShoulder,-0.04869693,1.22386265,0.6515103,0.9434477,-0.057399,-0.318751454,-0.07077686
7934f1476fe2c6e458c230f491769c34,7400034,Mankey,0.7,source,LeftUpperArm,-0.192410216,1.21561766,0.791159332,0.06855601,0.4078699,0.448587745,0.792282164
7934f1476fe2c6e458c230f491769c34,7400034,Mankey,0.7,source,RightUpperArm,0.06351339,1.21488357,0.564947546,0.8621628,-0.422996283,0.152391627,0.233508646
7934f1476fe2c6e458c230f491769c34,7400034,Mankey,0.7,source,LeftLowerArm,-0.2524112,1.04189682,0.92365557,-0.5019373,0.800068557,0.317870617,0.08311198
7934f1476fe2c6e458c230f491769c34,7400034,Mankey,0.7,source,RightLowerArm,0.198484614,1.06575525,0.6692409,0.2687083,-0.165479586,0.7676842,0.5577397
7934f1476fe2c6e458c230f491769c34,7400034,Mankey,0.7,source,LeftHand,-0.138406143,1.21925735,1.0305196,-0.36544776,0.879008,0.2756763,-0.133400708
7934f1476fe2c6e458c230f491769c34,7400034,Mankey,0.7,source,RightHand,0.143300608,1.2471509,0.810395539,0.198083818,-0.2682913,0.7803666,0.528971434
7934f1476fe2c6e458c230f491769c34,7400034,Mankey,0.7,source,LeftToes,-0.100550056,0.0348741226,0.9745522,0.5228305,0.000937628,-0.8520195,-0.0266483072
7934f1476fe2c6e458c230f491769c34,7400034,Mankey,0.7,source,RightToes,0.160448164,0.0355522372,0.391880572,0.32101813,-0.153902143,-0.018305786,0.934305251
7934f1476fe2c6e458c230f491769c34,7400034,Mankey,0.7,source,LeftThumbProximal,-0.139519632,1.23345912,1.0152601,-0.37836808,0.6663468,-0.6414017,-0.03773409
7934f1476fe2c6e458c230f491769c34,7400034,Mankey,0.7,source,LeftThumbIntermediate,-0.107809156,1.25379467,0.9913639,-0.148382664,0.7797226,-0.595015049,0.126383081
7934f1476fe2c6e458c230f491769c34,7400034,Mankey,0.7,source,LeftThumbDistal,-0.08009745,1.26524472,0.991978943,0.5218092,0.633092344,-0.2499955,0.5142101
7934f1476fe2c6e458c230f491769c34,7400034,Mankey,0.7,source,LeftIndexProximal,-0.102192558,1.28923666,1.01428449,0.310218155,0.8993676,0.0249429867,-0.3070518
7934f1476fe2c6e458c230f491769c34,7400034,Mankey,0.7,source,LeftIndexIntermediate,-0.08310712,1.2725035,0.9967772,0.880897,0.35781914,-0.222971052,-0.215105236
7934f1476fe2c6e458c230f491769c34,7400034,Mankey,0.7,source,LeftIndexDistal,-0.097450614,1.256339,1.00209379,0.8378132,-0.4433977,-0.317059129,0.030685205
7934f1476fe2c6e458c230f491769c34,7400034,Mankey,0.7,source,LeftMiddleProximal,-0.0919512957,1.28239357,1.031842,0.3173587,0.888022244,0.0591663,-0.32741335
7934f1476fe2c6e458c230f491769c34,7400034,Mankey,0.7,source,LeftMiddleIntermediate,-0.0727650747,1.26515377,1.01150966,0.871592641,0.354623348,-0.222451717,-0.2551161
7934f1476fe2c6e458c230f491769c34,7400034,Mankey,0.7,source,LeftMiddleDistal,-0.08697638,1.24914491,1.0160352,0.8230895,-0.44369778,-0.3544764,0.001711744
7934f1476fe2c6e458c230f491769c34,7400034,Mankey,0.7,source,LeftRingProximal,-0.08401094,1.27568185,1.04615808,0.4092257,0.817337155,0.0898459,-0.3955026
7934f1476fe2c6e458c230f491769c34,7400034,Mankey,0.7,source,LeftRingIntermediate,-0.07297936,1.25695658,1.02360642,0.8651832,0.2765842,-0.243701175,-0.339954942
7934f1476fe2c6e458c230f491769c34,7400034,Mankey,0.7,source,LeftRingDistal,-0.08695528,1.24459147,1.02809048,0.7902344,-0.431599826,-0.428454936,-0.07535142
7934f1476fe2c6e458c230f491769c34,7400034,Mankey,0.7,source,LeftLittleProximal,-0.07679019,1.263681,1.05791068,0.3886197,0.809558451,0.1269719,-0.421269774
7934f1476fe2c6e458c230f491769c34,7400034,Mankey,0.7,source,LeftLittleIntermediate,-0.06737589,1.24934781,1.036482,0.8230365,0.33980155,-0.2157498,-0.4007469
7934f1476fe2c6e458c230f491769c34,7400034,Mankey,0.7,source,LeftLittleDistal,-0.0802179,1.23543668,1.0380547,0.831103146,-0.286444724,-0.441620559,-0.1794121
7934f1476fe2c6e458c230f491769c34,7400034,Mankey,0.7,source,RightThumbProximal,0.1392584,1.26581776,0.801970363,0.2888071,0.6208029,0.688648462,0.238658652
7934f1476fe2c6e458c230f491769c34,7400034,Mankey,0.7,source,RightThumbIntermediate,0.1071716,1.29647768,0.8064967,-0.424866527,-0.485727817,-0.76254046,-0.04570883
7934f1476fe2c6e458c230f491769c34,7400034,Mankey,0.7,source,RightThumbDistal,0.0881341845,1.31094646,0.8245973,0.6238105,-0.0123936366,0.58145684,-0.5221254
7934f1476fe2c6e458c230f491769c34,7400034,Mankey,0.7,source,RightIndexProximal,0.125091419,1.32027006,0.838572,-0.0225803051,0.2625697,-0.9599415,0.0951819643
7934f1476fe2c6e458c230f491769c34,7400034,Mankey,0.7,source,RightIndexIntermediate,0.09484727,1.31427217,0.838368237,-0.16602388,-0.193268344,0.6036777,-0.755418539
7934f1476fe2c6e458c230f491769c34,7400034,Mankey,0.7,source,RightIndexDistal,0.09922273,1.29540074,0.827408,0.253935874,0.000578157546,0.1419087,0.9567542
7934f1476fe2c6e458c230f491769c34,7400034,Mankey,0.7,source,RightMiddleProximal,0.125421673,1.30815732,0.8562683,0.0477780476,0.2812255,-0.948202431,0.139793009
7934f1476fe2c6e458c230f491769c34,7400034,Mankey,0.7,source,RightMiddleIntermediate,0.09401172,1.3003366,0.850711465,-0.231613412,-0.138218269,0.5371098,-0.7992274
7934f1476fe2c6e458c230f491769c34,7400034,Mankey,0.7,source,RightMiddleDistal,0.102436647,1.28295076,0.840433955,0.2586715,-0.104311772,0.256045371,0.9255535
7934f1476fe2c6e458c230f491769c34,7400034,Mankey,0.7,source,RightRingProximal,0.125699192,1.29720414,0.870161,0.105674088,0.336307526,-0.912682533,0.2067397
7934f1476fe2c6e458c230f491769c34,7400034,Mankey,0.7,source,RightRingIntermediate,0.09775596,1.28760993,0.859763443,-0.318178564,-0.119976491,0.4503561,-0.8255592
7934f1476fe2c6e458c230f491769c34,7400034,Mankey,0.7,source,RightRingDistal,0.108606562,1.27480543,0.8504614,0.304982543,-0.188555345,0.346295327,0.866898
7934f1476fe2c6e458c230f491769c34,7400034,Mankey,0.7,source,RightLittleProximal,0.12361756,1.28221333,0.8804192,0.18997854,0.3329782,-0.9181662,0.10002508
7934f1476fe2c6e458c230f491769c34,7400034,Mankey,0.7,source,RightLittleIntermediate,0.0987034738,1.2806474,0.8690182,-0.36263603,-0.08577695,0.607757032,-0.7012627
7934f1476fe2c6e458c230f491769c34,7400034,Mankey,0.7,source,RightLittleDistal,0.10339316,1.26563084,0.858358264,0.3113286,-0.242298871,0.129817277,0.909677744
7934f1476fe2c6e458c230f491769c34,7400034,Mankey,0.7,fighter,AnimatorRoot,0,0,0,0,0,0,1
7934f1476fe2c6e458c230f491769c34,7400034,Mankey,0.7,fighter,Hips,-0.0795515,0.7905305,0.6665041,0.213457569,-0.3132941,-0.5906074,0.7123663
7934f1476fe2c6e458c230f491769c34,7400034,Mankey,0.7,fighter,LeftUpperLeg,-0.164252847,0.7985274,0.752911031,0.5308664,0.7238146,0.203470886,0.390990078
7934f1476fe2c6e458c230f491769c34,7400034,Mankey,0.7,fighter,RightUpperLeg,0.005149818,0.7825336,0.580097139,0.5885464,0.7572278,0.272371054,0.07767597
7934f1476fe2c6e458c230f491769c34,7400034,Mankey,0.7,fighter,LeftLowerLeg,-0.116454616,0.459072381,0.880982935,0.685618758,0.5895447,0.30555293,0.298331648
7934f1476fe2c6e458c230f491769c34,7400034,Mankey,0.7,fighter,RightLowerLeg,0.113161318,0.440870851,0.505821466,0.77215606,0.5689558,0.282130331,0.0216128528
7934f1476fe2c6e458c230f491769c34,7400034,Mankey,0.7,fighter,LeftFoot,-0.158368409,0.107612692,0.857134342,0.04629902,0.8889686,0.009539217,0.455522656
7934f1476fe2c6e458c230f491769c34,7400034,Mankey,0.7,fighter,RightFoot,0.04455802,0.124843307,0.3599816,0.1072821,0.9702065,0.0255963057,0.21572043
7934f1476fe2c6e458c230f491769c34,7400034,Mankey,0.7,fighter,Spine,-0.0868621,0.834293962,0.6552875,0.21897912,-0.311601639,-0.607390046,0.697158635
7934f1476fe2c6e458c230f491769c34,7400034,Mankey,0.7,fighter,Chest,-0.09374657,1.07154822,0.624030054,0.354597539,-0.277261883,-0.697215736,0.557922
7934f1476fe2c6e458c230f491769c34,7400034,Mankey,0.7,fighter,Neck,-0.0718040243,1.35194468,0.6579533,0.456320733,-0.3306106,-0.650617,0.5090832
7934f1476fe2c6e458c230f491769c34,7400034,Mankey,0.7,fighter,Head,-0.0621018261,1.49539232,0.6962138,0.5940234,-0.34855634,-0.6199381,0.375928164
7934f1476fe2c6e458c230f491769c34,7400034,Mankey,0.7,fighter,LeftShoulder,-0.03748088,1.30338275,0.7541525,0.672323465,0.0528553724,-0.294700444,0.6770079
7934f1476fe2c6e458c230f491769c34,7400034,Mankey,0.7,fighter,RightShoulder,0.01085561,1.30392706,0.7183877,-0.255874127,-0.5769986,-0.6671797,0.3955664
7934f1476fe2c6e458c230f491769c34,7400034,Mankey,0.7,fighter,LeftUpperArm,-0.211676478,1.372991,0.8534494,0.715804636,0.442574829,0.07032876,0.5355426
7934f1476fe2c6e458c230f491769c34,7400034,Mankey,0.7,fighter,RightUpperArm,0.128889427,1.35328567,0.549032748,0.216081887,0.774110854,0.48449254,0.3454401
7934f1476fe2c6e458c230f491769c34,7400034,Mankey,0.7,fighter,LeftLowerArm,-0.38032335,1.17318308,0.958677948,-0.0222558156,0.892612636,-0.4180432,0.167295754
7934f1476fe2c6e458c230f491769c34,7400034,Mankey,0.7,fighter,RightLowerArm,0.317152351,1.16465342,0.6407562,-0.4223418,0.4012894,0.0106880665,0.8126995
7934f1476fe2c6e458c230f491769c34,7400034,Mankey,0.7,fighter,LeftHand,-0.138406187,1.21925759,1.03051972,0.383780658,-0.8661771,-0.314159244,-0.06127377
7934f1476fe2c6e458c230f491769c34,7400034,Mankey,0.7,fighter,RightHand,0.143300608,1.24715066,0.8103955,0.313288629,0.3738783,-0.525507,0.6970712
7934f1476fe2c6e458c230f491769c34,7400034,Mankey,0.7,fighter,LeftToes,0.008721245,0.107125409,1.0828625,0.128503919,0.854420245,0.06040448,0.499804646
7934f1476fe2c6e458c230f491769c34,7400034,Mankey,0.7,fighter,RightToes,0.295266956,0.08807369,0.481081665,0.180618465,0.9697787,0.0363510251,0.159954637
7934f1476fe2c6e458c230f491769c34,7400034,Mankey,0.7,fighter,LeftEye,-0.182424724,1.51816285,0.9182381,0.4100456,-0.313967079,-0.5095618,-0.688211
7934f1476fe2c6e458c230f491769c34,7400034,Mankey,0.7,fighter,RightEye,0.0798749849,1.5219574,0.904769957,0.268144071,-0.438124627,-0.726459265,-0.456511557
7934f1476fe2c6e458c230f491769c34,7400034,Mankey,0.7,fighter,Jaw,-0.053514678,1.32545388,0.8155099,0.6660698,0.175231576,-0.703751743,-0.174295321
7934f1476fe2c6e458c230f491769c34,7400034,Mankey,0.7,fighter,LeftThumbProximal,-0.0990006551,1.27589738,1.00538445,0.135630891,-0.948693633,-0.204877168,0.1990256
7934f1476fe2c6e458c230f491769c34,7400034,Mankey,0.7,fighter,LeftThumbIntermediate,-0.0592999533,1.29111743,0.9909207,0.124048226,-0.9583993,-0.2355763,-0.102898486
7934f1476fe2c6e458c230f491769c34,7400034,Mankey,0.7,fighter,LeftThumbDistal,-0.0225503668,1.29845488,1.00083172,-0.0396706462,-0.540712,-0.243338943,-0.8042661
7934f1476fe2c6e458c230f491769c34,7400034,Mankey,0.7,fighter,LeftMiddleProximal,-0.05883069,1.32740736,1.03278494,-0.351934254,-0.8933066,-0.07144827,0.2702619
7934f1476fe2c6e458c230f491769c34,7400034,Mankey,0.7,fighter,LeftMiddleIntermediate,-0.02206496,1.291615,1.0004499,-0.922793,-0.309377551,0.0663839,0.219846979
7934f1476fe2c6e458c230f491769c34,7400034,Mankey,0.7,fighter,LeftMiddleDistal,-0.06472429,1.25960171,0.999729,-0.8615118,0.4714604,0.181107521,0.0521910526
7934f1476fe2c6e458c230f491769c34,7400034,Mankey,0.7,fighter,LeftRingProximal,-0.03698629,1.30282676,1.07709408,-0.435271442,-0.8202906,-0.155574471,0.336837739
7934f1476fe2c6e458c230f491769c34,7400034,Mankey,0.7,fighter,LeftRingIntermediate,-0.0159617756,1.27032745,1.04039359,-0.910099745,-0.243433863,0.08925256,0.323254615
7934f1476fe2c6e458c230f491769c34,7400034,Mankey,0.7,fighter,LeftRingDistal,-0.0633082,1.24293315,1.04067123,-0.8330049,0.440909445,0.301340133,0.144556865
7934f1476fe2c6e458c230f491769c34,7400034,Mankey,0.7,fighter,LeftLittleProximal,-0.0350068547,1.25855267,1.1178031,-0.402185619,-0.8209633,-0.179949611,0.363159776
7934f1476fe2c6e458c230f491769c34,7400034,Mankey,0.7,fighter,LeftLittleIntermediate,-0.0129921008,1.23030078,1.07827663,-0.88129884,-0.315370232,0.04561232,0.348961473
7934f1476fe2c6e458c230f491769c34,7400034,Mankey,0.7,fighter,LeftLittleDistal,-0.05708182,1.197786,1.07054722,-0.880268633,0.304403126,0.299419969,0.206915975
7934f1476fe2c6e458c230f491769c34,7400034,Mankey,0.7,fighter,RightThumbProximal,0.113877207,1.31126606,0.830793738,-0.274421573,-0.113679707,0.3044429,-0.905033
7934f1476fe2c6e458c230f491769c34,7400034,Mankey,0.7,fighter,RightThumbIntermediate,0.07845243,1.33321261,0.847539246,0.3334482,0.369246244,-0.258352578,0.8280846
7934f1476fe2c6e458c230f491769c34,7400034,Mankey,0.7,fighter,RightThumbDistal,0.0554340221,1.340253,0.877922952,-0.3983049,-0.865756035,-0.009766415,-0.302862
7934f1476fe2c6e458c230f491769c34,7400034,Mankey,0.7,fighter,RightMiddleProximal,0.112674266,1.35165429,0.888975,-0.31027478,-0.00157624483,-0.1949409,-0.930443943
7934f1476fe2c6e458c230f491769c34,7400034,Mankey,0.7,fighter,RightMiddleIntermediate,0.0566349,1.32959342,0.881816,0.3112858,-0.242065489,0.8068567,0.4398732
7934f1476fe2c6e458c230f491769c34,7400034,Mankey,0.7,fighter,RightMiddleDistal,0.07899627,1.2997694,0.843662858,-0.06703654,0.352470458,-0.881108344,0.308090121
7934f1476fe2c6e458c230f491769c34,7400034,Mankey,0.7,fighter,RightRingProximal,0.114603251,1.31404829,0.929308236,-0.414500117,0.05714062,-0.240778387,-0.8757575
7934f1476fe2c6e458c230f491769c34,7400034,Mankey,0.7,fighter,RightRingIntermediate,0.06779598,1.29407978,0.913322866,0.285048842,-0.341161162,0.818750143,0.363325268
7934f1476fe2c6e458c230f491769c34,7400034,Mankey,0.7,fighter,RightRingDistal,0.09916625,1.27217436,0.8742296,0.0745948553,0.411091328,-0.8313657,0.3664306
7934f1476fe2c6e458c230f491769c34,7400034,Mankey,0.7,fighter,RightLittleProximal,0.124422155,1.25824773,0.9495879,-0.386582971,0.119552016,-0.116937518,-0.906966
7934f1476fe2c6e458c230f491769c34,7400034,Mankey,0.7,fighter,RightLittleIntermediate,0.07406544,1.25186372,0.9331979,0.289250016,-0.349463522,0.7157932,0.530895948
7934f1476fe2c6e458c230f491769c34,7400034,Mankey,0.7,fighter,RightLittleDistal,0.08894635,1.22099984,0.88975966,0.1023075,0.4050892,-0.8936597,0.163735509
7934f1476fe2c6e458c230f491769c34,7400034,Mankey,0.7,fighter,UpperChest,-0.07870076,1.18795788,0.6461364,0.3370232,-0.2983772,-0.6618821,0.599415541
7934f1476fe2c6e458c230f491769c34,7400034,Mankey,0.716666639,source,AnimatorRoot,4.95377144E-08,5.317505E-10,0.661372244,0,0,6.925449E-16,1
7934f1476fe2c6e458c230f491769c34,7400034,Mankey,0.716666639,source,Hips,-0.07828904,0.7893108,0.664784133,-0.07799979,0.388142169,0.007511645,0.918262064
7934f1476fe2c6e458c230f491769c34,7400034,Mankey,0.716666639,source,LeftUpperLeg,-0.148329109,0.7939985,0.7363708,-0.395752221,-0.196795553,0.7239033,0.52973175
7934f1476fe2c6e458c230f491769c34,7400034,Mankey,0.716666639,source,RightUpperLeg,-0.008248863,0.7846233,0.5931973,0.310464144,-0.102165885,-0.603005767,0.7277075
7934f1476fe2c6e458c230f491769c34,7400034,Mankey,0.716666639,source,LeftLowerLeg,-0.101538792,0.45006156,0.872227,-0.331588626,-0.30097267,0.567856669,0.6906543
7934f1476fe2c6e458c230f491769c34,7400034,Mankey,0.716666639,source,RightLowerLeg,0.08564279,0.433847517,0.50905776,0.318645239,-0.0307060387,-0.7449822,0.5852555
7934f1476fe2c6e458c230f491769c34,7400034,Mankey,0.716666639,source,LeftFoot,-0.162050977,0.107680805,0.858605742,0.4970871,0.118197441,-0.830586731,-0.221494034
7934f1476fe2c6e458c230f491769c34,7400034,Mankey,0.716666639,source,RightFoot,0.04671266,0.123619206,0.356366038,0.209109634,-0.196635336,-0.278791279,0.9164516
7934f1476fe2c6e458c230f491769c34,7400034,Mankey,0.716666639,source,Spine,-0.08557529,0.88611275,0.651316464,-0.03442466,0.386383563,-0.0165598486,0.9215469
7934f1476fe2c6e458c230f491769c34,7400034,Mankey,0.716666639,source,Chest,-0.08250759,1.06494665,0.6399725,0.0867172,0.324314237,-0.010752257,0.941904962
7934f1476fe2c6e458c230f491769c34,7400034,Mankey,0.716666639,source,Neck,-0.0662879,1.26452124,0.672587752,0.352747947,0.2662584,-0.0492942855,0.895681739
7934f1476fe2c6e458c230f491769c34,7400034,Mankey,0.716666639,source,Head,-0.04229672,1.32935655,0.725205362,0.241869941,0.0284972433,-0.002504521,0.969887
7934f1476fe2c6e458c230f491769c34,7400034,Mankey,0.716666639,source,LeftShoulder,-0.09235675,1.22038281,0.684794843,0.0793469,0.407550573,-0.0101950727,0.909671843
7934f1476fe2c6e458c230f491769c34,7400034,Mankey,0.716666639,source,RightShoulder,-0.04554719,1.222521,0.648458242,0.943536043,-0.0592608675,-0.318442374,-0.0694449544
7934f1476fe2c6e458c230f491769c34,7400034,Mankey,0.716666639,source,LeftUpperArm,-0.187157,1.21383286,0.790315568,0.07442277,0.4077188,0.452994823,0.789317846
7934f1476fe2c6e458c230f491769c34,7400034,Mankey,0.716666639,source,RightUpperArm,0.06665737,1.21291482,0.561955333,0.8608627,-0.430813372,0.143088073,0.229872182
7934f1476fe2c6e458c230f491769c34,7400034,Mankey,0.716666639,source,LeftLowerArm,-0.245413437,1.03805912,0.920868635,-0.5029028,0.797455668,0.321171075,0.08945791
7934f1476fe2c6e458c230f491769c34,7400034,Mankey,0.716666639,source,RightLowerArm,0.199849874,1.059766,0.6626469,0.267936438,-0.165889174,0.7670483,0.558863461
7934f1476fe2c6e458c230f491769c34,7400034,Mankey,0.716666639,source,LeftHand,-0.132384732,1.21407032,1.03095222,-0.372272879,0.8780866,0.2726242,-0.126702309
7934f1476fe2c6e458c230f491769c34,7400034,Mankey,0.716666639,source,RightHand,0.145063281,1.24141,0.8036369,0.190943062,-0.261438072,0.7883122,0.5232162
7934f1476fe2c6e458c230f491769c34,7400034,Mankey,0.716666639,source,LeftToes,-0.101005204,0.03499171,0.97440964,0.510968268,0.0007149752,-0.8591583,-0.0275288653
7934f1476fe2c6e458c230f491769c34,7400034,Mankey,0.716666639,source,RightToes,0.161593542,0.0347905122,0.392874122,0.323483676,-0.172912717,-0.008281265,0.9302642
7934f1476fe2c6e458c230f491769c34,7400034,Mankey,0.716666639,source,LeftThumbProximal,-0.133370042,1.2282902,1.0157007,-0.376026928,0.6653871,-0.6442499,-0.0284012
7934f1476fe2c6e458c230f491769c34,7400034,Mankey,0.716666639,source,LeftThumbIntermediate,-0.101446986,1.248981,0.9924003,-0.1468622,0.778402269,-0.5949415,0.1362601
7934f1476fe2c6e458c230f491769c34,7400034,Mankey,0.716666639,source,LeftThumbDistal,-0.07386386,1.26070035,0.993521452,0.521351337,0.631342232,-0.242304355,0.520470142
7934f1476fe2c6e458c230f491769c34,7400034,Mankey,0.716666639,source,LeftIndexProximal,-0.09658054,1.28443182,1.01547861,0.305294454,0.9035083,0.02699246,-0.299566418
7934f1476fe2c6e458c230f491769c34,7400034,Mankey,0.716666639,source,LeftIndexIntermediate,-0.07702822,1.26792,0.998279035,0.880853951,0.364206374,-0.215962,-0.211686239
7934f1476fe2c6e458c230f491769c34,7400034,Mankey,0.716666639,source,LeftIndexDistal,-0.09130337,1.25160563,1.00331473,0.842748463,-0.439246833,-0.30996412,0.027572263
7934f1476fe2c6e458c230f491769c34,7400034,Mankey,0.716666639,source,LeftMiddleProximal,-0.0865817443,1.27765477,1.03320086,0.312171429,0.892345,0.0611663349,-0.320200771
7934f1476fe2c6e458c230f491769c34,7400034,Mankey,0.716666639,source,LeftMiddleIntermediate,-0.0668741539,1.26064324,1.01317739,0.871524036,0.36131537,-0.215723142,-0.251717
7934f1476fe2c6e458c230f491769c34,7400034,Mankey,0.716666639,source,LeftMiddleDistal,-0.08100481,1.24448729,1.01742482,0.828327835,-0.439330339,-0.347650647,-0.00120542618
7934f1476fe2c6e458c230f491769c34,7400034,Mankey,0.716666639,source,LeftRingProximal,-0.0788278058,1.27099359,1.047642,0.404047966,0.822681367,0.09225027,-0.38914147
7934f1476fe2c6e458c230f491769c34,7400034,Mankey,0.716666639,source,LeftRingIntermediate,-0.06721989,1.25242066,1.025254,0.8656042,0.284011841,-0.237515628,-0.3371253
7934f1476fe2c6e458c230f491769c34,7400034,Mankey,0.716666639,source,LeftRingDistal,-0.0811502561,1.23991084,1.02947056,0.795991957,-0.42665,-0.422279447,-0.0777660757
7934f1476fe2c6e458c230f491769c34,7400034,Mankey,0.716666639,source,LeftLittleProximal,-0.07169669,1.259041,1.059498,0.3831317,0.8149935,0.129060388,-0.415138066
7934f1476fe2c6e458c230f491769c34,7400034,Mankey,0.716666639,source,LeftLittleIntermediate,-0.0617684163,1.24484217,1.03821242,0.8228488,0.347526371,-0.2101739,-0.397458017
7934f1476fe2c6e458c230f491769c34,7400034,Mankey,0.716666639,source,LeftLittleDistal,-0.0744988844,1.230803,1.039535,0.8361664,-0.280378044,-0.435460865,-0.180523008
7934f1476fe2c6e458c230f491769c34,7400034,Mankey,0.716666639,source,RightThumbProximal,0.140806764,1.25983453,0.79479444,0.277825654,0.62885046,0.685705543,0.23909907
7934f1476fe2c6e458c230f491769c34,7400034,Mankey,0.716666639,source,RightThumbIntermediate,0.108183511,1.29004991,0.798377037,-0.41654864,-0.4966206,-0.7600765,-0.04625913
7934f1476fe2c6e458c230f491769c34,7400034,Mankey,0.716666639,source,RightThumbDistal,0.0887294,1.30456686,0.8159894,0.62618804,0.00121005042,0.5804375,-0.5205571
7934f1476fe2c6e458c230f491769c34,7400034,Mankey,0.716666639,source,RightIndexProximal,0.12538518,1.314774,0.8301394,-0.0208150037,0.252166659,-0.9618449,0.104084283
7934f1476fe2c6e458c230f491769c34,7400034,Mankey,0.716666639,source,RightIndexIntermediate,0.09524562,1.30827892,0.829756,-0.159850582,-0.184666559,0.598587334,-0.762915134
7934f1476fe2c6e458c230f491769c34,7400034,Mankey,0.716666639,source,RightIndexDistal,0.10003826,1.28926468,0.8192256,0.243508264,-0.000766344368,0.150959387,0.958078861
7934f1476fe2c6e458c230f491769c34,7400034,Mankey,0.716666639,source,RightMiddleProximal,0.12572901,1.30302751,0.8480804,0.048874028,0.271285832,-0.9495761,0.1494018
7934f1476fe2c6e458c230f491769c34,7400034,Mankey,0.716666639,source,RightMiddleIntermediate,0.09450851,1.2945832,0.8423709,-0.225101158,-0.130606979,0.530780435,-0.806563
7934f1476fe2c6e458c230f491769c34,7400034,Mankey,0.716666639,source,RightMiddleDistal,0.103318825,1.27713406,0.83253324,0.248834312,-0.104294814,0.265916348,0.9254692
7934f1476fe2c6e458c230f491769c34,7400034,Mankey,0.716666639,source,RightRingProximal,0.126040652,1.29236257,0.862194955,0.105459094,0.326853842,-0.913779,0.2169177
7934f1476fe2c6e458c230f491769c34,7400034,Mankey,0.716666639,source,RightRingIntermediate,0.09836469,1.28210437,0.851716459,-0.3111005,-0.113815635,0.4431979,-0.8329699
7934f1476fe2c6e458c230f491769c34,7400034,Mankey,0.716666639,source,RightRingDistal,0.109516017,1.26929438,0.842785,0.295962542,-0.186943308,0.3567673,0.866127
7934f1476fe2c6e458c230f491769c34,7400034,Mankey,0.716666639,source,RightLittleProximal,0.124096118,1.27754915,0.8727342,0.190889865,0.3246958,-0.919669747,0.111094095
7934f1476fe2c6e458c230f491769c34,7400034,Mankey,0.716666639,source,RightLittleIntermediate,0.09932934,1.27534628,0.861119747,-0.3578868,-0.07901823,0.6010237,-0.710242569
7934f1476fe2c6e458c230f491769c34,7400034,Mankey,0.716666639,source,RightLittleDistal,0.104370646,1.26019681,0.850814342,0.3034089,-0.243036866,0.141234025,0.9104559
7934f1476fe2c6e458c230f491769c34,7400034,Mankey,0.716666639,fighter,AnimatorRoot,0,0,0,0,0,0,1
7934f1476fe2c6e458c230f491769c34,7400034,Mankey,0.716666639,fighter,Hips,-0.07828904,0.789310753,0.6647841,0.211105123,-0.311781317,-0.5906347,0.713707149
7934f1476fe2c6e458c230f491769c34,7400034,Mankey,0.716666639,fighter,LeftUpperLeg,-0.162494838,0.7974309,0.7516626,0.529793441,0.721126556,0.202659011,0.397775173
7934f1476fe2c6e458c230f491769c34,7400034,Mankey,0.716666639,fighter,RightUpperLeg,0.00591675425,0.7811907,0.577905536,0.588892162,0.756395757,0.273640126,0.07869482
7934f1476fe2c6e458c230f491769c34,7400034,Mankey,0.716666639,fighter,LeftLowerLeg,-0.117780671,0.4588124,0.883020937,0.6881984,0.587368548,0.304306269,0.297958374
7934f1476fe2c6e458c230f491769c34,7400034,Mankey,0.716666639,fighter,RightLowerLeg,0.113513649,0.4394188,0.5035307,0.77022016,0.566451967,0.2915145,0.0302078128
7934f1476fe2c6e458c230f491769c34,7400034,Mankey,0.716666639,fighter,LeftFoot,-0.162050962,0.107680745,0.858605742,0.0463663749,0.8952017,0.008656368,0.443158776
7934f1476fe2c6e458c230f491769c34,7400034,Mankey,0.716666639,fighter,RightFoot,0.04671276,0.123619355,0.356366068,0.104602382,0.9655336,0.0305845141,0.236363932
7934f1476fe2c6e458c230f491769c34,7400034,Mankey,0.716666639,fighter,Spine,-0.08569603,0.833045065,0.6535173,0.216949135,-0.3107082,-0.6098982,0.69600147
7934f1476fe2c6e458c230f491769c34,7400034,Mankey,0.716666639,fighter,Chest,-0.09133738,1.07034576,0.6223626,0.346855581,-0.270874321,-0.7011956,0.5609308
7934f1476fe2c6e458c230f491769c34,7400034,Mankey,0.716666639,fighter,Neck,-0.06863664,1.35073054,0.655881166,0.4508769,-0.3279217,-0.6538914,0.5114722
7934f1476fe2c6e458c230f491769c34,7400034,Mankey,0.716666639,fighter,Head,-0.0581903569,1.49424243,0.6937012,0.5906224,-0.3505996,-0.621642649,0.3765715
7934f1476fe2c6e458c230f491769c34,7400034,Mankey,0.716666639,fighter,LeftShoulder,-0.0321666226,1.30213547,0.7512703,0.6704908,0.06027454,-0.2966294,0.6773628
7934f1476fe2c6e458c230f491769c34,7400034,Mankey,0.716666639,fighter,RightShoulder,0.0153561672,1.30269182,0.714431345,-0.256297052,-0.575064361,-0.668988943,0.395053148
7934f1476fe2c6e458c230f491769c34,7400034,Mankey,0.716666639,fighter,LeftUpperArm,-0.205521658,1.37027228,0.853028357,0.719029069,0.4444583,0.0768553242,0.5287225
7934f1476fe2c6e458c230f491769c34,7400034,Mankey,0.716666639,fighter,RightUpperArm,0.1334703,1.35231519,0.5452098,0.225676671,0.7695425,0.4864837,0.34671098
7934f1476fe2c6e458c230f491769c34,7400034,Mankey,0.716666639,fighter,LeftLowerArm,-0.372685254,1.16722178,0.954343855,-0.0208395775,0.8938923,-0.4114885,0.176634923
7934f1476fe2c6e458c230f491769c34,7400034,Mankey,0.716666639,fighter,RightLowerArm,0.318847984,1.15934122,0.6337214,-0.419795275,0.40145582,0.0105284117,0.8139378
7934f1476fe2c6e458c230f491769c34,7400034,Mankey,0.716666639,fighter,LeftHand,-0.132384732,1.21407044,1.03095233,0.390698135,-0.863424838,-0.311885983,-0.06767831
7934f1476fe2c6e458c230f491769c34,7400034,Mankey,0.716666639,fighter,RightHand,0.145063072,1.2414099,0.8036367,0.305825949,0.36754337,-0.5219802,0.7063424
7934f1476fe2c6e458c230f491769c34,7400034,Mankey,0.716666639,fighter,LeftToes,0.0112363081,0.107282288,1.079612,0.130186439,0.8611376,0.0587826371,0.487891853
7934f1476fe2c6e458c230f491769c34,7400034,Mankey,0.716666639,fighter,RightToes,0.29214263,0.08761532,0.48804763,0.1766005,0.9666636,0.04248123,0.180469841
7934f1476fe2c6e458c230f491769c34,7400034,Mankey,0.716666639,fighter,LeftEye,-0.17724292,1.5186826,0.9162322,0.4095052,-0.318009615,-0.5080635,-0.687784433
7934f1476fe2c6e458c230f491769c34,7400034,Mankey,0.716666639,fighter,RightEye,0.08500007,1.52102578,0.901397943,0.266177326,-0.4417001,-0.7249155,-0.456671119
7934f1476fe2c6e458c230f491769c34,7400034,Mankey,0.716666639,fighter,Jaw,-0.0498827361,1.324818,0.8137456,0.6651194,0.171379536,-0.7054101,-0.175049752
7934f1476fe2c6e458c230f491769c34,7400034,Mankey,0.716666639,fighter,LeftThumbProximal,-0.09310251,1.27114153,1.00661218,0.140449613,-0.9501679,-0.204103887,0.189201117
7934f1476fe2c6e458c230f491769c34,7400034,Mankey,0.716666639,fighter,LeftThumbIntermediate,-0.05317874,1.28659666,0.993039548,0.1271269,-0.956823468,-0.235901043,-0.112598538
7934f1476fe2c6e458c230f491769c34,7400034,Mankey,0.716666639,fighter,LeftThumbDistal,-0.016651215,1.29396749,1.003717,-0.03797842,-0.532178342,-0.245296,-0.809428334
7934f1476fe2c6e458c230f491769c34,7400034,Mankey,0.716666639,fighter,LeftMiddleProximal,-0.05392572,1.32298839,1.03480411,-0.347614467,-0.896466851,-0.0740855038,0.26461935
7934f1476fe2c6e458c230f491769c34,7400034,Mankey,0.716666639,fighter,LeftMiddleIntermediate,-0.01642739,1.28756642,1.00290537,-0.922141254,-0.313221753,0.05642599,0.219918624
7934f1476fe2c6e458c230f491769c34,7400034,Mankey,0.716666639,fighter,LeftMiddleDistal,-0.0589619055,1.25542963,1.00110769,-0.863815963,0.468931317,0.174261257,0.059660472
7934f1476fe2c6e458c230f491769c34,7400034,Mankey,0.716666639,fighter,LeftRingProximal,-0.0326205939,1.29853642,1.07944572,-0.429733,-0.8242427,-0.159013063,0.332669526
7934f1476fe2c6e458c230f491769c34,7400034,Mankey,0.716666639,fighter,LeftRingIntermediate,-0.0107874386,1.2663933,1.042904,-0.9093071,-0.248333931,0.07995714,0.3241892
7934f1476fe2c6e458c230f491769c34,7400034,Mankey,0.716666639,fighter,LeftRingDistal,-0.0580422841,1.23885322,1.0420506,-0.8360343,0.437025428,0.29511,0.151545346
7934f1476fe2c6e458c230f491769c34,7400034,Mankey,0.716666639,fighter,LeftLittleProximal,-0.0309202466,1.25420463,1.12010479,-0.396153152,-0.825145543,-0.182930037,0.358796358
7934f1476fe2c6e458c230f491769c34,7400034,Mankey,0.716666639,fighter,LeftLittleIntermediate,-0.008055692,1.22633457,1.08079,-0.879683,-0.320274919,0.0365125537,0.3496418
7934f1476fe2c6e458c230f491769c34,7400034,Mankey,0.716666639,fighter,LeftLittleDistal,-0.05188318,1.1937474,1.07195318,-0.8826618,0.299726665,0.292723119,0.213039845
7934f1476fe2c6e458c230f491769c34,7400034,Mankey,0.716666639,fighter,RightThumbProximal,0.114398517,1.30543292,0.8224342,-0.2652951,-0.105436474,0.295781851,-0.911600351
7934f1476fe2c6e458c230f491769c34,7400034,Mankey,0.716666639,fighter,RightThumbIntermediate,0.07834448,1.32713962,0.8381157,0.3222829,0.362786949,-0.25369072,0.8367563
7934f1476fe2c6e458c230f491769c34,7400034,Mankey,0.716666639,fighter,RightThumbDistal,0.0547745265,1.33453214,0.867988467,-0.387535542,-0.8667872,-0.00462259352,-0.313808054
7934f1476fe2c6e458c230f491769c34,7400034,Mankey,0.716666639,fighter,RightMiddleProximal,0.111943729,1.34696007,0.879767954,-0.2996876,-0.001173228,-0.205651924,-0.931608438
7934f1476fe2c6e458c230f491769c34,7400034,Mankey,0.716666639,fighter,RightMiddleIntermediate,0.05642468,1.32367814,0.8724248,0.302031338,-0.231948823,0.8160454,0.434796154
7934f1476fe2c6e458c230f491769c34,7400034,Mankey,0.716666639,fighter,RightMiddleDistal,0.07986541,1.2933,0.835372567,-0.06792134,0.3382756,-0.8832048,0.317657143
7934f1476fe2c6e458c230f491769c34,7400034,Mankey,0.716666639,fighter,RightRingProximal,0.1140653,1.31021106,0.9208742,-0.4045388,0.0554842651,-0.2526363,-0.877180338
7934f1476fe2c6e458c230f491769c34,7400034,Mankey,0.716666639,fighter,RightRingIntermediate,0.067862235,1.28896427,0.904779136,0.277610481,-0.330689758,0.8282642,0.3571496
7934f1476fe2c6e458c230f491769c34,7400034,Mankey,0.716666639,fighter,RightRingDistal,0.100177124,1.26664484,0.866702855,0.07213059,0.398486555,-0.8326765,0.377698451
7934f1476fe2c6e458c230f491769c34,7400034,Mankey,0.716666639,fighter,RightLittleProximal,0.124575846,1.2549988,0.94238013,-0.377387,0.120391905,-0.1298585,-0.9089678
7934f1476fe2c6e458c230f491769c34,7400034,Mankey,0.716666639,fighter,RightLittleIntermediate,0.0745807439,1.2472533,0.9254777,0.280644745,-0.341004759,0.72719866,0.5254878
7934f1476fe2c6e458c230f491769c34,7400034,Mankey,0.716666639,fighter,RightLittleDistal,0.0906365141,1.21555924,0.8830677,0.102490306,0.3932051,-0.8965726,0.176192492
7934f1476fe2c6e458c230f491769c34,7400034,Mankey,0.716666639,fighter,UpperChest,-0.0757984743,1.18674791,0.6441659,0.32968536,-0.291529238,-0.665670931,0.60266155
7934f1476fe2c6e458c230f491769c34,7400034,Mankey,0.733333349,source,AnimatorRoot,4.96512769E-08,5.329695E-10,0.6628884,0,0,7.22655529E-16,1
7934f1476fe2c6e458c230f491769c34,7400034,Mankey,0.733333349,source,Hips,-0.07674365,0.7880262,0.662479,-0.07858587,0.391964853,0.00743385032,0.9165875
7934f1476fe2c6e458c230f491769c34,7400034,Mankey,0.733333349,source,LeftUpperLeg,-0.146185964,0.7928366,0.734637558,-0.40171352,-0.194841459,0.7212781,0.529548168
7934f1476fe2c6e458c230f491769c34,7400034,Mankey,0.733333349,source,RightUpperLeg,-0.00730120763,0.783216059,0.5903202,0.308707416,-0.102450557,-0.6023507,0.728956342
7934f1476fe2c6e458c230f491769c34,7400034,Mankey,0.733333349,source,LeftLowerLeg,-0.10279464,0.4497457,0.873723,-0.331536055,-0.299785048,0.566271365,0.6924952
7934f1476fe2c6e458c230f491769c34,7400034,Mankey,0.733333349,source,RightLowerLeg,0.08713568,0.432303131,0.507371,0.324702859,-0.0381134935,-0.7452198,0.5811739
7934f1476fe2c6e458c230f491769c34,7400034,Mankey,0.733333349,source,LeftFoot,-0.165054485,0.107686453,0.859901965,0.4875302,0.115713611,-0.8362228,-0.222837016
7934f1476fe2c6e458c230f491769c34,7400034,Mankey,0.733333349,source,RightFoot,0.0476043746,0.122291617,0.35439378,0.21808663,-0.213027745,-0.273218155,0.9123647
7934f1476fe2c6e458c230f491769c34,7400034,Mankey,0.733333349,source,Spine,-0.08411692,0.884810448,0.648931265,-0.0334449448,0.389669478,-0.0193931144,0.920143
7934f1476fe2c6e458c230f491769c34,7400034,Mankey,0.733333349,source,Chest,-0.08001001,1.06361759,0.637496054,0.08718625,0.334250838,-0.0130886529,0.93835175
7934f1476fe2c6e458c230f491769c34,7400034,Mankey,0.733333349,source,Neck,-0.0624847747,1.26313424,0.669789433,0.350068778,0.273552,-0.0535873361,0.8942873
7934f1476fe2c6e458c230f491769c34,7400034,Mankey,0.733333349,source,Head,-0.03751877,1.32821989,0.721638739,0.239757091,0.0304864,-0.00488195661,0.970342
7934f1476fe2c6e458c230f491769c34,7400034,Mankey,0.733333349,source,LeftShoulder,-0.08842118,1.21907282,0.6825447,0.08140023,0.413130641,-0.009328114,0.906978846
7934f1476fe2c6e458c230f491769c34,7400034,Mankey,0.733333349,source,RightShoulder,-0.0423942469,1.22107613,0.6452143,0.9441672,-0.06089721,-0.316353977,-0.0689956248
7934f1476fe2c6e458c230f491769c34,7400034,Mankey,0.733333349,source,LeftUpperArm,-0.181925669,1.211925,0.789177,0.07991366,0.40779826,0.4575086,0.7861303
7934f1476fe2c6e458c230f491769c34,7400034,Mankey,0.733333349,source,RightUpperArm,0.07013097,1.21093917,0.559189856,0.8595788,-0.438919216,0.13405174,0.224732563
7934f1476fe2c6e458c230f491769c34,7400034,Mankey,0.733333349,source,LeftLowerArm,-0.238290414,1.0341804,0.917878866,-0.504424334,0.7950782,0.322702974,0.09628076
7934f1476fe2c6e458c230f491769c34,7400034,Mankey,0.733333349,source,RightLowerArm,0.201263785,1.05363023,0.6561006,0.267206222,-0.167104185,0.76637423,0.559775054
7934f1476fe2c6e458c230f491769c34,7400034,Mankey,0.733333349,source,LeftHand,-0.126585335,1.20909262,1.03102279,-0.3790339,0.878244758,0.2660782,-0.119257353
7934f1476fe2c6e458c230f491769c34,7400034,Mankey,0.733333349,source,RightHand,0.146774545,1.2353301,0.797133744,0.18224439,-0.252250522,0.795328259,0.5202021
7934f1476fe2c6e458c230f491769c34,7400034,Mankey,0.733333349,source,LeftToes,-0.101369388,0.03498807,0.974269748,0.501097441,0.000456103066,-0.864953,-0.027526008
7934f1476fe2c6e458c230f491769c34,7400034,Mankey,0.733333349,source,RightToes,0.161395535,0.0337276421,0.394754559,0.326966733,-0.190067083,0.00016329762,0.9257255
7934f1476fe2c6e458c230f491769c34,7400034,Mankey,0.733333349,source,LeftThumbProximal,-0.127371922,1.223238,1.01569057,-0.3720687,0.662494659,-0.6498506,-0.018987868
7934f1476fe2c6e458c230f491769c34,7400034,Mankey,0.733333349,source,LeftThumbIntermediate,-0.0951448157,1.24412954,0.9929956,-0.1443397,0.7748958,-0.5975365,0.147151425
7934f1476fe2c6e458c230f491769c34,7400034,Mankey,0.733333349,source,LeftThumbDistal,-0.0677027851,1.25611246,0.9946618,0.5198609,0.627570748,-0.235567853,0.5295359
7934f1476fe2c6e458c230f491769c34,7400034,Mankey,0.733333349,source,LeftIndexProximal,-0.09111035,1.27972174,1.01601672,0.301401854,0.908176243,0.02694366,-0.289219171
7934f1476fe2c6e458c230f491769c34,7400034,Mankey,0.733333349,source,LeftIndexIntermediate,-0.07103665,1.26332188,0.999317765,0.88188535,0.370127439,-0.208178148,-0.204808578
7934f1476fe2c6e458c230f491769c34,7400034,Mankey,0.733333349,source,LeftIndexDistal,-0.08526531,1.24689555,1.00411522,0.8480421,-0.436242521,-0.299729556,0.0260826685
7934f1476fe2c6e458c230f491769c34,7400034,Mankey,0.733333349,source,LeftMiddleProximal,-0.08143569,1.273114,1.033981,0.308004767,0.897343338,0.0611172728,-0.3101178
7934f1476fe2c6e458c230f491769c34,7400034,Mankey,0.733333349,source,LeftMiddleIntermediate,-0.0611409247,1.25620377,1.01446462,0.8726535,0.3676273,-0.2082215,-0.244889036
7934f1476fe2c6e458c230f491769c34,7400034,Mankey,0.733333349,source,LeftMiddleDistal,-0.07520946,1.239934,1.01847649,0.83409363,-0.436163217,-0.337704182,-0.00254881033
7934f1476fe2c6e458c230f491769c34,7400034,Mankey,0.733333349,source,LeftRingProximal,-0.0739352256,1.26658678,1.04861617,0.400012672,0.828929,0.09302285,-0.3797553
7934f1476fe2c6e458c230f491769c34,7400034,Mankey,0.733333349,source,LeftRingIntermediate,-0.06167206,1.24802959,1.0265671,0.8675167,0.291180223,-0.230308771,-0.3310399
7934f1476fe2c6e458c230f491769c34,7400034,Mankey,0.733333349,source,LeftRingDistal,-0.07557351,1.23540723,1.03053629,0.802675068,-0.422966659,-0.413063556,-0.07868737
7934f1476fe2c6e458c230f491769c34,7400034,Mankey,0.733333349,source,LeftLittleProximal,-0.066952005,1.25475192,1.06067657,0.378791362,0.8215051,0.129498631,-0.406050771
7934f1476fe2c6e458c230f491769c34,7400034,Mankey,0.733333349,source,LeftLittleIntermediate,-0.0564327,1.24055743,1.03967381,0.824301362,0.3552031,-0.203852,-0.390900284
7934f1476fe2c6e458c230f491769c34,7400034,Mankey,0.733333349,source,LeftLittleDistal,-0.0690576,1.22640491,1.04078281,0.84252733,-0.275432348,-0.426605642,-0.179703146
7934f1476fe2c6e458c230f491769c34,7400034,Mankey,0.733333349,source,RightThumbProximal,0.14239195,1.25346947,0.7877778,0.268334031,0.638268769,0.6799049,0.241536677
7934f1476fe2c6e458c230f491769c34,7400034,Mankey,0.733333349,source,RightThumbIntermediate,0.109410681,1.28340209,0.7903011,-0.4099789,-0.508596361,-0.755507052,-0.0495649278
7934f1476fe2c6e458c230f491769c34,7400034,Mankey,0.733333349,source,RightThumbDistal,0.08964981,1.29815483,0.8073675,0.630482733,0.0144219706,0.580097556,-0.51553
7934f1476fe2c6e458c230f491769c34,7400034,Mankey,0.733333349,source,RightIndexProximal,0.126070142,1.30913579,0.821546257,-0.0195465386,0.239034653,-0.9645431,0.110170946
7934f1476fe2c6e458c230f491769c34,7400034,Mankey,0.733333349,source,RightIndexIntermediate,0.09600787,1.30229688,0.821085453,-0.151355162,-0.174529433,0.596048,-0.7689985
7934f1476fe2c6e458c230f491769c34,7400034,Mankey,0.733333349,source,RightIndexDistal,0.1010976,1.28306937,0.811095536,0.230349749,-0.00145263213,0.157265723,0.960315347
7934f1476fe2c6e458c230f491769c34,7400034,Mankey,0.733333349,source,RightMiddleProximal,0.12639004,1.29786515,0.8397905,0.0493863076,0.258507639,-0.9519837,0.15640521
7934f1476fe2c6e458c230f491769c34,7400034,Mankey,0.733333349,source,RightMiddleIntermediate,0.0953134745,1.28892708,0.834047735,-0.216044471,-0.121539026,0.5270289,-0.812892556
7934f1476fe2c6e458c230f491769c34,7400034,Mankey,0.733333349,source,RightMiddleDistal,0.104397468,1.27132678,0.824742258,0.236192778,-0.103303649,0.273403466,0.9267106
7934f1476fe2c6e458c230f491769c34,7400034,Mankey,0.733333349,source,RightRingProximal,0.12669836,1.28757572,0.8541811,0.104627319,0.314567477,-0.9163061,0.224686652
7934f1476fe2c6e458c230f491769c34,7400034,Mankey,0.733333349,source,RightRingIntermediate,0.09922643,1.27673984,0.8437477,-0.301416665,-0.106257722,0.438731551,-0.8398647
7934f1476fe2c6e458c230f491769c34,7400034,Mankey,0.733333349,source,RightRingDistal,0.110592775,1.26382673,0.835246146,0.284167677,-0.18424888,0.3651921,0.8671428
7934f1476fe2c6e458c230f491769c34,7400034,Mankey,0.733333349,source,RightLittleProximal,0.12482664,1.27302146,0.865087867,0.191466391,0.313247085,-0.922396,0.120013185
7934f1476fe2c6e458c230f491769c34,7400034,Mankey,0.733333349,source,RightLittleIntermediate,0.100185014,1.27024019,0.853332,-0.3506514,-0.0701754,0.596568763,-0.7184886
7934f1476fe2c6e458c230f491769c34,7400034,Mankey,0.733333349,source,RightLittleDistal,0.105479226,1.2548846,0.84346807,0.29224515,-0.243293554,0.1506907,0.9125209
7934f1476fe2c6e458c230f491769c34,7400034,Mankey,0.733333349,fighter,AnimatorRoot,0,0,0,0,0,0,1
7934f1476fe2c6e458c230f491769c34,7400034,Mankey,0.733333349,fighter,Hips,-0.07674364,0.7880261,0.6624789,0.208429471,-0.308494121,-0.590863168,0.715729952
7934f1476fe2c6e458c230f491769c34,7400034,Mankey,0.733333349,fighter,LeftUpperLeg,-0.16016008,0.79605335,0.750124156,0.528290749,0.7185113,0.20168069,0.4049388
7934f1476fe2c6e458c230f491769c34,7400034,Mankey,0.733333349,fighter,RightUpperLeg,0.006672785,0.7799989,0.5748337,0.5886883,0.7577207,0.270569772,0.07808745
7934f1476fe2c6e458c230f491769c34,7400034,Mankey,0.733333349,fighter,LeftLowerLeg,-0.118490905,0.45846656,0.8850894,0.690227151,0.5845636,0.304396331,0.2986886
7934f1476fe2c6e458c230f491769c34,7400034,Mankey,0.733333349,fighter,RightLowerLeg,0.1145151,0.438066065,0.501562,0.7699882,0.5634528,0.297009468,0.0377485752
7934f1476fe2c6e458c230f491769c34,7400034,Mankey,0.733333349,fighter,LeftFoot,-0.16505447,0.107686415,0.8599019,0.04646191,0.900216937,0.008186668,0.432878226
7934f1476fe2c6e458c230f491769c34,7400034,Mankey,0.733333349,fighter,RightFoot,0.0476042852,0.122291513,0.3543937,0.102566831,0.9608709,0.03646055,0.254711866
7934f1476fe2c6e458c230f491769c34,7400034,Mankey,0.733333349,fighter,Spine,-0.08433218,0.8317397,0.6512529,0.214183137,-0.308415771,-0.61220485,0.6958526
7934f1476fe2c6e458c230f491769c34,7400034,Mankey,0.733333349,fighter,Chest,-0.08922894,1.06907582,0.6202429,0.339579016,-0.2642219,-0.7053474,0.5633455
7934f1476fe2c6e458c230f491769c34,7400034,Mankey,0.733333349,fighter,Neck,-0.06562792,1.34938848,0.6537433,0.4458655,-0.324833572,-0.657097638,0.5137221
7934f1476fe2c6e458c230f491769c34,7400034,Mankey,0.733333349,fighter,Head,-0.0545308068,1.4929297,0.6912662,0.5876112,-0.3520798,-0.6229978,0.3776603
7934f1476fe2c6e458c230f491769c34,7400034,Mankey,0.733333349,fighter,LeftShoulder,-0.02711196,1.30060589,0.7482282,0.6691631,0.06743105,-0.298823923,0.677036643
7934f1476fe2c6e458c230f491769c34,7400034,Mankey,0.733333349,fighter,RightShoulder,0.0195947327,1.30119908,0.710360467,-0.2552855,-0.572927833,-0.6720984,0.393531561
7934f1476fe2c6e458c230f491769c34,7400034,Mankey,0.733333349,fighter,LeftUpperArm,-0.199524418,1.36733329,0.852490842,0.722194,0.44637,0.08346162,0.521750867
7934f1476fe2c6e458c230f491769c34,7400034,Mankey,0.733333349,fighter,RightUpperArm,0.138437837,1.3513881,0.541817665,0.235292792,0.7639328,0.489483833,0.348496258
7934f1476fe2c6e458c230f491769c34,7400034,Mankey,0.733333349,fighter,LeftLowerArm,-0.3651309,1.16107047,0.9497954,-0.019961793,0.8940742,-0.406911731,0.1861621
7934f1476fe2c6e458c230f491769c34,7400034,Mankey,0.733333349,fighter,RightLowerArm,0.320617229,1.15390778,0.626966655,-0.4165725,0.401318818,0.01039492,0.8156609
7934f1476fe2c6e458c230f491769c34,7400034,Mankey,0.733333349,fighter,LeftHand,-0.126585364,1.20909274,1.03102279,0.3982351,-0.8614763,-0.306078583,-0.07472684
7934f1476fe2c6e458c230f491769c34,7400034,Mankey,0.733333349,fighter,RightHand,0.146774456,1.23533,0.7971337,0.296722233,0.35942927,-0.521539,0.714677334
7934f1476fe2c6e458c230f491769c34,7400034,Mankey,0.733333349,fighter,LeftToes,0.0132473642,0.107273526,1.0768826,0.13084051,0.86666894,0.05734379,0.477993
7934f1476fe2c6e458c230f491769c34,7400034,Mankey,0.733333349,fighter,RightToes,0.287884831,0.086475946,0.495300472,0.173521847,0.963326454,0.0494377464,0.198616624
7934f1476fe2c6e458c230f491769c34,7400034,Mankey,0.733333349,fighter,LeftEye,-0.17238228,1.51877737,0.914277,0.409201235,-0.3215754,-0.50716275,-0.686971664
7934f1476fe2c6e458c230f491769c34,7400034,Mankey,0.733333349,fighter,RightEye,0.0897899,1.520127,0.89812535,0.264601469,-0.4449172,-0.7237881,-0.4562521
7934f1476fe2c6e458c230f491769c34,7400034,Mankey,0.733333349,fighter,Jaw,-0.0462185964,1.324011,0.8120209,0.664044738,0.16820091,-0.707137764,-0.1752424
7934f1476fe2c6e458c230f491769c34,7400034,Mankey,0.733333349,fighter,LeftThumbProximal,-0.08731727,1.26642728,1.00728667,0.1446118,-0.952616334,-0.20022288,0.177542523
7934f1476fe2c6e458c230f491769c34,7400034,Mankey,0.733333349,fighter,LeftThumbIntermediate,-0.0471160524,1.281994,0.9946959,0.130615175,-0.9556361,-0.232985944,-0.124166295
7934f1476fe2c6e458c230f491769c34,7400034,Mankey,0.733333349,fighter,LeftThumbDistal,-0.0108706085,1.289428,1.0062542,-0.0335467,-0.522471547,-0.245335147,-0.815910161
7934f1476fe2c6e458c230f491769c34,7400034,Mankey,0.733333349,fighter,LeftMiddleProximal,-0.0492456779,1.31875885,1.03609037,-0.344337732,-0.900233746,-0.07459545,0.255826533
7934f1476fe2c6e458c230f491769c34,7400034,Mankey,0.733333349,fighter,LeftMiddleIntermediate,-0.0109171411,1.28347266,1.005039,-0.922336161,-0.3169209,0.04523258,0.216362089
7934f1476fe2c6e458c230f491769c34,7400034,Mankey,0.733333349,fighter,LeftMiddleDistal,-0.0533243567,1.251245,1.00217462,-0.8663744,0.467155159,0.163906366,0.0655543953
7934f1476fe2c6e458c230f491769c34,7400034,Mankey,0.733333349,fighter,LeftRingProximal,-0.0286872741,1.294697,1.08129072,-0.425153971,-0.8292326,-0.16072458,0.325247824
7934f1476fe2c6e458c230f491769c34,7400034,Mankey,0.733333349,fighter,LeftRingIntermediate,-0.00591551326,1.26266372,1.04522848,-0.909707367,-0.2532801,0.0692117959,0.321702123
7934f1476fe2c6e458c230f491769c34,7400034,Mankey,0.733333349,fighter,LeftRingDistal,-0.0530742481,1.23502052,1.04320264,-0.8399065,0.4340421,0.2854986,0.157023072
7934f1476fe2c6e458c230f491769c34,7400034,Mankey,0.733333349,fighter,LeftLittleProximal,-0.02745673,1.25055528,1.12217283,-0.391113639,-0.830515,-0.184109956,0.351253837
7934f1476fe2c6e458c230f491769c34,7400034,Mankey,0.733333349,fighter,LeftLittleIntermediate,-0.00359761924,1.2228018,1.08337,-0.8792707,-0.325425565,0.0262746215,0.346831143
7934f1476fe2c6e458c230f491769c34,7400034,Mankey,0.733333349,fighter,LeftLittleDistal,-0.0471282452,1.19013238,1.07343733,-0.886135757,0.295834839,0.282976717,0.217187211
7934f1476fe2c6e458c230f491769c34,7400034,Mankey,0.733333349,fighter,RightThumbProximal,0.115252435,1.2994746,0.813998163,-0.253545165,-0.09629464,0.2895196,-0.917943835
7934f1476fe2c6e458c230f491769c34,7400034,Mankey,0.733333349,fighter,RightThumbIntermediate,0.07870355,1.32115293,0.828531265,0.3092116,0.3553102,-0.252263427,0.84528476
7934f1476fe2c6e458c230f491769c34,7400034,Mankey,0.733333349,fighter,RightThumbDistal,0.0546612963,1.32916689,0.8578627,-0.377787381,-0.866893351,0.00413383543,-0.3252018
7934f1476fe2c6e458c230f491769c34,7400034,Mankey,0.733333349,fighter,RightMiddleProximal,0.11185614,1.34245181,0.8702044,-0.286410451,-0.00168991089,-0.214085817,-0.9338813
7934f1476fe2c6e458c230f491769c34,7400034,Mankey,0.733333349,fighter,RightMiddleIntermediate,0.0567666925,1.31814158,0.8629583,0.291450828,-0.21941416,0.8245519,0.432467669
7934f1476fe2c6e458c230f491769c34,7400034,Mankey,0.733333349,fighter,RightMiddleDistal,0.0810926855,1.2869221,0.827198446,-0.06980954,0.321528316,-0.8867236,0.324758351
7934f1476fe2c6e458c230f491769c34,7400034,Mankey,0.733333349,fighter,RightRingProximal,0.114030279,1.30681217,0.912273467,-0.391884327,0.0530030727,-0.262404859,-0.8802054
7934f1476fe2c6e458c230f491769c34,7400034,Mankey,0.733333349,fighter,RightRingIntermediate,0.0683353245,1.28438783,0.896326244,0.26890552,-0.317751,0.837598562,0.3537697
7934f1476fe2c6e458c230f491769c34,7400034,Mankey,0.733333349,fighter,RightRingDistal,0.101433568,1.26131785,0.8593871,0.06860095,0.3832322,-0.8358594,0.3869967
7934f1476fe2c6e458c230f491769c34,7400034,Mankey,0.733333349,fighter,RightLittleProximal,0.124961354,1.25229967,0.935301363,-0.3651489,0.120728031,-0.140938759,-0.912265241
7934f1476fe2c6e458c230f491769c34,7400034,Mankey,0.733333349,fighter,RightLittleIntermediate,0.07529501,1.24328625,0.9180618,0.270136058,-0.3302215,0.7381356,0.522625
7934f1476fe2c6e458c230f491769c34,7400034,Mankey,0.733333349,fighter,RightLittleDistal,0.09232317,1.21047115,0.876902044,0.102141246,0.378214717,-0.9009205,0.18671827
7934f1476fe2c6e458c230f491769c34,7400034,Mankey,0.733333349,fighter,UpperChest,-0.0731453449,1.18543065,0.641903162,0.322828144,-0.2844453,-0.6696678,0.6053249
7934f1476fe2c6e458c230f491769c34,7400034,Mankey,0.75,source,AnimatorRoot,4.969817E-08,5.334728E-10,0.663514435,0,0,7.37710852E-16,1
7934f1476fe2c6e458c230f491769c34,7400034,Mankey,0.75,source,Hips,-0.0750229359,0.7869182,0.6595255,-0.07879474,0.400736272,0.007307143,0.912769735
7934f1476fe2c6e458c230f491769c34,7400034,Mankey,0.75,source,LeftUpperLeg,-0.1430714,0.791912436,0.732987761,-0.4054084,-0.190095156,0.719790339,0.530481
7934f1476fe2c6e458c230f491769c34,7400034,Mankey,0.75,source,RightUpperLeg,-0.006974379,0.7819241,0.5860631,0.302017361,-0.101403423,-0.5998013,0.7339901
7934f1476fe2c6e458c230f491769c34,7400034,Mankey,0.75,source,LeftLowerLeg,-0.102640368,0.449806184,0.8753519,-0.332997471,-0.298759431,0.5638779,0.6941884
7934f1476fe2c6e458c230f491769c34,7400034,Mankey,0.75,source,RightLowerLeg,0.08990642,0.4308926,0.5065035,0.327088267,-0.0443702526,-0.747300863,0.576703
7934f1476fe2c6e458c230f491769c34,7400034,Mankey,0.75,source,LeftFoot,-0.167209968,0.1081688,0.861694336,0.482350379,0.114668056,-0.8392343,-0.2233284
7934f1476fe2c6e458c230f491769c34,7400034,Mankey,0.75,source,RightFoot,0.04785452,0.120877035,0.3542079,0.2261061,-0.227134228,-0.268470436,0.9084108
7934f1476fe2c6e458c230f491769c34,7400034,Mankey,0.75,source,Spine,-0.0825195,0.8836964,0.646002054,-0.03289391,0.397921473,-0.0222795419,0.9165589
7934f1476fe2c6e458c230f491769c34,7400034,Mankey,0.75,source,Chest,-0.07746824,1.06246066,0.634278953,0.08918025,0.34203735,-0.0151493512,0.935322464
7934f1476fe2c6e458c230f491769c34,7400034,Mankey,0.75,source,Neck,-0.0586109869,1.26180565,0.6668816,0.347959459,0.2788194,-0.0562430732,0.893320143
7934f1476fe2c6e458c230f491769c34,7400034,Mankey,0.75,source,Head,-0.03302352,1.32709622,0.718167,0.237821281,0.0308580939,-0.0068916427,0.9707944
7934f1476fe2c6e458c230f491769c34,7400034,Mankey,0.75,source,LeftShoulder,-0.08450135,1.21780574,0.679939747,0.0848823041,0.416732043,-0.008425956,0.905018568
7934f1476fe2c6e458c230f491769c34,7400034,Mankey,0.75,source,RightShoulder,-0.0391058028,1.21974659,0.641840756,0.94580543,-0.0620530955,-0.310926884,-0.0701861158
7934f1476fe2c6e458c230f491769c34,7400034,Mankey,0.75,source,LeftUpperArm,-0.177161574,1.20992553,0.787255168,0.08441387,0.407073557,0.462326467,0.783211231
7934f1476fe2c6e458c230f491769c34,7400034,Mankey,0.75,source,RightUpperArm,0.07434589,1.20926964,0.557083249,0.8583617,-0.4474705,0.126771614,0.216597229
7934f1476fe2c6e458c230f491769c34,7400034,Mankey,0.75,source,LeftLowerArm,-0.23178573,1.03027225,0.9140432,-0.5070407,0.7920573,0.323956341,0.102993019
7934f1476fe2c6e458c230f491769c34,7400034,Mankey,0.75,source,RightLowerArm,0.202904508,1.04766786,0.6503097,0.265783131,-0.1705855,0.766328,0.5594655
7934f1476fe2c6e458c230f491769c34,7400034,Mankey,0.75,source,LeftHand,-0.121964149,1.20435882,1.03026259,-0.387145221,0.8772979,0.261200368,-0.110640965
7934f1476fe2c6e458c230f491769c34,7400034,Mankey,0.75,source,RightHand,0.147892892,1.22891843,0.791717649,0.171153009,-0.241735876,0.802050054,0.5186395
7934f1476fe2c6e458c230f491769c34,7400034,Mankey,0.75,source,LeftToes,-0.102085955,0.0354766063,0.975252867,0.495814532,0.000108466491,-0.8680395,-0.025993634
7934f1476fe2c6e458c230f491769c34,7400034,Mankey,0.75,source,RightToes,0.1605564,0.03246154,0.39781943,0.330265552,-0.205041617,0.007030751,0.92132163
7934f1476fe2c6e458c230f491769c34,7400034,Mankey,0.75,source,LeftThumbProximal,-0.122562319,1.21850228,1.01492035,-0.3684175,0.660640836,-0.6540379,-0.007567543
7934f1476fe2c6e458c230f491769c34,7400034,Mankey,0.75,source,LeftThumbIntermediate,-0.0900669545,1.23977649,0.992975652,-0.1419221,0.7724327,-0.5981361,0.159498408
7934f1476fe2c6e458c230f491769c34,7400034,Mankey,0.75,source,LeftThumbDistal,-0.0628104955,1.25207412,0.99527365,0.519002438,0.6244976,-0.226407424,0.5379399
7934f1476fe2c6e458c230f491769c34,7400034,Mankey,0.75,source,LeftIndexProximal,-0.0869724154,1.27540028,1.01609278,0.295768052,0.913150132,0.0289094578,-0.2790024
7934f1476fe2c6e458c230f491769c34,7400034,Mankey,0.75,source,LeftIndexIntermediate,-0.06633325,1.25924242,0.999854,0.882021,0.3775762,-0.1991609,-0.199525386
7934f1476fe2c6e458c230f491769c34,7400034,Mankey,0.75,source,LeftIndexDistal,-0.08047745,1.24265027,1.00431967,0.853930533,-0.431550324,-0.2899223,0.0226397552
7934f1476fe2c6e458c230f491769c34,7400034,Mankey,0.75,source,LeftMiddleProximal,-0.0776363462,1.26889515,1.03427243,0.30203712,0.9025893,0.0630331337,-0.300222129
7934f1476fe2c6e458c230f491769c34,7400034,Mankey,0.75,source,LeftMiddleIntermediate,-0.05670567,1.25223076,1.01522183,0.8727968,0.37548244,-0.199541837,-0.23962906
7934f1476fe2c6e458c230f491769c34,7400034,Mankey,0.75,source,LeftMiddleDistal,-0.07067366,1.23579752,1.01890564,0.8404122,-0.431215852,-0.328218758,-0.00576632842
7934f1476fe2c6e458c230f491769c34,7400034,Mankey,0.75,source,LeftRingProximal,-0.0703983754,1.26244712,1.0490737,0.3940526,0.8355032,0.09557487,-0.3708406
7934f1476fe2c6e458c230f491769c34,7400034,Mankey,0.75,source,LeftRingIntermediate,-0.0574195981,1.2440443,1.0273068,0.868337452,0.300003737,-0.222198814,-0.326520473
7934f1476fe2c6e458c230f491769c34,7400034,Mankey,0.75,source,LeftRingDistal,-0.0712617561,1.2312603,1.03095281,0.8097683,-0.4173138,-0.4043688,-0.08130604
7934f1476fe2c6e458c230f491769c34,7400034,Mankey,0.75,source,LeftLittleProximal,-0.06355722,1.25068724,1.061288,0.372452617,0.828251541,0.131651238,-0.397425234
7934f1476fe2c6e458c230f491769c34,7400034,Mankey,0.75,source,LeftLittleIntermediate,-0.0523960777,1.23662615,1.040528,0.824441,0.36445272,-0.196572125,-0.385786235
7934f1476fe2c6e458c230f491769c34,7400034,Mankey,0.75,source,LeftLittleDistal,-0.06487881,1.22232842,1.04134345,0.8489008,-0.268401146,-0.41800642,-0.180552423
7934f1476fe2c6e458c230f491769c34,7400034,Mankey,0.75,source,RightThumbProximal,0.14346765,1.24672353,0.781759262,0.258700073,0.6485814,0.672154069,0.246223122
7934f1476fe2c6e458c230f491769c34,7400034,Mankey,0.75,source,RightThumbIntermediate,0.1102373,1.27645946,0.783025742,-0.403433353,-0.5216029,-0.749724865,-0.0555437952
7934f1476fe2c6e458c230f491769c34,7400034,Mankey,0.75,source,RightThumbDistal,0.09019483,1.29157913,0.799429953,0.6354679,0.0284312684,0.580936849,-0.5078241
7934f1476fe2c6e458c230f491769c34,7400034,Mankey,0.75,source,RightIndexProximal,0.126386628,1.30328119,0.8136171,-0.01738398,0.223386019,-0.9677949,0.1147608
7934f1476fe2c6e458c230f491769c34,7400034,Mankey,0.75,source,RightIndexIntermediate,0.09638309,1.29619479,0.8130741,-0.141670763,-0.162001967,0.5949579,-0.77440995
7934f1476fe2c6e458c230f491769c34,7400034,Mankey,0.75,source,RightIndexDistal,0.101718247,1.276707,0.8037379,0.214614987,-0.00289276964,0.162115827,0.963146567
7934f1476fe2c6e458c230f491769c34,7400034,Mankey,0.75,source,RightMiddleProximal,0.126608163,1.29258513,0.832205534,0.0506831259,0.2430876,-0.9550189,0.1621085
7934f1476fe2c6e458c230f491769c34,7400034,Mankey,0.75,source,RightMiddleIntermediate,0.09565939,1.28322875,0.8264387,-0.20553,-0.110123128,0.5246339,-0.8187736
7934f1476fe2c6e458c230f491769c34,7400034,Mankey,0.75,source,RightMiddleDistal,0.104969345,1.2654202,0.8177752,0.22079514,-0.102734812,0.27971974,0.9286834
7934f1476fe2c6e458c230f491769c34,7400034,Mankey,0.75,source,RightRingProximal,0.126849458,1.28275025,0.846911669,0.1044614,0.299567848,-0.9196796,0.231379867
7934f1476fe2c6e458c230f491769c34,7400034,Mankey,0.75,source,RightRingIntermediate,0.09956657,1.27137983,0.8365512,-0.290091,-0.0964116752,0.435583085,-0.8466522
7934f1476fe2c6e458c230f491769c34,7400034,Mankey,0.75,source,RightRingDistal,0.111115247,1.25829887,0.8285677,0.2695451,-0.181760743,0.372762263,0.8691128
7934f1476fe2c6e458c230f491769c34,7400034,Mankey,0.75,source,RightLittleProximal,0.124978185,1.26852727,0.8582472,0.1929506,0.29900825,-0.9257204,0.128087848
7934f1476fe2c6e458c230f491769c34,7400034,Mankey,0.75,source,RightLittleIntermediate,0.100477777,1.26518857,0.8463421,-0.342129141,-0.0586744137,0.593060732,-0.7264881
7934f1476fe2c6e458c230f491769c34,7400034,Mankey,0.75,source,RightLittleDistal,0.105986893,1.24957621,0.8370133,0.2782102,-0.2443257,0.159424126,0.9151441
7934f1476fe2c6e458c230f491769c34,7400034,Mankey,0.75,fighter,AnimatorRoot,0,0,0,0,0,0,1
7934f1476fe2c6e458c230f491769c34,7400034,Mankey,0.75,fighter,Hips,-0.07502293,0.7869182,0.659525454,0.20218271,-0.301280051,-0.592660844,0.7191006
7934f1476fe2c6e458c230f491769c34,7400034,Mankey,0.75,fighter,LeftUpperLeg,-0.156626433,0.794962049,0.748859644,0.527878344,0.7169106,0.198230416,0.40998596
7934f1476fe2c6e458c230f491769c34,7400034,Mankey,0.75,fighter,RightUpperLeg,0.006580556,0.7788744,0.570191264,0.5865637,0.7621311,0.2630827,0.07672623
7934f1476fe2c6e458c230f491769c34,7400034,Mankey,0.75,fighter,LeftLowerLeg,-0.117648721,0.4585009,0.8873926,0.6922563,0.580695,0.304860771,0.301056
7934f1476fe2c6e458c230f491769c34,7400034,Mankey,0.75,fighter,RightLowerLeg,0.116404593,0.4369163,0.5000473,0.7711165,0.560325146,0.299029946,0.04468046
7934f1476fe2c6e458c230f491769c34,7400034,Mankey,0.75,fighter,LeftFoot,-0.1672099,0.108168736,0.8616944,0.04627003,0.9028512,0.00820896,0.427377552
7934f1476fe2c6e458c230f491769c34,7400034,Mankey,0.75,fighter,RightFoot,0.0478545278,0.120877057,0.354207873,0.100968041,0.9564838,0.04185593,0.2705412
7934f1476fe2c6e458c230f491769c34,7400034,Mankey,0.75,fighter,Spine,-0.082865335,0.8306196,0.6484267,0.207478136,-0.302482069,-0.615629256,0.6974655
7934f1476fe2c6e458c230f491769c34,7400034,Mankey,0.75,fighter,Chest,-0.08730898,1.06795609,0.6173521,0.3340227,-0.258249044,-0.709355,0.564404
7934f1476fe2c6e458c230f491769c34,7400034,Mankey,0.75,fighter,Neck,-0.06257202,1.34810233,0.65142,0.442257643,-0.3224137,-0.6598334,0.514856935
7934f1476fe2c6e458c230f491769c34,7400034,Mankey,0.75,fighter,Head,-0.0508688539,1.49161744,0.6888585,0.585680068,-0.3540941,-0.6234468,0.37803483
7934f1476fe2c6e458c230f491769c34,7400034,Mankey,0.75,fighter,LeftShoulder,-0.0224704836,1.29890966,0.7450287,0.6690199,0.07288246,-0.300335824,0.675943255
7934f1476fe2c6e458c230f491769c34,7400034,Mankey,0.75,fighter,RightShoulder,0.0235540252,1.29955113,0.706335545,-0.2519864,-0.570989132,-0.6770948,0.389893442
7934f1476fe2c6e458c230f491769c34,7400034,Mankey,0.75,fighter,LeftUpperArm,-0.1941737,1.36438823,0.8512355,0.72529155,0.447525054,0.0909910053,0.5151646
7934f1476fe2c6e458c230f491769c34,7400034,Mankey,0.75,fighter,RightUpperArm,0.144317448,1.35053909,0.539405048,0.2438074,0.756561756,0.493756235,0.352671623
7934f1476fe2c6e458c230f491769c34,7400034,Mankey,0.75,fighter,LeftLowerArm,-0.3584578,1.15499711,0.943994045,-0.0191983562,0.8941144,-0.401877284,0.1966873
7934f1476fe2c6e458c230f491769c34,7400034,Mankey,0.75,fighter,RightLowerArm,0.322547078,1.14840364,0.62195015,-0.41260457,0.3993636,0.009587038,0.8186417
7934f1476fe2c6e458c230f491769c34,7400034,Mankey,0.75,fighter,LeftHand,-0.121964343,1.204359,1.03026259,0.4066675,-0.8581887,-0.302093476,-0.08290817
7934f1476fe2c6e458c230f491769c34,7400034,Mankey,0.75,fighter,RightHand,0.1478928,1.22891831,0.7917176,0.286777824,0.348864734,-0.522820354,0.7229876
7934f1476fe2c6e458c230f491769c34,7400034,Mankey,0.75,fighter,LeftToes,0.0137215229,0.107807875,1.07648742,0.129673779,0.8697945,0.05633211,0.472725153
7934f1476fe2c6e458c230f491769c34,7400034,Mankey,0.75,fighter,RightToes,0.283363163,0.08499794,0.5029377,0.171279311,0.9600205,0.055859223,0.214252591
7934f1476fe2c6e458c230f491769c34,7400034,Mankey,0.75,fighter,LeftEye,-0.168250933,1.51880157,0.9119579,0.409601629,-0.323924243,-0.5056094,-0.686774731
7934f1476fe2c6e458c230f491769c34,7400034,Mankey,0.75,fighter,RightEye,0.09389678,1.51914036,0.8953633,0.264126629,-0.447255164,-0.7222755,-0.456638426
7934f1476fe2c6e458c230f491769c34,7400034,Mankey,0.75,fighter,Jaw,-0.0429607742,1.323165,0.810290039,0.664110661,0.1654112,-0.707720339,-0.175296381
7934f1476fe2c6e458c230f491769c34,7400034,Mankey,0.75,fighter,LeftThumbProximal,-0.0828272253,1.26215541,1.00744832,0.150684416,-0.9543326,-0.19840546,0.16486223
7934f1476fe2c6e458c230f491769c34,7400034,Mankey,0.75,fighter,LeftThumbIntermediate,-0.0423970632,1.27801,0.9960018,0.135376871,-0.9533695,-0.2325841,-0.1366208
7934f1476fe2c6e458c230f491769c34,7400034,Mankey,0.75,fighter,LeftThumbDistal,-0.00650149025,1.28555238,1.00854051,-0.0302419215,-0.5113093,-0.247922853,-0.822303534
7934f1476fe2c6e458c230f491769c34,7400034,Mankey,0.75,fighter,LeftMiddleProximal,-0.0460325442,1.31490743,1.03713143,-0.339050323,-0.904463947,-0.0772115439,0.247040525
7934f1476fe2c6e458c230f491769c34,7400034,Mankey,0.75,fighter,LeftMiddleIntermediate,-0.00672978954,1.28002357,1.00685287,-0.921418667,-0.322247326,0.032666117,0.2146575
7934f1476fe2c6e458c230f491769c34,7400034,Mankey,0.75,fighter,LeftMiddleDistal,-0.04887822,1.24759948,1.00268435,-0.8694722,0.46355623,0.153917834,0.07378307
7934f1476fe2c6e458c230f491769c34,7400034,Mankey,0.75,fighter,LeftRingProximal,-0.0262390953,1.29106021,1.08278441,-0.418405056,-0.83467865,-0.164329439,0.3181907
7934f1476fe2c6e458c230f491769c34,7400034,Mankey,0.75,fighter,LeftRingIntermediate,-0.00237553986,1.25938213,1.04711664,-0.9088663,-0.260006249,0.057414256,0.321034342
7934f1476fe2c6e458c230f491769c34,7400034,Mankey,0.75,fighter,LeftRingDistal,-0.0493200049,1.2315129,1.04369354,-0.844173431,0.428899884,0.2763058,0.1645343
7934f1476fe2c6e458c230f491769c34,7400034,Mankey,0.75,fighter,LeftLittleProximal,-0.0254362561,1.24691367,1.12367213,-0.383838236,-0.8362458,-0.187147215,0.3440025
7934f1476fe2c6e458c230f491769c34,7400034,Mankey,0.75,fighter,LeftLittleIntermediate,-0.000437765644,1.2195394,1.08532012,-0.8774119,-0.332234949,0.01488328,0.345756263
7934f1476fe2c6e458c230f491769c34,7400034,Mankey,0.75,fighter,LeftLittleDistal,-0.0435247049,1.18671453,1.07405424,-0.8896543,0.289674342,0.273356438,0.223340183
7934f1476fe2c6e458c230f491769c34,7400034,Mankey,0.75,fighter,RightThumbProximal,0.11571864,1.29330575,0.806267262,-0.240048468,-0.0853034854,0.2839771,-0.924368858
7934f1476fe2c6e458c230f491769c34,7400034,Mankey,0.75,fighter,RightThumbIntermediate,0.0787049755,1.31504452,0.8194729,0.294773161,0.345963538,-0.252011478,0.8543468
7934f1476fe2c6e458c230f491769c34,7400034,Mankey,0.75,fighter,RightThumbDistal,0.0541447476,1.32383025,0.848146737,-0.368021,-0.865991354,0.0147127807,-0.338236481
7934f1476fe2c6e458c230f491769c34,7400034,Mankey,0.75,fighter,RightMiddleProximal,0.111432329,1.33797872,0.8610727,-0.2705127,-0.00139608979,-0.221774742,-0.936822832
7934f1476fe2c6e458c230f491769c34,7400034,Mankey,0.75,fighter,RightMiddleIntermediate,0.0567493,1.31273127,0.853954434,0.278731167,-0.205724686,0.8330956,0.431206048
7934f1476fe2c6e458c230f491769c34,7400034,Mankey,0.75,fighter,RightMiddleDistal,0.0819652751,1.28052509,0.8197187,-0.07114057,0.302441,-0.8910028,0.3310327
7934f1476fe2c6e458c230f491769c34,7400034,Mankey,0.75,fighter,RightRingProximal,0.113452464,1.30368054,0.9042498,-0.376562029,0.05127275,-0.271675646,-0.8841744
7934f1476fe2c6e458c230f491769c34,7400034,Mankey,0.75,fighter,RightRingIntermediate,0.06826648,1.28011453,0.888500035,0.258137226,-0.303463548,0.847249031,0.3513468
7934f1476fe2c6e458c230f491769c34,7400034,Mankey,0.75,fighter,RightRingDistal,0.102172539,1.2561177,0.8529086,0.0654261,0.365511954,-0.839883745,0.395873845
7934f1476fe2c6e458c230f491769c34,7400034,Mankey,0.75,fighter,RightLittleProximal,0.12456324,1.249997,0.9290693,-0.3501259,0.1220445,-0.151624128,-0.9162571
7934f1476fe2c6e458c230f491769c34,7400034,Mankey,0.75,fighter,RightLittleIntermediate,0.07526435,1.23973477,0.911476433,0.257250965,-0.3185314,0.7492417,0.520573556
7934f1476fe2c6e458c230f491769c34,7400034,Mankey,0.75,fighter,RightLittleDistal,0.09328127,1.20564389,0.8718013,0.1026942,0.36080125,-0.905829847,0.196847826
7934f1476fe2c6e458c230f491769c34,7400034,Mankey,0.75,fighter,UpperChest,-0.07061649,1.18420231,0.6391344,0.3176465,-0.278144628,-0.6736033,0.606626
7934f1476fe2c6e458c230f491769c34,7400034,Mankey,0.766666651,source,AnimatorRoot,4.97082837E-08,5.335814E-10,0.66364944,0,0,7.527662E-16,1
7934f1476fe2c6e458c230f491769c34,7400034,Mankey,0.766666651,source,Hips,-0.07337322,0.7859167,0.656065047,-0.07843858,0.407930821,0.00783508,0.9096034
7934f1476fe2c6e458c230f491769c34,7400034,Mankey,0.766666651,source,LeftUpperLeg,-0.14025344,0.7909038,0.7305929,-0.409586817,-0.186320588,0.718723953,0.530055761
7934f1476fe2c6e458c230f491769c34,7400034,Mankey,0.766666651,source,RightUpperLeg,-0.0064929,0.780929744,0.581537,0.2951069,-0.101215787,-0.5950496,0.740664065
7934f1476fe2c6e458c230f491769c34,7400034,Mankey,0.766666651,source,LeftLowerLeg,-0.102025025,0.450007379,0.8764254,-0.335049748,-0.299309939,0.561544359,0.694854856
7934f1476fe2c6e458c230f491769c34,7400034,Mankey,0.766666651,source,RightLowerLeg,0.0946487561,0.430101156,0.5065137,0.323613167,-0.0432048626,-0.7503213,0.5748269
7934f1476fe2c6e458c230f491769c34,7400034,Mankey,0.766666651,source,LeftFoot,-0.168192953,0.108681656,0.8626243,0.4793333,0.115383275,-0.840179563,-0.22588636
7934f1476fe2c6e458c230f491769c34,7400034,Mankey,0.766666651,source,RightFoot,0.04951988,0.120222732,0.354821,0.226639062,-0.224811465,-0.266082555,0.9095575
7934f1476fe2c6e458c230f491769c34,7400034,Mankey,0.766666651,source,Spine,-0.0810420141,0.882704258,0.6427065,-0.0317320265,0.404737115,-0.0240525361,0.913565755
7934f1476fe2c6e458c230f491769c34,7400034,Mankey,0.766666651,source,Chest,-0.0753124,1.06145251,0.6310517,0.09167482,0.350248426,-0.0173854,0.9319976
7934f1476fe2c6e458c230f491769c34,7400034,Mankey,0.766666651,source,Neck,-0.0549640134,1.26057816,0.6640951,0.345860124,0.284501374,-0.0589051731,0.892171562
7934f1476fe2c6e458c230f491769c34,7400034,Mankey,0.766666651,source,Head,-0.0287353434,1.32606864,0.71479845,0.235574454,0.0323123857,-0.009173781,0.971275747
7934f1476fe2c6e458c230f491769c34,7400034,Mankey,0.766666651,source,LeftShoulder,-0.08081626,1.21664286,0.677442849,0.08877474,0.420771539,-0.008067596,0.902776539
7934f1476fe2c6e458c230f491769c34,7400034,Mankey,0.766666651,source,RightShoulder,-0.0361034237,1.21853316,0.6385424,0.947475255,-0.0632976,-0.305165619,-0.07181954
7934f1476fe2c6e458c230f491769c34,7400034,Mankey,0.766666651,source,LeftUpperArm,-0.172517359,1.20810282,0.7855289,0.09022797,0.406317025,0.467348844,0.779968143
7934f1476fe2c6e458c230f491769c34,7400034,Mankey,0.766666651,source,RightUpperArm,0.0783119947,1.20771849,0.5551335,0.8572896,-0.4556899,0.119116887,0.207876414
7934f1476fe2c6e458c230f491769c34,7400034,Mankey,0.766666651,source,LeftLowerArm,-0.2253045,1.02631235,0.910028,-0.5093975,0.787546933,0.3297267,0.107536763
7934f1476fe2c6e458c230f491769c34,7400034,Mankey,0.766666651,source,RightLowerArm,0.20435974,1.04191911,0.6443308,0.265282482,-0.174069852,0.766061544,0.558994532
7934f1476fe2c6e458c230f491769c34,7400034,Mankey,0.766666651,source,LeftHand,-0.117067657,1.199206,1.02947009,-0.3975464,0.871916234,0.267040938,-0.10202042
7934f1476fe2c6e458c230f491769c34,7400034,Mankey,0.766666651,source,RightHand,0.148973376,1.22253191,0.7864068,0.159508139,-0.229179457,0.808676541,0.517760932
7934f1476fe2c6e458c230f491769c34,7400034,Mankey,0.766666651,source,LeftToes,-0.102544233,0.0352835357,0.975424,0.493036836,0.000392927846,-0.869639,-0.0253551546
7934f1476fe2c6e458c230f491769c34,7400034,Mankey,0.766666651,source,RightToes,0.162918374,0.032486748,0.397997022,0.331197947,-0.202456415,0.009287439,0.9215386
7934f1476fe2c6e458c230f491769c34,7400034,Mankey,0.766666651,source,LeftThumbProximal,-0.117678151,1.21367419,1.0144341,-0.369090855,0.664760053,-0.64947623,0.006831986
7934f1476fe2c6e458c230f491769c34,7400034,Mankey,0.766666651,source,LeftThumbIntermediate,-0.0852261856,1.2359612,0.993451536,-0.14212662,0.7765643,-0.58928,0.1717472
7934f1476fe2c6e458c230f491769c34,7400034,Mankey,0.766666651,source,LeftThumbDistal,-0.0582165942,1.24865186,0.996427834,0.5213562,0.6272354,-0.211175933,0.538672864
7934f1476fe2c6e458c230f491769c34,7400034,Mankey,0.766666651,source,LeftIndexProximal,-0.0830692,1.2711103,1.01738763,0.284854472,0.9172486,0.0388435721,-0.275688857
7934f1476fe2c6e458c230f491769c34,7400034,Mankey,0.766666651,source,LeftIndexIntermediate,-0.0619259,1.25565779,1.00111055,0.8780549,0.388535321,-0.190087274,-0.204760909
7934f1476fe2c6e458c230f491769c34,7400034,Mankey,0.766666651,source,LeftIndexDistal,-0.0758535862,1.23874032,1.00499868,0.8598135,-0.4213745,-0.288114429,0.0124345617
7934f1476fe2c6e458c230f491769c34,7400034,Mankey,0.766666651,source,LeftMiddleProximal,-0.07389284,1.2643584,1.03555846,0.290723264,0.9065225,0.07271689,-0.297336936
7934f1476fe2c6e458c230f491769c34,7400034,Mankey,0.766666651,source,LeftMiddleIntermediate,-0.0524083935,1.24846685,1.01646411,0.8684102,0.386666983,-0.190893,-0.244770378
7934f1476fe2c6e458c230f491769c34,7400034,Mankey,0.766666651,source,LeftMiddleDistal,-0.0661511049,1.23172843,1.01957667,0.8462654,-0.4205194,-0.326738983,-0.0154983364
7934f1476fe2c6e458c230f491769c34,7400034,Mankey,0.766666651,source,LeftRingProximal,-0.06676542,1.257704,1.05032218,0.3822655,0.840375066,0.104611643,-0.369728923
7934f1476fe2c6e458c230f491769c34,7400034,Mankey,0.766666651,source,LeftRingIntermediate,-0.05316191,1.24000418,1.02835464,0.8637895,0.3120552,-0.215134,-0.33197403
7934f1476fe2c6e458c230f491769c34,7400034,Mankey,0.766666651,source,LeftRingDistal,-0.06683954,1.22691631,1.03151131,0.8152426,-0.405474126,-0.403581738,-0.089955166
7934f1476fe2c6e458c230f491769c34,7400034,Mankey,0.766666651,source,LeftLittleProximal,-0.05990768,1.24579048,1.0623771,0.360167474,0.832744658,0.14022243,-0.396425962
7934f1476fe2c6e458c230f491769c34,7400034,Mankey,0.766666651,source,LeftLittleIntermediate,-0.048209,1.23237848,1.04148436,0.818519533,0.376289,-0.1896188,-0.39048326
7934f1476fe2c6e458c230f491769c34,7400034,Mankey,0.766666651,source,LeftLittleDistal,-0.06046066,1.21786261,1.04179859,0.8521407,-0.255367577,-0.41611138,-0.1884017
7934f1476fe2c6e458c230f491769c34,7400034,Mankey,0.766666651,source,RightThumbProximal,0.1445116,1.2399447,0.7757927,0.249272332,0.6601474,0.662585735,0.2510958
7934f1476fe2c6e458c230f491769c34,7400034,Mankey,0.766666651,source,RightThumbIntermediate,0.111070253,1.26947033,0.77574,-0.397447556,-0.535851657,-0.7423148,-0.06219086
7934f1476fe2c6e458c230f491769c34,7400034,Mankey,0.766666651,source,RightThumbDistal,0.0907871,1.28501356,0.7914372,0.641755164,0.042957142,0.5812268,-0.4984787
7934f1476fe2c6e458c230f491769c34,7400034,Mankey,0.766666651,source,RightIndexProximal,0.126777053,1.2974627,0.8055015,-0.0161332954,0.205812484,-0.9712281,0.118732251
7934f1476fe2c6e458c230f491769c34,7400034,Mankey,0.766666651,source,RightIndexIntermediate,0.09682806,1.290149,0.8049612,-0.129966989,-0.148786038,0.5944194,-0.779511034
7934f1476fe2c6e458c230f491769c34,7400034,Mankey,0.766666651,source,RightIndexDistal,0.102374546,1.270384,0.796359837,0.196997464,-0.00331956847,0.166382611,0.966177344
7934f1476fe2c6e458c230f491769c34,7400034,Mankey,0.766666651,source,RightMiddleProximal,0.1269139,1.28742743,0.824455559,0.050968945,0.2257741,-0.9583513,0.167304933
7934f1476fe2c6e458c230f491769c34,7400034,Mankey,0.766666651,source,RightMiddleIntermediate,0.09607947,1.27765512,0.818766832,-0.192923173,-0.0981877148,0.522775531,-0.824527562
7934f1476fe2c6e458c230f491769c34,7400034,Mankey,0.766666651,source,RightMiddleDistal,0.105583377,1.25962,0.8108114,0.203637943,-0.100913979,0.285626024,0.931002736
7934f1476fe2c6e458c230f491769c34,7400034,Mankey,0.766666651,source,RightRingProximal,0.1270976,1.27811635,0.839499831,0.1031778,0.282763183,-0.923545,0.237622112
7934f1476fe2c6e458c230f491769c34,7400034,Mankey,0.766666651,source,RightRingIntermediate,0.09998136,1.26619625,0.8293213,-0.276656151,-0.086220026,0.433049172,-0.85352
7934f1476fe2c6e458c230f491769c34,7400034,Mankey,0.766666651,source,RightRingDistal,0.111685932,1.25292552,0.8218977,0.2533121,-0.177874386,0.380037069,0.871645331
7934f1476fe2c6e458c230f491769c34,7400034,Mankey,0.766666651,source,RightLittleProximal,0.125227123,1.26428711,0.851312459,0.193493247,0.282836229,-0.9295644,0.135920227
7934f1476fe2c6e458c230f491769c34,7400034,Mankey,0.766666651,source,RightLittleIntermediate,0.100851744,1.26035893,0.839331,-0.331584364,-0.04640588,0.5900379,-0.7346796
7934f1476fe2c6e458c230f491769c34,7400034,Mankey,0.766666651,source,RightLittleDistal,0.106545731,1.24446845,0.830602169,0.2622753,-0.24433735,0.168029755,0.918301344
7934f1476fe2c6e458c230f491769c34,7400034,Mankey,0.766666651,fighter,AnimatorRoot,0,0,0,0,0,0,1
7934f1476fe2c6e458c230f491769c34,7400034,Mankey,0.766666651,fighter,Hips,-0.07337322,0.785916567,0.656065,0.197860435,-0.294575542,-0.593816042,0.7221212
7934f1476fe2c6e458c230f491769c34,7400034,Mankey,0.766666651,fighter,LeftUpperLeg,-0.153457433,0.7936881,0.7467874,0.526013553,0.7158281,0.195592433,0.41550383
7934f1476fe2c6e458c230f491769c34,7400034,Mankey,0.766666651,fighter,RightUpperLeg,0.00671097729,0.7781451,0.5653426,0.5826504,0.767784059,0.2553709,0.0762357861
7934f1476fe2c6e458c230f491769c34,7400034,Mankey,0.766666651,fighter,LeftLowerLeg,-0.116375118,0.458623767,0.8891726,0.6933202,0.576909959,0.3068243,0.30387646
7934f1476fe2c6e458c230f491769c34,7400034,Mankey,0.766666651,fighter,RightLowerLeg,0.119938649,0.436483949,0.499282628,0.7728391,0.559789956,0.295608848,0.0443894565
7934f1476fe2c6e458c230f491769c34,7400034,Mankey,0.766666651,fighter,LeftFoot,-0.1681929,0.108681895,0.862624168,0.0484444872,0.9041003,0.009698853,0.424454749
7934f1476fe2c6e458c230f491769c34,7400034,Mankey,0.766666651,fighter,RightFoot,0.0495198853,0.120222837,0.354820967,0.09813357,0.957236767,0.04282306,0.268763781
7934f1476fe2c6e458c230f491769c34,7400034,Mankey,0.766666651,fighter,Spine,-0.08149181,0.829615,0.6451551,0.20283179,-0.296734184,-0.618264258,0.698968768
7934f1476fe2c6e458c230f491769c34,7400034,Mankey,0.766666651,fighter,Chest,-0.08588695,1.06700981,0.614521742,0.328446925,-0.251521677,-0.7136472,0.5653025
7934f1476fe2c6e458c230f491769c34,7400034,Mankey,0.766666651,fighter,Neck,-0.05995213,1.34693849,0.6494754,0.438257962,-0.3194336,-0.66293335,0.516150534
7934f1476fe2c6e458c230f491769c34,7400034,Mankey,0.766666651,fighter,Head,-0.0475979038,1.49041128,0.6868665,0.5829303,-0.355873972,-0.6244332,0.3789845
7934f1476fe2c6e458c230f491769c34,7400034,Mankey,0.766666651,fighter,LeftShoulder,-0.0181936137,1.2972126,0.742072344,0.669088,0.07856111,-0.302410066,0.674312651
7934f1476fe2c6e458c230f491769c34,7400034,Mankey,0.766666651,fighter,RightShoulder,0.0270953551,1.29795527,0.702522635,-0.248249069,-0.5685297,-0.6826894,0.3861109
7934f1476fe2c6e458c230f491769c34,7400034,Mankey,0.766666651,fighter,LeftUpperArm,-0.189000934,1.36146224,0.850452,0.7288166,0.449336082,0.0981913954,0.507229745
7934f1476fe2c6e458c230f491769c34,7400034,Mankey,0.766666651,fighter,RightUpperArm,0.14989841,1.34993792,0.537396669,0.2524785,0.7487652,0.498732775,0.356190026
7934f1476fe2c6e458c230f491769c34,7400034,Mankey,0.766666651,fighter,LeftLowerArm,-0.3516016,1.14878607,0.9385879,-0.0194741283,0.8963408,-0.392045528,0.206141457
7934f1476fe2c6e458c230f491769c34,7400034,Mankey,0.766666651,fighter,RightLowerArm,0.324296236,1.1432358,0.6167551,-0.408234179,0.3977301,0.009507284,0.8216238
7934f1476fe2c6e458c230f491769c34,7400034,Mankey,0.766666651,fighter,LeftHand,-0.117067628,1.19920611,1.02947021,0.415078431,-0.8507597,-0.3091821,-0.0912381858
7934f1476fe2c6e458c230f491769c34,7400034,Mankey,0.766666651,fighter,RightHand,0.148973152,1.2225318,0.7864068,0.275002241,0.337602973,-0.5251489,0.7311752
7934f1476fe2c6e458c230f491769c34,7400034,Mankey,0.766666651,fighter,LeftToes,0.0140732545,0.10684073,1.07627833,0.12921308,0.8713965,0.056267783,0.46990028
7934f1476fe2c6e458c230f491769c34,7400034,Mankey,0.766666651,fighter,RightToes,0.285748959,0.08572626,0.502733231,0.168440551,0.9608937,0.05653315,0.212404191
7934f1476fe2c6e458c230f491769c34,7400034,Mankey,0.766666651,fighter,LeftEye,-0.164006561,1.51906776,0.9102915,0.4096463,-0.327192217,-0.50440973,-0.686080456
7934f1476fe2c6e458c230f491769c34,7400034,Mankey,0.766666651,fighter,RightEye,0.09807355,1.51838386,0.892672539,0.2629849,-0.4503215,-0.7209129,-0.456436545
7934f1476fe2c6e458c230f491769c34,7400034,Mankey,0.766666651,fighter,Jaw,-0.039817933,1.32250488,0.809059858,0.6634328,0.162206545,-0.709088862,-0.175325587
7934f1476fe2c6e458c230f491769c34,7400034,Mankey,0.766666651,fighter,LeftThumbProximal,-0.07857571,1.25813007,1.00851834,0.159714386,-0.9526297,-0.207044974,0.155308545
7934f1476fe2c6e458c230f491769c34,7400034,Mankey,0.766666651,fighter,LeftThumbIntermediate,-0.03812256,1.27468455,0.998199344,0.139969081,-0.9487033,-0.243224114,-0.145646438
7934f1476fe2c6e458c230f491769c34,7400034,Mankey,0.766666651,fighter,LeftThumbDistal,-0.00252259849,1.28223276,1.0115509,-0.0355304964,-0.501155257,-0.257795632,-0.825301468
7934f1476fe2c6e458c230f491769c34,7400034,Mankey,0.766666651,fighter,LeftMiddleProximal,-0.04311065,1.31080973,1.03989959,-0.329473138,-0.9074471,-0.0874141157,0.245655134
7934f1476fe2c6e458c230f491769c34,7400034,Mankey,0.766666651,fighter,LeftMiddleIntermediate,-0.00294857216,1.27714837,1.00936615,-0.9171511,-0.329083979,0.02136819,0.223788634
7934f1476fe2c6e458c230f491769c34,7400034,Mankey,0.766666651,fighter,LeftMiddleDistal,-0.0446869768,1.24444,1.00360024,-0.8720275,0.456507385,0.152730137,0.088559866
7934f1476fe2c6e458c230f491769c34,7400034,Mankey,0.766666651,fighter,LeftRingProximal,-0.0235912167,1.28628576,1.08531153,-0.4071428,-0.837850332,-0.174149483,0.319239229
7934f1476fe2c6e458c230f491769c34,7400034,Mankey,0.766666651,fighter,LeftRingIntermediate,0.001192941,1.25582576,1.04921329,-0.903619766,-0.268030256,0.0477164835,0.330687284
7934f1476fe2c6e458c230f491769c34,7400034,Mankey,0.766666651,fighter,LeftRingDistal,-0.0453995876,1.2276026,1.04423356,-0.8463546,0.419503272,0.275610328,0.1781578
7934f1476fe2c6e458c230f491769c34,7400034,Mankey,0.766666651,fighter,LeftLittleProximal,-0.0226471443,1.24126351,1.12522948,-0.371891171,-0.839267969,-0.196474522,0.344564378
7934f1476fe2c6e458c230f491769c34,7400034,Mankey,0.766666651,fighter,LeftLittleIntermediate,0.003273179,1.215189,1.08658481,-0.8709286,-0.3397139,0.004765168,0.35504353
7934f1476fe2c6e458c230f491769c34,7400034,Mankey,0.766666651,fighter,LeftLittleDistal,-0.0392797031,1.18226409,1.073698,-0.8901658,0.279474556,0.271099865,0.236652136
7934f1476fe2c6e458c230f491769c34,7400034,Mankey,0.766666651,fighter,RightThumbProximal,0.11623963,1.28716016,0.7984194,-0.224279463,-0.07412672,0.278968751,-0.9307959
7934f1476fe2c6e458c230f491769c34,7400034,Mankey,0.766666651,fighter,RightThumbIntermediate,0.07881266,1.30899036,0.8102367,0.278271854,0.336303532,-0.253032923,0.8633884
7934f1476fe2c6e458c230f491769c34,7400034,Mankey,0.766666651,fighter,RightThumbDistal,0.05378137,1.31867206,0.838206053,-0.3577322,-0.864738941,0.02764982,-0.351412445
7934f1476fe2c6e458c230f491769c34,7400034,Mankey,0.766666651,fighter,RightMiddleProximal,0.111185506,1.3336972,0.8515838,-0.2527923,-0.00240136683,-0.228851974,-0.940062642
7934f1476fe2c6e458c230f491769c34,7400034,Mankey,0.766666651,fighter,RightMiddleIntermediate,0.0568897128,1.3075279,0.8448404,0.265351236,-0.189698324,0.8414061,0.430859327
7934f1476fe2c6e458c230f491769c34,7400034,Mankey,0.766666651,fighter,RightMiddleDistal,0.0829142854,1.27422321,0.812302947,-0.0737741441,0.2813003,-0.8956708,0.336455226
7934f1476fe2c6e458c230f491769c34,7400034,Mankey,0.766666651,fighter,RightRingProximal,0.11307323,1.30095029,0.8959549,-0.359489441,0.0481480956,-0.2803765,-0.8887285
7934f1476fe2c6e458c230f491769c34,7400034,Mankey,0.766666651,fighter,RightRingIntermediate,0.0683664456,1.27621424,0.880637467,0.246891722,-0.286839575,0.856933355,0.349904627
7934f1476fe2c6e458c230f491769c34,7400034,Mankey,0.766666651,fighter,RightRingDistal,0.103004515,1.25115812,0.846511,0.06080629,0.345854968,-0.8445927,0.40416646
7934f1476fe2c6e458c230f491769c34,7400034,Mankey,0.766666651,fighter,RightLittleProximal,0.124338239,1.248251,0.9227363,-0.333172262,0.1222468,-0.16203481,-0.920759141
7934f1476fe2c6e458c230f491769c34,7400034,Mankey,0.766666651,fighter,RightLittleIntermediate,0.0753931254,1.23667979,0.9049691,0.243432164,-0.304528654,0.7604211,0.5193877
7934f1476fe2c6e458c230f491769c34,7400034,Mankey,0.766666651,fighter,RightLittleDistal,0.09431199,1.20118034,0.8669851,0.102136485,0.341102839,-0.911341131,0.206579462
7934f1476fe2c6e458c230f491769c34,7400034,Mankey,0.766666651,fighter,UpperChest,-0.0685545951,1.1831162,0.636549056,0.312491536,-0.271089643,-0.677832663,0.6077847
7934f1476fe2c6e458c230f491769c34,7400034,Mankey,0.783333361,source,AnimatorRoot,4.97144761E-08,5.33647848E-10,0.6637321,0,0,7.828768E-16,1
7934f1476fe2c6e458c230f491769c34,7400034,Mankey,0.783333361,source,Hips,-0.07171637,0.785055459,0.6522669,-0.07782002,0.412934124,0.008620113,0.9073892
7934f1476fe2c6e458c230f491769c34,7400034,Mankey,0.783333361,source,LeftUpperLeg,-0.137770444,0.7899307,0.7275353,-0.413199425,-0.183047667,0.7186902,0.5284358
7934f1476fe2c6e458c230f491769c34,7400034,Mankey,0.783333361,source,RightUpperLeg,-0.005662191,0.7801804,0.576998353,0.28896594,-0.101693951,-0.5904493,0.7466772
7934f1476fe2c6e458c230f491769c34,7400034,Mankey,0.783333361,source,LeftLowerLeg,-0.100479566,0.450422,0.876807332,-0.337860137,-0.2999793,0.5603438,0.6941744
7934f1476fe2c6e458c230f491769c34,7400034,Mankey,0.783333361,source,RightLowerLeg,0.09947284,0.429605544,0.5064101,0.319983,-0.042078305,-0.7539609,0.5721743
7934f1476fe2c6e458c230f491769c34,7400034,Mankey,0.783333361,source,LeftFoot,-0.1673058,0.109199539,0.8636406,0.479083121,0.11702726,-0.839492857,-0.228113845
7934f1476fe2c6e458c230f491769c34,7400034,Mankey,0.783333361,source,RightFoot,0.0506007671,0.120022982,0.355274081,0.226869762,-0.222738832,-0.266239464,0.909964
7934f1476fe2c6e458c230f491769c34,7400034,Mankey,0.783333361,source,Spine,-0.07954825,0.8818594,0.6391237,-0.0296620354,0.409527779,-0.02502449,0.911471963
7934f1476fe2c6e458c230f491769c34,7400034,Mankey,0.783333361,source,Chest,-0.07324666,1.06061983,0.6279599,0.09439538,0.357980162,-0.0194080248,0.928742945
7934f1476fe2c6e458c230f491769c34,7400034,Mankey,0.783333361,source,Neck,-0.051462993,1.25950265,0.6615453,0.343832,0.289841622,-0.0613587536,0.8910705
7934f1476fe2c6e458c230f491769c34,7400034,Mankey,0.783333361,source,Head,-0.02464694,1.325185,0.711690247,0.233069241,0.03403183,-0.0111559369,0.9718006
7934f1476fe2c6e458c230f491769c34,7400034,Mankey,0.783333361,source,LeftShoulder,-0.07727866,1.21561956,0.675133,0.09274939,0.4243075,-0.00794726051,0.9007207
7934f1476fe2c6e458c230f491769c34,7400034,Mankey,0.783333361,source,RightShoulder,-0.0332240164,1.21749318,0.6354879,0.949301064,-0.06438405,-0.298757374,-0.07366561
7934f1476fe2c6e458c230f491769c34,7400034,Mankey,0.783333361,source,LeftUpperArm,-0.168131679,1.20647585,0.7838838,0.09515587,0.407047421,0.472637653,0.775804
7934f1476fe2c6e458c230f491769c34,7400034,Mankey,0.783333361,source,RightUpperArm,0.0822511539,1.20637882,0.553592563,0.85630697,-0.4634374,0.111686207,0.198722944
7934f1476fe2c6e458c230f491769c34,7400034,Mankey,0.783333361,source,LeftLowerArm,-0.218396947,1.02276921,0.9066012,-0.512275755,0.7828096,0.335634381,0.110149175
7934f1476fe2c6e458c230f491769c34,7400034,Mankey,0.783333361,source,RightLowerArm,0.20584932,1.03661287,0.638661,0.264958262,-0.1775729,0.7658156,0.558383167
7934f1476fe2c6e458c230f491769c34,7400034,Mankey,0.783333361,source,LeftHand,-0.111819007,1.19487238,1.0286485,-0.40506196,0.8674917,0.2716403,-0.0979544148
7934f1476fe2c6e458c230f491769c34,7400034,Mankey,0.783333361,source,RightHand,0.150058717,1.21652734,0.781463265,0.14835304,-0.2170819,0.8149323,0.5164808
7934f1476fe2c6e458c230f491769c34,7400034,Mankey,0.783333361,source,LeftToes,-0.101888105,0.03506057,0.9760896,0.49317193,0.0007540649,-0.8695933,-0.0242556632
7934f1476fe2c6e458c230f491769c34,7400034,Mankey,0.783333361,source,RightToes,0.164252013,0.0323371738,0.397883624,0.331976771,-0.200515,0.008907542,0.9216866
7934f1476fe2c6e458c230f491769c34,7400034,Mankey,0.783333361,source,LeftThumbProximal,-0.112528838,1.20955777,1.01382911,-0.3713846,0.66712594,-0.6455655,0.0161910765
7934f1476fe2c6e458c230f491769c34,7400034,Mankey,0.783333361,source,LeftThumbIntermediate,-0.0802476,1.2325958,0.993401766,-0.144136354,0.7794619,-0.5826689,0.179336831
7934f1476fe2c6e458c230f491769c34,7400034,Mankey,0.783333361,source,LeftThumbDistal,-0.0534323826,1.24560213,0.9967488,0.521859944,0.6305595,-0.201066911,0.5381725
7934f1476fe2c6e458c230f491769c34,7400034,Mankey,0.783333361,source,LeftIndexProximal,-0.07872171,1.267403,1.01787972,0.2764252,0.919729233,0.0448588021,-0.275091857
7934f1476fe2c6e458c230f491769c34,7400034,Mankey,0.783333361,source,LeftIndexIntermediate,-0.0572663732,1.25248575,1.00151217,0.874451,0.3965561,-0.1856437,-0.2088447
7934f1476fe2c6e458c230f491769c34,7400034,Mankey,0.783333361,source,LeftIndexDistal,-0.07098812,1.23532522,1.00505161,0.863648951,-0.4133993,-0.288392454,0.00648877537
7934f1476fe2c6e458c230f491769c34,7400034,Mankey,0.783333361,source,LeftMiddleProximal,-0.06957193,1.2605,1.03600717,0.282091349,0.9088577,0.07852187,-0.297047138
7934f1476fe2c6e458c230f491769c34,7400034,Mankey,0.783333361,source,LeftMiddleIntermediate,-0.04775136,1.245191,1.01681817,0.8645189,0.394759655,-0.186765373,-0.24877952
7934f1476fe2c6e458c230f491769c34,7400034,Mankey,0.783333361,source,LeftMiddleDistal,-0.06128554,1.22822368,1.01958621,0.8500107,-0.412251741,-0.327241361,-0.0210762564
7934f1476fe2c6e458c230f491769c34,7400034,Mankey,0.783333361,source,LeftRingProximal,-0.062450137,1.25371873,1.0507158,0.373422533,0.8433278,0.109724246,-0.370560527
7934f1476fe2c6e458c230f491769c34,7400034,Mankey,0.783333361,source,LeftRingIntermediate,-0.0484666042,1.23653924,1.02857435,0.85982126,0.3205899,-0.2121745,-0.336023539
7934f1476fe2c6e458c230f491769c34,7400034,Mankey,0.783333361,source,LeftRingDistal,-0.0619855225,1.223222,1.03144193,0.8185755,-0.396591246,-0.40457046,-0.09472531
7934f1476fe2c6e458c230f491769c34,7400034,Mankey,0.783333361,source,LeftLittleProximal,-0.0555092245,1.24171674,1.06263471,0.351058841,0.83536613,0.145022452,-0.397354275
7934f1476fe2c6e458c230f491769c34,7400034,Mankey,0.783333361,source,LeftLittleIntermediate,-0.04349539,1.2287823,1.0416199,0.813593268,0.384512424,-0.186717674,-0.3941489
7934f1476fe2c6e458c230f491769c34,7400034,Mankey,0.783333361,source,LeftLittleDistal,-0.05555083,1.21409988,1.04163349,0.8537523,-0.2458268,-0.416506678,-0.19287011
7934f1476fe2c6e458c230f491769c34,7400034,Mankey,0.783333361,source,RightThumbProximal,0.1455598,1.23354065,0.770234764,0.2399279,0.671061,0.6533249,0.255497426
7934f1476fe2c6e458c230f491769c34,7400034,Mankey,0.783333361,source,RightThumbIntermediate,0.111909479,1.26279855,0.768923342,-0.391381919,-0.549428344,-0.7350391,-0.0683155358
7934f1476fe2c6e458c230f491769c34,7400034,Mankey,0.783333361,source,RightThumbDistal,0.09138736,1.27870846,0.7839273,0.647514,0.0570670366,0.581195,-0.489573121
7934f1476fe2c6e458c230f491769c34,7400034,Mankey,0.783333361,source,RightIndexProximal,0.127170458,1.29188943,0.7978518,-0.0149427578,0.188935682,-0.974164248,0.122818515
7934f1476fe2c6e458c230f491769c34,7400034,Mankey,0.783333361,source,RightIndexIntermediate,0.09727999,1.28433943,0.797318757,-0.118723944,-0.136101678,0.5934553,-0.784341931
7934f1476fe2c6e458c230f491769c34,7400034,Mankey,0.783333361,source,RightIndexDistal,0.103038363,1.26433873,0.789430857,0.180084765,-0.0037188,0.17073378,0.9687138
7934f1476fe2c6e458c230f491769c34,7400034,Mankey,0.783333361,source,RightMiddleProximal,0.127223343,1.28249681,0.817132831,0.0512087047,0.209158465,-0.961176038,0.172544077
7934f1476fe2c6e458c230f491769c34,7400034,Mankey,0.783333361,source,RightMiddleIntermediate,0.09650746,1.27231038,0.811530054,-0.180809051,-0.086761564,0.520554245,-0.8299426
7934f1476fe2c6e458c230f491769c34,7400034,Mankey,0.783333361,source,RightMiddleDistal,0.106205225,1.25408971,0.8042611,0.187188,-0.099129416,0.29149583,0.932826161
7934f1476fe2c6e458c230f491769c34,7400034,Mankey,0.783333361,source,RightRingProximal,0.127349973,1.27369726,0.8324824,0.101880074,0.266628742,-0.9268638,0.243830457
7934f1476fe2c6e458c230f491769c34,7400034,Mankey,0.783333361,source,RightRingIntermediate,0.100404374,1.2612412,0.822494268,-0.263722718,-0.076489985,0.4301961,-0.859960139
7934f1476fe2c6e458c230f491769c34,7400034,Mankey,0.783333361,source,RightRingDistal,0.112264261,1.24781632,0.815614343,0.237749517,-0.174071521,0.387168884,0.8736561
7934f1476fe2c6e458c230f491769c34,7400034,Mankey,0.783333361,source,RightLittleProximal,0.125481591,1.26025832,0.844737768,0.193913028,0.267341852,-0.932889,0.143682986
7934f1476fe2c6e458c230f491769c34,7400034,Mankey,0.783333361,source,RightLittleIntermediate,0.10123422,1.2557497,0.832701,-0.3214182,-0.03472802,0.586703,-0.7424719
7934f1476fe2c6e458c230f491769c34,7400034,Mankey,0.783333361,source,RightLittleDistal,0.107113317,1.23961806,0.8245568,0.247028589,-0.244239628,0.176516831,0.9209594
7934f1476fe2c6e458c230f491769c34,7400034,Mankey,0.783333361,fighter,AnimatorRoot,0,0,0,0,0,0,1
7934f1476fe2c6e458c230f491769c34,7400034,Mankey,0.783333361,fighter,Hips,-0.07171636,0.7850554,0.65226686,0.195491821,-0.28924638,-0.594307065,0.7245127
7934f1476fe2c6e458c230f491769c34,7400034,Mankey,0.783333361,fighter,LeftUpperLeg,-0.1507172,0.792395353,0.743969738,0.5229195,0.7158713,0.193268389,0.420393884
7934f1476fe2c6e458c230f491769c34,7400034,Mankey,0.783333361,fighter,RightUpperLeg,0.007284453,0.777715445,0.5605639,0.5790724,0.7725572,0.24892129,0.0766084641
7934f1476fe2c6e458c230f491769c34,7400034,Mankey,0.783333361,fighter,LeftLowerLeg,-0.114251152,0.4589505,0.8902626,0.6930441,0.5743166,0.308841854,0.307355
7934f1476fe2c6e458c230f491769c34,7400034,Mankey,0.783333361,fighter,RightLowerLeg,0.123512737,0.436333984,0.498383284,0.775104642,0.558405,0.292265654,0.04447198
7934f1476fe2c6e458c230f491769c34,7400034,Mankey,0.783333361,fighter,LeftFoot,-0.167305842,0.109199472,0.863640547,0.0506328568,0.9039139,0.0115334988,0.424550474
7934f1476fe2c6e458c230f491769c34,7400034,Mankey,0.783333361,fighter,RightFoot,0.05060069,0.12002302,0.3552741,0.09793992,0.9577765,0.0434367359,0.266805857
7934f1476fe2c6e458c230f491769c34,7400034,Mankey,0.783333361,fighter,Spine,-0.08009021,0.8287548,0.6415552,0.2005913,-0.291698217,-0.6203854,0.6998552
7934f1476fe2c6e458c230f491769c34,7400034,Mankey,0.783333361,fighter,Chest,-0.08454827,1.066275,0.61191994,0.3234973,-0.244686157,-0.7176921,0.5660358
7934f1476fe2c6e458c230f491769c34,7400034,Mankey,0.783333361,fighter,Neck,-0.0575534627,1.3459605,0.6480007,0.434541225,-0.31632787,-0.6658011,0.5175129
7934f1476fe2c6e458c230f491769c34,7400034,Mankey,0.783333361,fighter,Head,-0.044653,1.48938882,0.685378134,0.5800906,-0.357522428,-0.6252948,0.380367666
7934f1476fe2c6e458c230f491769c34,7400034,Mankey,0.783333361,fighter,LeftShoulder,-0.0142305773,1.29564357,0.73955375,0.6694869,0.0837916,-0.304207861,0.6724763
7934f1476fe2c6e458c230f491769c34,7400034,Mankey,0.783333361,fighter,RightShoulder,0.0303477924,1.29654562,0.699207962,-0.243833721,-0.566037,-0.688611865,0.382048845
7934f1476fe2c6e458c230f491769c34,7400034,Mankey,0.783333361,fighter,LeftUpperArm,-0.184214562,1.35867071,0.849927366,0.731537044,0.452340245,0.104302481,0.499362946
7934f1476fe2c6e458c230f491769c34,7400034,Mankey,0.783333361,fighter,RightUpperArm,0.155397788,1.34963548,0.5361333,0.260866761,0.740718067,0.504237652,0.35920772
7934f1476fe2c6e458c230f491769c34,7400034,Mankey,0.783333361,fighter,LeftLowerArm,-0.344590724,1.14278185,0.934245646,-0.0217391867,0.8983299,-0.3830082,0.214093357
7934f1476fe2c6e458c230f491769c34,7400034,Mankey,0.783333361,fighter,RightLowerArm,0.3261514,1.1386131,0.6119684,-0.403964281,0.39583382,0.009750713,0.8246417
7934f1476fe2c6e458c230f491769c34,7400034,Mankey,0.783333361,fighter,LeftHand,-0.11181923,1.1948725,1.02864861,0.4211242,-0.8452663,-0.314867139,-0.0950721055
7934f1476fe2c6e458c230f491769c34,7400034,Mankey,0.783333361,fighter,RightHand,0.150058553,1.2165271,0.7814631,0.263579,0.32677725,-0.5269548,0.7389603
7934f1476fe2c6e458c230f491769c34,7400034,Mankey,0.783333361,fighter,LeftToes,0.0148542468,0.105812833,1.07736611,0.128108531,0.8714852,0.0566177964,0.4699965
7934f1476fe2c6e458c230f491769c34,7400034,Mankey,0.783333361,fighter,RightToes,0.287438482,0.0855491,0.502214849,0.168273509,0.9613405,0.05699878,0.210379943
7934f1476fe2c6e458c230f491769c34,7400034,Mankey,0.783333361,fighter,LeftEye,-0.160018921,1.51954246,0.9091467,0.4098807,-0.330562174,-0.503447652,-0.685030937
7934f1476fe2c6e458c230f491769c34,7400034,Mankey,0.783333361,fighter,RightEye,0.101980135,1.5180124,0.890410364,0.2619814,-0.4535521,-0.7196438,-0.4558175
7934f1476fe2c6e458c230f491769c34,7400034,Mankey,0.783333361,fighter,Jaw,-0.036828313,1.32209873,0.808411241,0.662598252,0.159030855,-0.7106772,-0.174960956
7934f1476fe2c6e458c230f491769c34,7400034,Mankey,0.783333361,fighter,LeftThumbProximal,-0.0739957839,1.25462091,1.00884545,0.165686011,-0.9510572,-0.213292241,0.150152147
7934f1476fe2c6e458c230f491769c34,7400034,Mankey,0.783333361,fighter,LeftThumbIntermediate,-0.0335757323,1.27165127,0.999193,0.142726153,-0.9455614,-0.2508632,-0.150370583
7934f1476fe2c6e458c230f491769c34,7400034,Mankey,0.783333361,fighter,LeftThumbDistal,0.00185530283,1.27918935,1.01299179,-0.0396712944,-0.4953584,-0.264581263,-0.826464653
7934f1476fe2c6e458c230f491769c34,7400034,Mankey,0.783333361,fighter,LeftMiddleProximal,-0.03945135,1.3072902,1.04125392,-0.322634339,-0.9091079,-0.0933309644,0.2464141
7934f1476fe2c6e458c230f491769c34,7400034,Mankey,0.783333361,fighter,LeftMiddleIntermediate,0.00120643317,1.2745018,1.01042831,-0.913982034,-0.3334611,0.0149522126,0.2306897
7934f1476fe2c6e458c230f491769c34,7400034,Mankey,0.783333361,fighter,LeftMiddleDistal,-0.0402476378,1.24162,1.00367963,-0.8734347,0.451638728,0.153302178,0.09815025
7934f1476fe2c6e458c230f491769c34,7400034,Mankey,0.783333361,fighter,LeftRingProximal,-0.0198940933,1.28234434,1.08641911,-0.399161041,-0.8396071,-0.179618746,0.321664035
7934f1476fe2c6e458c230f491769c34,7400034,Mankey,0.783333361,fighter,LeftRingIntermediate,0.005410792,1.25275552,1.04995906,-0.899707,-0.273068964,0.0424168631,0.337878644
7934f1476fe2c6e458c230f491769c34,7400034,Mankey,0.783333361,fighter,LeftRingDistal,-0.0409356728,1.22430968,1.0440402,-0.8472868,0.413132042,0.276510179,0.187002316
7934f1476fe2c6e458c230f491769c34,7400034,Mankey,0.783333361,fighter,LeftLittleProximal,-0.0185966454,1.23673761,1.1256578,-0.36344403,-0.840893269,-0.201640025,0.346625149
7934f1476fe2c6e458c230f491769c34,7400034,Mankey,0.783333361,fighter,LeftLittleIntermediate,0.007834329,1.21159053,1.08674514,-0.866175,-0.3443181,-0.000831022859,0.362196147
7934f1476fe2c6e458c230f491769c34,7400034,Mankey,0.783333361,fighter,LeftLittleDistal,-0.03437242,1.17862356,1.0728662,-0.889887631,0.272621274,0.27107498,0.245553121
7934f1476fe2c6e458c230f491769c34,7400034,Mankey,0.783333361,fighter,RightThumbProximal,0.116765663,1.281277,0.791036,-0.208987489,-0.06318608,0.273658067,-0.936719656
7934f1476fe2c6e458c230f491769c34,7400034,Mankey,0.783333361,fighter,RightThumbIntermediate,0.07894013,1.303116,0.801489234,0.262154579,0.3267163,-0.253653944,0.8718897
7934f1476fe2c6e458c230f491769c34,7400034,Mankey,0.783333361,fighter,RightThumbDistal,0.05344054,1.31362152,0.8287288,-0.34742257,-0.863175,0.040003553,-0.3641797
7934f1476fe2c6e458c230f491769c34,7400034,Mankey,0.783333361,fighter,RightMiddleProximal,0.110941894,1.32953238,0.8425647,-0.235750854,-0.00348590314,-0.23587656,-0.9427471
7934f1476fe2c6e458c230f491769c34,7400034,Mankey,0.783333361,fighter,RightMiddleIntermediate,0.0570428632,1.30245912,0.8362182,0.252172917,-0.174025774,0.849211931,0.4300744
7934f1476fe2c6e458c230f491769c34,7400034,Mankey,0.783333361,fighter,RightMiddleDistal,0.083867,1.26817834,0.8053886,-0.07625829,0.26057142,-0.8996918,0.3418227
7934f1476fe2c6e458c230f491769c34,7400034,Mankey,0.783333361,fighter,RightRingProximal,0.112699211,1.29830706,0.8880247,-0.3430261,0.044921875,-0.288966,-0.892644763
7934f1476fe2c6e458c230f491769c34,7400034,Mankey,0.783333361,fighter,RightRingIntermediate,0.06848207,1.27243328,0.8731724,0.235816017,-0.2705462,0.8660452,0.348083079
7934f1476fe2c6e458c230f491769c34,7400034,Mankey,0.783333361,fighter,RightRingDistal,0.103844121,1.2464329,0.840526938,0.0563150048,0.32656765,-0.8486501,0.41228196
7934f1476fe2c6e458c230f491769c34,7400034,Mankey,0.783333361,fighter,RightLittleProximal,0.124120705,1.24662077,0.916650653,-0.316855848,0.122275695,-0.172376931,-0.924628735
7934f1476fe2c6e458c230f491769c34,7400034,Mankey,0.783333361,fighter,RightLittleIntermediate,0.07554523,1.23375058,0.8987627,0.229884177,-0.290730268,0.7710733,0.5177609
7934f1476fe2c6e458c230f491769c34,7400034,Mankey,0.783333361,fighter,RightLittleDistal,0.0953604057,1.19697046,0.862493,0.10152635,0.3217761,-0.916193,0.216203719
7934f1476fe2c6e458c230f491769c34,7400034,Mankey,0.783333361,fighter,UpperChest,-0.0666432,1.18222761,0.6342962,0.30796814,-0.263964921,-0.6818253,0.6087633
7934f1476fe2c6e458c230f491769c34,7400034,Mankey,0.8,source,AnimatorRoot,4.97173644E-08,5.336788E-10,0.6637707,0,0,7.97932141E-16,1
7934f1476fe2c6e458c230f491769c34,7400034,Mankey,0.8,source,Hips,-0.0697734,0.7844397,0.6483586,-0.07739994,0.415072978,0.009559915,0.906439364
7934f1476fe2c6e458c230f491769c34,7400034,Mankey,0.8,source,LeftUpperLeg,-0.135468915,0.789144158,0.7239509,-0.4171026,-0.181130752,0.7183593,0.526476145
7934f1476fe2c6e458c230f491769c34,7400034,Mankey,0.8,source,RightUpperLeg,-0.00407776469,0.7797354,0.572766066,0.2843466,-0.10284134,-0.587480962,0.750624359
7934f1476fe2c6e458c230f491769c34,7400034,Mankey,0.8,source,LeftLowerLeg,-0.09905295,0.450878739,0.8762311,-0.341503382,-0.3005502,0.560402036,0.692094445
7934f1476fe2c6e458c230f491769c34,7400034,Mankey,0.8,source,RightLowerLeg,0.103488915,0.429191053,0.505781651,0.3167065,-0.0414807536,-0.758400738,0.5681591
7934f1476fe2c6e458c230f491769c34,7400034,Mankey,0.8,source,LeftFoot,-0.165595084,0.109542936,0.864658237,0.4801617,0.118563794,-0.838333,-0.229315266
7934f1476fe2c6e458c230f491769c34,7400034,Mankey,0.8,source,RightFoot,0.049978707,0.120187506,0.3550324,0.227008134,-0.221786439,-0.268234819,0.909576058
7934f1476fe2c6e458c230f491769c34,7400034,Mankey,0.8,source,Spine,-0.07776909,0.8812531,0.63538456,-0.02670544,0.411571,-0.025557274,0.910627842
7934f1476fe2c6e458c230f491769c34,7400034,Mankey,0.8,source,Chest,-0.07087717,1.06004369,0.6250877,0.0971711054,0.3641737,-0.0209249854,0.9260117
7934f1476fe2c6e458c230f491769c34,7400034,Mankey,0.8,source,Neck,-0.04788725,1.25867915,0.659327,0.3420241,0.29388693,-0.06346673,0.8902934
7934f1476fe2c6e458c230f491769c34,7400034,Mankey,0.8,source,Head,-0.02060401,1.3245312,0.708995044,0.230339527,0.03501215,-0.0123867746,0.9724017
7934f1476fe2c6e458c230f491769c34,7400034,Mankey,0.8,source,LeftShoulder,-0.0736807957,1.2148267,0.6730549,0.09657613,0.426680356,-0.00774819171,0.899198
7934f1476fe2c6e458c230f491769c34,7400034,Mankey,0.8,source,RightShoulder,-0.0301637985,1.21672928,0.632821739,0.9514346,-0.06515511,-0.291221559,-0.0756128654
7934f1476fe2c6e458c230f491769c34,7400034,Mankey,0.8,source,LeftUpperArm,-0.1639612,1.20510244,0.7822314,0.0991947,0.406805664,0.477460176,0.7724648
7934f1476fe2c6e458c230f491769c34,7400034,Mankey,0.8,source,RightUpperArm,0.08654568,1.20537078,0.5527294,0.855359137,-0.470702261,0.105246052,0.189007521
7934f1476fe2c6e458c230f491769c34,7400034,Mankey,0.8,source,LeftLowerArm,-0.212239429,1.01968884,0.903166533,-0.515482366,0.7773216,0.342701018,0.112274945
7934f1476fe2c6e458c230f491769c34,7400034,Mankey,0.8,source,RightLowerArm,0.207701758,1.03194487,0.633835733,0.26372394,-0.1817504,0.7658622,0.557558656
7934f1476fe2c6e458c230f491769c34,7400034,Mankey,0.8,source,LeftHand,-0.107443042,1.19092894,1.02794,-0.4156555,0.859814346,0.281881481,-0.0921573862
7934f1476fe2c6e458c230f491769c34,7400034,Mankey,0.8,source,RightHand,0.1511677,1.21115589,0.777228832,0.137239084,-0.20840697,0.821519852,0.5126771
7934f1476fe2c6e458c230f491769c34,7400034,Mankey,0.8,source,LeftToes,-0.100651823,0.0349229,0.977063954,0.4945804,0.000948221365,-0.868828535,-0.0229468551
7934f1476fe2c6e458c230f491769c34,7400034,Mankey,0.8,source,RightToes,0.163437411,0.0320445523,0.397209883,0.332491875,-0.199975282,0.00678649172,0.9216362
7934f1476fe2c6e458c230f491769c34,7400034,Mankey,0.8,source,LeftThumbProximal,-0.108354539,1.20601809,1.01354325,-0.375639528,0.6726309,-0.636847556,0.029801501
7934f1476fe2c6e458c230f491769c34,7400034,Mankey,0.8,source,LeftThumbIntermediate,-0.07641276,1.23025453,0.993987858,-0.147365719,0.7857652,-0.570079,0.189385936
7934f1476fe2c6e458c230f491769c34,7400034,Mankey,0.8,source,LeftThumbDistal,-0.049876146,1.24367607,0.9978747,0.523979366,0.6368039,-0.185183048,0.5344479
7934f1476fe2c6e458c230f491769c34,7400034,Mankey,0.8,source,LeftIndexProximal,-0.07570719,1.26436639,1.01946211,0.2633571,0.9224571,0.05621166,-0.276688755
7934f1476fe2c6e458c230f491769c34,7400034,Mankey,0.8,source,LeftIndexIntermediate,-0.0538711734,1.250344,1.002809,0.8680202,0.408288628,-0.1793237,-0.218368679
7934f1476fe2c6e458c230f491769c34,7400034,Mankey,0.8,source,LeftIndexDistal,-0.0672752559,1.23282647,1.005769,0.8684943,-0.400818646,-0.291623026,-0.00434943475
7934f1476fe2c6e458c230f491769c34,7400034,Mankey,0.8,source,LeftMiddleProximal,-0.06652825,1.257123,1.03744149,0.268711776,0.911225259,0.08951707,-0.299082
7934f1476fe2c6e458c230f491769c34,7400034,Mankey,0.8,source,LeftMiddleIntermediate,-0.0443034321,1.24279761,1.01795936,0.8575373,0.406532168,-0.18088913,-0.258149266
7934f1476fe2c6e458c230f491769c34,7400034,Mankey,0.8,source,LeftMiddleDistal,-0.0575193428,1.22549891,1.02015507,0.854567945,-0.399163246,-0.330758423,-0.0313332677
7934f1476fe2c6e458c230f491769c34,7400034,Mankey,0.8,source,LeftRingProximal,-0.05935999,1.25006068,1.05199432,0.35951665,0.8463664,0.119333684,-0.374395341
7934f1476fe2c6e458c230f491769c34,7400034,Mankey,0.8,source,LeftRingIntermediate,-0.04491693,1.2337991,1.029458,0.852385461,0.332955241,-0.208221376,-0.345288277
7934f1476fe2c6e458c230f491769c34,7400034,Mankey,0.8,source,LeftRingDistal,-0.05818947,1.22014582,1.031858,0.8221606,-0.3824793,-0.4086612,-0.103720851
7934f1476fe2c6e458c230f491769c34,7400034,Mankey,0.8,source,LeftLittleProximal,-0.0522545278,1.23785734,1.06360793,0.3367431,0.8377623,0.15418455,-0.401230961
7934f1476fe2c6e458c230f491769c34,7400034,Mankey,0.8,source,LeftLittleIntermediate,-0.0398700945,1.22576773,1.04230726,0.8046323,0.396227658,-0.182554841,-0.402796149
7934f1476fe2c6e458c230f491769c34,7400034,Mankey,0.8,source,LeftLittleDistal,-0.0516363569,1.21086049,1.04182434,0.8544933,-0.230929852,-0.4192797,-0.201786071
7934f1476fe2c6e458c230f491769c34,7400034,Mankey,0.8,source,RightThumbProximal,0.146634355,1.22780633,0.7654823,0.228627175,0.6795691,0.6469685,0.2595144
7934f1476fe2c6e458c230f491769c34,7400034,Mankey,0.8,source,RightThumbIntermediate,0.11269623,1.25664818,0.762945056,-0.382754266,-0.5610781,-0.7302953,-0.07321231
7934f1476fe2c6e458c230f491769c34,7400034,Mankey,0.8,source,RightThumbDistal,0.09181502,1.27273619,0.7772471,0.6501113,0.0716122538,0.581838965,-0.483415961
7934f1476fe2c6e458c230f491769c34,7400034,Mankey,0.8,source,RightIndexProximal,0.127274066,1.28668237,0.7912552,-0.0114212483,0.174725592,-0.9760579,0.12904121
7934f1476fe2c6e458c230f491769c34,7400034,Mankey,0.8,source,RightIndexIntermediate,0.09747451,1.27879441,0.7905524,-0.111036971,-0.123602942,0.5902661,-0.7899236
7934f1476fe2c6e458c230f491769c34,7400034,Mankey,0.8,source,RightIndexDistal,0.103545375,1.25865018,0.7832891,0.16574496,-0.00659526046,0.1771198,0.9701105
7934f1476fe2c6e458c230f491769c34,7400034,Mankey,0.8,source,RightMiddleProximal,0.127177477,1.27782035,0.810785651,0.05385001,0.195161834,-0.9626586,0.179724142
7934f1476fe2c6e458c230f491769c34,7400034,Mankey,0.8,source,RightMiddleIntermediate,0.09664592,1.26714981,0.8050773,-0.172290772,-0.07530904,0.5160582,-0.8356607
7934f1476fe2c6e458c230f491769c34,7400034,Mankey,0.8,source,RightMiddleDistal,0.1066289,1.24884474,0.7984335,0.173080549,-0.100075223,0.2990234,0.9330667
7934f1476fe2c6e458c230f491769c34,7400034,Mankey,0.8,source,RightRingProximal,0.1271991,1.26944482,0.826371,0.103012227,0.2529115,-0.92843014,0.251876473
7934f1476fe2c6e458c230f491769c34,7400034,Mankey,0.8,source,RightRingIntermediate,0.100517906,1.25642729,0.8163892,-0.254261941,-0.0665288,0.424880922,-0.866257131
7934f1476fe2c6e458c230f491769c34,7400034,Mankey,0.8,source,RightRingDistal,0.112606883,1.24295,0.810030043,0.224237382,-0.173049986,0.395713478,0.8736033
7934f1476fe2c6e458c230f491769c34,7400034,Mankey,0.8,source,RightLittleProximal,0.125314951,1.2563256,0.8389657,0.196437433,0.254675925,-0.934415638,0.1530374
7934f1476fe2c6e458c230f491769c34,7400034,Mankey,0.8,source,RightLittleIntermediate,0.101273954,1.25122547,0.8267523,-0.3147798,-0.0236915387,0.58106035,-0.750147939
7934f1476fe2c6e458c230f491769c34,7400034,Mankey,0.8,source,RightLittleDistal,0.107428022,1.23494291,0.8191282,0.234589547,-0.246341586,0.186361566,0.9217122
7934f1476fe2c6e458c230f491769c34,7400034,Mankey,0.8,fighter,AnimatorRoot,0,0,0,0,0,0,1
7934f1476fe2c6e458c230f491769c34,7400034,Mankey,0.8,fighter,Hips,-0.06977339,0.784439564,0.6483585,0.195175245,-0.2861488,-0.5938115,0.72623235
7934f1476fe2c6e458c230f491769c34,7400034,Mankey,0.8,fighter,LeftUpperLeg,-0.1482802,0.791272938,0.740523636,0.5194951,0.7156613,0.192129269,0.425488234
7934f1476fe2c6e458c230f491769c34,7400034,Mankey,0.8,fighter,RightUpperLeg,0.008733397,0.777606249,0.556193352,0.577233136,0.775228,0.244495228,0.07775274
7934f1476fe2c6e458c230f491769c34,7400034,Mankey,0.8,fighter,LeftLowerLeg,-0.112355478,0.4593362,0.8903377,0.69133985,0.5731108,0.3106546,0.3115879
7934f1476fe2c6e458c230f491769c34,7400034,Mankey,0.8,fighter,RightLowerLeg,0.126388863,0.4361798,0.497016639,0.778237164,0.5554769,0.289396226,0.045189023
7934f1476fe2c6e458c230f491769c34,7400034,Mankey,0.8,fighter,LeftFoot,-0.16559504,0.109542936,0.8646583,0.0519580878,0.9031477,0.0129230171,0.425978333
7934f1476fe2c6e458c230f491769c34,7400034,Mankey,0.8,fighter,RightFoot,0.0499787,0.120187663,0.3550325,0.09983643,0.957889736,0.04374677,0.2656429
7934f1476fe2c6e458c230f491769c34,7400034,Mankey,0.8,fighter,Spine,-0.07837313,0.828130841,0.637793839,0.200979054,-0.288203269,-0.622027636,0.6997342
7934f1476fe2c6e458c230f491769c34,7400034,Mankey,0.8,fighter,Chest,-0.08278085,1.065825,0.6095793,0.319948167,-0.238542169,-0.7209684,0.5665115
7934f1476fe2c6e458c230f491769c34,7400034,Mankey,0.8,fighter,Neck,-0.05503668,1.34526479,0.6469703,0.431861043,-0.3136989,-0.6678303,0.518740535
7934f1476fe2c6e458c230f491769c34,7400034,Mankey,0.8,fighter,Head,-0.0418237746,1.4886595,0.6843678,0.577921748,-0.359314382,-0.625336945,0.381907552
7934f1476fe2c6e458c230f491769c34,7400034,Mankey,0.8,fighter,LeftShoulder,-0.0104418555,1.294358,0.7375817,0.6703582,0.08807531,-0.3051148,0.6706473
7934f1476fe2c6e458c230f491769c34,7400034,Mankey,0.8,fighter,RightShoulder,0.03355169,1.29547322,0.6966042,-0.238385454,-0.5640476,-0.6946701,0.377433956
7934f1476fe2c6e458c230f491769c34,7400034,Mankey,0.8,fighter,LeftUpperArm,-0.179878712,1.35615718,0.849480331,0.733909369,0.454482019,0.110532284,0.492550254
7934f1476fe2c6e458c230f491769c34,7400034,Mankey,0.8,fighter,RightUpperArm,0.1612047,1.349695,0.5359366,0.2683918,0.732384562,0.510211349,0.362303168
7934f1476fe2c6e458c230f491769c34,7400034,Mankey,0.8,fighter,LeftLowerArm,-0.3384056,1.13744819,0.9299395,-0.0239899587,0.9008721,-0.372283369,0.221944019
7934f1476fe2c6e458c230f491769c34,7400034,Mankey,0.8,fighter,RightLowerArm,0.3284544,1.13469172,0.6083195,-0.399737656,0.3928849,0.009678587,0.828105
7934f1476fe2c6e458c230f491769c34,7400034,Mankey,0.8,fighter,LeftHand,-0.107443124,1.190929,1.02794,0.428857923,-0.8362352,-0.3266107,-0.100582793
7934f1476fe2c6e458c230f491769c34,7400034,Mankey,0.8,fighter,RightHand,0.151167572,1.21115577,0.777228832,0.25504458,0.316231549,-0.525701165,0.747387767
7934f1476fe2c6e458c230f491769c34,7400034,Mankey,0.8,fighter,LeftToes,0.01584462,0.1051637,1.07897782,0.126719251,0.8709119,0.0569497049,0.4713931
7934f1476fe2c6e458c230f491769c34,7400034,Mankey,0.8,fighter,RightToes,0.287050158,0.0846540555,0.501342654,0.1701404,0.961256444,0.05732228,0.209171459
7934f1476fe2c6e458c230f491769c34,7400034,Mankey,0.8,fighter,LeftEye,-0.156576768,1.52027714,0.9082494,0.410896778,-0.3331937,-0.5024291,-0.6838939
7934f1476fe2c6e458c230f491769c34,7400034,Mankey,0.8,fighter,RightEye,0.105371505,1.51818442,0.88886863,0.261974156,-0.456378639,-0.718291,-0.455133379
7934f1476fe2c6e458c230f491769c34,7400034,Mankey,0.8,fighter,Jaw,-0.0339803435,1.32205331,0.8083242,0.6623389,0.1562294,-0.7117985,-0.173904568
7934f1476fe2c6e458c230f491769c34,7400034,Mankey,0.8,fighter,LeftThumbProximal,-0.0706806853,1.25194323,1.010095,0.175410926,-0.9472835,-0.225564629,0.144933015
7934f1476fe2c6e458c230f491769c34,7400034,Mankey,0.8,fighter,LeftThumbIntermediate,-0.0304202139,1.26980472,1.00131714,0.147475049,-0.9401446,-0.26533854,-0.154837757
7934f1476fe2c6e458c230f491769c34,7400034,Mankey,0.8,fighter,LeftThumbDistal,0.00479834666,1.27736843,1.01563621,-0.0478055179,-0.4881373,-0.2773475,-0.8261448
7934f1476fe2c6e458c230f491769c34,7400034,Mankey,0.8,fighter,LeftMiddleProximal,-0.0373576544,1.30431736,1.04421568,-0.311436743,-0.9109553,-0.104466692,0.249508739
7934f1476fe2c6e458c230f491769c34,7400034,Mankey,0.8,fighter,LeftMiddleIntermediate,0.003975147,1.27306581,1.01269889,-0.908104241,-0.3406632,0.00743764639,0.243394077
7934f1476fe2c6e458c230f491769c34,7400034,Mankey,0.8,fighter,LeftMiddleDistal,-0.03697887,1.23987031,1.00457382,-0.8754065,0.442986965,0.157292664,0.112628706
7934f1476fe2c6e458c230f491769c34,7400034,Mankey,0.8,fighter,LeftRingProximal,-0.017576199,1.27846575,1.08876979,-0.386572748,-0.8412117,-0.189514875,0.327121973
7934f1476fe2c6e458c230f491769c34,7400034,Mankey,0.8,fighter,LeftRingIntermediate,0.008406022,1.25038838,1.051598,-0.8925968,-0.281047851,0.03672012,0.350620627
7934f1476fe2c6e458c230f491769c34,7400034,Mankey,0.8,fighter,LeftRingDistal,-0.0375060439,1.221535,1.0444032,-0.8480751,0.402315944,0.280799747,0.200156167
7934f1476fe2c6e458c230f491769c34,7400034,Mankey,0.8,fighter,LeftLittleProximal,-0.015613432,1.23178279,1.12669337,-0.3502615,-0.8420991,-0.211182073,0.351550967
7934f1476fe2c6e458c230f491769c34,7400034,Mankey,0.8,fighter,LeftLittleIntermediate,0.0114543643,1.208237,1.08722043,-0.8578773,-0.3514709,-0.00721754134,0.374783963
7934f1476fe2c6e458c230f491769c34,7400034,Mankey,0.8,fighter,LeftLittleDistal,-0.0301960241,1.17517328,1.07196,-0.8886605,0.261274457,0.273701727,0.2590476
7934f1476fe2c6e458c230f491769c34,7400034,Mankey,0.8,fighter,RightThumbProximal,0.117070995,1.275775,0.784602344,-0.1970004,-0.05132495,0.2660749,-0.9422108
7934f1476fe2c6e458c230f491769c34,7400034,Mankey,0.8,fighter,RightThumbIntermediate,0.0787559,1.2973851,0.7936542,0.248701647,0.316211045,-0.251137823,0.880391
7934f1476fe2c6e458c230f491769c34,7400034,Mankey,0.8,fighter,RightThumbDistal,0.0526341349,1.30842948,0.8200788,-0.3367998,-0.861120164,0.0482622236,-0.377769053
7934f1476fe2c6e458c230f491769c34,7400034,Mankey,0.8,fighter,RightMiddleProximal,0.110072628,1.3253516,0.834711134,-0.221039027,-0.00208184123,-0.244772345,-0.944046855
7934f1476fe2c6e458c230f491769c34,7400034,Mankey,0.8,fighter,RightMiddleIntermediate,0.0566913262,1.29726648,0.8283869,0.238563165,-0.161562234,0.8573163,0.426608384
7934f1476fe2c6e458c230f491769c34,7400034,Mankey,0.8,fighter,RightMiddleDistal,0.0845446661,1.26236081,0.7992155,-0.0759644359,0.241673261,-0.9021386,0.349242151
7934f1476fe2c6e458c230f491769c34,7400034,Mankey,0.8,fighter,RightRingProximal,0.111573286,1.29539907,0.881028533,-0.328670233,0.0440390557,-0.299396336,-0.8946503
7934f1476fe2c6e458c230f491769c34,7400034,Mankey,0.8,fighter,RightRingIntermediate,0.0680025443,1.26836812,0.8663279,0.224165484,-0.257315367,0.8749836,0.343428433
7934f1476fe2c6e458c230f491769c34,7400034,Mankey,0.8,fighter,RightRingDistal,0.104302973,1.24180377,0.835202,0.05455269,0.308964878,-0.8505424,0.422069848
7934f1476fe2c6e458c230f491769c34,7400034,Mankey,0.8,fighter,RightLittleProximal,0.1231705,1.24464083,0.91120255,-0.303153872,0.12435174,-0.1843943,-0.926624954
7934f1476fe2c6e458c230f491769c34,7400034,Mankey,0.8,fighter,RightLittleIntermediate,0.07510705,1.23043454,0.8929467,0.216552779,-0.280064732,0.7817595,0.513343155
7934f1476fe2c6e458c230f491769c34,7400034,Mankey,0.8,fighter,RightLittleDistal,0.09608478,1.19273973,0.858306348,0.103150338,0.304858565,-0.9190505,0.227526128
7934f1476fe2c6e458c230f491769c34,7400034,Mankey,0.8,fighter,UpperChest,-0.0644589961,1.18162549,0.6324011,0.304800421,-0.257615864,-0.6850665,0.609438062
7934f1476fe2c6e458c230f491769c34,7400034,Mankey,0.816666663,source,AnimatorRoot,4.97175741E-08,5.336811E-10,0.6637735,0,0,8.12987464E-16,1
7934f1476fe2c6e458c230f491769c34,7400034,Mankey,0.816666663,source,Hips,-0.06756223,0.7841319,0.6444855,-0.07733065,0.414459139,0.0106102489,0.906714439
7934f1476fe2c6e458c230f491769c34,7400034,Mankey,0.816666663,source,LeftUpperLeg,-0.1333556,0.7886296,0.7200053,-0.4214282,-0.181016654,0.716914,0.525038838
7934f1476fe2c6e458c230f491769c34,7400034,Mankey,0.816666663,source,RightUpperLeg,-0.00176874432,0.779634356,0.5689655,0.2807889,-0.104224943,-0.5859782,0.752943933
7934f1476fe2c6e458c230f491769c34,7400034,Mankey,0.816666663,source,LeftLowerLeg,-0.09851688,0.451151371,0.874386549,-0.346423626,-0.301820636,0.560779452,0.6887827
7934f1476fe2c6e458c230f491769c34,7400034,Mankey,0.816666663,source,RightLowerLeg,0.106899008,0.428900868,0.5048083,0.312808424,-0.0415790267,-0.762728333,0.5645067
7934f1476fe2c6e458c230f491769c34,7400034,Mankey,0.816666663,source,LeftFoot,-0.164231971,0.1095909,0.864907146,0.4838224,0.119319379,-0.836367548,-0.228404045
7934f1476fe2c6e458c230f491769c34,7400034,Mankey,0.816666663,source,RightFoot,0.04880219,0.120215952,0.355107516,0.226491332,-0.221586823,-0.269265771,0.909448862
7934f1476fe2c6e458c230f491769c34,7400034,Mankey,0.816666663,source,Spine,-0.0757301748,0.880943239,0.6316037,-0.023077812,0.4109284,-0.0258582849,0.9110086
7934f1476fe2c6e458c230f491769c34,7400034,Mankey,0.816666663,source,Chest,-0.06819952,1.05977046,0.622453868,0.09965738,0.3687768,-0.0215896443,0.923908055
7934f1476fe2c6e458c230f491769c34,7400034,Mankey,0.816666663,source,Neck,-0.04441707,1.25819027,0.6573948,0.3403694,0.2966409,-0.06533729,0.8898788
7934f1476fe2c6e458c230f491769c34,7400034,Mankey,0.816666663,source,Head,-0.0167707969,1.3241967,0.7066556,0.226905182,0.03581076,-0.0144504439,0.9731512
7934f1476fe2c6e458c230f491769c34,7400034,Mankey,0.816666663,source,LeftShoulder,-0.0701699555,1.21433043,0.6711755,0.09985171,0.4286083,-0.007011438,0.8979286
7934f1476fe2c6e458c230f491769c34,7400034,Mankey,0.816666663,source,RightShoulder,-0.02705642,1.21632731,0.6305148,0.9537324,-0.06534755,-0.283091217,-0.077354975
7934f1476fe2c6e458c230f491769c34,7400034,Mankey,0.816666663,source,LeftUpperArm,-0.159985155,1.203964,0.780676067,0.102030583,0.4068658,0.4822447,0.769084036
7934f1476fe2c6e458c230f491769c34,7400034,Mankey,0.816666663,source,RightUpperArm,0.09097206,1.20483971,0.5523982,0.8546384,-0.4770254,0.09974167,0.17914243
7934f1476fe2c6e458c230f491769c34,7400034,Mankey,0.816666663,source,LeftLowerArm,-0.206160426,1.01708877,0.90017426,-0.519113,0.7720858,0.348441333,0.113993078
7934f1476fe2c6e458c230f491769c34,7400034,Mankey,0.816666663,source,RightLowerArm,0.209924,1.02820134,0.6297477,0.261854619,-0.18620269,0.7663238,0.5563353
7934f1476fe2c6e458c230f491769c34,7400034,Mankey,0.816666663,source,LeftHand,-0.103323609,1.18779039,1.027294,-0.426554084,0.852213264,0.2905316,-0.08588184
7934f1476fe2c6e458c230f491769c34,7400034,Mankey,0.816666663,source,RightHand,0.15228118,1.20670021,0.773587,0.1255155,-0.201970473,0.8289353,0.5062809
7934f1476fe2c6e458c230f491769c34,7400034,Mankey,0.816666663,source,LeftToes,-0.100220561,0.035094548,0.9779278,0.4983163,0.00104061968,-0.8666863,-0.0231287014
7934f1476fe2c6e458c230f491769c34,7400034,Mankey,0.816666663,source,RightToes,0.1621214,0.0318503827,0.397193849,0.332140446,-0.199835449,0.00568392128,0.9218008
7934f1476fe2c6e458c230f491769c34,7400034,Mankey,0.816666663,source,LeftThumbProximal,-0.104420885,1.20323431,1.01329184,-0.379237026,0.677067757,-0.6291512,0.0439046174
7934f1476fe2c6e458c230f491769c34,7400034,Mankey,0.816666663,source,LeftThumbIntermediate,-0.07281415,1.228608,0.9946561,-0.150296777,0.790913463,-0.558357239,0.20026125
7934f1476fe2c6e458c230f491769c34,7400034,Mankey,0.816666663,source,LeftThumbDistal,-0.04658415,1.242445,0.9991228,0.5253814,0.642145634,-0.16924347,0.5319592
7934f1476fe2c6e458c230f491769c34,7400034,Mankey,0.816666663,source,LeftIndexProximal,-0.07299805,1.262041,1.02102363,0.250242621,0.9253597,0.06671511,-0.276834548
7934f1476fe2c6e458c230f491769c34,7400034,Mankey,0.816666663,source,LeftIndexIntermediate,-0.0507515967,1.2488997,1.00419629,0.861693,0.420155168,-0.172465622,-0.2262985
7934f1476fe2c6e458c230f491769c34,7400034,Mankey,0.816666663,source,LeftIndexDistal,-0.0638255551,1.23104763,1.00657892,0.8735209,-0.3882411,-0.293288529,-0.01457327
7934f1476fe2c6e458c230f491769c34,7400034,Mankey,0.816666663,source,LeftMiddleProximal,-0.0638215,1.25450766,1.03888476,0.255273938,0.913836837,0.09966677,-0.299673945
7934f1476fe2c6e458c230f491769c34,7400034,Mankey,0.816666663,source,LeftMiddleIntermediate,-0.0411572754,1.24114609,1.01922464,0.850710869,0.418481022,-0.174494117,-0.265926719
7934f1476fe2c6e458c230f491769c34,7400034,Mankey,0.816666663,source,LeftMiddleDistal,-0.0540413,1.223537,1.02085078,0.859387457,-0.386095941,-0.332723379,-0.040972542
7934f1476fe2c6e458c230f491769c34,7400034,Mankey,0.816666663,source,LeftRingProximal,-0.056630943,1.247206,1.05330789,0.345593929,0.849813,0.128251776,-0.376742
7934f1476fe2c6e458c230f491769c34,7400034,Mankey,0.816666663,source,LeftRingIntermediate,-0.04168338,1.231836,1.030477,0.845257342,0.3455875,-0.20368287,-0.353019655
7934f1476fe2c6e458c230f491769c34,7400034,Mankey,0.816666663,source,LeftRingDistal,-0.0546986,1.21786368,1.03240275,0.8261886,-0.3684075,-0.411251217,-0.112076223
7934f1476fe2c6e458c230f491769c34,7400034,Mankey,0.816666663,source,LeftLittleProximal,-0.04937643,1.2348429,1.06465721,0.32241,0.8406355,0.162621513,-0.4036564
7934f1476fe2c6e458c230f491769c34,7400034,Mankey,0.816666663,source,LeftLittleIntermediate,-0.0365805924,1.223569,1.04315341,0.796014667,0.40827626,-0.17795755,-0.409881
7934f1476fe2c6e458c230f491769c34,7400034,Mankey,0.816666663,source,LeftLittleDistal,-0.0480415374,1.20844948,1.04217732,0.8557573,-0.216008618,-0.420711,-0.209815636
7934f1476fe2c6e458c230f491769c34,7400034,Mankey,0.816666663,source,RightThumbProximal,0.147708908,1.22299576,0.761367,0.214779168,0.686678,0.6426784,0.2632645
7934f1476fe2c6e458c230f491769c34,7400034,Mankey,0.816666663,source,RightThumbIntermediate,0.113397792,1.25124991,0.7575538,-0.371279031,-0.571973145,-0.7273531,-0.0771789
7934f1476fe2c6e458c230f491769c34,7400034,Mankey,0.816666663,source,RightThumbDistal,0.09203339,1.26735449,0.771103859,0.6502182,0.0876351446,0.5829225,-0.4793105
7934f1476fe2c6e458c230f491769c34,7400034,Mankey,0.816666663,source,RightIndexProximal,0.1270312,1.28216743,0.7853795,-0.00579964649,0.1618163,-0.9771466,0.1377208
7934f1476fe2c6e458c230f491769c34,7400034,Mankey,0.816666663,source,RightIndexIntermediate,0.09736845,1.273813,0.784354866,-0.105767712,-0.110497281,0.5847785,-0.7966418
7934f1476fe2c6e458c230f491769c34,7400034,Mankey,0.816666663,source,RightIndexDistal,0.103862911,1.25359619,0.7776836,0.152625918,-0.0116550382,0.185885876,0.9705758
7934f1476fe2c6e458c230f491769c34,7400034,Mankey,0.816666663,source,RightMiddleProximal,0.1267231,1.27377224,0.805113,0.0585868843,0.1824594,-0.963046849,0.1892548
7934f1476fe2c6e458c230f491769c34,7400034,Mankey,0.816666663,source,RightMiddleIntermediate,0.09645742,1.262506,0.799139261,-0.166183516,-0.06316,0.5091282,-0.842129946
7934f1476fe2c6e458c230f491769c34,7400034,Mankey,0.816666663,source,RightMiddleDistal,0.10682492,1.24420178,0.7931103,0.160046056,-0.10328687,0.308677226,0.9318992
7934f1476fe2c6e458c230f491769c34,7400034,Mankey,0.816666663,source,RightRingProximal,0.126595169,1.26577115,0.8208935,0.106148869,0.240352884,-0.9285464,0.2622304
7934f1476fe2c6e458c230f491769c34,7400034,Mankey,0.816666663,source,RightRingIntermediate,0.10028851,1.25211585,0.8107707,-0.247051626,-0.05582073,0.416917354,-0.8729432
7934f1476fe2c6e458c230f491769c34,7400034,Mankey,0.816666663,source,RightRingDistal,0.112685062,1.23867643,0.804946244,0.211614892,-0.174194813,0.406225532,0.8716975
7934f1476fe2c6e458c230f491769c34,7400034,Mankey,0.816666663,source,RightLittleProximal,0.124684528,1.25292838,0.8337659,0.2007826,0.243603915,-0.934482038,0.164582908
7934f1476fe2c6e458c230f491769c34,7400034,Mankey,0.816666663,source,RightLittleIntermediate,0.100939475,1.24717414,0.8212674,-0.3106274,-0.0125824837,0.572907567,-0.758373141
7934f1476fe2c6e458c230f491769c34,7400034,Mankey,0.816666663,source,RightLittleDistal,0.107466325,1.23081017,0.814144135,0.223756984,-0.250321567,0.1982298,0.920856833
7934f1476fe2c6e458c230f491769c34,7400034,Mankey,0.816666663,fighter,AnimatorRoot,0,0,0,0,0,0,1
7934f1476fe2c6e458c230f491769c34,7400034,Mankey,0.816666663,fighter,Hips,-0.06756222,0.7841318,0.6444854,0.196648926,-0.285388559,-0.5923965,0.727288842
7934f1476fe2c6e458c230f491769c34,7400034,Mankey,0.816666663,fighter,LeftUpperLeg,-0.146153,0.790447831,0.736615956,0.5167011,0.714333653,0.192609251,0.4308703
7934f1476fe2c6e458c230f491769c34,7400034,Mankey,0.816666663,fighter,RightUpperLeg,0.0110285366,0.7778159,0.552354932,0.5768791,0.77642,0.241154969,0.07891168
7934f1476fe2c6e458c230f491769c34,7400034,Mankey,0.816666663,fighter,LeftLowerLeg,-0.111482628,0.4595684,0.889041662,0.6883564,0.572409153,0.3130514,0.317036927
7934f1476fe2c6e458c230f491769c34,7400034,Mankey,0.816666663,fighter,RightLowerLeg,0.128850266,0.436072648,0.4953783,0.7814647,0.552778363,0.2856807,0.0462151468
7934f1476fe2c6e458c230f491769c34,7400034,Mankey,0.816666663,fighter,LeftFoot,-0.164232,0.109590791,0.8649071,0.05150877,0.9013282,0.0128783435,0.429870665
7934f1476fe2c6e458c230f491769c34,7400034,Mankey,0.816666663,fighter,RightFoot,0.0488021038,0.120215908,0.3551075,0.100814492,0.9579319,0.0432653576,0.265200257
7934f1476fe2c6e458c230f491769c34,7400034,Mankey,0.816666663,fighter,Spine,-0.07635009,0.827803552,0.6339952,0.20365572,-0.286499441,-0.6232824,0.698542535
7934f1476fe2c6e458c230f491769c34,7400034,Mankey,0.816666663,fighter,Chest,-0.08048656,1.06569552,0.607456446,0.3178356,-0.233304113,-0.7232169,0.567016065
7934f1476fe2c6e458c230f491769c34,7400034,Mankey,0.816666663,fighter,Neck,-0.05248286,1.34492517,0.646200955,0.429608226,-0.3119913,-0.669218838,0.5198505
7934f1476fe2c6e458c230f491769c34,7400034,Mankey,0.816666663,fighter,Head,-0.039035473,1.48832643,0.6834888,0.575150132,-0.362040937,-0.62542665,0.3833671
7934f1476fe2c6e458c230f491769c34,7400034,Mankey,0.816666663,fighter,LeftShoulder,-0.00689944671,1.29350877,0.7360293,0.6714335,0.09202652,-0.305399418,0.6689091
7934f1476fe2c6e458c230f491769c34,7400034,Mankey,0.816666663,fighter,RightShoulder,0.03665415,1.29489028,0.6945926,-0.232183114,-0.5627712,-0.700343847,0.3726908
7934f1476fe2c6e458c230f491769c34,7400034,Mankey,0.816666663,fighter,LeftUpperArm,-0.1759604,1.35399723,0.8492054,0.7356143,0.456711531,0.116221055,0.4865997
7934f1476fe2c6e458c230f491769c34,7400034,Mankey,0.816666663,fighter,RightUpperArm,0.167056531,1.35022175,0.536532462,0.274796873,0.724283338,0.516254246,0.365215361
7934f1476fe2c6e458c230f491769c34,7400034,Mankey,0.816666663,fighter,LeftLowerArm,-0.332615167,1.1327374,0.926286459,-0.0267358,0.9026888,-0.3634029,0.228859946
7934f1476fe2c6e458c230f491769c34,7400034,Mankey,0.816666663,fighter,RightLowerArm,0.33115074,1.1317476,0.6056717,-0.396102965,0.388941348,0.009583794,0.8317064
7934f1476fe2c6e458c230f491769c34,7400034,Mankey,0.816666663,fighter,LeftHand,-0.103323683,1.18779063,1.02729416,0.4371637,-0.8271122,-0.3368088,-0.106460348
7934f1476fe2c6e458c230f491769c34,7400034,Mankey,0.816666663,fighter,RightHand,0.152281135,1.20670009,0.7735869,0.248260051,0.305320621,-0.521596,0.757023156
7934f1476fe2c6e458c230f491769c34,7400034,Mankey,0.816666663,fighter,LeftToes,0.0153625188,0.105475582,1.08078039,0.126657158,0.8688478,0.05749251,0.475138545
7934f1476fe2c6e458c230f491769c34,7400034,Mankey,0.816666663,fighter,RightToes,0.285952926,0.08423503,0.501179457,0.171138,0.9611978,0.05686207,0.208752438
7934f1476fe2c6e458c230f491769c34,7400034,Mankey,0.816666663,fighter,LeftEye,-0.153110087,1.52193236,0.90742743,0.412136674,-0.336549938,-0.5005969,-0.68284744
7934f1476fe2c6e458c230f491769c34,7400034,Mankey,0.816666663,fighter,RightEye,0.108779393,1.518812,0.887401044,0.261915326,-0.459963173,-0.7162151,-0.454830348
7934f1476fe2c6e458c230f491769c34,7400034,Mankey,0.816666663,fighter,Jaw,-0.0314389169,1.32258463,0.808613658,0.6623167,0.152341679,-0.7128963,-0.172938854
7934f1476fe2c6e458c230f491769c34,7400034,Mankey,0.816666663,fighter,LeftThumbProximal,-0.06764809,1.249972,1.011377,0.18556428,-0.9435601,-0.23641482,0.139170125
7934f1476fe2c6e458c230f491769c34,7400034,Mankey,0.816666663,fighter,LeftThumbIntermediate,-0.027569754,1.26865423,1.0035224,0.153326467,-0.934548855,-0.2785201,-0.15980117
7934f1476fe2c6e458c230f491769c34,7400034,Mankey,0.816666663,fighter,LeftThumbDistal,0.00739127,1.27631235,1.018411,-0.05425271,-0.480361819,-0.290070236,-0.825935066
7934f1476fe2c6e458c230f491769c34,7400034,Mankey,0.816666663,fighter,LeftMiddleProximal,-0.0356577449,1.30207479,1.04714859,-0.300038338,-0.9131652,-0.114766285,0.2508701
7934f1476fe2c6e458c230f491769c34,7400034,Mankey,0.816666663,fighter,LeftMiddleIntermediate,0.006437831,1.272333,1.01518381,-0.9021553,-0.3485456,-0.000312775373,0.254228771
7934f1476fe2c6e458c230f491769c34,7400034,Mankey,0.816666663,fighter,LeftMiddleDistal,-0.033942502,1.23879671,1.00570071,-0.877729535,0.433820039,0.159708649,0.126034468
7934f1476fe2c6e458c230f491769c34,7400034,Mankey,0.816666663,fighter,LeftRingProximal,-0.015723018,1.27545023,1.091176,-0.37386173,-0.8434198,-0.198631987,0.330781519
7934f1476fe2c6e458c230f491769c34,7400034,Mankey,0.816666663,fighter,LeftRingIntermediate,0.0110335853,1.248821,1.05349135,-0.885666668,-0.2897864,0.03074766,0.361487448
7934f1476fe2c6e458c230f491769c34,7400034,Mankey,0.816666663,fighter,LeftRingDistal,-0.0343769044,1.21952665,1.04501021,-0.8494761,0.3911221,0.283583224,0.212119818
7934f1476fe2c6e458c230f491769c34,7400034,Mankey,0.816666663,fighter,LeftLittleProximal,-0.0131317331,1.227828,1.12787426,-0.337008357,-0.8439283,-0.219903678,0.3547579
7934f1476fe2c6e458c230f491769c34,7400034,Mankey,0.816666663,fighter,LeftLittleIntermediate,0.0146660749,1.20580947,1.08802927,-0.8497367,-0.359444857,-0.0137113333,0.385434151
7934f1476fe2c6e458c230f491769c34,7400034,Mankey,0.816666663,fighter,LeftLittleDistal,-0.02634213,1.172598,1.07141018,-0.888053834,0.249502629,0.274998784,0.2710817
7934f1476fe2c6e458c230f491769c34,7400034,Mankey,0.816666663,fighter,RightThumbProximal,0.117108837,1.27095079,0.7788167,-0.187116861,-0.03848967,0.255975425,-0.9476195
7934f1476fe2c6e458c230f491769c34,7400034,Mankey,0.816666663,fighter,RightThumbIntermediate,0.07821656,1.29209185,0.786395,0.236709163,0.304789841,-0.245562047,0.8892535
7934f1476fe2c6e458c230f491769c34,7400034,Mankey,0.816666663,fighter,RightThumbDistal,0.0513303466,1.30342793,0.8119137,-0.3250753,-0.858765543,0.0533566773,-0.3924299
7934f1476fe2c6e458c230f491769c34,7400034,Mankey,0.816666663,fighter,RightMiddleProximal,0.108500473,1.32159376,0.8275906,-0.207312673,0.001360774,-0.2558707,-0.9442195
7934f1476fe2c6e458c230f491769c34,7400034,Mankey,0.816666663,fighter,RightMiddleIntermediate,0.0557927936,1.2923224,0.821000457,0.224253237,-0.151157856,0.8660632,0.4204718
7934f1476fe2c6e458c230f491769c34,7400034,Mankey,0.816666663,fighter,RightMiddleDistal,0.08490724,1.25709021,0.7935012,-0.0735515356,0.223607674,-0.9031932,0.358932137
7934f1476fe2c6e458c230f491769c34,7400034,Mankey,0.816666663,fighter,RightRingProximal,0.109631054,1.29277825,0.8746342,-0.315167516,0.0449821949,-0.312011927,-0.8951509
7934f1476fe2c6e458c230f491769c34,7400034,Mankey,0.816666663,fighter,RightRingIntermediate,0.06689214,1.264495,0.859848142,0.211810648,-0.245988518,0.884183645,0.335924834
7934f1476fe2c6e458c230f491769c34,7400034,Mankey,0.816666663,fighter,RightRingDistal,0.10433954,1.23770046,0.8303191,0.054753378,0.292167842,-0.85051775,0.4338892
7934f1476fe2c6e458c230f491769c34,7400034,Mankey,0.816666663,fighter,RightLittleProximal,0.121446282,1.24293458,0.90621537,-0.2908113,0.12806204,-0.198487759,-0.927163661
7934f1476fe2c6e458c230f491769c34,7400034,Mankey,0.816666663,fighter,RightLittleIntermediate,0.0740584,1.227275,0.8873909,0.203064233,-0.271508157,0.7929827,0.506189466
7934f1476fe2c6e458c230f491769c34,7400034,Mankey,0.816666663,fighter,RightLittleDistal,0.0964695141,1.18896031,0.8543661,0.106522232,0.289380252,-0.920250952,0.2409383
7934f1476fe2c6e458c230f491769c34,7400034,Mankey,0.816666663,fighter,UpperChest,-0.06197944,1.18136942,0.6307659,0.3030113,-0.252258629,-0.6872799,0.6100787
7934f1476fe2c6e458c230f491769c34,7400034,Mankey,0.8333333,source,AnimatorRoot,4.971573E-08,5.33661337E-10,0.66374886,0,0,8.280428E-16,1
7934f1476fe2c6e458c230f491769c34,7400034,Mankey,0.8333333,source,Hips,-0.06517949,0.7841837,0.6408589,-0.0773025,0.41299665,0.0116483532,0.9073712
7934f1476fe2c6e458c230f491769c34,7400034,Mankey,0.8333333,source,LeftUpperLeg,-0.1312109,0.7884661,0.7161832,-0.424912035,-0.18195489,0.7145569,0.5251199
7934f1476fe2c6e458c230f491769c34,7400034,Mankey,0.8333333,source,RightUpperLeg,0.000852025638,0.779901445,0.565534353,0.2782453,-0.105578415,-0.586201966,0.753525257
7934f1476fe2c6e458c230f491769c34,7400034,Mankey,0.8333333,source,LeftLowerLeg,-0.09863375,0.451099962,0.871301532,-0.350730062,-0.3020317,0.562031746,0.685482264
7934f1476fe2c6e458c230f491769c34,7400034,Mankey,0.8333333,source,RightLowerLeg,0.109112538,0.428705215,0.5032474,0.3088848,-0.0422912575,-0.765986264,0.5621984
7934f1476fe2c6e458c230f491769c34,7400034,Mankey,0.8333333,source,LeftFoot,-0.163281769,0.109274216,0.8644009,0.4861937,0.118898891,-0.8354462,-0.226955518
7934f1476fe2c6e458c230f491769c34,7400034,Mankey,0.8333333,source,RightFoot,0.047508236,0.119931452,0.355140716,0.225872368,-0.221198,-0.268098265,0.9100422
7934f1476fe2c6e458c230f491769c34,7400034,Mankey,0.8333333,source,Spine,-0.0735089853,0.88099134,0.6280532,-0.019266706,0.4094603,-0.0260601044,0.9117523
7934f1476fe2c6e458c230f491769c34,7400034,Mankey,0.8333333,source,Chest,-0.06534159,1.05984938,0.6201355,0.101597168,0.371619672,-0.02166937,0.92255497
7934f1476fe2c6e458c230f491769c34,7400034,Mankey,0.8333333,source,Neck,-0.0411289446,1.25810552,0.655705154,0.3385961,0.297905356,-0.06746985,0.88997364
7934f1476fe2c6e458c230f491769c34,7400034,Mankey,0.8333333,source,Head,-0.0131688323,1.3242718,0.7045726,0.22420527,0.0356350169,-0.0155832451,0.9737657
7934f1476fe2c6e458c230f491769c34,7400034,Mankey,0.8333333,source,LeftShoulder,-0.06684361,1.21421921,0.669473052,0.102308579,0.4304644,-0.00592466258,0.896771431
7934f1476fe2c6e458c230f491769c34,7400034,Mankey,0.8333333,source,RightShoulder,-0.0239800811,1.21632969,0.628554642,0.9560686,-0.06514199,-0.274766922,-0.07869434
7934f1476fe2c6e458c230f491769c34,7400034,Mankey,0.8333333,source,LeftUpperArm,-0.156209961,1.20322061,0.7792789,0.103499219,0.407644123,0.4864525,0.7658188
7934f1476fe2c6e458c230f491769c34,7400034,Mankey,0.8333333,source,RightUpperArm,0.0953748748,1.20477641,0.5524902,0.853907,-0.4828153,0.09523019,0.169304267
7934f1476fe2c6e458c230f491769c34,7400034,Mankey,0.8333333,source,LeftLowerArm,-0.200250909,1.01529157,0.8979268,-0.5226151,0.7683586,0.350776464,0.115994751
7934f1476fe2c6e458c230f491769c34,7400034,Mankey,0.8333333,source,RightLowerArm,0.212207183,1.02526486,0.6263786,0.259457618,-0.190947309,0.767108,0.554767132
7934f1476fe2c6e458c230f491769c34,7400034,Mankey,0.8333333,source,LeftHand,-0.09935643,1.1858927,1.0267266,-0.434982568,0.8477965,0.292794257,-0.07939113
7934f1476fe2c6e458c230f491769c34,7400034,Mankey,0.8333333,source,RightHand,0.153149888,1.20303047,0.7705519,0.114132755,-0.1958573,0.83469224,0.501899362
7934f1476fe2c6e458c230f491769c34,7400034,Mankey,0.8333333,source,LeftToes,-0.0997616947,0.0351798,0.9779617,0.5005233,0.000926547567,-0.86538595,-0.0241508987
7934f1476fe2c6e458c230f491769c34,7400034,Mankey,0.8333333,source,RightToes,0.16106692,0.0319034979,0.3972893,0.331591874,-0.199083865,0.006806083,0.9221533
7934f1476fe2c6e458c230f491769c34,7400034,Mankey,0.8333333,source,LeftThumbProximal,-0.10048613,1.20150745,1.01291776,-0.379472226,0.6782978,-0.626778662,0.0553327054
7934f1476fe2c6e458c230f491769c34,7400034,Mankey,0.8333333,source,LeftThumbIntermediate,-0.06899651,1.227567,0.995045662,-0.150764808,0.7922231,-0.5526147,0.2104042
7934f1476fe2c6e458c230f491769c34,7400034,Mankey,0.8333333,source,LeftThumbDistal,-0.0430247635,1.24170506,1.00004625,0.525547862,0.6433768,-0.157723919,0.533844054
7934f1476fe2c6e458c230f491769c34,7400034,Mankey,0.8333333,source,LeftIndexProximal,-0.06999792,1.2606349,1.0218513,0.241461471,0.9284342,0.07264038,-0.272818834
7934f1476fe2c6e458c230f491769c34,7400034,Mankey,0.8333333,source,LeftIndexIntermediate,-0.0473491363,1.24803221,1.00514913,0.8583254,0.428804547,-0.1655002,-0.228066564
7934f1476fe2c6e458c230f491769c34,7400034,Mankey,0.8333333,source,LeftIndexDistal,-0.060201,1.22997,1.00711918,0.8780219,-0.380048275,-0.290176451,-0.0209553335
7934f1476fe2c6e458c230f491769c34,7400034,Mankey,0.8333333,source,LeftMiddleProximal,-0.06095256,1.25298941,1.0397315,0.246201232,0.9168778,0.105386287,-0.295997
7934f1476fe2c6e458c230f491769c34,7400034,Mankey,0.8333333,source,LeftMiddleIntermediate,-0.0378455333,1.24021041,1.02019978,0.8471033,0.427330345,-0.167889491,-0.267615318
7934f1476fe2c6e458c230f491769c34,7400034,Mankey,0.8333333,source,LeftMiddleDistal,-0.0505010262,1.22240376,1.021419,0.863959134,-0.377562553,-0.329872519,-0.0469683073
7934f1476fe2c6e458c230f491769c34,7400034,Mankey,0.8333333,source,LeftRingProximal,-0.05385062,1.24559426,1.05415094,0.3362559,0.853809237,0.133601025,-0.3742898
7934f1476fe2c6e458c230f491769c34,7400034,Mankey,0.8333333,source,LeftRingIntermediate,-0.0383888744,1.23074281,1.03131926,0.8417694,0.355177462,-0.198209673,-0.35494554
7934f1476fe2c6e458c230f491769c34,7400034,Mankey,0.8333333,source,LeftRingDistal,-0.0512305647,1.21656644,1.0328846,0.830683351,-0.359108984,-0.408993423,-0.117178507
7934f1476fe2c6e458c230f491769c34,7400034,Mankey,0.8333333,source,LeftLittleProximal,-0.04657319,1.23318088,1.06543076,0.312729031,0.8444185,0.167565,-0.401347965
7934f1476fe2c6e458c230f491769c34,7400034,Mankey,0.8333333,source,LeftLittleIntermediate,-0.0333378166,1.22237718,1.04395151,0.791540563,0.4177227,-0.172789857,-0.4112367
7934f1476fe2c6e458c230f491769c34,7400034,Mankey,0.8333333,source,LeftLittleDistal,-0.0445712134,1.20711434,1.04262114,0.8585926,-0.205801979,-0.41791755,-0.214032054
7934f1476fe2c6e458c230f491769c34,7400034,Mankey,0.8333333,source,RightThumbProximal,0.148613617,1.21899545,0.7578904,0.203191355,0.692941546,0.637777567,0.267928153
7934f1476fe2c6e458c230f491769c34,7400034,Mankey,0.8333333,source,RightThumbIntermediate,0.1140914,1.2468034,0.752888441,-0.361705631,-0.5814822,-0.724066138,-0.08231736
7934f1476fe2c6e458c230f491769c34,7400034,Mankey,0.8333333,source,RightThumbDistal,0.09235532,1.26299381,0.765726268,0.650559068,0.101366431,0.584620059,-0.474044323
7934f1476fe2c6e458c230f491769c34,7400034,Mankey,0.8333333,source,RightIndexProximal,0.1269725,1.278485,0.7802085,-0.0004199056,0.149493366,-0.9782465,0.143825725
7934f1476fe2c6e458c230f491769c34,7400034,Mankey,0.8333333,source,RightIndexIntermediate,0.09741366,1.269807,0.778908,-0.100733861,-0.0979922,0.581142962,-0.8015758
7934f1476fe2c6e458c230f491769c34,7400034,Mankey,0.8333333,source,RightIndexDistal,0.10421288,1.24951053,0.7728061,0.14008376,-0.0164755937,0.1920793,0.971190751
7934f1476fe2c6e458c230f491769c34,7400034,Mankey,0.8333333,source,RightMiddleProximal,0.126431227,1.2705394,0.8001222,0.06315422,0.170208842,-0.9636144,0.1961844
7934f1476fe2c6e458c230f491769c34,7400034,Mankey,0.8333333,source,RightMiddleIntermediate,0.09637744,1.2588315,0.793931961,-0.160258651,-0.05146706,0.504251,-0.8469945
7934f1476fe2c6e458c230f491769c34,7400034,Mankey,0.8333333,source,RightMiddleDistal,0.107019842,1.2405014,0.7884892,0.147429332,-0.106347509,0.3157709,0.931259453
7934f1476fe2c6e458c230f491769c34,7400034,Mankey,0.8333333,source,RightRingProximal,0.126129463,1.26289928,0.8160783,0.10931132,0.22814922,-0.9290364,0.269983262
7934f1476fe2c6e458c230f491769c34,7400034,Mankey,0.8333333,source,RightRingIntermediate,0.100123927,1.24874878,0.8058579,-0.2400692,-0.0453445,0.411169,-0.878209233
7934f1476fe2c6e458c230f491769c34,7400034,Mankey,0.8333333,source,RightRingDistal,0.112743855,1.23530722,0.8005399,0.19926168,-0.1753943,0.414227724,0.8706018
7934f1476fe2c6e458c230f491769c34,7400034,Mankey,0.8333333,source,RightLittleProximal,0.124139525,1.2503345,0.82921046,0.205083072,0.232582644,-0.9347459,0.1734849
7934f1476fe2c6e458c230f491769c34,7400034,Mankey,0.8333333,source,RightLittleIntermediate,0.100655429,1.24405468,0.8164743,-0.306405872,-0.00155541545,0.5667167,-0.7648177
7934f1476fe2c6e458c230f491769c34,7400034,Mankey,0.8333333,source,RightLittleDistal,0.107456312,1.2276001,0.8098326,0.2128749,-0.254222661,0.207469136,0.9203327
7934f1476fe2c6e458c230f491769c34,7400034,Mankey,0.8333333,fighter,AnimatorRoot,0,0,0,0,0,0,1
7934f1476fe2c6e458c230f491769c34,7400034,Mankey,0.8333333,fighter,Hips,-0.06517948,0.7841837,0.6408588,0.198600888,-0.285452962,-0.590885162,0.727962255
7934f1476fe2c6e458c230f491769c34,7400034,Mankey,0.8333333,fighter,LeftUpperLeg,-0.144035876,0.7900275,0.732793331,0.5156587,0.712092638,0.1939126,0.435222059
7934f1476fe2c6e458c230f491769c34,7400034,Mankey,0.8333333,fighter,RightUpperLeg,0.0136768995,0.7783398,0.5489244,0.5779175,0.7757413,0.240176111,0.08094612
7934f1476fe2c6e458c230f491769c34,7400034,Mankey,0.8333333,fighter,LeftLowerLeg,-0.111336343,0.4595103,0.886435449,0.685335,0.5727573,0.31422168,0.321760535
7934f1476fe2c6e458c230f491769c34,7400034,Mankey,0.8333333,fighter,RightLowerLeg,0.13038291,0.435992539,0.493294328,0.78388,0.550862968,0.2823887,0.0483611822
7934f1476fe2c6e458c230f491769c34,7400034,Mankey,0.8333333,fighter,LeftFoot,-0.163281813,0.10927403,0.8644009,0.0503745154,0.9002925,0.0118909478,0.432197183
7934f1476fe2c6e458c230f491769c34,7400034,Mankey,0.8333333,fighter,RightFoot,0.04750819,0.119931735,0.3551408,0.09948225,0.9581885,0.04272169,0.264864028
7934f1476fe2c6e458c230f491769c34,7400034,Mankey,0.8333333,fighter,Spine,-0.07411834,0.8278363,0.630416751,0.2069446,-0.285446882,-0.6245087,0.696909547
7934f1476fe2c6e458c230f491769c34,7400034,Mankey,0.8333333,fighter,Chest,-0.07783447,1.06592071,0.6055974,0.316931069,-0.229491144,-0.724506,0.5674327
7934f1476fe2c6e458c230f491769c34,7400034,Mankey,0.8333333,fighter,Neck,-0.0498883277,1.3449924,0.645503163,0.428555518,-0.3109295,-0.6697634,0.520654
7934f1476fe2c6e458c230f491769c34,7400034,Mankey,0.8333333,fighter,Head,-0.03642088,1.488405,0.682740748,0.5736307,-0.364353567,-0.624863446,0.384370446
7934f1476fe2c6e458c230f491769c34,7400034,Mankey,0.8333333,fighter,LeftShoulder,-0.00365077984,1.29319632,0.7347773,0.672403932,0.09561509,-0.305628031,0.667325258
7934f1476fe2c6e458c230f491769c34,7400034,Mankey,0.8333333,fighter,RightShoulder,0.03962477,1.29482818,0.6930594,-0.22580801,-0.562318861,-0.7053164,0.367882371
7934f1476fe2c6e458c230f491769c34,7400034,Mankey,0.8333333,fighter,LeftUpperArm,-0.172366723,1.352482,0.849099159,0.7366616,0.45884493,0.120544896,0.481934071
7934f1476fe2c6e458c230f491769c34,7400034,Mankey,0.8333333,fighter,RightUpperArm,0.172778144,1.35107315,0.5376372,0.2802828,0.716334,0.522048354,0.368474066
7934f1476fe2c6e458c230f491769c34,7400034,Mankey,0.8333333,fighter,LeftLowerArm,-0.3273432,1.12919772,0.9236944,-0.0292647574,0.902947843,-0.359236777,0.234047338
7934f1476fe2c6e458c230f491769c34,7400034,Mankey,0.8333333,fighter,RightLowerArm,0.333808184,1.1294632,0.603943765,-0.392689884,0.384445727,0.009071838,0.8354127
7934f1476fe2c6e458c230f491769c34,7400034,Mankey,0.8333333,fighter,LeftHand,-0.09935647,1.18589282,1.02672672,0.4444337,-0.8210366,-0.340173632,-0.112519011
7934f1476fe2c6e458c230f491769c34,7400034,Mankey,0.8333333,fighter,RightHand,0.153149813,1.20303023,0.7705516,0.242184758,0.294546783,-0.519263148,0.7648237
7934f1476fe2c6e458c230f491769c34,7400034,Mankey,0.8333333,fighter,LeftToes,0.0152323116,0.105985276,1.08118248,0.127528518,0.8674851,0.05766639,0.477368742
7934f1476fe2c6e458c230f491769c34,7400034,Mankey,0.8333333,fighter,RightToes,0.2848555,0.08475586,0.501089633,0.169855058,0.9615266,0.0562221631,0.208458826
7934f1476fe2c6e458c230f491769c34,7400034,Mankey,0.8333333,fighter,LeftEye,-0.150378168,1.52350509,0.9065099,0.413653135,-0.338452727,-0.4989835,-0.6821706
7934f1476fe2c6e458c230f491769c34,7400034,Mankey,0.8333333,fighter,RightEye,0.111500047,1.519729,0.8864488,0.2626415,-0.462292016,-0.7144748,-0.454787374
7934f1476fe2c6e458c230f491769c34,7400034,Mankey,0.8333333,fighter,Jaw,-0.029141333,1.32335341,0.8087935,0.6628842,0.149633378,-0.7132102,-0.171831757
7934f1476fe2c6e458c230f491769c34,7400034,Mankey,0.8333333,fighter,LeftThumbProximal,-0.06435207,1.248773,1.012117,0.192897081,-0.941961,-0.240962252,0.132053509
7934f1476fe2c6e458c230f491769c34,7400034,Mankey,0.8333333,fighter,LeftThumbIntermediate,-0.0243496876,1.26795173,1.0051192,0.158639938,-0.9306338,-0.284739316,-0.166369885
7934f1476fe2c6e458c230f491769c34,7400034,Mankey,0.8333333,fighter,LeftThumbDistal,0.0103167063,1.27572465,1.02062428,-0.05569399,-0.472518742,-0.297746122,-0.82763046
7934f1476fe2c6e458c230f491769c34,7400034,Mankey,0.8333333,fighter,LeftMiddleProximal,-0.0335717164,1.30082715,1.04900372,-0.292459458,-0.9157662,-0.120656744,0.247554168
7934f1476fe2c6e458c230f491769c34,7400034,Mankey,0.8333333,fighter,LeftMiddleIntermediate,0.009269005,1.27196336,1.01722455,-0.8986048,-0.354726821,-0.008239657,0.258091629
7934f1476fe2c6e458c230f491769c34,7400034,Mankey,0.8333333,fighter,LeftMiddleDistal,-0.0306402836,1.23818481,1.00666785,-0.8800331,0.427507639,0.156928971,0.1347349
7934f1476fe2c6e458c230f491769c34,7400034,Mankey,0.8333333,fighter,LeftRingProximal,-0.0138464421,1.2738899,1.0929352,-0.3652055,-0.8465462,-0.204116389,0.3291225
7934f1476fe2c6e458c230f491769c34,7400034,Mankey,0.8333333,fighter,LeftRingIntermediate,0.0137094753,1.24807525,1.05525982,-0.881813049,-0.296901643,0.02394133,0.365626425
7934f1476fe2c6e458c230f491769c34,7400034,Mankey,0.8333333,fighter,LeftRingDistal,-0.0312850736,1.218475,1.04569316,-0.8518383,0.383392721,0.281239152,0.2197434
7934f1476fe2c6e458c230f491769c34,7400034,Mankey,0.8333333,fighter,LeftLittleProximal,-0.0110696135,1.2258172,1.12902737,-0.327953756,-0.8469467,-0.224975243,0.352866471
7934f1476fe2c6e458c230f491769c34,7400034,Mankey,0.8333333,fighter,LeftLittleIntermediate,0.017513467,1.20465493,1.08927393,-0.8449455,-0.3662313,-0.0205501318,0.389256328
7934f1476fe2c6e458c230f491769c34,7400034,Mankey,0.8333333,fighter,LeftLittleDistal,-0.02292394,1.1712997,1.07157838,-0.889155567,0.241148844,0.27185,0.278115928
7934f1476fe2c6e458c230f491769c34,7400034,Mankey,0.8333333,fighter,RightThumbProximal,0.11726737,1.26702106,0.773749053,-0.177696526,-0.026456818,0.2482956,-0.951879
7934f1476fe2c6e458c230f491769c34,7400034,Mankey,0.8333333,fighter,RightThumbIntermediate,0.0779570341,1.28782809,0.7799741,0.225863352,0.293834865,-0.2419736,0.896714151
7934f1476fe2c6e458c230f491769c34,7400034,Mankey,0.8333333,fighter,RightThumbDistal,0.05042669,1.29950464,0.8046382,-0.315540045,-0.855801463,0.0589512736,-0.40566498
7934f1476fe2c6e458c230f491769c34,7400034,Mankey,0.8333333,fighter,RightMiddleProximal,0.107381038,1.31867242,0.8212053,-0.1942131,0.00477609038,-0.264261425,-0.9446824
7934f1476fe2c6e458c230f491769c34,7400034,Mankey,0.8333333,fighter,RightMiddleIntermediate,0.05520534,1.28850365,0.81443274,0.210760176,-0.141729817,0.873034835,0.416297466
7934f1476fe2c6e458c230f491769c34,7400034,Mankey,0.8333333,fighter,RightMiddleDistal,0.0853185356,1.25291789,0.78850913,-0.0710732639,0.206918627,-0.9045147,0.366042584
7934f1476fe2c6e458c230f491769c34,7400034,Mankey,0.8333333,fighter,RightRingProximal,0.108042061,1.2909503,0.8689102,-0.3021866,0.046280846,-0.3218413,-0.8960804
7934f1476fe2c6e458c230f491769c34,7400034,Mankey,0.8333333,fighter,RightRingIntermediate,0.06598039,1.261676,0.854110658,0.199966222,-0.235644877,0.891747832,0.330562025
7934f1476fe2c6e458c230f491769c34,7400034,Mankey,0.8333333,fighter,RightRingDistal,0.104352452,1.23458159,0.8260804,0.05525504,0.276395351,-0.851033,0.4430527
7934f1476fe2c6e458c230f491769c34,7400034,Mankey,0.8333333,fighter,RightLittleProximal,0.119840354,1.241963,0.9018101,-0.278723359,0.131824449,-0.209656179,-0.9278905
7934f1476fe2c6e458c230f491769c34,7400034,Mankey,0.8333333,fighter,RightLittleIntermediate,0.0730431,1.22512925,0.8825272,0.190066725,-0.26372838,0.802110553,0.5009405
7934f1476fe2c6e458c230f491769c34,7400034,Mankey,0.8333333,fighter,RightLittleDistal,0.09660451,1.186215,0.8510397,0.109992787,0.274702966,-0.921517849,0.251486033
7934f1476fe2c6e458c230f491769c34,7400034,Mankey,0.8333333,fighter,UpperChest,-0.0593030974,1.18150222,0.6293418,0.302341044,-0.248397633,-0.688541234,0.6105733
7934f1476fe2c6e458c230f491769c34,7400034,Mankey,0.85,source,AnimatorRoot,4.97124581E-08,5.336262E-10,0.66370517,0,0,8.58153431E-16,1
7934f1476fe2c6e458c230f491769c34,7400034,Mankey,0.85,source,Hips,-0.06278889,0.784607351,0.637506962,-0.07723787,0.4105299,0.0123851039,0.9084856
7934f1476fe2c6e458c230f491769c34,7400034,Mankey,0.85,source,LeftUpperLeg,-0.129224077,0.7887094,0.712485433,-0.4281538,-0.183944941,0.7113043,0.526207864
7934f1476fe2c6e458c230f491769c34,7400034,Mankey,0.85,source,RightUpperLeg,0.00364642381,0.780505538,0.562528253,0.2777366,-0.108464323,-0.587695241,0.7521384
7934f1476fe2c6e458c230f491769c34,7400034,Mankey,0.85,source,LeftLowerLeg,-0.09956134,0.45096463,0.8673643,-0.35542044,-0.301656157,0.5644111,0.681263447
7934f1476fe2c6e458c230f491769c34,7400034,Mankey,0.85,source,RightLowerLeg,0.110139608,0.4285205,0.5016633,0.306988955,-0.0440938957,-0.767559946,0.5609503
7934f1476fe2c6e458c230f491769c34,7400034,Mankey,0.85,source,LeftFoot,-0.162501827,0.108767793,0.863951445,0.488431633,0.117589638,-0.8350653,-0.224216685
7934f1476fe2c6e458c230f491769c34,7400034,Mankey,0.85,source,RightFoot,0.0467474237,0.119468182,0.354898125,0.225812972,-0.220900387,-0.265134,0.9109969
7934f1476fe2c6e458c230f491769c34,7400034,Mankey,0.85,source,Spine,-0.07120954,0.8814136,0.624749541,-0.0158076286,0.4069497,-0.026415972,0.91293174
7934f1476fe2c6e458c230f491769c34,7400034,Mankey,0.85,source,Chest,-0.06240545,1.06028712,0.6179414,0.10305652,0.372637063,-0.0211886838,0.9219935
7934f1476fe2c6e458c230f491769c34,7400034,Mankey,0.85,source,Neck,-0.0381132551,1.25842774,0.6540952,0.336876869,0.297496,-0.06915553,0.8906332
7934f1476fe2c6e458c230f491769c34,7400034,Mankey,0.85,source,Head,-0.009997506,1.32475579,0.70265305,0.220942587,0.0350241,-0.0172857679,0.97450453
7934f1476fe2c6e458c230f491769c34,7400034,Mankey,0.85,source,LeftShoulder,-0.0637993142,1.21449792,0.667777,0.1039849,0.43254447,-0.00445130048,0.895585239
7934f1476fe2c6e458c230f491769c34,7400034,Mankey,0.85,source,RightShoulder,-0.0210231356,1.216739,0.6267742,0.958293557,-0.06436564,-0.26675722,-0.07982077
7934f1476fe2c6e458c230f491769c34,7400034,Mankey,0.85,source,LeftUpperArm,-0.152660176,1.20285618,0.777926147,0.104080141,0.408590883,0.489733219,0.7631398
7934f1476fe2c6e458c230f491769c34,7400034,Mankey,0.85,source,RightUpperArm,0.09959227,1.20526206,0.5527128,0.8530631,-0.488232076,0.0918781,0.159597769
7934f1476fe2c6e458c230f491769c34,7400034,Mankey,0.85,source,LeftLowerArm,-0.194899738,1.01423109,0.8961239,-0.5256783,0.76585114,0.350977033,0.118108541
7934f1476fe2c6e458c230f491769c34,7400034,Mankey,0.85,source,RightLowerArm,0.2143252,1.02318013,0.623537242,0.256680816,-0.195816919,0.768252552,0.552773833
7934f1476fe2c6e458c230f491769c34,7400034,Mankey,0.85,source,LeftHand,-0.09575731,1.18496,1.02610934,-0.444477856,0.8436626,0.2927431,-0.07053017
7934f1476fe2c6e458c230f491769c34,7400034,Mankey,0.85,source,RightHand,0.15354678,1.20018172,0.767935038,0.102350734,-0.1890661,0.840098143,0.498009771
7934f1476fe2c6e458c230f491769c34,7400034,Mankey,0.85,source,LeftToes,-0.09926493,0.03549599,0.978202,0.5023993,0.0005755097,-0.8642657,-0.0252858587
7934f1476fe2c6e458c230f491769c34,7400034,Mankey,0.85,source,RightToes,0.1608188,0.0321964175,0.397233963,0.331408024,-0.1982381,0.0098048,0.922374368
7934f1476fe2c6e458c230f491769c34,7400034,Mankey,0.85,source,LeftThumbProximal,-0.09684052,1.20071733,1.01245964,-0.3777811,0.678547859,-0.626191139,0.06884191
7934f1476fe2c6e458c230f491769c34,7400034,Mankey,0.85,source,LeftThumbIntermediate,-0.06538635,1.22743475,0.995520949,-0.1497668,0.792145669,-0.547966659,0.2231779
7934f1476fe2c6e458c230f491769c34,7400034,Mankey,0.85,source,LeftThumbDistal,-0.0397288129,1.241886,1.00120246,0.5254878,0.642711043,-0.144870624,0.538329065
7934f1476fe2c6e458c230f491769c34,7400034,Mankey,0.85,source,LeftIndexProximal,-0.06740428,1.26016939,1.02267647,0.232399449,0.9324055,0.0784269348,-0.265443325
7934f1476fe2c6e458c230f491769c34,7400034,Mankey,0.85,source,LeftIndexIntermediate,-0.0442458577,1.24809015,1.00628936,0.855469048,0.4382278,-0.156091958,-0.227519065
7934f1476fe2c6e458c230f491769c34,7400034,Mankey,0.85,source,LeftIndexDistal,-0.05686874,1.22982287,1.007795,0.8834755,-0.371755272,-0.2837281,-0.0277135465
7934f1476fe2c6e458c230f491769c34,7400034,Mankey,0.85,source,LeftMiddleProximal,-0.0586053543,1.25244629,1.04064631,0.236761734,0.9209268,0.11098218,-0.288999826
7934f1476fe2c6e458c230f491769c34,7400034,Mankey,0.85,source,LeftMiddleIntermediate,-0.0349300727,1.24023056,1.02143741,0.8440544,0.4370811,-0.158888668,-0.266996741
7934f1476fe2c6e458c230f491769c34,7400034,Mankey,0.85,source,LeftMiddleDistal,-0.04734542,1.22223032,1.02219939,0.8696421,-0.368882775,-0.3237353,-0.053329926
7934f1476fe2c6e458c230f491769c34,7400034,Mankey,0.85,source,LeftRingProximal,-0.0516842529,1.24498582,1.05511987,0.326532036,0.8591367,0.139161155,-0.368640065
7934f1476fe2c6e458c230f491769c34,7400034,Mankey,0.85,source,LeftRingIntermediate,-0.03555583,1.2306267,1.03243494,0.8390429,0.3659433,-0.190309778,-0.354788542
7934f1476fe2c6e458c230f491769c34,7400034,Mankey,0.85,source,LeftRingDistal,-0.04821737,1.21624947,1.03358066,0.8366202,-0.349514335,-0.403584152,-0.1225828
7934f1476fe2c6e458c230f491769c34,7400034,Mankey,0.85,source,LeftLittleProximal,-0.0444517173,1.23254764,1.066401,0.302580059,0.849650145,0.172636449,-0.3959002
7934f1476fe2c6e458c230f491769c34,7400034,Mankey,0.85,source,LeftLittleIntermediate,-0.0306351334,1.22218752,1.04506969,0.7877857,0.428533465,-0.165441319,-0.410344124
7934f1476fe2c6e458c230f491769c34,7400034,Mankey,0.85,source,LeftLittleDistal,-0.0416153446,1.20678115,1.04334044,0.862944,-0.195000276,-0.4120463,-0.217992842
7934f1476fe2c6e458c230f491769c34,7400034,Mankey,0.85,source,RightThumbProximal,0.149071917,1.2157923,0.7548181,0.191854626,0.6994494,0.6320248,0.2729603
7934f1476fe2c6e458c230f491769c34,7400034,Mankey,0.85,source,RightThumbIntermediate,0.114392973,1.243157,0.7486029,-0.352434665,-0.591205657,-0.7200783,-0.08805216
7934f1476fe2c6e458c230f491769c34,7400034,Mankey,0.85,source,RightThumbDistal,0.092318356,1.25945771,0.760702431,0.6512544,0.115065172,0.586295247,-0.4678523
7934f1476fe2c6e458c230f491769c34,7400034,Mankey,0.85,source,RightIndexProximal,0.126568154,1.275609,0.7753362,0.00479902839,0.136420384,-0.979324043,0.149301872
7934f1476fe2c6e458c230f491769c34,7400034,Mankey,0.85,source,RightIndexIntermediate,0.09710972,1.26663482,0.7737904,-0.09504748,-0.08508277,0.5779364,-0.806049943
7934f1476fe2c6e458c230f491769c34,7400034,Mankey,0.85,source,RightIndexDistal,0.104179516,1.24625838,0.768292844,0.126796171,-0.0210905131,0.197651342,0.97180897
7934f1476fe2c6e458c230f491769c34,7400034,Mankey,0.85,source,RightMiddleProximal,0.125782833,1.26814532,0.795427561,0.0675213262,0.15718475,-0.964218438,0.202526808
7934f1476fe2c6e458c230f491769c34,7400034,Mankey,0.85,source,RightMiddleIntermediate,0.0959325954,1.256019,0.7890604,-0.153617337,-0.0394099355,0.499820352,-0.8514861
7934f1476fe2c6e458c230f491769c34,7400034,Mankey,0.85,source,RightMiddleDistal,0.10681767,1.237659,0.7842333,0.134060428,-0.109099276,0.322305173,0.9307229
7934f1476fe2c6e458c230f491769c34,7400034,Mankey,0.85,source,RightRingProximal,0.125296488,1.26089323,0.8115591,0.112246633,0.215168655,-0.929663956,0.277179271
7934f1476fe2c6e458c230f491769c34,7400034,Mankey,0.85,source,RightRingIntermediate,0.0995784253,1.24626362,0.8012861,-0.232338622,-0.034533143,0.405913085,-0.8832106
7934f1476fe2c6e458c230f491769c34,7400034,Mankey,0.85,source,RightRingDistal,0.112396359,1.23281157,0.7964947,0.186163917,-0.176234484,0.421729177,0.8697292
7934f1476fe2c6e458c230f491769c34,7400034,Mankey,0.85,source,RightLittleProximal,0.123209395,1.2486341,0.824962258,0.209209263,0.220709085,-0.935106635,0.181920037
7934f1476fe2c6e458c230f491769c34,7400034,Mankey,0.85,source,RightLittleIntermediate,0.09998371,1.24183416,0.812021136,-0.301458538,0.0099695,0.560893059,-0.770988166
7934f1476fe2c6e458c230f491769c34,7400034,Mankey,0.85,source,RightLittleDistal,0.107030354,1.225285,0.805889964,0.201131657,-0.257903457,0.216281965,0.919920743
7934f1476fe2c6e458c230f491769c34,7400034,Mankey,0.85,fighter,AnimatorRoot,0,0,0,0,0,0,1
7934f1476fe2c6e458c230f491769c34,7400034,Mankey,0.85,fighter,Hips,-0.06278888,0.7846073,0.6375069,0.200943917,-0.2866407,-0.589485943,0.727987
7934f1476fe2c6e458c230f491769c34,7400034,Mankey,0.85,fighter,LeftUpperLeg,-0.142124265,0.7901092,0.729049563,0.5159316,0.708933949,0.196030036,0.439089477
7934f1476fe2c6e458c230f491769c34,7400034,Mankey,0.85,fighter,RightUpperLeg,0.0165464953,0.7791054,0.545964241,0.5800834,0.773792863,0.240243167,0.08385281
7934f1476fe2c6e458c230f491769c34,7400034,Mankey,0.85,fighter,LeftLowerLeg,-0.112105593,0.459413141,0.8828539,0.681370139,0.574462831,0.314582676,0.326749325
7934f1476fe2c6e458c230f491769c34,7400034,Mankey,0.85,fighter,RightLowerLeg,0.131066263,0.4358404,0.491455764,0.785019457,0.549827039,0.2807995,0.0508593172
7934f1476fe2c6e458c230f491769c34,7400034,Mankey,0.85,fighter,LeftFoot,-0.162501872,0.108767718,0.8639515,0.0479315668,0.899485469,0.00995715,0.43419975
7934f1476fe2c6e458c230f491769c34,7400034,Mankey,0.85,fighter,RightFoot,0.0467473939,0.1194681,0.354898065,0.09636851,0.958473861,0.042724967,0.264982849
7934f1476fe2c6e458c230f491769c34,7400034,Mankey,0.85,fighter,Spine,-0.0718031,0.8282462,0.6270719,0.210497037,-0.285659134,-0.625532746,0.694837332
7934f1476fe2c6e458c230f491769c34,7400034,Mankey,0.85,fighter,Chest,-0.07489253,1.06648529,0.6036935,0.317283481,-0.227243632,-0.7248959,0.567642331
7934f1476fe2c6e458c230f491769c34,7400034,Mankey,0.85,fighter,Neck,-0.047254052,1.34544778,0.6445662,0.427959442,-0.311117172,-0.6696538,0.521172762
7934f1476fe2c6e458c230f491769c34,7400034,Mankey,0.85,fighter,Head,-0.0337954946,1.48891556,0.6815939,0.5718251,-0.367512226,-0.6241477,0.3852149
7934f1476fe2c6e458c230f491769c34,7400034,Mankey,0.85,fighter,LeftShoulder,-0.000728874,1.29338872,0.7335376,0.6732437,0.09893152,-0.3060888,0.665781856
7934f1476fe2c6e458c230f491769c34,7400034,Mankey,0.85,fighter,RightShoulder,0.0424446128,1.2952379,0.691723,-0.219477162,-0.5625021,-0.7094877,0.363385051
7934f1476fe2c6e458c230f491769c34,7400034,Mankey,0.85,fighter,LeftUpperArm,-0.16905126,1.35162258,0.848974645,0.7374255,0.460373878,0.123573892,0.478528649
7934f1476fe2c6e458c230f491769c34,7400034,Mankey,0.85,fighter,RightUpperArm,0.178190723,1.35227382,0.5388529,0.284890532,0.7086173,0.5272974,0.372366548
7934f1476fe2c6e458c230f491769c34,7400034,Mankey,0.85,fighter,LeftLowerArm,-0.322818756,1.12691963,0.92179054,-0.03105862,0.902403,-0.3580935,0.237642065
7934f1476fe2c6e458c230f491769c34,7400034,Mankey,0.85,fighter,RightLowerArm,0.3361272,1.12779534,0.6029126,-0.389811367,0.379562229,0.00818804651,0.8389951
7934f1476fe2c6e458c230f491769c34,7400034,Mankey,0.85,fighter,LeftHand,-0.09575737,1.18496025,1.02610946,0.453098565,-0.814645946,-0.3412618,-0.120805837
7934f1476fe2c6e458c230f491769c34,7400034,Mankey,0.85,fighter,RightHand,0.15354681,1.2001816,0.7679349,0.235577121,0.283282638,-0.5175197,0.7722874
7934f1476fe2c6e458c230f491769c34,7400034,Mankey,0.85,fighter,LeftToes,0.0151137179,0.10719604,1.08148909,0.128537059,0.866280138,0.05756788,0.479294032
7934f1476fe2c6e458c230f491769c34,7400034,Mankey,0.85,fighter,RightToes,0.284251153,0.08596738,0.5009864,0.166776508,0.962044656,0.056065008,0.208597422
7934f1476fe2c6e458c230f491769c34,7400034,Mankey,0.85,fighter,LeftEye,-0.147716969,1.52592206,0.905073941,0.4155082,-0.340714037,-0.496609628,-0.6816496
7934f1476fe2c6e458c230f491769c34,7400034,Mankey,0.85,fighter,RightEye,0.114154533,1.52113628,0.885140955,0.2635559,-0.465079129,-0.712084234,-0.455166161
7934f1476fe2c6e458c230f491769c34,7400034,Mankey,0.85,fighter,Jaw,-0.0271126386,1.32470489,0.80877316,0.663849831,0.146125525,-0.7133042,-0.170729011
7934f1476fe2c6e458c230f491769c34,7400034,Mankey,0.85,fighter,LeftThumbProximal,-0.0613931566,1.2485044,1.01292276,0.20165813,-0.9406887,-0.24380514,0.122467816
7934f1476fe2c6e458c230f491769c34,7400034,Mankey,0.85,fighter,LeftThumbIntermediate,-0.021482043,1.268225,1.006991,0.166060656,-0.92618,-0.289591551,-0.175361514
7934f1476fe2c6e458c230f491769c34,7400034,Mankey,0.85,fighter,LeftThumbDistal,0.0127593689,1.27621174,1.02331066,-0.0547535457,-0.4623729,-0.305974841,-0.830417454
7934f1476fe2c6e458c230f491769c34,7400034,Mankey,0.85,fighter,LeftMiddleProximal,-0.0321173444,1.30056143,1.05101037,-0.2841189,-0.9194032,-0.12667498,0.240683049
7934f1476fe2c6e458c230f491769c34,7400034,Mankey,0.85,fighter,LeftMiddleIntermediate,0.0117137628,1.27257383,1.019803,-0.8948811,-0.362583369,-0.0182796121,0.259590656
7934f1476fe2c6e458c230f491769c34,7400034,Mankey,0.85,fighter,LeftMiddleDistal,-0.0275659822,1.23846555,1.00801682,-0.883308,0.420031339,0.150895074,0.143430233
7934f1476fe2c6e458c230f491769c34,7400034,Mankey,0.85,fighter,LeftRingProximal,-0.0128775807,1.27339911,1.09501851,-0.3557548,-0.851103961,-0.209925935,0.3240252
7934f1476fe2c6e458c230f491769c34,7400034,Mankey,0.85,fighter,LeftRingIntermediate,0.0157603659,1.24835479,1.05763137,-0.8781163,-0.305981368,0.0150727183,0.3675061
7934f1476fe2c6e458c230f491769c34,7400034,Mankey,0.85,fighter,LeftRingDistal,-0.028673172,1.21835387,1.046777,-0.85565567,0.37444976,0.275800169,0.227102354
7934f1476fe2c6e458c230f491769c34,7400034,Mankey,0.85,fighter,LeftLittleProximal,-0.0101160854,1.22495258,1.1306088,-0.318112969,-0.851442754,-0.23023887,0.3476203
7934f1476fe2c6e458c230f491769c34,7400034,Mankey,0.85,fighter,LeftLittleIntermediate,0.0195371974,1.20459592,1.09122026,-0.840183556,-0.375075042,-0.0292408168,0.3905841
7934f1476fe2c6e458c230f491769c34,7400034,Mankey,0.85,fighter,LeftLittleDistal,-0.0201268718,1.17099035,1.07229161,-0.8916538,0.2313999,0.265652061,0.284318954
7934f1476fe2c6e458c230f491769c34,7400034,Mankey,0.85,fighter,RightThumbProximal,0.1170655,1.26390409,0.769009531,-0.167639956,-0.0148416013,0.241204411,-0.9557705
7934f1476fe2c6e458c230f491769c34,7400034,Mankey,0.85,fighter,RightThumbIntermediate,0.07740028,1.28438783,0.7739156,0.214649349,0.283120751,-0.23886326,0.9037219
7934f1476fe2c6e458c230f491769c34,7400034,Mankey,0.85,fighter,RightThumbDistal,0.0492748655,1.29641187,0.797726631,-0.306072772,-0.8526623,0.06511809,-0.4183855
7934f1476fe2c6e458c230f491769c34,7400034,Mankey,0.85,fighter,RightMiddleProximal,0.105987534,1.316603,0.815029263,-0.1804088,0.008052424,-0.271860927,-0.9452405
7934f1476fe2c6e458c230f491769c34,7400034,Mankey,0.85,fighter,RightMiddleIntermediate,0.05431111,1.28560841,0.8081568,0.197496533,-0.132114545,0.8793673,0.412618816
7934f1476fe2c6e458c230f491769c34,7400034,Mankey,0.85,fighter,RightMiddleDistal,0.08532733,1.2496835,0.783814132,-0.06890875,0.190308586,-0.905749738,0.372359723
7934f1476fe2c6e458c230f491769c34,7400034,Mankey,0.85,fighter,RightRingProximal,0.106138848,1.29005635,0.8634024,-0.2885298,0.0475496948,-0.330802947,-0.8972511
7934f1476fe2c6e458c230f491769c34,7400034,Mankey,0.85,fighter,RightRingIntermediate,0.0647138655,1.25985575,0.8486688,0.18831113,-0.22509031,0.898749053,0.3257662
7934f1476fe2c6e458c230f491769c34,7400034,Mankey,0.85,fighter,RightRingDistal,0.103925407,1.23246169,0.8221311,0.0554465055,0.2606234,-0.851594567,0.451429069
7934f1476fe2c6e458c230f491769c34,7400034,Mankey,0.85,fighter,RightLittleProximal,0.117842637,1.24199235,0.8976696,-0.265863,0.1354179,-0.219945312,-0.9287643
7934f1476fe2c6e458c230f491769c34,7400034,Mankey,0.85,fighter,RightLittleIntermediate,0.07161934,1.22404063,0.878014147,0.177140474,-0.2557604,0.810551047,0.496200383
7934f1476fe2c6e458c230f491769c34,7400034,Mankey,0.85,fighter,RightLittleDistal,0.09622899,1.1845504,0.8480844,0.1132275,0.259933978,-0.922708333,0.261196554
7934f1476fe2c6e458c230f491769c34,7400034,Mankey,0.85,fighter,UpperChest,-0.0564713776,1.182005,0.6278217,0.302829921,-0.246175781,-0.688917637,0.6108062
7934f1476fe2c6e458c230f491769c34,7400034,Mankey,0.8666667,source,AnimatorRoot,4.97083832E-08,5.33582456E-10,0.663650751,0,0,8.73208753E-16,1
7934f1476fe2c6e458c230f491769c34,7400034,Mankey,0.8666667,source,Hips,-0.06056418,0.785388649,0.634472,-0.07687263,0.4077777,0.0125782453,0.909752548
7934f1476fe2c6e458c230f491769c34,7400034,Mankey,0.8666667,source,LeftUpperLeg,-0.127450019,0.7893798,0.709054768,-0.430985659,-0.186596155,0.707401633,0.5282199
7934f1476fe2c6e458c230f491769c34,7400034,Mankey,0.8666667,source,RightUpperLeg,0.006321777,0.781397641,0.559889,0.278288424,-0.112281196,-0.5899541,0.7496017
7934f1476fe2c6e458c230f491769c34,7400034,Mankey,0.8666667,source,LeftLowerLeg,-0.101182558,0.450864762,0.862861454,-0.360533059,-0.300983042,0.5675412,0.676256
7934f1476fe2c6e458c230f491769c34,7400034,Mankey,0.8666667,source,RightLowerLeg,0.110203728,0.4284252,0.5002416,0.306579858,-0.0470787622,-0.7680085,0.560317457
7934f1476fe2c6e458c230f491769c34,7400034,Mankey,0.8666667,source,LeftFoot,-0.1619397,0.108257383,0.86361,0.490878373,0.116204493,-0.8346343,-0.221180126
7934f1476fe2c6e458c230f491769c34,7400034,Mankey,0.8666667,source,RightFoot,0.04614294,0.118911929,0.35474357,0.225872189,-0.221696138,-0.2619702,0.9117041
7934f1476fe2c6e458c230f491769c34,7400034,Mankey,0.8666667,source,Spine,-0.068951495,0.8822049,0.6217693,-0.0130523229,0.404075056,-0.02712526,0.9142304
7934f1476fe2c6e458c230f491769c34,7400034,Mankey,0.8666667,source,Chest,-0.05950177,1.06107545,0.615797043,0.104017913,0.371779352,-0.0202161558,0.922253549
7934f1476fe2c6e458c230f491769c34,7400034,Mankey,0.8666667,source,Neck,-0.0354635045,1.25915039,0.6524765,0.3353641,0.295279384,-0.0700124055,0.891874135
7934f1476fe2c6e458c230f491769c34,7400034,Mankey,0.8666667,source,Head,-0.00740742125,1.32563436,0.700855255,0.217792481,0.0333661065,-0.018430151,0.975250661
7934f1476fe2c6e458c230f491769c34,7400034,Mankey,0.8666667,source,LeftShoulder,-0.06113695,1.21516418,0.6660007,0.104872674,0.434268445,-0.0027443117,0.894653738
7934f1476fe2c6e458c230f491769c34,7400034,Mankey,0.8666667,source,RightShoulder,-0.0182802882,1.21754313,0.6250898,0.9603765,-0.06303436,-0.259198755,-0.08074552
7934f1476fe2c6e458c230f491769c34,7400034,Mankey,0.8666667,source,LeftUpperArm,-0.149576887,1.20292723,0.7764238,0.103553854,0.409795672,0.4926482,0.7606852
7934f1476fe2c6e458c230f491769c34,7400034,Mankey,0.8666667,source,RightUpperArm,0.103512377,1.206288,0.552945852,0.852143943,-0.4930528,0.08999121,0.150504455
7934f1476fe2c6e458c230f491769c34,7400034,Mankey,0.8666667,source,LeftLowerArm,-0.190072015,1.01388311,0.894562364,-0.5289889,0.7637778,0.350119561,0.119291872
7934f1476fe2c6e458c230f491769c34,7400034,Mankey,0.8666667,source,RightLowerArm,0.216257319,1.02204049,0.6213205,0.253746748,-0.199830309,0.7699399,0.5503395
7934f1476fe2c6e458c230f491769c34,7400034,Mankey,0.8666667,source,LeftHand,-0.0927130952,1.18514419,1.02519417,-0.452380955,0.839959264,0.293414056,-0.0610584
7934f1476fe2c6e458c230f491769c34,7400034,Mankey,0.8666667,source,RightHand,0.153501227,1.19838715,0.7656738,0.09113075,-0.18010971,0.844797969,0.495552748
7934f1476fe2c6e458c230f491769c34,7400034,Mankey,0.8666667,source,LeftToes,-0.0990153253,0.0358909033,0.9786078,0.5044704,-1.93800843E-05,-0.863043964,-0.0257836115
7934f1476fe2c6e458c230f491769c34,7400034,Mankey,0.8666667,source,RightToes,0.160608277,0.0323899873,0.397552878,0.331032217,-0.198463053,0.0131142661,0.922419846
7934f1476fe2c6e458c230f491769c34,7400034,Mankey,0.8666667,source,LeftThumbProximal,-0.09370608,1.20106423,1.01172757,-0.374933124,0.679763854,-0.625087738,0.08131308
7934f1476fe2c6e458c230f491769c34,7400034,Mankey,0.8666667,source,LeftThumbIntermediate,-0.062227685,1.22833848,0.995748758,-0.147333726,0.7925986,-0.5430708,0.2348501
7934f1476fe2c6e458c230f491769c34,7400034,Mankey,0.8666667,source,LeftThumbDistal,-0.0368474461,1.242993,1.00211442,0.526779652,0.641227841,-0.132655591,0.541971
7934f1476fe2c6e458c230f491769c34,7400034,Mankey,0.8666667,source,LeftIndexProximal,-0.0651361346,1.260695,1.02327406,0.224790171,0.9356879,0.08521077,-0.258257151
7934f1476fe2c6e458c230f491769c34,7400034,Mankey,0.8666667,source,LeftIndexIntermediate,-0.0415311046,1.24908125,1.0071907,0.8530515,0.4461097,-0.146179959,-0.22786209
7934f1476fe2c6e458c230f491769c34,7400034,Mankey,0.8666667,source,LeftIndexDistal,-0.0539770573,1.23066,1.00821638,0.8880313,-0.364780039,-0.277632982,-0.0354450867
7934f1476fe2c6e458c230f491769c34,7400034,Mankey,0.8666667,source,LeftMiddleProximal,-0.0566025935,1.25283611,1.04131258,0.228746787,0.9242548,0.117602676,-0.2821304
7934f1476fe2c6e458c230f491769c34,7400034,Mankey,0.8666667,source,LeftMiddleIntermediate,-0.0324244872,1.24112785,1.02241671,0.841417968,0.445303082,-0.149311811,-0.267259061
7934f1476fe2c6e458c230f491769c34,7400034,Mankey,0.8666667,source,LeftMiddleDistal,-0.04465151,1.22298563,1.02270663,0.8744088,-0.361477315,-0.317893922,-0.0607229136
7934f1476fe2c6e458c230f491769c34,7400034,Mankey,0.8666667,source,LeftRingProximal,-0.0498813875,1.24526465,1.05582285,0.318063259,0.8635584,0.145820066,-0.363097131
7934f1476fe2c6e458c230f491769c34,7400034,Mankey,0.8666667,source,LeftRingIntermediate,-0.0331569649,1.23137629,1.0332768,0.8365404,0.375200927,-0.181717858,-0.355531961
7934f1476fe2c6e458c230f491769c34,7400034,Mankey,0.8666667,source,LeftRingDistal,-0.04567783,1.21684885,1.03399158,0.841616869,-0.3411047,-0.3983141,-0.129130691
7934f1476fe2c6e458c230f491769c34,7400034,Mankey,0.8666667,source,LeftLittleProximal,-0.0427315123,1.23276079,1.06708407,0.293664217,0.853992,0.178848431,-0.3904775
7934f1476fe2c6e458c230f491769c34,7400034,Mankey,0.8666667,source,LeftLittleIntermediate,-0.02838905,1.22282827,1.04589689,0.784344733,0.437886149,-0.157254517,-0.410280764
7934f1476fe2c6e458c230f491769c34,7400034,Mankey,0.8666667,source,LeftLittleDistal,-0.039161738,1.20732725,1.0437572,0.8665596,-0.1854748,-0.4060515,-0.223149419
7934f1476fe2c6e458c230f491769c34,7400034,Mankey,0.8666667,source,RightThumbProximal,0.149085641,1.21360207,0.752080441,0.182105,0.707057834,0.6243417,0.277678043
7934f1476fe2c6e458c230f491769c34,7400034,Mankey,0.8666667,source,RightThumbIntermediate,0.11431317,1.24055767,0.744707763,-0.3450345,-0.601644039,-0.714230537,-0.09407794
7934f1476fe2c6e458c230f491769c34,7400034,Mankey,0.8666667,source,RightThumbDistal,0.09199479,1.25703919,0.756094038,0.6537771,0.127962187,0.5869971,-0.460039437
7934f1476fe2c6e458c230f491769c34,7400034,Mankey,0.8666667,source,RightIndexProximal,0.1259665,1.27381063,0.770678461,0.008097954,0.122072473,-0.9805791,0.153290614
7934f1476fe2c6e458c230f491769c34,7400034,Mankey,0.8666667,source,RightIndexIntermediate,0.0965850949,1.26460421,0.7690348,-0.08709793,-0.07266638,0.5758975,-0.8096148
7934f1476fe2c6e458c230f491769c34,7400034,Mankey,0.8666667,source,RightIndexDistal,0.1038468,1.24413145,0.7641837,0.112319,-0.0237091836,0.201777413,0.972681165
7934f1476fe2c6e458c230f491769c34,7400034,Mankey,0.8666667,source,RightMiddleProximal,0.124988548,1.26689649,0.7909571,0.0699253157,0.142928183,-0.9652195,0.207446009
7934f1476fe2c6e458c230f491769c34,7400034,Mankey,0.8666667,source,RightMiddleIntermediate,0.09529244,1.25440419,0.7845764,-0.1447206,-0.0279917736,0.4966708,-0.855331
7934f1476fe2c6e458c230f491769c34,7400034,Mankey,0.8666667,source,RightMiddleDistal,0.106348522,1.23599041,0.7803847,0.11969211,-0.109727718,0.327538371,0.9307808
7934f1476fe2c6e458c230f491769c34,7400034,Mankey,0.8666667,source,RightRingProximal,0.1243554,1.26008689,0.807275355,0.113229148,0.201082185,-0.930963,0.282936871
7934f1476fe2c6e458c230f491769c34,7400034,Mankey,0.8666667,source,RightRingIntermediate,0.0988532,1.2450124,0.797107935,-0.222457036,-0.0244710129,0.402140766,-0.8878048
7934f1476fe2c6e458c230f491769c34,7400034,Mankey,0.8666667,source,RightRingDistal,0.11181093,1.23151815,0.7928395,0.172255263,-0.174960792,0.4279864,0.869796
7934f1476fe2c6e458c230f491769c34,7400034,Mankey,0.8666667,source,RightLittleProximal,0.122185312,1.24818707,0.8209856,0.211504728,0.207420528,-0.9362129,0.189072132
7934f1476fe2c6e458c230f491769c34,7400034,Mankey,0.8666667,source,RightLittleIntermediate,0.0991582051,1.24088216,0.8079649,-0.29417026,0.0212726574,0.556441367,-0.7767787
7934f1476fe2c6e458c230f491769c34,7400034,Mankey,0.8666667,source,RightLittleDistal,0.10638044,1.22421741,0.80237484,0.188006952,-0.2596936,0.223935381,0.9203619
7934f1476fe2c6e458c230f491769c34,7400034,Mankey,0.8666667,fighter,AnimatorRoot,0,0,0,0,0,0,1
7934f1476fe2c6e458c230f491769c34,7400034,Mankey,0.8666667,fighter,Hips,-0.0605641752,0.785388649,0.634471953,0.203167647,-0.28835535,-0.5887175,0.7273141
7934f1476fe2c6e458c230f491769c34,7400034,Mankey,0.8666667,fighter,LeftUpperLeg,-0.1404353,0.7907224,0.7255576,0.5173438,0.705032647,0.198811188,0.442446172
7934f1476fe2c6e458c230f491769c34,7400034,Mankey,0.8666667,fighter,RightUpperLeg,0.01930692,0.780054748,0.54338634,0.5827396,0.7708799,0.241687939,0.0880094
7934f1476fe2c6e458c230f491769c34,7400034,Mankey,0.8666667,fighter,LeftLowerLeg,-0.113650255,0.459388763,0.8785847,0.676560938,0.5770811,0.314510345,0.332153738
7934f1476fe2c6e458c230f491769c34,7400034,Mankey,0.8666667,fighter,RightLowerLeg,0.131043211,0.435703963,0.489960968,0.7853075,0.5491396,0.280685365,0.05434689
7934f1476fe2c6e458c230f491769c34,7400034,Mankey,0.8666667,fighter,LeftFoot,-0.161939681,0.1082574,0.86361,0.045219183,0.8985809,0.007885262,0.436400741
7934f1476fe2c6e458c230f491769c34,7400034,Mankey,0.8666667,fighter,RightFoot,0.04614299,0.118911847,0.35474354,0.09326084,0.958447337,0.0426457375,0.266200036
7934f1476fe2c6e458c230f491769c34,7400034,Mankey,0.8666667,fighter,Spine,-0.06955749,0.829030156,0.6240303,0.21353747,-0.286821574,-0.6264917,0.692562938
7934f1476fe2c6e458c230f491769c34,7400034,Mankey,0.8666667,fighter,Chest,-0.07180418,1.06737506,0.601654,0.318858,-0.2266352,-0.724457443,0.567563
7934f1476fe2c6e458c230f491769c34,7400034,Mankey,0.8666667,fighter,Neck,-0.0446583852,1.346274,0.643282,0.4283632,-0.312330872,-0.6687092,0.521327734
7934f1476fe2c6e458c230f491769c34,7400034,Mankey,0.8666667,fighter,Head,-0.031350825,1.48981845,0.6800672,0.5708823,-0.3708623,-0.622689366,0.38576293
7934f1476fe2c6e458c230f491769c34,7400034,Mankey,0.8666667,fighter,LeftShoulder,0.00177462574,1.29405987,0.732210636,0.674014,0.101447284,-0.3064872,0.6644393
7934f1476fe2c6e458c230f491769c34,7400034,Mankey,0.8666667,fighter,RightShoulder,0.04502485,1.29607832,0.6904832,-0.213336974,-0.5632741,-0.7128315,0.359279
7934f1476fe2c6e458c230f491769c34,7400034,Mankey,0.8666667,fighter,LeftUpperArm,-0.166230157,1.35147953,0.848514855,0.737810254,0.46161887,0.1259331,0.476114929
7934f1476fe2c6e458c230f491769c34,7400034,Mankey,0.8666667,fighter,RightUpperArm,0.183158681,1.353784,0.5400223,0.288320631,0.70150733,0.531794667,0.376767159
7934f1476fe2c6e458c230f491769c34,7400034,Mankey,0.8666667,fighter,LeftLowerArm,-0.3190188,1.12569368,0.920030653,-0.03294901,0.9014883,-0.358341217,0.240469724
7934f1476fe2c6e458c230f491769c34,7400034,Mankey,0.8666667,fighter,RightLowerArm,0.3381285,1.12682772,0.6025793,-0.388568223,0.374292523,0.00708111748,0.8419442
7934f1476fe2c6e458c230f491769c34,7400034,Mankey,0.8666667,fighter,LeftHand,-0.09271314,1.18514431,1.02519417,0.460086673,-0.808722138,-0.34270972,-0.1297676
7934f1476fe2c6e458c230f491769c34,7400034,Mankey,0.8666667,fighter,RightHand,0.153501183,1.198387,0.7656736,0.227083951,0.272323,-0.517490149,0.7787668
7934f1476fe2c6e458c230f491769c34,7400034,Mankey,0.8666667,fighter,LeftToes,0.0146751646,0.108576126,1.08196628,0.128907189,0.865053,0.057236433,0.481445968
7934f1476fe2c6e458c230f491769c34,7400034,Mankey,0.8666667,fighter,RightToes,0.2834561,0.08708689,0.501515031,0.163698018,0.962309361,0.05590988,0.209852517
7934f1476fe2c6e458c230f491769c34,7400034,Mankey,0.8666667,fighter,LeftEye,-0.145765066,1.52860975,0.9029921,0.417957,-0.342006952,-0.494000047,-0.6814013
7934f1476fe2c6e458c230f491769c34,7400034,Mankey,0.8666667,fighter,RightEye,0.1161445,1.52298331,0.88379246,0.265376151,-0.4671788,-0.709572732,-0.455880046
7934f1476fe2c6e458c230f491769c34,7400034,Mankey,0.8666667,fighter,Jaw,-0.0254538469,1.32643449,0.8083454,0.6655594,0.143094271,-0.712663949,-0.169308558
7934f1476fe2c6e458c230f491769c34,7400034,Mankey,0.8666667,fighter,LeftThumbProximal,-0.0588074178,1.24922311,1.013492,0.209562272,-0.9392259,-0.247288585,0.113082126
7934f1476fe2c6e458c230f491769c34,7400034,Mankey,0.8666667,fighter,LeftThumbIntermediate,-0.0189896841,1.26941407,1.00860679,0.17262511,-0.921626866,-0.294779122,-0.184147552
7934f1476fe2c6e458c230f491769c34,7400034,Mankey,0.8666667,fighter,LeftThumbDistal,0.0148345474,1.27753973,1.02570927,-0.05463226,-0.452367216,-0.313787967,-0.833016753
7934f1476fe2c6e458c230f491769c34,7400034,Mankey,0.8666667,fighter,LeftMiddleProximal,-0.0308569465,1.30109787,1.05280447,-0.276647747,-0.922423661,-0.133823514,0.233864591
7934f1476fe2c6e458c230f491769c34,7400034,Mankey,0.8666667,fighter,LeftMiddleIntermediate,0.0138747981,1.27394021,1.0221467,-0.891193449,-0.369578421,-0.0281917825,0.261518538
7934f1476fe2c6e458c230f491769c34,7400034,Mankey,0.8666667,fighter,LeftMiddleDistal,-0.02480939,1.23958981,1.00915551,-0.8859955,0.413158119,0.14530991,0.1523093
7934f1476fe2c6e458c230f491769c34,7400034,Mankey,0.8666667,fighter,LeftRingProximal,-0.0121747321,1.27357888,1.09683132,-0.3472294,-0.8548506,-0.216867223,0.318797648
7934f1476fe2c6e458c230f491769c34,7400034,Mankey,0.8666667,fighter,LeftRingIntermediate,0.0174610261,1.2492888,1.05972493,-0.874385,-0.314184517,0.00622682273,0.369731128
7934f1476fe2c6e458c230f491769c34,7400034,Mankey,0.8666667,fighter,LeftRingDistal,-0.0264365133,1.21898222,1.047612,-0.8588533,0.366109967,0.27063635,0.2347166
7934f1476fe2c6e458c230f491769c34,7400034,Mankey,0.8666667,fighter,LeftLittleProximal,-0.009566715,1.22470856,1.13184917,-0.30923453,-0.855114162,-0.236691013,0.342245281
7934f1476fe2c6e458c230f491769c34,7400034,Mankey,0.8666667,fighter,LeftLittleIntermediate,0.0210763477,1.20514083,1.09281993,-0.8355044,-0.383043468,-0.0380033255,0.392131567
7934f1476fe2c6e458c230f491769c34,7400034,Mankey,0.8666667,fighter,LeftLittleDistal,-0.0178540815,1.17137814,1.07268643,-0.8936615,0.222363755,0.259558976,0.290781
7934f1476fe2c6e458c230f491769c34,7400034,Mankey,0.8666667,fighter,RightThumbProximal,0.116612993,1.2618742,0.764565349,-0.155745685,-0.005033225,0.235681146,-0.9592565
7934f1476fe2c6e458c230f491769c34,7400034,Mankey,0.8666667,fighter,RightThumbIntermediate,0.07669366,1.28211081,0.768296,0.202093124,0.273927182,-0.237459436,0.9097998
7934f1476fe2c6e458c230f491769c34,7400034,Mankey,0.8666667,fighter,RightThumbDistal,0.0481193066,1.294568,0.7913375,-0.296792924,-0.849851131,0.073386535,-0.429281
7934f1476fe2c6e458c230f491769c34,7400034,Mankey,0.8666667,fighter,RightMiddleProximal,0.104659155,1.31574285,0.8089835,-0.1656389,0.009465829,-0.277710378,-0.946230233
7934f1476fe2c6e458c230f491769c34,7400034,Mankey,0.8666667,fighter,RightMiddleIntermediate,0.05337578,1.28405845,0.802317441,0.1856132,-0.121045008,0.8845547,0.41043812
7934f1476fe2c6e458c230f491769c34,7400034,Mankey,0.8666667,fighter,RightMiddleDistal,0.08506919,1.24772441,0.7795023,-0.06881638,0.173790634,-0.907205641,0.376881659
7934f1476fe2c6e458c230f491769c34,7400034,Mankey,0.8666667,fighter,RightRingProximal,0.104400113,1.29053617,0.8580677,-0.2740599,0.0471809357,-0.337819159,-0.899190545
7934f1476fe2c6e458c230f491769c34,7400034,Mankey,0.8666667,fighter,RightRingIntermediate,0.06347191,1.2595098,0.8436651,0.17802456,-0.213186592,0.9048269,0.322719157
7934f1476fe2c6e458c230f491769c34,7400034,Mankey,0.8666667,fighter,RightRingDistal,0.103311822,1.2317158,0.818515837,0.0536565036,0.244952768,-0.8528425,0.4580167
7934f1476fe2c6e458c230f491769c34,7400034,Mankey,0.8666667,fighter,RightLittleProximal,0.115994565,1.243509,0.8937803,-0.251817167,0.1372507,-0.228339687,-0.9303826
7934f1476fe2c6e458c230f491769c34,7400034,Mankey,0.8666667,fighter,RightLittleIntermediate,0.07022595,1.2245326,0.8740235,0.165157139,-0.2462401,0.817876458,0.493120164
7934f1476fe2c6e458c230f491769c34,7400034,Mankey,0.8666667,fighter,RightLittleDistal,0.09562676,1.18440568,0.845641255,0.11458686,0.244753689,-0.9244253,0.2690794
7934f1476fe2c6e458c230f491769c34,7400034,Mankey,0.8666667,fighter,UpperChest,-0.0536007881,1.18286061,0.6261083,0.304438621,-0.245664567,-0.6884849,0.610700369
7934f1476fe2c6e458c230f491769c34,7400034,Mankey,0.8833333,source,AnimatorRoot,4.97041235E-08,5.335367E-10,0.6635939,0,0,8.882641E-16,1
7934f1476fe2c6e458c230f491769c34,7400034,Mankey,0.8833333,source,Hips,-0.0585737973,0.7865308,0.631799459,-0.07619056,0.405480981,0.0121565023,0.910841644
7934f1476fe2c6e458c230f491769c34,7400034,Mankey,0.8833333,source,LeftUpperLeg,-0.125836268,0.79050535,0.706043661,-0.433391184,-0.189407781,0.7032153,0.530834436
7934f1476fe2c6e458c230f491769c34,7400034,Mankey,0.8833333,source,RightUpperLeg,0.008688787,0.782556355,0.5575551,0.2794923,-0.116709612,-0.592721462,0.7462871
7934f1476fe2c6e458c230f491769c34,7400034,Mankey,0.8833333,source,LeftLowerLeg,-0.103183113,0.451025218,0.858289957,-0.365522623,-0.299905032,0.5711849,0.670968
7934f1476fe2c6e458c230f491769c34,7400034,Mankey,0.8833333,source,RightLowerLeg,0.109374844,0.428478748,0.498987854,0.307323337,-0.0509859361,-0.7672131,0.56065774
7934f1476fe2c6e458c230f491769c34,7400034,Mankey,0.8833333,source,LeftFoot,-0.161503553,0.108034119,0.8635471,0.492408961,0.115639962,-0.834222853,-0.219620943
7934f1476fe2c6e458c230f491769c34,7400034,Mankey,0.8833333,source,RightFoot,0.045897197,0.118233912,0.3547983,0.226988316,-0.22276625,-0.258617073,0.912123442
7934f1476fe2c6e458c230f491769c34,7400034,Mankey,0.8833333,source,Spine,-0.0667996854,0.8833696,0.6191629,-0.0112001756,0.40158084,-0.0282273,0.915320039
7934f1476fe2c6e458c230f491769c34,7400034,Mankey,0.8833333,source,Chest,-0.05671212,1.06222057,0.6136724,0.104450151,0.369394,-0.0190163236,0.9231885
7934f1476fe2c6e458c230f491769c34,7400034,Mankey,0.8833333,source,Neck,-0.0331554972,1.26027822,0.6507565,0.333992839,0.291582048,-0.07034008,0.893577754
7934f1476fe2c6e458c230f491769c34,7400034,Mankey,0.8833333,source,Head,-0.005312736,1.32691371,0.69904995,0.215145916,0.030297989,-0.0184503924,0.975937665
7934f1476fe2c6e458c230f491769c34,7400034,Mankey,0.8833333,source,LeftShoulder,-0.0588378347,1.21623647,0.664081454,0.105050981,0.435143769,-0.00103960908,0.8942112
7934f1476fe2c6e458c230f491769c34,7400034,Mankey,0.8833333,source,RightShoulder,-0.0157659389,1.218734,0.6234043,0.9623627,-0.06146048,-0.2519243,-0.08133393
7934f1476fe2c6e458c230f491769c34,7400034,Mankey,0.8833333,source,LeftUpperArm,-0.147063479,1.20351815,0.7746215,0.102400169,0.4105027,0.494530827,0.7592375
7934f1476fe2c6e458c230f491769c34,7400034,Mankey,0.8833333,source,RightUpperArm,0.107138366,1.20774853,0.5531281,0.85102886,-0.4974247,0.08968454,0.142392933
7934f1476fe2c6e458c230f491769c34,7400034,Mankey,0.8833333,source,LeftLowerArm,-0.186453745,1.01433086,0.892904639,-0.5315479,0.7621331,0.3495299,0.120163858
7934f1476fe2c6e458c230f491769c34,7400034,Mankey,0.8833333,source,RightLowerArm,0.2179461,1.02171385,0.6198089,0.250811279,-0.202434987,0.772046,0.5477767
7934f1476fe2c6e458c230f491769c34,7400034,Mankey,0.8833333,source,LeftHand,-0.0904764757,1.18599188,1.02403331,-0.4563109,0.837896,0.294314027,-0.055595275
7934f1476fe2c6e458c230f491769c34,7400034,Mankey,0.8833333,source,RightHand,0.15315941,1.19764149,0.7637759,0.08149587,-0.16942583,0.8492497,0.493385
7934f1476fe2c6e458c230f491769c34,7400034,Mankey,0.8833333,source,LeftToes,-0.09882399,0.03611437,0.978958,0.5058367,-0.000487863319,-0.8622537,-0.0254467316
7934f1476fe2c6e458c230f491769c34,7400034,Mankey,0.8833333,source,RightToes,0.160742879,0.0324482843,0.398067981,0.331541181,-0.1991925,0.0167005584,0.922021866
7934f1476fe2c6e458c230f491769c34,7400034,Mankey,0.8833333,source,LeftThumbProximal,-0.09141204,1.20201612,1.01068664,-0.373088032,0.6809034,-0.624047339,0.08798949
7934f1476fe2c6e458c230f491769c34,7400034,Mankey,0.8833333,source,LeftThumbIntermediate,-0.05991137,1.22958064,0.9952593,-0.145586863,0.793188035,-0.539991558,0.240972117
7934f1476fe2c6e458c230f491769c34,7400034,Mankey,0.8833333,source,LeftThumbDistal,-0.0346752144,1.244312,1.00200832,0.528012931,0.640286446,-0.1259006,0.543493867
7934f1476fe2c6e458c230f491769c34,7400034,Mankey,0.8833333,source,LeftIndexProximal,-0.06327389,1.26169574,1.02301455,0.220878214,0.93724215,0.08952498,-0.254511982
7934f1476fe2c6e458c230f491769c34,7400034,Mankey,0.8833333,source,LeftIndexIntermediate,-0.03944293,1.25033462,1.00708449,0.8517143,0.4500787,-0.1405029,-0.228630319
7934f1476fe2c6e458c230f491769c34,7400034,Mankey,0.8833333,source,LeftIndexDistal,-0.0518029965,1.23184216,1.00783086,0.890251,-0.361167729,-0.2745774,-0.0402457938
7934f1476fe2c6e458c230f491769c34,7400034,Mankey,0.8833333,source,LeftMiddleProximal,-0.05488762,1.2537334,1.04107678,0.224598259,0.9258119,0.121828631,-0.278543621
7934f1476fe2c6e458c230f491769c34,7400034,Mankey,0.8833333,source,LeftMiddleIntermediate,-0.030453857,1.24230361,1.02233982,0.839939058,0.449460059,-0.143800229,-0.267975062
7934f1476fe2c6e458c230f491769c34,7400034,Mankey,0.8833333,source,LeftMiddleDistal,-0.0425888263,1.22409737,1.02235472,0.876726866,-0.357604563,-0.314959943,-0.06534641
7934f1476fe2c6e458c230f491769c34,7400034,Mankey,0.8833333,source,LeftRingProximal,-0.0482782945,1.24607825,1.05559444,0.3135921,0.8656537,0.150054738,-0.360260844
7934f1476fe2c6e458c230f491769c34,7400034,Mankey,0.8833333,source,LeftRingIntermediate,-0.03124852,1.23246,1.03311217,0.835051656,0.3799389,-0.17674391,-0.3565076
7934f1476fe2c6e458c230f491769c34,7400034,Mankey,0.8833333,source,LeftRingDistal,-0.0437005125,1.21786344,1.03357816,0.844023645,-0.336633027,-0.395642221,-0.1333057
7934f1476fe2c6e458c230f491769c34,7400034,Mankey,0.8833333,source,LeftLittleProximal,-0.0411810353,1.23351932,1.06682777,0.2889348,0.8560327,0.182845742,-0.387676269
7934f1476fe2c6e458c230f491769c34,7400034,Mankey,0.8833333,source,LeftLittleIntermediate,-0.0265677739,1.22383368,1.04571152,0.7823453,0.442673624,-0.152438775,-0.41077897
7934f1476fe2c6e458c230f491769c34,7400034,Mankey,0.8833333,source,LeftLittleDistal,-0.037237,1.20829582,1.04333377,0.8682224,-0.180421472,-0.402858078,-0.226593181
7934f1476fe2c6e458c230f491769c34,7400034,Mankey,0.8833333,source,RightThumbProximal,0.148746222,1.21242917,0.74971807,0.173494533,0.7155548,0.6156572,0.280798465
7934f1476fe2c6e458c230f491769c34,7400034,Mankey,0.8833333,source,RightThumbIntermediate,0.11385601,1.23892927,0.7413216,-0.339067966,-0.612650454,-0.707046151,-0.0988882259
7934f1476fe2c6e458c230f491769c34,7400034,Mankey,0.8833333,source,RightThumbDistal,0.0913484842,1.25558281,0.7520673,0.6577716,0.140219614,0.5859595,-0.452025741
7934f1476fe2c6e458c230f491769c34,7400034,Mankey,0.8833333,source,RightIndexProximal,0.1251029,1.27299273,0.766406,0.009059661,0.1074019,-0.981692433,0.157046258
7934f1476fe2c6e458c230f491769c34,7400034,Mankey,0.8833333,source,RightIndexIntermediate,0.09579438,1.26354754,0.764817238,-0.07728462,-0.0616997257,0.5739083,-0.8129269
7934f1476fe2c6e458c230f491769c34,7400034,Mankey,0.8833333,source,RightIndexDistal,0.1032235,1.2429924,0.7606107,0.09763787,-0.023973709,0.205690846,0.973439455
7934f1476fe2c6e458c230f491769c34,7400034,Mankey,0.8833333,source,RightMiddleProximal,0.124019988,1.2666589,0.786868,0.06997553,0.12848179,-0.9662324,0.212111473
7934f1476fe2c6e458c230f491769c34,7400034,Mankey,0.8833333,source,RightMiddleIntermediate,0.09445293,1.25379086,0.7806368,-0.13409996,-0.018193813,0.4936877,-0.859045565
7934f1476fe2c6e458c230f491769c34,7400034,Mankey,0.8833333,source,RightMiddleDistal,0.105658025,1.235338,0.77705723,0.10543754,-0.107994176,0.3325658,0.930924654
7934f1476fe2c6e458c230f491769c34,7400034,Mankey,0.8833333,source,RightRingProximal,0.123310365,1.2603178,0.8033708,0.111871667,0.186989531,-0.9324127,0.288317055
7934f1476fe2c6e458c230f491769c34,7400034,Mankey,0.8833333,source,RightRingIntermediate,0.09798158,1.24478734,0.793459237,-0.211027011,-0.0161714535,0.3987284,-0.892312944
7934f1476fe2c6e458c230f491769c34,7400034,Mankey,0.8833333,source,RightRingDistal,0.11105717,1.23126245,0.7896748,0.15872103,-0.171378523,0.433933675,0.870137453
7934f1476fe2c6e458c230f491769c34,7400034,Mankey,0.8833333,source,RightLittleProximal,0.121115968,1.248803,0.8174024,0.211486191,0.193915188,-0.9377029,0.195919037
7934f1476fe2c6e458c230f491769c34,7400034,Mankey,0.8833333,source,RightLittleIntermediate,0.0982331,1.24097359,0.8044326,-0.285042942,0.0311504286,0.5524549,-0.782671452
7934f1476fe2c6e458c230f491769c34,7400034,Mankey,0.8833333,source,RightLittleDistal,0.10560368,1.22420335,0.7993773,0.1747631,-0.259173423,0.231349662,0.921284437
7934f1476fe2c6e458c230f491769c34,7400034,Mankey,0.8833333,fighter,AnimatorRoot,0,0,0,0,0,0,1
7934f1476fe2c6e458c230f491769c34,7400034,Mankey,0.8833333,fighter,Hips,-0.0585737936,0.786530733,0.6317994,0.20477134,-0.289962441,-0.5887923,0.726164043
7934f1476fe2c6e458c230f491769c34,7400034,Mankey,0.8833333,fighter,LeftUpperLeg,-0.1388802,0.7918736,0.722501,0.519811153,0.7008897,0.201355115,0.444979072
7934f1476fe2c6e458c230f491769c34,7400034,Mankey,0.8833333,fighter,RightUpperLeg,0.0217325855,0.781187952,0.5410979,0.585654438,0.767501056,0.243614048,0.09275535
7934f1476fe2c6e458c230f491769c34,7400034,Mankey,0.8833333,fighter,LeftLowerLeg,-0.115613207,0.459645659,0.8741588,0.6715664,0.580448747,0.313687563,0.337161958
7934f1476fe2c6e458c230f491769c34,7400034,Mankey,0.8833333,fighter,RightLowerLeg,0.130348489,0.435670644,0.488779575,0.7846073,0.5492381,0.281618357,0.058484152
7934f1476fe2c6e458c230f491769c34,7400034,Mankey,0.8833333,fighter,LeftFoot,-0.161503613,0.10803397,0.863547,0.043861676,0.8979547,0.00691193342,0.437842757
7934f1476fe2c6e458c230f491769c34,7400034,Mankey,0.8833333,fighter,RightFoot,0.04589709,0.118233845,0.354798228,0.09011029,0.9582266,0.0435735881,0.2679245
7934f1476fe2c6e458c230f491769c34,7400034,Mankey,0.8833333,fighter,Spine,-0.06746437,0.830192864,0.621355832,0.215475842,-0.288371444,-0.627467155,0.6904327
7934f1476fe2c6e458c230f491769c34,7400034,Mankey,0.8833333,fighter,Chest,-0.06874098,1.06859291,0.5994973,0.321264058,-0.227470234,-0.7234003,0.56722033
7934f1476fe2c6e458c230f491769c34,7400034,Mankey,0.8833333,fighter,Neck,-0.0421674177,1.34747314,0.6416183,0.4298792,-0.3143313,-0.666961,0.521117151
7934f1476fe2c6e458c230f491769c34,7400034,Mankey,0.8833333,fighter,Head,-0.0291816369,1.49110115,0.6781909,0.571428657,-0.37407285,-0.6201857,0.385887146
7934f1476fe2c6e458c230f491769c34,7400034,Mankey,0.8833333,fighter,LeftShoulder,0.003862974,1.29520512,0.730724335,0.674718857,0.102845371,-0.306523532,0.6634915
7934f1476fe2c6e458c230f491769c34,7400034,Mankey,0.8833333,fighter,RightShoulder,0.047329586,1.29733074,0.6892278,-0.2075005,-0.564633369,-0.715453863,0.355329037
7934f1476fe2c6e458c230f491769c34,7400034,Mankey,0.8833333,fighter,LeftUpperArm,-0.16401118,1.3520807,0.8474838,0.737894356,0.462202728,0.127340525,0.4750428
7934f1476fe2c6e458c230f491769c34,7400034,Mankey,0.8833333,fighter,RightUpperArm,0.187704235,1.3555125,0.5410415,0.290636957,0.6951403,0.535408139,0.3816392
7934f1476fe2c6e458c230f491769c34,7400034,Mankey,0.8833333,fighter,LeftLowerArm,-0.3162949,1.12572956,0.9182854,-0.03405463,0.901042163,-0.3581368,0.242284715
7934f1476fe2c6e458c230f491769c34,7400034,Mankey,0.8833333,fighter,RightLowerArm,0.339835316,1.12644553,0.6028691,-0.389316678,0.368942857,0.005768042,0.8439674
7934f1476fe2c6e458c230f491769c34,7400034,Mankey,0.8833333,fighter,LeftHand,-0.09047674,1.18599188,1.02403343,0.4634153,-0.805444539,-0.34393245,-0.134967625
7934f1476fe2c6e458c230f491769c34,7400034,Mankey,0.8833333,fighter,RightHand,0.15315941,1.19764125,0.7637759,0.216832012,0.262745321,-0.517975032,0.7846343
7934f1476fe2c6e458c230f491769c34,7400034,Mankey,0.8833333,fighter,LeftToes,0.0144385574,0.109286465,1.08244228,0.128494591,0.8643375,0.05692734,0.482876539
7934f1476fe2c6e458c230f491769c34,7400034,Mankey,0.8833333,fighter,RightToes,0.282838166,0.08794326,0.502492368,0.16051437,0.9624224,0.0567944944,0.211549714
7934f1476fe2c6e458c230f491769c34,7400034,Mankey,0.8833333,fighter,LeftEye,-0.144867525,1.531268,0.9002141,0.421115428,-0.3416082,-0.491404355,-0.6815332
7934f1476fe2c6e458c230f491769c34,7400034,Mankey,0.8833333,fighter,RightEye,0.1171443,1.52523148,0.882598937,0.2684724,-0.46795845,-0.7072105,-0.456936538
7934f1476fe2c6e458c230f491769c34,7400034,Mankey,0.8833333,fighter,Jaw,-0.0242387988,1.32842875,0.8074102,0.6682207,0.141217,-0.7109861,-0.167446077
7934f1476fe2c6e458c230f491769c34,7400034,Mankey,0.8833333,fighter,LeftThumbProximal,-0.05678462,1.25033665,1.01320624,0.2141555,-0.93814677,-0.2496192,0.108205929
7934f1476fe2c6e458c230f491769c34,7400034,Mankey,0.8833333,fighter,LeftThumbIntermediate,-0.0170447584,1.2708087,1.00888991,0.176528975,-0.91890496,-0.298075736,-0.188685954
7934f1476fe2c6e458c230f491769c34,7400034,Mankey,0.8833333,fighter,LeftThumbDistal,0.0165425669,1.27902412,1.026411,-0.05472211,-0.4469256,-0.3186134,-0.8341156
7934f1476fe2c6e458c230f491769c34,7400034,Mankey,0.8833333,fighter,LeftMiddleProximal,-0.0295141712,1.30203056,1.05322826,-0.272380322,-0.9239573,-0.138428062,0.2301088
7934f1476fe2c6e458c230f491769c34,7400034,Mankey,0.8833333,fighter,LeftMiddleIntermediate,0.0157130882,1.27536726,1.022865,-0.888929248,-0.373662263,-0.0334126279,0.2628024
7934f1476fe2c6e458c230f491769c34,7400034,Mankey,0.8833333,fighter,LeftMiddleDistal,-0.0226129778,1.240869,1.00922048,-0.887504041,0.40903455,0.142547891,0.157188132
7934f1476fe2c6e458c230f491769c34,7400034,Mankey,0.8833333,fighter,LeftRingProximal,-0.01114799,1.2742486,1.09722292,-0.342486441,-0.85671705,-0.221289873,0.3158646
7934f1476fe2c6e458c230f491769c34,7400034,Mankey,0.8833333,fighter,LeftRingIntermediate,0.0190352816,1.250404,1.06026924,-0.8721123,-0.3189163,0.00160418451,0.3710934
7934f1476fe2c6e458c230f491769c34,7400034,Mankey,0.8833333,fighter,LeftRingDistal,-0.0245385282,1.21991086,1.04747474,-0.8606015,0.361202568,0.268056929,0.2388383
7934f1476fe2c6e458c230f491769c34,7400034,Mankey,0.8833333,fighter,LeftLittleProximal,-0.008650394,1.22510779,1.131868,-0.304331779,-0.856896937,-0.2408667,0.339254141
7934f1476fe2c6e458c230f491769c34,7400034,Mankey,0.8833333,fighter,LeftLittleIntermediate,0.0225310866,1.2060051,1.09303558,-0.8327375,-0.387613058,-0.04261808,0.393050075
7934f1476fe2c6e458c230f491769c34,7400034,Mankey,0.8833333,fighter,LeftLittleDistal,-0.01596855,1.172143,1.07225072,-0.8947283,0.2171199,0.256394476,0.294249
7934f1476fe2c6e458c230f491769c34,7400034,Mankey,0.8833333,fighter,RightThumbProximal,0.115871914,1.26082337,0.7605726,-0.14272137,0.00231078267,0.230549932,-0.962534249
7934f1476fe2c6e458c230f491769c34,7400034,Mankey,0.8833333,fighter,RightThumbIntermediate,0.075736,1.28078568,0.7633283,0.188497975,0.26697576,-0.236481309,0.9150241
7934f1476fe2c6e458c230f491769c34,7400034,Mankey,0.8833333,fighter,RightThumbDistal,0.0468342379,1.29365981,0.785723031,-0.286962748,-0.8479457,0.08264859,-0.437961638
7934f1476fe2c6e458c230f491769c34,7400034,Mankey,0.8833333,fighter,RightMiddleProximal,0.103243954,1.31586742,0.80333215,-0.150892809,0.00865896,-0.282977521,-0.947143257
7934f1476fe2c6e458c230f491769c34,7400034,Mankey,0.8833333,fighter,RightMiddleIntermediate,0.05231688,1.28351521,0.797158241,0.175854757,-0.108814627,0.889011145,0.408526182
7934f1476fe2c6e458c230f491769c34,7400034,Mankey,0.8833333,fighter,RightMiddleDistal,0.08455361,1.24681187,0.775737941,-0.07102716,0.158074364,-0.9082764,0.3807914
7934f1476fe2c6e458c230f491769c34,7400034,Mankey,0.8833333,fighter,RightRingProximal,0.102785222,1.29208255,0.8531196,-0.259792268,0.044720605,-0.34395808,-0.90122205
7934f1476fe2c6e458c230f491769c34,7400034,Mankey,0.8833333,fighter,RightRingIntermediate,0.0622793734,1.26025283,0.839287341,0.1699235,-0.20028992,0.9102149,0.320186257
7934f1476fe2c6e458c230f491769c34,7400034,Mankey,0.8833333,fighter,RightRingDistal,0.102605835,1.23209214,0.815350652,0.0496413857,0.230252311,-0.854041,0.463825464
7934f1476fe2c6e458c230f491769c34,7400034,Mankey,0.8833333,fighter,RightLittleProximal,0.114418775,1.246181,0.8902554,-0.2377078,0.136833861,-0.235903889,-0.9322667
7934f1476fe2c6e458c230f491769c34,7400034,Mankey,0.8833333,fighter,RightLittleIntermediate,0.06901272,1.22618926,0.8706644,0.155087382,-0.235389218,0.82453084,0.490601182
7934f1476fe2c6e458c230f491769c34,7400034,Mankey,0.8833333,fighter,RightLittleDistal,0.09504441,1.18546844,0.843737,0.113635883,0.230090633,-0.926207066,0.276199
7934f1476fe2c6e458c230f491769c34,7400034,Mankey,0.8833333,fighter,UpperChest,-0.0508126058,1.18407035,0.624192357,0.306789279,-0.246644855,-0.6874506,0.610293865
7934f1476fe2c6e458c230f491769c34,7400034,Mankey,0.9,source,AnimatorRoot,4.970031E-08,5.334958E-10,0.663543,0,0,9.033195E-16,1
7934f1476fe2c6e458c230f491769c34,7400034,Mankey,0.9,source,Hips,-0.05675368,0.788058,0.6294771,-0.07534052,0.403601974,0.0114597585,0.911755443
7934f1476fe2c6e458c230f491769c34,7400034,Mankey,0.9,source,LeftUpperLeg,-0.124324284,0.7920602,0.7034394,-0.435891122,-0.192530423,0.6986266,0.5337153
7934f1476fe2c6e458c230f491769c34,7400034,Mankey,0.9,source,RightUpperLeg,0.0108170612,0.7840559,0.5555145,0.2808661,-0.12094862,-0.5960331,0.742449
7934f1476fe2c6e458c230f491769c34,7400034,Mankey,0.9,source,LeftLowerLeg,-0.105577439,0.451527834,0.853855968,-0.3709062,-0.299059123,0.5749963,0.66511035
7934f1476fe2c6e458c230f491769c34,7400034,Mankey,0.9,source,RightLowerLeg,0.107817307,0.4288341,0.497659236,0.308251768,-0.0555774756,-0.765478969,0.5620802
7934f1476fe2c6e458c230f491769c34,7400034,Mankey,0.9,source,LeftFoot,-0.161210433,0.108195648,0.863850832,0.4937953,0.116395161,-0.8331638,-0.220128924
7934f1476fe2c6e458c230f491769c34,7400034,Mankey,0.9,source,RightFoot,0.04584876,0.117490225,0.355192333,0.2288599,-0.224151731,-0.255983084,0.912059247
7934f1476fe2c6e458c230f491769c34,7400034,Mankey,0.9,source,Spine,-0.0647619143,0.884925246,0.6169192,-0.0100711519,0.399457842,-0.0295220837,0.9162208
7934f1476fe2c6e458c230f491769c34,7400034,Mankey,0.9,source,Chest,-0.05408057,1.06374824,0.6116433,0.104513623,0.3662457,-0.0178652182,0.9244577
7934f1476fe2c6e458c230f491769c34,7400034,Mankey,0.9,source,Neck,-0.0310752429,1.26181829,0.649005651,0.333038419,0.2870288,-0.0701423958,0.895421863
7934f1476fe2c6e458c230f491769c34,7400034,Mankey,0.9,source,Head,-0.00355254579,1.32856929,0.697323143,0.212150246,0.0266759042,-0.0192401353,0.9766837
7934f1476fe2c6e458c230f491769c34,7400034,Mankey,0.9,source,LeftShoulder,-0.05678531,1.21773112,0.6621253,0.104817167,0.4350734,0.0004552474,0.8942732
7934f1476fe2c6e458c230f491769c34,7400034,Mankey,0.9,source,RightShoulder,-0.0134337442,1.22031581,0.621751845,0.96415174,-0.0599819869,-0.245257363,-0.08162625
7934f1476fe2c6e458c230f491769c34,7400034,Mankey,0.9,source,LeftUpperArm,-0.1450286,1.20466423,0.772610545,0.101146519,0.411383,0.495905131,0.7580315
7934f1476fe2c6e458c230f491769c34,7400034,Mankey,0.9,source,RightUpperArm,0.110462993,1.20957041,0.5532024,0.8496126,-0.5015,0.09038862,0.1359653
7934f1476fe2c6e458c230f491769c34,7400034,Mankey,0.9,source,LeftLowerArm,-0.183474183,1.01546788,0.891189754,-0.5332059,0.7604318,0.350786448,0.119933069
7934f1476fe2c6e458c230f491769c34,7400034,Mankey,0.9,source,RightLowerArm,0.219368622,1.02206814,0.6188989,0.247928023,-0.2036592,0.7738026,0.546154261
7934f1476fe2c6e458c230f491769c34,7400034,Mankey,0.9,source,LeftHand,-0.08830528,1.18726444,1.02272952,-0.4593389,0.834879339,0.298760444,-0.0522193536
7934f1476fe2c6e458c230f491769c34,7400034,Mankey,0.9,source,RightHand,0.153063074,1.19798946,0.7621802,0.072769165,-0.158819526,0.8539075,0.490227669
7934f1476fe2c6e458c230f491769c34,7400034,Mankey,0.9,source,LeftToes,-0.09900723,0.0360594131,0.979384065,0.5073552,-0.0004471776,-0.8613679,-0.0252232365
7934f1476fe2c6e458c230f491769c34,7400034,Mankey,0.9,source,RightToes,0.160914928,0.032209076,0.398871779,0.3327115,-0.200555116,0.0196223184,0.921246946
7934f1476fe2c6e458c230f491769c34,7400034,Mankey,0.9,source,LeftThumbProximal,-0.08928664,1.20345092,1.00958359,-0.3733919,0.683700562,-0.6200598,0.0930512
7934f1476fe2c6e458c230f491769c34,7400034,Mankey,0.9,source,LeftThumbIntermediate,-0.0578879565,1.23137593,0.99460274,-0.145357266,0.795825958,-0.53454113,0.244538054
7934f1476fe2c6e458c230f491769c34,7400034,Mankey,0.9,source,LeftThumbDistal,-0.0327515341,1.2461549,1.00161517,0.5299163,0.641649842,-0.119592376,0.541453958
7934f1476fe2c6e458c230f491769c34,7400034,Mankey,0.9,source,LeftIndexProximal,-0.0615063049,1.263119,1.02275109,0.21662204,0.937630653,0.09510443,-0.254713744
7934f1476fe2c6e458c230f491769c34,7400034,Mankey,0.9,source,LeftIndexIntermediate,-0.0375668071,1.25208735,1.00675225,0.8492587,0.453580618,-0.136967763,-0.232948288
7934f1476fe2c6e458c230f491769c34,7400034,Mankey,0.9,source,LeftIndexDistal,-0.0498297662,1.23352134,1.007227,0.8913577,-0.3569819,-0.27560547,-0.04568939
7934f1476fe2c6e458c230f491769c34,7400034,Mankey,0.9,source,LeftMiddleProximal,-0.0531318747,1.25497341,1.04073715,0.220171526,0.926043153,0.127276391,-0.2788721
7934f1476fe2c6e458c230f491769c34,7400034,Mankey,0.9,source,LeftMiddleIntermediate,-0.0285808258,1.243912,1.0219326,0.8372416,0.453011274,-0.140391886,-0.272209734
7934f1476fe2c6e458c230f491769c34,7400034,Mankey,0.9,source,LeftMiddleDistal,-0.0406179279,1.22564268,1.02168012,0.8777274,-0.353161454,-0.3160522,-0.07059061
7934f1476fe2c6e458c230f491769c34,7400034,Mankey,0.9,source,LeftRingProximal,-0.046525415,1.24717033,1.055177,0.308764219,0.866070449,0.1550387,-0.361317039
7934f1476fe2c6e458c230f491769c34,7400034,Mankey,0.9,source,LeftRingIntermediate,-0.029355146,1.23392892,1.03257716,0.832030535,0.383821875,-0.174018383,-0.360727
7934f1476fe2c6e458c230f491769c34,7400034,Mankey,0.9,source,LeftRingDistal,-0.0417299755,1.21926141,1.03282034,0.844662368,-0.3316642,-0.3968314,-0.1380938
7934f1476fe2c6e458c230f491769c34,7400034,Mankey,0.9,source,LeftLittleProximal,-0.0393947735,1.2345084,1.06627274,0.283909947,0.8562181,0.187657118,-0.3886781
7934f1476fe2c6e458c230f491769c34,7400034,Mankey,0.9,source,LeftLittleIntermediate,-0.0246660933,1.22516882,1.0450809,0.77877754,0.4463431,-0.149542451,-0.414633155
7934f1476fe2c6e458c230f491769c34,7400034,Mankey,0.9,source,LeftLittleDistal,-0.0352446362,1.20960569,1.04247415,0.867864,-0.1752042,-0.403271765,-0.23127459
7934f1476fe2c6e458c230f491769c34,7400034,Mankey,0.9,source,RightThumbProximal,0.14861095,1.21234322,0.7476915,0.164560243,0.7238884,0.6074449,0.282694966
7934f1476fe2c6e458c230f491769c34,7400034,Mankey,0.9,source,RightThumbIntermediate,0.11354661,1.23829257,0.7383525,-0.332800329,-0.623546,-0.699966431,-0.102379985
7934f1476fe2c6e458c230f491769c34,7400034,Mankey,0.9,source,RightThumbDistal,0.0908286646,1.25503778,0.7484958,0.661532938,0.152585924,0.584014535,-0.444993436
7934f1476fe2c6e458c230f491769c34,7400034,Mankey,0.9,source,RightIndexProximal,0.124340251,1.27313447,0.7625509,0.00945150852,0.09335254,-0.982357442,0.161771864
7934f1476fe2c6e458c230f491769c34,7400034,Mankey,0.9,source,RightIndexIntermediate,0.09512509,1.2633909,0.7610468,-0.06752683,-0.0515705124,0.5709115,-0.8166035
7934f1476fe2c6e458c230f491769c34,7400034,Mankey,0.9,source,RightIndexDistal,0.10275799,1.24279356,0.7574567,0.08361852,-0.0237076338,0.210551322,0.973711848
7934f1476fe2c6e458c230f491769c34,7400034,Mankey,0.9,source,RightMiddleProximal,0.123183161,1.2673595,0.783173561,0.06945845,0.114739753,-0.966762245,0.217672154
7934f1476fe2c6e458c230f491769c34,7400034,Mankey,0.9,source,RightMiddleIntermediate,0.09376826,1.254064,0.777122259,-0.123639233,-0.009285392,0.489720464,-0.863018632
7934f1476fe2c6e458c230f491769c34,7400034,Mankey,0.9,source,RightMiddleDistal,0.105154842,1.23561871,0.774123549,0.0919803157,-0.105796583,0.338414252,0.930496156
7934f1476fe2c6e458c230f491769c34,7400034,Mankey,0.9,source,RightRingProximal,0.122424372,1.26147139,0.7998412,0.109935008,0.173656449,-0.9332941,0.294482619
7934f1476fe2c6e458c230f491769c34,7400034,Mankey,0.9,source,RightRingIntermediate,0.09729373,1.24545014,0.7902105,-0.199812219,-0.008810996,0.394360572,-0.896926939
7934f1476fe2c6e458c230f491769c34,7400034,Mankey,0.9,source,RightRingDistal,0.110509343,1.23194146,0.786881745,0.146062747,-0.167349964,0.4405478,0.869814754
7934f1476fe2c6e458c230f491769c34,7400034,Mankey,0.9,source,RightLittleProximal,0.120241113,1.25033045,0.814173,0.210803911,0.181228727,-0.9387749,0.203518391
7934f1476fe2c6e458c230f491769c34,7400034,Mankey,0.9,source,RightLittleIntermediate,0.09750902,1.24194348,0.801286638,-0.276019961,0.0399717949,0.5476645,-0.78884685
7934f1476fe2c6e458c230f491769c34,7400034,Mankey,0.9,source,RightLittleDistal,0.10505601,1.22510564,0.7967429,0.162404612,-0.2580281,0.23947458,0.921791
7934f1476fe2c6e458c230f491769c34,7400034,Mankey,0.9,fighter,AnimatorRoot,0,0,0,0,0,0,1
7934f1476fe2c6e458c230f491769c34,7400034,Mankey,0.9,fighter,Hips,-0.0567536764,0.7880579,0.629477,0.205980822,-0.2913181,-0.589330137,0.7248419
7934f1476fe2c6e458c230f491769c34,7400034,Mankey,0.9,fighter,LeftUpperLeg,-0.137404978,0.793485343,0.719867,0.522533059,0.6962679,0.2043411,0.447677463
7934f1476fe2c6e458c230f491769c34,7400034,Mankey,0.9,fighter,RightUpperLeg,0.0238976162,0.782630444,0.5390871,0.588945568,0.76376164,0.245656818,0.09728339
7934f1476fe2c6e458c230f491769c34,7400034,Mankey,0.9,fighter,LeftLowerLeg,-0.117977425,0.460252762,0.869851649,0.6659838,0.583961368,0.313137472,0.342636675
7934f1476fe2c6e458c230f491769c34,7400034,Mankey,0.9,fighter,RightLowerLeg,0.129054323,0.4359235,0.487578779,0.783125043,0.550310135,0.282641172,0.0631520748
7934f1476fe2c6e458c230f491769c34,7400034,Mankey,0.9,fighter,LeftFoot,-0.161210462,0.108195566,0.863850832,0.0445542522,0.8971468,0.007422328,0.439417273
7934f1476fe2c6e458c230f491769c34,7400034,Mankey,0.9,fighter,RightFoot,0.0458488,0.11749009,0.355192333,0.0878304541,0.957778752,0.0451967865,0.270005763
7934f1476fe2c6e458c230f491769c34,7400034,Mankey,0.9,fighter,Spine,-0.0655074,0.8317499,0.619043,0.216629848,-0.2900698,-0.628349841,0.6885549
7934f1476fe2c6e458c230f491769c34,7400034,Mankey,0.9,fighter,Chest,-0.0658179149,1.07016981,0.597367048,0.323973626,-0.22913067,-0.722064,0.5667134
7934f1476fe2c6e458c230f491769c34,7400034,Mankey,0.9,fighter,Neck,-0.03980015,1.34905851,0.6397779,0.431405455,-0.317186832,-0.6650358,0.5205858
7934f1476fe2c6e458c230f491769c34,7400034,Mankey,0.9,fighter,Head,-0.0270408541,1.492792,0.6760136,0.5717228,-0.378149331,-0.6176445,0.3855538
7934f1476fe2c6e458c230f491769c34,7400034,Mankey,0.9,fighter,LeftShoulder,0.005664537,1.29679906,0.729178846,0.6754006,0.103215724,-0.306065619,0.662951469
7934f1476fe2c6e458c230f491769c34,7400034,Mankey,0.9,fighter,RightShoulder,0.0494141355,1.29898226,0.6879838,-0.202269927,-0.566274762,-0.7174663,0.3516565
7934f1476fe2c6e458c230f491769c34,7400034,Mankey,0.9,fighter,LeftUpperArm,-0.16229628,1.35333967,0.8459764,0.7374599,0.46331045,0.127614573,0.474564254
7934f1476fe2c6e458c230f491769c34,7400034,Mankey,0.9,fighter,RightUpperArm,0.191800863,1.35746157,0.5418485,0.292454034,0.689843,0.538055062,0.386114776
7934f1476fe2c6e458c230f491769c34,7400034,Mankey,0.9,fighter,LeftLowerArm,-0.313962579,1.12660217,0.916867,-0.0351900756,0.9015802,-0.356340051,0.242769
7934f1476fe2c6e458c230f491769c34,7400034,Mankey,0.9,fighter,RightLowerArm,0.341397732,1.12662911,0.603292,-0.391191959,0.364556134,0.00416969135,0.845015347
7934f1476fe2c6e458c230f491769c34,7400034,Mankey,0.9,fighter,LeftHand,-0.08830543,1.18726444,1.02272964,0.465227216,-0.8018059,-0.348671138,-0.138201743
7934f1476fe2c6e458c230f491769c34,7400034,Mankey,0.9,fighter,RightHand,0.15306285,1.19798946,0.7621801,0.206399992,0.254065067,-0.517460048,0.7906237
7934f1476fe2c6e458c230f491769c34,7400034,Mankey,0.9,fighter,LeftToes,0.0139499623,0.108985968,1.08337438,0.128172219,0.8635182,0.05714447,0.484399617
7934f1476fe2c6e458c230f491769c34,7400034,Mankey,0.9,fighter,RightToes,0.282238722,0.08814729,0.5039572,0.158148974,0.9622723,0.05844686,0.213553518
7934f1476fe2c6e458c230f491769c34,7400034,Mankey,0.9,fighter,LeftEye,-0.144084334,1.534702,0.8970007,0.424418062,-0.341501951,-0.487925738,-0.6820371
7934f1476fe2c6e458c230f491769c34,7400034,Mankey,0.9,fighter,RightEye,0.118020147,1.52780163,0.881173,0.2716001,-0.46906358,-0.7041616,-0.458660483
7934f1476fe2c6e458c230f491769c34,7400034,Mankey,0.9,fighter,Jaw,-0.023431845,1.33093143,0.8062917,0.6713179,0.138550252,-0.708957434,-0.165879786
7934f1476fe2c6e458c230f491769c34,7400034,Mankey,0.9,fighter,LeftThumbProximal,-0.05492651,1.25191951,1.01282036,0.218534112,-0.9359546,-0.25472936,0.106514171
7934f1476fe2c6e458c230f491769c34,7400034,Mankey,0.9,fighter,LeftThumbIntermediate,-0.0153241707,1.27272844,1.00886583,0.179455727,-0.916086853,-0.304104865,-0.19000411
7934f1476fe2c6e458c230f491769c34,7400034,Mankey,0.9,fighter,LeftThumbDistal,0.0181437228,1.28099394,1.026591,-0.0575244874,-0.443904042,-0.324677825,-0.833201766
7934f1476fe2c6e458c230f491769c34,7400034,Mankey,0.9,fighter,LeftMiddleProximal,-0.02805452,1.30324757,1.05357611,-0.26772204,-0.924396455,-0.1441643,0.230289757
7934f1476fe2c6e458c230f491769c34,7400034,Mankey,0.9,fighter,LeftMiddleIntermediate,0.01746791,1.27725518,1.02307236,-0.8859886,-0.377171129,-0.03596378,0.267344773
7934f1476fe2c6e458c230f491769c34,7400034,Mankey,0.9,fighter,LeftMiddleDistal,-0.0205582064,1.24263167,1.008916,-0.888335049,0.4046866,0.144023672,0.162319109
7934f1476fe2c6e458c230f491769c34,7400034,Mankey,0.9,fighter,LeftRingProximal,-0.00967212953,1.27500927,1.0972724,-0.337556779,-0.857005835,-0.226401523,0.316763878
7934f1476fe2c6e458c230f491769c34,7400034,Mankey,0.9,fighter,LeftRingIntermediate,0.0208081715,1.25179863,1.06015933,-0.868847132,-0.322739929,-0.000252500176,0.375425279
7934f1476fe2c6e458c230f491769c34,7400034,Mankey,0.9,fighter,LeftRingDistal,-0.0224975664,1.22113168,1.04687965,-0.8610186,0.356134772,0.269526631,0.243251383
7934f1476fe2c6e458c230f491769c34,7400034,Mankey,0.9,fighter,LeftLittleProximal,-0.007015213,1.22544813,1.13130152,-0.2992823,-0.856941342,-0.245874286,0.340041071
7934f1476fe2c6e458c230f491769c34,7400034,Mankey,0.9,fighter,LeftLittleIntermediate,0.0244342759,1.20700729,1.09236526,-0.8290828,-0.391072452,-0.0447608531,0.397090822
7934f1476fe2c6e458c230f491769c34,7400034,Mankey,0.9,fighter,LeftLittleDistal,-0.0137465717,1.173098,1.0710758,-0.8943262,0.211953014,0.257095516,0.298595637
7934f1476fe2c6e458c230f491769c34,7400034,Mankey,0.9,fighter,RightThumbProximal,0.115251563,1.26072764,0.757001,-0.130106077,0.00850597,0.224690035,-0.9656683
7934f1476fe2c6e458c230f491769c34,7400034,Mankey,0.9,fighter,RightThumbIntermediate,0.07488199,1.28031635,0.75888896,0.175081834,0.26109764,-0.2345367,0.919873834
7934f1476fe2c6e458c230f491769c34,7400034,Mankey,0.9,fighter,RightThumbDistal,0.0456685051,1.29349828,0.780692458,-0.276510835,-0.846537054,0.09108688,-0.4456694
7934f1476fe2c6e458c230f491769c34,7400034,Mankey,0.9,fighter,RightMiddleProximal,0.101878837,1.31681979,0.79814136,-0.136855721,0.007334009,-0.2888173,-0.9475242
7934f1476fe2c6e458c230f491769c34,7400034,Mankey,0.9,fighter,RightMiddleIntermediate,0.0513542481,1.28374672,0.7925041,0.167228311,-0.0968708545,0.893343151,0.4056972
7934f1476fe2c6e458c230f491769c34,7400034,Mankey,0.9,fighter,RightMiddleDistal,0.08415242,1.246811,0.772374451,-0.07374978,0.14337723,-0.9085975,0.385299474
7934f1476fe2c6e458c230f491769c34,7400034,Mankey,0.9,fighter,RightRingProximal,0.10131184,1.2944181,0.8485651,-0.246287912,0.0417524576,-0.35047704,-0.902643859
7934f1476fe2c6e458c230f491769c34,7400034,Mankey,0.9,fighter,RightRingIntermediate,0.06126153,1.261766,0.835336149,0.162965611,-0.187743321,0.9153245,0.3168227
7934f1476fe2c6e458c230f491769c34,7400034,Mankey,0.9,fighter,RightRingDistal,0.10207577,1.233387,0.8125099,0.045138672,0.216663122,-0.8544709,0.469999671
7934f1476fe2c6e458c230f491769c34,7400034,Mankey,0.9,fighter,RightLittleProximal,0.113107316,1.24966574,0.8870287,-0.224428892,0.135730162,-0.243829831,-0.933679163
7934f1476fe2c6e458c230f491769c34,7400034,Mankey,0.9,fighter,RightLittleIntermediate,0.06807466,1.22862852,0.86767143,0.146262079,-0.2247275,0.8310337,0.4873278
7934f1476fe2c6e458c230f491769c34,7400034,Mankey,0.9,fighter,RightLittleDistal,0.0947549045,1.18745339,0.8421042,0.112000734,0.21652706,-0.927404344,0.2837142
7934f1476fe2c6e458c230f491769c34,7400034,Mankey,0.9,fighter,UpperChest,-0.048169855,1.1856544,0.6222296,0.3093925,-0.248467416,-0.686147749,0.6097063
7934f1476fe2c6e458c230f491769c34,7400034,Mankey,0.9166667,source,AnimatorRoot,4.96975652E-08,5.334663E-10,0.6635063,0,0,9.334302E-16,1
7934f1476fe2c6e458c230f491769c34,7400034,Mankey,0.9166667,source,Hips,-0.055116266,0.7899878,0.6275494,-0.0744082,0.402253717,0.0107770264,0.9124358
7934f1476fe2c6e458c230f491769c34,7400034,Mankey,0.9166667,source,LeftUpperLeg,-0.122907788,0.7940178,0.701307833,-0.438819677,-0.196273819,0.6936266,0.5364663
7934f1476fe2c6e458c230f491769c34,7400034,Mankey,0.9166667,source,RightUpperLeg,0.0126753878,0.785957932,0.5537908,0.283314556,-0.125254467,-0.5998041,0.7377528
7934f1476fe2c6e458c230f491769c34,7400034,Mankey,0.9166667,source,LeftLowerLeg,-0.108265482,0.4524073,0.849722,-0.377008557,-0.2992655,0.578745246,0.6582998
7934f1476fe2c6e458c230f491769c34,7400034,Mankey,0.9166667,source,RightLowerLeg,0.105523437,0.429618567,0.49599576,0.31029135,-0.06010169,-0.762594759,0.5644079
7934f1476fe2c6e458c230f491769c34,7400034,Mankey,0.9166667,source,LeftFoot,-0.1608024,0.108758673,0.864465058,0.4955499,0.119379468,-0.8309192,-0.223052248
7934f1476fe2c6e458c230f491769c34,7400034,Mankey,0.9166667,source,RightFoot,0.0462576635,0.1171116,0.354932249,0.232683092,-0.2242927,-0.254350364,0.9115137
7934f1476fe2c6e458c230f491769c34,7400034,Mankey,0.9166667,source,Spine,-0.0629105046,0.886885345,0.6150914,-0.009507791,0.397848845,-0.03082381,0.9168837
7934f1476fe2c6e458c230f491769c34,7400034,Mankey,0.9166667,source,Chest,-0.0517163351,1.06567776,0.609838247,0.104415551,0.3630172,-0.0169476476,0.9257584
7934f1476fe2c6e458c230f491769c34,7400034,Mankey,0.9166667,source,Neck,-0.0292031225,1.26376975,0.647382855,0.332823753,0.282188952,-0.0693088248,0.897103
7934f1476fe2c6e458c230f491769c34,7400034,Mankey,0.9166667,source,Head,-0.00208047521,1.33056581,0.6958641,0.209392011,0.0225800518,-0.0204311442,0.9773576
7934f1476fe2c6e458c230f491769c34,7400034,Mankey,0.9166667,source,LeftShoulder,-0.05495555,1.21965194,0.660315,0.10451483,0.433876485,0.00163118658,0.8948885
7934f1476fe2c6e458c230f491769c34,7400034,Mankey,0.9166667,source,RightShoulder,-0.011320971,1.2222904,0.62025106,0.96567446,-0.05886098,-0.239436433,-0.08172392
7934f1476fe2c6e458c230f491769c34,7400034,Mankey,0.9166667,source,LeftUpperArm,-0.143493518,1.206359,0.770537257,0.0999317,0.4120859,0.4971387,0.7570021
7934f1476fe2c6e458c230f491769c34,7400034,Mankey,0.9166667,source,RightUpperArm,0.113414913,1.21169829,0.553216338,0.847860634,-0.505382061,0.09174613,0.131545588
7934f1476fe2c6e458c230f491769c34,7400034,Mankey,0.9166667,source,LeftLowerArm,-0.181121632,1.01716542,0.88938266,-0.534343839,0.7584592,0.353640825,0.118973106
7934f1476fe2c6e458c230f491769c34,7400034,Mankey,0.9166667,source,RightLowerArm,0.2204373,1.02300239,0.6185898,0.2447063,-0.2044918,0.774550557,0.546236
7934f1476fe2c6e458c230f491769c34,7400034,Mankey,0.9166667,source,LeftHand,-0.08641867,1.18887138,1.02137625,-0.461350858,0.831058264,0.306556553,-0.0502097234
7934f1476fe2c6e458c230f491769c34,7400034,Mankey,0.9166667,source,RightHand,0.153423578,1.19936073,0.761001945,0.06361631,-0.15129137,0.8589477,0.485049754
7934f1476fe2c6e458c230f491769c34,7400034,Mankey,0.9166667,source,LeftToes,-0.09950706,0.03553879,0.979801834,0.5097384,0.0006254582,-0.859966,-0.025000615
7934f1476fe2c6e458c230f491769c34,7400034,Mankey,0.9166667,source,RightToes,0.161554426,0.03205158,0.398434222,0.3360701,-0.201369911,0.0215147715,0.9198067
7934f1476fe2c6e458c230f491769c34,7400034,Mankey,0.9166667,source,LeftThumbProximal,-0.08751817,1.20527864,1.00851631,-0.3751595,0.6882864,-0.613313556,0.09676609
7934f1476fe2c6e458c230f491769c34,7400034,Mankey,0.9166667,source,LeftThumbIntermediate,-0.0563004166,1.23361218,0.993929744,-0.145963669,0.8004462,-0.526800156,0.2458918
7934f1476fe2c6e458c230f491769c34,7400034,Mankey,0.9166667,source,LeftThumbDistal,-0.031214565,1.24838972,1.00112307,0.5328559,0.6447605,-0.1135002,0.5361593
7934f1476fe2c6e458c230f491769c34,7400034,Mankey,0.9166667,source,LeftIndexProximal,-0.0599863641,1.26484406,1.02263546,0.212269247,0.936909437,0.102294073,-0.258222073
7934f1476fe2c6e458c230f491769c34,7400034,Mankey,0.9166667,source,LeftIndexIntermediate,-0.03604271,1.25420856,1.00637674,0.8458947,0.4564619,-0.134866387,-0.240657583
7934f1476fe2c6e458c230f491769c34,7400034,Mankey,0.9166667,source,LeftIndexDistal,-0.0482142977,1.2355777,1.00656533,0.8913768,-0.3524801,-0.280141652,-0.0522181243
7934f1476fe2c6e458c230f491769c34,7400034,Mankey,0.9166667,source,LeftMiddleProximal,-0.05151788,1.25642872,1.04045248,0.215685233,0.9250155,0.1343002,-0.282470942
7934f1476fe2c6e458c230f491769c34,7400034,Mankey,0.9166667,source,LeftMiddleIntermediate,-0.0269711614,1.24581516,1.02138615,0.833533764,0.45583427,-0.138372689,-0.279803932
7934f1476fe2c6e458c230f491769c34,7400034,Mankey,0.9166667,source,LeftMiddleDistal,-0.0389205962,1.22749424,1.02085209,0.877460837,-0.348379135,-0.320593446,-0.07690746
7934f1476fe2c6e458c230f491769c34,7400034,Mankey,0.9166667,source,LeftRingProximal,-0.044829905,1.24840868,1.05473518,0.303746074,0.864895642,0.161207676,-0.3656586
7934f1476fe2c6e458c230f491769c34,7400034,Mankey,0.9166667,source,LeftRingIntermediate,-0.027664829,1.23564517,1.03185809,0.827671945,0.38679406,-0.1728052,-0.368086755
7934f1476fe2c6e458c230f491769c34,7400034,Mankey,0.9166667,source,LeftRingDistal,-0.0399678946,1.22091532,1.03188312,0.843637466,-0.326363385,-0.401296765,-0.143957153
7934f1476fe2c6e458c230f491769c34,7400034,Mankey,0.9166667,source,LeftLittleProximal,-0.03760442,1.235591,1.06558812,0.278728366,0.854659259,0.193710148,-0.392867237
7934f1476fe2c6e458c230f491769c34,7400034,Mankey,0.9166667,source,LeftLittleIntermediate,-0.022895433,1.22669232,1.04419374,0.7738386,0.44889006,-0.147838682,-0.421681851
7934f1476fe2c6e458c230f491769c34,7400034,Mankey,0.9166667,source,LeftLittleDistal,-0.0334066264,1.21112525,1.04134846,0.865640163,-0.169937685,-0.406640142,-0.237554759
7934f1476fe2c6e458c230f491769c34,7400034,Mankey,0.9166667,source,RightThumbProximal,0.148957834,1.21332824,0.746144652,0.153777212,0.7301895,0.6017452,0.284744233
7934f1476fe2c6e458c230f491769c34,7400034,Mankey,0.9166667,source,RightThumbIntermediate,0.113691024,1.23863375,0.7358506,-0.3241547,-0.6328712,-0.6952103,-0.105267055
7934f1476fe2c6e458c230f491769c34,7400034,Mankey,0.9166667,source,RightThumbDistal,0.09066831,1.25532818,0.74537164,0.662497938,0.165518671,0.5830799,-0.440134764
7934f1476fe2c6e458c230f491769c34,7400034,Mankey,0.9166667,source,RightIndexProximal,0.123809911,1.274142,0.75936234,0.0122781191,0.08140153,-0.9823028,0.1682405
7934f1476fe2c6e458c230f491769c34,7400034,Mankey,0.9166667,source,RightIndexIntermediate,0.09473007,1.26401448,0.757773757,-0.0609862134,-0.041156508,0.5661938,-0.8209823
7934f1476fe2c6e458c230f491769c34,7400034,Mankey,0.9166667,source,RightIndexDistal,0.102644786,1.243435,0.7547333,0.07159257,-0.02599198,0.217073426,0.973179758
7934f1476fe2c6e458c230f491769c34,7400034,Mankey,0.9166667,source,RightMiddleProximal,0.122499332,1.26882136,0.7800977,0.07143431,0.103025675,-0.966298044,0.224836051
7934f1476fe2c6e458c230f491769c34,7400034,Mankey,0.9166667,source,RightMiddleIntermediate,0.09331096,1.25503767,0.77404207,-0.116388626,0.0001146176,0.483955055,-0.8673187
7934f1476fe2c6e458c230f491769c34,7400034,Mankey,0.9166667,source,RightMiddleDistal,0.104946949,1.23666823,0.77158314,0.08025558,-0.106343545,0.34564057,0.9288614
7934f1476fe2c6e458c230f491769c34,7400034,Mankey,0.9166667,source,RightRingProximal,0.121631086,1.26330292,0.796886146,0.110505581,0.1621503,-0.932826161,0.302210838
7934f1476fe2c6e458c230f491769c34,7400034,Mankey,0.9166667,source,RightRingIntermediate,0.09679716,1.24676526,0.78735894,-0.191665888,-0.0007680346,0.38799116,-0.901513755
7934f1476fe2c6e458c230f491769c34,7400034,Mankey,0.9166667,source,RightRingDistal,0.110207058,1.23334551,0.7844771,0.134846523,-0.166086644,0.448386341,0.8678604
7934f1476fe2c6e458c230f491769c34,7400034,Mankey,0.9166667,source,RightLittleProximal,0.119425923,1.2524631,0.811443865,0.21238,0.170746982,-0.9384009,0.2124723
7934f1476fe2c6e458c230f491769c34,7400034,Mankey,0.9166667,source,RightLittleIntermediate,0.0969347656,1.24351287,0.798513651,-0.270198524,0.0487176441,0.540969133,-0.7949668
7934f1476fe2c6e458c230f491769c34,7400034,Mankey,0.9166667,source,RightLittleDistal,0.104729258,1.226669,0.7944334,0.152208939,-0.2592144,0.248758659,0.9207389
7934f1476fe2c6e458c230f491769c34,7400034,Mankey,0.9166667,fighter,AnimatorRoot,0,0,0,0,0,0,1
7934f1476fe2c6e458c230f491769c34,7400034,Mankey,0.9166667,fighter,Hips,-0.0551162623,0.7899878,0.6275494,0.20690532,-0.29216674,-0.590068,0.723635733
7934f1476fe2c6e458c230f491769c34,7400034,Mankey,0.9166667,fighter,LeftUpperLeg,-0.13600044,0.7954868,0.717726648,0.525246561,0.6912719,0.207731783,0.450673819
7934f1476fe2c6e458c230f491769c34,7400034,Mankey,0.9166667,fighter,RightUpperLeg,0.02576791,0.784488738,0.5373721,0.5925086,0.759364665,0.248799741,0.101968765
7934f1476fe2c6e458c230f491769c34,7400034,Mankey,0.9166667,fighter,LeftLowerLeg,-0.1206239,0.4612255,0.8658811,0.6595834,0.5874129,0.313555777,0.3486818
7934f1476fe2c6e458c230f491769c34,7400034,Mankey,0.9166667,fighter,RightLowerLeg,0.127160311,0.436619967,0.486151129,0.78067565,0.552178144,0.284732163,0.0676215738
7934f1476fe2c6e458c230f491769c34,7400034,Mankey,0.9166667,fighter,LeftFoot,-0.160802439,0.108758412,0.864465,0.04769382,0.8957647,0.0102349669,0.441844463
7934f1476fe2c6e458c230f491769c34,7400034,Mankey,0.9166667,fighter,RightFoot,0.0462576747,0.117111742,0.3549324,0.08654152,0.957383335,0.0489985049,0.2711587
7934f1476fe2c6e458c230f491769c34,7400034,Mankey,0.9166667,fighter,Spine,-0.06374103,0.833713,0.6171471,0.2171726,-0.291581571,-0.6290801,0.687076747
7934f1476fe2c6e458c230f491769c34,7400034,Mankey,0.9166667,fighter,Chest,-0.0632161051,1.07213068,0.5954504,0.3265643,-0.23100616,-0.720757842,0.5661276
7934f1476fe2c6e458c230f491769c34,7400034,Mankey,0.9166667,fighter,Neck,-0.0376642272,1.35103452,0.638043761,0.432930946,-0.320305169,-0.663189232,0.5197652
7934f1476fe2c6e458c230f491769c34,7400034,Mankey,0.9166667,fighter,Head,-0.0250432231,1.494866,0.673938632,0.5721362,-0.382508636,-0.615149558,0.384628445
7934f1476fe2c6e458c230f491769c34,7400034,Mankey,0.9166667,fighter,LeftShoulder,0.007206822,1.29880178,0.727759659,0.6761588,0.102619007,-0.304893583,0.662811458
7934f1476fe2c6e458c230f491769c34,7400034,Mankey,0.9166667,fighter,RightShoulder,0.05124165,1.30101192,0.686871052,-0.197855338,-0.5678946,-0.71902585,0.348354846
7934f1476fe2c6e458c230f491769c34,7400034,Mankey,0.9166667,fighter,LeftUpperArm,-0.161110014,1.35513246,0.8441452,0.7366425,0.464828432,0.127635822,0.474343479
7934f1476fe2c6e458c230f491769c34,7400034,Mankey,0.9166667,fighter,RightUpperArm,0.1953593,1.35964155,0.5425033,0.294097543,0.6857506,0.5397728,0.389741927
7934f1476fe2c6e458c230f491769c34,7400034,Mankey,0.9166667,fighter,LeftLowerArm,-0.3119791,1.12798834,0.915434,-0.03653238,0.9029256,-0.352649331,0.242959648
7934f1476fe2c6e458c230f491769c34,7400034,Mankey,0.9166667,fighter,RightLowerArm,0.342826456,1.12737083,0.603675067,-0.392613,0.361707836,0.002006147,0.845587969
7934f1476fe2c6e458c230f491769c34,7400034,Mankey,0.9166667,fighter,LeftHand,-0.08641887,1.18887126,1.02137637,0.465431273,-0.7978247,-0.356649131,-0.140183091
7934f1476fe2c6e458c230f491769c34,7400034,Mankey,0.9166667,fighter,RightHand,0.153423324,1.19936049,0.7610018,0.198644444,0.2452072,-0.5144611,0.7973359
7934f1476fe2c6e458c230f491769c34,7400034,Mankey,0.9166667,fighter,LeftToes,0.0130864214,0.107294805,1.0849936,0.127769738,0.862209439,0.05848971,0.486671329
7934f1476fe2c6e458c230f491769c34,7400034,Mankey,0.9166667,fighter,RightToes,0.282297045,0.08783913,0.50426656,0.1566473,0.962077737,0.062252827,0.214459687
7934f1476fe2c6e458c230f491769c34,7400034,Mankey,0.9166667,fighter,LeftEye,-0.1435569,1.53853357,0.893798947,0.4275698,-0.341229171,-0.4840102,-0.682994366
7934f1476fe2c6e458c230f491769c34,7400034,Mankey,0.9166667,fighter,RightEye,0.118628778,1.53052545,0.8799618,0.27465,-0.469958663,-0.7008691,-0.460965633
7934f1476fe2c6e458c230f491769c34,7400034,Mankey,0.9166667,fighter,Jaw,-0.02303356,1.333765,0.8051896,0.674699545,0.135768414,-0.706541359,-0.1647639
7934f1476fe2c6e458c230f491769c34,7400034,Mankey,0.9166667,fighter,LeftThumbProximal,-0.05338283,1.25385094,1.01249242,0.222156376,-0.9328283,-0.262705624,0.107069165
7934f1476fe2c6e458c230f491769c34,7400034,Mankey,0.9166667,fighter,LeftThumbIntermediate,-0.0139345722,1.27499127,1.00876343,0.180752724,-0.91311264,-0.312767863,-0.189025462
7934f1476fe2c6e458c230f491769c34,7400034,Mankey,0.9166667,fighter,LeftThumbDistal,0.0195258111,1.28320336,1.02652729,-0.06339344,-0.442604959,-0.331369,-0.830829144
7934f1476fe2c6e458c230f491769c34,7400034,Mankey,0.9166667,fighter,LeftMiddleProximal,-0.0266349856,1.30459452,1.05405366,-0.263160616,-0.9236533,-0.1513349,0.233900189
7934f1476fe2c6e458c230f491769c34,7400034,Mankey,0.9166667,fighter,LeftMiddleIntermediate,0.01897784,1.279404,1.02301693,-0.8825491,-0.3795412,-0.0367867947,0.27514112
7934f1476fe2c6e458c230f491769c34,7400034,Mankey,0.9166667,fighter,LeftMiddleDistal,-0.0188506357,1.24474978,1.00841308,-0.8881828,0.400675654,0.149129212,0.1683793
7934f1476fe2c6e458c230f491769c34,7400034,Mankey,0.9166667,fighter,LeftRingProximal,-0.007983584,1.27569258,1.09719849,-0.332748383,-0.855637431,-0.232596666,0.32103315
7934f1476fe2c6e458c230f491769c34,7400034,Mankey,0.9166667,fighter,LeftRingIntermediate,0.022550039,1.25328553,1.059638,-0.864702165,-0.325184077,-0.0003324449,0.382812768
7934f1476fe2c6e458c230f491769c34,7400034,Mankey,0.9166667,fighter,LeftRingDistal,-0.0205823388,1.22253716,1.04598761,-0.859885454,0.351348251,0.2744021,0.248707518
7934f1476fe2c6e458c230f491769c34,7400034,Mankey,0.9166667,fighter,LeftLittleProximal,-0.004983723,1.22556186,1.13035381,-0.294362277,-0.855220437,-0.252080917,0.3440998
7934f1476fe2c6e458c230f491769c34,7400034,Mankey,0.9166667,fighter,LeftLittleIntermediate,0.0264810584,1.20795941,1.09104371,-0.824651659,-0.392986834,-0.04541646,0.4042877
7934f1476fe2c6e458c230f491769c34,7400034,Mankey,0.9166667,fighter,LeftLittleDistal,-0.0115271192,1.174132,1.06931937,-0.8923135,0.207282156,0.260943264,0.304499149
7934f1476fe2c6e458c230f491769c34,7400034,Mankey,0.9166667,fighter,RightThumbProximal,0.114929132,1.26150382,0.754001,-0.12040069,0.01583065,0.217244849,-0.968534231
7934f1476fe2c6e458c230f491769c34,7400034,Mankey,0.9166667,fighter,RightThumbIntermediate,0.07427995,1.28057444,0.754973233,0.1641165,0.254206657,-0.230243877,0.9248964
7934f1476fe2c6e458c230f491769c34,7400034,Mankey,0.9166667,fighter,RightThumbDistal,0.0446365252,1.29384959,0.776130259,-0.2661622,-0.844680846,0.09614453,-0.454344571
7934f1476fe2c6e458c230f491769c34,7400034,Mankey,0.9166667,fighter,RightMiddleProximal,0.100450538,1.31834626,0.793712735,-0.124562249,0.00853315,-0.296112329,-0.946958
7934f1476fe2c6e458c230f491769c34,7400034,Mankey,0.9166667,fighter,RightMiddleIntermediate,0.05044579,1.28446221,0.788258553,0.158001453,-0.0878515244,0.898089468,0.400941074
7934f1476fe2c6e458c230f491769c34,7400034,Mankey,0.9166667,fighter,RightMiddleDistal,0.08397343,1.24752927,0.7693633,-0.0738281,0.130194813,-0.90796,0.391418457
7934f1476fe2c6e458c230f491769c34,7400034,Mankey,0.9166667,fighter,RightRingProximal,0.0996063054,1.29708529,0.844624043,-0.23433055,0.0412344337,-0.3585004,-0.902700067
7934f1476fe2c6e458c230f491769c34,7400034,Mankey,0.9166667,fighter,RightRingIntermediate,0.06015828,1.26359224,0.8316913,0.155246049,-0.1779803,0.9204807,0.311348468
7934f1476fe2c6e458c230f491769c34,7400034,Mankey,0.9166667,fighter,RightRingDistal,0.101617537,1.23526132,0.8099953,0.04326901,0.204410911,-0.8534101,0.477531046
7934f1476fe2c6e458c230f491769c34,7400034,Mankey,0.9166667,fighter,RightLittleProximal,0.111516692,1.25335991,0.884216964,-0.213189542,0.136829823,-0.2530112,-0.9337097
7934f1476fe2c6e458c230f491769c34,7400034,Mankey,0.9166667,fighter,RightLittleIntermediate,0.06700273,1.2312696,0.864833355,0.137340173,-0.217009708,0.837689,0.4819985
7934f1476fe2c6e458c230f491769c34,7400034,Mankey,0.9166667,fighter,RightLittleDistal,0.0945345759,1.1898905,0.840529442,0.112662718,0.204968214,-0.927211,0.2925339
7934f1476fe2c6e458c230f491769c34,7400034,Mankey,0.9166667,fighter,UpperChest,-0.04581211,1.18762565,0.6204364,0.311863959,-0.25049746,-0.6848797,0.60904187
7934f1476fe2c6e458c230f491769c34,7400034,Mankey,0.933333337,source,AnimatorRoot,4.969651E-08,5.33455E-10,0.663492262,0,0,9.484856E-16,1
7934f1476fe2c6e458c230f491769c34,7400034,Mankey,0.933333337,source,Hips,-0.0538301542,0.7923881,0.626105964,-0.0735664,0.401076734,0.009982389,0.913031042
7934f1476fe2c6e458c230f491769c34,7400034,Mankey,0.933333337,source,LeftUpperLeg,-0.121814571,0.796477,0.699683368,-0.438089669,-0.198647857,0.690333247,0.5404225
7934f1476fe2c6e458c230f491769c34,7400034,Mankey,0.933333337,source,RightUpperLeg,0.014154397,0.7882993,0.5525284,0.2866298,-0.1295306,-0.604192436,0.732131541
7934f1476fe2c6e458c230f491769c34,7400034,Mankey,0.933333337,source,LeftLowerLeg,-0.1098711,0.4534791,0.8451091,-0.3811358,-0.296958119,0.58304894,0.6531504
7934f1476fe2c6e458c230f491769c34,7400034,Mankey,0.933333337,source,RightLowerLeg,0.102251448,0.430855,0.4941222,0.313116759,-0.06502757,-0.758851469,0.5673393
7934f1476fe2c6e458c230f491769c34,7400034,Mankey,0.933333337,source,LeftFoot,-0.159885854,0.109700665,0.8647772,0.497296929,0.123223141,-0.8281664,-0.227271214
7934f1476fe2c6e458c230f491769c34,7400034,Mankey,0.933333337,source,RightFoot,0.0465202034,0.117078915,0.354442358,0.230693355,-0.225497067,-0.255252779,0.9114702
7934f1476fe2c6e458c230f491769c34,7400034,Mankey,0.933333337,source,Spine,-0.0614000969,0.88931334,0.613724947,-0.00927013252,0.396498024,-0.03199754,0.917430937
7934f1476fe2c6e458c230f491769c34,7400034,Mankey,0.933333337,source,Chest,-0.0497823581,1.06807661,0.6084033,0.104309514,0.3606863,-0.01630282,0.9266925
7934f1476fe2c6e458c230f491769c34,7400034,Mankey,0.933333337,source,Neck,-0.0276234671,1.266187,0.646062,0.333500773,0.278031975,-0.0679054856,0.8982561
7934f1476fe2c6e458c230f491769c34,7400034,Mankey,0.933333337,source,Head,-0.000913651835,1.33293808,0.694833457,0.207371652,0.0184905473,-0.0215823632,0.977849245
7934f1476fe2c6e458c230f491769c34,7400034,Mankey,0.933333337,source,LeftShoulder,-0.053405825,1.22204816,0.6588622,0.104367822,0.431725055,0.00238593714,0.8959436
7934f1476fe2c6e458c230f491769c34,7400034,Mankey,0.933333337,source,RightShoulder,-0.009568665,1.22472215,0.619022369,0.966806233,-0.0582069121,-0.234999686,-0.08168787
7934f1476fe2c6e458c230f491769c34,7400034,Mankey,0.933333337,source,LeftUpperArm,-0.1424718,1.20864451,0.7686447,0.09888086,0.4131941,0.499080926,0.755256
7934f1476fe2c6e458c230f491769c34,7400034,Mankey,0.933333337,source,RightUpperArm,0.115786806,1.21418536,0.5531447,0.845940232,-0.508933067,0.09327276,0.129122421
7934f1476fe2c6e458c230f491769c34,7400034,Mankey,0.933333337,source,LeftLowerArm,-0.178808749,1.01932621,0.8876931,-0.5351702,0.7572123,0.355132371,0.118758321
7934f1476fe2c6e458c230f491769c34,7400034,Mankey,0.933333337,source,RightLowerArm,0.221048981,1.02455664,0.6186765,0.240942836,-0.206347734,0.7738903,0.548143268
7934f1476fe2c6e458c230f491769c34,7400034,Mankey,0.933333337,source,LeftHand,-0.0844995,1.190965,1.02005517,-0.461244971,0.8297931,0.310673773,-0.0466736481
7934f1476fe2c6e458c230f491769c34,7400034,Mankey,0.933333337,source,RightHand,0.154158086,1.20159459,0.760300636,0.05308539,-0.149113849,0.8633413,0.479154259
7934f1476fe2c6e458c230f491769c34,7400034,Mankey,0.933333337,source,LeftToes,-0.09967901,0.0349834375,0.9797262,0.5123327,0.00180186937,-0.8584384,-0.0243988167
7934f1476fe2c6e458c230f491769c34,7400034,Mankey,0.933333337,source,RightToes,0.161517009,0.0318262167,0.398359358,0.333991945,-0.202212781,0.0205953866,0.920399547
7934f1476fe2c6e458c230f491769c34,7400034,Mankey,0.933333337,source,LeftThumbProximal,-0.08554876,1.20751286,1.00737238,-0.373502135,0.6918164,-0.609993756,0.09896556
7934f1476fe2c6e458c230f491769c34,7400034,Mankey,0.933333337,source,LeftThumbIntermediate,-0.05425872,1.23595333,0.993153334,-0.143491715,0.803181231,-0.522774339,0.2470176
7934f1476fe2c6e458c230f491769c34,7400034,Mankey,0.933333337,source,LeftThumbDistal,-0.02916314,1.25061166,1.0005542,0.5363814,0.644438,-0.1099174,0.533772349
7934f1476fe2c6e458c230f491769c34,7400034,Mankey,0.933333337,source,LeftIndexProximal,-0.0579496622,1.26687717,1.02219009,0.211510658,0.9364136,0.1077906,-0.2584068
7934f1476fe2c6e458c230f491769c34,7400034,Mankey,0.933333337,source,LeftIndexIntermediate,-0.0339920931,1.2563808,1.00586164,0.845063567,0.4567426,-0.131394029,-0.244928479
7934f1476fe2c6e458c230f491769c34,7400034,Mankey,0.933333337,source,LeftIndexDistal,-0.0461934656,1.23776841,1.00582469,0.891063,-0.3516112,-0.281170875,-0.0576176345
7934f1476fe2c6e458c230f491769c34,7400034,Mankey,0.933333337,source,LeftMiddleProximal,-0.04952829,1.25825512,1.03993034,0.2147552,0.924366355,0.139754,-0.282659739
7934f1476fe2c6e458c230f491769c34,7400034,Mankey,0.933333337,source,LeftMiddleIntermediate,-0.0249622148,1.24781013,1.02079582,0.83249265,0.456180573,-0.134884179,-0.284010321
7934f1476fe2c6e458c230f491769c34,7400034,Mankey,0.933333337,source,LeftMiddleDistal,-0.03693964,1.22951543,1.02004027,0.8770546,-0.347256243,-0.321593344,-0.0822592452
7934f1476fe2c6e458c230f491769c34,7400034,Mankey,0.933333337,source,LeftRingProximal,-0.0428800732,1.25006974,1.05413759,0.302289218,0.8641093,0.1664835,-0.366359919
7934f1476fe2c6e458c230f491769c34,7400034,Mankey,0.933333337,source,LeftRingIntermediate,-0.0256918427,1.23752809,1.03115523,0.82612896,0.387416482,-0.169626921,-0.372352332
7934f1476fe2c6e458c230f491769c34,7400034,Mankey,0.933333337,source,LeftRingDistal,-0.0380181521,1.22281861,1.030997,0.8429611,-0.324711859,-0.402154356,-0.149167329
7934f1476fe2c6e458c230f491769c34,7400034,Mankey,0.933333337,source,LeftLittleProximal,-0.0356954448,1.23712349,1.064864,0.277085245,0.8537422,0.198927864,-0.393416047
7934f1476fe2c6e458c230f491769c34,7400034,Mankey,0.933333337,source,LeftLittleIntermediate,-0.0209600143,1.22843421,1.043402,0.77203083,0.449469358,-0.144331321,-0.4255756
7934f1476fe2c6e458c230f491769c34,7400034,Mankey,0.933333337,source,LeftLittleDistal,-0.0314903036,1.2129159,1.04036772,0.864584,-0.168188691,-0.406552166,-0.242739782
7934f1476fe2c6e458c230f491769c34,7400034,Mankey,0.933333337,source,RightThumbProximal,0.149808347,1.21529353,0.7451616,0.141990587,0.732775033,0.5994302,0.289072573
7934f1476fe2c6e458c230f491769c34,7400034,Mankey,0.933333337,source,RightThumbIntermediate,0.114452079,1.24003661,0.7338566,-0.313360542,-0.638766468,-0.694125056,-0.1094209
7934f1476fe2c6e458c230f491769c34,7400034,Mankey,0.933333337,source,RightThumbDistal,0.0910701,1.25659823,0.7427108,0.659349,0.1775772,0.585369945,-0.4371131
7934f1476fe2c6e458c230f491769c34,7400034,Mankey,0.933333337,source,RightIndexProximal,0.123733006,1.27599561,0.7570267,0.019585574,0.0727844,-0.981732666,0.174699813
7934f1476fe2c6e458c230f491769c34,7400034,Mankey,0.933333337,source,RightIndexIntermediate,0.09480411,1.26550925,0.7550565,-0.0599645,-0.0298671462,0.561173558,-0.8249828
7934f1476fe2c6e458c230f491769c34,7400034,Mankey,0.933333337,source,RightIndexDistal,0.10300646,1.24498117,0.752462447,0.06267405,-0.0329161361,0.22348617,0.97213316
7934f1476fe2c6e458c230f491769c34,7400034,Mankey,0.933333337,source,RightMiddleProximal,0.12210153,1.27095985,0.777810335,0.07805483,0.09434417,-0.965019643,0.231826961
7934f1476fe2c6e458c230f491769c34,7400034,Mankey,0.933333337,source,RightMiddleIntermediate,0.09318782,1.25675213,0.771425843,-0.114508927,0.0109091382,0.4778683,-0.8708679
7934f1476fe2c6e458c230f491769c34,7400034,Mankey,0.933333337,source,RightMiddleDistal,0.105074771,1.23848569,0.769448757,0.07094181,-0.111870736,0.3524512,0.926407337
7934f1476fe2c6e458c230f491769c34,7400034,Mankey,0.933333337,source,RightRingProximal,0.120987065,1.26567447,0.7946591,0.11591427,0.153222516,-0.9311783,0.30982852
7934f1476fe2c6e458c230f491769c34,7400034,Mankey,0.933333337,source,RightRingIntermediate,0.09652197,1.24871373,0.7849238,-0.1886472,0.0092102,0.381032974,-0.9050643
7934f1476fe2c6e458c230f491769c34,7400034,Mankey,0.933333337,source,RightRingDistal,0.110134013,1.23541057,0.782483757,0.1253732,-0.169989824,0.4557724,0.86467135
7934f1476fe2c6e458c230f491769c34,7400034,Mankey,0.933333337,source,RightLittleProximal,0.118637569,1.255021,0.8093314,0.218433976,0.163184792,-0.936397,0.220948711
7934f1476fe2c6e458c230f491769c34,7400034,Mankey,0.933333337,source,RightLittleIntermediate,0.09649118,1.24562454,0.7961256,-0.269632936,0.058376845,0.5335306,-0.799522042
7934f1476fe2c6e458c230f491769c34,7400034,Mankey,0.933333337,source,RightLittleDistal,0.104550064,1.22881508,0.7924353,0.144713134,-0.264945149,0.2573011,0.917964339
7934f1476fe2c6e458c230f491769c34,7400034,Mankey,0.933333337,fighter,AnimatorRoot,0,0,0,0,0,0,1
7934f1476fe2c6e458c230f491769c34,7400034,Mankey,0.933333337,fighter,Hips,-0.0538301542,0.792388,0.6261059,0.207715362,-0.2928991,-0.5908148,0.7224973
7934f1476fe2c6e458c230f491769c34,7400034,Mankey,0.933333337,fighter,LeftUpperLeg,-0.134915546,0.7979601,0.7160978,0.5291831,0.688166559,0.209523469,0.449991226
7934f1476fe2c6e458c230f491769c34,7400034,Mankey,0.933333337,fighter,RightUpperLeg,0.0272552222,0.786816,0.536114037,0.596689165,0.7544359,0.252076268,0.106047258
7934f1476fe2c6e458c230f491769c34,7400034,Mankey,0.933333337,fighter,LeftLowerLeg,-0.122126959,0.4624236,0.861591756,0.654950142,0.591419339,0.311455667,0.352504
7934f1476fe2c6e458c230f491769c34,7400034,Mankey,0.933333337,fighter,RightLowerLeg,0.124388069,0.437779158,0.484585017,0.777542,0.554742932,0.2872468,0.07195912
7934f1476fe2c6e458c230f491769c34,7400034,Mankey,0.933333337,fighter,LeftFoot,-0.159885854,0.109700687,0.864777267,0.0521392077,0.8941759,0.0139940977,0.444449633
7934f1476fe2c6e458c230f491769c34,7400034,Mankey,0.933333337,fighter,RightFoot,0.04652029,0.117079027,0.354442358,0.0874984041,0.957232654,0.046783,0.2717742
7934f1476fe2c6e458c230f491769c34,7400034,Mankey,0.933333337,fighter,Spine,-0.0623316839,0.8361452,0.6157364,0.217532992,-0.2928968,-0.6296023,0.6859241
7934f1476fe2c6e458c230f491769c34,7400034,Mankey,0.933333337,fighter,Chest,-0.0611450374,1.07455289,0.5939576,0.328462,-0.232274413,-0.71981734,0.565707
7934f1476fe2c6e458c230f491769c34,7400034,Mankey,0.933333337,fighter,Neck,-0.0359471478,1.35346282,0.636722147,0.4342736,-0.3228816,-0.661735654,0.5189031
7934f1476fe2c6e458c230f491769c34,7400034,Mankey,0.933333337,fighter,Head,-0.0234061684,1.49736047,0.6723785,0.5728439,-0.386384636,-0.6129151,0.3832657
7934f1476fe2c6e458c230f491769c34,7400034,Mankey,0.933333337,fighter,LeftShoulder,0.008503101,1.3012383,0.7266521,0.6769558,0.10133,-0.303034067,0.663049
7934f1476fe2c6e458c230f491769c34,7400034,Mankey,0.933333337,fighter,RightShoulder,0.0527398735,1.30347741,0.685983658,-0.194586217,-0.5691045,-0.7202078,0.345771074
7934f1476fe2c6e458c230f491769c34,7400034,Mankey,0.933333337,fighter,LeftUpperArm,-0.160405248,1.3574121,0.842254,0.7354175,0.467496783,0.128023729,0.473516762
7934f1476fe2c6e458c230f491769c34,7400034,Mankey,0.933333337,fighter,RightUpperArm,0.1981634,1.36218,0.5429614,0.295693427,0.6828912,0.5406784,0.392291129
7934f1476fe2c6e458c230f491769c34,7400034,Mankey,0.933333337,fighter,LeftLowerArm,-0.309816122,1.12943876,0.913965762,-0.03818377,0.903482735,-0.3505425,0.2436829
7934f1476fe2c6e458c230f491769c34,7400034,Mankey,0.933333337,fighter,RightLowerArm,0.3439762,1.12879312,0.6038497,-0.3917235,0.360592723,-0.000760804862,0.846478462
7934f1476fe2c6e458c230f491769c34,7400034,Mankey,0.933333337,fighter,LeftHand,-0.084499754,1.190965,1.02005517,0.464364,-0.796111465,-0.360429883,-0.143746674
7934f1476fe2c6e458c230f491769c34,7400034,Mankey,0.933333337,fighter,RightHand,0.15415813,1.20159435,0.7603004,0.1961375,0.235283285,-0.5098029,0.8039112
7934f1476fe2c6e458c230f491769c34,7400034,Mankey,0.933333337,fighter,LeftToes,0.0125869419,0.1050881,1.086372,0.126974091,0.8608258,0.0599547029,0.489144444
7934f1476fe2c6e458c230f491769c34,7400034,Mankey,0.933333337,fighter,RightToes,0.282351017,0.0876406059,0.504073262,0.157714337,0.961864948,0.0601442829,0.215231746
7934f1476fe2c6e458c230f491769c34,7400034,Mankey,0.933333337,fighter,LeftEye,-0.1433832,1.54244661,0.891156,0.430205017,-0.34056282,-0.480350018,-0.6842549
7934f1476fe2c6e458c230f491769c34,7400034,Mankey,0.933333337,fighter,RightEye,0.118865222,1.53337288,0.879310131,0.277361333,-0.470297754,-0.6979222,-0.4634602
7934f1476fe2c6e458c230f491769c34,7400034,Mankey,0.933333337,fighter,Jaw,-0.0229965616,1.33683062,0.804341853,0.6779462,0.13353616,-0.7039994,-0.164141208
7934f1476fe2c6e458c230f491769c34,7400034,Mankey,0.933333337,fighter,LeftThumbProximal,-0.0513443239,1.25598454,1.01194036,0.22239387,-0.9316247,-0.267558157,0.105023533
7934f1476fe2c6e458c230f491769c34,7400034,Mankey,0.933333337,fighter,LeftThumbIntermediate,-0.0118666319,1.27711821,1.00849652,0.179531425,-0.9113806,-0.3173644,-0.19087705
7934f1476fe2c6e458c230f491769c34,7400034,Mankey,0.933333337,fighter,LeftThumbDistal,0.02157335,1.28510678,1.02640033,-0.06775953,-0.4401391,-0.3333374,-0.831007063
7934f1476fe2c6e458c230f491769c34,7400034,Mankey,0.933333337,fighter,LeftMiddleProximal,-0.024595188,1.30623043,1.05410087,-0.262413323,-0.9228447,-0.156807691,0.234326273
7934f1476fe2c6e458c230f491769c34,7400034,Mankey,0.933333337,fighter,LeftMiddleIntermediate,0.0210410655,1.28131282,1.02287889,-0.8812783,-0.379074454,-0.0396269932,0.279430658
7934f1476fe2c6e458c230f491769c34,7400034,Mankey,0.933333337,fighter,LeftMiddleDistal,-0.0168019719,1.24685538,1.00785315,-0.8871867,0.400247127,0.150421962,0.173424363
7934f1476fe2c6e458c230f491769c34,7400034,Mankey,0.933333337,fighter,LeftRingProximal,-0.00607120851,1.27683139,1.09696388,-0.331472933,-0.8544106,-0.237800866,0.32180655
7934f1476fe2c6e458c230f491769c34,7400034,Mankey,0.933333337,fighter,LeftRingIntermediate,0.0244997982,1.25478208,1.0592227,-0.862874866,-0.325008869,-0.00294817984,0.3870502
7934f1476fe2c6e458c230f491769c34,7400034,Mankey,0.933333337,fighter,LeftRingDistal,-0.0186441373,1.22422612,1.045182,-0.858604968,0.350188255,0.275389165,0.253627717
7934f1476fe2c6e458c230f491769c34,7400034,Mankey,0.933333337,fighter,LeftLittleProximal,-0.00321341585,1.22633862,1.12957776,-0.292960376,-0.853927851,-0.257260859,0.344672054
7934f1476fe2c6e458c230f491769c34,7400034,Mankey,0.933333337,fighter,LeftLittleIntermediate,0.02829722,1.20911026,1.09013891,-0.8227318,-0.392618656,-0.04838489,0.408194035
7934f1476fe2c6e458c230f491769c34,7400034,Mankey,0.933333337,fighter,LeftLittleDistal,-0.00971221,1.17555344,1.06800056,-0.8908273,0.20617865,0.261079967,0.309443563
7934f1476fe2c6e458c230f491769c34,7400034,Mankey,0.933333337,fighter,RightThumbProximal,0.115096591,1.263179,0.751689732,-0.115428016,0.0259265453,0.209806472,-0.970559657
7934f1476fe2c6e458c230f491769c34,7400034,Mankey,0.933333337,fighter,RightThumbIntermediate,0.07420009,1.28173828,0.7516048,0.157857776,0.244684279,-0.224701434,0.9299035
7934f1476fe2c6e458c230f491769c34,7400034,Mankey,0.933333337,fighter,RightThumbDistal,0.0439927578,1.29494321,0.7719944,-0.2583683,-0.841232061,0.096974,-0.464942336
7934f1476fe2c6e458c230f491769c34,7400034,Mankey,0.933333337,fighter,RightMiddleProximal,0.09924559,1.32041633,0.790294349,-0.1149589,0.0144763887,-0.303350031,-0.9458086
7934f1476fe2c6e458c230f491769c34,7400034,Mankey,0.933333337,fighter,RightMiddleIntermediate,0.0497838631,1.28581643,0.784403563,0.146993,-0.08398336,0.9027097,0.395544648
7934f1476fe2c6e458c230f491769c34,7400034,Mankey,0.933333337,fighter,RightMiddleDistal,0.08412817,1.24904168,0.7667043,-0.0688979,0.11922428,-0.9070652,0.397833824
7934f1476fe2c6e458c230f491769c34,7400034,Mankey,0.933333337,fighter,RightRingProximal,0.09770594,1.299884,0.8414877,-0.224619955,0.0455840975,-0.366749257,-0.9016448
7934f1476fe2c6e458c230f491769c34,7400034,Mankey,0.933333337,fighter,RightRingIntermediate,0.05893634,1.26569939,0.828314841,0.145267114,-0.1731059,0.925173163,0.304937571
7934f1476fe2c6e458c230f491769c34,7400034,Mankey,0.933333337,fighter,RightRingDistal,0.101155952,1.23758566,0.8078367,0.04655774,0.193768039,-0.8514085,0.485170633
7934f1476fe2c6e458c230f491769c34,7400034,Mankey,0.933333337,fighter,RightLittleProximal,0.109381028,1.25687563,0.881927,-0.204729736,0.142451808,-0.261975229,-0.9322891
7934f1476fe2c6e458c230f491769c34,7400034,Mankey,0.933333337,fighter,RightLittleIntermediate,0.06552705,1.23393154,0.862037539,0.127134,-0.214458257,0.843598,0.475592017
7934f1476fe2c6e458c230f491769c34,7400034,Mankey,0.933333337,fighter,RightLittleDistal,0.0940364,1.19255435,0.838884652,0.11799711,0.1959632,-0.925722659,0.301186621
7934f1476fe2c6e458c230f491769c34,7400034,Mankey,0.933333337,fighter,UpperChest,-0.0439243056,1.19005275,0.619048357,0.313680768,-0.251879156,-0.683966756,0.6085648
7934f1476fe2c6e458c230f491769c34,7400034,Mankey,0.9333334,source,AnimatorRoot,4.969651E-08,5.33455E-10,0.663492262,0,0,9.63541E-16,1
7934f1476fe2c6e458c230f491769c34,7400034,Mankey,0.9333334,source,Hips,-0.0538301542,0.7923881,0.626105964,-0.0735664,0.401076734,0.009982389,0.913031042
7934f1476fe2c6e458c230f491769c34,7400034,Mankey,0.9333334,source,LeftUpperLeg,-0.121814571,0.796477,0.699683368,-0.438089669,-0.198647857,0.690333247,0.5404225
7934f1476fe2c6e458c230f491769c34,7400034,Mankey,0.9333334,source,RightUpperLeg,0.014154397,0.7882993,0.5525284,0.2866298,-0.1295306,-0.604192436,0.732131541
7934f1476fe2c6e458c230f491769c34,7400034,Mankey,0.9333334,source,LeftLowerLeg,-0.1098711,0.4534791,0.8451091,-0.3811358,-0.296958119,0.58304894,0.6531504
7934f1476fe2c6e458c230f491769c34,7400034,Mankey,0.9333334,source,RightLowerLeg,0.102251448,0.430855,0.4941222,0.313116759,-0.06502757,-0.758851469,0.5673393
7934f1476fe2c6e458c230f491769c34,7400034,Mankey,0.9333334,source,LeftFoot,-0.159885854,0.109700665,0.8647772,0.497296929,0.123223141,-0.8281664,-0.227271214
7934f1476fe2c6e458c230f491769c34,7400034,Mankey,0.9333334,source,RightFoot,0.0465202034,0.117078915,0.354442358,0.230693355,-0.225497067,-0.255252779,0.9114702
7934f1476fe2c6e458c230f491769c34,7400034,Mankey,0.9333334,source,Spine,-0.0614000969,0.88931334,0.613724947,-0.00927013252,0.396498024,-0.03199754,0.917430937
7934f1476fe2c6e458c230f491769c34,7400034,Mankey,0.9333334,source,Chest,-0.0497823581,1.06807661,0.6084033,0.104309514,0.3606863,-0.01630282,0.9266925
7934f1476fe2c6e458c230f491769c34,7400034,Mankey,0.9333334,source,Neck,-0.0276234671,1.266187,0.646062,0.333500773,0.278031975,-0.0679054856,0.8982561
7934f1476fe2c6e458c230f491769c34,7400034,Mankey,0.9333334,source,Head,-0.000913651835,1.33293808,0.694833457,0.207371652,0.0184905473,-0.0215823632,0.977849245
7934f1476fe2c6e458c230f491769c34,7400034,Mankey,0.9333334,source,LeftShoulder,-0.053405825,1.22204816,0.6588622,0.104367822,0.431725055,0.00238593714,0.8959436
7934f1476fe2c6e458c230f491769c34,7400034,Mankey,0.9333334,source,RightShoulder,-0.009568665,1.22472215,0.619022369,0.966806233,-0.0582069121,-0.234999686,-0.08168787
7934f1476fe2c6e458c230f491769c34,7400034,Mankey,0.9333334,source,LeftUpperArm,-0.1424718,1.20864451,0.7686447,0.09888086,0.4131941,0.499080926,0.755256
7934f1476fe2c6e458c230f491769c34,7400034,Mankey,0.9333334,source,RightUpperArm,0.115786806,1.21418536,0.5531447,0.845940232,-0.508933067,0.09327276,0.129122421
7934f1476fe2c6e458c230f491769c34,7400034,Mankey,0.9333334,source,LeftLowerArm,-0.178808749,1.01932621,0.8876931,-0.5351702,0.7572123,0.355132371,0.118758321
7934f1476fe2c6e458c230f491769c34,7400034,Mankey,0.9333334,source,RightLowerArm,0.221048981,1.02455664,0.6186765,0.240942836,-0.206347734,0.7738903,0.548143268
7934f1476fe2c6e458c230f491769c34,7400034,Mankey,0.9333334,source,LeftHand,-0.0844995,1.190965,1.02005517,-0.461244971,0.8297931,0.310673773,-0.0466736481
7934f1476fe2c6e458c230f491769c34,7400034,Mankey,0.9333334,source,RightHand,0.154158086,1.20159459,0.760300636,0.05308539,-0.149113849,0.8633413,0.479154259
7934f1476fe2c6e458c230f491769c34,7400034,Mankey,0.9333334,source,LeftToes,-0.09967901,0.0349834375,0.9797262,0.5123327,0.00180186937,-0.8584384,-0.0243988167
7934f1476fe2c6e458c230f491769c34,7400034,Mankey,0.9333334,source,RightToes,0.161517009,0.0318262167,0.398359358,0.333991945,-0.202212781,0.0205953866,0.920399547
7934f1476fe2c6e458c230f491769c34,7400034,Mankey,0.9333334,source,LeftThumbProximal,-0.08554876,1.20751286,1.00737238,-0.373502135,0.6918164,-0.609993756,0.09896556
7934f1476fe2c6e458c230f491769c34,7400034,Mankey,0.9333334,source,LeftThumbIntermediate,-0.05425872,1.23595333,0.993153334,-0.143491715,0.803181231,-0.522774339,0.2470176
7934f1476fe2c6e458c230f491769c34,7400034,Mankey,0.9333334,source,LeftThumbDistal,-0.02916314,1.25061166,1.0005542,0.5363814,0.644438,-0.1099174,0.533772349
7934f1476fe2c6e458c230f491769c34,7400034,Mankey,0.9333334,source,LeftIndexProximal,-0.0579496622,1.26687717,1.02219009,0.211510658,0.9364136,0.1077906,-0.2584068
7934f1476fe2c6e458c230f491769c34,7400034,Mankey,0.9333334,source,LeftIndexIntermediate,-0.0339920931,1.2563808,1.00586164,0.845063567,0.4567426,-0.131394029,-0.244928479
7934f1476fe2c6e458c230f491769c34,7400034,Mankey,0.9333334,source,LeftIndexDistal,-0.0461934656,1.23776841,1.00582469,0.891063,-0.3516112,-0.281170875,-0.0576176345
7934f1476fe2c6e458c230f491769c34,7400034,Mankey,0.9333334,source,LeftMiddleProximal,-0.04952829,1.25825512,1.03993034,0.2147552,0.924366355,0.139754,-0.282659739
7934f1476fe2c6e458c230f491769c34,7400034,Mankey,0.9333334,source,LeftMiddleIntermediate,-0.0249622148,1.24781013,1.02079582,0.83249265,0.456180573,-0.134884179,-0.284010321
7934f1476fe2c6e458c230f491769c34,7400034,Mankey,0.9333334,source,LeftMiddleDistal,-0.03693964,1.22951543,1.02004027,0.8770546,-0.347256243,-0.321593344,-0.0822592452
7934f1476fe2c6e458c230f491769c34,7400034,Mankey,0.9333334,source,LeftRingProximal,-0.0428800732,1.25006974,1.05413759,0.302289218,0.8641093,0.1664835,-0.366359919
7934f1476fe2c6e458c230f491769c34,7400034,Mankey,0.9333334,source,LeftRingIntermediate,-0.0256918427,1.23752809,1.03115523,0.82612896,0.387416482,-0.169626921,-0.372352332
7934f1476fe2c6e458c230f491769c34,7400034,Mankey,0.9333334,source,LeftRingDistal,-0.0380181521,1.22281861,1.030997,0.8429611,-0.324711859,-0.402154356,-0.149167329
7934f1476fe2c6e458c230f491769c34,7400034,Mankey,0.9333334,source,LeftLittleProximal,-0.0356954448,1.23712349,1.064864,0.277085245,0.8537422,0.198927864,-0.393416047
7934f1476fe2c6e458c230f491769c34,7400034,Mankey,0.9333334,source,LeftLittleIntermediate,-0.0209600143,1.22843421,1.043402,0.77203083,0.449469358,-0.144331321,-0.4255756
7934f1476fe2c6e458c230f491769c34,7400034,Mankey,0.9333334,source,LeftLittleDistal,-0.0314903036,1.2129159,1.04036772,0.864584,-0.168188691,-0.406552166,-0.242739782
7934f1476fe2c6e458c230f491769c34,7400034,Mankey,0.9333334,source,RightThumbProximal,0.149808347,1.21529353,0.7451616,0.141990587,0.732775033,0.5994302,0.289072573
7934f1476fe2c6e458c230f491769c34,7400034,Mankey,0.9333334,source,RightThumbIntermediate,0.114452079,1.24003661,0.7338566,-0.313360542,-0.638766468,-0.694125056,-0.1094209
7934f1476fe2c6e458c230f491769c34,7400034,Mankey,0.9333334,source,RightThumbDistal,0.0910701,1.25659823,0.7427108,0.659349,0.1775772,0.585369945,-0.4371131
7934f1476fe2c6e458c230f491769c34,7400034,Mankey,0.9333334,source,RightIndexProximal,0.123733006,1.27599561,0.7570267,0.019585574,0.0727844,-0.981732666,0.174699813
7934f1476fe2c6e458c230f491769c34,7400034,Mankey,0.9333334,source,RightIndexIntermediate,0.09480411,1.26550925,0.7550565,-0.0599645,-0.0298671462,0.561173558,-0.8249828
7934f1476fe2c6e458c230f491769c34,7400034,Mankey,0.9333334,source,RightIndexDistal,0.10300646,1.24498117,0.752462447,0.06267405,-0.0329161361,0.22348617,0.97213316
7934f1476fe2c6e458c230f491769c34,7400034,Mankey,0.9333334,source,RightMiddleProximal,0.12210153,1.27095985,0.777810335,0.07805483,0.09434417,-0.965019643,0.231826961
7934f1476fe2c6e458c230f491769c34,7400034,Mankey,0.9333334,source,RightMiddleIntermediate,0.09318782,1.25675213,0.771425843,-0.114508927,0.0109091382,0.4778683,-0.8708679
7934f1476fe2c6e458c230f491769c34,7400034,Mankey,0.9333334,source,RightMiddleDistal,0.105074771,1.23848569,0.769448757,0.07094181,-0.111870736,0.3524512,0.926407337
7934f1476fe2c6e458c230f491769c34,7400034,Mankey,0.9333334,source,RightRingProximal,0.120987065,1.26567447,0.7946591,0.11591427,0.153222516,-0.9311783,0.30982852
7934f1476fe2c6e458c230f491769c34,7400034,Mankey,0.9333334,source,RightRingIntermediate,0.09652197,1.24871373,0.7849238,-0.1886472,0.0092102,0.381032974,-0.9050643
7934f1476fe2c6e458c230f491769c34,7400034,Mankey,0.9333334,source,RightRingDistal,0.110134013,1.23541057,0.782483757,0.1253732,-0.169989824,0.4557724,0.86467135
7934f1476fe2c6e458c230f491769c34,7400034,Mankey,0.9333334,source,RightLittleProximal,0.118637569,1.255021,0.8093314,0.218433976,0.163184792,-0.936397,0.220948711
7934f1476fe2c6e458c230f491769c34,7400034,Mankey,0.9333334,source,RightLittleIntermediate,0.09649118,1.24562454,0.7961256,-0.269632936,0.058376845,0.5335306,-0.799522042
7934f1476fe2c6e458c230f491769c34,7400034,Mankey,0.9333334,source,RightLittleDistal,0.104550064,1.22881508,0.7924353,0.144713134,-0.264945149,0.2573011,0.917964339
7934f1476fe2c6e458c230f491769c34,7400034,Mankey,0.9333334,fighter,AnimatorRoot,0,0,0,0,0,0,1
7934f1476fe2c6e458c230f491769c34,7400034,Mankey,0.9333334,fighter,Hips,-0.0538301542,0.792388,0.6261059,0.207715362,-0.2928991,-0.5908148,0.7224973
7934f1476fe2c6e458c230f491769c34,7400034,Mankey,0.9333334,fighter,LeftUpperLeg,-0.134915546,0.7979601,0.7160978,0.5291831,0.688166559,0.209523469,0.449991226
7934f1476fe2c6e458c230f491769c34,7400034,Mankey,0.9333334,fighter,RightUpperLeg,0.0272552222,0.786816,0.536114037,0.596689165,0.7544359,0.252076268,0.106047258
7934f1476fe2c6e458c230f491769c34,7400034,Mankey,0.9333334,fighter,LeftLowerLeg,-0.122126959,0.4624236,0.861591756,0.654950142,0.591419339,0.311455667,0.352504
7934f1476fe2c6e458c230f491769c34,7400034,Mankey,0.9333334,fighter,RightLowerLeg,0.124388069,0.437779158,0.484585017,0.777542,0.554742932,0.2872468,0.07195912
7934f1476fe2c6e458c230f491769c34,7400034,Mankey,0.9333334,fighter,LeftFoot,-0.159885854,0.109700687,0.864777267,0.0521392077,0.8941759,0.0139940977,0.444449633
7934f1476fe2c6e458c230f491769c34,7400034,Mankey,0.9333334,fighter,RightFoot,0.04652029,0.117079027,0.354442358,0.0874984041,0.957232654,0.046783,0.2717742
7934f1476fe2c6e458c230f491769c34,7400034,Mankey,0.9333334,fighter,Spine,-0.0623316839,0.8361452,0.6157364,0.217532992,-0.2928968,-0.6296023,0.6859241
7934f1476fe2c6e458c230f491769c34,7400034,Mankey,0.9333334,fighter,Chest,-0.0611450374,1.07455289,0.5939576,0.328462,-0.232274413,-0.71981734,0.565707
7934f1476fe2c6e458c230f491769c34,7400034,Mankey,0.9333334,fighter,Neck,-0.0359471478,1.35346282,0.636722147,0.4342736,-0.3228816,-0.661735654,0.5189031
7934f1476fe2c6e458c230f491769c34,7400034,Mankey,0.9333334,fighter,Head,-0.0234061684,1.49736047,0.6723785,0.5728439,-0.386384636,-0.6129151,0.3832657
7934f1476fe2c6e458c230f491769c34,7400034,Mankey,0.9333334,fighter,LeftShoulder,0.008503101,1.3012383,0.7266521,0.6769558,0.10133,-0.303034067,0.663049
7934f1476fe2c6e458c230f491769c34,7400034,Mankey,0.9333334,fighter,RightShoulder,0.0527398735,1.30347741,0.685983658,-0.194586217,-0.5691045,-0.7202078,0.345771074
7934f1476fe2c6e458c230f491769c34,7400034,Mankey,0.9333334,fighter,LeftUpperArm,-0.160405248,1.3574121,0.842254,0.7354175,0.467496783,0.128023729,0.473516762
7934f1476fe2c6e458c230f491769c34,7400034,Mankey,0.9333334,fighter,RightUpperArm,0.1981634,1.36218,0.5429614,0.295693427,0.6828912,0.5406784,0.392291129
7934f1476fe2c6e458c230f491769c34,7400034,Mankey,0.9333334,fighter,LeftLowerArm,-0.309816122,1.12943876,0.913965762,-0.03818377,0.903482735,-0.3505425,0.2436829
7934f1476fe2c6e458c230f491769c34,7400034,Mankey,0.9333334,fighter,RightLowerArm,0.3439762,1.12879312,0.6038497,-0.3917235,0.360592723,-0.000760804862,0.846478462
7934f1476fe2c6e458c230f491769c34,7400034,Mankey,0.9333334,fighter,LeftHand,-0.084499754,1.190965,1.02005517,0.464364,-0.796111465,-0.360429883,-0.143746674
7934f1476fe2c6e458c230f491769c34,7400034,Mankey,0.9333334,fighter,RightHand,0.15415813,1.20159435,0.7603004,0.1961375,0.235283285,-0.5098029,0.8039112
7934f1476fe2c6e458c230f491769c34,7400034,Mankey,0.9333334,fighter,LeftToes,0.0125869419,0.1050881,1.086372,0.126974091,0.8608258,0.0599547029,0.489144444
7934f1476fe2c6e458c230f491769c34,7400034,Mankey,0.9333334,fighter,RightToes,0.282351017,0.0876406059,0.504073262,0.157714337,0.961864948,0.0601442829,0.215231746
7934f1476fe2c6e458c230f491769c34,7400034,Mankey,0.9333334,fighter,LeftEye,-0.1433832,1.54244661,0.891156,0.430205017,-0.34056282,-0.480350018,-0.6842549
7934f1476fe2c6e458c230f491769c34,7400034,Mankey,0.9333334,fighter,RightEye,0.118865222,1.53337288,0.879310131,0.277361333,-0.470297754,-0.6979222,-0.4634602
7934f1476fe2c6e458c230f491769c34,7400034,Mankey,0.9333334,fighter,Jaw,-0.0229965616,1.33683062,0.804341853,0.6779462,0.13353616,-0.7039994,-0.164141208
7934f1476fe2c6e458c230f491769c34,7400034,Mankey,0.9333334,fighter,LeftThumbProximal,-0.0513443239,1.25598454,1.01194036,0.22239387,-0.9316247,-0.267558157,0.105023533
7934f1476fe2c6e458c230f491769c34,7400034,Mankey,0.9333334,fighter,LeftThumbIntermediate,-0.0118666319,1.27711821,1.00849652,0.179531425,-0.9113806,-0.3173644,-0.19087705
7934f1476fe2c6e458c230f491769c34,7400034,Mankey,0.9333334,fighter,LeftThumbDistal,0.02157335,1.28510678,1.02640033,-0.06775953,-0.4401391,-0.3333374,-0.831007063
7934f1476fe2c6e458c230f491769c34,7400034,Mankey,0.9333334,fighter,LeftMiddleProximal,-0.024595188,1.30623043,1.05410087,-0.262413323,-0.9228447,-0.156807691,0.234326273
7934f1476fe2c6e458c230f491769c34,7400034,Mankey,0.9333334,fighter,LeftMiddleIntermediate,0.0210410655,1.28131282,1.02287889,-0.8812783,-0.379074454,-0.0396269932,0.279430658
7934f1476fe2c6e458c230f491769c34,7400034,Mankey,0.9333334,fighter,LeftMiddleDistal,-0.0168019719,1.24685538,1.00785315,-0.8871867,0.400247127,0.150421962,0.173424363
7934f1476fe2c6e458c230f491769c34,7400034,Mankey,0.9333334,fighter,LeftRingProximal,-0.00607120851,1.27683139,1.09696388,-0.331472933,-0.8544106,-0.237800866,0.32180655
7934f1476fe2c6e458c230f491769c34,7400034,Mankey,0.9333334,fighter,LeftRingIntermediate,0.0244997982,1.25478208,1.0592227,-0.862874866,-0.325008869,-0.00294817984,0.3870502
7934f1476fe2c6e458c230f491769c34,7400034,Mankey,0.9333334,fighter,LeftRingDistal,-0.0186441373,1.22422612,1.045182,-0.858604968,0.350188255,0.275389165,0.253627717
7934f1476fe2c6e458c230f491769c34,7400034,Mankey,0.9333334,fighter,LeftLittleProximal,-0.00321341585,1.22633862,1.12957776,-0.292960376,-0.853927851,-0.257260859,0.344672054
7934f1476fe2c6e458c230f491769c34,7400034,Mankey,0.9333334,fighter,LeftLittleIntermediate,0.02829722,1.20911026,1.09013891,-0.8227318,-0.392618656,-0.04838489,0.408194035
7934f1476fe2c6e458c230f491769c34,7400034,Mankey,0.9333334,fighter,LeftLittleDistal,-0.00971221,1.17555344,1.06800056,-0.8908273,0.20617865,0.261079967,0.309443563
7934f1476fe2c6e458c230f491769c34,7400034,Mankey,0.9333334,fighter,RightThumbProximal,0.115096591,1.263179,0.751689732,-0.115428016,0.0259265453,0.209806472,-0.970559657
7934f1476fe2c6e458c230f491769c34,7400034,Mankey,0.9333334,fighter,RightThumbIntermediate,0.07420009,1.28173828,0.7516048,0.157857776,0.244684279,-0.224701434,0.9299035
7934f1476fe2c6e458c230f491769c34,7400034,Mankey,0.9333334,fighter,RightThumbDistal,0.0439927578,1.29494321,0.7719944,-0.2583683,-0.841232061,0.096974,-0.464942336
7934f1476fe2c6e458c230f491769c34,7400034,Mankey,0.9333334,fighter,RightMiddleProximal,0.09924559,1.32041633,0.790294349,-0.1149589,0.0144763887,-0.303350031,-0.9458086
7934f1476fe2c6e458c230f491769c34,7400034,Mankey,0.9333334,fighter,RightMiddleIntermediate,0.0497838631,1.28581643,0.784403563,0.146993,-0.08398336,0.9027097,0.395544648
7934f1476fe2c6e458c230f491769c34,7400034,Mankey,0.9333334,fighter,RightMiddleDistal,0.08412817,1.24904168,0.7667043,-0.0688979,0.11922428,-0.9070652,0.397833824
7934f1476fe2c6e458c230f491769c34,7400034,Mankey,0.9333334,fighter,RightRingProximal,0.09770594,1.299884,0.8414877,-0.224619955,0.0455840975,-0.366749257,-0.9016448
7934f1476fe2c6e458c230f491769c34,7400034,Mankey,0.9333334,fighter,RightRingIntermediate,0.05893634,1.26569939,0.828314841,0.145267114,-0.1731059,0.925173163,0.304937571
7934f1476fe2c6e458c230f491769c34,7400034,Mankey,0.9333334,fighter,RightRingDistal,0.101155952,1.23758566,0.8078367,0.04655774,0.193768039,-0.8514085,0.485170633
7934f1476fe2c6e458c230f491769c34,7400034,Mankey,0.9333334,fighter,RightLittleProximal,0.109381028,1.25687563,0.881927,-0.204729736,0.142451808,-0.261975229,-0.9322891
7934f1476fe2c6e458c230f491769c34,7400034,Mankey,0.9333334,fighter,RightLittleIntermediate,0.06552705,1.23393154,0.862037539,0.127134,-0.214458257,0.843598,0.475592017
7934f1476fe2c6e458c230f491769c34,7400034,Mankey,0.9333334,fighter,RightLittleDistal,0.0940364,1.19255435,0.838884652,0.11799711,0.1959632,-0.925722659,0.301186621
7934f1476fe2c6e458c230f491769c34,7400034,Mankey,0.9333334,fighter,UpperChest,-0.0439243056,1.19005275,0.619048357,0.313680768,-0.251879156,-0.683966756,0.6085648
