guid,localId,fighter,seconds,role,bone,x,y,z,qx,qy,qz,qw
7934f1476fe2c6e458c230f491769c34,7400006,Mankey,0,source,AnimatorRoot,0,0,0,0,0,0,1
7934f1476fe2c6e458c230f491769c34,7400006,Mankey,0,source,Hips,-0.0538301952,0.7923881,-0.0373862647,-0.0731904358,0.402775615,0.0112158926,0.9122988
7934f1476fe2c6e458c230f491769c34,7400006,Mankey,0,source,LeftUpperLeg,-0.121535532,0.796247542,0.03646037,-0.437638,-0.1976534,0.690947831,0.5403677
7934f1476fe2c6e458c230f491769c34,7400006,Mankey,0,source,RightUpperLeg,0.0138752647,0.7885288,-0.111233093,0.285773873,-0.128478855,-0.604420543,0.732463241
7934f1476fe2c6e458c230f491769c34,7400006,Mankey,0,source,LeftLowerLeg,-0.109253019,0.4534216,0.182262957,-0.38057524,-0.2969707,0.5822802,0.6541565
7934f1476fe2c6e458c230f491769c34,7400006,Mankey,0,source,RightLowerLeg,0.101969145,0.4311173,-0.169844553,0.312396139,-0.06503267,-0.7585841,0.568092942
7934f1476fe2c6e458c230f491769c34,7400006,Mankey,0,source,LeftFoot,-0.159885973,0.109697431,0.201286316,0.497296482,0.123222984,-0.8281668,-0.2272712
7934f1476fe2c6e458c230f491769c34,7400006,Mankey,0,source,RightFoot,0.0465196632,0.117080212,-0.3090496,0.230692655,-0.225493491,-0.255253464,0.9114711
7934f1476fe2c6e458c230f491769c34,7400006,Mankey,0,source,Spine,-0.0616140924,0.889319,-0.0495887659,-0.008968049,0.39828676,-0.0308871977,0.9166969
7934f1476fe2c6e458c230f491769c34,7400006,Mankey,0,source,Chest,-0.0503235571,1.06810987,-0.0546801277,0.103761561,0.360565275,-0.0182825364,0.92676425
7934f1476fe2c6e458c230f491769c34,7400006,Mankey,0,source,Neck,-0.0275057163,1.26623833,-0.0175128244,0.3332507,0.277827859,-0.06876946,0.8983465
7934f1476fe2c6e458c230f491769c34,7400006,Mankey,0,source,Head,-0.000683852,1.33299792,0.03118551,0.207372248,0.0184844974,-0.021579897,0.9778494
7934f1476fe2c6e458c230f491769c34,7400006,Mankey,0,source,LeftShoulder,-0.05343141,1.22221649,-0.00460013235,0.103976227,0.4316246,0.00036942595,0.896040738
7934f1476fe2c6e458c230f491769c34,7400006,Mankey,0,source,RightShoulder,-0.009592005,1.22464788,-0.04445297,0.966790736,-0.0600961335,-0.23486793,-0.0808801651
7934f1476fe2c6e458c230f491769c34,7400006,Mankey,0,source,LeftUpperArm,-0.1425236,1.20937681,0.105228581,0.100207008,0.412360579,0.497993767,0.7562538
7934f1476fe2c6e458c230f491769c34,7400006,Mankey,0,source,RightUpperArm,0.115717538,1.21353543,-0.110323496,0.8383741,-0.5203003,0.0937241837,0.132787436
7934f1476fe2c6e458c230f491769c34,7400006,Mankey,0,source,LeftLowerArm,-0.1796636,1.019995,0.223927632,-0.533527,0.757965446,0.355632484,0.119844824
7934f1476fe2c6e458c230f491769c34,7400006,Mankey,0,source,RightLowerArm,0.2156401,1.02151513,-0.04341085,0.237432227,-0.204511046,0.7669583,0.5599791
7934f1476fe2c6e458c230f491769c34,7400006,Mankey,0,source,LeftHand,-0.08464672,1.191025,0.3565715,-0.461090147,0.829922855,0.3105814,-0.0465113446
7934f1476fe2c6e458c230f491769c34,7400006,Mankey,0,source,RightHand,0.154155537,1.20159721,0.09681924,0.05308024,-0.149117649,0.8633424,0.479152441
7934f1476fe2c6e458c230f491769c34,7400006,Mankey,0,source,LeftToes,-0.09967899,0.0349802,0.3162354,0.5123322,0.00180121185,-0.858438969,-0.024397321
7934f1476fe2c6e458c230f491769c34,7400006,Mankey,0,source,RightToes,0.16151689,0.0318277143,-0.26513347,0.3339923,-0.202209175,0.0205942485,0.9204002
7934f1476fe2c6e458c230f491769c34,7400006,Mankey,0,source,LeftThumbProximal,-0.085684754,1.207572,0.343886852,-0.373262137,0.6918604,-0.6101018,0.0988975242
7934f1476fe2c6e458c230f491769c34,7400006,Mankey,0,source,LeftThumbIntermediate,-0.0543775447,1.23599637,0.329673558,-0.143244743,0.803155541,-0.5228914,0.246996447
7934f1476fe2c6e458c230f491769c34,7400006,Mankey,0,source,LeftThumbDistal,-0.02927711,1.25064361,0.3370796,0.5365211,0.644234538,-0.110001855,0.533860147
7934f1476fe2c6e458c230f491769c34,7400006,Mankey,0,source,LeftIndexProximal,-0.05806184,1.26692486,0.3587061,0.2117282,0.9364043,0.107833564,-0.258244365
7934f1476fe2c6e458c230f491769c34,7400006,Mankey,0,source,LeftIndexIntermediate,-0.0341047533,1.25641549,0.342385322,0.845200062,0.456571728,-0.13124463,-0.244855762
7934f1476fe2c6e458c230f491769c34,7400006,Mankey,0,source,LeftIndexDistal,-0.0463148467,1.23780882,0.3423467,0.891022,-0.351824552,-0.28101933,-0.05768749
7934f1476fe2c6e458c230f491769c34,7400006,Mankey,0,source,LeftMiddleProximal,-0.04964933,1.25830054,0.3764496,0.214966983,0.924361,0.139803767,-0.2824913
7934f1476fe2c6e458c230f491769c34,7400006,Mankey,0,source,LeftMiddleIntermediate,-0.0250829849,1.24784219,0.357322663,0.832630932,0.456018448,-0.134726986,-0.283939272
7934f1476fe2c6e458c230f491769c34,7400006,Mankey,0,source,LeftMiddleDistal,-0.03706864,1.229553,0.356565565,0.8770217,-0.3474633,-0.321437865,-0.08233932
7934f1476fe2c6e458c230f491769c34,7400006,Mankey,0,source,LeftRingProximal,-0.0430087633,1.25011337,0.3906594,0.3024876,0.864096344,0.166567549,-0.366189241
7934f1476fe2c6e458c230f491769c34,7400006,Mankey,0,source,LeftRingIntermediate,-0.0258201864,1.23756135,0.367682934,0.8262601,0.38726753,-0.169445738,-0.372299552
7934f1476fe2c6e458c230f491769c34,7400006,Mankey,0,source,LeftRingDistal,-0.03815331,1.22285771,0.367522836,0.8429479,-0.3249064,-0.401988983,-0.149265215
7934f1476fe2c6e458c230f491769c34,7400006,Mankey,0,source,LeftLittleProximal,-0.03583308,1.23716474,0.401388973,0.277278036,0.853740036,0.1990154,-0.393240154
7934f1476fe2c6e458c230f491769c34,7400006,Mankey,0,source,LeftLittleIntermediate,-0.0210959949,1.22846651,0.3799318,0.7721767,0.449338615,-0.144149318,-0.4255105
7934f1476fe2c6e458c230f491769c34,7400006,Mankey,0,source,LeftLittleDistal,-0.0316327326,1.21295285,0.376896322,0.8646115,-0.168378815,-0.406370074,-0.242815137
7934f1476fe2c6e458c230f491769c34,7400006,Mankey,0,source,RightThumbProximal,0.149805948,1.215296,0.0816800445,0.141986221,0.7327732,0.5994322,0.289076656
7934f1476fe2c6e458c230f491769c34,7400006,Mankey,0,source,RightThumbIntermediate,0.114449762,1.240039,0.07037469,-0.3133555,-0.63876605,-0.6941279,-0.109424166
7934f1476fe2c6e458c230f491769c34,7400006,Mankey,0,source,RightThumbDistal,0.09106766,1.25660062,0.0792286,0.6593447,0.177580461,0.585373938,-0.437113166
7934f1476fe2c6e458c230f491769c34,7400006,Mankey,0,source,RightIndexProximal,0.123730309,1.275998,0.09354493,0.0195920132,0.07278401,-0.981732547,0.174701363
7934f1476fe2c6e458c230f491769c34,7400006,Mankey,0,source,RightIndexIntermediate,0.0948015,1.26551151,0.09157439,-0.0599687546,-0.0298622288,0.561172366,-0.8249841
7934f1476fe2c6e458c230f491769c34,7400006,Mankey,0,source,RightIndexDistal,0.103003867,1.24498355,0.08898038,0.0626732558,-0.032922633,0.22348766,0.972132862
7934f1476fe2c6e458c230f491769c34,7400006,Mankey,0,source,RightMiddleProximal,0.12209855,1.27096224,0.114328578,0.07806122,0.0943434238,-0.965019047,0.231828511
7934f1476fe2c6e458c230f491769c34,7400006,Mankey,0,source,RightMiddleIntermediate,0.09318498,1.25675452,0.1079437,-0.114512719,0.0109145325,0.477866441,-0.8708687
7934f1476fe2c6e458c230f491769c34,7400006,Mankey,0,source,RightMiddleDistal,0.105072014,1.23848784,0.1059667,0.07094027,-0.111877024,0.3524529,0.9264064
7934f1476fe2c6e458c230f491769c34,7400006,Mankey,0,source,RightRingProximal,0.120983966,1.26567686,0.1311773,0.115920246,0.1532214,-0.931177557,0.309830457
7934f1476fe2c6e458c230f491769c34,7400006,Mankey,0,source,RightRingIntermediate,0.0965189859,1.24871612,0.121441655,-0.188650325,0.009215505,0.381031066,-0.9050649
7934f1476fe2c6e458c230f491769c34,7400006,Mankey,0,source,RightRingDistal,0.110131025,1.23541284,0.119001731,0.125371158,-0.169995576,0.455774069,0.864670038
7934f1476fe2c6e458c230f491769c34,7400006,Mankey,0,source,RightLittleProximal,0.118634172,1.25502348,0.145849481,0.21844019,0.163184345,-0.9363954,0.22095114
7934f1476fe2c6e458c230f491769c34,7400006,Mankey,0,source,RightLittleIntermediate,0.09648807,1.24562681,0.132643446,-0.2696373,0.0583814345,0.533527732,-0.799522638
7934f1476fe2c6e458c230f491769c34,7400006,Mankey,0,source,RightLittleDistal,0.104547024,1.22881746,0.128953144,0.144712374,-0.264951617,0.257303745,0.9179622
7934f1476fe2c6e458c230f491769c34,7400006,Mankey,0,fighter,AnimatorRoot,0,0,0,0,0,0,1
7934f1476fe2c6e458c230f491769c34,7400006,Mankey,0,fighter,Hips,-0.0538301878,0.792388,-0.03738626,0.20774211,-0.290629774,-0.590621,0.7235637
7934f1476fe2c6e458c230f491769c34,7400006,Mankey,0,fighter,LeftUpperLeg,-0.134587169,0.7975629,0.0529240854,0.5284754,0.6888592,0.208781853,0.450107664
7934f1476fe2c6e458c230f491769c34,7400006,Mankey,0,fighter,RightUpperLeg,0.0269267764,0.7872132,-0.127696618,0.597076535,0.75446105,0.251491249,0.105073839
7934f1476fe2c6e458c230f491769c34,7400006,Mankey,0,fighter,LeftLowerLeg,-0.121327467,0.462341279,0.199100256,0.6559938,0.5901235,0.3121032,0.352161765
7934f1476fe2c6e458c230f491769c34,7400006,Mankey,0,fighter,RightLowerLeg,0.123871729,0.438176125,-0.179576978,0.777040839,0.5557471,0.286569983,0.07232268
7934f1476fe2c6e458c230f491769c34,7400006,Mankey,0,fighter,LeftFoot,-0.159886032,0.109697394,0.20128639,0.0521389842,0.894176,0.0139939636,0.444449067
7934f1476fe2c6e458c230f491769c34,7400006,Mankey,0,fighter,RightFoot,0.0465195663,0.117080115,-0.309049666,0.0874985158,0.9572337,0.0467829853,0.2717705
7934f1476fe2c6e458c230f491769c34,7400006,Mankey,0,fighter,Spine,-0.0624801368,0.836146057,-0.047628548,0.2174517,-0.2906462,-0.629470468,0.687027156
7934f1476fe2c6e458c230f491769c34,7400006,Mankey,0,fighter,Chest,-0.0619712621,1.0746026,-0.0688942745,0.3274762,-0.233318061,-0.7203698,0.5651456
7934f1476fe2c6e458c230f491769c34,7400006,Mankey,0,fighter,Neck,-0.03604027,1.35353124,-0.0266942214,0.4337021,-0.323441416,-0.662065864,0.518610656
7934f1476fe2c6e458c230f491769c34,7400006,Mankey,0,fighter,Head,-0.023261467,1.49743974,0.008833898,0.5728484,-0.386386067,-0.612911,0.383263528
7934f1476fe2c6e458c230f491769c34,7400006,Mankey,0,fighter,LeftShoulder,0.008306173,1.30137157,0.0633245856,0.676373243,0.100268811,-0.30410412,0.6633147
7934f1476fe2c6e458c230f491769c34,7400006,Mankey,0,fighter,RightShoulder,0.0525345765,1.30341566,0.0226368178,-0.195786372,-0.569511533,-0.720052,0.344746
7934f1476fe2c6e458c230f491769c34,7400006,Mankey,0,fighter,LeftUpperArm,-0.1604172,1.35821068,0.178871408,0.736030161,0.466674477,0.127092242,0.473626673
7934f1476fe2c6e458c230f491769c34,7400006,Mankey,0,fighter,RightUpperArm,0.198059678,1.3614583,-0.12055131,0.305785,0.680538535,0.537507057,0.393000215
7934f1476fe2c6e458c230f491769c34,7400006,Mankey,0,fighter,LeftLowerArm,-0.310395,1.13065767,0.250734955,-0.036279235,0.9040333,-0.350323558,0.242242336
7934f1476fe2c6e458c230f491769c34,7400006,Mankey,0,fighter,RightLowerArm,0.3401371,1.12507868,-0.06244045,-0.388632447,0.370769262,-0.005985491,0.843480468
7934f1476fe2c6e458c230f491769c34,7400006,Mankey,0,fighter,LeftHand,-0.08464657,1.191025,0.3565717,0.4642331,-0.796218634,-0.360294044,-0.1439159
7934f1476fe2c6e458c230f491769c34,7400006,Mankey,0,fighter,RightHand,0.154155686,1.20159709,0.0968191549,0.196141139,0.235278592,-0.5098002,0.8039131
7934f1476fe2c6e458c230f491769c34,7400006,Mankey,0,fighter,LeftToes,0.01258702,0.105085142,0.422880918,0.12697278,0.8608263,0.05995398,0.489143878
7934f1476fe2c6e458c230f491769c34,7400006,Mankey,0,fighter,RightToes,0.282351464,0.08764169,-0.159420639,0.157714218,0.9618659,0.0601439252,0.215228036
7934f1476fe2c6e458c230f491769c34,7400006,Mankey,0,fighter,LeftEye,-0.14324142,1.54252541,0.22761,0.430208027,-0.340557635,-0.4803482,-0.6842568
7934f1476fe2c6e458c230f491769c34,7400006,Mankey,0,fighter,RightEye,0.119007215,1.53345191,0.215767488,0.277366281,-0.470293939,-0.6979214,-0.463462651
7934f1476fe2c6e458c230f491769c34,7400006,Mankey,0,fighter,Jaw,-0.0228531733,1.33690977,0.140797153,0.6779505,0.133538365,-0.703995,-0.164139926
7934f1476fe2c6e458c230f491769c34,7400006,Mankey,0,fighter,LeftThumbProximal,-0.05145858,1.256028,0.348459423,0.221681476,-0.931814551,-0.267557919,0.104842395
7934f1476fe2c6e458c230f491769c34,7400006,Mankey,0,fighter,LeftThumbIntermediate,-0.01194903,1.27710164,0.34501192,0.178951219,-0.9115296,-0.317122519,-0.191111773
7934f1476fe2c6e458c230f491769c34,7400006,Mankey,0,fighter,LeftThumbDistal,0.0215001721,1.2850492,0.362916857,-0.0679468662,-0.440094352,-0.332727849,-0.831259549
7934f1476fe2c6e458c230f491769c34,7400006,Mankey,0,fighter,LeftMiddleProximal,-0.02469728,1.30626571,0.3906221,-0.263110161,-0.9227208,-0.1566805,0.234117642
7934f1476fe2c6e458c230f491769c34,7400006,Mankey,0,fighter,LeftMiddleIntermediate,0.02090641,1.28126633,0.359417915,-0.8816206,-0.3784537,-0.0398190841,0.2791639
7934f1476fe2c6e458c230f491769c34,7400006,Mankey,0,fighter,LeftMiddleDistal,-0.0169851109,1.24685812,0.344401956,-0.886943161,0.400923342,0.150125608,0.173362359
7934f1476fe2c6e458c230f491769c34,7400006,Mankey,0,fighter,LeftRingProximal,-0.006198647,1.27686226,0.433493078,-0.3320955,-0.854291141,-0.237689883,0.321563542
7934f1476fe2c6e458c230f491769c34,7400006,Mankey,0,fighter,LeftRingIntermediate,0.0243448839,1.25475037,0.395766169,-0.863206565,-0.3243957,-0.003227815,0.386822879
7934f1476fe2c6e458c230f491769c34,7400006,Mankey,0,fighter,LeftRingDistal,-0.0188424215,1.22425234,0.381733149,-0.858423531,0.350872934,0.2750525,0.253660947
7934f1476fe2c6e458c230f491769c34,7400006,Mankey,0,fighter,LeftLittleProximal,-0.00337335677,1.22637129,0.4661127,-0.2935695,-0.853853345,-0.2571472,0.344422847
7934f1476fe2c6e458c230f491769c34,7400006,Mankey,0,fighter,LeftLittleIntermediate,0.0281174388,1.20907891,0.426686138,-0.8231025,-0.39204815,-0.04865046,0.407963
7934f1476fe2c6e458c230f491769c34,7400006,Mankey,0,fighter,LeftLittleDistal,-0.009938657,1.17556858,0.404557556,-0.890755534,0.206869155,0.2607574,0.30946067
7934f1476fe2c6e458c230f491769c34,7400006,Mankey,0,fighter,RightThumbProximal,0.115094095,1.26318157,0.08820805,-0.1152814,0.0260490626,0.210477382,-0.9704283
7934f1476fe2c6e458c230f491769c34,7400006,Mankey,0,fighter,RightThumbIntermediate,0.07422345,1.28179765,0.08811692,0.1579799,0.244534373,-0.225114882,0.929821849
7934f1476fe2c6e458c230f491769c34,7400006,Mankey,0,fighter,RightThumbDistal,0.044024922,1.29503047,0.108501382,-0.258756071,-0.841074944,0.09717208,-0.464968741
7934f1476fe2c6e458c230f491769c34,7400006,Mankey,0,fighter,RightMiddleProximal,0.09924247,1.32041883,0.126812547,-0.115114748,0.014914155,-0.3027132,-0.945986867
7934f1476fe2c6e458c230f491769c34,7400006,Mankey,0,fighter,RightMiddleIntermediate,0.0497354157,1.28589177,0.120874375,0.14686358,-0.0844847262,0.9024396,0.3961018
7934f1476fe2c6e458c230f491769c34,7400006,Mankey,0,fighter,RightMiddleDistal,0.0840367451,1.24908149,0.103165671,-0.06847155,0.119491592,-0.9073161,0.397254765
7934f1476fe2c6e458c230f491769c34,7400006,Mankey,0,fighter,RightRingProximal,0.097702235,1.29988647,0.17800577,-0.2248131,0.04608257,-0.3661595,-0.901811
7934f1476fe2c6e458c230f491769c34,7400006,Mankey,0,fighter,RightRingIntermediate,0.0588913858,1.26576483,0.164790735,0.145035744,-0.173600614,0.924933136,0.305493236
7934f1476fe2c6e458c230f491769c34,7400006,Mankey,0,fighter,RightRingDistal,0.101081192,1.23760653,0.144312784,0.04706125,0.193918064,-0.8516689,0.484604239
7934f1476fe2c6e458c230f491769c34,7400006,Mankey,0,fighter,RightLittleProximal,0.10937684,1.25687814,0.218445241,-0.204915375,0.1428979,-0.261333436,-0.932359934
7934f1476fe2c6e458c230f491769c34,7400006,Mankey,0,fighter,RightLittleIntermediate,0.06550066,1.23400831,0.19851914,0.1269548,-0.214951128,0.8432235,0.476080716
7934f1476fe2c6e458c230f491769c34,7400006,Mankey,0,fighter,RightLittleDistal,0.09396356,1.19260788,0.175350592,0.118453577,0.1961339,-0.9258344,0.300551116
7934f1476fe2c6e458c230f491769c34,7400006,Mankey,0,fighter,UpperChest,-0.0444444157,1.19010735,-0.0440396219,0.312633067,-0.2528607,-0.6845522,0.608038068
7934f1476fe2c6e458c230f491769c34,7400006,Mankey,0.0166666675,source,AnimatorRoot,0,0,0,0,0,7.2327925E-17,1
7934f1476fe2c6e458c230f491769c34,7400006,Mankey,0.0166666675,source,Hips,-0.0424224474,0.783050239,-0.043625012,-0.06965644,0.247319788,0.0198817141,0.9662224
7934f1476fe2c6e458c230f491769c34,7400006,Mankey,0.0166666675,source,LeftUpperLeg,-0.1303387,0.7826527,0.004570533,-0.5312859,-0.249272943,0.671022356,0.453130782
7934f1476fe2c6e458c230f491769c34,7400006,Mankey,0.0166666675,source,RightUpperLeg,0.04549397,0.783448,-0.0918206945,0.375941843,-0.2315814,-0.589327455,0.6765584
7934f1476fe2c6e458c230f491769c34,7400006,Mankey,0.0166666675,source,LeftLowerLeg,-0.121088758,0.457249165,0.186135709,-0.40701136,-0.331130773,0.577478647,0.6254699
7934f1476fe2c6e458c230f491769c34,7400006,Mankey,0.0166666675,source,RightLowerLeg,0.119344741,0.421307325,-0.140183851,0.387909323,-0.08369521,-0.7640706,0.5086431
7934f1476fe2c6e458c230f491769c34,7400006,Mankey,0.0166666675,source,LeftFoot,-0.160665646,0.112100296,0.205571,0.4962684,0.13372995,-0.8245373,-0.236584678
7934f1476fe2c6e458c230f491769c34,7400006,Mankey,0.0166666675,source,RightFoot,0.0561500341,0.128256828,-0.3168183,0.235475987,-0.259134382,-0.285754919,0.8920454
7934f1476fe2c6e458c230f491769c34,7400006,Mankey,0.0166666675,source,Spine,-0.0495646074,0.880027354,-0.05585347,0.016404191,0.2539684,0.0372623056,0.9663553
7934f1476fe2c6e458c230f491769c34,7400006,Mankey,0.0166666675,source,Chest,-0.0593444,1.05857968,-0.0438941829,0.102744259,0.2903745,-0.00115840125,0.9513806
7934f1476fe2c6e458c230f491769c34,7400006,Mankey,0.0166666675,source,Neck,-0.0461578444,1.256939,-0.00343959569,0.3085568,0.219725057,-0.0100755021,0.9254255
7934f1476fe2c6e458c230f491769c34,7400006,Mankey,0.0166666675,source,Head,-0.0327574648,1.32725644,0.0457910933,0.181592137,0.06686072,-0.0239397381,0.980806351
7934f1476fe2c6e458c230f491769c34,7400006,Mankey,0.0166666675,source,LeftShoulder,-0.07289566,1.21239007,0.0053518,0.09834688,0.407834738,0.0252941232,0.9073914
7934f1476fe2c6e458c230f491769c34,7400006,Mankey,0.0166666675,source,RightShoulder,-0.0235985015,1.21580136,-0.0274233,0.970296264,-0.0469852,-0.221178219,-0.08601176
7934f1476fe2c6e458c230f491769c34,7400006,Mankey,0.0166666675,source,LeftUpperArm,-0.16747795,1.19448078,0.109745584,0.0623458065,0.472491652,0.525221646,0.7049872
7934f1476fe2c6e458c230f491769c34,7400006,Mankey,0.0166666675,source,RightUpperArm,0.103883043,1.20825016,-0.08952263,0.8607513,-0.5000241,0.0221877657,0.09268799
7934f1476fe2c6e458c230f491769c34,7400006,Mankey,0.0166666675,source,LeftLowerArm,-0.1678831,1.01334548,0.245849058,-0.547966361,0.7413178,0.3813742,0.06880844
7934f1476fe2c6e458c230f491769c34,7400006,Mankey,0.0166666675,source,RightLowerArm,0.216937587,1.01415515,-0.0598674938,0.306202084,-0.199776188,0.7651163,0.5300258
7934f1476fe2c6e458c230f491769c34,7400006,Mankey,0.0166666675,source,LeftHand,-0.07569693,1.19298,0.3687596,-0.5112527,0.803202868,0.276297182,-0.130943328
7934f1476fe2c6e458c230f491769c34,7400006,Mankey,0.0166666675,source,RightHand,0.157692343,1.176951,0.100948513,0.153806254,-0.166336745,0.8642635,0.4491378
7934f1476fe2c6e458c230f491769c34,7400006,Mankey,0.0166666675,source,LeftToes,-0.101446472,0.03380672,0.31863752,0.5139556,0.005500961,-0.857616842,-0.0176804755
7934f1476fe2c6e458c230f491769c34,7400006,Mankey,0.0166666675,source,RightToes,0.161323115,0.03364558,-0.267743617,0.326574177,-0.238305151,0.005883613,0.9146178
7934f1476fe2c6e458c230f491769c34,7400006,Mankey,0.0166666675,source,LeftThumbProximal,-0.08037255,1.20752072,0.354529858,-0.4830772,0.625161469,-0.6029402,0.110784911
7934f1476fe2c6e458c230f491769c34,7400006,Mankey,0.0166666675,source,LeftThumbIntermediate,-0.0576780327,1.24042535,0.334721923,-0.286747158,0.7658042,-0.523544252,0.239210457
7934f1476fe2c6e458c230f491769c34,7400006,Mankey,0.0166666675,source,LeftThumbDistal,-0.0360516049,1.26110852,0.336705148,0.348922879,0.7672812,-0.168974251,0.5108627
7934f1476fe2c6e458c230f491769c34,7400006,Mankey,0.0166666675,source,LeftIndexProximal,-0.0620875433,1.27183306,0.3604466,0.06619292,0.9571417,0.0562773943,-0.276281863
7934f1476fe2c6e458c230f491769c34,7400006,Mankey,0.0166666675,source,LeftIndexIntermediate,-0.036230702,1.26888478,0.343909,0.706977963,0.649311662,-0.155977726,-0.2329118
7934f1476fe2c6e458c230f491769c34,7400006,Mankey,0.0166666675,source,LeftIndexDistal,-0.0386372022,1.24683511,0.3420859,0.956934,-0.03229765,-0.283067584,-0.0557451472
7934f1476fe2c6e458c230f491769c34,7400006,Mankey,0.0166666675,source,LeftMiddleProximal,-0.0511289351,1.26682734,0.3781901,0.07327154,0.947914064,0.08450377,-0.298244357
7934f1476fe2c6e458c230f491769c34,7400006,Mankey,0.0166666675,source,LeftMiddleIntermediate,-0.024480734,1.26392055,0.359212667,0.6978819,0.6457847,-0.156849012,-0.26706174
7934f1476fe2c6e458c230f491769c34,7400006,Mankey,0.0166666675,source,LeftMiddleDistal,-0.02703469,1.24236584,0.356455773,0.9445665,-0.0341985151,-0.316447079,-0.0805378
7934f1476fe2c6e458c230f491769c34,7400006,Mankey,0.0166666675,source,LeftRingProximal,-0.04223371,1.2615484,0.392544657,0.170638025,0.908252358,0.10496109,-0.367346734
7934f1476fe2c6e458c230f491769c34,7400006,Mankey,0.0166666675,source,LeftRingIntermediate,-0.0211908072,1.25425565,0.370523721,0.7162277,0.579493046,-0.182072341,-0.3435928
7934f1476fe2c6e458c230f491769c34,7400006,Mankey,0.0166666675,source,LeftRingDistal,-0.026220439,1.235923,0.367886633,0.911610544,-0.0343432277,-0.381381482,-0.149450541
7934f1476fe2c6e458c230f491769c34,7400006,Mankey,0.0166666675,source,LeftLittleProximal,-0.0322605371,1.25127137,0.4039114,0.152836666,0.897055745,0.134906158,-0.392087519
7934f1476fe2c6e458c230f491769c34,7400006,Mankey,0.0166666675,source,LeftLittleIntermediate,-0.0145357549,1.24664927,0.383473217,0.660408735,0.620377541,-0.159294367,-0.391941518
7934f1476fe2c6e458c230f491769c34,7400006,Mankey,0.0166666675,source,LeftLittleDistal,-0.0179461967,1.22871017,0.378231674,0.8879725,0.102665968,-0.3826317,-0.23357667
7934f1476fe2c6e458c230f491769c34,7400006,Mankey,0.0166666675,source,RightThumbProximal,0.150121287,1.19195282,0.0885629,0.174672022,0.7170928,0.644520938,0.199652314
7934f1476fe2c6e458c230f491769c34,7400006,Mankey,0.0166666675,source,RightThumbIntermediate,0.111789316,1.214609,0.08583414,-0.344295055,-0.6111086,-0.7126261,-0.013093533
7934f1476fe2c6e458c230f491769c34,7400006,Mankey,0.0166666675,source,RightThumbDistal,0.08891976,1.22778869,0.100070618,0.6636156,0.133016631,0.526922941,-0.5140759
7934f1476fe2c6e458c230f491769c34,7400006,Mankey,0.0166666675,source,RightIndexProximal,0.121928,1.24814892,0.112069681,-0.04501151,0.149529338,-0.965848267,0.20676668
7934f1476fe2c6e458c230f491769c34,7400006,Mankey,0.0166666675,source,RightIndexIntermediate,0.09385454,1.2354207,0.112844124,-0.07007085,-0.129564539,0.527130365,-0.836921334
7934f1476fe2c6e458c230f491769c34,7400006,Mankey,0.0166666675,source,RightIndexDistal,0.102998517,1.2161876,0.10637325,0.1430146,0.0274844263,0.254776955,0.9559712
7934f1476fe2c6e458c230f491769c34,7400006,Mankey,0.0166666675,source,RightMiddleProximal,0.123851374,1.2404803,0.132006422,0.01718325,0.1764908,-0.9498635,0.257518
7934f1476fe2c6e458c230f491769c34,7400006,Mankey,0.0166666675,source,RightMiddleIntermediate,0.09538236,1.22461581,0.127949417,-0.135098889,-0.08924972,0.449120462,-0.878677547
7934f1476fe2c6e458c230f491769c34,7400006,Mankey,0.0166666675,source,RightMiddleDistal,0.108092338,1.20787382,0.12186338,0.161043361,-0.06240909,0.3754481,0.910609365
7934f1476fe2c6e458c230f491769c34,7400006,Mankey,0.0166666675,source,RightRingProximal,0.12570098,1.233093,0.147977173,0.0599936545,0.2401675,-0.9120638,0.326895177
7934f1476fe2c6e458c230f491769c34,7400006,Mankey,0.0166666675,source,RightRingIntermediate,0.101300418,1.21531844,0.139631137,-0.218139544,-0.09022142,0.356840938,-0.903847635
7934f1476fe2c6e458c230f491769c34,7400006,Mankey,0.0166666675,source,RightRingDistal,0.115288317,1.20369411,0.133512914,0.221194685,-0.129248634,0.46789372,0.845839143
7934f1476fe2c6e458c230f491769c34,7400006,Mankey,0.0166666675,source,RightLittleProximal,0.126381189,1.22055542,0.161267519,0.1554016,0.247965351,-0.927810133,0.231370717
7934f1476fe2c6e458c230f491769c34,7400006,Mankey,0.0166666675,source,RightLittleIntermediate,0.103200011,1.21089077,0.150205225,-0.282526881,-0.0466303378,0.5219264,-0.8034908
7934f1476fe2c6e458c230f491769c34,7400006,Mankey,0.0166666675,source,RightLittleDistal,0.111771651,1.19545412,0.143179655,0.232986376,-0.2061117,0.2651378,0.9126544
7934f1476fe2c6e458c230f491769c34,7400006,Mankey,0.0166666675,fighter,AnimatorRoot,0,0,0,0,0,0,1
7934f1476fe2c6e458c230f491769c34,7400006,Mankey,0.0166666675,fighter,Hips,-0.0424224436,0.7830502,-0.04362501,0.3192249,-0.401866078,-0.538022339,0.6686787
7934f1476fe2c6e458c230f491769c34,7400006,Mankey,0.0166666675,fighter,LeftUpperLeg,-0.149246708,0.7837181,0.0137558552,0.4367147,0.666548967,0.262693018,0.544045269
7934f1476fe2c6e458c230f491769c34,7400006,Mankey,0.0166666675,fighter,RightUpperLeg,0.0644018,0.7823823,-0.1010059,0.5900152,0.689212561,0.358799875,0.21938768
7934f1476fe2c6e458c230f491769c34,7400006,Mankey,0.0166666675,fighter,LeftLowerLeg,-0.139515832,0.4660699,0.195199192,0.618739069,0.593215346,0.34392792,0.383368343
7934f1476fe2c6e458c230f491769c34,7400006,Mankey,0.0166666675,fighter,RightLowerLeg,0.1403355,0.427149,-0.1452802,0.779903531,0.4912078,0.374247342,0.102003396
7934f1476fe2c6e458c230f491769c34,7400006,Mankey,0.0166666675,fighter,LeftFoot,-0.160665631,0.1121004,0.205571041,0.06118051,0.892744243,0.0252218246,0.4456777
7934f1476fe2c6e458c230f491769c34,7400006,Mankey,0.0166666675,fighter,RightFoot,0.0561500341,0.128256768,-0.316818327,0.125716671,0.944327354,0.0453908,0.300634742
7934f1476fe2c6e458c230f491769c34,7400006,Mankey,0.0166666675,fighter,Spine,-0.048514,0.8268333,-0.05547515,0.359653682,-0.355767131,-0.562905967,0.6536176
7934f1476fe2c6e458c230f491769c34,7400006,Mankey,0.0166666675,fighter,Chest,-0.0692329854,1.06532073,-0.0583847426,0.386598945,-0.273078769,-0.687755346,0.550419748
7934f1476fe2c6e458c230f491769c34,7400006,Mankey,0.0166666675,fighter,Neck,-0.0551593453,1.34441793,-0.011896777,0.444493145,-0.339551866,-0.6440554,0.5218462
7934f1476fe2c6e458c230f491769c34,7400006,Mankey,0.0166666675,fighter,Head,-0.0462020524,1.48933649,0.0205620918,0.5360627,-0.377772,-0.6268935,0.4206304
7934f1476fe2c6e458c230f491769c34,7400006,Mankey,0.0166666675,fighter,LeftShoulder,-0.02467158,1.29253411,0.08385907,0.694364,0.09053028,-0.2735539,0.659417331
7934f1476fe2c6e458c230f491769c34,7400006,Mankey,0.0166666675,fighter,RightShoulder,0.0253813025,1.29553831,0.0506700762,-0.173223585,-0.5879217,-0.7110928,0.34451282
7934f1476fe2c6e458c230f491769c34,7400006,Mankey,0.0166666675,fighter,LeftUpperArm,-0.201675013,1.34242308,0.189831659,0.6823036,0.5482663,0.07874492,0.477143168
7934f1476fe2c6e458c230f491769c34,7400006,Mankey,0.0166666675,fighter,RightUpperArm,0.174508914,1.35630035,-0.08759877,0.3449676,0.6672227,0.577484,0.319880247
7934f1476fe2c6e458c230f491769c34,7400006,Mankey,0.0166666675,fighter,LeftLowerArm,-0.310582429,1.11037433,0.307009339,-0.107282281,0.909114361,-0.3623854,0.175154075
7934f1476fe2c6e458c230f491769c34,7400006,Mankey,0.0166666675,fighter,RightLowerArm,0.331596017,1.12242532,-0.07958461,-0.378182173,0.39779827,0.0529403239,0.834225655
7934f1476fe2c6e458c230f491769c34,7400006,Mankey,0.0166666675,fighter,LeftHand,-0.07569712,1.19298017,0.368759751,0.520443857,-0.7798605,-0.343332469,-0.05548817
7934f1476fe2c6e458c230f491769c34,7400006,Mankey,0.0166666675,fighter,RightHand,0.157692358,1.17695093,0.100948505,0.199609935,0.3344443,-0.473737717,0.7898579
7934f1476fe2c6e458c230f491769c34,7400006,Mankey,0.0166666675,fighter,LeftToes,0.010781209,0.100173272,0.42768833,0.120130062,0.860849738,0.0636707246,0.490359575
7934f1476fe2c6e458c230f491769c34,7400006,Mankey,0.0166666675,fighter,RightToes,0.279718339,0.0784473047,-0.154311419,0.181499377,0.950531662,0.05782941,0.245364964
7934f1476fe2c6e458c230f491769c34,7400006,Mankey,0.0166666675,fighter,LeftEye,-0.14544785,1.54368722,0.247470111,0.426158965,-0.381457776,-0.497602165,-0.6521278
7934f1476fe2c6e458c230f491769c34,7400006,Mankey,0.0166666675,fighter,RightEye,0.114575662,1.53772914,0.210739613,0.2586317,-0.5069988,-0.70242,-0.427396953
7934f1476fe2c6e458c230f491769c34,7400006,Mankey,0.0166666675,fighter,Jaw,-0.0300882664,1.3356787,0.159536764,0.6458976,0.113538027,-0.740345657,-0.147695065
7934f1476fe2c6e458c230f491769c34,7400006,Mankey,0.0166666675,fighter,LeftThumbProximal,-0.0544911474,1.2609725,0.350871474,0.315609932,-0.904835761,-0.208181217,0.19576405
7934f1476fe2c6e458c230f491769c34,7400006,Mankey,0.0166666675,fighter,LeftThumbIntermediate,-0.0219695866,1.2902838,0.340862542,0.2922668,-0.9093601,-0.2871365,-0.07209335
7934f1476fe2c6e458c230f491769c34,7400006,Mankey,0.0166666675,fighter,LeftThumbDistal,0.009768596,1.30928373,0.352451116,0.0604424849,-0.588721454,-0.406359553,-0.696151
7934f1476fe2c6e458c230f491769c34,7400006,Mankey,0.0166666675,fighter,LeftMiddleProximal,-0.03361289,1.319478,0.384913981,-0.1263203,-0.96174556,-0.108392164,0.217578441
7934f1476fe2c6e458c230f491769c34,7400006,Mankey,0.0166666675,fighter,LeftMiddleIntermediate,0.01935854,1.30760217,0.357870519,-0.76578933,-0.5968879,-0.01654759,0.238784909
7934f1476fe2c6e458c230f491769c34,7400006,Mankey,0.0166666675,fighter,LeftMiddleDistal,0.004055107,1.25926125,0.34131366,-0.980031967,0.0751291141,0.109233037,0.1481948
7934f1476fe2c6e458c230f491769c34,7400006,Mankey,0.0166666675,fighter,LeftRingProximal,-0.00750090042,1.2986989,0.428857774,-0.211818814,-0.9154404,-0.171313211,0.2962328
7934f1476fe2c6e458c230f491769c34,7400006,Mankey,0.0166666675,fighter,LeftRingIntermediate,0.0316911936,1.28342688,0.396056771,-0.7735068,-0.539255857,0.0123573095,0.33277303
7934f1476fe2c6e458c230f491769c34,7400006,Mankey,0.0166666675,fighter,LeftRingDistal,0.008820622,1.23734343,0.3774702,-0.9486688,0.0539387241,0.219199881,0.22151795
7934f1476fe2c6e458c230f491769c34,7400006,Mankey,0.0166666675,fighter,LeftLittleProximal,0.00600296771,1.25354922,0.466280937,-0.182569817,-0.9109977,-0.188509136,0.318144739
7934f1476fe2c6e458c230f491769c34,7400006,Mankey,0.0166666675,fighter,LeftLittleIntermediate,0.04498942,1.24220419,0.431690365,-0.7278223,-0.586730957,-0.0303226709,0.3536981
7934f1476fe2c6e458c230f491769c34,7400006,Mankey,0.0166666675,fighter,LeftLittleDistal,0.0278577562,1.19613945,0.406285465,-0.9394747,-0.07178122,0.205262437,0.264768481
7934f1476fe2c6e458c230f491769c34,7400006,Mankey,0.0166666675,fighter,RightThumbProximal,0.113508217,1.23535693,0.106342047,-0.1631534,-0.07756123,0.1920432,-0.9646163
7934f1476fe2c6e458c230f491769c34,7400006,Mankey,0.0166666675,fighter,RightThumbIntermediate,0.0724504963,1.25085974,0.11587663,0.196334153,0.3447784,-0.185519949,0.898978949
7934f1476fe2c6e458c230f491769c34,7400006,Mankey,0.0166666675,fighter,RightThumbDistal,0.0455713533,1.25854182,0.1427296,-0.2518822,-0.8915676,0.0405981541,-0.374185532
7934f1476fe2c6e458c230f491769c34,7400006,Mankey,0.0166666675,fighter,RightMiddleProximal,0.0997231,1.28577578,0.1541504,-0.200759754,-0.0354449153,-0.3172204,-0.926180661
7934f1476fe2c6e458c230f491769c34,7400006,Mankey,0.0166666675,fighter,RightMiddleIntermediate,0.0514324047,1.24927461,0.150407583,0.255746543,-0.120129839,0.888255835,0.3621661
7934f1476fe2c6e458c230f491769c34,7400006,Mankey,0.0166666675,fighter,RightMiddleDistal,0.08380227,1.21823311,0.121531926,-0.1147013,0.2236836,-0.8737952,0.416282684
7934f1476fe2c6e458c230f491769c34,7400006,Mankey,0.0166666675,fighter,RightRingProximal,0.107480273,1.25907516,0.201811835,-0.3144287,0.00161446631,-0.3666832,-0.8756001
7934f1476fe2c6e458c230f491769c34,7400006,Mankey,0.0166666675,fighter,RightRingIntermediate,0.06848415,1.22487748,0.1893613,0.250839323,-0.21740064,0.9011231,0.2789158
7934f1476fe2c6e458c230f491769c34,7400006,Mankey,0.0166666675,fighter,RightRingDistal,0.107790835,1.20334649,0.157998636,0.009242132,0.3031146,-0.8195805,0.486131638
7934f1476fe2c6e458c230f491769c34,7400006,Mankey,0.0166666675,fighter,RightLittleProximal,0.128213927,1.21266651,0.234025419,-0.292285144,0.0848006457,-0.255858779,-0.9175591
7934f1476fe2c6e458c230f491769c34,7400006,Mankey,0.0166666675,fighter,RightLittleIntermediate,0.08262447,1.19026566,0.21774675,0.2403898,-0.240968451,0.8221786,0.456255823
7934f1476fe2c6e458c230f491769c34,7400006,Mankey,0.0166666675,fighter,RightLittleDistal,0.108521722,1.15516734,0.18371214,0.0614766032,0.299390048,-0.904227734,0.298258662
7934f1476fe2c6e458c230f491769c34,7400006,Mankey,0.0166666675,fighter,UpperChest,-0.05786705,1.18097043,-0.0307752,0.369220227,-0.296154082,-0.652897,0.5913502
7934f1476fe2c6e458c230f491769c34,7400006,Mankey,0.0333333351,source,AnimatorRoot,0,0,0,0,0,1.4465585E-16,1
7934f1476fe2c6e458c230f491769c34,7400006,Mankey,0.0333333351,source,Hips,-0.0260044187,0.7722502,-0.0472345464,-0.04775901,0.045766592,0.0288794152,0.9973919
7934f1476fe2c6e458c230f491769c34,7400006,Mankey,0.0333333351,source,LeftUpperLeg,-0.125677988,0.766912639,-0.0378047153,-0.644497037,-0.314456463,0.610938966,0.335401654
7934f1476fe2c6e458c230f491769c34,7400006,Mankey,0.0333333351,source,RightUpperLeg,0.073669374,0.77758795,-0.0566644222,0.486502349,-0.349770516,-0.5407113,0.590429962
7934f1476fe2c6e458c230f491769c34,7400006,Mankey,0.0333333351,source,LeftLowerLeg,-0.146455377,0.463068634,0.177104548,-0.4531725,-0.376335323,0.580423057,0.5622417
7934f1476fe2c6e458c230f491769c34,7400006,Mankey,0.0333333351,source,RightLowerLeg,0.137253687,0.412733078,-0.09881606,0.527167141,-0.126174182,-0.737053752,0.403642
7934f1476fe2c6e458c230f491769c34,7400006,Mankey,0.0333333351,source,LeftFoot,-0.161404148,0.117284149,0.212902248,0.485034049,0.1508052,-0.8226115,-0.2555594
7934f1476fe2c6e458c230f491769c34,7400006,Mankey,0.0333333351,source,RightFoot,0.09607794,0.159408182,-0.3337692,0.3159177,-0.3823186,-0.372386724,0.784446836
7934f1476fe2c6e458c230f491769c34,7400006,Mankey,0.0333333351,source,Spine,-0.03207876,0.8696452,-0.05631236,0.03819957,0.04909717,0.0442667268,0.9970812
7934f1476fe2c6e458c230f491769c34,7400006,Mankey,0.0333333351,source,Chest,-0.0468886234,1.04737067,-0.0385929421,0.109415084,0.0514492765,0.0488790348,0.9914597
7934f1476fe2c6e458c230f491769c34,7400006,Mankey,0.0333333351,source,Neck,-0.06413768,1.24416888,0.0075571537,0.290775985,0.0165588874,0.047064364,0.9554898
7934f1476fe2c6e458c230f491769c34,7400006,Mankey,0.0333333351,source,Head,-0.07111477,1.31597066,0.0559677742,0.108297892,0.06639277,-0.016278347,0.9917656
7934f1476fe2c6e458c230f491769c34,7400006,Mankey,0.0333333351,source,LeftShoulder,-0.08963312,1.1984303,0.001660857,0.08229742,0.278976649,0.09304183,0.9522304
7934f1476fe2c6e458c230f491769c34,7400006,Mankey,0.0333333351,source,RightShoulder,-0.0309343562,1.20484889,-0.00375312287,0.9889826,0.00459391344,-0.102136374,-0.107054345
7934f1476fe2c6e458c230f491769c34,7400006,Mankey,0.0333333351,source,LeftUpperArm,-0.207073286,1.16674793,0.07493197,-0.00277402042,0.479628,0.573552966,0.6640682
7934f1476fe2c6e458c230f491769c34,7400006,Mankey,0.0333333351,source,RightUpperArm,0.108099878,1.209238,-0.0323031843,0.8712845,-0.4893828,0.0310186222,0.0201406237
7934f1476fe2c6e458c230f491769c34,7400006,Mankey,0.0333333351,source,LeftLowerArm,-0.180335388,0.9947591,0.219981134,-0.5529634,0.721372843,0.416574419,0.0178568568
7934f1476fe2c6e458c230f491769c34,7400006,Mankey,0.0333333351,source,RightLowerArm,0.225712344,1.01630914,-0.0155899348,0.281138361,-0.284340471,0.746376753,0.5320091
7934f1476fe2c6e458c230f491769c34,7400006,Mankey,0.0333333351,source,LeftHand,-0.08866247,1.17982018,0.33496955,-0.6506888,0.682632446,0.296471745,-0.150737375
7934f1476fe2c6e458c230f491769c34,7400006,Mankey,0.0333333351,source,RightHand,0.160503358,1.16623724,0.155125126,0.100114241,-0.346564323,0.824393749,0.436171442
7934f1476fe2c6e458c230f491769c34,7400006,Mankey,0.0333333351,source,LeftToes,-0.101679958,0.0324222781,0.320848227,0.5080195,0.012880112,-0.861225665,-0.00637501059
7934f1476fe2c6e458c230f491769c34,7400006,Mankey,0.0333333351,source,RightToes,0.160512909,0.0357563235,-0.279185981,0.332572877,-0.3823531,-0.00458237343,0.862079263
7934f1476fe2c6e458c230f491769c34,7400006,Mankey,0.0333333351,source,LeftThumbProximal,-0.09847034,1.19333017,0.322436959,-0.6333669,0.5428611,-0.48788932,0.257123381
7934f1476fe2c6e458c230f491769c34,7400006,Mankey,0.0333333351,source,LeftThumbIntermediate,-0.0955498,1.23519957,0.307320148,-0.4999121,0.6998942,-0.396598756,0.320851684
7934f1476fe2c6e458c230f491769c34,7400006,Mankey,0.0333333351,source,LeftThumbDistal,-0.0867241,1.26381874,0.308897465,-0.0258966312,0.8826931,-0.120769069,0.4534288
7934f1476fe2c6e458c230f491769c34,7400006,Mankey,0.0333333351,source,LeftIndexProximal,-0.103440918,1.25889468,0.3359273,-0.301164776,0.9098462,0.133045867,-0.252544671
7934f1476fe2c6e458c230f491769c34,7400006,Mankey,0.0333333351,source,LeftIndexIntermediate,-0.08213313,1.27786481,0.324228227,0.226197541,0.932959437,-0.0255021043,-0.2788747
7934f1476fe2c6e458c230f491769c34,7400006,Mankey,0.0333333351,source,LeftIndexDistal,-0.06561686,1.2681551,0.3129043,0.695623338,0.6609086,-0.179689422,-0.216841713
7934f1476fe2c6e458c230f491769c34,7400006,Mankey,0.0333333351,source,LeftMiddleProximal,-0.0909489542,1.25605023,0.353127271,-0.293821037,0.9042385,0.152803615,-0.269580215
7934f1476fe2c6e458c230f491769c34,7400006,Mankey,0.0333333351,source,LeftMiddleIntermediate,-0.06854979,1.27620828,0.340064,0.21906136,0.9281944,-0.0229803417,-0.2998995
7934f1476fe2c6e458c230f491769c34,7400006,Mankey,0.0333333351,source,LeftMiddleDistal,-0.0527056865,1.2670089,0.328103155,0.6879263,0.657398,-0.199227229,-0.234295219
7934f1476fe2c6e458c230f491769c34,7400006,Mankey,0.0333333351,source,LeftRingProximal,-0.08038924,1.25261462,0.366901755,-0.206233829,0.907492638,0.162847608,-0.327727646
7934f1476fe2c6e458c230f491769c34,7400006,Mankey,0.0333333351,source,LeftRingIntermediate,-0.058461614,1.26768076,0.350375861,0.263024449,0.8949286,-0.0407935455,-0.358130485
7934f1476fe2c6e458c230f491769c34,7400006,Mankey,0.0333333351,source,LeftRingDistal,-0.0468480624,1.258085,0.338485748,0.6687974,0.6420765,-0.236456245,-0.290752053
7934f1476fe2c6e458c230f491769c34,7400006,Mankey,0.0333333351,source,LeftLittleProximal,-0.06716869,1.24523461,0.3771503,-0.216998488,0.8945268,0.18483983,-0.344337165
7934f1476fe2c6e458c230f491769c34,7400006,Mankey,0.0333333351,source,LeftLittleIntermediate,-0.04881624,1.25938308,0.362444669,0.209318325,0.899134338,-0.0197516959,-0.383866221
7934f1476fe2c6e458c230f491769c34,7400006,Mankey,0.0333333351,source,LeftLittleDistal,-0.0370820723,1.25194418,0.349487752,0.580791354,0.708484,-0.216530055,-0.337411553
7934f1476fe2c6e458c230f491769c34,7400006,Mankey,0.0333333351,source,RightThumbProximal,0.157098666,1.18477619,0.146153674,0.151005059,0.581167936,0.746042967,0.287857234
7934f1476fe2c6e458c230f491769c34,7400006,Mankey,0.0333333351,source,RightThumbIntermediate,0.121915407,1.21176648,0.141279221,-0.278313071,-0.48326093,-0.8270321,-0.07084392
7934f1476fe2c6e458c230f491769c34,7400006,Mankey,0.0333333351,source,RightThumbDistal,0.09687256,1.22334778,0.153031752,0.519942939,0.091289,0.6399615,-0.5583685
7934f1476fe2c6e458c230f491769c34,7400006,Mankey,0.0333333351,source,RightIndexProximal,0.126727879,1.23570359,0.1776094,0.110472627,0.2586796,-0.9414629,0.185819954
7934f1476fe2c6e458c230f491769c34,7400006,Mankey,0.0333333351,source,RightIndexIntermediate,0.0987751,1.22667968,0.16823189,-0.2568213,-0.0948094949,0.526808441,-0.804690838
7934f1476fe2c6e458c230f491769c34,7400006,Mankey,0.0333333351,source,RightIndexDistal,0.10828118,1.20889354,0.1588144,0.244217128,-0.132907972,0.230104834,0.9326017
7934f1476fe2c6e458c230f491769c34,7400006,Mankey,0.0333333351,source,RightMiddleProximal,0.123127788,1.22285891,0.194403365,0.177828744,0.273940623,-0.916519463,0.230924159
7934f1476fe2c6e458c230f491769c34,7400006,Mankey,0.0333333351,source,RightMiddleIntermediate,0.0958633944,1.21216023,0.1795436,-0.3151274,-0.03632929,0.449688882,-0.834958255
7934f1476fe2c6e458c230f491769c34,7400006,Mankey,0.0333333351,source,RightMiddleDistal,0.108841427,1.19622922,0.172016829,0.236763254,-0.233245179,0.3401172,0.879693568
7934f1476fe2c6e458c230f491769c34,7400006,Mankey,0.0333333351,source,RightRingProximal,0.1204793,1.21134233,0.20757179,0.227673426,0.320717663,-0.8682148,0.3025034
7934f1476fe2c6e458c230f491769c34,7400006,Mankey,0.0333333351,source,RightRingIntermediate,0.09813864,1.19946361,0.18911171,-0.3888146,-0.0176331662,0.349831969,-0.8521328
7934f1476fe2c6e458c230f491769c34,7400006,Mankey,0.0333333351,source,RightRingDistal,0.112617418,1.18828523,0.1833129,0.27240923,-0.3064285,0.43170014,0.803449
7934f1476fe2c6e458c230f491769c34,7400006,Mankey,0.0333333351,source,RightLittleProximal,0.117123127,1.19574654,0.216504738,0.310191631,0.338228881,-0.86666286,0.195648044
7934f1476fe2c6e458c230f491769c34,7400006,Mankey,0.0333333351,source,RightLittleIntermediate,0.0970604345,1.192201,0.198118225,-0.45640704,-0.00759881036,0.5056733,-0.7320722
7934f1476fe2c6e458c230f491769c34,7400006,Mankey,0.0333333351,source,RightLittleDistal,0.106346466,1.17826331,0.189139083,0.3150376,-0.3621778,0.220483854,0.849097252
7934f1476fe2c6e458c230f491769c34,7400006,Mankey,0.0333333351,fighter,AnimatorRoot,0,0,0,0,0,0,1
7934f1476fe2c6e458c230f491769c34,7400006,Mankey,0.0333333351,fighter,Hips,-0.0260044169,0.7722501,-0.0472345464,0.438093483,-0.516698241,-0.472342968,0.563905358
7934f1476fe2c6e458c230f491769c34,7400006,Mankey,0.0333333351,fighter,LeftUpperLeg,-0.146853775,0.771526337,-0.0372675471,0.338343948,0.607248843,0.323547,0.641942263
7934f1476fe2c6e458c230f491769c34,7400006,Mankey,0.0333333351,fighter,RightUpperLeg,0.09484494,0.772973955,-0.0572015643,0.540785968,0.5975413,0.479959726,0.346603155
7934f1476fe2c6e458c230f491769c34,7400006,Mankey,0.0333333351,fighter,LeftLowerLeg,-0.166296884,0.469138831,0.167916864,0.5539122,0.6125671,0.362846434,0.431607962
7934f1476fe2c6e458c230f491769c34,7400006,Mankey,0.0333333351,fighter,RightLowerLeg,0.158823773,0.4147142,-0.095586814,0.752715766,0.375956655,0.519827366,0.147835225
7934f1476fe2c6e458c230f491769c34,7400006,Mankey,0.0333333351,fighter,LeftFoot,-0.161404192,0.1172841,0.212902248,0.07856679,0.8943876,0.0456443131,0.437966853
7934f1476fe2c6e458c230f491769c34,7400006,Mankey,0.0333333351,fighter,RightFoot,0.09607797,0.159408137,-0.3337692,0.2518617,0.8644663,0.106828928,0.421724379
7934f1476fe2c6e458c230f491769c34,7400006,Mankey,0.0333333351,fighter,Spine,-0.0271885749,0.8166246,-0.0583700277,0.478377938,-0.477628261,-0.497617245,0.5435101
7934f1476fe2c6e458c230f491769c34,7400006,Mankey,0.0333333351,fighter,Chest,-0.03767504,1.0557816,-0.05555487,0.551498055,-0.393382877,-0.5717224,0.4628538
7934f1476fe2c6e458c230f491769c34,7400006,Mankey,0.0333333351,fighter,Neck,-0.0502890833,1.33383846,-0.00283077173,0.516125,-0.4248869,-0.561928749,0.487157583
7934f1476fe2c6e458c230f491769c34,7400006,Mankey,0.0333333351,fighter,Head,-0.0513922162,1.48054707,0.0218779761,0.508986652,-0.416321069,-0.5916932,0.46637848
7934f1476fe2c6e458c230f491769c34,7400006,Mankey,0.0333333351,fighter,LeftShoulder,-0.06915708,1.27994585,0.09479205,0.7472712,0.016218394,-0.153501,0.6463442
7934f1476fe2c6e458c230f491769c34,7400006,Mankey,0.0333333351,fighter,RightShoulder,-0.009340145,1.28359675,0.08984926,-0.0700448751,-0.645014763,-0.7093205,0.275525451
7934f1476fe2c6e458c230f491769c34,7400006,Mankey,0.0333333351,fighter,LeftUpperArm,-0.2712915,1.31691742,0.147934511,0.5949162,0.632145,0.0640715957,0.49230352
7934f1476fe2c6e458c230f491769c34,7400006,Mankey,0.0333333351,fighter,RightUpperArm,0.168600157,1.34738,-0.006682126,0.342800438,0.6323641,0.6316713,0.2891286
7934f1476fe2c6e458c230f491769c34,7400006,Mankey,0.0333333351,fighter,LeftLowerArm,-0.32556802,1.0871464,0.3018743,-0.152247161,0.9259772,-0.3229794,0.12276639
7934f1476fe2c6e458c230f491769c34,7400006,Mankey,0.0333333351,fighter,RightLowerArm,0.3370843,1.12223506,-0.02568077,-0.3128513,0.392419636,0.0428344458,0.8638846
7934f1476fe2c6e458c230f491769c34,7400006,Mankey,0.0333333351,fighter,LeftHand,-0.08866257,1.1798203,0.3349695,0.6446192,-0.654857,-0.393926084,-0.0212338567
7934f1476fe2c6e458c230f491769c34,7400006,Mankey,0.0333333351,fighter,RightHand,0.160503447,1.16623724,0.1551251,0.379648715,0.28858757,-0.4276452,0.767922044
7934f1476fe2c6e458c230f491769c34,7400006,Mankey,0.0333333351,fighter,LeftToes,0.0128137469,0.0915898755,0.431672424,0.109147348,0.8656556,0.0700326,0.483552337
7934f1476fe2c6e458c230f491769c34,7400006,Mankey,0.0333333351,fighter,RightToes,0.2467686,0.0339108221,-0.132734478,0.229746819,0.8932746,0.0939391553,0.3747695
7934f1476fe2c6e458c230f491769c34,7400006,Mankey,0.0333333351,fighter,LeftEye,-0.152759075,1.564993,0.238406584,0.47804296,-0.41100502,-0.476089656,-0.613098
7934f1476fe2c6e458c230f491769c34,7400006,Mankey,0.0333333351,fighter,RightEye,0.107459106,1.56028831,0.2028928,0.296241,-0.553522,-0.668436348,-0.398808122
7934f1476fe2c6e458c230f491769c34,7400006,Mankey,0.0333333351,fighter,Jaw,-0.0319296457,1.34933472,0.181843251,0.6541259,0.06715456,-0.7479467,-0.09047487
7934f1476fe2c6e458c230f491769c34,7400006,Mankey,0.0333333351,fighter,LeftThumbProximal,-0.09281597,1.2524935,0.3252747,0.546798,-0.7723096,-0.178552315,0.2695736
7934f1476fe2c6e458c230f491769c34,7400006,Mankey,0.0333333351,fighter,LeftThumbIntermediate,-0.08128788,1.29474843,0.3153437,0.5216371,-0.7943164,-0.301017016,0.07966074
7934f1476fe2c6e458c230f491769c34,7400006,Mankey,0.0333333351,fighter,LeftThumbDistal,-0.06411185,1.32873011,0.322611421,0.308151,-0.6906887,-0.5375627,-0.372853041
7934f1476fe2c6e458c230f491769c34,7400006,Mankey,0.0333333351,fighter,LeftMiddleProximal,-0.09257924,1.31039953,0.366073,0.234565347,-0.927911043,-0.212959662,0.1964919
7934f1476fe2c6e458c230f491769c34,7400006,Mankey,0.0333333351,fighter,LeftMiddleIntermediate,-0.04328696,1.34187675,0.3500161,-0.302960128,-0.911061347,-0.134129316,0.24534151
7934f1476fe2c6e458c230f491769c34,7400006,Mankey,0.0333333351,fighter,LeftMiddleDistal,-0.00615968276,1.31594193,0.321835548,-0.7383686,-0.6206491,-0.045424968,0.259892225
7934f1476fe2c6e458c230f491769c34,7400006,Mankey,0.0333333351,fighter,LeftRingProximal,-0.0597019978,1.29519355,0.4076968,0.148520559,-0.9236949,-0.240101665,0.259000272
7934f1476fe2c6e458c230f491769c34,7400006,Mankey,0.0333333351,fighter,LeftRingIntermediate,-0.01587146,1.316463,0.385979027,-0.339969724,-0.8811759,-0.101578981,0.3124617
7934f1476fe2c6e458c230f491769c34,7400006,Mankey,0.0333333351,fighter,LeftRingDistal,0.0155037157,1.28716159,0.352078944,-0.720040262,-0.6241943,0.03799054,0.300800174
7934f1476fe2c6e458c230f491769c34,7400006,Mankey,0.0333333351,fighter,LeftLittleProximal,-0.03038289,1.25365,0.4398817,0.165506765,-0.914277554,-0.2507211,0.2717412
7934f1476fe2c6e458c230f491769c34,7400006,Mankey,0.0333333351,fighter,LeftLittleIntermediate,0.0121572446,1.27706087,0.4178041,-0.294168,-0.8855554,-0.14510186,0.32894206
7934f1476fe2c6e458c230f491769c34,7400006,Mankey,0.0333333351,fighter,LeftLittleDistal,0.04593457,1.25351787,0.380849063,-0.659469,-0.679856837,0.00712603331,0.3206946
7934f1476fe2c6e458c230f491769c34,7400006,Mankey,0.0333333351,fighter,RightThumbProximal,0.1194071,1.22598708,0.1666859,-0.332000971,-0.0122793019,0.195702836,-0.9226729
7934f1476fe2c6e458c230f491769c34,7400006,Mankey,0.0333333351,fighter,RightThumbIntermediate,0.07795004,1.24184012,0.173539624,0.367780864,0.27472046,-0.1267038,0.8793253
7934f1476fe2c6e458c230f491769c34,7400006,Mankey,0.0333333351,fighter,RightThumbDistal,0.0462824926,1.24264479,0.195880309,-0.334034473,-0.8380643,-0.123755157,-0.4132243
7934f1476fe2c6e458c230f491769c34,7400006,Mankey,0.0333333351,fighter,RightMiddleProximal,0.09647942,1.26323,0.222408384,-0.2928809,0.141456127,-0.2923336,-0.8993066
7934f1476fe2c6e458c230f491769c34,7400006,Mankey,0.0333333351,fighter,RightMiddleIntermediate,0.0486233756,1.236366,0.196592316,0.222737208,-0.325316638,0.8579543,0.329351246
7934f1476fe2c6e458c230f491769c34,7400006,Mankey,0.0333333351,fighter,RightMiddleDistal,0.08509899,1.21395147,0.164775789,0.05957973,0.340788066,-0.840648353,0.416683167
7934f1476fe2c6e458c230f491769c34,7400006,Mankey,0.0333333351,fighter,RightRingProximal,0.0905014053,1.22413862,0.260889947,-0.3927146,0.1883882,-0.3454895,-0.831217647
7934f1476fe2c6e458c230f491769c34,7400006,Mankey,0.0333333351,fighter,RightRingIntermediate,0.05368089,1.20139468,0.22971046,0.197285309,-0.412298381,0.8566393,0.239287123
7934f1476fe2c6e458c230f491769c34,7400006,Mankey,0.0333333351,fighter,RightRingDistal,0.0978599,1.18786776,0.2004279,0.189991385,0.395162016,-0.763906062,0.473496139
7934f1476fe2c6e458c230f491769c34,7400006,Mankey,0.0333333351,fighter,RightLittleProximal,0.0999901742,1.16872358,0.2823494,-0.3866642,0.245992482,-0.215381533,-0.8623165
7934f1476fe2c6e458c230f491769c34,7400006,Mankey,0.0333333351,fighter,RightLittleIntermediate,0.058054138,1.15905714,0.2508356,0.22438325,-0.446002334,0.7629603,0.410641253
7934f1476fe2c6e458c230f491769c34,7400006,Mankey,0.0333333351,fighter,RightLittleDistal,0.08915009,1.13546324,0.211627349,0.221959382,0.427384853,-0.8331045,0.2720539
7934f1476fe2c6e458c230f491769c34,7400006,Mankey,0.0333333351,fighter,UpperChest,-0.0420665368,1.17082155,-0.02372964,0.5264732,-0.426293552,-0.542421937,0.4968688
7934f1476fe2c6e458c230f491769c34,7400006,Mankey,0.05,source,AnimatorRoot,0,0,0,0,0,2.16983768E-16,1
7934f1476fe2c6e458c230f491769c34,7400006,Mankey,0.05,source,Hips,-0.0246021133,0.760026,-0.04364636,-0.03348311,-0.06402397,0.0238794815,0.9971006
7934f1476fe2c6e458c230f491769c34,7400006,Mankey,0.05,source,LeftUpperLeg,-0.123926632,0.7548216,-0.05628699,-0.6851873,-0.335810632,0.586378157,0.271864265
7934f1476fe2c6e458c230f491769c34,7400006,Mankey,0.05,source,RightUpperLeg,0.07472264,0.7652305,-0.031005716,0.553642,-0.396174639,-0.51093173,0.524857
7934f1476fe2c6e458c230f491769c34,7400006,Mankey,0.05,source,LeftLowerLeg,-0.156274885,0.464446962,0.175175786,-0.4664632,-0.401171178,0.5790766,0.5349245
7934f1476fe2c6e458c230f491769c34,7400006,Mankey,0.05,source,RightLowerLeg,0.135848612,0.4018004,-0.0868713,0.6169405,-0.160091221,-0.694244564,0.334334671
7934f1476fe2c6e458c230f491769c34,7400006,Mankey,0.05,source,LeftFoot,-0.158872128,0.118654832,0.213813648,0.489979565,0.159488365,-0.8164617,-0.260526448
7934f1476fe2c6e458c230f491769c34,7400006,Mankey,0.05,source,RightFoot,0.130556166,0.1715406,-0.347686082,0.3720417,-0.4861619,-0.3898195,0.687948048
7934f1476fe2c6e458c230f491769c34,7400006,Mankey,0.05,source,Spine,-0.02884898,0.8577,-0.0504900664,0.0216971841,-0.06754182,0.0256446712,0.9971508
7934f1476fe2c6e458c230f491769c34,7400006,Mankey,0.05,source,Chest,-0.03898147,1.03632939,-0.0400742777,0.109887309,-0.110623658,0.06313031,0.985749245
7934f1476fe2c6e458c230f491769c34,7400006,Mankey,0.05,source,Neck,-0.06939746,1.23241651,0.00213505654,0.316815376,-0.106002808,0.0678131,0.9401026
7934f1476fe2c6e458c230f491769c34,7400006,Mankey,0.05,source,Head,-0.0863099247,1.30105519,0.05263732,0.0646700561,0.0102010481,-0.009739229,0.997806966
7934f1476fe2c6e458c230f491769c34,7400006,Mankey,0.05,source,LeftShoulder,-0.09182847,1.18704367,-0.0125263585,0.06913953,0.170939326,0.106076144,0.977111757
7934f1476fe2c6e458c230f491769c34,7400006,Mankey,0.05,source,RightShoulder,-0.03445673,1.192986,0.00122963684,0.992304862,0.0190685634,0.0419042669,-0.114940882
7934f1476fe2c6e458c230f491769c34,7400006,Mankey,0.05,source,LeftUpperArm,-0.222336337,1.15425062,0.03282715,-0.0172409974,0.415377766,0.573331535,0.706013739
7934f1476fe2c6e458c230f491769c34,7400006,Mankey,0.05,source,RightUpperArm,0.106944792,1.1969856,0.01365952,0.9164753,-0.357020557,0.180164292,0.0122638261
7934f1476fe2c6e458c230f491769c34,7400006,Mankey,0.05,source,LeftLowerArm,-0.221771121,0.9740734,0.170195729,-0.542530954,0.7547744,0.368514925,-0.0131507982
7934f1476fe2c6e458c230f491769c34,7400006,Mankey,0.05,source,RightLowerArm,0.261049569,1.04972291,0.09046485,0.2425821,-0.32585153,0.792697,0.4545398
7934f1476fe2c6e458c230f491769c34,7400006,Mankey,0.05,source,LeftHand,-0.124626279,1.16995144,0.260020882,-0.71637857,0.60431695,0.345407069,-0.0479275
7934f1476fe2c6e458c230f491769c34,7400006,Mankey,0.05,source,RightHand,0.150163412,1.18269134,0.2513931,0.04017157,-0.48014918,0.809157968,0.33631292
7934f1476fe2c6e458c230f491769c34,7400006,Mankey,0.05,source,LeftToes,-0.101359688,0.0315517858,0.321173817,0.5154506,0.0148620084,-0.8567901,-0.000838613138
7934f1476fe2c6e458c230f491769c34,7400006,Mankey,0.05,source,RightToes,0.164003789,0.0370629355,-0.290958554,0.31681934,-0.5038171,0.008004411,0.8035732
7934f1476fe2c6e458c230f491769c34,7400006,Mankey,0.05,source,LeftThumbProximal,-0.135093957,1.18525875,0.250434726,-0.6545236,0.512165666,-0.3785928,0.407373548
7934f1476fe2c6e458c230f491769c34,7400006,Mankey,0.05,source,LeftThumbIntermediate,-0.143512383,1.22892821,0.246941268,-0.573757,0.6397991,-0.2830597,0.425837725
7934f1476fe2c6e458c230f491769c34,7400006,Mankey,0.05,source,LeftThumbDistal,-0.144144267,1.25817668,0.253541768,-0.3088453,0.8253053,-0.07311519,0.467055082
7934f1476fe2c6e458c230f491769c34,7400006,Mankey,0.05,source,LeftIndexProximal,-0.149342567,1.24391079,0.2798,-0.5639845,0.77007246,0.2764708,-0.111687578
7934f1476fe2c6e458c230f491769c34,7400006,Mankey,0.05,source,LeftIndexIntermediate,-0.138893068,1.27259839,0.284111559,-0.275724322,0.9157821,0.219628051,-0.192570135
7934f1476fe2c6e458c230f491769c34,7400006,Mankey,0.05,source,LeftIndexDistal,-0.1216722,1.28571987,0.278957427,0.06003787,0.9562154,0.13378638,-0.2532771
7934f1476fe2c6e458c230f491769c34,7400006,Mankey,0.05,source,LeftMiddleProximal,-0.137924969,1.23783636,0.296909,-0.5583873,0.767616868,0.2914319,-0.118472531
7934f1476fe2c6e458c230f491769c34,7400006,Mankey,0.05,source,LeftMiddleIntermediate,-0.1264843,1.26826,0.301624566,-0.280530751,0.9118348,0.225793511,-0.197174072
7934f1476fe2c6e458c230f491769c34,7400006,Mankey,0.05,source,LeftMiddleDistal,-0.109749451,1.28140163,0.296528757,0.0576756075,0.956033051,0.128189325,-0.257376343
7934f1476fe2c6e458c230f491769c34,7400006,Mankey,0.05,source,LeftRingProximal,-0.128084868,1.23191988,0.310370564,-0.495279431,0.79578644,0.308596253,-0.161835909
7934f1476fe2c6e458c230f491769c34,7400006,Mankey,0.05,source,LeftRingIntermediate,-0.11377126,1.25973642,0.31187728,-0.237222716,0.9143683,0.226386085,-0.2374988
7934f1476fe2c6e458c230f491769c34,7400006,Mankey,0.05,source,LeftRingDistal,-0.09890435,1.270126,0.305603176,0.0592222959,0.947367966,0.118549451,-0.291433722
7934f1476fe2c6e458c230f491769c34,7400006,Mankey,0.05,source,LeftLittleProximal,-0.114846766,1.22344661,0.319710761,-0.501717,0.7843423,0.324896634,-0.165921181
7934f1476fe2c6e458c230f491769c34,7400006,Mankey,0.05,source,LeftLittleIntermediate,-0.102729566,1.24800622,0.3215149,-0.268639117,0.901442945,0.241102383,-0.238963753
7934f1476fe2c6e458c230f491769c34,7400006,Mankey,0.05,source,LeftLittleDistal,-0.08864362,1.25939631,0.3157911,-0.013204366,0.946626067,0.1381929,-0.290909052
7934f1476fe2c6e458c230f491769c34,7400006,Mankey,0.05,source,RightThumbProximal,0.147283658,1.20247555,0.245387882,0.04803654,0.463673,0.8251363,0.319139361
7934f1476fe2c6e458c230f491769c34,7400006,Mankey,0.05,source,RightThumbIntermediate,0.111965917,1.22795737,0.235721946,-0.144455552,-0.395110965,-0.904034,-0.0757778138
7934f1476fe2c6e458c230f491769c34,7400006,Mankey,0.05,source,RightThumbDistal,0.08357204,1.23548973,0.241759315,0.362419039,0.126514256,0.6888985,-0.6148705
7934f1476fe2c6e458c230f491769c34,7400006,Mankey,0.05,source,RightIndexProximal,0.104178734,1.24407649,0.275666535,0.2489506,0.326466471,-0.877624035,0.247426018
7934f1476fe2c6e458c230f491769c34,7400006,Mankey,0.05,source,RightIndexIntermediate,0.08094094,1.2356993,0.257212371,-0.4028491,-0.04299375,0.439493537,-0.8016918
7934f1476fe2c6e458c230f491769c34,7400006,Mankey,0.05,source,RightIndexDistal,0.09452016,1.22078645,0.247798935,0.306051284,-0.27478,0.2863797,0.8653415
7934f1476fe2c6e458c230f491769c34,7400006,Mankey,0.05,source,RightMiddleProximal,0.09762789,1.227858,0.2880775,0.315573156,0.335458338,-0.840205967,0.286243349
7934f1476fe2c6e458c230f491769c34,7400006,Mankey,0.05,source,RightMiddleIntermediate,0.0767063946,1.219017,0.264355183,-0.454810023,0.0240551252,0.35993433,-0.814258337
7934f1476fe2c6e458c230f491769c34,7400006,Mankey,0.05,source,RightMiddleDistal,0.09289621,1.2057116,0.258051574,0.282144755,-0.3773114,0.381445646,0.795317352
7934f1476fe2c6e458c230f491769c34,7400006,Mankey,0.05,source,RightRingProximal,0.09281681,1.21373868,0.297593445,0.3629919,0.368695021,-0.7780337,0.356321
7934f1476fe2c6e458c230f491769c34,7400006,Mankey,0.05,source,RightRingIntermediate,0.07770409,1.20475566,0.271672517,-0.515756369,0.0517245568,0.252427131,-0.8170686
7934f1476fe2c6e458c230f491769c34,7400006,Mankey,0.05,source,RightRingDistal,0.09434417,1.1958158,0.268295527,0.2998066,-0.446214348,0.466166854,0.702635944
7934f1476fe2c6e458c230f491769c34,7400006,Mankey,0.05,source,RightLittleProximal,0.08891441,1.19647372,0.302174121,0.4326525,0.404243439,-0.7675902,0.245366022
7934f1476fe2c6e458c230f491769c34,7400006,Mankey,0.05,source,RightLittleIntermediate,0.0750477538,1.19573808,0.278502941,-0.5927158,0.02642419,0.4022705,-0.6972577
7934f1476fe2c6e458c230f491769c34,7400006,Mankey,0.05,source,RightLittleDistal,0.0878764242,1.184482,0.2701459,0.3783384,-0.4847719,0.2606549,0.744255066
7934f1476fe2c6e458c230f491769c34,7400006,Mankey,0.05,fighter,AnimatorRoot,0,0,0,0,0,0,1
7934f1476fe2c6e458c230f491769c34,7400006,Mankey,0.05,fighter,Hips,-0.0246021114,0.7600259,-0.043646358,0.4940651,-0.568303645,-0.435653359,0.493089
7934f1476fe2c6e458c230f491769c34,7400006,Mankey,0.05,fighter,LeftUpperLeg,-0.14476417,0.760987639,-0.05991227,0.2915336,0.5884226,0.3377823,0.6742924
7934f1476fe2c6e458c230f491769c34,7400006,Mankey,0.05,fighter,RightUpperLeg,0.0955599546,0.7590642,-0.0273804627,0.51001215,0.529824436,0.55001235,0.395803034
7934f1476fe2c6e458c230f491769c34,7400006,Mankey,0.05,fighter,LeftLowerLeg,-0.173791856,0.468735725,0.1584064,0.531567633,0.6198552,0.369875729,0.443178952
7934f1476fe2c6e458c230f491769c34,7400006,Mankey,0.05,fighter,RightLowerLeg,0.156472847,0.4019639,-0.0792042539,0.7098981,0.30241996,0.6099298,0.1804786
7934f1476fe2c6e458c230f491769c34,7400006,Mankey,0.05,fighter,LeftFoot,-0.158872128,0.118654706,0.213813633,0.08416794,0.8899902,0.0535925031,0.4449286
7934f1476fe2c6e458c230f491769c34,7400006,Mankey,0.05,fighter,RightFoot,0.130556166,0.171540558,-0.347686082,0.3052312,0.7779897,0.150294483,0.528183341
7934f1476fe2c6e458c230f491769c34,7400006,Mankey,0.05,fighter,Spine,-0.0229767,0.80479455,-0.053006947,0.513373733,-0.5554226,-0.44927156,0.475508422
7934f1476fe2c6e458c230f491769c34,7400006,Mankey,0.05,fighter,Chest,-0.0199182164,1.04415977,-0.0559953861,0.636953354,-0.4644776,-0.48305884,0.381058127
7934f1476fe2c6e458c230f491769c34,7400006,Mankey,0.05,fighter,Neck,-0.0434290171,1.32166171,-0.004087943,0.567523539,-0.4899441,-0.49404636,0.4402164
7934f1476fe2c6e458c230f491769c34,7400006,Mankey,0.05,fighter,Head,-0.048152186,1.46911407,0.0151644824,0.5215936,-0.465973228,-0.5415348,0.466421843
7934f1476fe2c6e458c230f491769c34,7400006,Mankey,0.05,fighter,LeftShoulder,-0.0937205,1.26686907,0.0811127648,0.7713326,-0.05724755,-0.07115963,0.6298454
7934f1476fe2c6e458c230f491769c34,7400006,Mankey,0.05,fighter,RightShoulder,-0.03543134,1.26907539,0.0957186744,0.0279927254,-0.674714148,-0.7175331,0.1706573
7934f1476fe2c6e458c230f491769c34,7400006,Mankey,0.05,fighter,LeftUpperArm,-0.302427977,1.3046391,0.08910631,0.5797152,0.6210476,0.09157401,0.519465744
7934f1476fe2c6e458c230f491769c34,7400006,Mankey,0.05,fighter,RightUpperArm,0.164121255,1.32907379,0.0553664379,0.1460971,0.6766564,0.64258343,0.328448832
7934f1476fe2c6e458c230f491769c34,7400006,Mankey,0.05,fighter,LeftLowerArm,-0.36213088,1.07487714,0.2410372,-0.161615625,0.9120854,-0.361963153,0.104706019
7934f1476fe2c6e458c230f491769c34,7400006,Mankey,0.05,fighter,RightLowerArm,0.373126537,1.15437686,0.127725959,-0.3505292,0.253063351,0.0372034,0.900946438
7934f1476fe2c6e458c230f491769c34,7400006,Mankey,0.05,fighter,LeftHand,-0.124626338,1.1699512,0.260021,0.6903095,-0.5563034,-0.448258758,-0.114295736
7934f1476fe2c6e458c230f491769c34,7400006,Mankey,0.05,fighter,RightHand,0.150163591,1.18269122,0.25139305,0.498077482,0.2341401,-0.306901932,0.776472
7934f1476fe2c6e458c230f491769c34,7400006,Mankey,0.05,fighter,LeftToes,0.0114733772,0.088150546,0.435002148,0.103107959,0.862076938,0.072766304,0.490813136
7934f1476fe2c6e458c230f491769c34,7400006,Mankey,0.05,fighter,RightToes,0.206859142,0.0139490841,-0.128106967,0.2474896,0.827526033,0.110230982,0.491730779
7934f1476fe2c6e458c230f491769c34,7400006,Mankey,0.05,fighter,LeftEye,-0.173338488,1.57113039,0.2106435,0.532155037,-0.395053864,-0.431865752,-0.6117481
7934f1476fe2c6e458c230f491769c34,7400006,Mankey,0.05,fighter,RightEye,0.0892296,1.56637144,0.204969421,0.352585018,-0.55839026,-0.6268665,-0.4134282
7934f1476fe2c6e458c230f491769c34,7400006,Mankey,0.05,fighter,Jaw,-0.046537362,1.35275948,0.187336922,0.698215067,0.0410693,-0.7125986,-0.0548885874
7934f1476fe2c6e458c230f491769c34,7400006,Mankey,0.05,fighter,LeftThumbProximal,-0.137218148,1.241733,0.2690484,0.686960042,-0.675203,-0.184984609,0.1948542
7934f1476fe2c6e458c230f491769c34,7400006,Mankey,0.05,fighter,LeftThumbIntermediate,-0.138105586,1.28663325,0.268645078,0.6493678,-0.6949949,-0.2996617,0.07420978
7934f1476fe2c6e458c230f491769c34,7400006,Mankey,0.05,fighter,LeftThumbDistal,-0.132460415,1.32334566,0.2797325,0.5194826,-0.662637532,-0.5082361,-0.180958539
7934f1476fe2c6e458c230f491769c34,7400006,Mankey,0.05,fighter,LeftMiddleProximal,-0.1474065,1.28623593,0.323208958,0.49009037,-0.7881207,-0.359762281,0.0961708
7934f1476fe2c6e458c230f491769c34,7400006,Mankey,0.05,fighter,LeftMiddleIntermediate,-0.117013432,1.33728456,0.3354019,0.186314344,-0.8854812,-0.3788404,0.194139838
7934f1476fe2c6e458c230f491769c34,7400006,Mankey,0.05,fighter,LeftMiddleDistal,-0.0713973,1.36273074,0.3245926,-0.111842692,-0.8760818,-0.356193,0.305120915
7934f1476fe2c6e458c230f491769c34,7400006,Mankey,0.05,fighter,LeftRingProximal,-0.116102725,1.26383615,0.362743765,0.425841033,-0.8125864,-0.374761879,0.133853272
7934f1476fe2c6e458c230f491769c34,7400006,Mankey,0.05,fighter,LeftRingIntermediate,-0.08401967,1.3061024,0.368165433,0.149057239,-0.8984158,-0.346556276,0.224789485
7934f1476fe2c6e458c230f491769c34,7400006,Mankey,0.05,fighter,LeftRingDistal,-0.0372775681,1.32927573,0.3517224,-0.113696426,-0.8980259,-0.2952929,0.305655539
7934f1476fe2c6e458c230f491769c34,7400006,Mankey,0.05,fighter,LeftLittleProximal,-0.08426578,1.21838915,0.386031717,0.4342342,-0.8035836,-0.384633124,0.1332357
7934f1476fe2c6e458c230f491769c34,7400006,Mankey,0.05,fighter,LeftLittleIntermediate,-0.0529351942,1.26108158,0.3924277,0.176782608,-0.8791709,-0.378077716,0.229921326
7934f1476fe2c6e458c230f491769c34,7400006,Mankey,0.05,fighter,LeftLittleDistal,-0.006917729,1.28789771,0.377456456,-0.07264531,-0.893415332,-0.324716657,0.301813483
7934f1476fe2c6e458c230f491769c34,7400006,Mankey,0.05,fighter,RightThumbProximal,0.101175822,1.23645282,0.2615174,-0.446587473,0.07676068,0.107753605,-0.8849052
7934f1476fe2c6e458c230f491769c34,7400006,Mankey,0.05,fighter,RightThumbIntermediate,0.0578371659,1.24809659,0.2597387,0.456710935,0.182560623,-0.01159516,0.8706051
7934f1476fe2c6e458c230f491769c34,7400006,Mankey,0.05,fighter,RightThumbDistal,0.0216682367,1.24241531,0.27247116,-0.319563538,-0.772376,-0.268296838,-0.478886068
7934f1476fe2c6e458c230f491769c34,7400006,Mankey,0.05,fighter,RightMiddleProximal,0.06017079,1.26006138,0.314232826,-0.342178315,0.27606,-0.3505068,-0.8269527
7934f1476fe2c6e458c230f491769c34,7400006,Mankey,0.05,fighter,RightMiddleIntermediate,0.0236676876,1.23636055,0.2719939,0.152525038,-0.4392934,0.856902063,0.222434223
7934f1476fe2c6e458c230f491769c34,7400006,Mankey,0.05,fighter,RightMiddleDistal,0.06924779,1.22317469,0.2476267,0.196412951,0.3662924,-0.76876837,0.486053169
7934f1476fe2c6e458c230f491769c34,7400006,Mankey,0.05,fighter,RightRingProximal,0.04839319,1.21358514,0.341545165,-0.4288606,0.314576119,-0.408300966,-0.7418971
7934f1476fe2c6e458c230f491769c34,7400006,Mankey,0.05,fighter,RightRingIntermediate,0.0233944524,1.1956619,0.297967553,0.122428343,-0.5138747,0.839872062,0.124737695
7934f1476fe2c6e458c230f491769c34,7400006,Mankey,0.05,fighter,RightRingDistal,0.0747536346,1.19108307,0.279705763,0.3179276,0.410241961,-0.6681304,0.53312856
7934f1476fe2c6e458c230f491769c34,7400006,Mankey,0.05,fighter,RightLittleProximal,0.0577826761,1.15552008,0.354259759,-0.4471819,0.361750066,-0.275516659,-0.7702312
7934f1476fe2c6e458c230f491769c34,7400006,Mankey,0.05,fighter,RightLittleIntermediate,0.0265009422,1.15013874,0.311391532,0.1798651,-0.559838235,0.7548659,0.290530384
7934f1476fe2c6e458c230f491769c34,7400006,Mankey,0.05,fighter,RightLittleDistal,0.06890705,1.13701355,0.2783708,0.337676823,0.477171481,-0.7373992,0.3384154
7934f1476fe2c6e458c230f491769c34,7400006,Mankey,0.05,fighter,UpperChest,-0.0320809,1.15880549,-0.0247750245,0.607432365,-0.5024689,-0.458913267,0.409816682
7934f1476fe2c6e458c230f491769c34,7400006,Mankey,0.06666667,source,AnimatorRoot,0,0,0,0,0,2.893117E-16,1
7934f1476fe2c6e458c230f491769c34,7400006,Mankey,0.06666667,source,Hips,-0.0293190386,0.7471791,-0.0386562534,-0.0287272856,-0.114997253,0.009722053,0.992902756
7934f1476fe2c6e458c230f491769c34,7400006,Mankey,0.06666667,source,LeftUpperLeg,-0.126909137,0.744581044,-0.06149602,-0.6963364,-0.3394218,0.582750857,0.245581061
7934f1476fe2c6e458c230f491769c34,7400006,Mankey,0.06666667,source,RightUpperLeg,0.06827128,0.7497774,-0.0158164538,0.596459031,-0.423891217,-0.4972197,0.466181636
7934f1476fe2c6e458c230f491769c34,7400006,Mankey,0.06666667,source,LeftLowerLeg,-0.160601079,0.461694121,0.1788761,-0.4615658,-0.420804769,0.57286185,0.5307635
7934f1476fe2c6e458c230f491769c34,7400006,Mankey,0.06666667,source,RightLowerLeg,0.122758135,0.38849175,-0.08959076,0.6832242,-0.181577578,-0.651983,0.2741398
7934f1476fe2c6e458c230f491769c34,7400006,Mankey,0.06666667,source,LeftFoot,-0.1569495,0.11493504,0.207453892,0.5059505,0.149989232,-0.8131095,-0.24570398
7934f1476fe2c6e458c230f491769c34,7400006,Mankey,0.06666667,source,RightFoot,0.1519496,0.177776009,-0.36494264,0.410218537,-0.5561066,-0.371325731,0.6201479
7934f1476fe2c6e458c230f491769c34,7400006,Mankey,0.06666667,source,Spine,-0.0305635948,0.8450044,-0.0444662981,0.00173589459,-0.123194136,-0.00420016469,0.9923723
7934f1476fe2c6e458c230f491769c34,7400006,Mankey,0.06666667,source,Chest,-0.0299573857,1.02417779,-0.0404479,0.101436831,-0.228033513,0.05995729,0.9664971
7934f1476fe2c6e458c230f491769c34,7400006,Mankey,0.06666667,source,Neck,-0.0633466542,1.22115612,-0.00521176774,0.307783,-0.193302214,0.09290539,0.9269697
7934f1476fe2c6e458c230f491769c34,7400006,Mankey,0.06666667,source,Head,-0.08864824,1.29007435,0.0412412919,0.09722097,-0.0454470925,-0.0110892272,0.994163
7934f1476fe2c6e458c230f491769c34,7400006,Mankey,0.06666667,source,LeftShoulder,-0.08310607,1.17650628,-0.0250299424,0.0615643077,0.0440895744,0.09794123,0.9923072
7934f1476fe2c6e458c230f491769c34,7400006,Mankey,0.06666667,source,RightShoulder,-0.0304035749,1.18063915,0.00182933186,0.9697484,0.0117841838,0.216154918,-0.1128121
7934f1476fe2c6e458c230f491769c34,7400006,Mankey,0.06666667,source,LeftUpperArm,-0.221831933,1.14813387,-0.0143170711,-0.0574892759,0.343865335,0.5479279,0.760412157
7934f1476fe2c6e458c230f491769c34,7400006,Mankey,0.06666667,source,RightUpperArm,0.0982912257,1.17695284,0.06173713,0.9243098,-0.189531013,0.3301276,0.0273050033
7934f1476fe2c6e458c230f491769c34,7400006,Mankey,0.06666667,source,LeftLowerArm,-0.2587774,0.9682899,0.118444055,-0.5303633,0.778799355,0.3335407,0.0306137633
7934f1476fe2c6e458c230f491769c34,7400006,Mankey,0.06666667,source,RightLowerArm,0.259199381,1.10165858,0.202353552,0.2988973,-0.273109883,0.841315866,0.358133644
7934f1476fe2c6e458c230f491769c34,7400006,Mankey,0.06666667,source,LeftHand,-0.155822262,1.1587317,0.213344127,-0.7068418,0.6499015,0.265316784,-0.08723623
7934f1476fe2c6e458c230f491769c34,7400006,Mankey,0.06666667,source,RightHand,0.125690669,1.205507,0.367475331,0.123865165,-0.4719285,0.855608761,0.172844827
7934f1476fe2c6e458c230f491769c34,7400006,Mankey,0.06666667,source,LeftToes,-0.101953387,0.03237923,0.319618136,0.5277554,0.009563147,-0.8493072,-0.007773038
7934f1476fe2c6e458c230f491769c34,7400006,Mankey,0.06666667,source,RightToes,0.167780831,0.04049713,-0.3072811,0.303969741,-0.587013,0.0293689035,0.7497705
7934f1476fe2c6e458c230f491769c34,7400006,Mankey,0.06666667,source,LeftThumbProximal,-0.16494377,1.172354,0.200420707,-0.709784031,0.4418073,-0.4160712,0.357628167
7934f1476fe2c6e458c230f491769c34,7400006,Mankey,0.06666667,source,LeftThumbIntermediate,-0.176693439,1.21360862,0.188168988,-0.662976444,0.551808,-0.350041181,0.36529687
7934f1476fe2c6e458c230f491769c34,7400006,Mankey,0.06666667,source,LeftThumbDistal,-0.18107079,1.2432214,0.18633984,-0.548882544,0.6969117,-0.235712558,0.396840453
7934f1476fe2c6e458c230f491769c34,7400006,Mankey,0.06666667,source,LeftIndexProximal,-0.178129911,1.235915,0.217495024,-0.6739962,0.6976836,0.223699331,-0.0944762
7934f1476fe2c6e458c230f491769c34,7400006,Mankey,0.06666667,source,LeftIndexIntermediate,-0.17586039,1.266217,0.222727969,-0.5541203,0.7979962,0.201027736,-0.125461817
7934f1476fe2c6e458c230f491769c34,7400006,Mankey,0.06666667,source,LeftIndexDistal,-0.1679726,1.28702152,0.223229825,-0.404895335,0.884677768,0.170809418,-0.155658066
7934f1476fe2c6e458c230f491769c34,7400006,Mankey,0.06666667,source,LeftMiddleProximal,-0.168077186,1.23272347,0.236169457,-0.6680246,0.7000435,0.2362422,-0.0887263045
7934f1476fe2c6e458c230f491769c34,7400006,Mankey,0.06666667,source,LeftMiddleIntermediate,-0.165064052,1.26481891,0.24245584,-0.5560867,0.796473861,0.207515121,-0.115475968
7934f1476fe2c6e458c230f491769c34,7400006,Mankey,0.06666667,source,LeftMiddleDistal,-0.157299533,1.285249,0.243480742,-0.403589249,0.8874197,0.170140281,-0.143717572
7934f1476fe2c6e458c230f491769c34,7400006,Mankey,0.06666667,source,LeftRingProximal,-0.159367964,1.2290653,0.2511298,-0.6152603,0.7390592,0.255105555,-0.100833781
7934f1476fe2c6e458c230f491769c34,7400006,Mankey,0.06666667,source,LeftRingIntermediate,-0.152396873,1.25915945,0.256293476,-0.515180647,0.8191018,0.219391137,-0.124615446
7934f1476fe2c6e458c230f491769c34,7400006,Mankey,0.06666667,source,LeftRingDistal,-0.14398846,1.27640617,0.256714,-0.385186642,0.8934567,0.176911443,-0.148557156
7934f1476fe2c6e458c230f491769c34,7400006,Mankey,0.06666667,source,LeftLittleProximal,-0.147142574,1.22200871,0.26274997,-0.617706954,0.732721567,0.269661427,-0.0940232947
7934f1476fe2c6e458c230f491769c34,7400006,Mankey,0.06666667,source,LeftLittleIntermediate,-0.141126618,1.2482444,0.268111825,-0.5267656,0.8099292,0.230673984,-0.115422748
7934f1476fe2c6e458c230f491769c34,7400006,Mankey,0.06666667,source,LeftLittleDistal,-0.133178219,1.26546633,0.269176573,-0.418585,0.878360868,0.187307358,-0.134852439
7934f1476fe2c6e458c230f491769c34,7400006,Mankey,0.06666667,source,RightThumbProximal,0.115795948,1.22291028,0.3615598,-0.0464926139,0.456487447,0.873577237,0.162238717
7934f1476fe2c6e458c230f491769c34,7400006,Mankey,0.06666667,source,RightThumbIntermediate,0.07372663,1.23366141,0.351328641,-0.0589308739,-0.409271449,-0.9057619,0.0928453058
7934f1476fe2c6e458c230f491769c34,7400006,Mankey,0.06666667,source,RightThumbDistal,0.0444619842,1.230064,0.3568096,0.3217284,0.1946242,0.5649732,-0.7344513
7934f1476fe2c6e458c230f491769c34,7400006,Mankey,0.06666667,source,RightIndexProximal,0.0598396659,1.245154,0.391217232,0.193052426,0.370114863,-0.8108939,0.410119057
7934f1476fe2c6e458c230f491769c34,7400006,Mankey,0.06666667,source,RightIndexIntermediate,0.04167466,1.22905314,0.3722035,-0.396461368,-0.11274042,0.276323944,-0.8681902
7934f1476fe2c6e458c230f491769c34,7400006,Mankey,0.06666667,source,RightIndexDistal,0.0599693246,1.22036493,0.3629719,0.354478031,-0.222367063,0.445708126,0.791355669
7934f1476fe2c6e458c230f491769c34,7400006,Mankey,0.06666667,source,RightMiddleProximal,0.05954488,1.22747815,0.403360754,0.2566375,0.3908988,-0.7661257,0.440893769
7934f1476fe2c6e458c230f491769c34,7400006,Mankey,0.06666667,source,RightMiddleIntermediate,0.0437937155,1.21188247,0.379126519,-0.459408164,-0.0561046079,0.195700616,-0.864580035
7934f1476fe2c6e458c230f491769c34,7400006,Mankey,0.06666667,source,RightMiddleDistal,0.0638646,1.20560646,0.3730726,0.348977685,-0.327416062,0.5250457,0.7038048
7934f1476fe2c6e458c230f491769c34,7400006,Mankey,0.06666667,source,RightRingProximal,0.06013886,1.21243942,0.412663341,0.2967317,0.431422472,-0.691208363,0.4980528
7934f1476fe2c6e458c230f491769c34,7400006,Mankey,0.06666667,source,RightRingIntermediate,0.0498734042,1.19889367,0.386355251,-0.523427248,-0.03976854,0.0891542956,-0.8464603
7934f1476fe2c6e458c230f491769c34,7400006,Mankey,0.06666667,source,RightRingDistal,0.0686962,1.19679546,0.383269876,0.3779342,-0.391326,0.5905595,0.596045554
7934f1476fe2c6e458c230f491769c34,7400006,Mankey,0.06666667,source,RightLittleProximal,0.0628262162,1.194889,0.4170276,0.357700467,0.480491579,-0.700965464,0.387074471
7934f1476fe2c6e458c230f491769c34,7400006,Mankey,0.06666667,source,RightLittleIntermediate,0.05062649,1.18943167,0.393058181,-0.5950255,-0.08115938,0.257972449,-0.7568416
7934f1476fe2c6e458c230f491769c34,7400006,Mankey,0.06666667,source,RightLittleDistal,0.0668523759,1.18384671,0.3848943,0.4645867,-0.413621575,0.3971361,0.674804
7934f1476fe2c6e458c230f491769c34,7400006,Mankey,0.06666667,fighter,AnimatorRoot,0,0,0,0,0,0,1
7934f1476fe2c6e458c230f491769c34,7400006,Mankey,0.06666667,fighter,Hips,-0.0293190368,0.747179031,-0.03865625,0.514385045,-0.589946747,-0.421706825,0.457749
7934f1476fe2c6e458c230f491769c34,7400006,Mankey,0.06666667,fighter,LeftUpperLeg,-0.1474201,0.7504108,-0.06597149,0.27310577,0.589555,0.3325519,0.6835549
7934f1476fe2c6e458c230f491769c34,7400006,Mankey,0.06666667,fighter,RightUpperLeg,0.08878202,0.7439473,-0.0113410363,0.496274859,0.47244665,0.592088163,0.4241899
7934f1476fe2c6e458c230f491769c34,7400006,Mankey,0.06666667,fighter,LeftLowerLeg,-0.17803739,0.466195583,0.162504,0.531331956,0.617758,0.3848337,0.433548629
7934f1476fe2c6e458c230f491769c34,7400006,Mankey,0.06666667,fighter,RightLowerLeg,0.142776236,0.38852483,-0.07972364,0.668585,0.2425303,0.67387563,0.200162113
7934f1476fe2c6e458c230f491769c34,7400006,Mankey,0.06666667,fighter,LeftFoot,-0.15694955,0.114934914,0.207453921,0.07148309,0.88458854,0.04000166,0.459122062
7934f1476fe2c6e458c230f491769c34,7400006,Mankey,0.06666667,fighter,RightFoot,0.151949644,0.177776054,-0.36494264,0.312566,0.710527956,0.181505531,0.6037452
7934f1476fe2c6e458c230f491769c34,7400006,Mankey,0.06666667,fighter,Spine,-0.0261866059,0.792089462,-0.04688629,0.513499,-0.5985564,-0.4284472,0.441001236
7934f1476fe2c6e458c230f491769c34,7400006,Mankey,0.06666667,fighter,Chest,-0.009305979,1.03075314,-0.05517443,0.6816728,-0.5136848,-0.4135681,0.316878319
7934f1476fe2c6e458c230f491769c34,7400006,Mankey,0.06666667,fighter,Neck,-0.03579065,1.30882788,-0.007978412,0.6107107,-0.524560869,-0.453318119,0.382585317
7934f1476fe2c6e458c230f491769c34,7400006,Mankey,0.06666667,fighter,Head,-0.04154508,1.45575821,0.0146827092,0.563203335,-0.476345778,-0.528806567,0.4198342
7934f1476fe2c6e458c230f491769c34,7400006,Mankey,0.06666667,fighter,LeftShoulder,-0.105734549,1.25556743,0.06316798,0.7735265,-0.147509366,0.0136309862,0.616208
7934f1476fe2c6e458c230f491769c34,7400006,Mankey,0.06666667,fighter,RightShoulder,-0.0522541553,1.25599611,0.09065418,0.139390111,-0.682314634,-0.7164696,0.04109463
7934f1476fe2c6e458c230f491769c34,7400006,Mankey,0.06666667,fighter,LeftUpperArm,-0.308667243,1.30043793,0.020106826,0.5689529,0.5774404,0.122940719,0.57248646
7934f1476fe2c6e458c230f491769c34,7400006,Mankey,0.06666667,fighter,RightUpperArm,0.151029408,1.30886781,0.121145532,-0.07936743,0.693609357,0.6332358,0.334094822
7934f1476fe2c6e458c230f491769c34,7400006,Mankey,0.06666667,fighter,LeftLowerArm,-0.394037455,1.07556987,0.167022675,-0.119118392,0.91177547,-0.364646822,0.1466605
7934f1476fe2c6e458c230f491769c34,7400006,Mankey,0.06666667,fighter,RightLowerArm,0.366407216,1.22064316,0.280101269,-0.412616134,0.144498616,0.0997103,0.8938267
7934f1476fe2c6e458c230f491769c34,7400006,Mankey,0.06666667,fighter,LeftHand,-0.1558225,1.15873158,0.213344112,0.7003054,-0.6058503,-0.369541556,-0.07718311
7934f1476fe2c6e458c230f491769c34,7400006,Mankey,0.06666667,fighter,RightHand,0.125690714,1.20550692,0.367475182,0.452510566,0.3178778,-0.148826957,0.8197799
7934f1476fe2c6e458c230f491769c34,7400006,Mankey,0.06666667,fighter,LeftToes,0.007069688,0.0941368341,0.43447262,0.109268352,0.854089,0.06913465,0.5037984
7934f1476fe2c6e458c230f491769c34,7400006,Mankey,0.06666667,fighter,RightToes,0.175378442,0.01125251,-0.140013412,0.246028259,0.770227,0.124324888,0.575120866
7934f1476fe2c6e458c230f491769c34,7400006,Mankey,0.06666667,fighter,LeftEye,-0.187035784,1.54690325,0.201273426,0.5333356,-0.349083036,-0.41076842,-0.6518926
7934f1476fe2c6e458c230f491769c34,7400006,Mankey,0.06666667,fighter,RightEye,0.07448672,1.53878975,0.224447116,0.370515347,-0.5159037,-0.621674538,-0.4583484
7934f1476fe2c6e458c230f491769c34,7400006,Mankey,0.06666667,fighter,Jaw,-0.0599624664,1.3286792,0.178071886,0.734916866,0.06324887,-0.670596361,-0.07872624
7934f1476fe2c6e458c230f491769c34,7400006,Mankey,0.06666667,fighter,LeftThumbProximal,-0.165492445,1.23134351,0.20818153,0.6888873,-0.6786658,-0.07524568,0.243280858
7934f1476fe2c6e458c230f491769c34,7400006,Mankey,0.06666667,fighter,LeftThumbIntermediate,-0.168523952,1.27498138,0.198007375,0.6721339,-0.7063173,-0.1592271,0.1549186
7934f1476fe2c6e458c230f491769c34,7400006,Mankey,0.06666667,fighter,LeftThumbDistal,-0.166644856,1.31369889,0.197821334,0.637717962,-0.7176097,-0.2792152,0.0197944716
7934f1476fe2c6e458c230f491769c34,7400006,Mankey,0.06666667,fighter,LeftMiddleProximal,-0.17681472,1.28547668,0.252443016,0.6008763,-0.734797,-0.305447459,0.07565533
7934f1476fe2c6e458c230f491769c34,7400006,Mankey,0.06666667,fighter,LeftMiddleIntermediate,-0.160654709,1.34183609,0.2679625,0.469243765,-0.7971186,-0.355524242,0.13422142
7934f1476fe2c6e458c230f491769c34,7400006,Mankey,0.06666667,fighter,LeftMiddleDistal,-0.132726312,1.38682973,0.2743459,0.342719764,-0.8319331,-0.3890118,0.197740912
7934f1476fe2c6e458c230f491769c34,7400006,Mankey,0.06666667,fighter,LeftRingProximal,-0.149079636,1.26971424,0.2974651,0.5465108,-0.7738899,-0.3123729,0.06959702
7934f1476fe2c6e458c230f491769c34,7400006,Mankey,0.06666667,fighter,LeftRingIntermediate,-0.128119066,1.31715274,0.30993107,0.433083,-0.8327748,-0.326165736,0.111989349
7934f1476fe2c6e458c230f491769c34,7400006,Mankey,0.06666667,fighter,LeftRingDistal,-0.09530979,1.36060607,0.315181762,0.3317377,-0.8688887,-0.3338605,0.153362766
7934f1476fe2c6e458c230f491769c34,7400006,Mankey,0.06666667,fighter,LeftLittleProximal,-0.120927438,1.22828138,0.3308135,0.550171137,-0.7667805,-0.3249756,0.0612397045
7934f1476fe2c6e458c230f491769c34,7400006,Mankey,0.06666667,fighter,LeftLittleIntermediate,-0.100278348,1.27540863,0.344877571,0.444219351,-0.816185355,-0.3520458,0.112137824
7934f1476fe2c6e458c230f491769c34,7400006,Mankey,0.06666667,fighter,LeftLittleDistal,-0.0681795254,1.31989479,0.352054328,0.340610832,-0.85700357,-0.3572624,0.147963017
7934f1476fe2c6e458c230f491769c34,7400006,Mankey,0.06666667,fighter,RightThumbProximal,0.0601159446,1.23717368,0.37694937,-0.46024254,0.0212392211,-0.07391265,-0.8844564
7934f1476fe2c6e458c230f491769c34,7400006,Mankey,0.06666667,fighter,RightThumbIntermediate,0.015736375,1.23217988,0.3722065,0.417087555,0.2375277,0.1606121,0.8624518
7934f1476fe2c6e458c230f491769c34,7400006,Mankey,0.06666667,fighter,RightThumbDistal,-0.0166529417,1.21376038,0.382894933,-0.16626367,-0.8031753,-0.3611558,-0.443659127
7934f1476fe2c6e458c230f491769c34,7400006,Mankey,0.06666667,fighter,RightMiddleProximal,0.01238386,1.2431432,0.4289465,-0.3830989,0.220980853,-0.5158528,-0.733688831
7934f1476fe2c6e458c230f491769c34,7400006,Mankey,0.06666667,fighter,RightMiddleIntermediate,-0.01006414,1.20750344,0.385308951,0.201351091,-0.404192835,0.8910023,0.04691598
7934f1476fe2c6e458c230f491769c34,7400006,Mankey,0.06666667,fighter,RightMiddleDistal,0.0387162119,1.211726,0.364146858,0.1467287,0.37448734,-0.6615777,0.6328865
7934f1476fe2c6e458c230f491769c34,7400006,Mankey,0.06666667,fighter,RightRingProximal,0.0181780625,1.19520235,0.455644935,-0.471387148,0.239390939,-0.5599902,-0.637884736
7934f1476fe2c6e458c230f491769c34,7400006,Mankey,0.06666667,fighter,RightRingIntermediate,0.00440532947,1.16913342,0.411193639,0.1872991,-0.480524451,0.8553757,-0.0484592766
7934f1476fe2c6e458c230f491769c34,7400006,Mankey,0.06666667,fighter,RightRingDistal,0.05501173,1.18351448,0.39621383,0.2544458,0.440045625,-0.5502069,0.6624879
7934f1476fe2c6e458c230f491769c34,7400006,Mankey,0.06666667,fighter,RightLittleProximal,0.04817354,1.14454591,0.468117684,-0.5007644,0.2882351,-0.435740232,-0.6901351
7934f1476fe2c6e458c230f491769c34,7400006,Mankey,0.06666667,fighter,RightLittleIntermediate,0.0239514653,1.127863,0.423618734,0.253467143,-0.5182649,0.806631,0.128462687
7934f1476fe2c6e458c230f491769c34,7400006,Mankey,0.06666667,fighter,RightLittleDistal,0.07034227,1.13093257,0.3936289,0.263369054,0.513175547,-0.654873848,0.488291144
7934f1476fe2c6e458c230f491769c34,7400006,Mankey,0.06666667,fighter,UpperChest,-0.0248547532,1.14570749,-0.0267132614,0.649066746,-0.5543126,-0.3934672,0.34151727
7934f1476fe2c6e458c230f491769c34,7400006,Mankey,0.0833333358,source,AnimatorRoot,0,0,0,0,0,3.61639632E-16,1
7934f1476fe2c6e458c230f491769c34,7400006,Mankey,0.0833333358,source,Hips,-0.0356781,0.7347387,-0.0298824459,-0.03590663,-0.121446259,-0.008845265,0.9919089
7934f1476fe2c6e458c230f491769c34,7400006,Mankey,0.0833333358,source,LeftUpperLeg,-0.1329657,0.7356236,-0.0541016869,-0.6976181,-0.339498848,0.5827094,0.24190791
7934f1476fe2c6e458c230f491769c34,7400006,Mankey,0.0833333358,source,RightUpperLeg,0.0616097338,0.733854055,-0.005663167,0.622978866,-0.4379048,-0.498861343,0.41385296
7934f1476fe2c6e458c230f491769c34,7400006,Mankey,0.0833333358,source,LeftLowerLeg,-0.166654691,0.453975558,0.187721282,-0.4462464,-0.446944445,0.561905,0.5341985
7934f1476fe2c6e458c230f491769c34,7400006,Mankey,0.0833333358,source,RightLowerLeg,0.105874464,0.37657,-0.102242686,0.729797244,-0.201783255,-0.61261785,0.226669446
7934f1476fe2c6e458c230f491769c34,7400006,Mankey,0.0833333358,source,LeftFoot,-0.155870631,0.106288895,0.196065873,0.526779354,0.118818112,-0.814234257,-0.213093475
7934f1476fe2c6e458c230f491769c34,7400006,Mankey,0.0833333358,source,RightFoot,0.164318517,0.177455083,-0.381544471,0.429173976,-0.607692242,-0.331740081,0.5800592
7934f1476fe2c6e458c230f491769c34,7400006,Mankey,0.0833333358,source,Spine,-0.03310359,0.832476258,-0.0366530381,-0.0153028779,-0.132875174,-0.0495357327,0.9897758
7934f1476fe2c6e458c230f491769c34,7400006,Mankey,0.0833333358,source,Chest,-0.0156711526,1.01084578,-0.03652468,0.0928199738,-0.328525573,0.04649584,0.93877244
7934f1476fe2c6e458c230f491769c34,7400006,Mankey,0.0833333358,source,Neck,-0.04645219,1.20910621,-0.006486679,0.273450136,-0.2735369,0.128559813,0.9131677
7934f1476fe2c6e458c230f491769c34,7400006,Mankey,0.0833333358,source,Head,-0.0798472762,1.28011978,0.0307909027,0.1538741,-0.0906037539,-0.004137706,0.983919144
7934f1476fe2c6e458c230f491769c34,7400006,Mankey,0.0833333358,source,LeftShoulder,-0.06378112,1.16549051,-0.0304490011,0.06302984,-0.115221061,0.07596585,0.9884233
7934f1476fe2c6e458c230f491769c34,7400006,Mankey,0.0833333358,source,RightShoulder,-0.017541524,1.16705453,0.00663886033,0.8926828,0.016877152,0.439918756,-0.09645816
7934f1476fe2c6e458c230f491769c34,7400006,Mankey,0.0833333358,source,LeftUpperArm,-0.200373977,1.14622831,-0.0641532838,-0.12100473,0.255988121,0.490965933,0.8238813
7934f1476fe2c6e458c230f491769c34,7400006,Mankey,0.0833333358,source,RightUpperArm,0.06941861,1.15927553,0.118631274,0.8792022,0.00184422825,0.474245548,0.045735646
7934f1476fe2c6e458c230f491769c34,7400006,Mankey,0.0833333358,source,LeftLowerArm,-0.2880219,0.976970136,0.0583367534,-0.516100764,0.798864841,0.2660939,0.157000363
7934f1476fe2c6e458c230f491769c34,7400006,Mankey,0.0833333358,source,RightLowerArm,0.194071338,1.1698432,0.3075325,0.447831273,-0.139249966,0.8504422,0.238337383
7934f1476fe2c6e458c230f491769c34,7400006,Mankey,0.0833333358,source,LeftHand,-0.1892206,1.15213358,0.182554036,-0.6168477,0.773146749,0.09595932,-0.111960076
7934f1476fe2c6e458c230f491769c34,7400006,Mankey,0.0833333358,source,RightHand,0.0793597549,1.23618257,0.5032736,0.3601289,-0.3680826,0.8570847,0.0151098194
7934f1476fe2c6e458c230f491769c34,7400006,Mankey,0.0833333358,source,LeftToes,-0.102835685,0.03558403,0.3169333,0.54003495,-0.00503944233,-0.8412869,-0.0239438657
7934f1476fe2c6e458c230f491769c34,7400006,Mankey,0.0833333358,source,RightToes,0.170505553,0.0417237766,-0.318618268,0.29064858,-0.643303156,0.0595726669,0.705787361
7934f1476fe2c6e458c230f491769c34,7400006,Mankey,0.0833333358,source,LeftThumbProximal,-0.192461669,1.16197407,0.16443105,-0.687883854,0.401978374,-0.564888656,0.214780048
7934f1476fe2c6e458c230f491769c34,7400006,Mankey,0.0833333358,source,LeftThumbIntermediate,-0.194184959,1.19746983,0.137464777,-0.6511548,0.4987618,-0.5239038,0.229693428
7934f1476fe2c6e458c230f491769c34,7400006,Mankey,0.0833333358,source,LeftThumbDistal,-0.192791089,1.22416782,0.123874269,-0.6056536,0.5924188,-0.4662045,0.254711032
7934f1476fe2c6e458c230f491769c34,7400006,Mankey,0.0833333358,source,LeftIndexProximal,-0.190004826,1.2287432,0.1580091,-0.6554125,0.743994534,0.07211161,-0.108197212
7934f1476fe2c6e458c230f491769c34,7400006,Mankey,0.0833333358,source,LeftIndexIntermediate,-0.1863832,1.25929546,0.155959412,-0.6146643,0.7787946,0.06049849,-0.109575473
7934f1476fe2c6e458c230f491769c34,7400006,Mankey,0.0833333358,source,LeftIndexDistal,-0.181478947,1.2808975,0.153816149,-0.5581192,0.820962131,0.0470410623,-0.110957205
7934f1476fe2c6e458c230f491769c34,7400006,Mankey,0.0833333358,source,LeftMiddleProximal,-0.183808342,1.23023689,0.1784871,-0.6520087,0.748211265,0.081054,-0.09216725
7934f1476fe2c6e458c230f491769c34,7400006,Mankey,0.0833333358,source,LeftMiddleIntermediate,-0.179447323,1.26277268,0.1774286,-0.6187738,0.777877152,0.0624275133,-0.09016248
7934f1476fe2c6e458c230f491769c34,7400006,Mankey,0.0833333358,source,LeftMiddleDistal,-0.174677864,1.28408182,0.176049829,-0.558748066,0.823605657,0.0414646566,-0.08806518
7934f1476fe2c6e458c230f491769c34,7400006,Mankey,0.0833333358,source,LeftRingProximal,-0.178519517,1.23028946,0.1953712,-0.604983866,0.7868394,0.09653497,-0.07456244
7934f1476fe2c6e458c230f491769c34,7400006,Mankey,0.0833333358,source,LeftRingIntermediate,-0.170474321,1.26055825,0.195354536,-0.58293885,0.8061646,0.07243888,-0.0709499344
7934f1476fe2c6e458c230f491769c34,7400006,Mankey,0.0833333358,source,LeftRingDistal,-0.164519086,1.27879369,0.194780052,-0.537297,0.8394271,0.04695274,-0.06685589
7934f1476fe2c6e458c230f491769c34,7400006,Mankey,0.0833333358,source,LeftLittleProximal,-0.170357317,1.22532821,0.2109612,-0.6086151,0.7838004,0.108366333,-0.05917469
7934f1476fe2c6e458c230f491769c34,7400006,Mankey,0.0833333358,source,LeftLittleIntermediate,-0.163436353,1.251865,0.212035567,-0.5870655,0.8038311,0.0793087,-0.054037787
7934f1476fe2c6e458c230f491769c34,7400006,Mankey,0.0833333358,source,LeftLittleDistal,-0.157644555,1.2699579,0.21215418,-0.5520945,0.8309197,0.0499749333,-0.0476169437
7934f1476fe2c6e458c230f491769c34,7400006,Mankey,0.0833333358,source,RightThumbProximal,0.06089502,1.24561679,0.500861,-0.04050798,0.4726243,0.8691765,-0.139707372
7934f1476fe2c6e458c230f491769c34,7400006,Mankey,0.0833333358,source,RightThumbIntermediate,0.0181725752,1.23307431,0.503610969,-0.08447295,-0.418764055,-0.8197158,0.381532878
7934f1476fe2c6e458c230f491769c34,7400006,Mankey,0.0833333358,source,RightThumbDistal,-0.002658246,1.21643746,0.517347634,0.3601076,0.1788715,0.2960012,-0.866435945
7934f1476fe2c6e458c230f491769c34,7400006,Mankey,0.0833333358,source,RightIndexProximal,0.0114244847,1.24147022,0.546037436,-0.0417818,0.439302653,-0.706225038,0.5536372
7934f1476fe2c6e458c230f491769c34,7400006,Mankey,0.0833333358,source,RightIndexIntermediate,-0.00040172998,1.216227,0.532859743,-0.283534646,-0.328735143,0.09928641,-0.89536804
7934f1476fe2c6e458c230f491769c34,7400006,Mankey,0.0833333358,source,RightIndexDistal,0.0166078173,1.21642113,0.518505752,0.437737584,0.007945019,0.585656464,0.68215096
7934f1476fe2c6e458c230f491769c34,7400006,Mankey,0.0833333358,source,RightMiddleProximal,0.02327622,1.22765613,0.5573817,0.019114593,0.4814241,-0.6653728,0.570214748
7934f1476fe2c6e458c230f491769c34,7400006,Mankey,0.0833333358,source,RightMiddleIntermediate,0.0118115377,1.20333958,0.5385167,-0.3701374,-0.292856276,0.0307931583,-0.881070733
7934f1476fe2c6e458c230f491769c34,7400006,Mankey,0.0833333358,source,RightMiddleDistal,0.0299013667,1.20689857,0.5267282,0.473853081,-0.1041484,0.64250356,0.5931324
7934f1476fe2c6e458c230f491769c34,7400006,Mankey,0.0833333358,source,RightRingProximal,0.03378486,1.21617937,0.5658023,0.05608693,0.5410023,-0.5860601,0.6005866
7934f1476fe2c6e458c230f491769c34,7400006,Mankey,0.0833333358,source,RightRingIntermediate,0.0252571534,1.19603193,0.543389261,-0.451497018,-0.294357479,-0.05733918,-0.8403669
7934f1476fe2c6e458c230f491769c34,7400006,Mankey,0.0833333358,source,RightRingDistal,0.04099402,1.20298052,0.5348871,0.530748844,-0.171383634,0.6747006,0.483438581
7934f1476fe2c6e458c230f491769c34,7400006,Mankey,0.0833333358,source,RightLittleProximal,0.04598561,1.20290494,0.568839252,0.103347667,0.58722353,-0.6344793,0.491857827
7934f1476fe2c6e458c230f491769c34,7400006,Mankey,0.0833333358,source,RightLittleIntermediate,0.03240417,1.18910742,0.549388766,-0.487131536,-0.334478021,0.138642848,-0.794736266
7934f1476fe2c6e458c230f491769c34,7400006,Mankey,0.0833333358,source,RightLittleDistal,0.04642797,1.191114,0.536722839,0.588789046,-0.164351583,0.498613477,0.6145739
7934f1476fe2c6e458c230f491769c34,7400006,Mankey,0.0833333358,fighter,AnimatorRoot,0,0,0,0,0,0,1
7934f1476fe2c6e458c230f491769c34,7400006,Mankey,0.0833333358,fighter,Hips,-0.0356780961,0.7347387,-0.0298824441,0.5045929,-0.5953014,-0.423057079,0.460461825
7934f1476fe2c6e458c230f491769c34,7400006,Mankey,0.0833333358,fighter,LeftUpperLeg,-0.153929025,0.7394681,-0.05631698,0.2683603,0.5918249,0.326319158,0.6864706
7934f1476fe2c6e458c230f491769c34,7400006,Mankey,0.0833333358,fighter,RightUpperLeg,0.08257282,0.730009258,-0.00344793429,0.5005574,0.4286796,0.612631142,0.4363017
7934f1476fe2c6e458c230f491769c34,7400006,Mankey,0.0833333358,fighter,LeftLowerLeg,-0.185589388,0.459276438,0.176936239,0.53619957,0.60662353,0.417006761,0.413041681
7934f1476fe2c6e458c230f491769c34,7400006,Mankey,0.0833333358,fighter,RightLowerLeg,0.125814751,0.377331734,-0.09100036,0.6317016,0.200746343,0.7169167,0.216065943
7934f1476fe2c6e458c230f491769c34,7400006,Mankey,0.0833333358,fighter,LeftFoot,-0.155870661,0.106289066,0.196065977,0.0422261059,0.8797021,0.00285834074,0.473638177
7934f1476fe2c6e458c230f491769c34,7400006,Mankey,0.0833333358,fighter,RightFoot,0.1643185,0.1774552,-0.381544471,0.290370524,0.6635546,0.195394158,0.6612123
7934f1476fe2c6e458c230f491769c34,7400006,Mankey,0.0833333358,fighter,Spine,-0.03189615,0.77946794,-0.0387978964,0.485374451,-0.622602463,-0.435351968,0.432719916
7934f1476fe2c6e458c230f491769c34,7400006,Mankey,0.0833333358,fighter,Chest,0.00199568085,1.01597869,-0.0538973957,0.707679152,-0.554365933,-0.352255881,0.260354668
7934f1476fe2c6e458c230f491769c34,7400006,Mankey,0.0833333358,fighter,Neck,-0.02264938,1.2951324,-0.0124211106,0.6482166,-0.5433808,-0.4215782,0.3268401
7934f1476fe2c6e458c230f491769c34,7400006,Mankey,0.0833333358,fighter,Head,-0.0306861289,1.44094086,0.0160478428,0.6124521,-0.461965472,-0.5259204,0.367285162
7934f1476fe2c6e458c230f491769c34,7400006,Mankey,0.0833333358,fighter,LeftShoulder,-0.1066326,1.24490392,0.0442758761,0.753304,-0.263116628,0.107936233,0.593003
7934f1476fe2c6e458c230f491769c34,7400006,Mankey,0.0833333358,fighter,RightShoulder,-0.0592949763,1.24357736,0.0813328549,0.303315639,-0.657353938,-0.681680441,-0.1058183
7934f1476fe2c6e458c230f491769c34,7400006,Mankey,0.0833333358,fighter,LeftUpperArm,-0.2845472,1.30187154,-0.056473285,0.5569503,0.4951005,0.148502886,0.6500993
7934f1476fe2c6e458c230f491769c34,7400006,Mankey,0.0833333358,fighter,RightUpperArm,0.109146163,1.29759538,0.1986318,-0.314241648,0.6717733,0.620006561,0.2560566
7934f1476fe2c6e458c230f491769c34,7400006,Mankey,0.0833333358,fighter,LeftLowerArm,-0.4157879,1.09201491,0.07833811,-0.0295226574,0.893472731,-0.3785569,0.239853337
7934f1476fe2c6e458c230f491769c34,7400006,Mankey,0.0833333358,fighter,RightLowerArm,0.298371941,1.3271004,0.405419677,-0.469943285,0.08305388,0.257347137,0.8402547
7934f1476fe2c6e458c230f491769c34,7400006,Mankey,0.0833333358,fighter,LeftHand,-0.189220667,1.15213358,0.182553977,0.653028548,-0.7320781,-0.185008049,-0.0581998043
7934f1476fe2c6e458c230f491769c34,7400006,Mankey,0.0833333358,fighter,RightHand,0.07935981,1.23618257,0.5032735,0.303731024,0.535715044,-0.00432616472,0.7878698
7934f1476fe2c6e458c230f491769c34,7400006,Mankey,0.0833333358,fighter,LeftToes,0.00203286414,0.109707743,0.4282884,0.124743283,0.844449162,0.0564717948,0.517837644
7934f1476fe2c6e458c230f491769c34,7400006,Mankey,0.0833333358,fighter,RightToes,0.152034417,0.0168397538,-0.151492253,0.2290826,0.7245493,0.132681638,0.636353
7934f1476fe2c6e458c230f491769c34,7400006,Mankey,0.0833333358,fighter,LeftEye,-0.194183782,1.50970578,0.197240844,0.5159687,-0.2918551,-0.407743543,-0.6945089
7934f1476fe2c6e458c230f491769c34,7400006,Mankey,0.0833333358,fighter,RightEye,0.06416639,1.50024164,0.243743226,0.375196218,-0.45615086,-0.6341388,-0.499021322
7934f1476fe2c6e458c230f491769c34,7400006,Mankey,0.0833333358,fighter,Jaw,-0.0622047372,1.296104,0.161695331,0.75946033,0.108302712,-0.6313104,-0.113745436
7934f1476fe2c6e458c230f491769c34,7400006,Mankey,0.0833333358,fighter,LeftThumbProximal,-0.17795743,1.21863937,0.153523684,0.5675614,-0.7708862,0.07277498,0.27984345
7934f1476fe2c6e458c230f491769c34,7400006,Mankey,0.0833333358,fighter,LeftThumbIntermediate,-0.169014424,1.25610936,0.130436659,0.5716139,-0.7953984,0.0188704133,0.200606152
7934f1476fe2c6e458c230f491769c34,7400006,Mankey,0.0833333358,fighter,LeftThumbDistal,-0.158702135,1.291064,0.117230035,0.5714246,-0.809338033,-0.0249774866,0.13350068
7934f1476fe2c6e458c230f491769c34,7400006,Mankey,0.0833333358,fighter,LeftMiddleProximal,-0.179949611,1.28592169,0.1755874,0.5964718,-0.7854932,-0.155187413,0.0560260937
7934f1476fe2c6e458c230f491769c34,7400006,Mankey,0.0833333358,fighter,LeftMiddleIntermediate,-0.1628364,1.34380782,0.181477264,0.5543983,-0.801091731,-0.205923855,0.09214121
7934f1476fe2c6e458c230f491769c34,7400006,Mankey,0.0833333358,fighter,LeftMiddleDistal,-0.14319092,1.39321148,0.185781822,0.520358264,-0.8048481,-0.260550648,0.116450191
7934f1476fe2c6e458c230f491769c34,7400006,Mankey,0.0833333358,fighter,LeftRingProximal,-0.163875,1.28141928,0.228180319,0.55092,-0.82029593,-0.1531137,0.0125870556
7934f1476fe2c6e458c230f491769c34,7400006,Mankey,0.0833333358,fighter,LeftRingIntermediate,-0.142930731,1.32983565,0.236077666,0.52453655,-0.83349824,-0.170801222,0.0311342925
7934f1476fe2c6e458c230f491769c34,7400006,Mankey,0.0833333358,fighter,LeftRingDistal,-0.118436649,1.37824786,0.243040025,0.5108453,-0.8370988,-0.1909303,0.0430053771
7934f1476fe2c6e458c230f491769c34,7400006,Mankey,0.0833333358,fighter,LeftLittleProximal,-0.152826488,1.24931777,0.277867228,0.5565986,-0.8141079,-0.165606514,-0.001041472
7934f1476fe2c6e458c230f491769c34,7400006,Mankey,0.0833333358,fighter,LeftLittleIntermediate,-0.1325363,1.29763949,0.2877909,0.530491,-0.8248561,-0.193636775,0.0263949186
7934f1476fe2c6e458c230f491769c34,7400006,Mankey,0.0833333358,fighter,LeftLittleDistal,-0.108427666,1.34662318,0.296748042,0.5062265,-0.8355094,-0.210901618,0.0343461633
7934f1476fe2c6e458c230f491769c34,7400006,Mankey,0.0833333358,fighter,RightThumbProximal,0.0119277854,1.23284149,0.532158434,-0.432878077,-0.200460851,-0.2148949,-0.852204561
7934f1476fe2c6e458c230f491769c34,7400006,Mankey,0.0833333358,fighter,RightThumbIntermediate,-0.02522566,1.20859778,0.5391475,0.336658269,0.443873674,0.275569826,0.783389568
7934f1476fe2c6e458c230f491769c34,7400006,Mankey,0.0833333358,fighter,RightThumbDistal,-0.042827107,1.18027627,0.558913231,-0.016608119,-0.887275755,-0.38855654,-0.247972861
7934f1476fe2c6e458c230f491769c34,7400006,Mankey,0.0833333358,fighter,RightMiddleProximal,-0.0167106111,1.22157669,0.5959601,-0.467493653,-0.0266763419,-0.6346824,-0.6147492
7934f1476fe2c6e458c230f491769c34,7400006,Mankey,0.0833333358,fighter,RightMiddleIntermediate,-0.02841171,1.17273688,0.561958849,0.38792643,-0.286370546,0.87062484,-0.0975613147
7934f1476fe2c6e458c230f491769c34,7400006,Mankey,0.0833333358,fighter,RightMiddleDistal,0.007859068,1.19364929,0.5289093,-0.0583743155,0.43005845,-0.5341146,0.725509644
7934f1476fe2c6e458c230f491769c34,7400006,Mankey,0.0833333358,fighter,RightRingProximal,0.0192230027,1.18650222,0.6188352,-0.562131,-0.0206448734,-0.6464983,-0.515386343
7934f1476fe2c6e458c230f491769c34,7400006,Mankey,0.0833333358,fighter,RightRingIntermediate,0.0105165374,1.14971852,0.58120054,0.394532,-0.378103971,0.819533765,-0.172473177
7934f1476fe2c6e458c230f491769c34,7400006,Mankey,0.0833333358,fighter,RightRingDistal,0.04493428,1.18150234,0.5529618,0.0422225222,0.5299171,-0.4363727,0.725937
7934f1476fe2c6e458c230f491769c34,7400006,Mankey,0.0833333358,fighter,RightLittleProximal,0.0727060959,1.15900028,0.620971143,-0.5895263,0.02613166,-0.5407369,-0.599483132
7934f1476fe2c6e458c230f491769c34,7400006,Mankey,0.0833333358,fighter,RightLittleIntermediate,0.0506316423,1.1260618,0.585292339,0.448948115,-0.3733828,0.8116929,0.0136403888
7934f1476fe2c6e458c230f491769c34,7400006,Mankey,0.0833333358,fighter,RightLittleDistal,0.08363446,1.14338517,0.5444069,0.027622357,0.569165349,-0.582136333,0.5800048
7934f1476fe2c6e458c230f491769c34,7400006,Mankey,0.0833333358,fighter,UpperChest,-0.0143902665,1.131604,-0.0288260076,0.6725429,-0.596504331,-0.3357173,0.28135857
7934f1476fe2c6e458c230f491769c34,7400006,Mankey,0.1,source,AnimatorRoot,0,0,0,0,0,4.33967563E-16,1
7934f1476fe2c6e458c230f491769c34,7400006,Mankey,0.1,source,Hips,-0.04236119,0.725948751,-0.01935379,-0.0359873325,-0.0938427746,-0.0327921,0.9943959
7934f1476fe2c6e458c230f491769c34,7400006,Mankey,0.1,source,LeftUpperLeg,-0.140640512,0.7318103,-0.0383024737,-0.68981564,-0.338578165,0.5858684,0.257444471
7934f1476fe2c6e458c230f491769c34,7400006,Mankey,0.1,source,RightUpperLeg,0.0559183657,0.720087469,-0.000405086525,0.6318442,-0.4235809,-0.5180195,0.391162276
7934f1476fe2c6e458c230f491769c34,7400006,Mankey,0.1,source,LeftLowerLeg,-0.172042891,0.445255,0.1980001,-0.4284092,-0.469425023,0.5524088,0.5393985
7934f1476fe2c6e458c230f491769c34,7400006,Mankey,0.1,source,RightLowerLeg,0.09485901,0.369508266,-0.120890193,0.734995663,-0.212795213,-0.603790462,0.223465279
7934f1476fe2c6e458c230f491769c34,7400006,Mankey,0.1,source,LeftFoot,-0.154286757,0.09794544,0.186482713,0.541615,0.0896296948,-0.81516993,-0.18471089
7934f1476fe2c6e458c230f491769c34,7400006,Mankey,0.1,source,RightFoot,0.157598481,0.1667696,-0.396630466,0.421746969,-0.6196645,-0.286307365,0.596803
7934f1476fe2c6e458c230f491769c34,7400006,Mankey,0.1,source,Spine,-0.0353076123,0.8234897,-0.02576499,-0.00661282567,-0.108450383,-0.09835815,0.989202
7934f1476fe2c6e458c230f491769c34,7400006,Mankey,0.1,source,Chest,-0.0008890971,0.9993099,-0.0210484974,0.07945621,-0.4288033,0.0328996,0.8992955
7934f1476fe2c6e458c230f491769c34,7400006,Mankey,0.1,source,Neck,-0.0275972113,1.198981,0.00293120835,0.241817817,-0.363917857,0.150243148,0.886857
7934f1476fe2c6e458c230f491769c34,7400006,Mankey,0.1,source,Head,-0.0660400242,1.27177632,0.0306942146,0.177920461,-0.1256225,0.008271697,0.975958645
7934f1476fe2c6e458c230f491769c34,7400006,Mankey,0.1,source,LeftShoulder,-0.04157317,1.15615392,-0.0244056638,0.0617849045,-0.282413572,0.0476245731,0.9561158
7934f1476fe2c6e458c230f491769c34,7400006,Mankey,0.1,source,RightShoulder,-0.004211831,1.15562594,0.0216367561,0.768487036,0.162484512,0.6188908,0.0009444569
7934f1476fe2c6e458c230f491769c34,7400006,Mankey,0.1,source,LeftUpperArm,-0.160279781,1.1481775,-0.101928174,-0.1888607,0.115549907,0.407311529,0.886045933
7934f1476fe2c6e458c230f491769c34,7400006,Mankey,0.1,source,RightUpperArm,0.0215136632,1.19124866,0.156670436,0.705287933,0.271726638,0.630301833,-0.177351326
7934f1476fe2c6e458c230f491769c34,7400006,Mankey,0.1,source,LeftLowerArm,-0.305623,0.9945291,-0.0206764285,-0.5035245,0.7857203,0.143413812,0.329453826
7934f1476fe2c6e458c230f491769c34,7400006,Mankey,0.1,source,RightLowerArm,0.0345992446,1.22743988,0.379947424,0.67442745,0.262952566,0.668891251,-0.169081911
7934f1476fe2c6e458c230f491769c34,7400006,Mankey,0.1,source,LeftHand,-0.240419045,1.15922725,0.135838136,-0.411802143,0.910937548,0.00758307,0.0235564467
7934f1476fe2c6e458c230f491769c34,7400006,Mankey,0.1,source,RightHand,0.0267730318,1.25780988,0.614235,0.6884068,0.03186307,0.693163753,-0.211199254
7934f1476fe2c6e458c230f491769c34,7400006,Mankey,0.1,source,LeftToes,-0.102617256,0.0383158922,0.313743979,0.5492654,-0.0182048026,-0.8346305,-0.03699531
7934f1476fe2c6e458c230f491769c34,7400006,Mankey,0.1,source,RightToes,0.167794079,0.0373344347,-0.322041363,0.283462,-0.6456076,0.09768476,0.7023519
7934f1476fe2c6e458c230f491769c34,7400006,Mankey,0.1,source,LeftThumbProximal,-0.233216241,1.16725886,0.11796654,-0.48638618,0.5071091,-0.7023182,0.114100114
7934f1476fe2c6e458c230f491769c34,7400006,Mankey,0.1,source,LeftThumbIntermediate,-0.210874364,1.19641519,0.09265123,-0.439137518,0.586236835,-0.6646369,0.147455066
7934f1476fe2c6e458c230f491769c34,7400006,Mankey,0.1,source,LeftThumbDistal,-0.193754941,1.21773493,0.080329746,-0.4019647,0.6515548,-0.6174003,0.180882514
7934f1476fe2c6e458c230f491769c34,7400006,Mankey,0.1,source,LeftIndexProximal,-0.197405875,1.22395563,0.1150481,-0.480090767,0.876868963,-0.0193881635,0.01544583
7934f1476fe2c6e458c230f491769c34,7400006,Mankey,0.1,source,LeftIndexIntermediate,-0.1808001,1.249935,0.115309186,-0.4596107,0.887608,-0.025194386,0.016618792
7934f1476fe2c6e458c230f491769c34,7400006,Mankey,0.1,source,LeftIndexDistal,-0.167959541,1.26811182,0.115450315,-0.423446447,0.9052097,-0.0305635631,0.01884001
7934f1476fe2c6e458c230f491769c34,7400006,Mankey,0.1,source,LeftMiddleProximal,-0.1974085,1.2247684,0.13647978,-0.477536857,0.8777383,-0.015691936,0.03589534
7934f1476fe2c6e458c230f491769c34,7400006,Mankey,0.1,source,LeftMiddleIntermediate,-0.1796287,1.25233865,0.138057008,-0.464236259,0.884373546,-0.030627571,0.0378242619
7934f1476fe2c6e458c230f491769c34,7400006,Mankey,0.1,source,LeftMiddleDistal,-0.167242289,1.270355,0.138898626,-0.422878116,0.904122651,-0.04400963,0.0424286127
7934f1476fe2c6e458c230f491769c34,7400006,Mankey,0.1,source,LeftRingProximal,-0.1978251,1.22432065,0.154162288,-0.42819792,0.901143432,-0.00101055042,0.06772584
7934f1476fe2c6e458c230f491769c34,7400006,Mankey,0.1,source,LeftRingIntermediate,-0.178277865,1.2484951,0.15795815,-0.426523626,0.901541531,-0.0237944964,0.06881197
7934f1476fe2c6e458c230f491769c34,7400006,Mankey,0.1,source,LeftRingDistal,-0.166250557,1.2633177,0.159949943,-0.398861349,0.9130314,-0.0443645045,0.07290967
7934f1476fe2c6e458c230f491769c34,7400006,Mankey,0.1,source,LeftLittleProximal,-0.197883531,1.21798539,0.171313062,-0.4338147,0.896769345,0.00487032626,0.08710052
7934f1476fe2c6e458c230f491769c34,7400006,Mankey,0.1,source,LeftLittleIntermediate,-0.181184769,1.23931658,0.175716549,-0.4303706,0.8979597,-0.0234737284,0.08887623
7934f1476fe2c6e458c230f491769c34,7400006,Mankey,0.1,source,LeftLittleDistal,-0.16952467,1.25407922,0.1783649,-0.41164282,0.9051572,-0.05012169,0.0934276953
7934f1476fe2c6e458c230f491769c34,7400006,Mankey,0.1,source,RightThumbProximal,0.009842558,1.24919391,0.622889161,0.006905747,0.506007433,0.573165357,-0.644508362
7934f1476fe2c6e458c230f491769c34,7400006,Mankey,0.1,source,RightThumbIntermediate,0.00229841587,1.21654654,0.6523398,-0.169236839,-0.445168257,-0.399567366,0.783281863
7934f1476fe2c6e458c230f491769c34,7400006,Mankey,0.1,source,RightThumbDistal,0.0108257942,1.20229352,0.6773104,0.4639165,0.14230229,-0.2803954,-0.828196943
7934f1476fe2c6e458c230f491769c34,7400006,Mankey,0.1,source,RightIndexProximal,0.00296949618,1.24034667,0.6890704,-0.529377,0.3515473,-0.406565666,0.6564142
7934f1476fe2c6e458c230f491769c34,7400006,Mankey,0.1,source,RightIndexIntermediate,0.0159877744,1.21241224,0.688114464,0.117118761,-0.6174333,-0.187448472,-0.7549324
7934f1476fe2c6e458c230f491769c34,7400006,Mankey,0.1,source,RightIndexDistal,0.01971011,1.21549559,0.666388035,0.37883848,0.500617266,0.678954542,0.380638748
7934f1476fe2c6e458c230f491769c34,7400006,Mankey,0.1,source,RightMiddleProximal,0.0230050515,1.24747455,0.6918542,-0.4907314,0.426545084,-0.3894911,0.652333736
7934f1476fe2c6e458c230f491769c34,7400006,Mankey,0.1,source,RightMiddleIntermediate,0.03393108,1.21703541,0.6861355,0.008291278,-0.636941552,-0.221817791,-0.7382643
7934f1476fe2c6e458c230f491769c34,7400006,Mankey,0.1,source,RightMiddleDistal,0.0359047577,1.22397554,0.665476,0.49226895,0.41210407,0.6978142,0.317643821
7934f1476fe2c6e458c230f491769c34,7400006,Mankey,0.1,source,RightRingProximal,0.0396881178,1.25326121,0.692972243,-0.4724232,0.51623106,-0.3314372,0.6328286
7934f1476fe2c6e458c230f491769c34,7400006,Mankey,0.1,source,RightRingIntermediate,0.0474338979,1.224846,0.68231535,-0.08948414,-0.6818746,-0.254433334,-0.6799296
7934f1476fe2c6e458c230f491769c34,7400006,Mankey,0.1,source,RightRingDistal,0.04629473,1.23382461,0.665394962,0.5999815,0.359904468,0.672591031,0.241066352
7934f1476fe2c6e458c230f491769c34,7400006,Mankey,0.1,source,RightLittleProximal,0.05728608,1.25620139,0.68897754,-0.445858151,0.537927747,-0.442598164,0.562095761
7934f1476fe2c6e458c230f491769c34,7400006,Mankey,0.1,source,RightLittleIntermediate,0.0580941923,1.22938168,0.683215737,-0.0580211356,-0.6809022,-0.054273773,-0.7280527
7934f1476fe2c6e458c230f491769c34,7400006,Mankey,0.1,source,RightLittleDistal,0.0593654625,1.23239017,0.664495349,0.572740734,0.392202765,0.5701437,0.439410985
7934f1476fe2c6e458c230f491769c34,7400006,Mankey,0.1,fighter,AnimatorRoot,0,0,0,0,0,0,1
7934f1476fe2c6e458c230f491769c34,7400006,Mankey,0.1,fighter,Hips,-0.042361185,0.7259487,-0.0193537883,0.476398438,-0.5849204,-0.4566818,0.471544772
7934f1476fe2c6e458c230f491769c34,7400006,Mankey,0.1,fighter,LeftUpperLeg,-0.162017167,0.7362509,-0.0361091159,0.2907428,0.597876251,0.32050246,0.674752533
7934f1476fe2c6e458c230f491769c34,7400006,Mankey,0.1,fighter,RightUpperLeg,0.0772948,0.715646446,-0.002598479,0.5233059,0.422546059,0.610231757,0.4185965
7934f1476fe2c6e458c230f491769c34,7400006,Mankey,0.1,fighter,LeftLowerLeg,-0.191162154,0.4507477,0.190948844,0.5443171,0.5986485,0.4399928,0.389545172
7934f1476fe2c6e458c230f491769c34,7400006,Mankey,0.1,fighter,RightLowerLeg,0.114567958,0.3668546,-0.1068659,0.627481,0.204219967,0.720376968,0.213585943
7934f1476fe2c6e458c230f491769c34,7400006,Mankey,0.1,fighter,LeftFoot,-0.154286742,0.09794525,0.186482683,0.016844891,0.8751172,-0.0307912827,0.48263678
7934f1476fe2c6e458c230f491769c34,7400006,Mankey,0.1,fighter,RightFoot,0.157598421,0.166769668,-0.396630436,0.244053751,0.668462455,0.185287863,0.677690268
7934f1476fe2c6e458c230f491769c34,7400006,Mankey,0.1,fighter,Spine,-0.03729289,0.770583153,-0.0281041581,0.448933631,-0.620845258,-0.482063234,0.425000042
7934f1476fe2c6e458c230f491769c34,7400006,Mankey,0.1,fighter,Chest,0.0170951653,1.00352216,-0.0378706,0.721166253,-0.597855747,-0.290826052,0.194700554
7934f1476fe2c6e458c230f491769c34,7400006,Mankey,0.1,fighter,Neck,0.00190258061,1.2838465,0.000101026351,0.67209053,-0.5687534,-0.384427726,0.277541935
7934f1476fe2c6e458c230f491769c34,7400006,Mankey,0.1,fighter,Head,-0.00664766738,1.42933714,0.0300107524,0.6442058,-0.457244515,-0.5102302,0.339988083
7934f1476fe2c6e458c230f491769c34,7400006,Mankey,0.1,fighter,LeftShoulder,-0.09424098,1.23907018,0.039370697,0.712193549,-0.392111778,0.192235291,0.549613237
7934f1476fe2c6e458c230f491769c34,7400006,Mankey,0.1,fighter,RightShoulder,-0.05501864,1.23504615,0.08477166,0.526183367,-0.626292944,-0.561918557,-0.123028159
7934f1476fe2c6e458c230f491769c34,7400006,Mankey,0.1,fighter,LeftUpperArm,-0.225535139,1.31276464,-0.110229924,0.5647212,0.3265187,0.201009184,0.730801761
7934f1476fe2c6e458c230f491769c34,7400006,Mankey,0.1,fighter,RightUpperArm,0.0332745165,1.34559083,0.2429919,-0.659368157,0.440011,0.602932751,0.08998023
7934f1476fe2c6e458c230f491769c34,7400006,Mankey,0.1,fighter,LeftLowerArm,-0.424508542,1.12601829,-0.0397076,0.100936711,0.830829,-0.410522461,0.3619485
7934f1476fe2c6e458c230f491769c34,7400006,Mankey,0.1,fighter,RightLowerArm,0.06548302,1.478554,0.489409447,-0.479178,-0.109634869,0.642285466,0.5880802
7934f1476fe2c6e458c230f491769c34,7400006,Mankey,0.1,fighter,LeftHand,-0.240419388,1.15922749,0.135838151,0.473899424,-0.8560641,-0.0460311621,-0.201135635
7934f1476fe2c6e458c230f491769c34,7400006,Mankey,0.1,fighter,RightHand,0.0267731361,1.25781012,0.6142348,-0.1488143,0.7881664,0.1710519,0.5721797
7934f1476fe2c6e458c230f491769c34,7400006,Mankey,0.1,fighter,LeftToes,-0.00063444383,0.122873135,0.4202389,0.137240022,0.836466968,0.0448023379,0.528659642
7934f1476fe2c6e458c230f491769c34,7400006,Mankey,0.1,fighter,RightToes,0.145496175,0.026001012,-0.153916851,0.192963064,0.7230071,0.129358232,0.650609255
7934f1476fe2c6e458c230f491769c34,7400006,Mankey,0.1,fighter,LeftEye,-0.184404925,1.48670185,0.201482654,0.516825438,-0.2514783,-0.401264668,-0.7131881
7934f1476fe2c6e458c230f491769c34,7400006,Mankey,0.1,fighter,RightEye,0.06994009,1.47919989,0.26666835,0.390703738,-0.41879344,-0.634792745,-0.5186532
7934f1476fe2c6e458c230f491769c34,7400006,Mankey,0.1,fighter,Jaw,-0.0459841937,1.27720642,0.166000634,0.7785112,0.134141862,-0.6008934,-0.121877126
7934f1476fe2c6e458c230f491769c34,7400006,Mankey,0.1,fighter,LeftThumbProximal,-0.190951854,1.208962,0.114110939,0.3504176,-0.9186576,0.09336061,0.156716317
7934f1476fe2c6e458c230f491769c34,7400006,Mankey,0.1,fighter,LeftThumbIntermediate,-0.1592763,1.23656261,0.09824091,0.3613475,-0.9274373,0.0638030544,0.07223343
7934f1476fe2c6e458c230f491769c34,7400006,Mankey,0.1,fighter,LeftThumbDistal,-0.13104023,1.26218653,0.0912598446,0.3614061,-0.9308388,0.0486916155,0.02354817
7934f1476fe2c6e458c230f491769c34,7400006,Mankey,0.1,fighter,LeftMiddleProximal,-0.166743889,1.271497,0.136937231,0.449879766,-0.883821368,-0.06399304,-0.11123836
7934f1476fe2c6e458c230f491769c34,7400006,Mankey,0.1,fighter,LeftMiddleIntermediate,-0.132145092,1.31886363,0.152354732,0.441967517,-0.8852943,-0.11836189,-0.08312532
7934f1476fe2c6e458c230f491769c34,7400006,Mankey,0.1,fighter,LeftMiddleDistal,-0.100380428,1.35955513,0.165786013,0.4456035,-0.874086,-0.17867659,-0.07407067
7934f1476fe2c6e458c230f491769c34,7400006,Mankey,0.1,fighter,LeftRingProximal,-0.170605272,1.26619315,0.191724584,0.401716948,-0.898578048,-0.0535383373,-0.168271467
7934f1476fe2c6e458c230f491769c34,7400006,Mankey,0.1,fighter,LeftRingIntermediate,-0.137501612,1.303741,0.2101493,0.403518975,-0.899564743,-0.07071267,-0.151513085
7934f1476fe2c6e458c230f491769c34,7400006,Mankey,0.1,fighter,LeftRingDistal,-0.103125647,1.34228086,0.228181913,0.419654071,-0.8914634,-0.089598,-0.1454536
7934f1476fe2c6e458c230f491769c34,7400006,Mankey,0.1,fighter,LeftLittleProximal,-0.191006973,1.23867214,0.241198942,0.4110365,-0.890723,-0.06068109,-0.184336632
7934f1476fe2c6e458c230f491769c34,7400006,Mankey,0.1,fighter,LeftLittleIntermediate,-0.1593156,1.27653658,0.261375785,0.413930416,-0.8916281,-0.088466,-0.1607346
7934f1476fe2c6e458c230f491769c34,7400006,Mankey,0.1,fighter,LeftLittleDistal,-0.125807956,1.31580091,0.281285346,0.41665107,-0.888843238,-0.105700761,-0.158706471
7934f1476fe2c6e458c230f491769c34,7400006,Mankey,0.1,fighter,RightThumbProximal,0.00703881774,1.22847,0.6785956,-0.117911994,-0.5850066,-0.357037574,-0.7186018
7934f1476fe2c6e458c230f491769c34,7400006,Mankey,0.1,fighter,RightThumbIntermediate,0.0043179607,1.19922888,0.712574244,-0.019868806,0.7586957,0.344464123,0.552567661
7934f1476fe2c6e458c230f491769c34,7400006,Mankey,0.1,fighter,RightThumbDistal,0.0193792544,1.18564141,0.7456063,0.299998045,-0.9241189,-0.1955229,0.133328646
7934f1476fe2c6e458c230f491769c34,7400006,Mankey,0.1,fighter,RightMiddleProximal,0.02031882,1.24010551,0.7471957,-0.406132251,-0.543091834,-0.6270404,-0.383312762
7934f1476fe2c6e458c230f491769c34,7400006,Mankey,0.1,fighter,RightMiddleIntermediate,0.0431386158,1.18419683,0.741557,0.6721341,0.09602009,0.694868,-0.237013549
7934f1476fe2c6e458c230f491769c34,7400006,Mankey,0.1,fighter,RightMiddleDistal,0.0422917679,1.19488108,0.6893045,-0.521873057,0.385020673,-0.289129049,0.7041396
7934f1476fe2c6e458c230f491769c34,7400006,Mankey,0.1,fighter,RightRingProximal,0.07226976,1.25866461,0.7460242,-0.5171756,-0.555425465,-0.573690951,-0.308076024
7934f1476fe2c6e458c230f491769c34,7400006,Mankey,0.1,fighter,RightRingIntermediate,0.08695106,1.20916557,0.7326265,0.7203711,-0.0134776384,0.6444954,-0.2559481
7934f1476fe2c6e458c230f491769c34,7400006,Mankey,0.1,fighter,RightRingDistal,0.07771275,1.22827446,0.6822109,-0.448605955,0.5357821,-0.2563614,0.6678096
7934f1476fe2c6e458c230f491769c34,7400006,Mankey,0.1,fighter,RightLittleProximal,0.120215096,1.28079379,0.717164159,-0.5230441,-0.517776847,-0.519058645,-0.43463853
7934f1476fe2c6e458c230f491769c34,7400006,Mankey,0.1,fighter,RightLittleIntermediate,0.124217138,1.22783518,0.712209344,0.712770641,0.0616433732,0.692890763,-0.0897841156
7934f1476fe2c6e458c230f491769c34,7400006,Mankey,0.1,fighter,RightLittleDistal,0.122435473,1.22985721,0.6569495,-0.4771214,0.484404,-0.43514815,0.590215862
7934f1476fe2c6e458c230f491769c34,7400006,Mankey,0.1,fighter,UpperChest,0.00324265333,1.12004387,-0.0155753559,0.6833518,-0.640735865,-0.278406978,0.212079272
7934f1476fe2c6e458c230f491769c34,7400006,Mankey,0.116666667,source,AnimatorRoot,0,0,0,0,0,5.06295468E-16,1
7934f1476fe2c6e458c230f491769c34,7400006,Mankey,0.116666667,source,Hips,-0.0432508,0.7238413,-0.0168345142,-0.01994279,-0.0920113,-0.0489582568,0.9943537
7934f1476fe2c6e458c230f491769c34,7400006,Mankey,0.116666667,source,LeftUpperLeg,-0.141333356,0.7332351,-0.0353763774,-0.6886928,-0.341572344,0.5827712,0.2634545
7934f1476fe2c6e458c230f491769c34,7400006,Mankey,0.116666667,source,RightUpperLeg,0.05483201,0.7144477,0.00170737191,0.6370218,-0.413196355,-0.5275717,0.380972862
7934f1476fe2c6e458c230f491769c34,7400006,Mankey,0.116666667,source,LeftLowerLeg,-0.1739158,0.443409383,0.196740583,-0.430484116,-0.472961158,0.5523495,0.5346974
7934f1476fe2c6e458c230f491769c34,7400006,Mankey,0.116666667,source,RightLowerLeg,0.09280491,0.3683871,-0.131480366,0.725493252,-0.21835275,-0.608027,0.237244859
7934f1476fe2c6e458c230f491769c34,7400006,Mankey,0.116666667,source,LeftFoot,-0.153886,0.09619189,0.18622306,0.5425105,0.0947538242,-0.8131824,-0.188250929
7934f1476fe2c6e458c230f491769c34,7400006,Mankey,0.116666667,source,RightFoot,0.150304243,0.157760471,-0.4024087,0.420077115,-0.6115626,-0.265816,0.6155232
7934f1476fe2c6e458c230f491769c34,7400006,Mankey,0.116666667,source,Spine,-0.03334893,0.821299136,-0.0198384747,0.0156449452,-0.10757567,-0.116269886,0.987250745
7934f1476fe2c6e458c230f491769c34,7400006,Mankey,0.116666667,source,Chest,0.0064687226,0.995535851,-0.00658273557,0.08163674,-0.4774203,0.03376291,0.874222755
7934f1476fe2c6e458c230f491769c34,7400006,Mankey,0.116666667,source,Neck,-0.02227329,1.19503677,0.0164439119,0.224608108,-0.407462925,0.164532632,0.8697439
7934f1476fe2c6e458c230f491769c34,7400006,Mankey,0.116666667,source,Head,-0.06304002,1.26844525,0.0387386344,0.160255373,-0.139173433,0.0109392693,0.9771539
7934f1476fe2c6e458c230f491769c34,7400006,Mankey,0.116666667,source,LeftShoulder,-0.0332815945,1.15253592,-0.0126987509,0.07114582,-0.376459718,0.0403060727,0.9228174
7934f1476fe2c6e458c230f491769c34,7400006,Mankey,0.116666667,source,RightShoulder,-0.0011520877,1.151418,0.03712593,0.746797442,0.1621424,0.6449461,0.006947081
7934f1476fe2c6e458c230f491769c34,7400006,Mankey,0.116666667,source,LeftUpperArm,-0.134572774,1.14957917,-0.112177268,-0.209819853,0.0257110242,0.362191617,0.907817066
7934f1476fe2c6e458c230f491769c34,7400006,Mankey,0.116666667,source,RightUpperArm,0.0152526153,1.18707371,0.173597246,0.6938782,0.31547904,0.6270833,-0.160539508
7934f1476fe2c6e458c230f491769c34,7400006,Mankey,0.116666667,source,LeftLowerArm,-0.3013997,1.00302911,-0.06716405,-0.488743454,0.77264595,0.100590736,0.3924664
7934f1476fe2c6e458c230f491769c34,7400006,Mankey,0.116666667,source,RightLowerArm,0.0185300373,1.24065256,0.393715918,0.608517647,0.419529557,0.6065915,-0.292828321
7934f1476fe2c6e458c230f491769c34,7400006,Mankey,0.116666667,source,LeftHand,-0.250767648,1.162889,0.0994343,-0.364157349,0.920568168,0.0474055335,0.133027971
7934f1476fe2c6e458c230f491769c34,7400006,Mankey,0.116666667,source,RightHand,-0.00224843621,1.27736759,0.6262981,0.706732,0.3515688,0.498525649,-0.358332366
7934f1476fe2c6e458c230f491769c34,7400006,Mankey,0.116666667,source,LeftToes,-0.10290274,0.0349537432,0.3129962,0.550983369,-0.0153675331,-0.8335804,-0.03640097
7934f1476fe2c6e458c230f491769c34,7400006,Mankey,0.116666667,source,RightToes,0.166875347,0.0318263657,-0.323118061,0.289930016,-0.6334575,0.115795352,0.707999945
7934f1476fe2c6e458c230f491769c34,7400006,Mankey,0.116666667,source,LeftThumbProximal,-0.239979178,1.17278433,0.08455231,-0.389975876,0.5746523,-0.7010689,0.161853045
7934f1476fe2c6e458c230f491769c34,7400006,Mankey,0.116666667,source,LeftThumbIntermediate,-0.211274758,1.20290279,0.0684576,-0.339196116,0.6452525,-0.6546692,0.200009242
7934f1476fe2c6e458c230f491769c34,7400006,Mankey,0.116666667,source,LeftThumbDistal,-0.190584809,1.22388458,0.06287914,-0.299204856,0.7020278,-0.60047394,0.238882616
7934f1476fe2c6e458c230f491769c34,7400006,Mankey,0.116666667,source,LeftIndexProximal,-0.199774161,1.225066,0.09702601,-0.43038106,0.8936753,0.0126399528,0.126321822
7934f1476fe2c6e458c230f491769c34,7400006,Mankey,0.116666667,source,LeftIndexIntermediate,-0.181346655,1.24868667,0.104323179,-0.407380253,0.904419065,0.009624592,0.126393318
7934f1476fe2c6e458c230f491769c34,7400006,Mankey,0.116666667,source,LeftIndexDistal,-0.16718933,1.26503193,0.109585837,-0.368381441,0.9209473,0.008850372,0.126781613
7934f1476fe2c6e458c230f491769c34,7400006,Mankey,0.116666667,source,LeftMiddleProximal,-0.203396514,1.2225281,0.118012071,-0.426441342,0.8924225,0.01570648,0.146571666
7934f1476fe2c6e458c230f491769c34,7400006,Mankey,0.116666667,source,LeftMiddleIntermediate,-0.183909267,1.24737525,0.127044141,-0.409957439,0.9001427,0.00270244922,0.147209376
7934f1476fe2c6e458c230f491769c34,7400006,Mankey,0.116666667,source,LeftMiddleDistal,-0.1703321,1.263506,0.132891178,-0.364844382,0.9190007,-0.00549773825,0.149319768
7934f1476fe2c6e458c230f491769c34,7400006,Mankey,0.116666667,source,LeftRingProximal,-0.2068818,1.21938014,0.135070488,-0.3748726,0.909432352,0.0349314027,0.176588148
7934f1476fe2c6e458c230f491769c34,7400006,Mankey,0.116666667,source,LeftRingIntermediate,-0.186318189,1.2403487,0.145950347,-0.369688839,0.9121644,0.0127456253,0.176420689
7934f1476fe2c6e458c230f491769c34,7400006,Mankey,0.116666667,source,LeftRingDistal,-0.173566833,1.253206,0.152308226,-0.338139236,0.9240806,-0.00435212441,0.178095937
7934f1476fe2c6e458c230f491769c34,7400006,Mankey,0.116666667,source,LeftLittleProximal,-0.210395724,1.21049571,0.150659055,-0.379599541,0.9032907,0.03909093,0.196067274
7934f1476fe2c6e458c230f491769c34,7400006,Mankey,0.116666667,source,LeftLittleIntermediate,-0.192970023,1.2288965,0.161195084,-0.3711289,0.9075382,0.0118095363,0.196210176
7934f1476fe2c6e458c230f491769c34,7400006,Mankey,0.116666667,source,LeftLittleDistal,-0.180668458,1.24160588,0.168127328,-0.347222865,0.9164749,-0.0122087467,0.1983974
7934f1476fe2c6e458c230f491769c34,7400006,Mankey,0.116666667,source,RightThumbProximal,-0.008042955,1.26299787,0.6402877,-0.0450268723,0.4881936,0.226459548,-0.841639
7934f1476fe2c6e458c230f491769c34,7400006,Mankey,0.116666667,source,RightThumbIntermediate,0.0107280174,1.24403167,0.676037252,-0.129746482,-0.456872463,-0.0109310551,0.8799515
7934f1476fe2c6e458c230f491769c34,7400006,Mankey,0.116666667,source,RightThumbDistal,0.0281909071,1.24701047,0.7002358,0.459199637,0.192972109,-0.615434,-0.6108511
7934f1476fe2c6e458c230f491769c34,7400006,Mankey,0.116666667,source,RightIndexProximal,-0.002980441,1.272233,0.7065789,-0.7336326,0.133139729,-0.137049109,0.6521311
7934f1476fe2c6e458c230f491769c34,7400006,Mankey,0.116666667,source,RightIndexIntermediate,0.0256018583,1.26069772,0.7074272,0.4142264,-0.6126794,-0.37530753,-0.55873543
7934f1476fe2c6e458c230f491769c34,7400006,Mankey,0.116666667,source,RightIndexDistal,0.0248765666,1.25873673,0.6852681,0.173918188,0.7178643,0.664904952,0.111020684
7934f1476fe2c6e458c230f491769c34,7400006,Mankey,0.116666667,source,RightMiddleProximal,0.00676466059,1.29099488,0.7029715,-0.723349154,0.217956647,-0.1358578,0.640939832
7934f1476fe2c6e458c230f491769c34,7400006,Mankey,0.116666667,source,RightMiddleIntermediate,0.03527448,1.274919,0.70025444,0.3162363,-0.673151,-0.389177769,-0.543510139
7934f1476fe2c6e458c230f491769c34,7400006,Mankey,0.116666667,source,RightMiddleDistal,0.0306939315,1.27486277,0.6788561,0.3200468,0.674830437,0.661424,0.0685055
7934f1476fe2c6e458c230f491769c34,7400006,Mankey,0.116666667,source,RightRingProximal,0.0149098076,1.30615211,0.698852062,-0.7316328,0.312947065,-0.102810919,0.5968315
7934f1476fe2c6e458c230f491769c34,7400006,Mankey,0.116666667,source,RightRingIntermediate,0.039433144,1.28796577,0.691863,0.232335716,-0.749257,-0.383939773,-0.487057835
7934f1476fe2c6e458c230f491769c34,7400006,Mankey,0.116666667,source,RightRingDistal,0.03142175,1.2884599,0.674433649,0.4458276,0.656206846,0.608251631,0.0257022083
7934f1476fe2c6e458c230f491769c34,7400006,Mankey,0.116666667,source,RightLittleProximal,0.0253711268,1.31836188,0.69014746,-0.7151869,0.322091877,-0.235667914,0.573782146
7934f1476fe2c6e458c230f491769c34,7400006,Mankey,0.116666667,source,RightLittleIntermediate,0.04407213,1.29829621,0.6892579,0.283956558,-0.714891136,-0.220215663,-0.599837542
7934f1476fe2c6e458c230f491769c34,7400006,Mankey,0.116666667,source,RightLittleDistal,0.04180545,1.2956059,0.6705834,0.3746295,0.6792849,0.584099054,0.238859609
7934f1476fe2c6e458c230f491769c34,7400006,Mankey,0.116666667,fighter,AnimatorRoot,0,0,0,0,0,0,1
7934f1476fe2c6e458c230f491769c34,7400006,Mankey,0.116666667,fighter,Hips,-0.0432507955,0.72384125,-0.0168345124,0.476098984,-0.581297934,-0.476233721,0.4567536
7934f1476fe2c6e458c230f491769c34,7400006,Mankey,0.116666667,fighter,LeftUpperLeg,-0.162631676,0.7382408,-0.0324961,0.2998771,0.5958267,0.322822332,0.6714538
7934f1476fe2c6e458c230f491769c34,7400006,Mankey,0.116666667,fighter,RightUpperLeg,0.0761300847,0.7094417,-0.0011729477,0.5330352,0.41689384,0.6133723,0.4072436
7934f1476fe2c6e458c230f491769c34,7400006,Mankey,0.116666667,fighter,LeftLowerLeg,-0.192474917,0.448824227,0.189459324,0.54132545,0.5997681,0.441210747,0.390612781
7934f1476fe2c6e458c230f491769c34,7400006,Mankey,0.116666667,fighter,RightLowerLeg,0.112743221,0.363980383,-0.116206594,0.633563161,0.219105974,0.710585952,0.213676959
7934f1476fe2c6e458c230f491769c34,7400006,Mankey,0.116666667,fighter,LeftFoot,-0.153885975,0.09619162,0.186223015,0.0203551948,0.874101341,-0.0256743729,0.4846378
7934f1476fe2c6e458c230f491769c34,7400006,Mankey,0.116666667,fighter,RightFoot,0.150304243,0.157760456,-0.402408719,0.21907489,0.682232141,0.1838445,0.672879338
7934f1476fe2c6e458c230f491769c34,7400006,Mankey,0.116666667,fighter,Spine,-0.0369318239,0.7686262,-0.0238248724,0.450342923,-0.6148821,-0.504740655,0.4053988
7934f1476fe2c6e458c230f491769c34,7400006,Mankey,0.116666667,fighter,Chest,0.0246728845,0.9999543,-0.0213355236,0.734459639,-0.6084955,-0.25696978,0.155785218
7934f1476fe2c6e458c230f491769c34,7400006,Mankey,0.116666667,fighter,Neck,0.0077717,1.27984774,0.0190179516,0.680849433,-0.5833911,-0.360334128,0.257407069
7934f1476fe2c6e458c230f491769c34,7400006,Mankey,0.116666667,fighter,Head,-0.00109970768,1.42563736,0.0473348573,0.6440905,-0.4721165,-0.4938887,0.343987852
7934f1476fe2c6e458c230f491769c34,7400006,Mankey,0.116666667,fighter,LeftShoulder,-0.0923856944,1.235453,0.0470931046,0.6863215,-0.460261166,0.24482888,0.5071305
7934f1476fe2c6e458c230f491769c34,7400006,Mankey,0.116666667,fighter,RightShoulder,-0.05828759,1.23040831,0.09636484,0.5410726,-0.6254922,-0.5422777,-0.148104042
7934f1476fe2c6e458c230f491769c34,7400006,Mankey,0.116666667,fighter,LeftUpperArm,-0.1892635,1.31684041,-0.123318523,0.563456655,0.229764238,0.239254877,0.756625533
7934f1476fe2c6e458c230f491769c34,7400006,Mankey,0.116666667,fighter,RightUpperArm,0.0203739014,1.339981,0.260241717,-0.678193748,0.442389071,0.584935248,0.0468646139
7934f1476fe2c6e458c230f491769c34,7400006,Mankey,0.116666667,fighter,LeftLowerArm,-0.409084946,1.1418196,-0.101313762,0.156394184,0.8016597,-0.407326579,0.40861696
7934f1476fe2c6e458c230f491769c34,7400006,Mankey,0.116666667,fighter,RightLowerArm,0.0417141765,1.493652,0.495545924,-0.6196269,-0.250543535,0.59290874,0.449165761
7934f1476fe2c6e458c230f491769c34,7400006,Mankey,0.116666667,fighter,LeftHand,-0.250767827,1.16288912,0.09943425,0.416900456,-0.851206243,-0.0674954653,-0.311586857
7934f1476fe2c6e458c230f491769c34,7400006,Mankey,0.116666667,fighter,RightHand,-0.00224836473,1.27736747,0.6262981,-0.482806146,0.740620136,0.2743696,0.378287941
7934f1476fe2c6e458c230f491769c34,7400006,Mankey,0.116666667,fighter,LeftToes,-0.00134875381,0.118087359,0.421011031,0.136468381,0.835542262,0.0478116274,0.5300564
7934f1476fe2c6e458c230f491769c34,7400006,Mankey,0.116666667,fighter,RightToes,0.147705227,0.0261598527,-0.1543227,0.1731309,0.732907951,0.133530647,0.6442369
7934f1476fe2c6e458c230f491769c34,7400006,Mankey,0.116666667,fighter,LeftEye,-0.1832107,1.48967361,0.2117304,0.534285,-0.2497925,-0.388187468,-0.7081344
7934f1476fe2c6e458c230f491769c34,7400006,Mankey,0.116666667,fighter,RightEye,0.06922213,1.48357129,0.284099072,0.407614,-0.4236008,-0.620822847,-0.518644869
7934f1476fe2c6e458c230f491769c34,7400006,Mankey,0.116666667,fighter,Jaw,-0.04482847,1.27855825,0.187477008,0.788972,0.123570263,-0.5922023,-0.107471831
7934f1476fe2c6e458c230f491769c34,7400006,Mankey,0.116666667,fighter,LeftThumbProximal,-0.194477484,1.20979571,0.09455487,0.322975129,-0.944494,0.0367919877,0.047591567
7934f1476fe2c6e458c230f491769c34,7400006,Mankey,0.116666667,fighter,LeftThumbIntermediate,-0.159139588,1.23703837,0.0894500539,0.329202861,-0.9433728,0.01018624,-0.0396228731
7934f1476fe2c6e458c230f491769c34,7400006,Mankey,0.116666667,fighter,LeftThumbDistal,-0.128899738,1.26114631,0.09208795,0.326274484,-0.9409452,-0.004085064,-0.0902810544
7934f1476fe2c6e458c230f491769c34,7400006,Mankey,0.116666667,fighter,LeftMiddleProximal,-0.169622913,1.2650485,0.1312573,0.4123861,-0.8763998,-0.09465659,-0.230004042
7934f1476fe2c6e458c230f491769c34,7400006,Mankey,0.116666667,fighter,LeftMiddleIntermediate,-0.136018619,1.30624688,0.160443068,0.41029954,-0.8759655,-0.1510745,-0.203754067
7934f1476fe2c6e458c230f491769c34,7400006,Mankey,0.116666667,fighter,LeftMiddleDistal,-0.105066374,1.341305,0.186096266,0.418955326,-0.8613255,-0.210281223,-0.195900872
7934f1476fe2c6e458c230f491769c34,7400006,Mankey,0.116666667,fighter,LeftRingProximal,-0.183259234,1.251726,0.183038,0.357484579,-0.8855482,-0.08622399,-0.283857971
7934f1476fe2c6e458c230f491769c34,7400006,Mankey,0.116666667,fighter,LeftRingIntermediate,-0.152148247,1.28288674,0.213142365,0.360803068,-0.8870809,-0.104408666,-0.268343121
7934f1476fe2c6e458c230f491769c34,7400006,Mankey,0.116666667,fighter,LeftRingDistal,-0.119566821,1.314837,0.243305773,0.3778866,-0.8791734,-0.121685758,-0.263531864
7934f1476fe2c6e458c230f491769c34,7400006,Mankey,0.116666667,fighter,LeftLittleProximal,-0.214002371,1.2191906,0.223258182,0.3661059,-0.8761021,-0.09116961,-0.300167024
7934f1476fe2c6e458c230f491769c34,7400006,Mankey,0.116666667,fighter,LeftLittleIntermediate,-0.1845729,1.25048852,0.254873335,0.37118274,-0.877565145,-0.120564654,-0.2785101
7934f1476fe2c6e458c230f491769c34,7400006,Mankey,0.116666667,fighter,LeftLittleDistal,-0.153075859,1.28281593,0.286869049,0.3733977,-0.8745273,-0.138059661,-0.276977956
7934f1476fe2c6e458c230f491769c34,7400006,Mankey,0.116666667,fighter,RightThumbProximal,0.00751244742,1.26335871,0.69772,0.201529786,-0.706601143,-0.488709182,-0.4703874
7934f1476fe2c6e458c230f491769c34,7400006,Mankey,0.116666667,fighter,RightThumbIntermediate,0.0289008487,1.255501,0.736421168,-0.342771649,0.8032145,0.4064782,0.2685708
7934f1476fe2c6e458c230f491769c34,7400006,Mankey,0.116666667,fighter,RightThumbDistal,0.05296318,1.26838219,0.763947,0.5732895,-0.735571,-0.02494578,0.360073656
7934f1476fe2c6e458c230f491769c34,7400006,Mankey,0.116666667,fighter,RightMiddleProximal,0.0131911756,1.3007108,0.7576391,-0.191191882,-0.7573919,-0.604393244,-0.1565642
7934f1476fe2c6e458c230f491769c34,7400006,Mankey,0.116666667,fighter,RightMiddleIntermediate,0.06643314,1.27166784,0.758006036,0.7152693,0.412224025,0.446901023,-0.344588548
7934f1476fe2c6e458c230f491769c34,7400006,Mankey,0.116666667,fighter,RightMiddleDistal,0.0525274538,1.25664151,0.7087513,-0.7738141,0.213417321,-0.0240520611,0.595891654
7934f1476fe2c6e458c230f491769c34,7400006,Mankey,0.116666667,fighter,RightRingProximal,0.0379066467,1.34689176,0.7402854,-0.297866166,-0.794680357,-0.5125432,-0.130609423
7934f1476fe2c6e458c230f491769c34,7400006,Mankey,0.116666667,fighter,RightRingIntermediate,0.079962,1.31449807,0.735070944,0.792259753,0.317374021,0.407941,-0.324319
7934f1476fe2c6e458c230f491769c34,7400006,Mankey,0.116666667,fighter,RightRingDistal,0.0544868,1.30146384,0.688451767,-0.746841669,0.376184553,-0.04140509,0.546807766
7934f1476fe2c6e458c230f491769c34,7400006,Mankey,0.116666667,fighter,RightLittleProximal,0.0556196459,1.38468158,0.6969316,-0.275752544,-0.768282652,-0.510669231,-0.27003628
7934f1476fe2c6e458c230f491769c34,7400006,Mankey,0.116666667,fighter,RightLittleIntermediate,0.09306902,1.34736955,0.7040415,0.7398011,0.4086082,0.4997434,-0.18971318
7934f1476fe2c6e458c230f491769c34,7400006,Mankey,0.116666667,fighter,RightLittleDistal,0.08385212,1.32441175,0.6545549,-0.7633705,0.282807529,-0.22862339,0.5338699
7934f1476fe2c6e458c230f491769c34,7400006,Mankey,0.116666667,fighter,UpperChest,0.009456109,1.11627781,0.00110501179,0.69597137,-0.6521667,-0.2469877,0.171171129
7934f1476fe2c6e458c230f491769c34,7400006,Mankey,0.13333334,source,AnimatorRoot,0,0,0,0,0,5.786234E-16,1
7934f1476fe2c6e458c230f491769c34,7400006,Mankey,0.13333334,source,Hips,-0.0404704735,0.724739432,-0.0143614169,-0.004778132,-0.115454525,-0.0536296666,0.9918525
7934f1476fe2c6e458c230f491769c34,7400006,Mankey,0.13333334,source,LeftUpperLeg,-0.137481675,0.7352951,-0.0373753048,-0.6957821,-0.351888716,0.5706576,0.257704735
7934f1476fe2c6e458c230f491769c34,7400006,Mankey,0.13333334,source,RightUpperLeg,0.0565409623,0.7141839,0.008652513,0.648243546,-0.416573435,-0.528876245,0.3557203
7934f1476fe2c6e458c230f491769c34,7400006,Mankey,0.13333334,source,LeftLowerLeg,-0.175147071,0.4431383,0.191020474,-0.441233575,-0.473594129,0.554118156,0.5234262
7934f1476fe2c6e458c230f491769c34,7400006,Mankey,0.13333334,source,RightLowerLeg,0.09139746,0.372620523,-0.136462212,0.721109867,-0.228658825,-0.6067367,0.244103208
7934f1476fe2c6e458c230f491769c34,7400006,Mankey,0.13333334,source,LeftFoot,-0.153338641,0.0958765447,0.188657165,0.5435495,0.100371063,-0.8107799,-0.19265458
7934f1476fe2c6e458c230f491769c34,7400006,Mankey,0.13333334,source,RightFoot,0.1467815,0.154805288,-0.402095437,0.425394773,-0.602010369,-0.264550447,0.621800661
7934f1476fe2c6e458c230f491769c34,7400006,Mankey,0.13333334,source,Spine,-0.02993596,0.8221768,-0.0140766883,0.033308886,-0.13110441,-0.122984856,0.983146548
7934f1476fe2c6e458c230f491769c34,7400006,Mankey,0.13333334,source,Chest,0.0109491423,0.995437145,0.0066326363,0.0884267762,-0.5043118,0.048736956,0.8575986
7934f1476fe2c6e458c230f491769c34,7400006,Mankey,0.13333334,source,Neck,-0.02508678,1.19393849,0.0279756356,0.20583044,-0.4265508,0.194052219,0.859088242
7934f1476fe2c6e458c230f491769c34,7400006,Mankey,0.13333334,source,Head,-0.06930854,1.2669121,0.0443179533,0.138008565,-0.140274033,0.00164160389,0.980446339
7934f1476fe2c6e458c230f491769c34,7400006,Mankey,0.13333334,source,LeftShoulder,-0.03292704,1.15122247,-0.00186856778,0.08539964,-0.4462104,0.046204105,0.889645338
7934f1476fe2c6e458c230f491769c34,7400006,Mankey,0.13333334,source,RightShoulder,-0.004075057,1.15089452,0.0499340259,0.7487754,0.18821907,0.6354922,0.007678088
7934f1476fe2c6e458c230f491769c34,7400006,Mankey,0.13333334,source,LeftUpperArm,-0.117776625,1.15037084,-0.115730055,-0.224053353,-0.0487551354,0.341972351,0.911305845
7934f1476fe2c6e458c230f491769c34,7400006,Mankey,0.13333334,source,RightUpperArm,0.0131730866,1.19230032,0.1846669,0.708224,0.269840658,0.6455749,-0.09401271
7934f1476fe2c6e458c230f491769c34,7400006,Mankey,0.13333334,source,LeftLowerArm,-0.2902777,1.0042032,-0.101143852,-0.493569255,0.7583428,0.08222064,0.417786956
7934f1476fe2c6e458c230f491769c34,7400006,Mankey,0.13333334,source,RightLowerArm,0.01789183,1.2514,0.4033416,0.639171362,0.3133081,0.6847611,-0.156207427
7934f1476fe2c6e458c230f491769c34,7400006,Mankey,0.13333334,source,LeftHand,-0.2515856,1.1649127,0.0678214952,-0.385718256,0.89365226,0.101139434,0.205860719
7934f1476fe2c6e458c230f491769c34,7400006,Mankey,0.13333334,source,RightHand,-0.0138084749,1.29550278,0.6333942,0.7453513,0.319527358,0.5757209,-0.10440205
7934f1476fe2c6e458c230f491769c34,7400006,Mankey,0.13333334,source,LeftToes,-0.10319557,0.03276084,0.314843178,0.5529302,-0.0134402076,-0.8324327,-0.0338204131
7934f1476fe2c6e458c230f491769c34,7400006,Mankey,0.13333334,source,RightToes,0.167025164,0.0288502648,-0.323695868,0.298710823,-0.625376344,0.118838549,0.7110231
7934f1476fe2c6e458c230f491769c34,7400006,Mankey,0.13333334,source,LeftThumbProximal,-0.240144074,1.17756462,0.05578808,-0.357104123,0.6030731,-0.6705547,0.243180245
7934f1476fe2c6e458c230f491769c34,7400006,Mankey,0.13333334,source,LeftThumbIntermediate,-0.212187529,1.21132815,0.0475081056,-0.307624519,0.669855058,-0.61483705,0.2804235
7934f1476fe2c6e458c230f491769c34,7400006,Mankey,0.13333334,source,LeftThumbDistal,-0.192590013,1.23402977,0.0474303626,-0.266297668,0.7226797,-0.551720262,0.320039779
7934f1476fe2c6e458c230f491769c34,7400006,Mankey,0.13333334,source,LeftIndexProximal,-0.205353439,1.22961783,0.07998484,-0.445176154,0.8698266,0.0614546426,0.203577444
7934f1476fe2c6e458c230f491769c34,7400006,Mankey,0.13333334,source,LeftIndexIntermediate,-0.189296439,1.25272608,0.0925919563,-0.418174684,0.883423269,0.0614312254,0.202287644
7934f1476fe2c6e458c230f491769c34,7400006,Mankey,0.13333334,source,LeftIndexDistal,-0.1766461,1.26861632,0.101689637,-0.3753478,0.902664959,0.06487431,0.200254381
7934f1476fe2c6e458c230f491769c34,7400006,Mankey,0.13333334,source,LeftMiddleProximal,-0.210831642,1.22372043,0.09986417,-0.4399434,0.867439866,0.06550237,0.222952664
7934f1476fe2c6e458c230f491769c34,7400006,Mankey,0.13333334,source,LeftMiddleIntermediate,-0.193966746,1.2478292,0.114460863,-0.4188198,0.8785684,0.0550835431,0.222876966
7934f1476fe2c6e458c230f491769c34,7400006,Mankey,0.13333334,source,LeftMiddleDistal,-0.181936428,1.26339364,0.124039091,-0.369470477,0.9007437,0.0517550521,0.222428948
7934f1476fe2c6e458c230f491769c34,7400006,Mankey,0.13333334,source,LeftRingProximal,-0.215740845,1.21782458,0.11580731,-0.3877603,0.8830583,0.08996959,0.24850747
7934f1476fe2c6e458c230f491769c34,7400006,Mankey,0.13333334,source,LeftRingIntermediate,-0.197707847,1.23787248,0.131738618,-0.377448082,0.889381349,0.0695018247,0.2484025
7934f1476fe2c6e458c230f491769c34,7400006,Mankey,0.13333334,source,LeftRingDistal,-0.186352775,1.250095,0.141225591,-0.341325164,0.904796243,0.0560941547,0.248384148
7934f1476fe2c6e458c230f491769c34,7400006,Mankey,0.13333334,source,LeftLittleProximal,-0.220108137,1.20648944,0.129472122,-0.391218126,0.8755147,0.0942241251,0.267478555
7934f1476fe2c6e458c230f491769c34,7400006,Mankey,0.13333334,source,LeftLittleIntermediate,-0.204990983,1.22390711,0.144349977,-0.3777725,0.8836772,0.06894995,0.267673731
7934f1476fe2c6e458c230f491769c34,7400006,Mankey,0.13333334,source,LeftLittleDistal,-0.194137976,1.23588979,0.1543269,-0.349256128,0.8963498,0.0480214171,0.268834263
7934f1476fe2c6e458c230f491769c34,7400006,Mankey,0.13333334,source,RightThumbProximal,-0.0270454381,1.28940547,0.6483402,0.150394931,0.608158648,0.300096929,-0.7193522
7934f1476fe2c6e458c230f491769c34,7400006,Mankey,0.13333334,source,RightThumbIntermediate,-0.0234685037,1.27830553,0.6913994,-0.3429563,-0.516653657,-0.12419834,0.7746132
7934f1476fe2c6e458c230f491769c34,7400006,Mankey,0.13333334,source,RightThumbDistal,-0.0104143452,1.28316319,0.71795857,0.640549362,0.0751221552,-0.453680426,-0.6150024
7934f1476fe2c6e458c230f491769c34,7400006,Mankey,0.13333334,source,RightIndexProximal,-0.0294311289,1.31790936,0.709063232,-0.763952434,0.1736849,-0.359230757,0.5071139
7934f1476fe2c6e458c230f491769c34,7400006,Mankey,0.13333334,source,RightIndexIntermediate,-0.008416251,1.29849339,0.7205576,0.408776373,-0.662404358,-0.11632859,-0.616920531
7934f1476fe2c6e458c230f491769c34,7400006,Mankey,0.13333334,source,RightIndexDistal,-0.006295146,1.28963673,0.700248361,0.2124368,0.7458541,0.5313595,0.3409259
7934f1476fe2c6e458c230f491769c34,7400006,Mankey,0.13333334,source,RightMiddleProximal,-0.0125387041,1.33001792,0.703770638,-0.736342549,0.254893452,-0.367526621,0.507694662
7934f1476fe2c6e458c230f491769c34,7400006,Mankey,0.13333334,source,RightMiddleIntermediate,0.00716304034,1.30543435,0.7130501,0.302124649,-0.705810547,-0.134593114,-0.626448452
7934f1476fe2c6e458c230f491769c34,7400006,Mankey,0.13333334,source,RightMiddleDistal,0.00644882349,1.29979563,0.691917956,0.351816863,0.6808419,0.559093237,0.3163781
7934f1476fe2c6e458c230f491769c34,7400006,Mankey,0.13333334,source,RightRingProximal,0.00154754042,1.339309,0.698449969,-0.723343849,0.357948363,-0.342486769,0.4809888
7934f1476fe2c6e458c230f491769c34,7400006,Mankey,0.13333334,source,RightRingIntermediate,0.0174942948,1.31277049,0.7031824,0.197717518,-0.768757045,-0.138357788,-0.5922655
7934f1476fe2c6e458c230f491769c34,7400006,Mankey,0.13333334,source,RightRingDistal,0.0132686291,1.31007957,0.684659064,0.481904149,0.6357947,0.533036053,0.281792521
7934f1476fe2c6e458c230f491769c34,7400006,Mankey,0.13333334,source,RightLittleProximal,0.0172775835,1.34370339,0.6902313,-0.6872686,0.346280426,-0.465620458,0.436978638
7934f1476fe2c6e458c230f491769c34,7400006,Mankey,0.13333334,source,RightLittleIntermediate,0.02623947,1.3194741,0.69949317,0.2524227,-0.7081333,0.04155233,-0.6581068
7934f1476fe2c6e458c230f491769c34,7400006,Mankey,0.13333334,source,RightLittleDistal,0.02611784,1.31164587,0.6821777,0.388417,0.643857658,0.457645029,0.474490881
7934f1476fe2c6e458c230f491769c34,7400006,Mankey,0.13333334,fighter,AnimatorRoot,0,0,0,0,0,0,1
7934f1476fe2c6e458c230f491769c34,7400006,Mankey,0.13333334,fighter,Hips,-0.04047047,0.7247394,-0.0143614169,0.493781537,-0.5870229,-0.475704342,0.430452526
7934f1476fe2c6e458c230f491769c34,7400006,Mankey,0.13333334,fighter,LeftUpperLeg,-0.158720031,0.740915656,-0.035804417,0.297080636,0.5848159,0.333833218,0.6769705
7934f1476fe2c6e458c230f491769c34,7400006,Mankey,0.13333334,fighter,RightUpperLeg,0.0777790844,0.7085631,0.00708156358,0.532532156,0.38916415,0.6280191,0.4129805
7934f1476fe2c6e458c230f491769c34,7400006,Mankey,0.13333334,fighter,LeftLowerLeg,-0.1927859,0.448353678,0.181367934,0.5314509,0.603408158,0.437603682,0.40244475
7934f1476fe2c6e458c230f491769c34,7400006,Mankey,0.13333334,fighter,RightLowerLeg,0.111340664,0.367060721,-0.120065957,0.632311463,0.222361088,0.7074654,0.224122286
7934f1476fe2c6e458c230f491769c34,7400006,Mankey,0.13333334,fighter,LeftFoot,-0.153338686,0.09587657,0.188657135,0.0247609466,0.872882,-0.02003336,0.4868909
7934f1476fe2c6e458c230f491769c34,7400006,Mankey,0.13333334,fighter,RightFoot,0.146781459,0.154805228,-0.402095556,0.215476245,0.6890943,0.19030039,0.6652104
7934f1476fe2c6e458c230f491769c34,7400006,Mankey,0.13333334,fighter,Spine,-0.0334064923,0.7696728,-0.0194192529,0.46715945,-0.6198422,-0.5062396,0.37587142
7934f1476fe2c6e458c230f491769c34,7400006,Mankey,0.13333334,fighter,Chest,0.03113912,0.99974966,-0.00484191626,0.751657,-0.603167236,-0.2310176,0.133536816
7934f1476fe2c6e458c230f491769c34,7400006,Mankey,0.13333334,fighter,Neck,0.004174777,1.27870977,0.0364939831,0.6860088,-0.5905438,-0.3449026,0.248379767
7934f1476fe2c6e458c230f491769c34,7400006,Mankey,0.13333334,fighter,Head,-0.00543638924,1.42474687,0.06325251,0.6305273,-0.490094662,-0.488515347,0.351562023
7934f1476fe2c6e458c230f491769c34,7400006,Mankey,0.13333334,fighter,LeftShoulder,-0.09657322,1.23153782,0.0568720959,0.6667228,-0.5052865,0.291516423,0.46388036
7934f1476fe2c6e458c230f491769c34,7400006,Mankey,0.13333334,fighter,RightShoulder,-0.06600336,1.22685146,0.108441,0.549516737,-0.629047751,-0.534381568,-0.129488
7934f1476fe2c6e458c230f491769c34,7400006,Mankey,0.13333334,fighter,LeftUpperArm,-0.164366826,1.3171407,-0.1251322,0.5542878,0.151167959,0.285849452,0.7669445
7934f1476fe2c6e458c230f491769c34,7400006,Mankey,0.13333334,fighter,RightUpperArm,0.0109426389,1.3442148,0.267672271,-0.667789459,0.494331747,0.5511039,0.07731985
7934f1476fe2c6e458c230f491769c34,7400006,Mankey,0.13333334,fighter,LeftLowerArm,-0.3872735,1.14632916,-0.14909187,0.180601,0.7808089,-0.3934518,0.450463057
7934f1476fe2c6e458c230f491769c34,7400006,Mankey,0.13333334,fighter,RightLowerArm,0.0380450748,1.50627649,0.4966694,-0.565374136,-0.151224017,0.6132405,0.5304903
7934f1476fe2c6e458c230f491769c34,7400006,Mankey,0.13333334,fighter,LeftHand,-0.251585722,1.16491282,0.06782166,0.423663259,-0.8120624,-0.11918208,-0.3832235
7934f1476fe2c6e458c230f491769c34,7400006,Mankey,0.13333334,fighter,RightHand,-0.0138084,1.2955029,0.633394,-0.4119687,0.803989053,0.0264722556,0.4279991
7934f1476fe2c6e458c230f491769c34,7400006,Mankey,0.13333334,fighter,LeftToes,-0.00207046978,0.11415302,0.4245732,0.133734345,0.8347566,0.049900353,0.5317959
7934f1476fe2c6e458c230f491769c34,7400006,Mankey,0.13333334,fighter,RightToes,0.150602683,0.0220263712,-0.154653847,0.168634027,0.7392058,0.1402452,0.6367645
7934f1476fe2c6e458c230f491769c34,7400006,Mankey,0.13333334,fighter,LeftEye,-0.185613945,1.50011146,0.224953488,0.5456289,-0.2649224,-0.3743965,-0.701379538
7934f1476fe2c6e458c230f491769c34,7400006,Mankey,0.13333334,fighter,RightEye,0.066718854,1.49078572,0.2973278,0.412723124,-0.44186604,-0.605588555,-0.517375231
7934f1476fe2c6e458c230f491769c34,7400006,Mankey,0.13333334,fighter,Jaw,-0.0525433235,1.28479755,0.209469825,0.7921494,0.101274788,-0.5937814,-0.0983203948
7934f1476fe2c6e458c230f491769c34,7400006,Mankey,0.13333334,fighter,LeftThumbProximal,-0.198721364,1.21523559,0.07592174,0.367117316,-0.9297547,-0.0110577717,-0.0256793052
7934f1476fe2c6e458c230f491769c34,7400006,Mankey,0.13333334,fighter,LeftThumbIntermediate,-0.165975392,1.2458688,0.07843092,0.3673715,-0.92226845,-0.0418230444,-0.112740181
7934f1476fe2c6e458c230f491769c34,7400006,Mankey,0.13333334,fighter,LeftThumbDistal,-0.138660446,1.27177036,0.0876831,0.361557782,-0.915415049,-0.05999461,-0.166410312
7934f1476fe2c6e458c230f491769c34,7400006,Mankey,0.13333334,fighter,LeftMiddleProximal,-0.181775764,1.26564825,0.122709595,0.431482017,-0.8381662,-0.143240735,-0.301302969
7934f1476fe2c6e458c230f491769c34,7400006,Mankey,0.13333334,fighter,LeftMiddleIntermediate,-0.154721081,1.30428135,0.160839632,0.4303363,-0.836588562,-0.200663716,-0.273248523
7934f1476fe2c6e458c230f491769c34,7400006,Mankey,0.13333334,fighter,LeftMiddleDistal,-0.129102021,1.3368386,0.194438621,0.438127637,-0.819841862,-0.259130836,-0.262212545
7934f1476fe2c6e458c230f491769c34,7400006,Mankey,0.13333334,fighter,LeftRingProximal,-0.199431747,1.243855,0.1702281,0.371737361,-0.8482146,-0.140178069,-0.350277156
7934f1476fe2c6e458c230f491769c34,7400006,Mankey,0.13333334,fighter,LeftRingIntermediate,-0.173922643,1.27225471,0.207482815,0.373380542,-0.850298047,-0.159672618,-0.334791243
7934f1476fe2c6e458c230f491769c34,7400006,Mankey,0.13333334,fighter,LeftRingDistal,-0.146736085,1.30114,0.245148838,0.38756597,-0.84250164,-0.176879957,-0.329693764
7934f1476fe2c6e458c230f491769c34,7400006,Mankey,0.13333334,fighter,LeftLittleProximal,-0.231498331,1.20385361,0.201739714,0.378675759,-0.8374766,-0.14475593,-0.366447479
7934f1476fe2c6e458c230f491769c34,7400006,Mankey,0.13333334,fighter,LeftLittleIntermediate,-0.207781047,1.2320267,0.240326613,0.383520156,-0.83878994,-0.1750792,-0.34451586
7934f1476fe2c6e458c230f491769c34,7400006,Mankey,0.13333334,fighter,LeftLittleDistal,-0.1818646,1.26094782,0.279731423,0.383188426,-0.8359027,-0.193627849,-0.341967881
7934f1476fe2c6e458c230f491769c34,7400006,Mankey,0.13333334,fighter,RightThumbProximal,-0.0221027657,1.30363917,0.7059035,0.1715863,-0.739183843,-0.2604267,-0.596945643
7934f1476fe2c6e458c230f491769c34,7400006,Mankey,0.13333334,fighter,RightThumbIntermediate,-0.0118437931,1.30106819,0.749551058,-0.251538664,0.8704765,0.193007737,0.376494318
7934f1476fe2c6e458c230f491769c34,7400006,Mankey,0.13333334,fighter,RightThumbDistal,0.0110247713,1.31240964,0.7787229,0.3610757,-0.8641755,0.0658282638,0.344228029
7934f1476fe2c6e458c230f491769c34,7400006,Mankey,0.13333334,fighter,RightMiddleProximal,-0.011633018,1.35462737,0.7539481,-0.250644624,-0.7608416,-0.46528253,-0.376576841
7934f1476fe2c6e458c230f491769c34,7400006,Mankey,0.13333334,fighter,RightMiddleIntermediate,0.0241946019,1.31024253,0.7745562,0.772474647,0.353398263,0.5178508,-0.101112694
7934f1476fe2c6e458c230f491769c34,7400006,Mankey,0.13333334,fighter,RightMiddleDistal,0.0127864527,1.28670561,0.728069,-0.783768654,0.293697953,-0.2527171,0.485368639
7934f1476fe2c6e458c230f491769c34,7400006,Mankey,0.13333334,fighter,RightRingProximal,0.0319657773,1.38137186,0.733245969,-0.37400794,-0.765294552,-0.388185829,-0.351787448
7934f1476fe2c6e458c230f491769c34,7400006,Mankey,0.13333334,fighter,RightRingIntermediate,0.0571813323,1.3362689,0.746477962,0.829187453,0.239070356,0.497444,-0.0885630548
7934f1476fe2c6e458c230f491769c34,7400006,Mankey,0.13333334,fighter,RightRingDistal,0.03580465,1.3194015,0.699035943,-0.716774464,0.448109567,-0.279414266,0.4553685
7934f1476fe2c6e458c230f491769c34,7400006,Mankey,0.13333334,fighter,RightLittleProximal,0.070063,1.3944,0.688522041,-0.32680285,-0.727868557,-0.362839639,-0.4814098
7934f1476fe2c6e458c230f491769c34,7400006,Mankey,0.13333334,fighter,RightLittleIntermediate,0.08728615,1.3503896,0.7132535,0.768414855,0.336131155,0.5410648,0.0616758168
7934f1476fe2c6e458c230f491769c34,7400006,Mankey,0.13333334,fighter,RightLittleDistal,0.07685555,1.31811726,0.6695426,-0.729839,0.3367104,-0.446082383,0.393665463
7934f1476fe2c6e458c230f491769c34,7400006,Mankey,0.13333334,fighter,UpperChest,0.0113548283,1.11542273,0.017398363,0.7134618,-0.6478977,-0.222441211,0.147381052
7934f1476fe2c6e458c230f491769c34,7400006,Mankey,0.15,source,AnimatorRoot,0,0,0,0,0,6.50951332E-16,1
7934f1476fe2c6e458c230f491769c34,7400006,Mankey,0.15,source,Hips,-0.0363328457,0.7270987,-0.0111933621,0.00111904,-0.145513535,-0.0465574637,0.988259554
7934f1476fe2c6e458c230f491769c34,7400006,Mankey,0.15,source,LeftUpperLeg,-0.13191314,0.7363575,-0.04001896,-0.7069432,-0.362131357,0.5561049,0.244621426
7934f1476fe2c6e458c230f491769c34,7400006,Mankey,0.15,source,RightUpperLeg,0.0592476875,0.71784,0.01763229,0.65830344,-0.425632417,-0.523681343,0.3335137
7934f1476fe2c6e458c230f491769c34,7400006,Mankey,0.15,source,LeftLowerLeg,-0.176350564,0.444094449,0.187019691,-0.449665427,-0.477836072,0.552900851,0.5135898
7934f1476fe2c6e458c230f491769c34,7400006,Mankey,0.15,source,RightLowerLeg,0.09249265,0.378753752,-0.133543342,0.7216953,-0.239500225,-0.602119446,0.243408486
7934f1476fe2c6e458c230f491769c34,7400006,Mankey,0.15,source,LeftFoot,-0.152671158,0.09695456,0.189252645,0.546232462,0.102956668,-0.8083582,-0.193874046
7934f1476fe2c6e458c230f491769c34,7400006,Mankey,0.15,source,RightFoot,0.1482289,0.156475782,-0.395379,0.427515566,-0.601232469,-0.277299285,0.615512133
7934f1476fe2c6e458c230f491769c34,7400006,Mankey,0.15,source,Spine,-0.0273461044,0.824679136,-0.009648662,0.0378872231,-0.1603544,-0.118981518,0.979129434
7934f1476fe2c6e458c230f491769c34,7400006,Mankey,0.15,source,Chest,0.0111557348,0.99816066,0.0136196679,0.09023589,-0.516145766,0.05441562,0.8499942
7934f1476fe2c6e458c230f491769c34,7400006,Mankey,0.15,source,Neck,-0.0275046136,1.19628322,0.0338620469,0.20605877,-0.430633873,0.226923957,0.8488816
7934f1476fe2c6e458c230f491769c34,7400006,Mankey,0.15,source,Head,-0.0763938949,1.26683593,0.0472757,0.113339253,-0.1497499,0.0002599386,0.9822063
7934f1476fe2c6e458c230f491769c34,7400006,Mankey,0.15,source,LeftShoulder,-0.03404579,1.15349,0.00381615362,0.09044771,-0.4728853,0.0482987538,0.8751377
7934f1476fe2c6e458c230f491769c34,7400006,Mankey,0.15,source,RightShoulder,-0.006695469,1.1534555,0.0564280525,0.754394,0.19123219,0.6279321,0.00461756065
7934f1476fe2c6e458c230f491769c34,7400006,Mankey,0.15,source,LeftUpperArm,-0.111876287,1.15363288,-0.114956781,-0.228727758,-0.1049979,0.343627781,0.9047537
7934f1476fe2c6e458c230f491769c34,7400006,Mankey,0.15,source,RightUpperArm,0.012940675,1.19524491,0.190714866,0.7375081,0.223669872,0.635062933,-0.0524301156
7934f1476fe2c6e458c230f491769c34,7400006,Mankey,0.15,source,LeftLowerArm,-0.279944479,1.00186944,-0.122388326,-0.5093778,0.747696042,0.07712383,0.418971151
7934f1476fe2c6e458c230f491769c34,7400006,Mankey,0.15,source,RightLowerArm,0.03408513,1.25490987,0.408261746,0.6379211,0.165846229,0.751240432,-0.0344958454
7934f1476fe2c6e458c230f491769c34,7400006,Mankey,0.15,source,LeftHand,-0.249216586,1.16664612,0.0442799143,-0.446344227,0.8549277,0.1305675,0.2298432
7934f1476fe2c6e458c230f491769c34,7400006,Mankey,0.15,source,RightHand,-0.009344024,1.2926718,0.6375263,0.7023721,0.158619881,0.688368738,0.08753182
7934f1476fe2c6e458c230f491769c34,7400006,Mankey,0.15,source,LeftToes,-0.103544824,0.03317957,0.315507263,0.55602926,-0.01234205,-0.8303947,-0.0335253067
7934f1476fe2c6e458c230f491769c34,7400006,Mankey,0.15,source,RightToes,0.166684076,0.0283861924,-0.3200568,0.294053733,-0.626156449,0.11316245,0.713200569
7934f1476fe2c6e458c230f491769c34,7400006,Mankey,0.15,source,LeftThumbProximal,-0.239227921,1.18147945,0.0335106477,-0.374420255,0.5881603,-0.6439306,0.315009475
7934f1476fe2c6e458c230f491769c34,7400006,Mankey,0.15,source,LeftThumbIntermediate,-0.215978846,1.21922576,0.0285299178,-0.328915477,0.6563712,-0.581951737,0.3497487
7934f1476fe2c6e458c230f491769c34,7400006,Mankey,0.15,source,LeftThumbDistal,-0.199814573,1.24438334,0.03081828,-0.286750555,0.7111463,-0.5107114,0.3888693
7934f1476fe2c6e458c230f491769c34,7400006,Mankey,0.15,source,LeftIndexProximal,-0.213534087,1.236519,0.0620745271,-0.496468961,0.8319581,0.089929,0.230819285
7934f1476fe2c6e458c230f491769c34,7400006,Mankey,0.15,source,LeftIndexIntermediate,-0.201185539,1.2607106,0.07667015,-0.463922828,0.8509059,0.09258969,0.228391275
7934f1476fe2c6e458c230f491769c34,7400006,Mankey,0.15,source,LeftIndexDistal,-0.1908317,1.27734017,0.08723221,-0.415744275,0.8757536,0.0990874,0.224487066
7934f1476fe2c6e458c230f491769c34,7400006,Mankey,0.15,source,LeftMiddleProximal,-0.218965292,1.228766,0.0813196152,-0.490798026,0.829389632,0.0957317,0.249130756
7934f1476fe2c6e458c230f491769c34,7400006,Mankey,0.15,source,LeftMiddleIntermediate,-0.206021369,1.25393844,0.09797865,-0.463741422,0.8457656,0.0880502462,0.248740837
7934f1476fe2c6e458c230f491769c34,7400006,Mankey,0.15,source,LeftMiddleDistal,-0.196259752,1.27014315,0.108971432,-0.409068346,0.8740739,0.08824985,0.24671945
7934f1476fe2c6e458c230f491769c34,7400006,Mankey,0.15,source,LeftRingProximal,-0.223660186,1.221322,0.09666854,-0.439572215,0.847436249,0.124182045,0.270568758
7934f1476fe2c6e458c230f491769c34,7400006,Mankey,0.15,source,LeftRingIntermediate,-0.20902954,1.24255085,0.11445041,-0.4229212,0.858197033,0.106173448,0.270856351
7934f1476fe2c6e458c230f491769c34,7400006,Mankey,0.15,source,LeftRingDistal,-0.199519008,1.25537837,0.125096276,-0.381301045,0.878913164,0.0958399549,0.2700676
7934f1476fe2c6e458c230f491769c34,7400006,Mankey,0.15,source,LeftLittleProximal,-0.226922646,1.20871258,0.109499909,-0.4423827,0.839154363,0.129745618,0.288589269
7934f1476fe2c6e458c230f491769c34,7400006,Mankey,0.15,source,LeftLittleIntermediate,-0.214791,1.22703421,0.125943527,-0.423207372,0.8518471,0.107023582,0.289479256
7934f1476fe2c6e458c230f491769c34,7400006,Mankey,0.15,source,LeftLittleDistal,-0.205782413,1.23955476,0.1370337,-0.389546871,0.869413853,0.08896087,0.29061833
7934f1476fe2c6e458c230f491769c34,7400006,Mankey,0.15,source,RightThumbProximal,-0.0276101958,1.29431844,0.6474968,0.2446891,0.6635167,0.4698478,-0.52831465
7934f1476fe2c6e458c230f491769c34,7400006,Mankey,0.15,source,RightThumbIntermediate,-0.0419752039,1.28665674,0.6890304,-0.436409116,-0.5382741,-0.3437865,0.6337346
7934f1476fe2c6e458c230f491769c34,7400006,Mankey,0.15,source,RightThumbDistal,-0.0364527255,1.287679,0.718489766,0.70859766,0.0156107126,-0.198241323,-0.67701304
7934f1476fe2c6e458c230f491769c34,7400006,Mankey,0.15,source,RightIndexProximal,-0.0346421525,1.32629406,0.706093431,-0.6447517,0.2602296,-0.579998553,0.424473941
7934f1476fe2c6e458c230f491769c34,7400006,Mankey,0.15,source,RightIndexIntermediate,-0.0287301838,1.30076611,0.7223444,0.265608132,-0.636824846,0.09833019,-0.717103958
7934f1476fe2c6e458c230f491769c34,7400006,Mankey,0.15,source,RightIndexDistal,-0.024956068,1.29010034,0.703176737,0.28981626,0.621545255,0.458082974,0.5655519
7934f1476fe2c6e458c230f491769c34,7400006,Mankey,0.15,source,RightMiddleProximal,-0.0134152509,1.32929575,0.7067206,-0.59839,0.33182165,-0.5846829,0.4358555
7934f1476fe2c6e458c230f491769c34,7400006,Mankey,0.15,source,RightMiddleIntermediate,-0.0102608865,1.29951608,0.7202053,0.156053483,-0.6529099,0.067036584,-0.738148
7934f1476fe2c6e458c230f491769c34,7400006,Mankey,0.15,source,RightMiddleDistal,-0.00723097054,1.292895,0.699568868,0.404952943,0.5312391,0.512357533,0.5397117
7934f1476fe2c6e458c230f491769c34,7400006,Mankey,0.15,source,RightRingProximal,0.00419217255,1.330996,0.7063379,-0.565921,0.432266533,-0.553541541,0.4318228
7934f1476fe2c6e458c230f491769c34,7400006,Mankey,0.15,source,RightRingIntermediate,0.00461412733,1.30069864,0.7142672,0.0415363759,-0.694847047,0.04023474,-0.716828942
7934f1476fe2c6e458c230f491769c34,7400006,Mankey,0.15,source,RightRingDistal,0.00521120755,1.29848146,0.69521606,0.524059653,0.4632531,0.515589952,0.4948993
7934f1476fe2c6e458c230f491769c34,7400006,Mankey,0.15,source,RightLittleProximal,0.0218692236,1.32733643,0.703436732,-0.5145994,0.4183277,-0.656219542,0.3599524
7934f1476fe2c6e458c230f491769c34,7400006,Mankey,0.15,source,RightLittleIntermediate,0.016070962,1.30255747,0.7137094,0.08106393,-0.6371861,0.236016586,-0.7291909
7934f1476fe2c6e458c230f491769c34,7400006,Mankey,0.15,source,RightLittleDistal,0.0175282732,1.29405785,0.696775734,0.445663959,0.4620851,0.384682119,0.663235545
7934f1476fe2c6e458c230f491769c34,7400006,Mankey,0.15,fighter,AnimatorRoot,0,0,0,0,0,0,1
7934f1476fe2c6e458c230f491769c34,7400006,Mankey,0.15,fighter,Hips,-0.036332842,0.727098644,-0.0111933621,0.515871942,-0.5947547,-0.4582185,0.4125275
7934f1476fe2c6e458c230f491769c34,7400006,Mankey,0.15,fighter,LeftUpperLeg,-0.1531649,0.7415812,-0.04026153,0.28335008,0.5705061,0.345320642,0.689194739
7934f1476fe2c6e458c230f491769c34,7400006,Mankey,0.15,fighter,RightUpperLeg,0.08049922,0.7126161,0.0178747829,0.5252636,0.360027075,0.6434541,0.424789
7934f1476fe2c6e458c230f491769c34,7400006,Mankey,0.15,fighter,LeftLowerLeg,-0.193620726,0.4490827,0.175897449,0.5213903,0.6026381,0.4410705,0.412839741
7934f1476fe2c6e458c230f491769c34,7400006,Mankey,0.15,fighter,RightLowerLeg,0.112447642,0.374158919,-0.117561005,0.6259962,0.21800144,0.709159255,0.240202934
7934f1476fe2c6e458c230f491769c34,7400006,Mankey,0.15,fighter,LeftFoot,-0.152671173,0.09695482,0.18925263,0.0263269544,0.8710317,-0.0179233253,0.490193665
7934f1476fe2c6e458c230f491769c34,7400006,Mankey,0.15,fighter,RightFoot,0.1482289,0.156475663,-0.395379066,0.229151011,0.6860809,0.192816675,0.663026869
7934f1476fe2c6e458c230f491769c34,7400006,Mankey,0.15,fighter,Spine,-0.0296970326,0.7721847,-0.01540106,0.486166358,-0.6293429,-0.490174174,0.356790066
7934f1476fe2c6e458c230f491769c34,7400006,Mankey,0.15,fighter,Chest,0.0320316479,1.00268817,0.00388034387,0.759830236,-0.599890351,-0.217667311,0.124139905
7934f1476fe2c6e458c230f491769c34,7400006,Mankey,0.15,fighter,Neck,-0.000247215532,1.28116262,0.0446788929,0.6874758,-0.5977774,-0.3307196,0.2463004
7934f1476fe2c6e458c230f491769c34,7400006,Mankey,0.15,fighter,Head,-0.0101518733,1.42768419,0.06852191,0.6231328,-0.508743346,-0.473019153,0.359358847
7934f1476fe2c6e458c230f491769c34,7400006,Mankey,0.15,fighter,LeftShoulder,-0.100962691,1.23254716,0.0615183376,0.6586391,-0.5209467,0.3115498,0.444686532
7934f1476fe2c6e458c230f491769c34,7400006,Mankey,0.15,fighter,RightShoulder,-0.07211621,1.22818756,0.114098839,0.54642266,-0.6320537,-0.5351375,-0.124733165
7934f1476fe2c6e458c230f491769c34,7400006,Mankey,0.15,fighter,LeftUpperArm,-0.156805664,1.31938815,-0.123925969,0.5438069,0.103977427,0.330753446,0.764241636
7934f1476fe2c6e458c230f491769c34,7400006,Mankey,0.15,fighter,RightUpperArm,0.00678225653,1.3464607,0.2716931,-0.6283912,0.5293949,0.559454858,0.108976707
7934f1476fe2c6e458c230f491769c34,7400006,Mankey,0.15,fighter,LeftLowerArm,-0.370892,1.14502633,-0.1805217,0.181781545,0.7699665,-0.379877,0.4793756
7934f1476fe2c6e458c230f491769c34,7400006,Mankey,0.15,fighter,RightLowerArm,0.0593465157,1.49961674,0.5023844,-0.4891795,-0.05025007,0.6029846,0.628162742
7934f1476fe2c6e458c230f491769c34,7400006,Mankey,0.15,fighter,LeftHand,-0.24921684,1.16664612,0.0442799032,0.473878652,-0.7660713,-0.158333749,-0.404357433
7934f1476fe2c6e458c230f491769c34,7400006,Mankey,0.15,fighter,RightHand,-0.009344039,1.2926718,0.637526155,-0.220683783,0.801725268,-0.143450573,0.5366168
7934f1476fe2c6e458c230f491769c34,7400006,Mankey,0.15,fighter,LeftToes,-0.00322140055,0.113959506,0.4264193,0.133186609,0.832841039,0.05135572,0.5347898
7934f1476fe2c6e458c230f491769c34,7400006,Mankey,0.15,fighter,RightToes,0.15064998,0.0178082343,-0.1511707,0.174198747,0.739215136,0.134938717,0.63640213
7934f1476fe2c6e458c230f491769c34,7400006,Mankey,0.15,fighter,LeftEye,-0.192159176,1.51293182,0.223109171,0.564131558,-0.271002054,-0.358699054,-0.692567
7934f1476fe2c6e458c230f491769c34,7400006,Mankey,0.15,fighter,RightEye,0.05873119,1.5041486,0.300399244,0.427788168,-0.454305142,-0.587833464,-0.5148363
7934f1476fe2c6e458c230f491769c34,7400006,Mankey,0.15,fighter,Jaw,-0.0615786165,1.29556262,0.220454559,0.800153553,0.08287963,-0.5883783,-0.08183629
7934f1476fe2c6e458c230f491769c34,7400006,Mankey,0.15,fighter,LeftThumbProximal,-0.204695687,1.223496,0.0576446354,0.4350986,-0.898344755,-0.02662427,-0.05438573
7934f1476fe2c6e458c230f491769c34,7400006,Mankey,0.15,fighter,LeftThumbIntermediate,-0.177054673,1.25847435,0.06307364,0.432006359,-0.8885232,-0.064705804,-0.140395537
7934f1476fe2c6e458c230f491769c34,7400006,Mankey,0.15,fighter,LeftThumbDistal,-0.154288024,1.2875284,0.0749118,0.424670845,-0.878680348,-0.08983201,-0.198761389
7934f1476fe2c6e458c230f491769c34,7400006,Mankey,0.15,fighter,LeftMiddleProximal,-0.19739747,1.27305543,0.10772752,0.478791833,-0.7983806,-0.177328825,-0.319220424
7934f1476fe2c6e458c230f491769c34,7400006,Mankey,0.15,fighter,LeftMiddleIntermediate,-0.176915169,1.31255651,0.148940444,0.473272383,-0.798352361,-0.2364312,-0.287658751
7934f1476fe2c6e458c230f491769c34,7400006,Mankey,0.15,fighter,LeftMiddleDistal,-0.156297341,1.34560919,0.185377046,0.475261927,-0.78309685,-0.29563874,-0.2710789
7934f1476fe2c6e458c230f491769c34,7400006,Mankey,0.15,fighter,LeftRingProximal,-0.213761374,1.24626386,0.15310511,0.418119,-0.8124156,-0.180165276,-0.364278138
7934f1476fe2c6e458c230f491769c34,7400006,Mankey,0.15,fighter,LeftRingIntermediate,-0.193227872,1.2755003,0.192712739,0.4146194,-0.816370666,-0.202020332,-0.3475889
7934f1476fe2c6e458c230f491769c34,7400006,Mankey,0.15,fighter,LeftRingDistal,-0.170551717,1.30484915,0.232920438,0.42285642,-0.810152531,-0.221097067,-0.340532184
7934f1476fe2c6e458c230f491769c34,7400006,Mankey,0.15,fighter,LeftLittleProximal,-0.24099353,1.20033,0.180851132,0.423854053,-0.8010029,-0.185736209,-0.3797958
7934f1476fe2c6e458c230f491769c34,7400006,Mankey,0.15,fighter,LeftLittleIntermediate,-0.222206831,1.22902358,0.221703514,0.424511015,-0.8034707,-0.217883676,-0.3560238
7934f1476fe2c6e458c230f491769c34,7400006,Mankey,0.15,fighter,LeftLittleDistal,-0.2008472,1.258181,0.26358974,0.419028074,-0.802545667,-0.2386542,-0.3512564
7934f1476fe2c6e458c230f491769c34,7400006,Mankey,0.15,fighter,RightThumbProximal,-0.0338185169,1.310038,0.7045486,0.0308640152,-0.6491292,-0.08913571,-0.754807353
7934f1476fe2c6e458c230f491769c34,7400006,Mankey,0.15,fighter,RightThumbIntermediate,-0.04016766,1.30579436,0.748805463,-0.0774110854,0.828664541,0.0570729077,0.5514216
7934f1476fe2c6e458c230f491769c34,7400006,Mankey,0.15,fighter,RightThumbDistal,-0.02544208,1.30832779,0.784573138,0.139785185,-0.9687048,0.0468430966,0.199693859
7934f1476fe2c6e458c230f491769c34,7400006,Mankey,0.15,fighter,RightMiddleProximal,-0.0163176842,1.35540855,0.7560555,-0.3421352,-0.6239541,-0.402095318,-0.5761466
7934f1476fe2c6e458c230f491769c34,7400006,Mankey,0.15,fighter,RightMiddleIntermediate,-0.0101315957,1.30141342,0.782974,0.7316601,0.188677564,0.6518255,0.06479445
7934f1476fe2c6e458c230f491769c34,7400006,Mankey,0.15,fighter,RightMiddleDistal,-0.014347909,1.28218067,0.733400643,-0.6460311,0.370482266,-0.474415362,0.469379932
7934f1476fe2c6e458c230f491769c34,7400006,Mankey,0.15,fighter,RightRingProximal,0.0385173261,1.358492,0.750734568,-0.472410023,-0.605230033,-0.3551063,-0.5333155
7934f1476fe2c6e458c230f491769c34,7400006,Mankey,0.15,fighter,RightRingIntermediate,0.0377069972,1.30778646,0.767272353,0.7657445,0.06420243,0.6376618,0.05386439
7934f1476fe2c6e458c230f491769c34,7400006,Mankey,0.15,fighter,RightRingDistal,0.0279412735,1.29865015,0.714231,-0.5444177,0.510624766,-0.48170346,0.459167123
7934f1476fe2c6e458c230f491769c34,7400006,Mankey,0.15,fighter,RightLittleProximal,0.0895851,1.34955251,0.7201806,-0.426507473,-0.5562301,-0.296846956,-0.648522735
7934f1476fe2c6e458c230f491769c34,7400006,Mankey,0.15,fighter,RightLittleIntermediate,0.0786513239,1.30370653,0.745156765,0.7221542,0.1480178,0.6385191,0.22108379
7934f1476fe2c6e458c230f491769c34,7400006,Mankey,0.15,fighter,RightLittleDistal,0.07086335,1.27625871,0.6977556,-0.5556858,0.4163337,-0.629696369,0.348371178
7934f1476fe2c6e458c230f491769c34,7400006,Mankey,0.15,fighter,UpperChest,0.00987467449,1.11802959,0.0255995952,0.721819758,-0.645125449,-0.209688991,0.137187213
7934f1476fe2c6e458c230f491769c34,7400006,Mankey,0.166666672,source,AnimatorRoot,0,0,0,0,0,7.23279263E-16,1
7934f1476fe2c6e458c230f491769c34,7400006,Mankey,0.166666672,source,Hips,-0.0335080735,0.7295362,-0.008018111,0.00217090547,-0.165514067,-0.0386540443,0.9854473
7934f1476fe2c6e458c230f491769c34,7400006,Mankey,0.166666672,source,LeftUpperLeg,-0.127976015,0.7372464,-0.0407074429,-0.715055168,-0.368532479,0.5457688,0.234556258
7934f1476fe2c6e458c230f491769c34,7400006,Mankey,0.166666672,source,RightUpperLeg,0.0609601028,0.721826136,0.0246712863,0.6639782,-0.429528356,-0.5179487,0.326140523
7934f1476fe2c6e458c230f491769c34,7400006,Mankey,0.166666672,source,LeftLowerLeg,-0.177417219,0.4453613,0.185782254,-0.453170031,-0.483292818,0.5503232,0.508143365
7934f1476fe2c6e458c230f491769c34,7400006,Mankey,0.166666672,source,RightLowerLeg,0.09617302,0.383283079,-0.127274379,0.725692868,-0.23885116,-0.59977293,0.237891883
7934f1476fe2c6e458c230f491769c34,7400006,Mankey,0.166666672,source,LeftFoot,-0.152067155,0.09834224,0.188432217,0.5494309,0.102580205,-0.8065522,-0.192553744
7934f1476fe2c6e458c230f491769c34,7400006,Mankey,0.166666672,source,RightFoot,0.154087946,0.1633668,-0.390626967,0.4309329,-0.6038157,-0.2932948,0.603060365
7934f1476fe2c6e458c230f491769c34,7400006,Mankey,0.166666672,source,Spine,-0.0261121243,0.827248,-0.00634473655,0.0364641435,-0.179305017,-0.111495115,0.9767749
7934f1476fe2c6e458c230f491769c34,7400006,Mankey,0.166666672,source,Chest,0.009385465,1.00140154,0.0166784655,0.09065267,-0.5180626,0.0487681665,0.849126041
7934f1476fe2c6e458c230f491769c34,7400006,Mankey,0.166666672,source,Neck,-0.02747166,1.19973576,0.038172666,0.213328883,-0.431515217,0.229428813,0.8459598
7934f1476fe2c6e458c230f491769c34,7400006,Mankey,0.166666672,source,Head,-0.07719056,1.26956022,0.0523278,0.09740902,-0.182128683,0.0216365959,0.978198647
7934f1476fe2c6e458c230f491769c34,7400006,Mankey,0.166666672,source,LeftShoulder,-0.0343214162,1.15721416,0.00781159475,0.09026592,-0.4721535,0.04380277,0.8757881
7934f1476fe2c6e458c230f491769c34,7400006,Mankey,0.166666672,source,RightShoulder,-0.00713705,1.15655947,0.0605053678,0.7694963,0.1754318,0.614077,-0.00297078746
7934f1476fe2c6e458c230f491769c34,7400006,Mankey,0.166666672,source,LeftUpperArm,-0.11246594,1.1584233,-0.11074888,-0.227253109,-0.134565264,0.358806163,0.895268857
7934f1476fe2c6e458c230f491769c34,7400006,Mankey,0.166666672,source,RightUpperArm,0.0190317128,1.19437432,0.194856063,0.746511042,0.164809,0.644575536,-0.009042727
7934f1476fe2c6e458c230f491769c34,7400006,Mankey,0.166666672,source,LeftLowerArm,-0.2724931,0.9990045,-0.128390729,-0.523267031,0.746188,0.0760392845,0.4044915
7934f1476fe2c6e458c230f491769c34,7400006,Mankey,0.166666672,source,RightLowerArm,0.04502236,1.24748766,0.413572967,0.603593051,0.0804739743,0.7916696,0.0495858155
7934f1476fe2c6e458c230f491769c34,7400006,Mankey,0.166666672,source,LeftHand,-0.242908731,1.16905284,0.033109054,-0.5019116,0.825418651,0.131757349,0.2222818
7934f1476fe2c6e458c230f491769c34,7400006,Mankey,0.166666672,source,RightHand,-0.0179558229,1.28900635,0.6375913,0.690646648,-0.0005004292,0.7207189,0.0597609319
7934f1476fe2c6e458c230f491769c34,7400006,Mankey,0.166666672,source,LeftToes,-0.10383752,0.034954492,0.315226257,0.559120238,-0.0124938767,-0.828279257,-0.03438702
7934f1476fe2c6e458c230f491769c34,7400006,Mankey,0.166666672,source,RightToes,0.168877661,0.0324736945,-0.319428265,0.290832162,-0.6322353,0.101434864,0.7109193
7934f1476fe2c6e458c230f491769c34,7400006,Mankey,0.166666672,source,LeftThumbProximal,-0.234662771,1.18477225,0.0221232511,-0.4056633,0.555649757,-0.633659065,0.353790015
7934f1476fe2c6e458c230f491769c34,7400006,Mankey,0.166666672,source,LeftThumbIntermediate,-0.215902239,1.22488511,0.0167281311,-0.363482684,0.6277046,-0.5689806,0.387464225
7934f1476fe2c6e458c230f491769c34,7400006,Mankey,0.166666672,source,LeftThumbDistal,-0.202841252,1.25179374,0.01891131,-0.3188148,0.6882021,-0.4912696,0.428240567
7934f1476fe2c6e458c230f491769c34,7400006,Mankey,0.166666672,source,LeftIndexProximal,-0.216405585,1.243174,0.0497154668,-0.5417314,0.8047963,0.09266967,0.224149048
7934f1476fe2c6e458c230f491769c34,7400006,Mankey,0.166666672,source,LeftIndexIntermediate,-0.206767768,1.2687794,0.06393589,-0.5015624,0.8307183,0.09748578,0.2209957
7934f1476fe2c6e458c230f491769c34,7400006,Mankey,0.166666672,source,LeftIndexDistal,-0.197883561,1.28636611,0.07428371,-0.445532978,0.8623222,0.105923235,0.216058731
7934f1476fe2c6e458c230f491769c34,7400006,Mankey,0.166666672,source,LeftMiddleProximal,-0.221134782,1.23522651,0.0690662339,-0.5363469,0.8025256,0.100024156,0.241413385
7934f1476fe2c6e458c230f491769c34,7400006,Mankey,0.166666672,source,LeftMiddleIntermediate,-0.211015373,1.26191437,0.0853164643,-0.5015795,0.825497746,0.0948072448,0.240797281
7934f1476fe2c6e458c230f491769c34,7400006,Mankey,0.166666672,source,LeftMiddleDistal,-0.202681914,1.27903414,0.09609581,-0.439253539,0.860767841,0.0971962959,0.238093257
7934f1476fe2c6e458c230f491769c34,7400006,Mankey,0.166666672,source,LeftRingProximal,-0.225111216,1.22759235,0.084524326,-0.486418128,0.8238482,0.130508155,0.260075927
7934f1476fe2c6e458c230f491769c34,7400006,Mankey,0.166666672,source,LeftRingIntermediate,-0.212849,1.25056791,0.101922065,-0.4618991,0.840021253,0.115086071,0.2603245
7934f1476fe2c6e458c230f491769c34,7400006,Mankey,0.166666672,source,LeftRingDistal,-0.204447523,1.264311,0.1123563,-0.412904859,0.866558,0.106974266,0.259120882
7934f1476fe2c6e458c230f491769c34,7400006,Mankey,0.166666672,source,LeftLittleProximal,-0.226989731,1.21495664,0.09760467,-0.48938182,0.8154093,0.137519926,0.276950717
7934f1476fe2c6e458c230f491769c34,7400006,Mankey,0.166666672,source,LeftLittleIntermediate,-0.216900691,1.23477,0.1136948,-0.463224739,0.8332504,0.117325731,0.27812174
7934f1476fe2c6e458c230f491769c34,7400006,Mankey,0.166666672,source,LeftLittleDistal,-0.208994865,1.24819577,0.124564923,-0.423031151,0.855997562,0.101518951,0.27929765
7934f1476fe2c6e458c230f491769c34,7400006,Mankey,0.166666672,source,RightThumbProximal,-0.0366383828,1.29138637,0.6465951,0.210426331,0.5916892,0.6081156,-0.485613316
7934f1476fe2c6e458c230f491769c34,7400006,Mankey,0.166666672,source,RightThumbIntermediate,-0.0562576465,1.27614713,0.6836484,-0.379562557,-0.4723266,-0.484099627,0.631258845
7934f1476fe2c6e458c230f491769c34,7400006,Mankey,0.166666672,source,RightThumbDistal,-0.0537051558,1.268571,0.712553144,0.6181594,0.00676345034,-0.105345644,-0.778932452
7934f1476fe2c6e458c230f491769c34,7400006,Mankey,0.166666672,source,RightIndexProximal,-0.04436672,1.30805385,0.7111546,-0.5331713,0.3734989,-0.600768864,0.4640086
7934f1476fe2c6e458c230f491769c34,7400006,Mankey,0.166666672,source,RightIndexIntermediate,-0.04439388,1.27858353,0.7202221,0.106532611,-0.6356826,0.085979946,-0.7597147
7934f1476fe2c6e458c230f491769c34,7400006,Mankey,0.166666672,source,RightIndexDistal,-0.0404531434,1.27266431,0.699131,0.397362471,0.5037868,0.4965329,0.584600449
7934f1476fe2c6e458c230f491769c34,7400006,Mankey,0.166666672,source,RightMiddleProximal,-0.0231132377,1.3068316,0.7137583,-0.479440868,0.440201819,-0.5949892,0.471536517
7934f1476fe2c6e458c230f491769c34,7400006,Mankey,0.166666672,source,RightMiddleIntermediate,-0.0262535885,1.2745409,0.7188648,-0.004482921,-0.6368975,0.05040561,-0.769286036
7934f1476fe2c6e458c230f491769c34,7400006,Mankey,0.166666672,source,RightMiddleDistal,-0.02223345,1.272973,0.697411239,0.497357875,0.398400843,0.544958234,0.5449157
7934f1476fe2c6e458c230f491769c34,7400006,Mankey,0.166666672,source,RightRingProximal,-0.00551940361,1.305299,0.7148371,-0.440372765,0.532437563,-0.5492353,0.470024467
7934f1476fe2c6e458c230f491769c34,7400006,Mankey,0.166666672,source,RightRingIntermediate,-0.0108531453,1.27444041,0.714310467,-0.11720781,-0.6654817,0.0118935443,-0.7370586
7934f1476fe2c6e458c230f491769c34,7400006,Mankey,0.166666672,source,RightRingDistal,-0.008666769,1.27709484,0.695431948,0.6027639,0.3222425,0.547838151,0.482399464
7934f1476fe2c6e458c230f491769c34,7400006,Mankey,0.166666672,source,RightLittleProximal,0.0115298033,1.29931033,0.7120528,-0.396406382,0.530743241,-0.643978655,0.382707953
7934f1476fe2c6e458c230f491769c34,7400006,Mankey,0.166666672,source,RightLittleIntermediate,0.0007491299,1.2742362,0.7149185,-0.0826869458,-0.6376523,0.215363592,-0.7349702
7934f1476fe2c6e458c230f491769c34,7400006,Mankey,0.166666672,source,RightLittleDistal,0.00253906078,1.27022851,0.6964291,0.553025,0.338628531,0.400593549,0.647317052
7934f1476fe2c6e458c230f491769c34,7400006,Mankey,0.166666672,fighter,AnimatorRoot,0,0,0,0,0,0,1
7934f1476fe2c6e458c230f491769c34,7400006,Mankey,0.166666672,fighter,Hips,-0.03350807,0.7295361,-0.00801811,0.5315472,-0.599795461,-0.441782683,0.403151453
7934f1476fe2c6e458c230f491769c34,7400006,Mankey,0.166666672,fighter,LeftUpperLeg,-0.149103761,0.741828442,-0.04252851,0.2708245,0.559634864,0.353069276,0.699146
7934f1476fe2c6e458c230f491769c34,7400006,Mankey,0.166666672,fighter,RightUpperLeg,0.0820876062,0.7172438,0.0264922716,0.519015849,0.346594334,0.6529416,0.429141521
7934f1476fe2c6e458c230f491769c34,7400006,Mankey,0.166666672,fighter,LeftLowerLeg,-0.1945908,0.450234771,0.173852682,0.514688134,0.5996144,0.447657168,0.418523341
7934f1476fe2c6e458c230f491769c34,7400006,Mankey,0.166666672,fighter,RightLowerLeg,0.116091043,0.38050586,-0.112677269,0.621612251,0.211102143,0.7134355,0.245039016
7934f1476fe2c6e458c230f491769c34,7400006,Mankey,0.166666672,fighter,LeftFoot,-0.152067125,0.09834216,0.188432246,0.0255176425,0.8692217,-0.01900953,0.493397743
7934f1476fe2c6e458c230f491769c34,7400006,Mankey,0.166666672,fighter,RightFoot,0.154087961,0.163366765,-0.390627,0.247784942,0.67784375,0.19652018,0.66370976
7934f1476fe2c6e458c230f491769c34,7400006,Mankey,0.166666672,fighter,Spine,-0.02751265,0.7747321,-0.0120017873,0.5000284,-0.6355409,-0.4737322,0.348765433
7934f1476fe2c6e458c230f491769c34,7400006,Mankey,0.166666672,fighter,Chest,0.0298207421,1.00632322,0.00780781871,0.7599324,-0.6010169,-0.217148677,0.118862115
7934f1476fe2c6e458c230f491769c34,7400006,Mankey,0.166666672,fighter,Neck,-0.00172192929,1.28462887,0.0502989553,0.693280339,-0.602279842,-0.312810749,0.242427453
7934f1476fe2c6e458c230f491769c34,7400006,Mankey,0.166666672,fighter,Head,-0.0134482067,1.4314388,0.07138284,0.6400495,-0.520193756,-0.436172843,0.3598448
7934f1476fe2c6e458c230f491769c34,7400006,Mankey,0.166666672,fighter,LeftShoulder,-0.102740906,1.23627973,0.06605134,0.6592046,-0.522407651,0.310577333,0.442810774
7934f1476fe2c6e458c230f491769c34,7400006,Mankey,0.166666672,fighter,RightShoulder,-0.07430389,1.2314471,0.118813165,0.5261592,-0.638069153,-0.5475898,-0.127160236
7934f1476fe2c6e458c230f491769c34,7400006,Mankey,0.166666672,fighter,LeftUpperArm,-0.1581937,1.32408524,-0.11905551,0.5383909,0.08527316,0.362664282,0.7558691
7934f1476fe2c6e458c230f491769c34,7400006,Mankey,0.166666672,fighter,RightUpperArm,0.013561151,1.34440351,0.275561452,-0.5890535,0.574009657,0.5454941,0.161137924
7934f1476fe2c6e458c230f491769c34,7400006,Mankey,0.166666672,fighter,LeftLowerArm,-0.3618021,1.14368188,-0.192786291,0.1751446,0.7677085,-0.3773014,0.487434149
7934f1476fe2c6e458c230f491769c34,7400006,Mankey,0.166666672,fighter,RightLowerArm,0.08517941,1.48545289,0.5088296,-0.4812237,-0.0175514668,0.5465083,0.6851603
7934f1476fe2c6e458c230f491769c34,7400006,Mankey,0.166666672,fighter,LeftHand,-0.242908925,1.16905284,0.0331090055,0.5260505,-0.7341193,-0.171084926,-0.393789321
7934f1476fe2c6e458c230f491769c34,7400006,Mankey,0.166666672,fighter,RightHand,-0.01795583,1.28900623,0.637591362,-0.06992905,0.8076669,-0.0908439159,0.578387141
7934f1476fe2c6e458c230f491769c34,7400006,Mankey,0.166666672,fighter,LeftToes,-0.00435152464,0.116094694,0.426628351,0.133805975,0.8307078,0.05159521,0.5379208
7934f1476fe2c6e458c230f491769c34,7400006,Mankey,0.166666672,fighter,RightToes,0.151444823,0.01680187,-0.151077464,0.186700821,0.7345004,0.132546932,0.6388142
7934f1476fe2c6e458c230f491769c34,7400006,Mankey,0.166666672,fighter,LeftEye,-0.208212465,1.51644158,0.2097028,0.5929064,-0.244805187,-0.344098121,-0.685659766
7934f1476fe2c6e458c230f491769c34,7400006,Mankey,0.166666672,fighter,RightEye,0.0367864147,1.51823962,0.304408282,0.464136124,-0.440385669,-0.5717522,-0.513554156
7934f1476fe2c6e458c230f491769c34,7400006,Mankey,0.166666672,fighter,Jaw,-0.07160917,1.30328774,0.224284723,0.820202351,0.0867945552,-0.5627335,-0.05537434
7934f1476fe2c6e458c230f491769c34,7400006,Mankey,0.166666672,fighter,LeftThumbProximal,-0.2059594,1.23125231,0.0457034856,0.487009,-0.87164557,-0.0170167685,-0.0526054464
7934f1476fe2c6e458c230f491769c34,7400006,Mankey,0.166666672,fighter,LeftThumbIntermediate,-0.182600737,1.26930118,0.05056655,0.483581781,-0.862072,-0.0616036355,-0.138514921
7934f1476fe2c6e458c230f491769c34,7400006,Mankey,0.166666672,fighter,LeftThumbDistal,-0.163454428,1.300959,0.06213355,0.476193249,-0.8501061,-0.09485808,-0.203867257
7934f1476fe2c6e458c230f491769c34,7400006,Mankey,0.166666672,fighter,LeftMiddleProximal,-0.2056109,1.28240585,0.0947023854,0.51929754,-0.7757634,-0.1869768,-0.3058781
7934f1476fe2c6e458c230f491769c34,7400006,Mankey,0.166666672,fighter,LeftMiddleIntermediate,-0.189020768,1.324334,0.135262951,0.505211,-0.7802359,-0.2493965,-0.2716534
7934f1476fe2c6e458c230f491769c34,7400006,Mankey,0.166666672,fighter,LeftMiddleDistal,-0.17078197,1.3591584,0.171315879,0.4980939,-0.7700815,-0.3106665,-0.249726385
7934f1476fe2c6e458c230f491769c34,7400006,Mankey,0.166666672,fighter,LeftRingProximal,-0.219241008,1.25478292,0.140483052,0.459862053,-0.793533146,-0.1937846,-0.3482526
7934f1476fe2c6e458c230f491769c34,7400006,Mankey,0.166666672,fighter,LeftRingIntermediate,-0.201399088,1.28651285,0.179470837,0.448169529,-0.8013048,-0.219231784,-0.330139816
7934f1476fe2c6e458c230f491769c34,7400006,Mankey,0.166666672,fighter,LeftRingDistal,-0.180596113,1.31788325,0.219161347,0.4481393,-0.798894644,-0.241486117,-0.3203487
7934f1476fe2c6e458c230f491769c34,7400006,Mankey,0.166666672,fighter,LeftLittleProximal,-0.2410188,1.20644248,0.168948561,0.4652806,-0.782046735,-0.200588927,-0.362879455
7934f1476fe2c6e458c230f491769c34,7400006,Mankey,0.166666672,fighter,LeftLittleIntermediate,-0.224821329,1.2374953,0.20917964,0.45840162,-0.787721753,-0.236008316,-0.337138981
7934f1476fe2c6e458c230f491769c34,7400006,Mankey,0.166666672,fighter,LeftLittleDistal,-0.205324322,1.26864612,0.2505359,0.4455921,-0.7906847,-0.2597317,-0.329856545
7934f1476fe2c6e458c230f491769c34,7400006,Mankey,0.166666672,fighter,RightThumbProximal,-0.0460456423,1.29286849,0.705331,-0.136267021,-0.5942974,-0.116990894,-0.783935666
7934f1476fe2c6e458c230f491769c34,7400006,Mankey,0.166666672,fighter,RightThumbIntermediate,-0.0580029339,1.27735674,0.745746,0.06896302,0.7888885,0.1215727,0.5984311
7934f1476fe2c6e458c230f491769c34,7400006,Mankey,0.166666672,fighter,RightThumbDistal,-0.04737217,1.26749885,0.7816961,0.08081457,-0.982459,-0.09992792,0.135124385
7934f1476fe2c6e458c230f491769c34,7400006,Mankey,0.166666672,fighter,RightMiddleProximal,-0.0267903246,1.31954086,0.768064857,-0.452989727,-0.51132375,-0.45712465,-0.5695485
7934f1476fe2c6e458c230f491769c34,7400006,Mankey,0.166666672,fighter,RightMiddleIntermediate,-0.0303788371,1.25986457,0.7782721,0.711460948,0.03636386,0.7016804,0.0120802522
7934f1476fe2c6e458c230f491769c34,7400006,Mankey,0.166666672,fighter,RightMiddleDistal,-0.0310531482,1.25620008,0.7250622,-0.518736064,0.456356823,-0.478391677,0.542026639
7934f1476fe2c6e458c230f491769c34,7400006,Mankey,0.166666672,fighter,RightRingProximal,0.028067844,1.313724,0.7668582,-0.5739367,-0.491277277,-0.418920636,-0.5037355
7934f1476fe2c6e458c230f491769c34,7400006,Mankey,0.166666672,fighter,RightRingIntermediate,0.0191971231,1.26113188,0.767609239,0.7356474,-0.08623322,0.6717717,-0.0104943514
7934f1476fe2c6e458c230f491769c34,7400006,Mankey,0.166666672,fighter,RightRingDistal,0.0146804145,1.26884329,0.713643,-0.4099492,0.5891735,-0.459468246,0.523169041
7934f1476fe2c6e458c230f491769c34,7400006,Mankey,0.166666672,fighter,RightLittleProximal,0.07986985,1.30363941,0.7379412,-0.546144068,-0.447857767,-0.344929963,-0.618202
7934f1476fe2c6e458c230f491769c34,7400006,Mankey,0.166666672,fighter,RightLittleIntermediate,0.0606197,1.2547977,0.747380853,0.722904265,-0.007373266,0.6713788,0.16311416
7934f1476fe2c6e458c230f491769c34,7400006,Mankey,0.166666672,fighter,RightLittleDistal,0.0551762767,1.24326992,0.6935441,-0.437640369,0.5231239,-0.610812366,0.402145535
7934f1476fe2c6e458c230f491769c34,7400006,Mankey,0.166666672,fighter,UpperChest,0.007933049,1.12159455,0.0301625673,0.721852958,-0.646256,-0.20949325,0.131887555
7934f1476fe2c6e458c230f491769c34,7400006,Mankey,0.183333337,source,AnimatorRoot,0,0,0,0,0,7.956072E-16,1
7934f1476fe2c6e458c230f491769c34,7400006,Mankey,0.183333337,source,Hips,-0.0299802367,0.7315117,-0.00284453225,0.0005703047,-0.18927747,-0.02786354,0.9815281
7934f1476fe2c6e458c230f491769c34,7400006,Mankey,0.183333337,source,LeftUpperLeg,-0.122901507,0.7370174,-0.0400944874,-0.7250015,-0.3763647,0.5324494,0.221856311
7934f1476fe2c6e458c230f491769c34,7400006,Mankey,0.183333337,source,RightUpperLeg,0.06294126,0.7260062,0.0344055,0.66867,-0.434850425,-0.5094989,0.322795033
7934f1476fe2c6e458c230f491769c34,7400006,Mankey,0.183333337,source,LeftLowerLeg,-0.178699523,0.445536584,0.185436949,-0.4571446,-0.491478235,0.5462824,0.501042843
7934f1476fe2c6e458c230f491769c34,7400006,Mankey,0.183333337,source,RightLowerLeg,0.10119684,0.386633,-0.11493028,0.7322404,-0.234924629,-0.5976664,0.226780862
7934f1476fe2c6e458c230f491769c34,7400006,Mankey,0.183333337,source,LeftFoot,-0.150880545,0.0987050161,0.187857568,0.555984735,0.09868739,-0.8035441,-0.188306168
7934f1476fe2c6e458c230f491769c34,7400006,Mankey,0.183333337,source,RightFoot,0.1621618,0.172599286,-0.3824088,0.435636729,-0.6095288,-0.319985569,0.579917967
7934f1476fe2c6e458c230f491769c34,7400006,Mankey,0.183333337,source,Spine,-0.0246407017,0.8293651,-0.00170105346,0.03233044,-0.201850668,-0.09860799,0.9739033
7934f1476fe2c6e458c230f491769c34,7400006,Mankey,0.183333337,source,Chest,0.00611222861,1.00461769,0.0197553784,0.090529494,-0.514035642,0.0440390036,0.8518407
7934f1476fe2c6e458c230f491769c34,7400006,Mankey,0.183333337,source,Neck,-0.0289866123,1.20314467,0.04238247,0.215108439,-0.429366827,0.223785877,0.8481113
7934f1476fe2c6e458c230f491769c34,7400006,Mankey,0.183333337,source,Head,-0.0780128539,1.273281,0.0573862158,0.0920034945,-0.228806227,0.051072102,0.9677679
7934f1476fe2c6e458c230f491769c34,7400006,Mankey,0.183333337,source,LeftShoulder,-0.0364820324,1.160794,0.01193517,0.0912453458,-0.47368744,0.0382588543,0.8751176
7934f1476fe2c6e458c230f491769c34,7400006,Mankey,0.183333337,source,RightShoulder,-0.008752679,1.159728,0.06433746,0.795625031,0.1386532,0.589147568,-0.0257176589
7934f1476fe2c6e458c230f491769c34,7400006,Mankey,0.183333337,source,LeftUpperArm,-0.114343695,1.16356063,-0.106785193,-0.227393627,-0.1703844,0.382745564,0.879071951
7934f1476fe2c6e458c230f491769c34,7400006,Mankey,0.183333337,source,RightUpperArm,0.02921558,1.186749,0.198476017,0.7731219,0.105739459,0.625205934,0.0148156239
7934f1476fe2c6e458c230f491769c34,7400006,Mankey,0.183333337,source,LeftLowerArm,-0.2613769,0.9935397,-0.135218129,-0.5447076,0.73285675,0.06997023,0.401645631
7934f1476fe2c6e458c230f491769c34,7400006,Mankey,0.183333337,source,RightLowerArm,0.07359349,1.22799444,0.4167947,0.529590547,0.0289071016,0.844145536,0.07821022
7934f1476fe2c6e458c230f491769c34,7400006,Mankey,0.183333337,source,LeftHand,-0.241533011,1.16897333,0.021954285,-0.561394632,0.788642764,0.1152715,0.222691551
7934f1476fe2c6e458c230f491769c34,7400006,Mankey,0.183333337,source,RightHand,-0.0273002777,1.26644039,0.6270722,0.600553036,-0.05800916,0.797332346,-0.0152313095
7934f1476fe2c6e458c230f491769c34,7400006,Mankey,0.183333337,source,LeftToes,-0.104335971,0.03695965,0.316083759,0.5649106,-0.014733078,-0.824201167,-0.03676846
7934f1476fe2c6e458c230f491769c34,7400006,Mankey,0.183333337,source,RightToes,0.169973552,0.0375076756,-0.318297952,0.287236929,-0.644493,0.07764637,0.7043404
7934f1476fe2c6e458c230f491769c34,7400006,Mankey,0.183333337,source,LeftThumbProximal,-0.23477897,1.18516576,0.0106420275,-0.4279506,0.5077118,-0.633055568,0.3979047
7934f1476fe2c6e458c230f491769c34,7400006,Mankey,0.183333337,source,LeftThumbIntermediate,-0.220634788,1.22702575,0.00449504238,-0.390670419,0.5838181,-0.5653443,0.4323419
7934f1476fe2c6e458c230f491769c34,7400006,Mankey,0.183333337,source,LeftThumbDistal,-0.211010411,1.2553668,0.006387152,-0.3445942,0.6513073,-0.479178816,0.476908326
7934f1476fe2c6e458c230f491769c34,7400006,Mankey,0.183333337,source,LeftIndexProximal,-0.225499541,1.24649262,0.0362997875,-0.5887025,0.772562,0.0777517,0.224794149
7934f1476fe2c6e458c230f491769c34,7400006,Mankey,0.183333337,source,LeftIndexIntermediate,-0.21915403,1.273462,0.0498322025,-0.5395181,0.807744145,0.08564473,0.2216647
7934f1476fe2c6e458c230f491769c34,7400006,Mankey,0.183333337,source,LeftIndexDistal,-0.2120419,1.29201448,0.0598584749,-0.473925918,0.8479742,0.09709418,0.216580927
7934f1476fe2c6e458c230f491769c34,7400006,Mankey,0.183333337,source,LeftMiddleProximal,-0.230185181,1.23879,0.0557598062,-0.583967268,0.7703968,0.08676061,0.240716249
7934f1476fe2c6e458c230f491769c34,7400006,Mankey,0.183333337,source,LeftMiddleIntermediate,-0.223548189,1.26697,0.07126939,-0.5399615,0.8021249,0.08492117,0.240470573
7934f1476fe2c6e458c230f491769c34,7400006,Mankey,0.183333337,source,LeftMiddleDistal,-0.216957167,1.28502929,0.08171663,-0.4682077,0.8461093,0.09066521,0.238035977
7934f1476fe2c6e458c230f491769c34,7400006,Mankey,0.183333337,source,LeftRingProximal,-0.2339627,1.23133755,0.07135592,-0.5361812,0.795083165,0.119765967,0.2569223
7934f1476fe2c6e458c230f491769c34,7400006,Mankey,0.183333337,source,LeftRingIntermediate,-0.224785939,1.25611365,0.08817403,-0.5020459,0.8185937,0.107719526,0.257393569
7934f1476fe2c6e458c230f491769c34,7400006,Mankey,0.183333337,source,LeftRingDistal,-0.217811689,1.270824,0.09833743,-0.443849981,0.8524713,0.102801524,0.256364256
7934f1476fe2c6e458c230f491769c34,7400006,Mankey,0.183333337,source,LeftLittleProximal,-0.234907031,1.21910274,0.0849096254,-0.539665,0.7862918,0.128212616,0.272156239
7934f1476fe2c6e458c230f491769c34,7400006,Mankey,0.183333337,source,LeftLittleIntermediate,-0.227513671,1.24047947,0.100453988,-0.504876435,0.81098187,0.111319549,0.273891777
7934f1476fe2c6e458c230f491769c34,7400006,Mankey,0.183333337,source,LeftLittleDistal,-0.221051276,1.254878,0.111028932,-0.456456035,0.8402385,0.09862129,0.275538623
7934f1476fe2c6e458c230f491769c34,7400006,Mankey,0.183333337,source,RightThumbProximal,-0.04768885,1.266879,0.6315314,0.08043194,0.594389141,0.6694769,-0.438216
7934f1476fe2c6e458c230f491769c34,7400006,Mankey,0.183333337,source,RightThumbIntermediate,-0.07458827,1.24496913,0.6595754,-0.252136767,-0.5081451,-0.5541718,0.6091875
7934f1476fe2c6e458c230f491769c34,7400006,Mankey,0.183333337,source,RightThumbDistal,-0.0785060152,1.23240507,0.686523438,0.5553244,0.122097321,-0.0432434268,-0.821485
7934f1476fe2c6e458c230f491769c34,7400006,Mankey,0.183333337,source,RightIndexProximal,-0.0714321658,1.27164948,0.694133,-0.420474052,0.3556268,-0.6170158,0.5621589
7934f1476fe2c6e458c230f491769c34,7400006,Mankey,0.183333337,source,RightIndexIntermediate,-0.07187633,1.24103832,0.6978052,0.04015515,-0.541771352,0.0277637336,-0.839107156
7934f1476fe2c6e458c230f491769c34,7400006,Mankey,0.183333337,source,RightIndexDistal,-0.06271843,1.239036,0.6776179,0.374405682,0.390981585,0.5943203,0.5947586
7934f1476fe2c6e458c230f491769c34,7400006,Mankey,0.183333337,source,RightMiddleProximal,-0.0513637029,1.27032256,0.701581538,-0.368657678,0.4211582,-0.598784268,0.572865546
7934f1476fe2c6e458c230f491769c34,7400006,Mankey,0.183333337,source,RightMiddleIntermediate,-0.0537249967,1.23759282,0.7002366,-0.06609,-0.540781438,-0.0211585611,-0.838296056
7934f1476fe2c6e458c230f491769c34,7400006,Mankey,0.183333337,source,RightMiddleDistal,-0.0446594134,1.23993742,0.680458,0.465883136,0.289251477,0.6443187,0.5330483
7934f1476fe2c6e458c230f491769c34,7400006,Mankey,0.183333337,source,RightRingProximal,-0.03446557,1.26890385,0.706631243,-0.337460667,0.5092394,-0.5407433,0.5782666
7934f1476fe2c6e458c230f491769c34,7400006,Mankey,0.183333337,source,RightRingIntermediate,-0.0377056226,1.23855174,0.6996146,-0.16948165,-0.571692,-0.0748072863,-0.7992798
7934f1476fe2c6e458c230f491769c34,7400006,Mankey,0.183333337,source,RightRingDistal,-0.0312751159,1.24456239,0.6825635,0.5656784,0.223285764,0.6520859,0.452698082
7934f1476fe2c6e458c230f491769c34,7400006,Mankey,0.183333337,source,RightLittleProximal,-0.016920954,1.26378047,0.7071053,-0.29014,0.527307332,-0.630862951,0.4896715
7934f1476fe2c6e458c230f491769c34,7400006,Mankey,0.183333337,source,RightLittleIntermediate,-0.0265849568,1.23842788,0.702982068,-0.160382673,-0.5616521,0.1330026,-0.80070895
7934f1476fe2c6e458c230f491769c34,7400006,Mankey,0.183333337,source,RightLittleDistal,-0.0202406012,1.23780835,0.68508,0.548546851,0.231468916,0.5050442,0.624859452
7934f1476fe2c6e458c230f491769c34,7400006,Mankey,0.183333337,fighter,AnimatorRoot,0,0,0,0,0,0,1
7934f1476fe2c6e458c230f491769c34,7400006,Mankey,0.183333337,fighter,Hips,-0.0299802329,0.731511652,-0.002844532,0.5490095,-0.6065358,-0.4181085,0.39482677
7934f1476fe2c6e458c230f491769c34,7400006,Mankey,0.183333337,fighter,LeftUpperLeg,-0.14372918,0.7404448,-0.0439030826,0.2533609,0.5450415,0.3628395,0.7120995
7934f1476fe2c6e458c230f491769c34,7400006,Mankey,0.183333337,fighter,RightUpperLeg,0.0837687,0.7225785,0.038214,0.510755,0.335479945,0.662045062,0.433911264
7934f1476fe2c6e458c230f491769c34,7400006,Mankey,0.183333337,fighter,LeftLowerLeg,-0.195895791,0.450270742,0.17287901,0.5055123,0.5943539,0.458464384,0.425454378
7934f1476fe2c6e458c230f491769c34,7400006,Mankey,0.183333337,fighter,RightLowerLeg,0.120985314,0.3869204,-0.102730617,0.616524756,0.199545845,0.719873,0.24871999
7934f1476fe2c6e458c230f491769c34,7400006,Mankey,0.183333337,fighter,LeftFoot,-0.150880516,0.09870478,0.187857509,0.0224405974,0.8657948,-0.02440855,0.499299765
7934f1476fe2c6e458c230f491769c34,7400006,Mankey,0.183333337,fighter,RightFoot,0.162161812,0.172599152,-0.382409066,0.279531032,0.661627531,0.201734632,0.6658941
7934f1476fe2c6e458c230f491769c34,7400006,Mankey,0.183333337,fighter,Spine,-0.0249106959,0.7768021,-0.007035297,0.51726985,-0.6424958,-0.449217618,0.343270481
7934f1476fe2c6e458c230f491769c34,7400006,Mankey,0.183333337,fighter,Chest,0.02518134,1.01021826,0.0109003242,0.7599641,-0.599938333,-0.2190836,0.120545641
7934f1476fe2c6e458c230f491769c34,7400006,Mankey,0.183333337,fighter,Neck,-0.00668171654,1.28845167,0.0536241978,0.704237044,-0.60245806,-0.291675478,0.236685947
7934f1476fe2c6e458c230f491769c34,7400006,Mankey,0.183333337,fighter,Head,-0.0221456587,1.43523979,0.0723154545,0.670192361,-0.526281357,-0.390190452,0.348743349
7934f1476fe2c6e458c230f491769c34,7400006,Mankey,0.183333337,fighter,LeftShoulder,-0.10752289,1.239902,0.06989038,0.6575333,-0.5251017,0.311987728,0.4411146
7934f1476fe2c6e458c230f491769c34,7400006,Mankey,0.183333337,fighter,RightShoulder,-0.07880216,1.23511231,0.12250223,0.484410942,-0.6450838,-0.5749268,-0.136647344
7934f1476fe2c6e458c230f491769c34,7400006,Mankey,0.183333337,fighter,LeftUpperArm,-0.161404908,1.32804847,-0.115518071,0.526379466,0.06375058,0.407534361,0.7434894
7934f1476fe2c6e458c230f491769c34,7400006,Mankey,0.183333337,fighter,RightUpperArm,0.02590979,1.3344121,0.278143972,-0.516716361,0.6019819,0.566419065,0.223141149
7934f1476fe2c6e458c230f491769c34,7400006,Mankey,0.183333337,fighter,LeftLowerArm,-0.347340882,1.13833439,-0.2097222,0.171131462,0.7557161,-0.367587954,0.5142829
7934f1476fe2c6e458c230f491769c34,7400006,Mankey,0.183333337,fighter,RightLowerArm,0.129186153,1.43850589,0.518844366,-0.530757666,-0.03155742,0.440451682,0.723397136
7934f1476fe2c6e458c230f491769c34,7400006,Mankey,0.183333337,fighter,LeftHand,-0.24153325,1.16897333,0.0219542272,0.584346652,-0.692671359,-0.166840434,-0.388471782
7934f1476fe2c6e458c230f491769c34,7400006,Mankey,0.183333337,fighter,RightHand,-0.0273001716,1.26644015,0.6270721,-0.02254907,0.7349015,-0.0164483488,0.677599967
7934f1476fe2c6e458c230f491769c34,7400006,Mankey,0.183333337,fighter,LeftToes,-0.00633370271,0.119540535,0.427741826,0.13575843,0.8265009,0.0501208,0.5440168
7934f1476fe2c6e458c230f491769c34,7400006,Mankey,0.183333337,fighter,RightToes,0.149199814,0.0135517949,-0.151306957,0.212002009,0.723983645,0.131057173,0.643216252
7934f1476fe2c6e458c230f491769c34,7400006,Mankey,0.183333337,fighter,LeftEye,-0.233628824,1.51288474,0.188664541,0.6210171,-0.1988003,-0.327576667,-0.683747232
7934f1476fe2c6e458c230f491769c34,7400006,Mankey,0.183333337,fighter,RightEye,0.000168460261,1.52779067,0.307464719,0.507068336,-0.407756269,-0.555647969,-0.517564058
7934f1476fe2c6e458c230f491769c34,7400006,Mankey,0.183333337,fighter,Jaw,-0.0895404145,1.30674028,0.2210776,0.845778465,0.103868276,-0.5224306,-0.0306094363
7934f1476fe2c6e458c230f491769c34,7400006,Mankey,0.183333337,fighter,LeftThumbProximal,-0.2134377,1.23585939,0.03333601,0.541063964,-0.838373244,0.00694493949,-0.06582126
7934f1476fe2c6e458c230f491769c34,7400006,Mankey,0.183333337,fighter,LeftThumbIntermediate,-0.195211187,1.27664471,0.03795516,0.5384425,-0.827741146,-0.0451460034,-0.151283845
7934f1476fe2c6e458c230f491769c34,7400006,Mankey,0.183333337,fighter,LeftThumbDistal,-0.180698648,1.31066811,0.049547907,0.5319185,-0.8116542,-0.0891812444,-0.224337727
7934f1476fe2c6e458c230f491769c34,7400006,Mankey,0.183333337,fighter,LeftMiddleProximal,-0.222094983,1.28856683,0.07986196,0.5645148,-0.7456212,-0.182472542,-0.30344066
7934f1476fe2c6e458c230f491769c34,7400006,Mankey,0.183333337,fighter,LeftMiddleIntermediate,-0.211269245,1.332907,0.119800813,0.5412784,-0.757686,-0.249238148,-0.2661022
7934f1476fe2c6e458c230f491769c34,7400006,Mankey,0.183333337,fighter,LeftMiddleDistal,-0.196738571,1.36958361,0.15570198,0.5244066,-0.7552762,-0.313005924,-0.237872839
7934f1476fe2c6e458c230f491769c34,7400006,Mankey,0.183333337,fighter,LeftRingProximal,-0.2344855,1.26128983,0.126198977,0.506698966,-0.7668257,-0.193833336,-0.343021125
7934f1476fe2c6e458c230f491769c34,7400006,Mankey,0.183333337,fighter,LeftRingIntermediate,-0.221087351,1.2956475,0.1647374,0.485610485,-0.7808915,-0.2237756,-0.322979927
7934f1476fe2c6e458c230f491769c34,7400006,Mankey,0.183333337,fighter,LeftRingDistal,-0.20359762,1.32922673,0.204218283,0.476023138,-0.7842936,-0.249757692,-0.3096886
7934f1476fe2c6e458c230f491769c34,7400006,Mankey,0.183333337,fighter,LeftLittleProximal,-0.251432717,1.2117399,0.1558458,0.5120076,-0.75510335,-0.201874226,-0.356250882
7934f1476fe2c6e458c230f491769c34,7400006,Mankey,0.183333337,fighter,LeftLittleIntermediate,-0.239598334,1.24531221,0.19557,0.496679276,-0.766476452,-0.241364375,-0.3279748
7934f1476fe2c6e458c230f491769c34,7400006,Mankey,0.183333337,fighter,LeftLittleDistal,-0.223471954,1.27867675,0.236650437,0.475458682,-0.77512145,-0.268741727,-0.3176547
7934f1476fe2c6e458c230f491769c34,7400006,Mankey,0.183333337,fighter,RightThumbProximal,-0.070792906,1.25772,0.685595,-0.182818741,-0.5024573,-0.2123963,-0.817925632
7934f1476fe2c6e458c230f491769c34,7400006,Mankey,0.183333337,fighter,RightThumbIntermediate,-0.08897494,1.233865,0.7190214,0.0830801949,0.710773349,0.21526587,0.664500058
7934f1476fe2c6e458c230f491769c34,7400006,Mankey,0.183333337,fighter,RightThumbDistal,-0.08497944,1.21819746,0.75425154,0.133139282,-0.9756373,-0.172095343,0.0281089246
7934f1476fe2c6e458c230f491769c34,7400006,Mankey,0.183333337,fighter,RightMiddleProximal,-0.06852051,1.27309048,0.7547057,-0.419004947,-0.419333279,-0.580426931,-0.558300853
7934f1476fe2c6e458c230f491769c34,7400006,Mankey,0.183333337,fighter,RightMiddleIntermediate,-0.06697558,1.212471,0.753603458,0.6250655,0.00723984838,0.77592504,-0.0847456157
7934f1476fe2c6e458c230f491769c34,7400006,Mankey,0.183333337,fighter,RightMiddleDistal,-0.05608221,1.21900284,0.7017977,-0.43404308,0.4082255,-0.460743338,0.6577804
7934f1476fe2c6e458c230f491769c34,7400006,Mankey,0.183333337,fighter,RightRingProximal,-0.0146900155,1.26845944,0.765910149,-0.5364172,-0.4143557,-0.5525148,-0.485070735
7934f1476fe2c6e458c230f491769c34,7400006,Mankey,0.183333337,fighter,RightRingIntermediate,-0.017147474,1.2161566,0.7557342,0.6562714,-0.106860116,0.736906946,-0.121890694
7934f1476fe2c6e458c230f491769c34,7400006,Mankey,0.183333337,fighter,RightRingDistal,-0.0111903735,1.23365557,0.704251051,-0.337421477,0.544859767,-0.41854912,0.643499434
7934f1476fe2c6e458c230f491769c34,7400006,Mankey,0.183333337,fighter,RightLittleProximal,0.0429814756,1.26451886,0.749182343,-0.530731559,-0.366931766,-0.476100177,-0.5975067
7934f1476fe2c6e458c230f491769c34,7400006,Mankey,0.183333337,fighter,RightLittleIntermediate,0.0281859729,1.21339571,0.7456154,0.6557149,-0.0502135865,0.7508668,0.0609581172
7934f1476fe2c6e458c230f491769c34,7400006,Mankey,0.183333337,fighter,RightLittleDistal,0.03552478,1.21197462,0.690796852,-0.354784042,0.5064233,-0.5842533,0.5256544
7934f1476fe2c6e458c230f491769c34,7400006,Mankey,0.183333337,fighter,UpperChest,0.003185847,1.12544143,0.0333973542,0.7219504,-0.645181358,-0.211321831,0.133685946
7934f1476fe2c6e458c230f491769c34,7400006,Mankey,0.2,source,AnimatorRoot,0,0,0,0,0,8.679351E-16,1
7934f1476fe2c6e458c230f491769c34,7400006,Mankey,0.2,source,Hips,-0.0291058589,0.734087646,0.00228483579,-0.002732001,-0.198007777,-0.0216675829,0.9799571
7934f1476fe2c6e458c230f491769c34,7400006,Mankey,0.2,source,LeftUpperLeg,-0.12141069,0.738236964,-0.0366360769,-0.7279303,-0.382689476,0.5251821,0.218746468
7934f1476fe2c6e458c230f491769c34,7400006,Mankey,0.2,source,RightUpperLeg,0.06319918,0.729938567,0.0412058271,0.670305431,-0.438316345,-0.501545548,0.327141523
7934f1476fe2c6e458c230f491769c34,7400006,Mankey,0.2,source,LeftLowerLeg,-0.1793595,0.444921643,0.1859554,-0.4570579,-0.49672702,0.5435712,0.498889834
7934f1476fe2c6e458c230f491769c34,7400006,Mankey,0.2,source,RightLowerLeg,0.105193205,0.388591945,-0.102522492,0.7403781,-0.233786657,-0.5921659,0.215693742
7934f1476fe2c6e458c230f491769c34,7400006,Mankey,0.2,source,LeftFoot,-0.149987176,0.0982099548,0.186394781,0.5584955,0.09730725,-0.8024162,-0.186392859
7934f1476fe2c6e458c230f491769c34,7400006,Mankey,0.2,source,RightFoot,0.171083823,0.179251119,-0.37253502,0.446949482,-0.617675662,-0.337932616,0.5518282
7934f1476fe2c6e458c230f491769c34,7400006,Mankey,0.2,source,Spine,-0.0248378478,0.8319998,0.00260102912,0.0256182514,-0.20990485,-0.08882929,0.9733412
7934f1476fe2c6e458c230f491769c34,7400006,Mankey,0.2,source,Chest,0.00285058958,1.00808382,0.0212391838,0.08980055,-0.5038116,0.04813099,0.8577839
7934f1476fe2c6e458c230f491769c34,7400006,Mankey,0.2,source,Neck,-0.0332401767,1.20650768,0.04320132,0.211693451,-0.417384356,0.227217644,0.854019165
7934f1476fe2c6e458c230f491769c34,7400006,Mankey,0.2,source,Head,-0.0823098347,1.27662826,0.0581361949,0.110249139,-0.229379386,0.0590634234,0.965267956
7934f1476fe2c6e458c230f491769c34,7400006,Mankey,0.2,source,LeftShoulder,-0.04110111,1.16387463,0.0132440552,0.0921649039,-0.476590484,0.04072794,0.873332
7934f1476fe2c6e458c230f491769c34,7400006,Mankey,0.2,source,RightShoulder,-0.0121823717,1.16340923,0.06500835,0.821581542,0.0982173,0.5588065,-0.0556131154
7934f1476fe2c6e458c230f491769c34,7400006,Mankey,0.2,source,LeftUpperArm,-0.118123926,1.16624784,-0.106030725,-0.237422466,-0.169286147,0.4087881,0.864792049
7934f1476fe2c6e458c230f491769c34,7400006,Mankey,0.2,source,RightUpperArm,0.0383979641,1.17749429,0.196948186,0.7959719,0.06411884,0.601814,0.0117489146
7934f1476fe2c6e458c230f491769c34,7400006,Mankey,0.2,source,LeftLowerArm,-0.2559853,0.9878421,-0.128389567,-0.5660433,0.7253368,0.0615745,0.3868988
7934f1476fe2c6e458c230f491769c34,7400006,Mankey,0.2,source,RightLowerArm,0.09898587,1.20382929,0.413672,0.471215665,-0.005655052,0.8783177,0.08051288
7934f1476fe2c6e458c230f491769c34,7400006,Mankey,0.2,source,LeftHand,-0.241847679,1.17067873,0.0207571741,-0.5887394,0.771032155,0.103622884,0.219449639
7934f1476fe2c6e458c230f491769c34,7400006,Mankey,0.2,source,RightHand,-0.0293546449,1.23599756,0.60954994,0.488928229,-0.0512282178,0.870793164,-0.006683586
7934f1476fe2c6e458c230f491769c34,7400006,Mankey,0.2,source,LeftToes,-0.104065962,0.0371445529,0.3151702,0.567180753,-0.0149785727,-0.8225623,-0.03838102
7934f1476fe2c6e458c230f491769c34,7400006,Mankey,0.2,source,RightToes,0.172365367,0.0407297648,-0.315691531,0.290283978,-0.6622895,0.05771322,0.6883147
7934f1476fe2c6e458c230f491769c34,7400006,Mankey,0.2,source,LeftThumbProximal,-0.23578757,1.18689978,0.009098022,-0.436540455,0.483320445,-0.635211,0.415139884
7934f1476fe2c6e458c230f491769c34,7400006,Mankey,0.2,source,LeftThumbIntermediate,-0.223556086,1.22925222,0.00225921185,-0.4003223,0.5622764,-0.565301,0.4516882
7934f1476fe2c6e458c230f491769c34,7400006,Mankey,0.2,source,LeftThumbDistal,-0.215415478,1.25806892,0.00391895929,-0.3483748,0.636114538,-0.47055003,0.5025698
7934f1476fe2c6e458c230f491769c34,7400006,Mankey,0.2,source,LeftIndexProximal,-0.2306786,1.24939525,0.03304836,-0.603286147,0.763198,0.06828917,0.221160084
7934f1476fe2c6e458c230f491769c34,7400006,Mankey,0.2,source,LeftIndexIntermediate,-0.22530511,1.27685773,0.04599783,-0.542254567,0.807653069,0.07942505,0.217598051
7934f1476fe2c6e458c230f491769c34,7400006,Mankey,0.2,source,LeftIndexDistal,-0.218245223,1.295582,0.05573732,-0.4635934,0.8552502,0.09388959,0.211691648
7934f1476fe2c6e458c230f491769c34,7400006,Mankey,0.2,source,LeftMiddleProximal,-0.235354841,1.24200749,0.0526323132,-0.599082,0.761167169,0.0782725,0.2357943
7934f1476fe2c6e458c230f491769c34,7400006,Mankey,0.2,source,LeftMiddleIntermediate,-0.22973831,1.270749,0.067502,-0.543262243,0.8019871,0.0799371153,0.235145509
7934f1476fe2c6e458c230f491769c34,7400006,Mankey,0.2,source,LeftMiddleDistal,-0.2231929,1.28899181,0.07765462,-0.458506942,0.853274047,0.08887824,0.231939644
7934f1476fe2c6e458c230f491769c34,7400006,Mankey,0.2,source,LeftRingProximal,-0.239050418,1.2348088,0.0683665946,-0.5519969,0.7875932,0.112611011,0.249631345
7934f1476fe2c6e458c230f491769c34,7400006,Mankey,0.2,source,LeftRingIntermediate,-0.230720341,1.26028013,0.084575735,-0.5060638,0.8191142,0.10406404,0.2492442
7934f1476fe2c6e458c230f491769c34,7400006,Mankey,0.2,source,LeftRingDistal,-0.223743021,1.27519548,0.09443368,-0.435729831,0.8594423,0.102148227,0.247112811
7934f1476fe2c6e458c230f491769c34,7400006,Mankey,0.2,source,LeftLittleProximal,-0.2395936,1.22294438,0.0822671354,-0.5561601,0.778764069,0.121855609,0.263370961
7934f1476fe2c6e458c230f491769c34,7400006,Mankey,0.2,source,LeftLittleIntermediate,-0.232934192,1.244957,0.09724557,-0.510740757,0.810884,0.108293481,0.264356
7934f1476fe2c6e458c230f491769c34,7400006,Mankey,0.2,source,LeftLittleDistal,-0.226503059,1.259605,0.107491747,-0.451669663,0.8461978,0.0984821,0.265038967
7934f1476fe2c6e458c230f491769c34,7400006,Mankey,0.2,source,RightThumbProximal,-0.05018193,1.23691082,0.6084714,0.00273708371,0.65514946,0.670878053,-0.347411871
7934f1476fe2c6e458c230f491769c34,7400006,Mankey,0.2,source,RightThumbIntermediate,-0.0840228,1.21627593,0.6289427,-0.1895512,-0.589087546,-0.58229655,0.5272359
7934f1476fe2c6e458c230f491769c34,7400006,Mankey,0.2,source,RightThumbDistal,-0.0951846838,1.20455933,0.654192269,0.568097353,0.22372596,0.037743926,-0.79106766
7934f1476fe2c6e458c230f491769c34,7400006,Mankey,0.2,source,RightIndexProximal,-0.08942076,1.24387991,0.66248244,-0.338489264,0.274080038,-0.67774874,0.5924208
7934f1476fe2c6e458c230f491769c34,7400006,Mankey,0.2,source,RightIndexIntermediate,-0.09154784,1.21339893,0.66661793,0.0415021777,-0.4255814,0.0486157835,-0.90266
7934f1476fe2c6e458c230f491769c34,7400006,Mankey,0.2,source,RightIndexDistal,-0.07745744,1.21066225,0.649606943,0.288408071,0.3124433,0.627401948,0.6523557
7934f1476fe2c6e458c230f491769c34,7400006,Mankey,0.2,source,RightMiddleProximal,-0.07205292,1.2424264,0.674981534,-0.289021224,0.337304473,-0.6537729,0.6125962
7934f1476fe2c6e458c230f491769c34,7400006,Mankey,0.2,source,RightMiddleIntermediate,-0.07476153,1.2097162,0.673822761,-0.057295192,-0.4242508,-0.01398977,-0.90362227
7934f1476fe2c6e458c230f491769c34,7400006,Mankey,0.2,source,RightMiddleDistal,-0.06076328,1.21133757,0.6570807,0.372184,0.219527572,0.691063166,0.579413056
7934f1476fe2c6e458c230f491769c34,7400006,Mankey,0.2,source,RightRingProximal,-0.05711475,1.240866,0.6843344,-0.2649684,0.424315184,-0.593322754,0.6306484
7934f1476fe2c6e458c230f491769c34,7400006,Mankey,0.2,source,RightRingIntermediate,-0.0591234751,1.21038437,0.677419066,-0.15346764,-0.459696144,-0.08087743,-0.870969
7934f1476fe2c6e458c230f491769c34,7400006,Mankey,0.2,source,RightRingDistal,-0.0482958369,1.21579278,0.6625284,0.470422357,0.163889378,0.713701,0.492417336
7934f1476fe2c6e458c230f491769c34,7400006,Mankey,0.2,source,RightLittleProximal,-0.0404393822,1.23546052,0.6895308,-0.204764292,0.452309757,-0.6756726,0.544935763
7934f1476fe2c6e458c230f491769c34,7400006,Mankey,0.2,source,RightLittleIntermediate,-0.04928492,1.21016812,0.6835982,-0.171909884,-0.4469283,0.126155615,-0.8687852
7934f1476fe2c6e458c230f491769c34,7400006,Mankey,0.2,source,RightLittleDistal,-0.03847575,1.20892692,0.668018043,0.470790237,0.147399157,0.5638202,0.6623729
7934f1476fe2c6e458c230f491769c34,7400006,Mankey,0.2,fighter,AnimatorRoot,0,0,0,0,0,0,1
7934f1476fe2c6e458c230f491769c34,7400006,Mankey,0.2,fighter,Hips,-0.029105857,0.7340875,0.00228483579,0.55510515,-0.6097978,-0.405254036,0.394682229
7934f1476fe2c6e458c230f491769c34,7400006,Mankey,0.2,fighter,LeftUpperLeg,-0.142033339,0.7408862,-0.0413682275,0.246783257,0.53680253,0.3703664,0.7167773
7934f1476fe2c6e458c230f491769c34,7400006,Mankey,0.2,fighter,RightUpperLeg,0.0838216245,0.7272889,0.0459378734,0.5032389,0.336862177,0.6651911,0.436801076
7934f1476fe2c6e458c230f491769c34,7400006,Mankey,0.2,fighter,LeftLowerLeg,-0.196684256,0.44963336,0.173345014,0.5019126,0.590657234,0.465768754,0.426927745
7934f1476fe2c6e458c230f491769c34,7400006,Mankey,0.2,fighter,RightLowerLeg,0.124774568,0.390561223,-0.0913721845,0.6097309,0.188995436,0.72770226,0.25091514
7934f1476fe2c6e458c230f491769c34,7400006,Mankey,0.2,fighter,LeftFoot,-0.149987146,0.09821002,0.18639484,0.02096966,0.864449143,-0.0263900161,0.5015892
7934f1476fe2c6e458c230f491769c34,7400006,Mankey,0.2,fighter,RightFoot,0.1710838,0.17925106,-0.37253505,0.304472834,0.639484763,0.2137982,0.6727896
7934f1476fe2c6e458c230f491769c34,7400006,Mankey,0.2,fighter,Spine,-0.0245658346,0.7793853,-0.00240508467,0.523737669,-0.6457968,-0.433772773,0.347111762
7934f1476fe2c6e458c230f491769c34,7400006,Mankey,0.2,fighter,Chest,0.02078844,1.01405859,0.0112124262,0.7611159,-0.5948535,-0.222103208,0.132371843
7934f1476fe2c6e458c230f491769c34,7400006,Mankey,0.2,fighter,Neck,-0.01404185,1.29233015,0.0512901358,0.7100502,-0.592840731,-0.294462264,0.240126282
7934f1476fe2c6e458c230f491769c34,7400006,Mankey,0.2,fighter,Head,-0.03244035,1.438626,0.0711451,0.6823374,-0.5121908,-0.393776357,0.342077076
7934f1476fe2c6e458c230f491769c34,7400006,Mankey,0.2,fighter,LeftShoulder,-0.113874644,1.242627,0.0700951144,0.6542963,-0.5246658,0.3183754,0.4418816
7934f1476fe2c6e458c230f491769c34,7400006,Mankey,0.2,fighter,RightShoulder,-0.0840748,1.23885453,0.122187048,0.435329676,-0.650076747,-0.60538435,-0.146282285
7934f1476fe2c6e458c230f491769c34,7400006,Mankey,0.2,fighter,LeftUpperArm,-0.1662417,1.328631,-0.116747983,0.512311339,0.0691044,0.43011862,0.740108
7934f1476fe2c6e458c230f491769c34,7400006,Mankey,0.2,fighter,RightUpperArm,0.0386425741,1.32139421,0.2744271,-0.463984549,0.6065818,0.58387506,0.275440127
7934f1476fe2c6e458c230f491769c34,7400006,Mankey,0.2,fighter,LeftLowerArm,-0.341112763,1.1292311,-0.212130278,0.1560228,0.745520353,-0.371045917,0.5312078
7934f1476fe2c6e458c230f491769c34,7400006,Mankey,0.2,fighter,RightLowerArm,0.15637143,1.3893882,0.521317661,-0.5479704,-0.0405316353,0.3692701,0.7494837
7934f1476fe2c6e458c230f491769c34,7400006,Mankey,0.2,fighter,LeftHand,-0.241847739,1.17067885,0.0207570363,0.6119399,-0.6733914,-0.161198869,-0.3822157
7934f1476fe2c6e458c230f491769c34,7400006,Mankey,0.2,fighter,RightHand,-0.0293544866,1.23599744,0.6095495,-0.0214437358,0.6383784,-0.035925746,0.768585145
7934f1476fe2c6e458c230f491769c34,7400006,Mankey,0.2,fighter,LeftToes,-0.00668998528,0.120352551,0.426911,0.137178972,0.8247338,0.05018589,0.5463309
7934f1476fe2c6e458c230f491769c34,7400006,Mankey,0.2,fighter,RightToes,0.144834146,0.008547759,-0.1510774,0.234719232,0.7066282,0.139508754,0.6527792
7934f1476fe2c6e458c230f491769c34,7400006,Mankey,0.2,fighter,LeftEye,-0.245896682,1.50740159,0.189455032,0.6125785,-0.185412318,-0.3383249,-0.689859748
7934f1476fe2c6e458c230f491769c34,7400006,Mankey,0.2,fighter,RightEye,-0.0126997251,1.52406645,0.3091976,0.504042149,-0.392176926,-0.5678267,-0.51933825
7934f1476fe2c6e458c230f491769c34,7400006,Mankey,0.2,fighter,Jaw,-0.09695194,1.303828,0.2155477,0.8443568,0.122416019,-0.5202344,-0.0378533155
7934f1476fe2c6e458c230f491769c34,7400006,Mankey,0.2,fighter,LeftThumbProximal,-0.217954308,1.23940635,0.0306696072,0.5649298,-0.8216774,0.0176117569,-0.07342035
7934f1476fe2c6e458c230f491769c34,7400006,Mankey,0.2,fighter,LeftThumbIntermediate,-0.202193767,1.28121674,0.0351947248,0.562906146,-0.8098501,-0.03933952,-0.160413787
7934f1476fe2c6e458c230f491769c34,7400006,Mankey,0.2,fighter,LeftThumbDistal,-0.18999055,1.3160696,0.0469831266,0.556443751,-0.7888452,-0.09362766,-0.243573472
7934f1476fe2c6e458c230f491769c34,7400006,Mankey,0.2,fighter,LeftMiddleProximal,-0.230725825,1.292862,0.07535807,0.5793396,-0.735060751,-0.180677935,-0.302336365
7934f1476fe2c6e458c230f491769c34,7400006,Mankey,0.2,fighter,LeftMiddleIntermediate,-0.221875831,1.33789134,0.115011811,0.544559,-0.7546376,-0.253860474,-0.2636906
7934f1476fe2c6e458c230f491769c34,7400006,Mankey,0.2,fighter,LeftMiddleDistal,-0.2075888,1.37459,0.150988072,0.5158063,-0.760031939,-0.321210265,-0.230476931
7934f1476fe2c6e458c230f491769c34,7400006,Mankey,0.2,fighter,LeftRingProximal,-0.242572308,1.2662816,0.122238934,0.5221325,-0.758164644,-0.194406271,-0.3387778
7934f1476fe2c6e458c230f491769c34,7400006,Mankey,0.2,fighter,LeftRingIntermediate,-0.230559453,1.30148649,0.160468236,0.489444166,-0.779047847,-0.230212271,-0.317067325
7934f1476fe2c6e458c230f491769c34,7400006,Mankey,0.2,fighter,LeftRingDistal,-0.2130647,1.33521593,0.1998185,0.4683575,-0.788916,-0.260819256,-0.300377756
7934f1476fe2c6e458c230f491769c34,7400006,Mankey,0.2,fighter,LeftLittleProximal,-0.257289141,1.21671653,0.1530296,0.527664542,-0.7465111,-0.202991828,-0.350836515
7934f1476fe2c6e458c230f491769c34,7400006,Mankey,0.2,fighter,LeftLittleIntermediate,-0.246782824,1.25114119,0.192396164,0.50186044,-0.763997853,-0.248226032,-0.320667654
7934f1476fe2c6e458c230f491769c34,7400006,Mankey,0.2,fighter,LeftLittleDistal,-0.2307046,1.28475916,0.233288363,0.470232576,-0.7785011,-0.279895544,-0.307370424
7934f1476fe2c6e458c230f491769c34,7400006,Mankey,0.2,fighter,RightThumbProximal,-0.08689423,1.229702,0.6547397,-0.154907718,-0.408263475,-0.239440143,-0.8671758
7934f1476fe2c6e458c230f491769c34,7400006,Mankey,0.2,fighter,RightThumbIntermediate,-0.111684024,1.20537126,0.683208168,0.0500109866,0.631144,0.2255713,0.7404557
7934f1476fe2c6e458c230f491769c34,7400006,Mankey,0.2,fighter,RightThumbDistal,-0.115620486,1.1899755,0.7185644,0.159121871,-0.9720473,-0.151722521,-0.08237547
7934f1476fe2c6e458c230f491769c34,7400006,Mankey,0.2,fighter,RightMiddleProximal,-0.102495976,1.24700952,0.7216332,-0.329514146,-0.3500905,-0.6386303,-0.6008404
7934f1476fe2c6e458c230f491769c34,7400006,Mankey,0.2,fighter,RightMiddleIntermediate,-0.09880699,1.18647254,0.721622348,0.528436542,0.0316325724,0.8431176,-0.09438264
7934f1476fe2c6e458c230f491769c34,7400006,Mankey,0.2,fighter,RightMiddleDistal,-0.07620703,1.1931783,0.6737741,-0.38609004,0.3173555,-0.499097079,0.7079004
7934f1476fe2c6e458c230f491769c34,7400006,Mankey,0.2,fighter,RightRingProximal,-0.05362912,1.24178708,0.746722043,-0.449021161,-0.353836715,-0.6249303,-0.531641066
7934f1476fe2c6e458c230f491769c34,7400006,Mankey,0.2,fighter,RightRingIntermediate,-0.0519501343,1.18939435,0.73685503,0.565849245,-0.07602931,0.8081407,-0.144717991
7934f1476fe2c6e458c230f491769c34,7400006,Mankey,0.2,fighter,RightRingDistal,-0.0345690176,1.20689571,0.6880306,-0.297868043,0.455775261,-0.446135938,0.710286438
7934f1476fe2c6e458c230f491769c34,7400006,Mankey,0.2,fighter,RightLittleProximal,0.00629974762,1.23638725,0.745868266,-0.45110938,-0.2944676,-0.5492989,-0.6387961
7934f1476fe2c6e458c230f491769c34,7400006,Mankey,0.2,fighter,RightLittleIntermediate,-0.005601415,1.184783,0.7395005,0.5623169,-0.0442122072,0.824500561,0.0452155471
7934f1476fe2c6e458c230f491769c34,7400006,Mankey,0.2,fighter,RightLittleDistal,0.0145101547,1.18340886,0.6879779,-0.29254964,0.432695746,-0.615833461,0.589863539
7934f1476fe2c6e458c230f491769c34,7400006,Mankey,0.2,fighter,UpperChest,-0.00234009582,1.1292367,0.0327846743,0.723410249,-0.6401763,-0.213614374,0.145674348
7934f1476fe2c6e458c230f491769c34,7400006,Mankey,0.216666669,source,AnimatorRoot,0,0,0,0,0,9.40263E-16,1
7934f1476fe2c6e458c230f491769c34,7400006,Mankey,0.216666669,source,Hips,-0.0291290078,0.7379775,0.006810571,-0.005241763,-0.1972303,-0.0175561011,0.980186
7934f1476fe2c6e458c230f491769c34,7400006,Mankey,0.216666669,source,LeftUpperLeg,-0.121527784,0.741220832,-0.0319732,-0.7267301,-0.386743337,0.522600651,0.221769452
7934f1476fe2c6e458c230f491769c34,7400006,Mankey,0.216666669,source,RightUpperLeg,0.06326999,0.7347344,0.0455944166,0.6700247,-0.439683557,-0.4950107,0.3357228
7934f1476fe2c6e458c230f491769c34,7400006,Mankey,0.216666669,source,LeftLowerLeg,-0.179167762,0.445294917,0.187217146,-0.457232863,-0.4979827,0.5416356,0.49958238
7934f1476fe2c6e458c230f491769c34,7400006,Mankey,0.216666669,source,RightLowerLeg,0.109223992,0.39122358,-0.091618605,0.7475644,-0.234829247,-0.5856411,0.2074308
7934f1476fe2c6e458c230f491769c34,7400006,Mankey,0.216666669,source,LeftFoot,-0.150388017,0.09853422,0.186430842,0.558363736,0.104319483,-0.800565064,-0.19090122
7934f1476fe2c6e458c230f491769c34,7400006,Mankey,0.216666669,source,RightFoot,0.180122629,0.184518233,-0.362391949,0.467212081,-0.6239897,-0.347436249,0.521189034
7934f1476fe2c6e458c230f491769c34,7400006,Mankey,0.216666669,source,Spine,-0.0255533438,0.8359173,0.0064821993,0.0167726967,-0.208518669,-0.08083719,0.9745277
7934f1476fe2c6e458c230f491769c34,7400006,Mankey,0.216666669,source,Chest,6.877596E-05,1.0126667,0.0214069132,0.08973109,-0.4904403,0.0550084636,0.865096033
7934f1476fe2c6e458c230f491769c34,7400006,Mankey,0.216666669,source,Neck,-0.0380582325,1.21080029,0.04253423,0.220159292,-0.401561171,0.229494855,0.85884285
7934f1476fe2c6e458c230f491769c34,7400006,Mankey,0.216666669,source,Head,-0.08766683,1.28010488,0.05937569,0.122557752,-0.214953437,0.06369285,0.9668083
7934f1476fe2c6e458c230f491769c34,7400006,Mankey,0.216666669,source,LeftShoulder,-0.04620549,1.16777384,0.0132229775,0.09101105,-0.4641976,0.048970025,0.8796817
7934f1476fe2c6e458c230f491769c34,7400006,Mankey,0.216666669,source,RightShoulder,-0.0157942791,1.16820216,0.06412512,0.8428968,0.06925023,0.527732253,-0.0789184645
7934f1476fe2c6e458c230f491769c34,7400006,Mankey,0.216666669,source,LeftUpperArm,-0.126329571,1.16753793,-0.1040148,-0.242362007,-0.14660652,0.434906781,0.8547653
7934f1476fe2c6e458c230f491769c34,7400006,Mankey,0.216666669,source,RightUpperArm,0.0457525626,1.17294514,0.19200933,0.813316762,0.0114486068,0.5817043,-0.00227294071
7934f1476fe2c6e458c230f491769c34,7400006,Mankey,0.216666669,source,LeftLowerArm,-0.2574519,0.982984841,-0.1130365,-0.5829974,0.7241156,0.0611271225,0.363365442
7934f1476fe2c6e458c230f491769c34,7400006,Mankey,0.216666669,source,RightLowerArm,0.118929043,1.17656982,0.406405479,0.423595518,-0.06934437,0.8974077,0.1020682
7934f1476fe2c6e458c230f491769c34,7400006,Mankey,0.216666669,source,LeftHand,-0.244176924,1.17206049,0.0282009877,-0.5969872,0.7663648,0.106614225,0.211955413
7934f1476fe2c6e458c230f491769c34,7400006,Mankey,0.216666669,source,RightHand,-0.0276956744,1.20598269,0.589463651,0.388885468,-0.102895766,0.9150125,0.0305445772
7934f1476fe2c6e458c230f491769c34,7400006,Mankey,0.216666669,source,LeftToes,-0.104932122,0.0353226,0.314332783,0.5682575,-0.0110734021,-0.821946561,-0.0369443633
7934f1476fe2c6e458c230f491769c34,7400006,Mankey,0.216666669,source,RightToes,0.177105755,0.0429827571,-0.313610762,0.3077447,-0.6830068,0.03893017,0.6612712
7934f1476fe2c6e458c230f491769c34,7400006,Mankey,0.216666669,source,LeftThumbProximal,-0.2385922,1.1883235,0.016364431,-0.440930218,0.4815837,-0.632052,0.417335
7934f1476fe2c6e458c230f491769c34,7400006,Mankey,0.216666669,source,LeftThumbIntermediate,-0.226867527,1.23080361,0.009431092,-0.4024548,0.562687933,-0.559965253,0.455907553
7934f1476fe2c6e458c230f491769c34,7400006,Mankey,0.216666669,source,LeftThumbDistal,-0.219059244,1.25969958,0.0113008888,-0.339919925,0.6422647,-0.456036717,0.5137912
7934f1476fe2c6e458c230f491769c34,7400006,Mankey,0.216666669,source,LeftIndexProximal,-0.2345351,1.25107837,0.039832972,-0.5979603,0.769218,0.07372734,0.212865964
7934f1476fe2c6e458c230f491769c34,7400006,Mankey,0.216666669,source,LeftIndexIntermediate,-0.228545144,1.27847588,0.0526492,-0.5220864,0.822593868,0.08792779,0.207447484
7934f1476fe2c6e458c230f491769c34,7400006,Mankey,0.216666669,source,LeftIndexDistal,-0.220337659,1.29677963,0.0622880049,-0.426834166,0.875915945,0.104917563,0.198939338
7934f1476fe2c6e458c230f491769c34,7400006,Mankey,0.216666669,source,LeftMiddleProximal,-0.238833711,1.24373078,0.05951829,-0.594009936,0.767380655,0.08432933,0.22620371
7934f1476fe2c6e458c230f491769c34,7400006,Mankey,0.216666669,source,LeftMiddleIntermediate,-0.232528642,1.27242041,0.07421104,-0.523595,0.817232668,0.089291,0.223621935
7934f1476fe2c6e458c230f491769c34,7400006,Mankey,0.216666669,source,LeftMiddleDistal,-0.224833742,1.29027128,0.08425399,-0.422300518,0.874166846,0.100789621,0.217570245
7934f1476fe2c6e458c230f491769c34,7400006,Mankey,0.216666669,source,LeftRingProximal,-0.242199212,1.23656607,0.07534184,-0.5462585,0.794489443,0.119260058,0.236993492
7934f1476fe2c6e458c230f491769c34,7400006,Mankey,0.216666669,source,LeftRingIntermediate,-0.2330892,1.26198065,0.09121688,-0.4861256,0.8341755,0.113963328,0.234192371
7934f1476fe2c6e458c230f491769c34,7400006,Mankey,0.216666669,source,LeftRingDistal,-0.225073278,1.27652133,0.100842074,-0.4007002,0.87973243,0.114387877,0.22896792
7934f1476fe2c6e458c230f491769c34,7400006,Mankey,0.216666669,source,LeftLittleProximal,-0.242335364,1.2247901,0.08932741,-0.551015,0.7858261,0.129003,0.249436438
7934f1476fe2c6e458c230f491769c34,7400006,Mankey,0.216666669,source,LeftLittleIntermediate,-0.234971032,1.24679172,0.1039886,-0.492808849,0.8255913,0.118472695,0.247998685
7934f1476fe2c6e458c230f491769c34,7400006,Mankey,0.216666669,source,LeftLittleDistal,-0.2275377,1.26113415,0.113986224,-0.420614749,0.8662306,0.110947095,0.245802671
7934f1476fe2c6e458c230f491769c34,7400006,Mankey,0.216666669,source,RightThumbProximal,-0.0475440063,1.20964587,0.584135,-0.0361350439,0.6698214,0.704223,-0.232602417
7934f1476fe2c6e458c230f491769c34,7400006,Mankey,0.216666669,source,RightThumbIntermediate,-0.08721052,1.19287157,0.5957657,-0.149916336,-0.6138807,-0.645926237,0.428316861
7934f1476fe2c6e458c230f491769c34,7400006,Mankey,0.216666669,source,RightThumbDistal,-0.104848824,1.18179762,0.617344856,0.553715646,0.269372255,0.153487936,-0.7728389
7934f1476fe2c6e458c230f491769c34,7400006,Mankey,0.216666669,source,RightIndexProximal,-0.09632766,1.21969986,0.6291296,-0.231389,0.247234717,-0.7388409,0.582622349
7934f1476fe2c6e458c230f491769c34,7400006,Mankey,0.216666669,source,RightIndexIntermediate,-0.102928929,1.18962657,0.6307904,-0.0136022717,-0.329897255,0.0988820642,-0.9387257
7934f1476fe2c6e458c230f491769c34,7400006,Mankey,0.216666669,source,RightIndexDistal,-0.08595023,1.18569732,0.6169452,0.255439818,0.206470147,0.6197952,0.7127239
7934f1476fe2c6e458c230f491769c34,7400006,Mankey,0.216666669,source,RightMiddleProximal,-0.08234647,1.21553528,0.6448512,-0.180372581,0.304079056,-0.709469736,0.609635234
7934f1476fe2c6e458c230f491769c34,7400006,Mankey,0.216666669,source,RightMiddleIntermediate,-0.08864318,1.18352318,0.6410821,-0.104882061,-0.320663333,0.0263518821,-0.9409996
7934f1476fe2c6e458c230f491769c34,7400006,Mankey,0.216666669,source,RightMiddleDistal,-0.07128936,1.18391383,0.6277565,0.324065179,0.115175821,0.6941291,0.632378
7934f1476fe2c6e458c230f491769c34,7400006,Mankey,0.216666669,source,RightRingProximal,-0.070058845,1.21169722,0.656989455,-0.157004237,0.385429829,-0.645889461,0.6400164
7934f1476fe2c6e458c230f491769c34,7400006,Mankey,0.216666669,source,RightRingIntermediate,-0.07417545,1.18201208,0.647888541,-0.194575682,-0.3515483,-0.0531943627,-0.9141799
7934f1476fe2c6e458c230f491769c34,7400006,Mankey,0.216666669,source,RightRingDistal,-0.05983837,1.18650115,0.6359505,0.41340363,0.0624777451,0.7311341,0.539108
7934f1476fe2c6e458c230f491769c34,7400006,Mankey,0.216666669,source,RightLittleProximal,-0.05565639,1.20397484,0.6651886,-0.08890627,0.4206029,-0.7150551,0.551258266
7934f1476fe2c6e458c230f491769c34,7400006,Mankey,0.216666669,source,RightLittleIntermediate,-0.06598946,1.1802876,0.6559533,-0.234055251,-0.343167245,0.150400415,-0.8971258
7934f1476fe2c6e458c230f491769c34,7400006,Mankey,0.216666669,source,RightLittleDistal,-0.0523190871,1.178216,0.6429168,0.432969481,0.0317748,0.5713534,0.6964797
7934f1476fe2c6e458c230f491769c34,7400006,Mankey,0.216666669,fighter,AnimatorRoot,0,0,0,0,0,0,1
7934f1476fe2c6e458c230f491769c34,7400006,Mankey,0.216666669,fighter,Hips,-0.029129006,0.7379774,0.0068105706,0.555585146,-0.6096474,-0.401429921,0.3981321
7934f1476fe2c6e458c230f491769c34,7400006,Mankey,0.216666669,fighter,LeftUpperLeg,-0.142084062,0.743685067,-0.0369273275,0.2484131,0.533776,0.375086427,0.7160197
7934f1476fe2c6e458c230f491769c34,7400006,Mankey,0.216666669,fighter,RightUpperLeg,0.08382605,0.732269764,0.0505484454,0.49685216,0.34549284,0.664715946,0.4380929
7934f1476fe2c6e458c230f491769c34,7400006,Mankey,0.216666669,fighter,LeftLowerLeg,-0.196531191,0.450074047,0.17460224,0.5021079,0.5883455,0.4678517,0.427611947
7934f1476fe2c6e458c230f491769c34,7400006,Mankey,0.216666669,fighter,RightLowerLeg,0.128626719,0.3935016,-0.08039364,0.60314703,0.181073815,0.7347058,0.252256632
7934f1476fe2c6e458c230f491769c34,7400006,Mankey,0.216666669,fighter,LeftFoot,-0.150388077,0.09853438,0.186430871,0.0252331048,0.863736033,-0.0191506147,0.5029478
7934f1476fe2c6e458c230f491769c34,7400006,Mankey,0.216666669,fighter,RightFoot,0.180122688,0.184518024,-0.3623922,0.3219265,0.6142709,0.2355789,0.6808357
7934f1476fe2c6e458c230f491769c34,7400006,Mankey,0.216666669,fighter,Spine,-0.02488493,0.783265054,0.00175996847,0.5231506,-0.646791458,-0.4254741,0.356294751
7934f1476fe2c6e458c230f491769c34,7400006,Mankey,0.216666669,fighter,Chest,0.017698383,1.01870072,0.0101666907,0.7616248,-0.588507235,-0.228279591,0.146545678
7934f1476fe2c6e458c230f491769c34,7400006,Mankey,0.216666669,fighter,Neck,-0.0202039182,1.29686928,0.0481154919,0.71158123,-0.5825498,-0.302812159,0.250185549
7934f1476fe2c6e458c230f491769c34,7400006,Mankey,0.216666669,fighter,Head,-0.0407177731,1.44275928,0.068864204,0.684353232,-0.497277617,-0.4056019,0.3462123
7934f1476fe2c6e458c230f491769c34,7400006,Mankey,0.216666669,fighter,LeftShoulder,-0.118718073,1.24591637,0.0702373,0.658904433,-0.5118011,0.317195147,0.4508791
7934f1476fe2c6e458c230f491769c34,7400006,Mankey,0.216666669,fighter,RightShoulder,-0.08743677,1.24318266,0.12151926,0.392625064,-0.6540729,-0.6294638,-0.147680461
7934f1476fe2c6e458c230f491769c34,7400006,Mankey,0.216666669,fighter,LeftUpperArm,-0.177063674,1.32835841,-0.1164401,0.5070965,0.0960158855,0.435684741,0.7374368
7934f1476fe2c6e458c230f491769c34,7400006,Mankey,0.216666669,fighter,RightUpperArm,0.05011519,1.31273484,0.267434567,-0.409522235,0.6050521,0.599754,0.3263416
7934f1476fe2c6e458c230f491769c34,7400006,Mankey,0.216666669,fighter,LeftLowerArm,-0.3467133,1.11980283,-0.2010663,0.133155361,0.746008635,-0.378579557,0.531430662
7934f1476fe2c6e458c230f491769c34,7400006,Mankey,0.216666669,fighter,RightLowerArm,0.1773939,1.34207976,0.517188847,-0.526014447,-0.0314990021,0.315070927,0.7893332
7934f1476fe2c6e458c230f491769c34,7400006,Mankey,0.216666669,fighter,LeftHand,-0.2441771,1.17206049,0.0282008536,0.6193894,-0.6696061,-0.16636765,-0.374575138
7934f1476fe2c6e458c230f491769c34,7400006,Mankey,0.216666669,fighter,RightHand,-0.0276954584,1.20598257,0.589463353,0.0421985,0.553680956,-0.07033667,0.8286795
7934f1476fe2c6e458c230f491769c34,7400006,Mankey,0.216666669,fighter,LeftToes,-0.007955246,0.116643734,0.4277964,0.1355962,0.824328363,0.0541594923,0.5469581
7934f1476fe2c6e458c230f491769c34,7400006,Mankey,0.216666669,fighter,RightToes,0.140994072,0.00185576675,-0.1526887,0.2569009,0.683163,0.165294081,0.6633011
7934f1476fe2c6e458c230f491769c34,7400006,Mankey,0.216666669,fighter,LeftEye,-0.2517915,1.50541043,0.19461672,0.6024283,-0.186675981,-0.355020732,-0.690067351
7934f1476fe2c6e458c230f491769c34,7400006,Mankey,0.216666669,fighter,RightEye,-0.0155254984,1.5239197,0.307897836,0.494074643,-0.389634967,-0.5834318,-0.5135003
7934f1476fe2c6e458c230f491769c34,7400006,Mankey,0.216666669,fighter,Jaw,-0.0986505747,1.30406332,0.212361917,0.835207,0.134363741,-0.531506836,-0.04331922
7934f1476fe2c6e458c230f491769c34,7400006,Mankey,0.216666669,fighter,LeftThumbProximal,-0.22163035,1.24134314,0.03737682,0.570403,-0.818231,0.0119192228,-0.07068697
7934f1476fe2c6e458c230f491769c34,7400006,Mankey,0.216666669,fighter,LeftThumbIntermediate,-0.2063926,1.28334057,0.0419613,0.5678827,-0.805771649,-0.04820691,-0.16098997
7934f1476fe2c6e458c230f491769c34,7400006,Mankey,0.216666669,fighter,LeftThumbDistal,-0.19464004,1.31821382,0.0541405268,0.559806764,-0.779754043,-0.112209886,-0.256922573
7934f1476fe2c6e458c230f491769c34,7400006,Mankey,0.216666669,fighter,LeftMiddleProximal,-0.235024422,1.29482913,0.08184636,0.572211742,-0.741005063,-0.189255446,-0.296087563
7934f1476fe2c6e458c230f491769c34,7400006,Mankey,0.216666669,fighter,LeftMiddleIntermediate,-0.224725261,1.33946419,0.121595532,0.522465765,-0.766925454,-0.2699068,-0.256914973
7934f1476fe2c6e458c230f491769c34,7400006,Mankey,0.216666669,fighter,LeftMiddleDistal,-0.207547128,1.374813,0.157659054,0.4786656,-0.7787529,-0.341355741,-0.218859315
7934f1476fe2c6e458c230f491769c34,7400006,Mankey,0.216666669,fighter,LeftRingProximal,-0.245779008,1.2683332,0.129037291,0.5148276,-0.765150547,-0.204187959,-0.328335881
7934f1476fe2c6e458c230f491769c34,7400006,Mankey,0.216666669,fighter,LeftRingIntermediate,-0.232214928,1.30320477,0.167052492,0.4676549,-0.792313337,-0.246436745,-0.304642946
7934f1476fe2c6e458c230f491769c34,7400006,Mankey,0.216666669,fighter,LeftRingDistal,-0.211593539,1.33552825,0.206067339,0.432409465,-0.8079866,-0.282010078,-0.2839902
7934f1476fe2c6e458c230f491769c34,7400006,Mankey,0.216666669,fighter,LeftLittleProximal,-0.25909856,1.21868575,0.160327166,0.5206903,-0.7538304,-0.212916344,-0.3395408
7934f1476fe2c6e458c230f491769c34,7400006,Mankey,0.216666669,fighter,LeftLittleIntermediate,-0.246980429,1.25284672,0.1994596,0.4816564,-0.7767557,-0.264771372,-0.307496667
7934f1476fe2c6e458c230f491769c34,7400006,Mankey,0.216666669,fighter,LeftLittleDistal,-0.227787942,1.28523552,0.239999235,0.4370137,-0.796304,-0.3007742,-0.2906101
7934f1476fe2c6e458c230f491769c34,7400006,Mankey,0.216666669,fighter,RightThumbProximal,-0.0939170942,1.205606,0.621198833,-0.184186131,-0.30392018,-0.231301248,-0.905653358
7934f1476fe2c6e458c230f491769c34,7400006,Mankey,0.216666669,fighter,RightThumbIntermediate,-0.125725746,1.18176234,0.642095447,0.08535819,0.542843461,0.220875621,0.805759847
7934f1476fe2c6e458c230f491769c34,7400006,Mankey,0.216666669,fighter,RightThumbDistal,-0.137861371,1.16437256,0.6745441,0.126028568,-0.9585638,-0.170100719,-0.1906269
7934f1476fe2c6e458c230f491769c34,7400006,Mankey,0.216666669,fighter,RightMiddleProximal,-0.121311739,1.22234607,0.684341669,-0.296676636,-0.242834926,-0.6573613,-0.648760736
7934f1476fe2c6e458c230f491769c34,7400006,Mankey,0.216666669,fighter,RightMiddleIntermediate,-0.122392118,1.161877,0.679795265,0.438708484,-0.0143039227,0.895327151,-0.07562995
7934f1476fe2c6e458c230f491769c34,7400006,Mankey,0.216666669,fighter,RightMiddleDistal,-0.0901943,1.16976988,0.638008,-0.292924762,0.280538023,-0.551706135,0.728775859
7934f1476fe2c6e458c230f491769c34,7400006,Mankey,0.216666669,fighter,RightRingProximal,-0.07994809,1.20987523,0.7186669,-0.4136955,-0.24751474,-0.6592966,-0.576993048
7934f1476fe2c6e458c230f491769c34,7400006,Mankey,0.216666669,fighter,RightRingIntermediate,-0.08038158,1.15836918,0.7048056,0.472599655,-0.115915142,0.862386346,-0.139654875
7934f1476fe2c6e458c230f491769c34,7400006,Mankey,0.216666669,fighter,RightRingDistal,-0.0522490963,1.17753839,0.6619882,-0.204849958,0.411474258,-0.4848277,0.7440889
7934f1476fe2c6e458c230f491769c34,7400006,Mankey,0.216666669,fighter,RightLittleProximal,-0.02231954,1.19673228,0.7299612,-0.421962261,-0.18004328,-0.577222943,-0.67553407
7934f1476fe2c6e458c230f491769c34,7400006,Mankey,0.216666669,fighter,RightLittleIntermediate,-0.03665709,1.14702928,0.716952443,0.4764764,-0.105675928,0.871134043,0.0541142523
7934f1476fe2c6e458c230f491769c34,7400006,Mankey,0.216666669,fighter,RightLittleDistal,-0.006776522,1.14738476,0.6703913,-0.187090889,0.408391535,-0.6493005,0.613695562
7934f1476fe2c6e458c230f491769c34,7400006,Mankey,0.216666669,fighter,UpperChest,-0.00655964436,1.13376486,0.03109771,0.724305332,-0.633872867,-0.218914628,0.160198569
7934f1476fe2c6e458c230f491769c34,7400006,Mankey,0.233333334,source,AnimatorRoot,0,0,0,0,0,1.01259094E-15,1
7934f1476fe2c6e458c230f491769c34,7400006,Mankey,0.233333334,source,Hips,-0.02942303,0.7425425,0.010864391,-0.008652014,-0.189331934,-0.0136381295,0.98178035
7934f1476fe2c6e458c230f491769c34,7400006,Mankey,0.233333334,source,LeftUpperLeg,-0.122458555,0.744899,-0.02643271,-0.7223428,-0.388927072,0.5243828,0.227990165
7934f1476fe2c6e458c230f491769c34,7400006,Mankey,0.233333334,source,RightUpperLeg,0.06361271,0.7401863,0.0481615625,0.665479839,-0.43901372,-0.491945952,0.349846959
7934f1476fe2c6e458c230f491769c34,7400006,Mankey,0.233333334,source,LeftLowerLeg,-0.177444845,0.446335584,0.189843372,-0.456279159,-0.4963368,0.5413695,0.5023729
7934f1476fe2c6e458c230f491769c34,7400006,Mankey,0.233333334,source,RightLowerLeg,0.112260461,0.3940847,-0.08139892,0.7495811,-0.235731319,-0.5839709,0.203806922
7934f1476fe2c6e458c230f491769c34,7400006,Mankey,0.233333334,source,LeftFoot,-0.1500045,0.09946924,0.1882215,0.5568864,0.110896848,-0.799431741,-0.196185365
7934f1476fe2c6e458c230f491769c34,7400006,Mankey,0.233333334,source,RightFoot,0.18422316,0.18829298,-0.352587163,0.482254744,-0.6280266,-0.354347229,0.4974446
7934f1476fe2c6e458c230f491769c34,7400006,Mankey,0.233333334,source,Spine,-0.0264774058,0.840497,0.00970553048,0.0077720643,-0.200063169,-0.07308253,0.977022767
7934f1476fe2c6e458c230f491769c34,7400006,Mankey,0.233333334,source,Chest,-0.00274552358,1.01779664,0.0207171589,0.09100426,-0.4734681,0.0599254519,0.8740453
7934f1476fe2c6e458c230f491769c34,7400006,Mankey,0.233333334,source,Neck,-0.04241747,1.21559978,0.042093087,0.230857655,-0.38360244,0.228552148,0.864475667
7934f1476fe2c6e458c230f491769c34,7400006,Mankey,0.233333334,source,Head,-0.09213518,1.28414118,0.0615359619,0.134244367,-0.1996137,0.06853271,0.9682131
7934f1476fe2c6e458c230f491769c34,7400006,Mankey,0.233333334,source,LeftShoulder,-0.0511402,1.17229676,0.0133604575,0.0902848542,-0.443665415,0.05638952,0.8898484
7934f1476fe2c6e458c230f491769c34,7400006,Mankey,0.233333334,source,RightShoulder,-0.01885591,1.17340231,0.06308525,0.8618868,0.04443004,0.4955858,-0.0978371
7934f1476fe2c6e458c230f491769c34,7400006,Mankey,0.233333334,source,LeftUpperArm,-0.136336222,1.16942227,-0.100208871,-0.241656661,-0.121297777,0.46073404,0.845348
7934f1476fe2c6e458c230f491769c34,7400006,Mankey,0.233333334,source,RightUpperArm,0.05283478,1.17050111,0.185628742,0.830654144,-0.0383109972,0.555143237,-0.0190319922
7934f1476fe2c6e458c230f491769c34,7400006,Mankey,0.233333334,source,LeftLowerArm,-0.260048836,0.979649842,-0.0962209255,-0.5984371,0.7232035,0.06560657,0.3384464
7934f1476fe2c6e458c230f491769c34,7400006,Mankey,0.233333334,source,RightLowerArm,0.139088809,1.15129757,0.39425543,0.38576895,-0.122465059,0.9062797,0.12182904
7934f1476fe2c6e458c230f491769c34,7400006,Mankey,0.233333334,source,LeftHand,-0.247129709,1.17375624,0.0380535871,-0.604085267,0.7632729,0.112561166,0.19956474
7934f1476fe2c6e458c230f491769c34,7400006,Mankey,0.233333334,source,RightHand,-0.0199182518,1.18115735,0.566590667,0.300498635,-0.138341144,0.9406021,0.07635596
7934f1476fe2c6e458c230f491769c34,7400006,Mankey,0.233333334,source,LeftToes,-0.104667738,0.03400657,0.315028667,0.5679946,-0.007871059,-0.82224834,-0.0350424871
7934f1476fe2c6e458c230f491769c34,7400006,Mankey,0.233333334,source,RightToes,0.178240225,0.04480461,-0.310204983,0.325363547,-0.698492944,0.0207748078,0.637036145
7934f1476fe2c6e458c230f491769c34,7400006,Mankey,0.233333334,source,LeftThumbProximal,-0.242144465,1.19002759,0.0259634461,-0.448330283,0.482565224,-0.6270525,0.415856063
7934f1476fe2c6e458c230f491769c34,7400006,Mankey,0.233333334,source,LeftThumbIntermediate,-0.230896965,1.23259616,0.018785648,-0.406789243,0.5662581,-0.5528268,0.456352234
7934f1476fe2c6e458c230f491769c34,7400006,Mankey,0.233333334,source,LeftThumbDistal,-0.22332342,1.26154482,0.0207967088,-0.331370234,0.652422965,-0.438795269,0.521533966
7934f1476fe2c6e458c230f491769c34,7400006,Mankey,0.233333334,source,LeftIndexProximal,-0.238789231,1.25304163,0.0488407835,-0.5900324,0.7781025,0.08199204,0.199238539
7934f1476fe2c6e458c230f491769c34,7400006,Mankey,0.233333334,source,LeftIndexIntermediate,-0.231872112,1.28034675,0.0613844432,-0.496932924,0.8406802,0.0986989141,0.1912429
7934f1476fe2c6e458c230f491769c34,7400006,Mankey,0.233333334,source,LeftIndexDistal,-0.222236216,1.29810143,0.07072371,-0.382307976,0.8988412,0.117355622,0.179313913
7934f1476fe2c6e458c230f491769c34,7400006,Mankey,0.233333334,source,LeftMiddleProximal,-0.24248369,1.24577391,0.06867779,-0.586295664,0.776521146,0.0932153538,0.211148188
7934f1476fe2c6e458c230f491769c34,7400006,Mankey,0.233333334,source,LeftMiddleIntermediate,-0.235148072,1.27438664,0.08303789,-0.4989762,0.8357367,0.100914486,0.205873072
7934f1476fe2c6e458c230f491769c34,7400006,Mankey,0.233333334,source,LeftMiddleDistal,-0.226018,1.29172575,0.0927704051,-0.3783852,0.897428632,0.1140101,0.196083084
7934f1476fe2c6e458c230f491769c34,7400006,Mankey,0.233333334,source,LeftRingProximal,-0.2453388,1.23867536,0.084630996,-0.537507653,0.8042844,0.1284337,0.218442917
7934f1476fe2c6e458c230f491769c34,7400006,Mankey,0.233333334,source,LeftRingIntermediate,-0.23510541,1.26399732,0.09996037,-0.46100226,0.8523675,0.125772119,0.212433875
7934f1476fe2c6e458c230f491769c34,7400006,Mankey,0.233333334,source,LeftRingDistal,-0.225803211,1.27805436,0.109136276,-0.358038485,0.9023471,0.127563745,0.203239441
7934f1476fe2c6e458c230f491769c34,7400006,Mankey,0.233333334,source,LeftLittleProximal,-0.244917154,1.2270149,0.09870731,-0.54286164,0.795838237,0.138744339,0.229549229
7934f1476fe2c6e458c230f491769c34,7400006,Mankey,0.233333334,source,LeftLittleIntermediate,-0.236540362,1.24898124,0.11286936,-0.4699319,0.8435191,0.130628824,0.2248912
7934f1476fe2c6e458c230f491769c34,7400006,Mankey,0.233333334,source,LeftLittleDistal,-0.227855086,1.26292622,0.122409411,-0.382502139,0.8889523,0.12453039,0.218971789
7934f1476fe2c6e458c230f491769c34,7400006,Mankey,0.233333334,source,RightThumbProximal,-0.0379117541,1.187387,0.5580351,-0.056607347,0.6819186,0.71801883,-0.127405837
7934f1476fe2c6e458c230f491769c34,7400006,Mankey,0.233333334,source,RightThumbIntermediate,-0.0807879344,1.17578089,0.5621606,-0.128029272,-0.6320051,-0.6882988,0.3323004
7934f1476fe2c6e458c230f491769c34,7400006,Mankey,0.233333334,source,RightThumbDistal,-0.103171527,1.16691566,0.580043137,0.547127545,0.298296422,0.252836555,-0.7400981
7934f1476fe2c6e458c230f491769c34,7400006,Mankey,0.233333334,source,RightIndexProximal,-0.0921443,1.20331633,0.594236434,-0.144361585,0.21664384,-0.7896507,0.5555875
7934f1476fe2c6e458c230f491769c34,7400006,Mankey,0.233333334,source,RightIndexIntermediate,-0.1026597,1.17433357,0.5938444,-0.0519782081,-0.246142209,0.154141158,-0.955486059
7934f1476fe2c6e458c230f491769c34,7400006,Mankey,0.233333334,source,RightIndexDistal,-0.08415539,1.16834974,0.5830189,0.219721466,0.120996863,0.594696641,0.763818741
7934f1476fe2c6e458c230f491769c34,7400006,Mankey,0.233333334,source,RightMiddleProximal,-0.08175766,1.19726992,0.6120001,-0.09231795,0.267258,-0.7572063,0.5888037
7934f1476fe2c6e458c230f491769c34,7400006,Mankey,0.233333334,source,RightMiddleIntermediate,-0.0912716,1.16636479,0.6062566,-0.135824144,-0.230247781,0.07431182,-0.9607372
7934f1476fe2c6e458c230f491769c34,7400006,Mankey,0.233333334,source,RightMiddleDistal,-0.0719488859,1.16461253,0.596135259,0.274869353,0.03216471,0.678870559,0.680108547
7934f1476fe2c6e458c230f491769c34,7400006,Mankey,0.233333334,source,RightRingProximal,-0.07235866,1.19179153,0.6259538,-0.06914188,0.3433925,-0.693153739,0.629951835
7934f1476fe2c6e458c230f491769c34,7400006,Mankey,0.233333334,source,RightRingIntermediate,-0.0785203353,1.162952,0.615404546,-0.219779611,-0.25680846,-0.0145887258,-0.9410283
7934f1476fe2c6e458c230f491769c34,7400006,Mankey,0.233333334,source,RightRingDistal,-0.06187101,1.16564262,0.6062516,0.35621354,-0.01815176,0.728928268,0.5843345
7934f1476fe2c6e458c230f491769c34,7400006,Mankey,0.233333334,source,RightLittleProximal,-0.06069471,1.1822176,0.636277556,0.006011976,0.382380128,-0.749964356,0.539725542
7934f1476fe2c6e458c230f491769c34,7400006,Mankey,0.233333334,source,RightLittleIntermediate,-0.07215026,1.16012776,0.6247036,-0.276083469,-0.249327108,0.183346286,-0.9099445
7934f1476fe2c6e458c230f491769c34,7400006,Mankey,0.233333334,source,RightLittleDistal,-0.0567844957,1.15640676,0.6141598,0.389091641,-0.0621641763,0.5614387,0.7276886
7934f1476fe2c6e458c230f491769c34,7400006,Mankey,0.233333334,fighter,AnimatorRoot,0,0,0,0,0,0,1
7934f1476fe2c6e458c230f491769c34,7400006,Mankey,0.233333334,fighter,Hips,-0.0294230282,0.742542446,0.01086439,0.552179635,-0.6070771,-0.4016976,0.406440884
7934f1476fe2c6e458c230f491769c34,7400006,Mankey,0.233333334,fighter,LeftUpperLeg,-0.14305754,0.7472554,-0.0312001333,0.2532253,0.5349926,0.377900779,0.7119348
7934f1476fe2c6e458c230f491769c34,7400006,Mankey,0.233333334,fighter,RightUpperLeg,0.0842114761,0.737829447,0.0529288948,0.493899584,0.360214382,0.659603357,0.4373013
7934f1476fe2c6e458c230f491769c34,7400006,Mankey,0.233333334,fighter,LeftLowerLeg,-0.195002154,0.45119378,0.17752485,0.5044639,0.5875514,0.467124045,0.426725924
7934f1476fe2c6e458c230f491769c34,7400006,Mankey,0.233333334,fighter,RightLowerLeg,0.131660268,0.3965079,-0.07021703,0.6015506,0.177992731,0.73648,0.253087
7934f1476fe2c6e458c230f491769c34,7400006,Mankey,0.233333334,fighter,LeftFoot,-0.150004521,0.09946931,0.188221544,0.03010419,0.863775849,-0.0120155513,0.502833247
7934f1476fe2c6e458c230f491769c34,7400006,Mankey,0.233333334,fighter,RightFoot,0.18422316,0.188293189,-0.352587134,0.334877163,0.59458214,0.252023965,0.6861587
7934f1476fe2c6e458c230f491769c34,7400006,Mankey,0.233333334,fighter,Spine,-0.0254932083,0.78780055,0.00531905936,0.519077659,-0.644987166,-0.421493948,0.369990468
7934f1476fe2c6e458c230f491769c34,7400006,Mankey,0.233333334,fighter,Chest,0.0145730525,1.02381158,0.008054978,0.760225058,-0.581941843,-0.239225775,0.161780268
7934f1476fe2c6e458c230f491769c34,7400006,Mankey,0.233333334,fighter,Neck,-0.0252971444,1.30180049,0.0452980064,0.7115869,-0.571816,-0.3136951,0.261278421
7934f1476fe2c6e458c230f491769c34,7400006,Mankey,0.233333334,fighter,Head,-0.0475014038,1.44726408,0.067263186,0.6856383,-0.4820459,-0.417401,0.351153016
7934f1476fe2c6e458c230f491769c34,7400006,Mankey,0.233333334,fighter,LeftShoulder,-0.122291267,1.24985123,0.07145196,0.6669984,-0.494343966,0.3093703,0.463710666
7934f1476fe2c6e458c230f491769c34,7400006,Mankey,0.233333334,fighter,RightShoulder,-0.0890971,1.24789977,0.12155357,0.352311581,-0.657592833,-0.65011394,-0.144222826
7934f1476fe2c6e458c230f491769c34,7400006,Mankey,0.233333334,fighter,LeftUpperArm,-0.190174133,1.32892132,-0.113451205,0.506575465,0.126373619,0.438373148,0.731601357
7934f1476fe2c6e458c230f491769c34,7400006,Mankey,0.233333334,fighter,RightUpperArm,0.0616314933,1.306445,0.259040773,-0.3528184,0.6034025,0.6158668,0.363500923
7934f1476fe2c6e458c230f491769c34,7400006,Mankey,0.233333334,fighter,LeftLowerArm,-0.3546936,1.1120497,-0.186513409,0.109204486,0.7502077,-0.383196175,0.527659
7934f1476fe2c6e458c230f491769c34,7400006,Mankey,0.233333334,fighter,RightLowerArm,0.19882755,1.30025768,0.505165,-0.5043848,-0.0204526484,0.2706033,0.8197267
7934f1476fe2c6e458c230f491769c34,7400006,Mankey,0.233333334,fighter,LeftHand,-0.2471298,1.17375636,0.0380535051,0.6254877,-0.6684371,-0.174560919,-0.362610459
7934f1476fe2c6e458c230f491769c34,7400006,Mankey,0.233333334,fighter,RightHand,-0.0199181978,1.181157,0.5665903,0.09122027,0.476102978,-0.114148647,0.8671652
7934f1476fe2c6e458c230f491769c34,7400006,Mankey,0.233333334,fighter,LeftToes,-0.00762645341,0.113239743,0.429905921,0.133671165,0.8248567,0.0572643,0.546319246
7934f1476fe2c6e458c230f491769c34,7400006,Mankey,0.233333334,fighter,RightToes,0.135715291,-0.00293840165,-0.152712986,0.27721253,0.662768066,0.189865649,0.669210553
7934f1476fe2c6e458c230f491769c34,7400006,Mankey,0.233333334,fighter,LeftEye,-0.255686641,1.50378907,0.2005106,0.592273355,-0.188540682,-0.372056067,-0.689376
7934f1476fe2c6e458c230f491769c34,7400006,Mankey,0.233333334,fighter,RightEye,-0.0164157711,1.52456927,0.3068803,0.4838814,-0.387653232,-0.5990287,-0.506703734
7934f1476fe2c6e458c230f491769c34,7400006,Mankey,0.233333334,fighter,Jaw,-0.09853652,1.30498266,0.209866673,0.825316131,0.146018386,-0.5433315,-0.04819834
7934f1476fe2c6e458c230f491769c34,7400006,Mankey,0.233333334,fighter,LeftThumbProximal,-0.225754321,1.24354184,0.046160046,0.5744258,-0.8161695,0.003254801,-0.062393
7934f1476fe2c6e458c230f491769c34,7400006,Mankey,0.233333334,fighter,LeftThumbIntermediate,-0.210831,1.28567123,0.0505661778,0.571209431,-0.8034767,-0.0601791963,-0.1566037
7934f1476fe2c6e458c230f491769c34,7400006,Mankey,0.233333334,fighter,LeftThumbDistal,-0.199264184,1.32052171,0.06298617,0.560501337,-0.7721809,-0.134970978,-0.267130822
7934f1476fe2c6e458c230f491769c34,7400006,Mankey,0.233333334,fighter,LeftMiddleProximal,-0.2391714,1.29712,0.0905116946,0.5617989,-0.7506848,-0.199937031,-0.28439486
7934f1476fe2c6e458c230f491769c34,7400006,Mankey,0.233333334,fighter,LeftMiddleIntermediate,-0.2266166,1.34137869,0.130032733,0.494146466,-0.78310436,-0.287873626,-0.2443295
7934f1476fe2c6e458c230f491769c34,7400006,Mankey,0.233333334,fighter,LeftMiddleDistal,-0.205694079,1.37515724,0.165619954,0.4324106,-0.8006171,-0.363138855,-0.2004116
7934f1476fe2c6e458c230f491769c34,7400006,Mankey,0.233333334,fighter,LeftRingProximal,-0.248301536,1.27080858,0.138146073,0.5041596,-0.775863,-0.215834975,-0.31189087
7934f1476fe2c6e458c230f491769c34,7400006,Mankey,0.233333334,fighter,LeftRingIntermediate,-0.232454523,1.30535614,0.175569355,0.4399298,-0.8094147,-0.264204264,-0.285493761
7934f1476fe2c6e458c230f491769c34,7400006,Mankey,0.233333334,fighter,LeftRingDistal,-0.207843944,1.33606064,0.21356605,0.387948334,-0.830251336,-0.304380685,-0.259868771
7934f1476fe2c6e458c230f491769c34,7400006,Mankey,0.233333334,fighter,LeftLittleProximal,-0.2599052,1.221169,0.170124635,0.5104005,-0.7649483,-0.224715188,-0.322257251
7934f1476fe2c6e458c230f491769c34,7400006,Mankey,0.233333334,fighter,LeftLittleIntermediate,-0.24543488,1.25509489,0.208657965,0.4556703,-0.7934104,-0.283004373,-0.2877047
7934f1476fe2c6e458c230f491769c34,7400006,Mankey,0.233333334,fighter,LeftLittleDistal,-0.222243726,1.28608918,0.24818477,0.395661116,-0.817487836,-0.322846979,-0.266339
7934f1476fe2c6e458c230f491769c34,7400006,Mankey,0.233333334,fighter,RightThumbProximal,-0.09017679,1.18908775,0.5864255,-0.196072444,-0.213500664,-0.208263934,-0.9341302
7934f1476fe2c6e458c230f491769c34,7400006,Mankey,0.233333334,fighter,RightThumbIntermediate,-0.127097324,1.16785336,0.6006713,0.10928224,0.464731753,0.201708108,0.85521704
7934f1476fe2c6e458c230f491769c34,7400006,Mankey,0.233333334,fighter,RightThumbDistal,-0.145962536,1.15054238,0.629775047,0.09123516,-0.9402945,-0.1710729,-0.279744267
7934f1476fe2c6e458c230f491769c34,7400006,Mankey,0.233333334,fighter,RightMiddleProximal,-0.125848353,1.20875788,0.6443764,-0.262463778,-0.151782036,-0.6531607,-0.6938705
7934f1476fe2c6e458c230f491769c34,7400006,Mankey,0.233333334,fighter,RightMiddleIntermediate,-0.131954789,1.148952,0.636357,0.361861885,-0.05055032,0.92988956,-0.04250163
7934f1476fe2c6e458c230f491769c34,7400006,Mankey,0.233333334,fighter,RightMiddleDistal,-0.09277646,1.15511942,0.600688934,-0.216223449,0.247608483,-0.602128148,0.7275847
7934f1476fe2c6e458c230f491769c34,7400006,Mankey,0.233333334,fighter,RightRingProximal,-0.09301118,1.19080949,0.684926152,-0.377589673,-0.155643612,-0.668391,-0.6216548
7934f1476fe2c6e458c230f491769c34,7400006,Mankey,0.233333334,fighter,RightRingIntermediate,-0.09610783,1.14021313,0.6683245,0.3914861,-0.146920592,0.9007957,-0.117132604
7934f1476fe2c6e458c230f491769c34,7400006,Mankey,0.233333334,fighter,RightRingDistal,-0.05967466,1.158049,0.631626546,-0.127335221,0.3702647,-0.5260366,0.7549676
7934f1476fe2c6e458c230f491769c34,7400006,Mankey,0.233333334,fighter,RightLittleProximal,-0.04035379,1.17026627,0.7055791,-0.387951016,-0.08112836,-0.5802733,-0.7114744
7934f1476fe2c6e458c230f491769c34,7400006,Mankey,0.233333334,fighter,RightLittleIntermediate,-0.0570707358,1.12286568,0.687721133,0.3999107,-0.15495196,0.9000019,0.07783455
7934f1476fe2c6e458c230f491769c34,7400006,Mankey,0.233333334,fighter,RightLittleDistal,-0.0201117732,1.12197113,0.646561146,-0.0981562,0.382283747,-0.6823579,0.6153149
7934f1476fe2c6e458c230f491769c34,7400006,Mankey,0.233333334,fighter,UpperChest,-0.0102981813,1.13874054,0.0290095285,0.7233087,-0.62723434,-0.228910968,0.176072508
7934f1476fe2c6e458c230f491769c34,7400006,Mankey,0.25,source,AnimatorRoot,0,0,0,0,0,1.08491887E-15,1
7934f1476fe2c6e458c230f491769c34,7400006,Mankey,0.25,source,Hips,-0.0304239113,0.747634232,0.0141913006,-0.0128784515,-0.174681261,-0.009966738,0.984490335
7934f1476fe2c6e458c230f491769c34,7400006,Mankey,0.25,source,LeftUpperLeg,-0.1245462,0.749150753,-0.0203185473,-0.714964867,-0.389596939,0.529777944,0.237434089
7934f1476fe2c6e458c230f491769c34,7400006,Mankey,0.25,source,RightUpperLeg,0.0636986047,0.746117949,0.0487012081,0.658112645,-0.437456429,-0.4903085,0.367582828
7934f1476fe2c6e458c230f491769c34,7400006,Mankey,0.25,source,LeftLowerLeg,-0.174903736,0.4477226,0.193092227,-0.454071254,-0.492759317,0.542217,0.50696
7934f1476fe2c6e458c230f491769c34,7400006,Mankey,0.25,source,RightLowerLeg,0.114562854,0.397135764,-0.07197621,0.7483964,-0.2341898,-0.5847285,0.20772709
7934f1476fe2c6e458c230f491769c34,7400006,Mankey,0.25,source,LeftFoot,-0.149286732,0.100722142,0.190584108,0.554159343,0.118960537,-0.7985116,-0.202818081
7934f1476fe2c6e458c230f491769c34,7400006,Mankey,0.25,source,RightFoot,0.186413422,0.190638542,-0.342657417,0.494165242,-0.6252362,-0.3551402,0.4886264
7934f1476fe2c6e458c230f491769c34,7400006,Mankey,0.25,source,Spine,-0.0280596521,0.8455878,0.0120473923,-0.0011299554,-0.1848357,-0.06594189,0.980554
7934f1476fe2c6e458c230f491769c34,7400006,Mankey,0.25,source,Chest,-0.00601386046,1.023306,0.01910805,0.09289828,-0.452285826,0.0626392141,0.8848072
7934f1476fe2c6e458c230f491769c34,7400006,Mankey,0.25,source,Neck,-0.0464549549,1.220827,0.0416225865,0.243839279,-0.361933529,0.225185722,0.871113
7934f1476fe2c6e458c230f491769c34,7400006,Mankey,0.25,source,Head,-0.09587391,1.28856289,0.06436886,0.142185241,-0.182197168,0.07098741,0.970334232
7934f1476fe2c6e458c230f491769c34,7400006,Mankey,0.25,source,LeftShoulder,-0.05611801,1.17733335,0.013484763,0.08954815,-0.4147457,0.06237306,0.903369844
7934f1476fe2c6e458c230f491769c34,7400006,Mankey,0.25,source,RightShoulder,-0.0215476211,1.17892718,0.06163454,0.8777398,0.02023317,0.4650789,-0.113425612
7934f1476fe2c6e458c230f491769c34,7400006,Mankey,0.25,source,LeftUpperArm,-0.148162618,1.17187881,-0.09450901,-0.234837249,-0.09193605,0.484542668,0.8376264
7934f1476fe2c6e458c230f491769c34,7400006,Mankey,0.25,source,RightUpperArm,0.05891058,1.16898263,0.17822127,0.8434996,-0.0896929,0.528544068,-0.0332416967
7934f1476fe2c6e458c230f491769c34,7400006,Mankey,0.25,source,LeftLowerArm,-0.2645141,0.978181,-0.07784214,-0.6112035,0.7224739,0.07677376,0.313955516
7934f1476fe2c6e458c230f491769c34,7400006,Mankey,0.25,source,RightLowerArm,0.155246392,1.126743,0.378892273,0.358647853,-0.174506441,0.904449463,0.151295975
7934f1476fe2c6e458c230f491769c34,7400006,Mankey,0.25,source,LeftHand,-0.2513419,1.17554367,0.0515734032,-0.6048938,0.7644301,0.125185251,0.184605777
7934f1476fe2c6e458c230f491769c34,7400006,Mankey,0.25,source,RightHand,-0.009500786,1.16184342,0.544725239,0.234507784,-0.17826961,0.946408153,0.132432014
7934f1476fe2c6e458c230f491769c34,7400006,Mankey,0.25,source,LeftToes,-0.103835136,0.0324797779,0.315875649,0.5668885,-0.004086672,-0.8231605,-0.03205654
7934f1476fe2c6e458c230f491769c34,7400006,Mankey,0.25,source,RightToes,0.181309223,0.0461427644,-0.303723216,0.349745274,-0.7036052,0.006732883,0.61852473
7934f1476fe2c6e458c230f491769c34,7400006,Mankey,0.25,source,LeftThumbProximal,-0.246958181,1.191861,0.03931349,-0.455234438,0.4921533,-0.6192063,0.408816546
7934f1476fe2c6e458c230f491769c34,7400006,Mankey,0.25,source,LeftThumbIntermediate,-0.235749289,1.234436,0.0321147665,-0.409029156,0.578364253,-0.5428545,0.451109439
7934f1476fe2c6e458c230f491769c34,7400006,Mankey,0.25,source,LeftThumbDistal,-0.22800006,1.26331437,0.03444577,-0.317231983,0.6709932,-0.418165147,0.5237086
7934f1476fe2c6e458c230f491769c34,7400006,Mankey,0.25,source,LeftIndexProximal,-0.243246466,1.25489008,0.0620939955,-0.574302733,0.7922907,0.09649589,0.182046279
7934f1476fe2c6e458c230f491769c34,7400006,Mankey,0.25,source,LeftIndexIntermediate,-0.23479566,1.281867,0.07440612,-0.461193323,0.863237143,0.114874482,0.170079082
7934f1476fe2c6e458c230f491769c34,7400006,Mankey,0.25,source,LeftIndexDistal,-0.223295242,1.29871786,0.08329923,-0.3241615,0.9238469,0.133927181,0.153265253
7934f1476fe2c6e458c230f491769c34,7400006,Mankey,0.25,source,LeftMiddleProximal,-0.246117339,1.247583,0.0820525,-0.5706588,0.7909415,0.108275622,0.192450643
7934f1476fe2c6e458c230f491769c34,7400006,Mankey,0.25,source,LeftMiddleIntermediate,-0.2370976,1.27586281,0.0961099342,-0.4637333,0.858816,0.117843725,0.1830301
7934f1476fe2c6e458c230f491769c34,7400006,Mankey,0.25,source,LeftMiddleDistal,-0.226094022,1.29234672,0.105379783,-0.3208208,0.9228668,0.131140128,0.167909026
7934f1476fe2c6e458c230f491769c34,7400006,Mankey,0.25,source,LeftRingProximal,-0.248299748,1.24045384,0.0980980545,-0.520225942,0.818822443,0.1434754,0.195730686
7934f1476fe2c6e458c230f491769c34,7400006,Mankey,0.25,source,LeftRingIntermediate,-0.236332163,1.26537728,0.1128125,-0.424882919,0.8745997,0.1424747,0.185071751
7934f1476fe2c6e458c230f491769c34,7400006,Mankey,0.25,source,LeftRingDistal,-0.22538422,1.27862871,0.121349111,-0.301749945,0.9268849,0.14421238,0.170396119
7934f1476fe2c6e458c230f491769c34,7400006,Mankey,0.25,source,LeftLittleProximal,-0.247242466,1.228791,0.112138785,-0.5261436,0.8106197,0.1543434,0.205541939
7934f1476fe2c6e458c230f491769c34,7400006,Mankey,0.25,source,LeftLittleIntermediate,-0.237311348,1.25046062,0.125742033,-0.4362711,0.865651,0.147699311,0.1962186
7934f1476fe2c6e458c230f491769c34,7400006,Mankey,0.25,source,LeftLittleDistal,-0.227008283,1.26370883,0.134643987,-0.331297576,0.9142609,0.141768873,0.185125113
7934f1476fe2c6e458c230f491769c34,7400006,Mankey,0.25,source,RightThumbProximal,-0.0252492931,1.17084432,0.5343937,-0.0506097339,0.679820955,0.730887532,-0.0329530165
7934f1476fe2c6e458c230f491769c34,7400006,Mankey,0.25,source,RightThumbIntermediate,-0.06953421,1.16562545,0.5330925,-0.1282303,-0.629129946,-0.726519763,0.244789422
7934f1476fe2c6e458c230f491769c34,7400006,Mankey,0.25,source,RightThumbDistal,-0.09494385,1.15979743,0.5479176,0.540589154,0.296746582,0.342800766,-0.708656
7934f1476fe2c6e458c230f491769c34,7400006,Mankey,0.25,source,RightIndexProximal,-0.08055635,1.19386113,0.5646724,-0.0728625953,0.205153823,-0.832156241,0.5100192
7934f1476fe2c6e458c230f491769c34,7400006,Mankey,0.25,source,RightIndexIntermediate,-0.0950238556,1.16676772,0.561959445,-0.09312833,-0.1870175,0.21686773,-0.953583062
7934f1476fe2c6e458c230f491769c34,7400006,Mankey,0.25,source,RightIndexDistal,-0.07641525,1.15833986,0.553122461,0.203806192,0.05032402,0.5506811,0.8078871
7934f1476fe2c6e458c230f491769c34,7400006,Mankey,0.25,source,RightMiddleProximal,-0.07335671,1.18597436,0.583272159,-0.0187637452,0.249270022,-0.7984704,0.547684252
7934f1476fe2c6e458c230f491769c34,7400006,Mankey,0.25,source,RightMiddleIntermediate,-0.08647684,1.156944,0.5752898,-0.170784086,-0.1635416,0.133068711,-0.9624864
7934f1476fe2c6e458c230f491769c34,7400006,Mankey,0.25,source,RightMiddleDistal,-0.0665374845,1.15256429,0.5674081,0.24596,-0.03845568,0.642557,0.7246697
7934f1476fe2c6e458c230f491769c34,7400006,Mankey,0.25,source,RightRingProximal,-0.06658831,1.17887533,0.5979978,0.00672271941,0.319971025,-0.735230148,0.5975035
7934f1476fe2c6e458c230f491769c34,7400006,Mankey,0.25,source,RightRingIntermediate,-0.07554154,1.1514914,0.585711658,-0.250759125,-0.183659971,0.0377695151,-0.9497173
7934f1476fe2c6e458c230f491769c34,7400006,Mankey,0.25,source,RightRingDistal,-0.0577023663,1.15188015,0.5786526,0.3188558,-0.08959859,0.7034791,0.628825
7934f1476fe2c6e458c230f491769c34,7400006,Mankey,0.25,source,RightLittleProximal,-0.05775183,1.16746736,0.60922575,0.0864130855,0.3594395,-0.7801345,0.5047047
7934f1476fe2c6e458c230f491769c34,7400006,Mankey,0.25,source,RightLittleIntermediate,-0.07080711,1.14756227,0.595569253,-0.317494,-0.176857829,0.229302019,-0.9029618
7934f1476fe2c6e458c230f491769c34,7400006,Mankey,0.25,source,RightLittleDistal,-0.0549881831,1.14183021,0.5867359,0.360382766,-0.141808033,0.5275165,0.7561361
7934f1476fe2c6e458c230f491769c34,7400006,Mankey,0.25,fighter,AnimatorRoot,0,0,0,0,0,0,1
7934f1476fe2c6e458c230f491769c34,7400006,Mankey,0.25,fighter,Hips,-0.03042391,0.7476342,0.0141912987,0.5450136,-0.602014244,-0.405552864,0.419602
7934f1476fe2c6e458c230f491769c34,7400006,Mankey,0.25,fighter,LeftUpperLeg,-0.145292372,0.7513835,-0.024481779,0.2612601,0.5398073,0.3789873,0.7047835
7934f1476fe2c6e458c230f491769c34,7400006,Mankey,0.25,fighter,RightUpperLeg,0.08444456,0.743884861,0.0528643578,0.492737859,0.3799167,0.6507354,0.435219884
7934f1476fe2c6e458c230f491769c34,7400006,Mankey,0.25,fighter,LeftLowerLeg,-0.19284749,0.45267266,0.181496561,0.5086992,0.5877105,0.464749724,0.424062639
7934f1476fe2c6e458c230f491769c34,7400006,Mankey,0.25,fighter,RightLowerLeg,0.134061441,0.399593681,-0.0607955232,0.6028497,0.183009654,0.7350471,0.2505704
7934f1476fe2c6e458c230f491769c34,7400006,Mankey,0.25,fighter,LeftFoot,-0.149286732,0.100722179,0.190584183,0.036107555,0.8642466,-0.00307762623,0.5017615
7934f1476fe2c6e458c230f491769c34,7400006,Mankey,0.25,fighter,RightFoot,0.186413422,0.190638542,-0.342657566,0.337674141,0.5878706,0.2652468,0.685586452
7934f1476fe2c6e458c230f491769c34,7400006,Mankey,0.25,fighter,Spine,-0.0268665887,0.7928404,0.00800795853,0.5115451,-0.640357852,-0.421600074,0.387964964
7934f1476fe2c6e458c230f491769c34,7400006,Mankey,0.25,fighter,Chest,0.01078892,1.02924049,0.004687296,0.756389141,-0.5751885,-0.254887223,0.179071158
7934f1476fe2c6e458c230f491769c34,7400006,Mankey,0.25,fighter,Neck,-0.0297934264,1.30709386,0.0421720445,0.708373547,-0.56184274,-0.327368051,0.274535954
7934f1476fe2c6e458c230f491769c34,7400006,Mankey,0.25,fighter,Head,-0.0527538545,1.452263,0.06527827,0.6831797,-0.469202369,-0.429918,0.3581701
7934f1476fe2c6e458c230f491769c34,7400006,Mankey,0.25,fighter,LeftShoulder,-0.124943413,1.25445259,0.07325238,0.677812457,-0.472063,0.29465583,0.480525851
7934f1476fe2c6e458c230f491769c34,7400006,Mankey,0.25,fighter,RightShoulder,-0.08937029,1.25311029,0.121714547,0.31428656,-0.660019457,-0.667845,-0.139934167
7934f1476fe2c6e458c230f491769c34,7400006,Mankey,0.25,fighter,LeftUpperArm,-0.205739632,1.33017433,-0.107820839,0.510567665,0.161862776,0.435568,0.7234653
7934f1476fe2c6e458c230f491769c34,7400006,Mankey,0.25,fighter,RightUpperArm,0.07263546,1.301495,0.250020474,-0.294146776,0.6038556,0.6289131,0.39154157
7934f1476fe2c6e458c230f491769c34,7400006,Mankey,0.25,fighter,LeftLowerArm,-0.3658748,1.10595882,-0.167168811,0.0841235,0.758763134,-0.384073526,0.5193167
7934f1476fe2c6e458c230f491769c34,7400006,Mankey,0.25,fighter,RightLowerArm,0.219294086,1.26281238,0.487576753,-0.477691263,0.000379061268,0.232503861,0.847203
7934f1476fe2c6e458c230f491769c34,7400006,Mankey,0.25,fighter,LeftHand,-0.251342118,1.17554379,0.05157339,0.6246617,-0.6726328,-0.188226283,-0.349190533
7934f1476fe2c6e458c230f491769c34,7400006,Mankey,0.25,fighter,RightHand,-0.0095006125,1.16184342,0.54472506,0.14540039,0.417673051,-0.164834857,0.881610632
7934f1476fe2c6e458c230f491769c34,7400006,Mankey,0.25,fighter,LeftToes,-0.0064965277,0.109086357,0.432272732,0.1307261,0.8261013,0.0608212352,0.5447642
7934f1476fe2c6e458c230f491769c34,7400006,Mankey,0.25,fighter,RightToes,0.136811391,-0.00571516762,-0.148088574,0.291490525,0.650859535,0.218247473,0.6661707
7934f1476fe2c6e458c230f491769c34,7400006,Mankey,0.25,fighter,LeftEye,-0.2568076,1.50468075,0.206364959,0.582867563,-0.194796771,-0.387672573,-0.6870446
7934f1476fe2c6e458c230f491769c34,7400006,Mankey,0.25,fighter,RightEye,-0.0142231323,1.52725685,0.304548144,0.472794235,-0.390043616,-0.612720132,-0.498905033
7934f1476fe2c6e458c230f491769c34,7400006,Mankey,0.25,fighter,Jaw,-0.09703077,1.307763,0.207909346,0.814477444,0.153334647,-0.5571343,-0.0521217138
7934f1476fe2c6e458c230f491769c34,7400006,Mankey,0.25,fighter,LeftThumbProximal,-0.23024632,1.24549949,0.0589080453,0.5720707,-0.8185675,-0.0130940378,-0.05011454
7934f1476fe2c6e458c230f491769c34,7400006,Mankey,0.25,fighter,LeftThumbIntermediate,-0.2149564,1.287502,0.0632656,0.5674047,-0.8059194,-0.0792964846,-0.149192289
7934f1476fe2c6e458c230f491769c34,7400006,Mankey,0.25,fighter,LeftThumbDistal,-0.202878177,1.3220365,0.0760753,0.5521896,-0.7690313,-0.1648325,-0.276600659
7934f1476fe2c6e458c230f491769c34,7400006,Mankey,0.25,fighter,LeftMiddleProximal,-0.242392614,1.29894471,0.1037831,0.5420983,-0.7661104,-0.215641081,-0.2696362
7934f1476fe2c6e458c230f491769c34,7400006,Mankey,0.25,fighter,LeftMiddleIntermediate,-0.226208046,1.34226823,0.143019542,0.453276157,-0.8038333,-0.310284555,-0.22829093
7934f1476fe2c6e458c230f491769c34,7400006,Mankey,0.25,fighter,LeftMiddleDistal,-0.2003461,1.37358165,0.177600339,0.370629668,-0.8246334,-0.3887517,-0.177442729
7934f1476fe2c6e458c230f491769c34,7400006,Mankey,0.25,fighter,LeftRingProximal,-0.249471813,1.27253711,0.151712149,0.4838109,-0.791808963,-0.23220776,-0.2916254
7934f1476fe2c6e458c230f491769c34,7400006,Mankey,0.25,fighter,LeftRingIntermediate,-0.23017545,1.30618072,0.188330665,0.399656832,-0.830701351,-0.2859805,-0.261582762
7934f1476fe2c6e458c230f491769c34,7400006,Mankey,0.25,fighter,LeftRingDistal,-0.200434566,1.33431768,0.224607348,0.328222454,-0.8547511,-0.3299451,-0.229796946
7934f1476fe2c6e458c230f491769c34,7400006,Mankey,0.25,fighter,LeftLittleProximal,-0.259431273,1.22278893,0.18407394,0.49047035,-0.781374335,-0.241155118,-0.301227033
7934f1476fe2c6e458c230f491769c34,7400006,Mankey,0.25,fighter,LeftLittleIntermediate,-0.241434157,1.25592375,0.2218013,0.4173344,-0.8143597,-0.305360377,-0.263449937
7934f1476fe2c6e458c230f491769c34,7400006,Mankey,0.25,fighter,LeftLittleDistal,-0.2130607,1.28462791,0.25964132,0.339450449,-0.841224432,-0.348114371,-0.236499265
7934f1476fe2c6e458c230f491769c34,7400006,Mankey,0.25,fighter,RightThumbProximal,-0.07974249,1.17966461,0.5566019,-0.215014055,-0.142865375,-0.164388,-0.952016354
7934f1476fe2c6e458c230f491769c34,7400006,Mankey,0.25,fighter,RightThumbIntermediate,-0.120392837,1.16284847,0.5656437,0.145069018,0.403349876,0.167782038,0.8877576
7934f1476fe2c6e458c230f491769c34,7400006,Mankey,0.25,fighter,RightThumbDistal,-0.144360676,1.14676464,0.5915173,0.0385831,-0.92234993,-0.171049282,-0.344273746
7934f1476fe2c6e458c230f491769c34,7400006,Mankey,0.25,fighter,RightMiddleProximal,-0.118885048,1.2031796,0.610755444,-0.2482842,-0.0714916438,-0.62431,-0.7372116
7934f1476fe2c6e458c230f491769c34,7400006,Mankey,0.25,fighter,RightMiddleIntermediate,-0.13163659,1.14519906,0.5983465,0.306861758,-0.09738704,0.946745157,0.005051911
7934f1476fe2c6e458c230f491769c34,7400006,Mankey,0.25,fighter,RightMiddleDistal,-0.0883446038,1.14787662,0.567301333,-0.14730157,0.238934979,-0.651375532,0.704927146
7934f1476fe2c6e458c230f491769c34,7400006,Mankey,0.25,fighter,RightRingProximal,-0.09408386,1.1797266,0.6541094,-0.361261129,-0.07097016,-0.6503693,-0.6644348
7934f1476fe2c6e458c230f491769c34,7400006,Mankey,0.25,fighter,RightRingIntermediate,-0.101762868,1.13089168,0.6340749,0.329334766,-0.190105185,0.921641,-0.0773111
7934f1476fe2c6e458c230f491769c34,7400006,Mankey,0.25,fighter,RightRingDistal,-0.0595815,1.14553642,0.6024763,-0.0542277247,0.351312578,-0.569167137,0.741409242
7934f1476fe2c6e458c230f491769c34,7400006,Mankey,0.25,fighter,RightLittleProximal,-0.0478048176,1.15119183,0.6799042,-0.370873034,0.006655082,-0.5542502,-0.7451279
7934f1476fe2c6e458c230f491769c34,7400006,Mankey,0.25,fighter,RightLittleIntermediate,-0.06836886,1.1073972,0.6574463,0.3428666,-0.211110651,0.9078504,0.116972655
7934f1476fe2c6e458c230f491769c34,7400006,Mankey,0.25,fighter,RightLittleDistal,-0.0275650732,1.103656,0.620271564,-0.018559441,0.3746935,-0.714189053,0.590926945
7934f1476fe2c6e458c230f491769c34,7400006,Mankey,0.25,fighter,UpperChest,-0.0141004836,1.14407384,0.0261376444,0.7198919,-0.6202595,-0.243488476,0.19428663
7934f1476fe2c6e458c230f491769c34,7400006,Mankey,0.266666681,source,AnimatorRoot,0,0,0,0,0,1.1572468E-15,1
7934f1476fe2c6e458c230f491769c34,7400006,Mankey,0.266666681,source,Hips,-0.0322942734,0.752969742,0.0162507482,-0.01901142,-0.1513197,-0.00745348539,0.9882739
7934f1476fe2c6e458c230f491769c34,7400006,Mankey,0.266666681,source,LeftUpperLeg,-0.127952486,0.7538699,-0.0137647362,-0.7042333,-0.387305081,0.539634764,0.250688136
7934f1476fe2c6e458c230f491769c34,7400006,Mankey,0.266666681,source,RightUpperLeg,0.0633641556,0.7520697,0.0462662764,0.6458221,-0.433749676,-0.49145177,0.3914719
7934f1476fe2c6e458c230f491769c34,7400006,Mankey,0.266666681,source,LeftLowerLeg,-0.171779141,0.449685216,0.197161317,-0.45041433,-0.486307919,0.544554353,0.513898969
7934f1476fe2c6e458c230f491769c34,7400006,Mankey,0.266666681,source,RightLowerLeg,0.115799136,0.399814725,-0.06376024,0.7400387,-0.22664021,-0.5918292,0.22520034
7934f1476fe2c6e458c230f491769c34,7400006,Mankey,0.266666681,source,LeftFoot,-0.14879,0.102506727,0.193933636,0.549573,0.127309278,-0.798562944,-0.209903151
7934f1476fe2c6e458c230f491769c34,7400006,Mankey,0.266666681,source,RightFoot,0.184257,0.190344632,-0.333032846,0.499869317,-0.6082958,-0.351626933,0.5064242
7934f1476fe2c6e458c230f491769c34,7400006,Mankey,0.266666681,source,Spine,-0.03028654,0.8508936,0.0127890715,-0.00875836,-0.160975292,-0.0594379827,0.985128164
7934f1476fe2c6e458c230f491769c34,7400006,Mankey,0.266666681,source,Chest,-0.009845169,1.02890956,0.01626983,0.09575822,-0.42454055,0.0616482422,0.8982179
7934f1476fe2c6e458c230f491769c34,7400006,Mankey,0.266666681,source,Neck,-0.0496692844,1.22625768,0.041262608,0.2594974,-0.3348892,0.219956353,0.8787091
7934f1476fe2c6e458c230f491769c34,7400006,Mankey,0.266666681,source,Head,-0.0983523056,1.29302859,0.06808385,0.1474739,-0.162555262,0.07112014,0.973020732
7934f1476fe2c6e458c230f491769c34,7400006,Mankey,0.266666681,source,LeftShoulder,-0.0608637966,1.18271887,0.0137697365,0.08941531,-0.37534374,0.06537363,0.9202437
7934f1476fe2c6e458c230f491769c34,7400006,Mankey,0.266666681,source,RightShoulder,-0.0233936757,1.18446827,0.05969341,0.887951,0.00720446324,0.4439869,-0.119862229
7934f1476fe2c6e458c230f491769c34,7400006,Mankey,0.266666681,source,LeftUpperArm,-0.161640882,1.17516494,-0.08598764,-0.220204934,-0.0567507781,0.5053446,0.8324158
7934f1476fe2c6e458c230f491769c34,7400006,Mankey,0.266666681,source,RightUpperArm,0.06261141,1.17116475,0.1719031,0.8511508,-0.14283824,0.5026147,-0.0501826629
7934f1476fe2c6e458c230f491769c34,7400006,Mankey,0.266666681,source,LeftLowerArm,-0.271032125,0.9788851,-0.0569688566,-0.6198464,0.723180532,0.09710891,0.288739741
7934f1476fe2c6e458c230f491769c34,7400006,Mankey,0.266666681,source,RightLowerArm,0.1654634,1.10464859,0.362509221,0.3399744,-0.216903642,0.8968593,0.181697711
7934f1476fe2c6e458c230f491769c34,7400006,Mankey,0.266666681,source,LeftHand,-0.2557053,1.17754614,0.07020326,-0.598609149,0.771269441,0.143613175,0.161820471
7934f1476fe2c6e458c230f491769c34,7400006,Mankey,0.266666681,source,RightHand,-0.000665462634,1.14682257,0.5252876,0.19610174,-0.198643312,0.9400334,0.196016341
7934f1476fe2c6e458c230f491769c34,7400006,Mankey,0.266666681,source,LeftToes,-0.102698192,0.03135622,0.3173597,0.5641666,-0.000277638057,-0.825191438,-0.0278415252
7934f1476fe2c6e458c230f491769c34,7400006,Mankey,0.266666681,source,RightToes,0.18615441,0.04595662,-0.2934161,0.37975952,-0.6882326,-0.00100896868,0.6181566
7934f1476fe2c6e458c230f491769c34,7400006,Mankey,0.266666681,source,LeftThumbProximal,-0.251991928,1.193857,0.0577152148,-0.465000629,0.5095863,-0.608933151,0.391531467
7934f1476fe2c6e458c230f491769c34,7400006,Mankey,0.266666681,source,LeftThumbIntermediate,-0.240350574,1.23627019,0.0502531342,-0.412212968,0.598611951,-0.5312468,0.435340315
7934f1476fe2c6e458c230f491769c34,7400006,Mankey,0.266666681,source,LeftThumbDistal,-0.2319197,1.26494288,0.052749116,-0.300048381,0.697788537,-0.39699924,0.51522243
7934f1476fe2c6e458c230f491769c34,7400006,Mankey,0.266666681,source,LeftIndexProximal,-0.246552184,1.25683379,0.08029211,-0.549865663,0.812452435,0.115702905,0.155505583
7934f1476fe2c6e458c230f491769c34,7400006,Mankey,0.266666681,source,LeftIndexIntermediate,-0.23585479,1.283274,0.0920067,-0.413662255,0.8899331,0.133566111,0.138068408
7934f1476fe2c6e458c230f491769c34,7400006,Mankey,0.266666681,source,LeftIndexDistal,-0.22206451,1.298839,0.09993507,-0.2511754,0.949258566,0.150193512,0.115157574
7934f1476fe2c6e458c230f491769c34,7400006,Mankey,0.266666681,source,LeftMiddleProximal,-0.2482358,1.24951458,0.100381166,-0.5461824,0.811347663,0.127979681,0.164381832
7934f1476fe2c6e458c230f491769c34,7400006,Mankey,0.266666681,source,LeftMiddleIntermediate,-0.236762479,1.27724183,0.113733493,-0.416687876,0.88615483,0.1372286,0.149230272
7934f1476fe2c6e458c230f491769c34,7400006,Mankey,0.266666681,source,LeftMiddleDistal,-0.223455012,1.29250371,0.122022532,-0.248456568,0.9487899,0.147727892,0.12745142
7934f1476fe2c6e458c230f491769c34,7400006,Mankey,0.266666681,source,LeftRingProximal,-0.249470741,1.2423749,0.116522662,-0.4933735,0.8387463,0.162541881,0.163301751
7934f1476fe2c6e458c230f491769c34,7400006,Mankey,0.266666681,source,LeftRingIntermediate,-0.235068992,1.26663327,0.130125582,-0.376564,0.9004621,0.1610034,0.146442741
7934f1476fe2c6e458c230f491769c34,7400006,Mankey,0.266666681,source,LeftRingDistal,-0.222143039,1.27874351,0.1375144,-0.230723,0.9516239,0.159844518,0.12501432
7934f1476fe2c6e458c230f491769c34,7400006,Mankey,0.266666681,source,LeftLittleProximal,-0.247619286,1.23068726,0.130460128,-0.499814659,0.830873251,0.174038783,0.171888724
7934f1476fe2c6e458c230f491769c34,7400006,Mankey,0.266666681,source,LeftLittleIntermediate,-0.235508248,1.25184035,0.143074378,-0.390647382,0.891705453,0.166780353,0.156335071
7934f1476fe2c6e458c230f491769c34,7400006,Mankey,0.266666681,source,LeftLittleDistal,-0.223237529,1.264085,0.150846511,-0.2658878,0.94070375,0.158513337,0.138758838
7934f1476fe2c6e458c230f491769c34,7400006,Mankey,0.266666681,source,RightThumbProximal,-0.01438173,1.15797949,0.5141898,-0.0202473756,0.6820232,0.7300578,0.03808444
7934f1476fe2c6e458c230f491769c34,7400006,Mankey,0.266666681,source,RightThumbIntermediate,-0.05882626,1.15922773,0.510553837,-0.154401377,-0.6240471,-0.74575907,0.174840868
7934f1476fe2c6e458c230f491769c34,7400006,Mankey,0.266666681,source,RightThumbDistal,-0.08555272,1.15718651,0.5240048,0.551246464,0.2750226,0.407554239,-0.674084663
7934f1476fe2c6e458c230f491769c34,7400006,Mankey,0.266666681,source,RightIndexProximal,-0.0672801062,1.18885612,0.5416461,-0.0357110053,0.196813777,-0.8685449,0.4534525
7934f1476fe2c6e458c230f491769c34,7400006,Mankey,0.266666681,source,RightIndexIntermediate,-0.08535715,1.16413653,0.5380556,-0.112522937,-0.154785842,0.28297317,-0.9398441
7934f1476fe2c6e458c230f491769c34,7400006,Mankey,0.266666681,source,RightIndexDistal,-0.06772861,1.15307546,0.530163169,0.192756757,0.0139568252,0.495711178,0.8467118
7934f1476fe2c6e458c230f491769c34,7400006,Mankey,0.266666681,source,RightMiddleProximal,-0.0622820631,1.18006492,0.5605595,0.020563582,0.2358668,-0.836259067,0.494585961
7934f1476fe2c6e458c230f491769c34,7400006,Mankey,0.266666681,source,RightMiddleIntermediate,-0.07903254,1.15321791,0.551768243,-0.186048225,-0.12547031,0.198045313,-0.954160154
7934f1476fe2c6e458c230f491769c34,7400006,Mankey,0.266666681,source,RightMiddleDistal,-0.0595529675,1.14597225,0.5449182,0.22589165,-0.0754769,0.594426,0.7680722
7934f1476fe2c6e458c230f491769c34,7400006,Mankey,0.266666681,source,RightRingProximal,-0.0573933572,1.17210364,0.5755854,0.049473308,0.3031725,-0.7761289,0.550693333
7934f1476fe2c6e458c230f491769c34,7400006,Mankey,0.266666681,source,RightRingIntermediate,-0.06956292,1.14626956,0.5627214,-0.264742255,-0.140013233,0.09999811,-0.948846161
7934f1476fe2c6e458c230f491769c34,7400006,Mankey,0.266666681,source,RightRingDistal,-0.05151087,1.14404881,0.5566053,0.293217063,-0.1292756,0.6640181,0.6755681
7934f1476fe2c6e458c230f491769c34,7400006,Mankey,0.266666681,source,RightLittleProximal,-0.05090228,1.15956914,0.587206244,0.132931009,0.3391856,-0.812052131,0.455910563
7934f1476fe2c6e458c230f491769c34,7400006,Mankey,0.266666681,source,RightLittleIntermediate,-0.065969944,1.14172518,0.5727944,-0.33578518,-0.129689708,0.2858153,-0.8881099
7934f1476fe2c6e458c230f491769c34,7400006,Mankey,0.266666681,source,RightLittleDistal,-0.05070764,1.13373554,0.5647726,0.3354938,-0.187609479,0.4803992,0.7883299
7934f1476fe2c6e458c230f491769c34,7400006,Mankey,0.266666681,fighter,AnimatorRoot,0,0,0,0,0,0,1
7934f1476fe2c6e458c230f491769c34,7400006,Mankey,0.266666681,fighter,Hips,-0.03229427,0.7529697,0.0162507482,0.532209158,-0.5944141,-0.413487315,0.4386952
7934f1476fe2c6e458c230f491769c34,7400006,Mankey,0.266666681,fighter,LeftUpperLeg,-0.148906514,0.755953968,-0.0168718658,0.272868484,0.5489496,0.376983523,0.6943202
7934f1476fe2c6e458c230f491769c34,7400006,Mankey,0.266666681,fighter,RightUpperLeg,0.08431797,0.749985337,0.0493733436,0.4944933,0.406417668,0.63626045,0.430666566
7934f1476fe2c6e458c230f491769c34,7400006,Mankey,0.266666681,fighter,LeftLowerLeg,-0.19028534,0.454751641,0.186798662,0.5153129,0.589003,0.4599569,0.4194851
7934f1476fe2c6e458c230f491769c34,7400006,Mankey,0.266666681,fighter,RightLowerLeg,0.1355519,0.4023461,-0.05279686,0.6107555,0.201925725,0.7265484,0.241518289
7934f1476fe2c6e458c230f491769c34,7400006,Mankey,0.266666681,fighter,LeftFoot,-0.148790047,0.102506809,0.193933681,0.04228559,0.865629,0.006535232,0.4988542
7934f1476fe2c6e458c230f491769c34,7400006,Mankey,0.266666681,fighter,RightFoot,0.184257,0.190344647,-0.333033055,0.3284708,0.6057303,0.2722865,0.6716083
7934f1476fe2c6e458c230f491769c34,7400006,Mankey,0.266666681,fighter,Spine,-0.0291341636,0.7980767,0.009189282,0.5004094,-0.631392,-0.42699483,0.410621583
7934f1476fe2c6e458c230f491769c34,7400006,Mankey,0.266666681,fighter,Chest,0.005875026,1.03472471,-8.624458E-05,0.7488364,-0.567980945,-0.277489215,0.1991022
7934f1476fe2c6e458c230f491769c34,7400006,Mankey,0.266666681,fighter,Neck,-0.0334720053,1.31253254,0.03901791,0.701350033,-0.5520491,-0.3452257,0.29011938
7934f1476fe2c6e458c230f491769c34,7400006,Mankey,0.266666681,fighter,Head,-0.0561045446,1.45754337,0.06340696,0.6774047,-0.458017826,-0.443665951,0.366746634
7934f1476fe2c6e458c230f491769c34,7400006,Mankey,0.266666681,fighter,LeftShoulder,-0.126217261,1.259598,0.0762586445,0.6912306,-0.44447422,0.27059415,0.50142014
7934f1476fe2c6e458c230f491769c34,7400006,Mankey,0.266666681,fighter,RightShoulder,-0.08762708,1.25857413,0.122362666,0.292291045,-0.660841763,-0.678835452,-0.130524844
7934f1476fe2c6e458c230f491769c34,7400006,Mankey,0.266666681,fighter,LeftUpperArm,-0.22352092,1.3324213,-0.09774729,0.5202983,0.202618688,0.424737126,0.7126247
7934f1476fe2c6e458c230f491769c34,7400006,Mankey,0.266666681,fighter,RightUpperArm,0.0811225846,1.30295682,0.24320589,-0.237613678,0.595884562,0.645877361,0.41388908
7934f1476fe2c6e458c230f491769c34,7400006,Mankey,0.266666681,fighter,LeftLowerArm,-0.380534977,1.1023773,-0.140925229,0.05854051,0.773356736,-0.3810801,0.5032598
7934f1476fe2c6e458c230f491769c34,7400006,Mankey,0.266666681,fighter,RightLowerArm,0.234580874,1.23208272,0.4687397,-0.452873379,0.0212921649,0.2025598,0.867998958
7934f1476fe2c6e458c230f491769c34,7400006,Mankey,0.266666681,fighter,LeftHand,-0.255705655,1.17754614,0.07020323,0.616584361,-0.6845691,-0.206731573,-0.32931906
7934f1476fe2c6e458c230f491769c34,7400006,Mankey,0.266666681,fighter,RightHand,-0.000665246043,1.14682245,0.52528733,0.1800008,0.382820129,-0.224399567,0.87789166
7934f1476fe2c6e458c230f491769c34,7400006,Mankey,0.266666681,fighter,LeftToes,-0.00462364638,0.105174966,0.4349343,0.126686946,0.8285655,0.06418139,0.5415813
7934f1476fe2c6e458c230f491769c34,7400006,Mankey,0.266666681,fighter,RightToes,0.14864254,-0.006855047,-0.136269018,0.2958532,0.6596517,0.244679,0.6461135
7934f1476fe2c6e458c230f491769c34,7400006,Mankey,0.266666681,fighter,LeftEye,-0.254752249,1.507505,0.212852329,0.573459,-0.204986617,-0.402380347,-0.6835318
7934f1476fe2c6e458c230f491769c34,7400006,Mankey,0.266666681,fighter,RightEye,-0.008620077,1.53126454,0.3014598,0.460277438,-0.3961044,-0.6251446,-0.490347326
7934f1476fe2c6e458c230f491769c34,7400006,Mankey,0.266666681,fighter,Jaw,-0.09361635,1.31178832,0.2066993,0.802476168,0.157129943,-0.5729112,-0.0558178946
7934f1476fe2c6e458c230f491769c34,7400006,Mankey,0.266666681,fighter,LeftThumbProximal,-0.233822554,1.24737835,0.07630655,0.5621025,-0.825795352,-0.03596525,-0.0284525082
7934f1476fe2c6e458c230f491769c34,7400006,Mankey,0.266666681,fighter,LeftThumbIntermediate,-0.217364326,1.28897977,0.0802328661,0.555327356,-0.8142128,-0.104113594,-0.1335289
7934f1476fe2c6e458c230f491769c34,7400006,Mankey,0.266666681,fighter,LeftThumbDistal,-0.203891426,1.32295609,0.0931440145,0.5335684,-0.7726363,-0.19935973,-0.280346364
7934f1476fe2c6e458c230f491769c34,7400006,Mankey,0.266666681,fighter,LeftMiddleProximal,-0.242910683,1.30082548,0.121896937,0.511996746,-0.7887066,-0.234650537,-0.246456176
7934f1476fe2c6e458c230f491769c34,7400006,Mankey,0.266666681,fighter,LeftMiddleIntermediate,-0.2214262,1.34279311,0.160047978,0.397938758,-0.82980144,-0.334080577,-0.203628927
7934f1476fe2c6e458c230f491769c34,7400006,Mankey,0.266666681,fighter,LeftMiddleDistal,-0.189402819,1.370763,0.1922565,0.290922463,-0.850216031,-0.4140736,-0.145051509
7934f1476fe2c6e458c230f491769c34,7400006,Mankey,0.266666681,fighter,LeftRingProximal,-0.247186184,1.27438986,0.170141652,0.45265,-0.8142915,-0.251335919,-0.262427181
7934f1476fe2c6e458c230f491769c34,7400006,Mankey,0.266666681,fighter,LeftRingIntermediate,-0.223051026,1.30667484,0.205075055,0.345186,-0.856551051,-0.30856663,-0.227933884
7934f1476fe2c6e458c230f491769c34,7400006,Mankey,0.266666681,fighter,LeftRingDistal,-0.18706952,1.3313272,0.238086924,0.2513015,-0.8806411,-0.354410648,-0.188977048
7934f1476fe2c6e458c230f491769c34,7400006,Mankey,0.266666681,fighter,LeftLittleProximal,-0.255415559,1.224651,0.202999935,0.459789574,-0.804478049,-0.260349751,-0.271343023
7934f1476fe2c6e458c230f491769c34,7400006,Mankey,0.266666681,fighter,LeftLittleIntermediate,-0.232482865,1.25657475,0.239057332,0.364924133,-0.8401702,-0.328846365,-0.229793131
7934f1476fe2c6e458c230f491769c34,7400006,Mankey,0.266666681,fighter,LeftLittleDistal,-0.19773607,1.28213835,0.273698479,0.266410947,-0.867019653,-0.3724978,-0.196336538
7934f1476fe2c6e458c230f491769c34,7400006,Mankey,0.266666681,fighter,RightThumbProximal,-0.0681098253,1.17466736,0.5335631,-0.221214235,-0.102946579,-0.102160215,-0.9643805
7934f1476fe2c6e458c230f491769c34,7400006,Mankey,0.266666681,fighter,RightThumbIntermediate,-0.111131147,1.16377258,0.5404506,0.170943558,0.3692252,0.111911356,0.906602263
7934f1476fe2c6e458c230f491769c34,7400006,Mankey,0.266666681,fighter,RightThumbDistal,-0.138354436,1.15101385,0.564918756,-0.0212023258,-0.913182735,-0.149312,-0.378621519
7934f1476fe2c6e458c230f491769c34,7400006,Mankey,0.266666681,fighter,RightMiddleProximal,-0.106213823,1.203766,0.5857076,-0.239182085,-0.0284588039,-0.5759206,-0.781215549
7934f1476fe2c6e458c230f491769c34,7400006,Mankey,0.266666681,fighter,RightMiddleIntermediate,-0.126531854,1.14836574,0.571695566,0.277028859,-0.125725955,0.950134,0.06850806
7934f1476fe2c6e458c230f491769c34,7400006,Mankey,0.266666681,fighter,RightMiddleDistal,-0.08187957,1.14513731,0.542696834,-0.109766677,0.236897573,-0.701806068,0.662796557
7934f1476fe2c6e458c230f491769c34,7400006,Mankey,0.266666681,fighter,RightRingProximal,-0.08737422,1.17709589,0.6301878,-0.351382852,-0.02139014,-0.609713256,-0.71015656
7934f1476fe2c6e458c230f491769c34,7400006,Mankey,0.266666681,fighter,RightRingIntermediate,-0.101007059,1.13010228,0.60895294,0.292698652,-0.217534125,0.9309617,-0.017811358
7934f1476fe2c6e458c230f491769c34,7400006,Mankey,0.266666681,fighter,RightRingDistal,-0.055713255,1.138882,0.579565644,-0.0106131136,0.340675354,-0.619491,0.7071487
7934f1476fe2c6e458c230f491769c34,7400006,Mankey,0.266666681,fighter,RightLittleProximal,-0.0471301,1.142234,0.6582311,-0.357022524,0.05786945,-0.5072495,-0.782230258
7934f1476fe2c6e458c230f491769c34,7400006,Mankey,0.266666681,fighter,RightLittleIntermediate,-0.07266407,1.1021086,0.634082258,0.3063718,-0.244856462,0.903148949,0.174653232
7934f1476fe2c6e458c230f491769c34,7400006,Mankey,0.266666681,fighter,RightLittleDistal,-0.0310997553,1.09295547,0.5987331,0.0296581239,0.3665958,-0.75236094,0.5465175
7934f1476fe2c6e458c230f491769c34,7400006,Mankey,0.266666681,fighter,UpperChest,-0.0181082152,1.14952564,0.0225378741,0.7127929,-0.6126047,-0.264826417,0.2156591
7934f1476fe2c6e458c230f491769c34,7400006,Mankey,0.283333331,source,AnimatorRoot,0,0,0,0,0,1.22957473E-15,1
7934f1476fe2c6e458c230f491769c34,7400006,Mankey,0.283333331,source,Hips,-0.03493212,0.758285,0.0172785074,-0.0262650847,-0.1216152,-0.00590940751,0.9922121
7934f1476fe2c6e458c230f491769c34,7400006,Mankey,0.283333331,source,LeftUpperLeg,-0.1322202,0.7588202,-0.006949175,-0.690848053,-0.382942915,0.551965356,0.26724118
7934f1476fe2c6e458c230f491769c34,7400006,Mankey,0.283333331,source,RightUpperLeg,0.0623561628,0.75775,0.0415062234,0.627801061,-0.427492261,-0.4959269,0.420918733
7934f1476fe2c6e458c230f491769c34,7400006,Mankey,0.283333331,source,LeftLowerLeg,-0.1685173,0.4516311,0.201032221,-0.4456263,-0.4785936,0.547061563,0.522579134
7934f1476fe2c6e458c230f491769c34,7400006,Mankey,0.283333331,source,RightLowerLeg,0.115514576,0.402057946,-0.056454055,0.7221532,-0.213794589,-0.6068079,0.25410825
7934f1476fe2c6e458c230f491769c34,7400006,Mankey,0.283333331,source,LeftFoot,-0.148803532,0.104264058,0.196635455,0.5461054,0.1319334,-0.79876703,-0.215252474
7934f1476fe2c6e458c230f491769c34,7400006,Mankey,0.283333331,source,RightFoot,0.175415292,0.187309638,-0.323600143,0.496966481,-0.5766378,-0.351169676,0.5451543
7934f1476fe2c6e458c230f491769c34,7400006,Mankey,0.283333331,source,Spine,-0.03315671,0.8561484,0.012311223,-0.0147397155,-0.130732179,-0.05317794,0.9898807
7934f1476fe2c6e458c230f491769c34,7400006,Mankey,0.283333331,source,Chest,-0.0144543191,1.0343889,0.0127752461,0.09891321,-0.3895131,0.05679994,0.913930833
7934f1476fe2c6e458c230f491769c34,7400006,Mankey,0.283333331,source,Neck,-0.0519537665,1.23172,0.0412548929,0.274179369,-0.302516341,0.2132296,0.887604952
7934f1476fe2c6e458c230f491769c34,7400006,Mankey,0.283333331,source,Head,-0.09925144,1.29763591,0.07233245,0.151346967,-0.142742351,0.06998252,0.9756133
7934f1476fe2c6e458c230f491769c34,7400006,Mankey,0.283333331,source,LeftShoulder,-0.06530488,1.1882633,0.0146079939,0.0907619148,-0.331426531,0.06375778,0.936938345
7934f1476fe2c6e458c230f491769c34,7400006,Mankey,0.283333331,source,RightShoulder,-0.0243850276,1.18985415,0.05749258,0.8969558,-0.00280665141,0.425028682,-0.121708624
7934f1476fe2c6e458c230f491769c34,7400006,Mankey,0.283333331,source,LeftUpperArm,-0.174956545,1.1798408,-0.0752262548,-0.200205535,-0.0211866777,0.5222188,0.828707635
7934f1476fe2c6e458c230f491769c34,7400006,Mankey,0.283333331,source,RightUpperArm,0.0663114,1.17444134,0.165665939,0.8540261,-0.19225882,0.479450375,-0.0616728067
7934f1476fe2c6e458c230f491769c34,7400006,Mankey,0.283333331,source,LeftLowerArm,-0.2777466,0.981814265,-0.03580585,-0.625137568,0.722694933,0.124443084,0.267261952
7934f1476fe2c6e458c230f491769c34,7400006,Mankey,0.283333331,source,RightLowerArm,0.171967879,1.08664382,0.345838,0.3268418,-0.245906353,0.8872461,0.213304922
7934f1476fe2c6e458c230f491769c34,7400006,Mankey,0.283333331,source,LeftHand,-0.2598886,1.17967319,0.09228313,-0.593109131,0.7757954,0.1659471,0.137203246
7934f1476fe2c6e458c230f491769c34,7400006,Mankey,0.283333331,source,RightHand,0.00760117825,1.13811529,0.5077286,0.178116247,-0.20445165,0.9284207,0.2539871
7934f1476fe2c6e458c230f491769c34,7400006,Mankey,0.283333331,source,LeftToes,-0.102255061,0.03119708,0.318763584,0.561825633,0.00144184,-0.8268611,-0.0255013369
7934f1476fe2c6e458c230f491769c34,7400006,Mankey,0.283333331,source,RightToes,0.188642934,0.04415833,-0.281722724,0.400365353,-0.652470946,-0.00057994714,0.6434199
7934f1476fe2c6e458c230f491769c34,7400006,Mankey,0.283333331,source,LeftThumbProximal,-0.2570328,1.19605386,0.07966168,-0.4765729,0.5278483,-0.594958663,0.3745385
7934f1476fe2c6e458c230f491769c34,7400006,Mankey,0.283333331,source,LeftThumbIntermediate,-0.245202228,1.23837972,0.07200275,-0.4166424,0.6199534,-0.515948236,0.419362
7934f1476fe2c6e458c230f491769c34,7400006,Mankey,0.283333331,source,LeftThumbDistal,-0.2361724,1.26685083,0.07470299,-0.281499237,0.7257855,-0.371970832,0.5056002
7934f1476fe2c6e458c230f491769c34,7400006,Mankey,0.283333331,source,LeftIndexProximal,-0.250090033,1.25891018,0.102162473,-0.52474314,0.8306178,0.137551814,0.125691459
7934f1476fe2c6e458c230f491769c34,7400006,Mankey,0.283333331,source,LeftIndexIntermediate,-0.237210751,1.28472292,0.113051847,-0.363379329,0.9133884,0.152981445,0.101361282
7934f1476fe2c6e458c230f491769c34,7400006,Mankey,0.283333331,source,LeftIndexDistal,-0.221290141,1.29880607,0.119647086,-0.173600927,0.96832937,0.1646408,0.07138042
7934f1476fe2c6e458c230f491769c34,7400006,Mankey,0.283333331,source,LeftMiddleProximal,-0.250407815,1.2514807,0.122279115,-0.520944953,0.8296603,0.150392026,0.132901415
7934f1476fe2c6e458c230f491769c34,7400006,Mankey,0.283333331,source,LeftMiddleIntermediate,-0.236550689,1.27855837,0.134668276,-0.366827,0.9101914,0.157364845,0.110570982
7934f1476fe2c6e458c230f491769c34,7400006,Mankey,0.283333331,source,LeftMiddleDistal,-0.221094191,1.29240763,0.1415983,-0.17149213,0.9683149,0.162401482,0.08113565
7934f1476fe2c6e458c230f491769c34,7400006,Mankey,0.283333331,source,LeftRingProximal,-0.250545382,1.24425268,0.1384279,-0.465607226,0.8562623,0.184131026,0.126967639
7934f1476fe2c6e458c230f491769c34,7400006,Mankey,0.283333331,source,LeftRingIntermediate,-0.233815044,1.26776123,0.150608152,-0.32544592,0.9225955,0.179958135,0.102556676
7934f1476fe2c6e458c230f491769c34,7400006,Mankey,0.283333331,source,LeftRingDistal,-0.21909228,1.27857769,0.156488076,-0.15535365,0.9697649,0.173264444,0.07349266
7934f1476fe2c6e458c230f491769c34,7400006,Mankey,0.283333331,source,LeftLittleProximal,-0.2477519,1.23249018,0.152143836,-0.4725091,0.848619461,0.196367249,0.134240836
7934f1476fe2c6e458c230f491769c34,7400006,Mankey,0.283333331,source,LeftLittleIntermediate,-0.233550891,1.25305355,0.163490131,-0.3423678,0.914132,0.1865318,0.1111453
7934f1476fe2c6e458c230f491769c34,7400006,Mankey,0.283333331,source,LeftLittleDistal,-0.219476208,1.26415718,0.169776887,-0.196380556,0.9611846,0.173587814,0.0861802548
7934f1476fe2c6e458c230f491769c34,7400006,Mankey,0.283333331,source,RightThumbProximal,-0.004556559,1.15070534,0.496350884,0.0183480531,0.6869952,0.721363246,0.08565283
7934f1476fe2c6e458c230f491769c34,7400006,Mankey,0.283333331,source,RightThumbIntermediate,-0.04848243,1.15734255,0.492282122,-0.1905464,-0.6194103,-0.7512813,0.124898657
7934f1476fe2c6e458c230f491769c34,7400006,Mankey,0.283333331,source,RightThumbDistal,-0.0753589,1.15879381,0.5055089,0.570164442,0.246372014,0.448597848,-0.6426305
7934f1476fe2c6e458c230f491769c34,7400006,Mankey,0.283333331,source,RightIndexProximal,-0.05347067,1.18823946,0.5228849,-0.02307964,0.190512076,-0.89630574,0.39976117
7934f1476fe2c6e458c230f491769c34,7400006,Mankey,0.283333331,source,RightIndexIntermediate,-0.0744184,1.16587377,0.519464254,-0.116328172,-0.141556,0.340836525,-0.9220958
7934f1476fe2c6e458c230f491769c34,7400006,Mankey,0.283333331,source,RightIndexDistal,-0.0582217872,1.15261853,0.511889637,0.185101092,0.00201079436,0.443418533,0.8769915
7934f1476fe2c6e458c230f491769c34,7400006,Mankey,0.283333331,source,RightMiddleProximal,-0.049734097,1.17918134,0.541963,0.0350572579,0.226085,-0.86665,0.4433675
7934f1476fe2c6e458c230f491769c34,7400006,Mankey,0.283333331,source,RightMiddleIntermediate,-0.06958684,1.1544652,0.5333838,-0.187446222,-0.1083207,0.2564309,-0.942005336
7934f1476fe2c6e458c230f491769c34,7400006,Mankey,0.283333331,source,RightMiddleDistal,-0.05109273,1.14478457,0.5268165,0.212814242,-0.08824993,0.5475562,0.80442816
7934f1476fe2c6e458c230f491769c34,7400006,Mankey,0.283333331,source,RightRingProximal,-0.0459743962,1.17090309,0.557141662,0.06739369,0.291673571,-0.8104422,0.5035561
7934f1476fe2c6e458c230f491769c34,7400006,Mankey,0.283333331,source,RightRingIntermediate,-0.0611257069,1.14657009,0.5445194,-0.266503572,-0.118718565,0.158014774,-0.9433522
7934f1476fe2c6e458c230f491769c34,7400006,Mankey,0.283333331,source,RightRingDistal,-0.0434369035,1.14206159,0.5386036,0.277065516,-0.145195082,0.623371542,0.716632
7934f1476fe2c6e458c230f491769c34,7400006,Mankey,0.283333331,source,RightLittleProximal,-0.0411601439,1.15783989,0.568993449,0.15373309,0.322633147,-0.8403701,0.407495171
7934f1476fe2c6e458c230f491769c34,7400006,Mankey,0.283333331,source,RightLittleIntermediate,-0.0581947379,1.14176834,0.5546869,-0.337998122,-0.102981314,0.339364171,-0.871771038
7934f1476fe2c6e458c230f491769c34,7400006,Mankey,0.283333331,source,RightLittleDistal,-0.0439682864,1.13184941,0.5469186,0.3156515,-0.207803831,0.4337691,0.817940354
7934f1476fe2c6e458c230f491769c34,7400006,Mankey,0.283333331,fighter,AnimatorRoot,0,0,0,0,0,0,1
7934f1476fe2c6e458c230f491769c34,7400006,Mankey,0.283333331,fighter,Hips,-0.0349321179,0.7582849,0.0172785055,0.515405655,-0.584444463,-0.4236054,0.461887479
7934f1476fe2c6e458c230f491769c34,7400006,Mankey,0.283333331,fighter,LeftUpperLeg,-0.153350636,0.7605924,-0.008724482,0.286742777,0.5601939,0.373143554,0.681707561
7934f1476fe2c6e458c230f491769c34,7400006,Mankey,0.283333331,fighter,RightUpperLeg,0.0834864,0.7559775,0.0432814732,0.5000346,0.4385814,0.615622163,0.422635853
7934f1476fe2c6e458c230f491769c34,7400006,Mankey,0.283333331,fighter,LeftLowerLeg,-0.187709764,0.45685187,0.192466572,0.5234733,0.589828,0.454904974,0.413690567
7934f1476fe2c6e458c230f491769c34,7400006,Mankey,0.283333331,fighter,RightLowerLeg,0.135702312,0.405042529,-0.0463558435,0.6263777,0.23285155,0.7083453,0.227328539
7934f1476fe2c6e458c230f491769c34,7400006,Mankey,0.283333331,fighter,LeftFoot,-0.1488036,0.104264066,0.19663547,0.0470386446,0.866794467,0.0121525228,0.4962933
7934f1476fe2c6e458c230f491769c34,7400006,Mankey,0.283333331,fighter,RightFoot,0.175415292,0.187309608,-0.323600143,0.3154489,0.643975735,0.271380842,0.641981
7934f1476fe2c6e458c230f491769c34,7400006,Mankey,0.283333331,fighter,Spine,-0.0322768651,0.803249359,0.009176472,0.4871797,-0.6183435,-0.43563807,0.4364939
7934f1476fe2c6e458c230f491769c34,7400006,Mankey,0.283333331,fighter,Chest,-0.0007210822,1.04009783,-0.00569039,0.737079,-0.5597304,-0.306413442,0.222547531
7934f1476fe2c6e458c230f491769c34,7400006,Mankey,0.283333331,fighter,Neck,-0.03698988,1.317982,0.0357756726,0.6910522,-0.541872,-0.366287619,0.3076612
7934f1476fe2c6e458c230f491769c34,7400006,Mankey,0.283333331,fighter,Head,-0.05847595,1.46293867,0.06148792,0.6701553,-0.448045015,-0.457380056,0.375434458
7934f1476fe2c6e458c230f491769c34,7400006,Mankey,0.283333331,fighter,LeftShoulder,-0.126440912,1.265099,0.08041336,0.703726649,-0.4161706,0.2404275,0.52322644
7934f1476fe2c6e458c230f491769c34,7400006,Mankey,0.283333331,fighter,RightShoulder,-0.08429849,1.26420033,0.123297349,0.2752794,-0.6612387,-0.6878773,-0.117513835
7934f1476fe2c6e458c230f491769c34,7400006,Mankey,0.283333331,fighter,LeftUpperArm,-0.240628958,1.33602059,-0.0838442147,0.532695055,0.2422508,0.410806865,0.6991341
7934f1476fe2c6e458c230f491769c34,7400006,Mankey,0.283333331,fighter,RightUpperArm,0.08991978,1.30715537,0.236664891,-0.187169328,0.5867367,0.659226537,0.431425929
7934f1476fe2c6e458c230f491769c34,7400006,Mankey,0.283333331,fighter,LeftLowerArm,-0.394265354,1.10137987,-0.111729056,0.03538766,0.7900992,-0.371018946,0.4866585
7934f1476fe2c6e458c230f491769c34,7400006,Mankey,0.283333331,fighter,RightLowerArm,0.247100487,1.20874071,0.448907346,-0.4353182,0.0425673239,0.177151337,0.8816483
7934f1476fe2c6e458c230f491769c34,7400006,Mankey,0.283333331,fighter,LeftHand,-0.2598886,1.17967319,0.0922831744,0.6084614,-0.694644,-0.229434624,-0.307578981
7934f1476fe2c6e458c230f491769c34,7400006,Mankey,0.283333331,fighter,RightHand,0.0076015396,1.13811529,0.507728338,0.197888151,0.3656831,-0.27990517,0.8653145
7934f1476fe2c6e458c230f491769c34,7400006,Mankey,0.283333331,fighter,LeftToes,-0.003387965,0.103041656,0.436896175,0.1245145,0.8304522,0.06555492,0.5390249
7934f1476fe2c6e458c230f491769c34,7400006,Mankey,0.283333331,fighter,RightToes,0.166887611,-0.007135677,-0.121139273,0.288483471,0.6918716,0.2527909,0.611709
7934f1476fe2c6e458c230f491769c34,7400006,Mankey,0.283333331,fighter,LeftEye,-0.251161128,1.5113517,0.219030231,0.5642202,-0.216546357,-0.415835857,-0.6795912
7934f1476fe2c6e458c230f491769c34,7400006,Mankey,0.283333331,fighter,RightEye,-0.00176680263,1.5358696,0.297758639,0.4474246,-0.403507233,-0.636250734,-0.481848955
7934f1476fe2c6e458c230f491769c34,7400006,Mankey,0.283333331,fighter,Jaw,-0.08953803,1.31640732,0.2055298,0.7902932,0.159025311,-0.588742733,-0.0594114959
7934f1476fe2c6e458c230f491769c34,7400006,Mankey,0.283333331,fighter,LeftThumbProximal,-0.237657219,1.24948382,0.09727245,0.5531484,-0.8306601,-0.0631867051,-0.00623705238
7934f1476fe2c6e458c230f491769c34,7400006,Mankey,0.283333331,fighter,LeftThumbIntermediate,-0.2202328,1.29071939,0.100877248,0.5434407,-0.8203888,-0.133488059,-0.117540613
7934f1476fe2c6e458c230f491769c34,7400006,Mankey,0.283333331,fighter,LeftThumbDistal,-0.20543623,1.32406688,0.113977104,0.512639761,-0.773943067,-0.238478675,-0.2852034
7934f1476fe2c6e458c230f491769c34,7400006,Mankey,0.283333331,fighter,LeftMiddleProximal,-0.243648469,1.3026768,0.143665239,0.480154634,-0.8092823,-0.2565509,-0.220671684
7934f1476fe2c6e458c230f491769c34,7400006,Mankey,0.283333331,fighter,LeftMiddleIntermediate,-0.2168709,1.34294415,0.18026948,0.3382867,-0.8524407,-0.358352929,-0.174616113
7934f1476fe2c6e458c230f491769c34,7400006,Mankey,0.283333331,fighter,LeftMiddleDistal,-0.17899169,1.36703229,0.209081322,0.2047848,-0.8689586,-0.437684566,-0.106804192
7934f1476fe2c6e458c230f491769c34,7400006,Mankey,0.283333331,fighter,LeftRingProximal,-0.244641617,1.27597654,0.191943467,0.4196158,-0.8344429,-0.273372054,-0.2299912
7934f1476fe2c6e458c230f491769c34,7400006,Mankey,0.283333331,fighter,LeftRingIntermediate,-0.215728521,1.306623,0.224654272,0.286646664,-0.8786048,-0.331773847,-0.189245716
7934f1476fe2c6e458c230f491769c34,7400006,Mankey,0.283333331,fighter,LeftRingDistal,-0.173934817,1.32730687,0.253249079,0.168340743,-0.8996158,-0.377151221,-0.1418114
7934f1476fe2c6e458c230f491769c34,7400006,Mankey,0.283333331,fighter,LeftLittleProximal,-0.250616461,1.22605455,0.225011125,0.427209079,-0.825209141,-0.282515347,-0.238133967
7934f1476fe2c6e458c230f491769c34,7400006,Mankey,0.283333331,fighter,LeftLittleIntermediate,-0.222795859,1.2564863,0.2588503,0.308488,-0.8622888,-0.3531862,-0.191189408
7934f1476fe2c6e458c230f491769c34,7400006,Mankey,0.283333331,fighter,LeftLittleDistal,-0.182045564,1.27844834,0.289147884,0.187598318,-0.8865212,-0.39546,-0.149997026
7934f1476fe2c6e458c230f491769c34,7400006,Mankey,0.283333331,fighter,RightThumbProximal,-0.0559744835,1.17414212,0.514989734,-0.219062179,-0.08562282,-0.0395560265,-0.971141636
7934f1476fe2c6e458c230f491769c34,7400006,Mankey,0.283333331,fighter,RightThumbIntermediate,-0.10008619,1.16900706,0.5216802,0.18721284,0.354816,0.05251041,0.914494336
7934f1476fe2c6e458c230f491769c34,7400006,Mankey,0.283333331,fighter,RightThumbDistal,-0.128875524,1.16013455,0.546073854,-0.07566111,-0.90950495,-0.118843794,-0.3910915
7934f1476fe2c6e458c230f491769c34,7400006,Mankey,0.283333331,fighter,RightMiddleProximal,-0.0906131342,1.20846093,0.5663715,-0.234028488,-0.0122756064,-0.52434516,-0.818622231
7934f1476fe2c6e458c230f491769c34,7400006,Mankey,0.283333331,fighter,RightMiddleIntermediate,-0.117894433,1.15604627,0.5527059,0.2649891,-0.139272779,0.945078254,0.131192282
7934f1476fe2c6e458c230f491769c34,7400006,Mankey,0.283333331,fighter,RightMiddleDistal,-0.07388144,1.14675617,0.5240401,-0.09503096,0.238211811,-0.744946539,0.6158563
7934f1476fe2c6e458c230f491769c34,7400006,Mankey,0.283333331,fighter,RightRingProximal,-0.07553003,1.18034041,0.6113876,-0.346254557,0.00146262348,-0.5630624,-0.7503776
7934f1476fe2c6e458c230f491769c34,7400006,Mankey,0.283333331,fighter,RightRingIntermediate,-0.09504804,1.13532078,0.590471745,0.275081873,-0.231737345,0.932055,0.0436012745
7934f1476fe2c6e458c230f491769c34,7400006,Mankey,0.283333331,fighter,RightRingDistal,-0.04883338,1.13784873,0.561316669,0.01023379,0.335542083,-0.6658828,0.666263461
7934f1476fe2c6e458c230f491769c34,7400006,Mankey,0.283333331,fighter,RightLittleProximal,-0.0400857776,1.14122272,0.640281558,-0.346656859,0.08151746,-0.4564333,-0.8153851
7934f1476fe2c6e458c230f491769c34,7400006,Mankey,0.283333331,fighter,RightLittleIntermediate,-0.07049223,1.10453391,0.6163111,0.2861319,-0.260768116,0.891873956,0.233858228
7934f1476fe2c6e458c230f491769c34,7400006,Mankey,0.283333331,fighter,RightLittleDistal,-0.03027715,1.08971131,0.5813259,0.0533780158,0.3587569,-0.7879898,0.497510552
7934f1476fe2c6e458c230f491769c34,7400006,Mankey,0.283333331,fighter,UpperChest,-0.0228924565,1.15494263,0.0185047258,0.701560736,-0.6036523,-0.292266518,0.240825325
7934f1476fe2c6e458c230f491769c34,7400006,Mankey,0.3,source,AnimatorRoot,0,0,0,0,0,1.30190266E-15,1
7934f1476fe2c6e458c230f491769c34,7400006,Mankey,0.3,source,Hips,-0.03788052,0.7634198,0.0174853783,-0.0322847255,-0.08678112,-0.00410250155,0.9956957
7934f1476fe2c6e458c230f491769c34,7400006,Mankey,0.3,source,LeftUpperLeg,-0.136627853,0.7636771,0.000132229368,-0.674678445,-0.377057135,0.566075146,0.286698282
7934f1476fe2c6e458c230f491769c34,7400006,Mankey,0.3,source,RightUpperLeg,0.0608670339,0.7631627,0.0348385461,0.6042219,-0.4195766,-0.5030195,0.453698963
7934f1476fe2c6e458c230f491769c34,7400006,Mankey,0.3,source,LeftLowerLeg,-0.164499357,0.453042537,0.2042602,-0.4391887,-0.470097929,0.5494268,0.53315264
7934f1476fe2c6e458c230f491769c34,7400006,Mankey,0.3,source,RightLowerLeg,0.113742232,0.404032767,-0.04982962,0.694903851,-0.193711966,-0.628734946,0.2903045
7934f1476fe2c6e458c230f491769c34,7400006,Mankey,0.3,source,LeftFoot,-0.148589686,0.105513267,0.197765991,0.5434146,0.133987173,-0.7994875,-0.2181013
7934f1476fe2c6e458c230f491769c34,7400006,Mankey,0.3,source,RightFoot,0.160484731,0.1833354,-0.3147443,0.481844366,-0.527543247,-0.358364165,0.600915432
7934f1476fe2c6e458c230f491769c34,7400006,Mankey,0.3,source,Spine,-0.0365306661,0.861217737,0.011254238,-0.0198793225,-0.0951376,-0.0460263,0.9942009
7934f1476fe2c6e458c230f491769c34,7400006,Mankey,0.3,source,Chest,-0.02007502,1.03966582,0.008994156,0.101318412,-0.3450113,0.0489008538,0.931831956
7934f1476fe2c6e458c230f491769c34,7400006,Mankey,0.3,source,Neck,-0.05347351,1.2371434,0.04130688,0.285124451,-0.262559682,0.203826457,0.8990115
7934f1476fe2c6e458c230f491769c34,7400006,Mankey,0.3,source,Head,-0.09832071,1.30267692,0.0765469447,0.1562814,-0.121792592,0.06739877,0.977854967
7934f1476fe2c6e458c230f491769c34,7400006,Mankey,0.3,source,LeftShoulder,-0.0696019158,1.19382286,0.0160084181,0.09314643,-0.284816623,0.057475552,0.9523131
7934f1476fe2c6e458c230f491769c34,7400006,Mankey,0.3,source,RightShoulder,-0.0247064345,1.195085,0.0547234751,0.907836854,-0.0186304618,0.400647581,-0.122338779
7934f1476fe2c6e458c230f491769c34,7400006,Mankey,0.3,source,LeftUpperArm,-0.18762736,1.18581259,-0.06254379,-0.1772514,0.0151436878,0.535628855,0.825502753
7934f1476fe2c6e458c230f491769c34,7400006,Mankey,0.3,source,RightUpperArm,0.0716107,1.17635477,0.157373667,0.8531472,-0.241429254,0.458036929,-0.06367354
7934f1476fe2c6e458c230f491769c34,7400006,Mankey,0.3,source,LeftLowerArm,-0.28408882,0.9866666,-0.0138572948,-0.6279403,0.7204196,0.156883791,0.249147266
7934f1476fe2c6e458c230f491769c34,7400006,Mankey,0.3,source,RightLowerArm,0.1767012,1.06980789,0.3274836,0.313941538,-0.2731833,0.873491347,0.252635241
7934f1476fe2c6e458c230f491769c34,7400006,Mankey,0.3,source,LeftHand,-0.263468832,1.18205214,0.117569946,-0.590881169,0.7739381,0.195965886,0.116090626
7934f1476fe2c6e458c230f491769c34,7400006,Mankey,0.3,source,RightHand,0.01708978,1.1335851,0.4897517,0.166909188,-0.221155375,0.9111396,0.305051863
7934f1476fe2c6e458c230f491769c34,7400006,Mankey,0.3,source,LeftToes,-0.1015329,0.0314899,0.319120973,0.5596866,0.00259493967,-0.828323543,-0.0249927379
7934f1476fe2c6e458c230f491769c34,7400006,Mankey,0.3,source,RightToes,0.188417852,0.0427210256,-0.2715205,0.415116578,-0.594943047,-0.00390803954,0.688262939
7934f1476fe2c6e458c230f491769c34,7400006,Mankey,0.3,source,LeftThumbProximal,-0.261703461,1.19875014,0.105166547,-0.487954468,0.5477095,-0.5736013,0.3645508
7934f1476fe2c6e458c230f491769c34,7400006,Mankey,0.3,source,LeftThumbIntermediate,-0.250193655,1.241252,0.098008886,-0.42060563,0.6427602,-0.492373049,0.4092914
7934f1476fe2c6e458c230f491769c34,7400006,Mankey,0.3,source,LeftThumbDistal,-0.240862355,1.26955521,0.101366676,-0.260154545,0.754535735,-0.337360442,0.4991834
7934f1476fe2c6e458c230f491769c34,7400006,Mankey,0.3,source,LeftIndexProximal,-0.254061431,1.26118565,0.128593609,-0.502028,0.843142,0.166140035,0.09735138
7934f1476fe2c6e458c230f491769c34,7400006,Mankey,0.3,source,LeftIndexIntermediate,-0.239354,1.28629124,0.138798863,-0.314356953,0.9303642,0.177642837,0.06360733
7934f1476fe2c6e458c230f491769c34,7400006,Mankey,0.3,source,LeftIndexDistal,-0.221677348,1.29880619,0.143918514,-0.09650494,0.978259444,0.1819171,0.0245400164
7934f1476fe2c6e458c230f491769c34,7400006,Mankey,0.3,source,LeftMiddleProximal,-0.252898127,1.25330615,0.14850688,-0.498035,0.842113256,0.17961362,0.102693826
7934f1476fe2c6e458c230f491769c34,7400006,Mankey,0.3,source,LeftMiddleIntermediate,-0.237040073,1.27964413,0.160063446,-0.318125635,0.9275791,0.182739377,0.07071162
7934f1476fe2c6e458c230f491769c34,7400006,Mankey,0.3,source,LeftMiddleDistal,-0.21980761,1.29199123,0.165477544,-0.0949657857,0.9786005,0.1797902,0.031598907
7934f1476fe2c6e458c230f491769c34,7400006,Mankey,0.3,source,LeftRingProximal,-0.2518304,1.24571908,0.164455011,-0.440313637,0.86756,0.212546661,0.0910370052
7934f1476fe2c6e458c230f491769c34,7400006,Mankey,0.3,source,LeftRingIntermediate,-0.233174071,1.26843512,0.175264508,-0.2757581,0.937638164,0.20386681,0.0568408668
7934f1476fe2c6e458c230f491769c34,7400006,Mankey,0.3,source,LeftRingDistal,-0.217024982,1.27791464,0.1794682,-0.08084621,0.9784624,0.189037189,0.0184544828
7934f1476fe2c6e458c230f491769c34,7400006,Mankey,0.3,source,LeftLittleProximal,-0.247946069,1.23369694,0.1776709,-0.447576165,0.8598876,0.225569457,0.09689056
7934f1476fe2c6e458c230f491769c34,7400006,Mankey,0.3,source,LeftLittleIntermediate,-0.232011944,1.25362265,0.187785968,-0.2955719,0.9294198,0.211425439,0.06415462
7934f1476fe2c6e458c230f491769c34,7400006,Mankey,0.3,source,LeftLittleDistal,-0.21649003,1.263545,0.1924258,-0.127760112,0.972669959,0.191514552,0.0302234348
7934f1476fe2c6e458c230f491769c34,7400006,Mankey,0.3,source,RightThumbProximal,0.00648062,1.14763713,0.4785377,0.0573146343,0.679593146,0.720179141,0.127321288
7934f1476fe2c6e458c230f491769c34,7400006,Mankey,0.3,source,RightThumbIntermediate,-0.03639058,1.15929329,0.474500865,-0.22384274,-0.602318943,-0.761777639,0.0824733
7934f1476fe2c6e458c230f491769c34,7400006,Mankey,0.3,source,RightThumbDistal,-0.06296712,1.16361189,0.487708271,0.5782113,0.210968584,0.48691985,-0.61973685
7934f1476fe2c6e458c230f491769c34,7400006,Mankey,0.3,source,RightIndexProximal,-0.0379201546,1.19012427,0.505535245,-0.008319682,0.19742547,-0.916308,0.348330528
7934f1476fe2c6e458c230f491769c34,7400006,Mankey,0.3,source,RightIndexIntermediate,-0.0612689555,1.17034185,0.5017647,-0.131144553,-0.136061817,0.39175567,-0.9004534
7934f1476fe2c6e458c230f491769c34,7400006,Mankey,0.3,source,RightIndexDistal,-0.0466647744,1.155435,0.494024634,0.190634757,-0.0126934936,0.392862231,0.899531662
7934f1476fe2c6e458c230f491769c34,7400006,Mankey,0.3,source,RightMiddleProximal,-0.0352983661,1.18043244,0.5244872,0.0520270057,0.229362041,-0.888871551,0.393184543
7934f1476fe2c6e458c230f491769c34,7400006,Mankey,0.3,source,RightMiddleIntermediate,-0.05781125,1.15826261,0.515526652,-0.20029439,-0.09820144,0.3087815,-0.924604356
7934f1476fe2c6e458c230f491769c34,7400006,Mankey,0.3,source,RightMiddleDistal,-0.0405203626,1.14663064,0.5088483,0.212518543,-0.105043732,0.5003588,0.832732439
7934f1476fe2c6e458c230f491769c34,7400006,Mankey,0.3,source,RightRingProximal,-0.0325528048,1.17156732,0.5395513,0.08841656,0.292529732,-0.8356891,0.4563253
7934f1476fe2c6e458c230f491769c34,7400006,Mankey,0.3,source,RightRingIntermediate,-0.0503387861,1.14929914,0.526560366,-0.2797126,-0.103370525,0.210441992,-0.9310155
7934f1476fe2c6e458c230f491769c34,7400006,Mankey,0.3,source,RightRingDistal,-0.0332607329,1.14288771,0.5206062,0.272704959,-0.166000143,0.580726862,0.748887539
7934f1476fe2c6e458c230f491769c34,7400006,Mankey,0.3,source,RightLittleProximal,-0.0292944368,1.15787542,0.5512219,0.175731719,0.3188322,-0.8597688,0.358137727
7934f1476fe2c6e458c230f491769c34,7400006,Mankey,0.3,source,RightLittleIntermediate,-0.0480051227,1.14405239,0.5366624,-0.349887282,-0.0849476755,0.387437433,-0.848678768
7934f1476fe2c6e458c230f491769c34,7400006,Mankey,0.3,source,RightLittleDistal,-0.0349776745,1.13268685,0.528773546,0.308587462,-0.229475632,0.3852562,0.838864
7934f1476fe2c6e458c230f491769c34,7400006,Mankey,0.3,fighter,AnimatorRoot,0,0,0,0,0,0,1
7934f1476fe2c6e458c230f491769c34,7400006,Mankey,0.3,fighter,Hips,-0.03788052,0.763419747,0.0174853783,0.4971999,-0.570302665,-0.435418367,0.48780942
7934f1476fe2c6e458c230f491769c34,7400006,Mankey,0.3,fighter,LeftUpperLeg,-0.157854289,0.7648219,-8.617417E-05,0.30247736,0.573067248,0.367720246,0.666995764
7934f1476fe2c6e458c230f491769c34,7400006,Mankey,0.3,fighter,RightUpperLeg,0.08209325,0.7620176,0.0350569077,0.508362651,0.4732791,0.589513659,0.412368774
7934f1476fe2c6e458c230f491769c34,7400006,Mankey,0.3,fighter,LeftLowerLeg,-0.184476748,0.4584455,0.198260874,0.5334234,0.5897829,0.450262874,0.406052977
7934f1476fe2c6e458c230f491769c34,7400006,Mankey,0.3,fighter,RightLowerLeg,0.134437174,0.4080053,-0.0414422378,0.648492634,0.2713435,0.680503547,0.206748724
7934f1476fe2c6e458c230f491769c34,7400006,Mankey,0.3,fighter,LeftFoot,-0.148589671,0.105513178,0.197766036,0.0494530722,0.86793983,0.014906615,0.493976355
7934f1476fe2c6e458c230f491769c34,7400006,Mankey,0.3,fighter,RightFoot,0.160484657,0.183335379,-0.3147443,0.3034027,0.699475765,0.2599432,0.5925456
7934f1476fe2c6e458c230f491769c34,7400006,Mankey,0.3,fighter,Spine,-0.0360298231,0.808241546,0.008425985,0.47267884,-0.6008624,-0.445593029,0.46581766
7934f1476fe2c6e458c230f491769c34,7400006,Mankey,0.3,fighter,Chest,-0.009556342,1.04531276,-0.011831563,0.7202437,-0.5488209,-0.341740131,0.251512319
7934f1476fe2c6e458c230f491769c34,7400006,Mankey,0.3,fighter,Neck,-0.04136704,1.32339108,0.0319295935,0.677375555,-0.5296513,-0.391298622,0.3278987
7934f1476fe2c6e458c230f491769c34,7400006,Mankey,0.3,fighter,Head,-0.0611114763,1.46832526,0.0591216944,0.661969364,-0.437521458,-0.4727405,0.3832604
7934f1476fe2c6e458c230f491769c34,7400006,Mankey,0.3,fighter,LeftShoulder,-0.1259584,1.27076685,0.08546105,0.713774264,-0.387852132,0.205864549,0.545634568
7934f1476fe2c6e458c230f491769c34,7400006,Mankey,0.3,fighter,RightShoulder,-0.07975666,1.26999688,0.123940021,0.2516048,-0.6620712,-0.698441446,-0.102648407
7934f1476fe2c6e458c230f491769c34,7400006,Mankey,0.3,fighter,LeftUpperArm,-0.2563597,1.3406018,-0.0667492449,0.54592,0.280327082,0.394612819,0.6838632
7934f1476fe2c6e458c230f491769c34,7400006,Mankey,0.3,fighter,RightUpperArm,0.101146042,1.31027591,0.227386534,-0.138008356,0.5816762,0.66529274,0.4472051
7934f1476fe2c6e458c230f491769c34,7400006,Mankey,0.3,fighter,LeftLowerArm,-0.406131923,1.1022166,-0.08012051,0.0142173134,0.8075617,-0.354833364,0.470888674
7934f1476fe2c6e458c230f491769c34,7400006,Mankey,0.3,fighter,RightLowerArm,0.2595231,1.18781543,0.4257757,-0.416314155,0.06937636,0.150541276,0.89398396
7934f1476fe2c6e458c230f491769c34,7400006,Mankey,0.3,fighter,LeftHand,-0.263469,1.18205214,0.117570087,0.6015389,-0.697855353,-0.260205269,-0.288864732
7934f1476fe2c6e458c230f491769c34,7400006,Mankey,0.3,fighter,RightHand,0.0170897674,1.133585,0.489751518,0.224887758,0.354795456,-0.326001674,0.8469174
7934f1476fe2c6e458c230f491769c34,7400006,Mankey,0.3,fighter,LeftToes,-0.00198868173,0.102336705,0.437287331,0.124149211,0.8319197,0.06643158,0.5367343
7934f1476fe2c6e458c230f491769c34,7400006,Mankey,0.3,fighter,RightToes,0.191778809,-0.0044202446,-0.108248241,0.279812425,0.74169445,0.246941954,0.557327747
7934f1476fe2c6e458c230f491769c34,7400006,Mankey,0.3,fighter,LeftEye,-0.246954441,1.515192,0.225124329,0.5531117,-0.229022875,-0.429410368,-0.676182866
7934f1476fe2c6e458c230f491769c34,7400006,Mankey,0.3,fighter,RightEye,0.00553804776,1.539815,0.293228149,0.43249768,-0.411084354,-0.647657156,-0.473810434
7934f1476fe2c6e458c230f491769c34,7400006,Mankey,0.3,fighter,Jaw,-0.08562306,1.32075334,0.2033648,0.7770595,0.160645217,-0.6051246,-0.06477987
7934f1476fe2c6e458c230f491769c34,7400006,Mankey,0.3,fighter,LeftThumbProximal,-0.241870746,1.252055,0.122647226,0.5485596,-0.830176353,-0.09890562,0.0103986487
7934f1476fe2c6e458c230f491769c34,7400006,Mankey,0.3,fighter,LeftThumbIntermediate,-0.223998383,1.29305208,0.126745179,0.534203231,-0.82075727,-0.171951577,-0.106853664
7934f1476fe2c6e458c230f491769c34,7400006,Mankey,0.3,fighter,LeftThumbDistal,-0.208244145,1.32561958,0.14066565,0.49025,-0.768165231,-0.2867511,-0.295553684
7934f1476fe2c6e458c230f491769c34,7400006,Mankey,0.3,fighter,LeftMiddleProximal,-0.245361865,1.30410755,0.170564,0.449087381,-0.8233744,-0.285877824,-0.19659403
7934f1476fe2c6e458c230f491769c34,7400006,Mankey,0.3,fighter,LeftMiddleIntermediate,-0.213863865,1.34214282,0.205771521,0.278070152,-0.867109835,-0.387602329,-0.143396765
7934f1476fe2c6e458c230f491769c34,7400006,Mankey,0.3,fighter,LeftMiddleDistal,-0.170966,1.36193621,0.230534345,0.117293209,-0.8759384,-0.463588178,-0.06372601
7934f1476fe2c6e458c230f491769c34,7400006,Mankey,0.3,fighter,LeftRingProximal,-0.242682979,1.27632725,0.218163982,0.3873976,-0.8478235,-0.303046435,-0.198196411
7934f1476fe2c6e458c230f491769c34,7400006,Mankey,0.3,fighter,LeftRingIntermediate,-0.209543779,1.30495846,0.248614222,0.227908641,-0.8924449,-0.360294342,-0.147607148
7934f1476fe2c6e458c230f491769c34,7400006,Mankey,0.3,fighter,LeftRingDistal,-0.162909016,1.3213923,0.2720093,0.08432779,-0.907162845,-0.402408421,-0.08951387
7934f1476fe2c6e458c230f491769c34,7400006,Mankey,0.3,fighter,LeftLittleProximal,-0.245712131,1.22559893,0.250394434,0.39536,-0.838992238,-0.3123435,-0.205486327
7934f1476fe2c6e458c230f491769c34,7400006,Mankey,0.3,fighter,LeftLittleIntermediate,-0.213551655,1.25413811,0.281959921,0.2518331,-0.8760698,-0.382933348,-0.149813846
7934f1476fe2c6e458c230f491769c34,7400006,Mankey,0.3,fighter,LeftLittleDistal,-0.167727619,1.27220249,0.3071531,0.107842594,-0.895087659,-0.4212314,-0.0987558961
7934f1476fe2c6e458c230f491769c34,7400006,Mankey,0.3,fighter,RightThumbProximal,-0.0419899337,1.17651653,0.4974356,-0.229032323,-0.07222086,0.0216263831,-0.970495462
7934f1476fe2c6e458c230f491769c34,7400006,Mankey,0.3,fighter,RightThumbIntermediate,-0.08639021,1.17691612,0.5041761,0.214576453,0.342648923,-0.00197306275,0.9146285
7934f1476fe2c6e458c230f491769c34,7400006,Mankey,0.3,fighter,RightThumbDistal,-0.116050884,1.17135608,0.5285054,-0.134260342,-0.902501643,-0.100137919,-0.396784723
7934f1476fe2c6e458c230f491769c34,7400006,Mankey,0.3,fighter,RightMiddleProximal,-0.07265054,1.213834,0.549253047,-0.241081089,0.00675569475,-0.470973551,-0.848539
7934f1476fe2c6e458c230f491769c34,7400006,Mankey,0.3,fighter,RightMiddleIntermediate,-0.106388181,1.16555583,0.534785151,0.257676035,-0.163746,0.9333167,0.188973814
7934f1476fe2c6e458c230f491769c34,7400006,Mankey,0.3,fighter,RightMiddleDistal,-0.06394103,1.15124142,0.505828142,-0.0752153546,0.25074017,-0.780487955,0.5677245
7934f1476fe2c6e458c230f491769c34,7400006,Mankey,0.3,fighter,RightRingProximal,-0.061007347,1.18354821,0.5938839,-0.3522756,0.027694568,-0.51372546,-0.7818066
7934f1476fe2c6e458c230f491769c34,7400006,Mankey,0.3,fighter,RightRingIntermediate,-0.08611125,1.14174259,0.57226783,0.2610795,-0.25669682,0.925090432,0.100759491
7934f1476fe2c6e458c230f491769c34,7400006,Mankey,0.3,fighter,RightRingDistal,-0.0399778336,1.13887668,0.5430151,0.0365947038,0.3405671,-0.70408386,0.6220463
7934f1476fe2c6e458c230f491769c34,7400006,Mankey,0.3,fighter,RightLittleProximal,-0.0303391442,1.140244,0.6222666,-0.348580748,0.106328249,-0.402540922,-0.839730263
7934f1476fe2c6e458c230f491769c34,7400006,Mankey,0.3,fighter,RightLittleIntermediate,-0.06518685,1.10813737,0.5977722,0.271851271,-0.2858381,0.872611046,0.2879997
7934f1476fe2c6e458c230f491769c34,7400006,Mankey,0.3,fighter,RightLittleDistal,-0.027216509,1.08892751,0.562414646,0.0795586854,0.361866772,-0.815034151,0.44546926
7934f1476fe2c6e458c230f491769c34,7400006,Mankey,0.3,fighter,UpperChest,-0.0291469581,1.16027224,0.0139919519,0.6854223,-0.5917362,-0.325760454,0.271891177
7934f1476fe2c6e458c230f491769c34,7400006,Mankey,0.316666663,source,AnimatorRoot,0,0,0,0,0,1.37423059E-15,1
7934f1476fe2c6e458c230f491769c34,7400006,Mankey,0.316666663,source,Hips,-0.04089261,0.768168032,0.016908288,-0.0375479236,-0.04783085,-0.002110498,0.998147249
7934f1476fe2c6e458c230f491769c34,7400006,Mankey,0.316666663,source,LeftUpperLeg,-0.1406938,0.7682303,0.007319048,-0.656583667,-0.368868858,0.581101537,0.308471769
7934f1476fe2c6e458c230f491769c34,7400006,Mankey,0.316666663,source,RightUpperLeg,0.0589088,0.7681059,0.0264975242,0.575428247,-0.410034776,-0.511179447,0.489335835
7934f1476fe2c6e458c230f491769c34,7400006,Mankey,0.316666663,source,LeftLowerLeg,-0.160268039,0.454046,0.206928611,-0.431818128,-0.460328132,0.5512189,0.545700431
7934f1476fe2c6e458c230f491769c34,7400006,Mankey,0.316666663,source,RightLowerLeg,0.111515835,0.405735224,-0.0432074443,0.657855153,-0.166663781,-0.655228,0.3318527
7934f1476fe2c6e458c230f491769c34,7400006,Mankey,0.316666663,source,LeftFoot,-0.149311438,0.106385656,0.197760046,0.541073859,0.133829892,-0.8007394,-0.219420359
7934f1476fe2c6e458c230f491769c34,7400006,Mankey,0.316666663,source,RightFoot,0.141369656,0.178117812,-0.30468604,0.4505656,-0.4611573,-0.370414227,0.668669
7934f1476fe2c6e458c230f491769c34,7400006,Mankey,0.316666663,source,Spine,-0.0401276536,0.8658964,0.009581898,-0.0245088823,-0.05522326,-0.03770159,0.997460961
7934f1476fe2c6e458c230f491769c34,7400006,Mankey,0.316666663,source,Chest,-0.0265247189,1.04453647,0.004858981,0.102179244,-0.289929539,0.0387895,0.9507868
7934f1476fe2c6e458c230f491769c34,7400006,Mankey,0.316666663,source,Neck,-0.0541325435,1.24230921,0.0406452827,0.2943295,-0.213432238,0.1926886,0.9114208
7934f1476fe2c6e458c230f491769c34,7400006,Mankey,0.316666663,source,Head,-0.0955628753,1.30768335,0.0801108256,0.1628043,-0.0995522141,0.06360581,0.979560256
7934f1476fe2c6e458c230f491769c34,7400006,Mankey,0.316666663,source,LeftShoulder,-0.07351004,1.199132,0.0174709689,0.0950621739,-0.232377052,0.0477881655,0.9667887
7934f1476fe2c6e458c230f491769c34,7400006,Mankey,0.316666663,source,RightShoulder,-0.02436164,1.19999623,0.0506333262,0.9200469,-0.0367907658,0.371359855,-0.11938215
7934f1476fe2c6e458c230f491769c34,7400006,Mankey,0.316666663,source,LeftUpperArm,-0.199527666,1.19228458,-0.0476234555,-0.151713952,0.05594653,0.5446966,0.8228966
7934f1476fe2c6e458c230f491769c34,7400006,Mankey,0.316666663,source,RightUpperArm,0.07809081,1.17778552,0.146419823,0.849342048,-0.292004138,0.435757339,-0.05888475
7934f1476fe2c6e458c230f491769c34,7400006,Mankey,0.316666663,source,LeftLowerArm,-0.290235668,0.9930197,0.0106851636,-0.6261838,0.719474852,0.191844866,0.231183648
7934f1476fe2c6e458c230f491769c34,7400006,Mankey,0.316666663,source,RightLowerArm,0.179980338,1.05377841,0.30633983,0.297832668,-0.296224356,0.857263744,0.297734737
7934f1476fe2c6e458c230f491769c34,7400006,Mankey,0.316666663,source,LeftHand,-0.264495015,1.18503892,0.146110266,-0.5866886,0.7704645,0.230191976,0.0958814248
7934f1476fe2c6e458c230f491769c34,7400006,Mankey,0.316666663,source,RightHand,0.0274441224,1.13273156,0.468738616,0.156185225,-0.237533256,0.8894604,0.3578333
7934f1476fe2c6e458c230f491769c34,7400006,Mankey,0.316666663,source,LeftToes,-0.101667263,0.03208362,0.318714917,0.5573741,0.00288387481,-0.829857051,-0.0257543251
7934f1476fe2c6e458c230f491769c34,7400006,Mankey,0.316666663,source,RightToes,0.186329022,0.0417182967,-0.262321025,0.424399,-0.5159713,-0.0175931714,0.743875
7934f1476fe2c6e458c230f491769c34,7400006,Mankey,0.316666663,source,LeftThumbProximal,-0.263842285,1.20213628,0.134150654,-0.497981131,0.57034266,-0.5488026,0.35431692
7934f1476fe2c6e458c230f491769c34,7400006,Mankey,0.316666663,source,LeftThumbIntermediate,-0.252558142,1.24482584,0.127797022,-0.42234,0.6681431,-0.4653089,0.398374349
7934f1476fe2c6e458c230f491769c34,7400006,Mankey,0.316666663,source,LeftThumbDistal,-0.2427856,1.27287,0.131974816,-0.233650416,0.7845897,-0.2995171,0.4900169
7934f1476fe2c6e458c230f491769c34,7400006,Mankey,0.316666663,source,LeftIndexProximal,-0.255287439,1.26392257,0.158943251,-0.476495355,0.8540075,0.19768022,0.06742705
7934f1476fe2c6e458c230f491769c34,7400006,Mankey,0.316666663,source,LeftIndexIntermediate,-0.2387352,1.28819549,0.168303,-0.261138946,0.9434734,0.2029157,0.0221425649
7934f1476fe2c6e458c230f491769c34,7400006,Mankey,0.316666663,source,LeftIndexDistal,-0.219537064,1.29896176,0.1715914,-0.0146817276,0.9800306,0.19643794,-0.0271531474
7934f1476fe2c6e458c230f491769c34,7400006,Mankey,0.316666663,source,LeftMiddleProximal,-0.2525821,1.25544918,0.1784589,-0.472268879,0.8526983,0.211780936,0.07083213
7934f1476fe2c6e458c230f491769c34,7400006,Mankey,0.316666663,source,LeftMiddleIntermediate,-0.2347186,1.28091645,0.1889961,-0.265221268,0.9409545,0.208643377,0.0270369351
7934f1476fe2c6e458c230f491769c34,7400006,Mankey,0.316666663,source,LeftMiddleDistal,-0.215948865,1.29159009,0.192530811,-0.0137806656,0.980599046,0.1941957,-0.0229003448
7934f1476fe2c6e458c230f491769c34,7400006,Mankey,0.316666663,source,LeftRingProximal,-0.2502639,1.24738908,0.194037959,-0.412134975,0.876327455,0.243681058,0.0530597
7934f1476fe2c6e458c230f491769c34,7400006,Mankey,0.316666663,source,LeftRingIntermediate,-0.2297602,1.26920211,0.2032414,-0.222115055,0.9479957,0.227857843,0.00709922565
7934f1476fe2c6e458c230f491769c34,7400006,Mankey,0.316666663,source,LeftRingDistal,-0.212463871,1.27722228,0.205442414,-0.0021536625,0.9786181,0.201436117,-0.0415474437
7934f1476fe2c6e458c230f491769c34,7400006,Mankey,0.316666663,source,LeftLittleProximal,-0.2452809,1.23502207,0.2065483,-0.4197408,0.868448734,0.2575106,0.05747407
7934f1476fe2c6e458c230f491769c34,7400006,Mankey,0.316666663,source,LeftLittleIntermediate,-0.227687582,1.2542187,0.215221167,-0.244943649,0.9401304,0.236609548,0.0131870061
7934f1476fe2c6e458c230f491769c34,7400006,Mankey,0.316666663,source,LeftLittleDistal,-0.210976169,1.26284957,0.217894182,-0.054968562,0.976382732,0.206666827,-0.0307331551
7934f1476fe2c6e458c230f491769c34,7400006,Mankey,0.316666663,source,RightThumbProximal,0.0185872335,1.14811993,0.4577601,0.09920652,0.66949594,0.7164129,0.169369429
7934f1476fe2c6e458c230f491769c34,7400006,Mankey,0.316666663,source,RightThumbIntermediate,-0.02258584,1.16487145,0.453984648,-0.25922972,-0.581974745,-0.7698061,0.0387864448
7934f1476fe2c6e458c230f491769c34,7400006,Mankey,0.316666663,source,RightThumbDistal,-0.0484547727,1.17212963,0.467308134,0.585299969,0.171958983,0.5244079,-0.594012439
7934f1476fe2c6e458c230f491769c34,7400006,Mankey,0.316666663,source,RightIndexProximal,-0.0204188488,1.195186,0.4854865,0.005682794,0.204743385,-0.9339624,0.292852461
7934f1476fe2c6e458c230f491769c34,7400006,Mankey,0.316666663,source,RightIndexIntermediate,-0.0459632352,1.17839277,0.481461942,-0.145714164,-0.131434113,0.44392848,-0.874311447
7934f1476fe2c6e458c230f491769c34,7400006,Mankey,0.316666663,source,RightIndexDistal,-0.0332446732,1.16196907,0.473467767,0.1966035,-0.0266005024,0.338149637,0.9199431
7934f1476fe2c6e458c230f491769c34,7400006,Mankey,0.316666663,source,RightMiddleProximal,-0.01897054,1.18496144,0.504283965,0.06818668,0.232826546,-0.9090464,0.338788271
7934f1476fe2c6e458c230f491769c34,7400006,Mankey,0.316666663,source,RightMiddleIntermediate,-0.04397084,1.16577792,0.495031923,-0.212701663,-0.0888858959,0.3628752,-0.902873
7934f1476fe2c6e458c230f491769c34,7400006,Mankey,0.316666663,source,RightMiddleDistal,-0.02819357,1.15226829,0.488143951,0.212470129,-0.120947339,0.448729247,0.859575868
7934f1476fe2c6e458c230f491769c34,7400006,Mankey,0.316666663,source,RightRingProximal,-0.0173011832,1.17560244,0.519206345,0.108798184,0.293329865,-0.859273851,0.404684037
7934f1476fe2c6e458c230f491769c34,7400006,Mankey,0.316666663,source,RightRingIntermediate,-0.0376207158,1.15581846,0.5059138,-0.2923852,-0.08854802,0.26510033,-0.9145449
7934f1476fe2c6e458c230f491769c34,7400006,Mankey,0.316666663,source,RightRingDistal,-0.0214312412,1.14750588,0.499829531,0.268303365,-0.186050281,0.5334689,0.7802628
7934f1476fe2c6e458c230f491769c34,7400006,Mankey,0.316666663,source,RightLittleProximal,-0.01569958,1.16144228,0.5306613,0.196765155,0.3144945,-0.877282143,0.304554373
7934f1476fe2c6e458c230f491769c34,7400006,Mankey,0.316666663,source,RightLittleIntermediate,-0.0359289236,1.15017653,0.5159303,-0.3606087,-0.06726986,0.43702662,-0.82124573
7934f1476fe2c6e458c230f491769c34,7400006,Mankey,0.316666663,source,RightLittleDistal,-0.0243528336,1.137459,0.507844269,0.300908774,-0.25001654,0.332468867,0.8581436
7934f1476fe2c6e458c230f491769c34,7400006,Mankey,0.316666663,fighter,AnimatorRoot,0,0,0,0,0,0,1
7934f1476fe2c6e458c230f491769c34,7400006,Mankey,0.316666663,fighter,Hips,-0.0408926047,0.7681679,0.0169082861,0.477713,-0.5524425,-0.448218346,0.515459
7934f1476fe2c6e458c230f491769c34,7400006,Mankey,0.316666663,fighter,LeftUpperLeg,-0.161883086,0.768501043,0.008807393,0.319404542,0.58668226,0.360243857,0.6511599
7934f1476fe2c6e458c230f491769c34,7400006,Mankey,0.316666663,fighter,RightUpperLeg,0.08009788,0.767834842,0.02500916,0.5176328,0.5096066,0.5586072,0.40039432
7934f1476fe2c6e458c230f491769c34,7400006,Mankey,0.316666663,fighter,LeftLowerLeg,-0.180932447,0.459667236,0.20419316,0.5453331,0.588301659,0.445498645,0.397547573
7934f1476fe2c6e458c230f491769c34,7400006,Mankey,0.316666663,fighter,RightLowerLeg,0.13260369,0.411072165,-0.03728287,0.674681365,0.3150418,0.6427316,0.180139273
7934f1476fe2c6e458c230f491769c34,7400006,Mankey,0.316666663,fighter,LeftFoot,-0.149311408,0.106385447,0.197760016,0.0504355431,0.869259655,0.0153069794,0.4915385
7934f1476fe2c6e458c230f491769c34,7400006,Mankey,0.316666663,fighter,RightFoot,0.141369656,0.178117678,-0.304686129,0.2905816,0.766239762,0.234895051,0.5227463
7934f1476fe2c6e458c230f491769c34,7400006,Mankey,0.316666663,fighter,Spine,-0.04010704,0.812844038,0.0070127286,0.4572063,-0.5790906,-0.456035584,0.4976425
7934f1476fe2c6e458c230f491769c34,7400006,Mankey,0.316666663,fighter,Chest,-0.0203959625,1.05010688,-0.01812339,0.6972635,-0.5341131,-0.382767975,0.2864187
7934f1476fe2c6e458c230f491769c34,7400006,Mankey,0.316666663,fighter,Neck,-0.0465972,1.32851052,0.0272569023,0.6600182,-0.514600039,-0.419951439,0.351003945
7934f1476fe2c6e458c230f491769c34,7400006,Mankey,0.316666663,fighter,Head,-0.0641017258,1.47343624,0.0559857972,0.6530587,-0.425895154,-0.489876032,0.390063435
7934f1476fe2c6e458c230f491769c34,7400006,Mankey,0.316666663,fighter,LeftShoulder,-0.124155775,1.27634943,0.09093191,0.721547365,-0.356445432,0.166091472,0.569851041
7934f1476fe2c6e458c230f491769c34,7400006,Mankey,0.316666663,fighter,RightShoulder,-0.07366075,1.27578032,0.123577856,0.22373347,-0.663484454,-0.7089851,-0.08409774
7934f1476fe2c6e458c230f491769c34,7400006,Mankey,0.316666663,fighter,LeftUpperArm,-0.27075997,1.34534919,-0.0461651571,0.5602001,0.318800032,0.371953249,0.667977154
7934f1476fe2c6e458c230f491769c34,7400006,Mankey,0.316666663,fighter,RightUpperArm,0.114336394,1.31348419,0.214599177,-0.08795798,0.578043342,0.666820765,0.4620388
7934f1476fe2c6e458c230f491769c34,7400006,Mankey,0.316666663,fighter,LeftLowerArm,-0.417330533,1.10462439,-0.04358134,-0.004840739,0.82610774,-0.339756727,0.449542165
7934f1476fe2c6e458c230f491769c34,7400006,Mankey,0.316666663,fighter,RightLowerArm,0.2714859,1.16847146,0.3982116,-0.398799539,0.09884641,0.120707445,0.9036694
7934f1476fe2c6e458c230f491769c34,7400006,Mankey,0.316666663,fighter,LeftHand,-0.264495343,1.18503881,0.146110281,0.5917789,-0.69963026,-0.294735253,-0.2710114
7934f1476fe2c6e458c230f491769c34,7400006,Mankey,0.316666663,fighter,RightHand,0.0274441876,1.13273132,0.468738437,0.251994878,0.343632668,-0.373471,0.823975
7934f1476fe2c6e458c230f491769c34,7400006,Mankey,0.316666663,fighter,LeftToes,-0.00139300921,0.102599479,0.4364612,0.125072241,0.8333018,0.06645805,0.5343678
7934f1476fe2c6e458c230f491769c34,7400006,Mankey,0.316666663,fighter,RightToes,0.22273761,0.0028264164,-0.100910768,0.275273681,0.800191641,0.229814276,0.48073265
7934f1476fe2c6e458c230f491769c34,7400006,Mankey,0.316666663,fighter,LeftEye,-0.24214831,1.51841021,0.230822057,0.5397576,-0.24207747,-0.4434703,-0.6733459
7934f1476fe2c6e458c230f491769c34,7400006,Mankey,0.316666663,fighter,RightEye,0.0131915743,1.54262638,0.287496567,0.415268421,-0.418382466,-0.6597175,-0.466134936
7934f1476fe2c6e458c230f491769c34,7400006,Mankey,0.316666663,fighter,Jaw,-0.08185967,1.32438374,0.199695125,0.762532949,0.162529349,-0.6220336,-0.0721283257
7934f1476fe2c6e458c230f491769c34,7400006,Mankey,0.316666663,fighter,LeftThumbProximal,-0.243449956,1.25515926,0.151842743,0.541517258,-0.828560233,-0.140010059,0.02538152
7934f1476fe2c6e458c230f491769c34,7400006,Mankey,0.316666663,fighter,LeftThumbIntermediate,-0.2249362,1.29577947,0.156764016,0.521255732,-0.8199177,-0.21543403,-0.09806256
7934f1476fe2c6e458c230f491769c34,7400006,Mankey,0.316666663,fighter,LeftThumbDistal,-0.207982823,1.32727551,0.171703264,0.460490257,-0.760421,-0.338379323,-0.3085589
7934f1476fe2c6e458c230f491769c34,7400006,Mankey,0.316666663,fighter,LeftMiddleProximal,-0.244088963,1.305649,0.201522291,0.4136901,-0.8357552,-0.3176893,-0.171602428
7934f1476fe2c6e458c230f491769c34,7400006,Mankey,0.316666663,fighter,LeftMiddleIntermediate,-0.207770333,1.34097457,0.234860316,0.212067991,-0.8774712,-0.416381955,-0.108158454
7934f1476fe2c6e458c230f491769c34,7400006,Mankey,0.316666663,fighter,LeftMiddleDistal,-0.160475656,1.356022,0.254405,0.0234361,-0.873649061,-0.485752732,-0.0152617991
7934f1476fe2c6e458c230f491769c34,7400006,Mankey,0.316666663,fighter,LeftRingProximal,-0.23761335,1.27645254,0.247893751,0.3509275,-0.8586909,-0.335122615,-0.164903566
7934f1476fe2c6e458c230f491769c34,7400006,Mankey,0.316666663,fighter,LeftRingIntermediate,-0.200311989,1.3027041,0.275545716,0.163935855,-0.9011065,-0.38838166,-0.101450056
7934f1476fe2c6e458c230f491769c34,7400006,Mankey,0.316666663,fighter,LeftRingDistal,-0.149677143,1.31455481,0.2925125,-0.00542372465,-0.9052298,-0.4237249,-0.0314205
7934f1476fe2c6e458c230f491769c34,7400006,Mankey,0.316666663,fighter,LeftLittleProximal,-0.237664938,1.22471309,0.278624475,0.359324753,-0.850179255,-0.3445758,-0.171315268
7934f1476fe2c6e458c230f491769c34,7400006,Mankey,0.316666663,fighter,LeftLittleIntermediate,-0.2012297,1.25100541,0.307370842,0.189969286,-0.8848429,-0.412435234,-0.104222134
7934f1476fe2c6e458c230f491769c34,7400006,Mankey,0.316666663,fighter,LeftLittleDistal,-0.1510999,1.26484883,0.326244354,0.0224266052,-0.8950238,-0.443468928,-0.042016238
7934f1476fe2c6e458c230f491769c34,7400006,Mankey,0.316666663,fighter,RightThumbProximal,-0.02608534,1.1822871,0.477189243,-0.238227874,-0.0591612756,0.0884799957,-0.965359569
7934f1476fe2c6e458c230f491769c34,7400006,Mankey,0.316666663,fighter,RightThumbIntermediate,-0.0699784458,1.18869328,0.484212369,0.242435053,0.3295934,-0.06280416,0.910301745
7934f1476fe2c6e458c230f491769c34,7400006,Mankey,0.316666663,fighter,RightThumbDistal,-0.100014091,1.18693089,0.508653164,-0.197763532,-0.8917203,-0.07758355,-0.399631917
7934f1476fe2c6e458c230f491769c34,7400006,Mankey,0.316666663,fighter,RightMiddleProximal,-0.05206354,1.22220063,0.529627264,-0.248297125,0.0235997289,-0.4107098,-0.876989
7934f1476fe2c6e458c230f491769c34,7400006,Mankey,0.316666663,fighter,RightMiddleIntermediate,-0.09218428,1.179221,0.514746964,0.249495015,-0.1869656,0.9162408,0.251594156
7934f1476fe2c6e458c230f491769c34,7400006,Mankey,0.316666663,fighter,RightMiddleDistal,-0.05223758,1.15960526,0.4853419,-0.05593513,0.262114882,-0.8158778,0.5123583
7934f1476fe2c6e458c230f491769c34,7400006,Mankey,0.316666663,fighter,RightRingProximal,-0.044114124,1.19006181,0.5737703,-0.3579654,0.05219339,-0.4576066,-0.812239766
7934f1476fe2c6e458c230f491769c34,7400006,Mankey,0.316666663,fighter,RightRingIntermediate,-0.0748244,1.15240324,0.551772654,0.245862573,-0.280263633,0.9134229,0.163287863
7934f1476fe2c6e458c230f491769c34,7400006,Mankey,0.316666663,fighter,RightRingDistal,-0.0296534263,1.14362407,0.522196949,0.0624857545,0.3437469,-0.7430867,0.5707507
7934f1476fe2c6e458c230f491769c34,7400006,Mankey,0.316666663,fighter,RightLittleProximal,-0.0188325141,1.1429764,0.601432145,-0.350132823,0.12932691,-0.3425195,-0.862184644
7934f1476fe2c6e458c230f491769c34,7400006,Mankey,0.316666663,fighter,RightLittleIntermediate,-0.0578726865,1.11630273,0.576742768,0.255829871,-0.3087703,0.848092,0.346341074
7934f1476fe2c6e458c230f491769c34,7400006,Mankey,0.316666663,fighter,RightLittleDistal,-0.0230618939,1.09254181,0.5409023,0.104927748,0.362090558,-0.841575563,0.386822879
7934f1476fe2c6e458c230f491769c34,7400006,Mankey,0.316666663,fighter,UpperChest,-0.0366905741,1.16526031,0.009087851,0.6633822,-0.575654,-0.364582568,0.309235483
7934f1476fe2c6e458c230f491769c34,7400006,Mankey,0.333333343,source,AnimatorRoot,0,0,0,0,0,1.44655853E-15,1
7934f1476fe2c6e458c230f491769c34,7400006,Mankey,0.333333343,source,Hips,-0.0438222,0.772262,0.0157457367,-0.041841194,-0.009546162,0.00034891165,0.999078631
7934f1476fe2c6e458c230f491769c34,7400006,Mankey,0.333333343,source,LeftUpperLeg,-0.144064724,0.772112,0.0138362171,-0.638022065,-0.359902143,0.595755041,0.329354525
7934f1476fe2c6e458c230f491769c34,7400006,Mankey,0.333333343,source,RightUpperLeg,0.0564205535,0.7724121,0.0176552311,0.5457001,-0.397886,-0.518840432,0.524121165
7934f1476fe2c6e458c230f491769c34,7400006,Mankey,0.333333343,source,LeftLowerLeg,-0.15565449,0.454652369,0.20883365,-0.4240641,-0.450471938,0.5530224,0.5580421
7934f1476fe2c6e458c230f491769c34,7400006,Mankey,0.333333343,source,RightLowerLeg,0.110462107,0.4078216,-0.03795137,0.6154714,-0.138881415,-0.680758238,0.372122943
7934f1476fe2c6e458c230f491769c34,7400006,Mankey,0.333333343,source,LeftFoot,-0.149559274,0.10694997,0.19709684,0.539212644,0.131934151,-0.802541852,-0.218563348
7934f1476fe2c6e458c230f491769c34,7400006,Mankey,0.333333343,source,RightFoot,0.122487314,0.172045767,-0.293562621,0.411418021,-0.390178382,-0.382603317,0.729459465
7934f1476fe2c6e458c230f491769c34,7400006,Mankey,0.333333343,source,Spine,-0.04381222,0.869924366,0.00755129755,-0.0278512873,-0.015839668,-0.0285380054,0.9990791
7934f1476fe2c6e458c230f491769c34,7400006,Mankey,0.333333343,source,Chest,-0.0335358456,1.04873085,0.00105068961,0.102053225,-0.230121374,0.0285606664,0.9673748
7934f1476fe2c6e458c230f491769c34,7400006,Mankey,0.333333343,source,Neck,-0.05477916,1.24680066,0.0394430533,0.305644274,-0.16032958,0.181311563,0.9208705
7934f1476fe2c6e458c230f491769c34,7400006,Mankey,0.333333343,source,Head,-0.09230492,1.31173456,0.08329716,0.166948408,-0.0759649351,0.0585217178,0.9812916
7934f1476fe2c6e458c230f491769c34,7400006,Mankey,0.333333343,source,LeftShoulder,-0.07726849,1.20375264,0.0190006029,0.09620532,-0.176468655,0.0373770632,0.9788802
7934f1476fe2c6e458c230f491769c34,7400006,Mankey,0.333333343,source,RightShoulder,-0.0243496113,1.20424783,0.045747593,0.933384061,-0.0531485565,0.336187035,-0.113790892
7934f1476fe2c6e458c230f491769c34,7400006,Mankey,0.333333343,source,LeftUpperArm,-0.210029691,1.1981833,-0.03107998,-0.125039175,0.09580211,0.547693133,0.821717739
7934f1476fe2c6e458c230f491769c34,7400006,Mankey,0.333333343,source,RightUpperArm,0.0847526,1.17928791,0.133146584,0.8445389,-0.3383487,0.412307352,-0.0477218553
7934f1476fe2c6e458c230f491769c34,7400006,Mankey,0.333333343,source,LeftLowerArm,-0.2965138,0.999675632,0.0356248841,-0.6189528,0.720963061,0.2236305,0.2170242
7934f1476fe2c6e458c230f491769c34,7400006,Mankey,0.333333343,source,RightLowerArm,0.182416454,1.04089165,0.283618927,0.2847292,-0.308739424,0.8403251,0.342729837
7934f1476fe2c6e458c230f491769c34,7400006,Mankey,0.333333343,source,LeftHand,-0.263516456,1.18769372,0.175031647,-0.580048263,0.767208338,0.2613727,0.08136575
7934f1476fe2c6e458c230f491769c34,7400006,Mankey,0.333333343,source,RightHand,0.039894823,1.13548636,0.446756065,0.147986352,-0.243039325,0.8687121,0.405427545
7934f1476fe2c6e458c230f491769c34,7400006,Mankey,0.333333343,source,LeftToes,-0.101200595,0.03311619,0.318054855,0.5551184,0.00280092936,-0.831317067,-0.0273505785
7934f1476fe2c6e458c230f491769c34,7400006,Mankey,0.333333343,source,RightToes,0.182794064,0.04039175,-0.255467027,0.4193488,-0.430721432,-0.0264328625,0.798703551
7934f1476fe2c6e458c230f491769c34,7400006,Mankey,0.333333343,source,LeftThumbProximal,-0.2636891,1.20518732,0.163641989,-0.501770556,0.592831433,-0.527214348,0.34470728
7934f1476fe2c6e458c230f491769c34,7400006,Mankey,0.333333343,source,LeftThumbIntermediate,-0.252143651,1.24794209,0.158271939,-0.417407155,0.692778,-0.441337764,0.388653964
7934f1476fe2c6e458c230f491769c34,7400006,Mankey,0.333333343,source,LeftThumbDistal,-0.241663754,1.27557528,0.163372338,-0.198797822,0.811338365,-0.264518023,0.481913984
7934f1476fe2c6e458c230f491769c34,7400006,Mankey,0.333333343,source,LeftIndexProximal,-0.253948718,1.266167,0.189947948,-0.4472953,0.8644698,0.225627363,0.0413750634
7934f1476fe2c6e458c230f491769c34,7400006,Mankey,0.333333343,source,LeftIndexIntermediate,-0.235558227,1.289437,0.198377281,-0.202914059,0.9532069,0.223517,-0.016233176
7934f1476fe2c6e458c230f491769c34,7400006,Mankey,0.333333343,source,LeftIndexDistal,-0.215147316,1.29820776,0.199707314,0.07213034,0.9732773,0.2044884,-0.0755892843
7934f1476fe2c6e458c230f491769c34,7400006,Mankey,0.333333343,source,LeftMiddleProximal,-0.2500051,1.257063,0.208962247,-0.442934483,0.8626677,0.24037008,0.04285414
7934f1476fe2c6e458c230f491769c34,7400006,Mankey,0.333333343,source,LeftMiddleIntermediate,-0.230169162,1.28148615,0.218384162,-0.207396671,0.950798452,0.229747579,-0.0136300456
7934f1476fe2c6e458c230f491769c34,7400006,Mankey,0.333333343,source,LeftMiddleDistal,-0.210179687,1.29025209,0.219902083,0.07228641,0.9739169,0.20188348,-0.07419356
7934f1476fe2c6e458c230f491769c34,7400006,Mankey,0.333333343,source,LeftRingProximal,-0.246691942,1.24850166,0.224087417,-0.38053304,0.8838311,0.271427125,0.0191060267
7934f1476fe2c6e458c230f491769c34,7400006,Mankey,0.333333343,source,LeftRingIntermediate,-0.224465638,1.269244,0.231614962,-0.163968667,0.9542382,0.246950924,-0.03949586
7934f1476fe2c6e458c230f491769c34,7400006,Mankey,0.333333343,source,LeftRingDistal,-0.206365511,1.27562392,0.231722713,0.08088075,0.9700571,0.206903458,-0.09817993
7934f1476fe2c6e458c230f491769c34,7400006,Mankey,0.333333343,source,LeftLittleProximal,-0.240885153,1.23575819,0.23584193,-0.388620526,0.875599742,0.286031127,0.0220452454
7934f1476fe2c6e458c230f491769c34,7400006,Mankey,0.333333343,source,LeftLittleIntermediate,-0.221756324,1.25409,0.243003,-0.190018386,0.946925,0.2569524,-0.0346703
7934f1476fe2c6e458c230f491769c34,7400006,Mankey,0.333333343,source,LeftLittleDistal,-0.204176262,1.26126516,0.24361074,0.0222368967,0.972313166,0.21510458,-0.08856346
7934f1476fe2c6e458c230f491769c34,7400006,Mankey,0.333333343,source,RightThumbProximal,0.0325863548,1.15171361,0.435845852,0.137953132,0.664629,0.7056229,0.203307912
7934f1476fe2c6e458c230f491769c34,7400006,Mankey,0.333333343,source,RightThumbIntermediate,-0.006638434,1.17269337,0.4324754,-0.2935471,-0.5677475,-0.7690853,0.00120167329
7934f1476fe2c6e458c230f491769c34,7400006,Mankey,0.333333343,source,RightThumbDistal,-0.0314596929,1.18263435,0.446057767,0.596613765,0.13809827,0.551714659,-0.566208661
7934f1476fe2c6e458c230f491769c34,7400006,Mankey,0.333333343,source,RightIndexProximal,-0.0009670074,1.20262957,0.463903069,0.0113445241,0.20520021,-0.948192656,0.2422712
7934f1476fe2c6e458c230f491769c34,7400006,Mankey,0.333333343,source,RightIndexIntermediate,-0.028174378,1.18860877,0.4601742,-0.149600834,-0.127969578,0.490107775,-0.8491399
7934f1476fe2c6e458c230f491769c34,7400006,Mankey,0.333333343,source,RightIndexDistal,-0.0173357539,1.17093635,0.452074051,0.196218967,-0.0318548,0.288296342,0.9366801
7934f1476fe2c6e458c230f491769c34,7400006,Mankey,0.333333343,source,RightMiddleProximal,-0.000400703051,1.19231927,0.482700944,0.07534416,0.230214834,-0.926071465,0.2893379
7934f1476fe2c6e458c230f491769c34,7400006,Mankey,0.333333343,source,RightMiddleIntermediate,-0.0273734871,1.1758616,0.4737433,-0.214670986,-0.08215444,0.410999835,-0.882182956
7934f1476fe2c6e458c230f491769c34,7400006,Mankey,0.333333343,source,RightMiddleDistal,-0.0131755332,1.16076672,0.466712117,0.20772104,-0.127162933,0.401862025,0.882716954
7934f1476fe2c6e458c230f491769c34,7400006,Mankey,0.333333343,source,RightRingProximal,0.00043511184,1.18284464,0.4976203,0.119306467,0.288873971,-0.880079746,0.35746032
7934f1476fe2c6e458c230f491769c34,7400006,Mankey,0.333333343,source,RightRingIntermediate,-0.0219889414,1.16529644,0.484574229,-0.29473567,-0.07774311,0.314395756,-0.899023354
7934f1476fe2c6e458c230f491769c34,7400006,Mankey,0.333333343,source,RightRingDistal,-0.00682696374,1.15532672,0.47833392,0.2605447,-0.195482835,0.490392536,0.8083431
7934f1476fe2c6e458c230f491769c34,7400006,Mankey,0.333333343,source,RightLittleProximal,0.0006628674,1.16860056,0.5090811,0.208222151,0.304846168,-0.8932756,0.256459862
7934f1476fe2c6e458c230f491769c34,7400006,Mankey,0.333333343,source,RightLittleIntermediate,-0.0207925718,1.15951324,0.494581729,-0.3608877,-0.05232255,0.481526375,-0.796966255
7934f1476fe2c6e458c230f491769c34,7400006,Mankey,0.333333343,source,RightLittleDistal,-0.0107019348,1.14564633,0.486395419,0.2886382,-0.260771155,0.285441875,0.875905335
7934f1476fe2c6e458c230f491769c34,7400006,Mankey,0.333333343,fighter,AnimatorRoot,0,0,0,0,0,0,1
7934f1476fe2c6e458c230f491769c34,7400006,Mankey,0.333333343,fighter,Hips,-0.0438222,0.7722619,0.0157457348,0.459354579,-0.5331737,-0.46021992,0.541217864
7934f1476fe2c6e458c230f491769c34,7400006,Mankey,0.333333343,fighter,LeftUpperLeg,-0.165076077,0.7714777,0.0168902464,0.335339516,0.6000395,0.352274835,0.635139763
7934f1476fe2c6e458c230f491769c34,7400006,Mankey,0.333333343,fighter,RightUpperLeg,0.07743168,0.773046136,0.0146012036,0.5264145,0.544338346,0.527047753,0.385751545
7934f1476fe2c6e458c230f491769c34,7400006,Mankey,0.333333343,fighter,LeftLowerLeg,-0.176679641,0.460451573,0.209360734,0.557137966,0.586565435,0.44064188,0.389066756
7934f1476fe2c6e458c230f491769c34,7400006,Mankey,0.333333343,fighter,RightLowerLeg,0.131652176,0.414523363,-0.03477753,0.699673235,0.357471377,0.5994138,0.152887613
7934f1476fe2c6e458c230f491769c34,7400006,Mankey,0.333333343,fighter,LeftFoot,-0.149559245,0.106950045,0.197096914,0.0493204519,0.870657861,0.0137400031,0.4892174
7934f1476fe2c6e458c230f491769c34,7400006,Mankey,0.333333343,fighter,RightFoot,0.122487336,0.172045782,-0.293562621,0.2784979,0.825474,0.204123288,0.4465033
7934f1476fe2c6e458c230f491769c34,7400006,Mankey,0.333333343,fighter,Spine,-0.04420934,0.8168071,0.00525446143,0.443031937,-0.555378854,-0.465735883,0.527605
7934f1476fe2c6e458c230f491769c34,7400006,Mankey,0.333333343,fighter,Chest,-0.0320958532,1.05420339,-0.0232106745,0.6706003,-0.5160093,-0.424384147,0.3223785
7934f1476fe2c6e458c230f491769c34,7400006,Mankey,0.333333343,fighter,Neck,-0.05257495,1.332923,0.0231617745,0.639804542,-0.4982526,-0.448959,0.375273824
7934f1476fe2c6e458c230f491769c34,7400006,Mankey,0.333333343,fighter,Head,-0.06750644,1.47791314,0.0529963672,0.6416533,-0.41544494,-0.507155,0.3980965
7934f1476fe2c6e458c230f491769c34,7400006,Mankey,0.333333343,fighter,LeftShoulder,-0.121373758,1.28121674,0.096536085,0.7272967,-0.32236433,0.124172226,0.593044758
7934f1476fe2c6e458c230f491769c34,7400006,Mankey,0.333333343,fighter,RightShoulder,-0.06714188,1.28088009,0.122509457,0.192670882,-0.665273845,-0.718764961,-0.0605469942
7934f1476fe2c6e458c230f491769c34,7400006,Mankey,0.333333343,fighter,LeftUpperArm,-0.282963634,1.34948194,-0.0229540654,0.575350165,0.352183461,0.3451251,0.65255487
7934f1476fe2c6e458c230f491769c34,7400006,Mankey,0.333333343,fighter,RightUpperArm,0.127792045,1.31681812,0.198394969,-0.0397685766,0.57805264,0.664387345,0.472084343
7934f1476fe2c6e458c230f491769c34,7400006,Mankey,0.333333343,fighter,LeftLowerArm,-0.4277516,1.10830975,-0.00533738127,-0.017755229,0.8434165,-0.329782337,0.423765182
7934f1476fe2c6e458c230f491769c34,7400006,Mankey,0.333333343,fighter,RightLowerArm,0.283121377,1.15297508,0.367114753,-0.386662781,0.131175786,0.09339475,0.908054352
7934f1476fe2c6e458c230f491769c34,7400006,Mankey,0.333333343,fighter,LeftHand,-0.263516575,1.18769372,0.175031632,0.579974234,-0.7006868,-0.325382829,-0.258445859
7934f1476fe2c6e458c230f491769c34,7400006,Mankey,0.333333343,fighter,RightHand,0.0398949981,1.13548625,0.446756,0.267286867,0.33405757,-0.417779177,0.8015138
7934f1476fe2c6e458c230f491769c34,7400006,Mankey,0.333333343,fighter,LeftToes,-0.0003201217,0.1041197,0.4349878,0.126823485,0.834512234,0.06614095,0.5321002
7934f1476fe2c6e458c230f491769c34,7400006,Mankey,0.333333343,fighter,RightToes,0.25129804,0.0113241905,-0.102647729,0.2633486,0.8544869,0.19898735,0.401128143
7934f1476fe2c6e458c230f491769c34,7400006,Mankey,0.333333343,fighter,LeftEye,-0.236742109,1.52218032,0.2365464,0.526711166,-0.2576308,-0.456599623,-0.6691176
7934f1476fe2c6e458c230f491769c34,7400006,Mankey,0.333333343,fighter,RightEye,0.0210990347,1.54568553,0.2808444,0.3974187,-0.42812705,-0.6704124,-0.4575075
7934f1476fe2c6e458c230f491769c34,7400006,Mankey,0.333333343,fighter,Jaw,-0.07851175,1.328085,0.196574658,0.7470803,0.1618154,-0.639915347,-0.0787107944
7934f1476fe2c6e458c230f491769c34,7400006,Mankey,0.333333343,fighter,LeftThumbProximal,-0.242524281,1.25773358,0.181842327,0.5301289,-0.8281255,-0.178740561,0.0349811465
7934f1476fe2c6e458c230f491769c34,7400006,Mankey,0.333333343,fighter,LeftThumbIntermediate,-0.222966418,1.29772806,0.187751487,0.503802061,-0.8195689,-0.2558208,-0.0951120257
7934f1476fe2c6e458c230f491769c34,7400006,Mankey,0.333333343,fighter,LeftThumbDistal,-0.204581812,1.32785249,0.203786522,0.424506068,-0.7511442,-0.384606,-0.3281093
7934f1476fe2c6e458c230f491769c34,7400006,Mankey,0.333333343,fighter,LeftMiddleProximal,-0.2403721,1.306521,0.233153567,0.374735951,-0.847468257,-0.34470728,-0.150159433
7934f1476fe2c6e458c230f491769c34,7400006,Mankey,0.333333343,fighter,LeftMiddleIntermediate,-0.1994912,1.33876431,0.264258057,0.1419511,-0.884230256,-0.4386512,-0.0746465
7934f1476fe2c6e458c230f491769c34,7400006,Mankey,0.333333343,fighter,LeftMiddleDistal,-0.148894936,1.34866142,0.277942151,-0.0741449,-0.8627285,-0.499211431,0.03147039
7934f1476fe2c6e458c230f491769c34,7400006,Mankey,0.333333343,fighter,LeftRingProximal,-0.230907068,1.27583194,0.2780231,0.3111486,-0.86791575,-0.362823874,-0.135159835
7934f1476fe2c6e458c230f491769c34,7400006,Mankey,0.333333343,fighter,LeftRingIntermediate,-0.1898439,1.29940975,0.302580774,0.09626365,-0.905005932,-0.410416,-0.05707109
7934f1476fe2c6e458c230f491769c34,7400006,Mankey,0.333333343,fighter,LeftRingDistal,-0.136513069,1.30637813,0.312553555,-0.09854758,-0.8940191,-0.4363419,0.0249933
7934f1476fe2c6e458c230f491769c34,7400006,Mankey,0.333333343,fighter,LeftLittleProximal,-0.228800371,1.22309077,0.306924552,0.3201818,-0.8596716,-0.372386754,-0.140630841
7934f1476fe2c6e458c230f491769c34,7400006,Mankey,0.333333343,fighter,LeftLittleIntermediate,-0.188506573,1.246868,0.3325414,0.124641091,-0.8892527,-0.435923,-0.0605479777
7934f1476fe2c6e458c230f491769c34,7400006,Mankey,0.333333343,fighter,LeftLittleDistal,-0.135306269,1.25621176,0.344511122,-0.0662051439,-0.8867675,-0.457266867,0.0129601657
7934f1476fe2c6e458c230f491769c34,7400006,Mankey,0.333333343,fighter,RightThumbProximal,-0.008043921,1.19039249,0.455687,-0.237712577,-0.0508894324,0.14938271,-0.958430052
7934f1476fe2c6e458c230f491769c34,7400006,Mankey,0.333333343,fighter,RightThumbIntermediate,-0.05071763,1.20216608,0.4632575,0.258818448,0.320259541,-0.12137872,0.903169036
7934f1476fe2c6e458c230f491769c34,7400006,Mankey,0.333333343,fighter,RightThumbDistal,-0.080387,1.20423889,0.4881175,-0.251410365,-0.880920231,-0.04859826,-0.398008645
7934f1476fe2c6e458c230f491769c34,7400006,Mankey,0.333333343,fighter,RightMiddleProximal,-0.0291307662,1.23284066,0.508329153,-0.2493478,0.0300050378,-0.3546011,-0.900657535
7934f1476fe2c6e458c230f491769c34,7400006,Mankey,0.333333343,fighter,RightMiddleIntermediate,-0.07441845,1.1950084,0.494326144,0.2430421,-0.197304815,0.8978853,0.309521765
7934f1476fe2c6e458c230f491769c34,7400006,Mankey,0.333333343,fighter,RightMiddleDistal,-0.0376003161,1.17047584,0.464531064,-0.0469642,0.2659966,-0.846255839,0.4592293
7934f1476fe2c6e458c230f491769c34,7400006,Mankey,0.333333343,fighter,RightRingProximal,-0.0241312385,1.200068,0.552438855,-0.3578989,0.06515062,-0.404860318,-0.8388994
7934f1476fe2c6e458c230f491769c34,7400006,Mankey,0.333333343,fighter,RightRingIntermediate,-0.0595324971,1.16632271,0.5311505,0.2339509,-0.291046947,0.9007293,0.221914232
7934f1476fe2c6e458c230f491769c34,7400006,Mankey,0.333333343,fighter,RightRingDistal,-0.01620679,1.151904,0.5010305,0.0767244548,0.340984881,-0.778265953,0.5216754
7934f1476fe2c6e458c230f491769c34,7400006,Mankey,0.333333343,fighter,RightLittleProximal,-0.00364017161,1.150603,0.579910934,-0.345706552,0.14178662,-0.2877453,-0.881808639
7934f1476fe2c6e458c230f491769c34,7400006,Mankey,0.333333343,fighter,RightLittleIntermediate,-0.0460029431,1.12876344,0.5559607,0.2413126,-0.318294048,0.8245871,0.4006415
7934f1476fe2c6e458c230f491769c34,7400006,Mankey,0.333333343,fighter,RightLittleDistal,-0.0148817264,1.10070729,0.5198327,0.119435996,0.354745835,-0.86566484,0.332437754
7934f1476fe2c6e458c230f491769c34,7400006,Mankey,0.333333343,fighter,UpperChest,-0.0449077524,1.16954768,0.005035328,0.637873,-0.555957139,-0.403927565,0.347667
7934f1476fe2c6e458c230f491769c34,7400006,Mankey,0.35,source,AnimatorRoot,0,0,0,0,0,1.51888646E-15,1
7934f1476fe2c6e458c230f491769c34,7400006,Mankey,0.35,source,Hips,-0.04613756,0.7754228,0.0145120723,-0.04428768,0.0253153369,0.00323862676,0.9986928
7934f1476fe2c6e458c230f491769c34,7400006,Mankey,0.35,source,LeftUpperLeg,-0.146267787,0.774999,0.0196104739,-0.6209424,-0.350642323,0.608346462,0.3484181
7934f1476fe2c6e458c230f491769c34,7400006,Mankey,0.35,source,RightUpperLeg,0.05399289,0.7758468,0.00941363,0.5173425,-0.381714374,-0.527125359,0.555688739
7934f1476fe2c6e458c230f491769c34,7400006,Mankey,0.35,source,LeftLowerLeg,-0.151459828,0.4546712,0.210141361,-0.41681245,-0.440979242,0.553972065,0.5700174
7934f1476fe2c6e458c230f491769c34,7400006,Mankey,0.35,source,RightLowerLeg,0.1109729,0.410262465,-0.0357554778,0.570948839,-0.113998234,-0.704650164,0.4055739
7934f1476fe2c6e458c230f491769c34,7400006,Mankey,0.35,source,LeftFoot,-0.150522038,0.107010208,0.195900664,0.537646055,0.128360733,-0.80462563,-0.216882348
7934f1476fe2c6e458c230f491769c34,7400006,Mankey,0.35,source,RightFoot,0.104342468,0.166085839,-0.2835574,0.373475164,-0.3271663,-0.391402125,0.774779558
7934f1476fe2c6e458c230f491769c34,7400006,Mankey,0.35,source,Spine,-0.04699128,0.873041868,0.00585860759,-0.0307238679,0.020182848,-0.0195583515,0.9991329
7934f1476fe2c6e458c230f491769c34,7400006,Mankey,0.35,source,Chest,-0.0400725827,1.05195618,-0.00197673612,0.1009104,-0.170399547,0.0194900949,0.9800008
7934f1476fe2c6e458c230f491769c34,7400006,Mankey,0.35,source,Neck,-0.0551780276,1.25030422,0.0378586762,0.3133704,-0.107936591,0.167358786,0.928514957
7934f1476fe2c6e458c230f491769c34,7400006,Mankey,0.35,source,Head,-0.08805599,1.31525242,0.08527754,0.171505451,-0.05557898,0.05210984,0.982233167
7934f1476fe2c6e458c230f491769c34,7400006,Mankey,0.35,source,LeftShoulder,-0.0802823752,1.20733738,0.02052569,0.09605668,-0.11905764,0.0280188862,0.987832963
7934f1476fe2c6e458c230f491769c34,7400006,Mankey,0.35,source,RightShoulder,-0.0244749524,1.20756721,0.04056393,0.946140766,-0.06629606,0.2984718,-0.1064777
7934f1476fe2c6e458c230f491769c34,7400006,Mankey,0.35,source,LeftUpperArm,-0.2180359,1.20272481,-0.0136401271,-0.09945664,0.132950872,0.543434143,0.8228684
7934f1476fe2c6e458c230f491769c34,7400006,Mankey,0.35,source,RightUpperArm,0.09097901,1.18072045,0.118759349,0.8368978,-0.379436076,0.393267721,-0.0311697572
7934f1476fe2c6e458c230f491769c34,7400006,Mankey,0.35,source,LeftLowerArm,-0.302775055,1.00608337,0.0604254827,-0.6063253,0.7267175,0.2477055,0.2071087
7934f1476fe2c6e458c230f491769c34,7400006,Mankey,0.35,source,RightLowerArm,0.182229474,1.03127539,0.262541026,0.269231558,-0.312262774,0.825489163,0.385453671
7934f1476fe2c6e458c230f491769c34,7400006,Mankey,0.35,source,LeftHand,-0.26047498,1.190138,0.202581957,-0.5715876,0.76652,0.283393741,0.07364326
7934f1476fe2c6e458c230f491769c34,7400006,Mankey,0.35,source,RightHand,0.05035684,1.14195323,0.4245111,0.136359572,-0.239489809,0.8513109,0.446454138
7934f1476fe2c6e458c230f491769c34,7400006,Mankey,0.35,source,LeftToes,-0.101438962,0.0340824,0.317116231,0.5527711,0.00180177309,-0.832797647,-0.029823415
7934f1476fe2c6e458c230f491769c34,7400006,Mankey,0.35,source,RightToes,0.176146269,0.0386786163,-0.251423329,0.409088045,-0.3546283,-0.0327458344,0.8401272
7934f1476fe2c6e458c230f491769c34,7400006,Mankey,0.35,source,LeftThumbProximal,-0.261032224,1.20792949,0.191676408,-0.497935057,0.6122796,-0.5145288,0.335313737
7934f1476fe2c6e458c230f491769c34,7400006,Mankey,0.35,source,LeftThumbIntermediate,-0.248574719,1.250524,0.187135339,-0.404856622,0.7137197,-0.426271081,0.38077423
7934f1476fe2c6e458c230f491769c34,7400006,Mankey,0.35,source,LeftThumbDistal,-0.237112254,1.27759135,0.1930847,-0.156021938,0.8312851,-0.237720758,0.4776105
7934f1476fe2c6e458c230f491769c34,7400006,Mankey,0.35,source,LeftIndexProximal,-0.249893233,1.26814687,0.219157249,-0.414503366,0.876328647,0.244477943,0.02158807
7934f1476fe2c6e458c230f491769c34,7400006,Mankey,0.35,source,LeftIndexIntermediate,-0.2296832,1.290222,0.226573139,-0.13955684,0.960735,0.23509793,-0.04734856
7934f1476fe2c6e458c230f491769c34,7400006,Mankey,0.35,source,LeftIndexDistal,-0.208394572,1.29668534,0.226008743,0.163682282,0.9584395,0.203399464,-0.115026683
7934f1476fe2c6e458c230f491769c34,7400006,Mankey,0.35,source,LeftMiddleProximal,-0.245208055,1.25852358,0.237742737,-0.410192251,0.873918355,0.259921521,0.02121976
7934f1476fe2c6e458c230f491769c34,7400006,Mankey,0.35,source,LeftMiddleIntermediate,-0.223446235,1.28170872,0.245964259,-0.144580543,0.958363235,0.241699308,-0.04710085
7934f1476fe2c6e458c230f491769c34,7400006,Mankey,0.35,source,LeftMiddleDistal,-0.202578157,1.28827012,0.245518073,0.162988827,0.9590566,0.200189084,-0.116490528
7934f1476fe2c6e458c230f491769c34,7400006,Mankey,0.35,source,LeftRingProximal,-0.241311908,1.24954879,0.2524845,-0.345666945,0.892187655,0.290608823,-0.00792419352
7934f1476fe2c6e458c230f491769c34,7400006,Mankey,0.35,source,LeftRingIntermediate,-0.217480659,1.2690109,0.258333921,-0.101232916,0.957865238,0.2570634,-0.07851882
7934f1476fe2c6e458c230f491769c34,7400006,Mankey,0.35,source,LeftRingDistal,-0.198918715,1.2735076,0.256446064,0.168135285,0.953606665,0.202883348,-0.145615891
7934f1476fe2c6e458c230f491769c34,7400006,Mankey,0.35,source,LeftLittleProximal,-0.235086083,1.23647332,0.263644934,-0.354467273,0.883568764,0.3059698,-0.00649478659
7934f1476fe2c6e458c230f491769c34,7400006,Mankey,0.35,source,LeftLittleIntermediate,-0.214539811,1.253774,0.269283235,-0.130746469,0.951471746,0.268268168,-0.07509857
7934f1476fe2c6e458c230f491769c34,7400006,Mankey,0.35,source,LeftLittleDistal,-0.196405962,1.25926638,0.267901,0.103848934,0.9615111,0.213913351,-0.137671962
7934f1476fe2c6e458c230f491769c34,7400006,Mankey,0.35,source,RightThumbProximal,0.04444162,1.15856314,0.413335472,0.168492943,0.6653045,0.688779533,0.233588815
7934f1476fe2c6e458c230f491769c34,7400006,Mankey,0.35,source,RightThumbIntermediate,0.00723214773,1.18291926,0.409824729,-0.321779519,-0.561342537,-0.761705637,-0.03402922
7934f1476fe2c6e458c230f491769c34,7400006,Mankey,0.35,source,RightThumbDistal,-0.0164777432,1.19530821,0.423380315,0.60979265,0.114224516,0.572954059,-0.5355655
7934f1476fe2c6e458c230f491769c34,7400006,Mankey,0.35,source,RightIndexProximal,0.0158404931,1.21281254,0.440619439,0.0145465545,0.196271837,-0.960104465,0.198660269
7934f1476fe2c6e458c230f491769c34,7400006,Mankey,0.35,source,RightIndexIntermediate,-0.012547439,1.20122862,0.437353969,-0.145109937,-0.1196761,0.529607236,-0.8271262
7934f1476fe2c6e458c230f491769c34,7400006,Mankey,0.35,source,RightIndexDistal,-0.00341028278,1.18250275,0.429527342,0.186667129,-0.03423177,0.245386928,0.950668156
7934f1476fe2c6e458c230f491769c34,7400006,Mankey,0.35,source,RightMiddleProximal,0.0156406052,1.20285058,0.4596116,0.07923572,0.218776122,-0.940614462,0.24719204
7934f1476fe2c6e458c230f491769c34,7400006,Mankey,0.35,source,RightMiddleIntermediate,-0.0127776517,1.18872,0.451164544,-0.208038017,-0.0718729049,0.451881647,-0.8644988
7934f1476fe2c6e458c230f491769c34,7400006,Mankey,0.35,source,RightMiddleDistal,-5.417074E-05,1.17227852,0.444333076,0.194829836,-0.1290707,0.362133652,0.9023537
7934f1476fe2c6e458c230f491769c34,7400006,Mankey,0.35,source,RightRingProximal,0.015750723,1.193623,0.4747079,0.125312448,0.276102573,-0.8984733,0.317506939
7934f1476fe2c6e458c230f491769c34,7400006,Mankey,0.35,source,RightRingIntermediate,-0.008270572,1.17791963,0.46216318,-0.288031816,-0.0648603737,0.356407076,-0.886456966
7934f1476fe2c6e458c230f491769c34,7400006,Mankey,0.35,source,RightRingDistal,0.00588022638,1.16651034,0.456015259,0.245583922,-0.199130192,0.454369664,0.832817256
7934f1476fe2c6e458c230f491769c34,7400006,Mankey,0.35,source,RightLittleProximal,0.0147970011,1.17963552,0.486443818,0.215774328,0.287537456,-0.907609761,0.216815472
7934f1476fe2c6e458c230f491769c34,7400006,Mankey,0.35,source,RightLittleIntermediate,-0.007512232,1.17224276,0.472273558,-0.353303879,-0.03448266,0.5187793,-0.777725041
7934f1476fe2c6e458c230f491769c34,7400006,Mankey,0.35,source,RightLittleDistal,0.00122112909,1.157372,0.4642915,0.269262254,-0.2673261,0.247117817,0.89161
7934f1476fe2c6e458c230f491769c34,7400006,Mankey,0.35,fighter,AnimatorRoot,0,0,0,0,0,0,1
7934f1476fe2c6e458c230f491769c34,7400006,Mankey,0.35,fighter,Hips,-0.0461375564,0.775422752,0.0145120714,0.443825662,-0.5137583,-0.471234679,0.563035548
7934f1476fe2c6e458c230f491769c34,7400006,Mankey,0.35,fighter,LeftUpperLeg,-0.167013824,0.7735338,0.0239877459,0.3494223,0.6113715,0.3445307,0.620828152
7934f1476fe2c6e458c230f491769c34,7400006,Mankey,0.35,fighter,RightUpperLeg,0.0747387,0.777311742,0.00503637549,0.5354298,0.5746485,0.497904837,0.367674768
7934f1476fe2c6e458c230f491769c34,7400006,Mankey,0.35,fighter,LeftLowerLeg,-0.172519565,0.4606336,0.213671669,0.568607,0.583882868,0.4359874,0.38168335
7934f1476fe2c6e458c230f491769c34,7400006,Mankey,0.35,fighter,RightLowerLeg,0.131920785,0.41813466,-0.03544478,0.7226002,0.3924595,0.5541711,0.1293011
7934f1476fe2c6e458c230f491769c34,7400006,Mankey,0.35,fighter,LeftFoot,-0.150522009,0.107010081,0.195900664,0.04747352,0.872141659,0.0104088783,0.486833781
7934f1476fe2c6e458c230f491769c34,7400006,Mankey,0.35,fighter,RightFoot,0.104342461,0.166085914,-0.283557445,0.2675616,0.868850648,0.174914569,0.378040016
7934f1476fe2c6e458c230f491769c34,7400006,Mankey,0.35,fighter,Spine,-0.0476748422,0.819882,0.00376468245,0.430427462,-0.5323051,-0.4739811,0.553827941
7934f1476fe2c6e458c230f491769c34,7400006,Mankey,0.35,fighter,Chest,-0.0429670177,1.05729127,-0.02670887,0.642419755,-0.4957988,-0.463040054,0.356475472
7934f1476fe2c6e458c230f491769c34,7400006,Mankey,0.35,fighter,Neck,-0.0582366,1.33629394,0.0199693125,0.619402349,-0.481675684,-0.475990027,0.397193968
7934f1476fe2c6e458c230f491769c34,7400006,Mankey,0.35,fighter,Head,-0.07056206,1.48132694,0.0507697351,0.6309975,-0.406657636,-0.5233068,0.4032645
7934f1476fe2c6e458c230f491769c34,7400006,Mankey,0.35,fighter,LeftShoulder,-0.117300138,1.28498912,0.101639,0.731160462,-0.2861672,0.08225644,0.6137973
7934f1476fe2c6e458c230f491769c34,7400006,Mankey,0.35,fighter,RightShoulder,-0.0602704771,1.28492081,0.120703138,0.1612631,-0.666647136,-0.7269009,-0.0345160961
7934f1476fe2c6e458c230f491769c34,7400006,Mankey,0.35,fighter,LeftUpperArm,-0.29191342,1.35237586,0.00154630828,0.5904672,0.3786149,0.3143335,0.6396829
7934f1476fe2c6e458c230f491769c34,7400006,Mankey,0.35,fighter,RightUpperArm,0.14043273,1.31990623,0.1802315,0.00199113786,0.58026135,0.656741,0.481647372
7934f1476fe2c6e458c230f491769c34,7400006,Mankey,0.35,fighter,LeftLowerArm,-0.4372595,1.11301231,0.03344619,-0.0240283124,0.85785687,-0.329619884,0.393516749
7934f1476fe2c6e458c230f491769c34,7400006,Mankey,0.35,fighter,RightLowerArm,0.291510075,1.14094818,0.337036371,-0.382318258,0.160306811,0.06536364,0.9076684
7934f1476fe2c6e458c230f491769c34,7400006,Mankey,0.35,fighter,LeftHand,-0.2604752,1.190138,0.202582017,0.567978263,-0.7028614,-0.3460952,-0.252200961
7934f1476fe2c6e458c230f491769c34,7400006,Mankey,0.35,fighter,RightHand,0.0503568724,1.14195323,0.424510747,0.272683471,0.3207608,-0.457656562,0.7831393
7934f1476fe2c6e458c230f491769c34,7400006,Mankey,0.35,fighter,LeftToes,0.000113716742,0.10596554,0.43292433,0.129467815,0.8356351,0.06492302,0.5298466
7934f1476fe2c6e458c230f491769c34,7400006,Mankey,0.35,fighter,RightToes,0.269808859,0.01872723,-0.110992886,0.250091,0.894270539,0.1683934,0.33072412
7934f1476fe2c6e458c230f491769c34,7400006,Mankey,0.35,fighter,LeftEye,-0.231548041,1.52510047,0.241710439,0.5137242,-0.2716177,-0.4669609,-0.666527748
7934f1476fe2c6e458c230f491769c34,7400006,Mankey,0.35,fighter,RightEye,0.0280747358,1.546981,0.275089,0.380204976,-0.436434448,-0.6791184,-0.4514059
7934f1476fe2c6e458c230f491769c34,7400006,Mankey,0.35,fighter,Jaw,-0.07621369,1.33050823,0.193619639,0.7333354,0.1604599,-0.6549714,-0.0865149647
7934f1476fe2c6e458c230f491769c34,7400006,Mankey,0.35,fighter,LeftThumbProximal,-0.238859519,1.25988674,0.2103615,0.513977051,-0.8312021,-0.2084168,0.0386481
7934f1476fe2c6e458c230f491769c34,7400006,Mankey,0.35,fighter,LeftThumbIntermediate,-0.217811182,1.29898369,0.217097789,0.482658744,-0.821776748,-0.28627643,-0.09884527
7934f1476fe2c6e458c230f491769c34,7400006,Mankey,0.35,fighter,LeftThumbDistal,-0.197865665,1.32753992,0.2341073,0.3855809,-0.7415767,-0.418560982,-0.35524565
7934f1476fe2c6e458c230f491769c34,7400006,Mankey,0.35,fighter,LeftMiddleProximal,-0.234323442,1.30728018,0.262811184,0.333608449,-0.8603246,-0.361305475,-0.134187758
7934f1476fe2c6e458c230f491769c34,7400006,Mankey,0.35,fighter,LeftMiddleIntermediate,-0.189357832,1.33621347,0.291435152,0.06940815,-0.889019132,-0.4501592,-0.04674658
7934f1476fe2c6e458c230f491769c34,7400006,Mankey,0.35,fighter,LeftMiddleDistal,-0.136764556,1.3405515,0.299201727,-0.173239112,-0.8448746,-0.501129,0.0710322559
7934f1476fe2c6e458c230f491769c34,7400006,Mankey,0.35,fighter,LeftRingProximal,-0.223155573,1.27536845,0.306418449,0.269424975,-0.8774401,-0.380901217,-0.111462757
7934f1476fe2c6e458c230f491769c34,7400006,Mankey,0.35,fighter,LeftRingIntermediate,-0.178884834,1.296059,0.327800035,0.0263282657,-0.905822158,-0.42242077,-0.0188343227
7934f1476fe2c6e458c230f491769c34,7400006,Mankey,0.35,fighter,LeftRingDistal,-0.124298453,1.29779792,0.330883116,-0.1931209,-0.8751093,-0.4375081,0.07399717
7934f1476fe2c6e458c230f491769c34,7400006,Mankey,0.35,fighter,LeftLittleProximal,-0.2201173,1.22186768,0.333800882,0.2793848,-0.869483,-0.390528619,-0.115896404
7934f1476fe2c6e458c230f491769c34,7400006,Mankey,0.35,fighter,LeftLittleIntermediate,-0.176537171,1.24295413,0.3561907,0.0573654622,-0.8912157,-0.449351251,-0.02298206
7934f1476fe2c6e458c230f491769c34,7400006,Mankey,0.35,fighter,LeftLittleDistal,-0.121634789,1.24746847,0.361309022,-0.156185,-0.872114062,-0.459718645,0.0606842339
7934f1476fe2c6e458c230f491769c34,7400006,Mankey,0.35,fighter,RightThumbProximal,0.007622224,1.20110881,0.4326938,-0.227634147,-0.04088384,0.201462388,-0.9518008
7934f1476fe2c6e458c230f491769c34,7400006,Mankey,0.35,fighter,RightThumbIntermediate,-0.033492703,1.2174964,0.440308154,0.263365269,0.308962375,-0.175040066,0.896962762
7934f1476fe2c6e458c230f491769c34,7400006,Mankey,0.35,fighter,RightThumbDistal,-0.0624799952,1.2233603,0.4653668,-0.293378025,-0.86875695,-0.0145889521,-0.398721337
7934f1476fe2c6e458c230f491769c34,7400006,Mankey,0.35,fighter,RightMiddleProximal,-0.00911166053,1.2462697,0.484637618,-0.240969777,0.03169383,-0.306138277,-0.9204394
7934f1476fe2c6e458c230f491769c34,7400006,Mankey,0.35,fighter,RightMiddleIntermediate,-0.05827077,1.21301639,0.472150952,0.232529223,-0.195717841,0.881756961,0.360735178
7934f1476fe2c6e458c230f491769c34,7400006,Mankey,0.35,fighter,RightMiddleDistal,-0.0245812517,1.18393826,0.442745984,-0.043584764,0.258602679,-0.872643769,0.411968827
7934f1476fe2c6e458c230f491769c34,7400006,Mankey,0.35,fighter,RightRingProximal,-0.00669551874,1.21402025,0.5293459,-0.3487035,0.07168956,-0.359710872,-0.862481654
7934f1476fe2c6e458c230f491769c34,7400006,Mankey,0.35,fighter,RightRingIntermediate,-0.0456839427,1.18358994,0.509368658,0.21977061,-0.289515078,0.890452266,0.2738198
7934f1476fe2c6e458c230f491769c34,7400006,Mankey,0.35,fighter,RightRingDistal,-0.004469479,1.163876,0.479286373,0.08352575,0.328425229,-0.8096968,0.479115874
7934f1476fe2c6e458c230f491769c34,7400006,Mankey,0.35,fighter,RightLittleProximal,0.009506097,1.1634407,0.557640731,-0.3326119,0.149333179,-0.242273167,-0.8990957
7934f1476fe2c6e458c230f491769c34,7400006,Mankey,0.35,fighter,RightLittleIntermediate,-0.03519348,1.14550161,0.53472054,0.223101452,-0.3162967,0.805735,0.448301315
7934f1476fe2c6e458c230f491769c34,7400006,Mankey,0.35,fighter,RightLittleDistal,-0.00761332642,1.11334121,0.499140173,0.1282001,0.337316036,-0.8875063,0.286559254
7934f1476fe2c6e458c230f491769c34,7400006,Mankey,0.35,fighter,UpperChest,-0.05246921,1.17280877,0.002130559,0.6109779,-0.534065247,-0.440431416,0.384058565
7934f1476fe2c6e458c230f491769c34,7400006,Mankey,0.366666675,source,AnimatorRoot,0,0,0,0,0,1.59121439E-15,1
7934f1476fe2c6e458c230f491769c34,7400006,Mankey,0.366666675,source,Hips,-0.0477886535,0.7775138,0.0133548686,-0.0459812731,0.05473107,0.006394551,0.9974213
7934f1476fe2c6e458c230f491769c34,7400006,Mankey,0.366666675,source,LeftUpperLeg,-0.147440627,0.776739538,0.0243602954,-0.606411338,-0.3414532,0.6191235,0.363814563
7934f1476fe2c6e458c230f491769c34,7400006,Mankey,0.366666675,source,RightUpperLeg,0.0518635325,0.7782883,0.00234938785,0.494194746,-0.364834338,-0.535392165,0.5796746
7934f1476fe2c6e458c230f491769c34,7400006,Mankey,0.366666675,source,LeftLowerLeg,-0.147512048,0.4544587,0.211640835,-0.4105955,-0.432028562,0.554746747,0.580533266
7934f1476fe2c6e458c230f491769c34,7400006,Mankey,0.366666675,source,RightLowerLeg,0.111689851,0.412511766,-0.0372381434,0.5316437,-0.0935740545,-0.723229766,0.430740774
7934f1476fe2c6e458c230f491769c34,7400006,Mankey,0.366666675,source,LeftFoot,-0.15141426,0.106896058,0.195613742,0.5361319,0.124073781,-0.8069267,-0.21456416
7934f1476fe2c6e458c230f491769c34,7400006,Mankey,0.366666675,source,RightFoot,0.08954762,0.161099344,-0.276765585,0.339948446,-0.277149528,-0.393012315,0.808186
7934f1476fe2c6e458c230f491769c34,7400006,Mankey,0.366666675,source,Spine,-0.04953209,0.8750969,0.00443386473,-0.03306133,0.0506931879,-0.0116049778,0.998099446
7934f1476fe2c6e458c230f491769c34,7400006,Mankey,0.366666675,source,Chest,-0.0456435345,1.0540607,-0.004310896,0.09962349,-0.115245968,0.0126936873,0.9882472
7934f1476fe2c6e458c230f491769c34,7400006,Mankey,0.366666675,source,Neck,-0.0556503348,1.25260735,0.03613687,0.318663269,-0.06038555,0.152943611,0.933496535
7934f1476fe2c6e458c230f491769c34,7400006,Mankey,0.366666675,source,Head,-0.0838013962,1.31777656,0.08621949,0.177559361,-0.0388817675,0.04629641,0.9822512
7934f1476fe2c6e458c230f491769c34,7400006,Mankey,0.366666675,source,LeftShoulder,-0.08265568,1.209654,0.0219057091,0.0953704,-0.06379719,0.0210716035,0.9931719
7934f1476fe2c6e458c230f491769c34,7400006,Mankey,0.366666675,source,RightShoulder,-0.024953831,1.209784,0.03556342,0.957159936,-0.07509701,0.261440545,-0.0992683545
7934f1476fe2c6e458c230f491769c34,7400006,Mankey,0.366666675,source,LeftUpperArm,-0.223375857,1.20543861,0.00334001845,-0.0767542943,0.164922133,0.533190548,0.8262066
7934f1476fe2c6e458c230f491769c34,7400006,Mankey,0.366666675,source,RightUpperArm,0.09603514,1.18199253,0.104514062,0.8300319,-0.41111967,0.3765996,-0.0141661083
7934f1476fe2c6e458c230f491769c34,7400006,Mankey,0.366666675,source,LeftLowerArm,-0.308796942,1.01155424,0.08362965,-0.590562046,0.735559165,0.2635129,0.201867074
7934f1476fe2c6e458c230f491769c34,7400006,Mankey,0.366666675,source,RightLowerArm,0.181750625,1.024948,0.2435232,0.2553609,-0.307816654,0.8148463,0.419601738
7934f1476fe2c6e458c230f491769c34,7400006,Mankey,0.366666675,source,LeftHand,-0.2565641,1.1917671,0.227396533,-0.5611258,0.770047367,0.295257419,0.0706260055
7934f1476fe2c6e458c230f491769c34,7400006,Mankey,0.366666675,source,RightHand,0.0594343878,1.14942551,0.402954519,0.124454342,-0.22750926,0.8401789,0.4762884
7934f1476fe2c6e458c230f491769c34,7400006,Mankey,0.366666675,source,LeftToes,-0.101544768,0.03512544,0.317198455,0.550338566,1.69168816E-05,-0.8343463,-0.0315235
7934f1476fe2c6e458c230f491769c34,7400006,Mankey,0.366666675,source,RightToes,0.170024946,0.0377634279,-0.249698147,0.4011457,-0.29500857,-0.044817578,0.866050661
7934f1476fe2c6e458c230f491769c34,7400006,Mankey,0.366666675,source,LeftThumbProximal,-0.257089764,1.20972145,0.216759562,-0.487756,0.6283689,-0.51193434,0.324299663
7934f1476fe2c6e458c230f491769c34,7400006,Mankey,0.366666675,source,LeftThumbIntermediate,-0.243088841,1.25187945,0.212662563,-0.386000246,0.7307214,-0.42159605,0.3732386
7934f1476fe2c6e458c230f491769c34,7400006,Mankey,0.366666675,source,LeftThumbDistal,-0.23039107,1.27823591,0.2192603,-0.107192613,0.844054,-0.220780551,0.4768009
7934f1476fe2c6e458c230f491769c34,7400006,Mankey,0.366666675,source,LeftIndexProximal,-0.244271144,1.26934326,0.24480103,-0.377533764,0.890633345,0.253364146,0.00689361151
7934f1476fe2c6e458c230f491769c34,7400006,Mankey,0.366666675,source,LeftIndexIntermediate,-0.222229511,1.28997135,0.251078367,-0.0704142153,0.9663004,0.237101659,-0.071333684
7934f1476fe2c6e458c230f491769c34,7400006,Mankey,0.366666675,source,LeftIndexDistal,-0.2004214,1.29375267,0.248753384,0.259927481,0.9349406,0.193360582,-0.144692555
7934f1476fe2c6e458c230f491769c34,7400006,Mankey,0.366666675,source,LeftMiddleProximal,-0.239293918,1.25937617,0.263127565,-0.373435229,0.8876032,0.2695999,0.004799876
7934f1476fe2c6e458c230f491769c34,7400006,Mankey,0.366666675,source,LeftMiddleIntermediate,-0.215611964,1.28106415,0.270020574,-0.07609128,0.9639958,0.243972227,-0.07348559
7934f1476fe2c6e458c230f491769c34,7400006,Mankey,0.366666675,source,LeftMiddleDistal,-0.194221824,1.28505862,0.267732978,0.258312553,0.935537636,0.18932806,-0.148993552
7934f1476fe2c6e458c230f491769c34,7400006,Mankey,0.366666675,source,LeftRingProximal,-0.235188752,1.25012612,0.2776406,-0.306847036,0.9026376,0.300415158,-0.0290084518
7934f1476fe2c6e458c230f491769c34,7400006,Mankey,0.366666675,source,LeftRingIntermediate,-0.209819645,1.268021,0.28177464,-0.03317259,0.95935446,0.257748,-0.110021539
7934f1476fe2c6e458c230f491769c34,7400006,Mankey,0.366666675,source,LeftRingDistal,-0.191134527,1.27033114,0.278051555,0.259783328,0.9289946,0.189625368,-0.183096826
7934f1476fe2c6e458c230f491769c34,7400006,Mankey,0.366666675,source,LeftLittleProximal,-0.228911534,1.2367897,0.2884584,-0.316539973,0.8937225,0.316571176,-0.02908205
7934f1476fe2c6e458c230f491769c34,7400006,Mankey,0.366666675,source,LeftLittleIntermediate,-0.207012475,1.25282371,0.2925322,-0.06629098,0.95443064,0.270113438,-0.108199015
7934f1476fe2c6e458c230f491769c34,7400006,Mankey,0.366666675,source,LeftLittleDistal,-0.188626617,1.25633812,0.289288819,0.190318078,0.943929,0.203219771,-0.177423447
7934f1476fe2c6e458c230f491769c34,7400006,Mankey,0.366666675,source,RightThumbProximal,0.0544789955,1.16599178,0.391259521,0.188116238,0.6721075,0.6690463,0.255463868
7934f1476fe2c6e458c230f491769c34,7400006,Mankey,0.366666675,source,RightThumbIntermediate,0.0188483857,1.19252157,0.38717,-0.3416781,-0.5638314,-0.749392331,-0.0613333434
7934f1476fe2c6e458c230f491769c34,7400006,Mankey,0.366666675,source,RightThumbDistal,-0.00391350454,1.2068336,0.400453836,0.6242852,0.102505714,0.58520174,-0.5072476
7934f1476fe2c6e458c230f491769c34,7400006,Mankey,0.366666675,source,RightIndexProximal,0.0295940321,1.2228272,0.416870624,0.0136537645,0.180213481,-0.9691322,0.167690814
7934f1476fe2c6e458c230f491769c34,7400006,Mankey,0.366666675,source,RightIndexIntermediate,0.0005050792,1.21295929,0.414191246,-0.132750556,-0.109262347,0.55797565,-0.8118515
7934f1476fe2c6e458c230f491769c34,7400006,Mankey,0.366666675,source,RightIndexDistal,0.008375011,1.19344079,0.406945944,0.170333937,-0.0322690271,0.215055421,0.961091757
7934f1476fe2c6e458c230f491769c34,7400006,Mankey,0.366666675,source,RightMiddleProximal,0.0289344564,1.21354079,0.4361919,0.07826625,0.201177731,-0.9518191,0.217813611
7934f1476fe2c6e458c230f491769c34,7400006,Mankey,0.366666675,source,RightMiddleIntermediate,-0.000390955218,1.20096076,0.428420961,-0.193796888,-0.06096226,0.4809162,-0.852904737
7934f1476fe2c6e458c230f491769c34,7400006,Mankey,0.366666675,source,RightMiddleDistal,0.0112108123,1.18352735,0.422068477,0.176765725,-0.125516564,0.334825,0.9170019
7934f1476fe2c6e458c230f491769c34,7400006,Mankey,0.366666675,source,RightRingProximal,0.02859612,1.20483661,0.451592535,0.125097767,0.257997,-0.913074732,0.289971262
7934f1476fe2c6e458c230f491769c34,7400006,Mankey,0.366666675,source,RightRingIntermediate,0.003523566,1.19027233,0.439750642,-0.2735159,-0.0531279035,0.3863887,-0.8792447
7934f1476fe2c6e458c230f491769c34,7400006,Mankey,0.366666675,source,RightRingDistal,0.0168727059,1.17779052,0.433900476,0.2268078,-0.195842862,0.4301859,0.8515542
7934f1476fe2c6e458c230f491769c34,7400006,Mankey,0.366666675,source,RightLittleProximal,0.02686659,1.19133937,0.463804126,0.217529967,0.2660222,-0.9195689,0.190542608
7934f1476fe2c6e458c230f491769c34,7400006,Mankey,0.366666675,source,RightLittleIntermediate,0.00401190761,1.18490124,0.450043321,-0.338995963,-0.0175400637,0.5449601,-0.7666766
7934f1476fe2c6e458c230f491769c34,7400006,Mankey,0.366666675,source,RightLittleDistal,0.0117203342,1.16924846,0.442514151,0.2465187,-0.268020451,0.222273558,0.9044273
7934f1476fe2c6e458c230f491769c34,7400006,Mankey,0.366666675,fighter,AnimatorRoot,0,0,0,0,0,0,1
7934f1476fe2c6e458c230f491769c34,7400006,Mankey,0.366666675,fighter,Hips,-0.04778865,0.7775138,0.0133548677,0.431185871,-0.4963905,-0.480156153,0.5806249
7934f1476fe2c6e458c230f491769c34,7400006,Mankey,0.366666675,fighter,LeftUpperLeg,-0.167899266,0.7746005,0.0297677033,0.360743225,0.6212629,0.3367296,0.608695269
7934f1476fe2c6e458c230f491769c34,7400006,Mankey,0.366666675,fighter,RightUpperLeg,0.07232196,0.780427039,-0.00305798743,0.5441268,0.596992731,0.4746703,0.3495909
7934f1476fe2c6e458c230f491769c34,7400006,Mankey,0.366666675,fighter,LeftLowerLeg,-0.168371141,0.460558057,0.217634231,0.578815639,0.5815181,0.4309713,0.375596851
7934f1476fe2c6e458c230f491769c34,7400006,Mankey,0.366666675,fighter,RightLowerLeg,0.1321257,0.4212285,-0.0393440463,0.7401839,0.418757439,0.514423251,0.110176772
7934f1476fe2c6e458c230f491769c34,7400006,Mankey,0.366666675,fighter,LeftFoot,-0.15141426,0.10689605,0.195613712,0.0450135432,0.8736917,0.006319165,0.484352
7934f1476fe2c6e458c230f491769c34,7400006,Mankey,0.366666675,fighter,RightFoot,0.0895476639,0.161099389,-0.276765645,0.254104316,0.8991968,0.1489789,0.3235454
7934f1476fe2c6e458c230f491769c34,7400006,Mankey,0.366666675,fighter,Spine,-0.05034414,0.8219082,0.00253351568,0.4197935,-0.5120098,-0.4805569,0.5750518
7934f1476fe2c6e458c230f491769c34,7400006,Mankey,0.366666675,fighter,Chest,-0.0520297773,1.05922818,-0.0289366953,0.615508139,-0.474940062,-0.4962013,0.38647908
7934f1476fe2c6e458c230f491769c34,7400006,Mankey,0.366666675,fighter,Neck,-0.06324971,1.338433,0.0176813658,0.6011398,-0.465217322,-0.499483854,0.415595949
7934f1476fe2c6e458c230f491769c34,7400006,Mankey,0.366666675,fighter,Head,-0.07339309,1.48341608,0.04949543,0.622772336,-0.3982036,-0.537599862,0.40567854
7934f1476fe2c6e458c230f491769c34,7400006,Mankey,0.366666675,fighter,LeftShoulder,-0.112563238,1.2873677,0.105721876,0.7334846,-0.24990344,0.0432198346,0.6306195
7934f1476fe2c6e458c230f491769c34,7400006,Mankey,0.366666675,fighter,RightShoulder,-0.05375795,1.28763413,0.118279614,0.132504761,-0.66692555,-0.7332043,-0.008034706
7934f1476fe2c6e458c230f491769c34,7400006,Mankey,0.366666675,fighter,LeftUpperArm,-0.297508,1.35360825,0.0253667235,0.6043791,0.397353142,0.282696038,0.6300154
7934f1476fe2c6e458c230f491769c34,7400006,Mankey,0.366666675,fighter,RightUpperArm,0.151009828,1.32264662,0.161795661,0.0353727639,0.5837896,0.647726059,0.488251865
7934f1476fe2c6e458c230f491769c34,7400006,Mankey,0.366666675,fighter,LeftLowerArm,-0.4453049,1.11784017,0.07017135,-0.0251513,0.868460953,-0.3371156,0.362624079
7934f1476fe2c6e458c230f491769c34,7400006,Mankey,0.366666675,fighter,RightLowerArm,0.297773272,1.13273549,0.309553623,-0.384558856,0.183530957,0.04210204,0.9036919
7934f1476fe2c6e458c230f491769c34,7400006,Mankey,0.366666675,fighter,LeftHand,-0.256564319,1.191767,0.227396533,0.5559987,-0.7081193,-0.355968058,-0.2504386
7934f1476fe2c6e458c230f491769c34,7400006,Mankey,0.366666675,fighter,RightHand,0.05943432,1.14942551,0.40295434,0.267615885,0.3072336,-0.4885787,0.7715446
7934f1476fe2c6e458c230f491769c34,7400006,Mankey,0.366666675,fighter,LeftToes,0.0006822118,0.108134232,0.43170163,0.1313701,0.8369123,0.0628973544,0.527602
7934f1476fe2c6e458c230f491769c34,7400006,Mankey,0.366666675,fighter,RightToes,0.281352371,0.026763713,-0.121726729,0.245759845,0.918543339,0.1460789,0.273022532
7934f1476fe2c6e458c230f491769c34,7400006,Mankey,0.366666675,fighter,LeftEye,-0.227289528,1.525887,0.246480435,0.501084,-0.282147139,-0.475771517,-0.665544569
7934f1476fe2c6e458c230f491769c34,7400006,Mankey,0.366666675,fighter,RightEye,0.0334625132,1.54614866,0.2708668,0.3645769,-0.44164452,-0.6869566,-0.447353065
7934f1476fe2c6e458c230f491769c34,7400006,Mankey,0.366666675,fighter,Jaw,-0.07477103,1.33108139,0.190833628,0.7215412,0.160592437,-0.6667643,-0.09494412
7934f1476fe2c6e458c230f491769c34,7400006,Mankey,0.366666675,fighter,LeftThumbProximal,-0.233596653,1.26103115,0.235619336,0.493263364,-0.8386892,-0.227622062,0.0384736657
7934f1476fe2c6e458c230f491769c34,7400006,Mankey,0.366666675,fighter,LeftThumbIntermediate,-0.210672989,1.29897642,0.242806017,0.458493829,-0.827679157,-0.3053107,-0.10731329
7934f1476fe2c6e458c230f491769c34,7400006,Mankey,0.366666675,fighter,LeftThumbDistal,-0.189099818,1.32585657,0.2605443,0.3458716,-0.732858,-0.43878442,-0.388278961
7934f1476fe2c6e458c230f491769c34,7400006,Mankey,0.366666675,fighter,LeftMiddleProximal,-0.226981163,1.307579,0.288602531,0.290350378,-0.875399351,-0.366563082,-0.122492269
7934f1476fe2c6e458c230f491769c34,7400006,Mankey,0.366666675,fighter,LeftMiddleIntermediate,-0.178377479,1.33296335,0.314519256,-0.00555840135,-0.892401338,-0.4505443,-0.02447924
7934f1476fe2c6e458c230f491769c34,7400006,Mankey,0.366666675,fighter,LeftMiddleDistal,-0.1251044,1.33125782,0.3165826,-0.273374557,-0.820305765,-0.4918307,0.102312
7934f1476fe2c6e458c230f491769c34,7400006,Mankey,0.366666675,fighter,LeftRingProximal,-0.2152849,1.27485979,0.331466556,0.225722626,-0.888545156,-0.38848114,-0.09284033
7934f1476fe2c6e458c230f491769c34,7400006,Mankey,0.366666675,fighter,LeftRingIntermediate,-0.168299839,1.2924087,0.349621654,-0.0459972322,-0.9043751,-0.424051762,0.013046205
7934f1476fe2c6e458c230f491769c34,7400006,Mankey,0.366666675,fighter,LeftRingDistal,-0.113848932,1.288463,0.346196949,-0.2887954,-0.848960161,-0.427513659,0.114439726
7934f1476fe2c6e458c230f491769c34,7400006,Mankey,0.366666675,fighter,LeftLittleProximal,-0.212474883,1.22092545,0.358009845,0.236827344,-0.880978465,-0.398175657,-0.09615728
7934f1476fe2c6e458c230f491769c34,7400006,Mankey,0.366666675,fighter,LeftLittleIntermediate,-0.166104585,1.23909879,0.377106726,-0.0120834112,-0.891702056,-0.452384979,0.008334786
7934f1476fe2c6e458c230f491769c34,7400006,Mankey,0.366666675,fighter,LeftLittleDistal,-0.110803492,1.23832393,0.375679463,-0.247405082,-0.851666331,-0.451023161,0.100167632
7934f1476fe2c6e458c230f491769c34,7400006,Mankey,0.366666675,fighter,RightThumbProximal,0.0205852222,1.21140742,0.4094032,-0.209890068,-0.03180325,0.238461658,-0.947666466
7934f1476fe2c6e458c230f491769c34,7400006,Mankey,0.366666675,fighter,RightThumbIntermediate,-0.0191270728,1.231106,0.416605949,0.256197333,0.29881677,-0.216973,0.8933058
7934f1476fe2c6e458c230f491769c34,7400006,Mankey,0.366666675,fighter,RightThumbDistal,-0.0473179519,1.24019742,0.44161,-0.3187347,-0.8585843,0.01967603,-0.401067853
7934f1476fe2c6e458c230f491769c34,7400006,Mankey,0.366666675,fighter,RightMiddleProximal,0.007188276,1.25925457,0.45988965,-0.22561428,0.02771008,-0.271638572,-0.9351703
7934f1476fe2c6e458c230f491769c34,7400006,Mankey,0.366666675,fighter,RightMiddleIntermediate,-0.0444174744,1.22919953,0.4493126,0.221151337,-0.183075354,0.870786369,0.3991338
7934f1476fe2c6e458c230f491769c34,7400006,Mankey,0.366666675,fighter,RightMiddleDistal,-0.0132899163,1.1964407,0.420973271,-0.0470350832,0.242641449,-0.8926047,0.3770545
7934f1476fe2c6e458c230f491769c34,7400006,Mankey,0.366666675,fighter,RightRingProximal,0.007961987,1.22843564,0.5056532,-0.3331623,0.0703703,-0.327904731,-0.8812095
7934f1476fe2c6e458c230f491769c34,7400006,Mankey,0.366666675,fighter,RightRingIntermediate,-0.0333795846,1.200111,0.487383425,0.2068931,-0.2767846,0.884710133,0.31284827
7934f1476fe2c6e458c230f491769c34,7400006,Mankey,0.366666675,fighter,RightRingDistal,0.005931003,1.17609537,0.457885385,0.081540525,0.309565932,-0.8343185,0.448813319
7934f1476fe2c6e458c230f491769c34,7400006,Mankey,0.366666675,fighter,RightLittleProximal,0.021193767,1.17791092,0.5355452,-0.31394434,0.150230527,-0.211645275,-0.913278
7934f1476fe2c6e458c230f491769c34,7400006,Mankey,0.366666675,fighter,RightLittleIntermediate,-0.0249603447,1.16232181,0.513819933,0.205349147,-0.303721815,0.794557154,0.484008431
7934f1476fe2c6e458c230f491769c34,7400006,Mankey,0.366666675,fighter,RightLittleDistal,-0.000222218077,1.12666965,0.4795,0.129424021,0.313788831,-0.9054137,0.254975945
7934f1476fe2c6e458c230f491769c34,7400006,Mankey,0.366666675,fighter,UpperChest,-0.05877015,1.17487168,0.000173974244,0.5853888,-0.5116037,-0.471700579,0.4160293
7934f1476fe2c6e458c230f491769c34,7400006,Mankey,0.383333325,source,AnimatorRoot,0,0,0,0,0,1.66354232E-15,1
7934f1476fe2c6e458c230f491769c34,7400006,Mankey,0.383333325,source,Hips,-0.0489043146,0.778498,0.0124073159,-0.0479755774,0.0780858845,0.00877717,0.995752931
7934f1476fe2c6e458c230f491769c34,7400006,Mankey,0.383333325,source,LeftUpperLeg,-0.147927046,0.7774967,0.028083168,-0.594585657,-0.3330678,0.6280379,0.375635624
7934f1476fe2c6e458c230f491769c34,7400006,Mankey,0.383333325,source,RightUpperLeg,0.0501186177,0.779499531,-0.00326860044,0.478880048,-0.35063687,-0.5441624,0.5929713
7934f1476fe2c6e458c230f491769c34,7400006,Mankey,0.383333325,source,LeftLowerLeg,-0.143926933,0.4539907,0.213196024,-0.4055161,-0.424986839,0.554642141,0.589334369
7934f1476fe2c6e458c230f491769c34,7400006,Mankey,0.383333325,source,RightLowerLeg,0.11045941,0.413772851,-0.0425341539,0.503111541,-0.08075001,-0.734174967,0.44871518
7934f1476fe2c6e458c230f491769c34,7400006,Mankey,0.383333325,source,LeftFoot,-0.152109623,0.106587641,0.19542031,0.53583163,0.120866239,-0.8083118,-0.211914763
7934f1476fe2c6e458c230f491769c34,7400006,Mankey,0.383333325,source,RightFoot,0.07877209,0.156243935,-0.2743675,0.313143134,-0.243304566,-0.386767745,0.832559466
7934f1476fe2c6e458c230f491769c34,7400006,Mankey,0.383333325,source,Spine,-0.0513517149,0.876037359,0.00317784236,-0.0344532281,0.07499831,-0.00545820547,0.9965733
7934f1476fe2c6e458c230f491769c34,7400006,Mankey,0.383333325,source,Chest,-0.04983137,1.05501509,-0.00600271253,0.09869167,-0.06782067,0.008404115,0.992768764
7934f1476fe2c6e458c230f491769c34,7400006,Mankey,0.383333325,source,Neck,-0.05608501,1.25367653,0.034635134,0.323209822,-0.0204803664,0.1388215,0.9358658
7934f1476fe2c6e458c230f491769c34,7400006,Mankey,0.383333325,source,Head,-0.07980925,1.3190546,0.086698994,0.180321515,-0.025515398,0.0410182178,0.982421
7934f1476fe2c6e458c230f491769c34,7400006,Mankey,0.383333325,source,LeftShoulder,-0.08429239,1.21066737,0.0231736843,0.09460963,-0.0130617665,0.0169897769,0.995283961
7934f1476fe2c6e458c230f491769c34,7400006,Mankey,0.383333325,source,RightShoulder,-0.0255500861,1.21086693,0.03125799,0.9661177,-0.0792583749,0.227187008,-0.09338449
7934f1476fe2c6e458c230f491769c34,7400006,Mankey,0.383333325,source,LeftUpperArm,-0.226164132,1.2062161,0.0190251023,-0.0573442355,0.188777059,0.51769197,0.832508266
7934f1476fe2c6e458c230f491769c34,7400006,Mankey,0.383333325,source,RightUpperArm,0.100009769,1.183088,0.0914903358,0.826016068,-0.4312566,0.3629232,0.00152350054
7934f1476fe2c6e458c230f491769c34,7400006,Mankey,0.383333325,source,LeftLowerArm,-0.315142244,1.01582527,0.103692405,-0.5729123,0.74561125,0.272387832,0.204059958
7934f1476fe2c6e458c230f491769c34,7400006,Mankey,0.383333325,source,RightLowerArm,0.182621986,1.02192223,0.227631748,0.244005635,-0.296351075,0.8103061,0.4427657
7934f1476fe2c6e458c230f491769c34,7400006,Mankey,0.383333325,source,LeftHand,-0.2536223,1.19149387,0.249396473,-0.548770964,0.7781702,0.29708904,0.0709940344
7934f1476fe2c6e458c230f491769c34,7400006,Mankey,0.383333325,source,RightHand,0.06706863,1.1573478,0.383136123,0.112821169,-0.2080499,0.837073,0.4932504
7934f1476fe2c6e458c230f491769c34,7400006,Mankey,0.383333325,source,LeftToes,-0.101805367,0.03589514,0.317456782,0.549353242,-0.00124586385,-0.834954,-0.0325782336
7934f1476fe2c6e458c230f491769c34,7400006,Mankey,0.383333325,source,RightToes,0.165982828,0.0369951241,-0.24997513,0.3929878,-0.254104018,-0.0535522774,0.8821136
7934f1476fe2c6e458c230f491769c34,7400006,Mankey,0.383333325,source,LeftThumbProximal,-0.253748745,1.2094593,0.238766015,-0.4721609,0.6408709,-0.5192387,0.311030775
7934f1476fe2c6e458c230f491769c34,7400006,Mankey,0.383333325,source,LeftThumbIntermediate,-0.23766008,1.25086629,0.234676644,-0.36187622,0.743537366,-0.4272697,0.365566164
7934f1476fe2c6e458c230f491769c34,7400006,Mankey,0.383333325,source,LeftThumbDistal,-0.223540157,1.2763741,0.241706,-0.0540258549,0.849275231,-0.213589355,0.479784131
7934f1476fe2c6e458c230f491769c34,7400006,Mankey,0.383333325,source,LeftIndexProximal,-0.238982067,1.26868844,0.2666813,-0.336227268,0.9072668,0.252603233,-0.00319579267
7934f1476fe2c6e458c230f491769c34,7400006,Mankey,0.383333325,source,LeftIndexIntermediate,-0.215120018,1.28755009,0.271740079,0.004383683,0.9691224,0.230327725,-0.08793199
7934f1476fe2c6e458c230f491769c34,7400006,Mankey,0.383333325,source,LeftIndexDistal,-0.193209738,1.28826249,0.267902046,0.35959515,0.9015664,0.176106155,-0.163880631
7934f1476fe2c6e458c230f491769c34,7400006,Mankey,0.383333325,source,LeftMiddleProximal,-0.234105185,1.25857949,0.284957081,-0.332471579,0.903686643,0.2697524,-0.006872602
7934f1476fe2c6e458c230f491769c34,7400006,Mankey,0.383333325,source,LeftMiddleIntermediate,-0.208525419,1.27843714,0.290440172,-0.002007943,0.9669955,0.237398148,-0.092514
7934f1476fe2c6e458c230f491769c34,7400006,Mankey,0.383333325,source,LeftMiddleDistal,-0.187020272,1.2794832,0.2865463,0.357096165,0.9022083,0.171065688,-0.17099449
7934f1476fe2c6e458c230f491769c34,7400006,Mankey,0.383333325,source,LeftRingProximal,-0.2301177,1.249213,0.299428225,-0.263874978,0.9152225,0.301254421,-0.04453943
7934f1476fe2c6e458c230f491769c34,7400006,Mankey,0.383333325,source,LeftRingIntermediate,-0.203283921,1.265181,0.301854223,0.04019269,0.9581381,0.249936327,-0.133746922
7934f1476fe2c6e458c230f491769c34,7400006,Mankey,0.383333325,source,LeftRingDistal,-0.184840575,1.2649858,0.296549916,0.3548861,0.8952279,0.168928444,-0.209968448
7934f1476fe2c6e458c230f491769c34,7400006,Mankey,0.383333325,source,LeftLittleProximal,-0.2241106,1.23570216,0.310182542,-0.274593949,0.906188,0.318272173,-0.04609376
7934f1476fe2c6e458c230f491769c34,7400006,Mankey,0.383333325,source,LeftLittleIntermediate,-0.2009207,1.250166,0.312687039,0.00344778365,0.955365658,0.263389945,-0.133757159
7934f1476fe2c6e458c230f491769c34,7400006,Mankey,0.383333325,source,LeftLittleDistal,-0.182603285,1.25137949,0.307797223,0.281080365,0.9186748,0.184649318,-0.207209826
7934f1476fe2c6e458c230f491769c34,7400006,Mankey,0.383333325,source,RightThumbProximal,0.06254533,1.1735034,0.370713919,0.195314839,0.685373664,0.6483388,0.267903358
7934f1476fe2c6e458c230f491769c34,7400006,Mankey,0.383333325,source,RightThumbIntermediate,0.0277418587,1.20094371,0.3656302,-0.351909459,-0.5758372,-0.7336979,-0.07911567
7934f1476fe2c6e458c230f491769c34,7400006,Mankey,0.383333325,source,RightThumbDistal,0.0055554267,1.21657991,0.378384382,0.6396722,0.104238324,0.588335037,-0.4835456
7934f1476fe2c6e458c230f491769c34,7400006,Mankey,0.383333325,source,RightIndexProximal,0.0396873057,1.232236,0.39381054,0.008992926,0.157974228,-0.9756634,0.151804075
7934f1476fe2c6e458c230f491769c34,7400006,Mankey,0.383333325,source,RightIndexIntermediate,0.0102788592,1.2231921,0.391790748,-0.113441639,-0.09713847,0.573744237,-0.8053032
7934f1476fe2c6e458c230f491769c34,7400006,Mankey,0.383333325,source,RightIndexDistal,0.0174658075,1.20311582,0.385411829,0.148166239,-0.0263696667,0.199748352,0.9682216
7934f1476fe2c6e458c230f491769c34,7400006,Mankey,0.383333325,source,RightMiddleProximal,0.03889227,1.22388315,0.413548261,0.07281085,0.178489849,-0.959887266,0.203609571
7934f1476fe2c6e458c230f491769c34,7400006,Mankey,0.383333325,source,RightMiddleIntermediate,0.009119633,1.21190262,0.406570941,-0.173024476,-0.0498326048,0.496474326,-0.849171937
7934f1476fe2c6e458c230f491769c34,7400006,Mankey,0.383333325,source,RightMiddleDistal,0.0201098863,1.19382977,0.4009612,0.154582515,-0.117056854,0.322320819,0.9265591
7934f1476fe2c6e458c230f491769c34,7400006,Mankey,0.383333325,source,RightRingProximal,0.0384045728,1.2159189,0.429340482,0.118993931,0.235711247,-0.9238084,0.277234554
7934f1476fe2c6e458c230f491769c34,7400006,Mankey,0.383333325,source,RightRingIntermediate,0.0127861183,1.20163178,0.4183606,-0.252325982,-0.04302986,0.402521074,-0.87889564
7934f1476fe2c6e458c230f491769c34,7400006,Mankey,0.383333325,source,RightRingDistal,0.0256840251,1.18847024,0.413009822,0.205363408,-0.186176538,0.4201383,0.8640882
7934f1476fe2c6e458c230f491769c34,7400006,Mankey,0.383333325,source,RightLittleProximal,0.03634822,1.20306587,0.442180216,0.213808447,0.241735309,-0.9292463,0.179865628
7934f1476fe2c6e458c230f491769c34,7400006,Mankey,0.383333325,source,RightLittleIntermediate,0.0131884674,1.19673181,0.4288892,-0.319240957,-0.00229693414,0.5586478,-0.7655019
7934f1476fe2c6e458c230f491769c34,7400006,Mankey,0.383333325,source,RightLittleDistal,0.0203342419,1.180507,0.422047436,0.221905529,-0.2632847,0.2130744,0.9143518
7934f1476fe2c6e458c230f491769c34,7400006,Mankey,0.383333325,fighter,AnimatorRoot,0,0,0,0,0,0,1
7934f1476fe2c6e458c230f491769c34,7400006,Mankey,0.383333325,fighter,Hips,-0.04890431,0.778497934,0.0124073159,0.420429528,-0.4829827,-0.4869762,0.5939874
7934f1476fe2c6e458c230f491769c34,7400006,Mankey,0.383333325,fighter,LeftUpperLeg,-0.168134958,0.774974346,0.0342263579,0.3697063,0.6295637,0.329627931,0.598592043
7934f1476fe2c6e458c230f491769c34,7400006,Mankey,0.383333325,fighter,RightUpperLeg,0.0703263357,0.782021463,-0.009411748,0.55287236,0.6088473,0.4598025,0.3349908
7934f1476fe2c6e458c230f491769c34,7400006,Mankey,0.383333325,fighter,LeftLowerLeg,-0.1644714,0.460211545,0.220848188,0.587393,0.579121351,0.426663369,0.3708723
7934f1476fe2c6e458c230f491769c34,7400006,Mankey,0.383333325,fighter,RightLowerLeg,0.130423561,0.422922254,-0.0461926535,0.750431836,0.4372685,0.48579514,0.09824246
7934f1476fe2c6e458c230f491769c34,7400006,Mankey,0.383333325,fighter,LeftFoot,-0.152109563,0.106587678,0.195420265,0.04237037,0.874394238,0.00302693248,0.483353168
7934f1476fe2c6e458c230f491769c34,7400006,Mankey,0.383333325,fighter,RightFoot,0.07877205,0.156243727,-0.274367571,0.2373583,0.9193216,0.1275135,0.286791325
7934f1476fe2c6e458c230f491769c34,7400006,Mankey,0.383333325,fighter,Spine,-0.0522059761,0.8228279,0.001524105,0.4110833,-0.49568,-0.486139148,0.590745866
7934f1476fe2c6e458c230f491769c34,7400006,Mankey,0.383333325,fighter,Chest,-0.0585985929,1.06003726,-0.0301757324,0.591846,-0.45536375,-0.522851467,0.411082745
7934f1476fe2c6e458c230f491769c34,7400006,Mankey,0.383333325,fighter,Neck,-0.06692228,1.33936763,0.0162974354,0.5849817,-0.451140672,-0.5181124,0.431078047
7934f1476fe2c6e458c230f491769c34,7400006,Mankey,0.383333325,fighter,Head,-0.0752632841,1.4843545,0.048615,0.614912331,-0.3928688,-0.54839,0.4084189
7934f1476fe2c6e458c230f491769c34,7400006,Mankey,0.383333325,fighter,LeftShoulder,-0.107391648,1.28840446,0.108793944,0.7347493,-0.215458632,0.00844714,0.6431564
7934f1476fe2c6e458c230f491769c34,7400006,Mankey,0.383333325,fighter,RightShoulder,-0.0476640351,1.289031,0.1157257,0.107943341,-0.666109264,-0.7377957,0.0174511075
7934f1476fe2c6e458c230f491769c34,7400006,Mankey,0.383333325,fighter,LeftUpperArm,-0.299903482,1.35329938,0.04733517,0.6174231,0.4070537,0.2530932,0.6237308
7934f1476fe2c6e458c230f491769c34,7400006,Mankey,0.383333325,fighter,RightUpperArm,0.159508869,1.32501876,0.14459841,0.0579361469,0.58901155,0.6386974,0.4917061
7934f1476fe2c6e458c230f491769c34,7400006,Mankey,0.383333325,fighter,LeftLowerArm,-0.4522425,1.12264311,0.102367043,-0.0202120524,0.8754693,-0.347391665,0.3353572
7934f1476fe2c6e458c230f491769c34,7400006,Mankey,0.383333325,fighter,RightLowerArm,0.3031774,1.12875319,0.2869969,-0.394178033,0.197952777,0.0248513967,0.8971183
7934f1476fe2c6e458c230f491769c34,7400006,Mankey,0.383333325,fighter,LeftHand,-0.253622562,1.19149375,0.249396533,0.5441964,-0.717064261,-0.355235279,-0.251946926
7934f1476fe2c6e458c230f491769c34,7400006,Mankey,0.383333325,fighter,RightHand,0.06706853,1.15734768,0.3831359,0.2526092,0.294343621,-0.5088482,0.76852113
7934f1476fe2c6e458c230f491769c34,7400006,Mankey,0.383333325,fighter,LeftToes,0.000617618964,0.109996967,0.431079328,0.132514,0.8373652,0.0615493357,0.5267556
7934f1476fe2c6e458c230f491769c34,7400006,Mankey,0.383333325,fighter,RightToes,0.288039,0.03489666,-0.131698623,0.242878973,0.9327011,0.128702208,0.233483136
7934f1476fe2c6e458c230f491769c34,7400006,Mankey,0.383333325,fighter,LeftEye,-0.223270729,1.52673924,0.250080347,0.4919985,-0.291847229,-0.4816719,-0.663893938
7934f1476fe2c6e458c230f491769c34,7400006,Mankey,0.383333325,fighter,RightEye,0.038175758,1.545491,0.2671389,0.352569818,-0.447379649,-0.691849768,-0.443723559
7934f1476fe2c6e458c230f491769c34,7400006,Mankey,0.383333325,fighter,Jaw,-0.07346453,1.33137834,0.189254358,0.7122153,0.15878351,-0.676317334,-0.100659959
7934f1476fe2c6e458c230f491769c34,7400006,Mankey,0.383333325,fighter,LeftThumbProximal,-0.228637174,1.26008236,0.257393748,0.468929172,-0.8503357,-0.2361647,0.03551604
7934f1476fe2c6e458c230f491769c34,7400006,Mankey,0.383333325,fighter,LeftThumbIntermediate,-0.203590766,1.2966522,0.264628321,0.432528943,-0.8371488,-0.3127938,-0.119418472
7934f1476fe2c6e458c230f491769c34,7400006,Mankey,0.383333325,fighter,LeftThumbDistal,-0.180436671,1.32182777,0.2828675,0.307747066,-0.724782765,-0.4455016,-0.4260403
7934f1476fe2c6e458c230f491769c34,7400006,Mankey,0.383333325,fighter,LeftMiddleProximal,-0.220190555,1.306409,0.3103107,0.24545449,-0.892406344,-0.360916078,-0.11446847
7934f1476fe2c6e458c230f491769c34,7400006,Mankey,0.383333325,fighter,LeftMiddleIntermediate,-0.168438315,1.32796764,0.333447218,-0.08226475,-0.8937489,-0.440885752,-0.008114755
7934f1476fe2c6e458c230f491769c34,7400006,Mankey,0.383333325,fighter,LeftMiddleDistal,-0.115826964,1.31974268,0.330351621,-0.3730662,-0.7883296,-0.473154634,0.124432623
7934f1476fe2c6e458c230f491769c34,7400006,Mankey,0.383333325,fighter,LeftRingProximal,-0.20899336,1.27336037,0.353055,0.180504188,-0.90119493,-0.38607657,-0.0788101256
7934f1476fe2c6e458c230f491769c34,7400006,Mankey,0.383333325,fighter,LeftRingIntermediate,-0.159791738,1.28746819,0.368066221,-0.12015298,-0.9003891,-0.416419476,0.03818026
7934f1476fe2c6e458c230f491769c34,7400006,Mankey,0.383333325,fighter,LeftRingDistal,-0.106829561,1.277372,0.358831316,-0.384275526,-0.8151963,-0.408223838,0.145400047
7934f1476fe2c6e458c230f491769c34,7400006,Mankey,0.383333325,fighter,LeftLittleProximal,-0.2074366,1.21935964,0.379566669,0.192901045,-0.8941677,-0.3958588,-0.0809284151
7934f1476fe2c6e458c230f491769c34,7400006,Mankey,0.383333325,fighter,LeftLittleIntermediate,-0.158764824,1.23434293,0.3954326,-0.08323744,-0.890496254,-0.446086317,0.0330941081
7934f1476fe2c6e458c230f491769c34,7400006,Mankey,0.383333325,fighter,LeftLittleDistal,-0.104327746,1.22777486,0.3880632,-0.338863015,-0.8250567,-0.4328807,0.130645543
7934f1476fe2c6e458c230f491769c34,7400006,Mankey,0.383333325,fighter,RightThumbProximal,0.0302595422,1.22077632,0.386945337,-0.185938552,-0.0243804157,0.25805217,-0.9477562
7934f1476fe2c6e458c230f491769c34,7400006,Mankey,0.383333325,fighter,RightThumbIntermediate,-0.008616447,1.242337,0.393330485,0.2381419,0.290930122,-0.244337171,0.893838942
7934f1476fe2c6e458c230f491769c34,7400006,Mankey,0.383333325,fighter,RightThumbDistal,-0.0361893252,1.25389755,0.41800186,-0.325981557,-0.8523957,0.0517109036,-0.405566335
7934f1476fe2c6e458c230f491769c34,7400006,Mankey,0.383333325,fighter,RightMiddleProximal,0.0188027,1.271322,0.4352317,-0.2041637,0.0185063779,-0.2538095,-0.9452809
7934f1476fe2c6e458c230f491769c34,7400006,Mankey,0.383333325,fighter,RightMiddleIntermediate,-0.0339910835,1.242678,0.4268243,0.210007012,-0.1606997,0.8669354,0.422488928
7934f1476fe2c6e458c230f491769c34,7400006,Mankey,0.383333325,fighter,RightMiddleDistal,-0.004398033,1.20720434,0.400158972,-0.0569970757,0.219688267,-0.9059115,0.3575102
7934f1476fe2c6e458c230f491769c34,7400006,Mankey,0.383333325,fighter,RightRingProximal,0.0189744961,1.24265313,0.482378,-0.3123311,0.06152834,-0.311985165,-0.89517
7934f1476fe2c6e458c230f491769c34,7400006,Mankey,0.383333325,fighter,RightRingIntermediate,-0.023578193,1.21490943,0.46610707,0.1965042,-0.25428465,0.8851235,0.336574316
7934f1476fe2c6e458c230f491769c34,7400006,Mankey,0.383333325,fighter,RightRingDistal,0.0145051479,1.187784,0.437715471,0.0711402446,0.2862605,-0.851467848,0.433586717
7934f1476fe2c6e458c230f491769c34,7400006,Mankey,0.383333325,fighter,RightLittleProximal,0.03084205,1.19317293,0.514506638,-0.291019559,0.144576341,-0.19809185,-0.924751639
7934f1476fe2c6e458c230f491769c34,7400006,Mankey,0.383333325,fighter,RightLittleIntermediate,-0.0160821825,1.17811906,0.494093627,0.189521968,-0.282102764,0.7928619,0.5058361
7934f1476fe2c6e458c230f491769c34,7400006,Mankey,0.383333325,fighter,RightLittleDistal,0.006956686,1.13965738,0.4616772,0.123410925,0.286362618,-0.9192654,0.240245789
7934f1476fe2c6e458c230f491769c34,7400006,Mankey,0.383333325,fighter,UpperChest,-0.06320196,1.17576182,-0.000970975845,0.5629649,-0.4906203,-0.496800125,0.4422128
7934f1476fe2c6e458c230f491769c34,7400006,Mankey,0.4,source,AnimatorRoot,0,0,0,0,0,1.73587025E-15,1
7934f1476fe2c6e458c230f491769c34,7400006,Mankey,0.4,source,Hips,-0.0498593822,0.778791249,0.0115494663,-0.05014376,0.100481994,0.0103468848,0.9936206
7934f1476fe2c6e458c230f491769c34,7400006,Mankey,0.4,source,LeftUpperLeg,-0.14807415,0.77774,0.0316737853,-0.582715,-0.3241437,0.637059033,0.386691183
7934f1476fe2c6e458c230f491769c34,7400006,Mankey,0.4,source,RightUpperLeg,0.0483556,0.7798427,-0.008574929,0.467547745,-0.335405856,-0.5543427,0.601337
7934f1476fe2c6e458c230f491769c34,7400006,Mankey,0.4,source,LeftLowerLeg,-0.139938414,0.4532815,0.214975119,-0.399431229,-0.4178446,0.5542712,0.5988691
7934f1476fe2c6e458c230f491769c34,7400006,Mankey,0.4,source,RightLowerLeg,0.108149119,0.414429516,-0.0514328629,0.480953962,-0.07385342,-0.7407551,0.463153243
7934f1476fe2c6e458c230f491769c34,7400006,Mankey,0.4,source,LeftFoot,-0.152596518,0.106137723,0.194904476,0.533953846,0.118759505,-0.8101667,-0.210759267
7934f1476fe2c6e458c230f491769c34,7400006,Mankey,0.4,source,RightFoot,0.0704498962,0.150956556,-0.275559336,0.296437562,-0.222627237,-0.373774916,0.850208461
7934f1476fe2c6e458c230f491769c34,7400006,Mankey,0.4,source,Spine,-0.052862145,0.876283,0.0019872135,-0.03482304,0.09819955,-0.00085635297,0.994556963
7934f1476fe2c6e458c230f491769c34,7400006,Mankey,0.4,source,Chest,-0.0531344637,1.055266,-0.007210507,0.09807542,-0.0253618266,0.00578582846,0.994839
7934f1476fe2c6e458c230f491769c34,7400006,Mankey,0.4,source,Neck,-0.05653567,1.25399375,0.0334425755,0.327114552,0.0145920655,0.123306073,0.9367918
7934f1476fe2c6e458c230f491769c34,7400006,Mankey,0.4,source,Head,-0.0757772,1.3196373,0.0870006755,0.183654428,-0.0134237921,0.0356029421,0.9822542
7934f1476fe2c6e458c230f491769c34,7400006,Mankey,0.4,source,LeftShoulder,-0.0854798555,1.21087658,0.0245006867,0.09380957,0.036118418,0.0150599424,0.994820952
7934f1476fe2c6e458c230f491769c34,7400006,Mankey,0.4,source,RightShoulder,-0.0262638684,1.21126807,0.02756125,0.9740628,-0.07999732,0.192116946,-0.08884531
7934f1476fe2c6e458c230f491769c34,7400006,Mankey,0.4,source,LeftUpperArm,-0.22704713,1.20565951,0.0343041271,-0.04023726,0.210302681,0.4984766,0.8400445
7934f1476fe2c6e458c230f491769c34,7400006,Mankey,0.4,source,RightUpperArm,0.103438765,1.18428361,0.07868808,0.82425046,-0.444241,0.350659728,0.0172922816
7934f1476fe2c6e458c230f491769c34,7400006,Mankey,0.4,source,LeftLowerArm,-0.320980668,1.01974452,0.123446584,-0.5536344,0.7571804,0.278203219,0.2068093
7934f1476fe2c6e458c230f491769c34,7400006,Mankey,0.4,source,RightLowerArm,0.184865311,1.02111042,0.213141859,0.233412176,-0.284062415,0.807904065,0.460563272
7934f1476fe2c6e458c230f491769c34,7400006,Mankey,0.4,source,LeftHand,-0.249727666,1.19072318,0.270290554,-0.531848133,0.789640069,0.297899127,0.0697324947
7934f1476fe2c6e458c230f491769c34,7400006,Mankey,0.4,source,RightHand,0.0745215,1.165671,0.364140928,0.0987917259,-0.192618772,0.8380586,0.500795364
7934f1476fe2c6e458c230f491769c34,7400006,Mankey,0.4,source,LeftToes,-0.101544358,0.036012724,0.316957772,0.5470752,-0.0015692435,-0.8363924,-0.03397504
7934f1476fe2c6e458c230f491769c34,7400006,Mankey,0.4,source,RightToes,0.163505,0.0360244326,-0.2520574,0.387154281,-0.228237063,-0.05221042,0.891792536
7934f1476fe2c6e458c230f491769c34,7400006,Mankey,0.4,source,LeftThumbProximal,-0.249326408,1.20863509,0.259576768,-0.454916626,0.654585958,-0.528417945,0.292135268
7934f1476fe2c6e458c230f491769c34,7400006,Mankey,0.4,source,LeftThumbIntermediate,-0.230794474,1.24897647,0.25519073,-0.33534,0.7569717,-0.435851753,0.3529512
7934f1476fe2c6e458c230f491769c34,7400006,Mankey,0.4,source,LeftThumbDistal,-0.215021133,1.27342939,0.262449354,0.00236299471,0.85168606,-0.210930184,0.4797231
7934f1476fe2c6e458c230f491769c34,7400006,Mankey,0.4,source,LeftIndexProximal,-0.231911957,1.267377,0.2869905,-0.2886949,0.9240685,0.2500389,-0.0152887926
7934f1476fe2c6e458c230f491769c34,7400006,Mankey,0.4,source,LeftIndexIntermediate,-0.206231818,1.28406453,0.290570736,0.0854216,0.9659605,0.220234215,-0.105453648
7934f1476fe2c6e458c230f491769c34,7400006,Mankey,0.4,source,LeftIndexDistal,-0.1847963,1.28142548,0.285199255,0.460957259,0.8547835,0.154359862,-0.1817619
7934f1476fe2c6e458c230f491769c34,7400006,Mankey,0.4,source,LeftMiddleProximal,-0.227156222,1.2571677,0.3052423,-0.285245419,0.919942439,0.268190742,-0.02037707
7934f1476fe2c6e458c230f491769c34,7400006,Mankey,0.4,source,LeftMiddleIntermediate,-0.199684352,1.2747637,0.309035927,0.07835421,0.96408397,0.227512687,-0.112433515
7934f1476fe2c6e458c230f491769c34,7400006,Mankey,0.4,source,LeftMiddleDistal,-0.178626388,1.2725774,0.303512484,0.457650453,0.8554923,0.148183063,-0.191654623
7934f1476fe2c6e458c230f491769c34,7400006,Mankey,0.4,source,LeftRingProximal,-0.22331664,1.24771774,0.319699228,-0.214575127,0.927316368,0.300429344,-0.0615206063
7934f1476fe2c6e458c230f491769c34,7400006,Mankey,0.4,source,LeftRingIntermediate,-0.195118174,1.26133931,0.320163727,0.119546905,0.9506183,0.238818124,-0.158113152
7934f1476fe2c6e458c230f491769c34,7400006,Mankey,0.4,source,LeftRingDistal,-0.17743434,1.25842643,0.3132987,0.451773018,0.8484615,0.143582419,-0.235369712
7934f1476fe2c6e458c230f491769c34,7400006,Mankey,0.4,source,LeftLittleProximal,-0.217671037,1.234034,0.330430567,-0.226319969,0.9182773,0.3184234,-0.06444273
7934f1476fe2c6e458c230f491769c34,7400006,Mankey,0.4,source,LeftLittleIntermediate,-0.19326511,1.24656785,0.331138074,0.07935446,0.950683832,0.253546,-0.160056472
7934f1476fe2c6e458c230f491769c34,7400006,Mankey,0.4,source,LeftLittleDistal,-0.175480112,1.24524331,0.324592143,0.374950767,0.881805658,0.161580428,-0.23605758
7934f1476fe2c6e458c230f491769c34,7400006,Mankey,0.4,source,RightThumbProximal,0.0702896044,1.18135428,0.35103,0.192738473,0.6966659,0.6325042,0.278293878
7934f1476fe2c6e458c230f491769c34,7400006,Mankey,0.4,source,RightThumbIntermediate,0.0359032825,1.20903909,0.3446093,-0.352243155,-0.5883471,-0.7218724,-0.0931298
7934f1476fe2c6e458c230f491769c34,7400006,Mankey,0.4,source,RightThumbDistal,0.0138757359,1.22550189,0.3565742,0.6487746,0.113315418,0.5911108,-0.465660185
7934f1476fe2c6e458c230f491769c34,7400006,Mankey,0.4,source,RightIndexProximal,0.0481469221,1.24131334,0.371525764,0.009534589,0.137081489,-0.979763269,0.145540133
7934f1476fe2c6e458c230f491769c34,7400006,Mankey,0.4,source,RightIndexIntermediate,0.0186242983,1.23260248,0.369719326,-0.09880294,-0.0821790546,0.5809722,-0.8037143
7934f1476fe2c6e458c230f491769c34,7400006,Mankey,0.4,source,RightIndexDistal,0.0255591255,1.21217918,0.3642246,0.127181455,-0.0258167516,0.193861574,0.9724077
7934f1476fe2c6e458c230f491769c34,7400006,Mankey,0.4,source,RightMiddleProximal,0.0471342839,1.233805,0.391590148,0.07235596,0.157336012,-0.964611948,0.198831692
7934f1476fe2c6e458c230f491769c34,7400006,Mankey,0.4,source,RightMiddleIntermediate,0.0172311421,1.221958,0.3849511,-0.15691644,-0.03596437,0.5028809,-0.8492321
7934f1476fe2c6e458c230f491769c34,7400006,Mankey,0.4,source,RightMiddleDistal,0.027993165,1.20351565,0.380162746,0.133503526,-0.113854282,0.318607777,0.9315062
7934f1476fe2c6e458c230f491769c34,7400006,Mankey,0.4,source,RightRingProximal,0.0464543626,1.22651553,0.407697976,0.117293932,0.214776635,-0.930129945,0.273809075
7934f1476fe2c6e458c230f491769c34,7400006,Mankey,0.4,source,RightRingIntermediate,0.0206925049,1.21213937,0.397179633,-0.2352785,-0.0304911789,0.4088049,-0.8812452
7934f1476fe2c6e458c230f491769c34,7400006,Mankey,0.4,source,RightRingDistal,0.033430133,1.19858754,0.392455727,0.184831217,-0.181101859,0.418418825,0.870612264
7934f1476fe2c6e458c230f491769c34,7400006,Mankey,0.4,source,RightLittleProximal,0.0441518128,1.21424055,0.421051174,0.214176267,0.220281541,-0.9347566,0.178423211
7934f1476fe2c6e458c230f491769c34,7400006,Mankey,0.4,source,RightLittleIntermediate,0.0209723283,1.20767879,0.407905817,-0.304678053,0.0136593925,0.563068867,-0.7680747
7934f1476fe2c6e458c230f491769c34,7400006,Mankey,0.4,source,RightLittleDistal,0.0279228147,1.19108415,0.401787519,0.200332329,-0.2627677,0.212708741,0.9195519
7934f1476fe2c6e458c230f491769c34,7400006,Mankey,0.4,fighter,AnimatorRoot,0,0,0,0,0,0,1
7934f1476fe2c6e458c230f491769c34,7400006,Mankey,0.4,fighter,Hips,-0.0498593748,0.7787912,0.0115494663,0.408949256,-0.47085458,-0.494190425,0.6056669
7934f1476fe2c6e458c230f491769c34,7400006,Mankey,0.4,fighter,LeftUpperLeg,-0.168036252,0.7751545,0.03848328,0.37902686,0.6381457,0.321926057,0.5877691
7934f1476fe2c6e458c230f491769c34,7400006,Mankey,0.4,fighter,RightUpperLeg,0.0683174953,0.782427847,-0.0153843677,0.5626306,0.616343737,0.448792249,0.319613367
7934f1476fe2c6e458c230f491769c34,7400006,Mankey,0.4,fighter,LeftLowerLeg,-0.160082832,0.459640652,0.22369796,0.596717834,0.577153265,0.421243,0.365207344
7934f1476fe2c6e458c230f491769c34,7400006,Mankey,0.4,fighter,RightLowerLeg,0.127815127,0.423643857,-0.05601409,0.7566231,0.451887667,0.4636216,0.09151009
7934f1476fe2c6e458c230f491769c34,7400006,Mankey,0.4,fighter,LeftFoot,-0.1525965,0.1061379,0.194904447,0.0409684666,0.8757756,0.0012345016,0.48097527
7934f1476fe2c6e458c230f491769c34,7400006,Mankey,0.4,fighter,RightFoot,0.07044991,0.15095681,-0.275559157,0.21764262,0.9322522,0.114094689,0.265555739
7934f1476fe2c6e458c230f491769c34,7400006,Mankey,0.4,fighter,Spine,-0.0537143871,0.8230632,0.00061264087,0.4019231,-0.480482519,-0.493043333,0.6037407
7934f1476fe2c6e458c230f491769c34,7400006,Mankey,0.4,fighter,Chest,-0.06341042,1.06021261,-0.030694643,0.570076466,-0.436876029,-0.5455678,0.43186605
7934f1476fe2c6e458c230f491769c34,7400006,Mankey,0.4,fighter,Neck,-0.06927124,1.3396219,0.0156802554,0.5703161,-0.437972754,-0.534635544,0.443942428
7934f1476fe2c6e458c230f491769c34,7400006,Mankey,0.4,fighter,Head,-0.07592011,1.48457134,0.04855342,0.6077385,-0.387785882,-0.5587278,0.410000056
7934f1476fe2c6e458c230f491769c34,7400006,Mankey,0.4,fighter,LeftShoulder,-0.101590246,1.28870583,0.111354984,0.735202253,-0.181477487,-0.024827823,0.652631044
7934f1476fe2c6e458c230f491769c34,7400006,Mankey,0.4,fighter,RightShoulder,-0.04149615,1.28965,0.1132609,0.08417198,-0.6645193,-0.74121207,0.04398173
7934f1476fe2c6e458c230f491769c34,7400006,Mankey,0.4,fighter,LeftUpperArm,-0.2995965,1.35222149,0.06882694,0.6301218,0.412349284,0.22224012,0.6192934
7934f1476fe2c6e458c230f491769c34,7400006,Mankey,0.4,fighter,RightUpperArm,0.166923538,1.32723224,0.127338514,0.07454652,0.5967905,0.6288161,0.492823482
7934f1476fe2c6e458c230f491769c34,7400006,Mankey,0.4,fighter,LeftLowerArm,-0.457756341,1.12817419,0.133836538,-0.0131685287,0.881200731,-0.359097123,0.307183146
7934f1476fe2c6e458c230f491769c34,7400006,Mankey,0.4,fighter,RightLowerArm,0.3087314,1.12746775,0.266703874,-0.4044747,0.208285913,0.01098825,0.8904477
7934f1476fe2c6e458c230f491769c34,7400006,Mankey,0.4,fighter,LeftHand,-0.249727756,1.19072318,0.270290643,0.5284255,-0.7299073,-0.352694869,-0.2522083
7934f1476fe2c6e458c230f491769c34,7400006,Mankey,0.4,fighter,RightHand,0.07452141,1.16567087,0.36414057,0.239913166,0.279814631,-0.5195826,0.77083075
7934f1476fe2c6e458c230f491769c34,7400006,Mankey,0.4,fighter,LeftToes,0.001453268,0.110688195,0.429681659,0.134070143,0.838576555,0.06098649,0.5244954
7934f1476fe2c6e458c230f491769c34,7400006,Mankey,0.4,fighter,RightToes,0.290990651,0.04230087,-0.139809638,0.234475717,0.94171983,0.117615357,0.2105979
7934f1476fe2c6e458c230f491769c34,7400006,Mankey,0.4,fighter,LeftEye,-0.218384072,1.52664244,0.254040658,0.48285082,-0.300523043,-0.4868536,-0.6629592
7934f1476fe2c6e458c230f491769c34,7400006,Mankey,0.4,fighter,RightEye,0.043527808,1.54371786,0.264406741,0.340880245,-0.452136874,-0.6963302,-0.441019177
7934f1476fe2c6e458c230f491769c34,7400006,Mankey,0.4,fighter,Jaw,-0.07141571,1.33075,0.188206777,0.7035523,0.157283485,-0.6847301,-0.106872842
7934f1476fe2c6e458c230f491769c34,7400006,Mankey,0.4,fighter,LeftThumbProximal,-0.222038329,1.258344,0.277595848,0.440257668,-0.863802,-0.242381886,0.0356482267
7934f1476fe2c6e458c230f491769c34,7400006,Mankey,0.4,fighter,LeftThumbIntermediate,-0.194651365,1.29327869,0.284414947,0.4028334,-0.848942041,-0.3167975,-0.12908566
7934f1476fe2c6e458c230f491769c34,7400006,Mankey,0.4,fighter,LeftThumbDistal,-0.169760317,1.31662118,0.3028045,0.26742202,-0.718292058,-0.445611656,-0.4625724
7934f1476fe2c6e458c230f491769c34,7400006,Mankey,0.4,fighter,LeftMiddleProximal,-0.211063817,1.30454016,0.330161631,0.196194589,-0.909537554,-0.3516284,-0.102992028
7934f1476fe2c6e458c230f491769c34,7400006,Mankey,0.4,fighter,LeftMiddleIntermediate,-0.156369939,1.32179272,0.349892378,-0.163152933,-0.8898642,-0.425932437,0.0102738142
7934f1476fe2c6e458c230f491769c34,7400006,Mankey,0.4,fighter,LeftMiddleDistal,-0.105880484,1.30677152,0.341503531,-0.4733256,-0.7447728,-0.447343528,0.145469874
7934f1476fe2c6e458c230f491769c34,7400006,Mankey,0.4,fighter,LeftRingProximal,-0.200507477,1.27127123,0.3728983,0.130891129,-0.9133836,-0.380473316,-0.0619562566
7934f1476fe2c6e458c230f491769c34,7400006,Mankey,0.4,fighter,LeftRingIntermediate,-0.149404556,1.28151083,0.384248137,-0.198347718,-0.890676,-0.403955877,0.06461394
7934f1476fe2c6e458c230f491769c34,7400006,Mankey,0.4,fighter,LeftRingDistal,-0.0994643643,1.265039,0.3691862,-0.480179131,-0.76998204,-0.3819488,0.175132781
7934f1476fe2c6e458c230f491769c34,7400006,Mankey,0.4,fighter,LeftLittleProximal,-0.200617567,1.217364,0.399644256,0.144632623,-0.9070301,-0.390421867,-0.06284171
7934f1476fe2c6e458c230f491769c34,7400006,Mankey,0.4,fighter,LeftLittleIntermediate,-0.1499303,1.22874165,0.411748976,-0.158680364,-0.884319246,-0.435079843,0.0592159629
7934f1476fe2c6e458c230f491769c34,7400006,Mankey,0.4,fighter,LeftLittleDistal,-0.09777944,1.21606565,0.398315459,-0.431743056,-0.788365245,-0.4078545,0.160418242
7934f1476fe2c6e458c230f491769c34,7400006,Mankey,0.4,fighter,RightThumbProximal,0.03859317,1.22970879,0.3650916,-0.166182756,-0.0133837163,0.26537627,-0.9496211
7934f1476fe2c6e458c230f491769c34,7400006,Mankey,0.4,fighter,RightThumbIntermediate,2.41942744E-05,1.25214481,0.3701943,0.220980257,0.280081,-0.2589233,0.8975978
7934f1476fe2c6e458c230f491769c34,7400006,Mankey,0.4,fighter,RightThumbDistal,-0.0274598859,1.26536441,0.394120276,-0.324935138,-0.8464952,0.0743293762,-0.415137261
7934f1476fe2c6e458c230f491769c34,7400006,Mankey,0.4,fighter,RightMiddleProximal,0.027607413,1.28238344,0.411160916,-0.183183208,0.0143810809,-0.247574151,-0.9512857
7934f1476fe2c6e458c230f491769c34,7400006,Mankey,0.4,fighter,RightMiddleIntermediate,-0.0255819056,1.25413561,0.404000431,0.195996076,-0.141180679,0.8679393,0.43397674
7934f1476fe2c6e458c230f491769c34,7400006,Mankey,0.4,fighter,RightMiddleDistal,0.00356829818,1.21690464,0.3793166,-0.0623224527,0.196215,-0.914050758,0.349468172
7934f1476fe2c6e458c230f491769c34,7400006,Mankey,0.4,fighter,RightRingProximal,0.0271360558,1.25571144,0.4594629,-0.291734546,0.0564365834,-0.307584971,-0.9039347
7934f1476fe2c6e458c230f491769c34,7400006,Mankey,0.4,fighter,RightRingIntermediate,-0.0157715641,1.22780693,0.444447935,0.183945239,-0.234138116,0.8890638,0.347721
7934f1476fe2c6e458c230f491769c34,7400006,Mankey,0.4,fighter,RightRingDistal,0.0220000688,1.19869721,0.4176496,0.06432925,0.26311937,-0.8616063,0.429261565
7934f1476fe2c6e458c230f491769c34,7400006,Mankey,0.4,fighter,RightLittleProximal,0.0381410755,1.2074579,0.4936951,-0.2698008,0.142621055,-0.195997268,-0.931908
7934f1476fe2c6e458c230f491769c34,7400006,Mankey,0.4,fighter,RightLittleIntermediate,-0.008931161,1.19207752,0.473875,0.172919214,-0.263917178,0.7964573,0.5158519
7934f1476fe2c6e458c230f491769c34,7400006,Mankey,0.4,fighter,RightLittleDistal,0.013641336,1.15166569,0.4435717,0.120966733,0.2612617,-0.9278462,0.237090468
7934f1476fe2c6e458c230f491769c34,7400006,Mankey,0.4,fighter,UpperChest,-0.06615642,1.175991,-0.00146887382,0.542363763,-0.470839053,-0.5182064,0.46434328
7934f1476fe2c6e458c230f491769c34,7400006,Mankey,0.416666657,source,AnimatorRoot,0,0,0,0,0,1.808198E-15,1
7934f1476fe2c6e458c230f491769c34,7400006,Mankey,0.416666657,source,Hips,-0.0510696322,0.7788129,0.0104593672,-0.0519945472,0.123711541,0.0109979128,0.9908941
7934f1476fe2c6e458c230f491769c34,7400006,Mankey,0.416666657,source,LeftUpperLeg,-0.148237318,0.777917445,0.0351549871,-0.571330249,-0.313818574,0.6463041,0.396725178
7934f1476fe2c6e458c230f491769c34,7400006,Mankey,0.416666657,source,RightUpperLeg,0.04609826,0.779708445,-0.0142363422,0.457268417,-0.317175418,-0.564198,0.609906554
7934f1476fe2c6e458c230f491769c34,7400006,Mankey,0.416666657,source,LeftLowerLeg,-0.136167109,0.4531081,0.217616186,-0.394186765,-0.410651475,0.553829253,0.6076641
7934f1476fe2c6e458c230f491769c34,7400006,Mankey,0.416666657,source,RightLowerLeg,0.106542915,0.415057778,-0.0623520538,0.462510765,-0.0710582957,-0.7445751,0.476070017
7934f1476fe2c6e458c230f491769c34,7400006,Mankey,0.416666657,source,LeftFoot,-0.153313369,0.106256954,0.195885763,0.532327533,0.117532089,-0.8115059,-0.210409284
7934f1476fe2c6e458c230f491769c34,7400006,Mankey,0.416666657,source,RightFoot,0.06517711,0.14550823,-0.278462768,0.284043461,-0.214638,-0.356938541,0.8636233
7934f1476fe2c6e458c230f491769c34,7400006,Mankey,0.416666657,source,Spine,-0.05446651,0.8762648,0.000627339,-0.03385509,0.122083873,0.001643956,0.9919409
7934f1476fe2c6e458c230f491769c34,7400006,Mankey,0.416666657,source,Chest,-0.05572932,1.055266,-0.008126032,0.0972797,0.0119752465,0.00421952829,0.9951763
7934f1476fe2c6e458c230f491769c34,7400006,Mankey,0.416666657,source,Neck,-0.0569320023,1.25406516,0.03230072,0.329595119,0.0445800722,0.106219612,0.9370685
7934f1476fe2c6e458c230f491769c34,7400006,Mankey,0.416666657,source,Head,-0.07167375,1.32010722,0.08678857,0.1865905,-0.00239175442,0.0310335737,0.9819448
7934f1476fe2c6e458c230f491769c34,7400006,Mankey,0.416666657,source,LeftShoulder,-0.0862794,1.21081114,0.0256212577,0.09264239,0.08192009,0.0144227725,0.992219031
7934f1476fe2c6e458c230f491769c34,7400006,Mankey,0.416666657,source,RightShoulder,-0.0270022154,1.21145093,0.0242576674,0.9807859,-0.07819723,0.157123387,-0.08518652
7934f1476fe2c6e458c230f491769c34,7400006,Mankey,0.416666657,source,LeftUpperArm,-0.226316586,1.20459151,0.04832643,-0.0257769283,0.229659021,0.479983658,0.8462909
7934f1476fe2c6e458c230f491769c34,7400006,Mankey,0.416666657,source,RightUpperArm,0.1062521,1.18586147,0.06613063,0.8241217,-0.452370882,0.33932814,0.0322620459
7934f1476fe2c6e458c230f491769c34,7400006,Mankey,0.416666657,source,LeftLowerArm,-0.3245906,1.02320552,0.142004743,-0.5362637,0.767292857,0.2830546,0.208718777
7934f1476fe2c6e458c230f491769c34,7400006,Mankey,0.416666657,source,RightLowerArm,0.187918589,1.02189112,0.1994644,0.222576782,-0.2737447,0.8065298,0.474377126
7934f1476fe2c6e458c230f491769c34,7400006,Mankey,0.416666657,source,LeftHand,-0.24476245,1.18980014,0.289475381,-0.5111627,0.801122248,0.303563923,0.0690329447
7934f1476fe2c6e458c230f491769c34,7400006,Mankey,0.416666657,source,RightHand,0.08134458,1.17396033,0.3457217,0.08287442,-0.183384955,0.8389863,0.5055734
7934f1476fe2c6e458c230f491769c34,7400006,Mankey,0.416666657,source,LeftToes,-0.101697713,0.0363860168,0.317847729,0.545228,-0.002071946,-0.8375907,-0.0341201462
7934f1476fe2c6e458c230f491769c34,7400006,Mankey,0.416666657,source,RightToes,0.162962735,0.0349349566,-0.253313184,0.38091737,-0.216004372,-0.047131367,0.897787869
7934f1476fe2c6e458c230f491769c34,7400006,Mankey,0.416666657,source,LeftThumbProximal,-0.243803293,1.20772767,0.2788233,-0.435897648,0.6719706,-0.533829153,0.2710636
7934f1476fe2c6e458c230f491769c34,7400006,Mankey,0.416666657,source,LeftThumbIntermediate,-0.222700909,1.24677193,0.2743133,-0.306053221,0.7730788,-0.441162944,0.3377231
7934f1476fe2c6e458c230f491769c34,7400006,Mankey,0.416666657,source,LeftThumbDistal,-0.20517,1.2699002,0.2818749,0.06273431,0.8523822,-0.206497967,0.476307541
7934f1476fe2c6e458c230f491769c34,7400006,Mankey,0.416666657,source,LeftIndexProximal,-0.223267376,1.26552451,0.3060849,-0.236915886,0.9378439,0.251967132,-0.0288599115
7934f1476fe2c6e458c230f491769c34,7400006,Mankey,0.416666657,source,LeftIndexIntermediate,-0.195945829,1.27967525,0.3080969,0.169023231,0.9541441,0.212710619,-0.125677645
7934f1476fe2c6e458c230f491769c34,7400006,Mankey,0.416666657,source,LeftIndexDistal,-0.175665215,1.27368677,0.3011592,0.55837965,0.79356885,0.132828608,-0.2020345
7934f1476fe2c6e458c230f491769c34,7400006,Mankey,0.416666657,source,LeftMiddleProximal,-0.218581021,1.2550317,0.3241933,-0.233736947,0.9330539,0.2711795,-0.03520685
7934f1476fe2c6e458c230f491769c34,7400006,Mankey,0.416666657,source,LeftMiddleIntermediate,-0.189407289,1.2699846,0.326198876,0.161309689,0.9525057,0.2202198,-0.1349669
7934f1476fe2c6e458c230f491769c34,7400006,Mankey,0.416666657,source,LeftMiddleDistal,-0.1694633,1.26456153,0.319018781,0.554253,0.794362962,0.125431687,-0.2146123
7934f1476fe2c6e458c230f491769c34,7400006,Mankey,0.416666657,source,LeftRingProximal,-0.214855924,1.24535537,0.338529974,-0.161235958,0.9354799,0.304123968,-0.079935424
7934f1476fe2c6e458c230f491769c34,7400006,Mankey,0.416666657,source,LeftRingIntermediate,-0.185565025,1.25632608,0.3369175,0.200844929,0.934045255,0.23015058,-0.185073018
7934f1476fe2c6e458c230f491769c34,7400006,Mankey,0.416666657,source,LeftRingDistal,-0.169236124,1.2507602,0.328508019,0.5445107,0.7876635,0.118308276,-0.2628657
7934f1476fe2c6e458c230f491769c34,7400006,Mankey,0.416666657,source,LeftLittleProximal,-0.209590182,1.23138785,0.3490875,-0.174031466,0.926399767,0.323151827,-0.08408398
7934f1476fe2c6e458c230f491769c34,7400006,Mankey,0.416666657,source,LeftLittleIntermediate,-0.18419522,1.24172914,0.34789893,0.157464281,0.9374642,0.246377274,-0.188851833
7934f1476fe2c6e458c230f491769c34,7400006,Mankey,0.416666657,source,LeftLittleDistal,-0.167494819,1.23788822,0.339698017,0.466205925,0.8318434,0.138991877,-0.267152965
7934f1476fe2c6e458c230f491769c34,7400006,Mankey,0.416666657,source,RightThumbProximal,0.07750042,1.1892513,0.3320402,0.187128708,0.7035957,0.6209275,0.290492356
7934f1476fe2c6e458c230f491769c34,7400006,Mankey,0.416666657,source,RightThumbIntermediate,0.0435430147,1.21709132,0.3241717,-0.348312229,-0.5973109,-0.714363933,-0.1076259
7934f1476fe2c6e458c230f491769c34,7400006,Mankey,0.416666657,source,RightThumbDistal,0.02152483,1.234182,0.335240275,0.652258933,0.122944534,0.596917868,-0.450702369
7934f1476fe2c6e458c230f491769c34,7400006,Mankey,0.416666657,source,RightIndexProximal,0.05574062,1.250093,0.3502129,0.0156594384,0.119825125,-0.9825822,0.141172573
7934f1476fe2c6e458c230f491769c34,7400006,Mankey,0.416666657,source,RightIndexIntermediate,0.0261502955,1.24165678,0.348220766,-0.09068571,-0.06575789,0.586008132,-0.8025256
7934f1476fe2c6e458c230f491769c34,7400006,Mankey,0.416666657,source,RightIndexDistal,0.0329316929,1.220988,0.343506634,0.109573387,-0.03103364,0.18971549,0.9752127
7934f1476fe2c6e458c230f491769c34,7400006,Mankey,0.416666657,source,RightMiddleProximal,0.0543280542,1.2432586,0.3704929,0.0775932744,0.139545828,-0.967573,0.195728227
7934f1476fe2c6e458c230f491769c34,7400006,Mankey,0.416666657,source,RightMiddleIntermediate,0.0243960358,1.23153389,0.363767564,-0.147164956,-0.020139413,0.50697577,-0.8490659
7934f1476fe2c6e458c230f491769c34,7400006,Mankey,0.416666657,source,RightMiddleDistal,0.0350159854,1.21282566,0.3597558,0.115078352,-0.116727725,0.3161621,0.934437931
7934f1476fe2c6e458c230f491769c34,7400006,Mankey,0.416666657,source,RightRingProximal,0.0533123761,1.23650956,0.386817038,0.121351548,0.196693048,-0.93410933,0.272076756
7934f1476fe2c6e458c230f491769c34,7400006,Mankey,0.416666657,source,RightRingIntermediate,0.0275519341,1.22208369,0.3763636,-0.224216059,-0.015507712,0.412391573,-0.882848144
7934f1476fe2c6e458c230f491769c34,7400006,Mankey,0.416666657,source,RightRingDistal,0.0402029976,1.20824325,0.372288257,0.166222945,-0.1821422,0.4178068,0.8744324
7934f1476fe2c6e458c230f491769c34,7400006,Mankey,0.416666657,source,RightLittleProximal,0.0506592244,1.2247057,0.4005252,0.219844759,0.2023219,-0.93751806,0.178310186
7934f1476fe2c6e458c230f491769c34,7400006,Mankey,0.416666657,source,RightLittleIntermediate,0.0276126023,1.21797442,0.3872327,-0.2964198,0.030661365,0.5647136,-0.7696067
7934f1476fe2c6e458c230f491769c34,7400006,Mankey,0.416666657,source,RightLittleDistal,0.0344638824,1.20111191,0.38177076,0.182078019,-0.267632931,0.213313922,0.9218017
7934f1476fe2c6e458c230f491769c34,7400006,Mankey,0.416666657,fighter,AnimatorRoot,0,0,0,0,0,0,1
7934f1476fe2c6e458c230f491769c34,7400006,Mankey,0.416666657,fighter,Hips,-0.05106963,0.778812766,0.0104593663,0.3960107,-0.458619744,-0.502857745,0.616423249
7934f1476fe2c6e458c230f491769c34,7400006,Mankey,0.416666657,fighter,LeftUpperLeg,-0.167927429,0.7755412,0.0426770337,0.388178527,0.6470007,0.31282717,0.576928854
7934f1476fe2c6e458c230f491769c34,7400006,Mankey,0.416666657,fighter,RightUpperLeg,0.06578819,0.7820844,-0.0217583217,0.571911156,0.6251309,0.437786937,0.3007855
7934f1476fe2c6e458c230f491769c34,7400006,Mankey,0.416666657,fighter,LeftLowerLeg,-0.155872166,0.4596333,0.226996571,0.605398834,0.5755963,0.415084928,0.360396981
7934f1476fe2c6e458c230f491769c34,7400006,Mankey,0.416666657,fighter,RightLowerLeg,0.126128763,0.4240429,-0.06738855,0.7603985,0.464930862,0.444895446,0.0877595246
7934f1476fe2c6e458c230f491769c34,7400006,Mankey,0.416666657,fighter,LeftFoot,-0.153313369,0.106256939,0.195885792,0.0404004641,0.8768606,0.0003183782,0.479044348
7934f1476fe2c6e458c230f491769c34,7400006,Mankey,0.416666657,fighter,RightFoot,0.0651770756,0.145508125,-0.2784629,0.1969319,0.9403013,0.102793112,0.257847071
7934f1476fe2c6e458c230f491769c34,7400006,Mankey,0.416666657,fighter,Spine,-0.0553246066,0.823047042,-0.000482247851,0.39132297,-0.4653495,-0.502458453,0.6146965
7934f1476fe2c6e458c230f491769c34,7400006,Mankey,0.416666657,fighter,Chest,-0.0667974055,1.06025422,-0.030733,0.5501089,-0.42030713,-0.564771,0.449172854
7934f1476fe2c6e458c230f491769c34,7400006,Mankey,0.416666657,fighter,Neck,-0.0703208,1.339744,0.0153920883,0.5570031,-0.42610696,-0.548876464,0.45487985
7934f1476fe2c6e458c230f491769c34,7400006,Mankey,0.416666657,fighter,Head,-0.0754291341,1.48465943,0.04868833,0.601247549,-0.38293618,-0.5678428,0.411602169
7934f1476fe2c6e458c230f491769c34,7400006,Mankey,0.416666657,fighter,LeftShoulder,-0.09536867,1.288926,0.113273367,0.73445493,-0.1497248,-0.055891335,0.659572
7934f1476fe2c6e458c230f491769c34,7400006,Mankey,0.416666657,fighter,RightShoulder,-0.0352999419,1.29009449,0.1107813,0.0612371266,-0.6624121,-0.743281662,0.0706605
7934f1476fe2c6e458c230f491769c34,7400006,Mankey,0.416666657,fighter,LeftUpperArm,-0.296774715,1.35125482,0.0887778848,0.641990542,0.414711058,0.193949074,0.6150183
7934f1476fe2c6e458c230f491769c34,7400006,Mankey,0.416666657,fighter,RightUpperArm,0.17323707,1.3296088,0.110233918,0.08718423,0.6059864,0.6185808,0.4924811
7934f1476fe2c6e458c230f491769c34,7400006,Mankey,0.416666657,fighter,LeftLowerArm,-0.4604708,1.13393772,0.162363842,-0.00575102866,0.886004746,-0.36800766,0.282017261
7934f1476fe2c6e458c230f491769c34,7400006,Mankey,0.416666657,fighter,RightLowerArm,0.31408298,1.12810361,0.248060524,-0.412833,0.215340823,-0.0005414039,0.8849845
7934f1476fe2c6e458c230f491769c34,7400006,Mankey,0.416666657,fighter,LeftHand,-0.244762614,1.18980014,0.289475471,0.5080811,-0.743137,-0.354195833,-0.253273129
7934f1476fe2c6e458c230f491769c34,7400006,Mankey,0.416666657,fighter,RightHand,0.0813445449,1.17396009,0.345721632,0.232949644,0.2638179,-0.52656287,0.7738649
7934f1476fe2c6e458c230f491769c34,7400006,Mankey,0.416666657,fighter,LeftToes,0.00179028243,0.111306995,0.429957926,0.134360686,0.839706361,0.0602691174,0.5226936
7934f1476fe2c6e458c230f491769c34,7400006,Mankey,0.416666657,fighter,RightToes,0.29214406,0.0494622476,-0.143802553,0.226248056,0.9467428,0.108910114,0.201566234
7934f1476fe2c6e458c230f491769c34,7400006,Mankey,0.416666657,fighter,LeftEye,-0.212809831,1.52632368,0.2576897,0.4746265,-0.308201224,-0.491688,-0.6618043
7934f1476fe2c6e458c230f491769c34,7400006,Mankey,0.416666657,fighter,RightEye,0.0493537672,1.542097,0.261969656,0.330413252,-0.4563012,-0.7004077,-0.438230366
7934f1476fe2c6e458c230f491769c34,7400006,Mankey,0.416666657,fighter,Jaw,-0.06839032,1.33008385,0.187400967,0.6955363,0.156103015,-0.692294955,-0.112204224
7934f1476fe2c6e458c230f491769c34,7400006,Mankey,0.416666657,fighter,LeftThumbProximal,-0.213997185,1.25611365,0.2964496,0.409306854,-0.8759743,-0.252557635,0.0367783755
7934f1476fe2c6e458c230f491769c34,7400006,Mankey,0.416666657,fighter,LeftThumbIntermediate,-0.184255719,1.28915286,0.3028409,0.3702054,-0.8597178,-0.323762178,-0.1378837
7934f1476fe2c6e458c230f491769c34,7400006,Mankey,0.416666657,fighter,LeftThumbDistal,-0.157591313,1.31036651,0.3213232,0.223394349,-0.709877849,-0.445003778,-0.498137623
7934f1476fe2c6e458c230f491769c34,7400006,Mankey,0.416666657,fighter,LeftMiddleProximal,-0.199914739,1.30153942,0.348946,0.143887192,-0.9230931,-0.3456002,-0.08807509
7934f1476fe2c6e458c230f491769c34,7400006,Mankey,0.416666657,fighter,LeftMiddleIntermediate,-0.1427175,1.31395829,0.364839524,-0.245373756,-0.8769665,-0.411868572,0.03296444
7934f1476fe2c6e458c230f491769c34,7400006,Mankey,0.416666657,fighter,LeftMiddleDistal,-0.09591603,1.2924509,0.3509742,-0.5692207,-0.686779261,-0.419072628,0.169412047
7934f1476fe2c6e458c230f491769c34,7400006,Mankey,0.416666657,fighter,LeftRingProximal,-0.189929321,1.267641,0.3913237,0.0784196854,-0.921348453,-0.3784345,-0.04189837
7934f1476fe2c6e458c230f491769c34,7400006,Mankey,0.416666657,fighter,LeftRingIntermediate,-0.137432575,1.27365744,0.39860782,-0.277355373,-0.8717536,-0.392627776,0.09467536
7934f1476fe2c6e458c230f491769c34,7400006,Mankey,0.416666657,fighter,LeftRingDistal,-0.09212798,1.25127256,0.377664834,-0.571421146,-0.710974336,-0.35348928,0.2074601
7934f1476fe2c6e458c230f491769c34,7400006,Mankey,0.416666657,fighter,LeftLittleProximal,-0.191834837,1.21366465,0.41786167,0.09358226,-0.9156936,-0.388614833,-0.0415577
7934f1476fe2c6e458c230f491769c34,7400006,Mankey,0.416666657,fighter,LeftLittleIntermediate,-0.139613211,1.22108352,0.425801039,-0.235340744,-0.869381666,-0.425309181,0.08889833
7934f1476fe2c6e458c230f491769c34,7400006,Mankey,0.416666657,fighter,LeftLittleDistal,-0.09129105,1.20262814,0.4061739,-0.5212658,-0.7388397,-0.380892128,0.193184078
7934f1476fe2c6e458c230f491769c34,7400006,Mankey,0.416666657,fighter,RightThumbProximal,0.0461538881,1.23839045,0.3440095,-0.1525068,0.000942587852,0.2684047,-0.9511574
7934f1476fe2c6e458c230f491769c34,7400006,Mankey,0.416666657,fighter,RightThumbIntermediate,0.00771405129,1.26133454,0.3476056,0.20879747,0.2661252,-0.267531723,0.9022243
7934f1476fe2c6e458c230f491769c34,7400006,Mankey,0.416666657,fighter,RightThumbDistal,-0.0200095885,1.27573967,0.370550722,-0.323299527,-0.83931905,0.08926061,-0.4278487
7934f1476fe2c6e458c230f491769c34,7400006,Mankey,0.416666657,fighter,RightMiddleProximal,0.0350655243,1.29266727,0.388154477,-0.165058017,0.0166616,-0.245157048,-0.9551842
7934f1476fe2c6e458c230f491769c34,7400006,Mankey,0.416666657,fighter,RightMiddleIntermediate,-0.0182597563,1.26459622,0.381315768,0.179792628,-0.128052384,0.870170057,0.4405476
7934f1476fe2c6e458c230f491769c34,7400006,Mankey,0.416666657,fighter,RightMiddleDistal,0.0109270765,1.226156,0.3586076,-0.0612350553,0.17538482,-0.919805765,0.3456134
7934f1476fe2c6e458c230f491769c34,7400006,Mankey,0.416666657,fighter,RightRingProximal,0.03353092,1.26760113,0.43728745,-0.273440421,0.05750346,-0.3071497,-0.9097161
7934f1476fe2c6e458c230f491769c34,7400006,Mankey,0.416666657,fighter,RightRingIntermediate,-0.009392239,1.23946977,0.422747016,0.168917283,-0.21994096,0.893397331,0.35346216
7934f1476fe2c6e458c230f491769c34,7400006,Mankey,0.416666657,fighter,RightRingDistal,0.0285191759,1.20898676,0.3977323,0.06373589,0.242223382,-0.8680676,0.428631961
7934f1476fe2c6e458c230f491769c34,7400006,Mankey,0.416666657,fighter,RightLittleProximal,0.0434386432,1.22037685,0.473246932,-0.25157702,0.146343917,-0.197311416,-0.936141849
7934f1476fe2c6e458c230f491769c34,7400006,Mankey,0.416666657,fighter,RightLittleIntermediate,-0.003463724,1.20459938,0.4533363,0.15531005,-0.252333641,0.8007344,0.5206069
7934f1476fe2c6e458c230f491769c34,7400006,Mankey,0.416666657,fighter,RightLittleDistal,0.01920304,1.1628089,0.425039947,0.12422803,0.240102291,-0.9330047,0.237532064
7934f1476fe2c6e458c230f491769c34,7400006,Mankey,0.416666657,fighter,UpperChest,-0.06784267,1.17608726,-0.00161431718,0.5234442,-0.45308286,-0.536318064,0.482789248
7934f1476fe2c6e458c230f491769c34,7400006,Mankey,0.433333337,source,AnimatorRoot,0,0,0,0,0,1.880526E-15,1
7934f1476fe2c6e458c230f491769c34,7400006,Mankey,0.433333337,source,Hips,-0.0527043678,0.778663456,0.00832192,-0.05333618,0.151001677,0.0111997,0.9870301
7934f1476fe2c6e458c230f491769c34,7400006,Mankey,0.433333337,source,LeftUpperLeg,-0.148367852,0.778061748,0.0383280963,-0.558378756,-0.3014461,0.6567121,0.4075203
7934f1476fe2c6e458c230f491769c34,7400006,Mankey,0.433333337,source,RightUpperLeg,0.04295931,0.779265344,-0.0216843523,0.444572955,-0.2946128,-0.574412048,0.6209744
7934f1476fe2c6e458c230f491769c34,7400006,Mankey,0.433333337,source,LeftLowerLeg,-0.131862327,0.453069329,0.220114917,-0.388301283,-0.402361065,0.5535711,0.6171604
7934f1476fe2c6e458c230f491769c34,7400006,Mankey,0.433333337,source,RightLowerLeg,0.105024531,0.4157108,-0.07567343,0.443140447,-0.06936775,-0.74783814,0.4894415
7934f1476fe2c6e458c230f491769c34,7400006,Mankey,0.433333337,source,LeftFoot,-0.153898016,0.106591329,0.196893111,0.5295621,0.116832227,-0.8133924,-0.210493073
7934f1476fe2c6e458c230f491769c34,7400006,Mankey,0.433333337,source,RightFoot,0.0604349747,0.13960056,-0.282668173,0.2694738,-0.2127483,-0.338195533,0.8762112
7934f1476fe2c6e458c230f491769c34,7400006,Mankey,0.433333337,source,Spine,-0.056449797,0.8760869,-0.00166549138,-0.03157296,0.149787635,0.00202167919,0.98821187
7934f1476fe2c6e458c230f491769c34,7400006,Mankey,0.433333337,source,Chest,-0.05787929,1.055126,-0.009577767,0.09620948,0.0485872,0.00324101048,0.9941693
7934f1476fe2c6e458c230f491769c34,7400006,Mankey,0.433333337,source,Neck,-0.057178203,1.254015,0.0304163117,0.331085324,0.07376784,0.086817354,0.936698258
7934f1476fe2c6e458c230f491769c34,7400006,Mankey,0.433333337,source,Head,-0.0670646057,1.32053661,0.0854155,0.189081386,0.009043821,0.02681624,0.9815537
7934f1476fe2c6e458c230f491769c34,7400006,Mankey,0.433333337,source,LeftShoulder,-0.08670581,1.21059477,0.0259877574,0.09119526,0.1266714,0.0144314729,0.987638354
7934f1476fe2c6e458c230f491769c34,7400006,Mankey,0.433333337,source,RightShoulder,-0.02769066,1.2115351,0.0202972982,0.9866296,-0.0749205351,0.119335771,-0.081904985
7934f1476fe2c6e458c230f491769c34,7400006,Mankey,0.433333337,source,LeftUpperArm,-0.224091828,1.20326626,0.06114455,-0.0129247727,0.249599427,0.4628585,0.8504675
7934f1476fe2c6e458c230f491769c34,7400006,Mankey,0.433333337,source,RightUpperArm,0.108673036,1.18775928,0.05199177,0.8268197,-0.45617938,0.32554093,0.04788536
7934f1476fe2c6e458c230f491769c34,7400006,Mankey,0.433333337,source,LeftLowerArm,-0.3253519,1.02635074,0.160046622,-0.52049,0.7765427,0.287497342,0.208367527
7934f1476fe2c6e458c230f491769c34,7400006,Mankey,0.433333337,source,RightLowerArm,0.192925528,1.02391207,0.183859989,0.215079933,-0.262598336,0.8057761,0.4852914
7934f1476fe2c6e458c230f491769c34,7400006,Mankey,0.433333337,source,LeftHand,-0.2375742,1.189109,0.307283342,-0.486889869,0.8133488,0.311397,0.06659195
7934f1476fe2c6e458c230f491769c34,7400006,Mankey,0.433333337,source,RightHand,0.08975202,1.18207359,0.326037347,0.0695009753,-0.174140379,0.8381207,0.5122491
7934f1476fe2c6e458c230f491769c34,7400006,Mankey,0.433333337,source,LeftToes,-0.101413533,0.0367894,0.318523347,0.54237777,-0.00231196056,-0.839464664,-0.0334729962
7934f1476fe2c6e458c230f491769c34,7400006,Mankey,0.433333337,source,RightToes,0.16236423,0.03368893,-0.25413537,0.3711028,-0.209447831,-0.0413617156,0.9037168
7934f1476fe2c6e458c230f491769c34,7400006,Mankey,0.433333337,source,LeftThumbProximal,-0.236040279,1.20703924,0.2967033,-0.416523576,0.690826237,-0.5374158,0.245870218
7934f1476fe2c6e458c230f491769c34,7400006,Mankey,0.433333337,source,LeftThumbIntermediate,-0.212302476,1.24450135,0.291885942,-0.275681078,0.789988458,-0.445707232,0.318219453
7934f1476fe2c6e458c230f491769c34,7400006,Mankey,0.433333337,source,LeftThumbDistal,-0.192944482,1.26607156,0.2995945,0.124674022,0.8502606,-0.203803346,0.4690182
7934f1476fe2c6e458c230f491769c34,7400006,Mankey,0.433333337,source,LeftIndexProximal,-0.211942926,1.26358366,0.323674262,-0.181225613,0.9487217,0.2549692,-0.0455564223
7934f1476fe2c6e458c230f491769c34,7400006,Mankey,0.433333337,source,LeftIndexIntermediate,-0.183261946,1.274903,0.323858351,0.254117876,0.9336937,0.2036907,-0.148831174
7934f1476fe2c6e458c230f491769c34,7400006,Mankey,0.433333337,source,LeftIndexDistal,-0.164866939,1.2656914,0.3153691,0.649672449,0.7187416,0.107531957,-0.223100454
7934f1476fe2c6e458c230f491769c34,7400006,Mankey,0.433333337,source,LeftMiddleProximal,-0.207266629,1.25275433,0.341586173,-0.178257167,0.9431991,0.2753077,-0.0529697128
7934f1476fe2c6e458c230f491769c34,7400006,Mankey,0.433333337,source,LeftMiddleIntermediate,-0.176694319,1.26475656,0.341527879,0.245818913,0.9322745,0.211484209,-0.160349578
7934f1476fe2c6e458c230f491769c34,7400006,Mankey,0.433333337,source,LeftMiddleDistal,-0.158583984,1.256212,0.332711279,0.644696057,0.7196006,0.09887671,-0.238256454
7934f1476fe2c6e458c230f491769c34,7400006,Mankey,0.433333337,source,LeftRingProximal,-0.20361644,1.24281263,0.355759531,-0.104105115,0.9399788,0.308845758,-0.101078048
7934f1476fe2c6e458c230f491769c34,7400006,Mankey,0.433333337,source,LeftRingIntermediate,-0.173615724,1.25089765,0.351822138,0.283089757,0.9085204,0.219973549,-0.214623421
7934f1476fe2c6e458c230f491769c34,7400006,Mankey,0.433333337,source,LeftRingDistal,-0.159267932,1.24283755,0.341947526,0.6310632,0.7135892,0.08929532,-0.2908209
7934f1476fe2c6e458c230f491769c34,7400006,Mankey,0.433333337,source,LeftLittleProximal,-0.1987444,1.228535,0.366088927,-0.11800465,0.93087244,0.3290184,-0.106295042
7934f1476fe2c6e458c230f491769c34,7400006,Mankey,0.433333337,source,LeftLittleIntermediate,-0.172683477,1.23648429,0.362788856,0.2368682,0.9158254,0.237999782,-0.220258713
7934f1476fe2c6e458c230f491769c34,7400006,Mankey,0.433333337,source,LeftLittleDistal,-0.157660946,1.23023379,0.352982461,0.553030849,0.769324362,0.113039538,-0.299198031
7934f1476fe2c6e458c230f491769c34,7400006,Mankey,0.433333337,source,RightThumbProximal,0.08628763,1.19700563,0.311866671,0.184943,0.7097751,0.6090779,0.3017284
7934f1476fe2c6e458c230f491769c34,7400006,Mankey,0.433333337,source,RightThumbIntermediate,0.05285137,1.225114,0.302809983,-0.347516835,-0.604615,-0.7063436,-0.121457465
7934f1476fe2c6e458c230f491769c34,7400006,Mankey,0.433333337,source,RightThumbDistal,0.0309900232,1.24286246,0.313128561,0.6566945,0.129154444,0.6018984,-0.4356498
7934f1476fe2c6e458c230f491769c34,7400006,Mankey,0.433333337,source,RightIndexProximal,0.06529441,1.258689,0.327987641,0.0196363516,0.104292393,-0.9852251,0.134423152
7934f1476fe2c6e458c230f491769c34,7400006,Mankey,0.433333337,source,RightIndexIntermediate,0.0355980545,1.25065053,0.32592994,-0.08228931,-0.05209534,0.5926212,-0.799572051
7934f1476fe2c6e458c230f491769c34,7400006,Mankey,0.433333337,source,RightIndexDistal,0.042104125,1.229749,0.321905583,0.09377851,-0.0341664925,0.183190942,0.977998
7934f1476fe2c6e458c230f491769c34,7400006,Mankey,0.433333337,source,RightMiddleProximal,0.0635671839,1.25248647,0.348445654,0.08082067,0.123469032,-0.9706085,0.190113425
7934f1476fe2c6e458c230f491769c34,7400006,Mankey,0.433333337,source,RightMiddleIntermediate,0.0335265063,1.241025,0.341751128,-0.137298465,-0.00698171835,0.5129838,-0.84731853
7934f1476fe2c6e458c230f491769c34,7400006,Mankey,0.433333337,source,RightMiddleDistal,0.0438938737,1.222045,0.338411719,0.09856483,-0.11779017,0.311239749,0.937838733
7934f1476fe2c6e458c230f491769c34,7400006,Mankey,0.433333337,source,RightRingProximal,0.06227878,1.246245,0.3649514,0.1236994,0.1803675,-0.9383623,0.267661154
7934f1476fe2c6e458c230f491769c34,7400006,Mankey,0.433333337,source,RightRingIntermediate,0.0364050269,1.23190856,0.354655743,-0.2133015,-0.00298856152,0.4182015,-0.882950544
7934f1476fe2c6e458c230f491769c34,7400006,Mankey,0.433333337,source,RightRingDistal,0.048879765,1.21776056,0.35112977,0.149557263,-0.181758851,0.4145761,0.879047036
7934f1476fe2c6e458c230f491769c34,7400006,Mankey,0.433333337,source,RightLittleProximal,0.0593010858,1.23489821,0.378975362,0.223636955,0.185676143,-0.940613031,0.17538102
7934f1476fe2c6e458c230f491769c34,7400006,Mankey,0.433333337,source,RightLittleIntermediate,0.0362900048,1.22812569,0.36564222,-0.287625879,0.0454079472,0.5685576,-0.769384444
7934f1476fe2c6e458c230f491769c34,7400006,Mankey,0.433333337,source,RightLittleDistal,0.0429330133,1.21100438,0.360757977,0.165116832,-0.270656824,0.211107031,0.924616635
7934f1476fe2c6e458c230f491769c34,7400006,Mankey,0.433333337,fighter,AnimatorRoot,0,0,0,0,0,0,1
7934f1476fe2c6e458c230f491769c34,7400006,Mankey,0.433333337,fighter,Hips,-0.0527043641,0.7786634,0.00832191948,0.380241,-0.443778455,-0.5139367,0.627970159
7934f1476fe2c6e458c230f491769c34,7400006,Mankey,0.433333337,fighter,LeftUpperLeg,-0.167684689,0.776066959,0.0467564352,0.398611218,0.657033265,0.3017301,0.5642476
7934f1476fe2c6e458c230f491769c34,7400006,Mankey,0.433333337,fighter,RightUpperLeg,0.06227596,0.781259835,-0.0301126111,0.581093252,0.6369322,0.42383498,0.277510375
7934f1476fe2c6e458c230f491769c34,7400006,Mankey,0.433333337,fighter,LeftLowerLeg,-0.151045561,0.45977816,0.2300629,0.6148867,0.574373543,0.407522619,0.354872763
7934f1476fe2c6e458c230f491769c34,7400006,Mankey,0.433333337,fighter,RightLowerLeg,0.124719143,0.424289584,-0.0810032,0.763849,0.478287578,0.425013781,0.0844939053
7934f1476fe2c6e458c230f491769c34,7400006,Mankey,0.433333337,fighter,LeftFoot,-0.153898016,0.106591351,0.196893051,0.040076416,0.8784981,0.000172555447,0.476061821
7934f1476fe2c6e458c230f491769c34,7400006,Mankey,0.433333337,fighter,RightFoot,0.06043491,0.13960053,-0.282668322,0.1752539,0.9466133,0.08824882,0.255776435
7934f1476fe2c6e458c230f491769c34,7400006,Mankey,0.433333337,fighter,Spine,-0.0573325641,0.8228806,-0.00253667682,0.3776847,-0.448163927,-0.515411258,0.625183642
7934f1476fe2c6e458c230f491769c34,7400006,Mankey,0.433333337,fighter,Chest,-0.0693171,1.06027019,-0.0311124418,0.5297374,-0.40370664,-0.5829293,0.465395361
7934f1476fe2c6e458c230f491769c34,7400006,Mankey,0.433333337,fighter,Neck,-0.07043556,1.33985078,0.0145818479,0.5434158,-0.414177716,-0.5625436,0.46551168
7934f1476fe2c6e458c230f491769c34,7400006,Mankey,0.433333337,fighter,Head,-0.0740067,1.484744,0.04817326,0.594467461,-0.3778908,-0.576720536,0.413764179
7934f1476fe2c6e458c230f491769c34,7400006,Mankey,0.433333337,fighter,LeftShoulder,-0.08825786,1.28917575,0.1141059,0.7322453,-0.118591011,-0.08640544,0.6650468
7934f1476fe2c6e458c230f491769c34,7400006,Mankey,0.433333337,fighter,RightShoulder,-0.0285250545,1.29052329,0.1073232,0.0367635638,-0.6594504,-0.744249165,0.09933248
7934f1476fe2c6e458c230f491769c34,7400006,Mankey,0.433333337,fighter,LeftUpperArm,-0.291366845,1.35043108,0.107484251,0.6531577,0.416119635,0.166834787,0.610242367
7934f1476fe2c6e458c230f491769c34,7400006,Mankey,0.433333337,fighter,RightUpperArm,0.178961113,1.33219719,0.09113151,0.09867543,0.617918,0.6081985,0.488400757
7934f1476fe2c6e458c230f491769c34,7400006,Mankey,0.433333337,fighter,LeftLowerArm,-0.459917277,1.13983393,0.189200461,0.00107121468,0.8900435,-0.3757497,0.258135557
7934f1476fe2c6e458c230f491769c34,7400006,Mankey,0.433333337,fighter,RightLowerArm,0.3208591,1.13038385,0.227419809,-0.420679361,0.22245276,-0.008149229,0.8794759
7934f1476fe2c6e458c230f491769c34,7400006,Mankey,0.433333337,fighter,LeftHand,-0.237574488,1.18910909,0.3072833,0.483956218,-0.7577711,-0.3572934,-0.252806246
7934f1476fe2c6e458c230f491769c34,7400006,Mankey,0.433333337,fighter,RightHand,0.08975198,1.18207359,0.326037228,0.226176053,0.250062555,-0.5351702,0.774536252
7934f1476fe2c6e458c230f491769c34,7400006,Mankey,0.433333337,fighter,LeftToes,0.00279330439,0.111805625,0.4299017,0.133935377,0.8415781,0.05967462,0.5198522
7934f1476fe2c6e458c230f491769c34,7400006,Mankey,0.433333337,fighter,RightToes,0.29177317,0.0571339019,-0.1464549,0.218869835,0.9503676,0.09747867,0.198483542
7934f1476fe2c6e458c230f491769c34,7400006,Mankey,0.433333337,fighter,LeftEye,-0.206125751,1.52602828,0.260614157,0.466592163,-0.316055417,-0.496742874,-0.6600361
7934f1476fe2c6e458c230f491769c34,7400006,Mankey,0.433333337,fighter,RightEye,0.0561262034,1.54075325,0.258618474,0.320057631,-0.460699767,-0.704469264,-0.434790254
7934f1476fe2c6e458c230f491769c34,7400006,Mankey,0.433333337,fighter,Jaw,-0.0642397851,1.3295337,0.186009124,0.68717736,0.1548555,-0.7000893,-0.116972364
7934f1476fe2c6e458c230f491769c34,7400006,Mankey,0.433333337,fighter,LeftThumbProximal,-0.203419328,1.25379682,0.3137291,0.375606775,-0.887415767,-0.26417917,0.0402810276
7934f1476fe2c6e458c230f491769c34,7400006,Mankey,0.433333337,fighter,LeftThumbIntermediate,-0.171326131,1.284692,0.319431,0.33462137,-0.870369554,-0.331075877,-0.144479632
7934f1476fe2c6e458c230f491769c34,7400006,Mankey,0.433333337,fighter,LeftThumbDistal,-0.142861828,1.30356276,0.337768823,0.176870987,-0.7011382,-0.440987736,-0.531650066
7934f1476fe2c6e458c230f491769c34,7400006,Mankey,0.433333337,fighter,LeftMiddleProximal,-0.185658738,1.29813135,0.366042644,0.08885403,-0.933656931,-0.340032667,-0.06904939
7934f1476fe2c6e458c230f491769c34,7400006,Mankey,0.433333337,fighter,LeftMiddleIntermediate,-0.1265452,1.30534625,0.3775273,-0.328034818,-0.8557278,-0.3957371,0.0592914224
7934f1476fe2c6e458c230f491769c34,7400006,Mankey,0.433333337,fighter,LeftMiddleDistal,-0.0850593746,1.2779032,0.358265817,-0.6589153,-0.615916848,-0.385678858,0.194240749
7934f1476fe2c6e458c230f491769c34,7400006,Mankey,0.433333337,fighter,LeftRingProximal,-0.17615211,1.26350451,0.4079389,0.0233006179,-0.9257245,-0.37703687,-0.0183008313
7934f1476fe2c6e458c230f491769c34,7400006,Mankey,0.433333337,fighter,LeftRingIntermediate,-0.122905664,1.2650696,0.410683572,-0.356407762,-0.844296038,-0.3793253,0.12747699
7934f1476fe2c6e458c230f491769c34,7400006,Mankey,0.433333337,fighter,LeftRingDistal,-0.08387939,1.23743951,0.38411817,-0.6563422,-0.639558733,-0.3200734,0.240277618
7934f1476fe2c6e458c230f491769c34,7400006,Mankey,0.433333337,fighter,LeftLittleProximal,-0.1799456,1.20950925,0.434234679,0.0399772376,-0.9208076,-0.3876016,-0.0167464018
7934f1476fe2c6e458c230f491769c34,7400006,Mankey,0.433333337,fighter,LeftLittleIntermediate,-0.126805887,1.212744,0.437532723,-0.312502742,-0.8464228,-0.4137465,0.12134558
7934f1476fe2c6e458c230f491769c34,7400006,Mankey,0.433333337,fighter,LeftLittleDistal,-0.08391601,1.18903148,0.411861181,-0.605922639,-0.6777403,-0.349244952,0.227056324
7934f1476fe2c6e458c230f491769c34,7400006,Mankey,0.433333337,fighter,RightThumbProximal,0.0555903725,1.24695456,0.322032362,-0.1397649,0.0122949779,0.2724346,-0.9518899
7934f1476fe2c6e458c230f491769c34,7400006,Mankey,0.433333337,fighter,RightThumbIntermediate,0.01735978,1.27040219,0.32440117,0.197782949,0.25480774,-0.276432157,0.9052849
7934f1476fe2c6e458c230f491769c34,7400006,Mankey,0.433333337,fighter,RightThumbDistal,-0.0104456,1.28589618,0.346523017,-0.3225417,-0.8329422,0.10348326,-0.4375681
7934f1476fe2c6e458c230f491769c34,7400006,Mankey,0.433333337,fighter,RightMiddleProximal,0.0448975377,1.30269027,0.364422143,-0.148837537,0.01762563,-0.241362616,-0.9587915
7934f1476fe2c6e458c230f491769c34,7400006,Mankey,0.433333337,fighter,RightMiddleIntermediate,-0.008647578,1.27493787,0.358015,0.166600168,-0.115988739,0.8709201,0.4475374
7934f1476fe2c6e458c230f491769c34,7400006,Mankey,0.433333337,fighter,RightMiddleDistal,0.0203644484,1.23541856,0.336998552,-0.06143184,0.15756163,-0.9248866,0.3405665
7934f1476fe2c6e458c230f491769c34,7400006,Mankey,0.433333337,fighter,RightRingProximal,0.0424676165,1.2791307,0.4142595,-0.257034928,0.0576496869,-0.304944575,-0.915215135
7934f1476fe2c6e458c230f491769c34,7400006,Mankey,0.433333337,fighter,RightRingIntermediate,-0.0005978004,1.25093794,0.400269151,0.156677261,-0.206982851,0.896141,0.35991925
7934f1476fe2c6e458c230f491769c34,7400006,Mankey,0.433333337,fighter,RightRingDistal,0.0372456573,1.21919918,0.376758546,0.06215179,0.224251568,-0.8740994,0.42637977
7934f1476fe2c6e458c230f491769c34,7400006,Mankey,0.433333337,fighter,RightLittleProximal,0.05126748,1.232857,0.451711684,-0.234696418,0.14869459,-0.196599036,-0.9402962
7934f1476fe2c6e458c230f491769c34,7400006,Mankey,0.433333337,fighter,RightLittleIntermediate,0.00440918328,1.21685874,0.431873649,0.140561655,-0.241512582,0.803210139,0.526087642
7934f1476fe2c6e458c230f491769c34,7400006,Mankey,0.433333337,fighter,RightLittleDistal,0.02692394,1.17385828,0.405322224,0.126037568,0.2215642,-0.9376878,0.236148477
7934f1476fe2c6e458c230f491769c34,7400006,Mankey,0.433333337,fighter,UpperChest,-0.06865169,1.17616463,-0.00222758716,0.5041233,-0.435270548,-0.5534528,0.5000893
7934f1476fe2c6e458c230f491769c34,7400006,Mankey,0.45,source,AnimatorRoot,0,0,0,0,0,1.952854E-15,1
7934f1476fe2c6e458c230f491769c34,7400006,Mankey,0.45,source,Hips,-0.0544441044,0.7784447,0.00602097251,-0.05426631,0.179125085,0.0110397572,0.982266545
7934f1476fe2c6e458c230f491769c34,7400006,Mankey,0.45,source,LeftUpperLeg,-0.1482466,0.7782194,0.0414226055,-0.544945061,-0.288769871,0.666542,0.418770462
7934f1476fe2c6e458c230f491769c34,7400006,Mankey,0.45,source,RightUpperLeg,0.0393585861,0.7786702,-0.0293807723,0.430785775,-0.269790918,-0.584165037,0.6327621
7934f1476fe2c6e458c230f491769c34,7400006,Mankey,0.45,source,LeftLowerLeg,-0.127621666,0.4528191,0.222055227,-0.3820893,-0.394169956,0.5525953,0.6271176
7934f1476fe2c6e458c230f491769c34,7400006,Mankey,0.45,source,RightLowerLeg,0.103443965,0.4164668,-0.0897180438,0.4239712,-0.06732521,-0.750330448,0.502712846
7934f1476fe2c6e458c230f491769c34,7400006,Mankey,0.45,source,LeftFoot,-0.154948965,0.106848381,0.196967542,0.5264672,0.116083756,-0.815410554,-0.210861966
7934f1476fe2c6e458c230f491769c34,7400006,Mankey,0.45,source,RightFoot,0.05645027,0.134105846,-0.28754583,0.256124556,-0.213189408,-0.319921374,0.8869054
7934f1476fe2c6e458c230f491769c34,7400006,Mankey,0.45,source,Spine,-0.0584749542,0.8758492,-0.00403959956,-0.0283848345,0.178085953,0.0006237146,0.9836054
7934f1476fe2c6e458c230f491769c34,7400006,Mankey,0.45,source,Chest,-0.0593447,1.054935,-0.01090491,0.09520807,0.08252442,0.00289592287,0.992026746
7934f1476fe2c6e458c230f491769c34,7400006,Mankey,0.45,source,Neck,-0.0571336448,1.25390577,0.0286257286,0.3318151,0.100326143,0.06781107,0.9355402
7934f1476fe2c6e458c230f491769c34,7400006,Mankey,0.45,source,Head,-0.0623724274,1.320854,0.08374624,0.190989524,0.0193241481,0.02291401,0.981134534
7934f1476fe2c6e458c230f491769c34,7400006,Mankey,0.45,source,LeftShoulder,-0.08663168,1.21030343,0.0262775142,0.0898890048,0.16708988,0.0150239561,0.9817207
7934f1476fe2c6e458c230f491769c34,7400006,Mankey,0.45,source,RightShoulder,-0.0281439014,1.21157968,0.0166024975,0.990928769,-0.0708307,0.08213921,-0.07935208
7934f1476fe2c6e458c230f491769c34,7400006,Mankey,0.45,source,LeftUpperArm,-0.220640644,1.2018491,0.07248082,-0.00267499732,0.268426061,0.448542178,0.8524967
7934f1476fe2c6e458c230f491769c34,7400006,Mankey,0.45,source,RightUpperArm,0.11051745,1.18978834,0.0381209776,0.8313736,-0.4566838,0.310458869,0.06223835
7934f1476fe2c6e458c230f491769c34,7400006,Mankey,0.45,source,LeftLowerArm,-0.323393881,1.02890193,0.176717967,-0.507757545,0.7844667,0.289776623,0.206940442
7934f1476fe2c6e458c230f491769c34,7400006,Mankey,0.45,source,RightLowerArm,0.198907942,1.02650154,0.167960063,0.210552379,-0.250642151,0.8063723,0.492555052
7934f1476fe2c6e458c230f491769c34,7400006,Mankey,0.45,source,LeftHand,-0.229146659,1.18885911,0.323022634,-0.463258535,0.82540077,0.316309452,0.06367158
7934f1476fe2c6e458c230f491769c34,7400006,Mankey,0.45,source,RightHand,0.09818114,1.189321,0.306589842,0.05896515,-0.163285419,0.837268949,0.518500149
7934f1476fe2c6e458c230f491769c34,7400006,Mankey,0.45,source,LeftToes,-0.101532251,0.0370555148,0.318196476,0.539196551,-0.00216803676,-0.8414953,-0.0338880979
7934f1476fe2c6e458c230f491769c34,7400006,Mankey,0.45,source,RightToes,0.161924854,0.0327814147,-0.255460858,0.3607337,-0.205212459,-0.0328314565,0.9092203
7934f1476fe2c6e458c230f491769c34,7400006,Mankey,0.45,source,LeftThumbProximal,-0.227033034,1.20671058,0.312409431,-0.397244573,0.7065129,-0.5427606,0.22010909
7934f1476fe2c6e458c230f491769c34,7400006,Mankey,0.45,source,LeftThumbIntermediate,-0.2008245,1.24241006,0.307047367,-0.245780811,0.8034569,-0.4526137,0.298647881
7934f1476fe2c6e458c230f491769c34,7400006,Mankey,0.45,source,LeftThumbDistal,-0.179807067,1.2623626,0.3147673,0.184277132,0.84254396,-0.204089046,0.463153034
7934f1476fe2c6e458c230f491769c34,7400006,Mankey,0.45,source,LeftIndexProximal,-0.199577555,1.2620039,0.3387578,-0.125981972,0.956812143,0.2545267,-0.0620969422
7934f1476fe2c6e458c230f491769c34,7400006,Mankey,0.45,source,LeftIndexIntermediate,-0.169959813,1.27041245,0.3370711,0.3361237,0.906604,0.190462723,-0.169749469
7934f1476fe2c6e458c230f491769c34,7400006,Mankey,0.45,source,LeftIndexDistal,-0.1540159,1.25828779,0.3273716,0.730677,0.6347684,0.0784994662,-0.238786146
7934f1476fe2c6e458c230f491769c34,7400006,Mankey,0.45,source,LeftMiddleProximal,-0.194962025,1.25093889,0.356540829,-0.123215124,0.950603664,0.276056141,-0.07045747
7934f1476fe2c6e458c230f491769c34,7400006,Mankey,0.45,source,LeftMiddleIntermediate,-0.1634415,1.25991046,0.3543755,0.327320367,0.90542084,0.198524624,-0.183474645
7934f1476fe2c6e458c230f491769c34,7400006,Mankey,0.45,source,LeftMiddleDistal,-0.147723258,1.24853563,0.344262481,0.7248869,0.6356983,0.0685010552,-0.25638777
7934f1476fe2c6e458c230f491769c34,7400006,Mankey,0.45,source,LeftRingProximal,-0.191425368,1.24081445,0.370613456,-0.0476265326,0.9416353,0.310296357,-0.121537738
7934f1476fe2c6e458c230f491769c34,7400006,Mankey,0.45,source,LeftRingIntermediate,-0.161173165,1.24598587,0.364370435,0.3618819,0.876565635,0.205670759,-0.241607875
7934f1476fe2c6e458c230f491769c34,7400006,Mankey,0.45,source,LeftRingDistal,-0.149248526,1.23571742,0.353384525,0.707649469,0.6309038,0.0563935749,-0.313070625
7934f1476fe2c6e458c230f491769c34,7400006,Mankey,0.45,source,LeftLittleProximal,-0.18697463,1.22630644,0.380810946,-0.062730886,0.932588,0.33168456,-0.127790183
7934f1476fe2c6e458c230f491769c34,7400006,Mankey,0.45,source,LeftLittleIntermediate,-0.160641581,1.23184419,0.3754114,0.31319958,0.888189733,0.2255425,-0.249311179
7934f1476fe2c6e458c230f491769c34,7400006,Mankey,0.45,source,LeftLittleDistal,-0.14773272,1.2234112,0.364313871,0.631573737,0.698476732,0.08291737,-0.326144457
7934f1476fe2c6e458c230f491769c34,7400006,Mankey,0.45,source,RightThumbProximal,0.0949770659,1.20387256,0.29196915,0.183960915,0.716792762,0.5968592,0.3100424
7934f1476fe2c6e458c230f491769c34,7400006,Mankey,0.45,source,RightThumbIntermediate,0.0619622581,1.23214769,0.281937838,-0.348260671,-0.6123688,-0.6972291,-0.132632673
7934f1476fe2c6e458c230f491769c34,7400006,Mankey,0.45,source,RightThumbDistal,0.0403023027,1.250486,0.291630536,0.662640631,0.134521633,0.6042451,-0.421544582
7934f1476fe2c6e458c230f491769c34,7400006,Mankey,0.45,source,RightIndexProximal,0.07475793,1.26628256,0.306168079,0.0204420239,0.0892980248,-0.987500846,0.128260866
7934f1476fe2c6e458c230f491769c34,7400006,Mankey,0.45,source,RightIndexIntermediate,0.0449637733,1.25858676,0.304216743,-0.0720694438,-0.0410761759,0.5985386,-0.796788
7934f1476fe2c6e458c230f491769c34,7400006,Mankey,0.45,source,RightIndexDistal,0.0512017831,1.23748958,0.300840318,0.0786907747,-0.0341630653,0.1772632,0.980417848
7934f1476fe2c6e458c230f491769c34,7400006,Mankey,0.45,source,RightMiddleProximal,0.07286398,1.26071191,0.326792419,0.08089367,0.108156644,-0.97341603,0.184987351
7934f1476fe2c6e458c230f491769c34,7400006,Mankey,0.45,source,RightMiddleIntermediate,0.04269781,1.24946237,0.320305824,-0.125891745,0.003327188,0.5184511,-0.8457833
7934f1476fe2c6e458c230f491769c34,7400006,Mankey,0.45,source,RightMiddleDistal,0.0528200865,1.23025393,0.317574382,0.0832333639,-0.115829945,0.306812346,0.941022158
7934f1476fe2c6e458c230f491769c34,7400006,Mankey,0.45,source,RightRingProximal,0.07142419,1.25497925,0.343469441,0.122936375,0.165069878,-0.9424481,0.263497025
7934f1476fe2c6e458c230f491769c34,7400006,Mankey,0.45,source,RightRingIntermediate,0.04540015,1.24069369,0.333486825,-0.201129735,0.006507889,0.423701853,-0.8831659
7934f1476fe2c6e458c230f491769c34,7400006,Mankey,0.45,source,RightRingDistal,0.0576958843,1.22628117,0.330435544,0.134436518,-0.178482473,0.411585838,0.8835546
7934f1476fe2c6e458c230f491769c34,7400006,Mankey,0.45,source,RightLittleProximal,0.06823619,1.2440933,0.357808918,0.224265054,0.169865161,-0.9439415,0.172702625
7934f1476fe2c6e458c230f491769c34,7400006,Mankey,0.45,source,RightLittleIntermediate,0.04518935,1.23723948,0.344579548,-0.277114868,0.0573813729,0.5723975,-0.769595146
7934f1476fe2c6e458c230f491769c34,7400006,Mankey,0.45,source,RightLittleDistal,0.0516191125,1.21989357,0.340232551,0.149151608,-0.2705777,0.209183067,0.9277849
7934f1476fe2c6e458c230f491769c34,7400006,Mankey,0.45,fighter,AnimatorRoot,0,0,0,0,0,0,1
7934f1476fe2c6e458c230f491769c34,7400006,Mankey,0.45,fighter,Hips,-0.0544441,0.778444648,0.006020972,0.363388419,-0.4280312,-0.525640666,0.6390932
7934f1476fe2c6e458c230f491769c34,7400006,Mankey,0.45,fighter,LeftUpperLeg,-0.16711174,0.7766867,0.05082433,0.409870446,0.666523755,0.290251136,0.5509143
7934f1476fe2c6e458c230f491769c34,7400006,Mankey,0.45,fighter,RightUpperLeg,0.05822355,0.7802025,-0.0387824029,0.5894823,0.6499084,0.4083538,0.251747876
7934f1476fe2c6e458c230f491769c34,7400006,Mankey,0.45,fighter,LeftLowerLeg,-0.146252677,0.4597095,0.232502818,0.624899864,0.572579265,0.399870217,0.348937035
7934f1476fe2c6e458c230f491769c34,7400006,Mankey,0.45,fighter,RightLowerLeg,0.123458825,0.4245672,-0.0952148,0.766796768,0.491411269,0.405056715,0.0804174244
7934f1476fe2c6e458c230f491769c34,7400006,Mankey,0.45,fighter,LeftFoot,-0.15494895,0.10684853,0.196967557,0.0399989448,0.880298138,6.571412E-05,0.47273165
7934f1476fe2c6e458c230f491769c34,7400006,Mankey,0.45,fighter,RightFoot,0.05645027,0.1341059,-0.28754583,0.154788375,0.951259255,0.07460411,0.256087631
7934f1476fe2c6e458c230f491769c34,7400006,Mankey,0.45,fighter,Spine,-0.059399128,0.822658837,-0.004704736,0.3626818,-0.430676252,-0.52985394,0.6342199
7934f1476fe2c6e458c230f491769c34,7400006,Mankey,0.45,fighter,Chest,-0.07080541,1.06030226,-0.03134124,0.510333538,-0.387739658,-0.599119,0.479869068
7934f1476fe2c6e458c230f491769c34,7400006,Mankey,0.45,fighter,Neck,-0.06976195,1.33996034,0.0138775911,0.530577838,-0.402979344,-0.5747774,0.475106776
7934f1476fe2c6e458c230f491769c34,7400006,Mankey,0.45,fighter,Head,-0.07191591,1.48483908,0.0476521179,0.5881176,-0.3735425,-0.584557533,0.415783882
7934f1476fe2c6e458c230f491769c34,7400006,Mankey,0.45,fighter,LeftShoulder,-0.08079059,1.2894125,0.114445433,0.728997469,-0.0901562,-0.113950416,0.668917239
7934f1476fe2c6e458c230f491769c34,7400006,Mankey,0.45,fighter,RightShoulder,-0.02164323,1.29092669,0.103715807,0.0130216181,-0.6555412,-0.744208932,0.12747398
7934f1476fe2c6e458c230f491769c34,7400006,Mankey,0.45,fighter,LeftUpperArm,-0.284076542,1.34966838,0.12410792,0.662678957,0.416386575,0.143324479,0.605753362
7934f1476fe2c6e458c230f491769c34,7400006,Mankey,0.45,fighter,RightUpperArm,0.183635235,1.33482122,0.07235695,0.108688772,0.6304043,0.598745,0.481956542
7934f1476fe2c6e458c230f491769c34,7400006,Mankey,0.45,fighter,LeftLowerArm,-0.456612229,1.145188,0.212749079,0.006897237,0.892285943,-0.383634776,0.237914249
7934f1476fe2c6e458c230f491769c34,7400006,Mankey,0.45,fighter,RightLowerArm,0.3278877,1.13353276,0.206939042,-0.4290976,0.22831893,-0.012319833,0.873838961
7934f1476fe2c6e458c230f491769c34,7400006,Mankey,0.45,fighter,LeftHand,-0.2291467,1.18885911,0.323022723,0.460984945,-0.7721629,-0.3576875,-0.251629382
7934f1476fe2c6e458c230f491769c34,7400006,Mankey,0.45,fighter,RightHand,0.0981811062,1.189321,0.306589723,0.217522383,0.238947034,-0.543547034,0.7746904
7934f1476fe2c6e458c230f491769c34,7400006,Mankey,0.45,fighter,LeftToes,0.00350164017,0.112089761,0.42878288,0.1345732,0.8434746,0.05944532,0.5166303
7934f1476fe2c6e458c230f491769c34,7400006,Mankey,0.45,fighter,RightToes,0.290730238,0.06451641,-0.149189681,0.209505916,0.9535797,0.08605452,0.19846426
7934f1476fe2c6e458c230f491769c34,7400006,Mankey,0.45,fighter,LeftEye,-0.199222416,1.525912,0.263051778,0.459475517,-0.3232868,-0.501059651,-0.6582611
7934f1476fe2c6e458c230f491769c34,7400006,Mankey,0.45,fighter,RightEye,0.06297834,1.5396601,0.255394667,0.310785174,-0.4648524,-0.7078419,-0.431607574
7934f1476fe2c6e458c230f491769c34,7400006,Mankey,0.45,fighter,Jaw,-0.0597451478,1.329136,0.184738919,0.679616153,0.1534213,-0.707048953,-0.1211031
7934f1476fe2c6e458c230f491769c34,7400006,Mankey,0.45,fighter,LeftThumbProximal,-0.19178988,1.25183582,0.328593969,0.342605174,-0.898053646,-0.2724593,0.04345022
7934f1476fe2c6e458c230f491769c34,7400006,Mankey,0.45,fighter,LeftThumbIntermediate,-0.157591641,1.28053534,0.3334735,0.300412118,-0.8802641,-0.3346361,-0.151351288
7934f1476fe2c6e458c230f491769c34,7400006,Mankey,0.45,fighter,LeftThumbDistal,-0.127600715,1.29711008,0.351595879,0.133853227,-0.690484464,-0.431706339,-0.5647524
7934f1476fe2c6e458c230f491769c34,7400006,Mankey,0.45,fighter,LeftMiddleProximal,-0.170589685,1.29519963,0.3804382,0.03565879,-0.941425,-0.331628144,-0.04970634
7934f1476fe2c6e458c230f491769c34,7400006,Mankey,0.45,fighter,LeftMiddleIntermediate,-0.110394083,1.29727209,0.387548774,-0.4061461,-0.8284157,-0.3763799,0.08432993
7934f1476fe2c6e458c230f491769c34,7400006,Mankey,0.45,fighter,LeftMiddleDistal,-0.07540985,1.26476455,0.363788158,-0.7375751,-0.537072539,-0.348375261,0.214875609
7934f1476fe2c6e458c230f491769c34,7400006,Mankey,0.45,fighter,LeftRingProximal,-0.161666468,1.26010013,0.4220687,-0.0298948139,-0.9272938,-0.3731078,0.00489488244
7934f1476fe2c6e458c230f491769c34,7400006,Mankey,0.45,fighter,LeftRingIntermediate,-0.108424224,1.25733781,0.420394748,-0.4308064,-0.8110741,-0.362768,0.158002853
7934f1476fe2c6e458c230f491769c34,7400006,Mankey,0.45,fighter,LeftRingDistal,-0.07675885,1.225382,0.389276743,-0.7306173,-0.5606832,-0.282654673,0.268217
7934f1476fe2c6e458c230f491769c34,7400006,Mankey,0.45,fighter,LeftLittleProximal,-0.167350635,1.20631015,0.448444456,-0.01156503,-0.9231537,-0.3841809,0.00770059228
7934f1476fe2c6e458c230f491769c34,7400006,Mankey,0.45,fighter,LeftLittleIntermediate,-0.114031143,1.205487,0.44721204,-0.385401547,-0.8181186,-0.3988936,0.151764214
7934f1476fe2c6e458c230f491769c34,7400006,Mankey,0.45,fighter,LeftLittleDistal,-0.07768993,1.17729723,0.416463,-0.6812952,-0.6096195,-0.3134902,0.2567593
7934f1476fe2c6e458c230f491769c34,7400006,Mankey,0.45,fighter,RightThumbProximal,0.0649196655,1.2545085,0.300519,-0.126456439,0.02002123,0.2753791,-0.9527721
7934f1476fe2c6e458c230f491769c34,7400006,Mankey,0.45,fighter,RightThumbIntermediate,0.0268564429,1.27830279,0.301933348,0.185875162,0.246928811,-0.284015477,0.907641053
7934f1476fe2c6e458c230f491769c34,7400006,Mankey,0.45,fighter,RightThumbDistal,-0.0009259278,1.29472983,0.323401541,-0.3200302,-0.8284268,0.117384732,-0.444422662
7934f1476fe2c6e458c230f491769c34,7400006,Mankey,0.45,fighter,RightMiddleProximal,0.054813005,1.31161273,0.3411967,-0.133515209,0.015942663,-0.238404438,-0.961812556
7934f1476fe2c6e458c230f491769c34,7400006,Mankey,0.45,fighter,RightMiddleIntermediate,0.00108884659,1.28405714,0.335475653,0.156723037,-0.103170589,0.8714124,0.4532491
7934f1476fe2c6e458c230f491769c34,7400006,Mankey,0.45,fighter,RightMiddleDistal,0.0298926961,1.24364662,0.315917969,-0.06436728,0.141645074,-0.928787,0.336375773
7934f1476fe2c6e458c230f491769c34,7400006,Mankey,0.45,fighter,RightRingProximal,0.0518619642,1.28957283,0.3916965,-0.241762877,0.0552269667,-0.303074628,-0.9201342
7934f1476fe2c6e458c230f491769c34,7400006,Mankey,0.45,fighter,RightRingIntermediate,0.00864618,1.26124716,0.378458768,0.14787592,-0.193516135,0.898436666,0.365371525
7934f1476fe2c6e458c230f491769c34,7400006,Mankey,0.45,fighter,RightRingDistal,0.046350155,1.22846508,0.356188685,0.05791077,0.208536,-0.8791525,0.4245592
7934f1476fe2c6e458c230f491769c34,7400006,Mankey,0.45,fighter,RightLittleProximal,0.059881445,1.24431336,0.430537671,-0.218621016,0.148203909,-0.196159333,-0.944331765
7934f1476fe2c6e458c230f491769c34,7400006,Mankey,0.45,fighter,RightLittleIntermediate,0.0129892277,1.22800827,0.411032349,0.129137471,-0.2297433,0.805477,0.5308003
7934f1476fe2c6e458c230f491769c34,7400006,Mankey,0.45,fighter,RightLittleDistal,0.03529376,1.18398249,0.386029124,0.124930426,0.2049199,-0.9418434,0.23522751
7934f1476fe2c6e458c230f491769c34,7400006,Mankey,0.45,fighter,UpperChest,-0.06858721,1.17625022,-0.0027502114,0.4857296,-0.4181496,-0.56872946,0.5155236
7934f1476fe2c6e458c230f491769c34,7400006,Mankey,0.466666669,source,AnimatorRoot,0,0,0,0,0,2.02518187E-15,1
7934f1476fe2c6e458c230f491769c34,7400006,Mankey,0.466666669,source,Hips,-0.0560172871,0.7782283,0.003944382,-0.0550491437,0.2058909,0.0104534468,0.9769695
7934f1476fe2c6e458c230f491769c34,7400006,Mankey,0.466666669,source,LeftUpperLeg,-0.147755876,0.7784531,0.04439453,-0.532800257,-0.277060151,0.6746961,0.429123461
7934f1476fe2c6e458c230f491769c34,7400006,Mankey,0.466666669,source,RightUpperLeg,0.035721492,0.778003633,-0.03650589,0.416114658,-0.244796023,-0.592759,0.64463973
7934f1476fe2c6e458c230f491769c34,7400006,Mankey,0.466666669,source,LeftLowerLeg,-0.123917282,0.4525654,0.223748431,-0.376636356,-0.387605965,0.550961554,0.6358839
7934f1476fe2c6e458c230f491769c34,7400006,Mankey,0.466666669,source,RightLowerLeg,0.101855174,0.417202,-0.102742895,0.405171484,-0.064884156,-0.752365768,0.5153369
7934f1476fe2c6e458c230f491769c34,7400006,Mankey,0.466666669,source,LeftFoot,-0.156070367,0.107162826,0.1966357,0.5239954,0.115341976,-0.81698215,-0.2113421
7934f1476fe2c6e458c230f491769c34,7400006,Mankey,0.466666669,source,RightFoot,0.0529576726,0.129088566,-0.291612059,0.2448385,-0.2148403,-0.3025913,0.8957325
7934f1476fe2c6e458c230f491769c34,7400006,Mankey,0.466666669,source,Spine,-0.0602406971,0.8756184,-0.006175499,-0.0249528456,0.204856977,-0.00204732781,0.9784717
7934f1476fe2c6e458c230f491769c34,7400006,Mankey,0.466666669,source,Chest,-0.0600249022,1.05474162,-0.01204202,0.09432446,0.11175815,0.00305596832,0.9892441
7934f1476fe2c6e458c230f491769c34,7400006,Mankey,0.466666669,source,Neck,-0.05671965,1.25378287,0.0270554237,0.331837237,0.122367732,0.0511175767,0.933968663
7934f1476fe2c6e458c230f491769c34,7400006,Mankey,0.466666669,source,Head,-0.05795958,1.32107341,0.0819936842,0.191853091,0.0268745366,0.0192593988,0.98086673
7934f1476fe2c6e458c230f491769c34,7400006,Mankey,0.466666669,source,LeftShoulder,-0.086038664,1.21000063,0.0264858529,0.08876211,0.2013271,0.0160738975,0.975361764
7934f1476fe2c6e458c230f491769c34,7400006,Mankey,0.466666669,source,RightShoulder,-0.02822453,1.21161318,0.0134099368,0.9935625,-0.06640928,0.0491668321,-0.07750037
7934f1476fe2c6e458c230f491769c34,7400006,Mankey,0.466666669,source,LeftUpperArm,-0.216456026,1.20047307,0.08184967,0.00525644049,0.2846137,0.4391246,0.85213697
7934f1476fe2c6e458c230f491769c34,7400006,Mankey,0.466666669,source,RightUpperArm,0.111838728,1.19178545,0.0258203875,0.836264,-0.45550245,0.296195477,0.07381368
7934f1476fe2c6e458c230f491769c34,7400006,Mankey,0.466666669,source,LeftLowerArm,-0.318940729,1.03023231,0.190704122,-0.49932152,0.7903535,0.289536268,0.205397844
7934f1476fe2c6e458c230f491769c34,7400006,Mankey,0.466666669,source,RightLowerArm,0.204638526,1.02908564,0.153298184,0.207037821,-0.2386795,0.808551848,0.496399
7934f1476fe2c6e458c230f491769c34,7400006,Mankey,0.466666669,source,LeftHand,-0.220376492,1.188685,0.335796,-0.4426369,0.835587144,0.3187309,0.06540517
7934f1476fe2c6e458c230f491769c34,7400006,Mankey,0.466666669,source,RightHand,0.105015218,1.19546926,0.288449675,0.0497104935,-0.150514424,0.8372589,0.5233279
7934f1476fe2c6e458c230f491769c34,7400006,Mankey,0.466666669,source,LeftToes,-0.101936787,0.03735556,0.317537874,0.5366258,-0.00189481175,-0.843088,-0.03509998
7934f1476fe2c6e458c230f491769c34,7400006,Mankey,0.466666669,source,RightToes,0.161451459,0.0321667232,-0.256168723,0.351080149,-0.202438965,-0.02236162,0.9139265
7934f1476fe2c6e458c230f491769c34,7400006,Mankey,0.466666669,source,LeftThumbProximal,-0.217620045,1.20644772,0.3251812,-0.375628948,0.7193224,-0.5493416,0.19925487
7934f1476fe2c6e458c230f491769c34,7400006,Mankey,0.466666669,source,LeftThumbIntermediate,-0.189140663,1.24032128,0.3195585,-0.214338809,0.8132889,-0.460163355,0.284377277
7934f1476fe2c6e458c230f491769c34,7400006,Mankey,0.466666669,source,LeftThumbDistal,-0.166756481,1.25862622,0.327514857,0.242359236,0.828264832,-0.2029793,0.4626445
7934f1476fe2c6e458c230f491769c34,7400006,Mankey,0.466666669,source,LeftIndexProximal,-0.187385768,1.2604171,0.351231217,-0.0740103647,0.9617801,0.253210872,-0.07339358
7934f1476fe2c6e458c230f491769c34,7400006,Mankey,0.466666669,source,LeftIndexIntermediate,-0.1572215,1.26595283,0.3480337,0.4118483,0.8743537,0.178043321,-0.184899285
7934f1476fe2c6e458c230f491769c34,7400006,Mankey,0.466666669,source,LeftIndexDistal,-0.144037738,1.25139,0.3375739,0.7987787,0.545491755,0.05234993,-0.248297408
7934f1476fe2c6e458c230f491769c34,7400006,Mankey,0.466666669,source,LeftMiddleProximal,-0.183021754,1.24912155,0.368932664,-0.071560055,0.9549302,0.2759632,-0.08265706
7934f1476fe2c6e458c230f491769c34,7400006,Mankey,0.466666669,source,LeftMiddleIntermediate,-0.150963038,1.25510871,0.365044832,0.402606547,0.8734369,0.18626526,-0.200802863
7934f1476fe2c6e458c230f491769c34,7400006,Mankey,0.466666669,source,LeftMiddleDistal,-0.137940943,1.24135721,0.354088247,0.792215168,0.546637237,0.04088419,-0.268164545
7934f1476fe2c6e458c230f491769c34,7400006,Mankey,0.466666669,source,LeftRingProximal,-0.179744586,1.23882115,0.382940173,0.00494642,0.9404233,0.311309963,-0.136625275
7934f1476fe2c6e458c230f491769c34,7400006,Mankey,0.466666669,source,LeftRingIntermediate,-0.149595782,1.241194,0.3747955,0.4339234,0.840075,0.192196473,-0.262765437
7934f1476fe2c6e458c230f491769c34,7400006,Mankey,0.466666669,source,LeftRingDistal,-0.140281349,1.2291404,0.363121361,0.7717274,0.5437912,0.0259802211,-0.328715354
7934f1476fe2c6e458c230f491769c34,7400006,Mankey,0.466666669,source,LeftLittleProximal,-0.175801381,1.22410917,0.393053919,-0.0115326578,0.9315009,0.333863,-0.143906265
7934f1476fe2c6e458c230f491769c34,7400006,Mankey,0.466666669,source,LeftLittleIntermediate,-0.149499953,1.227336,0.385907233,0.383075744,0.85633266,0.213699877,-0.272543937
7934f1476fe2c6e458c230f491769c34,7400006,Mankey,0.466666669,source,LeftLittleDistal,-0.138900325,1.217085,0.373929054,0.69905144,0.6231411,0.0547158122,-0.34645173
7934f1476fe2c6e458c230f491769c34,7400006,Mankey,0.466666669,source,RightThumbProximal,0.1019589,1.20958233,0.273374736,0.182287872,0.7251215,0.584043264,0.316012472
7934f1476fe2c6e458c230f491769c34,7400006,Mankey,0.466666669,source,RightThumbIntermediate,0.0692229345,1.23784256,0.262429237,-0.348828018,-0.6215653,-0.686954856,-0.141665637
7934f1476fe2c6e458c230f491769c34,7400006,Mankey,0.466666669,source,RightThumbDistal,0.0477352552,1.25668454,0.2715208,0.66964215,0.140993208,0.604290545,-0.408085346
7934f1476fe2c6e458c230f491769c34,7400006,Mankey,0.466666669,source,RightIndexProximal,0.08233368,1.27260041,0.28558138,0.0191790685,0.07356711,-0.9893843,0.123850726
7934f1476fe2c6e458c230f491769c34,7400006,Mankey,0.466666669,source,RightIndexIntermediate,0.05246787,1.26513326,0.283849061,-0.0598905645,-0.0310134366,0.6029095,-0.794954062
7934f1476fe2c6e458c230f491769c34,7400006,Mankey,0.466666669,source,RightIndexDistal,0.05850442,1.24388111,0.281144917,0.06299052,-0.0320717469,0.1730933,0.982366145
7934f1476fe2c6e458c230f491769c34,7400006,Mankey,0.466666669,source,RightMiddleProximal,0.08037537,1.26770151,0.306369573,0.07881335,0.09233563,-0.975851,0.181597114
7934f1476fe2c6e458c230f491769c34,7400006,Mankey,0.466666669,source,RightMiddleIntermediate,0.05010581,1.256543,0.300216168,-0.112692162,0.0123957964,0.522349656,-0.8451617
7934f1476fe2c6e458c230f491769c34,7400006,Mankey,0.466666669,source,RightMiddleDistal,0.06004421,1.23716187,0.2981003,0.06771763,-0.111692563,0.3041039,0.943642259
7934f1476fe2c6e458c230f491769c34,7400006,Mankey,0.466666669,source,RightRingProximal,0.07887177,1.26251209,0.3232179,0.11987491,0.14950107,-0.9461484,0.260927349
7934f1476fe2c6e458c230f491769c34,7400006,Mankey,0.466666669,source,RightRingIntermediate,0.05271673,1.24816906,0.313669264,-0.187282979,0.0144556612,0.4277174,-0.8841802
7934f1476fe2c6e458c230f491769c34,7400006,Mankey,0.466666669,source,RightRingDistal,0.06487482,1.23355,0.311084241,0.119483911,-0.172910333,0.4101449,0.8874724
7934f1476fe2c6e458c230f491769c34,7400006,Mankey,0.466666669,source,RightLittleProximal,0.07557167,1.252115,0.337890983,0.22264564,0.15381591,-0.9472466,0.171738118
7934f1476fe2c6e458c230f491769c34,7400006,Mankey,0.466666669,source,RightLittleIntermediate,0.0524669066,1.24506879,0.324865252,-0.264854968,0.0679946,0.575019,-0.7710917
7934f1476fe2c6e458c230f491769c34,7400006,Mankey,0.466666669,source,RightLittleDistal,0.05873179,1.22753334,0.321072847,0.133125156,-0.268271476,0.209015027,0.9309252
7934f1476fe2c6e458c230f491769c34,7400006,Mankey,0.466666669,fighter,AnimatorRoot,0,0,0,0,0,0,1
7934f1476fe2c6e458c230f491769c34,7400006,Mankey,0.466666669,fighter,Hips,-0.05601728,0.7782282,0.00394438161,0.3465596,-0.412793279,-0.53681463,0.649098
7934f1476fe2c6e458c230f491769c34,7400006,Mankey,0.466666669,fighter,LeftUpperLeg,-0.166118547,0.7774139,0.0547526181,0.4205402,0.6743258,0.27963987,0.538732052
7934f1476fe2c6e458c230f491769c34,7400006,Mankey,0.466666669,fighter,RightUpperLeg,0.05408398,0.7790426,-0.0468638726,0.5965538,0.663295,0.391584158,0.2254444
7934f1476fe2c6e458c230f491769c34,7400006,Mankey,0.466666669,fighter,LeftLowerLeg,-0.142028853,0.459602267,0.234564021,0.633757055,0.570302963,0.393654644,0.3437188
7934f1476fe2c6e458c230f491769c34,7400006,Mankey,0.466666669,fighter,RightLowerLeg,0.1223674,0.4248272,-0.108390607,0.7694828,0.5038237,0.385140449,0.07566193
7934f1476fe2c6e458c230f491769c34,7400006,Mankey,0.466666669,fighter,LeftFoot,-0.156070337,0.10716287,0.196635664,0.04013677,0.8817318,-0.00014564395,0.470040619
7934f1476fe2c6e458c230f491769c34,7400006,Mankey,0.466666669,fighter,RightFoot,0.05295766,0.12908873,-0.291611969,0.135878235,0.954521239,0.0628941059,0.2578196
7934f1476fe2c6e458c230f491769c34,7400006,Mankey,0.466666669,fighter,Spine,-0.0612326935,0.822444439,-0.006648754,0.347414821,-0.414182067,-0.5441832,0.641576946
7934f1476fe2c6e458c230f491769c34,7400006,Mankey,0.466666669,fighter,Chest,-0.0712741,1.06034386,-0.0314899422,0.4931364,-0.373565733,-0.612552166,0.491981059
7934f1476fe2c6e458c230f491769c34,7400006,Mankey,0.466666669,fighter,Neck,-0.06842288,1.34007323,0.013206955,0.5193762,-0.3936867,-0.5847404,0.483050853
7934f1476fe2c6e458c230f491769c34,7400006,Mankey,0.466666669,fighter,Head,-0.069342196,1.48496318,0.04698855,0.582811356,-0.371032625,-0.5904591,0.4171621
7934f1476fe2c6e458c230f491769c34,7400006,Mankey,0.466666669,fighter,LeftShoulder,-0.07353094,1.28965092,0.114311449,0.7252698,-0.06574023,-0.137254477,0.6714341
7934f1476fe2c6e458c230f491769c34,7400006,Mankey,0.466666669,fighter,RightShoulder,-0.0150998505,1.29130888,0.100208752,-0.007703364,-0.651179,-0.743409932,0.152474523
7934f1476fe2c6e458c230f491769c34,7400006,Mankey,0.466666669,fighter,LeftUpperArm,-0.2759477,1.349011,0.137831122,0.670395851,0.416083455,0.1260604,0.6012931
7934f1476fe2c6e458c230f491769c34,7400006,Mankey,0.466666669,fighter,RightUpperArm,0.187254444,1.33729672,0.0556305051,0.1167537,0.641333938,0.590681553,0.4755577
7934f1476fe2c6e458c230f491769c34,7400006,Mankey,0.466666669,fighter,LeftLowerArm,-0.4512471,1.14904606,0.2312232,0.0115363756,0.89236027,-0.392020047,0.22333996
7934f1476fe2c6e458c230f491769c34,7400006,Mankey,0.466666669,fighter,RightLowerArm,0.3339358,1.13674426,0.188677326,-0.438595831,0.231499,-0.01488781,0.8682284
7934f1476fe2c6e458c230f491769c34,7400006,Mankey,0.466666669,fighter,LeftHand,-0.220376536,1.188685,0.3357961,0.441090554,-0.783566356,-0.35587436,-0.254591763
7934f1476fe2c6e458c230f491769c34,7400006,Mankey,0.466666669,fighter,RightHand,0.105015263,1.19546914,0.288449526,0.206604719,0.22903344,-0.550891638,0.775485158
7934f1476fe2c6e458c230f491769c34,7400006,Mankey,0.466666669,fighter,LeftToes,0.00379541866,0.112358294,0.427478343,0.135949761,0.84485656,0.05943568,0.514006555
7934f1476fe2c6e458c230f491769c34,7400006,Mankey,0.466666669,fighter,RightToes,0.2890802,0.07133174,-0.1509619,0.198706865,0.95637393,0.07581353,0.200292259
7934f1476fe2c6e458c230f491769c34,7400006,Mankey,0.466666669,fighter,LeftEye,-0.192951187,1.52629328,0.2644824,0.4542575,-0.329289317,-0.5035714,-0.6569893
7934f1476fe2c6e458c230f491769c34,7400006,Mankey,0.466666669,fighter,RightEye,0.0691472739,1.53892493,0.2525793,0.3037346,-0.468551368,-0.709718347,-0.429540962
7934f1476fe2c6e458c230f491769c34,7400006,Mankey,0.466666669,fighter,Jaw,-0.0556167327,1.32902527,0.183660686,0.6740943,0.151430115,-0.7121884,-0.124314345
7934f1476fe2c6e458c230f491769c34,7400006,Mankey,0.466666669,fighter,LeftThumbProximal,-0.180195674,1.24993563,0.340946078,0.312729061,-0.9071233,-0.278661937,0.04093197
7934f1476fe2c6e458c230f491769c34,7400006,Mankey,0.466666669,fighter,LeftThumbIntermediate,-0.144219741,1.276441,0.34543854,0.269583076,-0.8874862,-0.33610937,-0.163475633
7934f1476fe2c6e458c230f491769c34,7400006,Mankey,0.466666669,fighter,LeftThumbDistal,-0.113162495,1.29072952,0.363710761,0.09555845,-0.6738005,-0.419741035,-0.6005659
7934f1476fe2c6e458c230f491769c34,7400006,Mankey,0.466666669,fighter,LeftMiddleProximal,-0.156389281,1.29221034,0.3925579,-0.0132612586,-0.9454708,-0.323574722,-0.0347712636
7934f1476fe2c6e458c230f491769c34,7400006,Mankey,0.466666669,fighter,LeftMiddleIntermediate,-0.095907785,1.28932476,0.396024942,-0.4764651,-0.795509458,-0.3592388,0.105328441
7934f1476fe2c6e458c230f491769c34,7400006,Mankey,0.466666669,fighter,LeftMiddleDistal,-0.0679694638,1.252926,0.36882624,-0.8018314,-0.45294112,-0.313690364,0.23132205
7934f1476fe2c6e458c230f491769c34,7400006,Mankey,0.466666669,fighter,LeftRingProximal,-0.148459941,1.2566638,0.434009582,-0.07834467,-0.92542994,-0.3699966,0.0233266354
7934f1476fe2c6e458c230f491769c34,7400006,Mankey,0.466666669,fighter,LeftRingIntermediate,-0.0958327,1.24985,0.428614318,-0.497208774,-0.773132861,-0.348239124,0.1837906
7934f1476fe2c6e458c230f491769c34,7400006,Mankey,0.466666669,fighter,LeftRingDistal,-0.07187317,1.21479714,0.394126028,-0.7911723,-0.477467358,-0.2475975,0.2911487
7934f1476fe2c6e458c230f491769c34,7400006,Mankey,0.466666669,fighter,LeftLittleProximal,-0.156158313,1.203123,0.4603814,-0.0582272857,-0.922090769,-0.381588161,0.02737534
7934f1476fe2c6e458c230f491769c34,7400006,Mankey,0.466666669,fighter,LeftLittleIntermediate,-0.103259817,1.19850969,0.455318242,-0.4505341,-0.785282969,-0.3857923,0.177523941
7934f1476fe2c6e458c230f491769c34,7400006,Mankey,0.466666669,fighter,LeftLittleDistal,-0.07388181,1.16694033,0.420660436,-0.74415493,-0.537178159,-0.279842257,0.2817122
7934f1476fe2c6e458c230f491769c34,7400006,Mankey,0.466666669,fighter,RightThumbProximal,0.0723856762,1.2607491,0.280298084,-0.111785114,0.0257371366,0.276479959,-0.9541495
7934f1476fe2c6e458c230f491769c34,7400006,Mankey,0.466666669,fighter,RightThumbIntermediate,0.0344005227,1.2847029,0.2808684,0.172161683,0.240993559,-0.2898454,0.910095036
7934f1476fe2c6e458c230f491769c34,7400006,Mankey,0.466666669,fighter,RightThumbDistal,0.006653003,1.30193686,0.3017406,-0.3148984,-0.8252457,0.1313501,-0.4500627
7934f1476fe2c6e458c230f491769c34,7400006,Mankey,0.466666669,fighter,RightMiddleProximal,0.06280755,1.31920254,0.3191462,-0.117740415,0.0124531686,-0.237119764,-0.9642389
7934f1476fe2c6e458c230f491769c34,7400006,Mankey,0.466666669,fighter,RightMiddleIntermediate,0.008997162,1.29164672,0.31430313,0.1484166,-0.08897489,0.8723508,0.457231522
7934f1476fe2c6e458c230f491769c34,7400006,Mankey,0.466666669,fighter,RightMiddleDistal,0.0376847275,1.250504,0.2961512,-0.06928839,0.125895232,-0.931640267,0.333761245
7934f1476fe2c6e458c230f491769c34,7400006,Mankey,0.466666669,fighter,RightRingProximal,0.0596181452,1.29879618,0.370313555,-0.226279363,0.05084543,-0.302579731,-0.9244774
7934f1476fe2c6e458c230f491769c34,7400006,Mankey,0.466666669,fighter,RightRingIntermediate,0.0163207725,1.27018178,0.357994944,0.140902162,-0.17878361,0.9010335,0.36921823
7934f1476fe2c6e458c230f491769c34,7400006,Mankey,0.466666669,fighter,RightRingDistal,0.0539359376,1.23654187,0.336883932,0.0515552759,0.193368345,-0.883223534,0.4241079
7934f1476fe2c6e458c230f491769c34,7400006,Mankey,0.466666669,fighter,RightLittleProximal,0.0671815053,1.25470948,0.4105695,-0.202244312,0.1457108,-0.197167709,-0.948151469
7934f1476fe2c6e458c230f491769c34,7400006,Mankey,0.466666669,fighter,RightLittleIntermediate,0.0202533565,1.23790979,0.391576946,0.11937353,-0.21658653,0.808424532,0.534126341
7934f1476fe2c6e458c230f491769c34,7400006,Mankey,0.466666669,fighter,RightLittleDistal,0.0424344726,1.19299138,0.3680981,0.12174879,0.188661367,-0.9454961,0.235843077
7934f1476fe2c6e458c230f491769c34,7400006,Mankey,0.466666669,fighter,UpperChest,-0.06774547,1.1763413,-0.00323378132,0.4694292,-0.402953029,-0.5813987,0.5284326
7934f1476fe2c6e458c230f491769c34,7400006,Mankey,0.483333319,source,AnimatorRoot,0,0,0,0,0,2.0975098E-15,1
7934f1476fe2c6e458c230f491769c34,7400006,Mankey,0.483333319,source,Hips,-0.057429906,0.7780545,0.00205641217,-0.0559576079,0.231416032,0.009978303,0.971192956
7934f1476fe2c6e458c230f491769c34,7400006,Mankey,0.483333319,source,LeftUpperLeg,-0.146932155,0.7787079,0.04723555,-0.5219927,-0.266356021,0.68131,0.438628346
7934f1476fe2c6e458c230f491769c34,7400006,Mankey,0.483333319,source,RightUpperLeg,0.03207253,0.7774012,-0.04312285,0.401339918,-0.221215591,-0.5994503,0.6562387
7934f1476fe2c6e458c230f491769c34,7400006,Mankey,0.483333319,source,LeftLowerLeg,-0.12074393,0.452274323,0.2252642,-0.371659517,-0.382165521,0.549147844,0.6436268
7934f1476fe2c6e458c230f491769c34,7400006,Mankey,0.483333319,source,RightLowerLeg,0.100451104,0.417951971,-0.114252247,0.3889054,-0.0624887124,-0.7536188,0.52621907
7934f1476fe2c6e458c230f491769c34,7400006,Mankey,0.483333319,source,LeftFoot,-0.157199919,0.107464865,0.196122363,0.521249354,0.113925293,-0.818927944,-0.211370051
7934f1476fe2c6e458c230f491769c34,7400006,Mankey,0.483333319,source,RightFoot,0.05045264,0.125064686,-0.2953298,0.237151682,-0.218095824,-0.287011981,0.9021184
7934f1476fe2c6e458c230f491769c34,7400006,Mankey,0.483333319,source,Spine,-0.0618676543,0.875426769,-0.008143331,-0.0219443124,0.230146572,-0.00562325353,0.9728923
7934f1476fe2c6e458c230f491769c34,7400006,Mankey,0.483333319,source,Chest,-0.0602310859,1.05456471,-0.0132965147,0.09385537,0.137537614,0.00309397024,0.9860351
7934f1476fe2c6e458c230f491769c34,7400006,Mankey,0.483333319,source,Neck,-0.05591905,1.25364351,0.02550997,0.331239522,0.141277537,0.0364914536,0.932196
7934f1476fe2c6e458c230f491769c34,7400006,Mankey,0.483333319,source,Head,-0.0536985323,1.32122564,0.08005813,0.192100018,0.03239555,0.0160764065,0.980708838
7934f1476fe2c6e458c230f491769c34,7400006,Mankey,0.483333319,source,LeftShoulder,-0.08500581,1.20971346,0.0264717322,0.08820072,0.230196238,0.01689105,0.9689919
7934f1476fe2c6e458c230f491769c34,7400006,Mankey,0.483333319,source,RightShoulder,-0.02795383,1.21161,0.0104240309,0.994901538,-0.062621586,0.0207796711,-0.07627571
7934f1476fe2c6e458c230f491769c34,7400006,Mankey,0.483333319,source,LeftUpperArm,-0.21187748,1.199299,0.08939815,0.0115956077,0.299123645,0.433394164,0.8500355
7934f1476fe2c6e458c230f491769c34,7400006,Mankey,0.483333319,source,RightUpperArm,0.112812147,1.19345927,0.0149373785,0.840541661,-0.4544747,0.282930583,0.08302432
7934f1476fe2c6e458c230f491769c34,7400006,Mankey,0.483333319,source,LeftLowerArm,-0.312789679,1.03078985,0.202339292,-0.493579119,0.79555583,0.2858963,0.204290286
7934f1476fe2c6e458c230f491769c34,7400006,Mankey,0.483333319,source,RightLowerArm,0.209516808,1.03100514,0.139799356,0.204146862,-0.227408275,0.8110641,0.49878332
7934f1476fe2c6e458c230f491769c34,7400006,Mankey,0.483333319,source,LeftHand,-0.2113154,1.188814,0.345884353,-0.424984,0.846121669,0.313895166,0.07026311
7934f1476fe2c6e458c230f491769c34,7400006,Mankey,0.483333319,source,RightHand,0.110453255,1.20030653,0.271699578,0.0422835946,-0.137166128,0.837087035,0.5279048
7934f1476fe2c6e458c230f491769c34,7400006,Mankey,0.483333319,source,LeftToes,-0.102210313,0.0378436,0.316745132,0.533647656,-0.001994913,-0.844923735,-0.0363358781
7934f1476fe2c6e458c230f491769c34,7400006,Mankey,0.483333319,source,RightToes,0.161275148,0.03203638,-0.256793141,0.343705356,-0.202074111,-0.0112194847,0.917009652
7934f1476fe2c6e458c230f491769c34,7400006,Mankey,0.483333319,source,LeftThumbProximal,-0.207810149,1.20635581,0.335124284,-0.351839781,0.726732433,-0.561361,0.1815028
7934f1476fe2c6e458c230f491769c34,7400006,Mankey,0.483333319,source,LeftThumbIntermediate,-0.177183628,1.23825979,0.329270929,-0.182052046,0.8172229,-0.4728626,0.2746009
7934f1476fe2c6e458c230f491769c34,7400006,Mankey,0.483333319,source,LeftThumbDistal,-0.153703988,1.254972,0.3375678,0.296611369,0.8063377,-0.204382539,0.4691157
7934f1476fe2c6e458c230f491769c34,7400006,Mankey,0.483333319,source,LeftIndexProximal,-0.17529653,1.25920129,0.3607296,-0.0245117135,0.965639,0.246471688,-0.07869475
7934f1476fe2c6e458c230f491769c34,7400006,Mankey,0.483333319,source,LeftIndexIntermediate,-0.144881159,1.261857,0.3564159,0.4826087,0.838888764,0.163483843,-0.191384688
7934f1476fe2c6e458c230f491769c34,7400006,Mankey,0.483333319,source,LeftIndexDistal,-0.134623244,1.24522936,0.345757782,0.855864346,0.452987164,0.0286714844,-0.247946873
7934f1476fe2c6e458c230f491769c34,7400006,Mankey,0.483333319,source,LeftMiddleProximal,-0.171409816,1.24787533,0.378522843,-0.0224754456,0.95835036,0.270504415,-0.0888097361
7934f1476fe2c6e458c230f491769c34,7400006,Mankey,0.483333319,source,LeftMiddleIntermediate,-0.139117286,1.25086832,0.373331249,0.473085046,0.838341355,0.171742871,-0.209474117
7934f1476fe2c6e458c230f491769c34,7400006,Mankey,0.483333319,source,LeftMiddleDistal,-0.128951475,1.23508716,0.362091184,0.848719,0.4545005,0.0156202093,-0.26992932
7934f1476fe2c6e458c230f491769c34,7400006,Mankey,0.483333319,source,LeftRingProximal,-0.168568164,1.23755991,0.392614067,0.0547034629,0.938793659,0.307554364,-0.145205915
7934f1476fe2c6e458c230f491769c34,7400006,Mankey,0.483333319,source,LeftRingIntermediate,-0.138756812,1.2371403,0.383021235,0.5010804,0.801217854,0.176804841,-0.275152177
7934f1476fe2c6e458c230f491769c34,7400006,Mankey,0.483333319,source,LeftRingDistal,-0.132108346,1.22359729,0.371158749,0.8258353,0.45422405,-0.00236786227,-0.334172755
7934f1476fe2c6e458c230f491769c34,7400006,Mankey,0.483333319,source,LeftLittleProximal,-0.165250361,1.22277665,0.402847648,0.0367293768,0.9302397,0.33123222,-0.1535928
7934f1476fe2c6e458c230f491769c34,7400006,Mankey,0.483333319,source,LeftLittleIntermediate,-0.1391739,1.22369361,0.394337237,0.448435366,0.8225641,0.199537843,-0.287192076
7934f1476fe2c6e458c230f491769c34,7400006,Mankey,0.483333319,source,LeftLittleDistal,-0.1309507,1.21185589,0.381961584,0.7580396,0.5453859,0.0275087673,-0.356614858
7934f1476fe2c6e458c230f491769c34,7400006,Mankey,0.483333319,source,RightThumbProximal,0.107473835,1.21397948,0.256209254,0.181469917,0.733609557,0.5712507,0.3202487
7934f1476fe2c6e458c230f491769c34,7400006,Mankey,0.483333319,source,RightThumbIntermediate,0.07495174,1.24217951,0.2444974,-0.350347757,-0.6306533,-0.6762488,-0.149068162
7934f1476fe2c6e458c230f491769c34,7400006,Mankey,0.483333319,source,RightThumbDistal,0.0536569245,1.26147842,0.25306946,0.6772885,0.146670923,0.6028666,-0.3953737
7934f1476fe2c6e458c230f491769c34,7400006,Mankey,0.483333319,source,RightIndexProximal,0.08843546,1.277511,0.266540647,0.0161588527,0.058552973,-0.9909517,0.119690038
7934f1476fe2c6e458c230f491769c34,7400006,Mankey,0.483333319,source,RightIndexIntermediate,0.0585006364,1.27025735,0.265120655,-0.0470010974,-0.0227087364,0.606873035,-0.7930832
7934f1476fe2c6e458c230f491769c34,7400006,Mankey,0.483333319,source,RightIndexDistal,0.0643436238,1.24888039,0.263049841,0.04810058,-0.0282622762,0.1691694,0.984007239
7934f1476fe2c6e458c230f491769c34,7400006,Mankey,0.483333319,source,RightMiddleProximal,0.08649831,1.273266,0.287474126,0.07500611,0.07734926,-0.9780468,0.178371131
7934f1476fe2c6e458c230f491769c34,7400006,Mankey,0.483333319,source,RightMiddleIntermediate,0.05611401,1.26219165,0.28174898,-0.09895763,0.0196228139,0.525958,-0.8445064
7934f1476fe2c6e458c230f491769c34,7400006,Mankey,0.483333319,source,RightMiddleDistal,0.0658768,1.24266815,0.2801982,0.0532615669,-0.105950475,0.3015412,0.946050346
7934f1476fe2c6e458c230f491769c34,7400006,Mankey,0.483333319,source,RightRingProximal,0.08500121,1.26860642,0.304477245,0.115145206,0.1348973,-0.9496277,0.25836432
7934f1476fe2c6e458c230f491769c34,7400006,Mankey,0.483333319,source,RightRingIntermediate,0.0586931147,1.25420952,0.29544422,-0.173072979,0.0205071718,0.431586355,-0.885075867
7934f1476fe2c6e458c230f491769c34,7400006,Mankey,0.483333319,source,RightRingDistal,0.0707154945,1.23941207,0.293272883,0.105766043,-0.165850818,0.408673167,0.8912318
7934f1476fe2c6e458c230f491769c34,7400006,Mankey,0.483333319,source,RightLittleProximal,0.08165559,1.25869131,0.3194701,0.2192815,0.138614446,-0.950551867,0.170743987
7934f1476fe2c6e458c230f491769c34,7400006,Mankey,0.483333319,source,RightLittleIntermediate,0.0584506057,1.25145459,0.3067303,-0.2519113,0.07679292,0.577670455,-0.7726196
7934f1476fe2c6e458c230f491769c34,7400006,Mankey,0.483333319,source,RightLittleDistal,0.06455089,1.233757,0.3034577,0.118030384,-0.264265984,0.208814248,0.9341466
7934f1476fe2c6e458c230f491769c34,7400006,Mankey,0.483333319,fighter,AnimatorRoot,0,0,0,0,0,0,1
7934f1476fe2c6e458c230f491769c34,7400006,Mankey,0.483333319,fighter,Hips,-0.0574299,0.7780544,0.00205641217,0.3299928,-0.39776656,-0.546865761,0.658653438
7934f1476fe2c6e458c230f491769c34,7400006,Mankey,0.483333319,fighter,LeftUpperLeg,-0.164735,0.7780967,0.05853689,0.43033734,0.680563748,0.270014256,0.527953565
7934f1476fe2c6e458c230f491769c34,7400006,Mankey,0.483333319,fighter,RightUpperLeg,0.0498751849,0.7780122,-0.0544240773,0.6015086,0.676364064,0.3747935,0.200621068
7934f1476fe2c6e458c230f491769c34,7400006,Mankey,0.483333319,fighter,LeftLowerLeg,-0.138331831,0.45941034,0.2364656,0.641624153,0.5677979,0.3886029,0.3389865
7934f1476fe2c6e458c230f491769c34,7400006,Mankey,0.483333319,fighter,RightLowerLeg,0.12155468,0.425217658,-0.120110668,0.7714576,0.514455438,0.367589384,0.07118145
7934f1476fe2c6e458c230f491769c34,7400006,Mankey,0.483333319,fighter,LeftFoot,-0.157199949,0.107464865,0.196122348,0.03979889,0.883400261,-0.00100007653,0.466925085
7934f1476fe2c6e458c230f491769c34,7400006,Mankey,0.483333319,fighter,RightFoot,0.050452698,0.125064522,-0.29532975,0.119540796,0.95620054,0.0545600653,0.261560082
7934f1476fe2c6e458c230f491769c34,7400006,Mankey,0.483333319,fighter,Spine,-0.0629272759,0.822264135,-0.008420885,0.3318914,-0.398714,-0.5576498,0.6479985
7934f1476fe2c6e458c230f491769c34,7400006,Mankey,0.483333319,fighter,Chest,-0.07125948,1.06036472,-0.0319302119,0.477570951,-0.360630721,-0.6241989,0.502242565
7934f1476fe2c6e458c230f491769c34,7400006,Mankey,0.483333319,fighter,Neck,-0.06676797,1.34014177,0.0123310974,0.5094954,-0.385663062,-0.5931414,0.489757359
7934f1476fe2c6e458c230f491769c34,7400006,Mankey,0.483333319,fighter,Head,-0.06660356,1.48504913,0.046050746,0.5785029,-0.369664282,-0.5948564,0.4181256
7934f1476fe2c6e458c230f491769c34,7400006,Mankey,0.483333319,fighter,LeftShoulder,-0.06660583,1.28980374,0.1136064,0.721388,-0.0449426174,-0.15707168,0.67298466
7934f1476fe2c6e458c230f491769c34,7400006,Mankey,0.483333319,fighter,RightShoulder,-0.008972748,1.29157794,0.09654446,-0.0255400836,-0.646435738,-0.7424592,0.173848048
7934f1476fe2c6e458c230f491769c34,7400006,Mankey,0.483333319,fighter,LeftUpperArm,-0.267523736,1.34843862,0.148866639,0.6765114,0.4161287,0.113275126,0.5969409
7934f1476fe2c6e458c230f491769c34,7400006,Mankey,0.483333319,fighter,RightUpperArm,0.190169036,1.33936155,0.04078951,0.124195762,0.65021193,0.5839192,0.469934523
7934f1476fe2c6e458c230f491769c34,7400006,Mankey,0.483333319,fighter,LeftLowerArm,-0.4445268,1.15163326,0.24569425,0.0148689,0.8900359,-0.4029703,0.212675
7934f1476fe2c6e458c230f491769c34,7400006,Mankey,0.483333319,fighter,RightLowerArm,0.338836551,1.13916075,0.172150686,-0.447947562,0.23361674,-0.0168406069,0.862834156
7934f1476fe2c6e458c230f491769c34,7400006,Mankey,0.483333319,fighter,LeftHand,-0.211315572,1.18881416,0.345884383,0.425315022,-0.7942541,-0.347217351,-0.260207951
7934f1476fe2c6e458c230f491769c34,7400006,Mankey,0.483333319,fighter,RightHand,0.110453144,1.2003063,0.271699518,0.194936633,0.220826834,-0.5580141,0.775794
7934f1476fe2c6e458c230f491769c34,7400006,Mankey,0.483333319,fighter,LeftToes,0.00430831732,0.113010764,0.425810635,0.137385622,0.8464665,0.05900711,0.511016667
7934f1476fe2c6e458c230f491769c34,7400006,Mankey,0.483333319,fighter,RightToes,0.287131935,0.07729433,-0.15189667,0.187960312,0.958254457,0.06851004,0.204268157
7934f1476fe2c6e458c230f491769c34,7400006,Mankey,0.483333319,fighter,LeftEye,-0.1874066,1.52684915,0.2650263,0.450475752,-0.3341457,-0.5049715,-0.656065941
7934f1476fe2c6e458c230f491769c34,7400006,Mankey,0.483333319,fighter,RightEye,0.0745791048,1.53839982,0.249962285,0.2984424,-0.471704483,-0.7106871,-0.428195536
7934f1476fe2c6e458c230f491769c34,7400006,Mankey,0.483333319,fighter,Jaw,-0.0518742725,1.32903028,0.182525977,0.6700854,0.149341285,-0.71597296,-0.12675187
7934f1476fe2c6e458c230f491769c34,7400006,Mankey,0.483333319,fighter,LeftThumbProximal,-0.168563083,1.24833965,0.350530267,0.284808457,-0.916742265,-0.27815178,0.0331708044
7934f1476fe2c6e458c230f491769c34,7400006,Mankey,0.483333319,fighter,LeftThumbIntermediate,-0.131036878,1.27262044,0.354914516,0.242093548,-0.894068,-0.330771357,-0.180620819
7934f1476fe2c6e458c230f491769c34,7400006,Mankey,0.483333319,fighter,LeftThumbDistal,-0.09934658,1.284769,0.3736421,0.06466372,-0.6527694,-0.401471734,-0.6391649
7934f1476fe2c6e458c230f491769c34,7400006,Mankey,0.483333319,fighter,LeftMiddleProximal,-0.142958716,1.28998423,0.401792765,-0.05878511,-0.9481189,-0.311362028,-0.0258620381
7934f1476fe2c6e458c230f491769c34,7400006,Mankey,0.483333319,fighter,LeftMiddleIntermediate,-0.08280953,1.28224659,0.4025468,-0.540330231,-0.7596028,-0.3420259,0.118598461
7934f1476fe2c6e458c230f491769c34,7400006,Mankey,0.483333319,fighter,LeftMiddleDistal,-0.0621157438,1.24278855,0.373220831,-0.8536569,-0.366593033,-0.282027423,0.239457548
7934f1476fe2c6e458c230f491769c34,7400006,Mankey,0.483333319,fighter,LeftRingProximal,-0.136532038,1.25447226,0.443533719,-0.123111069,-0.922824442,-0.3633273,0.0351068974
7934f1476fe2c6e458c230f491769c34,7400006,Mankey,0.483333319,fighter,LeftRingIntermediate,-0.0849402547,1.2437135,0.435305834,-0.557383239,-0.733193636,-0.333509326,0.201304376
7934f1476fe2c6e458c230f491769c34,7400006,Mankey,0.483333319,fighter,LeftRingDistal,-0.06866122,1.20634913,0.398821563,-0.840501547,-0.392697483,-0.21505253,0.305121034
7934f1476fe2c6e458c230f491769c34,7400006,Mankey,0.483333319,fighter,LeftLittleProximal,-0.146490633,1.20152521,0.47034356,-0.101106122,-0.9204365,-0.3754186,0.04044357
7934f1476fe2c6e458c230f491769c34,7400006,Mankey,0.483333319,fighter,LeftLittleIntermediate,-0.0944155157,1.19321728,0.46232307,-0.5096226,-0.750849843,-0.37203154,0.195198238
7934f1476fe2c6e458c230f491769c34,7400006,Mankey,0.483333319,fighter,LeftLittleDistal,-0.07204399,1.15891254,0.4251269,-0.796937764,-0.4632759,-0.248054653,0.297884673
7934f1476fe2c6e458c230f491769c34,7400006,Mankey,0.483333319,fighter,RightThumbProximal,0.0783684254,1.26559174,0.261649668,-0.09697172,0.0295080245,0.27765584,-0.9553184
7934f1476fe2c6e458c230f491769c34,7400006,Mankey,0.483333319,fighter,RightThumbIntermediate,0.04046052,1.289674,0.261536121,0.1582971,0.236850172,-0.29552108,0.911872745
7934f1476fe2c6e458c230f491769c34,7400006,Mankey,0.483333319,fighter,RightThumbDistal,0.0128171081,1.307659,0.2819067,-0.309451431,-0.822831154,0.145280242,-0.453963518
7934f1476fe2c6e458c230f491769c34,7400006,Mankey,0.483333319,fighter,RightMiddleProximal,0.0694186538,1.3252852,0.298721224,-0.102978371,0.007595882,-0.23561731,-0.9663451
7934f1476fe2c6e458c230f491769c34,7400006,Mankey,0.483333319,fighter,RightMiddleIntermediate,0.0155103551,1.29776192,0.2948877,0.141899481,-0.0747005641,0.8727596,0.46105963
7934f1476fe2c6e458c230f491769c34,7400006,Mankey,0.483333319,fighter,RightMiddleDistal,0.0440246463,1.255965,0.278001934,-0.07547362,0.111424536,-0.9339985,0.330961943
7934f1476fe2c6e458c230f491769c34,7400006,Mankey,0.483333319,fighter,RightRingProximal,0.0662084445,1.30647826,0.3504966,-0.211924851,0.0451873243,-0.30162704,-0.928476036
7934f1476fe2c6e458c230f491769c34,7400006,Mankey,0.483333319,fighter,RightRingIntermediate,0.0227915533,1.27762353,0.33920154,0.135694891,-0.164120167,0.9030291,0.373082578
7934f1476fe2c6e458c230f491769c34,7400006,Mankey,0.483333319,fighter,RightRingDistal,0.06025054,1.24320185,0.319097221,0.04405962,0.179576755,-0.8869504,0.423238635
7934f1476fe2c6e458c230f491769c34,7400006,Mankey,0.483333319,fighter,RightLittleProximal,0.07351083,1.26357567,0.392058671,-0.186834231,0.141779274,-0.197710857,-0.9517892
7934f1476fe2c6e458c230f491769c34,7400006,Mankey,0.483333319,fighter,RightLittleIntermediate,0.02648498,1.24632645,0.3737222,0.111362576,-0.2031497,0.810804,0.5375185
7934f1476fe2c6e458c230f491769c34,7400006,Mankey,0.483333319,fighter,RightLittleDistal,0.0484684221,1.20060551,0.351648539,0.117158264,0.173526555,-0.9489207,0.236035258
7934f1476fe2c6e458c230f491769c34,7400006,Mankey,0.483333319,fighter,UpperChest,-0.06655859,1.17639637,-0.00398681033,0.4546818,-0.389092535,-0.5923978,0.5393855
7934f1476fe2c6e458c230f491769c34,7400006,Mankey,0.5,source,AnimatorRoot,0,0,0,0,0,2.16983774E-15,1
7934f1476fe2c6e458c230f491769c34,7400006,Mankey,0.5,source,Hips,-0.0583986,0.778031766,0.000324280933,-0.0571530759,0.254858822,0.0100374911,0.9652356
7934f1476fe2c6e458c230f491769c34,7400006,Mankey,0.5,source,LeftUpperLeg,-0.145614728,0.779009759,0.04976741,-0.51283,-0.257304966,0.686228156,0.447090983
7934f1476fe2c6e458c230f491769c34,7400006,Mankey,0.5,source,RightUpperLeg,0.0288177114,0.777053952,-0.0491189845,0.389603645,-0.206602916,-0.6036583,0.6641694
7934f1476fe2c6e458c230f491769c34,7400006,Mankey,0.5,source,LeftLowerLeg,-0.117945954,0.451918483,0.22635892,-0.367713332,-0.378627867,0.5470244,0.6497631
7934f1476fe2c6e458c230f491769c34,7400006,Mankey,0.5,source,RightLowerLeg,0.0980826244,0.418156743,-0.122153126,0.380030483,-0.0617605075,-0.7533631,0.5331105
7934f1476fe2c6e458c230f491769c34,7400006,Mankey,0.5,source,LeftFoot,-0.1578947,0.107678816,0.195133358,0.519803166,0.111648306,-0.820501566,-0.2100395
7934f1476fe2c6e458c230f491769c34,7400006,Mankey,0.5,source,RightFoot,0.0484153852,0.122328639,-0.298479021,0.231856972,-0.21903491,-0.274621248,0.907110333
7934f1476fe2c6e458c230f491769c34,7400006,Mankey,0.5,source,Spine,-0.0631527454,0.875377357,-0.009987492,-0.0197880529,0.2532088,-0.009325813,0.9671643
7934f1476fe2c6e458c230f491769c34,7400006,Mankey,0.5,source,Chest,-0.06009047,1.05450583,-0.0148040475,0.0941226,0.160592765,0.00283903023,0.9825187
7934f1476fe2c6e458c230f491769c34,7400006,Mankey,0.5,source,Neck,-0.0547261573,1.25356519,0.0239714663,0.330061018,0.157896757,0.0248463117,0.9303285
7934f1476fe2c6e458c230f491769c34,7400006,Mankey,0.5,source,Head,-0.04968718,1.32140684,0.07800754,0.191984,0.0361628,0.0126546184,0.9806501
7934f1476fe2c6e458c230f491769c34,7400006,Mankey,0.5,source,LeftShoulder,-0.0835718662,1.20952427,0.0262371879,0.0885798261,0.253901541,0.0172249489,0.9630114
7934f1476fe2c6e458c230f491769c34,7400006,Mankey,0.5,source,RightShoulder,-0.0273348186,1.21165144,0.007557712,0.99532,-0.05987082,-0.0028526464,-0.07579888
7934f1476fe2c6e458c230f491769c34,7400006,Mankey,0.5,source,LeftUpperArm,-0.207181185,1.19842613,0.0952458158,0.016884556,0.312982947,0.4322494,0.8455276
7934f1476fe2c6e458c230f491769c34,7400006,Mankey,0.5,source,RightUpperArm,0.113647178,1.1947825,0.005460918,0.8438424,-0.454233617,0.270994663,0.09035477
7934f1476fe2c6e458c230f491769c34,7400006,Mankey,0.5,source,LeftLowerArm,-0.304698259,1.0304178,0.2118562,-0.4913028,0.7991573,0.281450331,0.201879352
7934f1476fe2c6e458c230f491769c34,7400006,Mankey,0.5,source,RightLowerArm,0.213447064,1.03219175,0.127681643,0.2019841,-0.216894627,0.8132313,0.5008135
7934f1476fe2c6e458c230f491769c34,7400006,Mankey,0.5,source,LeftHand,-0.2017011,1.18917263,0.353497922,-0.414580047,0.8555088,0.301763117,0.0718847141
7934f1476fe2c6e458c230f491769c34,7400006,Mankey,0.5,source,RightHand,0.114927657,1.20402133,0.256688654,0.036454197,-0.125535265,0.840196967,0.52628994
7934f1476fe2c6e458c230f491769c34,7400006,Mankey,0.5,source,LeftToes,-0.102286361,0.0386887342,0.315835029,0.5317725,-0.00246525882,-0.846027553,-0.038073618
7934f1476fe2c6e458c230f491769c34,7400006,Mankey,0.5,source,RightToes,0.161198959,0.03251789,-0.258045673,0.338186026,-0.19972983,2.42273654E-05,0.919640243
7934f1476fe2c6e458c230f491769c34,7400006,Mankey,0.5,source,LeftThumbProximal,-0.197647363,1.206349,0.342348069,-0.333064675,0.725946069,-0.5781127,0.166901469
7934f1476fe2c6e458c230f491769c34,7400006,Mankey,0.5,source,LeftThumbIntermediate,-0.165419623,1.23653018,0.335978836,-0.156731874,0.81415236,-0.4901543,0.268960744
7934f1476fe2c6e458c230f491769c34,7400006,Mankey,0.5,source,LeftThumbDistal,-0.1412416,1.25209153,0.3445052,0.33938244,0.780768156,-0.207695782,0.4817504
7934f1476fe2c6e458c230f491769c34,7400006,Mankey,0.5,source,LeftIndexProximal,-0.16377297,1.25884581,0.3668839,0.0175844468,0.9690659,0.231854081,-0.08273996
7934f1476fe2c6e458c230f491769c34,7400006,Mankey,0.5,source,LeftIndexIntermediate,-0.133379892,1.25897813,0.36168772,0.544448853,0.8039952,0.1429532,-0.191655636
7934f1476fe2c6e458c230f491769c34,7400006,Mankey,0.5,source,LeftIndexDistal,-0.125953659,1.24071383,0.3513648,0.900675833,0.363576174,0.00379412179,-0.2378685
7934f1476fe2c6e458c230f491769c34,7400006,Mankey,0.5,source,LeftMiddleProximal,-0.160295844,1.24783862,0.384959579,0.01928786,0.9616142,0.257153571,-0.09379894
7934f1476fe2c6e458c230f491769c34,7400006,Mankey,0.5,source,LeftMiddleIntermediate,-0.12805438,1.24820483,0.3787086,0.534810841,0.803880751,0.1510486,-0.211984724
7934f1476fe2c6e458c230f491769c34,7400006,Mankey,0.5,source,LeftMiddleDistal,-0.120657362,1.23079264,0.367716581,0.893180251,0.365509361,-0.0110659357,-0.261743665
7934f1476fe2c6e458c230f491769c34,7400006,Mankey,0.5,source,LeftRingProximal,-0.157816544,1.23778331,0.3993049,0.09738884,0.9379669,0.29594028,-0.152160883
7934f1476fe2c6e458c230f491769c34,7400006,Mankey,0.5,source,LeftRingIntermediate,-0.12854144,1.23488188,0.38855952,0.560097933,0.7636548,0.155133963,-0.281167716
7934f1476fe2c6e458c230f491769c34,7400006,Mankey,0.5,source,LeftRingDistal,-0.1244253,1.22013855,0.3769828,0.8689892,0.36779654,-0.03282133,-0.329402924
7934f1476fe2c6e458c230f491769c34,7400006,Mankey,0.5,source,LeftLittleProximal,-0.15496929,1.22315848,0.40990147,0.07802519,0.92996943,0.320703745,-0.161920846
7934f1476fe2c6e458c230f491769c34,7400006,Mankey,0.5,source,LeftLittleIntermediate,-0.129297152,1.22202587,0.400262415,0.50606674,0.7901766,0.178631559,-0.295987159
7934f1476fe2c6e458c230f491769c34,7400006,Mankey,0.5,source,LeftLittleDistal,-0.123358965,1.2088412,0.387941152,0.807093,0.470220536,-0.00317394058,-0.357048661
7934f1476fe2c6e458c230f491769c34,7400006,Mankey,0.5,source,RightThumbProximal,0.1118475,1.21726525,0.240849361,0.175783113,0.74184525,0.562231243,0.320409924
7934f1476fe2c6e458c230f491769c34,7400006,Mankey,0.5,source,RightThumbIntermediate,0.0791533738,1.24497247,0.2284602,-0.3472721,-0.640579343,-0.667963,-0.151280835
7934f1476fe2c6e458c230f491769c34,7400006,Mankey,0.5,source,RightThumbDistal,0.05776973,1.26437652,0.2365611,0.682587743,0.1560588,0.5992035,-0.388169
7934f1476fe2c6e458c230f491769c34,7400006,Mankey,0.5,source,RightIndexProximal,0.09248469,1.28094423,0.249539822,0.01352445,0.0456470847,-0.9913261,0.122500442
7934f1476fe2c6e458c230f491769c34,7400006,Mankey,0.5,source,RightIndexIntermediate,0.06258701,1.27349567,0.248367742,-0.0359389447,-0.01555898,0.605029643,-0.7952395
7934f1476fe2c6e458c230f491769c34,7400006,Mankey,0.5,source,RightIndexDistal,0.06854162,1.25210309,0.246849671,0.0353644863,-0.0250095464,0.172125578,0.9841226
7934f1476fe2c6e458c230f491769c34,7400006,Mankey,0.5,source,RightMiddleProximal,0.09060697,1.27724183,0.2705814,0.07155469,0.06482297,-0.978565753,0.181899473
7934f1476fe2c6e458c230f491769c34,7400006,Mankey,0.5,source,RightMiddleIntermediate,0.0602729432,1.26585817,0.2652072,-0.08740062,0.0255166851,0.5234732,-0.847163558
7934f1476fe2c6e458c230f491769c34,7400006,Mankey,0.5,source,RightMiddleDistal,0.07013816,1.24635327,0.2641527,0.04135385,-0.100967616,0.305402,0.9459523
7934f1476fe2c6e458c230f491769c34,7400006,Mankey,0.5,source,RightRingProximal,0.08916471,1.27302408,0.28770414,0.1105077,0.1229205,-0.950728655,0.2622856
7934f1476fe2c6e458c230f491769c34,7400006,Mankey,0.5,source,RightRingIntermediate,0.06291893,1.25825346,0.279102981,-0.1610628,0.0249221325,0.429056823,-0.888453
7934f1476fe2c6e458c230f491769c34,7400006,Mankey,0.5,source,RightRingDistal,0.07501717,1.2434684,0.2772994,0.09483362,-0.159360036,0.413118124,0.891596735
7934f1476fe2c6e458c230f491769c34,7400006,Mankey,0.5,source,RightLittleProximal,0.0858988,1.26348948,0.3029592,0.215777829,0.126825348,-0.952031553,0.176043913
7934f1476fe2c6e458c230f491769c34,7400006,Mankey,0.5,source,RightLittleIntermediate,0.06271096,1.25579548,0.290458232,-0.241393819,0.08301718,0.57476,-0.7774887
7934f1476fe2c6e458c230f491769c34,7400006,Mankey,0.5,source,RightLittleDistal,0.06890093,1.23805082,0.2876413,0.106614575,-0.260326982,0.2146779,0.9352953
7934f1476fe2c6e458c230f491769c34,7400006,Mankey,0.5,fighter,AnimatorRoot,0,0,0,0,0,0,1
7934f1476fe2c6e458c230f491769c34,7400006,Mankey,0.5,fighter,Hips,-0.0583985932,0.7780317,0.0003242809,0.3145153,-0.383354157,-0.555045,0.6678659
7934f1476fe2c6e458c230f491769c34,7400006,Mankey,0.5,fighter,LeftUpperLeg,-0.162829116,0.778692544,0.06195431,0.4386875,0.684987664,0.2623223,0.519165039
7934f1476fe2c6e458c230f491769c34,7400006,Mankey,0.5,fighter,RightUpperLeg,0.0460319147,0.7773709,-0.0613057651,0.604077041,0.685623467,0.361483157,0.185314327
7934f1476fe2c6e458c230f491769c34,7400006,Mankey,0.5,fighter,LeftLowerLeg,-0.1350015,0.45908615,0.238005936,0.647862434,0.564765155,0.385712326,0.335471123
7934f1476fe2c6e458c230f491769c34,7400006,Mankey,0.5,fighter,RightLowerLeg,0.119768731,0.425215155,-0.128133461,0.7718802,0.521064758,0.357664168,0.06905642
7934f1476fe2c6e458c230f491769c34,7400006,Mankey,0.5,fighter,LeftFoot,-0.157894686,0.107678778,0.195133373,0.0383073427,0.8844987,-0.003054455,0.4649575
7934f1476fe2c6e458c230f491769c34,7400006,Mankey,0.5,fighter,RightFoot,0.0484154075,0.122328691,-0.29847905,0.106386587,0.9576238,0.0490922332,0.263113618
7934f1476fe2c6e458c230f491769c34,7400006,Mankey,0.5,fighter,Spine,-0.06424882,0.822217464,-0.0100625763,0.316914767,-0.384588778,-0.5692365,0.653931558
7934f1476fe2c6e458c230f491769c34,7400006,Mankey,0.5,fighter,Chest,-0.07106619,1.06043923,-0.0328205153,0.463516384,-0.3483881,-0.634566665,0.5109831
7934f1476fe2c6e458c230f491769c34,7400006,Mankey,0.5,fighter,Neck,-0.06511432,1.34021389,0.0112829469,0.500712037,-0.3786359,-0.600527346,0.4952672
7934f1476fe2c6e458c230f491769c34,7400006,Mankey,0.5,fighter,Head,-0.06392462,1.48512745,0.04495612,0.5748208,-0.369522721,-0.5983634,0.4183244
7934f1476fe2c6e458c230f491769c34,7400006,Mankey,0.5,fighter,LeftShoulder,-0.06018678,1.28985143,0.112426147,0.717754841,-0.0275860131,-0.173483685,0.6737734
7934f1476fe2c6e458c230f491769c34,7400006,Mankey,0.5,fighter,RightShoulder,-0.00340408576,1.29174829,0.09272962,-0.04040529,-0.6413338,-0.7418818,0.191494226
7934f1476fe2c6e458c230f491769c34,7400006,Mankey,0.5,fighter,LeftUpperArm,-0.2593361,1.34787524,0.157393783,0.680919468,0.418224216,0.104972914,0.591961265
7934f1476fe2c6e458c230f491769c34,7400006,Mankey,0.5,fighter,RightUpperArm,0.192584917,1.34105515,0.027871957,0.131383657,0.657077134,0.578538239,0.46506092
7934f1476fe2c6e458c230f491769c34,7400006,Mankey,0.5,fighter,LeftLowerArm,-0.436375082,1.15231991,0.256657749,0.0151576418,0.886463046,-0.414225429,0.205842912
7934f1476fe2c6e458c230f491769c34,7400006,Mankey,0.5,fighter,RightLowerArm,0.342785478,1.14072621,0.157279313,-0.4566712,0.235685885,-0.018349126,0.857652068
7934f1476fe2c6e458c230f491769c34,7400006,Mankey,0.5,fighter,LeftHand,-0.201701239,1.18917263,0.353498042,0.417971849,-0.8035534,-0.3330016,-0.262129426
7934f1476fe2c6e458c230f491769c34,7400006,Mankey,0.5,fighter,RightHand,0.114927538,1.2040211,0.256688565,0.183600873,0.214684367,-0.5589653,0.7795894
7934f1476fe2c6e458c230f491769c34,7400006,Mankey,0.5,fighter,LeftToes,0.00467920071,0.114469573,0.424035251,0.13924554,0.84731406,0.0583546,0.5091803
7934f1476fe2c6e458c230f491769c34,7400006,Mankey,0.5,fighter,RightToes,0.285739928,0.0824583247,-0.153704822,0.176578566,0.9603923,0.0628955662,0.206181556
7934f1476fe2c6e458c230f491769c34,7400006,Mankey,0.5,fighter,LeftEye,-0.182595745,1.52767682,0.264950752,0.4475742,-0.338318348,-0.505109966,-0.6558065
7934f1476fe2c6e458c230f491769c34,7400006,Mankey,0.5,fighter,RightEye,0.0793060139,1.53784227,0.247600913,0.294223845,-0.474540472,-0.7107223,-0.4279227
7934f1476fe2c6e458c230f491769c34,7400006,Mankey,0.5,fighter,Jaw,-0.048827555,1.32910478,0.181387067,0.667388,0.146830916,-0.7185877,-0.1290976
7934f1476fe2c6e458c230f491769c34,7400006,Mankey,0.5,fighter,LeftThumbProximal,-0.157300755,1.24756038,0.356980175,0.263139933,-0.9259356,-0.269679517,0.025965929
7934f1476fe2c6e458c230f491769c34,7400006,Mankey,0.5,fighter,LeftThumbIntermediate,-0.11866986,1.27007425,0.3611947,0.2226089,-0.900107265,-0.3186187,-0.196810961
7934f1476fe2c6e458c230f491769c34,7400006,Mankey,0.5,fighter,LeftThumbDistal,-0.08675128,1.28074694,0.3804272,0.04551054,-0.6304112,-0.380362451,-0.6751561
7934f1476fe2c6e458c230f491769c34,7400006,Mankey,0.5,fighter,LeftMiddleProximal,-0.130775526,1.28966594,0.4073906,-0.0966868252,-0.951105356,-0.2927724,-0.0183103979
7934f1476fe2c6e458c230f491769c34,7400006,Mankey,0.5,fighter,LeftMiddleIntermediate,-0.07130055,1.277861,0.406069338,-0.5952985,-0.7254246,-0.3213808,0.126861066
7934f1476fe2c6e458c230f491769c34,7400006,Mankey,0.5,fighter,LeftMiddleDistal,-0.0574826859,1.236141,0.375841826,-0.893691838,-0.284608722,-0.250119567,0.240320116
7934f1476fe2c6e458c230f491769c34,7400006,Mankey,0.5,fighter,LeftRingProximal,-0.125561967,1.25498414,0.449989766,-0.160463616,-0.921696,-0.3502846,0.04504454
7934f1476fe2c6e458c230f491769c34,7400006,Mankey,0.5,fighter,LeftRingIntermediate,-0.07518526,1.24088967,0.439564437,-0.6093969,-0.6957921,-0.314641178,0.213332087
7934f1476fe2c6e458c230f491769c34,7400006,Mankey,0.5,fighter,LeftRingDistal,-0.06609115,1.20184529,0.40234834,-0.8791548,-0.312354863,-0.181187332,0.310955077
7934f1476fe2c6e458c230f491769c34,7400006,Mankey,0.5,fighter,LeftLittleProximal,-0.137148872,1.20298827,0.47798118,-0.136624292,-0.9203139,-0.36286214,0.051846236
7934f1476fe2c6e458c230f491769c34,7400006,Mankey,0.5,fighter,LeftLittleIntermediate,-0.0860869,1.19158161,0.467602134,-0.560784936,-0.7191361,-0.353715777,0.207964718
7934f1476fe2c6e458c230f491769c34,7400006,Mankey,0.5,fighter,LeftLittleDistal,-0.0703444853,1.1550982,0.429105431,-0.839844167,-0.393571436,-0.214139208,0.3064453
7934f1476fe2c6e458c230f491769c34,7400006,Mankey,0.5,fighter,RightThumbProximal,0.08247352,1.26884639,0.244983286,-0.08434449,0.03257993,0.27259025,-0.9578723
7934f1476fe2c6e458c230f491769c34,7400006,Mankey,0.5,fighter,RightThumbIntermediate,0.0443323068,1.29254639,0.244245365,0.144816458,0.233787537,-0.294646263,0.9151805
7934f1476fe2c6e458c230f491769c34,7400006,Mankey,0.5,fighter,RightThumbDistal,0.016537169,1.31082726,0.264140725,-0.2995571,-0.8222938,0.15443331,-0.458529234
7934f1476fe2c6e458c230f491769c34,7400006,Mankey,0.5,fighter,RightMiddleProximal,0.0732664242,1.32944727,0.280486524,-0.0902252346,0.00302265584,-0.240344986,-0.966480732
7934f1476fe2c6e458c230f491769c34,7400006,Mankey,0.5,fighter,RightMiddleIntermediate,0.0196252223,1.301304,0.277501941,0.136280954,-0.0615088344,0.875867367,0.458803564
7934f1476fe2c6e458c230f491769c34,7400006,Mankey,0.5,fighter,RightMiddleDistal,0.0485276654,1.25932837,0.261757761,-0.08117601,0.09814352,-0.93380785,0.33433792
7934f1476fe2c6e458c230f491769c34,7400006,Mankey,0.5,fighter,RightRingProximal,0.07024804,1.31199408,0.332745433,-0.199720874,0.0391875952,-0.3066438,-0.92980963
7934f1476fe2c6e458c230f491769c34,7400006,Mankey,0.5,fighter,RightRingIntermediate,0.02710277,1.28241217,0.322324961,0.13177143,-0.15058507,0.906957746,0.370659769
7934f1476fe2c6e458c230f491769c34,7400006,Mankey,0.5,fighter,RightRingDistal,0.06487373,1.24780488,0.303143948,0.03674698,0.16759479,-0.88734144,0.428003728
7934f1476fe2c6e458c230f491769c34,7400006,Mankey,0.5,fighter,RightLittleProximal,0.0778543353,1.27024078,0.375409275,-0.174386561,0.137458578,-0.2042233,-0.95340836
7934f1476fe2c6e458c230f491769c34,7400006,Mankey,0.5,fighter,RightLittleIntermediate,0.03097906,1.25202668,0.3576289,0.10529691,-0.190855727,0.8161193,0.5351973
7934f1476fe2c6e458c230f491769c34,7400006,Mankey,0.5,fighter,RightLittleDistal,0.0533833839,1.2059195,0.3368179,0.112388566,0.160894573,-0.950175762,0.242173254
7934f1476fe2c6e458c230f491769c34,7400006,Mankey,0.5,fighter,UpperChest,-0.06532129,1.1764735,-0.00508340262,0.44140023,-0.376015365,-0.602213,0.548742235
7934f1476fe2c6e458c230f491769c34,7400006,Mankey,0.516666651,source,AnimatorRoot,0,0,0,0,0,2.24216567E-15,1
7934f1476fe2c6e458c230f491769c34,7400006,Mankey,0.516666651,source,Hips,-0.05898618,0.7781139,-0.00122452714,-0.05883748,0.275833726,0.0108691752,0.959341347
7934f1476fe2c6e458c230f491769c34,7400006,Mankey,0.516666651,source,LeftUpperLeg,-0.1439668,0.7792774,0.0519654937,-0.5046576,-0.248874173,0.690418363,0.454648167
7934f1476fe2c6e458c230f491769c34,7400006,Mankey,0.516666651,source,RightUpperLeg,0.02599459,0.776950657,-0.054414697,0.378956854,-0.195932075,-0.605415046,0.671919
7934f1476fe2c6e458c230f491769c34,7400006,Mankey,0.516666651,source,LeftLowerLeg,-0.115179136,0.4516392,0.227360472,-0.364516884,-0.3745862,0.5453974,0.6552516
7934f1476fe2c6e458c230f491769c34,7400006,Mankey,0.516666651,source,RightLowerLeg,0.09687822,0.418340445,-0.127305359,0.3733714,-0.0599783733,-0.7534484,0.53787744
7934f1476fe2c6e458c230f491769c34,7400006,Mankey,0.516666651,source,LeftFoot,-0.158483446,0.10791982,0.194902152,0.5181156,0.108905137,-0.822244048,-0.2088321
7934f1476fe2c6e458c230f491769c34,7400006,Mankey,0.516666651,source,RightFoot,0.0472724661,0.1207305,-0.3006245,0.229310587,-0.216619655,-0.266312033,0.910807848
7934f1476fe2c6e458c230f491769c34,7400006,Mankey,0.516666651,source,Spine,-0.06421117,0.8754178,-0.0117007745,-0.0185728632,0.273757279,-0.0125775794,0.9615373
7934f1476fe2c6e458c230f491769c34,7400006,Mankey,0.516666651,source,Chest,-0.05995174,1.0545218,-0.0165178925,0.0952617,0.181725681,0.002025925,0.978722155
7934f1476fe2c6e458c230f491769c34,7400006,Mankey,0.516666651,source,Neck,-0.0533231758,1.25349319,0.0225122627,0.3286722,0.172725856,0.01611084,0.9283753
7934f1476fe2c6e458c230f491769c34,7400006,Mankey,0.516666651,source,Head,-0.0460578725,1.32155609,0.07601414,0.192084521,0.0383632556,0.009515238,0.980582237
7934f1476fe2c6e458c230f491769c34,7400006,Mankey,0.516666651,source,LeftShoulder,-0.08195787,1.20938659,0.0258979946,0.09002169,0.2739103,0.0169275776,0.957383335
7934f1476fe2c6e458c230f491769c34,7400006,Mankey,0.516666651,source,RightShoulder,-0.0265782364,1.21167862,0.004829138,0.9951224,-0.05826699,-0.02321871,-0.0761414
7934f1476fe2c6e458c230f491769c34,7400006,Mankey,0.516666651,source,LeftUpperArm,-0.202570722,1.19778121,0.09994174,0.0222336557,0.325680256,0.4341598,0.839609146
7934f1476fe2c6e458c230f491769c34,7400006,Mankey,0.516666651,source,RightUpperArm,0.114306778,1.19570684,-0.00299451,0.8467047,-0.4540785,0.259988666,0.0964875
7934f1476fe2c6e458c230f491769c34,7400006,Mankey,0.516666651,source,LeftLowerArm,-0.295663118,1.02931893,0.219476551,-0.491549224,0.8008328,0.2790434,0.197941989
7934f1476fe2c6e458c230f491769c34,7400006,Mankey,0.516666651,source,RightLowerArm,0.21681866,1.03285849,0.116610438,0.200114951,-0.207859069,0.814985633,0.5025408
7934f1476fe2c6e458c230f491769c34,7400006,Mankey,0.516666651,source,LeftHand,-0.19203639,1.18930531,0.359261,-0.41084674,0.8614241,0.290105,0.0706611052
7934f1476fe2c6e458c230f491769c34,7400006,Mankey,0.516666651,source,RightHand,0.118763313,1.20681536,0.243095323,0.0321555175,-0.118317552,0.8454645,0.5197663
7934f1476fe2c6e458c230f491769c34,7400006,Mankey,0.516666651,source,LeftToes,-0.102199085,0.0395993367,0.3156715,0.529573739,-0.00345708546,-0.847328842,-0.0396722965
7934f1476fe2c6e458c230f491769c34,7400006,Mankey,0.516666651,source,RightToes,0.1617173,0.0332150422,-0.259827346,0.335823834,-0.195129707,0.008389585,0.9214535
7934f1476fe2c6e458c230f491769c34,7400006,Mankey,0.516666651,source,LeftThumbProximal,-0.187723786,1.2061584,0.347721577,-0.3204522,0.721771538,-0.593129456,0.156696722
7934f1476fe2c6e458c230f491769c34,7400006,Mankey,0.516666651,source,LeftThumbIntermediate,-0.154466048,1.235087,0.340854138,-0.138665348,0.8088695,-0.505142748,0.2670826
7934f1476fe2c6e458c230f491769c34,7400006,Mankey,0.516666651,source,LeftThumbDistal,-0.129907519,1.2499069,0.349610716,0.372938,0.756278038,-0.20699434,0.496099144
7934f1476fe2c6e458c230f491769c34,7400006,Mankey,0.516666651,source,LeftIndexProximal,-0.153313562,1.25881314,0.371148258,0.0512421727,0.9709339,0.216573834,-0.08807882
7934f1476fe2c6e458c230f491769c34,7400006,Mankey,0.516666651,source,LeftIndexIntermediate,-0.123119541,1.25692141,0.3651899,0.596073568,0.770256042,0.121484444,-0.191425592
7934f1476fe2c6e458c230f491769c34,7400006,Mankey,0.516666651,source,LeftIndexDistal,-0.118310124,1.23752034,0.355403841,0.9330085,0.279621243,-0.0206838567,-0.225566044
7934f1476fe2c6e458c230f491769c34,7400006,Mankey,0.516666651,source,LeftMiddleProximal,-0.150049984,1.248202,0.3894985,0.05281935,0.9633833,0.2430103,-0.100244723
7934f1476fe2c6e458c230f491769c34,7400006,Mankey,0.516666651,source,LeftMiddleIntermediate,-0.118049487,1.24645948,0.3823114,0.586417,0.7704843,0.129166916,-0.213974863
7934f1476fe2c6e458c230f491769c34,7400006,Mankey,0.516666651,source,LeftMiddleDistal,-0.11322166,1.22789729,0.371782422,0.925247252,0.2819543,-0.0376063623,-0.2510092
7934f1476fe2c6e458c230f491769c34,7400006,Mankey,0.516666651,source,LeftRingProximal,-0.147756472,1.23846447,0.404091924,0.131920144,0.936287463,0.283094227,-0.160688236
7934f1476fe2c6e458c230f491769c34,7400006,Mankey,0.516666651,source,LeftRingIntermediate,-0.119144395,1.23357689,0.392328441,0.6093458,0.727498531,0.131681457,-0.286537468
7934f1476fe2c6e458c230f491769c34,7400006,Mankey,0.516666651,source,LeftRingDistal,-0.117355928,1.21800971,0.381247342,0.90021646,0.286639661,-0.06381252,-0.321522
7934f1476fe2c6e458c230f491769c34,7400006,Mankey,0.516666651,source,LeftLittleProximal,-0.145134866,1.22406471,0.415048927,0.111338653,0.928784847,0.30884707,-0.171977639
7934f1476fe2c6e458c230f491769c34,7400006,Mankey,0.516666651,source,LeftLittleIntermediate,-0.119993314,1.22130394,0.404393733,0.554255,0.7589036,0.155685037,-0.30435127
7934f1476fe2c6e458c230f491769c34,7400006,Mankey,0.516666651,source,LeftLittleDistal,-0.116187252,1.20712256,0.39233923,0.844831765,0.399155557,-0.0351300463,-0.3545432
7934f1476fe2c6e458c230f491769c34,7400006,Mankey,0.516666651,source,RightThumbProximal,0.115500763,1.2197293,0.227021873,0.166586176,0.747850657,0.5584012,0.318052143
7934f1476fe2c6e458c230f491769c34,7400006,Mankey,0.516666651,source,RightThumbIntermediate,0.082391426,1.24669027,0.2141001,-0.3402636,-0.6490245,-0.6638039,-0.1495086
7934f1476fe2c6e458c230f491769c34,7400006,Mankey,0.516666651,source,RightThumbDistal,0.0606867857,1.26588893,0.221827626,0.6841976,0.167055637,0.595261931,-0.386820138
7934f1476fe2c6e458c230f491769c34,7400006,Mankey,0.516666651,source,RightIndexProximal,0.09511002,1.28323317,0.234566659,0.012904522,0.036976587,-0.9906674,0.130555376
7934f1476fe2c6e458c230f491769c34,7400006,Mankey,0.516666651,source,RightIndexIntermediate,0.065336965,1.27528894,0.233480126,-0.0293524861,-0.009895034,0.5987502,-0.800336838
7934f1476fe2c6e458c230f491769c34,7400006,Mankey,0.516666651,source,RightIndexDistal,0.07163447,1.25397086,0.2323458,0.02680843,-0.02403051,0.180211589,0.982969165
7934f1476fe2c6e458c230f491769c34,7400006,Mankey,0.516666651,source,RightMiddleProximal,0.0932538956,1.27986991,0.255667031,0.07024738,0.0566767,-0.977554142,0.1903722
7934f1476fe2c6e458c230f491769c34,7400006,Mankey,0.516666651,source,RightMiddleIntermediate,0.06311478,1.26791108,0.250447154,-0.0806166,0.0300963633,0.5163834,-0.8520233
7934f1476fe2c6e458c230f491769c34,7400006,Mankey,0.516666651,source,RightMiddleDistal,0.07329152,1.24855077,0.249749362,0.03362743,-0.0987379849,0.313843757,0.9437279
7934f1476fe2c6e458c230f491769c34,7400006,Mankey,0.516666651,source,RightRingProximal,0.09184841,1.27592957,0.272858739,0.108007953,0.115258165,-0.949554,0.2709193
7934f1476fe2c6e458c230f491769c34,7400006,Mankey,0.516666651,source,RightRingIntermediate,0.06585687,1.26059377,0.264478028,-0.153829783,0.0281221569,0.421588719,-0.893201351
7934f1476fe2c6e458c230f491769c34,7400006,Mankey,0.516666651,source,RightRingDistal,0.07819237,1.24597454,0.2629519,0.08795609,-0.155712336,0.421673834,0.888936937
7934f1476fe2c6e458c230f491769c34,7400006,Mankey,0.516666651,source,RightLittleProximal,0.08870763,1.26661241,0.288273484,0.213995188,0.12006215,-0.9514922,0.185618475
7934f1476fe2c6e458c230f491769c34,7400006,Mankey,0.516666651,source,RightLittleIntermediate,0.06566778,1.25833166,0.275874227,-0.235709548,0.08675576,0.5675922,-0.784062445
7934f1476fe2c6e458c230f491769c34,7400006,Mankey,0.516666651,source,RightLittleDistal,0.07214481,1.24064171,0.273377776,0.100322753,-0.258350521,0.224489272,0.934235334
7934f1476fe2c6e458c230f491769c34,7400006,Mankey,0.516666651,fighter,AnimatorRoot,0,0,0,0,0,0,1
7934f1476fe2c6e458c230f491769c34,7400006,Mankey,0.516666651,fighter,Hips,-0.0589861758,0.778113842,-0.001224527,0.300512165,-0.369965672,-0.5610074,0.6768225
7934f1476fe2c6e458c230f491769c34,7400006,Mankey,0.516666651,fighter,LeftUpperLeg,-0.1606013,0.77912277,0.06494024,0.445964962,0.6888309,0.255012959,0.511464238
7934f1476fe2c6e458c230f491769c34,7400006,Mankey,0.516666651,fighter,RightUpperLeg,0.04262895,0.7771049,-0.0673893,0.604518354,0.694254756,0.3495769,0.174252629
7934f1476fe2c6e458c230f491769c34,7400006,Mankey,0.516666651,fighter,LeftLowerLeg,-0.131676972,0.4588281,0.239558354,0.653549254,0.5621172,0.382416517,0.332649261
7934f1476fe2c6e458c230f491769c34,7400006,Mankey,0.516666651,fighter,RightLowerLeg,0.118886456,0.425353885,-0.13351588,0.772343636,0.5257528,0.350212753,0.06648755
7934f1476fe2c6e458c230f491769c34,7400006,Mankey,0.516666651,fighter,LeftFoot,-0.158483461,0.107919984,0.194902077,0.036929395,0.885758638,-0.005508125,0.4626424
7934f1476fe2c6e458c230f491769c34,7400006,Mankey,0.516666651,fighter,RightFoot,0.04727252,0.120730646,-0.300624371,0.09713856,0.959167361,0.0470116138,0.261442721
7934f1476fe2c6e458c230f491769c34,7400006,Mankey,0.516666651,fighter,Spine,-0.06527805,0.8222508,-0.01156056,0.303040922,-0.3719481,-0.5785427,0.6596283
7934f1476fe2c6e458c230f491769c34,7400006,Mankey,0.516666651,fighter,Chest,-0.07107195,1.06052053,-0.0340989828,0.450570881,-0.3365488,-0.644204557,0.5183839
7934f1476fe2c6e458c230f491769c34,7400006,Mankey,0.516666651,fighter,Neck,-0.06365538,1.34023237,0.01018135,0.493015051,-0.3721337,-0.6072409,0.499711752
7934f1476fe2c6e458c230f491769c34,7400006,Mankey,0.516666651,fighter,Head,-0.0615055859,1.48511708,0.0439301357,0.5721675,-0.3699099,-0.6010495,0.417769074
7934f1476fe2c6e458c230f491769c34,7400006,Mankey,0.516666651,fighter,LeftShoulder,-0.0543487743,1.28971374,0.110937856,0.7145305,-0.012768,-0.187553182,0.673875034
7934f1476fe2c6e458c230f491769c34,7400006,Mankey,0.516666651,fighter,RightShoulder,0.001540188,1.29172969,0.08884298,-0.0533282,-0.63583523,-0.741801262,0.2063999
7934f1476fe2c6e458c230f491769c34,7400006,Mankey,0.516666651,fighter,LeftUpperArm,-0.251595676,1.34723747,0.164173156,0.684558451,0.421730816,0.100180715,0.5860777
7934f1476fe2c6e458c230f491769c34,7400006,Mankey,0.516666651,fighter,RightUpperArm,0.1944974,1.34232986,0.0163412355,0.138004228,0.662690938,0.574278235,0.460435182
7934f1476fe2c6e458c230f491769c34,7400006,Mankey,0.516666651,fighter,LeftLowerArm,-0.42752853,1.15140235,0.264842361,0.0130450847,0.8834028,-0.422603518,0.202079892
7934f1476fe2c6e458c230f491769c34,7400006,Mankey,0.516666651,fighter,RightLowerArm,0.346105933,1.14172626,0.143664509,-0.4637921,0.237718135,-0.0194707066,0.853233933
7934f1476fe2c6e458c230f491769c34,7400006,Mankey,0.516666651,fighter,LeftHand,-0.192036569,1.18930531,0.359261036,0.416908175,-0.80944407,-0.320793122,-0.2609225
7934f1476fe2c6e458c230f491769c34,7400006,Mankey,0.516666651,fighter,RightHand,0.118763357,1.20681512,0.2430952,0.175514683,0.210600227,-0.554434359,0.785776734
7934f1476fe2c6e458c230f491769c34,7400006,Mankey,0.516666651,fighter,LeftToes,0.005336681,0.115991764,0.422871858,0.141001061,0.848365366,0.0571423769,0.5070801
7934f1476fe2c6e458c230f491769c34,7400006,Mankey,0.516666651,fighter,RightToes,0.2857464,0.08618042,-0.156372279,0.167332351,0.962538064,0.0601106,0.2047125
7934f1476fe2c6e458c230f491769c34,7400006,Mankey,0.516666651,fighter,LeftEye,-0.178730592,1.528307,0.264574319,0.4452945,-0.3413339,-0.5045898,-0.6561961
7934f1476fe2c6e458c230f491769c34,7400006,Mankey,0.516666651,fighter,RightEye,0.08312159,1.5370785,0.245776027,0.291007847,-0.476523519,-0.7103786,-0.4284888
7934f1476fe2c6e458c230f491769c34,7400006,Mankey,0.516666651,fighter,Jaw,-0.0464843139,1.32902265,0.180287048,0.665791,0.144677117,-0.720088542,-0.131393522
7934f1476fe2c6e458c230f491769c34,7400006,Mankey,0.516666651,fighter,LeftThumbProximal,-0.146937743,1.24721479,0.361547828,0.248263285,-0.932677865,-0.260866463,0.0206623375
7934f1476fe2c6e458c230f491769c34,7400006,Mankey,0.516666651,fighter,LeftThumbIntermediate,-0.107601218,1.26849711,0.365633965,0.209870785,-0.9039581,-0.307451069,-0.2104496
7934f1476fe2c6e458c230f491769c34,7400006,Mankey,0.516666651,fighter,LeftThumbDistal,-0.07568618,1.27818859,0.3853847,0.0326605923,-0.6066167,-0.363134474,-0.7064587
7934f1476fe2c6e458c230f491769c34,7400006,Mankey,0.516666651,fighter,LeftMiddleProximal,-0.120115459,1.290193,0.4110566,-0.127023607,-0.953096032,-0.274590462,-0.008610606
7934f1476fe2c6e458c230f491769c34,7400006,Mankey,0.516666651,fighter,LeftMiddleIntermediate,-0.06143212,1.27522087,0.4078211,-0.641389847,-0.6923914,-0.301126242,0.136150479
7934f1476fe2c6e458c230f491769c34,7400006,Mankey,0.516666651,fighter,LeftMiddleDistal,-0.0539556555,1.23221874,0.3771602,-0.9226232,-0.2072484,-0.218425885,0.241051123
7934f1476fe2c6e458c230f491769c34,7400006,Mankey,0.516666651,fighter,LeftRingProximal,-0.115512528,1.25648355,0.4544982,-0.190347821,-0.920240939,-0.3371259,0.0571953654
7934f1476fe2c6e458c230f491769c34,7400006,Mankey,0.516666651,fighter,LeftRingIntermediate,-0.06638661,1.23985434,0.442037523,-0.6528504,-0.6600251,-0.295045048,0.226057976
7934f1476fe2c6e458c230f491769c34,7400006,Mankey,0.516666651,fighter,LeftRingDistal,-0.06390491,1.20000982,0.404641151,-0.9070738,-0.236842528,-0.146575212,0.315657437
7934f1476fe2c6e458c230f491769c34,7400006,Mankey,0.516666651,fighter,LeftLittleProximal,-0.127858,1.20532,0.48367393,-0.1647612,-0.919754148,-0.3501665,0.06550169
7934f1476fe2c6e458c230f491769c34,7400006,Mankey,0.516666651,fighter,LeftLittleIntermediate,-0.07787156,1.1916008,0.471092075,-0.603682756,-0.6888181,-0.3345142,0.221806437
7934f1476fe2c6e458c230f491769c34,7400006,Mankey,0.516666651,fighter,LeftLittleDistal,-0.06831472,1.1537993,0.431841761,-0.872681141,-0.3279237,-0.179152191,0.3143236
7934f1476fe2c6e458c230f491769c34,7400006,Mankey,0.516666651,fighter,RightThumbProximal,0.08530119,1.27089942,0.230207577,-0.07647398,0.03565225,0.262929082,-0.961118937
7934f1476fe2c6e458c230f491769c34,7400006,Mankey,0.516666651,fighter,RightThumbIntermediate,0.046714168,1.29384291,0.228935823,0.134658709,0.231110036,-0.2881559,0.9194684
7934f1476fe2c6e458c230f491769c34,7400006,Mankey,0.516666651,fighter,RightThumbDistal,0.01852921,1.31197107,0.248418257,-0.287977159,-0.822916031,0.157342911,-0.463813066
7934f1476fe2c6e458c230f491769c34,7400006,Mankey,0.516666651,fighter,RightMiddleProximal,0.0750659555,1.331957,0.264630318,-0.0813773647,0.0005777776,-0.249721214,-0.9648924
7934f1476fe2c6e458c230f491769c34,7400006,Mankey,0.516666651,fighter,RightMiddleIntermediate,0.02198109,1.30273545,0.262097746,0.131445944,-0.0521714464,0.8809262,0.451630324
7934f1476fe2c6e458c230f491769c34,7400006,Mankey,0.516666651,fighter,RightMiddleDistal,0.05171831,1.26102364,0.247231334,-0.08435178,0.08790898,-0.9315602,0.342567682
7934f1476fe2c6e458c230f491769c34,7400006,Mankey,0.516666651,fighter,RightRingProximal,0.0722326562,1.31537437,0.317182124,-0.191325292,0.0349931568,-0.3161539,-0.9285567
7934f1476fe2c6e458c230f491769c34,7400006,Mankey,0.516666651,fighter,RightRingIntermediate,0.02968605,1.28477073,0.307262838,0.1286272,-0.140905231,0.9120225,0.363065958
7934f1476fe2c6e458c230f491769c34,7400006,Mankey,0.516666651,fighter,RightRingDistal,0.06815612,1.2505275,0.288832217,0.0319394469,0.158857584,-0.8847514,0.436989546
7934f1476fe2c6e458c230f491769c34,7400006,Mankey,0.516666651,fighter,RightLittleProximal,0.0804271847,1.27450037,0.3605819,-0.166590154,0.134646848,-0.214941934,-0.9528476
7934f1476fe2c6e458c230f491769c34,7400006,Mankey,0.516666651,fighter,RightLittleIntermediate,0.0339495428,1.25504434,0.343074977,0.101074696,-0.182372913,0.8231581,0.5281435
7934f1476fe2c6e458c230f491769c34,7400006,Mankey,0.516666651,fighter,RightLittleDistal,0.05728025,1.20897889,0.323211223,0.109406009,0.152423114,-0.949221253,0.252542168
7934f1476fe2c6e458c230f491769c34,7400006,Mankey,0.516666651,fighter,UpperChest,-0.06432005,1.17651844,-0.00643672142,0.4292011,-0.363408357,-0.6113814,0.556717157
7934f1476fe2c6e458c230f491769c34,7400006,Mankey,0.533333361,source,AnimatorRoot,0,0,0,0,0,2.38682153E-15,1
7934f1476fe2c6e458c230f491769c34,7400006,Mankey,0.533333361,source,Hips,-0.0594846569,0.7782926,-0.00314328773,-0.0609770566,0.29460597,0.0124970358,0.9535895
7934f1476fe2c6e458c230f491769c34,7400006,Mankey,0.533333361,source,LeftUpperLeg,-0.142310351,0.7795052,0.0533427075,-0.497231156,-0.240929171,0.6943231,0.461118
7934f1476fe2c6e458c230f491769c34,7400006,Mankey,0.533333361,source,RightUpperLeg,0.0233412087,0.7770802,-0.0596294366,0.365843982,-0.182108819,-0.6056098,0.6828115
7934f1476fe2c6e458c230f491769c34,7400006,Mankey,0.533333361,source,LeftLowerLeg,-0.112392746,0.451517582,0.227893487,-0.362406433,-0.370041043,0.544670045,0.65959543
7934f1476fe2c6e458c230f491769c34,7400006,Mankey,0.533333361,source,RightLowerLeg,0.09794486,0.4191402,-0.1321004,0.363316059,-0.05704554,-0.7553618,0.5423799
7934f1476fe2c6e458c230f491769c34,7400006,Mankey,0.533333361,source,LeftFoot,-0.158604,0.108179756,0.195404679,0.5165566,0.107720777,-0.8235571,-0.2081333
7934f1476fe2c6e458c230f491769c34,7400006,Mankey,0.533333361,source,RightFoot,0.0465688966,0.119608387,-0.301550031,0.227772623,-0.217197359,-0.2617775,0.9123693
7934f1476fe2c6e458c230f491769c34,7400006,Mankey,0.533333361,source,Spine,-0.0653417,0.875538766,-0.0138191227,-0.0181936473,0.292026,-0.0157782566,0.95610714
7934f1476fe2c6e458c230f491769c34,7400006,Mankey,0.533333361,source,Chest,-0.0599856153,1.05460453,-0.01895594,0.0970794857,0.202165663,0.000165867721,0.974527955
7934f1476fe2c6e458c230f491769c34,7400006,Mankey,0.533333361,source,Neck,-0.0516353957,1.2534318,0.0204762444,0.327285051,0.186741561,0.008574805,0.9262498
7934f1476fe2c6e458c230f491769c34,7400006,Mankey,0.533333361,source,Head,-0.0423958823,1.32168508,0.07342819,0.192568287,0.0395245329,0.007067475,0.9804619
7934f1476fe2c6e458c230f491769c34,7400006,Mankey,0.533333361,source,LeftShoulder,-0.08012368,1.20932221,0.02490012,0.09233695,0.292248428,0.01562688,0.951746166
7934f1476fe2c6e458c230f491769c34,7400006,Mankey,0.533333361,source,RightShoulder,-0.0256740768,1.21167278,0.00153839355,0.9944361,-0.0580628775,-0.042349577,-0.0770216063
7934f1476fe2c6e458c230f491769c34,7400006,Mankey,0.533333361,source,LeftUpperArm,-0.197799981,1.19743454,0.103485115,0.0289270189,0.337337,0.438060135,0.832748652
7934f1476fe2c6e458c230f491769c34,7400006,Mankey,0.533333361,source,RightUpperArm,0.114861332,1.19619417,-0.0116938576,0.849231541,-0.454534024,0.248684,0.101788864
7934f1476fe2c6e458c230f491769c34,7400006,Mankey,0.533333361,source,LeftLowerArm,-0.285848618,1.02770948,0.225038186,-0.493331552,0.80046463,0.281133771,0.191949472
7934f1476fe2c6e458c230f491769c34,7400006,Mankey,0.533333361,source,RightLowerArm,0.219791427,1.03275383,0.104970247,0.198776856,-0.201649174,0.815679,0.5044733
7934f1476fe2c6e458c230f491769c34,7400006,Mankey,0.533333361,source,LeftHand,-0.181947112,1.18888557,0.363243133,-0.410847366,0.863215864,0.285713524,0.06656351
7934f1476fe2c6e458c230f491769c34,7400006,Mankey,0.533333361,source,RightHand,0.1224037,1.20833576,0.229713663,0.02986265,-0.116312318,0.8488724,0.5147771
7934f1476fe2c6e458c230f491769c34,7400006,Mankey,0.533333361,source,LeftToes,-0.101749331,0.0401835851,0.316089839,0.5278156,-0.00384042342,-0.8484174,-0.0398018025
7934f1476fe2c6e458c230f491769c34,7400006,Mankey,0.533333361,source,RightToes,0.161655843,0.03326766,-0.26006183,0.333917558,-0.194466561,0.0130592324,0.9222319
7934f1476fe2c6e458c230f491769c34,7400006,Mankey,0.533333361,source,LeftThumbProximal,-0.17768243,1.20560026,0.351486862,-0.314109743,0.719397843,-0.6012541,0.149316356
7934f1476fe2c6e458c230f491769c34,7400006,Mankey,0.533333361,source,LeftThumbIntermediate,-0.14386408,1.23377156,0.3442205,-0.126829982,0.8062889,-0.5129101,0.265962422
7934f1476fe2c6e458c230f491769c34,7400006,Mankey,0.533333361,source,LeftThumbDistal,-0.119081266,1.24808776,0.353181,0.401286483,0.7366068,-0.200049147,0.5063205
7934f1476fe2c6e458c230f491769c34,7400006,Mankey,0.533333361,source,LeftIndexProximal,-0.1432019,1.25854087,0.374153882,0.07811146,0.970383644,0.2064285,-0.09819233
7934f1476fe2c6e458c230f491769c34,7400006,Mankey,0.533333361,source,LeftIndexIntermediate,-0.113338426,1.25511658,0.3672833,0.638516665,0.737012565,0.101696417,-0.196894139
7934f1476fe2c6e458c230f491769c34,7400006,Mankey,0.533333361,source,LeftIndexDistal,-0.110955842,1.23506153,0.357933968,0.953968763,0.201099858,-0.04628979,-0.217624426
7934f1476fe2c6e458c230f491769c34,7400006,Mankey,0.533333361,source,LeftMiddleProximal,-0.139867231,1.248151,0.392617524,0.07981395,0.9625565,0.233804435,-0.11158178
7934f1476fe2c6e458c230f491769c34,7400006,Mankey,0.533333361,source,LeftMiddleIntermediate,-0.108259626,1.24481821,0.384336472,0.6288379,0.737327039,0.108751409,-0.2215521
7934f1476fe2c6e458c230f491769c34,7400006,Mankey,0.533333361,source,LeftMiddleDistal,-0.10583207,1.225583,0.374195516,0.945806265,0.203735173,-0.0654538646,-0.24425146
7934f1476fe2c6e458c230f491769c34,7400006,Mankey,0.533333361,source,LeftRingProximal,-0.137516662,1.23858976,0.4073179,0.159786433,0.9320689,0.274307877,-0.17456083
7934f1476fe2c6e458c230f491769c34,7400006,Mankey,0.533333361,source,LeftRingIntermediate,-0.109705105,1.23225987,0.394380838,0.6492649,0.6915535,0.108822323,-0.297266454
7934f1476fe2c6e458c230f491769c34,7400006,Mankey,0.533333361,source,LeftRingDistal,-0.110085517,1.21626711,0.383778155,0.919734657,0.210634962,-0.09649845,-0.316874623
7934f1476fe2c6e458c230f491769c34,7400006,Mankey,0.533333361,source,LeftLittleProximal,-0.1348501,1.2243228,0.4184367,0.138200328,0.9247804,0.300973415,-0.187342972
7934f1476fe2c6e458c230f491769c34,7400006,Mankey,0.533333361,source,LeftLittleIntermediate,-0.110379487,1.22040248,0.406643718,0.593379557,0.7272888,0.133468911,-0.31802243
7934f1476fe2c6e458c230f491769c34,7400006,Mankey,0.533333361,source,LeftLittleDistal,-0.1086028,1.205618,0.394846529,0.8711718,0.331681937,-0.06864793,-0.355436027
7934f1476fe2c6e458c230f491769c34,7400006,Mankey,0.533333361,source,RightThumbProximal,0.11904411,1.22111046,0.213549182,0.160370976,0.7500369,0.5581528,0.316530824
7934f1476fe2c6e458c230f491769c34,7400006,Mankey,0.533333361,source,RightThumbIntermediate,0.08566729,1.24760509,0.200354,-0.3349752,-0.652816355,-0.663164854,-0.1477675
7934f1476fe2c6e458c230f491769c34,7400006,Mankey,0.533333361,source,RightThumbDistal,0.0637174249,1.26659918,0.207892329,0.683476448,0.173488885,0.5935807,-0.387845218
7934f1476fe2c6e458c230f491769c34,7400006,Mankey,0.533333361,source,RightIndexProximal,0.0978966653,1.28441978,0.2206308,0.0138630578,0.0337412134,-0.98998487,0.13638036
7934f1476fe2c6e458c230f491769c34,7400006,Mankey,0.533333361,source,RightIndexIntermediate,0.06822108,1.276125,0.2195002,-0.0277452432,-0.006912998,0.594092548,-0.803888738
7934f1476fe2c6e458c230f491769c34,7400006,Mankey,0.533333361,source,RightIndexDistal,0.07476811,1.25487459,0.218519628,0.0235825051,-0.0248799361,0.186009571,0.98195
7934f1476fe2c6e458c230f491769c34,7400006,Mankey,0.533333361,source,RightMiddleProximal,0.0960114449,1.281167,0.241745859,0.07088256,0.0537180677,-0.9764959,0.196331009
7934f1476fe2c6e458c230f491769c34,7400006,Mankey,0.533333361,source,RightMiddleIntermediate,0.06602955,1.26882792,0.236506149,-0.0789463,0.0326057039,0.5112217,-0.8551941
7934f1476fe2c6e458c230f491769c34,7400006,Mankey,0.533333361,source,RightMiddleDistal,0.07643147,1.24958265,0.235962,0.0307428874,-0.0990653038,0.3196564,0.941839337
7934f1476fe2c6e458c230f491769c34,7400006,Mankey,0.533333361,source,RightRingProximal,0.0945960656,1.27731812,0.258957475,0.108006626,0.112475619,-0.948154032,0.276925951
7934f1476fe2c6e458c230f491769c34,7400006,Mankey,0.533333361,source,RightRingIntermediate,0.06881065,1.26163042,0.250591248,-0.151866123,0.0299771875,0.416080415,-0.89605546
7934f1476fe2c6e458c230f491769c34,7400006,Mankey,0.533333361,source,RightRingDistal,0.08131917,1.24714565,0.2491959,0.08539916,-0.155299276,0.4274324,0.886505
7934f1476fe2c6e458c230f491769c34,7400006,Mankey,0.533333361,source,RightLittleProximal,0.09151343,1.26806164,0.2744205,0.214233726,0.118022405,-0.950431347,0.191977635
7934f1476fe2c6e458c230f491769c34,7400006,Mankey,0.533333361,source,RightLittleIntermediate,0.06861094,1.25943756,0.2620007,-0.234657809,0.0884187147,0.56239754,-0.7879261
7934f1476fe2c6e458c230f491769c34,7400006,Mankey,0.533333361,source,RightLittleDistal,0.07529997,1.24180841,0.259635955,0.09853205,-0.258553118,0.230855271,0.932817459
7934f1476fe2c6e458c230f491769c34,7400006,Mankey,0.533333361,fighter,AnimatorRoot,0,0,0,0,0,0,1
7934f1476fe2c6e458c230f491769c34,7400006,Mankey,0.533333361,fighter,Hips,-0.05948465,0.7782925,-0.0031432875,0.287968427,-0.357540667,-0.564968,0.68560195
7934f1476fe2c6e458c230f491769c34,7400006,Mankey,0.533333361,fighter,LeftUpperLeg,-0.1583915,0.77940017,0.06700396,0.451850384,0.6924513,0.248188391,0.504722834
7934f1476fe2c6e458c230f491769c34,7400006,Mankey,0.533333361,fighter,RightUpperLeg,0.0394222,0.777184844,-0.07329056,0.6038775,0.705497742,0.334932357,0.1594528
7934f1476fe2c6e458c230f491769c34,7400006,Mankey,0.533333361,fighter,LeftLowerLeg,-0.128320545,0.458720446,0.240719244,0.658135653,0.560222,0.378772646,0.33096844
7934f1476fe2c6e458c230f491769c34,7400006,Mankey,0.533333361,fighter,RightLowerLeg,0.119861163,0.426285863,-0.1389886,0.7741649,0.5307324,0.3391496,0.06300333
7934f1476fe2c6e458c230f491769c34,7400006,Mankey,0.533333361,fighter,LeftFoot,-0.158604,0.108179711,0.195404679,0.0360253379,0.8867514,-0.00642107427,0.460796058
7934f1476fe2c6e458c230f491769c34,7400006,Mankey,0.533333361,fighter,RightFoot,0.04656887,0.11960838,-0.301550061,0.09242831,0.9594735,0.045380488,0.262313545
7934f1476fe2c6e458c230f491769c34,7400006,Mankey,0.533333361,fighter,Spine,-0.06630523,0.8223563,-0.0134560475,0.290117919,-0.3609414,-0.5860246,0.664927244
7934f1476fe2c6e458c230f491769c34,7400006,Mankey,0.533333361,fighter,Chest,-0.07136732,1.06061792,-0.0362552851,0.437807918,-0.3248439,-0.6538,0.524734437
7934f1476fe2c6e458c230f491769c34,7400006,Mankey,0.533333361,fighter,Neck,-0.06215826,1.34021628,0.008402873,0.4859236,-0.365733981,-0.6137226,0.5034497
7934f1476fe2c6e458c230f491769c34,7400006,Mankey,0.533333361,fighter,Head,-0.05905865,1.485037,0.0423522852,0.5705449,-0.370252162,-0.603035,0.4168224
7934f1476fe2c6e458c230f491769c34,7400006,Mankey,0.533333361,fighter,LeftShoulder,-0.04867216,1.28944016,0.108555406,0.711475968,0.000639915466,-0.2008645,0.6733908
7934f1476fe2c6e458c230f491769c34,7400006,Mankey,0.533333361,fighter,RightShoulder,0.00625162525,1.29152679,0.08416588,-0.06587638,-0.6298754,-0.74204886,0.2197297
7934f1476fe2c6e458c230f491769c34,7400006,Mankey,0.533333361,fighter,LeftUpperArm,-0.243793339,1.34666443,0.169403136,0.6884419,0.426280379,0.09788957,0.5785767
7934f1476fe2c6e458c230f491769c34,7400006,Mankey,0.533333361,fighter,RightUpperArm,0.196162686,1.34312737,0.004663885,0.145231187,0.667304754,0.570755959,0.455905855
7934f1476fe2c6e458c230f491769c34,7400006,Mankey,0.533333361,fighter,LeftLowerArm,-0.417807162,1.14931154,0.2704428,0.009263437,0.8824388,-0.425456,0.200507432
7934f1476fe2c6e458c230f491769c34,7400006,Mankey,0.533333361,fighter,RightLowerArm,0.348956853,1.14181769,0.129429817,-0.4671885,0.240879923,-0.0201224126,0.850474656
7934f1476fe2c6e458c230f491769c34,7400006,Mankey,0.533333361,fighter,LeftHand,-0.181947157,1.18888557,0.3632432,0.4179832,-0.81177187,-0.3167505,-0.2568767
7934f1476fe2c6e458c230f491769c34,7400006,Mankey,0.533333361,fighter,RightHand,0.122403823,1.20833576,0.229713544,0.172718346,0.208620787,-0.550256848,0.7898504
7934f1476fe2c6e458c230f491769c34,7400006,Mankey,0.533333361,fighter,LeftToes,0.006180466,0.116909549,0.422654063,0.141261026,0.8493901,0.05655417,0.505354941
7934f1476fe2c6e458c230f491769c34,7400006,Mankey,0.533333361,fighter,RightToes,0.285076827,0.08784138,-0.156715661,0.162688449,0.9632275,0.0582715273,0.205742061
7934f1476fe2c6e458c230f491769c34,7400006,Mankey,0.533333361,fighter,LeftEye,-0.175378621,1.52856588,0.263408422,0.4434697,-0.343173534,-0.5040023,-0.656923532
7934f1476fe2c6e458c230f491769c34,7400006,Mankey,0.533333361,fighter,RightEye,0.08644745,1.5362035,0.2437692,0.288643241,-0.477574855,-0.7100934,-0.429389179
7934f1476fe2c6e458c230f491769c34,7400006,Mankey,0.533333361,fighter,Jaw,-0.04428185,1.32877016,0.178538382,0.664889,0.143285513,-0.7208178,-0.133468688
7934f1476fe2c6e458c230f491769c34,7400006,Mankey,0.533333361,fighter,LeftThumbProximal,-0.136858061,1.24683022,0.3646694,0.23799555,-0.9360804,-0.258335978,0.01934661
7934f1476fe2c6e458c230f491769c34,7400006,Mankey,0.533333361,fighter,LeftThumbIntermediate,-0.09706833,1.26728988,0.368565053,0.20009315,-0.905437648,-0.303390443,-0.219317347
7934f1476fe2c6e458c230f491769c34,7400006,Mankey,0.533333361,fighter,LeftThumbDistal,-0.06513798,1.27617669,0.388666421,0.0190270282,-0.583204567,-0.353037417,-0.731352
7934f1476fe2c6e458c230f491769c34,7400006,Mankey,0.533333361,fighter,LeftMiddleProximal,-0.109865859,1.29040515,0.413560361,-0.15203169,-0.95299,-0.2619995,0.007299334
7934f1476fe2c6e458c230f491769c34,7400006,Mankey,0.533333361,fighter,LeftMiddleIntermediate,-0.052026514,1.27306271,0.407884866,-0.6804642,-0.658795,-0.282467663,0.152217835
7934f1476fe2c6e458c230f491769c34,7400006,Mankey,0.533333361,fighter,LeftMiddleDistal,-0.05055439,1.22982633,0.376681775,-0.9419619,-0.132903263,-0.18452698,0.246970937
7934f1476fe2c6e458c230f491769c34,7400006,Mankey,0.533333361,fighter,LeftRingProximal,-0.105091736,1.25721955,0.457385,-0.214937031,-0.916560769,-0.328584135,0.0758385658
7934f1476fe2c6e458c230f491769c34,7400006,Mankey,0.533333361,fighter,LeftRingIntermediate,-0.0572935343,1.2388618,0.442435473,-0.6890272,-0.623742163,-0.2758041,0.24519369
7934f1476fe2c6e458c230f491769c34,7400006,Mankey,0.533333361,fighter,LeftRingDistal,-0.0611093342,1.199242,0.404913276,-0.9249711,-0.164663777,-0.109203815,0.3246377
7934f1476fe2c6e458c230f491769c34,7400006,Mankey,0.533333361,fighter,LeftLittleProximal,-0.117313378,1.20640564,0.4872167,-0.18771714,-0.9167293,-0.3421347,0.0855220854
7934f1476fe2c6e458c230f491769c34,7400006,Mankey,0.533333361,fighter,LeftLittleIntermediate,-0.06851273,1.19116914,0.472001374,-0.6397453,-0.657457948,-0.3159107,0.242231518
7934f1476fe2c6e458c230f491769c34,7400006,Mankey,0.533333361,fighter,LeftLittleDistal,-0.06496628,1.15309644,0.4320169,-0.896110237,-0.2644504,-0.141703039,0.327067852
7934f1476fe2c6e458c230f491769c34,7400006,Mankey,0.533333361,fighter,RightThumbProximal,0.08824529,1.27194667,0.2163184,-0.07401852,0.03824058,0.2559079,-0.9631046
7934f1476fe2c6e458c230f491769c34,7400006,Mankey,0.533333361,fighter,RightThumbIntermediate,0.0493482053,1.29433906,0.214711681,0.130400881,0.22889787,-0.282696784,0.922325552
7934f1476fe2c6e458c230f491769c34,7400006,Mankey,0.533333361,fighter,RightThumbDistal,0.0208427813,1.31223917,0.2339368,-0.281237572,-0.823171258,0.156700119,-0.467697084
7934f1476fe2c6e458c230f491769c34,7400006,Mankey,0.533333361,fighter,RightMiddleProximal,0.07719411,1.33309519,0.2503246,-0.07778374,0.000424698,-0.256570041,-0.963390648
7934f1476fe2c6e458c230f491769c34,7400006,Mankey,0.533333361,fighter,RightMiddleIntermediate,0.0245297812,1.303117,0.247854367,0.128227487,-0.0483827144,0.884491563,0.44597286
7934f1476fe2c6e458c230f491769c34,7400006,Mankey,0.533333361,fighter,RightMiddleDistal,0.05489797,1.26169753,0.233453378,-0.084649086,0.0827315152,-0.92968744,0.348814756
7934f1476fe2c6e458c230f491769c34,7400006,Mankey,0.533333361,fighter,RightRingProximal,0.07438303,1.31680918,0.30297035,-0.187846467,0.03369604,-0.323125243,-0.9269133
7934f1476fe2c6e458c230f491769c34,7400006,Mankey,0.533333361,fighter,RightRingIntermediate,0.0323023871,1.28553271,0.2931631,0.1263459,-0.136867881,0.915335655,0.357022464
7934f1476fe2c6e458c230f491769c34,7400006,Mankey,0.533333361,fighter,RightRingDistal,0.07131216,1.25167215,0.275165051,0.0306792557,0.154529989,-0.882306755,0.443525076
7934f1476fe2c6e458c230f491769c34,7400006,Mankey,0.533333361,fighter,RightLittleProximal,0.08290911,1.2763046,0.346651524,-0.163737074,0.134130344,-0.22253561,-0.951671064
7934f1476fe2c6e458c230f491769c34,7400006,Mankey,0.533333361,fighter,RightLittleIntermediate,0.0367710628,1.25605464,0.329146773,0.0985989347,-0.179058284,0.8277737,0.522501
7934f1476fe2c6e458c230f491769c34,7400006,Mankey,0.533333361,fighter,RightLittleDistal,0.06081245,1.21015012,0.309763551,0.108944893,0.148640737,-0.947889864,0.259888679
7934f1476fe2c6e458c230f491769c34,7400006,Mankey,0.533333361,fighter,UpperChest,-0.0634894,1.17654562,-0.008596904,0.417175949,-0.350946754,-0.6205718,0.56364125
7934f1476fe2c6e458c230f491769c34,7400006,Mankey,0.55,source,AnimatorRoot,0,0,0,0,0,2.45914946E-15,1
7934f1476fe2c6e458c230f491769c34,7400006,Mankey,0.55,source,Hips,-0.0599465035,0.7785808,-0.006051134,-0.06327111,0.311374277,0.0144043658,0.9480693
7934f1476fe2c6e458c230f491769c34,7400006,Mankey,0.55,source,LeftUpperLeg,-0.140724361,0.779792845,0.053326495,-0.490371346,-0.233395413,0.6977632,0.467107117
7934f1476fe2c6e458c230f491769c34,7400006,Mankey,0.55,source,RightUpperLeg,0.02083152,0.7773689,-0.06542892,0.353242666,-0.168707848,-0.604152262,0.6940876
7934f1476fe2c6e458c230f491769c34,7400006,Mankey,0.55,source,LeftLowerLeg,-0.109900691,0.451493561,0.227131933,-0.3613939,-0.364983,0.544496238,0.6631031
7934f1476fe2c6e458c230f491769c34,7400006,Mankey,0.55,source,RightLowerLeg,0.100254387,0.420331955,-0.137230158,0.354560971,-0.0548933633,-0.756989062,0.546114564
7934f1476fe2c6e458c230f491769c34,7400006,Mankey,0.55,source,LeftFoot,-0.158830836,0.108439147,0.195646435,0.515436,0.107771777,-0.8242535,-0.208127931
7934f1476fe2c6e458c230f491769c34,7400006,Mankey,0.55,source,RightFoot,0.04733343,0.119097181,-0.303148717,0.227731109,-0.220829368,-0.258590817,0.912416637
7934f1476fe2c6e458c230f491769c34,7400006,Mankey,0.55,source,Spine,-0.0664849058,0.875761032,-0.0169298146,-0.0182474554,0.308245718,-0.01887449,0.9509445
7934f1476fe2c6e458c230f491769c34,7400006,Mankey,0.55,source,Chest,-0.0601218455,1.05477929,-0.0225496422,0.09915051,0.222452059,-0.00237903069,0.969885945
7934f1476fe2c6e458c230f491769c34,7400006,Mankey,0.55,source,Neck,-0.04974139,1.25343454,0.0172656253,0.3260763,0.200741827,0.00157623808,0.923782766
7934f1476fe2c6e458c230f491769c34,7400006,Mankey,0.55,source,Head,-0.0386208333,1.32183731,0.0696600154,0.193198964,0.0404611453,0.004396844,0.980315447
7934f1476fe2c6e458c230f491769c34,7400006,Mankey,0.55,source,LeftShoulder,-0.0781047642,1.20935845,0.0227090269,0.0950525254,0.309703618,0.0136714485,0.9459715
7934f1476fe2c6e458c230f491769c34,7400006,Mankey,0.55,source,RightShoulder,-0.0246773418,1.21170449,-0.00290465751,0.993305743,-0.0587535053,-0.06158802,-0.07809561
7934f1476fe2c6e458c230f491769c34,7400006,Mankey,0.55,source,LeftUpperArm,-0.192813233,1.19732511,0.105544955,0.0364488624,0.348666668,0.4433609,0.8249452
7934f1476fe2c6e458c230f491769c34,7400006,Mankey,0.55,source,RightUpperArm,0.11526724,1.19648933,-0.0215836149,0.851727664,-0.455394357,0.236223742,0.106650934
7934f1476fe2c6e458c230f491769c34,7400006,Mankey,0.55,source,LeftLowerArm,-0.275222838,1.02583075,0.228559747,-0.496364176,0.7983314,0.2869711,0.184222043
7934f1476fe2c6e458c230f491769c34,7400006,Mankey,0.55,source,RightLowerArm,0.222580552,1.03214836,0.0915956944,0.19891946,-0.196793914,0.815638661,0.5063959
7934f1476fe2c6e458c230f491769c34,7400006,Mankey,0.55,source,LeftHand,-0.171366,1.18817258,0.3654275,-0.41288662,0.8627681,0.286074042,0.0576045439
7934f1476fe2c6e458c230f491769c34,7400006,Mankey,0.55,source,RightHand,0.126138449,1.2089051,0.21541132,0.0295762271,-0.1161061,0.8512701,0.5108663
7934f1476fe2c6e458c230f491769c34,7400006,Mankey,0.55,source,LeftToes,-0.101629168,0.0404292233,0.316159725,0.5267279,-0.00378830661,-0.849124432,-0.03912759
7934f1476fe2c6e458c230f491769c34,7400006,Mankey,0.55,source,RightToes,0.162440509,0.03337847,-0.2604444,0.332707673,-0.197453514,0.01664727,0.9219766
7934f1476fe2c6e458c230f491769c34,7400006,Mankey,0.55,source,LeftThumbProximal,-0.167424664,1.20484459,0.353498757,-0.314222634,0.7177708,-0.6049805,0.141662329
7934f1476fe2c6e458c230f491769c34,7400006,Mankey,0.55,source,LeftThumbIntermediate,-0.133413985,1.23261392,0.34561,-0.121421993,0.8056592,-0.516687632,0.2630671
7934f1476fe2c6e458c230f491769c34,7400006,Mankey,0.55,source,LeftThumbDistal,-0.108458742,1.24663436,0.354559481,0.424341917,0.7218733,-0.191447228,0.5120367
7934f1476fe2c6e458c230f491769c34,7400006,Mankey,0.55,source,LeftIndexProximal,-0.133102387,1.2582469,0.375306368,0.100335158,0.968422949,0.197740108,-0.113970585
7934f1476fe2c6e458c230f491769c34,7400006,Mankey,0.55,source,LeftIndexIntermediate,-0.103689969,1.25364447,0.367276251,0.6741828,0.7045719,0.07963499,-0.206675887
7934f1476fe2c6e458c230f491769c34,7400006,Mankey,0.55,source,LeftIndexDistal,-0.103567012,1.233234,0.358405054,0.966279,0.127678633,-0.0756498,-0.2104314
7934f1476fe2c6e458c230f491769c34,7400006,Mankey,0.55,source,LeftMiddleProximal,-0.129405722,1.24801362,0.393788546,0.102372073,0.9601841,0.225891441,-0.128609776
7934f1476fe2c6e458c230f491769c34,7400006,Mankey,0.55,source,LeftMiddleIntermediate,-0.0983368158,1.243465,0.3841577,0.664454758,0.7047568,0.08591773,-0.233315945
7934f1476fe2c6e458c230f491769c34,7400006,Mankey,0.55,source,LeftMiddleDistal,-0.09815909,1.22385049,0.374464154,0.957573533,0.130482227,-0.09713185,-0.2378941
7934f1476fe2c6e458c230f491769c34,7400006,Mankey,0.55,source,LeftRingProximal,-0.126755133,1.23857427,0.408516824,0.1833231,0.926262558,0.265947938,-0.194172621
7934f1476fe2c6e458c230f491769c34,7400006,Mankey,0.55,source,LeftRingIntermediate,-0.09990246,1.23117232,0.394196957,0.6823676,0.656004369,0.08291381,-0.311703175
7934f1476fe2c6e458c230f491769c34,7400006,Mankey,0.55,source,LeftRingDistal,-0.102312312,1.21498227,0.384176731,0.930341959,0.139230385,-0.133194387,-0.311991
7934f1476fe2c6e458c230f491769c34,7400006,Mankey,0.55,source,LeftLittleProximal,-0.123797812,1.224408,0.419690758,0.1610377,0.918955743,0.293513536,-0.208417177
7934f1476fe2c6e458c230f491769c34,7400006,Mankey,0.55,source,LeftLittleIntermediate,-0.100160167,1.21964276,0.4065833,0.626022935,0.6955212,0.108356394,-0.33556667
7934f1476fe2c6e458c230f491769c34,7400006,Mankey,0.55,source,LeftLittleDistal,-0.100331485,1.20448089,0.395138,0.888849258,0.267308563,-0.106327623,-0.356634974
7934f1476fe2c6e458c230f491769c34,7400006,Mankey,0.55,source,RightThumbProximal,0.122684829,1.22163332,0.199229985,0.156450331,0.7508153,0.5593228,0.314576238
7934f1476fe2c6e458c230f491769c34,7400006,Mankey,0.55,source,RightThumbIntermediate,0.08908715,1.24781191,0.185964867,-0.3315049,-0.6545491,-0.6637326,-0.145359352
7934f1476fe2c6e458c230f491769c34,7400006,Mankey,0.55,source,RightThumbDistal,0.06695618,1.266614,0.193455547,0.6824779,0.177125841,0.5921882,-0.390081882
7934f1476fe2c6e458c230f491769c34,7400006,Mankey,0.55,source,RightIndexProximal,0.100955725,1.28475559,0.206221849,0.014300948,0.0332334824,-0.989364266,0.14088966
7934f1476fe2c6e458c230f491769c34,7400006,Mankey,0.55,source,RightIndexIntermediate,0.0713579655,1.27619112,0.205060065,-0.02771841,-0.006217352,0.5904321,-0.806587636
7934f1476fe2c6e458c230f491769c34,7400006,Mankey,0.55,source,RightIndexDistal,0.0780984238,1.25499988,0.204108909,0.0230956879,-0.0253342427,0.1904805,0.9810927
7934f1476fe2c6e458c230f491769c34,7400006,Mankey,0.55,source,RightMiddleProximal,0.0990719,1.28150606,0.227337554,0.07119128,0.05343499,-0.975576,0.200819254
7934f1476fe2c6e458c230f491769c34,7400006,Mankey,0.55,source,RightMiddleIntermediate,0.06920994,1.268891,0.2220702,-0.07901784,0.0330631,0.507276833,-0.857515931
7934f1476fe2c6e458c230f491769c34,7400006,Mankey,0.55,source,RightMiddleDistal,0.079786405,1.24974012,0.221558571,0.0305225849,-0.0993951559,0.32398513,0.94033134
7934f1476fe2c6e458c230f491769c34,7400006,Mankey,0.55,source,RightRingProximal,0.097668536,1.27766109,0.244551033,0.1079912,0.112320237,-0.946873248,0.281342179
7934f1476fe2c6e458c230f491769c34,7400006,Mankey,0.55,source,RightRingIntermediate,0.0720373243,1.26173258,0.236166045,-0.151842132,0.0300855339,0.4119045,-0.8979834
7934f1476fe2c6e458c230f491769c34,7400006,Mankey,0.55,source,RightRingDistal,0.08467828,1.24736047,0.234801278,0.08538817,-0.155292049,0.431572765,0.884499133
7934f1476fe2c6e458c230f491769c34,7400006,Mankey,0.55,source,RightLittleProximal,0.09464921,1.268392,0.260018915,0.214234769,0.118403114,-0.949467063,0.196460366
7934f1476fe2c6e458c230f491769c34,7400006,Mankey,0.55,source,RightLittleIntermediate,0.0718422756,1.2595489,0.247577339,-0.235046923,0.0881508738,0.558626235,-0.7905187
7934f1476fe2c6e458c230f491769c34,7400006,Mankey,0.55,source,RightLittleDistal,0.0786937848,1.24197876,0.245238572,0.09909623,-0.258611381,0.235266179,0.9316386
7934f1476fe2c6e458c230f491769c34,7400006,Mankey,0.55,fighter,AnimatorRoot,0,0,0,0,0,0,1
7934f1476fe2c6e458c230f491769c34,7400006,Mankey,0.55,fighter,Hips,-0.0599465,0.7785807,-0.00605113339,0.276721865,-0.346201748,-0.5676685,0.6937737
7934f1476fe2c6e458c230f491769c34,7400006,Mankey,0.55,fighter,LeftUpperLeg,-0.156294346,0.7796831,0.0675715953,0.457080245,0.695673347,0.241741642,0.498675644
7934f1476fe2c6e458c230f491769c34,7400006,Mankey,0.55,fighter,RightUpperLeg,0.0364013352,0.777478337,-0.07967389,0.6017528,0.7168849,0.3208116,0.145085067
7934f1476fe2c6e458c230f491769c34,7400006,Mankey,0.55,fighter,LeftLowerLeg,-0.12526159,0.4587263,0.240604818,0.661913335,0.558825552,0.374700516,0.330430865
7934f1476fe2c6e458c230f491769c34,7400006,Mankey,0.55,fighter,RightLowerLeg,0.121917509,0.427682817,-0.144841626,0.775515854,0.5349841,0.329652369,0.0607998371
7934f1476fe2c6e458c230f491769c34,7400006,Mankey,0.55,fighter,LeftFoot,-0.158830851,0.108438976,0.195646346,0.03584529,0.887348533,-0.006155163,0.459663033
7934f1476fe2c6e458c230f491769c34,7400006,Mankey,0.55,fighter,RightFoot,0.0473334864,0.119097061,-0.303148746,0.08980191,0.9586775,0.04467486,0.266227782
7934f1476fe2c6e458c230f491769c34,7400006,Mankey,0.55,fighter,Spine,-0.0673115,0.822560549,-0.0163480323,0.278286934,-0.3513142,-0.5922057,0.6696471
7934f1476fe2c6e458c230f491769c34,7400006,Mankey,0.55,fighter,Chest,-0.07180491,1.06078625,-0.0396360867,0.4248845,-0.313083678,-0.6633655,0.5304697
7934f1476fe2c6e458c230f491769c34,7400006,Mankey,0.55,fighter,Neck,-0.0605621375,1.34024322,0.00544007774,0.478806555,-0.359387249,-0.620304763,0.5067618
7934f1476fe2c6e458c230f491769c34,7400006,Mankey,0.55,fighter,Head,-0.0564150438,1.48498225,0.03962417,0.5689837,-0.370731682,-0.6050797,0.415565282
7934f1476fe2c6e458c230f491769c34,7400006,Mankey,0.55,fighter,LeftShoulder,-0.04298356,1.289157,0.104797132,0.7083812,0.0132831633,-0.2137551,0.6725541
7934f1476fe2c6e458c230f491769c34,7400006,Mankey,0.55,fighter,RightShoulder,0.0108867195,1.29128575,0.0781646147,-0.07881075,-0.623523951,-0.7422331,0.232588291
7934f1476fe2c6e458c230f491769c34,7400006,Mankey,0.55,fighter,LeftUpperArm,-0.235761166,1.34618914,0.172866553,0.692511559,0.4317189,0.09724027,0.569729
7934f1476fe2c6e458c230f491769c34,7400006,Mankey,0.55,fighter,RightUpperArm,0.197534338,1.34370875,-0.008228837,0.153652772,0.6715579,0.567626953,0.450778067
7934f1476fe2c6e458c230f491769c34,7400006,Mankey,0.55,fighter,LeftLowerArm,-0.4072162,1.146432,0.273555756,0.00416750833,0.8832987,-0.4236456,0.200726449
7934f1476fe2c6e458c230f491769c34,7400006,Mankey,0.55,fighter,RightLowerArm,0.351530463,1.141308,0.113250427,-0.468423039,0.245565355,-0.019711636,0.8484631
7934f1476fe2c6e458c230f491769c34,7400006,Mankey,0.55,fighter,LeftHand,-0.171365991,1.1881727,0.365427643,0.4202064,-0.812782049,-0.3181972,-0.248118833
7934f1476fe2c6e458c230f491769c34,7400006,Mankey,0.55,fighter,RightHand,0.126138464,1.20890486,0.215411156,0.171754569,0.20860979,-0.546661854,0.792555
7934f1476fe2c6e458c230f491769c34,7400006,Mankey,0.55,fighter,LeftToes,0.006525773,0.117176995,0.422479451,0.140670225,0.8501475,0.05646035,0.5042555
7934f1476fe2c6e458c230f491769c34,7400006,Mankey,0.55,fighter,RightToes,0.2847985,0.08881516,-0.156296775,0.160101622,0.9628263,0.0577251762,0.209763691
7934f1476fe2c6e458c230f491769c34,7400006,Mankey,0.55,fighter,LeftEye,-0.171881363,1.52884555,0.26106146,0.441544741,-0.3449424,-0.5032063,-0.6579035
7934f1476fe2c6e458c230f491769c34,7400006,Mankey,0.55,fighter,RightEye,0.08992136,1.535215,0.240674108,0.286212265,-0.478523672,-0.709705,-0.430600882
7934f1476fe2c6e458c230f491769c34,7400006,Mankey,0.55,fighter,Jaw,-0.042015586,1.32849824,0.17560105,0.6641278,0.141840473,-0.721369267,-0.135804743
7934f1476fe2c6e458c230f491769c34,7400006,Mankey,0.55,fighter,LeftThumbProximal,-0.126790345,1.24652946,0.3658091,0.230524242,-0.9376192,-0.259151757,0.0238660127
7934f1476fe2c6e458c230f491769c34,7400006,Mankey,0.55,fighter,LeftThumbIntermediate,-0.08670377,1.26649928,0.369165123,0.19220975,-0.906553447,-0.303290039,-0.2218835
7934f1476fe2c6e458c230f491769c34,7400006,Mankey,0.55,fighter,LeftThumbDistal,-0.0546214022,1.274791,0.389279,0.005230982,-0.5633795,-0.3469751,-0.7497902
7934f1476fe2c6e458c230f491769c34,7400006,Mankey,0.55,fighter,LeftMiddleProximal,-0.09948955,1.29067826,0.4140092,-0.173137635,-0.951887667,-0.251112282,0.0296036
7934f1476fe2c6e458c230f491769c34,7400006,Mankey,0.55,fighter,LeftMiddleIntermediate,-0.0425825119,1.2715888,0.405317277,-0.7145385,-0.6255952,-0.2613088,0.172579587
7934f1476fe2c6e458c230f491769c34,7400006,Mankey,0.55,fighter,LeftMiddleDistal,-0.04688706,1.22871232,0.373880446,-0.9542225,-0.0621950366,-0.146229059,0.253395021
7934f1476fe2c6e458c230f491769c34,7400006,Mankey,0.55,fighter,LeftRingProximal,-0.0937783,1.25783646,0.4579807,-0.235986426,-0.91172415,-0.3207956,0.100797683
7934f1476fe2c6e458c230f491769c34,7400006,Mankey,0.55,fighter,LeftRingIntermediate,-0.047462862,1.2383337,0.440100849,-0.720187,-0.5876814,-0.2530915,0.268153936
7934f1476fe2c6e458c230f491769c34,7400006,Mankey,0.55,fighter,LeftRingDistal,-0.05737224,1.19945514,0.402918965,-0.93547976,-0.09599861,-0.0669608861,0.333434463
7934f1476fe2c6e458c230f491769c34,7400006,Mankey,0.55,fighter,LeftLittleProximal,-0.105102636,1.20711923,0.48832643,-0.207331911,-0.9123113,-0.3349649,0.111807495
7934f1476fe2c6e458c230f491769c34,7400006,Mankey,0.55,fighter,LeftLittleIntermediate,-0.057682056,1.19093609,0.470035821,-0.6712311,-0.6258851,-0.294105858,0.26686883
7934f1476fe2c6e458c230f491769c34,7400006,Mankey,0.55,fighter,LeftLittleDistal,-0.06009082,1.15313518,0.4297103,-0.912584543,-0.203387111,-0.09938449,0.3405094
7934f1476fe2c6e458c230f491769c34,7400006,Mankey,0.55,fighter,RightThumbProximal,0.091423206,1.272191,0.201908737,-0.0738136,0.0392741859,0.250500053,-0.9644994
7934f1476fe2c6e458c230f491769c34,7400006,Mankey,0.55,fighter,RightThumbIntermediate,0.05228731,1.29415309,0.20016703,0.128665984,0.228167951,-0.278108,0.9241432
7934f1476fe2c6e458c230f491769c34,7400006,Mankey,0.55,fighter,RightThumbDistal,0.0235564969,1.31180251,0.2192884,-0.276801169,-0.8238637,0.1548177,-0.46974647
7934f1476fe2c6e458c230f491769c34,7400006,Mankey,0.55,fighter,RightMiddleProximal,0.07977361,1.33327,0.235840589,-0.07698914,0.000132724643,-0.2618794,-0.962025166
7934f1476fe2c6e458c230f491769c34,7400006,Mankey,0.55,fighter,RightMiddleIntermediate,0.0274431538,1.30271173,0.233379588,0.127010033,-0.0467308238,0.887085,0.441322654
7934f1476fe2c6e458c230f491769c34,7400006,Mankey,0.55,fighter,RightMiddleDistal,0.0582846329,1.26158047,0.219160125,-0.08479679,0.08053258,-0.9279835,0.353794873
7934f1476fe2c6e458c230f491769c34,7400006,Mankey,0.55,fighter,RightRingProximal,0.0770399645,1.31700969,0.288498431,-0.187094435,0.0326390266,-0.328404367,-0.9252466
7934f1476fe2c6e458c230f491769c34,7400006,Mankey,0.55,fighter,RightRingIntermediate,0.0353187956,1.28524566,0.278722167,0.125726521,-0.135131836,0.917570531,0.352132
7934f1476fe2c6e458c230f491769c34,7400006,Mankey,0.55,fighter,RightRingDistal,0.07472512,1.25175571,0.2608955,0.0299713463,0.152972817,-0.8800975,0.4484753
7934f1476fe2c6e458c230f491769c34,7400006,Mankey,0.55,fighter,RightLittleProximal,0.08587426,1.276626,0.332230359,-0.1634741,0.1334988,-0.228161827,-0.950471759
7934f1476fe2c6e458c230f491769c34,7400006,Mankey,0.55,fighter,RightLittleIntermediate,0.03998871,1.2558192,0.314714938,0.09808196,-0.17760098,0.830979943,0.517987
7934f1476fe2c6e458c230f491769c34,7400006,Mankey,0.55,fighter,RightLittleDistal,0.06456102,1.21011841,0.2955172,0.108463556,0.147506133,-0.9466069,0.265354782
7934f1476fe2c6e458c230f491769c34,7400006,Mankey,0.55,fighter,UpperChest,-0.0627093762,1.17662537,-0.01198005,0.404994,-0.338420063,-0.629769564,0.5699494
7934f1476fe2c6e458c230f491769c34,7400006,Mankey,0.566666663,source,AnimatorRoot,0,0,0,0,0,2.53147739E-15,1
7934f1476fe2c6e458c230f491769c34,7400006,Mankey,0.566666663,source,Hips,-0.0600952,0.779017866,-0.00829864852,-0.06559868,0.3258784,0.0163796917,0.942990839
7934f1476fe2c6e458c230f491769c34,7400006,Mankey,0.566666663,source,LeftUpperLeg,-0.139007479,0.7802072,0.0535371937,-0.484162956,-0.226532057,0.7005026,0.472827256
7934f1476fe2c6e458c230f491769c34,7400006,Mankey,0.566666663,source,RightUpperLeg,0.0188172329,0.7778287,-0.0701346546,0.342719,-0.157288775,-0.602530241,0.7033926
7934f1476fe2c6e458c230f491769c34,7400006,Mankey,0.566666663,source,LeftLowerLeg,-0.107681558,0.451524258,0.226525888,-0.3612137,-0.359469831,0.544803441,0.665954649
7934f1476fe2c6e458c230f491769c34,7400006,Mankey,0.566666663,source,RightLowerLeg,0.10247428,0.4216923,-0.141599357,0.3471969,-0.052018825,-0.758377135,0.549192548
7934f1476fe2c6e458c230f491769c34,7400006,Mankey,0.566666663,source,LeftFoot,-0.159158409,0.108678654,0.196880072,0.51447916,0.1082501,-0.8245597,-0.209032521
7934f1476fe2c6e458c230f491769c34,7400006,Mankey,0.566666663,source,RightFoot,0.0483032949,0.119281434,-0.304955,0.2289375,-0.221589148,-0.256608933,0.912489951
7934f1476fe2c6e458c230f491769c34,7400006,Mankey,0.566666663,source,Spine,-0.0673129261,0.8761274,-0.0193774421,-0.0184377674,0.32223627,-0.0214622989,0.946236253
7934f1476fe2c6e458c230f491769c34,7400006,Mankey,0.566666663,source,Chest,-0.06013911,1.05509913,-0.025483055,0.101271816,0.241700023,-0.0050051366,0.965038955
7934f1476fe2c6e458c230f491769c34,7400006,Mankey,0.566666663,source,Neck,-0.0477131531,1.25356877,0.0146702258,0.325094134,0.21407716,-0.00498835649,0.9211189
7934f1476fe2c6e458c230f491769c34,7400006,Mankey,0.566666663,source,Head,-0.03482217,1.32207882,0.06651596,0.194102377,0.0409738943,0.00145794754,0.9801242
7934f1476fe2c6e458c230f491769c34,7400006,Mankey,0.566666663,source,LeftShoulder,-0.0759384856,1.20953262,0.0210694857,0.09788823,0.325664371,0.0116695184,0.9403322
7934f1476fe2c6e458c230f491769c34,7400006,Mankey,0.566666663,source,RightShoulder,-0.0235728044,1.2118665,-0.006651316,0.9917718,-0.0596551374,-0.080831185,-0.07935076
7934f1476fe2c6e458c230f491769c34,7400006,Mankey,0.566666663,source,LeftUpperArm,-0.187781259,1.19736266,0.107716493,0.04421304,0.359107077,0.449548155,0.8166968
7934f1476fe2c6e458c230f491769c34,7400006,Mankey,0.566666663,source,RightUpperArm,0.115563065,1.19687867,-0.03076489,0.8539348,-0.457119435,0.222779423,0.1104857
7934f1476fe2c6e458c230f491769c34,7400006,Mankey,0.566666663,source,LeftLowerArm,-0.264338881,1.02379954,0.231608063,-0.500099361,0.794731736,0.2953805,0.1762174
7934f1476fe2c6e458c230f491769c34,7400006,Mankey,0.566666663,source,RightLowerArm,0.224959329,1.031152,0.07832597,0.200399861,-0.193202615,0.8150748,0.50810045
7934f1476fe2c6e458c230f491769c34,7400006,Mankey,0.566666663,source,LeftHand,-0.160877779,1.18708539,0.3676499,-0.4157226,0.861393,0.288485,0.0441989973
7934f1476fe2c6e458c230f491769c34,7400006,Mankey,0.566666663,source,RightHand,0.1296142,1.20863307,0.201954916,0.031391304,-0.116819449,0.8531928,0.5073759
7934f1476fe2c6e458c230f491769c34,7400006,Mankey,0.566666663,source,LeftToes,-0.101774625,0.0403833836,0.317145228,0.525878847,-0.00382446451,-0.8496881,-0.0383005776
7934f1476fe2c6e458c230f491769c34,7400006,Mankey,0.566666663,source,RightToes,0.163615435,0.0339668058,-0.2619958,0.333488762,-0.198159277,0.0187737234,0.921502054
7934f1476fe2c6e458c230f491769c34,7400006,Mankey,0.566666663,source,LeftThumbProximal,-0.157450065,1.2037313,0.3555278,-0.319223523,0.7158296,-0.6067145,0.132598534
7934f1476fe2c6e458c230f491769c34,7400006,Mankey,0.566666663,source,LeftThumbIntermediate,-0.123500131,1.231297,0.346716285,-0.121077932,0.8057886,-0.5191542,0.25792262
7934f1476fe2c6e458c230f491769c34,7400006,Mankey,0.566666663,source,LeftThumbDistal,-0.0983792,1.24518037,0.355411828,0.4427421,0.7108619,-0.183965772,0.514599
7934f1476fe2c6e458c230f491769c34,7400006,Mankey,0.566666663,source,LeftIndexProximal,-0.123382844,1.2577486,0.376190752,0.119648062,0.9656262,0.188015163,-0.133794308
7934f1476fe2c6e458c230f491769c34,7400006,Mankey,0.566666663,source,LeftIndexIntermediate,-0.09453525,1.252175,0.366836,0.704891,0.6728762,0.0540573336,-0.217817754
7934f1476fe2c6e458c230f491769c34,7400006,Mankey,0.566666663,source,LeftIndexDistal,-0.09650785,1.23158765,0.358616322,0.9719107,0.0588287,-0.107902966,-0.2007149
7934f1476fe2c6e458c230f491769c34,7400006,Mankey,0.566666663,source,LeftMiddleProximal,-0.119113185,1.2476902,0.394645423,0.1221197,0.956914544,0.216823041,-0.1496312
7934f1476fe2c6e458c230f491769c34,7400006,Mankey,0.566666663,source,LeftMiddleIntermediate,-0.08871971,1.24214518,0.383500516,0.6950624,0.672820151,0.05949044,-0.246297881
7934f1476fe2c6e458c230f491769c34,7400006,Mankey,0.566666663,source,LeftMiddleDistal,-0.09063539,1.222322,0.374439478,0.9625694,0.06170064,-0.131684825,-0.228719741
7934f1476fe2c6e458c230f491769c34,7400006,Mankey,0.566666663,source,LeftRingProximal,-0.115987927,1.23838615,0.4093666,0.204227671,0.919528,0.25580138,-0.217544273
7934f1476fe2c6e458c230f491769c34,7400006,Mankey,0.566666663,source,LeftRingIntermediate,-0.09024542,1.23010862,0.393564075,0.710521758,0.620918036,0.0531001426,-0.326803178
7934f1476fe2c6e458c230f491769c34,7400006,Mankey,0.566666663,source,LeftRingDistal,-0.09453068,1.2138406,0.384327143,0.934179246,0.0719219,-0.172792777,-0.303775847
7934f1476fe2c6e458c230f491769c34,7400006,Mankey,0.566666663,source,LeftLittleProximal,-0.11257235,1.22433674,0.4205571,0.181582928,0.912045836,0.284263521,-0.233225912
7934f1476fe2c6e458c230f491769c34,7400006,Mankey,0.566666663,source,LeftLittleIntermediate,-0.0899224654,1.2188853,0.406048,0.654104233,0.6637166,0.07937054,-0.354017347
7934f1476fe2c6e458c230f491769c34,7400006,Mankey,0.566666663,source,LeftLittleDistal,-0.09194315,1.20345759,0.395147681,0.89997524,0.205646276,-0.147417709,-0.354997
7934f1476fe2c6e458c230f491769c34,7400006,Mankey,0.566666663,source,RightThumbProximal,0.126031861,1.221378,0.185814649,0.154184818,0.7508912,0.561570168,0.311494917
7934f1476fe2c6e458c230f491769c34,7400006,Mankey,0.566666663,source,RightThumbIntermediate,0.09219926,1.24731445,0.172671661,-0.329472452,-0.655081868,-0.6650161,-0.141668737
7934f1476fe2c6e458c230f491769c34,7400006,Mankey,0.566666663,source,RightThumbDistal,0.06992417,1.26591122,0.180247217,0.68161124,0.1788339,0.5903263,-0.393624425
7934f1476fe2c6e458c230f491769c34,7400006,Mankey,0.566666663,source,RightIndexProximal,0.103790686,1.28429782,0.19301638,0.0136513477,0.03479306,-0.9887341,0.144943371
7934f1476fe2c6e458c230f491769c34,7400006,Mankey,0.566666663,source,RightIndexIntermediate,0.07426326,1.27549171,0.191872552,-0.0284089465,-0.00774691161,0.587095559,-0.808982432
7934f1476fe2c6e458c230f491769c34,7400006,Mankey,0.566666663,source,RightIndexDistal,0.0811776444,1.25436,0.190851748,0.02472507,-0.0248027183,0.194491163,0.9802793
7934f1476fe2c6e458c230f491769c34,7400006,Mankey,0.566666663,source,RightMiddleProximal,0.101964451,1.28097332,0.214125514,0.070552215,0.0552536547,-0.97471,0.204720333
7934f1476fe2c6e458c230f491769c34,7400006,Mankey,0.566666663,source,RightMiddleIntermediate,0.07220041,1.268126,0.208864942,-0.08000245,0.031401664,0.5038225,-0.859521568
7934f1476fe2c6e458c230f491769c34,7400006,Mankey,0.566666663,source,RightMiddleDistal,0.08293443,1.249065,0.208284,0.0324970074,-0.0990501642,0.327715427,0.939008236
7934f1476fe2c6e458c230f491769c34,7400006,Mankey,0.566666663,source,RightRingProximal,0.100617886,1.27706826,0.231329963,0.107242286,0.114308059,-0.945617259,0.285029143
7934f1476fe2c6e458c230f491769c34,7400006,Mankey,0.566666663,source,RightRingIntermediate,0.07510744,1.26095164,0.222936377,-0.152939513,0.0282281637,0.408331573,-0.899488151
7934f1476fe2c6e458c230f491769c34,7400006,Mankey,0.566666663,source,RightRingDistal,0.08786506,1.24668849,0.221512958,0.087592,-0.154911637,0.4349524,0.882693231
7934f1476fe2c6e458c230f491769c34,7400006,Mankey,0.566666663,source,RightLittleProximal,0.09769788,1.26773071,0.246775851,0.213337675,0.1207738,-0.948630452,0.200004131
7934f1476fe2c6e458c230f491769c34,7400006,Mankey,0.566666663,source,RightLittleIntermediate,0.0749469846,1.25873423,0.234341666,-0.236126617,0.08581787,0.5556391,-0.7925564
7934f1476fe2c6e458c230f491769c34,7400006,Mankey,0.566666663,source,RightLittleDistal,0.08194042,1.2412281,0.231943414,0.101653628,-0.257861555,0.238686964,0.930700362
7934f1476fe2c6e458c230f491769c34,7400006,Mankey,0.566666663,fighter,AnimatorRoot,0,0,0,0,0,0,1
7934f1476fe2c6e458c230f491769c34,7400006,Mankey,0.566666663,fighter,Hips,-0.06009519,0.7790178,-0.008298648,0.266904145,-0.3363112,-0.5693913,0.7010354
7934f1476fe2c6e458c230f491769c34,7400006,Mankey,0.566666663,fighter,LeftUpperLeg,-0.154131055,0.7800809,0.06825562,0.461991757,0.6982574,0.2358834,0.493314773
7934f1476fe2c6e458c230f491769c34,7400006,Mankey,0.566666663,fighter,RightUpperLeg,0.0339406654,0.7779547,-0.08485293,0.599543452,0.72620827,0.309032619,0.132921726
7934f1476fe2c6e458c230f491769c34,7400006,Mankey,0.566666663,fighter,LeftLowerLeg,-0.122509979,0.45881322,0.240604088,0.6650234,0.5579596,0.370172322,0.3307531
7934f1476fe2c6e458c230f491769c34,7400006,Mankey,0.566666663,fighter,RightLowerLeg,0.123874284,0.42922914,-0.149808154,0.776651859,0.538608849,0.321540415,0.05765879
7934f1476fe2c6e458c230f491769c34,7400006,Mankey,0.566666663,fighter,LeftFoot,-0.159158453,0.108678468,0.196879938,0.0366061367,0.8877762,-0.0054307133,0.458785653
7934f1476fe2c6e458c230f491769c34,7400006,Mankey,0.566666663,fighter,RightFoot,0.0483032726,0.119281515,-0.304954946,0.08801603,0.958443761,0.0457467735,0.267481685
7934f1476fe2c6e458c230f491769c34,7400006,Mankey,0.566666663,fighter,Spine,-0.06797687,0.822909355,-0.0185896754,0.268009424,-0.342974246,-0.597183645,0.6737295
7934f1476fe2c6e458c230f491769c34,7400006,Mankey,0.566666663,fighter,Chest,-0.07210175,1.0610913,-0.0423868,0.412483782,-0.301711351,-0.6723195,0.535550237
7934f1476fe2c6e458c230f491769c34,7400006,Mankey,0.566666663,fighter,Neck,-0.0588381849,1.34039187,0.00310773472,0.472072154,-0.3533694,-0.626642644,0.5095067
7934f1476fe2c6e458c230f491769c34,7400006,Mankey,0.566666663,fighter,Head,-0.05361578,1.48503327,0.0375578851,0.5676145,-0.3713984,-0.6071605,0.413803458
7934f1476fe2c6e458c230f491769c34,7400006,Mankey,0.566666663,fighter,LeftShoulder,-0.0374157839,1.28897047,0.101532981,0.7054098,0.0249189138,-0.225517944,0.67150414
7934f1476fe2c6e458c230f491769c34,7400006,Mankey,0.566666663,fighter,RightShoulder,0.0153682036,1.29114234,0.07281081,-0.09175661,-0.6170218,-0.7421052,0.2452445
7934f1476fe2c6e458c230f491769c34,7400006,Mankey,0.566666663,fighter,LeftUpperArm,-0.227811277,1.34579277,0.176166028,0.696603239,0.437571,0.0980989039,0.5600467
7934f1476fe2c6e458c230f491769c34,7400006,Mankey,0.566666663,fighter,RightUpperArm,0.198511317,1.34436667,-0.0203296319,0.1635,0.67492044,0.5651766,0.4453379
7934f1476fe2c6e458c230f491769c34,7400006,Mankey,0.566666663,fighter,LeftLowerArm,-0.3963041,1.14300144,0.27578488,-0.00131594017,0.885560453,-0.417908728,0.202813685
7934f1476fe2c6e458c230f491769c34,7400006,Mankey,0.566666663,fighter,RightLowerArm,0.3534951,1.1402837,0.09700941,-0.46759674,0.25159204,-0.0183848664,0.8471819
7934f1476fe2c6e458c230f491769c34,7400006,Mankey,0.566666663,fighter,LeftHand,-0.1608781,1.18708551,0.367650151,0.42293185,-0.81368804,-0.322182953,-0.23503001
7934f1476fe2c6e458c230f491769c34,7400006,Mankey,0.566666663,fighter,RightHand,0.129614264,1.20863271,0.201954857,0.171616673,0.210662216,-0.543201,0.794419348
7934f1476fe2c6e458c230f491769c34,7400006,Mankey,0.566666663,fighter,LeftToes,0.00663199,0.116840914,0.4234177,0.1399137,0.850785553,0.0563040674,0.5034069
7934f1476fe2c6e458c230f491769c34,7400006,Mankey,0.566666663,fighter,RightToes,0.28545934,0.08977863,-0.1574462,0.158299163,0.9627971,0.0588038862,0.210964337
7934f1476fe2c6e458c230f491769c34,7400006,Mankey,0.566666663,fighter,LeftEye,-0.168354541,1.52918983,0.259314775,0.439498752,-0.3464935,-0.5021041,-0.6592986
7934f1476fe2c6e458c230f491769c34,7400006,Mankey,0.566666663,fighter,RightEye,0.09343544,1.53411722,0.238370046,0.2837493,-0.4792248,-0.709181249,-0.432310015
7934f1476fe2c6e458c230f491769c34,7400006,Mankey,0.566666663,fighter,Jaw,-0.0398050062,1.32825184,0.173253179,0.663634539,0.1403996,-0.7215877,-0.138522431
7934f1476fe2c6e458c230f491769c34,7400006,Mankey,0.566666663,fighter,LeftThumbProximal,-0.117130056,1.24605751,0.3666223,0.22455506,-0.9383596,-0.260655224,0.03340192
7934f1476fe2c6e458c230f491769c34,7400006,Mankey,0.566666663,fighter,LeftThumbIntermediate,-0.07684852,1.26576591,0.369064361,0.185639456,-0.908265233,-0.304281175,-0.219102323
7934f1476fe2c6e458c230f491769c34,7400006,Mankey,0.566666663,fighter,LeftThumbDistal,-0.0444786139,1.27366912,0.38887158,-0.00758362561,-0.5479007,-0.3423683,-0.7632378
7934f1476fe2c6e458c230f491769c34,7400006,Mankey,0.566666663,fighter,LeftMiddleProximal,-0.0893369243,1.290899,0.4138923,-0.191392168,-0.950213,-0.2393996,0.05614689
7934f1476fe2c6e458c230f491769c34,7400006,Mankey,0.566666663,fighter,LeftMiddleIntermediate,-0.03351316,1.27046967,0.4018629,-0.744801641,-0.5932115,-0.236393854,0.193620533
7934f1476fe2c6e458c230f491769c34,7400006,Mankey,0.566666663,fighter,LeftMiddleDistal,-0.04335092,1.22821832,0.3708269,-0.9608748,0.00462406827,-0.104742713,0.256373554
7934f1476fe2c6e458c230f491769c34,7400006,Mankey,0.566666663,fighter,LeftRingProximal,-0.08214201,1.25843143,0.45792377,-0.2546873,-0.906269431,-0.311438382,0.129679561
7934f1476fe2c6e458c230f491769c34,7400006,Mankey,0.566666663,fighter,LeftRingIntermediate,-0.03751563,1.23811674,0.4369245,-0.747682333,-0.5522902,-0.226009473,0.2913195
7934f1476fe2c6e458c230f491769c34,7400006,Mankey,0.566666663,fighter,LeftRingDistal,-0.05325825,1.20014381,0.400835156,-0.94030267,-0.0309078228,-0.0211779252,0.3382712
7934f1476fe2c6e458c230f491769c34,7400006,Mankey,0.566666663,fighter,LeftLittleProximal,-0.09204269,1.20776343,0.4888443,-0.224843815,-0.9070729,-0.3263352,0.1420205
7934f1476fe2c6e458c230f491769c34,7400006,Mankey,0.566666663,fighter,LeftLittleIntermediate,-0.04624762,1.19095039,0.467273742,-0.699470162,-0.5945991,-0.268035263,0.2921493
7934f1476fe2c6e458c230f491769c34,7400006,Mankey,0.566666663,fighter,LeftLittleDistal,-0.0545030236,1.15359521,0.4273076,-0.923670053,-0.144806162,-0.0531426743,0.350772
7934f1476fe2c6e458c230f491769c34,7400006,Mankey,0.566666663,fighter,RightThumbProximal,0.09435642,1.27166688,0.1886814,-0.0751322657,0.03833458,0.245774031,-0.9656506
7934f1476fe2c6e458c230f491769c34,7400006,Mankey,0.566666663,fighter,RightThumbIntermediate,0.05500336,1.29324317,0.187015057,0.128501549,0.229377747,-0.2736092,0.9252089
7934f1476fe2c6e458c230f491769c34,7400006,Mankey,0.566666663,fighter,RightThumbDistal,0.026123,1.31058383,0.206193611,-0.273421,-0.8254674,0.151842952,-0.469881743
7934f1476fe2c6e458c230f491769c34,7400006,Mankey,0.566666663,fighter,RightMiddleProximal,0.08225048,1.332551,0.222802922,-0.0784088,-0.0008434206,-0.266582,-0.960617363
7934f1476fe2c6e458c230f491769c34,7400006,Mankey,0.566666663,fighter,RightMiddleIntermediate,0.0302214753,1.30148041,0.220365822,0.128028065,-0.04645595,0.889145,0.43688947
7934f1476fe2c6e458c230f491769c34,7400006,Mankey,0.566666663,fighter,RightMiddleDistal,0.061450582,1.260674,0.206056833,-0.08546987,0.08093448,-0.926128566,0.358372331
7934f1476fe2c6e458c230f491769c34,7400006,Mankey,0.566666663,fighter,RightRingProximal,0.0797278956,1.31612027,0.275418282,-0.1885817,0.0311692357,-0.332855284,-0.923403144
7934f1476fe2c6e458c230f491769c34,7400006,Mankey,0.566666663,fighter,RightRingIntermediate,0.038310688,1.28395772,0.2656515,0.1271414,-0.134953678,0.9191247,0.347610116
7934f1476fe2c6e458c230f491769c34,7400006,Mankey,0.566666663,fighter,RightRingDistal,0.07802398,1.2508812,0.247734874,0.0290429443,0.153977066,-0.87779516,0.452685237
7934f1476fe2c6e458c230f491769c34,7400006,Mankey,0.566666663,fighter,RightLittleProximal,0.08895978,1.27568769,0.3190228,-0.165323824,0.132150829,-0.232729167,-0.94923234
7934f1476fe2c6e458c230f491769c34,7400006,Mankey,0.566666663,fighter,RightLittleIntermediate,0.0432605445,1.25445127,0.301536,0.09980157,-0.177308455,0.8333603,0.5139189
7934f1476fe2c6e458c230f491769c34,7400006,Mankey,0.566666663,fighter,RightLittleDistal,0.06825975,1.20901966,0.2822505,0.107306778,0.148797467,-0.9452579,0.2698754
7934f1476fe2c6e458c230f491769c34,7400006,Mankey,0.566666663,fighter,UpperChest,-0.061819423,1.17683315,-0.0147386221,0.3933102,-0.3263124,-0.6383969,0.5755666
7934f1476fe2c6e458c230f491769c34,7400006,Mankey,0.5833333,source,AnimatorRoot,0,0,0,0,0,2.60380533E-15,1
7934f1476fe2c6e458c230f491769c34,7400006,Mankey,0.5833333,source,Hips,-0.05983632,0.779653847,-0.0108794114,-0.06764058,0.337604433,0.0188307483,0.9386658
7934f1476fe2c6e458c230f491769c34,7400006,Mankey,0.5833333,source,LeftUpperLeg,-0.137171254,0.7806886,0.052920863,-0.47854045,-0.221246049,0.702355862,0.47827363
7934f1476fe2c6e458c230f491769c34,7400006,Mankey,0.5833333,source,RightUpperLeg,0.0174987428,0.778619349,-0.07467986,0.3323988,-0.145048425,-0.602094054,0.711305
7934f1476fe2c6e458c230f491769c34,7400006,Mankey,0.5833333,source,LeftLowerLeg,-0.105671637,0.4513359,0.224599391,-0.361355662,-0.3541985,0.545574546,0.668067455
7934f1476fe2c6e458c230f491769c34,7400006,Mankey,0.5833333,source,RightLowerLeg,0.104306422,0.423403561,-0.146963716,0.3379026,-0.0491062142,-0.76053375,0.5522671
7934f1476fe2c6e458c230f491769c34,7400006,Mankey,0.5833333,source,LeftFoot,-0.159181356,0.108620808,0.197123528,0.513497233,0.109892458,-0.824595034,-0.2104463
7934f1476fe2c6e458c230f491769c34,7400006,Mankey,0.5833333,source,RightFoot,0.04806087,0.119562551,-0.30692938,0.229553029,-0.22284621,-0.2567651,0.9119853
7934f1476fe2c6e458c230f491769c34,7400006,Mankey,0.5833333,source,Spine,-0.06777702,0.8766931,-0.0220784359,-0.01858958,0.333495677,-0.023541335,0.942274332
7934f1476fe2c6e458c230f491769c34,7400006,Mankey,0.5833333,source,Chest,-0.05996198,1.05562353,-0.0285932273,0.10309688,0.258897752,-0.00740713254,0.9603584
7934f1476fe2c6e458c230f491769c34,7400006,Mankey,0.5833333,source,Neck,-0.04567646,1.25392532,0.011770973,0.324248523,0.225562,-0.0113232508,0.918616533
7934f1476fe2c6e458c230f491769c34,7400006,Mankey,0.5833333,source,Head,-0.0311608929,1.32251275,0.06308216,0.195712984,0.0403160974,-0.000891242758,0.9798319
7934f1476fe2c6e458c230f491769c34,7400006,Mankey,0.5833333,source,LeftShoulder,-0.07374811,1.209924,0.019028347,0.100426666,0.339414537,0.009838242,0.935208857
7934f1476fe2c6e458c230f491769c34,7400006,Mankey,0.5833333,source,RightShoulder,-0.0224068929,1.21224952,-0.01054743,0.9899296,-0.060404703,-0.09950166,-0.08056077
7934f1476fe2c6e458c230f491769c34,7400006,Mankey,0.5833333,source,LeftUpperArm,-0.183004856,1.19763029,0.108897425,0.05183112,0.367949575,0.4563557,0.8084962
7934f1476fe2c6e458c230f491769c34,7400006,Mankey,0.5833333,source,RightUpperArm,0.115747124,1.19753718,-0.0399055481,0.8555969,-0.459807426,0.209185392,0.1130158
7934f1476fe2c6e458c230f491769c34,7400006,Mankey,0.5833333,source,LeftLowerArm,-0.253854752,1.02179646,0.232982367,-0.5041021,0.7900926,0.305132449,0.168906331
7934f1476fe2c6e458c230f491769c34,7400006,Mankey,0.5833333,source,RightLowerArm,0.226687491,1.0299834,0.064744316,0.202661633,-0.19109191,0.814233661,0.5093483
7934f1476fe2c6e458c230f491769c34,7400006,Mankey,0.5833333,source,LeftHand,-0.151100934,1.185723,0.3687898,-0.418291479,0.858816147,0.294056624,0.0315894559
7934f1476fe2c6e458c230f491769c34,7400006,Mankey,0.5833333,source,RightHand,0.132373556,1.20773828,0.188769951,0.0347349457,-0.118284322,0.8549474,0.5038524
7934f1476fe2c6e458c230f491769c34,7400006,Mankey,0.5833333,source,LeftToes,-0.101672836,0.0397535451,0.317002267,0.5252426,-0.0029801405,-0.8501255,-0.03739376
7934f1476fe2c6e458c230f491769c34,7400006,Mankey,0.5833333,source,RightToes,0.163181767,0.034116827,-0.2637184,0.3337446,-0.199586213,0.01874578,0.921102
7934f1476fe2c6e458c230f491769c34,7400006,Mankey,0.5833333,source,LeftThumbProximal,-0.1482119,1.20241868,0.356596,-0.32479924,0.7157157,-0.6056107,0.124469228
7934f1476fe2c6e458c230f491769c34,7400006,Mankey,0.5833333,source,LeftThumbIntermediate,-0.114395991,1.22988486,0.346994251,-0.1212053,0.8076836,-0.5187418,0.252712816
7934f1476fe2c6e458c230f491769c34,7400006,Mankey,0.5833333,source,LeftThumbDistal,-0.08911724,1.2436198,0.355465859,0.460596025,0.701570749,-0.1751304,0.514761746
7934f1476fe2c6e458c230f491769c34,7400006,Mankey,0.5833333,source,LeftIndexProximal,-0.11442332,1.25691473,0.376443,0.136959627,0.961657166,0.180957228,-0.153987765
7934f1476fe2c6e458c230f491769c34,7400006,Mankey,0.5833333,source,LeftIndexIntermediate,-0.0862080455,1.250511,0.36578232,0.731250167,0.6415371,0.0300887953,-0.22977829
7934f1476fe2c6e458c230f491769c34,7400006,Mankey,0.5833333,source,LeftIndexDistal,-0.0901039,1.22993791,0.358241737,0.971648932,-0.00557829766,-0.138718963,-0.1913761
7934f1476fe2c6e458c230f491769c34,7400006,Mankey,0.5833333,source,LeftMiddleProximal,-0.109556474,1.24691486,0.394781262,0.139755681,0.952373564,0.210320249,-0.170934528
7934f1476fe2c6e458c230f491769c34,7400006,Mankey,0.5833333,source,LeftMiddleIntermediate,-0.07991487,1.24053347,0.3821568,0.7211406,0.6412531,0.03464768,-0.25990507
7934f1476fe2c6e458c230f491769c34,7400006,Mankey,0.5833333,source,LeftMiddleDistal,-0.08374812,1.22069168,0.373770326,0.9615702,-0.002557064,-0.164705843,-0.2196555
7934f1476fe2c6e458c230f491769c34,7400006,Mankey,0.5833333,source,LeftRingProximal,-0.105936281,1.23765373,0.409416,0.2226771,0.911460757,0.247917891,-0.241228729
7934f1476fe2c6e458c230f491769c34,7400006,Mankey,0.5833333,source,LeftRingIntermediate,-0.08136776,1.22868645,0.39218542,0.7337921,0.5863915,0.0247070678,-0.342175275
7934f1476fe2c6e458c230f491769c34,7400006,Mankey,0.5833333,source,LeftRingDistal,-0.08733778,1.21249473,0.383788019,0.9318851,0.00928264949,-0.210695863,-0.295146853
7934f1476fe2c6e458c230f491769c34,7400006,Mankey,0.5833333,source,LeftLittleProximal,-0.102044992,1.22365248,0.4205112,0.199870437,0.9036284,0.277181447,-0.2582214
7934f1476fe2c6e458c230f491769c34,7400006,Mankey,0.5833333,source,LeftLittleIntermediate,-0.08045233,1.21766758,0.4046623,0.677548945,0.6319995,0.0518031828,-0.372586936
7934f1476fe2c6e458c230f491769c34,7400006,Mankey,0.5833333,source,LeftLittleDistal,-0.08417184,1.20213091,0.394381732,0.904929459,0.147418544,-0.186932281,-0.352742583
7934f1476fe2c6e458c230f491769c34,7400006,Mankey,0.5833333,source,RightThumbProximal,0.128629938,1.22054386,0.17271468,0.152808964,0.7504441,0.5647714,0.307435423
7934f1476fe2c6e458c230f491769c34,7400006,Mankey,0.5833333,source,RightThumbIntermediate,0.0945354551,1.2462666,0.15983063,-0.328185916,-0.6548056,-0.666934133,-0.136830419
7934f1476fe2c6e458c230f491769c34,7400006,Mankey,0.5833333,source,RightThumbDistal,0.07212888,1.26462984,0.167584985,0.68069,0.179391712,0.5880386,-0.398359954
7934f1476fe2c6e458c230f491769c34,7400006,Mankey,0.5833333,source,RightIndexProximal,0.105880439,1.28323066,0.180348486,0.0122926617,0.03790846,-0.9880281,0.1490383
7934f1476fe2c6e458c230f491769c34,7400006,Mankey,0.5833333,source,RightIndexIntermediate,0.07642509,1.27418077,0.179250643,-0.0297184,-0.0108707016,0.583680749,-0.8113668
7934f1476fe2c6e458c230f491769c34,7400006,Mankey,0.5833333,source,RightIndexDistal,0.08351484,1.2531147,0.178086534,0.02794517,-0.0236417986,0.1985343,0.9794104
7934f1476fe2c6e458c230f491769c34,7400006,Mankey,0.5833333,source,RightMiddleProximal,0.104152337,1.27977073,0.201444119,0.06929955,0.0586682558,-0.9737857,0.208559051
7934f1476fe2c6e458c230f491769c34,7400006,Mankey,0.5833333,source,RightMiddleIntermediate,0.07448097,1.26670122,0.196207345,-0.08175808,0.02821296,0.5003909,-0.8614689
7934f1476fe2c6e458c230f491769c34,7400006,Mankey,0.5833333,source,RightMiddleDistal,0.08537411,1.24773574,0.195482418,0.0361330435,-0.09830293,0.3313571,0.937674761
7934f1476fe2c6e458c230f491769c34,7400006,Mankey,0.5833333,source,RightRingProximal,0.102895893,1.2757566,0.218630269,0.106015377,0.117926404,-0.944244742,0.2885415
7934f1476fe2c6e458c230f491769c34,7400006,Mankey,0.5833333,source,RightRingIntermediate,0.07749524,1.25947177,0.210227966,-0.154951468,0.0249368846,0.404842675,-0.9008168
7934f1476fe2c6e458c230f491769c34,7400006,Mankey,0.5833333,source,RightRingDistal,0.09036843,1.24532592,0.20868133,0.0914796442,-0.154328257,0.438103735,0.880840361
7934f1476fe2c6e458c230f491769c34,7400006,Mankey,0.5833333,source,RightLittleProximal,0.100106224,1.26630676,0.23403196,0.211834386,0.12471085,-0.947774351,0.203217447
7934f1476fe2c6e458c230f491769c34,7400006,Mankey,0.5833333,source,RightLittleIntermediate,0.077391386,1.2571882,0.221620873,-0.237834677,0.08192846,0.55290246,-0.794368863
7934f1476fe2c6e458c230f491769c34,7400006,Mankey,0.5833333,source,RightLittleDistal,0.08452486,1.23975623,0.21909973,0.105792254,-0.256578475,0.241728067,0.92980814
7934f1476fe2c6e458c230f491769c34,7400006,Mankey,0.5833333,fighter,AnimatorRoot,0,0,0,0,0,0,1
7934f1476fe2c6e458c230f491769c34,7400006,Mankey,0.5833333,fighter,Hips,-0.0598363131,0.7796538,-0.01087941,0.259324282,-0.327902734,-0.570082545,0.7072741
7934f1476fe2c6e458c230f491769c34,7400006,Mankey,0.5833333,fighter,LeftUpperLeg,-0.151935488,0.780507,0.06799671,0.466620743,0.7000196,0.2314547,0.488535047
7934f1476fe2c6e458c230f491769c34,7400006,Mankey,0.5833333,fighter,RightUpperLeg,0.0322628431,0.778800547,-0.08975555,0.5987095,0.7337254,0.297981173,0.120004311
7934f1476fe2c6e458c230f491769c34,7400006,Mankey,0.5833333,fighter,LeftLowerLeg,-0.120025761,0.45868054,0.239245936,0.6673628,0.557638168,0.365858555,0.331382483
7934f1476fe2c6e458c230f491769c34,7400006,Mankey,0.5833333,fighter,RightLowerLeg,0.1253189,0.4311165,-0.155884951,0.7783898,0.5422042,0.3116477,0.05476913
7934f1476fe2c6e458c230f491769c34,7400006,Mankey,0.5833333,fighter,LeftFoot,-0.159181371,0.108620852,0.197123468,0.0378337875,0.888070941,-0.00352232158,0.458133638
7934f1476fe2c6e458c230f491769c34,7400006,Mankey,0.5833333,fighter,RightFoot,0.0480608232,0.1195626,-0.30692935,0.08846252,0.958018064,0.0461280644,0.268790156
7934f1476fe2c6e458c230f491769c34,7400006,Mankey,0.5833333,fighter,Spine,-0.06821707,0.8234601,-0.0211390387,0.259807557,-0.336238861,-0.6010228,0.6769159
7934f1476fe2c6e458c230f491769c34,7400006,Mankey,0.5833333,fighter,Chest,-0.07209095,1.06160569,-0.0453395061,0.401335835,-0.291414768,-0.680079341,0.5399067
7934f1476fe2c6e458c230f491769c34,7400006,Mankey,0.5833333,fighter,Neck,-0.0570350662,1.34075975,0.000494506035,0.466552943,-0.3479532,-0.632134259,0.5115305
7934f1476fe2c6e458c230f491769c34,7400006,Mankey,0.5833333,fighter,Head,-0.0508859679,1.48528218,0.0352895223,0.5674283,-0.371950567,-0.6086637,0.411347449
7934f1476fe2c6e458c230f491769c34,7400006,Mankey,0.5833333,fighter,LeftShoulder,-0.0322146527,1.28902936,0.0979548842,0.702698,0.03502649,-0.235484332,0.6704743
7934f1476fe2c6e458c230f491769c34,7400006,Mankey,0.5833333,fighter,RightShoulder,0.01953197,1.291254,0.06740712,-0.104115784,-0.610786557,-0.741469264,0.257532716
7934f1476fe2c6e458c230f491769c34,7400006,Mankey,0.5833333,fighter,LeftUpperArm,-0.220402569,1.34560323,0.17816709,0.7005492,0.443467557,0.100541443,0.5499624
7934f1476fe2c6e458c230f491769c34,7400006,Mankey,0.5833333,fighter,RightUpperArm,0.199024826,1.34531808,-0.03213549,0.174308389,0.677163,0.563351,0.440116584
7934f1476fe2c6e458c230f491769c34,7400006,Mankey,0.5833333,fighter,LeftLowerArm,-0.385693371,1.13931072,0.275943965,-0.00661602058,0.888685942,-0.4092396,0.206679419
7934f1476fe2c6e458c230f491769c34,7400006,Mankey,0.5833333,fighter,RightLowerArm,0.354556471,1.13901937,0.08050936,-0.465112031,0.258222342,-0.0163442232,0.8465961
7934f1476fe2c6e458c230f491769c34,7400006,Mankey,0.5833333,fighter,LeftHand,-0.151101187,1.18572283,0.368789941,0.424707,-0.813409746,-0.329198837,-0.222748846
7934f1476fe2c6e458c230f491769c34,7400006,Mankey,0.5833333,fighter,RightHand,0.132373676,1.207738,0.188769683,0.172094122,0.214241117,-0.5395053,0.7958761
7934f1476fe2c6e458c230f491769c34,7400006,Mankey,0.5833333,fighter,LeftToes,0.0069009955,0.115680553,0.4234843,0.139044032,0.851315,0.05704561,0.5026688
7934f1476fe2c6e458c230f491769c34,7400006,Mankey,0.5833333,fighter,RightToes,0.284783334,0.089744,-0.158789277,0.1587292,0.962410867,0.05931522,0.212255329
7934f1476fe2c6e458c230f491769c34,7400006,Mankey,0.5833333,fighter,LeftEye,-0.16548194,1.52932787,0.2571423,0.437704474,-0.346700728,-0.5009134,-0.661286235
7934f1476fe2c6e458c230f491769c34,7400006,Mankey,0.5833333,fighter,RightEye,0.0963367149,1.53301275,0.236302063,0.282010019,-0.478763431,-0.7087878,-0.4345986
7934f1476fe2c6e458c230f491769c34,7400006,Mankey,0.5833333,fighter,Jaw,-0.03790626,1.32801664,0.170505792,0.6638946,0.139878213,-0.720907,-0.141320318
7934f1476fe2c6e458c230f491769c34,7400006,Mankey,0.5833333,fighter,LeftThumbProximal,-0.10824126,1.24531627,0.366716981,0.219095156,-0.9380276,-0.264992476,0.043369472
7934f1476fe2c6e458c230f491769c34,7400006,Mankey,0.5833333,fighter,LeftThumbIntermediate,-0.0678109452,1.26480842,0.368277758,0.178769767,-0.9092568,-0.308059871,-0.215390563
7934f1476fe2c6e458c230f491769c34,7400006,Mankey,0.5833333,fighter,LeftThumbDistal,-0.0351219177,1.27226591,0.38773036,-0.0218813568,-0.533415437,-0.339340746,-0.774491668
7934f1476fe2c6e458c230f491769c34,7400006,Mankey,0.5833333,fighter,LeftMiddleProximal,-0.07993695,1.29054248,0.413312525,-0.20767042,-0.94695437,-0.230613753,0.08347285
7934f1476fe2c6e458c230f491769c34,7400006,Mankey,0.5833333,fighter,LeftMiddleIntermediate,-0.0253639743,1.26902354,0.397915035,-0.771072865,-0.5605303,-0.212384313,0.21481517
7934f1476fe2c6e458c230f491769c34,7400006,Mankey,0.5833333,fighter,LeftMiddleDistal,-0.04037375,1.22778213,0.367599159,-0.961511,0.06814121,-0.06417238,0.2583318
7934f1476fe2c6e458c230f491769c34,7400006,Mankey,0.5833333,fighter,LeftRingProximal,-0.0711944252,1.25817275,0.457135439,-0.271289051,-0.8990809,-0.304489434,0.159192681
7934f1476fe2c6e458c230f491769c34,7400006,Mankey,0.5833333,fighter,LeftRingIntermediate,-0.0284093134,1.23732352,0.433054328,-0.7708996,-0.516874969,-0.199423626,0.314299941
7934f1476fe2c6e458c230f491769c34,7400006,Mankey,0.5833333,fighter,LeftRingDistal,-0.0495317355,1.20058858,0.398462355,-0.9390491,0.03059877,0.0237009227,0.341597438
7934f1476fe2c6e458c230f491769c34,7400006,Mankey,0.5833333,fighter,LeftLittleProximal,-0.0796031058,1.20736194,0.4882625,-0.240455568,-0.899918139,-0.320124447,0.172768265
7934f1476fe2c6e458c230f491769c34,7400006,Mankey,0.5833333,fighter,LeftLittleIntermediate,-0.0356154628,1.19017768,0.463464379,-0.723728955,-0.562769055,-0.242529184,0.317312151
7934f1476fe2c6e458c230f491769c34,7400006,Mankey,0.5833333,fighter,LeftLittleDistal,-0.04938806,1.153626,0.4242833,-0.928794742,-0.088639766,-0.007708676,0.359756082
7934f1476fe2c6e458c230f491769c34,7400006,Mankey,0.5833333,fighter,RightThumbProximal,0.09653928,1.27054489,0.175971866,-0.07768422,0.03589669,0.241241589,-0.9666847
7934f1476fe2c6e458c230f491769c34,7400006,Mankey,0.5833333,fighter,RightThumbIntermediate,0.05697172,1.29174244,0.174538344,0.129530832,0.232081085,-0.2687863,0.9258046
7934f1476fe2c6e458c230f491769c34,7400006,Mankey,0.5833333,fighter,RightThumbDistal,0.02798528,1.3087039,0.193894953,-0.270563424,-0.8278499,0.147768423,-0.468641341
7934f1476fe2c6e458c230f491769c34,7400006,Mankey,0.5833333,fighter,RightMiddleProximal,0.08403094,1.331129,0.210480228,-0.08148611,-0.002201885,-0.271161675,-0.959076047
7934f1476fe2c6e458c230f491769c34,7400006,Mankey,0.5833333,fighter,RightMiddleIntermediate,0.0323011354,1.29956174,0.2080563,0.130754218,-0.0473387726,0.8909484,0.432288349
7934f1476fe2c6e458c230f491769c34,7400006,Mankey,0.5833333,fighter,RightMiddleDistal,0.0638816357,1.25913429,0.193445563,-0.08645105,0.08338398,-0.9240229,0.362980783
7934f1476fe2c6e458c230f491769c34,7400006,Mankey,0.5833333,fighter,RightRingProximal,0.08182178,1.31437814,0.263008654,-0.191756457,0.0294961482,-0.337003082,-0.9212974
7934f1476fe2c6e458c230f491769c34,7400006,Mankey,0.5833333,fighter,RightRingIntermediate,0.0406901576,1.2818594,0.2532158,0.130133,-0.136062354,0.9202711,0.343007058
7934f1476fe2c6e458c230f491769c34,7400006,Mankey,0.5833333,fighter,RightRingDistal,0.08066703,1.24926233,0.235008359,0.028013885,0.15702492,-0.875229061,0.456653774
7934f1476fe2c6e458c230f491769c34,7400006,Mankey,0.5833333,fighter,RightLittleProximal,0.09154013,1.27377808,0.306351066,-0.168815479,0.1303458,-0.236805886,-0.947857857
7934f1476fe2c6e458c230f491769c34,7400006,Mankey,0.5833333,fighter,RightLittleIntermediate,0.0459946766,1.25218022,0.288906068,0.103286274,-0.178033426,0.83526814,0.5098656
7934f1476fe2c6e458c230f491769c34,7400006,Mankey,0.5833333,fighter,RightLittleDistal,0.07137469,1.20709145,0.269315958,0.105705991,0.152085334,-0.943726838,0.274000823
7934f1476fe2c6e458c230f491769c34,7400006,Mankey,0.5833333,fighter,UpperChest,-0.0607606061,1.17725742,-0.0177238081,0.382811069,-0.315354943,-0.6458766,0.5803884
7934f1476fe2c6e458c230f491769c34,7400006,Mankey,0.6,source,AnimatorRoot,0,0,0,0,0,2.74846119E-15,1
7934f1476fe2c6e458c230f491769c34,7400006,Mankey,0.6,source,Hips,-0.05927575,0.7805223,-0.0131834364,-0.06941696,0.347254455,0.0212046374,0.934957743
7934f1476fe2c6e458c230f491769c34,7400006,Mankey,0.6,source,LeftUpperLeg,-0.135266379,0.781380534,0.052214738,-0.473134369,-0.217018113,0.7034465,0.483952522
7934f1476fe2c6e458c230f491769c34,7400006,Mankey,0.6,source,RightUpperLeg,0.0167150181,0.7796643,-0.07858179,0.322697282,-0.133441538,-0.6027811,0.717436254
7934f1476fe2c6e458c230f491769c34,7400006,Mankey,0.6,source,LeftLowerLeg,-0.104005121,0.451043844,0.222036064,-0.361453652,-0.348494917,0.546884954,0.669939935
7934f1476fe2c6e458c230f491769c34,7400006,Mankey,0.6,source,RightLowerLeg,0.105315313,0.425170273,-0.152221248,0.327718437,-0.04719344,-0.7619948,0.5565406
7934f1476fe2c6e458c230f491769c34,7400006,Mankey,0.6,source,LeftFoot,-0.159307629,0.108417422,0.197124586,0.511772156,0.111598283,-0.8249644,-0.2122942
7934f1476fe2c6e458c230f491769c34,7400006,Mankey,0.6,source,RightFoot,0.0476499759,0.119285919,-0.307724833,0.22989434,-0.224030823,-0.2564859,0.9116874
7934f1476fe2c6e458c230f491769c34,7400006,Mankey,0.6,source,Spine,-0.0678866655,0.8774952,-0.0244616438,-0.0185443442,0.342748046,-0.0250514317,0.9389101
7934f1476fe2c6e458c230f491769c34,7400006,Mankey,0.6,source,Chest,-0.0595976077,1.05639446,-0.0312438346,0.104295678,0.274076134,-0.00939663,0.9559896
7934f1476fe2c6e458c230f491769c34,7400006,Mankey,0.6,source,Neck,-0.04375507,1.25457859,0.009116602,0.323534131,0.235399619,-0.01743899,0.916301548
7934f1476fe2c6e458c230f491769c34,7400006,Mankey,0.6,source,Head,-0.0277453475,1.323216,0.0599140935,0.197334558,0.03924846,-0.00384873012,0.9795427
7934f1476fe2c6e458c230f491769c34,7400006,Mankey,0.6,source,LeftShoulder,-0.07164395,1.2105974,0.0171585716,0.102279678,0.351251841,0.00828148,0.9306408
7934f1476fe2c6e458c230f491769c34,7400006,Mankey,0.6,source,RightShoulder,-0.0212660544,1.21292591,-0.0140295709,0.9878523,-0.0608147345,-0.117571667,-0.08140168
7934f1476fe2c6e458c230f491769c34,7400006,Mankey,0.6,source,LeftUpperArm,-0.178586841,1.19820559,0.109756052,0.0588308051,0.375276744,0.463267356,0.8006809
7934f1476fe2c6e458c230f491769c34,7400006,Mankey,0.6,source,RightUpperArm,0.115759775,1.19857562,-0.0484225042,0.856375039,-0.4639247,0.195621848,0.114576913
7934f1476fe2c6e458c230f491769c34,7400006,Mankey,0.6,source,LeftLowerArm,-0.244088754,1.02011776,0.2335645,-0.508122742,0.785101652,0.314585,0.162674189
7934f1476fe2c6e458c230f491769c34,7400006,Mankey,0.6,source,RightLowerArm,0.227464765,1.02870572,0.05157668,0.2054638,-0.190368623,0.8127673,0.5108362
7934f1476fe2c6e458c230f491769c34,7400006,Mankey,0.6,source,LeftHand,-0.142282084,1.18451929,0.369511,-0.421642184,0.8555416,0.2997334,0.0206549224
7934f1476fe2c6e458c230f491769c34,7400006,Mankey,0.6,source,RightHand,0.13440913,1.20649636,0.176498309,0.03922618,-0.120172225,0.8562927,0.500781834
7934f1476fe2c6e458c230f491769c34,7400006,Mankey,0.6,source,LeftToes,-0.101503469,0.03886561,0.316464722,0.523898,-0.00198994135,-0.8509896,-0.03666166
7934f1476fe2c6e458c230f491769c34,7400006,Mankey,0.6,source,RightToes,0.16265519,0.0338349156,-0.264217317,0.3337286,-0.20078826,0.01916002,0.9208377
7934f1476fe2c6e458c230f491769c34,7400006,Mankey,0.6,source,LeftThumbProximal,-0.139909282,1.20128345,0.357299775,-0.330118358,0.715603,-0.604099035,0.118316539
7934f1476fe2c6e458c230f491769c34,7400006,Mankey,0.6,source,LeftThumbIntermediate,-0.106270909,1.22873771,0.347061,-0.12149395,0.8095035,-0.517582059,0.249102771
7934f1476fe2c6e458c230f491769c34,7400006,Mankey,0.6,source,LeftThumbDistal,-0.08088779,1.24237013,0.35538432,0.476840436,0.6927086,-0.165615067,0.515121758
7934f1476fe2c6e458c230f491769c34,7400006,Mankey,0.6,source,LeftIndexProximal,-0.106539786,1.25624752,0.376556516,0.1517932,0.9575171,0.174568,-0.172180772
7934f1476fe2c6e458c230f491769c34,7400006,Mankey,0.6,source,LeftIndexIntermediate,-0.07895462,1.24913812,0.364755243,0.753636956,0.611992,0.0078009814,-0.239660069
7934f1476fe2c6e458c230f491769c34,7400006,Mankey,0.6,source,LeftIndexDistal,-0.08453649,1.228692,0.357965171,0.9672916,-0.0643063,-0.166160986,-0.180561692
7934f1476fe2c6e458c230f491769c34,7400006,Mankey,0.6,source,LeftMiddleProximal,-0.101130128,1.24628389,0.39476195,0.1548198,0.9476713,0.204403386,-0.190183148
7934f1476fe2c6e458c230f491769c34,7400006,Mankey,0.6,source,LeftMiddleIntermediate,-0.07223673,1.2392,0.3808441,0.7431716,0.6115364,0.011437159,-0.2712724
7934f1476fe2c6e458c230f491769c34,7400006,Mankey,0.6,source,LeftMiddleDistal,-0.07774582,1.21944785,0.3732128,0.956498444,-0.0611482076,-0.1942846,-0.208867669
7934f1476fe2c6e458c230f491769c34,7400006,Mankey,0.6,source,LeftRingProximal,-0.09705724,1.23704767,0.409293056,0.238278359,0.9034879,0.240588024,-0.262775
7934f1476fe2c6e458c230f491769c34,7400006,Mankey,0.6,source,LeftRingIntermediate,-0.07361943,1.22752261,0.390830785,0.752900362,0.554155946,-0.00202023424,-0.3550329
7934f1476fe2c6e458c230f491769c34,7400006,Mankey,0.6,source,LeftRingDistal,-0.08102389,1.2114805,0.3833375,0.9256657,-0.04747158,-0.24501881,-0.2843519
7934f1476fe2c6e458c230f491769c34,7400006,Mankey,0.6,source,LeftLittleProximal,-0.09271646,1.22308385,0.420268029,0.2153634,0.895243466,0.27051425,-0.281034023
7934f1476fe2c6e458c230f491769c34,7400006,Mankey,0.6,source,LeftLittleIntermediate,-0.07215222,1.21667385,0.403260022,0.6969272,0.602249146,0.0256684572,-0.3884966
7934f1476fe2c6e458c230f491769c34,7400006,Mankey,0.6,source,LeftLittleDistal,-0.0773437843,1.20110524,0.393690467,0.9056879,0.09420526,-0.2232955,-0.3478424
7934f1476fe2c6e458c230f491769c34,7400006,Mankey,0.6,source,RightThumbProximal,0.13048932,1.21939552,0.16056028,0.152553752,0.749609,0.568411231,0.302856982
7934f1476fe2c6e458c230f491769c34,7400006,Mankey,0.6,source,RightThumbIntermediate,0.09613863,1.24495733,0.148042038,-0.3278887,-0.6538195,-0.669129133,-0.131436363
7934f1476fe2c6e458c230f491769c34,7400006,Mankey,0.6,source,RightThumbDistal,0.0736335,1.26309109,0.1560473,0.679936,0.178717762,0.5855259,-0.403616965
7934f1476fe2c6e458c230f491769c34,7400006,Mankey,0.6,source,RightIndexProximal,0.107307531,1.28184843,0.168786511,0.0102705872,0.0421021059,-0.987334549,0.152618423
7934f1476fe2c6e458c230f491769c34,7400006,Mankey,0.6,source,RightIndexIntermediate,0.07791593,1.27258492,0.167764515,-0.0313331969,-0.0152258035,0.5806445,-0.8134116
7934f1476fe2c6e458c230f491769c34,7400006,Mankey,0.6,source,RightIndexDistal,0.0851579458,1.25158238,0.166403949,0.0322714448,-0.021867726,0.202062279,0.9785968
7934f1476fe2c6e458c230f491769c34,7400006,Mankey,0.6,source,RightMiddleProximal,0.105710641,1.27821457,0.189863324,0.0674611554,0.06316945,-0.972930133,0.211815029
7934f1476fe2c6e458c230f491769c34,7400006,Mankey,0.6,source,RightMiddleIntermediate,0.07611269,1.2649616,0.184672728,-0.08391732,0.0238553844,0.49744606,-0.8630969
7934f1476fe2c6e458c230f491769c34,7400006,Mankey,0.6,source,RightMiddleDistal,0.08714434,1.246085,0.183748677,0.0409102142,-0.0971081853,0.334419638,0.9365149
7934f1476fe2c6e458c230f491769c34,7400006,Mankey,0.6,source,RightRingProximal,0.104570143,1.27406,0.207024127,0.104332261,0.122650191,-0.9429524,0.291397482
7934f1476fe2c6e458c230f491769c34,7400006,Mankey,0.6,source,RightRingIntermediate,0.07925104,1.25764835,0.19862245,-0.157484367,0.02057138,0.40192005,-0.9017961
7934f1476fe2c6e458c230f491769c34,7400006,Mankey,0.6,source,RightRingDistal,0.09222237,1.24361253,0.196904063,0.09651426,-0.1534729,0.440598756,0.8792063
7934f1476fe2c6e458c230f491769c34,7400006,Mankey,0.6,source,RightLittleProximal,0.10192845,1.26447225,0.222366512,0.20978868,0.129635349,-0.9470399,0.205666646
7934f1476fe2c6e458c230f491769c34,7400006,Mankey,0.6,source,RightLittleIntermediate,0.07922117,1.25527728,0.209997892,-0.2398068,0.07694732,0.550801754,-0.795731962
7934f1476fe2c6e458c230f491769c34,7400006,Mankey,0.6,source,RightLittleDistal,0.08647286,1.23791945,0.207308039,0.110912405,-0.254795134,0.2439845,0.9291123
7934f1476fe2c6e458c230f491769c34,7400006,Mankey,0.6,fighter,AnimatorRoot,0,0,0,0,0,0,1
7934f1476fe2c6e458c230f491769c34,7400006,Mankey,0.6,fighter,Hips,-0.0592757463,0.780522168,-0.0131834364,0.253228337,-0.3208473,-0.570382833,0.7124577
7934f1476fe2c6e458c230f491769c34,7400006,Mankey,0.6,fighter,LeftUpperLeg,-0.149743661,0.781150639,0.06756053,0.471586972,0.7010912,0.22788164,0.4838876
7934f1476fe2c6e458c230f491769c34,7400006,Mankey,0.6,fighter,RightUpperLeg,0.0311921556,0.779893756,-0.09392742,0.5990833,0.739388466,0.287760437,0.107694268
7934f1476fe2c6e458c230f491769c34,7400006,Mankey,0.6,fighter,LeftLowerLeg,-0.117936462,0.458462626,0.237200141,0.6694388,0.557988644,0.361024857,0.331906557
7934f1476fe2c6e458c230f491769c34,7400006,Mankey,0.6,fighter,RightLowerLeg,0.125972137,0.4330162,-0.161821038,0.7794846,0.5468716,0.300901234,0.0528568178
7934f1476fe2c6e458c230f491769c34,7400006,Mankey,0.6,fighter,LeftFoot,-0.159307659,0.108417243,0.197124556,0.0393933766,0.888729155,-0.00137344,0.456735671
7934f1476fe2c6e458c230f491769c34,7400006,Mankey,0.6,fighter,RightFoot,0.04764999,0.119285688,-0.3077249,0.08842316,0.957666159,0.04625085,0.270033538
7934f1476fe2c6e458c230f491769c34,7400006,Mankey,0.6,fighter,Spine,-0.06809154,0.824252844,-0.0234013032,0.253296256,-0.330536,-0.6041531,0.6794015
7934f1476fe2c6e458c230f491769c34,7400006,Mankey,0.6,fighter,Chest,-0.07178859,1.06238067,-0.0478034839,0.391325355,-0.2823661,-0.686589837,0.5438096
7934f1476fe2c6e458c230f491769c34,7400006,Mankey,0.6,fighter,Neck,-0.05523326,1.341431,-0.00185477349,0.461566627,-0.34347412,-0.637005568,0.513036251
7934f1476fe2c6e458c230f491769c34,7400006,Mankey,0.6,fighter,Head,-0.0481661148,1.48584878,0.0331992246,0.5671505,-0.373008,-0.610272765,0.408378422
7934f1476fe2c6e458c230f491769c34,7400006,Mankey,0.6,fighter,LeftShoulder,-0.0274317022,1.28948331,0.09468082,0.70006144,0.0437699258,-0.243885636,0.6697152
7934f1476fe2c6e458c230f491769c34,7400006,Mankey,0.6,fighter,RightShoulder,0.0233475473,1.29176068,0.0625544,-0.115944326,-0.6050924,-0.740122437,0.269516349
7934f1476fe2c6e458c230f491769c34,7400006,Mankey,0.6,fighter,LeftUpperArm,-0.2136176,1.34581065,0.179600522,0.7042577,0.448946118,0.104039282,0.5400415
7934f1476fe2c6e458c230f491769c34,7400006,Mankey,0.6,fighter,RightUpperArm,0.199054375,1.34665608,-0.0431005768,0.186452568,0.678423166,0.5617715,0.435190439
7934f1476fe2c6e458c230f491769c34,7400006,Mankey,0.6,fighter,LeftLowerArm,-0.375749052,1.13591349,0.2749662,-0.0113622118,0.891832352,-0.399602383,0.21171838
7934f1476fe2c6e458c230f491769c34,7400006,Mankey,0.6,fighter,RightLowerArm,0.354546845,1.137541,0.0642825738,-0.461003959,0.265966415,-0.01392648,0.8464892
7934f1476fe2c6e458c230f491769c34,7400006,Mankey,0.6,fighter,LeftHand,-0.142282337,1.18451929,0.369511217,0.4271137,-0.8120903,-0.336349577,-0.2120214
7934f1476fe2c6e458c230f491769c34,7400006,Mankey,0.6,fighter,RightHand,0.134409115,1.20649612,0.1764982,0.172990471,0.218922049,-0.536103666,0.7967065
7934f1476fe2c6e458c230f491769c34,7400006,Mankey,0.6,fighter,LeftToes,0.0074382294,0.114139207,0.4230349,0.138392583,0.852232158,0.05785115,0.501200259
7934f1476fe2c6e458c230f491769c34,7400006,Mankey,0.6,fighter,RightToes,0.283985883,0.08945486,-0.15897122,0.1586721,0.9621309,0.0595303774,0.2135038
7934f1476fe2c6e458c230f491769c34,7400006,Mankey,0.6,fighter,LeftEye,-0.162685275,1.52994454,0.255081654,0.4358221,-0.347020745,-0.499141276,-0.663697362
7934f1476fe2c6e458c230f491769c34,7400006,Mankey,0.6,fighter,RightEye,0.099170655,1.53203142,0.2344897,0.2801505,-0.478375375,-0.7080062,-0.4374936
7934f1476fe2c6e458c230f491769c34,7400006,Mankey,0.6,fighter,Jaw,-0.03630923,1.32809269,0.167946413,0.6644483,0.138935387,-0.719937444,-0.144555211
7934f1476fe2c6e458c230f491769c34,7400006,Mankey,0.6,fighter,LeftThumbProximal,-0.100390747,1.24476612,0.366672158,0.215074569,-0.9372501,-0.2694131,0.05217573
7934f1476fe2c6e458c230f491769c34,7400006,Mankey,0.6,fighter,LeftThumbIntermediate,-0.0598792545,1.26413476,0.3674842,0.173234656,-0.9096493,-0.312154472,-0.212340236
7934f1476fe2c6e458c230f491769c34,7400006,Mankey,0.6,fighter,LeftThumbDistal,-0.0269380324,1.27121282,0.386651129,-0.03486706,-0.519127131,-0.3370357,-0.7846649
7934f1476fe2c6e458c230f491769c34,7400006,Mankey,0.6,fighter,LeftMiddleProximal,-0.0717907,1.29031992,0.412765235,-0.221212924,-0.9431433,-0.222953632,0.108801454
7934f1476fe2c6e458c230f491769c34,7400006,Mankey,0.6,fighter,LeftMiddleIntermediate,-0.0185128748,1.26795483,0.3943354,-0.793252349,-0.529527,-0.189623028,0.233228862
7934f1476fe2c6e458c230f491769c34,7400006,Mankey,0.6,fighter,LeftMiddleDistal,-0.0381041579,1.227862,0.365113437,-0.9576109,0.126356468,-0.0268445462,0.257478744
7934f1476fe2c6e458c230f491769c34,7400006,Mankey,0.6,fighter,LeftRingProximal,-0.061620824,1.25799334,0.456311166,-0.285034657,-0.891594768,-0.298364878,0.186529338
7934f1476fe2c6e458c230f491769c34,7400006,Mankey,0.6,fighter,LeftRingIntermediate,-0.02065964,1.23681962,0.4294969,-0.790006161,-0.48366338,-0.173878759,0.334255576
7934f1476fe2c6e458c230f491769c34,7400006,Mankey,0.6,fighter,LeftRingDistal,-0.046460636,1.20137584,0.396782,-0.933555543,0.0865587145,0.06538416,0.3416244
7934f1476fe2c6e458c230f491769c34,7400006,Mankey,0.6,fighter,LeftLittleProximal,-0.0685861,1.20699286,0.487484574,-0.253296971,-0.8923603,-0.314664185,0.201297015
7934f1476fe2c6e458c230f491769c34,7400006,Mankey,0.6,fighter,LeftLittleIntermediate,-0.0264133625,1.18963706,0.4598188,-0.7439394,-0.5327501,-0.217909768,0.339481
7934f1476fe2c6e458c230f491769c34,7400006,Mankey,0.6,fighter,LeftLittleDistal,-0.0450790748,1.1539681,0.421869159,-0.9294889,-0.03710725,0.03487444,0.365318477
7934f1476fe2c6e458c230f491769c34,7400006,Mankey,0.6,fighter,RightThumbProximal,0.0980401859,1.26912642,0.164359078,-0.08101475,0.03225556,0.237358257,-0.967501
7934f1476fe2c6e458c230f491769c34,7400006,Mankey,0.6,fighter,RightThumbIntermediate,0.05828341,1.28998816,0.163283214,0.1314715,0.235951379,-0.264148772,0.925887764
7934f1476fe2c6e458c230f491769c34,7400006,Mankey,0.6,fighter,RightThumbDistal,0.0292457771,1.30654418,0.18291223,-0.268411249,-0.8307359,0.143148869,-0.466200233
7934f1476fe2c6e458c230f491769c34,7400006,Mankey,0.6,fighter,RightMiddleProximal,0.0852489248,1.329349,0.199392214,-0.08577522,-0.00378192961,-0.275141358,-0.957562745
7934f1476fe2c6e458c230f491769c34,7400006,Mankey,0.6,fighter,RightMiddleIntermediate,0.0337840356,1.29735172,0.196968913,0.134823456,-0.04920976,0.89230907,0.428002656
7934f1476fe2c6e458c230f491769c34,7400006,Mankey,0.6,fighter,RightMiddleDistal,0.06564252,1.257317,0.181888029,-0.08763984,0.08751398,-0.9218865,0.3671332
7934f1476fe2c6e458c230f491769c34,7400006,Mankey,0.6,fighter,RightRingProximal,0.08342768,1.31218183,0.2518009,-0.196169108,0.0278052837,-0.340417564,-0.919163465
7934f1476fe2c6e458c230f491769c34,7400006,Mankey,0.6,fighter,RightRingIntermediate,0.04253242,1.27938342,0.241950437,0.13430807,-0.138256013,0.9208993,0.3388099
7934f1476fe2c6e458c230f491769c34,7400006,Mankey,0.6,fighter,RightRingDistal,0.08270165,1.24728,0.223294586,0.02698204,0.161680311,-0.872674763,0.459969044
7934f1476fe2c6e458c230f491769c34,7400006,Mankey,0.6,fighter,RightLittleProximal,0.09366694,1.27132678,0.294782251,-0.173424259,0.128304645,-0.239968091,-0.946508348
7934f1476fe2c6e458c230f491769c34,7400006,Mankey,0.6,fighter,RightLittleIntermediate,0.04822602,1.24946988,0.277387261,0.108080573,-0.1796388,0.8365181,0.506248057
7934f1476fe2c6e458c230f491769c34,7400006,Mankey,0.6,fighter,RightLittleDistal,0.07390068,1.20475924,0.257320523,0.103844434,0.156917945,-0.9421736,0.277314276
7934f1476fe2c6e458c230f491769c34,7400006,Mankey,0.6,fighter,UpperChest,-0.059573058,1.17796934,-0.0203016847,0.373371243,-0.3057124,-0.652136743,0.5846811
7934f1476fe2c6e458c230f491769c34,7400006,Mankey,0.6166667,source,AnimatorRoot,0,0,0,0,0,2.82078912E-15,1
7934f1476fe2c6e458c230f491769c34,7400006,Mankey,0.6166667,source,Hips,-0.0584453419,0.7816316,-0.0144784721,-0.07103125,0.355471432,0.0229946673,0.9317006
7934f1476fe2c6e458c230f491769c34,7400006,Mankey,0.6166667,source,LeftUpperLeg,-0.133262247,0.7823987,0.0522604138,-0.46843335,-0.213729456,0.7035055,0.489867568
7934f1476fe2c6e458c230f491769c34,7400006,Mankey,0.6166667,source,RightUpperLeg,0.0163716991,0.780864656,-0.0812175348,0.317160666,-0.127750039,-0.6042658,0.7196887
7934f1476fe2c6e458c230f491769c34,7400006,Mankey,0.6166667,source,LeftLowerLeg,-0.102995269,0.4508476,0.219881088,-0.362023622,-0.3429633,0.5486216,0.671066165
7934f1476fe2c6e458c230f491769c34,7400006,Mankey,0.6166667,source,RightLowerLeg,0.104744188,0.426458359,-0.1555496,0.322702646,-0.0470557846,-0.76104635,0.5607651
7934f1476fe2c6e458c230f491769c34,7400006,Mankey,0.6166667,source,LeftFoot,-0.159635633,0.108236857,0.1979341,0.509969,0.112508334,-0.825428665,-0.214339778
7934f1476fe2c6e458c230f491769c34,7400006,Mankey,0.6166667,source,RightFoot,0.0480931848,0.118899629,-0.308095366,0.229855582,-0.222671,-0.255252421,0.912376344
7934f1476fe2c6e458c230f491769c34,7400006,Mankey,0.6166667,source,Spine,-0.0675938949,0.8785445,-0.0258482937,-0.0183730256,0.3506618,-0.0259046685,0.935963631
7934f1476fe2c6e458c230f491769c34,7400006,Mankey,0.6166667,source,Chest,-0.05903366,1.05742562,-0.032768067,0.104756132,0.2871497,-0.0107137123,0.95208025
7934f1476fe2c6e458c230f491769c34,7400006,Mankey,0.6166667,source,Neck,-0.04206455,1.25555873,0.00738441851,0.322863817,0.243560076,-0.0233091712,0.914272666
7934f1476fe2c6e458c230f491769c34,7400006,Mankey,0.6166667,source,Head,-0.0246980637,1.32422984,0.0576882176,0.198787868,0.0379008278,-0.007095058,0.9792839
7934f1476fe2c6e458c230f491769c34,7400006,Mankey,0.6166667,source,LeftShoulder,-0.06972848,1.21157074,0.0161340423,0.10328532,0.361590236,0.007334878,0.9265696
7934f1476fe2c6e458c230f491769c34,7400006,Mankey,0.6166667,source,RightShoulder,-0.0202238243,1.21393216,-0.0164200328,0.9856099,-0.06057043,-0.134953558,-0.08180656
7934f1476fe2c6e458c230f491769c34,7400006,Mankey,0.6166667,source,LeftUpperArm,-0.174582541,1.199034,0.111071274,0.0647799447,0.381385773,0.469874322,0.793452442
7934f1476fe2c6e458c230f491769c34,7400006,Mankey,0.6166667,source,RightUpperArm,0.115563788,1.20010638,-0.0556049049,0.856005549,-0.469815046,0.18215853,0.115529522
7934f1476fe2c6e458c230f491769c34,7400006,Mankey,0.6166667,source,LeftLowerArm,-0.2351962,1.018897,0.234404221,-0.511953354,0.780595064,0.3219466,0.1578795
7934f1476fe2c6e458c230f491769c34,7400006,Mankey,0.6166667,source,RightLowerArm,0.227081329,1.027409,0.0396477953,0.208698571,-0.190761372,0.8102559,0.5133624
7934f1476fe2c6e458c230f491769c34,7400006,Mankey,0.6166667,source,LeftHand,-0.13451013,1.18379307,0.370586127,-0.425619036,0.8528827,0.302148223,0.0121135479
7934f1476fe2c6e458c230f491769c34,7400006,Mankey,0.6166667,source,RightHand,0.135882139,1.20523083,0.165887192,0.04419679,-0.122961976,0.8586973,0.4955466
7934f1476fe2c6e458c230f491769c34,7400006,Mankey,0.6166667,source,LeftToes,-0.101541035,0.0380713,0.316772819,0.522316337,-0.00155376759,-0.8519661,-0.03657664
7934f1476fe2c6e458c230f491769c34,7400006,Mankey,0.6166667,source,RightToes,0.163469419,0.03382899,-0.264825344,0.333960176,-0.199218065,0.0202885345,0.921070933
7934f1476fe2c6e458c230f491769c34,7400006,Mankey,0.6166667,source,LeftThumbProximal,-0.132550016,1.200568,0.35831672,-0.333652824,0.713868737,-0.605037749,0.11400523
7934f1476fe2c6e458c230f491769c34,7400006,Mankey,0.6166667,source,LeftThumbIntermediate,-0.09903154,1.22797334,0.3475667,-0.120886266,0.809409,-0.5184838,0.2478282
7934f1476fe2c6e458c230f491769c34,7400006,Mankey,0.6166667,source,LeftThumbDistal,-0.07360159,1.24154961,0.355839044,0.491020054,0.6824457,-0.15686281,0.5182297
7934f1476fe2c6e458c230f491769c34,7400006,Mankey,0.6166667,source,LeftIndexProximal,-0.0996996462,1.25603569,0.377014071,0.165238157,0.954122543,0.16671443,-0.185884908
7934f1476fe2c6e458c230f491769c34,7400006,Mankey,0.6166667,source,LeftIndexIntermediate,-0.07267989,1.24822438,0.3643778,0.773619235,0.584488153,-0.0124913808,-0.244400471
7934f1476fe2c6e458c230f491769c34,7400006,Mankey,0.6166667,source,LeftIndexDistal,-0.07972226,1.227962,0.3584496,0.9607421,-0.117973529,-0.187839285,-0.16665563
7934f1476fe2c6e458c230f491769c34,7400006,Mankey,0.6166667,source,LeftMiddleProximal,-0.0938912854,1.24618185,0.395156384,0.16840069,0.9438542,0.196994126,-0.2048757
7934f1476fe2c6e458c230f491769c34,7400006,Mankey,0.6166667,source,LeftMiddleIntermediate,-0.06566745,1.23839223,0.380274832,0.762843132,0.5839878,-0.00980377849,-0.277369261
7934f1476fe2c6e458c230f491769c34,7400006,Mankey,0.6166667,source,LeftMiddleDistal,-0.07261933,1.21877873,0.373514,0.9493907,-0.114785053,-0.218021855,-0.19480437
7934f1476fe2c6e458c230f491769c34,7400006,Mankey,0.6166667,source,LeftRingProximal,-0.08948178,1.23703,0.409642518,0.252329618,0.8968403,0.232106432,-0.279525429
7934f1476fe2c6e458c230f491769c34,7400006,Mankey,0.6166667,source,LeftRingIntermediate,-0.0670447052,1.22691882,0.390270948,0.769858956,0.5246109,-0.0264555477,-0.362493217
7934f1476fe2c6e458c230f491769c34,7400006,Mankey,0.6166667,source,LeftRingDistal,-0.0756459,1.21104825,0.3837534,0.9179014,-0.0991586149,-0.27336356,-0.2699957
7934f1476fe2c6e458c230f491769c34,7400006,Mankey,0.6166667,source,LeftLittleProximal,-0.08478726,1.2231487,0.420576245,0.229149058,0.888324,0.262572885,-0.2990439
7934f1476fe2c6e458c230f491769c34,7400006,Mankey,0.6166667,source,LeftLittleIntermediate,-0.06513284,1.21628523,0.40269205,0.714176357,0.575211048,0.00140722247,-0.3988525
7934f1476fe2c6e458c230f491769c34,7400006,Mankey,0.6166667,source,LeftLittleDistal,-0.0715589747,1.2006979,0.3939368,0.904754043,0.0457133763,-0.254345834,-0.3385844
7934f1476fe2c6e458c230f491769c34,7400006,Mankey,0.6166667,source,RightThumbProximal,0.13173461,1.21823215,0.15009059,0.150586024,0.748448253,0.573531032,0.29700473
7934f1476fe2c6e458c230f491769c34,7400006,Mankey,0.6166667,source,RightThumbIntermediate,0.0970175043,1.24348581,0.1379635,-0.325900018,-0.6528957,-0.6723533,-0.12433175
7934f1476fe2c6e458c230f491769c34,7400006,Mankey,0.6166667,source,RightThumbDistal,0.07432532,1.26126254,0.146237418,0.678125739,0.179241166,0.5824192,-0.410861045
7934f1476fe2c6e458c230f491769c34,7400006,Mankey,0.6166667,source,RightIndexProximal,0.107820429,1.2803123,0.159014523,0.008633231,0.0472239368,-0.9861802,0.158571
7934f1476fe2c6e458c230f491769c34,7400006,Mankey,0.6166667,source,RightIndexIntermediate,0.07854107,1.270696,0.158027321,-0.0338979,-0.0199399665,0.5755967,-0.8167877
7934f1476fe2c6e458c230f491769c34,7400006,Mankey,0.6166667,source,RightIndexDistal,0.0860355943,1.24979854,0.156434357,0.0375289172,-0.02054647,0.2079247,0.9772091
7934f1476fe2c6e458c230f491769c34,7400006,Mankey,0.6166667,source,RightMiddleProximal,0.106359787,1.27645755,0.180061936,0.066006355,0.06870106,-0.971431732,0.217357457
7934f1476fe2c6e458c230f491769c34,7400006,Mankey,0.6166667,source,RightMiddleIntermediate,0.07690521,1.26288974,0.174868926,-0.08713756,0.0191079341,0.492393821,-0.8657893
7934f1476fe2c6e458c230f491769c34,7400006,Mankey,0.6166667,source,RightMiddleDistal,0.08816471,1.24416065,0.173717,0.04671287,-0.0964554846,0.33963868,0.93443054
7934f1476fe2c6e458c230f491769c34,7400006,Mankey,0.6166667,source,RightRingProximal,0.105344869,1.27212524,0.197186664,0.102954544,0.128433809,-0.9407571,0.296448529
7934f1476fe2c6e458c230f491769c34,7400006,Mankey,0.6166667,source,RightRingIntermediate,0.0801938847,1.25548279,0.188734278,-0.161071509,0.015745163,0.3967734,-0.9035374
7934f1476fe2c6e458c230f491769c34,7400006,Mankey,0.6166667,source,RightRingDistal,0.09332982,1.24162543,0.186826423,0.102615185,-0.15310666,0.4450715,0.87632215
7934f1476fe2c6e458c230f491769c34,7400006,Mankey,0.6166667,source,RightLittleProximal,0.10288807,1.26235938,0.212447166,0.207944781,0.135906458,-0.9455657,0.210225284
7934f1476fe2c6e458c230f491769c34,7400006,Mankey,0.6166667,source,RightLittleIntermediate,0.08024257,1.25300276,0.2000865,-0.242912859,0.0711237043,0.546751261,-0.79812187
7934f1476fe2c6e458c230f491769c34,7400006,Mankey,0.6166667,source,RightLittleDistal,0.0876959562,1.23576248,0.19719933,0.117457904,-0.253287256,0.248255417,0.9275879
7934f1476fe2c6e458c230f491769c34,7400006,Mankey,0.6166667,fighter,AnimatorRoot,0,0,0,0,0,0,1
7934f1476fe2c6e458c230f491769c34,7400006,Mankey,0.6166667,fighter,Hips,-0.05844534,0.7816315,-0.0144784711,0.247798383,-0.315095127,-0.5708101,0.716580033
7934f1476fe2c6e458c230f491769c34,7400006,Mankey,0.6166667,fighter,LeftUpperLeg,-0.147508934,0.782187462,0.06781246,0.477010816,0.701138139,0.225088537,0.479793072
7934f1476fe2c6e458c230f491769c34,7400006,Mankey,0.6166667,fighter,RightUpperLeg,0.0306182224,0.7810756,-0.09676942,0.600049555,0.741481543,0.282368869,0.10204725
7934f1476fe2c6e458c230f491769c34,7400006,Mankey,0.6166667,fighter,LeftLowerLeg,-0.116579413,0.4583637,0.235438123,0.670620859,0.5588363,0.356394649,0.333095968
7934f1476fe2c6e458c230f491769c34,7400006,Mankey,0.6166667,fighter,RightLowerLeg,0.125417039,0.434348047,-0.1653983,0.7785821,0.5509701,0.295717776,0.05284907
7934f1476fe2c6e458c230f491769c34,7400006,Mankey,0.6166667,fighter,LeftFoot,-0.159635663,0.108236708,0.197934076,0.0411822721,0.8894958,2.77906656E-05,0.4550842
7934f1476fe2c6e458c230f491769c34,7400006,Mankey,0.6166667,fighter,RightFoot,0.0480932035,0.118899748,-0.308095336,0.08690478,0.9581144,0.0464689881,0.2688965
7934f1476fe2c6e458c230f491769c34,7400006,Mankey,0.6166667,fighter,Spine,-0.06759117,0.8253,-0.02467201,0.247939661,-0.325453579,-0.60680753,0.681462169
7934f1476fe2c6e458c230f491769c34,7400006,Mankey,0.6166667,fighter,Chest,-0.07118505,1.06342506,-0.0491171628,0.382498384,-0.2747118,-0.691789746,0.547408044
7934f1476fe2c6e458c230f491769c34,7400006,Mankey,0.6166667,fighter,Neck,-0.05349332,1.34243309,-0.00333548756,0.457131326,-0.3399515,-0.6411145,0.5142338
7934f1476fe2c6e458c230f491769c34,7400006,Mankey,0.6166667,fighter,Head,-0.04557987,1.486774,0.03185335,0.5667992,-0.374449074,-0.611817062,0.405224323
7934f1476fe2c6e458c230f491769c34,7400006,Mankey,0.6166667,fighter,LeftShoulder,-0.0231245477,1.29039478,0.09237431,0.6974278,0.0515105873,-0.250961721,0.6692978
7934f1476fe2c6e458c230f491769c34,7400006,Mankey,0.6166667,fighter,RightShoulder,0.0267833639,1.29272068,0.058913637,-0.127145082,-0.6000911,-0.737979054,0.281268239
7934f1476fe2c6e458c230f491769c34,7400006,Mankey,0.6166667,fighter,LeftUpperArm,-0.207510963,1.34644663,0.181307748,0.7075936,0.4537847,0.107963353,0.530786753
7934f1476fe2c6e458c230f491769c34,7400006,Mankey,0.6166667,fighter,RightUpperArm,0.198586687,1.348445,-0.0525662154,0.2003228,0.678897262,0.560117245,0.430393577
7934f1476fe2c6e458c230f491769c34,7400006,Mankey,0.6166667,fighter,LeftLowerArm,-0.366711259,1.1331439,0.274018317,-0.0153297521,0.8941005,-0.3913616,0.217223138
7934f1476fe2c6e458c230f491769c34,7400006,Mankey,0.6166667,fighter,RightLowerArm,0.3533956,1.13589251,0.0488921069,-0.455367237,0.2755285,-0.0114349388,0.846519
7934f1476fe2c6e458c230f491769c34,7400006,Mankey,0.6166667,fighter,LeftHand,-0.134510234,1.18379331,0.370586216,0.430677831,-0.8107791,-0.340201765,-0.2035121
7934f1476fe2c6e458c230f491769c34,7400006,Mankey,0.6166667,fighter,RightHand,0.1358821,1.20523071,0.165887028,0.174307466,0.224254966,-0.530486345,0.7986936
7934f1476fe2c6e458c230f491769c34,7400006,Mankey,0.6166667,fighter,LeftToes,0.007913906,0.112689868,0.423277646,0.1384084,0.853177547,0.05809273,0.499556959
7934f1476fe2c6e458c230f491769c34,7400006,Mankey,0.6166667,fighter,RightToes,0.284856379,0.08986437,-0.159864709,0.157167926,0.962630153,0.0595784336,0.212348983
7934f1476fe2c6e458c230f491769c34,7400006,Mankey,0.6166667,fighter,LeftEye,-0.160088733,1.53107691,0.253699869,0.434049129,-0.3474276,-0.496983647,-0.666260362
7934f1476fe2c6e458c230f491769c34,7400006,Mankey,0.6166667,fighter,RightEye,0.101803184,1.53138328,0.233464569,0.278363049,-0.478108048,-0.706920862,-0.440669775
7934f1476fe2c6e458c230f491769c34,7400006,Mankey,0.6166667,fighter,Jaw,-0.035011556,1.32857835,0.166191667,0.6652221,0.13767,-0.7187907,-0.147874534
7934f1476fe2c6e458c230f491769c34,7400006,Mankey,0.6166667,fighter,LeftThumbProximal,-0.0935274363,1.244626,0.367061138,0.212151572,-0.9371383,-0.2708628,0.0582847744
7934f1476fe2c6e458c230f491769c34,7400006,Mankey,0.6166667,fighter,LeftThumbIntermediate,-0.0529643856,1.26390183,0.367316455,0.169596285,-0.910058,-0.3134796,-0.211571276
7934f1476fe2c6e458c230f491769c34,7400006,Mankey,0.6166667,fighter,LeftThumbDistal,-0.0199011024,1.27072549,0.386365175,-0.0440608226,-0.5043424,-0.333634526,-0.7952269
7934f1476fe2c6e458c230f491769c34,7400006,Mankey,0.6166667,fighter,LeftMiddleProximal,-0.06493145,1.290663,0.412674069,-0.232806444,-0.939755559,-0.214384556,0.129229575
7934f1476fe2c6e458c230f491769c34,7400006,Mankey,0.6166667,fighter,LeftMiddleIntermediate,-0.0128820613,1.26748562,0.391888857,-0.812431157,-0.501134336,-0.168757871,0.245644361
7934f1476fe2c6e458c230f491769c34,7400006,Mankey,0.6166667,fighter,LeftMiddleDistal,-0.0363927819,1.2284745,0.36413005,-0.9509797,0.179004759,0.00439911336,0.25214234
7934f1476fe2c6e458c230f491769c34,7400006,Mankey,0.6166667,fighter,LeftRingProximal,-0.0536860935,1.25856078,0.4561215,-0.2968039,-0.885119736,-0.2913859,0.208722949
7934f1476fe2c6e458c230f491769c34,7400006,Mankey,0.6166667,fighter,LeftRingIntermediate,-0.0143913794,1.23702335,0.427186668,-0.8064534,-0.45370096,-0.150281,0.348144531
7934f1476fe2c6e458c230f491769c34,7400006,Mankey,0.6166667,fighter,LeftRingDistal,-0.0441018231,1.2027185,0.396647066,-0.926071167,0.13691926,0.101095386,0.336786836
7934f1476fe2c6e458c230f491769c34,7400006,Mankey,0.6166667,fighter,LeftLittleProximal,-0.05948091,1.20752048,0.487468749,-0.264088362,-0.885882258,-0.308220267,0.224657416
7934f1476fe2c6e458c230f491769c34,7400006,Mankey,0.6166667,fighter,LeftLittleIntermediate,-0.01896529,1.18994963,0.457553864,-0.761368036,-0.5059136,-0.194893226,0.355510682
7934f1476fe2c6e458c230f491769c34,7400006,Mankey,0.6166667,fighter,LeftLittleDistal,-0.0417666957,1.15499532,0.4212337,-0.9279811,0.009307153,0.07202498,0.365483
7934f1476fe2c6e458c230f491769c34,7400006,Mankey,0.6166667,fighter,RightThumbProximal,0.0986915454,1.26751935,0.154504,-0.08554615,0.0282209218,0.231151134,-0.9687389
7934f1476fe2c6e458c230f491769c34,7400006,Mankey,0.6166667,fighter,RightThumbIntermediate,0.0586515665,1.28784966,0.153824523,0.133994773,0.240368873,-0.2566983,0.9264851
7934f1476fe2c6e458c230f491769c34,7400006,Mankey,0.6166667,fighter,RightThumbDistal,0.0294762552,1.30379069,0.1737561,-0.2646372,-0.8344073,0.136173069,-0.463884771
7934f1476fe2c6e458c230f491769c34,7400006,Mankey,0.6166667,fighter,RightMiddleProximal,0.08531058,1.32724142,0.190168083,-0.0909436345,-0.004634857,-0.281470418,-0.9552394
7934f1476fe2c6e458c230f491769c34,7400006,Mankey,0.6166667,fighter,RightMiddleIntermediate,0.0342738666,1.29457653,0.1876002,0.139431149,-0.0522941723,0.894624233,0.42127502
7934f1476fe2c6e458c230f491769c34,7400006,Mankey,0.6166667,fighter,RightMiddleDistal,0.06660715,1.25514817,0.171943054,-0.08818641,0.09278923,-0.918679535,0.373687118
7934f1476fe2c6e458c230f491769c34,7400006,Mankey,0.6166667,fighter,RightRingProximal,0.08392816,1.30955255,0.2424165,-0.2015028,0.0266920924,-0.346055627,-0.9159312
7934f1476fe2c6e458c230f491769c34,7400006,Mankey,0.6166667,fighter,RightRingIntermediate,0.04343934,1.27631247,0.232369468,0.139087409,-0.141654044,0.9221252,0.332075953
7934f1476fe2c6e458c230f491769c34,7400006,Mankey,0.6166667,fighter,RightRingDistal,0.0839598551,1.2449671,0.213191912,0.0265203714,0.1676338,-0.868673,0.4654068
7934f1476fe2c6e458c230f491769c34,7400006,Mankey,0.6166667,fighter,RightLittleProximal,0.0948564261,1.26841819,0.284959525,-0.1792281,0.126687348,-0.245197028,-0.9443021
7934f1476fe2c6e458c230f491769c34,7400006,Mankey,0.6166667,fighter,RightLittleIntermediate,0.04964218,1.24613976,0.267509133,0.1138406,-0.182528824,0.8386838,0.5003338
7934f1476fe2c6e458c230f491769c34,7400006,Mankey,0.6166667,fighter,RightLittleDistal,0.07583406,1.20200717,0.246839508,0.102387145,0.16344595,-0.939596355,0.282775
7934f1476fe2c6e458c230f491769c34,7400006,Mankey,0.6166667,fighter,UpperChest,-0.05827587,1.178989,-0.0218297746,0.3650276,-0.29753387,-0.6571076,0.5885901
7934f1476fe2c6e458c230f491769c34,7400006,Mankey,0.6333333,source,AnimatorRoot,0,0,0,0,0,2.893117E-15,1
7934f1476fe2c6e458c230f491769c34,7400006,Mankey,0.6333333,source,Hips,-0.05740501,0.7829963,-0.0162155069,-0.07226907,0.362845421,0.0243265964,0.92872417
7934f1476fe2c6e458c230f491769c34,7400006,Mankey,0.6333333,source,LeftUpperLeg,-0.131147146,0.7837241,0.0517094769,-0.4645816,-0.211644545,0.702381968,0.4960144
7934f1476fe2c6e458c230f491769c34,7400006,Mankey,0.6333333,source,RightUpperLeg,0.0163372457,0.782268643,-0.08414067,0.314821243,-0.127308726,-0.6065803,0.7188467
7934f1476fe2c6e458c230f491769c34,7400006,Mankey,0.6333333,source,LeftLowerLeg,-0.102718785,0.450700551,0.216712534,-0.3629293,-0.338132024,0.5508653,0.6711905
7934f1476fe2c6e458c230f491769c34,7400006,Mankey,0.6333333,source,RightLowerLeg,0.102704465,0.4273277,-0.158278719,0.322771817,-0.0496365465,-0.7588793,0.5634333
7934f1476fe2c6e458c230f491769c34,7400006,Mankey,0.6333333,source,LeftFoot,-0.159932286,0.107998438,0.19790493,0.507583737,0.113607056,-0.826183558,-0.216502
7934f1476fe2c6e458c230f491769c34,7400006,Mankey,0.6333333,source,RightFoot,0.0481719151,0.118623592,-0.30927512,0.23019442,-0.221955,-0.254816025,0.9125873
7934f1476fe2c6e458c230f491769c34,7400006,Mankey,0.6333333,source,Spine,-0.06697333,0.8798621,-0.02764125,-0.0181455929,0.357805163,-0.0264058039,0.9332465
7934f1476fe2c6e458c230f491769c34,7400006,Mankey,0.6333333,source,Chest,-0.0582506545,1.05873263,-0.0346311629,0.1047768,0.298062384,-0.0115493527,0.948708236
7934f1476fe2c6e458c230f491769c34,7400006,Mankey,0.6333333,source,Neck,-0.0404868722,1.25685644,0.005222782,0.321862757,0.249820769,-0.0291804466,0.912766337
7934f1476fe2c6e458c230f491769c34,7400006,Mankey,0.6333333,source,Head,-0.0218875185,1.32558608,0.05500311,0.200417563,0.0357796773,-0.008843408,0.9790172
7934f1476fe2c6e458c230f491769c34,7400006,Mankey,0.6333333,source,LeftShoulder,-0.06791664,1.212847,0.0145810181,0.103740528,0.370611519,0.00686583063,0.922950566
7934f1476fe2c6e458c230f491769c34,7400006,Mankey,0.6333333,source,RightShoulder,-0.019171536,1.215255,-0.0190964323,0.983211637,-0.0598045178,-0.151608378,-0.0820578262
7934f1476fe2c6e458c230f491769c34,7400006,Mankey,0.6333333,source,LeftUpperArm,-0.17089659,1.20012808,0.111524209,0.06976684,0.386467546,0.475961238,0.786915839
7934f1476fe2c6e458c230f491769c34,7400006,Mankey,0.6333333,source,RightUpperArm,0.1152868,1.202082,-0.0628264844,0.8547866,-0.4766719,0.169159546,0.116228931
7934f1476fe2c6e458c230f491769c34,7400006,Mankey,0.6333333,source,LeftLowerArm,-0.227133229,1.01819,0.23428534,-0.5154144,0.777009,0.3266648,0.154580578
7934f1476fe2c6e458c230f491769c34,7400006,Mankey,0.6333333,source,RightLowerArm,0.225932837,1.02636123,0.0278006271,0.211607158,-0.19272393,0.8067993,0.516870558
7934f1476fe2c6e458c230f491769c34,7400006,Mankey,0.6333333,source,LeftHand,-0.127640933,1.1836468,0.3706642,-0.429128975,0.8517372,0.3005879,0.00624505337
7934f1476fe2c6e458c230f491769c34,7400006,Mankey,0.6333333,source,RightHand,0.1370203,1.20422375,0.155604452,0.0481438674,-0.128266066,0.8615846,0.488776773
7934f1476fe2c6e458c230f491769c34,7400006,Mankey,0.6333333,source,LeftToes,-0.101389863,0.0371626876,0.3161247,0.5202105,-0.0007963024,-0.8532554,-0.03655339
7934f1476fe2c6e458c230f491769c34,7400006,Mankey,0.6333333,source,RightToes,0.1637101,0.03368295,-0.266182423,0.334427118,-0.198520958,0.0206856113,0.921043038
7934f1476fe2c6e458c230f491769c34,7400006,Mankey,0.6333333,source,LeftThumbProximal,-0.125936612,1.200354,0.358264774,-0.334337264,0.710574865,-0.60914886,0.1106339
7934f1476fe2c6e458c230f491769c34,7400006,Mankey,0.6333333,source,LeftThumbIntermediate,-0.0923914239,1.22756338,0.347108,-0.118327618,0.8071642,-0.522332668,0.2483014
7934f1476fe2c6e458c230f491769c34,7400006,Mankey,0.6333333,source,LeftThumbDistal,-0.066938825,1.24107134,0.355422139,0.503730536,0.669953942,-0.149672344,0.524419546
7934f1476fe2c6e458c230f491769c34,7400006,Mankey,0.6333333,source,LeftIndexProximal,-0.0935493261,1.25629294,0.3763564,0.178785861,0.9515574,0.157321334,-0.19448553
7934f1476fe2c6e458c230f491769c34,7400006,Mankey,0.6333333,source,LeftIndexIntermediate,-0.0670188,1.24768853,0.363209039,0.792470038,0.558284044,-0.03007625,-0.243733466
7934f1476fe2c6e458c230f491769c34,7400006,Mankey,0.6333333,source,LeftIndexDistal,-0.07536077,1.22766972,0.358213216,0.9528635,-0.1680041,-0.202977329,-0.150419325
7934f1476fe2c6e458c230f491769c34,7400006,Mankey,0.6333333,source,LeftMiddleProximal,-0.08752024,1.24662912,0.394528747,0.181999013,0.9410417,0.1880579,-0.214361623
7934f1476fe2c6e458c230f491769c34,7400006,Mankey,0.6333333,source,LeftMiddleIntermediate,-0.05987062,1.23802686,0.379029661,0.7814905,0.5578713,-0.0283088926,-0.27794078
7934f1476fe2c6e458c230f491769c34,7400006,Mankey,0.6333333,source,LeftMiddleDistal,-0.06809662,1.21860468,0.373212665,0.9411614,-0.164790139,-0.235066921,-0.1783358
7934f1476fe2c6e458c230f491769c34,7400006,Mankey,0.6333333,source,LeftRingProximal,-0.0829208642,1.23762667,0.409049422,0.266343,0.8916011,0.222636059,-0.290761471
7934f1476fe2c6e458c230f491769c34,7400006,Mankey,0.6333333,source,LeftRingIntermediate,-0.06134056,1.22680652,0.389096349,0.7860555,0.497045457,-0.04763157,-0.3644093
7934f1476fe2c6e458c230f491769c34,7400006,Mankey,0.6333333,source,LeftRingDistal,-0.07096246,1.21114326,0.383581221,0.909613967,-0.14715457,-0.294768333,-0.2531004
7934f1476fe2c6e458c230f491769c34,7400006,Mankey,0.6333333,source,LeftLittleProximal,-0.07801005,1.22387278,0.4200493,0.242639557,0.8830615,0.25356853,-0.3114986
7934f1476fe2c6e458c230f491769c34,7400006,Mankey,0.6333333,source,LeftLittleIntermediate,-0.0591223463,1.21644723,0.401573241,0.7307062,0.5503698,-0.019985849,-0.403437942
7934f1476fe2c6e458c230f491769c34,7400006,Mankey,0.6333333,source,LeftLittleDistal,-0.0665957853,1.20086086,0.393691659,0.9033332,0.00082323997,-0.278954148,-0.3258428
7934f1476fe2c6e458c230f491769c34,7400006,Mankey,0.6333333,source,RightThumbProximal,0.132683069,1.21736443,0.139974833,0.146771863,0.745779037,0.5805901,0.2918689
7934f1476fe2c6e458c230f491769c34,7400006,Mankey,0.6333333,source,RightThumbIntermediate,0.0975949243,1.24224949,0.128157511,-0.3216592,-0.650941551,-0.677531362,-0.117313035
7934f1476fe2c6e458c230f491769c34,7400006,Mankey,0.6333333,source,RightThumbDistal,0.0746363848,1.25957561,0.136649,0.673981249,0.180637419,0.580603361,-0.4195475
7934f1476fe2c6e458c230f491769c34,7400006,Mankey,0.6333333,source,RightIndexProximal,0.107838221,1.27895856,0.149687469,0.009498888,0.0536202,-0.9846368,0.165908173
7934f1476fe2c6e458c230f491769c34,7400006,Mankey,0.6333333,source,RightIndexIntermediate,0.07870661,1.26891828,0.1485617,-0.0391335674,-0.0237457212,0.5693115,-0.8208472
7934f1476fe2c6e458c230f491769c34,7400006,Mankey,0.6333333,source,RightIndexDistal,0.08651404,1.248158,0.146702871,0.04394722,-0.021800939,0.215113387,0.9753566
7934f1476fe2c6e458c230f491769c34,7400006,Mankey,0.6333333,source,RightMiddleProximal,0.106429167,1.27481115,0.170682564,0.06708477,0.07541944,-0.969298542,0.22421518
7934f1476fe2c6e458c230f491769c34,7400006,Mankey,0.6333333,source,RightMiddleIntermediate,0.07718288,1.26087165,0.16530031,-0.09296305,0.01544821,0.4859868,-0.8688709
7934f1476fe2c6e458c230f491769c34,7400006,Mankey,0.6333333,source,RightMiddleDistal,0.08872221,1.24233,0.1639123,0.0533973537,-0.09847924,0.346012264,0.931518555
7934f1476fe2c6e458c230f491769c34,7400006,Mankey,0.6333333,source,RightRingProximal,0.105474152,1.27024341,0.187749475,0.104087777,0.135212436,-0.9376398,0.302845836
7934f1476fe2c6e458c230f491769c34,7400006,Mankey,0.6333333,source,RightRingIntermediate,0.08057808,1.25333631,0.1790706,-0.167092741,0.0121561894,0.390051574,-0.9054241
7934f1476fe2c6e458c230f491769c34,7400006,Mankey,0.6333333,source,RightRingDistal,0.09392076,1.23970318,0.1769905,0.109325416,-0.155377448,0.450649947,0.872250736
7934f1476fe2c6e458c230f491769c34,7400006,Mankey,0.6333333,source,RightLittleProximal,0.10315942,1.26024544,0.202881426,0.208461255,0.143519819,-0.9430251,0.21598658
7934f1476fe2c6e458c230f491769c34,7400006,Mankey,0.6333333,source,RightLittleIntermediate,0.0806604251,1.2507112,0.1903899,-0.248694569,0.06592947,0.5411534,-0.8005985
7934f1476fe2c6e458c230f491769c34,7400006,Mankey,0.6333333,source,RightLittleDistal,0.08837238,1.233623,0.187284067,0.125288412,-0.2541817,0.253583938,0.924873352
7934f1476fe2c6e458c230f491769c34,7400006,Mankey,0.6333333,fighter,AnimatorRoot,0,0,0,0,0,0,1
7934f1476fe2c6e458c230f491769c34,7400006,Mankey,0.6333333,fighter,Hips,-0.0574050061,0.782996237,-0.0162155051,0.242791533,-0.3100743,-0.571602762,0.7198448
7934f1476fe2c6e458c230f491769c34,7400006,Mankey,0.6333333,fighter,LeftUpperLeg,-0.1451951,0.783594549,0.0674323961,0.482722551,0.699877858,0.22364822,0.4765831
7934f1476fe2c6e458c230f491769c34,7400006,Mankey,0.6333333,fighter,RightUpperLeg,0.0303850677,0.7823979,-0.09986342,0.6017156,0.740685344,0.2808069,0.102329105
7934f1476fe2c6e458c230f491769c34,7400006,Mankey,0.6333333,fighter,LeftLowerLeg,-0.116030812,0.458316237,0.232539088,0.6708888,0.560497463,0.35208866,0.334341884
7934f1476fe2c6e458c230f491769c34,7400006,Mankey,0.6333333,fighter,RightLowerLeg,0.123676307,0.435175419,-0.168055385,0.7767253,0.5531352,0.2960116,0.0558261722
7934f1476fe2c6e458c230f491769c34,7400006,Mankey,0.6333333,fighter,LeftFoot,-0.159932241,0.107998759,0.197904989,0.04299701,0.890532255,0.00173574686,0.452880442
7934f1476fe2c6e458c230f491769c34,7400006,Mankey,0.6333333,fighter,RightFoot,0.04817194,0.118623413,-0.30927524,0.08635865,0.9582961,0.0469421446,0.2683422
7934f1476fe2c6e458c230f491769c34,7400006,Mankey,0.6333333,fighter,Spine,-0.06679118,0.8266208,-0.0263785329,0.243157953,-0.320782661,-0.609261334,0.6832082
7934f1476fe2c6e458c230f491769c34,7400006,Mankey,0.6333333,fighter,Chest,-0.07025847,1.06475008,-0.05080027,0.374945343,-0.2685034,-0.69591403,0.550477862
7934f1476fe2c6e458c230f491769c34,7400006,Mankey,0.6333333,fighter,Neck,-0.0516516827,1.34375334,-0.00535305869,0.453901768,-0.337058872,-0.644149244,0.515205562
7934f1476fe2c6e458c230f491769c34,7400006,Mankey,0.6333333,fighter,Head,-0.0431603231,1.48802733,0.0299747083,0.567667842,-0.375435054,-0.6123102,0.402341127
7934f1476fe2c6e458c230f491769c34,7400006,Mankey,0.6333333,fighter,LeftShoulder,-0.0191591848,1.29170263,0.0896500051,0.6949467,0.05823739,-0.2570425,0.6690194
7934f1476fe2c6e458c230f491769c34,7400006,Mankey,0.6333333,fighter,RightShoulder,0.0299967267,1.29405308,0.0550957,-0.1377352,-0.595621049,-0.735261261,0.292670339
7934f1476fe2c6e458c230f491769c34,7400006,Mankey,0.6333333,fighter,LeftUpperArm,-0.201920867,1.34752166,0.182017237,0.710658431,0.457867622,0.111986235,0.5222848
7934f1476fe2c6e458c230f491769c34,7400006,Mankey,0.6333333,fighter,RightUpperArm,0.197831362,1.35057557,-0.0618919767,0.214953929,0.678916633,0.558238,0.425719976
7934f1476fe2c6e458c230f491769c34,7400006,Mankey,0.6333333,fighter,LeftLowerArm,-0.3585243,1.13113248,0.27195704,-0.0183946248,0.8952336,-0.385445863,0.222824529
7934f1476fe2c6e458c230f491769c34,7400006,Mankey,0.6333333,fighter,RightLowerArm,0.3514707,1.13434792,0.0333905928,-0.447914422,0.28623122,-0.009430513,0.8469685
7934f1476fe2c6e458c230f491769c34,7400006,Mankey,0.6333333,fighter,LeftHand,-0.127640933,1.18364692,0.3706644,0.43451798,-0.8103678,-0.33980763,-0.197559386
7934f1476fe2c6e458c230f491769c34,7400006,Mankey,0.6333333,fighter,RightHand,0.137020409,1.20422363,0.155604258,0.1778791,0.228815526,-0.5229919,0.801549852
7934f1476fe2c6e458c230f491769c34,7400006,Mankey,0.6333333,fighter,LeftToes,0.008685823,0.111088946,0.422473133,0.138513386,0.854415536,0.0585919023,0.497348249
7934f1476fe2c6e458c230f491769c34,7400006,Mankey,0.6333333,fighter,RightToes,0.2851272,0.0898134261,-0.161307856,0.156605929,0.962826848,0.05997798,0.211758971
7934f1476fe2c6e458c230f491769c34,7400006,Mankey,0.6333333,fighter,LeftEye,-0.158242553,1.53213954,0.251562357,0.433099359,-0.346447229,-0.4953103,-0.6686309
7934f1476fe2c6e458c230f491769c34,7400006,Mankey,0.6333333,fighter,RightEye,0.103716783,1.53135717,0.232233137,0.277843922,-0.476846218,-0.7062165,-0.443484962
7934f1476fe2c6e458c230f491769c34,7400006,Mankey,0.6333333,fighter,Jaw,-0.0337525941,1.3293674,0.163850874,0.666533649,0.13759023,-0.71709466,-0.150257781
7934f1476fe2c6e458c230f491769c34,7400006,Mankey,0.6333333,fighter,LeftThumbProximal,-0.0873225,1.24487793,0.3664434,0.209120467,-0.938229263,-0.268779218,0.0612596422
7934f1476fe2c6e458c230f491769c34,7400006,Mankey,0.6333333,fighter,LeftThumbIntermediate,-0.0466766842,1.26398015,0.366329521,0.166887581,-0.910879,-0.311170161,-0.213593125
7934f1476fe2c6e458c230f491769c34,7400006,Mankey,0.6333333,fighter,LeftThumbDistal,-0.0136094587,1.27061248,0.3854387,-0.04950755,-0.488913119,-0.328047574,-0.80678314
7934f1476fe2c6e458c230f491769c34,7400006,Mankey,0.6333333,fighter,LeftMiddleProximal,-0.0589155778,1.29153323,0.4115435,-0.243985146,-0.936912358,-0.20475854,0.144018024
7934f1476fe2c6e458c230f491769c34,7400006,Mankey,0.6333333,fighter,LeftMiddleIntermediate,-0.008002771,1.267382,0.389116347,-0.829800546,-0.47480306,-0.150545955,0.251653582
7934f1476fe2c6e458c230f491769c34,7400006,Mankey,0.6333333,fighter,LeftMiddleDistal,-0.0348753855,1.22939253,0.363042653,-0.942634,0.227153361,0.0285136178,0.24296172
7934f1476fe2c6e458c230f491769c34,7400006,Mankey,0.6333333,fighter,LeftRingProximal,-0.04705205,1.25985873,0.455140084,-0.308105916,-0.879796863,-0.283598423,0.224947244
7934f1476fe2c6e458c230f491769c34,7400006,Mankey,0.6333333,fighter,LeftRingIntermediate,-0.00923711248,1.23774672,0.4247057,-0.8214875,-0.42645064,-0.129641175,0.3556569
7934f1476fe2c6e458c230f491769c34,7400006,Mankey,0.6333333,fighter,LeftRingDistal,-0.04220364,1.20446491,0.3964614,-0.917731762,0.1828458,0.129645675,0.3279156
7934f1476fe2c6e458c230f491769c34,7400006,Mankey,0.6333333,fighter,LeftLittleProximal,-0.05210705,1.20898414,0.48688212,-0.274263024,-0.880746,-0.300842762,0.241992846
7934f1476fe2c6e458c230f491769c34,7400006,Mankey,0.6333333,fighter,LeftLittleIntermediate,-0.01303881,1.19098139,0.45534274,-0.7772621,-0.481893271,-0.17447859,0.3649665
7934f1476fe2c6e458c230f491769c34,7400006,Mankey,0.6333333,fighter,LeftLittleDistal,-0.0393000543,1.15658271,0.420876265,-0.9255404,0.051551424,0.1024514,0.360862583
7934f1476fe2c6e458c230f491769c34,7400006,Mankey,0.6333333,fighter,RightThumbProximal,0.09890373,1.2660898,0.14500773,-0.092347905,0.02567698,0.223486483,-0.969983
7934f1476fe2c6e458c230f491769c34,7400006,Mankey,0.6333333,fighter,RightThumbIntermediate,0.05853842,1.28577435,0.144624308,0.1384737,0.243487731,-0.247004777,0.927646458
7934f1476fe2c6e458c230f491769c34,7400006,Mankey,0.6333333,fighter,RightThumbDistal,0.0291015133,1.3009243,0.164786935,-0.260710627,-0.837681651,0.126263618,-0.463009238
7934f1476fe2c6e458c230f491769c34,7400006,Mankey,0.6333333,fighter,RightMiddleProximal,0.08461819,1.32513916,0.181432933,-0.09708609,-0.002594903,-0.289283037,-0.952304244
7934f1476fe2c6e458c230f491769c34,7400006,Mankey,0.6333333,fighter,RightMiddleIntermediate,0.03412055,1.29169261,0.178325981,0.143003628,-0.0581383221,0.8976231,0.4128476
7934f1476fe2c6e458c230f491769c34,7400006,Mankey,0.6333333,fighter,RightMiddleDistal,0.06709609,1.25304556,0.162071809,-0.0859279,0.09913686,-0.9148579,0.381868571
7934f1476fe2c6e458c230f491769c34,7400006,Mankey,0.6333333,fighter,RightRingProximal,0.08348538,1.30675852,0.233448014,-0.207656235,0.028397277,-0.3532856,-0.9117357
7934f1476fe2c6e458c230f491769c34,7400006,Mankey,0.6333333,fighter,RightRingIntermediate,0.0435459577,1.27302527,0.222859725,0.142691538,-0.147639155,0.9237149,0.323408574
7934f1476fe2c6e458c230f491769c34,7400006,Mankey,0.6333333,fighter,RightRingDistal,0.08457688,1.24264753,0.20321624,0.02882427,0.174473822,-0.863509536,0.472313732
7934f1476fe2c6e458c230f491769c34,7400006,Mankey,0.6333333,fighter,RightLittleProximal,0.0950162262,1.26524663,0.275462031,-0.186239719,0.127698988,-0.25172478,-0.941086
7934f1476fe2c6e458c230f491769c34,7400006,Mankey,0.6333333,fighter,RightLittleIntermediate,0.05017543,1.24251163,0.257640421,0.11901731,-0.188327491,0.84128195,0.492557526
7934f1476fe2c6e458c230f491769c34,7400006,Mankey,0.6333333,fighter,RightLittleDistal,0.07708831,1.19914019,0.23629719,0.103537589,0.171577111,-0.9359305,0.289613575
7934f1476fe2c6e458c230f491769c34,7400006,Mankey,0.6333333,fighter,UpperChest,-0.05678775,1.180312,-0.0237767287,0.3578674,-0.290876269,-0.6610368,0.591905653
7934f1476fe2c6e458c230f491769c34,7400006,Mankey,0.65,source,AnimatorRoot,0,0,0,0,0,2.965445E-15,1
7934f1476fe2c6e458c230f491769c34,7400006,Mankey,0.65,source,Hips,-0.05633435,0.784605861,-0.0178065,-0.0729580745,0.369991869,0.0251577757,0.925824165
7934f1476fe2c6e458c230f491769c34,7400006,Mankey,0.65,source,LeftUpperLeg,-0.129018068,0.7853483,0.0512497276,-0.4610692,-0.210241452,0.700474143,0.5025435
7934f1476fe2c6e458c230f491769c34,7400006,Mankey,0.65,source,RightUpperLeg,0.0163494851,0.783863664,-0.0868629143,0.313311428,-0.128690735,-0.609156966,0.7170793
7934f1476fe2c6e458c230f491769c34,7400006,Mankey,0.65,source,LeftLowerLeg,-0.103026263,0.4506571,0.213253364,-0.36447227,-0.3337027,0.553631961,0.670294166
7934f1476fe2c6e458c230f491769c34,7400006,Mankey,0.65,source,RightLowerLeg,0.100117728,0.428165168,-0.160349041,0.324529767,-0.05396982,-0.756269634,0.56553
7934f1476fe2c6e458c230f491769c34,7400006,Mankey,0.65,source,LeftFoot,-0.1601841,0.1077684,0.198016077,0.505347967,0.115276963,-0.826732,-0.218744472
7934f1476fe2c6e458c230f491769c34,7400006,Mankey,0.65,source,RightFoot,0.0480243638,0.118341483,-0.3099066,0.230767965,-0.222811729,-0.254774064,0.9122454
7934f1476fe2c6e458c230f491769c34,7400006,Mankey,0.65,source,Spine,-0.0661908761,0.881444037,-0.0292218421,-0.0177624468,0.3647724,-0.0269219857,0.930538
7934f1476fe2c6e458c230f491769c34,7400006,Mankey,0.65,source,Chest,-0.05728035,1.06030452,-0.03623308,0.104605004,0.307161957,-0.0122115677,0.9458122
7934f1476fe2c6e458c230f491769c34,7400006,Mankey,0.65,source,Neck,-0.0388929434,1.2584368,0.0032940614,0.3209155,0.254450947,-0.0351572372,0.9116098
7934f1476fe2c6e458c230f491769c34,7400006,Mankey,0.65,source,Head,-0.0191357,1.32720542,0.0525719337,0.201928109,0.0330079123,-0.0101321442,0.9787918
7934f1476fe2c6e458c230f491769c34,7400006,Mankey,0.65,source,LeftShoulder,-0.06610848,1.21440768,0.0131709147,0.103915028,0.378513038,0.006538574,0.9197211
7934f1476fe2c6e458c230f491769c34,7400006,Mankey,0.65,source,RightShoulder,-0.0180183463,1.21685219,-0.02143282,0.980707765,-0.0589089356,-0.167253211,-0.08227175
7934f1476fe2c6e458c230f491769c34,7400006,Mankey,0.65,source,LeftUpperArm,-0.16740863,1.20152915,0.111847371,0.07420643,0.3903227,0.481261045,0.7813639
7934f1476fe2c6e458c230f491769c34,7400006,Mankey,0.65,source,RightUpperArm,0.115053378,1.20434606,-0.0693953,0.852966368,-0.483868748,0.156964123,0.116970733
7934f1476fe2c6e458c230f491769c34,7400006,Mankey,0.65,source,LeftLowerArm,-0.219989419,1.01800478,0.233865514,-0.5184355,0.7740628,0.3299633,0.152237028
7934f1476fe2c6e458c230f491769c34,7400006,Mankey,0.65,source,RightLowerArm,0.2243693,1.02564728,0.0169202536,0.213828072,-0.196195334,0.802562654,0.521227956
7934f1476fe2c6e458c230f491769c34,7400006,Mankey,0.65,source,LeftHand,-0.121633686,1.18397379,0.370446473,-0.43285048,0.8508335,0.2978557,0.002329565
7934f1476fe2c6e458c230f491769c34,7400006,Mankey,0.65,source,RightHand,0.138041779,1.20357442,0.1463952,0.05059102,-0.1355604,0.8629466,0.484136045
7934f1476fe2c6e458c230f491769c34,7400006,Mankey,0.65,source,LeftToes,-0.1012557,0.03616529,0.31558,0.5183795,0.000228491437,-0.854392767,-0.0359994434
7934f1476fe2c6e458c230f491769c34,7400006,Mankey,0.65,source,RightToes,0.16345492,0.0333409,-0.266643465,0.334727347,-0.199501753,0.0208407212,0.92071867
7934f1476fe2c6e458c230f491769c34,7400006,Mankey,0.65,source,LeftThumbProximal,-0.120112546,1.20060241,0.357918471,-0.3338171,0.7069727,-0.613946855,0.10874524
7934f1476fe2c6e458c230f491769c34,7400006,Mankey,0.65,source,LeftThumbIntermediate,-0.0864994,1.22761548,0.346492231,-0.115144826,0.8042844,-0.5265335,0.25026238
7934f1476fe2c6e458c230f491769c34,7400006,Mankey,0.65,source,LeftThumbDistal,-0.0610608421,1.241074,0.354928762,0.5149646,0.65724957,-0.142340526,0.531577349
7934f1476fe2c6e458c230f491769c34,7400006,Mankey,0.65,source,LeftIndexProximal,-0.08821807,1.25697887,0.375521034,0.190932691,0.949448347,0.148458481,-0.2001336
7934f1476fe2c6e458c230f491769c34,7400006,Mankey,0.65,source,LeftIndexIntermediate,-0.0621019378,1.24763191,0.3620547,0.8089576,0.5343882,-0.0446980633,-0.2408727
7934f1476fe2c6e458c230f491769c34,7400006,Mankey,0.65,source,LeftIndexDistal,-0.07155745,1.22791088,0.357934862,0.943867743,-0.2128901,-0.213690177,-0.13464278
7934f1476fe2c6e458c230f491769c34,7400006,Mankey,0.65,source,LeftMiddleProximal,-0.0820608959,1.24750936,0.393752724,0.194141492,0.9387677,0.179609939,-0.220829025
7934f1476fe2c6e458c230f491769c34,7400006,Mankey,0.65,source,LeftMiddleIntermediate,-0.05489616,1.23814285,0.3778445,0.7978357,0.5340982,-0.04384135,-0.276180685
7934f1476fe2c6e458c230f491769c34,7400006,Mankey,0.65,source,LeftMiddleDistal,-0.0642090961,1.21896625,0.372920364,0.9319489,-0.209478572,-0.247507334,-0.162267745
7934f1476fe2c6e458c230f491769c34,7400006,Mankey,0.65,source,LeftRingProximal,-0.0773470849,1.23866022,0.4083308,0.278796673,0.887248,0.213865861,-0.298873723
7934f1476fe2c6e458c230f491769c34,7400006,Mankey,0.65,source,LeftRingIntermediate,-0.0564916246,1.22716951,0.387985617,0.8002032,0.472155958,-0.06562726,-0.363919318
7934f1476fe2c6e458c230f491769c34,7400006,Mankey,0.65,source,LeftRingDistal,-0.06696127,1.21175039,0.3834061,0.9006048,-0.19004117,-0.311347216,-0.236345381
7934f1476fe2c6e458c230f491769c34,7400006,Mankey,0.65,source,LeftLittleProximal,-0.07228413,1.2250365,0.419423252,0.254467815,0.8787731,0.245169222,-0.3207754
7934f1476fe2c6e458c230f491769c34,7400006,Mankey,0.65,source,LeftLittleIntermediate,-0.0540411621,1.21707857,0.400525719,0.74518615,0.5281287,-0.0384243876,-0.40534237
7934f1476fe2c6e458c230f491769c34,7400006,Mankey,0.65,source,LeftLittleDistal,-0.0623851232,1.20153379,0.393479884,0.9008449,-0.0392425321,-0.298817754,-0.312485427
7934f1476fe2c6e458c230f491769c34,7400006,Mankey,0.65,source,RightThumbProximal,0.1336479,1.21690881,0.130946457,0.14428331,0.7414377,0.5878428,0.2896447
7934f1476fe2c6e458c230f491769c34,7400006,Mankey,0.65,source,RightThumbIntermediate,0.09837972,1.24164438,0.119353786,-0.31808272,-0.647053242,-0.6836288,-0.113129757
7934f1476fe2c6e458c230f491769c34,7400006,Mankey,0.65,source,RightThumbDistal,0.07522612,1.25862825,0.128006,0.668728948,0.180265173,0.581425548,-0.42690897
7934f1476fe2c6e458c230f491769c34,7400006,Mankey,0.65,source,RightIndexProximal,0.108191952,1.27811778,0.141477272,0.0125847,0.06072449,-0.983404756,0.1704993
7934f1476fe2c6e458c230f491769c34,7400006,Mankey,0.65,source,RightIndexIntermediate,0.07915979,1.26782727,0.140075222,-0.0464083143,-0.0264741536,0.5652284,-0.823203146
7934f1476fe2c6e458c230f491769c34,7400006,Mankey,0.65,source,RightIndexDistal,0.08716732,1.24717021,0.137938038,0.0509348065,-0.02528185,0.219546378,0.973943949
7934f1476fe2c6e458c230f491769c34,7400006,Mankey,0.65,source,RightMiddleProximal,0.106734022,1.27364147,0.1624014,0.07047394,0.0825503245,-0.967511237,0.228345424
7934f1476fe2c6e458c230f491769c34,7400006,Mankey,0.65,source,RightMiddleIntermediate,0.07764113,1.2595154,0.15668422,-0.100602053,0.0131981056,0.4818659,-0.8703511
7934f1476fe2c6e458c230f491769c34,7400006,Mankey,0.65,source,RightMiddleDistal,0.08935777,1.24110389,0.1550672,0.060131982,-0.102805942,0.3496796,0.929268658
7934f1476fe2c6e458c230f491769c34,7400006,Mankey,0.65,source,RightRingProximal,0.1057504,1.268808,0.179393381,0.107723795,0.142107114,-0.9349614,0.3066744
7934f1476fe2c6e458c230f491769c34,7400006,Mankey,0.65,source,RightRingIntermediate,0.0810487047,1.25180507,0.170354113,-0.1747855,0.0103629539,0.3855839,-0.905907631
7934f1476fe2c6e458c230f491769c34,7400006,Mankey,0.65,source,RightRingDistal,0.09452598,1.23832846,0.168126732,0.11565318,-0.1601054,0.4537287,0.868977249
7934f1476fe2c6e458c230f491769c34,7400006,Mankey,0.65,source,RightLittleProximal,0.103465565,1.25856245,0.194363132,0.211411878,0.151121542,-0.9404649,0.219075367
7934f1476fe2c6e458c230f491769c34,7400006,Mankey,0.65,source,RightLittleIntermediate,0.08110834,1.24901021,0.181632861,-0.256163538,0.06239679,0.53739655,-0.801057339
7934f1476fe2c6e458c230f491769c34,7400006,Mankey,0.65,source,RightLittleDistal,0.0889914557,1.23204291,0.178303689,0.132886186,-0.257459521,0.2562042,0.9221801
7934f1476fe2c6e458c230f491769c34,7400006,Mankey,0.65,fighter,AnimatorRoot,0,0,0,0,0,0,1
7934f1476fe2c6e458c230f491769c34,7400006,Mankey,0.65,fighter,Hips,-0.0563343465,0.7846058,-0.0178065,0.237882957,-0.3052288,-0.5730233,0.7224205
7934f1476fe2c6e458c230f491769c34,7400006,Mankey,0.65,fighter,LeftUpperLeg,-0.142870679,0.7853459,0.06713669,0.489157319,0.6978903,0.222545654,0.473442554
7934f1476fe2c6e458c230f491769c34,7400006,Mankey,0.65,fighter,RightUpperLeg,0.03020197,0.78386575,-0.1027497,0.6036125,0.739203453,0.279889822,0.104364753
7934f1476fe2c6e458c230f491769c34,7400006,Mankey,0.65,fighter,LeftLowerLeg,-0.116099827,0.4583791,0.229287431,0.670231044,0.562841058,0.347959816,0.3360423
7934f1476fe2c6e458c230f491769c34,7400006,Mankey,0.65,fighter,RightLowerLeg,0.121511877,0.435921431,-0.169936046,0.7745495,0.5546567,0.297959983,0.0604074
7934f1476fe2c6e458c230f491769c34,7400006,Mankey,0.65,fighter,LeftFoot,-0.16018416,0.107768275,0.198015988,0.0448949374,0.8914084,0.00398051739,0.450954437
7934f1476fe2c6e458c230f491769c34,7400006,Mankey,0.65,fighter,RightFoot,0.04802441,0.118341491,-0.3099065,0.08652523,0.9579958,0.04735665,0.2692865
7934f1476fe2c6e458c230f491769c34,7400006,Mankey,0.65,fighter,Spine,-0.06588034,0.8282092,-0.0279114619,0.238443941,-0.316168368,-0.6118837,0.684675455
7934f1476fe2c6e458c230f491769c34,7400006,Mankey,0.65,fighter,Chest,-0.06908208,1.0663507,-0.0522498526,0.3684321,-0.263525784,-0.6993408,0.5529327
7934f1476fe2c6e458c230f491769c34,7400006,Mankey,0.65,fighter,Neck,-0.0496075861,1.34536266,-0.00722159073,0.451425076,-0.334946752,-0.646524,0.515784144
7934f1476fe2c6e458c230f491769c34,7400006,Mankey,0.65,fighter,Head,-0.04062654,1.48958015,0.0282166,0.5690527,-0.3765964,-0.612209,0.399442762
7934f1476fe2c6e458c230f491769c34,7400006,Mankey,0.65,fighter,LeftShoulder,-0.0153756253,1.293331,0.08717917,0.6926609,0.06394866,-0.262509733,0.6687455
7934f1476fe2c6e458c230f491769c34,7400006,Mankey,0.65,fighter,RightShoulder,0.0331352465,1.29566693,0.0517240874,-0.147733837,-0.591546834,-0.7322853,0.303324163
7934f1476fe2c6e458c230f491769c34,7400006,Mankey,0.65,fighter,LeftUpperArm,-0.1966354,1.34904933,0.182519078,0.7137678,0.46080327,0.116037123,0.514521
7934f1476fe2c6e458c230f491769c34,7400006,Mankey,0.65,fighter,RightUpperArm,0.197062865,1.352859,-0.0703668147,0.2294847,0.6786982,0.5560479,0.421327353
7934f1476fe2c6e458c230f491769c34,7400006,Mankey,0.65,fighter,LeftLowerArm,-0.351197839,1.12999165,0.2694803,-0.02044359,0.8958864,-0.380562663,0.228346631
7934f1476fe2c6e458c230f491769c34,7400006,Mankey,0.65,fighter,RightLowerArm,0.3491592,1.13300109,0.018893633,-0.438849032,0.2973961,-0.008305393,0.847879052
7934f1476fe2c6e458c230f491769c34,7400006,Mankey,0.65,fighter,LeftHand,-0.121633664,1.18397391,0.3704466,0.438722432,-0.8097853,-0.338138163,-0.193477824
7934f1476fe2c6e458c230f491769c34,7400006,Mankey,0.65,fighter,RightHand,0.138041809,1.2035743,0.146394983,0.183955953,0.231869578,-0.517162144,0.8030819
7934f1476fe2c6e458c230f491769c34,7400006,Mankey,0.65,fighter,LeftToes,0.00934214,0.10932631,0.421915084,0.138068885,0.8555724,0.0593775958,0.495386124
7934f1476fe2c6e458c230f491769c34,7400006,Mankey,0.65,fighter,RightToes,0.284672439,0.08936424,-0.161480755,0.156738713,0.9625706,0.06047201,0.212683141
7934f1476fe2c6e458c230f491769c34,7400006,Mankey,0.65,fighter,LeftEye,-0.156633362,1.53348172,0.249363557,0.432694972,-0.34489125,-0.493492723,-0.671036959
7934f1476fe2c6e458c230f491769c34,7400006,Mankey,0.65,fighter,RightEye,0.105413251,1.53177166,0.231320038,0.278042376,-0.4752462,-0.7053911,-0.446382642
7934f1476fe2c6e458c230f491769c34,7400006,Mankey,0.65,fighter,Jaw,-0.0324718542,1.33049858,0.161674172,0.6683337,0.1377528,-0.714969,-0.152230471
7934f1476fe2c6e458c230f491769c34,7400006,Mankey,0.65,fighter,LeftThumbProximal,-0.08190394,1.245549,0.3656808,0.207037523,-0.9394627,-0.2658139,0.06236133
7934f1476fe2c6e458c230f491769c34,7400006,Mankey,0.65,fighter,LeftThumbIntermediate,-0.0411925167,1.26450837,0.365361631,0.165418833,-0.9113737,-0.3081277,-0.217007875
7934f1476fe2c6e458c230f491769c34,7400006,Mankey,0.65,fighter,LeftThumbDistal,-0.008201395,1.27101231,0.384646058,-0.05297935,-0.473312616,-0.3228159,-0.8178991
7934f1476fe2c6e458c230f491769c34,7400006,Mankey,0.65,fighter,LeftMiddleProximal,-0.0538468063,1.292808,0.4103692,-0.253581882,-0.9344114,-0.196032152,0.155382574
7934f1476fe2c6e458c230f491769c34,7400006,Mankey,0.65,fighter,LeftMiddleIntermediate,-0.00392595,1.267761,0.38672778,-0.8445799,-0.451200932,-0.135048792,0.2546862
7934f1476fe2c6e458c230f491769c34,7400006,Mankey,0.65,fighter,LeftMiddleDistal,-0.0336022861,1.230777,0.362300664,-0.9331223,0.269685715,0.0476296581,0.232991263
7934f1476fe2c6e458c230f491769c34,7400006,Mankey,0.65,fighter,LeftRingProximal,-0.04159573,1.26157594,0.45417732,-0.317753643,-0.8752383,-0.276628256,0.237630576
7934f1476fe2c6e458c230f491769c34,7400006,Mankey,0.65,fighter,LeftRingIntermediate,-0.00505087152,1.23892,0.422612429,-0.834242046,-0.4022988,-0.111779705,0.360141158
7934f1476fe2c6e458c230f491769c34,7400006,Mankey,0.65,fighter,LeftRingDistal,-0.04067882,1.20660734,0.396559864,-0.908605337,0.223396331,0.153122485,0.317938447
7934f1476fe2c6e458c230f491769c34,7400006,Mankey,0.65,fighter,LeftLittleProximal,-0.0461053252,1.21089613,0.4863111,-0.282764137,-0.876417935,-0.294179976,0.2557242
7934f1476fe2c6e458c230f491769c34,7400006,Mankey,0.65,fighter,LeftLittleIntermediate,-0.008271302,1.19248438,0.453527778,-0.7907877,-0.4608061,-0.15664576,0.371181071
7934f1476fe2c6e458c230f491769c34,7400006,Mankey,0.65,fighter,LeftLittleDistal,-0.03738552,1.15859711,0.420895129,-0.9219921,0.0888061747,0.127892226,0.354525268
7934f1476fe2c6e458c230f491769c34,7400006,Mankey,0.65,fighter,RightThumbProximal,0.09939677,1.26523912,0.136566058,-0.10054864,0.0249509811,0.218461573,-0.9703313
7934f1476fe2c6e458c230f491769c34,7400006,Mankey,0.65,fighter,RightThumbIntermediate,0.0588286668,1.284505,0.136364341,0.145172015,0.244733542,-0.239270031,0.928321838
7934f1476fe2c6e458c230f491769c34,7400006,Mankey,0.65,fighter,RightThumbDistal,0.0291473456,1.29897082,0.156670555,-0.2598354,-0.839417458,0.116118371,-0.46301344
7934f1476fe2c6e458c230f491769c34,7400006,Mankey,0.65,fighter,RightMiddleProximal,0.08441191,1.32359827,0.173813358,-0.1037564,0.00214871764,-0.294492066,-0.9500028
7934f1476fe2c6e458c230f491769c34,7400006,Mankey,0.65,fighter,RightMiddleIntermediate,0.0342829153,1.28968978,0.169859454,0.145199209,-0.06648348,0.899518549,0.406649858
7934f1476fe2c6e458c230f491769c34,7400006,Mankey,0.65,fighter,RightMiddleDistal,0.06773272,1.251697,0.153042048,-0.08101694,0.106265619,-0.9120602,0.387673557
7934f1476fe2c6e458c230f491769c34,7400006,Mankey,0.65,fighter,RightRingProximal,0.0832331255,1.30442572,0.225540787,-0.214092135,0.0331387073,-0.358184427,-0.90816915
7934f1476fe2c6e458c230f491769c34,7400006,Mankey,0.65,fighter,RightRingIntermediate,0.0436966643,1.27048016,0.2141495,0.144472852,-0.155964762,0.924334645,0.3168734
7934f1476fe2c6e458c230f491769c34,7400006,Mankey,0.65,fighter,RightRingDistal,0.08512951,1.24090159,0.1941332,0.03401114,0.181489319,-0.85930115,0.4769774
7934f1476fe2c6e458c230f491769c34,7400006,Mankey,0.65,fighter,RightLittleProximal,0.09497382,1.26239324,0.266975015,-0.193451539,0.131570384,-0.2556469,-0.9380356
7934f1476fe2c6e458c230f491769c34,7400006,Mankey,0.65,fighter,RightLittleIntermediate,0.0504524522,1.23952591,0.2485329,0.122650728,-0.196657836,0.8423127,0.486613154
7934f1476fe2c6e458c230f491769c34,7400006,Mankey,0.65,fighter,RightLittleDistal,0.0779121742,1.196841,0.22651279,0.10747768,0.180157363,-0.932533741,0.29389295
7934f1476fe2c6e458c230f491769c34,7400006,Mankey,0.65,fighter,UpperChest,-0.0551017933,1.18191755,-0.0255074613,0.351669967,-0.285510629,-0.6643076,0.594565153
7934f1476fe2c6e458c230f491769c34,7400006,Mankey,0.6666667,source,AnimatorRoot,0,0,0,0,0,3.11010085E-15,1
7934f1476fe2c6e458c230f491769c34,7400006,Mankey,0.6666667,source,Hips,-0.0553700663,0.7864444,-0.01975956,-0.07324207,0.377061844,0.02524966,0.9229423
7934f1476fe2c6e458c230f491769c34,7400006,Mankey,0.6666667,source,LeftUpperLeg,-0.12699376,0.7873092,0.0503940769,-0.458006978,-0.20896548,0.6981133,0.5091177
7934f1476fe2c6e458c230f491769c34,7400006,Mankey,0.6666667,source,RightUpperLeg,0.01625375,0.7855798,-0.08991338,0.310297757,-0.129088223,-0.611525,0.7163023
7934f1476fe2c6e458c230f491769c34,7400006,Mankey,0.6666667,source,LeftLowerLeg,-0.103862084,0.450996727,0.209446475,-0.367483526,-0.329495668,0.557082951,0.6678676
7934f1476fe2c6e458c230f491769c34,7400006,Mankey,0.6666667,source,RightLowerLeg,0.0977906361,0.4291667,-0.162440956,0.3241182,-0.0584067,-0.7540724,0.568252444
7934f1476fe2c6e458c230f491769c34,7400006,Mankey,0.6666667,source,LeftFoot,-0.160294145,0.107815586,0.198770791,0.5043887,0.117624633,-0.826434851,-0.220821932
7934f1476fe2c6e458c230f491769c34,7400006,Mankey,0.6666667,source,RightFoot,0.04765958,0.117793657,-0.3094296,0.230603814,-0.224226058,-0.254659653,0.9119723
7934f1476fe2c6e458c230f491769c34,7400006,Mankey,0.6666667,source,Spine,-0.0653511,0.883273542,-0.0311434139,-0.01722146,0.3717279,-0.0274808723,0.927775145
7934f1476fe2c6e458c230f491769c34,7400006,Mankey,0.6666667,source,Chest,-0.0562175252,1.06212366,-0.0381326,0.104306825,0.3154218,-0.0127583519,0.9431154
7934f1476fe2c6e458c230f491769c34,7400006,Mankey,0.6666667,source,Neck,-0.0373059772,1.26027644,0.001043427,0.3207121,0.258369684,-0.0410674,0.91033113
7934f1476fe2c6e458c230f491769c34,7400006,Mankey,0.6666667,source,Head,-0.0164123215,1.32898939,0.0499285422,0.203227431,0.0300440732,-0.0113863582,0.978604436
7934f1476fe2c6e458c230f491769c34,7400006,Mankey,0.6666667,source,LeftShoulder,-0.06430974,1.21622658,0.0113979671,0.103882588,0.386103868,0.00624971977,0.9165662
7934f1476fe2c6e458c230f491769c34,7400006,Mankey,0.6666667,source,RightShoulder,-0.0168310665,1.218705,-0.0240376927,0.978147745,-0.0580448955,-0.181861237,-0.08236747
7934f1476fe2c6e458c230f491769c34,7400006,Mankey,0.6666667,source,LeftUpperArm,-0.163962543,1.20320845,0.111719795,0.07851149,0.393417984,0.485600322,0.7766923
7934f1476fe2c6e458c230f491769c34,7400006,Mankey,0.6666667,source,RightUpperArm,0.11482092,1.20682824,-0.07591805,0.8506711,-0.491224438,0.145386457,0.11798466
7934f1476fe2c6e458c230f491769c34,7400006,Mankey,0.6666667,source,LeftLowerArm,-0.213543,1.01830435,0.232907832,-0.5209982,0.7714429,0.33330065,0.149492279
7934f1476fe2c6e458c230f491769c34,7400006,Mankey,0.6666667,source,RightLowerArm,0.22247301,1.0252502,0.00638688542,0.216095865,-0.20023784,0.7975851,0.5263704
7934f1476fe2c6e458c230f491769c34,7400006,Mankey,0.6666667,source,LeftHand,-0.116055064,1.184758,0.3695209,-0.4377194,0.8488727,0.296333224,-0.00190546433
7934f1476fe2c6e458c230f491769c34,7400006,Mankey,0.6666667,source,RightHand,0.139153272,1.2032665,0.137696758,0.05247477,-0.142807677,0.862469435,0.482699841
7934f1476fe2c6e458c230f491769c34,7400006,Mankey,0.6666667,source,LeftToes,-0.1013491,0.03539629,0.315825343,0.5179535,0.00118981,-0.8547181,-0.0343567766
7934f1476fe2c6e458c230f491769c34,7400006,Mankey,0.6666667,source,RightToes,0.16291818,0.0327585451,-0.265778,0.334198534,-0.200831443,0.0210799985,0.9206162
7934f1476fe2c6e458c230f491769c34,7400006,Mankey,0.6666667,source,LeftThumbProximal,-0.114778869,1.20134008,0.356903821,-0.335031,0.7035773,-0.617276967,0.108179189
7934f1476fe2c6e458c230f491769c34,7400006,Mankey,0.6666667,source,LeftThumbIntermediate,-0.0812272,1.22832918,0.345243067,-0.114041686,0.8019849,-0.5290757,0.2527727
7934f1476fe2c6e458c230f491769c34,7400006,Mankey,0.6666667,source,LeftThumbDistal,-0.055849243,1.24183655,0.3537833,0.5237613,0.647171736,-0.1342721,0.5374148
7934f1476fe2c6e458c230f491769c34,7400006,Mankey,0.6666667,source,LeftIndexProximal,-0.0835401937,1.25819981,0.374122918,0.199815348,0.9475518,0.140669972,-0.205989808
7934f1476fe2c6e458c230f491769c34,7400006,Mankey,0.6666667,source,LeftIndexIntermediate,-0.0577847958,1.2483108,0.3603526,0.821732461,0.5142404,-0.0581308044,-0.238607988
7934f1476fe2c6e458c230f491769c34,7400006,Mankey,0.6666667,source,LeftIndexDistal,-0.06811916,1.22888482,0.3570172,0.9342826,-0.250607967,-0.22331813,-0.120172046
7934f1476fe2c6e458c230f491769c34,7400006,Mankey,0.6666667,source,LeftMiddleProximal,-0.07721135,1.24890172,0.392383963,0.203055635,0.93669343,0.1721253,-0.227480561
7934f1476fe2c6e458c230f491769c34,7400006,Mankey,0.6666667,source,LeftMiddleIntermediate,-0.0504750721,1.2389797,0.3760913,0.810499132,0.51395905,-0.05820998,-0.2748625
7934f1476fe2c6e458c230f491769c34,7400006,Mankey,0.6666667,source,LeftMiddleDistal,-0.06064747,1.220051,0.371974051,0.922173,-0.2468673,-0.258695215,-0.147413
7934f1476fe2c6e458c230f491769c34,7400006,Mankey,0.6666667,source,LeftRingProximal,-0.07234433,1.240187,0.406992644,0.288018435,0.8833801,0.205815583,-0.307124436
7934f1476fe2c6e458c230f491769c34,7400006,Mankey,0.6666667,source,LeftRingIntermediate,-0.05212945,1.22820926,0.386285067,0.810996056,0.450853944,-0.08258041,-0.363589466
7934f1476fe2c6e458c230f491769c34,7400006,Mankey,0.6666667,source,LeftRingDistal,-0.06325738,1.213022,0.38256377,0.8908645,-0.226254731,-0.326489478,-0.22039707
7934f1476fe2c6e458c230f491769c34,7400006,Mankey,0.6666667,source,LeftLittleProximal,-0.0670787543,1.22668469,0.4181391,0.263179153,0.87486136,0.237383768,-0.33015725
7934f1476fe2c6e458c230f491769c34,7400006,Mankey,0.6666667,source,LeftLittleIntermediate,-0.0494184941,1.21834838,0.39885515,0.7562533,0.5090272,-0.055903852,-0.40724352
7934f1476fe2c6e458c230f491769c34,7400006,Mankey,0.6666667,source,LeftLittleDistal,-0.0584525466,1.2028569,0.392585129,0.8968153,-0.07315658,-0.3171767,-0.299616665
7934f1476fe2c6e458c230f491769c34,7400006,Mankey,0.6666667,source,RightThumbProximal,0.134798318,1.21681738,0.122426376,0.14452222,0.7366573,0.5937967,0.2895778
7934f1476fe2c6e458c230f491769c34,7400006,Mankey,0.6666667,source,RightThumbIntermediate,0.09953287,1.2416575,0.111050941,-0.316915154,-0.6420944,-0.68908906,-0.111519031
7934f1476fe2c6e458c230f491769c34,7400006,Mankey,0.6666667,source,RightThumbDistal,0.0763130859,1.2584722,0.119854741,0.6642358,0.177490085,0.5837153,-0.4319317
7934f1476fe2c6e458c230f491769c34,7400006,Mankey,0.6666667,source,RightIndexProximal,0.109187894,1.277821,0.1337449,0.0157946832,0.06756599,-0.982753634,0.171409234
7934f1476fe2c6e458c230f491769c34,7400006,Mankey,0.6666667,source,RightIndexIntermediate,0.08018055,1.26750088,0.132073134,-0.0535561033,-0.0289524533,0.5641846,-0.823401332
7934f1476fe2c6e458c230f491769c34,7400006,Mankey,0.6666667,source,RightIndexDistal,0.08823438,1.24689138,0.12966758,0.0576181263,-0.0288389958,0.220333546,0.973294735
7934f1476fe2c6e458c230f491769c34,7400006,Mankey,0.6666667,source,RightMiddleProximal,0.107652493,1.27303684,0.154595256,0.0740524158,0.08920823,-0.9665303,0.228861555
7934f1476fe2c6e458c230f491769c34,7400006,Mankey,0.6666667,source,RightMiddleIntermediate,0.07860905,1.25894451,0.148552626,-0.107957,0.0113757234,0.480960816,-0.8699959
7934f1476fe2c6e458c230f491769c34,7400006,Mankey,0.6666667,source,RightMiddleDistal,0.0903657749,1.24057937,0.146715209,0.06629104,-0.107211232,0.349875718,0.9282773
7934f1476fe2c6e458c230f491769c34,7400006,Mankey,0.6666667,source,RightRingProximal,0.10660816,1.267954,0.171510682,0.111752979,0.148398116,-0.933399558,0.3070091
7934f1476fe2c6e458c230f491769c34,7400006,Mankey,0.6666667,source,RightRingIntermediate,0.0819747,1.25104141,0.162122369,-0.18219766,0.009250314,0.384476632,-0.904929161
7934f1476fe2c6e458c230f491769c34,7400006,Mankey,0.6666667,source,RightRingDistal,0.09548554,1.2376225,0.159753963,0.121207975,-0.165095329,0.453563124,0.867371261
7934f1476fe2c6e458c230f491769c34,7400006,Mankey,0.6666667,source,RightLittleProximal,0.10428071,1.25748658,0.186319619,0.2148015,0.157725409,-0.938702762,0.218678892
7934f1476fe2c6e458c230f491769c34,7400006,Mankey,0.6666667,source,RightLittleIntermediate,0.08199324,1.24808216,0.17335926,-0.263165981,0.0598854981,0.536591768,-0.7995169
7934f1476fe2c6e458c230f491769c34,7400006,Mankey,0.6666667,source,RightLittleDistal,0.08992085,1.23117912,0.169815123,0.139322072,-0.26109767,0.255416483,0.920424
7934f1476fe2c6e458c230f491769c34,7400006,Mankey,0.6666667,fighter,AnimatorRoot,0,0,0,0,0,0,1
7934f1476fe2c6e458c230f491769c34,7400006,Mankey,0.6666667,fighter,Hips,-0.0553700626,0.786444366,-0.0197595581,0.23279947,-0.3006137,-0.57511127,0.7243499
7934f1476fe2c6e458c230f491769c34,7400006,Mankey,0.6666667,fighter,LeftUpperLeg,-0.1406499,0.787477,0.06644201,0.495757163,0.6954616,0.22144632,0.47065872
7934f1476fe2c6e458c230f491769c34,7400006,Mankey,0.6666667,fighter,RightUpperLeg,0.02990975,0.7854117,-0.105961144,0.6052825,0.7385704,0.277549118,0.105420321
7934f1476fe2c6e458c230f491769c34,7400006,Mankey,0.6666667,fighter,LeftLowerLeg,-0.11671301,0.4588527,0.225658119,0.6679672,0.5657408,0.34425652,0.3394771
7934f1476fe2c6e458c230f491769c34,7400006,Mankey,0.6666667,fighter,RightLowerLeg,0.119580068,0.436808735,-0.171930388,0.77273345,0.5567486,0.297764629,0.06519386
7934f1476fe2c6e458c230f491769c34,7400006,Mankey,0.6666667,fighter,LeftFoot,-0.160294145,0.107815549,0.198770747,0.0467876643,0.8915352,0.006628543,0.450479925
7934f1476fe2c6e458c230f491769c34,7400006,Mankey,0.6666667,fighter,RightFoot,0.0476596579,0.117793664,-0.3094295,0.08664913,0.9576289,0.046931088,0.270622164
7934f1476fe2c6e458c230f491769c34,7400006,Mankey,0.6666667,fighter,Spine,-0.0649890751,0.830047131,-0.0297980756,0.233687565,-0.311469585,-0.614694,0.6859505
7934f1476fe2c6e458c230f491769c34,7400006,Mankey,0.6666667,fighter,Chest,-0.0678128153,1.06820762,-0.053996373,0.3623457,-0.259102762,-0.7024407,0.5551112
7934f1476fe2c6e458c230f491769c34,7400006,Mankey,0.6666667,fighter,Neck,-0.0474922843,1.347236,-0.00944706053,0.4491703,-0.333240062,-0.6486297,0.5162135
7934f1476fe2c6e458c230f491769c34,7400006,Mankey,0.6666667,fighter,Head,-0.0380389951,1.49140692,0.02605816,0.570464432,-0.37796104,-0.611908257,0.3965906
7934f1476fe2c6e458c230f491769c34,7400006,Mankey,0.6666667,fighter,LeftShoulder,-0.0116927605,1.29524159,0.08439093,0.6903814,0.06930889,-0.267928928,0.668419063
7934f1476fe2c6e458c230f491769c34,7400006,Mankey,0.6666667,fighter,RightShoulder,0.036215093,1.29754317,0.04812295,-0.157202154,-0.5877179,-0.729252636,0.3131552
7934f1476fe2c6e458c230f491769c34,7400006,Mankey,0.6666667,fighter,LeftUpperArm,-0.191428974,1.35095215,0.182577088,0.7170357,0.462776482,0.119559675,0.507349133
7934f1476fe2c6e458c230f491769c34,7400006,Mankey,0.6666667,fighter,RightUpperArm,0.196344346,1.35526574,-0.07866853,0.2438377,0.6783614,0.5535236,0.41711
7934f1476fe2c6e458c230f491769c34,7400006,Mankey,0.6666667,fighter,LeftLowerArm,-0.3444963,1.12970972,0.266602337,-0.0220759865,0.8967516,-0.37561655,0.232940927
7934f1476fe2c6e458c230f491769c34,7400006,Mankey,0.6666667,fighter,RightLowerArm,0.3466044,1.1318785,0.00474739,-0.4288264,0.309191823,-0.007719297,0.8487929
7934f1476fe2c6e458c230f491769c34,7400006,Mankey,0.6666667,fighter,LeftHand,-0.1160551,1.18475819,0.369521081,0.443763077,-0.8081763,-0.337923,-0.189032584
7934f1476fe2c6e458c230f491769c34,7400006,Mankey,0.6666667,fighter,RightHand,0.139153212,1.20326638,0.137696773,0.19066979,0.234155566,-0.51435554,0.802654862
7934f1476fe2c6e458c230f491769c34,7400006,Mankey,0.6666667,fighter,LeftToes,0.009398012,0.107760891,0.422549635,0.13645339,0.8560823,0.06024392,0.4948479
7934f1476fe2c6e458c230f491769c34,7400006,Mankey,0.6666667,fighter,RightToes,0.2838913,0.088801764,-0.160344809,0.156873256,0.9622627,0.0601566732,0.2140626
7934f1476fe2c6e458c230f491769c34,7400006,Mankey,0.6666667,fighter,LeftEye,-0.15505445,1.5351975,0.2466951,0.4325261,-0.343306124,-0.4915126,-0.673407435
7934f1476fe2c6e458c230f491769c34,7400006,Mankey,0.6666667,fighter,RightEye,0.107076108,1.53254974,0.230037764,0.2784712,-0.473705053,-0.7044019,-0.449305415
7934f1476fe2c6e458c230f491769c34,7400006,Mankey,0.6666667,fighter,Jaw,-0.0311878175,1.33196723,0.159161121,0.6702967,0.137790978,-0.712735057,-0.154029
7934f1476fe2c6e458c230f491769c34,7400006,Mankey,0.6666667,fighter,LeftThumbProximal,-0.0771127641,1.24679935,0.364322156,0.2072417,-0.939855158,-0.263804436,0.0642678738
7934f1476fe2c6e458c230f491769c34,7400006,Mankey,0.6666667,fighter,LeftThumbIntermediate,-0.0364305824,1.26581717,0.3638073,0.166000217,-0.9112884,-0.306616724,-0.219051659
7934f1476fe2c6e458c230f491769c34,7400006,Mankey,0.6666667,fighter,LeftThumbDistal,-0.003523597,1.27233779,0.383229047,-0.05558341,-0.459421277,-0.3203438,-0.8265728
7934f1476fe2c6e458c230f491769c34,7400006,Mankey,0.6666667,fighter,LeftMiddleProximal,-0.04951721,1.29463387,0.4086846,-0.260017633,-0.932276964,-0.188568339,0.1664116
7934f1476fe2c6e458c230f491769c34,7400006,Mankey,0.6666667,fighter,LeftMiddleIntermediate,-0.0004278772,1.26903617,0.3839186,-0.8560764,-0.431571931,-0.12037795,0.257658124
7934f1476fe2c6e458c230f491769c34,7400006,Mankey,0.6666667,fighter,LeftMiddleDistal,-0.03235251,1.2329309,0.36106205,-0.9234852,0.3050535,0.06507841,0.223342672
7934f1476fe2c6e458c230f491769c34,7400006,Mankey,0.6666667,fighter,LeftRingProximal,-0.0367474928,1.26378226,0.452614158,-0.324377477,-0.871293843,-0.2704198,0.249998778
7934f1476fe2c6e458c230f491769c34,7400006,Mankey,0.6666667,fighter,LeftRingIntermediate,-0.0012998099,1.24084377,0.420018971,-0.8440373,-0.3820231,-0.0945180953,0.36431542
7934f1476fe2c6e458c230f491769c34,7400006,Mankey,0.6666667,fighter,LeftRingDistal,-0.03905723,1.20933521,0.396064937,-0.89912045,0.25739783,0.174896032,0.3077985
7934f1476fe2c6e458c230f491769c34,7400006,Mankey,0.6666667,fighter,LeftLittleProximal,-0.04052833,1.21321571,0.485018849,-0.28837505,-0.8725494,-0.288229823,0.269111454
7934f1476fe2c6e458c230f491769c34,7400006,Mankey,0.6666667,fighter,LeftLittleIntermediate,-0.003785598,1.19464743,0.451102018,-0.801276565,-0.443139046,-0.139365911,0.377042532
7934f1476fe2c6e458c230f491769c34,7400006,Mankey,0.6666667,fighter,LeftLittleDistal,-0.03523298,1.16117263,0.420257837,-0.9174177,0.12001431,0.151594758,0.3477943
7934f1476fe2c6e458c230f491769c34,7400006,Mankey,0.6666667,fighter,RightThumbProximal,0.10043627,1.26499987,0.128610089,-0.108381294,0.0246652365,0.217062712,-0.9698089
7934f1476fe2c6e458c230f491769c34,7400006,Mankey,0.6666667,fighter,RightThumbIntermediate,0.0598121844,1.28414834,0.12857458,0.152547076,0.245331213,-0.234991133,0.928074062
7934f1476fe2c6e458c230f491769c34,7400006,Mankey,0.6666667,fighter,RightThumbDistal,0.0299962629,1.29815483,0.1490053,-0.26192674,-0.840074539,0.1078617,-0.462639868
7934f1476fe2c6e458c230f491769c34,7400006,Mankey,0.6666667,fighter,RightMiddleProximal,0.08519267,1.32278216,0.16664356,-0.110247761,0.007314056,-0.29608196,-0.948750556
7934f1476fe2c6e458c230f491769c34,7400006,Mankey,0.6666667,fighter,RightMiddleIntermediate,0.0351834446,1.2888062,0.161842465,0.14701806,-0.075266704,0.8998108,0.403808326
7934f1476fe2c6e458c230f491769c34,7400006,Mankey,0.6666667,fighter,RightMiddleDistal,0.0688222349,1.25122392,0.144487649,-0.0756965,0.113536716,-0.9106457,0.3900053
7934f1476fe2c6e458c230f491769c34,7400006,Mankey,0.6666667,fighter,RightRingProximal,0.0838370845,1.302854,0.218080163,-0.2202443,0.0386976,-0.359627664,-0.90590477
7934f1476fe2c6e458c230f491769c34,7400006,Mankey,0.6666667,fighter,RightRingIntermediate,0.0444537774,1.2690078,0.20589076,0.145553514,-0.164710715,0.9236973,0.3137965
7934f1476fe2c6e458c230f491769c34,7400006,Mankey,0.6666667,fighter,RightRingDistal,0.08606454,1.2399199,0.185527563,0.03986402,0.188211888,-0.8568239,0.4783729
7934f1476fe2c6e458c230f491769c34,7400006,Mankey,0.6666667,fighter,RightLittleProximal,0.0954847,1.26024139,0.258944273,-0.199991047,0.13619028,-0.2560158,-0.9359015
7934f1476fe2c6e458c230f491769c34,7400006,Mankey,0.6666667,fighter,RightLittleIntermediate,0.0511153676,1.23758566,0.239884615,0.125415787,-0.2053452,0.841453,0.4837988
7934f1476fe2c6e458c230f491769c34,7400006,Mankey,0.6666667,fighter,RightLittleDistal,0.07880144,1.19538987,0.217214927,0.112100244,0.1881713,-0.930165231,0.29464972
7934f1476fe2c6e458c230f491769c34,7400006,Mankey,0.6666667,fighter,UpperChest,-0.0533467047,1.18378353,-0.0275530815,0.345864743,-0.2807246,-0.6672687,0.5969287
7934f1476fe2c6e458c230f491769c34,7400006,Mankey,0.683333337,source,AnimatorRoot,0,0,0,0,0,3.18242878E-15,1
7934f1476fe2c6e458c230f491769c34,7400006,Mankey,0.683333337,source,Hips,-0.0546570569,0.7885097,-0.0227589849,-0.07314617,0.384013057,0.0244474318,0.9201011
7934f1476fe2c6e458c230f491769c34,7400006,Mankey,0.683333337,source,LeftUpperLeg,-0.1252279,0.789631665,0.0484500825,-0.455049425,-0.207858562,0.695635438,0.515573859
7934f1476fe2c6e458c230f491769c34,7400006,Mankey,0.683333337,source,RightUpperLeg,0.0159139186,0.787388,-0.09396824,0.306759655,-0.129102468,-0.613300741,0.716305435
7934f1476fe2c6e458c230f491769c34,7400006,Mankey,0.683333337,source,LeftLowerLeg,-0.10501489,0.451747775,0.204542339,-0.371236742,-0.3248199,0.56200397,0.663948238
7934f1476fe2c6e458c230f491769c34,7400006,Mankey,0.683333337,source,RightLowerLeg,0.09582663,0.430362433,-0.165281072,0.322958142,-0.0622981079,-0.752202451,0.5709718
7934f1476fe2c6e458c230f491769c34,7400006,Mankey,0.683333337,source,LeftFoot,-0.1597437,0.108159825,0.199652091,0.5031178,0.12043263,-0.826259136,-0.222856
7934f1476fe2c6e458c230f491769c34,7400006,Mankey,0.683333337,source,RightFoot,0.0473290049,0.117478117,-0.3095839,0.230514526,-0.225206792,-0.254423141,0.91181916
7934f1476fe2c6e458c230f491769c34,7400006,Mankey,0.683333337,source,Spine,-0.06457192,0.885349452,-0.0341107361,-0.0164033379,0.378647476,-0.028067397,0.92497
7934f1476fe2c6e458c230f491769c34,7400006,Mankey,0.683333337,source,Chest,-0.0551677831,1.06418955,-0.0409934,0.10397841,0.323741823,-0.0133629469,0.9403198
7934f1476fe2c6e458c230f491769c34,7400006,Mankey,0.683333337,source,Neck,-0.0357152522,1.26236451,-0.00219553825,0.32132113,0.262375116,-0.04700728,0.9086818
7934f1476fe2c6e458c230f491769c34,7400006,Mankey,0.683333337,source,Head,-0.0136445425,1.33091855,0.04639447,0.204235375,0.0276104752,-0.0125437966,0.978452146
7934f1476fe2c6e458c230f491769c34,7400006,Mankey,0.683333337,source,LeftShoulder,-0.0625004,1.21829712,0.008641203,0.103756934,0.39405182,0.005766766,0.9131947
7934f1476fe2c6e458c230f491769c34,7400006,Mankey,0.683333337,source,RightShoulder,-0.0156542566,1.22080278,-0.027624689,0.975488961,-0.05741816,-0.19582,-0.08233673
7934f1476fe2c6e458c230f491769c34,7400006,Mankey,0.683333337,source,LeftUpperArm,-0.160393864,1.20519,0.110669121,0.0829366744,0.396858215,0.489245772,0.7721814
7934f1476fe2c6e458c230f491769c34,7400006,Mankey,0.683333337,source,RightUpperArm,0.114521027,1.209468,-0.08321971,0.8482294,-0.498268574,0.133875936,0.119636022
7934f1476fe2c6e458c230f491769c34,7400006,Mankey,0.683333337,source,LeftLowerArm,-0.207131878,1.01908457,0.231145933,-0.5232637,0.768811,0.337764174,0.1450528
7934f1476fe2c6e458c230f491769c34,7400006,Mankey,0.683333337,source,RightLowerArm,0.220471278,1.02521086,-0.00475045,0.219462141,-0.203878284,0.7919093,0.532118261
7934f1476fe2c6e458c230f491769c34,7400006,Mankey,0.683333337,source,LeftHand,-0.1101443,1.18610692,0.367420673,-0.443273038,0.845583856,0.297363639,-0.008484625
7934f1476fe2c6e458c230f491769c34,7400006,Mankey,0.683333337,source,RightHand,0.140721,1.20327044,0.12869975,0.05403893,-0.148716733,0.8618005,0.4819372
7934f1476fe2c6e458c230f491769c34,7400006,Mankey,0.683333337,source,LeftToes,-0.100685492,0.0348704867,0.3161066,0.517343342,0.00228447514,-0.855188,-0.0316967666
7934f1476fe2c6e458c230f491769c34,7400006,Mankey,0.683333337,source,RightToes,0.162491664,0.0324575529,-0.265651584,0.333843052,-0.201731414,0.0214069635,0.9205409
7934f1476fe2c6e458c230f491769c34,7400006,Mankey,0.683333337,source,LeftThumbProximal,-0.109247908,1.20268071,0.354760259,-0.339701653,0.7007574,-0.6180452,0.107527442
7934f1476fe2c6e458c230f491769c34,7400006,Mankey,0.683333337,source,LeftThumbIntermediate,-0.0759647861,1.2298491,0.342750967,-0.116503663,0.8010608,-0.5293299,0.254045039
7934f1476fe2c6e458c230f491769c34,7400006,Mankey,0.683333337,source,LeftThumbDistal,-0.050659582,1.24351275,0.3512585,0.5298689,0.6414446,-0.126538634,0.5401633
7934f1476fe2c6e458c230f491769c34,7400006,Mankey,0.683333337,source,LeftIndexProximal,-0.07878516,1.26007521,0.371591538,0.20532833,0.9454915,0.133678526,-0.214515075
7934f1476fe2c6e458c230f491769c34,7400006,Mankey,0.683333337,source,LeftIndexIntermediate,-0.0533885658,1.24987149,0.357390881,0.8307207,0.497760683,-0.07243339,-0.238518551
7934f1476fe2c6e458c230f491769c34,7400006,Mankey,0.683333337,source,LeftIndexDistal,-0.06438214,1.23069739,0.354784727,0.9244411,-0.281131238,-0.234531552,-0.106627822
7934f1476fe2c6e458c230f491769c34,7400006,Mankey,0.683333337,source,LeftMiddleProximal,-0.07214638,1.25091922,0.389814377,0.208726659,0.9343728,0.165301412,-0.2367619
7934f1476fe2c6e458c230f491769c34,7400006,Mankey,0.683333337,source,LeftMiddleIntermediate,-0.0458465554,1.24067914,0.3730161,0.8192813,0.497444838,-0.07339319,-0.275573224
7934f1476fe2c6e458c230f491769c34,7400006,Mankey,0.683333337,source,LeftMiddleDistal,-0.0566624068,1.22196007,0.369648755,0.912083268,-0.276973218,-0.271276742,-0.133413419
7934f1476fe2c6e458c230f491769c34,7400006,Mankey,0.683333337,source,LeftRingProximal,-0.06701076,1.24231541,0.4043968,0.294078469,0.8793831,0.197923288,-0.317852557
7934f1476fe2c6e458c230f491769c34,7400006,Mankey,0.683333337,source,LeftRingIntermediate,-0.04743687,1.230057,0.383242339,0.81818223,0.4328768,-0.100496657,-0.36482352
7934f1476fe2c6e458c230f491769c34,7400006,Mankey,0.683333337,source,LeftRingDistal,-0.0590486042,1.21505523,0.3803368,0.8803961,-0.255810678,-0.3426938,-0.205000415
7934f1476fe2c6e458c230f491769c34,7400006,Mankey,0.683333337,source,LeftLittleProximal,-0.0614293739,1.22892368,0.415522933,0.268841922,0.8706548,0.229715273,-0.3419291
7934f1476fe2c6e458c230f491769c34,7400006,Mankey,0.683333337,source,LeftLittleIntermediate,-0.0443687327,1.22038686,0.395792,0.7635977,0.4927165,-0.07424311,-0.4106551
7934f1476fe2c6e458c230f491769c34,7400006,Mankey,0.683333337,source,LeftLittleDistal,-0.0539329126,1.2049334,0.390258133,0.8910821,-0.100924708,-0.336431116,-0.287404776
7934f1476fe2c6e458c230f491769c34,7400006,Mankey,0.683333337,source,RightThumbProximal,0.136407182,1.21700108,0.113579057,0.1451339,0.7326673,0.5984953,0.28972134
7934f1476fe2c6e458c230f491769c34,7400006,Mankey,0.683333337,source,RightThumbIntermediate,0.10116493,1.24195874,0.10239055,-0.316330761,-0.637859166,-0.6934474,-0.110461183
7934f1476fe2c6e458c230f491769c34,7400006,Mankey,0.683333337,source,RightThumbDistal,0.07790887,1.25865579,0.111321695,0.660672545,0.174838036,0.585707247,-0.4357651
7934f1476fe2c6e458c230f491769c34,7400006,Mankey,0.683333337,source,RightIndexProximal,0.110729791,1.27785254,0.125546247,0.0183536578,0.0731820539,-0.9822628,0.17166166
7934f1476fe2c6e458c230f491769c34,7400006,Mankey,0.683333337,source,RightIndexIntermediate,0.08173314,1.26753926,0.123659477,-0.0593672656,-0.0310444869,0.5637117,-0.823250532
7934f1476fe2c6e458c230f491769c34,7400006,Mankey,0.683333337,source,RightIndexDistal,0.08980518,1.24696386,0.121032745,0.06310381,-0.031678237,0.220488951,0.9728307
7934f1476fe2c6e458c230f491769c34,7400006,Mankey,0.683333337,source,RightMiddleProximal,0.109131172,1.27281821,0.14633286,0.0769232661,0.0946505144,-0.9658042,0.228794232
7934f1476fe2c6e458c230f491769c34,7400006,Mankey,0.683333337,source,RightMiddleIntermediate,0.080114156,1.25878561,0.14003028,-0.113924861,0.009841232,0.480633765,-0.8694344
7934f1476fe2c6e458c230f491769c34,7400006,Mankey,0.683333337,source,RightMiddleDistal,0.09188609,1.24044943,0.138010234,0.0713221952,-0.11075139,0.34956193,0.9276067
7934f1476fe2c6e458c230f491769c34,7400006,Mankey,0.683333337,source,RightRingProximal,0.1080361,1.267533,0.163182825,0.115024164,0.153527111,-0.932240844,0.3067999
7934f1476fe2c6e458c230f491769c34,7400006,Mankey,0.683333337,source,RightRingIntermediate,0.08344113,1.250722,0.153515,-0.1882206,0.00833013747,0.384012878,-0.903901756
7934f1476fe2c6e458c230f491769c34,7400006,Mankey,0.683333337,source,RightRingDistal,0.0969662443,1.2373389,0.151028737,0.125724331,-0.1691455,0.452972263,0.8662561
7934f1476fe2c6e458c230f491769c34,7400006,Mankey,0.683333337,source,RightLittleProximal,0.105667442,1.25688767,0.17785801,0.2175479,0.163050815,-0.9373474,0.217870325
7934f1476fe2c6e458c230f491769c34,7400006,Mankey,0.683333337,source,RightLittleIntermediate,0.08342577,1.24762845,0.164715633,-0.268808752,0.0578673147,0.536326647,-0.797964454
7934f1476fe2c6e458c230f491769c34,7400006,Mankey,0.683333337,source,RightLittleDistal,0.09137323,1.230773,0.160994485,0.144491941,-0.2640388,0.254296452,0.919097245
7934f1476fe2c6e458c230f491769c34,7400006,Mankey,0.683333337,fighter,AnimatorRoot,0,0,0,0,0,0,1
7934f1476fe2c6e458c230f491769c34,7400006,Mankey,0.683333337,fighter,Hips,-0.05465705,0.788509667,-0.0227589831,0.227532834,-0.296338916,-0.5778766,0.7255831
7934f1476fe2c6e458c230f491769c34,7400006,Mankey,0.683333337,fighter,LeftUpperLeg,-0.138692558,0.790002048,0.06464945,0.502218,0.69287765,0.220571816,0.468023419
7934f1476fe2c6e458c230f491769c34,7400006,Mankey,0.683333337,fighter,RightUpperLeg,0.0293784458,0.787017345,-0.110167421,0.6063419,0.738711357,0.27460134,0.106063396
7934f1476fe2c6e458c230f491769c34,7400006,Mankey,0.683333337,fighter,LeftLowerLeg,-0.11766427,0.459765434,0.2209133,0.6642932,0.570178866,0.33998242,0.343544334
7934f1476fe2c6e458c230f491769c34,7400006,Mankey,0.683333337,fighter,RightLowerLeg,0.118009768,0.437877327,-0.174685135,0.771234035,0.5588164,0.296823859,0.0694138259
7934f1476fe2c6e458c230f491769c34,7400006,Mankey,0.683333337,fighter,LeftFoot,-0.159743652,0.10815981,0.199652135,0.0485718027,0.8917594,0.009784102,0.449789345
7934f1476fe2c6e458c230f491769c34,7400006,Mankey,0.683333337,fighter,RightFoot,0.04732901,0.117478028,-0.309583932,0.0865761042,0.957379043,0.0466614366,0.271575421
7934f1476fe2c6e458c230f491769c34,7400006,Mankey,0.683333337,fighter,Spine,-0.0642547756,0.8321323,-0.03273114,0.229018584,-0.306621045,-0.617702961,0.6870062
7934f1476fe2c6e458c230f491769c34,7400006,Mankey,0.683333337,fighter,Chest,-0.0665992945,1.07032442,-0.0566690452,0.356089652,-0.254624367,-0.705606937,0.5572125
7934f1476fe2c6e458c230f491769c34,7400006,Mankey,0.683333337,fighter,Neck,-0.04536305,1.349365,-0.0126255,0.4467556,-0.331473917,-0.6507784,0.5167421
7934f1476fe2c6e458c230f491769c34,7400006,Mankey,0.683333337,fighter,Head,-0.0354283862,1.4934938,0.02291843,0.5715312,-0.379175663,-0.611696362,0.394215137
7934f1476fe2c6e458c230f491769c34,7400006,Mankey,0.683333337,fighter,LeftShoulder,-0.007988898,1.2974,0.08061309,0.6879491,0.07478571,-0.273843139,0.667939663
7934f1476fe2c6e458c230f491769c34,7400006,Mankey,0.683333337,fighter,RightShoulder,0.0392914265,1.29965532,0.04352787,-0.1664764,-0.583867252,-0.7262843,0.32232976
7934f1476fe2c6e458c230f491769c34,7400006,Mankey,0.683333337,fighter,LeftUpperArm,-0.186030075,1.3532052,0.181788519,0.720390439,0.4646226,0.122004911,0.5002783
7934f1476fe2c6e458c230f491769c34,7400006,Mankey,0.683333337,fighter,RightUpperArm,0.195671439,1.35777032,-0.08768678,0.257996142,0.6782618,0.5506427,0.412543327
7934f1476fe2c6e458c230f491769c34,7400006,Mankey,0.683333337,fighter,LeftLowerArm,-0.33779934,1.13012493,0.263270617,-0.0242731553,0.8982435,-0.369969726,0.235992253
7934f1476fe2c6e458c230f491769c34,7400006,Mankey,0.683333337,fighter,RightLowerArm,0.344062179,1.13107848,-0.0100389812,-0.418461859,0.3219002,-0.00707211345,0.849247
7934f1476fe2c6e458c230f491769c34,7400006,Mankey,0.683333337,fighter,LeftHand,-0.110144392,1.186107,0.367420763,0.4489988,-0.805722356,-0.340566546,-0.182281017
7934f1476fe2c6e458c230f491769c34,7400006,Mankey,0.683333337,fighter,RightHand,0.140720829,1.20327032,0.128699526,0.196224824,0.236011922,-0.51244396,0.8019951
7934f1476fe2c6e458c230f491769c34,7400006,Mankey,0.683333337,fighter,LeftToes,0.0102080433,0.106420867,0.423227072,0.133841723,0.8568522,0.061197862,0.494111121
7934f1476fe2c6e458c230f491769c34,7400006,Mankey,0.683333337,fighter,RightToes,0.283269644,0.0885574743,-0.160025463,0.156807557,0.96206665,0.05995673,0.215045586
7934f1476fe2c6e458c230f491769c34,7400006,Mankey,0.683333337,fighter,LeftEye,-0.153247878,1.5372529,0.243133321,0.432370126,-0.342103183,-0.4897898,-0.6753726
7934f1476fe2c6e458c230f491769c34,7400006,Mankey,0.683333337,fighter,RightEye,0.108941905,1.533766,0.227599114,0.278771728,-0.472525179,-0.7035061,-0.4517582
7934f1476fe2c6e458c230f491769c34,7400006,Mankey,0.683333337,fighter,Jaw,-0.029679412,1.33377934,0.1557438,0.6719103,0.137690514,-0.7109017,-0.1555544
7934f1476fe2c6e458c230f491769c34,7400006,Mankey,0.683333337,fighter,LeftThumbProximal,-0.07226003,1.24875951,0.361756861,0.209417745,-0.939084649,-0.263556,0.06930485
7934f1476fe2c6e458c230f491769c34,7400006,Mankey,0.683333337,fighter,LeftThumbIntermediate,-0.03171969,1.26806438,0.360868633,0.168102756,-0.911011934,-0.307445645,-0.217430949
7934f1476fe2c6e458c230f491769c34,7400006,Mankey,0.683333337,fighter,LeftThumbDistal,0.00118765258,1.27475452,0.3802319,-0.0583476126,-0.4494042,-0.320976019,-0.8316288
7934f1476fe2c6e458c230f491769c34,7400006,Mankey,0.683333337,fighter,LeftMiddleProximal,-0.0450552553,1.2971282,0.405780375,-0.263375163,-0.930241048,-0.1818709,0.179467008
7934f1476fe2c6e458c230f491769c34,7400006,Mankey,0.683333337,fighter,LeftMiddleIntermediate,0.00327304355,1.27136874,0.379719317,-0.86456126,-0.415862322,-0.104493871,0.2620566
7934f1476fe2c6e458c230f491769c34,7400006,Mankey,0.683333337,fighter,LeftMiddleDistal,-0.0304527,1.23593426,0.3584557,-0.9143876,0.333551824,0.0834582746,0.213714659
7934f1476fe2c6e458c230f491769c34,7400006,Mankey,0.683333337,fighter,LeftRingProximal,-0.0314020924,1.26658034,0.449656278,-0.328268,-0.867488444,-0.264266729,0.2643252
7934f1476fe2c6e458c230f491769c34,7400006,Mankey,0.683333337,fighter,LeftRingIntermediate,0.00298869959,1.24365318,0.415940046,-0.8510629,-0.365263343,-0.07584077,0.3694905
7934f1476fe2c6e458c230f491769c34,7400006,Mankey,0.683333337,fighter,LeftRingDistal,-0.03648697,1.21271,0.3941135,-0.8895799,0.285151631,0.19737871,0.2972848
7934f1476fe2c6e458c230f491769c34,7400006,Mankey,0.683333337,fighter,LeftLittleProximal,-0.0340781175,1.21602774,0.482192546,-0.291379631,-0.868619561,-0.282369643,0.284369469
7934f1476fe2c6e458c230f491769c34,7400006,Mankey,0.683333337,fighter,LeftLittleIntermediate,0.00157778582,1.19759345,0.44706437,-0.8089194,-0.428513259,-0.12078774,0.3839747
7934f1476fe2c6e458c230f491769c34,7400006,Mankey,0.683333337,fighter,LeftLittleDistal,-0.031814903,1.1643703,0.4180467,-0.9120197,0.145400792,0.17588833,0.3407966
7934f1476fe2c6e458c230f491769c34,7400006,Mankey,0.683333337,fighter,RightThumbProximal,0.102000974,1.26508975,0.120230563,-0.114789061,0.0243514329,0.2162855,-0.9692532
7934f1476fe2c6e458c230f491769c34,7400006,Mankey,0.683333337,fighter,RightThumbIntermediate,0.061345268,1.28417075,0.120340526,0.158703387,0.2458625,-0.231740266,0.927718639
7934f1476fe2c6e458c230f491769c34,7400006,Mankey,0.683333337,fighter,RightThumbDistal,0.0314318836,1.29781318,0.140874818,-0.263898849,-0.8405396,0.101186216,-0.462182879
7934f1476fe2c6e458c230f491769c34,7400006,Mankey,0.683333337,fighter,RightMiddleProximal,0.08660781,1.32240522,0.15890488,-0.115608871,0.0116638988,-0.2969783,-0.9477885
7934f1476fe2c6e458c230f491769c34,7400006,Mankey,0.683333337,fighter,RightMiddleIntermediate,0.0366730243,1.28842652,0.153399318,0.148593783,-0.0826709,0.899816751,0.401765972
7934f1476fe2c6e458c230f491769c34,7400006,Mankey,0.683333337,fighter,RightMiddleDistal,0.07043772,1.25117016,0.135592252,-0.07125713,0.119713455,-0.909546435,0.391557
7934f1476fe2c6e458c230f491769c34,7400006,Mankey,0.683333337,fighter,RightRingProximal,0.08510038,1.30186164,0.210094586,-0.225318819,0.04343185,-0.360411048,-0.904129148
7934f1476fe2c6e458c230f491769c34,7400006,Mankey,0.683333337,fighter,RightRingIntermediate,0.04581878,1.26814294,0.197242364,0.146471187,-0.172077,0.92295897,0.311581075
7934f1476fe2c6e458c230f491769c34,7400006,Mankey,0.683333337,fighter,RightRingDistal,0.0875517949,1.23943877,0.17658706,0.04477468,0.193875521,-0.8548835,0.479147434
7934f1476fe2c6e458c230f491769c34,7400006,Mankey,0.683333337,fighter,RightLittleProximal,0.09664118,1.25876844,0.250482142,-0.20530878,0.14011088,-0.255868584,-0.93421036
7934f1476fe2c6e458c230f491769c34,7400006,Mankey,0.683333337,fighter,RightLittleIntermediate,0.0523793362,1.23633683,0.230914235,0.127720043,-0.212660789,0.840456963,0.481763422
7934f1476fe2c6e458c230f491769c34,7400006,Mankey,0.683333337,fighter,RightLittleDistal,0.08021839,1.19453931,0.207700461,0.11598748,0.194886073,-0.9282367,0.2948616
7934f1476fe2c6e458c230f491769c34,7400006,Mankey,0.683333337,fighter,UpperChest,-0.0516178049,1.18590617,-0.0305401366,0.3398935,-0.275872827,-0.6703009,0.5992192
7934f1476fe2c6e458c230f491769c34,7400006,Mankey,0.7,source,AnimatorRoot,0,0,0,0,0,3.25475671E-15,1
7934f1476fe2c6e458c230f491769c34,7400006,Mankey,0.7,source,Hips,-0.05418319,0.7905219,-0.025459161,-0.07275297,0.3903381,0.0225053728,0.9175165
7934f1476fe2c6e458c230f491769c34,7400006,Mankey,0.7,source,LeftUpperLeg,-0.123790212,0.7920758,0.0466843173,-0.451536745,-0.2061375,0.6934022,0.5223173
7934f1476fe2c6e458c230f491769c34,7400006,Mankey,0.7,source,RightUpperLeg,0.0154239517,0.7889682,-0.09760284,0.303600818,-0.130273536,-0.61416924,0.7166949
7934f1476fe2c6e458c230f491769c34,7400006,Mankey,0.7,source,LeftLowerLeg,-0.106420904,0.452687979,0.199828386,-0.375011623,-0.3184344,0.5678087,0.659968853
7934f1476fe2c6e458c230f491769c34,7400006,Mankey,0.7,source,RightLowerLeg,0.09431544,0.431339473,-0.167004764,0.322432637,-0.06591349,-0.7506519,0.572899938
7934f1476fe2c6e458c230f491769c34,7400006,Mankey,0.7,source,LeftFoot,-0.159444079,0.108803414,0.201761618,0.501401365,0.121906094,-0.8267349,-0.224153891
7934f1476fe2c6e458c230f491769c34,7400006,Mankey,0.7,source,RightFoot,0.0471167937,0.117275424,-0.309159577,0.230689943,-0.225421488,-0.254198223,0.9117844
7934f1476fe2c6e458c230f491769c34,7400006,Mankey,0.7,source,Spine,-0.063797,0.8873907,-0.03682142,-0.0152167566,0.385026336,-0.02873155,0.9223327
7934f1476fe2c6e458c230f491769c34,7400006,Mankey,0.7,source,Chest,-0.0540413819,1.0662204,-0.0434842259,0.103747144,0.332160264,-0.0140717188,0.93739444
7934f1476fe2c6e458c230f491769c34,7400006,Mankey,0.7,source,Neck,-0.03399536,1.26440716,-0.005051456,0.3228724,0.2664434,-0.05275321,0.906630337
7934f1476fe2c6e458c230f491769c34,7400006,Mankey,0.7,source,Head,-0.010737271,1.33268809,0.04336916,0.205188945,0.02565285,-0.0139029948,0.9782874
7934f1476fe2c6e458c230f491769c34,7400006,Mankey,0.7,source,LeftShoulder,-0.060560897,1.2203275,0.00626488961,0.103662848,0.402142584,0.004974899,0.9096765
7934f1476fe2c6e458c230f491769c34,7400006,Mankey,0.7,source,RightShoulder,-0.014371857,1.22285378,-0.0308328774,0.972854,-0.05712735,-0.208629817,-0.08225275
7934f1476fe2c6e458c230f491769c34,7400006,Mankey,0.7,source,LeftUpperArm,-0.1566273,1.207203,0.110012725,0.0873931646,0.400519162,0.492224842,0.767894447
7934f1476fe2c6e458c230f491769c34,7400006,Mankey,0.7,source,RightUpperArm,0.11434143,1.21193683,-0.0898124948,0.845864534,-0.5046284,0.122618169,0.121771567
7934f1476fe2c6e458c230f491769c34,7400006,Mankey,0.7,source,LeftLowerArm,-0.200717643,1.020065,0.229886562,-0.5252427,0.7661188,0.34305194,0.139634877
7934f1476fe2c6e458c230f491769c34,7400006,Mankey,0.7,source,RightLowerArm,0.218709916,1.02528417,-0.0149686886,0.223825574,-0.206435084,0.7860054,0.5380359
7934f1476fe2c6e458c230f491769c34,7400006,Mankey,0.7,source,LeftHand,-0.103981815,1.18765426,0.365643382,-0.44851324,0.841556132,0.300570548,-0.0166476
7934f1476fe2c6e458c230f491769c34,7400006,Mankey,0.7,source,RightHand,0.142867818,1.2033664,0.120711096,0.0552661158,-0.152399689,0.8617333,0.480766147
7934f1476fe2c6e458c230f491769c34,7400006,Mankey,0.7,source,LeftToes,-0.100043319,0.0350015238,0.317717224,0.5160128,0.00230663316,-0.856105,-0.0284530874
7934f1476fe2c6e458c230f491769c34,7400006,Mankey,0.7,source,RightToes,0.162284747,0.0322921835,-0.265168875,0.333931863,-0.201946765,0.0216660481,0.9204553
7934f1476fe2c6e458c230f491769c34,7400006,Mankey,0.7,source,LeftThumbProximal,-0.103543438,1.204248,0.352984965,-0.34661302,0.698775351,-0.616668046,0.106271245
7934f1476fe2c6e458c230f491769c34,7400006,Mankey,0.7,source,LeftThumbIntermediate,-0.07065954,1.23170483,0.340539873,-0.121254951,0.8014463,-0.527828634,0.25372985
7934f1476fe2c6e458c230f491769c34,7400006,Mankey,0.7,source,LeftThumbDistal,-0.0454124436,1.24556673,0.348898172,0.534190834,0.6392156,-0.119901888,0.540063143
7934f1476fe2c6e458c230f491769c34,7400006,Mankey,0.7,source,LeftIndexProximal,-0.07384775,1.26214969,0.36944586,0.208595246,0.9431614,0.127642035,-0.22503902
7934f1476fe2c6e458c230f491769c34,7400006,Mankey,0.7,source,LeftIndexIntermediate,-0.0488197953,1.25178862,0.3547147,0.836823165,0.4841454,-0.08711722,-0.2402946
7934f1476fe2c6e458c230f491769c34,7400006,Mankey,0.7,source,LeftIndexDistal,-0.06030421,1.23282349,0.352781415,0.914747238,-0.305653274,-0.24687095,-0.09417357
7934f1476fe2c6e458c230f491769c34,7400006,Mankey,0.7,source,LeftMiddleProximal,-0.0668049753,1.25309944,0.387569547,0.21224837,0.9316921,0.159307361,-0.248037085
7934f1476fe2c6e458c230f491769c34,7400006,Mankey,0.7,source,LeftMiddleIntermediate,-0.04096163,1.24270523,0.3701683,0.8251229,0.48368904,-0.08894702,-0.2780395
7934f1476fe2c6e458c230f491769c34,7400006,Mankey,0.7,source,LeftMiddleDistal,-0.0522575043,1.22415853,0.36749503,0.902023852,-0.3011739,-0.2848625,-0.120421045
7934f1476fe2c6e458c230f491769c34,7400006,Mankey,0.7,source,LeftRingProximal,-0.06132391,1.24457753,0.402074,0.298024178,0.8750975,0.190531835,-0.330279052
7934f1476fe2c6e458c230f491769c34,7400006,Mankey,0.7,source,LeftRingIntermediate,-0.04240088,1.23218274,0.380412817,0.8225535,0.417580068,-0.118619,-0.367372632
7934f1476fe2c6e458c230f491769c34,7400006,Mankey,0.7,source,LeftRingDistal,-0.0543596074,1.21732593,0.3782697,0.8696839,-0.279683679,-0.359315634,-0.1905776
7934f1476fe2c6e458c230f491769c34,7400006,Mankey,0.7,source,LeftLittleProximal,-0.05536184,1.23127759,0.4131127,0.2724056,0.8660651,0.2225468,-0.355246037
7934f1476fe2c6e458c230f491769c34,7400006,Mankey,0.7,source,LeftLittleIntermediate,-0.0389166735,1.22266734,0.3928971,0.768002868,0.4786983,-0.09261406,-0.415261775
7934f1476fe2c6e458c230f491769c34,7400006,Mankey,0.7,source,LeftLittleDistal,-0.0488817841,1.20723748,0.388046682,0.8842219,-0.123525888,-0.3558515,-0.276158243
7934f1476fe2c6e458c230f491769c34,7400006,Mankey,0.7,source,RightThumbProximal,0.138554335,1.21720445,0.105688579,0.145009816,0.7302462,0.601710141,0.289237529
7934f1476fe2c6e458c230f491769c34,7400006,Mankey,0.7,source,RightThumbIntermediate,0.103283867,1.24217987,0.09462913,-0.315523863,-0.635397732,-0.696277261,-0.1091462
7934f1476fe2c6e458c230f491769c34,7400006,Mankey,0.7,source,RightThumbDistal,0.079979904,1.25876331,0.103646651,0.6583065,0.173609614,0.5865416,-0.438705
7934f1476fe2c6e458c230f491769c34,7400006,Mankey,0.7,source,RightIndexProximal,0.112738542,1.277913,0.118076622,0.0198142584,0.07681723,-0.981792867,0.172598273
7934f1476fe2c6e458c230f491769c34,7400006,Mankey,0.7,source,RightIndexIntermediate,0.08376522,1.267559,0.116059013,-0.06299769,-0.03253422,0.5627446,-0.823585033
7934f1476fe2c6e458c230f491769c34,7400006,Mankey,0.7,source,RightIndexDistal,0.0918815359,1.24702013,0.113288909,0.06667233,-0.0333274081,0.221356,0.9723408
7934f1476fe2c6e458c230f491769c34,7400006,Mankey,0.7,source,RightMiddleProximal,0.111112848,1.27271628,0.13882108,0.0785675,0.09822797,-0.9651449,0.229508772
7934f1476fe2c6e458c230f491769c34,7400006,Mankey,0.7,source,RightMiddleIntermediate,0.08213419,1.25867677,0.1323593,-0.117697619,0.008658616,0.479731381,-0.86944294
7934f1476fe2c6e458c230f491769c34,7400006,Mankey,0.7,source,RightMiddleDistal,0.0939449444,1.24037921,0.130219534,0.07467848,-0.112847328,0.35008812,0.926891565
7934f1476fe2c6e458c230f491769c34,7400006,Mankey,0.7,source,RightRingProximal,0.109998211,1.26729941,0.155628055,0.116881117,0.156942472,-0.9312473,0.3073875
7934f1476fe2c6e458c230f491769c34,7400006,Mankey,0.7,source,RightRingIntermediate,0.08545281,1.25051641,0.145787641,-0.1920378,0.00747770164,0.3830063,-0.9035333
7934f1476fe2c6e458c230f491769c34,7400006,Mankey,0.7,source,RightRingDistal,0.09900806,1.23717868,0.143222809,0.128808886,-0.1715312,0.453263044,0.8651814
7934f1476fe2c6e458c230f491769c34,7400006,Mankey,0.7,source,RightLittleProximal,0.107624121,1.25653756,0.170216858,0.219058052,0.1666632,-0.936311543,0.218078509
7934f1476fe2c6e458c230f491769c34,7400006,Mankey,0.7,source,RightLittleIntermediate,0.08542359,1.24733675,0.156964108,-0.272401422,0.0562583469,0.535539269,-0.7973899
7934f1476fe2c6e458c230f491769c34,7400006,Mankey,0.7,source,RightLittleDistal,0.09341008,1.23052561,0.153127879,0.148046657,-0.265690148,0.254291832,0.91805625
7934f1476fe2c6e458c230f491769c34,7400006,Mankey,0.7,fighter,AnimatorRoot,0,0,0,0,0,0,1
7934f1476fe2c6e458c230f491769c34,7400006,Mankey,0.7,fighter,Hips,-0.0541831851,0.79052186,-0.02545916,0.222285718,-0.292923927,-0.581227958,0.725919247
7934f1476fe2c6e458c230f491769c34,7400006,Mankey,0.7,fighter,LeftUpperLeg,-0.137086943,0.792678833,0.06300973,0.50922817,0.6907337,0.218587846,0.4645356
7934f1476fe2c6e458c230f491769c34,7400006,Mankey,0.7,fighter,RightUpperLeg,0.028720554,0.7883648,-0.113928057,0.606700838,0.73965,0.270873249,0.107050776
7934f1476fe2c6e458c230f491769c34,7400006,Mankey,0.7,fighter,LeftLowerLeg,-0.118867457,0.460924,0.21638374,0.6607319,0.575669765,0.333787858,0.347309053
7934f1476fe2c6e458c230f491769c34,7400006,Mankey,0.7,fighter,RightLowerLeg,0.116879173,0.43870762,-0.176255122,0.770098031,0.5603621,0.2960892,0.07262701
7934f1476fe2c6e458c230f491769c34,7400006,Mankey,0.7,fighter,LeftFoot,-0.1594441,0.108803265,0.201761663,0.0495899059,0.8924021,0.0116616338,0.448356569
7934f1476fe2c6e458c230f491769c34,7400006,Mankey,0.7,fighter,RightFoot,0.04711682,0.117275253,-0.309159547,0.0864007846,0.957310557,0.04679796,0.27184853
7934f1476fe2c6e458c230f491769c34,7400006,Mankey,0.7,fighter,Spine,-0.06364454,0.834183633,-0.03538992,0.224806875,-0.301957965,-0.620818257,0.6876541
7934f1476fe2c6e458c230f491769c34,7400006,Mankey,0.7,fighter,Chest,-0.06537247,1.07242143,-0.0589222834,0.349690378,-0.2499658,-0.7088998,0.5591913
7934f1476fe2c6e458c230f491769c34,7400006,Mankey,0.7,fighter,Neck,-0.04313791,1.35145688,-0.01534165,0.444010049,-0.32949695,-0.653171241,0.5173532
7934f1476fe2c6e458c230f491769c34,7400006,Mankey,0.7,fighter,Head,-0.0326635577,1.4955405,0.0202308651,0.572225749,-0.380274475,-0.61179024,0.3919975
7934f1476fe2c6e458c230f491769c34,7400006,Mankey,0.7,fighter,LeftShoulder,-0.00417329045,1.29948771,0.07724116,0.6854451,0.08021547,-0.28014487,0.667270362
7934f1476fe2c6e458c230f491769c34,7400006,Mankey,0.7,fighter,RightShoulder,0.0424497575,1.30169368,0.0393300727,-0.175239637,-0.5800033,-0.72364527,0.3304919
7934f1476fe2c6e458c230f491769c34,7400006,Mankey,0.7,fighter,LeftUpperArm,-0.180375218,1.35549951,0.181475878,0.723825,0.466226,0.12362197,0.493384719
7934f1476fe2c6e458c230f491769c34,7400006,Mankey,0.7,fighter,RightUpperArm,0.19529672,1.36007035,-0.09587097,0.271455616,0.6783916,0.5476017,0.40771246
7934f1476fe2c6e458c230f491769c34,7400006,Mankey,0.7,fighter,LeftLowerArm,-0.331079334,1.13088989,0.2607025,-0.0267298371,0.9001829,-0.3637348,0.238020629
7934f1476fe2c6e458c230f491769c34,7400006,Mankey,0.7,fighter,RightLowerArm,0.341904044,1.130411,-0.02375272,-0.408845067,0.334694743,-0.006311644,0.848990858
7934f1476fe2c6e458c230f491769c34,7400006,Mankey,0.7,fighter,LeftHand,-0.103981934,1.18765438,0.365643382,0.4535373,-0.802930355,-0.34544006,-0.174007252
7934f1476fe2c6e458c230f491769c34,7400006,Mankey,0.7,fighter,RightHand,0.142867669,1.20336628,0.120711014,0.199529961,0.23745349,-0.5105892,0.801936865
7934f1476fe2c6e458c230f491769c34,7400006,Mankey,0.7,fighter,LeftToes,0.0111710737,0.106077358,0.42482087,0.130724624,0.8581153,0.060987547,0.4927776
7934f1476fe2c6e458c230f491769c34,7400006,Mankey,0.7,fighter,RightToes,0.282978475,0.0884239152,-0.159463212,0.156623721,0.96202755,0.06010419,0.215313286
7934f1476fe2c6e458c230f491769c34,7400006,Mankey,0.7,fighter,LeftEye,-0.151053324,1.53931677,0.2401363,0.431962073,-0.341308,-0.488198847,-0.6771854
7934f1476fe2c6e458c230f491769c34,7400006,Mankey,0.7,fighter,RightEye,0.111172289,1.53493536,0.225457773,0.278688878,-0.471633941,-0.7026783,-0.454023182
7934f1476fe2c6e458c230f491769c34,7400006,Mankey,0.7,fighter,Jaw,-0.0279133134,1.33556747,0.152784288,0.6731791,0.137407675,-0.709395766,-0.157184854
7934f1476fe2c6e458c230f491769c34,7400006,Mankey,0.7,fighter,LeftThumbProximal,-0.0672632158,1.25095367,0.3595145,0.212334558,-0.9374797,-0.2648896,0.0766785
7934f1476fe2c6e458c230f491769c34,7400006,Mankey,0.7,fighter,LeftThumbIntermediate,-0.0269300528,1.27065778,0.358109772,0.170533657,-0.9107228,-0.310082823,-0.212958619
7934f1476fe2c6e458c230f491769c34,7400006,Mankey,0.7,fighter,LeftThumbDistal,0.00606282242,1.27757883,0.3772452,-0.0617376044,-0.443067729,-0.323440552,-0.8338263
7934f1476fe2c6e458c230f491769c34,7400006,Mankey,0.7,fighter,LeftMiddleProximal,-0.0402994156,1.29975975,0.403202176,-0.2648158,-0.9280578,-0.176002219,0.193920374
7934f1476fe2c6e458c230f491769c34,7400006,Mankey,0.7,fighter,LeftMiddleIntermediate,0.00728222635,1.27408862,0.375718474,-0.870779,-0.403019845,-0.0879507,0.267552048
7934f1476fe2c6e458c230f491769c34,7400006,Mankey,0.7,fighter,LeftMiddleDistal,-0.02790523,1.2391603,0.356044948,-0.905903161,0.356595546,0.102275982,0.204253331
7934f1476fe2c6e458c230f491769c34,7400006,Mankey,0.7,fighter,LeftRingProximal,-0.02552621,1.26942742,0.446864337,-0.330500752,-0.8635415,-0.258412421,0.2798018
7934f1476fe2c6e458c230f491769c34,7400006,Mankey,0.7,fighter,LeftRingIntermediate,0.00780927436,1.24669445,0.411977232,-0.855916739,-0.3511722,-0.05664076,0.375336349
7934f1476fe2c6e458c230f491769c34,7400006,Mankey,0.7,fighter,LeftRingDistal,-0.0330491029,1.21613693,0.39225325,-0.8802111,0.307706565,0.219737291,0.2868123
7934f1476fe2c6e458c230f491769c34,7400006,Mankey,0.7,fighter,LeftLittleProximal,-0.0268880371,1.21881819,0.479394257,-0.2927728,-0.8644416,-0.27686137,0.3006212
7934f1476fe2c6e458c230f491769c34,7400006,Mankey,0.7,fighter,LeftLittleIntermediate,0.00766683137,1.20069814,0.443024069,-0.8142977,-0.416218758,-0.101820514,0.3915539
7934f1476fe2c6e458c230f491769c34,7400006,Mankey,0.7,fighter,LeftLittleDistal,-0.027342258,1.16760743,0.415816873,-0.9061002,0.166052133,0.199931562,0.3338225
7934f1476fe2c6e458c230f491769c34,7400006,Mankey,0.7,fighter,RightThumbProximal,0.104043804,1.26517463,0.112647705,-0.118941247,0.0238925219,0.214792162,-0.9690959
7934f1476fe2c6e458c230f491769c34,7400006,Mankey,0.7,fighter,RightThumbIntermediate,0.0633282661,1.28412676,0.112862706,0.162449077,0.246490985,-0.228552014,0.9276944
7934f1476fe2c6e458c230f491769c34,7400006,Mankey,0.7,fighter,RightThumbDistal,0.0333252065,1.2974602,0.133468941,-0.2642213,-0.841174543,0.09628761,-0.461889237
7934f1476fe2c6e458c230f491769c34,7400006,Mankey,0.7,fighter,RightMiddleProximal,0.08847181,1.32216179,0.151733264,-0.119108684,0.0144933313,-0.298514366,-0.9468329
7934f1476fe2c6e458c230f491769c34,7400006,Mankey,0.7,fighter,RightMiddleIntermediate,0.038657032,1.288087,0.145755962,0.149828956,-0.08751196,0.900178552,0.399463952
7934f1476fe2c6e458c230f491769c34,7400006,Mankey,0.7,fighter,RightMiddleDistal,0.07257912,1.25112438,0.127638549,-0.0684452057,0.123872995,-0.908364654,0.3935029
7934f1476fe2c6e458c230f491769c34,7400006,Mankey,0.7,fighter,RightRingProximal,0.0869135261,1.301223,0.202761114,-0.228672788,0.0464238673,-0.361796021,-0.902583838
7934f1476fe2c6e458c230f491769c34,7400006,Mankey,0.7,fighter,RightRingIntermediate,0.0477672629,1.26751876,0.1894652,0.147352919,-0.176893532,0.922727168,0.309145272
7934f1476fe2c6e458c230f491769c34,7400006,Mankey,0.7,fighter,RightRingDistal,0.08963735,1.23916256,0.168607518,0.04782769,0.197805822,-0.8530532,0.480505943
7934f1476fe2c6e458c230f491769c34,7400006,Mankey,0.7,fighter,RightLittleProximal,0.09846593,1.257843,0.2428372,-0.208850741,0.1425581,-0.256640315,-0.9328423
7934f1476fe2c6e458c230f491769c34,7400006,Mankey,0.7,fighter,RightLittleIntermediate,0.0543200038,1.23547947,0.2229323,0.129565015,-0.2174788,0.84021467,0.479536831
7934f1476fe2c6e458c230f491769c34,7400006,Mankey,0.7,fighter,RightLittleDistal,0.082343325,1.19401443,0.199347109,0.118368387,0.199598327,-0.9266018,0.295903355
7934f1476fe2c6e458c230f491769c34,7400006,Mankey,0.7,fighter,UpperChest,-0.04983983,1.18799818,-0.0330950357,0.333790362,-0.270832628,-0.673466861,0.601395249
7934f1476fe2c6e458c230f491769c34,7400006,Mankey,0.716666639,source,AnimatorRoot,0,0,0,0,0,3.32708464E-15,1
7934f1476fe2c6e458c230f491769c34,7400006,Mankey,0.716666639,source,Hips,-0.0538867861,0.792091846,-0.0283692032,-0.07214461,0.395522863,0.0193913821,0.915412962
7934f1476fe2c6e458c230f491769c34,7400006,Mankey,0.716666639,source,LeftUpperLeg,-0.122702934,0.7942542,0.04451355,-0.4484762,-0.204620555,0.691103458,0.528560042
7934f1476fe2c6e458c230f491769c34,7400006,Mankey,0.716666639,source,RightUpperLeg,0.0149294874,0.7899296,-0.101252146,0.300565541,-0.132225081,-0.6137783,0.717950761
7934f1476fe2c6e458c230f491769c34,7400006,Mankey,0.716666639,source,LeftLowerLeg,-0.108170725,0.453522682,0.19494538,-0.379240066,-0.3128396,0.5731491,0.6555981
7934f1476fe2c6e458c230f491769c34,7400006,Mankey,0.716666639,source,RightLowerLeg,0.0937970057,0.431792736,-0.168010339,0.322519928,-0.06939023,-0.7497321,0.57364434
7934f1476fe2c6e458c230f491769c34,7400006,Mankey,0.716666639,source,LeftFoot,-0.15941155,0.10946843,0.20348002,0.500937045,0.1242536,-0.826126337,-0.226138785
7934f1476fe2c6e458c230f491769c34,7400006,Mankey,0.716666639,source,RightFoot,0.04723142,0.116922714,-0.308582217,0.231009543,-0.226494074,-0.254356772,0.911393464
7934f1476fe2c6e458c230f491769c34,7400006,Mankey,0.716666639,source,Spine,-0.06295934,0.8890035,-0.03981085,-0.0135835186,0.390364528,-0.02934014,0.9200925
7934f1476fe2c6e458c230f491769c34,7400006,Mankey,0.716666639,source,Chest,-0.052800145,1.06782448,-0.04609015,0.103727818,0.34020108,-0.0148138637,0.9344969
7934f1476fe2c6e458c230f491769c34,7400006,Mankey,0.716666639,source,Neck,-0.0321385935,1.2660042,-0.007947454,0.325524569,0.270067364,-0.05784508,0.90429616
7934f1476fe2c6e458c230f491769c34,7400006,Mankey,0.716666639,source,Head,-0.00777408434,1.33388853,0.0404867455,0.206215158,0.0235726181,-0.0154979145,0.9781002
7934f1476fe2c6e458c230f491769c34,7400006,Mankey,0.716666639,source,LeftShoulder,-0.05849703,1.2219156,0.00380971353,0.103723034,0.409698367,0.003964496,0.906296551
7934f1476fe2c6e458c230f491769c34,7400006,Mankey,0.716666639,source,RightShoulder,-0.0129516851,1.22446251,-0.0340741649,0.9705147,-0.05716027,-0.219262332,-0.0822075
7934f1476fe2c6e458c230f491769c34,7400006,Mankey,0.716666639,source,LeftUpperArm,-0.152823851,1.20882642,0.109146066,0.09155384,0.403685927,0.494622558,0.76420176
7934f1476fe2c6e458c230f491769c34,7400006,Mankey,0.716666639,source,RightUpperArm,0.114468426,1.2138201,-0.09584588,0.84337765,-0.5106909,0.112113073,0.123854883
7934f1476fe2c6e458c230f491769c34,7400006,Mankey,0.716666639,source,LeftLowerArm,-0.194687948,1.02079535,0.228418842,-0.5272362,0.763138652,0.348845273,0.133972526
7934f1476fe2c6e458c230f491769c34,7400006,Mankey,0.716666639,source,RightLowerArm,0.217165083,1.0249455,-0.0243383441,0.228543162,-0.207870215,0.7800602,0.5441182
7934f1476fe2c6e458c230f491769c34,7400006,Mankey,0.716666639,source,LeftHand,-0.09821152,1.188915,0.3637034,-0.4532591,0.836863041,0.305861354,-0.025799267
7934f1476fe2c6e458c230f491769c34,7400006,Mankey,0.716666639,source,RightHand,0.1454436,1.203143,0.113414831,0.0566169955,-0.153794885,0.8617995,0.4800456
7934f1476fe2c6e458c230f491769c34,7400006,Mankey,0.716666639,source,LeftToes,-0.100139059,0.03488125,0.3189978,0.5161117,0.00282345759,-0.856124043,-0.0259427875
7934f1476fe2c6e458c230f491769c34,7400006,Mankey,0.716666639,source,RightToes,0.16223006,0.0318302549,-0.264360368,0.333956,-0.203112185,0.0216216967,0.92019105
7934f1476fe2c6e458c230f491769c34,7400006,Mankey,0.716666639,source,LeftThumbProximal,-0.0982848,1.20555842,0.3511028,-0.3552006,0.6977679,-0.613201559,0.10457883
7934f1476fe2c6e458c230f491769c34,7400006,Mankey,0.716666639,source,LeftThumbIntermediate,-0.06590685,1.23339331,0.338180184,-0.127601653,0.803138256,-0.524535835,0.2520901
7934f1476fe2c6e458c230f491769c34,7400006,Mankey,0.716666639,source,LeftThumbDistal,-0.0407047756,1.24747157,0.3463095,0.5371853,0.6400565,-0.114259914,0.5373126
7934f1476fe2c6e458c230f491769c34,7400006,Mankey,0.716666639,source,LeftIndexProximal,-0.06932314,1.26391423,0.3672654,0.2097823,0.940553248,0.12285956,-0.237185851
7934f1476fe2c6e458c230f491769c34,7400006,Mankey,0.716666639,source,LeftIndexIntermediate,-0.0446720719,1.25354338,0.351918459,0.840176642,0.47353214,-0.101708986,-0.243980721
7934f1476fe2c6e458c230f491769c34,7400006,Mankey,0.716666639,source,LeftIndexDistal,-0.0564862043,1.23473036,0.350579619,0.9057046,-0.324179918,-0.260154635,-0.08322649
7934f1476fe2c6e458c230f491769c34,7400006,Mankey,0.716666639,source,LeftMiddleProximal,-0.0618072674,1.25492537,0.3852289,0.21376586,0.9286574,0.154466331,-0.260845184
7934f1476fe2c6e458c230f491769c34,7400006,Mankey,0.716666639,source,LeftMiddleIntermediate,-0.03643458,1.244532,0.367147923,0.8282798,0.472649753,-0.104374386,-0.282243222
7934f1476fe2c6e458c230f491769c34,7400006,Mankey,0.716666639,source,LeftMiddleDistal,-0.0480619669,1.22611165,0.36509344,0.8924776,-0.31955263,-0.299188554,-0.108888343
7934f1476fe2c6e458c230f491769c34,7400006,Mankey,0.716666639,source,LeftRingProximal,-0.0559253171,1.24644971,0.399603,0.299951315,0.8705498,0.184031382,-0.343955219
7934f1476fe2c6e458c230f491769c34,7400006,Mankey,0.716666639,source,LeftRingIntermediate,-0.03765204,1.23405814,0.377389282,0.8243021,0.405073047,-0.1363576,-0.371280372
7934f1476fe2c6e458c230f491769c34,7400006,Mankey,0.716666639,source,LeftRingDistal,-0.04983204,1.21929836,0.375931025,0.8592152,-0.2979365,-0.3760639,-0.177651316
7934f1476fe2c6e458c230f491769c34,7400006,Mankey,0.716666639,source,LeftLittleProximal,-0.04953941,1.233218,0.410485238,0.273871869,0.8611598,0.216288731,-0.36961785
7934f1476fe2c6e458c230f491769c34,7400006,Mankey,0.716666639,source,LeftLittleIntermediate,-0.0337100923,1.22466016,0.389762044,0.7696007,0.467172444,-0.110372916,-0.421050161
7934f1476fe2c6e458c230f491769c34,7400006,Mankey,0.716666639,source,LeftLittleDistal,-0.04395247,1.20923388,0.38551563,0.876675,-0.140921772,-0.375028163,-0.266338527
7934f1476fe2c6e458c230f491769c34,7400006,Mankey,0.716666639,source,RightThumbProximal,0.141097054,1.21703076,0.09844774,0.1452115,0.7293357,0.6032535,0.2882165
7934f1476fe2c6e458c230f491769c34,7400006,Mankey,0.716666639,source,RightThumbIntermediate,0.105779186,1.24199235,0.08750907,-0.3154964,-0.63437444,-0.6974366,-0.107766889
7934f1476fe2c6e458c230f491769c34,7400006,Mankey,0.716666639,source,RightThumbDistal,0.08245628,1.25850523,0.09660663,0.657566667,0.172853515,0.586274266,-0.4404668
7934f1476fe2c6e458c230f491769c34,7400006,Mankey,0.716666639,source,RightIndexProximal,0.11519593,1.27765179,0.111083739,0.01970614,0.07874528,-0.981518745,0.173298627
7934f1476fe2c6e458c230f491769c34,7400006,Mankey,0.716666639,source,RightIndexIntermediate,0.08623732,1.26726031,0.109049134,-0.06430794,-0.0339549258,0.562062442,-0.8238919
7934f1476fe2c6e458c230f491769c34,7400006,Mankey,0.716666639,source,RightIndexDistal,0.0943835452,1.24674451,0.106195562,0.068611674,-0.03332252,0.222027376,0.9720529
7934f1476fe2c6e458c230f491769c34,7400006,Mankey,0.716666639,source,RightMiddleProximal,0.113594182,1.27237451,0.131809741,0.07855583,0.10019213,-0.964808643,0.230077282
7934f1476fe2c6e458c230f491769c34,7400006,Mankey,0.716666639,source,RightMiddleIntermediate,0.0846325457,1.25831413,0.125317037,-0.119157679,0.00733390264,0.47911185,-0.8695976
7934f1476fe2c6e458c230f491769c34,7400006,Mankey,0.716666639,source,RightMiddleDistal,0.096470274,1.24004316,0.123099536,0.07664331,-0.11309541,0.350570947,0.9265182
7934f1476fe2c6e458c230f491769c34,7400006,Mankey,0.716666639,source,RightRingProximal,0.112500831,1.26689279,0.148597047,0.11698284,0.158902317,-0.9307542,0.307835072
7934f1476fe2c6e458c230f491769c34,7400006,Mankey,0.716666639,source,RightRingIntermediate,0.08797418,1.25010848,0.1387121,-0.193597734,0.00626394246,0.382386416,-0.903471947
7934f1476fe2c6e458c230f491769c34,7400006,Mankey,0.716666639,source,RightRingDistal,0.101548269,1.23680174,0.136086881,0.13074252,-0.171954542,0.4535663,0.864648
7934f1476fe2c6e458c230f491769c34,7400006,Mankey,0.716666639,source,RightLittleProximal,0.110154666,1.25607228,0.163147017,0.218982056,0.168678373,-0.935908556,0.218334138
7934f1476fe2c6e458c230f491769c34,7400006,Mankey,0.716666639,source,RightLittleIntermediate,0.08795847,1.24688685,0.14987658,-0.2737416,0.05473494,0.5351244,-0.7973157
7934f1476fe2c6e458c230f491769c34,7400006,Mankey,0.716666639,source,RightLittleDistal,0.0959683,1.23010266,0.145971134,0.15007782,-0.2657035,0.254452616,0.917678
7934f1476fe2c6e458c230f491769c34,7400006,Mankey,0.716666639,fighter,AnimatorRoot,0,0,0,0,0,0,1
7934f1476fe2c6e458c230f491769c34,7400006,Mankey,0.716666639,fighter,Hips,-0.0538867824,0.7920918,-0.0283692032,0.217372239,-0.29077664,-0.584962845,0.725270152
7934f1476fe2c6e458c230f491769c34,7400006,Mankey,0.716666639,fighter,LeftUpperLeg,-0.135871023,0.7951088,0.06092757,0.515728235,0.688482344,0.21686928,0.461502224
7934f1476fe2c6e458c230f491769c34,7400006,Mankey,0.716666639,fighter,RightUpperLeg,0.0280974321,0.7890748,-0.117665991,0.6058747,0.7411852,0.2676337,0.109236807
7934f1476fe2c6e458c230f491769c34,7400006,Mankey,0.716666639,fighter,LeftLowerLeg,-0.1204718,0.461983353,0.211616427,0.6567412,0.5807858,0.328336537,0.351531267
7934f1476fe2c6e458c230f491769c34,7400006,Mankey,0.716666639,fighter,RightLowerLeg,0.116643146,0.4390097,-0.1770866,0.769446135,0.5606982,0.296287715,0.0760532
7934f1476fe2c6e458c230f491769c34,7400006,Mankey,0.716666639,fighter,LeftFoot,-0.15941155,0.109468378,0.20348005,0.0514689051,0.892242134,0.0142071694,0.4483895
7934f1476fe2c6e458c230f491769c34,7400006,Mankey,0.716666639,fighter,RightFoot,0.0472314321,0.11692261,-0.3085822,0.08678956,0.9569649,0.04691848,0.27291882
7934f1476fe2c6e458c230f491769c34,7400006,Mankey,0.716666639,fighter,Spine,-0.06309461,0.835807741,-0.0382999964,0.221514136,-0.297729284,-0.6238543,0.687819
7934f1476fe2c6e458c230f491769c34,7400006,Mankey,0.716666639,fighter,Chest,-0.0641197041,1.07410884,-0.0612254925,0.343563139,-0.245293051,-0.7121601,0.560913444
7934f1476fe2c6e458c230f491769c34,7400006,Mankey,0.716666639,fighter,Neck,-0.0408657342,1.35311294,-0.0179775041,0.4414016,-0.327580333,-0.655604661,0.517724633
7934f1476fe2c6e458c230f491769c34,7400006,Mankey,0.716666639,fighter,Head,-0.029818533,1.497136,0.0176664721,0.572888553,-0.381504864,-0.6119651,0.38955307
7934f1476fe2c6e458c230f491769c34,7400006,Mankey,0.716666639,fighter,LeftShoulder,-0.0003799685,1.30108571,0.0739175,0.683110535,0.08520506,-0.2862913,0.6664366
7934f1476fe2c6e458c230f491769c34,7400006,Mankey,0.716666639,fighter,RightShoulder,0.0455919579,1.303253,0.03521724,-0.1827667,-0.576352358,-0.7216867,0.3370207
7934f1476fe2c6e458c230f491769c34,7400006,Mankey,0.716666639,fighter,LeftUpperArm,-0.174753591,1.3573699,0.181040034,0.727293968,0.467094,0.125106782,0.4870475
7934f1476fe2c6e458c230f491769c34,7400006,Mankey,0.716666639,fighter,RightUpperArm,0.1954451,1.361785,-0.103229158,0.284136236,0.6782669,0.5447502,0.403073549
7934f1476fe2c6e458c230f491769c34,7400006,Mankey,0.716666639,fighter,LeftLowerArm,-0.324792862,1.13152671,0.257989079,-0.02911935,0.9023974,-0.356798261,0.239846632
7934f1476fe2c6e458c230f491769c34,7400006,Mankey,0.716666639,fighter,RightLowerArm,0.34020108,1.12937629,-0.0363707431,-0.400456369,0.34694013,-0.005711574,0.848077536
7934f1476fe2c6e458c230f491769c34,7400006,Mankey,0.716666639,fighter,LeftHand,-0.09821169,1.18891525,0.363703519,0.457202733,-0.7997775,-0.3523707,-0.164793909
7934f1476fe2c6e458c230f491769c34,7400006,Mankey,0.716666639,fighter,RightHand,0.145443439,1.20314288,0.113414682,0.200658962,0.238874152,-0.5095906,0.801868737
7934f1476fe2c6e458c230f491769c34,7400006,Mankey,0.716666639,fighter,LeftToes,0.0111081032,0.105167583,0.426587462,0.1282236,0.8584336,0.06145613,0.492822349
7934f1476fe2c6e458c230f491769c34,7400006,Mankey,0.716666639,fighter,RightToes,0.2827357,0.08783028,-0.1583706,0.156991377,0.9617133,0.0603269339,0.216384232
7934f1476fe2c6e458c230f491769c34,7400006,Mankey,0.716666639,fighter,LeftEye,-0.148786366,1.54096353,0.237249479,0.431452155,-0.3405398,-0.4864219,-0.6791731
7934f1476fe2c6e458c230f491769c34,7400006,Mankey,0.716666639,fighter,RightEye,0.113468342,1.5355525,0.223462075,0.278502256,-0.47073108,-0.701740444,-0.456518978
7934f1476fe2c6e458c230f491769c34,7400006,Mankey,0.716666639,fighter,Jaw,-0.0261685923,1.33688855,0.149922967,0.6745188,0.1370098,-0.70778656,-0.159033239
7934f1476fe2c6e458c230f491769c34,7400006,Mankey,0.716666639,fighter,LeftThumbProximal,-0.062718384,1.25287032,0.3571783,0.215732768,-0.9350604,-0.267895222,0.08575831
7934f1476fe2c6e458c230f491769c34,7400006,Mankey,0.716666639,fighter,LeftThumbIntermediate,-0.0226484332,1.273053,0.355166644,0.172963589,-0.9102538,-0.3145315,-0.20637846
7934f1476fe2c6e458c230f491769c34,7400006,Mankey,0.716666639,fighter,LeftThumbDistal,0.0104937069,1.28022635,0.373948067,-0.06598441,-0.4399311,-0.327453017,-0.833595634
7934f1476fe2c6e458c230f491769c34,7400006,Mankey,0.716666639,fighter,LeftMiddleProximal,-0.03585253,1.301988,0.400576144,-0.264534175,-0.925682664,-0.171257064,0.2092964
7934f1476fe2c6e458c230f491769c34,7400006,Mankey,0.716666639,fighter,LeftMiddleIntermediate,0.0109949913,1.27663279,0.371579945,-0.874869,-0.3928462,-0.07137961,0.274193347
7934f1476fe2c6e458c230f491769c34,7400006,Mankey,0.716666639,fighter,LeftMiddleDistal,-0.025337914,1.24205577,0.353426874,-0.8983132,0.3743313,0.121161431,0.195524678
7934f1476fe2c6e458c230f491769c34,7400006,Mankey,0.716666639,fighter,LeftRingProximal,-0.0197900757,1.27176619,0.443857938,-0.331170171,-0.8594246,-0.253216565,0.295969665
7934f1476fe2c6e458c230f491769c34,7400006,Mankey,0.716666639,fighter,LeftRingIntermediate,0.01250506,1.24939871,0.407776445,-0.858656,-0.339719832,-0.0376674458,0.381945163
7934f1476fe2c6e458c230f491769c34,7400006,Mankey,0.716666639,fighter,LeftRingDistal,-0.0294147357,1.21905971,0.390042573,-0.8713088,0.325158,0.24153024,0.2770511
7934f1476fe2c6e458c230f491769c34,7400006,Mankey,0.716666639,fighter,LeftLittleProximal,-0.019697722,1.22102654,0.476212651,-0.292585939,-0.860046,-0.272060841,0.317329526
7934f1476fe2c6e458c230f491769c34,7400006,Mankey,0.716666639,fighter,LeftLittleIntermediate,0.0137673551,1.203392,0.438605815,-0.8174136,-0.4062767,-0.0832714,0.399800539
7934f1476fe2c6e458c230f491769c34,7400006,Mankey,0.716666639,fighter,LeftLittleDistal,-0.0225264337,1.17032933,0.413101256,-0.899907053,0.182018071,0.223165676,0.327466965
7934f1476fe2c6e458c230f491769c34,7400006,Mankey,0.716666639,fighter,RightThumbProximal,0.10651689,1.26492047,0.105613455,-0.120841049,0.0229191482,0.213507444,-0.9691686
7934f1476fe2c6e458c230f491769c34,7400006,Mankey,0.716666639,fighter,RightThumbIntermediate,0.0657478347,1.28375578,0.105935685,0.16401349,0.247547612,-0.226320088,0.9276852
7934f1476fe2c6e458c230f491769c34,7400006,Mankey,0.716666639,fighter,RightThumbDistal,0.0357064866,1.296885,0.126617044,-0.263671577,-0.8419986,0.09361209,-0.461252332
7934f1476fe2c6e458c230f491769c34,7400006,Mankey,0.716666639,fighter,RightMiddleProximal,0.09088577,1.32173574,0.144924968,-0.121100232,0.0154387355,-0.299801171,-0.9461588
7934f1476fe2c6e458c230f491769c34,7400006,Mankey,0.716666639,fighter,RightMiddleIntermediate,0.0411677919,1.2875551,0.138749316,0.151113242,-0.0898301,0.9004978,0.3977435
7934f1476fe2c6e458c230f491769c34,7400006,Mankey,0.716666639,fighter,RightMiddleDistal,0.07519501,1.25079358,0.120421104,-0.0675385445,0.126356512,-0.9074406,0.39500016
7934f1476fe2c6e458c230f491769c34,7400006,Mankey,0.716666639,fighter,RightRingProximal,0.08939915,1.30060267,0.1958748,-0.230653971,0.04742962,-0.3629091,-0.9015804
7934f1476fe2c6e458c230f491769c34,7400006,Mankey,0.716666639,fighter,RightRingIntermediate,0.05034892,1.26686454,0.182383224,0.148505524,-0.179249555,0.922673464,0.307392448
7934f1476fe2c6e458c230f491769c34,7400006,Mankey,0.716666639,fighter,RightRingDistal,0.09229996,1.238748,0.161364824,0.0488552749,0.200277463,-0.851797044,0.481606424
7934f1476fe2c6e458c230f491769c34,7400006,Mankey,0.716666639,fighter,RightLittleProximal,0.101049788,1.25709045,0.235778615,-0.2108216,0.143269137,-0.2574097,-0.932077944
7934f1476fe2c6e458c230f491769c34,7400006,Mankey,0.716666639,fighter,RightLittleIntermediate,0.0569676571,1.23471713,0.2157434,0.131206751,-0.219766781,0.840255,0.477974951
7934f1476fe2c6e458c230f491769c34,7400006,Mankey,0.716666639,fighter,RightLittleDistal,0.08510916,1.19346786,0.191921577,0.119006917,0.202433839,-0.925598443,0.2968608
7934f1476fe2c6e458c230f491769c34,7400006,Mankey,0.716666639,fighter,UpperChest,-0.04803313,1.1896646,-0.035644982,0.327959567,-0.265794754,-0.676616,0.603313
7934f1476fe2c6e458c230f491769c34,7400006,Mankey,0.733333349,source,AnimatorRoot,0,0,0,0,0,3.47174051E-15,1
7934f1476fe2c6e458c230f491769c34,7400006,Mankey,0.733333349,source,Hips,-0.05376762,0.7930428,-0.03217421,-0.07175237,0.39935717,0.0157086067,0.9138483
7934f1476fe2c6e458c230f491769c34,7400006,Mankey,0.733333349,source,LeftUpperLeg,-0.121998556,0.7959101,0.0412325524,-0.4455871,-0.202963859,0.6893787,0.533867955
7934f1476fe2c6e458c230f491769c34,7400006,Mankey,0.733333349,source,RightUpperLeg,0.0144634247,0.790175557,-0.105581164,0.296528578,-0.133138582,-0.612296641,0.7207204
7934f1476fe2c6e458c230f491769c34,7400006,Mankey,0.733333349,source,LeftLowerLeg,-0.109744765,0.454121381,0.1894526,-0.3829675,-0.307909429,0.577534735,0.6519059
7934f1476fe2c6e458c230f491769c34,7400006,Mankey,0.733333349,source,RightLowerLeg,0.09450449,0.4317634,-0.169400781,0.321046323,-0.07109425,-0.750547647,0.5731957
7934f1476fe2c6e458c230f491769c34,7400006,Mankey,0.733333349,source,LeftFoot,-0.159603328,0.110052429,0.203683242,0.501375139,0.126851812,-0.82485646,-0.2283492
7934f1476fe2c6e458c230f491769c34,7400006,Mankey,0.733333349,source,RightFoot,0.04692088,0.116492629,-0.30872795,0.230934516,-0.2273424,-0.255486816,0.910884857
7934f1476fe2c6e458c230f491769c34,7400006,Mankey,0.733333349,source,Spine,-0.0621980764,0.889990866,-0.0437971838,-0.011648518,0.394446522,-0.02982067,0.918361068
7934f1476fe2c6e458c230f491769c34,7400006,Mankey,0.733333349,source,Chest,-0.0516252257,1.06880534,-0.0495629758,0.103814714,0.3477747,-0.0155981118,0.931682467
7934f1476fe2c6e458c230f491769c34,7400006,Mankey,0.733333349,source,Neck,-0.0303393137,1.26696742,-0.0116740735,0.329241663,0.273044437,-0.061873883,0.901786447
7934f1476fe2c6e458c230f491769c34,7400006,Mankey,0.733333349,source,Head,-0.00502400566,1.334345,0.0369795449,0.207248539,0.0210839454,-0.01729152,0.9779085
7934f1476fe2c6e458c230f491769c34,7400006,Mankey,0.733333349,source,LeftShoulder,-0.0565052442,1.22287452,0.0004900659,0.103870653,0.4167038,0.00286032842,0.9030841
7934f1476fe2c6e458c230f491769c34,7400006,Mankey,0.733333349,source,RightShoulder,-0.0115806246,1.22543657,-0.0381268747,0.9687049,-0.05754757,-0.227084011,-0.0820488557
7934f1476fe2c6e458c230f491769c34,7400006,Mankey,0.733333349,source,LeftUpperArm,-0.149190024,1.2098484,0.1072818,0.0949765146,0.4067317,0.496544868,0.760915339
7934f1476fe2c6e458c230f491769c34,7400006,Mankey,0.733333349,source,RightUpperArm,0.114835322,1.21488941,-0.101944193,0.841311,-0.5153876,0.10339193,0.126023516
7934f1476fe2c6e458c230f491769c34,7400006,Mankey,0.733333349,source,LeftLowerArm,-0.189072266,1.02113378,0.226153716,-0.5295761,0.759846,0.3547824,0.127721965
7934f1476fe2c6e458c230f491769c34,7400006,Mankey,0.733333349,source,RightLowerArm,0.216199845,1.0243144,-0.0330964141,0.233016312,-0.207814932,0.774924338,0.5495535
7934f1476fe2c6e458c230f491769c34,7400006,Mankey,0.733333349,source,LeftHand,-0.09299158,1.1899457,0.360856622,-0.457315236,0.8317089,0.3127431,-0.036263667
7934f1476fe2c6e458c230f491769c34,7400006,Mankey,0.733333349,source,RightHand,0.148264617,1.20274866,0.106260344,0.0572425276,-0.153393492,0.863278568,0.4774349
7934f1476fe2c6e458c230f491769c34,7400006,Mankey,0.733333349,source,LeftToes,-0.1007632,0.03459884,0.318858832,0.5171591,0.00372289168,-0.8555254,-0.0246791113
7934f1476fe2c6e458c230f491769c34,7400006,Mankey,0.733333349,source,RightToes,0.1616317,0.0310769472,-0.264381677,0.3337459,-0.204131871,0.0205440409,0.9200664
7934f1476fe2c6e458c230f491769c34,7400006,Mankey,0.733333349,source,LeftThumbProximal,-0.09362722,1.20665073,0.348353744,-0.3654888,0.697369933,-0.6080106,0.102062918
7934f1476fe2c6e458c230f491769c34,7400006,Mankey,0.733333349,source,LeftThumbIntermediate,-0.0618643835,1.23492813,0.334877282,-0.135739446,0.8057958,-0.5199713,0.248793975
7934f1476fe2c6e458c230f491769c34,7400006,Mankey,0.733333349,source,LeftThumbDistal,-0.036691878,1.24924827,0.3426686,0.538470447,0.6439914,-0.11032179,0.532122135
7934f1476fe2c6e458c230f491769c34,7400006,Mankey,0.733333349,source,LeftIndexProximal,-0.06534597,1.26542115,0.364215761,0.208997488,0.937688351,0.118808575,-0.2508884
7934f1476fe2c6e458c230f491769c34,7400006,Mankey,0.733333349,source,LeftIndexIntermediate,-0.0410871245,1.25517392,0.348176569,0.84087497,0.4660893,-0.1164846,-0.249241844
7934f1476fe2c6e458c230f491769c34,7400006,Mankey,0.733333349,source,LeftIndexDistal,-0.0530690327,1.236437,0.3473656,0.897753,-0.336680949,-0.274400979,-0.07341346
7934f1476fe2c6e458c230f491769c34,7400006,Mankey,0.733333349,source,LeftMiddleProximal,-0.0572885945,1.25647211,0.381963223,0.2135602,0.925304234,0.150256231,-0.275004357
7934f1476fe2c6e458c230f491769c34,7400006,Mankey,0.733333349,source,LeftMiddleIntermediate,-0.0324084163,1.24620593,0.363140166,0.82892406,0.4644392,-0.119833082,-0.2877867
7934f1476fe2c6e458c230f491769c34,7400006,Mankey,0.733333349,source,LeftMiddleDistal,-0.04422088,1.2278502,0.361638129,0.883936763,-0.332058042,-0.314134955,-0.09855498
7934f1476fe2c6e458c230f491769c34,7400006,Mankey,0.733333349,source,LeftRingProximal,-0.0509507433,1.24802661,0.396160036,0.300153315,0.865766764,0.177916721,-0.3587508
7934f1476fe2c6e458c230f491769c34,7400006,Mankey,0.733333349,source,LeftRingIntermediate,-0.0333362967,1.235747,0.37335965,0.823725045,0.395277381,-0.153960377,-0.376204
7934f1476fe2c6e458c230f491769c34,7400006,Mankey,0.733333349,source,LeftRingDistal,-0.04562109,1.221026,0.372519672,0.849405944,-0.310755044,-0.392938137,-0.165953964
7934f1476fe2c6e458c230f491769c34,7400006,Mankey,0.733333349,source,LeftLittleProximal,-0.0441016145,1.23485255,0.406828433,0.273480624,0.856015265,0.210478321,-0.3848965
7934f1476fe2c6e458c230f491769c34,7400006,Mankey,0.733333349,source,LeftLittleIntermediate,-0.0288932417,1.22644913,0.385583639,0.7686765,0.458134919,-0.12773633,-0.427705854
7934f1476fe2c6e458c230f491769c34,7400006,Mankey,0.733333349,source,LeftLittleDistal,-0.0392963029,1.21099293,0.3818692,0.8688717,-0.153114587,-0.393931717,-0.25775218
7934f1476fe2c6e458c230f491769c34,7400006,Mankey,0.733333349,source,RightThumbProximal,0.143825278,1.21660554,0.091292,0.1430779,0.7299259,0.6040109,0.2861963
7934f1476fe2c6e458c230f491769c34,7400006,Mankey,0.733333349,source,RightThumbIntermediate,0.108349025,1.2413466,0.08036456,-0.3137002,-0.6354567,-0.697607934,-0.105502181
7934f1476fe2c6e458c230f491769c34,7400006,Mankey,0.733333349,source,RightThumbDistal,0.08492935,1.25771773,0.08946949,0.6572311,0.174842149,0.58473134,-0.4422301
7934f1476fe2c6e458c230f491769c34,7400006,Mankey,0.733333349,source,RightIndexProximal,0.117557608,1.27706921,0.103925668,0.0191998016,0.07872535,-0.9809952,0.17630282
7934f1476fe2c6e458c230f491769c34,7400006,Mankey,0.733333349,source,RightIndexIntermediate,0.08866255,1.26649892,0.101908,-0.06396133,-0.0342854634,0.559543133,-0.825618148
7934f1476fe2c6e458c230f491769c34,7400006,Mankey,0.733333349,source,RightIndexDistal,0.09693352,1.246033,0.09905543,0.0686469,-0.032843627,0.225006342,0.9713815
7934f1476fe2c6e458c230f491769c34,7400006,Mankey,0.733333349,source,RightMiddleProximal,0.1159986,1.27178717,0.124653772,0.07798036,0.100369371,-0.9641275,0.233031839
7934f1476fe2c6e458c230f491769c34,7400006,Mankey,0.733333349,source,RightMiddleIntermediate,0.08712087,1.25754726,0.118178859,-0.118952639,0.00681263,0.4764606,-0.8710853
7934f1476fe2c6e458c230f491769c34,7400006,Mankey,0.733333349,source,RightMiddleDistal,0.09906979,1.23934889,0.1159601,0.0769614056,-0.112586565,0.353417248,0.925471842
7934f1476fe2c6e458c230f491769c34,7400006,Mankey,0.733333349,source,RightRingProximal,0.114947289,1.26630318,0.141442955,0.116225049,0.159220979,-0.9298505,0.310674667
7934f1476fe2c6e458c230f491769c34,7400006,Mankey,0.733333349,source,RightRingIntermediate,0.09051956,1.24936569,0.131574333,-0.193408608,0.005492897,0.379649967,-0.9046711
7934f1476fe2c6e458c230f491769c34,7400006,Mankey,0.733333349,source,RightRingDistal,0.104174085,1.236142,0.128945708,0.13127479,-0.17128101,0.45621565,0.863306165
7934f1476fe2c6e458c230f491769c34,7400006,Mankey,0.733333349,source,RightLittleProximal,0.112674944,1.25547218,0.15599674,0.2182036,0.169288352,-0.935307,0.22120063
7934f1476fe2c6e458c230f491769c34,7400006,Mankey,0.733333349,source,RightLittleIntermediate,0.090529196,1.246147,0.1427396,-0.273677051,0.0537623428,0.532727659,-0.7990071
7934f1476fe2c6e458c230f491769c34,7400006,Mankey,0.733333349,source,RightLittleDistal,0.09864027,1.22941136,0.138834342,0.15084289,-0.2649821,0.257273078,0.9169744
7934f1476fe2c6e458c230f491769c34,7400006,Mankey,0.733333349,fighter,AnimatorRoot,0,0,0,0,0,0,1
7934f1476fe2c6e458c230f491769c34,7400006,Mankey,0.733333349,fighter,Hips,-0.05376762,0.7930428,-0.03217421,0.21304132,-0.289906085,-0.5883832,0.7241361
7934f1476fe2c6e458c230f491769c34,7400006,Mankey,0.733333349,fighter,LeftUpperLeg,-0.1350813,0.79699713,0.0576972477,0.5215024,0.686918259,0.214685172,0.4583546
7934f1476fe2c6e458c230f491769c34,7400006,Mankey,0.733333349,fighter,RightUpperLeg,0.0275460389,0.789088368,-0.122045681,0.604255736,0.7439501,0.263207227,0.110161096
7934f1476fe2c6e458c230f491769c34,7400006,Mankey,0.733333349,fighter,LeftLowerLeg,-0.12194638,0.4627914,0.206192464,0.653498769,0.585164,0.323277175,0.354985267
7934f1476fe2c6e458c230f491769c34,7400006,Mankey,0.733333349,fighter,RightLowerLeg,0.117377326,0.438854635,-0.178467229,0.7702319,0.560111046,0.29491,0.0777616352
7934f1476fe2c6e458c230f491769c34,7400006,Mankey,0.733333349,fighter,LeftFoot,-0.159603357,0.110052168,0.203683227,0.05370818,0.8915568,0.01684174,0.449398071
7934f1476fe2c6e458c230f491769c34,7400006,Mankey,0.733333349,fighter,RightFoot,0.04692097,0.116492733,-0.30872786,0.08809851,0.9566745,0.04668209,0.2735572
7934f1476fe2c6e458c230f491769c34,7400006,Mankey,0.733333349,fighter,Spine,-0.06267806,0.83680737,-0.0421618335,0.219308868,-0.2941175,-0.626552761,0.6876266
7934f1476fe2c6e458c230f491769c34,7400006,Mankey,0.733333349,fighter,Chest,-0.06302806,1.07518232,-0.06432696,0.3377744,-0.2406841,-0.71524173,0.5625028
7934f1476fe2c6e458c230f491769c34,7400006,Mankey,0.733333349,fighter,Neck,-0.0388289429,1.35414469,-0.0213292036,0.4390335,-0.325852662,-0.6579215,0.51788944
7934f1476fe2c6e458c230f491769c34,7400006,Mankey,0.733333349,fighter,Head,-0.0272121429,1.49810052,0.0144056305,0.5736581,-0.383032918,-0.6120366,0.386799484
7934f1476fe2c6e458c230f491769c34,7400006,Mankey,0.733333349,fighter,LeftShoulder,0.00310508139,1.302037,0.06986798,0.6809265,0.08992083,-0.292072356,0.66554296
7934f1476fe2c6e458c230f491769c34,7400006,Mankey,0.733333349,fighter,RightShoulder,0.048441533,1.30418384,0.0304240342,-0.188610837,-0.573220134,-0.7205427,0.341560066
7934f1476fe2c6e458c230f491769c34,7400006,Mankey,0.733333349,fighter,LeftUpperArm,-0.169498667,1.35856175,0.179696128,0.7304282,0.467567146,0.126328826,0.481557
7934f1476fe2c6e458c230f491769c34,7400006,Mankey,0.733333349,fighter,RightUpperArm,0.196065739,1.36276162,-0.11037755,0.2943909,0.6783271,0.5422764,0.398927361
7934f1476fe2c6e458c230f491769c34,7400006,Mankey,0.733333349,fighter,LeftLowerArm,-0.31911546,1.1317538,0.254603684,-0.03205376,0.9046282,-0.3498321,0.241326392
7934f1476fe2c6e458c230f491769c34,7400006,Mankey,0.733333349,fighter,RightLowerArm,0.339352041,1.12825155,-0.0478294268,-0.394453764,0.357110083,-0.005124066,0.8466717
7934f1476fe2c6e458c230f491769c34,7400006,Mankey,0.733333349,fighter,LeftHand,-0.09299157,1.18994594,0.360856861,0.4599188,-0.7965197,-0.360858768,-0.154313251
7934f1476fe2c6e458c230f491769c34,7400006,Mankey,0.733333349,fighter,RightHand,0.148264751,1.20274854,0.10626024,0.1996964,0.239624619,-0.5071986,0.803399861
7934f1476fe2c6e458c230f491769c34,7400006,Mankey,0.733333349,fighter,LeftToes,0.0103217969,0.103976972,0.4272026,0.1268816,0.8580148,0.0624460876,0.493773848
7934f1476fe2c6e458c230f491769c34,7400006,Mankey,0.733333349,fighter,RightToes,0.2821615,0.08672745,-0.158235177,0.158293575,0.9613598,0.06021128,0.217037752
7934f1476fe2c6e458c230f491769c34,7400006,Mankey,0.733333349,fighter,LeftEye,-0.146889314,1.54205024,0.233578414,0.431019664,-0.3396469,-0.484295249,-0.681410968
7934f1476fe2c6e458c230f491769c34,7400006,Mankey,0.733333349,fighter,RightEye,0.115392931,1.53546107,0.220868215,0.278434575,-0.469739735,-0.700567365,-0.45937416
7934f1476fe2c6e458c230f491769c34,7400006,Mankey,0.733333349,fighter,Jaw,-0.0248467475,1.33758307,0.146363676,0.6761447,0.136477351,-0.7058848,-0.161025971
7934f1476fe2c6e458c230f491769c34,7400006,Mankey,0.733333349,fighter,LeftThumbProximal,-0.0587686338,1.25454783,0.353927463,0.219287679,-0.9319651,-0.272034526,0.09670441
7934f1476fe2c6e458c230f491769c34,7400006,Mankey,0.733333349,fighter,LeftThumbIntermediate,-0.0190169029,1.27526748,0.3511905,0.17524372,-0.909830749,-0.320183724,-0.197436258
7934f1476fe2c6e458c230f491769c34,7400006,Mankey,0.733333349,fighter,LeftThumbDistal,0.01434347,1.28272748,0.369466752,-0.07069203,-0.440471321,-0.332523882,-0.830913067
7934f1476fe2c6e458c230f491769c34,7400006,Mankey,0.733333349,fighter,LeftMiddleProximal,-0.0318334959,1.30390322,0.3970115,-0.262909234,-0.923134148,-0.167062387,0.225373492
7934f1476fe2c6e458c230f491769c34,7400006,Mankey,0.733333349,fighter,LeftMiddleIntermediate,0.0142704127,1.27903092,0.366447449,-0.877033949,-0.38541007,-0.05476948,0.2815525
7934f1476fe2c6e458c230f491769c34,7400006,Mankey,0.733333349,fighter,LeftMiddleDistal,-0.0229034666,1.24461615,0.349746764,-0.892070949,0.3867313,0.1398356,0.187336177
7934f1476fe2c6e458c230f491769c34,7400006,Mankey,0.733333349,fighter,LeftRingProximal,-0.0143157765,1.27374327,0.439768821,-0.330626875,-0.855195165,-0.248122931,0.312670618
7934f1476fe2c6e458c230f491769c34,7400006,Mankey,0.733333349,fighter,LeftRingIntermediate,0.0169333164,1.25185585,0.40249154,-0.859612,-0.330789983,-0.0188477039,0.3889609
7934f1476fe2c6e458c230f491769c34,7400006,Mankey,0.733333349,fighter,LeftRingDistal,-0.0257579423,1.22154951,0.386642724,-0.8632799,0.337727,0.26259163,0.2678341
7934f1476fe2c6e458c230f491769c34,7400006,Mankey,0.733333349,fighter,LeftLittleProximal,-0.0126398783,1.22284544,0.471830338,-0.291107863,-0.855551958,-0.267439783,0.3343104
7934f1476fe2c6e458c230f491769c34,7400006,Mankey,0.733333349,fighter,LeftLittleIntermediate,0.01973693,1.205814,0.4330123,-0.8185734,-0.398664176,-0.0650712848,0.4083762
7934f1476fe2c6e458c230f491769c34,7400006,Mankey,0.733333349,fighter,LeftLittleDistal,-0.0175337456,1.17264533,0.4091039,-0.8938676,0.193332151,0.245389849,0.321571529
7934f1476fe2c6e458c230f491769c34,7400006,Mankey,0.733333349,fighter,RightThumbProximal,0.108954735,1.2642833,0.09846279,-0.120791622,0.0225298256,0.209855348,-0.9699807
7934f1476fe2c6e458c230f491769c34,7400006,Mankey,0.733333349,fighter,RightThumbIntermediate,0.06804522,1.28281164,0.09877674,0.163013861,0.248101145,-0.222651139,0.9286009
7934f1476fe2c6e458c230f491769c34,7400006,Mankey,0.733333349,fighter,RightThumbDistal,0.0378973857,1.29570508,0.119451635,-0.260332525,-0.8429884,0.0918033,-0.461704552
7934f1476fe2c6e458c230f491769c34,7400006,Mankey,0.733333349,fighter,RightMiddleProximal,0.09299332,1.32101119,0.137767866,-0.121121481,0.0153135806,-0.303370357,-0.9450196
7934f1476fe2c6e458c230f491769c34,7400006,Mankey,0.733333349,fighter,RightMiddleIntermediate,0.043536067,1.28646088,0.131555513,0.151361331,-0.089537546,0.9019977,0.394301176
7934f1476fe2c6e458c230f491769c34,7400006,Mankey,0.733333349,fighter,RightMiddleDistal,0.07784616,1.24996471,0.113224521,-0.06774856,0.126224384,-0.9059331,0.398451269
7934f1476fe2c6e458c230f491769c34,7400006,Mankey,0.733333349,fighter,RightRingProximal,0.09166195,1.29988217,0.188723728,-0.230783343,0.04690893,-0.366321921,-0.900192857
7934f1476fe2c6e458c230f491769c34,7400006,Mankey,0.733333349,fighter,RightRingIntermediate,0.05287198,1.26585793,0.175200149,0.149066508,-0.1789433,0.923815846,0.303847969
7934f1476fe2c6e458c230f491769c34,7400006,Mankey,0.733333349,fighter,RightRingDistal,0.09504183,1.238067,0.154186115,0.048367098,0.2005471,-0.8499244,0.48484078
7934f1476fe2c6e458c230f491769c34,7400006,Mankey,0.733333349,fighter,RightLittleProximal,0.103599913,1.25645256,0.2286325,-0.211138546,0.142837659,-0.26085797,-0.9311131
7934f1476fe2c6e458c230f491769c34,7400006,Mankey,0.733333349,fighter,RightLittleIntermediate,0.0596954,1.23375833,0.208568648,0.131958008,-0.219588071,0.842014,0.474743277
7934f1476fe2c6e458c230f491769c34,7400006,Mankey,0.733333349,fighter,RightLittleDistal,0.08815565,1.19273293,0.1847392,0.118529037,0.203039408,-0.924403667,0.300340921
7934f1476fe2c6e458c230f491769c34,7400006,Mankey,0.733333349,fighter,UpperChest,-0.04642582,1.1907115,-0.03895642,0.322462738,-0.260841221,-0.6795948,0.6050873
7934f1476fe2c6e458c230f491769c34,7400006,Mankey,0.75,source,AnimatorRoot,0,0,0,0,0,3.54406844E-15,1
7934f1476fe2c6e458c230f491769c34,7400006,Mankey,0.75,source,Hips,-0.05381636,0.7931809,-0.03426191,-0.07187571,0.401378244,0.0129027637,0.91299665
7934f1476fe2c6e458c230f491769c34,7400006,Mankey,0.75,source,LeftUpperLeg,-0.121738866,0.7966036,0.03940662,-0.443261266,-0.201453343,0.688656569,0.5372971
7934f1476fe2c6e458c230f491769c34,7400006,Mankey,0.75,source,RightUpperLeg,0.0141062718,0.7897583,-0.107930623,0.292271972,-0.132426172,-0.6099927,0.724533856
7934f1476fe2c6e458c230f491769c34,7400006,Mankey,0.75,source,LeftLowerLeg,-0.1106823,0.4541928,0.186278939,-0.3837522,-0.3040261,0.5798311,0.6512284
7934f1476fe2c6e458c230f491769c34,7400006,Mankey,0.75,source,RightLowerLeg,0.0963877,0.4314276,-0.169311568,0.318111569,-0.07010234,-0.7531196,0.571578
7934f1476fe2c6e458c230f491769c34,7400006,Mankey,0.75,source,LeftFoot,-0.160345167,0.110224381,0.203343242,0.5003022,0.125982359,-0.825495243,-0.228875443
7934f1476fe2c6e458c230f491769c34,7400006,Mankey,0.75,source,RightFoot,0.0462100953,0.1163434,-0.308149844,0.23017329,-0.227107644,-0.255397826,0.911161065
7934f1476fe2c6e458c230f491769c34,7400006,Mankey,0.75,source,Spine,-0.0617801845,0.890141249,-0.0461095,-0.0101655694,0.396669656,-0.0303970687,0.9174018
7934f1476fe2c6e458c230f491769c34,7400006,Mankey,0.75,source,Chest,-0.05081579,1.06894374,-0.05150088,0.1038611,0.354189426,-0.01657748,0.929240644
7934f1476fe2c6e458c230f491769c34,7400006,Mankey,0.75,source,Neck,-0.0288876966,1.26708865,-0.0138890343,0.332461029,0.275646836,-0.06489104,0.899598837
7934f1476fe2c6e458c230f491769c34,7400006,Mankey,0.75,source,Head,-0.00282123731,1.33402967,0.03497016,0.207713768,0.0197560433,-0.0193925742,0.9777981
7934f1476fe2c6e458c230f491769c34,7400006,Mankey,0.75,source,LeftShoulder,-0.0549091734,1.22301006,-0.00136836059,0.1039768,0.4231497,0.00172020553,0.9000725
7934f1476fe2c6e458c230f491769c34,7400006,Mankey,0.75,source,RightShoulder,-0.0105222929,1.2255497,-0.0406036749,0.967546344,-0.0583863966,-0.231895387,-0.08167096
7934f1476fe2c6e458c230f491769c34,7400006,Mankey,0.75,source,LeftUpperArm,-0.146057948,1.2100749,0.106748261,0.09775199,0.409308732,0.497252345,0.75871706
7934f1476fe2c6e458c230f491769c34,7400006,Mankey,0.75,source,RightUpperArm,0.115238868,1.21487808,-0.105681613,0.8406979,-0.5168805,0.09771469,0.128506109
7934f1476fe2c6e458c230f491769c34,7400006,Mankey,0.75,source,LeftLowerArm,-0.184668645,1.02098608,0.225445122,-0.5308615,0.758503556,0.35709393,0.123864591
7934f1476fe2c6e458c230f491769c34,7400006,Mankey,0.75,source,RightLowerArm,0.2164225,1.02366328,-0.0383586325,0.236297831,-0.206205085,0.7719922,0.5528756
7934f1476fe2c6e458c230f491769c34,7400006,Mankey,0.75,source,LeftHand,-0.0887736157,1.19043458,0.359479547,-0.458888084,0.8297682,0.314901382,-0.0417576954
7934f1476fe2c6e458c230f491769c34,7400006,Mankey,0.75,source,RightHand,0.150946721,1.20240557,0.101778418,0.0570063479,-0.151579633,0.8646355,0.47558412
7934f1476fe2c6e458c230f491769c34,7400006,Mankey,0.75,source,LeftToes,-0.101255223,0.0347679444,0.3183891,0.5159101,0.003027272,-0.8562791,-0.0247746278
7934f1476fe2c6e458c230f491769c34,7400006,Mankey,0.75,source,RightToes,0.160966426,0.0309990719,-0.263784528,0.33310163,-0.203691572,0.0205702484,0.920396566
7934f1476fe2c6e458c230f491769c34,7400006,Mankey,0.75,source,LeftThumbProximal,-0.08966572,1.20713234,0.346982718,-0.3700973,0.6964644,-0.606586158,0.100094415
7934f1476fe2c6e458c230f491769c34,7400006,Mankey,0.75,source,LeftThumbIntermediate,-0.05816991,1.235547,0.3331727,-0.139276654,0.806383252,-0.518996656,0.246964529
7934f1476fe2c6e458c230f491769c34,7400006,Mankey,0.75,source,LeftThumbDistal,-0.0330012143,1.24997151,0.340782076,0.5396868,0.644506931,-0.108760789,0.5305849
7934f1476fe2c6e458c230f491769c34,7400006,Mankey,0.75,source,LeftIndexProximal,-0.0616748556,1.26612031,0.362549424,0.210635945,0.936014235,0.1151839,-0.257376969
7934f1476fe2c6e458c230f491769c34,7400006,Mankey,0.75,source,LeftIndexIntermediate,-0.0376617424,1.25579011,0.346196681,0.8429326,0.459600121,-0.125024855,-0.2502036
7934f1476fe2c6e458c230f491769c34,7400006,Mankey,0.75,source,LeftIndexDistal,-0.0498191938,1.23715389,0.3457691,0.892573357,-0.346355557,-0.280969054,-0.06638884
7934f1476fe2c6e458c230f491769c34,7400006,Mankey,0.75,source,LeftMiddleProximal,-0.0533671156,1.257236,0.380213767,0.2146237,0.9236232,0.146846756,-0.281590581
7934f1476fe2c6e458c230f491769c34,7400006,Mankey,0.75,source,LeftMiddleIntermediate,-0.0287576988,1.24693084,0.361059159,0.8306021,0.4583197,-0.128508344,-0.289013952
7934f1476fe2c6e458c230f491769c34,7400006,Mankey,0.75,source,LeftMiddleDistal,-0.040723,1.22864723,0.359933585,0.878508568,-0.341757774,-0.321095765,-0.09122773
7934f1476fe2c6e458c230f491769c34,7400006,Mankey,0.75,source,LeftRingProximal,-0.04681925,1.24884129,0.394345373,0.3014922,0.863325536,0.173702613,-0.36551246
7934f1476fe2c6e458c230f491769c34,7400006,Mankey,0.75,source,LeftRingIntermediate,-0.029562002,1.23651421,0.37129882,0.8243714,0.389127463,-0.16329,-0.377264321
7934f1476fe2c6e458c230f491769c34,7400006,Mankey,0.75,source,LeftRingDistal,-0.041918356,1.22183657,0.370830923,0.843822539,-0.319756269,-0.400869519,-0.158187374
7934f1476fe2c6e458c230f491769c34,7400006,Mankey,0.75,source,LeftLittleProximal,-0.03976006,1.23572171,0.404943734,0.275295556,0.8531932,0.20629032,-0.39206934
7934f1476fe2c6e458c230f491769c34,7400006,Mankey,0.75,source,LeftLittleIntermediate,-0.0249123629,1.22726858,0.3834649,0.769656837,0.451784164,-0.137242436,-0.429749042
7934f1476fe2c6e458c230f491769c34,7400006,Mankey,0.75,source,LeftLittleDistal,-0.03543917,1.21181583,0.3801014,0.8646637,-0.1625217,-0.4033776,-0.251457155
7934f1476fe2c6e458c230f491769c34,7400006,Mankey,0.75,source,RightThumbProximal,0.146434426,1.21618843,0.0867635459,0.141060784,0.7314155,0.6033276,0.284833342
7934f1476fe2c6e458c230f491769c34,7400006,Mankey,0.75,source,RightThumbIntermediate,0.110837616,1.240726,0.07576969,-0.312250823,-0.6374538,-0.696623147,-0.104255877
7934f1476fe2c6e458c230f491769c34,7400006,Mankey,0.75,source,RightThumbDistal,0.0873478,1.257021,0.08483059,0.6577872,0.177270055,0.5831971,-0.442462832
7934f1476fe2c6e458c230f491769c34,7400006,Mankey,0.75,source,RightIndexProximal,0.11989475,1.27657461,0.09919786,0.0184089113,0.07707542,-0.9807292,0.17858173
7934f1476fe2c6e458c230f491769c34,7400006,Mankey,0.75,source,RightIndexIntermediate,0.09104771,1.26586354,0.09723545,-0.0622433461,-0.0336849466,0.557711363,-0.8270128
7934f1476fe2c6e458c230f491769c34,7400006,Mankey,0.75,source,RightIndexDistal,0.0994116142,1.245426,0.09445072,0.06706037,-0.0319920853,0.227290288,0.970989048
7934f1476fe2c6e458c230f491769c34,7400006,Mankey,0.75,source,RightMiddleProximal,0.118372455,1.27135932,0.119945608,0.07704308,0.09890242,-0.9637866,0.235369727
7934f1476fe2c6e458c230f491769c34,7400006,Mankey,0.75,source,RightMiddleIntermediate,0.0895571262,1.256963,0.113539033,-0.11727345,0.0071242135,0.474467278,-0.872397542
7934f1476fe2c6e458c230f491769c34,7400006,Mankey,0.75,source,RightMiddleDistal,0.101588868,1.23881233,0.111377783,0.07567968,-0.111500539,0.355733871,0.9248214
7934f1476fe2c6e458c230f491769c34,7400006,Mankey,0.75,source,RightRingProximal,0.117356487,1.26593029,0.136754856,0.11502362,0.157926634,-0.9294466,0.312983364
7934f1476fe2c6e458c230f491769c34,7400006,Mankey,0.75,source,RightRingIntermediate,0.09300161,1.24884486,0.12696144,-0.191695347,0.005449773,0.3776041,-0.905891359
7934f1476fe2c6e458c230f491769c34,7400006,Mankey,0.75,source,RightRingDistal,0.106715575,1.23567545,0.124371625,0.1302702,-0.169904888,0.4584764,0.8625325
7934f1476fe2c6e458c230f491769c34,7400006,Mankey,0.75,source,RightLittleProximal,0.115142964,1.25514078,0.151348546,0.217136115,0.16819331,-0.9351588,0.223700851
7934f1476fe2c6e458c230f491769c34,7400006,Mankey,0.75,source,RightLittleIntermediate,0.09303267,1.245666,0.138138086,-0.272217244,0.0538376831,0.530863762,-0.8007396
7934f1476fe2c6e458c230f491769c34,7400006,Mankey,0.75,source,RightLittleDistal,0.101218842,1.22895443,0.1342875,0.149899557,-0.263898432,0.259819657,0.9167237
7934f1476fe2c6e458c230f491769c34,7400006,Mankey,0.75,fighter,AnimatorRoot,0,0,0,0,0,0,1
7934f1476fe2c6e458c230f491769c34,7400006,Mankey,0.75,fighter,Hips,-0.05381636,0.7931809,-0.0342619047,0.210204408,-0.290044636,-0.5903598,0.7233005
7934f1476fe2c6e458c230f491769c34,7400006,Mankey,0.75,fighter,LeftUpperLeg,-0.134791538,0.7978348,0.05588126,0.5251217,0.686255,0.2130344,0.45598
7934f1476fe2c6e458c230f491769c34,7400006,Mankey,0.75,fighter,RightUpperLeg,0.0271588,0.7885269,-0.124405093,0.6021155,0.7473754,0.258685648,0.109401643
7934f1476fe2c6e458c230f491769c34,7400006,Mankey,0.75,fighter,LeftLowerLeg,-0.122840039,0.462988466,0.203027025,0.652941048,0.587488,0.319369256,0.355709255
7934f1476fe2c6e458c230f491769c34,7400006,Mankey,0.75,fighter,RightLowerLeg,0.119001709,0.43845734,-0.178561,0.7724413,0.5586211,0.292143047,0.0770044
7934f1476fe2c6e458c230f491769c34,7400006,Mankey,0.75,fighter,LeftFoot,-0.160345227,0.110224314,0.203343213,0.05412695,0.892189741,0.0162404329,0.448111773
7934f1476fe2c6e458c230f491769c34,7400006,Mankey,0.75,fighter,RightFoot,0.0462100841,0.116343617,-0.308149844,0.0878919959,0.956833661,0.0459650159,0.273187667
7934f1476fe2c6e458c230f491769c34,7400006,Mankey,0.75,fighter,Spine,-0.0625189245,0.8369666,-0.0443399847,0.218194,-0.292082548,-0.6283408,0.687217
7934f1476fe2c6e458c230f491769c34,7400006,Mankey,0.75,fighter,Chest,-0.0623205379,1.07539093,-0.0659688,0.3328014,-0.236791715,-0.7178109,0.5638446
7934f1476fe2c6e458c230f491769c34,7400006,Mankey,0.75,fighter,Neck,-0.0373215266,1.35432231,-0.0232276525,0.436567,-0.3244243,-0.6600553,0.5181558
7934f1476fe2c6e458c230f491769c34,7400006,Mankey,0.75,fighter,Head,-0.02514422,1.49823451,0.01249591,0.573449969,-0.384459823,-0.612599254,0.384796739
7934f1476fe2c6e458c230f491769c34,7400006,Mankey,0.75,fighter,LeftShoulder,0.005835321,1.30215549,0.06736341,0.6789361,0.0943477452,-0.297321379,0.6646385
7934f1476fe2c6e458c230f491769c34,7400006,Mankey,0.75,fighter,RightShoulder,0.0506217442,1.30428147,0.0272948984,-0.19256264,-0.5710046,-0.7201028,0.343985021
7934f1476fe2c6e458c230f491769c34,7400006,Mankey,0.75,fighter,LeftUpperArm,-0.165108874,1.35884929,0.179672047,0.7330198,0.467475384,0.126560777,0.477631271
7934f1476fe2c6e458c230f491769c34,7400006,Mankey,0.75,fighter,RightUpperArm,0.196900815,1.36275625,-0.114946008,0.299716,0.6794237,0.5404,0.395628452
7934f1476fe2c6e458c230f491769c34,7400006,Mankey,0.75,fighter,LeftLowerArm,-0.314741015,1.13161349,0.25323993,-0.0338100344,0.905292,-0.347672164,0.241718769
7934f1476fe2c6e458c230f491769c34,7400006,Mankey,0.75,fighter,RightLowerArm,0.339881241,1.12745166,-0.0547254123,-0.392176718,0.3629462,-0.004439935,0.8452503
7934f1476fe2c6e458c230f491769c34,7400006,Mankey,0.75,fighter,LeftHand,-0.08877382,1.19043481,0.359479755,0.4611198,-0.795550942,-0.363762379,-0.14881137
7934f1476fe2c6e458c230f491769c34,7400006,Mankey,0.75,fighter,RightHand,0.150946677,1.20240533,0.101778306,0.197558135,0.239423811,-0.5058249,0.8048534
7934f1476fe2c6e458c230f491769c34,7400006,Mankey,0.75,fighter,LeftToes,0.0102294059,0.104078315,0.426365435,0.127077013,0.858721435,0.06160818,0.492598534
7934f1476fe2c6e458c230f491769c34,7400006,Mankey,0.75,fighter,RightToes,0.281588227,0.08680948,-0.157826677,0.158133388,0.961505532,0.0594574362,0.216716126
7934f1476fe2c6e458c230f491769c34,7400006,Mankey,0.75,fighter,LeftEye,-0.144995451,1.54256535,0.231496766,0.430364,-0.339864045,-0.482463062,-0.68301475
7934f1476fe2c6e458c230f491769c34,7400006,Mankey,0.75,fighter,RightEye,0.117274784,1.53475809,0.219236463,0.2777539,-0.469703376,-0.6994404,-0.461535633
7934f1476fe2c6e458c230f491769c34,7400006,Mankey,0.75,fighter,Jaw,-0.0237601027,1.3376,0.144325316,0.6770094,0.13532339,-0.7048622,-0.162837356
7934f1476fe2c6e458c230f491769c34,7400006,Mankey,0.75,fighter,LeftThumbProximal,-0.0551203974,1.25529635,0.3521949,0.220143884,-0.930969,-0.272823155,0.101988375
7934f1476fe2c6e458c230f491769c34,7400006,Mankey,0.75,fighter,LeftThumbIntermediate,-0.0154967587,1.27620423,0.349061131,0.175836757,-0.9100962,-0.3215375,-0.193442792
7934f1476fe2c6e458c230f491769c34,7400006,Mankey,0.75,fighter,LeftThumbDistal,0.01796859,1.28378832,0.367093027,-0.07262388,-0.439805925,-0.333483547,-0.8307143
7934f1476fe2c6e458c230f491769c34,7400006,Mankey,0.75,fighter,LeftMiddleProximal,-0.0281235725,1.3048631,0.394996673,-0.2632644,-0.9217459,-0.163623542,0.233033255
7934f1476fe2c6e458c230f491769c34,7400006,Mankey,0.75,fighter,LeftMiddleIntermediate,0.0175317265,1.28005326,0.363716781,-0.879361749,-0.3796908,-0.04557506,0.283692241
7934f1476fe2c6e458c230f491769c34,7400006,Mankey,0.75,fighter,LeftMiddleDistal,-0.0202073343,1.24581349,0.34795022,-0.887681544,0.396238565,0.1489575,0.181187376
7934f1476fe2c6e458c230f491769c34,7400006,Mankey,0.75,fighter,LeftRingProximal,-0.00993678,1.27484465,0.4375739,-0.331566334,-0.852997363,-0.244436741,0.320484757
7934f1476fe2c6e458c230f491769c34,7400006,Mankey,0.75,fighter,LeftRingIntermediate,0.02071807,1.25303006,0.3997643,-0.860965848,-0.325118482,-0.008998074,0.3910954
7934f1476fe2c6e458c230f491769c34,7400006,Mankey,0.75,fighter,LeftRingDistal,-0.0224101562,1.22279179,0.385005951,-0.8585214,0.3465404,0.272896081,0.2614944
7934f1476fe2c6e458c230f491769c34,7400006,Mankey,0.75,fighter,LeftLittleProximal,-0.00754128071,1.22396576,0.469620049,-0.292264938,-0.8529484,-0.2639406,0.342631578
7934f1476fe2c6e458c230f491769c34,7400006,Mankey,0.75,fighter,LeftLittleIntermediate,0.0241624918,1.20701945,0.4302137,-0.8204348,-0.393106759,-0.0551530719,0.411475927
7934f1476fe2c6e458c230f491769c34,7400006,Mankey,0.75,fighter,LeftLittleDistal,-0.0137270037,1.17384386,0.407308459,-0.8903479,0.202152267,0.256891966,0.3168945
7934f1476fe2c6e458c230f491769c34,7400006,Mankey,0.75,fighter,RightThumbProximal,0.111347683,1.26372945,0.0937859,-0.119038492,0.02267614,0.207040533,-0.970798731
7934f1476fe2c6e458c230f491769c34,7400006,Mankey,0.75,fighter,RightThumbIntermediate,0.0703333244,1.28202569,0.09402217,0.1605339,0.24805136,-0.2205891,0.929537535
7934f1476fe2c6e458c230f491769c34,7400006,Mankey,0.75,fighter,RightThumbDistal,0.04011274,1.294835,0.114643015,-0.2571322,-0.8434858,0.0921739042,-0.462514222
7934f1476fe2c6e458c230f491769c34,7400006,Mankey,0.75,fighter,RightMiddleProximal,0.0951472744,1.32052243,0.13289836,-0.119499281,0.0142026991,-0.3060937,-0.944365263
7934f1476fe2c6e458c230f491769c34,7400006,Mankey,0.75,fighter,RightMiddleIntermediate,0.0458873324,1.28566539,0.12683472,0.150772333,-0.08721457,0.9033008,0.392058074
7934f1476fe2c6e458c230f491769c34,7400006,Mankey,0.75,fighter,RightMiddleDistal,0.08040461,1.24928737,0.108658,-0.06893256,0.124119356,-0.905064,0.400877029
7934f1476fe2c6e458c230f491769c34,7400006,Mankey,0.75,fighter,RightRingProximal,0.09394385,1.29956925,0.1839299,-0.229292333,0.0453446954,-0.368995816,-0.8995617
7934f1476fe2c6e458c230f491769c34,7400006,Mankey,0.75,fighter,RightRingIntermediate,0.055348333,1.26526737,0.170552477,0.148923337,-0.176590353,0.9250473,0.301538318
7934f1476fe2c6e458c230f491769c34,7400006,Mankey,0.75,fighter,RightRingDistal,0.09767576,1.237628,0.149655759,0.046795696,0.198896676,-0.84896487,0.487349629
7934f1476fe2c6e458c230f491769c34,7400006,Mankey,0.75,fighter,RightLittleProximal,0.10610643,1.25633776,0.223985881,-0.209757835,0.141617492,-0.263839543,-0.9307715
7934f1476fe2c6e458c230f491769c34,7400006,Mankey,0.75,fighter,RightLittleIntermediate,0.06233172,1.23330867,0.204019964,0.131586492,-0.217406034,0.8438298,0.4726224
7934f1476fe2c6e458c230f491769c34,7400006,Mankey,0.75,fighter,RightLittleDistal,0.09102514,1.19234514,0.180364385,0.117291629,0.201410651,-0.923975348,0.303226531
7934f1476fe2c6e458c230f491769c34,7400006,Mankey,0.75,fighter,UpperChest,-0.0452827327,1.19090009,-0.0407965556,0.317736477,-0.2566527,-0.6820774,0.606583357
7934f1476fe2c6e458c230f491769c34,7400006,Mankey,0.766666651,source,AnimatorRoot,0,0,0,0,0,3.616396E-15,1
7934f1476fe2c6e458c230f491769c34,7400006,Mankey,0.766666651,source,Hips,-0.0538301952,0.792388,-0.0373862535,-0.07220436,0.4026552,0.0123594822,0.9124157
7934f1476fe2c6e458c230f491769c34,7400006,Mankey,0.766666651,source,LeftUpperLeg,-0.121549577,0.7959566,0.03646213,-0.441282332,-0.200571522,0.6894196,0.538276434
7934f1476fe2c6e458c230f491769c34,7400006,Mankey,0.766666651,source,RightUpperLeg,0.013889309,0.7888196,-0.111234836,0.289589673,-0.130814791,-0.60737,0.7280981
7934f1476fe2c6e458c230f491769c34,7400006,Mankey,0.766666651,source,LeftLowerLeg,-0.109973341,0.45332408,0.182776347,-0.3823809,-0.30202803,0.581175864,0.6517657
7934f1476fe2c6e458c230f491769c34,7400006,Mankey,0.766666651,source,RightLowerLeg,0.09886706,0.430904239,-0.1713526,0.3160262,-0.06748857,-0.7553229,0.570140362
7934f1476fe2c6e458c230f491769c34,7400006,Mankey,0.766666651,source,LeftFoot,-0.159392282,0.109350696,0.200437725,0.498393178,0.124741577,-0.827081561,-0.227991
7934f1476fe2c6e458c230f491769c34,7400006,Mankey,0.766666651,source,RightFoot,0.0466269851,0.116375886,-0.310689747,0.230734617,-0.225462735,-0.255344778,0.911442459
7934f1476fe2c6e458c230f491769c34,7400006,Mankey,0.766666651,source,Spine,-0.06173932,0.8893417,-0.0493240841,-0.00949558,0.39804855,-0.0304957349,0.9168081
7934f1476fe2c6e458c230f491769c34,7400006,Mankey,0.766666651,source,Chest,-0.05065173,1.068142,-0.0545294471,0.103802629,0.3575436,-0.0172782354,0.9279487
7934f1476fe2c6e458c230f491769c34,7400006,Mankey,0.766666651,source,Neck,-0.0283296984,1.26628208,-0.01712373,0.333688766,0.277252585,-0.06637356,0.8985418
7934f1476fe2c6e458c230f491769c34,7400006,Mankey,0.766666651,source,Head,-0.00189179333,1.33304727,0.0317765921,0.207675681,0.0192336086,-0.0207031686,0.9777896
7934f1476fe2c6e458c230f491769c34,7400006,Mankey,0.766666651,source,LeftShoulder,-0.0542858429,1.22222221,-0.004403482,0.103950143,0.4273583,0.00112485222,0.898085535
7934f1476fe2c6e458c230f491769c34,7400006,Mankey,0.766666651,source,RightShoulder,-0.01018488,1.224726,-0.04396218,0.9671287,-0.05905881,-0.233591229,-0.08129705
7934f1476fe2c6e458c230f491769c34,7400006,Mankey,0.766666651,source,LeftUpperArm,-0.1444185,1.20931888,0.104565419,0.09912144,0.410838574,0.497858942,0.7573131
7934f1476fe2c6e458c230f491769c34,7400006,Mankey,0.766666651,source,RightUpperArm,0.115329638,1.21389115,-0.109487779,0.8408193,-0.5166975,0.09553492,0.130075887
7934f1476fe2c6e458c230f491769c34,7400006,Mankey,0.766666651,source,LeftLowerArm,-0.182187021,1.02001536,0.223191157,-0.5322044,0.757974744,0.3569019,0.121876925
7934f1476fe2c6e458c230f491769c34,7400006,Mankey,0.766666651,source,RightLowerArm,0.216789782,1.02265871,-0.0426330529,0.23740238,-0.205357283,0.770857036,0.554299355
7934f1476fe2c6e458c230f491769c34,7400006,Mankey,0.766666651,source,LeftHand,-0.086735934,1.190159,0.356660724,-0.459844381,0.829576254,0.313706219,-0.04398962
7934f1476fe2c6e458c230f491769c34,7400006,Mankey,0.766666651,source,RightHand,0.1523067,1.2016108,0.09769644,0.055682417,-0.150340229,0.8641822,0.476955324
7934f1476fe2c6e458c230f491769c34,7400006,Mankey,0.766666651,source,LeftToes,-0.09961043,0.03426187,0.315366536,0.513758838,0.00261523621,-0.857584536,-0.0243653357
7934f1476fe2c6e458c230f491769c34,7400006,Mankey,0.766666651,source,RightToes,0.161614373,0.0310998671,-0.2667934,0.3340444,-0.202205122,0.0205037519,0.9203842
7934f1476fe2c6e458c230f491769c34,7400006,Mankey,0.766666651,source,LeftThumbProximal,-0.0877078548,1.20680571,0.3441019,-0.371627361,0.694823,-0.607633948,0.09947521
7934f1476fe2c6e458c230f491769c34,7400006,Mankey,0.766666651,source,LeftThumbIntermediate,-0.05630224,1.23523688,0.330121279,-0.140977591,0.805354357,-0.5202258,0.246769533
7934f1476fe2c6e458c230f491769c34,7400006,Mankey,0.766666651,source,LeftThumbDistal,-0.0311564524,1.24974692,0.33764264,0.5392631,0.644029,-0.108621188,0.5316236
7934f1476fe2c6e458c230f491769c34,7400006,Mankey,0.766666651,source,LeftIndexProximal,-0.0598788336,1.26594388,0.359386,0.211931929,0.9357909,0.112073049,-0.258495718
7934f1476fe2c6e458c230f491769c34,7400006,Mankey,0.766666651,source,LeftIndexIntermediate,-0.03593514,1.2555002,0.343003571,0.8446609,0.456486076,-0.128519416,-0.248296842
7934f1476fe2c6e458c230f491769c34,7400006,Mankey,0.766666651,source,LeftIndexDistal,-0.0481801368,1.23691773,0.3427905,0.8908005,-0.350956,-0.281858951,-0.0621332377
7934f1476fe2c6e458c230f491769c34,7400006,Mankey,0.766666651,source,LeftMiddleProximal,-0.051506564,1.25715458,0.377067357,0.215057835,0.9236371,0.144032031,-0.282664925
7934f1476fe2c6e458c230f491769c34,7400006,Mankey,0.766666651,source,LeftMiddleIntermediate,-0.0269492324,1.24678111,0.3578828,0.831956267,0.455970824,-0.131894857,-0.287303925
7934f1476fe2c6e458c230f491769c34,7400006,Mankey,0.766666651,source,LeftMiddleDistal,-0.03896993,1.2285229,0.356952,0.8767322,-0.346431881,-0.322159976,-0.0868273
7934f1476fe2c6e458c230f491769c34,7400006,Mankey,0.766666651,source,LeftRingProximal,-0.0449028425,1.24883568,0.3912176,0.302152574,0.863214731,0.170743182,-0.3666211
7934f1476fe2c6e458c230f491769c34,7400006,Mankey,0.766666651,source,LeftRingIntermediate,-0.0277214,1.236419,0.3681625,0.825223863,0.3874101,-0.166652113,-0.375694662
7934f1476fe2c6e458c230f491769c34,7400006,Mankey,0.766666651,source,LeftRingDistal,-0.0400862731,1.22174418,0.367854625,0.8424503,-0.3235576,-0.402408,-0.153806627
7934f1476fe2c6e458c230f491769c34,7400006,Mankey,0.766666651,source,LeftLittleProximal,-0.0377793722,1.23577976,0.401851863,0.2768378,0.852786,0.2031834,-0.393488973
7934f1476fe2c6e458c230f491769c34,7400006,Mankey,0.766666651,source,LeftLittleIntermediate,-0.0230395589,1.22720969,0.3803451,0.7710192,0.44941,-0.141020015,-0.4285715
7934f1476fe2c6e458c230f491769c34,7400006,Mankey,0.766666651,source,LeftLittleDistal,-0.0336077772,1.21174788,0.377158076,0.8638047,-0.167072982,-0.405904561,-0.247326151
7934f1476fe2c6e458c230f491769c34,7400006,Mankey,0.766666651,source,RightThumbProximal,0.147846222,1.21535587,0.08263154,0.141499117,0.7321378,0.601683736,0.28623268
7934f1476fe2c6e458c230f491769c34,7400006,Mankey,0.766666651,source,RightThumbIntermediate,0.112331763,1.23996449,0.07153079,-0.312823623,-0.638131857,-0.6954713,-0.106061243
7934f1476fe2c6e458c230f491769c34,7400006,Mankey,0.766666651,source,RightThumbDistal,0.08888621,1.25636232,0.08052065,0.6586261,0.177402124,0.583781064,-0.440386385
7934f1476fe2c6e458c230f491769c34,7400006,Mankey,0.766666651,source,RightIndexProximal,0.121483758,1.27586508,0.09484205,0.0185366888,0.07531191,-0.9811257,0.17713584
7934f1476fe2c6e458c230f491769c34,7400006,Mankey,0.766666651,source,RightIndexIntermediate,0.0926052853,1.265236,0.09289761,-0.0610592067,-0.03236953,0.559013665,-0.826273441
7934f1476fe2c6e458c230f491769c34,7400006,Mankey,0.766666651,source,RightIndexDistal,0.100908339,1.24476349,0.09018825,0.0652771145,-0.0320178941,0.225879088,0.9714387
7934f1476fe2c6e458c230f491769c34,7400006,Mankey,0.766666651,source,RightMiddleProximal,0.119932272,1.27072573,0.115606539,0.07710154,0.09705977,-0.9642885,0.23405683
7934f1476fe2c6e458c230f491769c34,7400006,Mankey,0.766666651,source,RightMiddleIntermediate,0.09107705,1.2563957,0.109230593,-0.115922354,0.008395819,0.475751936,-0.871866941
7934f1476fe2c6e458c230f491769c34,7400006,Mankey,0.766666651,source,RightMiddleDistal,0.103054412,1.238201,0.107139148,0.07381234,-0.111304857,0.3545318,0.9254569
7934f1476fe2c6e458c230f491769c34,7400006,Mankey,0.766666651,source,RightRingProximal,0.118888959,1.26535738,0.1324336,0.115028434,0.156059489,-0.9301563,0.311806858
7934f1476fe2c6e458c230f491769c34,7400006,Mankey,0.766666651,source,RightRingIntermediate,0.0944880545,1.24831319,0.122682892,-0.190258145,0.00668043,0.378919065,-0.905636668
7934f1476fe2c6e458c230f491769c34,7400006,Mankey,0.766666651,source,RightRingDistal,0.108163252,1.235093,0.120146975,0.128386691,-0.169596851,0.457486719,0.8634001
7934f1476fe2c6e458c230f491769c34,7400006,Mankey,0.766666651,source,RightLittleProximal,0.116633035,1.25462461,0.147062644,0.2173109,0.166188627,-0.935716331,0.222693756
7934f1476fe2c6e458c230f491769c34,7400006,Mankey,0.766666651,source,RightLittleIntermediate,0.0945023149,1.2451725,0.133870408,-0.27093482,0.0554198,0.5319087,-0.8003727
7934f1476fe2c6e458c230f491769c34,7400006,Mankey,0.766666651,source,RightLittleDistal,0.102639668,1.22842276,0.130082235,0.147843331,-0.2639773,0.2589149,0.917290449
7934f1476fe2c6e458c230f491769c34,7400006,Mankey,0.766666651,fighter,AnimatorRoot,0,0,0,0,0,0,1
7934f1476fe2c6e458c230f491769c34,7400006,Mankey,0.766666651,fighter,Hips,-0.0538301878,0.792387962,-0.03738625,0.208928943,-0.28956148,-0.5907,0.7235859
7934f1476fe2c6e458c230f491769c34,7400006,Mankey,0.766666651,fighter,LeftUpperLeg,-0.134575278,0.7972059,0.05295449,0.5262387,0.6870869,0.212026015,0.4539048
7934f1476fe2c6e458c230f491769c34,7400006,Mankey,0.766666651,fighter,RightUpperLeg,0.0269148815,0.78757,-0.127727,0.59973073,0.750651538,0.255503565,0.107533708
7934f1476fe2c6e458c230f491769c34,7400006,Mankey,0.766666651,fighter,LeftLowerLeg,-0.122101344,0.4621367,0.199548528,0.653518856,0.588881969,0.317268282,0.3542204
7934f1476fe2c6e458c230f491769c34,7400006,Mankey,0.766666651,fighter,RightLowerLeg,0.121152118,0.437970877,-0.180798531,0.7742699,0.5575168,0.290063322,0.07446244
7934f1476fe2c6e458c230f491769c34,7400006,Mankey,0.766666651,fighter,LeftFoot,-0.159392208,0.1093508,0.20043771,0.05298094,0.8933836,0.0153251737,0.445896924
7934f1476fe2c6e458c230f491769c34,7400006,Mankey,0.766666651,fighter,RightFoot,0.0466269627,0.116375826,-0.310689747,0.0875905752,0.9572325,0.0468301922,0.271737039
7934f1476fe2c6e458c230f491769c34,7400006,Mankey,0.766666651,fighter,Spine,-0.06252783,0.836167634,-0.0474948846,0.217587322,-0.29078728,-0.629042745,0.6873165
7934f1476fe2c6e458c230f491769c34,7400006,Mankey,0.766666651,fighter,Chest,-0.06224195,1.07461667,-0.06884767,0.330106318,-0.23484081,-0.719095469,0.5646076
7934f1476fe2c6e458c230f491769c34,7400006,Mankey,0.766666651,fighter,Neck,-0.03684001,1.35354567,-0.0263286177,0.435073018,-0.323798835,-0.661164,0.51839
7934f1476fe2c6e458c230f491769c34,7400006,Mankey,0.766666651,fighter,Head,-0.0243474822,1.49744964,0.009318931,0.573033154,-0.385391355,-0.612969458,0.383894861
7934f1476fe2c6e458c230f491769c34,7400006,Mankey,0.766666651,fighter,LeftShoulder,0.00695847953,1.30137694,0.06395292,0.6776782,0.09736465,-0.300619334,0.6640035
7934f1476fe2c6e458c230f491769c34,7400006,Mankey,0.766666651,fighter,RightShoulder,0.05145243,1.30348253,0.02355886,-0.1941902,-0.570132136,-0.720047355,0.344632626
7934f1476fe2c6e458c230f491769c34,7400006,Mankey,0.766666651,fighter,LeftUpperArm,-0.162903115,1.35810268,0.177876472,0.734526753,0.467322826,0.126958519,0.475354135
7934f1476fe2c6e458c230f491769c34,7400006,Mankey,0.766666651,fighter,RightUpperArm,0.197275028,1.36182451,-0.11920435,0.301122,0.680424035,0.539509535,0.394053936
7934f1476fe2c6e458c230f491769c34,7400006,Mankey,0.766666651,fighter,LeftLowerArm,-0.3125588,1.13058877,0.250531137,-0.03512378,0.9049028,-0.3482791,0.242113948
7934f1476fe2c6e458c230f491769c34,7400006,Mankey,0.766666651,fighter,RightLowerArm,0.340480149,1.12648916,-0.0596417263,-0.391379118,0.3649865,-0.00422721356,0.844742358
7934f1476fe2c6e458c230f491769c34,7400006,Mankey,0.766666651,fighter,LeftHand,-0.08673616,1.19015908,0.356660962,0.4623358,-0.7956414,-0.362946033,-0.146529347
7934f1476fe2c6e458c230f491769c34,7400006,Mankey,0.766666651,fighter,RightHand,0.152306646,1.20161068,0.09769618,0.19671008,0.237996459,-0.5074018,0.8044915
7934f1476fe2c6e458c230f491769c34,7400006,Mankey,0.766666651,fighter,LeftToes,0.0123223281,0.103996076,0.422603935,0.126826718,0.8600165,0.0609322637,0.490483642
7934f1476fe2c6e458c230f491769c34,7400006,Mankey,0.766666651,fighter,RightToes,0.282464027,0.08688049,-0.161080077,0.157800049,0.9618573,0.0601924658,0.215190455
7934f1476fe2c6e458c230f491769c34,7400006,Mankey,0.766666651,fighter,LeftEye,-0.144179,1.54214478,0.228256539,0.430054724,-0.3403338,-0.481387079,-0.6837344
7934f1476fe2c6e458c230f491769c34,7400006,Mankey,0.766666651,fighter,RightEye,0.118074305,1.53360689,0.216121972,0.27730006,-0.470029235,-0.6986988,-0.462598622
7934f1476fe2c6e458c230f491769c34,7400006,Mankey,0.766666651,fighter,Jaw,-0.0234723259,1.336831,0.141171858,0.6773758,0.134370923,-0.7044839,-0.16373603
7934f1476fe2c6e458c230f491769c34,7400006,Mankey,0.766666651,fighter,LeftThumbProximal,-0.0533099845,1.25510168,0.3490598,0.220673054,-0.931157,-0.271170676,0.103521794
7934f1476fe2c6e458c230f491769c34,7400006,Mankey,0.766666651,fighter,LeftThumbIntermediate,-0.0137355989,1.27607965,0.3457763,0.176880032,-0.9106253,-0.320201933,-0.1922137
7934f1476fe2c6e458c230f491769c34,7400006,Mankey,0.766666651,fighter,LeftThumbDistal,0.0197379068,1.28379536,0.3637369,-0.07152968,-0.439211428,-0.333177477,-0.8312458
7934f1476fe2c6e458c230f491769c34,7400006,Mankey,0.766666651,fighter,LeftMiddleProximal,-0.026389407,1.30492008,0.3916166,-0.263464123,-0.921838164,-0.160834208,0.2343795
7934f1476fe2c6e458c230f491769c34,7400006,Mankey,0.766666651,fighter,LeftMiddleIntermediate,0.0191767924,1.2800324,0.360268861,-0.8808315,-0.3776856,-0.0422099829,0.282326639
7934f1476fe2c6e458c230f491769c34,7400006,Mankey,0.766666651,fighter,LeftMiddleDistal,-0.0187557619,1.24581349,0.344926953,-0.88620615,0.4005535,0.15079385,0.177362636
7934f1476fe2c6e458c230f491769c34,7400006,Mankey,0.766666651,fighter,LeftRingProximal,-0.008018845,1.27512467,0.434271485,-0.332024336,-0.8530632,-0.241684765,0.3219194
7934f1476fe2c6e458c230f491769c34,7400006,Mankey,0.766666651,fighter,LeftRingIntermediate,0.02250539,1.25320911,0.396414638,-0.862012,-0.3238147,-0.00567027926,0.3899328
7934f1476fe2c6e458c230f491769c34,7400006,Mankey,0.766666651,fighter,LeftRingDistal,-0.02072074,1.22291327,0.3820661,-0.857467055,0.3500523,0.2752631,0.257768154
7934f1476fe2c6e458c230f491769c34,7400006,Mankey,0.766666651,fighter,LeftLittleProximal,-0.00539228274,1.224377,0.4665072,-0.2934456,-0.852613568,-0.261156857,0.344582736
7934f1476fe2c6e458c230f491769c34,7400006,Mankey,0.766666651,fighter,LeftLittleIntermediate,0.0260946117,1.20728648,0.426989526,-0.8219067,-0.391268075,-0.0513883978,0.410777539
7934f1476fe2c6e458c230f491769c34,7400006,Mankey,0.766666651,fighter,LeftLittleDistal,-0.0119987223,1.17403865,0.4045318,-0.8896312,0.206218109,0.260240674,0.3135376
7934f1476fe2c6e458c230f491769c34,7400006,Mankey,0.766666651,fighter,RightThumbProximal,0.112900853,1.263028,0.08946835,-0.1173575,0.0238193274,0.208186477,-0.970731139
7934f1476fe2c6e458c230f491769c34,7400006,Mankey,0.766666651,fighter,RightThumbIntermediate,0.07193404,1.28143156,0.08958603,0.159239814,0.246849447,-0.222325876,0.92966634
7934f1476fe2c6e458c230f491769c34,7400006,Mankey,0.766666651,fighter,RightThumbDistal,0.04172698,1.29440808,0.110121943,-0.2575273,-0.8426606,0.09431653,-0.4633654
7934f1476fe2c6e458c230f491769c34,7400006,Mankey,0.766666651,fighter,RightMiddleProximal,0.0968496,1.320004,0.128375888,-0.117707871,0.014031738,-0.304962456,-0.9449583
7934f1476fe2c6e458c230f491769c34,7400006,Mankey,0.766666651,fighter,RightMiddleIntermediate,0.0475052558,1.28524888,0.122413471,0.149363071,-0.08569977,0.9030445,0.393519461
7934f1476fe2c6e458c230f491769c34,7400006,Mankey,0.766666651,fighter,RightMiddleDistal,0.08194507,1.2487036,0.104426637,-0.06915422,0.122086316,-0.905886769,0.399603426
7934f1476fe2c6e458c230f491769c34,7400006,Mankey,0.766666651,fighter,RightRingProximal,0.09554944,1.29922926,0.179478019,-0.227477908,0.04514587,-0.368049115,-0.900419831
7934f1476fe2c6e458c230f491769c34,7400006,Mankey,0.766666651,fighter,RightRingIntermediate,0.056877438,1.264971,0.166209921,0.147579551,-0.174998134,0.9250932,0.3029836
7934f1476fe2c6e458c230f491769c34,7400006,Mankey,0.766666651,fighter,RightRingDistal,0.09915295,1.23713207,0.145473346,0.0464715958,0.196799442,-0.8500009,0.486425132
7934f1476fe2c6e458c230f491769c34,7400006,Mankey,0.766666651,fighter,RightLittleProximal,0.107553869,1.256098,0.219689429,-0.207776219,0.1416843,-0.263083547,-0.9314193
7934f1476fe2c6e458c230f491769c34,7400006,Mankey,0.766666651,fighter,RightLittleIntermediate,0.06373873,1.23309743,0.199779719,0.129888564,-0.215979829,0.8437455,0.473894149
7934f1476fe2c6e458c230f491769c34,7400006,Mankey,0.766666651,fighter,RightLittleDistal,0.0923480541,1.19195819,0.176328018,0.117333949,0.199123964,-0.9247438,0.302377
7934f1476fe2c6e458c230f491769c34,7400006,Mankey,0.766666651,fighter,UpperChest,-0.0449829958,1.19012368,-0.0438163,0.31516543,-0.254541039,-0.683313,0.607423246
7934f1476fe2c6e458c230f491769c34,7400006,Mankey,0.7666667,source,AnimatorRoot,0,0,0,0,0,3.688724E-15,1
7934f1476fe2c6e458c230f491769c34,7400006,Mankey,0.7666667,source,Hips,-0.0538301952,0.792388,-0.0373862721,-0.07220436,0.4026552,0.0123594748,0.9124157
7934f1476fe2c6e458c230f491769c34,7400006,Mankey,0.7666667,source,LeftUpperLeg,-0.121549577,0.7959566,0.03646211,-0.441282332,-0.200571522,0.6894196,0.538276434
7934f1476fe2c6e458c230f491769c34,7400006,Mankey,0.7666667,source,RightUpperLeg,0.013889309,0.7888196,-0.111234844,0.289589673,-0.130814791,-0.60737,0.7280981
7934f1476fe2c6e458c230f491769c34,7400006,Mankey,0.7666667,source,LeftLowerLeg,-0.109973341,0.453324139,0.182776332,-0.3823809,-0.30202803,0.581175864,0.6517657
7934f1476fe2c6e458c230f491769c34,7400006,Mankey,0.7666667,source,RightLowerLeg,0.09886706,0.430904239,-0.17135261,0.3160262,-0.06748857,-0.7553229,0.570140362
7934f1476fe2c6e458c230f491769c34,7400006,Mankey,0.7666667,source,LeftFoot,-0.1593923,0.109350696,0.20043771,0.498393178,0.124741577,-0.827081561,-0.227991
7934f1476fe2c6e458c230f491769c34,7400006,Mankey,0.7666667,source,RightFoot,0.0466269739,0.116375886,-0.310689747,0.23073478,-0.225462824,-0.25534454,0.9114424
7934f1476fe2c6e458c230f491769c34,7400006,Mankey,0.7666667,source,Spine,-0.06173932,0.8893417,-0.0493241027,-0.00949558,0.39804855,-0.0304957423,0.9168081
7934f1476fe2c6e458c230f491769c34,7400006,Mankey,0.7666667,source,Chest,-0.05065172,1.068142,-0.0545294657,0.103802629,0.3575436,-0.0172782429,0.9279487
7934f1476fe2c6e458c230f491769c34,7400006,Mankey,0.7666667,source,Neck,-0.0283296928,1.26628208,-0.01712375,0.333688766,0.277252585,-0.0663735643,0.8985418
7934f1476fe2c6e458c230f491769c34,7400006,Mankey,0.7666667,source,Head,-0.001891787,1.33304727,0.0317765735,0.207675681,0.0192336086,-0.020703176,0.9777896
7934f1476fe2c6e458c230f491769c34,7400006,Mankey,0.7666667,source,LeftShoulder,-0.0542858355,1.22222221,-0.00440350734,0.103950143,0.4273583,0.00112484477,0.898085535
7934f1476fe2c6e458c230f491769c34,7400006,Mankey,0.7666667,source,RightShoulder,-0.0101848738,1.224726,-0.0439622,0.9671287,-0.05905882,-0.233591229,-0.08129705
7934f1476fe2c6e458c230f491769c34,7400006,Mankey,0.7666667,source,LeftUpperArm,-0.1444185,1.20931888,0.1045654,0.09912144,0.410838574,0.497858942,0.7573131
7934f1476fe2c6e458c230f491769c34,7400006,Mankey,0.7666667,source,RightUpperArm,0.115329638,1.21389115,-0.109487794,0.8408193,-0.5166975,0.09553492,0.130075887
7934f1476fe2c6e458c230f491769c34,7400006,Mankey,0.7666667,source,LeftLowerArm,-0.182187021,1.02001536,0.223191142,-0.5322044,0.757974744,0.3569019,0.121876925
7934f1476fe2c6e458c230f491769c34,7400006,Mankey,0.7666667,source,RightLowerArm,0.216789782,1.02265871,-0.04263307,0.23740235,-0.205357283,0.770857036,0.554299355
7934f1476fe2c6e458c230f491769c34,7400006,Mankey,0.7666667,source,LeftHand,-0.08673592,1.190159,0.356660724,-0.459844381,0.829576254,0.313706219,-0.04398962
7934f1476fe2c6e458c230f491769c34,7400006,Mankey,0.7666667,source,RightHand,0.1523067,1.2016108,0.0976964161,0.055682417,-0.150340229,0.8641822,0.476955324
7934f1476fe2c6e458c230f491769c34,7400006,Mankey,0.7666667,source,LeftToes,-0.09961043,0.03426187,0.315366536,0.513758838,0.00261522876,-0.857584536,-0.02436534
7934f1476fe2c6e458c230f491769c34,7400006,Mankey,0.7666667,source,RightToes,0.161614373,0.0310998671,-0.2667934,0.334044427,-0.202205181,0.02050398,0.920384169
7934f1476fe2c6e458c230f491769c34,7400006,Mankey,0.7666667,source,LeftThumbProximal,-0.08770784,1.20680571,0.344101876,-0.371627361,0.694823,-0.607633948,0.09947521
7934f1476fe2c6e458c230f491769c34,7400006,Mankey,0.7666667,source,LeftThumbIntermediate,-0.0563022271,1.23523688,0.330121249,-0.140977591,0.805354357,-0.5202258,0.246769533
7934f1476fe2c6e458c230f491769c34,7400006,Mankey,0.7666667,source,LeftThumbDistal,-0.0311564263,1.24974692,0.33764264,0.5392631,0.644029,-0.108621188,0.5316236
7934f1476fe2c6e458c230f491769c34,7400006,Mankey,0.7666667,source,LeftIndexProximal,-0.0598788224,1.26594388,0.359386,0.211931929,0.9357909,0.112073049,-0.258495718
7934f1476fe2c6e458c230f491769c34,7400006,Mankey,0.7666667,source,LeftIndexIntermediate,-0.03593514,1.2555002,0.343003571,0.8446609,0.456486076,-0.128519416,-0.248296827
7934f1476fe2c6e458c230f491769c34,7400006,Mankey,0.7666667,source,LeftIndexDistal,-0.0481801219,1.23691773,0.3427905,0.8908005,-0.350956,-0.281858951,-0.0621332377
7934f1476fe2c6e458c230f491769c34,7400006,Mankey,0.7666667,source,LeftMiddleProximal,-0.051506564,1.25715458,0.377067327,0.215057835,0.9236371,0.144032031,-0.282664925
7934f1476fe2c6e458c230f491769c34,7400006,Mankey,0.7666667,source,LeftMiddleIntermediate,-0.0269492064,1.24678111,0.357882768,0.831956267,0.455970824,-0.131894857,-0.287303925
7934f1476fe2c6e458c230f491769c34,7400006,Mankey,0.7666667,source,LeftMiddleDistal,-0.03896993,1.2285229,0.356951982,0.8767322,-0.346431881,-0.322159976,-0.0868273
7934f1476fe2c6e458c230f491769c34,7400006,Mankey,0.7666667,source,LeftRingProximal,-0.0449028425,1.24883568,0.3912176,0.302152574,0.863214731,0.170743182,-0.3666211
7934f1476fe2c6e458c230f491769c34,7400006,Mankey,0.7666667,source,LeftRingIntermediate,-0.0277213752,1.236419,0.3681625,0.825223863,0.3874101,-0.166652113,-0.375694662
7934f1476fe2c6e458c230f491769c34,7400006,Mankey,0.7666667,source,LeftRingDistal,-0.0400862731,1.22174418,0.367854625,0.8424503,-0.3235576,-0.402408,-0.153806627
7934f1476fe2c6e458c230f491769c34,7400006,Mankey,0.7666667,source,LeftLittleProximal,-0.0377793722,1.23577976,0.401851863,0.2768378,0.852786,0.2031834,-0.393488973
7934f1476fe2c6e458c230f491769c34,7400006,Mankey,0.7666667,source,LeftLittleIntermediate,-0.0230395347,1.22720969,0.380345076,0.7710192,0.44941,-0.141020015,-0.4285715
7934f1476fe2c6e458c230f491769c34,7400006,Mankey,0.7666667,source,LeftLittleDistal,-0.0336077772,1.21174788,0.377158076,0.8638047,-0.167073,-0.405904561,-0.247326151
7934f1476fe2c6e458c230f491769c34,7400006,Mankey,0.7666667,source,RightThumbProximal,0.147846237,1.21535587,0.082631506,0.141499147,0.7321378,0.601683736,0.28623268
7934f1476fe2c6e458c230f491769c34,7400006,Mankey,0.7666667,source,RightThumbIntermediate,0.112331763,1.23996449,0.07153077,-0.312823623,-0.638131857,-0.6954713,-0.106061243
7934f1476fe2c6e458c230f491769c34,7400006,Mankey,0.7666667,source,RightThumbDistal,0.08888621,1.25636232,0.08052064,0.6586261,0.177402124,0.583781064,-0.440386385
7934f1476fe2c6e458c230f491769c34,7400006,Mankey,0.7666667,source,RightIndexProximal,0.121483773,1.27586508,0.09484203,0.0185366888,0.0753119,-0.9811257,0.177135825
7934f1476fe2c6e458c230f491769c34,7400006,Mankey,0.7666667,source,RightIndexIntermediate,0.0926052853,1.265236,0.092897594,-0.0610592067,-0.03236953,0.559013665,-0.826273441
7934f1476fe2c6e458c230f491769c34,7400006,Mankey,0.7666667,source,RightIndexDistal,0.100908339,1.24476349,0.09018823,0.0652771145,-0.0320178941,0.225879088,0.9714387
7934f1476fe2c6e458c230f491769c34,7400006,Mankey,0.7666667,source,RightMiddleProximal,0.119932272,1.27072573,0.115606517,0.07710154,0.097059764,-0.9642885,0.23405683
7934f1476fe2c6e458c230f491769c34,7400006,Mankey,0.7666667,source,RightMiddleIntermediate,0.09107707,1.2563957,0.109230585,-0.115922354,0.008395819,0.475751936,-0.871866941
7934f1476fe2c6e458c230f491769c34,7400006,Mankey,0.7666667,source,RightMiddleDistal,0.103054412,1.238201,0.107139133,0.07381234,-0.111304857,0.3545318,0.9254569
7934f1476fe2c6e458c230f491769c34,7400006,Mankey,0.7666667,source,RightRingProximal,0.118888967,1.26535738,0.132433578,0.115028434,0.156059474,-0.9301563,0.311806858
7934f1476fe2c6e458c230f491769c34,7400006,Mankey,0.7666667,source,RightRingIntermediate,0.09448808,1.24831319,0.122682877,-0.19025813,0.00668043,0.378919065,-0.905636668
7934f1476fe2c6e458c230f491769c34,7400006,Mankey,0.7666667,source,RightRingDistal,0.108163267,1.235093,0.120146953,0.128386691,-0.169596851,0.457486719,0.8634001
7934f1476fe2c6e458c230f491769c34,7400006,Mankey,0.7666667,source,RightLittleProximal,0.11663305,1.25462461,0.147062629,0.2173109,0.166188627,-0.935716331,0.222693756
7934f1476fe2c6e458c230f491769c34,7400006,Mankey,0.7666667,source,RightLittleIntermediate,0.09450233,1.2451725,0.133870378,-0.27093482,0.0554198,0.5319087,-0.8003727
7934f1476fe2c6e458c230f491769c34,7400006,Mankey,0.7666667,source,RightLittleDistal,0.10263969,1.22842276,0.1300822,0.147843331,-0.2639773,0.2589149,0.917290449
7934f1476fe2c6e458c230f491769c34,7400006,Mankey,0.7666667,fighter,AnimatorRoot,0,0,0,0,0,0,1
7934f1476fe2c6e458c230f491769c34,7400006,Mankey,0.7666667,fighter,Hips,-0.0538301878,0.792387962,-0.03738627,0.208928943,-0.28956148,-0.5907,0.7235859
7934f1476fe2c6e458c230f491769c34,7400006,Mankey,0.7666667,fighter,LeftUpperLeg,-0.134575278,0.7972059,0.05295447,0.526238859,0.6870867,0.212026343,0.453904748
7934f1476fe2c6e458c230f491769c34,7400006,Mankey,0.7666667,fighter,RightUpperLeg,0.0269148815,0.78757,-0.127727017,0.5997308,0.7506515,0.255503565,0.107533604
7934f1476fe2c6e458c230f491769c34,7400006,Mankey,0.7666667,fighter,LeftLowerLeg,-0.122101456,0.462136656,0.199548244,0.6535188,0.5888821,0.317267925,0.35422045
7934f1476fe2c6e458c230f491769c34,7400006,Mankey,0.7666667,fighter,RightLowerLeg,0.121152051,0.437970847,-0.180798665,0.7742698,0.5575169,0.290063441,0.07446262
7934f1476fe2c6e458c230f491769c34,7400006,Mankey,0.7666667,fighter,LeftFoot,-0.159392327,0.109350756,0.2004377,0.0529810861,0.893383563,0.0153252333,0.445896864
7934f1476fe2c6e458c230f491769c34,7400006,Mankey,0.7666667,fighter,RightFoot,0.0466269627,0.116375662,-0.3106898,0.08759057,0.957232535,0.04683043,0.2717372
7934f1476fe2c6e458c230f491769c34,7400006,Mankey,0.7666667,fighter,Spine,-0.06252783,0.836167634,-0.0474949,0.217587322,-0.29078728,-0.629042745,0.6873165
7934f1476fe2c6e458c230f491769c34,7400006,Mankey,0.7666667,fighter,Chest,-0.06224195,1.07461667,-0.06884769,0.330106318,-0.23484081,-0.719095469,0.5646076
7934f1476fe2c6e458c230f491769c34,7400006,Mankey,0.7666667,fighter,Neck,-0.03684001,1.35354567,-0.0263286345,0.435073018,-0.323798835,-0.661164,0.51839
7934f1476fe2c6e458c230f491769c34,7400006,Mankey,0.7666667,fighter,Head,-0.0243474822,1.49744964,0.009318913,0.573033154,-0.385391355,-0.612969458,0.383894861
7934f1476fe2c6e458c230f491769c34,7400006,Mankey,0.7666667,fighter,LeftShoulder,0.00695847953,1.30137694,0.0639529,0.6776782,0.09736465,-0.300619334,0.6640035
7934f1476fe2c6e458c230f491769c34,7400006,Mankey,0.7666667,fighter,RightShoulder,0.05145243,1.30348253,0.023558842,-0.1941902,-0.570132136,-0.720047355,0.344632626
7934f1476fe2c6e458c230f491769c34,7400006,Mankey,0.7666667,fighter,LeftUpperArm,-0.162903115,1.35810268,0.177876443,0.734526634,0.467322946,0.12695843,0.475354135
7934f1476fe2c6e458c230f491769c34,7400006,Mankey,0.7666667,fighter,RightUpperArm,0.197275028,1.36182451,-0.119204372,0.301121771,0.6804244,0.5395096,0.394053847
7934f1476fe2c6e458c230f491769c34,7400006,Mankey,0.7666667,fighter,LeftLowerArm,-0.31255877,1.13058877,0.2505312,-0.03512372,0.9049027,-0.348279417,0.242113829
7934f1476fe2c6e458c230f491769c34,7400006,Mankey,0.7666667,fighter,RightLowerArm,0.3404803,1.12648928,-0.0596416667,-0.391379327,0.364986479,-0.004227046,0.844742358
7934f1476fe2c6e458c230f491769c34,7400006,Mankey,0.7666667,fighter,LeftHand,-0.08673605,1.1901592,0.356660962,0.462335855,-0.7956416,-0.362946272,-0.146529287
7934f1476fe2c6e458c230f491769c34,7400006,Mankey,0.7666667,fighter,RightHand,0.152306721,1.2016108,0.0976963043,0.196709976,0.237996519,-0.5074019,0.8044916
7934f1476fe2c6e458c230f491769c34,7400006,Mankey,0.7666667,fighter,LeftToes,0.0123222442,0.103995994,0.422604,0.126826584,0.8600165,0.060932152,0.4904836
7934f1476fe2c6e458c230f491769c34,7400006,Mankey,0.7666667,fighter,RightToes,0.282464027,0.0868803263,-0.161080018,0.157799646,0.9618573,0.06019245,0.215190589
7934f1476fe2c6e458c230f491769c34,7400006,Mankey,0.7666667,fighter,LeftEye,-0.144179,1.54214478,0.228256509,0.430054724,-0.3403338,-0.481387079,-0.6837344
7934f1476fe2c6e458c230f491769c34,7400006,Mankey,0.7666667,fighter,RightEye,0.118074305,1.53360689,0.216121942,0.27730006,-0.470029235,-0.6986988,-0.462598622
7934f1476fe2c6e458c230f491769c34,7400006,Mankey,0.7666667,fighter,Jaw,-0.0234723259,1.336831,0.141171828,0.6773758,0.134370923,-0.7044839,-0.16373603
7934f1476fe2c6e458c230f491769c34,7400006,Mankey,0.7666667,fighter,LeftThumbProximal,-0.0533098169,1.2551018,0.3490597,0.220672339,-0.9311576,-0.2711703,0.103521764
7934f1476fe2c6e458c230f491769c34,7400006,Mankey,0.7666667,fighter,LeftThumbIntermediate,-0.0137353279,1.27607977,0.34577626,0.176876813,-0.9106262,-0.320201874,-0.192214251
7934f1476fe2c6e458c230f491769c34,7400006,Mankey,0.7666667,fighter,LeftThumbDistal,0.01973824,1.28379524,0.363736838,-0.0715315342,-0.439211756,-0.333175182,-0.831246853
7934f1476fe2c6e458c230f491769c34,7400006,Mankey,0.7666667,fighter,LeftMiddleProximal,-0.0263892412,1.3049202,0.3916166,-0.263463169,-0.9218388,-0.160834223,0.234378561
7934f1476fe2c6e458c230f491769c34,7400006,Mankey,0.7666667,fighter,LeftMiddleIntermediate,0.0191771463,1.28003275,0.3602689,-0.8808317,-0.3776857,-0.04220999,0.282325774
7934f1476fe2c6e458c230f491769c34,7400006,Mankey,0.7666667,fighter,LeftMiddleDistal,-0.0187554918,1.24581385,0.344927073,-0.8862064,0.400553823,0.150793552,0.177362
7934f1476fe2c6e458c230f491769c34,7400006,Mankey,0.7666667,fighter,LeftRingProximal,-0.008018678,1.27512479,0.434271485,-0.332023978,-0.8530637,-0.241684645,0.321918666
7934f1476fe2c6e458c230f491769c34,7400006,Mankey,0.7666667,fighter,LeftRingIntermediate,0.0225056186,1.25320911,0.396414757,-0.8620124,-0.323814958,-0.00567016,0.389932156
7934f1476fe2c6e458c230f491769c34,7400006,Mankey,0.7666667,fighter,LeftRingDistal,-0.0207204483,1.22291338,0.38206616,-0.857467532,0.350052178,0.275262743,0.257767528
7934f1476fe2c6e458c230f491769c34,7400006,Mankey,0.7666667,fighter,LeftLittleProximal,-0.005392053,1.22437727,0.466507167,-0.293447554,-0.8526132,-0.261156023,0.344582766
7934f1476fe2c6e458c230f491769c34,7400006,Mankey,0.7666667,fighter,LeftLittleIntermediate,0.0260947589,1.20728636,0.426989615,-0.821907759,-0.3912667,-0.05138825,0.410777152
7934f1476fe2c6e458c230f491769c34,7400006,Mankey,0.7666667,fighter,LeftLittleDistal,-0.0119987642,1.17403865,0.4045318,-0.889631,0.206219777,0.2602408,0.313537031
7934f1476fe2c6e458c230f491769c34,7400006,Mankey,0.7666667,fighter,RightThumbProximal,0.112900935,1.26302791,0.08946847,-0.117357813,0.0238194764,0.2081885,-0.9707306
7934f1476fe2c6e458c230f491769c34,7400006,Mankey,0.7666667,fighter,RightThumbIntermediate,0.07193418,1.28143167,0.0895861462,0.1592407,0.2468493,-0.222327083,0.9296661
7934f1476fe2c6e458c230f491769c34,7400006,Mankey,0.7666667,fighter,RightThumbDistal,0.041727148,1.29440832,0.110122114,-0.257528663,-0.842660367,0.09431681,-0.4633652
7934f1476fe2c6e458c230f491769c34,7400006,Mankey,0.7666667,fighter,RightMiddleProximal,0.09684964,1.320004,0.128376022,-0.11770761,0.0140312314,-0.304961532,-0.9449588
7934f1476fe2c6e458c230f491769c34,7400006,Mankey,0.7666667,fighter,RightMiddleIntermediate,0.0475052148,1.285249,0.122413673,0.1493629,-0.08569884,0.9030437,0.393521577
7934f1476fe2c6e458c230f491769c34,7400006,Mankey,0.7666667,fighter,RightMiddleDistal,0.08194488,1.24870348,0.104426868,-0.06915498,0.122085556,-0.905887663,0.399601281
7934f1476fe2c6e458c230f491769c34,7400006,Mankey,0.7666667,fighter,RightRingProximal,0.0955495238,1.29922926,0.179478168,-0.227477178,0.0451451242,-0.368051052,-0.9004193
7934f1476fe2c6e458c230f491769c34,7400006,Mankey,0.7666667,fighter,RightRingIntermediate,0.0568777,1.2649709,0.166210085,0.147579566,-0.174996585,0.925093532,0.302983582
7934f1476fe2c6e458c230f491769c34,7400006,Mankey,0.7666667,fighter,RightRingDistal,0.09915314,1.23713207,0.14547354,0.0464702547,0.196798459,-0.850001335,0.486425549
7934f1476fe2c6e458c230f491769c34,7400006,Mankey,0.7666667,fighter,RightLittleProximal,0.107553974,1.256098,0.219689623,-0.207776159,0.1416846,-0.263083279,-0.931419432
7934f1476fe2c6e458c230f491769c34,7400006,Mankey,0.7666667,fighter,RightLittleIntermediate,0.06373879,1.23309743,0.199779779,0.129888356,-0.215980411,0.8437455,0.473893881
7934f1476fe2c6e458c230f491769c34,7400006,Mankey,0.7666667,fighter,RightLittleDistal,0.09234818,1.19195831,0.176328182,0.11733444,0.199124351,-0.924743652,0.302377254
7934f1476fe2c6e458c230f491769c34,7400006,Mankey,0.7666667,fighter,UpperChest,-0.0449829958,1.19012368,-0.0438163169,0.31516543,-0.254541039,-0.683313,0.607423246
