Unity=6000.5.9f1
path=Assets/CombatExpansion/SlapStudy/NativeSources/67e760d2924bb9246a4ac9fe9ca09e78/MCU_am_StandConv_SlapFace_02_AReceive_BGive_PairA.FBX
identity=8ae91d8a5acd3a1f64feaad62ff62a6d:8993902097722301239
name=MCU_am_StandConv_SlapFace_02_AReceive_BGive_PairA
length=7.36666727; fps=30; humanMotion=True
byteSHA256=943213233FD5BECBF0C007A042B0C6645792D19DD1D2705BE8D2E9C38A0653C9
metadataSHA256=50671D686CC879E8FBC97E262715BDCE97D1374FE4EBCE106F109AEB90D51593
clipEditorSHA256=EBF817A319B2939958EB62D9876A4E74C2E370A19D63034CAD5F66F987DD13C8
importerEditorSHA256=217AAD6817057EC26361EADC603AF19F22E190A0BE87DB2F0016627448D94B98
events=0
settings={
    "additiveReferencePoseClip": {
        "instanceID": 0
    },
    "additiveReferencePoseTime": 0.0,
    "startTime": 0.0,
    "stopTime": 7.3666672706604,
    "orientationOffsetY": 0.0,
    "level": 0.0,
    "cycleOffset": 0.0,
    "hasAdditiveReferencePose": false,
    "loopTime": true,
    "loopBlend": false,
    "loopBlendOrientation": true,
    "loopBlendPositionY": true,
    "loopBlendPositionXZ": false,
    "keepOriginalOrientation": true,
    "keepOriginalPositionY": true,
    "keepOriginalPositionXZ": false,
    "heightFromFeet": false,
    "mirror": false
}
FLOAT UnityEngine.Animator||Chest Front-Back discrete=False keys=82 pre=ClampForever post=ClampForever
  0	-0.136340961	0.01382321	0.01382321	0.333333343	0.333333343	None
  0.166666672	-0.125677049	0.120385677	0.120385677	0.333333343	0.333333343	None
  0.400000036	-0.08658601	0.203313947	0.203313947	0.333333343	0.333333343	None
  0.6333334	-0.0385235064	0.222529739	0.222529739	0.333333343	0.333333343	None
  0.700000048	-0.0236071832	0.212720841	0.212720841	0.333333343	0.333333343	None
  0.733333349	-0.01671071	0.1726959	0.1726959	0.333333343	0.333333343	None
  0.7666667	-0.0120941252	0.0916588	0.0916588	0.333333343	0.333333343	None
  0.8000001	-0.010600118	-0.112298422	-0.112298422	0.333333343	0.333333343	None
  0.8333334	-0.0195806772	-0.3183809	-0.3183809	0.333333343	0.333333343	None
  0.866666734	-0.0318255126	-0.150101691	-0.150101691	0.333333343	0.333333343	None
  0.900000036	-0.0295874681	0.153392971	0.153392971	0.333333343	0.333333343	None
  0.9333334	-0.02159931	0.179472342	0.179472342	0.333333343	0.333333343	None
  0.9666667	-0.0176226422	-0.04134397	-0.04134397	0.333333343	0.333333343	None
  1	-0.0243555717	-0.273166835	-0.273166835	0.333333343	0.333333343	None
  1.03333342	-0.0358337872	-0.2496212	-0.2496212	0.333333343	0.333333343	None
  1.06666672	-0.04099701	-0.04026469	-0.04026469	0.333333343	0.333333343	None
  1.1	-0.0385180973	-0.2926388	-0.2926388	0.333333343	0.333333343	None
  1.13333344	-0.0605063252	-1.24924731	-1.24924731	0.333333343	0.333333343	None
  1.16666675	-0.12180125	-1.71186554	-1.71186554	0.333333343	0.333333343	None
  1.2	-0.174630582	-1.088284	-1.088284	0.333333343	0.333333343	None
  1.23333335	-0.194353446	-0.424829423	-0.424829423	0.333333343	0.333333343	None
  1.26666677	-0.202952549	-0.207304761	-0.207304761	0.333333343	0.333333343	None
  1.30000007	-0.208173782	-0.07680513	-0.07680513	0.333333343	0.333333343	None
  1.36666679	-0.209180072	-0.08175419	-0.08175419	0.333333343	0.333333343	None
  1.4000001	-0.213523164	-0.065227136	-0.065227136	0.333333343	0.333333343	None
  1.4666667	-0.2120383	0.003887931	0.003887931	0.333333343	0.333333343	None
  1.53333342	-0.215174332	-0.151325911	-0.151325911	0.333333343	0.333333343	None
  1.56666672	-0.223357737	-0.4593159	-0.4593159	0.333333343	0.333333343	None
  1.60000014	-0.245795444	-0.8129096	-0.8129096	0.333333343	0.333333343	None
  1.66666675	-0.302357376	-0.268637359	-0.268637359	0.333333343	0.333333343	None
  1.7	-0.29546088	-0.0474737063	-0.0474737063	0.333333343	0.333333343	None
  1.76666677	-0.318050981	-0.357166	-0.357166	0.333333343	0.333333343	None
  1.83333337	-0.340170622	-0.331730843	-0.331730843	0.333333343	0.333333343	None
  1.9000001	-0.356208026	0.0190383419	0.0190383419	0.333333343	0.333333343	None
  2.03333354	-0.3147766	0.386920542	0.386920542	0.333333343	0.333333343	None
  2.2	-0.256832719	0.286871254	0.286871254	0.333333343	0.333333343	None
  2.33333349	-0.242429361	-0.123233989	-0.123233989	0.333333343	0.333333343	None
  2.4666667	-0.268807232	-0.05004219	-0.05004219	0.333333343	0.333333343	None
  2.50000024	-0.2671979	0.0456564352	0.0456564352	0.333333343	0.333333343	None
  2.60000014	-0.251634657	0.294218063	0.294218063	0.333333343	0.333333343	None
  2.63333344	-0.2408843	0.211715221	0.211715221	0.333333343	0.333333343	None
  2.66666675	-0.237520322	0.100493975	0.100493975	0.333333343	0.333333343	None
  2.73333359	-0.233761474	0.04375666	0.04375666	0.333333343	0.333333343	None
  2.83333349	-0.218749136	0.127578944	0.127578944	0.333333343	0.333333343	None
  2.86666679	-0.216428	-0.07337771	-0.07337771	0.333333343	0.333333343	None
  2.9	-0.223640978	-0.1316025	-0.1316025	0.333333343	0.333333343	None
  2.966667	-0.225442886	0.04165835	0.04165835	0.333333343	0.333333343	None
  3.00000024	-0.222424269	0.160780251	0.160780251	0.333333343	0.333333343	None
  3.03333354	-0.214724213	0.163668543	0.163668543	0.333333343	0.333333343	None
  3.16666675	-0.20195587	0.143463373	0.143463373	0.333333343	0.333333343	None
  3.23333359	-0.1953077	0.00770845264	0.00770845264	0.333333343	0.333333343	None
  3.36666679	-0.204277024	-0.0570595823	-0.0570595823	0.333333343	0.333333343	None
  3.53333354	-0.212385371	-0.141589031	-0.141589031	0.333333343	0.333333343	None
  3.63333344	-0.229012892	-0.206315488	-0.206315488	0.333333343	0.333333343	None
  3.73333359	-0.244519815	-0.015971452	-0.015971452	0.333333343	0.333333343	None
  3.80000019	-0.2409739	0.0408764556	0.0408764556	0.333333343	0.333333343	None
  3.9	-0.2343178	0.144300133	0.144300133	0.333333343	0.333333343	None
  4.033334	-0.217960045	-0.03624308	-0.03624308	0.333333343	0.333333343	None
  4.266667	-0.258722663	-0.04057873	-0.04057873	0.333333343	0.333333343	None
  4.4333334	-0.24942027	0.0149837285	0.0149837285	0.333333343	0.333333343	None
  4.5	-0.249643385	0.0527366772	0.0527366772	0.333333343	0.333333343	None
  4.73333359	-0.24740909	-0.07373892	-0.07373892	0.333333343	0.333333343	None
  4.83333349	-0.254223526	-0.0542428121	-0.0542428121	0.333333343	0.333333343	None
  4.9666667	-0.2781322	-0.361364	-0.361364	0.333333343	0.333333343	None
  5.033334	-0.298654318	-0.09041914	-0.09041914	0.333333343	0.333333343	None
  5.066667	-0.2969345	0.0313823223	0.0313823223	0.333333343	0.333333343	None
  5.3	-0.2896662	0.0442073159	0.0442073159	0.333333343	0.333333343	None
  5.50000048	-0.2903239	0.100173444	0.100173444	0.333333343	0.333333343	None
  5.666667	-0.278449267	0.0382849947	0.0382849947	0.333333343	0.333333343	None
  5.9	-0.255050659	0.115454055	0.115454055	0.333333343	0.333333343	None
  6.10000038	-0.2486788	0.0221119281	0.0221119281	0.333333343	0.333333343	None
  6.13333368	-0.246967077	-0.00266455486	-0.00266455486	0.333333343	0.333333343	None
  6.20000029	-0.2478688	0.05528105	0.05528105	0.333333343	0.333333343	None
  6.266667	-0.240430012	0.0831543654	0.0831543654	0.333333343	0.333333343	None
  6.33333349	-0.2375965	0.04885827	0.04885827	0.333333343	0.333333343	None
  6.50000048	-0.227727056	0.103262022	0.103262022	0.333333343	0.333333343	None
  6.766667	-0.199681357	0.112781852	0.112781852	0.333333343	0.333333343	None
  7.00000048	-0.163111061	0.13084656	0.13084656	0.333333343	0.333333343	None
  7.10000038	-0.153772652	0.03235574	0.03235574	0.333333343	0.333333343	None
  7.20000029	-0.150279358	0.08523733	0.08523733	0.333333343	0.333333343	None
  7.33333349	-0.136340976	0.0371354446	0.0371354446	0.333333343	0.333333343	None
  7.36666727	-0.136340976	0	0	0.333333343	0.333333343	None
FLOAT UnityEngine.Animator||Chest Left-Right discrete=False keys=168 pre=ClampForever post=ClampForever
  0	0.03774404	-0.005045123	-0.005045123	0.333333343	0.333333343	None
  0.266666681	0.0372357741	-0.00222489261	-0.00222489261	0.333333343	0.333333343	None
  0.5	0.036594186	-0.006570072	-0.006570072	0.333333343	0.333333343	None
  0.700000048	0.0363498367	0.0046589463	0.0046589463	0.333333343	0.333333343	None
  0.733333349	0.0366810821	0.03427051	0.03427051	0.333333343	0.333333343	None
  0.7666667	0.03863454	0.0608445778	0.0608445778	0.333333343	0.333333343	None
  0.8000001	0.04073739	-0.0354212858	-0.0354212858	0.333333343	0.333333343	None
  0.8333334	0.0362731256	-0.299785018	-0.299785018	0.333333343	0.333333343	None
  0.866666734	0.0207517147	-0.372727752	-0.372727752	0.333333343	0.333333343	None
  0.900000036	0.0114246039	0.006143287	0.006143287	0.333333343	0.333333343	None
  0.9333334	0.0211612843	0.449653566	0.449653566	0.333333343	0.333333343	None
  0.9666667	0.041401498	0.7654401	0.7654401	0.333333343	0.333333343	None
  1.03333342	0.1071092	1.01929784	1.01929784	0.333333343	0.333333343	None
  1.06666672	0.140143827	0.6583434	0.6583434	0.333333343	0.333333343	None
  1.1	0.150998712	0.0004592389	0.0004592389	0.333333343	0.333333343	None
  1.13333344	0.1401744	-0.302983373	-0.302983373	0.333333343	0.333333343	None
  1.16666675	0.1307998	-0.219818637	-0.219818637	0.333333343	0.333333343	None
  1.23333335	0.121668242	-0.08846828	-0.08846828	0.333333343	0.333333343	None
  1.30000007	0.115230642	-0.211457729	-0.211457729	0.333333343	0.333333343	None
  1.36666679	0.09495635	-0.291750073	-0.291750073	0.333333343	0.333333343	None
  1.4000001	0.08607476	-0.241757	-0.241757	0.333333343	0.333333343	None
  1.4333334	0.078839235	-0.258252949	-0.258252949	0.333333343	0.333333343	None
  1.4666667	0.0688579157	-0.313291132	-0.313291132	0.333333343	0.333333343	None
  1.50000012	0.05795314	-0.424664259	-0.424664259	0.333333343	0.333333343	None
  1.53333342	0.0405469537	-0.65388155	-0.65388155	0.333333343	0.333333343	None
  1.56666672	0.01436108	-0.8707568	-0.8707568	0.333333343	0.333333343	None
  1.60000014	-0.01750356	-0.78061837	-0.78061837	0.333333343	0.333333343	None
  1.63333344	-0.03768021	-0.274768442	-0.274768442	0.333333343	0.333333343	None
  1.66666675	-0.0358214378	0.30492714	0.30492714	0.333333343	0.333333343	None
  1.7	-0.0173517521	0.364665061	0.364665061	0.333333343	0.333333343	None
  1.73333347	-0.0115104355	0.115686268	0.115686268	0.333333343	0.333333343	None
  1.76666677	-0.009639321	-0.00814311	-0.00814311	0.333333343	0.333333343	None
  1.80000007	-0.012053309	-0.1236849	-0.1236849	0.333333343	0.333333343	None
  1.83333337	-0.0178849734	-0.139794081	-0.139794081	0.333333343	0.333333343	None
  1.86666679	-0.021372918	-0.0330633223	-0.0330633223	0.333333343	0.333333343	None
  1.9000001	-0.0200892054	0.04511751	0.04511751	0.333333343	0.333333343	None
  1.9333334	-0.018365087	0.05110403	0.05110403	0.333333343	0.333333343	None
  1.96666682	-0.0166822672	0.142860323	0.142860323	0.333333343	0.333333343	None
  2	-0.008841096	0.2721848	0.2721848	0.333333343	0.333333343	None
  2.03333354	0.00146341289	0.310965121	0.310965121	0.333333343	0.333333343	None
  2.06666684	0.0118899653	0.2634669	0.2634669	0.333333343	0.333333343	None
  2.10000014	0.0190278571	0.184533477	0.184533477	0.333333343	0.333333343	None
  2.16666675	0.02753582	0.0755738541	0.0755738541	0.333333343	0.333333343	None
  2.2	0.0292304382	0.00183077715	0.00183077715	0.333333343	0.333333343	None
  2.23333335	0.0276578721	-0.09904543	-0.09904543	0.333333343	0.333333343	None
  2.266667	0.02262738	-0.136892915	-0.136892915	0.333333343	0.333333343	None
  2.30000019	0.01853165	-0.03685353	-0.03685353	0.333333343	0.333333343	None
  2.33333349	0.02017048	0.0550591573	0.0550591573	0.333333343	0.333333343	None
  2.36666679	0.0222022571	-0.00480783731	-0.00480783731	0.333333343	0.333333343	None
  2.4	0.0198499579	-0.104079261	-0.104079261	0.333333343	0.333333343	None
  2.4333334	0.0152636468	-0.0817418247	-0.0817418247	0.333333343	0.333333343	None
  2.4666667	0.0144005083	0.08868526	0.08868526	0.333333343	0.333333343	None
  2.50000024	0.02117604	0.155428037	0.155428037	0.333333343	0.333333343	None
  2.53333354	0.0247624163	0.137553245	0.137553245	0.333333343	0.333333343	None
  2.63333344	0.04637673	0.262766927	0.262766927	0.333333343	0.333333343	None
  2.66666675	0.0554597676	0.187088162	0.187088162	0.333333343	0.333333343	None
  2.7	0.0588492639	-0.0452014	-0.0452014	0.333333343	0.333333343	None
  2.73333359	0.0524463	-0.2033175	-0.2033175	0.333333343	0.333333343	None
  2.766667	0.04529473	-0.166347966	-0.166347966	0.333333343	0.333333343	None
  2.83333349	0.03802192	-0.121479988	-0.121479988	0.333333343	0.333333343	None
  2.86666679	0.0332577862	-0.157412231	-0.157412231	0.333333343	0.333333343	None
  2.9	0.02752778	-0.219105989	-0.219105989	0.333333343	0.333333343	None
  2.9333334	0.0186507348	-0.2768877	-0.2768877	0.333333343	0.333333343	None
  2.966667	0.009068549	-0.291604936	-0.291604936	0.333333343	0.333333343	None
  3.00000024	-0.0007896429	-0.263487041	-0.263487041	0.333333343	0.333333343	None
  3.03333354	-0.008497238	-0.13026689	-0.13026689	0.333333343	0.333333343	None
  3.06666684	-0.009474094	0.00528662466	0.00528662466	0.333333343	0.333333343	None
  3.10000014	-0.008144797	0.076837264	0.076837264	0.333333343	0.333333343	None
  3.13333344	-0.00435161451	0.120667353	0.120667353	0.333333343	0.333333343	None
  3.16666675	-0.000100314341	0.114901543	0.114901543	0.333333343	0.333333343	None
  3.20000029	0.003308505	0.07435859	0.07435859	0.333333343	0.333333343	None
  3.23333359	0.00485694455	0.03965382	0.03965382	0.333333343	0.333333343	None
  3.266667	0.00595209049	0.0168979187	0.0168979187	0.333333343	0.333333343	None
  3.30000019	0.0059834714	-0.03826982	-0.03826982	0.333333343	0.333333343	None
  3.33333349	0.00340077165	-0.06982066	-0.06982066	0.333333343	0.333333343	None
  3.36666679	0.0013287653	-0.0161737129	-0.0161737129	0.333333343	0.333333343	None
  3.4	0.00232252525	0.0539124757	0.0539124757	0.333333343	0.333333343	None
  3.4333334	0.004922927	0.0649401844	0.0649401844	0.333333343	0.333333343	None
  3.466667	0.006651879	0.0474307239	0.0474307239	0.333333343	0.333333343	None
  3.50000024	0.0080849845	0.02442959	0.02442959	0.333333343	0.333333343	None
  3.53333354	0.008280517	-0.02094138	-0.02094138	0.333333343	0.333333343	None
  3.56666684	0.006688894	-0.06359255	-0.06359255	0.333333343	0.333333343	None
  3.63333344	0.0007558467	-0.10341537	-0.10341537	0.333333343	0.333333343	None
  3.66666675	-0.00285333418	-0.05278592	-0.05278592	0.333333343	0.333333343	None
  3.70000029	-0.00276321056	0.0537796654	0.0537796654	0.333333343	0.333333343	None
  3.73333359	0.0007319742	0.1322223	0.1322223	0.333333343	0.333333343	None
  3.766667	0.00605160045	0.151538238	0.151538238	0.333333343	0.333333343	None
  3.80000019	0.0108345142	0.09601242	0.09601242	0.333333343	0.333333343	None
  3.83333349	0.0124524226	0.0227076449	0.0227076449	0.333333343	0.333333343	None
  3.86666679	0.0123483557	0.009853104	0.009853104	0.333333343	0.333333343	None
  3.93333364	0.0142521849	0.0319329761	0.0319329761	0.333333343	0.333333343	None
  3.966667	0.0152381668	0.0309515372	0.0309515372	0.333333343	0.333333343	None
  4	0.0163156111	0.0161618236	0.0161618236	0.333333343	0.333333343	None
  4.066667	0.0162871741	0.0116595179	0.0116595179	0.333333343	0.333333343	None
  4.10000038	0.0170929134	0.0236049145	0.0236049145	0.333333343	0.333333343	None
  4.13333368	0.0178608336	-0.0170588661	-0.0170588661	0.333333343	0.333333343	None
  4.166667	0.0159556568	-0.07863982	-0.07863982	0.333333343	0.333333343	None
  4.20000029	0.0126181841	-0.0821923763	-0.0821923763	0.333333343	0.333333343	None
  4.23333359	0.01047617	-0.0592071526	-0.0592071526	0.333333343	0.333333343	None
  4.266667	0.008671044	-0.08689156	-0.08689156	0.333333343	0.333333343	None
  4.3	0.0046834047	-0.134410977	-0.134410977	0.333333343	0.333333343	None
  4.33333349	-0.000289679621	-0.122948557	-0.122948557	0.333333343	0.333333343	None
  4.366667	-0.00351315783	-0.07505896	-0.07505896	0.333333343	0.333333343	None
  4.4	-0.00529360538	-0.0547895	-0.0547895	0.333333343	0.333333343	None
  4.4333334	-0.00716578774	-0.0466463342	-0.0466463342	0.333333343	0.333333343	None
  4.4666667	-0.008403358	0.009768594	0.009768594	0.333333343	0.333333343	None
  4.5	-0.006514549	0.0526326634	0.0526326634	0.333333343	0.333333343	None
  4.533334	-0.004894494	0.0259178355	0.0259178355	0.333333343	0.333333343	None
  4.566667	-0.0047866716	-0.0178957433	-0.0178957433	0.333333343	0.333333343	None
  4.63333368	-0.008283735	-0.0682998151	-0.0682998151	0.333333343	0.333333343	None
  4.666667	-0.01064086	-0.0296115726	-0.0296115726	0.333333343	0.333333343	None
  4.70000029	-0.0102578383	0.00131158764	0.00131158764	0.333333343	0.333333343	None
  4.73333359	-0.0105534205	-0.0179682057	-0.0179682057	0.333333343	0.333333343	None
  4.766667	-0.0114557175	-0.00195530429	-0.00195530429	0.333333343	0.333333343	None
  4.8	-0.010683774	0.06852515	0.06852515	0.333333343	0.333333343	None
  4.83333349	-0.006887378	0.06407531	0.06407531	0.333333343	0.333333343	None
  4.866667	-0.00641209027	0.017726792	0.017726792	0.333333343	0.333333343	None
  4.9333334	-0.00490415	0.0232547466	0.0232547466	0.333333343	0.333333343	None
  4.9666667	-0.004155278	0.0339242667	0.0339242667	0.333333343	0.333333343	None
  5.00000048	-0.00264251279	0.0553605147	0.0553605147	0.333333343	0.333333343	None
  5.033334	-0.00046455898	0.032637164	0.032637164	0.333333343	0.333333343	None
  5.066667	-0.000466703816	-0.00485213147	-0.00485213147	0.333333343	0.333333343	None
  5.10000038	-0.0007880341	-0.0068718316	-0.0068718316	0.333333343	0.333333343	None
  5.13333368	-0.0009248255	-0.0053509865	-0.0053509865	0.333333343	0.333333343	None
  5.166667	-0.00114476623	-0.017420942	-0.017420942	0.333333343	0.333333343	None
  5.20000029	-0.00208622054	-0.014669	-0.014669	0.333333343	0.333333343	None
  5.23333359	-0.00212269858	0.0102352826	0.0102352826	0.333333343	0.333333343	None
  5.266667	-0.001403869	0.0169461761	0.0169461761	0.333333343	0.333333343	None
  5.3	-0.0009929546	0.0141379349	0.0141379349	0.333333343	0.333333343	None
  5.33333349	-0.0004613409	0.0158720128	0.0158720128	0.333333343	0.333333343	None
  5.366667	6.517858E-05	0.009603675	0.009603675	0.333333343	0.333333343	None
  5.4	0.0001789035	0.006364884	0.006364884	0.333333343	0.333333343	None
  5.4333334	0.0004895038	0.0183903947	0.0183903947	0.333333343	0.333333343	None
  5.466667	0.00140494178	0.0393639356	0.0393639356	0.333333343	0.333333343	None
  5.50000048	0.00311377668	0.0638701543	0.0638701543	0.333333343	0.333333343	None
  5.533334	0.005662948	0.08752724	0.08752724	0.333333343	0.333333343	None
  5.566667	0.00894892	0.09674065	0.09674065	0.333333343	0.333333343	None
  5.60000038	0.0121123185	0.08531849	0.08531849	0.333333343	0.333333343	None
  5.63333368	0.0146368146	0.08324653	0.08324653	0.333333343	0.333333343	None
  5.666667	0.0176620819	0.105503455	0.105503455	0.333333343	0.333333343	None
  5.73333359	0.0254640933	0.10561616	0.10561616	0.333333343	0.333333343	None
  5.83333349	0.0349250473	0.09933565	0.09933565	0.333333343	0.333333343	None
  5.9	0.0418735743	0.08560361	0.08560361	0.333333343	0.333333343	None
  5.966667	0.0455688462	0.0501103625	0.0501103625	0.333333343	0.333333343	None
  6.00000048	0.04738041	0.0137516428	0.0137516428	0.333333343	0.333333343	None
  6.033334	0.04648562	-0.0105167842	-0.0105167842	0.333333343	0.333333343	None
  6.066667	0.0466792919	0.0393359736	0.0393359736	0.333333343	0.333333343	None
  6.10000038	0.0491080172	0.0429125354	0.0429125354	0.333333343	0.333333343	None
  6.13333368	0.0495401248	-0.0241681244	-0.0241681244	0.333333343	0.333333343	None
  6.166667	0.04749681	-0.0468072742	-0.0468072742	0.333333343	0.333333343	None
  6.20000029	0.0464196429	-0.039464552	-0.039464552	0.333333343	0.333333343	None
  6.23333359	0.0448658429	-0.0228403732	-0.0228403732	0.333333343	0.333333343	None
  6.266667	0.0448969528	-0.09810859	-0.09810859	0.333333343	0.333333343	None
  6.3	0.0383252762	-0.168633163	-0.168633163	0.333333343	0.333333343	None
  6.33333349	0.0336547531	-0.126501083	-0.126501083	0.333333343	0.333333343	None
  6.40000057	0.02761683	-0.0441794768	-0.0441794768	0.333333343	0.333333343	None
  6.466667	0.0273743588	0.0115105715	0.0115105715	0.333333343	0.333333343	None
  6.50000048	0.02771392	0.0223896764	0.0223896764	0.333333343	0.333333343	None
  6.566667	0.0296185631	0.015272541	0.015272541	0.333333343	0.333333343	None
  6.60000038	0.029885171	-0.002055971	-0.002055971	0.333333343	0.333333343	None
  6.63333368	0.0294814985	0.0009737266	0.0009737266	0.333333343	0.333333343	None
  6.766667	0.0333513841	0.0256767552	0.0256767552	0.333333343	0.333333343	None
  6.90000057	0.0347485468	0.0124360537	0.0124360537	0.333333343	0.333333343	None
  7.033334	0.0370364748	0.0102673937	0.0102673937	0.333333343	0.333333343	None
  7.10000038	0.0380288959	0.0232670121	0.0232670121	0.333333343	0.333333343	None
  7.20000029	0.03920424	-0.006493634	-0.006493634	0.333333343	0.333333343	None
  7.33333349	0.0377435051	-0.00264331955	-0.00264331955	0.333333343	0.333333343	None
  7.36666727	0.0377435051	0	0	0.333333343	0.333333343	None
FLOAT UnityEngine.Animator||Chest Twist Left-Right discrete=False keys=151 pre=ClampForever post=ClampForever
  0	0.0348794423	-0.0009252503	-0.0009252503	0.333333343	0.333333343	None
  0.166666672	0.0343467556	-0.0008127656	-0.0008127656	0.333333343	0.333333343	None
  0.3	0.035571184	0.00780506153	0.00780506153	0.333333343	0.333333343	None
  0.366666675	0.03512916	-0.0194246061	-0.0194246061	0.333333343	0.333333343	None
  0.533333361	0.03376257	0.006718872	0.006718872	0.333333343	0.333333343	None
  0.6333334	0.0339835957	-0.008614138	-0.008614138	0.333333343	0.333333343	None
  0.733333349	0.03333369	0.00462255534	0.00462255534	0.333333343	0.333333343	None
  0.8000001	0.0325832069	-0.111107789	-0.111107789	0.333333343	0.333333343	None
  0.8333334	0.0263980329	-0.27210474	-0.27210474	0.333333343	0.333333343	None
  0.866666734	0.0144428881	-0.134704322	-0.134704322	0.333333343	0.333333343	None
  0.900000036	0.0174177326	0.375680685	0.375680685	0.333333343	0.333333343	None
  0.9333334	0.0394882821	0.6697126	0.6697126	0.333333343	0.333333343	None
  0.9666667	0.0620652363	0.817457438	0.817457438	0.333333343	0.333333343	None
  1	0.09398539	1.03469431	1.03469431	0.333333343	0.333333343	None
  1.03333342	0.131044924	0.925683558	0.925683558	0.333333343	0.333333343	None
  1.06666672	0.1556977	0.446701556	0.446701556	0.333333343	0.333333343	None
  1.13333344	0.1548281	-0.144002467	-0.144002467	0.333333343	0.333333343	None
  1.16666675	0.151224822	-0.133618385	-0.133618385	0.333333343	0.333333343	None
  1.2	0.145920217	0.01402171	0.01402171	0.333333343	0.333333343	None
  1.23333335	0.1521596	0.107578985	0.107578985	0.333333343	0.333333343	None
  1.26666677	0.153092146	-0.115884326	-0.115884326	0.333333343	0.333333343	None
  1.33333337	0.130499661	-0.4110254	-0.4110254	0.333333343	0.333333343	None
  1.4000001	0.101630762	-0.5945455	-0.5945455	0.333333343	0.333333343	None
  1.4333334	0.0773959458	-0.8152887	-0.8152887	0.333333343	0.333333343	None
  1.4666667	0.0472782329	-0.8136382	-0.8136382	0.333333343	0.333333343	None
  1.50000012	0.0231533647	-0.5815774	-0.5815774	0.333333343	0.333333343	None
  1.53333342	0.008506357	-0.2749173	-0.2749173	0.333333343	0.333333343	None
  1.56666672	0.00482556131	0.162247568	0.162247568	0.333333343	0.333333343	None
  1.60000014	0.019322902	0.40125668	0.40125668	0.333333343	0.333333343	None
  1.63333344	0.0315760337	0.4194066	0.4194066	0.333333343	0.333333343	None
  1.7	0.061714422	0.323413551	0.323413551	0.333333343	0.333333343	None
  1.76666677	0.07267553	0.122759789	0.122759789	0.333333343	0.333333343	None
  1.80000007	0.0770282	0.0134419017	0.0134419017	0.333333343	0.333333343	None
  1.86666679	0.0616663843	-0.5353823	-0.5353823	0.333333343	0.333333343	None
  1.9000001	0.0378795	-0.484539926	-0.484539926	0.333333343	0.333333343	None
  1.9333334	0.0293637533	-0.251529247	-0.251529247	0.333333343	0.333333343	None
  1.96666682	0.02111087	-0.235581353	-0.235581353	0.333333343	0.333333343	None
  2	0.013658342	-0.266133815	-0.266133815	0.333333343	0.333333343	None
  2.03333354	0.0033685856	-0.261940956	-0.261940956	0.333333343	0.333333343	None
  2.06666684	-0.0038044455	-0.0286460146	-0.0286460146	0.333333343	0.333333343	None
  2.10000014	0.00145885337	0.177705914	0.177705914	0.333333343	0.333333343	None
  2.13333344	0.008042604	0.220586389	0.220586389	0.333333343	0.333333343	None
  2.16666675	0.016164599	0.180381417	0.180381417	0.333333343	0.333333343	None
  2.2	0.02006802	0.0246429	0.0246429	0.333333343	0.333333343	None
  2.23333335	0.0178074576	-0.07235508	-0.07235508	0.333333343	0.333333343	None
  2.266667	0.015244334	-0.02369307	-0.02369307	0.333333343	0.333333343	None
  2.30000019	0.0162279028	0.106372505	0.106372505	0.333333343	0.333333343	None
  2.33333349	0.0223358274	0.2120449	0.2120449	0.333333343	0.333333343	None
  2.36666679	0.0303642154	0.2417008	0.2417008	0.333333343	0.333333343	None
  2.4	0.038449198	0.2858445	0.2858445	0.333333343	0.333333343	None
  2.4666667	0.06092155	0.295214176	0.295214176	0.333333343	0.333333343	None
  2.50000024	0.06910148	-0.0230585039	-0.0230585039	0.333333343	0.333333343	None
  2.53333354	0.0593843758	-0.3343739	-0.3343739	0.333333343	0.333333343	None
  2.56666684	0.04680991	-0.340119183	-0.340119183	0.333333343	0.333333343	None
  2.60000014	0.0367097855	-0.254519165	-0.254519165	0.333333343	0.333333343	None
  2.63333344	0.0298419837	-0.176410422	-0.176410422	0.333333343	0.333333343	None
  2.66666675	0.0249491017	-0.04869812	-0.04869812	0.333333343	0.333333343	None
  2.7	0.0265954453	0.0440994129	0.0440994129	0.333333343	0.333333343	None
  2.766667	0.027960157	-0.0182053987	-0.0182053987	0.333333343	0.333333343	None
  2.80000019	0.026675377	-0.0640393347	-0.0640393347	0.333333343	0.333333343	None
  2.83333349	0.0236908719	-0.10256651	-0.10256651	0.333333343	0.333333343	None
  2.86666679	0.019837616	-0.147068247	-0.147068247	0.333333343	0.333333343	None
  2.9	0.0138863316	-0.103161857	-0.103161857	0.333333343	0.333333343	None
  2.9333334	0.0129601657	0.0665049	0.0665049	0.333333343	0.333333343	None
  2.966667	0.0183200259	0.228515714	0.228515714	0.333333343	0.333333343	None
  3.00000024	0.02819457	0.2435193	0.2435193	0.333333343	0.333333343	None
  3.03333354	0.03455463	0.193006665	0.193006665	0.333333343	0.333333343	None
  3.10000014	0.04668491	0.122646809	0.122646809	0.333333343	0.333333343	None
  3.13333344	0.0492381155	0.06013658	0.06013658	0.333333343	0.333333343	None
  3.16666675	0.05069401	-0.002940869	-0.002940869	0.333333343	0.333333343	None
  3.20000029	0.0490420461	-0.01997146	-0.01997146	0.333333343	0.333333343	None
  3.23333359	0.04936257	0.05138972	0.05138972	0.333333343	0.333333343	None
  3.30000019	0.0566844568	0.10357628	0.10357628	0.333333343	0.333333343	None
  3.36666679	0.0612962581	0.0596980974	0.0596980974	0.333333343	0.333333343	None
  3.4333334	0.06417616	-0.0209090561	-0.0209090561	0.333333343	0.333333343	None
  3.50000024	0.05897588	-0.0796173662	-0.0796173662	0.333333343	0.333333343	None
  3.56666684	0.054998152	-0.0418825671	-0.0418825671	0.333333343	0.333333343	None
  3.60000014	0.0538590327	-0.104871675	-0.104871675	0.333333343	0.333333343	None
  3.63333344	0.0480067134	-0.142602518	-0.142602518	0.333333343	0.333333343	None
  3.70000029	0.0454097949	0.147756159	0.147756159	0.333333343	0.333333343	None
  3.73333359	0.0542026162	0.177259311	0.177259311	0.333333343	0.333333343	None
  3.83333349	0.0552223735	-0.00671463646	-0.00671463646	0.333333343	0.333333343	None
  3.86666679	0.0558712222	0.0292256	0.0292256	0.333333343	0.333333343	None
  3.9	0.057170745	-0.02425649	-0.02425649	0.333333343	0.333333343	None
  3.966667	0.0482272059	-0.239513129	-0.239513129	0.333333343	0.333333343	None
  4	0.03828665	-0.172858655	-0.172858655	0.333333343	0.333333343	None
  4.033334	0.0367033556	-0.0332683623	-0.0332683623	0.333333343	0.333333343	None
  4.066667	0.0360687375	-0.08819924	-0.08819924	0.333333343	0.333333343	None
  4.10000038	0.0308234114	-0.07904206	-0.07904206	0.333333343	0.333333343	None
  4.13333368	0.0307992715	0.108878933	0.108878933	0.333333343	0.333333343	None
  4.166667	0.038082	0.259701073	0.259701073	0.333333343	0.333333343	None
  4.20000029	0.04811266	0.282565564	0.282565564	0.333333343	0.333333343	None
  4.266667	0.06356726	0.134877577	0.134877577	0.333333343	0.333333343	None
  4.3	0.06591152	0.08073625	0.08073625	0.333333343	0.333333343	None
  4.366667	0.07078215	0.0405429676	0.0405429676	0.333333343	0.333333343	None
  4.4	0.07165253	-0.040840473	-0.040840473	0.333333343	0.333333343	None
  4.4333334	0.06805945	-0.07950064	-0.07950064	0.333333343	0.333333343	None
  4.4666667	0.0663524941	-0.0678975061	-0.0678975061	0.333333343	0.333333343	None
  4.533334	0.06125657	-0.0678931	-0.0678931	0.333333343	0.333333343	None
  4.566667	0.05900672	-0.02405156	-0.02405156	0.333333343	0.333333343	None
  4.60000038	0.0596531332	0.05144219	0.05144219	0.333333343	0.333333343	None
  4.63333368	0.062436197	0.06144835	0.06144835	0.333333343	0.333333343	None
  4.666667	0.0637496859	0.05507916	0.05507916	0.333333343	0.333333343	None
  4.70000029	0.06610814	-0.00693228841	-0.00693228841	0.333333343	0.333333343	None
  4.73333359	0.0632875338	-0.07776262	-0.07776262	0.333333343	0.333333343	None
  4.766667	0.0609239675	-0.043102134	-0.043102134	0.333333343	0.333333343	None
  4.8	0.06041406	-0.03472151	-0.03472151	0.333333343	0.333333343	None
  4.866667	0.0569432825	0.002764186	0.002764186	0.333333343	0.333333343	None
  4.9	0.05879348	0.0261919629	0.0261919629	0.333333343	0.333333343	None
  4.9333334	0.05868941	-0.0657850355	-0.0657850355	0.333333343	0.333333343	None
  4.9666667	0.0544078164	-0.100361019	-0.100361019	0.333333343	0.333333343	None
  5.00000048	0.05199865	-0.0136507079	-0.0136507079	0.333333343	0.333333343	None
  5.033334	0.0534977354	0.0212512184	0.0212512184	0.333333343	0.333333343	None
  5.10000038	0.052536156	0.005415162	0.005415162	0.333333343	0.333333343	None
  5.166667	0.0551065058	0.0167332552	0.0167332552	0.333333343	0.333333343	None
  5.23333359	0.0547245778	0.00549160456	0.00549160456	0.333333343	0.333333343	None
  5.266667	0.05525806	-0.005375264	-0.005375264	0.333333343	0.333333343	None
  5.366667	0.0514667667	-0.02432084	-0.02432084	0.333333343	0.333333343	None
  5.4333334	0.05169555	0.015521789	0.015521789	0.333333343	0.333333343	None
  5.50000048	0.0538351536	0.0548379272	0.0548379272	0.333333343	0.333333343	None
  5.566667	0.0565680452	-0.000543314964	-0.000543314964	0.333333343	0.333333343	None
  5.63333368	0.0554506481	0.00847333	0.00847333	0.333333343	0.333333343	None
  5.73333359	0.0593497828	0.0101950867	0.0101950867	0.333333343	0.333333343	None
  5.83333349	0.0608700439	0.10262689	0.10262689	0.333333343	0.333333343	None
  5.9	0.07210585	0.16413	0.16413	0.333333343	0.333333343	None
  5.966667	0.08033591	0.105234116	0.105234116	0.333333343	0.333333343	None
  6.00000048	0.083859	0.02784147	0.02784147	0.333333343	0.333333343	None
  6.033334	0.0821920037	-0.00316244	-0.00316244	0.333333343	0.333333343	None
  6.066667	0.08364817	0.11089056	0.11089056	0.333333343	0.333333343	None
  6.13333368	0.0944341347	0.09664388	0.09664388	0.333333343	0.333333343	None
  6.166667	0.09602762	0.065801695	0.065801695	0.333333343	0.333333343	None
  6.20000029	0.09882091	0.0554052144	0.0554052144	0.333333343	0.333333343	None
  6.23333359	0.0997213	0.06644889	0.06644889	0.333333343	0.333333343	None
  6.266667	0.103250831	-0.08836021	-0.08836021	0.333333343	0.333333343	None
  6.3	0.09383062	-0.1988404	-0.1988404	0.333333343	0.333333343	None
  6.366667	0.0878530741	-0.08714013	-0.08714013	0.333333343	0.333333343	None
  6.40000057	0.08418543	-0.06407848	-0.06407848	0.333333343	0.333333343	None
  6.466667	0.08274401	-0.08065154	-0.08065154	0.333333343	0.333333343	None
  6.50000048	0.07820436	-0.112444013	-0.112444013	0.333333343	0.333333343	None
  6.63333368	0.06696886	-0.09457176	-0.09457176	0.333333343	0.333333343	None
  6.73333359	0.0562979653	-0.08882289	-0.08882289	0.333333343	0.333333343	None
  6.866667	0.0471760258	-0.07145755	-0.07145755	0.333333343	0.333333343	None
  6.966667	0.04014945	-0.06428065	-0.06428065	0.333333343	0.333333343	None
  7.033334	0.0369219445	-0.007748965	-0.007748965	0.333333343	0.333333343	None
  7.10000038	0.039588064	0.0712571442	0.0712571442	0.333333343	0.333333343	None
  7.13333368	0.04222522	0.06223664	0.06223664	0.333333343	0.333333343	None
  7.166667	0.04373717	0.04870203	0.04870203	0.333333343	0.333333343	None
  7.20000029	0.04547202	0.00889560953	0.00889560953	0.333333343	0.333333343	None
  7.3	0.0378896929	-0.0981650949	-0.0981650949	0.333333343	0.333333343	None
  7.33333349	0.0348794423	-0.0451538041	-0.0451538041	0.333333343	0.333333343	None
  7.36666727	0.0348794423	0	0	0.333333343	0.333333343	None
FLOAT UnityEngine.Animator||Head Nod Down-Up discrete=False keys=147 pre=ClampForever post=ClampForever
  0	-0.147212833	0.006883442	0.006883442	0.333333343	0.333333343	None
  0.13333334	-0.1391675	0.133364365	0.133364365	0.333333343	0.333333343	None
  0.200000018	-0.125056386	0.334606647	0.334606647	0.333333343	0.333333343	None
  0.266666681	-0.0973334461	0.430538833	0.430538833	0.333333343	0.333333343	None
  0.333333343	-0.07063679	0.322212875	0.322212875	0.333333343	0.333333343	None
  0.400000036	-0.0538276248	0.239885837	0.239885837	0.333333343	0.333333343	None
  0.4666667	-0.03605221	0.272085577	0.272085577	0.333333343	0.333333343	None
  0.533333361	-0.0183729548	0.275540173	0.275540173	0.333333343	0.333333343	None
  0.6	0.000871881261	0.2873872	0.2873872	0.333333343	0.333333343	None
  0.6333334	0.0103346035	0.287555873	0.287555873	0.333333343	0.333333343	None
  0.6666667	0.0200422723	0.284026682	0.284026682	0.333333343	0.333333343	None
  0.733333349	0.0393884666	0.3480248	0.3480248	0.333333343	0.333333343	None
  0.7666667	0.0524713658	0.5961802	0.5961802	0.333333343	0.333333343	None
  0.8000001	0.0791338459	1.20987439	1.20987439	0.333333343	0.333333343	None
  0.8333334	0.133129627	2.134965	2.134965	0.333333343	0.333333343	None
  0.866666734	0.221464857	2.435993	2.435993	0.333333343	0.333333343	None
  0.900000036	0.295529157	2.02397776	2.02397776	0.333333343	0.333333343	None
  0.9333334	0.356396675	2.00914478	2.00914478	0.333333343	0.333333343	None
  0.9666667	0.429472119	2.1528616	2.1528616	0.333333343	0.333333343	None
  1.03333342	0.533643961	0.226746529	0.226746529	0.333333343	0.333333343	None
  1.06666672	0.5150372	-1.10187709	-1.10187709	0.333333343	0.333333343	None
  1.13333344	0.406162173	-1.04304385	-1.04304385	0.333333343	0.333333343	None
  1.16666675	0.39064917	-0.833537936	-0.833537936	0.333333343	0.333333343	None
  1.2	0.35059303	-1.48231578	-1.48231578	0.333333343	0.333333343	None
  1.23333335	0.291828215	-1.52999258	-1.52999258	0.333333343	0.333333343	None
  1.30000007	0.22313571	-0.6028702	-0.6028702	0.333333343	0.333333343	None
  1.33333337	0.208402157	-0.6303491	-0.6303491	0.333333343	0.333333343	None
  1.36666679	0.181112379	-0.7640625	-0.7640625	0.333333343	0.333333343	None
  1.4333334	0.1354999	-0.7291584	-0.7291584	0.333333343	0.333333343	None
  1.4666667	0.108854093	-0.7421277	-0.7421277	0.333333343	0.333333343	None
  1.50000012	0.08602468	-0.281400651	-0.281400651	0.333333343	0.333333343	None
  1.53333342	0.0900939852	0.540732265	0.540732265	0.333333343	0.333333343	None
  1.56666672	0.122073464	1.21064472	1.21064472	0.333333343	0.333333343	None
  1.60000014	0.170803726	1.40589833	1.40589833	0.333333343	0.333333343	None
  1.63333344	0.2158001	0.77603513	0.77603513	0.333333343	0.333333343	None
  1.66666675	0.22253935	-0.3292705	-0.3292705	0.333333343	0.333333343	None
  1.7	0.193848759	-0.8915847	-0.8915847	0.333333343	0.333333343	None
  1.76666677	0.13770318	-0.5739419	-0.5739419	0.333333343	0.333333343	None
  1.83333337	0.118325263	-0.146489143	-0.146489143	0.333333343	0.333333343	None
  1.9000001	0.102863327	-0.6247489	-0.6247489	0.333333343	0.333333343	None
  1.9333334	0.07342173	-0.9622624	-0.9622624	0.333333343	0.333333343	None
  1.96666682	0.03871244	-0.683535755	-0.683535755	0.333333343	0.333333343	None
  2	0.02785264	-0.0436067134	-0.0436067134	0.333333343	0.333333343	None
  2.03333354	0.0358054228	0.172502786	0.172502786	0.333333343	0.333333343	None
  2.06666684	0.03935287	0.0962090343	0.0962090343	0.333333343	0.333333343	None
  2.10000014	0.042219352	0.177701831	0.177701831	0.333333343	0.333333343	None
  2.13333344	0.05119965	0.3594165	0.3594165	0.333333343	0.333333343	None
  2.16666675	0.06618043	0.6665644	0.6665644	0.333333343	0.333333343	None
  2.2	0.09563723	1.1139431	1.1139431	0.333333343	0.333333343	None
  2.23333335	0.140443236	1.5078938	1.5078938	0.333333343	0.333333343	None
  2.266667	0.196163788	1.440129	1.440129	0.333333343	0.333333343	None
  2.30000019	0.236452147	0.6967858	0.6967858	0.333333343	0.333333343	None
  2.36666679	0.221129254	-0.9916876	-0.9916876	0.333333343	0.333333343	None
  2.4333334	0.127390891	-1.27956223	-1.27956223	0.333333343	0.333333343	None
  2.50000024	0.07367707	-0.15769361	-0.15769361	0.333333343	0.333333343	None
  2.53333354	0.0806866	0.5365827	0.5365827	0.333333343	0.333333343	None
  2.56666684	0.109449215	1.03054655	1.03054655	0.333333343	0.333333343	None
  2.60000014	0.149389639	0.985482	0.985482	0.333333343	0.333333343	None
  2.63333344	0.175147951	0.5001927	0.5001927	0.333333343	0.333333343	None
  2.66666675	0.182735786	0.2703913	0.2703913	0.333333343	0.333333343	None
  2.73333359	0.202285379	0.105614454	0.105614454	0.333333343	0.333333343	None
  2.80000019	0.196881786	0.0449234657	0.0449234657	0.333333343	0.333333343	None
  2.86666679	0.217061713	0.3905425	0.3905425	0.333333343	0.333333343	None
  2.9	0.22924608	0.157952309	0.157952309	0.333333343	0.333333343	None
  2.966667	0.220311508	-0.289018035	-0.289018035	0.333333343	0.333333343	None
  3.03333354	0.196297973	-0.359627783	-0.359627783	0.333333343	0.333333343	None
  3.06666684	0.184348792	-0.435521662	-0.435521662	0.333333343	0.333333343	None
  3.10000014	0.167263225	-0.5085207	-0.5085207	0.333333343	0.333333343	None
  3.13333344	0.150447443	-0.602209449	-0.602209449	0.333333343	0.333333343	None
  3.20000029	0.107313544	-0.448313236	-0.448313236	0.333333343	0.333333343	None
  3.23333359	0.0972283	-0.351076573	-0.351076573	0.333333343	0.333333343	None
  3.266667	0.08390846	-0.283829838	-0.283829838	0.333333343	0.333333343	None
  3.33333349	0.0783532038	0.05608113	0.05608113	0.333333343	0.333333343	None
  3.36666679	0.08204507	0.0150610656	0.0150610656	0.333333343	0.333333343	None
  3.4	0.0793572739	-0.2527895	-0.2527895	0.333333343	0.333333343	None
  3.4333334	0.06519245	-0.5736428	-0.5736428	0.333333343	0.333333343	None
  3.466667	0.0411142856	-0.922846138	-0.922846138	0.333333343	0.333333343	None
  3.50000024	0.00366926473	-1.51557767	-1.51557767	0.333333343	0.333333343	None
  3.53333354	-0.0599241331	-2.17922044	-2.17922044	0.333333343	0.333333343	None
  3.56666684	-0.141611964	-2.04293585	-2.04293585	0.333333343	0.333333343	None
  3.63333344	-0.23685807	-1.15916157	-1.15916157	0.333333343	0.333333343	None
  3.66666675	-0.2733971	-0.8835937	-0.8835937	0.333333343	0.333333343	None
  3.766667	-0.308809876	-0.0503191836	-0.0503191836	0.333333343	0.333333343	None
  3.83333349	-0.2981343	0.358258069	0.358258069	0.333333343	0.333333343	None
  3.966667	-0.2517425	0.118268549	0.118268549	0.333333343	0.333333343	None
  4.033334	-0.2597924	-0.230122179	-0.230122179	0.333333343	0.333333343	None
  4.066667	-0.267048	-0.2862608	-0.2862608	0.333333343	0.333333343	None
  4.13333368	-0.289519846	-0.142862186	-0.142862186	0.333333343	0.333333343	None
  4.20000029	-0.283775449	0.1533398	0.1533398	0.333333343	0.333333343	None
  4.33333349	-0.2343696	0.7448099	0.7448099	0.333333343	0.333333343	None
  4.366667	-0.206244439	0.8962447	0.8962447	0.333333343	0.333333343	None
  4.4	-0.174620017	0.7836387	0.7836387	0.333333343	0.333333343	None
  4.4333334	-0.1540019	0.409877032	0.409877032	0.333333343	0.333333343	None
  4.4666667	-0.147294909	0.164560825	0.164560825	0.333333343	0.333333343	None
  4.533334	-0.138622284	0.2084297	0.2084297	0.333333343	0.333333343	None
  4.63333368	-0.09944077	0.490965426	0.490965426	0.333333343	0.333333343	None
  4.666667	-0.08279141	0.551933765	0.551933765	0.333333343	0.333333343	None
  4.70000029	-0.06264522	0.586930156	0.586930156	0.333333343	0.333333343	None
  4.73333359	-0.04366277	0.445159853	0.445159853	0.333333343	0.333333343	None
  4.766667	-0.0329679251	0.07079602	0.07079602	0.333333343	0.333333343	None
  4.8	-0.03894304	-0.457933962	-0.457933962	0.333333343	0.333333343	None
  4.83333349	-0.06349683	-0.8631498	-0.8631498	0.333333343	0.333333343	None
  4.866667	-0.09648631	-0.855804563	-0.855804563	0.333333343	0.333333343	None
  4.9	-0.120550409	-0.472988218	-0.472988218	0.333333343	0.333333343	None
  4.9333334	-0.128018826	-0.08555807	-0.08555807	0.333333343	0.333333343	None
  5.033334	-0.09432082	0.693360865	0.693360865	0.333333343	0.333333343	None
  5.066667	-0.0677857846	0.7720724	0.7720724	0.333333343	0.333333343	None
  5.10000038	-0.0428493768	0.7771786	0.7771786	0.333333343	0.333333343	None
  5.13333368	-0.0159739275	0.7931657	0.7931657	0.333333343	0.333333343	None
  5.166667	0.0100282868	0.746872067	0.746872067	0.333333343	0.333333343	None
  5.20000029	0.0338175	0.605876148	0.605876148	0.333333343	0.333333343	None
  5.266667	0.0597630739	0.173579037	0.173579037	0.333333343	0.333333343	None
  5.3	0.06199192	0.0304130949	0.0304130949	0.333333343	0.333333343	None
  5.33333349	0.06179061	-0.02915167	-0.02915167	0.333333343	0.333333343	None
  5.366667	0.0600484759	0.0437176451	0.0437176451	0.333333343	0.333333343	None
  5.4333334	0.06816741	-0.0204775371	-0.0204775371	0.333333343	0.333333343	None
  5.50000048	0.0564863123	-0.176196381	-0.176196381	0.333333343	0.333333343	None
  5.60000038	0.04223928	-0.1980451	-0.1980451	0.333333343	0.333333343	None
  5.63333368	0.0345166139	-0.216471121	-0.216471121	0.333333343	0.333333343	None
  5.666667	0.0278078839	-0.258734584	-0.258734584	0.333333343	0.333333343	None
  5.70000029	0.0172676574	-0.278862923	-0.278862923	0.333333343	0.333333343	None
  5.73333359	0.00921704	-0.27852872	-0.27852872	0.333333343	0.333333343	None
  5.766667	-0.00130090583	-0.4081654	-0.4081654	0.333333343	0.333333343	None
  5.8	-0.0179939624	-0.490776062	-0.490776062	0.333333343	0.333333343	None
  5.83333349	-0.03401928	-0.430723548	-0.430723548	0.333333343	0.333333343	None
  5.866667	-0.0467088372	-0.361757517	-0.361757517	0.333333343	0.333333343	None
  5.9	-0.0581364259	-0.3196823	-0.3196823	0.333333343	0.333333343	None
  5.966667	-0.07918196	-0.372019827	-0.372019827	0.333333343	0.333333343	None
  6.00000048	-0.09282241	-0.369448483	-0.369448483	0.333333343	0.333333343	None
  6.066667	-0.11189796	-0.2541905	-0.2541905	0.333333343	0.333333343	None
  6.10000038	-0.120757855	-0.4173615	-0.4173615	0.333333343	0.333333343	None
  6.166667	-0.16245909	-0.64475	-0.64475	0.333333343	0.333333343	None
  6.23333359	-0.2062001	-0.840011239	-0.840011239	0.333333343	0.333333343	None
  6.266667	-0.238706023	-0.896155953	-0.896155953	0.333333343	0.333333343	None
  6.366667	-0.302502364	-0.515326	-0.515326	0.333333343	0.333333343	None
  6.433334	-0.329505354	-0.132469058	-0.132469058	0.333333343	0.333333343	None
  6.50000048	-0.328633	-0.0764922053	-0.0764922053	0.333333343	0.333333343	None
  6.566667	-0.334426761	0.1240268	0.1240268	0.333333343	0.333333343	None
  6.666667	-0.2903346	0.487413257	0.487413257	0.333333343	0.333333343	None
  6.83333349	-0.227938622	0.197816223	0.197816223	0.333333343	0.333333343	None
  7.033334	-0.194050118	0.153987333	0.153987333	0.333333343	0.333333343	None
  7.066667	-0.1889748	0.08706414	0.08706414	0.333333343	0.333333343	None
  7.10000038	-0.188245848	0.07160141	0.07160141	0.333333343	0.333333343	None
  7.20000029	-0.172829047	0.171480492	0.171480492	0.333333343	0.333333343	None
  7.3	-0.153298721	0.199067935	0.199067935	0.333333343	0.333333343	None
  7.33333349	-0.147213385	0.09129153	0.09129153	0.333333343	0.333333343	None
  7.36666727	-0.147212625	2.27984729E-05	2.27984729E-05	0.333333343	0.333333343	None
FLOAT UnityEngine.Animator||Head Tilt Left-Right discrete=False keys=159 pre=ClampForever post=ClampForever
  0	-0.07826333	0.0145364543	0.0145364543	0.333333343	0.333333343	None
  0.100000009	-0.07479913	0.0520120561	0.0520120561	0.333333343	0.333333343	None
  0.233333349	-0.0685047954	0.101075143	0.101075143	0.333333343	0.333333343	None
  0.3	-0.0602415539	0.116195366	0.116195366	0.333333343	0.333333343	None
  0.4666667	-0.04471021	0.108027093	0.108027093	0.333333343	0.333333343	None
  0.533333361	-0.0362207219	0.119515061	0.119515061	0.333333343	0.333333343	None
  0.6	-0.0291031562	0.110710695	0.110710695	0.333333343	0.333333343	None
  0.6333334	-0.02525264	0.100467071	0.100467071	0.333333343	0.333333343	None
  0.6666667	-0.02240535	0.0968377963	0.0968377963	0.333333343	0.333333343	None
  0.700000048	-0.0187967867	0.103326976	0.103326976	0.333333343	0.333333343	None
  0.733333349	-0.0155168856	0.0617785454	0.0617785454	0.333333343	0.333333343	None
  0.7666667	-0.0146782193	-0.004375279	-0.004375279	0.333333343	0.333333343	None
  0.8000001	-0.0158085711	0.0175269414	0.0175269414	0.333333343	0.333333343	None
  0.8333334	-0.01350976	0.0249242578	0.0249242578	0.333333343	0.333333343	None
  0.866666734	-0.0141469566	0.149965391	0.149965391	0.333333343	0.333333343	None
  0.900000036	-0.003512078	0.5369302	0.5369302	0.333333343	0.333333343	None
  0.9333334	0.0216484033	0.259549379	0.259549379	0.333333343	0.333333343	None
  0.9666667	0.0137912426	-0.685275137	-0.685275137	0.333333343	0.333333343	None
  1	-0.0240365621	-1.00153089	-1.00153089	0.333333343	0.333333343	None
  1.03333342	-0.05297752	-0.628755331	-0.628755331	0.333333343	0.333333343	None
  1.06666672	-0.06595365	0.01887405	0.01887405	0.333333343	0.333333343	None
  1.1	-0.051719252	0.489147127	0.489147127	0.333333343	0.333333343	None
  1.13333344	-0.0333438069	0.4952433	0.4952433	0.333333343	0.333333343	None
  1.16666675	-0.0187029969	0.1088014	0.1088014	0.333333343	0.333333343	None
  1.2	-0.0260903873	-0.386443526	-0.386443526	0.333333343	0.333333343	None
  1.23333335	-0.0444658734	-0.5351999	-0.5351999	0.333333343	0.333333343	None
  1.26666677	-0.06177041	-0.484348059	-0.484348059	0.333333343	0.333333343	None
  1.30000007	-0.07675578	-0.304255426	-0.304255426	0.333333343	0.333333343	None
  1.33333337	-0.082054086	-0.114189893	-0.114189893	0.333333343	0.333333343	None
  1.36666679	-0.08436844	-0.167216986	-0.167216986	0.333333343	0.333333343	None
  1.4333334	-0.104056418	-0.290018141	-0.290018141	0.333333343	0.333333343	None
  1.4666667	-0.112536408	-0.235426724	-0.235426724	0.333333343	0.333333343	None
  1.50000012	-0.119751543	-0.01868815	-0.01868815	0.333333343	0.333333343	None
  1.53333342	-0.113782309	0.235032916	0.235032916	0.333333343	0.333333343	None
  1.56666672	-0.104082696	0.6350809	0.6350809	0.333333343	0.333333343	None
  1.60000014	-0.0714435056	0.959872067	0.959872067	0.333333343	0.333333343	None
  1.63333344	-0.0400911681	0.563550055	0.563550055	0.333333343	0.333333343	None
  1.66666675	-0.0338735357	-0.0663434938	-0.0663434938	0.333333343	0.333333343	None
  1.7	-0.0445140637	-0.489475816	-0.489475816	0.333333343	0.333333343	None
  1.73333347	-0.0665053055	-0.496590555	-0.496590555	0.333333343	0.333333343	None
  1.76666677	-0.07762015	-0.124549717	-0.124549717	0.333333343	0.333333343	None
  1.80000007	-0.07480861	-0.0386602767	-0.0386602767	0.333333343	0.333333343	None
  1.86666679	-0.09359423	-0.519948363	-0.519948363	0.333333343	0.333333343	None
  1.9000001	-0.114860736	-0.422090143	-0.422090143	0.333333343	0.333333343	None
  1.9333334	-0.121733546	0.307993531	0.307993531	0.333333343	0.333333343	None
  1.96666682	-0.0943277553	0.666111946	0.666111946	0.333333343	0.333333343	None
  2	-0.07732609	0.337928355	0.337928355	0.333333343	0.333333343	None
  2.03333354	-0.07179924	-0.0733780861	-0.0733780861	0.333333343	0.333333343	None
  2.06666684	-0.08221792	-0.2589891	-0.2589891	0.333333343	0.333333343	None
  2.10000014	-0.0890651643	-0.167284608	-0.167284608	0.333333343	0.333333343	None
  2.13333344	-0.0933702141	0.004318811	0.004318811	0.333333343	0.333333343	None
  2.2	-0.076822	0.39713186	0.39713186	0.333333343	0.333333343	None
  2.23333335	-0.06230181	0.327758372	0.327758372	0.333333343	0.333333343	None
  2.266667	-0.0549714081	0.0482413061	0.0482413061	0.333333343	0.333333343	None
  2.30000019	-0.0590856746	-0.233124241	-0.233124241	0.333333343	0.333333343	None
  2.33333349	-0.07051301	-0.2394589	-0.2394589	0.333333343	0.333333343	None
  2.36666679	-0.07504959	-0.201957241	-0.201957241	0.333333343	0.333333343	None
  2.4	-0.08397681	-0.3412267	-0.3412267	0.333333343	0.333333343	None
  2.4666667	-0.112711839	-0.3739922	-0.3739922	0.333333343	0.333333343	None
  2.50000024	-0.122730874	-0.0131349415	-0.0131349415	0.333333343	0.333333343	None
  2.56666684	-0.09376962	0.634746134	0.634746134	0.333333343	0.333333343	None
  2.60000014	-0.0712712	0.5062437	0.5062437	0.333333343	0.333333343	None
  2.63333344	-0.0600200668	0.1360829	0.1360829	0.333333343	0.333333343	None
  2.66666675	-0.06219902	-0.0585415	-0.0585415	0.333333343	0.333333343	None
  2.7	-0.06392283	-0.0306158457	-0.0306158457	0.333333343	0.333333343	None
  2.73333359	-0.0642400756	-0.0216649715	-0.0216649715	0.333333343	0.333333343	None
  2.766667	-0.06536716	0.0220196154	0.0220196154	0.333333343	0.333333343	None
  2.80000019	-0.0627721	0.0886665955	0.0886665955	0.333333343	0.333333343	None
  2.83333349	-0.05945606	0.124344818	0.124344818	0.333333343	0.333333343	None
  2.86666679	-0.0544824563	0.15200831	0.15200831	0.333333343	0.333333343	None
  2.9	-0.0493221842	0.0908348262	0.0908348262	0.333333343	0.333333343	None
  2.9333334	-0.0484268069	-0.0122430511	-0.0122430511	0.333333343	0.333333343	None
  2.966667	-0.0501384	-0.02987876	-0.02987876	0.333333343	0.333333343	None
  3.03333354	-0.0509176627	-0.0131788235	-0.0131788235	0.333333343	0.333333343	None
  3.06666684	-0.0512973219	-0.0759642	-0.0759642	0.333333343	0.333333343	None
  3.10000014	-0.0559819378	-0.240056366	-0.240056366	0.333333343	0.333333343	None
  3.13333344	-0.0673010647	-0.377272546	-0.377272546	0.333333343	0.333333343	None
  3.16666675	-0.08113342	-0.446681738	-0.446681738	0.333333343	0.333333343	None
  3.20000029	-0.09707993	-0.38281256	-0.38281256	0.333333343	0.333333343	None
  3.23333359	-0.106654346	-0.286094636	-0.286094636	0.333333343	0.333333343	None
  3.266667	-0.11615289	-0.205497757	-0.205497757	0.333333343	0.333333343	None
  3.36666679	-0.12202508	-0.0929559544	-0.0929559544	0.333333343	0.333333343	None
  3.4	-0.1272814	-0.155447453	-0.155447453	0.333333343	0.333333343	None
  3.50000024	-0.148785472	-0.376871735	-0.376871735	0.333333343	0.333333343	None
  3.53333354	-0.164193138	-0.620106757	-0.620106757	0.333333343	0.333333343	None
  3.56666684	-0.190125883	-0.616745055	-0.616745055	0.333333343	0.333333343	None
  3.60000014	-0.205309436	-0.259082645	-0.259082645	0.333333343	0.333333343	None
  3.63333344	-0.207398042	-0.0472894	-0.0472894	0.333333343	0.333333343	None
  3.73333359	-0.209714368	0.07866971	0.07866971	0.333333343	0.333333343	None
  3.86666679	-0.181570739	0.365860164	0.365860164	0.333333343	0.333333343	None
  3.966667	-0.146652773	0.216625169	0.216625169	0.333333343	0.333333343	None
  4.033334	-0.135223344	0.174038738	0.174038738	0.333333343	0.333333343	None
  4.10000038	-0.123917617	0.131072313	0.131072313	0.333333343	0.333333343	None
  4.13333368	-0.120694175	0.178467423	0.178467423	0.333333343	0.333333343	None
  4.166667	-0.1120198	0.3136262	0.3136262	0.333333343	0.333333343	None
  4.20000029	-0.09978578	0.323028445	0.323028445	0.333333343	0.333333343	None
  4.23333359	-0.09048459	0.333850175	0.333850175	0.333333343	0.333333343	None
  4.3	-0.06320913	0.3753971	0.3753971	0.333333343	0.333333343	None
  4.33333349	-0.0525026768	0.2616803	0.2616803	0.333333343	0.333333343	None
  4.366667	-0.0457637943	0.08040711	0.08040711	0.333333343	0.333333343	None
  4.4	-0.0471422076	-0.03464758	-0.03464758	0.333333343	0.333333343	None
  4.4333334	-0.04807363	-0.09353207	-0.09353207	0.333333343	0.333333343	None
  4.5	-0.0596028	-0.130882949	-0.130882949	0.333333343	0.333333343	None
  4.533334	-0.06210323	-0.0313362442	-0.0313362442	0.333333343	0.333333343	None
  4.566667	-0.0616919175	0.0911473557	0.0911473557	0.333333343	0.333333343	None
  4.60000038	-0.0560267456	0.1774646	0.1774646	0.333333343	0.333333343	None
  4.70000029	-0.0396103635	0.122306108	0.122306108	0.333333343	0.333333343	None
  4.766667	-0.0359126627	-0.05162475	-0.05162475	0.333333343	0.333333343	None
  4.8	-0.0398613922	-0.236150786	-0.236150786	0.333333343	0.333333343	None
  4.83333349	-0.0516560338	-0.3518852	-0.3518852	0.333333343	0.333333343	None
  4.9	-0.06940917	-0.0260161161	-0.0260161161	0.333333343	0.333333343	None
  4.9333334	-0.06505479	0.1362493	0.1362493	0.333333343	0.333333343	None
  4.9666667	-0.06032589	0.108234808	0.108234808	0.333333343	0.333333343	None
  5.00000048	-0.0578391068	0.0578480661	0.0578480661	0.333333343	0.333333343	None
  5.033334	-0.05646932	0.10003297	0.10003297	0.333333343	0.333333343	None
  5.10000038	-0.0443107262	0.1932652	0.1932652	0.333333343	0.333333343	None
  5.13333368	-0.0382859148	0.1988055	0.1988055	0.333333343	0.333333343	None
  5.20000029	-0.024719486	0.151361436	0.151361436	0.333333343	0.333333343	None
  5.266667	-0.0188652482	0.0468485132	0.0468485132	0.333333343	0.333333343	None
  5.3	-0.0178430546	-0.0198614411	-0.0198614411	0.333333343	0.333333343	None
  5.33333349	-0.020189343	-0.073199816	-0.073199816	0.333333343	0.333333343	None
  5.366667	-0.0227230377	-0.0424363874	-0.0424363874	0.333333343	0.333333343	None
  5.4333334	-0.0225376058	-0.007785966	-0.007785966	0.333333343	0.333333343	None
  5.50000048	-0.02499957	-0.0291105174	-0.0291105174	0.333333343	0.333333343	None
  5.533334	-0.02547821	-0.0302125718	-0.0302125718	0.333333343	0.333333343	None
  5.566667	-0.02701374	-0.0750769451	-0.0750769451	0.333333343	0.333333343	None
  5.63333368	-0.03388993	-0.0758757442	-0.0758757442	0.333333343	0.333333343	None
  5.666667	-0.0355417132	-0.06374069	-0.06374069	0.333333343	0.333333343	None
  5.70000029	-0.038139306	-0.06656355	-0.06656355	0.333333343	0.333333343	None
  5.73333359	-0.03997928	-0.0625059754	-0.0625059754	0.333333343	0.333333343	None
  5.766667	-0.0423063673	-0.0610095859	-0.0610095859	0.333333343	0.333333343	None
  5.8	-0.04404658	-0.08015706	-0.08015706	0.333333343	0.333333343	None
  5.9	-0.0582668148	-0.15460369	-0.15460369	0.333333343	0.333333343	None
  5.966667	-0.06483298	0.0185307283	0.0185307283	0.333333343	0.333333343	None
  6.033334	-0.05823413	0.0928091556	0.0928091556	0.333333343	0.333333343	None
  6.10000038	-0.05274073	0.101712376	0.101712376	0.333333343	0.333333343	None
  6.166667	-0.0462785847	0.0200458989	0.0200458989	0.333333343	0.333333343	None
  6.20000029	-0.04762478	-0.08509746	-0.08509746	0.333333343	0.333333343	None
  6.23333359	-0.0519517437	-0.117924996	-0.117924996	0.333333343	0.333333343	None
  6.266667	-0.05548644	0.003519673	0.003519673	0.333333343	0.333333343	None
  6.3	-0.0517171	0.14725408	0.14725408	0.333333343	0.333333343	None
  6.366667	-0.0400704928	0.113082178	0.113082178	0.333333343	0.333333343	None
  6.40000057	-0.03813068	0.03726221	0.03726221	0.333333343	0.333333343	None
  6.433334	-0.03758632	0.08914849	0.08914849	0.333333343	0.333333343	None
  6.466667	-0.03218745	0.0453334525	0.0453334525	0.333333343	0.333333343	None
  6.50000048	-0.0345640928	-0.213323146	-0.213323146	0.333333343	0.333333343	None
  6.533334	-0.04640898	-0.389222145	-0.389222145	0.333333343	0.333333343	None
  6.566667	-0.06051221	-0.303283483	-0.303283483	0.333333343	0.333333343	None
  6.63333368	-0.06824785	-0.0553718	-0.0553718	0.333333343	0.333333343	None
  6.766667	-0.0763653	-0.0500499532	-0.0500499532	0.333333343	0.333333343	None
  6.866667	-0.0818015039	-0.05692143	-0.05692143	0.333333343	0.333333343	None
  6.966667	-0.08576702	-0.0591488	-0.0591488	0.333333343	0.333333343	None
  7.066667	-0.09055369	-0.0052949097	-0.0052949097	0.333333343	0.333333343	None
  7.13333368	-0.09124342	-0.06539723	-0.06539723	0.333333343	0.333333343	None
  7.166667	-0.09436572	-0.0414661	-0.0414661	0.333333343	0.333333343	None
  7.266667	-0.08789165	0.118631758	0.118631758	0.333333343	0.333333343	None
  7.3	-0.08360097	0.144425914	0.144425914	0.333333343	0.333333343	None
  7.33333349	-0.07826327	0.08006703	0.08006703	0.333333343	0.333333343	None
  7.36666727	-0.07826317	2.90568755E-06	2.90568755E-06	0.333333343	0.333333343	None
FLOAT UnityEngine.Animator||Head Turn Left-Right discrete=False keys=153 pre=ClampForever post=ClampForever
  0	-0.06687946	-0.00759869767	-0.00759869767	0.333333343	0.333333343	None
  0.13333334	-0.06973958	-0.03305689	-0.03305689	0.333333343	0.333333343	None
  0.266666681	-0.0805089846	-0.140214831	-0.140214831	0.333333343	0.333333343	None
  0.333333343	-0.09131377	-0.1622512	-0.1622512	0.333333343	0.333333343	None
  0.5	-0.1131219	-0.0397850052	-0.0397850052	0.333333343	0.333333343	None
  0.6666667	-0.1098651	0.026991969	0.026991969	0.333333343	0.333333343	None
  0.733333349	-0.107281581	0.0582904369	0.0582904369	0.333333343	0.333333343	None
  0.7666667	-0.105266184	-0.115949452	-0.115949452	0.333333343	0.333333343	None
  0.8000001	-0.11501155	-0.523688555	-0.523688555	0.333333343	0.333333343	None
  0.8333334	-0.14017874	-1.14589739	-1.14589739	0.333333343	0.333333343	None
  0.866666734	-0.19140473	-1.31594908	-1.31594908	0.333333343	0.333333343	None
  0.900000036	-0.227908686	1.06873643	1.06873643	0.333333343	0.333333343	None
  0.9333334	-0.120155506	5.28165054	5.28165054	0.333333343	0.333333343	None
  0.9666667	0.124201231	8.203691	8.203691	0.333333343	0.333333343	None
  1	0.4267567	8.490709	8.490709	0.333333343	0.333333343	None
  1.03333342	0.690248966	6.02092075	6.02092075	0.333333343	0.333333343	None
  1.06666672	0.828152	1.54677689	1.54677689	0.333333343	0.333333343	None
  1.1	0.7933673	-2.01817751	-2.01817751	0.333333343	0.333333343	None
  1.13333344	0.6936066	-2.68310213	-2.68310213	0.333333343	0.333333343	None
  1.16666675	0.614493668	-2.20520067	-2.20520067	0.333333343	0.333333343	None
  1.2	0.546593368	-1.61980009	-1.61980009	0.333333343	0.333333343	None
  1.23333335	0.5065071	-1.0964694	-1.0964694	0.333333343	0.333333343	None
  1.33333337	0.423936456	-0.791322947	-0.791322947	0.333333343	0.333333343	None
  1.36666679	0.397230268	-0.6417114	-0.6417114	0.333333343	0.333333343	None
  1.4333334	0.359166354	-0.895112634	-0.895112634	0.333333343	0.333333343	None
  1.4666667	0.321481526	-1.40311062	-1.40311062	0.333333343	0.333333343	None
  1.50000012	0.265625536	-1.23486447	-1.23486447	0.333333343	0.333333343	None
  1.53333342	0.23915711	-0.255404	-0.255404	0.333333343	0.333333343	None
  1.56666672	0.24859862	0.6649246	0.6649246	0.333333343	0.333333343	None
  1.60000014	0.2834855	1.48787653	1.48787653	0.333333343	0.333333343	None
  1.63333344	0.34779042	1.74516487	1.74516487	0.333333343	0.333333343	None
  1.66666675	0.399829715	1.24396908	1.24396908	0.333333343	0.333333343	None
  1.7	0.4307216	0.8291007	0.8291007	0.333333343	0.333333343	None
  1.73333347	0.455103129	0.322832823	0.322832823	0.333333343	0.333333343	None
  1.80000007	0.428014159	-0.802495837	-0.802495837	0.333333343	0.333333343	None
  1.83333337	0.3987442	-1.23689544	-1.23689544	0.333333343	0.333333343	None
  1.86666679	0.345554352	-2.54412484	-2.54412484	0.333333343	0.333333343	None
  1.9000001	0.229135841	-4.52226353	-4.52226353	0.333333343	0.333333343	None
  1.9333334	0.0440704077	-5.911473	-5.911473	0.333333343	0.333333343	None
  1.96666682	-0.164962724	-6.066574	-6.066574	0.333333343	0.333333343	None
  2	-0.3603675	-4.903215	-4.903215	0.333333343	0.333333343	None
  2.03333354	-0.491843641	-3.024653	-3.024653	0.333333343	0.333333343	None
  2.13333344	-0.5919943	0.205114082	0.205114082	0.333333343	0.333333343	None
  2.2	-0.5569386	0.953871369	0.953871369	0.333333343	0.333333343	None
  2.266667	-0.430356771	3.607162	3.607162	0.333333343	0.333333343	None
  2.30000019	-0.275737	4.15193224	4.15193224	0.333333343	0.333333343	None
  2.33333349	-0.153561562	3.02560258	3.02560258	0.333333343	0.333333343	None
  2.36666679	-0.07403034	2.16260242	2.16260242	0.333333343	0.333333343	None
  2.4	-0.009388203	1.39041138	1.39041138	0.333333343	0.333333343	None
  2.4333334	0.01866366	0.184246838	0.184246838	0.333333343	0.333333343	None
  2.4666667	0.00289490866	-1.4146322	-1.4146322	0.333333343	0.333333343	None
  2.50000024	-0.0756456256	-2.87481976	-2.87481976	0.333333343	0.333333343	None
  2.53333354	-0.188760117	-3.57292557	-3.57292557	0.333333343	0.333333343	None
  2.56666684	-0.313840449	-3.2366972	-3.2366972	0.333333343	0.333333343	None
  2.60000014	-0.404539734	-1.768906	-1.768906	0.333333343	0.333333343	None
  2.63333344	-0.4317674	-0.192662358	-0.192662358	0.333333343	0.333333343	None
  2.66666675	-0.417383879	0.4467733	0.4467733	0.333333343	0.333333343	None
  2.86666679	-0.353639573	0.06492472	0.06492472	0.333333343	0.333333343	None
  2.966667	-0.3586821	-0.08552947	-0.08552947	0.333333343	0.333333343	None
  3.03333354	-0.3498226	0.5205046	0.5205046	0.333333343	0.333333343	None
  3.16666675	-0.226447985	0.6671109	0.6671109	0.333333343	0.333333343	None
  3.20000029	-0.211520255	0.0688197	0.0688197	0.333333343	0.333333343	None
  3.23333359	-0.2218599	-0.5805446	-0.5805446	0.333333343	0.333333343	None
  3.30000019	-0.2789947	-0.7507841	-0.7507841	0.333333343	0.333333343	None
  3.36666679	-0.308430552	-0.130224943	-0.130224943	0.333333343	0.333333343	None
  3.50000024	-0.2626668	0.991583	0.991583	0.333333343	0.333333343	None
  3.56666684	-0.1915835	0.683791161	0.683791161	0.333333343	0.333333343	None
  3.60000014	-0.178492367	0.337537766	0.337537766	0.333333343	0.333333343	None
  3.63333344	-0.169081	0.293384552	0.293384552	0.333333343	0.333333343	None
  3.70000029	-0.152200565	0.07265569	0.07265569	0.333333343	0.333333343	None
  3.73333359	-0.154089659	0.0193389673	0.0193389673	0.333333343	0.333333343	None
  3.80000019	-0.149718329	-0.0308731478	-0.0308731478	0.333333343	0.333333343	None
  3.86666679	-0.158542439	-0.120592907	-0.120592907	0.333333343	0.333333343	None
  3.9	-0.161009029	0.0749875754	0.0749875754	0.333333343	0.333333343	None
  3.93333364	-0.153543219	0.3454133	0.3454133	0.333333343	0.333333343	None
  3.966667	-0.137981445	0.7061663	0.7061663	0.333333343	0.333333343	None
  4	-0.106465735	1.02727246	1.02727246	0.333333343	0.333333343	None
  4.033334	-0.06949638	1.3627547	1.3627547	0.333333343	0.333333343	None
  4.066667	-0.0156149771	2.006367	2.006367	0.333333343	0.333333343	None
  4.10000038	0.0642612949	2.236239	2.236239	0.333333343	0.333333343	None
  4.13333368	0.133467481	1.74992752	1.74992752	0.333333343	0.333333343	None
  4.166667	0.180923015	1.33515906	1.33515906	0.333333343	0.333333343	None
  4.23333359	0.247608513	0.360254973	0.360254973	0.333333343	0.333333343	None
  4.3	0.2184241	-1.12520313	-1.12520313	0.333333343	0.333333343	None
  4.33333349	0.1714815	-1.47359	-1.47359	0.333333343	0.333333343	None
  4.366667	0.120184854	-1.53137946	-1.53137946	0.333333343	0.333333343	None
  4.4	0.06938964	-1.33050692	-1.33050692	0.333333343	0.333333343	None
  4.4333334	0.0314844772	-0.958357036	-0.958357036	0.333333343	0.333333343	None
  4.4666667	0.005499232	-0.5395165	-0.5395165	0.333333343	0.333333343	None
  4.5	-0.00448325649	-0.1735959	-0.1735959	0.333333343	0.333333343	None
  4.533334	-0.0060738395	-0.007805921	-0.007805921	0.333333343	0.333333343	None
  4.566667	-0.00500367349	-0.01061416	-0.01061416	0.333333343	0.333333343	None
  4.60000038	-0.00678144954	-0.0986076	-0.0986076	0.333333343	0.333333343	None
  4.63333368	-0.0115775075	-0.136712432	-0.136712432	0.333333343	0.333333343	None
  4.666667	-0.0158956032	-0.197011322	-0.197011322	0.333333343	0.333333343	None
  4.70000029	-0.0247115828	-0.238731325	-0.238731325	0.333333343	0.333333343	None
  4.73333359	-0.03181101	-0.233439177	-0.233439177	0.333333343	0.333333343	None
  4.766667	-0.04027418	-0.2539463	-0.2539463	0.333333343	0.333333343	None
  4.8	-0.04874075	-0.1352252	-0.1352252	0.333333343	0.333333343	None
  4.866667	-0.04399514	0.210483879	0.210483879	0.333333343	0.333333343	None
  4.9	-0.03525694	0.307549477	0.307549477	0.333333343	0.333333343	None
  4.9333334	-0.02349186	0.356154561	0.356154561	0.333333343	0.333333343	None
  4.9666667	-0.0115133263	0.2653777	0.2653777	0.333333343	0.333333343	None
  5.00000048	-0.005799949	0.110424936	0.110424936	0.333333343	0.333333343	None
  5.033334	-0.00415158924	0.0697463751	0.0697463751	0.333333343	0.333333343	None
  5.066667	-0.0011501956	0.08636467	0.08636467	0.333333343	0.333333343	None
  5.10000038	0.00160604983	0.0335889533	0.0335889533	0.333333343	0.333333343	None
  5.13333368	0.0010890658	-0.0371417925	-0.0371417925	0.333333343	0.333333343	None
  5.166667	-0.0008700672	-0.07117561	-0.07117561	0.333333343	0.333333343	None
  5.20000029	-0.00365597033	-0.06907721	-0.06907721	0.333333343	0.333333343	None
  5.23333359	-0.00547521	-0.05601371	-0.05601371	0.333333343	0.333333343	None
  5.266667	-0.007390214	-0.0121992789	-0.0121992789	0.333333343	0.333333343	None
  5.3	-0.00628849445	0.0446070842	0.0446070842	0.333333343	0.333333343	None
  5.33333349	-0.00441641128	0.108375676	0.108375676	0.333333343	0.333333343	None
  5.366667	0.0009365435	0.1666455	0.1666455	0.333333343	0.333333343	None
  5.4	0.006693278	0.146820158	0.146820158	0.333333343	0.333333343	None
  5.4333334	0.0107245445	0.09409391	0.09409391	0.333333343	0.333333343	None
  5.50000048	0.0141259758	0.0293008983	0.0293008983	0.333333343	0.333333343	None
  5.533334	0.0149196228	0.0557726063	0.0557726063	0.333333343	0.333333343	None
  5.566667	0.0178441461	0.112988934	0.112988934	0.333333343	0.333333343	None
  5.60000038	0.022452211	0.110985614	0.110985614	0.333333343	0.333333343	None
  5.63333368	0.02524318	0.05539544	0.05539544	0.333333343	0.333333343	None
  5.73333359	0.0279470831	0.08289101	0.08289101	0.333333343	0.333333343	None
  5.766667	0.03183988	0.123365358	0.123365358	0.333333343	0.333333343	None
  5.866667	0.052063	0.349832863	0.349832863	0.333333343	0.333333343	None
  5.9	0.0660662	0.584970951	0.584970951	0.333333343	0.333333343	None
  5.966667	0.126152366	1.1564194	1.1564194	0.333333343	0.333333343	None
  6.033334	0.207629621	1.07631028	1.07631028	0.333333343	0.333333343	None
  6.066667	0.239909887	0.8928282	0.8928282	0.333333343	0.333333343	None
  6.10000038	0.267151445	0.617243946	0.617243946	0.333333343	0.333333343	None
  6.166667	0.287517071	0.1668644	0.1668644	0.333333343	0.333333343	None
  6.20000029	0.292183727	0.2976857	0.2976857	0.333333343	0.333333343	None
  6.33333349	0.399383962	1.16827214	1.16827214	0.333333343	0.333333343	None
  6.40000057	0.450736433	-0.8129847	-0.8129847	0.333333343	0.333333343	None
  6.433334	0.385679156	-2.46069431	-2.46069431	0.333333343	0.333333343	None
  6.466667	0.2866903	-2.52955127	-2.52955127	0.333333343	0.333333343	None
  6.50000048	0.217042565	-1.52408242	-1.52408242	0.333333343	0.333333343	None
  6.533334	0.1850849	-0.813025236	-0.813025236	0.333333343	0.333333343	None
  6.566667	0.162840933	-0.720916331	-0.720916331	0.333333343	0.333333343	None
  6.63333368	0.110684648	-0.759045959	-0.759045959	0.333333343	0.333333343	None
  6.70000029	0.06276111	-0.7086965	-0.7086965	0.333333343	0.333333343	None
  6.73333359	0.03917445	-0.691367269	-0.691367269	0.333333343	0.333333343	None
  6.766667	0.0166700035	-0.599861264	-0.599861264	0.333333343	0.333333343	None
  6.8	-0.000816265936	-0.4421323	-0.4421323	0.333333343	0.333333343	None
  6.83333349	-0.0128054535	-0.307821572	-0.307821572	0.333333343	0.333333343	None
  6.866667	-0.0213376842	-0.247005671	-0.247005671	0.333333343	0.333333343	None
  6.933334	-0.0354526863	-0.1547138	-0.1547138	0.333333343	0.333333343	None
  7.033334	-0.0469697677	-0.141249627	-0.141249627	0.333333343	0.333333343	None
  7.10000038	-0.0571576655	-0.114175156	-0.114175156	0.333333343	0.333333343	None
  7.23333359	-0.06348291	-0.0234974027	-0.0234974027	0.333333343	0.333333343	None
  7.3	-0.06549824	-0.0387595221	-0.0387595221	0.333333343	0.333333343	None
  7.33333349	-0.06687932	-0.0207153913	-0.0207153913	0.333333343	0.333333343	None
  7.36666727	-0.066879265	1.564601E-06	1.564601E-06	0.333333343	0.333333343	None
FLOAT UnityEngine.Animator||Jaw Close discrete=False keys=2 pre=ClampForever post=ClampForever
  0	1.028557	0	0	0.333333343	0.333333343	None
  7.36666727	1.028557	0	0	0.333333343	0.333333343	None
FLOAT UnityEngine.Animator||Jaw Left-Right discrete=False keys=28 pre=ClampForever post=ClampForever
  0	-1.67181386E-13	0	0	0.333333343	0.333333343	None
  0.5666667	-1.67181386E-13	0	0	0.333333343	0.333333343	None
  0.6	-1.67181386E-13	1.60932432E-05	1.60932432E-05	0.333333343	0.333333343	None
  0.6333334	1.07288361E-06	-2.72848411E-11	-2.72848411E-11	0.333333343	0.333333343	None
  0.6666667	-1.67181386E-13	-1.609327E-05	-1.609327E-05	0.333333343	0.333333343	None
  0.700000048	-1.67181386E-13	0	0	0.333333343	0.333333343	None
  2.33333349	-1.67181386E-13	0	0	0.333333343	0.333333343	None
  3.4	-1.67181386E-13	0	0	0.333333343	0.333333343	None
  3.4333334	-1.67181386E-13	1.60931559E-05	1.60931559E-05	0.333333343	0.333333343	None
  3.466667	1.07288361E-06	-1.14596332E-10	-1.14596332E-10	0.333333343	0.333333343	None
  3.50000024	-1.67181386E-13	-1.609327E-05	-1.609327E-05	0.333333343	0.333333343	None
  3.53333354	-1.67181386E-13	0	0	0.333333343	0.333333343	None
  4.866667	-1.67181386E-13	0	0	0.333333343	0.333333343	None
  4.9	-1.67181386E-13	1.609327E-05	1.609327E-05	0.333333343	0.333333343	None
  4.9333334	1.07288361E-06	0	0	0.333333343	0.333333343	None
  4.9666667	-1.67181386E-13	-1.609327E-05	-1.609327E-05	0.333333343	0.333333343	None
  5.00000048	-1.67181386E-13	0	0	0.333333343	0.333333343	None
  5.166667	-1.67181386E-13	0	0	0.333333343	0.333333343	None
  5.20000029	-1.67181386E-13	1.609327E-05	1.609327E-05	0.333333343	0.333333343	None
  5.23333359	1.07288361E-06	0	0	0.333333343	0.333333343	None
  5.266667	-1.67181386E-13	-1.609327E-05	-1.609327E-05	0.333333343	0.333333343	None
  5.3	-1.67181386E-13	0	0	0.333333343	0.333333343	None
  5.966667	-1.67181386E-13	0	0	0.333333343	0.333333343	None
  6.00000048	-1.67181386E-13	1.609327E-05	1.609327E-05	0.333333343	0.333333343	None
  6.033334	1.07288361E-06	0	0	0.333333343	0.333333343	None
  6.066667	-1.67181386E-13	-1.609327E-05	-1.609327E-05	0.333333343	0.333333343	None
  6.10000038	-1.67181386E-13	0	0	0.333333343	0.333333343	None
  7.36666727	-1.67181386E-13	0	0	0.333333343	0.333333343	None
FLOAT UnityEngine.Animator||Left Arm Down-Up discrete=False keys=47 pre=ClampForever post=ClampForever
  0	-0.5945028	0.008679628	0.008679628	0.333333343	0.333333343	None
  0.7666667	-0.5502047	0.08963756	0.08963756	0.333333343	0.333333343	None
  0.900000036	-0.568352461	-0.8144866	-0.8144866	0.333333343	0.333333343	None
  1	-0.7203302	-2.18500662	-2.18500662	0.333333343	0.333333343	None
  1.03333342	-0.7976936	-2.394617	-2.394617	0.333333343	0.333333343	None
  1.1	-0.907432854	0.9399307	0.9399307	0.333333343	0.333333343	None
  1.13333344	-0.817309141	3.020211	3.020211	0.333333343	0.333333343	None
  1.16666675	-0.7060853	1.88256824	1.88256824	0.333333343	0.333333343	None
  1.23333335	-0.7087333	-0.008129761	-0.008129761	0.333333343	0.333333343	None
  1.30000007	-0.667055845	0.444633782	0.444633782	0.333333343	0.333333343	None
  1.33333337	-0.6627044	0.145558864	0.145558864	0.333333343	0.333333343	None
  1.4000001	-0.657488346	-0.288143724	-0.288143724	0.333333343	0.333333343	None
  1.4666667	-0.695937	-0.4631905	-0.4631905	0.333333343	0.333333343	None
  1.53333342	-0.7196315	-0.352198541	-0.352198541	0.333333343	0.333333343	None
  1.56666672	-0.730920732	-0.11384131	-0.11384131	0.333333343	0.333333343	None
  1.63333344	-0.732515	-0.28922376	-0.28922376	0.333333343	0.333333343	None
  1.80000007	-0.8380423	-0.106720731	-0.106720731	0.333333343	0.333333343	None
  2.03333354	-0.759780943	0.0364121124	0.0364121124	0.333333343	0.333333343	None
  2.16666675	-0.825925767	-0.474858761	-0.474858761	0.333333343	0.333333343	None
  2.30000019	-0.86351335	-0.360010028	-0.360010028	0.333333343	0.333333343	None
  2.4	-0.8662122	0.255538762	0.255538762	0.333333343	0.333333343	None
  2.63333344	-0.907394	-0.484088242	-0.484088242	0.333333343	0.333333343	None
  2.73333359	-0.938868344	0.0652136	0.0652136	0.333333343	0.333333343	None
  2.9333334	-0.891913354	0.177427679	0.177427679	0.333333343	0.333333343	None
  3.13333344	-0.847798645	0.08722374	0.08722374	0.333333343	0.333333343	None
  3.266667	-0.8280318	0.00145196915	0.00145196915	0.333333343	0.333333343	None
  3.33333349	-0.826292038	0.2632984	0.2632984	0.333333343	0.333333343	None
  3.466667	-0.7821691	0.0996908844	0.0996908844	0.333333343	0.333333343	None
  3.63333344	-0.7571046	0.6109693	0.6109693	0.333333343	0.333333343	None
  3.73333359	-0.6685422	0.743462563	0.743462563	0.333333343	0.333333343	None
  3.86666679	-0.633029342	-0.2895948	-0.2895948	0.333333343	0.333333343	None
  4.033334	-0.6797949	-0.07529254	-0.07529254	0.333333343	0.333333343	None
  4.3	-0.719000936	-0.07386543	-0.07386543	0.333333343	0.333333343	None
  4.5	-0.7053945	-0.06004614	-0.06004614	0.333333343	0.333333343	None
  4.666667	-0.6977983	0.1602675	0.1602675	0.333333343	0.333333343	None
  4.9333334	-0.7020135	0.04949038	0.04949038	0.333333343	0.333333343	None
  5.033334	-0.7005078	-0.15747264	-0.15747264	0.333333343	0.333333343	None
  5.4	-0.631617069	0.384555817	0.384555817	0.333333343	0.333333343	None
  5.666667	-0.5664272	0.07880874	0.07880874	0.333333343	0.333333343	None
  5.866667	-0.567601442	-0.03241542	-0.03241542	0.333333343	0.333333343	None
  6.10000038	-0.6067	-0.06799585	-0.06799585	0.333333343	0.333333343	None
  6.40000057	-0.595621765	0.08669706	0.08669706	0.333333343	0.333333343	None
  6.63333368	-0.5871314	0.208096713	0.208096713	0.333333343	0.333333343	None
  6.83333349	-0.573604047	-0.0416314974	-0.0416314974	0.333333343	0.333333343	None
  7.10000038	-0.5647281	0.05876457	0.05876457	0.333333343	0.333333343	None
  7.266667	-0.58631	-0.149459988	-0.149459988	0.333333343	0.333333343	None
  7.36666727	-0.594503641	0	0	0.333333343	0.333333343	None
FLOAT UnityEngine.Animator||Left Arm Front-Back discrete=False keys=107 pre=ClampForever post=ClampForever
  0	0.111951217	0.0110616526	0.0110616526	0.333333343	0.333333343	None
  0.266666681	0.1300486	0.125477776	0.125477776	0.333333343	0.333333343	None
  0.700000048	0.200150833	0.164027587	0.164027587	0.333333343	0.333333343	None
  0.8000001	0.21219939	0.0627332851	0.0627332851	0.333333343	0.333333343	None
  0.8333334	0.213899866	0.164836854	0.164836854	0.333333343	0.333333343	None
  0.866666734	0.223188519	0.6970808	0.6970808	0.333333343	0.333333343	None
  0.9333334	0.326417655	2.44309473	2.44309473	0.333333343	0.333333343	None
  0.9666667	0.423244834	3.04359722	3.04359722	0.333333343	0.333333343	None
  1	0.529323936	2.63753653	2.63753653	0.333333343	0.333333343	None
  1.03333342	0.5990807	1.60856593	1.60856593	0.333333343	0.333333343	None
  1.06666672	0.6365618	1.40591156	1.40591156	0.333333343	0.333333343	None
  1.13333344	0.746294558	1.14558136	1.14558136	0.333333343	0.333333343	None
  1.16666675	0.769180238	-0.355680019	-0.355680019	0.333333343	0.333333343	None
  1.2	0.7225826	-1.48992467	-1.48992467	0.333333343	0.333333343	None
  1.26666677	0.609402835	-1.9050858	-1.9050858	0.333333343	0.333333343	None
  1.33333337	0.4836556	-1.31948781	-1.31948781	0.333333343	0.333333343	None
  1.36666679	0.454880327	-0.9533181	-0.9533181	0.333333343	0.333333343	None
  1.4666667	0.3626876	-0.392607123	-0.392607123	0.333333343	0.333333343	None
  1.60000014	0.381779283	0.2767679	0.2767679	0.333333343	0.333333343	None
  1.66666675	0.4038827	0.381971061	0.381971061	0.333333343	0.333333343	None
  1.7	0.415495455	0.15842846	0.15842846	0.333333343	0.333333343	None
  1.76666677	0.4129213	0.0402769819	0.0402769819	0.333333343	0.333333343	None
  1.80000007	0.417129725	-0.0949941	-0.0949941	0.333333343	0.333333343	None
  1.86666679	0.377874285	-1.02661812	-1.02661812	0.333333343	0.333333343	None
  1.9000001	0.338147134	-1.05765557	-1.05765557	0.333333343	0.333333343	None
  1.9333334	0.307364	-0.9940959	-0.9940959	0.333333343	0.333333343	None
  2	0.242712989	-0.7008573	-0.7008573	0.333333343	0.333333343	None
  2.03333354	0.225150213	-0.371154964	-0.371154964	0.333333343	0.333333343	None
  2.06666684	0.217969224	-0.228842273	-0.228842273	0.333333343	0.333333343	None
  2.16666675	0.201974273	-0.0281645618	-0.0281645618	0.333333343	0.333333343	None
  2.23333335	0.199502036	-0.0974642262	-0.0974642262	0.333333343	0.333333343	None
  2.30000019	0.1939944	0.0501969233	0.0501969233	0.333333343	0.333333343	None
  2.36666679	0.203904033	0.0256777033	0.0256777033	0.333333343	0.333333343	None
  2.50000024	0.16998297	-0.272823155	-0.272823155	0.333333343	0.333333343	None
  2.53333354	0.162266836	-0.103368185	-0.103368185	0.333333343	0.333333343	None
  2.60000014	0.171716124	0.292415142	0.292415142	0.333333343	0.333333343	None
  2.63333344	0.182586089	0.27182135	0.27182135	0.333333343	0.333333343	None
  2.66666675	0.18983753	0.225821644	0.225821644	0.333333343	0.333333343	None
  2.7	0.197640851	0.140188754	0.140188754	0.333333343	0.333333343	None
  2.766667	0.199206084	0.0152561953	0.0152561953	0.333333343	0.333333343	None
  2.86666679	0.197954819	-0.0951152444	-0.0951152444	0.333333343	0.333333343	None
  2.9333334	0.19461523	0.07505183	0.07505183	0.333333343	0.333333343	None
  3.03333354	0.2130548	0.175841764	0.175841764	0.333333343	0.333333343	None
  3.13333344	0.23565267	0.424817383	0.424817383	0.333333343	0.333333343	None
  3.266667	0.290722221	0.111682378	0.111682378	0.333333343	0.333333343	None
  3.36666679	0.2799238	-0.203339368	-0.203339368	0.333333343	0.333333343	None
  3.50000024	0.231884614	-0.6066729	-0.6066729	0.333333343	0.333333343	None
  3.53333354	0.209935039	-0.6910007	-0.6910007	0.333333343	0.333333343	None
  3.56666684	0.185817942	-0.915242553	-0.915242553	0.333333343	0.333333343	None
  3.60000014	0.148918927	-1.30862153	-1.30862153	0.333333343	0.333333343	None
  3.63333344	0.09857659	-1.62054586	-1.62054586	0.333333343	0.333333343	None
  3.66666675	0.0408826359	-1.68732023	-1.68732023	0.333333343	0.333333343	None
  3.70000029	-0.01391171	-1.42956829	-1.42956829	0.333333343	0.333333343	None
  3.73333359	-0.0544222221	-0.9628866	-0.9628866	0.333333343	0.333333343	None
  3.766667	-0.0781040862	-0.496172369	-0.496172369	0.333333343	0.333333343	None
  3.80000019	-0.08750035	-0.216996849	-0.216996849	0.333333343	0.333333343	None
  3.83333349	-0.09257053	-0.0360202044	-0.0360202044	0.333333343	0.333333343	None
  3.9	-0.08543378	0.111369245	0.111369245	0.333333343	0.333333343	None
  3.966667	-0.0804632753	0.0228300374	0.0228300374	0.333333343	0.333333343	None
  4.033334	-0.08194943	-0.0412657224	-0.0412657224	0.333333343	0.333333343	None
  4.066667	-0.08370612	-0.0838535354	-0.0838535354	0.333333343	0.333333343	None
  4.166667	-0.092727825	0.00150036253	0.00150036253	0.333333343	0.333333343	None
  4.266667	-0.08193148	0.1866009	0.1866009	0.333333343	0.333333343	None
  4.33333349	-0.06889292	0.171141982	0.171141982	0.333333343	0.333333343	None
  4.4	-0.059419658	0.107183918	0.107183918	0.333333343	0.333333343	None
  4.4333334	-0.0564862452	0.114368215	0.114368215	0.333333343	0.333333343	None
  4.5	-0.0454804376	0.223849446	0.223849446	0.333333343	0.333333343	None
  4.566667	-0.0275343265	0.288725317	0.288725317	0.333333343	0.333333343	None
  4.60000038	-0.0176233761	0.306434333	0.306434333	0.333333343	0.333333343	None
  4.63333368	-0.00710539147	0.288336843	0.288336843	0.333333343	0.333333343	None
  4.666667	0.00159906177	0.214878649	0.214878649	0.333333343	0.333333343	None
  4.70000029	0.00721983844	0.144239038	0.144239038	0.333333343	0.333333343	None
  4.73333359	0.0112149883	0.146113634	0.146113634	0.333333343	0.333333343	None
  4.766667	0.0169607382	0.174421549	0.174421549	0.333333343	0.333333343	None
  4.8	0.02284308	0.127143681	0.127143681	0.333333343	0.333333343	None
  4.83333349	0.0254369751	0.0507613569	0.0507613569	0.333333343	0.333333343	None
  4.866667	0.0262271669	0.07588935	0.07588935	0.333333343	0.333333343	None
  4.9	0.03049626	0.04753231	0.04753231	0.333333343	0.333333343	None
  4.9333334	0.0293959845	-0.0007300079	-0.0007300079	0.333333343	0.333333343	None
  4.9666667	0.030447593	0.106534109	0.106534109	0.333333343	0.333333343	None
  5.00000048	0.036498338	0.232809216	0.232809216	0.333333343	0.333333343	None
  5.033334	0.04596828	0.2524929	0.2524929	0.333333343	0.333333343	None
  5.066667	0.05333118	0.225459486	0.225459486	0.333333343	0.333333343	None
  5.13333368	0.06747926	0.183934391	0.183934391	0.333333343	0.333333343	None
  5.266667	0.08583395	0.1115363	0.1115363	0.333333343	0.333333343	None
  5.3	0.08930748	0.08120205	0.08120205	0.333333343	0.333333343	None
  5.33333349	0.09124742	0.08481332	0.08481332	0.333333343	0.333333343	None
  5.4333334	0.104647256	0.143578887	0.143578887	0.333333343	0.333333343	None
  5.533334	0.121277206	0.208337873	0.208337873	0.333333343	0.333333343	None
  5.70000029	0.158480823	0.227025062	0.227025062	0.333333343	0.333333343	None
  5.83333349	0.182935238	0.1829161	0.1829161	0.333333343	0.333333343	None
  5.933334	0.207740739	0.238995984	0.238995984	0.333333343	0.333333343	None
  6.066667	0.234487951	0.139891863	0.139891863	0.333333343	0.333333343	None
  6.23333359	0.255118817	0.0309375226	0.0309375226	0.333333343	0.333333343	None
  6.266667	0.255338281	-0.08597494	-0.08597494	0.333333343	0.333333343	None
  6.33333349	0.2430007	-0.191139311	-0.191139311	0.333333343	0.333333343	None
  6.433334	0.226398066	-0.08293666	-0.08293666	0.333333343	0.333333343	None
  6.533334	0.213962764	-0.209656864	-0.209656864	0.333333343	0.333333343	None
  6.73333359	0.177175477	-0.2118994	-0.2118994	0.333333343	0.333333343	None
  6.83333349	0.158747822	-0.14532043	-0.14532043	0.333333343	0.333333343	None
  7.033334	0.129150867	-0.09538101	-0.09538101	0.333333343	0.333333343	None
  7.10000038	0.12823531	0.05368357	0.05368357	0.333333343	0.333333343	None
  7.166667	0.130185038	-0.07816814	-0.07816814	0.333333343	0.333333343	None
  7.20000029	0.125254557	-0.117376924	-0.117376924	0.333333343	0.333333343	None
  7.266667	0.118419968	-0.1204066	-0.1204066	0.333333343	0.333333343	None
  7.33333349	0.1119511	-0.0357237048	-0.0357237048	0.333333343	0.333333343	None
  7.36666727	0.111951239	4.246774E-06	4.246774E-06	0.333333343	0.333333343	None
FLOAT UnityEngine.Animator||Left Arm Twist In-Out discrete=False keys=99 pre=ClampForever post=ClampForever
  0	-0.117890254	-0.00161536026	-0.00161536026	0.333333343	0.333333343	None
  0.400000036	-0.12248835	-0.0110826585	-0.0110826585	0.333333343	0.333333343	None
  0.700000048	-0.122213252	0.0197462048	0.0197462048	0.333333343	0.333333343	None
  0.8000001	-0.117570274	0.09763881	0.09763881	0.333333343	0.333333343	None
  0.8333334	-0.113440879	0.203323454	0.203323454	0.333333343	0.333333343	None
  0.866666734	-0.104015373	0.228859454	0.228859454	0.333333343	0.333333343	None
  0.900000036	-0.09818358	-0.0784527138	-0.0784527138	0.333333343	0.333333343	None
  0.9333334	-0.109245569	-0.593918562	-0.593918562	0.333333343	0.333333343	None
  0.9666667	-0.137778133	-0.7512443	-0.7512443	0.333333343	0.333333343	None
  1	-0.159328476	-0.224673361	-0.224673361	0.333333343	0.333333343	None
  1.03333342	-0.152756318	0.465639621	0.465639621	0.333333343	0.333333343	None
  1.06666672	-0.12828584	0.233301	0.233301	0.333333343	0.333333343	None
  1.1	-0.137202933	-1.04384351	-1.04384351	0.333333343	0.333333343	None
  1.13333344	-0.197875559	-1.80428982	-1.80428982	0.333333343	0.333333343	None
  1.16666675	-0.257489026	-0.692070246	-0.692070246	0.333333343	0.333333343	None
  1.2	-0.244013533	0.765019953	0.765019953	0.333333343	0.333333343	None
  1.23333335	-0.206487745	0.9625994	0.9625994	0.333333343	0.333333343	None
  1.30000007	-0.148530439	1.14077973	1.14077973	0.333333343	0.333333343	None
  1.33333337	-0.1037883	1.06399584	1.06399584	0.333333343	0.333333343	None
  1.36666679	-0.07759736	0.8084163	0.8084163	0.333333343	0.333333343	None
  1.4000001	-0.0498938374	0.9943663	0.9943663	0.333333343	0.333333343	None
  1.4333334	-0.0113063324	1.06079054	1.06079054	0.333333343	0.333333343	None
  1.4666667	0.0208254661	0.7135765	0.7135765	0.333333343	0.333333343	None
  1.50000012	0.036265444	0.3871405	0.3871405	0.333333343	0.333333343	None
  1.53333342	0.0466348641	0.27339223	0.27339223	0.333333343	0.333333343	None
  1.56666672	0.0544915758	0.157268092	0.157268092	0.333333343	0.333333343	None
  1.60000014	0.057119403	0.08365809	0.08365809	0.333333343	0.333333343	None
  1.63333344	0.0600687861	0.0580076873	0.0580076873	0.333333343	0.333333343	None
  1.66666675	0.06098658	0.13362208	0.13362208	0.333333343	0.333333343	None
  1.7	0.06897692	0.45655	0.45655	0.333333343	0.333333343	None
  1.73333347	0.0914232954	0.676168144	0.676168144	0.333333343	0.333333343	None
  1.76666677	0.114054829	0.502032042	0.502032042	0.333333343	0.333333343	None
  1.80000007	0.124892063	0.3377689	0.3377689	0.333333343	0.333333343	None
  1.83333337	0.136572734	0.462265968	0.462265968	0.333333343	0.333333343	None
  1.86666679	0.155709833	0.6318136	0.6318136	0.333333343	0.333333343	None
  1.9000001	0.178693667	0.540412247	0.540412247	0.333333343	0.333333343	None
  1.9333334	0.191737279	0.453037143	0.453037143	0.333333343	0.333333343	None
  1.96666682	0.208896175	0.454723358	0.454723358	0.333333343	0.333333343	None
  2.03333354	0.232455462	0.289125443	0.289125443	0.333333343	0.333333343	None
  2.06666684	0.241327241	0.396113932	0.396113932	0.333333343	0.333333343	None
  2.10000014	0.258863032	0.482167542	0.482167542	0.333333343	0.333333343	None
  2.266667	0.3052633	0.216541827	0.216541827	0.333333343	0.333333343	None
  2.33333349	0.317209244	0.0745623559	0.0745623559	0.333333343	0.333333343	None
  2.4333334	0.325584561	0.20774667	0.20774667	0.333333343	0.333333343	None
  2.60000014	0.356399	0.01308964	0.01308964	0.333333343	0.333333343	None
  2.766667	0.357293874	-0.08662292	-0.08662292	0.333333343	0.333333343	None
  2.9	0.34905687	-0.09281257	-0.09281257	0.333333343	0.333333343	None
  3.06666684	0.302026361	-0.3819018	-0.3819018	0.333333343	0.333333343	None
  3.16666675	0.2516067	-0.6200488	-0.6200488	0.333333343	0.333333343	None
  3.266667	0.196628958	-0.359393328	-0.359393328	0.333333343	0.333333343	None
  3.33333349	0.179045662	-0.203234971	-0.203234971	0.333333343	0.333333343	None
  3.4333334	0.178617731	0.225539967	0.225539967	0.333333343	0.333333343	None
  3.53333354	0.232993245	0.8167989	0.8167989	0.333333343	0.333333343	None
  3.60000014	0.30118978	1.20634568	1.20634568	0.333333343	0.333333343	None
  3.70000029	0.4209378	0.9622369	0.9622369	0.333333343	0.333333343	None
  3.86666679	0.488169	-0.0761636347	-0.0761636347	0.333333343	0.333333343	None
  4.033334	0.469386369	-0.08986197	-0.08986197	0.333333343	0.333333343	None
  4.3	0.456455082	-0.06427026	-0.06427026	0.333333343	0.333333343	None
  4.566667	0.438184679	-0.197080851	-0.197080851	0.333333343	0.333333343	None
  4.70000029	0.41926676	0.000671447255	0.000671447255	0.333333343	0.333333343	None
  4.8	0.419004232	-0.09010353	-0.09010353	0.333333343	0.333333343	None
  4.866667	0.394807845	-0.6607284	-0.6607284	0.333333343	0.333333343	None
  4.9	0.369576037	-0.606915653	-0.606915653	0.333333343	0.333333343	None
  5.00000048	0.337403566	-0.267924249	-0.267924249	0.333333343	0.333333343	None
  5.23333359	0.2794846	-0.279377818	-0.279377818	0.333333343	0.333333343	None
  5.4	0.231614456	-0.3400794	-0.3400794	0.333333343	0.333333343	None
  5.566667	0.171394974	-0.4139276	-0.4139276	0.333333343	0.333333343	None
  5.70000029	0.12061622	-0.3381585	-0.3381585	0.333333343	0.333333343	None
  5.766667	0.0980234444	-0.3546524	-0.3546524	0.333333343	0.333333343	None
  5.8	0.08599519	-0.341245264	-0.341245264	0.333333343	0.333333343	None
  5.83333349	0.07527378	-0.353673339	-0.353673339	0.333333343	0.333333343	None
  5.866667	0.06241699	-0.409397	-0.409397	0.333333343	0.333333343	None
  5.9	0.0479806736	-0.38947013	-0.38947013	0.333333343	0.333333343	None
  5.933334	0.0364521742	-0.300890863	-0.300890863	0.333333343	0.333333343	None
  5.966667	0.0279211365	-0.2684474	-0.2684474	0.333333343	0.333333343	None
  6.00000048	0.0185556989	-0.2786772	-0.2786772	0.333333343	0.333333343	None
  6.033334	0.009342674	-0.238553017	-0.238553017	0.333333343	0.333333343	None
  6.066667	0.00265217968	-0.213095963	-0.213095963	0.333333343	0.333333343	None
  6.10000038	-0.004863709	-0.23937729	-0.23937729	0.333333343	0.333333343	None
  6.13333368	-0.0133062918	-0.253580421	-0.253580421	0.333333343	0.333333343	None
  6.166667	-0.0217690542	-0.230948329	-0.230948329	0.333333343	0.333333343	None
  6.23333359	-0.0344189927	-0.166059911	-0.166059911	0.333333343	0.333333343	None
  6.266667	-0.0397734828	-0.110971645	-0.110971645	0.333333343	0.333333343	None
  6.3	-0.0418170951	-0.02486466	-0.02486466	0.333333343	0.333333343	None
  6.366667	-0.0413688831	-0.0412598029	-0.0412598029	0.333333343	0.333333343	None
  6.40000057	-0.0441818163	-0.100457445	-0.100457445	0.333333343	0.333333343	None
  6.433334	-0.04806608	-0.13408421	-0.13408421	0.333333343	0.333333343	None
  6.50000048	-0.0569651052	-0.08598366	-0.08598366	0.333333343	0.333333343	None
  6.533334	-0.058852993	-0.0343264937	-0.0343264937	0.333333343	0.333333343	None
  6.566667	-0.0592535362	-0.04512631	-0.04512631	0.333333343	0.333333343	None
  6.60000038	-0.06186141	-0.127012432	-0.127012432	0.333333343	0.333333343	None
  6.70000029	-0.08114758	-0.162953287	-0.162953287	0.333333343	0.333333343	None
  6.866667	-0.09497092	-0.07274252	-0.07274252	0.333333343	0.333333343	None
  6.966667	-0.102338031	-0.07392745	-0.07392745	0.333333343	0.333333343	None
  7.066667	-0.114249788	-0.280052274	-0.280052274	0.333333343	0.333333343	None
  7.166667	-0.144779459	0.0348607078	0.0348607078	0.333333343	0.333333343	None
  7.20000029	-0.1370379	0.229050577	0.229050577	0.333333343	0.333333343	None
  7.3	-0.118209884	0.06440683	0.06440683	0.333333343	0.333333343	None
  7.36666727	-0.117849313	-1.45284384E-05	-1.45284384E-05	0.333333343	0.333333343	None
FLOAT UnityEngine.Animator||Left Eye Down-Up discrete=False keys=159 pre=ClampForever post=ClampForever
  0	4.55346E-07	0	0	0.333333343	0.333333343	None
  0.06666667	4.55346E-07	0	0	0.333333343	0.333333343	None
  0.100000009	4.55346E-07	-6.83019E-06	-6.83019E-06	0.333333343	0.333333343	None
  0.13333334	2.03555417E-14	-6.83019E-06	-6.83019E-06	0.333333343	0.333333343	None
  0.166666672	2.03555417E-14	6.830187E-06	6.830187E-06	0.333333343	0.333333343	None
  0.200000018	4.55346E-07	6.830187E-06	6.830187E-06	0.333333343	0.333333343	None
  0.233333349	4.55346E-07	-6.83019E-06	-6.83019E-06	0.333333343	0.333333343	None
  0.266666681	2.03555417E-14	-6.83019E-06	-6.83019E-06	0.333333343	0.333333343	None
  0.3	2.03555417E-14	6.83019E-06	6.83019E-06	0.333333343	0.333333343	None
  0.333333343	4.55346E-07	6.83019E-06	6.83019E-06	0.333333343	0.333333343	None
  0.366666675	4.55346E-07	0	0	0.333333343	0.333333343	None
  0.400000036	4.55346E-07	0	0	0.333333343	0.333333343	None
  0.433333367	4.55346E-07	-6.83019E-06	-6.83019E-06	0.333333343	0.333333343	None
  0.4666667	2.03555417E-14	5.91171556E-12	5.91171556E-12	0.333333343	0.333333343	None
  0.5	4.55346E-07	6.830196E-06	6.830196E-06	0.333333343	0.333333343	None
  0.533333361	4.55346E-07	0	0	0.333333343	0.333333343	None
  0.866666734	4.55346E-07	0	0	0.333333343	0.333333343	None
  0.900000036	4.55346E-07	-6.830184E-06	-6.830184E-06	0.333333343	0.333333343	None
  0.9333334	2.03555417E-14	1.22781785E-11	1.22781785E-11	0.333333343	0.333333343	None
  0.9666667	4.55346E-07	6.830196E-06	6.830196E-06	0.333333343	0.333333343	None
  1	4.55346E-07	-6.83017151E-06	-6.83017151E-06	0.333333343	0.333333343	None
  1.03333342	2.03555417E-14	2.45563569E-11	2.45563569E-11	0.333333343	0.333333343	None
  1.06666672	4.55346E-07	6.830196E-06	6.830196E-06	0.333333343	0.333333343	None
  1.1	4.55346E-07	0	0	0.333333343	0.333333343	None
  1.13333344	4.55346E-07	0	0	0.333333343	0.333333343	None
  1.16666675	4.55346E-07	-6.830196E-06	-6.830196E-06	0.333333343	0.333333343	None
  1.2	2.03555417E-14	-6.830196E-06	-6.830196E-06	0.333333343	0.333333343	None
  1.23333335	2.03555417E-14	6.83017151E-06	6.83017151E-06	0.333333343	0.333333343	None
  1.26666677	4.55346E-07	6.83017151E-06	6.83017151E-06	0.333333343	0.333333343	None
  1.30000007	4.55346E-07	0	0	0.333333343	0.333333343	None
  1.60000014	4.55346E-07	0	0	0.333333343	0.333333343	None
  1.63333344	4.55346E-07	-6.830196E-06	-6.830196E-06	0.333333343	0.333333343	None
  1.66666675	2.03555417E-14	0	0	0.333333343	0.333333343	None
  1.7	4.55346E-07	6.830196E-06	6.830196E-06	0.333333343	0.333333343	None
  1.73333347	4.55346E-07	-6.830196E-06	-6.830196E-06	0.333333343	0.333333343	None
  1.76666677	2.03555417E-14	0	0	0.333333343	0.333333343	None
  1.80000007	4.55346E-07	6.830196E-06	6.830196E-06	0.333333343	0.333333343	None
  1.83333337	4.55346E-07	0	0	0.333333343	0.333333343	None
  1.9000001	4.55346E-07	0	0	0.333333343	0.333333343	None
  1.9333334	4.55346E-07	-6.83017151E-06	-6.83017151E-06	0.333333343	0.333333343	None
  1.96666682	2.03555417E-14	4.91127139E-11	4.91127139E-11	0.333333343	0.333333343	None
  2	4.55346E-07	6.83022063E-06	6.83022063E-06	0.333333343	0.333333343	None
  2.03333354	4.55346E-07	-6.830196E-06	-6.830196E-06	0.333333343	0.333333343	None
  2.06666684	2.03555417E-14	0	0	0.333333343	0.333333343	None
  2.10000014	4.55346E-07	6.830196E-06	6.830196E-06	0.333333343	0.333333343	None
  2.13333344	4.55346E-07	-6.83019653E-06	-6.83019653E-06	0.333333343	0.333333343	None
  2.16666675	5.2826637E-15	0	0	0.333333343	0.333333343	None
  2.2	4.55346E-07	6.83019653E-06	6.83019653E-06	0.333333343	0.333333343	None
  2.23333335	4.55346E-07	0	0	0.333333343	0.333333343	None
  2.36666679	4.55346E-07	0	0	0.333333343	0.333333343	None
  2.4	4.55346E-07	-6.830196E-06	-6.830196E-06	0.333333343	0.333333343	None
  2.4333334	2.03555417E-14	0	0	0.333333343	0.333333343	None
  2.4666667	4.55346E-07	6.830196E-06	6.830196E-06	0.333333343	0.333333343	None
  2.50000024	4.55346E-07	0	0	0.333333343	0.333333343	None
  2.53333354	4.55346E-07	0	0	0.333333343	0.333333343	None
  2.56666684	4.55346E-07	-6.830196E-06	-6.830196E-06	0.333333343	0.333333343	None
  2.60000014	2.03555417E-14	0	0	0.333333343	0.333333343	None
  2.63333344	4.55346E-07	6.830196E-06	6.830196E-06	0.333333343	0.333333343	None
  2.66666675	4.55346E-07	-6.830196E-06	-6.830196E-06	0.333333343	0.333333343	None
  2.7	2.03555417E-14	-4.86579665E-11	-4.86579665E-11	0.333333343	0.333333343	None
  2.73333359	4.55346E-07	6.83014741E-06	6.83014741E-06	0.333333343	0.333333343	None
  2.766667	4.55346E-07	0	0	0.333333343	0.333333343	None
  2.83333349	4.55346E-07	0	0	0.333333343	0.333333343	None
  2.86666679	4.55346E-07	-6.830196E-06	-6.830196E-06	0.333333343	0.333333343	None
  2.9	2.03555417E-14	-6.830196E-06	-6.830196E-06	0.333333343	0.333333343	None
  2.9333334	2.03555417E-14	0	0	0.333333343	0.333333343	None
  2.966667	2.03555417E-14	6.830196E-06	6.830196E-06	0.333333343	0.333333343	None
  3.00000024	4.55346E-07	6.830196E-06	6.830196E-06	0.333333343	0.333333343	None
  3.03333354	4.55346E-07	0	0	0.333333343	0.333333343	None
  3.10000014	4.55346E-07	0	0	0.333333343	0.333333343	None
  3.13333344	4.55346E-07	-6.830196E-06	-6.830196E-06	0.333333343	0.333333343	None
  3.16666675	2.03555417E-14	-4.86579665E-11	-4.86579665E-11	0.333333343	0.333333343	None
  3.20000029	4.55346E-07	6.83014741E-06	6.83014741E-06	0.333333343	0.333333343	None
  3.23333359	4.55346E-07	0	0	0.333333343	0.333333343	None
  3.266667	4.55346E-07	-6.830196E-06	-6.830196E-06	0.333333343	0.333333343	None
  3.30000019	2.03555417E-14	0	0	0.333333343	0.333333343	None
  3.33333349	4.55346E-07	6.830196E-06	6.830196E-06	0.333333343	0.333333343	None
  3.36666679	4.55346E-07	0	0	0.333333343	0.333333343	None
  3.4	4.55346E-07	0	0	0.333333343	0.333333343	None
  3.4333334	4.55346E-07	-6.83014741E-06	-6.83014741E-06	0.333333343	0.333333343	None
  3.466667	2.03555417E-14	-6.83014741E-06	-6.83014741E-06	0.333333343	0.333333343	None
  3.50000024	2.03555417E-14	6.830196E-06	6.830196E-06	0.333333343	0.333333343	None
  3.53333354	4.55346E-07	6.830196E-06	6.830196E-06	0.333333343	0.333333343	None
  3.56666684	4.55346E-07	0	0	0.333333343	0.333333343	None
  3.966667	4.55346E-07	0	0	0.333333343	0.333333343	None
  4	4.55346E-07	-6.8300983E-06	-6.8300983E-06	0.333333343	0.333333343	None
  4.033334	2.03555417E-14	9.777068E-11	9.777068E-11	0.333333343	0.333333343	None
  4.066667	4.55346E-07	6.830196E-06	6.830196E-06	0.333333343	0.333333343	None
  4.10000038	4.55346E-07	-6.830196E-06	-6.830196E-06	0.333333343	0.333333343	None
  4.13333368	2.03555417E-14	0	0	0.333333343	0.333333343	None
  4.166667	4.55346E-07	6.830196E-06	6.830196E-06	0.333333343	0.333333343	None
  4.20000029	4.55346E-07	0	0	0.333333343	0.333333343	None
  4.23333359	4.55346E-07	-6.830196E-06	-6.830196E-06	0.333333343	0.333333343	None
  4.266667	2.03555417E-14	0	0	0.333333343	0.333333343	None
  4.3	4.55346E-07	0	0	0.333333343	0.333333343	None
  4.33333349	2.03555417E-14	0	0	0.333333343	0.333333343	None
  4.366667	4.55346E-07	6.830196E-06	6.830196E-06	0.333333343	0.333333343	None
  4.4	4.55346E-07	0	0	0.333333343	0.333333343	None
  4.4333334	4.55346E-07	-6.830196E-06	-6.830196E-06	0.333333343	0.333333343	None
  4.4666667	2.03555417E-14	-6.830196E-06	-6.830196E-06	0.333333343	0.333333343	None
  4.5	2.03555417E-14	6.8300983E-06	6.8300983E-06	0.333333343	0.333333343	None
  4.533334	4.55346E-07	6.8300983E-06	6.8300983E-06	0.333333343	0.333333343	None
  4.566667	4.55346E-07	-6.830196E-06	-6.830196E-06	0.333333343	0.333333343	None
  4.60000038	2.03555417E-14	-6.830196E-06	-6.830196E-06	0.333333343	0.333333343	None
  4.63333368	2.03555417E-14	0	0	0.333333343	0.333333343	None
  4.666667	2.03555417E-14	6.830196E-06	6.830196E-06	0.333333343	0.333333343	None
  4.70000029	4.55346E-07	-4.54747351E-13	-4.54747351E-13	0.333333343	0.333333343	None
  4.73333359	5.2826637E-15	-6.83019653E-06	-6.83019653E-06	0.333333343	0.333333343	None
  4.766667	2.03555417E-14	2.260934E-13	2.260934E-13	0.333333343	0.333333343	None
  4.83333349	2.03555417E-14	0	0	0.333333343	0.333333343	None
  4.866667	2.03555417E-14	6.830196E-06	6.830196E-06	0.333333343	0.333333343	None
  4.9	4.55346E-07	6.830196E-06	6.830196E-06	0.333333343	0.333333343	None
  4.9333334	4.55346E-07	0	0	0.333333343	0.333333343	None
  5.066667	4.55346E-07	0	0	0.333333343	0.333333343	None
  5.10000038	4.55346E-07	-6.830196E-06	-6.830196E-06	0.333333343	0.333333343	None
  5.13333368	2.03555417E-14	0	0	0.333333343	0.333333343	None
  5.166667	4.55346E-07	6.830196E-06	6.830196E-06	0.333333343	0.333333343	None
  5.20000029	4.55346E-07	0	0	0.333333343	0.333333343	None
  5.533334	4.55346E-07	0	0	0.333333343	0.333333343	None
  5.566667	4.55346E-07	-6.830196E-06	-6.830196E-06	0.333333343	0.333333343	None
  5.60000038	2.03555417E-14	-6.830196E-06	-6.830196E-06	0.333333343	0.333333343	None
  5.63333368	2.03555417E-14	6.830196E-06	6.830196E-06	0.333333343	0.333333343	None
  5.666667	4.55346E-07	6.830196E-06	6.830196E-06	0.333333343	0.333333343	None
  5.70000029	4.55346E-07	-6.83019653E-06	-6.83019653E-06	0.333333343	0.333333343	None
  5.73333359	5.2826637E-15	0	0	0.333333343	0.333333343	None
  5.766667	4.55346E-07	4.54747351E-13	4.54747351E-13	0.333333343	0.333333343	None
  5.8	2.03555417E-14	0	0	0.333333343	0.333333343	None
  5.83333349	4.55346E-07	0	0	0.333333343	0.333333343	None
  5.866667	2.03555417E-14	0	0	0.333333343	0.333333343	None
  5.9	4.55346E-07	9.777068E-11	9.777068E-11	0.333333343	0.333333343	None
  5.933334	2.03555417E-14	9.777068E-11	9.777068E-11	0.333333343	0.333333343	None
  5.966667	4.55346E-07	6.830196E-06	6.830196E-06	0.333333343	0.333333343	None
  6.00000048	4.55346E-07	0	0	0.333333343	0.333333343	None
  6.10000038	4.55346E-07	0	0	0.333333343	0.333333343	None
  6.13333368	4.55346E-07	-6.830196E-06	-6.830196E-06	0.333333343	0.333333343	None
  6.166667	2.03555417E-14	0	0	0.333333343	0.333333343	None
  6.20000029	4.55346E-07	6.830196E-06	6.830196E-06	0.333333343	0.333333343	None
  6.23333359	4.55346E-07	0	0	0.333333343	0.333333343	None
  6.40000057	4.55346E-07	0	0	0.333333343	0.333333343	None
  6.433334	4.55346E-07	-6.830196E-06	-6.830196E-06	0.333333343	0.333333343	None
  6.466667	2.03555417E-14	0	0	0.333333343	0.333333343	None
  6.50000048	4.55346E-07	0	0	0.333333343	0.333333343	None
  6.533334	2.03555417E-14	0	0	0.333333343	0.333333343	None
  6.566667	4.55346E-07	6.830196E-06	6.830196E-06	0.333333343	0.333333343	None
  6.60000038	4.55346E-07	0	0	0.333333343	0.333333343	None
  6.63333368	4.55346E-07	0	0	0.333333343	0.333333343	None
  6.666667	4.55346E-07	-6.830196E-06	-6.830196E-06	0.333333343	0.333333343	None
  6.70000029	2.03555417E-14	0	0	0.333333343	0.333333343	None
  6.73333359	4.55346E-07	6.830196E-06	6.830196E-06	0.333333343	0.333333343	None
  6.766667	4.55346E-07	0	0	0.333333343	0.333333343	None
  6.8	4.55346E-07	0	0	0.333333343	0.333333343	None
  6.83333349	4.55346E-07	-6.830196E-06	-6.830196E-06	0.333333343	0.333333343	None
  6.866667	2.03555417E-14	-9.777068E-11	-9.777068E-11	0.333333343	0.333333343	None
  6.90000057	4.55346E-07	6.8300983E-06	6.8300983E-06	0.333333343	0.333333343	None
  6.933334	4.55346E-07	-6.830196E-06	-6.830196E-06	0.333333343	0.333333343	None
  6.966667	2.03555417E-14	0	0	0.333333343	0.333333343	None
  7.00000048	4.55346E-07	6.830196E-06	6.830196E-06	0.333333343	0.333333343	None
  7.033334	4.55346E-07	0	0	0.333333343	0.333333343	None
  7.36666727	4.55346E-07	0	0	0.333333343	0.333333343	None
FLOAT UnityEngine.Animator||Left Eye In-Out discrete=False keys=87 pre=ClampForever post=ClampForever
  0	-4.07111072E-14	0	0	0.333333343	0.333333343	None
  0.0333333351	-4.07111072E-14	0	0	0.333333343	0.333333343	None
  0.06666667	-4.07111072E-14	8.046626E-06	8.046626E-06	0.333333343	0.333333343	None
  0.100000009	5.364418E-07	-1.8189894E-12	-1.8189894E-12	0.333333343	0.333333343	None
  0.13333334	-2.71190316E-29	-8.046628E-06	-8.046628E-06	0.333333343	0.333333343	None
  0.166666672	-2.71190316E-29	-6.10666357E-13	-6.10666357E-13	0.333333343	0.333333343	None
  0.266666681	-2.71190316E-29	6.10666628E-13	6.10666628E-13	0.333333343	0.333333343	None
  0.3	-2.71190316E-29	8.046628E-06	8.046628E-06	0.333333343	0.333333343	None
  0.333333343	5.364418E-07	0	0	0.333333343	0.333333343	None
  0.366666675	-4.07111072E-14	-6.366463E-12	-6.366463E-12	0.333333343	0.333333343	None
  0.400000036	5.364418E-07	-6.366463E-12	-6.366463E-12	0.333333343	0.333333343	None
  0.433333367	-4.07111072E-14	-8.046627E-06	-8.046627E-06	0.333333343	0.333333343	None
  0.4666667	-2.71190316E-29	-5.421011E-19	-5.421011E-19	0.333333343	0.333333343	None
  0.5666667	-4.07111072E-14	0	0	0.333333343	0.333333343	None
  0.6	-4.07111072E-14	8.046622E-06	8.046622E-06	0.333333343	0.333333343	None
  0.6333334	5.364418E-07	-1.36424205E-11	-1.36424205E-11	0.333333343	0.333333343	None
  0.6666667	-4.07111072E-14	-8.046635E-06	-8.046635E-06	0.333333343	0.333333343	None
  0.700000048	-4.07111072E-14	0	0	0.333333343	0.333333343	None
  2.10000014	-4.07111072E-14	-6.1066717E-13	-6.1066717E-13	0.333333343	0.333333343	None
  2.13333344	-4.07111072E-14	8.046636E-06	8.046636E-06	0.333333343	0.333333343	None
  2.16666675	5.3644186E-07	0	0	0.333333343	0.333333343	None
  2.2	-4.07111072E-14	-8.046636E-06	-8.046636E-06	0.333333343	0.333333343	None
  2.23333335	-4.07111072E-14	0	0	0.333333343	0.333333343	None
  2.966667	-2.71190316E-29	-6.1066717E-13	-6.1066717E-13	0.333333343	0.333333343	None
  3.00000024	-4.07111072E-14	8.046634E-06	8.046634E-06	0.333333343	0.333333343	None
  3.03333354	5.364418E-07	0	0	0.333333343	0.333333343	None
  3.06666684	-4.07111072E-14	-8.046635E-06	-8.046635E-06	0.333333343	0.333333343	None
  3.10000014	-4.07111072E-14	8.046635E-06	8.046635E-06	0.333333343	0.333333343	None
  3.13333344	5.364418E-07	9.094947E-13	9.094947E-13	0.333333343	0.333333343	None
  3.16666675	-2.71190316E-29	-5.72981662E-11	-5.72981662E-11	0.333333343	0.333333343	None
  3.20000029	5.364418E-07	-5.820766E-11	-5.820766E-11	0.333333343	0.333333343	None
  3.23333359	-4.07111072E-14	-8.046635E-06	-8.046635E-06	0.333333343	0.333333343	None
  3.266667	-4.07111072E-14	6.1066717E-13	6.1066717E-13	0.333333343	0.333333343	None
  4	-4.07111072E-14	6.10658442E-13	6.10658442E-13	0.333333343	0.333333343	None
  4.033334	-2.71190316E-29	8.046635E-06	8.046635E-06	0.333333343	0.333333343	None
  4.066667	5.364418E-07	-9.094947E-13	-9.094947E-13	0.333333343	0.333333343	None
  4.10000038	-4.07111072E-14	-8.046634E-06	-8.046634E-06	0.333333343	0.333333343	None
  4.13333368	-2.71190316E-29	0	0	0.333333343	0.333333343	None
  4.166667	-4.07111072E-14	-6.1066717E-13	-6.1066717E-13	0.333333343	0.333333343	None
  4.20000029	-4.07111072E-14	8.046635E-06	8.046635E-06	0.333333343	0.333333343	None
  4.23333359	5.364418E-07	9.094947E-13	9.094947E-13	0.333333343	0.333333343	None
  4.266667	-2.71190316E-29	-8.046635E-06	-8.046635E-06	0.333333343	0.333333343	None
  4.3	-4.07111072E-14	0	0	0.333333343	0.333333343	None
  4.666667	-2.71190316E-29	-6.1066717E-13	-6.1066717E-13	0.333333343	0.333333343	None
  4.70000029	-4.07111072E-14	8.046635E-06	8.046635E-06	0.333333343	0.333333343	None
  4.73333359	5.3644186E-07	9.094947E-13	9.094947E-13	0.333333343	0.333333343	None
  4.766667	-2.71190316E-29	-8.046635E-06	-8.046635E-06	0.333333343	0.333333343	None
  4.8	-2.71190316E-29	0	0	0.333333343	0.333333343	None
  5.00000048	-4.07111072E-14	0	0	0.333333343	0.333333343	None
  5.033334	-4.07111072E-14	8.046635E-06	8.046635E-06	0.333333343	0.333333343	None
  5.066667	5.364418E-07	0	0	0.333333343	0.333333343	None
  5.10000038	-4.07111072E-14	-8.046634E-06	-8.046634E-06	0.333333343	0.333333343	None
  5.13333368	-2.71190316E-29	0	0	0.333333343	0.333333343	None
  5.20000029	-4.07111072E-14	0	0	0.333333343	0.333333343	None
  5.23333359	-4.07111072E-14	8.046635E-06	8.046635E-06	0.333333343	0.333333343	None
  5.266667	5.364418E-07	0	0	0.333333343	0.333333343	None
  5.3	-4.07111072E-14	-8.046635E-06	-8.046635E-06	0.333333343	0.333333343	None
  5.33333349	-4.07111072E-14	0	0	0.333333343	0.333333343	None
  5.366667	-4.07111072E-14	8.046635E-06	8.046635E-06	0.333333343	0.333333343	None
  5.4	5.364418E-07	0	0	0.333333343	0.333333343	None
  5.4333334	-4.07111072E-14	-1.14596332E-10	-1.14596332E-10	0.333333343	0.333333343	None
  5.466667	5.364418E-07	-1.14596332E-10	-1.14596332E-10	0.333333343	0.333333343	None
  5.50000048	-4.07111072E-14	-8.046635E-06	-8.046635E-06	0.333333343	0.333333343	None
  5.533334	-4.07111072E-14	0	0	0.333333343	0.333333343	None
  5.60000038	-2.71190316E-29	6.1066717E-13	6.1066717E-13	0.333333343	0.333333343	None
  5.63333368	-2.71190316E-29	8.046634E-06	8.046634E-06	0.333333343	0.333333343	None
  5.666667	5.364418E-07	-9.094947E-13	-9.094947E-13	0.333333343	0.333333343	None
  5.70000029	-4.07111072E-14	9.094947E-13	9.094947E-13	0.333333343	0.333333343	None
  5.73333359	5.3644186E-07	0	0	0.333333343	0.333333343	None
  5.766667	-4.07111072E-14	-8.046635E-06	-8.046635E-06	0.333333343	0.333333343	None
  5.8	-2.71190316E-29	0	0	0.333333343	0.333333343	None
  6.433334	-4.07111072E-14	6.1066717E-13	6.1066717E-13	0.333333343	0.333333343	None
  6.466667	-2.71190316E-29	8.046635E-06	8.046635E-06	0.333333343	0.333333343	None
  6.50000048	5.364418E-07	0	0	0.333333343	0.333333343	None
  6.533334	-2.71190316E-29	-8.046635E-06	-8.046635E-06	0.333333343	0.333333343	None
  6.566667	-4.07111072E-14	-6.1066717E-13	-6.1066717E-13	0.333333343	0.333333343	None
  6.83333349	-4.07111072E-14	6.1066717E-13	6.1066717E-13	0.333333343	0.333333343	None
  6.866667	-2.71190316E-29	8.046521E-06	8.046521E-06	0.333333343	0.333333343	None
  6.90000057	5.364418E-07	-1.15505827E-10	-1.15505827E-10	0.333333343	0.333333343	None
  6.933334	-4.07111072E-14	-8.046634E-06	-8.046634E-06	0.333333343	0.333333343	None
  6.966667	-2.71190316E-29	0	0	0.333333343	0.333333343	None
  7.10000038	-4.07111072E-14	0	0	0.333333343	0.333333343	None
  7.13333368	-4.07111072E-14	8.046635E-06	8.046635E-06	0.333333343	0.333333343	None
  7.166667	5.364418E-07	0	0	0.333333343	0.333333343	None
  7.20000029	-4.07111072E-14	-8.046635E-06	-8.046635E-06	0.333333343	0.333333343	None
  7.23333359	-4.07111072E-14	0	0	0.333333343	0.333333343	None
  7.36666727	-4.07111072E-14	0	0	0.333333343	0.333333343	None
FLOAT UnityEngine.Animator||Left Foot Twist In-Out discrete=False keys=161 pre=ClampForever post=ClampForever
  0	-0.0176766422	-0.0125422878	-0.0125422878	0.333333343	0.333333343	None
  0.0333333351	-0.0180947185	-0.00254382356	-0.00254382356	0.333333343	0.333333343	None
  0.06666667	-0.01784623	0.00267419033	0.00267419033	0.333333343	0.333333343	None
  0.100000009	-0.01791644	0.00831728	0.00831728	0.333333343	0.333333343	None
  0.13333334	-0.0172917452	0.008175737	0.008175737	0.333333343	0.333333343	None
  0.166666672	-0.01737139	-7.25319842E-05	-7.25319842E-05	0.333333343	0.333333343	None
  0.200000018	-0.01729658	-0.0186958648	-0.0186958648	0.333333343	0.333333343	None
  0.233333349	-0.01861778	-0.008850816	-0.008850816	0.333333343	0.333333343	None
  0.266666681	-0.0178866349	0.00456903176	0.00456903176	0.333333343	0.333333343	None
  0.3	-0.0183131788	-0.0149243437	-0.0149243437	0.333333343	0.333333343	None
  0.333333343	-0.018881591	-0.02503077	-0.02503077	0.333333343	0.333333343	None
  0.400000036	-0.0211134981	-0.03714741	-0.03714741	0.333333343	0.333333343	None
  0.5	-0.0262557417	-0.06991714	-0.06991714	0.333333343	0.333333343	None
  0.533333361	-0.0287576076	-0.07361543	-0.07361543	0.333333343	0.333333343	None
  0.6	-0.0342770219	-0.106860071	-0.106860071	0.333333343	0.333333343	None
  0.6666667	-0.04314498	-0.138460949	-0.138460949	0.333333343	0.333333343	None
  0.700000048	-0.0475181751	-0.1598027	-0.1598027	0.333333343	0.333333343	None
  0.733333349	-0.05379849	-0.190435231	-0.190435231	0.333333343	0.333333343	None
  0.7666667	-0.0602138564	-0.255736679	-0.255736679	0.333333343	0.333333343	None
  0.8000001	-0.0708476156	-0.3090923	-0.3090923	0.333333343	0.333333343	None
  0.8333334	-0.08082001	-0.7684448	-0.7684448	0.333333343	0.333333343	None
  0.866666734	-0.122077294	-2.011781	-2.011781	0.333333343	0.333333343	None
  0.900000036	-0.214938685	-2.64299631	-2.64299631	0.333333343	0.333333343	None
  0.9333334	-0.29827702	-1.98359489	-1.98359489	0.333333343	0.333333343	None
  0.9666667	-0.34717837	-1.23842764	-1.23842764	0.333333343	0.333333343	None
  1	-0.380838782	-0.475385	-0.475385	0.333333343	0.333333343	None
  1.03333342	-0.378870666	-0.226631775	-0.226631775	0.333333343	0.333333343	None
  1.1	-0.436029464	-1.54126167	-1.54126167	0.333333343	0.333333343	None
  1.13333344	-0.498698443	-2.11010981	-2.11010981	0.333333343	0.333333343	None
  1.16666675	-0.576703548	-0.058139205	-0.058139205	0.333333343	0.333333343	None
  1.2	-0.5025744	5.00768375	5.00768375	0.333333343	0.333333343	None
  1.23333335	-0.242858291	5.4118495	5.4118495	0.333333343	0.333333343	None
  1.26666677	-0.1417844	1.50315154	1.50315154	0.333333343	0.333333343	None
  1.30000007	-0.142647922	-1.57895243	-1.57895243	0.333333343	0.333333343	None
  1.33333337	-0.2470478	-3.16271973	-3.16271973	0.333333343	0.333333343	None
  1.36666679	-0.353496075	-1.85954225	-1.85954225	0.333333343	0.333333343	None
  1.4000001	-0.371017545	-1.26556706	-1.26556706	0.333333343	0.333333343	None
  1.4333334	-0.437867135	-2.54745865	-2.54745865	0.333333343	0.333333343	None
  1.4666667	-0.540847957	-1.85164094	-1.85164094	0.333333343	0.333333343	None
  1.50000012	-0.5613098	4.582015	4.582015	0.333333343	0.333333343	None
  1.53333342	-0.23538065	5.776933	5.776933	0.333333343	0.333333343	None
  1.56666672	-0.176181316	1.54806852	1.54806852	0.333333343	0.333333343	None
  1.60000014	-0.132176027	0.845838666	0.845838666	0.333333343	0.333333343	None
  1.63333344	-0.11979197	0.1798756	0.1798756	0.333333343	0.333333343	None
  1.73333347	-0.137692019	-0.218199864	-0.218199864	0.333333343	0.333333343	None
  1.76666677	-0.142817363	-0.203988224	-0.203988224	0.333333343	0.333333343	None
  1.83333337	-0.160342529	-0.239932179	-0.239932179	0.333333343	0.333333343	None
  1.86666679	-0.167286709	-0.0491697043	-0.0491697043	0.333333343	0.333333343	None
  1.9000001	-0.163620532	-0.110051148	-0.110051148	0.333333343	0.333333343	None
  1.9333334	-0.174623445	-0.7547351	-0.7547351	0.333333343	0.333333343	None
  1.96666682	-0.2139363	-1.461056	-1.461056	0.333333343	0.333333343	None
  2	-0.272027016	-2.69769454	-2.69769454	0.333333343	0.333333343	None
  2.03333354	-0.3937831	-3.62912917	-3.62912917	0.333333343	0.333333343	None
  2.06666684	-0.5139696	-2.09797573	-2.09797573	0.333333343	0.333333343	None
  2.10000014	-0.533648	-0.360625118	-0.360625118	0.333333343	0.333333343	None
  2.13333344	-0.538011253	1.0230304	1.0230304	0.333333343	0.333333343	None
  2.16666675	-0.465446055	1.65869045	1.65869045	0.333333343	0.333333343	None
  2.2	-0.427432	1.090597	1.090597	0.333333343	0.333333343	None
  2.23333335	-0.392739654	0.9517578	0.9517578	0.333333343	0.333333343	None
  2.266667	-0.363981336	0.292180061	0.292180061	0.333333343	0.333333343	None
  2.30000019	-0.3732608	-1.05289412	-1.05289412	0.333333343	0.333333343	None
  2.33333349	-0.4341742	-1.43357813	-1.43357813	0.333333343	0.333333343	None
  2.4	-0.5118562	-1.7392323	-1.7392323	0.333333343	0.333333343	None
  2.4333334	-0.5847813	-2.102211	-2.102211	0.333333343	0.333333343	None
  2.4666667	-0.652003467	-0.157801509	-0.157801509	0.333333343	0.333333343	None
  2.50000024	-0.595301	2.0623107	2.0623107	0.333333343	0.333333343	None
  2.53333354	-0.5145158	3.16668415	3.16668415	0.333333343	0.333333343	None
  2.56666684	-0.3841889	4.20095253	4.20095253	0.333333343	0.333333343	None
  2.60000014	-0.23445259	2.62466383	2.62466383	0.333333343	0.333333343	None
  2.63333344	-0.209211454	-1.7669183	-1.7669183	0.333333343	0.333333343	None
  2.66666675	-0.35224703	-2.93638587	-2.93638587	0.333333343	0.333333343	None
  2.73333359	-0.398224026	0.5386338	0.5386338	0.333333343	0.333333343	None
  2.80000019	-0.3366777	0.8364401	0.8364401	0.333333343	0.333333343	None
  2.86666679	-0.297635436	0.2297739	0.2297739	0.333333343	0.333333343	None
  2.9	-0.297980517	-0.0427723341	-0.0427723341	0.333333343	0.333333343	None
  3.03333354	-0.321724236	-0.2759638	-0.2759638	0.333333343	0.333333343	None
  3.10000014	-0.336570829	0.06512678	0.06512678	0.333333343	0.333333343	None
  3.13333344	-0.327888936	0.1524712	0.1524712	0.333333343	0.333333343	None
  3.20000029	-0.3349738	-0.330593735	-0.330593735	0.333333343	0.333333343	None
  3.23333359	-0.3484457	-0.260903627	-0.260903627	0.333333343	0.333333343	None
  3.33333349	-0.3559627	-0.14657481	-0.14657481	0.333333343	0.333333343	None
  3.4333334	-0.377051622	0.112109035	0.112109035	0.333333343	0.333333343	None
  3.50000024	-0.356406152	0.171323135	0.171323135	0.333333343	0.333333343	None
  3.60000014	-0.3710627	-0.46557653	-0.46557653	0.333333343	0.333333343	None
  3.63333344	-0.388999254	-0.260424	-0.260424	0.333333343	0.333333343	None
  3.70000029	-0.371793866	0.56795156	0.56795156	0.333333343	0.333333343	None
  3.73333359	-0.350560755	0.2986468	0.2986468	0.333333343	0.333333343	None
  3.766667	-0.3518841	0.0836385041	0.0836385041	0.333333343	0.333333343	None
  3.80000019	-0.344984859	0.115100846	0.115100846	0.333333343	0.333333343	None
  3.83333349	-0.3442107	0.37226817	0.37226817	0.333333343	0.333333343	None
  3.9	-0.298799336	0.338227183	0.338227183	0.333333343	0.333333343	None
  3.966667	-0.307476968	-0.171438187	-0.171438187	0.333333343	0.333333343	None
  4	-0.309047729	0.344890773	0.344890773	0.333333343	0.333333343	None
  4.033334	-0.2844839	0.959807158	0.959807158	0.333333343	0.333333343	None
  4.066667	-0.2450603	0.9853133	0.9853133	0.333333343	0.333333343	None
  4.10000038	-0.218796417	0.51930207	0.51930207	0.333333343	0.333333343	None
  4.166667	-0.207457632	0.138227329	0.138227329	0.333333343	0.333333343	None
  4.266667	-0.188635051	-0.03723647	-0.03723647	0.333333343	0.333333343	None
  4.366667	-0.210845292	-0.102850072	-0.102850072	0.333333343	0.333333343	None
  4.4333334	-0.212570116	-0.129854351	-0.129854351	0.333333343	0.333333343	None
  4.5	-0.223294884	-0.0289495382	-0.0289495382	0.333333343	0.333333343	None
  4.566667	-0.219042554	-0.004056398	-0.004056398	0.333333343	0.333333343	None
  4.63333368	-0.227283433	-0.128597289	-0.128597289	0.333333343	0.333333343	None
  4.73333359	-0.230011061	0.139692262	0.139692262	0.333333343	0.333333343	None
  4.866667	-0.190010667	0.438563943	0.438563943	0.333333343	0.333333343	None
  4.9	-0.175255835	0.5547755	0.5547755	0.333333343	0.333333343	None
  4.9333334	-0.153025672	0.647305	0.647305	0.333333343	0.333333343	None
  5.00000048	-0.10751763	0.806741	0.806741	0.333333343	0.333333343	None
  5.033334	-0.07831917	0.740645945	0.740645945	0.333333343	0.333333343	None
  5.066667	-0.05814128	0.295804352	0.295804352	0.333333343	0.333333343	None
  5.10000038	-0.0585989	-0.09364131	-0.09364131	0.333333343	0.333333343	None
  5.13333368	-0.06438403	-0.0427426621	-0.0427426621	0.333333343	0.333333343	None
  5.166667	-0.0614484064	0.08691791	0.08691791	0.333333343	0.333333343	None
  5.23333359	-0.05353695	0.186413646	0.186413646	0.333333343	0.333333343	None
  5.266667	-0.0461619422	0.185536742	0.185536742	0.333333343	0.333333343	None
  5.3	-0.0411678478	0.108017638	0.108017638	0.333333343	0.333333343	None
  5.366667	-0.0372464955	0.0641824156	0.0641824156	0.333333343	0.333333343	None
  5.4333334	-0.0308555681	0.127262235	0.127262235	0.333333343	0.333333343	None
  5.50000048	-0.0213278066	0.1359762	0.1359762	0.333333343	0.333333343	None
  5.566667	-0.0130744455	0.121561855	0.121561855	0.333333343	0.333333343	None
  5.60000038	-0.009028556	0.11720261	0.11720261	0.333333343	0.333333343	None
  5.63333368	-0.0052609453	0.08439891	0.08439891	0.333333343	0.333333343	None
  5.666667	-0.003401967	0.06113883	0.06113883	0.333333343	0.333333343	None
  5.70000029	-0.001185027	0.0424200334	0.0424200334	0.333333343	0.333333343	None
  5.73333359	-0.000573967467	0.01827287	0.01827287	0.333333343	0.333333343	None
  5.766667	3.31632473E-05	0.0152463876	0.0152463876	0.333333343	0.333333343	None
  5.8	0.000442457385	0.00671224762	0.00671224762	0.333333343	0.333333343	None
  5.83333349	0.000480645976	0.00371940481	0.00371940481	0.333333343	0.333333343	None
  5.866667	0.0006904175	0.009928293	0.009928293	0.333333343	0.333333343	None
  5.9	0.00114253152	0.0108121447	0.0108121447	0.333333343	0.333333343	None
  5.933334	0.0014112303	0.00693501532	0.00693501532	0.333333343	0.333333343	None
  5.966667	0.00160486926	0.0045507336	0.0045507336	0.333333343	0.333333343	None
  6.00000048	0.00171461224	-0.0362448543	-0.0362448543	0.333333343	0.333333343	None
  6.033334	-0.000811452046	-0.07099216	-0.07099216	0.333333343	0.333333343	None
  6.066667	-0.00301819388	-0.0474446975	-0.0474446975	0.333333343	0.333333343	None
  6.10000038	-0.003974429	-0.04695376	-0.04695376	0.333333343	0.333333343	None
  6.13333368	-0.00614844169	-0.052614063	-0.052614063	0.333333343	0.333333343	None
  6.166667	-0.00748203	-0.0569572076	-0.0569572076	0.333333343	0.333333343	None
  6.20000029	-0.009945585	-0.0770251155	-0.0770251155	0.333333343	0.333333343	None
  6.23333359	-0.012617033	-0.06296282	-0.06296282	0.333333343	0.333333343	None
  6.266667	-0.0141431028	-0.118124872	-0.118124872	0.333333343	0.333333343	None
  6.3	-0.0204920173	-0.1396928	-0.1396928	0.333333343	0.333333343	None
  6.366667	-0.0245591234	-0.02306793	-0.02306793	0.333333343	0.333333343	None
  6.433334	-0.02489624	-0.00343398517	-0.00343398517	0.333333343	0.333333343	None
  6.50000048	-0.0251978524	0.0184659082	0.0184659082	0.333333343	0.333333343	None
  6.60000038	-0.01966546	0.05828113	0.05828113	0.333333343	0.333333343	None
  6.666667	-0.0162484664	0.0484694764	0.0484694764	0.333333343	0.333333343	None
  6.70000029	-0.0146618066	0.0409296975	0.0409296975	0.333333343	0.333333343	None
  6.73333359	-0.0135198226	0.040309377	0.040309377	0.333333343	0.333333343	None
  6.766667	-0.0119745173	0.0413107239	0.0413107239	0.333333343	0.333333343	None
  6.8	-0.010765777	0.0364661738	0.0364661738	0.333333343	0.333333343	None
  6.83333349	-0.009543441	0.0269015487	0.0269015487	0.333333343	0.333333343	None
  6.90000057	-0.008526257	0.0145392092	0.0145392092	0.333333343	0.333333343	None
  6.966667	-0.00747588975	0.0136276539	0.0136276539	0.333333343	0.333333343	None
  7.033334	-0.00666412944	0.013878922	0.013878922	0.333333343	0.333333343	None
  7.13333368	-0.006960661	-0.0473869964	-0.0473869964	0.333333343	0.333333343	None
  7.166667	-0.009216686	-0.0553453	-0.0553453	0.333333343	0.333333343	None
  7.266667	-0.0129616121	-0.0507938378	-0.0507938378	0.333333343	0.333333343	None
  7.3	-0.0150834834	-0.0707258	-0.0707258	0.333333343	0.333333343	None
  7.33333349	-0.01767666	-0.0388976969	-0.0388976969	0.333333343	0.333333343	None
  7.36666727	-0.01767666	0	0	0.333333343	0.333333343	None
FLOAT UnityEngine.Animator||Left Foot Up-Down discrete=False keys=126 pre=ClampForever post=ClampForever
  0	-0.07204298	-0.026959328	-0.026959328	0.333333343	0.333333343	None
  0.166666672	-0.0785173848	-0.04715848	-0.04715848	0.333333343	0.333333343	None
  0.266666681	-0.08387268	-0.07529375	-0.07529375	0.333333343	0.333333343	None
  0.533333361	-0.109913468	-0.155670032	-0.155670032	0.333333343	0.333333343	None
  0.700000048	-0.137234852	-0.162048355	-0.162048355	0.333333343	0.333333343	None
  0.7666667	-0.143585831	0.155606449	0.155606449	0.333333343	0.333333343	None
  0.900000036	-0.06256185	0.7963803	0.7963803	0.333333343	0.333333343	None
  0.9333334	-0.0356761776	0.544934154	0.544934154	0.333333343	0.333333343	None
  0.9666667	-0.0262328889	-0.0290089548	-0.0290089548	0.333333343	0.333333343	None
  1	-0.0376101062	-0.5968757	-0.5968757	0.333333343	0.333333343	None
  1.03333342	-0.06602467	-0.5576153	-0.5576153	0.333333343	0.333333343	None
  1.06666672	-0.0747845247	-0.0111768842	-0.0111768842	0.333333343	0.333333343	None
  1.1	-0.06676979	0.09473379	0.09473379	0.333333343	0.333333343	None
  1.13333344	-0.06846895	0.9215155	0.9215155	0.333333343	0.333333343	None
  1.16666675	-0.00533548836	2.563256	2.563256	0.333333343	0.333333343	None
  1.2	0.10241463	2.75842237	2.75842237	0.333333343	0.333333343	None
  1.23333335	0.178559154	0.378230929	0.378230929	0.333333343	0.333333343	None
  1.26666677	0.127629817	-2.11749268	-2.11749268	0.333333343	0.333333343	None
  1.30000007	0.0373929255	-1.7511853	-1.7511853	0.333333343	0.333333343	None
  1.33333337	0.0108842384	-0.5598296	-0.5598296	0.333333343	0.333333343	None
  1.36666679	7.094968E-05	-0.6974223	-0.6974223	0.333333343	0.333333343	None
  1.4000001	-0.03561058	-0.755692244	-0.755692244	0.333333343	0.333333343	None
  1.4333334	-0.05030849	0.0607526	0.0607526	0.333333343	0.333333343	None
  1.4666667	-0.03156041	1.86268783	1.86268783	0.333333343	0.333333343	None
  1.50000012	0.07387096	1.444469	1.444469	0.333333343	0.333333343	None
  1.53333342	0.06473781	-1.11615717	-1.11615717	0.333333343	0.333333343	None
  1.56666672	-0.000539451547	-1.310862	-1.310862	0.333333343	0.333333343	None
  1.60000014	-0.02265298	-0.07355687	-0.07355687	0.333333343	0.333333343	None
  1.63333344	-0.00544331828	0.7614417	0.7614417	0.333333343	0.333333343	None
  1.66666675	0.0281097479	1.16380215	1.16380215	0.333333343	0.333333343	None
  1.7	0.07214342	0.955415249	0.955415249	0.333333343	0.333333343	None
  1.73333347	0.09180411	0.46894598	0.46894598	0.333333343	0.333333343	None
  1.76666677	0.103406526	0.2076205	0.2076205	0.333333343	0.333333343	None
  1.80000007	0.105645463	0.09114088	0.09114088	0.333333343	0.333333343	None
  1.86666679	0.1216626	0.5776806	0.5776806	0.333333343	0.333333343	None
  1.9000001	0.147994623	0.9532931	0.9532931	0.333333343	0.333333343	None
  1.9333334	0.185215414	1.34059632	1.34059632	0.333333343	0.333333343	None
  1.96666682	0.237367809	1.475403	1.475403	0.333333343	0.333333343	None
  2	0.283575535	0.6355883	0.6355883	0.333333343	0.333333343	None
  2.03333354	0.279740125	-1.11666274	-1.11666274	0.333333343	0.333333343	None
  2.06666684	0.20913139	-2.0810523	-2.0810523	0.333333343	0.333333343	None
  2.10000014	0.14100343	-0.8502791	-0.8502791	0.333333343	0.333333343	None
  2.13333344	0.152446166	0.142803624	0.142803624	0.333333343	0.333333343	None
  2.16666675	0.150523663	-0.6517099	-0.6517099	0.333333343	0.333333343	None
  2.2	0.10899888	-0.9136641	-0.9136641	0.333333343	0.333333343	None
  2.23333335	0.08961278	-0.175566435	-0.175566435	0.333333343	0.333333343	None
  2.266667	0.09729452	-0.5575777	-0.5575777	0.333333343	0.333333343	None
  2.30000019	0.0524410233	-1.33167946	-1.33167946	0.333333343	0.333333343	None
  2.33333349	0.008515971	-0.9571589	-0.9571589	0.333333343	0.333333343	None
  2.36666679	-0.0113695124	-0.212739557	-0.212739557	0.333333343	0.333333343	None
  2.4	-0.00566665269	0.183184028	0.183184028	0.333333343	0.333333343	None
  2.4333334	0.00084274495	-0.301257133	-0.301257133	0.333333343	0.333333343	None
  2.4666667	-0.0257504433	-1.00305057	-1.00305057	0.333333343	0.333333343	None
  2.50000024	-0.06602752	-0.709210753	-0.709210753	0.333333343	0.333333343	None
  2.53333354	-0.0730314	-0.0150786042	-0.0150786042	0.333333343	0.333333343	None
  2.56666684	-0.06703276	0.413406074	0.413406074	0.333333343	0.333333343	None
  2.60000014	-0.0454710238	1.411241	1.411241	0.333333343	0.333333343	None
  2.63333344	0.02704989	0.907808363	0.907808363	0.333333343	0.333333343	None
  2.66666675	0.01504948	-0.646965265	-0.646965265	0.333333343	0.333333343	None
  2.7	-0.0160810836	-0.592146754	-0.592146754	0.333333343	0.333333343	None
  2.73333359	-0.02442699	-0.097267	-0.097267	0.333333343	0.333333343	None
  2.766667	-0.0225656033	-0.0337127447	-0.0337127447	0.333333343	0.333333343	None
  2.80000019	-0.0266745035	-0.246049434	-0.246049434	0.333333343	0.333333343	None
  2.83333349	-0.0389688835	-0.4045198	-0.4045198	0.333333343	0.333333343	None
  2.86666679	-0.0536424629	-0.4560781	-0.4560781	0.333333343	0.333333343	None
  2.9	-0.06937406	-0.376217544	-0.376217544	0.333333343	0.333333343	None
  2.966667	-0.0862380341	-0.22632432	-0.22632432	0.333333343	0.333333343	None
  3.10000014	-0.100139245	0.168766528	0.168766528	0.333333343	0.333333343	None
  3.13333344	-0.09153341	0.3347686	0.3347686	0.333333343	0.333333343	None
  3.20000029	-0.0650690645	0.321468562	0.321468562	0.333333343	0.333333343	None
  3.23333359	-0.05639005	0.229397938	0.229397938	0.333333343	0.333333343	None
  3.266667	-0.0497758836	0.303441226	0.303441226	0.333333343	0.333333343	None
  3.30000019	-0.0361606553	0.382302642	0.382302642	0.333333343	0.333333343	None
  3.33333349	-0.024289066	0.350368023	0.350368023	0.333333343	0.333333343	None
  3.36666679	-0.0128028113	0.334452	0.334452	0.333333343	0.333333343	None
  3.4	-0.00199228688	0.250175267	0.250175267	0.333333343	0.333333343	None
  3.4333334	0.00387552381	0.0685112	0.0685112	0.333333343	0.333333343	None
  3.466667	0.00257511274	-0.00120528787	-0.00120528787	0.333333343	0.333333343	None
  3.50000024	0.003795162	0.123887569	0.123887569	0.333333343	0.333333343	None
  3.53333354	0.0108342757	0.2302311	0.2302311	0.333333343	0.333333343	None
  3.56666684	0.0191438869	0.08654688	0.08654688	0.333333343	0.333333343	None
  3.60000014	0.0166040622	-0.4377927	-0.4377927	0.333333343	0.333333343	None
  3.63333344	-0.010042266	-0.7778696	-0.7778696	0.333333343	0.333333343	None
  3.66666675	-0.03525386	-0.3126502	-0.3126502	0.333333343	0.333333343	None
  3.70000029	-0.0308855623	0.5879216	0.5879216	0.333333343	0.333333343	None
  3.73333359	0.003940911	0.462483346	0.462483346	0.333333343	0.333333343	None
  3.766667	-5.33667226E-05	-0.2903899	-0.2903899	0.333333343	0.333333343	None
  3.80000019	-0.0154183963	-0.376363516	-0.376363516	0.333333343	0.333333343	None
  3.83333349	-0.0251442436	-0.28627494	-0.28627494	0.333333343	0.333333343	None
  3.86666679	-0.0345033742	-0.455973148	-0.455973148	0.333333343	0.333333343	None
  3.9	-0.0555424243	-0.755689144	-0.755689144	0.333333343	0.333333343	None
  3.93333364	-0.08488281	-0.727385163	-0.727385163	0.333333343	0.333333343	None
  3.966667	-0.10403493	-0.5158727	-0.5158727	0.333333343	0.333333343	None
  4.066667	-0.14446266	-0.435528576	-0.435528576	0.333333343	0.333333343	None
  4.13333368	-0.17368114	-0.3644238	-0.3644238	0.333333343	0.333333343	None
  4.23333359	-0.2023751	-0.212166965	-0.212166965	0.333333343	0.333333343	None
  4.366667	-0.215044811	-0.07678568	-0.07678568	0.333333343	0.333333343	None
  4.5	-0.2148959	0.101159982	0.101159982	0.333333343	0.333333343	None
  4.70000029	-0.199098557	0.08014582	0.08014582	0.333333343	0.333333343	None
  4.8	-0.185154751	0.153359249	0.153359249	0.333333343	0.333333343	None
  4.866667	-0.180761546	-0.166691631	-0.166691631	0.333333343	0.333333343	None
  4.9	-0.192169517	-0.459433556	-0.459433556	0.333333343	0.333333343	None
  4.9666667	-0.224583641	-0.09744172	-0.09744172	0.333333343	0.333333343	None
  5.00000048	-0.217886433	0.499735266	0.499735266	0.333333343	0.333333343	None
  5.033334	-0.1912679	0.419732362	0.419732362	0.333333343	0.333333343	None
  5.066667	-0.1899043	0.0298887771	0.0298887771	0.333333343	0.333333343	None
  5.10000038	-0.189275309	-0.0800316	-0.0800316	0.333333343	0.333333343	None
  5.13333368	-0.195239738	-0.134634286	-0.134634286	0.333333343	0.333333343	None
  5.266667	-0.198125958	0.0727326348	0.0727326348	0.333333343	0.333333343	None
  5.4333334	-0.19829607	-0.0341796875	-0.0341796875	0.333333343	0.333333343	None
  5.60000038	-0.1994498	-0.0443304777	-0.0443304777	0.333333343	0.333333343	None
  5.8	-0.208018556	-0.003225136	-0.003225136	0.333333343	0.333333343	None
  6.10000038	-0.2019147	0.0432584845	0.0432584845	0.333333343	0.333333343	None
  6.3	-0.182005	0.10970737	0.10970737	0.333333343	0.333333343	None
  6.466667	-0.1639485	0.147629827	0.147629827	0.333333343	0.333333343	None
  6.70000029	-0.13363497	0.0823206455	0.0823206455	0.333333343	0.333333343	None
  6.866667	-0.1140337	0.150120586	0.150120586	0.333333343	0.333333343	None
  7.00000048	-0.09532299	0.119635016	0.119635016	0.333333343	0.333333343	None
  7.10000038	-0.08353706	0.04881066	0.04881066	0.333333343	0.333333343	None
  7.13333368	-0.0835087448	-0.03402285	-0.03402285	0.333333343	0.333333343	None
  7.166667	-0.0858052447	-0.0199654885	-0.0199654885	0.333333343	0.333333343	None
  7.20000029	-0.0848397762	0.08739282	0.08739282	0.333333343	0.333333343	None
  7.266667	-0.07473161	0.124688528	0.124688528	0.333333343	0.333333343	None
  7.3	-0.0716665	0.0403369963	0.0403369963	0.333333343	0.333333343	None
  7.33333349	-0.07204248	-0.00563968532	-0.00563968532	0.333333343	0.333333343	None
  7.36666727	-0.07204248	0	0	0.333333343	0.333333343	None
FLOAT UnityEngine.Animator||Left Forearm Stretch discrete=False keys=88 pre=ClampForever post=ClampForever
  0	0.7927495	-0.009341239	-0.009341239	0.333333343	0.333333343	None
  0.8000001	0.74802494	-0.04866066	-0.04866066	0.333333343	0.333333343	None
  0.900000036	0.68198967	-1.811189	-1.811189	0.333333343	0.333333343	None
  0.9333334	0.6070174	-2.70992136	-2.70992136	0.333333343	0.333333343	None
  1	0.400116771	-2.26587558	-2.26587558	0.333333343	0.333333343	None
  1.03333342	0.350269884	-0.6299858	-0.6299858	0.333333343	0.333333343	None
  1.06666672	0.35811758	-0.5279509	-0.5279509	0.333333343	0.333333343	None
  1.1	0.3150732	-1.74887919	-1.74887919	0.333333343	0.333333343	None
  1.13333344	0.241525486	-1.84126055	-1.84126055	0.333333343	0.333333343	None
  1.16666675	0.192322344	0.39068532	0.39068532	0.333333343	0.333333343	None
  1.2	0.267571151	2.0544734	2.0544734	0.333333343	0.333333343	None
  1.23333335	0.3292871	1.39581323	1.39581323	0.333333343	0.333333343	None
  1.26666677	0.3606254	0.8328215	0.8328215	0.333333343	0.333333343	None
  1.33333337	0.3990886	0.101210535	0.101210535	0.333333343	0.333333343	None
  1.36666679	0.391555935	-0.2800551	-0.2800551	0.333333343	0.333333343	None
  1.4000001	0.380418241	-0.490949333	-0.490949333	0.333333343	0.333333343	None
  1.4666667	0.338582	-0.351477742	-0.351477742	0.333333343	0.333333343	None
  1.53333342	0.337513149	0.0443230979	0.0443230979	0.333333343	0.333333343	None
  1.56666672	0.338349044	0.205027118	0.205027118	0.333333343	0.333333343	None
  1.63333344	0.374285579	0.619068742	0.619068742	0.333333343	0.333333343	None
  1.66666675	0.392452866	0.188736945	0.188736945	0.333333343	0.333333343	None
  1.73333347	0.3714363	-0.576178	-0.576178	0.333333343	0.333333343	None
  1.76666677	0.348456144	-0.7308977	-0.7308977	0.333333343	0.333333343	None
  1.80000007	0.322709829	-0.5073108	-0.5073108	0.333333343	0.333333343	None
  1.86666679	0.324752033	0.4224335	0.4224335	0.333333343	0.333333343	None
  1.9000001	0.3427977	0.2759115	0.2759115	0.333333343	0.333333343	None
  1.96666682	0.325350553	-0.741355538	-0.741355538	0.333333343	0.333333343	None
  2.03333354	0.2601273	-0.995307	-0.995307	0.333333343	0.333333343	None
  2.16666675	0.1634662	-0.277679741	-0.277679741	0.333333343	0.333333343	None
  2.266667	0.151746452	-0.229762673	-0.229762673	0.333333343	0.333333343	None
  2.30000019	0.14085187	-0.377643317	-0.377643317	0.333333343	0.333333343	None
  2.36666679	0.120059274	0.03172922	0.03172922	0.333333343	0.333333343	None
  2.4333334	0.144900173	0.435132265	0.435132265	0.333333343	0.333333343	None
  2.50000024	0.1634623	0.0976868644	0.0976868644	0.333333343	0.333333343	None
  2.56666684	0.161194623	-0.07222995	-0.07222995	0.333333343	0.333333343	None
  2.63333344	0.1655219	0.356939077	0.356939077	0.333333343	0.333333343	None
  2.66666675	0.18318741	0.519155443	0.519155443	0.333333343	0.333333343	None
  2.73333359	0.2181224	0.552808166	0.552808166	0.333333343	0.333333343	None
  2.80000019	0.251912326	0.331142932	0.331142932	0.333333343	0.333333343	None
  2.9	0.269885451	0.22392264	0.22392264	0.333333343	0.333333343	None
  3.00000024	0.289129823	0.0877534747	0.0877534747	0.333333343	0.333333343	None
  3.06666684	0.292774737	0.0210026111	0.0210026111	0.333333343	0.333333343	None
  3.20000029	0.266031384	-0.237396687	-0.237396687	0.333333343	0.333333343	None
  3.30000019	0.234424442	-0.626011848	-0.626011848	0.333333343	0.333333343	None
  3.33333349	0.2096258	-0.711076856	-0.711076856	0.333333343	0.333333343	None
  3.4333334	0.1365759	-0.880679131	-0.880679131	0.333333343	0.333333343	None
  3.50000024	0.06979979	-1.142096	-1.142096	0.333333343	0.333333343	None
  3.53333354	0.0289770514	-1.37418854	-1.37418854	0.333333343	0.333333343	None
  3.56666684	-0.02181269	-1.69562709	-1.69562709	0.333333343	0.333333343	None
  3.60000014	-0.08406465	-1.87142563	-1.87142563	0.333333343	0.333333343	None
  3.63333344	-0.146574289	-1.633601	-1.633601	0.333333343	0.333333343	None
  3.70000029	-0.223271489	-0.712463439	-0.712463439	0.333333343	0.333333343	None
  3.766667	-0.256497771	-0.541661441	-0.541661441	0.333333343	0.333333343	None
  3.80000019	-0.276579738	-0.576300859	-0.576300859	0.333333343	0.333333343	None
  3.86666679	-0.3172786	-0.6487246	-0.6487246	0.333333343	0.333333343	None
  3.966667	-0.3651541	-0.290617645	-0.290617645	0.333333343	0.333333343	None
  4.10000038	-0.385510564	-0.08198358	-0.08198358	0.333333343	0.333333343	None
  4.20000029	-0.410595328	-0.333038151	-0.333038151	0.333333343	0.333333343	None
  4.366667	-0.430701226	-0.01883002	-0.01883002	0.333333343	0.333333343	None
  4.566667	-0.3888452	0.474859178	0.474859178	0.333333343	0.333333343	None
  4.666667	-0.341234416	0.436786979	0.436786979	0.333333343	0.333333343	None
  4.8	-0.3197844	0.0619237721	0.0619237721	0.333333343	0.333333343	None
  4.83333349	-0.3176318	-0.111693546	-0.111693546	0.333333343	0.333333343	None
  4.866667	-0.327230632	-0.180144474	-0.180144474	0.333333343	0.333333343	None
  4.9	-0.329641432	0.0277492665	0.0277492665	0.333333343	0.333333343	None
  4.9333334	-0.325380683	-0.0766821951	-0.0766821951	0.333333343	0.333333343	None
  5.033334	-0.346040159	0.173275337	0.173275337	0.333333343	0.333333343	None
  5.066667	-0.332380444	0.3561132	0.3561132	0.333333343	0.333333343	None
  5.13333368	-0.3161745	0.180048376	0.180048376	0.333333343	0.333333343	None
  5.20000029	-0.3108364	-0.10201434	-0.10201434	0.333333343	0.333333343	None
  5.266667	-0.322452039	0.0153552145	0.0153552145	0.333333343	0.333333343	None
  5.33333349	-0.305112928	0.254409134	0.254409134	0.333333343	0.333333343	None
  5.466667	-0.280526042	0.401881039	0.401881039	0.333333343	0.333333343	None
  5.60000038	-0.2031271	0.6184391	0.6184391	0.333333343	0.333333343	None
  5.666667	-0.161876574	0.560789466	0.560789466	0.333333343	0.333333343	None
  5.73333359	-0.1267549	0.6180934	0.6180934	0.333333343	0.333333343	None
  5.866667	-0.0135535477	1.07652044	1.07652044	0.333333343	0.333333343	None
  5.9	0.024217803	1.09359	1.09359	0.333333343	0.333333343	None
  5.933334	0.05935289	0.985985339	0.985985339	0.333333343	0.333333343	None
  5.966667	0.0899506	0.9432019	0.9432019	0.333333343	0.333333343	None
  6.033334	0.152547061	0.845138252	0.845138252	0.333333343	0.333333343	None
  6.10000038	0.205644131	0.824492157	0.824492157	0.333333343	0.333333343	None
  6.33333349	0.3819556	0.656692147	0.656692147	0.333333343	0.333333343	None
  6.60000038	0.5446489	0.385044873	0.385044873	0.333333343	0.333333343	None
  6.866667	0.6360359	0.2692751	0.2692751	0.333333343	0.333333343	None
  7.13333368	0.7312261	0.6095406	0.6095406	0.333333343	0.333333343	None
  7.23333359	0.7807955	0.228174835	0.228174835	0.333333343	0.333333343	None
  7.36666727	0.7927494	-8.940578E-06	-8.940578E-06	0.333333343	0.333333343	None
FLOAT UnityEngine.Animator||Left Forearm Twist In-Out discrete=False keys=142 pre=ClampForever post=ClampForever
  0	0.07270215	0.00990048	0.00990048	0.333333343	0.333333343	None
  0.13333334	0.07715722	0.07220083	0.07220083	0.333333343	0.333333343	None
  0.3	0.09525844	0.132160723	0.132160723	0.333333343	0.333333343	None
  0.433333367	0.115159288	0.149667174	0.149667174	0.333333343	0.333333343	None
  0.6666667	0.1534577	0.155563891	0.155563891	0.333333343	0.333333343	None
  0.8000001	0.175047949	0.208795041	0.208795041	0.333333343	0.333333343	None
  0.8333334	0.183073267	0.3007042	0.3007042	0.333333343	0.333333343	None
  0.866666734	0.1950949	0.307141066	0.307141066	0.333333343	0.333333343	None
  0.900000036	0.20354934	-0.365022421	-0.365022421	0.333333343	0.333333343	None
  0.9333334	0.170760036	-2.147565	-2.147565	0.333333343	0.333333343	None
  0.9666667	0.06037842	-3.2117877	-3.2117877	0.333333343	0.333333343	None
  1	-0.04335895	-1.1943351	-1.1943351	0.333333343	0.333333343	None
  1.03333342	-0.0192437619	1.5916245	1.5916245	0.333333343	0.333333343	None
  1.06666672	0.06274933	1.0538739	1.0538739	0.333333343	0.333333343	None
  1.1	0.05101443	-0.7568408	-0.7568408	0.333333343	0.333333343	None
  1.13333344	0.0122931907	-1.6236279	-1.6236279	0.333333343	0.333333343	None
  1.16666675	-0.05722746	-1.01350725	-1.01350725	0.333333343	0.333333343	None
  1.2	-0.0552738868	-0.401406318	-0.401406318	0.333333343	0.333333343	None
  1.23333335	-0.0839878544	-1.48349917	-1.48349917	0.333333343	0.333333343	None
  1.26666677	-0.154173985	-1.43772388	-1.43772388	0.333333343	0.333333343	None
  1.30000007	-0.179836273	0.658912063	0.658912063	0.333333343	0.333333343	None
  1.33333337	-0.110246561	2.51891541	2.51891541	0.333333343	0.333333343	None
  1.36666679	-0.0119083906	2.09068346	2.09068346	0.333333343	0.333333343	None
  1.4000001	0.0291325543	0.924326241	0.924326241	0.333333343	0.333333343	None
  1.4333334	0.0497133	0.994335353	0.994335353	0.333333343	0.333333343	None
  1.4666667	0.0954215154	1.309577	1.309577	0.333333343	0.333333343	None
  1.50000012	0.1370185	0.8360034	0.8360034	0.333333343	0.333333343	None
  1.56666672	0.158230111	0.399565339	0.399565339	0.333333343	0.333333343	None
  1.63333344	0.2004252	0.528952241	0.528952241	0.333333343	0.333333343	None
  1.66666675	0.213056356	-0.425941944	-0.425941944	0.333333343	0.333333343	None
  1.7	0.1720291	-1.614955	-1.614955	0.333333343	0.333333343	None
  1.73333347	0.10539256	-1.09444463	-1.09444463	0.333333343	0.333333343	None
  1.76666677	0.09906595	0.660978734	0.660978734	0.333333343	0.333333343	None
  1.80000007	0.149457768	1.4251709	1.4251709	0.333333343	0.333333343	None
  1.83333337	0.194077253	1.28755343	1.28755343	0.333333343	0.333333343	None
  1.9000001	0.291103929	2.08975887	2.08975887	0.333333343	0.333333343	None
  1.9333334	0.374611855	2.1680243	2.1680243	0.333333343	0.333333343	None
  2	0.472504437	0.480811268	0.480811268	0.333333343	0.333333343	None
  2.10000014	0.409363925	-0.4308061	-0.4308061	0.333333343	0.333333343	None
  2.16666675	0.407715738	-0.069963254	-0.069963254	0.333333343	0.333333343	None
  2.23333335	0.403075784	0.0891891941	0.0891891941	0.333333343	0.333333343	None
  2.33333349	0.417968482	-0.09869689	-0.09869689	0.333333343	0.333333343	None
  2.4	0.39254716	-0.587170064	-0.587170064	0.333333343	0.333333343	None
  2.4333334	0.370824963	-0.441831768	-0.441831768	0.333333343	0.333333343	None
  2.50000024	0.3620421	-0.139900923	-0.139900923	0.333333343	0.333333343	None
  2.56666684	0.346562475	-0.09769911	-0.09769911	0.333333343	0.333333343	None
  2.63333344	0.346661568	-0.190521076	-0.190521076	0.333333343	0.333333343	None
  2.7	0.32578215	-0.1785281	-0.1785281	0.333333343	0.333333343	None
  2.80000019	0.319478482	-0.119254261	-0.119254261	0.333333343	0.333333343	None
  2.9	0.309836745	0.11243473	0.11243473	0.333333343	0.333333343	None
  2.966667	0.322070479	0.05014696	0.05014696	0.333333343	0.333333343	None
  3.03333354	0.316504478	-0.216494709	-0.216494709	0.333333343	0.333333343	None
  3.06666684	0.305745542	-0.186267972	-0.186267972	0.333333343	0.333333343	None
  3.10000014	0.304086626	0.100259729	0.100259729	0.333333343	0.333333343	None
  3.16666675	0.318380445	0.107685745	0.107685745	0.333333343	0.333333343	None
  3.20000029	0.319608569	0.0332646556	0.0332646556	0.333333343	0.333333343	None
  3.266667	0.3406093	1.203115	1.203115	0.333333343	0.333333343	None
  3.33333349	0.463533044	1.2743299	1.2743299	0.333333343	0.333333343	None
  3.36666679	0.485760927	0.07894197	0.07894197	0.333333343	0.333333343	None
  3.4	0.468795836	-0.5438242	-0.5438242	0.333333343	0.333333343	None
  3.4333334	0.449506	-0.361602277	-0.361602277	0.333333343	0.333333343	None
  3.50000024	0.438715637	-0.494161725	-0.494161725	0.333333343	0.333333343	None
  3.53333354	0.411744922	-2.24436522	-2.24436522	0.333333343	0.333333343	None
  3.56666684	0.289091438	-5.20817852	-5.20817852	0.333333343	0.333333343	None
  3.60000014	0.0645333454	-5.998069	-5.998069	0.333333343	0.333333343	None
  3.63333344	-0.110779449	-4.98945141	-4.98945141	0.333333343	0.333333343	None
  3.66666675	-0.268096447	-3.81619167	-3.81619167	0.333333343	0.333333343	None
  3.70000029	-0.365192682	-2.00230265	-2.00230265	0.333333343	0.333333343	None
  3.766667	-0.409642518	-0.101967841	-0.101967841	0.333333343	0.333333343	None
  3.83333349	-0.396339327	0.7058624	0.7058624	0.333333343	0.333333343	None
  3.93333364	-0.292631149	0.486748666	0.486748666	0.333333343	0.333333343	None
  4	-0.2896692	0.06289284	0.06289284	0.333333343	0.333333343	None
  4.066667	-0.268589139	0.460443646	0.460443646	0.333333343	0.333333343	None
  4.10000038	-0.253084451	0.374624252	0.374624252	0.333333343	0.333333343	None
  4.13333368	-0.243614212	0.344166875	0.344166875	0.333333343	0.333333343	None
  4.20000029	-0.218179673	0.231214672	0.231214672	0.333333343	0.333333343	None
  4.3	-0.222638041	-0.0381768122	-0.0381768122	0.333333343	0.333333343	None
  4.4	-0.219364673	-0.0461608581	-0.0461608581	0.333333343	0.333333343	None
  4.4666667	-0.2238852	0.07778369	0.07778369	0.333333343	0.333333343	None
  4.5	-0.216887683	0.316251844	0.316251844	0.333333343	0.333333343	None
  4.533334	-0.202801555	0.365917683	0.365917683	0.333333343	0.333333343	None
  4.566667	-0.192492992	0.22981368	0.22981368	0.333333343	0.333333343	None
  4.63333368	-0.1756094	0.535194635	0.535194635	0.333333343	0.333333343	None
  4.666667	-0.15180105	1.06932008	1.06932008	0.333333343	0.333333343	None
  4.70000029	-0.104321457	1.23209	1.23209	0.333333343	0.333333343	None
  4.73333359	-0.0696617961	0.744748354	0.744748354	0.333333343	0.333333343	None
  4.766667	-0.0546716154	0.5064757	0.5064757	0.333333343	0.333333343	None
  4.8	-0.03589678	0.335328132	0.335328132	0.333333343	0.333333343	None
  4.83333349	-0.0323164277	-1.34638524	-1.34638524	0.333333343	0.333333343	None
  4.866667	-0.125655711	-3.34143066	-3.34143066	0.333333343	0.333333343	None
  4.9	-0.255078256	-3.208162	-3.208162	0.333333343	0.333333343	None
  4.9333334	-0.339532971	-1.62946463	-1.62946463	0.333333343	0.333333343	None
  4.9666667	-0.363709122	-0.5285605	-0.5285605	0.333333343	0.333333343	None
  5.00000048	-0.374770463	-0.36586827	-0.36586827	0.333333343	0.333333343	None
  5.066667	-0.391254783	0.2389542	0.2389542	0.333333343	0.333333343	None
  5.10000038	-0.3721702	0.5654464	0.5654464	0.333333343	0.333333343	None
  5.166667	-0.342729062	0.278730065	0.278730065	0.333333343	0.333333343	None
  5.23333359	-0.331156462	0.108598277	0.108598277	0.333333343	0.333333343	None
  5.266667	-0.327736527	0.2317489	0.2317489	0.333333343	0.333333343	None
  5.33333349	-0.3019339	0.444023579	0.444023579	0.333333343	0.333333343	None
  5.366667	-0.286105	0.352434546	0.352434546	0.333333343	0.333333343	None
  5.4333334	-0.271992564	0.338469267	0.338469267	0.333333343	0.333333343	None
  5.50000048	-0.234438747	0.6071087	0.6071087	0.333333343	0.333333343	None
  5.566667	-0.198141366	0.5646874	0.5646874	0.333333343	0.333333343	None
  5.60000038	-0.1777538	0.8444251	0.8444251	0.333333343	0.333333343	None
  5.63333368	-0.141846418	1.1267283	1.1267283	0.333333343	0.333333343	None
  5.666667	-0.102638662	1.210101	1.210101	0.333333343	0.333333343	None
  5.70000029	-0.0611730926	1.09388185	1.09388185	0.333333343	0.333333343	None
  5.73333359	-0.0297132786	0.9541472	0.9541472	0.333333343	0.333333343	None
  5.766667	0.00243666349	1.06495547	1.06495547	0.333333343	0.333333343	None
  5.8	0.0412836857	0.8884209	0.8884209	0.333333343	0.333333343	None
  5.83333349	0.061664667	0.4563492	0.4563492	0.333333343	0.333333343	None
  5.866667	0.0717069358	0.208301723	0.208301723	0.333333343	0.333333343	None
  5.9	0.0755514354	0.0275486447	0.0275486447	0.333333343	0.333333343	None
  5.966667	0.0748575	0.2087316	0.2087316	0.333333343	0.333333343	None
  6.00000048	0.08745891	0.392461181	0.392461181	0.333333343	0.333333343	None
  6.033334	0.101021558	0.324982584	0.324982584	0.333333343	0.333333343	None
  6.066667	0.109124392	0.301341116	0.301341116	0.333333343	0.333333343	None
  6.10000038	0.121110946	0.433997273	0.433997273	0.333333343	0.333333343	None
  6.13333368	0.138057515	0.376829267	0.376829267	0.333333343	0.333333343	None
  6.266667	0.143919468	-0.03596868	-0.03596868	0.333333343	0.333333343	None
  6.366667	0.14969	0.1350812	0.1350812	0.333333343	0.333333343	None
  6.433334	0.157840759	0.0567205027	0.0567205027	0.333333343	0.333333343	None
  6.466667	0.158187419	-0.00271283323	-0.00271283323	0.333333343	0.333333343	None
  6.50000048	0.1576599	-0.1124582	-0.1124582	0.333333343	0.333333343	None
  6.566667	0.143707022	-0.106380977	-0.106380977	0.333333343	0.333333343	None
  6.60000038	0.143598154	0.07403262	0.07403262	0.333333343	0.333333343	None
  6.63333368	0.148642525	0.0447609723	0.0447609723	0.333333343	0.333333343	None
  6.70000029	0.142967165	-0.115458705	-0.115458705	0.333333343	0.333333343	None
  6.8	0.1341898	-0.04945439	-0.04945439	0.333333343	0.333333343	None
  6.866667	0.1290551	-0.1235358	-0.1235358	0.333333343	0.333333343	None
  7.033334	0.111952119	-0.0375053622	-0.0375053622	0.333333343	0.333333343	None
  7.066667	0.111590758	0.0600268878	0.0600268878	0.333333343	0.333333343	None
  7.10000038	0.115953907	0.118524805	0.118524805	0.333333343	0.333333343	None
  7.13333368	0.119492404	-0.122189373	-0.122189373	0.333333343	0.333333343	None
  7.166667	0.107807957	-0.646953344	-0.646953344	0.333333343	0.333333343	None
  7.20000029	0.07636222	-0.8026209	-0.8026209	0.333333343	0.333333343	None
  7.23333359	0.0542999469	-0.465811968	-0.465811968	0.333333343	0.333333343	None
  7.266667	0.04530812	0.0147706717	0.0147706717	0.333333343	0.333333343	None
  7.3	0.0552846566	0.410867542	0.410867542	0.333333343	0.333333343	None
  7.33333349	0.07269926	0.261226058	0.261226058	0.333333343	0.333333343	None
  7.36666727	0.07269971	1.34108659E-05	1.34108659E-05	0.333333343	0.333333343	None
FLOAT UnityEngine.Animator||Left Hand Down-Up discrete=False keys=156 pre=ClampForever post=ClampForever
  0	-0.0220420659	0.009233112	0.009233112	0.333333343	0.333333343	None
  0.06666667	-0.0213576686	0.001740139	0.001740139	0.333333343	0.333333343	None
  0.13333334	-0.0218609944	0.000465195859	0.000465195859	0.333333343	0.333333343	None
  0.200000018	-0.0217419453	-0.0144088548	-0.0144088548	0.333333343	0.333333343	None
  0.233333349	-0.0225478634	-0.032673277	-0.032673277	0.333333343	0.333333343	None
  0.266666681	-0.0239201635	-0.0299769565	-0.0299769565	0.333333343	0.333333343	None
  0.3	-0.0245463271	-0.00618808065	-0.00618808065	0.333333343	0.333333343	None
  0.366666675	-0.024353	-0.0225042179	-0.0225042179	0.333333343	0.333333343	None
  0.433333367	-0.028207805	-0.06546865	-0.06546865	0.333333343	0.333333343	None
  0.6	-0.03866026	-0.086588636	-0.086588636	0.333333343	0.333333343	None
  0.6333334	-0.04177796	-0.1055963	-0.1055963	0.333333343	0.333333343	None
  0.6666667	-0.0457000136	-0.1044468	-0.1044468	0.333333343	0.333333343	None
  0.700000048	-0.04874108	-0.09403406	-0.09403406	0.333333343	0.333333343	None
  0.8000001	-0.05385399	0.06297284	0.06297284	0.333333343	0.333333343	None
  0.8333334	-0.0500424057	0.201272786	0.201272786	0.333333343	0.333333343	None
  0.866666734	-0.0404358	0.219826639	0.219826639	0.333333343	0.333333343	None
  0.900000036	-0.0353872925	0.164106131	0.164106131	0.333333343	0.333333343	None
  0.9333334	-0.02949539	-0.5717411	-0.5717411	0.333333343	0.333333343	None
  0.9666667	-0.0735033154	-3.282851	-3.282851	0.333333343	0.333333343	None
  1	-0.248351917	-6.48765135	-6.48765135	0.333333343	0.333333343	None
  1.03333342	-0.50601393	-7.322422	-7.322422	0.333333343	0.333333343	None
  1.06666672	-0.736513853	-5.09575	-5.09575	0.333333343	0.333333343	None
  1.1	-0.845730245	-1.71474743	-1.71474743	0.333333343	0.333333343	None
  1.13333344	-0.850830257	2.19874144	2.19874144	0.333333343	0.333333343	None
  1.16666675	-0.699147642	4.094305	4.094305	0.333333343	0.333333343	None
  1.23333335	-0.497387677	1.88984489	1.88984489	0.333333343	0.333333343	None
  1.26666677	-0.451887161	1.36208534	1.36208534	0.333333343	0.333333343	None
  1.30000007	-0.4065819	2.47016215	2.47016215	0.333333343	0.333333343	None
  1.33333337	-0.287209839	4.02988958	4.02988958	0.333333343	0.333333343	None
  1.36666679	-0.137922332	3.51875734	3.51875734	0.333333343	0.333333343	None
  1.4000001	-0.0526257	1.90085459	1.90085459	0.333333343	0.333333343	None
  1.4333334	-0.0111988075	1.49381411	1.49381411	0.333333343	0.333333343	None
  1.4666667	0.04696181	1.9677465	1.9677465	0.333333343	0.333333343	None
  1.50000012	0.119984433	1.84520411	1.84520411	0.333333343	0.333333343	None
  1.53333342	0.169975564	1.10168779	1.10168779	0.333333343	0.333333343	None
  1.56666672	0.193430215	0.5518158	0.5518158	0.333333343	0.333333343	None
  1.60000014	0.2067633	0.235316187	0.235316187	0.333333343	0.333333343	None
  1.63333344	0.209118	-0.30485478	-0.30485478	0.333333343	0.333333343	None
  1.66666675	0.186439663	-2.41344547	-2.41344547	0.333333343	0.333333343	None
  1.7	0.0482217669	-4.07922554	-4.07922554	0.333333343	0.333333343	None
  1.73333347	-0.08550894	-2.70714879	-2.70714879	0.333333343	0.333333343	None
  1.76666677	-0.132255122	0.03382629	0.03382629	0.333333343	0.333333343	None
  1.80000007	-0.08325386	1.53573942	1.53573942	0.333333343	0.333333343	None
  1.83333337	-0.0298725888	1.51693869	1.51693869	0.333333343	0.333333343	None
  1.86666679	0.0178754535	1.84277725	1.84277725	0.333333343	0.333333343	None
  1.9000001	0.0929792747	3.0609045	3.0609045	0.333333343	0.333333343	None
  1.9333334	0.22193557	2.80700684	2.80700684	0.333333343	0.333333343	None
  1.96666682	0.2801131	1.14236021	1.14236021	0.333333343	0.333333343	None
  2	0.298093	0.06711805	0.06711805	0.333333343	0.333333343	None
  2.03333354	0.284587473	-0.565184355	-0.565184355	0.333333343	0.333333343	None
  2.10000014	0.233401835	-0.7073754	-0.7073754	0.333333343	0.333333343	None
  2.2	0.1832729	-0.423262149	-0.423262149	0.333333343	0.333333343	None
  2.266667	0.158362865	-0.207642689	-0.207642689	0.333333343	0.333333343	None
  2.33333349	0.1507202	-0.253861278	-0.253861278	0.333333343	0.333333343	None
  2.36666679	0.138523489	-0.46294713	-0.46294713	0.333333343	0.333333343	None
  2.4333334	0.105553471	-0.2539128	-0.2539128	0.333333343	0.333333343	None
  2.4666667	0.102929577	0.10500598	0.10500598	0.333333343	0.333333343	None
  2.50000024	0.112553932	0.0578313544	0.0578313544	0.333333343	0.333333343	None
  2.53333354	0.106785066	-0.18449983	-0.18449983	0.333333343	0.333333343	None
  2.60000014	0.09006412	-0.427979946	-0.427979946	0.333333343	0.333333343	None
  2.63333344	0.0717219859	-0.611746132	-0.611746132	0.333333343	0.333333343	None
  2.66666675	0.0492810868	-0.442288369	-0.442288369	0.333333343	0.333333343	None
  2.7	0.0422361232	-0.171808928	-0.171808928	0.333333343	0.333333343	None
  2.80000019	0.0294803772	-0.194923878	-0.194923878	0.333333343	0.333333343	None
  2.83333349	0.0215613	-0.2074188	-0.2074188	0.333333343	0.333333343	None
  2.86666679	0.01565247	-0.06894055	-0.06894055	0.333333343	0.333333343	None
  2.9	0.0169652682	0.175182864	0.175182864	0.333333343	0.333333343	None
  2.9333334	0.0273313168	0.2537973	0.2537973	0.333333343	0.333333343	None
  2.966667	0.0338851176	-0.00328890234	-0.00328890234	0.333333343	0.333333343	None
  3.00000024	0.027112104	-0.2259021	-0.2259021	0.333333343	0.333333343	None
  3.03333354	0.0188249927	-0.42733255	-0.42733255	0.333333343	0.333333343	None
  3.06666684	-0.00137670466	-0.418005943	-0.418005943	0.333333343	0.333333343	None
  3.10000014	-0.009042042	-0.07675582	-0.07675582	0.333333343	0.333333343	None
  3.13333344	-0.00649375468	-0.00549327955	-0.00549327955	0.333333343	0.333333343	None
  3.16666675	-0.009408261	-0.239615053	-0.239615053	0.333333343	0.333333343	None
  3.20000029	-0.02246817	-0.355994254	-0.355994254	0.333333343	0.333333343	None
  3.23333359	-0.03314128	-0.0596364066	-0.0596364066	0.333333343	0.333333343	None
  3.266667	-0.0264439266	0.7127138	0.7127138	0.333333343	0.333333343	None
  3.30000019	0.0143729253	1.33951449	1.33951449	0.333333343	0.333333343	None
  3.33333349	0.06285696	1.07488751	1.07488751	0.333333343	0.333333343	None
  3.36666679	0.0860320255	0.447292745	0.447292745	0.333333343	0.333333343	None
  3.4	0.0926764458	0.160028562	0.160028562	0.333333343	0.333333343	None
  3.4333334	0.09670059	0.0469876342	0.0469876342	0.333333343	0.333333343	None
  3.466667	0.0958089456	0.108628325	0.108628325	0.333333343	0.333333343	None
  3.50000024	0.103942461	0.3618394	0.3618394	0.333333343	0.333333343	None
  3.53333354	0.119931549	1.0683248	1.0683248	0.333333343	0.333333343	None
  3.56666684	0.175164044	2.50736451	2.50736451	0.333333343	0.333333343	None
  3.60000014	0.28708902	2.688353	2.688353	0.333333343	0.333333343	None
  3.63333344	0.3543874	2.05378723	2.05378723	0.333333343	0.333333343	None
  3.70000029	0.476023972	1.1142906	1.1142906	0.333333343	0.333333343	None
  3.80000019	0.483022332	-0.3148675	-0.3148675	0.333333343	0.333333343	None
  3.9	0.4590099	-0.399675369	-0.399675369	0.333333343	0.333333343	None
  3.93333364	0.441439152	-0.428236425	-0.428236425	0.333333343	0.333333343	None
  4.033334	0.416956425	-0.03304732	-0.03304732	0.333333343	0.333333343	None
  4.10000038	0.41222924	-0.217559546	-0.217559546	0.333333343	0.333333343	None
  4.20000029	0.390619844	-0.0716973	-0.0716973	0.333333343	0.333333343	None
  4.3	0.389394939	-0.01673119	-0.01673119	0.333333343	0.333333343	None
  4.5	0.400315166	-0.026525341	-0.026525341	0.333333343	0.333333343	None
  4.533334	0.398493528	-0.274093032	-0.274093032	0.333333343	0.333333343	None
  4.63333368	0.332688123	-0.5168836	-0.5168836	0.333333343	0.333333343	None
  4.666667	0.321739674	-0.520331144	-0.520331144	0.333333343	0.333333343	None
  4.73333359	0.283316731	-0.10428483	-0.10428483	0.333333343	0.333333343	None
  4.766667	0.2910471	0.343306541	0.343306541	0.333333343	0.333333343	None
  4.8	0.3062038	0.022485882	0.022485882	0.333333343	0.333333343	None
  4.83333349	0.292546153	-0.8596285	-0.8596285	0.333333343	0.333333343	None
  4.866667	0.2488953	-0.475317419	-0.475317419	0.333333343	0.333333343	None
  4.9	0.260858357	0.6982849	0.6982849	0.333333343	0.333333343	None
  4.9333334	0.2954476	0.8023098	0.8023098	0.333333343	0.333333343	None
  4.9666667	0.314345628	0.590844333	0.590844333	0.333333343	0.333333343	None
  5.033334	0.3544872	0.716028	0.716028	0.333333343	0.333333343	None
  5.066667	0.382572621	0.393899739	0.393899739	0.333333343	0.333333343	None
  5.13333368	0.372361481	-0.0399980322	-0.0399980322	0.333333343	0.333333343	None
  5.166667	0.378080636	0.174760386	0.174760386	0.333333343	0.333333343	None
  5.266667	0.4099032	0.592121	0.592121	0.333333343	0.333333343	None
  5.3	0.432012677	0.306174	0.306174	0.333333343	0.333333343	None
  5.33333349	0.430314779	0.048980765	0.048980765	0.333333343	0.333333343	None
  5.366667	0.435278058	0.3787037	0.3787037	0.333333343	0.333333343	None
  5.4333334	0.475465149	0.5008188	0.5008188	0.333333343	0.333333343	None
  5.60000038	0.4823296	-0.346324921	-0.346324921	0.333333343	0.333333343	None
  5.63333368	0.467896521	-0.391993582	-0.391993582	0.333333343	0.333333343	None
  5.666667	0.456196725	-0.472822964	-0.472822964	0.333333343	0.333333343	None
  5.70000029	0.436375022	-0.395201534	-0.395201534	0.333333343	0.333333343	None
  5.8	0.430029541	-0.254761368	-0.254761368	0.333333343	0.333333343	None
  5.83333349	0.416062	-0.351833284	-0.351833284	0.333333343	0.333333343	None
  5.866667	0.406574	-0.23779504	-0.23779504	0.333333343	0.333333343	None
  5.9	0.400209	-0.4245429	-0.4245429	0.333333343	0.333333343	None
  5.966667	0.350827545	-0.6537345	-0.6537345	0.333333343	0.333333343	None
  6.033334	0.3180177	-0.570391536	-0.570391536	0.333333343	0.333333343	None
  6.066667	0.296662539	-0.7233325	-0.7233325	0.333333343	0.333333343	None
  6.10000038	0.269795567	-0.6866672	-0.6866672	0.333333343	0.333333343	None
  6.166667	0.236642	-0.452319	-0.452319	0.333333343	0.333333343	None
  6.20000029	0.2207302	-0.4188441	-0.4188441	0.333333343	0.333333343	None
  6.3	0.187837675	-0.233839452	-0.233839452	0.333333343	0.333333343	None
  6.433334	0.169092	-0.226750821	-0.226750821	0.333333343	0.333333343	None
  6.466667	0.159693986	-0.474514723	-0.474514723	0.333333343	0.333333343	None
  6.533334	0.109932773	-0.7862812	-0.7862812	0.333333343	0.333333343	None
  6.566667	0.08503901	-0.5189278	-0.5189278	0.333333343	0.333333343	None
  6.63333368	0.0744018257	-0.02416762	-0.02416762	0.333333343	0.333333343	None
  6.70000029	0.07015769	-0.160227165	-0.160227165	0.333333343	0.333333343	None
  6.73333359	0.0630446449	-0.223167211	-0.223167211	0.333333343	0.333333343	None
  6.766667	0.0552798919	-0.15739581	-0.15739581	0.333333343	0.333333343	None
  6.83333349	0.0521521233	-0.0155396722	-0.0155396722	0.333333343	0.333333343	None
  6.90000057	0.050857082	-0.0360911936	-0.0360911936	0.333333343	0.333333343	None
  6.933334	0.0491095372	-0.02835321	-0.02835321	0.333333343	0.333333343	None
  6.966667	0.04896687	-0.006606064	-0.006606064	0.333333343	0.333333343	None
  7.00000048	0.0486691333	0.0180156343	0.0180156343	0.333333343	0.333333343	None
  7.066667	0.0518435538	0.0321064629	0.0321064629	0.333333343	0.333333343	None
  7.10000038	0.05230834	-0.07626198	-0.07626198	0.333333343	0.333333343	None
  7.13333368	0.0467594266	-0.377365172	-0.377365172	0.333333343	0.333333343	None
  7.166667	0.027150685	-0.8015013	-0.8015013	0.333333343	0.333333343	None
  7.20000029	-0.00667394139	-0.7351965	-0.7351965	0.333333343	0.333333343	None
  7.23333359	-0.021862369	-0.31772086	-0.31772086	0.333333343	0.333333343	None
  7.266667	-0.0278553125	-0.087762855	-0.087762855	0.333333343	0.333333343	None
  7.3	-0.02771322	0.0871992558	0.0871992558	0.333333343	0.333333343	None
  7.33333349	-0.0220420342	0.08506768	0.08506768	0.333333343	0.333333343	None
  7.36666727	-0.0220420472	-3.91150252E-07	-3.91150252E-07	0.333333343	0.333333343	None
FLOAT UnityEngine.Animator||Left Hand In-Out discrete=False keys=173 pre=ClampForever post=ClampForever
  0	0.0291083585	-0.0298909266	-0.0298909266	0.333333343	0.333333343	None
  0.0333333351	0.0281119943	-0.01408805	-0.01408805	0.333333343	0.333333343	None
  0.100000009	0.0282167587	-0.00506370375	-0.00506370375	0.333333343	0.333333343	None
  0.13333334	0.0278315749	-0.0192233659	-0.0192233659	0.333333343	0.333333343	None
  0.166666672	0.0269352011	-0.0100737084	-0.0100737084	0.333333343	0.333333343	None
  0.200000018	0.0271599945	0.0245391112	0.0245391112	0.333333343	0.333333343	None
  0.233333349	0.0285711419	0.034746483	0.034746483	0.333333343	0.333333343	None
  0.266666681	0.0294764265	0.0143692931	0.0143692931	0.333333343	0.333333343	None
  0.3	0.0295290947	0.0148807848	0.0148807848	0.333333343	0.333333343	None
  0.333333343	0.0304684788	0.0388323553	0.0388323553	0.333333343	0.333333343	None
  0.366666675	0.0321179181	0.0312638246	0.0312638246	0.333333343	0.333333343	None
  0.433333367	0.0324434042	0.00532262074	0.00532262074	0.333333343	0.333333343	None
  0.533333361	0.0341333449	0.0257500224	0.0257500224	0.333333343	0.333333343	None
  0.6333334	0.0376359858	0.03318295	0.03318295	0.333333343	0.333333343	None
  0.700000048	0.0403504819	0.0537391827	0.0537391827	0.333333343	0.333333343	None
  0.733333349	0.0422427	0.0514013022	0.0514013022	0.333333343	0.333333343	None
  0.7666667	0.0437772349	-0.00604737	-0.00604737	0.333333343	0.333333343	None
  0.8333334	0.0360446051	-0.235726431	-0.235726431	0.333333343	0.333333343	None
  0.866666734	0.026124442	-0.01610446	-0.01610446	0.333333343	0.333333343	None
  0.900000036	0.0349709578	0.228195667	0.228195667	0.333333343	0.333333343	None
  0.9333334	0.0413374826	0.129632741	0.129632741	0.333333343	0.333333343	None
  0.9666667	0.0436131433	-0.446249634	-0.446249634	0.333333343	0.333333343	None
  1	0.0115875341	1.25829422	1.25829422	0.333333343	0.333333343	None
  1.03333342	0.127499759	6.16499472	6.16499472	0.333333343	0.333333343	None
  1.06666672	0.4225872	7.515715	7.515715	0.333333343	0.333333343	None
  1.1	0.628546953	3.36258173	3.36258173	0.333333343	0.333333343	None
  1.13333344	0.646759152	-2.377265	-2.377265	0.333333343	0.333333343	None
  1.16666675	0.470062822	-5.1840024	-5.1840024	0.333333343	0.333333343	None
  1.2	0.301159322	-2.512083	-2.512083	0.333333343	0.333333343	None
  1.23333335	0.3025908	0.4078888	0.4078888	0.333333343	0.333333343	None
  1.26666677	0.328351974	0.622055769	0.622055769	0.333333343	0.333333343	None
  1.30000007	0.344061226	0.572000861	0.572000861	0.333333343	0.333333343	None
  1.33333337	0.366485327	-0.895107269	-0.895107269	0.333333343	0.333333343	None
  1.36666679	0.284387171	-2.51999855	-2.51999855	0.333333343	0.333333343	None
  1.4000001	0.1984853	-1.13539982	-1.13539982	0.333333343	0.333333343	None
  1.4333334	0.208693922	-0.0547092855	-0.0547092855	0.333333343	0.333333343	None
  1.4666667	0.194838017	-1.73410976	-1.73410976	0.333333343	0.333333343	None
  1.50000012	0.0930863544	-2.50099087	-2.50099087	0.333333343	0.333333343	None
  1.53333342	0.028105095	-0.958859	-0.958859	0.333333343	0.333333343	None
  1.56666672	0.0291624814	0.116539277	0.116539277	0.333333343	0.333333343	None
  1.60000014	0.0358743966	0.454841	0.454841	0.333333343	0.333333343	None
  1.63333344	0.05948521	1.147085	1.147085	0.333333343	0.333333343	None
  1.66666675	0.112346649	2.492361	2.492361	0.333333343	0.333333343	None
  1.7	0.225642458	1.62158692	1.62158692	0.333333343	0.333333343	None
  1.73333347	0.220452324	-0.3679902	-0.3679902	0.333333343	0.333333343	None
  1.80000007	0.176346183	-0.7320819	-0.7320819	0.333333343	0.333333343	None
  1.83333337	0.152304366	-0.5282625	-0.5282625	0.333333343	0.333333343	None
  1.86666679	0.141128674	-0.603752732	-0.603752732	0.333333343	0.333333343	None
  1.9000001	0.112054184	-1.57818711	-1.57818711	0.333333343	0.333333343	None
  1.9333334	0.0359163024	-1.73157334	-1.73157334	0.333333343	0.333333343	None
  1.96666682	-0.00338406442	-0.9875277	-0.9875277	0.333333343	0.333333343	None
  2	-0.0299188625	-0.593648136	-0.593648136	0.333333343	0.333333343	None
  2.03333354	-0.04296057	-0.220986083	-0.220986083	0.333333343	0.333333343	None
  2.06666684	-0.04465135	0.301575571	0.301575571	0.333333343	0.333333343	None
  2.10000014	-0.02285555	0.627743244	0.627743244	0.333333343	0.333333343	None
  2.13333344	-0.00280183717	0.523804843	0.523804843	0.333333343	0.333333343	None
  2.16666675	0.01206474	0.45364365	0.45364365	0.333333343	0.333333343	None
  2.2	0.0274410434	0.571429253	0.571429253	0.333333343	0.333333343	None
  2.23333335	0.0501599871	0.550455868	0.550455868	0.333333343	0.333333343	None
  2.266667	0.06413817	0.290447772	0.290447772	0.333333343	0.333333343	None
  2.36666679	0.06967025	0.06264149	0.06264149	0.333333343	0.333333343	None
  2.4	0.0737313256	0.146905392	0.146905392	0.333333343	0.333333343	None
  2.4333334	0.07946394	0.0813267753	0.0813267753	0.333333343	0.333333343	None
  2.4666667	0.0791531056	-0.124324679	-0.124324679	0.333333343	0.333333343	None
  2.50000024	0.0711755753	-0.2275164	-0.2275164	0.333333343	0.333333343	None
  2.53333354	0.0639853	-0.225153565	-0.225153565	0.333333343	0.333333343	None
  2.56666684	0.0561653525	-0.09458746	-0.09458746	0.333333343	0.333333343	None
  2.60000014	0.0576794781	0.17842865	0.17842865	0.333333343	0.333333343	None
  2.63333344	0.0680605844	0.315420657	0.315420657	0.333333343	0.333333343	None
  2.73333359	0.09974065	0.3358372	0.3358372	0.333333343	0.333333343	None
  2.80000019	0.118995205	0.106209874	0.106209874	0.333333343	0.333333343	None
  2.86666679	0.110559985	-0.23407504	-0.23407504	0.333333343	0.333333343	None
  2.9	0.102540351	-0.08067332	-0.08067332	0.333333343	0.333333343	None
  2.9333334	0.105181769	0.21754843	0.21754843	0.333333343	0.333333343	None
  2.966667	0.117043652	0.238448784	0.238448784	0.333333343	0.333333343	None
  3.10000014	0.12110503	0.0751130953	0.0751130953	0.333333343	0.333333343	None
  3.13333344	0.125528991	0.0609246455	0.0609246455	0.333333343	0.333333343	None
  3.16666675	0.125166669	-0.02424974	-0.02424974	0.333333343	0.333333343	None
  3.20000029	0.123912334	-0.119346544	-0.119346544	0.333333343	0.333333343	None
  3.23333359	0.117210232	-0.178908437	-0.178908437	0.333333343	0.333333343	None
  3.266667	0.111985117	-0.174575761	-0.174575761	0.333333343	0.333333343	None
  3.30000019	0.105571859	-0.441861719	-0.441861719	0.333333343	0.333333343	None
  3.33333349	0.0825277	-0.8195385	-0.8195385	0.333333343	0.333333343	None
  3.36666679	0.0509360135	-0.9063167	-0.9063167	0.333333343	0.333333343	None
  3.4	0.0221066419	-0.7805738	-0.7805738	0.333333343	0.333333343	None
  3.4333334	-0.00110218767	-0.7502376	-0.7502376	0.333333343	0.333333343	None
  3.466667	-0.0279093441	-1.3800832	-1.3800832	0.333333343	0.333333343	None
  3.50000024	-0.09310784	-2.40374875	-2.40374875	0.333333343	0.333333343	None
  3.53333354	-0.188159108	-3.31001067	-3.31001067	0.333333343	0.333333343	None
  3.56666684	-0.313775	-2.94929314	-2.94929314	0.333333343	0.333333343	None
  3.60000014	-0.38477847	-2.85953	-2.85953	0.333333343	0.333333343	None
  3.63333344	-0.504410148	-3.31349468	-3.31349468	0.333333343	0.333333343	None
  3.766667	-0.7556948	-0.1985239	-0.1985239	0.333333343	0.333333343	None
  3.80000019	-0.7481877	0.213985056	0.213985056	0.333333343	0.333333343	None
  3.83333349	-0.74142915	0.373828769	0.373828769	0.333333343	0.333333343	None
  3.9	-0.713028967	0.176993608	0.176993608	0.333333343	0.333333343	None
  4.033334	-0.709376	0.19324778	0.19324778	0.333333343	0.333333343	None
  4.266667	-0.645246744	0.2416941	0.2416941	0.333333343	0.333333343	None
  4.4333334	-0.586866	0.3304404	0.3304404	0.333333343	0.333333343	None
  4.566667	-0.5296124	0.648526549	0.648526549	0.333333343	0.333333343	None
  4.63333368	-0.462993264	1.254317	1.254317	0.333333343	0.333333343	None
  4.666667	-0.420163482	1.54193544	1.54193544	0.333333343	0.333333343	None
  4.73333359	-0.309826583	1.09978235	1.09978235	0.333333343	0.333333343	None
  4.766667	-0.2868789	0.676187336	0.676187336	0.333333343	0.333333343	None
  4.8	-0.264747471	1.26402617	1.26402617	0.333333343	0.333333343	None
  4.83333349	-0.202610582	2.68259621	2.68259621	0.333333343	0.333333343	None
  4.866667	-0.0859079	2.13090253	2.13090253	0.333333343	0.333333343	None
  4.9	-0.0605505556	-0.1437811	-0.1437811	0.333333343	0.333333343	None
  4.9333334	-0.0954932943	-0.722659	-0.722659	0.333333343	0.333333343	None
  4.9666667	-0.108727776	-0.440876782	-0.440876782	0.333333343	0.333333343	None
  5.033334	-0.148621708	-0.882279634	-0.882279634	0.333333343	0.333333343	None
  5.066667	-0.18370387	-0.2534569	-0.2534569	0.333333343	0.333333343	None
  5.10000038	-0.16551882	0.8250731	0.8250731	0.333333343	0.333333343	None
  5.13333368	-0.128699049	0.8028408	0.8028408	0.333333343	0.333333343	None
  5.166667	-0.111996152	0.452729285	0.452729285	0.333333343	0.333333343	None
  5.23333359	-0.09080414	0.102908522	0.102908522	0.333333343	0.333333343	None
  5.266667	-0.0916565657	-0.118956424	-0.118956424	0.333333343	0.333333343	None
  5.3	-0.09873456	0.316128671	0.316128671	0.333333343	0.333333343	None
  5.33333349	-0.07058134	0.845527768	0.845527768	0.333333343	0.333333343	None
  5.366667	-0.04236609	0.412613273	0.412613273	0.333333343	0.333333343	None
  5.4	-0.0430738144	-0.11385826	-0.11385826	0.333333343	0.333333343	None
  5.4333334	-0.0499566346	-0.04484842	-0.04484842	0.333333343	0.333333343	None
  5.466667	-0.04606365	0.3110523	0.3110523	0.333333343	0.333333343	None
  5.50000048	-0.02921978	0.5023748	0.5023748	0.333333343	0.333333343	None
  5.533334	-0.0125720277	0.5023017	0.5023017	0.333333343	0.333333343	None
  5.566667	0.004266971	0.4878399	0.4878399	0.333333343	0.333333343	None
  5.60000038	0.0199506022	0.27830556	0.27830556	0.333333343	0.333333343	None
  5.63333368	0.0228206571	0.128424257	0.128424257	0.333333343	0.333333343	None
  5.666667	0.0285122115	0.07796437	0.07796437	0.333333343	0.333333343	None
  5.70000029	0.0280182771	-0.186659425	-0.186659425	0.333333343	0.333333343	None
  5.73333359	0.0160682611	-0.2980346	-0.2980346	0.333333343	0.333333343	None
  5.766667	0.008149322	-0.0735997856	-0.0735997856	0.333333343	0.333333343	None
  5.8	0.0111616133	0.140891239	0.140891239	0.333333343	0.333333343	None
  5.83333349	0.0175420623	0.1498526	0.1498526	0.333333343	0.333333343	None
  5.866667	0.0211517774	-0.01735282	-0.01735282	0.333333343	0.333333343	None
  5.9	0.0163852088	0.1581136	0.1581136	0.333333343	0.333333343	None
  5.933334	0.0316928923	0.547100842	0.547100842	0.333333343	0.333333343	None
  5.966667	0.05285878	0.158103421	0.158103421	0.333333343	0.333333343	None
  6.00000048	0.04223311	-0.3655135	-0.3655135	0.333333343	0.333333343	None
  6.033334	0.0284912363	-0.0856615156	-0.0856615156	0.333333343	0.333333343	None
  6.066667	0.0365223475	0.0290356651	0.0290356651	0.333333343	0.333333343	None
  6.10000038	0.0304269455	-0.4522106	-0.4522106	0.333333343	0.333333343	None
  6.13333368	0.00637500128	-0.460712284	-0.460712284	0.333333343	0.333333343	None
  6.166667	-0.000287178933	0.0185171589	0.0185171589	0.333333343	0.333333343	None
  6.20000029	0.007609477	0.273985326	0.273985326	0.333333343	0.333333343	None
  6.23333359	0.0179784913	0.2820134	0.2820134	0.333333343	0.333333343	None
  6.266667	0.0264103524	0.2630089	0.2630089	0.333333343	0.333333343	None
  6.33333349	0.0429867767	0.186159909	0.186159909	0.333333343	0.333333343	None
  6.366667	0.04792305	0.05664392	0.05664392	0.333333343	0.333333343	None
  6.40000057	0.0467630178	0.01152169	0.01152169	0.333333343	0.333333343	None
  6.433334	0.0486911461	0.08174521	0.08174521	0.333333343	0.333333343	None
  6.466667	0.0522126928	0.286482871	0.286482871	0.333333343	0.333333343	None
  6.50000048	0.06778999	0.595338464	0.595338464	0.333333343	0.333333343	None
  6.566667	0.113654971	0.42568174	0.42568174	0.333333343	0.333333343	None
  6.60000038	0.120280638	-0.1006453	-0.1006453	0.333333343	0.333333343	None
  6.63333368	0.106945291	-0.4557957	-0.4557957	0.333333343	0.333333343	None
  6.666667	0.08989429	-0.397790849	-0.397790849	0.333333343	0.333333343	None
  6.73333359	0.07788951	0.0602432564	0.0602432564	0.333333343	0.333333343	None
  6.766667	0.08444214	0.155324087	0.155324087	0.333333343	0.333333343	None
  6.8	0.08824444	0.0501484163	0.0501484163	0.333333343	0.333333343	None
  6.90000057	0.0816652849	-0.109885737	-0.109885737	0.333333343	0.333333343	None
  6.966667	0.07396472	-0.128444523	-0.128444523	0.333333343	0.333333343	None
  7.033334	0.0613399073	-0.367253155	-0.367253155	0.333333343	0.333333343	None
  7.066667	0.04495096	-0.9234336	-0.9234336	0.333333343	0.333333343	None
  7.10000038	-0.00022227256	-1.17431927	-1.17431927	0.333333343	0.333333343	None
  7.13333368	-0.0333369151	-0.641678154	-0.641678154	0.333333343	0.333333343	None
  7.166667	-0.0430007763	0.2531278	0.2531278	0.333333343	0.333333343	None
  7.20000029	-0.0164617449	0.78160584	0.78160584	0.333333343	0.333333343	None
  7.23333359	0.009106226	0.7022077	0.7022077	0.333333343	0.333333343	None
  7.266667	0.030352056	0.398878753	0.398878753	0.333333343	0.333333343	None
  7.3	0.03569812	-0.0186610669	-0.0186610669	0.333333343	0.333333343	None
  7.33333349	0.029107986	-0.09884782	-0.09884782	0.333333343	0.333333343	None
  7.36666727	0.029108271	8.549427E-06	8.549427E-06	0.333333343	0.333333343	None
FLOAT UnityEngine.Animator||Left Lower Leg Stretch discrete=False keys=51 pre=ClampForever post=ClampForever
  0	0.910052836	-0.001115799	-0.001115799	0.333333343	0.333333343	None
  0.733333349	0.8614899	-0.179117024	-0.179117024	0.333333343	0.333333343	None
  0.866666734	0.8595883	0.5425485	0.5425485	0.333333343	0.333333343	None
  0.9666667	0.897531867	-0.533883452	-0.533883452	0.333333343	0.333333343	None
  1.03333342	0.8205434	-1.123534	-1.123534	0.333333343	0.333333343	None
  1.1	0.7603367	-1.48393166	-1.48393166	0.333333343	0.333333343	None
  1.13333344	0.6922008	-2.56604481	-2.56604481	0.333333343	0.333333343	None
  1.16666675	0.589266956	-2.938003	-2.938003	0.333333343	0.333333343	None
  1.23333335	0.422961771	-1.94436741	-1.94436741	0.333333343	0.333333343	None
  1.26666677	0.36670953	-1.096571	-1.096571	0.333333343	0.333333343	None
  1.36666679	0.4156017	1.87655616	1.87655616	0.333333343	0.333333343	None
  1.4666667	0.6556264	1.63426518	1.63426518	0.333333343	0.333333343	None
  1.53333342	0.6843	-0.369051754	-0.369051754	0.333333343	0.333333343	None
  1.60000014	0.647658765	-0.149043292	-0.149043292	0.333333343	0.333333343	None
  1.66666675	0.684503853	1.04703975	1.04703975	0.333333343	0.333333343	None
  1.7	0.7251648	0.787851632	0.787851632	0.333333343	0.333333343	None
  1.9000001	0.663327157	-0.34179154	-0.34179154	0.333333343	0.333333343	None
  2	0.674189746	0.450381845	0.450381845	0.333333343	0.333333343	None
  2.06666684	0.6872206	-0.4675658	-0.4675658	0.333333343	0.333333343	None
  2.16666675	0.5762158	-1.19379878	-1.19379878	0.333333343	0.333333343	None
  2.266667	0.494323552	-0.262925476	-0.262925476	0.333333343	0.333333343	None
  2.30000019	0.49443233	0.468477756	0.468477756	0.333333343	0.333333343	None
  2.33333349	0.5255554	1.26964009	1.26964009	0.333333343	0.333333343	None
  2.36666679	0.5790749	1.345012	1.345012	0.333333343	0.333333343	None
  2.4666667	0.6347215	-0.1718764	-0.1718764	0.333333343	0.333333343	None
  2.53333354	0.61360997	-0.00213415176	-0.00213415176	0.333333343	0.333333343	None
  2.60000014	0.647728443	0.934612155	0.934612155	0.333333343	0.333333343	None
  2.66666675	0.7139128	0.5978006	0.5978006	0.333333343	0.333333343	None
  2.766667	0.731430054	0.136956409	0.136956409	0.333333343	0.333333343	None
  2.9333334	0.73694	-0.0911725	-0.0911725	0.333333343	0.333333343	None
  3.16666675	0.761825264	0.186113551	0.186113551	0.333333343	0.333333343	None
  3.466667	0.740977347	-0.2991693	-0.2991693	0.333333343	0.333333343	None
  3.53333354	0.712979436	-0.6900928	-0.6900928	0.333333343	0.333333343	None
  3.60000014	0.6616076	-0.4268874	-0.4268874	0.333333343	0.333333343	None
  3.766667	0.7087605	0.308632255	0.308632255	0.333333343	0.333333343	None
  4.033334	0.692775667	-0.176508814	-0.176508814	0.333333343	0.333333343	None
  4.266667	0.6893474	0.07663615	0.07663615	0.333333343	0.333333343	None
  4.4	0.7061968	-0.000304878049	-0.000304878049	0.333333343	0.333333343	None
  4.566667	0.7109911	0.135851324	0.135851324	0.333333343	0.333333343	None
  4.866667	0.69943	-0.287415981	-0.287415981	0.333333343	0.333333343	None
  5.00000048	0.6348083	-0.5491541	-0.5491541	0.333333343	0.333333343	None
  5.033334	0.6195021	-0.136758819	-0.136758819	0.333333343	0.333333343	None
  5.13333368	0.6506921	0.267948449	0.267948449	0.333333343	0.333333343	None
  5.4333334	0.68251586	-0.00774357934	-0.00774357934	0.333333343	0.333333343	None
  5.70000029	0.693891764	0.0391951576	0.0391951576	0.333333343	0.333333343	None
  6.10000038	0.719288	0.0447339267	0.0447339267	0.333333343	0.333333343	None
  6.40000057	0.7551933	0.0884982049	0.0884982049	0.333333343	0.333333343	None
  6.73333359	0.8059976	0.1546894	0.1546894	0.333333343	0.333333343	None
  7.10000038	0.885269463	0.101573564	0.101573564	0.333333343	0.333333343	None
  7.23333359	0.894616246	0.240060627	0.240060627	0.333333343	0.333333343	None
  7.36666727	0.9100561	0	0	0.333333343	0.333333343	None
FLOAT UnityEngine.Animator||Left Lower Leg Twist In-Out discrete=False keys=99 pre=ClampForever post=ClampForever
  0	0.16554606	0.0388397239	0.0388397239	0.333333343	0.333333343	None
  0.233333349	0.1737871	0.0242818166	0.0242818166	0.333333343	0.333333343	None
  0.400000036	0.1761312	0.016257979	0.016257979	0.333333343	0.333333343	None
  0.700000048	0.171156988	-0.01564868	-0.01564868	0.333333343	0.333333343	None
  0.7666667	0.1724354	0.193207622	0.193207622	0.333333343	0.333333343	None
  0.8000001	0.183481738	0.415034622	0.415034622	0.333333343	0.333333343	None
  0.8333334	0.200104371	0.978073	0.978073	0.333333343	0.333333343	None
  0.866666734	0.248686627	1.76826525	1.76826525	0.333333343	0.333333343	None
  0.900000036	0.3179887	1.80271411	1.80271411	0.333333343	0.333333343	None
  0.9333334	0.368867546	0.7626484	0.7626484	0.333333343	0.333333343	None
  0.9666667	0.368831962	-0.160039961	-0.160039961	0.333333343	0.333333343	None
  1.03333342	0.3463225	-0.264585227	-0.264585227	0.333333343	0.333333343	None
  1.1	0.335071266	-0.228784531	-0.228784531	0.333333343	0.333333343	None
  1.16666675	0.3230878	0.117596656	0.117596656	0.333333343	0.333333343	None
  1.23333335	0.344065964	0.114395157	0.114395157	0.333333343	0.333333343	None
  1.30000007	0.337980628	-0.04929905	-0.04929905	0.333333343	0.333333343	None
  1.33333337	0.337486356	-0.02909387	-0.02909387	0.333333343	0.333333343	None
  1.36666679	0.336041033	-0.7300662	-0.7300662	0.333333343	0.333333343	None
  1.4000001	0.28881532	-1.15436971	-1.15436971	0.333333343	0.333333343	None
  1.4333334	0.259083122	-0.5177424	-0.5177424	0.333333343	0.333333343	None
  1.4666667	0.2542992	-0.146808118	-0.146808118	0.333333343	0.333333343	None
  1.50000012	0.2492959	-0.312699318	-0.312699318	0.333333343	0.333333343	None
  1.53333342	0.233452573	0.314243674	0.314243674	0.333333343	0.333333343	None
  1.56666672	0.270245463	1.00603318	1.00603318	0.333333343	0.333333343	None
  1.63333344	0.319876581	0.472678542	0.472678542	0.333333343	0.333333343	None
  1.66666675	0.332033366	0.44613	0.44613	0.333333343	0.333333343	None
  1.7	0.349618554	0.344626337	0.344626337	0.333333343	0.333333343	None
  1.76666677	0.35346204	-0.1965538	-0.1965538	0.333333343	0.333333343	None
  1.86666679	0.3169322	-0.329432547	-0.329432547	0.333333343	0.333333343	None
  1.96666682	0.282602251	-0.8341789	-0.8341789	0.333333343	0.333333343	None
  2	0.244667843	-1.41996312	-1.41996312	0.333333343	0.333333343	None
  2.03333354	0.187937856	-1.43915331	-1.43915331	0.333333343	0.333333343	None
  2.06666684	0.148723975	-0.397091836	-0.397091836	0.333333343	0.333333343	None
  2.10000014	0.1614651	0.8877219	0.8877219	0.333333343	0.333333343	None
  2.13333344	0.207905382	1.33707547	1.33707547	0.333333343	0.333333343	None
  2.2	0.2773478	0.385154843	0.385154843	0.333333343	0.333333343	None
  2.30000019	0.246941969	-0.178788856	-0.178788856	0.333333343	0.333333343	None
  2.33333349	0.248378709	0.1399321	0.1399321	0.333333343	0.333333343	None
  2.36666679	0.256270766	-0.0929522738	-0.0929522738	0.333333343	0.333333343	None
  2.4	0.2421819	-0.821671844	-0.821671844	0.333333343	0.333333343	None
  2.4333334	0.2014927	-1.46596766	-1.46596766	0.333333343	0.333333343	None
  2.4666667	0.144450814	-1.2671814	-1.2671814	0.333333343	0.333333343	None
  2.50000024	0.117013827	0.347428679	0.347428679	0.333333343	0.333333343	None
  2.53333354	0.167612508	2.0723145	2.0723145	0.333333343	0.333333343	None
  2.56666684	0.255168	2.3732605	2.3732605	0.333333343	0.333333343	None
  2.60000014	0.3258297	1.181989	1.181989	0.333333343	0.333333343	None
  2.63333344	0.333967179	0.32675463	0.32675463	0.333333343	0.333333343	None
  2.66666675	0.347613335	0.248985678	0.248985678	0.333333343	0.333333343	None
  2.766667	0.345566839	-0.0193356164	-0.0193356164	0.333333343	0.333333343	None
  2.86666679	0.358992279	0.209546447	0.209546447	0.333333343	0.333333343	None
  3.06666684	0.357777029	-0.0968112946	-0.0968112946	0.333333343	0.333333343	None
  3.20000029	0.3698206	0.281151235	0.281151235	0.333333343	0.333333343	None
  3.23333359	0.3805679	0.196471542	0.196471542	0.333333343	0.333333343	None
  3.36666679	0.381403565	-0.0187540241	-0.0187540241	0.333333343	0.333333343	None
  3.4333334	0.3776122	-0.183616966	-0.183616966	0.333333343	0.333333343	None
  3.50000024	0.361248076	-0.273789	-0.273789	0.333333343	0.333333343	None
  3.53333354	0.350180626	-0.484769046	-0.484769046	0.333333343	0.333333343	None
  3.60000014	0.3119039	-0.344333827	-0.344333827	0.333333343	0.333333343	None
  3.66666675	0.3105822	0.393621176	0.393621176	0.333333343	0.333333343	None
  3.73333359	0.354795158	0.562474966	0.562474966	0.333333343	0.333333343	None
  3.766667	0.369714439	0.203999177	0.203999177	0.333333343	0.333333343	None
  3.80000019	0.3683951	0.0562151335	0.0562151335	0.333333343	0.333333343	None
  3.86666679	0.372348219	-0.109786943	-0.109786943	0.333333343	0.333333343	None
  4.066667	0.315240353	-0.220614582	-0.220614582	0.333333343	0.333333343	None
  4.166667	0.2914957	-0.2950902	-0.2950902	0.333333343	0.333333343	None
  4.266667	0.270582616	-0.0604409575	-0.0604409575	0.333333343	0.333333343	None
  4.4	0.263476729	-0.0466959625	-0.0466959625	0.333333343	0.333333343	None
  4.4666667	0.2541725	-0.236172974	-0.236172974	0.333333343	0.333333343	None
  4.566667	0.2336782	-0.136502892	-0.136502892	0.333333343	0.333333343	None
  4.666667	0.214516163	-0.25830546	-0.25830546	0.333333343	0.333333343	None
  4.73333359	0.198456421	-0.188402116	-0.188402116	0.333333343	0.333333343	None
  4.8	0.184859782	-0.342796922	-0.342796922	0.333333343	0.333333343	None
  4.83333349	0.169865668	-0.451574683	-0.451574683	0.333333343	0.333333343	None
  4.866667	0.154754832	-0.5089315	-0.5089315	0.333333343	0.333333343	None
  4.9333334	0.124717489	-0.08039505	-0.08039505	0.333333343	0.333333343	None
  4.9666667	0.130577266	0.474983066	0.474983066	0.333333343	0.333333343	None
  5.00000048	0.156383365	0.6705467	0.6705467	0.333333343	0.333333343	None
  5.033334	0.1752807	0.2888617	0.2888617	0.333333343	0.333333343	None
  5.066667	0.175640792	0.0502827466	0.0502827466	0.333333343	0.333333343	None
  5.13333368	0.180713743	0.007357307	0.007357307	0.333333343	0.333333343	None
  5.3	0.171055809	0.0345430858	0.0345430858	0.333333343	0.333333343	None
  5.4	0.176080227	-0.007864467	-0.007864467	0.333333343	0.333333343	None
  5.533334	0.170374885	-0.0441579223	-0.0441579223	0.333333343	0.333333343	None
  5.70000029	0.1600492	-0.0301111788	-0.0301111788	0.333333343	0.333333343	None
  5.866667	0.158619627	-0.03978256	-0.03978256	0.333333343	0.333333343	None
  6.033334	0.15265961	0.0176865049	0.0176865049	0.333333343	0.333333343	None
  6.13333368	0.151931852	-0.0128862374	-0.0128862374	0.333333343	0.333333343	None
  6.23333359	0.15662986	0.0692077652	0.0692077652	0.333333343	0.333333343	None
  6.266667	0.1586172	0.102703221	0.102703221	0.333333343	0.333333343	None
  6.33333349	0.165526614	0.027126994	0.027126994	0.333333343	0.333333343	None
  6.433334	0.160936177	-0.0153268278	-0.0153268278	0.333333343	0.333333343	None
  6.533334	0.161451623	-0.05397638	-0.05397638	0.333333343	0.333333343	None
  6.63333368	0.155494511	-0.04377995	-0.04377995	0.333333343	0.333333343	None
  6.866667	0.146784857	0.0240006577	0.0240006577	0.333333343	0.333333343	None
  7.066667	0.1506956	0.0121155493	0.0121155493	0.333333343	0.333333343	None
  7.166667	0.147711039	-0.0280279927	-0.0280279927	0.333333343	0.333333343	None
  7.23333359	0.151217654	0.135662913	0.135662913	0.333333343	0.333333343	None
  7.33333349	0.1655479	0.04739937	0.04739937	0.333333343	0.333333343	None
  7.36666727	0.1655479	0	0	0.333333343	0.333333343	None
FLOAT UnityEngine.Animator||Left Shoulder Down-Up discrete=False keys=125 pre=ClampForever post=ClampForever
  0	0.04222663	-0.001153238	-0.001153238	0.333333343	0.333333343	None
  0.13333334	0.0380533375	-0.08018442	-0.08018442	0.333333343	0.333333343	None
  0.200000018	0.03137292	-0.09760302	-0.09760302	0.333333343	0.333333343	None
  0.266666681	0.0242489837	-0.14146769	-0.14146769	0.333333343	0.333333343	None
  0.3	0.018819781	-0.163981	-0.163981	0.333333343	0.333333343	None
  0.366666675	0.00742321229	-0.181126028	-0.181126028	0.333333343	0.333333343	None
  0.400000036	0.00124184391	-0.2593652	-0.2593652	0.333333343	0.333333343	None
  0.433333367	-0.009867805	-0.352195	-0.352195	0.333333343	0.333333343	None
  0.4666667	-0.02223782	-0.374195457	-0.374195457	0.333333343	0.333333343	None
  0.533333361	-0.0482955165	-0.412155658	-0.412155658	0.333333343	0.333333343	None
  0.6	-0.07538366	-0.380472541	-0.380472541	0.333333343	0.333333343	None
  0.6333334	-0.08765606	-0.3714435	-0.3714435	0.333333343	0.333333343	None
  0.6666667	-0.100146562	-0.338779271	-0.338779271	0.333333343	0.333333343	None
  0.7666667	-0.132838473	-0.487008065	-0.487008065	0.333333343	0.333333343	None
  0.8000001	-0.152279392	-0.4702781	-0.4702781	0.333333343	0.333333343	None
  0.8333334	-0.164190352	0.21665135	0.21665135	0.333333343	0.333333343	None
  0.866666734	-0.137835935	1.17296	1.17296	0.333333343	0.333333343	None
  0.900000036	-0.0859930441	0.9826768	0.9826768	0.333333343	0.333333343	None
  0.9333334	-0.07232419	-0.06947489	-0.06947489	0.333333343	0.333333343	None
  0.9666667	-0.0906246752	-1.01016021	-1.01016021	0.333333343	0.333333343	None
  1	-0.139668137	-2.104755	-2.104755	0.333333343	0.333333343	None
  1.03333342	-0.230941862	-2.56351566	-2.56351566	0.333333343	0.333333343	None
  1.06666672	-0.310569346	-2.65614581	-2.65614581	0.333333343	0.333333343	None
  1.1	-0.408018082	-3.19004822	-3.19004822	0.333333343	0.333333343	None
  1.13333344	-0.523239434	-2.454048	-2.454048	0.333333343	0.333333343	None
  1.16666675	-0.571621537	1.86938882	1.86938882	0.333333343	0.333333343	None
  1.2	-0.398613632	5.6365366	5.6365366	0.333333343	0.333333343	None
  1.23333335	-0.1958528	6.08672762	6.08672762	0.333333343	0.333333343	None
  1.26666677	0.00716854632	4.630175	4.630175	0.333333343	0.333333343	None
  1.30000007	0.112825975	3.24260521	3.24260521	0.333333343	0.333333343	None
  1.33333337	0.223342016	2.59301329	2.59301329	0.333333343	0.333333343	None
  1.36666679	0.2856936	1.81049466	1.81049466	0.333333343	0.333333343	None
  1.4000001	0.344041765	1.90958977	1.90958977	0.333333343	0.333333343	None
  1.4333334	0.412999451	1.67883193	1.67883193	0.333333343	0.333333343	None
  1.4666667	0.4559638	0.683906555	0.683906555	0.333333343	0.333333343	None
  1.50000012	0.4585932	0.008308008	0.008308008	0.333333343	0.333333343	None
  1.53333342	0.456517667	-0.01451434	-0.01451434	0.333333343	0.333333343	None
  1.56666672	0.457625568	-0.334232241	-0.334232241	0.333333343	0.333333343	None
  1.60000014	0.434235454	-0.659616232	-0.659616232	0.333333343	0.333333343	None
  1.63333344	0.4136511	-0.7557632	-0.7557632	0.333333343	0.333333343	None
  1.66666675	0.3838513	-0.220839888	-0.220839888	0.333333343	0.333333343	None
  1.7	0.398928463	0.9707116	0.9707116	0.333333343	0.333333343	None
  1.73333347	0.4485655	1.37799335	1.37799335	0.333333343	0.333333343	None
  1.76666677	0.490794778	0.9413262	0.9413262	0.333333343	0.333333343	None
  1.83333337	0.5288792	0.5595288	0.5595288	0.333333343	0.333333343	None
  1.9000001	0.5455227	-0.7324619	-0.7324619	0.333333343	0.333333343	None
  1.9333334	0.499791741	-1.01611578	-1.01611578	0.333333343	0.333333343	None
  1.96666682	0.477781624	-0.736516833	-0.736516833	0.333333343	0.333333343	None
  2.03333354	0.428034753	-0.5329892	-0.5329892	0.333333343	0.333333343	None
  2.06666684	0.415157944	0.02579841	0.02579841	0.333333343	0.333333343	None
  2.10000014	0.429754645	0.35675472	0.35675472	0.333333343	0.333333343	None
  2.2	0.44804582	-0.0144821554	-0.0144821554	0.333333343	0.333333343	None
  2.266667	0.446083367	0.223351181	0.223351181	0.333333343	0.333333343	None
  2.33333349	0.470796436	0.172410324	0.172410324	0.333333343	0.333333343	None
  2.4333334	0.4550252	-0.219999909	-0.219999909	0.333333343	0.333333343	None
  2.4666667	0.447649747	-0.458066046	-0.458066046	0.333333343	0.333333343	None
  2.53333354	0.401745915	-0.6657517	-0.6657517	0.333333343	0.333333343	None
  2.63333344	0.359248459	0.0327542722	0.0327542722	0.333333343	0.333333343	None
  2.66666675	0.368547916	0.264012337	0.264012337	0.333333343	0.333333343	None
  2.766667	0.383115083	-0.08274086	-0.08274086	0.333333343	0.333333343	None
  2.83333349	0.370607346	-0.175527066	-0.175527066	0.333333343	0.333333343	None
  2.86666679	0.3656153	-0.2737854	-0.2737854	0.333333343	0.333333343	None
  2.9	0.352355	-0.166884974	-0.166884974	0.333333343	0.333333343	None
  2.966667	0.359801024	0.09665963	0.09665963	0.333333343	0.333333343	None
  3.06666684	0.344466954	-0.356275022	-0.356275022	0.333333343	0.333333343	None
  3.20000029	0.310723156	0.0119906627	0.0119906627	0.333333343	0.333333343	None
  3.266667	0.322728246	0.4232409	0.4232409	0.333333343	0.333333343	None
  3.30000019	0.342389256	0.5009692	0.5009692	0.333333343	0.333333343	None
  3.466667	0.390836656	0.373625934	0.373625934	0.333333343	0.333333343	None
  3.53333354	0.413795143	0.116231844	0.116231844	0.333333343	0.333333343	None
  3.56666684	0.4119333	-0.149264187	-0.149264187	0.333333343	0.333333343	None
  3.60000014	0.4038442	0.225297719	0.225297719	0.333333343	0.333333343	None
  3.66666675	0.459445238	0.992493331	0.992493331	0.333333343	0.333333343	None
  3.73333359	0.5196957	0.436782062	0.436782062	0.333333343	0.333333343	None
  3.80000019	0.506789148	-0.378991574	-0.378991574	0.333333343	0.333333343	None
  3.966667	0.4837602	0.127201855	0.127201855	0.333333343	0.333333343	None
  4.033334	0.4885258	-0.119814128	-0.119814128	0.333333343	0.333333343	None
  4.166667	0.478977531	0.167094171	0.167094171	0.333333343	0.333333343	None
  4.266667	0.486012518	-0.06497657	-0.06497657	0.333333343	0.333333343	None
  4.366667	0.47098425	-0.340972543	-0.340972543	0.333333343	0.333333343	None
  4.4	0.4570885	-0.341175079	-0.341175079	0.333333343	0.333333343	None
  4.4333334	0.448239267	-0.350789	-0.350789	0.333333343	0.333333343	None
  4.5	0.4263032	-0.146858171	-0.146858171	0.333333343	0.333333343	None
  4.666667	0.412164718	-0.353061318	-0.353061318	0.333333343	0.333333343	None
  4.73333359	0.388852268	-0.214297965	-0.214297965	0.333333343	0.333333343	None
  4.83333349	0.384534568	0.2505181	0.2505181	0.333333343	0.333333343	None
  4.866667	0.396466047	0.2520291	0.2520291	0.333333343	0.333333343	None
  5.033334	0.404328138	0.1416914	0.1416914	0.333333343	0.333333343	None
  5.066667	0.4106656	0.04444514	0.04444514	0.333333343	0.333333343	None
  5.20000029	0.389757752	-0.08025043	-0.08025043	0.333333343	0.333333343	None
  5.3	0.396069944	0.2149891	0.2149891	0.333333343	0.333333343	None
  5.4	0.404063821	-0.09369993	-0.09369993	0.333333343	0.333333343	None
  5.63333368	0.36096	-0.14191626	-0.14191626	0.333333343	0.333333343	None
  5.766667	0.323185623	-0.408289373	-0.408289373	0.333333343	0.333333343	None
  5.866667	0.2843334	-0.339777648	-0.339777648	0.333333343	0.333333343	None
  5.9	0.274159849	-0.176013544	-0.176013544	0.333333343	0.333333343	None
  5.966667	0.273297042	-0.08102559	-0.08102559	0.333333343	0.333333343	None
  6.033334	0.262550265	-0.139472321	-0.139472321	0.333333343	0.333333343	None
  6.13333368	0.2408147	-0.244030058	-0.244030058	0.333333343	0.333333343	None
  6.23333359	0.210974947	-0.41344592	-0.41344592	0.333333343	0.333333343	None
  6.266667	0.1950362	-0.379620552	-0.379620552	0.333333343	0.333333343	None
  6.366667	0.1698499	-0.3312682	-0.3312682	0.333333343	0.333333343	None
  6.40000057	0.155699074	-0.3769505	-0.3769505	0.333333343	0.333333343	None
  6.433334	0.14471969	-0.3182129	-0.3182129	0.333333343	0.333333343	None
  6.466667	0.1344849	-0.217207059	-0.217207059	0.333333343	0.333333343	None
  6.60000038	0.119264267	-0.336750448	-0.336750448	0.333333343	0.333333343	None
  6.63333368	0.1036777	-0.467899173	-0.467899173	0.333333343	0.333333343	None
  6.666667	0.08807102	-0.444478661	-0.444478661	0.333333343	0.333333343	None
  6.70000029	0.0740458146	-0.31605047	-0.31605047	0.333333343	0.333333343	None
  6.766667	0.06469872	-0.0430216677	-0.0430216677	0.333333343	0.333333343	None
  6.8	0.0641329	0.0144254928	0.0144254928	0.333333343	0.333333343	None
  6.866667	0.06664336	0.00685528666	0.00685528666	0.333333343	0.333333343	None
  6.933334	0.06542679	-0.0346676968	-0.0346676968	0.333333343	0.333333343	None
  7.00000048	0.0611851476	-0.117096856	-0.117096856	0.333333343	0.333333343	None
  7.033334	0.0559998	-0.234035358	-0.234035358	0.333333343	0.333333343	None
  7.066667	0.0455828048	-0.488410056	-0.488410056	0.333333343	0.333333343	None
  7.10000038	0.02343916	-0.539022863	-0.539022863	0.333333343	0.333333343	None
  7.13333368	0.00964798	-0.237850785	-0.237850785	0.333333343	0.333333343	None
  7.166667	0.007582456	0.110979661	0.110979661	0.333333343	0.333333343	None
  7.20000029	0.0170466173	0.208198965	0.208198965	0.333333343	0.333333343	None
  7.23333359	0.0214623734	0.168850631	0.168850631	0.333333343	0.333333343	None
  7.266667	0.0283033159	0.229396969	0.229396969	0.333333343	0.333333343	None
  7.3	0.03675549	0.208833665	0.208833665	0.333333343	0.333333343	None
  7.33333349	0.0422255471	0.08205092	0.08205092	0.333333343	0.333333343	None
  7.36666727	0.0422255471	0	0	0.333333343	0.333333343	None
FLOAT UnityEngine.Animator||Left Shoulder Front-Back discrete=False keys=167 pre=ClampForever post=ClampForever
  0	-0.118417859	0.00593036367	0.00593036367	0.333333343	0.333333343	None
  0.100000009	-0.113767043	0.164823756	0.164823756	0.333333343	0.333333343	None
  0.200000018	-0.08786344	0.287103266	0.287103266	0.333333343	0.333333343	None
  0.266666681	-0.06807354	0.355202436	0.355202436	0.333333343	0.333333343	None
  0.333333343	-0.040518932	0.4295013	0.4295013	0.333333343	0.333333343	None
  0.400000036	-0.0121192671	0.4300028	0.4300028	0.333333343	0.333333343	None
  0.433333367	0.00236142613	0.447563261	0.447563261	0.333333343	0.333333343	None
  0.4666667	0.0177182816	0.467933029	0.467933029	0.333333343	0.333333343	None
  0.5	0.0335569456	0.463637739	0.463637739	0.333333343	0.333333343	None
  0.6333334	0.09410558	0.468971878	0.468971878	0.333333343	0.333333343	None
  0.733333349	0.139813244	0.413415849	0.413415849	0.333333343	0.333333343	None
  0.8000001	0.178412214	1.07393312	1.07393312	0.333333343	0.333333343	None
  0.8333334	0.224810958	1.54262841	1.54262841	0.333333343	0.333333343	None
  0.866666734	0.2812541	0.833931565	0.833931565	0.333333343	0.333333343	None
  0.900000036	0.280406445	-0.6824339	-0.6824339	0.333333343	0.333333343	None
  0.9333334	0.235758483	-3.233451	-3.233451	0.333333343	0.333333343	None
  0.9666667	0.06484319	-5.56705427	-5.56705427	0.333333343	0.333333343	None
  1	-0.1353781	-5.14626169	-5.14626169	0.333333343	0.333333343	None
  1.03333342	-0.2782411	-4.492112	-4.492112	0.333333343	0.333333343	None
  1.06666672	-0.434852481	-5.16927147	-5.16927147	0.333333343	0.333333343	None
  1.1	-0.6228589	-2.55378628	-2.55378628	0.333333343	0.333333343	None
  1.13333344	-0.6051047	2.35961986	2.35961986	0.333333343	0.333333343	None
  1.16666675	-0.465551	4.1074276	4.1074276	0.333333343	0.333333343	None
  1.2	-0.331276447	1.200916	1.200916	0.333333343	0.333333343	None
  1.23333335	-0.38549	-1.26479936	-1.26479936	0.333333343	0.333333343	None
  1.26666677	-0.415596426	0.255068779	0.255068779	0.333333343	0.333333343	None
  1.30000007	-0.36848554	2.05749083	2.05749083	0.333333343	0.333333343	None
  1.33333337	-0.2784305	0.3427906	0.3427906	0.333333343	0.333333343	None
  1.36666679	-0.3456331	-2.01339	-2.01339	0.333333343	0.333333343	None
  1.4000001	-0.4126566	-1.6166873	-1.6166873	0.333333343	0.333333343	None
  1.4333334	-0.453412145	-1.15667689	-1.15667689	0.333333343	0.333333343	None
  1.4666667	-0.489768326	-0.9519275	-0.9519275	0.333333343	0.333333343	None
  1.50000012	-0.516874	0.0765669644	0.0765669644	0.333333343	0.333333343	None
  1.53333342	-0.484663963	2.034018	2.034018	0.333333343	0.333333343	None
  1.56666672	-0.381272942	3.48997283	3.48997283	0.333333343	0.333333343	None
  1.60000014	-0.251998872	1.75100064	1.75100064	0.333333343	0.333333343	None
  1.63333344	-0.2645392	-2.07236123	-2.07236123	0.333333343	0.333333343	None
  1.66666675	-0.39015615	-3.51358366	-3.51358366	0.333333343	0.333333343	None
  1.7	-0.4987779	-1.51415765	-1.51415765	0.333333343	0.333333343	None
  1.73333347	-0.491099864	0.7667934	0.7667934	0.333333343	0.333333343	None
  1.76666677	-0.44765836	1.4565227	1.4565227	0.333333343	0.333333343	None
  1.80000007	-0.393998444	2.05435729	2.05435729	0.333333343	0.333333343	None
  1.83333337	-0.31070134	2.97784615	2.97784615	0.333333343	0.333333343	None
  1.86666679	-0.195475131	3.54780054	3.54780054	0.333333343	0.333333343	None
  1.9000001	-0.0741811246	3.46013546	3.46013546	0.333333343	0.333333343	None
  1.9333334	0.0352003463	3.19280887	3.19280887	0.333333343	0.333333343	None
  1.96666682	0.138672963	2.19218588	2.19218588	0.333333343	0.333333343	None
  2	0.181346133	0.112558365	0.112558365	0.333333343	0.333333343	None
  2.03333354	0.146176443	-1.97256076	-1.97256076	0.333333343	0.333333343	None
  2.06666684	0.0498419553	-2.4053154	-2.4053154	0.333333343	0.333333343	None
  2.10000014	-0.0141777713	-1.83813667	-1.83813667	0.333333343	0.333333343	None
  2.13333344	-0.0727003738	-1.54620433	-1.54620433	0.333333343	0.333333343	None
  2.16666675	-0.11725796	-1.00902283	-1.00902283	0.333333343	0.333333343	None
  2.2	-0.1399685	-0.022097528	-0.022097528	0.333333343	0.333333343	None
  2.23333335	-0.118731126	1.18639159	1.18639159	0.333333343	0.333333343	None
  2.266667	-0.06087539	1.63195777	1.63195777	0.333333343	0.333333343	None
  2.30000019	-0.009933631	1.15047121	1.15047121	0.333333343	0.333333343	None
  2.33333349	0.01582262	0.540710568	0.540710568	0.333333343	0.333333343	None
  2.36666679	0.0261137057	0.2016123	0.2016123	0.333333343	0.333333343	None
  2.4	0.0292634256	-0.09049636	-0.09049636	0.333333343	0.333333343	None
  2.4333334	0.02008062	-0.2936505	-0.2936505	0.333333343	0.333333343	None
  2.4666667	0.009686743	-0.0703360662	-0.0703360662	0.333333343	0.333333343	None
  2.50000024	0.0153915947	0.268501878	0.268501878	0.333333343	0.333333343	None
  2.53333354	0.0275868922	0.246075988	0.246075988	0.333333343	0.333333343	None
  2.56666684	0.0317966454	-0.238668233	-0.238668233	0.333333343	0.333333343	None
  2.60000014	0.0116756912	-0.998909831	-0.998909831	0.333333343	0.333333343	None
  2.63333344	-0.0347972848	-1.93297338	-1.93297338	0.333333343	0.333333343	None
  2.66666675	-0.117189087	-2.18484163	-2.18484163	0.333333343	0.333333343	None
  2.7	-0.180453271	-1.30369925	-1.30369925	0.333333343	0.333333343	None
  2.73333359	-0.204102457	-0.493047416	-0.493047416	0.333333343	0.333333343	None
  2.80000019	-0.193077236	1.22123754	1.22123754	0.333333343	0.333333343	None
  2.83333349	-0.131907478	2.29747725	2.29747725	0.333333343	0.333333343	None
  2.86666679	-0.0399122424	2.78058314	2.78058314	0.333333343	0.333333343	None
  2.9	0.05346455	1.87194169	1.87194169	0.333333343	0.333333343	None
  2.9333334	0.08488375	0.7677325	0.7677325	0.333333343	0.333333343	None
  2.966667	0.104646809	0.6374612	0.6374612	0.333333343	0.333333343	None
  3.00000024	0.127381265	0.408805817	0.408805817	0.333333343	0.333333343	None
  3.03333354	0.1319005	0.489200741	0.489200741	0.333333343	0.333333343	None
  3.06666684	0.159994617	0.7435349	0.7435349	0.333333343	0.333333343	None
  3.10000014	0.181469455	0.266949326	0.266949326	0.333333343	0.333333343	None
  3.13333344	0.177791223	-0.183676273	-0.183676273	0.333333343	0.333333343	None
  3.16666675	0.169224381	-0.28970027	-0.28970027	0.333333343	0.333333343	None
  3.20000029	0.158477813	-0.0608001128	-0.0608001128	0.333333343	0.333333343	None
  3.23333359	0.165170968	0.433669358	0.433669358	0.333333343	0.333333343	None
  3.266667	0.187389076	0.7612995	0.7612995	0.333333343	0.333333343	None
  3.30000019	0.215924218	1.01558721	1.01558721	0.333333343	0.333333343	None
  3.33333349	0.255094826	1.12398362	1.12398362	0.333333343	0.333333343	None
  3.4333334	0.3578917	0.8639307	0.8639307	0.333333343	0.333333343	None
  3.53333354	0.43976903	0.908934	0.908934	0.333333343	0.333333343	None
  3.56666684	0.472984	1.73300469	1.73300469	0.333333343	0.333333343	None
  3.60000014	0.55530256	3.14918232	3.14918232	0.333333343	0.333333343	None
  3.63333344	0.6829293	3.54147243	3.54147243	0.333333343	0.333333343	None
  3.73333359	0.911177158	0.8323672	0.8323672	0.333333343	0.333333343	None
  3.80000019	0.9165385	0.0798404962	0.0798404962	0.333333343	0.333333343	None
  3.83333349	0.924043059	-0.196964636	-0.196964636	0.333333343	0.333333343	None
  3.93333364	0.807015657	-1.63872886	-1.63872886	0.333333343	0.333333343	None
  3.966667	0.752079248	-1.77952993	-1.77952993	0.333333343	0.333333343	None
  4	0.6883809	-1.41306174	-1.41306174	0.333333343	0.333333343	None
  4.066667	0.628213644	-1.13651025	-1.13651025	0.333333343	0.333333343	None
  4.10000038	0.582107961	-1.11320722	-1.11320722	0.333333343	0.333333343	None
  4.20000029	0.528791964	-0.3896091	-0.3896091	0.333333343	0.333333343	None
  4.23333359	0.516283453	-0.207280412	-0.207280412	0.333333343	0.333333343	None
  4.266667	0.5149733	-0.09409019	-0.09409019	0.333333343	0.333333343	None
  4.3	0.5100108	0.0344887674	0.0344887674	0.333333343	0.333333343	None
  4.4	0.5351081	0.23082754	0.23082754	0.333333343	0.333333343	None
  4.4333334	0.5408074	0.295319527	0.295319527	0.333333343	0.333333343	None
  4.4666667	0.55479604	0.167586356	0.167586356	0.333333343	0.333333343	None
  4.566667	0.542449951	0.372836351	0.372836351	0.333333343	0.333333343	None
  4.63333368	0.58308816	0.331929952	0.331929952	0.333333343	0.333333343	None
  4.666667	0.58676374	0.470541269	0.470541269	0.333333343	0.333333343	None
  4.70000029	0.614457548	0.6522271	0.6522271	0.333333343	0.333333343	None
  4.8	0.635496259	-0.236216128	-0.236216128	0.333333343	0.333333343	None
  4.83333349	0.6233279	-0.178145349	-0.178145349	0.333333343	0.333333343	None
  4.866667	0.6236199	-0.4466204	-0.4466204	0.333333343	0.333333343	None
  4.9	0.593553245	-0.6929297	-0.6929297	0.333333343	0.333333343	None
  4.9666667	0.5676338	-0.4831661	-0.4831661	0.333333343	0.333333343	None
  5.033334	0.5277522	-0.5031015	-0.5031015	0.333333343	0.333333343	None
  5.10000038	0.5032503	-0.13510032	-0.13510032	0.333333343	0.333333343	None
  5.13333368	0.502666533	-0.107538804	-0.107538804	0.333333343	0.333333343	None
  5.20000029	0.4956708	0.06796098	0.06796098	0.333333343	0.333333343	None
  5.266667	0.5038355	-0.10737206	-0.10737206	0.333333343	0.333333343	None
  5.3	0.493453652	-0.0620574355	-0.0620574355	0.333333343	0.333333343	None
  5.366667	0.5057482	0.184551358	0.184551358	0.333333343	0.333333343	None
  5.4333334	0.512943149	-0.119324312	-0.119324312	0.333333343	0.333333343	None
  5.60000038	0.4530209	-0.271412551	-0.271412551	0.333333343	0.333333343	None
  5.63333368	0.4476989	-0.272893131	-0.272893131	0.333333343	0.333333343	None
  5.666667	0.434828043	-0.25958398	-0.25958398	0.333333343	0.333333343	None
  5.73333359	0.421947122	-0.434517384	-0.434517384	0.333333343	0.333333343	None
  5.766667	0.4014255	-0.7613181	-0.7613181	0.333333343	0.333333343	None
  5.8	0.371192634	-0.7490903	-0.7490903	0.333333343	0.333333343	None
  5.866667	0.324727416	-1.09507239	-1.09507239	0.333333343	0.333333343	None
  5.9	0.278481454	-1.40328455	-1.40328455	0.333333343	0.333333343	None
  5.933334	0.231174529	-1.350347	-1.350347	0.333333343	0.333333343	None
  5.966667	0.188457727	-1.33425045	-1.33425045	0.333333343	0.333333343	None
  6.033334	0.103112169	-0.9367694	-0.9367694	0.333333343	0.333333343	None
  6.10000038	0.06899568	-0.19587554	-0.19587554	0.333333343	0.333333343	None
  6.13333368	0.06671499	-0.214199916	-0.214199916	0.333333343	0.333333343	None
  6.166667	0.0547156967	-0.1297279	-0.1297279	0.333333343	0.333333343	None
  6.20000029	0.05806647	0.24543874	0.24543874	0.333333343	0.333333343	None
  6.23333359	0.07107826	0.5144955	0.5144955	0.333333343	0.333333343	None
  6.266667	0.09236614	1.09554052	1.09554052	0.333333343	0.333333343	None
  6.3	0.144114226	1.45002913	1.45002913	0.333333343	0.333333343	None
  6.366667	0.219735414	0.5858681	0.5858681	0.333333343	0.333333343	None
  6.40000057	0.228092611	-0.107263431	-0.107263431	0.333333343	0.333333343	None
  6.466667	0.183161378	-0.9764365	-0.9764365	0.333333343	0.333333343	None
  6.50000048	0.147488937	-0.858111858	-0.858111858	0.333333343	0.333333343	None
  6.533334	0.125953972	-0.427975118	-0.427975118	0.333333343	0.333333343	None
  6.566667	0.118957289	-0.162868574	-0.162868574	0.333333343	0.333333343	None
  6.60000038	0.115096077	-0.07667001	-0.07667001	0.333333343	0.333333343	None
  6.63333368	0.113845959	-0.109467536	-0.109467536	0.333333343	0.333333343	None
  6.70000029	0.0993258059	-0.293863326	-0.293863326	0.333333343	0.333333343	None
  6.73333359	0.08820738	-0.2631294	-0.2631294	0.333333343	0.333333343	None
  6.766667	0.08178386	-0.244664624	-0.244664624	0.333333343	0.333333343	None
  6.8	0.07189642	-0.336165756	-0.336165756	0.333333343	0.333333343	None
  6.866667	0.0485838056	-0.253973842	-0.253973842	0.333333343	0.333333343	None
  7.00000048	0.0286962222	-0.257312357	-0.257312357	0.333333343	0.333333343	None
  7.033334	0.0177456085	-0.4935456	-0.4935456	0.333333343	0.333333343	None
  7.066667	-0.004206788	-1.19221556	-1.19221556	0.333333343	0.333333343	None
  7.10000038	-0.0617353544	-2.08326244	-2.08326244	0.333333343	0.333333343	None
  7.13333368	-0.143090814	-2.35324121	-2.35324121	0.333333343	0.333333343	None
  7.166667	-0.218617946	-1.54218853	-1.54218853	0.333333343	0.333333343	None
  7.20000029	-0.245903283	-0.413275152	-0.413275152	0.333333343	0.333333343	None
  7.23333359	-0.2461696	0.527491331	0.527491331	0.333333343	0.333333343	None
  7.266667	-0.210737228	1.33604646	1.33604646	0.333333343	0.333333343	None
  7.3	-0.157099918	1.38479531	1.38479531	0.333333343	0.333333343	None
  7.33333349	-0.118417628	0.5802349	0.5802349	0.333333343	0.333333343	None
  7.36666727	-0.118417628	0	0	0.333333343	0.333333343	None
FLOAT UnityEngine.Animator||Left Toes Up-Down discrete=False keys=178 pre=ClampForever post=ClampForever
  0	0.009377998	-0.00283786072	-0.00283786072	0.333333343	0.333333343	None
  0.166666672	0.008038592	-0.013153607	-0.013153607	0.333333343	0.333333343	None
  0.200000018	0.007567944	-0.0229822956	-0.0229822956	0.333333343	0.333333343	None
  0.233333349	0.00650643837	-0.0305505581	-0.0305505581	0.333333343	0.333333343	None
  0.266666681	0.00553124025	-0.03973902	-0.03973902	0.333333343	0.333333343	None
  0.3	0.00385717046	-0.0436422378	-0.0436422378	0.333333343	0.333333343	None
  0.333333343	0.0026217578	-0.0300900266	-0.0300900266	0.333333343	0.333333343	None
  0.366666675	0.00185116869	-0.028843645	-0.028843645	0.333333343	0.333333343	None
  0.400000036	0.0006988473	-0.03357196	-0.03357196	0.333333343	0.333333343	None
  0.433333367	-0.000386962725	-0.0324838646	-0.0324838646	0.333333343	0.333333343	None
  0.5	-0.00263310084	-0.0383196324	-0.0383196324	0.333333343	0.333333343	None
  0.5666667	-0.005452413	-0.04251367	-0.04251367	0.333333343	0.333333343	None
  0.6333334	-0.00815809	-0.03814188	-0.03814188	0.333333343	0.333333343	None
  0.6666667	-0.009398422	-0.03016585	-0.03016585	0.333333343	0.333333343	None
  0.700000048	-0.0101691457	-0.0270752981	-0.0270752981	0.333333343	0.333333343	None
  0.7666667	-0.012160887	-0.0286493488	-0.0286493488	0.333333343	0.333333343	None
  0.8000001	-0.0131134	-0.0294251628	-0.0294251628	0.333333343	0.333333343	None
  0.866666734	-0.0168163441	-0.129072726	-0.129072726	0.333333343	0.333333343	None
  0.900000036	-0.02272741	-0.280454546	-0.280454546	0.333333343	0.333333343	None
  0.9333334	-0.03551332	-0.6712386	-0.6712386	0.333333343	0.333333343	None
  0.9666667	-0.06747663	-1.103999	-1.103999	0.333333343	0.333333343	None
  1	-0.109113187	-1.06489742	-1.06489742	0.333333343	0.333333343	None
  1.03333342	-0.13846983	-0.7539096	-0.7539096	0.333333343	0.333333343	None
  1.06666672	-0.159373879	-0.6511178	-0.6511178	0.333333343	0.333333343	None
  1.1	-0.181877643	-0.5794109	-0.5794109	0.333333343	0.333333343	None
  1.13333344	-0.1980013	-0.639583	-0.639583	0.333333343	0.333333343	None
  1.16666675	-0.224516526	-0.6105147	-0.6105147	0.333333343	0.333333343	None
  1.2	-0.238702238	0.3598712	0.3598712	0.333333343	0.333333343	None
  1.23333335	-0.200525135	1.2942667	1.2942667	0.333333343	0.333333343	None
  1.26666677	-0.1524177	0.9464589	0.9464589	0.333333343	0.333333343	None
  1.30000007	-0.137427762	0.4705673	0.4705673	0.333333343	0.333333343	None
  1.33333337	-0.12104658	0.524068058	0.524068058	0.333333343	0.333333343	None
  1.36666679	-0.102489859	0.464256853	0.464256853	0.333333343	0.333333343	None
  1.4000001	-0.0900960863	0.234779015	0.234779015	0.333333343	0.333333343	None
  1.4333334	-0.08683794	0.143454179	0.143454179	0.333333343	0.333333343	None
  1.4666667	-0.0805324838	0.349500418	0.349500418	0.333333343	0.333333343	None
  1.50000012	-0.06353787	0.5095049	0.5095049	0.333333343	0.333333343	None
  1.53333342	-0.0465654619	0.5766243	0.5766243	0.333333343	0.333333343	None
  1.56666672	-0.02509629	0.6984737	0.6984737	0.333333343	0.333333343	None
  1.60000014	-5.031928E-07	0.5532529	0.5532529	0.333333343	0.333333343	None
  1.63333344	0.0117872888	0.3758176	0.3758176	0.333333343	0.333333343	None
  1.66666675	0.02505398	0.463540673	0.463540673	0.333333343	0.333333343	None
  1.7	0.04268997	0.316032767	0.316032767	0.333333343	0.333333343	None
  1.73333347	0.0461228229	0.0351201929	0.0351201929	0.333333343	0.333333343	None
  1.80000007	0.042379193	-0.0658950657	-0.0658950657	0.333333343	0.333333343	None
  1.83333337	0.0406383276	-0.007155761	-0.007155761	0.333333343	0.333333343	None
  1.86666679	0.0419021472	0.08193646	0.08193646	0.333333343	0.333333343	None
  1.9000001	0.046100758	0.13496843	0.13496843	0.333333343	0.333333343	None
  1.9333334	0.0509000346	0.08861954	0.08861954	0.333333343	0.333333343	None
  2	0.0494410321	-0.116897509	-0.116897509	0.333333343	0.333333343	None
  2.03333354	0.0442155376	-0.39031744	-0.39031744	0.333333343	0.333333343	None
  2.06666684	0.023419857	-0.7488154	-0.7488154	0.333333343	0.333333343	None
  2.10000014	-0.00570544	-0.61355716	-0.61355716	0.333333343	0.333333343	None
  2.13333344	-0.0174839143	-0.376021564	-0.376021564	0.333333343	0.333333343	None
  2.16666675	-0.03077352	-0.3752095	-0.3752095	0.333333343	0.333333343	None
  2.2	-0.04249786	-0.244670659	-0.244670659	0.333333343	0.333333343	None
  2.23333335	-0.0470848829	-0.08612161	-0.08612161	0.333333343	0.333333343	None
  2.266667	-0.0482393019	-0.140760988	-0.140760988	0.333333343	0.333333343	None
  2.30000019	-0.05646895	-0.311220646	-0.311220646	0.333333343	0.333333343	None
  2.33333349	-0.0689873248	-0.237887576	-0.237887576	0.333333343	0.333333343	None
  2.36666679	-0.0723281056	-0.004201796	-0.004201796	0.333333343	0.333333343	None
  2.4	-0.0692674443	0.0988259763	0.0988259763	0.333333343	0.333333343	None
  2.4333334	-0.06573971	0.07640492	0.07640492	0.333333343	0.333333343	None
  2.4666667	-0.06417379	-0.09110184	-0.09110184	0.333333343	0.333333343	None
  2.50000024	-0.07181322	-0.216421917	-0.216421917	0.333333343	0.333333343	None
  2.60000014	-0.07671369	0.280915171	0.280915171	0.333333343	0.333333343	None
  2.63333344	-0.0620831251	0.8623458	0.8623458	0.333333343	0.333333343	None
  2.66666675	-0.0192240216	1.02614319	1.02614319	0.333333343	0.333333343	None
  2.7	0.00632635737	0.507638156	0.507638156	0.333333343	0.333333343	None
  2.73333359	0.01461855	0.170197159	0.170197159	0.333333343	0.333333343	None
  2.766667	0.0176728833	0.08060855	0.08060855	0.333333343	0.333333343	None
  2.80000019	0.0199924484	0.0562111065	0.0562111065	0.333333343	0.333333343	None
  2.83333349	0.021420287	0.0410043076	0.0410043076	0.333333343	0.333333343	None
  2.86666679	0.0227260664	0.08623822	0.08623822	0.333333343	0.333333343	None
  2.9	0.0271694958	0.03970503	0.03970503	0.333333343	0.333333343	None
  2.9333334	0.0253730658	-0.0698837638	-0.0698837638	0.333333343	0.333333343	None
  3.00000024	0.0200126562	-0.05998132	-0.05998132	0.333333343	0.333333343	None
  3.03333354	0.0185118113	-0.09726514	-0.09726514	0.333333343	0.333333343	None
  3.06666684	0.01352832	-0.191799983	-0.191799983	0.333333343	0.333333343	None
  3.10000014	0.005725158	-0.157201648	-0.157201648	0.333333343	0.333333343	None
  3.13333344	0.00304822	0.00238882378	0.00238882378	0.333333343	0.333333343	None
  3.16666675	0.00588441268	0.159425333	0.159425333	0.333333343	0.333333343	None
  3.20000029	0.013676621	0.1886571	0.1886571	0.333333343	0.333333343	None
  3.23333359	0.0184615962	0.121651374	0.121651374	0.333333343	0.333333343	None
  3.266667	0.0217867047	0.111638732	0.111638732	0.333333343	0.333333343	None
  3.30000019	0.0259041712	0.143089786	0.143089786	0.333333343	0.333333343	None
  3.33333349	0.0313260145	0.114859179	0.114859179	0.333333343	0.333333343	None
  3.4	0.03379087	-0.0188378412	-0.0188378412	0.333333343	0.333333343	None
  3.4333334	0.0323055871	-0.09465914	-0.09465914	0.333333343	0.333333343	None
  3.466667	0.0274802335	-0.109302849	-0.109302849	0.333333343	0.333333343	None
  3.50000024	0.0250187032	-0.113204613	-0.113204613	0.333333343	0.333333343	None
  3.53333354	0.0199332666	-0.2583443	-0.2583443	0.333333343	0.333333343	None
  3.56666684	0.00779576832	-0.49135232	-0.49135232	0.333333343	0.333333343	None
  3.60000014	-0.012823524	-0.4784603	-0.4784603	0.333333343	0.333333343	None
  3.63333344	-0.0241015553	-0.2704627	-0.2704627	0.333333343	0.333333343	None
  3.66666675	-0.0308543537	-0.125846282	-0.125846282	0.333333343	0.333333343	None
  3.70000029	-0.03249131	0.0159962978	0.0159962978	0.333333343	0.333333343	None
  3.73333359	-0.0297879465	0.0311448053	0.0311448053	0.333333343	0.333333343	None
  3.80000019	-0.03179254	-0.0253096	-0.0253096	0.333333343	0.333333343	None
  3.83333349	-0.032102298	0.0303700119	0.0303700119	0.333333343	0.333333343	None
  3.86666679	-0.0297678746	0.0306772925	0.0306772925	0.333333343	0.333333343	None
  3.9	-0.0300571471	-0.0793019	-0.0793019	0.333333343	0.333333343	None
  3.93333364	-0.0350547	-0.09635602	-0.09635602	0.333333343	0.333333343	None
  3.966667	-0.03648091	0.06124056	0.06124056	0.333333343	0.333333343	None
  4	-0.0309720375	0.250771731	0.250771731	0.333333343	0.333333343	None
  4.033334	-0.0197626911	0.362675935	0.362675935	0.333333343	0.333333343	None
  4.066667	-0.006793504	0.357364178	0.357364178	0.333333343	0.333333343	None
  4.10000038	0.004061566	0.244593814	0.244593814	0.333333343	0.333333343	None
  4.13333368	0.009512735	0.0923854858	0.0923854858	0.333333343	0.333333343	None
  4.166667	0.0102205928	-0.006143229	-0.006143229	0.333333343	0.333333343	None
  4.20000029	0.009103186	-0.0363179557	-0.0363179557	0.333333343	0.333333343	None
  4.23333359	0.007799398	-0.0294451583	-0.0294451583	0.333333343	0.333333343	None
  4.266667	0.007140178	-0.0237220861	-0.0237220861	0.333333343	0.333333343	None
  4.3	0.006217927	-0.028584	-0.028584	0.333333343	0.333333343	None
  4.33333349	0.00523457956	-0.0398274064	-0.0398274064	0.333333343	0.333333343	None
  4.366667	0.00356276939	-0.0524516925	-0.0524516925	0.333333343	0.333333343	None
  4.4	0.00173780334	-0.03151717	-0.03151717	0.333333343	0.333333343	None
  4.4333334	0.00146162685	0.007826143	0.007826143	0.333333343	0.333333343	None
  4.4666667	0.00225954573	0.018538354	0.018538354	0.333333343	0.333333343	None
  4.5	0.002697516	0.00365880853	0.00365880853	0.333333343	0.333333343	None
  4.533334	0.0025034633	-0.004766339	-0.004766339	0.333333343	0.333333343	None
  4.566667	0.00237975759	-0.0126089146	-0.0126089146	0.333333343	0.333333343	None
  4.60000038	0.00166286982	-0.0188722536	-0.0188722536	0.333333343	0.333333343	None
  4.63333368	0.00112160866	-0.0149401762	-0.0149401762	0.333333343	0.333333343	None
  4.666667	0.0006668591	-0.04103329	-0.04103329	0.333333343	0.333333343	None
  4.70000029	-0.00161394163	-0.0500419326	-0.0500419326	0.333333343	0.333333343	None
  4.73333359	-0.00266926666	-0.0192153417	-0.0192153417	0.333333343	0.333333343	None
  4.766667	-0.00289496314	-0.006761632	-0.006761632	0.333333343	0.333333343	None
  4.8	-0.00312004169	-0.0292781349	-0.0292781349	0.333333343	0.333333343	None
  4.83333349	-0.004846837	-0.09648754	-0.09648754	0.333333343	0.333333343	None
  4.866667	-0.009552538	-0.255717844	-0.255717844	0.333333343	0.333333343	None
  4.9	-0.0218946766	-0.459157646	-0.459157646	0.333333343	0.333333343	None
  4.9333334	-0.0401630178	-0.418346763	-0.418346763	0.333333343	0.333333343	None
  4.9666667	-0.0497844331	-0.237864792	-0.237864792	0.333333343	0.333333343	None
  5.033334	-0.05880944	-0.0573419966	-0.0573419966	0.333333343	0.333333343	None
  5.066667	-0.05984354	0.189499751	0.189499751	0.333333343	0.333333343	None
  5.10000038	-0.0461761355	0.310821772	0.310821772	0.333333343	0.333333343	None
  5.13333368	-0.03912211	0.127582237	0.127582237	0.333333343	0.333333343	None
  5.166667	-0.03767066	0.0383643433	0.0383643433	0.333333343	0.333333343	None
  5.3	-0.03435365	-0.000337008853	-0.000337008853	0.333333343	0.333333343	None
  5.33333349	-0.03470664	-0.000763480552	-0.000763480552	0.333333343	0.333333343	None
  5.533334	-0.0304435566	0.0284371711	0.0284371711	0.333333343	0.333333343	None
  5.60000038	-0.02803942	0.0585166067	0.0585166067	0.333333343	0.333333343	None
  5.63333368	-0.0255231746	0.06080445	0.06080445	0.333333343	0.333333343	None
  5.666667	-0.0239857938	0.0593162179	0.0593162179	0.333333343	0.333333343	None
  5.70000029	-0.021568764	0.06762707	0.06762707	0.333333343	0.333333343	None
  5.8	-0.0164471436	0.027088996	0.027088996	0.333333343	0.333333343	None
  5.866667	-0.0157493632	0.00447865063	0.00447865063	0.333333343	0.333333343	None
  5.9	-0.0155951083	-0.0002866243	-0.0002866243	0.333333343	0.333333343	None
  5.933334	-0.015768474	-0.00384879671	-0.00384879671	0.333333343	0.333333343	None
  5.966667	-0.015851697	-0.004689344	-0.004689344	0.333333343	0.333333343	None
  6.033334	-0.0159312915	0.0103125721	0.0103125721	0.333333343	0.333333343	None
  6.10000038	-0.0144237457	0.0326247029	0.0326247029	0.333333343	0.333333343	None
  6.166667	-0.0122794546	0.02346083	0.02346083	0.333333343	0.333333343	None
  6.23333359	-0.0109565109	0.02214051	0.02214051	0.333333343	0.333333343	None
  6.366667	-0.007175645	0.03344007	0.03344007	0.333333343	0.333333343	None
  6.40000057	-0.006049085	0.030725576	0.030725576	0.333333343	0.333333343	None
  6.433334	-0.005127259	0.0286205932	0.0286205932	0.333333343	0.333333343	None
  6.50000048	-0.00311928755	0.031087447	0.031087447	0.333333343	0.333333343	None
  6.533334	-0.00206855265	0.030575823	0.030575823	0.333333343	0.333333343	None
  6.566667	-0.00108090125	0.0310207717	0.0310207717	0.333333343	0.333333343	None
  6.60000038	-5.031928E-07	0.0244790055	0.0244790055	0.333333343	0.333333343	None
  6.63333368	0.0005510308	0.0193715841	0.0193715841	0.333333343	0.333333343	None
  6.666667	0.00129093451	0.0231731441	0.0231731441	0.333333343	0.333333343	None
  6.70000029	0.0020959056	0.02667781	0.02667781	0.333333343	0.333333343	None
  6.73333359	0.00306945341	0.02539872	0.02539872	0.333333343	0.333333343	None
  6.766667	0.003789152	0.02714644	0.02714644	0.333333343	0.333333343	None
  6.8	0.00487921434	0.0265834481	0.0265834481	0.333333343	0.333333343	None
  6.83333349	0.00556138	0.0194416121	0.0194416121	0.333333343	0.333333343	None
  6.933334	0.00736820465	0.0161620155	0.0161620155	0.333333343	0.333333343	None
  6.966667	0.007852416	0.0168391541	0.0168391541	0.333333343	0.333333343	None
  7.033334	0.009085514	0.0172800086	0.0172800086	0.333333343	0.333333343	None
  7.066667	0.009642813	0.0100959288	0.0100959288	0.333333343	0.333333343	None
  7.13333368	0.009582055	-0.004310272	-0.004310272	0.333333343	0.333333343	None
  7.166667	0.009471224	-0.00715838932	-0.00715838932	0.333333343	0.333333343	None
  7.20000029	0.009104829	-0.00515067	-0.00515067	0.333333343	0.333333343	None
  7.3	0.009370122	0.00161111506	0.00161111506	0.333333343	0.333333343	None
  7.36666727	0.009378069	0	0	0.333333343	0.333333343	None
FLOAT UnityEngine.Animator||Left Upper Leg Front-Back discrete=False keys=79 pre=ClampForever post=ClampForever
  0	0.633215368	0.02890527	0.02890527	0.333333343	0.333333343	None
  0.733333349	0.634539962	-0.122638635	-0.122638635	0.333333343	0.333333343	None
  0.8333334	0.605050445	-0.325158924	-0.325158924	0.333333343	0.333333343	None
  0.9333334	0.5665696	-0.5132345	-0.5132345	0.333333343	0.333333343	None
  1.1	0.484396219	-0.2749593	-0.2749593	0.333333343	0.333333343	None
  1.13333344	0.475777268	-0.5797059	-0.5797059	0.333333343	0.333333343	None
  1.2	0.395103723	-1.77593827	-1.77593827	0.333333343	0.333333343	None
  1.26666677	0.256284326	-2.05615044	-2.05615044	0.333333343	0.333333343	None
  1.30000007	0.190276563	-2.08219337	-2.08219337	0.333333343	0.333333343	None
  1.33333337	0.117471568	-1.954935	-1.954935	0.333333343	0.333333343	None
  1.36666679	0.0599474832	-1.42389941	-1.42389941	0.333333343	0.333333343	None
  1.4000001	0.02254483	-0.8447578	-0.8447578	0.333333343	0.333333343	None
  1.4333334	0.003630348	-0.205861181	-0.205861181	0.333333343	0.333333343	None
  1.4666667	0.008820763	0.461382151	0.461382151	0.333333343	0.333333343	None
  1.50000012	0.03438922	0.857164	0.857164	0.333333343	0.333333343	None
  1.53333342	0.06596507	0.652994335	0.652994335	0.333333343	0.333333343	None
  1.56666672	0.0779221356	0.009940758	0.009940758	0.333333343	0.333333343	None
  1.60000014	0.06662775	-0.284627467	-0.284627467	0.333333343	0.333333343	None
  1.63333344	0.05894695	-0.261670679	-0.261670679	0.333333343	0.333333343	None
  1.66666675	0.049183052	-0.609827757	-0.609827757	0.333333343	0.333333343	None
  1.7	0.0182918031	-0.76890707	-0.76890707	0.333333343	0.333333343	None
  1.73333347	-0.002077439	-0.4589879	-0.4589879	0.333333343	0.333333343	None
  1.76666677	-0.0123074306	-0.369378924	-0.369378924	0.333333343	0.333333343	None
  1.80000007	-0.0267026778	-0.416760474	-0.416760474	0.333333343	0.333333343	None
  1.9000001	-0.0628899261	-0.295449972	-0.295449972	0.333333343	0.333333343	None
  1.9333334	-0.0719924346	-0.213331878	-0.213331878	0.333333343	0.333333343	None
  1.96666682	-0.07711206	-0.125836417	-0.125836417	0.333333343	0.333333343	None
  2.03333354	-0.07888922	0.136682332	0.136682332	0.333333343	0.333333343	None
  2.10000014	-0.0612057373	0.3174873	0.3174873	0.333333343	0.333333343	None
  2.16666675	-0.0343683548	0.572177052	0.572177052	0.333333343	0.333333343	None
  2.2	-0.0119584715	0.9179735	0.9179735	0.333333343	0.333333343	None
  2.23333335	0.02682982	1.33054781	1.33054781	0.333333343	0.333333343	None
  2.266667	0.07674498	1.49649131	1.49649131	0.333333343	0.333333343	None
  2.33333349	0.165283412	0.8432341	0.8432341	0.333333343	0.333333343	None
  2.4	0.182739854	-0.1938251	-0.1938251	0.333333343	0.333333343	None
  2.4333334	0.169890061	-0.4031136	-0.4031136	0.333333343	0.333333343	None
  2.4666667	0.155865639	-0.4336056	-0.4336056	0.333333343	0.333333343	None
  2.50000024	0.140982941	-0.171699956	-0.171699956	0.333333343	0.333333343	None
  2.53333354	0.14441888	0.223906547	0.223906547	0.333333343	0.333333343	None
  2.60000014	0.175329313	0.626221538	0.626221538	0.333333343	0.333333343	None
  2.63333344	0.197658092	0.980767	0.980767	0.333333343	0.333333343	None
  2.66666675	0.240713716	0.942149639	0.942149639	0.333333343	0.333333343	None
  2.766667	0.265442669	0.042565804	0.042565804	0.333333343	0.333333343	None
  2.83333349	0.27437824	0.179663479	0.179663479	0.333333343	0.333333343	None
  2.86666679	0.280488	0.290043652	0.290043652	0.333333343	0.333333343	None
  2.9	0.293714464	0.303030461	0.303030461	0.333333343	0.333333343	None
  2.966667	0.308166981	0.252361327	0.252361327	0.333333343	0.333333343	None
  3.00000024	0.317514151	0.239489764	0.239489764	0.333333343	0.333333343	None
  3.03333354	0.324132949	0.3031373	0.3031373	0.333333343	0.333333343	None
  3.13333344	0.367072731	0.3244059	0.3244059	0.333333343	0.333333343	None
  3.36666679	0.4121039	0.101314731	0.101314731	0.333333343	0.333333343	None
  3.50000024	0.402065337	-0.328140438	-0.328140438	0.333333343	0.333333343	None
  3.56666684	0.363627523	-0.7518387	-0.7518387	0.333333343	0.333333343	None
  3.60000014	0.3377529	-0.6454751	-0.6454751	0.333333343	0.333333343	None
  3.66666675	0.305160463	-0.4237818	-0.4237818	0.333333343	0.333333343	None
  3.766667	0.283683568	0.118364215	0.118364215	0.333333343	0.333333343	None
  3.80000019	0.2912577	0.169872507	0.169872507	0.333333343	0.333333343	None
  3.93333364	0.3050647	0.256229281	0.256229281	0.333333343	0.333333343	None
  4.033334	0.3457821	0.4496343	0.4496343	0.333333343	0.333333343	None
  4.166667	0.417443067	0.5415792	0.5415792	0.333333343	0.333333343	None
  4.20000029	0.4359421	0.399315149	0.399315149	0.333333343	0.333333343	None
  4.33333349	0.461051	0.2063394	0.2063394	0.333333343	0.333333343	None
  4.4	0.469854742	0.06467706	0.06467706	0.333333343	0.333333343	None
  4.60000038	0.500895441	0.108469531	0.108469531	0.333333343	0.333333343	None
  4.766667	0.4908886	-0.17912659	-0.17912659	0.333333343	0.333333343	None
  4.9666667	0.411996871	-0.285312116	-0.285312116	0.333333343	0.333333343	None
  5.066667	0.3957499	0.0662832558	0.0662832558	0.333333343	0.333333343	None
  5.13333368	0.4089619	0.137465566	0.137465566	0.333333343	0.333333343	None
  5.266667	0.417484939	0.006090408	0.006090408	0.333333343	0.333333343	None
  5.4333334	0.4219296	-0.0232067667	-0.0232067667	0.333333343	0.333333343	None
  5.666667	0.437370449	0.1771498	0.1771498	0.333333343	0.333333343	None
  5.9	0.477966934	0.107689127	0.107689127	0.333333343	0.333333343	None
  6.066667	0.495662659	-0.009192832	-0.009192832	0.333333343	0.333333343	None
  6.13333368	0.495671183	0.13199386	0.13199386	0.333333343	0.333333343	None
  6.40000057	0.5188196	0.0106717087	0.0106717087	0.333333343	0.333333343	None
  6.666667	0.531635344	0.08596041	0.08596041	0.333333343	0.333333343	None
  7.13333368	0.612893164	0.0420150571	0.0420150571	0.333333343	0.333333343	None
  7.266667	0.6287593	0.153477937	0.153477937	0.333333343	0.333333343	None
  7.36666727	0.633220136	0	0	0.333333343	0.333333343	None
FLOAT UnityEngine.Animator||Left Upper Leg In-Out discrete=False keys=161 pre=ClampForever post=ClampForever
  0	0.02545561	-0.004437603	-0.004437603	0.333333343	0.333333343	None
  0.200000018	0.0239910986	-0.0117131211	-0.0117131211	0.333333343	0.333333343	None
  0.400000036	0.02278056	-0.008155338	-0.008155338	0.333333343	0.333333343	None
  0.533333361	0.0224269684	0.00478019565	0.00478019565	0.333333343	0.333333343	None
  0.6333334	0.0230400786	0.0124737546	0.0124737546	0.333333343	0.333333343	None
  0.733333349	0.0248645172	0.0298750289	0.0298750289	0.333333343	0.333333343	None
  0.7666667	0.025998123	0.00311848335	0.00311848335	0.333333343	0.333333343	None
  0.8000001	0.0250724163	-0.115453929	-0.115453929	0.333333343	0.333333343	None
  0.8333334	0.0183012	-0.400743335	-0.400743335	0.333333343	0.333333343	None
  0.866666734	-0.00164381578	-0.51201725	-0.51201725	0.333333343	0.333333343	None
  0.900000036	-0.0158332866	-0.147409469	-0.147409469	0.333333343	0.333333343	None
  0.9333334	-0.0114710974	0.272856146	0.272856146	0.333333343	0.333333343	None
  0.9666667	0.00235711364	0.3056154	0.3056154	0.333333343	0.333333343	None
  1	0.008903243	-0.0271019712	-0.0271019712	0.333333343	0.333333343	None
  1.03333342	0.000550288	-0.5274347	-0.5274347	0.333333343	0.333333343	None
  1.06666672	-0.0262590647	-0.853750467	-0.853750467	0.333333343	0.333333343	None
  1.1	-0.0563663542	-0.7211615	-0.7211615	0.333333343	0.333333343	None
  1.13333344	-0.0743365139	-0.0988155156	-0.0988155156	0.333333343	0.333333343	None
  1.16666675	-0.06295411	0.427087963	0.427087963	0.333333343	0.333333343	None
  1.2	-0.0458640121	0.38753897	0.38753897	0.333333343	0.333333343	None
  1.23333335	-0.0371182077	0.360271752	0.360271752	0.333333343	0.333333343	None
  1.26666677	-0.0218458623	0.230985627	0.230985627	0.333333343	0.333333343	None
  1.30000007	-0.021719126	-0.165894449	-0.165894449	0.333333343	0.333333343	None
  1.33333337	-0.03290548	-0.5546941	-0.5546941	0.333333343	0.333333343	None
  1.36666679	-0.058698792	-0.836200655	-0.836200655	0.333333343	0.333333343	None
  1.4000001	-0.08865223	-0.8546394	-0.8546394	0.333333343	0.333333343	None
  1.4333334	-0.1156747	-0.5993765	-0.5993765	0.333333343	0.333333343	None
  1.4666667	-0.128610626	-0.105965108	-0.105965108	0.333333343	0.333333343	None
  1.53333342	-0.1043823	0.6168449	0.6168449	0.333333343	0.333333343	None
  1.56666672	-0.08161606	0.717917442	0.717917442	0.333333343	0.333333343	None
  1.60000014	-0.05652109	0.8456445	0.8456445	0.333333343	0.333333343	None
  1.63333344	-0.0252397247	0.9569287	0.9569287	0.333333343	0.333333343	None
  1.66666675	0.00727409264	0.8601825	0.8601825	0.333333343	0.333333343	None
  1.7	0.0321057253	0.5747652	0.5747652	0.333333343	0.333333343	None
  1.73333347	0.0455917828	0.3131796	0.3131796	0.333333343	0.333333343	None
  1.76666677	0.0529843941	0.129311487	0.129311487	0.333333343	0.333333343	None
  1.80000007	0.05421254	-0.0230480228	-0.0230480228	0.333333343	0.333333343	None
  1.83333337	0.05144786	0.0177290924	0.0177290924	0.333333343	0.333333343	None
  1.86666679	0.055394493	0.246168584	0.246168584	0.333333343	0.333333343	None
  1.9000001	0.0678591	0.258569777	0.258569777	0.333333343	0.333333343	None
  1.9333334	0.07263246	-0.0176016986	-0.0176016986	0.333333343	0.333333343	None
  1.96666682	0.06668563	-0.231372744	-0.231372744	0.333333343	0.333333343	None
  2	0.05720764	-0.32173866	-0.32173866	0.333333343	0.333333343	None
  2.03333354	0.0452363566	-0.458550781	-0.458550781	0.333333343	0.333333343	None
  2.06666684	0.0266375318	-0.5651195	-0.5651195	0.333333343	0.333333343	None
  2.10000014	0.007561759	-0.448207229	-0.448207229	0.333333343	0.333333343	None
  2.13333344	-0.003242922	-0.157737911	-0.157737911	0.333333343	0.333333343	None
  2.16666675	-0.00295409164	0.1610792	0.1610792	0.333333343	0.333333343	None
  2.2	0.007495681	0.349590749	0.349590749	0.333333343	0.333333343	None
  2.23333335	0.0203519352	0.320484161	0.320484161	0.333333343	0.333333343	None
  2.266667	0.02886133	0.123566814	0.123566814	0.333333343	0.333333343	None
  2.30000019	0.0285897758	-0.07430209	-0.07430209	0.333333343	0.333333343	None
  2.33333349	0.0239078626	-0.08371358	-0.08371358	0.333333343	0.333333343	None
  2.36666679	0.0230088755	0.03707646	0.03707646	0.333333343	0.333333343	None
  2.4	0.0263796244	0.121581517	0.121581517	0.333333343	0.333333343	None
  2.4333334	0.0311143026	0.158352554	0.158352554	0.333333343	0.333333343	None
  2.4666667	0.03693645	0.315459371	0.315459371	0.333333343	0.333333343	None
  2.50000024	0.0521450154	0.450195462	0.450195462	0.333333343	0.333333343	None
  2.53333354	0.06694956	0.4472413	0.4472413	0.333333343	0.333333343	None
  2.60000014	0.09220601	0.174036309	0.174036309	0.333333343	0.333333343	None
  2.63333344	0.09356348	-0.120614588	-0.120614588	0.333333343	0.333333343	None
  2.66666675	0.0841650441	-0.2846012	-0.2846012	0.333333343	0.333333343	None
  2.7	0.07459009	-0.349921823	-0.349921823	0.333333343	0.333333343	None
  2.766667	0.048729632	-0.286550671	-0.286550671	0.333333343	0.333333343	None
  2.83333349	0.03955935	-0.0115380343	-0.0115380343	0.333333343	0.333333343	None
  2.86666679	0.0409642868	0.118918143	0.118918143	0.333333343	0.333333343	None
  2.9	0.0474872179	0.150369361	0.150369361	0.333333343	0.333333343	None
  2.9333334	0.0509889	0.07631707	0.07631707	0.333333343	0.333333343	None
  2.966667	0.05257503	-0.0311610978	-0.0311610978	0.333333343	0.333333343	None
  3.00000024	0.04891151	-0.123185813	-0.123185813	0.333333343	0.333333343	None
  3.03333354	0.04436265	-0.06494702	-0.06494702	0.333333343	0.333333343	None
  3.06666684	0.04458171	0.03149883	0.03149883	0.333333343	0.333333343	None
  3.13333344	0.051636856	0.211814016	0.211814016	0.333333343	0.333333343	None
  3.20000029	0.070372805	0.239988774	0.239988774	0.333333343	0.333333343	None
  3.266667	0.08092242	0.0990189761	0.0990189761	0.333333343	0.333333343	None
  3.33333349	0.0823405161	-0.04726135	-0.04726135	0.333333343	0.333333343	None
  3.4	0.0791863352	-0.0060392227	-0.0060392227	0.333333343	0.333333343	None
  3.466667	0.0801336244	-0.0122670364	-0.0122670364	0.333333343	0.333333343	None
  3.53333354	0.07732729	-0.0204172172	-0.0204172172	0.333333343	0.333333343	None
  3.60000014	0.0780873746	0.008619175	0.008619175	0.333333343	0.333333343	None
  3.66666675	0.0791096762	0.03369583	0.03369583	0.333333343	0.333333343	None
  3.73333359	0.0785671547	-0.1058803	-0.1058803	0.333333343	0.333333343	None
  3.766667	0.07321407	-0.130465344	-0.130465344	0.333333343	0.333333343	None
  3.80000019	0.06986947	-0.0943299159	-0.0943299159	0.333333343	0.333333343	None
  3.83333349	0.0669254139	-0.1615871	-0.1615871	0.333333343	0.333333343	None
  3.93333364	0.0360484868	-0.367639124	-0.367639124	0.333333343	0.333333343	None
  3.966667	0.0235747	-0.386962473	-0.386962473	0.333333343	0.333333343	None
  4	0.0102511067	-0.4329068	-0.4329068	0.333333343	0.333333343	None
  4.033334	-0.00528585352	-0.4713297	-0.4713297	0.333333343	0.333333343	None
  4.066667	-0.021171065	-0.4027151	-0.4027151	0.333333343	0.333333343	None
  4.10000038	-0.0321335	-0.245102525	-0.245102525	0.333333343	0.333333343	None
  4.13333368	-0.03751122	-0.12976104	-0.12976104	0.333333343	0.333333343	None
  4.20000029	-0.0424613059	-0.01270463	-0.01270463	0.333333343	0.333333343	None
  4.266667	-0.04052864	0.0150478762	0.0150478762	0.333333343	0.333333343	None
  4.3	-0.0406280123	-0.027914	-0.027914	0.333333343	0.333333343	None
  4.33333349	-0.04238957	-0.05395006	-0.05395006	0.333333343	0.333333343	None
  4.366667	-0.04422468	-0.06702992	-0.06702992	0.333333343	0.333333343	None
  4.4333334	-0.04772143	0.0192629732	0.0192629732	0.333333343	0.333333343	None
  4.4666667	-0.04557403	0.121713229	0.121713229	0.333333343	0.333333343	None
  4.5	-0.0396072231	0.19472459	0.19472459	0.333333343	0.333333343	None
  4.566667	-0.0253681242	0.221802667	0.221802667	0.333333343	0.333333343	None
  4.60000038	-0.0178054739	0.237447888	0.237447888	0.333333343	0.333333343	None
  4.63333368	-0.009538281	0.231396556	0.231396556	0.333333343	0.333333343	None
  4.666667	-0.00237905164	0.251898259	0.251898259	0.333333343	0.333333343	None
  4.70000029	0.00725492043	0.2544859	0.2544859	0.333333343	0.333333343	None
  4.73333359	0.0145866582	0.183716238	0.183716238	0.333333343	0.333333343	None
  4.766667	0.0195026584	0.149062946	0.149062946	0.333333343	0.333333343	None
  4.8	0.0245241784	0.180679649	0.180679649	0.333333343	0.333333343	None
  4.83333349	0.0315479562	0.131231725	0.131231725	0.333333343	0.333333343	None
  4.866667	0.03327295	0.030792404	0.030792404	0.333333343	0.333333343	None
  4.9	0.03360078	-0.0303742327	-0.0303742327	0.333333343	0.333333343	None
  4.9333334	0.0312480051	-0.0945211351	-0.0945211351	0.333333343	0.333333343	None
  5.00000048	0.0212151371	-0.208324492	-0.208324492	0.333333343	0.333333343	None
  5.033334	0.0134110041	-0.23506327	-0.23506327	0.333333343	0.333333343	None
  5.066667	0.005544267	-0.220819324	-0.220819324	0.333333343	0.333333343	None
  5.10000038	-0.001310271	-0.187645569	-0.187645569	0.333333343	0.333333343	None
  5.13333368	-0.00696542533	-0.145363331	-0.145363331	0.333333343	0.333333343	None
  5.166667	-0.01100115	-0.110449761	-0.110449761	0.333333343	0.333333343	None
  5.20000029	-0.0143287359	-0.07813577	-0.07813577	0.333333343	0.333333343	None
  5.23333359	-0.0162101965	-0.0385209322	-0.0385209322	0.333333343	0.333333343	None
  5.266667	-0.0168967955	-0.02161111	-0.02161111	0.333333343	0.333333343	None
  5.366667	-0.0195544083	-0.02272512	-0.02272512	0.333333343	0.333333343	None
  5.466667	-0.0215026177	-0.0310510285	-0.0310510285	0.333333343	0.333333343	None
  5.566667	-0.02579598	-0.03359174	-0.03359174	0.333333343	0.333333343	None
  5.666667	-0.0284628719	-0.03762629	-0.03762629	0.333333343	0.333333343	None
  5.70000029	-0.0299035888	-0.0304226764	-0.0304226764	0.333333343	0.333333343	None
  5.73333359	-0.0304910485	-0.0221084356	-0.0221084356	0.333333343	0.333333343	None
  5.83333349	-0.032794226	-0.00644507539	-0.00644507539	0.333333343	0.333333343	None
  5.9	-0.0321511738	0.0101237223	0.0101237223	0.333333343	0.333333343	None
  5.966667	-0.0311064422	0.0326494426	0.0326494426	0.333333343	0.333333343	None
  6.033334	-0.0286657438	0.0244905464	0.0244905464	0.333333343	0.333333343	None
  6.066667	-0.02805392	0.0182373617	0.0182373617	0.333333343	0.333333343	None
  6.10000038	-0.02744992	0.05799324	0.05799324	0.333333343	0.333333343	None
  6.13333368	-0.0241877083	0.07262029	0.07262029	0.333333343	0.333333343	None
  6.166667	-0.0226085726	0.0480361171	0.0480361171	0.333333343	0.333333343	None
  6.23333359	-0.01932466	0.0472548679	0.0472548679	0.333333343	0.333333343	None
  6.266667	-0.0178349819	0.07680497	0.07680497	0.333333343	0.333333343	None
  6.3	-0.0142043335	0.09618782	0.09618782	0.333333343	0.333333343	None
  6.366667	-0.008282372	0.111730307	0.111730307	0.333333343	0.333333343	None
  6.40000057	-0.00397372432	0.111863561	0.111863561	0.333333343	0.333333343	None
  6.433334	-0.0008247465	0.0717391446	0.0717391446	0.333333343	0.333333343	None
  6.466667	0.0008088807	0.03723839	0.03723839	0.333333343	0.333333343	None
  6.50000048	0.0016578103	0.0371819548	0.0371819548	0.333333343	0.333333343	None
  6.533334	0.00328767532	0.0446445122	0.0446445122	0.333333343	0.333333343	None
  6.566667	0.00463410839	0.0375444181	0.0375444181	0.333333343	0.333333343	None
  6.60000038	0.005790634	0.0220543668	0.0220543668	0.333333343	0.333333343	None
  6.63333368	0.006104398	0.008167858	0.008167858	0.333333343	0.333333343	None
  6.70000029	0.00674049649	0.0161515381	0.0161515381	0.333333343	0.333333343	None
  6.73333359	0.00741192559	0.0165794753	0.0165794753	0.333333343	0.333333343	None
  6.8	0.008390588	0.0218589343	0.0218589343	0.333333343	0.333333343	None
  6.83333349	0.009303055	0.0205952488	0.0205952488	0.333333343	0.333333343	None
  6.866667	0.009763603	0.0181708448	0.0181708448	0.333333343	0.333333343	None
  6.90000057	0.010514454	0.0226413384	0.0226413384	0.333333343	0.333333343	None
  6.933334	0.0112730348	0.02557669	0.02557669	0.333333343	0.333333343	None
  7.033334	0.0136275236	0.0139818527	0.0139818527	0.333333343	0.333333343	None
  7.10000038	0.0145630706	0.0268987417	0.0268987417	0.333333343	0.333333343	None
  7.166667	0.0175297931	0.0560346134	0.0560346134	0.333333343	0.333333343	None
  7.23333359	0.02106432	0.0474714264	0.0474714264	0.333333343	0.333333343	None
  7.3	0.0239939485	0.0423948951	0.0423948951	0.333333343	0.333333343	None
  7.33333349	0.0254560765	0.02193194	0.02193194	0.333333343	0.333333343	None
  7.36666727	0.0254560765	0	0	0.333333343	0.333333343	None
FLOAT UnityEngine.Animator||Left Upper Leg Twist In-Out discrete=False keys=170 pre=ClampForever post=ClampForever
  0	-0.111131623	0.002421364	0.002421364	0.333333343	0.333333343	None
  0.13333334	-0.109678529	0.0227903966	0.0227903966	0.333333343	0.333333343	None
  0.266666681	-0.107228324	0.05101048	0.05101048	0.333333343	0.333333343	None
  0.533333361	-0.08752095	0.119663529	0.119663529	0.333333343	0.333333343	None
  0.700000048	-0.065987125	0.128934637	0.128934637	0.333333343	0.333333343	None
  0.733333349	-0.06163947	0.105748519	0.105748519	0.333333343	0.333333343	None
  0.7666667	-0.0589372255	0.133153915	0.133153915	0.333333343	0.333333343	None
  0.8000001	-0.0527625345	0.3861205	0.3861205	0.333333343	0.333333343	None
  0.8333334	-0.03319587	0.5551243	0.5551243	0.333333343	0.333333343	None
  0.866666734	-0.0157542527	0.319203436	0.319203436	0.333333343	0.333333343	None
  0.900000036	-0.0119156316	0.156943709	0.156943709	0.333333343	0.333333343	None
  0.9333334	-0.005291337	0.8376393	0.8376393	0.333333343	0.333333343	None
  0.9666667	0.0439269468	1.72101223	1.72101223	0.333333343	0.333333343	None
  1	0.1094427	2.18022156	2.18022156	0.333333343	0.333333343	None
  1.03333342	0.18927519	2.29655123	2.29655123	0.333333343	0.333333343	None
  1.06666672	0.262546271	1.55166626	1.55166626	0.333333343	0.333333343	None
  1.1	0.2927195	0.4677061	0.4677061	0.333333343	0.333333343	None
  1.13333344	0.293726653	0.029079143	0.029079143	0.333333343	0.333333343	None
  1.2	0.2995265	0.20681864	0.20681864	0.333333343	0.333333343	None
  1.23333335	0.30844602	0.48690778	0.48690778	0.333333343	0.333333343	None
  1.26666677	0.331987083	0.3685069	0.3685069	0.333333343	0.333333343	None
  1.30000007	0.3330132	-0.223362952	-0.223362952	0.333333343	0.333333343	None
  1.33333337	0.317096233	-0.9557601	-0.9557601	0.333333343	0.333333343	None
  1.4000001	0.20809643	-1.804913	-1.804913	0.333333343	0.333333343	None
  1.4666667	0.101027839	-1.18668413	-1.18668413	0.333333343	0.333333343	None
  1.50000012	0.06985601	-0.437929958	-0.437929958	0.333333343	0.333333343	None
  1.53333342	0.0718324259	-0.0232394654	-0.0232394654	0.333333343	0.333333343	None
  1.56666672	0.0683067143	-0.128181279	-0.128181279	0.333333343	0.333333343	None
  1.63333344	0.05475343	-0.328469872	-0.328469872	0.333333343	0.333333343	None
  1.66666675	0.0413890257	-0.6889677	-0.6889677	0.333333343	0.333333343	None
  1.7	0.008822294	-0.7359987	-0.7359987	0.333333343	0.333333343	None
  1.73333347	-0.00767756533	-0.391980529	-0.391980529	0.333333343	0.333333343	None
  1.76666677	-0.0173097756	-0.155890629	-0.155890629	0.333333343	0.333333343	None
  1.80000007	-0.0180702638	0.00344518851	0.00344518851	0.333333343	0.333333343	None
  1.83333337	-0.0170800965	0.08274569	0.08274569	0.333333343	0.333333343	None
  1.86666679	-0.0125538735	0.09486791	0.09486791	0.333333343	0.333333343	None
  1.9000001	-0.0107555594	-0.0363677442	-0.0363677442	0.333333343	0.333333343	None
  1.9333334	-0.0149783874	-0.19522059	-0.19522059	0.333333343	0.333333343	None
  1.96666682	-0.0237702839	-0.230683342	-0.230683342	0.333333343	0.333333343	None
  2	-0.03035727	-0.106199034	-0.106199034	0.333333343	0.333333343	None
  2.03333354	-0.0308501925	0.232386261	0.232386261	0.333333343	0.333333343	None
  2.06666684	-0.0148648722	0.671837	0.671837	0.333333343	0.333333343	None
  2.10000014	0.0139388926	0.928521931	0.928521931	0.333333343	0.333333343	None
  2.13333344	0.04703653	0.963412344	0.963412344	0.333333343	0.333333343	None
  2.16666675	0.07816632	0.8582275	0.8582275	0.333333343	0.333333343	None
  2.2	0.104251638	0.5956679	0.5956679	0.333333343	0.333333343	None
  2.266667	0.120478541	-0.0336070471	-0.0336070471	0.333333343	0.333333343	None
  2.33333349	0.100767188	-0.5851184	-0.5851184	0.333333343	0.333333343	None
  2.36666679	0.07662917	-0.492404878	-0.492404878	0.333333343	0.333333343	None
  2.4	0.06794023	-0.223567754	-0.223567754	0.333333343	0.333333343	None
  2.4333334	0.0617246665	-0.20157066	-0.20157066	0.333333343	0.333333343	None
  2.4666667	0.0545021966	0.164592341	0.164592341	0.333333343	0.333333343	None
  2.50000024	0.07269761	0.513144255	0.513144255	0.333333343	0.333333343	None
  2.53333354	0.08871191	0.243360072	0.243360072	0.333333343	0.333333343	None
  2.56666684	0.0889216	-0.325928062	-0.325928062	0.333333343	0.333333343	None
  2.60000014	0.0669833943	-0.812073	-0.812073	0.333333343	0.333333343	None
  2.63333344	0.0347834527	-0.9490074	-0.9490074	0.333333343	0.333333343	None
  2.66666675	0.00371629838	-0.5471461	-0.5471461	0.333333343	0.333333343	None
  2.7	-0.0016929172	0.006993346	0.006993346	0.333333343	0.333333343	None
  2.73333359	0.004182563	0.159765229	0.159765229	0.333333343	0.333333343	None
  2.766667	0.00895813	0.04854788	0.04854788	0.333333343	0.333333343	None
  2.80000019	0.0074190856	-0.09011908	-0.09011908	0.333333343	0.333333343	None
  2.83333349	0.00295019732	-0.16190666	-0.16190666	0.333333343	0.333333343	None
  2.86666679	-0.00337468158	-0.130779028	-0.130779028	0.333333343	0.333333343	None
  2.9	-0.005768396	0.00337505713	0.00337505713	0.333333343	0.333333343	None
  2.9333334	-0.003149678	0.08039516	0.08039516	0.333333343	0.333333343	None
  2.966667	-0.0004087038	0.009809677	0.009809677	0.333333343	0.333333343	None
  3.00000024	-0.00249568047	-0.107467338	-0.107467338	0.333333343	0.333333343	None
  3.03333354	-0.00757318642	-0.165071741	-0.165071741	0.333333343	0.333333343	None
  3.06666684	-0.013500453	-0.173593342	-0.173593342	0.333333343	0.333333343	None
  3.10000014	-0.0191460643	-0.162576228	-0.162576228	0.333333343	0.333333343	None
  3.13333344	-0.0243388582	-0.128756613	-0.128756613	0.333333343	0.333333343	None
  3.20000029	-0.0305695031	-0.107514165	-0.107514165	0.333333343	0.333333343	None
  3.23333359	-0.0348974541	-0.0393870771	-0.0393870771	0.333333343	0.333333343	None
  3.266667	-0.0331953056	0.07702116	0.07702116	0.333333343	0.333333343	None
  3.33333349	-0.0261763744	0.073190406	0.073190406	0.333333343	0.333333343	None
  3.4	-0.0253295917	-0.0182801373	-0.0182801373	0.333333343	0.333333343	None
  3.4333334	-0.0261020344	0.05284048	0.05284048	0.333333343	0.333333343	None
  3.466667	-0.0218068659	0.09244847	0.09244847	0.333333343	0.333333343	None
  3.50000024	-0.0199387781	0.132354409	0.132354409	0.333333343	0.333333343	None
  3.53333354	-0.0129832476	0.4189554	0.4189554	0.333333343	0.333333343	None
  3.56666684	0.007991557	0.6904147	0.6904147	0.333333343	0.333333343	None
  3.60000014	0.0330443569	0.608187437	0.608187437	0.333333343	0.333333343	None
  3.63333344	0.0485373437	0.324495465	0.324495465	0.333333343	0.333333343	None
  3.66666675	0.0546773672	0.0142235458	0.0142235458	0.333333343	0.333333343	None
  3.70000029	0.0494855419	-0.262604833	-0.262604833	0.333333343	0.333333343	None
  3.73333359	0.037170358	-0.448674053	-0.448674053	0.333333343	0.333333343	None
  3.766667	0.0195739679	-0.33668983	-0.33668983	0.333333343	0.333333343	None
  3.80000019	0.0147243915	-0.1078017	-0.1078017	0.333333343	0.333333343	None
  3.83333349	0.0123871947	-0.0066673886	-0.0066673886	0.333333343	0.333333343	None
  3.86666679	0.0142798992	0.117650867	0.117650867	0.333333343	0.333333343	None
  3.9	0.0202305783	0.183302745	0.183302745	0.333333343	0.333333343	None
  3.93333364	0.0265001152	0.161443442	0.161443442	0.333333343	0.333333343	None
  3.966667	0.0309935082	0.123185858	0.123185858	0.333333343	0.333333343	None
  4	0.03471247	0.156632036	0.156632036	0.333333343	0.333333343	None
  4.033334	0.0414357036	0.166801214	0.166801214	0.333333343	0.333333343	None
  4.066667	0.0458326377	0.06852743	0.06852743	0.333333343	0.333333343	None
  4.10000038	0.0460041948	-0.0142102456	-0.0142102456	0.333333343	0.333333343	None
  4.13333368	0.04488529	-0.036619395	-0.036619395	0.333333343	0.333333343	None
  4.23333359	0.0373262875	-0.143578112	-0.143578112	0.333333343	0.333333343	None
  4.266667	0.0316162668	-0.143726751	-0.143726751	0.333333343	0.333333343	None
  4.3	0.027744513	-0.07518412	-0.07518412	0.333333343	0.333333343	None
  4.33333349	0.0266039968	-0.05140333	-0.05140333	0.333333343	0.333333343	None
  4.366667	0.0243176278	-0.102844261	-0.102844261	0.333333343	0.333333343	None
  4.4	0.01974772	-0.115380332	-0.115380332	0.333333343	0.333333343	None
  4.4333334	0.016625613	-0.0226863977	-0.0226863977	0.333333343	0.333333343	None
  4.4666667	0.0182352941	0.009857071	0.009857071	0.333333343	0.333333343	None
  4.5	0.01728275	-0.0849588662	-0.0849588662	0.333333343	0.333333343	None
  4.533334	0.0125713078	-0.20190528	-0.20190528	0.333333343	0.333333343	None
  4.566667	0.00382234366	-0.289893448	-0.289893448	0.333333343	0.333333343	None
  4.60000038	-0.00675490452	-0.271746933	-0.271746933	0.333333343	0.333333343	None
  4.666667	-0.01940273	-0.124813206	-0.124813206	0.333333343	0.333333343	None
  4.73333359	-0.0254173912	-0.09136853	-0.09136853	0.333333343	0.333333343	None
  4.766667	-0.0287062041	-0.0876733363	-0.0876733363	0.333333343	0.333333343	None
  4.8	-0.0312622748	0.004226271	0.004226271	0.333333343	0.333333343	None
  4.83333349	-0.028424453	0.112824962	0.112824962	0.333333343	0.333333343	None
  4.866667	-0.0237406176	0.235604227	0.235604227	0.333333343	0.333333343	None
  4.9	-0.012717519	0.364450872	0.364450872	0.333333343	0.333333343	None
  4.9333334	0.000556084444	0.40681684	0.40681684	0.333333343	0.333333343	None
  4.9666667	0.0144035779	0.455820918	0.455820918	0.333333343	0.333333343	None
  5.00000048	0.030944353	0.451702952	0.451702952	0.333333343	0.333333343	None
  5.033334	0.0445173159	0.21363014	0.21363014	0.333333343	0.333333343	None
  5.066667	0.04518635	-0.113446206	-0.113446206	0.333333343	0.333333343	None
  5.10000038	0.0369542427	-0.2182177	-0.2182177	0.333333343	0.333333343	None
  5.13333368	0.0306385159	-0.109090157	-0.109090157	0.333333343	0.333333343	None
  5.20000029	0.0305852052	0.0094382	0.0094382	0.333333343	0.333333343	None
  5.23333359	0.0303107854	-0.005028951	-0.005028951	0.333333343	0.333333343	None
  5.266667	0.0302499421	-0.028255254	-0.028255254	0.333333343	0.333333343	None
  5.33333349	0.0262850225	-0.0499027967	-0.0499027967	0.333333343	0.333333343	None
  5.366667	0.0251002535	-0.009991685	-0.009991685	0.333333343	0.333333343	None
  5.4333334	0.0274044313	0.0549777523	0.0549777523	0.333333343	0.333333343	None
  5.466667	0.0292841177	0.0310667865	0.0310667865	0.333333343	0.333333343	None
  5.50000048	0.0294755753	-0.026249826	-0.026249826	0.333333343	0.333333343	None
  5.566667	0.0254878849	-0.0341460072	-0.0341460072	0.333333343	0.333333343	None
  5.60000038	0.0252577327	0.0167033877	0.0167033877	0.333333343	0.333333343	None
  5.63333368	0.0266014431	0.00901047047	0.00901047047	0.333333343	0.333333343	None
  5.666667	0.02585843	-0.0282521248	-0.0282521248	0.333333343	0.333333343	None
  5.73333359	0.0235255621	-0.0260715988	-0.0260715988	0.333333343	0.333333343	None
  5.8	0.0219754651	-0.0484184735	-0.0484184735	0.333333343	0.333333343	None
  5.9	0.01494696	-0.0505641475	-0.0505641475	0.333333343	0.333333343	None
  5.966667	0.012773159	-0.0421932563	-0.0421932563	0.333333343	0.333333343	None
  6.00000048	0.0109227542	-0.0188763291	-0.0188763291	0.333333343	0.333333343	None
  6.033334	0.0115147382	-0.0260516629	-0.0260516629	0.333333343	0.333333343	None
  6.066667	0.009185978	-0.115216404	-0.115216404	0.333333343	0.333333343	None
  6.10000038	0.00383365178	-0.0730979145	-0.0730979145	0.333333343	0.333333343	None
  6.13333368	0.0043127886	0.0183022544	0.0183022544	0.333333343	0.333333343	None
  6.166667	0.005053801	-0.007873527	-0.007873527	0.333333343	0.333333343	None
  6.20000029	0.00378788728	-0.0435694233	-0.0435694233	0.333333343	0.333333343	None
  6.23333359	0.00214917562	-0.12454623	-0.12454623	0.333333343	0.333333343	None
  6.266667	-0.00451518735	-0.07186481	-0.07186481	0.333333343	0.333333343	None
  6.3	-0.00264180778	-0.0155193117	-0.0155193117	0.333333343	0.333333343	None
  6.33333349	-0.005549807	-0.0899058953	-0.0899058953	0.333333343	0.333333343	None
  6.366667	-0.008635528	-0.07485913	-0.07485913	0.333333343	0.333333343	None
  6.40000057	-0.0105404379	-0.0611613765	-0.0611613765	0.333333343	0.333333343	None
  6.433334	-0.0127129769	-0.0868584961	-0.0868584961	0.333333343	0.333333343	None
  6.466667	-0.0163309984	-0.09836448	-0.09836448	0.333333343	0.333333343	None
  6.50000048	-0.0192706026	-0.11117734	-0.11117734	0.333333343	0.333333343	None
  6.533334	-0.0237428136	-0.113411143	-0.113411143	0.333333343	0.333333343	None
  6.566667	-0.0268313382	-0.07859338	-0.07859338	0.333333343	0.333333343	None
  6.60000038	-0.0289823674	-0.07846936	-0.07846936	0.333333343	0.333333343	None
  6.63333368	-0.0320626236	-0.0853211	-0.0853211	0.333333343	0.333333343	None
  6.766667	-0.043114014	-0.109840252	-0.109840252	0.333333343	0.333333343	None
  6.8	-0.0472576953	-0.118961781	-0.118961781	0.333333343	0.333333343	None
  6.83333349	-0.0510447919	-0.1453048	-0.1453048	0.333333343	0.333333343	None
  6.90000057	-0.0631251	-0.181651279	-0.181651279	0.333333343	0.333333343	None
  7.066667	-0.088274844	-0.141576409	-0.141576409	0.333333343	0.333333343	None
  7.10000038	-0.0927551538	-0.09059807	-0.09059807	0.333333343	0.333333343	None
  7.20000029	-0.09576717	-0.08681067	-0.08681067	0.333333343	0.333333343	None
  7.3	-0.109415427	-0.09492671	-0.09492671	0.333333343	0.333333343	None
  7.36666727	-0.111134768	0	0	0.333333343	0.333333343	None
FLOAT UnityEngine.Animator||LeftFootQ.w discrete=False keys=48 pre=ClampForever post=ClampForever
  0	-0.5359085	-0.0124257794	-0.0124257794	0.333333343	0.333333343	None
  0.700000048	-0.5422491	-0.0172832645	-0.0172832645	0.333333343	0.333333343	None
  0.866666734	-0.5754635	-0.6008034	-0.6008034	0.333333343	0.333333343	None
  0.9333334	-0.622435451	-0.5586209	-0.5586209	0.333333343	0.333333343	None
  1.03333342	-0.676228166	-0.7391404	-0.7391404	0.333333343	0.333333343	None
  1.1	-0.728314042	-0.6474625	-0.6474625	0.333333343	0.333333343	None
  1.13333344	-0.7472523	-0.7865343	-0.7865343	0.333333343	0.333333343	None
  1.23333335	-0.8263531	-0.06467751	-0.06467751	0.333333343	0.333333343	None
  1.30000007	-0.792932749	0.6776518	0.6776518	0.333333343	0.333333343	None
  1.36666679	-0.7387867	1.529363	1.529363	0.333333343	0.333333343	None
  1.4333334	-0.606976867	1.52134061	1.52134061	0.333333343	0.333333343	None
  1.4666667	-0.5692794	0.519543648	0.519543648	0.333333343	0.333333343	None
  1.50000012	-0.572340667	0.260318637	0.260318637	0.333333343	0.333333343	None
  1.53333342	-0.5519248	0.415346742	0.415346742	0.333333343	0.333333343	None
  1.60000014	-0.536634	0.236370355	0.236370355	0.333333343	0.333333343	None
  1.83333337	-0.486135125	0.05587309	0.05587309	0.333333343	0.333333343	None
  1.9333334	-0.491651	-0.170272738	-0.170272738	0.333333343	0.333333343	None
  2	-0.495472342	0.2664976	0.2664976	0.333333343	0.333333343	None
  2.06666684	-0.467720926	-0.09837234	-0.09837234	0.333333343	0.333333343	None
  2.10000014	-0.486370832	-1.12333083	-1.12333083	0.333333343	0.333333343	None
  2.13333344	-0.5426096	-1.54380536	-1.54380536	0.333333343	0.333333343	None
  2.2	-0.618144155	-0.695540369	-0.695540369	0.333333343	0.333333343	None
  2.30000019	-0.6442818	0.225567728	0.225567728	0.333333343	0.333333343	None
  2.4	-0.5988739	0.454019725	0.454019725	0.333333343	0.333333343	None
  2.4666667	-0.559361756	0.5732863	0.5732863	0.333333343	0.333333343	None
  2.50000024	-0.5447321	0.0379132777	0.0379132777	0.333333343	0.333333343	None
  2.56666684	-0.569252968	-0.2109488	-0.2109488	0.333333343	0.333333343	None
  2.60000014	-0.570897341	-0.139816537	-0.139816537	0.333333343	0.333333343	None
  2.66666675	-0.580672443	0.0011408329	0.0011408329	0.333333343	0.333333343	None
  3.00000024	-0.561312437	0.000883341767	0.000883341767	0.333333343	0.333333343	None
  3.36666679	-0.6069693	-0.20029147	-0.20029147	0.333333343	0.333333343	None
  3.53333354	-0.6228676	-0.1643087	-0.1643087	0.333333343	0.333333343	None
  3.63333344	-0.6263459	0.284155279	0.284155279	0.333333343	0.333333343	None
  3.70000029	-0.608499348	0.0231862068	0.0231862068	0.333333343	0.333333343	None
  3.73333359	-0.6127439	-0.000373721123	-0.000373721123	0.333333343	0.333333343	None
  3.83333349	-0.602579	0.04523997	0.04523997	0.333333343	0.333333343	None
  4	-0.5995241	-0.0600939468	-0.0600939468	0.333333343	0.333333343	None
  4.33333349	-0.5821514	0.0363091	0.0363091	0.333333343	0.333333343	None
  4.70000029	-0.5599559	0.119836748	0.119836748	0.333333343	0.333333343	None
  4.9	-0.5312364	0.2655604	0.2655604	0.333333343	0.333333343	None
  4.9666667	-0.521259248	-0.186545938	-0.186545938	0.333333343	0.333333343	None
  5.033334	-0.550291955	-0.190735638	-0.190735638	0.333333343	0.333333343	None
  5.10000038	-0.5428046	0.116061084	0.116061084	0.333333343	0.333333343	None
  5.63333368	-0.530298054	-0.0255748872	-0.0255748872	0.333333343	0.333333343	None
  6.10000038	-0.5499139	-0.01803072	-0.01803072	0.333333343	0.333333343	None
  6.433334	-0.5510282	0.0266853236	0.0266853236	0.333333343	0.333333343	None
  7.10000038	-0.535543	0.008308598	0.008308598	0.333333343	0.333333343	None
  7.36666727	-0.5359086	0	0	0.333333343	0.333333343	None
FLOAT UnityEngine.Animator||LeftFootQ.x discrete=False keys=56 pre=ClampForever post=ClampForever
  0	0.459138066	-0.0165519118	-0.0165519118	0.333333343	0.333333343	None
  0.733333349	0.456952333	-0.008580374	-0.008580374	0.333333343	0.333333343	None
  0.900000036	0.431219637	-0.308158964	-0.308158964	0.333333343	0.333333343	None
  0.9666667	0.4103555	-0.326737642	-0.326737642	0.333333343	0.333333343	None
  1	0.3972175	-0.492432415	-0.492432415	0.333333343	0.333333343	None
  1.06666672	0.3657424	-0.171958819	-0.171958819	0.333333343	0.333333343	None
  1.1	0.366062731	0.0970188454	0.0970188454	0.333333343	0.333333343	None
  1.16666675	0.3606748	-0.8281355	-0.8281355	0.333333343	0.333333343	None
  1.2	0.317001343	-1.53667879	-1.53667879	0.333333343	0.333333343	None
  1.23333335	0.258229643	-1.03933716	-1.03933716	0.333333343	0.333333343	None
  1.33333337	0.326411724	1.772646	1.772646	0.333333343	0.333333343	None
  1.36666679	0.3934202	2.36831	2.36831	0.333333343	0.333333343	None
  1.4333334	0.5664715	2.05802822	2.05802822	0.333333343	0.333333343	None
  1.50000012	0.630996943	-0.6276925	-0.6276925	0.333333343	0.333333343	None
  1.53333342	0.5796548	-1.28146672	-1.28146672	0.333333343	0.333333343	None
  1.56666672	0.5455659	-0.9784781	-0.9784781	0.333333343	0.333333343	None
  1.66666675	0.4916017	0.0206646547	0.0206646547	0.333333343	0.333333343	None
  1.73333347	0.5018132	0.129800051	0.129800051	0.333333343	0.333333343	None
  1.9000001	0.5280994	0.123953044	0.123953044	0.333333343	0.333333343	None
  2	0.569243968	0.9780277	0.9780277	0.333333343	0.333333343	None
  2.06666684	0.650291264	0.571900249	0.571900249	0.333333343	0.333333343	None
  2.13333344	0.6137634	-1.34946084	-1.34946084	0.333333343	0.333333343	None
  2.16666675	0.5592772	-1.49788642	-1.49788642	0.333333343	0.333333343	None
  2.23333335	0.479853272	-0.885442734	-0.885442734	0.333333343	0.333333343	None
  2.30000019	0.4530634	0.2395215	0.2395215	0.333333343	0.333333343	None
  2.36666679	0.493297875	0.700738549	0.700738549	0.333333343	0.333333343	None
  2.4333334	0.551664352	1.07009864	1.07009864	0.333333343	0.333333343	None
  2.4666667	0.58889854	0.5730311	0.5730311	0.333333343	0.333333343	None
  2.53333354	0.5514218	-1.494184	-1.494184	0.333333343	0.333333343	None
  2.60000014	0.437409222	-0.8425229	-0.8425229	0.333333343	0.333333343	None
  2.63333344	0.434086084	0.3968913	0.3968913	0.333333343	0.333333343	None
  2.66666675	0.463868618	0.6240639	0.6240639	0.333333343	0.333333343	None
  2.766667	0.477857977	-0.0558186136	-0.0558186136	0.333333343	0.333333343	None
  3.03333354	0.446257472	-0.008798549	-0.008798549	0.333333343	0.333333343	None
  3.13333344	0.4377654	-0.217698574	-0.217698574	0.333333343	0.333333343	None
  3.4333334	0.389893949	-0.0372003838	-0.0372003838	0.333333343	0.333333343	None
  3.56666684	0.387096465	0.07007412	0.07007412	0.333333343	0.333333343	None
  3.63333344	0.404225737	0.337556779	0.337556779	0.333333343	0.333333343	None
  3.70000029	0.41346544	-0.118092313	-0.118092313	0.333333343	0.333333343	None
  3.73333359	0.40643543	-0.042229183	-0.042229183	0.333333343	0.333333343	None
  3.80000019	0.414715171	0.0588110648	0.0588110648	0.333333343	0.333333343	None
  3.9	0.413725436	0.08595945	0.08595945	0.333333343	0.333333343	None
  4.033334	0.42940256	-0.00125993229	-0.00125993229	0.333333343	0.333333343	None
  4.266667	0.434945077	0.0262445472	0.0262445472	0.333333343	0.333333343	None
  4.533334	0.45108825	0.009612515	0.009612515	0.333333343	0.333333343	None
  4.8	0.46478194	0.07238931	0.07238931	0.333333343	0.333333343	None
  4.9	0.482739419	0.2656319	0.2656319	0.333333343	0.333333343	None
  4.9666667	0.487855852	-0.351851285	-0.351851285	0.333333343	0.333333343	None
  5.033334	0.446448028	-0.278665245	-0.278665245	0.333333343	0.333333343	None
  5.10000038	0.4552604	0.188484371	0.188484371	0.333333343	0.333333343	None
  5.566667	0.472960234	0.0142063331	0.0142063331	0.333333343	0.333333343	None
  6.10000038	0.461417854	-0.0293040555	-0.0293040555	0.333333343	0.333333343	None
  6.50000048	0.4441772	0.028115388	0.028115388	0.333333343	0.333333343	None
  7.066667	0.46181348	0.007718064	0.007718064	0.333333343	0.333333343	None
  7.3	0.460499346	-0.0455649644	-0.0455649644	0.333333343	0.333333343	None
  7.36666727	0.459138066	0	0	0.333333343	0.333333343	None
FLOAT UnityEngine.Animator||LeftFootQ.y discrete=False keys=74 pre=ClampForever post=ClampForever
  0	-0.441848367	0.0153958788	0.0153958788	0.333333343	0.333333343	None
  0.733333349	-0.436424851	0.03371894	0.03371894	0.333333343	0.333333343	None
  0.8000001	-0.4295984	0.269719034	0.269719034	0.333333343	0.333333343	None
  0.866666734	-0.384501845	1.32142234	1.32142234	0.333333343	0.333333343	None
  0.9333334	-0.274734646	1.42924666	1.42924666	0.333333343	0.333333343	None
  0.9666667	-0.2337409	1.188922	1.188922	0.333333343	0.333333343	None
  1.03333342	-0.159187168	1.14077044	1.14077044	0.333333343	0.333333343	None
  1.06666672	-0.11942184	0.821225	0.821225	0.333333343	0.333333343	None
  1.1	-0.104438886	-0.05123104	-0.05123104	0.333333343	0.333333343	None
  1.13333344	-0.122837305	-0.6315787	-0.6315787	0.333333343	0.333333343	None
  1.16666675	-0.146544158	-0.95882	-0.95882	0.333333343	0.333333343	None
  1.2	-0.186758578	-1.43418264	-1.43418264	0.333333343	0.333333343	None
  1.23333335	-0.242156237	-0.9156893	-0.9156893	0.333333343	0.333333343	None
  1.26666677	-0.2478045	0.157548949	0.157548949	0.333333343	0.333333343	None
  1.30000007	-0.231653	0.7456059	0.7456059	0.333333343	0.333333343	None
  1.33333337	-0.198097482	0.9898718	0.9898718	0.333333343	0.333333343	None
  1.36666679	-0.1656615	0.5103344	0.5103344	0.333333343	0.333333343	None
  1.4000001	-0.1640751	0.2370125	0.2370125	0.333333343	0.333333343	None
  1.4333334	-0.14986068	0.409628272	0.409628272	0.333333343	0.333333343	None
  1.4666667	-0.136766583	-0.360780478	-0.360780478	0.333333343	0.333333343	None
  1.50000012	-0.173912823	-1.598875	-1.598875	0.333333343	0.333333343	None
  1.53333342	-0.243358284	-0.9598755	-0.9598755	0.333333343	0.333333343	None
  1.56666672	-0.237904459	0.176646322	0.176646322	0.333333343	0.333333343	None
  1.60000014	-0.231581852	0.345454216	0.345454216	0.333333343	0.333333343	None
  1.63333344	-0.214874178	0.64057827	0.64057827	0.333333343	0.333333343	None
  1.7	-0.165000334	0.516822457	0.516822457	0.333333343	0.333333343	None
  1.76666677	-0.151661485	-0.0326670967	-0.0326670967	0.333333343	0.333333343	None
  1.9000001	-0.202192947	-0.5951818	-0.5951818	0.333333343	0.333333343	None
  1.9333334	-0.222416148	-0.6928402	-0.6928402	0.333333343	0.333333343	None
  2	-0.275704533	-0.67507714	-0.67507714	0.333333343	0.333333343	None
  2.03333354	-0.293387473	-0.115023404	-0.115023404	0.333333343	0.333333343	None
  2.13333344	-0.238965824	0.3852952	0.3852952	0.333333343	0.333333343	None
  2.16666675	-0.233030438	0.156165734	0.156165734	0.333333343	0.333333343	None
  2.2	-0.228554785	-0.239068419	-0.239068419	0.333333343	0.333333343	None
  2.23333335	-0.248968318	-0.826968551	-0.826968551	0.333333343	0.333333343	None
  2.266667	-0.283686221	-0.7125819	-0.7125819	0.333333343	0.333333343	None
  2.30000019	-0.29647398	0.06136006	0.06136006	0.333333343	0.333333343	None
  2.36666679	-0.2566055	0.5355585	0.5355585	0.333333343	0.333333343	None
  2.4333334	-0.2444291	-0.147410333	-0.147410333	0.333333343	0.333333343	None
  2.50000024	-0.259591877	0.141161174	0.141161174	0.333333343	0.333333343	None
  2.56666684	-0.226397991	0.29913187	0.29913187	0.333333343	0.333333343	None
  2.60000014	-0.224366233	-0.252794445	-0.252794445	0.333333343	0.333333343	None
  2.63333344	-0.243250936	0.0351722836	0.0351722836	0.333333343	0.333333343	None
  2.66666675	-0.222021416	0.518401563	0.518401563	0.333333343	0.333333343	None
  2.7	-0.208690867	0.228760257	0.228760257	0.333333343	0.333333343	None
  2.80000019	-0.217591971	-0.184325159	-0.184325159	0.333333343	0.333333343	None
  2.9333334	-0.23312895	-0.04905905	-0.04905905	0.333333343	0.333333343	None
  3.10000014	-0.249575809	-0.1285689	-0.1285689	0.333333343	0.333333343	None
  3.20000029	-0.254131466	0.0697905347	0.0697905347	0.333333343	0.333333343	None
  3.30000019	-0.2528513	-0.08248963	-0.08248963	0.333333343	0.333333343	None
  3.466667	-0.277184665	-0.253042936	-0.253042936	0.333333343	0.333333343	None
  3.53333354	-0.293473333	-0.25005275	-0.25005275	0.333333343	0.333333343	None
  3.60000014	-0.303671777	0.0918541253	0.0918541253	0.333333343	0.333333343	None
  3.70000029	-0.271177053	0.3185657	0.3185657	0.333333343	0.333333343	None
  3.73333359	-0.263547778	0.221974015	0.221974015	0.333333343	0.333333343	None
  3.766667	-0.2563788	0.07839702	0.07839702	0.333333343	0.333333343	None
  3.80000019	-0.258321315	-0.0007215142	-0.0007215142	0.333333343	0.333333343	None
  3.83333349	-0.2564269	-0.0121794734	-0.0121794734	0.333333343	0.333333343	None
  3.9	-0.261641026	-0.06501572	-0.06501572	0.333333343	0.333333343	None
  4	-0.2751758	-0.2827192	-0.2827192	0.333333343	0.333333343	None
  4.10000038	-0.307360351	-0.2192091	-0.2192091	0.333333343	0.333333343	None
  4.23333359	-0.322642684	-0.08421786	-0.08421786	0.333333343	0.333333343	None
  4.4	-0.3285328	-0.1169194	-0.1169194	0.333333343	0.333333343	None
  4.666667	-0.374255121	-0.1594074	-0.1594074	0.333333343	0.333333343	None
  4.9	-0.412914	-0.0591999851	-0.0591999851	0.333333343	0.333333343	None
  4.9666667	-0.409163356	0.177795634	0.177795634	0.333333343	0.333333343	None
  5.033334	-0.402264982	-0.000132769463	-0.000132769463	0.333333343	0.333333343	None
  5.266667	-0.3948372	-0.0308668911	-0.0308668911	0.333333343	0.333333343	None
  5.63333368	-0.4010946	-0.0309259	-0.0309259	0.333333343	0.333333343	None
  6.166667	-0.395634025	0.0293027144	0.0293027144	0.333333343	0.333333343	None
  6.466667	-0.407215565	0.00085741363	0.00085741363	0.333333343	0.333333343	None
  6.83333349	-0.429861456	-0.07168568	-0.07168568	0.333333343	0.333333343	None
  7.13333368	-0.440339327	0.0482815951	0.0482815951	0.333333343	0.333333343	None
  7.36666727	-0.441848457	0	0	0.333333343	0.333333343	None
FLOAT UnityEngine.Animator||LeftFootQ.z discrete=False keys=48 pre=ClampForever post=ClampForever
  0	0.553863049	0.0139600029	0.0139600029	0.333333343	0.333333343	None
  0.7666667	0.5529466	0.0190338325	0.0190338325	0.333333343	0.333333343	None
  0.866666734	0.572539449	0.424684048	0.424684048	0.333333343	0.333333343	None
  1.03333342	0.6122488	-0.235635847	-0.235635847	0.333333343	0.333333343	None
  1.13333344	0.5366421	-1.21556926	-1.21556926	0.333333343	0.333333343	None
  1.2	0.450344	-0.761564851	-0.761564851	0.333333343	0.333333343	None
  1.23333335	0.437971056	0.09206727	0.09206727	0.333333343	0.333333343	None
  1.26666677	0.456481874	0.8069522	0.8069522	0.333333343	0.333333343	None
  1.30000007	0.491767883	0.7601593	0.7601593	0.333333343	0.333333343	None
  1.36666679	0.5215088	0.452131569	0.452131569	0.333333343	0.333333343	None
  1.4333334	0.5368719	-0.251549423	-0.251549423	0.333333343	0.333333343	None
  1.4666667	0.5205313	-0.6432636	-0.6432636	0.333333343	0.333333343	None
  1.50000012	0.49398762	0.410011441	0.410011441	0.333333343	0.333333343	None
  1.53333342	0.5478653	1.45308	1.45308	0.333333343	0.333333343	None
  1.86666679	0.6756896	-0.266374469	-0.266374469	0.333333343	0.333333343	None
  1.96666682	0.6266587	-0.851704359	-0.851704359	0.333333343	0.333333343	None
  2.03333354	0.5569945	-1.02073741	-1.02073741	0.333333343	0.333333343	None
  2.06666684	0.5273126	-0.488918871	-0.488918871	0.333333343	0.333333343	None
  2.10000014	0.524399936	-0.09002307	-0.09002307	0.333333343	0.333333343	None
  2.13333344	0.521311045	0.150825232	0.150825232	0.333333343	0.333333343	None
  2.2	0.5491478	0.2494117	0.2494117	0.333333343	0.333333343	None
  2.23333335	0.5510824	-0.134977549	-0.134977549	0.333333343	0.333333343	None
  2.266667	0.5401492	-0.164320052	-0.164320052	0.333333343	0.333333343	None
  2.33333349	0.5464142	0.313786566	0.313786566	0.333333343	0.333333343	None
  2.36666679	0.5610467	0.209149018	0.209149018	0.333333343	0.333333343	None
  2.4333334	0.5441408	-0.525863647	-0.525863647	0.333333343	0.333333343	None
  2.4666667	0.5252999	-0.113145828	-0.113145828	0.333333343	0.333333343	None
  2.53333354	0.571125031	1.25038445	1.25038445	0.333333343	0.333333343	None
  2.60000014	0.6575784	0.394531846	0.394531846	0.333333343	0.333333343	None
  2.63333344	0.646258831	-0.396404058	-0.396404058	0.333333343	0.333333343	None
  2.66666675	0.6311515	-0.260476738	-0.260476738	0.333333343	0.333333343	None
  2.766667	0.627760947	0.0326192677	0.0326192677	0.333333343	0.333333343	None
  3.00000024	0.65474	0.00680834753	0.00680834753	0.333333343	0.333333343	None
  3.20000029	0.6508981	0.02891146	0.02891146	0.333333343	0.333333343	None
  3.466667	0.6248787	-0.117013775	-0.117013775	0.333333343	0.333333343	None
  3.56666684	0.6021021	-0.282580823	-0.282580823	0.333333343	0.333333343	None
  3.66666675	0.6081893	0.3517555	0.3517555	0.333333343	0.333333343	None
  3.86666679	0.633621156	0.04248265	0.04248265	0.333333343	0.333333343	None
  4	0.617420733	-0.240107358	-0.240107358	0.333333343	0.333333343	None
  4.4333334	0.5961514	-0.122235537	-0.122235537	0.333333343	0.333333343	None
  4.766667	0.572129548	-0.05689507	-0.05689507	0.333333343	0.333333343	None
  4.9666667	0.5682175	0.2505674	0.2505674	0.333333343	0.333333343	None
  5.033334	0.579694867	0.0423986129	0.0423986129	0.333333343	0.333333343	None
  5.50000048	0.5826731	-0.0184089132	-0.0184089132	0.333333343	0.333333343	None
  6.033334	0.57035476	0.025277162	0.025277162	0.333333343	0.333333343	None
  6.73333359	0.5679587	-0.0612706542	-0.0612706542	0.333333343	0.333333343	None
  7.166667	0.5540603	0.0272110365	0.0272110365	0.333333343	0.333333343	None
  7.36666727	0.553863049	0	0	0.333333343	0.333333343	None
FLOAT UnityEngine.Animator||LeftFootT.x discrete=False keys=76 pre=ClampForever post=ClampForever
  0	-0.13552621	0.00243231631	0.00243231631	0.333333343	0.333333343	None
  0.700000048	-0.128641725	0.0007005039	0.0007005039	0.333333343	0.333333343	None
  0.8333334	-0.12072929	0.206991047	0.206991047	0.333333343	0.333333343	None
  0.900000036	-0.10230802	0.213483	0.213483	0.333333343	0.333333343	None
  0.9333334	-0.0973162353	0.157564491	0.157564491	0.333333343	0.333333343	None
  0.9666667	-0.09180372	0.36728406	0.36728406	0.333333343	0.333333343	None
  1	-0.0728306547	0.828474164	0.828474164	0.333333343	0.333333343	None
  1.03333342	-0.03657203	1.31138682	1.31138682	0.333333343	0.333333343	None
  1.06666672	0.0145951835	1.38089156	1.38089156	0.333333343	0.333333343	None
  1.1	0.0554873161	0.956560433	0.956560433	0.333333343	0.333333343	None
  1.13333344	0.0783659	0.437633723	0.437633723	0.333333343	0.333333343	None
  1.2	0.08340758	-0.05606426	-0.05606426	0.333333343	0.333333343	None
  1.26666677	0.07650111	-0.193769991	-0.193769991	0.333333343	0.333333343	None
  1.30000007	0.0680073351	-0.2504105	-0.2504105	0.333333343	0.333333343	None
  1.33333337	0.059807092	-0.286931574	-0.286931574	0.333333343	0.333333343	None
  1.36666679	0.0488785431	-0.3283655	-0.3283655	0.333333343	0.333333343	None
  1.4000001	0.0379160419	-0.170683041	-0.170683041	0.333333343	0.333333343	None
  1.4333334	0.0374996848	0.04558547	0.04558547	0.333333343	0.333333343	None
  1.4666667	0.04095507	-0.01435468	-0.01435468	0.333333343	0.333333343	None
  1.50000012	0.03654269	-0.5082872	-0.5082872	0.333333343	0.333333343	None
  1.53333342	0.007069274	-0.9646188	-0.9646188	0.333333343	0.333333343	None
  1.56666672	-0.02776517	-1.156369	-1.156369	0.333333343	0.333333343	None
  1.63333344	-0.112519257	-1.16207457	-1.16207457	0.333333343	0.333333343	None
  1.66666675	-0.147493631	-0.8838146	-0.8838146	0.333333343	0.333333343	None
  1.76666677	-0.198726371	-0.237775147	-0.237775147	0.333333343	0.333333343	None
  1.83333337	-0.20119746	0.12161164	0.12161164	0.333333343	0.333333343	None
  1.9000001	-0.190322056	0.174899429	0.174899429	0.333333343	0.333333343	None
  1.9333334	-0.184166342	0.274361879	0.274361879	0.333333343	0.333333343	None
  2	-0.157642215	0.4938208	0.4938208	0.333333343	0.333333343	None
  2.03333354	-0.1391098	0.660385132	0.660385132	0.333333343	0.333333343	None
  2.06666684	-0.113616452	0.719484448	0.719484448	0.333333343	0.333333343	None
  2.13333344	-0.07581479	0.2840356	0.2840356	0.333333343	0.333333343	None
  2.2	-0.07508526	-0.137981012	-0.137981012	0.333333343	0.333333343	None
  2.266667	-0.0879516453	-0.1509744	-0.1509744	0.333333343	0.333333343	None
  2.30000019	-0.09147225	-0.06445724	-0.06445724	0.333333343	0.333333343	None
  2.33333349	-0.09224879	-0.126301765	-0.126301765	0.333333343	0.333333343	None
  2.36666679	-0.09989236	-0.21826005	-0.21826005	0.333333343	0.333333343	None
  2.50000024	-0.128200665	-0.233578622	-0.233578622	0.333333343	0.333333343	None
  2.53333354	-0.136685878	-0.3440618	-0.3440618	0.333333343	0.333333343	None
  2.56666684	-0.1511381	-0.4577518	-0.4577518	0.333333343	0.333333343	None
  2.60000014	-0.167202637	-0.2910861	-0.2910861	0.333333343	0.333333343	None
  2.63333344	-0.17054382	0.09168582	0.09168582	0.333333343	0.333333343	None
  2.66666675	-0.161090255	0.261944115	0.261944115	0.333333343	0.333333343	None
  2.83333349	-0.13811329	-0.08297891	-0.08297891	0.333333343	0.333333343	None
  2.9333334	-0.155007988	-0.148284018	-0.148284018	0.333333343	0.333333343	None
  3.10000014	-0.1676814	-0.06788164	-0.06788164	0.333333343	0.333333343	None
  3.266667	-0.186276257	-0.03141585	-0.03141585	0.333333343	0.333333343	None
  3.466667	-0.179530174	0.05320888	0.05320888	0.333333343	0.333333343	None
  3.56666684	-0.170629084	0.134267479	0.134267479	0.333333343	0.333333343	None
  3.63333344	-0.162982062	0.019439999	0.019439999	0.333333343	0.333333343	None
  3.73333359	-0.1676002	0.0290677957	0.0290677957	0.333333343	0.333333343	None
  3.80000019	-0.16183202	0.0868408456	0.0868408456	0.333333343	0.333333343	None
  3.86666679	-0.155045733	0.186536416	0.186536416	0.333333343	0.333333343	None
  4.033334	-0.103279382	0.347258627	0.347258627	0.333333343	0.333333343	None
  4.10000038	-0.0847434253	0.167399168	0.167399168	0.333333343	0.333333343	None
  4.3	-0.08989677	-0.0414123423	-0.0414123423	0.333333343	0.333333343	None
  4.533334	-0.100438811	-0.168941319	-0.168941319	0.333333343	0.333333343	None
  4.70000029	-0.136870235	-0.191970587	-0.191970587	0.333333343	0.333333343	None
  4.866667	-0.153967574	0.0137595218	0.0137595218	0.333333343	0.333333343	None
  5.00000048	-0.134810477	0.256179035	0.256179035	0.333333343	0.333333343	None
  5.033334	-0.125592768	0.2124117	0.2124117	0.333333343	0.333333343	None
  5.13333368	-0.115441017	0.07364817	0.07364817	0.333333343	0.333333343	None
  5.266667	-0.10916017	0.0126779191	0.0126779191	0.333333343	0.333333343	None
  5.566667	-0.100506417	0.0584655069	0.0584655069	0.333333343	0.333333343	None
  5.8	-0.08600358	0.05366882	0.05366882	0.333333343	0.333333343	None
  6.033334	-0.0821077153	-0.0229015052	-0.0229015052	0.333333343	0.333333343	None
  6.10000038	-0.08303449	-0.03354966	-0.03354966	0.333333343	0.333333343	None
  6.166667	-0.0866387039	-0.05090681	-0.05090681	0.333333343	0.333333343	None
  6.23333359	-0.09049509	-0.06460408	-0.06460408	0.333333343	0.333333343	None
  6.266667	-0.09269629	-0.119531192	-0.119531192	0.333333343	0.333333343	None
  6.3	-0.0984638259	-0.163430721	-0.163430721	0.333333343	0.333333343	None
  6.466667	-0.117927976	-0.0393596664	-0.0393596664	0.333333343	0.333333343	None
  6.70000029	-0.124408185	-0.00143721839	-0.00143721839	0.333333343	0.333333343	None
  7.066667	-0.1276704	0.00127114472	0.00127114472	0.333333343	0.333333343	None
  7.3	-0.134158343	-0.04187983	-0.04187983	0.333333343	0.333333343	None
  7.36666727	-0.135526136	4.47028867E-07	4.47028867E-07	0.333333343	0.333333343	None
FLOAT UnityEngine.Animator||LeftFootT.y discrete=False keys=19 pre=ClampForever post=ClampForever
  0	-0.9761346	0.0005418062	0.0005418062	0.333333343	0.333333343	None
  0.8000001	-0.972141266	-0.0140127577	-0.0140127577	0.333333343	0.333333343	None
  1.16666675	-0.9396402	0.465175956	0.465175956	0.333333343	0.333333343	None
  1.30000007	-0.8818897	0.187130749	0.187130749	0.333333343	0.333333343	None
  1.4333334	-0.8422728	0.473468453	0.473468453	0.333333343	0.333333343	None
  1.50000012	-0.8315225	-0.37018165	-0.37018165	0.333333343	0.333333343	None
  1.56666672	-0.862764537	-0.107744604	-0.107744604	0.333333343	0.333333343	None
  1.73333347	-0.793641567	0.429304123	0.429304123	0.333333343	0.333333343	None
  2.03333354	-0.758180141	-0.197588265	-0.197588265	0.333333343	0.333333343	None
  2.30000019	-0.903378963	-0.338338643	-0.338338643	0.333333343	0.333333343	None
  2.53333354	-0.9002244	-0.1440142	-0.1440142	0.333333343	0.333333343	None
  2.73333359	-0.931444347	0.006618822	0.006618822	0.333333343	0.333333343	None
  3.36666679	-0.963420033	-0.0278780125	-0.0278780125	0.333333343	0.333333343	None
  3.83333349	-0.9546951	-0.03442708	-0.03442708	0.333333343	0.333333343	None
  4.4666667	-0.974351645	0.00338048069	0.00338048069	0.333333343	0.333333343	None
  5.00000048	-0.9592551	0.06747311	0.06747311	0.333333343	0.333333343	None
  5.4333334	-0.963836	0.003951773	0.003951773	0.333333343	0.333333343	None
  6.83333349	-0.9723379	-0.0119546168	-0.0119546168	0.333333343	0.333333343	None
  7.36666727	-0.9761349	0	0	0.333333343	0.333333343	None
FLOAT UnityEngine.Animator||LeftFootT.z discrete=False keys=118 pre=ClampForever post=ClampForever
  0	-0.00836577453	-0.0189835839	-0.0189835839	0.333333343	0.333333343	None
  0.06666667	-0.00964834	-0.0251585431	-0.0251585431	0.333333343	0.333333343	None
  0.166666672	-0.0135472752	-0.0468405969	-0.0468405969	0.333333343	0.333333343	None
  0.333333343	-0.0203689151	-0.04238701	-0.04238701	0.333333343	0.333333343	None
  0.533333361	-0.02748293	-0.02590207	-0.02590207	0.333333343	0.333333343	None
  0.6666667	-0.0309518352	-0.0231801	-0.0231801	0.333333343	0.333333343	None
  0.733333349	-0.03216319	0.005451517	0.005451517	0.333333343	0.333333343	None
  0.7666667	-0.031351395	0.112652741	0.112652741	0.333333343	0.333333343	None
  0.8000001	-0.0246530026	0.316287041	0.316287041	0.333333343	0.333333343	None
  0.8333334	-0.0102656009	0.5590536	0.5590536	0.333333343	0.333333343	None
  0.866666734	0.01261724	0.708612859	0.708612859	0.333333343	0.333333343	None
  0.900000036	0.03697525	0.6465039	0.6465039	0.333333343	0.333333343	None
  0.9333334	0.0557174943	0.56896317	0.56896317	0.333333343	0.333333343	None
  0.9666667	0.0749061257	0.4915617	0.4915617	0.333333343	0.333333343	None
  1	0.08848824	0.35386765	0.35386765	0.333333343	0.333333343	None
  1.03333342	0.0984973162	0.353987038	0.353987038	0.333333343	0.333333343	None
  1.06666672	0.112087391	0.216175869	0.216175869	0.333333343	0.333333343	None
  1.1	0.112909026	-0.3293968	-0.3293968	0.333333343	0.333333343	None
  1.13333344	0.09012754	-0.6470611	-0.6470611	0.333333343	0.333333343	None
  1.16666675	0.06977158	-0.4634647	-0.4634647	0.333333343	0.333333343	None
  1.2	0.0592299253	-0.129536912	-0.129536912	0.333333343	0.333333343	None
  1.23333335	0.061135795	0.339215636	0.339215636	0.333333343	0.333333343	None
  1.26666677	0.08184435	0.856101751	0.856101751	0.333333343	0.333333343	None
  1.30000007	0.118209265	1.3578918	1.3578918	0.333333343	0.333333343	None
  1.36666679	0.241300166	2.169591	2.169591	0.333333343	0.333333343	None
  1.4666667	0.43303287	0.7370675	0.7370675	0.333333343	0.333333343	None
  1.50000012	0.43714413	-0.2749716	-0.2749716	0.333333343	0.333333343	None
  1.53333342	0.414701462	-0.5549438	-0.5549438	0.333333343	0.333333343	None
  1.60000014	0.4025253	0.340948761	0.340948761	0.333333343	0.333333343	None
  1.66666675	0.455916166	1.04488766	1.04488766	0.333333343	0.333333343	None
  1.7	0.492536932	0.8352003	0.8352003	0.333333343	0.333333343	None
  1.80000007	0.532426059	0.172544882	0.172544882	0.333333343	0.333333343	None
  1.96666682	0.541429043	-0.0308399815	-0.0308399815	0.333333343	0.333333343	None
  2.10000014	0.508186758	-0.9241828	-0.9241828	0.333333343	0.333333343	None
  2.23333335	0.3215422	-1.55585289	-1.55585289	0.333333343	0.333333343	None
  2.30000019	0.235315636	-0.590209961	-0.590209961	0.333333343	0.333333343	None
  2.33333349	0.231034279	0.287346	0.287346	0.333333343	0.333333343	None
  2.36666679	0.254472017	0.7031815	0.7031815	0.333333343	0.333333343	None
  2.4666667	0.308741629	0.184977263	0.184977263	0.333333343	0.333333343	None
  2.56666684	0.297977984	-0.1324467	-0.1324467	0.333333343	0.333333343	None
  2.66666675	0.290266663	-0.125746548	-0.125746548	0.333333343	0.333333343	None
  2.73333359	0.2856846	0.0195412189	0.0195412189	0.333333343	0.333333343	None
  2.83333349	0.2761321	-0.260082424	-0.260082424	0.333333343	0.333333343	None
  2.9	0.254569083	-0.283086419	-0.283086419	0.333333343	0.333333343	None
  2.966667	0.2391466	-0.289306045	-0.289306045	0.333333343	0.333333343	None
  3.13333344	0.185539857	-0.2615049	-0.2615049	0.333333343	0.333333343	None
  3.33333349	0.141352266	-0.23123166	-0.23123166	0.333333343	0.333333343	None
  3.4	0.125905469	-0.186249077	-0.186249077	0.333333343	0.333333343	None
  3.50000024	0.113603465	-0.07537708	-0.07537708	0.333333343	0.333333343	None
  3.63333344	0.127872109	0.438639283	0.438639283	0.333333343	0.333333343	None
  3.70000029	0.165697277	0.5030663	0.5030663	0.333333343	0.333333343	None
  3.766667	0.1859291	0.0569205545	0.0569205545	0.333333343	0.333333343	None
  3.80000019	0.183179051	-0.07647611	-0.07647611	0.333333343	0.333333343	None
  3.93333364	0.16764611	-0.2752784	-0.2752784	0.333333343	0.333333343	None
  4.033334	0.129829526	-0.3736498	-0.3736498	0.333333343	0.333333343	None
  4.166667	0.0868366361	-0.2792083	-0.2792083	0.333333343	0.333333343	None
  4.20000029	0.0777170658	-0.221884727	-0.221884727	0.333333343	0.333333343	None
  4.266667	0.06762998	-0.1171229	-0.1171229	0.333333343	0.333333343	None
  4.33333349	0.0609603077	-0.110526621	-0.110526621	0.333333343	0.333333343	None
  4.366667	0.056867715	-0.103130646	-0.103130646	0.333333343	0.333333343	None
  4.4333334	0.05061527	-0.123896271	-0.123896271	0.333333343	0.333333343	None
  4.5	0.04102294	-0.1494567	-0.1494567	0.333333343	0.333333343	None
  4.60000038	0.02655975	-0.09728438	-0.09728438	0.333333343	0.333333343	None
  4.63333368	0.0241786558	-0.04268466	-0.04268466	0.333333343	0.333333343	None
  4.666667	0.0237141084	-0.00240837457	-0.00240837457	0.333333343	0.333333343	None
  4.70000029	0.0240180977	0.03487923	0.03487923	0.333333343	0.333333343	None
  4.766667	0.0290484168	0.09657778	0.09657778	0.333333343	0.333333343	None
  4.8	0.0324779	0.128138855	0.128138855	0.333333343	0.333333343	None
  4.83333349	0.037591	0.174280047	0.174280047	0.333333343	0.333333343	None
  4.866667	0.04409656	0.278833061	0.278833061	0.333333343	0.333333343	None
  4.9	0.05617985	0.3791722	0.3791722	0.333333343	0.333333343	None
  4.9333334	0.06937468	0.308940142	0.308940142	0.333333343	0.333333343	None
  5.00000048	0.07765397	-0.0430506878	-0.0430506878	0.333333343	0.333333343	None
  5.033334	0.07390581	0.0275563747	0.0275563747	0.333333343	0.333333343	None
  5.066667	0.07949106	0.146992683	0.146992683	0.333333343	0.333333343	None
  5.20000029	0.08993733	0.0450407043	0.0450407043	0.333333343	0.333333343	None
  5.33333349	0.09203064	-0.0130067142	-0.0130067142	0.333333343	0.333333343	None
  5.50000048	0.0921539	-0.04475784	-0.04475784	0.333333343	0.333333343	None
  5.63333368	0.08153859	-0.112780407	-0.112780407	0.333333343	0.333333343	None
  5.73333359	0.06662176	-0.154389441	-0.154389441	0.333333343	0.333333343	None
  5.83333349	0.05156767	-0.133109	-0.133109	0.333333343	0.333333343	None
  5.9	0.0448980927	-0.0559935346	-0.0559935346	0.333333343	0.333333343	None
  5.933334	0.0436774753	-0.01682514	-0.01682514	0.333333343	0.333333343	None
  5.966667	0.0437764	-0.0104642566	-0.0104642566	0.333333343	0.333333343	None
  6.00000048	0.04297986	-0.01612864	-0.01612864	0.333333343	0.333333343	None
  6.033334	0.04270116	-0.0118720829	-0.0118720829	0.333333343	0.333333343	None
  6.066667	0.0421883874	0.00228513218	0.00228513218	0.333333343	0.333333343	None
  6.10000038	0.0428535	-0.009225523	-0.009225523	0.333333343	0.333333343	None
  6.13333368	0.0415733531	-0.0336451046	-0.0336451046	0.333333343	0.333333343	None
  6.23333359	0.0362904631	-0.122898459	-0.122898459	0.333333343	0.333333343	None
  6.266667	0.0309375059	-0.1318166	-0.1318166	0.333333343	0.333333343	None
  6.3	0.0275026988	-0.111208096	-0.111208096	0.333333343	0.333333343	None
  6.33333349	0.02352364	-0.1015784	-0.1015784	0.333333343	0.333333343	None
  6.366667	0.0207308121	-0.08038106	-0.08038106	0.333333343	0.333333343	None
  6.40000057	0.0181648713	-0.0362254828	-0.0362254828	0.333333343	0.333333343	None
  6.466667	0.019786194	0.0488251373	0.0488251373	0.333333343	0.333333343	None
  6.50000048	0.0215707514	0.0349226743	0.0349226743	0.333333343	0.333333343	None
  6.533334	0.02211437	0.0160857532	0.0160857532	0.333333343	0.333333343	None
  6.666667	0.0226885881	-0.0258814991	-0.0258814991	0.333333343	0.333333343	None
  6.73333359	0.0195234865	-0.0678725541	-0.0678725541	0.333333343	0.333333343	None
  6.766667	0.0168881	-0.07396881	-0.07396881	0.333333343	0.333333343	None
  6.8	0.0145922368	-0.0629477352	-0.0629477352	0.333333343	0.333333343	None
  6.83333349	0.0126915891	-0.0616543069	-0.0616543069	0.333333343	0.333333343	None
  6.90000057	0.008096462	-0.07800932	-0.07800932	0.333333343	0.333333343	None
  6.933334	0.00528130261	-0.08449548	-0.08449548	0.333333343	0.333333343	None
  6.966667	0.00246343552	-0.08146423	-0.08146423	0.333333343	0.333333343	None
  7.00000048	-0.000149640691	-0.0676347539	-0.0676347539	0.333333343	0.333333343	None
  7.033334	-0.00204554386	-0.0505950041	-0.0505950041	0.333333343	0.333333343	None
  7.066667	-0.00352263777	-0.0122787878	-0.0122787878	0.333333343	0.333333343	None
  7.10000038	-0.002864129	0.060166657	0.060166657	0.333333343	0.333333343	None
  7.13333368	0.000488468737	0.102759041	0.102759041	0.333333343	0.333333343	None
  7.166667	0.003986467	0.0596569441	0.0596569441	0.333333343	0.333333343	None
  7.20000029	0.00446559442	-0.007883495	-0.007883495	0.333333343	0.333333343	None
  7.23333359	0.00346090132	-0.06550778	-0.06550778	0.333333343	0.333333343	None
  7.266667	9.841351E-05	-0.1215864	-0.1215864	0.333333343	0.333333343	None
  7.3	-0.00464485073	-0.126983941	-0.126983941	0.333333343	0.333333343	None
  7.33333349	-0.008367174	-0.0558347963	-0.0558347963	0.333333343	0.333333343	None
  7.36666727	-0.008367167	2.23514434E-07	2.23514434E-07	0.333333343	0.333333343	None
FLOAT UnityEngine.Animator||LeftHand.Index.1 Stretched discrete=False keys=20 pre=ClampForever post=ClampForever
  0	0.386108071	0.00451594545	0.00451594545	0.333333343	0.333333343	None
  1.16666675	0.445929945	0	0	0.333333343	0.333333343	None
  2.4	0.4459297	-2.23517623E-06	-2.23517623E-06	0.333333343	0.333333343	None
  2.60000014	0.469303846	0.19250679	0.19250679	0.333333343	0.333333343	None
  2.86666679	0.487382561	-0.0143659245	-0.0143659245	0.333333343	0.333333343	None
  3.4	0.447094858	-0.438118249	-0.438118249	0.333333343	0.333333343	None
  3.466667	0.4017551	-1.16525245	-1.16525245	0.333333343	0.333333343	None
  3.60000014	0.171039671	-1.5547564	-1.5547564	0.333333343	0.333333343	None
  3.63333344	0.126152724	-1.00427806	-1.00427806	0.333333343	0.333333343	None
  3.66666675	0.104087867	0.223027974	0.223027974	0.333333343	0.333333343	None
  3.70000029	0.1410215	1.95065546	1.95065546	0.333333343	0.333333343	None
  3.73333359	0.234131709	2.93666887	2.93666887	0.333333343	0.333333343	None
  3.766667	0.336799234	2.703176	2.703176	0.333333343	0.333333343	None
  3.80000019	0.414343268	1.61496675	1.61496675	0.333333343	0.333333343	None
  3.86666679	0.444930136	0.0274578	0.0274578	0.333333343	0.333333343	None
  4.766667	0.5888917	0.08924075	0.08924075	0.333333343	0.333333343	None
  5.3	0.546311438	-0.241973937	-0.241973937	0.333333343	0.333333343	None
  5.83333349	0.445930451	-0.0115643553	-0.0115643553	0.333333343	0.333333343	None
  7.166667	0.388660759	-0.0288114231	-0.0288114231	0.333333343	0.333333343	None
  7.36666727	0.3861085	-7.152462E-06	-7.152462E-06	0.333333343	0.333333343	None
FLOAT UnityEngine.Animator||LeftHand.Index.2 Stretched discrete=False keys=18 pre=ClampForever post=ClampForever
  0	0.5955861	2.86102277E-05	2.86102277E-05	0.333333343	0.333333343	None
  1.63333344	0.5955882	3.486875E-05	3.486875E-05	0.333333343	0.333333343	None
  2.4	0.5955891	-1.34110578E-05	-1.34110578E-05	0.333333343	0.333333343	None
  2.56666684	0.633526266	0.497625351	0.497625351	0.333333343	0.333333343	None
  2.9	0.786491156	0.04134361	0.04134361	0.333333343	0.333333343	None
  3.4	0.719764352	-0.401363462	-0.401363462	0.333333343	0.333333343	None
  3.466667	0.662614465	-1.93726563	-1.93726563	0.333333343	0.333333343	None
  3.60000014	0.237048164	-2.80684543	-2.80684543	0.333333343	0.333333343	None
  3.63333344	0.158248842	-1.63866317	-1.63866317	0.333333343	0.333333343	None
  3.66666675	0.127804056	0.63196516	0.63196516	0.333333343	0.333333343	None
  3.70000029	0.200380325	3.67150021	3.67150021	0.333333343	0.333333343	None
  3.73333359	0.372571021	5.64354229	5.64354229	0.333333343	0.333333343	None
  3.80000019	0.7464904	3.61274862	3.61274862	0.333333343	0.333333343	None
  3.83333349	0.8174658	1.06424522	1.06424522	0.333333343	0.333333343	None
  3.86666679	0.817440033	-0.00157624634	-0.00157624634	0.333333343	0.333333343	None
  5.033334	0.7621354	-0.1176874	-0.1176874	0.333333343	0.333333343	None
  5.83333349	0.5955868	-0.0104150278	-0.0104150278	0.333333343	0.333333343	None
  7.36666727	0.5955871	-5.36434663E-06	-5.36434663E-06	0.333333343	0.333333343	None
FLOAT UnityEngine.Animator||LeftHand.Index.3 Stretched discrete=False keys=12 pre=ClampForever post=ClampForever
  0	1.06002057	0	0	0.333333343	0.333333343	None
  1.63333344	1.06001949	0	0	0.333333343	0.333333343	None
  2.4666667	1.05935049	-0.038137272	-0.038137272	0.333333343	0.333333343	None
  2.966667	1.01493955	0.0237339288	0.0237339288	0.333333343	0.333333343	None
  3.4	1.03340185	0.0126189124	0.0126189124	0.333333343	0.333333343	None
  3.50000024	0.9941916	-1.00965774	-1.00965774	0.333333343	0.333333343	None
  3.70000029	0.8520801	0.903233767	0.903233767	0.333333343	0.333333343	None
  3.80000019	0.9880252	0.920506358	0.920506358	0.333333343	0.333333343	None
  3.9	1.00862908	0.0270509068	0.0270509068	0.333333343	0.333333343	None
  5.4333334	1.04267216	0.0682778955	0.0682778955	0.333333343	0.333333343	None
  7.066667	1.06001949	8.940704E-06	8.940704E-06	0.333333343	0.333333343	None
  7.36666727	1.06002057	0	0	0.333333343	0.333333343	None
FLOAT UnityEngine.Animator||LeftHand.Index.Spread discrete=False keys=25 pre=ClampForever post=ClampForever
  0	-1.111355	-0.0205492955	-0.0205492955	0.333333343	0.333333343	None
  1.16666675	-1.38226008	0	0	0.333333343	0.333333343	None
  2.4	-1.38226116	-5.364423E-06	-5.364423E-06	0.333333343	0.333333343	None
  2.50000024	-1.30704641	2.11058331	2.11058331	0.333333343	0.333333343	None
  2.83333349	-0.09418626	2.09756565	2.09756565	0.333333343	0.333333343	None
  2.86666679	-0.03914195	1.11997831	1.11997831	0.333333343	0.333333343	None
  2.9	-0.0195211116	0.2563334	0.2563334	0.333333343	0.333333343	None
  2.9333334	-0.02205307	-0.148040026	-0.148040026	0.333333343	0.333333343	None
  3.30000019	-0.280701816	-1.00709939	-1.00709939	0.333333343	0.333333343	None
  3.4	-0.380072176	-0.9501153	-0.9501153	0.333333343	0.333333343	None
  3.466667	-0.458375543	-1.76766443	-1.76766443	0.333333343	0.333333343	None
  3.60000014	-0.722301662	-0.998860955	-0.998860955	0.333333343	0.333333343	None
  3.63333344	-0.7407016	0.01875043	0.01875043	0.333333343	0.333333343	None
  3.66666675	-0.721051633	2.16334057	2.16334057	0.333333343	0.333333343	None
  3.70000029	-0.596478164	5.57359838	5.57359838	0.333333343	0.333333343	None
  3.73333359	-0.3494779	8.206392	8.206392	0.333333343	0.333333343	None
  3.766667	-0.0493858829	8.439863	8.439863	0.333333343	0.333333343	None
  3.80000019	0.213179156	5.6379137	5.6379137	0.333333343	0.333333343	None
  3.83333349	0.326474667	1.66438353	1.66438353	0.333333343	0.333333343	None
  3.86666679	0.324137956	-0.137909934	-0.137909934	0.333333343	0.333333343	None
  4.266667	0.00368044176	-1.31324387	-1.31324387	0.333333343	0.333333343	None
  5.033334	-1.02769911	-0.692643642	-0.692643642	0.333333343	0.333333343	None
  5.9	-1.38017023	0.06074977	0.06074977	0.333333343	0.333333343	None
  6.566667	-1.255836	0.20973286	0.20973286	0.333333343	0.333333343	None
  7.36666727	-1.111356	-3.576231E-06	-3.576231E-06	0.333333343	0.333333343	None
FLOAT UnityEngine.Animator||LeftHand.Little.1 Stretched discrete=False keys=26 pre=ClampForever post=ClampForever
  0	0.139397636	0.0005082786	0.0005082786	0.333333343	0.333333343	None
  1.26666677	0.145502269	5.140887E-06	5.140887E-06	0.333333343	0.333333343	None
  2.4	0.1455021	2.90572916E-06	2.90572916E-06	0.333333343	0.333333343	None
  2.4666667	0.1514881	0.3410003	0.3410003	0.333333343	0.333333343	None
  2.86666679	0.541653454	0.309292078	0.309292078	0.333333343	0.333333343	None
  2.966667	0.545161545	-0.0307854414	-0.0307854414	0.333333343	0.333333343	None
  3.4	0.400082618	-0.870375	-0.870375	0.333333343	0.333333343	None
  3.4333334	0.3691279	-1.49326348	-1.49326348	0.333333343	0.333333343	None
  3.466667	0.300531328	-2.88154912	-2.88154912	0.333333343	0.333333343	None
  3.50000024	0.17702432	-4.16181135	-4.16181135	0.333333343	0.333333343	None
  3.53333354	0.0230775233	-4.711875	-4.711875	0.333333343	0.333333343	None
  3.56666684	-0.137100354	-4.543254	-4.543254	0.333333343	0.333333343	None
  3.63333344	-0.382004619	-2.11938167	-2.11938167	0.333333343	0.333333343	None
  3.66666675	-0.421097755	0.9992538	0.9992538	0.333333343	0.333333343	None
  3.70000029	-0.315387	5.369204	5.369204	0.333333343	0.333333343	None
  3.73333359	-0.06315039	8.298053	8.298053	0.333333343	0.333333343	None
  3.766667	0.237815991	8.290539	8.290539	0.333333343	0.333333343	None
  3.80000019	0.489551663	5.358542	5.358542	0.333333343	0.333333343	None
  3.83333349	0.595051765	1.58407664	1.58407664	0.333333343	0.333333343	None
  3.86666679	0.59515667	-0.00100404129	-0.00100404129	0.333333343	0.333333343	None
  4.73333359	0.484822154	-0.2376417	-0.2376417	0.333333343	0.333333343	None
  5.066667	0.402471274	-0.282288462	-0.282288462	0.333333343	0.333333343	None
  5.8	0.146670043	-0.06383261	-0.06383261	0.333333343	0.333333343	None
  5.933334	0.145056	-0.00412007049	-0.00412007049	0.333333343	0.333333343	None
  7.166667	0.139684856	-0.0032296062	-0.0032296062	0.333333343	0.333333343	None
  7.36666727	0.139398009	0	0	0.333333343	0.333333343	None
FLOAT UnityEngine.Animator||LeftHand.Little.2 Stretched discrete=False keys=27 pre=ClampForever post=ClampForever
  0	0.0218360778	-2.04518419E-05	-2.04518419E-05	0.333333343	0.333333343	None
  1.63333344	0.02183661	-1.137146E-05	-1.137146E-05	0.333333343	0.333333343	None
  2.4	0.02183661	6.84522729E-06	6.84522729E-06	0.333333343	0.333333343	None
  2.4333334	0.0218380522	0.177771091	0.177771091	0.333333343	0.333333343	None
  2.4666667	0.0336880051	0.674654067	0.674654067	0.333333343	0.333333343	None
  2.63333344	0.3382782	2.4852376	2.4852376	0.333333343	0.333333343	None
  2.86666679	0.801313	0.640929639	0.640929639	0.333333343	0.333333343	None
  2.966667	0.807926059	-0.139944911	-0.139944911	0.333333343	0.333333343	None
  3.4	0.5242785	-1.22695851	-1.22695851	0.333333343	0.333333343	None
  3.466667	0.411256045	-2.72715831	-2.72715831	0.333333343	0.333333343	None
  3.53333354	0.165494934	-4.1040144	-4.1040144	0.333333343	0.333333343	None
  3.56666684	0.02632948	-3.95626569	-3.95626569	0.333333343	0.333333343	None
  3.60000014	-0.09825586	-3.21617913	-3.21617913	0.333333343	0.333333343	None
  3.63333344	-0.188082263	-1.86461914	-1.86461914	0.333333343	0.333333343	None
  3.66666675	-0.222563684	1.37182891	1.37182891	0.333333343	0.333333343	None
  3.70000029	-0.0966262	6.31479836	6.31479836	0.333333343	0.333333343	None
  3.73333359	0.198423371	9.568565	9.568565	0.333333343	0.333333343	None
  3.766667	0.5412776	9.347542	9.347542	0.333333343	0.333333343	None
  3.80000019	0.8215923	5.943594	5.943594	0.333333343	0.333333343	None
  3.83333349	0.9375168	1.73730147	1.73730147	0.333333343	0.333333343	None
  3.86666679	0.937412262	-0.006400651	-0.006400651	0.333333343	0.333333343	None
  5.00000048	0.728420556	-0.431659579	-0.431659579	0.333333343	0.333333343	None
  5.23333359	0.55664444	-1.043383	-1.043383	0.333333343	0.333333343	None
  5.766667	0.0333790965	-0.3347903	-0.3347903	0.333333343	0.333333343	None
  5.8	0.0247974657	-0.173137456	-0.173137456	0.333333343	0.333333343	None
  5.866667	0.0218371414	-3.64613152E-05	-3.64613152E-05	0.333333343	0.333333343	None
  7.36666727	0.02183661	0	0	0.333333343	0.333333343	None
FLOAT UnityEngine.Animator||LeftHand.Little.3 Stretched discrete=False keys=18 pre=ClampForever post=ClampForever
  0	0.330600947	0	0	0.333333343	0.333333343	None
  1.63333344	0.33060053	0	0	0.333333343	0.333333343	None
  2.4	0.3306002	-4.91738774E-06	-4.91738774E-06	0.333333343	0.333333343	None
  2.4666667	0.337890655	0.415150046	0.415150046	0.333333343	0.333333343	None
  2.86666679	0.8137088	0.4000885	0.4000885	0.333333343	0.333333343	None
  3.03333354	0.8027983	-0.2553966	-0.2553966	0.333333343	0.333333343	None
  3.4	0.633755863	-0.569294035	-0.569294035	0.333333343	0.333333343	None
  3.50000024	0.5497231	-1.23993993	-1.23993993	0.333333343	0.333333343	None
  3.63333344	0.393802851	-0.575717449	-0.575717449	0.333333343	0.333333343	None
  3.66666675	0.383228481	0.6607471	0.6607471	0.333333343	0.333333343	None
  3.70000029	0.437853	2.75808358	2.75808358	0.333333343	0.333333343	None
  3.766667	0.719632268	4.185191	4.185191	0.333333343	0.333333343	None
  3.80000019	0.846113443	2.6879425	2.6879425	0.333333343	0.333333343	None
  3.86666679	0.898762167	-0.004009906	-0.004009906	0.333333343	0.333333343	None
  5.033334	0.7590592	-0.2985525	-0.2985525	0.333333343	0.333333343	None
  5.73333359	0.34615463	-0.2969584	-0.2969584	0.333333343	0.333333343	None
  5.966667	0.33060053	0	0	0.333333343	0.333333343	None
  7.36666727	0.330600947	0	0	0.333333343	0.333333343	None
FLOAT UnityEngine.Animator||LeftHand.Little.Spread discrete=False keys=28 pre=ClampForever post=ClampForever
  0	0.247686386	-0.0292575341	-0.0292575341	0.333333343	0.333333343	None
  0.266666681	0.193989649	-0.364689261	-0.364689261	0.333333343	0.333333343	None
  0.700000048	-0.01050245	-0.479022831	-0.479022831	0.333333343	0.333333343	None
  1.1	-0.134894729	-0.05738676	-0.05738676	0.333333343	0.333333343	None
  1.23333335	-0.1358732	-1.58698131E-05	-1.58698131E-05	0.333333343	0.333333343	None
  2.4	-0.135873154	-1.5646232E-05	-1.5646232E-05	0.333333343	0.333333343	None
  2.4666667	-0.129995942	0.337666184	0.337666184	0.333333343	0.333333343	None
  2.60000014	-0.0129679348	1.29414034	1.29414034	0.333333343	0.333333343	None
  2.66666675	0.0823921	1.52305937	1.52305937	0.333333343	0.333333343	None
  2.9	0.3907302	0.646787167	0.646787167	0.333333343	0.333333343	None
  3.16666675	0.4491682	-0.006532467	-0.006532467	0.333333343	0.333333343	None
  3.4333334	0.466259629	0.328572154	0.328572154	0.333333343	0.333333343	None
  3.53333354	0.5364345	1.180443	1.180443	0.333333343	0.333333343	None
  3.66666675	0.6910287	0.09651168	0.09651168	0.333333343	0.333333343	None
  3.73333359	0.674500465	0.4158358	0.4158358	0.333333343	0.333333343	None
  3.766667	0.7073759	1.41010928	1.41010928	0.333333343	0.333333343	None
  3.80000019	0.768507659	1.41897309	1.41897309	0.333333343	0.333333343	None
  3.83333349	0.801974	0.3967125	0.3967125	0.333333343	0.333333343	None
  3.86666679	0.794955134	-0.28696087	-0.28696087	0.333333343	0.333333343	None
  4.533334	-0.00291396957	-1.47867918	-1.47867918	0.333333343	0.333333343	None
  5.00000048	-0.4526967	-0.1724528	-0.1724528	0.333333343	0.333333343	None
  5.266667	-0.407938153	0.385257661	0.385257661	0.333333343	0.333333343	None
  5.83333349	-0.135872051	0.3456193	0.3456193	0.333333343	0.333333343	None
  6.33333349	-0.0142285349	0.2118535	0.2118535	0.333333343	0.333333343	None
  6.40000057	0.000250432175	0.22429055	0.22429055	0.333333343	0.333333343	None
  6.566667	0.0425993875	0.29684338	0.29684338	0.333333343	0.333333343	None
  7.3	0.246969268	0.0421572141	0.0421572141	0.333333343	0.333333343	None
  7.36666727	0.247687027	0	0	0.333333343	0.333333343	None
FLOAT UnityEngine.Animator||LeftHand.Middle.1 Stretched discrete=False keys=25 pre=ClampForever post=ClampForever
  0	0.100794025	-2.0787118E-05	-2.0787118E-05	0.333333343	0.333333343	None
  1.63333344	0.100793608	1.039357E-05	1.039357E-05	0.333333343	0.333333343	None
  2.4	0.1007934	-1.117588E-06	-1.117588E-06	0.333333343	0.333333343	None
  2.4666667	0.106655546	0.33360368	0.33360368	0.333333343	0.333333343	None
  2.766667	0.412534535	0.972982049	0.972982049	0.333333343	0.333333343	None
  2.9	0.485767722	0.07856913	0.07856913	0.333333343	0.333333343	None
  3.10000014	0.476284146	-0.134351984	-0.134351984	0.333333343	0.333333343	None
  3.4	0.354018867	-0.7687473	-0.7687473	0.333333343	0.333333343	None
  3.466667	0.278362185	-1.90167856	-1.90167856	0.333333343	0.333333343	None
  3.53333354	0.104888856	-2.89965773	-2.89965773	0.333333343	0.333333343	None
  3.56666684	0.00666162325	-2.78668427	-2.78668427	0.333333343	0.333333343	None
  3.60000014	-0.08088992	-2.256115	-2.256115	0.333333343	0.333333343	None
  3.63333344	-0.1437459	-1.30397558	-1.30397558	0.333333343	0.333333343	None
  3.66666675	-0.167821541	0.789716363	0.789716363	0.333333343	0.333333343	None
  3.70000029	-0.09109764	3.861611	3.861611	0.333333343	0.333333343	None
  3.73333359	0.089619495	5.877825	5.877825	0.333333343	0.333333343	None
  3.766667	0.300756961	5.756903	5.756903	0.333333343	0.333333343	None
  3.80000019	0.473412663	3.65720415	3.65720415	0.333333343	0.333333343	None
  3.83333349	0.5445703	1.06769776	1.06769776	0.333333343	0.333333343	None
  3.86666679	0.54459244	0.00120967743	0.00120967743	0.333333343	0.333333343	None
  5.033334	0.46554625	-0.23687683	-0.23687683	0.333333343	0.333333343	None
  5.63333368	0.149827376	-0.44523415	-0.44523415	0.333333343	0.333333343	None
  5.8	0.1023573	-0.09144911	-0.09144911	0.333333343	0.333333343	None
  5.9	0.1007941	7.26432427E-06	7.26432427E-06	0.333333343	0.333333343	None
  7.36666727	0.100794911	0	0	0.333333343	0.333333343	None
FLOAT UnityEngine.Animator||LeftHand.Middle.2 Stretched discrete=False keys=20 pre=ClampForever post=ClampForever
  0	0.496442676	-1.34110442E-05	-1.34110442E-05	0.333333343	0.333333343	None
  1.63333344	0.496443182	0	0	0.333333343	0.333333343	None
  2.4	0.496442676	-4.91738774E-06	-4.91738774E-06	0.333333343	0.333333343	None
  2.56666684	0.5303406	0.444681168	0.444681168	0.333333343	0.333333343	None
  2.9	0.6670973	0.0369626656	0.0369626656	0.333333343	0.333333343	None
  3.4	0.607427537	-0.358904958	-0.358904958	0.333333343	0.333333343	None
  3.466667	0.550071	-2.06840944	-2.06840944	0.333333343	0.333333343	None
  3.56666684	0.203904092	-3.748508	-3.748508	0.333333343	0.333333343	None
  3.60000014	0.08479051	-3.08816767	-3.08816767	0.333333343	0.333333343	None
  3.63333344	-0.00197354518	-1.80468845	-1.80468845	0.333333343	0.333333343	None
  3.66666675	-0.03552193	0.648013	0.648013	0.333333343	0.333333343	None
  3.70000029	0.04122783	3.88468075	3.88468075	0.333333343	0.333333343	None
  3.73333359	0.223457083	5.975271	5.975271	0.333333343	0.333333343	None
  3.766667	0.4395789	5.94191	5.94191	0.333333343	0.333333343	None
  3.80000019	0.619584	3.82837152	3.82837152	0.333333343	0.333333343	None
  3.83333349	0.6948034	1.12794232	1.12794232	0.333333343	0.333333343	None
  3.86666679	0.6947801	-0.00142693659	-0.00142693659	0.333333343	0.333333343	None
  5.033334	0.6453137	-0.105265185	-0.105265185	0.333333343	0.333333343	None
  5.83333349	0.496443	-0.009351531	-0.009351531	0.333333343	0.333333343	None
  7.36666727	0.496442229	0	0	0.333333343	0.333333343	None
FLOAT UnityEngine.Animator||LeftHand.Middle.3 Stretched discrete=False keys=15 pre=ClampForever post=ClampForever
  0	0.7366769	0	0	0.333333343	0.333333343	None
  1.63333344	0.7366769	3.576282E-06	3.576282E-06	0.333333343	0.333333343	None
  2.4	0.7366771	0	0	0.333333343	0.333333343	None
  2.56666684	0.782782733	0.6047708	0.6047708	0.333333343	0.333333343	None
  2.9	0.968753159	0.04738395	0.04738395	0.333333343	0.333333343	None
  3.4	0.884735942	-0.4128067	-0.4128067	0.333333343	0.333333343	None
  3.50000024	0.8048814	-1.3325665	-1.3325665	0.333333343	0.333333343	None
  3.63333344	0.630394042	-0.657643437	-0.657643437	0.333333343	0.333333343	None
  3.66666675	0.6182677	0.426130235	0.426130235	0.333333343	0.333333343	None
  3.70000029	0.658803	2.05544329	2.05544329	0.333333343	0.333333343	None
  3.80000019	0.9662107	2.04369164	2.04369164	0.333333343	0.333333343	None
  3.9	1.00629687	-0.00395892654	-0.00395892654	0.333333343	0.333333343	None
  5.033334	0.9391344	-0.143131748	-0.143131748	0.333333343	0.333333343	None
  5.83333349	0.7366771	-0.012715471	-0.012715471	0.333333343	0.333333343	None
  7.36666727	0.7366769	0	0	0.333333343	0.333333343	None
FLOAT UnityEngine.Animator||LeftHand.Middle.Spread discrete=False keys=20 pre=ClampForever post=ClampForever
  0	-2.16127372	-7.86781238E-05	-7.86781238E-05	0.333333343	0.333333343	None
  1.63333344	-2.16127062	-8.225449E-05	-8.225449E-05	0.333333343	0.333333343	None
  2.4	-2.16127062	-4.64916666E-05	-4.64916666E-05	0.333333343	0.333333343	None
  2.50000024	-2.07263947	2.496776	2.496776	0.333333343	0.333333343	None
  2.766667	-0.799996257	4.74369431	4.74369431	0.333333343	0.333333343	None
  2.86666679	-0.458141416	1.57293427	1.57293427	0.333333343	0.333333343	None
  2.9333334	-0.4362288	-0.337742746	-0.337742746	0.333333343	0.333333343	None
  3.4	-1.15522408	-1.56804228	-1.56804228	0.333333343	0.333333343	None
  3.466667	-1.27968645	-2.83699751	-2.83699751	0.333333343	0.333333343	None
  3.60000014	-1.7325325	-2.34421349	-2.34421349	0.333333343	0.333333343	None
  3.63333344	-1.79433346	-1.25805736	-1.25805736	0.333333343	0.333333343	None
  3.70000029	-1.67475426	7.6024847	7.6024847	0.333333343	0.333333343	None
  3.73333359	-1.30957007	12.9262886	12.9262886	0.333333343	0.333333343	None
  3.766667	-0.813002467	14.6198521	14.6198521	0.333333343	0.333333343	None
  3.80000019	-0.3349142	10.4758139	10.4758139	0.333333343	0.333333343	None
  3.83333349	-0.114615574	3.27508855	3.27508855	0.333333343	0.333333343	None
  3.86666679	-0.116575181	-0.116040632	-0.116040632	0.333333343	0.333333343	None
  5.00000048	-1.37358272	-1.11970246	-1.11970246	0.333333343	0.333333343	None
  5.83333349	-2.16127062	-0.032186538	-0.032186538	0.333333343	0.333333343	None
  7.36666727	-2.16127348	0	0	0.333333343	0.333333343	None
FLOAT UnityEngine.Animator||LeftHand.Ring.1 Stretched discrete=False keys=31 pre=ClampForever post=ClampForever
  0	-0.0382439978	0	0	0.333333343	0.333333343	None
  1.63333344	-0.03824318	6.20261426E-06	6.20261426E-06	0.333333343	0.333333343	None
  2.4	-0.03824359	1.23493492E-05	1.23493492E-05	0.333333343	0.333333343	None
  2.4333334	-0.03824318	0.08691534	0.08691534	0.333333343	0.333333343	None
  2.4666667	-0.03244924	0.3301867	0.3301867	0.333333343	0.333333343	None
  2.50000024	-0.0162306372	0.6166648	0.6166648	0.333333343	0.333333343	None
  2.53333354	0.00866182148	0.850621	0.850621	0.333333343	0.333333343	None
  2.73333359	0.24232702	1.15631413	1.15631413	0.333333343	0.333333343	None
  2.86666679	0.351485074	0.327094346	0.327094346	0.333333343	0.333333343	None
  2.966667	0.35695526	-0.0143086789	-0.0143086789	0.333333343	0.333333343	None
  3.4	0.219402075	-0.836922169	-0.836922169	0.333333343	0.333333343	None
  3.4333334	0.189623877	-1.31505752	-1.31505752	0.333333343	0.333333343	None
  3.466667	0.131731242	-2.34231925	-2.34231925	0.333333343	0.333333343	None
  3.50000024	0.03346899	-3.28457832	-3.28457832	0.333333343	0.333333343	None
  3.53333354	-0.08724045	-3.68847036	-3.68847036	0.333333343	0.333333343	None
  3.60000014	-0.3240846	-2.87689638	-2.87689638	0.333333343	0.333333343	None
  3.63333344	-0.4042217	-1.66241467	-1.66241467	0.333333343	0.333333343	None
  3.66666675	-0.434912145	0.8799194	0.8799194	0.333333343	0.333333343	None
  3.70000029	-0.345559835	4.53218269	4.53218269	0.333333343	0.333333343	None
  3.73333359	-0.132766277	6.99313927	6.99313927	0.333333343	0.333333343	None
  3.766667	0.120649025	6.979163	6.979163	0.333333343	0.333333343	None
  3.80000019	0.332510829	4.508983	4.508983	0.333333343	0.333333343	None
  3.83333349	0.4212476	1.32984817	1.32984817	0.333333343	0.333333343	None
  3.86666679	0.421167284	-0.00484899152	-0.00484899152	0.333333343	0.333333343	None
  5.00000048	0.302246571	-0.22201851	-0.22201851	0.333333343	0.333333343	None
  5.20000029	0.233648732	-0.476504743	-0.476504743	0.333333343	0.333333343	None
  5.63333368	0.005467053	-0.3976694	-0.3976694	0.333333343	0.333333343	None
  5.666667	-0.007001615	-0.347222924	-0.347222924	0.333333343	0.333333343	None
  5.8	-0.0368522443	-0.0813432038	-0.0813432038	0.333333343	0.333333343	None
  5.866667	-0.0382435173	0	0	0.333333343	0.333333343	None
  7.36666727	-0.0382433124	1.02816639E-05	1.02816639E-05	0.333333343	0.333333343	None
FLOAT UnityEngine.Animator||LeftHand.Ring.2 Stretched discrete=False keys=23 pre=ClampForever post=ClampForever
  0	0.23866035	-1.65402889E-05	-1.65402889E-05	0.333333343	0.333333343	None
  1.63333344	0.2386608	-2.54810111E-05	-2.54810111E-05	0.333333343	0.333333343	None
  2.4	0.23866035	1.5199199E-05	1.5199199E-05	0.333333343	0.333333343	None
  2.4666667	0.247095257	0.480439	0.480439	0.333333343	0.333333343	None
  2.86666679	0.800318956	0.46701327	0.46701327	0.333333343	0.333333343	None
  3.00000024	0.8034827	-0.1091222	-0.1091222	0.333333343	0.333333343	None
  3.4	0.604174137	-1.01879871	-1.01879871	0.333333343	0.333333343	None
  3.466667	0.506039143	-2.44400787	-2.44400787	0.333333343	0.333333343	None
  3.56666684	0.157469839	-3.57973719	-3.57973719	0.333333343	0.333333343	None
  3.60000014	0.04489685	-2.90314126	-2.90314126	0.333333343	0.333333343	None
  3.63333344	-0.0360727236	-1.68019164	-1.68019164	0.333333343	0.333333343	None
  3.66666675	-0.06711582	1.07953954	1.07953954	0.333333343	0.333333343	None
  3.70000029	0.0358972438	5.193085	5.193085	0.333333343	0.333333343	None
  3.73333359	0.279090255	7.937739	7.937739	0.333333343	0.333333343	None
  3.766667	0.565079331	7.83507633	7.83507633	0.333333343	0.333333343	None
  3.80000019	0.8014282	5.02002525	5.02002525	0.333333343	0.333333343	None
  3.83333349	0.8997474	1.473616	1.473616	0.333333343	0.333333343	None
  3.86666679	0.8996692	-0.004701917	-0.004701917	0.333333343	0.333333343	None
  5.033334	0.7365471	-0.348227054	-0.348227054	0.333333343	0.333333343	None
  5.70000029	0.2697878	-0.439206779	-0.439206779	0.333333343	0.333333343	None
  5.83333349	0.238658816	-0.0316152275	-0.0316152275	0.333333343	0.333333343	None
  6.066667	0.238656908	1.45286458E-05	1.45286458E-05	0.333333343	0.333333343	None
  7.36666727	0.238659471	0	0	0.333333343	0.333333343	None
FLOAT UnityEngine.Animator||LeftHand.Ring.3 Stretched discrete=False keys=16 pre=ClampForever post=ClampForever
  0	0.621700168	0	0	0.333333343	0.333333343	None
  1.63333344	0.6217007	8.046634E-06	8.046634E-06	0.333333343	0.333333343	None
  2.4	0.621701241	8.046634E-06	8.046634E-06	0.333333343	0.333333343	None
  2.53333354	0.657625556	0.651352763	0.651352763	0.333333343	0.333333343	None
  2.9	0.9241892	0.0589263961	0.0589263961	0.333333343	0.333333343	None
  3.4	0.8123147	-0.4686539	-0.4686539	0.333333343	0.333333343	None
  3.50000024	0.727637649	-1.3763411	-1.3763411	0.333333343	0.333333343	None
  3.63333344	0.5487106	-0.672326744	-0.672326744	0.333333343	0.333333343	None
  3.66666675	0.53632015	0.5014721	0.5014721	0.333333343	0.333333343	None
  3.70000029	0.582142353	2.3203702	2.3203702	0.333333343	0.333333343	None
  3.80000019	0.928024352	2.29229569	2.29229569	0.333333343	0.333333343	None
  3.86666679	0.97304076	-0.00251680845	-0.00251680845	0.333333343	0.333333343	None
  5.033334	0.8857078	-0.186030149	-0.186030149	0.333333343	0.333333343	None
  5.83333349	0.6217007	-0.016634183	-0.016634183	0.333333343	0.333333343	None
  7.066667	0.621700168	-5.364423E-06	-5.364423E-06	0.333333343	0.333333343	None
  7.36666727	0.6216997	-1.43049238E-05	-1.43049238E-05	0.333333343	0.333333343	None
FLOAT UnityEngine.Animator||LeftHand.Ring.Spread discrete=False keys=26 pre=ClampForever post=ClampForever
  0	0.9614854	0	0	0.333333343	0.333333343	None
  1.63333344	0.961488	8.49367061E-05	8.49367061E-05	0.333333343	0.333333343	None
  2.4	0.961486757	0	0	0.333333343	0.333333343	None
  2.50000024	0.9234709	-1.06861067	-1.06861067	0.333333343	0.333333343	None
  2.80000019	0.33198595	-1.60563445	-1.60563445	0.333333343	0.333333343	None
  2.86666679	0.253796965	-0.631091535	-0.631091535	0.333333343	0.333333343	None
  2.9333334	0.2432113	0.0339463279	0.0339463279	0.333333343	0.333333343	None
  3.4	0.509994447	1.36309814	1.36309814	0.333333343	0.333333343	None
  3.50000024	0.6814485	1.9426918	1.9426918	0.333333343	0.333333343	None
  3.60000014	0.833830833	0.8339505	0.8339505	0.333333343	0.333333343	None
  3.63333344	0.85323143	0.377802	0.377802	0.333333343	0.333333343	None
  3.70000029	0.799777269	-3.28207564	-3.28207564	0.333333343	0.333333343	None
  3.73333359	0.640212357	-5.704568	-5.704568	0.333333343	0.333333343	None
  3.766667	0.4194731	-6.43979454	-6.43979454	0.333333343	0.333333343	None
  3.80000019	0.210893154	-4.535941	-4.535941	0.333333343	0.333333343	None
  3.83333349	0.117077328	-1.4199841	-1.4199841	0.333333343	0.333333343	None
  3.86666679	0.116227634	-0.04986768	-0.04986768	0.333333343	0.333333343	None
  4.3	0.000453494518	-0.383320123	-0.383320123	0.333333343	0.333333343	None
  5.00000048	-0.108664513	0.322034657	0.322034657	0.333333343	0.333333343	None
  5.066667	-0.07923891	0.652570069	0.652570069	0.333333343	0.333333343	None
  5.13333368	-0.0198183861	1.10361314	1.10361314	0.333333343	0.333333343	None
  5.166667	0.0202846471	1.28958678	1.28958678	0.333333343	0.333333343	None
  5.666667	0.8555688	1.17232585	1.17232585	0.333333343	0.333333343	None
  5.83333349	0.961488	0.07119841	0.07119841	0.333333343	0.333333343	None
  6.266667	0.9614854	-8.404263E-05	-8.404263E-05	0.333333343	0.333333343	None
  7.36666727	0.9614854	0	0	0.333333343	0.333333343	None
FLOAT UnityEngine.Animator||LeftHand.Thumb.1 Stretched discrete=False keys=13 pre=ClampForever post=ClampForever
  0	-2.08280778	0.0241041165	0.0241041165	0.333333343	0.333333343	None
  1.16666675	-1.76693213	0	0	0.333333343	0.333333343	None
  2.4	-1.76693213	-1.9669551E-05	-1.9669551E-05	0.333333343	0.333333343	None
  2.56666684	-1.63885784	1.68156779	1.68156779	0.333333343	0.333333343	None
  2.9	-1.120761	0.0635862947	0.0635862947	0.333333343	0.333333343	None
  3.4333334	-1.721972	-0.8028048	-0.8028048	0.333333343	0.333333343	None
  3.63333344	-1.78309131	0.06348795	0.06348795	0.333333343	0.333333343	None
  3.73333359	-1.70055342	1.76892924	1.76892924	0.333333343	0.333333343	None
  3.83333349	-1.552962	0.527519464	0.527519464	0.333333343	0.333333343	None
  4	-1.53082108	0.03941603	0.03941603	0.333333343	0.333333343	None
  5.00000048	-1.64060557	-0.0175504163	-0.0175504163	0.333333343	0.333333343	None
  6.33333349	-1.86603451	-0.184781134	-0.184781134	0.333333343	0.333333343	None
  7.36666727	-2.08280849	0	0	0.333333343	0.333333343	None
FLOAT UnityEngine.Animator||LeftHand.Thumb.2 Stretched discrete=False keys=18 pre=ClampForever post=ClampForever
  0	0.197193518	-0.0020827353	-0.0020827353	0.333333343	0.333333343	None
  1.16666675	0.170074448	-2.86102568E-05	-2.86102568E-05	0.333333343	0.333333343	None
  2.4	0.170073465	2.90572916E-06	2.90572916E-06	0.333333343	0.333333343	None
  2.4666667	0.17597647	0.3358871	0.3358871	0.333333343	0.333333343	None
  2.80000019	0.515615165	0.807448	0.807448	0.333333343	0.333333343	None
  2.9333334	0.5571046	-0.09505711	-0.09505711	0.333333343	0.333333343	None
  3.4333334	0.377855778	-0.342325449	-0.342325449	0.333333343	0.333333343	None
  3.63333344	0.320195049	-0.111393139	-0.111393139	0.333333343	0.333333343	None
  3.66666675	0.318210155	0.3474832	0.3474832	0.333333343	0.333333343	None
  3.70000029	0.343360752	1.26105332	1.26105332	0.333333343	0.333333343	None
  3.80000019	0.526054442	1.1733098	1.1733098	0.333333343	0.333333343	None
  3.9	0.5448176	-0.116919771	-0.116919771	0.333333343	0.333333343	None
  4.766667	0.150837064	-0.389618725	-0.389618725	0.333333343	0.333333343	None
  5.00000048	0.09879712	-0.02160918	-0.02160918	0.333333343	0.333333343	None
  5.13333368	0.105346121	0.0750178844	0.0750178844	0.333333343	0.333333343	None
  5.866667	0.171357334	0.0362018123	0.0362018123	0.333333343	0.333333343	None
  6.666667	0.184942737	0.0239760652	0.0239760652	0.333333343	0.333333343	None
  7.36666727	0.197192922	0	0	0.333333343	0.333333343	None
FLOAT UnityEngine.Animator||LeftHand.Thumb.3 Stretched discrete=False keys=13 pre=ClampForever post=ClampForever
  0	0.6243271	0	0	0.333333343	0.333333343	None
  1.63333344	0.6243269	-8.940706E-06	-8.940706E-06	0.333333343	0.333333343	None
  2.4	0.6243269	-6.25849361E-06	-6.25849361E-06	0.333333343	0.333333343	None
  2.56666684	0.6640925	0.5218627	0.5218627	0.333333343	0.333333343	None
  2.9	0.8248267	0.0340363681	0.0340363681	0.333333343	0.333333343	None
  3.4333334	0.7396364	-0.168231279	-0.168231279	0.333333343	0.333333343	None
  3.63333344	0.706791759	-0.06964631	-0.06964631	0.333333343	0.333333343	None
  3.70000029	0.72134155	0.802279055	0.802279055	0.333333343	0.333333343	None
  3.80000019	0.8416542	0.80188024	0.80188024	0.333333343	0.333333343	None
  3.9	0.85537	-0.0608188771	-0.0608188771	0.333333343	0.333333343	None
  5.033334	0.6243255	-0.007956333	-0.007956333	0.333333343	0.333333343	None
  6.70000029	0.6243255	0	0	0.333333343	0.333333343	None
  7.36666727	0.6243269	0	0	0.333333343	0.333333343	None
FLOAT UnityEngine.Animator||LeftHand.Thumb.Spread discrete=False keys=20 pre=ClampForever post=ClampForever
  0	-0.4043707	0.008857548	0.008857548	0.333333343	0.333333343	None
  1.13333344	-0.291207343	0.00422089174	0.00422089174	0.333333343	0.333333343	None
  2.4	-0.291209042	1.47521641E-05	1.47521641E-05	0.333333343	0.333333343	None
  2.53333354	-0.303151459	-0.209879041	-0.209879041	0.333333343	0.333333343	None
  2.83333349	-0.3670809	-0.08641683	-0.08641683	0.333333343	0.333333343	None
  3.03333354	-0.377958238	-0.111428007	-0.111428007	0.333333343	0.333333343	None
  3.4333334	-0.4629055	-0.2825839	-0.2825839	0.333333343	0.333333343	None
  3.63333344	-0.5024391	-0.220435768	-0.220435768	0.333333343	0.333333343	None
  3.73333359	-0.549937963	-0.7139001	-0.7139001	0.333333343	0.333333343	None
  3.83333349	-0.5964719	-0.0077015236	-0.0077015236	0.333333343	0.333333343	None
  4	-0.5514938	0.423119754	0.423119754	0.333333343	0.333333343	None
  4.83333349	-0.00570621155	0.4237267	0.4237267	0.333333343	0.333333343	None
  4.9	0.0186080448	0.300933361	0.300933361	0.333333343	0.333333343	None
  5.066667	0.03801301	-0.0896509141	-0.0896509141	0.333333343	0.333333343	None
  5.20000029	0.005320543	-0.3783815	-0.3783815	0.333333343	0.333333343	None
  5.23333359	-0.008247197	-0.4320051	-0.4320051	0.333333343	0.333333343	None
  5.8	-0.286865056	-0.171880588	-0.171880588	0.333333343	0.333333343	None
  6.00000048	-0.304193437	-0.07116041	-0.07116041	0.333333343	0.333333343	None
  6.8	-0.3664618	-0.106418535	-0.106418535	0.333333343	0.333333343	None
  7.36666727	-0.4043696	0	0	0.333333343	0.333333343	None
FLOAT UnityEngine.Animator||LeftHandQ.w discrete=False keys=96 pre=ClampForever post=ClampForever
  0	-0.6238113	0.00400900841	0.00400900841	0.333333343	0.333333343	None
  0.733333349	-0.6560026	-0.051901646	-0.051901646	0.333333343	0.333333343	None
  0.900000036	-0.6621721	-0.163080081	-0.163080081	0.333333343	0.333333343	None
  0.9666667	-0.6970607	-1.61915827	-1.61915827	0.333333343	0.333333343	None
  1	-0.7764993	-2.72953367	-2.72953367	0.333333343	0.333333343	None
  1.03333342	-0.8790298	-2.46160841	-2.46160841	0.333333343	0.333333343	None
  1.06666672	-0.9406067	-0.9438658	-0.9438658	0.333333343	0.333333343	None
  1.1	-0.941954136	0.21193859	0.21193859	0.333333343	0.333333343	None
  1.16666675	-0.896563768	0.728292	0.728292	0.333333343	0.333333343	None
  1.2	-0.8779247	0.950970054	0.950970054	0.333333343	0.333333343	None
  1.26666677	-0.7722744	1.6767509	1.6767509	0.333333343	0.333333343	None
  1.36666679	-0.6295481	1.28311753	1.28311753	0.333333343	0.333333343	None
  1.4333334	-0.564429641	0.720772862	0.720772862	0.333333343	0.333333343	None
  1.4666667	-0.5419979	0.7763261	0.7763261	0.333333343	0.333333343	None
  1.53333342	-0.4883976	0.52323246	0.52323246	0.333333343	0.333333343	None
  1.63333344	-0.487166673	-0.547685266	-0.547685266	0.333333343	0.333333343	None
  1.66666675	-0.5136771	-1.52184343	-1.52184343	0.333333343	0.333333343	None
  1.7	-0.5886228	-1.89992213	-1.89992213	0.333333343	0.333333343	None
  1.76666677	-0.656767368	0.05373901	0.05373901	0.333333343	0.333333343	None
  1.83333337	-0.609053135	0.8613048	0.8613048	0.333333343	0.333333343	None
  1.9000001	-0.536231041	1.64609063	1.64609063	0.333333343	0.333333343	None
  1.9333334	-0.469596416	1.39382672	1.39382672	0.333333343	0.333333343	None
  2.03333354	-0.454231173	-0.422671854	-0.422671854	0.333333343	0.333333343	None
  2.16666675	-0.5171986	-0.325168073	-0.325168073	0.333333343	0.333333343	None
  2.30000019	-0.538763046	0.03184858	0.03184858	0.333333343	0.333333343	None
  2.4	-0.543598831	-0.156129748	-0.156129748	0.333333343	0.333333343	None
  2.53333354	-0.5518059	-0.03139171	-0.03139171	0.333333343	0.333333343	None
  2.63333344	-0.5715346	-0.381795824	-0.381795824	0.333333343	0.333333343	None
  2.86666679	-0.600322366	0.155531615	0.155531615	0.333333343	0.333333343	None
  3.03333354	-0.6009514	-0.231233463	-0.231233463	0.333333343	0.333333343	None
  3.20000029	-0.6354893	-0.204305843	-0.204305843	0.333333343	0.333333343	None
  3.30000019	-0.6298996	0.4061074	0.4061074	0.333333343	0.333333343	None
  3.4333334	-0.575440645	0.350287616	0.350287616	0.333333343	0.333333343	None
  3.50000024	-0.539952	0.991732955	0.991732955	0.333333343	0.333333343	None
  3.56666684	-0.404062182	3.90894461	3.90894461	0.333333343	0.333333343	None
  3.60000014	-0.237820268	4.978077	4.978077	0.333333343	0.333333343	None
  3.63333344	-0.07219072	4.92044163	4.92044163	0.333333343	0.333333343	None
  3.66666675	0.0902088657	4.215372	4.215372	0.333333343	0.333333343	None
  3.70000029	0.208834678	2.72326	2.72326	0.333333343	0.333333343	None
  3.766667	0.2997441	0.6080131	0.6080131	0.333333343	0.333333343	None
  3.83333349	0.313984841	-0.206036761	-0.206036761	0.333333343	0.333333343	None
  3.93333364	0.253097117	-0.452815324	-0.452815324	0.333333343	0.333333343	None
  4.033334	0.234602228	-0.275818944	-0.275818944	0.333333343	0.333333343	None
  4.10000038	0.206667259	-0.430858374	-0.430858374	0.333333343	0.333333343	None
  4.166667	0.180924386	-0.344124615	-0.344124615	0.333333343	0.333333343	None
  4.23333359	0.16657266	-0.07345415	-0.07345415	0.333333343	0.333333343	None
  4.3	0.1638309	-0.083495006	-0.083495006	0.333333343	0.333333343	None
  4.366667	0.157938853	-0.0288163386	-0.0288163386	0.333333343	0.333333343	None
  4.5	0.14917019	-0.376758039	-0.376758039	0.333333343	0.333333343	None
  4.566667	0.111675642	-0.665402055	-0.665402055	0.333333343	0.333333343	None
  4.60000038	0.08844393	-0.7684717	-0.7684717	0.333333343	0.333333343	None
  4.63333368	0.0604442433	-0.8739915	-0.8739915	0.333333343	0.333333343	None
  4.666667	0.0301778857	-1.14768326	-1.14768326	0.333333343	0.333333343	None
  4.70000029	-0.0160679	-1.19051766	-1.19051766	0.333333343	0.333333343	None
  4.73333359	-0.04918988	-0.641614258	-0.641614258	0.333333343	0.333333343	None
  4.766667	-0.05884214	-0.283012658	-0.283012658	0.333333343	0.333333343	None
  4.8	-0.06805737	-0.4569825	-0.4569825	0.333333343	0.333333343	None
  4.83333349	-0.08930761	-0.246438682	-0.246438682	0.333333343	0.333333343	None
  4.866667	-0.0844866037	0.934515059	0.934515059	0.333333343	0.333333343	None
  4.9	-0.0270066727	1.70491409	1.70491409	0.333333343	0.333333343	None
  4.9333334	0.02917422	1.17797327	1.17797327	0.333333343	0.333333343	None
  4.9666667	0.0515248	0.5524018	0.5524018	0.333333343	0.333333343	None
  5.00000048	0.06600118	0.4067142	0.4067142	0.333333343	0.333333343	None
  5.033334	0.07863926	0.3039698	0.3039698	0.333333343	0.333333343	None
  5.066667	0.08626581	-0.205534756	-0.205534756	0.333333343	0.333333343	None
  5.10000038	0.06493696	-0.6760468	-0.6760468	0.333333343	0.333333343	None
  5.13333368	0.0411960669	-0.522464156	-0.522464156	0.333333343	0.333333343	None
  5.166667	0.030106049	-0.249810591	-0.249810591	0.333333343	0.333333343	None
  5.20000029	0.024542043	-0.06501605	-0.06501605	0.333333343	0.333333343	None
  5.23333359	0.02577165	0.11112193	0.11112193	0.333333343	0.333333343	None
  5.266667	0.0319501646	0.110833988	0.110833988	0.333333343	0.333333343	None
  5.3	0.0331605747	-0.18642047	-0.18642047	0.333333343	0.333333343	None
  5.33333349	0.0195221454	-0.373090833	-0.373090833	0.333333343	0.333333343	None
  5.366667	0.008287877	-0.130798042	-0.130798042	0.333333343	0.333333343	None
  5.4	0.0108022839	0.06890705	0.06890705	0.333333343	0.333333343	None
  5.4333334	0.0128816757	-0.109909572	-0.109909572	0.333333343	0.333333343	None
  5.466667	0.003474851	-0.4149477	-0.4149477	0.333333343	0.333333343	None
  5.50000048	-0.0147816148	-0.576380253	-0.576380253	0.333333343	0.333333343	None
  5.533334	-0.034950465	-0.6306813	-0.6306813	0.333333343	0.333333343	None
  5.566667	-0.0568269938	-0.6999521	-0.6999521	0.333333343	0.333333343	None
  5.60000038	-0.0816139	-0.8929961	-0.8929961	0.333333343	0.333333343	None
  5.63333368	-0.116360009	-1.059605	-1.059605	0.333333343	0.333333343	None
  5.666667	-0.152254164	-1.13667035	-1.13667035	0.333333343	0.333333343	None
  5.70000029	-0.192137957	-1.00493979	-1.00493979	0.333333343	0.333333343	None
  5.766667	-0.243246287	-0.8320364	-0.8320364	0.333333343	0.333333343	None
  5.8	-0.274719119	-0.858703732	-0.858703732	0.333333343	0.333333343	None
  5.866667	-0.318981737	-0.4954407	-0.4954407	0.333333343	0.333333343	None
  5.933334	-0.353488564	-0.654040456	-0.654040456	0.333333343	0.333333343	None
  6.033334	-0.4184644	-0.6060627	-0.6060627	0.333333343	0.333333343	None
  6.166667	-0.493029624	-0.380347431	-0.380347431	0.333333343	0.333333343	None
  6.433334	-0.544366062	-0.195374966	-0.195374966	0.333333343	0.333333343	None
  6.60000038	-0.59545213	-0.108389065	-0.108389065	0.333333343	0.333333343	None
  6.766667	-0.604792	-0.0572804175	-0.0572804175	0.333333343	0.333333343	None
  7.166667	-0.608971059	-0.202621415	-0.202621415	0.333333343	0.333333343	None
  7.33333349	-0.6238122	-0.03299299	-0.03299299	0.333333343	0.333333343	None
  7.36666727	-0.623812258	-1.78811547E-06	-1.78811547E-06	0.333333343	0.333333343	None
FLOAT UnityEngine.Animator||LeftHandQ.x discrete=False keys=100 pre=ClampForever post=ClampForever
  0	0.274360657	0.003276765	0.003276765	0.333333343	0.333333343	None
  0.366666675	0.244390681	-0.168266982	-0.168266982	0.333333343	0.333333343	None
  0.7666667	0.173710033	-0.182944834	-0.182944834	0.333333343	0.333333343	None
  0.866666734	0.1453432	-0.395494461	-0.395494461	0.333333343	0.333333343	None
  0.900000036	0.131413877	-0.0322416127	-0.0322416127	0.333333343	0.333333343	None
  0.9333334	0.143193781	1.1095475	1.1095475	0.333333343	0.333333343	None
  0.9666667	0.205383658	1.5640378	1.5640378	0.333333343	0.333333343	None
  1	0.247462869	-0.537708163	-0.537708163	0.333333343	0.333333343	None
  1.03333342	0.1695362	-3.20039725	-3.20039725	0.333333343	0.333333343	None
  1.06666672	0.0341029838	-2.70907736	-2.70907736	0.333333343	0.333333343	None
  1.1	-0.0110687688	-0.47270757	-0.47270757	0.333333343	0.333333343	None
  1.13333344	0.00258922577	1.14070678	1.14070678	0.333333343	0.333333343	None
  1.16666675	0.0649783239	1.12597394	1.12597394	0.333333343	0.333333343	None
  1.2	0.0776540861	0.427827954	0.427827954	0.333333343	0.333333343	None
  1.23333335	0.09350016	0.8929874	0.8929874	0.333333343	0.333333343	None
  1.26666677	0.137186676	1.1301136	1.1301136	0.333333343	0.333333343	None
  1.30000007	0.168841153	0.5750568	0.5750568	0.333333343	0.333333343	None
  1.33333337	0.175523758	0.515674233	0.515674233	0.333333343	0.333333343	None
  1.36666679	0.2032195	1.05547476	1.05547476	0.333333343	0.333333343	None
  1.4000001	0.24588877	0.901616931	0.901616931	0.333333343	0.333333343	None
  1.4333334	0.263327241	0.247056261	0.247056261	0.333333343	0.333333343	None
  1.4666667	0.262359172	0.041768983	0.041768983	0.333333343	0.333333343	None
  1.53333342	0.258289635	-0.583164	-0.583164	0.333333343	0.333333343	None
  1.63333344	0.143370211	-1.09635127	-1.09635127	0.333333343	0.333333343	None
  1.66666675	0.112856567	-0.370575041	-0.370575041	0.333333343	0.333333343	None
  1.7	0.118665233	0.6322829	0.6322829	0.333333343	0.333333343	None
  1.73333347	0.155008852	0.6871464	0.6871464	0.333333343	0.333333343	None
  1.76666677	0.164475083	-0.0776334852	-0.0776334852	0.333333343	0.333333343	None
  1.80000007	0.149833292	-0.46936357	-0.46936357	0.333333343	0.333333343	None
  1.86666679	0.110629044	-0.824898541	-0.824898541	0.333333343	0.333333343	None
  1.9000001	0.0781909451	-1.1318922	-1.1318922	0.333333343	0.333333343	None
  1.9333334	0.03516963	-1.01255476	-1.01255476	0.333333343	0.333333343	None
  1.96666682	0.0106872693	-0.360994279	-0.360994279	0.333333343	0.333333343	None
  2	0.01110328	0.4562706	0.4562706	0.333333343	0.333333343	None
  2.03333354	0.0411054939	1.14292991	1.14292991	0.333333343	0.333333343	None
  2.06666684	0.08729875	1.197211	1.197211	0.333333343	0.333333343	None
  2.10000014	0.120919481	0.706604958	0.706604958	0.333333343	0.333333343	None
  2.13333344	0.1344057	0.296185434	0.296185434	0.333333343	0.333333343	None
  2.16666675	0.140665159	0.131239712	0.131239712	0.333333343	0.333333343	None
  2.2	0.143155009	-0.0232270584	-0.0232270584	0.333333343	0.333333343	None
  2.266667	0.132506639	-0.199886411	-0.199886411	0.333333343	0.333333343	None
  2.30000019	0.1257909	-0.09142944	-0.09142944	0.333333343	0.333333343	None
  2.36666679	0.133761033	0.2749352	0.2749352	0.333333343	0.333333343	None
  2.4333334	0.1540992	0.152061731	0.152061731	0.333333343	0.333333343	None
  2.50000024	0.152006924	-0.02624133	-0.02624133	0.333333343	0.333333343	None
  2.56666684	0.152066186	-0.09226026	-0.09226026	0.333333343	0.333333343	None
  2.63333344	0.143582091	-0.07522419	-0.07522419	0.333333343	0.333333343	None
  2.66666675	0.141962722	-0.117254	-0.117254	0.333333343	0.333333343	None
  2.80000019	0.114441469	-0.0932171345	-0.0932171345	0.333333343	0.333333343	None
  2.86666679	0.111307092	-0.149496853	-0.149496853	0.333333343	0.333333343	None
  2.9333334	0.0917912945	-0.306873977	-0.306873977	0.333333343	0.333333343	None
  2.966667	0.08286906	-0.108284727	-0.108284727	0.333333343	0.333333343	None
  3.00000024	0.0845722556	0.130770221	0.130770221	0.333333343	0.333333343	None
  3.03333354	0.09158707	0.2857893	0.2857893	0.333333343	0.333333343	None
  3.06666684	0.103624858	0.231237814	0.231237814	0.333333343	0.333333343	None
  3.10000014	0.107002907	0.0142508149	0.0142508149	0.333333343	0.333333343	None
  3.13333344	0.104574911	-0.00308755785	-0.00308755785	0.333333343	0.333333343	None
  3.16666675	0.106797069	0.144877747	0.144877747	0.333333343	0.333333343	None
  3.20000029	0.114233471	0.226538	0.226538	0.333333343	0.333333343	None
  3.266667	0.116845466	-0.493376851	-0.493376851	0.333333343	0.333333343	None
  3.30000019	0.0890078843	-0.762195	-0.762195	0.333333343	0.333333343	None
  3.33333349	0.066032514	-0.25612697	-0.25612697	0.333333343	0.333333343	None
  3.36666679	0.07193277	0.560857058	0.560857058	0.333333343	0.333333343	None
  3.4	0.103422947	0.996102	0.996102	0.333333343	0.333333343	None
  3.4333334	0.1383395	0.983531833	0.983531833	0.333333343	0.333333343	None
  3.50000024	0.2050195	1.28057909	1.28057909	0.333333343	0.333333343	None
  3.53333354	0.254363745	2.1079247	2.1079247	0.333333343	0.333333343	None
  3.63333344	0.5472759	2.35782719	2.35782719	0.333333343	0.333333343	None
  3.766667	0.6513416	0.0154397041	0.0154397041	0.333333343	0.333333343	None
  3.86666679	0.637266934	-0.245551109	-0.245551109	0.333333343	0.333333343	None
  4.033334	0.6422473	-0.0671143159	-0.0671143159	0.333333343	0.333333343	None
  4.266667	0.6305822	0.00583738647	0.00583738647	0.333333343	0.333333343	None
  4.5	0.6104253	-0.160721451	-0.160721451	0.333333343	0.333333343	None
  4.566667	0.607392848	0.1306237	0.1306237	0.333333343	0.333333343	None
  4.666667	0.6034104	-0.4210759	-0.4210759	0.333333343	0.333333343	None
  4.766667	0.554868	-0.501456439	-0.501456439	0.333333343	0.333333343	None
  4.83333349	0.5333857	0.463664085	0.463664085	0.333333343	0.333333343	None
  4.866667	0.5672135	1.03153658	1.03153658	0.333333343	0.333333343	None
  4.9333334	0.6254232	0.469878763	0.469878763	0.333333343	0.333333343	None
  5.00000048	0.638589859	0.1584112	0.1584112	0.333333343	0.333333343	None
  5.13333368	0.6310647	-0.17715919	-0.17715919	0.333333343	0.333333343	None
  5.33333349	0.6174142	-0.1261149	-0.1261149	0.333333343	0.333333343	None
  5.50000048	0.5927732	-0.246000826	-0.246000826	0.333333343	0.333333343	None
  5.666667	0.5485362	-0.436316252	-0.436316252	0.333333343	0.333333343	None
  5.766667	0.500028133	-0.667577863	-0.667577863	0.333333343	0.333333343	None
  5.83333349	0.459374517	-0.418760717	-0.418760717	0.333333343	0.333333343	None
  6.00000048	0.411034018	-0.368264079	-0.368264079	0.333333343	0.333333343	None
  6.23333359	0.3234794	-0.3419574	-0.3419574	0.333333343	0.333333343	None
  6.3	0.297176659	-0.451270044	-0.451270044	0.333333343	0.333333343	None
  6.433334	0.248305723	-0.194261178	-0.194261178	0.333333343	0.333333343	None
  6.566667	0.230043739	-0.0783382356	-0.0783382356	0.333333343	0.333333343	None
  6.63333368	0.229007423	0.119004808	0.119004808	0.333333343	0.333333343	None
  6.70000029	0.241658866	0.1442196	0.1442196	0.333333343	0.333333343	None
  6.83333349	0.248862922	0.09250255	0.09250255	0.333333343	0.333333343	None
  6.966667	0.2648692	0.10080824	0.10080824	0.333333343	0.333333343	None
  7.066667	0.277768582	0.255113184	0.255113184	0.333333343	0.333333343	None
  7.166667	0.308900654	0.163977459	0.163977459	0.333333343	0.333333343	None
  7.266667	0.299233228	-0.3379086	-0.3379086	0.333333343	0.333333343	None
  7.33333349	0.2743443	-0.168792024	-0.168792024	0.333333343	0.333333343	None
  7.36666727	0.274344325	8.94057735E-07	8.94057735E-07	0.333333343	0.333333343	None
FLOAT UnityEngine.Animator||LeftHandQ.y discrete=False keys=115 pre=ClampForever post=ClampForever
  0	-0.08595875	0.0149953356	0.0149953356	0.333333343	0.333333343	None
  0.13333334	-0.08236933	0.0568008125	0.0568008125	0.333333343	0.333333343	None
  0.366666675	-0.0662039146	0.0861525238	0.0861525238	0.333333343	0.333333343	None
  0.4666667	-0.05755821	0.09976214	0.09976214	0.333333343	0.333333343	None
  0.5666667	-0.0478421673	0.08857538	0.08857538	0.333333343	0.333333343	None
  0.6666667	-0.03838202	0.09242228	0.09242228	0.333333343	0.333333343	None
  0.733333349	-0.0319485366	0.101255968	0.101255968	0.333333343	0.333333343	None
  0.8000001	-0.0228176378	0.2302779	0.2302779	0.333333343	0.333333343	None
  0.8333334	-0.0132018905	0.444950044	0.444950044	0.333333343	0.333333343	None
  0.866666734	0.006845708	0.49579066	0.49579066	0.333333343	0.333333343	None
  0.900000036	0.019850824	-0.08246337	-0.08246337	0.333333343	0.333333343	None
  0.9333334	0.001348123	-1.413264	-1.413264	0.333333343	0.333333343	None
  0.9666667	-0.07436672	-2.41919327	-2.41919327	0.333333343	0.333333343	None
  1	-0.159931272	-1.97215939	-1.97215939	0.333333343	0.333333343	None
  1.03333342	-0.205844045	-1.08657348	-1.08657348	0.333333343	0.333333343	None
  1.06666672	-0.2323696	-1.29276073	-1.29276073	0.333333343	0.333333343	None
  1.1	-0.292028	-1.64221764	-1.64221764	0.333333343	0.333333343	None
  1.16666675	-0.3623623	0.21504271	0.21504271	0.333333343	0.333333343	None
  1.2	-0.327514678	0.249417484	0.249417484	0.333333343	0.333333343	None
  1.23333335	-0.345734477	-0.967756867	-0.967756867	0.333333343	0.333333343	None
  1.26666677	-0.3920319	-0.731191635	-0.731191635	0.333333343	0.333333343	None
  1.30000007	-0.3944807	1.26123047	1.26123047	0.333333343	0.333333343	None
  1.33333337	-0.30794996	3.123681	3.123681	0.333333343	0.333333343	None
  1.36666679	-0.18623507	3.04274178	3.04274178	0.333333343	0.333333343	None
  1.4000001	-0.105100259	2.05603147	2.05603147	0.333333343	0.333333343	None
  1.4333334	-0.04916644	1.951412	1.951412	0.333333343	0.333333343	None
  1.4666667	0.0249937475	2.19812346	2.19812346	0.333333343	0.333333343	None
  1.50000012	0.0973752439	1.65359068	1.65359068	0.333333343	0.333333343	None
  1.53333342	0.135233283	0.7313488	0.7313488	0.333333343	0.333333343	None
  1.56666672	0.146131784	0.199709743	0.199709743	0.333333343	0.333333343	None
  1.63333344	0.138372868	-0.5527582	-0.5527582	0.333333343	0.333333343	None
  1.66666675	0.11169675	-1.34178579	-1.34178579	0.333333343	0.333333343	None
  1.7	0.04892057	-1.56232834	-1.56232834	0.333333343	0.333333343	None
  1.73333347	0.00754147768	-0.4291579	-0.4291579	0.333333343	0.333333343	None
  1.76666677	0.0203099251	1.05488467	1.05488467	0.333333343	0.333333343	None
  1.80000007	0.07786706	1.63953471	1.63953471	0.333333343	0.333333343	None
  1.83333337	0.129612133	1.49445057	1.49445057	0.333333343	0.333333343	None
  1.86666679	0.177497178	1.70018411	1.70018411	0.333333343	0.333333343	None
  1.9000001	0.2429578	2.293952	2.293952	0.333333343	0.333333343	None
  1.9333334	0.33042717	2.342801	2.342801	0.333333343	0.333333343	None
  2.03333354	0.477528632	0.467327	0.467327	0.333333343	0.333333343	None
  2.10000014	0.4844644	0.1495266	0.1495266	0.333333343	0.333333343	None
  2.16666675	0.497754127	0.0666994452	0.0666994452	0.333333343	0.333333343	None
  2.266667	0.5049714	0.268010765	0.268010765	0.333333343	0.333333343	None
  2.36666679	0.5172216	-0.24491632	-0.24491632	0.333333343	0.333333343	None
  2.4666667	0.4871419	0.04548785	0.04548785	0.333333343	0.333333343	None
  2.63333344	0.495266736	-0.394413859	-0.394413859	0.333333343	0.333333343	None
  2.7	0.461076081	-0.4109547	-0.4109547	0.333333343	0.333333343	None
  2.86666679	0.432835042	0.107207105	0.107207105	0.333333343	0.333333343	None
  2.966667	0.431499839	-0.2342284	-0.2342284	0.333333343	0.333333343	None
  3.10000014	0.390284717	-0.194682956	-0.194682956	0.333333343	0.333333343	None
  3.16666675	0.378557652	-0.273150742	-0.273150742	0.333333343	0.333333343	None
  3.23333359	0.358250678	-0.05428528	-0.05428528	0.333333343	0.333333343	None
  3.266667	0.3637539	0.62544477	0.62544477	0.333333343	0.333333343	None
  3.33333349	0.443014562	1.00913918	1.00913918	0.333333343	0.333333343	None
  3.466667	0.504626751	0.8218404	0.8218404	0.333333343	0.333333343	None
  3.56666684	0.586311936	-0.176993772	-0.176993772	0.333333343	0.333333343	None
  3.60000014	0.563430369	-0.536039948	-0.536039948	0.333333343	0.333333343	None
  3.63333344	0.550576	-0.5402206	-0.5402206	0.333333343	0.333333343	None
  3.70000029	0.514335036	-0.187569216	-0.187569216	0.333333343	0.333333343	None
  3.766667	0.5204799	0.16174987	0.16174987	0.333333343	0.333333343	None
  3.83333349	0.536952138	0.565372646	0.565372646	0.333333343	0.333333343	None
  3.93333364	0.6084108	0.301072	0.301072	0.333333343	0.333333343	None
  4.033334	0.6183037	0.2928729	0.2928729	0.333333343	0.333333343	None
  4.13333368	0.648945153	0.19957979	0.19957979	0.333333343	0.333333343	None
  4.266667	0.6640745	-0.07247961	-0.07247961	0.333333343	0.333333343	None
  4.4666667	0.660108566	-0.0372031666	-0.0372031666	0.333333343	0.333333343	None
  4.566667	0.652136266	-0.3833962	-0.3833962	0.333333343	0.333333343	None
  4.666667	0.6216506	0.0818923861	0.0818923861	0.333333343	0.333333343	None
  4.766667	0.640448332	0.235365853	0.235365853	0.333333343	0.333333343	None
  4.83333349	0.6393445	-1.15805554	-1.15805554	0.333333343	0.333333343	None
  4.866667	0.5728116	-1.89090371	-1.89090371	0.333333343	0.333333343	None
  4.9	0.5132844	-1.27968264	-1.27968264	0.333333343	0.333333343	None
  5.00000048	0.4865807	-0.0242274329	-0.0242274329	0.333333343	0.333333343	None
  5.033334	0.4833129	-0.00107780471	-0.00107780471	0.333333343	0.333333343	None
  5.10000038	0.487099349	-0.016953811	-0.016953811	0.333333343	0.333333343	None
  5.266667	0.496974975	0.201907948	0.201907948	0.333333343	0.333333343	None
  5.3	0.504555	0.028657198	0.028657198	0.333333343	0.333333343	None
  5.366667	0.4974484	0.0311887581	0.0311887581	0.333333343	0.333333343	None
  5.533334	0.496330678	-0.31131357	-0.31131357	0.333333343	0.333333343	None
  5.63333368	0.46100992	-0.248045117	-0.248045117	0.333333343	0.333333343	None
  5.73333359	0.443643421	-0.0558382832	-0.0558382832	0.333333343	0.333333343	None
  5.8	0.439243168	-0.296610117	-0.296610117	0.333333343	0.333333343	None
  5.866667	0.402087569	-0.6858862	-0.6858862	0.333333343	0.333333343	None
  5.933334	0.344292849	-0.972269535	-0.972269535	0.333333343	0.333333343	None
  5.966667	0.312616646	-0.757953644	-0.757953644	0.333333343	0.333333343	None
  6.033334	0.277732432	-0.5447013	-0.5447013	0.333333343	0.333333343	None
  6.10000038	0.239272982	-0.4299232	-0.4299232	0.333333343	0.333333343	None
  6.13333368	0.22878775	-0.395385265	-0.395385265	0.333333343	0.333333343	None
  6.266667	0.157990053	-0.415410876	-0.415410876	0.333333343	0.333333343	None
  6.40000057	0.128951788	-0.242449522	-0.242449522	0.333333343	0.333333343	None
  6.50000048	0.0883106	-0.5760957	-0.5760957	0.333333343	0.333333343	None
  6.566667	0.05035452	-0.361274332	-0.361274332	0.333333343	0.333333343	None
  6.60000038	0.0433203653	-0.1033735	-0.1033735	0.333333343	0.333333343	None
  6.63333368	0.0434629619	-0.04480718	-0.04480718	0.333333343	0.333333343	None
  6.70000029	0.0344500765	-0.206370309	-0.206370309	0.333333343	0.333333343	None
  6.73333359	0.0265752152	-0.2426292	-0.2426292	0.333333343	0.333333343	None
  6.766667	0.018274812	-0.204202116	-0.204202116	0.333333343	0.333333343	None
  6.8	0.0129617546	-0.13136363	-0.13136363	0.333333343	0.333333343	None
  6.83333349	0.009517245	-0.112596504	-0.112596504	0.333333343	0.333333343	None
  6.866667	0.005455328	-0.126390681	-0.126390681	0.333333343	0.333333343	None
  6.90000057	0.001091145	-0.125635281	-0.125635281	0.333333343	0.333333343	None
  6.933334	-0.00292041153	-0.109566584	-0.109566584	0.333333343	0.333333343	None
  6.966667	-0.006213287	-0.100393787	-0.100393787	0.333333343	0.333333343	None
  7.00000048	-0.009613324	-0.0932893455	-0.0932893455	0.333333343	0.333333343	None
  7.033334	-0.0124325706	-0.0891542956	-0.0891542956	0.333333343	0.333333343	None
  7.066667	-0.015556938	-0.08224327	-0.08224327	0.333333343	0.333333343	None
  7.10000038	-0.01791545	-0.176890135	-0.176890135	0.333333343	0.333333343	None
  7.13333368	-0.0273496024	-0.476267785	-0.476267785	0.333333343	0.333333343	None
  7.166667	-0.0496666059	-0.837821662	-0.837821662	0.333333343	0.333333343	None
  7.20000029	-0.08320433	-0.7951852	-0.7951852	0.333333343	0.333333343	None
  7.266667	-0.108723387	0.0398147479	0.0398147479	0.333333343	0.333333343	None
  7.3	-0.100024588	0.341833	0.341833	0.333333343	0.333333343	None
  7.33333349	-0.08593454	0.211350009	0.211350009	0.333333343	0.333333343	None
  7.36666727	-0.0859346	-1.78811547E-06	-1.78811547E-06	0.333333343	0.333333343	None
FLOAT UnityEngine.Animator||LeftHandQ.z discrete=False keys=60 pre=ClampForever post=ClampForever
  0	0.7267715	0.00397503376	0.00397503376	0.333333343	0.333333343	None
  0.733333349	0.7324035	0.00230401428	0.00230401428	0.333333343	0.333333343	None
  0.900000036	0.7374719	-0.140455589	-0.140455589	0.333333343	0.333333343	None
  0.9666667	0.6829304	-2.5913856	-2.5913856	0.333333343	0.333333343	None
  1.03333342	0.3952119	-4.67746544	-4.67746544	0.333333343	0.333333343	None
  1.06666672	0.2451545	-3.448893	-3.448893	0.333333343	0.333333343	None
  1.1	0.165285915	-1.316484	-1.316484	0.333333343	0.333333343	None
  1.13333344	0.157388955	1.21464908	1.21464908	0.333333343	0.333333343	None
  1.16666675	0.246262416	2.74694228	2.74694228	0.333333343	0.333333343	None
  1.23333335	0.4213791	2.10289764	2.10289764	0.333333343	0.333333343	None
  1.30000007	0.5435856	2.48652458	2.48652458	0.333333343	0.333333343	None
  1.33333337	0.646479666	2.74253464	2.74253464	0.333333343	0.333333343	None
  1.36666679	0.726421356	1.72975838	1.72975838	0.333333343	0.333333343	None
  1.4333334	0.7808079	0.542832255	0.542832255	0.333333343	0.333333343	None
  1.60000014	0.8459737	0.215655521	0.215655521	0.333333343	0.333333343	None
  1.66666675	0.843162656	-0.7818236	-0.7818236	0.333333343	0.333333343	None
  1.73333347	0.752251267	-0.9374269	-0.9374269	0.333333343	0.333333343	None
  1.76666677	0.7356579	0.00146180391	0.00146180391	0.333333343	0.333333343	None
  1.83333337	0.771049142	0.5317458	0.5317458	0.333333343	0.333333343	None
  1.9000001	0.8045585	0.4524399	0.4524399	0.333333343	0.333333343	None
  1.9333334	0.8179611	-0.0305012763	-0.0305012763	0.333333343	0.333333343	None
  2.03333354	0.750966668	-0.619385362	-0.619385362	0.333333343	0.333333343	None
  2.13333344	0.6963224	-0.5196812	-0.5196812	0.333333343	0.333333343	None
  2.266667	0.6608919	-0.218506441	-0.218506441	0.333333343	0.333333343	None
  2.4333334	0.6594201	0.0607985854	0.0607985854	0.333333343	0.333333343	None
  2.66666675	0.6405249	0.140099958	0.140099958	0.333333343	0.333333343	None
  2.86666679	0.663233042	0.09477505	0.09477505	0.333333343	0.333333343	None
  3.06666684	0.676763833	-0.0572124645	-0.0572124645	0.333333343	0.333333343	None
  3.30000019	0.65980804	-0.2358263	-0.2358263	0.333333343	0.333333343	None
  3.36666679	0.64476496	-0.061242044	-0.061242044	0.333333343	0.333333343	None
  3.4333334	0.6443505	-0.228902072	-0.228902072	0.333333343	0.333333343	None
  3.50000024	0.61303	-0.5144938	-0.5144938	0.333333343	0.333333343	None
  3.53333354	0.59665	-0.02740416	-0.02740416	0.333333343	0.333333343	None
  3.56666684	0.6112031	0.7818531	0.7818531	0.333333343	0.333333343	None
  3.60000014	0.6487735	0.225160927	0.225160927	0.333333343	0.333333343	None
  3.63333344	0.6262138	-0.9654138	-0.9654138	0.333333343	0.333333343	None
  3.73333359	0.489185959	-1.02010012	-1.02010012	0.333333343	0.333333343	None
  3.86666679	0.432840228	-0.315534025	-0.315534025	0.333333343	0.333333343	None
  3.966667	0.400960028	-0.215001926	-0.215001926	0.333333343	0.333333343	None
  4.20000029	0.363699138	-0.0746097341	-0.0746097341	0.333333343	0.333333343	None
  4.366667	0.3811947	0.131178916	0.131178916	0.333333343	0.333333343	None
  4.60000038	0.460052729	0.6121491	0.6121491	0.333333343	0.333333343	None
  4.73333359	0.5202093	0.2504819	0.2504819	0.333333343	0.333333343	None
  4.8	0.534067452	0.283122629	0.283122629	0.333333343	0.333333343	None
  4.83333349	0.546591938	0.7741524	0.7741524	0.333333343	0.333333343	None
  4.866667	0.585677564	0.9648755	0.9648755	0.333333343	0.333333343	None
  4.9	0.6109169	0.343159467	0.343159467	0.333333343	0.333333343	None
  4.9666667	0.600744	-0.240438834	-0.240438834	0.333333343	0.333333343	None
  5.10000038	0.59314096	0.282963485	0.282963485	0.333333343	0.333333343	None
  5.23333359	0.607459545	-0.109920606	-0.109920606	0.333333343	0.333333343	None
  5.3	0.5996138	0.07695891	0.07695891	0.333333343	0.333333343	None
  5.366667	0.614856064	0.0992302	0.0992302	0.333333343	0.333333343	None
  5.466667	0.617686331	0.208094925	0.208094925	0.333333343	0.333333343	None
  5.666667	0.685731	0.236495048	0.236495048	0.333333343	0.333333343	None
  5.866667	0.7324068	0.353295565	0.353295565	0.333333343	0.333333343	None
  6.10000038	0.7684646	-0.0495815761	-0.0495815761	0.333333343	0.333333343	None
  6.50000048	0.7852574	-0.182765	-0.182765	0.333333343	0.333333343	None
  7.033334	0.754336536	-0.0238225088	-0.0238225088	0.333333343	0.333333343	None
  7.20000029	0.7190038	-0.186379731	-0.186379731	0.333333343	0.333333343	None
  7.36666727	0.726779759	0	0	0.333333343	0.333333343	None
FLOAT UnityEngine.Animator||LeftHandT.x discrete=False keys=45 pre=ClampForever post=ClampForever
  0	-0.2803591	-0.00550568057	-0.00550568057	0.333333343	0.333333343	None
  0.8333334	-0.311312	-0.0400292948	-0.0400292948	0.333333343	0.333333343	None
  0.9333334	-0.303261071	0.434117973	0.434117973	0.333333343	0.333333343	None
  1	-0.26239	0.548974335	0.548974335	0.333333343	0.333333343	None
  1.06666672	-0.2380435	0.2081519	0.2081519	0.333333343	0.333333343	None
  1.1	-0.232536346	-0.015920803	-0.015920803	0.333333343	0.333333343	None
  1.13333344	-0.239104912	-0.217862949	-0.217862949	0.333333343	0.333333343	None
  1.16666675	-0.247060552	-0.50084734	-0.50084734	0.333333343	0.333333343	None
  1.2	-0.2724947	-0.767406464	-0.767406464	0.333333343	0.333333343	None
  1.30000007	-0.354697764	-0.781350136	-0.781350136	0.333333343	0.333333343	None
  1.33333337	-0.378241569	-0.504498839	-0.504498839	0.333333343	0.333333343	None
  1.4666667	-0.389336258	0.1292774	0.1292774	0.333333343	0.333333343	None
  1.56666672	-0.37542823	0.120451614	0.120451614	0.333333343	0.333333343	None
  1.63333344	-0.3624266	0.286861628	0.286861628	0.333333343	0.333333343	None
  1.7	-0.3484009	-0.0184953921	-0.0184953921	0.333333343	0.333333343	None
  1.76666677	-0.357841939	-0.122645468	-0.122645468	0.333333343	0.333333343	None
  1.86666679	-0.374021918	-0.192723185	-0.192723185	0.333333343	0.333333343	None
  1.9000001	-0.379051924	-0.015571136	-0.015571136	0.333333343	0.333333343	None
  1.96666682	-0.371405452	0.135899708	0.135899708	0.333333343	0.333333343	None
  2.23333335	-0.3279807	0.0198255815	0.0198255815	0.333333343	0.333333343	None
  2.4666667	-0.326023638	0.142789155	0.142789155	0.333333343	0.333333343	None
  2.7	-0.309811	-0.0195974745	-0.0195974745	0.333333343	0.333333343	None
  2.86666679	-0.320278764	-0.0845021755	-0.0845021755	0.333333343	0.333333343	None
  3.03333354	-0.3177336	0.0216154959	0.0216154959	0.333333343	0.333333343	None
  3.20000029	-0.309476942	-0.009464666	-0.009464666	0.333333343	0.333333343	None
  3.30000019	-0.309214026	0.041818805	0.041818805	0.333333343	0.333333343	None
  3.53333354	-0.318573534	0.0110426648	0.0110426648	0.333333343	0.333333343	None
  3.63333344	-0.3211807	-0.108741775	-0.108741775	0.333333343	0.333333343	None
  3.80000019	-0.324582875	0.0324596763	0.0324596763	0.333333343	0.333333343	None
  4	-0.301751256	0.07131982	0.07131982	0.333333343	0.333333343	None
  4.366667	-0.276094615	-0.01663731	-0.01663731	0.333333343	0.333333343	None
  4.70000029	-0.2982167	-0.073122	-0.073122	0.333333343	0.333333343	None
  4.8	-0.3015365	0.0124758612	0.0124758612	0.333333343	0.333333343	None
  4.866667	-0.2928357	0.28249678	0.28249678	0.333333343	0.333333343	None
  4.9333334	-0.273425043	0.176468953	0.176468953	0.333333343	0.333333343	None
  5.166667	-0.2669512	0.0180441327	0.0180441327	0.333333343	0.333333343	None
  5.33333349	-0.26627776	-0.04579161	-0.04579161	0.333333343	0.333333343	None
  5.60000038	-0.2772015	-0.08617499	-0.08617499	0.333333343	0.333333343	None
  5.766667	-0.287269324	-0.00627682172	-0.00627682172	0.333333343	0.333333343	None
  6.033334	-0.2955399	-0.0224898979	-0.0224898979	0.333333343	0.333333343	None
  6.433334	-0.3045566	0.0475082248	0.0475082248	0.333333343	0.333333343	None
  6.666667	-0.2964534	0.0566107556	0.0566107556	0.333333343	0.333333343	None
  7.033334	-0.285249	0.0435251445	0.0435251445	0.333333343	0.333333343	None
  7.166667	-0.275250554	0.000485479832	0.000485479832	0.333333343	0.333333343	None
  7.36666727	-0.2803634	0	0	0.333333343	0.333333343	None
FLOAT UnityEngine.Animator||LeftHandT.y discrete=False keys=102 pre=ClampForever post=ClampForever
  0	-0.0673738047	0.0007885694	0.0007885694	0.333333343	0.333333343	None
  0.433333367	-0.070248276	-0.0136039415	-0.0136039415	0.333333343	0.333333343	None
  0.733333349	-0.07315295	-0.001786798	-0.001786798	0.333333343	0.333333343	None
  0.8333334	-0.074903585	-0.024161011	-0.024161011	0.333333343	0.333333343	None
  0.900000036	-0.07307743	0.121210441	0.121210441	0.333333343	0.333333343	None
  0.9666667	-0.05809664	0.339350343	0.339350343	0.333333343	0.333333343	None
  1	-0.0447462164	0.292019039	0.292019039	0.333333343	0.333333343	None
  1.03333342	-0.0386287	0.06941039	0.06941039	0.333333343	0.333333343	None
  1.06666672	-0.04011884	0.06426959	0.06426959	0.333333343	0.333333343	None
  1.1	-0.0343440659	0.257152855	0.257152855	0.333333343	0.333333343	None
  1.13333344	-0.0229752921	0.351334959	0.351334959	0.333333343	0.333333343	None
  1.16666675	-0.0109217167	0.108163007	0.108163007	0.333333343	0.333333343	None
  1.2	-0.015764432	-0.22298196	-0.22298196	0.333333343	0.333333343	None
  1.23333335	-0.0257871673	-0.235793322	-0.235793322	0.333333343	0.333333343	None
  1.26666677	-0.0314839929	-0.0843186453	-0.0843186453	0.333333343	0.333333343	None
  1.30000007	-0.0314084254	0.09075104	0.09075104	0.333333343	0.333333343	None
  1.33333337	-0.02543393	0.145876065	0.145876065	0.333333343	0.333333343	None
  1.36666679	-0.02168335	0.117474854	0.117474854	0.333333343	0.333333343	None
  1.4000001	-0.0176022667	0.19064565	0.19064565	0.333333343	0.333333343	None
  1.4333334	-0.0089736525	0.242512792	0.242512792	0.333333343	0.333333343	None
  1.4666667	-0.00143476261	0.122805223	0.122805223	0.333333343	0.333333343	None
  1.50000012	-0.0007866432	-0.0138453664	-0.0138453664	0.333333343	0.333333343	None
  1.53333342	-0.002357784	-0.0730632	-0.0730632	0.333333343	0.333333343	None
  1.56666672	-0.00565751875	-0.2104146	-0.2104146	0.333333343	0.333333343	None
  1.60000014	-0.01638545	-0.3778324	-0.3778324	0.333333343	0.333333343	None
  1.63333344	-0.03084636	-0.436049581	-0.436049581	0.333333343	0.333333343	None
  1.66666675	-0.0454553925	-0.2479108	-0.2479108	0.333333343	0.333333343	None
  1.7	-0.04737373	0.0694378	0.0694378	0.333333343	0.333333343	None
  1.73333347	-0.0408261865	0.231866628	0.231866628	0.333333343	0.333333343	None
  1.80000007	-0.0238750279	0.195491984	0.195491984	0.333333343	0.333333343	None
  1.83333337	-0.0188831612	0.110015512	0.110015512	0.333333343	0.333333343	None
  1.86666679	-0.01654066	0.0153306425	0.0153306425	0.333333343	0.333333343	None
  1.9000001	-0.0178611111	-0.07434705	-0.07434705	0.333333343	0.333333343	None
  1.9333334	-0.0214971248	0.0145752542	0.0145752542	0.333333343	0.333333343	None
  1.96666682	-0.016889412	0.198538423	0.198538423	0.333333343	0.333333343	None
  2	-0.008261257	0.271127045	0.271127045	0.333333343	0.333333343	None
  2.03333354	0.00118574337	0.284704626	0.284704626	0.333333343	0.333333343	None
  2.06666684	0.0107191009	0.316225976	0.316225976	0.333333343	0.333333343	None
  2.10000014	0.0222674552	0.3146636	0.3146636	0.333333343	0.333333343	None
  2.16666675	0.0382715426	0.159733862	0.159733862	0.333333343	0.333333343	None
  2.266667	0.0499979	0.151362956	0.151362956	0.333333343	0.333333343	None
  2.36666679	0.06250131	-0.029167654	-0.029167654	0.333333343	0.333333343	None
  2.4333334	0.0534974448	-0.154289976	-0.154289976	0.333333343	0.333333343	None
  2.50000024	0.04559268	-0.08074361	-0.08074361	0.333333343	0.333333343	None
  2.63333344	0.0354410149	-0.122766361	-0.122766361	0.333333343	0.333333343	None
  2.7	0.02578075	-0.146782532	-0.146782532	0.333333343	0.333333343	None
  2.73333359	0.02092944	-0.138094962	-0.138094962	0.333333343	0.333333343	None
  2.766667	0.016574394	-0.102072194	-0.102072194	0.333333343	0.333333343	None
  2.80000019	0.0141246347	-0.03929725	-0.03929725	0.333333343	0.333333343	None
  2.83333349	0.01395458	0.00614058832	0.00614058832	0.333333343	0.333333343	None
  2.86666679	0.0145340068	-0.0114296433	-0.0114296433	0.333333343	0.333333343	None
  2.9	0.0131926043	-0.04696547	-0.04696547	0.333333343	0.333333343	None
  2.9333334	0.0114029786	-0.04626903	-0.04626903	0.333333343	0.333333343	None
  3.03333354	0.008819964	-0.009724596	-0.009724596	0.333333343	0.333333343	None
  3.06666684	0.008648969	-0.008546867	-0.008546867	0.333333343	0.333333343	None
  3.10000014	0.008250173	-0.0045027067	-0.0045027067	0.333333343	0.333333343	None
  3.13333344	0.008348789	0.0157841723	0.0157841723	0.333333343	0.333333343	None
  3.20000029	0.010714856	0.0486214831	0.0486214831	0.333333343	0.333333343	None
  3.23333359	0.01254389	0.06673231	0.06673231	0.333333343	0.333333343	None
  3.266667	0.0151636722	0.126186	0.126186	0.333333343	0.333333343	None
  3.33333349	0.02897048	0.248908788	0.248908788	0.333333343	0.333333343	None
  3.4333334	0.0596546978	0.3958913	0.3958913	0.333333343	0.333333343	None
  3.53333354	0.11023517	0.6350814	0.6350814	0.333333343	0.333333343	None
  3.60000014	0.165001228	1.09793472	1.09793472	0.333333343	0.333333343	None
  3.66666675	0.248340189	1.20066357	1.20066357	0.333333343	0.333333343	None
  3.73333359	0.315395266	0.7264649	0.7264649	0.333333343	0.333333343	None
  3.93333364	0.363377869	0.0546127446	0.0546127446	0.333333343	0.333333343	None
  4.10000038	0.3673166	-0.020075459	-0.020075459	0.333333343	0.333333343	None
  4.3	0.363855779	-0.05738279	-0.05738279	0.333333343	0.333333343	None
  4.533334	0.3456293	-0.1885207	-0.1885207	0.333333343	0.333333343	None
  4.73333359	0.3060199	-0.112541124	-0.112541124	0.333333343	0.333333343	None
  4.83333349	0.298415363	0.0150713464	0.0150713464	0.333333343	0.333333343	None
  4.9	0.2976465	-0.07028914	-0.07028914	0.333333343	0.333333343	None
  5.033334	0.292898238	-0.153215975	-0.153215975	0.333333343	0.333333343	None
  5.20000029	0.270865023	0.00324324146	0.00324324146	0.333333343	0.333333343	None
  5.3	0.2724647	-0.0479485542	-0.0479485542	0.333333343	0.333333343	None
  5.533334	0.241981357	-0.275895417	-0.275895417	0.333333343	0.333333343	None
  5.73333359	0.184669271	-0.317456484	-0.317456484	0.333333343	0.333333343	None
  5.866667	0.133376375	-0.4605068	-0.4605068	0.333333343	0.333333343	None
  5.933334	0.103148647	-0.3892089	-0.3892089	0.333333343	0.333333343	None
  5.966667	0.09121778	-0.373744041	-0.373744041	0.333333343	0.333333343	None
  6.033334	0.0663301349	-0.328424126	-0.328424126	0.333333343	0.333333343	None
  6.10000038	0.04651426	-0.295891464	-0.295891464	0.333333343	0.333333343	None
  6.20000029	0.0189571977	-0.240560919	-0.240560919	0.333333343	0.333333343	None
  6.23333359	0.01134764	-0.223873883	-0.223873883	0.333333343	0.333333343	None
  6.266667	0.004032287	-0.2029975	-0.2029975	0.333333343	0.333333343	None
  6.3	-0.0021855142	-0.170644611	-0.170644611	0.333333343	0.333333343	None
  6.33333349	-0.00734401	-0.1496997	-0.1496997	0.333333343	0.333333343	None
  6.366667	-0.0121654849	-0.160649762	-0.160649762	0.333333343	0.333333343	None
  6.40000057	-0.0180540681	-0.167820513	-0.167820513	0.333333343	0.333333343	None
  6.433334	-0.0233535934	-0.155644387	-0.155644387	0.333333343	0.333333343	None
  6.50000048	-0.03252295	-0.101249412	-0.101249412	0.333333343	0.333333343	None
  6.60000038	-0.0387862734	-0.06748165	-0.06748165	0.333333343	0.333333343	None
  6.70000029	-0.0463741757	-0.06018296	-0.06018296	0.333333343	0.333333343	None
  6.933334	-0.0515732169	-0.0166868754	-0.0166868754	0.333333343	0.333333343	None
  7.033334	-0.0542721078	-0.0544320755	-0.0544320755	0.333333343	0.333333343	None
  7.066667	-0.05660655	-0.105615437	-0.105615437	0.333333343	0.333333343	None
  7.13333368	-0.06554696	-0.104707167	-0.104707167	0.333333343	0.333333343	None
  7.166667	-0.0682936	-0.0456095561	-0.0456095561	0.333333343	0.333333343	None
  7.23333359	-0.06870115	0.005558213	0.005558213	0.333333343	0.333333343	None
  7.33333349	-0.06737265	0.00345547078	0.00345547078	0.333333343	0.333333343	None
  7.36666727	-0.06737265	0	0	0.333333343	0.333333343	None
FLOAT UnityEngine.Animator||LeftHandT.z discrete=False keys=101 pre=ClampForever post=ClampForever
  0	0.0501934141	-0.0005142018	-0.0005142018	0.333333343	0.333333343	None
  0.166666672	0.04766572	-0.0385551825	-0.0385551825	0.333333343	0.333333343	None
  0.400000036	0.0325255655	-0.0916929	-0.0916929	0.333333343	0.333333343	None
  0.6666667	0.005913324	-0.103138879	-0.103138879	0.333333343	0.333333343	None
  0.700000048	0.00243283343	-0.09940104	-0.09940104	0.333333343	0.333333343	None
  0.733333349	-0.0007134117	-0.09550582	-0.09550582	0.333333343	0.333333343	None
  0.7666667	-0.003934221	-0.128946617	-0.128946617	0.333333343	0.333333343	None
  0.8000001	-0.00930986	-0.238916546	-0.238916546	0.333333343	0.333333343	None
  0.8333334	-0.019861985	-0.415026367	-0.415026367	0.333333343	0.333333343	None
  0.900000036	-0.06081559	-0.8157215	-0.8157215	0.333333343	0.333333343	None
  0.9666667	-0.126106843	-1.10835958	-1.10835958	0.333333343	0.333333343	None
  1	-0.1652503	-1.047283	-1.047283	0.333333343	0.333333343	None
  1.03333342	-0.195925757	-0.85093	-0.85093	0.333333343	0.333333343	None
  1.06666672	-0.221979022	-0.5983312	-0.5983312	0.333333343	0.333333343	None
  1.13333344	-0.24813883	-0.522771955	-0.522771955	0.333333343	0.333333343	None
  1.2	-0.2872354	-0.04166995	-0.04166995	0.333333343	0.333333343	None
  1.30000007	-0.204384312	1.02916682	1.02916682	0.333333343	0.333333343	None
  1.33333337	-0.172248691	0.8858092	0.8858092	0.333333343	0.333333343	None
  1.36666679	-0.145330325	0.878635645	0.878635645	0.333333343	0.333333343	None
  1.4000001	-0.113672942	0.951197147	0.951197147	0.333333343	0.333333343	None
  1.4333334	-0.08191724	0.7901801	0.7901801	0.333333343	0.333333343	None
  1.4666667	-0.06099432	0.4042085	0.4042085	0.333333343	0.333333343	None
  1.50000012	-0.05497001	0.0140440166	0.0140440166	0.333333343	0.333333343	None
  1.53333342	-0.06005803	-0.338230133	-0.338230133	0.333333343	0.333333343	None
  1.63333344	-0.124507777	-0.5882466	-0.5882466	0.333333343	0.333333343	None
  1.66666675	-0.140766338	-0.259203225	-0.259203225	0.333333343	0.333333343	None
  1.7	-0.141787976	-0.020923242	-0.020923242	0.333333343	0.333333343	None
  1.76666677	-0.141100839	0.0154774785	0.0154774785	0.333333343	0.333333343	None
  1.83333337	-0.138347879	0.135292873	0.135292873	0.333333343	0.333333343	None
  1.9333334	-0.105891474	0.6093371	0.6093371	0.333333343	0.333333343	None
  2	-0.0544876	0.7514758	0.7514758	0.333333343	0.333333343	None
  2.06666684	-0.0109170666	0.577685833	0.577685833	0.333333343	0.333333343	None
  2.10000014	0.00722845877	0.480884373	0.480884373	0.333333343	0.333333343	None
  2.13333344	0.02114186	0.348040462	0.348040462	0.333333343	0.333333343	None
  2.16666675	0.0304311346	0.217543513	0.217543513	0.333333343	0.333333343	None
  2.2	0.0356447473	0.132589743	0.132589743	0.333333343	0.333333343	None
  2.266667	0.0413434133	0.0443156138	0.0443156138	0.333333343	0.333333343	None
  2.30000019	0.04222483	-0.0262869019	-0.0262869019	0.333333343	0.333333343	None
  2.33333349	0.0395909548	-0.100835845	-0.100835845	0.333333343	0.333333343	None
  2.36666679	0.035502445	-0.0875822	-0.0875822	0.333333343	0.333333343	None
  2.4333334	0.0347215831	0.06710284	0.06710284	0.333333343	0.333333343	None
  2.4666667	0.0382256657	0.13184908	0.13184908	0.333333343	0.333333343	None
  2.50000024	0.04351155	0.102456346	0.102456346	0.333333343	0.333333343	None
  2.56666684	0.0428482331	-0.09726967	-0.09726967	0.333333343	0.333333343	None
  2.60000014	0.03857148	-0.125868917	-0.125868917	0.333333343	0.333333343	None
  2.66666675	0.03042138	-0.1238704	-0.1238704	0.333333343	0.333333343	None
  2.7	0.02619896	-0.1060489	-0.1060489	0.333333343	0.333333343	None
  2.73333359	0.02335144	-0.06306539	-0.06306539	0.333333343	0.333333343	None
  2.80000019	0.0209695846	-0.04319129	-0.04319129	0.333333343	0.333333343	None
  2.86666679	0.0160040241	-0.116460815	-0.116460815	0.333333343	0.333333343	None
  2.9	0.0113511216	-0.109350972	-0.109350972	0.333333343	0.333333343	None
  2.9333334	0.008713966	-0.06924192	-0.06924192	0.333333343	0.333333343	None
  2.966667	0.006734984	-0.0444896854	-0.0444896854	0.333333343	0.333333343	None
  3.00000024	0.005747976	0.000224327669	0.000224327669	0.333333343	0.333333343	None
  3.03333354	0.006749939	0.0205901638	0.0205901638	0.333333343	0.333333343	None
  3.13333344	0.0045023784	-0.08753077	-0.08753077	0.333333343	0.333333343	None
  3.16666675	0.00069074	-0.128993034	-0.128993034	0.333333343	0.333333343	None
  3.20000029	-0.0040971837	-0.141962275	-0.141962275	0.333333343	0.333333343	None
  3.23333359	-0.008773437	-0.104942873	-0.104942873	0.333333343	0.333333343	None
  3.266667	-0.0110933688	0.01381455	0.01381455	0.333333343	0.333333343	None
  3.30000019	-0.007852468	0.1728838	0.1728838	0.333333343	0.333333343	None
  3.33333349	0.0004322061	0.264221251	0.264221251	0.333333343	0.333333343	None
  3.4	0.0204429142	0.3463797	0.3463797	0.333333343	0.333333343	None
  3.466667	0.0467268378	0.4420269	0.4420269	0.333333343	0.333333343	None
  3.53333354	0.07826226	0.4846065	0.4846065	0.333333343	0.333333343	None
  3.56666684	0.0946298242	0.5257363	0.5257363	0.333333343	0.333333343	None
  3.60000014	0.113311313	0.518756032	0.518756032	0.333333343	0.333333343	None
  3.66666675	0.14412497	0.4230951	0.4230951	0.333333343	0.333333343	None
  3.766667	0.171564877	0.0771375	0.0771375	0.333333343	0.333333343	None
  3.9	0.166693613	-0.010518576	-0.010518576	0.333333343	0.333333343	None
  4.166667	0.175993547	-0.06406641	-0.06406641	0.333333343	0.333333343	None
  4.4333334	0.163014874	0.0242570266	0.0242570266	0.333333343	0.333333343	None
  4.70000029	0.171529	-0.027955126	-0.027955126	0.333333343	0.333333343	None
  4.8	0.164695427	-0.0456385	-0.0456385	0.333333343	0.333333343	None
  4.9	0.163737774	0.03664393	0.03664393	0.333333343	0.333333343	None
  4.9333334	0.165279031	-0.0162562132	-0.0162562132	0.333333343	0.333333343	None
  5.033334	0.1561756	-0.0509680547	-0.0509680547	0.333333343	0.333333343	None
  5.20000029	0.154920131	-0.0184811074	-0.0184811074	0.333333343	0.333333343	None
  5.3	0.154543772	0.040689595	0.040689595	0.333333343	0.333333343	None
  5.466667	0.155636251	0.0241239183	0.0241239183	0.333333343	0.333333343	None
  5.70000029	0.151933759	-0.07509455	-0.07509455	0.333333343	0.333333343	None
  5.9	0.132391036	-0.18635489	-0.18635489	0.333333343	0.333333343	None
  6.033334	0.103238069	-0.2471658	-0.2471658	0.333333343	0.333333343	None
  6.10000038	0.08693234	-0.2681996	-0.2681996	0.333333343	0.333333343	None
  6.20000029	0.0594266877	-0.247928992	-0.247928992	0.333333343	0.333333343	None
  6.266667	0.0448424928	-0.208445445	-0.208445445	0.333333343	0.333333343	None
  6.3	0.0377011262	-0.184826732	-0.184826732	0.333333343	0.333333343	None
  6.366667	0.0282801632	-0.125061288	-0.125061288	0.333333343	0.333333343	None
  6.40000057	0.0241832528	-0.10801363	-0.10801363	0.333333343	0.333333343	None
  6.433334	0.0210792031	-0.09155849	-0.09155849	0.333333343	0.333333343	None
  6.50000048	0.0160878412	-0.0272669718	-0.0272669718	0.333333343	0.333333343	None
  6.566667	0.0176594127	0.0416157171	0.0416157171	0.333333343	0.333333343	None
  6.666667	0.0221964773	0.0602551028	0.0602551028	0.333333343	0.333333343	None
  6.8	0.0332014859	0.0934116244	0.0934116244	0.333333343	0.333333343	None
  7.00000048	0.05308874	0.0791558	0.0791558	0.333333343	0.333333343	None
  7.066667	0.056757722	0.006908371	0.006908371	0.333333343	0.333333343	None
  7.166667	0.0546503253	0.0156019209	0.0156019209	0.333333343	0.333333343	None
  7.23333359	0.056293048	-0.006459771	-0.006459771	0.333333343	0.333333343	None
  7.3	0.05288635	-0.07865837	-0.07865837	0.333333343	0.333333343	None
  7.33333349	0.0501962975	-0.0403512456	-0.0403512456	0.333333343	0.333333343	None
  7.36666727	0.0501962677	-8.94057735E-07	-8.94057735E-07	0.333333343	0.333333343	None
FLOAT UnityEngine.Animator||MotionQ.w discrete=False keys=9 pre=ClampForever post=ClampForever
  0	1	0	0	0.333333343	0.333333343	None
  1.16666675	0.9996233	-0.0258359574	-0.0258359574	0.333333343	0.333333343	None
  1.4333334	0.899297059	-0.7981001	-0.7981001	0.333333343	0.333333343	None
  1.66666675	0.7535468	-0.05164062	-0.05164062	0.333333343	0.333333343	None
  2.13333344	0.89542073	0.3699324	0.3699324	0.333333343	0.333333343	None
  3.10000014	0.9967169	0.008963058	0.008963058	0.333333343	0.333333343	None
  4.73333359	1	0	0	0.333333343	0.333333343	None
  6.366667	1	0	0	0.333333343	0.333333343	None
  7.36666727	1	0	0	0.333333343	0.333333343	None
FLOAT UnityEngine.Animator||MotionQ.x discrete=False keys=9 pre=ClampForever post=ClampForever
  0	-1.33158053E-07	0	0	0.333333343	0.333333343	None
  1.16666675	-1.331079E-07	3.440238E-09	3.440238E-09	0.333333343	0.333333343	None
  1.4333334	-1.19748648E-07	1.062736E-07	1.062736E-07	0.333333343	0.333333343	None
  1.66666675	-1.0034082E-07	6.876319E-09	6.876319E-09	0.333333343	0.333333343	None
  2.13333344	-1.19232482E-07	-4.925942E-08	-4.925942E-08	0.333333343	0.333333343	None
  3.10000014	-1.32720885E-07	-1.19349974E-09	-1.19349974E-09	0.333333343	0.333333343	None
  4.73333359	-1.33158053E-07	0	0	0.333333343	0.333333343	None
  6.366667	-1.33158053E-07	0	0	0.333333343	0.333333343	None
  7.36666727	-1.33158053E-07	0	0	0.333333343	0.333333343	None
FLOAT UnityEngine.Animator||MotionQ.y discrete=False keys=18 pre=ClampForever post=ClampForever
  0	0	0	0	0.333333343	0.333333343	None
  1.06666672	-7.921633E-15	3.422155E-08	3.422155E-08	0.333333343	0.333333343	None
  1.1	2.28143437E-09	0.107318111	0.107318111	0.333333343	0.333333343	None
  1.13333344	0.00715455925	0.4117026	0.4117026	0.333333343	0.333333343	None
  1.23333335	0.100287557	1.35005736	1.35005736	0.333333343	0.333333343	None
  1.50000012	0.5376895	1.32417047	1.32417047	0.333333343	0.333333343	None
  1.66666675	0.6573943	0.0597364232	0.0597364232	0.333333343	0.333333343	None
  2.03333354	0.5167331	-0.673275232	-0.673275232	0.333333343	0.333333343	None
  2.50000024	0.208862826	-0.3799242	-0.3799242	0.333333343	0.333333343	None
  2.86666679	0.113196678	-0.1741845	-0.1741845	0.333333343	0.333333343	None
  3.466667	0.045115985	-0.102688827	-0.102688827	0.333333343	0.333333343	None
  3.86666679	0.0142701445	-0.0517857932	-0.0517857932	0.333333343	0.333333343	None
  4.4	0.0002665933	-0.005517671	-0.005517671	0.333333343	0.333333343	None
  4.4333334	0.000116008567	-0.003998904	-0.003998904	0.333333343	0.333333343	None
  4.4666667	-4.93233822E-11	-0.00174013025	-0.00174013025	0.333333343	0.333333343	None
  4.5	0	7.39851458E-10	7.39851458E-10	0.333333343	0.333333343	None
  6.13333368	0	0	0	0.333333343	0.333333343	None
  7.36666727	0	0	0	0.333333343	0.333333343	None
FLOAT UnityEngine.Animator||MotionQ.z discrete=False keys=9 pre=ClampForever post=ClampForever
  0	0	0	0	0.333333343	0.333333343	None
  1.4000001	5.066078E-08	2.31839564E-07	2.31839564E-07	0.333333343	0.333333343	None
  1.63333344	8.68172236E-08	4.1805E-08	4.1805E-08	0.333333343	0.333333343	None
  1.80000007	8.46848138E-08	-4.098411E-08	-4.098411E-08	0.333333343	0.333333343	None
  2.33333349	3.97285653E-08	-8.920883E-08	-8.920883E-08	0.333333343	0.333333343	None
  4	1.11013143E-09	-4.99954034E-09	-4.99954034E-09	0.333333343	0.333333343	None
  5.63333368	0	0	0	0.333333343	0.333333343	None
  7.3	0	0	0	0.333333343	0.333333343	None
  7.36666727	0	0	0	0.333333343	0.333333343	None
FLOAT UnityEngine.Animator||MotionT.x discrete=False keys=18 pre=ClampForever post=ClampForever
  0	0	0	0	0.333333343	0.333333343	None
  1.06666672	0	0	0	0.333333343	0.333333343	None
  1.1	0	0.038344685	0.038344685	0.333333343	0.333333343	None
  1.13333344	0.002556319	0.14711827	0.14711827	0.333333343	0.333333343	None
  1.2	0.0211286135	0.391270578	0.391270578	0.333333343	0.333333343	None
  1.63333344	0.253752083	0.147117525	0.147117525	0.333333343	0.333333343	None
  1.76666677	0.2519109	-0.0844907761	-0.0844907761	0.333333343	0.333333343	None
  2.50000024	0.109504491	-0.1410105	-0.1410105	0.333333343	0.333333343	None
  3.03333354	0.04260356	-0.104394637	-0.104394637	0.333333343	0.333333343	None
  3.466667	0.0113530857	-0.0341834575	-0.0341834575	0.333333343	0.333333343	None
  3.70000029	0.00526820356	-0.0197672248	-0.0197672248	0.333333343	0.333333343	None
  4.33333349	4.76364257E-05	-0.0008688894	-0.0008688894	0.333333343	0.333333343	None
  4.4	1.02894692E-05	-0.0003201171	-0.0003201171	0.333333343	0.333333343	None
  4.4333334	3.04873129E-06	-0.000154342182	-0.000154342182	0.333333343	0.333333343	None
  4.4666667	0	-4.57310125E-05	-4.57310125E-05	0.333333343	0.333333343	None
  4.5	0	0	0	0.333333343	0.333333343	None
  6.13333368	0	0	0	0.333333343	0.333333343	None
  7.36666727	0	0	0	0.333333343	0.333333343	None
FLOAT UnityEngine.Animator||MotionT.y discrete=False keys=2 pre=ClampForever post=ClampForever
  0	0	0	0	0.333333343	0.333333343	None
  7.36666727	0	0	0	0.333333343	0.333333343	None
FLOAT UnityEngine.Animator||MotionT.z discrete=False keys=2 pre=ClampForever post=ClampForever
  0	0	0	0	0.333333343	0.333333343	None
  7.36666727	0	0	0	0.333333343	0.333333343	None
FLOAT UnityEngine.Animator||Neck Nod Down-Up discrete=False keys=121 pre=ClampForever post=ClampForever
  0	0.135373771	-0.0167544186	-0.0167544186	0.333333343	0.333333343	None
  0.400000036	0.0675140843	-0.299020141	-0.299020141	0.333333343	0.333333343	None
  0.533333361	0.0246006567	-0.338415742	-0.338415742	0.333333343	0.333333343	None
  0.5666667	0.0132413078	-0.3327154	-0.3327154	0.333333343	0.333333343	None
  0.6	0.00241963239	-0.321168482	-0.321168482	0.333333343	0.333333343	None
  0.6333334	-0.008169923	-0.3172829	-0.3172829	0.333333343	0.333333343	None
  0.733333349	-0.0383914821	-0.2605005	-0.2605005	0.333333343	0.333333343	None
  0.8000001	-0.04904471	0.0728602856	0.0728602856	0.333333343	0.333333343	None
  0.8333334	-0.04147132	0.3099559	0.3099559	0.333333343	0.333333343	None
  0.866666734	-0.0283809789	0.263173878	0.263173878	0.333333343	0.333333343	None
  0.900000036	-0.0239263885	0.369654477	0.369654477	0.333333343	0.333333343	None
  0.9333334	-0.00373733346	0.972393632	0.972393632	0.333333343	0.333333343	None
  0.9666667	0.0408998281	1.50154948	1.50154948	0.333333343	0.333333343	None
  1	0.09636587	1.586276	1.586276	0.333333343	0.333333343	None
  1.03333342	0.146651641	1.37969387	1.37969387	0.333333343	0.333333343	None
  1.06666672	0.188345551	0.5480304	0.5480304	0.333333343	0.333333343	None
  1.1	0.183186963	-0.7203244	-0.7203244	0.333333343	0.333333343	None
  1.13333344	0.140323818	-1.405163	-1.405163	0.333333343	0.333333343	None
  1.2	0.0336400233	-1.74030733	-1.74030733	0.333333343	0.333333343	None
  1.23333335	-0.02651102	-1.519262	-1.519262	0.333333343	0.333333343	None
  1.26666677	-0.067644164	-1.141775	-1.141775	0.333333343	0.333333343	None
  1.30000007	-0.102629431	-0.90877974	-0.90877974	0.333333343	0.333333343	None
  1.33333337	-0.128229424	-0.8270723	-0.8270723	0.333333343	0.333333343	None
  1.36666679	-0.157767639	-0.919376	-0.919376	0.333333343	0.333333343	None
  1.4000001	-0.189521208	-0.86313653	-0.86313653	0.333333343	0.333333343	None
  1.4666667	-0.23549962	-0.553892553	-0.553892553	0.333333343	0.333333343	None
  1.56666672	-0.242095053	0.7989421	0.7989421	0.333333343	0.333333343	None
  1.60000014	-0.2041853	1.15619206	1.15619206	0.333333343	0.333333343	None
  1.66666675	-0.150049791	-0.25867182	-0.25867182	0.333333343	0.333333343	None
  1.7	-0.18226029	-0.9581019	-0.9581019	0.333333343	0.333333343	None
  1.73333347	-0.2139233	-0.768833458	-0.768833458	0.333333343	0.333333343	None
  1.86666679	-0.250398725	-0.142200589	-0.142200589	0.333333343	0.333333343	None
  1.9333334	-0.265541881	-0.3968886	-0.3968886	0.333333343	0.333333343	None
  1.96666682	-0.282443523	-0.2943532	-0.2943532	0.333333343	0.333333343	None
  2	-0.285165459	0.16265887	0.16265887	0.333333343	0.333333343	None
  2.06666684	-0.2528196	0.427117378	0.427117378	0.333333343	0.333333343	None
  2.13333344	-0.23459287	0.23911491	0.23911491	0.333333343	0.333333343	None
  2.23333335	-0.2056079	0.447198629	0.447198629	0.333333343	0.333333343	None
  2.33333349	-0.1615941	0.0842619	0.0842619	0.333333343	0.333333343	None
  2.4333334	-0.196190163	-0.4473862	-0.4473862	0.333333343	0.333333343	None
  2.53333354	-0.216891944	0.1421105	0.1421105	0.333333343	0.333333343	None
  2.60000014	-0.19146733	0.499076426	0.499076426	0.333333343	0.333333343	None
  2.66666675	-0.1632769	0.289921373	0.289921373	0.333333343	0.333333343	None
  2.73333359	-0.148307815	0.1649472	0.1649472	0.333333343	0.333333343	None
  2.86666679	-0.134313673	0.250935078	0.250935078	0.333333343	0.333333343	None
  2.9	-0.123849906	0.178327292	0.178327292	0.333333343	0.333333343	None
  2.966667	-0.125360012	-0.112384796	-0.112384796	0.333333343	0.333333343	None
  3.10000014	-0.145072669	-0.0562383756	-0.0562383756	0.333333343	0.333333343	None
  3.16666675	-0.1446134	0.0160043053	0.0160043053	0.333333343	0.333333343	None
  3.23333359	-0.14190717	0.0958593339	0.0958593339	0.333333343	0.333333343	None
  3.33333349	-0.133945182	0.007796742	0.007796742	0.333333343	0.333333343	None
  3.4333334	-0.140114322	-0.1024093	-0.1024093	0.333333343	0.333333343	None
  3.53333354	-0.171372861	-0.6530968	-0.6530968	0.333333343	0.333333343	None
  3.56666684	-0.1980017	-0.975838661	-0.975838661	0.333333343	0.333333343	None
  3.60000014	-0.236428708	-1.0380559	-1.0380559	0.333333343	0.333333343	None
  3.70000029	-0.3038524	-0.24104403	-0.24104403	0.333333343	0.333333343	None
  3.80000019	-0.299565166	0.171399578	0.171399578	0.333333343	0.333333343	None
  3.93333364	-0.265012264	0.225152954	0.225152954	0.333333343	0.333333343	None
  4.066667	-0.25149864	-0.269465268	-0.269465268	0.333333343	0.333333343	None
  4.20000029	-0.3114366	-0.189779431	-0.189779431	0.333333343	0.333333343	None
  4.366667	-0.251314521	0.6753603	0.6753603	0.333333343	0.333333343	None
  4.4	-0.228433162	0.6216497	0.6216497	0.333333343	0.333333343	None
  4.4333334	-0.209871247	0.5580529	0.5580529	0.333333343	0.333333343	None
  4.5	-0.177721024	0.315748543	0.315748543	0.333333343	0.333333343	None
  4.566667	-0.163217276	0.259930432	0.259930432	0.333333343	0.333333343	None
  4.666667	-0.130906135	0.31504184	0.31504184	0.333333343	0.333333343	None
  4.73333359	-0.110605143	0.2765788	0.2765788	0.333333343	0.333333343	None
  4.766667	-0.102546744	0.147356674	0.147356674	0.333333343	0.333333343	None
  4.83333349	-0.104664192	-0.196867839	-0.196867839	0.333333343	0.333333343	None
  4.866667	-0.113905884	-0.444688559	-0.444688559	0.333333343	0.333333343	None
  4.9333334	-0.155796617	-0.4625979	-0.4625979	0.333333343	0.333333343	None
  4.9666667	-0.1651499	-0.2305187	-0.2305187	0.333333343	0.333333343	None
  5.033334	-0.172751486	-0.00127226114	-0.00127226114	0.333333343	0.333333343	None
  5.066667	-0.171249419	0.200361192	0.200361192	0.333333343	0.333333343	None
  5.166667	-0.122926131	0.5884524	0.5884524	0.333333343	0.333333343	None
  5.23333359	-0.08687145	0.435795784	0.435795784	0.333333343	0.333333343	None
  5.3	-0.06599148	0.196315646	0.196315646	0.333333343	0.333333343	None
  5.33333349	-0.06113711	0.187581867	0.187581867	0.333333343	0.333333343	None
  5.4	-0.04385256	0.2788979	0.2788979	0.333333343	0.333333343	None
  5.4333334	-0.03489286	0.217444271	0.217444271	0.333333343	0.333333343	None
  5.466667	-0.02935621	0.142045319	0.142045319	0.333333343	0.333333343	None
  5.50000048	-0.0254231021	0.153851658	0.153851658	0.333333343	0.333333343	None
  5.533334	-0.0190994423	0.230416626	0.230416626	0.333333343	0.333333343	None
  5.566667	-0.0100620091	0.266850144	0.266850144	0.333333343	0.333333343	None
  5.60000038	-0.00130944967	0.24116841	0.24116841	0.333333343	0.333333343	None
  5.63333368	0.00601587025	0.199688539	0.199688539	0.333333343	0.333333343	None
  5.666667	0.012003107	0.1811057	0.1811057	0.333333343	0.333333343	None
  5.70000029	0.018089572	0.128255337	0.128255337	0.333333343	0.333333343	None
  5.73333359	0.0205534548	0.0303682517	0.0303682517	0.333333343	0.333333343	None
  5.766667	0.02011412	0.0007964773	0.0007964773	0.333333343	0.333333343	None
  5.8	0.0206065532	0.05359863	0.05359863	0.333333343	0.333333343	None
  5.83333349	0.0236873589	0.0987528	0.0987528	0.333333343	0.333333343	None
  5.9	0.03115998	0.114949688	0.114949688	0.333333343	0.333333343	None
  5.966667	0.035880968	-0.0575570725	-0.0575570725	0.333333343	0.333333343	None
  6.00000048	0.03101629	-0.194458246	-0.194458246	0.333333343	0.333333343	None
  6.033334	0.0229170974	-0.219838277	-0.219838277	0.333333343	0.333333343	None
  6.10000038	0.0104558384	-0.182626888	-0.182626888	0.333333343	0.333333343	None
  6.13333368	0.00418530451	-0.2093581	-0.2093581	0.333333343	0.333333343	None
  6.166667	-0.00350135425	-0.273979843	-0.273979843	0.333333343	0.333333343	None
  6.23333359	-0.02693646	-0.410337269	-0.410337269	0.333333343	0.333333343	None
  6.266667	-0.041435793	-0.37157625	-0.37157625	0.333333343	0.333333343	None
  6.40000057	-0.0653192252	-0.0664635152	-0.0664635152	0.333333343	0.333333343	None
  6.50000048	-0.0670744851	0.02249951	0.02249951	0.333333343	0.333333343	None
  6.566667	-0.0611098334	0.18255417	0.18255417	0.333333343	0.333333343	None
  6.60000038	-0.0535105951	0.217291325	0.217291325	0.333333343	0.333333343	None
  6.63333368	-0.04662376	0.214120179	0.214120179	0.333333343	0.333333343	None
  6.666667	-0.03923593	0.2190856	0.2190856	0.333333343	0.333333343	None
  6.70000029	-0.0320180655	0.173268914	0.173268914	0.333333343	0.333333343	None
  6.73333359	-0.0276846811	0.121222943	0.121222943	0.333333343	0.333333343	None
  6.766667	-0.0239365436	0.149876609	0.149876609	0.333333343	0.333333343	None
  6.8	-0.0176929161	0.198413849	0.198413849	0.333333343	0.333333343	None
  6.83333349	-0.0107089654	0.215608209	0.215608209	0.333333343	0.333333343	None
  6.866667	-0.003319048	0.237446025	0.237446025	0.333333343	0.333333343	None
  6.90000057	0.00512087531	0.252092034	0.252092034	0.333333343	0.333333343	None
  7.00000048	0.0319587924	0.310296237	0.310296237	0.333333343	0.333333343	None
  7.033334	0.043029014	0.365550339	0.365550339	0.333333343	0.333333343	None
  7.066667	0.0563287921	0.483120233	0.483120233	0.333333343	0.333333343	None
  7.13333368	0.0934856161	0.474848241	0.474848241	0.333333343	0.333333343	None
  7.266667	0.1271941	0.145998031	0.145998031	0.333333343	0.333333343	None
  7.33333349	0.135372669	0.05134513	0.05134513	0.333333343	0.333333343	None
  7.36666727	0.135372117	-1.65400688E-05	-1.65400688E-05	0.333333343	0.333333343	None
FLOAT UnityEngine.Animator||Neck Tilt Left-Right discrete=False keys=166 pre=ClampForever post=ClampForever
  0	-0.04105336	0.009108557	0.009108557	0.333333343	0.333333343	None
  0.166666672	-0.03930723	0.0116917472	0.0116917472	0.333333343	0.333333343	None
  0.233333349	-0.03798383	0.03530849	0.03530849	0.333333343	0.333333343	None
  0.3	-0.03546417	0.0297082625	0.0297082625	0.333333343	0.333333343	None
  0.5	-0.0318378247	0.0207683165	0.0207683165	0.333333343	0.333333343	None
  0.6333334	-0.028217908	0.03554176	0.03554176	0.333333343	0.333333343	None
  0.6666667	-0.0269540623	0.0315989442	0.0315989442	0.333333343	0.333333343	None
  0.733333349	-0.0250829421	0.0438462272	0.0438462272	0.333333343	0.333333343	None
  0.7666667	-0.02318823	0.0677203	0.0677203	0.333333343	0.333333343	None
  0.8000001	-0.0205682516	0.04992114	0.04992114	0.333333343	0.333333343	None
  0.8333334	-0.0198601522	-0.116008192	-0.116008192	0.333333343	0.333333343	None
  0.866666734	-0.0283021387	-0.2975883	-0.2975883	0.333333343	0.333333343	None
  0.900000036	-0.03969937	-0.0336109549	-0.0336109549	0.333333343	0.333333343	None
  0.9333334	-0.03054285	0.716640949	0.716640949	0.333333343	0.333333343	None
  0.9666667	0.008076669	1.2278322	1.2278322	0.333333343	0.333333343	None
  1	0.05131255	1.044162	1.044162	0.333333343	0.333333343	None
  1.03333342	0.0776874945	0.284193546	0.284193546	0.333333343	0.333333343	None
  1.06666672	0.07025886	-0.376401663	-0.376401663	0.333333343	0.333333343	None
  1.1	0.0525940731	-0.483006835	-0.483006835	0.333333343	0.333333343	None
  1.13333344	0.0380583853	-0.3330973	-0.3330973	0.333333343	0.333333343	None
  1.16666675	0.0303875543	-0.268455774	-0.268455774	0.333333343	0.333333343	None
  1.2	0.0201613512	-0.444849968	-0.444849968	0.333333343	0.333333343	None
  1.23333335	0.000730918138	-0.5563394	-0.5563394	0.333333343	0.333333343	None
  1.26666677	-0.0169279687	-0.5086954	-0.5086954	0.333333343	0.333333343	None
  1.30000007	-0.03318214	-0.353255153	-0.353255153	0.333333343	0.333333343	None
  1.33333337	-0.04047829	-0.22897473	-0.22897473	0.333333343	0.333333343	None
  1.36666679	-0.0484471358	-0.293098122	-0.293098122	0.333333343	0.333333343	None
  1.4000001	-0.0600181744	-0.349111468	-0.349111468	0.333333343	0.333333343	None
  1.4333334	-0.07172121	-0.3392623	-0.3392623	0.333333343	0.333333343	None
  1.4666667	-0.08263564	-0.374416769	-0.374416769	0.333333343	0.333333343	None
  1.50000012	-0.0966823548	-0.2761432	-0.2761432	0.333333343	0.333333343	None
  1.53333342	-0.101045221	-0.09839436	-0.09839436	0.333333343	0.333333343	None
  1.60000014	-0.09988708	0.2806099	0.2806099	0.333333343	0.333333343	None
  1.63333344	-0.08453465	0.231405348	0.231405348	0.333333343	0.333333343	None
  1.66666675	-0.08446007	-0.228161886	-0.228161886	0.333333343	0.333333343	None
  1.7	-0.09974543	-0.3615752	-0.3615752	0.333333343	0.333333343	None
  1.73333347	-0.108565092	-0.1232657	-0.1232657	0.333333343	0.333333343	None
  1.76666677	-0.107963167	0.0950797051	0.0950797051	0.333333343	0.333333343	None
  1.80000007	-0.102226451	0.0805623457	0.0805623457	0.333333343	0.333333343	None
  1.86666679	-0.1055535	-0.0576778948	-0.0576778948	0.333333343	0.333333343	None
  1.9000001	-0.106437549	-0.0435078181	-0.0435078181	0.333333343	0.333333343	None
  1.9333334	-0.108454019	0.04448142	0.04448142	0.333333343	0.333333343	None
  1.96666682	-0.103472106	0.18597351	0.18597351	0.333333343	0.333333343	None
  2	-0.0960558057	0.0861238241	0.0861238241	0.333333343	0.333333343	None
  2.03333354	-0.09773056	-0.04539871	-0.04539871	0.333333343	0.333333343	None
  2.06666684	-0.0990823954	-0.07334496	-0.07334496	0.333333343	0.333333343	None
  2.10000014	-0.102620222	-0.005817719	-0.005817719	0.333333343	0.333333343	None
  2.13333344	-0.09947024	0.0927133262	0.0927133262	0.333333343	0.333333343	None
  2.16666675	-0.09643934	0.0481026731	0.0481026731	0.333333343	0.333333343	None
  2.2	-0.0962634	0.0371030346	0.0371030346	0.333333343	0.333333343	None
  2.23333335	-0.0939658061	0.113553315	0.113553315	0.333333343	0.333333343	None
  2.266667	-0.08869315	0.110648483	0.110648483	0.333333343	0.333333343	None
  2.36666679	-0.08609892	0.0149105266	0.0149105266	0.333333343	0.333333343	None
  2.4333334	-0.0861874	-0.0848996	-0.0848996	0.333333343	0.333333343	None
  2.4666667	-0.09124711	-0.201656371	-0.201656371	0.333333343	0.333333343	None
  2.50000024	-0.0996312052	-0.144243643	-0.144243643	0.333333343	0.333333343	None
  2.56666684	-0.09652787	0.169478446	0.169478446	0.333333343	0.333333343	None
  2.60000014	-0.08956485	0.187904567	0.187904567	0.333333343	0.333333343	None
  2.63333344	-0.08400091	0.186737925	0.186737925	0.333333343	0.333333343	None
  2.73333359	-0.06772952	0.0203976519	0.0203976519	0.333333343	0.333333343	None
  2.80000019	-0.07157581	-0.0123914815	-0.0123914815	0.333333343	0.333333343	None
  2.83333349	-0.0704036951	0.07384396	0.07384396	0.333333343	0.333333343	None
  2.86666679	-0.06665289	0.07607311	0.07607311	0.333333343	0.333333343	None
  2.9	-0.06533216	-0.026674483	-0.026674483	0.333333343	0.333333343	None
  2.966667	-0.07465337	-0.193907246	-0.193907246	0.333333343	0.333333343	None
  3.00000024	-0.0813583657	-0.128875121	-0.128875121	0.333333343	0.333333343	None
  3.03333354	-0.08324504	-0.0416332856	-0.0416332856	0.333333343	0.333333343	None
  3.10000014	-0.08307929	0.0927698761	0.0927698761	0.333333343	0.333333343	None
  3.13333344	-0.07794926	0.116499625	0.116499625	0.333333343	0.333333343	None
  3.20000029	-0.07632172	-0.100647755	-0.100647755	0.333333343	0.333333343	None
  3.266667	-0.09042101	-0.258312166	-0.258312166	0.333333343	0.333333343	None
  3.30000019	-0.0992433056	-0.205188721	-0.205188721	0.333333343	0.333333343	None
  3.33333349	-0.10410025	-0.141283154	-0.141283154	0.333333343	0.333333343	None
  3.4	-0.111804105	-0.04687936	-0.04687936	0.333333343	0.333333343	None
  3.466667	-0.111082613	-0.0251943115	-0.0251943115	0.333333343	0.333333343	None
  3.53333354	-0.11744535	-0.0874349549	-0.0874349549	0.333333343	0.333333343	None
  3.60000014	-0.119901165	-0.0582417659	-0.0582417659	0.333333343	0.333333343	None
  3.66666675	-0.12496677	-0.0102191214	-0.0102191214	0.333333343	0.333333343	None
  3.70000029	-0.123860113	0.04656542	0.04656542	0.333333343	0.333333343	None
  3.73333359	-0.121862404	0.145394415	0.145394415	0.333333343	0.333333343	None
  3.766667	-0.114167161	0.209566325	0.209566325	0.333333343	0.333333343	None
  3.80000019	-0.107891329	0.216825068	0.216825068	0.333333343	0.333333343	None
  3.86666679	-0.09172457	0.215762019	0.215762019	0.333333343	0.333333343	None
  3.9	-0.08532805	0.205992833	0.205992833	0.333333343	0.333333343	None
  3.966667	-0.07064992	0.2460432	0.2460432	0.333333343	0.333333343	None
  4	-0.0615888722	0.12067657	0.12067657	0.333333343	0.333333343	None
  4.033334	-0.0626049042	-0.113964438	-0.113964438	0.333333343	0.333333343	None
  4.066667	-0.06918651	-0.143246084	-0.143246084	0.333333343	0.333333343	None
  4.13333368	-0.07128883	0.124199919	0.124199919	0.333333343	0.333333343	None
  4.166667	-0.06387465	0.259528428	0.259528428	0.333333343	0.333333343	None
  4.20000029	-0.05398695	0.3354719	0.3354719	0.333333343	0.333333343	None
  4.23333359	-0.0415098742	0.328769177	0.328769177	0.333333343	0.333333343	None
  4.266667	-0.0320690274	0.2741329	0.2741329	0.333333343	0.333333343	None
  4.3	-0.0232343636	0.205551311	0.205551311	0.333333343	0.333333343	None
  4.33333349	-0.01836562	0.13625361	0.13625361	0.333333343	0.333333343	None
  4.366667	-0.0141507983	0.102321044	0.102321044	0.333333343	0.333333343	None
  4.4	-0.0115442229	0.02012462	0.02012462	0.333333343	0.333333343	None
  4.4333334	-0.0128091583	-0.0916753262	-0.0916753262	0.333333343	0.333333343	None
  4.4666667	-0.0176559053	-0.15504244	-0.15504244	0.333333343	0.333333343	None
  4.5	-0.02314531	-0.126629263	-0.126629263	0.333333343	0.333333343	None
  4.533334	-0.02609789	-0.0166962724	-0.0166962724	0.333333343	0.333333343	None
  4.60000038	-0.019187985	0.173839524	0.173839524	0.333333343	0.333333343	None
  4.63333368	-0.0126691461	0.163314462	0.163314462	0.333333343	0.333333343	None
  4.666667	-0.008300364	0.07641084	0.07641084	0.333333343	0.333333343	None
  4.70000029	-0.0075750947	0.019432595	0.019432595	0.333333343	0.333333343	None
  4.766667	-0.00705850031	-0.0148460129	-0.0148460129	0.333333343	0.333333343	None
  4.8	-0.007994592	-0.0165197551	-0.0165197551	0.333333343	0.333333343	None
  4.83333349	-0.008159816	0.0171876326	0.0171876326	0.333333343	0.333333343	None
  4.866667	-0.006848751	-0.01194928	-0.01194928	0.333333343	0.333333343	None
  4.9	-0.008956434	-0.103206128	-0.103206128	0.333333343	0.333333343	None
  4.9333334	-0.0137291532	-0.128054082	-0.128054082	0.333333343	0.333333343	None
  4.9666667	-0.0174933653	-0.104348049	-0.104348049	0.333333343	0.333333343	None
  5.00000048	-0.0206857286	-0.08114962	-0.08114962	0.333333343	0.333333343	None
  5.033334	-0.02290338	-0.0206637867	-0.0206637867	0.333333343	0.333333343	None
  5.10000038	-0.0186628085	0.1299451	0.1299451	0.333333343	0.333333343	None
  5.13333368	-0.0134003144	0.149852455	0.149852455	0.333333343	0.333333343	None
  5.166667	-0.008672654	0.113159791	0.113159791	0.333333343	0.333333343	None
  5.20000029	-0.005856335	0.05226288	0.05226288	0.333333343	0.333333343	None
  5.23333359	-0.005188465	0.008473092	0.008473092	0.333333343	0.333333343	None
  5.266667	-0.005291463	0.00172198669	0.00172198669	0.333333343	0.333333343	None
  5.3	-0.005073666	0.00154496776	0.00154496776	0.333333343	0.333333343	None
  5.33333349	-0.005188465	0.02015682	0.02015682	0.333333343	0.333333343	None
  5.366667	-0.00372987939	0.0620154142	0.0620154142	0.333333343	0.333333343	None
  5.4	-0.00105410814	0.08055083	0.08055083	0.333333343	0.333333343	None
  5.4333334	0.00164017093	0.06613491	0.06613491	0.333333343	0.333333343	None
  5.466667	0.00335490634	0.03320004	0.03320004	0.333333343	0.333333343	None
  5.50000048	0.00385352946	-0.00442161225	-0.00442161225	0.333333343	0.333333343	None
  5.533334	0.0030601325	-0.0286258981	-0.0286258981	0.333333343	0.333333343	None
  5.566667	0.00194513809	-0.0168416221	-0.0168416221	0.333333343	0.333333343	None
  5.60000038	0.00193735887	0.02140406	0.02140406	0.333333343	0.333333343	None
  5.63333368	0.003372074	0.020136714	0.020136714	0.333333343	0.333333343	None
  5.666667	0.00327980518	-0.008569673	-0.008569673	0.333333343	0.333333343	None
  5.70000029	0.00280076312	-0.0182578154	-0.0182578154	0.333333343	0.333333343	None
  5.73333359	0.00206261873	-0.02694014	-0.02694014	0.333333343	0.333333343	None
  5.766667	0.0010047555	-0.0354695581	-0.0354695581	0.333333343	0.333333343	None
  5.8	-0.0003020163	-0.0563586168	-0.0563586168	0.333333343	0.333333343	None
  5.83333349	-0.00275248219	-0.09383181	-0.09383181	0.333333343	0.333333343	None
  5.866667	-0.0065574646	-0.150890544	-0.150890544	0.333333343	0.333333343	None
  5.9	-0.0128118424	-0.200311318	-0.200311318	0.333333343	0.333333343	None
  5.933334	-0.0199116413	-0.1922969	-0.1922969	0.333333343	0.333333343	None
  5.966667	-0.0256317258	-0.171699166	-0.171699166	0.333333343	0.333333343	None
  6.033334	-0.0362768844	-0.124175772	-0.124175772	0.333333343	0.333333343	None
  6.10000038	-0.0429244563	-0.118695915	-0.118695915	0.333333343	0.333333343	None
  6.13333368	-0.0475496724	-0.09120866	-0.09120866	0.333333343	0.333333343	None
  6.166667	-0.0490050279	-0.0758636743	-0.0758636743	0.333333343	0.333333343	None
  6.23333359	-0.0575553663	-0.1325763	-0.1325763	0.333333343	0.333333343	None
  6.266667	-0.0614456572	-0.0473543331	-0.0473543331	0.333333343	0.333333343	None
  6.33333349	-0.05686552	0.118212834	0.118212834	0.333333343	0.333333343	None
  6.40000057	-0.0474402346	0.179969937	0.179969937	0.333333343	0.333333343	None
  6.433334	-0.04083341	0.121448085	0.121448085	0.333333343	0.333333343	None
  6.466667	-0.0393437035	-0.0556828231	-0.0556828231	0.333333343	0.333333343	None
  6.50000048	-0.0445455946	-0.1636366	-0.1636366	0.333333343	0.333333343	None
  6.533334	-0.0502528	-0.116370432	-0.116370432	0.333333343	0.333333343	None
  6.566667	-0.052303616	-0.0307059586	-0.0307059586	0.333333343	0.333333343	None
  6.60000038	-0.05229986	0.040176902	0.040176902	0.333333343	0.333333343	None
  6.63333368	-0.04962516	0.0528183319	0.0528183319	0.333333343	0.333333343	None
  6.73333359	-0.04999315	-0.0334018022	-0.0334018022	0.333333343	0.333333343	None
  6.8	-0.0508353822	0.0292414147	0.0292414147	0.333333343	0.333333343	None
  6.90000057	-0.04500962	0.0465173051	0.0465173051	0.333333343	0.333333343	None
  7.00000048	-0.0436953343	0.00022536164	0.00022536164	0.333333343	0.333333343	None
  7.066667	-0.0442344546	-0.05072593	-0.05072593	0.333333343	0.333333343	None
  7.13333368	-0.0507034138	-0.07613715	-0.07613715	0.333333343	0.333333343	None
  7.23333359	-0.04949963	0.05750131	0.05750131	0.333333343	0.333333343	None
  7.3	-0.04489963	0.09725135	0.09725135	0.333333343	0.333333343	None
  7.33333349	-0.04105389	0.0576861575	0.0576861575	0.333333343	0.333333343	None
  7.36666727	-0.04105389	0	0	0.333333343	0.333333343	None
FLOAT UnityEngine.Animator||Neck Turn Left-Right discrete=False keys=157 pre=ClampForever post=ClampForever
  0	-0.0254911762	-0.00579373864	-0.00579373864	0.333333343	0.333333343	None
  0.13333334	-0.027367115	-0.0226511173	-0.0226511173	0.333333343	0.333333343	None
  0.200000018	-0.0296389442	-0.05384808	-0.05384808	0.333333343	0.333333343	None
  0.266666681	-0.0341144837	-0.0829286	-0.0829286	0.333333343	0.333333343	None
  0.3	-0.0373202562	-0.0923431	-0.0923431	0.333333343	0.333333343	None
  0.4666667	-0.05116957	-0.0529709123	-0.0529709123	0.333333343	0.333333343	None
  0.6666667	-0.0520182326	0.007563831	0.007563831	0.333333343	0.333333343	None
  0.733333349	-0.0510145463	0.02195936	0.02195936	0.333333343	0.333333343	None
  0.7666667	-0.0503359437	-0.0723714754	-0.0723714754	0.333333343	0.333333343	None
  0.8000001	-0.0558393151	-0.277641147	-0.277641147	0.333333343	0.333333343	None
  0.8333334	-0.06884535	-0.56511426	-0.56511426	0.333333343	0.333333343	None
  0.866666734	-0.09351361	-0.60650593	-0.60650593	0.333333343	0.333333343	None
  0.900000036	-0.109279081	0.5972441	0.5972441	0.333333343	0.333333343	None
  0.9333334	-0.0536972731	2.58753872	2.58753872	0.333333343	0.333333343	None
  0.9666667	0.06322343	3.88430738	3.88430738	0.333333343	0.333333343	None
  1	0.205256328	4.021371	4.021371	0.333333343	0.333333343	None
  1.03333342	0.331315041	2.97630239	2.97630239	0.333333343	0.333333343	None
  1.06666672	0.403676748	0.91445	0.91445	0.333333343	0.333333343	None
  1.13333344	0.3466624	-1.24094772	-1.24094772	0.333333343	0.333333343	None
  1.16666675	0.309548378	-1.0423696	-1.0423696	0.333333343	0.333333343	None
  1.2	0.277171165	-0.7350149	-0.7350149	0.333333343	0.333333343	None
  1.23333335	0.260547429	-0.4575508	-0.4575508	0.333333343	0.333333343	None
  1.33333337	0.22478655	-0.3789207	-0.3789207	0.333333343	0.333333343	None
  1.36666679	0.211950526	-0.298992157	-0.298992157	0.333333343	0.333333343	None
  1.4333334	0.194562316	-0.4325473	-0.4325473	0.333333343	0.333333343	None
  1.4666667	0.176017255	-0.690294266	-0.690294266	0.333333343	0.333333343	None
  1.50000012	0.148542643	-0.6097439	-0.6097439	0.333333343	0.333333343	None
  1.53333342	0.1353676	-0.108734407	-0.108734407	0.333333343	0.333333343	None
  1.60000014	0.160993934	0.7929094	0.7929094	0.333333343	0.333333343	None
  1.63333344	0.194154337	0.909137368	0.909137368	0.333333343	0.333333343	None
  1.66666675	0.221603036	0.6623561	0.6623561	0.333333343	0.333333343	None
  1.7	0.238311365	0.426704377	0.426704377	0.333333343	0.333333343	None
  1.73333347	0.25005	0.132345274	0.132345274	0.333333343	0.333333343	None
  1.80000007	0.23342891	-0.4351135	-0.4351135	0.333333343	0.333333343	None
  1.83333337	0.218126878	-0.6384192	-0.6384192	0.333333343	0.333333343	None
  1.86666679	0.190867573	-1.31187379	-1.31187379	0.333333343	0.333333343	None
  1.9000001	0.13066861	-2.33269882	-2.33269882	0.333333343	0.333333343	None
  1.9333334	0.03535446	-3.05901051	-3.05901051	0.333333343	0.333333343	None
  1.96666682	-0.07326562	-3.1502614	-3.1502614	0.333333343	0.333333343	None
  2	-0.1746628	-2.525635	-2.525635	0.333333343	0.333333343	None
  2.13333344	-0.291438639	0.09794274	0.09794274	0.333333343	0.333333343	None
  2.2	-0.27392	0.484302819	0.484302819	0.333333343	0.333333343	None
  2.266667	-0.2095223	1.85624146	1.85624146	0.333333343	0.333333343	None
  2.30000019	-0.129498109	2.14983463	2.14983463	0.333333343	0.333333343	None
  2.33333349	-0.06620014	1.56257582	1.56257582	0.333333343	0.333333343	None
  2.36666679	-0.0253264923	1.102558	1.102558	0.333333343	0.333333343	None
  2.4	0.00730365561	0.696561	0.696561	0.333333343	0.333333343	None
  2.4333334	0.02111086	0.0888751149	0.0888751149	0.333333343	0.333333343	None
  2.4666667	0.0132286577	-0.710461259	-0.710461259	0.333333343	0.333333343	None
  2.50000024	-0.0262534637	-1.46182775	-1.46182775	0.333333343	0.333333343	None
  2.53333354	-0.08422671	-1.841255	-1.841255	0.333333343	0.333333343	None
  2.56666684	-0.14900367	-1.68164968	-1.68164968	0.333333343	0.333333343	None
  2.60000014	-0.196336582	-0.926159859	-0.926159859	0.333333343	0.333333343	None
  2.63333344	-0.2107476	-0.117321275	-0.117321275	0.333333343	0.333333343	None
  2.66666675	-0.204158	0.20382148	0.20382148	0.333333343	0.333333343	None
  2.80000019	-0.177210867	0.154745951	0.154745951	0.333333343	0.333333343	None
  2.966667	-0.173391372	-0.0131319854	-0.0131319854	0.333333343	0.333333343	None
  3.03333354	-0.167636439	0.269794941	0.269794941	0.333333343	0.333333343	None
  3.10000014	-0.136980981	0.518059433	0.518059433	0.333333343	0.333333343	None
  3.13333344	-0.120598517	0.46745348	0.46745348	0.333333343	0.333333343	None
  3.20000029	-0.09800148	0.0515377447	0.0515377447	0.333333343	0.333333343	None
  3.23333359	-0.102381542	-0.262328327	-0.262328327	0.333333343	0.333333343	None
  3.266667	-0.115490019	-0.396658421	-0.396658421	0.333333343	0.333333343	None
  3.33333349	-0.139043555	-0.208198637	-0.208198637	0.333333343	0.333333343	None
  3.4	-0.142714977	0.0354612954	0.0354612954	0.333333343	0.333333343	None
  3.466667	-0.133171156	0.3231124	0.3231124	0.333333343	0.333333343	None
  3.50000024	-0.118800364	0.5206013	0.5206013	0.333333343	0.333333343	None
  3.56666684	-0.08111965	0.356385678	0.356385678	0.333333343	0.333333343	None
  3.60000014	-0.0747054145	0.159516156	0.159516156	0.333333343	0.333333343	None
  3.63333344	-0.07048525	0.133211926	0.133211926	0.333333343	0.333333343	None
  3.70000029	-0.06261671	0.0314376354	0.0314376354	0.333333343	0.333333343	None
  3.73333359	-0.0637287647	0.004241023	0.004241023	0.333333343	0.333333343	None
  3.80000019	-0.06197726	-0.0281876978	-0.0281876978	0.333333343	0.333333343	None
  3.86666679	-0.06775529	-0.0856563151	-0.0856563151	0.333333343	0.333333343	None
  3.9	-0.06992357	0.0107097626	0.0107097626	0.333333343	0.333333343	None
  3.93333364	-0.0670412853	0.1514454	0.1514454	0.333333343	0.333333343	None
  3.966667	-0.0598272	0.340841174	0.340841174	0.333333343	0.333333343	None
  4	-0.0443186723	0.5101945	0.5101945	0.333333343	0.333333343	None
  4.033334	-0.0258141141	0.6816988	0.6816988	0.333333343	0.333333343	None
  4.066667	0.00112813443	1.00065529	1.00065529	0.333333343	0.333333343	None
  4.10000038	0.0408961736	1.111007	1.111007	0.333333343	0.333333343	None
  4.13333368	0.07519519	0.859943569	0.859943569	0.333333343	0.333333343	None
  4.166667	0.09822569	0.6464381	0.6464381	0.333333343	0.333333343	None
  4.23333359	0.130458847	0.16345185	0.16345185	0.333333343	0.333333343	None
  4.3	0.114188112	-0.5907639	-0.5907639	0.333333343	0.333333343	None
  4.33333349	0.0898035839	-0.762033	-0.762033	0.333333343	0.333333343	None
  4.366667	0.06338596	-0.783521	-0.783521	0.333333343	0.333333343	None
  4.4	0.0375689	-0.674722433	-0.674722433	0.333333343	0.333333343	None
  4.4333334	0.0184045117	-0.477543652	-0.477543652	0.333333343	0.333333343	None
  4.4666667	0.00573268672	-0.256912917	-0.256912917	0.333333343	0.333333343	None
  4.5	0.0012769989	-0.07464453	-0.07464453	0.333333343	0.333333343	None
  4.533334	0.00075638236	-0.00195923727	-0.00195923727	0.333333343	0.333333343	None
  4.566667	0.00114637578	-0.0159645136	-0.0159645136	0.333333343	0.333333343	None
  4.60000038	-0.000307917566	-0.0690723062	-0.0690723062	0.333333343	0.333333343	None
  4.63333368	-0.0034584403	-0.088577345	-0.088577345	0.333333343	0.333333343	None
  4.666667	-0.0062130685	-0.11258851	-0.11258851	0.333333343	0.333333343	None
  4.70000029	-0.010964334	-0.128376037	-0.128376037	0.333333343	0.333333343	None
  4.73333359	-0.0147714633	-0.122123718	-0.122123718	0.333333343	0.333333343	None
  4.766667	-0.0191059075	-0.126372308	-0.126372308	0.333333343	0.333333343	None
  4.8	-0.0231962763	-0.05909454	-0.05909454	0.333333343	0.333333343	None
  4.9	-0.0149436593	0.165495157	0.165495157	0.333333343	0.333333343	None
  4.9333334	-0.008861481	0.18180567	0.18180567	0.333333343	0.333333343	None
  4.9666667	-0.00282329274	0.13329187	0.13329187	0.333333343	0.333333343	None
  5.00000048	2.467604E-05	0.0542658865	0.0542658865	0.333333343	0.333333343	None
  5.033334	0.0007944702	0.0292897522	0.0292897522	0.333333343	0.333333343	None
  5.066667	0.00197732425	0.03246014	0.03246014	0.333333343	0.333333343	None
  5.10000038	0.00295847724	0.00280828215	0.00280828215	0.333333343	0.333333343	None
  5.13333368	0.002164543	-0.03479366	-0.03479366	0.333333343	0.333333343	None
  5.166667	0.0006389022	-0.04954314	-0.04954314	0.333333343	0.333333343	None
  5.20000029	-0.00113832974	-0.0421402268	-0.0421402268	0.333333343	0.333333343	None
  5.23333359	-0.00217044353	-0.0300541744	-0.0300541744	0.333333343	0.333333343	None
  5.266667	-0.00314193941	-0.00645340048	-0.00645340048	0.333333343	0.333333343	None
  5.3	-0.00260066986	0.0227237046	0.0227237046	0.333333343	0.333333343	None
  5.33333349	-0.00162702717	0.0530595072	0.0530595072	0.333333343	0.333333343	None
  5.366667	0.0009366274	0.07725975	0.07725975	0.333333343	0.333333343	None
  5.4	0.00352361822	0.0642363	0.0642363	0.333333343	0.333333343	None
  5.4333334	0.005219043	0.0394564644	0.0394564644	0.333333343	0.333333343	None
  5.50000048	0.00670686224	0.016069144	0.016069144	0.333333343	0.333333343	None
  5.533334	0.007225335	0.0323314	0.0323314	0.333333343	0.333333343	None
  5.566667	0.008862287	0.06001178	0.06001178	0.333333343	0.333333343	None
  5.60000038	0.0112261167	0.0545763	0.0545763	0.333333343	0.333333343	None
  5.666667	0.0130081782	0.01104402	0.01104402	0.333333343	0.333333343	None
  5.70000029	0.0132369706	0.0182819255	0.0182819255	0.333333343	0.333333343	None
  5.73333359	0.0142269721	0.0478090644	0.0478090644	0.333333343	0.333333343	None
  5.766667	0.0164242387	0.070307456	0.070307456	0.333333343	0.333333343	None
  5.866667	0.0280355252	0.199982956	0.199982956	0.333333343	0.333333343	None
  5.9	0.0360279642	0.3239024	0.3239024	0.333333343	0.333333343	None
  5.966667	0.06804684	0.6018758	0.6018758	0.333333343	0.333333343	None
  6.033334	0.109985858	0.550209	0.550209	0.333333343	0.333333343	None
  6.066667	0.126434773	0.455004781	0.455004781	0.333333343	0.333333343	None
  6.10000038	0.140319481	0.316711724	0.316711724	0.333333343	0.333333343	None
  6.166667	0.150705814	0.08543112	0.08543112	0.333333343	0.333333343	None
  6.20000029	0.153244272	0.1575493	0.1575493	0.333333343	0.333333343	None
  6.3	0.1884008	0.489610255	0.489610255	0.333333343	0.333333343	None
  6.33333349	0.206611663	0.5709597	0.5709597	0.333333343	0.333333343	None
  6.40000057	0.2316264	-0.415298879	-0.415298879	0.333333343	0.333333343	None
  6.433334	0.198778257	-1.24140191	-1.24140191	0.333333343	0.333333343	None
  6.466667	0.148866355	-1.26607	-1.26607	0.333333343	0.333333343	None
  6.50000048	0.114373669	-0.743018	-0.743018	0.333333343	0.333333343	None
  6.533334	0.09933187	-0.378304243	-0.378304243	0.333333343	0.333333343	None
  6.566667	0.08915341	-0.339950442	-0.339950442	0.333333343	0.333333343	None
  6.63333368	0.06348091	-0.378831446	-0.378831446	0.333333343	0.333333343	None
  6.70000029	0.03970018	-0.350893736	-0.350893736	0.333333343	0.333333343	None
  6.73333359	0.0280202329	-0.342420518	-0.342420518	0.333333343	0.333333343	None
  6.766667	0.0168721676	-0.297809958	-0.297809958	0.333333343	0.333333343	None
  6.8	0.008166254	-0.221423253	-0.221423253	0.333333343	0.333333343	None
  6.83333349	0.00211063144	-0.156273708	-0.156273708	0.333333343	0.333333343	None
  6.866667	-0.00225198339	-0.1265204	-0.1265204	0.333333343	0.333333343	None
  6.90000057	-0.00632411242	-0.108508021	-0.108508021	0.333333343	0.333333343	None
  6.933334	-0.009485903	-0.07760981	-0.07760981	0.333333343	0.333333343	None
  7.00000048	-0.0130870324	-0.0537273362	-0.0537273362	0.333333343	0.333333343	None
  7.033334	-0.0150799137	-0.0680021644	-0.0680021644	0.333333343	0.333333343	None
  7.10000038	-0.0195195079	-0.0395330042	-0.0395330042	0.333333343	0.333333343	None
  7.166667	-0.02082842	-0.01885335	-0.01885335	0.333333343	0.333333343	None
  7.3	-0.0241007172	-0.0373605527	-0.0373605527	0.333333343	0.333333343	None
  7.33333349	-0.02549118	-0.0208569616	-0.0208569616	0.333333343	0.333333343	None
  7.36666727	-0.02549118	0	0	0.333333343	0.333333343	None
FLOAT UnityEngine.Animator||Right Arm Down-Up discrete=False keys=65 pre=ClampForever post=ClampForever
  0	-0.5631365	0.001541376	0.001541376	0.333333343	0.333333343	None
  0.733333349	-0.518859565	0.09248971	0.09248971	0.333333343	0.333333343	None
  0.8333334	-0.5022161	0.322398782	0.322398782	0.333333343	0.333333343	None
  0.900000036	-0.460805118	1.04627109	1.04627109	0.333333343	0.333333343	None
  0.9333334	-0.418943137	1.12341464	1.12341464	0.333333343	0.333333343	None
  0.9666667	-0.3859108	1.25068	1.25068	0.333333343	0.333333343	None
  1.03333342	-0.2760188	1.60268152	1.60268152	0.333333343	0.333333343	None
  1.06666672	-0.228719011	0.7909413	0.7909413	0.333333343	0.333333343	None
  1.1	-0.22328943	-0.278927267	-0.278927267	0.333333343	0.333333343	None
  1.13333344	-0.24731423	-0.263382733	-0.263382733	0.333333343	0.333333343	None
  1.16666675	-0.240848348	0.115935236	0.115935236	0.333333343	0.333333343	None
  1.2	-0.239585221	-0.304754436	-0.304754436	0.333333343	0.333333343	None
  1.23333335	-0.2611653	-0.5729611	-0.5729611	0.333333343	0.333333343	None
  1.30000007	-0.282358617	0.0197875649	0.0197875649	0.333333343	0.333333343	None
  1.36666679	-0.2691313	0.0816658	0.0816658	0.333333343	0.333333343	None
  1.4666667	-0.287679583	-0.158064857	-0.158064857	0.333333343	0.333333343	None
  1.53333342	-0.295370162	-0.296117932	-0.296117932	0.333333343	0.333333343	None
  1.60000014	-0.3159639	0.0282806978	0.0282806978	0.333333343	0.333333343	None
  1.63333344	-0.307516068	0.260196447	0.260196447	0.333333343	0.333333343	None
  1.66666675	-0.298617482	0.265500069	0.265500069	0.333333343	0.333333343	None
  1.7	-0.289816082	0.060717918	0.060717918	0.333333343	0.333333343	None
  1.73333347	-0.294569641	-0.362532377	-0.362532377	0.333333343	0.333333343	None
  1.80000007	-0.335106075	-0.5315924	-0.5315924	0.333333343	0.333333343	None
  1.9000001	-0.364497632	-0.07292084	-0.07292084	0.333333343	0.333333343	None
  1.96666682	-0.364611447	-0.0129890013	-0.0129890013	0.333333343	0.333333343	None
  2.13333344	-0.348333061	0.3674223	0.3674223	0.333333343	0.333333343	None
  2.2	-0.326542169	0.07697992	0.07697992	0.333333343	0.333333343	None
  2.33333349	-0.348297417	-0.0423168056	-0.0423168056	0.333333343	0.333333343	None
  2.4	-0.3461341	-0.07488287	-0.07488287	0.333333343	0.333333343	None
  2.4666667	-0.358461678	-0.0531675555	-0.0531675555	0.333333343	0.333333343	None
  2.66666675	-0.311166555	-0.00269249454	-0.00269249454	0.333333343	0.333333343	None
  2.766667	-0.34038198	-0.5887289	-0.5887289	0.333333343	0.333333343	None
  2.80000019	-0.3621496	-0.493343651	-0.493343651	0.333333343	0.333333343	None
  2.9333334	-0.372915417	-0.09633737	-0.09633737	0.333333343	0.333333343	None
  3.13333344	-0.423964024	-0.124962449	-0.124962449	0.333333343	0.333333343	None
  3.30000019	-0.4545218	-0.40027225	-0.40027225	0.333333343	0.333333343	None
  3.4	-0.489574283	-0.0900177062	-0.0900177062	0.333333343	0.333333343	None
  3.56666684	-0.4658958	0.116864853	0.116864853	0.333333343	0.333333343	None
  3.70000029	-0.4547249	0.151083887	0.151083887	0.333333343	0.333333343	None
  3.9	-0.471735537	-0.2855991	-0.2855991	0.333333343	0.333333343	None
  3.966667	-0.48308146	0.04575776	0.04575776	0.333333343	0.333333343	None
  4.13333368	-0.46004045	-0.03586162	-0.03586162	0.333333343	0.333333343	None
  4.266667	-0.481102645	-0.08220084	-0.08220084	0.333333343	0.333333343	None
  4.4	-0.485629171	-0.0168545712	-0.0168545712	0.333333343	0.333333343	None
  4.4333334	-0.48508504	-0.113532208	-0.113532208	0.333333343	0.333333343	None
  4.5	-0.49670738	-0.06763756	-0.06763756	0.333333343	0.333333343	None
  4.73333359	-0.5010482	0.0250777844	0.0250777844	0.333333343	0.333333343	None
  4.83333349	-0.485868752	0.39303565	0.39303565	0.333333343	0.333333343	None
  4.9	-0.4589531	0.151781	0.151781	0.333333343	0.333333343	None
  5.00000048	-0.465467542	-0.104126826	-0.104126826	0.333333343	0.333333343	None
  5.066667	-0.4821213	-0.500924468	-0.500924468	0.333333343	0.333333343	None
  5.166667	-0.5403271	-0.479725152	-0.479725152	0.333333343	0.333333343	None
  5.4	-0.5642485	0.292004317	0.292004317	0.333333343	0.333333343	None
  5.63333368	-0.487860084	0.4155367	0.4155367	0.333333343	0.333333343	None
  5.83333349	-0.4452768	-0.0612898767	-0.0612898767	0.333333343	0.333333343	None
  5.933334	-0.460039765	-0.252507	-0.252507	0.333333343	0.333333343	None
  6.20000029	-0.477102667	0.224341512	0.224341512	0.333333343	0.333333343	None
  6.33333349	-0.4313415	0.2107865	0.2107865	0.333333343	0.333333343	None
  6.40000057	-0.4256696	-0.09927366	-0.09927366	0.333333343	0.333333343	None
  6.50000048	-0.443790853	-0.131103367	-0.131103367	0.333333343	0.333333343	None
  6.766667	-0.498733729	-0.272906959	-0.272906959	0.333333343	0.333333343	None
  7.00000048	-0.557014763	-0.0976342857	-0.0976342857	0.333333343	0.333333343	None
  7.10000038	-0.5552788	0.10396073	0.10396073	0.333333343	0.333333343	None
  7.23333359	-0.564396739	-0.021926187	-0.021926187	0.333333343	0.333333343	None
  7.36666727	-0.5631398	0	0	0.333333343	0.333333343	None
FLOAT UnityEngine.Animator||Right Arm Front-Back discrete=False keys=93 pre=ClampForever post=ClampForever
  0	0.127981246	0.00758439256	0.00758439256	0.333333343	0.333333343	None
  0.5	0.147120714	0.0670997053	0.0670997053	0.333333343	0.333333343	None
  0.733333349	0.164171025	0.0710506141	0.0710506141	0.333333343	0.333333343	None
  0.8333334	0.158189923	-0.3087135	-0.3087135	0.333333343	0.333333343	None
  0.900000036	0.132186025	-0.344526	-0.344526	0.333333343	0.333333343	None
  0.9333334	0.12198703	-0.306267381	-0.306267381	0.333333343	0.333333343	None
  0.9666667	0.1117682	-0.557935953	-0.557935953	0.333333343	0.333333343	None
  1	0.08479133	-1.07528067	-1.07528067	0.333333343	0.333333343	None
  1.03333342	0.04008273	-1.264734	-1.264734	0.333333343	0.333333343	None
  1.06666672	0.0004756565	-0.8120056	-0.8120056	0.333333343	0.333333343	None
  1.1	-0.0140509224	-0.244754478	-0.244754478	0.333333343	0.333333343	None
  1.13333344	-0.0158413	-0.248920321	-0.248920321	0.333333343	0.333333343	None
  1.16666675	-0.0306456015	-0.443796128	-0.443796128	0.333333343	0.333333343	None
  1.2	-0.04542768	-0.061671868	-0.061671868	0.333333343	0.333333343	None
  1.23333335	-0.0347570553	0.34204787	0.34204787	0.333333343	0.333333343	None
  1.26666677	-0.0226244684	0.0537058264	0.0537058264	0.333333343	0.333333343	None
  1.30000007	-0.0311766267	-0.574250638	-0.574250638	0.333333343	0.333333343	None
  1.33333337	-0.0609078072	-1.01185167	-1.01185167	0.333333343	0.333333343	None
  1.4000001	-0.136463255	-0.9605001	-0.9605001	0.333333343	0.333333343	None
  1.4333334	-0.162666753	-0.6015887	-0.6015887	0.333333343	0.333333343	None
  1.53333342	-0.198434427	-0.553149343	-0.553149343	0.333333343	0.333333343	None
  1.56666672	-0.222299069	-0.5791973	-0.5791973	0.333333343	0.333333343	None
  1.60000014	-0.2370476	-0.188339859	-0.188339859	0.333333343	0.333333343	None
  1.66666675	-0.223174244	0.5003726	0.5003726	0.333333343	0.333333343	None
  1.7	-0.201496959	0.4879717	0.4879717	0.333333343	0.333333343	None
  1.73333347	-0.190642789	0.3356614	0.3356614	0.333333343	0.333333343	None
  1.83333337	-0.166120335	0.08221555	0.08221555	0.333333343	0.333333343	None
  1.9000001	-0.167518109	-0.178179532	-0.178179532	0.333333343	0.333333343	None
  1.9333334	-0.177100718	-0.137561709	-0.137561709	0.333333343	0.333333343	None
  2	-0.168572783	0.382889628	0.382889628	0.333333343	0.333333343	None
  2.06666684	-0.135252252	0.320962161	0.320962161	0.333333343	0.333333343	None
  2.10000014	-0.129765376	-0.0964558944	-0.0964558944	0.333333343	0.333333343	None
  2.16666675	-0.164878324	-0.7648798	-0.7648798	0.333333343	0.333333343	None
  2.2	-0.192674577	-0.7291999	-0.7291999	0.333333343	0.333333343	None
  2.266667	-0.223989457	-0.138548732	-0.138548732	0.333333343	0.333333343	None
  2.33333349	-0.218756288	0.156955868	0.156955868	0.333333343	0.333333343	None
  2.4333334	-0.195674166	0.170759425	0.170759425	0.333333343	0.333333343	None
  2.53333354	-0.194465667	-0.205613434	-0.205613434	0.333333343	0.333333343	None
  2.63333344	-0.229358524	-0.3354119	-0.3354119	0.333333343	0.333333343	None
  2.66666675	-0.239300936	-0.3270291	-0.3270291	0.333333343	0.333333343	None
  2.73333359	-0.258320749	-0.11255601	-0.11255601	0.333333343	0.333333343	None
  2.83333349	-0.25768432	-0.121249817	-0.121249817	0.333333343	0.333333343	None
  2.9	-0.275548965	-0.281012177	-0.281012177	0.333333343	0.333333343	None
  2.966667	-0.2909871	-0.234610379	-0.234610379	0.333333343	0.333333343	None
  3.20000029	-0.297872066	-0.017994564	-0.017994564	0.333333343	0.333333343	None
  3.30000019	-0.2953529	0.1918416	0.1918416	0.333333343	0.333333343	None
  3.36666679	-0.2826499	0.0473240465	0.0473240465	0.333333343	0.333333343	None
  3.53333354	-0.27319172	0.380431026	0.380431026	0.333333343	0.333333343	None
  3.60000014	-0.24178955	0.336568177	0.336568177	0.333333343	0.333333343	None
  3.66666675	-0.227796972	0.222079128	0.222079128	0.333333343	0.333333343	None
  3.80000019	-0.211792439	-0.08236938	-0.08236938	0.333333343	0.333333343	None
  3.9	-0.229194015	-0.170658469	-0.170658469	0.333333343	0.333333343	None
  4.033334	-0.247646347	-0.00733075663	-0.00733075663	0.333333343	0.333333343	None
  4.166667	-0.223246679	0.15569143	0.15569143	0.333333343	0.333333343	None
  4.33333349	-0.223620489	-0.225271344	-0.225271344	0.333333343	0.333333343	None
  4.366667	-0.23209624	-0.318494737	-0.318494737	0.333333343	0.333333343	None
  4.4	-0.244853452	-0.317280352	-0.317280352	0.333333343	0.333333343	None
  4.4333334	-0.253248245	-0.262281626	-0.262281626	0.333333343	0.333333343	None
  4.5	-0.265665144	0.00692689046	0.00692689046	0.333333343	0.333333343	None
  4.63333368	-0.237814859	0.1894788	0.1894788	0.333333343	0.333333343	None
  4.766667	-0.232407019	-0.0765677541	-0.0765677541	0.333333343	0.333333343	None
  4.8	-0.2351572	0.0427359	0.0427359	0.333333343	0.333333343	None
  4.9	-0.199478924	0.6321007	0.6321007	0.333333343	0.333333343	None
  4.9333334	-0.176723123	0.458161533	0.458161533	0.333333343	0.333333343	None
  4.9666667	-0.168934852	0.207509562	0.207509562	0.333333343	0.333333343	None
  5.033334	-0.155434817	0.323367417	0.323367417	0.333333343	0.333333343	None
  5.066667	-0.14133127	0.3966696	0.3966696	0.333333343	0.333333343	None
  5.20000029	-0.0983297452	0.254205257	0.254205257	0.333333343	0.333333343	None
  5.266667	-0.0842355862	0.23175326	0.23175326	0.333333343	0.333333343	None
  5.3	-0.07527923	0.18976748	0.18976748	0.333333343	0.333333343	None
  5.366667	-0.0689862743	0.123150393	0.123150393	0.333333343	0.333333343	None
  5.466667	-0.0455363579	0.336151332	0.336151332	0.333333343	0.333333343	None
  5.533334	-0.0172109846	0.5331557	0.5331557	0.333333343	0.333333343	None
  5.566667	0.00243057753	0.611338139	0.611338139	0.333333343	0.333333343	None
  5.60000038	0.0235448517	0.623021841	0.623021841	0.333333343	0.333333343	None
  5.666667	0.0619514175	0.500344753	0.500344753	0.333333343	0.333333343	None
  5.73333359	0.09177719	0.4403807	0.4403807	0.333333343	0.333333343	None
  5.83333349	0.133160621	0.349124372	0.349124372	0.333333343	0.333333343	None
  5.966667	0.1760908	0.3033474	0.3033474	0.333333343	0.333333343	None
  6.10000038	0.2106396	0.294791579	0.294791579	0.333333343	0.333333343	None
  6.166667	0.226763815	0.122857586	0.122857586	0.333333343	0.333333343	None
  6.266667	0.223372728	-0.207264781	-0.207264781	0.333333343	0.333333343	None
  6.40000057	0.192153752	-0.1000931	-0.1000931	0.333333343	0.333333343	None
  6.566667	0.201443166	-0.008844369	-0.008844369	0.333333343	0.333333343	None
  6.8	0.165905744	-0.195905834	-0.195905834	0.333333343	0.333333343	None
  6.933334	0.144789681	-0.07585965	-0.07585965	0.333333343	0.333333343	None
  7.00000048	0.1459434	0.09908939	0.09908939	0.333333343	0.333333343	None
  7.13333368	0.157411948	0.005137777	0.005137777	0.333333343	0.333333343	None
  7.166667	0.155817628	-0.13107565	-0.13107565	0.333333343	0.333333343	None
  7.20000029	0.148673579	-0.174892724	-0.174892724	0.333333343	0.333333343	None
  7.266667	0.139255226	-0.16589278	-0.16589278	0.333333343	0.333333343	None
  7.33333349	0.127995968	-0.0765398145	-0.0765398145	0.333333343	0.333333343	None
  7.36666727	0.127995968	0	0	0.333333343	0.333333343	None
FLOAT UnityEngine.Animator||Right Arm Twist In-Out discrete=False keys=154 pre=ClampForever post=ClampForever
  0	-0.08722113	0.006896406	0.006896406	0.333333343	0.333333343	None
  0.333333343	-0.08592585	0.0008871407	0.0008871407	0.333333343	0.333333343	None
  0.700000048	-0.08976321	-0.0185493734	-0.0185493734	0.333333343	0.333333343	None
  0.7666667	-0.09059596	0.0164869651	0.0164869651	0.333333343	0.333333343	None
  0.8333334	-0.08295382	0.30143708	0.30143708	0.333333343	0.333333343	None
  0.866666734	-0.06908162	0.3995712	0.3995712	0.333333343	0.333333343	None
  0.900000036	-0.05631574	0.184203357	0.184203357	0.333333343	0.333333343	None
  0.9333334	-0.05680141	-0.0821249	-0.0821249	0.333333343	0.333333343	None
  0.9666667	-0.0617907271	-0.43269515	-0.43269515	0.333333343	0.333333343	None
  1	-0.0856477246	-0.9516028	-0.9516028	0.333333343	0.333333343	None
  1.03333342	-0.125231	-1.13108945	-1.13108945	0.333333343	0.333333343	None
  1.06666672	-0.161053762	-0.5021567	-0.5021567	0.333333343	0.333333343	None
  1.1	-0.158708081	0.3168082	0.3168082	0.333333343	0.333333343	None
  1.13333344	-0.139933169	0.325441569	0.325441569	0.333333343	0.333333343	None
  1.16666675	-0.13701193	0.164217278	0.164217278	0.333333343	0.333333343	None
  1.2	-0.12898536	0.52164197	0.52164197	0.333333343	0.333333343	None
  1.23333335	-0.102235831	0.7649042	0.7649042	0.333333343	0.333333343	None
  1.26666677	-0.07799171	0.697989464	0.697989464	0.333333343	0.333333343	None
  1.30000007	-0.0557031557	0.71192193	0.71192193	0.333333343	0.333333343	None
  1.33333337	-0.0305302944	0.8970444	0.8970444	0.333333343	0.333333343	None
  1.36666679	0.00409987243	1.27193153	1.27193153	0.333333343	0.333333343	None
  1.4000001	0.0542651825	1.44693041	1.44693041	0.333333343	0.333333343	None
  1.4333334	0.100561805	1.06363821	1.06363821	0.333333343	0.333333343	None
  1.4666667	0.125174329	0.2857104	0.2857104	0.333333343	0.333333343	None
  1.50000012	0.119609125	-0.484319031	-0.484319031	0.333333343	0.333333343	None
  1.53333342	0.0928864	-0.685599566	-0.685599566	0.333333343	0.333333343	None
  1.56666672	0.07390253	-0.09150691	-0.09150691	0.333333343	0.333333343	None
  1.60000014	0.0867859945	0.5785472	0.5785472	0.333333343	0.333333343	None
  1.63333344	0.112472355	0.6472236	0.6472236	0.333333343	0.333333343	None
  1.66666675	0.129934192	0.5374142	0.5374142	0.333333343	0.333333343	None
  1.7	0.148299932	0.249113634	0.249113634	0.333333343	0.333333343	None
  1.73333347	0.146541744	-0.165925309	-0.165925309	0.333333343	0.333333343	None
  1.76666677	0.137238249	-0.367352784	-0.367352784	0.333333343	0.333333343	None
  1.80000007	0.122051582	-0.434104323	-0.434104323	0.333333343	0.333333343	None
  1.86666679	0.0947274	-0.447352052	-0.447352052	0.333333343	0.333333343	None
  1.9000001	0.0784745	-0.6144798	-0.6144798	0.333333343	0.333333343	None
  1.9333334	0.0537621155	-0.7622943	-0.7622943	0.333333343	0.333333343	None
  1.96666682	0.0276548322	-0.7797194	-0.7797194	0.333333343	0.333333343	None
  2	0.00178087037	-0.588906646	-0.588906646	0.333333343	0.333333343	None
  2.03333354	-0.0116055775	-0.2092432	-0.2092432	0.333333343	0.333333343	None
  2.06666684	-0.0121687585	0.07095841	0.07095841	0.333333343	0.333333343	None
  2.10000014	-0.00687502138	0.112783447	0.112783447	0.333333343	0.333333343	None
  2.13333344	-0.004649869	0.0263627172	0.0263627172	0.333333343	0.333333343	None
  2.16666675	-0.00511750858	-0.08017921	-0.08017921	0.333333343	0.333333343	None
  2.2	-0.009995145	-0.103268117	-0.103268117	0.333333343	0.333333343	None
  2.23333335	-0.0120020434	-0.07605845	-0.07605845	0.333333343	0.333333343	None
  2.266667	-0.015065725	-0.105897963	-0.105897963	0.333333343	0.333333343	None
  2.30000019	-0.019061923	-0.101218432	-0.101218432	0.333333343	0.333333343	None
  2.33333349	-0.0218136143	-0.02181166	-0.02181166	0.333333343	0.333333343	None
  2.36666679	-0.0205160324	0.102212891	0.102212891	0.333333343	0.333333343	None
  2.4	-0.0149994278	0.183837	0.183837	0.333333343	0.333333343	None
  2.4333334	-0.008260244	0.201622486	0.201622486	0.333333343	0.333333343	None
  2.4666667	-0.00155794166	0.210719123	0.210719123	0.333333343	0.333333343	None
  2.50000024	0.005787737	0.159315035	0.159315035	0.333333343	0.333333343	None
  2.53333354	0.009063103	0.07385337	0.07385337	0.333333343	0.333333343	None
  2.56666684	0.0107112909	0.0378170051	0.0378170051	0.333333343	0.333333343	None
  2.60000014	0.0115842344	0.04534628	0.04534628	0.333333343	0.333333343	None
  2.63333344	0.0137343733	0.06640526	0.06640526	0.333333343	0.333333343	None
  2.66666675	0.0160112474	0.0127564874	0.0127564874	0.333333343	0.333333343	None
  2.7	0.0145848049	-0.07147723	-0.07147723	0.333333343	0.333333343	None
  2.73333359	0.01124608	-0.08848941	-0.08848941	0.333333343	0.333333343	None
  2.766667	0.008685492	-0.08608245	-0.08608245	0.333333343	0.333333343	None
  2.80000019	0.005507255	-0.102604784	-0.102604784	0.333333343	0.333333343	None
  2.83333349	0.00184517971	-0.09156895	-0.09156895	0.333333343	0.333333343	None
  2.86666679	-0.0005973357	-0.104049586	-0.104049586	0.333333343	0.333333343	None
  2.9	-0.00509145251	-0.080132246	-0.080132246	0.333333343	0.333333343	None
  2.9333334	-0.00593948038	-0.0627172	-0.0627172	0.333333343	0.333333343	None
  2.966667	-0.009272619	-0.147512749	-0.147512749	0.333333343	0.333333343	None
  3.00000024	-0.0157736782	-0.186537042	-0.186537042	0.333333343	0.333333343	None
  3.03333354	-0.02170841	-0.195581138	-0.195581138	0.333333343	0.333333343	None
  3.06666684	-0.0288124084	-0.219653964	-0.219653964	0.333333343	0.333333343	None
  3.10000014	-0.0363519937	-0.203122482	-0.203122482	0.333333343	0.333333343	None
  3.13333344	-0.0423538946	-0.183707073	-0.183707073	0.333333343	0.333333343	None
  3.23333359	-0.0611815751	-0.1608088	-0.1608088	0.333333343	0.333333343	None
  3.266667	-0.06589258	-0.06679456	-0.06679456	0.333333343	0.333333343	None
  3.30000019	-0.06563454	0.0475636572	0.0475636572	0.333333343	0.333333343	None
  3.33333349	-0.06272167	0.0413048267	0.0413048267	0.333333343	0.333333343	None
  3.36666679	-0.06288089	-0.04117586	-0.04117586	0.333333343	0.333333343	None
  3.4	-0.0654667243	-0.0591586344	-0.0591586344	0.333333343	0.333333343	None
  3.466667	-0.0664679	0.0266979132	0.0266979132	0.333333343	0.333333343	None
  3.53333354	-0.0598112643	0.226382554	0.226382554	0.333333343	0.333333343	None
  3.56666684	-0.0499527752	0.235391557	0.235391557	0.333333343	0.333333343	None
  3.60000014	-0.04411851	0.0549332574	0.0549332574	0.333333343	0.333333343	None
  3.66666675	-0.0537124462	-0.2461771	-0.2461771	0.333333343	0.333333343	None
  3.70000029	-0.06270242	-0.278072774	-0.278072774	0.333333343	0.333333343	None
  3.73333359	-0.07225068	-0.222044528	-0.222044528	0.333333343	0.333333343	None
  3.80000019	-0.08058826	-0.09295439	-0.09295439	0.333333343	0.333333343	None
  3.86666679	-0.0838203654	0.05207067	0.05207067	0.333333343	0.333333343	None
  3.93333364	-0.0742149949	0.193540931	0.193540931	0.333333343	0.333333343	None
  3.966667	-0.06732819	0.246286377	0.246286377	0.333333343	0.333333343	None
  4	-0.0577959865	0.260212481	0.260212481	0.333333343	0.333333343	None
  4.033334	-0.0499806665	0.265745968	0.265745968	0.333333343	0.333333343	None
  4.066667	-0.0400794931	0.273967028	0.273967028	0.333333343	0.333333343	None
  4.10000038	-0.0317162164	0.214488864	0.214488864	0.333333343	0.333333343	None
  4.13333368	-0.02578025	0.1547883	0.1547883	0.333333343	0.333333343	None
  4.166667	-0.0213970058	0.0723862946	0.0723862946	0.333333343	0.333333343	None
  4.20000029	-0.0209545	0.0386030339	0.0386030339	0.333333343	0.333333343	None
  4.23333359	-0.0188234728	0.0792375654	0.0792375654	0.333333343	0.333333343	None
  4.266667	-0.015672002	0.08692901	0.08692901	0.333333343	0.333333343	None
  4.33333349	-0.0115099419	0.0128661357	0.0128661357	0.333333343	0.333333343	None
  4.366667	-0.0121704694	-0.0675020441	-0.0675020441	0.333333343	0.333333343	None
  4.4	-0.0160100739	-0.08198297	-0.08198297	0.333333343	0.333333343	None
  4.4333334	-0.0176359955	-0.146844819	-0.146844819	0.333333343	0.333333343	None
  4.4666667	-0.02579972	-0.2243449	-0.2243449	0.333333343	0.333333343	None
  4.5	-0.0325923078	-0.177206069	-0.177206069	0.333333343	0.333333343	None
  4.533334	-0.03761352	-0.155258626	-0.155258626	0.333333343	0.333333343	None
  4.566667	-0.0429429449	-0.139182031	-0.139182031	0.333333343	0.333333343	None
  4.60000038	-0.04689231	-0.121289775	-0.121289775	0.333333343	0.333333343	None
  4.666667	-0.05373642	-0.041277	-0.041277	0.333333343	0.333333343	None
  4.73333359	-0.0526928529	0.0486603454	0.0486603454	0.333333343	0.333333343	None
  4.766667	-0.0505367	0.122988731	0.122988731	0.333333343	0.333333343	None
  4.8	-0.0444936119	0.496709049	0.496709049	0.333333343	0.333333343	None
  4.83333349	-0.0174227953	1.14835835	1.14835835	0.333333343	0.333333343	None
  4.866667	0.0320635363	1.32006359	1.32006359	0.333333343	0.333333343	None
  4.9	0.07058136	0.8347912	0.8347912	0.333333343	0.333333343	None
  4.9333334	0.08771623	0.4625991	0.4625991	0.333333343	0.333333343	None
  4.9666667	0.101421274	0.2996332	0.2996332	0.333333343	0.333333343	None
  5.00000048	0.107691847	0.135215759	0.135215759	0.333333343	0.333333343	None
  5.033334	0.110435739	0.198500648	0.198500648	0.333333343	0.333333343	None
  5.10000038	0.131665617	0.268673241	0.268673241	0.333333343	0.333333343	None
  5.20000029	0.148914114	0.196489424	0.196489424	0.333333343	0.333333343	None
  5.3	0.167238683	0.0869716	0.0869716	0.333333343	0.333333343	None
  5.4	0.16320771	-0.189622968	-0.189622968	0.333333343	0.333333343	None
  5.533334	0.117642172	-0.509299338	-0.509299338	0.333333343	0.333333343	None
  5.63333368	0.0605716966	-0.5892842	-0.5892842	0.333333343	0.333333343	None
  5.666667	0.0410762839	-0.5179842	-0.5179842	0.333333343	0.333333343	None
  5.73333359	0.012299967	-0.4289937	-0.4289937	0.333333343	0.333333343	None
  5.766667	-0.00256010424	-0.429231524	-0.429231524	0.333333343	0.333333343	None
  5.8	-0.0163154416	-0.336866438	-0.336866438	0.333333343	0.333333343	None
  5.83333349	-0.0250178464	-0.231937259	-0.231937259	0.333333343	0.333333343	None
  5.866667	-0.03177791	-0.212497532	-0.212497532	0.333333343	0.333333343	None
  5.9	-0.0391843356	-0.159673259	-0.159673259	0.333333343	0.333333343	None
  5.966667	-0.04469523	-0.101627156	-0.101627156	0.333333343	0.333333343	None
  6.00000048	-0.0491979681	-0.118593931	-0.118593931	0.333333343	0.333333343	None
  6.066667	-0.05528945	-0.08775604	-0.08775604	0.333333343	0.333333343	None
  6.10000038	-0.05845188	-0.177074969	-0.177074969	0.333333343	0.333333343	None
  6.13333368	-0.06709444	-0.24805522	-0.24805522	0.333333343	0.333333343	None
  6.23333359	-0.09211972	-0.3164262	-0.3164262	0.333333343	0.333333343	None
  6.266667	-0.10407339	-0.3092516	-0.3092516	0.333333343	0.333333343	None
  6.366667	-0.1253629	-0.152732253	-0.152732253	0.333333343	0.333333343	None
  6.40000057	-0.130122811	-0.0675978661	-0.0675978661	0.333333343	0.333333343	None
  6.50000048	-0.122860588	0.1262783	0.1262783	0.333333343	0.333333343	None
  6.60000038	-0.105448887	0.2311131	0.2311131	0.333333343	0.333333343	None
  6.70000029	-0.081060566	0.187904	0.187904	0.333333343	0.333333343	None
  6.766667	-0.07105025	0.129241139	0.129241139	0.333333343	0.333333343	None
  6.83333349	-0.0653995648	0.0261782724	0.0261782724	0.333333343	0.333333343	None
  6.966667	-0.0715915	-0.08902841	-0.08902841	0.333333343	0.333333343	None
  7.033334	-0.07865008	-0.114288367	-0.114288367	0.333333343	0.333333343	None
  7.066667	-0.08246106	-0.19052352	-0.19052352	0.333333343	0.333333343	None
  7.166667	-0.108542763	-0.103386179	-0.103386179	0.333333343	0.333333343	None
  7.23333359	-0.105601005	0.133357212	0.133357212	0.333333343	0.333333343	None
  7.3	-0.0927643	0.184446514	0.184446514	0.333333343	0.333333343	None
  7.33333349	-0.08733407	0.08145362	0.08145362	0.333333343	0.333333343	None
  7.36666727	-0.08733407	0	0	0.333333343	0.333333343	None
FLOAT UnityEngine.Animator||Right Eye Down-Up discrete=False keys=159 pre=ClampForever post=ClampForever
  0	4.55346E-07	0	0	0.333333343	0.333333343	None
  0.06666667	4.55346E-07	0	0	0.333333343	0.333333343	None
  0.100000009	4.55346E-07	-6.83019E-06	-6.83019E-06	0.333333343	0.333333343	None
  0.13333334	2.03555417E-14	-6.83019E-06	-6.83019E-06	0.333333343	0.333333343	None
  0.166666672	2.03555417E-14	6.830187E-06	6.830187E-06	0.333333343	0.333333343	None
  0.200000018	4.55346E-07	6.830187E-06	6.830187E-06	0.333333343	0.333333343	None
  0.233333349	4.55346E-07	-6.83019E-06	-6.83019E-06	0.333333343	0.333333343	None
  0.266666681	2.03555417E-14	-6.83019E-06	-6.83019E-06	0.333333343	0.333333343	None
  0.3	2.03555417E-14	6.83019E-06	6.83019E-06	0.333333343	0.333333343	None
  0.333333343	4.55346E-07	6.83019E-06	6.83019E-06	0.333333343	0.333333343	None
  0.366666675	4.55346E-07	0	0	0.333333343	0.333333343	None
  0.400000036	4.55346E-07	0	0	0.333333343	0.333333343	None
  0.433333367	4.55346E-07	-6.83019E-06	-6.83019E-06	0.333333343	0.333333343	None
  0.4666667	2.03555417E-14	5.91171556E-12	5.91171556E-12	0.333333343	0.333333343	None
  0.5	4.55346E-07	6.830196E-06	6.830196E-06	0.333333343	0.333333343	None
  0.533333361	4.55346E-07	0	0	0.333333343	0.333333343	None
  0.866666734	4.55346E-07	0	0	0.333333343	0.333333343	None
  0.900000036	4.55346E-07	-6.830184E-06	-6.830184E-06	0.333333343	0.333333343	None
  0.9333334	2.03555417E-14	1.22781785E-11	1.22781785E-11	0.333333343	0.333333343	None
  0.9666667	4.55346E-07	6.830196E-06	6.830196E-06	0.333333343	0.333333343	None
  1	4.55346E-07	-6.83017151E-06	-6.83017151E-06	0.333333343	0.333333343	None
  1.03333342	2.03555417E-14	2.45563569E-11	2.45563569E-11	0.333333343	0.333333343	None
  1.06666672	4.55346E-07	6.830196E-06	6.830196E-06	0.333333343	0.333333343	None
  1.1	4.55346E-07	0	0	0.333333343	0.333333343	None
  1.13333344	4.55346E-07	0	0	0.333333343	0.333333343	None
  1.16666675	4.55346E-07	-6.830196E-06	-6.830196E-06	0.333333343	0.333333343	None
  1.2	2.03555417E-14	-6.830196E-06	-6.830196E-06	0.333333343	0.333333343	None
  1.23333335	2.03555417E-14	6.83017151E-06	6.83017151E-06	0.333333343	0.333333343	None
  1.26666677	4.55346E-07	6.83017151E-06	6.83017151E-06	0.333333343	0.333333343	None
  1.30000007	4.55346E-07	0	0	0.333333343	0.333333343	None
  1.60000014	4.55346E-07	0	0	0.333333343	0.333333343	None
  1.63333344	4.55346E-07	-6.830196E-06	-6.830196E-06	0.333333343	0.333333343	None
  1.66666675	2.03555417E-14	0	0	0.333333343	0.333333343	None
  1.7	4.55346E-07	6.830196E-06	6.830196E-06	0.333333343	0.333333343	None
  1.73333347	4.55346E-07	-6.830196E-06	-6.830196E-06	0.333333343	0.333333343	None
  1.76666677	2.03555417E-14	0	0	0.333333343	0.333333343	None
  1.80000007	4.55346E-07	6.830196E-06	6.830196E-06	0.333333343	0.333333343	None
  1.83333337	4.55346E-07	0	0	0.333333343	0.333333343	None
  1.9000001	4.55346E-07	0	0	0.333333343	0.333333343	None
  1.9333334	4.55346E-07	-6.83017151E-06	-6.83017151E-06	0.333333343	0.333333343	None
  1.96666682	2.03555417E-14	4.91127139E-11	4.91127139E-11	0.333333343	0.333333343	None
  2	4.55346E-07	6.83022063E-06	6.83022063E-06	0.333333343	0.333333343	None
  2.03333354	4.55346E-07	-6.830196E-06	-6.830196E-06	0.333333343	0.333333343	None
  2.06666684	2.03555417E-14	0	0	0.333333343	0.333333343	None
  2.10000014	4.55346E-07	6.830196E-06	6.830196E-06	0.333333343	0.333333343	None
  2.13333344	4.55346E-07	-6.830197E-06	-6.830197E-06	0.333333343	0.333333343	None
  2.16666675	-1.46853134E-14	0	0	0.333333343	0.333333343	None
  2.2	4.55346E-07	6.830197E-06	6.830197E-06	0.333333343	0.333333343	None
  2.23333335	4.55346E-07	0	0	0.333333343	0.333333343	None
  2.36666679	4.55346E-07	0	0	0.333333343	0.333333343	None
  2.4	4.55346E-07	-6.830196E-06	-6.830196E-06	0.333333343	0.333333343	None
  2.4333334	2.03555417E-14	0	0	0.333333343	0.333333343	None
  2.4666667	4.55346E-07	6.830196E-06	6.830196E-06	0.333333343	0.333333343	None
  2.50000024	4.55346E-07	0	0	0.333333343	0.333333343	None
  2.53333354	4.55346E-07	0	0	0.333333343	0.333333343	None
  2.56666684	4.55346E-07	-6.830196E-06	-6.830196E-06	0.333333343	0.333333343	None
  2.60000014	2.03555417E-14	0	0	0.333333343	0.333333343	None
  2.63333344	4.55346E-07	6.830196E-06	6.830196E-06	0.333333343	0.333333343	None
  2.66666675	4.55346E-07	-6.830196E-06	-6.830196E-06	0.333333343	0.333333343	None
  2.7	2.03555417E-14	-4.86579665E-11	-4.86579665E-11	0.333333343	0.333333343	None
  2.73333359	4.55346E-07	6.83014741E-06	6.83014741E-06	0.333333343	0.333333343	None
  2.766667	4.55346E-07	0	0	0.333333343	0.333333343	None
  2.83333349	4.55346E-07	0	0	0.333333343	0.333333343	None
  2.86666679	4.55346E-07	-6.830196E-06	-6.830196E-06	0.333333343	0.333333343	None
  2.9	2.03555417E-14	-6.830196E-06	-6.830196E-06	0.333333343	0.333333343	None
  2.9333334	2.03555417E-14	0	0	0.333333343	0.333333343	None
  2.966667	2.03555417E-14	6.830196E-06	6.830196E-06	0.333333343	0.333333343	None
  3.00000024	4.55346E-07	6.830196E-06	6.830196E-06	0.333333343	0.333333343	None
  3.03333354	4.55346E-07	0	0	0.333333343	0.333333343	None
  3.10000014	4.55346E-07	0	0	0.333333343	0.333333343	None
  3.13333344	4.55346E-07	-6.830196E-06	-6.830196E-06	0.333333343	0.333333343	None
  3.16666675	2.03555417E-14	-4.86579665E-11	-4.86579665E-11	0.333333343	0.333333343	None
  3.20000029	4.55346E-07	6.83014741E-06	6.83014741E-06	0.333333343	0.333333343	None
  3.23333359	4.55346E-07	0	0	0.333333343	0.333333343	None
  3.266667	4.55346E-07	-6.830196E-06	-6.830196E-06	0.333333343	0.333333343	None
  3.30000019	2.03555417E-14	0	0	0.333333343	0.333333343	None
  3.33333349	4.55346E-07	6.830196E-06	6.830196E-06	0.333333343	0.333333343	None
  3.36666679	4.55346E-07	0	0	0.333333343	0.333333343	None
  3.4	4.55346E-07	0	0	0.333333343	0.333333343	None
  3.4333334	4.55346E-07	-6.83014741E-06	-6.83014741E-06	0.333333343	0.333333343	None
  3.466667	2.03555417E-14	-6.83014741E-06	-6.83014741E-06	0.333333343	0.333333343	None
  3.50000024	2.03555417E-14	6.830196E-06	6.830196E-06	0.333333343	0.333333343	None
  3.53333354	4.55346E-07	6.830196E-06	6.830196E-06	0.333333343	0.333333343	None
  3.56666684	4.55346E-07	0	0	0.333333343	0.333333343	None
  3.966667	4.55346E-07	0	0	0.333333343	0.333333343	None
  4	4.55346E-07	-6.8300983E-06	-6.8300983E-06	0.333333343	0.333333343	None
  4.033334	2.03555417E-14	9.777068E-11	9.777068E-11	0.333333343	0.333333343	None
  4.066667	4.55346E-07	6.830196E-06	6.830196E-06	0.333333343	0.333333343	None
  4.10000038	4.55346E-07	-6.830196E-06	-6.830196E-06	0.333333343	0.333333343	None
  4.13333368	2.03555417E-14	0	0	0.333333343	0.333333343	None
  4.166667	4.55346E-07	6.830196E-06	6.830196E-06	0.333333343	0.333333343	None
  4.20000029	4.55346E-07	0	0	0.333333343	0.333333343	None
  4.23333359	4.55346E-07	-6.830196E-06	-6.830196E-06	0.333333343	0.333333343	None
  4.266667	2.03555417E-14	0	0	0.333333343	0.333333343	None
  4.3	4.55346E-07	0	0	0.333333343	0.333333343	None
  4.33333349	2.03555417E-14	0	0	0.333333343	0.333333343	None
  4.366667	4.55346E-07	6.830196E-06	6.830196E-06	0.333333343	0.333333343	None
  4.4	4.55346E-07	0	0	0.333333343	0.333333343	None
  4.4333334	4.55346E-07	-6.830196E-06	-6.830196E-06	0.333333343	0.333333343	None
  4.4666667	2.03555417E-14	-6.830196E-06	-6.830196E-06	0.333333343	0.333333343	None
  4.5	2.03555417E-14	6.8300983E-06	6.8300983E-06	0.333333343	0.333333343	None
  4.533334	4.55346E-07	6.8300983E-06	6.8300983E-06	0.333333343	0.333333343	None
  4.566667	4.55346E-07	-6.830196E-06	-6.830196E-06	0.333333343	0.333333343	None
  4.60000038	2.03555417E-14	-6.830196E-06	-6.830196E-06	0.333333343	0.333333343	None
  4.63333368	2.03555417E-14	0	0	0.333333343	0.333333343	None
  4.666667	2.03555417E-14	6.830196E-06	6.830196E-06	0.333333343	0.333333343	None
  4.70000029	4.55346E-07	-9.094947E-13	-9.094947E-13	0.333333343	0.333333343	None
  4.73333359	-1.46853134E-14	-6.83019653E-06	-6.83019653E-06	0.333333343	0.333333343	None
  4.766667	2.03555417E-14	5.25613353E-13	5.25613353E-13	0.333333343	0.333333343	None
  4.83333349	2.03555417E-14	0	0	0.333333343	0.333333343	None
  4.866667	2.03555417E-14	6.830196E-06	6.830196E-06	0.333333343	0.333333343	None
  4.9	4.55346E-07	6.830196E-06	6.830196E-06	0.333333343	0.333333343	None
  4.9333334	4.55346E-07	0	0	0.333333343	0.333333343	None
  5.066667	4.55346E-07	0	0	0.333333343	0.333333343	None
  5.10000038	4.55346E-07	-6.830196E-06	-6.830196E-06	0.333333343	0.333333343	None
  5.13333368	2.03555417E-14	0	0	0.333333343	0.333333343	None
  5.166667	4.55346E-07	6.830196E-06	6.830196E-06	0.333333343	0.333333343	None
  5.20000029	4.55346E-07	0	0	0.333333343	0.333333343	None
  5.533334	4.55346E-07	0	0	0.333333343	0.333333343	None
  5.566667	4.55346E-07	-6.830196E-06	-6.830196E-06	0.333333343	0.333333343	None
  5.60000038	2.03555417E-14	-6.830196E-06	-6.830196E-06	0.333333343	0.333333343	None
  5.63333368	2.03555417E-14	6.830196E-06	6.830196E-06	0.333333343	0.333333343	None
  5.666667	4.55346E-07	6.830196E-06	6.830196E-06	0.333333343	0.333333343	None
  5.70000029	4.55346E-07	-6.830197E-06	-6.830197E-06	0.333333343	0.333333343	None
  5.73333359	-1.46853134E-14	0	0	0.333333343	0.333333343	None
  5.766667	4.55346E-07	9.094947E-13	9.094947E-13	0.333333343	0.333333343	None
  5.8	2.03555417E-14	0	0	0.333333343	0.333333343	None
  5.83333349	4.55346E-07	0	0	0.333333343	0.333333343	None
  5.866667	2.03555417E-14	0	0	0.333333343	0.333333343	None
  5.9	4.55346E-07	9.777068E-11	9.777068E-11	0.333333343	0.333333343	None
  5.933334	2.03555417E-14	9.777068E-11	9.777068E-11	0.333333343	0.333333343	None
  5.966667	4.55346E-07	6.830196E-06	6.830196E-06	0.333333343	0.333333343	None
  6.00000048	4.55346E-07	0	0	0.333333343	0.333333343	None
  6.10000038	4.55346E-07	0	0	0.333333343	0.333333343	None
  6.13333368	4.55346E-07	-6.830196E-06	-6.830196E-06	0.333333343	0.333333343	None
  6.166667	2.03555417E-14	0	0	0.333333343	0.333333343	None
  6.20000029	4.55346E-07	6.830196E-06	6.830196E-06	0.333333343	0.333333343	None
  6.23333359	4.55346E-07	0	0	0.333333343	0.333333343	None
  6.40000057	4.55346E-07	0	0	0.333333343	0.333333343	None
  6.433334	4.55346E-07	-6.830196E-06	-6.830196E-06	0.333333343	0.333333343	None
  6.466667	2.03555417E-14	0	0	0.333333343	0.333333343	None
  6.50000048	4.55346E-07	0	0	0.333333343	0.333333343	None
  6.533334	2.03555417E-14	0	0	0.333333343	0.333333343	None
  6.566667	4.55346E-07	6.830196E-06	6.830196E-06	0.333333343	0.333333343	None
  6.60000038	4.55346E-07	0	0	0.333333343	0.333333343	None
  6.63333368	4.55346E-07	0	0	0.333333343	0.333333343	None
  6.666667	4.55346E-07	-6.830196E-06	-6.830196E-06	0.333333343	0.333333343	None
  6.70000029	2.03555417E-14	0	0	0.333333343	0.333333343	None
  6.73333359	4.55346E-07	6.830196E-06	6.830196E-06	0.333333343	0.333333343	None
  6.766667	4.55346E-07	0	0	0.333333343	0.333333343	None
  6.8	4.55346E-07	0	0	0.333333343	0.333333343	None
  6.83333349	4.55346E-07	-6.830196E-06	-6.830196E-06	0.333333343	0.333333343	None
  6.866667	2.03555417E-14	-9.777068E-11	-9.777068E-11	0.333333343	0.333333343	None
  6.90000057	4.55346E-07	6.8300983E-06	6.8300983E-06	0.333333343	0.333333343	None
  6.933334	4.55346E-07	-6.830196E-06	-6.830196E-06	0.333333343	0.333333343	None
  6.966667	2.03555417E-14	0	0	0.333333343	0.333333343	None
  7.00000048	4.55346E-07	6.830196E-06	6.830196E-06	0.333333343	0.333333343	None
  7.033334	4.55346E-07	0	0	0.333333343	0.333333343	None
  7.36666727	4.55346E-07	0	0	0.333333343	0.333333343	None
FLOAT UnityEngine.Animator||Right Eye In-Out discrete=False keys=87 pre=ClampForever post=ClampForever
  0	4.07111072E-14	0	0	0.333333343	0.333333343	None
  0.0333333351	4.07111072E-14	0	0	0.333333343	0.333333343	None
  0.06666667	4.07111072E-14	-1.60932523E-05	-1.60932523E-05	0.333333343	0.333333343	None
  0.100000009	-1.07288361E-06	3.637979E-12	3.637979E-12	0.333333343	0.333333343	None
  0.13333334	2.71190316E-29	1.60932559E-05	1.60932559E-05	0.333333343	0.333333343	None
  0.166666672	2.71190316E-29	6.10666357E-13	6.10666357E-13	0.333333343	0.333333343	None
  0.266666681	2.71190316E-29	-6.10666628E-13	-6.10666628E-13	0.333333343	0.333333343	None
  0.3	2.71190316E-29	-1.60932559E-05	-1.60932559E-05	0.333333343	0.333333343	None
  0.333333343	-1.07288361E-06	0	0	0.333333343	0.333333343	None
  0.366666675	4.07111072E-14	1.45519152E-11	1.45519152E-11	0.333333343	0.333333343	None
  0.400000036	-1.07288361E-06	1.45519152E-11	1.45519152E-11	0.333333343	0.333333343	None
  0.433333367	4.07111072E-14	1.60932559E-05	1.60932559E-05	0.333333343	0.333333343	None
  0.4666667	2.71190316E-29	5.421011E-19	5.421011E-19	0.333333343	0.333333343	None
  0.5666667	4.07111072E-14	0	0	0.333333343	0.333333343	None
  0.6	4.07111072E-14	-1.60932414E-05	-1.60932414E-05	0.333333343	0.333333343	None
  0.6333334	-1.07288361E-06	2.72848411E-11	2.72848411E-11	0.333333343	0.333333343	None
  0.6666667	4.07111072E-14	1.60932686E-05	1.60932686E-05	0.333333343	0.333333343	None
  0.700000048	4.07111072E-14	0	0	0.333333343	0.333333343	None
  2.10000014	4.07111072E-14	6.1066717E-13	6.1066717E-13	0.333333343	0.333333343	None
  2.13333344	4.07111072E-14	-1.60932686E-05	-1.60932686E-05	0.333333343	0.333333343	None
  2.16666675	-1.07288361E-06	0	0	0.333333343	0.333333343	None
  2.2	4.07111072E-14	1.60932686E-05	1.60932686E-05	0.333333343	0.333333343	None
  2.23333335	4.07111072E-14	0	0	0.333333343	0.333333343	None
  2.966667	2.71190316E-29	6.1066717E-13	6.1066717E-13	0.333333343	0.333333343	None
  3.00000024	4.07111072E-14	-1.60932686E-05	-1.60932686E-05	0.333333343	0.333333343	None
  3.03333354	-1.07288361E-06	0	0	0.333333343	0.333333343	None
  3.06666684	4.07111072E-14	1.60932686E-05	1.60932686E-05	0.333333343	0.333333343	None
  3.10000014	4.07111072E-14	-1.60932686E-05	-1.60932686E-05	0.333333343	0.333333343	None
  3.13333344	-1.07288361E-06	0	0	0.333333343	0.333333343	None
  3.16666675	2.71190316E-29	1.14596332E-10	1.14596332E-10	0.333333343	0.333333343	None
  3.20000029	-1.07288361E-06	1.14596332E-10	1.14596332E-10	0.333333343	0.333333343	None
  3.23333359	4.07111072E-14	1.60932686E-05	1.60932686E-05	0.333333343	0.333333343	None
  3.266667	4.07111072E-14	-6.1066717E-13	-6.1066717E-13	0.333333343	0.333333343	None
  4	4.07111072E-14	-6.10658442E-13	-6.10658442E-13	0.333333343	0.333333343	None
  4.033334	2.71190316E-29	-1.60932686E-05	-1.60932686E-05	0.333333343	0.333333343	None
  4.066667	-1.07288361E-06	0	0	0.333333343	0.333333343	None
  4.10000038	4.07111072E-14	1.60932686E-05	1.60932686E-05	0.333333343	0.333333343	None
  4.13333368	2.71190316E-29	0	0	0.333333343	0.333333343	None
  4.166667	4.07111072E-14	6.1066717E-13	6.1066717E-13	0.333333343	0.333333343	None
  4.20000029	4.07111072E-14	-1.60932686E-05	-1.60932686E-05	0.333333343	0.333333343	None
  4.23333359	-1.07288361E-06	0	0	0.333333343	0.333333343	None
  4.266667	2.71190316E-29	1.60932686E-05	1.60932686E-05	0.333333343	0.333333343	None
  4.3	4.07111072E-14	0	0	0.333333343	0.333333343	None
  4.666667	2.71190316E-29	6.1066717E-13	6.1066717E-13	0.333333343	0.333333343	None
  4.70000029	4.07111072E-14	-1.60932686E-05	-1.60932686E-05	0.333333343	0.333333343	None
  4.73333359	-1.07288361E-06	0	0	0.333333343	0.333333343	None
  4.766667	2.71190316E-29	1.60932686E-05	1.60932686E-05	0.333333343	0.333333343	None
  4.8	2.71190316E-29	0	0	0.333333343	0.333333343	None
  5.00000048	4.07111072E-14	0	0	0.333333343	0.333333343	None
  5.033334	4.07111072E-14	-1.60932686E-05	-1.60932686E-05	0.333333343	0.333333343	None
  5.066667	-1.07288361E-06	0	0	0.333333343	0.333333343	None
  5.10000038	4.07111072E-14	1.60932686E-05	1.60932686E-05	0.333333343	0.333333343	None
  5.13333368	2.71190316E-29	0	0	0.333333343	0.333333343	None
  5.20000029	4.07111072E-14	0	0	0.333333343	0.333333343	None
  5.23333359	4.07111072E-14	-1.60932686E-05	-1.60932686E-05	0.333333343	0.333333343	None
  5.266667	-1.07288361E-06	0	0	0.333333343	0.333333343	None
  5.3	4.07111072E-14	1.60932686E-05	1.60932686E-05	0.333333343	0.333333343	None
  5.33333349	4.07111072E-14	0	0	0.333333343	0.333333343	None
  5.366667	4.07111072E-14	-1.60932686E-05	-1.60932686E-05	0.333333343	0.333333343	None
  5.4	-1.07288361E-06	0	0	0.333333343	0.333333343	None
  5.4333334	4.07111072E-14	2.29192665E-10	2.29192665E-10	0.333333343	0.333333343	None
  5.466667	-1.07288361E-06	2.29192665E-10	2.29192665E-10	0.333333343	0.333333343	None
  5.50000048	4.07111072E-14	1.60932686E-05	1.60932686E-05	0.333333343	0.333333343	None
  5.533334	4.07111072E-14	0	0	0.333333343	0.333333343	None
  5.60000038	2.71190316E-29	-6.1066717E-13	-6.1066717E-13	0.333333343	0.333333343	None
  5.63333368	2.71190316E-29	-1.60932686E-05	-1.60932686E-05	0.333333343	0.333333343	None
  5.666667	-1.07288361E-06	0	0	0.333333343	0.333333343	None
  5.70000029	4.07111072E-14	0	0	0.333333343	0.333333343	None
  5.73333359	-1.07288361E-06	0	0	0.333333343	0.333333343	None
  5.766667	4.07111072E-14	1.60932686E-05	1.60932686E-05	0.333333343	0.333333343	None
  5.8	2.71190316E-29	0	0	0.333333343	0.333333343	None
  6.433334	4.07111072E-14	-6.1066717E-13	-6.1066717E-13	0.333333343	0.333333343	None
  6.466667	2.71190316E-29	-1.60932686E-05	-1.60932686E-05	0.333333343	0.333333343	None
  6.50000048	-1.07288361E-06	0	0	0.333333343	0.333333343	None
  6.533334	2.71190316E-29	1.60932686E-05	1.60932686E-05	0.333333343	0.333333343	None
  6.566667	4.07111072E-14	6.1066717E-13	6.1066717E-13	0.333333343	0.333333343	None
  6.83333349	4.07111072E-14	-6.1066717E-13	-6.1066717E-13	0.333333343	0.333333343	None
  6.866667	2.71190316E-29	-1.609304E-05	-1.609304E-05	0.333333343	0.333333343	None
  6.90000057	-1.07288361E-06	2.29192665E-10	2.29192665E-10	0.333333343	0.333333343	None
  6.933334	4.07111072E-14	1.60932686E-05	1.60932686E-05	0.333333343	0.333333343	None
  6.966667	2.71190316E-29	0	0	0.333333343	0.333333343	None
  7.10000038	4.07111072E-14	0	0	0.333333343	0.333333343	None
  7.13333368	4.07111072E-14	-1.60932686E-05	-1.60932686E-05	0.333333343	0.333333343	None
  7.166667	-1.07288361E-06	0	0	0.333333343	0.333333343	None
  7.20000029	4.07111072E-14	1.60932686E-05	1.60932686E-05	0.333333343	0.333333343	None
  7.23333359	4.07111072E-14	0	0	0.333333343	0.333333343	None
  7.36666727	4.07111072E-14	0	0	0.333333343	0.333333343	None
FLOAT UnityEngine.Animator||Right Foot Twist In-Out discrete=False keys=165 pre=ClampForever post=ClampForever
  0	-0.0227558967	-0.01613047	-0.01613047	0.333333343	0.333333343	None
  0.0333333351	-0.023293579	-0.04049398	-0.04049398	0.333333343	0.333333343	None
  0.06666667	-0.0254554953	-0.08161992	-0.08161992	0.333333343	0.333333343	None
  0.100000009	-0.0287349075	-0.0485432781	-0.0485432781	0.333333343	0.333333343	None
  0.13333334	-0.0286917146	0.002738396	0.002738396	0.333333343	0.333333343	None
  0.166666672	-0.0285523478	0.02696108	0.02696108	0.333333343	0.333333343	None
  0.233333349	-0.0253504161	0.0334135927	0.0334135927	0.333333343	0.333333343	None
  0.3	-0.0242180116	0.0120615037	0.0120615037	0.333333343	0.333333343	None
  0.333333343	-0.0238626357	0.022860134	0.022860134	0.333333343	0.333333343	None
  0.400000036	-0.02100461	0.04134643	0.04134643	0.333333343	0.333333343	None
  0.433333367	-0.019937573	0.03866645	0.03866645	0.333333343	0.333333343	None
  0.5	-0.01760574	0.006088129	0.006088129	0.333333343	0.333333343	None
  0.533333361	-0.0180209726	0.02563181	0.02563181	0.333333343	0.333333343	None
  0.5666667	-0.0158969518	0.0283451341	0.0283451341	0.333333343	0.333333343	None
  0.6	-0.0161312949	0.0100265443	0.0100265443	0.333333343	0.333333343	None
  0.6333334	-0.0152285146	0.0227612369	0.0227612369	0.333333343	0.333333343	None
  0.6666667	-0.0146138789	0.0414087065	0.0414087065	0.333333343	0.333333343	None
  0.700000048	-0.0124679329	0.06698768	0.06698768	0.333333343	0.333333343	None
  0.733333349	-0.0101480344	0.09950446	0.09950446	0.333333343	0.333333343	None
  0.7666667	-0.00583430054	0.360907435	0.360907435	0.333333343	0.333333343	None
  0.8000001	0.0139124794	0.7571731	0.7571731	0.333333343	0.333333343	None
  0.8333334	0.0446438938	1.409277	1.409277	0.333333343	0.333333343	None
  0.866666734	0.1078643	1.47546947	1.47546947	0.333333343	0.333333343	None
  0.900000036	0.143008545	-0.06719065	-0.06719065	0.333333343	0.333333343	None
  0.9333334	0.103384852	-4.873849	-4.873849	0.333333343	0.333333343	None
  0.9666667	-0.181914464	-6.65891361	-6.65891361	0.333333343	0.333333343	None
  1	-0.340542316	-0.240437269	-0.240437269	0.333333343	0.333333343	None
  1.03333342	-0.197943091	4.90148926	4.90148926	0.333333343	0.333333343	None
  1.06666672	-0.0137761859	3.60133362	3.60133362	0.333333343	0.333333343	None
  1.1	0.04214559	2.424896	2.424896	0.333333343	0.333333343	None
  1.13333344	0.147883773	3.434702	3.434702	0.333333343	0.333333343	None
  1.16666675	0.271125883	2.58373833	2.58373833	0.333333343	0.333333343	None
  1.2	0.320132822	1.03238952	1.03238952	0.333333343	0.333333343	None
  1.23333335	0.339951783	0.605807662	0.605807662	0.333333343	0.333333343	None
  1.30000007	0.379744142	0.473876148	0.473876148	0.333333343	0.333333343	None
  1.4000001	0.409745753	0.0836076662	0.0836076662	0.333333343	0.333333343	None
  1.4333334	0.4101949	0.163246989	0.163246989	0.333333343	0.333333343	None
  1.50000012	0.423619181	-0.411507756	-0.411507756	0.333333343	0.333333343	None
  1.53333342	0.393195063	-0.936888	-0.936888	0.333333343	0.333333343	None
  1.56666672	0.36116004	-1.0677712	-1.0677712	0.333333343	0.333333343	None
  1.60000014	0.322010249	-1.994385	-1.994385	0.333333343	0.333333343	None
  1.63333344	0.228201032	-5.81889868	-5.81889868	0.333333343	0.333333343	None
  1.66666675	-0.06591595	-8.714991	-8.714991	0.333333343	0.333333343	None
  1.7	-0.3527978	-1.49918127	-1.49918127	0.333333343	0.333333343	None
  1.73333347	-0.1658606	6.693248	6.693248	0.333333343	0.333333343	None
  1.76666677	0.09341894	4.90918827	4.90918827	0.333333343	0.333333343	None
  1.80000007	0.1614183	0.834175348	0.834175348	0.333333343	0.333333343	None
  1.83333337	0.149030581	0.5470282	0.5470282	0.333333343	0.333333343	None
  1.86666679	0.197886989	1.12515628	1.12515628	0.333333343	0.333333343	None
  1.9333334	0.231806412	-0.05168561	-0.05168561	0.333333343	0.333333343	None
  2	0.203841537	-0.482887864	-0.482887864	0.333333343	0.333333343	None
  2.03333354	0.188402817	-0.5167977	-0.5167977	0.333333343	0.333333343	None
  2.06666684	0.169388279	-0.515101731	-0.515101731	0.333333343	0.333333343	None
  2.13333344	0.138281152	-0.496150255	-0.496150255	0.333333343	0.333333343	None
  2.16666675	0.120986082	-0.6741485	-0.6741485	0.333333343	0.333333343	None
  2.2	0.09333796	-0.727281	-0.727281	0.333333343	0.333333343	None
  2.23333335	0.07250073	-0.490316123	-0.490316123	0.333333343	0.333333343	None
  2.266667	0.0606501661	-0.449316561	-0.449316561	0.333333343	0.333333343	None
  2.30000019	0.042546235	-0.6665871	-0.6665871	0.333333343	0.333333343	None
  2.33333349	0.0162110664	-0.665964842	-0.665964842	0.333333343	0.333333343	None
  2.36666679	-0.00185138255	-0.117655009	-0.117655009	0.333333343	0.333333343	None
  2.4	0.008367404	0.396166563	0.396166563	0.333333343	0.333333343	None
  2.4333334	0.0245596971	0.188189134	0.188189134	0.333333343	0.333333343	None
  2.4666667	0.0209133346	-0.577989936	-0.577989936	0.333333343	0.333333343	None
  2.50000024	-0.0139731774	-0.908394456	-0.908394456	0.333333343	0.333333343	None
  2.53333354	-0.039646484	-0.7469516	-0.7469516	0.333333343	0.333333343	None
  2.56666684	-0.0637699	-0.549269557	-0.549269557	0.333333343	0.333333343	None
  2.60000014	-0.07626442	-0.35433	-0.35433	0.333333343	0.333333343	None
  2.63333344	-0.0873918757	-0.5449059	-0.5449059	0.333333343	0.333333343	None
  2.66666675	-0.112591445	-0.448928	-0.448928	0.333333343	0.333333343	None
  2.7	-0.117320381	0.174408942	0.174408942	0.333333343	0.333333343	None
  2.73333359	-0.100964077	0.6882405	0.6882405	0.333333343	0.333333343	None
  2.766667	-0.0714376047	0.883890033	0.883890033	0.333333343	0.333333343	None
  2.80000019	-0.0420381278	0.808968544	0.808968544	0.333333343	0.333333343	None
  2.83333349	-0.0175064187	0.552924931	0.552924931	0.333333343	0.333333343	None
  2.86666679	-0.005176501	-0.271779776	-0.271779776	0.333333343	0.333333343	None
  2.9	-0.03562505	-0.9118584	-0.9118584	0.333333343	0.333333343	None
  2.9333334	-0.065967	0.377780259	0.377780259	0.333333343	0.333333343	None
  2.966667	-0.0104393288	1.85018682	1.85018682	0.333333343	0.333333343	None
  3.00000024	0.0573790669	2.3050642	2.3050642	0.333333343	0.333333343	None
  3.03333354	0.143231466	1.48926532	1.48926532	0.333333343	0.333333343	None
  3.06666684	0.156663328	0.104476169	0.104476169	0.333333343	0.333333343	None
  3.13333344	0.131295785	-0.6600952	-0.6600952	0.333333343	0.333333343	None
  3.16666675	0.106190234	-0.608463049	-0.608463049	0.333333343	0.333333343	None
  3.23333359	0.08751516	0.07479839	0.07479839	0.333333343	0.333333343	None
  3.266667	0.09571806	0.464201629	0.464201629	0.333333343	0.333333343	None
  3.30000019	0.118461907	0.631470263	0.631470263	0.333333343	0.333333343	None
  3.36666679	0.146017537	-0.0194585472	-0.0194585472	0.333333343	0.333333343	None
  3.4	0.1365188	-0.311752319	-0.311752319	0.333333343	0.333333343	None
  3.4333334	0.125234067	-0.4250468	-0.4250468	0.333333343	0.333333343	None
  3.466667	0.108182259	-0.463204145	-0.463204145	0.333333343	0.333333343	None
  3.50000024	0.0943537	-0.529657841	-0.529657841	0.333333343	0.333333343	None
  3.53333354	0.07287177	-0.8597595	-0.8597595	0.333333343	0.333333343	None
  3.56666684	0.0370364524	-0.947983146	-0.947983146	0.333333343	0.333333343	None
  3.60000014	0.009672955	-0.496890634	-0.496890634	0.333333343	0.333333343	None
  3.63333344	0.00391044328	0.262365431	0.262365431	0.333333343	0.333333343	None
  3.66666675	0.0271639675	0.7965674	0.7965674	0.333333343	0.333333343	None
  3.70000029	0.0570151	0.569251955	0.569251955	0.333333343	0.333333343	None
  3.73333359	0.0651142746	-0.04865185	-0.04865185	0.333333343	0.333333343	None
  3.766667	0.0537716448	-0.524239838	-0.524239838	0.333333343	0.333333343	None
  3.80000019	0.030164985	-0.5699708	-0.5699708	0.333333343	0.333333343	None
  3.83333349	0.0157736279	-0.3988917	-0.3988917	0.333333343	0.333333343	None
  3.86666679	0.00357223046	-0.4892062	-0.4892062	0.333333343	0.333333343	None
  3.9	-0.0168400872	-0.603899956	-0.603899956	0.333333343	0.333333343	None
  3.93333364	-0.03668787	-0.5718223	-0.5718223	0.333333343	0.333333343	None
  3.966667	-0.05496168	-0.3579737	-0.3579737	0.333333343	0.333333343	None
  4	-0.06055272	0.024174355	0.024174355	0.333333343	0.333333343	None
  4.033334	-0.0533499159	0.28804183	0.28804183	0.333333343	0.333333343	None
  4.066667	-0.0413498469	0.04599312	0.04599312	0.333333343	0.333333343	None
  4.10000038	-0.05028371	0.110442683	0.110442683	0.333333343	0.333333343	None
  4.13333368	-0.033987008	2.08929658	2.08929658	0.333333343	0.333333343	None
  4.166667	0.0890025944	3.0057137	3.0057137	0.333333343	0.333333343	None
  4.20000029	0.166393712	0.04548347	0.04548347	0.333333343	0.333333343	None
  4.23333359	0.09203482	-2.62562943	-2.62562943	0.333333343	0.333333343	None
  4.266667	-0.00864808	-2.72685838	-2.72685838	0.333333343	0.333333343	None
  4.3	-0.0897555649	-1.88383985	-1.88383985	0.333333343	0.333333343	None
  4.33333349	-0.134237289	-0.883903146	-0.883903146	0.333333343	0.333333343	None
  4.366667	-0.148682386	0.113419563	0.113419563	0.333333343	0.333333343	None
  4.4	-0.126676	0.6575525	0.6575525	0.333333343	0.333333343	None
  4.4333334	-0.1048456	0.5696763	0.5696763	0.333333343	0.333333343	None
  4.4666667	-0.08869761	-0.2809053	-0.2809053	0.333333343	0.333333343	None
  4.5	-0.1235726	-0.699353933	-0.699353933	0.333333343	0.333333343	None
  4.533334	-0.135321334	-0.246553063	-0.246553063	0.333333343	0.333333343	None
  4.566667	-0.140009627	0.0874666944	0.0874666944	0.333333343	0.333333343	None
  4.60000038	-0.129490227	0.2857929	0.2857929	0.333333343	0.333333343	None
  4.666667	-0.10956727	0.421337	0.421337	0.333333343	0.333333343	None
  4.70000029	-0.09286768	0.493687421	0.493687421	0.333333343	0.333333343	None
  4.83333349	-0.0347211547	0.365344524	0.365344524	0.333333343	0.333333343	None
  4.866667	-0.0231186226	0.285370946	0.285370946	0.333333343	0.333333343	None
  4.9	-0.0156964436	0.184051231	0.184051231	0.333333343	0.333333343	None
  4.9333334	-0.010848552	0.146766841	0.146766841	0.333333343	0.333333343	None
  4.9666667	-0.005911996	0.133619741	0.133619741	0.333333343	0.333333343	None
  5.00000048	-0.001940521	0.05924396	0.05924396	0.333333343	0.333333343	None
  5.033334	-0.001962346	0.0124503877	0.0124503877	0.333333343	0.333333343	None
  5.066667	-0.00111049588	0.0147786327	0.0147786327	0.333333343	0.333333343	None
  5.10000038	-0.0009771048	-0.06285462	-0.06285462	0.333333343	0.333333343	None
  5.13333368	-0.00530079938	-0.128775865	-0.128775865	0.333333343	0.333333343	None
  5.166667	-0.009562154	-0.135577321	-0.135577321	0.333333343	0.333333343	None
  5.266667	-0.0253232233	-0.173991382	-0.173991382	0.333333343	0.333333343	None
  5.3	-0.03126327	-0.131801024	-0.131801024	0.333333343	0.333333343	None
  5.366667	-0.0360608473	-0.05963713	-0.05963713	0.333333343	0.333333343	None
  5.466667	-0.0439864	-0.123492934	-0.123492934	0.333333343	0.333333343	None
  5.566667	-0.05871408	-0.130980387	-0.130980387	0.333333343	0.333333343	None
  5.8	-0.0770818144	-0.03840413	-0.03840413	0.333333343	0.333333343	None
  5.966667	-0.08179854	0.0140037145	0.0140037145	0.333333343	0.333333343	None
  6.00000048	-0.08103517	0.0606460348	0.0606460348	0.333333343	0.333333343	None
  6.066667	-0.0754325	0.03890738	0.03890738	0.333333343	0.333333343	None
  6.10000038	-0.07516165	0.05971195	0.05971195	0.333333343	0.333333343	None
  6.13333368	-0.07145171	0.117330216	0.117330216	0.333333343	0.333333343	None
  6.23333359	-0.0590433963	0.09659119	0.09659119	0.333333343	0.333333343	None
  6.266667	-0.05646311	0.155099154	0.155099154	0.333333343	0.333333343	None
  6.3	-0.0487034619	0.17838797	0.17838797	0.333333343	0.333333343	None
  6.33333349	-0.04457059	0.103703521	0.103703521	0.333333343	0.333333343	None
  6.433334	-0.03836184	0.0502178743	0.0502178743	0.333333343	0.333333343	None
  6.50000048	-0.0353265256	0.0241801925	0.0241801925	0.333333343	0.333333343	None
  6.60000038	-0.0356865637	-0.0194807351	-0.0194807351	0.333333343	0.333333343	None
  6.70000029	-0.03868846	-0.0251557361	-0.0251557361	0.333333343	0.333333343	None
  6.866667	-0.04051974	0.00616977969	0.00616977969	0.333333343	0.333333343	None
  6.966667	-0.0396385938	0.0151601946	0.0151601946	0.333333343	0.333333343	None
  7.13333368	-0.0378709324	0.014669463	0.014669463	0.333333343	0.333333343	None
  7.20000029	-0.03556951	0.07712655	0.07712655	0.333333343	0.333333343	None
  7.266667	-0.028379716	0.104656234	0.104656234	0.333333343	0.333333343	None
  7.3	-0.0251926351	0.08437408	0.08437408	0.333333343	0.333333343	None
  7.33333349	-0.0227547828	0.03656782	0.03656782	0.333333343	0.333333343	None
  7.36666727	-0.0227547828	0	0	0.333333343	0.333333343	None
FLOAT UnityEngine.Animator||Right Foot Up-Down discrete=False keys=111 pre=ClampForever post=ClampForever
  0	-0.132565275	-0.0108061722	-0.0108061722	0.333333343	0.333333343	None
  0.200000018	-0.136570036	-0.0126372278	-0.0126372278	0.333333343	0.333333343	None
  0.400000036	-0.145066559	-0.06362735	-0.06362735	0.333333343	0.333333343	None
  0.6	-0.168412715	-0.155101657	-0.155101657	0.333333343	0.333333343	None
  0.733333349	-0.189258978	-0.156694889	-0.156694889	0.333333343	0.333333343	None
  0.8333334	-0.189953685	0.347691953	0.347691953	0.333333343	0.333333343	None
  0.866666734	-0.172293335	0.85175997	0.85175997	0.333333343	0.333333343	None
  0.900000036	-0.133169711	1.20525539	1.20525539	0.333333343	0.333333343	None
  0.9333334	-0.09194298	0.285922557	0.285922557	0.333333343	0.333333343	None
  0.9666667	-0.114108153	-1.41088843	-1.41088843	0.333333343	0.333333343	None
  1	-0.18600212	-1.084783	-1.084783	0.333333343	0.333333343	None
  1.03333342	-0.186426952	1.49341023	1.49341023	0.333333343	0.333333343	None
  1.06666672	-0.08644154	2.983449	2.983449	0.333333343	0.333333343	None
  1.1	0.0124694463	0.317439556	0.317439556	0.333333343	0.333333343	None
  1.13333344	-0.0652792	-1.44686723	-1.44686723	0.333333343	0.333333343	None
  1.16666675	-0.0839885548	0.0696121752	0.0696121752	0.333333343	0.333333343	None
  1.2	-0.0606383942	0.244327009	0.244327009	0.333333343	0.333333343	None
  1.23333335	-0.0677001	-0.4981543	-0.4981543	0.333333343	0.333333343	None
  1.26666677	-0.09384874	-0.6102691	-0.6102691	0.333333343	0.333333343	None
  1.30000007	-0.108384766	-0.208097816	-0.208097816	0.333333343	0.333333343	None
  1.33333337	-0.107721917	0.0112357792	0.0112357792	0.333333343	0.333333343	None
  1.36666679	-0.107635714	-0.117969811	-0.117969811	0.333333343	0.333333343	None
  1.4333334	-0.130569056	-0.5211787	-0.5211787	0.333333343	0.333333343	None
  1.4666667	-0.15033178	-0.7309339	-0.7309339	0.333333343	0.333333343	None
  1.50000012	-0.179298043	-0.9530655	-0.9530655	0.333333343	0.333333343	None
  1.53333342	-0.213869527	-0.7634607	-0.7634607	0.333333343	0.333333343	None
  1.56666672	-0.230195373	0.39760536	0.39760536	0.333333343	0.333333343	None
  1.60000014	-0.187362373	1.949698	1.949698	0.333333343	0.333333343	None
  1.63333344	-0.100215472	1.93479121	1.93479121	0.333333343	0.333333343	None
  1.66666675	-0.0583764128	-0.0104032755	-0.0104032755	0.333333343	0.333333343	None
  1.7	-0.100909024	-0.6965809	-0.6965809	0.333333343	0.333333343	None
  1.73333347	-0.104815111	0.9840549	0.9840549	0.333333343	0.333333343	None
  1.76666677	-0.03530544	-0.007904172	-0.007904172	0.333333343	0.333333343	None
  1.80000007	-0.105342053	-2.4162364	-2.4162364	0.333333343	0.333333343	None
  1.83333337	-0.196387708	-1.96534717	-1.96534717	0.333333343	0.333333343	None
  1.86666679	-0.236365214	-0.665491164	-0.665491164	0.333333343	0.333333343	None
  1.9000001	-0.240753889	-0.16200915	-0.16200915	0.333333343	0.333333343	None
  1.9333334	-0.247165814	-0.2474357	-0.2474357	0.333333343	0.333333343	None
  2	-0.2622323	-0.06727018	-0.06727018	0.333333343	0.333333343	None
  2.06666684	-0.262136132	0.0138290357	0.0138290357	0.333333343	0.333333343	None
  2.16666675	-0.2528566	0.0005172193	0.0005172193	0.333333343	0.333333343	None
  2.266667	-0.264791548	-0.167905331	-0.167905331	0.333333343	0.333333343	None
  2.33333349	-0.262581855	0.5096198	0.5096198	0.333333343	0.333333343	None
  2.36666679	-0.235802591	1.07108927	1.07108927	0.333333343	0.333333343	None
  2.4	-0.191175967	1.26353765	1.26353765	0.333333343	0.333333343	None
  2.4333334	-0.151566833	0.9882265	0.9882265	0.333333343	0.333333343	None
  2.4666667	-0.125294268	0.5614898	0.5614898	0.333333343	0.333333343	None
  2.53333354	-0.11117167	0.1043026	0.1043026	0.333333343	0.333333343	None
  2.60000014	-0.102139764	0.14567259	0.14567259	0.333333343	0.333333343	None
  2.66666675	-0.08774457	0.424727082	0.424727082	0.333333343	0.333333343	None
  2.7	-0.0691540241	0.704285145	0.704285145	0.333333343	0.333333343	None
  2.73333359	-0.04079207	0.875168264	0.875168264	0.333333343	0.333333343	None
  2.766667	-0.0108093256	0.7588979	0.7588979	0.333333343	0.333333343	None
  2.80000019	0.009801075	0.3210783	0.3210783	0.333333343	0.333333343	None
  2.83333349	0.0105958749	-0.4317837	-0.4317837	0.333333343	0.333333343	None
  2.86666679	-0.018984478	-1.24770939	-1.24770939	0.333333343	0.333333343	None
  2.9	-0.0725846738	-1.34100258	-1.34100258	0.333333343	0.333333343	None
  2.9333334	-0.108384565	-1.1608026	-1.1608026	0.333333343	0.333333343	None
  2.966667	-0.149971738	-0.9343976	-0.9343976	0.333333343	0.333333343	None
  3.00000024	-0.170677975	-0.24100855	-0.24100855	0.333333343	0.333333343	None
  3.03333354	-0.16603896	-0.03605608	-0.03605608	0.333333343	0.333333343	None
  3.06666684	-0.173081711	-0.156657919	-0.156657919	0.333333343	0.333333343	None
  3.13333344	-0.178358153	-0.04819487	-0.04819487	0.333333343	0.333333343	None
  3.16666675	-0.1796958	0.039266482	0.039266482	0.333333343	0.333333343	None
  3.23333359	-0.172388017	0.0342265852	0.0342265852	0.333333343	0.333333343	None
  3.266667	-0.173458591	0.0452343822	0.0452343822	0.333333343	0.333333343	None
  3.33333349	-0.165549889	-0.0405163728	-0.0405163728	0.333333343	0.333333343	None
  3.36666679	-0.172073483	-0.201143742	-0.201143742	0.333333343	0.333333343	None
  3.4333334	-0.191232443	-0.4464708	-0.4464708	0.333333343	0.333333343	None
  3.56666684	-0.261428773	-0.400506943	-0.400506943	0.333333343	0.333333343	None
  3.63333344	-0.2699274	0.2693182	0.2693182	0.333333343	0.333333343	None
  3.66666675	-0.253684074	0.427406669	0.427406669	0.333333343	0.333333343	None
  3.70000029	-0.241433576	0.230589539	0.230589539	0.333333343	0.333333343	None
  3.80000019	-0.2361261	0.103457145	0.103457145	0.333333343	0.333333343	None
  3.86666679	-0.22108911	0.291196525	0.291196525	0.333333343	0.333333343	None
  3.9	-0.211570114	0.151176542	0.151176542	0.333333343	0.333333343	None
  3.966667	-0.210960746	0.09377458	0.09377458	0.333333343	0.333333343	None
  4.033334	-0.193173349	0.474082649	0.474082649	0.333333343	0.333333343	None
  4.066667	-0.173153445	0.8567178	0.8567178	0.333333343	0.333333343	None
  4.10000038	-0.136058882	1.22822678	1.22822678	0.333333343	0.333333343	None
  4.13333368	-0.0912717357	1.15587318	1.15587318	0.333333343	0.333333343	None
  4.166667	-0.05900074	0.5333882	0.5333882	0.333333343	0.333333343	None
  4.20000029	-0.05571256	-0.46770823	-0.46770823	0.333333343	0.333333343	None
  4.23333359	-0.09018126	-0.969256341	-0.969256341	0.333333343	0.333333343	None
  4.266667	-0.120329589	-0.9086414	-0.9086414	0.333333343	0.333333343	None
  4.3	-0.1507573	-0.760859132	-0.760859132	0.333333343	0.333333343	None
  4.33333349	-0.171053484	-0.39159283	-0.39159283	0.333333343	0.333333343	None
  4.366667	-0.176863462	-0.03343913	-0.03343913	0.333333343	0.333333343	None
  4.4	-0.173282757	0.4908979	0.4908979	0.333333343	0.333333343	None
  4.4333334	-0.144136965	0.393022656	0.393022656	0.333333343	0.333333343	None
  4.4666667	-0.147081271	0.136571735	0.136571735	0.333333343	0.333333343	None
  4.5	-0.135032192	0.160725787	0.160725787	0.333333343	0.333333343	None
  4.533334	-0.136366248	-0.1373142	-0.1373142	0.333333343	0.333333343	None
  4.566667	-0.144186482	-0.315485537	-0.315485537	0.333333343	0.333333343	None
  4.60000038	-0.1573986	-0.339913547	-0.339913547	0.333333343	0.333333343	None
  4.666667	-0.176264539	-0.258190572	-0.258190572	0.333333343	0.333333343	None
  4.83333349	-0.205207869	-0.110378593	-0.110378593	0.333333343	0.333333343	None
  5.00000048	-0.232262164	-0.171887487	-0.171887487	0.333333343	0.333333343	None
  5.3	-0.231474087	0.08612537	0.08612537	0.333333343	0.333333343	None
  5.50000048	-0.227095068	0.008658626	0.008658626	0.333333343	0.333333343	None
  5.70000029	-0.238148689	-0.08437365	-0.08437365	0.333333343	0.333333343	None
  5.933334	-0.24722223	-0.0177729763	-0.0177729763	0.333333343	0.333333343	None
  6.10000038	-0.246391162	0.0304831117	0.0304831117	0.333333343	0.333333343	None
  6.40000057	-0.212601438	0.117934249	0.117934249	0.333333343	0.333333343	None
  6.70000029	-0.17892	0.0484277755	0.0484277755	0.333333343	0.333333343	None
  6.933334	-0.158225924	0.111476958	0.111476958	0.333333343	0.333333343	None
  7.066667	-0.146980211	0.05903704	0.05903704	0.333333343	0.333333343	None
  7.13333368	-0.1459358	-0.03568079	-0.03568079	0.333333343	0.333333343	None
  7.20000029	-0.146513432	0.08809322	0.08809322	0.333333343	0.333333343	None
  7.3	-0.133361086	0.06269066	0.06269066	0.333333343	0.333333343	None
  7.36666727	-0.132559925	0	0	0.333333343	0.333333343	None
FLOAT UnityEngine.Animator||Right Forearm Stretch discrete=False keys=70 pre=ClampForever post=ClampForever
  0	0.814191461	-0.0214111786	-0.0214111786	0.333333343	0.333333343	None
  0.733333349	0.7903313	-0.0600331947	-0.0600331947	0.333333343	0.333333343	None
  0.8000001	0.7827549	-0.2600537	-0.2600537	0.333333343	0.333333343	None
  0.866666734	0.727671742	-1.932585	-1.932585	0.333333343	0.333333343	None
  0.9333334	0.5438583	-2.757566	-2.757566	0.333333343	0.333333343	None
  0.9666667	0.457805961	-2.27258921	-2.27258921	0.333333343	0.333333343	None
  1.03333342	0.333078831	-1.9179095	-1.9179095	0.333333343	0.333333343	None
  1.1	0.18577075	-2.65294647	-2.65294647	0.333333343	0.333333343	None
  1.13333344	0.0876285	-3.206921	-3.206921	0.333333343	0.333333343	None
  1.16666675	-0.0280241333	-3.57515526	-3.57515526	0.333333343	0.333333343	None
  1.2	-0.150714964	-3.49680042	-3.49680042	0.333333343	0.333333343	None
  1.30000007	-0.445931762	-2.29695225	-2.29695225	0.333333343	0.333333343	None
  1.4666667	-0.654987335	-0.166348144	-0.166348144	0.333333343	0.333333343	None
  1.56666672	-0.6378752	-0.104518026	-0.104518026	0.333333343	0.333333343	None
  1.63333344	-0.657772064	-0.117478184	-0.117478184	0.333333343	0.333333343	None
  1.76666677	-0.665998	-0.1677607	-0.1677607	0.333333343	0.333333343	None
  1.86666679	-0.6675124	0.226913854	0.226913854	0.333333343	0.333333343	None
  2.03333354	-0.613168061	0.110646859	0.110646859	0.333333343	0.333333343	None
  2.33333349	-0.620874345	0.03490809	0.03490809	0.333333343	0.333333343	None
  2.4666667	-0.6024939	-0.00356452167	-0.00356452167	0.333333343	0.333333343	None
  2.80000019	-0.5853305	0.00661344	0.00661344	0.333333343	0.333333343	None
  3.03333354	-0.565534234	-0.0008073456	-0.0008073456	0.333333343	0.333333343	None
  3.33333349	-0.556230068	-0.0130945565	-0.0130945565	0.333333343	0.333333343	None
  3.50000024	-0.5483844	0.03813658	0.03813658	0.333333343	0.333333343	None
  3.70000029	-0.5524599	-0.07038173	-0.07038173	0.333333343	0.333333343	None
  3.966667	-0.5476876	-0.06013544	-0.06013544	0.333333343	0.333333343	None
  4.4	-0.542962849	0.008496352	0.008496352	0.333333343	0.333333343	None
  4.666667	-0.529145241	0.0779093057	0.0779093057	0.333333343	0.333333343	None
  4.766667	-0.528433	0.0450611562	0.0450611562	0.333333343	0.333333343	None
  4.866667	-0.488850951	0.620008	0.620008	0.333333343	0.333333343	None
  4.9	-0.4688817	0.9221368	0.9221368	0.333333343	0.333333343	None
  4.9666667	-0.380895585	1.20409513	1.20409513	0.333333343	0.333333343	None
  5.066667	-0.295910627	0.7190379	0.7190379	0.333333343	0.333333343	None
  5.13333368	-0.251938283	0.5799484	0.5799484	0.333333343	0.333333343	None
  5.20000029	-0.22507064	0.07830694	0.07830694	0.333333343	0.333333343	None
  5.23333359	-0.2285535	-0.151017234	-0.151017234	0.333333343	0.333333343	None
  5.266667	-0.235138446	0.0470386073	0.0470386073	0.333333343	0.333333343	None
  5.33333349	-0.209225833	0.321351767	0.321351767	0.333333343	0.333333343	None
  5.4	-0.208304062	-0.188384458	-0.188384458	0.333333343	0.333333343	None
  5.4333334	-0.216553122	-0.125383541	-0.125383541	0.333333343	0.333333343	None
  5.60000038	-0.1745541	0.321808815	0.321808815	0.333333343	0.333333343	None
  5.70000029	-0.146787316	0.257226557	0.257226557	0.333333343	0.333333343	None
  5.766667	-0.122594684	0.542494953	0.542494953	0.333333343	0.333333343	None
  5.8	-0.101562992	0.6831279	0.6831279	0.333333343	0.333333343	None
  5.83333349	-0.07705287	0.8466786	0.8466786	0.333333343	0.333333343	None
  5.866667	-0.0451178066	1.04604578	1.04604578	0.333333343	0.333333343	None
  5.9	-0.00731654465	1.14277577	1.14277577	0.333333343	0.333333343	None
  5.933334	0.0310677215	1.20170879	1.20170879	0.333333343	0.333333343	None
  5.966667	0.07279784	1.25804687	1.25804687	0.333333343	0.333333343	None
  6.00000048	0.114937432	1.07675469	1.07675469	0.333333343	0.333333343	None
  6.066667	0.1561953	0.05842661	0.05842661	0.333333343	0.333333343	None
  6.10000038	0.148476526	-0.549000442	-0.549000442	0.333333343	0.333333343	None
  6.13333368	0.119595304	-1.07554567	-1.07554567	0.333333343	0.333333343	None
  6.166667	0.07677355	-1.46385479	-1.46385479	0.333333343	0.333333343	None
  6.20000029	0.02200508	-1.64712667	-1.64712667	0.333333343	0.333333343	None
  6.23333359	-0.033034794	-1.54564023	-1.54564023	0.333333343	0.333333343	None
  6.3	-0.117603853	-0.8878113	-0.8878113	0.333333343	0.333333343	None
  6.366667	-0.14932318	-0.0258525163	-0.0258525163	0.333333343	0.333333343	None
  6.433334	-0.121522374	0.7665281	0.7665281	0.333333343	0.333333343	None
  6.466667	-0.09084644	1.119088	1.119088	0.333333343	0.333333343	None
  6.50000048	-0.046916578	1.441893	1.441893	0.333333343	0.333333343	None
  6.533334	0.005279665	1.66717088	1.66717088	0.333333343	0.333333343	None
  6.60000038	0.129466116	2.04748726	2.04748726	0.333333343	0.333333343	None
  6.63333368	0.20072706	2.08590078	2.08590078	0.333333343	0.333333343	None
  6.73333359	0.3979155	1.79606509	1.79606509	0.333333343	0.333333343	None
  6.90000057	0.6671624	1.230207	1.230207	0.333333343	0.333333343	None
  7.033334	0.7457375	0.175268218	0.175268218	0.333333343	0.333333343	None
  7.166667	0.8046156	0.6181648	0.6181648	0.333333343	0.333333343	None
  7.3	0.8225136	-0.21553269	-0.21553269	0.333333343	0.333333343	None
  7.36666727	0.8141676	1.78811547E-06	1.78811547E-06	0.333333343	0.333333343	None
FLOAT UnityEngine.Animator||Right Forearm Twist In-Out discrete=False keys=130 pre=ClampForever post=ClampForever
  0	0.00544110825	0.007050563	0.007050563	0.333333343	0.333333343	None
  0.0333333351	0.005676127	0.00369755761	0.00369755761	0.333333343	0.333333343	None
  0.06666667	0.005687612	0.008401131	0.008401131	0.333333343	0.333333343	None
  0.100000009	0.00623620255	0.0233449116	0.0233449116	0.333333343	0.333333343	None
  0.13333334	0.00724393968	0.0287426859	0.0287426859	0.333333343	0.333333343	None
  0.200000018	0.009345869	0.0457683131	0.0457683131	0.333333343	0.333333343	None
  0.233333349	0.0112036029	0.0513673648	0.0513673648	0.333333343	0.333333343	None
  0.266666681	0.0127703594	0.0514856353	0.0514856353	0.333333343	0.333333343	None
  0.333333343	0.0166454986	0.05881758	0.05881758	0.333333343	0.333333343	None
  0.366666675	0.01855715	0.0670958459	0.0670958459	0.333333343	0.333333343	None
  0.433333367	0.0237110276	0.0727934539	0.0727934539	0.333333343	0.333333343	None
  0.533333361	0.0314625427	0.09728051	0.09728051	0.333333343	0.333333343	None
  0.6	0.0382125042	0.0986596942	0.0986596942	0.333333343	0.333333343	None
  0.6666667	0.04533805	0.119913071	0.119913071	0.333333343	0.333333343	None
  0.700000048	0.0495724976	0.116026431	0.116026431	0.333333343	0.333333343	None
  0.7666667	0.05663623	0.09827136	0.09827136	0.333333343	0.333333343	None
  0.8000001	0.0596245751	0.04775491	0.04775491	0.333333343	0.333333343	None
  0.8333334	0.059819892	-0.254833728	-0.254833728	0.333333343	0.333333343	None
  0.866666734	0.0426356457	-0.736345768	-0.736345768	0.333333343	0.333333343	None
  0.900000036	0.0107301865	-0.3132382	-0.3132382	0.333333343	0.333333343	None
  0.9333334	0.0217531361	1.24307466	1.24307466	0.333333343	0.333333343	None
  0.9666667	0.09360176	1.522357	1.522357	0.333333343	0.333333343	None
  1	0.1232435	-1.33558178	-1.33558178	0.333333343	0.333333343	None
  1.03333342	0.004562644	-3.67160082	-3.67160082	0.333333343	0.333333343	None
  1.06666672	-0.121530071	-1.35987079	-1.35987079	0.333333343	0.333333343	None
  1.1	-0.08609532	2.87212253	2.87212253	0.333333343	0.333333343	None
  1.13333344	0.06994514	3.60100317	3.60100317	0.333333343	0.333333343	None
  1.16666675	0.1539719	0.9151514	0.9151514	0.333333343	0.333333343	None
  1.2	0.130955175	0.9641636	0.9641636	0.333333343	0.333333343	None
  1.23333335	0.21824941	4.067216	4.067216	0.333333343	0.333333343	None
  1.26666677	0.4021033	4.18244839	4.18244839	0.333333343	0.333333343	None
  1.30000007	0.49707967	3.062314	3.062314	0.333333343	0.333333343	None
  1.33333337	0.6062574	4.404007	4.404007	0.333333343	0.333333343	None
  1.36666679	0.7906805	5.7515707	5.7515707	0.333333343	0.333333343	None
  1.4000001	0.9896957	4.709858	4.709858	0.333333343	0.333333343	None
  1.4333334	1.10467076	2.2753942	2.2753942	0.333333343	0.333333343	None
  1.4666667	1.14138854	0.867281258	0.867281258	0.333333343	0.333333343	None
  1.53333342	1.15351248	-0.7657285	-0.7657285	0.333333343	0.333333343	None
  1.56666672	1.111441	-0.9899994	-0.9899994	0.333333343	0.333333343	None
  1.66666675	1.076313	0.55582577	0.55582577	0.333333343	0.333333343	None
  1.7	1.1095978	0.409228921	0.409228921	0.333333343	0.333333343	None
  1.73333347	1.1035949	-0.0588009059	-0.0588009059	0.333333343	0.333333343	None
  1.83333337	1.11519253	-0.0794737	-0.0794737	0.333333343	0.333333343	None
  1.9000001	1.11852324	0.3157249	0.3157249	0.333333343	0.333333343	None
  1.96666682	1.11668575	-0.863026261	-0.863026261	0.333333343	0.333333343	None
  2.03333354	1.042293	-0.7293024	-0.7293024	0.333333343	0.333333343	None
  2.2	1.0569073	-0.03077212	-0.03077212	0.333333343	0.333333343	None
  2.33333349	1.05547047	0.174220368	0.174220368	0.333333343	0.333333343	None
  2.4666667	1.07301259	0.245051563	0.245051563	0.333333343	0.333333343	None
  2.60000014	1.06574523	-0.05993849	-0.05993849	0.333333343	0.333333343	None
  2.7	1.04147124	-0.124050081	-0.124050081	0.333333343	0.333333343	None
  2.86666679	1.03090584	-0.136917949	-0.136917949	0.333333343	0.333333343	None
  3.00000024	1.03122342	-0.08799442	-0.08799442	0.333333343	0.333333343	None
  3.23333359	1.02120006	-0.0828392059	-0.0828392059	0.333333343	0.333333343	None
  3.33333349	0.983226359	-0.115421824	-0.115421824	0.333333343	0.333333343	None
  3.4333334	0.990475833	-0.105044715	-0.105044715	0.333333343	0.333333343	None
  3.56666684	0.971972466	0.168112978	0.168112978	0.333333343	0.333333343	None
  3.63333344	0.9846292	-0.149663836	-0.149663836	0.333333343	0.333333343	None
  3.80000019	0.9409524	0.03549907	0.03549907	0.333333343	0.333333343	None
  3.93333364	0.9523587	0.241534129	0.241534129	0.333333343	0.333333343	None
  4.166667	0.9603291	0.09523013	0.09523013	0.333333343	0.333333343	None
  4.366667	0.9642716	0.09272495	0.09272495	0.333333343	0.333333343	None
  4.5	0.9580718	0.0567288324	0.0567288324	0.333333343	0.333333343	None
  4.63333368	0.95590955	0.09923467	0.09923467	0.333333343	0.333333343	None
  4.73333359	0.955779	-0.05300408	-0.05300408	0.333333343	0.333333343	None
  4.766667	0.9548149	-0.353776544	-0.353776544	0.333333343	0.333333343	None
  4.83333349	0.7839356	-7.534408	-7.534408	0.333333343	0.333333343	None
  4.866667	0.429900527	-11.6142159	-11.6142159	0.333333343	0.333333343	None
  4.9	0.00965526048	-9.314447	-9.314447	0.333333343	0.333333343	None
  4.9333334	-0.191062018	-3.3868103	-3.3868103	0.333333343	0.333333343	None
  4.9666667	-0.216131866	-0.6384717	-0.6384717	0.333333343	0.333333343	None
  5.00000048	-0.233627	-0.8705437	-0.8705437	0.333333343	0.333333343	None
  5.033334	-0.2741683	-1.60710132	-1.60710132	0.333333343	0.333333343	None
  5.066667	-0.340767	-1.49589527	-1.49589527	0.333333343	0.333333343	None
  5.13333368	-0.385085762	-0.396182328	-0.396182328	0.333333343	0.333333343	None
  5.23333359	-0.432729542	-0.3186749	-0.3186749	0.333333343	0.333333343	None
  5.266667	-0.4413149	-0.3814078	-0.3814078	0.333333343	0.333333343	None
  5.33333349	-0.468744338	0.0293357968	0.0293357968	0.333333343	0.333333343	None
  5.4	-0.442496777	0.2148237	0.2148237	0.333333343	0.333333343	None
  5.4333334	-0.441879421	0.169785276	0.169785276	0.333333343	0.333333343	None
  5.466667	-0.431177616	0.5461076	0.5461076	0.333333343	0.333333343	None
  5.533334	-0.377951622	0.8399775	0.8399775	0.333333343	0.333333343	None
  5.60000038	-0.31206283	1.37111616	1.37111616	0.333333343	0.333333343	None
  5.63333368	-0.258066028	1.42359829	1.42359829	0.333333343	0.333333343	None
  5.666667	-0.217156366	0.908456147	0.908456147	0.333333343	0.333333343	None
  5.70000029	-0.197502345	0.6110697	0.6110697	0.333333343	0.333333343	None
  5.73333359	-0.176418424	0.776653767	0.776653767	0.333333343	0.333333343	None
  5.766667	-0.145725474	0.7098954	0.7098954	0.333333343	0.333333343	None
  5.8	-0.129092112	0.26792255	0.26792255	0.333333343	0.333333343	None
  5.83333349	-0.127863988	0.0624748543	0.0624748543	0.333333343	0.333333343	None
  5.9	-0.119573377	0.1988444	0.1988444	0.333333343	0.333333343	None
  5.933334	-0.111670732	0.325226516	0.325226516	0.333333343	0.333333343	None
  5.966667	-0.09789152	0.315434456	0.315434456	0.333333343	0.333333343	None
  6.00000048	-0.09064179	0.166474029	0.166474029	0.333333343	0.333333343	None
  6.033334	-0.08679326	0.511746764	0.511746764	0.333333343	0.333333343	None
  6.066667	-0.056525372	1.56878889	1.56878889	0.333333343	0.333333343	None
  6.10000038	0.0177925676	2.46832156	2.46832156	0.333333343	0.333333343	None
  6.13333368	0.108029239	2.48194885	2.48194885	0.333333343	0.333333343	None
  6.166667	0.183255658	1.84942317	1.84942317	0.333333343	0.333333343	None
  6.3	0.24854435	-0.5389515	-0.5389515	0.333333343	0.333333343	None
  6.33333349	0.225382268	-0.799970746	-0.799970746	0.333333343	0.333333343	None
  6.366667	0.19521302	-1.13321209	-1.13321209	0.333333343	0.333333343	None
  6.40000057	0.149834216	-1.09375858	-1.09375858	0.333333343	0.333333343	None
  6.466667	0.103221409	-0.5192369	-0.5192369	0.333333343	0.333333343	None
  6.50000048	0.08767944	-0.5735374	-0.5735374	0.333333343	0.333333343	None
  6.533334	0.06498562	-0.858394861	-0.858394861	0.333333343	0.333333343	None
  6.566667	0.0304531679	-0.8743909	-0.8743909	0.333333343	0.333333343	None
  6.60000038	0.00669294735	-0.5110918	-0.5110918	0.333333343	0.333333343	None
  6.63333368	-0.00361958845	-0.158836514	-0.158836514	0.333333343	0.333333343	None
  6.666667	-0.003896144	0.009118866	0.009118866	0.333333343	0.333333343	None
  6.70000029	-0.00301166461	0.06632025	0.06632025	0.333333343	0.333333343	None
  6.73333359	0.0005252017	0.178881884	0.178881884	0.333333343	0.333333343	None
  6.766667	0.008913783	0.36789155	0.36789155	0.333333343	0.333333343	None
  6.8	0.02505128	0.56112504	0.56112504	0.333333343	0.333333343	None
  6.83333349	0.04632208	0.561840653	0.561840653	0.333333343	0.333333343	None
  6.866667	0.06250729	0.299984366	0.299984366	0.333333343	0.333333343	None
  6.90000057	0.066321075	-0.06963533	-0.06963533	0.333333343	0.333333343	None
  6.933334	0.05786499	-0.301017344	-0.301017344	0.333333343	0.333333343	None
  6.966667	0.04625327	-0.349263549	-0.349263549	0.333333343	0.333333343	None
  7.033334	0.0278048627	-0.06396569	-0.06396569	0.333333343	0.333333343	None
  7.066667	0.0303164	0.363557965	0.363557965	0.333333343	0.333333343	None
  7.10000038	0.0520420372	0.691730857	0.691730857	0.333333343	0.333333343	None
  7.13333368	0.0764317438	0.460190833	0.460190833	0.333333343	0.333333343	None
  7.166667	0.0827214	-0.28093797	-0.28093797	0.333333343	0.333333343	None
  7.20000029	0.0577025637	-0.7964885	-0.7964885	0.333333343	0.333333343	None
  7.23333359	0.02962221	-0.8018433	-0.8018433	0.333333343	0.333333343	None
  7.266667	0.004246398	-0.489634633	-0.489634633	0.333333343	0.333333343	None
  7.3	-0.00302006816	0.0194666684	0.0194666684	0.333333343	0.333333343	None
  7.33333349	0.005544174	0.128463686	0.128463686	0.333333343	0.333333343	None
  7.36666727	0.005544169	-1.53666178E-07	-1.53666178E-07	0.333333343	0.333333343	None
FLOAT UnityEngine.Animator||Right Hand Down-Up discrete=False keys=184 pre=ClampForever post=ClampForever
  0	-0.035856124	-0.008369945	-0.008369945	0.333333343	0.333333343	None
  0.06666667	-0.0371971577	-0.03390267	-0.03390267	0.333333343	0.333333343	None
  0.166666672	-0.0420168526	-0.0774198249	-0.0774198249	0.333333343	0.333333343	None
  0.233333349	-0.0482605435	-0.101383656	-0.101383656	0.333333343	0.333333343	None
  0.3	-0.0566913448	-0.154857248	-0.154857248	0.333333343	0.333333343	None
  0.366666675	-0.067275	-0.1523802	-0.1523802	0.333333343	0.333333343	None
  0.6	-0.113140389	-0.2264122	-0.2264122	0.333333343	0.333333343	None
  0.6333334	-0.1208607	-0.185059652	-0.185059652	0.333333343	0.333333343	None
  0.6666667	-0.1254777	-0.162955031	-0.162955031	0.333333343	0.333333343	None
  0.8000001	-0.157785624	-0.318778336	-0.318778336	0.333333343	0.333333343	None
  0.8333334	-0.1691623	-0.412843764	-0.412843764	0.333333343	0.333333343	None
  0.866666734	-0.185308546	-0.4521073	-0.4521073	0.333333343	0.333333343	None
  0.900000036	-0.199302793	0.04664968	0.04664968	0.333333343	0.333333343	None
  0.9333334	-0.182198539	0.7738333	0.7738333	0.333333343	0.333333343	None
  0.9666667	-0.147713929	0.394618154	0.394618154	0.333333343	0.333333343	None
  1	-0.155890688	-1.18181765	-1.18181765	0.333333343	0.333333343	None
  1.03333342	-0.226501957	-1.95709848	-1.95709848	0.333333343	0.333333343	None
  1.06666672	-0.286364049	-0.7418302	-0.7418302	0.333333343	0.333333343	None
  1.1	-0.275957257	1.05955589	1.05955589	0.333333343	0.333333343	None
  1.13333344	-0.215726838	1.56577134	1.56577134	0.333333343	0.333333343	None
  1.16666675	-0.171572387	0.9624307	0.9624307	0.333333343	0.333333343	None
  1.2	-0.151564851	0.9207523	0.9207523	0.333333343	0.333333343	None
  1.23333335	-0.110188961	1.66404152	1.66404152	0.333333343	0.333333343	None
  1.26666677	-0.0406286158	1.29808092	1.29808092	0.333333343	0.333333343	None
  1.30000007	-0.0236500744	0.712548	0.712548	0.333333343	0.333333343	None
  1.33333337	0.00687454175	1.32441366	1.32441366	0.333333343	0.333333343	None
  1.36666679	0.06464429	1.4076606	1.4076606	0.333333343	0.333333343	None
  1.4000001	0.1007187	0.360116422	0.360116422	0.333333343	0.333333343	None
  1.4333334	0.08865203	-0.757866263	-0.757866263	0.333333343	0.333333343	None
  1.4666667	0.05019433	-1.12641978	-1.12641978	0.333333343	0.333333343	None
  1.50000012	0.0135573214	-0.884953	-0.884953	0.333333343	0.333333343	None
  1.53333342	-0.008802614	-0.372113347	-0.372113347	0.333333343	0.333333343	None
  1.56666672	-0.0112502119	-0.07543126	-0.07543126	0.333333343	0.333333343	None
  1.60000014	-0.01383137	-0.14492932	-0.14492932	0.333333343	0.333333343	None
  1.63333344	-0.0209121667	-0.0571072176	-0.0571072176	0.333333343	0.333333343	None
  1.66666675	-0.0176385138	0.283199936	0.283199936	0.333333343	0.333333343	None
  1.7	-0.0020321887	0.206515059	0.206515059	0.333333343	0.333333343	None
  1.73333347	-0.00387086277	-0.0191589184	-0.0191589184	0.333333343	0.333333343	None
  1.76666677	-0.00330945523	0.0546068251	0.0546068251	0.333333343	0.333333343	None
  1.80000007	-0.000230411039	0.0257250629	0.0257250629	0.333333343	0.333333343	None
  1.83333337	-0.00159445265	0.0005479064	0.0005479064	0.333333343	0.333333343	None
  1.86666679	-0.000193879037	0.148489043	0.148489043	0.333333343	0.333333343	None
  1.9000001	0.008304812	0.303969324	0.303969324	0.333333343	0.333333343	None
  1.9333334	0.0200707242	0.18006888	0.18006888	0.333333343	0.333333343	None
  1.96666682	0.0203093942	-0.0503169857	-0.0503169857	0.333333343	0.333333343	None
  2	0.0167162754	-0.05837995	-0.05837995	0.333333343	0.333333343	None
  2.03333354	0.0164174121	0.169927582	0.169927582	0.333333343	0.333333343	None
  2.06666684	0.0280447677	0.5141561	0.5141561	0.333333343	0.333333343	None
  2.10000014	0.0506944545	0.476094782	0.476094782	0.333333343	0.333333343	None
  2.13333344	0.05978439	0.1593195	0.1593195	0.333333343	0.333333343	None
  2.16666675	0.0613157451	-0.216410384	-0.216410384	0.333333343	0.333333343	None
  2.2	0.0453570448	-0.5598165	-0.5598165	0.333333343	0.333333343	None
  2.23333335	0.0239946824	-0.5221506	-0.5221506	0.333333343	0.333333343	None
  2.266667	0.0105469422	-0.264981985	-0.264981985	0.333333343	0.333333343	None
  2.30000019	0.0063291383	-0.08406344	-0.08406344	0.333333343	0.333333343	None
  2.33333349	0.004942718	-0.06303991	-0.06303991	0.333333343	0.333333343	None
  2.36666679	0.00212648185	-0.096701175	-0.096701175	0.333333343	0.333333343	None
  2.4	-0.00150402065	-0.0373025239	-0.0373025239	0.333333343	0.333333343	None
  2.4333334	-0.000360350648	0.093565695	0.093565695	0.333333343	0.333333343	None
  2.4666667	0.00473368634	0.1004592	0.1004592	0.333333343	0.333333343	None
  2.50000024	0.0063369344	-0.0148603339	-0.0148603339	0.333333343	0.333333343	None
  2.53333354	0.00374300987	-0.0317481235	-0.0317481235	0.333333343	0.333333343	None
  2.56666684	0.004220395	0.05432734	0.05432734	0.333333343	0.333333343	None
  2.60000014	0.007364829	0.0664204359	0.0664204359	0.333333343	0.333333343	None
  2.63333344	0.00864842	0.0733441	0.0733441	0.333333343	0.333333343	None
  2.66666675	0.0122544309	0.1393264	0.1393264	0.333333343	0.333333343	None
  2.7	0.0179368369	0.103801966	0.103801966	0.333333343	0.333333343	None
  2.73333359	0.0191745646	0.005042983	0.005042983	0.333333343	0.333333343	None
  2.766667	0.0182730444	0.0213053916	0.0213053916	0.333333343	0.333333343	None
  2.80000019	0.0205949228	0.09064922	0.09064922	0.333333343	0.333333343	None
  2.83333349	0.02431632	0.0719637647	0.0719637647	0.333333343	0.333333343	None
  2.86666679	0.0253925025	0.0799776539	0.0799776539	0.333333343	0.333333343	None
  2.9	0.0296481587	0.162635341	0.162635341	0.333333343	0.333333343	None
  2.966667	0.0422974974	0.148584262	0.148584262	0.333333343	0.333333343	None
  3.00000024	0.0461405	0.0554734431	0.0554734431	0.333333343	0.333333343	None
  3.03333354	0.0459957235	-0.01707278	-0.01707278	0.333333343	0.333333343	None
  3.10000014	0.0434193164	-0.0352652147	-0.0352652147	0.333333343	0.333333343	None
  3.13333344	0.0426513031	-0.0302333869	-0.0302333869	0.333333343	0.333333343	None
  3.20000029	0.0411492065	0.0149772186	0.0149772186	0.333333343	0.333333343	None
  3.266667	0.0414304547	-0.09603692	-0.09603692	0.333333343	0.333333343	None
  3.30000019	0.0359997824	-0.11890652	-0.11890652	0.333333343	0.333333343	None
  3.33333349	0.03350336	0.05541896	0.05541896	0.333333343	0.333333343	None
  3.36666679	0.0396943763	0.188585967	0.188585967	0.333333343	0.333333343	None
  3.4	0.0460757464	0.08885826	0.08885826	0.333333343	0.333333343	None
  3.4333334	0.0456182547	-0.0646673143	-0.0646673143	0.333333343	0.333333343	None
  3.466667	0.04176457	-0.08936836	-0.08936836	0.333333343	0.333333343	None
  3.50000024	0.039660342	-0.0513348468	-0.0513348468	0.333333343	0.333333343	None
  3.56666684	0.0419364758	0.2562738	0.2562738	0.333333343	0.333333343	None
  3.60000014	0.0554271527	0.278068841	0.278068841	0.333333343	0.333333343	None
  3.63333344	0.06047438	-0.0140025988	-0.0140025988	0.333333343	0.333333343	None
  3.70000029	0.04264569	-0.37278223	-0.37278223	0.333333343	0.333333343	None
  3.73333359	0.0296414364	-0.430438548	-0.430438548	0.333333343	0.333333343	None
  3.766667	0.0139498133	-0.391636163	-0.391636163	0.333333343	0.333333343	None
  3.80000019	0.00353238359	-0.172678337	-0.172678337	0.333333343	0.333333343	None
  3.83333349	0.002437935	-0.0119695645	-0.0119695645	0.333333343	0.333333343	None
  3.86666679	0.00273441337	0.107837006	0.107837006	0.333333343	0.333333343	None
  3.9	0.009627062	0.27686432	0.27686432	0.333333343	0.333333343	None
  3.93333364	0.0211921	0.3043841	0.3043841	0.333333343	0.333333343	None
  3.966667	0.0299194	0.162125826	0.162125826	0.333333343	0.333333343	None
  4	0.0320004635	0.0180718955	0.0180718955	0.333333343	0.333333343	None
  4.033334	0.0311241653	0.00139979925	0.00139979925	0.333333343	0.333333343	None
  4.066667	0.03209377	0.05597689	0.05597689	0.333333343	0.333333343	None
  4.10000038	0.0348559543	0.06383943	0.06383943	0.333333343	0.333333343	None
  4.13333368	0.03634973	0.112018429	0.112018429	0.333333343	0.333333343	None
  4.166667	0.0423238426	0.142155915	0.142155915	0.333333343	0.333333343	None
  4.20000029	0.04582678	0.0625727549	0.0625727549	0.333333343	0.333333343	None
  4.266667	0.0477096252	0.07474876	0.07474876	0.333333343	0.333333343	None
  4.3	0.051478602	0.117757469	0.117757469	0.333333343	0.333333343	None
  4.33333349	0.0555601157	0.136609	0.136609	0.333333343	0.333333343	None
  4.366667	0.06058586	0.222306445	0.222306445	0.333333343	0.333333343	None
  4.4	0.07038053	0.211408734	0.211408734	0.333333343	0.333333343	None
  4.4666667	0.07406862	-0.07648952	-0.07648952	0.333333343	0.333333343	None
  4.5	0.0695804656	-0.0536986329	-0.0536986329	0.333333343	0.333333343	None
  4.533334	0.07048873	0.004771795	0.004771795	0.333333343	0.333333343	None
  4.566667	0.0698986	-0.0160941631	-0.0160941631	0.333333343	0.333333343	None
  4.60000038	0.0694157854	0.0783808157	0.0783808157	0.333333343	0.333333343	None
  4.70000029	0.08928172	0.113378316	0.113378316	0.333333343	0.333333343	None
  4.73333359	0.09070362	0.0503995381	0.0503995381	0.333333343	0.333333343	None
  4.766667	0.09264169	0.0592449121	0.0592449121	0.333333343	0.333333343	None
  4.8	0.09465328	-0.06955779	-0.06955779	0.333333343	0.333333343	None
  4.83333349	0.08800451	-0.715500832	-0.715500832	0.333333343	0.333333343	None
  4.866667	0.04695327	-1.17385876	-1.17385876	0.333333343	0.333333343	None
  4.9	0.009747331	0.304128349	0.304128349	0.333333343	0.333333343	None
  4.9333334	0.06722847	1.54263759	1.54263759	0.333333343	0.333333343	None
  4.9666667	0.112589739	1.02520084	1.02520084	0.333333343	0.333333343	None
  5.033334	0.145844311	0.334800124	0.334800124	0.333333343	0.333333343	None
  5.066667	0.157895446	0.467644483	0.467644483	0.333333343	0.333333343	None
  5.10000038	0.17702058	0.455957651	0.455957651	0.333333343	0.333333343	None
  5.166667	0.196843117	0.189984173	0.189984173	0.333333343	0.333333343	None
  5.20000029	0.200958192	0.269468367	0.269468367	0.333333343	0.333333343	None
  5.23333359	0.214807659	0.585701346	0.585701346	0.333333343	0.333333343	None
  5.266667	0.240004912	1.13392866	1.13392866	0.333333343	0.333333343	None
  5.3	0.29040283	0.7548532	0.7548532	0.333333343	0.333333343	None
  5.33333349	0.2903284	-0.488213032	-0.488213032	0.333333343	0.333333343	None
  5.366667	0.257855326	-0.480285764	-0.480285764	0.333333343	0.333333343	None
  5.4	0.2583094	0.120277971	0.120277971	0.333333343	0.333333343	None
  5.466667	0.274293542	0.160260782	0.160260782	0.333333343	0.333333343	None
  5.566667	0.269185424	-0.20226422	-0.20226422	0.333333343	0.333333343	None
  5.63333368	0.243268237	-0.6110773	-0.6110773	0.333333343	0.333333343	None
  5.666667	0.219839826	-1.03854275	-1.03854275	0.333333343	0.333333343	None
  5.70000029	0.174032122	-1.21871662	-1.21871662	0.333333343	0.333333343	None
  5.73333359	0.138592124	-0.8077692	-0.8077692	0.333333343	0.333333343	None
  5.766667	0.1201809	-0.5849553	-0.5849553	0.333333343	0.333333343	None
  5.8	0.0995951444	-0.830168247	-0.830168247	0.333333343	0.333333343	None
  5.83333349	0.0648364	-1.104497	-1.104497	0.333333343	0.333333343	None
  5.866667	0.0259620752	-1.17619646	-1.17619646	0.333333343	0.333333343	None
  5.9	-0.0135766305	-1.19137359	-1.19137359	0.333333343	0.333333343	None
  5.933334	-0.0534633249	-1.0584321	-1.0584321	0.333333343	0.333333343	None
  5.966667	-0.08413928	-0.8250439	-0.8250439	0.333333343	0.333333343	None
  6.00000048	-0.1084662	-0.7328291	-0.7328291	0.333333343	0.333333343	None
  6.033334	-0.1329945	-0.577630937	-0.577630937	0.333333343	0.333333343	None
  6.066667	-0.146974891	-0.197543755	-0.197543755	0.333333343	0.333333343	None
  6.10000038	-0.146164075	0.211015627	0.211015627	0.333333343	0.333333343	None
  6.166667	-0.119301736	0.302059829	0.302059829	0.333333343	0.333333343	None
  6.23333359	-0.110405914	0.108244896	0.108244896	0.333333343	0.333333343	None
  6.33333349	-0.0942719951	0.184766144	0.184766144	0.333333343	0.333333343	None
  6.366667	-0.08789833	0.228801578	0.228801578	0.333333343	0.333333343	None
  6.40000057	-0.0790184438	0.223590732	0.223590732	0.333333343	0.333333343	None
  6.433334	-0.07299217	0.1284748	0.1284748	0.333333343	0.333333343	None
  6.466667	-0.070453465	0.08765769	0.08765769	0.333333343	0.333333343	None
  6.50000048	-0.06714833	0.06848893	0.06848893	0.333333343	0.333333343	None
  6.533334	-0.06588754	-0.126042038	-0.126042038	0.333333343	0.333333343	None
  6.566667	-0.07555112	-0.2190713	-0.2190713	0.333333343	0.333333343	None
  6.60000038	-0.08049228	-0.01767052	-0.01767052	0.333333343	0.333333343	None
  6.666667	-0.06602921	0.437929869	0.437929869	0.333333343	0.333333343	None
  6.73333359	-0.0253260732	0.6722746	0.6722746	0.333333343	0.333333343	None
  6.766667	-0.002715596	0.6710589	0.6710589	0.333333343	0.333333343	None
  6.8	0.0194111448	0.624663234	0.624663234	0.333333343	0.333333343	None
  6.83333349	0.03892858	0.483930171	0.483930171	0.333333343	0.333333343	None
  6.866667	0.0516731255	0.19053331	0.19053331	0.333333343	0.333333343	None
  6.90000057	0.0516307876	-0.137304574	-0.137304574	0.333333343	0.333333343	None
  6.933334	0.0425194949	-0.393761039	-0.393761039	0.333333343	0.333333343	None
  6.966667	0.0253800768	-0.462183	-0.462183	0.333333343	0.333333343	None
  7.00000048	0.0117073245	-0.309962243	-0.309962243	0.333333343	0.333333343	None
  7.033334	0.00471594743	-0.180947185	-0.180947185	0.333333343	0.333333343	None
  7.066667	-0.00035580984	-0.125375375	-0.125375375	0.333333343	0.333333343	None
  7.10000038	-0.00364240282	0.0126590766	0.0126590766	0.333333343	0.333333343	None
  7.13333368	0.000488127873	0.0543496348	0.0543496348	0.333333343	0.333333343	None
  7.166667	-1.9097266E-05	-0.264198363	-0.264198363	0.333333343	0.333333343	None
  7.20000029	-0.01712508	-0.409426838	-0.409426838	0.333333343	0.333333343	None
  7.23333359	-0.0273141935	-0.256865144	-0.256865144	0.333333343	0.333333343	None
  7.3	-0.0374571979	-0.0234557148	-0.0234557148	0.333333343	0.333333343	None
  7.33333349	-0.03581312	0.0246604774	0.0246604774	0.333333343	0.333333343	None
  7.36666727	-0.0358131677	-1.45284378E-06	-1.45284378E-06	0.333333343	0.333333343	None
FLOAT UnityEngine.Animator||Right Hand In-Out discrete=False keys=180 pre=ClampForever post=ClampForever
  0	0.0172315165	0.001613181	0.001613181	0.333333343	0.333333343	None
  0.0333333351	0.01728529	0.0196973588	0.0196973588	0.333333343	0.333333343	None
  0.06666667	0.0185446739	0.042546086	0.042546086	0.333333343	0.333333343	None
  0.13333334	0.02202157	0.0714521855	0.0714521855	0.333333343	0.333333343	None
  0.166666672	0.0248851739	0.08464447	0.08464447	0.333333343	0.333333343	None
  0.233333349	0.0307118315	0.111864269	0.111864269	0.333333343	0.333333343	None
  0.366666675	0.0507115237	0.130073011	0.130073011	0.333333343	0.333333343	None
  0.400000036	0.0546201058	0.144023076	0.144023076	0.333333343	0.333333343	None
  0.5	0.073382996	0.195461065	0.195461065	0.333333343	0.333333343	None
  0.6	0.09231387	0.186943933	0.186943933	0.333333343	0.333333343	None
  0.6333334	0.09890064	0.23519893	0.23519893	0.333333343	0.333333343	None
  0.700000048	0.116572432	0.236913711	0.236913711	0.333333343	0.333333343	None
  0.8333334	0.150570422	0.376995385	0.376995385	0.333333343	0.333333343	None
  0.866666734	0.164998427	0.121667415	0.121667415	0.333333343	0.333333343	None
  0.900000036	0.1586816	-0.5617059	-0.5617059	0.333333343	0.333333343	None
  0.9333334	0.127551347	-0.13133657	-0.13133657	0.333333343	0.333333343	None
  0.9666667	0.149925783	1.47278309	1.47278309	0.333333343	0.333333343	None
  1	0.2257368	2.16845846	2.16845846	0.333333343	0.333333343	None
  1.03333342	0.2944898	0.5263231	0.5263231	0.333333343	0.333333343	None
  1.06666672	0.260825217	-1.423742	-1.423742	0.333333343	0.333333343	None
  1.1	0.199573755	-0.104251981	-0.104251981	0.333333343	0.333333343	None
  1.13333344	0.2538753	1.3180604	1.3180604	0.333333343	0.333333343	None
  1.16666675	0.287444562	0.6632457	0.6632457	0.333333343	0.333333343	None
  1.2	0.29809162	0.5755713	0.5755713	0.333333343	0.333333343	None
  1.23333335	0.325815946	0.266642749	0.266642749	0.333333343	0.333333343	None
  1.30000007	0.2948898	-0.3680258	-0.3680258	0.333333343	0.333333343	None
  1.33333337	0.291332722	-1.17427325	-1.17427325	0.333333343	0.333333343	None
  1.36666679	0.216604725	-3.00713778	-3.00713778	0.333333343	0.333333343	None
  1.4000001	0.09085679	-3.34117842	-3.34117842	0.333333343	0.333333343	None
  1.4333334	-0.00614029961	-1.93921733	-1.93921733	0.333333343	0.333333343	None
  1.4666667	-0.038424246	-0.2799664	-0.2799664	0.333333343	0.333333343	None
  1.50000012	-0.02480466	0.7472055	0.7472055	0.333333343	0.333333343	None
  1.53333342	0.0113894567	0.8499756	0.8499756	0.333333343	0.333333343	None
  1.56666672	0.0318603255	0.4593227	0.4593227	0.333333343	0.333333343	None
  1.60000014	0.0420109779	-0.06607948	-0.06607948	0.333333343	0.333333343	None
  1.63333344	0.0274550673	-0.530712843	-0.530712843	0.333333343	0.333333343	None
  1.66666675	0.006630156	-0.9094415	-0.9094415	0.333333343	0.333333343	None
  1.7	-0.0331743062	-0.5122059	-0.5122059	0.333333343	0.333333343	None
  1.73333347	-0.0275168531	0.194016337	0.194016337	0.333333343	0.333333343	None
  1.76666677	-0.0202398766	-0.1150595	-0.1150595	0.333333343	0.333333343	None
  1.80000007	-0.03518748	-0.218115851	-0.218115851	0.333333343	0.333333343	None
  1.83333337	-0.03478092	0.1681684	0.1681684	0.333333343	0.333333343	None
  1.86666679	-0.0239762254	0.0486181378	0.0486181378	0.333333343	0.333333343	None
  1.9000001	-0.0315396748	-0.47519505	-0.47519505	0.333333343	0.333333343	None
  1.9333334	-0.0556558631	-0.131656468	-0.131656468	0.333333343	0.333333343	None
  1.96666682	-0.04031671	0.944699049	0.944699049	0.333333343	0.333333343	None
  2	0.0073239035	1.248368	1.248368	0.333333343	0.333333343	None
  2.03333354	0.0429078378	0.659198642	0.659198642	0.333333343	0.333333343	None
  2.06666684	0.05127069	-0.129860774	-0.129860774	0.333333343	0.333333343	None
  2.10000014	0.03425046	-0.335301578	-0.335301578	0.333333343	0.333333343	None
  2.13333344	0.0289172735	-0.03920544	-0.03920544	0.333333343	0.333333343	None
  2.16666675	0.0316367671	0.229118913	0.229118913	0.333333343	0.333333343	None
  2.2	0.0441918522	0.6451943	0.6451943	0.333333343	0.333333343	None
  2.23333335	0.07464968	0.73732996	0.73732996	0.333333343	0.333333343	None
  2.266667	0.09334727	0.257023841	0.257023841	0.333333343	0.333333343	None
  2.30000019	0.0917847157	-0.06266272	-0.06266272	0.333333343	0.333333343	None
  2.33333349	0.0891697556	-0.0123196207	-0.0123196207	0.333333343	0.333333343	None
  2.4	0.0905830041	-0.177897245	-0.177897245	0.333333343	0.333333343	None
  2.4333334	0.079103604	-0.510126352	-0.510126352	0.333333343	0.333333343	None
  2.4666667	0.0565746129	-0.569828153	-0.569828153	0.333333343	0.333333343	None
  2.50000024	0.0411149859	-0.127470344	-0.127470344	0.333333343	0.333333343	None
  2.53333354	0.0480764881	0.25466	0.25466	0.333333343	0.333333343	None
  2.56666684	0.0580923036	0.193690777	0.193690777	0.333333343	0.333333343	None
  2.60000014	0.0609891936	0.129111826	0.129111826	0.333333343	0.333333343	None
  2.63333344	0.06669975	0.238122821	0.238122821	0.333333343	0.333333343	None
  2.66666675	0.0768640339	0.174911365	0.174911365	0.333333343	0.333333343	None
  2.7	0.0783605	0.06215047	0.06215047	0.333333343	0.333333343	None
  2.73333359	0.08100741	0.151288956	0.151288956	0.333333343	0.333333343	None
  2.766667	0.08844644	0.008195385	0.008195385	0.333333343	0.333333343	None
  2.80000019	0.08155377	-0.232705086	-0.232705086	0.333333343	0.333333343	None
  2.83333349	0.07293278	-0.0110283569	-0.0110283569	0.333333343	0.333333343	None
  2.86666679	0.08081855	0.2443811	0.2443811	0.333333343	0.333333343	None
  2.9	0.08922484	-0.068816036	-0.068816036	0.333333343	0.333333343	None
  2.9333334	0.07623082	-0.372246981	-0.372246981	0.333333343	0.333333343	None
  2.966667	0.06440831	-0.225968957	-0.225968957	0.333333343	0.333333343	None
  3.03333354	0.0623692721	0.03979301	0.03979301	0.333333343	0.333333343	None
  3.13333344	0.07047948	0.16123724	0.16123724	0.333333343	0.333333343	None
  3.16666675	0.0768447	0.123420648	0.123420648	0.333333343	0.333333343	None
  3.20000029	0.07870753	-0.0285314415	-0.0285314415	0.333333343	0.333333343	None
  3.23333359	0.07494262	0.008099161	0.008099161	0.333333343	0.333333343	None
  3.266667	0.0792474747	0.2881204	0.2881204	0.333333343	0.333333343	None
  3.30000019	0.0941506252	0.3146842	0.3146842	0.333333343	0.333333343	None
  3.33333349	0.1002264	-0.108749263	-0.108749263	0.333333343	0.333333343	None
  3.36666679	0.08690068	-0.459722221	-0.459722221	0.333333343	0.333333343	None
  3.4	0.06957828	-0.23795709	-0.23795709	0.333333343	0.333333343	None
  3.4333334	0.07103689	0.211500973	0.211500973	0.333333343	0.333333343	None
  3.466667	0.0836784244	0.27300933	0.27300933	0.333333343	0.333333343	None
  3.50000024	0.0892375857	0.172436923	0.172436923	0.333333343	0.333333343	None
  3.53333354	0.09517421	0.103213064	0.103213064	0.333333343	0.333333343	None
  3.56666684	0.09611845	-0.319848478	-0.319848478	0.333333343	0.333333343	None
  3.60000014	0.073851	-0.411709547	-0.411709547	0.333333343	0.333333343	None
  3.63333344	0.0686711743	0.164333627	0.164333627	0.333333343	0.333333343	None
  3.73333359	0.149688	0.99737525	0.99737525	0.333333343	0.333333343	None
  3.766667	0.181708	0.605587244	0.605587244	0.333333343	0.333333343	None
  3.83333349	0.186035708	-0.125435859	-0.125435859	0.333333343	0.333333343	None
  3.9	0.170789734	-0.516495764	-0.516495764	0.333333343	0.333333343	None
  3.966667	0.12703377	-0.35881	-0.35881	0.333333343	0.333333343	None
  4.033334	0.125776157	0.027759809	0.027759809	0.333333343	0.333333343	None
  4.10000038	0.123589545	-0.0525913537	-0.0525913537	0.333333343	0.333333343	None
  4.13333368	0.121688865	0.0729376	0.0729376	0.333333343	0.333333343	None
  4.166667	0.128452048	-0.093271	-0.093271	0.333333343	0.333333343	None
  4.20000029	0.115470804	-0.282785118	-0.282785118	0.333333343	0.333333343	None
  4.3	0.103902876	-0.106461562	-0.106461562	0.333333343	0.333333343	None
  4.33333349	0.09929966	-0.195849955	-0.195849955	0.333333343	0.333333343	None
  4.366667	0.0908462256	-0.240428418	-0.240428418	0.333333343	0.333333343	None
  4.4	0.083271116	-0.06965782	-0.06965782	0.333333343	0.333333343	None
  4.4333334	0.0862023756	-0.141332328	-0.141332328	0.333333343	0.333333343	None
  4.4666667	0.07384897	-0.310776681	-0.310776681	0.333333343	0.333333343	None
  4.5	0.06548395	-0.228656784	-0.228656784	0.333333343	0.333333343	None
  4.533334	0.0586051	-0.0433118865	-0.0433118865	0.333333343	0.333333343	None
  4.566667	0.0625963956	0.239223719	0.239223719	0.333333343	0.333333343	None
  4.60000038	0.07455333	0.130616888	0.130616888	0.333333343	0.333333343	None
  4.63333368	0.07130418	-0.171215177	-0.171215177	0.333333343	0.333333343	None
  4.666667	0.063139	-0.283397853	-0.283397853	0.333333343	0.333333343	None
  4.73333359	0.0443079136	-0.142141521	-0.142141521	0.333333343	0.333333343	None
  4.766667	0.0429349169	-0.0791562	-0.0791562	0.333333343	0.333333343	None
  4.8	0.03903084	0.286988318	0.286988318	0.333333343	0.333333343	None
  4.83333349	0.0620674528	1.46049464	1.46049464	0.333333343	0.333333343	None
  4.866667	0.136397049	2.24610662	2.24610662	0.333333343	0.333333343	None
  4.9	0.211807743	0.6759671	0.6759671	0.333333343	0.333333343	None
  4.9333334	0.181461483	-1.23491073	-1.23491073	0.333333343	0.333333343	None
  4.9666667	0.129480436	-0.7449747	-0.7449747	0.333333343	0.333333343	None
  5.00000048	0.131796584	-0.114831671	-0.114831671	0.333333343	0.333333343	None
  5.033334	0.121825032	-0.760789752	-0.760789752	0.333333343	0.333333343	None
  5.066667	0.0810773149	-0.785172	-0.785172	0.333333343	0.333333343	None
  5.10000038	0.069480285	-0.0254115015	-0.0254115015	0.333333343	0.333333343	None
  5.13333368	0.07938322	0.19565247	0.19565247	0.333333343	0.333333343	None
  5.20000029	0.07950082	-0.183849961	-0.183849961	0.333333343	0.333333343	None
  5.266667	0.052104	-0.7252452	-0.7252452	0.333333343	0.333333343	None
  5.3	0.0219174866	0.114556313	0.114556313	0.333333343	0.333333343	None
  5.33333349	0.0597410835	1.35768592	1.35768592	0.333333343	0.333333343	None
  5.366667	0.1124298	0.8980081	0.8980081	0.333333343	0.333333343	None
  5.4	0.119608231	-0.08029134	-0.08029134	0.333333343	0.333333343	None
  5.4333334	0.107077047	-0.247204408	-0.247204408	0.333333343	0.333333343	None
  5.466667	0.1031279	0.2059721	0.2059721	0.333333343	0.333333343	None
  5.50000048	0.120808452	0.4612731	0.4612731	0.333333343	0.333333343	None
  5.533334	0.133879408	0.365207016	0.365207016	0.333333343	0.333333343	None
  5.566667	0.145155564	0.5093696	0.5093696	0.333333343	0.333333343	None
  5.60000038	0.167837352	0.5368567	0.5368567	0.333333343	0.333333343	None
  5.63333368	0.180945978	0.229193866	0.229193866	0.333333343	0.333333343	None
  5.70000029	0.185546219	0.170562282	0.170562282	0.333333343	0.333333343	None
  5.73333359	0.194487736	0.134688154	0.134688154	0.333333343	0.333333343	None
  5.766667	0.194525421	0.121452324	0.121452324	0.333333343	0.333333343	None
  5.8	0.20258455	0.369273245	0.369273245	0.333333343	0.333333343	None
  5.83333349	0.219143614	0.285300583	0.285300583	0.333333343	0.333333343	None
  5.9	0.226197258	0.342244059	0.342244059	0.333333343	0.333333343	None
  5.933334	0.24442108	0.4634409	0.4634409	0.333333343	0.333333343	None
  5.966667	0.257093549	0.304112047	0.304112047	0.333333343	0.333333343	None
  6.00000048	0.2646952	0.391877383	0.391877383	0.333333343	0.333333343	None
  6.033334	0.283218682	0.369936436	0.369936436	0.333333343	0.333333343	None
  6.066667	0.2893576	0.11746835	0.11746835	0.333333343	0.333333343	None
  6.10000038	0.2910499	0.321369171	0.321369171	0.333333343	0.333333343	None
  6.13333368	0.3107822	0.444685638	0.444685638	0.333333343	0.333333343	None
  6.166667	0.320695579	0.102823034	0.102823034	0.333333343	0.333333343	None
  6.23333359	0.311472118	-0.09347731	-0.09347731	0.333333343	0.333333343	None
  6.366667	0.315027475	-0.2052624	-0.2052624	0.333333343	0.333333343	None
  6.40000057	0.304071248	-0.138457879	-0.138457879	0.333333343	0.333333343	None
  6.433334	0.3057968	0.174777389	0.174777389	0.333333343	0.333333343	None
  6.466667	0.315723062	0.008217409	0.008217409	0.333333343	0.333333343	None
  6.50000048	0.306344628	-0.343978435	-0.343978435	0.333333343	0.333333343	None
  6.60000038	0.256904781	-0.7090449	-0.7090449	0.333333343	0.333333343	None
  6.63333368	0.23061502	-0.5909652	-0.5909652	0.333333343	0.333333343	None
  6.666667	0.217507139	-0.607752264	-0.607752264	0.333333343	0.333333343	None
  6.70000029	0.190098241	-0.814885139	-0.814885139	0.333333343	0.333333343	None
  6.8	0.120449558	-0.516594052	-0.516594052	0.333333343	0.333333343	None
  6.83333349	0.105769761	-0.288147748	-0.288147748	0.333333343	0.333333343	None
  6.90000057	0.1018408	0.0171716139	0.0171716139	0.333333343	0.333333343	None
  6.966667	0.101663038	-0.0858149	-0.0858149	0.333333343	0.333333343	None
  7.00000048	0.09666352	-0.20219864	-0.20219864	0.333333343	0.333333343	None
  7.033334	0.08818314	-0.374008924	-0.374008924	0.333333343	0.333333343	None
  7.066667	0.0717296153	-0.790088534	-0.790088534	0.333333343	0.333333343	None
  7.10000038	0.0355106257	-0.9598793	-0.9598793	0.333333343	0.333333343	None
  7.13333368	0.00773772132	-0.579647541	-0.579647541	0.333333343	0.333333343	None
  7.166667	-0.00313250721	0.03711903	0.03711903	0.333333343	0.333333343	None
  7.20000029	0.0102123218	0.454652727	0.454652727	0.333333343	0.333333343	None
  7.23333359	0.0271776486	0.4137532	0.4137532	0.333333343	0.333333343	None
  7.266667	0.0377958454	0.0861239955	0.0861239955	0.333333343	0.333333343	None
  7.3	0.032919243	-0.308134973	-0.308134973	0.333333343	0.333333343	None
  7.33333349	0.017253533	-0.23498641	-0.23498641	0.333333343	0.333333343	None
  7.36666727	0.0172534976	-1.06169352E-06	-1.06169352E-06	0.333333343	0.333333343	None
FLOAT UnityEngine.Animator||Right Lower Leg Stretch discrete=False keys=55 pre=ClampForever post=ClampForever
  0	0.8807004	-0.0232565384	-0.0232565384	0.333333343	0.333333343	None
  0.6	0.84177345	-0.148056164	-0.148056164	0.333333343	0.333333343	None
  0.733333349	0.823497057	-0.184751421	-0.184751421	0.333333343	0.333333343	None
  0.8333334	0.761323154	-1.40758014	-1.40758014	0.333333343	0.333333343	None
  0.900000036	0.6631681	-0.521555245	-0.521555245	0.333333343	0.333333343	None
  0.9666667	0.677626431	-0.310769975	-0.310769975	0.333333343	0.333333343	None
  1	0.645995438	-1.66379929	-1.66379929	0.333333343	0.333333343	None
  1.03333342	0.5667063	-1.195166	-1.195166	0.333333343	0.333333343	None
  1.06666672	0.5663175	1.27774656	1.27774656	0.333333343	0.333333343	None
  1.1	0.6518893	1.47671866	1.47671866	0.333333343	0.333333343	None
  1.13333344	0.664765358	-0.7279941	-0.7279941	0.333333343	0.333333343	None
  1.16666675	0.6033565	-1.36458588	-1.36458588	0.333333343	0.333333343	None
  1.26666677	0.5812461	0.14639464	0.14639464	0.333333343	0.333333343	None
  1.36666679	0.5975092	0.366208017	0.366208017	0.333333343	0.333333343	None
  1.4666667	0.6113215	-0.567279041	-0.567279041	0.333333343	0.333333343	None
  1.53333342	0.537818432	-1.506705	-1.506705	0.333333343	0.333333343	None
  1.60000014	0.4356207	-1.08196449	-1.08196449	0.333333343	0.333333343	None
  1.66666675	0.403500259	0.216136634	0.216136634	0.333333343	0.333333343	None
  1.7	0.424620479	0.5202316	0.5202316	0.333333343	0.333333343	None
  1.76666677	0.4609717	0.990378439	0.990378439	0.333333343	0.333333343	None
  1.80000007	0.504207551	0.935423	0.935423	0.333333343	0.333333343	None
  1.83333337	0.5233332	-0.014831543	-0.014831543	0.333333343	0.333333343	None
  1.86666679	0.5032187	-0.612230659	-0.612230659	0.333333343	0.333333343	None
  1.96666682	0.4586595	-0.141395479	-0.141395479	0.333333343	0.333333343	None
  2.13333344	0.488182873	0.4673101	0.4673101	0.333333343	0.333333343	None
  2.30000019	0.560901344	0.3134325	0.3134325	0.333333343	0.333333343	None
  2.4	0.612025	0.6733147	0.6733147	0.333333343	0.333333343	None
  2.50000024	0.645159	-0.1513142	-0.1513142	0.333333343	0.333333343	None
  2.73333359	0.5982032	0.649737358	0.649737358	0.333333343	0.333333343	None
  2.86666679	0.6908324	-0.08510925	-0.08510925	0.333333343	0.333333343	None
  2.966667	0.618083239	-0.7079815	-0.7079815	0.333333343	0.333333343	None
  3.00000024	0.602532566	-0.0445139855	-0.0445139855	0.333333343	0.333333343	None
  3.06666684	0.6324258	0.46693635	0.46693635	0.333333343	0.333333343	None
  3.16666675	0.6792862	0.5312433	0.5312433	0.333333343	0.333333343	None
  3.30000019	0.7031818	-0.175834179	-0.175834179	0.333333343	0.333333343	None
  3.4333334	0.688101	0.01081459	0.01081459	0.333333343	0.333333343	None
  3.56666684	0.691122651	0.08359023	0.08359023	0.333333343	0.333333343	None
  3.86666679	0.718230247	0.498015165	0.498015165	0.333333343	0.333333343	None
  4.033334	0.747172	-0.8912493	-0.8912493	0.333333343	0.333333343	None
  4.13333368	0.5812267	-1.97233033	-1.97233033	0.333333343	0.333333343	None
  4.20000029	0.472776264	-0.752672851	-0.752672851	0.333333343	0.333333343	None
  4.33333349	0.5794378	1.45988214	1.45988214	0.333333343	0.333333343	None
  4.4	0.674543142	0.847781837	0.847781837	0.333333343	0.333333343	None
  4.4666667	0.6879576	0.206809238	0.206809238	0.333333343	0.333333343	None
  4.533334	0.706223369	0.162512869	0.162512869	0.333333343	0.333333343	None
  4.63333368	0.707908034	-0.189120054	-0.189120054	0.333333343	0.333333343	None
  4.83333349	0.672838151	-0.128459156	-0.128459156	0.333333343	0.333333343	None
  5.13333368	0.6192105	0.0127941491	0.0127941491	0.333333343	0.333333343	None
  5.4	0.6441708	0.015400365	0.015400365	0.333333343	0.333333343	None
  5.70000029	0.6567707	0.0291744154	0.0291744154	0.333333343	0.333333343	None
  6.066667	0.676145136	0.0264331959	0.0264331959	0.333333343	0.333333343	None
  6.466667	0.730103	0.180360854	0.180360854	0.333333343	0.333333343	None
  6.933334	0.8197018	0.245626211	0.245626211	0.333333343	0.333333343	None
  7.166667	0.854392	0.0553250834	0.0553250834	0.333333343	0.333333343	None
  7.36666727	0.88070333	0	0	0.333333343	0.333333343	None
FLOAT UnityEngine.Animator||Right Lower Leg Twist In-Out discrete=False keys=133 pre=ClampForever post=ClampForever
  0	0.174326256	-0.0453454219	-0.0453454219	0.333333343	0.333333343	None
  0.200000018	0.161184624	-0.06917193	-0.06917193	0.333333343	0.333333343	None
  0.6666667	0.105508767	-0.117337391	-0.117337391	0.333333343	0.333333343	None
  0.700000048	0.102143966	-0.114564985	-0.114564985	0.333333343	0.333333343	None
  0.733333349	0.0978711	-0.108436033	-0.108436033	0.333333343	0.333333343	None
  0.8000001	0.0889385939	-0.312226474	-0.312226474	0.333333343	0.333333343	None
  0.8333334	0.07409981	-0.8763763	-0.8763763	0.333333343	0.333333343	None
  0.866666734	0.0305134878	-1.60184908	-1.60184908	0.333333343	0.333333343	None
  0.900000036	-0.0326900966	-2.03471565	-2.03471565	0.333333343	0.333333343	None
  0.9333334	-0.105134226	-1.90241373	-1.90241373	0.333333343	0.333333343	None
  0.9666667	-0.159517691	-0.668878436	-0.668878436	0.333333343	0.333333343	None
  1	-0.149726078	2.40804315	2.40804315	0.333333343	0.333333343	None
  1.03333342	0.00101889763	4.34612	4.34612	0.333333343	0.333333343	None
  1.06666672	0.140015528	2.58911824	2.58911824	0.333333343	0.333333343	None
  1.1	0.173626617	0.0340289176	0.0340289176	0.333333343	0.333333343	None
  1.13333344	0.142284	-0.9284095	-0.9284095	0.333333343	0.333333343	None
  1.16666675	0.111732595	-1.03432524	-1.03432524	0.333333343	0.333333343	None
  1.2	0.0733290538	-0.8629641	-0.8629641	0.333333343	0.333333343	None
  1.23333335	0.05420171	-0.182075381	-0.182075381	0.333333343	0.333333343	None
  1.26666677	0.06119073	0.219883814	0.219883814	0.333333343	0.333333343	None
  1.30000007	0.06886064	0.174932167	0.174932167	0.333333343	0.333333343	None
  1.33333337	0.0728528649	0.1477473	0.1477473	0.333333343	0.333333343	None
  1.4666667	0.08450953	-0.214643568	-0.214643568	0.333333343	0.333333343	None
  1.50000012	0.07292139	-0.5806425	-0.5806425	0.333333343	0.333333343	None
  1.53333342	0.0458000228	-1.09317422	-1.09317422	0.333333343	0.333333343	None
  1.56666672	4.31709377E-05	-1.51168323	-1.51168323	0.333333343	0.333333343	None
  1.60000014	-0.0549789667	-1.79082441	-1.79082441	0.333333343	0.333333343	None
  1.63333344	-0.11934521	-1.75816965	-1.75816965	0.333333343	0.333333343	None
  1.66666675	-0.17219016	-1.040953	-1.040953	0.333333343	0.333333343	None
  1.7	-0.188742012	0.726322651	0.726322651	0.333333343	0.333333343	None
  1.73333347	-0.123768464	2.02050161	2.02050161	0.333333343	0.333333343	None
  1.76666677	-0.05404181	0.247820139	0.247820139	0.333333343	0.333333343	None
  1.80000007	-0.107247137	-0.35551554	-0.35551554	0.333333343	0.333333343	None
  1.83333337	-0.07774282	0.7693837	0.7693837	0.333333343	0.333333343	None
  1.86666679	-0.05595486	0.152909681	0.152909681	0.333333343	0.333333343	None
  1.9000001	-0.0675487742	-0.257873416	-0.257873416	0.333333343	0.333333343	None
  1.9333334	-0.0731464	0.08308415	0.08308415	0.333333343	0.333333343	None
  2	-0.0408554524	0.715536952	0.715536952	0.333333343	0.333333343	None
  2.03333354	-0.0143072652	0.929591358	0.929591358	0.333333343	0.333333343	None
  2.06666684	0.021117432	1.08706343	1.08706343	0.333333343	0.333333343	None
  2.10000014	0.05816356	1.06392348	1.06392348	0.333333343	0.333333343	None
  2.16666675	0.119796537	0.690711856	0.690711856	0.333333343	0.333333343	None
  2.2	0.13809301	0.406674117	0.406674117	0.333333343	0.333333343	None
  2.266667	0.152763024	0.181345046	0.181345046	0.333333343	0.333333343	None
  2.4	0.196822166	0.6269059	0.6269059	0.333333343	0.333333343	None
  2.50000024	0.259970665	0.346215755	0.346215755	0.333333343	0.333333343	None
  2.56666684	0.2693652	0.119318187	0.119318187	0.333333343	0.333333343	None
  2.73333359	0.3053219	0.35350275	0.35350275	0.333333343	0.333333343	None
  2.80000019	0.331082344	0.2248699	0.2248699	0.333333343	0.333333343	None
  2.83333349	0.333572954	-0.44145	-0.44145	0.333333343	0.333333343	None
  2.86666679	0.301652372	-2.24747634	-2.24747634	0.333333343	0.333333343	None
  2.9	0.183741346	-3.99496031	-3.99496031	0.333333343	0.333333343	None
  2.9333334	0.0353219435	-3.39130974	-3.39130974	0.333333343	0.333333343	None
  2.966667	-0.0423463024	-0.95239383	-0.95239383	0.333333343	0.333333343	None
  3.00000024	-0.02817147	0.743974	0.743974	0.333333343	0.333333343	None
  3.03333354	0.007251911	0.80180347	0.80180347	0.333333343	0.333333343	None
  3.06666684	0.0252820421	0.560799837	0.560799837	0.333333343	0.333333343	None
  3.10000014	0.04463853	0.3933517	0.3933517	0.333333343	0.333333343	None
  3.13333344	0.0515054651	-0.0463111177	-0.0463111177	0.333333343	0.333333343	None
  3.16666675	0.0415511243	-0.360333323	-0.360333323	0.333333343	0.333333343	None
  3.20000029	0.0274831671	-0.296596169	-0.296596169	0.333333343	0.333333343	None
  3.23333359	0.0217779651	-0.0907096341	-0.0907096341	0.333333343	0.333333343	None
  3.266667	0.0214358643	-0.0349894762	-0.0349894762	0.333333343	0.333333343	None
  3.30000019	0.0194453355	-0.047547482	-0.047547482	0.333333343	0.333333343	None
  3.33333349	0.0182660352	-0.0338666365	-0.0338666365	0.333333343	0.333333343	None
  3.4	0.017005546	0.029557135	0.029557135	0.333333343	0.333333343	None
  3.4333334	0.0191580355	0.132066011	0.132066011	0.333333343	0.333333343	None
  3.466667	0.0258099865	0.21296382	0.21296382	0.333333343	0.333333343	None
  3.50000024	0.033355657	0.2655453	0.2655453	0.333333343	0.333333343	None
  3.53333354	0.04351299	0.318001926	0.318001926	0.333333343	0.333333343	None
  3.56666684	0.0545557663	0.282592177	0.282592177	0.333333343	0.333333343	None
  3.60000014	0.06235245	0.167892143	0.167892143	0.333333343	0.333333343	None
  3.66666675	0.06907299	0.171055615	0.171055615	0.333333343	0.333333343	None
  3.70000029	0.07715232	0.2883589	0.2883589	0.333333343	0.333333343	None
  3.766667	0.09648595	0.1266651	0.1266651	0.333333343	0.333333343	None
  3.83333349	0.09692826	0.083527416	0.083527416	0.333333343	0.333333343	None
  3.86666679	0.102309778	0.2658466	0.2658466	0.333333343	0.333333343	None
  4	0.162019536	0.377410948	0.377410948	0.333333343	0.333333343	None
  4.10000038	0.190747753	0.380270779	0.380270779	0.333333343	0.333333343	None
  4.166667	0.215422019	0.1513592	0.1513592	0.333333343	0.333333343	None
  4.20000029	0.215838581	-0.677226245	-0.677226245	0.333333343	0.333333343	None
  4.23333359	0.170273647	-1.93068993	-1.93068993	0.333333343	0.333333343	None
  4.266667	0.08712604	-2.28341937	-2.28341937	0.333333343	0.333333343	None
  4.3	0.0180458333	-1.67578959	-1.67578959	0.333333343	0.333333343	None
  4.33333349	-0.024593154	-0.9286036	-0.9286036	0.333333343	0.333333343	None
  4.366667	-0.0438610129	-0.2601241	-0.2601241	0.333333343	0.333333343	None
  4.4	-0.0419347435	-0.0607620925	-0.0607620925	0.333333343	0.333333343	None
  4.4333334	-0.0479118153	0.0406307578	0.0406307578	0.333333343	0.333333343	None
  4.4666667	-0.03922603	0.152042	0.152042	0.333333343	0.333333343	None
  4.5	-0.03777569	0.03825777	0.03825777	0.333333343	0.333333343	None
  4.533334	-0.0366754979	0.125170618	0.125170618	0.333333343	0.333333343	None
  4.566667	-0.0294309761	0.307810873	0.307810873	0.333333343	0.333333343	None
  4.60000038	-0.0161547922	0.354496062	0.354496062	0.333333343	0.333333343	None
  4.63333368	-0.00579792866	0.244307876	0.244307876	0.333333343	0.333333343	None
  4.666667	0.000132382338	0.09287403	0.09287403	0.333333343	0.333333343	None
  4.70000029	0.0003936668	0.0005129676	0.0005129676	0.333333343	0.333333343	None
  4.73333359	0.000166580125	0.016275404	0.016275404	0.333333343	0.333333343	None
  4.766667	0.00147869263	0.0726132244	0.0726132244	0.333333343	0.333333343	None
  4.8	0.005007457	0.114250325	0.114250325	0.333333343	0.333333343	None
  4.83333349	0.009095374	0.09585678	0.09585678	0.333333343	0.333333343	None
  4.866667	0.0113979029	0.110232681	0.110232681	0.333333343	0.333333343	None
  4.9	0.0164442118	0.134706751	0.134706751	0.333333343	0.333333343	None
  4.9333334	0.0203783438	0.0747299343	0.0747299343	0.333333343	0.333333343	None
  4.9666667	0.0214262027	0.008048784	0.008048784	0.333333343	0.333333343	None
  5.00000048	0.0209149215	0.0142886136	0.0142886136	0.333333343	0.333333343	None
  5.033334	0.0223787688	0.00246978551	0.00246978551	0.333333343	0.333333343	None
  5.066667	0.0210795738	-0.0431081131	-0.0431081131	0.333333343	0.333333343	None
  5.10000038	0.0195048973	0.0154801607	0.0154801607	0.333333343	0.333333343	None
  5.13333368	0.0221115835	0.06509219	0.06509219	0.333333343	0.333333343	None
  5.20000029	0.025507044	0.05923251	0.05923251	0.333333343	0.333333343	None
  5.266667	0.0304116011	0.0872885	0.0872885	0.333333343	0.333333343	None
  5.3	0.03361243	0.04248601	0.04248601	0.333333343	0.333333343	None
  5.366667	0.0317781977	-0.042235136	-0.042235136	0.333333343	0.333333343	None
  5.466667	0.0300264917	0.0404470824	0.0404470824	0.333333343	0.333333343	None
  5.533334	0.0356456526	0.092392914	0.092392914	0.333333343	0.333333343	None
  5.70000029	0.045856934	0.0384635851	0.0384635851	0.333333343	0.333333343	None
  5.866667	0.05523991	0.09920741	0.09920741	0.333333343	0.333333343	None
  5.933334	0.0616957732	0.07670991	0.07670991	0.333333343	0.333333343	None
  5.966667	0.06393985	0.06401774	0.06401774	0.333333343	0.333333343	None
  6.00000048	0.06596362	0.0241088364	0.0241088364	0.333333343	0.333333343	None
  6.066667	0.0659696	0.04008018	0.04008018	0.333333343	0.333333343	None
  6.13333368	0.06940377	0.0125234686	0.0125234686	0.333333343	0.333333343	None
  6.23333359	0.06798854	0.00332493638	0.00332493638	0.333333343	0.333333343	None
  6.266667	0.0684176	-0.02817831	-0.02817831	0.333333343	0.333333343	None
  6.3	0.0661099851	-0.0287490617	-0.0287490617	0.333333343	0.333333343	None
  6.40000057	0.07169757	0.102853239	0.102853239	0.333333343	0.333333343	None
  6.466667	0.07743699	0.0716993138	0.0716993138	0.333333343	0.333333343	None
  6.533334	0.08377753	0.127897352	0.127897352	0.333333343	0.333333343	None
  6.73333359	0.111299843	0.130173773	0.130173773	0.333333343	0.333333343	None
  6.933334	0.142120764	0.161538213	0.161538213	0.333333343	0.333333343	None
  7.066667	0.161528334	0.141925424	0.141925424	0.333333343	0.333333343	None
  7.266667	0.1755011	0.0209371187	0.0209371187	0.333333343	0.333333343	None
  7.36666727	0.174326554	0	0	0.333333343	0.333333343	None
FLOAT UnityEngine.Animator||Right Shoulder Down-Up discrete=False keys=123 pre=ClampForever post=ClampForever
  0	-0.0373356119	-0.0276905652	-0.0276905652	0.333333343	0.333333343	None
  0.0333333351	-0.03825863	-0.0437027365	-0.0437027365	0.333333343	0.333333343	None
  0.13333334	-0.0455705076	-0.0878341347	-0.0878341347	0.333333343	0.333333343	None
  0.200000018	-0.0526587032	-0.146232232	-0.146232232	0.333333343	0.333333343	None
  0.266666681	-0.06325614	-0.140180141	-0.140180141	0.333333343	0.333333343	None
  0.366666675	-0.07745394	-0.159089923	-0.159089923	0.333333343	0.333333343	None
  0.5	-0.09731612	-0.1566181	-0.1566181	0.333333343	0.333333343	None
  0.6666667	-0.121340245	-0.155006766	-0.155006766	0.333333343	0.333333343	None
  0.7666667	-0.1299736	0.0960591	0.0960591	0.333333343	0.333333343	None
  0.8000001	-0.12420737	0.158099115	0.158099115	0.333333343	0.333333343	None
  0.8333334	-0.119433664	0.2956249	0.2956249	0.333333343	0.333333343	None
  0.866666734	-0.104499035	0.1653804	0.1653804	0.333333343	0.333333343	None
  0.900000036	-0.108408287	-0.734000444	-0.734000444	0.333333343	0.333333343	None
  0.9333334	-0.153432429	-0.733595967	-0.733595967	0.333333343	0.333333343	None
  0.9666667	-0.157314718	-0.0591141544	-0.0591141544	0.333333343	0.333333343	None
  1	-0.157373369	-0.324528784	-0.324528784	0.333333343	0.333333343	None
  1.03333342	-0.178950027	-0.8631307	-0.8631307	0.333333343	0.333333343	None
  1.06666672	-0.214915439	-0.7826691	-0.7826691	0.333333343	0.333333343	None
  1.1	-0.231127918	0.6603541	0.6603541	0.333333343	0.333333343	None
  1.13333344	-0.170891657	1.44127512	1.44127512	0.333333343	0.333333343	None
  1.16666675	-0.135042787	1.77800119	1.77800119	0.333333343	0.333333343	None
  1.2	-0.0523583554	2.43716717	2.43716717	0.333333343	0.333333343	None
  1.23333335	0.0274348632	1.956378	1.956378	0.333333343	0.333333343	None
  1.26666677	0.0780669	1.50751019	1.50751019	0.333333343	0.333333343	None
  1.33333337	0.179718643	1.5877012	1.5877012	0.333333343	0.333333343	None
  1.36666679	0.23378247	1.98289359	1.98289359	0.333333343	0.333333343	None
  1.4000001	0.3119116	2.57471085	2.57471085	0.333333343	0.333333343	None
  1.4333334	0.4054297	2.31241465	2.31241465	0.333333343	0.333333343	None
  1.4666667	0.46607244	1.09152043	1.09152043	0.333333343	0.333333343	None
  1.53333342	0.4702281	0.0136435255	0.0136435255	0.333333343	0.333333343	None
  1.60000014	0.488081485	0.150290981	0.150290981	0.333333343	0.333333343	None
  1.63333344	0.489126682	0.3571369	0.3571369	0.333333343	0.333333343	None
  1.66666675	0.5118906	0.974518061	0.974518061	0.333333343	0.333333343	None
  1.7	0.5540945	0.7481319	0.7481319	0.333333343	0.333333343	None
  1.73333347	0.561766	0.128940642	0.128940642	0.333333343	0.333333343	None
  1.86666679	0.5295963	-0.155597255	-0.155597255	0.333333343	0.333333343	None
  1.96666682	0.5219429	-0.38222295	-0.38222295	0.333333343	0.333333343	None
  2.03333354	0.494445056	0.03889568	0.03889568	0.333333343	0.333333343	None
  2.13333344	0.5378761	0.2117168	0.2117168	0.333333343	0.333333343	None
  2.2	0.5430778	0.13750805	0.13750805	0.333333343	0.333333343	None
  2.30000019	0.5561065	0.232857078	0.232857078	0.333333343	0.333333343	None
  2.33333349	0.5667914	0.05682444	0.05682444	0.333333343	0.333333343	None
  2.4	0.5348787	-0.7282642	-0.7282642	0.333333343	0.333333343	None
  2.4666667	0.5063007	0.117160305	0.117160305	0.333333343	0.333333343	None
  2.50000024	0.519154668	0.300386667	0.300386667	0.333333343	0.333333343	None
  2.63333344	0.514872968	-0.206440881	-0.206440881	0.333333343	0.333333343	None
  2.7	0.497928172	-0.515677333	-0.515677333	0.333333343	0.333333343	None
  2.766667	0.457954377	-0.332563818	-0.332563818	0.333333343	0.333333343	None
  2.86666679	0.452187479	-0.1481734	-0.1481734	0.333333343	0.333333343	None
  2.9	0.444660068	-0.0662381053	-0.0662381053	0.333333343	0.333333343	None
  3.00000024	0.4499595	-0.06940759	-0.06940759	0.333333343	0.333333343	None
  3.10000014	0.4440176	0.0389707461	0.0389707461	0.333333343	0.333333343	None
  3.16666675	0.438252181	-0.247996286	-0.247996286	0.333333343	0.333333343	None
  3.266667	0.42844668	0.195413858	0.195413858	0.333333343	0.333333343	None
  3.33333349	0.4425014	0.0643748641	0.0643748641	0.333333343	0.333333343	None
  3.466667	0.441534638	0.00988540053	0.00988540053	0.333333343	0.333333343	None
  3.53333354	0.440703273	-0.09116614	-0.09116614	0.333333343	0.333333343	None
  3.60000014	0.444399536	0.328113139	0.328113139	0.333333343	0.333333343	None
  3.66666675	0.4647621	0.056842085	0.056842085	0.333333343	0.333333343	None
  3.766667	0.448032349	-0.146323591	-0.146323591	0.333333343	0.333333343	None
  3.80000019	0.445973277	-0.202116266	-0.202116266	0.333333343	0.333333343	None
  3.86666679	0.4219222	-0.245129555	-0.245129555	0.333333343	0.333333343	None
  3.966667	0.419495672	-0.137190133	-0.137190133	0.333333343	0.333333343	None
  4.033334	0.3997553	-0.331735551	-0.331735551	0.333333343	0.333333343	None
  4.10000038	0.3735686	-0.490272969	-0.490272969	0.333333343	0.333333343	None
  4.20000029	0.3406299	-0.08749822	-0.08749822	0.333333343	0.333333343	None
  4.266667	0.338937074	-0.0695341	-0.0695341	0.333333343	0.333333343	None
  4.366667	0.33516106	0.06325683	0.06325683	0.333333343	0.333333343	None
  4.4333334	0.3362662	-0.139469191	-0.139469191	0.333333343	0.333333343	None
  4.5	0.321756333	-0.21601513	-0.21601513	0.333333343	0.333333343	None
  4.63333368	0.300586224	0.00677660666	0.00677660666	0.333333343	0.333333343	None
  4.8	0.301438481	-0.23443602	-0.23443602	0.333333343	0.333333343	None
  4.866667	0.277667463	-0.218649864	-0.218649864	0.333333343	0.333333343	None
  4.9666667	0.291520745	0.328520715	0.328520715	0.333333343	0.333333343	None
  5.033334	0.3028731	-0.1598634	-0.1598634	0.333333343	0.333333343	None
  5.066667	0.29185915	-0.2758534	-0.2758534	0.333333343	0.333333343	None
  5.166667	0.269067049	-0.224028587	-0.224028587	0.333333343	0.333333343	None
  5.266667	0.250791043	-0.2041268	-0.2041268	0.333333343	0.333333343	None
  5.3	0.242743239	-0.101989746	-0.101989746	0.333333343	0.333333343	None
  5.366667	0.244179428	-0.0369836725	-0.0369836725	0.333333343	0.333333343	None
  5.466667	0.230018586	-0.150501937	-0.150501937	0.333333343	0.333333343	None
  5.533334	0.219429046	-0.147583783	-0.147583783	0.333333343	0.333333343	None
  5.566667	0.215769723	-0.04591991	-0.04591991	0.333333343	0.333333343	None
  5.63333368	0.213752031	-0.121381924	-0.121381924	0.333333343	0.333333343	None
  5.70000029	0.203630745	-0.1752519	-0.1752519	0.333333343	0.333333343	None
  5.866667	0.1501606	-0.331408024	-0.331408024	0.333333343	0.333333343	None
  5.9	0.140378445	-0.19791697	-0.19791697	0.333333343	0.333333343	None
  5.966667	0.136929184	-0.0271104537	-0.0271104537	0.333333343	0.333333343	None
  6.066667	0.133460835	0.113852285	0.113852285	0.333333343	0.333333343	None
  6.10000038	0.140629455	0.12290743	0.12290743	0.333333343	0.333333343	None
  6.166667	0.140960708	0.0314797759	0.0314797759	0.333333343	0.333333343	None
  6.20000029	0.1437533	0.04262213	0.04262213	0.333333343	0.333333343	None
  6.266667	0.1408919	-0.1811007	-0.1811007	0.333333343	0.333333343	None
  6.3	0.131728813	-0.252412	-0.252412	0.333333343	0.333333343	None
  6.366667	0.116657495	-0.253771067	-0.253771067	0.333333343	0.333333343	None
  6.40000057	0.107146256	-0.140663758	-0.140663758	0.333333343	0.333333343	None
  6.433334	0.107279785	-0.0685011148	-0.0685011148	0.333333343	0.333333343	None
  6.466667	0.102579519	-0.245277971	-0.245277971	0.333333343	0.333333343	None
  6.533334	0.07772474	-0.3906632	-0.3906632	0.333333343	0.333333343	None
  6.60000038	0.0524166375	-0.384365052	-0.384365052	0.333333343	0.333333343	None
  6.63333368	0.0392594337	-0.3605559	-0.3605559	0.333333343	0.333333343	None
  6.666667	0.0283796	-0.35596332	-0.35596332	0.333333343	0.333333343	None
  6.70000029	0.0155285681	-0.325504482	-0.325504482	0.333333343	0.333333343	None
  6.73333359	0.006679321	-0.24170503	-0.24170503	0.333333343	0.333333343	None
  6.766667	-0.0005850851	-0.306898683	-0.306898683	0.333333343	0.333333343	None
  6.8	-0.0137805706	-0.248146877	-0.248146877	0.333333343	0.333333343	None
  6.83333349	-0.0171281938	0.0216543078	0.0216543078	0.333333343	0.333333343	None
  6.866667	-0.0123369517	0.176192582	0.176192582	0.333333343	0.333333343	None
  6.90000057	-0.005381933	0.206401616	0.206401616	0.333333343	0.333333343	None
  6.933334	0.00142324227	0.169507071	0.169507071	0.333333343	0.333333343	None
  6.966667	0.005918528	0.1038107	0.1038107	0.333333343	0.333333343	None
  7.00000048	0.008343949	0.0309884548	0.0309884548	0.333333343	0.333333343	None
  7.033334	0.007984423	-0.04899095	-0.04899095	0.333333343	0.333333343	None
  7.066667	0.00507788872	-0.4142478	-0.4142478	0.333333343	0.333333343	None
  7.10000038	-0.0196320713	-0.773747563	-0.773747563	0.333333343	0.333333343	None
  7.13333368	-0.0465052351	-0.4697081	-0.4697081	0.333333343	0.333333343	None
  7.166667	-0.0509459153	0.0474135056	0.0474135056	0.333333343	0.333333343	None
  7.20000029	-0.0433443375	0.09594874	0.09594874	0.333333343	0.333333343	None
  7.23333359	-0.04454934	-0.01955472	-0.01955472	0.333333343	0.333333343	None
  7.266667	-0.0446479842	0.045196496	0.045196496	0.333333343	0.333333343	None
  7.3	-0.04153624	0.109675467	0.109675467	0.333333343	0.333333343	None
  7.33333349	-0.0373362936	0.0629992858	0.0629992858	0.333333343	0.333333343	None
  7.36666727	-0.0373362936	0	0	0.333333343	0.333333343	None
FLOAT UnityEngine.Animator||Right Shoulder Front-Back discrete=False keys=170 pre=ClampForever post=ClampForever
  0	0.1215968	-0.0397101	-0.0397101	0.333333343	0.333333343	None
  0.0333333351	0.120273128	-0.0982960239	-0.0982960239	0.333333343	0.333333343	None
  0.100000009	0.109753877	-0.1639289	-0.1639289	0.333333343	0.333333343	None
  0.266666681	0.06655067	-0.398780465	-0.398780465	0.333333343	0.333333343	None
  0.333333343	0.03660589	-0.4470481	-0.4470481	0.333333343	0.333333343	None
  0.366666675	0.0222529061	-0.46892947	-0.46892947	0.333333343	0.333333343	None
  0.400000036	0.005343912	-0.5305619	-0.5305619	0.333333343	0.333333343	None
  0.433333367	-0.0131178992	-0.5521877	-0.5521877	0.333333343	0.333333343	None
  0.533333361	-0.06959716	-0.620728135	-0.620728135	0.333333343	0.333333343	None
  0.5666667	-0.09131102	-0.6241113	-0.6241113	0.333333343	0.333333343	None
  0.700000048	-0.164618865	-0.553910851	-0.553910851	0.333333343	0.333333343	None
  0.733333349	-0.183833718	-0.5646124	-0.5646124	0.333333343	0.333333343	None
  0.8000001	-0.225048184	-0.803526938	-0.803526938	0.333333343	0.333333343	None
  0.8333334	-0.255828142	-1.27083135	-1.27083135	0.333333343	0.333333343	None
  0.866666734	-0.3097703	-1.15931654	-1.15931654	0.333333343	0.333333343	None
  0.900000036	-0.333115935	-0.380288363	-0.380288363	0.333333343	0.333333343	None
  0.9333334	-0.335122824	-1.46182764	-1.46182764	0.333333343	0.333333343	None
  0.9666667	-0.43057102	-4.23245239	-4.23245239	0.333333343	0.333333343	None
  1	-0.617286	-5.67883062	-5.67883062	0.333333343	0.333333343	None
  1.03333342	-0.809160054	-4.779129	-4.779129	0.333333343	0.333333343	None
  1.1	-1.01423991	-2.33201361	-2.33201361	0.333333343	0.333333343	None
  1.13333344	-1.09136271	-1.05714846	-1.05714846	0.333333343	0.333333343	None
  1.16666675	-1.08471668	1.59096	1.59096	0.333333343	0.333333343	None
  1.2	-0.9852988	2.949899	2.949899	0.333333343	0.333333343	None
  1.23333335	-0.888056934	2.71609068	2.71609068	0.333333343	0.333333343	None
  1.26666677	-0.804226	2.7098875	2.7098875	0.333333343	0.333333343	None
  1.33333337	-0.6330817	1.50119662	1.50119662	0.333333343	0.333333343	None
  1.4000001	-0.6176059	-0.351413548	-0.351413548	0.333333343	0.333333343	None
  1.4333334	-0.6307454	-0.999569058	-0.999569058	0.333333343	0.333333343	None
  1.4666667	-0.6842438	-2.22328544	-2.22328544	0.333333343	0.333333343	None
  1.50000012	-0.778964639	-1.74712133	-1.74712133	0.333333343	0.333333343	None
  1.53333342	-0.8007188	0.569292247	0.569292247	0.333333343	0.333333343	None
  1.56666672	-0.741011858	1.80193067	1.80193067	0.333333343	0.333333343	None
  1.60000014	-0.68059	2.128573	2.128573	0.333333343	0.333333343	None
  1.63333344	-0.5991069	1.41682553	1.41682553	0.333333343	0.333333343	None
  1.66666675	-0.586135	-0.843243539	-0.843243539	0.333333343	0.333333343	None
  1.7	-0.6553231	-0.6922926	-0.6922926	0.333333343	0.333333343	None
  1.73333347	-0.632287741	0.7496474	0.7496474	0.333333343	0.333333343	None
  1.83333337	-0.573698163	-0.271455467	-0.271455467	0.333333343	0.333333343	None
  1.9000001	-0.643251359	-1.39129353	-1.39129353	0.333333343	0.333333343	None
  1.9333334	-0.6913603	-0.6914555	-0.6914555	0.333333343	0.333333343	None
  1.96666682	-0.68934834	1.065361	1.065361	0.333333343	0.333333343	None
  2.03333354	-0.549229	1.35482132	1.35482132	0.333333343	0.333333343	None
  2.06666684	-0.5300147	-0.6439489	-0.6439489	0.333333343	0.333333343	None
  2.10000014	-0.5921589	-1.18284631	-1.18284631	0.333333343	0.333333343	None
  2.13333344	-0.608871043	-0.318885446	-0.318885446	0.333333343	0.333333343	None
  2.2	-0.5992994	0.7402314	0.7402314	0.333333343	0.333333343	None
  2.266667	-0.529973269	0.8545275	0.8545275	0.333333343	0.333333343	None
  2.30000019	-0.5071005	0.9678993	0.9678993	0.333333343	0.333333343	None
  2.4	-0.377514362	0.705159664	0.705159664	0.333333343	0.333333343	None
  2.4333334	-0.3677015	0.0104431808	0.0104431808	0.333333343	0.333333343	None
  2.4666667	-0.37681815	-0.7325989	-0.7325989	0.333333343	0.333333343	None
  2.50000024	-0.416541666	-0.583625734	-0.583625734	0.333333343	0.333333343	None
  2.53333354	-0.415726781	-0.167495176	-0.167495176	0.333333343	0.333333343	None
  2.60000014	-0.455610871	-0.90404433	-0.90404433	0.333333343	0.333333343	None
  2.66666675	-0.5088945	-0.4837199	-0.4837199	0.333333343	0.333333343	None
  2.73333359	-0.5267351	-0.2974065	-0.2974065	0.333333343	0.333333343	None
  2.80000019	-0.545669138	0.3608987	0.3608987	0.333333343	0.333333343	None
  2.86666679	-0.45921886	1.97312689	1.97312689	0.333333343	0.333333343	None
  2.9	-0.3844511	1.21667933	1.21667933	0.333333343	0.333333343	None
  2.9333334	-0.378106982	0.08212673	0.08212673	0.333333343	0.333333343	None
  2.966667	-0.378976	0.269266874	0.269266874	0.333333343	0.333333343	None
  3.00000024	-0.36015588	0.681312144	0.681312144	0.333333343	0.333333343	None
  3.03333354	-0.333555222	1.1218735	1.1218735	0.333333343	0.333333343	None
  3.06666684	-0.2853644	1.18064654	1.18064654	0.333333343	0.333333343	None
  3.10000014	-0.25484553	0.9653141	0.9653141	0.333333343	0.333333343	None
  3.13333344	-0.221010178	0.861696	0.861696	0.333333343	0.333333343	None
  3.16666675	-0.197399184	0.7560265	0.7560265	0.333333343	0.333333343	None
  3.23333359	-0.151107952	0.409688145	0.409688145	0.333333343	0.333333343	None
  3.266667	-0.14329575	0.341263354	0.341263354	0.333333343	0.333333343	None
  3.30000019	-0.128357083	0.486301959	0.486301959	0.333333343	0.333333343	None
  3.33333349	-0.110875651	0.675924063	0.675924063	0.333333343	0.333333343	None
  3.36666679	-0.0832955241	0.707674	0.707674	0.333333343	0.333333343	None
  3.4	-0.06369743	0.374798983	0.374798983	0.333333343	0.333333343	None
  3.4333334	-0.0583089478	0.0736051947	0.0736051947	0.333333343	0.333333343	None
  3.466667	-0.058790423	0.247593939	0.247593939	0.333333343	0.333333343	None
  3.50000024	-0.0418027043	0.6053792	0.6053792	0.333333343	0.333333343	None
  3.53333354	-0.0184318442	0.409695059	0.409695059	0.333333343	0.333333343	None
  3.56666684	-0.0144897252	-0.230546668	-0.230546668	0.333333343	0.333333343	None
  3.60000014	-0.0338016078	-0.008538604	-0.008538604	0.333333343	0.333333343	None
  3.63333344	-0.0150589654	0.3113224	0.3113224	0.333333343	0.333333343	None
  3.66666675	-0.013046803	-0.0592646524	-0.0592646524	0.333333343	0.333333343	None
  3.70000029	-0.0190099813	-0.359746367	-0.359746367	0.333333343	0.333333343	None
  3.73333359	-0.0370299146	-0.3340334	-0.3340334	0.333333343	0.333333343	None
  3.766667	-0.041278854	-0.207024544	-0.207024544	0.333333343	0.333333343	None
  3.80000019	-0.0508315377	-0.120036557	-0.120036557	0.333333343	0.333333343	None
  3.83333349	-0.0492812842	-0.04274344	-0.04274344	0.333333343	0.333333343	None
  3.86666679	-0.0536810979	-0.275946379	-0.275946379	0.333333343	0.333333343	None
  3.9	-0.06767769	-0.2833768	-0.2833768	0.333333343	0.333333343	None
  3.93333364	-0.0725729	0.07514771	0.07514771	0.333333343	0.333333343	None
  3.966667	-0.0626678839	0.536296666	0.536296666	0.333333343	0.333333343	None
  4	-0.03682001	0.113640487	0.113640487	0.333333343	0.333333343	None
  4.033334	-0.0550923049	-0.815817952	-0.815817952	0.333333343	0.333333343	None
  4.066667	-0.09120808	-0.8694617	-0.8694617	0.333333343	0.333333343	None
  4.10000038	-0.113056362	-0.459865868	-0.459865868	0.333333343	0.333333343	None
  4.13333368	-0.121865772	0.0264225751	0.0264225751	0.333333343	0.333333343	None
  4.20000029	-0.09132053	0.577743769	0.577743769	0.333333343	0.333333343	None
  4.23333359	-0.07277864	0.304434121	0.304434121	0.333333343	0.333333343	None
  4.266667	-0.07102494	0.00418067351	0.00418067351	0.333333343	0.333333343	None
  4.3	-0.07249993	-0.239246562	-0.239246562	0.333333343	0.333333343	None
  4.33333349	-0.0869746953	-0.408676177	-0.408676177	0.333333343	0.333333343	None
  4.366667	-0.09974498	-0.3188173	-0.3188173	0.333333343	0.333333343	None
  4.4	-0.10822916	-0.394026816	-0.394026816	0.333333343	0.333333343	None
  4.4333334	-0.126013413	-0.468105823	-0.468105823	0.333333343	0.333333343	None
  4.4666667	-0.139436185	-0.0292544365	-0.0292544365	0.333333343	0.333333343	None
  4.5	-0.1279637	0.4019631	0.4019631	0.333333343	0.333333343	None
  4.533334	-0.112638451	0.721579134	0.721579134	0.333333343	0.333333343	None
  4.566667	-0.07985826	0.901240468	0.901240468	0.333333343	0.333333343	None
  4.60000038	-0.05255581	0.6982355	0.6982355	0.333333343	0.333333343	None
  4.63333368	-0.03330927	0.549771249	0.549771249	0.333333343	0.333333343	None
  4.666667	-0.0159044284	0.120759204	0.120759204	0.333333343	0.333333343	None
  4.70000029	-0.025258664	-0.215714246	-0.215714246	0.333333343	0.333333343	None
  4.73333359	-0.030285364	-0.186747134	-0.186747134	0.333333343	0.333333343	None
  4.766667	-0.03770846	-0.18076387	-0.18076387	0.333333343	0.333333343	None
  4.8	-0.0423362777	-0.200497836	-0.200497836	0.333333343	0.333333343	None
  4.83333349	-0.05107497	-0.436961234	-0.436961234	0.333333343	0.333333343	None
  4.866667	-0.071467	-2.0146656	-2.0146656	0.333333343	0.333333343	None
  4.9	-0.185385883	-3.98850632	-3.98850632	0.333333343	0.333333343	None
  4.9333334	-0.337367177	-2.9303894	-2.9303894	0.333333343	0.333333343	None
  4.9666667	-0.380745	-1.019628	-1.019628	0.333333343	0.333333343	None
  5.00000048	-0.405342668	-0.5844844	-0.5844844	0.333333343	0.333333343	None
  5.033334	-0.419710934	-0.770628	-0.770628	0.333333343	0.333333343	None
  5.066667	-0.456717819	-0.9255364	-0.9255364	0.333333343	0.333333343	None
  5.20000029	-0.494448036	0.3348683	0.3348683	0.333333343	0.333333343	None
  5.23333359	-0.477712125	0.520073652	0.520073652	0.333333343	0.333333343	None
  5.266667	-0.4597765	0.06797798	0.06797798	0.333333343	0.333333343	None
  5.33333349	-0.4883225	-0.314845145	-0.314845145	0.333333343	0.333333343	None
  5.4	-0.491770983	0.15874669	0.15874669	0.333333343	0.333333343	None
  5.4333334	-0.483586818	0.1324117	0.1324117	0.333333343	0.333333343	None
  5.50000048	-0.482169777	0.2359461	0.2359461	0.333333343	0.333333343	None
  5.60000038	-0.431748241	0.31210348	0.31210348	0.333333343	0.333333343	None
  5.666667	-0.413410485	0.5587382	0.5587382	0.333333343	0.333333343	None
  5.70000029	-0.387717128	0.6039227	0.6039227	0.333333343	0.333333343	None
  5.8	-0.353566617	0.368886352	0.368886352	0.333333343	0.333333343	None
  5.933334	-0.322827637	-0.131444454	-0.131444454	0.333333343	0.333333343	None
  6.00000048	-0.3352908	0.109042637	0.109042637	0.333333343	0.333333343	None
  6.033334	-0.3243029	0.5623011	0.5623011	0.333333343	0.333333343	None
  6.10000038	-0.2724669	0.5373256	0.5373256	0.333333343	0.333333343	None
  6.13333368	-0.2619824	0.457546175	0.457546175	0.333333343	0.333333343	None
  6.166667	-0.241963848	0.545884132	0.545884132	0.333333343	0.333333343	None
  6.23333359	-0.206178248	0.8412689	0.8412689	0.333333343	0.333333343	None
  6.266667	-0.169505626	1.121376	1.121376	0.333333343	0.333333343	None
  6.3	-0.131419912	1.3117106	1.3117106	0.333333343	0.333333343	None
  6.33333349	-0.08205834	1.476335	1.476335	0.333333343	0.333333343	None
  6.366667	-0.0329976641	1.73602223	1.73602223	0.333333343	0.333333343	None
  6.40000057	0.0336773172	1.26452816	1.26452816	0.333333343	0.333333343	None
  6.433334	0.0513050854	0.278784037	0.278784037	0.333333343	0.333333343	None
  6.466667	0.0522629023	0.117074959	0.117074959	0.333333343	0.333333343	None
  6.50000048	0.0591100752	0.220153019	0.220153019	0.333333343	0.333333343	None
  6.533334	0.0669397563	0.265625328	0.265625328	0.333333343	0.333333343	None
  6.566667	0.076818414	0.227540284	0.227540284	0.333333343	0.333333343	None
  6.60000038	0.08210909	0.160912246	0.160912246	0.333333343	0.333333343	None
  6.63333368	0.08754589	0.1524673	0.1524673	0.333333343	0.333333343	None
  6.666667	0.09227357	0.225843892	0.225843892	0.333333343	0.333333343	None
  6.70000029	0.102602132	0.279400617	0.279400617	0.333333343	0.333333343	None
  6.73333359	0.110900261	0.304567158	0.304567158	0.333333343	0.333333343	None
  6.8	0.131058484	0.123365082	0.123365082	0.333333343	0.333333343	None
  6.90000057	0.129087627	0.133906558	0.133906558	0.333333343	0.333333343	None
  7.00000048	0.160258368	0.273829877	0.273829877	0.333333343	0.333333343	None
  7.033334	0.167727992	0.24100922	0.24100922	0.333333343	0.333333343	None
  7.066667	0.176325634	-0.03735718	-0.03735718	0.333333343	0.333333343	None
  7.10000038	0.165237516	-0.814928532	-0.814928532	0.333333343	0.333333343	None
  7.13333368	0.121997118	-1.49301589	-1.49301589	0.333333343	0.333333343	None
  7.166667	0.06570322	-1.26487494	-1.26487494	0.333333343	0.333333343	None
  7.20000029	0.0376722068	-0.553251	-0.553251	0.333333343	0.333333343	None
  7.23333359	0.0288198553	0.136296585	0.136296585	0.333333343	0.333333343	None
  7.266667	0.0467586368	0.870571136	0.870571136	0.333333343	0.333333343	None
  7.3	0.08685788	1.12261117	1.12261117	0.333333343	0.333333343	None
  7.33333349	0.121599309	0.521122	0.521122	0.333333343	0.333333343	None
  7.36666727	0.121599309	0	0	0.333333343	0.333333343	None
FLOAT UnityEngine.Animator||Right Toes Up-Down discrete=False keys=183 pre=ClampForever post=ClampForever
  0	0.001890815	-0.009557755	-0.009557755	0.333333343	0.333333343	None
  0.0333333351	0.00157222315	-0.011100702	-0.011100702	0.333333343	0.333333343	None
  0.06666667	0.00115076813	0.0210189689	0.0210189689	0.333333343	0.333333343	None
  0.100000009	0.002973488	0.0452502	0.0452502	0.333333343	0.333333343	None
  0.13333334	0.00416744826	0.0415848643	0.0415848643	0.333333343	0.333333343	None
  0.166666672	0.00574581232	0.038004823	0.038004823	0.333333343	0.333333343	None
  0.200000018	0.00670110341	0.0146170072	0.0146170072	0.333333343	0.333333343	None
  0.233333349	0.00672028	0.0120580671	0.0120580671	0.333333343	0.333333343	None
  0.3	0.008857817	0.049784556	0.049784556	0.333333343	0.333333343	None
  0.366666675	0.0130038159	0.068688564	0.068688564	0.333333343	0.333333343	None
  0.400000036	0.0154031841	0.0668807551	0.0668807551	0.333333343	0.333333343	None
  0.433333367	0.0174625348	0.06526833	0.06526833	0.333333343	0.333333343	None
  0.533333361	0.0241094343	0.06688228	0.06688228	0.333333343	0.333333343	None
  0.5666667	0.0264086816	0.05891511	0.05891511	0.333333343	0.333333343	None
  0.6	0.0280371085	0.05103389	0.05103389	0.333333343	0.333333343	None
  0.6333334	0.02981094	0.04107942	0.04107942	0.333333343	0.333333343	None
  0.6666667	0.030775737	0.0410612859	0.0410612859	0.333333343	0.333333343	None
  0.700000048	0.03254836	0.04907364	0.04907364	0.333333343	0.333333343	None
  0.733333349	0.034047313	0.0449309163	0.0449309163	0.333333343	0.333333343	None
  0.8000001	0.03507658	-0.0516743	-0.0516743	0.333333343	0.333333343	None
  0.8333334	0.0320988037	-0.19965288	-0.19965288	0.333333343	0.333333343	None
  0.866666734	0.0217663832	-0.372190654	-0.372190654	0.333333343	0.333333343	None
  0.900000036	0.007286098	-0.471877337	-0.471877337	0.333333343	0.333333343	None
  0.9333334	-0.009692107	-0.5521355	-0.5521355	0.333333343	0.333333343	None
  0.9666667	-0.0295229331	-0.842878	-0.842878	0.333333343	0.333333343	None
  1	-0.06588392	-0.719576538	-0.719576538	0.333333343	0.333333343	None
  1.03333342	-0.0774946958	0.201353863	0.201353863	0.333333343	0.333333343	None
  1.06666672	-0.0524603836	1.28055167	1.28055167	0.333333343	0.333333343	None
  1.1	0.007875339	1.845012	1.845012	0.333333343	0.333333343	None
  1.13333344	0.070540525	1.33032513	1.33032513	0.333333343	0.333333343	None
  1.16666675	0.0965638161	0.4721136	0.4721136	0.333333343	0.333333343	None
  1.2	0.102014735	0.003852211	0.003852211	0.333333343	0.333333343	None
  1.23333335	0.09682063	-0.0246767588	-0.0246767588	0.333333343	0.333333343	None
  1.26666677	0.100369632	0.08439091	0.08439091	0.333333343	0.333333343	None
  1.36666679	0.106714629	0.0633856952	0.0633856952	0.333333343	0.333333343	None
  1.4333334	0.109735854	-0.021002721	-0.021002721	0.333333343	0.333333343	None
  1.4666667	0.107560262	-0.087284334	-0.087284334	0.333333343	0.333333343	None
  1.53333342	0.09285542	-0.483151674	-0.483151674	0.333333343	0.333333343	None
  1.56666672	0.07170681	-0.783622146	-0.783622146	0.333333343	0.333333343	None
  1.60000014	0.0406138822	-0.7251663	-0.7251663	0.333333343	0.333333343	None
  1.63333344	0.02336232	-0.5061343	-0.5061343	0.333333343	0.333333343	None
  1.66666675	0.00687163044	-0.9934326	-0.9934326	0.333333343	0.333333343	None
  1.7	-0.0428664573	-1.16853523	-1.16853523	0.333333343	0.333333343	None
  1.73333347	-0.07103075	-0.3524502	-0.3524502	0.333333343	0.333333343	None
  1.76666677	-0.0663632154	-0.364303559	-0.364303559	0.333333343	0.333333343	None
  1.80000007	-0.09531763	-0.358992577	-0.358992577	0.333333343	0.333333343	None
  1.83333337	-0.09029603	0.350336969	0.350336969	0.333333343	0.333333343	None
  1.86666679	-0.07196179	0.5885055	0.5885055	0.333333343	0.333333343	None
  1.9000001	-0.0510623045	0.687422454	0.687422454	0.333333343	0.333333343	None
  1.9333334	-0.0261336714	0.496087372	0.496087372	0.333333343	0.333333343	None
  1.96666682	-0.0179898161	0.242239192	0.242239192	0.333333343	0.333333343	None
  2	-0.009984407	0.2330463	0.2330463	0.333333343	0.333333343	None
  2.03333354	-0.00245338562	0.287765115	0.287765115	0.333333343	0.333333343	None
  2.06666684	0.00919996947	0.452746153	0.452746153	0.333333343	0.333333343	None
  2.10000014	0.0277296621	0.431039751	0.431039751	0.333333343	0.333333343	None
  2.13333344	0.0379359238	0.270149142	0.270149142	0.333333343	0.333333343	None
  2.16666675	0.0457395874	0.205925792	0.205925792	0.333333343	0.333333343	None
  2.2	0.0516642965	0.0599016622	0.0599016622	0.333333343	0.333333343	None
  2.23333335	0.0497330278	-0.08030388	-0.08030388	0.333333343	0.333333343	None
  2.266667	0.0463106856	-0.09706183	-0.09706183	0.333333343	0.333333343	None
  2.30000019	0.04326222	-0.09765547	-0.09765547	0.333333343	0.333333343	None
  2.36666679	0.03878131	0.05287371	0.05287371	0.333333343	0.333333343	None
  2.4333334	0.050974533	0.232317418	0.232317418	0.333333343	0.333333343	None
  2.4666667	0.05881305	0.283025324	0.283025324	0.333333343	0.333333343	None
  2.50000024	0.06984295	0.201727614	0.201727614	0.333333343	0.333333343	None
  2.53333354	0.072261624	0.068903774	0.068903774	0.333333343	0.333333343	None
  2.60000014	0.0767818242	0.06641637	0.06641637	0.333333343	0.333333343	None
  2.63333344	0.0788642839	0.101093672	0.101093672	0.333333343	0.333333343	None
  2.66666675	0.0835213959	0.104068354	0.104068354	0.333333343	0.333333343	None
  2.73333359	0.08762245	0.0597894266	0.0597894266	0.333333343	0.333333343	None
  2.80000019	0.08912794	-0.08923807	-0.08923807	0.333333343	0.333333343	None
  2.83333349	0.08383894	-0.242351219	-0.242351219	0.333333343	0.333333343	None
  2.86666679	0.07297121	-0.7200715	-0.7200715	0.333333343	0.333333343	None
  2.9	0.03583422	-1.02143955	-1.02143955	0.333333343	0.333333343	None
  2.9333334	0.004875304	-0.986786962	-0.986786962	0.333333343	0.333333343	None
  2.966667	-0.029951768	-0.8043854	-0.8043854	0.333333343	0.333333343	None
  3.00000024	-0.04875059	-0.225537479	-0.225537479	0.333333343	0.333333343	None
  3.03333354	-0.0449875854	0.3415997	0.3415997	0.333333343	0.333333343	None
  3.06666684	-0.0259772986	0.5841369	0.5841369	0.333333343	0.333333343	None
  3.10000014	-0.00604516361	0.4593985	0.4593985	0.333333343	0.333333343	None
  3.13333344	0.00464923726	0.1592194	0.1592194	0.333333343	0.333333343	None
  3.16666675	0.00456945272	-0.0227035284	-0.0227035284	0.333333343	0.333333343	None
  3.20000029	0.00313566	-0.0170186255	-0.0170186255	0.333333343	0.333333343	None
  3.23333359	0.00343486853	0.0299469456	0.0299469456	0.333333343	0.333333343	None
  3.266667	0.005132121	0.09173415	0.09173415	0.333333343	0.333333343	None
  3.30000019	0.009550473	0.193360567	0.193360567	0.333333343	0.333333343	None
  3.33333349	0.0180228129	0.2214697	0.2214697	0.333333343	0.333333343	None
  3.36666679	0.0243151058	0.132861137	0.132861137	0.333333343	0.333333343	None
  3.4	0.026880214	0.0284593832	0.0284593832	0.333333343	0.333333343	None
  3.4333334	0.0262123961	-0.09470912	-0.09470912	0.333333343	0.333333343	None
  3.466667	0.0205662381	-0.134241939	-0.134241939	0.333333343	0.333333343	None
  3.50000024	0.0172629021	-0.118498862	-0.118498862	0.333333343	0.333333343	None
  3.53333354	0.0126663214	-0.205365136	-0.205365136	0.333333343	0.333333343	None
  3.56666684	0.00357190613	-0.392866552	-0.392866552	0.333333343	0.333333343	None
  3.60000014	-0.0135247586	-0.3369437	-0.3369437	0.333333343	0.333333343	None
  3.63333344	-0.0188909862	0.00251898915	0.00251898915	0.333333343	0.333333343	None
  3.66666675	-0.0133568263	0.217993632	0.217993632	0.333333343	0.333333343	None
  3.70000029	-0.004358027	0.270994246	0.270994246	0.333333343	0.333333343	None
  3.73333359	0.00470950454	0.337685347	0.337685347	0.333333343	0.333333343	None
  3.766667	0.0181543063	0.436883867	0.436883867	0.333333343	0.333333343	None
  3.80000019	0.03383507	0.3202073	0.3202073	0.333333343	0.333333343	None
  3.83333349	0.03950144	0.109089673	0.109089673	0.333333343	0.333333343	None
  3.86666679	0.0411077067	-0.007900622	-0.007900622	0.333333343	0.333333343	None
  3.9	0.0389747322	-0.163087457	-0.163087457	0.333333343	0.333333343	None
  3.93333364	0.0302351583	-0.246840745	-0.246840745	0.333333343	0.333333343	None
  3.966667	0.0225186367	-0.1120825	-0.1120825	0.333333343	0.333333343	None
  4	0.0227629971	0.12638931	0.12638931	0.333333343	0.333333343	None
  4.033334	0.0309446976	0.208530664	0.208530664	0.333333343	0.333333343	None
  4.066667	0.0366651453	-0.09968541	-0.09968541	0.333333343	0.333333343	None
  4.10000038	0.02429901	-0.645384848	-0.645384848	0.333333343	0.333333343	None
  4.13333368	-0.00636047171	-0.847208738	-0.847208738	0.333333343	0.333333343	None
  4.166667	-0.03218152	-0.5236064	-0.5236064	0.333333343	0.333333343	None
  4.20000029	-0.0412675329	-0.191934928	-0.191934928	0.333333343	0.333333343	None
  4.23333359	-0.04497717	-0.158624932	-0.158624932	0.333333343	0.333333343	None
  4.266667	-0.05184252	-0.25985837	-0.25985837	0.333333343	0.333333343	None
  4.3	-0.0623010434	-0.273029029	-0.273029029	0.333333343	0.333333343	None
  4.366667	-0.0763062462	-0.1724138	-0.1724138	0.333333343	0.333333343	None
  4.4	-0.08153868	-0.0260627158	-0.0260627158	0.333333343	0.333333343	None
  4.4333334	-0.07804376	0.15102528	0.15102528	0.333333343	0.333333343	None
  4.4666667	-0.0714703351	0.521343946	0.521343946	0.333333343	0.333333343	None
  4.5	-0.0432875268	0.705343366	0.705343366	0.333333343	0.333333343	None
  4.533334	-0.0244472157	0.4704111	0.4704111	0.333333343	0.333333343	None
  4.566667	-0.0119265467	0.3042844	0.3042844	0.333333343	0.333333343	None
  4.60000038	-0.00416161	0.23614645	0.23614645	0.333333343	0.333333343	None
  4.63333368	0.003816534	0.16291824	0.16291824	0.333333343	0.333333343	None
  4.666667	0.006699596	0.0375251	0.0375251	0.333333343	0.333333343	None
  4.70000029	0.006318205	0.009068746	0.009068746	0.333333343	0.333333343	None
  4.73333359	0.00730417855	0.0212562885	0.0212562885	0.333333343	0.333333343	None
  4.766667	0.00773528963	0.0364228822	0.0364228822	0.333333343	0.333333343	None
  4.8	0.009732368	0.146033123	0.146033123	0.333333343	0.333333343	None
  4.83333349	0.0174708217	0.191161454	0.191161454	0.333333343	0.333333343	None
  5.00000048	0.02571566	-0.0154577931	-0.0154577931	0.333333343	0.333333343	None
  5.066667	0.0243805777	-0.0299428124	-0.0299428124	0.333333343	0.333333343	None
  5.13333368	0.02197951	-0.0260736682	-0.0260736682	0.333333343	0.333333343	None
  5.20000029	0.0206905361	-0.0240221657	-0.0240221657	0.333333343	0.333333343	None
  5.23333359	0.01981337	-0.0277850572	-0.0277850572	0.333333343	0.333333343	None
  5.266667	0.0188382	-0.0629909	-0.0629909	0.333333343	0.333333343	None
  5.3	0.0156139806	-0.105067842	-0.105067842	0.333333343	0.333333343	None
  5.33333349	0.0118336845	-0.08958437	-0.08958437	0.333333343	0.333333343	None
  5.366667	0.009641695	-0.04618203	-0.04618203	0.333333343	0.333333343	None
  5.4	0.008754886	-0.02699463	-0.02699463	0.333333343	0.333333343	None
  5.466667	0.007135913	-0.0176072046	-0.0176072046	0.333333343	0.333333343	None
  5.566667	0.00664802734	0.008158561	0.008158561	0.333333343	0.333333343	None
  5.60000038	0.00705934549	0.0297661349	0.0297661349	0.333333343	0.333333343	None
  5.63333368	0.00863243453	0.0583735928	0.0583735928	0.333333343	0.333333343	None
  5.666667	0.0109509146	0.089824684	0.089824684	0.333333343	0.333333343	None
  5.70000029	0.0146207409	0.108181462	0.108181462	0.333333343	0.333333343	None
  5.8	0.02473527	0.0853708	0.0853708	0.333333343	0.333333343	None
  5.83333349	0.0272840168	0.0447392352	0.0447392352	0.333333343	0.333333343	None
  5.9	0.0274900962	-0.005038902	-0.005038902	0.333333343	0.333333343	None
  5.966667	0.0270612258	-0.02076599	-0.02076599	0.333333343	0.333333343	None
  6.033334	0.0247208849	-0.0303374343	-0.0303374343	0.333333343	0.333333343	None
  6.166667	0.0219908133	-0.0230504237	-0.0230504237	0.333333343	0.333333343	None
  6.3	0.018126091	-0.036447987	-0.036447987	0.333333343	0.333333343	None
  6.366667	0.0157801248	-0.0215851031	-0.0215851031	0.333333343	0.333333343	None
  6.40000057	0.0154210608	-0.02629096	-0.02629096	0.333333343	0.333333343	None
  6.433334	0.0140273906	-0.0467615649	-0.0467615649	0.333333343	0.333333343	None
  6.466667	0.0123036262	-0.05815905	-0.05815905	0.333333343	0.333333343	None
  6.50000048	0.0101501243	-0.05282948	-0.05282948	0.333333343	0.333333343	None
  6.533334	0.008781664	-0.03918419	-0.03918419	0.333333343	0.333333343	None
  6.60000038	0.00633608131	-0.0376391336	-0.0376391336	0.333333343	0.333333343	None
  6.63333368	0.00502857426	-0.0224694815	-0.0224694815	0.333333343	0.333333343	None
  6.666667	0.0048381174	0.0003677702	0.0003677702	0.333333343	0.333333343	None
  6.70000029	0.00505309226	0.003665291	0.003665291	0.333333343	0.333333343	None
  6.73333359	0.00508247	-0.00739536	-0.00739536	0.333333343	0.333333343	None
  6.766667	0.00456006872	0.0183182824	0.0183182824	0.333333343	0.333333343	None
  6.8	0.00630368758	0.0437586047	0.0437586047	0.333333343	0.333333343	None
  6.83333349	0.0074773063	0.0122943772	0.0122943772	0.333333343	0.333333343	None
  6.866667	0.007123312	-0.0174633842	-0.0174633842	0.333333343	0.333333343	None
  6.90000057	0.00631307	-0.02276518	-0.02276518	0.333333343	0.333333343	None
  6.933334	0.005605623	-0.018311074	-0.018311074	0.333333343	0.333333343	None
  7.00000048	0.004426731	-0.0255749151	-0.0255749151	0.333333343	0.333333343	None
  7.033334	0.00338734034	-0.0268877484	-0.0268877484	0.333333343	0.333333343	None
  7.066667	0.00263421587	-0.00452408753	-0.00452408753	0.333333343	0.333333343	None
  7.10000038	0.00308573479	0.0189366713	0.0189366713	0.333333343	0.333333343	None
  7.13333368	0.00389665947	0.0219393931	0.0219393931	0.333333343	0.333333343	None
  7.166667	0.00454835966	0.0151542891	0.0151542891	0.333333343	0.333333343	None
  7.20000029	0.00490694446	-0.00378960837	-0.00378960837	0.333333343	0.333333343	None
  7.23333359	0.00429571932	-0.0210374482	-0.0210374482	0.333333343	0.333333343	None
  7.266667	0.00350444927	-0.02646555	-0.02646555	0.333333343	0.333333343	None
  7.3	0.002531351	-0.0242066011	-0.0242066011	0.333333343	0.333333343	None
  7.33333349	0.00189067738	-0.009610115	-0.009610115	0.333333343	0.333333343	None
  7.36666727	0.00189067738	0	0	0.333333343	0.333333343	None
FLOAT UnityEngine.Animator||Right Upper Leg Front-Back discrete=False keys=92 pre=ClampForever post=ClampForever
  0	0.6404902	-0.0103998175	-0.0103998175	0.333333343	0.333333343	None
  0.5666667	0.6252762	-0.0991871953	-0.0991871953	0.333333343	0.333333343	None
  0.733333349	0.607251942	-0.1591694	-0.1591694	0.333333343	0.333333343	None
  0.8000001	0.5735844	-1.14834166	-1.14834166	0.333333343	0.333333343	None
  0.8333334	0.5240881	-2.1903863	-2.1903863	0.333333343	0.333333343	None
  0.900000036	0.3216652	-2.63767481	-2.63767481	0.333333343	0.333333343	None
  0.9666667	0.19452405	-1.864311	-1.864311	0.333333343	0.333333343	None
  1	0.127426386	-2.297726	-2.297726	0.333333343	0.333333343	None
  1.03333342	0.04134216	-1.9907546	-1.9907546	0.333333343	0.333333343	None
  1.06666672	-0.00529076857	-0.5552886	-0.5552886	0.333333343	0.333333343	None
  1.1	0.00432295445	0.160061613	0.160061613	0.333333343	0.333333343	None
  1.13333344	0.00538	-0.406017125	-0.406017125	0.333333343	0.333333343	None
  1.16666675	-0.0227448251	-0.632979333	-0.632979333	0.333333343	0.333333343	None
  1.2	-0.0368185826	-0.1363616	-0.1363616	0.333333343	0.333333343	None
  1.23333335	-0.03183559	0.273004949	0.273004949	0.333333343	0.333333343	None
  1.26666677	-0.0186182223	0.361657619	0.361657619	0.333333343	0.333333343	None
  1.30000007	-0.00772505859	0.2567374	0.2567374	0.333333343	0.333333343	None
  1.33333337	-0.00150241109	0.4610857	0.4610857	0.333333343	0.333333343	None
  1.36666679	0.0230140463	0.9132366	0.9132366	0.333333343	0.333333343	None
  1.4000001	0.0593800619	0.9923547	0.9923547	0.333333343	0.333333343	None
  1.4333334	0.08917096	0.715953231	0.715953231	0.333333343	0.333333343	None
  1.4666667	0.107110232	0.4712767	0.4712767	0.333333343	0.333333343	None
  1.53333342	0.117327996	-0.516799033	-0.516799033	0.333333343	0.333333343	None
  1.56666672	0.08613619	-1.26052654	-1.26052654	0.333333343	0.333333343	None
  1.60000014	0.0332927853	-1.48431659	-1.48431659	0.333333343	0.333333343	None
  1.63333344	-0.0128183346	-1.1835351	-1.1835351	0.333333343	0.333333343	None
  1.66666675	-0.0456094779	-0.9504976	-0.9504976	0.333333343	0.333333343	None
  1.7	-0.07618478	-0.5562763	-0.5562763	0.333333343	0.333333343	None
  1.76666677	-0.06870093	0.65056926	0.65056926	0.333333343	0.333333343	None
  1.80000007	-0.03932331	0.6979226	0.6979226	0.333333343	0.333333343	None
  1.83333337	-0.0221728068	0.198472783	0.198472783	0.333333343	0.333333343	None
  1.86666679	-0.02609182	-0.2199701	-0.2199701	0.333333343	0.333333343	None
  1.9000001	-0.03683748	-0.270716876	-0.270716876	0.333333343	0.333333343	None
  1.9333334	-0.0441395938	-0.08031949	-0.08031949	0.333333343	0.333333343	None
  2	-0.0355834365	0.204108059	0.204108059	0.333333343	0.333333343	None
  2.03333354	-0.0285848845	0.268494844	0.268494844	0.333333343	0.333333343	None
  2.06666684	-0.0176837463	0.366988063	0.366988063	0.333333343	0.333333343	None
  2.10000014	-0.00411903765	0.5254733	0.5254733	0.333333343	0.333333343	None
  2.13333344	0.0173477717	0.6718308	0.6718308	0.333333343	0.333333343	None
  2.16666675	0.0406696349	0.645783663	0.645783663	0.333333343	0.333333343	None
  2.2	0.0603999756	0.4876879	0.4876879	0.333333343	0.333333343	None
  2.266667	0.07863895	0.0241178609	0.0241178609	0.333333343	0.333333343	None
  2.33333349	0.06839885	-0.170810834	-0.170810834	0.333333343	0.333333343	None
  2.4333334	0.0599530451	-0.004552775	-0.004552775	0.333333343	0.333333343	None
  2.4666667	0.0605030432	-0.0460979454	-0.0460979454	0.333333343	0.333333343	None
  2.50000024	0.0568798259	-0.132477343	-0.132477343	0.333333343	0.333333343	None
  2.53333354	0.0516712032	-0.2349652	-0.2349652	0.333333343	0.333333343	None
  2.56666684	0.0412154943	-0.33150956	-0.33150956	0.333333343	0.333333343	None
  2.60000014	0.029570587	-0.242907822	-0.242907822	0.333333343	0.333333343	None
  2.63333344	0.0250216555	0.15733999	0.15733999	0.333333343	0.333333343	None
  2.66666675	0.04005991	0.3985995	0.3985995	0.333333343	0.333333343	None
  2.73333359	0.0652038	0.5268454	0.5268454	0.333333343	0.333333343	None
  2.766667	0.08671802	0.7377919	0.7377919	0.333333343	0.333333343	None
  2.80000019	0.114389881	0.749443	0.749443	0.333333343	0.333333343	None
  2.83333349	0.136680841	0.5213352	0.5213352	0.333333343	0.333333343	None
  2.9	0.154459536	0.0120614544	0.0120614544	0.333333343	0.333333343	None
  2.9333334	0.149949625	-0.0485175475	-0.0485175475	0.333333343	0.333333343	None
  2.966667	0.151225045	0.249538526	0.249538526	0.333333343	0.333333343	None
  3.00000024	0.16658552	0.5239499	0.5239499	0.333333343	0.333333343	None
  3.03333354	0.186155	0.7417303	0.7417303	0.333333343	0.333333343	None
  3.06666684	0.216034159	0.846527	0.846527	0.333333343	0.333333343	None
  3.20000029	0.294385463	0.244316489	0.244316489	0.333333343	0.333333343	None
  3.30000019	0.3004819	-0.0347538628	-0.0347538628	0.333333343	0.333333343	None
  3.36666679	0.302429169	0.195145652	0.195145652	0.333333343	0.333333343	None
  3.466667	0.333502173	0.307962656	0.307962656	0.333333343	0.333333343	None
  3.53333354	0.3552946	0.460479379	0.460479379	0.333333343	0.333333343	None
  3.60000014	0.383236527	0.191974372	0.191974372	0.333333343	0.333333343	None
  3.70000029	0.382123083	-0.0274263341	-0.0274263341	0.333333343	0.333333343	None
  3.9	0.427340627	0.760852337	0.760852337	0.333333343	0.333333343	None
  4.033334	0.5202811	-0.0138386041	-0.0138386041	0.333333343	0.333333343	None
  4.13333368	0.447783351	-1.15195	-1.15195	0.333333343	0.333333343	None
  4.20000029	0.3737225	-0.7804601	-0.7804601	0.333333343	0.333333343	None
  4.3	0.33490172	-0.188154012	-0.188154012	0.333333343	0.333333343	None
  4.366667	0.334089935	0.242733449	0.242733449	0.333333343	0.333333343	None
  4.4	0.346674651	0.311805755	0.311805755	0.333333343	0.333333343	None
  4.4333334	0.354876965	0.334654629	0.334654629	0.333333343	0.333333343	None
  4.63333368	0.429108173	0.03877137	0.03877137	0.333333343	0.333333343	None
  4.83333349	0.4114972	-0.1460433	-0.1460433	0.333333343	0.333333343	None
  5.00000048	0.382631361	-0.1622687	-0.1622687	0.333333343	0.333333343	None
  5.033334	0.37685	-0.26965034	-0.26965034	0.333333343	0.333333343	None
  5.066667	0.3646547	-0.261214316	-0.261214316	0.333333343	0.333333343	None
  5.23333359	0.35686937	0.0309746265	0.0309746265	0.333333343	0.333333343	None
  5.4	0.366649	-0.0003057723	-0.0003057723	0.333333343	0.333333343	None
  5.63333368	0.3850729	0.181977779	0.181977779	0.333333343	0.333333343	None
  5.933334	0.4399193	0.140914857	0.140914857	0.333333343	0.333333343	None
  6.033334	0.453062952	0.0425881557	0.0425881557	0.333333343	0.333333343	None
  6.20000029	0.465114474	0.06932355	0.06932355	0.333333343	0.333333343	None
  6.266667	0.4740574	0.07651053	0.07651053	0.333333343	0.333333343	None
  6.33333349	0.4751828	0.09544158	0.09544158	0.333333343	0.333333343	None
  6.666667	0.514709949	0.14848277	0.14848277	0.333333343	0.333333343	None
  7.13333368	0.62116003	0.107132	0.107132	0.333333343	0.333333343	None
  7.36666727	0.6404891	0	0	0.333333343	0.333333343	None
FLOAT UnityEngine.Animator||Right Upper Leg In-Out discrete=False keys=126 pre=ClampForever post=ClampForever
  0	-0.00833865	0.005192756	0.005192756	0.333333343	0.333333343	None
  0.100000009	-0.00746505661	0.01328014	0.01328014	0.333333343	0.333333343	None
  0.166666672	-0.006506672	0.0178651642	0.0178651642	0.333333343	0.333333343	None
  0.200000018	-0.00581064634	0.0180812422	0.0180812422	0.333333343	0.333333343	None
  0.233333349	-0.00530125573	0.014971219	0.014971219	0.333333343	0.333333343	None
  0.3	-0.00443288963	0.011042593	0.011042593	0.333333343	0.333333343	None
  0.400000036	-0.00314116734	0.0169215444	0.0169215444	0.333333343	0.333333343	None
  0.433333367	-0.002502295	0.0171362087	0.0171362087	0.333333343	0.333333343	None
  0.4666667	-0.00199875352	0.01409242	0.01409242	0.333333343	0.333333343	None
  0.5	-0.00156280072	0.0107301846	0.0107301846	0.333333343	0.333333343	None
  0.533333361	-0.001283408	0.01057405	0.01057405	0.333333343	0.333333343	None
  0.5666667	-0.000857863459	0.0125195952	0.0125195952	0.333333343	0.333333343	None
  0.6	-0.0004487684	0.008415744	0.008415744	0.333333343	0.333333343	None
  0.6333334	-0.000296814163	0.00547109637	0.00547109637	0.333333343	0.333333343	None
  0.6666667	-8.402869E-05	0.00331649627	0.00331649627	0.333333343	0.333333343	None
  0.700000048	-7.571459E-05	-0.0008592534	-0.0008592534	0.333333343	0.333333343	None
  0.733333349	-0.000141312179	-0.0182912834	-0.0182912834	0.333333343	0.333333343	None
  0.7666667	-0.00129513431	-0.0374297276	-0.0374297276	0.333333343	0.333333343	None
  0.8000001	-0.00263662939	0.0429118425	0.0429118425	0.333333343	0.333333343	None
  0.8333334	0.00156564987	0.2928233	0.2928233	0.333333343	0.333333343	None
  0.866666734	0.0168849342	0.4007398	0.4007398	0.333333343	0.333333343	None
  0.900000036	0.0282816384	0.176558718	0.176558718	0.333333343	0.333333343	None
  0.9333334	0.0286555048	0.005732854	0.005732854	0.333333343	0.333333343	None
  0.9666667	0.028663829	0.210444659	0.210444659	0.333333343	0.333333343	None
  1	0.0426851362	0.770662546	0.770662546	0.333333343	0.333333343	None
  1.03333342	0.080041416	1.23610437	1.23610437	0.333333343	0.333333343	None
  1.06666672	0.125092149	1.05982554	1.05982554	0.333333343	0.333333343	None
  1.13333344	0.154958382	-0.147777587	-0.147777587	0.333333343	0.333333343	None
  1.16666675	0.140844569	-0.35599184	-0.35599184	0.333333343	0.333333343	None
  1.2	0.131225616	0.0626604855	0.0626604855	0.333333343	0.333333343	None
  1.23333335	0.14502193	0.314517081	0.314517081	0.333333343	0.333333343	None
  1.36666679	0.150884017	-0.055050917	-0.055050917	0.333333343	0.333333343	None
  1.4333334	0.145273745	-0.252745241	-0.252745241	0.333333343	0.333333343	None
  1.4666667	0.13280715	-0.478515029	-0.478515029	0.333333343	0.333333343	None
  1.50000012	0.113372706	-0.561174154	-0.561174154	0.333333343	0.333333343	None
  1.63333344	0.06699776	-0.0237697586	-0.0237697586	0.333333343	0.333333343	None
  1.66666675	0.0696098059	-0.0012236461	-0.0012236461	0.333333343	0.333333343	None
  1.7	0.06691618	0.193017483	0.193017483	0.333333343	0.333333343	None
  1.73333347	0.08247768	0.4883957	0.4883957	0.333333343	0.333333343	None
  1.80000007	0.110949643	0.1289404	0.1289404	0.333333343	0.333333343	None
  1.83333337	0.108071938	-0.123505279	-0.123505279	0.333333343	0.333333343	None
  1.86666679	0.102715947	-0.105654486	-0.105654486	0.333333343	0.333333343	None
  1.9333334	0.103318512	0.158441588	0.158441588	0.333333343	0.333333343	None
  2.06666684	0.144947365	0.241118759	0.241118759	0.333333343	0.333333343	None
  2.30000019	0.137847319	-0.2064561	-0.2064561	0.333333343	0.333333343	None
  2.4	0.1203538	0.02189802	0.02189802	0.333333343	0.333333343	None
  2.53333354	0.158883229	0.2947357	0.2947357	0.333333343	0.333333343	None
  2.63333344	0.18070887	0.2710889	0.2710889	0.333333343	0.333333343	None
  2.80000019	0.209614009	-0.138076678	-0.138076678	0.333333343	0.333333343	None
  2.9	0.173329383	-0.6164317	-0.6164317	0.333333343	0.333333343	None
  2.966667	0.1249314	-0.6635636	-0.6635636	0.333333343	0.333333343	None
  3.00000024	0.105584569	-0.375338167	-0.375338167	0.333333343	0.333333343	None
  3.03333354	0.09990888	-0.149450153	-0.149450153	0.333333343	0.333333343	None
  3.06666684	0.0956212357	-0.190011442	-0.190011442	0.333333343	0.333333343	None
  3.10000014	0.08724146	-0.20696637	-0.20696637	0.333333343	0.333333343	None
  3.13333344	0.08182349	-0.124243841	-0.124243841	0.333333343	0.333333343	None
  3.20000029	0.07495676	-0.153602332	-0.153602332	0.333333343	0.333333343	None
  3.266667	0.0625317842	-0.1369469	-0.1369469	0.333333343	0.333333343	None
  3.33333349	0.0605004765	0.07229789	0.07229789	0.333333343	0.333333343	None
  3.36666679	0.0644084439	0.106422611	0.106422611	0.333333343	0.333333343	None
  3.4333334	0.0692501441	0.03345561	0.03345561	0.333333343	0.333333343	None
  3.53333354	0.07458879	0.144159824	0.144159824	0.333333343	0.333333343	None
  3.66666675	0.09688967	0.06821274	0.06821274	0.333333343	0.333333343	None
  3.80000019	0.09386909	0.0424996428	0.0424996428	0.333333343	0.333333343	None
  3.9	0.111857481	0.299452543	0.299452543	0.333333343	0.333333343	None
  4	0.14738676	0.403425574	0.403425574	0.333333343	0.333333343	None
  4.10000038	0.179954156	0.07960424	0.07960424	0.333333343	0.333333343	None
  4.166667	0.175065026	-0.156788677	-0.156788677	0.333333343	0.333333343	None
  4.23333359	0.156722143	-0.431651473	-0.431651473	0.333333343	0.333333343	None
  4.266667	0.139931917	-0.5346989	-0.5346989	0.333333343	0.333333343	None
  4.3	0.121075585	-0.460826755	-0.460826755	0.333333343	0.333333343	None
  4.33333349	0.109210163	-0.235210508	-0.235210508	0.333333343	0.333333343	None
  4.366667	0.1053949	-0.08239799	-0.08239799	0.333333343	0.333333343	None
  4.4333334	0.103165418	0.03735818	0.03735818	0.333333343	0.333333343	None
  4.533334	0.108413927	-0.08825718	-0.08825718	0.333333343	0.333333343	None
  4.63333368	0.0847441	-0.223386079	-0.223386079	0.333333343	0.333333343	None
  4.666667	0.07861805	-0.198414817	-0.198414817	0.333333343	0.333333343	None
  4.73333359	0.06505944	-0.19438009	-0.19438009	0.333333343	0.333333343	None
  4.8	0.0508368537	-0.240777165	-0.240777165	0.333333343	0.333333343	None
  4.83333349	0.0425060056	-0.171318442	-0.171318442	0.333333343	0.333333343	None
  4.866667	0.0394156352	-0.07649539	-0.07649539	0.333333343	0.333333343	None
  5.00000048	0.0367756262	0.00183084793	0.00183084793	0.333333343	0.333333343	None
  5.033334	0.03670688	0.0174625367	0.0174625367	0.333333343	0.333333343	None
  5.066667	0.0379397944	0.0287536979	0.0287536979	0.333333343	0.333333343	None
  5.166667	0.03971466	0.0368939862	0.0368939862	0.333333343	0.333333343	None
  5.266667	0.0431311578	0.00255977921	0.00255977921	0.333333343	0.333333343	None
  5.3	0.0425636321	-0.00535246544	-0.00535246544	0.333333343	0.333333343	None
  5.50000048	0.04751459	0.0285167135	0.0285167135	0.333333343	0.333333343	None
  5.666667	0.05304357	0.04510642	0.04510642	0.333333343	0.333333343	None
  5.70000029	0.0549052581	0.0359738767	0.0359738767	0.333333343	0.333333343	None
  5.766667	0.05593174	0.0141302254	0.0141302254	0.333333343	0.333333343	None
  5.866667	0.0559194	-0.0230022557	-0.0230022557	0.333333343	0.333333343	None
  6.00000048	0.05280835	-0.03114584	-0.03114584	0.333333343	0.333333343	None
  6.066667	0.0510097481	-0.0295944065	-0.0295944065	0.333333343	0.333333343	None
  6.10000038	0.0498539247	-0.06311635	-0.06311635	0.333333343	0.333333343	None
  6.13333368	0.0468019955	-0.06270156	-0.06270156	0.333333343	0.333333343	None
  6.166667	0.0456738248	-0.041921068	-0.041921068	0.333333343	0.333333343	None
  6.23333359	0.0418164767	-0.05785469	-0.05785469	0.333333343	0.333333343	None
  6.266667	0.0401502848	-0.09190101	-0.09190101	0.333333343	0.333333343	None
  6.3	0.03568975	-0.115235016	-0.115235016	0.333333343	0.333333343	None
  6.366667	0.0293172281	-0.110474169	-0.110474169	0.333333343	0.333333343	None
  6.40000057	0.02510296	-0.110813692	-0.110813692	0.333333343	0.333333343	None
  6.466667	0.0198012684	-0.0544552952	-0.0544552952	0.333333343	0.333333343	None
  6.50000048	0.0182992462	-0.0497477055	-0.0497477055	0.333333343	0.333333343	None
  6.533334	0.0164847579	-0.0493169427	-0.0493169427	0.333333343	0.333333343	None
  6.566667	0.0150114531	-0.0422324538	-0.0422324538	0.333333343	0.333333343	None
  6.60000038	0.0136692636	-0.0322560668	-0.0322560668	0.333333343	0.333333343	None
  6.70000029	0.0116408262	-0.01895523	-0.01895523	0.333333343	0.333333343	None
  6.73333359	0.0109378295	-0.0167256016	-0.0167256016	0.333333343	0.333333343	None
  6.766667	0.0105257872	-0.0174503718	-0.0174503718	0.333333343	0.333333343	None
  6.8	0.009774473	-0.0274931025	-0.0274931025	0.333333343	0.333333343	None
  6.83333349	0.008692916	-0.0271735135	-0.0271735135	0.333333343	0.333333343	None
  6.866667	0.007962907	-0.0304655582	-0.0304655582	0.333333343	0.333333343	None
  6.90000057	0.00666186167	-0.0371112972	-0.0371112972	0.333333343	0.333333343	None
  6.966667	0.004427348	-0.0284478143	-0.0284478143	0.333333343	0.333333343	None
  7.00000048	0.00359228486	-0.0240505822	-0.0240505822	0.333333343	0.333333343	None
  7.033334	0.00282397727	-0.0172451548	-0.0172451548	0.333333343	0.333333343	None
  7.066667	0.002442609	-0.0166004468	-0.0166004468	0.333333343	0.333333343	None
  7.10000038	0.00171728188	-0.027155377	-0.027155377	0.333333343	0.333333343	None
  7.13333368	0.00063225237	-0.0452717952	-0.0452717952	0.333333343	0.333333343	None
  7.166667	-0.001300835	-0.0557967275	-0.0557967275	0.333333343	0.333333343	None
  7.20000029	-0.003087526	-0.0455494076	-0.0455494076	0.333333343	0.333333343	None
  7.23333359	-0.00433745934	-0.0374469757	-0.0374469757	0.333333343	0.333333343	None
  7.3	-0.006941151	-0.04131736	-0.04131736	0.333333343	0.333333343	None
  7.33333349	-0.00833847653	-0.0209599044	-0.0209599044	0.333333343	0.333333343	None
  7.36666727	-0.00833847653	0	0	0.333333343	0.333333343	None
FLOAT UnityEngine.Animator||Right Upper Leg Twist In-Out discrete=False keys=171 pre=ClampForever post=ClampForever
  0	-0.08253533	0.0157025456	0.0157025456	0.333333343	0.333333343	None
  0.200000018	-0.08010674	0.005461648	0.005461648	0.333333343	0.333333343	None
  0.3	-0.0772618055	0.0252478588	0.0252478588	0.333333343	0.333333343	None
  0.366666675	-0.07569609	0.0419688448	0.0419688448	0.333333343	0.333333343	None
  0.533333361	-0.06393144	0.0988561958	0.0988561958	0.333333343	0.333333343	None
  0.6	-0.0572635	0.08998114	0.08998114	0.333333343	0.333333343	None
  0.6333334	-0.0543355532	0.104981288	0.104981288	0.333333343	0.333333343	None
  0.6666667	-0.05026475	0.107106492	0.107106492	0.333333343	0.333333343	None
  0.700000048	-0.04719512	0.108085051	0.108085051	0.333333343	0.333333343	None
  0.733333349	-0.04305908	0.0986459255	0.0986459255	0.333333343	0.333333343	None
  0.7666667	-0.04061873	0.0526504368	0.0526504368	0.333333343	0.333333343	None
  0.8000001	-0.03954905	-0.0118583646	-0.0118583646	0.333333343	0.333333343	None
  0.8333334	-0.0414092839	-0.0402268358	-0.0402268358	0.333333343	0.333333343	None
  0.866666734	-0.042230837	0.11177437	0.11177437	0.333333343	0.333333343	None
  0.900000036	-0.0339576676	0.347625822	0.347625822	0.333333343	0.333333343	None
  0.9333334	-0.0190557782	0.463057816	0.463057816	0.333333343	0.333333343	None
  0.9666667	-0.0030871497	0.571679354	0.571679354	0.333333343	0.333333343	None
  1	0.0190561432	0.791321039	0.791321039	0.333333343	0.333333343	None
  1.03333342	0.0496676452	0.429699242	0.429699242	0.333333343	0.333333343	None
  1.06666672	0.04770284	-0.72390157	-0.72390157	0.333333343	0.333333343	None
  1.1	0.001407589	-1.12381637	-1.12381637	0.333333343	0.333333343	None
  1.13333344	-0.0272182766	-0.652408659	-0.652408659	0.333333343	0.333333343	None
  1.16666675	-0.04208638	-0.247519776	-0.247519776	0.333333343	0.333333343	None
  1.2	-0.04371958	0.0520104319	0.0520104319	0.333333343	0.333333343	None
  1.23333335	-0.0386190228	0.0293628983	0.0293628983	0.333333343	0.333333343	None
  1.26666677	-0.0417620651	-0.08839033	-0.08839033	0.333333343	0.333333343	None
  1.30000007	-0.0445117168	-0.122264922	-0.122264922	0.333333343	0.333333343	None
  1.33333337	-0.0499130525	-0.184646651	-0.184646651	0.333333343	0.333333343	None
  1.36666679	-0.0568215065	-0.159067184	-0.159067184	0.333333343	0.333333343	None
  1.4333334	-0.0600230731	0.07113376	0.07113376	0.333333343	0.333333343	None
  1.4666667	-0.0557753	0.164954647	0.164954647	0.333333343	0.333333343	None
  1.50000012	-0.0490260832	0.300299	0.300299	0.333333343	0.333333343	None
  1.56666672	-0.01682193	0.6521792	0.6521792	0.333333343	0.333333343	None
  1.60000014	0.00772329466	0.857096	0.857096	0.333333343	0.333333343	None
  1.63333344	0.0403178371	0.81570673	0.81570673	0.333333343	0.333333343	None
  1.66666675	0.0621036924	0.00502103567	0.00502103567	0.333333343	0.333333343	None
  1.7	0.0406525731	-0.75894177	-0.75894177	0.333333343	0.333333343	None
  1.73333347	0.0115075177	-1.16115427	-1.16115427	0.333333343	0.333333343	None
  1.76666677	-0.0367577448	-1.63893223	-1.63893223	0.333333343	0.333333343	None
  1.80000007	-0.09775452	-1.14506936	-1.14506936	0.333333343	0.333333343	None
  1.83333337	-0.113095626	0.153797969	0.153797969	0.333333343	0.333333343	None
  1.86666679	-0.08750124	0.85256207	0.85256207	0.333333343	0.333333343	None
  1.9000001	-0.05625812	0.7816551	0.7816551	0.333333343	0.333333343	None
  1.9333334	-0.0353909545	0.5720935	0.5720935	0.333333343	0.333333343	None
  1.96666682	-0.0181185286	0.582380354	0.582380354	0.333333343	0.333333343	None
  2	0.003434349	0.608867645	0.608867645	0.333333343	0.333333343	None
  2.03333354	0.0224726647	0.410263777	0.410263777	0.333333343	0.333333343	None
  2.06666684	0.0307853762	0.1505755	0.1505755	0.333333343	0.333333343	None
  2.13333344	0.03066796	-0.0589473844	-0.0589473844	0.333333343	0.333333343	None
  2.16666675	0.0285812	-0.04655856	-0.04655856	0.333333343	0.333333343	None
  2.2	0.02756406	0.0265919212	0.0265919212	0.333333343	0.333333343	None
  2.23333335	0.0303539932	0.0610814765	0.0610814765	0.333333343	0.333333343	None
  2.266667	0.0316361636	0.07742609	0.07742609	0.333333343	0.333333343	None
  2.33333349	0.0420422964	0.224521011	0.224521011	0.333333343	0.333333343	None
  2.36666679	0.05048379	0.152533233	0.152533233	0.333333343	0.333333343	None
  2.4	0.05221117	-0.02583182	-0.02583182	0.333333343	0.333333343	None
  2.4333334	0.04876167	-0.0713447	-0.0713447	0.333333343	0.333333343	None
  2.4666667	0.04745486	0.0259616375	0.0259616375	0.333333343	0.333333343	None
  2.50000024	0.0504924655	0.117663994	0.117663994	0.333333343	0.333333343	None
  2.53333354	0.05529914	0.0877939761	0.0877939761	0.333333343	0.333333343	None
  2.60000014	0.05623676	-0.00540124765	-0.00540124765	0.333333343	0.333333343	None
  2.66666675	0.0531150438	-0.195183754	-0.195183754	0.333333343	0.333333343	None
  2.7	0.04297307	-0.363234758	-0.363234758	0.333333343	0.333333343	None
  2.73333359	0.0288993157	-0.495556563	-0.495556563	0.333333343	0.333333343	None
  2.766667	0.009935897	-0.5871333	-0.5871333	0.333333343	0.333333343	None
  2.80000019	-0.0102428664	-0.5863082	-0.5863082	0.333333343	0.333333343	None
  2.83333349	-0.0291512776	-0.501171231	-0.501171231	0.333333343	0.333333343	None
  2.86666679	-0.04365425	-0.214500353	-0.214500353	0.333333343	0.333333343	None
  2.9	-0.0434512869	0.102767035	0.102767035	0.333333343	0.333333343	None
  2.9333334	-0.0368031226	0.30539304	0.30539304	0.333333343	0.333333343	None
  2.966667	-0.023091672	0.400577426	0.400577426	0.333333343	0.333333343	None
  3.00000024	-0.0100978892	0.227203578	0.227203578	0.333333343	0.333333343	None
  3.03333354	-0.00794478	-0.272063434	-0.272063434	0.333333343	0.333333343	None
  3.06666684	-0.0282354336	-0.7271364	-0.7271364	0.333333343	0.333333343	None
  3.10000014	-0.05642049	-0.518146634	-0.518146634	0.333333343	0.333333343	None
  3.13333344	-0.06277851	0.102932	0.102932	0.333333343	0.333333343	None
  3.16666675	-0.0495583639	0.4152642	0.4152642	0.333333343	0.333333343	None
  3.20000029	-0.0350941531	0.196283579	0.196283579	0.333333343	0.333333343	None
  3.23333359	-0.0364727	-0.147235423	-0.147235423	0.333333343	0.333333343	None
  3.266667	-0.04490984	-0.18650724	-0.18650724	0.333333343	0.333333343	None
  3.33333349	-0.0497484058	0.002836383	0.002836383	0.333333343	0.333333343	None
  3.36666679	-0.0487174131	0.07128748	0.07128748	0.333333343	0.333333343	None
  3.4333334	-0.0414228365	0.043456316	0.043456316	0.333333343	0.333333343	None
  3.466667	-0.04209883	-0.009583414	-0.009583414	0.333333343	0.333333343	None
  3.50000024	-0.0420617349	0.0285823718	0.0285823718	0.333333343	0.333333343	None
  3.60000014	-0.03490003	0.07131665	0.07131665	0.333333343	0.333333343	None
  3.63333344	-0.03287072	0.07623748	0.07623748	0.333333343	0.333333343	None
  3.66666675	-0.0298175346	0.09309152	0.09309152	0.333333343	0.333333343	None
  3.70000029	-0.0266646035	0.0583621822	0.0583621822	0.333333343	0.333333343	None
  3.73333359	-0.0259267036	0.003352373	0.003352373	0.333333343	0.333333343	None
  3.766667	-0.0264411122	0.00136407185	0.00136407185	0.333333343	0.333333343	None
  3.80000019	-0.0258357655	-0.017973695	-0.017973695	0.333333343	0.333333343	None
  3.83333349	-0.0276393574	-0.136574	-0.136574	0.333333343	0.333333343	None
  3.86666679	-0.03494069	-0.293195665	-0.293195665	0.333333343	0.333333343	None
  3.9	-0.0471857153	-0.38967967	-0.38967967	0.333333343	0.333333343	None
  3.93333364	-0.0609194078	-0.44399	-0.44399	0.333333343	0.333333343	None
  3.966667	-0.07678512	-0.4109416	-0.4109416	0.333333343	0.333333343	None
  4.033334	-0.09319583	0.0193520859	0.0193520859	0.333333343	0.333333343	None
  4.066667	-0.08702534	0.310728073	0.310728073	0.333333343	0.333333343	None
  4.10000038	-0.07248065	0.445617765	0.445617765	0.333333343	0.333333343	None
  4.13333368	-0.057317514	0.490784883	0.490784883	0.333333343	0.333333343	None
  4.166667	-0.03976169	0.5199004	0.5199004	0.333333343	0.333333343	None
  4.20000029	-0.0226575229	0.2838948	0.2838948	0.333333343	0.333333343	None
  4.23333359	-0.0208353866	-0.1542909	-0.1542909	0.333333343	0.333333343	None
  4.266667	-0.0329435728	-0.5232917	-0.5232917	0.333333343	0.333333343	None
  4.3	-0.0557214655	-0.6851481	-0.6851481	0.333333343	0.333333343	None
  4.33333349	-0.07862007	-0.6133141	-0.6133141	0.333333343	0.333333343	None
  4.366667	-0.09660903	-0.511452258	-0.511452258	0.333333343	0.333333343	None
  4.4666667	-0.124787964	0.09506808	0.09506808	0.333333343	0.333333343	None
  4.5	-0.116729334	0.315766037	0.315766037	0.333333343	0.333333343	None
  4.533334	-0.103736728	0.281825125	0.281825125	0.333333343	0.333333343	None
  4.566667	-0.0979408249	0.06934154	0.06934154	0.333333343	0.333333343	None
  4.60000038	-0.09911396	0.02585216	0.02585216	0.333333343	0.333333343	None
  4.666667	-0.08799747	0.3160774	0.3160774	0.333333343	0.333333343	None
  4.70000029	-0.07514554	0.350664735	0.350664735	0.333333343	0.333333343	None
  4.73333359	-0.06461984	0.265137166	0.265137166	0.333333343	0.333333343	None
  4.8	-0.0515184738	0.22546497	0.22546497	0.333333343	0.333333343	None
  4.83333349	-0.0424387641	0.2974161	0.2974161	0.333333343	0.333333343	None
  4.866667	-0.031690754	0.270940661	0.270940661	0.333333343	0.333333343	None
  4.9	-0.02437607	0.171866089	0.171866089	0.333333343	0.333333343	None
  4.9666667	-0.0174403228	0.09103121	0.09103121	0.333333343	0.333333343	None
  5.00000048	-0.0141642373	0.06283822	0.06283822	0.333333343	0.333333343	None
  5.033334	-0.0132510653	0.03887656	0.03887656	0.333333343	0.333333343	None
  5.066667	-0.011572469	0.0196712967	0.0196712967	0.333333343	0.333333343	None
  5.10000038	-0.0119396467	-0.0139536895	-0.0139536895	0.333333343	0.333333343	None
  5.13333368	-0.0125027141	-0.0115833823	-0.0115833823	0.333333343	0.333333343	None
  5.166667	-0.0127118714	-0.0216846038	-0.0216846038	0.333333343	0.333333343	None
  5.20000029	-0.013948353	-0.0285620727	-0.0285620727	0.333333343	0.333333343	None
  5.23333359	-0.0146160079	-0.0129730608	-0.0129730608	0.333333343	0.333333343	None
  5.266667	-0.0148132229	-0.04916998	-0.04916998	0.333333343	0.333333343	None
  5.3	-0.0178940035	-0.065698944	-0.065698944	0.333333343	0.333333343	None
  5.366667	-0.0194459353	-0.002768685	-0.002768685	0.333333343	0.333333343	None
  5.4	-0.0193777271	0.0069747	0.0069747	0.333333343	0.333333343	None
  5.466667	-0.0191361159	-0.0261543784	-0.0261543784	0.333333343	0.333333343	None
  5.533334	-0.02219937	-0.0203873776	-0.0203873776	0.333333343	0.333333343	None
  5.60000038	-0.0220199022	-0.0124311568	-0.0124311568	0.333333343	0.333333343	None
  5.666667	-0.0233990271	0.00232246	0.00232246	0.333333343	0.333333343	None
  5.70000029	-0.0227576513	-0.000917204656	-0.000917204656	0.333333343	0.333333343	None
  5.73333359	-0.023460174	-0.04531267	-0.04531267	0.333333343	0.333333343	None
  5.766667	-0.0257784929	-0.0618065931	-0.0618065931	0.333333343	0.333333343	None
  5.83333349	-0.0286521167	-0.0222146064	-0.0222146064	0.333333343	0.333333343	None
  5.866667	-0.0290615819	-0.0193495024	-0.0193495024	0.333333343	0.333333343	None
  5.966667	-0.0308348741	0.00951760449	0.00951760449	0.333333343	0.333333343	None
  6.00000048	-0.0298833866	0.00145121664	0.00145121664	0.333333343	0.333333343	None
  6.033334	-0.0307381265	0.00105179008	0.00105179008	0.333333343	0.333333343	None
  6.066667	-0.0298132673	0.0577895045	0.0577895045	0.333333343	0.333333343	None
  6.10000038	-0.0268854965	0.0366844423	0.0366844423	0.333333343	0.333333343	None
  6.13333368	-0.02736764	-0.0195233431	-0.0195233431	0.333333343	0.333333343	None
  6.166667	-0.0281870514	-0.0121660931	-0.0121660931	0.333333343	0.333333343	None
  6.20000029	-0.0281787124	-0.02350042	-0.02350042	0.333333343	0.333333343	None
  6.23333359	-0.0297537446	0.02608596	0.02608596	0.333333343	0.333333343	None
  6.266667	-0.02643965	-0.025480397	-0.025480397	0.333333343	0.333333343	None
  6.3	-0.031452436	-0.07817895	-0.07817895	0.333333343	0.333333343	None
  6.33333349	-0.0316515751	0.0165595822	0.0165595822	0.333333343	0.333333343	None
  6.366667	-0.0303484648	0.0326876454	0.0326876454	0.333333343	0.333333343	None
  6.466667	-0.0298128128	-0.0300113782	-0.0300113782	0.333333343	0.333333343	None
  6.50000048	-0.0312240589	-0.008687711	-0.008687711	0.333333343	0.333333343	None
  6.533334	-0.030391993	0.01486004	0.01486004	0.333333343	0.333333343	None
  6.60000038	-0.0312563926	-0.0389187224	-0.0389187224	0.333333343	0.333333343	None
  6.666667	-0.0346246623	-0.04158987	-0.04158987	0.333333343	0.333333343	None
  6.766667	-0.0373472348	-0.04519538	-0.04519538	0.333333343	0.333333343	None
  6.83333349	-0.04164881	-0.06026376	-0.06026376	0.333333343	0.333333343	None
  6.866667	-0.04335456	-0.08051088	-0.08051088	0.333333343	0.333333343	None
  6.933334	-0.050925225	-0.105908468	-0.105908468	0.333333343	0.333333343	None
  7.00000048	-0.0569756366	-0.09653453	-0.09653453	0.333333343	0.333333343	None
  7.066667	-0.0636249	-0.08909016	-0.08909016	0.333333343	0.333333343	None
  7.10000038	-0.06645177	-0.0456050858	-0.0456050858	0.333333343	0.333333343	None
  7.166667	-0.06698942	-0.02866133	-0.02866133	0.333333343	0.333333343	None
  7.23333359	-0.07222643	-0.130757481	-0.130757481	0.333333343	0.333333343	None
  7.3	-0.08178092	-0.07864189	-0.07864189	0.333333343	0.333333343	None
  7.36666727	-0.08253594	0	0	0.333333343	0.333333343	None
FLOAT UnityEngine.Animator||RightFootQ.w discrete=False keys=61 pre=ClampForever post=ClampForever
  0	-0.456695825	-0.0130033484	-0.0130033484	0.333333343	0.333333343	None
  0.700000048	-0.4677044	0.009846836	0.009846836	0.333333343	0.333333343	None
  0.8333334	-0.480118215	-0.420477271	-0.420477271	0.333333343	0.333333343	None
  0.900000036	-0.5221116	-0.5452834	-0.5452834	0.333333343	0.333333343	None
  0.9333334	-0.536660552	0.28635776	0.28635776	0.333333343	0.333333343	None
  0.9666667	-0.5030211	1.14642775	1.14642775	0.333333343	0.333333343	None
  1.03333342	-0.425204337	0.8422805	0.8422805	0.333333343	0.333333343	None
  1.06666672	-0.40408	0.319068283	0.319068283	0.333333343	0.333333343	None
  1.1	-0.403933138	-0.09728838	-0.09728838	0.333333343	0.333333343	None
  1.13333344	-0.4105659	-0.4738217	-0.4738217	0.333333343	0.333333343	None
  1.2	-0.4576667	-0.4530032	-0.4530032	0.333333343	0.333333343	None
  1.30000007	-0.461888731	-0.0130158784	-0.0130158784	0.333333343	0.333333343	None
  1.4000001	-0.458723068	0.159480274	0.159480274	0.333333343	0.333333343	None
  1.50000012	-0.4530229	-0.148314953	-0.148314953	0.333333343	0.333333343	None
  1.60000014	-0.484395057	-0.366925836	-0.366925836	0.333333343	0.333333343	None
  1.63333344	-0.495351255	0.158275947	0.158275947	0.333333343	0.333333343	None
  1.66666675	-0.473843336	0.870096	0.870096	0.333333343	0.333333343	None
  1.7	-0.4373449	0.5597449	0.5597449	0.333333343	0.333333343	None
  1.73333347	-0.436527044	-0.4383704	-0.4383704	0.333333343	0.333333343	None
  1.76666677	-0.466569573	-0.868488	-0.868488	0.333333343	0.333333343	None
  1.80000007	-0.4944262	0.102944195	0.102944195	0.333333343	0.333333343	None
  1.83333337	-0.459706634	0.8777958	0.8777958	0.333333343	0.333333343	None
  1.9000001	-0.427865982	0.189434767	0.189434767	0.333333343	0.333333343	None
  2	-0.40388903	0.3280772	0.3280772	0.333333343	0.333333343	None
  2.16666675	-0.352461874	0.241478622	0.241478622	0.333333343	0.333333343	None
  2.30000019	-0.3156389	0.356874526	0.356874526	0.333333343	0.333333343	None
  2.4	-0.284159124	0.250011623	0.250011623	0.333333343	0.333333343	None
  2.4666667	-0.265678465	0.3222745	0.3222745	0.333333343	0.333333343	None
  2.53333354	-0.247623414	0.127256632	0.127256632	0.333333343	0.333333343	None
  2.63333344	-0.248876318	-0.07756531	-0.07756531	0.333333343	0.333333343	None
  2.73333359	-0.263736218	-0.133736774	-0.133736774	0.333333343	0.333333343	None
  2.80000019	-0.2725165	-0.197511345	-0.197511345	0.333333343	0.333333343	None
  2.86666679	-0.303752869	-1.15155172	-1.15155172	0.333333343	0.333333343	None
  2.9	-0.3576956	-1.761862	-1.761862	0.333333343	0.333333343	None
  2.9333334	-0.421210229	-1.45221066	-1.45221066	0.333333343	0.333333343	None
  2.966667	-0.4545098	-0.518003	-0.518003	0.333333343	0.333333343	None
  3.00000024	-0.455743968	-0.009321579	-0.009321579	0.333333343	0.333333343	None
  3.06666684	-0.459566	-0.139870182	-0.139870182	0.333333343	0.333333343	None
  3.13333344	-0.46386528	0.07949896	0.07949896	0.333333343	0.333333343	None
  3.23333359	-0.458764672	-0.0870091543	-0.0870091543	0.333333343	0.333333343	None
  3.4	-0.4805385	0.0448202	0.0448202	0.333333343	0.333333343	None
  3.56666684	-0.447316945	0.310122222	0.310122222	0.333333343	0.333333343	None
  3.66666675	-0.436654568	-0.06272109	-0.06272109	0.333333343	0.333333343	None
  3.83333349	-0.429490268	0.00688881334	0.00688881334	0.333333343	0.333333343	None
  4	-0.4353876	-0.257150054	-0.257150054	0.333333343	0.333333343	None
  4.10000038	-0.4657931	-0.2712485	-0.2712485	0.333333343	0.333333343	None
  4.13333368	-0.476117551	-0.534964859	-0.534964859	0.333333343	0.333333343	None
  4.166667	-0.5014574	-0.5972105	-0.5972105	0.333333343	0.333333343	None
  4.23333359	-0.5175259	-0.123268187	-0.123268187	0.333333343	0.333333343	None
  4.3	-0.5247475	0.0497237332	0.0497237332	0.333333343	0.333333343	None
  4.4	-0.512028635	-0.128193617	-0.128193617	0.333333343	0.333333343	None
  4.4333334	-0.5241074	-0.187155783	-0.187155783	0.333333343	0.333333343	None
  4.533334	-0.5141253	0.1571729	0.1571729	0.333333343	0.333333343	None
  4.866667	-0.4778169	0.163398981	0.163398981	0.333333343	0.333333343	None
  5.00000048	-0.4573228	0.0600447655	0.0600447655	0.333333343	0.333333343	None
  5.63333368	-0.447941869	-0.02868044	-0.02868044	0.333333343	0.333333343	None
  6.066667	-0.470103949	-0.0218890812	-0.0218890812	0.333333343	0.333333343	None
  6.40000057	-0.475837231	0.0285135154	0.0285135154	0.333333343	0.333333343	None
  7.066667	-0.456644237	0.00129729626	0.00129729626	0.333333343	0.333333343	None
  7.33333349	-0.4566958	-0.0118258707	-0.0118258707	0.333333343	0.333333343	None
  7.36666727	-0.4566958	0	0	0.333333343	0.333333343	None
FLOAT UnityEngine.Animator||RightFootQ.x discrete=False keys=49 pre=ClampForever post=ClampForever
  0	0.543225944	-0.0181370955	-0.0181370955	0.333333343	0.333333343	None
  0.8000001	0.5390053	0.022725448	0.022725448	0.333333343	0.333333343	None
  0.9333334	0.483136058	-1.17722273	-1.17722273	0.333333343	0.333333343	None
  0.9666667	0.436717629	-0.5800922	-0.5800922	0.333333343	0.333333343	None
  1	0.444463283	1.82648349	1.82648349	0.333333343	0.333333343	None
  1.03333342	0.5584835	3.110124	3.110124	0.333333343	0.333333343	None
  1.06666672	0.6518051	1.76940846	1.76940846	0.333333343	0.333333343	None
  1.1	0.676443934	0.693729639	0.693729639	0.333333343	0.333333343	None
  1.16666675	0.7012824	-0.133275524	-0.133275524	0.333333343	0.333333343	None
  1.23333335	0.6868718	0.0809156448	0.0809156448	0.333333343	0.333333343	None
  1.33333337	0.7002277	0.0310545955	0.0310545955	0.333333343	0.333333343	None
  1.53333342	0.673674643	-0.8680799	-0.8680799	0.333333343	0.333333343	None
  1.63333344	0.5404263	-1.74481893	-1.74481893	0.333333343	0.333333343	None
  1.66666675	0.478060067	-1.43544233	-1.43544233	0.333333343	0.333333343	None
  1.7	0.444730252	0.6134465	0.6134465	0.333333343	0.333333343	None
  1.73333347	0.5189567	2.130114	2.130114	0.333333343	0.333333343	None
  1.76666677	0.586738	1.00841141	1.00841141	0.333333343	0.333333343	None
  1.80000007	0.5861841	0.315487981	0.315487981	0.333333343	0.333333343	None
  1.86666679	0.6319313	0.475239217	0.475239217	0.333333343	0.333333343	None
  1.96666682	0.6495658	0.2297673	0.2297673	0.333333343	0.333333343	None
  2.2	0.710019469	0.0406471267	0.0406471267	0.333333343	0.333333343	None
  2.36666679	0.708789349	-0.0263500474	-0.0263500474	0.333333343	0.333333343	None
  2.56666684	0.727435648	0.0342241228	0.0342241228	0.333333343	0.333333343	None
  2.80000019	0.7335002	0.04271601	0.04271601	0.333333343	0.333333343	None
  2.9	0.687831461	-1.61098719	-1.61098719	0.333333343	0.333333343	None
  2.9333334	0.61971575	-1.57937956	-1.57937956	0.333333343	0.333333343	None
  2.966667	0.5825393	-0.528493643	-0.528493643	0.333333343	0.333333343	None
  3.03333354	0.6032901	0.3203991	0.3203991	0.333333343	0.333333343	None
  3.13333344	0.600146532	-0.148230642	-0.148230642	0.333333343	0.333333343	None
  3.30000019	0.5767759	-0.0537765548	-0.0537765548	0.333333343	0.333333343	None
  3.56666684	0.591736138	0.152386278	0.152386278	0.333333343	0.333333343	None
  3.73333359	0.6169438	0.106917419	0.106917419	0.333333343	0.333333343	None
  3.9	0.6182292	0.08086738	0.08086738	0.333333343	0.333333343	None
  4.10000038	0.615265667	-0.309099853	-0.309099853	0.333333343	0.333333343	None
  4.166667	0.5971475	-0.167733	-0.167733	0.333333343	0.333333343	None
  4.23333359	0.574311554	-0.8197509	-0.8197509	0.333333343	0.333333343	None
  4.3	0.5063914	-0.7272383	-0.7272383	0.333333343	0.333333343	None
  4.366667	0.486111134	0.07902108	0.07902108	0.333333343	0.333333343	None
  4.4	0.494624853	0.03837753	0.03837753	0.333333343	0.333333343	None
  4.4333334	0.488669634	-0.00289410353	-0.00289410353	0.333333343	0.333333343	None
  4.4666667	0.4944319	0.0366680659	0.0366680659	0.333333343	0.333333343	None
  4.533334	0.4910045	0.0126153594	0.0126153594	0.333333343	0.333333343	None
  4.8	0.5118134	0.0998998657	0.0998998657	0.333333343	0.333333343	None
  5.033334	0.5474575	0.0601754151	0.0601754151	0.333333343	0.333333343	None
  5.63333368	0.5540273	0.00358969346	0.00358969346	0.333333343	0.333333343	None
  6.10000038	0.5453061	-0.02415689	-0.02415689	0.333333343	0.333333343	None
  6.533334	0.530379653	0.0372398272	0.0372398272	0.333333343	0.333333343	None
  7.23333359	0.547013462	-0.0233996138	-0.0233996138	0.333333343	0.333333343	None
  7.36666727	0.5432258	0	0	0.333333343	0.333333343	None
FLOAT UnityEngine.Animator||RightFootQ.y discrete=False keys=49 pre=ClampForever post=ClampForever
  0	-0.5190717	0.004130602	0.004130602	0.333333343	0.333333343	None
  0.733333349	-0.5118865	0.0243347846	0.0243347846	0.333333343	0.333333343	None
  0.866666734	-0.482284158	0.646978	0.646978	0.333333343	0.333333343	None
  0.900000036	-0.4566524	0.8582121	0.8582121	0.333333343	0.333333343	None
  0.9333334	-0.425070018	0.643246233	0.643246233	0.333333343	0.333333343	None
  0.9666667	-0.4137693	0.292096853	0.292096853	0.333333343	0.333333343	None
  1	-0.4055969	-0.261520952	-0.261520952	0.333333343	0.333333343	None
  1.03333342	-0.4312041	-0.5422394	-0.5422394	0.333333343	0.333333343	None
  1.06666672	-0.441746265	0.197588235	0.197588235	0.333333343	0.333333343	None
  1.1	-0.418031573	1.22063613	1.22063613	0.333333343	0.333333343	None
  1.13333344	-0.3603704	1.21446657	1.21446657	0.333333343	0.333333343	None
  1.2	-0.325986147	0.401577145	0.401577145	0.333333343	0.333333343	None
  1.26666677	-0.2991724	0.1629697	0.1629697	0.333333343	0.333333343	None
  1.33333337	-0.304067016	-0.09913488	-0.09913488	0.333333343	0.333333343	None
  1.4666667	-0.3256529	-0.358570755	-0.358570755	0.333333343	0.333333343	None
  1.63333344	-0.3914315	-0.2674719	-0.2674719	0.333333343	0.333333343	None
  1.66666675	-0.399737626	0.1733576	0.1733576	0.333333343	0.333333343	None
  1.73333347	-0.3577269	0.471668422	0.471668422	0.333333343	0.333333343	None
  1.76666677	-0.348429739	1.26021612	1.26021612	0.333333343	0.333333343	None
  1.80000007	-0.273712575	1.32004058	1.32004058	0.333333343	0.333333343	None
  1.83333337	-0.260427117	0.0247319639	0.0247319639	0.333333343	0.333333343	None
  1.86666679	-0.272063822	-0.382764816	-0.382764816	0.333333343	0.333333343	None
  1.9333334	-0.299274445	-0.5108498	-0.5108498	0.333333343	0.333333343	None
  2.03333354	-0.3634547	-0.579241037	-0.579241037	0.333333343	0.333333343	None
  2.266667	-0.424921185	-0.04050079	-0.04050079	0.333333343	0.333333343	None
  2.7	-0.504241049	-0.133792385	-0.133792385	0.333333343	0.333333343	None
  2.80000019	-0.506777763	0.0929261148	0.0929261148	0.333333343	0.333333343	None
  2.86666679	-0.484976023	0.7345196	0.7345196	0.333333343	0.333333343	None
  2.966667	-0.401873946	0.16936034	0.16936034	0.333333343	0.333333343	None
  3.00000024	-0.410081416	-0.192062438	-0.192062438	0.333333343	0.333333343	None
  3.13333344	-0.4120891	-0.05527144	-0.05527144	0.333333343	0.333333343	None
  3.266667	-0.4085324	0.101895429	0.101895429	0.333333343	0.333333343	None
  3.50000024	-0.420340836	-0.1242083	-0.1242083	0.333333343	0.333333343	None
  3.70000029	-0.455816358	-0.0573829375	-0.0573829375	0.333333343	0.333333343	None
  3.93333364	-0.4676349	-0.0893084854	-0.0893084854	0.333333343	0.333333343	None
  4.066667	-0.503480852	-0.6628089	-0.6628089	0.333333343	0.333333343	None
  4.13333368	-0.5601236	-0.547523439	-0.547523439	0.333333343	0.333333343	None
  4.20000029	-0.5683836	0.114242546	0.114242546	0.333333343	0.333333343	None
  4.266667	-0.5396382	0.8046778	0.8046778	0.333333343	0.333333343	None
  4.4	-0.427610934	0.3334615	0.3334615	0.333333343	0.333333343	None
  4.4333334	-0.425938129	-0.0194098223	-0.0194098223	0.333333343	0.333333343	None
  4.566667	-0.453652084	-0.12727049	-0.12727049	0.333333343	0.333333343	None
  4.9333334	-0.480536282	-0.021590909	-0.021590909	0.333333343	0.333333343	None
  5.166667	-0.476002783	-0.0103220437	-0.0103220437	0.333333343	0.333333343	None
  5.83333349	-0.482368737	0.00172019179	0.00172019179	0.333333343	0.333333343	None
  6.33333349	-0.480285585	-0.08268185	-0.08268185	0.333333343	0.333333343	None
  6.666667	-0.4972638	-0.0634521842	-0.0634521842	0.333333343	0.333333343	None
  7.13333368	-0.5172813	0.04027251	0.04027251	0.333333343	0.333333343	None
  7.36666727	-0.519071639	0	0	0.333333343	0.333333343	None
FLOAT UnityEngine.Animator||RightFootQ.z discrete=False keys=56 pre=ClampForever post=ClampForever
  0	0.47633937	0.0126966825	0.0126966825	0.333333343	0.333333343	None
  0.733333349	0.480937064	-0.00284268754	-0.00284268754	0.333333343	0.333333343	None
  0.8333334	0.478515774	0.0478594974	0.0478594974	0.333333343	0.333333343	None
  0.9333334	0.545793533	1.75637531	1.75637531	0.333333343	0.333333343	None
  1	0.6527863	-0.804463	-0.804463	0.333333343	0.333333343	None
  1.03333342	0.5668869	-2.808652	-2.808652	0.333333343	0.333333343	None
  1.06666672	0.465542734	-1.71986628	-1.71986628	0.333333343	0.333333343	None
  1.1	0.452229261	-0.0394183546	-0.0394183546	0.333333343	0.333333343	None
  1.13333344	0.462914884	0.00661689043	0.00661689043	0.333333343	0.333333343	None
  1.16666675	0.452670425	-0.08098089	-0.08098089	0.333333343	0.333333343	None
  1.23333335	0.463711	0.0861741155	0.0861741155	0.333333343	0.333333343	None
  1.36666679	0.44759208	-0.08500047	-0.08500047	0.333333343	0.333333343	None
  1.4666667	0.439010471	-0.0267229769	-0.0267229769	0.333333343	0.333333343	None
  1.53333342	0.45747754	0.6527792	0.6527792	0.333333343	0.333333343	None
  1.60000014	0.515965343	1.07587981	1.07587981	0.333333343	0.333333343	None
  1.63333344	0.5561907	1.59362352	1.59362352	0.333333343	0.333333343	None
  1.66666675	0.6222068	1.9037981	1.9037981	0.333333343	0.333333343	None
  1.7	0.6831105	0.296847939	0.296847939	0.333333343	0.333333343	None
  1.73333347	0.6419965	-1.80592632	-1.80592632	0.333333343	0.333333343	None
  1.76666677	0.562715352	-0.922029853	-0.922029853	0.333333343	0.333333343	None
  1.80000007	0.5805279	0.451908857	0.451908857	0.333333343	0.333333343	None
  1.83333337	0.5928426	-0.00494353473	-0.00494353473	0.333333343	0.333333343	None
  1.86666679	0.5801983	-0.324677467	-0.324677467	0.333333343	0.333333343	None
  2	0.5348939	-0.534825563	-0.534825563	0.333333343	0.333333343	None
  2.16666675	0.450543016	-0.1595509	-0.1595509	0.333333343	0.333333343	None
  2.33333349	0.4668188	0.196412534	0.196412534	0.333333343	0.333333343	None
  2.4333334	0.461762458	-0.238114685	-0.238114685	0.333333343	0.333333343	None
  2.60000014	0.4155886	-0.341463417	-0.341463417	0.333333343	0.333333343	None
  2.766667	0.368062258	-0.214914	-0.214914	0.333333343	0.333333343	None
  2.83333349	0.361009717	0.262092769	0.262092769	0.333333343	0.333333343	None
  2.86666679	0.3792586	1.189467	1.189467	0.333333343	0.333333343	None
  2.9333334	0.5108621	1.50879979	1.50879979	0.333333343	0.333333343	None
  2.966667	0.5408942	0.309829772	0.309829772	0.333333343	0.333333343	None
  3.03333354	0.5068915	-0.4379515	-0.4379515	0.333333343	0.333333343	None
  3.10000014	0.501136839	0.03738288	0.03738288	0.333333343	0.333333343	None
  3.266667	0.532830656	0.007999249	0.007999249	0.333333343	0.333333343	None
  3.4	0.5205191	-0.0379380956	-0.0379380956	0.333333343	0.333333343	None
  3.60000014	0.5078453	-0.185706943	-0.185706943	0.333333343	0.333333343	None
  3.73333359	0.468830764	-0.108773962	-0.108773962	0.333333343	0.333333343	None
  3.9	0.465848833	-0.136081368	-0.136081368	0.333333343	0.333333343	None
  4.066667	0.383390784	-0.9623507	-0.9623507	0.333333343	0.333333343	None
  4.13333368	0.3084711	-1.2932744	-1.2932744	0.333333343	0.333333343	None
  4.166667	0.262459934	-0.9616804	-0.9616804	0.333333343	0.333333343	None
  4.20000029	0.244359151	0.509350657	0.509350657	0.333333343	0.333333343	None
  4.266667	0.380509436	2.44437265	2.44437265	0.333333343	0.333333343	None
  4.3	0.459374636	1.99609566	1.99609566	0.333333343	0.333333343	None
  4.4	0.5570657	0.110075288	0.110075288	0.333333343	0.333333343	None
  4.4666667	0.5444923	-0.133580387	-0.133580387	0.333333343	0.333333343	None
  4.63333368	0.537741065	-0.07472284	-0.07472284	0.333333343	0.333333343	None
  4.9333334	0.5157753	-0.07751323	-0.07751323	0.333333343	0.333333343	None
  5.23333359	0.515576839	-0.006845898	-0.006845898	0.333333343	0.333333343	None
  5.666667	0.5097523	-0.0496280678	-0.0496280678	0.333333343	0.333333343	None
  6.20000029	0.5084504	0.02644303	0.02644303	0.333333343	0.333333343	None
  6.766667	0.491526544	-0.07432364	-0.07432364	0.333333343	0.333333343	None
  7.13333368	0.475227565	0.0453360826	0.0453360826	0.333333343	0.333333343	None
  7.36666727	0.476339519	0	0	0.333333343	0.333333343	None
FLOAT UnityEngine.Animator||RightFootT.x discrete=False keys=56 pre=ClampForever post=ClampForever
  0	0.134408012	8.09133E-05	8.09133E-05	0.333333343	0.333333343	None
  0.700000048	0.141596824	0.00157780969	0.00157780969	0.333333343	0.333333343	None
  0.8000001	0.14452377	0.08957709	0.08957709	0.333333343	0.333333343	None
  0.8333334	0.1483659	0.187931165	0.187931165	0.333333343	0.333333343	None
  0.900000036	0.163254648	0.08911201	0.08911201	0.333333343	0.333333343	None
  0.9333334	0.162993312	-0.121079944	-0.121079944	0.333333343	0.333333343	None
  0.9666667	0.15518266	0.03835898	0.03835898	0.333333343	0.333333343	None
  1	0.165550575	0.7791561	0.7791561	0.333333343	0.333333343	None
  1.03333342	0.2071265	1.43933225	1.43933225	0.333333343	0.333333343	None
  1.06666672	0.2615061	1.3566854	1.3566854	0.333333343	0.333333343	None
  1.13333344	0.311150551	0.15631856	0.15631856	0.333333343	0.333333343	None
  1.2	0.3007093	-0.0649502	-0.0649502	0.333333343	0.333333343	None
  1.26666677	0.308249	0.118907109	0.118907109	0.333333343	0.333333343	None
  1.4000001	0.3085113	-0.0571109876	-0.0571109876	0.333333343	0.333333343	None
  1.50000012	0.2791598	-0.6338674	-0.6338674	0.333333343	0.333333343	None
  1.56666672	0.223420918	-0.970841169	-0.970841169	0.333333343	0.333333343	None
  1.63333344	0.159120351	-0.741192937	-0.741192937	0.333333343	0.333333343	None
  1.7	0.141970932	0.5201776	0.5201776	0.333333343	0.333333343	None
  1.73333347	0.17460914	1.14353371	1.14353371	0.333333343	0.333333343	None
  1.76666677	0.218206555	1.07102633	1.07102633	0.333333343	0.333333343	None
  1.80000007	0.246010825	0.4126482	0.4126482	0.333333343	0.333333343	None
  1.83333337	0.245716408	-0.07397068	-0.07397068	0.333333343	0.333333343	None
  1.86666679	0.241079435	-0.05544956	-0.05544956	0.333333343	0.333333343	None
  1.96666682	0.247529745	0.113365039	0.113365039	0.333333343	0.333333343	None
  2.16666675	0.2720268	-0.00395805	-0.00395805	0.333333343	0.333333343	None
  2.33333349	0.247521564	-0.247113049	-0.247113049	0.333333343	0.333333343	None
  2.4333334	0.235365734	0.109653279	0.109653279	0.333333343	0.333333343	None
  2.56666684	0.276296943	0.324389338	0.324389338	0.333333343	0.333333343	None
  2.80000019	0.330294847	0.0440450422	0.0440450422	0.333333343	0.333333343	None
  2.9	0.306431025	-0.688552737	-0.688552737	0.333333343	0.333333343	None
  3.00000024	0.225007355	-0.4522334	-0.4522334	0.333333343	0.333333343	None
  3.06666684	0.219277337	0.0142847886	0.0142847886	0.333333343	0.333333343	None
  3.16666675	0.211366862	-0.168002367	-0.168002367	0.333333343	0.333333343	None
  3.33333349	0.199013621	0.03211412	0.03211412	0.333333343	0.333333343	None
  3.53333354	0.208440468	0.05081137	0.05081137	0.333333343	0.333333343	None
  3.766667	0.222683862	0.033374086	0.033374086	0.333333343	0.333333343	None
  3.9	0.237882674	0.236747608	0.236747608	0.333333343	0.333333343	None
  4.033334	0.276021481	0.257101655	0.257101655	0.333333343	0.333333343	None
  4.10000038	0.282881081	-0.08456163	-0.08456163	0.333333343	0.333333343	None
  4.266667	0.23933211	-0.332532555	-0.332532555	0.333333343	0.333333343	None
  4.33333349	0.221116468	-0.139732942	-0.139732942	0.333333343	0.333333343	None
  4.5	0.223604918	-0.05864653	-0.05864653	0.333333343	0.333333343	None
  4.666667	0.193060681	-0.199139908	-0.199139908	0.333333343	0.333333343	None
  4.866667	0.160255253	-0.0992724448	-0.0992724448	0.333333343	0.333333343	None
  5.066667	0.158116281	0.007977568	0.007977568	0.333333343	0.333333343	None
  5.23333359	0.159242168	0.01944514	0.01944514	0.333333343	0.333333343	None
  5.566667	0.168530911	0.0586014055	0.0586014055	0.333333343	0.333333343	None
  6.033334	0.186601758	-0.0239054337	-0.0239054337	0.333333343	0.333333343	None
  6.166667	0.1819621	-0.0522693768	-0.0522693768	0.333333343	0.333333343	None
  6.266667	0.175892383	-0.118070729	-0.118070729	0.333333343	0.333333343	None
  6.33333349	0.1651553	-0.147599638	-0.147599638	0.333333343	0.333333343	None
  6.466667	0.151204184	-0.03791284	-0.03791284	0.333333343	0.333333343	None
  6.73333359	0.145430371	0.00131853053	0.00131853053	0.333333343	0.333333343	None
  7.066667	0.142202437	0.0011862081	0.0011862081	0.333333343	0.333333343	None
  7.3	0.135767654	-0.0416853651	-0.0416853651	0.333333343	0.333333343	None
  7.36666727	0.134408072	4.47028867E-07	4.47028867E-07	0.333333343	0.333333343	None
FLOAT UnityEngine.Animator||RightFootT.y discrete=False keys=23 pre=ClampForever post=ClampForever
  0	-0.9710071	0.00171303737	0.00171303737	0.333333343	0.333333343	None
  0.8000001	-0.961441934	0.06792338	0.06792338	0.333333343	0.333333343	None
  0.9333334	-0.9367596	0.2680547	0.2680547	0.333333343	0.333333343	None
  1.03333342	-0.8740047	0.865311146	0.865311146	0.333333343	0.333333343	None
  1.1	-0.829156935	0.384592	0.384592	0.333333343	0.333333343	None
  1.26666677	-0.7974823	-0.196278632	-0.196278632	0.333333343	0.333333343	None
  1.53333342	-0.8770791	-0.124642372	-0.124642372	0.333333343	0.333333343	None
  1.66666675	-0.8289644	0.733667135	0.733667135	0.333333343	0.333333343	None
  1.73333347	-0.795891464	0.09891412	0.09891412	0.333333343	0.333333343	None
  1.86666679	-0.8117508	0.0107619632	0.0107619632	0.333333343	0.333333343	None
  2	-0.8301206	-0.239631236	-0.239631236	0.333333343	0.333333343	None
  2.266667	-0.872777164	-0.0376168154	-0.0376168154	0.333333343	0.333333343	None
  2.56666684	-0.851591766	0.029761821	0.029761821	0.333333343	0.333333343	None
  2.86666679	-0.8804228	-0.21276018	-0.21276018	0.333333343	0.333333343	None
  3.30000019	-0.9436131	-0.009712288	-0.009712288	0.333333343	0.333333343	None
  3.80000019	-0.9608553	-0.0181460567	-0.0181460567	0.333333343	0.333333343	None
  4.13333368	-0.9360692	0.374733567	0.374733567	0.333333343	0.333333343	None
  4.23333359	-0.916668534	-0.154108256	-0.154108256	0.333333343	0.333333343	None
  4.4333334	-0.955138147	-0.05121057	-0.05121057	0.333333343	0.333333343	None
  5.033334	-0.95539397	0.060561657	0.060561657	0.333333343	0.333333343	None
  5.70000029	-0.9533474	0.004426543	0.004426543	0.333333343	0.333333343	None
  6.366667	-0.959854841	-0.0384555236	-0.0384555236	0.333333343	0.333333343	None
  7.36666727	-0.971007347	0	0	0.333333343	0.333333343	None
FLOAT UnityEngine.Animator||RightFootT.z discrete=False keys=115 pre=ClampForever post=ClampForever
  0	-0.01631548	-0.00507267145	-0.00507267145	0.333333343	0.333333343	None
  0.06666667	-0.0166642033	-0.01218966	-0.01218966	0.333333343	0.333333343	None
  0.166666672	-0.0192523375	-0.0347426757	-0.0347426757	0.333333343	0.333333343	None
  0.233333349	-0.0213737432	-0.0266937651	-0.0266937651	0.333333343	0.333333343	None
  0.366666675	-0.0252828524	-0.0307014212	-0.0307014212	0.333333343	0.333333343	None
  0.6333334	-0.0314335339	-0.0202255026	-0.0202255026	0.333333343	0.333333343	None
  0.700000048	-0.0324432366	-0.009320116	-0.009320116	0.333333343	0.333333343	None
  0.733333349	-0.0326370969	0.01336817	0.01336817	0.333333343	0.333333343	None
  0.7666667	-0.0315520242	0.138767079	0.138767079	0.333333343	0.333333343	None
  0.8000001	-0.0233859513	0.403742	0.403742	0.333333343	0.333333343	None
  0.8333334	-0.00463590352	0.8212465	0.8212465	0.333333343	0.333333343	None
  0.866666734	0.0313638262	1.28405833	1.28405833	0.333333343	0.333333343	None
  0.900000036	0.08096796	1.518054	1.518054	0.333333343	0.333333343	None
  0.9333334	0.132567421	1.67457461	1.67457461	0.333333343	0.333333343	None
  1	0.246654436	1.33444107	1.33444107	0.333333343	0.333333343	None
  1.03333342	0.281569034	1.18073738	1.18073738	0.333333343	0.333333343	None
  1.06666672	0.3253703	1.40124774	1.40124774	0.333333343	0.333333343	None
  1.1	0.374985456	1.03377521	1.03377521	0.333333343	0.333333343	None
  1.16666675	0.403429031	0.3010742	0.3010742	0.333333343	0.333333343	None
  1.26666677	0.4175259	-0.25515908	-0.25515908	0.333333343	0.333333343	None
  1.33333337	0.3888667	-0.373034716	-0.373034716	0.333333343	0.333333343	None
  1.4666667	0.33008486	-0.6672243	-0.6672243	0.333333343	0.333333343	None
  1.56666672	0.2689791	-0.0446839333	-0.0446839333	0.333333343	0.333333343	None
  1.63333344	0.310367435	1.14844525	1.14844525	0.333333343	0.333333343	None
  1.7	0.4019707	1.02823174	1.02823174	0.333333343	0.333333343	None
  1.73333347	0.424060971	0.325351983	0.325351983	0.333333343	0.333333343	None
  1.76666677	0.4236609	0.0438747257	0.0438747257	0.333333343	0.333333343	None
  1.83333337	0.4274558	-0.106117718	-0.106117718	0.333333343	0.333333343	None
  1.96666682	0.3763811	-0.6227367	-0.6227367	0.333333343	0.333333343	None
  2.16666675	0.302305847	-0.1260778	-0.1260778	0.333333343	0.333333343	None
  2.30000019	0.308015078	0.32720387	0.32720387	0.333333343	0.333333343	None
  2.50000024	0.378527254	-0.123438463	-0.123438463	0.333333343	0.333333343	None
  2.60000014	0.349848062	-0.329360843	-0.329360843	0.333333343	0.333333343	None
  2.7	0.316959321	-0.169064462	-0.169064462	0.333333343	0.333333343	None
  2.80000019	0.30882895	-0.197896257	-0.197896257	0.333333343	0.333333343	None
  2.9	0.281586558	-0.311839283	-0.311839283	0.333333343	0.333333343	None
  2.966667	0.254815251	-0.515312135	-0.515312135	0.333333343	0.333333343	None
  3.00000024	0.236481532	-0.419788659	-0.419788659	0.333333343	0.333333343	None
  3.03333354	0.226829365	-0.334257424	-0.334257424	0.333333343	0.333333343	None
  3.13333344	0.195153058	-0.152675733	-0.152675733	0.333333343	0.333333343	None
  3.30000019	0.189491346	-0.113709457	-0.113709457	0.333333343	0.333333343	None
  3.4333334	0.158780679	-0.258376479	-0.258376479	0.333333343	0.333333343	None
  3.56666684	0.120425917	-0.309554279	-0.309554279	0.333333343	0.333333343	None
  3.66666675	0.0960865542	-0.112898074	-0.112898074	0.333333343	0.333333343	None
  3.80000019	0.09275734	-0.064111	-0.064111	0.333333343	0.333333343	None
  3.83333349	0.08983186	-0.0860021	-0.0860021	0.333333343	0.333333343	None
  3.9	0.08089432	-0.275760442	-0.275760442	0.333333343	0.333333343	None
  3.966667	0.05105763	-0.5822518	-0.5822518	0.333333343	0.333333343	None
  4	0.029823171	-0.628083467	-0.628083467	0.333333343	0.333333343	None
  4.033334	0.009185296	-0.594338059	-0.594338059	0.333333343	0.333333343	None
  4.066667	-0.009799624	-0.54759	-0.54759	0.333333343	0.333333343	None
  4.10000038	-0.0273206681	-0.482089579	-0.482089579	0.333333343	0.333333343	None
  4.13333368	-0.0419388972	-0.353511	-0.353511	0.333333343	0.333333343	None
  4.166667	-0.0508880466	-0.09823516	-0.09823516	0.333333343	0.333333343	None
  4.20000029	-0.0484879	0.306225866	0.306225866	0.333333343	0.333333343	None
  4.23333359	-0.0304730088	0.7081453	0.7081453	0.333333343	0.333333343	None
  4.266667	-0.00127825944	0.979073644	0.979073644	0.333333343	0.333333343	None
  4.3	0.0347985029	1.05240774	1.05240774	0.333333343	0.333333343	None
  4.366667	0.09681749	0.7017697	0.7017697	0.333333343	0.333333343	None
  4.4	0.115666792	0.237707317	0.237707317	0.333333343	0.333333343	None
  4.4333334	0.112664632	-0.186930478	-0.186930478	0.333333343	0.333333343	None
  4.4666667	0.103204772	-0.243473291	-0.243473291	0.333333343	0.333333343	None
  4.5	0.0964330956	-0.221634448	-0.221634448	0.333333343	0.333333343	None
  4.63333368	0.0655918941	-0.1586499	-0.1586499	0.333333343	0.333333343	None
  4.666667	0.0612242147	-0.12207672	-0.12207672	0.333333343	0.333333343	None
  4.73333359	0.0557990856	-0.0274636112	-0.0274636112	0.333333343	0.333333343	None
  4.83333349	0.0573785454	0.0414807945	0.0414807945	0.333333343	0.333333343	None
  4.866667	0.05897763	0.112468705	0.112468705	0.333333343	0.333333343	None
  4.9333334	0.0717108548	0.182343662	0.182343662	0.333333343	0.333333343	None
  4.9666667	0.0770326853	0.1664824	0.1664824	0.333333343	0.333333343	None
  5.10000038	0.09568811	0.06594373	0.06594373	0.333333343	0.333333343	None
  5.266667	0.09911417	0.003906753	0.003906753	0.333333343	0.333333343	None
  5.33333349	0.09863756	-0.0148358718	-0.0148358718	0.333333343	0.333333343	None
  5.50000048	0.09935503	-0.0476816744	-0.0476816744	0.333333343	0.333333343	None
  5.63333368	0.08659407	-0.121725127	-0.121725127	0.333333343	0.333333343	None
  5.666667	0.08261074	-0.145066738	-0.145066738	0.333333343	0.333333343	None
  5.70000029	0.07692296	-0.159315437	-0.159315437	0.333333343	0.333333343	None
  5.83333349	0.0583275259	-0.11315988	-0.11315988	0.333333343	0.333333343	None
  5.9	0.0536507	-0.0250883438	-0.0250883438	0.333333343	0.333333343	None
  5.966667	0.05400735	0.00582984276	0.00582984276	0.333333343	0.333333343	None
  6.00000048	0.053767398	0.0119414851	0.0119414851	0.333333343	0.333333343	None
  6.033334	0.05480345	0.0216434356	0.0216434356	0.333333343	0.333333343	None
  6.066667	0.0552102923	0.02228426	0.02228426	0.333333343	0.333333343	None
  6.10000038	0.0562890656	0.0152667006	0.0152667006	0.333333343	0.333333343	None
  6.13333368	0.05622807	0.00691474136	0.00691474136	0.333333343	0.333333343	None
  6.23333359	0.0549570024	-0.102811463	-0.102811463	0.333333343	0.333333343	None
  6.266667	0.04979036	-0.11605192	-0.11605192	0.333333343	0.333333343	None
  6.3	0.0472202152	-0.1013059	-0.1013059	0.333333343	0.333333343	None
  6.33333349	0.04303664	-0.113727674	-0.113727674	0.333333343	0.333333343	None
  6.366667	0.0396383777	-0.09945604	-0.09945604	0.333333343	0.333333343	None
  6.40000057	0.0364061967	-0.0549333468	-0.0549333468	0.333333343	0.333333343	None
  6.466667	0.03733178	0.04113535	0.04113535	0.333333343	0.333333343	None
  6.50000048	0.0387184657	0.00625687372	0.00625687372	0.333333343	0.333333343	None
  6.566667	0.036400646	-0.0386852026	-0.0386852026	0.333333343	0.333333343	None
  6.60000038	0.035169892	-0.0492126048	-0.0492126048	0.333333343	0.333333343	None
  6.73333359	0.02372302	-0.119860962	-0.119860962	0.333333343	0.333333343	None
  6.766667	0.0194261931	-0.12347807	-0.12347807	0.333333343	0.333333343	None
  6.8	0.0154911559	-0.111555696	-0.111555696	0.333333343	0.333333343	None
  6.83333349	0.0119891539	-0.1118198	-0.1118198	0.333333343	0.333333343	None
  6.866667	0.008036509	-0.1199176	-0.1199176	0.333333343	0.333333343	None
  6.90000057	0.00399459666	-0.125772923	-0.125772923	0.333333343	0.333333343	None
  6.933334	-0.000348401576	-0.127822578	-0.127822578	0.333333343	0.333333343	None
  6.966667	-0.00452689966	-0.1202938	-0.1202938	0.333333343	0.333333343	None
  7.00000048	-0.008367981	-0.10072124	-0.10072124	0.333333343	0.333333343	None
  7.033334	-0.0112416428	-0.07081199	-0.07081199	0.333333343	0.333333343	None
  7.066667	-0.0130887758	-0.015549954	-0.015549954	0.333333343	0.333333343	None
  7.10000038	-0.0122783054	0.0685024559	0.0685024559	0.333333343	0.333333343	None
  7.13333368	-0.00852195	0.110425219	0.110425219	0.333333343	0.333333343	None
  7.166667	-0.00491663069	0.0629731938	0.0629731938	0.333333343	0.333333343	None
  7.20000029	-0.004323741	-0.00468311273	-0.00468311273	0.333333343	0.333333343	None
  7.23333359	-0.005228838	-0.0621180274	-0.0621180274	0.333333343	0.333333343	None
  7.266667	-0.008464939	-0.11455784	-0.11455784	0.333333343	0.333333343	None
  7.3	-0.01286602	-0.117718451	-0.117718451	0.333333343	0.333333343	None
  7.33333349	-0.0163128283	-0.05170206	-0.05170206	0.333333343	0.333333343	None
  7.36666727	-0.01631282	2.23514434E-07	2.23514434E-07	0.333333343	0.333333343	None
FLOAT UnityEngine.Animator||RightHand.Index.1 Stretched discrete=False keys=14 pre=ClampForever post=ClampForever
  0	0.473333657	0.00343501545	0.00343501545	0.333333343	0.333333343	None
  1.13333344	0.5183062	0.01349867	0.01349867	0.333333343	0.333333343	None
  1.56666672	0.5604739	0.009572813	0.009572813	0.333333343	0.333333343	None
  3.20000029	0.566285968	0.0012865623	0.0012865623	0.333333343	0.333333343	None
  4.73333359	0.548590064	-0.0295633357	-0.0295633357	0.333333343	0.333333343	None
  4.8	0.5297581	-0.888794661	-0.888794661	0.333333343	0.333333343	None
  4.9	0.396392554	-0.8994734	-0.8994734	0.333333343	0.333333343	None
  5.00000048	0.401173264	0.6167393	0.6167393	0.333333343	0.333333343	None
  5.266667	0.624122739	0.317902863	0.317902863	0.333333343	0.333333343	None
  5.566667	0.480104923	-0.854172647	-0.854172647	0.333333343	0.333333343	None
  5.8	0.328039736	-0.204384536	-0.204384536	0.333333343	0.333333343	None
  5.933334	0.326363474	0.0374121554	0.0374121554	0.333333343	0.333333343	None
  7.33333349	0.473334521	0.00319272582	0.00319272582	0.333333343	0.333333343	None
  7.36666727	0.4733343	-6.258404E-06	-6.258404E-06	0.333333343	0.333333343	None
FLOAT UnityEngine.Animator||RightHand.Index.2 Stretched discrete=False keys=19 pre=ClampForever post=ClampForever
  0	0.517491758	1.43051138E-05	1.43051138E-05	0.333333343	0.333333343	None
  1.1	0.5174887	-8.046769E-06	-8.046769E-06	0.333333343	0.333333343	None
  1.26666677	0.5480739	0.3956354	0.3956354	0.333333343	0.333333343	None
  1.56666672	0.65268904	0.03405336	0.03405336	0.333333343	0.333333343	None
  2.2	0.6523428	-0.001646878	-0.001646878	0.333333343	0.333333343	None
  3.83333349	0.636867464	-0.0209382381	-0.0209382381	0.333333343	0.333333343	None
  4.73333359	0.6095287	-0.0409260765	-0.0409260765	0.333333343	0.333333343	None
  4.766667	0.608150065	-0.7499705	-0.7499705	0.333333343	0.333333343	None
  4.8	0.559530735	-2.44481754	-2.44481754	0.333333343	0.333333343	None
  4.866667	0.308280438	-3.78203964	-3.78203964	0.333333343	0.333333343	None
  4.9	0.193026662	-2.45629025	-2.45629025	0.333333343	0.333333343	None
  4.9333334	0.144527912	-0.477548122	-0.477548122	0.333333343	0.333333343	None
  4.9666667	0.161190152	0.934155345	0.934155345	0.333333343	0.333333343	None
  5.23333359	0.7882084	1.66265917	1.66265917	0.333333343	0.333333343	None
  5.50000048	0.6064561	-2.0178225	-2.0178225	0.333333343	0.333333343	None
  5.8	0.0831081942	-0.5076716	-0.5076716	0.333333343	0.333333343	None
  5.866667	0.07491156	0.03866218	0.03866218	0.333333343	0.333333343	None
  7.3	0.5168509	0.0378433242	0.0378433242	0.333333343	0.333333343	None
  7.36666727	0.5174915	-7.152462E-06	-7.152462E-06	0.333333343	0.333333343	None
FLOAT UnityEngine.Animator||RightHand.Index.3 Stretched discrete=False keys=12 pre=ClampForever post=ClampForever
  0	0.922240257	-1.9669531E-05	-1.9669531E-05	0.333333343	0.333333343	None
  1.13333344	0.92223984	0.00804127	0.00804127	0.333333343	0.333333343	None
  1.63333344	0.9540498	0	0	0.333333343	0.333333343	None
  3.266667	0.9524769	-0.002773407	-0.002773407	0.333333343	0.333333343	None
  4.73333359	0.9438805	-0.009630928	-0.009630928	0.333333343	0.333333343	None
  4.8	0.9224576	-1.06475925	-1.06475925	0.333333343	0.333333343	None
  4.9	0.763133	-1.06282806	-1.06282806	0.333333343	0.333333343	None
  5.033334	0.7879943	0.802087665	0.802087665	0.333333343	0.333333343	None
  5.3	0.9922281	0.0434366278	0.0434366278	0.333333343	0.333333343	None
  5.8	0.735338151	-0.168145165	-0.168145165	0.333333343	0.333333343	None
  6.033334	0.7416465	0.08781203	0.08781203	0.333333343	0.333333343	None
  7.36666727	0.922240257	0	0	0.333333343	0.333333343	None
FLOAT UnityEngine.Animator||RightHand.Index.Spread discrete=False keys=15 pre=ClampForever post=ClampForever
  0	-0.9032531	-0.0141316643	-0.0141316643	0.333333343	0.333333343	None
  1.1	-1.0894618	-0.0280684251	-0.0280684251	0.333333343	0.333333343	None
  1.23333335	-1.0366919	0.958915532	0.958915532	0.333333343	0.333333343	None
  1.53333342	-0.699464262	0.382874072	0.382874072	0.333333343	0.333333343	None
  1.66666675	-0.692934632	-0.0043657464	-0.0043657464	0.333333343	0.333333343	None
  3.30000019	-0.7444074	-0.05092	-0.05092	0.333333343	0.333333343	None
  4.73333359	-0.822886765	-0.05207782	-0.05207782	0.333333343	0.333333343	None
  4.8	-0.853463948	-1.40402424	-1.40402424	0.333333343	0.333333343	None
  4.9	-1.05169821	-1.25788307	-1.25788307	0.333333343	0.333333343	None
  5.033334	-1.01540935	1.08648968	1.08648968	0.333333343	0.333333343	None
  5.3	-0.7132304	0.0622326732	0.0622326732	0.333333343	0.333333343	None
  5.60000038	-0.967855752	-1.092529	-1.092529	0.333333343	0.333333343	None
  5.83333349	-1.12035334	-0.053317003	-0.053317003	0.333333343	0.333333343	None
  6.50000048	-1.0324465	0.211708754	0.211708754	0.333333343	0.333333343	None
  7.36666727	-0.9032531	5.36434663E-06	5.36434663E-06	0.333333343	0.333333343	None
FLOAT UnityEngine.Animator||RightHand.Little.1 Stretched discrete=False keys=24 pre=ClampForever post=ClampForever
  0	0.474978238	0.0002619624	0.0002619624	0.333333343	0.333333343	None
  1.16666675	0.478104	0.007938899	0.007938899	0.333333343	0.333333343	None
  1.86666679	0.484152317	0.000427812018	0.000427812018	0.333333343	0.333333343	None
  3.50000024	0.4849583	-0.000267774129	-0.000267774129	0.333333343	0.333333343	None
  4.73333359	0.482714623	-0.003762249	-0.003762249	0.333333343	0.333333343	None
  4.766667	0.48258692	-0.9338205	-0.9338205	0.333333343	0.333333343	None
  4.8	0.42046	-3.149341	-3.149341	0.333333343	0.333333343	None
  4.83333349	0.272631049	-4.858409	-4.858409	0.333333343	0.333333343	None
  4.866667	0.09656637	-4.84789944	-4.84789944	0.333333343	0.333333343	None
  4.9	-0.05056195	-3.13052821	-3.13052821	0.333333343	0.333333343	None
  4.9333334	-0.112135313	-0.71331805	-0.71331805	0.333333343	0.333333343	None
  4.9666667	-0.09811644	0.78709507	0.78709507	0.333333343	0.333333343	None
  5.00000048	-0.05966181	1.43926978	1.43926978	0.333333343	0.333333343	None
  5.033334	-0.00216466072	1.92955089	1.92955089	0.333333343	0.333333343	None
  5.066667	0.0689747855	2.257632	2.257632	0.333333343	0.333333343	None
  5.266667	0.477814823	0.791647553	0.791647553	0.333333343	0.333333343	None
  5.4	0.438672662	-0.980315268	-0.980315268	0.333333343	0.333333343	None
  5.70000029	0.00566392951	-1.20514607	-1.20514607	0.333333343	0.333333343	None
  5.766667	-0.0594879426	-0.699084938	-0.699084938	0.333333343	0.333333343	None
  5.8	-0.07773468	-0.3705382	-0.3705382	0.333333343	0.333333343	None
  5.866667	-0.08337758	0.0480432138	0.0480432138	0.333333343	0.333333343	None
  6.20000029	-0.0005784487	0.411644518	0.411644518	0.333333343	0.333333343	None
  7.3	0.474159867	0.0483920127	0.0483920127	0.333333343	0.333333343	None
  7.36666727	0.4749784	-8.940578E-06	-8.940578E-06	0.333333343	0.333333343	None
FLOAT UnityEngine.Animator||RightHand.Little.2 Stretched discrete=False keys=26 pre=ClampForever post=ClampForever
  0	0.0560746267	0	0	0.333333343	0.333333343	None
  1.1	0.0560753867	2.81943358E-11	2.81943358E-11	0.333333343	0.333333343	None
  1.16666675	0.06102577	0.28078413	0.28078413	0.333333343	0.333333343	None
  1.50000012	0.327711552	0.5081917	0.5081917	0.333333343	0.333333343	None
  1.66666675	0.345946223	0.000278502965	0.000278502965	0.333333343	0.333333343	None
  3.30000019	0.333594739	-0.0247331187	-0.0247331187	0.333333343	0.333333343	None
  4.73333359	0.2543498	-0.09320864	-0.09320864	0.333333343	0.333333343	None
  4.766667	0.25120756	-0.786638141	-0.786638141	0.333333343	0.333333343	None
  4.8	0.2019073	-2.44443846	-2.44443846	0.333333343	0.333333343	None
  4.83333349	0.08824515	-3.74399042	-3.74399042	0.333333343	0.333333343	None
  4.866667	-0.0476918221	-3.763204	-3.763204	0.333333343	0.333333343	None
  4.9	-0.1626349	-2.466948	-2.466948	0.333333343	0.333333343	None
  4.9333334	-0.212154865	-0.399823219	-0.399823219	0.333333343	0.333333343	None
  4.9666667	-0.189289749	1.33007538	1.33007538	0.333333343	0.333333343	None
  5.033334	-0.0248679575	3.298904	3.298904	0.333333343	0.333333343	None
  5.066667	0.09644439	3.83150339	3.83150339	0.333333343	0.333333343	None
  5.23333359	0.710599065	2.348702	2.348702	0.333333343	0.333333343	None
  5.33333349	0.7830893	-0.7393829	-0.7393829	0.333333343	0.333333343	None
  5.60000038	0.09734614	-3.3377912	-3.3377912	0.333333343	0.333333343	None
  5.666667	-0.116388865	-2.960887	-2.960887	0.333333343	0.333333343	None
  5.8	-0.390788078	-0.796911836	-0.796911836	0.333333343	0.333333343	None
  5.866667	-0.40301463	0.0594185852	0.0594185852	0.333333343	0.333333343	None
  6.966667	-0.0106506646	0.3295737	0.3295737	0.333333343	0.333333343	None
  7.00000048	-9.551666E-06	0.308022767	0.308022767	0.333333343	0.333333343	None
  7.3	0.0554282442	0.03818609	0.03818609	0.333333343	0.333333343	None
  7.36666727	0.0560746267	0	0	0.333333343	0.333333343	None
FLOAT UnityEngine.Animator||RightHand.Little.3 Stretched discrete=False keys=16 pre=ClampForever post=ClampForever
  0	0.1342514	2.19047051E-05	2.19047051E-05	0.333333343	0.333333343	None
  1.1	0.134252861	-3.57624276E-06	-3.57624276E-06	0.333333343	0.333333343	None
  1.16666675	0.139648989	0.3062746	0.3062746	0.333333343	0.333333343	None
  1.53333342	0.448999554	0.305462778	0.305462778	0.333333343	0.333333343	None
  1.63333344	0.4542451	-0.004030023	-0.004030023	0.333333343	0.333333343	None
  3.266667	0.396610379	-0.0493205078	-0.0493205078	0.333333343	0.333333343	None
  4.73333359	0.3488815	-0.00184044428	-0.00184044428	0.333333343	0.333333343	None
  4.766667	0.348853946	0.415319	0.415319	0.333333343	0.333333343	None
  4.8	0.37656942	1.441834	1.441834	0.333333343	0.333333343	None
  4.9	0.6157097	2.13561177	2.13561177	0.333333343	0.333333343	None
  5.00000048	0.752418756	1.15476155	1.15476155	0.333333343	0.333333343	None
  5.4	0.927686	-0.8174478	-0.8174478	0.333333343	0.333333343	None
  5.8	0.442262679	-0.6708895	-0.6708895	0.333333343	0.333333343	None
  5.933334	0.384296864	-0.380639255	-0.380639255	0.333333343	0.333333343	None
  7.33333349	0.134252131	-0.00184759672	-0.00184759672	0.333333343	0.333333343	None
  7.36666727	0.134252131	0	0	0.333333343	0.333333343	None
FLOAT UnityEngine.Animator||RightHand.Little.Spread discrete=False keys=21 pre=ClampForever post=ClampForever
  0	-0.2665848	-0.0174433	-0.0174433	0.333333343	0.333333343	None
  0.533333361	-0.370683521	-0.300850183	-0.300850183	0.333333343	0.333333343	None
  1.1	-0.494376153	-0.0341829658	-0.0341829658	0.333333343	0.333333343	None
  1.2	-0.468640924	0.733145833	0.733145833	0.333333343	0.333333343	None
  1.53333342	-0.08841845	0.3957022	0.3957022	0.333333343	0.333333343	None
  1.60000014	-0.08148978	-0.00262409472	-0.00262409472	0.333333343	0.333333343	None
  3.23333359	-0.153793588	-0.06380914	-0.06380914	0.333333343	0.333333343	None
  4.73333359	-0.2179552	-0.00305861514	-0.00305861514	0.333333343	0.333333343	None
  4.8	-0.203212738	0.7642052	0.7642052	0.333333343	0.333333343	None
  4.866667	-0.121184379	1.31786275	1.31786275	0.333333343	0.333333343	None
  4.9	-0.07920883	0.91244173	0.91244173	0.333333343	0.333333343	None
  4.9333334	-0.0603549853	0.235300034	0.235300034	0.333333343	0.333333343	None
  4.9666667	-0.063522175	-0.174514145	-0.174514145	0.333333343	0.333333343	None
  5.10000038	-0.112814844	-0.4324425	-0.4324425	0.333333343	0.333333343	None
  5.266667	-0.164616778	-0.111654662	-0.111654662	0.333333343	0.333333343	None
  5.4	-0.1625376	0.077746585	0.077746585	0.333333343	0.333333343	None
  5.666667	-0.122189634	0.182336181	0.182336181	0.333333343	0.333333343	None
  5.83333349	-0.102959253	0.0110732866	0.0110732866	0.333333343	0.333333343	None
  6.13333368	-0.121811934	-0.113892406	-0.113892406	0.333333343	0.333333343	None
  7.23333359	-0.2646289	-0.0381262973	-0.0381262973	0.333333343	0.333333343	None
  7.36666727	-0.266584784	8.94057735E-07	8.94057735E-07	0.333333343	0.333333343	None
FLOAT UnityEngine.Animator||RightHand.Middle.1 Stretched discrete=False keys=26 pre=ClampForever post=ClampForever
  0	0.13232331	1.47521487E-05	1.47521487E-05	0.333333343	0.333333343	None
  1.1	0.132323265	-2.682214E-06	-2.682214E-06	0.333333343	0.333333343	None
  1.2	0.139216855	0.191905767	0.191905767	0.333333343	0.333333343	None
  1.53333342	0.238015771	0.1020861	0.1020861	0.333333343	0.333333343	None
  1.66666675	0.239811942	-3.106895E-05	-3.106895E-05	0.333333343	0.333333343	None
  3.30000019	0.23421286	-0.009701559	-0.009701559	0.333333343	0.333333343	None
  4.73333359	0.205599919	-0.03249611	-0.03249611	0.333333343	0.333333343	None
  4.766667	0.204505071	-0.4537021	-0.4537021	0.333333343	0.333333343	None
  4.8	0.17535314	-1.460247	-1.460247	0.333333343	0.333333343	None
  4.83333349	0.10715536	-2.24579048	-2.24579048	0.333333343	0.333333343	None
  4.866667	0.02563391	-2.25137568	-2.25137568	0.333333343	0.333333343	None
  4.9	-0.0429362133	-1.46104884	-1.46104884	0.333333343	0.333333343	None
  4.9333334	-0.07176926	-0.256355941	-0.256355941	0.333333343	0.333333343	None
  4.9666667	-0.0600265935	0.6584187	0.6584187	0.333333343	0.333333343	None
  5.00000048	-0.027874263	1.20093977	1.20093977	0.333333343	0.333333343	None
  5.033334	0.0200364385	1.60386348	1.60386348	0.333333343	0.333333343	None
  5.13333368	0.211957276	1.98400736	1.98400736	0.333333343	0.333333343	None
  5.266667	0.412481874	0.63674897	0.63674897	0.333333343	0.333333343	None
  5.4	0.3730411	-0.9371799	-0.9371799	0.333333343	0.333333343	None
  5.63333368	0.0426643267	-1.48333216	-1.48333216	0.333333343	0.333333343	None
  5.70000029	-0.0482384637	-1.1924212	-1.1924212	0.333333343	0.333333343	None
  5.8	-0.131035909	-0.368820965	-0.368820965	0.333333343	0.333333343	None
  5.866667	-0.1370686	0.0234836563	0.0234836563	0.333333343	0.333333343	None
  6.73333359	0.0379492268	0.2581007	0.2581007	0.333333343	0.333333343	None
  7.33333349	0.1323238	0.00584431551	0.00584431551	0.333333343	0.333333343	None
  7.36666727	0.1323238	0	0	0.333333343	0.333333343	None
FLOAT UnityEngine.Animator||RightHand.Middle.2 Stretched discrete=False keys=26 pre=ClampForever post=ClampForever
  0	0.406657875	-3.57627846E-06	-3.57627846E-06	0.333333343	0.333333343	None
  1.1	0.406658977	-7.152499E-06	-7.152499E-06	0.333333343	0.333333343	None
  1.23333335	0.4311922	0.440943539	0.440943539	0.333333343	0.333333343	None
  1.56666672	0.5877387	0.0455332249	0.0455332249	0.333333343	0.333333343	None
  2	0.5875891	-0.001049637	-0.001049637	0.333333343	0.333333343	None
  3.63333344	0.5716817	-0.0232556686	-0.0232556686	0.333333343	0.333333343	None
  4.73333359	0.529938936	-0.054831557	-0.054831557	0.333333343	0.333333343	None
  4.766667	0.528089	-1.11806476	-1.11806476	0.333333343	0.333333343	None
  4.8	0.455401361	-3.65952826	-3.65952826	0.333333343	0.333333343	None
  4.83333349	0.284120679	-5.645082	-5.645082	0.333333343	0.333333343	None
  4.866667	0.0790629238	-5.666193	-5.666193	0.333333343	0.333333343	None
  4.9	-0.0936251357	-3.680489	-3.680489	0.333333343	0.333333343	None
  4.9333334	-0.166302785	-0.7268566	-0.7268566	0.333333343	0.333333343	None
  4.9666667	-0.1420822	1.35791779	1.35791779	0.333333343	0.333333343	None
  5.00000048	-0.07577407	2.47638583	2.47638583	0.333333343	0.333333343	None
  5.033334	0.0230109785	3.306792	3.306792	0.333333343	0.333333343	None
  5.10000038	0.279716551	4.111381	4.111381	0.333333343	0.333333343	None
  5.266667	0.8333021	1.319311	1.319311	0.333333343	0.333333343	None
  5.4	0.7554928	-1.86781073	-1.86781073	0.333333343	0.333333343	None
  5.63333368	0.09948836	-2.93897152	-2.93897152	0.333333343	0.333333343	None
  5.70000029	-0.0805931	-2.362001	-2.362001	0.333333343	0.333333343	None
  5.8	-0.244619727	-0.730769038	-0.730769038	0.333333343	0.333333343	None
  5.866667	-0.2563804	0.0579456054	0.0579456054	0.333333343	0.333333343	None
  6.466667	-0.000411476154	0.6491209	0.6491209	0.333333343	0.333333343	None
  7.3	0.4056991	0.05665725	0.05665725	0.333333343	0.333333343	None
  7.36666727	0.406657875	3.576231E-06	3.576231E-06	0.333333343	0.333333343	None
FLOAT UnityEngine.Animator||RightHand.Middle.3 Stretched discrete=False keys=11 pre=ClampForever post=ClampForever
  0	0.809037149	7.152557E-06	7.152557E-06	0.333333343	0.333333343	None
  1.13333344	0.809036553	0.0136006009	0.0136006009	0.333333343	0.333333343	None
  1.60000014	0.862866342	-5.364423E-06	-5.364423E-06	0.333333343	0.333333343	None
  3.23333359	0.860358059	-0.00451147975	-0.00451147975	0.333333343	0.333333343	None
  4.73333359	0.8456594	-0.0163158923	-0.0163158923	0.333333343	0.333333343	None
  4.83333349	0.81544596	-0.6772951	-0.6772951	0.333333343	0.333333343	None
  4.9333334	0.7619323	-0.0544533655	-0.0544533655	0.333333343	0.333333343	None
  5.3	0.9731343	0.0317931436	0.0317931436	0.333333343	0.333333343	None
  5.8	0.727016747	-0.160862952	-0.160862952	0.333333343	0.333333343	None
  6.033334	0.7283392	0.0391889	0.0391889	0.333333343	0.333333343	None
  7.36666727	0.809037149	0	0	0.333333343	0.333333343	None
FLOAT UnityEngine.Animator||RightHand.Middle.Spread discrete=False keys=16 pre=ClampForever post=ClampForever
  0	-1.78262007	-7.152557E-06	-7.152557E-06	0.333333343	0.333333343	None
  1.1	-1.782623	4.64915065E-05	4.64915065E-05	0.333333343	0.333333343	None
  1.33333337	-1.64730263	1.05558956	1.05558956	0.333333343	0.333333343	None
  1.56666672	-1.47244537	0.08029826	0.08029826	0.333333343	0.333333343	None
  2.16666675	-1.47313738	-0.003563765	-0.003563765	0.333333343	0.333333343	None
  3.80000019	-1.50803351	-0.04772012	-0.04772012	0.333333343	0.333333343	None
  4.73333359	-1.57334471	-0.0948483646	-0.0948483646	0.333333343	0.333333343	None
  4.8	-1.63805556	-2.99419928	-2.99419928	0.333333343	0.333333343	None
  4.9	-2.05916071	-2.661612	-2.661612	0.333333343	0.333333343	None
  5.033334	-1.96366882	2.65612268	2.65612268	0.333333343	0.333333343	None
  5.23333359	-1.285406	2.48050737	2.48050737	0.333333343	0.333333343	None
  5.33333349	-1.20713449	-0.800756335	-0.800756335	0.333333343	0.333333343	None
  5.63333368	-1.9511776	-2.58174324	-2.58174324	0.333333343	0.333333343	None
  5.83333349	-2.247153	-0.140723124	-0.140723124	0.333333343	0.333333343	None
  6.366667	-2.119774	0.411734372	0.411734372	0.333333343	0.333333343	None
  7.36666727	-1.78262031	0	0	0.333333343	0.333333343	None
FLOAT UnityEngine.Animator||RightHand.Ring.1 Stretched discrete=False keys=24 pre=ClampForever post=ClampForever
  0	0.20723559	1.34110439E-06	1.34110439E-06	0.333333343	0.333333343	None
  1.13333344	0.207235634	0.003054592	0.003054592	0.333333343	0.333333343	None
  1.60000014	0.219316021	5.587938E-06	5.587938E-06	0.333333343	0.333333343	None
  3.23333359	0.218727052	-0.00103622768	-0.00103622768	0.333333343	0.333333343	None
  4.73333359	0.215451568	-0.003599975	-0.003599975	0.333333343	0.333333343	None
  4.766667	0.215330184	-0.6276769	-0.6276769	0.333333343	0.333333343	None
  4.8	0.173606485	-2.11713266	-2.11713266	0.333333343	0.333333343	None
  4.83333349	0.07418814	-3.27360463	-3.27360463	0.333333343	0.333333343	None
  4.866667	-0.04463362	-3.27820444	-3.27820444	0.333333343	0.333333343	None
  4.9	-0.14435862	-2.12394667	-2.12394667	0.333333343	0.333333343	None
  4.9333334	-0.186229929	-0.452659428	-0.452659428	0.333333343	0.333333343	None
  4.9666667	-0.174535885	0.6562125	0.6562125	0.333333343	0.333333343	None
  5.066667	-0.0355257243	1.87358785	1.87358785	0.333333343	0.333333343	None
  5.10000038	0.0302796215	2.00690556	2.00690556	0.333333343	0.333333343	None
  5.266667	0.302194923	0.6514703	0.6514703	0.333333343	0.333333343	None
  5.366667	0.292535424	-0.6017591	-0.6017591	0.333333343	0.333333343	None
  5.60000038	0.0197531525	-1.36751235	-1.36751235	0.333333343	0.333333343	None
  5.63333368	-0.0251175	-1.30286181	-1.30286181	0.333333343	0.333333343	None
  5.8	-0.1769322	-0.320989639	-0.320989639	0.333333343	0.333333343	None
  5.9	-0.18027702	0.06618768	0.06618768	0.333333343	0.333333343	None
  6.533334	-0.006769493	0.387866139	0.387866139	0.333333343	0.333333343	None
  6.60000038	0.0191843379	0.3892359	0.3892359	0.333333343	0.333333343	None
  7.3	0.206668958	0.0335146822	0.0335146822	0.333333343	0.333333343	None
  7.36666727	0.207235843	7.599491E-06	7.599491E-06	0.333333343	0.333333343	None
FLOAT UnityEngine.Animator||RightHand.Ring.2 Stretched discrete=False keys=26 pre=ClampForever post=ClampForever
  0	0.14583759	3.21865082E-05	3.21865082E-05	0.333333343	0.333333343	None
  1.1	0.14583759	-2.39163874E-05	-2.39163874E-05	0.333333343	0.333333343	None
  1.16666675	0.149436191	0.204119891	0.204119891	0.333333343	0.333333343	None
  1.53333342	0.354690969	0.202058613	0.202058613	0.333333343	0.333333343	None
  1.66666675	0.358248144	-1.20699478E-05	-1.20699478E-05	0.333333343	0.333333343	None
  3.30000019	0.347164035	-0.0192046352	-0.0192046352	0.333333343	0.333333343	None
  4.73333359	0.29057923	-0.0642488	-0.0642488	0.333333343	0.333333343	None
  4.766667	0.288413942	-0.917738557	-0.917738557	0.333333343	0.333333343	None
  4.8	0.229396716	-2.95277858	-2.95277858	0.333333343	0.333333343	None
  4.83333349	0.0915622339	-4.53031063	-4.53031063	0.333333343	0.333333343	None
  4.866667	-0.0726237	-4.525955	-4.525955	0.333333343	0.333333343	None
  4.9	-0.21016784	-2.928131	-2.928131	0.333333343	0.333333343	None
  4.9333334	-0.267832249	-0.495645463	-0.495645463	0.333333343	0.333333343	None
  4.9666667	-0.243210837	1.38070107	1.38070107	0.333333343	0.333333343	None
  5.033334	-0.07530645	3.36375833	3.36375833	0.333333343	0.333333343	None
  5.066667	0.0484657027	3.91687584	3.91687584	0.333333343	0.333333343	None
  5.20000029	0.5848396	3.29342318	3.29342318	0.333333343	0.333333343	None
  5.3	0.7721085	0.163331479	0.163331479	0.333333343	0.333333343	None
  5.4333334	0.5914952	-2.42902136	-2.42902136	0.333333343	0.333333343	None
  5.60000038	0.08019266	-3.25284386	-3.25284386	0.333333343	0.333333343	None
  5.666667	-0.127094314	-2.85903978	-2.85903978	0.333333343	0.333333343	None
  5.8	-0.3910093	-0.77376616	-0.77376616	0.333333343	0.333333343	None
  5.866667	-0.403692752	0.0476231128	0.0476231128	0.333333343	0.333333343	None
  7.00000048	0.0766667351	0.378866971	0.378866971	0.333333343	0.333333343	None
  7.33333349	0.145837367	0.0119852386	0.0119852386	0.333333343	0.333333343	None
  7.36666727	0.145837367	0	0	0.333333343	0.333333343	None
FLOAT UnityEngine.Animator||RightHand.Ring.3 Stretched discrete=False keys=12 pre=ClampForever post=ClampForever
  0	0.667772233	0	0	0.333333343	0.333333343	None
  1.1	0.667772233	8.046606E-06	8.046606E-06	0.333333343	0.333333343	None
  1.33333337	0.721275747	0.4125216	0.4125216	0.333333343	0.333333343	None
  1.56666672	0.7885909	0.0303501189	0.0303501189	0.333333343	0.333333343	None
  2.4333334	0.7836808	-0.0104749305	-0.0104749305	0.333333343	0.333333343	None
  4.066667	0.7593178	-0.01632215	-0.01632215	0.333333343	0.333333343	None
  4.9	0.744380355	-0.0222462621	-0.0222462621	0.333333343	0.333333343	None
  5.00000048	0.7702085	0.719343543	0.719343543	0.333333343	0.333333343	None
  5.3	1.04378009	0.0379461423	0.0379461423	0.333333343	0.333333343	None
  5.8	0.652183652	-0.2570238	-0.2570238	0.333333343	0.333333343	None
  5.933334	0.6479595	0.00498530734	0.00498530734	0.333333343	0.333333343	None
  7.36666727	0.667772233	0	0	0.333333343	0.333333343	None
FLOAT UnityEngine.Animator||RightHand.Ring.Spread discrete=False keys=29 pre=ClampForever post=ClampForever
  0	0.0140204132	-4.369765E-05	-4.369765E-05	0.333333343	0.333333343	None
  1.1	0.0140232937	-2.16809822E-05	-2.16809822E-05	0.333333343	0.333333343	None
  1.13333344	0.0140189566	0.0298471339	0.0298471339	0.333333343	0.333333343	None
  1.16666675	0.0160131	0.112954773	0.112954773	0.333333343	0.333333343	None
  1.53333342	0.13020657	0.113000125	0.113000125	0.333333343	0.333333343	None
  1.63333344	0.132199258	-8.69483556E-05	-8.69483556E-05	0.333333343	0.333333343	None
  3.266667	0.125633329	-0.0107073886	-0.0107073886	0.333333343	0.333333343	None
  4.73333359	0.09433519	-0.0341191851	-0.0341191851	0.333333343	0.333333343	None
  4.766667	0.09318345	0.8754718	0.8754718	0.333333343	0.333333343	None
  4.8	0.152699918	2.99356246	2.99356246	0.333333343	0.333333343	None
  4.83333349	0.292754084	4.522895	4.522895	0.333333343	0.333333343	None
  4.866667	0.454225957	4.382946	4.382946	0.333333343	0.333333343	None
  4.9	0.5849502	2.76559615	2.76559615	0.333333343	0.333333343	None
  4.9333334	0.638598859	0.578757763	0.578757763	0.333333343	0.333333343	None
  4.9666667	0.623534	-0.8497988	-0.8497988	0.333333343	0.333333343	None
  5.166667	0.160915345	-2.70482755	-2.70482755	0.333333343	0.333333343	None
  5.20000029	0.07464695	-2.36146069	-2.36146069	0.333333343	0.333333343	None
  5.23333359	0.00348478579	-1.79257679	-1.79257679	0.333333343	0.333333343	None
  5.266667	-0.04485806	-0.9917752	-0.9917752	0.333333343	0.333333343	None
  5.3	-0.0626335	-0.14891611	-0.14891611	0.333333343	0.333333343	None
  5.33333349	-0.05478579	0.44893676	0.44893676	0.333333343	0.333333343	None
  5.4	0.00134752132	1.16575432	1.16575432	0.333333343	0.333333343	None
  5.466667	0.09599735	1.605434	1.605434	0.333333343	0.333333343	None
  5.73333359	0.5206932	1.00463033	1.00463033	0.333333343	0.333333343	None
  5.83333349	0.5747266	0.08628228	0.08628228	0.333333343	0.333333343	None
  6.033334	0.5490818	-0.244336069	-0.244336069	0.333333343	0.333333343	None
  6.933334	0.117852554	-0.456853151	-0.456853151	0.333333343	0.333333343	None
  7.3	0.0148958191	-0.0516707376	-0.0516707376	0.333333343	0.333333343	None
  7.36666727	0.014020402	-3.35271665E-07	-3.35271665E-07	0.333333343	0.333333343	None
FLOAT UnityEngine.Animator||RightHand.Thumb.1 Stretched discrete=False keys=14 pre=ClampForever post=ClampForever
  0	-2.218729	0.03325939	0.03325939	0.333333343	0.333333343	None
  1.1	-1.78489852	0.06513119	0.06513119	0.333333343	0.333333343	None
  1.26666677	-1.67615509	1.520781	1.520781	0.333333343	0.333333343	None
  1.50000012	-1.211722	1.40500021	1.40500021	0.333333343	0.333333343	None
  1.66666675	-1.16033864	-0.00515342224	-0.00515342224	0.333333343	0.333333343	None
  3.30000019	-1.23629141	-0.08646735	-0.08646735	0.333333343	0.333333343	None
  4.73333359	-1.40421057	-0.145100489	-0.145100489	0.333333343	0.333333343	None
  4.8	-1.44035506	-1.4887383	-1.4887383	0.333333343	0.333333343	None
  4.9333334	-1.70441532	-0.921591759	-0.921591759	0.333333343	0.333333343	None
  5.166667	-1.69820845	0.325116217	0.325116217	0.333333343	0.333333343	None
  5.4333334	-1.76961529	-1.04856324	-1.04856324	0.333333343	0.333333343	None
  5.83333349	-2.17667031	-0.160643011	-0.160643011	0.333333343	0.333333343	None
  6.866667	-2.21794868	-0.00654813	-0.00654813	0.333333343	0.333333343	None
  7.36666727	-2.218728	1.43049238E-05	1.43049238E-05	0.333333343	0.333333343	None
FLOAT UnityEngine.Animator||RightHand.Thumb.2 Stretched discrete=False keys=15 pre=ClampForever post=ClampForever
  0	0.3860988	-0.00380337215	-0.00380337215	0.333333343	0.333333343	None
  1.1	0.336662233	-0.007406026	-0.007406026	0.333333343	0.333333343	None
  1.2	0.349461824	0.360166	0.360166	0.333333343	0.333333343	None
  1.53333342	0.536318958	0.194454968	0.194454968	0.333333343	0.333333343	None
  1.7	0.5396806	-0.0009897341	-0.0009897341	0.333333343	0.333333343	None
  3.33333349	0.523528	-0.02131196	-0.02131196	0.333333343	0.333333343	None
  4.73333359	0.4743304	-0.0508560725	-0.0508560725	0.333333343	0.333333343	None
  4.8	0.4540707	-0.9079045	-0.9079045	0.333333343	0.333333343	None
  4.9	0.319697827	-0.9193955	-0.9193955	0.333333343	0.333333343	None
  5.00000048	0.306425452	0.200587675	0.200587675	0.333333343	0.333333343	None
  5.3	0.3927293	0.0121723246	0.0121723246	0.333333343	0.333333343	None
  5.8	0.263725728	-0.07640682	-0.07640682	0.333333343	0.333333343	None
  5.966667	0.266631782	0.0479440838	0.0479440838	0.333333343	0.333333343	None
  7.33333349	0.3860991	0.00255614752	0.00255614752	0.333333343	0.333333343	None
  7.36666727	0.3860991	0	0	0.333333343	0.333333343	None
FLOAT UnityEngine.Animator||RightHand.Thumb.3 Stretched discrete=False keys=11 pre=ClampForever post=ClampForever
  0	0.668239951	-1.60932541E-05	-1.60932541E-05	0.333333343	0.333333343	None
  1.1	0.6682394	1.2516959E-05	1.2516959E-05	0.333333343	0.333333343	None
  1.30000007	0.7127683	0.438483477	0.438483477	0.333333343	0.333333343	None
  1.56666672	0.8031449	0.0339603759	0.0339603759	0.333333343	0.333333343	None
  2.33333349	0.799706638	-0.008609899	-0.008609899	0.333333343	0.333333343	None
  4	0.7746035	-0.0197955444	-0.0197955444	0.333333343	0.333333343	None
  4.73333359	0.7593525	-0.0214559045	-0.0214559045	0.333333343	0.333333343	None
  4.9666667	0.730384469	-0.0102558257	-0.0102558257	0.333333343	0.333333343	None
  5.533334	0.7068279	-0.1410289	-0.1410289	0.333333343	0.333333343	None
  5.933334	0.6739686	-0.0122817568	-0.0122817568	0.333333343	0.333333343	None
  7.36666727	0.668239951	0	0	0.333333343	0.333333343	None
FLOAT UnityEngine.Animator||RightHand.Thumb.Spread discrete=False keys=16 pre=ClampForever post=ClampForever
  0	-0.3158372	0.01179546	0.01179546	0.333333343	0.333333343	None
  1.1	-0.168454856	0.021167323	0.021167323	0.333333343	0.333333343	None
  1.13333344	-0.168094337	-0.296862274	-0.296862274	0.333333343	0.333333343	None
  1.16666675	-0.188245654	-1.14025354	-1.14025354	0.333333343	0.333333343	None
  1.36666679	-0.809263051	-3.74821854	-3.74821854	0.333333343	0.333333343	None
  1.53333342	-1.25784338	-0.9676632	-0.9676632	0.333333343	0.333333343	None
  1.63333344	-1.27464247	0.004920964	0.004920964	0.333333343	0.333333343	None
  3.266667	-1.17401266	0.11552643	0.11552643	0.333333343	0.333333343	None
  4.73333359	-0.938286364	0.205038086	0.205038086	0.333333343	0.333333343	None
  4.8	-0.89994067	1.50095308	1.50095308	0.333333343	0.333333343	None
  4.9	-0.658264041	2.21761227	2.21761227	0.333333343	0.333333343	None
  5.00000048	-0.511309743	1.25897586	1.25897586	0.333333343	0.333333343	None
  5.33333349	-0.217939615	0.296890885	0.296890885	0.333333343	0.333333343	None
  5.83333349	-0.294237047	-0.0538552329	-0.0538552329	0.333333343	0.333333343	None
  6.266667	-0.305467278	-0.020742882	-0.020742882	0.333333343	0.333333343	None
  7.36666727	-0.315836042	-2.14573865E-05	-2.14573865E-05	0.333333343	0.333333343	None
FLOAT UnityEngine.Animator||RightHandQ.w discrete=False keys=77 pre=ClampForever post=ClampForever
  0	-0.7302497	0.006060004	0.006060004	0.333333343	0.333333343	None
  0.7666667	-0.6939379	0.1013293	0.1013293	0.333333343	0.333333343	None
  0.9333334	-0.6459663	0.5567033	0.5567033	0.333333343	0.333333343	None
  1.06666672	-0.484768748	1.93226516	1.93226516	0.333333343	0.333333343	None
  1.1	-0.415765882	1.86292708	1.86292708	0.333333343	0.333333343	None
  1.13333344	-0.36057353	1.70892429	1.70892429	0.333333343	0.333333343	None
  1.16666675	-0.3018375	1.4987644	1.4987644	0.333333343	0.333333343	None
  1.23333335	-0.215156019	1.79163563	1.79163563	0.333333343	0.333333343	None
  1.26666677	-0.141213477	2.15381765	2.15381765	0.333333343	0.333333343	None
  1.30000007	-0.07156804	2.07576323	2.07576323	0.333333343	0.333333343	None
  1.33333337	-0.00282940269	2.45959425	2.45959425	0.333333343	0.333333343	None
  1.36666679	0.0924050957	2.89395285	2.89395285	0.333333343	0.333333343	None
  1.4000001	0.190100938	2.520855	2.520855	0.333333343	0.333333343	None
  1.4666667	0.308770835	1.1851697	1.1851697	0.333333343	0.333333343	None
  1.50000012	0.339473277	0.5406723	0.5406723	0.333333343	0.333333343	None
  1.56666672	0.337852538	-0.118128568	-0.118128568	0.333333343	0.333333343	None
  1.63333344	0.333521277	-0.22416985	-0.22416985	0.333333343	0.333333343	None
  1.66666675	0.321995854	-0.289513	-0.289513	0.333333343	0.333333343	None
  1.73333347	0.30385384	-0.265540183	-0.265540183	0.333333343	0.333333343	None
  1.76666677	0.29651773	-0.102886952	-0.102886952	0.333333343	0.333333343	None
  1.83333337	0.2957415	-0.09028076	-0.09028076	0.333333343	0.333333343	None
  1.9000001	0.28839004	-0.0821382552	-0.0821382552	0.333333343	0.333333343	None
  1.96666682	0.271132469	-0.610412955	-0.610412955	0.333333343	0.333333343	None
  2	0.244805992	-0.7751735	-0.7751735	0.333333343	0.333333343	None
  2.10000014	0.184659213	-0.158934444	-0.158934444	0.333333343	0.333333343	None
  2.16666675	0.20271346	0.5913847	0.5913847	0.333333343	0.333333343	None
  2.23333335	0.245921463	0.438488215	0.438488215	0.333333343	0.333333343	None
  2.4333334	0.236675441	-0.009911217	-0.009911217	0.333333343	0.333333343	None
  2.50000024	0.240975648	0.0177267157	0.0177267157	0.333333343	0.333333343	None
  2.56666684	0.24114427	0.143425	0.143425	0.333333343	0.333333343	None
  2.63333344	0.259619862	0.225042015	0.225042015	0.333333343	0.333333343	None
  2.7	0.27116853	0.212531388	0.212531388	0.333333343	0.333333343	None
  2.83333349	0.287889242	-0.09552473	-0.09552473	0.333333343	0.333333343	None
  2.9	0.276142746	-0.125556111	-0.125556111	0.333333343	0.333333343	None
  2.966667	0.27328077	-0.0522247739	-0.0522247739	0.333333343	0.333333343	None
  3.13333344	0.265164316	-0.0642917156	-0.0642917156	0.333333343	0.333333343	None
  3.266667	0.2602933	-0.11158447	-0.11158447	0.333333343	0.333333343	None
  3.36666679	0.247161061	-0.0661639	-0.0661639	0.333333343	0.333333343	None
  3.53333354	0.224959284	-0.382995427	-0.382995427	0.333333343	0.333333343	None
  3.66666675	0.172842965	-0.238573313	-0.238573313	0.333333343	0.333333343	None
  3.766667	0.165063888	0.135752991	0.135752991	0.333333343	0.333333343	None
  3.86666679	0.188338742	0.212840647	0.212840647	0.333333343	0.333333343	None
  3.93333364	0.201279759	0.218052328	0.218052328	0.333333343	0.333333343	None
  4.066667	0.220545158	0.0304705948	0.0304705948	0.333333343	0.333333343	None
  4.13333368	0.218845963	-0.141339585	-0.141339585	0.333333343	0.333333343	None
  4.166667	0.211263269	-0.14580211	-0.14580211	0.333333343	0.333333343	None
  4.23333359	0.206927747	-0.0480567366	-0.0480567366	0.333333343	0.333333343	None
  4.366667	0.2115284	0.119871616	0.119871616	0.333333343	0.333333343	None
  4.4333334	0.219000489	0.180642024	0.180642024	0.333333343	0.333333343	None
  4.5	0.234098047	0.104948789	0.104948789	0.333333343	0.333333343	None
  4.566667	0.228302866	-0.270151228	-0.270151228	0.333333343	0.333333343	None
  4.666667	0.195710659	-0.2382984	-0.2382984	0.333333343	0.333333343	None
  4.73333359	0.188732162	0.005759379	0.005759379	0.333333343	0.333333343	None
  4.766667	0.189701334	-0.0744979754	-0.0744979754	0.333333343	0.333333343	None
  4.8	0.183765635	-0.823300838	-0.823300838	0.333333343	0.333333343	None
  4.83333349	0.134814665	-2.75835872	-2.75835872	0.333333343	0.333333343	None
  4.866667	-0.000124759972	-4.846939	-4.846939	0.333333343	0.333333343	None
  4.9	-0.1883143	-4.32206631	-4.32206631	0.333333343	0.333333343	None
  4.9333334	-0.288262248	-1.95040655	-1.95040655	0.333333343	0.333333343	None
  4.9666667	-0.318341285	-0.9149726	-0.9149726	0.333333343	0.333333343	None
  5.10000038	-0.429172933	-0.7981081	-0.7981081	0.333333343	0.333333343	None
  5.23333359	-0.501707554	-0.177122965	-0.177122965	0.333333343	0.333333343	None
  5.3	-0.5096914	-0.367212623	-0.367212623	0.333333343	0.333333343	None
  5.366667	-0.5451613	-0.22942923	-0.22942923	0.333333343	0.333333343	None
  5.466667	-0.5383253	-0.08760661	-0.08760661	0.333333343	0.333333343	None
  5.63333368	-0.5840098	-0.121962845	-0.121962845	0.333333343	0.333333343	None
  5.8	-0.5943758	-0.206456974	-0.206456974	0.333333343	0.333333343	None
  6.00000048	-0.6253824	-0.121183217	-0.121183217	0.333333343	0.333333343	None
  6.166667	-0.5727629	0.829408646	0.829408646	0.333333343	0.333333343	None
  6.266667	-0.491990119	0.4931018	0.4931018	0.333333343	0.333333343	None
  6.366667	-0.483273745	-0.33466804	-0.33466804	0.333333343	0.333333343	None
  6.466667	-0.5383968	-0.626213253	-0.626213253	0.333333343	0.333333343	None
  6.63333368	-0.6455907	-0.598718762	-0.598718762	0.333333343	0.333333343	None
  6.966667	-0.763961852	0.133634925	0.133634925	0.333333343	0.333333343	None
  7.13333368	-0.748235643	0.0364423133	0.0364423133	0.333333343	0.333333343	None
  7.33333349	-0.7302498	-0.00205189176	-0.00205189176	0.333333343	0.333333343	None
  7.36666727	-0.7302498	0	0	0.333333343	0.333333343	None
FLOAT UnityEngine.Animator||RightHandQ.x discrete=False keys=117 pre=ClampForever post=ClampForever
  0	-0.100122221	0.014070197	0.014070197	0.333333343	0.333333343	None
  0.200000018	-0.09923806	0.01378063	0.01378063	0.333333343	0.333333343	None
  0.400000036	-0.0996605	-0.009977035	-0.009977035	0.333333343	0.333333343	None
  0.5666667	-0.103150554	-0.0192788281	-0.0192788281	0.333333343	0.333333343	None
  0.7666667	-0.10662879	-0.004046109	-0.004046109	0.333333343	0.333333343	None
  0.8333334	-0.103876889	0.08655354	0.08655354	0.333333343	0.333333343	None
  0.866666734	-0.100524522	0.308470666	0.308470666	0.333333343	0.333333343	None
  0.900000036	-0.08331219	1.11073744	1.11073744	0.333333343	0.333333343	None
  0.9333334	-0.026475329	1.95216179	1.95216179	0.333333343	0.333333343	None
  0.9666667	0.0468319	1.14722323	1.14722323	0.333333343	0.333333343	None
  1	0.0500061437	-1.44608784	-1.44608784	0.333333343	0.333333343	None
  1.03333342	-0.0495742261	-2.54386187	-2.54386187	0.333333343	0.333333343	None
  1.06666672	-0.119584851	-0.213803351	-0.213803351	0.333333343	0.333333343	None
  1.1	-0.06382777	2.42725325	2.42725325	0.333333343	0.333333343	None
  1.13333344	0.04223226	2.48447251	2.48447251	0.333333343	0.333333343	None
  1.16666675	0.101803951	1.31860983	1.31860983	0.333333343	0.333333343	None
  1.2	0.1301395	1.3208096	1.3208096	0.333333343	0.333333343	None
  1.23333335	0.189857841	1.96592236	1.96592236	0.333333343	0.333333343	None
  1.26666677	0.2612011	1.43088186	1.43088186	0.333333343	0.333333343	None
  1.30000007	0.285250127	0.4861245	0.4861245	0.333333343	0.333333343	None
  1.33333337	0.293609381	0.222429648	0.222429648	0.333333343	0.333333343	None
  1.36666679	0.300078779	-0.0276257843	-0.0276257843	0.333333343	0.333333343	None
  1.4333334	0.2732437	-0.6820426	-0.6820426	0.333333343	0.333333343	None
  1.4666667	0.246298224	-1.02977026	-1.02977026	0.333333343	0.333333343	None
  1.53333342	0.170459956	-0.644849241	-0.644849241	0.333333343	0.333333343	None
  1.60000014	0.172642559	0.547951758	0.547951758	0.333333343	0.333333343	None
  1.63333344	0.19813247	0.6520027	0.6520027	0.333333343	0.333333343	None
  1.7	0.229804933	0.306440055	0.306440055	0.333333343	0.333333343	None
  1.76666677	0.24234505	0.198932022	0.198932022	0.333333343	0.333333343	None
  1.83333337	0.252095044	0.00286002085	0.00286002085	0.333333343	0.333333343	None
  1.9333334	0.23698619	-0.246964633	-0.246964633	0.333333343	0.333333343	None
  2.03333354	0.22478801	0.122969195	0.122969195	0.333333343	0.333333343	None
  2.10000014	0.237984136	-0.0275047421	-0.0275047421	0.333333343	0.333333343	None
  2.16666675	0.208747938	-0.7357387	-0.7357387	0.333333343	0.333333343	None
  2.23333335	0.1561644	-0.545272231	-0.545272231	0.333333343	0.333333343	None
  2.266667	0.144421875	-0.159789935	-0.159789935	0.333333343	0.333333343	None
  2.30000019	0.145511657	0.0736803561	0.0736803561	0.333333343	0.333333343	None
  2.36666679	0.158388123	0.396711826	0.396711826	0.333333343	0.333333343	None
  2.4666667	0.211905062	0.332765669	0.332765669	0.333333343	0.333333343	None
  2.63333344	0.181790024	-0.259739339	-0.259739339	0.333333343	0.333333343	None
  2.73333359	0.169861048	-0.0145137245	-0.0145137245	0.333333343	0.333333343	None
  2.766667	0.170473874	0.104817249	0.104817249	0.333333343	0.333333343	None
  2.83333349	0.183405787	0.132271484	0.132271484	0.333333343	0.333333343	None
  2.9	0.187274709	0.06113341	0.06113341	0.333333343	0.333333343	None
  3.00000024	0.1910199	0.007877655	0.007877655	0.333333343	0.333333343	None
  3.03333354	0.190946892	0.04001614	0.04001614	0.333333343	0.333333343	None
  3.10000014	0.19485721	0.009315768	0.009315768	0.333333343	0.333333343	None
  3.23333359	0.193436965	0.009007314	0.009007314	0.333333343	0.333333343	None
  3.30000019	0.198954329	0.258644342	0.258644342	0.333333343	0.333333343	None
  3.4	0.232921839	0.138874412	0.138874412	0.333333343	0.333333343	None
  3.50000024	0.231826439	0.169720963	0.169720963	0.333333343	0.333333343	None
  3.56666684	0.2573228	0.5310933	0.5310933	0.333333343	0.333333343	None
  3.60000014	0.276407	0.3857816	0.3857816	0.333333343	0.333333343	None
  3.73333359	0.2506421	-0.420326233	-0.420326233	0.333333343	0.333333343	None
  3.80000019	0.230818689	-0.113881342	-0.113881342	0.333333343	0.333333343	None
  3.9	0.237093329	0.226560518	0.226560518	0.333333343	0.333333343	None
  3.966667	0.252686054	0.132574826	0.132574826	0.333333343	0.333333343	None
  4.066667	0.261363715	0.172745153	0.172745153	0.333333343	0.333333343	None
  4.3	0.3165531	0.06079948	0.06079948	0.333333343	0.333333343	None
  4.4	0.31152153	-0.150323659	-0.150323659	0.333333343	0.333333343	None
  4.60000038	0.307875365	0.136678785	0.136678785	0.333333343	0.333333343	None
  4.73333359	0.3314253	0.06444773	0.06444773	0.333333343	0.333333343	None
  4.8	0.342365623	0.8358048	0.8358048	0.333333343	0.333333343	None
  4.83333349	0.387678832	1.39788771	1.39788771	0.333333343	0.333333343	None
  4.866667	0.435558051	0.5562303	0.5562303	0.333333343	0.333333343	None
  4.9	0.424760818	-0.01589121	-0.01589121	0.333333343	0.333333343	None
  4.9666667	0.447702825	0.153694049	0.153694049	0.333333343	0.333333343	None
  5.066667	0.4209829	-0.208576813	-0.208576813	0.333333343	0.333333343	None
  5.13333368	0.4161628	-0.137838408	-0.137838408	0.333333343	0.333333343	None
  5.20000029	0.403162926	0.00076264143	0.00076264143	0.333333343	0.333333343	None
  5.266667	0.424691051	0.480656773	0.480656773	0.333333343	0.333333343	None
  5.3	0.441658169	0.0426847041	0.0426847041	0.333333343	0.333333343	None
  5.366667	0.4079451	-0.281397521	-0.281397521	0.333333343	0.333333343	None
  5.4	0.408776879	0.0306670666	0.0306670666	0.333333343	0.333333343	None
  5.533334	0.393490136	-0.425270915	-0.425270915	0.333333343	0.333333343	None
  5.60000038	0.3582531	-0.531018853	-0.531018853	0.333333343	0.333333343	None
  5.666667	0.3202557	-0.845224738	-0.845224738	0.333333343	0.333333343	None
  5.70000029	0.2851348	-0.946572065	-0.946572065	0.333333343	0.333333343	None
  5.73333359	0.257150948	-0.669324	-0.669324	0.333333343	0.333333343	None
  5.766667	0.240513235	-0.6090373	-0.6090373	0.333333343	0.333333343	None
  5.8	0.2165485	-0.8807516	-0.8807516	0.333333343	0.333333343	None
  5.83333349	0.181796521	-1.03702927	-1.03702927	0.333333343	0.333333343	None
  5.9	0.110743061	-1.08719862	-1.08719862	0.333333343	0.333333343	None
  5.933334	0.07493293	-0.971882164	-0.971882164	0.333333343	0.333333343	None
  5.966667	0.0459504649	-0.863196731	-0.863196731	0.333333343	0.333333343	None
  6.00000048	0.01738654	-0.8226379	-0.8226379	0.333333343	0.333333343	None
  6.033334	-0.008892011	-0.3831166	-0.3831166	0.333333343	0.333333343	None
  6.066667	-0.008154541	0.541999	0.541999	0.333333343	0.333333343	None
  6.10000038	0.0272412244	1.23124	1.23124	0.333333343	0.333333343	None
  6.13333368	0.07392805	1.35825574	1.35825574	0.333333343	0.333333343	None
  6.166667	0.117791519	1.16090369	1.16090369	0.333333343	0.333333343	None
  6.23333359	0.171753675	0.4507879	0.4507879	0.333333343	0.333333343	None
  6.33333349	0.178782731	-0.125808463	-0.125808463	0.333333343	0.333333343	None
  6.433334	0.151283681	-0.383485615	-0.383485615	0.333333343	0.333333343	None
  6.466667	0.137114719	-0.404064655	-0.404064655	0.333333343	0.333333343	None
  6.533334	0.105501547	-0.724804044	-0.724804044	0.333333343	0.333333343	None
  6.566667	0.0760258362	-0.815031	-0.815031	0.333333343	0.333333343	None
  6.60000038	0.0511662	-0.6022187	-0.6022187	0.333333343	0.333333343	None
  6.63333368	0.03587796	-0.384340048	-0.384340048	0.333333343	0.333333343	None
  6.666667	0.0255435538	-0.238424227	-0.238424227	0.333333343	0.333333343	None
  6.70000029	0.019983029	-0.131878227	-0.131878227	0.333333343	0.333333343	None
  6.766667	0.0157930776	0.0006187521	0.0006187521	0.333333343	0.333333343	None
  6.8	0.01679293	0.0212473068	0.0212473068	0.333333343	0.333333343	None
  6.83333349	0.0172095634	-0.09229901	-0.09229901	0.333333343	0.333333343	None
  6.866667	0.0106396694	-0.341927618	-0.341927618	0.333333343	0.333333343	None
  6.90000057	-0.00558582135	-0.561534166	-0.561534166	0.333333343	0.333333343	None
  6.933334	-0.02679614	-0.628288031	-0.628288031	0.333333343	0.333333343	None
  6.966667	-0.04747165	-0.544002652	-0.544002652	0.333333343	0.333333343	None
  7.066667	-0.072394684	0.1269551	0.1269551	0.333333343	0.333333343	None
  7.10000038	-0.06329316	0.236296028	0.236296028	0.333333343	0.333333343	None
  7.13333368	-0.05664163	-0.01974599	-0.01974599	0.333333343	0.333333343	None
  7.166667	-0.06460956	-0.521596134	-0.521596134	0.333333343	0.333333343	None
  7.20000029	-0.0914146751	-0.71827364	-0.71827364	0.333333343	0.333333343	None
  7.266667	-0.124025695	-0.0829429254	-0.0829429254	0.333333343	0.333333343	None
  7.3	-0.118023947	0.358563423	0.358563423	0.333333343	0.333333343	None
  7.33333349	-0.100121491	0.268536657	0.268536657	0.333333343	0.333333343	None
  7.36666727	-0.10012152	-8.94057735E-07	-8.94057735E-07	0.333333343	0.333333343	None
FLOAT UnityEngine.Animator||RightHandQ.y discrete=False keys=94 pre=ClampForever post=ClampForever
  0	0.25654906	0.00307649351	0.00307649351	0.333333343	0.333333343	None
  0.6	0.228194371	-0.0848702341	-0.0848702341	0.333333343	0.333333343	None
  0.7666667	0.211967885	-0.0452282652	-0.0452282652	0.333333343	0.333333343	None
  0.8000001	0.211675555	0.09556028	0.09556028	0.333333343	0.333333343	None
  0.8333334	0.218338564	0.611108363	0.611108363	0.333333343	0.333333343	None
  0.866666734	0.252416134	1.59256685	1.59256685	0.333333343	0.333333343	None
  0.900000036	0.32450965	2.15048981	2.15048981	0.333333343	0.333333343	None
  0.9333334	0.3957821	1.63310957	1.63310957	0.333333343	0.333333343	None
  1	0.48827213	2.582706	2.582706	0.333333343	0.333333343	None
  1.06666672	0.721045732	2.55775428	2.55775428	0.333333343	0.333333343	None
  1.1	0.7760811	0.560711861	0.560711861	0.333333343	0.333333343	None
  1.13333344	0.7584264	-0.289028823	-0.289028823	0.333333343	0.333333343	None
  1.16666675	0.756812453	0.486479849	0.486479849	0.333333343	0.333333343	None
  1.2	0.7908584	0.146505952	0.146505952	0.333333343	0.333333343	None
  1.23333335	0.7665795	-1.45909679	-1.45909679	0.333333343	0.333333343	None
  1.26666677	0.6935851	-1.44464231	-1.44464231	0.333333343	0.333333343	None
  1.33333337	0.6425624	-1.53975081	-1.53975081	0.333333343	0.333333343	None
  1.36666679	0.5676196	-2.557929	-2.557929	0.333333343	0.333333343	None
  1.4000001	0.472033679	-2.19930339	-2.19930339	0.333333343	0.333333343	None
  1.4333334	0.420999527	-0.893357038	-0.893357038	0.333333343	0.333333343	None
  1.4666667	0.4124766	-0.265238047	-0.265238047	0.333333343	0.333333343	None
  1.53333342	0.404019237	0.317184478	0.317184478	0.333333343	0.333333343	None
  1.56666672	0.4244626	0.6013892	0.6013892	0.333333343	0.333333343	None
  1.66666675	0.462684155	-0.226419777	-0.226419777	0.333333343	0.333333343	None
  1.7	0.446715176	-0.215231463	-0.215231463	0.333333343	0.333333343	None
  1.73333347	0.4483354	-0.1575304	-0.1575304	0.333333343	0.333333343	None
  1.76666677	0.436213166	-0.5244055	-0.5244055	0.333333343	0.333333343	None
  1.80000007	0.41337508	-0.5241225	-0.5241225	0.333333343	0.333333343	None
  1.86666679	0.391103864	-0.462137341	-0.462137341	0.333333343	0.333333343	None
  1.9000001	0.370462537	-0.662149549	-0.662149549	0.333333343	0.333333343	None
  1.9333334	0.3469606	-0.338146448	-0.338146448	0.333333343	0.333333343	None
  1.96666682	0.347919464	0.3553218	0.3553218	0.333333343	0.333333343	None
  2	0.370648623	0.613114357	0.613114357	0.333333343	0.333333343	None
  2.06666684	0.398775965	0.150148869	0.150148869	0.333333343	0.333333343	None
  2.16666675	0.403415352	0.2039044	0.2039044	0.333333343	0.333333343	None
  2.266667	0.432590723	0.0463351	0.0463351	0.333333343	0.333333343	None
  2.36666679	0.419552058	-0.0867691	-0.0867691	0.333333343	0.333333343	None
  2.4333334	0.41081664	-0.274316043	-0.274316043	0.333333343	0.333333343	None
  2.50000024	0.398151	0.137454569	0.137454569	0.333333343	0.333333343	None
  2.56666684	0.419367224	0.259940267	0.259940267	0.333333343	0.333333343	None
  2.63333344	0.4366584	0.363489747	0.363489747	0.333333343	0.333333343	None
  2.66666675	0.450457036	0.246180534	0.246180534	0.333333343	0.333333343	None
  2.766667	0.4486006	-0.202309817	-0.202309817	0.333333343	0.333333343	None
  2.83333349	0.433874041	-0.0191246122	-0.0191246122	0.333333343	0.333333343	None
  2.9	0.440090746	-0.03594611	-0.03594611	0.333333343	0.333333343	None
  2.966667	0.429317743	-0.09510479	-0.09510479	0.333333343	0.333333343	None
  3.06666684	0.4254541	-0.0969387	-0.0969387	0.333333343	0.333333343	None
  3.16666675	0.4211688	0.0136766331	0.0136766331	0.333333343	0.333333343	None
  3.266667	0.4181082	0.161233544	0.161233544	0.333333343	0.333333343	None
  3.33333349	0.430140644	-0.135204032	-0.135204032	0.333333343	0.333333343	None
  3.4	0.4095163	-0.115701668	-0.115701668	0.333333343	0.333333343	None
  3.56666684	0.4263425	-0.255237	-0.255237	0.333333343	0.333333343	None
  3.60000014	0.411849678	-0.296242654	-0.296242654	0.333333343	0.333333343	None
  3.80000019	0.441877663	-0.0268619023	-0.0268619023	0.333333343	0.333333343	None
  3.93333364	0.427874267	-0.178565234	-0.178565234	0.333333343	0.333333343	None
  4	0.427544564	0.179369956	0.179369956	0.333333343	0.333333343	None
  4.10000038	0.437052161	-0.06837494	-0.06837494	0.333333343	0.333333343	None
  4.166667	0.427641541	-0.232788235	-0.232788235	0.333333343	0.333333343	None
  4.23333359	0.41443795	-0.06262919	-0.06262919	0.333333343	0.333333343	None
  4.366667	0.414794	-0.0518391058	-0.0518391058	0.333333343	0.333333343	None
  4.4	0.411798775	0.002310276	0.002310276	0.333333343	0.333333343	None
  4.5	0.413855	-0.1066892	-0.1066892	0.333333343	0.333333343	None
  4.566667	0.407624543	0.000279396772	0.000279396772	0.333333343	0.333333343	None
  4.60000038	0.408631951	-0.0891804	-0.0891804	0.333333343	0.333333343	None
  4.70000029	0.391309768	-0.0334520973	-0.0334520973	0.333333343	0.333333343	None
  4.766667	0.393004268	0.241101757	0.241101757	0.333333343	0.333333343	None
  4.8	0.407677472	1.60083818	1.60083818	0.333333343	0.333333343	None
  4.83333349	0.4997267	4.22914839	4.22914839	0.333333343	0.333333343	None
  4.866667	0.689620435	4.86689663	4.86689663	0.333333343	0.333333343	None
  4.9	0.8241862	2.14442635	2.14442635	0.333333343	0.333333343	None
  4.9333334	0.832582057	-0.0808400661	-0.0808400661	0.333333343	0.333333343	None
  5.00000048	0.808950543	-0.167972282	-0.167972282	0.333333343	0.333333343	None
  5.10000038	0.7965259	-0.371704459	-0.371704459	0.333333343	0.333333343	None
  5.266667	0.75007087	-0.3187415	-0.3187415	0.333333343	0.333333343	None
  5.4333334	0.7342005	0.0613590926	0.0613590926	0.333333343	0.333333343	None
  5.63333368	0.706635654	-0.212663621	-0.212663621	0.333333343	0.333333343	None
  5.73333359	0.699817836	-0.2350261	-0.2350261	0.333333343	0.333333343	None
  5.83333349	0.665051	-0.3599993	-0.3599993	0.333333343	0.333333343	None
  5.933334	0.6109795	-0.789449334	-0.789449334	0.333333343	0.333333343	None
  6.033334	0.533026636	-0.6965292	-0.6965292	0.333333343	0.333333343	None
  6.10000038	0.477406025	-0.9550179	-0.9550179	0.333333343	0.333333343	None
  6.166667	0.428477556	-0.178769842	-0.178769842	0.333333343	0.333333343	None
  6.266667	0.475818276	0.736726165	0.736726165	0.333333343	0.333333343	None
  6.366667	0.5426792	0.513548	0.513548	0.333333343	0.333333343	None
  6.433334	0.558668852	-0.14028056	-0.14028056	0.333333343	0.333333343	None
  6.533334	0.519834459	-0.400862753	-0.400862753	0.333333343	0.333333343	None
  6.63333368	0.46519357	-0.8397097	-0.8397097	0.333333343	0.333333343	None
  6.70000029	0.406671226	-0.7889095	-0.7889095	0.333333343	0.333333343	None
  6.8	0.3258598	-0.9113467	-0.9113467	0.333333343	0.333333343	None
  6.90000057	0.2461078	-0.462375134	-0.462375134	0.333333343	0.333333343	None
  7.066667	0.2312179	-0.04198086	-0.04198086	0.333333343	0.333333343	None
  7.166667	0.22644642	0.113893636	0.113893636	0.333333343	0.333333343	None
  7.3	0.2544378	0.09675497	0.09675497	0.333333343	0.333333343	None
  7.36666727	0.2565495	8.94057735E-07	8.94057735E-07	0.333333343	0.333333343	None
FLOAT UnityEngine.Animator||RightHandQ.z discrete=False keys=72 pre=ClampForever post=ClampForever
  0	0.625214756	0.008068085	0.008068085	0.333333343	0.333333343	None
  0.8000001	0.6834909	0.0965729356	0.0965729356	0.333333343	0.333333343	None
  0.900000036	0.6702567	-0.468629241	-0.468629241	0.333333343	0.333333343	None
  0.9333334	0.652214	-0.3413896	-0.3413896	0.333333343	0.333333343	None
  0.9666667	0.647497356	-0.138968959	-0.138968959	0.333333343	0.333333343	None
  1	0.6429494	-1.04013228	-1.04013228	0.333333343	0.333333343	None
  1.03333342	0.578155041	-2.43811369	-2.43811369	0.333333343	0.333333343	None
  1.06666672	0.4804084	-1.6245153	-1.6245153	0.333333343	0.333333343	None
  1.1	0.469854116	0.913194835	0.913194835	0.333333343	0.333333343	None
  1.13333344	0.541288257	1.51356626	1.51356626	0.333333343	0.333333343	None
  1.16666675	0.5707587	-0.0462350845	-0.0462350845	0.333333343	0.333333343	None
  1.2	0.5382059	0.0556979179	0.0556979179	0.333333343	0.333333343	None
  1.23333335	0.5744719	1.77190208	1.77190208	0.333333343	0.333333343	None
  1.26666677	0.6563329	1.603292	1.603292	0.333333343	0.333333343	None
  1.30000007	0.6813582	0.7711421	0.7711421	0.333333343	0.333333343	None
  1.33333337	0.707742333	1.1956234	1.1956234	0.333333343	0.333333343	None
  1.4000001	0.8098875	0.9556595	0.9556595	0.333333343	0.333333343	None
  1.4666667	0.8208905	-0.000197798014	-0.000197798014	0.333333343	0.333333343	None
  1.56666672	0.8243617	-0.26842615	-0.26842615	0.333333343	0.333333343	None
  1.66666675	0.797207057	0.118468814	0.118468814	0.333333343	0.333333343	None
  1.73333347	0.8066708	0.131160975	0.131160975	0.333333343	0.333333343	None
  1.83333337	0.829437256	0.19298026	0.19298026	0.333333343	0.333333343	None
  2	0.8676153	-0.02602714	-0.02602714	0.333333343	0.333333343	None
  2.2	0.8624182	-0.175363	-0.175363	0.333333343	0.333333343	None
  2.33333349	0.857158959	0.09570667	0.09570667	0.333333343	0.333333343	None
  2.66666675	0.834489167	-0.1530461	-0.1530461	0.333333343	0.333333343	None
  2.9	0.833662868	0.046945855	0.046945855	0.333333343	0.333333343	None
  3.30000019	0.844061136	-0.105842747	-0.105842747	0.333333343	0.333333343	None
  3.466667	0.8453262	-0.0557925254	-0.0557925254	0.333333343	0.333333343	None
  3.63333344	0.8493201	0.06286657	0.06286657	0.333333343	0.333333343	None
  3.966667	0.8446625	-0.08724656	-0.08724656	0.333333343	0.333333343	None
  4.166667	0.8305344	0.05198305	0.05198305	0.333333343	0.333333343	None
  4.4	0.828793764	0.0261211656	0.0261211656	0.333333343	0.333333343	None
  4.63333368	0.835493445	0.114290826	0.114290826	0.333333343	0.333333343	None
  4.766667	0.836280346	-0.165616736	-0.165616736	0.333333343	0.333333343	None
  4.83333349	0.7627605	-3.71673441	-3.71673441	0.333333343	0.333333343	None
  4.866667	0.57854414	-6.58472252	-6.58472252	0.333333343	0.333333343	None
  4.9	0.323779434	-5.8750124	-5.8750124	0.333333343	0.333333343	None
  4.9333334	0.186877012	-2.35600471	-2.35600471	0.333333343	0.333333343	None
  4.9666667	0.1667126	-0.392948955	-0.392948955	0.333333343	0.333333343	None
  5.00000048	0.160680354	-0.429704875	-0.429704875	0.333333343	0.333333343	None
  5.033334	0.138065547	-1.00626326	-1.00626326	0.333333343	0.333333343	None
  5.066667	0.0935962051	-0.9087645	-0.9087645	0.333333343	0.333333343	None
  5.10000038	0.07748131	-0.184304371	-0.184304371	0.333333343	0.333333343	None
  5.13333368	0.08130926	0.05318971	0.05318971	0.333333343	0.333333343	None
  5.166667	0.0810272843	-0.10875161	-0.10875161	0.333333343	0.333333343	None
  5.23333359	0.0621414632	-0.428406775	-0.428406775	0.333333343	0.333333343	None
  5.266667	0.0454987325	-0.6597193	-0.6597193	0.333333343	0.333333343	None
  5.3	0.01816022	-0.395319819	-0.395319819	0.333333343	0.333333343	None
  5.33333349	0.0191441029	0.387033254	0.387033254	0.333333343	0.333333343	None
  5.366667	0.04396241	0.483329833	0.483329833	0.333333343	0.333333343	None
  5.4	0.05136606	0.009450823	0.009450823	0.333333343	0.333333343	None
  5.4333334	0.0445924662	-0.0347250924	-0.0347250924	0.333333343	0.333333343	None
  5.466667	0.04905112	0.387947679	0.387947679	0.333333343	0.333333343	None
  5.50000048	0.0704556853	0.6941358	0.6941358	0.333333343	0.333333343	None
  5.533334	0.0953267962	0.782383442	0.782383442	0.333333343	0.333333343	None
  5.60000038	0.158593565	1.27083111	1.27083111	0.333333343	0.333333343	None
  5.63333368	0.20733653	1.34320235	1.34320235	0.333333343	0.333333343	None
  5.73333359	0.315172017	1.01000547	1.01000547	0.333333343	0.333333343	None
  5.8	0.3777432	0.7939825	0.7939825	0.333333343	0.333333343	None
  5.9	0.4607737	0.9350135	0.9350135	0.333333343	0.333333343	None
  6.00000048	0.5475206	0.646263659	0.646263659	0.333333343	0.333333343	None
  6.066667	0.5917025	0.916763842	0.916763842	0.333333343	0.333333343	None
  6.166667	0.688821554	0.615420043	0.615420043	0.333333343	0.333333343	None
  6.366667	0.664785445	-0.6050447	-0.6050447	0.333333343	0.333333343	None
  6.433334	0.629694641	-0.260225475	-0.260225475	0.333333343	0.333333343	None
  6.533334	0.6144396	-0.2005427	-0.2005427	0.333333343	0.333333343	None
  6.666667	0.605962	-0.0169578362	-0.0169578362	0.333333343	0.333333343	None
  6.866667	0.5911501	0.00415449776	0.00415449776	0.333333343	0.333333343	None
  7.033334	0.6084133	0.101173021	0.101173021	0.333333343	0.333333343	None
  7.23333359	0.6235731	-0.0409394875	-0.0409394875	0.333333343	0.333333343	None
  7.36666727	0.625214636	1.78811547E-06	1.78811547E-06	0.333333343	0.333333343	None
FLOAT UnityEngine.Animator||RightHandT.x discrete=False keys=83 pre=ClampForever post=ClampForever
  0	0.287540257	-0.00419318676	-0.00419318676	0.333333343	0.333333343	None
  0.7666667	0.2943262	0.0268193856	0.0268193856	0.333333343	0.333333343	None
  0.9666667	0.251274645	-0.803087	-0.803087	0.333333343	0.333333343	None
  1	0.218434736	-1.21687746	-1.21687746	0.333333343	0.333333343	None
  1.03333342	0.170149386	-1.51858234	-1.51858234	0.333333343	0.333333343	None
  1.06666672	0.11719583	-1.37562025	-1.37562025	0.333333343	0.333333343	None
  1.1	0.078441456	-0.908894956	-0.908894956	0.333333343	0.333333343	None
  1.13333344	0.0566028133	-0.5180442	-0.5180442	0.333333343	0.333333343	None
  1.2	0.04200892	0.124909304	0.124909304	0.333333343	0.333333343	None
  1.23333335	0.05223241	0.3416773	0.3416773	0.333333343	0.333333343	None
  1.26666677	0.06478743	0.320557415	0.320557415	0.333333343	0.333333343	None
  1.33333337	0.07745441	0.0546532	0.0546532	0.333333343	0.333333343	None
  1.36666679	0.07724647	0.00537471659	0.00537471659	0.333333343	0.333333343	None
  1.4666667	0.0746748745	-0.168215156	-0.168215156	0.333333343	0.333333343	None
  1.53333342	0.05896357	-0.152962565	-0.152962565	0.333333343	0.333333343	None
  1.56666672	0.05664276	0.117137626	0.117137626	0.333333343	0.333333343	None
  1.60000014	0.0667727739	0.372454882	0.372454882	0.333333343	0.333333343	None
  1.63333344	0.0814731	0.361904442	0.361904442	0.333333343	0.333333343	None
  1.66666675	0.09089971	0.2538959	0.2538959	0.333333343	0.333333343	None
  1.7	0.0983994752	0.162927628	0.162927628	0.333333343	0.333333343	None
  1.80000007	0.103579633	-0.0116394572	-0.0116394572	0.333333343	0.333333343	None
  1.86666679	0.09899133	-0.165322378	-0.165322378	0.333333343	0.333333343	None
  1.9000001	0.0916228	-0.256951272	-0.256951272	0.333333343	0.333333343	None
  1.9333334	0.08186126	-0.250547469	-0.250547469	0.333333343	0.333333343	None
  2	0.07140261	-0.0428368524	-0.0428368524	0.333333343	0.333333343	None
  2.06666684	0.07271988	-0.0192567147	-0.0192567147	0.333333343	0.333333343	None
  2.16666675	0.06096317	-0.177682877	-0.177682877	0.333333343	0.333333343	None
  2.2	0.0546914041	-0.139601126	-0.139601126	0.333333343	0.333333343	None
  2.30000019	0.05289987	0.0720893	0.0720893	0.333333343	0.333333343	None
  2.36666679	0.06107825	0.1583367	0.1583367	0.333333343	0.333333343	None
  2.4333334	0.07090466	0.102705568	0.102705568	0.333333343	0.333333343	None
  2.53333354	0.07320423	-0.07936731	-0.07936731	0.333333343	0.333333343	None
  2.63333344	0.0578622669	-0.183595315	-0.183595315	0.333333343	0.333333343	None
  2.73333359	0.0410490371	-0.10314627	-0.10314627	0.333333343	0.333333343	None
  2.83333349	0.0380023271	0.0301274937	0.0301274937	0.333333343	0.333333343	None
  2.9	0.04093761	0.029388601	0.029388601	0.333333343	0.333333343	None
  3.03333354	0.04263942	0.02415622	0.02415622	0.333333343	0.333333343	None
  3.06666684	0.0436974168	0.023451414	0.023451414	0.333333343	0.333333343	None
  3.13333344	0.0449743345	0.0153991915	0.0153991915	0.333333343	0.333333343	None
  3.23333359	0.04455699	-0.00753925	-0.00753925	0.333333343	0.333333343	None
  3.266667	0.04456465	0.03061996	0.03061996	0.333333343	0.333333343	None
  3.30000019	0.04659832	0.0813693	0.0813693	0.333333343	0.333333343	None
  3.33333349	0.0499892645	0.07399495	0.07399495	0.333333343	0.333333343	None
  3.50000024	0.0519422926	0.0797115862	0.0797115862	0.333333343	0.333333343	None
  3.53333354	0.05586507	0.150071025	0.150071025	0.333333343	0.333333343	None
  3.60000014	0.06709527	0.117905438	0.117905438	0.333333343	0.333333343	None
  3.66666675	0.0708629638	0.03063343	0.03063343	0.333333343	0.333333343	None
  3.83333349	0.06594533	-0.101873636	-0.101873636	0.333333343	0.333333343	None
  3.966667	0.0526335426	-0.0550938174	-0.0550938174	0.333333343	0.333333343	None
  4	0.0513882339	-0.0507271141	-0.0507271141	0.333333343	0.333333343	None
  4.033334	0.0492517166	-0.03841429	-0.03841429	0.333333343	0.333333343	None
  4.13333368	0.05184876	0.08041538	0.08041538	0.333333343	0.333333343	None
  4.166667	0.0550710671	0.08999038	0.08999038	0.333333343	0.333333343	None
  4.20000029	0.0578481145	0.0926402956	0.0926402956	0.333333343	0.333333343	None
  4.3	0.06515386	0.00963293947	0.00963293947	0.333333343	0.333333343	None
  4.366667	0.0623381	-0.0937814042	-0.0937814042	0.333333343	0.333333343	None
  4.4	0.05823829	-0.108626947	-0.108626947	0.333333343	0.333333343	None
  4.4333334	0.05509631	-0.122520462	-0.122520462	0.333333343	0.333333343	None
  4.4666667	0.0500702672	-0.111328989	-0.111328989	0.333333343	0.333333343	None
  4.566667	0.05013309	0.08763076	0.08763076	0.333333343	0.333333343	None
  4.63333368	0.05710705	0.08275886	0.08275886	0.333333343	0.333333343	None
  4.73333359	0.06272046	0.0257222969	0.0257222969	0.333333343	0.333333343	None
  4.766667	0.06336601	0.0279202573	0.0279202573	0.333333343	0.333333343	None
  4.8	0.06458181	0.132398769	0.132398769	0.333333343	0.333333343	None
  4.83333349	0.07219259	0.33806932	0.33806932	0.333333343	0.333333343	None
  4.866667	0.08711974	0.391871452	0.391871452	0.333333343	0.333333343	None
  4.9	0.0983173251	0.22793825	0.22793825	0.333333343	0.333333343	None
  4.9333334	0.102315612	0.119297169	0.119297169	0.333333343	0.333333343	None
  5.00000048	0.1085669	0.07028809	0.07028809	0.333333343	0.333333343	None
  5.033334	0.110956363	0.111382529	0.111382529	0.333333343	0.333333343	None
  5.10000038	0.120849468	0.13237071	0.13237071	0.333333343	0.333333343	None
  5.23333359	0.13676098	0.128321022	0.128321022	0.333333343	0.333333343	None
  5.366667	0.147820488	0.0429089	0.0429089	0.333333343	0.333333343	None
  5.533334	0.157023951	0.130034953	0.130034953	0.333333343	0.333333343	None
  5.73333359	0.185704619	0.105440423	0.105440423	0.333333343	0.333333343	None
  5.933334	0.215484336	0.221327245	0.221327245	0.333333343	0.333333343	None
  6.13333368	0.242891312	-0.122403845	-0.122403845	0.333333343	0.333333343	None
  6.3	0.204279363	-0.177783459	-0.177783459	0.333333343	0.333333343	None
  6.533334	0.220274478	0.276560366	0.276560366	0.333333343	0.333333343	None
  6.73333359	0.270698071	0.148684829	0.148684829	0.333333343	0.333333343	None
  6.966667	0.2905252	0.05378773	0.05378773	0.333333343	0.333333343	None
  7.33333349	0.287525922	-0.009425739	-0.009425739	0.333333343	0.333333343	None
  7.36666727	0.287525922	0	0	0.333333343	0.333333343	None
FLOAT UnityEngine.Animator||RightHandT.y discrete=False keys=55 pre=ClampForever post=ClampForever
  0	-0.0801947042	2.65985709E-05	2.65985709E-05	0.333333343	0.333333343	None
  0.6	-0.0826023743	-0.00342484517	-0.00342484517	0.333333343	0.333333343	None
  0.7666667	-0.08326511	0.0133919232	0.0133919232	0.333333343	0.333333343	None
  0.866666734	-0.07056497	0.394158781	0.394158781	0.333333343	0.333333343	None
  0.900000036	-0.0533853769	0.5664009	0.5664009	0.333333343	0.333333343	None
  0.9666667	-0.008590969	0.7804945	0.7804945	0.333333343	0.333333343	None
  1	0.0192280076	0.9051125	0.9051125	0.333333343	0.333333343	None
  1.1	0.121596366	0.9791559	0.9791559	0.333333343	0.333333343	None
  1.16666675	0.180030718	0.8729689	0.8729689	0.333333343	0.333333343	None
  1.23333335	0.237372592	0.7885961	0.7885961	0.333333343	0.333333343	None
  1.33333337	0.321427017	0.938933253	0.938933253	0.333333343	0.333333343	None
  1.4666667	0.417927444	0.24980399	0.24980399	0.333333343	0.333333343	None
  1.56666672	0.420823216	0.03969348	0.03969348	0.333333343	0.333333343	None
  1.63333344	0.422072947	-0.0881254	-0.0881254	0.333333343	0.333333343	None
  1.9333334	0.372012079	-0.148629084	-0.148629084	0.333333343	0.333333343	None
  2.06666684	0.352277279	0.0556138679	0.0556138679	0.333333343	0.333333343	None
  2.266667	0.399249583	0.09180621	0.09180621	0.333333343	0.333333343	None
  2.50000024	0.389661878	0.04448883	0.04448883	0.333333343	0.333333343	None
  2.73333359	0.415290654	0.0284388848	0.0284388848	0.333333343	0.333333343	None
  3.03333354	0.426036417	0.0226284787	0.0226284787	0.333333343	0.333333343	None
  3.466667	0.4150284	-0.0210553277	-0.0210553277	0.333333343	0.333333343	None
  3.83333349	0.3834019	0.0343475081	0.0343475081	0.333333343	0.333333343	None
  4.10000038	0.4034688	-0.0577690229	-0.0577690229	0.333333343	0.333333343	None
  4.3	0.395806223	0.06564176	0.06564176	0.333333343	0.333333343	None
  4.533334	0.408812135	-0.0595412478	-0.0595412478	0.333333343	0.333333343	None
  4.73333359	0.395023078	0.01556845	0.01556845	0.333333343	0.333333343	None
  4.866667	0.395196021	-0.06901867	-0.06901867	0.333333343	0.333333343	None
  4.9	0.391218662	-0.271640539	-0.271640539	0.333333343	0.333333343	None
  4.9666667	0.3636604	-0.3766636	-0.3766636	0.333333343	0.333333343	None
  5.13333368	0.3058855	-0.342641354	-0.342641354	0.333333343	0.333333343	None
  5.23333359	0.284659356	-0.0499570854	-0.0499570854	0.333333343	0.333333343	None
  5.266667	0.2838757	-0.105811015	-0.105811015	0.333333343	0.333333343	None
  5.33333349	0.271553427	-0.122117966	-0.122117966	0.333333343	0.333333343	None
  5.466667	0.264445424	-0.163857728	-0.163857728	0.333333343	0.333333343	None
  5.666667	0.20084326	-0.298656881	-0.298656881	0.333333343	0.333333343	None
  5.766667	0.170985669	-0.372851551	-0.372851551	0.333333343	0.333333343	None
  5.866667	0.128722608	-0.483838022	-0.483838022	0.333333343	0.333333343	None
  5.966667	0.07972033	-0.482086629	-0.482086629	0.333333343	0.333333343	None
  6.00000048	0.06382766	-0.4020236	-0.4020236	0.333333343	0.333333343	None
  6.10000038	0.0474637561	0.08840112	0.08840112	0.333333343	0.333333343	None
  6.166667	0.06399846	0.40151757	0.40151757	0.333333343	0.333333343	None
  6.23333359	0.0974459052	0.503121555	0.503121555	0.333333343	0.333333343	None
  6.366667	0.13951841	0.0226701237	0.0226701237	0.333333343	0.333333343	None
  6.50000048	0.105042547	-0.4966763	-0.4966763	0.333333343	0.333333343	None
  6.60000038	0.0492300279	-0.5840215	-0.5840215	0.333333343	0.333333343	None
  6.63333368	0.0296749249	-0.5547062	-0.5547062	0.333333343	0.333333343	None
  6.666667	0.0122496495	-0.509586334	-0.509586334	0.333333343	0.333333343	None
  6.70000029	-0.00429746276	-0.456751943	-0.456751943	0.333333343	0.333333343	None
  6.766667	-0.0302798823	-0.3490162	-0.3490162	0.333333343	0.333333343	None
  6.866667	-0.0586061664	-0.20374465	-0.20374465	0.333333343	0.333333343	None
  7.033334	-0.07290801	-0.0274497531	-0.0274497531	0.333333343	0.333333343	None
  7.10000038	-0.07642129	-0.08793049	-0.08793049	0.333333343	0.333333343	None
  7.166667	-0.0821046159	-0.05094671	-0.05094671	0.333333343	0.333333343	None
  7.3	-0.08156231	0.03817592	0.03817592	0.333333343	0.333333343	None
  7.36666727	-0.0801973	0	0	0.333333343	0.333333343	None
FLOAT UnityEngine.Animator||RightHandT.z discrete=False keys=79 pre=ClampForever post=ClampForever
  0	0.0225796364	0.00727644144	0.00727644144	0.333333343	0.333333343	None
  0.200000018	0.0259000566	0.0275735781	0.0275735781	0.333333343	0.333333343	None
  0.533333361	0.0339736454	0.0197264571	0.0197264571	0.333333343	0.333333343	None
  0.733333349	0.0367331132	0.009068274	0.009068274	0.333333343	0.333333343	None
  0.8000001	0.03831699	0.107468575	0.107468575	0.333333343	0.333333343	None
  0.8333334	0.0440521725	0.384222865	0.384222865	0.333333343	0.333333343	None
  0.866666734	0.06393186	0.8195002	0.8195002	0.333333343	0.333333343	None
  0.900000036	0.0986855	1.04725981	1.04725981	0.333333343	0.333333343	None
  0.9333334	0.133749172	1.03492093	1.03492093	0.333333343	0.333333343	None
  0.9666667	0.167680234	1.07282853	1.07282853	0.333333343	0.333333343	None
  1.03333342	0.23852545	0.7652627	0.7652627	0.333333343	0.333333343	None
  1.13333344	0.248167709	-0.504625559	-0.504625559	0.333333343	0.333333343	None
  1.2	0.197179988	-0.8320976	-0.8320976	0.333333343	0.333333343	None
  1.30000007	0.123933785	-0.5853462	-0.5853462	0.333333343	0.333333343	None
  1.33333337	0.105818391	-0.5331073	-0.5331073	0.333333343	0.333333343	None
  1.4000001	0.0746210963	-0.332198262	-0.332198262	0.333333343	0.333333343	None
  1.50000012	0.06257361	0.02162008	0.02162008	0.333333343	0.333333343	None
  1.53333342	0.0640683845	-0.0146355983	-0.0146355983	0.333333343	0.333333343	None
  1.60000014	0.0571232066	-0.100584313	-0.100584313	0.333333343	0.333333343	None
  1.66666675	0.05314437	-0.07186165	-0.07186165	0.333333343	0.333333343	None
  1.7	0.0501015037	-0.0680532753	-0.0680532753	0.333333343	0.333333343	None
  1.76666677	0.04672836	-0.07352199	-0.07352199	0.333333343	0.333333343	None
  1.80000007	0.0437060222	-0.06317922	-0.06317922	0.333333343	0.333333343	None
  1.83333337	0.0425164178	-0.005761098	-0.005761098	0.333333343	0.333333343	None
  1.9000001	0.04447296	0.0213635918	0.0213635918	0.333333343	0.333333343	None
  1.9333334	0.04474619	0.0252388082	0.0252388082	0.333333343	0.333333343	None
  2	0.0486315452	0.0703372061	0.0703372061	0.333333343	0.333333343	None
  2.06666684	0.0536158048	0.08773129	0.08773129	0.333333343	0.333333343	None
  2.13333344	0.0586201064	0.0274515972	0.0274515972	0.333333343	0.333333343	None
  2.2	0.057652317	-0.008152917	-0.008152917	0.333333343	0.333333343	None
  2.30000019	0.06086747	0.0338448733	0.0338448733	0.333333343	0.333333343	None
  2.36666679	0.0628299639	0.05937042	0.05937042	0.333333343	0.333333343	None
  2.4333334	0.06734102	0.0236641467	0.0236641467	0.333333343	0.333333343	None
  2.50000024	0.06758275	0.04115481	0.04115481	0.333333343	0.333333343	None
  2.56666684	0.07241618	0.0512349345	0.0512349345	0.333333343	0.333333343	None
  2.63333344	0.07399041	0.0324113965	0.0324113965	0.333333343	0.333333343	None
  2.7	0.0756479949	-0.0111038163	-0.0111038163	0.333333343	0.333333343	None
  2.80000019	0.07486247	0.03667757	0.03667757	0.333333343	0.333333343	None
  2.9	0.08183267	0.0542743281	0.0542743281	0.333333343	0.333333343	None
  3.06666684	0.08597403	0.0487733334	0.0487733334	0.333333343	0.333333343	None
  3.23333359	0.09236711	0.009245471	0.009245471	0.333333343	0.333333343	None
  3.36666679	0.09652141	0.043551743	0.043551743	0.333333343	0.333333343	None
  3.53333354	0.105339296	0.113355845	0.113355845	0.333333343	0.333333343	None
  3.60000014	0.111947469	0.0328355245	0.0328355245	0.333333343	0.333333343	None
  3.766667	0.10178145	-0.0143254679	-0.0143254679	0.333333343	0.333333343	None
  4	0.114058018	0.106145151	0.106145151	0.333333343	0.333333343	None
  4.20000029	0.124356717	-0.0200222619	-0.0200222619	0.333333343	0.333333343	None
  4.4333334	0.119493134	-0.0127805145	-0.0127805145	0.333333343	0.333333343	None
  4.566667	0.1220269	0.06281326	0.06281326	0.333333343	0.333333343	None
  4.73333359	0.128822446	-0.000845790841	-0.000845790841	0.333333343	0.333333343	None
  4.8	0.130336538	0.161245182	0.161245182	0.333333343	0.333333343	None
  4.83333349	0.139280438	0.359009773	0.359009773	0.333333343	0.333333343	None
  4.866667	0.1542705	0.388734043	0.388734043	0.333333343	0.333333343	None
  4.9	0.165196016	0.362269759	0.362269759	0.333333343	0.333333343	None
  4.9666667	0.1917052	0.320513844	0.320513844	0.333333343	0.333333343	None
  5.066667	0.210998178	0.154365525	0.154365525	0.333333343	0.333333343	None
  5.23333359	0.219352514	-0.0500053652	-0.0500053652	0.333333343	0.333333343	None
  5.3	0.218701	0.0597151965	0.0597151965	0.333333343	0.333333343	None
  5.4	0.221166492	-0.06252861	-0.06252861	0.333333343	0.333333343	None
  5.60000038	0.205935955	-0.131467491	-0.131467491	0.333333343	0.333333343	None
  5.866667	0.17021133	-0.166394114	-0.166394114	0.333333343	0.333333343	None
  6.00000048	0.139767632	-0.259195954	-0.259195954	0.333333343	0.333333343	None
  6.066667	0.124029838	-0.2198239	-0.2198239	0.333333343	0.333333343	None
  6.13333368	0.114166446	-0.03801398	-0.03801398	0.333333343	0.333333343	None
  6.266667	0.125910044	0.112331361	0.112331361	0.333333343	0.333333343	None
  6.366667	0.132862553	0.005605054	0.005605054	0.333333343	0.333333343	None
  6.466667	0.130842447	-0.0456127971	-0.0456127971	0.333333343	0.333333343	None
  6.70000029	0.08988313	-0.270903468	-0.270903468	0.333333343	0.333333343	None
  6.8	0.062081933	-0.292719245	-0.292719245	0.333333343	0.333333343	None
  6.933334	0.0268005449	-0.20373103	-0.20373103	0.333333343	0.333333343	None
  7.033334	0.011352744	-0.106942989	-0.106942989	0.333333343	0.333333343	None
  7.066667	0.008294778	-0.0902264	-0.0902264	0.333333343	0.333333343	None
  7.13333368	0.00331180869	-0.03634215	-0.03634215	0.333333343	0.333333343	None
  7.166667	0.00291484874	0.02561014	0.02561014	0.333333343	0.333333343	None
  7.20000029	0.00501914974	0.0871134847	0.0871134847	0.333333343	0.333333343	None
  7.266667	0.0132432	0.137729526	0.137729526	0.333333343	0.333333343	None
  7.3	0.01790437	0.139903247	0.139903247	0.333333343	0.333333343	None
  7.33333349	0.0225700755	0.06998577	0.06998577	0.333333343	0.333333343	None
  7.36666727	0.0225700829	2.23514434E-07	2.23514434E-07	0.333333343	0.333333343	None
FLOAT UnityEngine.Animator||RootQ.w discrete=False keys=16 pre=ClampForever post=ClampForever
  0	0.9990022	0.00114440906	0.00114440906	0.333333343	0.333333343	None
  0.8333334	0.9992833	-0.0143873608	-0.0143873608	0.333333343	0.333333343	None
  1	0.9473291	-0.794279933	-0.794279933	0.333333343	0.333333343	None
  1.13333344	0.833632052	-0.634644032	-0.634644032	0.333333343	0.333333343	None
  1.26666677	0.776743054	-0.0162567366	-0.0162567366	0.333333343	0.333333343	None
  1.50000012	0.8046728	0.00635044649	0.00635044649	0.333333343	0.333333343	None
  1.73333347	0.7256407	-0.0653813258	-0.0653813258	0.333333343	0.333333343	None
  1.9000001	0.762552142	0.325168967	0.325168967	0.333333343	0.333333343	None
  2.16666675	0.8818555	0.250552535	0.250552535	0.333333343	0.333333343	None
  2.50000024	0.9203719	0.161697417	0.161697417	0.333333343	0.333333343	None
  3.10000014	0.9565798	0.023133181	0.023133181	0.333333343	0.333333343	None
  3.466667	0.9528359	0.06699695	0.06699695	0.333333343	0.333333343	None
  3.86666679	0.975784063	0.0109908087	0.0109908087	0.333333343	0.333333343	None
  4.4	0.9923917	0.0189963169	0.0189963169	0.333333343	0.333333343	None
  6.033334	0.998210669	5.543237E-05	5.543237E-05	0.333333343	0.333333343	None
  7.36666727	0.9990022	0	0	0.333333343	0.333333343	None
FLOAT UnityEngine.Animator||RootQ.x discrete=False keys=72 pre=ClampForever post=ClampForever
  0	0.0232895613	-0.008223206	-0.008223206	0.333333343	0.333333343	None
  0.13333334	0.0216772854	-0.0190349687	-0.0190349687	0.333333343	0.333333343	None
  0.266666681	0.01923202	-0.0150331119	-0.0150331119	0.333333343	0.333333343	None
  0.5	0.0161613524	-0.0076534613	-0.0076534613	0.333333343	0.333333343	None
  0.6666667	0.0155171454	0.000542252266	0.000542252266	0.333333343	0.333333343	None
  0.733333349	0.0158094168	0.01603625	0.01603625	0.333333343	0.333333343	None
  0.7666667	0.0166433454	0.07108608	0.07108608	0.333333343	0.333333343	None
  0.8333334	0.0291510969	0.3585449	0.3585449	0.333333343	0.333333343	None
  0.900000036	0.063141495	0.548520446	0.548520446	0.333333343	0.333333343	None
  0.9333334	0.08101952	0.580636144	0.580636144	0.333333343	0.333333343	None
  1	0.119952142	0.435518622	0.435518622	0.333333343	0.333333343	None
  1.06666672	0.136971563	0.121203333	0.121203333	0.333333343	0.333333343	None
  1.1	0.138965368	-0.0482285619	-0.0482285619	0.333333343	0.333333343	None
  1.13333344	0.13375631	-0.1190537	-0.1190537	0.333333343	0.333333343	None
  1.26666677	0.12961331	-0.08350433	-0.08350433	0.333333343	0.333333343	None
  1.33333337	0.122865945	-0.0425358377	-0.0425358377	0.333333343	0.333333343	None
  1.4333334	0.120980531	-0.0414683335	-0.0414683335	0.333333343	0.333333343	None
  1.50000012	0.116337925	-0.0670327842	-0.0670327842	0.333333343	0.333333343	None
  1.56666672	0.117931962	0.253734231	0.253734231	0.333333343	0.333333343	None
  1.66666675	0.177669734	0.678913832	0.678913832	0.333333343	0.333333343	None
  1.7	0.198786259	0.491009474	0.491009474	0.333333343	0.333333343	None
  1.83333337	0.218119413	-0.07022684	-0.07022684	0.333333343	0.333333343	None
  1.9333334	0.2032509	-0.259360373	-0.259360373	0.333333343	0.333333343	None
  2.03333354	0.1766395	-0.196242779	-0.196242779	0.333333343	0.333333343	None
  2.2	0.1559485	-0.06849966	-0.06849966	0.333333343	0.333333343	None
  2.30000019	0.1579591	0.148965552	0.148965552	0.333333343	0.333333343	None
  2.50000024	0.196890444	-0.0113760941	-0.0113760941	0.333333343	0.333333343	None
  2.60000014	0.187833533	-0.113872848	-0.113872848	0.333333343	0.333333343	None
  2.73333359	0.172291741	-0.03476934	-0.03476934	0.333333343	0.333333343	None
  2.83333349	0.1646748	-0.135338575	-0.135338575	0.333333343	0.333333343	None
  2.9	0.155102745	-0.1114555	-0.1114555	0.333333343	0.333333343	None
  2.966667	0.149166629	-0.131685048	-0.131685048	0.333333343	0.333333343	None
  3.13333344	0.120381206	-0.117569827	-0.117569827	0.333333343	0.333333343	None
  3.33333349	0.1044206	-0.120712042	-0.120712042	0.333333343	0.333333343	None
  3.4333334	0.09051505	-0.126972765	-0.126972765	0.333333343	0.333333343	None
  3.63333344	0.07162237	-0.0247018263	-0.0247018263	0.333333343	0.333333343	None
  3.80000019	0.078926	0.01850726	0.01850726	0.333333343	0.333333343	None
  3.86666679	0.07952714	-0.00159189245	-0.00159189245	0.333333343	0.333333343	None
  3.966667	0.0720163	-0.149603635	-0.149603635	0.333333343	0.333333343	None
  4.066667	0.05719042	-0.110018954	-0.110018954	0.333333343	0.333333343	None
  4.23333359	0.048232168	0.00641316827	0.00641316827	0.333333343	0.333333343	None
  4.366667	0.05049944	-0.007271029	-0.007271029	0.333333343	0.333333343	None
  4.566667	0.0416130275	-0.06100802	-0.06100802	0.333333343	0.333333343	None
  4.83333349	0.0432719737	0.0566874221	0.0566874221	0.333333343	0.333333343	None
  4.866667	0.04530339	0.09748588	0.09748588	0.333333343	0.333333343	None
  4.9333334	0.0549165159	0.131432623	0.131432623	0.333333343	0.333333343	None
  5.033334	0.06475219	0.08342125	0.08342125	0.333333343	0.333333343	None
  5.10000038	0.0690748841	0.0376819447	0.0376819447	0.333333343	0.333333343	None
  5.33333349	0.07184227	-0.00240795547	-0.00240795547	0.333333343	0.333333343	None
  5.50000048	0.0731855	-0.01653941	-0.01653941	0.333333343	0.333333343	None
  5.70000029	0.0646158457	-0.0695522	-0.0695522	0.333333343	0.333333343	None
  5.83333349	0.0557129681	-0.05890427	-0.05890427	0.333333343	0.333333343	None
  5.933334	0.0526370555	-0.00270359986	-0.00270359986	0.333333343	0.333333343	None
  6.066667	0.0522858948	0.001386927	0.001386927	0.333333343	0.333333343	None
  6.13333368	0.0521308631	-0.0124915065	-0.0124915065	0.333333343	0.333333343	None
  6.23333359	0.0495013148	-0.0652734041	-0.0652734041	0.333333343	0.333333343	None
  6.266667	0.04663688	-0.07261797	-0.07261797	0.333333343	0.333333343	None
  6.3	0.04466012	-0.06350851	-0.06350851	0.333333343	0.333333343	None
  6.366667	0.0406473577	-0.05091875	-0.05091875	0.333333343	0.333333343	None
  6.40000057	0.03900838	-0.0276496746	-0.0276496746	0.333333343	0.333333343	None
  6.50000048	0.04002334	0.006437755	0.006437755	0.333333343	0.333333343	None
  6.566667	0.0394793	-0.008462153	-0.008462153	0.333333343	0.333333343	None
  6.73333359	0.0358149558	-0.0424585119	-0.0424585119	0.333333343	0.333333343	None
  6.8	0.0327935219	-0.0395261869	-0.0395261869	0.333333343	0.333333343	None
  6.933334	0.02716142	-0.04748118	-0.04748118	0.333333343	0.333333343	None
  7.033334	0.023299098	-0.022517167	-0.022517167	0.333333343	0.333333343	None
  7.10000038	0.02354154	0.0464977026	0.0464977026	0.333333343	0.333333343	None
  7.166667	0.0281735659	0.043501	0.043501	0.333333343	0.333333343	None
  7.20000029	0.0287529826	0.00391245261	0.00391245261	0.333333343	0.333333343	None
  7.266667	0.02689141	-0.0546815768	-0.0546815768	0.333333343	0.333333343	None
  7.33333349	0.023289457	-0.02249258	-0.02249258	0.333333343	0.333333343	None
  7.36666727	0.023289457	0	0	0.333333343	0.333333343	None
FLOAT UnityEngine.Animator||RootQ.y discrete=False keys=92 pre=ClampForever post=ClampForever
  0	-0.03676033	0.0261005741	0.0261005741	0.333333343	0.333333343	None
  0.233333349	-0.0309669226	0.0250844676	0.0250844676	0.333333343	0.333333343	None
  0.433333367	-0.02674736	0.0198905934	0.0198905934	0.333333343	0.333333343	None
  0.6666667	-0.02361831	0.0123169255	0.0123169255	0.333333343	0.333333343	None
  0.733333349	-0.022730872	0.009861814	0.009861814	0.333333343	0.333333343	None
  0.7666667	-0.0224540979	0.048841197	0.048841197	0.333333343	0.333333343	None
  0.8000001	-0.01947479	0.202271968	0.202271968	0.333333343	0.333333343	None
  0.8333334	-0.008969307	0.5839142	0.5839142	0.333333343	0.333333343	None
  0.866666734	0.01945284	1.18929183	1.18929183	0.333333343	0.333333343	None
  0.900000036	0.07031679	1.74202	1.74202	0.333333343	0.333333343	None
  0.9666667	0.208759874	2.27700543	2.27700543	0.333333343	0.333333343	None
  1.03333342	0.359665483	1.99734426	1.99734426	0.333333343	0.333333343	None
  1.1	0.4683131	1.19348311	1.19348311	0.333333343	0.333333343	None
  1.16666675	0.5281741	0.831079662	0.831079662	0.333333343	0.333333343	None
  1.23333335	0.5691905	0.233937025	0.233937025	0.333333343	0.333333343	None
  1.33333337	0.5661299	-0.08979046	-0.08979046	0.333333343	0.333333343	None
  1.4666667	0.543952942	-0.0607575253	-0.0607575253	0.333333343	0.333333343	None
  1.56666672	0.5720806	0.5645213	0.5645213	0.333333343	0.333333343	None
  1.7	0.6280997	0.07728612	0.07728612	0.333333343	0.333333343	None
  1.9000001	0.578243	-0.377701879	-0.377701879	0.333333343	0.333333343	None
  2	0.522530138	-0.7628194	-0.7628194	0.333333343	0.333333343	None
  2.16666675	0.403971881	-0.447069228	-0.447069228	0.333333343	0.333333343	None
  2.33333349	0.359804928	-0.133892864	-0.133892864	0.333333343	0.333333343	None
  2.4666667	0.32071963	-0.467080772	-0.467080772	0.333333343	0.333333343	None
  2.56666684	0.279681534	-0.285983652	-0.285983652	0.333333343	0.333333343	None
  2.7	0.259019077	-0.04232917	-0.04232917	0.333333343	0.333333343	None
  2.86666679	0.254472733	0.0708904043	0.0708904043	0.333333343	0.333333343	None
  3.03333354	0.2627381	-0.07740952	-0.07740952	0.333333343	0.333333343	None
  3.13333344	0.259905845	0.116534941	0.116534941	0.333333343	0.333333343	None
  3.33333349	0.297726631	0.0242194757	0.0242194757	0.333333343	0.333333343	None
  3.56666684	0.2556318	-0.402526438	-0.402526438	0.333333343	0.333333343	None
  3.73333359	0.200747132	-0.137351364	-0.137351364	0.333333343	0.333333343	None
  3.9	0.194632649	-0.123538047	-0.123538047	0.333333343	0.333333343	None
  4.13333368	0.13902536	-0.183773741	-0.183773741	0.333333343	0.333333343	None
  4.3	0.122090593	-0.048440516	-0.048440516	0.333333343	0.333333343	None
  4.4333334	0.106114715	-0.183234841	-0.183234841	0.333333343	0.333333343	None
  4.63333368	0.0679485053	-0.185495943	-0.185495943	0.333333343	0.333333343	None
  4.73333359	0.04947433	-0.15554145	-0.15554145	0.333333343	0.333333343	None
  4.766667	0.04480046	-0.129706383	-0.129706383	0.333333343	0.333333343	None
  4.8	0.0408272445	-0.145901576	-0.145901576	0.333333343	0.333333343	None
  4.866667	0.02786	-0.25099802	-0.25099802	0.333333343	0.333333343	None
  4.9	0.0183405131	-0.299948156	-0.299948156	0.333333343	0.333333343	None
  4.9333334	0.007863477	-0.239596814	-0.239596814	0.333333343	0.333333343	None
  4.9666667	0.002367407	-0.124657869	-0.124657869	0.333333343	0.333333343	None
  5.00000048	-0.000447079539	-0.05431977	-0.05431977	0.333333343	0.333333343	None
  5.033334	-0.00125394762	-0.0219923463	-0.0219923463	0.333333343	0.333333343	None
  5.066667	-0.00191323459	-0.0210233964	-0.0210233964	0.333333343	0.333333343	None
  5.10000038	-0.00265550613	-0.025218375	-0.025218375	0.333333343	0.333333343	None
  5.13333368	-0.003594458	-0.02674098	-0.02674098	0.333333343	0.333333343	None
  5.20000029	-0.00534400344	-0.03208059	-0.03208059	0.333333343	0.333333343	None
  5.23333359	-0.00657694042	-0.0362409241	-0.0362409241	0.333333343	0.333333343	None
  5.33333349	-0.009246051	-0.0046932	-0.0046932	0.333333343	0.333333343	None
  5.4	-0.008529782	0.0173972715	0.0173972715	0.333333343	0.333333343	None
  5.4333334	-0.007936209	0.008872756	0.008872756	0.333333343	0.333333343	None
  5.50000048	-0.008170262	-0.006645403	-0.006645403	0.333333343	0.333333343	None
  5.533334	-0.008381292	-0.0172671843	-0.0172671843	0.333333343	0.333333343	None
  5.566667	-0.00932140648	-0.03719043	-0.03719043	0.333333343	0.333333343	None
  5.63333368	-0.0121223778	-0.0201881137	-0.0201881137	0.333333343	0.333333343	None
  5.666667	-0.0122065246	-0.00173270865	-0.00173270865	0.333333343	0.333333343	None
  5.73333359	-0.0118580908	0.0166469216	0.0166469216	0.333333343	0.333333343	None
  5.8	-0.0101079792	0.0286151748	0.0286151748	0.333333343	0.333333343	None
  5.83333349	-0.009220421	0.03475945	0.03475945	0.333333343	0.333333343	None
  5.866667	-0.0077906847	0.0555946454	0.0555946454	0.333333343	0.333333343	None
  5.9	-0.005514115	0.06150205	0.06150205	0.333333343	0.333333343	None
  5.933334	-0.003690526	0.0458768234	0.0458768234	0.333333343	0.333333343	None
  5.966667	-0.00245563686	0.03505069	0.03505069	0.333333343	0.333333343	None
  6.00000048	-0.0013538152	0.0502588339	0.0502588339	0.333333343	0.333333343	None
  6.033334	0.00089494884	0.061947912	0.061947912	0.333333343	0.333333343	None
  6.066667	0.00277604163	0.037490163	0.037490163	0.333333343	0.333333343	None
  6.10000038	0.0033942908	0.045706	0.045706	0.333333343	0.333333343	None
  6.13333368	0.00582310557	0.0778389	0.0778389	0.333333343	0.333333343	None
  6.20000029	0.0111433268	0.0688499138	0.0688499138	0.333333343	0.333333343	None
  6.23333359	0.0131735355	0.0346479155	0.0346479155	0.333333343	0.333333343	None
  6.266667	0.0134531856	0.025399426	0.025399426	0.333333343	0.333333343	None
  6.3	0.0148668289	0.0125903012	0.0125903012	0.333333343	0.333333343	None
  6.33333349	0.0142925382	-0.02711336	-0.02711336	0.333333343	0.333333343	None
  6.433334	0.0106493533	-0.0199113972	-0.0199113972	0.333333343	0.333333343	None
  6.466667	0.0104125887	-0.0139767816	-0.0139767816	0.333333343	0.333333343	None
  6.50000048	0.009717569	-0.05305191	-0.05305191	0.333333343	0.333333343	None
  6.533334	0.006875798	-0.0944543	-0.0944543	0.333333343	0.333333343	None
  6.566667	0.00342062116	-0.102432318	-0.102432318	0.333333343	0.333333343	None
  6.60000038	4.698336E-05	-0.105009481	-0.105009481	0.333333343	0.333333343	None
  6.63333368	-0.003580004	-0.109156847	-0.109156847	0.333333343	0.333333343	None
  6.666667	-0.007230133	-0.110332325	-0.110332325	0.333333343	0.333333343	None
  6.70000029	-0.0109354854	-0.10536018	-0.10536018	0.333333343	0.333333343	None
  6.83333349	-0.0233852416	-0.09338768	-0.09338768	0.333333343	0.333333343	None
  6.966667	-0.0350174755	-0.0720281154	-0.0720281154	0.333333343	0.333333343	None
  7.066667	-0.0397904366	-0.005974179	-0.005974179	0.333333343	0.333333343	None
  7.13333368	-0.0386802554	0.0160988569	0.0160988569	0.333333343	0.333333343	None
  7.266667	-0.03782335	0.0117766969	0.0117766969	0.333333343	0.333333343	None
  7.33333349	-0.0367603153	0.007933311	0.007933311	0.333333343	0.333333343	None
  7.36666727	-0.0367603153	0	0	0.333333343	0.333333343	None
FLOAT UnityEngine.Animator||RootQ.z discrete=False keys=78 pre=ClampForever post=ClampForever
  0	-0.0100442916	0.0002981722	0.0002981722	0.333333343	0.333333343	None
  0.166666672	-0.0108162016	-0.0109838676	-0.0109838676	0.333333343	0.333333343	None
  0.400000036	-0.0137649029	-0.016137505	-0.016137505	0.333333343	0.333333343	None
  0.6666667	-0.017639637	-0.0138448942	-0.0138448942	0.333333343	0.333333343	None
  0.7666667	-0.0191445649	-0.0277259722	-0.0277259722	0.333333343	0.333333343	None
  0.8000001	-0.0203588	-0.04920201	-0.04920201	0.333333343	0.333333343	None
  0.8333334	-0.0224246979	-0.112969466	-0.112969466	0.333333343	0.333333343	None
  0.900000036	-0.03534992	-0.226913333	-0.226913333	0.333333343	0.333333343	None
  0.9666667	-0.0546742678	-0.475970268	-0.475970268	0.333333343	0.333333343	None
  1.03333342	-0.102439925	-0.9502553	-0.9502553	0.333333343	0.333333343	None
  1.1	-0.171098784	-0.8160523	-0.8160523	0.333333343	0.333333343	None
  1.2	-0.2165787	-0.307826	-0.307826	0.333333343	0.333333343	None
  1.30000007	-0.2324947	0.0110904966	0.0110904966	0.333333343	0.333333343	None
  1.4333334	-0.2229219	0.163970739	0.163970739	0.333333343	0.333333343	None
  1.50000012	-0.204115212	0.408276916	0.408276916	0.333333343	0.333333343	None
  1.60000014	-0.164510131	0.156810984	0.156810984	0.333333343	0.333333343	None
  1.66666675	-0.169452041	-0.243036538	-0.243036538	0.333333343	0.333333343	None
  1.7	-0.179356158	-0.235568732	-0.235568732	0.333333343	0.333333343	None
  1.86666679	-0.1971044	-0.0730802938	-0.0730802938	0.333333343	0.333333343	None
  1.96666682	-0.197599828	0.0696671158	0.0696671158	0.333333343	0.333333343	None
  2.16666675	-0.184260026	0.135854691	0.135854691	0.333333343	0.333333343	None
  2.4	-0.151608646	0.07485606	0.07485606	0.333333343	0.333333343	None
  2.56666684	-0.141741142	0.104283273	0.104283273	0.333333343	0.333333343	None
  2.73333359	-0.117827922	0.159530446	0.159530446	0.333333343	0.333333343	None
  2.83333349	-0.0976502448	0.252551436	0.252551436	0.333333343	0.333333343	None
  2.9	-0.07977551	0.2388505	0.2388505	0.333333343	0.333333343	None
  3.06666684	-0.0553730726	0.08253746	0.08253746	0.333333343	0.333333343	None
  3.16666675	-0.0497070551	0.0388249	0.0388249	0.333333343	0.333333343	None
  3.266667	-0.04963711	-0.0361830331	-0.0361830331	0.333333343	0.333333343	None
  3.53333354	-0.0613867342	-0.01625733	-0.01625733	0.333333343	0.333333343	None
  3.70000029	-0.0605613	0.0259024836	0.0259024836	0.333333343	0.333333343	None
  3.80000019	-0.0555185378	0.07304914	0.07304914	0.333333343	0.333333343	None
  3.9	-0.04932165	0.04678476	0.04678476	0.333333343	0.333333343	None
  3.966667	-0.04607171	0.0542810149	0.0542810149	0.333333343	0.333333343	None
  4.033334	-0.0430008769	0.0347755179	0.0347755179	0.333333343	0.333333343	None
  4.066667	-0.04183796	0.056256704	0.056256704	0.333333343	0.333333343	None
  4.20000029	-0.02610904	0.1442699	0.1442699	0.333333343	0.333333343	None
  4.3	-0.0145097375	0.06843305	0.06843305	0.333333343	0.333333343	None
  4.33333349	-0.0129161179	0.03640074	0.03640074	0.333333343	0.333333343	None
  4.4333334	-0.0122520924	-0.0107932193	-0.0107932193	0.333333343	0.333333343	None
  4.5	-0.0127959847	0.00641305326	0.00641305326	0.333333343	0.333333343	None
  4.60000038	-0.009818062	0.04078772	0.04078772	0.333333343	0.333333343	None
  4.63333368	-0.008469492	0.0288728885	0.0288728885	0.333333343	0.333333343	None
  4.666667	-0.007893205	0.0137514751	0.0137514751	0.333333343	0.333333343	None
  4.70000029	-0.007552728	0.00270501012	0.00270501012	0.333333343	0.333333343	None
  4.8	-0.008756354	-0.0189960934	-0.0189960934	0.333333343	0.333333343	None
  4.866667	-0.0104672462	-0.0381694362	-0.0381694362	0.333333343	0.333333343	None
  5.00000048	-0.0171972811	-0.0423240736	-0.0423240736	0.333333343	0.333333343	None
  5.10000038	-0.0193419158	0.00213302858	0.00213302858	0.333333343	0.333333343	None
  5.166667	-0.018577069	0.01154558	0.01154558	0.333333343	0.333333343	None
  5.266667	-0.0174164772	0.017333122	0.017333122	0.333333343	0.333333343	None
  5.3	-0.0167206526	0.01608567	0.01608567	0.333333343	0.333333343	None
  5.366667	-0.01599875	0.01085357	0.01085357	0.333333343	0.333333343	None
  5.50000048	-0.0156770945	-0.011482995	-0.011482995	0.333333343	0.333333343	None
  5.63333368	-0.0184228718	-0.0269200169	-0.0269200169	0.333333343	0.333333343	None
  5.73333359	-0.02198185	-0.0363909081	-0.0363909081	0.333333343	0.333333343	None
  5.83333349	-0.02553469	-0.0287881773	-0.0287881773	0.333333343	0.333333343	None
  5.9	-0.0272211432	-0.0252528526	-0.0252528526	0.333333343	0.333333343	None
  6.066667	-0.0287576169	-0.00288203638	-0.00288203638	0.333333343	0.333333343	None
  6.10000038	-0.028883636	0.00575110875	0.00575110875	0.333333343	0.333333343	None
  6.166667	-0.0278398842	0.0176487286	0.0176487286	0.333333343	0.333333343	None
  6.23333359	-0.0262785852	0.0313235372	0.0313235372	0.333333343	0.333333343	None
  6.266667	-0.0251093954	0.05706338	0.05706338	0.333333343	0.333333343	None
  6.3	-0.0224743634	0.0780203938	0.0780203938	0.333333343	0.333333343	None
  6.366667	-0.0173727125	0.07223795	0.07223795	0.333333343	0.333333343	None
  6.40000057	-0.0150921494	0.0547738448	0.0547738448	0.333333343	0.333333343	None
  6.466667	-0.0131295472	0.0130675118	0.0130675118	0.333333343	0.333333343	None
  6.50000048	-0.0128499269	0.0119678043	0.0119678043	0.333333343	0.333333343	None
  6.60000038	-0.01135242	0.0132561605	0.0132561605	0.333333343	0.333333343	None
  6.63333368	-0.0109515488	0.006178474	0.006178474	0.333333343	0.333333343	None
  6.766667	-0.0115172565	-0.00414558174	-0.00414558174	0.333333343	0.333333343	None
  6.866667	-0.0113598853	0.001444139	0.001444139	0.333333343	0.333333343	None
  7.066667	-0.012234956	-0.008178286	-0.008178286	0.333333343	0.333333343	None
  7.13333368	-0.0125378221	0.003454018	0.003454018	0.333333343	0.333333343	None
  7.23333359	-0.0113788247	0.0133560728	0.0133560728	0.333333343	0.333333343	None
  7.3	-0.010504961	0.0133694839	0.0133694839	0.333333343	0.333333343	None
  7.33333349	-0.010044381	0.00690870639	0.00690870639	0.333333343	0.333333343	None
  7.36666727	-0.010044381	0	0	0.333333343	0.333333343	None
FLOAT UnityEngine.Animator||RootT.x discrete=False keys=68 pre=ClampForever post=ClampForever
  0	0.0210948456	-0.00272026262	-0.00272026262	0.333333343	0.333333343	None
  0.366666675	0.0229805261	0.014078714	0.014078714	0.333333343	0.333333343	None
  0.700000048	0.02951604	0.02450159	0.02450159	0.333333343	0.333333343	None
  0.7666667	0.0309549365	0.0212242752	0.0212242752	0.333333343	0.333333343	None
  0.866666734	0.037438564	0.15688172	0.15688172	0.333333343	0.333333343	None
  0.9666667	0.062910445	0.348575741	0.348575741	0.333333343	0.333333343	None
  1.1	0.120920464	0.438852847	0.438852847	0.333333343	0.333333343	None
  1.2	0.162703276	0.408581078	0.408581078	0.333333343	0.333333343	None
  1.4666667	0.2458077	0.257404923	0.257404923	0.333333343	0.333333343	None
  1.66666675	0.273810357	0.00592768751	0.00592768751	0.333333343	0.333333343	None
  2.16666675	0.2477589	-0.210255653	-0.210255653	0.333333343	0.333333343	None
  2.36666679	0.202356383	-0.210311532	-0.210311532	0.333333343	0.333333343	None
  2.66666675	0.107347056	-0.4467867	-0.4467867	0.333333343	0.333333343	None
  2.83333349	0.03712853	-0.328219056	-0.328219056	0.333333343	0.333333343	None
  2.9333334	0.012106508	-0.184805945	-0.184805945	0.333333343	0.333333343	None
  2.966667	0.006663479	-0.142127842	-0.142127842	0.333333343	0.333333343	None
  3.00000024	0.00263128779	-0.08659063	-0.08659063	0.333333343	0.333333343	None
  3.03333354	0.0008907754	-0.0304127224	-0.0304127224	0.333333343	0.333333343	None
  3.06666684	0.00060377497	0.002074487	0.002074487	0.333333343	0.333333343	None
  3.10000014	0.00102907442	0.025664635	0.025664635	0.333333343	0.333333343	None
  3.13333344	0.002314749	0.05052696	0.05052696	0.333333343	0.333333343	None
  3.23333359	0.0101130884	0.09324488	0.09324488	0.333333343	0.333333343	None
  3.266667	0.0133124739	0.10372442	0.10372442	0.333333343	0.333333343	None
  3.4333334	0.0328907929	0.107805058	0.107805058	0.333333343	0.333333343	None
  3.56666684	0.0428689644	0.0192518514	0.0192518514	0.333333343	0.333333343	None
  3.70000029	0.0384780057	-0.0748136342	-0.0748136342	0.333333343	0.333333343	None
  3.86666679	0.0142247155	-0.222327143	-0.222327143	0.333333343	0.333333343	None
  3.9	0.00626645423	-0.244922534	-0.244922534	0.333333343	0.333333343	None
  3.93333364	-0.002103497	-0.257823169	-0.257823169	0.333333343	0.333333343	None
  3.966667	-0.0109218	-0.274115026	-0.274115026	0.333333343	0.333333343	None
  4	-0.0203777477	-0.2774129	-0.2774129	0.333333343	0.333333343	None
  4.23333359	-0.06879817	-0.109732851	-0.109732851	0.333333343	0.333333343	None
  4.4	-0.07543391	0.04220337	0.04220337	0.333333343	0.333333343	None
  4.63333368	-0.04643742	0.172812879	0.172812879	0.333333343	0.333333343	None
  4.766667	-0.0214555785	0.198426664	0.198426664	0.333333343	0.333333343	None
  4.83333349	-0.008334221	0.186935246	0.186935246	0.333333343	0.333333343	None
  4.866667	-0.002274824	0.173681587	0.173681587	0.333333343	0.333333343	None
  4.9	0.00324453972	0.148220927	0.148220927	0.333333343	0.333333343	None
  4.9333334	0.007606561	0.119046494	0.119046494	0.333333343	0.333333343	None
  5.033334	0.0158845354	0.04248129	0.04248129	0.333333343	0.333333343	None
  5.20000029	0.0146958428	-0.03596805	-0.03596805	0.333333343	0.333333343	None
  5.33333349	0.009120793	-0.0391580537	-0.0391580537	0.333333343	0.333333343	None
  5.466667	0.00442241132	-0.030268399	-0.030268399	0.333333343	0.333333343	None
  5.50000048	0.00347338035	-0.0251209289	-0.0251209289	0.333333343	0.333333343	None
  5.566667	0.002191251	-0.01547759	-0.01547759	0.333333343	0.333333343	None
  5.63333368	0.00138600846	-0.00608173152	-0.00608173152	0.333333343	0.333333343	None
  5.666667	0.00131039752	-0.00190572185	-0.00190572185	0.333333343	0.333333343	None
  5.70000029	0.00125896046	0.00155576994	0.00155576994	0.333333343	0.333333343	None
  5.73333359	0.00141411542	0.00560621358	0.00560621358	0.333333343	0.333333343	None
  5.766667	0.00163270766	0.008573883	0.008573883	0.333333343	0.333333343	None
  5.83333349	0.002395719	0.0131641272	0.0131641272	0.333333343	0.333333343	None
  5.9	0.00344233215	0.01877833	0.01877833	0.333333343	0.333333343	None
  5.933334	0.004115212	0.0196339656	0.0196339656	0.333333343	0.333333343	None
  5.966667	0.00475127157	0.0192555487	0.0192555487	0.333333343	0.333333343	None
  6.00000048	0.00539891375	0.0235781688	0.0235781688	0.333333343	0.333333343	None
  6.066667	0.0071250787	0.0198041443	0.0198041443	0.333333343	0.333333343	None
  6.10000038	0.007643423	0.023337014	0.023337014	0.333333343	0.333333343	None
  6.13333368	0.008680878	0.0259487629	0.0259487629	0.333333343	0.333333343	None
  6.20000029	0.009970142	0.0154356807	0.0154356807	0.333333343	0.333333343	None
  6.23333359	0.0104023833	0.007002458	0.007002458	0.333333343	0.333333343	None
  6.266667	0.0104369717	0.0119906319	0.0119906319	0.333333343	0.333333343	None
  6.3	0.0112017579	0.01448059	0.01448059	0.333333343	0.333333343	None
  6.366667	0.0114366133	0.00369394664	0.00369394664	0.333333343	0.333333343	None
  6.533334	0.0132048493	0.008241737	0.008241737	0.333333343	0.333333343	None
  6.73333359	0.0145599525	0.00720626442	0.00720626442	0.333333343	0.333333343	None
  7.066667	0.0176562723	0.0130042564	0.0130042564	0.333333343	0.333333343	None
  7.3	0.0207437444	0.0117756631	0.0117756631	0.333333343	0.333333343	None
  7.36666727	0.0210946146	-1.11757217E-07	-1.11757217E-07	0.333333343	0.333333343	None
FLOAT UnityEngine.Animator||RootT.y discrete=False keys=15 pre=ClampForever post=ClampForever
  0	0.972923	-0.00113904465	-0.00113904465	0.333333343	0.333333343	None
  0.900000036	0.9665312	0.0204884838	0.0204884838	0.333333343	0.333333343	None
  1.1	0.9535596	-0.246031582	-0.246031582	0.333333343	0.333333343	None
  1.23333335	0.942279041	0.0568976775	0.0568976775	0.333333343	0.333333343	None
  1.53333342	0.945904434	-0.224448353	-0.224448353	0.333333343	0.333333343	None
  1.66666675	0.9402167	0.09132573	0.09132573	0.333333343	0.333333343	None
  1.96666682	0.9142501	0.05627381	0.05627381	0.333333343	0.333333343	None
  2.30000019	0.9440073	-0.0124731781	-0.0124731781	0.333333343	0.333333343	None
  2.60000014	0.943995237	-0.08686522	-0.08686522	0.333333343	0.333333343	None
  3.00000024	0.955950558	-0.007833846	-0.007833846	0.333333343	0.333333343	None
  3.53333354	0.964107454	0.015682891	0.015682891	0.333333343	0.333333343	None
  4.366667	0.9714307	-0.00609130226	-0.00609130226	0.333333343	0.333333343	None
  5.13333368	0.9623344	-0.0130409133	-0.0130409133	0.333333343	0.333333343	None
  6.10000038	0.960822344	0.00504792249	0.00504792249	0.333333343	0.333333343	None
  7.36666727	0.972923	0	0	0.333333343	0.333333343	None
FLOAT UnityEngine.Animator||RootT.z discrete=False keys=84 pre=ClampForever post=ClampForever
  0	-0.0105119916	-0.004379265	-0.004379265	0.333333343	0.333333343	None
  0.400000036	-0.0103055956	0.00694951741	0.00694951741	0.333333343	0.333333343	None
  0.6666667	-0.00697167357	0.0202394761	0.0202394761	0.333333343	0.333333343	None
  0.733333349	-0.00549834035	0.0212621111	0.0212621111	0.333333343	0.333333343	None
  0.7666667	-0.0048548677	0.0111194309	0.0111194309	0.333333343	0.333333343	None
  0.8000001	-0.00475704437	-0.0017122525	-0.0017122525	0.333333343	0.333333343	None
  0.866666734	-0.005786804	-0.03985305	-0.03985305	0.333333343	0.333333343	None
  0.900000036	-0.0076258867	-0.06721222	-0.06721222	0.333333343	0.333333343	None
  0.9666667	-0.01260069	-0.04962691	-0.04962691	0.333333343	0.333333343	None
  1.03333342	-0.0146103725	-0.0505015031	-0.0505015031	0.333333343	0.333333343	None
  1.06666672	-0.0169428438	-0.0841154456	-0.0841154456	0.333333343	0.333333343	None
  1.1	-0.0202180631	-0.07639384	-0.07639384	0.333333343	0.333333343	None
  1.13333344	-0.0220357683	-0.0303276423	-0.0303276423	0.333333343	0.333333343	None
  1.23333335	-0.020875141	0.0115777357	0.0115777357	0.333333343	0.333333343	None
  1.26666677	-0.0208206382	0.00717885233	0.00717885233	0.333333343	0.333333343	None
  1.33333337	-0.0195395183	0.0231655259	0.0231655259	0.333333343	0.333333343	None
  1.36666679	-0.0188521817	0.0284723639	0.0284723639	0.333333343	0.333333343	None
  1.4333334	-0.0161702111	0.0502304323	0.0502304323	0.333333343	0.333333343	None
  1.50000012	-0.0117438491	0.08276641	0.08276641	0.333333343	0.333333343	None
  1.53333342	-0.008774903	0.08247702	0.08247702	0.333333343	0.333333343	None
  1.56666672	-0.00624538632	0.05079243	0.05079243	0.333333343	0.333333343	None
  1.60000014	-0.005388741	-0.0036349725	-0.0036349725	0.333333343	0.333333343	None
  1.66666675	-0.009299526	-0.104279906	-0.104279906	0.333333343	0.333333343	None
  1.73333347	-0.0190871879	-0.187189162	-0.187189162	0.333333343	0.333333343	None
  1.80000007	-0.0333412327	-0.210877627	-0.210877627	0.333333343	0.333333343	None
  1.86666679	-0.047361698	-0.238816738	-0.238816738	0.333333343	0.333333343	None
  1.9333334	-0.06384914	-0.229900181	-0.229900181	0.333333343	0.333333343	None
  2.03333354	-0.08322708	-0.135550261	-0.135550261	0.333333343	0.333333343	None
  2.266667	-0.09763034	-0.0190688763	-0.0190688763	0.333333343	0.333333343	None
  2.60000014	-0.06520117	0.225002855	0.225002855	0.333333343	0.333333343	None
  2.66666675	-0.0496778525	0.23924461	0.23924461	0.333333343	0.333333343	None
  2.73333359	-0.0343741067	0.2039448	0.2039448	0.333333343	0.333333343	None
  2.83333349	-0.0169636384	0.141749412	0.141749412	0.333333343	0.333333343	None
  2.86666679	-0.0125895394	0.126241162	0.126241162	0.333333343	0.333333343	None
  2.9333334	-0.005113631	0.09226575	0.09226575	0.333333343	0.333333343	None
  2.966667	-0.00239650533	0.07209529	0.07209529	0.333333343	0.333333343	None
  3.00000024	-0.000307263632	0.0482901633	0.0482901633	0.333333343	0.333333343	None
  3.03333354	0.000822835951	0.0225650854	0.0225650854	0.333333343	0.333333343	None
  3.06666684	0.001197074	0.009184931	0.009184931	0.333333343	0.333333343	None
  3.10000014	0.00143516413	0.000417992	0.000417992	0.333333343	0.333333343	None
  3.13333344	0.00122494006	-0.0180469621	-0.0180469621	0.333333343	0.333333343	None
  3.16666675	0.000232034421	-0.0374243222	-0.0374243222	0.333333343	0.333333343	None
  3.20000029	-0.001270023	-0.0427764952	-0.0427764952	0.333333343	0.333333343	None
  3.23333359	-0.00261973985	-0.0352031328	-0.0352031328	0.333333343	0.333333343	None
  3.30000019	-0.004520774	-0.028630469	-0.028630469	0.333333343	0.333333343	None
  3.33333349	-0.00552559225	-0.039232485	-0.039232485	0.333333343	0.333333343	None
  3.36666679	-0.0071362704	-0.05743581	-0.05743581	0.333333343	0.333333343	None
  3.4333334	-0.0118193785	-0.07210262	-0.07210262	0.333333343	0.333333343	None
  3.466667	-0.0141614964	-0.07492131	-0.07492131	0.333333343	0.333333343	None
  3.56666684	-0.02206834	-0.07398978	-0.07398978	0.333333343	0.333333343	None
  3.70000029	-0.0316708572	-0.07349791	-0.07349791	0.333333343	0.333333343	None
  3.9	-0.0443158522	-0.0159314219	-0.0159314219	0.333333343	0.333333343	None
  3.966667	-0.043960426	0.0306011755	0.0306011755	0.333333343	0.333333343	None
  4.10000038	-0.0377457924	0.0383550674	0.0383550674	0.333333343	0.333333343	None
  4.166667	-0.0359300524	0.02233662	0.02233662	0.333333343	0.333333343	None
  4.3	-0.0347396843	0.00154350116	0.00154350116	0.333333343	0.333333343	None
  4.366667	-0.0349967219	0.008363806	0.008363806	0.333333343	0.333333343	None
  4.4	-0.0343183056	0.0141288843	0.0141288843	0.333333343	0.333333343	None
  4.4666667	-0.03326841	0.0346994363	0.0346994363	0.333333343	0.333333343	None
  4.566667	-0.0288467277	0.0357474834	0.0357474834	0.333333343	0.333333343	None
  4.83333349	-0.0253464784	-0.00403790176	-0.00403790176	0.333333343	0.333333343	None
  4.9333334	-0.0260474	-0.003250701	-0.003250701	0.333333343	0.333333343	None
  5.166667	-0.0265952144	0.00162329688	0.00162329688	0.333333343	0.333333343	None
  5.366667	-0.0255412217	0.0118306763	0.0118306763	0.333333343	0.333333343	None
  5.60000038	-0.02192134	0.0244093835	0.0244093835	0.333333343	0.333333343	None
  5.70000029	-0.0194060262	0.02538554	0.02538554	0.333333343	0.333333343	None
  5.9	-0.0166910682	0.006366579	0.006366579	0.333333343	0.333333343	None
  6.00000048	-0.01654032	-0.005895948	-0.005895948	0.333333343	0.333333343	None
  6.033334	-0.01688292	-0.00745389424	-0.00745389424	0.333333343	0.333333343	None
  6.066667	-0.0170372464	-0.008167893	-0.008167893	0.333333343	0.333333343	None
  6.10000038	-0.0174274463	-0.00496468972	-0.00496468972	0.333333343	0.333333343	None
  6.13333368	-0.0173682254	-0.00518977176	-0.00518977176	0.333333343	0.333333343	None
  6.23333359	-0.0187172275	-0.0100849755	-0.0100849755	0.333333343	0.333333343	None
  6.266667	-0.0188999455	-0.0149683058	-0.0149683058	0.333333343	0.333333343	None
  6.3	-0.0197151136	-0.0171165057	-0.0171165057	0.333333343	0.333333343	None
  6.366667	-0.0203670878	-0.009758319	-0.009758319	0.333333343	0.333333343	None
  6.63333368	-0.0221895017	0.00204158225	0.00204158225	0.333333343	0.333333343	None
  6.8	-0.0204215813	0.0122226989	0.0122226989	0.333333343	0.333333343	None
  7.033334	-0.0167156737	0.018475268	0.018475268	0.333333343	0.333333343	None
  7.13333368	-0.0142935412	0.029352013	0.029352013	0.333333343	0.333333343	None
  7.20000029	-0.012617196	0.01651351	0.01651351	0.333333343	0.333333343	None
  7.3	-0.0112132793	0.0192948654	0.0192948654	0.333333343	0.333333343	None
  7.33333349	-0.0105123632	0.0105136968	0.0105136968	0.333333343	0.333333343	None
  7.36666727	-0.0105123669	-1.11757217E-07	-1.11757217E-07	0.333333343	0.333333343	None
FLOAT UnityEngine.Animator||Spine Front-Back discrete=False keys=44 pre=ClampForever post=ClampForever
  0	-0.0898164138	-0.0111557534	-0.0111557534	0.333333343	0.333333343	None
  0.266666681	-0.109196439	-0.133960485	-0.133960485	0.333333343	0.333333343	None
  0.700000048	-0.184828877	-0.177509278	-0.177509278	0.333333343	0.333333343	None
  0.8333334	-0.213813886	-0.281150043	-0.281150043	0.333333343	0.333333343	None
  0.900000036	-0.228722617	-0.122646272	-0.122646272	0.333333343	0.333333343	None
  1	-0.240995422	-0.178416371	-0.178416371	0.333333343	0.333333343	None
  1.06666672	-0.250547856	-0.0381815061	-0.0381815061	0.333333343	0.333333343	None
  1.13333344	-0.252855033	-0.249743909	-0.249743909	0.333333343	0.333333343	None
  1.2	-0.277527034	-0.20831129	-0.20831129	0.333333343	0.333333343	None
  1.26666677	-0.2816904	-0.05386409	-0.05386409	0.333333343	0.333333343	None
  1.50000012	-0.285028726	0.00791116	0.00791116	0.333333343	0.333333343	None
  1.60000014	-0.292321563	-0.19609575	-0.19609575	0.333333343	0.333333343	None
  1.66666675	-0.305043936	-0.0299567282	-0.0299567282	0.333333343	0.333333343	None
  1.7	-0.3019314	0.0448130555	0.0448130555	0.333333343	0.333333343	None
  1.86666679	-0.3069069	-0.0397989973	-0.0397989973	0.333333343	0.333333343	None
  2.03333354	-0.294812351	0.104766816	0.104766816	0.333333343	0.333333343	None
  2.36666679	-0.263224959	0.0129318368	0.0129318368	0.333333343	0.333333343	None
  2.60000014	-0.251264542	0.119644739	0.119644739	0.333333343	0.333333343	None
  2.80000019	-0.232810929	0.100004472	0.100004472	0.333333343	0.333333343	None
  3.00000024	-0.219958887	0.11545334	0.11545334	0.333333343	0.333333343	None
  3.20000029	-0.199519753	0.09415351	0.09415351	0.333333343	0.333333343	None
  3.50000024	-0.181327015	0.0468557775	0.0468557775	0.333333343	0.333333343	None
  3.70000029	-0.175387517	0.0232871566	0.0232871566	0.333333343	0.333333343	None
  3.83333349	-0.167015776	0.067906	0.067906	0.333333343	0.333333343	None
  4.066667	-0.148506939	0.0370867178	0.0370867178	0.333333343	0.333333343	None
  4.3	-0.1406942	0.0569138452	0.0569138452	0.333333343	0.333333343	None
  4.566667	-0.125605673	0.0617665276	0.0617665276	0.333333343	0.333333343	None
  4.83333349	-0.115498073	0.0307393745	0.0307393745	0.333333343	0.333333343	None
  4.9666667	-0.11603611	-0.0417788625	-0.0417788625	0.333333343	0.333333343	None
  5.033334	-0.11765939	0.0247207135	0.0247207135	0.333333343	0.333333343	None
  5.10000038	-0.114215963	0.0385034829	0.0385034829	0.333333343	0.333333343	None
  5.3	-0.107953034	0.0337964259	0.0337964259	0.333333343	0.333333343	None
  5.50000048	-0.104389906	0.0419385023	0.0419385023	0.333333343	0.333333343	None
  5.8	-0.09446844	0.0423264131	0.0423264131	0.333333343	0.333333343	None
  5.9	-0.09091343	0.008859235	0.008859235	0.333333343	0.333333343	None
  5.966667	-0.09105402	0.0142510375	0.0142510375	0.333333343	0.333333343	None
  6.10000038	-0.09047951	0.00765939057	0.00765939057	0.333333343	0.333333343	None
  6.23333359	-0.09026974	0.0134146344	0.0134146344	0.333333343	0.333333343	None
  6.266667	-0.08956805	-0.00382259861	-0.00382259861	0.333333343	0.333333343	None
  6.3	-0.09052458	-0.0165847857	-0.0165847857	0.333333343	0.333333343	None
  6.70000029	-0.0940462947	-0.00334751164	-0.00334751164	0.333333343	0.333333343	None
  6.90000057	-0.09269073	0.0168414712	0.0168414712	0.333333343	0.333333343	None
  7.166667	-0.09092474	-0.004120548	-0.004120548	0.333333343	0.333333343	None
  7.36666727	-0.0898164138	0	0	0.333333343	0.333333343	None
FLOAT UnityEngine.Animator||Spine Left-Right discrete=False keys=165 pre=ClampForever post=ClampForever
  0	-0.009925245	0.000337986246	0.000337986246	0.333333343	0.333333343	None
  0.166666672	-0.008801401	0.0139689706	0.0139689706	0.333333343	0.333333343	None
  0.3	-0.006387413	0.0223776586	0.0223776586	0.333333343	0.333333343	None
  0.533333361	-0.000707030238	0.0280786827	0.0280786827	0.333333343	0.333333343	None
  0.5666667	0.0002561509	0.0279982425	0.0279982425	0.333333343	0.333333343	None
  0.6	0.00115951919	0.02642915	0.02642915	0.333333343	0.333333343	None
  0.6333334	0.002018094	0.0263527073	0.0263527073	0.333333343	0.333333343	None
  0.6666667	0.002916366	0.0260469355	0.0260469355	0.333333343	0.333333343	None
  0.700000048	0.00375455618	0.026517652	0.026517652	0.333333343	0.333333343	None
  0.733333349	0.00468420936	0.0343229063	0.0343229063	0.333333343	0.333333343	None
  0.7666667	0.00604275	0.03683743	0.03683743	0.333333343	0.333333343	None
  0.8000001	0.00714004	-0.0006196536	-0.0006196536	0.333333343	0.333333343	None
  0.8333334	0.00600144174	-0.0763383061	-0.0763383061	0.333333343	0.333333343	None
  0.866666734	0.00205081748	-0.0735582	-0.0735582	0.333333343	0.333333343	None
  0.900000036	0.00109755981	0.0432746746	0.0432746746	0.333333343	0.333333343	None
  0.9333334	0.0049358	0.134789065	0.134789065	0.333333343	0.333333343	None
  0.9666667	0.0100834956	0.19235082	0.19235082	0.333333343	0.333333343	None
  1.03333342	0.026235491	0.2332594	0.2332594	0.333333343	0.333333343	None
  1.06666672	0.0333098173	0.136716351	0.136716351	0.333333343	0.333333343	None
  1.1	0.0353499055	-0.00596644729	-0.00596644729	0.333333343	0.333333343	None
  1.13333344	0.0329120457	-0.0668955147	-0.0668955147	0.333333343	0.333333343	None
  1.2	0.029797459	-0.00571316574	-0.00571316574	0.333333343	0.333333343	None
  1.23333335	0.0305093229	0.0149868419	0.0149868419	0.333333343	0.333333343	None
  1.26666677	0.0307965819	-0.0128665846	-0.0128665846	0.333333343	0.333333343	None
  1.36666679	0.0248031933	-0.07354203	-0.07354203	0.333333343	0.333333343	None
  1.4333334	0.0194167774	-0.103045218	-0.103045218	0.333333343	0.333333343	None
  1.4666667	0.0155417928	-0.113191769	-0.113191769	0.333333343	0.333333343	None
  1.50000012	0.0118706534	-0.118772164	-0.118772164	0.333333343	0.333333343	None
  1.56666672	0.00332486583	-0.124171428	-0.124171428	0.333333343	0.333333343	None
  1.60000014	-0.000654459	-0.0871931	-0.0871931	0.333333343	0.333333343	None
  1.63333344	-0.00248801615	0.0144839641	0.0144839641	0.333333343	0.333333343	None
  1.66666675	0.000311137526	0.09703033	0.09703033	0.333333343	0.333333343	None
  1.7	0.003980666	0.06965159	0.06965159	0.333333343	0.333333343	None
  1.73333347	0.004954576	0.018575618	0.018575618	0.333333343	0.333333343	None
  1.76666677	0.00521904277	0.0005270336	0.0005270336	0.333333343	0.333333343	None
  1.80000007	0.00498971157	-0.026594121	-0.026594121	0.333333343	0.333333343	None
  1.83333337	0.003446103	-0.0436287448	-0.0436287448	0.333333343	0.333333343	None
  1.86666679	0.00208112644	-0.04064349	-0.04064349	0.333333343	0.333333343	None
  1.9000001	0.0007365347	-0.0220437627	-0.0220437627	0.333333343	0.333333343	None
  1.9333334	0.0006115436	-0.0201165248	-0.0201165248	0.333333343	0.333333343	None
  1.96666682	-0.0006045701	-0.0137757584	-0.0137757584	0.333333343	0.333333343	None
  2	-0.000306844828	0.015369013	0.015369013	0.333333343	0.333333343	None
  2.03333354	0.000420033961	0.024188105	0.024188105	0.333333343	0.333333343	None
  2.06666684	0.00130569923	0.0396377221	0.0396377221	0.333333343	0.333333343	None
  2.10000014	0.00306254625	0.0459221527	0.0459221527	0.333333343	0.333333343	None
  2.13333344	0.004367173	0.0386640653	0.0386640653	0.333333343	0.333333343	None
  2.2	0.006418794	0.008541502	0.008541502	0.333333343	0.333333343	None
  2.23333335	0.006209581	-0.0169541612	-0.0169541612	0.333333343	0.333333343	None
  2.266667	0.005288511	-0.01730822	-0.01730822	0.333333343	0.333333343	None
  2.30000019	0.00505569438	0.0127941575	0.0127941575	0.333333343	0.333333343	None
  2.33333349	0.006141454	0.03233944	0.03233944	0.333333343	0.333333343	None
  2.36666679	0.007211655	0.0191711057	0.0191711057	0.333333343	0.333333343	None
  2.4	0.00741952658	0.005741274	0.005741274	0.333333343	0.333333343	None
  2.4333334	0.007594406	0.0212471541	0.0212471541	0.333333343	0.333333343	None
  2.4666667	0.008836002	0.0503877923	0.0503877923	0.333333343	0.333333343	None
  2.50000024	0.0109536042	0.02882282	0.02882282	0.333333343	0.333333343	None
  2.53333354	0.0107575366	-0.0106215579	-0.0106215579	0.333333343	0.333333343	None
  2.56666684	0.0102455011	-0.009012245	-0.009012245	0.333333343	0.333333343	None
  2.60000014	0.0101567209	0.00400320068	0.00400320068	0.333333343	0.333333343	None
  2.63333344	0.0105123809	0.00992551	0.00992551	0.333333343	0.333333343	None
  2.66666675	0.0108184209	0.00767651759	0.00767651759	0.333333343	0.333333343	None
  2.7	0.0110241482	-0.0157310348	-0.0157310348	0.333333343	0.333333343	None
  2.73333359	0.009769677	-0.0289838836	-0.0289838836	0.333333343	0.333333343	None
  2.766667	0.009091882	-0.0105611933	-0.0105611933	0.333333343	0.333333343	None
  2.80000019	0.009065598	-0.009905379	-0.009905379	0.333333343	0.333333343	None
  2.86666679	0.00718134642	-0.0425827838	-0.0425827838	0.333333343	0.333333343	None
  2.9333334	0.004149913	-0.03611722	-0.03611722	0.333333343	0.333333343	None
  2.966667	0.00318485522	-0.0240754113	-0.0240754113	0.333333343	0.333333343	None
  3.00000024	0.00254488015	-0.0203781053	-0.0203781053	0.333333343	0.333333343	None
  3.03333354	0.00182631612	-0.000128746033	-0.000128746033	0.333333343	0.333333343	None
  3.06666684	0.002536297	0.0225667842	0.0225667842	0.333333343	0.333333343	None
  3.10000014	0.003330767	0.021267252	0.021267252	0.333333343	0.333333343	None
  3.13333344	0.00395411253	0.0191469714	0.0191469714	0.333333343	0.333333343	None
  3.16666675	0.00460723042	0.0135223363	0.0135223363	0.333333343	0.333333343	None
  3.20000029	0.00485560251	0.008300098	0.008300098	0.333333343	0.333333343	None
  3.266667	0.005582213	0.0132568236	0.0132568236	0.333333343	0.333333343	None
  3.30000019	0.006044359	0.004771647	0.004771647	0.333333343	0.333333343	None
  3.33333349	0.00590032246	-0.00288876286	-0.00288876286	0.333333343	0.333333343	None
  3.36666679	0.005851775	0.00667067431	0.00667067431	0.333333343	0.333333343	None
  3.4333334	0.006914466	0.009527188	0.009527188	0.333333343	0.333333343	None
  3.50000024	0.00694021629	-0.000583339133	-0.000583339133	0.333333343	0.333333343	None
  3.56666684	0.00697454857	0.000269520329	0.000269520329	0.333333343	0.333333343	None
  3.60000014	0.006959258	-0.011072183	-0.011072183	0.333333343	0.333333343	None
  3.63333344	0.00623640371	-0.02258689	-0.02258689	0.333333343	0.333333343	None
  3.66666675	0.005453467	-0.0119251115	-0.0119251115	0.333333343	0.333333343	None
  3.70000029	0.005441397	0.0173244	0.0173244	0.333333343	0.333333343	None
  3.73333359	0.00660842564	0.0281350724	0.0281350724	0.333333343	0.333333343	None
  3.766667	0.00731706666	0.0170790032	0.0170790032	0.333333343	0.333333343	None
  3.80000019	0.00774702476	0.005411341	0.005411341	0.333333343	0.333333343	None
  3.86666679	0.007582872	0.00292495172	0.00292495172	0.333333343	0.333333343	None
  3.9	0.007872819	0.004083711	0.004083711	0.333333343	0.333333343	None
  3.966667	0.007453322	-0.0199758988	-0.0199758988	0.333333343	0.333333343	None
  4	0.00652340055	-0.0147978421	-0.0147978421	0.333333343	0.333333343	None
  4.033334	0.006466806	-0.00285253371	-0.00285253371	0.333333343	0.333333343	None
  4.066667	0.006333231	-0.007853529	-0.007853529	0.333333343	0.333333343	None
  4.10000038	0.005943238	-0.00824778	-0.00824778	0.333333343	0.333333343	None
  4.166667	0.005630494	-0.004691188	-0.004691188	0.333333343	0.333333343	None
  4.23333359	0.00537541462	-0.000808686833	-0.000808686833	0.333333343	0.333333343	None
  4.266667	0.00541672157	-0.007817284	-0.007817284	0.333333343	0.333333343	None
  4.3	0.004854263	-0.0163869783	-0.0163869783	0.333333343	0.333333343	None
  4.366667	0.00401285244	-0.00542745553	-0.00542745553	0.333333343	0.333333343	None
  4.4	0.00396242738	-0.00731839333	-0.00731839333	0.333333343	0.333333343	None
  4.4333334	0.00352496	-0.009330098	-0.009330098	0.333333343	0.333333343	None
  4.4666667	0.00334042148	-0.0002454433	-0.0002454433	0.333333343	0.333333343	None
  4.5	0.00350859715	0.00345201744	0.00345201744	0.333333343	0.333333343	None
  4.533334	0.00357055664	-0.00339971972	-0.00339971972	0.333333343	0.333333343	None
  4.566667	0.00328195025	-0.008754739	-0.008754739	0.333333343	0.333333343	None
  4.63333368	0.00271815062	-0.006851713	-0.006851713	0.333333343	0.333333343	None
  4.666667	0.00253012753	0.000474747736	0.000474747736	0.333333343	0.333333343	None
  4.70000029	0.00274980045	0.000756383641	0.000756383641	0.333333343	0.333333343	None
  4.73333359	0.002580553	-0.00729829771	-0.00729829771	0.333333343	0.333333343	None
  4.766667	0.00226324773	-0.004123897	-0.004123897	0.333333343	0.333333343	None
  4.8	0.00230562687	0.006714913	0.006714913	0.333333343	0.333333343	None
  4.83333349	0.00271090819	0.003954921	0.003954921	0.333333343	0.333333343	None
  4.866667	0.002569288	0.0008046669	0.0008046669	0.333333343	0.333333343	None
  4.9	0.0027645526	0.0061315354	0.0061315354	0.333333343	0.333333343	None
  4.9333334	0.00297805667	0.00470728474	0.00470728474	0.333333343	0.333333343	None
  5.00000048	0.00318539166	0.006199902	0.006199902	0.333333343	0.333333343	None
  5.033334	0.00349169923	0.002401903	0.002401903	0.333333343	0.333333343	None
  5.066667	0.00334551837	-0.00499292975	-0.00499292975	0.333333343	0.333333343	None
  5.10000038	0.00315883756	-0.00414400967	-0.00414400967	0.333333343	0.333333343	None
  5.166667	0.00296759629	-0.005053276	-0.005053276	0.333333343	0.333333343	None
  5.20000029	0.00273236656	-0.00368537265	-0.00368537265	0.333333343	0.333333343	None
  5.23333359	0.002721905	0.00124722847	0.00124722847	0.333333343	0.333333343	None
  5.266667	0.002815515	-0.000132752	-0.000132752	0.333333343	0.333333343	None
  5.3	0.002713055	-0.001907056	-0.001907056	0.333333343	0.333333343	None
  5.366667	0.00263741636	-0.00228927447	-0.00228927447	0.333333343	0.333333343	None
  5.4	0.00253576	-0.001134579	-0.001134579	0.333333343	0.333333343	None
  5.50000048	0.003107071	0.0127257528	0.0127257528	0.333333343	0.333333343	None
  5.60000038	0.0046415627	0.0108267684	0.0108267684	0.333333343	0.333333343	None
  5.63333368	0.00489986	0.01153886	0.01153886	0.333333343	0.333333343	None
  5.666667	0.00541081931	0.0192274414	0.0192274414	0.333333343	0.333333343	None
  5.70000029	0.006181688	0.02144431	0.02144431	0.333333343	0.333333343	None
  5.766667	0.00735569047	0.0150512028	0.0150512028	0.333333343	0.333333343	None
  5.83333349	0.00853157	0.0238140151	0.0238140151	0.333333343	0.333333343	None
  5.933334	0.0110670626	0.0166564435	0.0166564435	0.333333343	0.333333343	None
  5.966667	0.0114919255	0.0133695118	0.0133695118	0.333333343	0.333333343	None
  6.00000048	0.0119583625	6.433111E-05	6.433111E-05	0.333333343	0.333333343	None
  6.033334	0.0114962142	-0.00756387832	-0.00756387832	0.333333343	0.333333343	None
  6.066667	0.0114541044	0.007547743	0.007547743	0.333333343	0.333333343	None
  6.10000038	0.0119993966	0.004743477	0.004743477	0.333333343	0.333333343	None
  6.166667	0.0113945594	-0.009724316	-0.009724316	0.333333343	0.333333343	None
  6.20000029	0.0111220488	-0.0119733922	-0.0119733922	0.333333343	0.333333343	None
  6.23333359	0.010596334	-0.0102232639	-0.0102232639	0.333333343	0.333333343	None
  6.266667	0.0104404986	-0.037107043	-0.037107043	0.333333343	0.333333343	None
  6.3	0.008122534	-0.0577506721	-0.0577506721	0.333333343	0.333333343	None
  6.33333349	0.00659045763	-0.0409734771	-0.0409734771	0.333333343	0.333333343	None
  6.366667	0.005390971	-0.0334214978	-0.0334214978	0.333333343	0.333333343	None
  6.40000057	0.004362345	-0.0270243771	-0.0270243771	0.333333343	0.333333343	None
  6.433334	0.0035893328	-0.0209212527	-0.0209212527	0.333333343	0.333333343	None
  6.466667	0.00296759629	-0.0215368178	-0.0215368178	0.333333343	0.333333343	None
  6.50000048	0.00215354632	-0.0212994479	-0.0212994479	0.333333343	0.333333343	None
  6.533334	0.00154763437	-0.01852336	-0.01852336	0.333333343	0.333333343	None
  6.566667	0.0009186568	-0.0206436329	-0.0206436329	0.333333343	0.333333343	None
  6.60000038	0.000171393418	-0.0219793841	-0.0219793841	0.333333343	0.333333343	None
  6.63333368	-0.0005466341	-0.0204424821	-0.0204424821	0.333333343	0.333333343	None
  6.666667	-0.00119143736	-0.0180003233	-0.0180003233	0.333333343	0.333333343	None
  6.766667	-0.00277286721	-0.0164151415	-0.0164151415	0.333333343	0.333333343	None
  6.866667	-0.00458818628	-0.0169702433	-0.0169702433	0.333333343	0.333333343	None
  7.033334	-0.006812274	-0.00950309	-0.00950309	0.333333343	0.333333343	None
  7.10000038	-0.007249475	-0.00251052924	-0.00251052924	0.333333343	0.333333343	None
  7.13333368	-0.00726073934	-0.00270367623	-0.00270367623	0.333333343	0.333333343	None
  7.20000029	-0.00769364741	-0.0123917758	-0.0123917758	0.333333343	0.333333343	None
  7.33333349	-0.009925245	-0.00652582059	-0.00652582059	0.333333343	0.333333343	None
  7.36666727	-0.009925245	0	0	0.333333343	0.333333343	None
FLOAT UnityEngine.Animator||Spine Twist Left-Right discrete=False keys=162 pre=ClampForever post=ClampForever
  0	0.004159838	7.24196361E-05	7.24196361E-05	0.333333343	0.333333343	None
  0.13333334	0.00405308651	-0.001589195	-0.001589195	0.333333343	0.333333343	None
  0.200000018	0.00398737146	0.0006517769	0.0006517769	0.333333343	0.333333343	None
  0.333333343	0.00412228564	-0.002128326	-0.002128326	0.333333343	0.333333343	None
  0.433333367	0.00370332669	-0.00271171355	-0.00271171355	0.333333343	0.333333343	None
  0.5666667	0.003701984	0.00140411872	0.00140411872	0.333333343	0.333333343	None
  0.6333334	0.00368803716	-0.00161335943	-0.00161335943	0.333333343	0.333333343	None
  0.733333349	0.00355955912	-0.0010903147	-0.0010903147	0.333333343	0.333333343	None
  0.7666667	0.00353166438	-0.006111405	-0.006111405	0.333333343	0.333333343	None
  0.8000001	0.0031521318	-0.0178594925	-0.0178594925	0.333333343	0.333333343	None
  0.8333334	0.002341032	-0.0299253985	-0.0299253985	0.333333343	0.333333343	None
  0.866666734	0.00115710509	0.000249471515	0.000249471515	0.333333343	0.333333343	None
  0.900000036	0.00235766126	0.0717316344	0.0717316344	0.333333343	0.333333343	None
  0.9333334	0.005939216	0.09977012	0.09977012	0.333333343	0.333333343	None
  0.9666667	0.009009003	0.1075513	0.1075513	0.333333343	0.333333343	None
  1	0.0131092956	0.1331152	0.1331152	0.333333343	0.333333343	None
  1.03333342	0.0178833585	0.11025475	0.11025475	0.333333343	0.333333343	None
  1.06666672	0.0204596221	0.0457209758	0.0457209758	0.333333343	0.333333343	None
  1.13333344	0.0206479151	-0.006795284	-0.006795284	0.333333343	0.333333343	None
  1.16666675	0.0204784013	-0.013051698	-0.013051698	0.333333343	0.333333343	None
  1.2	0.0197778028	0.0131561356	0.0131561356	0.333333343	0.333333343	None
  1.23333335	0.0213554762	0.028923694	0.028923694	0.333333343	0.333333343	None
  1.26666677	0.0217060484	-0.016736906	-0.016736906	0.333333343	0.333333343	None
  1.33333337	0.018156141	-0.060027875	-0.060027875	0.333333343	0.333333343	None
  1.4000001	0.0138206147	-0.099693805	-0.099693805	0.333333343	0.333333343	None
  1.4333334	0.009591576	-0.140848234	-0.140848234	0.333333343	0.333333343	None
  1.4666667	0.004430741	-0.136136726	-0.136136726	0.333333343	0.333333343	None
  1.50000012	0.0005157888	-0.083375	-0.083375	0.333333343	0.333333343	None
  1.53333342	-0.00112760079	-0.008348385	-0.008348385	0.333333343	0.333333343	None
  1.56666672	-4.07695625E-05	0.09236703	0.09236703	0.333333343	0.333333343	None
  1.60000014	0.005030214	0.135645866	0.135645866	0.333333343	0.333333343	None
  1.63333344	0.009002298	0.106963962	0.106963962	0.333333343	0.333333343	None
  1.66666675	0.0121611375	0.06833602	0.06833602	0.333333343	0.333333343	None
  1.7	0.0135580283	0.03542523	0.03542523	0.333333343	0.333333343	None
  1.73333347	0.0145228207	0.0239668787	0.0239668787	0.333333343	0.333333343	None
  1.76666677	0.015155822	0.0253870767	0.0253870767	0.333333343	0.333333343	None
  1.80000007	0.01621529	0.0120579377	0.0120579377	0.333333343	0.333333343	None
  1.86666679	0.0139085948	-0.102308884	-0.102308884	0.333333343	0.333333343	None
  1.9000001	0.009139091	-0.0988609642	-0.0988609642	0.333333343	0.333333343	None
  1.9333334	0.00731787039	-0.05545731	-0.05545731	0.333333343	0.333333343	None
  1.96666682	0.005441934	-0.0595732629	-0.0595732629	0.333333343	0.333333343	None
  2	0.0033463242	-0.07332477	-0.07332477	0.333333343	0.333333343	None
  2.03333354	0.000553608057	-0.0746483356	-0.0746483356	0.333333343	0.333333343	None
  2.06666684	-0.00163024676	-0.0244939551	-0.0244939551	0.333333343	0.333333343	None
  2.10000014	-0.00107932079	0.0224420652	0.0224420652	0.333333343	0.333333343	None
  2.13333344	-0.000134110465	0.03493044	0.03493044	0.333333343	0.333333343	None
  2.16666675	0.00124937308	0.0308387242	0.0308387242	0.333333343	0.333333343	None
  2.2	0.00192180253	0.00528261252	0.00528261252	0.333333343	0.333333343	None
  2.23333335	0.00160154689	-0.00704481639	-0.00704481639	0.333333343	0.333333343	None
  2.266667	0.0014521475	0.00506939739	0.00506939739	0.333333343	0.333333343	None
  2.30000019	0.00193950534	0.0237898827	0.0237898827	0.333333343	0.333333343	None
  2.33333349	0.00303813815	0.0382376164	0.0382376164	0.333333343	0.333333343	None
  2.36666679	0.00448867725	0.0480183065	0.0480183065	0.333333343	0.333333343	None
  2.4	0.00623935554	0.06335919	0.06335919	0.333333343	0.333333343	None
  2.4666667	0.01106116	0.05283411	0.05283411	0.333333343	0.333333343	None
  2.50000024	0.0122348983	-0.0145363454	-0.0145363454	0.333333343	0.333333343	None
  2.53333354	0.01009208	-0.07487801	-0.07487801	0.333333343	0.333333343	None
  2.56666684	0.00724303629	-0.08004391	-0.08004391	0.333333343	0.333333343	None
  2.60000014	0.00475582434	-0.06553983	-0.06553983	0.333333343	0.333333343	None
  2.63333344	0.00287371851	-0.05124499	-0.05124499	0.333333343	0.333333343	None
  2.66666675	0.00133949507	-0.020985622	-0.020985622	0.333333343	0.333333343	None
  2.7	0.0014746784	0.0121905841	0.0121905841	0.333333343	0.333333343	None
  2.73333359	0.00215220475	0.01757378	0.01757378	0.333333343	0.333333343	None
  2.766667	0.00264626741	0.00760003971	0.00760003971	0.333333343	0.333333343	None
  2.80000019	0.00265887356	-0.00537917158	-0.00537917158	0.333333343	0.333333343	None
  2.83333349	0.0022876563	-0.0124159548	-0.0124159548	0.333333343	0.333333343	None
  2.86666679	0.001831144	-0.0189216621	-0.0189216621	0.333333343	0.333333343	None
  2.9	0.0010262134	-0.006582144	-0.006582144	0.333333343	0.333333343	None
  2.9333334	0.00139233482	0.02984479	0.02984479	0.333333343	0.333333343	None
  2.966667	0.00301587582	0.0618623532	0.0618623532	0.333333343	0.333333343	None
  3.00000024	0.00551649928	0.0623171777	0.0623171777	0.333333343	0.333333343	None
  3.03333354	0.00717035029	0.0443007462	0.0443007462	0.333333343	0.333333343	None
  3.06666684	0.00846988	0.0344275236	0.0344275236	0.333333343	0.333333343	None
  3.10000014	0.009465517	0.01914698	0.01914698	0.333333343	0.333333343	None
  3.13333344	0.009746344	0.00446183141	0.00446183141	0.333333343	0.333333343	None
  3.16666675	0.009762972	-0.00727816951	-0.00727816951	0.333333343	0.333333343	None
  3.20000029	0.009261129	-0.008066656	-0.008066656	0.333333343	0.333333343	None
  3.23333359	0.009225192	0.00753969653	0.00753969653	0.333333343	0.333333343	None
  3.30000019	0.0105783641	0.0219110437	0.0219110437	0.333333343	0.333333343	None
  3.4	0.0120519688	0.0053067836	0.0053067836	0.333333343	0.333333343	None
  3.4333334	0.0120820124	-0.00734242843	-0.00734242843	0.333333343	0.333333343	None
  3.50000024	0.0109184654	-0.0165519826	-0.0165519826	0.333333343	0.333333343	None
  3.56666684	0.0102229733	-0.00492854975	-0.00492854975	0.333333343	0.333333343	None
  3.60000014	0.0101304362	-0.0158317685	-0.0158317685	0.333333343	0.333333343	None
  3.63333344	0.009167523	-0.0219472237	-0.0219472237	0.333333343	0.333333343	None
  3.66666675	0.008667289	-0.00424061343	-0.00424061343	0.333333343	0.333333343	None
  3.70000029	0.008884817	0.0263285525	0.0263285525	0.333333343	0.333333343	None
  3.73333359	0.0104225259	0.027962029	0.027962029	0.333333343	0.333333343	None
  3.80000019	0.0103353551	-0.010428411	-0.010428411	0.333333343	0.333333343	None
  3.83333349	0.0100537241	-0.00240189256	-0.00240189256	0.333333343	0.333333343	None
  3.86666679	0.0101752291	0.004932573	0.004932573	0.333333343	0.333333343	None
  3.9	0.0103825619	-0.00652977545	-0.00652977545	0.333333343	0.333333343	None
  3.93333364	0.00973990653	-0.0278372783	-0.0278372783	0.333333343	0.333333343	None
  3.966667	0.008526741	-0.0476483628	-0.0476483628	0.333333343	0.333333343	None
  4	0.006563366	-0.0340937227	-0.0340937227	0.333333343	0.333333343	None
  4.033334	0.00625383761	-0.006280339	-0.006280339	0.333333343	0.333333343	None
  4.066667	0.00614467263	-0.0170347113	-0.0170347113	0.333333343	0.333333343	None
  4.10000038	0.00511819124	-0.0155983949	-0.0155983949	0.333333343	0.333333343	None
  4.13333368	0.00510478066	0.0227960888	0.0227960888	0.333333343	0.333333343	None
  4.166667	0.006637929	0.0548056364	0.0548056364	0.333333343	0.333333343	None
  4.20000029	0.008758486	0.0592876449	0.0592876449	0.333333343	0.333333343	None
  4.266667	0.0119701643	0.03023523	0.03023523	0.333333343	0.333333343	None
  4.3	0.0126061151	0.0215408541	0.0215408541	0.333333343	0.333333343	None
  4.366667	0.0138949146	0.0107703367	0.0107703367	0.333333343	0.333333343	None
  4.4	0.0141242417	-0.00585797848	-0.00585797848	0.333333343	0.333333343	None
  4.4333334	0.0135043832	-0.0135988	-0.0135988	0.333333343	0.333333343	None
  4.4666667	0.0132176559	-0.0138482451	-0.0138482451	0.333333343	0.333333343	None
  4.5	0.0125811677	-0.01732826	-0.01732826	0.333333343	0.333333343	None
  4.533334	0.0120624322	-0.0144636873	-0.0144636873	0.333333343	0.333333343	None
  4.566667	0.0116169155	-0.00393486	-0.00393486	0.333333343	0.333333343	None
  4.60000038	0.0118001085	0.0122429691	0.0122429691	0.333333343	0.333333343	None
  4.63333368	0.0124331126	0.01467308	0.01467308	0.333333343	0.333333343	None
  4.666667	0.0127783129	0.0117681613	0.0117681613	0.333333343	0.333333343	None
  4.70000029	0.0132176559	-0.00141624967	-0.00141624967	0.333333343	0.333333343	None
  4.73333359	0.0126838963	-0.014242515	-0.014242515	0.333333343	0.333333343	None
  4.766667	0.0122681558	-0.00809891	-0.00809891	0.333333343	0.333333343	None
  4.8	0.01214397	-0.009406543	-0.009406543	0.333333343	0.333333343	None
  4.866667	0.0113065848	6.03636727E-05	6.03636727E-05	0.333333343	0.333333343	None
  4.9	0.0116450777	0.004437733	0.004437733	0.333333343	0.333333343	None
  4.9333334	0.0116024334	-0.0133292507	-0.0133292507	0.333333343	0.333333343	None
  4.9666667	0.0107564619	-0.0203217082	-0.0203217082	0.333333343	0.333333343	None
  5.00000048	0.0102476468	-0.00428070035	-0.00428070035	0.333333343	0.333333343	None
  5.033334	0.0104710748	0.00301750214	0.00301750214	0.333333343	0.333333343	None
  5.066667	0.0104488134	-0.002751935	-0.002751935	0.333333343	0.333333343	None
  5.10000038	0.0102876127	0.00142826373	0.00142826373	0.333333343	0.333333343	None
  5.166667	0.0108146677	0.00399514	0.00399514	0.333333343	0.333333343	None
  5.23333359	0.01077953	0.000700057251	0.000700057251	0.333333343	0.333333343	None
  5.266667	0.0108570438	-0.001774255	-0.001774255	0.333333343	0.333333343	None
  5.366667	0.0100596249	-0.00492458232	-0.00492458232	0.333333343	0.333333343	None
  5.4333334	0.0101014655	0.00226918026	0.00226918026	0.333333343	0.333333343	None
  5.50000048	0.01040402	0.008034551	0.008034551	0.333333343	0.333333343	None
  5.566667	0.01068753	-0.00422044564	-0.00422044564	0.333333343	0.333333343	None
  5.63333368	0.010250329	-0.0015650983	-0.0015650983	0.333333343	0.333333343	None
  5.73333359	0.0105802426	-0.00217259116	-0.00217259116	0.333333343	0.333333343	None
  5.83333349	0.0105139939	0.0160208922	0.0160208922	0.333333343	0.333333343	None
  5.9	0.0124172885	0.0278974846	0.0278974846	0.333333343	0.333333343	None
  5.966667	0.0138187418	0.0180647224	0.0180647224	0.333333343	0.333333343	None
  6.00000048	0.0144182164	0.004514134	0.004514134	0.333333343	0.333333343	None
  6.033334	0.0141196838	-0.0006116	-0.0006116	0.333333343	0.333333343	None
  6.066667	0.0143774431	0.01949701	0.01949701	0.333333343	0.333333343	None
  6.13333368	0.016350206	0.0192555971	0.0192555971	0.333333343	0.333333343	None
  6.166667	0.0167031884	0.0136351064	0.0136351064	0.333333343	0.333333343	None
  6.20000029	0.0172592122	0.0113175921	0.0113175921	0.333333343	0.333333343	None
  6.23333359	0.0174576938	0.0126371561	0.0126371561	0.333333343	0.333333343	None
  6.266667	0.0181016885	-0.0141620487	-0.0141620487	0.333333343	0.333333343	None
  6.3	0.0165135581	-0.0325446129	-0.0325446129	0.333333343	0.333333343	None
  6.366667	0.0156268217	-0.0143428613	-0.0143428613	0.333333343	0.333333343	None
  6.40000057	0.0149758505	-0.0114382077	-0.0114382077	0.333333343	0.333333343	None
  6.466667	0.0146647086	-0.0168657042	-0.0168657042	0.333333343	0.333333343	None
  6.50000048	0.0137398867	-0.0235243365	-0.0235243365	0.333333343	0.333333343	None
  6.666667	0.0106446138	-0.0233996138	-0.0233996138	0.333333343	0.333333343	None
  6.73333359	0.009058624	-0.0197343864	-0.0197343864	0.333333343	0.333333343	None
  6.866667	0.007058232	-0.0153327379	-0.0153327379	0.333333343	0.333333343	None
  6.966667	0.00551703572	-0.0144316461	-0.0144316461	0.333333343	0.333333343	None
  7.033334	0.004766017	-0.00310195656	-0.00310195656	0.333333343	0.333333343	None
  7.10000038	0.005170226	0.0118768327	0.0118768327	0.333333343	0.333333343	None
  7.13333368	0.005615741	0.0104083223	0.0104083223	0.333333343	0.333333343	None
  7.166667	0.00586411357	0.008227684	0.008227684	0.333333343	0.333333343	None
  7.20000029	0.00616425276	0.00137595343	0.00137595343	0.333333343	0.333333343	None
  7.3	0.004738391	-0.0187245253	-0.0187245253	0.333333343	0.333333343	None
  7.33333349	0.004159838	-0.008678302	-0.008678302	0.333333343	0.333333343	None
  7.36666727	0.004159838	0	0	0.333333343	0.333333343	None
FLOAT UnityEngine.Animator||UpperChest Front-Back discrete=False keys=69 pre=ClampForever post=ClampForever
  0	-0.128417715	0.00386059261	0.00386059261	0.333333343	0.333333343	None
  0.400000036	-0.116330631	0.043934457	0.043934457	0.333333343	0.333333343	None
  0.6666667	-0.106406525	0.0549415946	0.0549415946	0.333333343	0.333333343	None
  0.7666667	-0.103957064	-0.06739804	-0.06739804	0.333333343	0.333333343	None
  0.8000001	-0.1077143	-0.273247957	-0.273247957	0.333333343	0.333333343	None
  0.8333334	-0.122173585	-0.4797561	-0.4797561	0.333333343	0.333333343	None
  0.866666734	-0.139698043	-0.2919311	-0.2919311	0.333333343	0.333333343	None
  0.9666667	-0.1366671	-0.152048528	-0.152048528	0.333333343	0.333333343	None
  1	-0.147329435	-0.3933189	-0.3933189	0.333333343	0.333333343	None
  1.03333342	-0.1628884	-0.357028127	-0.357028127	0.333333343	0.333333343	None
  1.06666672	-0.171131343	-0.104735	-0.104735	0.333333343	0.333333343	None
  1.1	-0.169870719	-0.330071479	-0.330071479	0.333333343	0.333333343	None
  1.13333344	-0.193136171	-1.3172965	-1.3172965	0.333333343	0.333333343	None
  1.16666675	-0.2576905	-1.80256033	-1.80256033	0.333333343	0.333333343	None
  1.2	-0.313306749	-1.14886808	-1.14886808	0.333333343	0.333333343	None
  1.23333335	-0.334281623	-0.449611485	-0.449611485	0.333333343	0.333333343	None
  1.36666679	-0.347964048	-0.0649850443	-0.0649850443	0.333333343	0.333333343	None
  1.4333334	-0.350959539	0.0505990274	0.0505990274	0.333333343	0.333333343	None
  1.53333342	-0.350425243	-0.143762067	-0.143762067	0.333333343	0.333333343	None
  1.60000014	-0.381706238	-0.83918184	-0.83918184	0.333333343	0.333333343	None
  1.66666675	-0.440135568	-0.267902851	-0.267902851	0.333333343	0.333333343	None
  1.7	-0.4323902	-0.0341784433	-0.0341784433	0.333333343	0.333333343	None
  1.76666677	-0.454964876	-0.35552	-0.35552	0.333333343	0.333333343	None
  1.86666679	-0.487732857	-0.229007527	-0.229007527	0.333333343	0.333333343	None
  2.06666684	-0.43045488	0.419697255	0.419697255	0.333333343	0.333333343	None
  2.266667	-0.3612818	0.175931752	0.175931752	0.333333343	0.333333343	None
  2.4	-0.370315373	-0.21202749	-0.21202749	0.333333343	0.333333343	None
  2.4666667	-0.381231964	-0.0178160034	-0.0178160034	0.333333343	0.333333343	None
  2.60000014	-0.3576479	0.3545356	0.3545356	0.333333343	0.333333343	None
  2.63333344	-0.3448333	0.267615438	0.267615438	0.333333343	0.333333343	None
  2.766667	-0.328949332	0.183254063	0.183254063	0.333333343	0.333333343	None
  2.86666679	-0.308790863	-0.0318816639	-0.0318816639	0.333333343	0.333333343	None
  2.9	-0.314889222	-0.09364718	-0.09364718	0.333333343	0.333333343	None
  3.00000024	-0.309064478	0.216471016	0.216471016	0.333333343	0.333333343	None
  3.03333354	-0.299353778	0.219527841	0.219527841	0.333333343	0.333333343	None
  3.16666675	-0.279764056	0.1978012	0.1978012	0.333333343	0.333333343	None
  3.266667	-0.269282043	-0.0170597583	-0.0170597583	0.333333343	0.333333343	None
  3.466667	-0.272083282	0.019102674	0.019102674	0.333333343	0.333333343	None
  3.53333354	-0.273499459	-0.101679072	-0.101679072	0.333333343	0.333333343	None
  3.66666675	-0.2917739	-0.148410767	-0.148410767	0.333333343	0.333333343	None
  3.73333359	-0.297926933	0.0281462334	0.0281462334	0.333333343	0.333333343	None
  3.83333349	-0.288258135	0.09113529	0.09113529	0.333333343	0.333333343	None
  3.966667	-0.264185756	0.205334231	0.205334231	0.333333343	0.333333343	None
  4.10000038	-0.262485266	-0.165937245	-0.165937245	0.333333343	0.333333343	None
  4.266667	-0.288848162	-0.0004979968	-0.0004979968	0.333333343	0.333333343	None
  4.4333334	-0.2719878	0.0568405353	0.0568405353	0.333333343	0.333333343	None
  4.5	-0.269584566	0.09443358	0.09443358	0.333333343	0.333333343	None
  4.73333359	-0.258612156	-0.0430977754	-0.0430977754	0.333333343	0.333333343	None
  4.83333349	-0.2625175	-0.02573269	-0.02573269	0.333333343	0.333333343	None
  4.9666667	-0.283765882	-0.353468984	-0.353468984	0.333333343	0.333333343	None
  5.033334	-0.303646535	-0.0689592138	-0.0689592138	0.333333343	0.333333343	None
  5.066667	-0.3009374	0.0595138036	0.0595138036	0.333333343	0.333333343	None
  5.3	-0.2879223	0.06614334	0.06614334	0.333333343	0.333333343	None
  5.466667	-0.2889544	0.07005375	0.07005375	0.333333343	0.333333343	None
  5.63333368	-0.273169041	0.04559134	0.04559134	0.333333343	0.333333343	None
  5.83333349	-0.255314052	0.1318678	0.1318678	0.333333343	0.333333343	None
  5.966667	-0.24138166	0.03131795	0.03131795	0.333333343	0.333333343	None
  6.10000038	-0.2407207	0.016253978	0.016253978	0.333333343	0.333333343	None
  6.13333368	-0.239125341	-0.00843332	-0.00843332	0.333333343	0.333333343	None
  6.20000029	-0.240439609	0.0530270971	0.0530270971	0.333333343	0.333333343	None
  6.266667	-0.232978866	0.0859385058	0.0859385058	0.333333343	0.333333343	None
  6.33333349	-0.229926422	0.0491969	0.0491969	0.333333343	0.333333343	None
  6.50000048	-0.2202533	0.104107589	0.104107589	0.333333343	0.333333343	None
  6.766667	-0.192162022	0.112942785	0.112942785	0.333333343	0.333333343	None
  7.00000048	-0.154915839	0.132303447	0.132303447	0.333333343	0.333333343	None
  7.10000038	-0.145711556	0.0268918537	0.0268918537	0.333333343	0.333333343	None
  7.20000029	-0.142692417	0.0847310647	0.0847310647	0.333333343	0.333333343	None
  7.33333349	-0.128417715	0.0377550349	0.0377550349	0.333333343	0.333333343	None
  7.36666727	-0.128417715	0	0	0.333333343	0.333333343	None
FLOAT UnityEngine.Animator||UpperChest Left-Right discrete=False keys=172 pre=ClampForever post=ClampForever
  0	0.0175336022	-0.00288063637	-0.00288063637	0.333333343	0.333333343	None
  0.166666672	0.0185083169	0.0132125318	0.0132125318	0.333333343	0.333333343	None
  0.333333343	0.0206251182	0.0195131283	0.0195131283	0.333333343	0.333333343	None
  0.4666667	0.0234017354	0.0163185671	0.0163185671	0.333333343	0.333333343	None
  0.6333334	0.0263623521	0.02469502	0.02469502	0.333333343	0.333333343	None
  0.6666667	0.0273365341	0.02549186	0.02549186	0.333333343	0.333333343	None
  0.733333349	0.0291271843	0.0552239567	0.0552239567	0.333333343	0.333333343	None
  0.7666667	0.0317434072	0.08376531	0.08376531	0.333333343	0.333333343	None
  0.8000001	0.0347115435	-0.00466712937	-0.00466712937	0.333333343	0.333333343	None
  0.8333334	0.03143227	-0.258353	-0.258353	0.333333343	0.333333343	None
  0.866666734	0.0174880028	-0.35607928	-0.35607928	0.333333343	0.333333343	None
  0.900000036	0.007693648	-0.03827002	-0.03827002	0.333333343	0.333333343	None
  0.9333334	0.0149366828	0.3814586	0.3814586	0.333333343	0.333333343	None
  0.9666667	0.03312421	0.6880437	0.6880437	0.333333343	0.333333343	None
  1	0.06080622	0.880871356	0.880871356	0.333333343	0.333333343	None
  1.03333342	0.09184902	0.930953741	0.930953741	0.333333343	0.333333343	None
  1.06666672	0.122869857	0.630607	0.630607	0.333333343	0.333333343	None
  1.1	0.133889452	0.004216671	0.004216671	0.333333343	0.333333343	None
  1.13333344	0.12315093	-0.32287097	-0.32287097	0.333333343	0.333333343	None
  1.16666675	0.1123647	-0.2512402	-0.2512402	0.333333343	0.333333343	None
  1.2	0.1064016	-0.173163682	-0.173163682	0.333333343	0.333333343	None
  1.23333335	0.100820467	-0.121857762	-0.121857762	0.333333343	0.333333343	None
  1.30000007	0.0949555561	-0.166348085	-0.166348085	0.333333343	0.333333343	None
  1.4000001	0.0717818141	-0.1471326	-0.1471326	0.333333343	0.333333343	None
  1.4333334	0.0686313	-0.1203534	-0.1203534	0.333333343	0.333333343	None
  1.4666667	0.06375826	-0.177685469	-0.177685469	0.333333343	0.333333343	None
  1.50000012	0.0567855872	-0.338602245	-0.338602245	0.333333343	0.333333343	None
  1.53333342	0.0411847755	-0.6382752	-0.6382752	0.333333343	0.333333343	None
  1.56666672	0.0142339477	-0.9526391	-0.9526391	0.333333343	0.333333343	None
  1.60000014	-0.0223245639	-0.9085916	-0.9085916	0.333333343	0.333333343	None
  1.63333344	-0.0463389	-0.3836958	-0.3836958	0.333333343	0.333333343	None
  1.66666675	-0.04790426	0.2252091	0.2252091	0.333333343	0.333333343	None
  1.7	-0.0313249752	0.316844225	0.316844225	0.333333343	0.333333343	None
  1.73333347	-0.0267813168	0.0830731	0.0830731	0.333333343	0.333333343	None
  1.76666677	-0.0257867575	-0.03992743	-0.03992743	0.333333343	0.333333343	None
  1.80000007	-0.0294431429	-0.139190748	-0.139190748	0.333333343	0.333333343	None
  1.83333337	-0.03506613	-0.103640556	-0.103640556	0.333333343	0.333333343	None
  1.86666679	-0.03635251	0.07937213	0.07937213	0.333333343	0.333333343	None
  1.9000001	-0.0297746658	0.155267835	0.155267835	0.333333343	0.333333343	None
  1.9333334	-0.0260013323	0.111477941	0.111477941	0.333333343	0.333333343	None
  1.96666682	-0.0223427974	0.204513565	0.204513565	0.333333343	0.333333343	None
  2	-0.01236713	0.347259641	0.347259641	0.333333343	0.333333343	None
  2.03333354	0.000807881239	0.386357725	0.386357725	0.333333343	0.333333343	None
  2.06666684	0.013390122	0.2845531	0.2845531	0.333333343	0.333333343	None
  2.10000014	0.019778071	0.156378269	0.156378269	0.333333343	0.333333343	None
  2.13333344	0.02381533	0.08765205	0.08765205	0.333333343	0.333333343	None
  2.16666675	0.0256215353	0.041834455	0.041834455	0.333333343	0.333333343	None
  2.23333335	0.0254289526	-0.08913198	-0.08913198	0.333333343	0.333333343	None
  2.266667	0.02066213	-0.139375269	-0.139375269	0.333333343	0.333333343	None
  2.30000019	0.0161372423	-0.0614521466	-0.0614521466	0.333333343	0.333333343	None
  2.33333349	0.0165653247	0.0125125442	0.0125125442	0.333333343	0.333333343	None
  2.36666679	0.0169714112	-0.05814506	-0.05814506	0.333333343	0.333333343	None
  2.4	0.0126889907	-0.173630342	-0.173630342	0.333333343	0.333333343	None
  2.4333334	0.005396066	-0.161954552	-0.161954552	0.333333343	0.333333343	None
  2.4666667	0.00189203082	0.027518943	0.027518943	0.333333343	0.333333343	None
  2.50000024	0.0072306986	0.1680212	0.1680212	0.333333343	0.333333343	None
  2.53333354	0.0130934715	0.217420042	0.217420042	0.333333343	0.333333343	None
  2.60000014	0.0319536924	0.309336752	0.309336752	0.333333343	0.333333343	None
  2.63333344	0.0423477851	0.314864755	0.314864755	0.333333343	0.333333343	None
  2.66666675	0.0529446565	0.206774309	0.206774309	0.333333343	0.333333343	None
  2.7	0.0561327264	-0.05787042	-0.05787042	0.333333343	0.333333343	None
  2.73333359	0.0490865819	-0.218915939	-0.218915939	0.333333343	0.333333343	None
  2.766667	0.0415382944	-0.171063513	-0.171063513	0.333333343	0.333333343	None
  2.83333349	0.0348166823	-0.105901815	-0.105901815	0.333333343	0.333333343	None
  2.86666679	0.0306222439	-0.1343466	-0.1343466	0.333333343	0.333333343	None
  2.9	0.02586025	-0.2085205	-0.2085205	0.333333343	0.333333343	None
  2.9333334	0.016720891	-0.306133032	-0.306133032	0.333333343	0.333333343	None
  2.966667	0.005451321	-0.35728547	-0.35728547	0.333333343	0.333333343	None
  3.00000024	-0.007098199	-0.330378741	-0.330378741	0.333333343	0.333333343	None
  3.03333354	-0.0165739078	-0.17923069	-0.17923069	0.333333343	0.333333343	None
  3.06666684	-0.0190469	-0.03495455	-0.03495455	0.333333343	0.333333343	None
  3.10000014	-0.01890421	0.05309171	0.05309171	0.333333343	0.333333343	None
  3.13333344	-0.0155074568	0.1130874	0.1130874	0.333333343	0.333333343	None
  3.16666675	-0.011365056	0.121391073	0.121391073	0.333333343	0.333333343	None
  3.20000029	-0.007414698	0.0821879059	0.0821879059	0.333333343	0.333333343	None
  3.23333359	-0.00588583946	0.0290161651	0.0290161651	0.333333343	0.333333343	None
  3.266667	-0.005480289	-0.008529412	-0.008529412	0.333333343	0.333333343	None
  3.30000019	-0.00645446638	-0.06543523	-0.06543523	0.333333343	0.333333343	None
  3.33333349	-0.009842633	-0.09116837	-0.09116837	0.333333343	0.333333343	None
  3.36666679	-0.0125323515	-0.0329428948	-0.0329428948	0.333333343	0.333333343	None
  3.4	-0.0120388241	0.0443047024	0.0443047024	0.333333343	0.333333343	None
  3.4333334	-0.009578708	0.0703917	0.0703917	0.333333343	0.333333343	None
  3.466667	-0.00734603265	0.06530628	0.06530628	0.333333343	0.333333343	None
  3.50000024	-0.00522494363	0.04150451	0.04150451	0.333333343	0.333333343	None
  3.53333354	-0.004579068	-0.0111204218	-0.0111204218	0.333333343	0.333333343	None
  3.56666684	-0.00596630434	-0.0593519621	-0.0593519621	0.333333343	0.333333343	None
  3.60000014	-0.008535862	-0.0709874	-0.0709874	0.333333343	0.333333343	None
  3.63333344	-0.0106987935	-0.07761784	-0.07761784	0.333333343	0.333333343	None
  3.66666675	-0.01371038	-0.0491487868	-0.0491487868	0.333333343	0.333333343	None
  3.70000029	-0.0139753781	0.0171876531	0.0171876531	0.333333343	0.333333343	None
  3.73333359	-0.012564539	0.09311561	0.09311561	0.333333343	0.333333343	None
  3.766667	-0.00776767638	0.1496352	0.1496352	0.333333343	0.333333343	None
  3.80000019	-0.00258886861	0.1064087	0.1064087	0.333333343	0.333333343	None
  3.83333349	-0.00067377	0.0240916349	0.0240916349	0.333333343	0.333333343	None
  3.86666679	-0.0009827612	0.00228522951	0.00228522951	0.333333343	0.333333343	None
  3.9	-0.0005214215	0.0359601974	0.0359601974	0.333333343	0.333333343	None
  3.93333364	0.001414597	0.0668109953	0.0668109953	0.333333343	0.333333343	None
  3.966667	0.00393265439	0.09149864	0.09149864	0.333333343	0.333333343	None
  4	0.007514475	0.05907872	0.05907872	0.333333343	0.333333343	None
  4.033334	0.00787121151	0.00641311938	0.00641311938	0.333333343	0.333333343	None
  4.066667	0.007942021	0.0325245	0.0325245	0.333333343	0.333333343	None
  4.10000038	0.0100395093	0.04266323	0.04266323	0.333333343	0.333333343	None
  4.13333368	0.0107862335	-0.0478533581	-0.0478533581	0.333333343	0.333333343	None
  4.166667	0.00684928847	-0.15155834	-0.15155834	0.333333343	0.333333343	None
  4.20000029	0.0006823538	-0.161866084	-0.161866084	0.333333343	0.333333343	None
  4.23333359	-0.00394177344	-0.124883756	-0.124883756	0.333333343	0.333333343	None
  4.266667	-0.007643222	-0.1282151	-0.1282151	0.333333343	0.333333343	None
  4.3	-0.012489439	-0.163346678	-0.163346678	0.333333343	0.333333343	None
  4.33333349	-0.01853299	-0.148830488	-0.148830488	0.333333343	0.333333343	None
  4.4	-0.0245647468	-0.0478292778	-0.0478292778	0.333333343	0.333333343	None
  4.4333334	-0.0256000776	-0.0292736571	-0.0292736571	0.333333343	0.333333343	None
  4.4666667	-0.026516322	0.0264573917	0.0264573917	0.333333343	0.333333343	None
  4.5	-0.0238362532	0.07457575	0.07457575	0.333333343	0.333333343	None
  4.566667	-0.0208589975	-0.0132929282	-0.0132929282	0.333333343	0.333333343	None
  4.60000038	-0.022430772	-0.069877	-0.069877	0.333333343	0.333333343	None
  4.666667	-0.0283777714	-0.0474429578	-0.0474429578	0.333333343	0.333333343	None
  4.73333359	-0.02829623	0.000257492531	0.000257492531	0.333333343	0.333333343	None
  4.8	-0.0277941246	0.078985706	0.078985706	0.333333343	0.333333343	None
  4.83333349	-0.0233974457	0.07929154	0.07929154	0.333333343	0.333333343	None
  4.866667	-0.022508027	0.015401287	0.015401287	0.333333343	0.333333343	None
  4.9	-0.0223706942	0.0133734792	0.0133734792	0.333333343	0.333333343	None
  4.9333334	-0.0216164626	0.03876877	0.03876877	0.333333343	0.333333343	None
  5.00000048	-0.017689703	0.0574684739	0.0574684739	0.333333343	0.333333343	None
  5.033334	-0.015954854	0.0264412127	0.0264412127	0.333333343	0.333333343	None
  5.066667	-0.0159269571	-0.0011426222	-0.0011426222	0.333333343	0.333333343	None
  5.166667	-0.0172069035	-0.02375361	-0.02375361	0.333333343	0.333333343	None
  5.20000029	-0.0181435347	-0.0140977874	-0.0140977874	0.333333343	0.333333343	None
  5.266667	-0.0175727587	0.0187487155	0.0187487155	0.333333343	0.333333343	None
  5.33333349	-0.0159012042	0.028501153	0.028501153	0.333333343	0.333333343	None
  5.366667	-0.014996767	0.01593228	0.01593228	0.333333343	0.333333343	None
  5.4333334	-0.0147092342	0.0137918321	0.0137918321	0.333333343	0.333333343	None
  5.50000048	-0.0126042385	0.0508546345	0.0508546345	0.333333343	0.333333343	None
  5.533334	-0.0105292816	0.07966173	0.07966173	0.333333343	0.333333343	None
  5.566667	-0.007293462	0.101419792	0.101419792	0.333333343	0.333333343	None
  5.60000038	-0.00376796839	0.09398467	0.09398467	0.333333343	0.333333343	None
  5.63333368	-0.001027823	0.08429656	0.08429656	0.333333343	0.333333343	None
  5.666667	0.0018517971	0.09683322	0.09683322	0.333333343	0.333333343	None
  5.70000029	0.005427719	0.109233052	0.109233052	0.333333343	0.333333343	None
  5.766667	0.0126283783	0.100220822	0.100220822	0.333333343	0.333333343	None
  5.83333349	0.0186762232	0.07518779	0.07518779	0.333333343	0.333333343	None
  5.866667	0.02082789	0.0611463226	0.0611463226	0.333333343	0.333333343	None
  5.9	0.02275264	0.04349185	0.04349185	0.333333343	0.333333343	None
  5.966667	0.02428901	0.0207280759	0.0207280759	0.333333343	0.333333343	None
  6.00000048	0.0251092277	0.0040957937	0.0040957937	0.333333343	0.333333343	None
  6.066667	0.0242455658	0.006123405	0.006123405	0.333333343	0.333333343	None
  6.10000038	0.02497029	-0.00392686948	-0.00392686948	0.333333343	0.333333343	None
  6.13333368	0.0239837747	-0.0560930334	-0.0560930334	0.333333343	0.333333343	None
  6.166667	0.0212307572	-0.07185645	-0.07185645	0.333333343	0.333333343	None
  6.20000029	0.01919335	-0.0604543947	-0.0604543947	0.333333343	0.333333343	None
  6.23333359	0.0172004681	-0.04533463	-0.04533463	0.333333343	0.333333343	None
  6.266667	0.0161710437	-0.0834033862	-0.0834033862	0.333333343	0.333333343	None
  6.3	0.0116402479	-0.1286819	-0.1286819	0.333333343	0.333333343	None
  6.33333349	0.00759225851	-0.114431158	-0.114431158	0.333333343	0.333333343	None
  6.366667	0.00401151134	-0.0783818662	-0.0783818662	0.333333343	0.333333343	None
  6.40000057	0.002366782	-0.0365233123	-0.0365233123	0.333333343	0.333333343	None
  6.433334	0.00157660269	-0.005624598	-0.005624598	0.333333343	0.333333343	None
  6.466667	0.001991809	0.0254997723	0.0254997723	0.333333343	0.333333343	None
  6.50000048	0.00327658583	0.0447070859	0.0447070859	0.333333343	0.333333343	None
  6.533334	0.00497227861	0.04312191	0.04312191	0.333333343	0.333333343	None
  6.60000038	0.006828903	0.0102916593	0.0102916593	0.333333343	0.333333343	None
  6.63333368	0.006837487	0.01559442	0.01559442	0.333333343	0.333333343	None
  6.666667	0.00786853	0.0424621031	0.0424621031	0.333333343	0.333333343	None
  6.73333359	0.0114830742	0.04837635	0.04837635	0.333333343	0.333333343	None
  6.8	0.0138278594	0.0196578875	0.0196578875	0.333333343	0.333333343	None
  6.866667	0.0146212587	0.01632645	0.01632645	0.333333343	0.333333343	None
  6.966667	0.0168963056	0.02707687	0.02707687	0.333333343	0.333333343	None
  7.033334	0.0182899833	0.00420839	0.00420839	0.333333343	0.333333343	None
  7.066667	0.0181279778	-0.00129545236	-0.00129545236	0.333333343	0.333333343	None
  7.166667	0.0180378538	-0.0112410644	-0.0112410644	0.333333343	0.333333343	None
  7.23333359	0.0170470476	-0.00596264	-0.00596264	0.333333343	0.333333343	None
  7.33333349	0.0175352115	0.00490042847	0.00490042847	0.333333343	0.333333343	None
  7.36666727	0.0175352115	0	0	0.333333343	0.333333343	None
FLOAT UnityEngine.Animator||UpperChest Twist Left-Right discrete=False keys=152 pre=ClampForever post=ClampForever
  0	0.0373197161	-0.00156115729	-0.00156115729	0.333333343	0.333333343	None
  0.166666672	0.0370235965	0.00288857031	0.00288857031	0.333333343	0.333333343	None
  0.3	0.0388625227	0.0135665592	0.0135665592	0.333333343	0.333333343	None
  0.4666667	0.0378153846	0.00153679715	0.00153679715	0.333333343	0.333333343	None
  0.6333334	0.0392509177	-0.00172991236	-0.00172991236	0.333333343	0.333333343	None
  0.733333349	0.0393421054	0.0170668289	0.0170668289	0.333333343	0.333333343	None
  0.7666667	0.04037529	0.00506132375	0.00506132375	0.333333343	0.333333343	None
  0.8000001	0.0396795273	-0.114664413	-0.114664413	0.333333343	0.333333343	None
  0.8333334	0.032731	-0.327658564	-0.327658564	0.333333343	0.333333343	None
  0.866666734	0.0178356171	-0.198381364	-0.198381364	0.333333343	0.333333343	None
  0.900000036	0.0195055623	0.398195118	0.398195118	0.333333343	0.333333343	None
  0.9333334	0.0443819761	0.7815932	0.7815932	0.333333343	0.333333343	None
  0.9666667	0.07161177	0.9895104	0.9895104	0.333333343	0.333333343	None
  1	0.110349275	1.25243211	1.25243211	0.333333343	0.333333343	None
  1.03333342	0.155107319	1.14310312	1.14310312	0.333333343	0.333333343	None
  1.06666672	0.186556235	0.578650057	0.578650057	0.333333343	0.333333343	None
  1.1	0.193683952	-0.0174529254	-0.0174529254	0.333333343	0.333333343	None
  1.13333344	0.185392678	-0.208360672	-0.208360672	0.333333343	0.333333343	None
  1.16666675	0.179793224	-0.18458958	-0.18458958	0.333333343	0.333333343	None
  1.2	0.173086718	-0.0196004882	-0.0196004882	0.333333343	0.333333343	None
  1.23333335	0.178486526	0.08729747	0.08729747	0.333333343	0.333333343	None
  1.26666677	0.178906545	-0.138933435	-0.138933435	0.333333343	0.333333343	None
  1.33333337	0.153157353	-0.4774223	-0.4774223	0.333333343	0.333333343	None
  1.4000001	0.119930133	-0.6554543	-0.6554543	0.333333343	0.333333343	None
  1.4333334	0.09369922	-0.8856769	-0.8856769	0.333333343	0.333333343	None
  1.4666667	0.06088506	-0.8940602	-0.8940602	0.333333343	0.333333343	None
  1.50000012	0.0340951644	-0.6740972	-0.6740972	0.333333343	0.333333343	None
  1.53333342	0.0159451943	-0.400030315	-0.400030315	0.333333343	0.333333343	None
  1.56666672	0.00742650172	0.008955479	0.008955479	0.333333343	0.333333343	None
  1.60000014	0.0165422577	0.266343	0.266343	0.333333343	0.333333343	None
  1.63333344	0.0251827184	0.368970364	0.368970364	0.333333343	0.333333343	None
  1.66666675	0.04114026	0.514695048	0.514695048	0.333333343	0.333333343	None
  1.7	0.0594956875	0.401703656	0.401703656	0.333333343	0.333333343	None
  1.76666677	0.0721675158	0.122904524	0.122904524	0.333333343	0.333333343	None
  1.80000007	0.07611413	-0.0100021921	-0.0100021921	0.333333343	0.333333343	None
  1.83333337	0.0715007	-0.263084322	-0.263084322	0.333333343	0.333333343	None
  1.86666679	0.05857515	-0.555394	-0.555394	0.333333343	0.333333343	None
  1.9000001	0.034474425	-0.487448871	-0.487448871	0.333333343	0.333333343	None
  1.9333334	0.02607859	-0.24348259	-0.24348259	0.333333343	0.333333343	None
  1.96666682	0.01824224	-0.207562953	-0.207562953	0.333333343	0.333333343	None
  2	0.0122410664	-0.217644781	-0.217644781	0.333333343	0.333333343	None
  2.03333354	0.003732562	-0.2069827	-0.2069827	0.333333343	0.333333343	None
  2.06666684	-0.00155782746	0.020872958	0.020872958	0.333333343	0.333333343	None
  2.10000014	0.005124091	0.216124564	0.216124564	0.333333343	0.333333343	None
  2.13333344	0.0128504625	0.249775559	0.249775559	0.333333343	0.333333343	None
  2.16666675	0.0217757784	0.19813247	0.19813247	0.333333343	0.333333343	None
  2.2	0.0260592811	0.0245985873	0.0245985873	0.333333343	0.333333343	None
  2.23333335	0.0234156828	-0.0934372842	-0.0934372842	0.333333343	0.333333343	None
  2.266667	0.01983011	-0.0512406155	-0.0512406155	0.333333343	0.333333343	None
  2.30000019	0.01999962	0.100051828	0.100051828	0.333333343	0.333333343	None
  2.33333349	0.0265002251	0.226070151	0.226070151	0.333333343	0.333333343	None
  2.36666679	0.03507095	0.245760322	0.245760322	0.333333343	0.333333343	None
  2.4	0.04288423	0.2716062	0.2716062	0.333333343	0.333333343	None
  2.4666667	0.06462675	0.315491319	0.315491319	0.333333343	0.333333343	None
  2.50000024	0.0742108151	0.005559087	0.005559087	0.333333343	0.333333343	None
  2.53333354	0.06499743	-0.312740445	-0.312740445	0.333333343	0.333333343	None
  2.56666684	0.05336147	-0.304878771	-0.304878771	0.333333343	0.333333343	None
  2.63333344	0.03942954	-0.124441318	-0.124441318	0.333333343	0.333333343	None
  2.66666675	0.0363761149	-0.008915562	-0.008915562	0.333333343	0.333333343	None
  2.7	0.03883517	0.03896179	0.03896179	0.333333343	0.333333343	None
  2.766667	0.0375664867	-0.0539768264	-0.0539768264	0.333333343	0.333333343	None
  2.83333349	0.03167206	-0.127893239	-0.127893239	0.333333343	0.333333343	None
  2.86666679	0.0268489067	-0.179963	-0.179963	0.333333343	0.333333343	None
  2.9	0.01967454	-0.148444265	-0.148444265	0.333333343	0.333333343	None
  2.9333334	0.016952632	0.012125928	0.012125928	0.333333343	0.333333343	None
  2.966667	0.02048296	0.174217224	0.174217224	0.333333343	0.333333343	None
  3.00000024	0.0285671279	0.195710227	0.195710227	0.333333343	0.333333343	None
  3.03333354	0.0335302949	0.170435935	0.170435935	0.333333343	0.333333343	None
  3.10000014	0.045927465	0.140985087	0.140985087	0.333333343	0.333333343	None
  3.13333344	0.04932851	0.08669427	0.08669427	0.333333343	0.333333343	None
  3.16666675	0.0517070778	0.0213074237	0.0213074237	0.333333343	0.333333343	None
  3.20000029	0.0507489964	-0.004803626	-0.004803626	0.333333343	0.333333343	None
  3.23333359	0.05138683	0.0603176877	0.0603176877	0.333333343	0.333333343	None
  3.30000019	0.0590440035	0.096865274	0.096865274	0.333333343	0.333333343	None
  3.36666679	0.06272077	0.0562702268	0.0562702268	0.333333343	0.333333343	None
  3.4333334	0.06632942	-0.008537386	-0.008537386	0.333333343	0.333333343	None
  3.50000024	0.0616634525	-0.07682921	-0.07682921	0.333333343	0.333333343	None
  3.56666684	0.0571702048	-0.0587889366	-0.0587889366	0.333333343	0.333333343	None
  3.60000014	0.0553688221	-0.128086165	-0.128086165	0.333333343	0.333333343	None
  3.63333344	0.0486311354	-0.169188261	-0.169188261	0.333333343	0.333333343	None
  3.70000029	0.04515713	0.160570547	0.160570547	0.333333343	0.333333343	None
  3.73333359	0.0547943152	0.2085608	0.2085608	0.333333343	0.333333343	None
  3.83333349	0.0584839545	-0.0009495588	-0.0009495588	0.333333343	0.333333343	None
  3.86666679	0.05914217	0.0322589	0.0322589	0.333333343	0.333333343	None
  3.9	0.060634546	-0.0176862162	-0.0176862162	0.333333343	0.333333343	None
  3.966667	0.05210942	-0.234632879	-0.234632879	0.333333343	0.333333343	None
  4	0.042320963	-0.170903236	-0.170903236	0.333333343	0.333333343	None
  4.033334	0.04071593	-0.0338357538	-0.0338357538	0.333333343	0.333333343	None
  4.066667	0.0400652252	-0.08697596	-0.08697596	0.333333343	0.333333343	None
  4.10000038	0.0349175371	-0.0749543458	-0.0749543458	0.333333343	0.333333343	None
  4.13333368	0.0350682735	0.1066178	0.1066178	0.333333343	0.333333343	None
  4.20000029	0.0514243878	0.267381728	0.267381728	0.333333343	0.333333343	None
  4.266667	0.06614917	0.116555229	0.116555229	0.333333343	0.333333343	None
  4.3	0.06762116	0.0511848666	0.0511848666	0.333333343	0.333333343	None
  4.366667	0.07068694	0.0234880149	0.0234880149	0.333333343	0.333333343	None
  4.4	0.0711273551	-0.0542822629	-0.0542822629	0.333333343	0.333333343	None
  4.4333334	0.06706812	-0.09167531	-0.09167531	0.333333343	0.333333343	None
  4.4666667	0.06501567	-0.0672700852	-0.0672700852	0.333333343	0.333333343	None
  4.533334	0.06067479	-0.06217616	-0.06217616	0.333333343	0.333333343	None
  4.566667	0.0584383532	-0.0282277074	-0.0282277074	0.333333343	0.333333343	None
  4.60000038	0.058792945	0.0397423841	0.0397423841	0.333333343	0.333333343	None
  4.63333368	0.061087843	0.0457532778	0.0457532778	0.333333343	0.333333343	None
  4.666667	0.06184316	0.04794995	0.04794995	0.333333343	0.333333343	None
  4.70000029	0.0642845	-0.007684648	-0.007684648	0.333333343	0.333333343	None
  4.73333359	0.06133085	-0.0837254	-0.0837254	0.333333343	0.333333343	None
  4.766667	0.0587028153	-0.044924248	-0.044924248	0.333333343	0.333333343	None
  4.8	0.058335904	-0.0196738541	-0.0196738541	0.333333343	0.333333343	None
  4.83333349	0.0573912263	-0.0379479863	-0.0379479863	0.333333343	0.333333343	None
  4.866667	0.05580604	0.006091414	0.006091414	0.333333343	0.333333343	None
  4.9	0.05779732	0.0301184412	0.0301184412	0.333333343	0.333333343	None
  4.9333334	0.057813935	-0.0633112043	-0.0633112043	0.333333343	0.333333343	None
  4.9666667	0.0535765775	-0.0959637	-0.0959637	0.333333343	0.333333343	None
  5.00000048	0.05141633	-0.00277545862	-0.00277545862	0.333333343	0.333333343	None
  5.033334	0.0533915162	0.0287264865	0.0287264865	0.333333343	0.333333343	None
  5.10000038	0.05237818	0.00399923231	0.00399923231	0.333333343	0.333333343	None
  5.166667	0.0548833571	0.0127862152	0.0127862152	0.333333343	0.333333343	None
  5.23333359	0.05427449	0.008094747	0.008094747	0.333333343	0.333333343	None
  5.266667	0.0549901053	-0.000973475166	-0.000973475166	0.333333343	0.333333343	None
  5.366667	0.05155742	-0.0222811867	-0.0222811867	0.333333343	0.333333343	None
  5.4333334	0.0518664047	0.019762598	0.019762598	0.333333343	0.333333343	None
  5.50000048	0.0546585843	0.070955	0.070955	0.333333343	0.333333343	None
  5.566667	0.0588508844	0.0234400146	0.0234400146	0.333333343	0.333333343	None
  5.63333368	0.05914325	0.0290402491	0.0290402491	0.333333343	0.333333343	None
  5.73333359	0.06570018	0.03626618	0.03626618	0.333333343	0.333333343	None
  5.83333349	0.06956524	0.127265453	0.127265453	0.333333343	0.333333343	None
  5.9	0.0825095847	0.18441993	0.18441993	0.333333343	0.333333343	None
  5.966667	0.09153894	0.115130581	0.115130581	0.333333343	0.333333343	None
  6.00000048	0.09541419	0.0281555112	0.0281555112	0.333333343	0.333333343	None
  6.033334	0.0934159756	-0.009405956	-0.009405956	0.333333343	0.333333343	None
  6.066667	0.09478713	0.116531253	0.116531253	0.333333343	0.333333343	None
  6.10000038	0.101184718	0.168834373	0.168834373	0.333333343	0.333333343	None
  6.13333368	0.106042743	0.08681514	0.08681514	0.333333343	0.333333343	None
  6.166667	0.106972389	0.0498249829	0.0498249829	0.333333343	0.333333343	None
  6.20000029	0.109364405	0.0417704135	0.0417704135	0.333333343	0.333333343	None
  6.23333359	0.109757081	0.0573076829	0.0573076829	0.333333343	0.333333343	None
  6.266667	0.113184914	-0.116201565	-0.116201565	0.333333343	0.333333343	None
  6.3	0.102010317	-0.244191334	-0.244191334	0.333333343	0.333333343	None
  6.366667	0.09370672	-0.114204489	-0.114204489	0.333333343	0.333333343	None
  6.40000057	0.08929182	-0.08038482	-0.08038482	0.333333343	0.333333343	None
  6.466667	0.0874132	-0.08465887	-0.08465887	0.333333343	0.333333343	None
  6.50000048	0.0827037543	-0.114680856	-0.114680856	0.333333343	0.333333343	None
  6.60000038	0.07413463	-0.0918844044	-0.0918844044	0.333333343	0.333333343	None
  6.73333359	0.0600063875	-0.08951093	-0.08951093	0.333333343	0.333333343	None
  6.866667	0.05038101	-0.07657947	-0.07657947	0.333333343	0.333333343	None
  6.966667	0.04299474	-0.0664250851	-0.0664250851	0.333333343	0.333333343	None
  7.066667	0.0401279926	0.0407159738	0.0407159738	0.333333343	0.333333343	None
  7.13333368	0.04511743	0.06498468	0.06498468	0.333333343	0.333333343	None
  7.166667	0.0466795564	0.0497203767	0.0497203767	0.333333343	0.333333343	None
  7.20000029	0.04843212	0.007322548	0.007322548	0.333333343	0.333333343	None
  7.3	0.04041338	-0.101781882	-0.101781882	0.333333343	0.333333343	None
  7.33333349	0.03731972	-0.0464049429	-0.0464049429	0.333333343	0.333333343	None
  7.36666727	0.03731972	0	0	0.333333343	0.333333343	None
modelAnimator=MCU_am_StandConv_SlapFace_02_AReceive_BGive_PairA
nativeHumanScale=1.01133049
