Unity=6000.5.9f1
path=Assets/CombatExpansion/SlapStudy/NativeSources/98722fdde98b7b245a9c0df7f1a1143f/MCU_af_StandConv_SlapFace_01_AGive_BReceive_PairB.FBX
identity=ab20a2bd36bd2b59358ce4e03e934069:8993902097722301239
name=MCU_af_StandConv_SlapFace_01_AGive_BReceive_PairB
length=10.2000008; fps=30; humanMotion=True
byteSHA256=E9A14B732279A4310CB1CB8D49B32581AED638C9D1B161A92094568E9373DB19
metadataSHA256=AF8ED8A24486CCF82E08A05EAE4D69B880D874EAAAB124FD1F9F94992F357559
clipEditorSHA256=AE27E8049071C8CA8183F20243FF4229C8D1E2C772106F1EE84C0F5EA094E2AA
importerEditorSHA256=BF12D28AD1ED86CCCA1C3342D770FC130617B1EBA70944E2B8A47F9EC13E506E
events=0
settings={
    "additiveReferencePoseClip": {
        "instanceID": 0
    },
    "additiveReferencePoseTime": 0.0,
    "startTime": 0.0,
    "stopTime": 10.200000762939454,
    "orientationOffsetY": 0.0,
    "level": 0.0,
    "cycleOffset": 0.0,
    "hasAdditiveReferencePose": false,
    "loopTime": true,
    "loopBlend": false,
    "loopBlendOrientation": true,
    "loopBlendPositionY": true,
    "loopBlendPositionXZ": false,
    "keepOriginalOrientation": true,
    "keepOriginalPositionY": true,
    "keepOriginalPositionXZ": false,
    "heightFromFeet": false,
    "mirror": false
}
FLOAT UnityEngine.Animator||Chest Front-Back discrete=False keys=157 pre=ClampForever post=ClampForever
  0	-0.112048209	0.00119090069	0.00119090069	0.333333343	0.333333343	None
  0.166666672	-0.10687156	0.07289438	0.07289438	0.333333343	0.333333343	None
  0.3	-0.09400715	0.134096488	0.134096488	0.333333343	0.333333343	None
  0.5	-0.06206575	0.191380978	0.191380978	0.333333343	0.333333343	None
  0.6	-0.04311327	0.179592744	0.179592744	0.333333343	0.333333343	None
  0.6333334	-0.0374403857	0.178426057	0.178426057	0.333333343	0.333333343	None
  0.6666667	-0.0312181991	0.186175212	0.186175212	0.333333343	0.333333343	None
  0.700000048	-0.0250287056	0.196256787	0.196256787	0.333333343	0.333333343	None
  0.8000001	-0.00365047366	0.2058689	0.2058689	0.333333343	0.333333343	None
  0.866666734	0.008942486	0.1782487	0.1782487	0.333333343	0.333333343	None
  0.900000036	0.014770655	0.18195501	0.18195501	0.333333343	0.333333343	None
  0.9333334	0.02107282	0.186283439	0.186283439	0.333333343	0.333333343	None
  0.9666667	0.02718955	0.2026014	0.2026014	0.333333343	0.333333343	None
  1	0.0345795676	0.213517457	0.213517457	0.333333343	0.333333343	None
  1.16666675	0.06441645	0.163177878	0.163177878	0.333333343	0.333333343	None
  1.30000007	0.0841004	0.133671582	0.133671582	0.333333343	0.333333343	None
  1.36666679	0.09079947	0.0577739179	0.0577739179	0.333333343	0.333333343	None
  1.4000001	0.09211024	0.0537111759	0.0537111759	0.333333343	0.333333343	None
  1.4333334	0.0943802148	0.24095659	0.24095659	0.333333343	0.333333343	None
  1.50000012	0.124657795	0.4603064	0.4603064	0.333333343	0.333333343	None
  1.60000014	0.158236668	0.181502819	0.181502819	0.333333343	0.333333343	None
  1.63333344	0.162408784	0.127413765	0.127413765	0.333333343	0.333333343	None
  1.80000007	0.142653018	-0.550857961	-0.550857961	0.333333343	0.333333343	None
  1.83333337	0.120841824	-0.5016144	-0.5016144	0.333333343	0.333333343	None
  1.86666679	0.109212048	-0.34624213	-0.34624213	0.333333343	0.333333343	None
  1.9333334	0.0863100439	-0.301603168	-0.301603168	0.333333343	0.333333343	None
  1.96666682	0.0776521042	-0.2637696	-0.2637696	0.333333343	0.333333343	None
  2.06666684	0.0541739352	-0.177959323	-0.177959323	0.333333343	0.333333343	None
  2.2	0.0439187437	0.03826186	0.03826186	0.333333343	0.333333343	None
  2.266667	0.04999775	0.124392107	0.124392107	0.333333343	0.333333343	None
  2.33333349	0.0575108342	0.07836249	0.07836249	0.333333343	0.333333343	None
  2.4333334	0.05895416	-0.0573974848	-0.0573974848	0.333333343	0.333333343	None
  2.50000024	0.05449633	-0.0175370611	-0.0175370611	0.333333343	0.333333343	None
  2.56666684	0.05615691	0.0334265	0.0334265	0.333333343	0.333333343	None
  2.66666675	0.0604177937	0.0372275338	0.0372275338	0.333333343	0.333333343	None
  2.83333349	0.0669157654	0.0246061627	0.0246061627	0.333333343	0.333333343	None
  2.9	0.06837164	0.0334944539	0.0334944539	0.333333343	0.333333343	None
  2.9333334	0.06963417	0.0103481459	0.0103481459	0.333333343	0.333333343	None
  2.966667	0.06906151	0.019888103	0.019888103	0.333333343	0.333333343	None
  3.00000024	0.07096004	0.0392032042	0.0392032042	0.333333343	0.333333343	None
  3.03333354	0.0716750547	0.028468322	0.028468322	0.333333343	0.333333343	None
  3.06666684	0.0728579238	0.0121707581	0.0121707581	0.333333343	0.333333343	None
  3.10000014	0.07248644	0.00588577846	0.00588577846	0.333333343	0.333333343	None
  3.13333344	0.07325031	0.0186157785	0.0186157785	0.333333343	0.333333343	None
  3.16666675	0.07372749	0.0352761336	0.0352761336	0.333333343	0.333333343	None
  3.20000029	0.07560206	0.04439677	0.04439677	0.333333343	0.333333343	None
  3.36666679	0.0815307945	0.0319491625	0.0319491625	0.333333343	0.333333343	None
  3.4333334	0.0827778056	0.01574705	0.01574705	0.333333343	0.333333343	None
  3.466667	0.0837243348	0.05340854	0.05340854	0.333333343	0.333333343	None
  3.50000024	0.08633838	0.0595330261	0.0595330261	0.333333343	0.333333343	None
  3.53333354	0.0876932	0.05553005	0.05553005	0.333333343	0.333333343	None
  3.60000014	0.09141153	0.02271878	0.02271878	0.333333343	0.333333343	None
  3.70000029	0.09280947	0.0608603656	0.0608603656	0.333333343	0.333333343	None
  3.766667	0.09934365	0.104498066	0.104498066	0.333333343	0.333333343	None
  3.80000019	0.102566607	-0.00245500728	-0.00245500728	0.333333343	0.333333343	None
  3.83333349	0.09917998	-0.122103885	-0.122103885	0.333333343	0.333333343	None
  3.93333364	0.0842521638	-0.0908305	-0.0908305	0.333333343	0.333333343	None
  3.966667	0.082625404	-0.09204549	-0.09204549	0.333333343	0.333333343	None
  4.033334	0.07181667	-0.234235972	-0.234235972	0.333333343	0.333333343	None
  4.066667	0.06250003	-0.262267947	-0.262267947	0.333333343	0.333333343	None
  4.13333368	0.04683485	-0.215601251	-0.215601251	0.333333343	0.333333343	None
  4.23333359	0.0320698619	-0.0351844132	-0.0351844132	0.333333343	0.333333343	None
  4.3	0.03376127	0.0427526645	0.0427526645	0.333333343	0.333333343	None
  4.366667	0.0368342437	0.05185989	0.05185989	0.333333343	0.333333343	None
  4.4	0.0387195759	0.08133522	0.08133522	0.333333343	0.333333343	None
  4.4666667	0.04641618	0.118861534	0.118861534	0.333333343	0.333333343	None
  4.5	0.05018068	0.143747747	0.143747747	0.333333343	0.333333343	None
  4.566667	0.06225357	0.1673862	0.1673862	0.333333343	0.333333343	None
  4.666667	0.07535478	0.112781748	0.112781748	0.333333343	0.333333343	None
  4.766667	0.08234199	0.00346050039	0.00346050039	0.333333343	0.333333343	None
  4.9666667	0.0768997446	0.0269308761	0.0269308761	0.333333343	0.333333343	None
  5.10000038	0.08130635	-0.04780539	-0.04780539	0.333333343	0.333333343	None
  5.20000029	0.0744586661	-0.03216262	-0.03216262	0.333333343	0.333333343	None
  5.23333359	0.07387982	0.00706885662	0.00706885662	0.333333343	0.333333343	None
  5.266667	0.07492992	-0.0145807266	-0.0145807266	0.333333343	0.333333343	None
  5.3	0.0729077756	-0.070222646	-0.070222646	0.333333343	0.333333343	None
  5.50000048	0.0572000146	0.0352644324	0.0352644324	0.333333343	0.333333343	None
  5.533334	0.059437748	0.0245174281	0.0245174281	0.333333343	0.333333343	None
  5.60000038	0.0560831055	-0.09323233	-0.09323233	0.333333343	0.333333343	None
  5.63333368	0.0526190251	-0.05252843	-0.05252843	0.333333343	0.333333343	None
  5.666667	0.0525812134	0.03563089	0.03563089	0.333333343	0.333333343	None
  5.70000029	0.0549944155	0.06114263	0.06114263	0.333333343	0.333333343	None
  5.8	0.05757497	-0.0331805758	-0.0331805758	0.333333343	0.333333343	None
  5.866667	0.05289639	-0.109055482	-0.109055482	0.333333343	0.333333343	None
  5.933334	0.04124352	-0.247786641	-0.247786641	0.333333343	0.333333343	None
  6.00000048	0.0231710859	-0.206347987	-0.206347987	0.333333343	0.333333343	None
  6.033334	0.01816366	-0.110500522	-0.110500522	0.333333343	0.333333343	None
  6.066667	0.0158043914	-0.08308168	-0.08308168	0.333333343	0.333333343	None
  6.10000038	0.0126248877	-0.104984961	-0.104984961	0.333333343	0.333333343	None
  6.13333368	0.008805401	-0.196769014	-0.196769014	0.333333343	0.333333343	None
  6.166667	-0.0004930344	-0.2668141	-0.2668141	0.333333343	0.333333343	None
  6.20000029	-0.008982191	-0.249855533	-0.249855533	0.333333343	0.333333343	None
  6.23333359	-0.0171500538	-0.162976116	-0.162976116	0.333333343	0.333333343	None
  6.266667	-0.0198472552	-0.0181049574	-0.0181049574	0.333333343	0.333333343	None
  6.3	-0.01835705	0.03213837	0.03213837	0.333333343	0.333333343	None
  6.33333349	-0.0177047	0.0332167037	0.0332167037	0.333333343	0.333333343	None
  6.366667	-0.0161426049	0.04515726	0.04515726	0.333333343	0.333333343	None
  6.40000057	-0.0146941971	0.07009394	0.07009394	0.333333343	0.333333343	None
  6.433334	-0.0114696594	0.07196103	0.07196103	0.333333343	0.333333343	None
  6.466667	-0.0098968	-0.0165519267	-0.0165519267	0.333333343	0.333333343	None
  6.50000048	-0.01257312	-0.0861640349	-0.0861640349	0.333333343	0.333333343	None
  6.533334	-0.0156410635	-0.12322624	-0.12322624	0.333333343	0.333333343	None
  6.60000038	-0.0264938138	-0.164818853	-0.164818853	0.333333343	0.333333343	None
  6.666667	-0.03619373	-0.115517877	-0.115517877	0.333333343	0.333333343	None
  6.73333359	-0.043033354	-0.108839288	-0.108839288	0.333333343	0.333333343	None
  6.766667	-0.0467332378	-0.06998197	-0.06998197	0.333333343	0.333333343	None
  6.83333349	-0.047086712	0.04997837	0.04997837	0.333333343	0.333333343	None
  6.866667	-0.044366926	0.118799284	0.118799284	0.333333343	0.333333343	None
  6.90000057	-0.0391666926	0.157237619	0.157237619	0.333333343	0.333333343	None
  6.933334	-0.0338843539	0.198229209	0.198229209	0.333333343	0.333333343	None
  7.00000048	-0.0167648587	0.266818434	0.266818434	0.333333343	0.333333343	None
  7.033334	-0.008163546	0.2703751	0.2703751	0.333333343	0.333333343	None
  7.066667	0.00126013032	0.2315217	0.2315217	0.333333343	0.333333343	None
  7.10000038	0.007271218	0.1526928	0.1526928	0.333333343	0.333333343	None
  7.13333368	0.01143964	0.1118402	0.1118402	0.333333343	0.333333343	None
  7.166667	0.0147272246	0.08264656	0.08264656	0.333333343	0.333333343	None
  7.266667	0.02016676	0.0446791351	0.0446791351	0.333333343	0.333333343	None
  7.33333349	0.02296322	0.0410771966	0.0410771966	0.333333343	0.333333343	None
  7.40000057	0.0254892763	0.0305889733	0.0305889733	0.333333343	0.333333343	None
  7.433334	0.0264664	-0.00464695971	-0.00464695971	0.333333343	0.333333343	None
  7.466667	0.02517948	-0.0276241526	-0.0276241526	0.333333343	0.333333343	None
  7.50000048	0.024624791	-0.0473622121	-0.0473622121	0.333333343	0.333333343	None
  7.533334	0.0220220014	-0.06811032	-0.06811032	0.333333343	0.333333343	None
  7.63333368	0.017310394	-0.0503076	-0.0503076	0.333333343	0.333333343	None
  7.70000029	0.0134504344	-0.05145777	-0.05145777	0.333333343	0.333333343	None
  7.73333359	0.0120023582	-0.0472214967	-0.0472214967	0.333333343	0.333333343	None
  7.766667	0.0103023378	-0.05009459	-0.05009459	0.333333343	0.333333343	None
  7.8	0.008662722	-0.0613752529	-0.0613752529	0.333333343	0.333333343	None
  7.833334	0.00621062331	-0.07501442	-0.07501442	0.333333343	0.333333343	None
  7.86666727	0.00366173056	-0.110081732	-0.110081732	0.333333343	0.333333343	None
  7.90000057	-0.00112815178	-0.26044476	-0.26044476	0.333333343	0.333333343	None
  7.933334	-0.0137012359	-0.4460727	-0.4460727	0.333333343	0.333333343	None
  7.966667	-0.0308663025	-0.493865967	-0.493865967	0.333333343	0.333333343	None
  8	-0.0466253757	-0.4140163	-0.4140163	0.333333343	0.333333343	None
  8.033334	-0.0584673062	-0.4231422	-0.4231422	0.333333343	0.333333343	None
  8.066668	-0.07483523	-0.62465477	-0.62465477	0.333333343	0.333333343	None
  8.133334	-0.126195237	-0.705157161	-0.705157161	0.333333343	0.333333343	None
  8.166667	-0.1471213	-0.314459383	-0.314459383	0.333333343	0.333333343	None
  8.200001	-0.147158876	-0.1741806	-0.1741806	0.333333343	0.333333343	None
  8.233334	-0.158733159	-0.328213781	-0.328213781	0.333333343	0.333333343	None
  8.3	-0.1736301	-0.07676577	-0.07676577	0.333333343	0.333333343	None
  8.466667	-0.162236616	0.122960396	0.122960396	0.333333343	0.333333343	None
  8.566668	-0.148730636	0.1588727	0.1588727	0.333333343	0.333333343	None
  8.6	-0.143062592	0.113489874	0.113489874	0.333333343	0.333333343	None
  8.633334	-0.1411647	0.0852142647	0.0852142647	0.333333343	0.333333343	None
  8.766667	-0.125554755	0.0692328438	0.0692328438	0.333333343	0.333333343	None
  8.833334	-0.122488976	0.07171984	0.07171984	0.333333343	0.333333343	None
  8.900001	-0.117345579	0.0448843352	0.0448843352	0.333333343	0.333333343	None
  9.1	-0.112683877	-0.00336344354	-0.00336344354	0.333333343	0.333333343	None
  9.200001	-0.114973925	-0.0133410133	-0.0133410133	0.333333343	0.333333343	None
  9.400001	-0.113970794	0.052609168	0.052609168	0.333333343	0.333333343	None
  9.466667	-0.110388473	0.02693941	0.02693941	0.333333343	0.333333343	None
  9.700001	-0.109369218	-0.0191661678	-0.0191661678	0.333333343	0.333333343	None
  10.000001	-0.106694527	-0.008827177	-0.008827177	0.333333343	0.333333343	None
  10.0333338	-0.107032463	-0.0411822349	-0.0411822349	0.333333343	0.333333343	None
  10.1333342	-0.112222537	-0.011724039	-0.011724039	0.333333343	0.333333343	None
  10.2000008	-0.11204768	0	0	0.333333343	0.333333343	None
FLOAT UnityEngine.Animator||Chest Left-Right discrete=False keys=180 pre=ClampForever post=ClampForever
  0	0.0292532425	0.0206477549	0.0206477549	0.333333343	0.333333343	None
  0.100000009	0.0314612351	0.03390047	0.03390047	0.333333343	0.333333343	None
  0.166666672	0.03350106	0.0130315125	0.0130315125	0.333333343	0.333333343	None
  0.233333349	0.03394255	0.0137677807	0.0137677807	0.333333343	0.333333343	None
  0.5	0.0379095376	-0.00663047	-0.00663047	0.333333343	0.333333343	None
  0.5666667	0.0373816825	0.00247428566	0.00247428566	0.333333343	0.333333343	None
  0.733333349	0.03814289	0.0104122814	0.0104122814	0.333333343	0.333333343	None
  0.900000036	0.03819654	0.002043785	0.002043785	0.333333343	0.333333343	None
  0.9333334	0.0383580029	0.0184828918	0.0184828918	0.333333343	0.333333343	None
  1	0.0401518643	0.009885406	0.009885406	0.333333343	0.333333343	None
  1.13333344	0.03964949	0.0012633251	0.0012633251	0.333333343	0.333333343	None
  1.2	0.0399077833	-0.00587398745	-0.00587398745	0.333333343	0.333333343	None
  1.36666679	0.03995821	0.05092323	0.05092323	0.333333343	0.333333343	None
  1.4333334	0.0445013344	0.06128691	0.06128691	0.333333343	0.333333343	None
  1.4666667	0.04622867	0.137061954	0.137061954	0.333333343	0.333333343	None
  1.56666672	0.08355135	0.615196	0.615196	0.333333343	0.333333343	None
  1.60000014	0.106914185	0.750625253	0.750625253	0.333333343	0.333333343	None
  1.63333344	0.133593068	0.7313869	0.7313869	0.333333343	0.333333343	None
  1.80000007	0.187648147	-0.0969015956	-0.0969015956	0.333333343	0.333333343	None
  1.83333337	0.181262881	-0.188818187	-0.188818187	0.333333343	0.333333343	None
  1.86666679	0.175060257	-0.21753642	-0.21753642	0.333333343	0.333333343	None
  1.9333334	0.161253855	-0.115179867	-0.115179867	0.333333343	0.333333343	None
  2.03333354	0.155048564	-0.0973041356	-0.0973041356	0.333333343	0.333333343	None
  2.16666675	0.135029376	-0.1602085	-0.1602085	0.333333343	0.333333343	None
  2.30000019	0.112324469	-0.176526845	-0.176526845	0.333333343	0.333333343	None
  2.4333334	0.0826638043	-0.279218554	-0.279218554	0.333333343	0.333333343	None
  2.4666667	0.07299122	-0.257032961	-0.257032961	0.333333343	0.333333343	None
  2.50000024	0.06552824	-0.223727942	-0.223727942	0.333333343	0.333333343	None
  2.56666684	0.05205041	-0.171006978	-0.171006978	0.333333343	0.333333343	None
  2.7	0.03406593	-0.110576361	-0.110576361	0.333333343	0.333333343	None
  2.73333359	0.0305399038	-0.0856399238	-0.0856399238	0.333333343	0.333333343	None
  2.766667	0.02835658	-0.0623937733	-0.0623937733	0.333333343	0.333333343	None
  2.86666679	0.02306807	-0.05259286	-0.05259286	0.333333343	0.333333343	None
  2.9	0.0213096086	-0.03821755	-0.03821755	0.333333343	0.333333343	None
  2.9333334	0.0205202363	-0.0468632355	-0.0468632355	0.333333343	0.333333343	None
  2.966667	0.018185379	-0.00732621	-0.00732621	0.333333343	0.333333343	None
  3.00000024	0.0200318061	0.0373484269	0.0373484269	0.333333343	0.333333343	None
  3.06666684	0.0215054154	0.04836427	0.04836427	0.333333343	0.333333343	None
  3.10000014	0.0238995533	0.0446065478	0.0446065478	0.333333343	0.333333343	None
  3.13333344	0.0244791824	0.0198148657	0.0198148657	0.333333343	0.333333343	None
  3.16666675	0.0252205431	0.03274149	0.03274149	0.333333343	0.333333343	None
  3.23333359	0.0277369916	0.0155179342	0.0155179342	0.333333343	0.333333343	None
  3.266667	0.0276964847	0.00220472226	0.00220472226	0.333333343	0.333333343	None
  3.36666679	0.028070122	0.0023254496	0.0023254496	0.333333343	0.333333343	None
  3.50000024	0.0323399268	0.0856403559	0.0856403559	0.333333343	0.333333343	None
  3.66666675	0.0521775447	0.08809462	0.08809462	0.333333343	0.333333343	None
  3.766667	0.05859608	0.03244403	0.03244403	0.333333343	0.333333343	None
  3.83333349	0.05771363	-0.0739446059	-0.0739446059	0.333333343	0.333333343	None
  3.9	0.0488550849	-0.183836818	-0.183836818	0.333333343	0.333333343	None
  3.93333364	0.04207554	-0.193230927	-0.193230927	0.333333343	0.333333343	None
  3.966667	0.0359729864	-0.188110843	-0.188110843	0.333333343	0.333333343	None
  4.033334	0.0232788865	-0.17719768	-0.17719768	0.333333343	0.333333343	None
  4.066667	0.01772162	-0.118804455	-0.118804455	0.333333343	0.333333343	None
  4.13333368	0.014892159	-0.005765414	-0.005765414	0.333333343	0.333333343	None
  4.166667	0.0149742365	-0.0015369351	-0.0015369351	0.333333343	0.333333343	None
  4.23333359	0.0149771841	0.0286782347	0.0286782347	0.333333343	0.333333343	None
  4.3	0.0191963054	0.07174787	0.07174787	0.333333343	0.333333343	None
  4.33333349	0.0214847643	0.08896348	0.08896348	0.333333343	0.333333343	None
  4.366667	0.0251271985	0.0902672261	0.0902672261	0.333333343	0.333333343	None
  4.4	0.027502574	0.07618559	0.07618559	0.333333343	0.333333343	None
  4.4333334	0.0302062333	0.0422971062	0.0422971062	0.333333343	0.333333343	None
  4.5	0.0290217753	-0.0379758552	-0.0379758552	0.333333343	0.333333343	None
  4.533334	0.02779064	-0.0444010943	-0.0444010943	0.333333343	0.333333343	None
  4.60000038	0.0246680025	-0.01823376	-0.01823376	0.333333343	0.333333343	None
  4.63333368	0.0248461049	0.0202856772	0.0202856772	0.333333343	0.333333343	None
  4.666667	0.02602038	0.0172198545	0.0172198545	0.333333343	0.333333343	None
  4.73333359	0.0249879938	-0.03786344	-0.03786344	0.333333343	0.333333343	None
  4.766667	0.0234698672	-0.0360488147	-0.0360488147	0.333333343	0.333333343	None
  4.83333349	0.0221960843	-0.007081094	-0.007081094	0.333333343	0.333333343	None
  4.9	0.02165723	-0.0182779878	-0.0182779878	0.333333343	0.333333343	None
  4.9333334	0.0208941381	-0.0243652649	-0.0243652649	0.333333343	0.333333343	None
  4.9666667	0.02003288	0.000639542	0.000639542	0.333333343	0.333333343	None
  5.00000048	0.0209367871	0.0373442657	0.0373442657	0.333333343	0.333333343	None
  5.033334	0.02252251	0.06941834	0.06941834	0.333333343	0.333333343	None
  5.066667	0.0255646724	0.0887503	0.0887503	0.333333343	0.333333343	None
  5.10000038	0.02843919	0.09253627	0.09253627	0.333333343	0.333333343	None
  5.13333368	0.03173375	0.06917301	0.06917301	0.333333343	0.333333343	None
  5.23333359	0.0324413069	-0.0118325762	-0.0118325762	0.333333343	0.333333343	None
  5.33333349	0.03066114	-0.0348016657	-0.0348016657	0.333333343	0.333333343	None
  5.366667	0.0293141324	-0.03375569	-0.03375569	0.333333343	0.333333343	None
  5.4	0.0284107625	0.0102474168	0.0102474168	0.333333343	0.333333343	None
  5.4333334	0.0299972929	0.0834347	0.0834347	0.333333343	0.333333343	None
  5.466667	0.0339731276	0.115919024	0.115919024	0.333333343	0.333333343	None
  5.533334	0.0402835645	0.0356222838	0.0356222838	0.333333343	0.333333343	None
  5.60000038	0.03789103	-0.08741864	-0.08741864	0.333333343	0.333333343	None
  5.63333368	0.03427219	-0.141492113	-0.141492113	0.333333343	0.333333343	None
  5.666667	0.0284582321	-0.1518721	-0.1518721	0.333333343	0.333333343	None
  5.70000029	0.0241473932	-0.09383577	-0.09383577	0.333333343	0.333333343	None
  5.73333359	0.02220252	-0.0586438738	-0.0586438738	0.333333343	0.333333343	None
  5.766667	0.0202378053	-0.0391588919	-0.0391588919	0.333333343	0.333333343	None
  5.8	0.01959193	-0.0110279405	-0.0110279405	0.333333343	0.333333343	None
  5.83333349	0.01950261	0.011752082	0.011752082	0.333333343	0.333333343	None
  5.933334	0.0236230157	0.0605867021	0.0605867021	0.333333343	0.333333343	None
  6.00000048	0.0276063643	0.03369523	0.03369523	0.333333343	0.333333343	None
  6.033334	0.028011648	-0.00164137408	-0.00164137408	0.333333343	0.333333343	None
  6.066667	0.02749694	0.03750137	0.03750137	0.333333343	0.333333343	None
  6.10000038	0.0305117369	0.164356455	0.164356455	0.333333343	0.333333343	None
  6.13333368	0.038454026	0.2377418	0.2377418	0.333333343	0.333333343	None
  6.166667	0.0463611744	0.127736256	0.127736256	0.333333343	0.333333343	None
  6.20000029	0.0469697677	-0.0448478647	-0.0448478647	0.333333343	0.333333343	None
  6.23333359	0.04337132	-0.204151228	-0.204151228	0.333333343	0.333333343	None
  6.266667	0.0333597	-0.282098949	-0.282098949	0.333333343	0.333333343	None
  6.33333349	0.0172407031	-0.194788918	-0.194788918	0.333333343	0.333333343	None
  6.40000057	0.009127555	-0.008114476	-0.008114476	0.333333343	0.333333343	None
  6.433334	0.0110378256	0.08118251	0.08118251	0.333333343	0.333333343	None
  6.466667	0.0145397177	0.0536710955	0.0536710955	0.333333343	0.333333343	None
  6.50000048	0.0146158952	-0.0630293041	-0.0630293041	0.333333343	0.333333343	None
  6.533334	0.0103377681	-0.191115648	-0.191115648	0.333333343	0.333333343	None
  6.566667	0.001874864	-0.26504004	-0.26504004	0.333333343	0.333333343	None
  6.60000038	-0.00733155059	-0.2508941	-0.2508941	0.333333343	0.333333343	None
  6.63333368	-0.0148513932	-0.1690839	-0.1690839	0.333333343	0.333333343	None
  6.666667	-0.0186038	-0.0796053857	-0.0796053857	0.333333343	0.333333343	None
  6.70000029	-0.0201584138	-0.0228685644	-0.0228685644	0.333333343	0.333333343	None
  6.73333359	-0.02012837	-0.00292084459	-0.00292084459	0.333333343	0.333333343	None
  6.766667	-0.0203531366	-0.004119849	-0.004119849	0.333333343	0.333333343	None
  6.8	-0.0204030257	-0.0180325918	-0.0180325918	0.333333343	0.333333343	None
  6.83333349	-0.0215553083	-0.0269642733	-0.0269642733	0.333333343	0.333333343	None
  6.866667	-0.0222006422	-0.0176057555	-0.0176057555	0.333333343	0.333333343	None
  6.90000057	-0.0227290317	0.0291932486	0.0291932486	0.333333343	0.333333343	None
  6.966667	-0.0158314686	0.149418	0.149418	0.333333343	0.333333343	None
  7.00000048	-0.0102932444	0.157448471	0.157448471	0.333333343	0.333333343	None
  7.033334	-0.00533491373	0.1567404	0.1567404	0.333333343	0.333333343	None
  7.066667	0.000156105263	0.15997915	0.15997915	0.333333343	0.333333343	None
  7.10000038	0.005330353	0.158784211	0.158784211	0.333333343	0.333333343	None
  7.13333368	0.01074171	0.152817667	0.152817667	0.333333343	0.333333343	None
  7.20000029	0.0191536546	0.0859542042	0.0859542042	0.333333343	0.333333343	None
  7.23333359	0.0212484635	0.0589134358	0.0589134358	0.333333343	0.333333343	None
  7.3	0.024278013	0.0311767142	0.0311767142	0.333333343	0.333333343	None
  7.33333349	0.0251596589	0.0335783139	0.0335783139	0.333333343	0.333333343	None
  7.40000057	0.0277359132	0.0255560838	0.0255560838	0.333333343	0.333333343	None
  7.433334	0.028220322	0.016636502	0.016636502	0.333333343	0.333333343	None
  7.466667	0.0288450122	0.009374386	0.009374386	0.333333343	0.333333343	None
  7.50000048	0.02884528	0.00407564826	0.00407564826	0.333333343	0.333333343	None
  7.566667	0.0289657135	-0.00853354	-0.00853354	0.333333343	0.333333343	None
  7.666667	0.027697837	-0.02205982	-0.02205982	0.333333343	0.333333343	None
  7.73333359	0.02610487	-0.0167369433	-0.0167369433	0.333333343	0.333333343	None
  7.8	0.0252543427	-0.0135746188	-0.0135746188	0.333333343	0.333333343	None
  7.833334	0.024740696	-0.0285735466	-0.0285735466	0.333333343	0.333333343	None
  7.86666727	0.0233494341	-0.103950456	-0.103950456	0.333333343	0.333333343	None
  7.90000057	0.0178106725	-0.265201	-0.265201	0.333333343	0.333333343	None
  7.933334	0.00566938473	-0.416626573	-0.416626573	0.333333343	0.333333343	None
  7.966667	-0.009964406	-0.4165487	-0.4165487	0.333333343	0.333333343	None
  8	-0.02210033	-0.2822529	-0.2822529	0.333333343	0.333333343	None
  8.066668	-0.0324965641	-0.09636642	-0.09636642	0.333333343	0.333333343	None
  8.1	-0.0352056064	-0.0969537348	-0.0969537348	0.333333343	0.333333343	None
  8.133334	-0.0389601551	-0.133083463	-0.133083463	0.333333343	0.333333343	None
  8.166667	-0.04407781	-0.128038466	-0.128038466	0.333333343	0.333333343	None
  8.233334	-0.05065352	-0.105796829	-0.105796829	0.333333343	0.333333343	None
  8.3	-0.0572898462	-0.0526495539	-0.0526495539	0.333333343	0.333333343	None
  8.400001	-0.0580826923	7.243041E-05	7.243041E-05	0.333333343	0.333333343	None
  8.566668	-0.05635535	0.0426148176	0.0426148176	0.333333343	0.333333343	None
  8.633334	-0.05265714	0.06005226	0.06005226	0.333333343	0.333333343	None
  8.700001	-0.04701322	0.1314018	0.1314018	0.333333343	0.333333343	None
  8.766667	-0.0361293629	0.174112976	0.174112976	0.333333343	0.333333343	None
  8.833334	-0.02409321	0.184115022	0.184115022	0.333333343	0.333333343	None
  8.866667	-0.0180147924	0.14841257	0.14841257	0.333333343	0.333333343	None
  8.900001	-0.0141990809	0.117674105	0.117674105	0.333333343	0.333333343	None
  8.933333	-0.0101698628	0.12535046	0.12535046	0.333333343	0.333333343	None
  8.966667	-0.005842387	0.12351574	0.12351574	0.333333343	0.333333343	None
  9	-0.001935482	0.11412546	0.11412546	0.333333343	0.333333343	None
  9.033334	0.00176596676	0.103912748	0.103912748	0.333333343	0.333333343	None
  9.066668	0.004992127	0.09183213	0.09183213	0.333333343	0.333333343	None
  9.1	0.007888108	0.08106589	0.08106589	0.333333343	0.333333343	None
  9.133334	0.0103965094	0.07703446	0.07703446	0.333333343	0.333333343	None
  9.233334	0.0190047845	0.100502431	0.100502431	0.333333343	0.333333343	None
  9.266667	0.0225158054	0.09757344	0.09757344	0.333333343	0.333333343	None
  9.333334	0.0286615472	0.09721149	0.09721149	0.333333343	0.333333343	None
  9.400001	0.03484001	0.0713814944	0.0713814944	0.333333343	0.333333343	None
  9.433333	0.0367492139	0.0619148761	0.0619148761	0.333333343	0.333333343	None
  9.500001	0.04058289	0.0437495969	0.0437495969	0.333333343	0.333333343	None
  9.700001	0.04170514	-0.0322833	-0.0322833	0.333333343	0.333333343	None
  9.733334	0.0402891971	-0.0305655915	-0.0305655915	0.333333343	0.333333343	None
  9.8	0.0388078056	-0.0213434827	-0.0213434827	0.333333343	0.333333343	None
  9.833334	0.0382445529	-0.0330516733	-0.0330516733	0.333333343	0.333333343	None
  9.900001	0.0351498127	-0.0248760153	-0.0248760153	0.333333343	0.333333343	None
  9.966667	0.034711808	-0.0130674364	-0.0130674364	0.333333343	0.333333343	None
  10.0666676	0.032931082	-0.0232185852	-0.0232185852	0.333333343	0.333333343	None
  10.1333342	0.0305302441	-0.04087684	-0.04087684	0.333333343	0.333333343	None
  10.166667	0.02925405	-0.01914319	-0.01914319	0.333333343	0.333333343	None
  10.2000008	0.02925405	0	0	0.333333343	0.333333343	None
FLOAT UnityEngine.Animator||Chest Twist Left-Right discrete=False keys=226 pre=ClampForever post=ClampForever
  0	-0.0569781661	0.01963388	0.01963388	0.333333343	0.333333343	None
  0.06666667	-0.0556150638	0.0364994965	0.0364994965	0.333333343	0.333333343	None
  0.100000009	-0.0538904034	0.0219027475	0.0219027475	0.333333343	0.333333343	None
  0.13333334	-0.05415488	0.0206394885	0.0206394885	0.333333343	0.333333343	None
  0.200000018	-0.0503219925	0.05681745	0.05681745	0.333333343	0.333333343	None
  0.333333343	-0.0448358022	0.0562620237	0.0562620237	0.333333343	0.333333343	None
  0.4666667	-0.035707172	0.0591265336	0.0591265336	0.333333343	0.333333343	None
  0.5	-0.0340189971	0.0329508446	0.0329508446	0.333333343	0.333333343	None
  0.533333361	-0.03351045	0.0417620428	0.0417620428	0.333333343	0.333333343	None
  0.5666667	-0.0312348586	0.0668353438	0.0668353438	0.333333343	0.333333343	None
  0.6666667	-0.02565962	0.0376421	0.0376421	0.333333343	0.333333343	None
  0.733333349	-0.0231018662	0.0459704362	0.0459704362	0.333333343	0.333333343	None
  0.8333334	-0.0178399086	0.05873239	0.05873239	0.333333343	0.333333343	None
  0.900000036	-0.013272644	0.08594598	0.08594598	0.333333343	0.333333343	None
  0.9333334	-0.0100952974	0.11303103	0.11303103	0.333333343	0.333333343	None
  0.9666667	-0.00573724369	0.106352359	0.106352359	0.333333343	0.333333343	None
  1	-0.00300514651	0.0787281245	0.0787281245	0.333333343	0.333333343	None
  1.03333342	-0.0004886982	0.07185228	0.07185228	0.333333343	0.333333343	None
  1.06666672	0.0017850101	0.06626	0.06626	0.333333343	0.333333343	None
  1.1	0.003928631	0.05867596	0.05867596	0.333333343	0.333333343	None
  1.13333344	0.00569674326	0.05303125	0.05303125	0.333333343	0.333333343	None
  1.2	0.009889305	0.0935381353	0.0935381353	0.333333343	0.333333343	None
  1.23333335	0.0136999208	0.09303509	0.09303509	0.333333343	0.333333343	None
  1.26666677	0.0160916466	0.040273197	0.040273197	0.333333343	0.333333343	None
  1.30000007	0.0163848065	0.0272982363	0.0272982363	0.333333343	0.333333343	None
  1.33333337	0.0179115273	0.09240337	0.09240337	0.333333343	0.333333343	None
  1.4000001	0.0307335574	0.318537951	0.318537951	0.333333343	0.333333343	None
  1.4333334	0.0437808856	0.41521436	0.41521436	0.333333343	0.333333343	None
  1.4666667	0.05841449	0.948233247	0.948233247	0.333333343	0.333333343	None
  1.53333342	0.175403312	2.11266756	2.11266756	0.333333343	0.333333343	None
  1.60000014	0.314762115	1.84998393	1.84998393	0.333333343	0.333333343	None
  1.63333344	0.3711733	1.29963124	1.29963124	0.333333343	0.333333343	None
  1.76666677	0.3781867	-0.605711758	-0.605711758	0.333333343	0.333333343	None
  1.83333337	0.343974024	-0.205700129	-0.205700129	0.333333343	0.333333343	None
  1.9000001	0.3457145	0.03632653	0.03632653	0.333333343	0.333333343	None
  1.9333334	0.346197546	-0.07212662	-0.07212662	0.333333343	0.333333343	None
  2	0.341531	0.08440915	0.08440915	0.333333343	0.333333343	None
  2.10000014	0.340150565	-0.3629153	-0.3629153	0.333333343	0.333333343	None
  2.2	0.284994155	-0.6201139	-0.6201139	0.333333343	0.333333343	None
  2.266667	0.240680486	-0.614986	-0.614986	0.333333343	0.333333343	None
  2.33333349	0.202061489	-0.6353817	-0.6353817	0.333333343	0.333333343	None
  2.4666667	0.109104708	-0.6907369	-0.6907369	0.333333343	0.333333343	None
  2.50000024	0.08667532	-0.5662227	-0.5662227	0.333333343	0.333333343	None
  2.53333354	0.0713564	-0.3945909	-0.3945909	0.333333343	0.333333343	None
  2.56666684	0.0603692867	-0.247461855	-0.247461855	0.333333343	0.333333343	None
  2.63333344	0.0510577261	-0.114572063	-0.114572063	0.333333343	0.333333343	None
  2.7	0.0426498	-0.156936854	-0.156936854	0.333333343	0.333333343	None
  2.73333359	0.03675834	-0.16578	-0.16578	0.333333343	0.333333343	None
  2.766667	0.03159777	-0.151477933	-0.151477933	0.333333343	0.333333343	None
  2.80000019	0.0266598221	-0.110053904	-0.110053904	0.333333343	0.333333343	None
  2.83333349	0.02426085	-0.04076439	-0.04076439	0.333333343	0.333333343	None
  2.86666679	0.0239421986	-0.00762421452	-0.00762421452	0.333333343	0.333333343	None
  2.9	0.02375257	0.0233553573	0.0233553573	0.333333343	0.333333343	None
  2.9333334	0.0254992209	-0.007732602	-0.007732602	0.333333343	0.333333343	None
  2.966667	0.0232370477	0.0588011369	0.0588011369	0.333333343	0.333333343	None
  3.00000024	0.0294192769	0.09123688	0.09123688	0.333333343	0.333333343	None
  3.03333354	0.0293195	-0.0239387937	-0.0239387937	0.333333343	0.333333343	None
  3.06666684	0.0278233588	0.00304562412	0.00304562412	0.333333343	0.333333343	None
  3.10000014	0.0295225419	0.0118245855	0.0118245855	0.333333343	0.333333343	None
  3.13333344	0.0286116637	-0.01629044	-0.01629044	0.333333343	0.333333343	None
  3.23333359	0.0291762576	0.00673486572	0.00673486572	0.333333343	0.333333343	None
  3.30000019	0.02956518	0.01898204	0.01898204	0.333333343	0.333333343	None
  3.33333349	0.030401228	0.0251941252	0.0251941252	0.333333343	0.333333343	None
  3.36666679	0.0312447865	0.05051283	0.05051283	0.333333343	0.333333343	None
  3.4333334	0.0374390855	0.119544417	0.119544417	0.333333343	0.333333343	None
  3.466667	0.0417384	0.116442159	0.116442159	0.333333343	0.333333343	None
  3.50000024	0.04520192	0.105394654	0.105394654	0.333333343	0.333333343	None
  3.53333354	0.0487647019	0.0269280635	0.0269280635	0.333333343	0.333333343	None
  3.63333344	0.04055768	-0.0118003916	-0.0118003916	0.333333343	0.333333343	None
  3.70000029	0.046631	0.141946316	0.141946316	0.333333343	0.333333343	None
  3.73333359	0.05176101	0.1172678	0.1172678	0.333333343	0.333333343	None
  3.83333349	0.053038	-0.112295143	-0.112295143	0.333333343	0.333333343	None
  3.86666679	0.04757969	-0.197106332	-0.197106332	0.333333343	0.333333343	None
  3.9	0.03989759	-0.198107392	-0.198107392	0.333333343	0.333333343	None
  3.93333364	0.0343725048	-0.157460064	-0.157460064	0.333333343	0.333333343	None
  3.966667	0.0294002239	-0.12625201	-0.12625201	0.333333343	0.333333343	None
  4	0.0259557366	-0.119471751	-0.119471751	0.333333343	0.333333343	None
  4.033334	0.0214354079	-0.116325229	-0.116325229	0.333333343	0.333333343	None
  4.066667	0.0182006638	-0.117842935	-0.117842935	0.333333343	0.333333343	None
  4.10000038	0.01357922	-0.145732552	-0.145732552	0.333333343	0.333333343	None
  4.13333368	0.008485169	-0.185040414	-0.185040414	0.333333343	0.333333343	None
  4.166667	0.00124320376	-0.204380512	-0.204380512	0.333333343	0.333333343	None
  4.20000029	-0.00514018536	-0.169466138	-0.169466138	0.333333343	0.333333343	None
  4.23333359	-0.0100545287	-0.114286318	-0.114286318	0.333333343	0.333333343	None
  4.266667	-0.0127592664	-0.086235784	-0.086235784	0.333333343	0.333333343	None
  4.3	-0.0158035755	-0.08133547	-0.08133547	0.333333343	0.333333343	None
  4.33333349	-0.0181816258	-0.08750715	-0.08750715	0.333333343	0.333333343	None
  4.4	-0.0250314437	-0.0866863951	-0.0866863951	0.333333343	0.333333343	None
  4.4333334	-0.0274164677	-0.0234882645	-0.0234882645	0.333333343	0.333333343	None
  4.4666667	-0.0265973266	0.0250572488	0.0250572488	0.333333343	0.333333343	None
  4.5	-0.025745986	0.0440871753	0.0440871753	0.333333343	0.333333343	None
  4.533334	-0.0236581545	0.0720813349	0.0720813349	0.333333343	0.333333343	None
  4.566667	-0.0209405385	0.061460197	0.061460197	0.333333343	0.333333343	None
  4.60000038	-0.019560812	-0.0325245261	-0.0325245261	0.333333343	0.333333343	None
  4.63333368	-0.0231088381	-0.142674834	-0.142674834	0.333333343	0.333333343	None
  4.666667	-0.0290724579	-0.143503711	-0.143503711	0.333333343	0.333333343	None
  4.70000029	-0.0326757431	-0.0641880855	-0.0641880855	0.333333343	0.333333343	None
  4.73333359	-0.03335166	-0.0185232982	-0.0185232982	0.333333343	0.333333343	None
  4.766667	-0.03391063	-0.02758392	-0.02758392	0.333333343	0.333333343	None
  4.83333349	-0.03547544	0.0296036266	0.0296036266	0.333333343	0.333333343	None
  4.9	-0.02904725	0.160956889	0.160956889	0.333333343	0.333333343	None
  4.9333334	-0.0224865638	0.19204098	0.19204098	0.333333343	0.333333343	None
  4.9666667	-0.01624453	0.163868651	0.163868651	0.333333343	0.333333343	None
  5.00000048	-0.01156193	0.0670435652	0.0670435652	0.333333343	0.333333343	None
  5.033334	-0.0117748966	-0.0495189354	-0.0495189354	0.333333343	0.333333343	None
  5.066667	-0.0148631893	-0.0832907856	-0.0832907856	0.333333343	0.333333343	None
  5.10000038	-0.01732761	0.00749135	0.00749135	0.333333343	0.333333343	None
  5.13333368	-0.0143637666	0.107559457	0.107559457	0.333333343	0.333333343	None
  5.166667	-0.0101569872	0.0897039	0.0897039	0.333333343	0.333333343	None
  5.20000029	-0.0083835125	0.0383422	0.0383422	0.333333343	0.333333343	None
  5.23333359	-0.007600843	0.0331601761	0.0331601761	0.333333343	0.333333343	None
  5.266667	-0.00617283629	0.0410619564	0.0410619564	0.333333343	0.333333343	None
  5.3	-0.004863382	0.04531865	0.04531865	0.333333343	0.333333343	None
  5.33333349	-0.00315159583	0.04421626	0.04421626	0.333333343	0.333333343	None
  5.366667	-0.00191563379	0.033474	0.033474	0.333333343	0.333333343	None
  5.4	-0.000919998	0.0301909745	0.0301909745	0.333333343	0.333333343	None
  5.4333334	9.709586E-05	0.0302913412	0.0302913412	0.333333343	0.333333343	None
  5.466667	0.00109943713	0.0218464	0.0218464	0.333333343	0.333333343	None
  5.50000048	0.00155353546	0.0105853509	0.0105853509	0.333333343	0.333333343	None
  5.533334	0.00180512655	0.01600878	0.01600878	0.333333343	0.333333343	None
  5.566667	0.00262078643	0.0461273342	0.0461273342	0.333333343	0.333333343	None
  5.60000038	0.0048802793	0.06162914	0.06162914	0.333333343	0.333333343	None
  5.63333368	0.006729392	0.034073472	0.034073472	0.333333343	0.333333343	None
  5.666667	0.007151842	-0.06179006	-0.06179006	0.333333343	0.333333343	None
  5.70000029	0.00261005852	-0.160731539	-0.160731539	0.333333343	0.333333343	None
  5.73333359	-0.00356358336	-0.214052588	-0.214052588	0.333333343	0.333333343	None
  5.766667	-0.0116601	-0.2518838	-0.2518838	0.333333343	0.333333343	None
  5.8	-0.02035582	-0.240932316	-0.240932316	0.333333343	0.333333343	None
  5.83333349	-0.02772224	-0.150488213	-0.150488213	0.333333343	0.333333343	None
  5.933334	-0.02578139	0.127948776	0.127948776	0.333333343	0.333333343	None
  6.00000048	-0.0131916385	0.272845268	0.272845268	0.333333343	0.333333343	None
  6.033334	-0.00248909	0.342436582	0.342436582	0.333333343	0.333333343	None
  6.066667	0.009637445	0.273412555	0.273412555	0.333333343	0.333333343	None
  6.10000038	0.015738396	0.113694951	0.113694951	0.333333343	0.333333343	None
  6.13333368	0.0172171015	-0.08238546	-0.08238546	0.333333343	0.333333343	None
  6.166667	0.0102460375	-0.2943781	-0.2943781	0.333333343	0.333333343	None
  6.20000029	-0.00240808679	-0.4106519	-0.4106519	0.333333343	0.333333343	None
  6.23333359	-0.01713073	-0.348427355	-0.348427355	0.333333343	0.333333343	None
  6.266667	-0.0256365556	-0.104453392	-0.104453392	0.333333343	0.333333343	None
  6.3	-0.0240942836	0.113280557	0.113280557	0.333333343	0.333333343	None
  6.33333349	-0.0180845261	0.16706422	0.16706422	0.333333343	0.333333343	None
  6.366667	-0.01295668	0.161478668	0.161478668	0.333333343	0.333333343	None
  6.40000057	-0.00731921149	0.140653983	0.140653983	0.333333343	0.333333343	None
  6.433334	-0.003579676	0.100494407	0.100494407	0.333333343	0.333333343	None
  6.466667	-0.000619590457	0.0436208	0.0436208	0.333333343	0.333333343	None
  6.50000048	-0.0006716252	-0.040289484	-0.040289484	0.333333343	0.333333343	None
  6.533334	-0.00330555346	-0.07964557	-0.07964557	0.333333343	0.333333343	None
  6.566667	-0.00598132471	-0.0642765	-0.0642765	0.333333343	0.333333343	None
  6.60000038	-0.00759064965	0.00699249655	0.00699249655	0.333333343	0.333333343	None
  6.63333368	-0.00551515864	0.05120877	0.05120877	0.333333343	0.333333343	None
  6.666667	-0.004176735	0.0336751677	0.0336751677	0.333333343	0.333333343	None
  6.70000029	-0.0032701497	0.0476843454	0.0476843454	0.333333343	0.333333343	None
  6.73333359	-0.0009977819	0.0484487973	0.0484487973	0.333333343	0.333333343	None
  6.766667	-4.02331134E-05	-0.0189739652	-0.0189739652	0.333333343	0.333333343	None
  6.8	-0.00226271152	-0.106859311	-0.106859311	0.333333343	0.333333343	None
  6.83333349	-0.00716418028	-0.141065538	-0.141065538	0.333333343	0.333333343	None
  6.866667	-0.0116670718	-0.199409753	-0.199409753	0.333333343	0.333333343	None
  6.90000057	-0.0204582773	-0.09779684	-0.09779684	0.333333343	0.333333343	None
  6.933334	-0.01818698	0.09515947	0.09515947	0.333333343	0.333333343	None
  6.966667	-0.0141143184	0.03459237	0.03459237	0.333333343	0.333333343	None
  7.00000048	-0.015880825	-0.131538391	-0.131538391	0.333333343	0.333333343	None
  7.033334	-0.0228835363	-0.227888674	-0.227888674	0.333333343	0.333333343	None
  7.066667	-0.03107339	-0.189948708	-0.189948708	0.333333343	0.333333343	None
  7.10000038	-0.0355467722	-0.06879076	-0.06879076	0.333333343	0.333333343	None
  7.13333368	-0.0356594361	-0.00165766268	-0.00165766268	0.333333343	0.333333343	None
  7.166667	-0.0356572829	0.0206316281	0.0206316281	0.333333343	0.333333343	None
  7.20000029	-0.0342839956	0.02388247	0.02388247	0.333333343	0.333333343	None
  7.23333359	-0.03406512	-0.028050568	-0.028050568	0.333333343	0.333333343	None
  7.33333349	-0.0425242819	-0.06323004	-0.06323004	0.333333343	0.333333343	None
  7.40000057	-0.0437398478	-0.009720502	-0.009720502	0.333333343	0.333333343	None
  7.433334	-0.0443379879	0.0141942082	0.0141942082	0.333333343	0.333333343	None
  7.466667	-0.04279357	0.03088304	0.03088304	0.333333343	0.333333343	None
  7.533334	-0.0428300463	-0.0123195648	-0.0123195648	0.333333343	0.333333343	None
  7.60000038	-0.0439356528	-0.0242522769	-0.0242522769	0.333333343	0.333333343	None
  7.63333368	-0.04471724	-0.015312802	-0.015312802	0.333333343	0.333333343	None
  7.666667	-0.0449565053	-0.020872971	-0.020872971	0.333333343	0.333333343	None
  7.766667	-0.0486885346	-0.0157633573	-0.0157633573	0.333333343	0.333333343	None
  7.86666727	-0.047242824	0.02525861	0.02525861	0.333333343	0.333333343	None
  7.90000057	-0.046452634	0.09544929	0.09544929	0.333333343	0.333333343	None
  7.933334	-0.0408795439	0.258715272	0.258715272	0.333333343	0.333333343	None
  7.966667	-0.0292049646	0.353024364	0.353024364	0.333333343	0.333333343	None
  8	-0.0173447765	0.379495025	0.379495025	0.333333343	0.333333343	None
  8.033334	-0.00390529656	0.3960256	0.3960256	0.333333343	0.333333343	None
  8.066668	0.009057283	0.30855915	0.30855915	0.333333343	0.333333343	None
  8.1	0.0166653711	0.120644733	0.120644733	0.333333343	0.333333343	None
  8.133334	0.0171001554	-0.204633072	-0.204633072	0.333333343	0.333333343	None
  8.166667	0.0030233867	-0.470912516	-0.470912516	0.333333343	0.333333343	None
  8.200001	-0.0142940292	-0.298623562	-0.298623562	0.333333343	0.333333343	None
  8.233334	-0.0168850422	-0.0242291111	-0.0242291111	0.333333343	0.333333343	None
  8.266667	-0.01590925	0.05041247	0.05041247	0.333333343	0.333333343	None
  8.3	-0.0135242343	0.0562139973	0.0562139973	0.333333343	0.333333343	None
  8.333334	-0.0121616693	-0.000917900354	-0.000917900354	0.333333343	0.333333343	None
  8.366667	-0.0135853877	-0.078245014	-0.078245014	0.333333343	0.333333343	None
  8.400001	-0.0173780322	-0.11327251	-0.11327251	0.333333343	0.333333343	None
  8.433333	-0.0211368818	-0.09337345	-0.09337345	0.333333343	0.333333343	None
  8.466667	-0.0236029048	-0.0611863956	-0.0611863956	0.333333343	0.333333343	None
  8.533334	-0.0253098626	0.0303434823	0.0303434823	0.333333343	0.333333343	None
  8.566668	-0.0231930576	0.0513936281	0.0513936281	0.333333343	0.333333343	None
  8.6	-0.0218836125	0.0180971287	0.0180971287	0.333333343	0.333333343	None
  8.633334	-0.0219866037	-0.08370227	-0.08370227	0.333333343	0.333333343	None
  8.666667	-0.027463682	-0.165503219	-0.165503219	0.333333343	0.333333343	None
  8.700001	-0.0330201425	-0.199790254	-0.199790254	0.333333343	0.333333343	None
  8.733334	-0.0407829881	-0.2544905	-0.2544905	0.333333343	0.333333343	None
  8.766667	-0.04998618	-0.21399948	-0.21399948	0.333333343	0.333333343	None
  8.8	-0.0550496653	-0.0980249345	-0.0980249345	0.333333343	0.333333343	None
  8.833334	-0.0565211177	-0.0422286019	-0.0422286019	0.333333343	0.333333343	None
  8.900001	-0.0588240623	0.0114269629	0.0114269629	0.333333343	0.333333343	None
  8.933333	-0.0571031459	0.0416415334	0.0416415334	0.333333343	0.333333343	None
  9	-0.0565372072	-0.02199146	-0.02199146	0.333333343	0.333333343	None
  9.066668	-0.0611307621	-0.148919478	-0.148919478	0.333333343	0.333333343	None
  9.133334	-0.07401233	-0.1923306	-0.1923306	0.333333343	0.333333343	None
  9.233334	-0.08938997	-0.07135799	-0.07135799	0.333333343	0.333333343	None
  9.366667	-0.0881266743	0.0522069559	0.0522069559	0.333333343	0.333333343	None
  9.433333	-0.08441499	0.03925998	0.03925998	0.333333343	0.333333343	None
  9.466667	-0.08390003	0.0380032659	0.0380032659	0.333333343	0.333333343	None
  9.566668	-0.07768052	0.04540751	0.04540751	0.333333343	0.333333343	None
  9.700001	-0.0741325	0.0209131949	0.0209131949	0.333333343	0.333333343	None
  9.733334	-0.07345443	0.0558755472	0.0558755472	0.333333343	0.333333343	None
  9.8	-0.0660188049	0.137758076	0.137758076	0.333333343	0.333333343	None
  9.833334	-0.0612235665	0.108612686	0.108612686	0.333333343	0.333333343	None
  9.900001	-0.05757576	0.0478937961	0.0478937961	0.333333343	0.333333343	None
  10.000001	-0.0535175875	-0.0359690934	-0.0359690934	0.333333343	0.333333343	None
  10.0666676	-0.05829567	-0.040208485	-0.040208485	0.333333343	0.333333343	None
  10.1333342	-0.0583900735	0.0265620537	0.0265620537	0.333333343	0.333333343	None
  10.166667	-0.05697817	0.021178877	0.021178877	0.333333343	0.333333343	None
  10.2000008	-0.05697817	0	0	0.333333343	0.333333343	None
FLOAT UnityEngine.Animator||Head Nod Down-Up discrete=False keys=169 pre=ClampForever post=ClampForever
  0	-0.188928649	0.00808686	0.00808686	0.333333343	0.333333343	None
  0.233333349	-0.174066037	0.1425487	0.1425487	0.333333343	0.333333343	None
  0.4666667	-0.141097352	0.14131695	0.14131695	0.333333343	0.333333343	None
  0.5666667	-0.117017791	0.389786065	0.389786065	0.333333343	0.333333343	None
  0.6666667	-0.07674233	0.238124073	0.238124073	0.333333343	0.333333343	None
  0.7666667	-0.068767786	0.130245835	0.130245835	0.333333343	0.333333343	None
  0.8333334	-0.05205869	0.350436926	0.350436926	0.333333343	0.333333343	None
  0.900000036	-0.026579896	0.337143183	0.337143183	0.333333343	0.333333343	None
  0.9333334	-0.0166440513	0.235245779	0.235245779	0.333333343	0.333333343	None
  0.9666667	-0.0108968411	0.177081555	0.177081555	0.333333343	0.333333343	None
  1	-0.00483862543	0.213592961	0.213592961	0.333333343	0.333333343	None
  1.03333342	0.003342705	0.266783953	0.266783953	0.333333343	0.333333343	None
  1.06666672	0.0129469829	0.2867309	0.2867309	0.333333343	0.333333343	None
  1.1	0.0224580783	0.285417557	0.285417557	0.333333343	0.333333343	None
  1.16666675	0.04049301	0.2265573	0.2265573	0.333333343	0.333333343	None
  1.26666677	0.0576635152	0.17427893	0.17427893	0.333333343	0.333333343	None
  1.33333337	0.07124778	0.2680526	0.2680526	0.333333343	0.333333343	None
  1.36666679	0.08186207	0.3923701	0.3923701	0.333333343	0.333333343	None
  1.4000001	0.0974058	0.468517661	0.468517661	0.333333343	0.333333343	None
  1.4333334	0.11309655	0.182177156	0.182177156	0.333333343	0.333333343	None
  1.4666667	0.109550931	-0.38974	-0.38974	0.333333343	0.333333343	None
  1.50000012	0.08711383	-0.641033947	-0.641033947	0.333333343	0.333333343	None
  1.53333342	0.0668152943	-0.5325352	-0.5325352	0.333333343	0.333333343	None
  1.56666672	0.0516115166	-0.439272076	-0.439272076	0.333333343	0.333333343	None
  1.60000014	0.0375304669	-0.369044423	-0.369044423	0.333333343	0.333333343	None
  1.63333344	0.0270085279	-0.0241210163	-0.0241210163	0.333333343	0.333333343	None
  1.66666675	0.0359224	0.225569218	0.225569218	0.333333343	0.333333343	None
  1.7	0.04204646	0.10939002	0.10939002	0.333333343	0.333333343	None
  1.73333347	0.0432150662	0.07681641	0.07681641	0.333333343	0.333333343	None
  1.76666677	0.0471675545	0.269494921	0.269494921	0.333333343	0.333333343	None
  1.80000007	0.0611813776	0.389280677	0.389280677	0.333333343	0.333333343	None
  1.83333337	0.07311957	-0.163651958	-0.163651958	0.333333343	0.333333343	None
  1.86666679	0.0502711758	-0.993410349	-0.993410349	0.333333343	0.333333343	None
  1.9000001	0.0068921973	-1.26345253	-1.26345253	0.333333343	0.333333343	None
  1.9333334	-0.03395891	-1.13767517	-1.13767517	0.333333343	0.333333343	None
  2	-0.101446882	-0.9492209	-0.9492209	0.333333343	0.333333343	None
  2.03333354	-0.1322343	-0.632624865	-0.632624865	0.333333343	0.333333343	None
  2.06666684	-0.143622056	0.003643334	0.003643334	0.333333343	0.333333343	None
  2.13333344	-0.101305895	1.19195354	1.19195354	0.333333343	0.333333343	None
  2.16666675	-0.05252792	1.59747314	1.59747314	0.333333343	0.333333343	None
  2.2	0.005192216	1.73882973	1.73882973	0.333333343	0.333333343	None
  2.23333335	0.06339395	1.60620248	1.60620248	0.333333343	0.333333343	None
  2.30000019	0.150785238	1.04161692	1.04161692	0.333333343	0.333333343	None
  2.4333334	0.2388423	0.338955551	0.338955551	0.333333343	0.333333343	None
  2.56666684	0.247218475	-0.112189755	-0.112189755	0.333333343	0.333333343	None
  2.66666675	0.241595864	0.0159231722	0.0159231722	0.333333343	0.333333343	None
  2.83333349	0.2370653	0.0187213887	0.0187213887	0.333333343	0.333333343	None
  2.966667	0.237368956	-0.0508746244	-0.0508746244	0.333333343	0.333333343	None
  3.03333354	0.231959566	-0.0327663459	-0.0327663459	0.333333343	0.333333343	None
  3.16666675	0.228636071	-0.068381846	-0.068381846	0.333333343	0.333333343	None
  3.30000019	0.220532328	-0.0336615331	-0.0336615331	0.333333343	0.333333343	None
  3.4	0.213362828	-0.193117455	-0.193117455	0.333333343	0.333333343	None
  3.466667	0.1849562	-0.8986007	-0.8986007	0.333333343	0.333333343	None
  3.53333354	0.0894971639	-1.81723952	-1.81723952	0.333333343	0.333333343	None
  3.56666684	0.02342343	-1.54607844	-1.54607844	0.333333343	0.333333343	None
  3.60000014	-0.0135746319	-0.875156045	-0.875156045	0.333333343	0.333333343	None
  3.63333344	-0.0349202529	-0.5590411	-0.5590411	0.333333343	0.333333343	None
  3.70000029	-0.0611316822	-0.2092842	-0.2092842	0.333333343	0.333333343	None
  3.73333359	-0.06479634	0.0166980512	0.0166980512	0.333333343	0.333333343	None
  3.766667	-0.06001848	0.41360417	0.41360417	0.333333343	0.333333343	None
  3.80000019	-0.0372227579	1.27278769	1.27278769	0.333333343	0.333333343	None
  3.83333349	0.0248339549	2.207902	2.207902	0.333333343	0.333333343	None
  3.86666679	0.109970562	2.208277	2.208277	0.333333343	0.333333343	None
  3.9	0.172052279	1.28665376	1.28665376	0.333333343	0.333333343	None
  3.966667	0.196035832	-0.02921243	-0.02921243	0.333333343	0.333333343	None
  4.033334	0.1950403	0.1478439	0.1478439	0.333333343	0.333333343	None
  4.066667	0.203656361	0.274468243	0.274468243	0.333333343	0.333333343	None
  4.13333368	0.226243839	0.447377682	0.447377682	0.333333343	0.333333343	None
  4.20000029	0.258680731	0.3408796	0.3408796	0.333333343	0.333333343	None
  4.366667	0.251863956	-0.154959634	-0.154959634	0.333333343	0.333333343	None
  4.4666667	0.2298042	-0.2964369	-0.2964369	0.333333343	0.333333343	None
  4.566667	0.20307675	-0.08155979	-0.08155979	0.333333343	0.333333343	None
  4.666667	0.211820871	0.0221979823	0.0221979823	0.333333343	0.333333343	None
  4.73333359	0.205641359	-0.21880722	-0.21880722	0.333333343	0.333333343	None
  4.766667	0.196039811	-0.178753525	-0.178753525	0.333333343	0.333333343	None
  4.8	0.193724468	-0.07921085	-0.07921085	0.333333343	0.333333343	None
  4.866667	0.187427163	-0.117102012	-0.117102012	0.333333343	0.333333343	None
  4.9333334	0.166397363	-0.8217078	-0.8217078	0.333333343	0.333333343	None
  4.9666667	0.128171831	-1.27005076	-1.27005076	0.333333343	0.333333343	None
  5.00000048	0.08172673	-1.29429829	-1.29429829	0.333333343	0.333333343	None
  5.033334	0.0418846942	-1.11495423	-1.11495423	0.333333343	0.333333343	None
  5.066667	0.007396523	-0.7588423	-0.7588423	0.333333343	0.333333343	None
  5.10000038	-0.008704742	-0.276066363	-0.276066363	0.333333343	0.333333343	None
  5.13333368	-0.0110078845	0.0489482954	0.0489482954	0.333333343	0.333333343	None
  5.166667	-0.005441526	0.194172382	0.194172382	0.333333343	0.333333343	None
  5.20000029	0.00193692779	0.210435838	0.210435838	0.333333343	0.333333343	None
  5.23333359	0.008587517	0.2714746	0.2714746	0.333333343	0.333333343	None
  5.266667	0.0200352166	0.437728882	0.437728882	0.333333343	0.333333343	None
  5.3	0.0377694145	0.78246	0.78246	0.333333343	0.333333343	None
  5.33333349	0.0721991658	1.22173488	1.22173488	0.333333343	0.333333343	None
  5.366667	0.119218327	1.37173355	1.37173355	0.333333343	0.333333343	None
  5.4333334	0.19753	0.83620584	0.83620584	0.333333343	0.333333343	None
  5.50000048	0.234615549	0.410269529	0.410269529	0.333333343	0.333333343	None
  5.566667	0.250538081	0.0579161	0.0579161	0.333333343	0.333333343	None
  5.70000029	0.248779207	-0.0492608249	-0.0492608249	0.333333343	0.333333343	None
  5.866667	0.193863526	-0.775081158	-0.775081158	0.333333343	0.333333343	None
  5.9	0.164840221	-0.9406848	-0.9406848	0.333333343	0.333333343	None
  5.933334	0.131150782	-0.9394957	-0.9394957	0.333333343	0.333333343	None
  5.966667	0.102206752	-0.82700336	-0.82700336	0.333333343	0.333333343	None
  6.00000048	0.0760172755	-0.660655558	-0.660655558	0.333333343	0.333333343	None
  6.033334	0.05816309	-0.264327049	-0.264327049	0.333333343	0.333333343	None
  6.066667	0.05839549	0.171653375	0.171653375	0.333333343	0.333333343	None
  6.13333368	0.0989406854	1.26058078	1.26058078	0.333333343	0.333333343	None
  6.166667	0.153645277	2.00211334	2.00211334	0.333333343	0.333333343	None
  6.20000029	0.232414782	1.88456118	1.88456118	0.333333343	0.333333343	None
  6.266667	0.294457138	0.11144992	0.11144992	0.333333343	0.333333343	None
  6.3	0.286712557	-0.2667558	-0.2667558	0.333333343	0.333333343	None
  6.366667	0.2699468	0.0111872405	0.0111872405	0.333333343	0.333333343	None
  6.533334	0.343807757	0.230769888	0.230769888	0.333333343	0.333333343	None
  6.666667	0.326770723	-0.0527456924	-0.0527456924	0.333333343	0.333333343	None
  6.83333349	0.32823652	-0.1704322	-0.1704322	0.333333343	0.333333343	None
  6.933334	0.2533617	-1.52153015	-1.52153015	0.333333343	0.333333343	None
  6.966667	0.19291842	-1.76079774	-1.76079774	0.333333343	0.333333343	None
  7.00000048	0.1359753	-1.47559929	-1.47559929	0.333333343	0.333333343	None
  7.033334	0.09454523	-1.1555078	-1.1555078	0.333333343	0.333333343	None
  7.066667	0.05894152	-0.8916232	-0.8916232	0.333333343	0.333333343	None
  7.13333368	0.0232188255	-0.170763582	-0.170763582	0.333333343	0.333333343	None
  7.166667	0.02371951	0.217861682	0.217861682	0.333333343	0.333333343	None
  7.20000029	0.0377429239	0.563681543	0.563681543	0.333333343	0.333333343	None
  7.23333359	0.0612982437	0.686985254	0.686985254	0.333333343	0.333333343	None
  7.266667	0.0835419	0.556836247	0.556836247	0.333333343	0.333333343	None
  7.33333349	0.1066176	0.142794624	0.142794624	0.333333343	0.333333343	None
  7.40000057	0.1059179	-0.05627291	-0.05627291	0.333333343	0.333333343	None
  7.533334	0.09579823	-0.116765834	-0.116765834	0.333333343	0.333333343	None
  7.666667	0.0726334155	-0.163602948	-0.163602948	0.333333343	0.333333343	None
  7.70000029	0.06770828	-0.189423367	-0.189423367	0.333333343	0.333333343	None
  7.766667	0.05210692	-0.23429	-0.23429	0.333333343	0.333333343	None
  7.833334	0.0383798927	-0.1343513	-0.1343513	0.333333343	0.333333343	None
  7.86666727	0.035429053	0.116338477	0.116338477	0.333333343	0.333333343	None
  7.90000057	0.0461357832	0.6767092	0.6767092	0.333333343	0.333333343	None
  7.933334	0.08054295	1.1106801	1.1106801	0.333333343	0.333333343	None
  7.966667	0.120181046	0.6383062	0.6383062	0.333333343	0.333333343	None
  8	0.123096615	-0.322800636	-0.322800636	0.333333343	0.333333343	None
  8.033334	0.09866063	-0.5853551	-0.5853551	0.333333343	0.333333343	None
  8.066668	0.08407242	-0.03814426	-0.03814426	0.333333343	0.333333343	None
  8.1	0.0961173	0.662077367	0.662077367	0.333333343	0.333333343	None
  8.133334	0.128211156	0.9703835	0.9703835	0.333333343	0.333333343	None
  8.166667	0.160809472	0.7977053	0.7977053	0.333333343	0.333333343	None
  8.233334	0.196440533	0.484385	0.484385	0.333333343	0.333333343	None
  8.3	0.225033373	0.22611475	0.22611475	0.333333343	0.333333343	None
  8.400001	0.226022467	-0.125879645	-0.125879645	0.333333343	0.333333343	None
  8.533334	0.191214487	-0.2531252	-0.2531252	0.333333343	0.333333343	None
  8.6	0.1743653	-0.371243149	-0.371243149	0.333333343	0.333333343	None
  8.666667	0.143693909	-0.4158614	-0.4158614	0.333333343	0.333333343	None
  8.733334	0.1212271	-0.326866984	-0.326866984	0.333333343	0.333333343	None
  8.8	0.0971334651	-0.363147736	-0.363147736	0.333333343	0.333333343	None
  8.866667	0.072075054	-0.466362476	-0.466362476	0.333333343	0.333333343	None
  8.900001	0.05412036	-0.490389347	-0.490389347	0.333333343	0.333333343	None
  8.966667	0.0251991637	-0.435975969	-0.435975969	0.333333343	0.333333343	None
  9	0.0103173908	-0.4460631	-0.4460631	0.333333343	0.333333343	None
  9.033334	-0.004538347	-0.411472976	-0.411472976	0.333333343	0.333333343	None
  9.066668	-0.017114507	-0.370368481	-0.370368481	0.333333343	0.333333343	None
  9.133334	-0.0417083055	-0.384849668	-0.384849668	0.333333343	0.333333343	None
  9.233334	-0.08247844	-0.4412088	-0.4412088	0.333333343	0.333333343	None
  9.3	-0.112051025	-0.391576171	-0.391576171	0.333333343	0.333333343	None
  9.366667	-0.135539576	-0.3490135	-0.3490135	0.333333343	0.333333343	None
  9.466667	-0.163126484	-0.186031282	-0.186031282	0.333333343	0.333333343	None
  9.733334	-0.175994724	0.01646617	0.01646617	0.333333343	0.333333343	None
  9.766667	-0.17509605	0.119196124	0.119196124	0.333333343	0.333333343	None
  9.8	-0.168048412	0.194575027	0.194575027	0.333333343	0.333333343	None
  9.833334	-0.16212441	-0.08044947	-0.08044947	0.333333343	0.333333343	None
  9.900001	-0.188692033	-0.240627483	-0.240627483	0.333333343	0.333333343	None
  9.966667	-0.18555814	0.05545885	0.05545885	0.333333343	0.333333343	None
  10.000001	-0.185756177	-0.09504478	-0.09504478	0.333333343	0.333333343	None
  10.0333338	-0.191894367	-0.104532294	-0.104532294	0.333333343	0.333333343	None
  10.0666676	-0.192724913	0.06279406	0.06279406	0.333333343	0.333333343	None
  10.1	-0.187708184	0.0937172845	0.0937172845	0.333333343	0.333333343	None
  10.166667	-0.189030483	-0.0383032	-0.0383032	0.333333343	0.333333343	None
  10.2000008	-0.189030662	-5.36434663E-06	-5.36434663E-06	0.333333343	0.333333343	None
FLOAT UnityEngine.Animator||Head Tilt Left-Right discrete=False keys=251 pre=ClampForever post=ClampForever
  0	-0.0149484333	-0.00444246456	-0.00444246456	0.333333343	0.333333343	None
  0.100000009	-0.0151284849	0.00626661861	0.00626661861	0.333333343	0.333333343	None
  0.13333334	-0.01475654	-0.0012374064	-0.0012374064	0.333333343	0.333333343	None
  0.166666672	-0.0152109787	-0.0112513062	-0.0112513062	0.333333343	0.333333343	None
  0.200000018	-0.015506627	-0.00110168732	-0.00110168732	0.333333343	0.333333343	None
  0.233333349	-0.0152844246	0.0101312632	0.0101312632	0.333333343	0.333333343	None
  0.266666681	-0.01483121	0.0230656154	0.0230656154	0.333333343	0.333333343	None
  0.3	-0.013746717	0.0285935365	0.0285935365	0.333333343	0.333333343	None
  0.400000036	-0.0116188806	0.0243544225	0.0243544225	0.333333343	0.333333343	None
  0.433333367	-0.01066731	0.02412749	0.02412749	0.333333343	0.333333343	None
  0.533333361	-0.008439751	0.04001347	0.04001347	0.333333343	0.333333343	None
  0.5666667	-0.0067422213	0.05441057	0.05441057	0.333333343	0.333333343	None
  0.6	-0.0048123803	0.060012497	0.060012497	0.333333343	0.333333343	None
  0.6333334	-0.00274138828	0.0402339846	0.0402339846	0.333333343	0.333333343	None
  0.6666667	-0.00213011354	-0.0246097948	-0.0246097948	0.333333343	0.333333343	None
  0.700000048	-0.00438204361	-0.0861035	-0.0861035	0.333333343	0.333333343	None
  0.733333349	-0.007870345	-0.07590566	-0.07590566	0.333333343	0.333333343	None
  0.7666667	-0.009442419	-0.0129233478	-0.0129233478	0.333333343	0.333333343	None
  0.8000001	-0.008731903	0.04079148	0.04079148	0.333333343	0.333333343	None
  0.8333334	-0.006722988	0.07607776	0.07607776	0.333333343	0.333333343	None
  0.866666734	-0.00366005138	0.09631288	0.09631288	0.333333343	0.333333343	None
  0.900000036	-0.000302130065	0.07719993	0.07719993	0.333333343	0.333333343	None
  0.9333334	0.00148660887	0.0219601132	0.0219601132	0.333333343	0.333333343	None
  0.9666667	0.00116187928	-0.0218021013	-0.0218021013	0.333333343	0.333333343	None
  1	3.31367955E-05	-0.008644296	-0.008644296	0.333333343	0.333333343	None
  1.03333342	0.000585595437	0.0289186426	0.0289186426	0.333333343	0.333333343	None
  1.06666672	0.00196104636	0.0426759534	0.0426759534	0.333333343	0.333333343	None
  1.1	0.00343065616	0.0323161446	0.0323161446	0.333333343	0.333333343	None
  1.13333344	0.00411545625	0.008619209	0.008619209	0.333333343	0.333333343	None
  1.16666675	0.004005272	0.007910925	0.007910925	0.333333343	0.333333343	None
  1.2	0.00464285072	0.0153720761	0.0153720761	0.333333343	0.333333343	None
  1.23333335	0.005030076	0.01794956	0.01794956	0.333333343	0.333333343	None
  1.26666677	0.00583949	0.0270990953	0.0270990953	0.333333343	0.333333343	None
  1.30000007	0.00683668349	0.02242709	0.02242709	0.333333343	0.333333343	None
  1.33333337	0.00733462768	-0.02345986	-0.02345986	0.333333343	0.333333343	None
  1.36666679	0.005272687	-0.22973223	-0.22973223	0.333333343	0.333333343	None
  1.4000001	-0.007980848	-0.723104835	-0.723104835	0.333333343	0.333333343	None
  1.4333334	-0.0429342538	-1.23734713	-1.23734713	0.333333343	0.333333343	None
  1.4666667	-0.0904705748	-1.30857646	-1.30857646	0.333333343	0.333333343	None
  1.50000012	-0.130172744	-0.863171935	-0.863171935	0.333333343	0.333333343	None
  1.53333342	-0.148015454	-0.239422709	-0.239422709	0.333333343	0.333333343	None
  1.56666672	-0.146134242	0.7558531	0.7558531	0.333333343	0.333333343	None
  1.60000014	-0.09762512	1.847493	1.847493	0.333333343	0.333333343	None
  1.63333344	-0.0229679812	2.016699	2.016699	0.333333343	0.333333343	None
  1.66666675	0.0368213542	1.18106556	1.18106556	0.333333343	0.333333343	None
  1.7	0.05576965	0.0777005553	0.0777005553	0.333333343	0.333333343	None
  1.73333347	0.0420013368	-0.6658839	-0.6658839	0.333333343	0.333333343	None
  1.76666677	0.011377384	-0.881092131	-0.881092131	0.333333343	0.333333343	None
  1.80000007	-0.0167380814	-0.6407845	-0.6407845	0.333333343	0.333333343	None
  1.83333337	-0.03134154	-0.0548247844	-0.0548247844	0.333333343	0.333333343	None
  1.86666679	-0.0203930251	0.4416399	0.4416399	0.333333343	0.333333343	None
  1.9000001	-0.00189887139	0.263548762	0.263548762	0.333333343	0.333333343	None
  1.9333334	-0.00282312348	-0.18674159	-0.18674159	0.333333343	0.333333343	None
  1.96666682	-0.01434834	-0.3493544	-0.3493544	0.333333343	0.333333343	None
  2	-0.0261133928	-0.298052967	-0.298052967	0.333333343	0.333333343	None
  2.03333354	-0.0342185348	-0.0930639654	-0.0930639654	0.333333343	0.333333343	None
  2.06666684	-0.03231771	0.242938071	0.242938071	0.333333343	0.333333343	None
  2.10000014	-0.0180226788	0.418172449	0.418172449	0.333333343	0.333333343	None
  2.13333344	-0.004439572	0.323576778	0.323576778	0.333333343	0.333333343	None
  2.16666675	0.0035490857	0.275805533	0.275805533	0.333333343	0.333333343	None
  2.2	0.0139474468	0.260252446	0.260252446	0.333333343	0.333333343	None
  2.23333335	0.0208992325	0.069075644	0.069075644	0.333333343	0.333333343	None
  2.266667	0.01855247	-0.13811	-0.13811	0.333333343	0.333333343	None
  2.30000019	0.0116918916	-0.270715475	-0.270715475	0.333333343	0.333333343	None
  2.33333349	0.000504788244	-0.3061202	-0.3061202	0.333333343	0.333333343	None
  2.36666679	-0.008716102	-0.17567414	-0.17567414	0.333333343	0.333333343	None
  2.4	-0.01120681	-0.03314086	-0.03314086	0.333333343	0.333333343	None
  2.4333334	-0.01092549	0.0304261278	0.0304261278	0.333333343	0.333333343	None
  2.4666667	-0.009178404	0.09175597	0.09175597	0.333333343	0.333333343	None
  2.50000024	-0.00480840029	0.142319724	0.142319724	0.333333343	0.333333343	None
  2.53333354	0.000309599942	0.191364408	0.191364408	0.333333343	0.333333343	None
  2.56666684	0.007949215	0.153413177	0.153413177	0.333333343	0.333333343	None
  2.60000014	0.0105371354	0.0420285761	0.0420285761	0.333333343	0.333333343	None
  2.63333344	0.010751118	0.0610107854	0.0610107854	0.333333343	0.333333343	None
  2.66666675	0.0146045173	0.109220311	0.109220311	0.333333343	0.333333343	None
  2.7	0.0180324651	0.0687876344	0.0687876344	0.333333343	0.333333343	None
  2.766667	0.0201212615	0.05162637	0.05162637	0.333333343	0.333333343	None
  2.83333349	0.0258957818	0.10523802	0.10523802	0.333333343	0.333333343	None
  2.9	0.03228442	0.04439345	0.04439345	0.333333343	0.333333343	None
  2.9333334	0.03260754	0.04017827	0.04017827	0.333333343	0.333333343	None
  2.966667	0.0349629857	0.0276137851	0.0276137851	0.333333343	0.333333343	None
  3.00000024	0.0344484746	-0.002107604	-0.002107604	0.333333343	0.333333343	None
  3.03333354	0.03482248	-0.009504473	-0.009504473	0.333333343	0.333333343	None
  3.10000014	0.0323707	-0.0446907878	-0.0446907878	0.333333343	0.333333343	None
  3.13333344	0.03083546	-0.04983404	-0.04983404	0.333333343	0.333333343	None
  3.20000029	0.0282864533	-0.00539594144	-0.00539594144	0.333333343	0.333333343	None
  3.266667	0.0290862788	-0.00745515153	-0.00745515153	0.333333343	0.333333343	None
  3.30000019	0.0281916913	-0.0153714195	-0.0153714195	0.333333343	0.333333343	None
  3.33333349	0.0280615184	-0.0260147415	-0.0260147415	0.333333343	0.333333343	None
  3.36666679	0.0264573768	-0.0582535565	-0.0582535565	0.333333343	0.333333343	None
  3.4333334	0.0187525954	-0.233052671	-0.233052671	0.333333343	0.333333343	None
  3.466667	0.008641048	-0.352851242	-0.352851242	0.333333343	0.333333343	None
  3.50000024	-0.00477087125	-0.3128713	-0.3128713	0.333333343	0.333333343	None
  3.53333354	-0.01221702	-0.142794982	-0.142794982	0.333333343	0.333333343	None
  3.56666684	-0.0142905274	-0.106193379	-0.106193379	0.333333343	0.333333343	None
  3.60000014	-0.0192965716	0.007570751	0.007570751	0.333333343	0.333333343	None
  3.63333344	-0.0137858111	0.131859377	0.131859377	0.333333343	0.333333343	None
  3.66666675	-0.0105059547	-0.0919497	-0.0919497	0.333333343	0.333333343	None
  3.70000029	-0.0199158527	-0.3933431	-0.3933431	0.333333343	0.333333343	None
  3.73333359	-0.03672887	-0.6190467	-0.6190467	0.333333343	0.333333343	None
  3.766667	-0.0611855946	-0.7066239	-0.7066239	0.333333343	0.333333343	None
  3.80000019	-0.0838370845	-0.6247349	-0.6247349	0.333333343	0.333333343	None
  3.83333349	-0.102834545	-0.378336	-0.378336	0.333333343	0.333333343	None
  3.86666679	-0.10905946	0.0301653817	0.0301653817	0.333333343	0.333333343	None
  3.9	-0.100823522	0.3226304	0.3226304	0.333333343	0.333333343	None
  3.966667	-0.07306613	0.4358539	0.4358539	0.333333343	0.333333343	None
  4	-0.0584938973	0.3583172	0.3583172	0.333333343	0.333333343	None
  4.033334	-0.04917831	0.2889651	0.2889651	0.333333343	0.333333343	None
  4.066667	-0.03922944	0.2476035	0.2476035	0.333333343	0.333333343	None
  4.10000038	-0.0326714255	0.139520183	0.139520183	0.333333343	0.333333343	None
  4.13333368	-0.029928105	0.0440910868	0.0440910868	0.333333343	0.333333343	None
  4.166667	-0.0297320224	0.005853787	0.005853787	0.333333343	0.333333343	None
  4.20000029	-0.0295378529	-0.09075626	-0.09075626	0.333333343	0.333333343	None
  4.23333359	-0.035782434	-0.188846141	-0.188846141	0.333333343	0.333333343	None
  4.266667	-0.0421275832	-0.0957202	-0.0957202	0.333333343	0.333333343	None
  4.3	-0.0421637744	0.00713445945	0.00713445945	0.333333343	0.333333343	None
  4.33333349	-0.041651953	-0.0263929069	-0.0263929069	0.333333343	0.333333343	None
  4.366667	-0.0439233	-0.01653198	-0.01653198	0.333333343	0.333333343	None
  4.4333334	-0.0396688953	0.08135511	0.08135511	0.333333343	0.333333343	None
  4.5	-0.0361568145	0.0243874639	0.0243874639	0.333333343	0.333333343	None
  4.533334	-0.03570458	0.0278242715	0.0278242715	0.333333343	0.333333343	None
  4.566667	-0.03430186	0.128135592	0.128135592	0.333333343	0.333333343	None
  4.60000038	-0.0271622147	0.233056217	0.233056217	0.333333343	0.333333343	None
  4.63333368	-0.018764792	0.18974252	0.18974252	0.333333343	0.333333343	None
  4.666667	-0.0145127261	0.102361009	0.102361009	0.333333343	0.333333343	None
  4.70000029	-0.0119407317	0.07285737	0.07285737	0.333333343	0.333333343	None
  4.73333359	-0.00965557247	0.0319885164	0.0319885164	0.333333343	0.333333343	None
  4.766667	-0.009808166	-0.0118750446	-0.0118750446	0.333333343	0.333333343	None
  4.8	-0.0104472414	-0.0263598673	-0.0263598673	0.333333343	0.333333343	None
  4.83333349	-0.0115654888	-0.0263730269	-0.0263730269	0.333333343	0.333333343	None
  4.866667	-0.0122054415	0.0172328316	0.0172328316	0.333333343	0.333333343	None
  4.9	-0.0104166344	0.06161765	0.06161765	0.333333343	0.333333343	None
  4.9333334	-0.008097602	0.0233236589	0.0233236589	0.333333343	0.333333343	None
  4.9666667	-0.008861725	-0.09520129	-0.09520129	0.333333343	0.333333343	None
  5.00000048	-0.0144444285	-0.107725039	-0.107725039	0.333333343	0.333333343	None
  5.033334	-0.0160434674	-0.008528427	-0.008528427	0.333333343	0.333333343	None
  5.066667	-0.01501299	0.0346687734	0.0346687734	0.333333343	0.333333343	None
  5.10000038	-0.0137322182	0.03523729	0.03523729	0.333333343	0.333333343	None
  5.13333368	-0.0126638394	0.125776708	0.125776708	0.333333343	0.333333343	None
  5.166667	-0.00534711266	0.22381261	0.22381261	0.333333343	0.333333343	None
  5.20000029	0.00225698715	0.20104149	0.20104149	0.333333343	0.333333343	None
  5.23333359	0.00805564	0.136106908	0.136106908	0.333333343	0.333333343	None
  5.266667	0.0113307722	0.031850256	0.031850256	0.333333343	0.333333343	None
  5.3	0.0101789888	-0.00492488965	-0.00492488965	0.333333343	0.333333343	None
  5.33333349	0.0110024465	0.133455366	0.133455366	0.333333343	0.333333343	None
  5.366667	0.0190760046	0.3659556	0.3659556	0.333333343	0.333333343	None
  5.4	0.035399463	0.498172343	0.498172343	0.333333343	0.333333343	None
  5.4333334	0.0522874631	0.4607762	0.4607762	0.333333343	0.333333343	None
  5.466667	0.06611805	0.357293367	0.357293367	0.333333343	0.333333343	None
  5.50000048	0.0761072	0.1905081	0.1905081	0.333333343	0.333333343	None
  5.60000038	0.0726826638	-0.129040986	-0.129040986	0.333333343	0.333333343	None
  5.63333368	0.06820459	-0.0891518	-0.0891518	0.333333343	0.333333343	None
  5.73333359	0.06845764	0.0286053382	0.0286053382	0.333333343	0.333333343	None
  5.766667	0.0694303662	0.0311626047	0.0311626047	0.333333343	0.333333343	None
  5.8	0.0705351457	0.125015423	0.125015423	0.333333343	0.333333343	None
  5.83333349	0.07776472	0.187146068	0.187146068	0.333333343	0.333333343	None
  5.9	0.0842519253	-0.0346729681	-0.0346729681	0.333333343	0.333333343	None
  5.933334	0.08069996	-0.0833665058	-0.0833665058	0.333333343	0.333333343	None
  6.00000048	0.0759516656	-0.138505042	-0.138505042	0.333333343	0.333333343	None
  6.033334	0.06946045	-0.220063657	-0.220063657	0.333333343	0.333333343	None
  6.066667	0.06128077	-0.303289235	-0.303289235	0.333333343	0.333333343	None
  6.10000038	0.04924119	-0.7158674	-0.7158674	0.333333343	0.333333343	None
  6.13333368	0.0135563184	-1.23748255	-1.23748255	0.333333343	0.333333343	None
  6.166667	-0.0332575664	-1.36394525	-1.36394525	0.333333343	0.333333343	None
  6.20000029	-0.07737327	-0.9013859	-0.9013859	0.333333343	0.333333343	None
  6.23333359	-0.0933499038	-0.2689353	-0.2689353	0.333333343	0.333333343	None
  6.266667	-0.09530228	0.2315675	0.2315675	0.333333343	0.333333343	None
  6.3	-0.0779120848	0.6701149	0.6701149	0.333333343	0.333333343	None
  6.33333349	-0.0506279953	0.597689152	0.597689152	0.333333343	0.333333343	None
  6.366667	-0.03806618	0.034033	0.034033	0.333333343	0.333333343	None
  6.40000057	-0.04835928	-0.328057349	-0.328057349	0.333333343	0.333333343	None
  6.433334	-0.0599367954	-0.7036904	-0.7036904	0.333333343	0.333333343	None
  6.466667	-0.09527193	-0.669646561	-0.669646561	0.333333343	0.333333343	None
  6.50000048	-0.104579858	0.146274865	0.146274865	0.333333343	0.333333343	None
  6.533334	-0.08552028	0.6751257	0.6751257	0.333333343	0.333333343	None
  6.566667	-0.05957152	0.828209639	0.828209639	0.333333343	0.333333343	None
  6.60000038	-0.030306356	0.9286486	0.9286486	0.333333343	0.333333343	None
  6.63333368	0.00233832677	0.8583798	0.8583798	0.333333343	0.333333343	None
  6.666667	0.02691891	0.415337473	0.415337473	0.333333343	0.333333343	None
  6.70000029	0.0300274659	0.0150334015	0.0150334015	0.333333343	0.333333343	None
  6.73333359	0.0279211365	-0.0226373076	-0.0226373076	0.333333343	0.333333343	None
  6.766667	0.0285183135	0.0124965347	0.0124965347	0.333333343	0.333333343	None
  6.83333349	0.0287977327	0.00726552447	0.00726552447	0.333333343	0.333333343	None
  6.866667	0.0292386059	-0.06357758	-0.06357758	0.333333343	0.333333343	None
  6.90000057	0.0245591644	-0.250905871	-0.250905871	0.333333343	0.333333343	None
  6.933334	0.0125114955	-0.5314336	-0.5314336	0.333333343	0.333333343	None
  6.966667	-0.0108697088	-0.7452184	-0.7452184	0.333333343	0.333333343	None
  7.00000048	-0.0371696837	-0.6171918	-0.6171918	0.333333343	0.333333343	None
  7.066667	-0.0605322346	-0.2371151	-0.2371151	0.333333343	0.333333343	None
  7.20000029	-0.07593705	0.0492064022	0.0492064022	0.333333343	0.333333343	None
  7.266667	-0.06658352	0.219593048	0.219593048	0.333333343	0.333333343	None
  7.3	-0.0577193834	0.207146749	0.207146749	0.333333343	0.333333343	None
  7.33333349	-0.05277375	0.09151888	0.09151888	0.333333343	0.333333343	None
  7.36666727	-0.0516181141	0.0276964381	0.0276964381	0.333333343	0.333333343	None
  7.433334	-0.0500737876	0.0390533358	0.0390533358	0.333333343	0.333333343	None
  7.533334	-0.045184616	0.0251922812	0.0251922812	0.333333343	0.333333343	None
  7.63333368	-0.04493871	-0.013563497	-0.013563497	0.333333343	0.333333343	None
  7.70000029	-0.04504228	0.0148364855	0.0148364855	0.333333343	0.333333343	None
  7.8	-0.04560203	-0.0419691466	-0.0419691466	0.333333343	0.333333343	None
  7.833334	-0.04757999	-0.116132244	-0.116132244	0.333333343	0.333333343	None
  7.86666727	-0.0533442	-0.02594934	-0.02594934	0.333333343	0.333333343	None
  7.933334	-0.02936357	0.919474244	0.919474244	0.333333343	0.333333343	None
  7.966667	0.0119882794	1.2789197	1.2789197	0.333333343	0.333333343	None
  8	0.0558970273	1.24494863	1.24494863	0.333333343	0.333333343	None
  8.033334	0.0949847	0.9046808	0.9046808	0.333333343	0.333333343	None
  8.133334	0.1328739	0.2452841	0.2452841	0.333333343	0.333333343	None
  8.166667	0.142813146	0.222632691	0.222632691	0.333333343	0.333333343	None
  8.200001	0.147715986	0.07916942	0.07916942	0.333333343	0.333333343	None
  8.233334	0.148091167	0.06045344	0.06045344	0.333333343	0.333333343	None
  8.333334	0.1565931	-0.0139121525	-0.0139121525	0.333333343	0.333333343	None
  8.466667	0.142862618	-0.0592171326	-0.0592171326	0.333333343	0.333333343	None
  8.566668	0.1333355	-0.205737323	-0.205737323	0.333333343	0.333333343	None
  8.633334	0.1169509	-0.214397937	-0.214397937	0.333333343	0.333333343	None
  8.666667	0.110979177	-0.223816171	-0.223816171	0.333333343	0.333333343	None
  8.766667	0.08211313	-0.27985236	-0.27985236	0.333333343	0.333333343	None
  8.833334	0.06473323	-0.263729125	-0.263729125	0.333333343	0.333333343	None
  8.933333	0.0415601768	-0.179146141	-0.179146141	0.333333343	0.333333343	None
  9	0.0309890918	-0.163419515	-0.163419515	0.333333343	0.333333343	None
  9.066668	0.0191950276	-0.184193581	-0.184193581	0.333333343	0.333333343	None
  9.1	0.0130934706	-0.17246893	-0.17246893	0.333333343	0.333333343	None
  9.133334	0.00769712	-0.163410753	-0.163410753	0.333333343	0.333333343	None
  9.166667	0.00219943235	-0.125797346	-0.125797346	0.333333343	0.333333343	None
  9.200001	-0.0006893246	-0.07199314	-0.07199314	0.333333343	0.333333343	None
  9.233334	-0.00260012	-0.0428109169	-0.0428109169	0.333333343	0.333333343	None
  9.266667	-0.00354336924	-0.02687553	-0.02687553	0.333333343	0.333333343	None
  9.3	-0.00439182157	-0.0133844754	-0.0133844754	0.333333343	0.333333343	None
  9.366667	-0.00401155045	0.0133020189	0.0133020189	0.333333343	0.333333343	None
  9.400001	-0.00354885426	0.0161120351	0.0161120351	0.333333343	0.333333343	None
  9.433333	-0.002937418	0.009952844	0.009952844	0.333333343	0.333333343	None
  9.466667	-0.00288534	-0.00306367059	-0.00306367059	0.333333343	0.333333343	None
  9.500001	-0.00314166537	-0.0151574947	-0.0151574947	0.333333343	0.333333343	None
  9.533334	-0.00389583153	-0.0144491354	-0.0144491354	0.333333343	0.333333343	None
  9.566668	-0.0041049323	-0.009020725	-0.009020725	0.333333343	0.333333343	None
  9.6	-0.00449721	-0.0215074681	-0.0215074681	0.333333343	0.333333343	None
  9.633334	-0.00553877139	-0.034256734	-0.034256734	0.333333343	0.333333343	None
  9.666667	-0.006780987	-0.0161750149	-0.0161750149	0.333333343	0.333333343	None
  9.700001	-0.00661708461	0.019440975	0.019440975	0.333333343	0.333333343	None
  9.733334	-0.005484937	0.0491622426	0.0491622426	0.333333343	0.333333343	None
  9.766667	-0.0033395905	0.09220415	0.09220415	0.333333343	0.333333343	None
  9.8	0.0006619736	0.119277745	0.119277745	0.333333343	0.333333343	None
  9.833334	0.00461225072	0.06848016	0.06848016	0.333333343	0.333333343	None
  9.866667	0.00522736041	-0.0401120856	-0.0401120856	0.333333343	0.333333343	None
  9.900001	0.00193805841	-0.10970816	-0.10970816	0.333333343	0.333333343	None
  9.933333	-0.00208649971	-0.124228746	-0.124228746	0.333333343	0.333333343	None
  9.966667	-0.00634385366	-0.132071346	-0.132071346	0.333333343	0.333333343	None
  10.000001	-0.0108913742	-0.111320883	-0.111320883	0.333333343	0.333333343	None
  10.0333338	-0.0137652624	-0.0378532223	-0.0378532223	0.333333343	0.333333343	None
  10.0666676	-0.0134148737	0.009676332	0.009676332	0.333333343	0.333333343	None
  10.1	-0.0131201735	-0.00178836612	-0.00178836612	0.333333343	0.333333343	None
  10.166667	-0.0142241	-0.0103514036	-0.0103514036	0.333333343	0.333333343	None
  10.2000008	-0.0142241912	-2.73805176E-06	-2.73805176E-06	0.333333343	0.333333343	None
FLOAT UnityEngine.Animator||Head Turn Left-Right discrete=False keys=193 pre=ClampForever post=ClampForever
  0	0.014886627	-0.0149501013	-0.0149501013	0.333333343	0.333333343	None
  0.100000009	0.012322058	-0.05136936	-0.05136936	0.333333343	0.333333343	None
  0.13333334	0.0101849074	-0.06264851	-0.06264851	0.333333343	0.333333343	None
  0.166666672	0.008145491	-0.0735791847	-0.0735791847	0.333333343	0.333333343	None
  0.200000018	0.005279627	-0.09877798	-0.09877798	0.333333343	0.333333343	None
  0.233333349	0.00156029139	-0.117692091	-0.117692091	0.333333343	0.333333343	None
  0.266666681	-0.00256651151	-0.122512028	-0.122512028	0.333333343	0.333333343	None
  0.3	-0.00660717627	-0.116796985	-0.116796985	0.333333343	0.333333343	None
  0.333333343	-0.0103529766	-0.12198244	-0.12198244	0.333333343	0.333333343	None
  0.366666675	-0.0147393383	-0.142186552	-0.142186552	0.333333343	0.333333343	None
  0.400000036	-0.019832084	-0.155422658	-0.155422658	0.333333343	0.333333343	None
  0.433333367	-0.0251008533	-0.1672468	-0.1672468	0.333333343	0.333333343	None
  0.4666667	-0.03098187	-0.16118291	-0.16118291	0.333333343	0.333333343	None
  0.5	-0.0358463749	-0.164669886	-0.164669886	0.333333343	0.333333343	None
  0.5666667	-0.04853144	-0.2096839	-0.2096839	0.333333343	0.333333343	None
  0.733333349	-0.09198145	-0.302203178	-0.302203178	0.333333343	0.333333343	None
  0.866666734	-0.12769869	-0.211383551	-0.211383551	0.333333343	0.333333343	None
  1.06666672	-0.1678637	-0.185393572	-0.185393572	0.333333343	0.333333343	None
  1.33333337	-0.205873236	-0.116428792	-0.116428792	0.333333343	0.333333343	None
  1.36666679	-0.2095286	0.0124145932	0.0124145932	0.333333343	0.333333343	None
  1.4000001	-0.205045611	1.30911124	1.30911124	0.333333343	0.333333343	None
  1.4333334	-0.1222546	4.61555767	4.61555767	0.333333343	0.333333343	None
  1.4666667	0.102657914	7.992285	7.992285	0.333333343	0.333333343	None
  1.50000012	0.410564959	9.636772	9.636772	0.333333343	0.333333343	None
  1.60000014	1.26806688	4.17055035	4.17055035	0.333333343	0.333333343	None
  1.63333344	1.33043051	-0.250675857	-0.250675857	0.333333343	0.333333343	None
  1.66666675	1.25135517	-3.062213	-3.062213	0.333333343	0.333333343	None
  1.73333347	0.988106251	-4.226178	-4.226178	0.333333343	0.333333343	None
  1.86666679	0.304965854	-6.66193056	-6.66193056	0.333333343	0.333333343	None
  1.9000001	0.06834295	-6.74978733	-6.74978733	0.333333343	0.333333343	None
  1.9333334	-0.145019531	-5.62674046	-5.62674046	0.333333343	0.333333343	None
  1.96666682	-0.3067733	-3.9679904	-3.9679904	0.333333343	0.333333343	None
  2.03333354	-0.458799958	-0.6146177	-0.6146177	0.333333343	0.333333343	None
  2.10000014	-0.3967611	1.980811	1.980811	0.333333343	0.333333343	None
  2.16666675	-0.244484261	1.6737622	1.6737622	0.333333343	0.333333343	None
  2.2	-0.206889033	0.5766109	0.5766109	0.333333343	0.333333343	None
  2.266667	-0.233846262	-1.06301022	-1.06301022	0.333333343	0.333333343	None
  2.33333349	-0.318168163	-0.956486464	-0.956486464	0.333333343	0.333333343	None
  2.36666679	-0.340676755	-0.2884133	-0.2884133	0.333333343	0.333333343	None
  2.4666667	-0.27571708	1.38040185	1.38040185	0.333333343	0.333333343	None
  2.53333354	-0.1741564	1.45954037	1.45954037	0.333333343	0.333333343	None
  2.56666684	-0.127177522	1.28635144	1.28635144	0.333333343	0.333333343	None
  2.63333344	-0.05582065	0.9240253	0.9240253	0.333333343	0.333333343	None
  2.66666675	-0.0267980937	0.753860831	0.753860831	0.333333343	0.333333343	None
  2.7	-0.00556331035	0.528754532	0.528754532	0.333333343	0.333333343	None
  2.73333359	0.008452275	0.331186622	0.331186622	0.333333343	0.333333343	None
  2.766667	0.0165158771	0.139808282	0.139808282	0.333333343	0.333333343	None
  2.80000019	0.017772818	-0.0264468845	-0.0264468845	0.333333343	0.333333343	None
  2.86666679	0.00815703347	-0.24872902	-0.24872902	0.333333343	0.333333343	None
  2.9	-0.00182916608	-0.289515018	-0.289515018	0.333333343	0.333333343	None
  2.9333334	-0.0111439489	-0.277662635	-0.277662635	0.333333343	0.333333343	None
  2.966667	-0.0203400571	-0.262150049	-0.262150049	0.333333343	0.333333343	None
  3.00000024	-0.0286206678	-0.2058796	-0.2058796	0.333333343	0.333333343	None
  3.03333354	-0.03406535	-0.180937529	-0.180937529	0.333333343	0.333333343	None
  3.06666684	-0.0406831577	-0.239947528	-0.239947528	0.333333343	0.333333343	None
  3.10000014	-0.0500618368	-0.247659609	-0.247659609	0.333333343	0.333333343	None
  3.13333344	-0.0571937822	-0.222331315	-0.222331315	0.333333343	0.333333343	None
  3.16666675	-0.06488391	-0.188426569	-0.188426569	0.333333343	0.333333343	None
  3.20000029	-0.06975558	-0.146283269	-0.146283269	0.333333343	0.333333343	None
  3.23333359	-0.0746361539	-0.110131487	-0.110131487	0.333333343	0.333333343	None
  3.266667	-0.07709767	-0.09183836	-0.09183836	0.333333343	0.333333343	None
  3.30000019	-0.0807587057	-0.130011261	-0.130011261	0.333333343	0.333333343	None
  3.33333349	-0.08576508	-0.118156	-0.118156	0.333333343	0.333333343	None
  3.4333334	-0.098062776	-0.267460257	-0.267460257	0.333333343	0.333333343	None
  3.466667	-0.110019132	-0.5388397	-0.5388397	0.333333343	0.333333343	None
  3.53333354	-0.165899947	-0.9562665	-0.9562665	0.333333343	0.333333343	None
  3.56666684	-0.197736517	-0.8196282	-0.8196282	0.333333343	0.333333343	None
  3.63333344	-0.241342142	-0.6140239	-0.6140239	0.333333343	0.333333343	None
  3.73333359	-0.268192053	0.627517939	0.627517939	0.333333343	0.333333343	None
  3.80000019	-0.183024079	1.47751367	1.47751367	0.333333343	0.333333343	None
  3.83333349	-0.134595737	1.17900753	1.17900753	0.333333343	0.333333343	None
  3.86666679	-0.10442365	0.5969868	0.5969868	0.333333343	0.333333343	None
  3.93333364	-0.09769998	-0.113175608	-0.113175608	0.333333343	0.333333343	None
  4	-0.106748506	-0.08241734	-0.08241734	0.333333343	0.333333343	None
  4.066667	-0.101164326	0.320916355	0.320916355	0.333333343	0.333333343	None
  4.13333368	-0.06586053	0.674565256	0.674565256	0.333333343	0.333333343	None
  4.166667	-0.0414708033	0.6604992	0.6604992	0.333333343	0.333333343	None
  4.20000029	-0.0218272954	0.5523976	0.5523976	0.333333343	0.333333343	None
  4.23333359	-0.00464433	0.482229441	0.482229441	0.333333343	0.333333343	None
  4.266667	0.0103213033	0.3466856	0.3466856	0.333333343	0.333333343	None
  4.3	0.01846802	0.0885499045	0.0885499045	0.333333343	0.333333343	None
  4.33333349	0.0162246246	-0.133464083	-0.133464083	0.333333343	0.333333343	None
  4.366667	0.00957042351	-0.211308032	-0.211308032	0.333333343	0.333333343	None
  4.4	0.00213743537	-0.232603759	-0.232603759	0.333333343	0.333333343	None
  4.4333334	-0.00593647966	-0.2703324	-0.2703324	0.333333343	0.333333343	None
  4.4666667	-0.0158847068	-0.288245618	-0.288245618	0.333333343	0.333333343	None
  4.5	-0.025152836	-0.262957931	-0.262957931	0.333333343	0.333333343	None
  4.566667	-0.03928032	-0.102082513	-0.102082513	0.333333343	0.333333343	None
  4.60000038	-0.04022083	0.03951451	0.03951451	0.333333343	0.333333343	None
  4.63333368	-0.0366460234	0.107942984	0.107942984	0.333333343	0.333333343	None
  4.70000029	-0.03080075	0.0299980212	0.0299980212	0.333333343	0.333333343	None
  4.73333359	-0.0310247727	-0.0002719371	-0.0002719371	0.333333343	0.333333343	None
  4.766667	-0.03081888	-0.019843895	-0.019843895	0.333333343	0.333333343	None
  4.83333349	-0.03438543	-0.05543729	-0.05543729	0.333333343	0.333333343	None
  4.866667	-0.0360435136	-0.0556239262	-0.0556239262	0.333333343	0.333333343	None
  4.9	-0.03809369	-0.185002923	-0.185002923	0.333333343	0.333333343	None
  4.9333334	-0.04837703	-0.510022044	-0.510022044	0.333333343	0.333333343	None
  4.9666667	-0.0720951259	-0.9140953	-0.9140953	0.333333343	0.333333343	None
  5.00000048	-0.109317191	-1.17294049	-1.17294049	0.333333343	0.333333343	None
  5.066667	-0.189464122	-1.03702641	-1.03702641	0.333333343	0.333333343	None
  5.13333368	-0.245289713	-0.666724265	-0.666724265	0.333333343	0.333333343	None
  5.266667	-0.2610929	0.380514622	0.380514622	0.333333343	0.333333343	None
  5.33333349	-0.210974887	1.26553631	1.26553631	0.333333343	0.333333343	None
  5.4	-0.111425094	1.187613	1.187613	0.333333343	0.333333343	None
  5.4333334	-0.0809703544	0.604974747	0.604974747	0.333333343	0.333333343	None
  5.466667	-0.07109334	0.05238594	0.05238594	0.333333343	0.333333343	None
  5.50000048	-0.07747782	-0.305042684	-0.305042684	0.333333343	0.333333343	None
  5.566667	-0.107293673	-0.406058669	-0.406058669	0.333333343	0.333333343	None
  5.60000038	-0.118500054	-0.2361809	-0.2361809	0.333333343	0.333333343	None
  5.63333368	-0.123039052	-0.116183795	-0.116183795	0.333333343	0.333333343	None
  5.666667	-0.126245633	-0.0288886465	-0.0288886465	0.333333343	0.333333343	None
  5.70000029	-0.12496496	0.0211014058	0.0211014058	0.333333343	0.333333343	None
  5.8	-0.125861675	0.02308926	0.02308926	0.333333343	0.333333343	None
  5.83333349	-0.124209546	0.14774482	0.14774482	0.333333343	0.333333343	None
  5.866667	-0.116012029	0.531924844	0.531924844	0.333333343	0.333333343	None
  5.9	-0.0887479261	1.49123883	1.49123883	0.333333343	0.333333343	None
  5.933334	-0.01659517	2.87142086	2.87142086	0.333333343	0.333333343	None
  5.966667	0.102680989	3.75382733	3.75382733	0.333333343	0.333333343	None
  6.00000048	0.233659759	3.56141758	3.56141758	0.333333343	0.333333343	None
  6.033334	0.3401086	1.78531861	1.78531861	0.333333343	0.333333343	None
  6.066667	0.3526809	-1.36215043	-1.36215043	0.333333343	0.333333343	None
  6.10000038	0.249298662	-4.59467554	-4.59467554	0.333333343	0.333333343	None
  6.13333368	0.0463694669	-6.732232	-6.732232	0.333333343	0.333333343	None
  6.166667	-0.199516386	-6.597172	-6.597172	0.333333343	0.333333343	None
  6.20000029	-0.3934416	-3.61723185	-3.61723185	0.333333343	0.333333343	None
  6.23333359	-0.440664947	0.5834356	0.5834356	0.333333343	0.333333343	None
  6.266667	-0.354545921	3.27395129	3.27395129	0.333333343	0.333333343	None
  6.3	-0.222401738	3.94429016	3.94429016	0.333333343	0.333333343	None
  6.33333349	-0.091593504	3.43495941	3.43495941	0.333333343	0.333333343	None
  6.366667	0.006595335	1.48599231	1.48599231	0.333333343	0.333333343	None
  6.40000057	0.007472569	-1.30752039	-1.30752039	0.333333343	0.333333343	None
  6.433334	-0.0805726	-3.53239822	-3.53239822	0.333333343	0.333333343	None
  6.466667	-0.228020415	-4.03067	-4.03067	0.333333343	0.333333343	None
  6.50000048	-0.3492837	-2.481021	-2.481021	0.333333343	0.333333343	None
  6.533334	-0.39342165	0.0340944529	0.0340944529	0.333333343	0.333333343	None
  6.60000038	-0.254452646	2.91592884	2.91592884	0.333333343	0.333333343	None
  6.63333368	-0.152615666	2.882761	2.882761	0.333333343	0.333333343	None
  6.666667	-0.06226876	2.2375102	2.2375102	0.333333343	0.333333343	None
  6.70000029	-0.003448451	1.101022	1.101022	0.333333343	0.333333343	None
  6.73333359	0.0111326361	-0.0293707252	-0.0293707252	0.333333343	0.333333343	None
  6.766667	-0.005406498	-0.6044837	-0.6044837	0.333333343	0.333333343	None
  6.8	-0.02916624	-0.567020833	-0.567020833	0.333333343	0.333333343	None
  6.83333349	-0.04320785	-0.2107878	-0.2107878	0.333333343	0.333333343	None
  6.866667	-0.0432187468	0.141264141	0.141264141	0.333333343	0.333333343	None
  6.90000057	-0.0337901153	-0.17332609	-0.17332609	0.333333343	0.333333343	None
  6.933334	-0.0547736734	-0.992607355	-0.992607355	0.333333343	0.333333343	None
  6.966667	-0.09996387	-1.4891963	-1.4891963	0.333333343	0.333333343	None
  7.00000048	-0.15405333	-1.54406154	-1.54406154	0.333333343	0.333333343	None
  7.066667	-0.241239339	-1.01839733	-1.01839733	0.333333343	0.333333343	None
  7.20000029	-0.276402175	0.8819566	0.8819566	0.333333343	0.333333343	None
  7.266667	-0.184192166	1.41932225	1.41932225	0.333333343	0.333333343	None
  7.3	-0.141094461	1.07987988	1.07987988	0.333333343	0.333333343	None
  7.433334	-0.08345176	0.0455568023	0.0455568023	0.333333343	0.333333343	None
  7.50000048	-0.08276436	0.06293932	0.06293932	0.333333343	0.333333343	None
  7.63333368	-0.0633448139	0.167693824	0.167693824	0.333333343	0.333333343	None
  7.666667	-0.0581101738	0.12916553	0.12916553	0.333333343	0.333333343	None
  7.70000029	-0.0547337867	0.107785791	0.107785791	0.333333343	0.333333343	None
  7.73333359	-0.05092446	0.0733974352	0.0733974352	0.333333343	0.333333343	None
  7.766667	-0.04984063	0.0214812737	0.0214812737	0.333333343	0.333333343	None
  7.8	-0.0494923778	-0.009125069	-0.009125069	0.333333343	0.333333343	None
  7.833334	-0.05044898	0.116478764	0.116478764	0.333333343	0.333333343	None
  7.86666727	-0.041727148	1.061219	1.061219	0.333333343	0.333333343	None
  7.90000057	0.0202988833	3.18431139	3.18431139	0.333333343	0.333333343	None
  7.933334	0.170560077	5.336657	5.336657	0.333333343	0.333333343	None
  7.966667	0.376075685	5.74505424	5.74505424	0.333333343	0.333333343	None
  8	0.5535608	3.807363	3.807363	0.333333343	0.333333343	None
  8.033334	0.6298982	0.655356765	0.655356765	0.333333343	0.333333343	None
  8.1	0.5213937	-2.13070631	-2.13070631	0.333333343	0.333333343	None
  8.133334	0.455205023	-1.50259256	-1.50259256	0.333333343	0.333333343	None
  8.166667	0.4212205	-0.6429476	-0.6429476	0.333333343	0.333333343	None
  8.200001	0.41234225	-0.2878226	-0.2878226	0.333333343	0.333333343	None
  8.366667	0.377938628	-0.05094686	-0.05094686	0.333333343	0.333333343	None
  8.533334	0.3601371	-0.33387512	-0.33387512	0.333333343	0.333333343	None
  8.633334	0.314374655	-0.364524841	-0.364524841	0.333333343	0.333333343	None
  8.8	0.2823596	-0.221160918	-0.221160918	0.333333343	0.333333343	None
  9.033334	0.210084826	-0.268652052	-0.268652052	0.333333343	0.333333343	None
  9.233334	0.184396416	-0.150484532	-0.150484532	0.333333343	0.333333343	None
  9.433333	0.132691428	-0.364983916	-0.364983916	0.333333343	0.333333343	None
  9.566668	0.08625565	-0.273729175	-0.273729175	0.333333343	0.333333343	None
  9.666667	0.06736757	-0.121193282	-0.121193282	0.333333343	0.333333343	None
  9.700001	0.06386847	-0.07491368	-0.07491368	0.333333343	0.333333343	None
  9.766667	0.0609014742	-0.0774174854	-0.0774174854	0.333333343	0.333333343	None
  9.833334	0.0524313822	-0.147676319	-0.147676319	0.333333343	0.333333343	None
  9.900001	0.0416473672	-0.175174281	-0.175174281	0.333333343	0.333333343	None
  9.933333	0.035688825	-0.1546779	-0.1546779	0.333333343	0.333333343	None
  9.966667	0.03133554	-0.1300495	-0.1300495	0.333333343	0.333333343	None
  10.000001	0.0270187426	-0.09084299	-0.09084299	0.333333343	0.333333343	None
  10.0333338	0.02527931	-0.0538758859	-0.0538758859	0.333333343	0.333333343	None
  10.0666676	0.0234270189	-0.071604684	-0.071604684	0.333333343	0.333333343	None
  10.1	0.0205056835	-0.0847066045	-0.0847066045	0.333333343	0.333333343	None
  10.1333342	0.01777992	-0.0850683749	-0.0850683749	0.333333343	0.333333343	None
  10.166667	0.0148344673	-0.0441812947	-0.0441812947	0.333333343	0.333333343	None
  10.2000008	0.0148345456	2.34690151E-06	2.34690151E-06	0.333333343	0.333333343	None
FLOAT UnityEngine.Animator||Jaw Close discrete=False keys=2 pre=ClampForever post=ClampForever
  0	1.028557	0	0	0.333333343	0.333333343	None
  10.2000008	1.028557	0	0	0.333333343	0.333333343	None
FLOAT UnityEngine.Animator||Jaw Left-Right discrete=False keys=48 pre=ClampForever post=ClampForever
  0	-1.67181386E-13	0	0	0.333333343	0.333333343	None
  0.0333333351	-1.67181386E-13	1.60932541E-05	1.60932541E-05	0.333333343	0.333333343	None
  0.06666667	1.07288361E-06	1.8189894E-12	1.8189894E-12	0.333333343	0.333333343	None
  0.100000009	-1.67181386E-13	-1.60932523E-05	-1.60932523E-05	0.333333343	0.333333343	None
  0.13333334	-1.67181386E-13	0	0	0.333333343	0.333333343	None
  0.6333334	-1.67181386E-13	0	0	0.333333343	0.333333343	None
  0.6666667	-1.67181386E-13	-3.218648E-05	-3.218648E-05	0.333333343	0.333333343	None
  0.700000048	-2.14576721E-06	5.820766E-11	5.820766E-11	0.333333343	0.333333343	None
  0.733333349	-1.67181386E-13	3.21865373E-05	3.21865373E-05	0.333333343	0.333333343	None
  0.7666667	-1.67181386E-13	0	0	0.333333343	0.333333343	None
  1.30000007	-1.67181386E-13	0	0	0.333333343	0.333333343	None
  1.33333337	-1.67181386E-13	1.60932141E-05	1.60932141E-05	0.333333343	0.333333343	None
  1.36666679	1.07288361E-06	-5.638867E-11	-5.638867E-11	0.333333343	0.333333343	None
  1.4000001	-1.67181386E-13	-1.609327E-05	-1.609327E-05	0.333333343	0.333333343	None
  1.4333334	-1.67181386E-13	0	0	0.333333343	0.333333343	None
  3.06666684	7.991187E-14	0	0	0.333333343	0.333333343	None
  4.33333349	-1.67181386E-13	0	0	0.333333343	0.333333343	None
  4.366667	-1.67181386E-13	1.609327E-05	1.609327E-05	0.333333343	0.333333343	None
  4.4	1.07288361E-06	0	0	0.333333343	0.333333343	None
  4.4333334	-1.67181386E-13	-1.609327E-05	-1.609327E-05	0.333333343	0.333333343	None
  4.4666667	-1.67181386E-13	0	0	0.333333343	0.333333343	None
  5.266667	-1.67181386E-13	0	0	0.333333343	0.333333343	None
  5.3	-1.67181386E-13	1.609327E-05	1.609327E-05	0.333333343	0.333333343	None
  5.33333349	1.07288361E-06	0	0	0.333333343	0.333333343	None
  5.366667	-1.67181386E-13	-1.609327E-05	-1.609327E-05	0.333333343	0.333333343	None
  5.4	-1.67181386E-13	0	0	0.333333343	0.333333343	None
  7.033334	-1.67181386E-13	0	0	0.333333343	0.333333343	None
  7.8	-1.67181386E-13	0	0	0.333333343	0.333333343	None
  7.833334	-1.67181386E-13	-3.21865373E-05	-3.21865373E-05	0.333333343	0.333333343	None
  7.86666727	-2.14576744E-06	1.60932759E-05	1.60932759E-05	0.333333343	0.333333343	None
  7.90000057	1.07288361E-06	3.21865446E-05	3.21865446E-05	0.333333343	0.333333343	None
  7.933334	-1.67181386E-13	-1.609327E-05	-1.609327E-05	0.333333343	0.333333343	None
  7.966667	-1.67181386E-13	0	0	0.333333343	0.333333343	None
  8.533334	-1.67181386E-13	0	0	0.333333343	0.333333343	None
  8.566668	-1.67181386E-13	1.60935015E-05	1.60935015E-05	0.333333343	0.333333343	None
  8.6	1.07288361E-06	4.60204319E-10	4.60204319E-10	0.333333343	0.333333343	None
  8.633334	-1.67181386E-13	-1.60930413E-05	-1.60930413E-05	0.333333343	0.333333343	None
  8.666667	-1.67181386E-13	0	0	0.333333343	0.333333343	None
  8.700001	-1.67181386E-13	1.60935015E-05	1.60935015E-05	0.333333343	0.333333343	None
  8.733334	1.07288361E-06	4.60204319E-10	4.60204319E-10	0.333333343	0.333333343	None
  8.766667	-1.67181386E-13	-1.60930413E-05	-1.60930413E-05	0.333333343	0.333333343	None
  8.8	-1.67181386E-13	0	0	0.333333343	0.333333343	None
  9.900001	-1.67181386E-13	0	0	0.333333343	0.333333343	None
  9.933333	-1.67181386E-13	1.60930413E-05	1.60930413E-05	0.333333343	0.333333343	None
  9.966667	1.07288361E-06	0	0	0.333333343	0.333333343	None
  10.000001	-1.67181386E-13	-1.60930413E-05	-1.60930413E-05	0.333333343	0.333333343	None
  10.0333338	-1.67181386E-13	0	0	0.333333343	0.333333343	None
  10.2000008	-1.67181386E-13	0	0	0.333333343	0.333333343	None
FLOAT UnityEngine.Animator||Left Arm Down-Up discrete=False keys=69 pre=ClampForever post=ClampForever
  0	-0.6857722	-0.0259494763	-0.0259494763	0.333333343	0.333333343	None
  0.5	-0.628043	0.134989321	0.134989321	0.333333343	0.333333343	None
  1.06666672	-0.506224334	0.17577517	0.17577517	0.333333343	0.333333343	None
  1.36666679	-0.458185762	0.107781321	0.107781321	0.333333343	0.333333343	None
  1.4666667	-0.4645817	-0.570709169	-0.570709169	0.333333343	0.333333343	None
  1.56666672	-0.5622955	-0.972617567	-0.972617567	0.333333343	0.333333343	None
  1.60000014	-0.591149569	-0.386151969	-0.386151969	0.333333343	0.333333343	None
  1.76666677	-0.363240242	2.09865475	2.09865475	0.333333343	0.333333343	None
  1.83333337	-0.227248073	1.8501662	1.8501662	0.333333343	0.333333343	None
  1.86666679	-0.170977518	1.58355284	1.58355284	0.333333343	0.333333343	None
  1.9333334	-0.0879731849	0.6261063	0.6261063	0.333333343	0.333333343	None
  2	-0.0929446	-0.6058545	-0.6058545	0.333333343	0.333333343	None
  2.03333354	-0.120327778	-1.09209538	-1.09209538	0.333333343	0.333333343	None
  2.06666684	-0.165751085	-1.36065722	-1.36065722	0.333333343	0.333333343	None
  2.13333344	-0.24767679	-0.8883132	-0.8883132	0.333333343	0.333333343	None
  2.2	-0.281153232	-0.3169766	-0.3169766	0.333333343	0.333333343	None
  2.266667	-0.297387	-0.0722344443	-0.0722344443	0.333333343	0.333333343	None
  2.33333349	-0.2969505	-0.02531337	-0.02531337	0.333333343	0.333333343	None
  2.4666667	-0.31821093	-0.324587464	-0.324587464	0.333333343	0.333333343	None
  2.73333359	-0.403416157	-0.236465156	-0.236465156	0.333333343	0.333333343	None
  3.06666684	-0.4524554	-0.164114237	-0.164114237	0.333333343	0.333333343	None
  3.4333334	-0.480074584	0.07580064	0.07580064	0.333333343	0.333333343	None
  3.53333354	-0.455846846	0.15922904	0.15922904	0.333333343	0.333333343	None
  3.66666675	-0.4442481	0.219006419	0.219006419	0.333333343	0.333333343	None
  3.766667	-0.4156655	0.281736851	0.281736851	0.333333343	0.333333343	None
  3.9	-0.355064541	0.6621139	0.6621139	0.333333343	0.333333343	None
  4	-0.2919276	0.5205691	0.5205691	0.333333343	0.333333343	None
  4.033334	-0.2751187	0.326932967	0.326932967	0.333333343	0.333333343	None
  4.23333359	-0.326146215	-0.2332241	-0.2332241	0.333333343	0.333333343	None
  4.4	-0.32772395	-0.0392559543	-0.0392559543	0.333333343	0.333333343	None
  4.533334	-0.336462021	0.026275821	0.026275821	0.333333343	0.333333343	None
  4.766667	-0.321007878	0.0620471537	0.0620471537	0.333333343	0.333333343	None
  4.9	-0.3429882	-0.3781963	-0.3781963	0.333333343	0.333333343	None
  4.9666667	-0.36956504	-0.354562581	-0.354562581	0.333333343	0.333333343	None
  5.00000048	-0.381453484	-0.566683054	-0.566683054	0.333333343	0.333333343	None
  5.10000038	-0.461962	-0.4913995	-0.4913995	0.333333343	0.333333343	None
  5.166667	-0.471605062	-0.07322482	-0.07322482	0.333333343	0.333333343	None
  5.466667	-0.445579141	0.2449466	0.2449466	0.333333343	0.333333343	None
  5.60000038	-0.3833822	0.642043233	0.642043233	0.333333343	0.333333343	None
  5.666667	-0.34719196	0.366973042	0.366973042	0.333333343	0.333333343	None
  5.73333359	-0.326244235	0.376753718	0.376753718	0.333333343	0.333333343	None
  5.933334	-0.299108475	-0.509065151	-0.509065151	0.333333343	0.333333343	None
  5.966667	-0.321360439	-0.6106582	-0.6106582	0.333333343	0.333333343	None
  6.066667	-0.3645371	-0.0289044082	-0.0289044082	0.333333343	0.333333343	None
  6.166667	-0.326716155	0.403124332	0.403124332	0.333333343	0.333333343	None
  6.3	-0.320540726	-0.24779433	-0.24779433	0.333333343	0.333333343	None
  6.40000057	-0.337593973	-0.008356445	-0.008356445	0.333333343	0.333333343	None
  6.50000048	-0.3318302	-0.0320542157	-0.0320542157	0.333333343	0.333333343	None
  6.70000029	-0.357688785	-0.212319851	-0.212319851	0.333333343	0.333333343	None
  6.83333349	-0.3661842	-0.0178201664	-0.0178201664	0.333333343	0.333333343	None
  6.933334	-0.385029376	-0.31377092	-0.31377092	0.333333343	0.333333343	None
  7.033334	-0.413757741	-0.398096979	-0.398096979	0.333333343	0.333333343	None
  7.13333368	-0.4424721	-0.180095762	-0.180095762	0.333333343	0.333333343	None
  7.266667	-0.476735353	-0.29058677	-0.29058677	0.333333343	0.333333343	None
  7.466667	-0.4945469	0.03241363	0.03241363	0.333333343	0.333333343	None
  7.86666727	-0.4982549	0.0244751815	0.0244751815	0.333333343	0.333333343	None
  7.966667	-0.4718424	0.454051226	0.454051226	0.333333343	0.333333343	None
  8	-0.454252362	0.23273614	0.23273614	0.333333343	0.333333343	None
  8.066668	-0.4591424	0.07413189	0.07413189	0.333333343	0.333333343	None
  8.166667	-0.434051245	-0.0200598016	-0.0200598016	0.333333343	0.333333343	None
  8.200001	-0.442032	-0.111887522	-0.111887522	0.333333343	0.333333343	None
  8.400001	-0.404435724	0.0178975426	0.0178975426	0.333333343	0.333333343	None
  8.6	-0.431535244	-0.131426752	-0.131426752	0.333333343	0.333333343	None
  8.733334	-0.461064339	-0.35539645	-0.35539645	0.333333343	0.333333343	None
  9.033334	-0.6163168	-0.6692666	-0.6692666	0.333333343	0.333333343	None
  9.433333	-0.676003337	0.1595497	0.1595497	0.333333343	0.333333343	None
  9.8	-0.673425	-0.221616775	-0.221616775	0.333333343	0.333333343	None
  10.1333342	-0.689050257	0.134463951	0.134463951	0.333333343	0.333333343	None
  10.2000008	-0.6840574	1.78811547E-06	1.78811547E-06	0.333333343	0.333333343	None
FLOAT UnityEngine.Animator||Left Arm Front-Back discrete=False keys=93 pre=ClampForever post=ClampForever
  0	0.120158896	0.00361964083	0.00361964083	0.333333343	0.333333343	None
  0.13333334	0.122692391	0.0125949839	0.0125949839	0.333333343	0.333333343	None
  0.400000036	0.137996018	0.07850018	0.07850018	0.333333343	0.333333343	None
  0.8333334	0.1783324	0.06930113	0.06930113	0.333333343	0.333333343	None
  1.06666672	0.201388434	0.08791462	0.08791462	0.333333343	0.333333343	None
  1.33333337	0.220403329	0.0581580624	0.0581580624	0.333333343	0.333333343	None
  1.4333334	0.233398616	0.3712241	0.3712241	0.333333343	0.333333343	None
  1.4666667	0.250700057	0.751954	0.751954	0.333333343	0.333333343	None
  1.56666672	0.353521168	0.7858864	0.7858864	0.333333343	0.333333343	None
  1.60000014	0.374106646	0.5493628	0.5493628	0.333333343	0.333333343	None
  1.66666675	0.390808433	-0.448019654	-0.448019654	0.333333343	0.333333343	None
  1.73333347	0.300003	-2.08551812	-2.08551812	0.333333343	0.333333343	None
  1.80000007	0.136881456	-2.465965	-2.465965	0.333333343	0.333333343	None
  1.83333337	0.0568453036	-2.239302	-2.239302	0.333333343	0.333333343	None
  1.86666679	-0.0124054477	-1.96997762	-1.96997762	0.333333343	0.333333343	None
  1.9000001	-0.0744866654	-1.57557178	-1.57557178	0.333333343	0.333333343	None
  1.9333334	-0.117443465	-1.2556448	-1.2556448	0.333333343	0.333333343	None
  2.10000014	-0.250187218	0.03348495	0.03348495	0.333333343	0.333333343	None
  2.2	-0.22298795	-0.137429148	-0.137429148	0.333333343	0.333333343	None
  2.30000019	-0.282397032	-0.6127597	-0.6127597	0.333333343	0.333333343	None
  2.4666667	-0.352928072	-0.244423315	-0.244423315	0.333333343	0.333333343	None
  2.766667	-0.392037123	-0.04699503	-0.04699503	0.333333343	0.333333343	None
  3.16666675	-0.40192768	0.00308364443	0.00308364443	0.333333343	0.333333343	None
  3.4	-0.398333043	0.17313005	0.17313005	0.333333343	0.333333343	None
  3.466667	-0.373585552	0.6918671	0.6918671	0.333333343	0.333333343	None
  3.53333354	-0.314480841	0.865522861	0.865522861	0.333333343	0.333333343	None
  3.66666675	-0.224318579	0.493326724	0.493326724	0.333333343	0.333333343	None
  3.83333349	-0.199731737	-0.185678557	-0.185678557	0.333333343	0.333333343	None
  3.93333364	-0.240381733	-0.480984241	-0.480984241	0.333333343	0.333333343	None
  4.13333368	-0.3332985	-0.482729673	-0.482729673	0.333333343	0.333333343	None
  4.3	-0.3895416	-0.08257814	-0.08257814	0.333333343	0.333333343	None
  4.4666667	-0.386379778	0.0296572149	0.0296572149	0.333333343	0.333333343	None
  4.70000029	-0.389651239	-0.02246397	-0.02246397	0.333333343	0.333333343	None
  4.9	-0.357658982	0.6387642	0.6387642	0.333333343	0.333333343	None
  4.9333334	-0.331149459	1.06714511	1.06714511	0.333333343	0.333333343	None
  5.00000048	-0.232063875	1.519419	1.519419	0.333333343	0.333333343	None
  5.066667	-0.149627447	0.841629267	0.841629267	0.333333343	0.333333343	None
  5.10000038	-0.1291122	0.657268643	0.657268643	0.333333343	0.333333343	None
  5.166667	-0.085869126	0.468516	0.468516	0.333333343	0.333333343	None
  5.266667	-0.06957383	0.00190414675	0.00190414675	0.333333343	0.333333343	None
  5.33333349	-0.0714922249	-0.0468594655	-0.0468594655	0.333333343	0.333333343	None
  5.4333334	-0.080347	-0.134128	-0.134128	0.333333343	0.333333343	None
  5.533334	-0.1031141	-0.35329634	-0.35329634	0.333333343	0.333333343	None
  5.63333368	-0.1444393	-0.3680526	-0.3680526	0.333333343	0.333333343	None
  5.666667	-0.154995278	-0.361262619	-0.361262619	0.333333343	0.333333343	None
  5.70000029	-0.168523446	-0.386972725	-0.386972725	0.333333343	0.333333343	None
  5.8	-0.2121572	-0.5762485	-0.5762485	0.333333343	0.333333343	None
  5.9	-0.268441558	-0.337733954	-0.337733954	0.333333343	0.333333343	None
  5.966667	-0.283281237	-0.2237693	-0.2237693	0.333333343	0.333333343	None
  6.066667	-0.300303131	0.04016791	0.04016791	0.333333343	0.333333343	None
  6.13333368	-0.2860759	0.226317853	0.226317853	0.333333343	0.333333343	None
  6.20000029	-0.274937421	0.0204259343	0.0204259343	0.333333343	0.333333343	None
  6.23333359	-0.2787384	-0.0830229446	-0.0830229446	0.333333343	0.333333343	None
  6.33333349	-0.29098922	-0.220373631	-0.220373631	0.333333343	0.333333343	None
  6.40000057	-0.3015769	9.98117E-05	9.98117E-05	0.333333343	0.333333343	None
  6.50000048	-0.291092217	-0.0471416563	-0.0471416563	0.333333343	0.333333343	None
  6.60000038	-0.2995367	-0.040381588	-0.040381588	0.333333343	0.333333343	None
  6.73333359	-0.308264047	0.00368982926	0.00368982926	0.333333343	0.333333343	None
  6.83333349	-0.309814	0.005458749	0.005458749	0.333333343	0.333333343	None
  6.90000057	-0.299690574	0.427559167	0.427559167	0.333333343	0.333333343	None
  7.00000048	-0.2237933	0.764757752	0.764757752	0.333333343	0.333333343	None
  7.13333368	-0.147635654	0.54623127	0.54623127	0.333333343	0.333333343	None
  7.20000029	-0.113740928	0.410014272	0.410014272	0.333333343	0.333333343	None
  7.33333349	-0.08376315	0.0742096156	0.0742096156	0.333333343	0.333333343	None
  7.466667	-0.08205288	-0.0236324072	-0.0236324072	0.333333343	0.333333343	None
  7.566667	-0.0858137459	-0.0198701583	-0.0198701583	0.333333343	0.333333343	None
  7.766667	-0.08840804	-0.0135469567	-0.0135469567	0.333333343	0.333333343	None
  7.833334	-0.0904896	-0.103237756	-0.103237756	0.333333343	0.333333343	None
  7.86666727	-0.0957860947	-0.319722742	-0.319722742	0.333333343	0.333333343	None
  7.966667	-0.167151585	-0.9726804	-0.9726804	0.333333343	0.333333343	None
  8.033334	-0.230790123	-0.5951955	-0.5951955	0.333333343	0.333333343	None
  8.1	-0.232790127	0.448838532	0.448838532	0.333333343	0.333333343	None
  8.166667	-0.189393222	0.558522463	0.558522463	0.333333343	0.333333343	None
  8.266667	-0.157018617	0.11506439	0.11506439	0.333333343	0.333333343	None
  8.366667	-0.154939517	-0.00240988	-0.00240988	0.333333343	0.333333343	None
  8.5	-0.117892966	0.7353709	0.7353709	0.333333343	0.333333343	None
  8.533334	-0.08808193	1.09664857	1.09664857	0.333333343	0.333333343	None
  8.566668	-0.0447820835	1.40958619	1.40958619	0.333333343	0.333333343	None
  8.6	0.005890289	1.57755911	1.57755911	0.333333343	0.333333343	None
  8.633334	0.06038848	1.59817243	1.59817243	0.333333343	0.333333343	None
  8.733334	0.1942265	0.9137988	0.9137988	0.333333343	0.333333343	None
  8.933333	0.250251085	-0.0280888323	-0.0280888323	0.333333343	0.333333343	None
  9.1	0.246882483	0.046390783	0.046390783	0.333333343	0.333333343	None
  9.233334	0.239094913	-0.255308777	-0.255308777	0.333333343	0.333333343	None
  9.333334	0.2084703	-0.2917376	-0.2917376	0.333333343	0.333333343	None
  9.566668	0.14208287	-0.248504385	-0.248504385	0.333333343	0.333333343	None
  9.700001	0.122857258	-0.0417805538	-0.0417805538	0.333333343	0.333333343	None
  9.900001	0.1223531	-0.0122569511	-0.0122569511	0.333333343	0.333333343	None
  9.966667	0.12289995	0.0440367	0.0440367	0.333333343	0.333333343	None
  10.0333338	0.1258245	0.00103653222	0.00103653222	0.333333343	0.333333343	None
  10.1333342	0.122394539	-0.0551616773	-0.0551616773	0.333333343	0.333333343	None
  10.166667	0.120071128	-0.0348510332	-0.0348510332	0.333333343	0.333333343	None
  10.2000008	0.120071173	1.34108666E-06	1.34108666E-06	0.333333343	0.333333343	None
FLOAT UnityEngine.Animator||Left Arm Twist In-Out discrete=False keys=152 pre=ClampForever post=ClampForever
  0	-0.0291901883	0.02367446	0.02367446	0.333333343	0.333333343	None
  0.0333333351	-0.02840104	0.0165419355	0.0165419355	0.333333343	0.333333343	None
  0.06666667	-0.0280873924	-0.04249694	-0.04249694	0.333333343	0.333333343	None
  0.100000009	-0.03123417	-0.125851929	-0.125851929	0.333333343	0.333333343	None
  0.13333334	-0.03647752	-0.102848224	-0.102848224	0.333333343	0.333333343	None
  0.166666672	-0.038090717	-0.0642493442	-0.0642493442	0.333333343	0.333333343	None
  0.266666681	-0.0492681339	-0.144168466	-0.144168466	0.333333343	0.333333343	None
  0.400000036	-0.0643530339	-0.05054123	-0.05054123	0.333333343	0.333333343	None
  0.4666667	-0.0666771457	-0.0186516363	-0.0186516363	0.333333343	0.333333343	None
  0.533333361	-0.0677854	-0.0513704047	-0.0513704047	0.333333343	0.333333343	None
  0.6	-0.07223048	-0.06548043	-0.06548043	0.333333343	0.333333343	None
  0.7666667	-0.0867598653	-0.12315163	-0.12315163	0.333333343	0.333333343	None
  0.866666734	-0.09923497	-0.113228887	-0.113228887	0.333333343	0.333333343	None
  0.9333334	-0.1073431	-0.152967632	-0.152967632	0.333333343	0.333333343	None
  1.06666672	-0.1250281	-0.0929364	-0.0929364	0.333333343	0.333333343	None
  1.16666675	-0.134152219	-0.070957236	-0.070957236	0.333333343	0.333333343	None
  1.33333337	-0.14958626	-0.08168237	-0.08168237	0.333333343	0.333333343	None
  1.4000001	-0.156465128	-0.184960842	-0.184960842	0.333333343	0.333333343	None
  1.4333334	-0.164534971	-0.387580931	-0.387580931	0.333333343	0.333333343	None
  1.4666667	-0.182303831	-0.474512458	-0.474512458	0.333333343	0.333333343	None
  1.53333342	-0.20598121	-0.1353768	-0.1353768	0.333333343	0.333333343	None
  1.56666672	-0.205194265	0.0790228546	0.0790228546	0.333333343	0.333333343	None
  1.60000014	-0.200713009	-0.07870795	-0.07870795	0.333333343	0.333333343	None
  1.63333344	-0.21044144	-0.473835468	-0.473835468	0.333333343	0.333333343	None
  1.7	-0.252222717	-0.2977635	-0.2977635	0.333333343	0.333333343	None
  1.76666677	-0.230043292	1.1242137	1.1242137	0.333333343	0.333333343	None
  1.80000007	-0.177205384	2.00291729	2.00291729	0.333333343	0.333333343	None
  1.83333337	-0.09651561	2.61362457	2.61362457	0.333333343	0.333333343	None
  1.86666679	-0.00296358764	2.7914	2.7914	0.333333343	0.333333343	None
  1.9000001	0.08957788	2.325142	2.325142	0.333333343	0.333333343	None
  1.9333334	0.152045727	1.62620318	1.62620318	0.333333343	0.333333343	None
  2	0.234471262	0.958494067	0.958494067	0.333333343	0.333333343	None
  2.10000014	0.270954579	-0.61193943	-0.61193943	0.333333343	0.333333343	None
  2.13333344	0.237043887	-1.30824733	-1.30824733	0.333333343	0.333333343	None
  2.16666675	0.183738172	-1.58215547	-1.58215547	0.333333343	0.333333343	None
  2.23333335	0.08830096	-1.048517	-1.048517	0.333333343	0.333333343	None
  2.266667	0.0616657	-0.5635306	-0.5635306	0.333333343	0.333333343	None
  2.30000019	0.0507320948	-0.209426418	-0.209426418	0.333333343	0.333333343	None
  2.36666679	0.0509299152	0.155165821	0.155165821	0.333333343	0.333333343	None
  2.4	0.05804833	0.176874369	0.176874369	0.333333343	0.333333343	None
  2.4666667	0.06626655	0.0858169049	0.0858169049	0.333333343	0.333333343	None
  2.53333354	0.06885934	-0.0298144575	-0.0298144575	0.333333343	0.333333343	None
  2.56666684	0.06645504	-0.064135924	-0.064135924	0.333333343	0.333333343	None
  2.63333344	0.06248047	-0.06373516	-0.06373516	0.333333343	0.333333343	None
  2.66666675	0.060334608	-0.0284441262	-0.0284441262	0.333333343	0.333333343	None
  2.766667	0.06326624	0.0419381633	0.0419381633	0.333333343	0.333333343	None
  2.83333349	0.06769249	0.111534849	0.111534849	0.333333343	0.333333343	None
  2.9	0.07678363	0.113336742	0.113336742	0.333333343	0.333333343	None
  3.13333344	0.09015151	0.058544632	0.058544632	0.333333343	0.333333343	None
  3.16666675	0.09247295	0.05008606	0.05008606	0.333333343	0.333333343	None
  3.30000019	0.09848256	0.07620834	0.07620834	0.333333343	0.333333343	None
  3.36666679	0.104768157	0.11278443	0.11278443	0.333333343	0.333333343	None
  3.4333334	0.118041582	0.387193978	0.387193978	0.333333343	0.333333343	None
  3.466667	0.1347597	0.427918553	0.427918553	0.333333343	0.333333343	None
  3.60000014	0.168512568	0.1863471	0.1863471	0.333333343	0.333333343	None
  3.63333344	0.174301654	0.268052846	0.268052846	0.333333343	0.333333343	None
  3.70000029	0.19897157	0.267309636	0.267309636	0.333333343	0.333333343	None
  3.766667	0.208308533	0.09848857	0.09848857	0.333333343	0.333333343	None
  3.93333364	0.25993076	1.05965662	1.05965662	0.333333343	0.333333343	None
  4	0.351481646	1.30552876	1.30552876	0.333333343	0.333333343	None
  4.033334	0.390698165	1.03499627	1.03499627	0.333333343	0.333333343	None
  4.066667	0.4204819	0.404082775	0.404082775	0.333333343	0.333333343	None
  4.166667	0.367968529	-0.9016491	-0.9016491	0.333333343	0.333333343	None
  4.23333359	0.3131896	-0.490583181	-0.490583181	0.333333343	0.333333343	None
  4.3	0.2973582	-0.257450283	-0.257450283	0.333333343	0.333333343	None
  4.4	0.261934578	-0.389928281	-0.389928281	0.333333343	0.333333343	None
  4.566667	0.1883325	-0.4288177	-0.4288177	0.333333343	0.333333343	None
  4.70000029	0.141091987	-0.211464673	-0.211464673	0.333333343	0.333333343	None
  4.766667	0.132911354	-0.0336718149	-0.0336718149	0.333333343	0.333333343	None
  4.83333349	0.132454649	-0.02562339	-0.02562339	0.333333343	0.333333343	None
  4.9	0.1341014	0.164823025	0.164823025	0.333333343	0.333333343	None
  5.00000048	0.161939591	0.144515768	0.144515768	0.333333343	0.333333343	None
  5.066667	0.162144914	-0.051972542	-0.051972542	0.333333343	0.333333343	None
  5.10000038	0.159779	-0.166857913	-0.166857913	0.333333343	0.333333343	None
  5.13333368	0.151021063	-0.156214908	-0.156214908	0.333333343	0.333333343	None
  5.166667	0.14936468	-0.02672891	-0.02672891	0.333333343	0.333333343	None
  5.4333334	0.19747442	0.3523125	0.3523125	0.333333343	0.333333343	None
  5.60000038	0.272754043	0.5567413	0.5567413	0.333333343	0.333333343	None
  5.63333368	0.291425467	0.610596538	0.610596538	0.333333343	0.333333343	None
  5.70000029	0.330015957	0.3283872	0.3283872	0.333333343	0.333333343	None
  5.83333349	0.2984879	-0.8351066	-0.8351066	0.333333343	0.333333343	None
  5.933334	0.192209184	-0.922641754	-0.922641754	0.333333343	0.333333343	None
  5.966667	0.164737359	-0.8310412	-0.8310412	0.333333343	0.333333343	None
  6.00000048	0.136806488	-0.8407288	-0.8407288	0.333333343	0.333333343	None
  6.066667	0.09215486	-0.151868492	-0.151868492	0.333333343	0.333333343	None
  6.13333368	0.122384705	0.875811338	0.875811338	0.333333343	0.333333343	None
  6.166667	0.156951636	0.9902673	0.9902673	0.333333343	0.333333343	None
  6.20000029	0.188402459	0.538839757	0.538839757	0.333333343	0.333333343	None
  6.266667	0.181086585	-0.4960442	-0.4960442	0.333333343	0.333333343	None
  6.3	0.159804672	-0.5580764	-0.5580764	0.333333343	0.333333343	None
  6.40000057	0.1286176	-0.09669908	-0.09669908	0.333333343	0.333333343	None
  6.433334	0.1274211	0.0736551	0.0736551	0.333333343	0.333333343	None
  6.466667	0.133527935	0.151265115	0.151265115	0.333333343	0.333333343	None
  6.566667	0.131723851	-0.215593934	-0.215593934	0.333333343	0.333333343	None
  6.70000029	0.09103974	-0.193713456	-0.193713456	0.333333343	0.333333343	None
  6.83333349	0.100224525	0.291289866	0.291289866	0.333333343	0.333333343	None
  6.866667	0.111293048	0.4311483	0.4311483	0.333333343	0.333333343	None
  6.90000057	0.128967971	0.535105944	0.535105944	0.333333343	0.333333343	None
  6.933334	0.146967	0.672580659	0.672580659	0.333333343	0.333333343	None
  7.00000048	0.199482366	0.6229235	0.6229235	0.333333343	0.333333343	None
  7.13333368	0.221874416	-0.2583763	-0.2583763	0.333333343	0.333333343	None
  7.20000029	0.200093061	-0.243653223	-0.243653223	0.333333343	0.333333343	None
  7.36666727	0.1888788	0.0112988427	0.0112988427	0.333333343	0.333333343	None
  7.533334	0.184325784	-0.03667902	-0.03667902	0.333333343	0.333333343	None
  7.833334	0.169907421	0.0282617547	0.0282617547	0.333333343	0.333333343	None
  7.86666727	0.171613291	0.102037139	0.102037139	0.333333343	0.333333343	None
  7.933334	0.179092988	-0.09668121	-0.09668121	0.333333343	0.333333343	None
  7.966667	0.170264482	-0.454673648	-0.454673648	0.333333343	0.333333343	None
  8	0.148781747	-0.462651	-0.462651	0.333333343	0.333333343	None
  8.033334	0.139421284	0.146967232	0.146967232	0.333333343	0.333333343	None
  8.066668	0.158579692	0.5879713	0.5879713	0.333333343	0.333333343	None
  8.1	0.178619325	0.348363876	0.348363876	0.333333343	0.333333343	None
  8.133334	0.181803688	-0.0614307038	-0.0614307038	0.333333343	0.333333343	None
  8.166667	0.1745241	-0.155378073	-0.155378073	0.333333343	0.333333343	None
  8.200001	0.171445221	0.0537556261	0.0537556261	0.333333343	0.333333343	None
  8.3	0.198328733	0.163000643	0.163000643	0.333333343	0.333333343	None
  8.400001	0.196182966	-0.06105389	-0.06105389	0.333333343	0.333333343	None
  8.566668	0.166027367	-0.5253577	-0.5253577	0.333333343	0.333333343	None
  8.633334	0.121699095	-0.759917259	-0.759917259	0.333333343	0.333333343	None
  8.700001	0.06877782	-0.697939	-0.697939	0.333333343	0.333333343	None
  8.733334	0.04806257	-0.5909326	-0.5909326	0.333333343	0.333333343	None
  8.8	0.0132267112	-0.4391696	-0.4391696	0.333333343	0.333333343	None
  8.833334	0.000104480794	-0.3975426	-0.3975426	0.333333343	0.333333343	None
  8.866667	-0.0132761	-0.3763317	-0.3763317	0.333333343	0.333333343	None
  8.900001	-0.02498425	-0.3856145	-0.3856145	0.333333343	0.333333343	None
  8.933333	-0.0389836766	-0.5187584	-0.5187584	0.333333343	0.333333343	None
  9	-0.0833650157	-0.734108448	-0.734108448	0.333333343	0.333333343	None
  9.066668	-0.128849953	-0.404157281	-0.404157281	0.333333343	0.333333343	None
  9.133334	-0.129823	0.2687141	0.2687141	0.333333343	0.333333343	None
  9.166667	-0.117538571	0.38318646	0.38318646	0.333333343	0.333333343	None
  9.3	-0.06284365	0.3934885	0.3934885	0.333333343	0.333333343	None
  9.333334	-0.0500244424	0.344360858	0.344360858	0.333333343	0.333333343	None
  9.400001	-0.0324229524	0.2059651	0.2059651	0.333333343	0.333333343	None
  9.433333	-0.0261552334	0.158694535	0.158694535	0.333333343	0.333333343	None
  9.466667	-0.0218433551	0.115385361	0.115385361	0.333333343	0.333333343	None
  9.500001	-0.0184627734	0.0790152	0.0790152	0.333333343	0.333333343	None
  9.533334	-0.0165756587	0.0370338559	0.0370338559	0.333333343	0.333333343	None
  9.566668	-0.01599387	0.0152780134	0.0152780134	0.333333343	0.333333343	None
  9.6	-0.0155571233	-0.00600701431	-0.00600701431	0.333333343	0.333333343	None
  9.633334	-0.0163943563	-0.0351477042	-0.0351477042	0.333333343	0.333333343	None
  9.666667	-0.0179002918	-0.03594023	-0.03594023	0.333333343	0.333333343	None
  9.700001	-0.01879036	-0.0440745726	-0.0440745726	0.333333343	0.333333343	None
  9.766667	-0.0235317983	-0.0821943	-0.0821943	0.333333343	0.333333343	None
  9.8	-0.02631819	-0.136859313	-0.136859313	0.333333343	0.333333343	None
  9.833334	-0.0326557942	-0.204031378	-0.204031378	0.333333343	0.333333343	None
  9.866667	-0.0399202555	-0.101204641	-0.101204641	0.333333343	0.333333343	None
  9.900001	-0.0394026525	0.0598457456	0.0598457456	0.333333343	0.333333343	None
  9.933333	-0.0359305851	0.0269862749	0.0269862749	0.333333343	0.333333343	None
  10.000001	-0.04018814	-0.0432545841	-0.0432545841	0.333333343	0.333333343	None
  10.0666676	-0.0406627469	-0.0346139148	-0.0346139148	0.333333343	0.333333343	None
  10.1333342	-0.0445332639	-0.0342644379	-0.0342644379	0.333333343	0.333333343	None
  10.2000008	-0.04507898	6.146647E-06	6.146647E-06	0.333333343	0.333333343	None
FLOAT UnityEngine.Animator||Left Eye Down-Up discrete=False keys=191 pre=ClampForever post=ClampForever
  0	4.55346E-07	-1.36603785E-05	-1.36603785E-05	0.333333343	0.333333343	None
  0.0333333351	2.03555417E-14	0	0	0.333333343	0.333333343	None
  0.06666667	4.55346E-07	6.83018925E-06	6.83018925E-06	0.333333343	0.333333343	None
  0.100000009	4.55346E-07	0	0	0.333333343	0.333333343	None
  0.13333334	4.55346E-07	0	0	0.333333343	0.333333343	None
  0.166666672	4.55346E-07	-6.83018743E-06	-6.83018743E-06	0.333333343	0.333333343	None
  0.200000018	5.2826637E-15	-6.83018743E-06	-6.83018743E-06	0.333333343	0.333333343	None
  0.233333349	2.03555417E-14	6.83019E-06	6.83019E-06	0.333333343	0.333333343	None
  0.266666681	4.55346E-07	6.83019E-06	6.83019E-06	0.333333343	0.333333343	None
  0.3	4.55346E-07	0	0	0.333333343	0.333333343	None
  0.6	4.55346E-07	0	0	0.333333343	0.333333343	None
  0.6333334	4.55346E-07	-6.83019653E-06	-6.83019653E-06	0.333333343	0.333333343	None
  0.6666667	5.2826637E-15	-1.22781785E-11	-1.22781785E-11	0.333333343	0.333333343	None
  0.700000048	4.55346E-07	6.83018425E-06	6.83018425E-06	0.333333343	0.333333343	None
  0.733333349	4.55346E-07	0	0	0.333333343	0.333333343	None
  0.8000001	4.55346E-07	0	0	0.333333343	0.333333343	None
  0.8333334	4.55346E-07	-6.830184E-06	-6.830184E-06	0.333333343	0.333333343	None
  0.866666734	2.03555417E-14	1.22781785E-11	1.22781785E-11	0.333333343	0.333333343	None
  0.900000036	4.55346E-07	6.830196E-06	6.830196E-06	0.333333343	0.333333343	None
  0.9333334	4.55346E-07	0	0	0.333333343	0.333333343	None
  1.36666679	4.55346E-07	0	0	0.333333343	0.333333343	None
  1.4000001	4.55346E-07	-6.83019653E-06	-6.83019653E-06	0.333333343	0.333333343	None
  1.4333334	5.2826637E-15	0	0	0.333333343	0.333333343	None
  1.4666667	4.55346E-07	6.83019653E-06	6.83019653E-06	0.333333343	0.333333343	None
  1.50000012	4.55346E-07	0	0	0.333333343	0.333333343	None
  1.53333342	4.55346E-07	-6.830196E-06	-6.830196E-06	0.333333343	0.333333343	None
  1.56666672	2.03555417E-14	-2.45563569E-11	-2.45563569E-11	0.333333343	0.333333343	None
  1.60000014	4.55346E-07	6.83017151E-06	6.83017151E-06	0.333333343	0.333333343	None
  1.63333344	4.55346E-07	0	0	0.333333343	0.333333343	None
  1.80000007	4.55346E-07	0	0	0.333333343	0.333333343	None
  1.83333337	4.55346E-07	-6.83017151E-06	-6.83017151E-06	0.333333343	0.333333343	None
  1.86666679	2.03555417E-14	-6.83017151E-06	-6.83017151E-06	0.333333343	0.333333343	None
  1.9000001	2.03555417E-14	6.830196E-06	6.830196E-06	0.333333343	0.333333343	None
  1.9333334	4.55346E-07	6.830196E-06	6.830196E-06	0.333333343	0.333333343	None
  1.96666682	4.55346E-07	0	0	0.333333343	0.333333343	None
  2	4.55346E-07	-6.83014741E-06	-6.83014741E-06	0.333333343	0.333333343	None
  2.03333354	2.03555417E-14	-6.83014741E-06	-6.83014741E-06	0.333333343	0.333333343	None
  2.06666684	2.03555417E-14	6.830196E-06	6.830196E-06	0.333333343	0.333333343	None
  2.10000014	4.55346E-07	6.830196E-06	6.830196E-06	0.333333343	0.333333343	None
  2.13333344	4.55346E-07	0	0	0.333333343	0.333333343	None
  2.266667	4.55346E-07	0	0	0.333333343	0.333333343	None
  2.30000019	4.55346E-07	-6.830196E-06	-6.830196E-06	0.333333343	0.333333343	None
  2.33333349	2.03555417E-14	-6.830196E-06	-6.830196E-06	0.333333343	0.333333343	None
  2.36666679	2.03555417E-14	6.830196E-06	6.830196E-06	0.333333343	0.333333343	None
  2.4	4.55346E-07	6.830196E-06	6.830196E-06	0.333333343	0.333333343	None
  2.4333334	4.55346E-07	0	0	0.333333343	0.333333343	None
  2.60000014	4.55346E-07	0	0	0.333333343	0.333333343	None
  2.63333344	4.55346E-07	-6.83019653E-06	-6.83019653E-06	0.333333343	0.333333343	None
  2.66666675	5.2826637E-15	0	0	0.333333343	0.333333343	None
  2.7	4.55346E-07	6.83019653E-06	6.83019653E-06	0.333333343	0.333333343	None
  2.73333359	4.55346E-07	0	0	0.333333343	0.333333343	None
  2.766667	4.55346E-07	0	0	0.333333343	0.333333343	None
  2.80000019	4.55346E-07	-6.830196E-06	-6.830196E-06	0.333333343	0.333333343	None
  2.83333349	2.03555417E-14	0	0	0.333333343	0.333333343	None
  2.86666679	4.55346E-07	6.830196E-06	6.830196E-06	0.333333343	0.333333343	None
  2.9	4.55346E-07	0	0	0.333333343	0.333333343	None
  3.23333359	4.55346E-07	0	0	0.333333343	0.333333343	None
  3.266667	4.55346E-07	-6.830196E-06	-6.830196E-06	0.333333343	0.333333343	None
  3.30000019	2.03555417E-14	0	0	0.333333343	0.333333343	None
  3.33333349	4.55346E-07	6.830196E-06	6.830196E-06	0.333333343	0.333333343	None
  3.36666679	4.55346E-07	0	0	0.333333343	0.333333343	None
  3.56666684	4.55346E-07	0	0	0.333333343	0.333333343	None
  3.60000014	4.55346E-07	-6.830196E-06	-6.830196E-06	0.333333343	0.333333343	None
  3.63333344	2.03555417E-14	0	0	0.333333343	0.333333343	None
  3.66666675	4.55346E-07	6.830196E-06	6.830196E-06	0.333333343	0.333333343	None
  3.70000029	4.55346E-07	0	0	0.333333343	0.333333343	None
  4.33333349	4.55346E-07	0	0	0.333333343	0.333333343	None
  4.366667	4.55346E-07	-6.830196E-06	-6.830196E-06	0.333333343	0.333333343	None
  4.4	2.03555417E-14	0	0	0.333333343	0.333333343	None
  4.4333334	4.55346E-07	6.830196E-06	6.830196E-06	0.333333343	0.333333343	None
  4.4666667	4.55346E-07	0	0	0.333333343	0.333333343	None
  4.73333359	4.55346E-07	0	0	0.333333343	0.333333343	None
  4.766667	4.55346E-07	-6.830196E-06	-6.830196E-06	0.333333343	0.333333343	None
  4.8	2.03555417E-14	0	0	0.333333343	0.333333343	None
  4.83333349	4.55346E-07	6.830196E-06	6.830196E-06	0.333333343	0.333333343	None
  4.866667	4.55346E-07	0	0	0.333333343	0.333333343	None
  5.13333368	4.55346E-07	0	0	0.333333343	0.333333343	None
  5.166667	4.55346E-07	-6.830196E-06	-6.830196E-06	0.333333343	0.333333343	None
  5.20000029	2.03555417E-14	0	0	0.333333343	0.333333343	None
  5.23333359	4.55346E-07	6.830196E-06	6.830196E-06	0.333333343	0.333333343	None
  5.266667	4.55346E-07	0	0	0.333333343	0.333333343	None
  5.33333349	4.55346E-07	0	0	0.333333343	0.333333343	None
  5.366667	4.55346E-07	-6.830196E-06	-6.830196E-06	0.333333343	0.333333343	None
  5.4	2.03555417E-14	0	0	0.333333343	0.333333343	None
  5.4333334	4.55346E-07	6.830196E-06	6.830196E-06	0.333333343	0.333333343	None
  5.466667	4.55346E-07	-6.830196E-06	-6.830196E-06	0.333333343	0.333333343	None
  5.50000048	2.03555417E-14	0	0	0.333333343	0.333333343	None
  5.533334	4.55346E-07	6.830196E-06	6.830196E-06	0.333333343	0.333333343	None
  5.566667	4.55346E-07	-6.830196E-06	-6.830196E-06	0.333333343	0.333333343	None
  5.60000038	2.03555417E-14	0	0	0.333333343	0.333333343	None
  5.63333368	4.55346E-07	6.830196E-06	6.830196E-06	0.333333343	0.333333343	None
  5.666667	4.55346E-07	0	0	0.333333343	0.333333343	None
  5.70000029	4.55346E-07	0	0	0.333333343	0.333333343	None
  5.73333359	4.55346E-07	-6.830196E-06	-6.830196E-06	0.333333343	0.333333343	None
  5.766667	2.03555417E-14	-6.830196E-06	-6.830196E-06	0.333333343	0.333333343	None
  5.8	2.03555417E-14	6.830196E-06	6.830196E-06	0.333333343	0.333333343	None
  5.83333349	4.55346E-07	6.830196E-06	6.830196E-06	0.333333343	0.333333343	None
  5.866667	4.55346E-07	0	0	0.333333343	0.333333343	None
  5.9	4.55346E-07	-6.8300983E-06	-6.8300983E-06	0.333333343	0.333333343	None
  5.933334	2.03555417E-14	9.777068E-11	9.777068E-11	0.333333343	0.333333343	None
  5.966667	4.55346E-07	6.830196E-06	6.830196E-06	0.333333343	0.333333343	None
  6.00000048	4.55346E-07	-6.830196E-06	-6.830196E-06	0.333333343	0.333333343	None
  6.033334	2.03555417E-14	0	0	0.333333343	0.333333343	None
  6.066667	4.55346E-07	6.830196E-06	6.830196E-06	0.333333343	0.333333343	None
  6.10000038	4.55346E-07	0	0	0.333333343	0.333333343	None
  6.3	4.55346E-07	0	0	0.333333343	0.333333343	None
  6.33333349	4.55346E-07	-6.830196E-06	-6.830196E-06	0.333333343	0.333333343	None
  6.366667	2.03555417E-14	-9.777068E-11	-9.777068E-11	0.333333343	0.333333343	None
  6.40000057	4.55346E-07	6.8300983E-06	6.8300983E-06	0.333333343	0.333333343	None
  6.433334	4.55346E-07	0	0	0.333333343	0.333333343	None
  6.466667	4.55346E-07	-6.830196E-06	-6.830196E-06	0.333333343	0.333333343	None
  6.50000048	2.03555417E-14	0	0	0.333333343	0.333333343	None
  6.533334	4.55346E-07	0	0	0.333333343	0.333333343	None
  6.566667	2.03555417E-14	0	0	0.333333343	0.333333343	None
  6.60000038	4.55346E-07	6.830196E-06	6.830196E-06	0.333333343	0.333333343	None
  6.63333368	4.55346E-07	0	0	0.333333343	0.333333343	None
  6.666667	4.55346E-07	0	0	0.333333343	0.333333343	None
  6.70000029	4.55346E-07	-6.830196E-06	-6.830196E-06	0.333333343	0.333333343	None
  6.73333359	2.03555417E-14	-6.830196E-06	-6.830196E-06	0.333333343	0.333333343	None
  6.766667	2.03555417E-14	6.830196E-06	6.830196E-06	0.333333343	0.333333343	None
  6.8	4.55346E-07	0	0	0.333333343	0.333333343	None
  6.83333349	2.03555417E-14	0	0	0.333333343	0.333333343	None
  6.866667	4.55346E-07	9.777068E-11	9.777068E-11	0.333333343	0.333333343	None
  6.90000057	2.03555417E-14	9.777068E-11	9.777068E-11	0.333333343	0.333333343	None
  6.933334	4.55346E-07	6.830196E-06	6.830196E-06	0.333333343	0.333333343	None
  6.966667	4.55346E-07	0	0	0.333333343	0.333333343	None
  7.00000048	4.55346E-07	0	0	0.333333343	0.333333343	None
  7.033334	4.55346E-07	-6.830196E-06	-6.830196E-06	0.333333343	0.333333343	None
  7.066667	2.03555417E-14	0	0	0.333333343	0.333333343	None
  7.10000038	4.55346E-07	6.830196E-06	6.830196E-06	0.333333343	0.333333343	None
  7.13333368	4.55346E-07	-6.830196E-06	-6.830196E-06	0.333333343	0.333333343	None
  7.166667	2.03555417E-14	0	0	0.333333343	0.333333343	None
  7.20000029	4.55346E-07	6.830196E-06	6.830196E-06	0.333333343	0.333333343	None
  7.23333359	4.55346E-07	0	0	0.333333343	0.333333343	None
  7.3	4.55346E-07	0	0	0.333333343	0.333333343	None
  7.33333349	4.55346E-07	-6.8300983E-06	-6.8300983E-06	0.333333343	0.333333343	None
  7.36666727	2.03555417E-14	9.777068E-11	9.777068E-11	0.333333343	0.333333343	None
  7.40000057	4.55346E-07	6.830196E-06	6.830196E-06	0.333333343	0.333333343	None
  7.433334	4.55346E-07	0	0	0.333333343	0.333333343	None
  7.73333359	4.55346E-07	0	0	0.333333343	0.333333343	None
  7.766667	4.55346E-07	-6.830196E-06	-6.830196E-06	0.333333343	0.333333343	None
  7.8	2.03555417E-14	-9.777068E-11	-9.777068E-11	0.333333343	0.333333343	None
  7.833334	4.55346E-07	6.8300983E-06	6.8300983E-06	0.333333343	0.333333343	None
  7.86666727	4.55346E-07	0	0	0.333333343	0.333333343	None
  7.966667	4.55346E-07	0	0	0.333333343	0.333333343	None
  8	4.55346E-07	-6.8300983E-06	-6.8300983E-06	0.333333343	0.333333343	None
  8.033334	2.03555417E-14	0	0	0.333333343	0.333333343	None
  8.066668	4.55346E-07	6.8300983E-06	6.8300983E-06	0.333333343	0.333333343	None
  8.1	4.55346E-07	0	0	0.333333343	0.333333343	None
  8.166667	4.55346E-07	0	0	0.333333343	0.333333343	None
  8.200001	4.55346E-07	-6.830294E-06	-6.830294E-06	0.333333343	0.333333343	None
  8.233334	2.03555417E-14	-1.95541361E-10	-1.95541361E-10	0.333333343	0.333333343	None
  8.266667	4.55346E-07	6.8300983E-06	6.8300983E-06	0.333333343	0.333333343	None
  8.3	4.55346E-07	-6.8300983E-06	-6.8300983E-06	0.333333343	0.333333343	None
  8.333334	2.03555417E-14	1.95541361E-10	1.95541361E-10	0.333333343	0.333333343	None
  8.366667	4.55346E-07	1.95086614E-10	1.95086614E-10	0.333333343	0.333333343	None
  8.400001	5.2826637E-15	1.95541361E-10	1.95541361E-10	0.333333343	0.333333343	None
  8.433333	4.55346E-07	6.8302943E-06	6.8302943E-06	0.333333343	0.333333343	None
  8.466667	4.55346E-07	0	0	0.333333343	0.333333343	None
  8.700001	4.55346E-07	0	0	0.333333343	0.333333343	None
  8.733334	4.55346E-07	-6.8300983E-06	-6.8300983E-06	0.333333343	0.333333343	None
  8.766667	2.03555417E-14	1.95541361E-10	1.95541361E-10	0.333333343	0.333333343	None
  8.8	4.55346E-07	6.830294E-06	6.830294E-06	0.333333343	0.333333343	None
  8.833334	4.55346E-07	0	0	0.333333343	0.333333343	None
  8.933333	4.55346E-07	0	0	0.333333343	0.333333343	None
  8.966667	4.55346E-07	-6.830294E-06	-6.830294E-06	0.333333343	0.333333343	None
  9	2.03555417E-14	-1.95541361E-10	-1.95541361E-10	0.333333343	0.333333343	None
  9.033334	4.55346E-07	6.8300983E-06	6.8300983E-06	0.333333343	0.333333343	None
  9.066668	4.55346E-07	0	0	0.333333343	0.333333343	None
  9.1	4.55346E-07	0	0	0.333333343	0.333333343	None
  9.133334	4.55346E-07	-6.830294E-06	-6.830294E-06	0.333333343	0.333333343	None
  9.166667	2.03555417E-14	-1.95541361E-10	-1.95541361E-10	0.333333343	0.333333343	None
  9.200001	4.55346E-07	6.8300983E-06	6.8300983E-06	0.333333343	0.333333343	None
  9.233334	4.55346E-07	0	0	0.333333343	0.333333343	None
  9.3	4.55346E-07	0	0	0.333333343	0.333333343	None
  9.333334	4.55346E-07	-6.830294E-06	-6.830294E-06	0.333333343	0.333333343	None
  9.366667	2.03555417E-14	-1.95541361E-10	-1.95541361E-10	0.333333343	0.333333343	None
  9.400001	4.55346E-07	-1.95541361E-10	-1.95541361E-10	0.333333343	0.333333343	None
  9.433333	2.03555417E-14	-6.830294E-06	-6.830294E-06	0.333333343	0.333333343	None
  9.466667	2.03555417E-14	6.8300983E-06	6.8300983E-06	0.333333343	0.333333343	None
  9.500001	4.55346E-07	6.8300983E-06	6.8300983E-06	0.333333343	0.333333343	None
  9.533334	4.55346E-07	-6.8300983E-06	-6.8300983E-06	0.333333343	0.333333343	None
  9.566668	2.03555417E-14	1.95541361E-10	1.95541361E-10	0.333333343	0.333333343	None
  9.6	4.55346E-07	6.830294E-06	6.830294E-06	0.333333343	0.333333343	None
  9.633334	4.55346E-07	0	0	0.333333343	0.333333343	None
  9.733334	4.55346E-07	0	0	0.333333343	0.333333343	None
  9.766667	4.55346E-07	-6.830294E-06	-6.830294E-06	0.333333343	0.333333343	None
  9.8	2.03555417E-14	-1.95541361E-10	-1.95541361E-10	0.333333343	0.333333343	None
  9.833334	4.55346E-07	6.8300983E-06	6.8300983E-06	0.333333343	0.333333343	None
  9.866667	4.55346E-07	0	0	0.333333343	0.333333343	None
  10.2000008	4.55346E-07	0	0	0.333333343	0.333333343	None
FLOAT UnityEngine.Animator||Left Eye In-Out discrete=False keys=140 pre=ClampForever post=ClampForever
  0	-4.07111072E-14	1.22133315E-12	1.22133315E-12	0.333333343	0.333333343	None
  0.0333333351	-2.71190316E-29	8.046628E-06	8.046628E-06	0.333333343	0.333333343	None
  0.06666667	5.364418E-07	9.094947E-13	9.094947E-13	0.333333343	0.333333343	None
  0.100000009	-4.07111072E-14	1.8189894E-12	1.8189894E-12	0.333333343	0.333333343	None
  0.13333334	5.364418E-07	8.046628E-06	8.046628E-06	0.333333343	0.333333343	None
  0.166666672	5.364418E-07	8.52650958E-13	8.52650958E-13	0.333333343	0.333333343	None
  0.200000018	5.3644186E-07	-8.046627E-06	-8.046627E-06	0.333333343	0.333333343	None
  0.233333349	-2.71190316E-29	-8.046629E-06	-8.046629E-06	0.333333343	0.333333343	None
  0.266666681	-4.07111072E-14	-6.10666628E-13	-6.10666628E-13	0.333333343	0.333333343	None
  0.333333343	-4.07111072E-14	0	0	0.333333343	0.333333343	None
  0.366666675	-4.07111072E-14	8.046622E-06	8.046622E-06	0.333333343	0.333333343	None
  0.400000036	5.364418E-07	-6.366463E-12	-6.366463E-12	0.333333343	0.333333343	None
  0.433333367	-4.07111072E-14	-8.046628E-06	-8.046628E-06	0.333333343	0.333333343	None
  0.4666667	-4.07111072E-14	0	0	0.333333343	0.333333343	None
  0.5	-4.07111072E-14	0	0	0.333333343	0.333333343	None
  0.533333361	-4.07111072E-14	8.046622E-06	8.046622E-06	0.333333343	0.333333343	None
  0.5666667	5.364418E-07	8.046622E-06	8.046622E-06	0.333333343	0.333333343	None
  0.6	5.364418E-07	-8.046622E-06	-8.046622E-06	0.333333343	0.333333343	None
  0.6333334	-4.07111072E-14	1.45519152E-11	1.45519152E-11	0.333333343	0.333333343	None
  0.6666667	5.3644186E-07	1.45519152E-11	1.45519152E-11	0.333333343	0.333333343	None
  0.700000048	-4.07111072E-14	-8.046622E-06	-8.046622E-06	0.333333343	0.333333343	None
  0.733333349	-4.07111072E-14	0	0	0.333333343	0.333333343	None
  0.8333334	-4.07111072E-14	6.106661E-13	6.106661E-13	0.333333343	0.333333343	None
  0.866666734	-2.71190316E-29	8.046635E-06	8.046635E-06	0.333333343	0.333333343	None
  0.900000036	5.364418E-07	1.27329258E-11	1.27329258E-11	0.333333343	0.333333343	None
  0.9333334	-4.07111072E-14	-8.046622E-06	-8.046622E-06	0.333333343	0.333333343	None
  0.9666667	-4.07111072E-14	0	0	0.333333343	0.333333343	None
  1	-4.07111072E-14	8.046607E-06	8.046607E-06	0.333333343	0.333333343	None
  1.03333342	5.364418E-07	-2.81943358E-11	-2.81943358E-11	0.333333343	0.333333343	None
  1.06666672	-4.07111072E-14	-8.046635E-06	-8.046635E-06	0.333333343	0.333333343	None
  1.1	-4.07111072E-14	0	0	0.333333343	0.333333343	None
  1.13333344	-4.07111072E-14	0	0	0.333333343	0.333333343	None
  1.16666675	-4.07111072E-14	8.046635E-06	8.046635E-06	0.333333343	0.333333343	None
  1.2	5.364418E-07	0	0	0.333333343	0.333333343	None
  1.23333335	-4.07111072E-14	-8.046635E-06	-8.046635E-06	0.333333343	0.333333343	None
  1.26666677	-4.07111072E-14	8.046635E-06	8.046635E-06	0.333333343	0.333333343	None
  1.30000007	5.364418E-07	0	0	0.333333343	0.333333343	None
  1.33333337	-4.07111072E-14	-2.81943358E-11	-2.81943358E-11	0.333333343	0.333333343	None
  1.36666679	5.364418E-07	-2.81943358E-11	-2.81943358E-11	0.333333343	0.333333343	None
  1.4000001	-4.07111072E-14	9.094947E-13	9.094947E-13	0.333333343	0.333333343	None
  1.4333334	5.3644186E-07	0	0	0.333333343	0.333333343	None
  1.4666667	-4.07111072E-14	-8.046636E-06	-8.046636E-06	0.333333343	0.333333343	None
  1.50000012	-4.07111072E-14	0	0	0.333333343	0.333333343	None
  2.60000014	-4.07111072E-14	0	0	0.333333343	0.333333343	None
  2.63333344	-4.07111072E-14	8.046636E-06	8.046636E-06	0.333333343	0.333333343	None
  2.66666675	5.3644186E-07	8.046635E-06	8.046635E-06	0.333333343	0.333333343	None
  2.7	5.364418E-07	-8.526521E-13	-8.526521E-13	0.333333343	0.333333343	None
  2.73333359	5.364418E-07	-8.046635E-06	-8.046635E-06	0.333333343	0.333333343	None
  2.766667	-4.07111072E-14	-8.046635E-06	-8.046635E-06	0.333333343	0.333333343	None
  2.80000019	-4.07111072E-14	6.1066717E-13	6.1066717E-13	0.333333343	0.333333343	None
  2.83333349	-2.71190316E-29	8.046635E-06	8.046635E-06	0.333333343	0.333333343	None
  2.86666679	5.364418E-07	-9.094947E-13	-9.094947E-13	0.333333343	0.333333343	None
  2.9	-4.07111072E-14	-8.046635E-06	-8.046635E-06	0.333333343	0.333333343	None
  2.9333334	-4.07111072E-14	0	0	0.333333343	0.333333343	None
  2.966667	-4.07111072E-14	8.046635E-06	8.046635E-06	0.333333343	0.333333343	None
  3.00000024	5.364418E-07	0	0	0.333333343	0.333333343	None
  3.03333354	-4.07111072E-14	0	0	0.333333343	0.333333343	None
  3.06666684	5.364418E-07	8.046635E-06	8.046635E-06	0.333333343	0.333333343	None
  3.10000014	5.364418E-07	-8.046635E-06	-8.046635E-06	0.333333343	0.333333343	None
  3.13333344	-4.07111072E-14	-8.046635E-06	-8.046635E-06	0.333333343	0.333333343	None
  3.16666675	-4.07111072E-14	0	0	0.333333343	0.333333343	None
  3.4333334	-4.07111072E-14	0	0	0.333333343	0.333333343	None
  3.466667	-4.07111072E-14	8.046635E-06	8.046635E-06	0.333333343	0.333333343	None
  3.50000024	5.364418E-07	0	0	0.333333343	0.333333343	None
  3.53333354	-4.07111072E-14	-8.046635E-06	-8.046635E-06	0.333333343	0.333333343	None
  3.56666684	-4.07111072E-14	0	0	0.333333343	0.333333343	None
  3.86666679	-4.07111072E-14	0	0	0.333333343	0.333333343	None
  3.9	-4.07111072E-14	8.046578E-06	8.046578E-06	0.333333343	0.333333343	None
  3.93333364	5.364418E-07	-5.72981662E-11	-5.72981662E-11	0.333333343	0.333333343	None
  3.966667	-4.07111072E-14	-8.046635E-06	-8.046635E-06	0.333333343	0.333333343	None
  4	-4.07111072E-14	0	0	0.333333343	0.333333343	None
  4.033334	-4.07111072E-14	0	0	0.333333343	0.333333343	None
  4.066667	-4.07111072E-14	8.046635E-06	8.046635E-06	0.333333343	0.333333343	None
  4.10000038	5.364418E-07	0	0	0.333333343	0.333333343	None
  4.13333368	-4.07111072E-14	-8.046635E-06	-8.046635E-06	0.333333343	0.333333343	None
  4.166667	-4.07111072E-14	0	0	0.333333343	0.333333343	None
  4.9	-4.07111072E-14	0	0	0.333333343	0.333333343	None
  4.9333334	-4.07111072E-14	8.046635E-06	8.046635E-06	0.333333343	0.333333343	None
  4.9666667	5.364418E-07	8.046635E-06	8.046635E-06	0.333333343	0.333333343	None
  5.00000048	5.364418E-07	-8.046635E-06	-8.046635E-06	0.333333343	0.333333343	None
  5.033334	-4.07111072E-14	-8.046635E-06	-8.046635E-06	0.333333343	0.333333343	None
  5.066667	-4.07111072E-14	0	0	0.333333343	0.333333343	None
  5.366667	-4.07111072E-14	6.1066717E-13	6.1066717E-13	0.333333343	0.333333343	None
  5.4	-2.71190316E-29	8.046635E-06	8.046635E-06	0.333333343	0.333333343	None
  5.4333334	5.364418E-07	1.13686838E-10	1.13686838E-10	0.333333343	0.333333343	None
  5.466667	-4.07111072E-14	-8.04652E-06	-8.04652E-06	0.333333343	0.333333343	None
  5.50000048	-2.71190316E-29	8.046635E-06	8.046635E-06	0.333333343	0.333333343	None
  5.533334	5.364418E-07	-9.094947E-13	-9.094947E-13	0.333333343	0.333333343	None
  5.566667	-4.07111072E-14	-8.046634E-06	-8.046634E-06	0.333333343	0.333333343	None
  5.60000038	-2.71190316E-29	0	0	0.333333343	0.333333343	None
  5.63333368	-4.07111072E-14	8.046634E-06	8.046634E-06	0.333333343	0.333333343	None
  5.666667	5.364418E-07	0	0	0.333333343	0.333333343	None
  5.70000029	-4.07111072E-14	-8.046635E-06	-8.046635E-06	0.333333343	0.333333343	None
  5.73333359	-4.07111072E-14	6.1066717E-13	6.1066717E-13	0.333333343	0.333333343	None
  6.033334	-2.71190316E-29	0	0	0.333333343	0.333333343	None
  6.066667	-4.07111072E-14	8.046634E-06	8.046634E-06	0.333333343	0.333333343	None
  6.10000038	5.364418E-07	0	0	0.333333343	0.333333343	None
  6.13333368	-4.07111072E-14	-8.046635E-06	-8.046635E-06	0.333333343	0.333333343	None
  6.166667	-4.07111072E-14	0	0	0.333333343	0.333333343	None
  7.23333359	-4.07111072E-14	0	0	0.333333343	0.333333343	None
  7.266667	-4.07111072E-14	8.046635E-06	8.046635E-06	0.333333343	0.333333343	None
  7.3	5.364418E-07	0	0	0.333333343	0.333333343	None
  7.33333349	-4.07111072E-14	-8.046634E-06	-8.046634E-06	0.333333343	0.333333343	None
  7.36666727	-2.71190316E-29	8.046635E-06	8.046635E-06	0.333333343	0.333333343	None
  7.40000057	5.364418E-07	-9.094947E-13	-9.094947E-13	0.333333343	0.333333343	None
  7.433334	-4.07111072E-14	-8.046635E-06	-8.046635E-06	0.333333343	0.333333343	None
  7.466667	-4.07111072E-14	0	0	0.333333343	0.333333343	None
  7.50000048	-4.07111072E-14	8.046635E-06	8.046635E-06	0.333333343	0.333333343	None
  7.533334	5.364418E-07	0	0	0.333333343	0.333333343	None
  7.566667	-4.07111072E-14	-8.046635E-06	-8.046635E-06	0.333333343	0.333333343	None
  7.60000038	-4.07111072E-14	8.046635E-06	8.046635E-06	0.333333343	0.333333343	None
  7.63333368	5.364418E-07	0	0	0.333333343	0.333333343	None
  7.666667	-4.07111072E-14	-8.046635E-06	-8.046635E-06	0.333333343	0.333333343	None
  7.70000029	-4.07111072E-14	0	0	0.333333343	0.333333343	None
  7.933334	-4.07111072E-14	0	0	0.333333343	0.333333343	None
  7.966667	-4.07111072E-14	8.046751E-06	8.046751E-06	0.333333343	0.333333343	None
  8	5.364418E-07	2.31011654E-10	2.31011654E-10	0.333333343	0.333333343	None
  8.033334	-2.71190316E-29	-8.046521E-06	-8.046521E-06	0.333333343	0.333333343	None
  8.066668	-4.07111072E-14	-6.10658442E-13	-6.10658442E-13	0.333333343	0.333333343	None
  8.333334	-2.71190316E-29	-1.75098651E-17	-1.75098651E-17	0.333333343	0.333333343	None
  8.366667	-4.07111072E-14	8.046521E-06	8.046521E-06	0.333333343	0.333333343	None
  8.400001	5.3644186E-07	8.046521E-06	8.046521E-06	0.333333343	0.333333343	None
  8.433333	5.364418E-07	-8.04652154E-06	-8.04652154E-06	0.333333343	0.333333343	None
  8.466667	-4.07111072E-14	-8.046521E-06	-8.046521E-06	0.333333343	0.333333343	None
  8.5	-4.07111072E-14	0	0	0.333333343	0.333333343	None
  8.766667	-2.71190316E-29	-1.75098651E-17	-1.75098651E-17	0.333333343	0.333333343	None
  8.8	-4.07111072E-14	8.04652E-06	8.04652E-06	0.333333343	0.333333343	None
  8.833334	5.364418E-07	8.046521E-06	8.046521E-06	0.333333343	0.333333343	None
  8.866667	5.364418E-07	-8.046521E-06	-8.046521E-06	0.333333343	0.333333343	None
  8.900001	-4.07111072E-14	-8.046521E-06	-8.046521E-06	0.333333343	0.333333343	None
  8.933333	-4.07111072E-14	8.046521E-06	8.046521E-06	0.333333343	0.333333343	None
  8.966667	5.364418E-07	-2.29192665E-10	-2.29192665E-10	0.333333343	0.333333343	None
  9	-2.71190316E-29	-8.046751E-06	-8.046751E-06	0.333333343	0.333333343	None
  9.033334	-4.07111072E-14	-6.10658442E-13	-6.10658442E-13	0.333333343	0.333333343	None
  9.133334	-4.07111072E-14	6.10675952E-13	6.10675952E-13	0.333333343	0.333333343	None
  9.166667	-2.71190316E-29	8.046521E-06	8.046521E-06	0.333333343	0.333333343	None
  9.200001	5.364418E-07	-2.31011654E-10	-2.31011654E-10	0.333333343	0.333333343	None
  9.233334	-4.07111072E-14	-8.046751E-06	-8.046751E-06	0.333333343	0.333333343	None
  9.266667	-4.07111072E-14	0	0	0.333333343	0.333333343	None
  10.2000008	-4.07111072E-14	0	0	0.333333343	0.333333343	None
FLOAT UnityEngine.Animator||Left Foot Twist In-Out discrete=False keys=128 pre=ClampForever post=ClampForever
  0	-0.221260667	-0.05324274	-0.05324274	0.333333343	0.333333343	None
  0.13333334	-0.2299017	-0.08160644	-0.08160644	0.333333343	0.333333343	None
  0.333333343	-0.24593316	-0.107972108	-0.107972108	0.333333343	0.333333343	None
  0.900000036	-0.31097	-0.1217039	-0.1217039	0.333333343	0.333333343	None
  1.33333337	-0.3620421	-0.07649165	-0.07649165	0.333333343	0.333333343	None
  1.4333334	-0.381944239	-0.446286917	-0.446286917	0.333333343	0.333333343	None
  1.4666667	-0.398962915	-0.2079109	-0.2079109	0.333333343	0.333333343	None
  1.50000012	-0.395804942	0.436025947	0.436025947	0.333333343	0.333333343	None
  1.56666672	-0.3438486	0.329543442	0.329543442	0.333333343	0.333333343	None
  1.63333344	-0.367620915	-0.7749226	-0.7749226	0.333333343	0.333333343	None
  1.73333347	-0.461262167	-0.655168533	-0.655168533	0.333333343	0.333333343	None
  1.83333337	-0.472270846	0.6293699	0.6293699	0.333333343	0.333333343	None
  1.9000001	-0.411621422	0.72344923	0.72344923	0.333333343	0.333333343	None
  1.96666682	-0.3751975	0.865341961	0.865341961	0.333333343	0.333333343	None
  2.03333354	-0.296876043	0.956184	0.956184	0.333333343	0.333333343	None
  2.13333344	-0.2814322	-0.6816049	-0.6816049	0.333333343	0.333333343	None
  2.16666675	-0.3129985	-0.9519008	-0.9519008	0.333333343	0.333333343	None
  2.266667	-0.398438662	-0.68579936	-0.68579936	0.333333343	0.333333343	None
  2.33333349	-0.42525214	0.1635416	0.1635416	0.333333343	0.333333343	None
  2.4	-0.3813545	0.650911033	0.650911033	0.333333343	0.333333343	None
  2.4666667	-0.34547925	0.5697832	0.5697832	0.333333343	0.333333343	None
  2.50000024	-0.3258817	0.4471494	0.4471494	0.333333343	0.333333343	None
  2.53333354	-0.315669179	0.338832617	0.338832617	0.333333343	0.333333343	None
  2.66666675	-0.280903816	0.104083672	0.104083672	0.333333343	0.333333343	None
  2.9333334	-0.304403365	-0.177360982	-0.177360982	0.333333343	0.333333343	None
  3.16666675	-0.3290986	-0.08054434	-0.08054434	0.333333343	0.333333343	None
  3.4	-0.344945639	-0.128042072	-0.128042072	0.333333343	0.333333343	None
  3.60000014	-0.377143681	-0.162757039	-0.162757039	0.333333343	0.333333343	None
  3.83333349	-0.394029945	-0.06593189	-0.06593189	0.333333343	0.333333343	None
  3.93333364	-0.4133403	-0.261246115	-0.261246115	0.333333343	0.333333343	None
  4	-0.422888428	0.0868165642	0.0868165642	0.333333343	0.333333343	None
  4.033334	-0.417033136	0.806918442	0.806918442	0.333333343	0.333333343	None
  4.066667	-0.369093835	1.79649746	1.79649746	0.333333343	0.333333343	None
  4.10000038	-0.297266752	1.586727	1.586727	0.333333343	0.333333343	None
  4.13333368	-0.263312131	0.202044278	0.202044278	0.333333343	0.333333343	None
  4.166667	-0.283797145	-0.553222656	-0.553222656	0.333333343	0.333333343	None
  4.266667	-0.320732534	-0.06957657	-0.06957657	0.333333343	0.333333343	None
  4.33333349	-0.316848963	-0.04599859	-0.04599859	0.333333343	0.333333343	None
  4.366667	-0.320730627	1.29633558	1.29633558	0.333333343	0.333333343	None
  4.4	-0.230426669	2.19888639	2.19888639	0.333333343	0.333333343	None
  4.4333334	-0.174138337	1.05178773	1.05178773	0.333333343	0.333333343	None
  4.4666667	-0.160307556	-0.00179797411	-0.00179797411	0.333333343	0.333333343	None
  4.5	-0.1742582	-0.282534629	-0.282534629	0.333333343	0.333333343	None
  4.566667	-0.176015988	0.239349157	0.239349157	0.333333343	0.333333343	None
  4.63333368	-0.146028385	0.493768543	0.493768543	0.333333343	0.333333343	None
  4.70000029	-0.11202886	0.571238756	0.571238756	0.333333343	0.333333343	None
  4.766667	-0.07186932	0.545732737	0.545732737	0.333333343	0.333333343	None
  4.8	-0.05580409	0.488232076	0.488232076	0.333333343	0.333333343	None
  4.83333349	-0.0393205471	0.5139649	0.5139649	0.333333343	0.333333343	None
  4.866667	-0.0215397924	0.4706376	0.4706376	0.333333343	0.333333343	None
  4.9	-0.007944737	0.397635549	0.397635549	0.333333343	0.333333343	None
  4.9333334	0.004969219	0.340857029	0.340857029	0.333333343	0.333333343	None
  4.9666667	0.0147790452	0.201134324	0.201134324	0.333333343	0.333333343	None
  5.00000048	0.018378213	0.07581469	0.07581469	0.333333343	0.333333343	None
  5.033334	0.0198334046	0.0600844473	0.0600844473	0.333333343	0.333333343	None
  5.066667	0.0223838389	0.08663806	0.08663806	0.333333343	0.333333343	None
  5.10000038	0.02560927	0.114228122	0.114228122	0.333333343	0.333333343	None
  5.13333368	0.02999904	0.08978708	0.08978708	0.333333343	0.333333343	None
  5.166667	0.03159507	0.04078068	0.04078068	0.333333343	0.333333343	None
  5.266667	0.03048193	-0.0871453062	-0.0871453062	0.333333343	0.333333343	None
  5.3	0.0265369732	-0.121591412	-0.121591412	0.333333343	0.333333343	None
  5.366667	0.0178797077	-0.140858322	-0.140858322	0.333333343	0.333333343	None
  5.4	0.0129852984	-0.173482612	-0.173482612	0.333333343	0.333333343	None
  5.466667	-0.0026452546	-0.308607876	-0.308607876	0.333333343	0.333333343	None
  5.50000048	-0.0142597565	-0.4285887	-0.4285887	0.333333343	0.333333343	None
  5.533334	-0.031217806	-0.5452874	-0.5452874	0.333333343	0.333333343	None
  5.566667	-0.05061221	-0.6382365	-0.6382365	0.333333343	0.333333343	None
  5.60000038	-0.0737668648	-0.704344034	-0.704344034	0.333333343	0.333333343	None
  5.63333368	-0.09756844	-0.79880476	-0.79880476	0.333333343	0.333333343	None
  5.666667	-0.127020463	-0.8059936	-0.8059936	0.333333343	0.333333343	None
  5.766667	-0.189534068	-0.5089905	-0.5089905	0.333333343	0.333333343	None
  5.83333349	-0.216299072	-0.280271649	-0.280271649	0.333333343	0.333333343	None
  5.866667	-0.223545372	-0.283225656	-0.283225656	0.333333343	0.333333343	None
  5.933334	-0.248087808	-0.252951235	-0.252951235	0.333333343	0.333333343	None
  6.00000048	-0.251862645	0.0106018884	0.0106018884	0.333333343	0.333333343	None
  6.033334	-0.251337558	-0.202481925	-0.202481925	0.333333343	0.333333343	None
  6.066667	-0.265361428	-0.5331852	-0.5331852	0.333333343	0.333333343	None
  6.10000038	-0.2868832	-0.423171163	-0.423171163	0.333333343	0.333333343	None
  6.13333368	-0.2935728	-0.109207138	-0.109207138	0.333333343	0.333333343	None
  6.166667	-0.294163674	-0.3473741	-0.3473741	0.333333343	0.333333343	None
  6.20000029	-0.316731066	-0.269535	-0.269535	0.333333343	0.333333343	None
  6.23333359	-0.312132657	0.180689871	0.180689871	0.333333343	0.333333343	None
  6.266667	-0.3046851	0.335950553	0.335950553	0.333333343	0.333333343	None
  6.33333349	-0.276640266	0.2729669	0.2729669	0.333333343	0.333333343	None
  6.40000057	-0.26642102	0.178475946	0.178475946	0.333333343	0.333333343	None
  6.433334	-0.25963974	0.165757537	0.165757537	0.333333343	0.333333343	None
  6.466667	-0.255370528	0.6760955	0.6760955	0.333333343	0.333333343	None
  6.50000048	-0.214566752	1.2259227	1.2259227	0.333333343	0.333333343	None
  6.533334	-0.173642427	0.9811718	0.9811718	0.333333343	0.333333343	None
  6.60000038	-0.133398533	0.427731156	0.427731156	0.333333343	0.333333343	None
  6.63333368	-0.12063998	0.310497165	0.310497165	0.333333343	0.333333343	None
  6.70000029	-0.105709612	0.265682459	0.265682459	0.333333343	0.333333343	None
  6.766667	-0.0823374838	0.4009512	0.4009512	0.333333343	0.333333343	None
  6.8	-0.06825654	0.3243853	0.3243853	0.333333343	0.333333343	None
  6.90000057	-0.0535466224	0.12498834	0.12498834	0.333333343	0.333333343	None
  6.933334	-0.0482725762	0.155164823	0.155164823	0.333333343	0.333333343	None
  6.966667	-0.04320231	0.0773474351	0.0773474351	0.333333343	0.333333343	None
  7.00000048	-0.0431160852	0.02914832	0.02914832	0.333333343	0.333333343	None
  7.033334	-0.04125909	0.0371135361	0.0371135361	0.333333343	0.333333343	None
  7.10000038	-0.0408286378	-0.00839683	-0.00839683	0.333333343	0.333333343	None
  7.13333368	-0.04120164	-0.025746325	-0.025746325	0.333333343	0.333333343	None
  7.166667	-0.0425450578	-0.040807277	-0.040807277	0.333333343	0.333333343	None
  7.23333359	-0.04623781	-0.08247929	-0.08247929	0.333333343	0.333333343	None
  7.433334	-0.07059013	-0.1423805	-0.1423805	0.333333343	0.333333343	None
  7.666667	-0.09665135	-0.0779600441	-0.0779600441	0.333333343	0.333333343	None
  7.966667	-0.108183637	0.028669484	0.028669484	0.333333343	0.333333343	None
  8.1	-0.107138813	-0.0585397631	-0.0585397631	0.333333343	0.333333343	None
  8.200001	-0.108549476	0.138595939	0.138595939	0.333333343	0.333333343	None
  8.266667	-0.0937054753	0.256730437	0.256730437	0.333333343	0.333333343	None
  8.400001	-0.0610160641	0.1621651	0.1621651	0.333333343	0.333333343	None
  8.5	-0.0521612354	0.04189904	0.04189904	0.333333343	0.333333343	None
  8.633334	-0.05294418	-0.04896325	-0.04896325	0.333333343	0.333333343	None
  8.833334	-0.06281103	-0.04317809	-0.04317809	0.333333343	0.333333343	None
  8.866667	-0.0642805248	-0.06489391	-0.06489391	0.333333343	0.333333343	None
  8.900001	-0.06713731	-0.08767761	-0.08767761	0.333333343	0.333333343	None
  8.933333	-0.07012569	-0.128129363	-0.128129363	0.333333343	0.333333343	None
  9	-0.08203648	-0.201734558	-0.201734558	0.333333343	0.333333343	None
  9.1	-0.107267961	-0.2956574	-0.2956574	0.333333343	0.333333343	None
  9.3	-0.163910076	-0.239622116	-0.239622116	0.333333343	0.333333343	None
  9.400001	-0.185392618	-0.157000586	-0.157000586	0.333333343	0.333333343	None
  9.433333	-0.189611271	-0.19736819	-0.19736819	0.333333343	0.333333343	None
  9.466667	-0.198550552	-0.217420548	-0.217420548	0.333333343	0.333333343	None
  9.633334	-0.220026866	-0.06444047	-0.06444047	0.333333343	0.333333343	None
  9.833334	-0.218077108	0.0955274254	0.0955274254	0.333333343	0.333333343	None
  9.933333	-0.208750322	0.102617092	0.102617092	0.333333343	0.333333343	None
  10.000001	-0.207469	-0.09190943	-0.09190943	0.333333343	0.333333343	None
  10.0666676	-0.215495974	-0.07621477	-0.07621477	0.333333343	0.333333343	None
  10.2000008	-0.221277267	0	0	0.333333343	0.333333343	None
FLOAT UnityEngine.Animator||Left Foot Up-Down discrete=False keys=178 pre=ClampForever post=ClampForever
  0	0.0293509942	-0.0563143156	-0.0563143156	0.333333343	0.333333343	None
  0.06666667	0.0261085872	-0.0345822759	-0.0345822759	0.333333343	0.333333343	None
  0.13333334	0.0240842886	-0.0396587	-0.0396587	0.333333343	0.333333343	None
  0.200000018	0.0205922574	-0.04897601	-0.04897601	0.333333343	0.333333343	None
  0.3	0.0172939841	-0.03482206	-0.03482206	0.333333343	0.333333343	None
  0.333333343	0.015973499	-0.0543058664	-0.0543058664	0.333333343	0.333333343	None
  0.366666675	0.0136735933	-0.0574054159	-0.0574054159	0.333333343	0.333333343	None
  0.400000036	0.01214647	-0.05209679	-0.05209679	0.333333343	0.333333343	None
  0.433333367	0.0102004725	-0.05239912	-0.05239912	0.333333343	0.333333343	None
  0.4666667	0.008653196	-0.0364330932	-0.0364330932	0.333333343	0.333333343	None
  0.5	0.0077716005	-0.04076115	-0.04076115	0.333333343	0.333333343	None
  0.533333361	0.005935785	-0.0453696549	-0.0453696549	0.333333343	0.333333343	None
  0.5666667	0.00474695442	-0.03885731	-0.03885731	0.333333343	0.333333343	None
  0.6	0.00334529788	-0.0382931419	-0.0382931419	0.333333343	0.333333343	None
  0.6333334	0.00219407864	-0.0391754434	-0.0391754434	0.333333343	0.333333343	None
  0.6666667	0.000733602152	-0.04551603	-0.04551603	0.333333343	0.333333343	None
  0.700000048	-0.000840323162	-0.0390467271	-0.0390467271	0.333333343	0.333333343	None
  0.733333349	-0.00186951307	-0.0226759985	-0.0226759985	0.333333343	0.333333343	None
  0.7666667	-0.00235205586	-0.0176798664	-0.0176798664	0.333333343	0.333333343	None
  0.8000001	-0.00304817175	-0.0278656688	-0.0278656688	0.333333343	0.333333343	None
  0.8333334	-0.00420976663	-0.0437959	-0.0437959	0.333333343	0.333333343	None
  0.866666734	-0.00596789876	-0.05200292	-0.05200292	0.333333343	0.333333343	None
  0.900000036	-0.007676628	-0.0461642	-0.0461642	0.333333343	0.333333343	None
  0.9333334	-0.00904551148	-0.0149063328	-0.0149063328	0.333333343	0.333333343	None
  0.9666667	-0.008670385	-0.0158879682	-0.0158879682	0.333333343	0.333333343	None
  1	-0.0101047084	-0.0422278829	-0.0422278829	0.333333343	0.333333343	None
  1.03333342	-0.0114855794	-0.0449102074	-0.0449102074	0.333333343	0.333333343	None
  1.06666672	-0.0130987242	-0.0480693243	-0.0480693243	0.333333343	0.333333343	None
  1.1	-0.014690198	-0.0560166724	-0.0560166724	0.333333343	0.333333343	None
  1.13333344	-0.0168331731	-0.0633428246	-0.0633428246	0.333333343	0.333333343	None
  1.2	-0.0212386679	-0.0861106962	-0.0861106962	0.333333343	0.333333343	None
  1.23333335	-0.0246537644	-0.08617296	-0.08617296	0.333333343	0.333333343	None
  1.30000007	-0.029031584	-0.0603639558	-0.0603639558	0.333333343	0.333333343	None
  1.33333337	-0.0310077947	-0.0498094074	-0.0498094074	0.333333343	0.333333343	None
  1.36666679	-0.0323522128	-0.08071759	-0.08071759	0.333333343	0.333333343	None
  1.4000001	-0.0363889672	-0.124427907	-0.124427907	0.333333343	0.333333343	None
  1.4333334	-0.0406474	-0.002135262	-0.002135262	0.333333343	0.333333343	None
  1.4666667	-0.036531318	0.2282337	0.2282337	0.333333343	0.333333343	None
  1.50000012	-0.0254317932	0.390048981	0.390048981	0.333333343	0.333333343	None
  1.53333342	-0.0105280364	0.377254874	0.377254874	0.333333343	0.333333343	None
  1.56666672	-0.000281492627	0.11707671	0.11707671	0.333333343	0.333333343	None
  1.60000014	-0.00272293948	-0.0710433	-0.0710433	0.333333343	0.333333343	None
  1.63333344	-0.005017717	0.07814115	0.07814115	0.333333343	0.333333343	None
  1.66666675	0.002486466	0.3605548	0.3605548	0.333333343	0.333333343	None
  1.7	0.019019248	0.5459679	0.5459679	0.333333343	0.333333343	None
  1.76666677	0.061178308	0.679001033	0.679001033	0.333333343	0.333333343	None
  1.83333337	0.110324144	0.8813335	0.8813335	0.333333343	0.333333343	None
  1.86666679	0.142906681	0.975935936	0.975935936	0.333333343	0.333333343	None
  1.9000001	0.1753866	0.746721268	0.746721268	0.333333343	0.333333343	None
  2.06666684	0.132086486	-0.9865866	-0.9865866	0.333333343	0.333333343	None
  2.13333344	0.0576649122	-1.16375029	-1.16375029	0.333333343	0.333333343	None
  2.16666675	0.0184299462	-1.11789346	-1.11789346	0.333333343	0.333333343	None
  2.2	-0.0168612413	-0.9245404	-0.9245404	0.333333343	0.333333343	None
  2.23333335	-0.0432060175	-0.724089146	-0.724089146	0.333333343	0.333333343	None
  2.266667	-0.06513396	-0.5557672	-0.5557672	0.333333343	0.333333343	None
  2.33333349	-0.09224187	-0.3688746	-0.3688746	0.333333343	0.333333343	None
  2.4	-0.112988628	-0.162462115	-0.162462115	0.333333343	0.333333343	None
  2.4666667	-0.116481625	-0.0476077721	-0.0476077721	0.333333343	0.333333343	None
  2.53333354	-0.122203745	-0.122645348	-0.122645348	0.333333343	0.333333343	None
  2.56666684	-0.127029911	-0.116144121	-0.116144121	0.333333343	0.333333343	None
  2.73333359	-0.1413391	-0.08615457	-0.08615457	0.333333343	0.333333343	None
  3.03333354	-0.158488214	0.007907607	0.007907607	0.333333343	0.333333343	None
  3.266667	-0.14674519	0.0946838558	0.0946838558	0.333333343	0.333333343	None
  3.4333334	-0.1294245	0.121841	0.121841	0.333333343	0.333333343	None
  3.53333354	-0.114282124	0.131854832	0.131854832	0.333333343	0.333333343	None
  3.66666675	-0.0975905	0.134698451	0.134698451	0.333333343	0.333333343	None
  3.73333359	-0.08494438	0.2488423	0.2488423	0.333333343	0.333333343	None
  3.766667	-0.07594334	0.2706926	0.2706926	0.333333343	0.333333343	None
  3.80000019	-0.06689823	0.3001604	0.3001604	0.333333343	0.333333343	None
  3.9	-0.0304028671	0.4273966	0.4273966	0.333333343	0.333333343	None
  3.966667	0.00138179644	0.5279115	0.5279115	0.333333343	0.333333343	None
  4	0.0198371932	0.544311643	0.544311643	0.333333343	0.333333343	None
  4.033334	0.0376693271	0.415492	0.415492	0.333333343	0.333333343	None
  4.066667	0.0475368872	0.09046614	0.09046614	0.333333343	0.333333343	None
  4.10000038	0.043700397	-0.376833469	-0.376833469	0.333333343	0.333333343	None
  4.13333368	0.02241468	-0.698271155	-0.698271155	0.333333343	0.333333343	None
  4.166667	-0.00285096886	-0.470147341	-0.470147341	0.333333343	0.333333343	None
  4.20000029	-0.008928446	-0.139823884	-0.139823884	0.333333343	0.333333343	None
  4.23333359	-0.0121725528	-0.0118416436	-0.0118416436	0.333333343	0.333333343	None
  4.266667	-0.009717888	0.225639075	0.225639075	0.333333343	0.333333343	None
  4.3	0.00287003722	0.539443135	0.539443135	0.333333343	0.333333343	None
  4.33333349	0.0262449514	0.941941857	0.941941857	0.333333343	0.333333343	None
  4.366667	0.0656661	1.00682282	1.00682282	0.333333343	0.333333343	None
  4.4	0.0933664143	-0.216060191	-0.216060191	0.333333343	0.333333343	None
  4.4333334	0.051262103	-0.9340996	-0.9340996	0.333333343	0.333333343	None
  4.4666667	0.0310931653	-0.571870565	-0.571870565	0.333333343	0.333333343	None
  4.5	0.0131374355	-0.479873359	-0.479873359	0.333333343	0.333333343	None
  4.533334	-0.000898562139	-0.3276754	-0.3276754	0.333333343	0.333333343	None
  4.566667	-0.008707771	-0.1901913	-0.1901913	0.333333343	0.333333343	None
  4.60000038	-0.01357797	-0.204912186	-0.204912186	0.333333343	0.333333343	None
  4.63333368	-0.02236857	-0.301293582	-0.301293582	0.333333343	0.333333343	None
  4.666667	-0.03366419	-0.3348879	-0.3348879	0.333333343	0.333333343	None
  4.73333359	-0.0552385971	-0.304258466	-0.304258466	0.333333343	0.333333343	None
  4.766667	-0.06497829	-0.2530992	-0.2530992	0.333333343	0.333333343	None
  4.866667	-0.08362296	-0.17812556	-0.17812556	0.333333343	0.333333343	None
  4.9666667	-0.09967271	-0.1078476	-0.1078476	0.333333343	0.333333343	None
  5.13333368	-0.10765101	-0.0589251742	-0.0589251742	0.333333343	0.333333343	None
  5.23333359	-0.115280822	-0.0332931727	-0.0332931727	0.333333343	0.333333343	None
  5.3	-0.115013637	0.0177355651	0.0177355651	0.333333343	0.333333343	None
  5.4333334	-0.105847545	0.1185698	0.1185698	0.333333343	0.333333343	None
  5.50000048	-0.09872379	0.03710136	0.03710136	0.333333343	0.333333343	None
  5.566667	-0.101930521	-0.135705158	-0.135705158	0.333333343	0.333333343	None
  5.63333368	-0.114287615	-0.198260918	-0.198260918	0.333333343	0.333333343	None
  5.666667	-0.12124943	-0.08193094	-0.08193094	0.333333343	0.333333343	None
  5.766667	-0.10413257	0.2926846	0.2926846	0.333333343	0.333333343	None
  5.866667	-0.07004535	0.382346749	0.382346749	0.333333343	0.333333343	None
  5.9	-0.0567704923	0.43801	0.43801	0.333333343	0.333333343	None
  5.933334	-0.0408444852	0.5846311	0.5846311	0.333333343	0.333333343	None
  5.966667	-0.0177948959	0.718952656	0.718952656	0.333333343	0.333333343	None
  6.00000048	0.00708564464	0.7184041	0.7184041	0.333333343	0.333333343	None
  6.033334	0.0300986655	0.6346313	0.6346313	0.333333343	0.333333343	None
  6.066667	0.0493943579	0.397074163	0.397074163	0.333333343	0.333333343	None
  6.10000038	0.05657025	0.205495119	0.205495119	0.333333343	0.333333343	None
  6.13333368	0.06309402	0.217027634	0.217027634	0.333333343	0.333333343	None
  6.166667	0.0710387453	0.44098407	0.44098407	0.333333343	0.333333343	None
  6.20000029	0.09249293	0.615293741	0.615293741	0.333333343	0.333333343	None
  6.23333359	0.112058289	0.383069873	0.383069873	0.333333343	0.333333343	None
  6.266667	0.1180309	-0.0184424445	-0.0184424445	0.333333343	0.333333343	None
  6.3	0.110828795	-0.2521916	-0.2521916	0.333333343	0.333333343	None
  6.366667	0.0854478553	-0.589634359	-0.589634359	0.333333343	0.333333343	None
  6.40000057	0.0619088858	-0.7433099	-0.7433099	0.333333343	0.333333343	None
  6.433334	0.03589357	-0.519535065	-0.519535065	0.333333343	0.333333343	None
  6.466667	0.027273247	-0.0241195038	-0.0241195038	0.333333343	0.333333343	None
  6.50000048	0.034285605	0.161630437	0.161630437	0.333333343	0.333333343	None
  6.533334	0.0380486	0.181589738	0.181589738	0.333333343	0.333333343	None
  6.566667	0.0463915765	0.230951816	0.230951816	0.333333343	0.333333343	None
  6.63333368	0.05642731	0.00452159345	0.00452159345	0.333333343	0.333333343	None
  6.666667	0.053746812	-0.1583723	-0.1583723	0.333333343	0.333333343	None
  6.70000029	0.0458691679	-0.253748447	-0.253748447	0.333333343	0.333333343	None
  6.73333359	0.0368302651	-0.266284883	-0.266284883	0.333333343	0.333333343	None
  6.766667	0.02811686	-0.288053125	-0.288053125	0.333333343	0.333333343	None
  6.83333349	0.00596460653	-0.355034232	-0.355034232	0.333333343	0.333333343	None
  6.866667	-0.00604218431	-0.36685884	-0.36685884	0.333333343	0.333333343	None
  6.90000057	-0.0184928048	-0.365807325	-0.365807325	0.333333343	0.333333343	None
  6.966667	-0.04228341	-0.344221354	-0.344221354	0.333333343	0.333333343	None
  7.00000048	-0.05337756	-0.306036323	-0.306036323	0.333333343	0.333333343	None
  7.10000038	-0.07927702	-0.223033711	-0.223033711	0.333333343	0.333333343	None
  7.20000029	-0.09558897	-0.0841935053	-0.0841935053	0.333333343	0.333333343	None
  7.3	-0.09716016	0.0550589859	0.0550589859	0.333333343	0.333333343	None
  7.40000057	-0.09015214	0.0503580756	0.0503580756	0.333333343	0.333333343	None
  7.63333368	-0.08512975	0.04050318	0.04050318	0.333333343	0.333333343	None
  7.833334	-0.0790174156	-0.008700548	-0.008700548	0.333333343	0.333333343	None
  7.90000057	-0.0800985247	0.00581425242	0.00581425242	0.333333343	0.333333343	None
  7.966667	-0.07824473	0.0264227372	0.0264227372	0.333333343	0.333333343	None
  8.033334	-0.07597614	0.09609344	0.09609344	0.333333343	0.333333343	None
  8.1	-0.0665666237	0.102776781	0.102776781	0.333333343	0.333333343	None
  8.166667	-0.05970668	0.203484386	0.203484386	0.333333343	0.333333343	None
  8.200001	-0.050681714	0.253234267	0.253234267	0.333333343	0.333333343	None
  8.233334	-0.042824395	0.226314977	0.226314977	0.333333343	0.333333343	None
  8.266667	-0.0355940722	0.178203881	0.178203881	0.333333343	0.333333343	None
  8.333334	-0.0281617586	0.0513843149	0.0513843149	0.333333343	0.333333343	None
  8.400001	-0.029329218	-0.111852676	-0.111852676	0.333333343	0.333333343	None
  8.433333	-0.0349752456	-0.222200349	-0.222200349	0.333333343	0.333333343	None
  8.5	-0.0548853129	-0.3207999	-0.3207999	0.333333343	0.333333343	None
  8.6	-0.0874721259	-0.32980603	-0.32980603	0.333333343	0.333333343	None
  8.666667	-0.106700845	-0.242755368	-0.242755368	0.333333343	0.333333343	None
  8.900001	-0.140160829	0.00587643869	0.00587643869	0.333333343	0.333333343	None
  9.233334	-0.113200359	0.110202432	0.110202432	0.333333343	0.333333343	None
  9.366667	-0.09638913	0.157615036	0.157615036	0.333333343	0.333333343	None
  9.400001	-0.09066671	0.202132568	0.202132568	0.333333343	0.333333343	None
  9.433333	-0.08291367	0.190546587	0.190546587	0.333333343	0.333333343	None
  9.466667	-0.07796366	0.170453459	0.170453459	0.333333343	0.333333343	None
  9.633334	-0.0411818773	0.2508844	0.2508844	0.333333343	0.333333343	None
  9.733334	-0.0178812072	0.1980161	0.1980161	0.333333343	0.333333343	None
  9.766667	-0.0116871977	0.185837626	0.185837626	0.333333343	0.333333343	None
  9.8	-0.00549204461	0.228656143	0.228656143	0.333333343	0.333333343	None
  9.833334	0.00355657144	0.266451716	0.266451716	0.333333343	0.333333343	None
  9.866667	0.01227139	0.234701455	0.234701455	0.333333343	0.333333343	None
  9.900001	0.0192032941	0.223108739	0.223108739	0.333333343	0.333333343	None
  9.933333	0.0271452777	0.214009762	0.214009762	0.333333343	0.333333343	None
  9.966667	0.0334705748	0.09826985	0.09826985	0.333333343	0.333333343	None
  10.000001	0.03369669	-0.0532129742	-0.0532129742	0.333333343	0.333333343	None
  10.0333338	0.0299231037	-0.061775282	-0.061775282	0.333333343	0.333333343	None
  10.0666676	0.02957839	-0.00542378053	-0.00542378053	0.333333343	0.333333343	None
  10.1	0.029561514	-0.00871790852	-0.00871790852	0.333333343	0.333333343	None
  10.1333342	0.0289971884	-0.00314732268	-0.00314732268	0.333333343	0.333333343	None
  10.166667	0.02935168	0.00531744864	0.00531744864	0.333333343	0.333333343	None
  10.2000008	0.02935168	0	0	0.333333343	0.333333343	None
FLOAT UnityEngine.Animator||Left Forearm Stretch discrete=False keys=84 pre=ClampForever post=ClampForever
  0	0.7988666	-0.14807044	-0.14807044	0.333333343	0.333333343	None
  0.400000036	0.749188364	-0.0119072162	-0.0119072162	0.333333343	0.333333343	None
  0.700000048	0.7209744	-0.20616442	-0.20616442	0.333333343	0.333333343	None
  1.06666672	0.6477885	-0.1589559	-0.1589559	0.333333343	0.333333343	None
  1.36666679	0.6056988	-0.0488044545	-0.0488044545	0.333333343	0.333333343	None
  1.53333342	0.6195632	-0.0915707052	-0.0915707052	0.333333343	0.333333343	None
  1.60000014	0.6151175	-0.245944411	-0.245944411	0.333333343	0.333333343	None
  1.66666675	0.5818359	-0.2407741	-0.2407741	0.333333343	0.333333343	None
  1.76666677	0.602351665	-0.031609863	-0.031609863	0.333333343	0.333333343	None
  1.80000007	0.5952748	-0.8511605	-0.8511605	0.333333343	0.333333343	None
  1.83333337	0.5456077	-2.02128315	-2.02128315	0.333333343	0.333333343	None
  1.86666679	0.4605224	-3.54565144	-3.54565144	0.333333343	0.333333343	None
  1.9000001	0.309230834	-5.04067135	-5.04067135	0.333333343	0.333333343	None
  1.9333334	0.12447796	-5.53160667	-5.53160667	0.333333343	0.333333343	None
  1.96666682	-0.05954326	-5.27865934	-5.27865934	0.333333343	0.333333343	None
  2	-0.22743237	-4.643054	-4.643054	0.333333343	0.333333343	None
  2.06666684	-0.485301942	-2.99408913	-2.99408913	0.333333343	0.333333343	None
  2.266667	-0.697509766	0.247463986	0.247463986	0.333333343	0.333333343	None
  2.33333349	-0.677662432	0.1266433	0.1266433	0.333333343	0.333333343	None
  2.4666667	-0.66138	0.236681983	0.236681983	0.333333343	0.333333343	None
  2.83333349	-0.5870907	0.0668273	0.0668273	0.333333343	0.333333343	None
  3.4	-0.5923588	-0.03922824	-0.03922824	0.333333343	0.333333343	None
  3.50000024	-0.565337539	0.9612286	0.9612286	0.333333343	0.333333343	None
  3.63333344	-0.3553425	1.28441727	1.28441727	0.333333343	0.333333343	None
  3.766667	-0.2841442	0.101738527	0.101738527	0.333333343	0.333333343	None
  3.86666679	-0.3025752	-0.6926986	-0.6926986	0.333333343	0.333333343	None
  4	-0.4748111	-1.5643661	-1.5643661	0.333333343	0.333333343	None
  4.033334	-0.527101338	-1.64891994	-1.64891994	0.333333343	0.333333343	None
  4.10000038	-0.6263619	-0.9862465	-0.9862465	0.333333343	0.333333343	None
  4.20000029	-0.6729781	-0.166747734	-0.166747734	0.333333343	0.333333343	None
  4.33333349	-0.672035456	-0.0624678135	-0.0624678135	0.333333343	0.333333343	None
  4.766667	-0.685854	0.004392568	0.004392568	0.333333343	0.333333343	None
  4.9	-0.6893102	0.06676293	0.06676293	0.333333343	0.333333343	None
  5.00000048	-0.6213524	1.70859432	1.70859432	0.333333343	0.333333343	None
  5.10000038	-0.391966552	1.83620536	1.83620536	0.333333343	0.333333343	None
  5.166667	-0.319215566	0.3686396	0.3686396	0.333333343	0.333333343	None
  5.23333359	-0.321945727	-0.11271055	-0.11271055	0.333333343	0.333333343	None
  5.4333334	-0.333137959	-0.08140299	-0.08140299	0.333333343	0.333333343	None
  5.533334	-0.36069423	-0.495285124	-0.495285124	0.333333343	0.333333343	None
  5.63333368	-0.450500935	-1.47878909	-1.47878909	0.333333343	0.333333343	None
  5.766667	-0.6705596	-1.32383943	-1.32383943	0.333333343	0.333333343	None
  5.9	-0.7456964	0.247356221	0.247356221	0.333333343	0.333333343	None
  6.033334	-0.699663639	0.176709473	0.176709473	0.333333343	0.333333343	None
  6.166667	-0.7150338	-0.480627269	-0.480627269	0.333333343	0.333333343	None
  6.266667	-0.744120359	0.153123885	0.153123885	0.333333343	0.333333343	None
  6.366667	-0.717521966	0.12098062	0.12098062	0.333333343	0.333333343	None
  6.50000048	-0.7259855	-0.207072109	-0.207072109	0.333333343	0.333333343	None
  6.60000038	-0.726331651	0.227042049	0.227042049	0.333333343	0.333333343	None
  6.8	-0.703140736	-0.06260371	-0.06260371	0.333333343	0.333333343	None
  6.90000057	-0.7078714	-0.008083969	-0.008083969	0.333333343	0.333333343	None
  6.966667	-0.689147532	0.915063262	0.915063262	0.333333343	0.333333343	None
  7.066667	-0.5209245	1.75969982	1.75969982	0.333333343	0.333333343	None
  7.166667	-0.399579138	0.5914429	0.5914429	0.333333343	0.333333343	None
  7.266667	-0.386495173	0.050709445	0.050709445	0.333333343	0.333333343	None
  7.466667	-0.370203763	0.0482427031	0.0482427031	0.333333343	0.333333343	None
  7.666667	-0.3633128	0.01421438	0.01421438	0.333333343	0.333333343	None
  7.833334	-0.351255417	0.09434731	0.09434731	0.333333343	0.333333343	None
  7.86666727	-0.348774582	-0.2571101	-0.2571101	0.333333343	0.333333343	None
  7.90000057	-0.368396074	-1.47871888	-1.47871888	0.333333343	0.333333343	None
  7.933334	-0.447355747	-2.97566843	-2.97566843	0.333333343	0.333333343	None
  7.966667	-0.5667738	-3.168112	-3.168112	0.333333343	0.333333343	None
  8	-0.6585617	-1.5118525	-1.5118525	0.333333343	0.333333343	None
  8.033334	-0.667562664	0.6591503	0.6591503	0.333333343	0.333333343	None
  8.066668	-0.614617765	1.079776	1.079776	0.333333343	0.333333343	None
  8.1	-0.5955772	-0.365326166	-0.365326166	0.333333343	0.333333343	None
  8.133334	-0.6389737	-1.264445	-1.264445	0.333333343	0.333333343	None
  8.166667	-0.679873466	-0.888161063	-0.888161063	0.333333343	0.333333343	None
  8.233334	-0.71990186	-0.6885205	-0.6885205	0.333333343	0.333333343	None
  8.333334	-0.776587	-0.2144809	-0.2144809	0.333333343	0.333333343	None
  8.433333	-0.7796719	-0.060187012	-0.060187012	0.333333343	0.333333343	None
  8.633334	-0.6374526	2.203694	2.203694	0.333333343	0.333333343	None
  8.733334	-0.351517081	3.52261066	3.52261066	0.333333343	0.333333343	None
  8.766667	-0.225328162	3.74845648	3.74845648	0.333333343	0.333333343	None
  8.833334	0.02845037	4.072418	4.072418	0.333333343	0.333333343	None
  8.866667	0.169873938	4.085874	4.085874	0.333333343	0.333333343	None
  8.933333	0.42228508	3.578477	3.578477	0.333333343	0.333333343	None
  9	0.6376305	2.6268177	2.6268177	0.333333343	0.333333343	None
  9.1	0.793904245	0.466708422	0.466708422	0.333333343	0.333333343	None
  9.233334	0.759230435	-0.4815361	-0.4815361	0.333333343	0.333333343	None
  9.400001	0.639990866	-0.788021564	-0.788021564	0.333333343	0.333333343	None
  9.533334	0.576839268	-0.0509992	-0.0509992	0.333333343	0.333333343	None
  9.733334	0.6382642	0.5581994	0.5581994	0.333333343	0.333333343	None
  9.966667	0.787737966	0.2853582	0.2853582	0.333333343	0.333333343	None
  10.2000008	0.7988723	-3.576231E-06	-3.576231E-06	0.333333343	0.333333343	None
FLOAT UnityEngine.Animator||Left Forearm Twist In-Out discrete=False keys=191 pre=ClampForever post=ClampForever
  0	0.150797769	-0.0727947	-0.0727947	0.333333343	0.333333343	None
  0.0333333351	0.148371279	-0.08523657	-0.08523657	0.333333343	0.333333343	None
  0.06666667	0.145115331	-0.002673272	-0.002673272	0.333333343	0.333333343	None
  0.100000009	0.148193061	0.146196485	0.146196485	0.333333343	0.333333343	None
  0.13333334	0.154861763	0.120811619	0.120811619	0.333333343	0.333333343	None
  0.200000018	0.156562492	0.0379161537	0.0379161537	0.333333343	0.333333343	None
  0.3	0.163891926	0.0445552953	0.0445552953	0.333333343	0.333333343	None
  0.4666667	0.166228339	-0.0311954543	-0.0311954543	0.333333343	0.333333343	None
  0.700000048	0.159367964	-0.0290259756	-0.0290259756	0.333333343	0.333333343	None
  0.900000036	0.163838252	0.020952072	0.020952072	0.333333343	0.333333343	None
  1	0.166469127	0.00912463	0.00912463	0.333333343	0.333333343	None
  1.16666675	0.1678577	-0.0155773908	-0.0155773908	0.333333343	0.333333343	None
  1.4000001	0.174124032	0.018494742	0.018494742	0.333333343	0.333333343	None
  1.4333334	0.174422532	-0.436132073	-0.436132073	0.333333343	0.333333343	None
  1.4666667	0.145048589	-1.21422744	-1.21422744	0.333333343	0.333333343	None
  1.50000012	0.09347393	-1.59565663	-1.59565663	0.333333343	0.333333343	None
  1.53333342	0.0386713967	-1.01465583	-1.01465583	0.333333343	0.333333343	None
  1.56666672	0.02583028	-0.104791529	-0.104791529	0.333333343	0.333333343	None
  1.60000014	0.0316853225	-0.007930972	-0.007930972	0.333333343	0.333333343	None
  1.63333344	0.02530157	-0.557478666	-0.557478666	0.333333343	0.333333343	None
  1.66666675	-0.005479885	-0.8274449	-0.8274449	0.333333343	0.333333343	None
  1.7	-0.02986137	-0.7042784	-0.7042784	0.333333343	0.333333343	None
  1.73333347	-0.0524318144	-0.332677156	-0.332677156	0.333333343	0.333333343	None
  1.76666677	-0.0520399064	0.444869161	0.444869161	0.333333343	0.333333343	None
  1.80000007	-0.0227739	1.70836329	1.70836329	0.333333343	0.333333343	None
  1.83333337	0.06185087	2.75769472	2.75769472	0.333333343	0.333333343	None
  1.86666679	0.1610726	2.897078	2.897078	0.333333343	0.333333343	None
  1.9000001	0.254989564	1.72747993	1.72747993	0.333333343	0.333333343	None
  1.9333334	0.276237816	0.002534479	0.002534479	0.333333343	0.333333343	None
  1.96666682	0.255158454	-0.694912732	-0.694912732	0.333333343	0.333333343	None
  2	0.229910359	-0.710850954	-0.710850954	0.333333343	0.333333343	None
  2.03333354	0.207768366	-0.295536876	-0.295536876	0.333333343	0.333333343	None
  2.06666684	0.21020776	0.279534966	0.279534966	0.333333343	0.333333343	None
  2.10000014	0.226404011	0.15652135	0.15652135	0.333333343	0.333333343	None
  2.13333344	0.2206425	-1.16217554	-1.16217554	0.333333343	0.333333343	None
  2.16666675	0.148925722	-2.27283645	-2.27283645	0.333333343	0.333333343	None
  2.2	0.06912023	-1.41969883	-1.41969883	0.333333343	0.333333343	None
  2.23333335	0.0542792231	-0.265575081	-0.265575081	0.333333343	0.333333343	None
  2.266667	0.05141522	-0.537680447	-0.537680447	0.333333343	0.333333343	None
  2.30000019	0.0184338782	-0.907348037	-0.907348037	0.333333343	0.333333343	None
  2.33333349	-0.00907459	-0.380803376	-0.380803376	0.333333343	0.333333343	None
  2.36666679	-0.00695299124	-0.151207	-0.151207	0.333333343	0.333333343	None
  2.4	-0.0191550478	-0.280859172	-0.280859172	0.333333343	0.333333343	None
  2.4333334	-0.02567692	-0.009491339	-0.009491339	0.333333343	0.333333343	None
  2.4666667	-0.0197878033	0.22064963	0.22064963	0.333333343	0.333333343	None
  2.50000024	-0.0109668951	0.247513026	0.247513026	0.333333343	0.333333343	None
  2.53333354	-0.00328688812	0.2934246	0.2934246	0.333333343	0.333333343	None
  2.56666684	0.008594725	0.286171556	0.286171556	0.333333343	0.333333343	None
  2.60000014	0.0157911982	0.164578527	0.164578527	0.333333343	0.333333343	None
  2.63333344	0.019566616	0.13394177	0.13394177	0.333333343	0.333333343	None
  2.66666675	0.02472064	0.113786206	0.113786206	0.333333343	0.333333343	None
  2.73333359	0.028774051	0.06654482	0.06654482	0.333333343	0.333333343	None
  2.766667	0.0315886848	0.0533688851	0.0533688851	0.333333343	0.333333343	None
  2.80000019	0.0323319733	0.0232956223	0.0232956223	0.333333343	0.333333343	None
  2.86666679	0.0330051072	-0.0228379145	-0.0228379145	0.333333343	0.333333343	None
  2.9333334	0.0300536752	-0.0241364911	-0.0241364911	0.333333343	0.333333343	None
  2.966667	0.0300101	-0.0101457406	-0.0101457406	0.333333343	0.333333343	None
  3.03333354	0.0293414835	0.014400905	0.014400905	0.333333343	0.333333343	None
  3.06666684	0.0303373523	0.0221056975	0.0221056975	0.333333343	0.333333343	None
  3.10000014	0.0308151953	0.0142812682	0.0142812682	0.333333343	0.333333343	None
  3.13333344	0.0312894359	-0.0209195446	-0.0209195446	0.333333343	0.333333343	None
  3.16666675	0.02942056	-0.009818897	-0.009818897	0.333333343	0.333333343	None
  3.20000029	0.0306348521	0.03572651	0.03572651	0.333333343	0.333333343	None
  3.266667	0.0325058	0.0266493931	0.0266493931	0.333333343	0.333333343	None
  3.30000019	0.03357896	0.0443797037	0.0443797037	0.333333343	0.333333343	None
  3.33333349	0.0354644433	0.0372610576	0.0372610576	0.333333343	0.333333343	None
  3.36666679	0.0360630266	0.05748549	0.05748549	0.333333343	0.333333343	None
  3.4	0.0392968059	0.272846222	0.272846222	0.333333343	0.333333343	None
  3.4333334	0.05425276	0.7616093	0.7616093	0.333333343	0.333333343	None
  3.466667	0.09007097	1.913503	1.913503	0.333333343	0.333333343	None
  3.50000024	0.181819767	3.40224266	3.40224266	0.333333343	0.333333343	None
  3.63333344	0.7591838	3.21137238	3.21137238	0.333333343	0.333333343	None
  3.70000029	0.905659258	1.69655466	1.69655466	0.333333343	0.333333343	None
  3.80000019	0.9928953	0.150898546	0.150898546	0.333333343	0.333333343	None
  3.86666679	0.991756141	-0.125477433	-0.125477433	0.333333343	0.333333343	None
  3.93333364	0.9489463	-2.0001328	-2.0001328	0.333333343	0.333333343	None
  4	0.729645	-3.550374	-3.550374	0.333333343	0.333333343	None
  4.033334	0.615233	-3.45182037	-3.45182037	0.333333343	0.333333343	None
  4.066667	0.499522239	-2.30403185	-2.30403185	0.333333343	0.333333343	None
  4.10000038	0.46163103	-0.8348571	-0.8348571	0.333333343	0.333333343	None
  4.13333368	0.44386515	-0.7713146	-0.7713146	0.333333343	0.333333343	None
  4.20000029	0.373820633	-0.790479064	-0.790479064	0.333333343	0.333333343	None
  4.266667	0.347851217	-0.353568226	-0.353568226	0.333333343	0.333333343	None
  4.3	0.333940357	-0.318247974	-0.318247974	0.333333343	0.333333343	None
  4.366667	0.31551823	-0.365058839	-0.365058839	0.333333343	0.333333343	None
  4.4	0.302297473	-0.329481959	-0.329481959	0.333333343	0.333333343	None
  4.4666667	0.2824979	-0.34812516	-0.34812516	0.333333343	0.333333343	None
  4.666667	0.226356983	-0.2279321	-0.2279321	0.333333343	0.333333343	None
  4.8	0.190802068	-0.178776771	-0.178776771	0.333333343	0.333333343	None
  4.866667	0.183889344	-0.05669815	-0.05669815	0.333333343	0.333333343	None
  4.9	0.1820162	0.2426313	0.2426313	0.333333343	0.333333343	None
  4.9333334	0.200064749	1.38421428	1.38421428	0.333333343	0.333333343	None
  5.00000048	0.383829743	3.56044769	3.56044769	0.333333343	0.333333343	None
  5.033334	0.5116616	4.59469032	4.59469032	0.333333343	0.333333343	None
  5.066667	0.690142155	5.543515	5.543515	0.333333343	0.333333343	None
  5.10000038	0.8812289	4.27848053	4.27848053	0.333333343	0.333333343	None
  5.13333368	0.9753739	1.069438	1.069438	0.333333343	0.333333343	None
  5.166667	0.9525247	-0.5113538	-0.5113538	0.333333343	0.333333343	None
  5.23333359	0.9395592	-0.250624955	-0.250624955	0.333333343	0.333333343	None
  5.266667	0.9245754	-0.210767284	-0.210767284	0.333333343	0.333333343	None
  5.366667	0.9242005	-0.00337153859	-0.00337153859	0.333333343	0.333333343	None
  5.566667	0.9158932	-0.336107045	-0.336107045	0.333333343	0.333333343	None
  5.63333368	0.8645942	-2.20340729	-2.20340729	0.333333343	0.333333343	None
  5.666667	0.755736351	-3.550692	-3.550692	0.333333343	0.333333343	None
  5.70000029	0.627881646	-4.2266407	-4.2266407	0.333333343	0.333333343	None
  5.766667	0.320610523	-4.222028	-4.222028	0.333333343	0.333333343	None
  5.8	0.1924923	-2.93764138	-2.93764138	0.333333343	0.333333343	None
  5.83333349	0.124767952	-1.59917283	-1.59917283	0.333333343	0.333333343	None
  5.866667	0.08588089	-1.10453057	-1.10453057	0.333333343	0.333333343	None
  5.9	0.05113265	-0.7579026	-0.7579026	0.333333343	0.333333343	None
  5.933334	0.0353538729	0.174686342	0.174686342	0.333333343	0.333333343	None
  5.966667	0.06277817	0.7620512	0.7620512	0.333333343	0.333333343	None
  6.00000048	0.08615724	0.673648059	0.673648059	0.333333343	0.333333343	None
  6.033334	0.107687995	0.452598035	0.452598035	0.333333343	0.333333343	None
  6.066667	0.116330415	-0.289176166	-0.289176166	0.333333343	0.333333343	None
  6.10000038	0.0884096	-1.27628863	-1.27628863	0.333333343	0.333333343	None
  6.13333368	0.0312445872	-1.90821218	-1.90821218	0.333333343	0.333333343	None
  6.166667	-0.0388044156	-2.14563966	-2.14563966	0.333333343	0.333333343	None
  6.20000029	-0.111797921	-1.282405	-1.282405	0.333333343	0.333333343	None
  6.23333359	-0.124298006	0.008869514	0.008869514	0.333333343	0.333333343	None
  6.266667	-0.111206621	0.7238975	0.7238975	0.333333343	0.333333343	None
  6.3	-0.07603822	1.07974684	1.07974684	0.333333343	0.333333343	None
  6.33333349	-0.03922357	1.06661487	1.06661487	0.333333343	0.333333343	None
  6.366667	-0.004930636	0.7545406	0.7545406	0.333333343	0.333333343	None
  6.40000057	0.011079317	0.0853440762	0.0853440762	0.333333343	0.333333343	None
  6.433334	0.000759192859	-0.684630454	-0.684630454	0.333333343	0.333333343	None
  6.466667	-0.03456267	-0.694934964	-0.694934964	0.333333343	0.333333343	None
  6.50000048	-0.0455697626	-0.0210270286	-0.0210270286	0.333333343	0.333333343	None
  6.533334	-0.03596447	0.6178226	0.6178226	0.333333343	0.333333343	None
  6.566667	-0.00438163	1.12583017	1.12583017	0.333333343	0.333333343	None
  6.60000038	0.0390908048	1.26296616	1.26296616	0.333333343	0.333333343	None
  6.63333368	0.0798160359	1.17378807	1.17378807	0.333333343	0.333333343	None
  6.666667	0.117343262	1.00382423	1.00382423	0.333333343	0.333333343	None
  6.70000029	0.14673759	0.595094	0.595094	0.333333343	0.333333343	None
  6.766667	0.156983361	-0.0176196713	-0.0176196713	0.333333343	0.333333343	None
  6.8	0.155841514	-0.08106224	-0.08106224	0.333333343	0.333333343	None
  6.83333349	0.151579216	-0.0731349662	-0.0731349662	0.333333343	0.333333343	None
  6.866667	0.150965855	0.65592283	0.65592283	0.333333343	0.333333343	None
  6.90000057	0.195308	1.90911031	1.90911031	0.333333343	0.333333343	None
  6.933334	0.278240383	3.08868742	3.08868742	0.333333343	0.333333343	None
  7.00000048	0.5416227	3.97471952	3.97471952	0.333333343	0.333333343	None
  7.066667	0.786962748	3.47619176	3.47619176	0.333333343	0.333333343	None
  7.13333368	0.964121044	1.16604853	1.16604853	0.333333343	0.333333343	None
  7.20000029	0.9616706	-0.35607788	-0.35607788	0.333333343	0.333333343	None
  7.50000048	0.9095856	-0.143382087	-0.143382087	0.333333343	0.333333343	None
  7.8	0.8757689	-0.00492207333	-0.00492207333	0.333333343	0.333333343	None
  7.86666727	0.8828913	0.427676857	0.427676857	0.333333343	0.333333343	None
  7.90000057	0.9052844	-0.250394255	-0.250394255	0.333333343	0.333333343	None
  7.933334	0.866198361	-2.48527	-2.48527	0.333333343	0.333333343	None
  8	0.609919965	-2.96022177	-2.96022177	0.333333343	0.333333343	None
  8.033334	0.542252839	-0.7799205	-0.7799205	0.333333343	0.333333343	None
  8.066668	0.557924569	0.396200925	0.396200925	0.333333343	0.333333343	None
  8.1	0.5686663	0.478890538	0.478890538	0.333333343	0.333333343	None
  8.166667	0.6019659	0.0101098418	0.0101098418	0.333333343	0.333333343	None
  8.200001	0.5905244	-0.150329828	-0.150329828	0.333333343	0.333333343	None
  8.3	0.592830956	-0.11205589	-0.11205589	0.333333343	0.333333343	None
  8.433333	0.563655734	-0.0924857557	-0.0924857557	0.333333343	0.333333343	None
  8.566668	0.5447773	-0.503630638	-0.503630638	0.333333343	0.333333343	None
  8.6	0.5221083	-1.14249921	-1.14249921	0.333333343	0.333333343	None
  8.700001	0.344804257	-1.21211839	-1.21211839	0.333333343	0.333333343	None
  8.733334	0.318596065	-0.868600845	-0.868600845	0.333333343	0.333333343	None
  8.8	0.233032808	-2.03329468	-2.03329468	0.333333343	0.333333343	None
  8.833334	0.15134427	-2.15558481	-2.15558481	0.333333343	0.333333343	None
  8.866667	0.08932701	-1.23706412	-1.23706412	0.333333343	0.333333343	None
  8.900001	0.068874	0.05669275	0.05669275	0.333333343	0.333333343	None
  8.933333	0.09310588	1.58215845	1.58215845	0.333333343	0.333333343	None
  8.966667	0.174351946	2.76882267	2.76882267	0.333333343	0.333333343	None
  9	0.27769357	2.76476741	2.76476741	0.333333343	0.333333343	None
  9.033334	0.358669281	1.62997758	1.62997758	0.333333343	0.333333343	None
  9.066668	0.3863602	0.234879	0.234879	0.333333343	0.333333343	None
  9.1	0.374328434	-0.471832037	-0.471832037	0.333333343	0.333333343	None
  9.133334	0.354904652	-0.4573041	-0.4573041	0.333333343	0.333333343	None
  9.200001	0.333399534	-0.4279476	-0.4279476	0.333333343	0.333333343	None
  9.333334	0.237791225	-0.8280052	-0.8280052	0.333333343	0.333333343	None
  9.433333	0.174865752	-0.374531567	-0.374531567	0.333333343	0.333333343	None
  9.466667	0.1662041	-0.257719278	-0.257719278	0.333333343	0.333333343	None
  9.533334	0.150877163	-0.151083469	-0.151083469	0.333333343	0.333333343	None
  9.566668	0.147612065	-0.116954528	-0.116954528	0.333333343	0.333333343	None
  9.633334	0.140287533	-0.0668116361	-0.0668116361	0.333333343	0.333333343	None
  9.666667	0.1386261	-0.08347955	-0.08347955	0.333333343	0.333333343	None
  9.700001	0.1347222	-0.07237727	-0.07237727	0.333333343	0.333333343	None
  9.733334	0.133800909	-0.0210646186	-0.0210646186	0.333333343	0.333333343	None
  9.766667	0.1333179	0.06801737	0.06801737	0.333333343	0.333333343	None
  9.866667	0.148226857	-0.1081485	-0.1081485	0.333333343	0.333333343	None
  9.900001	0.138741717	-0.219755352	-0.219755352	0.333333343	0.333333343	None
  9.933333	0.133576453	0.0335593671	0.0335593671	0.333333343	0.333333343	None
  9.966667	0.140979186	0.157465473	0.157465473	0.333333343	0.333333343	None
  10.000001	0.144074291	0.00546330959	0.00546330959	0.333333343	0.333333343	None
  10.0333338	0.141343489	-0.0122003667	-0.0122003667	0.333333343	0.333333343	None
  10.1333342	0.151145488	0.0338051543	0.0338051543	0.333333343	0.333333343	None
  10.2000008	0.151006058	-2.68217332E-06	-2.68217332E-06	0.333333343	0.333333343	None
FLOAT UnityEngine.Animator||Left Hand Down-Up discrete=False keys=187 pre=ClampForever post=ClampForever
  0	0.03185114	0.927001238	0.927001238	0.333333343	0.333333343	None
  0.0333333351	0.06275118	1.023133	1.023133	0.333333343	0.333333343	None
  0.06666667	0.100060008	1.0362277	1.0362277	0.333333343	0.333333343	None
  0.13333334	0.150926784	0.32563138	0.32563138	0.333333343	0.333333343	None
  0.166666672	0.153541788	0.0161858033	0.0161858033	0.333333343	0.333333343	None
  0.266666681	0.131005451	-0.5371107	-0.5371107	0.333333343	0.333333343	None
  0.333333343	0.08496893	-0.7469194	-0.7469194	0.333333343	0.333333343	None
  0.366666675	0.05989775	-0.6648927	-0.6648927	0.333333343	0.333333343	None
  0.400000036	0.0406427421	-0.476453573	-0.476453573	0.333333343	0.333333343	None
  0.433333367	0.0281341635	-0.329965055	-0.329965055	0.333333343	0.333333343	None
  0.4666667	0.0186450742	-0.320051223	-0.320051223	0.333333343	0.333333343	None
  0.5	0.006797428	-0.288824171	-0.288824171	0.333333343	0.333333343	None
  0.533333361	-0.000609865063	-0.166914761	-0.166914761	0.333333343	0.333333343	None
  0.5666667	-0.004330232	-0.09399849	-0.09399849	0.333333343	0.333333343	None
  0.6	-0.006876432	-0.0505218953	-0.0505218953	0.333333343	0.333333343	None
  0.6333334	-0.00769835664	-0.03036111	-0.03036111	0.333333343	0.333333343	None
  0.6666667	-0.00890050549	-0.0367840454	-0.0367840454	0.333333343	0.333333343	None
  0.700000048	-0.0101506263	-0.0167309456	-0.0167309456	0.333333343	0.333333343	None
  0.8000001	-0.007783925	0.0341634825	0.0341634825	0.333333343	0.333333343	None
  0.8333334	-0.00678869663	0.0326784	0.0326784	0.333333343	0.333333343	None
  0.866666734	-0.005605365	0.0349764265	0.0349764265	0.333333343	0.333333343	None
  0.900000036	-0.004456935	0.025797572	0.025797572	0.333333343	0.333333343	None
  0.9333334	-0.00388552761	-0.008043766	-0.008043766	0.333333343	0.333333343	None
  0.9666667	-0.00499318447	-0.0503062829	-0.0503062829	0.333333343	0.333333343	None
  1	-0.00723927654	-0.0528306141	-0.0528306141	0.333333343	0.333333343	None
  1.06666672	-0.009296501	-0.0207826272	-0.0207826272	0.333333343	0.333333343	None
  1.1	-0.009900734	-0.0054304013	-0.0054304013	0.333333343	0.333333343	None
  1.16666675	-0.009336577	-0.00117669441	-0.00117669441	0.333333343	0.333333343	None
  1.2	-0.009736973	-0.008493293	-0.008493293	0.333333343	0.333333343	None
  1.26666677	-0.009605445	0.0218642689	0.0218642689	0.333333343	0.333333343	None
  1.30000007	-0.008445178	0.0434635	0.0434635	0.333333343	0.333333343	None
  1.33333337	-0.006707881	0.04364033	0.04364033	0.333333343	0.333333343	None
  1.36666679	-0.00553582143	0.0358709246	0.0358709246	0.333333343	0.333333343	None
  1.4000001	-0.004316484	0.000372158363	0.000372158363	0.333333343	0.333333343	None
  1.4333334	-0.005511011	-0.190989926	-0.190989926	0.333333343	0.333333343	None
  1.4666667	-0.0170491338	-0.7257111	-0.7257111	0.333333343	0.333333343	None
  1.50000012	-0.0538918339	-1.850282	-1.850282	0.333333343	0.333333343	None
  1.53333342	-0.140401274	-2.66419983	-2.66419983	0.333333343	0.333333343	None
  1.56666672	-0.231504977	-2.30912375	-2.30912375	0.333333343	0.333333343	None
  1.60000014	-0.294342935	-1.732417	-1.732417	0.333333343	0.333333343	None
  1.63333344	-0.346999556	-1.87907481	-1.87907481	0.333333343	0.333333343	None
  1.66666675	-0.419614464	-1.65500414	-1.65500414	0.333333343	0.333333343	None
  1.73333347	-0.4408764	1.4249289	1.4249289	0.333333343	0.333333343	None
  1.80000007	-0.232390508	4.56918049	4.56918049	0.333333343	0.333333343	None
  1.83333337	-0.0577261075	4.77734756	4.77734756	0.333333343	0.333333343	None
  1.86666679	0.0860995352	4.380182	4.380182	0.333333343	0.333333343	None
  1.9000001	0.234286234	4.04680347	4.04680347	0.333333343	0.333333343	None
  1.9333334	0.3558862	2.97195315	2.97195315	0.333333343	0.333333343	None
  2	0.469615519	0.601451	0.601451	0.333333343	0.333333343	None
  2.03333354	0.4725131	0.2077267	0.2077267	0.333333343	0.333333343	None
  2.06666684	0.483463973	0.7457921	0.7457921	0.333333343	0.333333343	None
  2.13333344	0.5490737	0.3137347	0.3137347	0.333333343	0.333333343	None
  2.2	0.5316583	-0.3234434	-0.3234434	0.333333343	0.333333343	None
  2.30000019	0.5016456	-0.100163616	-0.100163616	0.333333343	0.333333343	None
  2.33333349	0.5025366	0.325371921	0.325371921	0.333333343	0.333333343	None
  2.36666679	0.523337066	0.468476862	0.468476862	0.333333343	0.333333343	None
  2.53333354	0.5028711	-0.24197036	-0.24197036	0.333333343	0.333333343	None
  2.7	0.463885635	-0.2656015	-0.2656015	0.333333343	0.333333343	None
  3.06666684	0.3946941	-0.211735129	-0.211735129	0.333333343	0.333333343	None
  3.23333359	0.363396823	-0.192901075	-0.192901075	0.333333343	0.333333343	None
  3.36666679	0.338388681	-0.1778646	-0.1778646	0.333333343	0.333333343	None
  3.466667	0.340361744	0.5123072	0.5123072	0.333333343	0.333333343	None
  3.50000024	0.365126759	0.5709727	0.5709727	0.333333343	0.333333343	None
  3.53333354	0.378426552	0.31270206	0.31270206	0.333333343	0.333333343	None
  3.56666684	0.385973543	-0.042724058	-0.042724058	0.333333343	0.333333343	None
  3.60000014	0.375578284	-0.5154648	-0.5154648	0.333333343	0.333333343	None
  3.63333344	0.35160926	-0.59571296	-0.59571296	0.333333343	0.333333343	None
  3.66666675	0.335864127	-0.3575862	-0.3575862	0.333333343	0.333333343	None
  3.70000029	0.327770144	-0.456689477	-0.456689477	0.333333343	0.333333343	None
  3.73333359	0.305418134	-0.5572165	-0.5572165	0.333333343	0.333333343	None
  3.766667	0.2906224	-0.2733822	-0.2733822	0.333333343	0.333333343	None
  3.83333349	0.2842319	-0.09429762	-0.09429762	0.333333343	0.333333343	None
  3.9	0.276760459	-0.2381018	-0.2381018	0.333333343	0.333333343	None
  3.966667	0.257469684	-0.0005995631	-0.0005995631	0.333333343	0.333333343	None
  4	0.264992625	0.157986	0.157986	0.333333343	0.333333343	None
  4.033334	0.268002063	0.232881933	0.232881933	0.333333343	0.333333343	None
  4.066667	0.2805181	0.227501154	0.227501154	0.333333343	0.333333343	None
  4.10000038	0.2831688	-0.140635073	-0.140635073	0.333333343	0.333333343	None
  4.166667	0.2522898	-0.440723121	-0.440723121	0.333333343	0.333333343	None
  4.20000029	0.241760939	0.2902935	0.2902935	0.333333343	0.333333343	None
  4.23333359	0.271642685	0.736770868	0.736770868	0.333333343	0.333333343	None
  4.266667	0.290878952	0.446746916	0.446746916	0.333333343	0.333333343	None
  4.3	0.301425785	0.393129528	0.393129528	0.333333343	0.333333343	None
  4.366667	0.32749474	0.252757758	0.252757758	0.333333343	0.333333343	None
  4.4666667	0.3512545	0.294807255	0.294807255	0.333333343	0.333333343	None
  4.666667	0.4027134	0.160097629	0.160097629	0.333333343	0.333333343	None
  4.83333349	0.417571276	-0.17747882	-0.17747882	0.333333343	0.333333343	None
  4.9	0.403024018	-0.0343309641	-0.0343309641	0.333333343	0.333333343	None
  4.9666667	0.409837782	-0.0331171937	-0.0331171937	0.333333343	0.333333343	None
  5.00000048	0.4053255	0.0208131373	0.0208131373	0.333333343	0.333333343	None
  5.066667	0.406910032	-0.377430975	-0.377430975	0.333333343	0.333333343	None
  5.10000038	0.386063218	-1.2789607	-1.2789607	0.333333343	0.333333343	None
  5.13333368	0.321646065	-1.24180579	-1.24180579	0.333333343	0.333333343	None
  5.166667	0.303276241	-0.523388863	-0.523388863	0.333333343	0.333333343	None
  5.23333359	0.272979379	-0.426623166	-0.426623166	0.333333343	0.333333343	None
  5.266667	0.258312	-0.25498578	-0.25498578	0.333333343	0.333333343	None
  5.33333349	0.2558899	0.01822205	0.01822205	0.333333343	0.333333343	None
  5.566667	0.266197	-0.0605290234	-0.0605290234	0.333333343	0.333333343	None
  5.60000038	0.2642665	-0.07534109	-0.07534109	0.333333343	0.333333343	None
  5.63333368	0.261174262	0.143798724	0.143798724	0.333333343	0.333333343	None
  5.70000029	0.291072279	0.265106648	0.265106648	0.333333343	0.333333343	None
  5.73333359	0.291526824	0.015990451	0.015990451	0.333333343	0.333333343	None
  5.83333349	0.2797417	-0.453258425	-0.453258425	0.333333343	0.333333343	None
  5.866667	0.260282069	-0.546919465	-0.546919465	0.333333343	0.333333343	None
  5.9	0.243280441	0.200930923	0.200930923	0.333333343	0.333333343	None
  5.933334	0.2736779	0.6203238	0.6203238	0.333333343	0.333333343	None
  5.966667	0.284635752	0.0313505828	0.0313505828	0.333333343	0.333333343	None
  6.00000048	0.275767922	-0.0611611381	-0.0611611381	0.333333343	0.333333343	None
  6.033334	0.280558348	0.303700566	0.303700566	0.333333343	0.333333343	None
  6.066667	0.2960146	0.314595252	0.314595252	0.333333343	0.333333343	None
  6.10000038	0.301531345	0.181753814	0.181753814	0.333333343	0.333333343	None
  6.166667	0.312233627	0.07324539	0.07324539	0.333333343	0.333333343	None
  6.266667	0.317551374	0.09842867	0.09842867	0.333333343	0.333333343	None
  6.33333349	0.3253319	0.06577766	0.06577766	0.333333343	0.333333343	None
  6.433334	0.335977763	0.275644183	0.275644183	0.333333343	0.333333343	None
  6.533334	0.364899367	0.105235673	0.105235673	0.333333343	0.333333343	None
  6.766667	0.3564418	0.0858754739	0.0858754739	0.333333343	0.333333343	None
  6.866667	0.364211142	0.180396974	0.180396974	0.333333343	0.333333343	None
  6.90000057	0.3728946	0.64920646	0.64920646	0.333333343	0.333333343	None
  6.966667	0.446610957	0.9660561	0.9660561	0.333333343	0.333333343	None
  7.066667	0.4822362	-0.284423947	-0.284423947	0.333333343	0.333333343	None
  7.13333368	0.442097664	-0.7797444	-0.7797444	0.333333343	0.333333343	None
  7.166667	0.415666968	-0.536815166	-0.536815166	0.333333343	0.333333343	None
  7.23333359	0.4009391	-0.163705647	-0.163705647	0.333333343	0.333333343	None
  7.433334	0.405410767	0.055537872	0.055537872	0.333333343	0.333333343	None
  7.766667	0.427137077	0.0413217023	0.0413217023	0.333333343	0.333333343	None
  7.833334	0.423498333	-0.153286546	-0.153286546	0.333333343	0.333333343	None
  7.86666727	0.41770646	0.08991086	0.08991086	0.333333343	0.333333343	None
  7.90000057	0.429492384	-0.4852152	-0.4852152	0.333333343	0.333333343	None
  7.933334	0.3853588	-3.28606963	-3.28606963	0.333333343	0.333333343	None
  7.966667	0.210421279	-5.024268	-5.024268	0.333333343	0.333333343	None
  8	0.0504102223	-3.180171	-3.180171	0.333333343	0.333333343	None
  8.033334	-0.00158836285	-0.133173525	-0.133173525	0.333333343	0.333333343	None
  8.066668	0.04153187	1.232362	1.232362	0.333333343	0.333333343	None
  8.1	0.08056908	0.70156765	0.70156765	0.333333343	0.333333343	None
  8.133334	0.08830255	-0.08362279	-0.08362279	0.333333343	0.333333343	None
  8.166667	0.0749945343	-0.6052454	-0.6052454	0.333333343	0.333333343	None
  8.200001	0.0479527	-0.420753568	-0.420753568	0.333333343	0.333333343	None
  8.233334	0.04694395	0.0320941731	0.0320941731	0.333333343	0.333333343	None
  8.266667	0.05009237	0.0660383254	0.0660383254	0.333333343	0.333333343	None
  8.333334	0.0508469343	-0.02745429	-0.02745429	0.333333343	0.333333343	None
  8.366667	0.0495162569	-0.0112161906	-0.0112161906	0.333333343	0.333333343	None
  8.466667	0.05115926	-0.03286409	-0.03286409	0.333333343	0.333333343	None
  8.533334	0.0448906347	-0.128060967	-0.128060967	0.333333343	0.333333343	None
  8.566668	0.0404579639	-0.155759647	-0.155759647	0.333333343	0.333333343	None
  8.6	0.03450669	-0.405291677	-0.405291677	0.333333343	0.333333343	None
  8.633334	0.0134383282	-0.422917366	-0.422917366	0.333333343	0.333333343	None
  8.666667	0.00631202525	-0.184498727	-0.184498727	0.333333343	0.333333343	None
  8.700001	0.001138453	-0.187906921	-0.187906921	0.333333343	0.333333343	None
  8.733334	-0.00621506	-0.138854057	-0.138854057	0.333333343	0.333333343	None
  8.766667	-0.008118398	0.181309551	0.181309551	0.333333343	0.333333343	None
  8.8	0.00587200467	0.481983185	0.481983185	0.333333343	0.333333343	None
  8.833334	0.0240138434	0.450473428	0.450473428	0.333333343	0.333333343	None
  8.866667	0.0359036252	0.314415932	0.314415932	0.333333343	0.333333343	None
  8.900001	0.0449748449	0.264917463	0.264917463	0.333333343	0.333333343	None
  8.933333	0.05356478	0.246159732	0.246159732	0.333333343	0.333333343	None
  8.966667	0.0613854676	0.0933027342	0.0933027342	0.333333343	0.333333343	None
  9	0.05978509	-0.044812873	-0.044812873	0.333333343	0.333333343	None
  9.033334	0.05839795	-0.109159872	-0.109159872	0.333333343	0.333333343	None
  9.066668	0.05250767	-0.204676	-0.204676	0.333333343	0.333333343	None
  9.1	0.0447529219	-0.296317756	-0.296317756	0.333333343	0.333333343	None
  9.133334	0.03275311	-0.3433258	-0.3433258	0.333333343	0.333333343	None
  9.166667	0.0218645427	-0.3000882	-0.3000882	0.333333343	0.333333343	None
  9.200001	0.0127472747	-0.26241976	-0.26241976	0.333333343	0.333333343	None
  9.233334	0.00436989823	-0.174038738	-0.174038738	0.333333343	0.333333343	None
  9.266667	0.0011447767	0.012253955	0.012253955	0.333333343	0.333333343	None
  9.3	0.005186724	0.173795342	0.173795342	0.333333343	0.333333343	None
  9.333334	0.0127311712	0.19146356	0.19146356	0.333333343	0.333333343	None
  9.366667	0.0179509819	0.172372371	0.172372371	0.333333343	0.333333343	None
  9.400001	0.0242226664	0.17248559	0.17248559	0.333333343	0.333333343	None
  9.433333	0.0294500254	0.253928483	0.253928483	0.333333343	0.333333343	None
  9.466667	0.0411513075	0.360237241	0.360237241	0.333333343	0.333333343	None
  9.533334	0.06396796	0.277318865	0.277318865	0.333333343	0.333333343	None
  9.700001	0.07661876	-0.09733124	-0.09733124	0.333333343	0.333333343	None
  9.8	0.0598352179	-0.2273732	-0.2273732	0.333333343	0.333333343	None
  9.833334	0.05161125	-0.3444929	-0.3444929	0.333333343	0.333333343	None
  9.866667	0.03686914	-0.465638816	-0.465638816	0.333333343	0.333333343	None
  9.900001	0.0205686688	-0.3479063	-0.3479063	0.333333343	0.333333343	None
  9.933333	0.0136752743	-0.120712936	-0.120712936	0.333333343	0.333333343	None
  9.966667	0.01252123	-0.0184973143	-0.0184973143	0.333333343	0.333333343	None
  10.000001	0.0124421036	-0.03976097	-0.03976097	0.333333343	0.333333343	None
  10.0333338	0.009870537	-0.0275904387	-0.0275904387	0.333333343	0.333333343	None
  10.0666676	0.01060279	0.1416392	0.1416392	0.333333343	0.333333343	None
  10.1	0.0193130262	0.243466213	0.243466213	0.333333343	0.333333343	None
  10.1333342	0.0268338379	0.188051492	0.188051492	0.333333343	0.333333343	None
  10.166667	0.0318498164	0.07523904	0.07523904	0.333333343	0.333333343	None
  10.2000008	0.0318496972	-3.576231E-06	-3.576231E-06	0.333333343	0.333333343	None
FLOAT UnityEngine.Animator||Left Hand In-Out discrete=False keys=168 pre=ClampForever post=ClampForever
  0	0.07922519	-0.131218582	-0.131218582	0.333333343	0.333333343	None
  0.0333333351	0.07485124	-0.0757108256	-0.0757108256	0.333333343	0.333333343	None
  0.06666667	0.0741778	0.0314564928	0.0314564928	0.333333343	0.333333343	None
  0.13333334	0.07959006	0.0546203963	0.0546203963	0.333333343	0.333333343	None
  0.200000018	0.08354897	0.177838832	0.177838832	0.333333343	0.333333343	None
  0.333333343	0.137011573	0.394733	0.394733	0.333333343	0.333333343	None
  0.5666667	0.185769111	0.25131163	0.25131163	0.333333343	0.333333343	None
  0.6666667	0.208034277	0.156711012	0.156711012	0.333333343	0.333333343	None
  0.7666667	0.225107566	0.196790159	0.196790159	0.333333343	0.333333343	None
  1	0.265735626	0.25020206	0.25020206	0.333333343	0.333333343	None
  1.2	0.302751482	0.160677433	0.160677433	0.333333343	0.333333343	None
  1.36666679	0.32276246	0.179547027	0.179547027	0.333333343	0.333333343	None
  1.4333334	0.344868034	0.493898869	0.493898869	0.333333343	0.333333343	None
  1.50000012	0.3702082	-0.2514273	-0.2514273	0.333333343	0.333333343	None
  1.56666672	0.312481642	-0.932172537	-0.932172537	0.333333343	0.333333343	None
  1.63333344	0.2620586	-0.7211175	-0.7211175	0.333333343	0.333333343	None
  1.66666675	0.236721486	0.00349223614	0.00349223614	0.333333343	0.333333343	None
  1.7	0.2622914	0.875544548	0.875544548	0.333333343	0.333333343	None
  1.73333347	0.295091182	1.13133359	1.13133359	0.333333343	0.333333343	None
  1.76666677	0.3377137	0.437387764	0.437387764	0.333333343	0.333333343	None
  1.80000007	0.32425034	-1.33208084	-1.33208084	0.333333343	0.333333343	None
  1.83333337	0.248908386	-2.643044	-2.643044	0.333333343	0.333333343	None
  1.86666679	0.148047209	-3.46822548	-3.46822548	0.333333343	0.333333343	None
  1.9000001	0.0176932253	-4.00717068	-4.00717068	0.333333343	0.333333343	None
  1.9333334	-0.11909724	-2.53668118	-2.53668118	0.333333343	0.333333343	None
  1.96666682	-0.1514188	-0.269797921	-0.269797921	0.333333343	0.333333343	None
  2	-0.137083918	0.3708675	0.3708675	0.333333343	0.333333343	None
  2.03333354	-0.1266943	0.00685013831	0.00685013831	0.333333343	0.333333343	None
  2.06666684	-0.136627167	-0.957923949	-0.957923949	0.333333343	0.333333343	None
  2.10000014	-0.190555841	-1.94199991	-1.94199991	0.333333343	0.333333343	None
  2.16666675	-0.343298256	-2.19554281	-2.19554281	0.333333343	0.333333343	None
  2.2	-0.412463069	-1.66578937	-1.66578937	0.333333343	0.333333343	None
  2.23333335	-0.45435077	-1.2198379	-1.2198379	0.333333343	0.333333343	None
  2.30000019	-0.5298911	-0.745873868	-0.745873868	0.333333343	0.333333343	None
  2.33333349	-0.5435107	-0.4628424	-0.4628424	0.333333343	0.333333343	None
  2.4	-0.5689559	-0.183858454	-0.183858454	0.333333343	0.333333343	None
  2.56666684	-0.6199933	-0.5878514	-0.5878514	0.333333343	0.333333343	None
  3.06666684	-0.8381351	-0.200910166	-0.200910166	0.333333343	0.333333343	None
  3.36666679	-0.848387539	0.129012585	0.129012585	0.333333343	0.333333343	None
  3.4333334	-0.821491539	1.07805955	1.07805955	0.333333343	0.333333343	None
  3.56666684	-0.515045762	3.31163549	3.31163549	0.333333343	0.333333343	None
  3.60000014	-0.399343669	3.309873	3.309873	0.333333343	0.333333343	None
  3.66666675	-0.19587566	2.7749238	2.7749238	0.333333343	0.333333343	None
  3.70000029	-0.1093924	2.23698235	2.23698235	0.333333343	0.333333343	None
  3.73333359	-0.04674302	1.70271432	1.70271432	0.333333343	0.333333343	None
  3.766667	0.00412178366	1.07892632	1.07892632	0.333333343	0.333333343	None
  3.80000019	0.02518534	0.234826	0.234826	0.333333343	0.333333343	None
  3.83333349	0.019776836	-0.4031007	-0.4031007	0.333333343	0.333333343	None
  3.86666679	-0.00168801646	-0.9387203	-0.9387203	0.333333343	0.333333343	None
  3.9	-0.0428044572	-1.54970741	-1.54970741	0.333333343	0.333333343	None
  3.93333364	-0.105002195	-1.79891026	-1.79891026	0.333333343	0.333333343	None
  3.966667	-0.162732139	-1.85980165	-1.85980165	0.333333343	0.333333343	None
  4	-0.228988379	-1.94349122	-1.94349122	0.333333343	0.333333343	None
  4.033334	-0.292298526	-1.4185437	-1.4185437	0.333333343	0.333333343	None
  4.10000038	-0.3427998	-0.594822	-0.594822	0.333333343	0.333333343	None
  4.13333368	-0.363213539	-0.8262477	-0.8262477	0.333333343	0.333333343	None
  4.166667	-0.397882938	-0.8713504	-0.8713504	0.333333343	0.333333343	None
  4.20000029	-0.4213035	-0.741060138	-0.741060138	0.333333343	0.333333343	None
  4.23333359	-0.4472869	-0.470662415	-0.470662415	0.333333343	0.333333343	None
  4.3	-0.449857622	0.061858058	0.061858058	0.333333343	0.333333343	None
  4.533334	-0.434929967	0.1801705	0.1801705	0.333333343	0.333333343	None
  4.73333359	-0.401643068	0.242285952	0.242285952	0.333333343	0.333333343	None
  4.866667	-0.33590132	0.6517787	0.6517787	0.333333343	0.333333343	None
  4.9333334	-0.301626563	0.00481635332	0.00481635332	0.333333343	0.333333343	None
  5.00000048	-0.325547457	-0.108831786	-0.108831786	0.333333343	0.333333343	None
  5.033334	-0.3210526	0.6613739	0.6613739	0.333333343	0.333333343	None
  5.066667	-0.2814559	0.9246634	0.9246634	0.333333343	0.333333343	None
  5.10000038	-0.259408444	-0.365241677	-0.365241677	0.333333343	0.333333343	None
  5.13333368	-0.305805326	-0.9500787	-0.9500787	0.333333343	0.333333343	None
  5.23333359	-0.3171612	0.0239874646	0.0239874646	0.333333343	0.333333343	None
  5.266667	-0.319523245	0.017855037	0.017855037	0.333333343	0.333333343	None
  5.33333349	-0.315636933	-0.0357503034	-0.0357503034	0.333333343	0.333333343	None
  5.533334	-0.350691259	-0.3640785	-0.3640785	0.333333343	0.333333343	None
  5.60000038	-0.3830954	-0.7559214	-0.7559214	0.333333343	0.333333343	None
  5.666667	-0.435377926	-0.148089364	-0.148089364	0.333333343	0.333333343	None
  5.70000029	-0.42421174	0.5442739	0.5442739	0.333333343	0.333333343	None
  5.83333349	-0.284665883	0.9322853	0.9322853	0.333333343	0.333333343	None
  5.9	-0.240188733	0.607448637	0.607448637	0.333333343	0.333333343	None
  5.933334	-0.218944147	0.407077134	0.407077134	0.333333343	0.333333343	None
  5.966667	-0.213049978	-0.0734901354	-0.0734901354	0.333333343	0.333333343	None
  6.00000048	-0.223843485	-0.404522657	-0.404522657	0.333333343	0.333333343	None
  6.066667	-0.264566481	-0.7707845	-0.7707845	0.333333343	0.333333343	None
  6.10000038	-0.2914037	-0.9256196	-0.9256196	0.333333343	0.333333343	None
  6.13333368	-0.3262744	-0.9466338	-0.9466338	0.333333343	0.333333343	None
  6.166667	-0.354512572	0.062333256	0.062333256	0.333333343	0.333333343	None
  6.20000029	-0.322118849	0.535202265	0.535202265	0.333333343	0.333333343	None
  6.23333359	-0.318832457	0.552373767	0.552373767	0.333333343	0.333333343	None
  6.266667	-0.285293967	0.8004484	0.8004484	0.333333343	0.333333343	None
  6.3	-0.265469283	0.328658551	0.328658551	0.333333343	0.333333343	None
  6.33333349	-0.263383418	-0.0261667632	-0.0261667632	0.333333343	0.333333343	None
  6.40000057	-0.283673	-0.8186557	-0.8186557	0.333333343	0.333333343	None
  6.466667	-0.3603859	-0.971063852	-0.971063852	0.333333343	0.333333343	None
  6.533334	-0.396926373	-0.05354365	-0.05354365	0.333333343	0.333333343	None
  6.566667	-0.390098065	0.156357735	0.156357735	0.333333343	0.333333343	None
  6.63333368	-0.388757825	0.008551784	0.008551784	0.333333343	0.333333343	None
  6.70000029	-0.386874467	-0.132110536	-0.132110536	0.333333343	0.333333343	None
  6.8	-0.406895131	0.081738174	0.081738174	0.333333343	0.333333343	None
  6.83333349	-0.398019463	0.402755558	0.402755558	0.333333343	0.333333343	None
  6.866667	-0.3800448	0.364245236	0.364245236	0.333333343	0.333333343	None
  6.90000057	-0.373736382	0.237556756	0.237556756	0.333333343	0.333333343	None
  6.966667	-0.363390833	-0.102524854	-0.102524854	0.333333343	0.333333343	None
  7.00000048	-0.371042579	0.369449139	0.369449139	0.333333343	0.333333343	None
  7.066667	-0.2927402	1.074447	1.074447	0.333333343	0.333333343	None
  7.13333368	-0.258402467	0.1618062	0.1618062	0.333333343	0.333333343	None
  7.166667	-0.2563441	0.24908492	0.24908492	0.333333343	0.333333343	None
  7.20000029	-0.241796821	0.563942134	0.563942134	0.333333343	0.333333343	None
  7.23333359	-0.218748	0.550330162	0.550330162	0.333333343	0.333333343	None
  7.33333349	-0.196766227	0.06025644	0.06025644	0.333333343	0.333333343	None
  7.433334	-0.197015151	0.0201954879	0.0201954879	0.333333343	0.333333343	None
  7.466667	-0.195295841	0.00225529261	0.00225529261	0.333333343	0.333333343	None
  7.566667	-0.19845973	-0.0235294774	-0.0235294774	0.333333343	0.333333343	None
  7.666667	-0.201482981	-0.07403508	-0.07403508	0.333333343	0.333333343	None
  7.833334	-0.2221343	-0.259598643	-0.259598643	0.333333343	0.333333343	None
  7.86666727	-0.2327964	-0.245235711	-0.245235711	0.333333343	0.333333343	None
  7.90000057	-0.23848334	-0.400779635	-0.400779635	0.333333343	0.333333343	None
  7.933334	-0.259515017	-0.214639068	-0.214639068	0.333333343	0.333333343	None
  7.966667	-0.2527926	1.81627357	1.81627357	0.333333343	0.333333343	None
  8	-0.138431862	2.48267078	2.48267078	0.333333343	0.333333343	None
  8.033334	-0.08728227	0.655137658	0.655137658	0.333333343	0.333333343	None
  8.066668	-0.09475543	-0.2756076	-0.2756076	0.333333343	0.333333343	None
  8.1	-0.105656043	-0.2721905	-0.2721905	0.333333343	0.333333343	None
  8.133334	-0.1129014	0.0228142	0.0228142	0.333333343	0.333333343	None
  8.166667	-0.104135327	0.399379343	0.399379343	0.333333343	0.333333343	None
  8.200001	-0.086276	0.2687106	0.2687106	0.333333343	0.333333343	None
  8.266667	-0.0935452	-0.156235129	-0.156235129	0.333333343	0.333333343	None
  8.3	-0.09663677	0.031610094	0.031610094	0.333333343	0.333333343	None
  8.333334	-0.09143774	0.185913235	0.185913235	0.333333343	0.333333343	None
  8.366667	-0.0842426	0.09926517	0.09926517	0.333333343	0.333333343	None
  8.433333	-0.09046093	-0.204071432	-0.204071432	0.333333343	0.333333343	None
  8.5	-0.104185738	-0.0922252	-0.0922252	0.333333343	0.333333343	None
  8.566668	-0.09322257	0.5719987	0.5719987	0.333333343	0.333333343	None
  8.6	-0.06644024	1.02768636	1.02768636	0.333333343	0.333333343	None
  8.633334	-0.0247100051	1.35492349	1.35492349	0.333333343	0.333333343	None
  8.666667	0.0238878112	1.344424	1.344424	0.333333343	0.333333343	None
  8.700001	0.06491806	1.28229284	1.28229284	0.333333343	0.333333343	None
  8.733334	0.109373875	1.28938413	1.28938413	0.333333343	0.333333343	None
  8.766667	0.15087688	1.4321909	1.4321909	0.333333343	0.333333343	None
  8.8	0.204853	1.35857749	1.35857749	0.333333343	0.333333343	None
  8.833334	0.241448373	0.8057599	0.8057599	0.333333343	0.333333343	None
  8.866667	0.258570552	0.7094641	0.7094641	0.333333343	0.333333343	None
  8.900001	0.288746119	0.602349758	0.602349758	0.333333343	0.333333343	None
  8.933333	0.298727453	-0.257803082	-0.257803082	0.333333343	0.333333343	None
  8.966667	0.271558732	-0.424698472	-0.424698472	0.333333343	0.333333343	None
  9	0.270413876	0.441924185	0.441924185	0.333333343	0.333333343	None
  9.033334	0.301020771	0.8802414	0.8802414	0.333333343	0.333333343	None
  9.066668	0.32909742	0.415186822	0.415186822	0.333333343	0.333333343	None
  9.166667	0.289139241	-0.6876314	-0.6876314	0.333333343	0.333333343	None
  9.233334	0.244426847	-0.5077599	-0.5077599	0.333333343	0.333333343	None
  9.266667	0.2324023	-0.382826567	-0.382826567	0.333333343	0.333333343	None
  9.3	0.218905121	-0.3801882	-0.3801882	0.333333343	0.333333343	None
  9.333334	0.207056463	-0.44705534	-0.44705534	0.333333343	0.333333343	None
  9.433333	0.145537063	-0.5896606	-0.5896606	0.333333343	0.333333343	None
  9.533334	0.103558913	-0.234352574	-0.234352574	0.333333343	0.333333343	None
  9.6	0.09570001	-0.104626268	-0.104626268	0.333333343	0.333333343	None
  9.666667	0.08854979	-0.0486674942	-0.0486674942	0.333333343	0.333333343	None
  9.700001	0.08796113	-0.0305138044	-0.0305138044	0.333333343	0.333333343	None
  9.733334	0.08651555	0.03631522	0.03631522	0.333333343	0.333333343	None
  9.766667	0.09038222	0.103302628	0.103302628	0.333333343	0.333333343	None
  9.8	0.0934024	0.192139447	0.192139447	0.333333343	0.333333343	None
  9.833334	0.1031916	0.352233231	0.352233231	0.333333343	0.333333343	None
  9.866667	0.116884537	0.245071232	0.245071232	0.333333343	0.333333343	None
  9.900001	0.119529508	-0.0477701053	-0.0477701053	0.333333343	0.333333343	None
  9.933333	0.113699988	-0.08920074	-0.08920074	0.333333343	0.333333343	None
  10.000001	0.112965934	-0.128797919	-0.128797919	0.333333343	0.333333343	None
  10.0666676	0.0955481455	-0.2361143	-0.2361143	0.333333343	0.333333343	None
  10.1333342	0.08522546	-0.150435045	-0.150435045	0.333333343	0.333333343	None
  10.166667	0.0792265162	-0.08998043	-0.08998043	0.333333343	0.333333343	None
  10.2000008	0.07922686	1.02816639E-05	1.02816639E-05	0.333333343	0.333333343	None
FLOAT UnityEngine.Animator||Left Lower Leg Stretch discrete=False keys=46 pre=ClampForever post=ClampForever
  0	0.9517608	-0.06272614	-0.06272614	0.333333343	0.333333343	None
  0.700000048	0.8837281	-0.116338134	-0.116338134	0.333333343	0.333333343	None
  1.33333337	0.83423	-0.03803104	-0.03803104	0.333333343	0.333333343	None
  1.4666667	0.881144047	1.01565576	1.01565576	0.333333343	0.333333343	None
  1.56666672	0.9786187	0.009604305	0.009604305	0.333333343	0.333333343	None
  1.66666675	0.877445	-1.19143844	-1.19143844	0.333333343	0.333333343	None
  1.80000007	0.7204552	-1.26676106	-1.26676106	0.333333343	0.333333343	None
  1.83333337	0.6767726	-1.1187228	-1.1187228	0.333333343	0.333333343	None
  1.9000001	0.6146218	-0.8201282	-0.8201282	0.333333343	0.333333343	None
  2.266667	0.7014729	0.6818863	0.6818863	0.333333343	0.333333343	None
  2.4	0.7670286	0.095841676	0.095841676	0.333333343	0.333333343	None
  2.56666684	0.7468639	-0.160492808	-0.160492808	0.333333343	0.333333343	None
  3.266667	0.7566809	0.186191976	0.186191976	0.333333343	0.333333343	None
  3.60000014	0.82512325	0.186183929	0.186183929	0.333333343	0.333333343	None
  3.83333349	0.880324841	0.34994638	0.34994638	0.333333343	0.333333343	None
  3.9	0.884560168	-0.32551083	-0.32551083	0.333333343	0.333333343	None
  4.066667	0.7563848	-1.33701444	-1.33701444	0.333333343	0.333333343	None
  4.20000029	0.6447301	0.330710441	0.330710441	0.333333343	0.333333343	None
  4.33333349	0.826693356	1.7902689	1.7902689	0.333333343	0.333333343	None
  4.366667	0.885627866	1.0866462	1.0866462	0.333333343	0.333333343	None
  4.4	0.899136364	-0.24844788	-0.24844788	0.333333343	0.333333343	None
  4.4333334	0.8690647	-0.7400043	-0.7400043	0.333333343	0.333333343	None
  4.666667	0.8262854	-0.0883493647	-0.0883493647	0.333333343	0.333333343	None
  5.033334	0.8121007	0.106640264	0.106640264	0.333333343	0.333333343	None
  5.166667	0.8172177	-0.0665572956	-0.0665572956	0.333333343	0.333333343	None
  5.33333349	0.826000869	0.008443603	0.008443603	0.333333343	0.333333343	None
  5.63333368	0.824341953	-0.30107826	-0.30107826	0.333333343	0.333333343	None
  5.866667	0.8030019	-0.132317066	-0.132317066	0.333333343	0.333333343	None
  6.033334	0.811763167	0.358875453	0.358875453	0.333333343	0.333333343	None
  6.23333359	0.8465719	-0.5748713	-0.5748713	0.333333343	0.333333343	None
  6.33333349	0.763487041	-0.5142989	-0.5142989	0.333333343	0.333333343	None
  6.433334	0.7698903	0.951334834	0.951334834	0.333333343	0.333333343	None
  6.50000048	0.858093858	1.02356327	1.02356327	0.333333343	0.333333343	None
  6.70000029	0.882320046	-0.208313957	-0.208313957	0.333333343	0.333333343	None
  6.966667	0.828892469	-0.154603571	-0.154603571	0.333333343	0.333333343	None
  7.266667	0.8193631	0.0584069453	0.0584069453	0.333333343	0.333333343	None
  7.533334	0.829896867	-0.0288480781	-0.0288480781	0.333333343	0.333333343	None
  8	0.8184143	-0.149899185	-0.149899185	0.333333343	0.333333343	None
  8.266667	0.832889259	0.171048671	0.171048671	0.333333343	0.333333343	None
  8.5	0.8281792	-0.207251966	-0.207251966	0.333333343	0.333333343	None
  8.833334	0.7847478	-0.0738750845	-0.0738750845	0.333333343	0.333333343	None
  9.266667	0.7999189	-0.00654076831	-0.00654076831	0.333333343	0.333333343	None
  9.700001	0.8745722	0.272297859	0.272297859	0.333333343	0.333333343	None
  9.900001	0.934914947	0.3517428	0.3517428	0.333333343	0.333333343	None
  10.000001	0.957149446	-0.03321206	-0.03321206	0.333333343	0.333333343	None
  10.2000008	0.95176053	0	0	0.333333343	0.333333343	None
FLOAT UnityEngine.Animator||Left Lower Leg Twist In-Out discrete=False keys=92 pre=ClampForever post=ClampForever
  0	0.311237842	-0.03524959	-0.03524959	0.333333343	0.333333343	None
  0.533333361	0.266293526	-0.101971239	-0.101971239	0.333333343	0.333333343	None
  0.8000001	0.238366291	-0.08561299	-0.08561299	0.333333343	0.333333343	None
  1.03333342	0.223251253	-0.0297729522	-0.0297729522	0.333333343	0.333333343	None
  1.33333337	0.218335316	0.021248633	0.021248633	0.333333343	0.333333343	None
  1.36666679	0.219656378	0.259250641	0.259250641	0.333333343	0.333333343	None
  1.4000001	0.235618681	0.596714735	0.596714735	0.333333343	0.333333343	None
  1.4666667	0.2944103	1.18356371	1.18356371	0.333333343	0.333333343	None
  1.53333342	0.387429178	1.2979995	1.2979995	0.333333343	0.333333343	None
  1.56666672	0.424874872	0.578522563	0.578522563	0.333333343	0.333333343	None
  1.63333344	0.406092823	-0.5113145	-0.5113145	0.333333343	0.333333343	None
  2	0.378027469	-0.04630999	-0.04630999	0.333333343	0.333333343	None
  2.266667	0.356664	-0.0242318176	-0.0242318176	0.333333343	0.333333343	None
  2.33333349	0.354498953	-0.322032124	-0.322032124	0.333333343	0.333333343	None
  2.4	0.314923137	-0.549298167	-0.549298167	0.333333343	0.333333343	None
  2.4666667	0.282461137	-0.484923333	-0.484923333	0.333333343	0.333333343	None
  2.56666684	0.240691081	-0.37199527	-0.37199527	0.333333343	0.333333343	None
  2.73333359	0.216476366	0.0531472825	0.0531472825	0.333333343	0.333333343	None
  2.966667	0.243465841	0.07736912	0.07736912	0.333333343	0.333333343	None
  3.33333349	0.240536109	-0.022311084	-0.022311084	0.333333343	0.333333343	None
  3.53333354	0.254688382	0.1704132	0.1704132	0.333333343	0.333333343	None
  3.66666675	0.2754188	0.0372040272	0.0372040272	0.333333343	0.333333343	None
  3.83333349	0.286661148	0.185136974	0.185136974	0.333333343	0.333333343	None
  3.86666679	0.2941101	0.0925595462	0.0925595462	0.333333343	0.333333343	None
  4	0.271447361	-0.247099757	-0.247099757	0.333333343	0.333333343	None
  4.033334	0.263530523	-0.326590627	-0.326590627	0.333333343	0.333333343	None
  4.10000038	0.237227	-0.340807378	-0.340807378	0.333333343	0.333333343	None
  4.13333368	0.226954088	-0.6274236	-0.6274236	0.333333343	0.333333343	None
  4.166667	0.1953988	-0.8732666	-0.8732666	0.333333343	0.333333343	None
  4.20000029	0.168736368	-0.61349	-0.61349	0.333333343	0.333333343	None
  4.266667	0.147861809	-0.123971373	-0.123971373	0.333333343	0.333333343	None
  4.3	0.146234751	-0.160452813	-0.160452813	0.333333343	0.333333343	None
  4.33333349	0.137164965	-0.3439532	-0.3439532	0.333333343	0.333333343	None
  4.366667	0.123304561	-0.2760949	-0.2760949	0.333333343	0.333333343	None
  4.4	0.118758656	-0.142005771	-0.142005771	0.333333343	0.333333343	None
  4.4333334	0.113837518	-0.0200591385	-0.0200591385	0.333333343	0.333333343	None
  4.4666667	0.117421381	0.01849955	0.01849955	0.333333343	0.333333343	None
  4.5	0.11507082	-0.0660128146	-0.0660128146	0.333333343	0.333333343	None
  4.60000038	0.111882135	0.006526268	0.006526268	0.333333343	0.333333343	None
  4.63333368	0.112570755	0.07056139	0.07056139	0.333333343	0.333333343	None
  4.666667	0.116586223	0.08965314	0.08965314	0.333333343	0.333333343	None
  4.8	0.120672584	0.04443866	0.04443866	0.333333343	0.333333343	None
  4.866667	0.123082139	0.0109632052	0.0109632052	0.333333343	0.333333343	None
  5.00000048	0.130799174	0.133455992	0.133455992	0.333333343	0.333333343	None
  5.13333368	0.146434456	-0.005935734	-0.005935734	0.333333343	0.333333343	None
  5.20000029	0.144472182	0.00111512933	0.00111512933	0.333333343	0.333333343	None
  5.3	0.147388548	0.00353426114	0.00353426114	0.333333343	0.333333343	None
  5.4333334	0.150928169	0.08938321	0.08938321	0.333333343	0.333333343	None
  5.566667	0.159408033	-0.06808884	-0.06808884	0.333333343	0.333333343	None
  5.63333368	0.149415	-0.185289636	-0.185289636	0.333333343	0.333333343	None
  5.666667	0.142327577	-0.118302971	-0.118302971	0.333333343	0.333333343	None
  5.73333359	0.142857909	0.08110516	0.08110516	0.333333343	0.333333343	None
  5.866667	0.16229561	0.077662766	0.077662766	0.333333343	0.333333343	None
  5.933334	0.1633626	-0.007047675	-0.007047675	0.333333343	0.333333343	None
  6.00000048	0.160167754	-0.107260972	-0.107260972	0.333333343	0.333333343	None
  6.066667	0.155043378	0.112036645	0.112036645	0.333333343	0.333333343	None
  6.10000038	0.163488612	0.532339454	0.532339454	0.333333343	0.333333343	None
  6.13333368	0.19053264	1.10189581	1.10189581	0.333333343	0.333333343	None
  6.20000029	0.275159359	0.579381168	0.579381168	0.333333343	0.333333343	None
  6.3	0.22907263	-0.5606077	-0.5606077	0.333333343	0.333333343	None
  6.33333349	0.217001647	-0.313551426	-0.313551426	0.333333343	0.333333343	None
  6.40000057	0.205074772	0.0492643937	0.0492643937	0.333333343	0.333333343	None
  6.433334	0.211453468	0.4790995	0.4790995	0.333333343	0.333333343	None
  6.466667	0.237014711	0.6843475	0.6843475	0.333333343	0.333333343	None
  6.533334	0.2660543	0.159383282	0.159383282	0.333333343	0.333333343	None
  6.70000029	0.2336269	-0.2581452	-0.2581452	0.333333343	0.333333343	None
  6.866667	0.2084612	-0.124180406	-0.124180406	0.333333343	0.333333343	None
  7.00000048	0.197865754	0.0693193	0.0693193	0.333333343	0.333333343	None
  7.10000038	0.207682267	0.03399524	0.03399524	0.333333343	0.333333343	None
  7.3	0.200354964	-0.0110880388	-0.0110880388	0.333333343	0.333333343	None
  7.466667	0.198001519	-0.0584686324	-0.0584686324	0.333333343	0.333333343	None
  7.70000029	0.185105518	-0.02433101	-0.02433101	0.333333343	0.333333343	None
  7.90000057	0.176521987	-0.109405622	-0.109405622	0.333333343	0.333333343	None
  7.966667	0.1651293	-0.204309464	-0.204309464	0.333333343	0.333333343	None
  8.066668	0.1606028	0.236089438	0.236089438	0.333333343	0.333333343	None
  8.166667	0.20260033	0.477703661	0.477703661	0.333333343	0.333333343	None
  8.200001	0.218015388	0.336076617	0.336076617	0.333333343	0.333333343	None
  8.266667	0.229932055	0.09243582	0.09243582	0.333333343	0.333333343	None
  8.400001	0.228721291	-0.0389504433	-0.0389504433	0.333333343	0.333333343	None
  8.633334	0.212280661	0.008614387	0.008614387	0.333333343	0.333333343	None
  8.766667	0.209371969	-0.08226639	-0.08226639	0.333333343	0.333333343	None
  8.966667	0.191847354	0.008420692	0.008420692	0.333333343	0.333333343	None
  9.233334	0.204937473	-0.0204344466	-0.0204344466	0.333333343	0.333333343	None
  9.400001	0.201181829	-0.008330933	-0.008330933	0.333333343	0.333333343	None
  9.433333	0.200422481	0.09601947	0.09601947	0.333333343	0.333333343	None
  9.466667	0.207583234	0.168646783	0.168646783	0.333333343	0.333333343	None
  9.533334	0.217912912	0.1813035	0.1813035	0.333333343	0.333333343	None
  9.766667	0.2643837	0.152571976	0.152571976	0.333333343	0.333333343	None
  9.866667	0.2841013	0.253942758	0.253942758	0.333333343	0.333333343	None
  9.966667	0.303563148	0.0891058147	0.0891058147	0.333333343	0.333333343	None
  10.0333338	0.3087955	0.118647508	0.118647508	0.333333343	0.333333343	None
  10.2000008	0.311303	0	0	0.333333343	0.333333343	None
FLOAT UnityEngine.Animator||Left Shoulder Down-Up discrete=False keys=179 pre=ClampForever post=ClampForever
  0	0.1406452	-0.14373599	-0.14373599	0.333333343	0.333333343	None
  0.06666667	0.1297081	-0.197250858	-0.197250858	0.333333343	0.333333343	None
  0.13333334	0.117532961	-0.14234966	-0.14234966	0.333333343	0.333333343	None
  0.3	0.0954657644	-0.14567	-0.14567	0.333333343	0.333333343	None
  0.366666675	0.08623287	-0.134091839	-0.134091839	0.333333343	0.333333343	None
  0.5	0.0631529838	-0.190588385	-0.190588385	0.333333343	0.333333343	None
  0.6666667	0.0281977672	-0.194668442	-0.194668442	0.333333343	0.333333343	None
  0.700000048	0.0220179074	-0.204917058	-0.204917058	0.333333343	0.333333343	None
  0.733333349	0.0145366322	-0.22780861	-0.22780861	0.333333343	0.333333343	None
  0.7666667	0.00683066761	-0.2512461	-0.2512461	0.333333343	0.333333343	None
  0.8000001	-0.00221312069	-0.3846053	-0.3846053	0.333333343	0.333333343	None
  0.8333334	-0.0188096762	-0.498203039	-0.498203039	0.333333343	0.333333343	None
  0.866666734	-0.0354266539	-0.5160388	-0.5160388	0.333333343	0.333333343	None
  0.9666667	-0.08928285	-0.5491979	-0.5491979	0.333333343	0.333333343	None
  1.13333344	-0.180984482	-0.512789369	-0.512789369	0.333333343	0.333333343	None
  1.23333335	-0.2292725	-0.456858516	-0.456858516	0.333333343	0.333333343	None
  1.33333337	-0.265761375	-0.371529341	-0.371529341	0.333333343	0.333333343	None
  1.4000001	-0.3014571	-0.761856258	-0.761856258	0.333333343	0.333333343	None
  1.4666667	-0.355996877	-0.661237	-0.661237	0.333333343	0.333333343	None
  1.50000012	-0.3749595	-0.6652304	-0.6652304	0.333333343	0.333333343	None
  1.56666672	-0.406700134	0.328729	0.328729	0.333333343	0.333333343	None
  1.60000014	-0.378430247	1.214242	1.214242	0.333333343	0.333333343	None
  1.63333344	-0.325750649	2.54803276	2.54803276	0.333333343	0.333333343	None
  1.66666675	-0.208561569	4.800523	4.800523	0.333333343	0.333333343	None
  1.7	-0.00571611058	4.904999	4.904999	0.333333343	0.333333343	None
  1.73333347	0.1184385	3.55620551	3.55620551	0.333333343	0.333333343	None
  1.76666677	0.231364474	2.93247247	2.93247247	0.333333343	0.333333343	None
  1.80000007	0.313936472	1.91456413	1.91456413	0.333333343	0.333333343	None
  1.83333337	0.359001964	0.9151268	0.9151268	0.333333343	0.333333343	None
  1.86666679	0.374944925	-0.15259546	-0.15259546	0.333333343	0.333333343	None
  1.9333334	0.317893833	-0.5877776	-0.5877776	0.333333343	0.333333343	None
  1.96666682	0.309643835	-0.3124014	-0.3124014	0.333333343	0.333333343	None
  2	0.2970671	-0.5700935	-0.5700935	0.333333343	0.333333343	None
  2.03333354	0.2716375	-0.71679616	-0.71679616	0.333333343	0.333333343	None
  2.06666684	0.249280557	-0.575421333	-0.575421333	0.333333343	0.333333343	None
  2.10000014	0.233276114	-0.730994046	-0.730994046	0.333333343	0.333333343	None
  2.13333344	0.200547665	-1.12407064	-1.12407064	0.333333343	0.333333343	None
  2.2	0.122945853	-0.720043361	-0.720043361	0.333333343	0.333333343	None
  2.23333335	0.1103353	-0.177003145	-0.177003145	0.333333343	0.333333343	None
  2.266667	0.11114566	0.16315493	0.16315493	0.333333343	0.333333343	None
  2.30000019	0.121212289	0.4767327	0.4767327	0.333333343	0.333333343	None
  2.36666679	0.166002572	0.5956624	0.5956624	0.333333343	0.333333343	None
  2.4	0.1826386	0.377545655	0.377545655	0.333333343	0.333333343	None
  2.4666667	0.197445184	0.128090784	0.128090784	0.333333343	0.333333343	None
  2.56666684	0.201271519	0.05423052	0.05423052	0.333333343	0.333333343	None
  2.86666679	0.194547668	-0.01217523	-0.01217523	0.333333343	0.333333343	None
  2.9333334	0.19422695	-0.0164633784	-0.0164633784	0.333333343	0.333333343	None
  2.966667	0.19388935	-0.12260408	-0.12260408	0.333333343	0.333333343	None
  3.00000024	0.186053351	-0.1997928	-0.1997928	0.333333343	0.333333343	None
  3.06666684	0.17568	-0.1865961	-0.1865961	0.333333343	0.333333343	None
  3.10000014	0.168130115	-0.1486314	-0.1486314	0.333333343	0.333333343	None
  3.13333344	0.165771246	-0.09249383	-0.09249383	0.333333343	0.333333343	None
  3.20000029	0.15746	-0.100850448	-0.100850448	0.333333343	0.333333343	None
  3.4	0.1395937	-0.144647866	-0.144647866	0.333333343	0.333333343	None
  3.4333334	0.134706721	-0.167731866	-0.167731866	0.333333343	0.333333343	None
  3.466667	0.128411546	-0.38996774	-0.38996774	0.333333343	0.333333343	None
  3.50000024	0.108708851	-0.5999791	-0.5999791	0.333333343	0.333333343	None
  3.56666684	0.070603475	-0.4701684	-0.4701684	0.333333343	0.333333343	None
  3.60000014	0.05706845	-0.3699038	-0.3699038	0.333333343	0.333333343	None
  3.63333344	0.0459432453	-0.262266248	-0.262266248	0.333333343	0.333333343	None
  3.66666675	0.0395840481	-0.161851153	-0.161851153	0.333333343	0.333333343	None
  3.70000029	0.0351531468	-0.109139442	-0.109139442	0.333333343	0.333333343	None
  3.73333359	0.03230806	-0.00994933	-0.00994933	0.333333343	0.333333343	None
  3.766667	0.03448986	0.162302911	0.162302911	0.333333343	0.333333343	None
  3.80000019	0.0431282446	0.313366473	0.313366473	0.333333343	0.333333343	None
  3.86666679	0.06657173	0.2662414	0.2662414	0.333333343	0.333333343	None
  3.9	0.07313035	0.09823991	0.09823991	0.333333343	0.333333343	None
  3.966667	0.06908203	-0.107416987	-0.107416987	0.333333343	0.333333343	None
  4	0.0659599453	-0.07585018	-0.07585018	0.333333343	0.333333343	None
  4.033334	0.06402535	0.0411160365	0.0411160365	0.333333343	0.333333343	None
  4.10000038	0.07752911	0.273251	0.273251	0.333333343	0.333333343	None
  4.166667	0.09835683	0.348093152	0.348093152	0.333333343	0.333333343	None
  4.20000029	0.110123888	0.357233047	0.357233047	0.333333343	0.333333343	None
  4.23333359	0.122172341	0.279571623	0.279571623	0.333333343	0.333333343	None
  4.3	0.132040083	0.124702275	0.124702275	0.333333343	0.333333343	None
  4.366667	0.1389483	-0.0525438525	-0.0525438525	0.333333343	0.333333343	None
  4.4333334	0.126650184	-0.195443362	-0.195443362	0.333333343	0.333333343	None
  4.5	0.114782259	-0.192479461	-0.192479461	0.333333343	0.333333343	None
  4.60000038	0.0997949839	-0.0137708094	-0.0137708094	0.333333343	0.333333343	None
  4.73333359	0.114490069	0.07139745	0.07139745	0.333333343	0.333333343	None
  4.766667	0.115537748	-0.0619456768	-0.0619456768	0.333333343	0.333333343	None
  4.83333349	0.103897624	-0.170431852	-0.170431852	0.333333343	0.333333343	None
  4.9	0.09608388	-0.08631558	-0.08631558	0.333333343	0.333333343	None
  4.9333334	0.09324388	-0.2704722	-0.2704722	0.333333343	0.333333343	None
  4.9666667	0.07805242	-0.663181663	-0.663181663	0.333333343	0.333333343	None
  5.00000048	0.0490314	-0.628577352	-0.628577352	0.333333343	0.333333343	None
  5.033334	0.0361468829	-0.267979443	-0.267979443	0.333333343	0.333333343	None
  5.066667	0.03116612	0.00162726641	0.00162726641	0.333333343	0.333333343	None
  5.10000038	0.0362553671	0.012055397	0.012055397	0.333333343	0.333333343	None
  5.13333368	0.03196981	-0.159380049	-0.159380049	0.333333343	0.333333343	None
  5.166667	0.02563004	-0.207260713	-0.207260713	0.333333343	0.333333343	None
  5.20000029	0.0181524437	-0.151676	-0.151676	0.333333343	0.333333343	None
  5.23333359	0.0155183161	-0.0662111938	-0.0662111938	0.333333343	0.333333343	None
  5.266667	0.0137383686	0.013695471	0.013695471	0.333333343	0.333333343	None
  5.3	0.0164313465	0.142600462	0.142600462	0.333333343	0.333333343	None
  5.33333349	0.0232450571	0.227891535	0.227891535	0.333333343	0.333333343	None
  5.4	0.0400019363	0.230786026	0.230786026	0.333333343	0.333333343	None
  5.466667	0.0543235578	0.2695734	0.2695734	0.333333343	0.333333343	None
  5.566667	0.08630157	0.199835479	0.199835479	0.333333343	0.333333343	None
  5.60000038	0.09041822	0.03332793	0.03332793	0.333333343	0.333333343	None
  5.63333368	0.08852343	-0.03710013	-0.03710013	0.333333343	0.333333343	None
  5.666667	0.08794488	-0.08071199	-0.08071199	0.333333343	0.333333343	None
  5.70000029	0.08314264	-0.172167137	-0.172167137	0.333333343	0.333333343	None
  5.766667	0.07565627	0.1430676	0.1430676	0.333333343	0.333333343	None
  5.866667	0.117062904	0.3767974	0.3767974	0.333333343	0.333333343	None
  5.9	0.127429828	0.303461164	0.303461164	0.333333343	0.333333343	None
  5.966667	0.142181829	0.0199909657	0.0199909657	0.333333343	0.333333343	None
  6.00000048	0.1386265	0.03679324	0.03679324	0.333333343	0.333333343	None
  6.066667	0.1444777	-0.330061674	-0.330061674	0.333333343	0.333333343	None
  6.10000038	0.122630619	-0.913344443	-0.913344443	0.333333343	0.333333343	None
  6.13333368	0.08358812	-1.15890515	-1.15890515	0.333333343	0.333333343	None
  6.166667	0.0453703478	-0.6455498	-0.6455498	0.333333343	0.333333343	None
  6.20000029	0.04055151	-0.007475324	-0.007475324	0.333333343	0.333333343	None
  6.23333359	0.0448719934	0.269639671	0.269639671	0.333333343	0.333333343	None
  6.266667	0.05852747	0.445997477	0.445997477	0.333333343	0.333333343	None
  6.3	0.07460513	0.512191653	0.512191653	0.333333343	0.333333343	None
  6.33333349	0.09267355	0.4606886	0.4606886	0.333333343	0.333333343	None
  6.40000057	0.1094619	-0.0763744	-0.0763744	0.333333343	0.333333343	None
  6.433334	0.100226112	-0.328909546	-0.328909546	0.333333343	0.333333343	None
  6.466667	0.08753462	-0.2446442	-0.2446442	0.333333343	0.333333343	None
  6.50000048	0.0839165151	0.0339013636	0.0339013636	0.333333343	0.333333343	None
  6.566667	0.099141486	0.253841251	0.253841251	0.333333343	0.333333343	None
  6.70000029	0.120714471	0.159214288	0.159214288	0.333333343	0.333333343	None
  6.8	0.135693669	0.142549261	0.142549261	0.333333343	0.333333343	None
  6.83333349	0.140623257	0.153817892	0.153817892	0.333333343	0.333333343	None
  6.866667	0.145948187	0.317430079	0.317430079	0.333333343	0.333333343	None
  6.90000057	0.161785468	0.2926337	0.2926337	0.333333343	0.333333343	None
  6.966667	0.154573411	-0.522395968	-0.522395968	0.333333343	0.333333343	None
  7.00000048	0.13063094	-0.619005	-0.619005	0.333333343	0.333333343	None
  7.066667	0.100881249	-0.264324	-0.264324	0.333333343	0.333333343	None
  7.10000038	0.09568486	-0.191397816	-0.191397816	0.333333343	0.333333343	None
  7.166667	0.07915507	-0.2962982	-0.2962982	0.333333343	0.333333343	None
  7.20000029	0.06836821	-0.285916328	-0.285916328	0.333333343	0.333333343	None
  7.23333359	0.0600940026	-0.22334893	-0.22334893	0.333333343	0.333333343	None
  7.266667	0.0534782968	-0.138230562	-0.138230562	0.333333343	0.333333343	None
  7.36666727	0.05310508	0.087324664	0.087324664	0.333333343	0.333333343	None
  7.40000057	0.0566624478	0.136926562	0.136926562	0.333333343	0.333333343	None
  7.433334	0.0622335076	0.138763875	0.138763875	0.333333343	0.333333343	None
  7.466667	0.0659133643	0.12029741	0.12029741	0.333333343	0.333333343	None
  7.566667	0.07586249	0.0501183532	0.0501183532	0.333333343	0.333333343	None
  7.60000038	0.0768759251	0.04390356	0.04390356	0.333333343	0.333333343	None
  7.63333368	0.07878939	0.03917236	0.03917236	0.333333343	0.333333343	None
  7.73333359	0.08172883	0.03731426	0.03731426	0.333333343	0.333333343	None
  7.833334	0.08675712	0.07525131	0.07525131	0.333333343	0.333333343	None
  7.86666727	0.08954507	0.183440372	0.183440372	0.333333343	0.333333343	None
  7.90000057	0.09898647	0.188267231	0.188267231	0.333333343	0.333333343	None
  7.933334	0.102096207	0.148008466	0.148008466	0.333333343	0.333333343	None
  7.966667	0.10885369	0.2784923	0.2784923	0.333333343	0.333333343	None
  8	0.120662175	0.885287046	0.885287046	0.333333343	0.333333343	None
  8.033334	0.167873278	1.30694008	1.30694008	0.333333343	0.333333343	None
  8.066668	0.207792684	0.781084657	0.781084657	0.333333343	0.333333343	None
  8.1	0.219945937	0.1890725	0.1890725	0.333333343	0.333333343	None
  8.233334	0.207915932	0.03681369	0.03681369	0.333333343	0.333333343	None
  8.333334	0.236213446	0.2715322	0.2715322	0.333333343	0.333333343	None
  8.566668	0.231397539	-0.308424532	-0.308424532	0.333333343	0.333333343	None
  8.6	0.21924375	-0.4751437	-0.4751437	0.333333343	0.333333343	None
  8.633334	0.199721217	-0.401118279	-0.401118279	0.333333343	0.333333343	None
  8.700001	0.192160547	-0.004971627	-0.004971627	0.333333343	0.333333343	None
  8.733334	0.192170933	0.0476532839	0.0476532839	0.333333343	0.333333343	None
  8.8	0.194325283	-0.141012788	-0.141012788	0.333333343	0.333333343	None
  8.866667	0.175069183	-0.3253337	-0.3253337	0.333333343	0.333333343	None
  8.933333	0.150177374	-0.429245174	-0.429245174	0.333333343	0.333333343	None
  8.966667	0.135631308	-0.338926882	-0.338926882	0.333333343	0.333333343	None
  9.133334	0.120939337	-0.08936015	-0.08936015	0.333333343	0.333333343	None
  9.3	0.08515328	-0.207299411	-0.207299411	0.333333343	0.333333343	None
  9.366667	0.0761767551	-0.0102468934	-0.0102468934	0.333333343	0.333333343	None
  9.466667	0.08919531	0.186150759	0.186150759	0.333333343	0.333333343	None
  9.566668	0.107675962	0.1750425	0.1750425	0.333333343	0.333333343	None
  9.633334	0.117314421	0.09272891	0.09272891	0.333333343	0.333333343	None
  9.733334	0.120350622	-0.06331794	-0.06331794	0.333333343	0.333333343	None
  9.766667	0.116885722	-0.0522039272	-0.0522039272	0.333333343	0.333333343	None
  9.833334	0.116670832	-0.0458722	-0.0458722	0.333333343	0.333333343	None
  9.933333	0.112205371	0.06384697	0.06384697	0.333333343	0.333333343	None
  9.966667	0.116031781	0.08624941	0.08624941	0.333333343	0.333333343	None
  10.0333338	0.1198182	0.1017002	0.1017002	0.333333343	0.333333343	None
  10.1	0.129692748	0.154310673	0.154310673	0.333333343	0.333333343	None
  10.1333342	0.135022834	0.164249316	0.164249316	0.333333343	0.333333343	None
  10.166667	0.140642688	0.084299095	0.084299095	0.333333343	0.333333343	None
  10.2000008	0.140642688	0	0	0.333333343	0.333333343	None
FLOAT UnityEngine.Animator||Left Shoulder Front-Back discrete=False keys=222 pre=ClampForever post=ClampForever
  0	-0.344309628	-0.220504388	-0.220504388	0.333333343	0.333333343	None
  0.100000009	-0.3615705	-0.0142460968	-0.0142460968	0.333333343	0.333333343	None
  0.200000018	-0.354700953	0.104947686	0.104947686	0.333333343	0.333333343	None
  0.366666675	-0.2996671	0.6243259	0.6243259	0.333333343	0.333333343	None
  0.5	-0.212002814	0.505449831	0.505449831	0.333333343	0.333333343	None
  0.6	-0.165108144	0.488137245	0.488137245	0.333333343	0.333333343	None
  0.6666667	-0.135350287	0.358865768	0.358865768	0.333333343	0.333333343	None
  0.733333349	-0.113814428	0.3685478	0.3685478	0.333333343	0.333333343	None
  0.8000001	-0.0841698945	0.528503	0.528503	0.333333343	0.333333343	None
  0.866666734	-0.0449467972	0.5717524	0.5717524	0.333333343	0.333333343	None
  0.900000036	-0.0270229857	0.4949051	0.4949051	0.333333343	0.333333343	None
  0.9333334	-0.0119531266	0.428347051	0.428347051	0.333333343	0.333333343	None
  0.9666667	0.0015334849	0.413083941	0.413083941	0.333333343	0.333333343	None
  1	0.0155857764	0.456189156	0.456189156	0.333333343	0.333333343	None
  1.06666672	0.04895483	0.481384635	0.481384635	0.333333343	0.333333343	None
  1.1	0.0640384	0.4362765	0.4362765	0.333333343	0.333333343	None
  1.13333344	0.07803995	0.485438883	0.485438883	0.333333343	0.333333343	None
  1.16666675	0.09640101	0.4909623	0.4909623	0.333333343	0.333333343	None
  1.26666677	0.135774031	0.426766425	0.426766425	0.333333343	0.333333343	None
  1.33333337	0.163766578	0.347904861	0.347904861	0.333333343	0.333333343	None
  1.4000001	0.171756342	-0.38771078	-0.38771078	0.333333343	0.333333343	None
  1.4333334	0.148269847	-1.27455008	-1.27455008	0.333333343	0.333333343	None
  1.4666667	0.08678642	-1.88225055	-1.88225055	0.333333343	0.333333343	None
  1.50000012	0.0227863714	-2.05880117	-2.05880117	0.333333343	0.333333343	None
  1.53333342	-0.0504670963	-2.236342	-2.236342	0.333333343	0.333333343	None
  1.56666672	-0.126302943	-2.42647171	-2.42647171	0.333333343	0.333333343	None
  1.60000014	-0.212232023	-3.02512026	-3.02512026	0.333333343	0.333333343	None
  1.63333344	-0.327977747	-3.47655344	-3.47655344	0.333333343	0.333333343	None
  1.66666675	-0.444002032	-1.76658237	-1.76658237	0.333333343	0.333333343	None
  1.7	-0.4457498	0.780113459	0.780113459	0.333333343	0.333333343	None
  1.73333347	-0.391994327	2.71278429	2.71278429	0.333333343	0.333333343	None
  1.76666677	-0.2648975	4.29596043	4.29596043	0.333333343	0.333333343	None
  1.80000007	-0.10559725	5.018811	5.018811	0.333333343	0.333333343	None
  1.83333337	0.0696895942	5.158389	5.158389	0.333333343	0.333333343	None
  1.86666679	0.238295645	4.80482769	4.80482769	0.333333343	0.333333343	None
  1.9000001	0.390011728	3.62248015	3.62248015	0.333333343	0.333333343	None
  1.96666682	0.5381425	1.55093527	1.55093527	0.333333343	0.333333343	None
  2.03333354	0.593220949	-0.395008624	-0.395008624	0.333333343	0.333333343	None
  2.10000014	0.477774978	-2.74679828	-2.74679828	0.333333343	0.333333343	None
  2.13333344	0.3737362	-2.94287682	-2.94287682	0.333333343	0.333333343	None
  2.16666675	0.281583369	-2.46247578	-2.46247578	0.333333343	0.333333343	None
  2.2	0.2095713	-2.15359163	-2.15359163	0.333333343	0.333333343	None
  2.23333335	0.13801074	-1.84590185	-1.84590185	0.333333343	0.333333343	None
  2.266667	0.08651093	-1.22833133	-1.22833133	0.333333343	0.333333343	None
  2.30000019	0.0561216958	-1.09263945	-1.09263945	0.333333343	0.333333343	None
  2.33333349	0.0136683611	-1.16196954	-1.16196954	0.333333343	0.333333343	None
  2.36666679	-0.0213428717	-0.7249004	-0.7249004	0.333333343	0.333333343	None
  2.4	-0.03465829	-0.444069982	-0.444069982	0.333333343	0.333333343	None
  2.4333334	-0.05094751	-0.534921646	-0.534921646	0.333333343	0.333333343	None
  2.4666667	-0.0703197	-0.5662285	-0.5662285	0.333333343	0.333333343	None
  2.50000024	-0.0886961743	-0.3738554	-0.3738554	0.333333343	0.333333343	None
  2.53333354	-0.0952435	-0.238625631	-0.238625631	0.333333343	0.333333343	None
  2.56666684	-0.104604535	-0.3479176	-0.3479176	0.333333343	0.333333343	None
  2.60000014	-0.118437983	-0.373883426	-0.373883426	0.333333343	0.333333343	None
  2.66666675	-0.136698157	-0.175857186	-0.175857186	0.333333343	0.333333343	None
  2.73333359	-0.146299765	-0.192870811	-0.192870811	0.333333343	0.333333343	None
  2.80000019	-0.161454752	-0.164710134	-0.164710134	0.333333343	0.333333343	None
  2.9	-0.173633784	-0.194979787	-0.194979787	0.333333343	0.333333343	None
  2.9333334	-0.182046518	-0.08834852	-0.08834852	0.333333343	0.333333343	None
  2.966667	-0.179523662	0.0169640463	0.0169640463	0.333333343	0.333333343	None
  3.00000024	-0.180915564	0.04253518	0.04253518	0.333333343	0.333333343	None
  3.06666684	-0.169888675	0.260969579	0.260969579	0.333333343	0.333333343	None
  3.10000014	-0.159290031	0.289270937	0.289270937	0.333333343	0.333333343	None
  3.16666675	-0.140603691	0.368744433	0.368744433	0.333333343	0.333333343	None
  3.23333359	-0.11124184	0.448767662	0.448767662	0.333333343	0.333333343	None
  3.30000019	-0.080688864	0.4611515	0.4611515	0.333333343	0.333333343	None
  3.33333349	-0.0653597042	0.4853877	0.4853877	0.333333343	0.333333343	None
  3.36666679	-0.0483297147	0.4598561	0.4598561	0.333333343	0.333333343	None
  3.4	-0.0347026624	0.3581071	0.3581071	0.333333343	0.333333343	None
  3.4333334	-0.024455931	0.362443238	0.362443238	0.333333343	0.333333343	None
  3.466667	-0.0105397031	0.005311802	0.005311802	0.333333343	0.333333343	None
  3.50000024	-0.0241017118	-0.0353395343	-0.0353395343	0.333333343	0.333333343	None
  3.53333354	-0.01289567	0.568318248	0.568318248	0.333333343	0.333333343	None
  3.56666684	0.0137861343	0.91265434	0.91265434	0.333333343	0.333333343	None
  3.60000014	0.0479478948	0.907280266	0.907280266	0.333333343	0.333333343	None
  3.63333344	0.0742714256	0.5399178	0.5399178	0.333333343	0.333333343	None
  3.70000029	0.08801585	0.191584349	0.191584349	0.333333343	0.333333343	None
  3.766667	0.103970461	0.156492963	0.156492963	0.333333343	0.333333343	None
  3.80000019	0.107147545	0.185220122	0.185220122	0.333333343	0.333333343	None
  3.83333349	0.116318457	0.422184348	0.422184348	0.333333343	0.333333343	None
  3.9	0.153391853	0.319286764	0.319286764	0.333333343	0.333333343	None
  3.93333364	0.156578928	-0.198613644	-0.198613644	0.333333343	0.333333343	None
  3.966667	0.140150979	-0.487810731	-0.487810731	0.333333343	0.333333343	None
  4	0.124058358	-0.438472569	-0.438472569	0.333333343	0.333333343	None
  4.033334	0.110919431	-0.8734901	-0.8734901	0.333333343	0.333333343	None
  4.066667	0.06582555	-1.45975	-1.45975	0.333333343	0.333333343	None
  4.10000038	0.013602851	-1.29358637	-1.29358637	0.333333343	0.333333343	None
  4.13333368	-0.0204134583	-0.9014777	-0.9014777	0.333333343	0.333333343	None
  4.166667	-0.0464956	-0.4598141	-0.4598141	0.333333343	0.333333343	None
  4.20000029	-0.0510677025	-0.175782472	-0.175782472	0.333333343	0.333333343	None
  4.23333359	-0.0582144223	0.0134969428	0.0134969428	0.333333343	0.333333343	None
  4.266667	-0.050167907	0.140567213	0.140567213	0.333333343	0.333333343	None
  4.3	-0.0488432832	0.09854065	0.09854065	0.333333343	0.333333343	None
  4.366667	-0.0345097147	0.3151847	0.3151847	0.333333343	0.333333343	None
  4.4	-0.0225862432	0.329018831	0.329018831	0.333333343	0.333333343	None
  4.4333334	-0.0125751477	0.357893974	0.357893974	0.333333343	0.333333343	None
  4.4666667	0.0012733331	0.3858221	0.3858221	0.333333343	0.333333343	None
  4.5	0.0131463008	0.3884844	0.3884844	0.333333343	0.333333343	None
  4.533334	0.0271724686	0.396288633	0.396288633	0.333333343	0.333333343	None
  4.566667	0.03956572	0.279588163	0.279588163	0.333333343	0.333333343	None
  4.60000038	0.04581166	0.0786851943	0.0786851943	0.333333343	0.333333343	None
  4.63333368	0.0448113941	-0.03200929	-0.03200929	0.333333343	0.333333343	None
  4.666667	0.04367771	-0.07864166	-0.07864166	0.333333343	0.333333343	None
  4.73333359	0.0337951258	-0.168776482	-0.168776482	0.333333343	0.333333343	None
  4.766667	0.0283168666	-0.0700587258	-0.0700587258	0.333333343	0.333333343	None
  4.83333349	0.03330301	0.131620556	0.131620556	0.333333343	0.333333343	None
  4.866667	0.0378992446	0.242918223	0.242918223	0.333333343	0.333333343	None
  4.9	0.0494975448	0.3250937	0.3250937	0.333333343	0.333333343	None
  4.9666667	0.07445236	0.628424168	0.628424168	0.333333343	0.333333343	None
  5.00000048	0.101467431	1.14089227	1.14089227	0.333333343	0.333333343	None
  5.033334	0.150512159	1.64581513	1.64581513	0.333333343	0.333333343	None
  5.10000038	0.264282078	1.141067	1.141067	0.333333343	0.333333343	None
  5.13333368	0.2872594	0.15066117	0.15066117	0.333333343	0.333333343	None
  5.166667	0.274326146	-0.456574976	-0.456574976	0.333333343	0.333333343	None
  5.20000029	0.2568211	-0.398768634	-0.398768634	0.333333343	0.333333343	None
  5.266667	0.24656868	-0.06681032	-0.06681032	0.333333343	0.333333343	None
  5.3	0.243287578	-0.0473721065	-0.0473721065	0.333333343	0.333333343	None
  5.366667	0.2414389	-0.110078409	-0.110078409	0.333333343	0.333333343	None
  5.533334	0.216557726	0.115504526	0.115504526	0.333333343	0.333333343	None
  5.60000038	0.23524344	0.3737548	0.3737548	0.333333343	0.333333343	None
  5.63333368	0.249128267	-0.0570866168	-0.0570866168	0.333333343	0.333333343	None
  5.666667	0.231437668	-0.6718723	-0.6718723	0.333333343	0.333333343	None
  5.70000029	0.204336822	-0.9664051	-0.9664051	0.333333343	0.333333343	None
  5.73333359	0.167010725	-1.12287307	-1.12287307	0.333333343	0.333333343	None
  5.766667	0.1294787	-1.234812	-1.234812	0.333333343	0.333333343	None
  5.8	0.08469	-1.41634655	-1.41634655	0.333333343	0.333333343	None
  5.83333349	0.0350556746	-1.254354	-1.254354	0.333333343	0.333333343	None
  5.866667	0.00106647273	-0.6394987	-0.6394987	0.333333343	0.333333343	None
  5.9	-0.007577531	-0.462908328	-0.462908328	0.333333343	0.333333343	None
  5.933334	-0.0297943726	-0.6261913	-0.6261913	0.333333343	0.333333343	None
  5.966667	-0.0493238978	-0.635275245	-0.635275245	0.333333343	0.333333343	None
  6.00000048	-0.07214601	-0.7434628	-0.7434628	0.333333343	0.333333343	None
  6.033334	-0.09888804	-0.511145353	-0.511145353	0.333333343	0.333333343	None
  6.10000038	-0.08024699	1.48953044	1.48953044	0.333333343	0.333333343	None
  6.13333368	-0.006920407	2.40202355	2.40202355	0.333333343	0.333333343	None
  6.166667	0.0798877552	1.38484693	1.38484693	0.333333343	0.333333343	None
  6.20000029	0.08540263	0.222610384	0.222610384	0.333333343	0.333333343	None
  6.23333359	0.09472843	-0.875668	-0.875668	0.333333343	0.333333343	None
  6.266667	0.0270248186	-1.96392822	-1.96392822	0.333333343	0.333333343	None
  6.3	-0.0361999869	-1.41568458	-1.41568458	0.333333343	0.333333343	None
  6.33333349	-0.06735406	-0.7138145	-0.7138145	0.333333343	0.333333343	None
  6.40000057	-0.0814934447	0.451783061	0.451783061	0.333333343	0.333333343	None
  6.433334	-0.0536687	0.8672582	0.8672582	0.333333343	0.333333343	None
  6.466667	-0.0236762855	0.9177841	0.9177841	0.333333343	0.333333343	None
  6.50000048	0.007516849	0.6984129	0.6984129	0.333333343	0.333333343	None
  6.533334	0.02288453	0.108486779	0.108486779	0.333333343	0.333333343	None
  6.566667	0.0147492941	-0.4834923	-0.4834923	0.333333343	0.333333343	None
  6.60000038	-0.00934826	-0.5138072	-0.5138072	0.333333343	0.333333343	None
  6.63333368	-0.0195044838	-0.0695902854	-0.0695902854	0.333333343	0.333333343	None
  6.666667	-0.0139876083	0.02790841	0.02790841	0.333333343	0.333333343	None
  6.70000029	-0.0176439248	-0.1700442	-0.1700442	0.333333343	0.333333343	None
  6.73333359	-0.0253238771	-0.249340892	-0.249340892	0.333333343	0.333333343	None
  6.766667	-0.0342666358	-0.172850117	-0.172850117	0.333333343	0.333333343	None
  6.8	-0.0368472077	-0.0149731673	-0.0149731673	0.333333343	0.333333343	None
  6.83333349	-0.0352648459	-0.123383686	-0.123383686	0.333333343	0.333333343	None
  6.866667	-0.04507278	-1.37119126	-1.37119126	0.333333343	0.333333343	None
  6.90000057	-0.126678675	-1.56191325	-1.56191325	0.333333343	0.333333343	None
  6.966667	-0.130024731	0.974809766	0.974809766	0.333333343	0.333333343	None
  7.00000048	-0.084214136	1.630722	1.630722	0.333333343	0.333333343	None
  7.033334	-0.0213100314	1.78788877	1.78788877	0.333333343	0.333333343	None
  7.066667	0.0349783376	1.58361483	1.58361483	0.333333343	0.333333343	None
  7.10000038	0.08426419	1.28523064	1.28523064	0.333333343	0.333333343	None
  7.166667	0.144507021	0.5891789	0.5891789	0.333333343	0.333333343	None
  7.20000029	0.159938857	0.449222624	0.449222624	0.333333343	0.333333343	None
  7.266667	0.184692755	0.20677951	0.20677951	0.333333343	0.333333343	None
  7.33333349	0.18864359	0.0249013826	0.0249013826	0.333333343	0.333333343	None
  7.433334	0.189830422	0.005098214	0.005098214	0.333333343	0.333333343	None
  7.50000048	0.186961308	-0.168251991	-0.168251991	0.333333343	0.333333343	None
  7.566667	0.1697608	-0.24098061	-0.24098061	0.333333343	0.333333343	None
  7.666667	0.150377	-0.122657537	-0.122657537	0.333333343	0.333333343	None
  7.70000029	0.146947041	-0.18085146	-0.18085146	0.333333343	0.333333343	None
  7.766667	0.129869312	-0.182620376	-0.182620376	0.333333343	0.333333343	None
  7.8	0.126145571	-0.0271238275	-0.0271238275	0.333333343	0.333333343	None
  7.86666727	0.128589645	-0.09044708	-0.09044708	0.333333343	0.333333343	None
  7.90000057	0.122031286	-0.6660269	-0.6660269	0.333333343	0.333333343	None
  7.933334	0.0841878951	-2.36882567	-2.36882567	0.333333343	0.333333343	None
  7.966667	-0.0358902737	-3.96688461	-3.96688461	0.333333343	0.333333343	None
  8	-0.180268764	-3.75840878	-3.75840878	0.333333343	0.333333343	None
  8.033334	-0.2864501	-1.90631521	-1.90631521	0.333333343	0.333333343	None
  8.066668	-0.307358146	0.06183529	0.06183529	0.333333343	0.333333343	None
  8.1	-0.2823284	0.3654957	0.3654957	0.333333343	0.333333343	None
  8.133334	-0.282992154	-0.628226042	-0.628226042	0.333333343	0.333333343	None
  8.166667	-0.3242095	-1.26291358	-1.26291358	0.333333343	0.333333343	None
  8.200001	-0.367186338	-1.05114722	-1.05114722	0.333333343	0.333333343	None
  8.3	-0.431504846	-0.622790337	-0.622790337	0.333333343	0.333333343	None
  8.400001	-0.473643482	0.06169717	0.06169717	0.333333343	0.333333343	None
  8.533334	-0.361871958	1.74672234	1.74672234	0.333333343	0.333333343	None
  8.6	-0.219509035	2.334594	2.334594	0.333333343	0.333333343	None
  8.633334	-0.138784945	2.28288364	2.28288364	0.333333343	0.333333343	None
  8.666667	-0.0673168153	1.918468	1.918468	0.333333343	0.333333343	None
  8.700001	-0.0108874151	1.36167979	1.36167979	0.333333343	0.333333343	None
  8.733334	0.0234620627	0.730631	0.730631	0.333333343	0.333333343	None
  8.766667	0.0378209874	0.260997862	0.260997862	0.333333343	0.333333343	None
  8.8	0.0408620648	-0.03200987	-0.03200987	0.333333343	0.333333343	None
  8.833334	0.03568688	-0.4039952	-0.4039952	0.333333343	0.333333343	None
  8.866667	0.0139293149	-0.6413244	-0.6413244	0.333333343	0.333333343	None
  8.900001	-0.0070680296	-0.6236733	-0.6236733	0.333333343	0.333333343	None
  8.933333	-0.027648868	-0.678001463	-0.678001463	0.333333343	0.333333343	None
  8.966667	-0.05226814	-0.657697439	-0.657697439	0.333333343	0.333333343	None
  9	-0.0714954	-0.3245425	-0.3245425	0.333333343	0.333333343	None
  9.033334	-0.0739040449	0.138652876	0.138652876	0.333333343	0.333333343	None
  9.066668	-0.06225175	0.465671241	0.465671241	0.333333343	0.333333343	None
  9.1	-0.0428594351	0.5142817	0.5142817	0.333333343	0.333333343	None
  9.133334	-0.0279664025	0.3139391	0.3139391	0.333333343	0.333333343	None
  9.166667	-0.0219300538	-0.0781439841	-0.0781439841	0.333333343	0.333333343	None
  9.200001	-0.0331762433	-0.5354654	-0.5354654	0.333333343	0.333333343	None
  9.233334	-0.0576275252	-0.8860756	-0.8860756	0.333333343	0.333333343	None
  9.3	-0.130225241	-1.09506512	-1.09506512	0.333333343	0.333333343	None
  9.333334	-0.165252268	-1.0526464	-1.0526464	0.333333343	0.333333343	None
  9.366667	-0.2004016	-0.9435189	-0.9435189	0.333333343	0.333333343	None
  9.433333	-0.25006476	-0.5763376	-0.5763376	0.333333343	0.333333343	None
  9.466667	-0.266575754	-0.5546359	-0.5546359	0.333333343	0.333333343	None
  9.6	-0.344831228	-0.4334476	-0.4334476	0.333333343	0.333333343	None
  9.766667	-0.3913292	-0.1767694	-0.1767694	0.333333343	0.333333343	None
  9.8	-0.398364335	-0.315406024	-0.315406024	0.333333343	0.333333343	None
  9.866667	-0.4157236	0.203799456	0.203799456	0.333333343	0.333333343	None
  9.933333	-0.381753027	0.299577	0.299577	0.333333343	0.333333343	None
  10.000001	-0.3766253	0.173442289	0.173442289	0.333333343	0.333333343	None
  10.0666676	-0.358097	0.209086835	0.209086835	0.333333343	0.333333343	None
  10.1333342	-0.350253373	0.134792924	0.134792924	0.333333343	0.333333343	None
  10.166667	-0.344309837	0.0891544148	0.0891544148	0.333333343	0.333333343	None
  10.2000008	-0.344309837	0	0	0.333333343	0.333333343	None
FLOAT UnityEngine.Animator||Left Toes Up-Down discrete=False keys=188 pre=ClampForever post=ClampForever
  0	-0.0588413067	0.00664316071	0.00664316071	0.333333343	0.333333343	None
  0.166666672	-0.05624307	0.030813098	0.030813098	0.333333343	0.333333343	None
  0.3	-0.04976381	0.07882616	0.07882616	0.333333343	0.333333343	None
  0.433333367	-0.0386714265	0.08222234	0.08222234	0.333333343	0.333333343	None
  0.533333361	-0.0305948034	0.07249438	0.07249438	0.333333343	0.333333343	None
  0.700000048	-0.0182583444	0.082802996	0.082802996	0.333333343	0.333333343	None
  0.866666734	-0.004115089	0.0825625062	0.0825625062	0.333333343	0.333333343	None
  0.900000036	-0.00140947837	0.0810759738	0.0810759738	0.333333343	0.333333343	None
  0.9333334	0.00128997571	0.08714642	0.08714642	0.333333343	0.333333343	None
  0.9666667	0.004400282	0.09291301	0.09291301	0.333333343	0.333333343	None
  1	0.00748417061	0.08745769	0.08745769	0.333333343	0.333333343	None
  1.06666672	0.01173386	0.01543371	0.01543371	0.333333343	0.333333343	None
  1.1	0.0112597123	-0.00326636084	-0.00326636084	0.333333343	0.333333343	None
  1.13333344	0.0115161035	0.0289924163	0.0289924163	0.333333343	0.333333343	None
  1.2	0.0152568966	0.0571429655	0.0571429655	0.333333343	0.333333343	None
  1.36666679	0.0225122049	0.0321768932	0.0321768932	0.333333343	0.333333343	None
  1.4000001	0.02346342	0.0110130217	0.0110130217	0.333333343	0.333333343	None
  1.4333334	0.0232464056	-0.122339688	-0.122339688	0.333333343	0.333333343	None
  1.4666667	0.0153074488	-0.339475632	-0.339475632	0.333333343	0.333333343	None
  1.50000012	0.000614664634	-0.4642059	-0.4642059	0.333333343	0.333333343	None
  1.53333342	-0.0156396329	-0.505066037	-0.505066037	0.333333343	0.333333343	None
  1.56666672	-0.0330563746	-0.50040853	-0.50040853	0.333333343	0.333333343	None
  1.60000014	-0.049000226	-0.3866224	-0.3866224	0.333333343	0.333333343	None
  1.63333344	-0.0588312335	-0.348485	-0.348485	0.333333343	0.333333343	None
  1.73333347	-0.1027898	-0.4199348	-0.4199348	0.333333343	0.333333343	None
  1.80000007	-0.126310647	-0.287599564	-0.287599564	0.333333343	0.333333343	None
  1.83333337	-0.134543449	-0.117840528	-0.117840528	0.333333343	0.333333343	None
  1.86666679	-0.134166673	0.0899097249	0.0899097249	0.333333343	0.333333343	None
  1.9000001	-0.128549471	0.1073287	0.1073287	0.333333343	0.333333343	None
  1.96666682	-0.13307187	-0.276969969	-0.276969969	0.333333343	0.333333343	None
  2	-0.145476058	-0.347958148	-0.347958148	0.333333343	0.333333343	None
  2.06666684	-0.166723847	-0.242974609	-0.242974609	0.333333343	0.333333343	None
  2.16666675	-0.163087666	0.383887053	0.383887053	0.333333343	0.333333343	None
  2.23333335	-0.124691874	0.713945031	0.713945031	0.333333343	0.333333343	None
  2.30000019	-0.0686731562	0.9098036	0.9098036	0.333333343	0.333333343	None
  2.33333349	-0.0377904736	0.812356949	0.812356949	0.333333343	0.333333343	None
  2.4	0.0009533124	0.3459678	0.3459678	0.333333343	0.333333343	None
  2.4333334	0.008548421	0.15623191	0.15623191	0.333333343	0.333333343	None
  2.4666667	0.0113687636	0.0673046261	0.0673046261	0.333333343	0.333333343	None
  2.50000024	0.0130354036	0.0317325369	0.0317325369	0.333333343	0.333333343	None
  2.53333354	0.0134842759	0.00713482266	0.00713482266	0.333333343	0.333333343	None
  2.56666684	0.0135110579	-0.00672902633	-0.00672902633	0.333333343	0.333333343	None
  2.60000014	0.0130356746	-0.0127089191	-0.0127089191	0.333333343	0.333333343	None
  2.63333344	0.0126637975	-0.0174609739	-0.0174609739	0.333333343	0.333333343	None
  2.73333359	0.0101209283	-0.0125587378	-0.0125587378	0.333333343	0.333333343	None
  2.766667	0.0099827	0.016097419	0.016097419	0.333333343	0.333333343	None
  2.80000019	0.0111940885	0.02342128	0.02342128	0.333333343	0.333333343	None
  2.83333349	0.0115441177	0.0171239935	0.0171239935	0.333333343	0.333333343	None
  2.9	0.013136575	0.0206842646	0.0206842646	0.333333343	0.333333343	None
  3.00000024	0.01425441	0.00738658756	0.00738658756	0.333333343	0.333333343	None
  3.06666684	0.0145599162	-0.00038737	-0.00038737	0.333333343	0.333333343	None
  3.10000014	0.0144396983	-0.01763068	-0.01763068	0.333333343	0.333333343	None
  3.13333344	0.0133845387	-0.0195879675	-0.0195879675	0.333333343	0.333333343	None
  3.20000029	0.0133634433	0.00175287039	0.00175287039	0.333333343	0.333333343	None
  3.266667	0.0128621	-0.0177888181	-0.0177888181	0.333333343	0.333333343	None
  3.30000019	0.0120647745	-0.01985095	-0.01985095	0.333333343	0.333333343	None
  3.33333349	0.0115387049	-0.0175667666	-0.0175667666	0.333333343	0.333333343	None
  3.4333334	0.009571164	-0.0216137953	-0.0216137953	0.333333343	0.333333343	None
  3.466667	0.008829604	-0.0470846146	-0.0470846146	0.333333343	0.333333343	None
  3.50000024	0.00643218728	-0.08081812	-0.08081812	0.333333343	0.333333343	None
  3.53333354	0.003441735	-0.08110951	-0.08110951	0.333333343	0.333333343	None
  3.56666684	0.00102489174	-0.06436065	-0.06436065	0.333333343	0.333333343	None
  3.60000014	-0.000848970958	-0.0517033339	-0.0517033339	0.333333343	0.333333343	None
  3.63333344	-0.00242199376	-0.03834027	-0.03834027	0.333333343	0.333333343	None
  3.66666675	-0.00340498658	-0.0319822729	-0.0319822729	0.333333343	0.333333343	None
  3.70000029	-0.00455415156	-0.0572522953	-0.0572522953	0.333333343	0.333333343	None
  3.73333359	-0.007221811	-0.06837759	-0.06837759	0.333333343	0.333333343	None
  3.766667	-0.009112653	-0.03545721	-0.03545721	0.333333343	0.333333343	None
  3.80000019	-0.009585623	-0.0162604041	-0.0162604041	0.333333343	0.333333343	None
  3.83333349	-0.0101966793	-0.03572443	-0.03572443	0.333333343	0.333333343	None
  3.86666679	-0.0119672492	-0.07631908	-0.07631908	0.333333343	0.333333343	None
  3.9	-0.0152846137	-0.184435517	-0.184435517	0.333333343	0.333333343	None
  3.93333364	-0.0242630038	-0.420466244	-0.420466244	0.333333343	0.333333343	None
  3.966667	-0.0433157347	-0.5451757	-0.5451757	0.333333343	0.333333343	None
  4	-0.06060789	-0.4547214	-0.4547214	0.333333343	0.333333343	None
  4.033334	-0.07363053	-0.370068	-0.370068	0.333333343	0.333333343	None
  4.066667	-0.0852792561	-0.121706352	-0.121706352	0.333333343	0.333333343	None
  4.10000038	-0.081744276	0.258708119	0.258708119	0.333333343	0.333333343	None
  4.13333368	-0.06803206	0.329762161	0.329762161	0.333333343	0.333333343	None
  4.166667	-0.0597601533	0.153428257	0.153428257	0.333333343	0.333333343	None
  4.23333359	-0.05827175	-0.00188587373	-0.00188587373	0.333333343	0.333333343	None
  4.3	-0.0572871342	0.0116685145	0.0116685145	0.333333343	0.333333343	None
  4.33333349	-0.0571513474	0.01779653	0.01779653	0.333333343	0.333333343	None
  4.366667	-0.0561007	0.173391625	0.173391625	0.333333343	0.333333343	None
  4.4	-0.0455919169	0.250828922	0.250828922	0.333333343	0.333333343	None
  4.4333334	-0.03937879	0.270631254	0.270631254	0.333333343	0.333333343	None
  4.4666667	-0.0275498517	0.4598992	0.4598992	0.333333343	0.333333343	None
  4.5	-0.00871887	0.496490121	0.496490121	0.333333343	0.333333343	None
  4.533334	0.005549665	0.3498181	0.3498181	0.333333343	0.333333343	None
  4.566667	0.0146025214	0.207953289	0.207953289	0.333333343	0.333333343	None
  4.63333368	0.02188822	0.06415339	0.06415339	0.333333343	0.333333343	None
  4.666667	0.0236900933	0.05956217	0.05956217	0.333333343	0.333333343	None
  4.70000029	0.0258590281	0.05907884	0.05907884	0.333333343	0.333333343	None
  4.766667	0.0296334568	0.0600605831	0.0600605831	0.333333343	0.333333343	None
  4.866667	0.0347511321	0.02897962	0.02897962	0.333333343	0.333333343	None
  4.9333334	0.0357468948	0.0338828154	0.0338828154	0.333333343	0.333333343	None
  5.00000048	0.04002228	0.067599684	0.067599684	0.333333343	0.333333343	None
  5.13333368	0.045794908	0.0148637546	0.0148637546	0.333333343	0.333333343	None
  5.23333359	0.04683339	0.0279951356	0.0279951356	0.333333343	0.333333343	None
  5.266667	0.048169218	0.0292451568	0.0292451568	0.333333343	0.333333343	None
  5.4	0.0509579256	0.0238472074	0.0238472074	0.333333343	0.333333343	None
  5.50000048	0.0525271371	-0.005570562	-0.005570562	0.333333343	0.333333343	None
  5.60000038	0.0507668369	-0.0292132515	-0.0292132515	0.333333343	0.333333343	None
  5.63333368	0.0496293753	-0.0655144155	-0.0655144155	0.333333343	0.333333343	None
  5.666667	0.0463992134	-0.0883562937	-0.0883562937	0.333333343	0.333333343	None
  5.766667	0.03830384	-0.0718487948	-0.0718487948	0.333333343	0.333333343	None
  5.83333349	0.03455164	-0.0499943569	-0.0499943569	0.333333343	0.333333343	None
  5.9	0.0316676535	-0.0197009221	-0.0197009221	0.333333343	0.333333343	None
  5.966667	0.0308803245	-0.04180593	-0.04180593	0.333333343	0.333333343	None
  6.033334	0.02446657	-0.153259	-0.153259	0.333333343	0.333333343	None
  6.066667	0.0185104329	-0.125757784	-0.125757784	0.333333343	0.333333343	None
  6.10000038	0.0160827264	-0.09379363	-0.09379363	0.333333343	0.333333343	None
  6.166667	0.008061196	-0.1204542	-0.1204542	0.333333343	0.333333343	None
  6.20000029	0.00422725827	-0.0748361051	-0.0748361051	0.333333343	0.333333343	None
  6.23333359	0.00307212654	-0.07438967	-0.07438967	0.333333343	0.333333343	None
  6.266667	-0.0007320479	-0.1542736	-0.1542736	0.333333343	0.333333343	None
  6.3	-0.00721276971	-0.162313074	-0.162313074	0.333333343	0.333333343	None
  6.33333349	-0.0115529085	-0.166794464	-0.166794464	0.333333343	0.333333343	None
  6.366667	-0.01833239	-0.174686715	-0.174686715	0.333333343	0.333333343	None
  6.40000057	-0.023198748	-0.157238916	-0.157238916	0.333333343	0.333333343	None
  6.433334	-0.0288150441	-0.178738579	-0.178738579	0.333333343	0.333333343	None
  6.466667	-0.0351146422	0.0351844132	0.0351844132	0.333333343	0.333333343	None
  6.50000048	-0.0264694188	0.294028282	0.294028282	0.333333343	0.333333343	None
  6.533334	-0.0155127766	0.297671676	0.297671676	0.333333343	0.333333343	None
  6.566667	-0.006624661	0.197867125	0.197867125	0.333333343	0.333333343	None
  6.60000038	-0.00232164748	0.122168824	0.122168824	0.333333343	0.333333343	None
  6.63333368	0.00151991914	0.110783078	0.110783078	0.333333343	0.333333343	None
  6.666667	0.005063884	0.07388958	0.07388958	0.333333343	0.333333343	None
  6.70000029	0.00644588657	0.04917849	0.04917849	0.333333343	0.333333343	None
  6.73333359	0.008342447	0.0438173339	0.0438173339	0.333333343	0.333333343	None
  6.766667	0.009367039	0.0266228225	0.0266228225	0.333333343	0.333333343	None
  6.83333349	0.0105471248	0.009319134	0.009319134	0.333333343	0.333333343	None
  6.866667	0.0107385749	0.0230727084	0.0230727084	0.333333343	0.333333343	None
  6.90000057	0.0120853232	0.0241948236	0.0241948236	0.333333343	0.333333343	None
  6.933334	0.0123515809	0.00190395094	0.00190395094	0.333333343	0.333333343	None
  7.00000048	0.0115917241	-0.026784271	-0.026784271	0.333333343	0.333333343	None
  7.066667	0.008967422	-0.0417409874	-0.0417409874	0.333333343	0.333333343	None
  7.10000038	0.007643907	-0.0170754474	-0.0170754474	0.333333343	0.333333343	None
  7.13333368	0.00782906	-0.002960121	-0.002960121	0.333333343	0.333333343	None
  7.23333359	0.005268211	-0.0388934724	-0.0388934724	0.333333343	0.333333343	None
  7.3	0.00241736253	-0.0446757749	-0.0446757749	0.333333343	0.333333343	None
  7.33333349	0.0009298863	-0.03626269	-0.03626269	0.333333343	0.333333343	None
  7.36666727	-1.61149757E-07	-0.0262203179	-0.0262203179	0.333333343	0.333333343	None
  7.40000057	-0.0008181466	-0.0205931757	-0.0205931757	0.333333343	0.333333343	None
  7.433334	-0.00137303828	-0.0165625028	-0.0165625028	0.333333343	0.333333343	None
  7.466667	-0.00192231243	-0.0172570329	-0.0172570329	0.333333343	0.333333343	None
  7.50000048	-0.002523506	-0.0181981586	-0.0181981586	0.333333343	0.333333343	None
  7.533334	-0.003135522	-0.0222534779	-0.0222534779	0.333333343	0.333333343	None
  7.566667	-0.00400707	-0.0198924337	-0.0198924337	0.333333343	0.333333343	None
  7.63333368	-0.00483875629	-0.0126611907	-0.0126611907	0.333333343	0.333333343	None
  7.666667	-0.00530576147	-0.0125194043	-0.0125194043	0.333333343	0.333333343	None
  7.70000029	-0.00567338243	-0.0135304723	-0.0135304723	0.333333343	0.333333343	None
  7.766667	-0.006832614	-0.0185310226	-0.0185310226	0.333333343	0.333333343	None
  7.833334	-0.00816747453	-0.0239866246	-0.0239866246	0.333333343	0.333333343	None
  7.90000057	-0.009823306	-0.0194896758	-0.0194896758	0.333333343	0.333333343	None
  7.933334	-0.01034162	-0.0225679316	-0.0225679316	0.333333343	0.333333343	None
  7.966667	-0.0113278339	-0.0270631313	-0.0270631313	0.333333343	0.333333343	None
  8.033334	-0.0126513243	-0.0119624361	-0.0119624361	0.333333343	0.333333343	None
  8.1	-0.0133359488	-0.0150695946	-0.0150695946	0.333333343	0.333333343	None
  8.133334	-0.0139479637	-0.013752331	-0.013752331	0.333333343	0.333333343	None
  8.166667	-0.0142527744	0.0231397748	0.0231397748	0.333333343	0.333333343	None
  8.200001	-0.0124052828	0.0419917032	0.0419917032	0.333333343	0.333333343	None
  8.266667	-0.0108503439	0.0188691169	0.0188691169	0.333333343	0.333333343	None
  8.400001	-0.00968261249	-0.0179619733	-0.0179619733	0.333333343	0.333333343	None
  8.5	-0.0134336222	-0.04784325	-0.04784325	0.333333343	0.333333343	None
  8.6	-0.0185804926	-0.0519237	-0.0519237	0.333333343	0.333333343	None
  8.633334	-0.0203237459	-0.04437297	-0.04437297	0.333333343	0.333333343	None
  8.700001	-0.0224932842	-0.03901437	-0.03901437	0.333333343	0.333333343	None
  8.8	-0.0278444	-0.0459114425	-0.0459114425	0.333333343	0.333333343	None
  8.866667	-0.0304684229	-0.0404076874	-0.0404076874	0.333333343	0.333333343	None
  9.033334	-0.0371391475	-0.03881278	-0.03881278	0.333333343	0.333333343	None
  9.1	-0.0389846861	-0.0117265824	-0.0117265824	0.333333343	0.333333343	None
  9.133334	-0.0390936844	-0.0295715351	-0.0295715351	0.333333343	0.333333343	None
  9.166667	-0.0409560949	-0.0399260074	-0.0399260074	0.333333343	0.333333343	None
  9.233334	-0.0425917022	-0.03088374	-0.03088374	0.333333343	0.333333343	None
  9.3	-0.0451174378	-0.0361343473	-0.0361343473	0.333333343	0.333333343	None
  9.333334	-0.04622327	-0.0507609919	-0.0507609919	0.333333343	0.333333343	None
  9.466667	-0.0552183278	-0.04169522	-0.04169522	0.333333343	0.333333343	None
  9.566668	-0.05753837	-0.0166055653	-0.0166055653	0.333333343	0.333333343	None
  9.633334	-0.0581094436	0.0009978667	0.0009978667	0.333333343	0.333333343	None
  9.666667	-0.05788006	-0.00676099025	-0.00676099025	0.333333343	0.333333343	None
  9.733334	-0.0588051267	-0.0005489448	-0.0005489448	0.333333343	0.333333343	None
  9.866667	-0.05784627	-0.000975188334	-0.000975188334	0.333333343	0.333333343	None
  9.933333	-0.0579289	0.00298140082	0.00298140082	0.333333343	0.333333343	None
  9.966667	-0.0578549765	-0.0143437032	-0.0143437032	0.333333343	0.333333343	None
  10.0333338	-0.0597325452	-0.0101436162	-0.0101436162	0.333333343	0.333333343	None
  10.166667	-0.0588413067	0.002372953	0.002372953	0.333333343	0.333333343	None
  10.2000008	-0.0588413067	0	0	0.333333343	0.333333343	None
FLOAT UnityEngine.Animator||Left Upper Leg Front-Back discrete=False keys=72 pre=ClampForever post=ClampForever
  0	0.632551	-0.0458800755	-0.0458800755	0.333333343	0.333333343	None
  0.533333361	0.577282965	-0.193449691	-0.193449691	0.333333343	0.333333343	None
  0.900000036	0.516906142	-0.15830934	-0.15830934	0.333333343	0.333333343	None
  1.2	0.48001042	-0.117154971	-0.117154971	0.333333343	0.333333343	None
  1.33333337	0.466464818	-0.1053893	-0.1053893	0.333333343	0.333333343	None
  1.4333334	0.47978285	0.7568906	0.7568906	0.333333343	0.333333343	None
  1.56666672	0.6548402	0.6203836	0.6203836	0.333333343	0.333333343	None
  1.63333344	0.6557927	-0.158400685	-0.158400685	0.333333343	0.333333343	None
  1.80000007	0.590952	-0.7022933	-0.7022933	0.333333343	0.333333343	None
  1.9000001	0.512680769	-0.7774801	-0.7774801	0.333333343	0.333333343	None
  2.10000014	0.475707442	0.206385463	0.206385463	0.333333343	0.333333343	None
  2.266667	0.489629984	-0.07856976	-0.07856976	0.333333343	0.333333343	None
  2.4	0.467436731	-0.3561548	-0.3561548	0.333333343	0.333333343	None
  2.53333354	0.41999498	-0.2377472	-0.2377472	0.333333343	0.333333343	None
  2.73333359	0.401680321	0.08891149	0.08891149	0.333333343	0.333333343	None
  2.966667	0.426364332	0.105524585	0.105524585	0.333333343	0.333333343	None
  3.20000029	0.4519148	0.08447553	0.08447553	0.333333343	0.333333343	None
  3.466667	0.493325651	0.255126774	0.255126774	0.333333343	0.333333343	None
  3.63333344	0.547821343	0.198420167	0.198420167	0.333333343	0.333333343	None
  3.80000019	0.581369	0.268914938	0.268914938	0.333333343	0.333333343	None
  3.86666679	0.601691842	0.06627923	0.06627923	0.333333343	0.333333343	None
  3.966667	0.567432463	-0.5453574	-0.5453574	0.333333343	0.333333343	None
  4.033334	0.5239678	-0.953701735	-0.953701735	0.333333343	0.333333343	None
  4.166667	0.3627927	-0.876653135	-0.876653135	0.333333343	0.333333343	None
  4.33333349	0.333683	0.4308973	0.4308973	0.333333343	0.333333343	None
  4.366667	0.351198345	0.362613082	0.362613082	0.333333343	0.333333343	None
  4.4666667	0.358938277	0.211610839	0.211610839	0.333333343	0.333333343	None
  4.60000038	0.412317663	0.308253616	0.308253616	0.333333343	0.333333343	None
  4.8	0.440835446	0.1072299	0.1072299	0.333333343	0.333333343	None
  5.00000048	0.452677816	0.1367994	0.1367994	0.333333343	0.333333343	None
  5.10000038	0.466681123	0.1253089	0.1253089	0.333333343	0.333333343	None
  5.13333368	0.4695933	-0.0844373554	-0.0844373554	0.333333343	0.333333343	None
  5.166667	0.461051971	-0.159927756	-0.159927756	0.333333343	0.333333343	None
  5.266667	0.458177179	0.01262651	0.01262651	0.333333343	0.333333343	None
  5.3	0.4603161	-0.09430477	-0.09430477	0.333333343	0.333333343	None
  5.33333349	0.4518902	-0.177174821	-0.177174821	0.333333343	0.333333343	None
  5.50000048	0.423277736	-0.292603374	-0.292603374	0.333333343	0.333333343	None
  5.63333368	0.385649	-0.3459959	-0.3459959	0.333333343	0.333333343	None
  5.666667	0.372346	-0.274667859	-0.274667859	0.333333343	0.333333343	None
  5.766667	0.361882	-0.12689364	-0.12689364	0.333333343	0.333333343	None
  6.033334	0.297932565	-0.226420224	-0.226420224	0.333333343	0.333333343	None
  6.13333368	0.297880143	0.180705965	0.180705965	0.333333343	0.333333343	None
  6.20000029	0.309608161	0.166404843	0.166404843	0.333333343	0.333333343	None
  6.23333359	0.316116482	0.05581503	0.05581503	0.333333343	0.333333343	None
  6.3	0.308211923	0.0178729147	0.0178729147	0.333333343	0.333333343	None
  6.433334	0.374009341	0.854053736	0.854053736	0.333333343	0.333333343	None
  6.50000048	0.4288765	0.473188162	0.473188162	0.333333343	0.333333343	None
  6.666667	0.3932568	-0.46475485	-0.46475485	0.333333343	0.333333343	None
  6.90000057	0.333220541	-0.08517484	-0.08517484	0.333333343	0.333333343	None
  7.00000048	0.345224738	0.3595491	0.3595491	0.333333343	0.333333343	None
  7.166667	0.419162571	0.3698582	0.3698582	0.333333343	0.333333343	None
  7.36666727	0.470673323	0.2007021	0.2007021	0.333333343	0.333333343	None
  7.666667	0.495977521	0.06857297	0.06857297	0.333333343	0.333333343	None
  7.90000057	0.5091859	-0.0215310045	-0.0215310045	0.333333343	0.333333343	None
  8	0.478386343	-0.5569459	-0.5569459	0.333333343	0.333333343	None
  8.066668	0.445351124	-0.358207464	-0.358207464	0.333333343	0.333333343	None
  8.133334	0.419094115	-0.51091677	-0.51091677	0.333333343	0.333333343	None
  8.166667	0.40063262	-0.8444245	-0.8444245	0.333333343	0.333333343	None
  8.200001	0.362798929	-0.8036301	-0.8036301	0.333333343	0.333333343	None
  8.233334	0.347057	-0.437259555	-0.437259555	0.333333343	0.333333343	None
  8.400001	0.289689183	-0.163189828	-0.163189828	0.333333343	0.333333343	None
  8.566668	0.289517462	0.163946033	0.163946033	0.333333343	0.333333343	None
  8.6	0.295739174	0.307697117	0.307697117	0.333333343	0.333333343	None
  8.666667	0.3231045	0.362972915	0.362972915	0.333333343	0.333333343	None
  8.900001	0.380791336	0.264501	0.264501	0.333333343	0.333333343	None
  9.166667	0.4542218	0.21146673	0.21146673	0.333333343	0.333333343	None
  9.466667	0.486246675	0.180754781	0.180754781	0.333333343	0.333333343	None
  9.700001	0.539811552	0.221788108	0.221788108	0.333333343	0.333333343	None
  9.833334	0.5669774	0.388216	0.388216	0.333333343	0.333333343	None
  9.966667	0.6151891	0.170583531	0.170583531	0.333333343	0.333333343	None
  10.0666676	0.6293607	0.1553162	0.1553162	0.333333343	0.333333343	None
  10.2000008	0.63255024	0	0	0.333333343	0.333333343	None
FLOAT UnityEngine.Animator||Left Upper Leg In-Out discrete=False keys=133 pre=ClampForever post=ClampForever
  0	0.135929719	0.00553160859	0.00553160859	0.333333343	0.333333343	None
  0.100000009	0.137667969	0.07265456	0.07265456	0.333333343	0.333333343	None
  0.13333334	0.14144741	0.05845316	0.05845316	0.333333343	0.333333343	None
  0.233333349	0.142083332	0.0379145928	0.0379145928	0.333333343	0.333333343	None
  0.5	0.1575237	0.04746058	0.04746058	0.333333343	0.333333343	None
  0.8333334	0.181929648	0.07911064	0.07911064	0.333333343	0.333333343	None
  0.9333334	0.190251023	0.119279437	0.119279437	0.333333343	0.333333343	None
  1.03333342	0.201480687	0.08267434	0.08267434	0.333333343	0.333333343	None
  1.23333335	0.216283768	0.0312427785	0.0312427785	0.333333343	0.333333343	None
  1.4333334	0.211759061	-0.2547636	-0.2547636	0.333333343	0.333333343	None
  1.4666667	0.200751334	-0.3078966	-0.3078966	0.333333343	0.333333343	None
  1.50000012	0.1912326	-0.358358145	-0.358358145	0.333333343	0.333333343	None
  1.60000014	0.145647049	-0.328746736	-0.328746736	0.333333343	0.333333343	None
  1.63333344	0.137862131	-0.245979816	-0.245979816	0.333333343	0.333333343	None
  1.73333347	0.113994047	-0.243926942	-0.243926942	0.333333343	0.333333343	None
  1.80000007	0.09526623	-0.326381117	-0.326381117	0.333333343	0.333333343	None
  1.83333337	0.08364844	-0.25579375	-0.25579375	0.333333343	0.333333343	None
  1.86666679	0.07821331	-0.1322285	-0.1322285	0.333333343	0.333333343	None
  1.9000001	0.0748332	-0.0272215419	-0.0272215419	0.333333343	0.333333343	None
  1.96666682	0.0794908255	0.09797696	0.09797696	0.333333343	0.333333343	None
  2.16666675	0.105478659	0.183726013	0.183726013	0.333333343	0.333333343	None
  2.30000019	0.11901667	-0.0132640954	-0.0132640954	0.333333343	0.333333343	None
  2.33333349	0.117892615	0.00566159	0.00566159	0.333333343	0.333333343	None
  2.4	0.119040608	-0.0363260843	-0.0363260843	0.333333343	0.333333343	None
  2.4666667	0.113661513	-0.0589575171	-0.0589575171	0.333333343	0.333333343	None
  2.50000024	0.11304187	-0.0590709522	-0.0590709522	0.333333343	0.333333343	None
  2.53333354	0.109723449	-0.0508776419	-0.0508776419	0.333333343	0.333333343	None
  2.60000014	0.109799594	-0.003094043	-0.003094043	0.333333343	0.333333343	None
  2.86666679	0.113613307	0.04835625	0.04835625	0.333333343	0.333333343	None
  3.03333354	0.120766036	0.0374708325	0.0374708325	0.333333343	0.333333343	None
  3.20000029	0.1260063	0.030103188	0.030103188	0.333333343	0.333333343	None
  3.266667	0.126125142	-0.0244466811	-0.0244466811	0.333333343	0.333333343	None
  3.33333349	0.125484273	0.0245624632	0.0245624632	0.333333343	0.333333343	None
  3.466667	0.13091208	0.011888586	0.011888586	0.333333343	0.333333343	None
  3.50000024	0.130829588	0.0386584923	0.0386584923	0.333333343	0.333333343	None
  3.56666684	0.13501969	0.029864639	0.029864639	0.333333343	0.333333343	None
  3.73333359	0.134754926	0.0114901476	0.0114901476	0.333333343	0.333333343	None
  3.86666679	0.136422426	0.001268686	0.001268686	0.333333343	0.333333343	None
  3.93333364	0.137675479	0.0535980649	0.0535980649	0.333333343	0.333333343	None
  4.033334	0.140393436	-0.07614366	-0.07614366	0.333333343	0.333333343	None
  4.13333368	0.121106207	-0.279490918	-0.279490918	0.333333343	0.333333343	None
  4.266667	0.07786797	-0.2799555	-0.2799555	0.333333343	0.333333343	None
  4.33333349	0.06226846	-0.154483989	-0.154483989	0.333333343	0.333333343	None
  4.366667	0.05881118	-0.120717406	-0.120717406	0.333333343	0.333333343	None
  4.4	0.05422064	-0.159657866	-0.159657866	0.333333343	0.333333343	None
  4.4666667	0.0425601751	-0.142810449	-0.142810449	0.333333343	0.333333343	None
  4.533334	0.03342449	-0.198591709	-0.198591709	0.333333343	0.333333343	None
  4.60000038	0.0170186646	-0.235694	-0.235694	0.333333343	0.333333343	None
  4.63333368	0.009694219	-0.20880276	-0.20880276	0.333333343	0.333333343	None
  4.666667	0.00309849484	-0.200429559	-0.200429559	0.333333343	0.333333343	None
  4.70000029	-0.003667739	-0.21212104	-0.21212104	0.333333343	0.333333343	None
  4.73333359	-0.0110428948	-0.22264412	-0.22264412	0.333333343	0.333333343	None
  4.766667	-0.0185106657	-0.207490176	-0.207490176	0.333333343	0.333333343	None
  4.8	-0.02487556	-0.187134713	-0.187134713	0.333333343	0.333333343	None
  4.866667	-0.0363614522	-0.135486215	-0.135486215	0.333333343	0.333333343	None
  4.9333334	-0.0436027832	-0.113069914	-0.113069914	0.333333343	0.333333343	None
  4.9666667	-0.0475566946	-0.09738061	-0.09738061	0.333333343	0.333333343	None
  5.066667	-0.05298318	-0.03541771	-0.03541771	0.333333343	0.333333343	None
  5.23333359	-0.0546875447	0.000387635431	0.000387635431	0.333333343	0.333333343	None
  5.4	-0.0461114869	0.15811184	0.15811184	0.333333343	0.333333343	None
  5.466667	-0.0324045531	0.203847	0.203847	0.333333343	0.333333343	None
  5.533334	-0.021002546	0.1269289	0.1269289	0.333333343	0.333333343	None
  5.63333368	-0.014958662	0.0155841243	0.0155841243	0.333333343	0.333333343	None
  5.70000029	-0.0133482246	0.081648685	0.081648685	0.333333343	0.333333343	None
  5.73333359	-0.009302334	0.146699458	0.146699458	0.333333343	0.333333343	None
  5.766667	-0.00356827048	0.204328835	0.204328835	0.333333343	0.333333343	None
  5.8	0.004319574	0.262429476	0.262429476	0.333333343	0.333333343	None
  5.83333349	0.01392701	0.3306773	0.3306773	0.333333343	0.333333343	None
  5.866667	0.0263647065	0.424075246	0.424075246	0.333333343	0.333333343	None
  5.933334	0.06000422	0.5458251	0.5458251	0.333333343	0.333333343	None
  6.00000048	0.0954825	0.444496781	0.444496781	0.333333343	0.333333343	None
  6.10000038	0.122084759	0.119434744	0.119434744	0.333333343	0.333333343	None
  6.166667	0.122553512	-0.157964259	-0.157964259	0.333333343	0.333333343	None
  6.20000029	0.114158943	-0.210114062	-0.210114062	0.333333343	0.333333343	None
  6.23333359	0.108545922	-0.174011052	-0.174011052	0.333333343	0.333333343	None
  6.266667	0.102558218	-0.125030845	-0.125030845	0.333333343	0.333333343	None
  6.33333349	0.09803557	-0.0680999	-0.0680999	0.333333343	0.333333343	None
  6.40000057	0.09227279	-0.102884658	-0.102884658	0.333333343	0.333333343	None
  6.466667	0.08310198	-0.1883563	-0.1883563	0.333333343	0.333333343	None
  6.533334	0.07014859	-0.1728065	-0.1728065	0.333333343	0.333333343	None
  6.60000038	0.0590236746	-0.161210239	-0.161210239	0.333333343	0.333333343	None
  6.63333368	0.0539866947	-0.0942889	-0.0942889	0.333333343	0.333333343	None
  6.666667	0.0527377538	-0.05111228	-0.05111228	0.333333343	0.333333343	None
  6.766667	0.0441744626	-0.115814939	-0.115814939	0.333333343	0.333333343	None
  6.866667	0.03260595	-0.09472969	-0.09472969	0.333333343	0.333333343	None
  6.90000057	0.0299333278	-0.08855267	-0.08855267	0.333333343	0.333333343	None
  6.933334	0.0267024059	-0.0930900052	-0.0930900052	0.333333343	0.333333343	None
  7.00000048	0.0201289486	-0.116976164	-0.116976164	0.333333343	0.333333343	None
  7.066667	0.0115309777	-0.123696938	-0.123696938	0.333333343	0.333333343	None
  7.10000038	0.007682475	-0.108719394	-0.108719394	0.333333343	0.333333343	None
  7.13333368	0.004283025	-0.08725472	-0.08725472	0.333333343	0.333333343	None
  7.166667	0.001865499	-0.0570187122	-0.0570187122	0.333333343	0.333333343	None
  7.20000029	0.000481781171	-0.0223000236	-0.0223000236	0.333333343	0.333333343	None
  7.23333359	0.000378832076	0.0130574228	0.0130574228	0.333333343	0.333333343	None
  7.266667	0.00135227526	0.03682776	0.03682776	0.333333343	0.333333343	None
  7.3	0.002834014	0.0428197049	0.0428197049	0.333333343	0.333333343	None
  7.33333349	0.00420691958	0.04486268	0.04486268	0.333333343	0.333333343	None
  7.40000057	0.007577208	0.0530298352	0.0530298352	0.333333343	0.333333343	None
  7.433334	0.009360199	0.06928485	0.06928485	0.333333343	0.333333343	None
  7.466667	0.0121961934	0.0676987544	0.0676987544	0.333333343	0.333333343	None
  7.50000048	0.0138734449	0.0679128543	0.0679128543	0.333333343	0.333333343	None
  7.533334	0.0167237129	0.07592567	0.07592567	0.333333343	0.333333343	None
  7.63333368	0.0225111619	0.0441956669	0.0441956669	0.333333343	0.333333343	None
  7.666667	0.0238432568	0.03195939	0.03195939	0.333333343	0.333333343	None
  7.70000029	0.0246417858	0.02676931	0.02676931	0.333333343	0.333333343	None
  7.8	0.0270937327	0.0199710615	0.0199710615	0.333333343	0.333333343	None
  7.90000057	0.0295731444	0.0349690542	0.0349690542	0.333333343	0.333333343	None
  7.933334	0.03101073	0.0797431841	0.0797431841	0.333333343	0.333333343	None
  8	0.0406706519	0.190492541	0.190492541	0.333333343	0.333333343	None
  8.033334	0.04758886	0.167515352	0.167515352	0.333333343	0.333333343	None
  8.166667	0.0536157824	-0.0593104	-0.0593104	0.333333343	0.333333343	None
  8.200001	0.05084518	-0.05746322	-0.05746322	0.333333343	0.333333343	None
  8.266667	0.0481439531	-0.06268571	-0.06268571	0.333333343	0.333333343	None
  8.433333	0.0325188637	-0.07507464	-0.07507464	0.333333343	0.333333343	None
  8.466667	0.0303211268	-0.05217348	-0.05217348	0.333333343	0.333333343	None
  8.533334	0.0277231187	-0.0386425443	-0.0386425443	0.333333343	0.333333343	None
  8.633334	0.0240644757	-0.0440192819	-0.0440192819	0.333333343	0.333333343	None
  8.666667	0.02233699	-0.0410767719	-0.0410767719	0.333333343	0.333333343	None
  8.733334	0.0205477569	-0.0239225253	-0.0239225253	0.333333343	0.333333343	None
  8.900001	0.0197668951	0.0316852	0.0316852	0.333333343	0.333333343	None
  9.033334	0.0286879167	0.102445133	0.102445133	0.333333343	0.333333343	None
  9.066668	0.032452222	0.1326499	0.1326499	0.333333343	0.333333343	None
  9.133334	0.0430690162	0.1544589	0.1544589	0.333333343	0.333333343	None
  9.166667	0.0478284769	0.159225509	0.159225509	0.333333343	0.333333343	None
  9.3	0.07228106	0.188833237	0.188833237	0.333333343	0.333333343	None
  9.433333	0.09803584	0.158199266	0.158199266	0.333333343	0.333333343	None
  9.533334	0.110228911	0.10049545	0.10049545	0.333333343	0.333333343	None
  9.766667	0.121540695	-0.00911849551	-0.00911849551	0.333333343	0.333333343	None
  9.933333	0.12415313	0.0592908859	0.0592908859	0.333333343	0.333333343	None
  10.000001	0.127700657	0.027421264	0.027421264	0.333333343	0.333333343	None
  10.0333338	0.128376827	0.0524213538	0.0524213538	0.333333343	0.333333343	None
  10.1	0.133284822	0.0501105934	0.0501105934	0.333333343	0.333333343	None
  10.2000008	0.135920808	0	0	0.333333343	0.333333343	None
FLOAT UnityEngine.Animator||Left Upper Leg Twist In-Out discrete=False keys=173 pre=ClampForever post=ClampForever
  0	-0.199040949	0.06998867	0.06998867	0.333333343	0.333333343	None
  0.06666667	-0.194433346	0.04108943	0.04108943	0.333333343	0.333333343	None
  0.13333334	-0.191192627	0.06591105	0.06591105	0.333333343	0.333333343	None
  0.366666675	-0.172258049	0.117041282	0.117041282	0.333333343	0.333333343	None
  0.4666667	-0.161087617	0.104272708	0.104272708	0.333333343	0.333333343	None
  0.5	-0.1578662	0.135613352	0.135613352	0.333333343	0.333333343	None
  0.533333361	-0.152046725	0.137689069	0.137689069	0.333333343	0.333333343	None
  0.6666667	-0.139544085	0.09110146	0.09110146	0.333333343	0.333333343	None
  0.866666734	-0.123684734	0.0936687738	0.0936687738	0.333333343	0.333333343	None
  0.9333334	-0.117832869	0.04561373	0.04561373	0.333333343	0.333333343	None
  0.9666667	-0.117581986	0.0472439155	0.0472439155	0.333333343	0.333333343	None
  1.03333342	-0.112068526	0.08403131	0.08403131	0.333333343	0.333333343	None
  1.2	-0.0996167	0.0454225838	0.0454225838	0.333333343	0.333333343	None
  1.26666677	-0.09684383	0.07184184	0.07184184	0.333333343	0.333333343	None
  1.33333337	-0.09053569	0.06435658	0.06435658	0.333333343	0.333333343	None
  1.4333334	-0.07903814	0.3467498	0.3467498	0.333333343	0.333333343	None
  1.4666667	-0.0639542937	0.306865722	0.306865722	0.333333343	0.333333343	None
  1.50000012	-0.05858043	0.04553914	0.04553914	0.333333343	0.333333343	None
  1.53333342	-0.0609183349	0.07295029	0.07295029	0.333333343	0.333333343	None
  1.56666672	-0.05371708	0.777923346	0.777923346	0.333333343	0.333333343	None
  1.60000014	-0.00905667	1.37394071	1.37394071	0.333333343	0.333333343	None
  1.63333344	0.0378790349	1.24590683	1.24590683	0.333333343	0.333333343	None
  1.66666675	0.0740037039	0.827035546	0.827035546	0.333333343	0.333333343	None
  1.80000007	0.082651265	-0.393606842	-0.393606842	0.333333343	0.333333343	None
  1.83333337	0.06762735	-0.497854024	-0.497854024	0.333333343	0.333333343	None
  1.86666679	0.0494609624	-0.325289369	-0.325289369	0.333333343	0.333333343	None
  1.9000001	0.0459413454	0.231751561	0.231751561	0.333333343	0.333333343	None
  1.9333334	0.06491105	0.672235	0.672235	0.333333343	0.333333343	None
  1.96666682	0.0907570645	0.682405055	0.682405055	0.333333343	0.333333343	None
  2	0.1104047	0.427648365	0.427648365	0.333333343	0.333333343	None
  2.06666684	0.117381424	-0.162893608	-0.162893608	0.333333343	0.333333343	None
  2.13333344	0.09583492	-0.370905042	-0.370905042	0.333333343	0.333333343	None
  2.2	0.06923715	-0.5250855	-0.5250855	0.333333343	0.333333343	None
  2.266667	0.0241240487	-0.774001	-0.774001	0.333333343	0.333333343	None
  2.30000019	-0.00292548118	-0.734737158	-0.734737158	0.333333343	0.333333343	None
  2.33333349	-0.02485838	-0.474328279	-0.474328279	0.333333343	0.333333343	None
  2.36666679	-0.0345473364	-0.212486833	-0.212486833	0.333333343	0.333333343	None
  2.4	-0.0390241556	-0.16634506	-0.16634506	0.333333343	0.333333343	None
  2.4666667	-0.05122249	-0.08206379	-0.08206379	0.333333343	0.333333343	None
  2.50000024	-0.05110791	-0.0181901567	-0.0181901567	0.333333343	0.333333343	None
  2.53333354	-0.0524351634	0.00200098567	0.00200098567	0.333333343	0.333333343	None
  2.56666684	-0.05097451	0.04076822	0.04076822	0.333333343	0.333333343	None
  2.66666675	-0.0489499867	0.00114195142	0.00114195142	0.333333343	0.333333343	None
  2.7	-0.0491476022	0.027487535	0.027487535	0.333333343	0.333333343	None
  2.73333359	-0.04711747	0.0388693325	0.0388693325	0.333333343	0.333333343	None
  2.766667	-0.0465563	0.03015007	0.03015007	0.333333343	0.333333343	None
  2.83333349	-0.0439913049	0.02937318	0.02937318	0.333333343	0.333333343	None
  2.86666679	-0.04314926	0.0558478348	0.0558478348	0.333333343	0.333333343	None
  2.9	-0.04026812	0.0187914614	0.0187914614	0.333333343	0.333333343	None
  2.9333334	-0.041896496	0.02936508	0.02936508	0.333333343	0.333333343	None
  2.966667	-0.0383104235	-0.0153272711	-0.0153272711	0.333333343	0.333333343	None
  3.00000024	-0.0429182872	-0.0858432353	-0.0858432353	0.333333343	0.333333343	None
  3.06666684	-0.0443938859	-0.0571971536	-0.0571971536	0.333333343	0.333333343	None
  3.10000014	-0.04784644	-0.0765181854	-0.0765181854	0.333333343	0.333333343	None
  3.13333344	-0.0494950935	-0.0618363768	-0.0618363768	0.333333343	0.333333343	None
  3.20000029	-0.05500883	-0.0940747261	-0.0940747261	0.333333343	0.333333343	None
  3.23333359	-0.0582405254	-0.116619207	-0.116619207	0.333333343	0.333333343	None
  3.30000019	-0.06660458	-0.108925171	-0.108925171	0.333333343	0.333333343	None
  3.4	-0.0771809444	-0.116001517	-0.116001517	0.333333343	0.333333343	None
  3.4333334	-0.0812328756	-0.09962958	-0.09962958	0.333333343	0.333333343	None
  3.50000024	-0.08700251	-0.115518272	-0.115518272	0.333333343	0.333333343	None
  3.53333354	-0.09152414	-0.1101809	-0.1101809	0.333333343	0.333333343	None
  3.60000014	-0.09840796	-0.142785847	-0.142785847	0.333333343	0.333333343	None
  3.66666675	-0.107787773	-0.09306523	-0.09306523	0.333333343	0.333333343	None
  3.73333359	-0.114034839	-0.145727679	-0.145727679	0.333333343	0.333333343	None
  3.83333349	-0.134430259	-0.294251561	-0.294251561	0.333333343	0.333333343	None
  3.86666679	-0.145657822	-0.121746033	-0.121746033	0.333333343	0.333333343	None
  3.9	-0.142546654	0.132048249	0.132048249	0.333333343	0.333333343	None
  4	-0.12170586	0.248915061	0.248915061	0.333333343	0.333333343	None
  4.033334	-0.11376927	0.2959827	0.2959827	0.333333343	0.333333343	None
  4.10000038	-0.0910135657	0.249253	0.249253	0.333333343	0.333333343	None
  4.13333368	-0.0853567347	0.102159068	0.102159068	0.333333343	0.333333343	None
  4.166667	-0.08420297	0.0365515053	0.0365515053	0.333333343	0.333333343	None
  4.23333359	-0.08558718	-0.156205073	-0.156205073	0.333333343	0.333333343	None
  4.266667	-0.09333363	-0.400209218	-0.400209218	0.333333343	0.333333343	None
  4.33333349	-0.139739975	-0.9186077	-0.9186077	0.333333343	0.333333343	None
  4.366667	-0.173508227	-0.5781429	-0.5781429	0.333333343	0.333333343	None
  4.4	-0.1782828	0.212363452	0.212363452	0.333333343	0.333333343	None
  4.4333334	-0.159350678	0.462345541	0.462345541	0.333333343	0.333333343	None
  4.4666667	-0.14745979	0.3727637	0.3727637	0.333333343	0.333333343	None
  4.533334	-0.120994166	0.3449998	0.3449998	0.333333343	0.333333343	None
  4.666667	-0.093277514	0.154302835	0.154302835	0.333333343	0.333333343	None
  4.70000029	-0.0876391158	0.15623045	0.15623045	0.333333343	0.333333343	None
  4.766667	-0.07665227	0.208636045	0.208636045	0.333333343	0.333333343	None
  4.8	-0.0689531043	0.197868764	0.197868764	0.333333343	0.333333343	None
  4.9	-0.05563832	0.117136091	0.117136091	0.333333343	0.333333343	None
  5.066667	-0.04349141	-0.0323768668	-0.0323768668	0.333333343	0.333333343	None
  5.10000038	-0.0457063131	-0.04474326	-0.04474326	0.333333343	0.333333343	None
  5.13333368	-0.04647429	0.0251177922	0.0251177922	0.333333343	0.333333343	None
  5.166667	-0.0440317951	0.0540161058	0.0540161058	0.333333343	0.333333343	None
  5.23333359	-0.0430367142	-0.0341914371	-0.0341914371	0.333333343	0.333333343	None
  5.266667	-0.0451526456	-0.0400933065	-0.0400933065	0.333333343	0.333333343	None
  5.3	-0.0457096	0.009800521	0.009800521	0.333333343	0.333333343	None
  5.33333349	-0.0444992781	0.007020018	0.007020018	0.333333343	0.333333343	None
  5.366667	-0.045241598	-0.0325844549	-0.0325844549	0.333333343	0.333333343	None
  5.4333334	-0.05007556	-0.150763839	-0.150763839	0.333333343	0.333333343	None
  5.466667	-0.05672258	-0.176820964	-0.176820964	0.333333343	0.333333343	None
  5.566667	-0.06593551	0.0157948732	0.0157948732	0.333333343	0.333333343	None
  5.60000038	-0.0640892759	0.07330562	0.07330562	0.333333343	0.333333343	None
  5.63333368	-0.06104847	0.169616908	0.169616908	0.333333343	0.333333343	None
  5.666667	-0.0527814925	0.139043391	0.139043391	0.333333343	0.333333343	None
  5.73333359	-0.0552064963	-0.126674533	-0.126674533	0.333333343	0.333333343	None
  5.83333349	-0.07225957	-0.202307254	-0.202307254	0.333333343	0.333333343	None
  5.9	-0.0845068544	-0.148511291	-0.148511291	0.333333343	0.333333343	None
  5.966667	-0.09450796	-0.171792626	-0.171792626	0.333333343	0.333333343	None
  6.066667	-0.109668173	-0.06643883	-0.06643883	0.333333343	0.333333343	None
  6.13333368	-0.108362153	0.0556902	0.0556902	0.333333343	0.333333343	None
  6.166667	-0.106291145	-0.0298755914	-0.0298755914	0.333333343	0.333333343	None
  6.20000029	-0.110353857	-0.0165445544	-0.0165445544	0.333333343	0.333333343	None
  6.23333359	-0.107394114	0.2077365	0.2077365	0.333333343	0.333333343	None
  6.3	-0.08347119	0.293834269	0.293834269	0.333333343	0.333333343	None
  6.33333349	-0.07691584	0.1945521	0.1945521	0.333333343	0.333333343	None
  6.40000057	-0.06604748	0.07827403	0.07827403	0.333333343	0.333333343	None
  6.433334	-0.06528273	-0.226546854	-0.226546854	0.333333343	0.333333343	None
  6.466667	-0.08115059	-0.5099958	-0.5099958	0.333333343	0.333333343	None
  6.50000048	-0.09928242	-0.488678277	-0.488678277	0.333333343	0.333333343	None
  6.533334	-0.113729112	-0.383595467	-0.383595467	0.333333343	0.333333343	None
  6.566667	-0.124855429	-0.217777357	-0.217777357	0.333333343	0.333333343	None
  6.70000029	-0.114453144	0.156967491	0.156967491	0.333333343	0.333333343	None
  6.8	-0.102462247	0.129194409	0.129194409	0.333333343	0.333333343	None
  6.90000057	-0.08898977	0.1357826	0.1357826	0.333333343	0.333333343	None
  6.933334	-0.08457372	0.155596435	0.155596435	0.333333343	0.333333343	None
  6.966667	-0.0786166862	0.149314016	0.149314016	0.333333343	0.333333343	None
  7.13333368	-0.0663023	0.0609435365	0.0609435365	0.333333343	0.333333343	None
  7.166667	-0.0641624257	0.0346054472	0.0346054472	0.333333343	0.333333343	None
  7.266667	-0.0656616	-0.0489133671	-0.0489133671	0.333333343	0.333333343	None
  7.33333349	-0.0707566738	-0.101172395	-0.101172395	0.333333343	0.333333343	None
  7.40000057	-0.07794554	-0.0766440853	-0.0766440853	0.333333343	0.333333343	None
  7.466667	-0.0804376	-0.0307846367	-0.0307846367	0.333333343	0.333333343	None
  7.50000048	-0.08136879	-0.0103943516	-0.0103943516	0.333333343	0.333333343	None
  7.533334	-0.08113056	-0.0132544842	-0.0132544842	0.333333343	0.333333343	None
  7.566667	-0.08225242	-0.02378261	-0.02378261	0.333333343	0.333333343	None
  7.63333368	-0.08408069	-0.0439224429	-0.0439224429	0.333333343	0.333333343	None
  7.86666727	-0.09358155	-0.00663031545	-0.00663031545	0.333333343	0.333333343	None
  7.90000057	-0.0935405344	-0.0258887075	-0.0258887075	0.333333343	0.333333343	None
  7.966667	-0.0952100456	0.0333467163	0.0333467163	0.333333343	0.333333343	None
  8.033334	-0.0905075	0.06480779	0.06480779	0.333333343	0.333333343	None
  8.1	-0.08684985	0.08297832	0.08297832	0.333333343	0.333333343	None
  8.133334	-0.0832318962	0.09979603	0.09979603	0.333333343	0.333333343	None
  8.166667	-0.08019678	-0.00395412371	-0.00395412371	0.333333343	0.333333343	None
  8.200001	-0.0834955946	-0.1003087	-0.1003087	0.333333343	0.333333343	None
  8.266667	-0.09023211	-0.0581012368	-0.0581012368	0.333333343	0.333333343	None
  8.333334	-0.0918897539	-0.0434869453	-0.0434869453	0.333333343	0.333333343	None
  8.433333	-0.09479853	0.05048005	0.05048005	0.333333343	0.333333343	None
  8.5	-0.08665501	0.140682921	0.140682921	0.333333343	0.333333343	None
  8.566668	-0.07854955	0.133258492	0.133258492	0.333333343	0.333333343	None
  8.633334	-0.07003864	0.0881572962	0.0881572962	0.333333343	0.333333343	None
  8.733334	-0.06339811	0.06649517	0.06649517	0.333333343	0.333333343	None
  8.8	-0.0599024072	0.0179989543	0.0179989543	0.333333343	0.333333343	None
  8.833334	-0.0600233078	0.01852585	0.01852585	0.333333343	0.333333343	None
  8.866667	-0.0586673729	0.0105509106	0.0105509106	0.333333343	0.333333343	None
  8.900001	-0.0593199432	-0.0133714629	-0.0133714629	0.333333343	0.333333343	None
  8.933333	-0.05955881	-0.0297109261	-0.0297109261	0.333333343	0.333333343	None
  9.033334	-0.06461861	-0.035674803	-0.035674803	0.333333343	0.333333343	None
  9.133334	-0.06778312	-0.05955709	-0.05955709	0.333333343	0.333333343	None
  9.3	-0.07925087	-0.0619241931	-0.0619241931	0.333333343	0.333333343	None
  9.366667	-0.08198509	-0.03232894	-0.03232894	0.333333343	0.333333343	None
  9.400001	-0.08326811	0.0101814773	0.0101814773	0.333333343	0.333333343	None
  9.433333	-0.0813063756	-0.061716415	-0.061716415	0.333333343	0.333333343	None
  9.466667	-0.08738265	-0.1298544	-0.1298544	0.333333343	0.333333343	None
  9.500001	-0.08996345	-0.121822774	-0.121822774	0.333333343	0.333333343	None
  9.533334	-0.09550412	-0.1503697	-0.1503697	0.333333343	0.333333343	None
  9.6	-0.105890989	-0.180687249	-0.180687249	0.333333343	0.333333343	None
  9.700001	-0.123705737	-0.160109282	-0.160109282	0.333333343	0.333333343	None
  9.733334	-0.128573269	-0.17658776	-0.17658776	0.333333343	0.333333343	None
  9.766667	-0.135478273	-0.190954	-0.190954	0.333333343	0.333333343	None
  9.8	-0.141303539	-0.251591027	-0.251591027	0.333333343	0.333333343	None
  9.866667	-0.1633472	-0.332234144	-0.332234144	0.333333343	0.333333343	None
  9.966667	-0.190165356	-0.1260789	-0.1260789	0.333333343	0.333333343	None
  10.0333338	-0.194606274	-0.124471053	-0.124471053	0.333333343	0.333333343	None
  10.0666676	-0.200028926	-0.0838550851	-0.0838550851	0.333333343	0.333333343	None
  10.166667	-0.199138582	-0.000213685911	-0.000213685911	0.333333343	0.333333343	None
  10.2000008	-0.199138582	0	0	0.333333343	0.333333343	None
FLOAT UnityEngine.Animator||LeftFootQ.w discrete=False keys=34 pre=ClampForever post=ClampForever
  0	-0.547680259	-0.006600022	-0.006600022	0.333333343	0.333333343	None
  0.9666667	-0.555630744	-0.0150185963	-0.0150185963	0.333333343	0.333333343	None
  1.33333337	-0.5616292	-0.0234147552	-0.0234147552	0.333333343	0.333333343	None
  1.4666667	-0.587099	-0.4871217	-0.4871217	0.333333343	0.333333343	None
  1.66666675	-0.7313098	-0.8074664	-0.8074664	0.333333343	0.333333343	None
  1.96666682	-0.8373215	0.02582281	0.02582281	0.333333343	0.333333343	None
  2.30000019	-0.686266661	0.535739541	0.535739541	0.333333343	0.333333343	None
  2.53333354	-0.5864236	0.255328655	0.255328655	0.333333343	0.333333343	None
  3.00000024	-0.562326849	-0.01870038	-0.01870038	0.333333343	0.333333343	None
  3.56666684	-0.5802612	-0.09626904	-0.09626904	0.333333343	0.333333343	None
  3.9	-0.596933544	-0.0597129464	-0.0597129464	0.333333343	0.333333343	None
  4.10000038	-0.6055123	0.1886301	0.1886301	0.333333343	0.333333343	None
  4.3	-0.5259216	0.6383941	0.6383941	0.333333343	0.333333343	None
  4.4	-0.4745483	0.154602677	0.154602677	0.333333343	0.333333343	None
  4.533334	-0.498913884	-0.2242986	-0.2242986	0.333333343	0.333333343	None
  4.83333349	-0.513724744	-0.009680102	-0.009680102	0.333333343	0.333333343	None
  5.033334	-0.523705661	-0.09287247	-0.09287247	0.333333343	0.333333343	None
  5.33333349	-0.5218412	0.0453687161	0.0453687161	0.333333343	0.333333343	None
  5.73333359	-0.511940062	-0.0311261714	-0.0311261714	0.333333343	0.333333343	None
  6.033334	-0.504397035	0.0726181939	0.0726181939	0.333333343	0.333333343	None
  6.166667	-0.530387163	-0.506280839	-0.506280839	0.333333343	0.333333343	None
  6.23333359	-0.5559872	-0.1532276	-0.1532276	0.333333343	0.333333343	None
  6.33333349	-0.5627269	-0.09754041	-0.09754041	0.333333343	0.333333343	None
  6.533334	-0.5391129	0.302838683	0.302838683	0.333333343	0.333333343	None
  6.866667	-0.4792214	0.07146624	0.07146624	0.333333343	0.333333343	None
  7.20000029	-0.5190281	-0.07720567	-0.07720567	0.333333343	0.333333343	None
  7.566667	-0.527923465	0.00261605042	0.00261605042	0.333333343	0.333333343	None
  7.86666727	-0.5247384	0.04192386	0.04192386	0.333333343	0.333333343	None
  8.066668	-0.4947661	0.0563490465	0.0563490465	0.333333343	0.333333343	None
  8.200001	-0.478465557	0.2285997	0.2285997	0.333333343	0.333333343	None
  8.6	-0.457059473	-0.123254687	-0.123254687	0.333333343	0.333333343	None
  9.066668	-0.5016489	-0.100106731	-0.100106731	0.333333343	0.333333343	None
  9.500001	-0.5261731	-0.0689632446	-0.0689632446	0.333333343	0.333333343	None
  10.2000008	-0.547680259	0	0	0.333333343	0.333333343	None
FLOAT UnityEngine.Animator||LeftFootQ.x discrete=False keys=48 pre=ClampForever post=ClampForever
  0	0.4430756	-0.000928044261	-0.000928044261	0.333333343	0.333333343	None
  0.6333334	0.4330401	-0.0161589682	-0.0161589682	0.333333343	0.333333343	None
  1.33333337	0.409853429	-0.0293795522	-0.0293795522	0.333333343	0.333333343	None
  1.4333334	0.399477631	-0.254514158	-0.254514158	0.333333343	0.333333343	None
  1.4666667	0.3881398	-0.5794859	-0.5794859	0.333333343	0.333333343	None
  1.60000014	0.2474002	-1.00759649	-1.00759649	0.333333343	0.333333343	None
  1.66666675	0.194051623	-0.571845055	-0.571845055	0.333333343	0.333333343	None
  1.80000007	0.157693237	-0.178198308	-0.178198308	0.333333343	0.333333343	None
  1.83333337	0.150724366	-0.3011819	-0.3011819	0.333333343	0.333333343	None
  1.9333334	0.107095942	-0.355816633	-0.355816633	0.333333343	0.333333343	None
  1.96666682	0.09733386	-0.2654834	-0.2654834	0.333333343	0.333333343	None
  2.06666684	0.09074724	0.264272034	0.264272034	0.333333343	0.333333343	None
  2.13333344	0.125030741	0.734559953	0.734559953	0.333333343	0.333333343	None
  2.2	0.182933033	0.912167847	0.912167847	0.333333343	0.333333343	None
  2.30000019	0.275876582	0.853725553	0.853725553	0.333333343	0.333333343	None
  2.4666667	0.389003068	0.431461036	0.431461036	0.333333343	0.333333343	None
  2.86666679	0.4253367	-0.0609081052	-0.0609081052	0.333333343	0.333333343	None
  3.30000019	0.423292637	0.035693977	0.035693977	0.333333343	0.333333343	None
  3.56666684	0.418820083	-0.0418143347	-0.0418143347	0.333333343	0.333333343	None
  3.80000019	0.417937666	0.0158710927	0.0158710927	0.333333343	0.333333343	None
  3.966667	0.414692283	-0.1608284	-0.1608284	0.333333343	0.333333343	None
  4.066667	0.386710554	-0.3757032	-0.3757032	0.333333343	0.333333343	None
  4.13333368	0.374654979	0.3948837	0.3948837	0.333333343	0.333333343	None
  4.166667	0.4007315	0.8052795	0.8052795	0.333333343	0.333333343	None
  4.33333349	0.5444558	0.81899184	0.81899184	0.333333343	0.333333343	None
  4.366667	0.5699214	0.244395956	0.244395956	0.333333343	0.333333343	None
  4.4	0.5607489	-0.2849948	-0.2849948	0.333333343	0.333333343	None
  4.533334	0.534849	-0.0961449	-0.0961449	0.333333343	0.333333343	None
  5.033334	0.49914664	-0.07699691	-0.07699691	0.333333343	0.333333343	None
  5.4333334	0.5071419	0.0387326181	0.0387326181	0.333333343	0.333333343	None
  5.83333349	0.5329708	-0.08917996	-0.08917996	0.333333343	0.333333343	None
  6.066667	0.510182142	0.04871343	0.04871343	0.333333343	0.333333343	None
  6.13333368	0.5071995	-0.259643435	-0.259643435	0.333333343	0.333333343	None
  6.20000029	0.4861087	-0.205988929	-0.205988929	0.333333343	0.333333343	None
  6.3	0.4686055	-0.271343261	-0.271343261	0.333333343	0.333333343	None
  6.433334	0.4508751	0.131958112	0.131958112	0.333333343	0.333333343	None
  6.50000048	0.461028725	0.106417194	0.106417194	0.333333343	0.333333343	None
  6.766667	0.496277958	0.0553174838	0.0553174838	0.333333343	0.333333343	None
  6.966667	0.500772357	-0.08070238	-0.08070238	0.333333343	0.333333343	None
  7.3	0.48344335	0.008854427	0.008854427	0.333333343	0.333333343	None
  7.8	0.4846483	0.00907655153	0.00907655153	0.333333343	0.333333343	None
  8.066668	0.484063447	-0.05890127	-0.05890127	0.333333343	0.333333343	None
  8.166667	0.484853745	0.1521551	0.1521551	0.333333343	0.333333343	None
  8.533334	0.5116395	-0.06671101	-0.06671101	0.333333343	0.333333343	None
  8.833334	0.5008421	0.006667914	0.006667914	0.333333343	0.333333343	None
  9.266667	0.486679137	-0.01937725	-0.01937725	0.333333343	0.333333343	None
  9.766667	0.4585509	-0.019285582	-0.019285582	0.333333343	0.333333343	None
  10.2000008	0.443075925	0	0	0.333333343	0.333333343	None
FLOAT UnityEngine.Animator||LeftFootQ.y discrete=False keys=48 pre=ClampForever post=ClampForever
  0	-0.410318553	0.0236240011	0.0236240011	0.333333343	0.333333343	None
  1.1	-0.419243574	0.0240213946	0.0240213946	0.333333343	0.333333343	None
  1.33333337	-0.411973119	0.06862736	0.06862736	0.333333343	0.333333343	None
  1.4000001	-0.395519823	0.545349956	0.545349956	0.333333343	0.333333343	None
  1.53333342	-0.26844573	1.16338336	1.16338336	0.333333343	0.333333343	None
  1.60000014	-0.1959806	0.844900846	0.844900846	0.333333343	0.333333343	None
  1.63333344	-0.173452839	0.6214092	0.6214092	0.333333343	0.333333343	None
  1.66666675	-0.154553354	0.3817755	0.3817755	0.333333343	0.333333343	None
  1.80000007	-0.1808081	-0.583387733	-0.583387733	0.333333343	0.333333343	None
  1.9000001	-0.2382949	-0.195627555	-0.195627555	0.333333343	0.333333343	None
  1.96666682	-0.231022865	0.113092989	0.113092989	0.333333343	0.333333343	None
  2.13333344	-0.239410236	-0.021716971	-0.021716971	0.333333343	0.333333343	None
  2.23333335	-0.240340084	-0.08631295	-0.08631295	0.333333343	0.333333343	None
  2.30000019	-0.248849064	-0.153253734	-0.153253734	0.333333343	0.333333343	None
  2.33333349	-0.254252762	-0.292595327	-0.292595327	0.333333343	0.333333343	None
  2.4333334	-0.3016169	-0.5006196	-0.5006196	0.333333343	0.333333343	None
  2.53333354	-0.345295	-0.324887335	-0.324887335	0.333333343	0.333333343	None
  2.9333334	-0.378926963	0.057590872	0.057590872	0.333333343	0.333333343	None
  3.4	-0.3826211	-0.000216812361	-0.000216812361	0.333333343	0.333333343	None
  3.60000014	-0.376696438	-0.00333935348	-0.00333935348	0.333333343	0.333333343	None
  3.86666679	-0.378201	-0.0776607543	-0.0776607543	0.333333343	0.333333343	None
  4	-0.404149741	-0.2617144	-0.2617144	0.333333343	0.333333343	None
  4.066667	-0.428230762	-0.460707366	-0.460707366	0.333333343	0.333333343	None
  4.23333359	-0.454506069	0.2546125	0.2546125	0.333333343	0.333333343	None
  4.33333349	-0.4348285	-0.1213808	-0.1213808	0.333333343	0.333333343	None
  4.366667	-0.443519324	-0.3955855	-0.3955855	0.333333343	0.333333343	None
  4.4	-0.461200833	-0.3266938	-0.3266938	0.333333343	0.333333343	None
  4.5	-0.4641947	0.0434157178	0.0434157178	0.333333343	0.333333343	None
  4.9666667	-0.4581118	0.0907130837	0.0907130837	0.333333343	0.333333343	None
  5.20000029	-0.446988285	0.06761721	0.06761721	0.333333343	0.333333343	None
  5.566667	-0.414027721	0.112973407	0.112973407	0.333333343	0.333333343	None
  5.866667	-0.408235818	-0.07097758	-0.07097758	0.333333343	0.333333343	None
  6.033334	-0.415710717	0.07057167	0.07057167	0.333333343	0.333333343	None
  6.13333368	-0.3826464	0.616733849	0.616733849	0.333333343	0.333333343	None
  6.20000029	-0.343981236	0.07632367	0.07632367	0.333333343	0.333333343	None
  6.266667	-0.373543441	-0.5765798	-0.5765798	0.333333343	0.333333343	None
  6.433334	-0.4011703	0.3776992	0.3776992	0.333333343	0.333333343	None
  6.466667	-0.3842473	0.3513992	0.3513992	0.333333343	0.333333343	None
  6.60000038	-0.383836865	-0.103857018	-0.103857018	0.333333343	0.333333343	None
  6.83333349	-0.3917111	-0.0311436057	-0.0311436057	0.333333343	0.333333343	None
  7.033334	-0.402609318	-0.1418349	-0.1418349	0.333333343	0.333333343	None
  7.90000057	-0.458145857	-0.0326304436	-0.0326304436	0.333333343	0.333333343	None
  8.133334	-0.398953766	0.467111	0.467111	0.333333343	0.333333343	None
  8.5	-0.355774432	-0.12226139	-0.12226139	0.333333343	0.333333343	None
  8.933333	-0.410173476	-0.0552777871	-0.0552777871	0.333333343	0.333333343	None
  9.233334	-0.4249171	-0.0443053246	-0.0443053246	0.333333343	0.333333343	None
  9.900001	-0.404712528	-0.0188661814	-0.0188661814	0.333333343	0.333333343	None
  10.2000008	-0.410318732	0	0	0.333333343	0.333333343	None
FLOAT UnityEngine.Animator||LeftFootQ.z discrete=False keys=38 pre=ClampForever post=ClampForever
  0	0.5791109	0.0111830225	0.0111830225	0.333333343	0.333333343	None
  1.16666675	0.583386958	0.0336867869	0.0336867869	0.333333343	0.333333343	None
  1.36666679	0.5905923	0.150791168	0.150791168	0.333333343	0.333333343	None
  1.53333342	0.6555788	0.408175379	0.408175379	0.333333343	0.333333343	None
  1.63333344	0.654759049	-0.468613625	-0.468613625	0.333333343	0.333333343	None
  1.83333337	0.515953541	-0.547506452	-0.547506452	0.333333343	0.333333343	None
  2	0.493789673	0.308980882	0.308980882	0.333333343	0.333333343	None
  2.266667	0.619239	0.238175765	0.238175765	0.333333343	0.333333343	None
  2.63333344	0.596876	-0.0537944362	-0.0537944362	0.333333343	0.333333343	None
  3.13333344	0.6046794	-0.0280407332	-0.0280407332	0.333333343	0.333333343	None
  3.50000024	0.590791345	-0.0139716407	-0.0139716407	0.333333343	0.333333343	None
  3.83333349	0.5720586	-0.05110507	-0.05110507	0.333333343	0.333333343	None
  4.033334	0.544198	-0.113931149	-0.113931149	0.333333343	0.333333343	None
  4.13333368	0.5454245	-0.1715632	-0.1715632	0.333333343	0.333333343	None
  4.20000029	0.520439744	-0.2435922	-0.2435922	0.333333343	0.333333343	None
  4.33333349	0.510768	-0.350445271	-0.350445271	0.333333343	0.333333343	None
  4.366667	0.494568646	-0.196721	-0.196721	0.333333343	0.333333343	None
  4.4333334	0.505928159	0.152730942	0.152730942	0.333333343	0.333333343	None
  4.566667	0.497839361	-0.07751189	-0.07751189	0.333333343	0.333333343	None
  4.866667	0.5073289	0.08066483	0.08066483	0.333333343	0.333333343	None
  5.066667	0.520302057	-0.01161487	-0.01161487	0.333333343	0.333333343	None
  5.50000048	0.546395242	0.0563014075	0.0563014075	0.333333343	0.333333343	None
  5.83333349	0.5368523	0.0683892444	0.0683892444	0.333333343	0.333333343	None
  6.066667	0.563409	0.101973213	0.101973213	0.333333343	0.333333343	None
  6.13333368	0.5758049	0.3035897	0.3035897	0.333333343	0.333333343	None
  6.20000029	0.587129951	-0.138794616	-0.138794616	0.333333343	0.333333343	None
  6.3	0.559792042	-0.154378265	-0.154378265	0.333333343	0.333333343	None
  6.433334	0.56416893	0.278764039	0.278764039	0.333333343	0.333333343	None
  6.566667	0.5948733	0.0487348922	0.0487348922	0.333333343	0.333333343	None
  6.933334	0.6027062	-0.0322732627	-0.0322732627	0.333333343	0.333333343	None
  7.20000029	0.564371645	-0.117623918	-0.117623918	0.333333343	0.333333343	None
  7.833334	0.530742049	-0.020583991	-0.020583991	0.333333343	0.333333343	None
  7.966667	0.5446249	0.328718334	0.328718334	0.333333343	0.333333343	None
  8.233334	0.6313621	0.182970792	0.182970792	0.333333343	0.333333343	None
  9	0.581320345	-0.06569184	-0.06569184	0.333333343	0.333333343	None
  9.500001	0.5676106	0.0443897173	0.0443897173	0.333333343	0.333333343	None
  10.0666676	0.578446031	0.00150836	0.00150836	0.333333343	0.333333343	None
  10.2000008	0.5791104	0	0	0.333333343	0.333333343	None
FLOAT UnityEngine.Animator||LeftFootT.x discrete=False keys=66 pre=ClampForever post=ClampForever
  0	-0.2175556	0.004455596	0.004455596	0.333333343	0.333333343	None
  0.100000009	-0.217764944	-0.0371986665	-0.0371986665	0.333333343	0.333333343	None
  0.166666672	-0.219728678	0.004925206	0.004925206	0.333333343	0.333333343	None
  0.5666667	-0.233715117	-0.0540141053	-0.0540141053	0.333333343	0.333333343	None
  0.900000036	-0.253976047	-0.06320536	-0.06320536	0.333333343	0.333333343	None
  1.33333337	-0.278477818	-0.004360862	-0.004360862	0.333333343	0.333333343	None
  1.4666667	-0.252698332	0.428591549	0.428591549	0.333333343	0.333333343	None
  1.53333342	-0.21416159	0.8203455	0.8203455	0.333333343	0.333333343	None
  1.63333344	-0.104381539	1.24972343	1.24972343	0.333333343	0.333333343	None
  1.66666675	-0.0623579249	1.11772835	1.11772835	0.333333343	0.333333343	None
  1.7	-0.0298663881	0.861599445	0.861599445	0.333333343	0.333333343	None
  1.73333347	-0.00491792755	0.599429369	0.599429369	0.333333343	0.333333343	None
  1.76666677	0.01009562	0.332180768	0.332180768	0.333333343	0.333333343	None
  1.80000007	0.0172274355	0.0930838	0.0930838	0.333333343	0.333333343	None
  1.83333337	0.0163012	-0.122149527	-0.122149527	0.333333343	0.333333343	None
  1.86666679	0.009084116	-0.24393326	-0.24393326	0.333333343	0.333333343	None
  1.9000001	3.8972E-05	-0.21007593	-0.21007593	0.333333343	0.333333343	None
  1.9333334	-0.0049209334	-0.097854726	-0.097854726	0.333333343	0.333333343	None
  1.96666682	-0.00648467569	-0.07102341	-0.07102341	0.333333343	0.333333343	None
  2	-0.009655817	-0.135599241	-0.135599241	0.333333343	0.333333343	None
  2.03333354	-0.0155246472	-0.228646412	-0.228646412	0.333333343	0.333333343	None
  2.10000014	-0.0370139256	-0.3971941	-0.3971941	0.333333343	0.333333343	None
  2.23333335	-0.104680151	-0.5447747	-0.5447747	0.333333343	0.333333343	None
  2.30000019	-0.137353972	-0.4039954	-0.4039954	0.333333343	0.333333343	None
  2.50000024	-0.188671649	-0.121692941	-0.121692941	0.333333343	0.333333343	None
  2.60000014	-0.199025527	-0.09507859	-0.09507859	0.333333343	0.333333343	None
  2.9333334	-0.2186035	-0.06311016	-0.06311016	0.333333343	0.333333343	None
  3.23333359	-0.222975686	0.008223884	0.008223884	0.333333343	0.333333343	None
  3.4	-0.222806036	-0.0250118449	-0.0250118449	0.333333343	0.333333343	None
  3.70000029	-0.207784131	0.0582795367	0.0582795367	0.333333343	0.333333343	None
  3.93333364	-0.2163169	-0.168191522	-0.168191522	0.333333343	0.333333343	None
  4.166667	-0.2231201	0.2314961	0.2314961	0.333333343	0.333333343	None
  4.33333349	-0.178181782	0.257848382	0.257848382	0.333333343	0.333333343	None
  4.366667	-0.1695676	0.177175716	0.177175716	0.333333343	0.333333343	None
  4.4333334	-0.163876966	0.07801212	0.07801212	0.333333343	0.333333343	None
  4.533334	-0.1536759	0.165468872	0.165468872	0.333333343	0.333333343	None
  4.70000029	-0.1252868	0.131727874	0.131727874	0.333333343	0.333333343	None
  4.83333349	-0.10757938	0.125138581	0.125138581	0.333333343	0.333333343	None
  4.9666667	-0.09639966	0.0894765556	0.0894765556	0.333333343	0.333333343	None
  5.20000029	-0.08174621	-0.00167906447	-0.00167906447	0.333333343	0.333333343	None
  5.366667	-0.08634454	-0.09250333	-0.09250333	0.333333343	0.333333343	None
  5.50000048	-0.10129489	-0.08585603	-0.08585603	0.333333343	0.333333343	None
  5.666667	-0.112343736	-0.0668902248	-0.0668902248	0.333333343	0.333333343	None
  5.866667	-0.1499245	-0.3557189	-0.3557189	0.333333343	0.333333343	None
  6.033334	-0.21698235	-0.290278763	-0.290278763	0.333333343	0.333333343	None
  6.13333368	-0.221480086	0.207419455	0.207419455	0.333333343	0.333333343	None
  6.23333359	-0.197714776	0.06346358	0.06346358	0.333333343	0.333333343	None
  6.366667	-0.208209455	0.0056767296	0.0056767296	0.333333343	0.333333343	None
  6.533334	-0.189858943	0.00104539283	0.00104539283	0.333333343	0.333333343	None
  6.70000029	-0.194013059	0.02561512	0.02561512	0.333333343	0.333333343	None
  6.90000057	-0.180695832	0.07127026	0.07127026	0.333333343	0.333333343	None
  7.033334	-0.1590019	0.221073017	0.221073017	0.333333343	0.333333343	None
  7.23333359	-0.129832342	0.02640883	0.02640883	0.333333343	0.333333343	None
  7.40000057	-0.1318598	-0.0306505244	-0.0306505244	0.333333343	0.333333343	None
  7.70000029	-0.145608	-0.0357442722	-0.0357442722	0.333333343	0.333333343	None
  7.833334	-0.149482325	-0.03781496	-0.03781496	0.333333343	0.333333343	None
  7.933334	-0.163558155	-0.30972147	-0.30972147	0.333333343	0.333333343	None
  8.033334	-0.197887972	-0.254582942	-0.254582942	0.333333343	0.333333343	None
  8.233334	-0.211561322	-0.0343992971	-0.0343992971	0.333333343	0.333333343	None
  8.400001	-0.206700325	0.07387322	0.07387322	0.333333343	0.333333343	None
  8.666667	-0.186167911	0.126163632	0.126163632	0.333333343	0.333333343	None
  8.900001	-0.158866331	0.0416872762	0.0416872762	0.333333343	0.333333343	None
  9.200001	-0.166231439	-0.0806648359	-0.0806648359	0.333333343	0.333333343	None
  9.6	-0.198558867	-0.05005957	-0.05005957	0.333333343	0.333333343	None
  10.0666676	-0.211857	-0.06775055	-0.06775055	0.333333343	0.333333343	None
  10.2000008	-0.217565686	0	0	0.333333343	0.333333343	None
FLOAT UnityEngine.Animator||LeftFootT.y discrete=False keys=18 pre=ClampForever post=ClampForever
  0	-0.969841242	0.00156819809	0.00156819809	0.333333343	0.333333343	None
  1.33333337	-0.948366642	0.004920077	0.004920077	0.333333343	0.333333343	None
  1.73333347	-0.9652756	0.1842587	0.1842587	0.333333343	0.333333343	None
  2.03333354	-0.935024738	-0.0899700448	-0.0899700448	0.333333343	0.333333343	None
  2.4666667	-0.9747682	0.04207391	0.04207391	0.333333343	0.333333343	None
  3.83333349	-0.97562325	-0.0196632929	-0.0196632929	0.333333343	0.333333343	None
  4.13333368	-0.9504805	0.113554105	0.113554105	0.333333343	0.333333343	None
  4.366667	-0.9607131	-0.0370109454	-0.0370109454	0.333333343	0.333333343	None
  4.83333349	-0.9780888	-0.0005972391	-0.0005972391	0.333333343	0.333333343	None
  5.9	-0.963048756	0.0808018744	0.0808018744	0.333333343	0.333333343	None
  6.166667	-0.9493479	-0.05366122	-0.05366122	0.333333343	0.333333343	None
  6.466667	-0.9653159	-0.122936487	-0.122936487	0.333333343	0.333333343	None
  6.8	-0.947388947	0.0232798085	0.0232798085	0.333333343	0.333333343	None
  7.3	-0.975000858	-0.0191080756	-0.0191080756	0.333333343	0.333333343	None
  7.90000057	-0.9760995	0.0313684642	0.0313684642	0.333333343	0.333333343	None
  8.3	-0.9200192	0.137398422	0.137398422	0.333333343	0.333333343	None
  8.833334	-0.951538146	-0.03779143	-0.03779143	0.333333343	0.333333343	None
  10.2000008	-0.9698258	-3.576231E-06	-3.576231E-06	0.333333343	0.333333343	None
FLOAT UnityEngine.Animator||LeftFootT.z discrete=False keys=147 pre=ClampForever post=ClampForever
  0	0.0484368242	0.00545930071	0.00545930071	0.333333343	0.333333343	None
  0.06666667	0.0487388	-0.0103275087	-0.0103275087	0.333333343	0.333333343	None
  0.100000009	0.0479303	-0.0166127626	-0.0166127626	0.333333343	0.333333343	None
  0.166666672	0.04686975	-0.0310584083	-0.0310584083	0.333333343	0.333333343	None
  0.233333349	0.0446929932	-0.02675487	-0.02675487	0.333333343	0.333333343	None
  0.366666675	0.0393247157	-0.060357444	-0.060357444	0.333333343	0.333333343	None
  0.4666667	0.0323502868	-0.06889883	-0.06889883	0.333333343	0.333333343	None
  0.5	0.0301396623	-0.0407992154	-0.0407992154	0.333333343	0.333333343	None
  0.533333361	0.02963034	-0.0333432369	-0.0333432369	0.333333343	0.333333343	None
  0.6	0.0263180956	-0.0416186452	-0.0416186452	0.333333343	0.333333343	None
  0.733333349	0.0225558467	-0.038552504	-0.038552504	0.333333343	0.333333343	None
  0.866666734	0.0158594325	-0.04202379	-0.04202379	0.333333343	0.333333343	None
  0.9333334	0.0133394487	-0.04822272	-0.04822272	0.333333343	0.333333343	None
  1	0.009250063	-0.06459592	-0.06459592	0.333333343	0.333333343	None
  1.03333342	0.00707861176	-0.06527132	-0.06527132	0.333333343	0.333333343	None
  1.06666672	0.00489863846	-0.057869412	-0.057869412	0.333333343	0.333333343	None
  1.13333344	0.00178179028	-0.0433299951	-0.0433299951	0.333333343	0.333333343	None
  1.16666675	0.000331985822	-0.0462403223	-0.0462403223	0.333333343	0.333333343	None
  1.2	-0.00130089489	-0.05985588	-0.05985588	0.333333343	0.333333343	None
  1.23333335	-0.00365840248	-0.06478603	-0.06478603	0.333333343	0.333333343	None
  1.26666677	-0.005619967	-0.0402508639	-0.0402508639	0.333333343	0.333333343	None
  1.30000007	-0.00634179777	-0.017731905	-0.017731905	0.333333343	0.333333343	None
  1.33333337	-0.006802093	-0.0105550131	-0.0105550131	0.333333343	0.333333343	None
  1.36666679	-0.00704546552	0.0161607917	0.0161607917	0.333333343	0.333333343	None
  1.4000001	-0.00572470855	0.0239535253	0.0239535253	0.333333343	0.333333343	None
  1.4333334	-0.00544856535	-0.121338949	-0.121338949	0.333333343	0.333333343	None
  1.4666667	-0.0138139641	-0.464311659	-0.464311659	0.333333343	0.333333343	None
  1.50000012	-0.03640273	-0.709372	-0.709372	0.333333343	0.333333343	None
  1.53333342	-0.0611054674	-0.7140399	-0.7140399	0.333333343	0.333333343	None
  1.60000014	-0.105454221	-0.6430831	-0.6430831	0.333333343	0.333333343	None
  1.63333344	-0.126877591	-0.597681642	-0.597681642	0.333333343	0.333333343	None
  1.73333347	-0.180810854	-0.5147403	-0.5147403	0.333333343	0.333333343	None
  1.80000007	-0.209651291	-0.287765563	-0.287765563	0.333333343	0.333333343	None
  1.83333337	-0.2167474	-0.254919529	-0.254919529	0.333333343	0.333333343	None
  1.9000001	-0.230418667	0.0150036216	0.0150036216	0.333333343	0.333333343	None
  1.96666682	-0.2189375	0.19943428	0.19943428	0.333333343	0.333333343	None
  2.10000014	-0.191762432	0.294370472	0.294370472	0.333333343	0.333333343	None
  2.30000019	-0.08450786	0.6210996	0.6210996	0.333333343	0.333333343	None
  2.36666679	-0.04288464	0.587677956	0.587677956	0.333333343	0.333333343	None
  2.4333334	-0.007559404	0.4744723	0.4744723	0.333333343	0.333333343	None
  2.4666667	0.00723489	0.390064955	0.390064955	0.333333343	0.333333343	None
  2.66666675	0.0370795578	-0.009102196	-0.009102196	0.333333343	0.333333343	None
  2.80000019	0.0333297	-0.03144256	-0.03144256	0.333333343	0.333333343	None
  2.9	0.0302094258	-0.0374411568	-0.0374411568	0.333333343	0.333333343	None
  2.9333334	0.0287300888	-0.0214948282	-0.0214948282	0.333333343	0.333333343	None
  2.966667	0.0287764389	-0.0436996855	-0.0436996855	0.333333343	0.333333343	None
  3.00000024	0.02581678	-0.07235875	-0.07235875	0.333333343	0.333333343	None
  3.06666684	0.0221264	-0.06593622	-0.06593622	0.333333343	0.333333343	None
  3.10000014	0.0195567831	-0.0671892	-0.0671892	0.333333343	0.333333343	None
  3.16666675	0.0156451259	-0.06598804	-0.06598804	0.333333343	0.333333343	None
  3.20000029	0.013247909	-0.0687235445	-0.0687235445	0.333333343	0.333333343	None
  3.23333359	0.0110635431	-0.07636009	-0.07636009	0.333333343	0.333333343	None
  3.266667	0.008157241	-0.08124477	-0.08124477	0.333333343	0.333333343	None
  3.30000019	0.00564723043	-0.0788567141	-0.0788567141	0.333333343	0.333333343	None
  3.33333349	0.002900132	-0.0801129	-0.0801129	0.333333343	0.333333343	None
  3.36666679	0.0003063759	-0.0854059458	-0.0854059458	0.333333343	0.333333343	None
  3.4	-0.0027935924	-0.0896893	-0.0896893	0.333333343	0.333333343	None
  3.4333334	-0.005672905	-0.08522795	-0.08522795	0.333333343	0.333333343	None
  3.466667	-0.00847547	-0.09435254	-0.09435254	0.333333343	0.333333343	None
  3.50000024	-0.011963089	-0.152469546	-0.152469546	0.333333343	0.333333343	None
  3.53333354	-0.0186400972	-0.211369291	-0.211369291	0.333333343	0.333333343	None
  3.60000014	-0.0325798541	-0.16733332	-0.16733332	0.333333343	0.333333343	None
  3.63333344	-0.0372099057	-0.1043511	-0.1043511	0.333333343	0.333333343	None
  3.70000029	-0.0415029824	-0.07537016	-0.07537016	0.333333343	0.333333343	None
  3.73333359	-0.0445612743	-0.104135804	-0.104135804	0.333333343	0.333333343	None
  3.80000019	-0.05063349	-0.0280763842	-0.0280763842	0.333333343	0.333333343	None
  3.86666679	-0.04746133	0.112822257	0.112822257	0.333333343	0.333333343	None
  3.93333364	-0.03779536	0.12770313	0.12770313	0.333333343	0.333333343	None
  4	-0.03108685	0.1090407	0.1090407	0.333333343	0.333333343	None
  4.033334	-0.0270126648	0.176121071	0.176121071	0.333333343	0.333333343	None
  4.066667	-0.019345399	0.2568668	0.2568668	0.333333343	0.333333343	None
  4.10000038	-0.009888228	0.3265941	0.3265941	0.333333343	0.333333343	None
  4.13333368	0.002427521	0.456131637	0.456131637	0.333333343	0.333333343	None
  4.166667	0.02052052	0.6195029	0.6195029	0.333333343	0.333333343	None
  4.20000029	0.0437276736	0.7975476	0.7975476	0.333333343	0.333333343	None
  4.33333349	0.171630859	0.7919574	0.7919574	0.333333343	0.333333343	None
  4.366667	0.194138229	0.354973733	0.354973733	0.333333343	0.333333343	None
  4.4	0.195295751	-0.2423624	-0.2423624	0.333333343	0.333333343	None
  4.4333334	0.177980751	-0.5200173	-0.5200173	0.333333343	0.333333343	None
  4.60000038	0.09773267	-0.298213065	-0.298213065	0.333333343	0.333333343	None
  4.73333359	0.07132614	-0.153471231	-0.153471231	0.333333343	0.333333343	None
  4.83333349	0.0595604926	-0.08264218	-0.08264218	0.333333343	0.333333343	None
  4.9	0.05460454	-0.05704142	-0.05704142	0.333333343	0.333333343	None
  4.9666667	0.05013327	-0.127709255	-0.127709255	0.333333343	0.333333343	None
  5.033334	0.03798724	-0.203349918	-0.203349918	0.333333343	0.333333343	None
  5.13333368	0.025622651	0.0733068	0.0733068	0.333333343	0.333333343	None
  5.166667	0.0310123917	0.135842621	0.135842621	0.333333343	0.333333343	None
  5.20000029	0.0346788168	0.08698013	0.08698013	0.333333343	0.333333343	None
  5.23333359	0.03681106	0.07539233	0.07539233	0.333333343	0.333333343	None
  5.266667	0.0397049673	0.0811070055	0.0811070055	0.333333343	0.333333343	None
  5.3	0.04221819	0.14215821	0.14215821	0.333333343	0.333333343	None
  5.33333349	0.0491821729	0.207785338	0.207785338	0.333333343	0.333333343	None
  5.4	0.06400802	0.245359838	0.245359838	0.333333343	0.333333343	None
  5.566667	0.101019561	0.156231448	0.156231448	0.333333343	0.333333343	None
  5.63333368	0.109764643	0.129628152	0.129628152	0.333333343	0.333333343	None
  5.666667	0.114444129	0.102020152	0.102020152	0.333333343	0.333333343	None
  5.766667	0.12239062	0.147629708	0.147629708	0.333333343	0.333333343	None
  5.866667	0.142215058	0.183865383	0.183865383	0.333333343	0.333333343	None
  5.966667	0.1643434	0.323177636	0.323177636	0.333333343	0.333333343	None
  6.066667	0.199073836	0.244065613	0.244065613	0.333333343	0.333333343	None
  6.166667	0.208801672	0.0284213834	0.0284213834	0.333333343	0.333333343	None
  6.20000029	0.209892228	-0.0780700147	-0.0780700147	0.333333343	0.333333343	None
  6.33333349	0.159862578	-0.586780548	-0.586780548	0.333333343	0.333333343	None
  6.40000057	0.123574011	-0.390572935	-0.390572935	0.333333343	0.333333343	None
  6.433334	0.11367	-0.0757082254	-0.0757082254	0.333333343	0.333333343	None
  6.466667	0.1185268	0.215211377	0.215211377	0.333333343	0.333333343	None
  6.566667	0.154003009	0.4436579	0.4436579	0.333333343	0.333333343	None
  6.73333359	0.211030468	0.181042135	0.181042135	0.333333343	0.333333343	None
  6.866667	0.22125487	0.00367136579	0.00367136579	0.333333343	0.333333343	None
  6.966667	0.202640623	-0.450760424	-0.450760424	0.333333343	0.333333343	None
  7.10000038	0.12671499	-0.519188643	-0.519188643	0.333333343	0.333333343	None
  7.20000029	0.08549766	-0.294364	-0.294364	0.333333343	0.333333343	None
  7.3	0.06471746	-0.138969511	-0.138969511	0.333333343	0.333333343	None
  7.36666727	0.0560474955	-0.13181141	-0.13181141	0.333333343	0.333333343	None
  7.40000057	0.0517454743	-0.111380011	-0.111380011	0.333333343	0.333333343	None
  7.433334	0.04862217	-0.10412088	-0.10412088	0.333333343	0.333333343	None
  7.466667	0.04480409	-0.09240158	-0.09240158	0.333333343	0.333333343	None
  7.566667	0.03930626	-0.0381405465	-0.0381405465	0.333333343	0.333333343	None
  7.666667	0.0364769846	-0.0146501279	-0.0146501279	0.333333343	0.333333343	None
  7.73333359	0.03574004	-0.0203490444	-0.0203490444	0.333333343	0.333333343	None
  7.833334	0.0328076854	-0.0269463286	-0.0269463286	0.333333343	0.333333343	None
  7.86666727	0.03209275	0.009864393	0.009864393	0.333333343	0.333333343	None
  7.90000057	0.03346531	0.1716921	0.1716921	0.333333343	0.333333343	None
  7.933334	0.04353888	0.4487302	0.4487302	0.333333343	0.333333343	None
  7.966667	0.06338063	0.633039951	0.633039951	0.333333343	0.333333343	None
  8	0.0857411847	0.6334518	0.6334518	0.333333343	0.333333343	None
  8.033334	0.105610676	0.5505499	0.5505499	0.333333343	0.333333343	None
  8.1	0.1407807	0.625479043	0.625479043	0.333333343	0.333333343	None
  8.166667	0.19176726	0.895776153	0.895776153	0.333333343	0.333333343	None
  8.200001	0.223862052	0.830122	0.830122	0.333333343	0.333333343	None
  8.266667	0.268078357	0.557822347	0.557822347	0.333333343	0.333333343	None
  8.566668	0.2659932	-0.435317457	-0.435317457	0.333333343	0.333333343	None
  8.700001	0.204086319	-0.394364476	-0.394364476	0.333333343	0.333333343	None
  9.066668	0.117261805	-0.199147373	-0.199147373	0.333333343	0.333333343	None
  9.233334	0.0948647857	-0.05294348	-0.05294348	0.333333343	0.333333343	None
  9.366667	0.0897335857	-0.0501064733	-0.0501064733	0.333333343	0.333333343	None
  9.433333	0.0867650956	-0.0699004158	-0.0699004158	0.333333343	0.333333343	None
  9.466667	0.08332235	-0.07576055	-0.07576055	0.333333343	0.333333343	None
  9.533334	0.08004832	-0.0436204523	-0.0436204523	0.333333343	0.333333343	None
  9.733334	0.07658139	0.0171581581	0.0171581581	0.333333343	0.333333343	None
  9.833334	0.07537185	-0.09374976	-0.09374976	0.333333343	0.333333343	None
  9.933333	0.06221117	-0.07226571	-0.07226571	0.333333343	0.333333343	None
  10.000001	0.05904887	-0.08530797	-0.08530797	0.333333343	0.333333343	None
  10.0666676	0.0523212962	-0.06558874	-0.06558874	0.333333343	0.333333343	None
  10.1333342	0.0496982373	-0.03584043	-0.03584043	0.333333343	0.333333343	None
  10.166667	0.0485180542	-0.0177027937	-0.0177027937	0.333333343	0.333333343	None
  10.2000008	0.04851807	4.47028867E-07	4.47028867E-07	0.333333343	0.333333343	None
FLOAT UnityEngine.Animator||LeftHand.Index.1 Stretched discrete=False keys=36 pre=ClampForever post=ClampForever
  0	0.3912179	0.00211179256	0.00211179256	0.333333343	0.333333343	None
  1.56666672	0.445859045	0.00417307	0.00417307	0.333333343	0.333333343	None
  1.9000001	0.495427668	0.261540651	0.261540651	0.333333343	0.333333343	None
  2.33333349	0.576346338	0.0110229952	0.0110229952	0.333333343	0.333333343	None
  3.36666679	0.576346159	8.940705E-06	8.940705E-06	0.333333343	0.333333343	None
  3.4333334	0.5538942	-1.18133962	-1.18133962	0.333333343	0.333333343	None
  3.60000014	0.270406127	-1.11758709E-05	-1.11758709E-05	0.333333343	0.333333343	None
  3.766667	0.553894639	1.18133223	1.18133223	0.333333343	0.333333343	None
  3.83333349	0.576346159	-3.576282E-06	-3.576282E-06	0.333333343	0.333333343	None
  4.766667	0.5763469	-1.43051275E-05	-1.43051275E-05	0.333333343	0.333333343	None
  4.83333349	0.5533389	-1.23827779	-1.23827779	0.333333343	0.333333343	None
  4.9666667	0.239723742	-2.14640236	-2.14640236	0.333333343	0.333333343	None
  5.033334	0.155737549	0.08839005	0.08839005	0.333333343	0.333333343	None
  5.066667	0.185105622	1.54256845	1.54256845	0.333333343	0.333333343	None
  5.166667	0.4494917	2.53612328	2.53612328	0.333333343	0.333333343	None
  5.20000029	0.523140848	1.56442177	1.56442177	0.333333343	0.333333343	None
  5.266667	0.5558118	0.0583300553	0.0583300553	0.333333343	0.333333343	None
  6.70000029	0.5713404	9.83477548E-06	9.83477548E-06	0.333333343	0.333333343	None
  6.766667	0.5713404	-2.77161853E-05	-2.77161853E-05	0.333333343	0.333333343	None
  6.83333349	0.5458539	-1.37198341	-1.37198341	0.333333343	0.333333343	None
  6.966667	0.198194221	-2.37894249	-2.37894249	0.333333343	0.333333343	None
  7.00000048	0.131149471	-1.39563966	-1.39563966	0.333333343	0.333333343	None
  7.033334	0.105151668	-0.0004915297	-0.0004915297	0.333333343	0.333333343	None
  7.066667	0.1311167	1.393882	1.393882	0.333333343	0.333333343	None
  7.166667	0.388819277	2.85004282	2.85004282	0.333333343	0.333333343	None
  7.23333359	0.54559195	1.3772794	1.3772794	0.333333343	0.333333343	None
  7.3	0.5707513	-0.0436601453	-0.0436601453	0.333333343	0.333333343	None
  7.8	0.4914678	0.03140275	0.03140275	0.333333343	0.333333343	None
  8.033334	0.5361193	0.0359026752	0.0359026752	0.333333343	0.333333343	None
  8.333334	0.504789948	-0.315474182	-0.315474182	0.333333343	0.333333343	None
  8.433333	0.4375741	-1.185125	-1.185125	0.333333343	0.333333343	None
  8.666667	0.128235638	-0.5182504	-0.5182504	0.333333343	0.333333343	None
  8.733334	0.126816452	0.436034083	0.436034083	0.333333343	0.333333343	None
  9	0.390977263	0.43594408	0.43594408	0.333333343	0.333333343	None
  9.1	0.3986728	-0.00371127436	-0.00371127436	0.333333343	0.333333343	None
  10.2000008	0.386108518	0	0	0.333333343	0.333333343	None
FLOAT UnityEngine.Animator||LeftHand.Index.2 Stretched discrete=False keys=37 pre=ClampForever post=ClampForever
  0	0.5955868	3.0398367E-05	3.0398367E-05	0.333333343	0.333333343	None
  1.56666672	0.5955886	-4.29152569E-05	-4.29152569E-05	0.333333343	0.333333343	None
  1.9333334	0.667643547	0.3369665	0.3369665	0.333333343	0.333333343	None
  2.36666679	0.7621354	0	0	0.333333343	0.333333343	None
  3.36666679	0.7621354	-3.12924676E-05	-3.12924676E-05	0.333333343	0.333333343	None
  3.4333334	0.7292045	-1.73098683	-1.73098683	0.333333343	0.333333343	None
  3.60000014	0.31451875	8.523464E-06	8.523464E-06	0.333333343	0.333333343	None
  3.766667	0.729203343	1.73101	1.73101	0.333333343	0.333333343	None
  3.83333349	0.7621343	-1.788141E-06	-1.788141E-06	0.333333343	0.333333343	None
  4.766667	0.7621332	1.698734E-05	1.698734E-05	0.333333343	0.333333343	None
  4.83333349	0.728605866	-1.80231118	-1.80231118	0.333333343	0.333333343	None
  4.9666667	0.273150444	-3.12018752	-3.12018752	0.333333343	0.333333343	None
  5.00000048	0.1850703	-1.83474326	-1.83474326	0.333333343	0.333333343	None
  5.033334	0.150833085	0.146530986	0.146530986	0.333333343	0.333333343	None
  5.066667	0.194839031	2.306223	2.306223	0.333333343	0.333333343	None
  5.13333368	0.446709126	4.257407	4.257407	0.333333343	0.333333343	None
  5.20000029	0.6975085	2.306788	2.306788	0.333333343	0.333333343	None
  5.266667	0.743982136	0.05149757	0.05149757	0.333333343	0.333333343	None
  6.766667	0.757704258	1.43051284E-05	1.43051284E-05	0.333333343	0.333333343	None
  6.83333349	0.7202922	-2.01143074	-2.01143074	0.333333343	0.333333343	None
  6.933334	0.345606	-4.190913	-4.190913	0.333333343	0.333333343	None
  6.966667	0.211516425	-3.48933983	-3.48933983	0.333333343	0.333333343	None
  7.00000048	0.11298357	-2.05274081	-2.05274081	0.333333343	0.333333343	None
  7.033334	0.07466716	1.58548355E-05	1.58548355E-05	0.333333343	0.333333343	None
  7.066667	0.112984627	2.05277252	2.05277252	0.333333343	0.333333343	None
  7.10000038	0.211518541	3.489388	3.489388	0.333333343	0.333333343	None
  7.20000029	0.6236124	3.4406538	3.4406538	0.333333343	0.333333343	None
  7.23333359	0.7202926	2.0113833	2.0113833	0.333333343	0.333333343	None
  7.3	0.7567887	-0.05258923	-0.05258923	0.333333343	0.333333343	None
  7.8	0.6759838	0.0263727177	0.0263727177	0.333333343	0.333333343	None
  8.033334	0.724314451	0.0394681767	0.0394681767	0.333333343	0.333333343	None
  8.333334	0.6913325	-0.331374347	-0.331374347	0.333333343	0.333333343	None
  8.433333	0.6052739	-1.66575813	-1.66575813	0.333333343	0.333333343	None
  8.700001	0.1323478	-0.0169446021	-0.0169446021	0.333333343	0.333333343	None
  9	0.582722068	0.7171289	0.7171289	0.333333343	0.333333343	None
  9.1	0.5955861	2.05639171E-05	2.05639171E-05	0.333333343	0.333333343	None
  10.2000008	0.5955868	0	0	0.333333343	0.333333343	None
FLOAT UnityEngine.Animator||LeftHand.Index.3 Stretched discrete=False keys=25 pre=ClampForever post=ClampForever
  0	1.06001925	7.152557E-06	7.152557E-06	0.333333343	0.333333343	None
  1.63333344	1.059779	-0.0139904162	-0.0139904162	0.333333343	0.333333343	None
  2.4333334	1.01997721	-1.07288461E-05	-1.07288461E-05	0.333333343	0.333333343	None
  3.36666679	1.0199765	1.07288461E-05	1.07288461E-05	0.333333343	0.333333343	None
  3.466667	0.9865132	-0.8250493	-0.8250493	0.333333343	0.333333343	None
  3.60000014	0.8907425	0	0	0.333333343	0.333333343	None
  3.80000019	1.01997721	0.143376723	0.143376723	0.333333343	0.333333343	None
  4.033334	1.01997721	-1.25169618E-05	-1.25169618E-05	0.333333343	0.333333343	None
  4.766667	1.0199765	-1.07288461E-05	-1.07288461E-05	0.333333343	0.333333343	None
  4.866667	0.985676169	-0.8781784	-0.8781784	0.333333343	0.333333343	None
  5.066667	0.859868	0.694024	0.694024	0.333333343	0.333333343	None
  5.20000029	1.01161718	0.691561759	0.691561759	0.333333343	0.333333343	None
  5.33333349	1.02463365	-0.002839568	-0.002839568	0.333333343	0.333333343	None
  6.766667	1.021045	0	0	0.333333343	0.333333343	None
  6.866667	0.9818912	-1.00251126	-1.00251126	0.333333343	0.333333343	None
  7.033334	0.8231291	-0.006801203	-0.006801203	0.333333343	0.333333343	None
  7.23333359	1.007401	0.6437531	0.6437531	0.333333343	0.333333343	None
  7.36666727	1.029077	0.05431434	0.05431434	0.333333343	0.333333343	None
  7.933334	1.063469	0.19185859	0.19185859	0.333333343	0.333333343	None
  8.333334	1.07142818	-0.0395108275	-0.0395108275	0.333333343	0.333333343	None
  8.5	1.000984	-0.801954865	-0.801954865	0.333333343	0.333333343	None
  8.733334	0.885372758	0.280904382	0.280904382	0.333333343	0.333333343	None
  9.033334	1.06001949	0.07529933	0.07529933	0.333333343	0.333333343	None
  9.500001	1.06001925	7.152769E-06	7.152769E-06	0.333333343	0.333333343	None
  10.2000008	1.060019	0	0	0.333333343	0.333333343	None
FLOAT UnityEngine.Animator||LeftHand.Index.Spread discrete=False keys=29 pre=ClampForever post=ClampForever
  0	-1.13446379	-0.009498595	-0.009498595	0.333333343	0.333333343	None
  1.56666672	-1.38194251	-0.0189292431	-0.0189292431	0.333333343	0.333333343	None
  1.96666682	-1.17501342	0.861588955	0.861588955	0.333333343	0.333333343	None
  2.33333349	-0.9597373	0.03955636	0.03955636	0.333333343	0.333333343	None
  3.13333344	-0.9597371	0	0	0.333333343	0.333333343	None
  3.36666679	-0.9597382	-1.51991981E-05	-1.51991981E-05	0.333333343	0.333333343	None
  3.4333334	-0.973552763	-0.694520354	-0.694520354	0.333333343	0.333333343	None
  3.56666684	-1.09868729	-0.4474716	-0.4474716	0.333333343	0.333333343	None
  3.70000029	-1.04389417	1.061201	1.061201	0.333333343	0.333333343	None
  3.80000019	-0.9597381	0.2072527	0.2072527	0.333333343	0.333333343	None
  3.93333364	-0.9597416	-3.30803632E-05	-3.30803632E-05	0.333333343	0.333333343	None
  4.766667	-0.9597394	0	0	0.333333343	0.333333343	None
  4.83333349	-0.974376857	-0.751281261	-0.751281261	0.333333343	0.333333343	None
  4.9666667	-1.123058	-0.723134637	-0.723134637	0.333333343	0.333333343	None
  5.13333368	-1.0825361	1.19959235	1.19959235	0.333333343	0.333333343	None
  5.23333359	-0.9794794	0.305193663	0.305193663	0.333333343	0.333333343	None
  5.33333349	-0.9746353	0.0425666943	0.0425666943	0.333333343	0.333333343	None
  6.766667	-0.964161754	-1.5199199E-05	-1.5199199E-05	0.333333343	0.333333343	None
  6.83333349	-0.9802797	-0.823076844	-0.823076844	0.333333343	0.333333343	None
  6.966667	-1.137908	-0.7173879	-0.7173879	0.333333343	0.333333343	None
  7.166667	-1.06402028	1.33209348	1.33209348	0.333333343	0.333333343	None
  7.266667	-0.9641637	0.183815524	0.183815524	0.333333343	0.333333343	None
  7.40000057	-0.988015056	-0.28320846	-0.28320846	0.333333343	0.333333343	None
  7.8	-1.09889555	-0.0804014	-0.0804014	0.333333343	0.333333343	None
  8.1	-1.12746763	-0.0155835468	-0.0155835468	0.333333343	0.333333343	None
  8.433333	-1.1915704	-0.3787213	-0.3787213	0.333333343	0.333333343	None
  8.833334	-1.21291208	0.200345516	0.200345516	0.333333343	0.333333343	None
  9.066668	-1.16862023	0.008593867	0.008593867	0.333333343	0.333333343	None
  10.2000008	-1.11135387	0	0	0.333333343	0.333333343	None
FLOAT UnityEngine.Animator||LeftHand.Little.1 Stretched discrete=False keys=71 pre=ClampForever post=ClampForever
  0	0.13990894	0.000172555432	0.000172555432	0.333333343	0.333333343	None
  1.56666672	0.145378917	0.003746149	0.003746149	0.333333343	0.333333343	None
  1.66666675	0.151875824	0.180189848	0.180189848	0.333333343	0.333333343	None
  2.30000019	0.4095707	0.09257653	0.09257653	0.333333343	0.333333343	None
  2.50000024	0.4111629	1.38580162E-05	1.38580162E-05	0.333333343	0.333333343	None
  3.36666679	0.411162257	3.57628187E-06	3.57628187E-06	0.333333343	0.333333343	None
  3.4	0.4111629	-0.6803734	-0.6803734	0.333333343	0.333333343	None
  3.4333334	0.365804076	-2.38095427	-2.38095427	0.333333343	0.333333343	None
  3.466667	0.252431959	-3.90728664	-3.90728664	0.333333343	0.333333343	None
  3.50000024	0.105317734	-4.40402126	-4.40402126	0.333333343	0.333333343	None
  3.53333354	-0.0411692	-3.877682	-3.877682	0.333333343	0.333333343	None
  3.56666684	-0.153194144	-2.349481	-2.349481	0.333333343	0.333333343	None
  3.60000014	-0.197801113	-4.23193E-06	-4.23193E-06	0.333333343	0.333333343	None
  3.63333344	-0.153194427	2.34951282	2.34951282	0.333333343	0.333333343	None
  3.66666675	-0.0411670841	3.87769556	3.87769556	0.333333343	0.333333343	None
  3.70000029	0.105319411	4.40399647	4.40399647	0.333333343	0.333333343	None
  3.73333359	0.252433449	3.907285	3.907285	0.333333343	0.333333343	None
  3.766667	0.365804821	2.38094521	2.38094521	0.333333343	0.333333343	None
  3.80000019	0.411162972	0.680362165	0.680362165	0.333333343	0.333333343	None
  3.83333349	0.411162257	-1.07288461E-05	-1.07288461E-05	0.333333343	0.333333343	None
  4.766667	0.4111629	-5.81145832E-06	-5.81145832E-06	0.333333343	0.333333343	None
  4.8	0.411162883	-0.699443936	-0.699443936	0.333333343	0.333333343	None
  4.83333349	0.364533365	-2.50279355	-2.50279355	0.333333343	0.333333343	None
  4.866667	0.244310141	-4.26418734	-4.26418734	0.333333343	0.333333343	None
  4.9	0.08025447	-5.12841654	-5.12841654	0.333333343	0.333333343	None
  4.9333334	-0.0975839645	-5.09581232	-5.09581232	0.333333343	0.333333343	None
  4.9666667	-0.259466022	-4.18760347	-4.18760347	0.333333343	0.333333343	None
  5.033334	-0.42193836	0.189939439	0.189939439	0.333333343	0.333333343	None
  5.066667	-0.3640963	3.05408788	3.05408788	0.333333343	0.333333343	None
  5.10000038	-0.2183327	5.059968	5.059968	0.333333343	0.333333343	None
  5.13333368	-0.0267654583	5.77617741	5.77617741	0.333333343	0.333333343	None
  5.166667	0.166745439	5.158018	5.158018	0.333333343	0.333333343	None
  5.20000029	0.317102075	3.18633485	3.18633485	0.333333343	0.333333343	None
  5.23333359	0.379167557	0.97407645	0.97407645	0.333333343	0.333333343	None
  5.266667	0.382040441	0.08274309	0.08274309	0.333333343	0.333333343	None
  6.466667	0.404072523	6.25849361E-06	6.25849361E-06	0.333333343	0.333333343	None
  6.766667	0.404071659	-8.046634E-06	-8.046634E-06	0.333333343	0.333333343	None
  6.8	0.4040715	-0.78116864	-0.78116864	0.333333343	0.333333343	None
  6.83333349	0.3519938	-2.79476023	-2.79476023	0.333333343	0.333333343	None
  6.866667	0.217754334	-4.759758	-4.759758	0.333333343	0.333333343	None
  6.90000057	0.03467427	-5.72016	-5.72016	0.333333343	0.333333343	None
  6.933334	-0.163591921	-5.67757654	-5.67757654	0.333333343	0.333333343	None
  7.00000048	-0.474219531	-2.70837474	-2.70837474	0.333333343	0.333333343	None
  7.033334	-0.5243886	3.97562981E-05	3.97562981E-05	0.333333343	0.333333343	None
  7.10000038	-0.3438266	4.65943527	4.65943527	0.333333343	0.333333343	None
  7.13333368	-0.163588166	5.677577	5.677577	0.333333343	0.333333343	None
  7.166667	0.03467817	5.72016239	5.72016239	0.333333343	0.333333343	None
  7.20000029	0.217755616	4.75974655	4.75974655	0.333333343	0.333333343	None
  7.23333359	0.3519943	2.794749	2.794749	0.333333343	0.333333343	None
  7.266667	0.404072046	0.7805557	0.7805557	0.333333343	0.333333343	None
  7.3	0.4040313	-0.0043273014	-0.0043273014	0.333333343	0.333333343	None
  7.766667	0.295304358	-0.6491064	-0.6491064	0.333333343	0.333333343	None
  7.833334	0.228762791	-1.73993659	-1.73993659	0.333333343	0.333333343	None
  7.90000057	0.0679369	-2.68812847	-2.68812847	0.333333343	0.333333343	None
  7.933334	-0.0229639467	-2.57115388	-2.57115388	0.333333343	0.333333343	None
  7.966667	-0.1034732	-2.0692215	-2.0692215	0.333333343	0.333333343	None
  8	-0.1609111	-1.19033492	-1.19033492	0.333333343	0.333333343	None
  8.033334	-0.182828277	-0.281022	-0.281022	0.333333343	0.333333343	None
  8.066668	-0.179646149	0.177302063	0.177302063	0.333333343	0.333333343	None
  8.333334	-0.0721188	0.178074315	0.178074315	0.333333343	0.333333343	None
  8.366667	-0.06892156	-0.148369417	-0.148369417	0.333333343	0.333333343	None
  8.400001	-0.0820103139	-0.7286251	-0.7286251	0.333333343	0.333333343	None
  8.6	-0.4322046	-1.70628774	-1.70628774	0.333333343	0.333333343	None
  8.733334	-0.5123672	1.03419089	1.03419089	0.333333343	0.333333343	None
  8.900001	-0.0975981	2.87372351	2.87372351	0.333333343	0.333333343	None
  8.933333	-0.00569562474	2.51682329	2.51682329	0.333333343	0.333333343	None
  8.966667	0.07018973	1.91207314	1.91207314	0.333333343	0.333333343	None
  9	0.121776141	1.05916047	1.05916047	0.333333343	0.333333343	None
  9.033334	0.1407999	0.285304666	0.285304666	0.333333343	0.333333343	None
  9.066668	0.1407967	-0.0002089906	-0.0002089906	0.333333343	0.333333343	None
  10.2000008	0.139398649	0	0	0.333333343	0.333333343	None
FLOAT UnityEngine.Animator||LeftHand.Little.2 Stretched discrete=False keys=62 pre=ClampForever post=ClampForever
  0	0.0218359269	-1.5925616E-05	-1.5925616E-05	0.333333343	0.333333343	None
  1.56666672	0.0218353961	-5.27506927E-11	-5.27506927E-11	0.333333343	0.333333343	None
  1.60000014	0.0218363814	0.0639266	0.0639266	0.333333343	0.333333343	None
  1.63333344	0.0260971654	0.247631609	0.247631609	0.333333343	0.333333343	None
  2.06666684	0.5092703	1.29309464	1.29309464	0.333333343	0.333333343	None
  2.33333349	0.7137203	0.0609693527	0.0609693527	0.333333343	0.333333343	None
  2.7	0.7137203	2.95041154E-05	2.95041154E-05	0.333333343	0.333333343	None
  3.36666679	0.7137196	-2.59280459E-05	-2.59280459E-05	0.333333343	0.333333343	None
  3.4333334	0.665596843	-2.538247	-2.538247	0.333333343	0.333333343	None
  3.50000024	0.3852815	-4.809148	-4.809148	0.333333343	0.333333343	None
  3.53333354	0.223891184	-4.306258	-4.306258	0.333333343	0.333333343	None
  3.56666684	0.0981979	-2.64533687	-2.64533687	0.333333343	0.333333343	None
  3.60000014	0.0475355648	-3.296137E-05	-3.296137E-05	0.333333343	0.333333343	None
  3.63333344	0.0981957	2.64536023	2.64536023	0.333333343	0.333333343	None
  3.66666675	0.223892748	4.306305	4.306305	0.333333343	0.333333343	None
  3.73333359	0.5445027	4.20466232	4.20466232	0.333333343	0.333333343	None
  3.766667	0.665594161	2.53826714	2.53826714	0.333333343	0.333333343	None
  3.83333349	0.713718534	-1.43051284E-05	-1.43051284E-05	0.333333343	0.333333343	None
  4.766667	0.7137165	-2.23517618E-05	-2.23517618E-05	0.333333343	0.333333343	None
  4.83333349	0.663979948	-2.68349886	-2.68349886	0.333333343	0.333333343	None
  4.9	0.355994642	-5.651919	-5.651919	0.333333343	0.333333343	None
  4.9333334	0.158023879	-5.740517	-5.740517	0.333333343	0.333333343	None
  4.9666667	-0.0267061479	-4.825816	-4.825816	0.333333343	0.333333343	None
  5.00000048	-0.163698852	-2.85809183	-2.85809183	0.333333343	0.333333343	None
  5.033334	-0.217247382	0.157045484	0.157045484	0.333333343	0.333333343	None
  5.066667	-0.153229162	3.3425386	3.3425386	0.333333343	0.333333343	None
  5.10000038	0.00558831356	5.44113636	5.44113636	0.333333343	0.333333343	None
  5.13333368	0.2095129	6.083391	6.083391	0.333333343	0.333333343	None
  5.20000029	0.566236258	3.318952	3.318952	0.333333343	0.333333343	None
  5.23333359	0.6324106	1.10223341	1.10223341	0.333333343	0.333333343	None
  5.266667	0.6397184	0.210371226	0.210371226	0.333333343	0.333333343	None
  6.40000057	0.6956889	-7.15239776E-06	-7.15239776E-06	0.333333343	0.333333343	None
  6.766667	0.695687354	0	0	0.333333343	0.333333343	None
  6.83333349	0.641336858	-2.93395782	-2.93395782	0.333333343	0.333333343	None
  6.90000057	0.304255217	-6.19527626	-6.19527626	0.333333343	0.333333343	None
  6.933334	0.08706954	-6.302922	-6.302922	0.333333343	0.333333343	None
  6.966667	-0.115939178	-5.30615759	-5.30615759	0.333333343	0.333333343	None
  7.00000048	-0.266673952	-3.14553785	-3.14553785	0.333333343	0.333333343	None
  7.033334	-0.325641483	-4.42266464E-05	-4.42266464E-05	0.333333343	0.333333343	None
  7.066667	-0.2666769	3.145598	3.145598	0.333333343	0.333333343	None
  7.10000038	-0.115935147	5.30628347	5.30628347	0.333333343	0.333333343	None
  7.13333368	0.087075	6.30289268	6.30289268	0.333333343	0.333333343	None
  7.166667	0.304257274	6.19527149	6.19527149	0.333333343	0.333333343	None
  7.23333359	0.64133954	2.93392634	2.93392634	0.333333343	0.333333343	None
  7.3	0.6950244	-0.04240755	-0.04240755	0.333333343	0.333333343	None
  7.766667	0.410511941	-1.44711757	-1.44711757	0.333333343	0.333333343	None
  7.8	0.359586716	-2.10434079	-2.10434079	0.333333343	0.333333343	None
  7.833334	0.2702214	-3.51951456	-3.51951456	0.333333343	0.333333343	None
  7.86666727	0.124951363	-4.84663773	-4.84663773	0.333333343	0.333333343	None
  7.90000057	-0.0528874546	-5.45531654	-5.45531654	0.333333343	0.333333343	None
  7.933334	-0.238736048	-5.30178642	-5.30178642	0.333333343	0.333333343	None
  8	-0.5278578	-2.52769732	-2.52769732	0.333333343	0.333333343	None
  8.066668	-0.569084942	0.330220044	0.330220044	0.333333343	0.333333343	None
  8.366667	-0.361568451	-0.002082944	-0.002082944	0.333333343	0.333333343	None
  8.666667	-0.558054149	-0.3193453	-0.3193453	0.333333343	0.333333343	None
  8.733334	-0.5471577	0.932645261	0.932645261	0.333333343	0.333333343	None
  8.933333	-0.102094576	2.148291	2.148291	0.333333343	0.333333343	None
  8.966667	-0.0376524851	1.61920309	1.61920309	0.333333343	0.333333343	None
  9	0.00585249066	0.892288566	0.892288566	0.333333343	0.333333343	None
  9.033334	0.0218329672	0.239731252	0.239731252	0.333333343	0.333333343	None
  9.066668	0.021834787	2.72967E-05	2.72967E-05	0.333333343	0.333333343	None
  10.2000008	0.0218359269	0	0	0.333333343	0.333333343	None
FLOAT UnityEngine.Animator||LeftHand.Little.3 Stretched discrete=False keys=35 pre=ClampForever post=ClampForever
  0	0.3306002	9.83476548E-06	9.83476548E-06	0.333333343	0.333333343	None
  1.56666672	0.33060053	4.91738774E-06	4.91738774E-06	0.333333343	0.333333343	None
  1.7	0.352703571	0.4170124	0.4170124	0.333333343	0.333333343	None
  2.30000019	0.756527066	0.147259682	0.147259682	0.333333343	0.333333343	None
  2.53333354	0.7590595	-4.47035245E-06	-4.47035245E-06	0.333333343	0.333333343	None
  3.36666679	0.7590599	0	0	0.333333343	0.333333343	None
  3.4333334	0.7390382	-1.05301571	-1.05301571	0.333333343	0.333333343	None
  3.60000014	0.486164123	8.940697E-06	8.940697E-06	0.333333343	0.333333343	None
  3.766667	0.739038944	1.05301034	1.05301034	0.333333343	0.333333343	None
  3.86666679	0.7590595	0	0	0.333333343	0.333333343	None
  4.766667	0.759058952	0	0	0.333333343	0.333333343	None
  4.83333349	0.738127232	-1.12591553	-1.12591553	0.333333343	0.333333343	None
  5.033334	0.375836283	0.0409609675	0.0409609675	0.333333343	0.333333343	None
  5.20000029	0.6807728	1.34415364	1.34415364	0.333333343	0.333333343	None
  5.3	0.7171369	0.120270371	0.120270371	0.333333343	0.333333343	None
  6.533334	0.7478189	1.07288461E-05	1.07288461E-05	0.333333343	0.333333343	None
  6.766667	0.7478189	-7.152564E-06	-7.152564E-06	0.333333343	0.333333343	None
  6.83333349	0.7253461	-1.20900238	-1.20900238	0.333333343	0.333333343	None
  7.033334	0.3358802	1.60932541E-05	1.60932541E-05	0.333333343	0.333333343	None
  7.23333359	0.7253469	1.20899975	1.20899975	0.333333343	0.333333343	None
  7.33333349	0.7457865	-0.06420888	-0.06420888	0.333333343	0.333333343	None
  7.766667	0.5693934	-0.866655648	-0.866655648	0.333333343	0.333333343	None
  7.833334	0.4865841	-2.05038476	-2.05038476	0.333333343	0.333333343	None
  7.933334	0.1943215	-3.00772929	-3.00772929	0.333333343	0.333333343	None
  7.966667	0.0996365845	-2.44372654	-2.44372654	0.333333343	0.333333343	None
  8	0.0314075239	-1.41626358	-1.41626358	0.333333343	0.333333343	None
  8.033334	0.00521971	-0.35442102	-0.35442102	0.333333343	0.333333343	None
  8.066668	0.007779141	0.144179627	0.144179627	0.333333343	0.333333343	None
  8.200001	0.05357783	0.458521277	0.458521277	0.333333343	0.333333343	None
  8.366667	0.1209167	0.236734688	0.236734688	0.333333343	0.333333343	None
  8.666667	0.150371253	0.225750864	0.225750864	0.333333343	0.333333343	None
  8.766667	0.1907145	0.5894886	0.5894886	0.333333343	0.333333343	None
  9	0.326775074	0.215459466	0.215459466	0.333333343	0.333333343	None
  9.1	0.33060053	4.917458E-06	4.917458E-06	0.333333343	0.333333343	None
  10.2000008	0.3306002	0	0	0.333333343	0.333333343	None
FLOAT UnityEngine.Animator||LeftHand.Little.Spread discrete=False keys=66 pre=ClampForever post=ClampForever
  0	0.218511477	-0.008429736	-0.008429736	0.333333343	0.333333343	None
  0.7666667	0.101422943	-0.262505352	-0.262505352	0.333333343	0.333333343	None
  1.56666672	-0.127227917	-0.26227054	-0.26227054	0.333333343	0.333333343	None
  1.73333347	-0.177932426	-0.36261338	-0.36261338	0.333333343	0.333333343	None
  2.33333349	-0.3572595	-0.0146605214	-0.0146605214	0.333333343	0.333333343	None
  3.13333344	-0.357261658	1.65403035E-05	1.65403035E-05	0.333333343	0.333333343	None
  3.36666679	-0.3572595	-1.788141E-05	-1.788141E-05	0.333333343	0.333333343	None
  3.4	-0.357260644	0.4822348	0.4822348	0.333333343	0.333333343	None
  3.4333334	-0.325110555	1.67145491	1.67145491	0.333333343	0.333333343	None
  3.50000024	-0.143376976	3.100852	3.100852	0.333333343	0.333333343	None
  3.53333354	-0.0391065851	2.81104469	2.81104469	0.333333343	0.333333343	None
  3.56666684	0.04402582	1.76122308	1.76122308	0.333333343	0.333333343	None
  3.60000014	0.07830817	7.748604E-07	7.748604E-07	0.333333343	0.333333343	None
  3.63333344	0.0440258719	-1.761255	-1.761255	0.333333343	0.333333343	None
  3.66666675	-0.039108716	-2.8110342	-2.8110342	0.333333343	0.333333343	None
  3.70000029	-0.143376976	-3.10082388	-3.10082388	0.333333343	0.333333343	None
  3.766667	-0.325110644	-1.67143154	-1.67143154	0.333333343	0.333333343	None
  3.80000019	-0.3572595	-0.482233465	-0.482233465	0.333333343	0.333333343	None
  3.83333349	-0.3572595	0	0	0.333333343	0.333333343	None
  4.766667	-0.357260644	-8.940706E-07	-8.940706E-07	0.333333343	0.333333343	None
  4.83333349	-0.326060057	1.65849161	1.65849161	0.333333343	0.333333343	None
  4.9	-0.13859503	3.437234	3.437234	0.333333343	0.333333343	None
  4.9333334	-0.017546976	3.585065	3.585065	0.333333343	0.333333343	None
  4.9666667	0.100409068	3.159249	3.159249	0.333333343	0.333333343	None
  5.00000048	0.193070754	1.95646191	1.95646191	0.333333343	0.333333343	None
  5.033334	0.230841056	-0.08459377	-0.08459377	0.333333343	0.333333343	None
  5.066667	0.187431172	-2.18083835	-2.18083835	0.333333343	0.333333343	None
  5.10000038	0.08545197	-3.362166	-3.362166	0.333333343	0.333333343	None
  5.13333368	-0.03671302	-3.570002	-3.570002	0.333333343	0.333333343	None
  5.166667	-0.152547941	-3.07870674	-3.07870674	0.333333343	0.333333343	None
  5.20000029	-0.241959944	-1.94512963	-1.94512963	0.333333343	0.333333343	None
  5.23333359	-0.282223135	-0.704403043	-0.704403043	0.333333343	0.333333343	None
  5.266667	-0.2889201	-0.193005234	-0.193005234	0.333333343	0.333333343	None
  6.3	-0.3405118	0	0	0.333333343	0.333333343	None
  6.766667	-0.340511739	3.26335721E-05	3.26335721E-05	0.333333343	0.333333343	None
  6.8	-0.340509623	0.4810439	0.4810439	0.333333343	0.333333343	None
  6.83333349	-0.308442175	1.706434	1.706434	0.333333343	0.333333343	None
  6.90000057	-0.114655815	3.59497833	3.59497833	0.333333343	0.333333343	None
  6.933334	0.012919127	3.82143545	3.82143545	0.333333343	0.333333343	None
  6.966667	0.14010632	3.44070077	3.44070077	0.333333343	0.333333343	None
  7.00000048	0.242298961	2.166708	2.166708	0.333333343	0.333333343	None
  7.033334	0.284553379	-3.170967E-05	-3.170967E-05	0.333333343	0.333333343	None
  7.066667	0.242296845	-2.166748	-2.166748	0.333333343	0.333333343	None
  7.10000038	0.140103653	-3.440693	-3.440693	0.333333343	0.333333343	None
  7.13333368	0.0129175447	-3.82144523	-3.82144523	0.333333343	0.333333343	None
  7.166667	-0.114659116	-3.59497929	-3.59497929	0.333333343	0.333333343	None
  7.23333359	-0.308442265	-1.706466	-1.706466	0.333333343	0.333333343	None
  7.266667	-0.3405118	-0.471820235	-0.471820235	0.333333343	0.333333343	None
  7.3	-0.339896917	0.0372398235	0.0372398235	0.333333343	0.333333343	None
  7.766667	-0.182717472	0.66801554	0.66801554	0.333333343	0.333333343	None
  7.8	-0.159590349	0.9183862	0.9183862	0.333333343	0.333333343	None
  7.833334	-0.121491238	1.46708632	1.46708632	0.333333343	0.333333343	None
  7.86666727	-0.0617841445	1.9733665	1.9733665	0.333333343	0.333333343	None
  7.90000057	0.010066404	2.19924974	2.19924974	0.333333343	0.333333343	None
  7.933334	0.08483237	2.13913965	2.13913965	0.333333343	0.333333343	None
  8	0.202415586	1.03594816	1.03594816	0.333333343	0.333333343	None
  8.066668	0.220286608	-0.0805802047	-0.0805802047	0.333333343	0.333333343	None
  8.333334	0.173359275	-0.07466378	-0.07466378	0.333333343	0.333333343	None
  8.400001	0.17779237	0.325376362	0.325376362	0.333333343	0.333333343	None
  8.566668	0.3211645	1.1042372	1.1042372	0.333333343	0.333333343	None
  8.700001	0.41963923	-0.0204964429	-0.0204964429	0.333333343	0.333333343	None
  8.866667	0.271771133	-1.09898448	-1.09898448	0.333333343	0.333333343	None
  9	0.17151922	-0.2887959	-0.2887959	0.333333343	0.333333343	None
  9.1	0.167263061	0.0236646254	0.0236646254	0.333333343	0.333333343	None
  10.166667	0.247686982	0.00311431568	0.00311431568	0.333333343	0.333333343	None
  10.2000008	0.247686982	0	0	0.333333343	0.333333343	None
FLOAT UnityEngine.Animator||LeftHand.Middle.1 Stretched discrete=False keys=61 pre=ClampForever post=ClampForever
  0	0.100793608	2.01165658E-05	2.01165658E-05	0.333333343	0.333333343	None
  1.56666672	0.100794025	-7.37605524E-06	-7.37605524E-06	0.333333343	0.333333343	None
  1.66666675	0.109418049	0.24818325	0.24818325	0.333333343	0.333333343	None
  2.30000019	0.463389754	0.125391155	0.125391155	0.333333343	0.333333343	None
  2.50000024	0.4655456	7.15263468E-06	7.15263468E-06	0.333333343	0.333333343	None
  3.36666679	0.4655458	-1.2964023E-05	-1.2964023E-05	0.333333343	0.333333343	None
  3.4333334	0.4328232	-1.72199392	-1.72199392	0.333333343	0.333333343	None
  3.50000024	0.243488729	-3.226703	-3.226703	0.333333343	0.333333343	None
  3.53333354	0.135632	-2.86808968	-2.86808968	0.333333343	0.333333343	None
  3.56666684	0.052282922	-1.75162554	-1.75162554	0.333333343	0.333333343	None
  3.60000014	0.0188570656	1.03116035E-05	1.03116035E-05	0.333333343	0.333333343	None
  3.63333344	0.0522836074	1.75163317	1.75163317	0.333333343	0.333333343	None
  3.66666675	0.1356325	2.868085	2.868085	0.333333343	0.333333343	None
  3.73333359	0.350746959	2.84000564	2.84000564	0.333333343	0.333333343	None
  3.766667	0.4328234	1.72199237	1.72199237	0.333333343	0.333333343	None
  3.83333349	0.46554625	0	0	0.333333343	0.333333343	None
  4.766667	0.4655454	6.70552936E-06	6.70552936E-06	0.333333343	0.333333343	None
  4.83333349	0.431897134	-1.81098855	-1.81098855	0.333333343	0.333333343	None
  4.9	0.225057676	-3.766276	-3.766276	0.333333343	0.333333343	None
  4.9333334	0.0937289745	-3.78865433	-3.78865433	0.333333343	0.333333343	None
  4.9666667	-0.0275190473	-3.154767	-3.154767	0.333333343	0.333333343	None
  5.00000048	-0.116589904	-1.85530353	-1.85530353	0.333333343	0.333333343	None
  5.033334	-0.1512071	0.11648345	0.11648345	0.333333343	0.333333343	None
  5.066667	-0.10882435	2.223494	2.223494	0.333333343	0.333333343	None
  5.10000038	-0.00297430041	3.64742517	3.64742517	0.333333343	0.333333343	None
  5.13333368	0.1343371	4.1169157	4.1169157	0.333333343	0.333333343	None
  5.20000029	0.377589524	2.263754	2.263754	0.333333343	0.333333343	None
  5.23333359	0.422403276	0.7315008	0.7315008	0.333333343	0.333333343	None
  5.266667	0.4263562	0.113746777	0.113746777	0.333333343	0.333333343	None
  6.40000057	0.455974847	2.23511256E-06	2.23511256E-06	0.333333343	0.333333343	None
  6.766667	0.455974728	-5.36442258E-06	-5.36442258E-06	0.333333343	0.333333343	None
  6.83333349	0.41894868	-1.99306834	-1.99306834	0.333333343	0.333333343	None
  6.90000057	0.191243663	-4.14763737	-4.14763737	0.333333343	0.333333343	None
  6.933334	0.0465923026	-4.173422	-4.173422	0.333333343	0.333333343	None
  6.966667	-0.08698422	-3.475547	-3.475547	0.333333343	0.333333343	None
  7.00000048	-0.185110614	-2.04393578	-2.04393578	0.333333343	0.333333343	None
  7.033334	-0.22324647	-0.00026512146	-0.00026512146	0.333333343	0.333333343	None
  7.066667	-0.185128286	2.04288578	2.04288578	0.333333343	0.333333343	None
  7.10000038	-0.0870542154	3.473595	3.473595	0.333333343	0.333333343	None
  7.13333368	0.0464444831	4.171109	4.171109	0.333333343	0.333333343	None
  7.166667	0.19101949	4.14597225	4.14597225	0.333333343	0.333333343	None
  7.23333359	0.418748081	1.99698651	1.99698651	0.333333343	0.333333343	None
  7.3	0.4557804	-0.0210088678	-0.0210088678	0.333333343	0.333333343	None
  7.766667	0.303577155	-0.728717566	-0.728717566	0.333333343	0.333333343	None
  7.833334	0.234253824	-1.71194768	-1.71194768	0.333333343	0.333333343	None
  7.90000057	0.07892083	-2.59251785	-2.59251785	0.333333343	0.333333343	None
  7.933334	-0.008876517	-2.49109554	-2.49109554	0.333333343	0.333333343	None
  7.966667	-0.08715204	-2.01732659	-2.01732659	0.333333343	0.333333343	None
  8	-0.143364027	-1.16618323	-1.16618323	0.333333343	0.333333343	None
  8.033334	-0.164897025	-0.282920539	-0.282920539	0.333333343	0.333333343	None
  8.066668	-0.162225649	0.148741692	0.148741692	0.333333343	0.333333343	None
  8.333334	-0.07316128	0.139696077	0.139696077	0.333333343	0.333333343	None
  8.400001	-0.07791166	-0.386119455	-0.386119455	0.333333343	0.333333343	None
  8.666667	-0.307188839	-0.3775376	-0.3775376	0.333333343	0.333333343	None
  8.733334	-0.302297741	0.6497968	0.6497968	0.333333343	0.333333343	None
  8.900001	-0.0446770266	1.764595	1.764595	0.333333343	0.333333343	None
  8.933333	0.0116066216	1.53843713	1.53843713	0.333333343	0.333333343	None
  9	0.08924746	0.643627644	0.643627644	0.333333343	0.333333343	None
  9.033334	0.1007934	0.173189938	0.173189938	0.333333343	0.333333343	None
  9.066668	0.100793608	3.129202E-06	3.129202E-06	0.333333343	0.333333343	None
  10.2000008	0.100793608	0	0	0.333333343	0.333333343	None
FLOAT UnityEngine.Animator||LeftHand.Middle.2 Stretched discrete=False keys=59 pre=ClampForever post=ClampForever
  0	0.496443927	-2.235174E-05	-2.235174E-05	0.333333343	0.333333343	None
  1.56666672	0.496443182	0	0	0.333333343	0.333333343	None
  1.9333334	0.560832143	0.301235974	0.301235974	0.333333343	0.333333343	None
  2.36666679	0.645313442	-1.788141E-06	-1.788141E-06	0.333333343	0.333333343	None
  3.36666679	0.6453129	1.16229166E-05	1.16229166E-05	0.333333343	0.333333343	None
  3.4333334	0.609997332	-1.85638571	-1.85638571	0.333333343	0.333333343	None
  3.53333354	0.2905295	-3.0752027	-3.0752027	0.333333343	0.333333343	None
  3.56666684	0.201230422	-1.87633824	-1.87633824	0.333333343	0.333333343	None
  3.60000014	0.1654404	1.78813934E-05	1.78813934E-05	0.333333343	0.333333343	None
  3.63333344	0.201231614	1.8763485	1.8763485	0.333333343	0.333333343	None
  3.70000029	0.406245917	3.46538758	3.46538758	0.333333343	0.333333343	None
  3.766667	0.609997451	1.85635412	1.85635412	0.333333343	0.333333343	None
  3.83333349	0.645313442	0	0	0.333333343	0.333333343	None
  4.766667	0.6453142	1.16229166E-05	1.16229166E-05	0.333333343	0.333333343	None
  4.83333349	0.6094065	-1.9301374	-1.9301374	0.333333343	0.333333343	None
  4.9333334	0.250181884	-4.012785	-4.012785	0.333333343	0.333333343	None
  4.9666667	0.121872418	-3.337358	-3.337358	0.333333343	0.333333343	None
  5.00000048	0.0276902057	-1.96170759	-1.96170759	0.333333343	0.333333343	None
  5.033334	-0.008909317	0.161297321	0.161297321	0.333333343	0.333333343	None
  5.066667	0.0384433568	2.48211884	2.48211884	0.333333343	0.333333343	None
  5.10000038	0.156565115	4.06740761	4.06740761	0.333333343	0.333333343	None
  5.166667	0.462191343	4.049946	4.049946	0.333333343	0.333333343	None
  5.20000029	0.579599738	2.47935319	2.47935319	0.333333343	0.333333343	None
  5.266667	0.629080355	0.0460499972	0.0460499972	0.333333343	0.333333343	None
  6.766667	0.64135164	-8.940705E-06	-8.940705E-06	0.333333343	0.333333343	None
  6.83333349	0.6012032	-2.15843654	-2.15843654	0.333333343	0.333333343	None
  6.933334	0.199252114	-4.493224	-4.493224	0.333333343	0.333333343	None
  6.966667	0.0555380024	-3.7388258	-3.7388258	0.333333343	0.333333343	None
  7.00000048	-0.0500026979	-2.19850349	-2.19850349	0.333333343	0.333333343	None
  7.033334	-0.0910287648	2.04443932E-05	2.04443932E-05	0.333333343	0.333333343	None
  7.066667	-0.0500013344	2.19855022	2.19855022	0.333333343	0.333333343	None
  7.10000038	0.05554112	3.73885942	3.73885942	0.333333343	0.333333343	None
  7.13333368	0.19925572	4.49323273	4.49323273	0.333333343	0.333333343	None
  7.23333359	0.6012034	2.15842	2.15842	0.333333343	0.333333343	None
  7.3	0.6413338	-0.00213325233	-0.00213325233	0.333333343	0.333333343	None
  7.766667	0.5811622	-0.362058342	-0.362058342	0.333333343	0.333333343	None
  7.833334	0.512510657	-2.66768312	-2.66768312	0.333333343	0.333333343	None
  7.90000057	0.228776947	-5.0393815	-5.0393815	0.333333343	0.333333343	None
  7.933334	0.0544834137	-5.005837	-5.005837	0.333333343	0.333333343	None
  7.966667	-0.1049452	-4.138605	-4.138605	0.333333343	0.333333343	None
  8	-0.221421659	-2.4240098	-2.4240098	0.333333343	0.333333343	None
  8.033334	-0.26654467	-0.5626489	-0.5626489	0.333333343	0.333333343	None
  8.066668	-0.258932084	0.423981547	0.423981547	0.333333343	0.333333343	None
  8.266667	-0.0541066751	1.00469565	1.00469565	0.333333343	0.333333343	None
  8.3	-0.0238758046	0.7610345	0.7610345	0.333333343	0.333333343	None
  8.333334	-0.00337123	0.420998633	0.420998633	0.333333343	0.333333343	None
  8.366667	0.00419092923	0.0600159056	0.0600159056	0.333333343	0.333333343	None
  8.400001	0.0006296675	-0.198993668	-0.198993668	0.333333343	0.333333343	None
  8.433333	-0.009075214	-0.360327423	-0.360327423	0.333333343	0.333333343	None
  8.533334	-0.05973524	-0.568621635	-0.568621635	0.333333343	0.333333343	None
  8.666667	-0.120236471	-0.199917838	-0.199917838	0.333333343	0.333333343	None
  8.700001	-0.123818934	0.209534213	0.209534213	0.333333343	0.333333343	None
  8.733334	-0.10626784	0.976742566	0.976742566	0.333333343	0.333333343	None
  8.766667	-0.0587023944	1.7626847	1.7626847	0.333333343	0.333333343	None
  8.8	0.0112440446	2.319952	2.319952	0.333333343	0.333333343	None
  8.866667	0.18787773	2.75346661	2.75346661	0.333333343	0.333333343	None
  9	0.479239672	0.9591223	0.9591223	0.333333343	0.333333343	None
  9.066668	0.496443927	-1.11760419E-05	-1.11760419E-05	0.333333343	0.333333343	None
  10.2000008	0.496443719	0	0	0.333333343	0.333333343	None
FLOAT UnityEngine.Animator||LeftHand.Middle.3 Stretched discrete=False keys=29 pre=ClampForever post=ClampForever
  0	0.7366769	7.152557E-06	7.152557E-06	0.333333343	0.333333343	None
  1.56666672	0.7366769	0	0	0.333333343	0.333333343	None
  1.9333334	0.8242524	0.409674	0.409674	0.333333343	0.333333343	None
  2.36666679	0.9391349	0	0	0.333333343	0.333333343	None
  3.36666679	0.9391349	-7.152564E-06	-7.152564E-06	0.333333343	0.333333343	None
  3.4333334	0.922151864	-0.891988158	-0.891988158	0.333333343	0.333333343	None
  3.60000014	0.7093325	4.47034836E-06	4.47034836E-06	0.333333343	0.333333343	None
  3.766667	0.922152	0.891984642	0.891984642	0.333333343	0.333333343	None
  3.86666679	0.9391349	-7.152564E-06	-7.152564E-06	0.333333343	0.333333343	None
  4.766667	0.9391344	-1.16229166E-05	-1.16229166E-05	0.333333343	0.333333343	None
  4.83333349	0.9216453	-0.93934	-0.93934	0.333333343	0.333333343	None
  5.033334	0.622341156	0.05721873	0.05721873	0.333333343	0.333333343	None
  5.20000029	0.891711056	1.16505611	1.16505611	0.333333343	0.333333343	None
  5.3	0.919061661	0.0575110838	0.0575110838	0.333333343	0.333333343	None
  6.766667	0.9337475	0	0	0.333333343	0.333333343	None
  6.83333349	0.9145595	-1.03062463	-1.03062463	0.333333343	0.333333343	None
  7.033334	0.5860584	1.25169754E-05	1.25169754E-05	0.333333343	0.333333343	None
  7.23333359	0.9145597	1.03061211	1.03061211	0.333333343	0.333333343	None
  7.33333349	0.9335522	-0.009463638	-0.009463638	0.333333343	0.333333343	None
  7.766667	0.8518939	-0.4921921	-0.4921921	0.333333343	0.333333343	None
  7.833334	0.7936828	-1.73669827	-1.73669827	0.333333343	0.333333343	None
  8	0.369152963	-1.350423	-1.350423	0.333333343	0.333333343	None
  8.066668	0.34748745	0.188144982	0.188144982	0.333333343	0.333333343	None
  8.366667	0.482794762	0.202524334	0.202524334	0.333333343	0.333333343	None
  8.666667	0.4978008	0.116222948	0.116222948	0.333333343	0.333333343	None
  8.766667	0.534607768	0.7200626	0.7200626	0.333333343	0.333333343	None
  9	0.7306724	0.335870564	0.335870564	0.333333343	0.333333343	None
  9.133334	0.7366771	-3.57633326E-06	-3.57633326E-06	0.333333343	0.333333343	None
  10.2000008	0.7366771	0	0	0.333333343	0.333333343	None
FLOAT UnityEngine.Animator||LeftHand.Middle.Spread discrete=False keys=35 pre=ClampForever post=ClampForever
  0	-2.16127062	-8.583068E-05	-8.583068E-05	0.333333343	0.333333343	None
  1.56666672	-2.16127372	8.583046E-05	8.583046E-05	0.333333343	0.333333343	None
  1.9000001	-1.90734148	1.43002653	1.43002653	0.333333343	0.333333343	None
  2.33333349	-1.4099381	0.0763446838	0.0763446838	0.333333343	0.333333343	None
  2.9333334	-1.40993786	0	0	0.333333343	0.333333343	None
  3.36666679	-1.4099381	0	0	0.333333343	0.333333343	None
  3.4333334	-1.4619683	-2.63417435	-2.63417435	0.333333343	0.333333343	None
  3.53333354	-1.86651969	-3.406323	-3.406323	0.333333343	0.333333343	None
  3.63333344	-1.96012652	1.93355978	1.93355978	0.333333343	0.333333343	None
  3.73333359	-1.58554971	4.06597	4.06597	0.333333343	0.333333343	None
  3.766667	-1.461974	2.63417673	2.63417673	0.333333343	0.333333343	None
  3.86666679	-1.40994334	-8.583077E-05	-8.583077E-05	0.333333343	0.333333343	None
  4.766667	-1.40994036	0	0	0.333333343	0.333333343	None
  4.83333349	-1.46387076	-2.786621	-2.786621	0.333333343	0.333333343	None
  4.9333334	-1.919337	-4.32873726	-4.32873726	0.333333343	0.333333343	None
  5.066667	-2.12837458	1.98080254	1.98080254	0.333333343	0.333333343	None
  5.166667	-1.72148621	4.668296	4.668296	0.333333343	0.333333343	None
  5.20000029	-1.57638025	3.17106771	3.17106771	0.333333343	0.333333343	None
  5.3	-1.49712145	0.184580863	0.184580863	0.333333343	0.333333343	None
  6.766667	-1.43245649	1.78813934E-06	1.78813934E-06	0.333333343	0.333333343	None
  6.83333349	-1.490387	-2.980427	-2.980427	0.333333343	0.333333343	None
  6.933334	-1.97048652	-4.4664135	-4.4664135	0.333333343	0.333333343	None
  7.066667	-2.18609548	1.76724482	1.76724482	0.333333343	0.333333343	None
  7.166667	-1.7972455	5.123582	5.123582	0.333333343	0.333333343	None
  7.23333359	-1.48470783	2.86332154	2.86332154	0.333333343	0.333333343	None
  7.3	-1.44034231	-0.243982911	-0.243982911	0.333333343	0.333333343	None
  7.766667	-1.76973677	-1.47795939	-1.47795939	0.333333343	0.333333343	None
  7.833334	-1.90859973	-3.31876421	-3.31876421	0.333333343	0.333333343	None
  8	-2.559543	-1.79682159	-1.79682159	0.333333343	0.333333343	None
  8.133334	-2.57058024	0.392966151	0.392966151	0.333333343	0.333333343	None
  8.5	-2.427818	-0.00747064874	-0.00747064874	0.333333343	0.333333343	None
  8.866667	-2.31665587	1.192954	1.192954	0.333333343	0.333333343	None
  9.033334	-2.16127062	0.14720124	0.14720124	0.333333343	0.333333343	None
  9.500001	-2.161271	-4.649213E-05	-4.649213E-05	0.333333343	0.333333343	None
  10.2000008	-2.16127062	0	0	0.333333343	0.333333343	None
FLOAT UnityEngine.Animator||LeftHand.Ring.1 Stretched discrete=False keys=69 pre=ClampForever post=ClampForever
  0	-0.0382448174	2.45869142E-05	2.45869142E-05	0.333333343	0.333333343	None
  1.56666672	-0.0382433124	1.09139364E-11	1.09139364E-11	0.333333343	0.333333343	None
  1.63333344	-0.0362241156	0.117356569	0.117356569	0.333333343	0.333333343	None
  1.73333347	-0.008983499	0.406418979	0.406418979	0.333333343	0.333333343	None
  1.76666677	0.00588235771	0.479803622	0.479803622	0.333333343	0.333333343	None
  2.30000019	0.292732418	0.115175508	0.115175508	0.333333343	0.333333343	None
  2.4333334	0.294713676	0	0	0.333333343	0.333333343	None
  3.36666679	0.294713348	-4.91738774E-06	-4.91738774E-06	0.333333343	0.333333343	None
  3.4	0.294713348	-0.5787046	-0.5787046	0.333333343	0.333333343	None
  3.4333334	0.25613308	-2.026466	-2.026466	0.333333343	0.333333343	None
  3.466667	0.159615055	-3.33221722	-3.33221722	0.333333343	0.333333343	None
  3.50000024	0.03398479	-3.77170944	-3.77170944	0.333333343	0.333333343	None
  3.53333354	-0.0918320045	-3.34106088	-3.34106088	0.333333343	0.333333343	None
  3.56666684	-0.1887524	-2.035785	-2.035785	0.333333343	0.333333343	None
  3.60000014	-0.227550879	1.43051147E-05	1.43051147E-05	0.333333343	0.333333343	None
  3.63333344	-0.188751444	2.03580618	2.03580618	0.333333343	0.333333343	None
  3.66666675	-0.0918306038	3.34105778	3.34105778	0.333333343	0.333333343	None
  3.70000029	0.03398643	3.77169657	3.77169657	0.333333343	0.333333343	None
  3.73333359	0.1596165	3.33221245	3.33221245	0.333333343	0.333333343	None
  3.766667	0.2561337	2.02645969	2.02645969	0.333333343	0.333333343	None
  3.80000019	0.294713676	0.5786952	0.5786952	0.333333343	0.333333343	None
  3.83333349	0.294713348	-4.47035245E-06	-4.47035245E-06	0.333333343	0.333333343	None
  4.766667	0.2947128	-4.023318E-06	-4.023318E-06	0.333333343	0.333333343	None
  4.8	0.294713348	-0.592672169	-0.592672169	0.333333343	0.333333343	None
  4.83333349	0.25520137	-2.12233829	-2.12233829	0.333333343	0.333333343	None
  4.866667	0.15322426	-3.62427664	-3.62427664	0.333333343	0.333333343	None
  4.9	0.0135831535	-4.38108	-4.38108	0.333333343	0.333333343	None
  4.9333334	-0.13884747	-4.38916254	-4.38916254	0.333333343	0.333333343	None
  5.00000048	-0.381720364	-2.13819265	-2.13819265	0.333333343	0.333333343	None
  5.033334	-0.42157492	0.148224831	0.148224831	0.333333343	0.333333343	None
  5.066667	-0.371838719	2.61207747	2.61207747	0.333333343	0.333333343	None
  5.10000038	-0.247436583	4.293762	4.293762	0.333333343	0.333333343	None
  5.13333368	-0.0855881646	4.86111069	4.86111069	0.333333343	0.333333343	None
  5.166667	0.07663716	4.320217	4.320217	0.333333343	0.333333343	None
  5.20000029	0.202426046	2.6770947	2.6770947	0.333333343	0.333333343	None
  5.23333359	0.255109966	0.84645766	0.84645766	0.333333343	0.333333343	None
  5.266667	0.2588565	0.107665315	0.107665315	0.333333343	0.333333343	None
  6.3	0.285922855	1.20699515E-05	1.20699515E-05	0.333333343	0.333333343	None
  6.766667	0.285922348	-1.20699515E-05	-1.20699515E-05	0.333333343	0.333333343	None
  6.8	0.2859218	-0.6557109	-0.6557109	0.333333343	0.333333343	None
  6.83333349	0.242208332	-2.348115	-2.348115	0.333333343	0.333333343	None
  6.866667	0.129380971	-4.0099926	-4.0099926	0.333333343	0.333333343	None
  6.90000057	-0.0251264777	-4.847592	-4.847592	0.333333343	0.333333343	None
  6.933334	-0.193793729	-4.85674238	-4.85674238	0.333333343	0.333333343	None
  7.00000048	-0.4625326	-2.36580682	-2.36580682	0.333333343	0.333333343	None
  7.033334	-0.5066293	-0.0012087822	-0.0012087822	0.333333343	0.333333343	None
  7.10000038	-0.349199682	4.0237484	4.0237484	0.333333343	0.333333343	None
  7.13333368	-0.194363564	4.848833	4.848833	0.333333343	0.333333343	None
  7.166667	-0.0259444453	4.84259367	4.84259367	0.333333343	0.333333343	None
  7.20000029	0.128475711	4.012141	4.012141	0.333333343	0.333333343	None
  7.23333359	0.241531387	2.36170053	2.36170053	0.333333343	0.333333343	None
  7.266667	0.285922259	0.6751987	0.6751987	0.333333343	0.333333343	None
  7.3	0.2865446	0.00780702429	0.00780702429	0.333333343	0.333333343	None
  7.766667	0.149455562	-0.7483825	-0.7483825	0.333333343	0.333333343	None
  7.8	0.123063348	-1.1013149	-1.1013149	0.333333343	0.333333343	None
  7.833334	0.0760339648	-1.85269809	-1.85269809	0.333333343	0.333333343	None
  7.86666727	-0.0004504079	-2.5376513	-2.5376513	0.333333343	0.333333343	None
  7.90000057	-0.09314263	-2.82405567	-2.82405567	0.333333343	0.333333343	None
  8	-0.334622949	-1.26055861	-1.26055861	0.333333343	0.333333343	None
  8.066668	-0.354384571	0.1818515	0.1818515	0.333333343	0.333333343	None
  8.333334	-0.247625381	0.175345734	0.175345734	0.333333343	0.333333343	None
  8.400001	-0.253519326	-0.5036337	-0.5036337	0.333333343	0.333333343	None
  8.666667	-0.55792	-0.5020561	-0.5020561	0.333333343	0.333333343	None
  8.766667	-0.511954248	1.4909029	1.4909029	0.333333343	0.333333343	None
  8.966667	-0.09318936	1.4902184	1.4902184	0.333333343	0.333333343	None
  9	-0.0530356839	0.824174345	0.824174345	0.333333343	0.333333343	None
  9.033334	-0.0382448174	0.22187233	0.22187233	0.333333343	0.333333343	None
  9.066668	-0.0382439978	6.14647161E-06	6.14647161E-06	0.333333343	0.333333343	None
  10.2000008	-0.0382448174	0	0	0.333333343	0.333333343	None
FLOAT UnityEngine.Animator||LeftHand.Ring.2 Stretched discrete=False keys=55 pre=ClampForever post=ClampForever
  0	0.238659471	5.5432316E-05	5.5432316E-05	0.333333343	0.333333343	None
  1.56666672	0.238658816	-9.83477548E-06	-9.83477548E-06	0.333333343	0.333333343	None
  1.66666675	0.250408679	0.338179469	0.338179469	0.333333343	0.333333343	None
  2.30000019	0.7335925	0.171763465	0.171763465	0.333333343	0.333333343	None
  2.50000024	0.7365492	-5.364519E-06	-5.364519E-06	0.333333343	0.333333343	None
  3.36666679	0.736549437	3.576282E-06	3.576282E-06	0.333333343	0.333333343	None
  3.4333334	0.6947387	-2.200881	-2.200881	0.333333343	0.333333343	None
  3.53333354	0.314299166	-3.68067169	-3.68067169	0.333333343	0.333333343	None
  3.56666684	0.207198739	-2.25184751	-2.25184751	0.333333343	0.333333343	None
  3.60000014	0.164176136	4.35709953E-05	4.35709953E-05	0.333333343	0.333333343	None
  3.63333344	0.207201645	2.25183964	2.25183964	0.333333343	0.333333343	None
  3.70000029	0.4525801	4.1328907	4.1328907	0.333333343	0.333333343	None
  3.766667	0.69473654	2.20084047	2.20084047	0.333333343	0.333333343	None
  3.83333349	0.7365486	3.397468E-05	3.397468E-05	0.333333343	0.333333343	None
  4.766667	0.736549735	1.25169872E-05	1.25169872E-05	0.333333343	0.333333343	None
  4.83333349	0.693499744	-2.31761575	-2.31761575	0.333333343	0.333333343	None
  4.9333334	0.2599082	-4.87377644	-4.87377644	0.333333343	0.333333343	None
  4.9666667	0.103668548	-4.07103443	-4.07103443	0.333333343	0.333333343	None
  5.00000048	-0.0114954729	-2.40030384	-2.40030384	0.333333343	0.333333343	None
  5.033334	-0.0563532	0.146425188	0.146425188	0.333333343	0.333333343	None
  5.066667	-0.00173380552	2.85979557	2.85979557	0.333333343	0.333333343	None
  5.10000038	0.134299666	4.67740536	4.67740536	0.333333343	0.333333343	None
  5.13333368	0.310092926	5.26201057	5.26201057	0.333333343	0.333333343	None
  5.20000029	0.6202698	2.885739	2.885739	0.333333343	0.333333343	None
  5.266667	0.682786763	0.152724236	0.152724236	0.333333343	0.333333343	None
  6.466667	0.7234374	-8.940705E-06	-8.940705E-06	0.333333343	0.333333343	None
  6.766667	0.723436832	8.940705E-06	8.940705E-06	0.333333343	0.333333343	None
  6.83333349	0.6761603	-2.545856	-2.545856	0.333333343	0.333333343	None
  6.90000057	0.384994984	-5.3152523	-5.3152523	0.333333343	0.333333343	None
  6.933334	0.199361041	-5.366332	-5.366332	0.333333343	0.333333343	None
  6.966667	0.0272398423	-4.48634863	-4.48634863	0.333333343	0.333333343	None
  7.00000048	-0.09972857	-2.64675713	-2.64675713	0.333333343	0.333333343	None
  7.033334	-0.149210453	2.17556953E-05	2.17556953E-05	0.333333343	0.333333343	None
  7.066667	-0.09972712	2.6467936	2.6467936	0.333333343	0.333333343	None
  7.10000038	0.0272422731	4.486378	4.486378	0.333333343	0.333333343	None
  7.13333368	0.199364454	5.36633873	5.36633873	0.333333343	0.333333343	None
  7.20000029	0.553712845	4.36748457	4.36748457	0.333333343	0.333333343	None
  7.23333359	0.6761632	2.5458622	2.5458622	0.333333343	0.333333343	None
  7.3	0.7233774	-0.007081933	-0.007081933	0.333333343	0.333333343	None
  7.766667	0.5233566	-1.20864916	-1.20864916	0.333333343	0.333333343	None
  7.833334	0.399433553	-3.24579668	-3.24579668	0.333333343	0.333333343	None
  7.90000057	0.09724961	-5.11031771	-5.11031771	0.333333343	0.333333343	None
  7.933334	-0.07673253	-4.95529842	-4.95529842	0.333333343	0.333333343	None
  8	-0.346090257	-2.34648848	-2.34648848	0.333333343	0.333333343	None
  8.033334	-0.389534742	-0.5571102	-0.5571102	0.333333343	0.333333343	None
  8.066668	-0.383231431	0.350961655	0.350961655	0.333333343	0.333333343	None
  8.333334	-0.172053769	0.347040564	0.347040564	0.333333343	0.333333343	None
  8.6	-0.283286363	-0.559152961	-0.559152961	0.333333343	0.333333343	None
  8.666667	-0.311569571	-0.234785825	-0.234785825	0.333333343	0.333333343	None
  8.733334	-0.3000139	0.877405047	0.877405047	0.333333343	0.333333343	None
  8.866667	-0.0363473967	2.46151924	2.46151924	0.333333343	0.333333343	None
  8.900001	0.04551159	2.35104084	2.35104084	0.333333343	0.333333343	None
  9	0.22337164	0.8526101	0.8526101	0.333333343	0.333333343	None
  9.066668	0.238657847	2.45914543E-06	2.45914543E-06	0.333333343	0.333333343	None
  10.2000008	0.2386598	0	0	0.333333343	0.333333343	None
FLOAT UnityEngine.Animator||LeftHand.Ring.3 Stretched discrete=False keys=30 pre=ClampForever post=ClampForever
  0	0.6217007	-5.36441758E-06	-5.36441758E-06	0.333333343	0.333333343	None
  1.56666672	0.6217007	0	0	0.333333343	0.333333343	None
  1.83333337	0.6851544	0.468482256	0.468482256	0.333333343	0.333333343	None
  2.33333349	0.885708153	0.0236705169	0.0236705169	0.333333343	0.333333343	None
  3.36666679	0.885708153	-1.69873383E-05	-1.69873383E-05	0.333333343	0.333333343	None
  3.4333334	0.867205262	-0.9722645	-0.9722645	0.333333343	0.333333343	None
  3.60000014	0.634708345	7.15255737E-06	7.15255737E-06	0.333333343	0.333333343	None
  3.766667	0.8672061	0.972267747	0.972267747	0.333333343	0.333333343	None
  3.86666679	0.8857086	6.25849361E-06	6.25849361E-06	0.333333343	0.333333343	None
  4.766667	0.885707557	-8.940705E-06	-8.940705E-06	0.333333343	0.333333343	None
  4.83333349	0.86657995	-1.0278405	-1.0278405	0.333333343	0.333333343	None
  5.033334	0.53798157	0.0563944	0.0563944	0.333333343	0.333333343	None
  5.20000029	0.8288616	1.262728	1.262728	0.333333343	0.333333343	None
  5.3	0.8596115	0.07479258	0.07479258	0.333333343	0.333333343	None
  6.766667	0.878705263	-5.364423E-06	-5.364423E-06	0.333333343	0.333333343	None
  6.83333349	0.8578342	-1.12164092	-1.12164092	0.333333343	0.333333343	None
  7.033334	0.499003828	1.87754631E-05	1.87754631E-05	0.333333343	0.333333343	None
  7.23333359	0.857835	1.12162936	1.12162936	0.333333343	0.333333343	None
  7.33333349	0.878453	-0.0122861881	-0.0122861881	0.333333343	0.333333343	None
  7.766667	0.772168934	-0.641620755	-0.641620755	0.333333343	0.333333343	None
  7.833334	0.69909656	-2.11441755	-2.11441755	0.333333343	0.333333343	None
  7.966667	0.266006321	-2.80102682	-2.80102682	0.333333343	0.333333343	None
  8	0.18757382	-1.62969768	-1.62969768	0.333333343	0.333333343	None
  8.033334	0.1573606	-0.398954034	-0.398954034	0.333333343	0.333333343	None
  8.066668	0.160976529	0.203811228	0.203811228	0.333333343	0.333333343	None
  8.366667	0.322096378	0.346179217	0.346179217	0.333333343	0.333333343	None
  8.700001	0.38217327	0.476930678	0.476930678	0.333333343	0.333333343	None
  9	0.6163704	0.300252348	0.300252348	0.333333343	0.333333343	None
  9.133334	0.6217007	-8.04652E-06	-8.04652E-06	0.333333343	0.333333343	None
  10.2000008	0.6217007	0	0	0.333333343	0.333333343	None
FLOAT UnityEngine.Animator||LeftHand.Ring.Spread discrete=False keys=60 pre=ClampForever post=ClampForever
  0	0.9614825	8.583068E-05	8.583068E-05	0.333333343	0.333333343	None
  1.56666672	0.9614854	1.60071068E-10	1.60071068E-10	0.333333343	0.333333343	None
  1.7	0.909314632	-0.986389339	-0.986389339	0.333333343	0.333333343	None
  2.13333344	0.10280364	-1.751312	-1.751312	0.333333343	0.333333343	None
  2.2	-0.00103852956	-1.32436883	-1.32436883	0.333333343	0.333333343	None
  2.30000019	-0.090159446	-0.385207176	-0.385207176	0.333333343	0.333333343	None
  2.36666679	-0.09679123	4.325066E-05	4.325066E-05	0.333333343	0.333333343	None
  3.36666679	-0.09679124	1.67638223E-06	1.67638223E-06	0.333333343	0.333333343	None
  3.4	-0.09679124	0.7282296	0.7282296	0.333333343	0.333333343	None
  3.4333334	-0.0482426435	2.48590279	2.48590279	0.333333343	0.333333343	None
  3.466667	0.0689362958	3.912735	3.912735	0.333333343	0.333333343	None
  3.50000024	0.212606952	4.167965	4.167965	0.333333343	0.333333343	None
  3.56666684	0.44366163	2.010737	2.010737	0.333333343	0.333333343	None
  3.60000014	0.480849355	0	0	0.333333343	0.333333343	None
  3.66666675	0.346800238	-3.4658103	-3.4658103	0.333333343	0.333333343	None
  3.70000029	0.212606877	-4.1680336	-4.1680336	0.333333343	0.333333343	None
  3.73333359	0.06893063	-3.91270185	-3.91270185	0.333333343	0.333333343	None
  3.766667	-0.04823966	-2.4858315	-2.4858315	0.333333343	0.333333343	None
  3.80000019	-0.09679132	-0.728274345	-0.728274345	0.333333343	0.333333343	None
  3.83333349	-0.09679124	-4.146252E-05	-4.146252E-05	0.333333343	0.333333343	None
  4.766667	-0.0967912748	4.325066E-05	4.325066E-05	0.333333343	0.333333343	None
  4.8	-0.09679124	0.7630784	0.7630784	0.333333343	0.333333343	None
  4.83333349	-0.04591943	2.66090441	2.66090441	0.333333343	0.333333343	None
  4.866667	0.08060222	4.336001	4.336001	0.333333343	0.333333343	None
  4.9	0.243147016	4.896451	4.896451	0.333333343	0.333333343	None
  4.9666667	0.545505643	3.48599482	3.48599482	0.333333343	0.333333343	None
  5.033334	0.6741356	-0.03802395	-0.03802395	0.333333343	0.333333343	None
  5.10000038	0.536750853	-3.670722	-3.670722	0.333333343	0.333333343	None
  5.13333368	0.392183244	-4.57846928	-4.57846928	0.333333343	0.333333343	None
  5.166667	0.231519848	-4.44661331	-4.44661331	0.333333343	0.333333343	None
  5.20000029	0.09574263	-2.9504776	-2.9504776	0.333333343	0.333333343	None
  5.23333359	0.03482153	-1.01091325	-1.01091325	0.333333343	0.333333343	None
  5.266667	0.0283484738	-0.193269521	-0.193269521	0.333333343	0.333333343	None
  5.4333334	-0.00262640533	-0.176144734	-0.176144734	0.333333343	0.333333343	None
  6.033334	-0.06717397	-0.0133879241	-0.0133879241	0.333333343	0.333333343	None
  6.266667	-0.06739712	-4.325066E-05	-4.325066E-05	0.333333343	0.333333343	None
  6.766667	-0.06739712	4.28036255E-05	4.28036255E-05	0.333333343	0.333333343	None
  6.8	-0.06739428	0.809598267	0.809598267	0.333333343	0.333333343	None
  6.83333349	-0.0134239485	2.81417656	2.81417656	0.333333343	0.333333343	None
  6.866667	0.120217316	4.5579	4.5579	0.333333343	0.333333343	None
  6.90000057	0.2904382	5.0946846	5.0946846	0.333333343	0.333333343	None
  6.966667	0.600530148	3.512237	3.512237	0.333333343	0.333333343	None
  7.033334	0.728010058	-0.04834777	-0.04834777	0.333333343	0.333333343	None
  7.13333368	0.441276968	-4.861457	-4.861457	0.333333343	0.333333343	None
  7.166667	0.265906274	-5.199091	-5.199091	0.333333343	0.333333343	None
  7.20000029	0.09467122	-4.46749	-4.46749	0.333333343	0.333333343	None
  7.23333359	-0.0319261327	-2.430985	-2.430985	0.333333343	0.333333343	None
  7.266667	-0.0673943	-0.161618859	-0.161618859	0.333333343	0.333333343	None
  7.3	-0.0427007154	0.7280167	0.7280167	0.333333343	0.333333343	None
  7.466667	0.07664256	0.7620491	0.7620491	0.333333343	0.333333343	None
  7.766667	0.40551132	1.58610964	1.58610964	0.333333343	0.333333343	None
  7.833334	0.5462021	3.176363	3.176363	0.333333343	0.333333343	None
  8	1.18135643	1.97729635	1.97729635	0.333333343	0.333333343	None
  8.1	1.22605848	-0.0948419645	-0.0948419645	0.333333343	0.333333343	None
  8.366667	1.1552453	-0.0420826748	-0.0420826748	0.333333343	0.333333343	None
  8.633334	1.12570655	-0.191572145	-0.191572145	0.333333343	0.333333343	None
  8.833334	1.08138657	-0.5889522	-0.5889522	0.333333343	0.333333343	None
  9.033334	0.9614825	-0.09359622	-0.09359622	0.333333343	0.333333343	None
  9.366667	0.9614825	4.29147731E-05	4.29147731E-05	0.333333343	0.333333343	None
  10.2000008	0.9614825	0	0	0.333333343	0.333333343	None
FLOAT UnityEngine.Animator||LeftHand.Thumb.1 Stretched discrete=False keys=21 pre=ClampForever post=ClampForever
  0	-1.88562953	0.00218153	0.00218153	0.333333343	0.333333343	None
  1.63333344	-1.76318979	0.108659968	0.108659968	0.333333343	0.333333343	None
  3.266667	-1.71960282	-1.9669551E-05	-1.9669551E-05	0.333333343	0.333333343	None
  3.50000024	-1.757658	-0.5331342	-0.5331342	0.333333343	0.333333343	None
  3.66666675	-1.77516329	0.459334016	0.459334016	0.333333343	0.333333343	None
  3.83333349	-1.71960258	1.9669551E-05	1.9669551E-05	0.333333343	0.333333343	None
  4.766667	-1.71960044	8.940706E-06	8.940706E-06	0.333333343	0.333333343	None
  4.9333334	-1.7881248	-0.6596309	-0.6596309	0.333333343	0.333333343	None
  5.13333368	-1.801015	0.442944	0.442944	0.333333343	0.333333343	None
  5.666667	-1.73329318	0.0287586711	0.0287586711	0.333333343	0.333333343	None
  6.766667	-1.72946608	-3.57628232E-05	-3.57628232E-05	0.333333343	0.333333343	None
  6.966667	-1.81470776	-0.5023478	-0.5023478	0.333333343	0.333333343	None
  7.20000029	-1.75173783	0.55695945	0.55695945	0.333333343	0.333333343	None
  7.466667	-1.7292825	-0.0369823352	-0.0369823352	0.333333343	0.333333343	None
  7.766667	-1.79910874	-0.51755774	-0.51755774	0.333333343	0.333333343	None
  7.86666727	-1.91373062	-2.00064731	-2.00064731	0.333333343	0.333333343	None
  8.033334	-2.19261479	-0.1941643	-0.1941643	0.333333343	0.333333343	None
  8.3	-2.12614536	0.341073573	0.341073573	0.333333343	0.333333343	None
  8.766667	-1.97430313	-0.114053324	-0.114053324	0.333333343	0.333333343	None
  9.266667	-2.0320487	-0.07576712	-0.07576712	0.333333343	0.333333343	None
  10.2000008	-2.082806	0	0	0.333333343	0.333333343	None
FLOAT UnityEngine.Animator||LeftHand.Thumb.2 Stretched discrete=False keys=28 pre=ClampForever post=ClampForever
  0	0.196504518	-0.0003996491	-0.0003996491	0.333333343	0.333333343	None
  1.56666672	0.171042755	-0.02886278	-0.02886278	0.333333343	0.333333343	None
  1.9333334	0.139448568	-0.123877719	-0.123877719	0.333333343	0.333333343	None
  2.33333349	0.10601981	-0.005114195	-0.005114195	0.333333343	0.333333343	None
  3.03333354	0.106019296	-9.611259E-06	-9.611259E-06	0.333333343	0.333333343	None
  3.36666679	0.10601981	-1.16229166E-05	-1.16229166E-05	0.333333343	0.333333343	None
  3.4333334	0.108721487	0.141951859	0.141951859	0.333333343	0.333333343	None
  3.60000014	0.142590538	0	0	0.333333343	0.333333343	None
  3.766667	0.108721733	-0.14194867	-0.14194867	0.333333343	0.333333343	None
  3.86666679	0.10601981	1.78814116E-05	1.78814116E-05	0.333333343	0.333333343	None
  4.766667	0.10601981	-3.91155845E-06	-3.91155845E-06	0.333333343	0.333333343	None
  4.83333349	0.108897351	0.154594734	0.154594734	0.333333343	0.333333343	None
  5.033334	0.158164233	-0.000215694308	-0.000215694308	0.333333343	0.333333343	None
  5.20000029	0.120757364	-0.173423082	-0.173423082	0.333333343	0.333333343	None
  5.3	0.11511334	-0.02604774	-0.02604774	0.333333343	0.333333343	None
  6.433334	0.108460389	1.7434375E-05	1.7434375E-05	0.333333343	0.333333343	None
  6.766667	0.108461551	0	0	0.333333343	0.333333343	None
  6.83333349	0.111454293	0.16074349	0.16074349	0.333333343	0.333333343	None
  7.033334	0.162686571	0	0	0.333333343	0.333333343	None
  7.23333359	0.111453712	-0.160733983	-0.160733983	0.333333343	0.333333343	None
  7.33333349	0.109393068	0.0267749429	0.0267749429	0.333333343	0.333333343	None
  7.766667	0.138296247	0.06702712	0.06702712	0.333333343	0.333333343	None
  7.90000057	0.151078537	0.128198758	0.128198758	0.333333343	0.333333343	None
  8.033334	0.163748443	0.0327410623	0.0327410623	0.333333343	0.333333343	None
  8.466667	0.17609939	0.06650502	0.06650502	0.333333343	0.333333343	None
  8.766667	0.189204529	0.00132877915	0.00132877915	0.333333343	0.333333343	None
  9.3	0.189080939	0.008957687	0.008957687	0.333333343	0.333333343	None
  10.2000008	0.197195664	0	0	0.333333343	0.333333343	None
FLOAT UnityEngine.Animator||LeftHand.Thumb.3 Stretched discrete=False keys=13 pre=ClampForever post=ClampForever
  0	0.6243269	-1.25169745E-05	-1.25169745E-05	0.333333343	0.333333343	None
  1.63333344	0.624326468	0	0	0.333333343	0.333333343	None
  3.266667	0.624325335	2.68221152E-06	2.68221152E-06	0.333333343	0.333333343	None
  4.9333334	0.624325335	0	0	0.333333343	0.333333343	None
  6.566667	0.624325335	0	0	0.333333343	0.333333343	None
  7.766667	0.624325335	-3.576282E-06	-3.576282E-06	0.333333343	0.333333343	None
  7.833334	0.609186947	-0.812808752	-0.812808752	0.333333343	0.333333343	None
  8	0.365967035	-0.8140157	-0.8140157	0.333333343	0.333333343	None
  8.1	0.356970817	0.174228773	0.174228773	0.333333343	0.333333343	None
  8.366667	0.447141081	0.381520331	0.381520331	0.333333343	0.333333343	None
  8.733334	0.599532664	0.221335515	0.221335515	0.333333343	0.333333343	None
  9.266667	0.624326468	0	0	0.333333343	0.333333343	None
  10.2000008	0.6243271	0	0	0.333333343	0.333333343	None
FLOAT UnityEngine.Animator||LeftHand.Thumb.Spread discrete=False keys=53 pre=ClampForever post=ClampForever
  0	-0.333004236	0.0007760524	0.0007760524	0.333333343	0.333333343	None
  1.56666672	-0.2925564	0.04033413	0.04033413	0.333333343	0.333333343	None
  1.7	-0.272546619	0.315929025	0.315929025	0.333333343	0.333333343	None
  2.23333335	-0.00034771816	0.282205671	0.282205671	0.333333343	0.333333343	None
  2.30000019	0.012805107	0.102696091	0.102696091	0.333333343	0.333333343	None
  2.36666679	0.0145704476	-7.34814239E-06	-7.34814239E-06	0.333333343	0.333333343	None
  3.36666679	0.0145704476	-4.19095549E-08	-4.19095549E-08	0.333333343	0.333333343	None
  3.4	0.0145704448	-0.21378161	-0.21378161	0.333333343	0.333333343	None
  3.4333334	0.000318354054	-0.750453949	-0.750453949	0.333333343	0.333333343	None
  3.466667	-0.03546002	-1.23894572	-1.23894572	0.333333343	0.333333343	None
  3.50000024	-0.0822782	-1.4095912	-1.4095912	0.333333343	0.333333343	None
  3.56666684	-0.165921852	-0.7670461	-0.7670461	0.333333343	0.333333343	None
  3.60000014	-0.180569038	-1.78813934E-06	-1.78813934E-06	0.333333343	0.333333343	None
  3.66666675	-0.129431084	1.25465274	1.25465274	0.333333343	0.333333343	None
  3.70000029	-0.0822782	1.409574	1.409574	0.333333343	0.333333343	None
  3.73333359	-0.0354592279	1.2389524	1.2389524	0.333333343	0.333333343	None
  3.766667	0.000318555074	0.750451446	0.750451446	0.333333343	0.333333343	None
  3.80000019	0.0145708248	0.21377559	0.21377559	0.333333343	0.333333343	None
  3.83333349	0.0145702474	-1.31316619E-06	-1.31316619E-06	0.333333343	0.333333343	None
  4.766667	0.0145704318	-1.687558E-05	-1.687558E-05	0.333333343	0.333333343	None
  4.8	0.0145707373	-0.225379691	-0.225379691	0.333333343	0.333333343	None
  4.83333349	-0.000454866822	-0.809505463	-0.809505463	0.333333343	0.333333343	None
  4.866667	-0.0393962376	-1.38894153	-1.38894153	0.333333343	0.333333343	None
  4.9333334	-0.1520328	-1.70357037	-1.70357037	0.333333343	0.333333343	None
  5.033334	-0.2624488	0.0121577978	0.0121577978	0.333333343	0.333333343	None
  5.13333368	-0.15103884	1.61927915	1.61927915	0.333333343	0.333333343	None
  5.20000029	-0.05399441	0.94096756	0.94096756	0.333333343	0.333333343	None
  5.23333359	-0.03410374	0.36423552	0.36423552	0.333333343	0.333333343	None
  5.266667	-0.0297120642	0.126386255	0.126386255	0.333333343	0.333333343	None
  5.666667	-0.000380122685	0.0313673466	0.0313673466	0.333333343	0.333333343	None
  5.73333359	0.00137582154	0.0217779242	0.0217779242	0.333333343	0.333333343	None
  6.10000038	0.003787619	2.05007564E-05	2.05007564E-05	0.333333343	0.333333343	None
  6.766667	0.003788169	-3.13169148E-05	-3.13169148E-05	0.333333343	0.333333343	None
  6.8	0.00378731219	-0.238083169	-0.238083169	0.333333343	0.333333343	None
  6.83333349	-0.0120840268	-0.8549206	-0.8549206	0.333333343	0.333333343	None
  6.866667	-0.05320734	-1.46664524	-1.46664524	0.333333343	0.333333343	None
  6.933334	-0.172117919	-1.797883	-1.797883	0.333333343	0.333333343	None
  7.033334	-0.288605839	1.25169754E-05	1.25169754E-05	0.333333343	0.333333343	None
  7.13333368	-0.172117233	1.79787266	1.79787266	0.333333343	0.333333343	None
  7.20000029	-0.05320835	1.46662545	1.46662545	0.333333343	0.333333343	None
  7.23333359	-0.0120850261	0.854941845	0.854941845	0.333333343	0.333333343	None
  7.266667	0.00378772034	0.223130181	0.223130181	0.333333343	0.333333343	None
  7.3	0.00279030483	-0.0585043728	-0.0585043728	0.333333343	0.333333343	None
  7.36666727	-0.00477981	-0.164394021	-0.164394021	0.333333343	0.333333343	None
  7.766667	-0.150130033	-0.4706101	-0.4706101	0.333333343	0.333333343	None
  7.833334	-0.187414855	-0.7825098	-0.7825098	0.333333343	0.333333343	None
  8	-0.351398826	-0.599313855	-0.599313855	0.333333343	0.333333343	None
  8.1	-0.3723471	-0.0546007827	-0.0546007827	0.333333343	0.333333343	None
  8.400001	-0.377768219	-0.150467932	-0.150467932	0.333333343	0.333333343	None
  8.766667	-0.4236748	0.143458933	0.143458933	0.333333343	0.333333343	None
  9.033334	-0.3799071	0.0009405492	0.0009405492	0.333333343	0.333333343	None
  9.6	-0.395178229	-0.0269723237	-0.0269723237	0.333333343	0.333333343	None
  10.2000008	-0.404370427	0	0	0.333333343	0.333333343	None
FLOAT UnityEngine.Animator||LeftHandQ.w discrete=False keys=139 pre=ClampForever post=ClampForever
  0	-0.6233943	0.450696915	0.450696915	0.333333343	0.333333343	None
  0.13333334	-0.56550926	0.1484728	0.1484728	0.333333343	0.333333343	None
  0.333333343	-0.598266959	-0.357442826	-0.357442826	0.333333343	0.333333343	None
  0.9333334	-0.627887666	0.00303446129	0.00303446129	0.333333343	0.333333343	None
  1.36666679	-0.6299964	0.007176685	0.007176685	0.333333343	0.333333343	None
  1.4666667	-0.6305764	-0.08780363	-0.08780363	0.333333343	0.333333343	None
  1.50000012	-0.637129247	-0.524066269	-0.524066269	0.333333343	0.333333343	None
  1.60000014	-0.729495645	-0.446727246	-0.446727246	0.333333343	0.333333343	None
  1.7	-0.693148	1.4598546	1.4598546	0.333333343	0.333333343	None
  1.83333337	-0.381575048	2.02700949	2.02700949	0.333333343	0.333333343	None
  1.9000001	-0.276551545	1.62520337	1.62520337	0.333333343	0.333333343	None
  1.9333334	-0.217310756	1.52688849	1.52688849	0.333333343	0.333333343	None
  1.96666682	-0.174758926	0.940184355	0.940184355	0.333333343	0.333333343	None
  2	-0.154631779	0.436603367	0.436603367	0.333333343	0.333333343	None
  2.03333354	-0.145652071	0.0113521665	0.0113521665	0.333333343	0.333333343	None
  2.06666684	-0.1538749	-0.3908673	-0.3908673	0.333333343	0.333333343	None
  2.10000014	-0.171709865	-0.4309335	-0.4309335	0.333333343	0.333333343	None
  2.13333344	-0.182603776	0.2858918	0.2858918	0.333333343	0.333333343	None
  2.16666675	-0.152650431	0.994001865	0.994001865	0.333333343	0.333333343	None
  2.2	-0.116337046	0.348995268	0.348995268	0.333333343	0.333333343	None
  2.23333335	-0.1293841	-0.354768276	-0.354768276	0.333333343	0.333333343	None
  2.266667	-0.139988318	0.192993179	0.192993179	0.333333343	0.333333343	None
  2.30000019	-0.116517976	0.649561644	0.649561644	0.333333343	0.333333343	None
  2.33333349	-0.09668425	0.303405732	0.303405732	0.333333343	0.333333343	None
  2.36666679	-0.096290946	0.21222797	0.21222797	0.333333343	0.333333343	None
  2.4	-0.08253573	0.330477625	0.330477625	0.333333343	0.333333343	None
  2.4333334	-0.0742591247	0.100542478	0.100542478	0.333333343	0.333333343	None
  2.4666667	-0.0758329	-0.08638029	-0.08638029	0.333333343	0.333333343	None
  2.50000024	-0.0800178349	-0.12569347	-0.12569347	0.333333343	0.333333343	None
  2.53333354	-0.08421249	-0.205245525	-0.205245525	0.333333343	0.333333343	None
  2.56666684	-0.093700856	-0.23137562	-0.23137562	0.333333343	0.333333343	None
  2.63333344	-0.102904283	-0.110399276	-0.110399276	0.333333343	0.333333343	None
  2.66666675	-0.10699746	-0.0622354671	-0.0622354671	0.333333343	0.333333343	None
  2.73333359	-0.105611093	0.0269030984	0.0269030984	0.333333343	0.333333343	None
  2.80000019	-0.103383087	0.06593211	0.06593211	0.333333343	0.333333343	None
  2.86666679	-0.09701293	0.13092646	0.13092646	0.333333343	0.333333343	None
  2.9333334	-0.08855151	0.106339589	0.106339589	0.333333343	0.333333343	None
  3.10000014	-0.07481889	0.0826851	0.0826851	0.333333343	0.333333343	None
  3.16666675	-0.06759753	0.08835285	0.08835285	0.333333343	0.333333343	None
  3.23333359	-0.06364646	0.06753155	0.06753155	0.333333343	0.333333343	None
  3.30000019	-0.0590859242	0.0637603551	0.0637603551	0.333333343	0.333333343	None
  3.33333349	-0.0569674149	0.0790715963	0.0790715963	0.333333343	0.333333343	None
  3.36666679	-0.05381449	0.06225525	0.06225525	0.333333343	0.333333343	None
  3.4	-0.05281707	-0.1314121	-0.1314121	0.333333343	0.333333343	None
  3.4333334	-0.06257529	-0.5681492	-0.5681492	0.333333343	0.333333343	None
  3.466667	-0.09069385	-1.58510089	-1.58510089	0.333333343	0.333333343	None
  3.50000024	-0.168248788	-2.87865162	-2.87865162	0.333333343	0.333333343	None
  3.56666684	-0.4098736	-3.68367743	-3.68367743	0.333333343	0.333333343	None
  3.63333344	-0.6178967	-2.13900113	-2.13900113	0.333333343	0.333333343	None
  3.70000029	-0.707903862	-0.9669664	-0.9669664	0.333333343	0.333333343	None
  3.86666679	-0.7428955	0.4536505	0.4536505	0.333333343	0.333333343	None
  3.93333364	-0.6779368	1.9898994	1.9898994	0.333333343	0.333333343	None
  4.033334	-0.35833317	3.383573	3.383573	0.333333343	0.333333343	None
  4.066667	-0.249557421	2.130443	2.130443	0.333333343	0.333333343	None
  4.10000038	-0.216303766	0.603310049	0.603310049	0.333333343	0.333333343	None
  4.13333368	-0.209336787	0.328835547	0.328835547	0.333333343	0.333333343	None
  4.20000029	-0.182358861	0.118352368	0.118352368	0.333333343	0.333333343	None
  4.23333359	-0.186491266	-0.100447707	-0.100447707	0.333333343	0.333333343	None
  4.266667	-0.189055368	0.0166996717	0.0166996717	0.333333343	0.333333343	None
  4.3	-0.185377955	0.0114074461	0.0114074461	0.333333343	0.333333343	None
  4.33333349	-0.188294873	-0.031519115	-0.031519115	0.333333343	0.333333343	None
  4.4	-0.183740869	0.0394544378	0.0394544378	0.333333343	0.333333343	None
  4.4666667	-0.185858145	-0.02395349	-0.02395349	0.333333343	0.333333343	None
  4.666667	-0.193345666	-0.0131399306	-0.0131399306	0.333333343	0.333333343	None
  4.83333349	-0.181757346	-0.0350605249	-0.0350605249	0.333333343	0.333333343	None
  4.866667	-0.184976608	-0.0863940343	-0.0863940343	0.333333343	0.333333343	None
  4.9	-0.187516943	-0.2855963	-0.2855963	0.333333343	0.333333343	None
  4.9333334	-0.204016343	-1.0277679	-1.0277679	0.333333343	0.333333343	None
  5.00000048	-0.334415317	-2.62584829	-2.62584829	0.333333343	0.333333343	None
  5.033334	-0.431092232	-3.29703522	-3.29703522	0.333333343	0.333333343	None
  5.10000038	-0.658735752	-2.03040743	-2.03040743	0.333333343	0.333333343	None
  5.166667	-0.675302744	0.2758619	0.2758619	0.333333343	0.333333343	None
  5.23333359	-0.67041	0.1263715	0.1263715	0.333333343	0.333333343	None
  5.3	-0.6612913	0.07340408	0.07340408	0.333333343	0.333333343	None
  5.533334	-0.6145421	0.403580755	0.403580755	0.333333343	0.333333343	None
  5.60000038	-0.57731986	0.9109398	0.9109398	0.333333343	0.333333343	None
  5.63333368	-0.5383565	1.78339708	1.78339708	0.333333343	0.333333343	None
  5.666667	-0.458426833	2.56253576	2.56253576	0.333333343	0.333333343	None
  5.70000029	-0.367520928	2.98491383	2.98491383	0.333333343	0.333333343	None
  5.766667	-0.151037335	2.915184	2.915184	0.333333343	0.333333343	None
  5.8	-0.06508733	1.83066607	1.83066607	0.333333343	0.333333343	None
  5.83333349	-0.0289930478	0.6563749	0.6563749	0.333333343	0.333333343	None
  5.866667	-0.02132905	0.08849526	0.08849526	0.333333343	0.333333343	None
  5.9	-0.0230933689	-0.36028707	-0.36028707	0.333333343	0.333333343	None
  5.933334	-0.0453484841	-1.07048714	-1.07048714	0.333333343	0.333333343	None
  5.966667	-0.09445943	-1.33999574	-1.33999574	0.333333343	0.333333343	None
  6.00000048	-0.134681448	-1.16559553	-1.16559553	0.333333343	0.333333343	None
  6.033334	-0.172165722	-0.8286643	-0.8286643	0.333333343	0.333333343	None
  6.066667	-0.189925686	0.176959366	0.176959366	0.333333343	0.333333343	None
  6.10000038	-0.160368443	1.47567177	1.47567177	0.333333343	0.333333343	None
  6.13333368	-0.09154766	2.344274	2.344274	0.333333343	0.333333343	None
  6.166667	-0.00408365764	2.414003	2.414003	0.333333343	0.333333343	None
  6.20000029	0.0693857148	1.33811164	1.33811164	0.333333343	0.333333343	None
  6.23333359	0.0851237	-0.13803564	-0.13803564	0.333333343	0.333333343	None
  6.266667	0.0601833463	-1.108959	-1.108959	0.333333343	0.333333343	None
  6.3	0.0111931711	-1.38820362	-1.38820362	0.333333343	0.333333343	None
  6.33333349	-0.0323634781	-1.160913	-1.160913	0.333333343	0.333333343	None
  6.366667	-0.06620096	-0.7047491	-0.7047491	0.333333343	0.333333343	None
  6.40000057	-0.0793468952	0.0307816565	0.0307816565	0.333333343	0.333333343	None
  6.433334	-0.06414904	0.811518431	0.811518431	0.333333343	0.333333343	None
  6.466667	-0.0252457187	0.841501951	0.841501951	0.333333343	0.333333343	None
  6.50000048	-0.008048961	0.1843248	0.1843248	0.333333343	0.333333343	None
  6.533334	-0.01295741	-0.5123299	-0.5123299	0.333333343	0.333333343	None
  6.566667	-0.0422042534	-1.08249569	-1.08249569	0.333333343	0.333333343	None
  6.60000038	-0.08512372	-1.26397419	-1.26397419	0.333333343	0.333333343	None
  6.666667	-0.164568841	-1.01887476	-1.01887476	0.333333343	0.333333343	None
  6.70000029	-0.194394037	-0.628973246	-0.628973246	0.333333343	0.333333343	None
  6.8	-0.203138024	0.168435737	0.168435737	0.333333343	0.333333343	None
  6.83333349	-0.195819467	0.159523636	0.159523636	0.333333343	0.333333343	None
  6.866667	-0.192503124	-0.366203755	-0.366203755	0.333333343	0.333333343	None
  6.90000057	-0.220233425	-1.2930274	-1.2930274	0.333333343	0.333333343	None
  7.00000048	-0.438374639	-2.384111	-2.384111	0.333333343	0.333333343	None
  7.13333368	-0.677507758	-0.553930342	-0.553930342	0.333333343	0.333333343	None
  7.20000029	-0.681857169	0.00401705876	0.00401705876	0.333333343	0.333333343	None
  7.70000029	-0.6657759	0.0271046422	0.0271046422	0.333333343	0.333333343	None
  7.86666727	-0.66369164	-0.18111901	-0.18111901	0.333333343	0.333333343	None
  7.933334	-0.6595267	1.25939751	1.25939751	0.333333343	0.333333343	None
  8	-0.5108069	1.70333886	1.70333886	0.333333343	0.333333343	None
  8.033334	-0.476796538	0.07455814	0.07455814	0.333333343	0.333333343	None
  8.066668	-0.5058363	-0.6040602	-0.6040602	0.333333343	0.333333343	None
  8.133334	-0.51950556	-0.0718304962	-0.0718304962	0.333333343	0.333333343	None
  8.166667	-0.5218561	0.101558581	0.101558581	0.333333343	0.333333343	None
  8.200001	-0.51273483	0.221473932	0.221473932	0.333333343	0.333333343	None
  8.266667	-0.496777654	0.327824175	0.327824175	0.333333343	0.333333343	None
  8.466667	-0.463472068	-0.0287019145	-0.0287019145	0.333333343	0.333333343	None
  8.566668	-0.491994619	-0.5297201	-0.5297201	0.333333343	0.333333343	None
  8.633334	-0.5236033	-0.330000937	-0.330000937	0.333333343	0.333333343	None
  8.700001	-0.548770249	-0.620885968	-0.620885968	0.333333343	0.333333343	None
  8.766667	-0.594118953	-0.275244236	-0.275244236	0.333333343	0.333333343	None
  8.8	-0.593221366	0.32509318	0.32509318	0.333333343	0.333333343	None
  8.866667	-0.5590287	0.180153921	0.180153921	0.333333343	0.333333343	None
  8.966667	-0.594458461	-0.6295111	-0.6295111	0.333333343	0.333333343	None
  9.033334	-0.622119963	-0.132546738	-0.132546738	0.333333343	0.333333343	None
  9.133334	-0.6318255	-0.265847266	-0.265847266	0.333333343	0.333333343	None
  9.3	-0.668910861	0.0373937339	0.0373937339	0.333333343	0.333333343	None
  9.533334	-0.620019555	0.24494724	0.24494724	0.333333343	0.333333343	None
  9.833334	-0.6232516	-0.221182555	-0.221182555	0.333333343	0.333333343	None
  10.1333342	-0.6278666	0.154371008	0.154371008	0.333333343	0.333333343	None
  10.2000008	-0.622960269	0	0	0.333333343	0.333333343	None
FLOAT UnityEngine.Animator||LeftHandQ.x discrete=False keys=112 pre=ClampForever post=ClampForever
  0	0.19491297	0.143395349	0.143395349	0.333333343	0.333333343	None
  0.100000009	0.2060036	0.033984255	0.033984255	0.333333343	0.333333343	None
  0.166666672	0.208885685	0.07290846	0.07290846	0.333333343	0.333333343	None
  0.6	0.177093714	-0.0363397	-0.0363397	0.333333343	0.333333343	None
  0.7666667	0.180867434	0.0216579251	0.0216579251	0.333333343	0.333333343	None
  1	0.185985491	-0.0289812218	-0.0289812218	0.333333343	0.333333343	None
  1.26666677	0.181894884	-0.0163232554	-0.0163232554	0.333333343	0.333333343	None
  1.4000001	0.177754283	-0.06320743	-0.06320743	0.333333343	0.333333343	None
  1.4333334	0.1753241	0.154887438	0.154887438	0.333333343	0.333333343	None
  1.50000012	0.206011325	0.5673261	0.5673261	0.333333343	0.333333343	None
  1.53333342	0.225901872	0.235153079	0.235153079	0.333333343	0.333333343	None
  1.60000014	0.211417645	-0.06866228	-0.06866228	0.333333343	0.333333343	None
  1.63333344	0.217110664	0.348656	0.348656	0.333333343	0.333333343	None
  1.66666675	0.234661356	0.292089045	0.292089045	0.333333343	0.333333343	None
  1.7	0.236583248	0.2647855	0.2647855	0.333333343	0.333333343	None
  1.76666677	0.28640908	1.42597318	1.42597318	0.333333343	0.333333343	None
  1.80000007	0.347378552	2.116387	2.116387	0.333333343	0.333333343	None
  1.83333337	0.4275014	2.151816	2.151816	0.333333343	0.333333343	None
  1.9000001	0.5486538	1.76192236	1.76192236	0.333333343	0.333333343	None
  1.96666682	0.6496329	0.965723038	0.965723038	0.333333343	0.333333343	None
  2.06666684	0.674313545	-0.638318956	-0.638318956	0.333333343	0.333333343	None
  2.13333344	0.6238403	-0.110743135	-0.110743135	0.333333343	0.333333343	None
  2.2	0.652415156	0.2877575	0.2877575	0.333333343	0.333333343	None
  2.266667	0.6562876	0.09319603	0.09319603	0.333333343	0.333333343	None
  2.33333349	0.662175357	-0.22395125	-0.22395125	0.333333343	0.333333343	None
  2.4	0.635749936	-0.245425925	-0.245425925	0.333333343	0.333333343	None
  2.56666684	0.617399633	-0.101300873	-0.101300873	0.333333343	0.333333343	None
  2.86666679	0.6005954	-0.0550354049	-0.0550354049	0.333333343	0.333333343	None
  3.36666679	0.602884948	0.070065625	0.070065625	0.333333343	0.333333343	None
  3.53333354	0.553515136	-1.21711063	-1.21711063	0.333333343	0.333333343	None
  3.63333344	0.3793158	-1.5579	-1.5579	0.333333343	0.333333343	None
  3.73333359	0.288204581	-0.295422375	-0.295422375	0.333333343	0.333333343	None
  3.83333349	0.297191	0.401010752	0.401010752	0.333333343	0.333333343	None
  3.93333364	0.383598924	1.6390903	1.6390903	0.333333343	0.333333343	None
  3.966667	0.448557436	1.80459344	1.80459344	0.333333343	0.333333343	None
  4.066667	0.5710875	0.499122918	0.499122918	0.333333343	0.333333343	None
  4.13333368	0.5881716	0.343784422	0.343784422	0.333333343	0.333333343	None
  4.20000029	0.612927139	-0.0156533867	-0.0156533867	0.333333343	0.333333343	None
  4.23333359	0.600504756	-0.2976334	-0.2976334	0.333333343	0.333333343	None
  4.4333334	0.5987143	0.012753916	0.012753916	0.333333343	0.333333343	None
  4.70000029	0.614435	0.0931693	0.0931693	0.333333343	0.333333343	None
  4.866667	0.6276847	0.133335412	0.133335412	0.333333343	0.333333343	None
  4.9666667	0.6077675	-0.7730285	-0.7730285	0.333333343	0.333333343	None
  5.033334	0.5074433	-2.61114955	-2.61114955	0.333333343	0.333333343	None
  5.066667	0.399913818	-3.46828318	-3.46828318	0.333333343	0.333333343	None
  5.10000038	0.276224643	-2.67632151	-2.67632151	0.333333343	0.333333343	None
  5.13333368	0.221492559	-0.754483759	-0.754483759	0.333333343	0.333333343	None
  5.166667	0.225925773	0.188533992	0.188533992	0.333333343	0.333333343	None
  5.20000029	0.23406148	0.2261301	0.2261301	0.333333343	0.333333343	None
  5.23333359	0.2410011	0.340482175	0.340482175	0.333333343	0.333333343	None
  5.266667	0.256760269	0.2733871	0.2733871	0.333333343	0.333333343	None
  5.3	0.2592269	0.07451989	0.07451989	0.333333343	0.333333343	None
  5.466667	0.27760306	0.21721898	0.21721898	0.333333343	0.333333343	None
  5.566667	0.325012445	0.770396	0.770396	0.333333343	0.333333343	None
  5.63333368	0.395524353	1.63849282	1.63849282	0.333333343	0.333333343	None
  5.666667	0.462568581	1.93746018	1.93746018	0.333333343	0.333333343	None
  5.70000029	0.524688244	1.9285655	1.9285655	0.333333343	0.333333343	None
  5.766667	0.641625643	1.24258184	1.24258184	0.333333343	0.333333343	None
  5.866667	0.7160122	0.6104821	0.6104821	0.333333343	0.333333343	None
  5.9	0.7355639	0.219566882	0.219566882	0.333333343	0.333333343	None
  5.966667	0.725116551	-0.07129498	-0.07129498	0.333333343	0.333333343	None
  6.033334	0.720542252	-0.2235659	-0.2235659	0.333333343	0.333333343	None
  6.20000029	0.6988473	-0.105701491	-0.105701491	0.333333343	0.333333343	None
  6.40000057	0.69449544	-0.09868245	-0.09868245	0.333333343	0.333333343	None
  6.60000038	0.6652072	-0.08000858	-0.08000858	0.333333343	0.333333343	None
  6.83333349	0.648007035	-0.0292021316	-0.0292021316	0.333333343	0.333333343	None
  6.933334	0.5969657	-1.33782458	-1.33782458	0.333333343	0.333333343	None
  7.066667	0.3363582	-2.05632687	-2.05632687	0.333333343	0.333333343	None
  7.10000038	0.2704542	-1.62074518	-1.62074518	0.333333343	0.333333343	None
  7.13333368	0.228308618	-0.799217045	-0.799217045	0.333333343	0.333333343	None
  7.20000029	0.217388526	0.00612483	0.00612483	0.333333343	0.333333343	None
  7.3	0.215804681	-0.08890727	-0.08890727	0.333333343	0.333333343	None
  7.40000057	0.208677322	0.0363323465	0.0363323465	0.333333343	0.333333343	None
  7.50000048	0.217534915	0.06160772	0.06160772	0.333333343	0.333333343	None
  7.63333368	0.223196849	0.0156587511	0.0156587511	0.333333343	0.333333343	None
  7.766667	0.226300091	-0.0114874654	-0.0114874654	0.333333343	0.333333343	None
  7.86666727	0.225266457	-0.0917083845	-0.0917083845	0.333333343	0.333333343	None
  7.90000057	0.219815031	1.061234	1.061234	0.333333343	0.333333343	None
  7.933334	0.296015322	3.83772516	3.83772516	0.333333343	0.333333343	None
  7.966667	0.475663126	4.98728	4.98728	0.333333343	0.333333343	None
  8	0.628498137	3.07606578	3.07606578	0.333333343	0.333333343	None
  8.033334	0.680732548	0.3904314	0.3904314	0.333333343	0.333333343	None
  8.066668	0.654527247	-0.710511446	-0.710511446	0.333333343	0.333333343	None
  8.166667	0.6327707	0.296654165	0.296654165	0.333333343	0.333333343	None
  8.200001	0.647322536	0.234580651	0.234580651	0.333333343	0.333333343	None
  8.266667	0.650856137	0.152204126	0.152204126	0.333333343	0.333333343	None
  8.433333	0.683981061	0.0323280767	0.0323280767	0.333333343	0.333333343	None
  8.6	0.680011034	0.0058468096	0.0058468096	0.333333343	0.333333343	None
  8.700001	0.6477376	-1.12329423	-1.12329423	0.333333343	0.333333343	None
  8.8	0.484161258	-1.52133179	-1.52133179	0.333333343	0.333333343	None
  8.866667	0.389321774	-1.7095679	-1.7095679	0.333333343	0.333333343	None
  8.966667	0.166783661	-2.6928792	-2.6928792	0.333333343	0.333333343	None
  9	0.0729540139	-2.60795426	-2.60795426	0.333333343	0.333333343	None
  9.033334	-0.007079594	-1.85688591	-1.85688591	0.333333343	0.333333343	None
  9.066668	-0.0508400276	-0.7980873	-0.7980873	0.333333343	0.333333343	None
  9.1	-0.06028585	-0.07567364	-0.07567364	0.333333343	0.333333343	None
  9.133334	-0.0558847338	0.194961414	0.194961414	0.333333343	0.333333343	None
  9.200001	-0.03219022	0.585033953	0.585033953	0.333333343	0.333333343	None
  9.233334	-0.008286394	0.7831532	0.7831532	0.333333343	0.333333343	None
  9.266667	0.0200200044	0.926866055	0.926866055	0.333333343	0.333333343	None
  9.3	0.0535045452	1.04987049	1.04987049	0.333333343	0.333333343	None
  9.333334	0.09001135	1.14133906	1.14133906	0.333333343	0.333333343	None
  9.433333	0.200778916	0.900005341	0.900005341	0.333333343	0.333333343	None
  9.700001	0.284049124	-0.106218867	-0.106218867	0.333333343	0.333333343	None
  9.8	0.258430332	-0.412223518	-0.412223518	0.333333343	0.333333343	None
  9.866667	0.2286247	-0.346427441	-0.346427441	0.333333343	0.333333343	None
  9.933333	0.211987942	-0.27768594	-0.27768594	0.333333343	0.333333343	None
  10.000001	0.196331158	-0.08229679	-0.08229679	0.333333343	0.333333343	None
  10.0666676	0.195824966	-0.00106072845	-0.00106072845	0.333333343	0.333333343	None
  10.1333342	0.198263586	0.09888911	0.09888911	0.333333343	0.333333343	None
  10.166667	0.2025829	0.0647906438	0.0647906438	0.333333343	0.333333343	None
  10.2000008	0.2025829	0	0	0.333333343	0.333333343	None
FLOAT UnityEngine.Animator||LeftHandQ.y discrete=False keys=137 pre=ClampForever post=ClampForever
  0	-0.00079174526	0.198520645	0.198520645	0.333333343	0.333333343	None
  0.0333333351	0.00582561	0.202033341	0.202033341	0.333333343	0.333333343	None
  0.06666667	0.0126771443	0.210339189	0.210339189	0.333333343	0.333333343	None
  0.100000009	0.0198482238	0.202196687	0.202196687	0.333333343	0.333333343	None
  0.13333334	0.0261569247	0.138559043	0.138559043	0.333333343	0.333333343	None
  0.200000018	0.0293217059	-0.0225179866	-0.0225179866	0.333333343	0.333333343	None
  0.266666681	0.02330618	-0.1685282	-0.1685282	0.333333343	0.333333343	None
  0.3	0.016349081	-0.223716021	-0.223716021	0.333333343	0.333333343	None
  0.333333343	0.00839178	-0.224045455	-0.224045455	0.333333343	0.333333343	None
  0.366666675	0.00141271763	-0.1785076	-0.1785076	0.333333343	0.333333343	None
  0.400000036	-0.00350873079	-0.123222694	-0.123222694	0.333333343	0.333333343	None
  0.433333367	-0.00680213235	-0.0910811052	-0.0910811052	0.333333343	0.333333343	None
  0.4666667	-0.009580804	-0.08293341	-0.08293341	0.333333343	0.333333343	None
  0.5	-0.0123310238	-0.06901205	-0.06901205	0.333333343	0.333333343	None
  0.533333361	-0.0141816065	-0.064789176	-0.064789176	0.333333343	0.333333343	None
  0.6	-0.01877547	-0.0423846543	-0.0423846543	0.333333343	0.333333343	None
  0.6666667	-0.0196873434	-0.00247749873	-0.00247749873	0.333333343	0.333333343	None
  0.700000048	-0.0196411144	-0.00327554019	-0.00327554019	0.333333343	0.333333343	None
  0.7666667	-0.0196806621	0.0178280976	0.0178280976	0.333333343	0.333333343	None
  0.8000001	-0.0187171716	0.0275049638	0.0275049638	0.333333343	0.333333343	None
  0.8333334	-0.0178469978	0.040393807	0.040393807	0.333333343	0.333333343	None
  0.866666734	-0.01602425	0.04229196	0.04229196	0.333333343	0.333333343	None
  0.9333334	-0.015120442	-0.0279006269	-0.0279006269	0.333333343	0.333333343	None
  0.9666667	-0.0168875735	-0.06658198	-0.06658198	0.333333343	0.333333343	None
  1	-0.0195592362	-0.06498836	-0.06498836	0.333333343	0.333333343	None
  1.1	-0.0222470649	-0.0118121263	-0.0118121263	0.333333343	0.333333343	None
  1.13333344	-0.022728445	-0.01088464	-0.01088464	0.333333343	0.333333343	None
  1.2	-0.0236270148	-0.0284496043	-0.0284496043	0.333333343	0.333333343	None
  1.26666677	-0.02541394	0.00212523527	0.00212523527	0.333333343	0.333333343	None
  1.30000007	-0.0247276668	0.0131224133	0.0131224133	0.333333343	0.333333343	None
  1.33333337	-0.024539113	-0.0113813551	-0.0113813551	0.333333343	0.333333343	None
  1.36666679	-0.0254864264	-0.09687917	-0.09687917	0.333333343	0.333333343	None
  1.4000001	-0.0309977215	-0.2916107	-0.2916107	0.333333343	0.333333343	None
  1.4333334	-0.04492712	-0.851578057	-0.851578057	0.333333343	0.333333343	None
  1.4666667	-0.08776954	-1.59633517	-1.59633517	0.333333343	0.333333343	None
  1.50000012	-0.151349589	-2.00008225	-2.00008225	0.333333343	0.333333343	None
  1.53333342	-0.221108451	-1.62341952	-1.62341952	0.333333343	0.333333343	None
  1.56666672	-0.259577453	-0.860366344	-0.860366344	0.333333343	0.333333343	None
  1.60000014	-0.278466225	-0.727360666	-0.727360666	0.333333343	0.333333343	None
  1.63333344	-0.3080682	-1.19724274	-1.19724274	0.333333343	0.333333343	None
  1.7	-0.4022952	-0.9318092	-0.9318092	0.333333343	0.333333343	None
  1.80000007	-0.2877914	4.421622	4.421622	0.333333343	0.333333343	None
  1.83333337	-0.09395887	6.17016029	6.17016029	0.333333343	0.333333343	None
  1.86666679	0.123553008	6.68008137	6.68008137	0.333333343	0.333333343	None
  1.9000001	0.351380229	5.72098255	5.72098255	0.333333343	0.333333343	None
  1.9333334	0.5049515	3.61267781	3.61267781	0.333333343	0.333333343	None
  2	0.6468395	1.30832052	1.30832052	0.333333343	0.333333343	None
  2.06666684	0.712191045	0.976169467	0.976169467	0.333333343	0.333333343	None
  2.13333344	0.7597768	0.139624327	0.139624327	0.333333343	0.333333343	None
  2.23333335	0.7291915	-0.3771793	-0.3771793	0.333333343	0.333333343	None
  2.33333349	0.7039967	0.0612170063	0.0612170063	0.333333343	0.333333343	None
  2.4333334	0.7224283	0.06667621	0.06667621	0.333333343	0.333333343	None
  2.86666679	0.715097	-0.00438094558	-0.00438094558	0.333333343	0.333333343	None
  3.36666679	0.713193655	-0.00329018012	-0.00329018012	0.333333343	0.333333343	None
  3.466667	0.7308407	0.44264847	0.44264847	0.333333343	0.333333343	None
  3.56666684	0.746433258	-0.496384382	-0.496384382	0.333333343	0.333333343	None
  3.63333344	0.68567723	-0.9017184	-0.9017184	0.333333343	0.333333343	None
  3.73333359	0.6124993	-0.6433195	-0.6433195	0.333333343	0.333333343	None
  3.86666679	0.5889334	0.156744868	0.156744868	0.333333343	0.333333343	None
  3.93333364	0.614217758	0.842563	0.842563	0.333333343	0.333333343	None
  4	0.698352337	1.1642971	1.1642971	0.333333343	0.333333343	None
  4.066667	0.7511027	0.239396319	0.239396319	0.333333343	0.333333343	None
  4.20000029	0.6978687	-0.127247691	-0.127247691	0.333333343	0.333333343	None
  4.266667	0.7087203	0.11484693	0.11484693	0.333333343	0.333333343	None
  4.5	0.7129316	0.01769447	0.01769447	0.333333343	0.333333343	None
  4.766667	0.701650143	0.0596148372	0.0596148372	0.333333343	0.333333343	None
  4.9333334	0.7186535	0.302871764	0.302871764	0.333333343	0.333333343	None
  5.00000048	0.7352818	0.229035169	0.229035169	0.333333343	0.333333343	None
  5.066667	0.72998035	-0.6513974	-0.6513974	0.333333343	0.333333343	None
  5.10000038	0.6998247	-0.609272361	-0.609272361	0.333333343	0.333333343	None
  5.13333368	0.6893622	0.0334248245	0.0334248245	0.333333343	0.333333343	None
  5.166667	0.702053	0.2092715	0.2092715	0.333333343	0.333333343	None
  5.266667	0.70342344	0.0316536725	0.0316536725	0.333333343	0.333333343	None
  5.60000038	0.7308541	0.0812835246	0.0812835246	0.333333343	0.333333343	None
  5.73333359	0.7517646	-0.218846112	-0.218846112	0.333333343	0.333333343	None
  5.866667	0.6789671	-0.723050952	-0.723050952	0.333333343	0.333333343	None
  5.9	0.656277239	-0.256945431	-0.256945431	0.333333343	0.333333343	None
  5.933334	0.6618375	0.0702933148	0.0702933148	0.333333343	0.333333343	None
  6.066667	0.6425075	0.216266721	0.216266721	0.333333343	0.333333343	None
  6.166667	0.6934522	0.366660982	0.366660982	0.333333343	0.333333343	None
  6.433334	0.694920659	0.2083086	0.2083086	0.333333343	0.333333343	None
  6.566667	0.713797867	-0.08198359	-0.08198359	0.333333343	0.333333343	None
  6.766667	0.687871635	0.07315643	0.07315643	0.333333343	0.333333343	None
  6.933334	0.718166649	0.4727514	0.4727514	0.333333343	0.333333343	None
  7.033334	0.747173131	-0.197885528	-0.197885528	0.333333343	0.333333343	None
  7.13333368	0.698687553	-0.2337002	-0.2337002	0.333333343	0.333333343	None
  7.23333359	0.6968591	-0.011006902	-0.011006902	0.333333343	0.333333343	None
  7.50000048	0.70741874	0.0119912736	0.0119912736	0.333333343	0.333333343	None
  7.833334	0.7100645	0.0028135418	0.0028135418	0.333333343	0.333333343	None
  7.90000057	0.7034351	-0.2960679	-0.2960679	0.333333343	0.333333343	None
  7.933334	0.6900558	-1.17754817	-1.17754817	0.333333343	0.333333343	None
  7.966667	0.624932	-2.64228654	-2.64228654	0.333333343	0.333333343	None
  8	0.5139051	-2.36633372	-2.36633372	0.333333343	0.333333343	None
  8.033334	0.46717748	-0.279196769	-0.279196769	0.333333343	0.333333343	None
  8.066668	0.49529174	0.9134751	0.9134751	0.333333343	0.333333343	None
  8.1	0.5280757	0.4952626	0.4952626	0.333333343	0.333333343	None
  8.200001	0.501388669	-0.1518452	-0.1518452	0.333333343	0.333333343	None
  8.266667	0.5046084	-0.0285747126	-0.0285747126	0.333333343	0.333333343	None
  8.400001	0.488338828	0.03912828	0.03912828	0.333333343	0.333333343	None
  8.566668	0.5162173	0.154166341	0.154166341	0.333333343	0.333333343	None
  8.666667	0.487529874	-0.7949264	-0.7949264	0.333333343	0.333333343	None
  8.766667	0.368865371	-1.61917257	-1.61917257	0.333333343	0.333333343	None
  8.8	0.308451831	-2.06529021	-2.06529021	0.333333343	0.333333343	None
  8.900001	0.08322285	-1.62315369	-1.62315369	0.333333343	0.333333343	None
  8.933333	0.0418068655	-0.724695146	-0.724695146	0.333333343	0.333333343	None
  8.966667	0.03491038	-0.04449026	-0.04449026	0.333333343	0.333333343	None
  9	0.0388406962	-0.0471866243	-0.0471866243	0.333333343	0.333333343	None
  9.033334	0.03176445	-0.466979533	-0.466979533	0.333333343	0.333333343	None
  9.066668	0.007708311	-0.6760626	-0.6760626	0.333333343	0.333333343	None
  9.1	-0.0133063868	-0.410702258	-0.410702258	0.333333343	0.333333343	None
  9.133334	-0.019671604	0.0517665744	0.0517665744	0.333333343	0.333333343	None
  9.166667	-0.009855516	0.346273839	0.346273839	0.333333343	0.333333343	None
  9.200001	0.00341334566	0.341081828	0.341081828	0.333333343	0.333333343	None
  9.233334	0.0128833055	0.2335159	0.2335159	0.333333343	0.333333343	None
  9.266667	0.01898101	0.179446	0.179446	0.333333343	0.333333343	None
  9.366667	0.04110439	0.325881422	0.325881422	0.333333343	0.333333343	None
  9.400001	0.0535519421	0.382282674	0.382282674	0.333333343	0.333333343	None
  9.433333	0.06658987	0.411884367	0.411884367	0.333333343	0.333333343	None
  9.466667	0.08101089	0.364998639	0.364998639	0.333333343	0.333333343	None
  9.566668	0.09870432	0.004545441	0.004545441	0.333333343	0.333333343	None
  9.633334	0.0932531655	-0.141524747	-0.141524747	0.333333343	0.333333343	None
  9.700001	0.07839426	-0.272714943	-0.272714943	0.333333343	0.333333343	None
  9.733334	0.06912478	-0.3328858	-0.3328858	0.333333343	0.333333343	None
  9.766667	0.056201838	-0.370437622	-0.370437622	0.333333343	0.333333343	None
  9.8	0.0444289446	-0.41674912	-0.41674912	0.333333343	0.333333343	None
  9.833334	0.02841853	-0.5463302	-0.5463302	0.333333343	0.333333343	None
  9.866667	0.008007031	-0.5546823	-0.5546823	0.333333343	0.333333343	None
  9.900001	-0.008560201	-0.360964864	-0.360964864	0.333333343	0.333333343	None
  9.933333	-0.0160574	-0.156705528	-0.156705528	0.333333343	0.333333343	None
  9.966667	-0.0190071613	-0.09035163	-0.09035163	0.333333343	0.333333343	None
  10.000001	-0.0220809225	-0.07157776	-0.07157776	0.333333343	0.333333343	None
  10.0333338	-0.0237790272	0.0124318972	0.0124318972	0.333333343	0.333333343	None
  10.0666676	-0.02125207	0.107345358	0.107345358	0.333333343	0.333333343	None
  10.1	-0.0166227072	0.117180273	0.117180273	0.333333343	0.333333343	None
  10.1333342	-0.01344008	0.09601368	0.09601368	0.333333343	0.333333343	None
  10.166667	-0.0102218017	0.0482749119	0.0482749119	0.333333343	0.333333343	None
  10.2000008	-0.0102218017	0	0	0.333333343	0.333333343	None
FLOAT UnityEngine.Animator||LeftHandQ.z discrete=False keys=133 pre=ClampForever post=ClampForever
  0	0.757223964	0.326204866	0.326204866	0.333333343	0.333333343	None
  0.166666672	0.7981016	-0.0149801318	-0.0149801318	0.333333343	0.333333343	None
  0.4666667	0.754668057	-0.08340066	-0.08340066	0.333333343	0.333333343	None
  1.03333342	0.7541702	-0.009458354	-0.009458354	0.333333343	0.333333343	None
  1.4000001	0.7554484	-0.0147789856	-0.0147789856	0.333333343	0.333333343	None
  1.50000012	0.727130949	-1.07575619	-1.07575619	0.333333343	0.333333343	None
  1.56666672	0.622045636	-1.32405221	-1.32405221	0.333333343	0.333333343	None
  1.63333344	0.564416	-0.763227761	-0.763227761	0.333333343	0.333333343	None
  1.66666675	0.5369919	-0.226710349	-0.226710349	0.333333343	0.333333343	None
  1.73333347	0.602814555	2.015724	2.015724	0.333333343	0.333333343	None
  1.86666679	0.798602045	-1.615708	-1.615708	0.333333343	0.333333343	None
  1.9333334	0.5725192	-3.94357586	-3.94357586	0.333333343	0.333333343	None
  2.03333354	0.215327978	-3.064559	-3.064559	0.333333343	0.333333343	None
  2.06666684	0.120033413	-2.55700541	-2.55700541	0.333333343	0.333333343	None
  2.10000014	0.0448611081	-2.022382	-2.022382	0.333333343	0.333333343	None
  2.13333344	-0.014791932	-1.5848155	-1.5848155	0.333333343	0.333333343	None
  2.16666675	-0.0607931651	-1.32374191	-1.32374191	0.333333343	0.333333343	None
  2.2	-0.103041314	-1.31419957	-1.31419957	0.333333343	0.333333343	None
  2.266667	-0.190153375	-1.05240488	-1.05240488	0.333333343	0.333333343	None
  2.33333349	-0.237833112	-0.569632232	-0.569632232	0.333333343	0.333333343	None
  2.4	-0.268163234	-0.268280149	-0.268280149	0.333333343	0.333333343	None
  2.53333354	-0.289216	-0.195020467	-0.195020467	0.333333343	0.333333343	None
  2.83333349	-0.339206249	-0.156606734	-0.156606734	0.333333343	0.333333343	None
  3.16666675	-0.363741547	0.0400024	0.0400024	0.333333343	0.333333343	None
  3.36666679	-0.353537828	0.103100196	0.103100196	0.333333343	0.333333343	None
  3.4333334	-0.3381793	0.608275533	0.608275533	0.333333343	0.333333343	None
  3.53333354	-0.21472086	1.78624785	1.78624785	0.333333343	0.333333343	None
  3.56666684	-0.1496548	1.7799418	1.7799418	0.333333343	0.333333343	None
  3.60000014	-0.09605819	1.27616358	1.27616358	0.333333343	0.333333343	None
  3.63333344	-0.06457732	0.8234303	0.8234303	0.333333343	0.333333343	None
  3.70000029	-0.030037988	0.09884015	0.09884015	0.333333343	0.333333343	None
  3.73333359	-0.034573473	-0.113931462	-0.113931462	0.333333343	0.333333343	None
  3.766667	-0.03763341	-0.023899233	-0.023899233	0.333333343	0.333333343	None
  3.80000019	-0.0361667536	-0.00342457	-0.00342457	0.333333343	0.333333343	None
  3.83333349	-0.037861716	-0.229295462	-0.229295462	0.333333343	0.333333343	None
  3.86666679	-0.0514531024	-0.680749953	-0.680749953	0.333333343	0.333333343	None
  3.9	-0.083245	-1.1250031	-1.1250031	0.333333343	0.333333343	None
  3.93333364	-0.126453549	-1.118342	-1.118342	0.333333343	0.333333343	None
  4	-0.180652261	-0.682690144	-0.682690144	0.333333343	0.333333343	None
  4.033334	-0.20331417	-0.5568151	-0.5568151	0.333333343	0.333333343	None
  4.066667	-0.217773557	-0.6851638	-0.6851638	0.333333343	0.333333343	None
  4.10000038	-0.248991713	-0.937781632	-0.937781632	0.333333343	0.333333343	None
  4.20000029	-0.3225601	-0.382919669	-0.382919669	0.333333343	0.333333343	None
  4.33333349	-0.327090174	0.0790143758	0.0790143758	0.333333343	0.333333343	None
  4.5	-0.3114973	0.0994429141	0.0994429141	0.333333343	0.333333343	None
  4.766667	-0.301616758	0.165769622	0.165769622	0.333333343	0.333333343	None
  4.9333334	-0.22501567	1.00437963	1.00437963	0.333333343	0.333333343	None
  5.00000048	-0.134397477	1.83392167	1.83392167	0.333333343	0.333333343	None
  5.033334	-0.06510705	1.91983342	1.91983342	0.333333343	0.333333343	None
  5.066667	-0.00640870724	1.0310483	1.0310483	0.333333343	0.333333343	None
  5.10000038	0.00362943672	-0.117905289	-0.117905289	0.333333343	0.333333343	None
  5.13333368	-0.0142690521	0.0466470122	0.0466470122	0.333333343	0.333333343	None
  5.166667	0.00673923362	0.342474818	0.342474818	0.333333343	0.333333343	None
  5.20000029	0.008562579	-0.08300511	-0.08300511	0.333333343	0.333333343	None
  5.23333359	0.00120556541	-0.188672125	-0.188672125	0.333333343	0.333333343	None
  5.266667	-0.004015551	-0.135845557	-0.135845557	0.333333343	0.333333343	None
  5.3	-0.007850796	-0.06777135	-0.06777135	0.333333343	0.333333343	None
  5.33333349	-0.008533637	-0.00628798362	-0.00628798362	0.333333343	0.333333343	None
  5.366667	-0.00826999452	-0.0218588226	-0.0218588226	0.333333343	0.333333343	None
  5.4	-0.00999089051	-0.0604805164	-0.0604805164	0.333333343	0.333333343	None
  5.4333334	-0.0123020252	-0.103156358	-0.103156358	0.333333343	0.333333343	None
  5.466667	-0.01686804	-0.217011809	-0.217011809	0.333333343	0.333333343	None
  5.50000048	-0.02676953	-0.379137278	-0.379137278	0.333333343	0.333333343	None
  5.533334	-0.0421438329	-0.516968846	-0.516968846	0.333333343	0.333333343	None
  5.566667	-0.0612340868	-0.6847689	-0.6847689	0.333333343	0.333333343	None
  5.60000038	-0.08779505	-0.8618357	-0.8618357	0.333333343	0.333333343	None
  5.63333368	-0.118689746	-0.654268265	-0.654268265	0.333333343	0.333333343	None
  5.666667	-0.1314129	-0.266652048	-0.266652048	0.333333343	0.333333343	None
  5.73333359	-0.134532854	0.129958287	0.129958287	0.333333343	0.333333343	None
  5.8	-0.1257267	-0.205841854	-0.205841854	0.333333343	0.333333343	None
  5.866667	-0.160857767	-0.374199361	-0.374199361	0.333333343	0.333333343	None
  5.9	-0.166472033	-0.008856848	-0.008856848	0.333333343	0.333333343	None
  5.933334	-0.161448151	-0.03125108	-0.03125108	0.333333343	0.333333343	None
  6.00000048	-0.183891863	-0.5129589	-0.5129589	0.333333343	0.333333343	None
  6.066667	-0.2135466	-0.06489901	-0.06489901	0.333333343	0.333333343	None
  6.166667	-0.161027566	0.897577763	0.897577763	0.333333343	0.333333343	None
  6.20000029	-0.127725378	0.5130313	0.5130313	0.333333343	0.333333343	None
  6.23333359	-0.126825511	-0.0761412755	-0.0761412755	0.333333343	0.333333343	None
  6.266667	-0.132801458	-0.301597029	-0.301597029	0.333333343	0.333333343	None
  6.3	-0.146931961	-0.435524762	-0.435524762	0.333333343	0.333333343	None
  6.33333349	-0.161836416	-0.458905816	-0.458905816	0.333333343	0.333333343	None
  6.40000057	-0.18722865	-0.181827947	-0.181827947	0.333333343	0.333333343	None
  6.433334	-0.189647645	0.03293622	0.03293622	0.333333343	0.333333343	None
  6.466667	-0.1850329	0.0182864256	0.0182864256	0.333333343	0.333333343	None
  6.566667	-0.2069799	-0.290545225	-0.290545225	0.333333343	0.333333343	None
  6.73333359	-0.2457057	-0.052368395	-0.052368395	0.333333343	0.333333343	None
  6.83333349	-0.244270921	0.143219814	0.143219814	0.333333343	0.333333343	None
  6.866667	-0.237792045	0.09146215	0.09146215	0.333333343	0.333333343	None
  6.90000057	-0.238173455	0.206329659	0.206329659	0.333333343	0.333333343	None
  7.00000048	-0.152338237	1.42441273	1.42441273	0.333333343	0.333333343	None
  7.033334	-0.09837644	1.44223452	1.44223452	0.333333343	0.333333343	None
  7.066667	-0.05618936	0.930158556	0.930158556	0.333333343	0.333333343	None
  7.10000038	-0.0363659263	0.447560251	0.447560251	0.333333343	0.333333343	None
  7.13333368	-0.0263520386	0.3648274	0.3648274	0.333333343	0.333333343	None
  7.166667	-0.0120441243	0.4822972	0.4822972	0.333333343	0.333333343	None
  7.20000029	0.005801078	0.437631369	0.437631369	0.333333343	0.333333343	None
  7.23333359	0.0171312727	0.279649377	0.279649377	0.333333343	0.333333343	None
  7.266667	0.0244443528	0.217665657	0.217665657	0.333333343	0.333333343	None
  7.3	0.0316423029	0.190489829	0.190489829	0.333333343	0.333333343	None
  7.36666727	0.0415935069	0.136048853	0.136048853	0.333333343	0.333333343	None
  7.433334	0.05055917	0.135738119	0.135738119	0.333333343	0.333333343	None
  7.50000048	0.05898699	0.09539576	0.09539576	0.333333343	0.333333343	None
  7.566667	0.0649490058	0.104974717	0.104974717	0.333333343	0.333333343	None
  7.60000038	0.06862086	0.08607284	0.08607284	0.333333343	0.333333343	None
  7.70000029	0.07450923	0.06154737	0.06154737	0.333333343	0.333333343	None
  7.766667	0.07886872	0.05967295	0.05967295	0.333333343	0.333333343	None
  7.833334	0.0787847042	-0.152689308	-0.152689308	0.333333343	0.333333343	None
  7.86666727	0.0704387054	-0.483829856	-0.483829856	0.333333343	0.333333343	None
  7.90000057	0.0465294123	-1.581033	-1.581033	0.333333343	0.333333343	None
  7.933334	-0.03496339	-3.49171638	-3.49171638	0.333333343	0.333333343	None
  7.966667	-0.186251462	-3.71736884	-3.71736884	0.333333343	0.333333343	None
  8	-0.282786369	-1.73151743	-1.73151743	0.333333343	0.333333343	None
  8.033334	-0.301684737	0.261560172	0.261560172	0.333333343	0.333333343	None
  8.066668	-0.2653488	1.084214	1.084214	0.333333343	0.333333343	None
  8.1	-0.229403868	0.393051445	0.393051445	0.333333343	0.333333343	None
  8.133334	-0.239146039	-0.3537665	-0.3537665	0.333333343	0.333333343	None
  8.166667	-0.252988219	-0.286362141	-0.286362141	0.333333343	0.333333343	None
  8.233334	-0.263523936	-0.233521655	-0.233521655	0.333333343	0.333333343	None
  8.333334	-0.2861179	-0.0160351545	-0.0160351545	0.333333343	0.333333343	None
  8.400001	-0.27865085	0.141995326	0.141995326	0.333333343	0.333333343	None
  8.533334	-0.2149482	1.344417	1.344417	0.333333343	0.333333343	None
  8.6	-0.08013236	2.75177956	2.75177956	0.333333343	0.333333343	None
  8.633334	0.0248013511	3.47102642	3.47102642	0.333333343	0.333333343	None
  8.666667	0.15126887	3.65168858	3.65168858	0.333333343	0.333333343	None
  8.700001	0.2682469	3.277008	3.277008	0.333333343	0.333333343	None
  8.766667	0.467863381	2.91978812	2.91978812	0.333333343	0.333333343	None
  8.866667	0.7165267	1.56601775	1.56601775	0.333333343	0.333333343	None
  9.033334	0.7822456	-0.06473693	-0.06473693	0.333333343	0.333333343	None
  9.200001	0.7565312	-0.237446219	-0.237446219	0.333333343	0.333333343	None
  9.433333	0.7306747	-0.06532496	-0.06532496	0.333333343	0.333333343	None
  9.866667	0.741120458	-0.057005804	-0.057005804	0.333333343	0.333333343	None
  10.1333342	0.7525255	0.104445994	0.104445994	0.333333343	0.333333343	None
  10.2000008	0.7554976	0	0	0.333333343	0.333333343	None
FLOAT UnityEngine.Animator||LeftHandT.x discrete=False keys=80 pre=ClampForever post=ClampForever
  0	-0.26365757	0.07733791	0.07733791	0.333333343	0.333333343	None
  0.233333349	-0.254681915	-0.0239691176	-0.0239691176	0.333333343	0.333333343	None
  0.6	-0.273523837	-0.0360614136	-0.0360614136	0.333333343	0.333333343	None
  1.13333344	-0.281685382	0.00955849	0.00955849	0.333333343	0.333333343	None
  1.4000001	-0.281142533	0.0194679387	0.0194679387	0.333333343	0.333333343	None
  1.53333342	-0.270869642	-0.010187488	-0.010187488	0.333333343	0.333333343	None
  1.66666675	-0.3319063	-1.02130568	-1.02130568	0.333333343	0.333333343	None
  1.76666677	-0.443030447	-0.67805016	-0.67805016	0.333333343	0.333333343	None
  1.86666679	-0.423073947	1.19449782	1.19449782	0.333333343	0.333333343	None
  1.9333334	-0.309104443	1.76429629	1.76429629	0.333333343	0.333333343	None
  2	-0.207550153	1.11491406	1.11491406	0.333333343	0.333333343	None
  2.13333344	-0.135813743	0.345843256	0.345843256	0.333333343	0.333333343	None
  2.2	-0.110989243	0.4033255	0.4033255	0.333333343	0.333333343	None
  2.266667	-0.0847258344	0.319654167	0.319654167	0.333333343	0.333333343	None
  2.36666679	-0.0662373	0.0688543841	0.0688543841	0.333333343	0.333333343	None
  2.4333334	-0.0641716346	0.0253331531	0.0253331531	0.333333343	0.333333343	None
  2.50000024	-0.0622968	0.03290923	0.03290923	0.333333343	0.333333343	None
  2.53333354	-0.06113817	0.06306762	0.06306762	0.333333343	0.333333343	None
  2.60000014	-0.05466063	0.09750292	0.09750292	0.333333343	0.333333343	None
  2.7	-0.04625406	0.05823645	0.05823645	0.333333343	0.333333343	None
  2.80000019	-0.0412697829	0.0450462922	0.0450462922	0.333333343	0.333333343	None
  2.9	-0.03804997	0.03044556	0.03044556	0.333333343	0.333333343	None
  3.03333354	-0.03601779	-0.0167652741	-0.0167652741	0.333333343	0.333333343	None
  3.20000029	-0.0426597372	-0.049610626	-0.049610626	0.333333343	0.333333343	None
  3.36666679	-0.0530552939	-0.07380977	-0.07380977	0.333333343	0.333333343	None
  3.4333334	-0.059469	-0.1602656	-0.1602656	0.333333343	0.333333343	None
  3.466667	-0.06628696	-0.187298775	-0.187298775	0.333333343	0.333333343	None
  3.56666684	-0.08299673	-0.218635887	-0.218635887	0.333333343	0.333333343	None
  3.63333344	-0.101014644	-0.318514973	-0.318514973	0.333333343	0.333333343	None
  3.70000029	-0.122823827	-0.250537	-0.250537	0.333333343	0.333333343	None
  3.9	-0.139441043	-0.0562702753	-0.0562702753	0.333333343	0.333333343	None
  3.93333364	-0.142106071	-0.159538552	-0.159538552	0.333333343	0.333333343	None
  4.066667	-0.169450119	0.0495192148	0.0495192148	0.333333343	0.333333343	None
  4.13333368	-0.153710678	0.2971088	0.2971088	0.333333343	0.333333343	None
  4.23333359	-0.12663497	0.150799856	0.150799856	0.333333343	0.333333343	None
  4.3	-0.122305147	0.0497225	0.0497225	0.333333343	0.333333343	None
  4.5	-0.111606777	0.0669014	0.0669014	0.333333343	0.333333343	None
  4.63333368	-0.102828562	0.06648566	0.06648566	0.333333343	0.333333343	None
  4.8	-0.0994613245	-0.0454288423	-0.0454288423	0.333333343	0.333333343	None
  4.9666667	-0.122405723	-0.308784157	-0.308784157	0.333333343	0.333333343	None
  5.10000038	-0.1667064	-0.257019341	-0.257019341	0.333333343	0.333333343	None
  5.20000029	-0.182152718	-0.0467145145	-0.0467145145	0.333333343	0.333333343	None
  5.33333349	-0.188136116	-0.07509276	-0.07509276	0.333333343	0.333333343	None
  5.60000038	-0.204675585	-0.00601821253	-0.00601821253	0.333333343	0.333333343	None
  5.8	-0.176697254	0.320404023	0.320404023	0.333333343	0.333333343	None
  5.933334	-0.124821968	0.371800244	0.371800244	0.333333343	0.333333343	None
  6.00000048	-0.100589164	0.363642722	0.363642722	0.333333343	0.333333343	None
  6.066667	-0.08160243	0.06574794	0.06574794	0.333333343	0.333333343	None
  6.13333368	-0.09540811	-0.398694545	-0.398694545	0.333333343	0.333333343	None
  6.20000029	-0.123062231	-0.231303871	-0.231303871	0.333333343	0.333333343	None
  6.266667	-0.121630736	0.210053712	0.210053712	0.333333343	0.333333343	None
  6.3	-0.112302639	0.260583341	0.260583341	0.333333343	0.333333343	None
  6.40000057	-0.09698449	0.00497173145	0.00497173145	0.333333343	0.333333343	None
  6.50000048	-0.1067806	-0.06742812	-0.06742812	0.333333343	0.333333343	None
  6.63333368	-0.09714193	0.136630952	0.136630952	0.333333343	0.333333343	None
  6.766667	-0.0874137357	-0.0224251878	-0.0224251878	0.333333343	0.333333343	None
  6.866667	-0.0945096761	-0.0969560444	-0.0969560444	0.333333343	0.333333343	None
  6.933334	-0.1044091	-0.2455719	-0.2455719	0.333333343	0.333333343	None
  7.033334	-0.138005376	-0.344568074	-0.344568074	0.333333343	0.333333343	None
  7.13333368	-0.16672194	-0.171348616	-0.171348616	0.333333343	0.333333343	None
  7.3	-0.1761726	-0.0210647471	-0.0210647471	0.333333343	0.333333343	None
  7.60000038	-0.172118679	0.04633297	0.04633297	0.333333343	0.333333343	None
  7.8	-0.164720446	0.01569286	0.01569286	0.333333343	0.333333343	None
  7.90000057	-0.157475948	0.279729635	0.279729635	0.333333343	0.333333343	None
  7.933334	-0.144237623	0.4825672	0.4825672	0.333333343	0.333333343	None
  7.966667	-0.125304833	0.531537056	0.531537056	0.333333343	0.333333343	None
  8	-0.108802088	0.452540755	0.452540755	0.333333343	0.333333343	None
  8.066668	-0.08949937	0.000473685563	0.000473685563	0.333333343	0.333333343	None
  8.133334	-0.103819847	-0.214508742	-0.214508742	0.333333343	0.333333343	None
  8.233334	-0.116823241	-0.12655063	-0.12655063	0.333333343	0.333333343	None
  8.333334	-0.125055939	-0.0151730087	-0.0151730087	0.333333343	0.333333343	None
  8.433333	-0.127039671	-0.0699715	-0.0699715	0.333333343	0.333333343	None
  8.6	-0.152607635	-0.291404366	-0.291404366	0.333333343	0.333333343	None
  8.733334	-0.218843922	-0.670756	-0.670756	0.333333343	0.333333343	None
  8.933333	-0.319948256	-0.184065029	-0.184065029	0.333333343	0.333333343	None
  9.133334	-0.310276777	0.169254556	0.169254556	0.333333343	0.333333343	None
  9.433333	-0.25484097	0.0983697847	0.0983697847	0.333333343	0.333333343	None
  9.8	-0.244775727	0.00520842057	0.00520842057	0.333333343	0.333333343	None
  10.000001	-0.252072334	-0.0516788	-0.0516788	0.333333343	0.333333343	None
  10.2000008	-0.262476563	0	0	0.333333343	0.333333343	None
FLOAT UnityEngine.Animator||LeftHandT.y discrete=False keys=62 pre=ClampForever post=ClampForever
  0	-0.06349699	-0.004623681	-0.004623681	0.333333343	0.333333343	None
  0.166666672	-0.06298991	0.0118102115	0.0118102115	0.333333343	0.333333343	None
  0.4666667	-0.06291565	-0.0149273947	-0.0149273947	0.333333343	0.333333343	None
  0.700000048	-0.06332224	0.01395151	0.01395151	0.333333343	0.333333343	None
  1.03333342	-0.0610679947	-0.0112448707	-0.0112448707	0.333333343	0.333333343	None
  1.33333337	-0.062352363	-0.00122486963	-0.00122486963	0.333333343	0.333333343	None
  1.4333334	-0.06620416	-0.10601072	-0.10601072	0.333333343	0.333333343	None
  1.50000012	-0.07413646	-0.06803456	-0.06803456	0.333333343	0.333333343	None
  1.66666675	-0.0386420451	0.6095172	0.6095172	0.333333343	0.333333343	None
  1.7	-0.0147989979	0.855440855	0.855440855	0.333333343	0.333333343	None
  1.73333347	0.0183874127	1.09604824	1.09604824	0.333333343	0.333333343	None
  1.76666677	0.058270935	1.25560153	1.25560153	0.333333343	0.333333343	None
  1.86666679	0.208217666	1.88955	1.88955	0.333333343	0.333333343	None
  1.96666682	0.406958848	1.6025281	1.6025281	0.333333343	0.333333343	None
  2.13333344	0.489224643	-0.290810734	-0.290810734	0.333333343	0.333333343	None
  2.23333335	0.4665197	-0.00119383261	-0.00119383261	0.333333343	0.333333343	None
  2.4333334	0.4922411	0.0706762746	0.0706762746	0.333333343	0.333333343	None
  2.86666679	0.502872646	0.04482244	0.04482244	0.333333343	0.333333343	None
  3.4	0.507676244	-0.0281381886	-0.0281381886	0.333333343	0.333333343	None
  3.56666684	0.469421357	-0.4849251	-0.4849251	0.333333343	0.333333343	None
  3.70000029	0.4154947	-0.165881068	-0.165881068	0.333333343	0.333333343	None
  3.83333349	0.4177194	0.213281855	0.213281855	0.333333343	0.333333343	None
  4.033334	0.514919758	0.30227986	0.30227986	0.333333343	0.333333343	None
  4.23333359	0.525065064	0.0283625983	0.0283625983	0.333333343	0.333333343	None
  4.73333359	0.513179362	-0.005489593	-0.005489593	0.333333343	0.333333343	None
  4.9333334	0.4981995	-0.2516567	-0.2516567	0.333333343	0.333333343	None
  5.033334	0.445225328	-0.811607242	-0.811607242	0.333333343	0.333333343	None
  5.166667	0.3497655	-0.307066739	-0.307066739	0.333333343	0.333333343	None
  5.266667	0.34510535	0.04810368	0.04810368	0.333333343	0.333333343	None
  5.533334	0.389224738	0.402363479	0.402363479	0.333333343	0.333333343	None
  5.73333359	0.4771667	0.263167441	0.263167441	0.333333343	0.333333343	None
  5.966667	0.4899686	-0.102477022	-0.102477022	0.333333343	0.333333343	None
  6.20000029	0.48077485	0.0369961932	0.0369961932	0.333333343	0.333333343	None
  6.40000057	0.481673419	-0.00775835942	-0.00775835942	0.333333343	0.333333343	None
  6.73333359	0.4739929	-0.0177437235	-0.0177437235	0.333333343	0.333333343	None
  7.033334	0.455990881	-0.3818437	-0.3818437	0.333333343	0.333333343	None
  7.20000029	0.3865904	-0.260940731	-0.260940731	0.333333343	0.333333343	None
  7.566667	0.3670409	-0.0063009616	-0.0063009616	0.333333343	0.333333343	None
  7.833334	0.364241272	0.01709561	0.01709561	0.333333343	0.333333343	None
  7.90000057	0.377764016	0.601700544	0.601700544	0.333333343	0.333333343	None
  7.966667	0.4374705	0.773694932	0.773694932	0.333333343	0.333333343	None
  8.166667	0.45143795	-0.155443847	-0.155443847	0.333333343	0.333333343	None
  8.5	0.4434793	-0.186498269	-0.186498269	0.333333343	0.333333343	None
  8.633334	0.372148752	-1.00549483	-1.00549483	0.333333343	0.333333343	None
  8.733334	0.2450661	-1.46452212	-1.46452212	0.333333343	0.333333343	None
  8.766667	0.194108561	-1.47591543	-1.47591543	0.333333343	0.333333343	None
  8.833334	0.100247249	-1.37328482	-1.37328482	0.333333343	0.333333343	None
  8.866667	0.05511954	-1.23016953	-1.23016953	0.333333343	0.333333343	None
  8.900001	0.0182361417	-0.999906242	-0.999906242	0.333333343	0.333333343	None
  8.933333	-0.0115409158	-0.8093752	-0.8093752	0.333333343	0.333333343	None
  8.966667	-0.0357220769	-0.601401269	-0.601401269	0.333333343	0.333333343	None
  9.133334	-0.06818958	-0.0216198638	-0.0216198638	0.333333343	0.333333343	None
  9.266667	-0.07149498	0.0004451573	0.0004451573	0.333333343	0.333333343	None
  9.366667	-0.0647586	0.139810145	0.139810145	0.333333343	0.333333343	None
  9.500001	-0.0419607	0.136659935	0.136659935	0.333333343	0.333333343	None
  9.633334	-0.03443489	-0.0239116363	-0.0239116363	0.333333343	0.333333343	None
  9.733334	-0.0415407754	-0.11397092	-0.11397092	0.333333343	0.333333343	None
  9.833334	-0.0549696349	-0.140249819	-0.140249819	0.333333343	0.333333343	None
  9.900001	-0.06281191	-0.0805916339	-0.0805916339	0.333333343	0.333333343	None
  10.1333342	-0.06507502	0.0348724	0.0348724	0.333333343	0.333333343	None
  10.166667	-0.0637392849	0.0200345069	0.0200345069	0.333333343	0.333333343	None
  10.2000008	-0.0637394041	-3.576231E-06	-3.576231E-06	0.333333343	0.333333343	None
FLOAT UnityEngine.Animator||LeftHandT.z discrete=False keys=113 pre=ClampForever post=ClampForever
  0	0.0440066643	0.0522817262	0.0522817262	0.333333343	0.333333343	None
  0.100000009	0.0498141125	0.05797846	0.05797846	0.333333343	0.333333343	None
  0.13333334	0.05163346	0.06532269	0.06532269	0.333333343	0.333333343	None
  0.166666672	0.05416896	0.059022788	0.059022788	0.333333343	0.333333343	None
  0.400000036	0.0536641367	-0.05790446	-0.05790446	0.333333343	0.333333343	None
  0.5	0.047392	-0.053056784	-0.053056784	0.333333343	0.333333343	None
  0.6333334	0.0430497	-0.000297717284	-0.000297717284	0.333333343	0.333333343	None
  0.9333334	0.0486885831	-0.00670787552	-0.00670787552	0.333333343	0.333333343	None
  1.13333344	0.04525623	-0.0140886288	-0.0140886288	0.333333343	0.333333343	None
  1.33333337	0.0426401459	-0.0214249045	-0.0214249045	0.333333343	0.333333343	None
  1.4333334	0.037165843	-0.124791011	-0.124791011	0.333333343	0.333333343	None
  1.4666667	0.03184415	-0.2705458	-0.2705458	0.333333343	0.333333343	None
  1.50000012	0.0191294271	-0.4117242	-0.4117242	0.333333343	0.333333343	None
  1.53333342	0.00439585233	-0.414560378	-0.414560378	0.333333343	0.333333343	None
  1.56666672	-0.008507904	-0.303653747	-0.303653747	0.333333343	0.333333343	None
  1.60000014	-0.0158477388	-0.06862385	-0.06862385	0.333333343	0.333333343	None
  1.63333344	-0.0130828489	0.273226976	0.273226976	0.333333343	0.333333343	None
  1.66666675	0.002367376	0.615028262	0.615028262	0.333333343	0.333333343	None
  1.7	0.0279189963	1.03487968	1.03487968	0.333333343	0.333333343	None
  1.73333347	0.07135944	1.4579227	1.4579227	0.333333343	0.333333343	None
  1.80000007	0.183606774	1.80607986	1.80607986	0.333333343	0.333333343	None
  1.86666679	0.302874655	1.5247097	1.5247097	0.333333343	0.333333343	None
  1.9000001	0.347166538	0.819592237	0.819592237	0.333333343	0.333333343	None
  2.03333354	0.263670146	-1.17180514	-1.17180514	0.333333343	0.333333343	None
  2.06666684	0.225848615	-1.00452912	-1.00452912	0.333333343	0.333333343	None
  2.16666675	0.155397	-0.4554525	-0.4554525	0.333333343	0.333333343	None
  2.2	0.142658249	-0.369570524	-0.369570524	0.333333343	0.333333343	None
  2.266667	0.122907504	-0.169128239	-0.169128239	0.333333343	0.333333343	None
  2.33333349	0.115030229	-0.160927668	-0.160927668	0.333333343	0.333333343	None
  2.4	0.103484049	-0.134738773	-0.134738773	0.333333343	0.333333343	None
  2.53333354	0.09437723	-0.0323178545	-0.0323178545	0.333333343	0.333333343	None
  2.766667	0.09733525	0.008595594	0.008595594	0.333333343	0.333333343	None
  3.00000024	0.1012662	0.03683079	0.03683079	0.333333343	0.333333343	None
  3.36666679	0.11796362	0.0523966663	0.0523966663	0.333333343	0.333333343	None
  3.50000024	0.14642258	0.552167	0.552167	0.333333343	0.333333343	None
  3.63333344	0.239166781	0.504338264	0.504338264	0.333333343	0.333333343	None
  3.766667	0.269628823	0.07026411	0.07026411	0.333333343	0.333333343	None
  3.9	0.2560941	-0.368371159	-0.368371159	0.333333343	0.333333343	None
  4.033334	0.181284964	-0.7104221	-0.7104221	0.333333343	0.333333343	None
  4.066667	0.15628092	-0.6606319	-0.6606319	0.333333343	0.333333343	None
  4.166667	0.114528641	-0.276319861	-0.276319861	0.333333343	0.333333343	None
  4.23333359	0.100107871	-0.124800958	-0.124800958	0.333333343	0.333333343	None
  4.3	0.0953433439	-0.07159169	-0.07159169	0.333333343	0.333333343	None
  4.4333334	0.0896940157	0.00269562285	0.00269562285	0.333333343	0.333333343	None
  4.60000038	0.09190689	-0.0212119352	-0.0212119352	0.333333343	0.333333343	None
  4.73333359	0.08801609	0.0019510854	0.0019510854	0.333333343	0.333333343	None
  4.866667	0.09114149	0.08412723	0.08412723	0.333333343	0.333333343	None
  4.9666667	0.118403219	0.6076971	0.6076971	0.333333343	0.333333343	None
  5.033334	0.173373267	0.91471374	0.91471374	0.333333343	0.333333343	None
  5.066667	0.204047278	0.775890946	0.775890946	0.333333343	0.333333343	None
  5.166667	0.24013485	0.03928099	0.03928099	0.333333343	0.333333343	None
  5.266667	0.23696962	-0.022555165	-0.022555165	0.333333343	0.333333343	None
  5.533334	0.228690356	-0.111577541	-0.111577541	0.333333343	0.333333343	None
  5.63333368	0.203630283	-0.478655845	-0.478655845	0.333333343	0.333333343	None
  5.73333359	0.143400684	-0.6100038	-0.6100038	0.333333343	0.333333343	None
  5.866667	0.08282466	-0.181046709	-0.181046709	0.333333343	0.333333343	None
  5.966667	0.08180036	0.00391614065	0.00391614065	0.333333343	0.333333343	None
  6.00000048	0.0810087	-0.06023856	-0.06023856	0.333333343	0.333333343	None
  6.066667	0.07587638	-0.006476313	-0.006476313	0.333333343	0.333333343	None
  6.166667	0.07987225	-0.07542223	-0.07542223	0.333333343	0.333333343	None
  6.20000029	0.0746684	-0.138712138	-0.138712138	0.333333343	0.333333343	None
  6.266667	0.06872603	-0.00615511835	-0.00615511835	0.333333343	0.333333343	None
  6.33333349	0.07286158	0.06272296	0.06272296	0.333333343	0.333333343	None
  6.40000057	0.0762686357	0.06728981	0.06728981	0.333333343	0.333333343	None
  6.466667	0.08019678	-0.006310461	-0.006310461	0.333333343	0.333333343	None
  6.566667	0.07274794	-0.04800768	-0.04800768	0.333333343	0.333333343	None
  6.63333368	0.0719399452	-0.0213337522	-0.0213337522	0.333333343	0.333333343	None
  6.70000029	0.06951528	-0.0173377022	-0.0173377022	0.333333343	0.333333343	None
  6.766667	0.06938978	-0.0111480542	-0.0111480542	0.333333343	0.333333343	None
  6.866667	0.0687422	0.03542869	0.03542869	0.333333343	0.333333343	None
  6.90000057	0.0706917644	0.112487957	0.112487957	0.333333343	0.333333343	None
  6.933334	0.07624142	0.302241	0.302241	0.333333343	0.333333343	None
  6.966667	0.0908411443	0.571341336	0.571341336	0.333333343	0.333333343	None
  7.066667	0.168596581	0.7039395	0.7039395	0.333333343	0.333333343	None
  7.20000029	0.216029644	0.0597514063	0.0597514063	0.333333343	0.333333343	None
  7.33333349	0.218675092	0.0420565158	0.0420565158	0.333333343	0.333333343	None
  7.70000029	0.226461455	0.0113086514	0.0113086514	0.333333343	0.333333343	None
  7.833334	0.230219379	0.0381338373	0.0381338373	0.333333343	0.333333343	None
  7.90000057	0.227471992	-0.397094041	-0.397094041	0.333333343	0.333333343	None
  7.933334	0.204982579	-0.9701021	-0.9701021	0.333333343	0.333333343	None
  7.966667	0.162798584	-1.2331028	-1.2331028	0.333333343	0.333333343	None
  8	0.122776374	-0.7707328	-0.7707328	0.333333343	0.333333343	None
  8.033334	0.111416854	0.0758840442	0.0758840442	0.333333343	0.333333343	None
  8.066668	0.127835378	0.360004872	0.360004872	0.333333343	0.333333343	None
  8.1	0.135417283	-0.124558426	-0.124558426	0.333333343	0.333333343	None
  8.133334	0.119531155	-0.4993729	-0.4993729	0.333333343	0.333333343	None
  8.166667	0.102125809	-0.42685765	-0.42685765	0.333333343	0.333333343	None
  8.233334	0.08214287	-0.2758155	-0.2758155	0.333333343	0.333333343	None
  8.333334	0.0592681468	-0.1010384	-0.1010384	0.333333343	0.333333343	None
  8.400001	0.0579139255	0.00217825244	0.00217825244	0.333333343	0.333333343	None
  8.5	0.0621785671	0.16163002	0.16163002	0.333333343	0.333333343	None
  8.6	0.09479726	0.490539968	0.490539968	0.333333343	0.333333343	None
  8.666667	0.129997954	0.419900775	0.419900775	0.333333343	0.333333343	None
  8.8	0.136106819	-0.376874864	-0.376874864	0.333333343	0.333333343	None
  8.900001	0.06964504	-0.8625511	-0.8625511	0.333333343	0.333333343	None
  8.933333	0.0395121537	-0.948740065	-0.948740065	0.333333343	0.333333343	None
  8.966667	0.00639572134	-0.9639331	-0.9639331	0.333333343	0.333333343	None
  9	-0.0247500185	-0.86800766	-0.86800766	0.333333343	0.333333343	None
  9.033334	-0.0514713377	-0.731044948	-0.731044948	0.333333343	0.333333343	None
  9.066668	-0.073487	-0.5400542	-0.5400542	0.333333343	0.333333343	None
  9.166667	-0.09212422	0.1332017	0.1332017	0.333333343	0.333333343	None
  9.3	-0.0376269557	0.5702937	0.5702937	0.333333343	0.333333343	None
  9.333334	-0.0180184487	0.598080635	0.598080635	0.333333343	0.333333343	None
  9.366667	0.00224503758	0.593294	0.593294	0.333333343	0.333333343	None
  9.466667	0.0551344343	0.432255626	0.432255626	0.333333343	0.333333343	None
  9.666667	0.0947134644	-0.0335101224	-0.0335101224	0.333333343	0.333333343	None
  9.833334	0.06868942	-0.2309657	-0.2309657	0.333333343	0.333333343	None
  9.900001	0.05419843	-0.182430118	-0.182430118	0.333333343	0.333333343	None
  10.0333338	0.03839827	-0.03286341	-0.03286341	0.333333343	0.333333343	None
  10.1	0.0390926674	0.0389853157	0.0389853157	0.333333343	0.333333343	None
  10.1333342	0.0408165269	0.0695573762	0.0695573762	0.333333343	0.333333343	None
  10.166667	0.0437298045	0.0436999425	0.0436999425	0.333333343	0.333333343	None
  10.2000008	0.0437298119	2.23514434E-07	2.23514434E-07	0.333333343	0.333333343	None
FLOAT UnityEngine.Animator||MotionQ.w discrete=False keys=2 pre=ClampForever post=ClampForever
  0	1	0	0	0.333333343	0.333333343	None
  10.2000008	1	0	0	0.333333343	0.333333343	None
FLOAT UnityEngine.Animator||MotionQ.x discrete=False keys=2 pre=ClampForever post=ClampForever
  0	-1.33158053E-07	0	0	0.333333343	0.333333343	None
  10.2000008	-1.33158053E-07	0	0	0.333333343	0.333333343	None
FLOAT UnityEngine.Animator||MotionQ.y discrete=False keys=2 pre=ClampForever post=ClampForever
  0	0	0	0	0.333333343	0.333333343	None
  10.2000008	0	0	0	0.333333343	0.333333343	None
FLOAT UnityEngine.Animator||MotionQ.z discrete=False keys=2 pre=ClampForever post=ClampForever
  0	0	0	0	0.333333343	0.333333343	None
  10.2000008	0	0	0	0.333333343	0.333333343	None
FLOAT UnityEngine.Animator||MotionT.x discrete=False keys=2 pre=ClampForever post=ClampForever
  0	0	0	0	0.333333343	0.333333343	None
  10.2000008	0	0	0	0.333333343	0.333333343	None
FLOAT UnityEngine.Animator||MotionT.y discrete=False keys=2 pre=ClampForever post=ClampForever
  0	0	0	0	0.333333343	0.333333343	None
  10.2000008	0	0	0	0.333333343	0.333333343	None
FLOAT UnityEngine.Animator||MotionT.z discrete=False keys=2 pre=ClampForever post=ClampForever
  0	0	0	0	0.333333343	0.333333343	None
  10.2000008	0	0	0	0.333333343	0.333333343	None
FLOAT UnityEngine.Animator||Neck Nod Down-Up discrete=False keys=158 pre=ClampForever post=ClampForever
  0	0.2770263	-0.0516691767	-0.0516691767	0.333333343	0.333333343	None
  0.533333361	0.224620238	-0.139877528	-0.139877528	0.333333343	0.333333343	None
  0.6666667	0.210065424	-0.08228414	-0.08228414	0.333333343	0.333333343	None
  0.7666667	0.195237458	-0.222410828	-0.222410828	0.333333343	0.333333343	None
  0.900000036	0.169715911	-0.128537059	-0.128537059	0.333333343	0.333333343	None
  1	0.156842142	-0.152068168	-0.152068168	0.333333343	0.333333343	None
  1.23333335	0.128374428	-0.129428774	-0.129428774	0.333333343	0.333333343	None
  1.4000001	0.118465878	0.07119215	0.07119215	0.333333343	0.333333343	None
  1.4666667	0.12362776	-0.0291520935	-0.0291520935	0.333333343	0.333333343	None
  1.56666672	0.110740378	-0.07961355	-0.07961355	0.333333343	0.333333343	None
  1.63333344	0.111329921	0.07098305	0.07098305	0.333333343	0.333333343	None
  1.73333347	0.109808236	-0.241304576	-0.241304576	0.333333343	0.333333343	None
  1.76666677	0.09851047	-0.371222973	-0.371222973	0.333333343	0.333333343	None
  1.80000007	0.08506006	-0.473821282	-0.473821282	0.333333343	0.333333343	None
  1.83333337	0.06692241	-0.8899029	-0.8899029	0.333333343	0.333333343	None
  1.86666679	0.02573311	-1.34809422	-1.34809422	0.333333343	0.333333343	None
  1.9000001	-0.0229506046	-1.37957835	-1.37957835	0.333333343	0.333333343	None
  1.9333334	-0.0662386939	-1.26099229	-1.26099229	0.333333343	0.333333343	None
  2.03333354	-0.170071766	-0.7072902	-0.7072902	0.333333343	0.333333343	None
  2.10000014	-0.190368652	0.291007429	0.291007429	0.333333343	0.333333343	None
  2.13333344	-0.169800445	0.8555584	0.8555584	0.333333343	0.333333343	None
  2.16666675	-0.133331478	1.12878966	1.12878966	0.333333343	0.333333343	None
  2.2	-0.0945478752	1.0800668	1.0800668	0.333333343	0.333333343	None
  2.23333335	-0.0613270923	0.9338653	0.9338653	0.333333343	0.333333343	None
  2.266667	-0.03229004	0.7764163	0.7764163	0.333333343	0.333333343	None
  2.30000019	-0.009565846	0.613218546	0.613218546	0.333333343	0.333333343	None
  2.33333349	0.008591155	0.5225495	0.5225495	0.333333343	0.333333343	None
  2.4	0.03904681	0.35598284	0.35598284	0.333333343	0.333333343	None
  2.4333334	0.0490029231	0.299057662	0.299057662	0.333333343	0.333333343	None
  2.50000024	0.06534457	0.113600366	0.113600366	0.333333343	0.333333343	None
  2.53333354	0.06655736	0.0231986716	0.0231986716	0.333333343	0.333333343	None
  2.60000014	0.06540409	-0.0547911	-0.0547911	0.333333343	0.333333343	None
  2.63333344	0.06323841	-0.0476075225	-0.0476075225	0.333333343	0.333333343	None
  2.7	0.0607611872	-0.0418272167	-0.0418272167	0.333333343	0.333333343	None
  2.80000019	0.05620733	-0.0319214463	-0.0319214463	0.333333343	0.333333343	None
  2.9	0.05374451	-0.0282317847	-0.0282317847	0.333333343	0.333333343	None
  2.9333334	0.05282772	0.00296506472	0.00296506472	0.333333343	0.333333343	None
  2.966667	0.05394219	0.008296966	0.008296966	0.333333343	0.333333343	None
  3.00000024	0.05338086	0.0123993615	0.0123993615	0.333333343	0.333333343	None
  3.06666684	0.0571255162	0.0657448	0.0657448	0.333333343	0.333333343	None
  3.10000014	0.0591517948	0.06592893	0.06592893	0.333333343	0.333333343	None
  3.13333344	0.0615207739	0.04753136	0.04753136	0.333333343	0.333333343	None
  3.20000029	0.0630885	0.0343201	0.0343201	0.333333343	0.333333343	None
  3.36666679	0.06894566	-0.0127440812	-0.0127440812	0.333333343	0.333333343	None
  3.4333334	0.06600093	-0.08759055	-0.08759055	0.333333343	0.333333343	None
  3.466667	0.0621022731	-0.191031545	-0.191031545	0.333333343	0.333333343	None
  3.50000024	0.05326548	-0.2979952	-0.2979952	0.333333343	0.333333343	None
  3.56666684	0.029105695	-0.4202038	-0.4202038	0.333333343	0.333333343	None
  3.60000014	0.0142223835	-0.352314144	-0.352314144	0.333333343	0.333333343	None
  3.63333344	0.00561810751	-0.188962266	-0.188962266	0.333333343	0.333333343	None
  3.66666675	0.00162491109	-0.13518247	-0.13518247	0.333333343	0.333333343	None
  3.70000029	-0.00339408522	-0.189498127	-0.189498127	0.333333343	0.333333343	None
  3.73333359	-0.0110083213	-0.229385316	-0.229385316	0.333333343	0.333333343	None
  3.766667	-0.0186864249	-0.115444437	-0.115444437	0.333333343	0.333333343	None
  3.80000019	-0.01870461	0.175739527	0.175739527	0.333333343	0.333333343	None
  3.83333349	-0.00697046658	0.5040244	0.5040244	0.333333343	0.333333343	None
  3.86666679	0.0148969833	0.6592439	0.6592439	0.333333343	0.333333343	None
  3.9	0.036979083	0.540945947	0.540945947	0.333333343	0.333333343	None
  3.93333364	0.0509601124	0.246394843	0.246394843	0.333333343	0.333333343	None
  4	0.05072671	-0.0702548549	-0.0702548549	0.333333343	0.333333343	None
  4.033334	0.0487218276	-0.0223879889	-0.0223879889	0.333333343	0.333333343	None
  4.066667	0.04923415	0.0231338516	0.0231338516	0.333333343	0.333333343	None
  4.10000038	0.0502640828	0.0650721341	0.0650721341	0.333333343	0.333333343	None
  4.13333368	0.05357229	0.09697011	0.09697011	0.333333343	0.333333343	None
  4.20000029	0.0601654835	0.0998296738	0.0998296738	0.333333343	0.333333343	None
  4.266667	0.06472334	0.021347275	0.021347275	0.333333343	0.333333343	None
  4.366667	0.0613294654	-0.110440448	-0.110440448	0.333333343	0.333333343	None
  4.4	0.0564848967	-0.1977608	-0.1977608	0.333333343	0.333333343	None
  4.5	0.0284600649	-0.268780321	-0.268780321	0.333333343	0.333333343	None
  4.533334	0.0202200823	-0.184458062	-0.184458062	0.333333343	0.333333343	None
  4.566667	0.016162755	-0.0396545678	-0.0396545678	0.333333343	0.333333343	None
  4.60000038	0.0175764468	0.07761773	0.07761773	0.333333343	0.333333343	None
  4.63333368	0.0213372651	0.108896308	0.108896308	0.333333343	0.333333343	None
  4.666667	0.0248361938	0.06832895	0.06832895	0.333333343	0.333333343	None
  4.70000029	0.025892524	-0.008272052	-0.008272052	0.333333343	0.333333343	None
  4.766667	0.02108358	-0.101632938	-0.101632938	0.333333343	0.333333343	None
  4.8	0.0175092015	-0.08730903	-0.08730903	0.333333343	0.333333343	None
  4.9	0.0119848624	-0.0637692362	-0.0637692362	0.333333343	0.333333343	None
  4.9333334	0.009526138	-0.145262346	-0.145262346	0.333333343	0.333333343	None
  4.9666667	0.00230071484	-0.303846419	-0.303846419	0.333333343	0.333333343	None
  5.00000048	-0.0107304575	-0.403181851	-0.403181851	0.333333343	0.333333343	None
  5.033334	-0.024578236	-0.401358	-0.401358	0.333333343	0.333333343	None
  5.066667	-0.0374876335	-0.284825265	-0.284825265	0.333333343	0.333333343	None
  5.10000038	-0.04356657	-0.0679457858	-0.0679457858	0.333333343	0.333333343	None
  5.166667	-0.03763461	0.119879156	0.119879156	0.333333343	0.333333343	None
  5.20000029	-0.0340254121	0.0888824	0.0888824	0.333333343	0.333333343	None
  5.23333359	-0.0317091234	0.07416611	0.07416611	0.333333343	0.333333343	None
  5.266667	-0.02908101	0.147930309	0.147930309	0.333333343	0.333333343	None
  5.3	-0.0218471121	0.3188379	0.3188379	0.333333343	0.333333343	None
  5.33333349	-0.007825169	0.5162918	0.5162918	0.333333343	0.333333343	None
  5.366667	0.0125723071	0.6259872	0.6259872	0.333333343	0.333333343	None
  5.4	0.03390727	0.601679742	0.601679742	0.333333343	0.333333343	None
  5.50000048	0.07833099	0.198723719	0.198723719	0.333333343	0.333333343	None
  5.60000038	0.07520793	-0.116559416	-0.116559416	0.333333343	0.333333343	None
  5.666667	0.06716689	-0.152738035	-0.152738035	0.333333343	0.333333343	None
  5.70000029	0.0613091625	-0.151410013	-0.151410013	0.333333343	0.333333343	None
  5.73333359	0.0570728965	-0.09630497	-0.09630497	0.333333343	0.333333343	None
  5.8	0.0501205847	-0.23654452	-0.23654452	0.333333343	0.333333343	None
  5.83333349	0.0391192175	-0.485888779	-0.485888779	0.333333343	0.333333343	None
  5.866667	0.01772803	-0.750626	-0.750626	0.333333343	0.333333343	None
  5.9	-0.01092247	-0.8411448	-0.8411448	0.333333343	0.333333343	None
  5.933334	-0.03834863	-0.7222127	-0.7222127	0.333333343	0.333333343	None
  5.966667	-0.0590703264	-0.514774859	-0.514774859	0.333333343	0.333333343	None
  6.00000048	-0.07266692	-0.337347329	-0.337347329	0.333333343	0.333333343	None
  6.10000038	-0.07671822	0.379350752	0.379350752	0.333333343	0.333333343	None
  6.13333368	-0.0588251352	0.5819022	0.5819022	0.333333343	0.333333343	None
  6.166667	-0.037924774	0.4993186	0.4993186	0.333333343	0.333333343	None
  6.20000029	-0.02553726	0.4747584	0.4747584	0.333333343	0.333333343	None
  6.23333359	-0.006274245	0.5235576	0.5235576	0.333333343	0.333333343	None
  6.266667	0.009366547	0.389224	0.389224	0.333333343	0.333333343	None
  6.3	0.0196739975	0.265411347	0.265411347	0.333333343	0.333333343	None
  6.33333349	0.0270606186	0.206130326	0.206130326	0.333333343	0.333333343	None
  6.40000057	0.0395456478	0.1934718	0.1934718	0.333333343	0.333333343	None
  6.433334	0.0463142022	0.125443578	0.125443578	0.333333343	0.333333343	None
  6.466667	0.0479085445	-0.03006994	-0.03006994	0.333333343	0.333333343	None
  6.50000048	0.04430954	-0.106968388	-0.106968388	0.333333343	0.333333343	None
  6.533334	0.0407773256	-0.06836717	-0.06836717	0.333333343	0.333333343	None
  6.60000038	0.0389695875	-0.0431231447	-0.0431231447	0.333333343	0.333333343	None
  6.63333368	0.03687686	-0.047230728	-0.047230728	0.333333343	0.333333343	None
  6.666667	0.0358208753	-0.0139518026	-0.0139518026	0.333333343	0.333333343	None
  6.70000029	0.03594674	0.04564392	0.04564392	0.333333343	0.333333343	None
  6.8	0.0524528027	0.257849663	0.257849663	0.333333343	0.333333343	None
  6.83333349	0.0619263	0.318766654	0.318766654	0.333333343	0.333333343	None
  6.866667	0.07370389	0.314481378	0.314481378	0.333333343	0.333333343	None
  6.90000057	0.08289184	0.261721849	0.261721849	0.333333343	0.333333343	None
  6.966667	0.095210366	-0.006871827	-0.006871827	0.333333343	0.333333343	None
  7.066667	0.07173191	-0.256467372	-0.256467372	0.333333343	0.333333343	None
  7.13333368	0.06033034	-0.06678243	-0.06678243	0.333333343	0.333333343	None
  7.166667	0.0602579974	0.101955779	0.101955779	0.333333343	0.333333343	None
  7.23333359	0.0792987049	0.4308243	0.4308243	0.333333343	0.333333343	None
  7.266667	0.09584898	0.483549654	0.483549654	0.333333343	0.333333343	None
  7.40000057	0.142899618	0.17479682	0.17479682	0.333333343	0.333333343	None
  7.70000029	0.158616513	0.03061454	0.03061454	0.333333343	0.333333343	None
  7.833334	0.16361101	-0.0144278407	-0.0144278407	0.333333343	0.333333343	None
  7.86666727	0.1615953	-0.150202721	-0.150202721	0.333333343	0.333333343	None
  7.90000057	0.1535975	-0.202376664	-0.202376664	0.333333343	0.333333343	None
  7.933334	0.148103535	-0.261463553	-0.261463553	0.333333343	0.333333343	None
  7.966667	0.136166617	-0.496973544	-0.496973544	0.333333343	0.333333343	None
  8	0.1149723	-0.6668764	-0.6668764	0.333333343	0.333333343	None
  8.033334	0.0917082056	-0.465059549	-0.465059549	0.333333343	0.333333343	None
  8.066668	0.08396792	0.0230655372	0.0230655372	0.333333343	0.333333343	None
  8.1	0.09324566	0.466802359	0.466802359	0.333333343	0.333333343	None
  8.133334	0.115088224	0.6225318	0.6225318	0.333333343	0.333333343	None
  8.200001	0.150943741	0.4635587	0.4635587	0.333333343	0.333333343	None
  8.233334	0.165651679	0.467773974	0.467773974	0.333333343	0.333333343	None
  8.333334	0.210731432	0.4109682	0.4109682	0.333333343	0.333333343	None
  8.466667	0.254618049	0.20782876	0.20782876	0.333333343	0.333333343	None
  8.6	0.2798719	0.190875143	0.190875143	0.333333343	0.333333343	None
  8.766667	0.306946576	0.155650437	0.155650437	0.333333343	0.333333343	None
  8.866667	0.314010471	-0.033465337	-0.033465337	0.333333343	0.333333343	None
  9.133334	0.302855641	-0.07364048	-0.07364048	0.333333343	0.333333343	None
  9.366667	0.272901922	-0.0447524935	-0.0447524935	0.333333343	0.333333343	None
  9.700001	0.275396258	0.08035919	0.08035919	0.333333343	0.333333343	None
  9.8	0.276079983	-0.191586211	-0.191586211	0.333333343	0.333333343	None
  9.866667	0.2561113	-0.181911126	-0.181911126	0.333333343	0.333333343	None
  10.000001	0.269043535	0.157351851	0.157351851	0.333333343	0.333333343	None
  10.1333342	0.279096931	-0.04157949	-0.04157949	0.333333343	0.333333343	None
  10.2000008	0.277026325	0	0	0.333333343	0.333333343	None
FLOAT UnityEngine.Animator||Neck Tilt Left-Right discrete=False keys=234 pre=ClampForever post=ClampForever
  0	0.004239768	0.000112652771	0.000112652771	0.333333343	0.333333343	None
  0.0333333351	0.004243523	0.00122711051	0.00122711051	0.333333343	0.333333343	None
  0.06666667	0.004321575	0.00753567927	0.00753567927	0.333333343	0.333333343	None
  0.100000009	0.00474590156	0.0173284262	0.0173284262	0.333333343	0.333333343	None
  0.13333334	0.00547680352	0.0114382748	0.0114382748	0.333333343	0.333333343	None
  0.200000018	0.00549906539	0.008448966	0.008448966	0.333333343	0.333333343	None
  0.266666681	0.007048308	0.0329268	0.0329268	0.333333343	0.333333343	None
  0.3	0.008266837	0.0349827148	0.0349827148	0.333333343	0.333333343	None
  0.366666675	0.0104463967	0.0286620483	0.0286620483	0.333333343	0.333333343	None
  0.400000036	0.0112912925	0.03218654	0.03218654	0.333333343	0.333333343	None
  0.5	0.0152317323	0.0323876962	0.0323876962	0.333333343	0.333333343	None
  0.6	0.01775702	0.0359604	0.0359604	0.333333343	0.333333343	None
  0.6666667	0.0209099613	0.0499615967	0.0499615967	0.333333343	0.333333343	None
  0.700000048	0.0225825962	0.0260548741	0.0260548741	0.333333343	0.333333343	None
  0.7666667	0.0221124031	-0.004075362	-0.004075362	0.333333343	0.333333343	None
  0.9333334	0.0272772629	0.0298771784	0.0298771784	0.333333343	0.333333343	None
  1	0.0287111644	0.01600065	0.01600065	0.333333343	0.333333343	None
  1.03333342	0.0291950367	0.024232639	0.024232639	0.333333343	0.333333343	None
  1.1	0.0315470733	0.03077808	0.03077808	0.333333343	0.333333343	None
  1.23333335	0.03478878	0.03288245	0.03288245	0.333333343	0.333333343	None
  1.33333337	0.0378092155	-0.0002695229	-0.0002695229	0.333333343	0.333333343	None
  1.4000001	0.03293457	-0.190544263	-0.190544263	0.333333343	0.333333343	None
  1.4333334	0.0243810117	-0.359072953	-0.359072953	0.333333343	0.333333343	None
  1.4666667	0.008996395	-0.315822124	-0.315822124	0.333333343	0.333333343	None
  1.50000012	0.00332620251	0.008940071	0.008940071	0.333333343	0.333333343	None
  1.53333342	0.009592379	0.5351658	0.5351658	0.333333343	0.333333343	None
  1.56666672	0.0390038863	1.1023345	1.1023345	0.333333343	0.333333343	None
  1.60000014	0.08308143	1.27099133	1.27099133	0.333333343	0.333333343	None
  1.63333344	0.123736724	0.845922947	0.845922947	0.333333343	0.333333343	None
  1.66666675	0.13947624	0.16256237	0.16256237	0.333333343	0.333333343	None
  1.73333347	0.119130306	-0.4757082	-0.4757082	0.333333343	0.333333343	None
  1.76666677	0.1028603	-0.292116642	-0.292116642	0.333333343	0.333333343	None
  1.80000007	0.09965588	0.0642560646	0.0642560646	0.333333343	0.333333343	None
  1.83333337	0.107144035	0.250193417	0.250193417	0.333333343	0.333333343	None
  1.86666679	0.116335459	0.350929677	0.350929677	0.333333343	0.333333343	None
  1.9000001	0.130539358	0.289518028	0.289518028	0.333333343	0.333333343	None
  1.9333334	0.135636643	-0.116534695	-0.116534695	0.333333343	0.333333343	None
  1.96666682	0.122770339	-0.381917745	-0.381917745	0.333333343	0.333333343	None
  2.03333354	0.102475986	-0.137476042	-0.137476042	0.333333343	0.333333343	None
  2.13333344	0.104648545	0.00912857149	0.00912857149	0.333333343	0.333333343	None
  2.2	0.1050632	0.0627520159	0.0627520159	0.333333343	0.333333343	None
  2.23333335	0.108117707	0.01798834	0.01798834	0.333333343	0.333333343	None
  2.266667	0.106262408	-0.131204084	-0.131204084	0.333333343	0.333333343	None
  2.30000019	0.09937076	-0.201499909	-0.201499909	0.333333343	0.333333343	None
  2.36666679	0.08561395	-0.232374519	-0.232374519	0.333333343	0.333333343	None
  2.4	0.07733747	-0.2334769	-0.2334769	0.333333343	0.333333343	None
  2.4666667	0.06173695	-0.258678168	-0.258678168	0.333333343	0.333333343	None
  2.53333354	0.04334128	-0.279857934	-0.279857934	0.333333343	0.333333343	None
  2.56666684	0.034146402	-0.224014148	-0.224014148	0.333333343	0.333333343	None
  2.63333344	0.0243769884	-0.123548254	-0.123548254	0.333333343	0.333333343	None
  2.7	0.0164888818	-0.0911921561	-0.0911921561	0.333333343	0.333333343	None
  2.73333359	0.014090986	-0.0606352	-0.0606352	0.333333343	0.333333343	None
  2.766667	0.0124465218	-0.0233030543	-0.0233030543	0.333333343	0.333333343	None
  2.80000019	0.0125374505	0.0104325172	0.0104325172	0.333333343	0.333333343	None
  2.83333349	0.0131420223	0.0329308957	0.0329308957	0.333333343	0.333333343	None
  2.9	0.0170145947	0.07522801	0.07522801	0.333333343	0.333333343	None
  2.9333334	0.0197480377	0.06981642	0.06981642	0.333333343	0.333333343	None
  3.03333354	0.0234752353	0.0052826996	0.0052826996	0.333333343	0.333333343	None
  3.06666684	0.02337438	-0.0236531384	-0.0236531384	0.333333343	0.333333343	None
  3.10000014	0.02189836	-0.0270528421	-0.0270528421	0.333333343	0.333333343	None
  3.13333344	0.02157086	-0.0188975483	-0.0188975483	0.333333343	0.333333343	None
  3.16666675	0.0206385255	-0.0173766557	-0.0173766557	0.333333343	0.333333343	None
  3.20000029	0.0204124153	-0.0155540928	-0.0155540928	0.333333343	0.333333343	None
  3.23333359	0.0196015853	-0.0160610825	-0.0160610825	0.333333343	0.333333343	None
  3.266667	0.0193416774	-0.0251296125	-0.0251296125	0.333333343	0.333333343	None
  3.30000019	0.01792628	-0.028629899	-0.028629899	0.333333343	0.333333343	None
  3.33333349	0.01743302	-0.0141098015	-0.0141098015	0.333333343	0.333333343	None
  3.4	0.0169368088	0.0027358837	0.0027358837	0.333333343	0.333333343	None
  3.466667	0.0173726659	0.00170569692	0.00170569692	0.333333343	0.333333343	None
  3.50000024	0.0172817335	0.0654031038	0.0654031038	0.333333343	0.333333343	None
  3.53333354	0.0217328686	0.1472978	0.1472978	0.333333343	0.333333343	None
  3.60000014	0.03192606	0.115135193	0.115135193	0.333333343	0.333333343	None
  3.63333344	0.03477725	0.09055688	0.09055688	0.333333343	0.333333343	None
  3.66666675	0.037963178	0.07844648	0.07844648	0.333333343	0.333333343	None
  3.70000029	0.040007025	-0.0107465014	-0.0107465014	0.333333343	0.333333343	None
  3.73333359	0.03724676	-0.178900987	-0.178900987	0.333333343	0.333333343	None
  3.766667	0.0280803032	-0.352510959	-0.352510959	0.333333343	0.333333343	None
  3.80000019	0.0137460511	-0.448418647	-0.448418647	0.333333343	0.333333343	None
  3.83333349	-0.00181424525	-0.387867868	-0.387867868	0.333333343	0.333333343	None
  3.86666679	-0.0121117812	-0.183551759	-0.183551759	0.333333343	0.333333343	None
  3.9	-0.0140510174	0.00511744432	0.00511744432	0.333333343	0.333333343	None
  3.93333364	-0.0117706023	0.0462195277	0.0462195277	0.333333343	0.333333343	None
  3.966667	-0.0109697022	-0.00189114269	-0.00189114269	0.333333343	0.333333343	None
  4	-0.0118966717	-0.0370383151	-0.0370383151	0.333333343	0.333333343	None
  4.033334	-0.0134389363	-0.0676718652	-0.0676718652	0.333333343	0.333333343	None
  4.13333368	-0.0266665239	-0.203684464	-0.203684464	0.333333343	0.333333343	None
  4.20000029	-0.04187679	-0.187639251	-0.187639251	0.333333343	0.333333343	None
  4.23333359	-0.04677342	-0.130097941	-0.130097941	0.333333343	0.333333343	None
  4.3	-0.05274295	-0.0182337277	-0.0182337277	0.333333343	0.333333343	None
  4.4	-0.0458743535	0.0820032	0.0820032	0.333333343	0.333333343	None
  4.5	-0.0398216881	0.03749734	0.03749734	0.333333343	0.333333343	None
  4.566667	-0.03749996	0.0474106073	0.0474106073	0.333333343	0.333333343	None
  4.70000029	-0.0298331361	0.064324826	0.064324826	0.333333343	0.333333343	None
  4.766667	-0.02659303	0.00095760636	0.00095760636	0.333333343	0.333333343	None
  4.866667	-0.03138292	-0.0163265672	-0.0163265672	0.333333343	0.333333343	None
  4.9333334	-0.02792287	0.125157267	0.125157267	0.333333343	0.333333343	None
  5.00000048	-0.0152719645	0.239772111	0.239772111	0.333333343	0.333333343	None
  5.033334	-0.006503287	0.230342984	0.230342984	0.333333343	0.333333343	None
  5.066667	8.422051E-05	0.199765831	0.199765831	0.333333343	0.333333343	None
  5.10000038	0.006814422	0.146472871	0.146472871	0.333333343	0.333333343	None
  5.13333368	0.009849069	0.10516952	0.10516952	0.333333343	0.333333343	None
  5.166667	0.0138257165	0.140216649	0.140216649	0.333333343	0.333333343	None
  5.20000029	0.0191968363	0.112842008	0.112842008	0.333333343	0.333333343	None
  5.23333359	0.02134851	3.23541462E-05	3.23541462E-05	0.333333343	0.333333343	None
  5.266667	0.0191989932	-0.05157091	-0.05157091	0.333333343	0.333333343	None
  5.3	0.0179104526	-0.0396901667	-0.0396901667	0.333333343	0.333333343	None
  5.33333349	0.0165529847	0.00249437429	0.00249437429	0.333333343	0.333333343	None
  5.366667	0.0180767439	0.11760962	0.11760962	0.333333343	0.333333343	None
  5.4333334	0.03327656	0.276186526	0.276186526	0.333333343	0.333333343	None
  5.466667	0.04280617	0.256593168	0.256593168	0.333333343	0.333333343	None
  5.533334	0.05516821	0.100695364	0.100695364	0.333333343	0.333333343	None
  5.63333368	0.05584843	-0.0540611446	-0.0540611446	0.333333343	0.333333343	None
  5.70000029	0.0505620465	-0.1013078	-0.1013078	0.333333343	0.333333343	None
  5.766667	0.04410758	-0.07631384	-0.07631384	0.333333343	0.333333343	None
  5.8	0.04201896	-0.06281594	-0.06281594	0.333333343	0.333333343	None
  5.83333349	0.0399198532	-0.0515631139	-0.0515631139	0.333333343	0.333333343	None
  5.866667	0.0385814235	-0.049563244	-0.049563244	0.333333343	0.333333343	None
  5.9	0.03661564	-0.124335214	-0.124335214	0.333333343	0.333333343	None
  5.933334	0.0302923266	-0.244596153	-0.244596153	0.333333343	0.333333343	None
  5.966667	0.0203091539	-0.302887261	-0.302887261	0.333333343	0.333333343	None
  6.00000048	0.0100998608	-0.260183871	-0.260183871	0.333333343	0.333333343	None
  6.033334	0.00296357949	-0.1036971	-0.1036971	0.333333343	0.333333343	None
  6.066667	0.00318672787	0.0148137044	0.0148137044	0.333333343	0.333333343	None
  6.10000038	0.003951159	0.0336712	0.0336712	0.333333343	0.333333343	None
  6.13333368	0.00543147232	0.0112009784	0.0112009784	0.333333343	0.333333343	None
  6.166667	0.00469789	-0.0474106073	-0.0474106073	0.333333343	0.333333343	None
  6.20000029	0.00227076816	-0.1558916	-0.1558916	0.333333343	0.333333343	None
  6.23333359	-0.005694873	-0.078832984	-0.078832984	0.333333343	0.333333343	None
  6.266667	-0.00298475916	0.0420920439	0.0420920439	0.333333343	0.333333343	None
  6.3	-0.00288873957	-0.1805665	-0.1805665	0.333333343	0.333333343	None
  6.33333349	-0.0150225144	-0.424926758	-0.424926758	0.333333343	0.333333343	None
  6.366667	-0.0312171616	-0.338665366	-0.338665366	0.333333343	0.333333343	None
  6.40000057	-0.0376002751	-0.119716346	-0.119716346	0.333333343	0.333333343	None
  6.433334	-0.0391983353	0.107205294	0.107205294	0.333333343	0.333333343	None
  6.466667	-0.0304532629	0.247240812	0.247240812	0.333333343	0.333333343	None
  6.50000048	-0.02271563	0.231107339	0.231107339	0.333333343	0.333333343	None
  6.533334	-0.0150461216	0.222216	0.222216	0.333333343	0.333333343	None
  6.566667	-0.007901245	0.131087825	0.131087825	0.333333343	0.333333343	None
  6.60000038	-0.006306942	-0.08358051	-0.08358051	0.333333343	0.333333343	None
  6.63333368	-0.0134732733	-0.2657563	-0.2657563	0.333333343	0.333333343	None
  6.666667	-0.0240240116	-0.238542438	-0.238542438	0.333333343	0.333333343	None
  6.73333359	-0.0306056067	0.0230617411	0.0230617411	0.333333343	0.333333343	None
  6.8	-0.0230187085	0.14738211	0.14738211	0.333333343	0.333333343	None
  6.83333349	-0.0180131756	0.14920862	0.14920862	0.333333343	0.333333343	None
  6.866667	-0.0130714765	0.227669224	0.227669224	0.333333343	0.333333343	None
  6.90000057	-0.002835095	0.232549533	0.232549533	0.333333343	0.333333343	None
  6.933334	0.00243195822	0.166187137	0.166187137	0.333333343	0.333333343	None
  6.966667	0.008244037	0.168870658	0.168870658	0.333333343	0.333333343	None
  7.033334	0.0171838459	0.0475838855	0.0475838855	0.333333343	0.333333343	None
  7.066667	0.0168622471	-0.0228685364	-0.0228685364	0.333333343	0.333333343	None
  7.10000038	0.0156592783	-0.0757994652	-0.0757994652	0.333333343	0.333333343	None
  7.166667	0.006744143	-0.1499328	-0.1499328	0.333333343	0.333333343	None
  7.20000029	0.00181344268	-0.1243365	-0.1243365	0.333333343	0.333333343	None
  7.23333359	-0.0015449496	-0.06576115	-0.06576115	0.333333343	0.333333343	None
  7.266667	-0.00257063	-0.0235847458	-0.0235847458	0.333333343	0.333333343	None
  7.3	-0.00311726448	-0.0200280659	-0.0200280659	0.333333343	0.333333343	None
  7.33333349	-0.00390583323	-0.02959523	-0.02959523	0.333333343	0.333333343	None
  7.36666727	-0.005090295	-0.03466461	-0.03466461	0.333333343	0.333333343	None
  7.40000057	-0.00621682173	-0.0161737558	-0.0161737558	0.333333343	0.333333343	None
  7.433334	-0.00616854429	0.01446778	0.01446778	0.333333343	0.333333343	None
  7.466667	-0.005252304	0.0181773752	0.0181773752	0.333333343	0.333333343	None
  7.50000048	-0.0049567204	0.00366931432	0.00366931432	0.333333343	0.333333343	None
  7.533334	-0.0050076833	-0.007354631	-0.007354631	0.333333343	0.333333343	None
  7.566667	-0.00544702867	-0.0160530638	-0.0160530638	0.333333343	0.333333343	None
  7.60000038	-0.00607788656	-0.0312370583	-0.0312370583	0.333333343	0.333333343	None
  7.63333368	-0.007529497	-0.0485051	-0.0485051	0.333333343	0.333333343	None
  7.666667	-0.009311557	-0.0440151058	-0.0440151058	0.333333343	0.333333343	None
  7.70000029	-0.0104638347	-0.0207040049	-0.0207040049	0.333333343	0.333333343	None
  7.766667	-0.0104665142	0.00431301026	0.00431301026	0.333333343	0.333333343	None
  7.8	-0.0104042888	0.00510143675	0.00510143675	0.333333343	0.333333343	None
  7.833334	-0.0101264147	-0.00332331983	-0.00332331983	0.333333343	0.333333343	None
  7.86666727	-0.0106258392	-0.07539694	-0.07539694	0.333333343	0.333333343	None
  7.90000057	-0.0151528725	-0.20950219	-0.20950219	0.333333343	0.333333343	None
  7.933334	-0.024592638	-0.316297	-0.316297	0.333333343	0.333333343	None
  7.966667	-0.03623932	-0.328320861	-0.328320861	0.333333343	0.333333343	None
  8	-0.04648053	-0.148559466	-0.148559466	0.333333343	0.333333343	None
  8.033334	-0.046143122	0.158275038	0.158275038	0.333333343	0.333333343	None
  8.066668	-0.03592872	0.3493453	0.3493453	0.333333343	0.333333343	None
  8.1	-0.0228535	0.37157768	0.37157768	0.333333343	0.333333343	None
  8.133334	-0.0111569166	0.226688	0.226688	0.333333343	0.333333343	None
  8.166667	-0.007740862	0.04772536	0.04772536	0.333333343	0.333333343	None
  8.200001	-0.007975281	0.02869483	0.02869483	0.333333343	0.333333343	None
  8.233334	-0.00582790934	0.08253411	0.08253411	0.333333343	0.333333343	None
  8.266667	-0.002472995	0.06891908	0.06891908	0.333333343	0.333333343	None
  8.3	-0.00123327819	-0.007281579	-0.007281579	0.333333343	0.333333343	None
  8.333334	-0.00295847561	-0.0612671822	-0.0612671822	0.333333343	0.333333343	None
  8.366667	-0.005317744	-0.05202184	-0.05202184	0.333333343	0.333333343	None
  8.400001	-0.006426577	0.01578808	0.01578808	0.333333343	0.333333343	None
  8.433333	-0.004265253	0.10249348	0.10249348	0.333333343	0.333333343	None
  8.466667	0.000406351	0.144795358	0.144795358	0.333333343	0.333333343	None
  8.5	0.005387758	0.137380421	0.137380421	0.333333343	0.333333343	None
  8.6	0.01516816	0.0509596951	0.0509596951	0.333333343	0.333333343	None
  8.633334	0.0162598211	-0.0007126052	-0.0007126052	0.333333343	0.333333343	None
  8.666667	0.0151206851	-0.034029305	-0.034029305	0.333333343	0.333333343	None
  8.700001	0.0139912032	-0.0647517	-0.0647517	0.333333343	0.333333343	None
  8.733334	0.0108039388	-0.104831249	-0.104831249	0.333333343	0.333333343	None
  8.766667	0.007002451	-0.09528	-0.09528	0.333333343	0.333333343	None
  8.8	0.00445192726	-0.0637698248	-0.0637698248	0.333333343	0.333333343	None
  8.833334	0.00275114551	-0.0669964254	-0.0669964254	0.333333343	0.333333343	None
  8.866667	-1.44815831E-05	-0.04580599	-0.04580599	0.333333343	0.333333343	None
  8.900001	-0.000302548666	-0.004900244	-0.004900244	0.333333343	0.333333343	None
  8.933333	-0.000341167761	-0.02886289	-0.02886289	0.333333343	0.333333343	None
  8.966667	-0.002226766	-0.08898026	-0.08898026	0.333333343	0.333333343	None
  9	-0.006273148	-0.136156946	-0.136156946	0.333333343	0.333333343	None
  9.033334	-0.0113039007	-0.160206273	-0.160206273	0.333333343	0.333333343	None
  9.066668	-0.0169537086	-0.152330577	-0.152330577	0.333333343	0.333333343	None
  9.200001	-0.0290622767	-0.03820526	-0.03820526	0.333333343	0.333333343	None
  9.233334	-0.0300879441	-0.009366477	-0.009366477	0.333333343	0.333333343	None
  9.333334	-0.0257615354	0.08117451	0.08117451	0.333333343	0.333333343	None
  9.366667	-0.022859931	0.106247351	0.106247351	0.333333343	0.333333343	None
  9.433333	-0.0140923243	0.128360033	0.128360033	0.333333343	0.333333343	None
  9.466667	-0.0101210494	0.124954432	0.124954432	0.333333343	0.333333343	None
  9.500001	-0.00576191768	0.119556785	0.119556785	0.333333343	0.333333343	None
  9.533334	-0.002150594	0.09633446	0.09633446	0.333333343	0.333333343	None
  9.566668	0.000660361839	0.07064926	0.07064926	0.333333343	0.333333343	None
  9.6	0.002559365	0.045302704	0.045302704	0.333333343	0.333333343	None
  9.633334	0.00368052814	0.0312369838	0.0312369838	0.333333343	0.333333343	None
  9.666667	0.004641831	0.0188050941	0.0188050941	0.333333343	0.333333343	None
  9.700001	0.00493419031	0.0104686823	0.0104686823	0.333333343	0.333333343	None
  9.733334	0.005339741	0.00197560852	0.00197560852	0.333333343	0.333333343	None
  9.766667	0.0050658877	-0.0131321643	-0.0131321643	0.333333343	0.333333343	None
  9.8	0.00446426868	-0.0305045787	-0.0305045787	0.333333343	0.333333343	None
  9.833334	0.00303223915	-0.0418183431	-0.0418183431	0.333333343	0.333333343	None
  9.866667	0.00167638075	-0.0399837643	-0.0399837643	0.333333343	0.333333343	None
  9.900001	0.000366658031	-0.0527458861	-0.0527458861	0.333333343	0.333333343	None
  9.933333	-0.0018399955	-0.0539086163	-0.0539086163	0.333333343	0.333333343	None
  9.966667	-0.00322723435	-0.0101144705	-0.0101144705	0.333333343	0.333333343	None
  10.000001	-0.0025143025	0.0353329778	0.0353329778	0.333333343	0.333333343	None
  10.0333338	-0.000871718	0.0543951765	0.0543951765	0.333333343	0.333333343	None
  10.0666676	0.00111204374	0.0495429821	0.0495429821	0.333333343	0.333333343	None
  10.1	0.00243115379	0.034862116	0.034862116	0.333333343	0.333333343	None
  10.1333342	0.0034361782	0.0269923918	0.0269923918	0.333333343	0.333333343	None
  10.166667	0.004230648	0.011917226	0.011917226	0.333333343	0.333333343	None
  10.2000008	0.004230648	0	0	0.333333343	0.333333343	None
FLOAT UnityEngine.Animator||Neck Turn Left-Right discrete=False keys=190 pre=ClampForever post=ClampForever
  0	0.00198322488	-0.006976415	-0.006976415	0.333333343	0.333333343	None
  0.06666667	0.0013435185	-0.017191615	-0.017191615	0.333333343	0.333333343	None
  0.100000009	0.0006045699	-0.0298006851	-0.0298006851	0.333333343	0.333333343	None
  0.13333334	-0.000643193838	-0.0344234779	-0.0344234779	0.333333343	0.333333343	None
  0.166666672	-0.00169032847	-0.03762602	-0.03762602	0.333333343	0.333333343	None
  0.200000018	-0.00315159583	-0.0524640046	-0.0524640046	0.333333343	0.333333343	None
  0.3	-0.009843169	-0.06698817	-0.06698817	0.333333343	0.333333343	None
  0.333333343	-0.0119905472	-0.06918493	-0.06918493	0.333333343	0.333333343	None
  0.433333367	-0.0201616231	-0.09308344	-0.09308344	0.333333343	0.333333343	None
  0.4666667	-0.0234167576	-0.08984882	-0.08984882	0.333333343	0.333333343	None
  0.5	-0.0261515416	-0.09008199	-0.09008199	0.333333343	0.333333343	None
  0.6333334	-0.04151093	-0.142047226	-0.142047226	0.333333343	0.333333343	None
  0.866666734	-0.07442431	-0.114350617	-0.114350617	0.333333343	0.333333343	None
  1.06666672	-0.09549577	-0.09935169	-0.09935169	0.333333343	0.333333343	None
  1.33333337	-0.115616642	-0.0597703	-0.0597703	0.333333343	0.333333343	None
  1.36666679	-0.117480241	0.0249698143	0.0249698143	0.333333343	0.333333343	None
  1.4000001	-0.113951996	0.7129162	0.7129162	0.333333343	0.333333343	None
  1.4333334	-0.06995254	2.444273	2.444273	0.333333343	0.333333343	None
  1.4666667	0.0489993878	4.17653227	4.17653227	0.333333343	0.333333343	None
  1.50000012	0.208483234	4.927312	4.927312	0.333333343	0.333333343	None
  1.60000014	0.626800358	1.84547329	1.84547329	0.333333343	0.333333343	None
  1.63333344	0.650308847	-0.319447845	-0.319447845	0.333333343	0.333333343	None
  1.66666675	0.605503857	-1.617699	-1.617699	0.333333343	0.333333343	None
  1.73333347	0.475720167	-2.04003286	-2.04003286	0.333333343	0.333333343	None
  1.83333337	0.236418515	-2.98144913	-2.98144913	0.333333343	0.333333343	None
  1.86666679	0.1299678	-3.41175556	-3.41175556	0.333333343	0.333333343	None
  1.9000001	0.008967966	-3.411367	-3.411367	0.333333343	0.333333343	None
  1.9333334	-0.09745646	-2.748054	-2.748054	0.333333343	0.333333343	None
  2.03333354	-0.243410453	-0.246337354	-0.246337354	0.333333343	0.333333343	None
  2.10000014	-0.21208705	0.952286839	0.952286839	0.333333343	0.333333343	None
  2.16666675	-0.1397538	0.764880657	0.764880657	0.333333343	0.333333343	None
  2.2	-0.123665959	0.202349156	0.202349156	0.333333343	0.333333343	None
  2.30000019	-0.16444619	-0.6507146	-0.6507146	0.333333343	0.333333343	None
  2.36666679	-0.196714818	-0.124827221	-0.124827221	0.333333343	0.333333343	None
  2.4666667	-0.159075409	0.7735038	0.7735038	0.333333343	0.333333343	None
  2.53333354	-0.101685233	0.834443569	0.834443569	0.333333343	0.333333343	None
  2.56666684	-0.07467915	0.7303529	0.7303529	0.333333343	0.333333343	None
  2.63333344	-0.0350720175	0.512417734	0.512417734	0.333333343	0.333333343	None
  2.66666675	-0.0188339353	0.424556345	0.424556345	0.333333343	0.333333343	None
  2.7	-0.00676828763	0.299796641	0.299796641	0.333333343	0.333333343	None
  2.73333359	0.0011525458	0.1883387	0.1883387	0.333333343	0.333333343	None
  2.766667	0.00578767	0.08007608	0.08007608	0.333333343	0.333333343	None
  2.80000019	0.00649094628	-0.0136833023	-0.0136833023	0.333333343	0.333333343	None
  2.86666679	0.00117453944	-0.14066723	-0.14066723	0.333333343	0.333333343	None
  2.9	-0.00450235559	-0.168025792	-0.168025792	0.333333343	0.333333343	None
  2.966667	-0.015221	-0.147582725	-0.147582725	0.333333343	0.333333343	None
  3.00000024	-0.0198660456	-0.113690928	-0.113690928	0.333333343	0.333333343	None
  3.03333354	-0.0228003878	-0.0954814255	-0.0954814255	0.333333343	0.333333343	None
  3.06666684	-0.0262314677	-0.118969411	-0.118969411	0.333333343	0.333333343	None
  3.10000014	-0.0307316743	-0.122244306	-0.122244306	0.333333343	0.333333343	None
  3.13333344	-0.03438108	-0.111309208	-0.111309208	0.333333343	0.333333343	None
  3.16666675	-0.03815228	-0.0936144441	-0.0936144441	0.333333343	0.333333343	None
  3.20000029	-0.0406220555	-0.07163887	-0.07163887	0.333333343	0.333333343	None
  3.23333359	-0.04292822	-0.0524399728	-0.0524399728	0.333333343	0.333333343	None
  3.30000019	-0.0456624478	-0.0599233434	-0.0599233434	0.333333343	0.333333343	None
  3.33333349	-0.0481129363	-0.05779121	-0.05779121	0.333333343	0.333333343	None
  3.4333334	-0.0545840226	-0.1432051	-0.1432051	0.333333343	0.333333343	None
  3.466667	-0.060926374	-0.2785418	-0.2785418	0.333333343	0.333333343	None
  3.50000024	-0.0731535	-0.437511921	-0.437511921	0.333333343	0.333333343	None
  3.56666684	-0.10677284	-0.429963559	-0.429963559	0.333333343	0.333333343	None
  3.63333344	-0.1296376	-0.323265374	-0.323265374	0.333333343	0.333333343	None
  3.73333359	-0.1426093	0.369292468	0.369292468	0.333333343	0.333333343	None
  3.80000019	-0.09431183	0.823621154	0.823621154	0.333333343	0.333333343	None
  3.83333349	-0.06758791	0.640576363	0.640576363	0.333333343	0.333333343	None
  3.86666679	-0.05160678	0.306439877	0.306439877	0.333333343	0.333333343	None
  3.9	-0.0471586064	0.0347618051	0.0347618051	0.333333343	0.333333343	None
  3.93333364	-0.0492893457	-0.06609455	-0.06609455	0.333333343	0.333333343	None
  4	-0.05323594	-0.024719445	-0.024719445	0.333333343	0.333333343	None
  4.033334	-0.05321287	0.06567657	0.06567657	0.333333343	0.333333343	None
  4.13333368	-0.0277951937	0.403401971	0.403401971	0.333333343	0.333333343	None
  4.166667	-0.0131503316	0.403908849	0.403908849	0.333333343	0.333333343	None
  4.20000029	-0.000867962255	0.3352549	0.3352549	0.333333343	0.333333343	None
  4.23333359	0.009199975	0.2795763	0.2795763	0.333333343	0.333333343	None
  4.3	0.0225756187	0.0504725724	0.0504725724	0.333333343	0.333333343	None
  4.33333349	0.0211352743	-0.08650943	-0.08650943	0.333333343	0.333333343	None
  4.366667	0.01680833	-0.135674387	-0.135674387	0.333333343	0.333333343	None
  4.4	0.0120903235	-0.1434071	-0.1434071	0.333333343	0.333333343	None
  4.4333334	0.00724786473	-0.159194589	-0.159194589	0.333333343	0.333333343	None
  4.4666667	0.00147736142	-0.165881366	-0.165881366	0.333333343	0.333333343	None
  4.5	-0.00381088257	-0.148250222	-0.148250222	0.333333343	0.333333343	None
  4.533334	-0.008406043	-0.119660527	-0.119660527	0.333333343	0.333333343	None
  4.566667	-0.01178831	-0.0616613925	-0.0616613925	0.333333343	0.333333343	None
  4.60000038	-0.0125167985	0.01412989	0.01412989	0.333333343	0.333333343	None
  4.63333368	-0.0108463177	0.04812695	0.04812695	0.333333343	0.333333343	None
  4.70000029	-0.008638321	0.000643730164	0.000643730164	0.333333343	0.333333343	None
  4.73333359	-0.009265423	-0.0128102712	-0.0128102712	0.333333343	0.333333343	None
  4.766667	-0.009492339	-0.0119090192	-0.0119090192	0.333333343	0.333333343	None
  4.83333349	-0.0106708966	-0.0166163	-0.0166163	0.333333343	0.333333343	None
  4.866667	-0.011167109	-0.0248963851	-0.0248963851	0.333333343	0.333333343	None
  4.9	-0.0123306541	-0.107905313	-0.107905313	0.333333343	0.333333343	None
  4.9333334	-0.01836079	-0.294225156	-0.294225156	0.333333343	0.333333343	None
  4.9666667	-0.0319456458	-0.515036345	-0.515036345	0.333333343	0.333333343	None
  5.00000048	-0.05269681	-0.6520223	-0.6520223	0.333333343	0.333333343	None
  5.066667	-0.09654396	-0.563522339	-0.563522339	0.333333343	0.333333343	None
  5.13333368	-0.1267381	-0.3620258	-0.3620258	0.333333343	0.333333343	None
  5.23333359	-0.14191784	0.07444791	0.07444791	0.333333343	0.333333343	None
  5.266667	-0.137152076	0.1998545	0.1998545	0.333333343	0.333333343	None
  5.33333349	-0.111475855	0.6373414	0.6373414	0.333333343	0.333333343	None
  5.4	-0.06264998	0.555886149	0.555886149	0.333333343	0.333333343	None
  5.4333334	-0.04904579	0.245510548	0.245510548	0.333333343	0.333333343	None
  5.533334	-0.0599221624	-0.257822067	-0.257822067	0.333333343	0.333333343	None
  5.60000038	-0.07459706	-0.118873045	-0.118873045	0.333333343	0.333333343	None
  5.63333368	-0.07657976	-0.0461154878	-0.0461154878	0.333333343	0.333333343	None
  5.666667	-0.07767142	0.00904453	0.00904453	0.333333343	0.333333343	None
  5.70000029	-0.07597679	0.0420842357	0.0420842357	0.333333343	0.333333343	None
  5.8	-0.0738390759	0.03463294	0.03463294	0.333333343	0.333333343	None
  5.83333349	-0.07212835	0.0988771543	0.0988771543	0.333333343	0.333333343	None
  5.866667	-0.06724727	0.293903172	0.293903172	0.333333343	0.333333343	None
  5.9	-0.0525348224	0.797839761	0.797839761	0.333333343	0.333333343	None
  5.933334	-0.0140574556	1.52401662	1.52401662	0.333333343	0.333333343	None
  5.966667	0.04906673	1.97858262	1.97858262	0.333333343	0.333333343	None
  6.00000048	0.117847927	1.86391091	1.86391091	0.333333343	0.333333343	None
  6.033334	0.173327342	0.928549349	0.928549349	0.333333343	0.333333343	None
  6.066667	0.179751158	-0.6961593	-0.6961593	0.333333343	0.333333343	None
  6.10000038	0.126916766	-2.35486722	-2.35486722	0.333333343	0.333333343	None
  6.13333368	0.0227601547	-3.465259	-3.465259	0.333333343	0.333333343	None
  6.166667	-0.10410028	-3.42972469	-3.42972469	0.333333343	0.333333343	None
  6.20000029	-0.205887929	-1.89067745	-1.89067745	0.333333343	0.333333343	None
  6.23333359	-0.23014532	0.286548048	0.286548048	0.333333343	0.333333343	None
  6.266667	-0.186784744	1.68900418	1.68900418	0.333333343	0.333333343	None
  6.3	-0.11754515	2.120763	2.120763	0.333333343	0.333333343	None
  6.33333349	-0.0454006754	1.91695023	1.91695023	0.333333343	0.333333343	None
  6.366667	0.0102514029	0.861802161	0.861802161	0.333333343	0.333333343	None
  6.40000057	0.0120527735	-0.6573622	-0.6573622	0.333333343	0.333333343	None
  6.433334	-0.0335726775	-1.89455628	-1.89455628	0.333333343	0.333333343	None
  6.466667	-0.114250854	-2.20118856	-2.20118856	0.333333343	0.333333343	None
  6.50000048	-0.180318445	-1.35902011	-1.35902011	0.333333343	0.333333343	None
  6.533334	-0.2048521	-0.01783961	-0.01783961	0.333333343	0.333333343	None
  6.60000038	-0.132184029	1.59100437	1.59100437	0.333333343	0.333333343	None
  6.63333368	-0.07544089	1.61946487	1.61946487	0.333333343	0.333333343	None
  6.666667	-0.02421981	1.25192368	1.25192368	0.333333343	0.333333343	None
  6.70000029	0.00802061	0.6016549	0.6016549	0.333333343	0.333333343	None
  6.73333359	0.0158904772	-0.0207522735	-0.0207522735	0.333333343	0.333333343	None
  6.766667	0.00663712667	-0.342915356	-0.342915356	0.333333343	0.333333343	None
  6.8	-0.00697052432	-0.33394742	-0.33394742	0.333333343	0.333333343	None
  6.83333349	-0.0156260151	-0.150391623	-0.150391623	0.333333343	0.333333343	None
  6.866667	-0.0169966239	0.00351608917	0.00351608917	0.333333343	0.333333343	None
  6.90000057	-0.0153915863	-0.171305075	-0.171305075	0.333333343	0.333333343	None
  6.933334	-0.0284169279	-0.5808063	-0.5808063	0.333333343	0.333333343	None
  6.966667	-0.05411197	-0.82844913	-0.82844913	0.333333343	0.333333343	None
  7.00000048	-0.08364682	-0.8273065	-0.8273065	0.333333343	0.333333343	None
  7.033334	-0.109265685	-0.6692469	-0.6692469	0.333333343	0.333333343	None
  7.10000038	-0.14270474	-0.3527971	-0.3527971	0.333333343	0.333333343	None
  7.20000029	-0.142765373	0.4658357	0.4658357	0.333333343	0.333333343	None
  7.266667	-0.09541426	0.726264954	0.726264954	0.333333343	0.333333343	None
  7.3	-0.0732650757	0.556980431	0.556980431	0.333333343	0.333333343	None
  7.433334	-0.0430381969	0.0191427767	0.0191427767	0.333333343	0.333333343	None
  7.466667	-0.04339278	0.000796728767	0.000796728767	0.333333343	0.333333343	None
  7.60000038	-0.0358176753	0.09611711	0.09611711	0.333333343	0.333333343	None
  7.666667	-0.02929938	0.07689344	0.07689344	0.333333343	0.333333343	None
  7.70000029	-0.0272882637	0.06036599	0.06036599	0.333333343	0.333333343	None
  7.73333359	-0.0252749845	0.03703877	0.03703877	0.333333343	0.333333343	None
  7.766667	-0.0248190146	0.008448967	0.008448967	0.333333343	0.333333343	None
  7.8	-0.02471172	-0.008601651	-0.008601651	0.333333343	0.333333343	None
  7.833334	-0.0253924672	0.0537757762	0.0537757762	0.333333343	0.333333343	None
  7.86666727	-0.0211266819	0.556235552	0.556235552	0.333333343	0.333333343	None
  7.90000057	0.0116898706	1.69324088	1.69324088	0.333333343	0.333333343	None
  7.933334	0.0917559341	2.86088777	2.86088777	0.333333343	0.333333343	None
  7.966667	0.202415541	3.0931673	3.0931673	0.333333343	0.333333343	None
  8	0.297965527	2.028758	2.028758	0.333333343	0.333333343	None
  8.033334	0.337665141	0.3177888	0.3177888	0.333333343	0.333333343	None
  8.1	0.278642625	-1.13209391	-1.13209391	0.333333343	0.333333343	None
  8.133334	0.243678957	-0.769294739	-0.769294739	0.333333343	0.333333343	None
  8.166667	0.227356091	-0.294095218	-0.294095218	0.333333343	0.333333343	None
  8.200001	0.224072814	-0.127978563	-0.127978563	0.333333343	0.333333343	None
  8.333334	0.209065825	-0.0406596661	-0.0406596661	0.333333343	0.333333343	None
  8.466667	0.202161551	-0.124933474	-0.124933474	0.333333343	0.333333343	None
  8.566668	0.182724431	-0.283635437	-0.283635437	0.333333343	0.333333343	None
  8.633334	0.1630756	-0.216992363	-0.216992363	0.333333343	0.333333343	None
  8.700001	0.153817967	-0.113501549	-0.113501549	0.333333343	0.333333343	None
  8.8	0.145341411	-0.12159647	-0.12159647	0.333333343	0.333333343	None
  8.933333	0.122886993	-0.186754256	-0.186754256	0.333333343	0.333333343	None
  9.066668	0.105628587	-0.0599431	-0.0599431	0.333333343	0.333333343	None
  9.266667	0.0947852358	-0.112540245	-0.112540245	0.333333343	0.333333343	None
  9.433333	0.06689964	-0.21861881	-0.21861881	0.333333343	0.333333343	None
  9.566668	0.03948587	-0.1572108	-0.1572108	0.333333343	0.333333343	None
  9.633334	0.03136388	-0.09533634	-0.09533634	0.333333343	0.333333343	None
  9.700001	0.0268231574	-0.0404823422	-0.0404823422	0.333333343	0.333333343	None
  9.766667	0.0254461188	-0.0291935448	-0.0291935448	0.333333343	0.333333343	None
  9.833334	0.0223908089	-0.05522397	-0.05522397	0.333333343	0.333333343	None
  9.866667	0.0203577	-0.07094296	-0.07094296	0.333333343	0.333333343	None
  9.933333	0.0149745028	-0.07239568	-0.07239568	0.333333343	0.333333343	None
  9.966667	0.0128349075	-0.07252726	-0.07252726	0.333333343	0.333333343	None
  10.000001	0.0101392874	-0.0632704645	-0.0632704645	0.333333343	0.333333343	None
  10.0333338	0.008616864	-0.04467093	-0.04467093	0.333333343	0.333333343	None
  10.0666676	0.00716122938	-0.0492374152	-0.0492374152	0.333333343	0.333333343	None
  10.1	0.00533437775	-0.0521905124	-0.0521905124	0.333333343	0.333333343	None
  10.1333342	0.00368186785	-0.05024723	-0.05024723	0.333333343	0.333333343	None
  10.166667	0.00198456622	-0.0254599135	-0.0254599135	0.333333343	0.333333343	None
  10.2000008	0.00198456622	0	0	0.333333343	0.333333343	None
FLOAT UnityEngine.Animator||Right Arm Down-Up discrete=False keys=57 pre=ClampForever post=ClampForever
  0	-0.6209436	0.0006884336	0.0006884336	0.333333343	0.333333343	None
  0.7666667	-0.523070037	0.199534729	0.199534729	0.333333343	0.333333343	None
  1.16666675	-0.45036754	0.145495683	0.145495683	0.333333343	0.333333343	None
  1.4000001	-0.427377731	0.103940174	0.103940174	0.333333343	0.333333343	None
  1.4666667	-0.412869722	0.596344352	0.596344352	0.333333343	0.333333343	None
  1.56666672	-0.310534656	0.943899155	0.943899155	0.333333343	0.333333343	None
  1.63333344	-0.269332856	0.300445259	0.300445259	0.333333343	0.333333343	None
  1.7	-0.257888645	0.18960917	0.18960917	0.333333343	0.333333343	None
  1.83333337	-0.2123854	0.5707257	0.5707257	0.333333343	0.333333343	None
  1.9000001	-0.167849258	0.6694999	0.6694999	0.333333343	0.333333343	None
  1.9333334	-0.146564037	0.447526753	0.447526753	0.333333343	0.333333343	None
  1.96666682	-0.138014138	0.135319591	0.135319591	0.333333343	0.333333343	None
  2	-0.13754271	-0.21917215	-0.21917215	0.333333343	0.333333343	None
  2.03333354	-0.15262571	-0.6941393	-0.6941393	0.333333343	0.333333343	None
  2.06666684	-0.183818728	-1.072641	-1.072641	0.333333343	0.333333343	None
  2.13333344	-0.274743378	-1.6335969	-1.6335969	0.333333343	0.333333343	None
  2.2	-0.387107879	-1.52716231	-1.52716231	0.333333343	0.333333343	None
  2.30000019	-0.4867126	-0.2272839	-0.2272839	0.333333343	0.333333343	None
  2.4333334	-0.424913436	0.779509246	0.779509246	0.333333343	0.333333343	None
  2.56666684	-0.3147176	0.7443732	0.7443732	0.333333343	0.333333343	None
  2.73333359	-0.277902842	-0.3569599	-0.3569599	0.333333343	0.333333343	None
  2.83333349	-0.33249715	-0.5802164	-0.5802164	0.333333343	0.333333343	None
  3.06666684	-0.4433673	-0.288538	-0.288538	0.333333343	0.333333343	None
  3.266667	-0.466480136	0.0733642951	0.0733642951	0.333333343	0.333333343	None
  3.53333354	-0.423603237	0.232568756	0.232568756	0.333333343	0.333333343	None
  3.73333359	-0.399503261	0.071147	0.071147	0.333333343	0.333333343	None
  4.033334	-0.426347733	-0.07874749	-0.07874749	0.333333343	0.333333343	None
  4.166667	-0.423567981	0.166763827	0.166763827	0.333333343	0.333333343	None
  4.4333334	-0.390687734	0.090221554	0.090221554	0.333333343	0.333333343	None
  4.533334	-0.403218	-0.356938154	-0.356938154	0.333333343	0.333333343	None
  4.666667	-0.450925618	-0.201078251	-0.201078251	0.333333343	0.333333343	None
  4.8	-0.4742127	-0.151560158	-0.151560158	0.333333343	0.333333343	None
  5.10000038	-0.445881963	0.0790733844	0.0790733844	0.333333343	0.333333343	None
  5.466667	-0.454893738	0.0254411064	0.0254411064	0.333333343	0.333333343	None
  5.73333359	-0.4677555	-0.08625277	-0.08625277	0.333333343	0.333333343	None
  5.933334	-0.4415039	0.353833556	0.353833556	0.333333343	0.333333343	None
  6.10000038	-0.4051632	0.0492257327	0.0492257327	0.333333343	0.333333343	None
  6.23333359	-0.408268958	-0.22034502	-0.22034502	0.333333343	0.333333343	None
  6.3	-0.426589817	-0.158412308	-0.158412308	0.333333343	0.333333343	None
  6.40000057	-0.431988716	-0.07511531	-0.07511531	0.333333343	0.333333343	None
  6.50000048	-0.43575874	-0.0189306028	-0.0189306028	0.333333343	0.333333343	None
  6.666667	-0.460555255	-0.0250666086	-0.0250666086	0.333333343	0.333333343	None
  6.8	-0.463343084	-0.0956794	-0.0956794	0.333333343	0.333333343	None
  6.933334	-0.4705144	0.0408102944	0.0408102944	0.333333343	0.333333343	None
  7.10000038	-0.475059479	-0.004005436	-0.004005436	0.333333343	0.333333343	None
  7.433334	-0.483317882	0.0178899039	0.0178899039	0.333333343	0.333333343	None
  7.73333359	-0.4960634	-0.130161464	-0.130161464	0.333333343	0.333333343	None
  7.966667	-0.5254296	-0.106874973	-0.106874973	0.333333343	0.333333343	None
  8.133334	-0.514170349	-0.143781424	-0.143781424	0.333333343	0.333333343	None
  8.200001	-0.5262949	-0.0783987045	-0.0783987045	0.333333343	0.333333343	None
  8.333334	-0.5365673	-0.224212736	-0.224212736	0.333333343	0.333333343	None
  8.6	-0.574252546	-0.023622591	-0.023622591	0.333333343	0.333333343	None
  8.8	-0.564323246	0.08827905	0.08827905	0.333333343	0.333333343	None
  9.066668	-0.5676814	-0.0153960045	-0.0153960045	0.333333343	0.333333343	None
  9.433333	-0.573045135	0.03612587	0.03612587	0.333333343	0.333333343	None
  10.0666676	-0.620616734	-0.0552219	-0.0552219	0.333333343	0.333333343	None
  10.2000008	-0.62171495	0	0	0.333333343	0.333333343	None
FLOAT UnityEngine.Animator||Right Arm Front-Back discrete=False keys=78 pre=ClampForever post=ClampForever
  0	0.177394018	-0.015205442	-0.015205442	0.333333343	0.333333343	None
  0.400000036	0.1847262	0.0165823046	0.0165823046	0.333333343	0.333333343	None
  0.8333334	0.195273027	0.005225387	0.005225387	0.333333343	0.333333343	None
  1.03333342	0.198230326	0.0116814682	0.0116814682	0.333333343	0.333333343	None
  1.4000001	0.207211763	-0.0333302766	-0.0333302766	0.333333343	0.333333343	None
  1.4333334	0.205613762	-0.103346057	-0.103346057	0.333333343	0.333333343	None
  1.4666667	0.200322032	-0.411015332	-0.411015332	0.333333343	0.333333343	None
  1.53333342	0.14295812	-1.10418439	-1.10418439	0.333333343	0.333333343	None
  1.56666672	0.104600467	-1.0698719	-1.0698719	0.333333343	0.333333343	None
  1.66666675	0.0351119265	-0.132616311	-0.132616311	0.333333343	0.333333343	None
  1.7	0.03817512	0.27838093	0.27838093	0.333333343	0.333333343	None
  1.76666677	0.0773891658	0.7949481	0.7949481	0.333333343	0.333333343	None
  1.80000007	0.106667183	0.920812845	0.920812845	0.333333343	0.333333343	None
  1.83333337	0.13877663	0.8323631	0.8323631	0.333333343	0.333333343	None
  1.86666679	0.162158087	0.671997547	0.671997547	0.333333343	0.333333343	None
  1.9333334	0.202906892	0.631610155	0.631610155	0.333333343	0.333333343	None
  1.96666682	0.2256839	0.5573401	0.5573401	0.333333343	0.333333343	None
  2.03333354	0.25491482	0.451048046	0.451048046	0.333333343	0.333333343	None
  2.13333344	0.2995407	0.436563015	0.436563015	0.333333343	0.333333343	None
  2.266667	0.323815823	-0.120139152	-0.120139152	0.333333343	0.333333343	None
  2.4333334	0.263241738	-0.5992161	-0.5992161	0.333333343	0.333333343	None
  2.63333344	0.13994275	-0.5174338	-0.5174338	0.333333343	0.333333343	None
  2.7	0.113634378	-0.233673364	-0.233673364	0.333333343	0.333333343	None
  2.80000019	0.113925837	0.207982257	0.207982257	0.333333343	0.333333343	None
  2.9333334	0.156703442	0.3629287	0.3629287	0.333333343	0.333333343	None
  3.10000014	0.209257975	0.186708748	0.186708748	0.333333343	0.333333343	None
  3.23333359	0.227297291	0.1719206	0.1719206	0.333333343	0.333333343	None
  3.4333334	0.24209787	-0.146052435	-0.146052435	0.333333343	0.333333343	None
  3.60000014	0.2130257	-0.122803047	-0.122803047	0.333333343	0.333333343	None
  3.766667	0.201883867	-0.02746674	-0.02746674	0.333333343	0.333333343	None
  3.86666679	0.207407534	0.183384374	0.183384374	0.333333343	0.333333343	None
  3.93333364	0.2224653	0.14902088	0.14902088	0.333333343	0.333333343	None
  4.10000038	0.224629045	0.07387169	0.07387169	0.333333343	0.333333343	None
  4.20000029	0.230186939	-0.0381649658	-0.0381649658	0.333333343	0.333333343	None
  4.4666667	0.20276624	-0.0697542652	-0.0697542652	0.333333343	0.333333343	None
  4.566667	0.207131609	0.173657551	0.173657551	0.333333343	0.333333343	None
  4.70000029	0.230292439	0.031455636	0.031455636	0.333333343	0.333333343	None
  4.83333349	0.231115788	0.0618158132	0.0618158132	0.333333343	0.333333343	None
  4.9666667	0.230254874	-0.117636949	-0.117636949	0.333333343	0.333333343	None
  5.066667	0.21801962	-0.0493891239	-0.0493891239	0.333333343	0.333333343	None
  5.266667	0.215576634	-0.0208001044	-0.0208001044	0.333333343	0.333333343	None
  5.466667	0.216521576	-0.03350597	-0.03350597	0.333333343	0.333333343	None
  5.63333368	0.2157291	0.101410389	0.101410389	0.333333343	0.333333343	None
  5.73333359	0.22704789	0.05263751	0.05263751	0.333333343	0.333333343	None
  5.9	0.214256987	-0.211201057	-0.211201057	0.333333343	0.333333343	None
  6.00000048	0.195119962	-0.119211122	-0.119211122	0.333333343	0.333333343	None
  6.13333368	0.1851755	0.0157173127	0.0157173127	0.333333343	0.333333343	None
  6.166667	0.1875371	0.196990773	0.196990773	0.333333343	0.333333343	None
  6.20000029	0.1983082	0.3480413	0.3480413	0.333333343	0.333333343	None
  6.23333359	0.210739836	0.442960322	0.442960322	0.333333343	0.333333343	None
  6.266667	0.227838859	0.379655659	0.379655659	0.333333343	0.333333343	None
  6.366667	0.235442415	-0.0223631263	-0.0223631263	0.333333343	0.333333343	None
  6.40000057	0.23527585	-0.0493799262	-0.0493799262	0.333333343	0.333333343	None
  6.433334	0.232150421	-0.0170979816	-0.0170979816	0.333333343	0.333333343	None
  6.60000038	0.245568439	0.00611611269	0.00611611269	0.333333343	0.333333343	None
  6.766667	0.229637116	-0.119263195	-0.119263195	0.333333343	0.333333343	None
  6.866667	0.228973657	0.07272778	0.07272778	0.333333343	0.333333343	None
  6.933334	0.230696559	-0.06643637	-0.06643637	0.333333343	0.333333343	None
  7.033334	0.222377032	-0.03680285	-0.03680285	0.333333343	0.333333343	None
  7.166667	0.216364071	-0.06130083	-0.06130083	0.333333343	0.333333343	None
  7.36666727	0.212905973	-0.04617086	-0.04617086	0.333333343	0.333333343	None
  7.533334	0.205691174	-0.0104693426	-0.0104693426	0.333333343	0.333333343	None
  7.86666727	0.206102729	0.003918264	0.003918264	0.333333343	0.333333343	None
  8	0.199396417	-0.107024133	-0.107024133	0.333333343	0.333333343	None
  8.066668	0.185800985	-0.301887542	-0.301887542	0.333333343	0.333333343	None
  8.166667	0.171494678	0.329878122	0.329878122	0.333333343	0.333333343	None
  8.200001	0.190146849	0.397871822	0.397871822	0.333333343	0.333333343	None
  8.233334	0.1980196	0.2115618	0.2115618	0.333333343	0.333333343	None
  8.433333	0.21241647	0.0245107859	0.0245107859	0.333333343	0.333333343	None
  8.566668	0.204218969	-0.1515707	-0.1515707	0.333333343	0.333333343	None
  8.733334	0.1866266	-0.114564277	-0.114564277	0.333333343	0.333333343	None
  8.933333	0.175102621	0.0128020719	0.0128020719	0.333333343	0.333333343	None
  9.1	0.176341787	-0.0161793362	-0.0161793362	0.333333343	0.333333343	None
  9.3	0.172207043	-0.0598065928	-0.0598065928	0.333333343	0.333333343	None
  9.533334	0.158284381	-0.0511434041	-0.0511434041	0.333333343	0.333333343	None
  9.8	0.160233691	0.0448982529	0.0448982529	0.333333343	0.333333343	None
  10.1	0.178475052	-0.005535568	-0.005535568	0.333333343	0.333333343	None
  10.2000008	0.177440241	0	0	0.333333343	0.333333343	None
FLOAT UnityEngine.Animator||Right Arm Twist In-Out discrete=False keys=98 pre=ClampForever post=ClampForever
  0	-0.102141529	0.02106048	0.02106048	0.333333343	0.333333343	None
  0.233333349	-0.1041308	-0.03239606	-0.03239606	0.333333343	0.333333343	None
  0.6	-0.119614646	-0.05433105	-0.05433105	0.333333343	0.333333343	None
  0.8333334	-0.135302141	-0.0199563112	-0.0199563112	0.333333343	0.333333343	None
  1	-0.1417522	-0.0566435233	-0.0566435233	0.333333343	0.333333343	None
  1.23333335	-0.155041188	-0.06042879	-0.06042879	0.333333343	0.333333343	None
  1.36666679	-0.158437952	0.00721358	0.00721358	0.333333343	0.333333343	None
  1.4000001	-0.158041611	-0.0168789346	-0.0168789346	0.333333343	0.333333343	None
  1.4666667	-0.171685666	-0.6506774	-0.6506774	0.333333343	0.333333343	None
  1.53333342	-0.23617737	-0.8170356	-0.8170356	0.333333343	0.333333343	None
  1.56666672	-0.257410765	-0.224409133	-0.224409133	0.333333343	0.333333343	None
  1.66666675	-0.18817167	1.0531925	1.0531925	0.333333343	0.333333343	None
  1.80000007	-0.06672476	0.8027248	0.8027248	0.333333343	0.333333343	None
  1.83333337	-0.0404046476	0.5932371	0.5932371	0.333333343	0.333333343	None
  1.86666679	-0.0271756127	0.276403248	0.276403248	0.333333343	0.333333343	None
  1.9000001	-0.0219777338	-0.06815718	-0.06815718	0.333333343	0.333333343	None
  1.9333334	-0.03171942	-0.281162173	-0.281162173	0.333333343	0.333333343	None
  1.96666682	-0.0407218933	-0.27938658	-0.27938658	0.333333343	0.333333343	None
  2	-0.05034517	-0.268503875	-0.268503875	0.333333343	0.333333343	None
  2.06666684	-0.07164075	-0.549885869	-0.549885869	0.333333343	0.333333343	None
  2.13333344	-0.122164808	-0.742646456	-0.742646456	0.333333343	0.333333343	None
  2.2	-0.158988163	-0.2671619	-0.2671619	0.333333343	0.333333343	None
  2.30000019	-0.154212788	0.08024596	0.08024596	0.333333343	0.333333343	None
  2.4333334	-0.149554431	0.1365961	0.1365961	0.333333343	0.333333343	None
  2.4666667	-0.143784687	0.1340908	0.1340908	0.333333343	0.333333343	None
  2.53333354	-0.136181548	0.129045665	0.129045665	0.333333343	0.333333343	None
  2.63333344	-0.11923521	0.256476521	0.256476521	0.333333343	0.333333343	None
  2.73333359	-0.09534037	0.120500207	0.120500207	0.333333343	0.333333343	None
  2.83333349	-0.09968549	-0.23294571	-0.23294571	0.333333343	0.333333343	None
  2.9333334	-0.131407529	-0.289545834	-0.289545834	0.333333343	0.333333343	None
  2.966667	-0.1398448	-0.28201443	-0.28201443	0.333333343	0.333333343	None
  3.03333354	-0.158387884	-0.184611261	-0.184611261	0.333333343	0.333333343	None
  3.16666675	-0.168719277	-0.09910932	-0.09910932	0.333333343	0.333333343	None
  3.30000019	-0.186524168	-0.07207102	-0.07207102	0.333333343	0.333333343	None
  3.4333334	-0.182596192	0.123822905	0.123822905	0.333333343	0.333333343	None
  3.50000024	-0.174279317	0.090279	0.090279	0.333333343	0.333333343	None
  3.60000014	-0.163917229	0.1344369	0.1344369	0.333333343	0.333333343	None
  3.70000029	-0.152974784	0.004736781	0.004736781	0.333333343	0.333333343	None
  3.766667	-0.155982614	-0.0217366423	-0.0217366423	0.333333343	0.333333343	None
  3.9	-0.165036246	-0.257892162	-0.257892162	0.333333343	0.333333343	None
  4	-0.195108086	-0.165850461	-0.165850461	0.333333343	0.333333343	None
  4.033334	-0.198295563	0.00821406	0.00821406	0.333333343	0.333333343	None
  4.10000038	-0.190297246	0.08790993	0.08790993	0.333333343	0.333333343	None
  4.166667	-0.19141753	-0.107853517	-0.107853517	0.333333343	0.333333343	None
  4.266667	-0.197725564	0.0393373147	0.0393373147	0.333333343	0.333333343	None
  4.4333334	-0.182591259	0.102766477	0.102766477	0.333333343	0.333333343	None
  4.533334	-0.1632588	0.236583263	0.236583263	0.333333343	0.333333343	None
  4.60000038	-0.150550529	0.0983173549	0.0983173549	0.333333343	0.333333343	None
  4.766667	-0.153501749	0.0432625078	0.0432625078	0.333333343	0.333333343	None
  4.83333349	-0.150352955	-0.0154730091	-0.0154730091	0.333333343	0.333333343	None
  5.033334	-0.159608364	0.0419176	0.0419176	0.333333343	0.333333343	None
  5.13333368	-0.155350566	0.0005344306	0.0005344306	0.333333343	0.333333343	None
  5.23333359	-0.155291066	0.0330506563	0.0330506563	0.333333343	0.333333343	None
  5.50000048	-0.147680581	0.0346530527	0.0346530527	0.333333343	0.333333343	None
  5.63333368	-0.141538039	-0.010043988	-0.010043988	0.333333343	0.333333343	None
  5.73333359	-0.145657375	-0.006547502	-0.006547502	0.333333343	0.333333343	None
  5.8	-0.146013469	-0.0465073138	-0.0465073138	0.333333343	0.333333343	None
  5.866667	-0.150621325	-0.0722371	-0.0722371	0.333333343	0.333333343	None
  6.00000048	-0.165249288	-0.10720174	-0.10720174	0.333333343	0.333333343	None
  6.10000038	-0.172450513	0.06208448	0.06208448	0.333333343	0.333333343	None
  6.23333359	-0.163356915	-0.167227834	-0.167227834	0.333333343	0.333333343	None
  6.3	-0.184234589	-0.3754754	-0.3754754	0.333333343	0.333333343	None
  6.33333349	-0.196863741	-0.256650776	-0.256650776	0.333333343	0.333333343	None
  6.433334	-0.1895922	0.3139674	0.3139674	0.333333343	0.333333343	None
  6.466667	-0.177955374	0.265498936	0.265498936	0.333333343	0.333333343	None
  6.533334	-0.167171508	0.14085187	0.14085187	0.333333343	0.333333343	None
  6.63333368	-0.157968	0.0441038273	0.0441038273	0.333333343	0.333333343	None
  6.73333359	-0.150982544	0.166813225	0.166813225	0.333333343	0.333333343	None
  6.8	-0.138086542	0.13926132	0.13926132	0.333333343	0.333333343	None
  6.90000057	-0.136163428	-0.07255788	-0.07255788	0.333333343	0.333333343	None
  6.966667	-0.14152047	-0.00352844968	-0.00352844968	0.333333343	0.333333343	None
  7.066667	-0.133301184	0.0238694474	0.0238694474	0.333333343	0.333333343	None
  7.13333368	-0.135470912	-0.0230643377	-0.0230643377	0.333333343	0.333333343	None
  7.33333349	-0.1373649	-0.0524850823	-0.0524850823	0.333333343	0.333333343	None
  7.466667	-0.140327558	0.005670195	0.005670195	0.333333343	0.333333343	None
  7.533334	-0.140031591	-0.0276328139	-0.0276328139	0.333333343	0.333333343	None
  7.8	-0.142306849	0.0217787176	0.0217787176	0.333333343	0.333333343	None
  7.966667	-0.138653725	0.04349669	0.04349669	0.333333343	0.333333343	None
  8	-0.136874408	0.0204103142	0.0204103142	0.333333343	0.333333343	None
  8.066668	-0.13654989	0.1339224	0.1339224	0.333333343	0.333333343	None
  8.133334	-0.115115993	0.386370063	0.386370063	0.333333343	0.333333343	None
  8.166667	-0.102607034	0.235621318	0.235621318	0.333333343	0.333333343	None
  8.200001	-0.09940805	-0.03232293	-0.03232293	0.333333343	0.333333343	None
  8.3	-0.120739594	-0.147354409	-0.147354409	0.333333343	0.333333343	None
  8.400001	-0.12167611	0.00268562883	0.00268562883	0.333333343	0.333333343	None
  8.5	-0.120039918	0.0907585248	0.0907585248	0.333333343	0.333333343	None
  8.666667	-0.089578	0.139515117	0.139515117	0.333333343	0.333333343	None
  8.866667	-0.083553344	-0.00396860158	-0.00396860158	0.333333343	0.333333343	None
  9.033334	-0.09082712	-0.08225253	-0.08225253	0.333333343	0.333333343	None
  9.133334	-0.09595826	-0.04131323	-0.04131323	0.333333343	0.333333343	None
  9.333334	-0.110203527	0.00135936216	0.00135936216	0.333333343	0.333333343	None
  9.466667	-0.108080931	0.00279560662	0.00279560662	0.333333343	0.333333343	None
  9.666667	-0.101728	0.0220162161	0.0220162161	0.333333343	0.333333343	None
  9.8	-0.100409843	-0.0255597141	-0.0255597141	0.333333343	0.333333343	None
  9.866667	-0.102898031	0.00719286129	0.00719286129	0.333333343	0.333333343	None
  9.966667	-0.09901443	0.0136893652	0.0136893652	0.333333343	0.333333343	None
  10.1333342	-0.098563984	0.0111069037	0.0111069037	0.333333343	0.333333343	None
  10.2000008	-0.0977265	0	0	0.333333343	0.333333343	None
FLOAT UnityEngine.Animator||Right Eye Down-Up discrete=False keys=191 pre=ClampForever post=ClampForever
  0	4.55346E-07	-1.36603785E-05	-1.36603785E-05	0.333333343	0.333333343	None
  0.0333333351	2.03555417E-14	0	0	0.333333343	0.333333343	None
  0.06666667	4.55346E-07	6.83018925E-06	6.83018925E-06	0.333333343	0.333333343	None
  0.100000009	4.55346E-07	0	0	0.333333343	0.333333343	None
  0.13333334	4.55346E-07	0	0	0.333333343	0.333333343	None
  0.166666672	4.55346E-07	-6.830188E-06	-6.830188E-06	0.333333343	0.333333343	None
  0.200000018	-1.46853134E-14	-6.83018743E-06	-6.83018743E-06	0.333333343	0.333333343	None
  0.233333349	2.03555417E-14	6.83019061E-06	6.83019061E-06	0.333333343	0.333333343	None
  0.266666681	4.55346E-07	6.83019E-06	6.83019E-06	0.333333343	0.333333343	None
  0.3	4.55346E-07	0	0	0.333333343	0.333333343	None
  0.6	4.55346E-07	0	0	0.333333343	0.333333343	None
  0.6333334	4.55346E-07	-6.830197E-06	-6.830197E-06	0.333333343	0.333333343	None
  0.6666667	-1.46853134E-14	-1.22781785E-11	-1.22781785E-11	0.333333343	0.333333343	None
  0.700000048	4.55346E-07	6.8301847E-06	6.8301847E-06	0.333333343	0.333333343	None
  0.733333349	4.55346E-07	0	0	0.333333343	0.333333343	None
  0.8000001	4.55346E-07	0	0	0.333333343	0.333333343	None
  0.8333334	4.55346E-07	-6.830184E-06	-6.830184E-06	0.333333343	0.333333343	None
  0.866666734	2.03555417E-14	1.22781785E-11	1.22781785E-11	0.333333343	0.333333343	None
  0.900000036	4.55346E-07	6.830196E-06	6.830196E-06	0.333333343	0.333333343	None
  0.9333334	4.55346E-07	0	0	0.333333343	0.333333343	None
  1.36666679	4.55346E-07	0	0	0.333333343	0.333333343	None
  1.4000001	4.55346E-07	-6.830197E-06	-6.830197E-06	0.333333343	0.333333343	None
  1.4333334	-1.46853134E-14	0	0	0.333333343	0.333333343	None
  1.4666667	4.55346E-07	6.830197E-06	6.830197E-06	0.333333343	0.333333343	None
  1.50000012	4.55346E-07	0	0	0.333333343	0.333333343	None
  1.53333342	4.55346E-07	-6.830196E-06	-6.830196E-06	0.333333343	0.333333343	None
  1.56666672	2.03555417E-14	-2.45563569E-11	-2.45563569E-11	0.333333343	0.333333343	None
  1.60000014	4.55346E-07	6.83017151E-06	6.83017151E-06	0.333333343	0.333333343	None
  1.63333344	4.55346E-07	0	0	0.333333343	0.333333343	None
  1.80000007	4.55346E-07	0	0	0.333333343	0.333333343	None
  1.83333337	4.55346E-07	-6.83017151E-06	-6.83017151E-06	0.333333343	0.333333343	None
  1.86666679	2.03555417E-14	-6.83017151E-06	-6.83017151E-06	0.333333343	0.333333343	None
  1.9000001	2.03555417E-14	6.830196E-06	6.830196E-06	0.333333343	0.333333343	None
  1.9333334	4.55346E-07	6.830196E-06	6.830196E-06	0.333333343	0.333333343	None
  1.96666682	4.55346E-07	0	0	0.333333343	0.333333343	None
  2	4.55346E-07	-6.83014741E-06	-6.83014741E-06	0.333333343	0.333333343	None
  2.03333354	2.03555417E-14	-6.83014741E-06	-6.83014741E-06	0.333333343	0.333333343	None
  2.06666684	2.03555417E-14	6.830196E-06	6.830196E-06	0.333333343	0.333333343	None
  2.10000014	4.55346E-07	6.830196E-06	6.830196E-06	0.333333343	0.333333343	None
  2.13333344	4.55346E-07	0	0	0.333333343	0.333333343	None
  2.266667	4.55346E-07	0	0	0.333333343	0.333333343	None
  2.30000019	4.55346E-07	-6.830196E-06	-6.830196E-06	0.333333343	0.333333343	None
  2.33333349	2.03555417E-14	-6.830196E-06	-6.830196E-06	0.333333343	0.333333343	None
  2.36666679	2.03555417E-14	6.830196E-06	6.830196E-06	0.333333343	0.333333343	None
  2.4	4.55346E-07	6.830196E-06	6.830196E-06	0.333333343	0.333333343	None
  2.4333334	4.55346E-07	0	0	0.333333343	0.333333343	None
  2.60000014	4.55346E-07	0	0	0.333333343	0.333333343	None
  2.63333344	4.55346E-07	-6.830197E-06	-6.830197E-06	0.333333343	0.333333343	None
  2.66666675	-1.46853134E-14	0	0	0.333333343	0.333333343	None
  2.7	4.55346E-07	6.830197E-06	6.830197E-06	0.333333343	0.333333343	None
  2.73333359	4.55346E-07	0	0	0.333333343	0.333333343	None
  2.766667	4.55346E-07	0	0	0.333333343	0.333333343	None
  2.80000019	4.55346E-07	-6.830196E-06	-6.830196E-06	0.333333343	0.333333343	None
  2.83333349	2.03555417E-14	0	0	0.333333343	0.333333343	None
  2.86666679	4.55346E-07	6.830196E-06	6.830196E-06	0.333333343	0.333333343	None
  2.9	4.55346E-07	0	0	0.333333343	0.333333343	None
  3.23333359	4.55346E-07	0	0	0.333333343	0.333333343	None
  3.266667	4.55346E-07	-6.830196E-06	-6.830196E-06	0.333333343	0.333333343	None
  3.30000019	2.03555417E-14	0	0	0.333333343	0.333333343	None
  3.33333349	4.55346E-07	6.830196E-06	6.830196E-06	0.333333343	0.333333343	None
  3.36666679	4.55346E-07	0	0	0.333333343	0.333333343	None
  3.56666684	4.55346E-07	0	0	0.333333343	0.333333343	None
  3.60000014	4.55346E-07	-6.830196E-06	-6.830196E-06	0.333333343	0.333333343	None
  3.63333344	2.03555417E-14	0	0	0.333333343	0.333333343	None
  3.66666675	4.55346E-07	6.830196E-06	6.830196E-06	0.333333343	0.333333343	None
  3.70000029	4.55346E-07	0	0	0.333333343	0.333333343	None
  4.33333349	4.55346E-07	0	0	0.333333343	0.333333343	None
  4.366667	4.55346E-07	-6.830196E-06	-6.830196E-06	0.333333343	0.333333343	None
  4.4	2.03555417E-14	0	0	0.333333343	0.333333343	None
  4.4333334	4.55346E-07	6.830196E-06	6.830196E-06	0.333333343	0.333333343	None
  4.4666667	4.55346E-07	0	0	0.333333343	0.333333343	None
  4.73333359	4.55346E-07	0	0	0.333333343	0.333333343	None
  4.766667	4.55346E-07	-6.830196E-06	-6.830196E-06	0.333333343	0.333333343	None
  4.8	2.03555417E-14	0	0	0.333333343	0.333333343	None
  4.83333349	4.55346E-07	6.830196E-06	6.830196E-06	0.333333343	0.333333343	None
  4.866667	4.55346E-07	0	0	0.333333343	0.333333343	None
  5.13333368	4.55346E-07	0	0	0.333333343	0.333333343	None
  5.166667	4.55346E-07	-6.830196E-06	-6.830196E-06	0.333333343	0.333333343	None
  5.20000029	2.03555417E-14	0	0	0.333333343	0.333333343	None
  5.23333359	4.55346E-07	6.830196E-06	6.830196E-06	0.333333343	0.333333343	None
  5.266667	4.55346E-07	0	0	0.333333343	0.333333343	None
  5.33333349	4.55346E-07	0	0	0.333333343	0.333333343	None
  5.366667	4.55346E-07	-6.830196E-06	-6.830196E-06	0.333333343	0.333333343	None
  5.4	2.03555417E-14	0	0	0.333333343	0.333333343	None
  5.4333334	4.55346E-07	6.830196E-06	6.830196E-06	0.333333343	0.333333343	None
  5.466667	4.55346E-07	-6.830196E-06	-6.830196E-06	0.333333343	0.333333343	None
  5.50000048	2.03555417E-14	0	0	0.333333343	0.333333343	None
  5.533334	4.55346E-07	6.830196E-06	6.830196E-06	0.333333343	0.333333343	None
  5.566667	4.55346E-07	-6.830196E-06	-6.830196E-06	0.333333343	0.333333343	None
  5.60000038	2.03555417E-14	0	0	0.333333343	0.333333343	None
  5.63333368	4.55346E-07	6.830196E-06	6.830196E-06	0.333333343	0.333333343	None
  5.666667	4.55346E-07	0	0	0.333333343	0.333333343	None
  5.70000029	4.55346E-07	0	0	0.333333343	0.333333343	None
  5.73333359	4.55346E-07	-6.830196E-06	-6.830196E-06	0.333333343	0.333333343	None
  5.766667	2.03555417E-14	-6.830196E-06	-6.830196E-06	0.333333343	0.333333343	None
  5.8	2.03555417E-14	6.830196E-06	6.830196E-06	0.333333343	0.333333343	None
  5.83333349	4.55346E-07	6.830196E-06	6.830196E-06	0.333333343	0.333333343	None
  5.866667	4.55346E-07	0	0	0.333333343	0.333333343	None
  5.9	4.55346E-07	-6.8300983E-06	-6.8300983E-06	0.333333343	0.333333343	None
  5.933334	2.03555417E-14	9.777068E-11	9.777068E-11	0.333333343	0.333333343	None
  5.966667	4.55346E-07	6.830196E-06	6.830196E-06	0.333333343	0.333333343	None
  6.00000048	4.55346E-07	-6.830196E-06	-6.830196E-06	0.333333343	0.333333343	None
  6.033334	2.03555417E-14	0	0	0.333333343	0.333333343	None
  6.066667	4.55346E-07	6.830196E-06	6.830196E-06	0.333333343	0.333333343	None
  6.10000038	4.55346E-07	0	0	0.333333343	0.333333343	None
  6.3	4.55346E-07	0	0	0.333333343	0.333333343	None
  6.33333349	4.55346E-07	-6.830196E-06	-6.830196E-06	0.333333343	0.333333343	None
  6.366667	2.03555417E-14	-9.777068E-11	-9.777068E-11	0.333333343	0.333333343	None
  6.40000057	4.55346E-07	6.8300983E-06	6.8300983E-06	0.333333343	0.333333343	None
  6.433334	4.55346E-07	0	0	0.333333343	0.333333343	None
  6.466667	4.55346E-07	-6.830196E-06	-6.830196E-06	0.333333343	0.333333343	None
  6.50000048	2.03555417E-14	0	0	0.333333343	0.333333343	None
  6.533334	4.55346E-07	0	0	0.333333343	0.333333343	None
  6.566667	2.03555417E-14	0	0	0.333333343	0.333333343	None
  6.60000038	4.55346E-07	6.830196E-06	6.830196E-06	0.333333343	0.333333343	None
  6.63333368	4.55346E-07	0	0	0.333333343	0.333333343	None
  6.666667	4.55346E-07	0	0	0.333333343	0.333333343	None
  6.70000029	4.55346E-07	-6.830196E-06	-6.830196E-06	0.333333343	0.333333343	None
  6.73333359	2.03555417E-14	-6.830196E-06	-6.830196E-06	0.333333343	0.333333343	None
  6.766667	2.03555417E-14	6.830196E-06	6.830196E-06	0.333333343	0.333333343	None
  6.8	4.55346E-07	0	0	0.333333343	0.333333343	None
  6.83333349	2.03555417E-14	0	0	0.333333343	0.333333343	None
  6.866667	4.55346E-07	9.777068E-11	9.777068E-11	0.333333343	0.333333343	None
  6.90000057	2.03555417E-14	9.777068E-11	9.777068E-11	0.333333343	0.333333343	None
  6.933334	4.55346E-07	6.830196E-06	6.830196E-06	0.333333343	0.333333343	None
  6.966667	4.55346E-07	0	0	0.333333343	0.333333343	None
  7.00000048	4.55346E-07	0	0	0.333333343	0.333333343	None
  7.033334	4.55346E-07	-6.830196E-06	-6.830196E-06	0.333333343	0.333333343	None
  7.066667	2.03555417E-14	0	0	0.333333343	0.333333343	None
  7.10000038	4.55346E-07	6.830196E-06	6.830196E-06	0.333333343	0.333333343	None
  7.13333368	4.55346E-07	-6.830196E-06	-6.830196E-06	0.333333343	0.333333343	None
  7.166667	2.03555417E-14	0	0	0.333333343	0.333333343	None
  7.20000029	4.55346E-07	6.830196E-06	6.830196E-06	0.333333343	0.333333343	None
  7.23333359	4.55346E-07	0	0	0.333333343	0.333333343	None
  7.3	4.55346E-07	0	0	0.333333343	0.333333343	None
  7.33333349	4.55346E-07	-6.8300983E-06	-6.8300983E-06	0.333333343	0.333333343	None
  7.36666727	2.03555417E-14	9.777068E-11	9.777068E-11	0.333333343	0.333333343	None
  7.40000057	4.55346E-07	6.830196E-06	6.830196E-06	0.333333343	0.333333343	None
  7.433334	4.55346E-07	0	0	0.333333343	0.333333343	None
  7.73333359	4.55346E-07	0	0	0.333333343	0.333333343	None
  7.766667	4.55346E-07	-6.830196E-06	-6.830196E-06	0.333333343	0.333333343	None
  7.8	2.03555417E-14	-9.777068E-11	-9.777068E-11	0.333333343	0.333333343	None
  7.833334	4.55346E-07	6.8300983E-06	6.8300983E-06	0.333333343	0.333333343	None
  7.86666727	4.55346E-07	0	0	0.333333343	0.333333343	None
  7.966667	4.55346E-07	0	0	0.333333343	0.333333343	None
  8	4.55346E-07	-6.8300983E-06	-6.8300983E-06	0.333333343	0.333333343	None
  8.033334	2.03555417E-14	0	0	0.333333343	0.333333343	None
  8.066668	4.55346E-07	6.8300983E-06	6.8300983E-06	0.333333343	0.333333343	None
  8.1	4.55346E-07	0	0	0.333333343	0.333333343	None
  8.166667	4.55346E-07	0	0	0.333333343	0.333333343	None
  8.200001	4.55346E-07	-6.830294E-06	-6.830294E-06	0.333333343	0.333333343	None
  8.233334	2.03555417E-14	-1.95541361E-10	-1.95541361E-10	0.333333343	0.333333343	None
  8.266667	4.55346E-07	6.8300983E-06	6.8300983E-06	0.333333343	0.333333343	None
  8.3	4.55346E-07	-6.8300983E-06	-6.8300983E-06	0.333333343	0.333333343	None
  8.333334	2.03555417E-14	1.95541361E-10	1.95541361E-10	0.333333343	0.333333343	None
  8.366667	4.55346E-07	1.94631866E-10	1.94631866E-10	0.333333343	0.333333343	None
  8.400001	-1.46853134E-14	1.95541361E-10	1.95541361E-10	0.333333343	0.333333343	None
  8.433333	4.55346E-07	6.83029475E-06	6.83029475E-06	0.333333343	0.333333343	None
  8.466667	4.55346E-07	0	0	0.333333343	0.333333343	None
  8.700001	4.55346E-07	0	0	0.333333343	0.333333343	None
  8.733334	4.55346E-07	-6.8300983E-06	-6.8300983E-06	0.333333343	0.333333343	None
  8.766667	2.03555417E-14	1.95541361E-10	1.95541361E-10	0.333333343	0.333333343	None
  8.8	4.55346E-07	6.830294E-06	6.830294E-06	0.333333343	0.333333343	None
  8.833334	4.55346E-07	0	0	0.333333343	0.333333343	None
  8.933333	4.55346E-07	0	0	0.333333343	0.333333343	None
  8.966667	4.55346E-07	-6.830294E-06	-6.830294E-06	0.333333343	0.333333343	None
  9	2.03555417E-14	-1.95541361E-10	-1.95541361E-10	0.333333343	0.333333343	None
  9.033334	4.55346E-07	6.8300983E-06	6.8300983E-06	0.333333343	0.333333343	None
  9.066668	4.55346E-07	0	0	0.333333343	0.333333343	None
  9.1	4.55346E-07	0	0	0.333333343	0.333333343	None
  9.133334	4.55346E-07	-6.830294E-06	-6.830294E-06	0.333333343	0.333333343	None
  9.166667	2.03555417E-14	-1.95541361E-10	-1.95541361E-10	0.333333343	0.333333343	None
  9.200001	4.55346E-07	6.8300983E-06	6.8300983E-06	0.333333343	0.333333343	None
  9.233334	4.55346E-07	0	0	0.333333343	0.333333343	None
  9.3	4.55346E-07	0	0	0.333333343	0.333333343	None
  9.333334	4.55346E-07	-6.830294E-06	-6.830294E-06	0.333333343	0.333333343	None
  9.366667	2.03555417E-14	-1.95541361E-10	-1.95541361E-10	0.333333343	0.333333343	None
  9.400001	4.55346E-07	-1.95541361E-10	-1.95541361E-10	0.333333343	0.333333343	None
  9.433333	2.03555417E-14	-6.830294E-06	-6.830294E-06	0.333333343	0.333333343	None
  9.466667	2.03555417E-14	6.8300983E-06	6.8300983E-06	0.333333343	0.333333343	None
  9.500001	4.55346E-07	6.8300983E-06	6.8300983E-06	0.333333343	0.333333343	None
  9.533334	4.55346E-07	-6.8300983E-06	-6.8300983E-06	0.333333343	0.333333343	None
  9.566668	2.03555417E-14	1.95541361E-10	1.95541361E-10	0.333333343	0.333333343	None
  9.6	4.55346E-07	6.830294E-06	6.830294E-06	0.333333343	0.333333343	None
  9.633334	4.55346E-07	0	0	0.333333343	0.333333343	None
  9.733334	4.55346E-07	0	0	0.333333343	0.333333343	None
  9.766667	4.55346E-07	-6.830294E-06	-6.830294E-06	0.333333343	0.333333343	None
  9.8	2.03555417E-14	-1.95541361E-10	-1.95541361E-10	0.333333343	0.333333343	None
  9.833334	4.55346E-07	6.8300983E-06	6.8300983E-06	0.333333343	0.333333343	None
  9.866667	4.55346E-07	0	0	0.333333343	0.333333343	None
  10.2000008	4.55346E-07	0	0	0.333333343	0.333333343	None
FLOAT UnityEngine.Animator||Right Eye In-Out discrete=False keys=140 pre=ClampForever post=ClampForever
  0	4.07111072E-14	-1.22133315E-12	-1.22133315E-12	0.333333343	0.333333343	None
  0.0333333351	2.71190316E-29	-1.60932541E-05	-1.60932541E-05	0.333333343	0.333333343	None
  0.06666667	-1.07288361E-06	-1.8189894E-12	-1.8189894E-12	0.333333343	0.333333343	None
  0.100000009	4.07111072E-14	-3.637979E-12	-3.637979E-12	0.333333343	0.333333343	None
  0.13333334	-1.07288361E-06	-1.60932559E-05	-1.60932559E-05	0.333333343	0.333333343	None
  0.166666672	-1.07288361E-06	0	0	0.333333343	0.333333343	None
  0.200000018	-1.07288361E-06	1.60932559E-05	1.60932559E-05	0.333333343	0.333333343	None
  0.233333349	2.71190316E-29	1.60932559E-05	1.60932559E-05	0.333333343	0.333333343	None
  0.266666681	4.07111072E-14	6.10666628E-13	6.10666628E-13	0.333333343	0.333333343	None
  0.333333343	4.07111072E-14	0	0	0.333333343	0.333333343	None
  0.366666675	4.07111072E-14	-1.60932414E-05	-1.60932414E-05	0.333333343	0.333333343	None
  0.400000036	-1.07288361E-06	1.45519152E-11	1.45519152E-11	0.333333343	0.333333343	None
  0.433333367	4.07111072E-14	1.60932559E-05	1.60932559E-05	0.333333343	0.333333343	None
  0.4666667	4.07111072E-14	0	0	0.333333343	0.333333343	None
  0.5	4.07111072E-14	0	0	0.333333343	0.333333343	None
  0.533333361	4.07111072E-14	-1.60932414E-05	-1.60932414E-05	0.333333343	0.333333343	None
  0.5666667	-1.07288361E-06	-1.60932414E-05	-1.60932414E-05	0.333333343	0.333333343	None
  0.6	-1.07288361E-06	1.60932414E-05	1.60932414E-05	0.333333343	0.333333343	None
  0.6333334	4.07111072E-14	-2.72848411E-11	-2.72848411E-11	0.333333343	0.333333343	None
  0.6666667	-1.07288361E-06	-2.72848411E-11	-2.72848411E-11	0.333333343	0.333333343	None
  0.700000048	4.07111072E-14	1.60932414E-05	1.60932414E-05	0.333333343	0.333333343	None
  0.733333349	4.07111072E-14	0	0	0.333333343	0.333333343	None
  0.8333334	4.07111072E-14	-6.106661E-13	-6.106661E-13	0.333333343	0.333333343	None
  0.866666734	2.71190316E-29	-1.60932686E-05	-1.60932686E-05	0.333333343	0.333333343	None
  0.900000036	-1.07288361E-06	-2.72848411E-11	-2.72848411E-11	0.333333343	0.333333343	None
  0.9333334	4.07111072E-14	1.60932414E-05	1.60932414E-05	0.333333343	0.333333343	None
  0.9666667	4.07111072E-14	0	0	0.333333343	0.333333343	None
  1	4.07111072E-14	-1.60932123E-05	-1.60932123E-05	0.333333343	0.333333343	None
  1.03333342	-1.07288361E-06	5.638867E-11	5.638867E-11	0.333333343	0.333333343	None
  1.06666672	4.07111072E-14	1.60932686E-05	1.60932686E-05	0.333333343	0.333333343	None
  1.1	4.07111072E-14	0	0	0.333333343	0.333333343	None
  1.13333344	4.07111072E-14	0	0	0.333333343	0.333333343	None
  1.16666675	4.07111072E-14	-1.60932686E-05	-1.60932686E-05	0.333333343	0.333333343	None
  1.2	-1.07288361E-06	0	0	0.333333343	0.333333343	None
  1.23333335	4.07111072E-14	1.60932686E-05	1.60932686E-05	0.333333343	0.333333343	None
  1.26666677	4.07111072E-14	-1.60932686E-05	-1.60932686E-05	0.333333343	0.333333343	None
  1.30000007	-1.07288361E-06	0	0	0.333333343	0.333333343	None
  1.33333337	4.07111072E-14	5.638867E-11	5.638867E-11	0.333333343	0.333333343	None
  1.36666679	-1.07288361E-06	5.638867E-11	5.638867E-11	0.333333343	0.333333343	None
  1.4000001	4.07111072E-14	0	0	0.333333343	0.333333343	None
  1.4333334	-1.07288361E-06	0	0	0.333333343	0.333333343	None
  1.4666667	4.07111072E-14	1.60932686E-05	1.60932686E-05	0.333333343	0.333333343	None
  1.50000012	4.07111072E-14	0	0	0.333333343	0.333333343	None
  2.60000014	4.07111072E-14	0	0	0.333333343	0.333333343	None
  2.63333344	4.07111072E-14	-1.60932686E-05	-1.60932686E-05	0.333333343	0.333333343	None
  2.66666675	-1.07288361E-06	-1.60932686E-05	-1.60932686E-05	0.333333343	0.333333343	None
  2.7	-1.07288361E-06	0	0	0.333333343	0.333333343	None
  2.73333359	-1.07288361E-06	1.60932686E-05	1.60932686E-05	0.333333343	0.333333343	None
  2.766667	4.07111072E-14	1.60932686E-05	1.60932686E-05	0.333333343	0.333333343	None
  2.80000019	4.07111072E-14	-6.1066717E-13	-6.1066717E-13	0.333333343	0.333333343	None
  2.83333349	2.71190316E-29	-1.60932686E-05	-1.60932686E-05	0.333333343	0.333333343	None
  2.86666679	-1.07288361E-06	0	0	0.333333343	0.333333343	None
  2.9	4.07111072E-14	1.60932686E-05	1.60932686E-05	0.333333343	0.333333343	None
  2.9333334	4.07111072E-14	0	0	0.333333343	0.333333343	None
  2.966667	4.07111072E-14	-1.60932686E-05	-1.60932686E-05	0.333333343	0.333333343	None
  3.00000024	-1.07288361E-06	0	0	0.333333343	0.333333343	None
  3.03333354	4.07111072E-14	0	0	0.333333343	0.333333343	None
  3.06666684	-1.07288361E-06	-1.60932686E-05	-1.60932686E-05	0.333333343	0.333333343	None
  3.10000014	-1.07288361E-06	1.60932686E-05	1.60932686E-05	0.333333343	0.333333343	None
  3.13333344	4.07111072E-14	1.60932686E-05	1.60932686E-05	0.333333343	0.333333343	None
  3.16666675	4.07111072E-14	0	0	0.333333343	0.333333343	None
  3.4333334	4.07111072E-14	0	0	0.333333343	0.333333343	None
  3.466667	4.07111072E-14	-1.60932686E-05	-1.60932686E-05	0.333333343	0.333333343	None
  3.50000024	-1.07288361E-06	0	0	0.333333343	0.333333343	None
  3.53333354	4.07111072E-14	1.60932686E-05	1.60932686E-05	0.333333343	0.333333343	None
  3.56666684	4.07111072E-14	0	0	0.333333343	0.333333343	None
  3.86666679	4.07111072E-14	0	0	0.333333343	0.333333343	None
  3.9	4.07111072E-14	-1.6093154E-05	-1.6093154E-05	0.333333343	0.333333343	None
  3.93333364	-1.07288361E-06	1.14596332E-10	1.14596332E-10	0.333333343	0.333333343	None
  3.966667	4.07111072E-14	1.60932686E-05	1.60932686E-05	0.333333343	0.333333343	None
  4	4.07111072E-14	0	0	0.333333343	0.333333343	None
  4.033334	4.07111072E-14	0	0	0.333333343	0.333333343	None
  4.066667	4.07111072E-14	-1.60932686E-05	-1.60932686E-05	0.333333343	0.333333343	None
  4.10000038	-1.07288361E-06	0	0	0.333333343	0.333333343	None
  4.13333368	4.07111072E-14	1.60932686E-05	1.60932686E-05	0.333333343	0.333333343	None
  4.166667	4.07111072E-14	0	0	0.333333343	0.333333343	None
  4.9	4.07111072E-14	0	0	0.333333343	0.333333343	None
  4.9333334	4.07111072E-14	-1.60932686E-05	-1.60932686E-05	0.333333343	0.333333343	None
  4.9666667	-1.07288361E-06	-1.60932686E-05	-1.60932686E-05	0.333333343	0.333333343	None
  5.00000048	-1.07288361E-06	1.60932686E-05	1.60932686E-05	0.333333343	0.333333343	None
  5.033334	4.07111072E-14	1.60932686E-05	1.60932686E-05	0.333333343	0.333333343	None
  5.066667	4.07111072E-14	0	0	0.333333343	0.333333343	None
  5.366667	4.07111072E-14	-6.1066717E-13	-6.1066717E-13	0.333333343	0.333333343	None
  5.4	2.71190316E-29	-1.60932686E-05	-1.60932686E-05	0.333333343	0.333333343	None
  5.4333334	-1.07288361E-06	-2.29192665E-10	-2.29192665E-10	0.333333343	0.333333343	None
  5.466667	4.07111072E-14	1.609304E-05	1.609304E-05	0.333333343	0.333333343	None
  5.50000048	2.71190316E-29	-1.60932686E-05	-1.60932686E-05	0.333333343	0.333333343	None
  5.533334	-1.07288361E-06	0	0	0.333333343	0.333333343	None
  5.566667	4.07111072E-14	1.60932686E-05	1.60932686E-05	0.333333343	0.333333343	None
  5.60000038	2.71190316E-29	0	0	0.333333343	0.333333343	None
  5.63333368	4.07111072E-14	-1.60932686E-05	-1.60932686E-05	0.333333343	0.333333343	None
  5.666667	-1.07288361E-06	0	0	0.333333343	0.333333343	None
  5.70000029	4.07111072E-14	1.60932686E-05	1.60932686E-05	0.333333343	0.333333343	None
  5.73333359	4.07111072E-14	-6.1066717E-13	-6.1066717E-13	0.333333343	0.333333343	None
  6.033334	2.71190316E-29	0	0	0.333333343	0.333333343	None
  6.066667	4.07111072E-14	-1.60932686E-05	-1.60932686E-05	0.333333343	0.333333343	None
  6.10000038	-1.07288361E-06	0	0	0.333333343	0.333333343	None
  6.13333368	4.07111072E-14	1.60932686E-05	1.60932686E-05	0.333333343	0.333333343	None
  6.166667	4.07111072E-14	0	0	0.333333343	0.333333343	None
  7.23333359	4.07111072E-14	0	0	0.333333343	0.333333343	None
  7.266667	4.07111072E-14	-1.60932686E-05	-1.60932686E-05	0.333333343	0.333333343	None
  7.3	-1.07288361E-06	0	0	0.333333343	0.333333343	None
  7.33333349	4.07111072E-14	1.60932686E-05	1.60932686E-05	0.333333343	0.333333343	None
  7.36666727	2.71190316E-29	-1.60932686E-05	-1.60932686E-05	0.333333343	0.333333343	None
  7.40000057	-1.07288361E-06	0	0	0.333333343	0.333333343	None
  7.433334	4.07111072E-14	1.60932686E-05	1.60932686E-05	0.333333343	0.333333343	None
  7.466667	4.07111072E-14	0	0	0.333333343	0.333333343	None
  7.50000048	4.07111072E-14	-1.60932686E-05	-1.60932686E-05	0.333333343	0.333333343	None
  7.533334	-1.07288361E-06	0	0	0.333333343	0.333333343	None
  7.566667	4.07111072E-14	1.60932686E-05	1.60932686E-05	0.333333343	0.333333343	None
  7.60000038	4.07111072E-14	-1.60932686E-05	-1.60932686E-05	0.333333343	0.333333343	None
  7.63333368	-1.07288361E-06	0	0	0.333333343	0.333333343	None
  7.666667	4.07111072E-14	1.60932686E-05	1.60932686E-05	0.333333343	0.333333343	None
  7.70000029	4.07111072E-14	0	0	0.333333343	0.333333343	None
  7.933334	4.07111072E-14	0	0	0.333333343	0.333333343	None
  7.966667	4.07111072E-14	-1.60935E-05	-1.60935E-05	0.333333343	0.333333343	None
  8	-1.07288361E-06	-4.60204319E-10	-4.60204319E-10	0.333333343	0.333333343	None
  8.033334	2.71190316E-29	1.609304E-05	1.609304E-05	0.333333343	0.333333343	None
  8.066668	4.07111072E-14	6.10658442E-13	6.10658442E-13	0.333333343	0.333333343	None
  8.333334	2.71190316E-29	1.75098651E-17	1.75098651E-17	0.333333343	0.333333343	None
  8.366667	4.07111072E-14	-1.609304E-05	-1.609304E-05	0.333333343	0.333333343	None
  8.400001	-1.07288361E-06	-1.609304E-05	-1.609304E-05	0.333333343	0.333333343	None
  8.433333	-1.07288361E-06	1.609304E-05	1.609304E-05	0.333333343	0.333333343	None
  8.466667	4.07111072E-14	1.609304E-05	1.609304E-05	0.333333343	0.333333343	None
  8.5	4.07111072E-14	0	0	0.333333343	0.333333343	None
  8.766667	2.71190316E-29	1.75098651E-17	1.75098651E-17	0.333333343	0.333333343	None
  8.8	4.07111072E-14	-1.609304E-05	-1.609304E-05	0.333333343	0.333333343	None
  8.833334	-1.07288361E-06	-1.609304E-05	-1.609304E-05	0.333333343	0.333333343	None
  8.866667	-1.07288361E-06	1.609304E-05	1.609304E-05	0.333333343	0.333333343	None
  8.900001	4.07111072E-14	1.609304E-05	1.609304E-05	0.333333343	0.333333343	None
  8.933333	4.07111072E-14	-1.609304E-05	-1.609304E-05	0.333333343	0.333333343	None
  8.966667	-1.07288361E-06	4.60204319E-10	4.60204319E-10	0.333333343	0.333333343	None
  9	2.71190316E-29	1.60935E-05	1.60935E-05	0.333333343	0.333333343	None
  9.033334	4.07111072E-14	6.10658442E-13	6.10658442E-13	0.333333343	0.333333343	None
  9.133334	4.07111072E-14	-6.10675952E-13	-6.10675952E-13	0.333333343	0.333333343	None
  9.166667	2.71190316E-29	-1.609304E-05	-1.609304E-05	0.333333343	0.333333343	None
  9.200001	-1.07288361E-06	4.60204319E-10	4.60204319E-10	0.333333343	0.333333343	None
  9.233334	4.07111072E-14	1.60935E-05	1.60935E-05	0.333333343	0.333333343	None
  9.266667	4.07111072E-14	0	0	0.333333343	0.333333343	None
  10.2000008	4.07111072E-14	0	0	0.333333343	0.333333343	None
FLOAT UnityEngine.Animator||Right Foot Twist In-Out discrete=False keys=165 pre=ClampForever post=ClampForever
  0	-0.0186859239	0.0007499009	0.0007499009	0.333333343	0.333333343	None
  0.0333333351	-0.0186609272	-0.00144291657	-0.00144291657	0.333333343	0.333333343	None
  0.06666667	-0.0187821183	-0.05464662	-0.05464662	0.333333343	0.333333343	None
  0.100000009	-0.0223040357	-0.0130711757	-0.0130711757	0.333333343	0.333333343	None
  0.13333334	-0.01965353	-0.0076372847	-0.0076372847	0.333333343	0.333333343	None
  0.166666672	-0.0228131879	-0.125946671	-0.125946671	0.333333343	0.333333343	None
  0.200000018	-0.0280499775	-0.128360182	-0.128360182	0.333333343	0.333333343	None
  0.233333349	-0.0313705355	-0.06069719	-0.06069719	0.333333343	0.333333343	None
  0.3	-0.0319224931	-0.0106015438	-0.0106015438	0.333333343	0.333333343	None
  0.333333343	-0.0328032263	-0.0166785363	-0.0166785363	0.333333343	0.333333343	None
  0.366666675	-0.0330343954	-0.018446099	-0.018446099	0.333333343	0.333333343	None
  0.400000036	-0.0340329669	-0.012222982	-0.012222982	0.333333343	0.333333343	None
  0.4666667	-0.0326680951	0.0510621667	0.0510621667	0.333333343	0.333333343	None
  0.5	-0.03044512	0.116754368	0.116754368	0.333333343	0.333333343	None
  0.533333361	-0.0248844679	0.106224	0.106224	0.333333343	0.333333343	None
  0.5666667	-0.0233635139	0.0282845516	0.0282845516	0.333333343	0.333333343	None
  0.6333334	-0.02270967	0.0170288235	0.0170288235	0.333333343	0.333333343	None
  0.700000048	-0.0211970638	0.01437415	0.01437415	0.333333343	0.333333343	None
  0.733333349	-0.0209053	0.00165526476	0.00165526476	0.333333343	0.333333343	None
  0.7666667	-0.0210867133	0.00840123	0.00840123	0.333333343	0.333333343	None
  0.8000001	-0.0203452166	0.0304179918	0.0304179918	0.333333343	0.333333343	None
  0.8333334	-0.0190588478	0.0249965265	0.0249965265	0.333333343	0.333333343	None
  0.866666734	-0.0186787825	0.0123431087	0.0123431087	0.333333343	0.333333343	None
  0.900000036	-0.018235974	0.007571351	0.007571351	0.333333343	0.333333343	None
  0.9333334	-0.0181740262	-0.082975924	-0.082975924	0.333333343	0.333333343	None
  0.9666667	-0.0237676967	-0.0330751874	-0.0330751874	0.333333343	0.333333343	None
  1	-0.0203790367	0.04574944	0.04574944	0.333333343	0.333333343	None
  1.03333342	-0.0207177382	0.00579163944	0.00579163944	0.333333343	0.333333343	None
  1.06666672	-0.019992929	0.0228196681	0.0228196681	0.333333343	0.333333343	None
  1.1	-0.0191964284	0.0346821435	0.0346821435	0.333333343	0.333333343	None
  1.13333344	-0.0176807828	0.0521922074	0.0521922074	0.333333343	0.333333343	None
  1.16666675	-0.0157169458	0.03043729	0.03043729	0.333333343	0.333333343	None
  1.2	-0.0156516321	-0.0833419859	-0.0833419859	0.333333343	0.333333343	None
  1.23333335	-0.0212730728	-0.127788067	-0.127788067	0.333333343	0.333333343	None
  1.26666677	-0.0241708383	0.0651551	0.0651551	0.333333343	0.333333343	None
  1.30000007	-0.0169294141	0.154757887	0.154757887	0.333333343	0.333333343	None
  1.33333337	-0.0138536552	0.05325382	0.05325382	0.333333343	0.333333343	None
  1.36666679	-0.0133791612	0.06832792	0.06832792	0.333333343	0.333333343	None
  1.4000001	-0.009298463	0.235150665	0.235150665	0.333333343	0.333333343	None
  1.4333334	0.00229753484	0.6052347	0.6052347	0.333333343	0.333333343	None
  1.4666667	0.0310504772	0.7296276	0.7296276	0.333333343	0.333333343	None
  1.50000012	0.0509394035	0.65222764	0.65222764	0.333333343	0.333333343	None
  1.60000014	0.123475827	0.653639734	0.653639734	0.333333343	0.333333343	None
  1.63333344	0.143745437	0.5545306	0.5545306	0.333333343	0.333333343	None
  1.66666675	0.1604445	0.03922847	0.03922847	0.333333343	0.333333343	None
  1.7	0.146360666	-0.467376024	-0.467376024	0.333333343	0.333333343	None
  1.73333347	0.129286066	-0.415536225	-0.415536225	0.333333343	0.333333343	None
  1.83333337	0.119345762	0.233508348	0.233508348	0.333333343	0.333333343	None
  1.86666679	0.131177455	0.338351727	0.338351727	0.333333343	0.333333343	None
  1.96666682	0.15393199	0.0306441747	0.0306441747	0.333333343	0.333333343	None
  2	0.152024627	-0.04679495	-0.04679495	0.333333343	0.333333343	None
  2.03333354	0.150812328	-0.0646630749	-0.0646630749	0.333333343	0.333333343	None
  2.06666684	0.147713751	-0.325396061	-0.325396061	0.333333343	0.333333343	None
  2.10000014	0.129119277	-0.583467841	-0.583467841	0.333333343	0.333333343	None
  2.13333344	0.108815931	-0.6815522	-0.6815522	0.333333343	0.333333343	None
  2.2	0.0549567938	-0.8952662	-0.8952662	0.333333343	0.333333343	None
  2.23333335	0.02399815	-0.987886369	-0.987886369	0.333333343	0.333333343	None
  2.266667	-0.0109024867	-1.01836109	-1.01836109	0.333333343	0.333333343	None
  2.30000019	-0.04389277	-0.976476669	-0.976476669	0.333333343	0.333333343	None
  2.33333349	-0.07600087	-0.881444454	-0.881444454	0.333333343	0.333333343	None
  2.4	-0.123365305	-0.522712052	-0.522712052	0.333333343	0.333333343	None
  2.4333334	-0.137503117	-0.446985066	-0.446985066	0.333333343	0.333333343	None
  2.50000024	-0.166761175	-0.363048375	-0.363048375	0.333333343	0.333333343	None
  2.53333354	-0.177367583	-0.364314973	-0.364314973	0.333333343	0.333333343	None
  2.56666684	-0.191048816	-0.3400356	-0.3400356	0.333333343	0.333333343	None
  2.66666675	-0.213028014	-0.153295323	-0.153295323	0.333333343	0.333333343	None
  2.9	-0.211982369	0.09326497	0.09326497	0.333333343	0.333333343	None
  3.06666684	-0.2055604	0.0117568048	0.0117568048	0.333333343	0.333333343	None
  3.16666675	-0.20111829	0.1741508	0.1741508	0.333333343	0.333333343	None
  3.20000029	-0.192216054	0.183128148	0.183128148	0.333333343	0.333333343	None
  3.23333359	-0.1889097	0.10912846	0.10912846	0.333333343	0.333333343	None
  3.36666679	-0.174078569	0.1506406	0.1506406	0.333333343	0.333333343	None
  3.466667	-0.154668435	0.298336059	0.298336059	0.333333343	0.333333343	None
  3.50000024	-0.143790379	0.2382166	0.2382166	0.333333343	0.333333343	None
  3.53333354	-0.138787344	0.208195508	0.208195508	0.333333343	0.333333343	None
  3.60000014	-0.121861055	0.230965465	0.230965465	0.333333343	0.333333343	None
  3.63333344	-0.11451301	0.15616037	0.15616037	0.333333343	0.333333343	None
  3.66666675	-0.111450374	0.134625256	0.134625256	0.333333343	0.333333343	None
  3.766667	-0.0923632756	0.1706689	0.1706689	0.333333343	0.333333343	None
  3.80000019	-0.0873935148	0.191319913	0.191319913	0.333333343	0.333333343	None
  3.86666679	-0.06890304	0.336416781	0.336416781	0.333333343	0.333333343	None
  3.9	-0.0571808629	0.3909036	0.3909036	0.333333343	0.333333343	None
  3.93333364	-0.04284272	0.376821458	0.376821458	0.333333343	0.333333343	None
  3.966667	-0.0320593528	0.2650415	0.2650415	0.333333343	0.333333343	None
  4	-0.025173353	0.186649367	0.186649367	0.333333343	0.333333343	None
  4.033334	-0.0196160432	0.107823268	0.107823268	0.333333343	0.333333343	None
  4.066667	-0.0179850627	-0.03133952	-0.03133952	0.333333343	0.333333343	None
  4.10000038	-0.0217053425	-0.118787125	-0.118787125	0.333333343	0.333333343	None
  4.13333368	-0.0259041972	-0.14449662	-0.14449662	0.333333343	0.333333343	None
  4.166667	-0.0313384421	-0.136438787	-0.136438787	0.333333343	0.333333343	None
  4.23333359	-0.03753897	-0.07245732	-0.07245732	0.333333343	0.333333343	None
  4.266667	-0.03983059	-0.129591048	-0.129591048	0.333333343	0.333333343	None
  4.33333349	-0.0538545437	-0.20824796	-0.20824796	0.333333343	0.333333343	None
  4.4	-0.06611123	-0.171407074	-0.171407074	0.333333343	0.333333343	None
  4.4333334	-0.07148868	-0.150887474	-0.150887474	0.333333343	0.333333343	None
  4.4666667	-0.0761703849	-0.0532454774	-0.0532454774	0.333333343	0.333333343	None
  4.533334	-0.0731271952	0.006599061	0.006599061	0.333333343	0.333333343	None
  4.566667	-0.07459841	0.00497114472	0.00497114472	0.333333343	0.333333343	None
  4.63333368	-0.06871858	0.18461372	0.18461372	0.333333343	0.333333343	None
  4.666667	-0.0604882166	0.27722764	0.27722764	0.333333343	0.333333343	None
  4.70000029	-0.0502367578	0.181541964	0.181541964	0.333333343	0.333333343	None
  4.766667	-0.0504651852	-0.03524465	-0.03524465	0.333333343	0.333333343	None
  4.8	-0.05073507	0.0331505723	0.0331505723	0.333333343	0.333333343	None
  4.866667	-0.0456628427	0.052815482	0.052815482	0.333333343	0.333333343	None
  4.9333334	-0.0443197042	0.0410102345	0.0410102345	0.333333343	0.333333343	None
  5.00000048	-0.0383464955	0.130976528	0.130976528	0.333333343	0.333333343	None
  5.033334	-0.0332682952	0.105084635	0.105084635	0.333333343	0.333333343	None
  5.066667	-0.03134086	0.007458672	0.007458672	0.333333343	0.333333343	None
  5.10000038	-0.03277105	-0.07219502	-0.07219502	0.333333343	0.333333343	None
  5.13333368	-0.0361538567	-0.0822958946	-0.0822958946	0.333333343	0.333333343	None
  5.166667	-0.03825744	-0.0573052242	-0.0573052242	0.333333343	0.333333343	None
  5.20000029	-0.0399742	-0.0174618121	-0.0174618121	0.333333343	0.333333343	None
  5.266667	-0.03779617	0.025458267	0.025458267	0.333333343	0.333333343	None
  5.33333349	-0.038605094	-0.0229925886	-0.0229925886	0.333333343	0.333333343	None
  5.4	-0.0400397219	-0.0223728865	-0.0223728865	0.333333343	0.333333343	None
  5.4333334	-0.0407487042	-0.148157433	-0.148157433	0.333333343	0.333333343	None
  5.466667	-0.049917005	-0.53594476	-0.53594476	0.333333343	0.333333343	None
  5.50000048	-0.07647845	-1.11356592	-1.11356592	0.333333343	0.333333343	None
  5.533334	-0.124154665	-1.27692509	-1.27692509	0.333333343	0.333333343	None
  5.566667	-0.161606714	-0.719094753	-0.719094753	0.333333343	0.333333343	None
  5.60000038	-0.172094271	-0.297191948	-0.297191948	0.333333343	0.333333343	None
  5.666667	-0.1844108	0.0116414689	0.0116414689	0.333333343	0.333333343	None
  5.70000029	-0.1806434	0.143385217	0.143385217	0.333333343	0.333333343	None
  5.73333359	-0.17485179	0.366914034	0.366914034	0.333333343	0.333333343	None
  5.766667	-0.156182483	0.274930716	0.274930716	0.333333343	0.333333343	None
  5.8	-0.1565231	-0.0186623819	-0.0186623819	0.333333343	0.333333343	None
  5.866667	-0.160643861	-0.09989002	-0.09989002	0.333333343	0.333333343	None
  5.933334	-0.174241975	-0.418839246	-0.418839246	0.333333343	0.333333343	None
  5.966667	-0.1920087	0.1981506	0.1981506	0.333333343	0.333333343	None
  6.00000048	-0.161031947	0.861704946	0.861704946	0.333333343	0.333333343	None
  6.166667	-0.06412117	0.325436652	0.325436652	0.333333343	0.333333343	None
  6.266667	-0.0454345755	0.0277451873	0.0277451873	0.333333343	0.333333343	None
  6.366667	-0.0539333448	-0.128937438	-0.128937438	0.333333343	0.333333343	None
  6.466667	-0.068998374	-0.2309744	-0.2309744	0.333333343	0.333333343	None
  6.566667	-0.101124257	-0.3953133	-0.3953133	0.333333343	0.333333343	None
  6.60000038	-0.114933811	-0.4453826	-0.4453826	0.333333343	0.333333343	None
  6.63333368	-0.1308164	-0.386140883	-0.386140883	0.333333343	0.333333343	None
  6.666667	-0.140676513	-0.358126879	-0.358126879	0.333333343	0.333333343	None
  6.766667	-0.182698414	-0.385939628	-0.385939628	0.333333343	0.333333343	None
  7.13333368	-0.2706858	-0.106909826	-0.106909826	0.333333343	0.333333343	None
  7.33333349	-0.262103558	0.146723524	0.146723524	0.333333343	0.333333343	None
  7.766667	-0.214244723	0.0506980456	0.0506980456	0.333333343	0.333333343	None
  7.933334	-0.212194219	0.00731103867	0.00731103867	0.333333343	0.333333343	None
  8.033334	-0.203793615	0.169012457	0.169012457	0.333333343	0.333333343	None
  8.133334	-0.1841706	0.218274459	0.218274459	0.333333343	0.333333343	None
  8.200001	-0.172561735	0.0441418253	0.0441418253	0.333333343	0.333333343	None
  8.366667	-0.195108682	-0.169875234	-0.169875234	0.333333343	0.333333343	None
  8.466667	-0.213251814	-0.203374982	-0.203374982	0.333333343	0.333333343	None
  8.733334	-0.2490654	-0.06472308	-0.06472308	0.333333343	0.333333343	None
  8.966667	-0.2448857	0.1597082	0.1597082	0.333333343	0.333333343	None
  9.1	-0.211326912	0.3478449	0.3478449	0.333333343	0.333333343	None
  9.3	-0.144884616	0.302792042	0.302792042	0.333333343	0.333333343	None
  9.433333	-0.102993682	0.324366242	0.324366242	0.333333343	0.333333343	None
  9.633334	-0.0539534278	0.1743274	0.1743274	0.333333343	0.333333343	None
  9.733334	-0.03958262	0.08601326	0.08601326	0.333333343	0.333333343	None
  9.8	-0.0358471461	0.0411856323	0.0411856323	0.333333343	0.333333343	None
  9.866667	-0.03391522	0.037728522	0.037728522	0.333333343	0.333333343	None
  9.900001	-0.0322082229	0.0428330079	0.0428330079	0.333333343	0.333333343	None
  9.933333	-0.0310596824	0.049256593	0.049256593	0.333333343	0.333333343	None
  9.966667	-0.02892444	0.0484996438	0.0484996438	0.333333343	0.333333343	None
  10.0333338	-0.0264789537	0.0596941859	0.0596941859	0.333333343	0.333333343	None
  10.0666676	-0.0238467027	0.06965606	0.06965606	0.333333343	0.333333343	None
  10.1333342	-0.0201418623	0.0476688333	0.0476688333	0.333333343	0.333333343	None
  10.166667	-0.01865729	0.0222689323	0.0222689323	0.333333343	0.333333343	None
  10.2000008	-0.01865729	0	0	0.333333343	0.333333343	None
FLOAT UnityEngine.Animator||Right Foot Up-Down discrete=False keys=108 pre=ClampForever post=ClampForever
  0	-0.1377467	-0.0463020764	-0.0463020764	0.333333343	0.333333343	None
  0.100000009	-0.141948476	-0.0186073743	-0.0186073743	0.333333343	0.333333343	None
  0.166666672	-0.144258082	-0.09014031	-0.09014031	0.333333343	0.333333343	None
  0.266666681	-0.151595	-0.03342055	-0.03342055	0.333333343	0.333333343	None
  0.433333367	-0.160513833	-0.0697001144	-0.0697001144	0.333333343	0.333333343	None
  0.900000036	-0.195457473	-0.0735490844	-0.0735490844	0.333333343	0.333333343	None
  1.06666672	-0.20179455	-0.0471935123	-0.0471935123	0.333333343	0.333333343	None
  1.2	-0.208691061	-0.09414205	-0.09414205	0.333333343	0.333333343	None
  1.30000007	-0.217608973	-0.0440030247	-0.0440030247	0.333333343	0.333333343	None
  1.4333334	-0.215984747	0.105059549	0.105059549	0.333333343	0.333333343	None
  1.4666667	-0.21130389	0.24817279	0.24817279	0.333333343	0.333333343	None
  1.53333342	-0.186663	0.355130166	0.355130166	0.333333343	0.333333343	None
  1.60000014	-0.1660184	0.317259073	0.317259073	0.333333343	0.333333343	None
  1.66666675	-0.146235123	0.1417323	0.1417323	0.333333343	0.333333343	None
  1.73333347	-0.146062583	-0.03164692	-0.03164692	0.333333343	0.333333343	None
  1.80000007	-0.150633782	-0.136733785	-0.136733785	0.333333343	0.333333343	None
  1.83333337	-0.156390488	-0.106747925	-0.106747925	0.333333343	0.333333343	None
  1.9000001	-0.1609149	-0.154656544	-0.154656544	0.333333343	0.333333343	None
  2	-0.1830278	-0.17243807	-0.17243807	0.333333343	0.333333343	None
  2.10000014	-0.202600658	-0.23990193	-0.23990193	0.333333343	0.333333343	None
  2.266667	-0.2277111	-0.0130729508	-0.0130729508	0.333333343	0.333333343	None
  2.36666679	-0.225825846	0.009502405	0.009502405	0.333333343	0.333333343	None
  2.53333354	-0.224514529	-0.0479747057	-0.0479747057	0.333333343	0.333333343	None
  2.80000019	-0.235388741	-0.0388652459	-0.0388652459	0.333333343	0.333333343	None
  3.00000024	-0.246459365	-0.03465328	-0.03465328	0.333333343	0.333333343	None
  3.13333344	-0.255426049	-0.114725336	-0.114725336	0.333333343	0.333333343	None
  3.266667	-0.267741144	-0.126280755	-0.126280755	0.333333343	0.333333343	None
  3.53333354	-0.291426182	-0.06692788	-0.06692788	0.333333343	0.333333343	None
  3.70000029	-0.313073933	-0.149129868	-0.149129868	0.333333343	0.333333343	None
  3.86666679	-0.3315932	-0.09290019	-0.09290019	0.333333343	0.333333343	None
  4.066667	-0.337071776	-0.09626144	-0.09626144	0.333333343	0.333333343	None
  4.23333359	-0.332971781	0.33246547	0.33246547	0.333333343	0.333333343	None
  4.33333349	-0.297541469	0.2411286	0.2411286	0.333333343	0.333333343	None
  4.4	-0.28712213	0.0184674747	0.0184674747	0.333333343	0.333333343	None
  4.4666667	-0.289072752	0.10964568	0.10964568	0.333333343	0.333333343	None
  4.533334	-0.268553823	0.544974148	0.544974148	0.333333343	0.333333343	None
  4.60000038	-0.224359468	0.6096705	0.6096705	0.333333343	0.333333343	None
  4.73333359	-0.156405225	0.424334139	0.424334139	0.333333343	0.333333343	None
  4.83333349	-0.113741577	0.441463172	0.441463172	0.333333343	0.333333343	None
  4.866667	-0.09873316	0.3956434	0.3956434	0.333333343	0.333333343	None
  4.9333334	-0.07660006	0.319460571	0.319460571	0.333333343	0.333333343	None
  5.00000048	-0.0548484735	0.358458847	0.358458847	0.333333343	0.333333343	None
  5.033334	-0.04217063	0.385576427	0.385576427	0.333333343	0.333333343	None
  5.066667	-0.0291434024	0.349576056	0.349576056	0.333333343	0.333333343	None
  5.10000038	-0.01886558	0.278077662	0.278077662	0.333333343	0.333333343	None
  5.13333368	-0.01060491	0.193364829	0.193364829	0.333333343	0.333333343	None
  5.166667	-0.00597460335	0.121139377	0.121139377	0.333333343	0.333333343	None
  5.20000029	-0.002528959	0.104161844	0.104161844	0.333333343	0.333333343	None
  5.23333359	0.0009695126	0.115624785	0.115624785	0.333333343	0.333333343	None
  5.266667	0.00517935259	0.119827196	0.119827196	0.333333343	0.333333343	None
  5.33333349	0.0125252735	0.10992875	0.10992875	0.333333343	0.333333343	None
  5.4	0.0201402642	0.107318163	0.107318163	0.333333343	0.333333343	None
  5.4333334	0.0234410986	0.0380724519	0.0380724519	0.333333343	0.333333343	None
  5.466667	0.0226784144	-0.196199074	-0.196199074	0.333333343	0.333333343	None
  5.50000048	0.010361162	-0.577733159	-0.577733159	0.333333343	0.333333343	None
  5.533334	-0.015837092	-0.957412839	-0.957412839	0.333333343	0.333333343	None
  5.566667	-0.0534662977	-0.968756437	-0.968756437	0.333333343	0.333333343	None
  5.60000038	-0.08042079	-0.5486485	-0.5486485	0.333333343	0.333333343	None
  5.63333368	-0.09004283	-0.188498229	-0.188498229	0.333333343	0.333333343	None
  5.73333359	-0.101260796	-0.3093701	-0.3093701	0.333333343	0.333333343	None
  5.766667	-0.1160296	-0.4513087	-0.4513087	0.333333343	0.333333343	None
  5.83333349	-0.147225127	-0.5014258	-0.5014258	0.333333343	0.333333343	None
  5.9	-0.17821756	-0.329194069	-0.329194069	0.333333343	0.333333343	None
  6.066667	-0.180449814	0.208992332	0.208992332	0.333333343	0.333333343	None
  6.13333368	-0.160596669	0.335468233	0.335468233	0.333333343	0.333333343	None
  6.166667	-0.149832189	0.2486428	0.2486428	0.333333343	0.333333343	None
  6.20000029	-0.1440205	0.155603811	0.155603811	0.333333343	0.333333343	None
  6.23333359	-0.139458612	0.0390492	0.0390492	0.333333343	0.333333343	None
  6.3	-0.145082757	-0.09554909	-0.09554909	0.333333343	0.333333343	None
  6.40000057	-0.153266713	-0.0232724342	-0.0232724342	0.333333343	0.333333343	None
  6.433334	-0.152747855	0.115984194	0.115984194	0.333333343	0.333333343	None
  6.50000048	-0.136512652	0.2638371	0.2638371	0.333333343	0.333333343	None
  6.60000038	-0.110047333	0.233628571	0.233628571	0.333333343	0.333333343	None
  6.63333368	-0.103074007	0.221719325	0.221719325	0.333333343	0.333333343	None
  6.666667	-0.09526606	0.195803672	0.195803672	0.333333343	0.333333343	None
  6.73333359	-0.08391162	0.21145539	0.21145539	0.333333343	0.333333343	None
  6.8	-0.06759962	0.230782956	0.230782956	0.333333343	0.333333343	None
  6.933334	-0.0473476872	0.036600396	0.036600396	0.333333343	0.333333343	None
  7.00000048	-0.0489896871	-0.06938395	-0.06938395	0.333333343	0.333333343	None
  7.066667	-0.05774436	-0.214077085	-0.214077085	0.333333343	0.333333343	None
  7.20000029	-0.09825534	-0.282397658	-0.282397658	0.333333343	0.333333343	None
  7.33333349	-0.125968888	-0.161468178	-0.161468178	0.333333343	0.333333343	None
  7.60000038	-0.173435345	-0.134532809	-0.134532809	0.333333343	0.333333343	None
  7.90000057	-0.20197	-0.06041145	-0.06041145	0.333333343	0.333333343	None
  8.033334	-0.189560309	0.321783662	0.321783662	0.333333343	0.333333343	None
  8.1	-0.163387477	0.3788125	0.3788125	0.333333343	0.333333343	None
  8.166667	-0.1373886	0.492590934	0.492590934	0.333333343	0.333333343	None
  8.233334	-0.10096062	0.5177854	0.5177854	0.333333343	0.333333343	None
  8.266667	-0.08436494	0.43557483	0.43557483	0.333333343	0.333333343	None
  8.366667	-0.05502824	0.204609692	0.204609692	0.333333343	0.333333343	None
  8.400001	-0.0489257351	0.127931148	0.127931148	0.333333343	0.333333343	None
  8.433333	-0.0464994535	0.0153885018	0.0153885018	0.333333343	0.333333343	None
  8.5	-0.0509744324	-0.102362044	-0.102362044	0.333333343	0.333333343	None
  8.566668	-0.0589980073	-0.156657428	-0.156657428	0.333333343	0.333333343	None
  8.633334	-0.07103693	-0.1708625	-0.1708625	0.333333343	0.333333343	None
  8.733334	-0.08870847	-0.229083419	-0.229083419	0.333333343	0.333333343	None
  8.866667	-0.124665432	-0.236777335	-0.236777335	0.333333343	0.333333343	None
  9.166667	-0.167637125	-0.145207256	-0.145207256	0.333333343	0.333333343	None
  9.400001	-0.184830859	0.0598179027	0.0598179027	0.333333343	0.333333343	None
  9.633334	-0.1608497	0.141611338	0.141611338	0.333333343	0.333333343	None
  9.766667	-0.148071349	0.0462318957	0.0462318957	0.333333343	0.333333343	None
  9.8	-0.146634951	0.08135786	0.08135786	0.333333343	0.333333343	None
  9.866667	-0.139818087	0.07508239	0.07508239	0.333333343	0.333333343	None
  9.933333	-0.1338527	0.105880857	0.105880857	0.333333343	0.333333343	None
  9.966667	-0.130583271	0.03593799	0.03593799	0.333333343	0.333333343	None
  10.0333338	-0.1343666	-0.0385644175	-0.0385644175	0.333333343	0.333333343	None
  10.1	-0.134531885	-0.03400302	-0.03400302	0.333333343	0.333333343	None
  10.2000008	-0.1377435	0	0	0.333333343	0.333333343	None
FLOAT UnityEngine.Animator||Right Forearm Stretch discrete=False keys=62 pre=ClampForever post=ClampForever
  0	0.787511945	-0.07024169	-0.07024169	0.333333343	0.333333343	None
  0.6	0.769094944	-0.05362184	-0.05362184	0.333333343	0.333333343	None
  0.866666734	0.760358632	-0.159173921	-0.159173921	0.333333343	0.333333343	None
  1.26666677	0.737551451	0.0243025664	0.0243025664	0.333333343	0.333333343	None
  1.4333334	0.724500835	-0.0560224578	-0.0560224578	0.333333343	0.333333343	None
  1.4666667	0.725560248	0.212116629	0.212116629	0.333333343	0.333333343	None
  1.56666672	0.721192837	-1.04872942	-1.04872942	0.333333343	0.333333343	None
  1.60000014	0.6702346	-1.68453336	-1.68453336	0.333333343	0.333333343	None
  1.66666675	0.5251609	-2.74141955	-2.74141955	0.333333343	0.333333343	None
  1.76666677	0.2531942	-1.72713721	-1.72713721	0.333333343	0.333333343	None
  1.80000007	0.212814361	-0.718300939	-0.718300939	0.333333343	0.333333343	None
  1.83333337	0.205307528	0.573441446	0.573441446	0.333333343	0.333333343	None
  1.86666679	0.251043916	1.8394599	1.8394599	0.333333343	0.333333343	None
  1.9000001	0.327938229	2.25972843	2.25972843	0.333333343	0.333333343	None
  1.9333334	0.401692331	1.9841553	1.9841553	0.333333343	0.333333343	None
  2.03333354	0.5683779	1.65305924	1.65305924	0.333333343	0.333333343	None
  2.23333335	0.873756051	0.432264745	0.432264745	0.333333343	0.333333343	None
  2.36666679	0.788379669	-1.21668863	-1.21668863	0.333333343	0.333333343	None
  2.53333354	0.6572531	-0.337505341	-0.337505341	0.333333343	0.333333343	None
  2.7	0.602940857	-0.6078976	-0.6078976	0.333333343	0.333333343	None
  2.9	0.467203438	-0.09104006	-0.09104006	0.333333343	0.333333343	None
  3.10000014	0.6343561	1.51506591	1.51506591	0.333333343	0.333333343	None
  3.23333359	0.8136584	0.698450565	0.698450565	0.333333343	0.333333343	None
  3.4333334	0.8158476	-0.237557247	-0.237557247	0.333333343	0.333333343	None
  3.63333344	0.718654931	-0.6437496	-0.6437496	0.333333343	0.333333343	None
  3.766667	0.6729071	0.0288436078	0.0288436078	0.333333343	0.333333343	None
  3.9	0.691981256	0.308878362	0.308878362	0.333333343	0.333333343	None
  4.033334	0.7770505	0.496815771	0.496815771	0.333333343	0.333333343	None
  4.20000029	0.7987178	0.108243331	0.108243331	0.333333343	0.333333343	None
  4.366667	0.783379436	-0.398741126	-0.398741126	0.333333343	0.333333343	None
  4.60000038	0.6739598	-0.402434558	-0.402434558	0.333333343	0.333333343	None
  4.70000029	0.6671469	0.294029385	0.294029385	0.333333343	0.333333343	None
  4.83333349	0.7053569	0.00170052424	0.00170052424	0.333333343	0.333333343	None
  4.9666667	0.7031195	0.113005847	0.113005847	0.333333343	0.333333343	None
  5.23333359	0.7164382	0.147952586	0.147952586	0.333333343	0.333333343	None
  5.50000048	0.697767735	-0.129193187	-0.129193187	0.333333343	0.333333343	None
  5.666667	0.664998531	-0.142719582	-0.142719582	0.333333343	0.333333343	None
  5.9	0.7214625	0.2223432	0.2223432	0.333333343	0.333333343	None
  6.10000038	0.7335645	-0.07831074	-0.07831074	0.333333343	0.333333343	None
  6.20000029	0.710866034	-0.13224645	-0.13224645	0.333333343	0.333333343	None
  6.266667	0.7277647	0.76072973	0.76072973	0.333333343	0.333333343	None
  6.366667	0.8240493	0.4835539	0.4835539	0.333333343	0.333333343	None
  6.50000048	0.785391152	-0.7197187	-0.7197187	0.333333343	0.333333343	None
  6.60000038	0.738082647	-0.203998283	-0.203998283	0.333333343	0.333333343	None
  6.933334	0.649612963	0.123775125	0.123775125	0.333333343	0.333333343	None
  7.266667	0.700250149	0.07003344	0.07003344	0.333333343	0.333333343	None
  7.466667	0.7245749	0.032699734	0.032699734	0.333333343	0.333333343	None
  7.70000029	0.7517809	0.151942819	0.151942819	0.333333343	0.333333343	None
  7.90000057	0.7609362	-0.0183785129	-0.0183785129	0.333333343	0.333333343	None
  8.033334	0.723217	-0.414442241	-0.414442241	0.333333343	0.333333343	None
  8.133334	0.6523785	-1.02958441	-1.02958441	0.333333343	0.333333343	None
  8.166667	0.616787851	-1.05211735	-1.05211735	0.333333343	0.333333343	None
  8.200001	0.5822374	-0.55536294	-0.55536294	0.333333343	0.333333343	None
  8.266667	0.592782557	0.531642258	0.531642258	0.333333343	0.333333343	None
  8.466667	0.747162342	0.322009146	0.322009146	0.333333343	0.333333343	None
  8.633334	0.7095175	-0.5373869	-0.5373869	0.333333343	0.333333343	None
  8.933333	0.690288842	0.0336151645	0.0336151645	0.333333343	0.333333343	None
  9.266667	0.7536593	0.3258767	0.3258767	0.333333343	0.333333343	None
  9.533334	0.778620839	-0.00189706637	-0.00189706637	0.333333343	0.333333343	None
  9.8	0.781507134	0.0298067182	0.0298067182	0.333333343	0.333333343	None
  10.0333338	0.78008157	0.117090918	0.117090918	0.333333343	0.333333343	None
  10.2000008	0.7876011	0	0	0.333333343	0.333333343	None
FLOAT UnityEngine.Animator||Right Forearm Twist In-Out discrete=False keys=94 pre=ClampForever post=ClampForever
  0	0.348044	-0.0053662057	-0.0053662057	0.333333343	0.333333343	None
  0.333333343	0.342024952	-0.00263527059	-0.00263527059	0.333333343	0.333333343	None
  0.733333349	0.3419729	-0.004978634	-0.004978634	0.333333343	0.333333343	None
  0.9333334	0.343161762	0.006691673	0.006691673	0.333333343	0.333333343	None
  1.13333344	0.3462249	0.003130164	0.003130164	0.333333343	0.333333343	None
  1.4000001	0.348379254	-0.005045687	-0.005045687	0.333333343	0.333333343	None
  1.50000012	0.307077318	-1.17716479	-1.17716479	0.333333343	0.333333343	None
  1.53333342	0.257926	-1.707897	-1.707897	0.333333343	0.333333343	None
  1.56666672	0.193217635	-1.62679791	-1.62679791	0.333333343	0.333333343	None
  1.60000014	0.149472743	-0.7160089	-0.7160089	0.333333343	0.333333343	None
  1.63333344	0.1454836	0.551542759	0.551542759	0.333333343	0.333333343	None
  1.66666675	0.186242223	1.44938517	1.44938517	0.333333343	0.333333343	None
  1.73333347	0.301264167	1.65590441	1.65590441	0.333333343	0.333333343	None
  1.80000007	0.4032499	1.55449319	1.55449319	0.333333343	0.333333343	None
  1.83333337	0.4561357	1.32661271	1.32661271	0.333333343	0.333333343	None
  1.86666679	0.491690785	0.88905555	0.88905555	0.333333343	0.333333343	None
  1.9000001	0.515406132	-0.108867407	-0.108867407	0.333333343	0.333333343	None
  1.9333334	0.484432966	-1.03004718	-1.03004718	0.333333343	0.333333343	None
  1.96666682	0.446736246	-0.0981513858	-0.0981513858	0.333333343	0.333333343	None
  2.03333354	0.5536791	2.50992155	2.50992155	0.333333343	0.333333343	None
  2.10000014	0.7130346	1.35473323	1.35473323	0.333333343	0.333333343	None
  2.2	0.717534959	-0.6015333	-0.6015333	0.333333343	0.333333343	None
  2.33333349	0.5484162	-1.65126729	-1.65126729	0.333333343	0.333333343	None
  2.4	0.4566306	-0.745263636	-0.745263636	0.333333343	0.333333343	None
  2.4333334	0.444260359	-0.299413949	-0.299413949	0.333333343	0.333333343	None
  2.4666667	0.436669677	0.0180807337	0.0180807337	0.333333343	0.333333343	None
  2.50000024	0.4454658	0.215145946	0.215145946	0.333333343	0.333333343	None
  2.60000014	0.457327485	-0.04144598	-0.04144598	0.333333343	0.333333343	None
  2.83333349	0.411128432	-0.393410265	-0.393410265	0.333333343	0.333333343	None
  2.9	0.3752726	-0.7177625	-0.7177625	0.333333343	0.333333343	None
  2.9333334	0.348249853	-0.687466264	-0.687466264	0.333333343	0.333333343	None
  3.06666684	0.3039168	-0.09494314	-0.09494314	0.333333343	0.333333343	None
  3.13333344	0.306578815	0.2097847	0.2097847	0.333333343	0.333333343	None
  3.20000029	0.325397968	0.242701262	0.242701262	0.333333343	0.333333343	None
  3.30000019	0.344424427	0.115079843	0.115079843	0.333333343	0.333333343	None
  3.466667	0.3662047	0.217397481	0.217397481	0.333333343	0.333333343	None
  3.60000014	0.3835685	-0.0375518575	-0.0375518575	0.333333343	0.333333343	None
  3.766667	0.372407138	-0.05051901	-0.05051901	0.333333343	0.333333343	None
  3.93333364	0.366450459	-0.32133162	-0.32133162	0.333333343	0.333333343	None
  4.033334	0.330060154	-0.06670957	-0.06670957	0.333333343	0.333333343	None
  4.166667	0.366149157	0.0539281	0.0539281	0.333333343	0.333333343	None
  4.23333359	0.361856878	0.0231823549	0.0231823549	0.333333343	0.333333343	None
  4.33333349	0.3740554	0.0425412171	0.0425412171	0.333333343	0.333333343	None
  4.533334	0.370868117	0.0113744847	0.0113744847	0.333333343	0.333333343	None
  4.63333368	0.3674144	-0.06991676	-0.06991676	0.333333343	0.333333343	None
  4.70000029	0.3543733	-0.328261554	-0.328261554	0.333333343	0.333333343	None
  4.766667	0.3352995	-0.0884709656	-0.0884709656	0.333333343	0.333333343	None
  4.83333349	0.336992979	-0.05378326	-0.05378326	0.333333343	0.333333343	None
  4.9333334	0.3265819	-0.0156775266	-0.0156775266	0.333333343	0.333333343	None
  5.066667	0.340348154	0.2889475	0.2889475	0.333333343	0.333333343	None
  5.13333368	0.3613279	0.124226637	0.124226637	0.333333343	0.333333343	None
  5.23333359	0.358209729	0.0108437352	0.0108437352	0.333333343	0.333333343	None
  5.50000048	0.352051556	-0.02562272	-0.02562272	0.333333343	0.333333343	None
  5.666667	0.3472774	-0.159271955	-0.159271955	0.333333343	0.333333343	None
  5.766667	0.336654425	0.0286080223	0.0286080223	0.333333343	0.333333343	None
  5.933334	0.340608656	0.0948574841	0.0948574841	0.333333343	0.333333343	None
  6.033334	0.3645115	0.166791543	0.166791543	0.333333343	0.333333343	None
  6.13333368	0.370574743	0.167917624	0.167917624	0.333333343	0.333333343	None
  6.23333359	0.397148728	0.207056	0.207056	0.333333343	0.333333343	None
  6.266667	0.4035205	-0.06845674	-0.06845674	0.333333343	0.333333343	None
  6.3	0.39258495	-0.551439	-0.551439	0.333333343	0.333333343	None
  6.366667	0.351087034	-0.15400973	-0.15400973	0.333333343	0.333333343	None
  6.433334	0.370408952	0.482672453	0.482672453	0.333333343	0.333333343	None
  6.466667	0.388668835	0.328907549	0.328907549	0.333333343	0.333333343	None
  6.566667	0.381461322	-0.117183588	-0.117183588	0.333333343	0.333333343	None
  6.63333368	0.370533943	-0.3454	-0.3454	0.333333343	0.333333343	None
  6.70000029	0.343822718	-0.208621517	-0.208621517	0.333333343	0.333333343	None
  6.866667	0.355598181	-0.0266843662	-0.0266843662	0.333333343	0.333333343	None
  6.966667	0.351012975	0.09297976	0.09297976	0.333333343	0.333333343	None
  7.10000038	0.370786548	0.000669211149	0.000669211149	0.333333343	0.333333343	None
  7.20000029	0.367842078	0.0432113223	0.0432113223	0.333333343	0.333333343	None
  7.533334	0.378306031	0.07491015	0.07491015	0.333333343	0.333333343	None
  7.833334	0.373634934	-0.066554606	-0.066554606	0.333333343	0.333333343	None
  7.933334	0.361212254	-0.251183748	-0.251183748	0.333333343	0.333333343	None
  8	0.344379	-0.1397996	-0.1397996	0.333333343	0.333333343	None
  8.066668	0.337743372	-0.14409405	-0.14409405	0.333333343	0.333333343	None
  8.133334	0.336932927	0.3223517	0.3223517	0.333333343	0.333333343	None
  8.166667	0.3537631	0.5790026	0.5790026	0.333333343	0.333333343	None
  8.200001	0.375533134	0.289762616	0.289762616	0.333333343	0.333333343	None
  8.333334	0.3224388	-0.08966615	-0.08966615	0.333333343	0.333333343	None
  8.433333	0.351380676	0.17435053	0.17435053	0.333333343	0.333333343	None
  8.533334	0.34949255	-0.037156146	-0.037156146	0.333333343	0.333333343	None
  8.666667	0.35932523	0.196443021	0.196443021	0.333333343	0.333333343	None
  8.733334	0.3660032	-0.0123950848	-0.0123950848	0.333333343	0.333333343	None
  8.966667	0.363563567	-0.04290009	-0.04290009	0.333333343	0.333333343	None
  9.133334	0.353998572	0.06390639	0.06390639	0.333333343	0.333333343	None
  9.266667	0.352469027	-0.09116078	-0.09116078	0.333333343	0.333333343	None
  9.500001	0.352445781	0.00198747334	0.00198747334	0.333333343	0.333333343	None
  9.766667	0.3478016	-0.0356396735	-0.0356396735	0.333333343	0.333333343	None
  9.833334	0.34768033	-0.06331073	-0.06331073	0.333333343	0.333333343	None
  9.900001	0.339713424	0.00656706467	0.00656706467	0.333333343	0.333333343	None
  9.966667	0.3475644	0.06724342	0.06724342	0.333333343	0.333333343	None
  10.166667	0.3470567	0.0143777542	0.0143777542	0.333333343	0.333333343	None
  10.2000008	0.3470567	0	0	0.333333343	0.333333343	None
FLOAT UnityEngine.Animator||Right Hand Down-Up discrete=False keys=209 pre=ClampForever post=ClampForever
  0	0.03686549	0.0004656985	0.0004656985	0.333333343	0.333333343	None
  0.06666667	0.0369389951	-0.0014500129	-0.0014500129	0.333333343	0.333333343	None
  0.100000009	0.0367843471	-0.0230096672	-0.0230096672	0.333333343	0.333333343	None
  0.13333334	0.0354050174	-0.0404543653	-0.0404543653	0.333333343	0.333333343	None
  0.200000018	0.0322804451	-0.058582902	-0.058582902	0.333333343	0.333333343	None
  0.333333343	0.0242422465	-0.0588344261	-0.0588344261	0.333333343	0.333333343	None
  0.433333367	0.0182359	-0.0600470379	-0.0600470379	0.333333343	0.333333343	None
  0.4666667	0.0161749814	-0.0563414171	-0.0563414171	0.333333343	0.333333343	None
  0.5	0.0144798066	-0.06755394	-0.06755394	0.333333343	0.333333343	None
  0.533333361	0.0116713848	-0.0858934	-0.0858934	0.333333343	0.333333343	None
  0.6	0.00579927955	-0.0855283663	-0.0855283663	0.333333343	0.333333343	None
  0.6333334	0.003051685	-0.08499779	-0.08499779	0.333333343	0.333333343	None
  0.6666667	0.000132760819	-0.114410274	-0.114410274	0.333333343	0.333333343	None
  0.700000048	-0.004575668	-0.142830655	-0.142830655	0.333333343	0.333333343	None
  0.733333349	-0.009389282	-0.131405577	-0.131405577	0.333333343	0.333333343	None
  0.7666667	-0.0133360382	-0.106241971	-0.106241971	0.333333343	0.333333343	None
  0.8000001	-0.0164720863	-0.09287892	-0.09287892	0.333333343	0.333333343	None
  0.900000036	-0.0248434879	-0.06778161	-0.06778161	0.333333343	0.333333343	None
  0.9333334	-0.02679159	-0.0368158147	-0.0368158147	0.333333343	0.333333343	None
  0.9666667	-0.0272978768	-0.007599823	-0.007599823	0.333333343	0.333333343	None
  1	-0.0272982437	-0.0279839449	-0.0279839449	0.333333343	0.333333343	None
  1.06666672	-0.0316645838	-0.0648217648	-0.0648217648	0.333333343	0.333333343	None
  1.1	-0.0334849246	-0.06640678	-0.06640678	0.333333343	0.333333343	None
  1.13333344	-0.0360917076	-0.07007141	-0.07007141	0.333333343	0.333333343	None
  1.23333335	-0.0422888473	-0.080826	-0.080826	0.333333343	0.333333343	None
  1.30000007	-0.0476312861	-0.0619068369	-0.0619068369	0.333333343	0.333333343	None
  1.36666679	-0.05095957	-0.05102519	-0.05102519	0.333333343	0.333333343	None
  1.4000001	-0.05272926	-0.07996874	-0.07996874	0.333333343	0.333333343	None
  1.4333334	-0.0562908128	-0.217750043	-0.217750043	0.333333343	0.333333343	None
  1.4666667	-0.0672459155	-0.5550873	-0.5550873	0.333333343	0.333333343	None
  1.50000012	-0.09329669	-0.8300004	-0.8300004	0.333333343	0.333333343	None
  1.53333342	-0.122579314	-0.8671547	-0.8671547	0.333333343	0.333333343	None
  1.56666672	-0.151106954	-0.678546667	-0.678546667	0.333333343	0.333333343	None
  1.63333344	-0.1733261	-0.07392913	-0.07392913	0.333333343	0.333333343	None
  1.66666675	-0.172744378	0.147843957	0.147843957	0.333333343	0.333333343	None
  1.7	-0.163469851	0.6211616	0.6211616	0.333333343	0.333333343	None
  1.73333347	-0.13133353	1.20492864	1.20492864	0.333333343	0.333333343	None
  1.76666677	-0.08314124	1.67062354	1.67062354	0.333333343	0.333333343	None
  1.80000007	-0.0199587326	2.04163146	2.04163146	0.333333343	0.333333343	None
  1.83333337	0.0529673919	2.031784	2.031784	0.333333343	0.333333343	None
  1.86666679	0.115493633	2.22473574	2.22473574	0.333333343	0.333333343	None
  1.9000001	0.201283187	2.77545	2.77545	0.333333343	0.333333343	None
  1.9333334	0.30052346	2.35240054	2.35240054	0.333333343	0.333333343	None
  2	0.378924429	0.147721946	0.147721946	0.333333343	0.333333343	None
  2.10000014	0.304208726	-1.05501652	-1.05501652	0.333333343	0.333333343	None
  2.16666675	0.228955135	-1.43480551	-1.43480551	0.333333343	0.333333343	None
  2.2	0.173491552	-1.87838054	-1.87838054	0.333333343	0.333333343	None
  2.23333335	0.103729881	-2.02035761	-2.02035761	0.333333343	0.333333343	None
  2.266667	0.0388007052	-1.46407521	-1.46407521	0.333333343	0.333333343	None
  2.30000019	0.00612449227	-0.531777263	-0.531777263	0.333333343	0.333333343	None
  2.33333349	0.00334892119	0.119009927	0.119009927	0.333333343	0.333333343	None
  2.36666679	0.01405848	0.421032	0.421032	0.333333343	0.333333343	None
  2.4	0.0314176939	0.476819247	0.476819247	0.333333343	0.333333343	None
  2.4333334	0.0458464	0.4209506	0.4209506	0.333333343	0.333333343	None
  2.4666667	0.05948104	0.488234729	0.488234729	0.333333343	0.333333343	None
  2.50000024	0.0783954859	0.4590188	0.4590188	0.333333343	0.333333343	None
  2.53333354	0.0900824	0.3750693	0.3750693	0.333333343	0.333333343	None
  2.56666684	0.103400081	0.2872616	0.2872616	0.333333343	0.333333343	None
  2.63333344	0.1123898	0.105873033	0.105873033	0.333333343	0.333333343	None
  2.80000019	0.09781291	-0.6087352	-0.6087352	0.333333343	0.333333343	None
  2.83333349	0.07195852	-0.910492659	-0.910492659	0.333333343	0.333333343	None
  2.86666679	0.0371134579	-1.07274055	-1.07274055	0.333333343	0.333333343	None
  2.9	0.00044255078	-1.09070778	-1.09070778	0.333333343	0.333333343	None
  2.9333334	-0.03560033	-0.9379332	-0.9379332	0.333333343	0.333333343	None
  2.966667	-0.062086463	-0.755692	-0.755692	0.333333343	0.333333343	None
  3.00000024	-0.08597994	-0.646051764	-0.646051764	0.333333343	0.333333343	None
  3.03333354	-0.105156541	-0.529161453	-0.529161453	0.333333343	0.333333343	None
  3.06666684	-0.121257335	-0.348377943	-0.348377943	0.333333343	0.333333343	None
  3.13333344	-0.129174724	0.0140456241	0.0140456241	0.333333343	0.333333343	None
  3.16666675	-0.12744534	-0.0139282178	-0.0139282178	0.333333343	0.333333343	None
  3.20000029	-0.13010329	-0.0203018226	-0.0203018226	0.333333343	0.333333343	None
  3.23333359	-0.128798813	0.018487813	0.018487813	0.333333343	0.333333343	None
  3.33333349	-0.12965335	0.0326083153	0.0326083153	0.333333343	0.333333343	None
  3.4333334	-0.121575527	0.164312571	0.164312571	0.333333343	0.333333343	None
  3.466667	-0.114809923	0.303454518	0.303454518	0.333333343	0.333333343	None
  3.50000024	-0.1013452	0.4107334	0.4107334	0.333333343	0.333333343	None
  3.60000014	-0.06287099	0.339842141	0.339842141	0.333333343	0.333333343	None
  3.63333344	-0.0518495366	0.255465955	0.255465955	0.333333343	0.333333343	None
  3.66666675	-0.04583994	0.113100544	0.113100544	0.333333343	0.333333343	None
  3.70000029	-0.0443094969	0.0400790051	0.0400790051	0.333333343	0.333333343	None
  3.73333359	-0.0431679972	0.007872068	0.007872068	0.333333343	0.333333343	None
  3.766667	-0.0437846929	0.00448253471	0.00448253471	0.333333343	0.333333343	None
  3.80000019	-0.04286916	0.02765444	0.02765444	0.333333343	0.333333343	None
  3.83333349	-0.0419410653	-0.02672181	-0.02672181	0.333333343	0.333333343	None
  3.86666679	-0.0446506143	-0.134984255	-0.134984255	0.333333343	0.333333343	None
  3.9	-0.050940007	-0.313381881	-0.313381881	0.333333343	0.333333343	None
  3.93333364	-0.0655428246	-0.580904841	-0.580904841	0.333333343	0.333333343	None
  3.966667	-0.08966707	-0.6630242	-0.6630242	0.333333343	0.333333343	None
  4	-0.109744251	-0.4282724	-0.4282724	0.333333343	0.333333343	None
  4.033334	-0.118218511	-0.09235175	-0.09235175	0.333333343	0.333333343	None
  4.10000038	-0.110164277	0.154106349	0.154106349	0.333333343	0.333333343	None
  4.20000029	-0.0986823961	0.04966014	0.04966014	0.333333343	0.333333343	None
  4.266667	-0.0962229148	0.0929998755	0.0929998755	0.333333343	0.333333343	None
  4.366667	-0.08086914	0.183585644	0.183585644	0.333333343	0.333333343	None
  4.4333334	-0.0676680654	0.233159184	0.233159184	0.333333343	0.333333343	None
  4.4666667	-0.0588556454	0.247225314	0.247225314	0.333333343	0.333333343	None
  4.566667	-0.0429922119	0.0155367665	0.0155367665	0.333333343	0.333333343	None
  4.63333368	-0.0500094257	-0.236690864	-0.236690864	0.333333343	0.333333343	None
  4.666667	-0.0600905158	-0.333494484	-0.333494484	0.333333343	0.333333343	None
  4.70000029	-0.07224237	-0.313051224	-0.313051224	0.333333343	0.333333343	None
  4.83333349	-0.0949597359	-0.1401422	-0.1401422	0.333333343	0.333333343	None
  4.866667	-0.09978028	-0.100506827	-0.100506827	0.333333343	0.333333343	None
  4.9666667	-0.101252705	0.04481644	0.04481644	0.333333343	0.333333343	None
  5.033334	-0.09299454	0.219758287	0.219758287	0.333333343	0.333333343	None
  5.10000038	-0.07634815	0.192684948	0.192684948	0.333333343	0.333333343	None
  5.13333368	-0.07134331	0.08229763	0.08229763	0.333333343	0.333333343	None
  5.166667	-0.070861645	0.0132317971	0.0132317971	0.333333343	0.333333343	None
  5.23333359	-0.07025815	-0.0146143651	-0.0146143651	0.333333343	0.333333343	None
  5.3	-0.07248575	-0.0389688462	-0.0389688462	0.333333343	0.333333343	None
  5.50000048	-0.07504224	0.09638594	0.09638594	0.333333343	0.333333343	None
  5.533334	-0.07112959	0.0801644847	0.0801644847	0.333333343	0.333333343	None
  5.63333368	-0.06988196	-0.0196869858	-0.0196869858	0.333333343	0.333333343	None
  5.70000029	-0.07241358	-0.08453716	-0.08453716	0.333333343	0.333333343	None
  5.8	-0.08278328	-0.0498980768	-0.0498980768	0.333333343	0.333333343	None
  5.866667	-0.08350787	0.0127920248	0.0127920248	0.333333343	0.333333343	None
  5.933334	-0.07861913	0.153243989	0.153243989	0.333333343	0.333333343	None
  5.966667	-0.0722157	0.157974541	0.157974541	0.333333343	0.333333343	None
  6.033334	-0.06567825	0.04035365	0.04035365	0.333333343	0.333333343	None
  6.10000038	-0.06344146	0.110066339	0.110066339	0.333333343	0.333333343	None
  6.13333368	-0.0580595136	0.18963185	0.18963185	0.333333343	0.333333343	None
  6.166667	-0.05079935	0.2733011	0.2733011	0.333333343	0.333333343	None
  6.20000029	-0.0398394577	0.192580163	0.192580163	0.333333343	0.333333343	None
  6.23333359	-0.0379606858	-0.0337418877	-0.0337418877	0.333333343	0.333333343	None
  6.266667	-0.0420889147	-0.424727	-0.424727	0.333333343	0.333333343	None
  6.3	-0.06627579	-0.7189419	-0.7189419	0.333333343	0.333333343	None
  6.33333349	-0.09001833	-0.483729839	-0.483729839	0.333333343	0.333333343	None
  6.366667	-0.098524414	-0.07449584	-0.07449584	0.333333343	0.333333343	None
  6.40000057	-0.0949846655	0.1423041	0.1423041	0.333333343	0.333333343	None
  6.433334	-0.08903743	0.273584	0.273584	0.333333343	0.333333343	None
  6.466667	-0.07674575	0.319218516	0.319218516	0.333333343	0.333333343	None
  6.533334	-0.0599481873	0.229416937	0.229416937	0.333333343	0.333333343	None
  6.566667	-0.0524617732	0.13146168	0.13146168	0.333333343	0.333333343	None
  6.60000038	-0.0511840843	-0.0531716049	-0.0531716049	0.333333343	0.333333343	None
  6.63333368	-0.0560065433	-0.116537735	-0.116537735	0.333333343	0.333333343	None
  6.666667	-0.05895326	-0.00578452274	-0.00578452274	0.333333343	0.333333343	None
  6.70000029	-0.0563921779	0.126191065	0.126191065	0.333333343	0.333333343	None
  6.73333359	-0.05054053	0.155017912	0.155017912	0.333333343	0.333333343	None
  6.766667	-0.04605766	0.155906841	0.155906841	0.333333343	0.333333343	None
  6.8	-0.04014675	0.15885219	0.15885219	0.333333343	0.333333343	None
  6.83333349	-0.0354675241	0.109277382	0.109277382	0.333333343	0.333333343	None
  6.866667	-0.0328615978	0.07374236	0.07374236	0.333333343	0.333333343	None
  6.90000057	-0.0305513386	0.0152855944	0.0152855944	0.333333343	0.333333343	None
  6.966667	-0.03285241	0.02399702	0.02399702	0.333333343	0.333333343	None
  7.00000048	-0.0302427262	0.109980874	0.109980874	0.333333343	0.333333343	None
  7.033334	-0.02552036	0.131694466	0.131694466	0.333333343	0.333333343	None
  7.066667	-0.0214631036	0.0450510122	0.0450510122	0.333333343	0.333333343	None
  7.10000038	-0.0225169621	-0.07307753	-0.07307753	0.333333343	0.333333343	None
  7.13333368	-0.0263349339	-0.0857503638	-0.0857503638	0.333333343	0.333333343	None
  7.166667	-0.0282336473	-0.02146599	-0.02146599	0.333333343	0.333333343	None
  7.20000029	-0.0277659986	0.002999355	0.002999355	0.333333343	0.333333343	None
  7.23333359	-0.02803369	-0.002139371	-0.002139371	0.333333343	0.333333343	None
  7.33333349	-0.0286529958	-0.0380694643	-0.0380694643	0.333333343	0.333333343	None
  7.36666727	-0.03036574	-0.029668944	-0.029668944	0.333333343	0.333333343	None
  7.433334	-0.028792752	0.08107306	0.08107306	0.333333343	0.333333343	None
  7.466667	-0.0252260827	0.09131111	0.09131111	0.333333343	0.333333343	None
  7.50000048	-0.02270535	0.07799796	0.07799796	0.333333343	0.333333343	None
  7.533334	-0.0200262237	0.0579403266	0.0579403266	0.333333343	0.333333343	None
  7.60000038	-0.0187464971	-0.00570316426	-0.00570316426	0.333333343	0.333333343	None
  7.63333368	-0.0192228761	-0.03694059	-0.03694059	0.333333343	0.333333343	None
  7.666667	-0.0212092	-0.05220204	-0.05220204	0.333333343	0.333333343	None
  7.73333359	-0.02439108	-0.0680701956	-0.0680701956	0.333333343	0.333333343	None
  7.766667	-0.0272410177	-0.0619288534	-0.0619288534	0.333333343	0.333333343	None
  7.833334	-0.0288312677	-0.004976665	-0.004976665	0.333333343	0.333333343	None
  7.90000057	-0.0299288519	-0.06573444	-0.06573444	0.333333343	0.333333343	None
  7.933334	-0.03323374	-0.101138428	-0.101138428	0.333333343	0.333333343	None
  7.966667	-0.0366714075	-0.009887431	-0.009887431	0.333333343	0.333333343	None
  8	-0.03389294	0.1025091	0.1025091	0.333333343	0.333333343	None
  8.033334	-0.0298374556	0.136384338	0.136384338	0.333333343	0.333333343	None
  8.066668	-0.02480053	0.188502789	0.188502789	0.333333343	0.333333343	None
  8.1	-0.01727065	0.3371164	0.3371164	0.333333343	0.333333343	None
  8.133334	-0.00232601888	0.5049755	0.5049755	0.333333343	0.333333343	None
  8.166667	0.0163942967	0.741227746	0.741227746	0.333333343	0.333333343	None
  8.200001	0.04708929	0.5040009	0.5040009	0.333333343	0.333333343	None
  8.233334	0.049994722	-0.00559018925	-0.00559018925	0.333333343	0.333333343	None
  8.3	0.0416384824	-0.120458856	-0.120458856	0.333333343	0.333333343	None
  8.333334	0.03868597	-0.0572733171	-0.0572733171	0.333333343	0.333333343	None
  8.366667	0.0378202349	-0.054564435	-0.054564435	0.333333343	0.333333343	None
  8.400001	0.0350483172	-0.129000723	-0.129000723	0.333333343	0.333333343	None
  8.433333	0.0292202383	-0.204123735	-0.204123735	0.333333343	0.333333343	None
  8.466667	0.0214400534	-0.213290036	-0.213290036	0.333333343	0.333333343	None
  8.533334	0.0107369618	-0.07775175	-0.07775175	0.333333343	0.333333343	None
  8.566668	0.009817378	0.0203511547	0.0203511547	0.333333343	0.333333343	None
  8.6	0.0120936586	0.17715314	0.17715314	0.333333343	0.333333343	None
  8.633334	0.02162768	0.3175302	0.3175302	0.333333343	0.333333343	None
  8.666667	0.03326229	0.316046178	0.316046178	0.333333343	0.333333343	None
  8.700001	0.0426973738	0.249672443	0.249672443	0.333333343	0.333333343	None
  8.733334	0.0499071367	0.2503682	0.2503682	0.333333343	0.333333343	None
  8.766667	0.059388604	0.235722512	0.235722512	0.333333343	0.333333343	None
  8.866667	0.07203372	0.0532924	0.0532924	0.333333343	0.333333343	None
  9.033334	0.06426846	-0.100158274	-0.100158274	0.333333343	0.333333343	None
  9.1	0.05917286	-0.0312856734	-0.0312856734	0.333333343	0.333333343	None
  9.166667	0.0581294149	-0.060034547	-0.060034547	0.333333343	0.333333343	None
  9.266667	0.04521733	-0.150133073	-0.150133073	0.333333343	0.333333343	None
  9.333334	0.0381042361	-0.01909707	-0.01909707	0.333333343	0.333333343	None
  9.366667	0.0391528457	0.0632542	0.0632542	0.333333343	0.333333343	None
  9.400001	0.04232121	0.0652865	0.0652865	0.333333343	0.333333343	None
  9.466667	0.0443113	0.0393384844	0.0393384844	0.333333343	0.333333343	None
  9.566668	0.04956279	0.03858529	0.03858529	0.333333343	0.333333343	None
  9.633334	0.05115626	0.0004602112	0.0004602112	0.333333343	0.333333343	None
  9.666667	0.0504936725	-0.0141125387	-0.0141125387	0.333333343	0.333333343	None
  9.8	0.0464959	-0.065477185	-0.065477185	0.333333343	0.333333343	None
  9.900001	0.03927846	-0.0157660171	-0.0157660171	0.333333343	0.333333343	None
  9.933333	0.0397132039	0.0395500623	0.0395500623	0.333333343	0.333333343	None
  9.966667	0.0419151522	0.0324037261	0.0324037261	0.333333343	0.333333343	None
  10.0666676	0.0379405	-0.040612217	-0.040612217	0.333333343	0.333333343	None
  10.1	0.0372024551	-0.0220254846	-0.0220254846	0.333333343	0.333333343	None
  10.1333342	0.0364721343	-0.005015438	-0.005015438	0.333333343	0.333333343	None
  10.166667	0.0368680768	0.005939228	0.005939228	0.333333343	0.333333343	None
  10.2000008	0.0368680768	0	0	0.333333343	0.333333343	None
FLOAT UnityEngine.Animator||Right Hand In-Out discrete=False keys=173 pre=ClampForever post=ClampForever
  0	0.13423866	-0.0237286072	-0.0237286072	0.333333343	0.333333343	None
  0.100000009	0.13502802	0.04240416	0.04240416	0.333333343	0.333333343	None
  0.233333349	0.1405837	0.0398388542	0.0398388542	0.333333343	0.333333343	None
  0.366666675	0.142127559	0.0387516469	0.0387516469	0.333333343	0.333333343	None
  0.533333361	0.150227278	0.05306299	0.05306299	0.333333343	0.333333343	None
  0.6666667	0.154672384	0.0535764657	0.0535764657	0.333333343	0.333333343	None
  0.7666667	0.161172375	0.0863605738	0.0863605738	0.333333343	0.333333343	None
  0.8333334	0.165542439	-0.0009738263	-0.0009738263	0.333333343	0.333333343	None
  0.900000036	0.1639642	0.00870442949	0.00870442949	0.333333343	0.333333343	None
  0.9666667	0.1666771	0.09293796	0.09293796	0.333333343	0.333333343	None
  1.03333342	0.173745528	0.05717945	0.05717945	0.333333343	0.333333343	None
  1.23333335	0.179311633	0.06299204	0.06299204	0.333333343	0.333333343	None
  1.33333337	0.183344722	0.0172097124	0.0172097124	0.333333343	0.333333343	None
  1.4000001	0.184551656	0.08900762	0.08900762	0.333333343	0.333333343	None
  1.4333334	0.1898037	0.355039418	0.355039418	0.333333343	0.333333343	None
  1.50000012	0.233955353	0.7837297	0.7837297	0.333333343	0.333333343	None
  1.56666672	0.2752023	-0.06224999	-0.06224999	0.333333343	0.333333343	None
  1.60000014	0.256319553	-1.07116747	-1.07116747	0.333333343	0.333333343	None
  1.66666675	0.129192457	-2.33953571	-2.33953571	0.333333343	0.333333343	None
  1.7	0.0478222556	-2.75857639	-2.75857639	0.333333343	0.333333343	None
  1.73333347	-0.05471283	-3.15533233	-3.15533233	0.333333343	0.333333343	None
  1.76666677	-0.1625334	-2.588927	-2.588927	0.333333343	0.333333343	None
  1.80000007	-0.227307811	-1.174111	-1.174111	0.333333343	0.333333343	None
  1.86666679	-0.207221046	1.58299494	1.58299494	0.333333343	0.333333343	None
  1.9000001	-0.13527438	2.81799459	2.81799459	0.333333343	0.333333343	None
  1.9333334	-0.0193549171	2.99055028	2.99055028	0.333333343	0.333333343	None
  1.96666682	0.06409574	1.19008923	1.19008923	0.333333343	0.333333343	None
  2	0.059984602	-0.7889784	-0.7889784	0.333333343	0.333333343	None
  2.03333354	0.0114969015	-1.276139	-1.276139	0.333333343	0.333333343	None
  2.06666684	-0.0250915941	-0.573463142	-0.573463142	0.333333343	0.333333343	None
  2.10000014	-0.0267339367	0.406229943	0.406229943	0.333333343	0.333333343	None
  2.13333344	0.001990376	1.38444686	1.38444686	0.333333343	0.333333343	None
  2.16666675	0.0655624345	2.31340051	2.31340051	0.333333343	0.333333343	None
  2.2	0.156216934	2.778565	2.778565	0.333333343	0.333333343	None
  2.23333335	0.250799924	2.12377667	2.12377667	0.333333343	0.333333343	None
  2.266667	0.29780224	0.479037523	0.479037523	0.333333343	0.333333343	None
  2.30000019	0.282736063	-0.9148152	-0.9148152	0.333333343	0.333333343	None
  2.33333349	0.236814618	-1.24929678	-1.24929678	0.333333343	0.333333343	None
  2.36666679	0.199449688	-1.12154937	-1.12154937	0.333333343	0.333333343	None
  2.4	0.162044734	-0.9638132	-0.9638132	0.333333343	0.333333343	None
  2.4333334	0.135195538	-0.8885437	-0.8885437	0.333333343	0.333333343	None
  2.4666667	0.102808543	-0.8101643	-0.8101643	0.333333343	0.333333343	None
  2.50000024	0.0811844841	-0.656406641	-0.656406641	0.333333343	0.333333343	None
  2.53333354	0.0590479858	-0.592314363	-0.592314363	0.333333343	0.333333343	None
  2.56666684	0.0416969	-0.412560731	-0.412560731	0.333333343	0.333333343	None
  2.60000014	0.0315439627	-0.278018326	-0.278018326	0.333333343	0.333333343	None
  2.66666675	0.0187350214	-0.0449411534	-0.0449411534	0.333333343	0.333333343	None
  2.7	0.0201662872	0.0758425	0.0758425	0.333333343	0.333333343	None
  2.73333359	0.0237912089	0.222949877	0.222949877	0.333333343	0.333333343	None
  2.766667	0.0350296237	0.39500618	0.39500618	0.333333343	0.333333343	None
  2.83333349	0.0681951	0.5465063	0.5465063	0.333333343	0.333333343	None
  2.9	0.106753066	0.640573263	0.640573263	0.333333343	0.333333343	None
  3.00000024	0.169205487	0.439642429	0.439642429	0.333333343	0.333333343	None
  3.03333354	0.180283785	0.363637269	0.363637269	0.333333343	0.333333343	None
  3.06666684	0.193447948	0.342960984	0.342960984	0.333333343	0.333333343	None
  3.10000014	0.203147829	0.337319374	0.337319374	0.333333343	0.333333343	None
  3.13333344	0.215935886	0.3218884	0.3218884	0.333333343	0.333333343	None
  3.20000029	0.233830184	0.2358928	0.2358928	0.333333343	0.333333343	None
  3.266667	0.238249049	-0.21271503	-0.21271503	0.333333343	0.333333343	None
  3.30000019	0.226152286	-0.340886056	-0.340886056	0.333333343	0.333333343	None
  3.4333334	0.187100291	-0.1975644	-0.1975644	0.333333343	0.333333343	None
  3.466667	0.181465924	-0.08069776	-0.08069776	0.333333343	0.333333343	None
  3.53333354	0.178411216	-0.190558836	-0.190558836	0.333333343	0.333333343	None
  3.60000014	0.156673953	-0.336917281	-0.336917281	0.333333343	0.333333343	None
  3.63333344	0.146555364	-0.348357618	-0.348357618	0.333333343	0.333333343	None
  3.70000029	0.125486284	-0.0572932	-0.0572932	0.333333343	0.333333343	None
  3.73333359	0.129630536	0.131070286	0.131070286	0.333333343	0.333333343	None
  3.766667	0.1342243	0.0885635	0.0885635	0.333333343	0.333333343	None
  3.80000019	0.135534763	0.08766854	0.08766854	0.333333343	0.333333343	None
  3.86666679	0.146315083	0.210132509	0.210132509	0.333333343	0.333333343	None
  3.9	0.154077679	0.307868242	0.307868242	0.333333343	0.333333343	None
  3.966667	0.179467916	0.392745852	0.392745852	0.333333343	0.333333343	None
  4.033334	0.199623212	0.00322886556	0.00322886556	0.333333343	0.333333343	None
  4.066667	0.19323799	-0.218699262	-0.218699262	0.333333343	0.333333343	None
  4.166667	0.170470968	-0.126897439	-0.126897439	0.333333343	0.333333343	None
  4.266667	0.167595789	-0.07568329	-0.07568329	0.333333343	0.333333343	None
  4.33333349	0.1587586	-0.12771529	-0.12771529	0.333333343	0.333333343	None
  4.4	0.147490084	-0.225779414	-0.225779414	0.333333343	0.333333343	None
  4.5	0.126034364	-0.07745119	-0.07745119	0.333333343	0.333333343	None
  4.566667	0.131281108	0.124685735	0.124685735	0.333333343	0.333333343	None
  4.666667	0.143598557	0.2138543	0.2138543	0.333333343	0.333333343	None
  4.766667	0.169626564	0.206315041	0.206315041	0.333333343	0.333333343	None
  4.83333349	0.177508	-0.00447102264	-0.00447102264	0.333333343	0.333333343	None
  4.9666667	0.171451	0.057020288	0.057020288	0.333333343	0.333333343	None
  5.00000048	0.175393239	0.060694024	0.060694024	0.333333343	0.333333343	None
  5.13333368	0.170335516	0.00887365	0.00887365	0.333333343	0.333333343	None
  5.20000029	0.175887853	0.127910644	0.127910644	0.333333343	0.333333343	None
  5.33333349	0.178324834	-0.116193175	-0.116193175	0.333333343	0.333333343	None
  5.4	0.1688876	-0.0674544945	-0.0674544945	0.333333343	0.333333343	None
  5.50000048	0.170391649	-0.0248746071	-0.0248746071	0.333333343	0.333333343	None
  5.533334	0.168444768	-0.0116783492	-0.0116783492	0.333333343	0.333333343	None
  5.566667	0.1696131	0.004440625	0.004440625	0.333333343	0.333333343	None
  5.63333368	0.168704569	0.07195569	0.07195569	0.333333343	0.333333343	None
  5.666667	0.17353785	-0.05193142	-0.05193142	0.333333343	0.333333343	None
  5.70000029	0.165242478	-0.08021936	-0.08021936	0.333333343	0.333333343	None
  5.766667	0.174414709	0.20692414	0.20692414	0.333333343	0.333333343	None
  5.8	0.181984827	0.0206937119	0.0206937119	0.333333343	0.333333343	None
  5.83333349	0.175794289	-0.119186528	-0.119186528	0.333333343	0.333333343	None
  5.9	0.171980321	-0.08615274	-0.08615274	0.333333343	0.333333343	None
  6.033334	0.157502726	0.034008652	0.034008652	0.333333343	0.333333343	None
  6.066667	0.161214814	0.039605312	0.039605312	0.333333343	0.333333343	None
  6.13333368	0.153225243	-0.334627122	-0.334627122	0.333333343	0.333333343	None
  6.166667	0.137834623	-0.476975918	-0.476975918	0.333333343	0.333333343	None
  6.20000029	0.12142688	-0.303496927	-0.303496927	0.333333343	0.333333343	None
  6.266667	0.129546136	0.6050716	0.6050716	0.333333343	0.333333343	None
  6.3	0.157939583	0.7922806	0.7922806	0.333333343	0.333333343	None
  6.33333349	0.182364792	0.45389995	0.45389995	0.333333343	0.333333343	None
  6.366667	0.18819955	0.03952866	0.03952866	0.333333343	0.333333343	None
  6.433334	0.172541738	-0.416330427	-0.416330427	0.333333343	0.333333343	None
  6.533334	0.132637069	-0.243857741	-0.243857741	0.333333343	0.333333343	None
  6.566667	0.12742421	-0.003943071	-0.003943071	0.333333343	0.333333343	None
  6.63333368	0.140454382	0.123720586	0.123720586	0.333333343	0.333333343	None
  6.666667	0.140622228	-0.160522088	-0.160522088	0.333333343	0.333333343	None
  6.70000029	0.129752919	-0.290160418	-0.290160418	0.333333343	0.333333343	None
  6.73333359	0.121278219	-0.300214022	-0.300214022	0.333333343	0.333333343	None
  6.8	0.09973184	-0.211649522	-0.211649522	0.333333343	0.333333343	None
  6.866667	0.09710412	0.13119334	0.13119334	0.333333343	0.333333343	None
  6.933334	0.112330042	0.230351686	0.230351686	0.333333343	0.333333343	None
  6.966667	0.1197318	0.15449281	0.15449281	0.333333343	0.333333343	None
  7.00000048	0.122629553	0.0333441347	0.0333441347	0.333333343	0.333333343	None
  7.033334	0.121954739	0.0190667249	0.0190667249	0.333333343	0.333333343	None
  7.10000038	0.129646808	0.20321463	0.20321463	0.333333343	0.333333343	None
  7.166667	0.142739072	0.108883262	0.108883262	0.333333343	0.333333343	None
  7.23333359	0.147024482	0.0739769638	0.0739769638	0.333333343	0.333333343	None
  7.3	0.1503622	0.02286943	0.02286943	0.333333343	0.333333343	None
  7.33333349	0.1511636	0.06428516	0.06428516	0.333333343	0.333333343	None
  7.40000057	0.157076389	0.01715967	0.01715967	0.333333343	0.333333343	None
  7.466667	0.151351377	-0.0908132046	-0.0908132046	0.333333343	0.333333343	None
  7.533334	0.147412762	-0.0663346648	-0.0663346648	0.333333343	0.333333343	None
  7.566667	0.145315379	0.03223951	0.03223951	0.333333343	0.333333343	None
  7.60000038	0.149562061	0.08533456	0.08533456	0.333333343	0.333333343	None
  7.666667	0.15224278	0.0501133241	0.0501133241	0.333333343	0.333333343	None
  7.70000029	0.154345229	0.03530841	0.03530841	0.333333343	0.333333343	None
  7.73333359	0.154596671	0.0349295475	0.0349295475	0.333333343	0.333333343	None
  7.8	0.157669976	0.00165578444	0.00165578444	0.333333343	0.333333343	None
  7.90000057	0.157364428	0.030280605	0.030280605	0.333333343	0.333333343	None
  7.966667	0.154623076	-0.212473869	-0.212473869	0.333333343	0.333333343	None
  8.033334	0.133583322	-0.2803119	-0.2803119	0.333333343	0.333333343	None
  8.066668	0.12539804	-0.411212981	-0.411212981	0.333333343	0.333333343	None
  8.1	0.106169306	-0.7736078	-0.7736078	0.333333343	0.333333343	None
  8.133334	0.07382405	-0.98858124	-0.98858124	0.333333343	0.333333343	None
  8.166667	0.04026397	-0.5482551	-0.5482551	0.333333343	0.333333343	None
  8.200001	0.03727418	0.147791624	0.147791624	0.333333343	0.333333343	None
  8.233334	0.05011651	0.510285735	0.510285735	0.333333343	0.333333343	None
  8.3	0.0945193544	0.611314654	0.611314654	0.333333343	0.333333343	None
  8.400001	0.130873978	0.190705523	0.190705523	0.333333343	0.333333343	None
  8.466667	0.1364497	-0.0687751845	-0.0687751845	0.333333343	0.333333343	None
  8.633334	0.09128667	-0.204169035	-0.204169035	0.333333343	0.333333343	None
  8.666667	0.08606196	-0.106467091	-0.106467091	0.333333343	0.333333343	None
  8.700001	0.0841889158	-0.0603708327	-0.0603708327	0.333333343	0.333333343	None
  8.733334	0.08203725	-0.0147630461	-0.0147630461	0.333333343	0.333333343	None
  8.766667	0.08320476	0.0195240416	0.0195240416	0.333333343	0.333333343	None
  8.8	0.0833388641	0.0388602763	0.0388602763	0.333333343	0.333333343	None
  8.833334	0.08579548	0.04558982	0.04558982	0.333333343	0.333333343	None
  8.900001	0.0860859752	0.03605683	0.03605683	0.333333343	0.333333343	None
  8.933333	0.08878195	0.04474685	0.04474685	0.333333343	0.333333343	None
  8.966667	0.08906906	0.0384226628	0.0384226628	0.333333343	0.333333343	None
  9.1	0.101465046	0.09524329	0.09524329	0.333333343	0.333333343	None
  9.133334	0.103918143	0.1036878	0.1036878	0.333333343	0.333333343	None
  9.233334	0.119196571	0.176839665	0.176839665	0.333333343	0.333333343	None
  9.333334	0.129724428	-0.0216008052	-0.0216008052	0.333333343	0.333333343	None
  9.433333	0.119916387	-0.08355412	-0.08355412	0.333333343	0.333333343	None
  9.533334	0.116865583	-0.00117917685	-0.00117917685	0.333333343	0.333333343	None
  9.633334	0.116405137	0.0179176256	0.0179176256	0.333333343	0.333333343	None
  9.733334	0.11921934	0.0586793646	0.0586793646	0.333333343	0.333333343	None
  9.833334	0.126552477	0.07482626	0.07482626	0.333333343	0.333333343	None
  9.900001	0.128108054	-0.0527501255	-0.0527501255	0.333333343	0.333333343	None
  9.933333	0.12538749	-0.0114871264	-0.0114871264	0.333333343	0.333333343	None
  10.0333338	0.134321913	0.0661464855	0.0661464855	0.333333343	0.333333343	None
  10.1	0.135098919	0.0131903347	0.0131903347	0.333333343	0.333333343	None
  10.1333342	0.136320531	-0.0130089875	-0.0130089875	0.333333343	0.333333343	None
  10.166667	0.1342317	-0.031332925	-0.031332925	0.333333343	0.333333343	None
  10.2000008	0.1342317	0	0	0.333333343	0.333333343	None
FLOAT UnityEngine.Animator||Right Lower Leg Stretch discrete=False keys=41 pre=ClampForever post=ClampForever
  0	0.8566534	-0.03917634	-0.03917634	0.333333343	0.333333343	None
  0.4666667	0.8360959	-0.064865686	-0.064865686	0.333333343	0.333333343	None
  1.23333335	0.792606652	-0.0307559948	-0.0307559948	0.333333343	0.333333343	None
  1.4333334	0.7817804	-0.278325051	-0.278325051	0.333333343	0.333333343	None
  1.50000012	0.7686685	-0.023283286	-0.023283286	0.333333343	0.333333343	None
  1.80000007	0.7266278	-0.313138366	-0.313138366	0.333333343	0.333333343	None
  2.13333344	0.6900697	0.0329044759	0.0329044759	0.333333343	0.333333343	None
  2.4333334	0.7526961	0.0787068158	0.0787068158	0.333333343	0.333333343	None
  2.80000019	0.766893744	0.035940744	0.035940744	0.333333343	0.333333343	None
  3.06666684	0.770099342	0.0562325642	0.0562325642	0.333333343	0.333333343	None
  3.466667	0.763331532	0.0183069333	0.0183069333	0.333333343	0.333333343	None
  3.766667	0.755476832	0.001309813	0.001309813	0.333333343	0.333333343	None
  4	0.750099063	-0.00101907551	-0.00101907551	0.333333343	0.333333343	None
  4.3	0.767547667	0.192638218	0.192638218	0.333333343	0.333333343	None
  4.4666667	0.7680731	-0.148908347	-0.148908347	0.333333343	0.333333343	None
  4.73333359	0.744979858	-0.153053254	-0.153053254	0.333333343	0.333333343	None
  5.10000038	0.701954663	0.001522602	0.001522602	0.333333343	0.333333343	None
  5.4	0.7041588	0.0486749858	0.0486749858	0.333333343	0.333333343	None
  5.533334	0.7338497	0.135207608	0.135207608	0.333333343	0.333333343	None
  5.63333368	0.69202584	-0.7158483	-0.7158483	0.333333343	0.333333343	None
  5.666667	0.669845343	-0.216620773	-0.216620773	0.333333343	0.333333343	None
  5.73333359	0.697259	0.5371352	0.5371352	0.333333343	0.333333343	None
  5.866667	0.771163	0.539914	0.539914	0.333333343	0.333333343	None
  5.933334	0.798631668	0.273003	0.273003	0.333333343	0.333333343	None
  5.966667	0.8060458	-0.13425453	-0.13425453	0.333333343	0.333333343	None
  6.033334	0.777298748	-0.30782938	-0.30782938	0.333333343	0.333333343	None
  6.23333359	0.7674119	-0.0840775	-0.0840775	0.333333343	0.333333343	None
  6.466667	0.762347341	0.279814571	0.279814571	0.333333343	0.333333343	None
  6.70000029	0.8343772	0.265304685	0.265304685	0.333333343	0.333333343	None
  7.00000048	0.9178076	0.09305665	0.09305665	0.333333343	0.333333343	None
  7.3	0.8804131	-0.112071738	-0.112071738	0.333333343	0.333333343	None
  7.766667	0.813025	-0.06883628	-0.06883628	0.333333343	0.333333343	None
  8.066668	0.8139803	0.180240721	0.180240721	0.333333343	0.333333343	None
  8.233334	0.8497616	0.4619385	0.4619385	0.333333343	0.333333343	None
  8.566668	0.9207377	-0.0135760577	-0.0135760577	0.333333343	0.333333343	None
  8.833334	0.8910749	-0.225534886	-0.225534886	0.333333343	0.333333343	None
  9.233334	0.8213943	-0.206548065	-0.206548065	0.333333343	0.333333343	None
  9.700001	0.8269353	0.0948641449	0.0948641449	0.333333343	0.333333343	None
  9.933333	0.856548369	0.178167135	0.178167135	0.333333343	0.333333343	None
  10.166667	0.857751131	-0.0121845677	-0.0121845677	0.333333343	0.333333343	None
  10.2000008	0.857751131	0	0	0.333333343	0.333333343	None
FLOAT UnityEngine.Animator||Right Lower Leg Twist In-Out discrete=False keys=176 pre=ClampForever post=ClampForever
  0	0.06432576	-0.03504038	-0.03504038	0.333333343	0.333333343	None
  0.06666667	0.0624602772	0.0290143415	0.0290143415	0.333333343	0.333333343	None
  0.100000009	0.0650920346	-0.0635205358	-0.0635205358	0.333333343	0.333333343	None
  0.13333334	0.0582255758	-0.023785159	-0.023785159	0.333333343	0.333333343	None
  0.166666672	0.06350636	0.178888947	0.178888947	0.333333343	0.333333343	None
  0.200000018	0.07015151	0.138590828	0.138590828	0.333333343	0.333333343	None
  0.233333349	0.07274575	0.0195663814	0.0195663814	0.333333343	0.333333343	None
  0.3	0.07026748	-0.009589122	-0.009589122	0.333333343	0.333333343	None
  0.400000036	0.07165774	-0.003125898	-0.003125898	0.333333343	0.333333343	None
  0.4666667	0.06960838	-0.0461188219	-0.0461188219	0.333333343	0.333333343	None
  0.5	0.067889	-0.0910646543	-0.0910646543	0.333333343	0.333333343	None
  0.533333361	0.0635374039	-0.0820441246	-0.0820441246	0.333333343	0.333333343	None
  0.6	0.0624155253	0.00541246962	0.00541246962	0.333333343	0.333333343	None
  0.8000001	0.0661443	0.00614917744	0.00614917744	0.333333343	0.333333343	None
  0.9333334	0.06594406	0.0128728291	0.0128728291	0.333333343	0.333333343	None
  0.9666667	0.0668560341	-0.0213144179	-0.0213144179	0.333333343	0.333333343	None
  1	0.0645231	-0.03254172	-0.03254172	0.333333343	0.333333343	None
  1.06666672	0.06462917	-0.0151995346	-0.0151995346	0.333333343	0.333333343	None
  1.13333344	0.06211	-0.0554450825	-0.0554450825	0.333333343	0.333333343	None
  1.2	0.0606323741	0.122773372	0.122773372	0.333333343	0.333333343	None
  1.23333335	0.06816183	0.148153111	0.148153111	0.333333343	0.333333343	None
  1.26666677	0.07050925	-0.08387701	-0.08387701	0.333333343	0.333333343	None
  1.30000007	0.06257004	-0.155973673	-0.155973673	0.333333343	0.333333343	None
  1.36666679	0.0591492765	-0.06755642	-0.06755642	0.333333343	0.333333343	None
  1.4000001	0.05560725	-0.142249525	-0.142249525	0.333333343	0.333333343	None
  1.4333334	0.0496659838	-0.409950018	-0.409950018	0.333333343	0.333333343	None
  1.4666667	0.0282772761	-0.6373325	-0.6373325	0.333333343	0.333333343	None
  1.50000012	0.00717711449	-0.7589741	-0.7589741	0.333333343	0.333333343	None
  1.53333342	-0.0223210249	-1.0002234	-1.0002234	0.333333343	0.333333343	None
  1.56666672	-0.0595043823	-1.15375185	-1.15375185	0.333333343	0.333333343	None
  1.60000014	-0.09923788	-1.175695	-1.175695	0.333333343	0.333333343	None
  1.63333344	-0.13788411	-1.21518743	-1.21518743	0.333333343	0.333333343	None
  1.66666675	-0.1802503	-0.739911258	-0.739911258	0.333333343	0.333333343	None
  1.7	-0.187211484	-0.1306806	-0.1306806	0.333333343	0.333333343	None
  1.80000007	-0.192497268	-0.08794614	-0.08794614	0.333333343	0.333333343	None
  1.83333337	-0.196650758	-0.07555472	-0.07555472	0.333333343	0.333333343	None
  1.9333334	-0.199686378	-0.0392433628	-0.0392433628	0.333333343	0.333333343	None
  2	-0.20241113	-0.03551758	-0.03551758	0.333333343	0.333333343	None
  2.06666684	-0.197831124	0.352785021	0.352785021	0.333333343	0.333333343	None
  2.10000014	-0.179936722	0.5432551	0.5432551	0.333333343	0.333333343	None
  2.23333335	-0.099504	0.7337854	0.7337854	0.333333343	0.333333343	None
  2.30000019	-0.0479477644	0.761233568	0.761233568	0.333333343	0.333333343	None
  2.36666679	-0.000201179209	0.6245798	0.6245798	0.333333343	0.333333343	None
  2.4	0.0187932551	0.5169106	0.5169106	0.333333343	0.333333343	None
  2.4333334	0.0342594944	0.482370615	0.482370615	0.333333343	0.333333343	None
  2.4666667	0.0509512648	0.418371439	0.418371439	0.333333343	0.333333343	None
  2.50000024	0.0621509776	0.3240884	0.3240884	0.333333343	0.333333343	None
  2.60000014	0.08832724	0.179736227	0.179736227	0.333333343	0.333333343	None
  2.73333359	0.09588876	-0.0775808	-0.0775808	0.333333343	0.333333343	None
  2.86666679	0.07725928	-0.151471645	-0.151471645	0.333333343	0.333333343	None
  2.9333334	0.0675899	-0.136503637	-0.136503637	0.333333343	0.333333343	None
  2.966667	0.06318127	-0.09974204	-0.09974204	0.333333343	0.333333343	None
  3.00000024	0.0609404072	-0.0734882355	-0.0734882355	0.333333343	0.333333343	None
  3.06666684	0.0562838651	-0.0266835336	-0.0266835336	0.333333343	0.333333343	None
  3.13333344	0.0567721836	0.000470336759	0.000470336759	0.333333343	0.333333343	None
  3.16666675	0.0565345176	-0.0590098239	-0.0590098239	0.333333343	0.333333343	None
  3.20000029	0.0528381728	-0.0331482738	-0.0331482738	0.333333343	0.333333343	None
  3.266667	0.05847556	0.137327284	0.137327284	0.333333343	0.333333343	None
  3.30000019	0.06347975	0.08840514	0.08840514	0.333333343	0.333333343	None
  3.33333349	0.06436923	0.03230411	0.03230411	0.333333343	0.333333343	None
  3.466667	0.06366265	-0.102834217	-0.102834217	0.333333343	0.333333343	None
  3.50000024	0.0592720248	-0.11148037	-0.11148037	0.333333343	0.333333343	None
  3.53333354	0.05623063	-0.12618196	-0.12618196	0.333333343	0.333333343	None
  3.63333344	0.0421676338	-0.05347749	-0.05347749	0.333333343	0.333333343	None
  3.66666675	0.042181734	0.00857117	0.00857117	0.333333343	0.333333343	None
  3.73333359	0.04358668	0.0264205113	0.0264205113	0.333333343	0.333333343	None
  3.766667	0.0445004143	0.005910253	0.005910253	0.333333343	0.333333343	None
  3.80000019	0.0439806953	-0.008318712	-0.008318712	0.333333343	0.333333343	None
  3.93333364	0.0402477868	-0.0806381851	-0.0806381851	0.333333343	0.333333343	None
  3.966667	0.03686007	-0.0547170341	-0.0547170341	0.333333343	0.333333343	None
  4	0.03659999	-0.0141613437	-0.0141613437	0.333333343	0.333333343	None
  4.066667	0.036555618	0.05129277	0.05129277	0.333333343	0.333333343	None
  4.10000038	0.03933549	0.0865587145	0.0865587145	0.333333343	0.333333343	None
  4.13333368	0.0423261933	0.124468252	0.124468252	0.333333343	0.333333343	None
  4.166667	0.0476333648	0.112606563	0.112606563	0.333333343	0.333333343	None
  4.23333359	0.0510317981	0.0418932959	0.0418932959	0.333333343	0.333333343	None
  4.266667	0.0526261739	0.0213054772	0.0213054772	0.333333343	0.333333343	None
  4.3	0.0524521619	0.0241418052	0.0241418052	0.333333343	0.333333343	None
  4.33333349	0.054235626	0.0119664082	0.0119664082	0.333333343	0.333333343	None
  4.366667	0.05324992	-0.07747295	-0.07747295	0.333333343	0.333333343	None
  4.4333334	0.0442452766	-0.10198389	-0.10198389	0.333333343	0.333333343	None
  4.4666667	0.04227185	-0.0864793658	-0.0864793658	0.333333343	0.333333343	None
  4.5	0.03847999	-0.0708619356	-0.0708619356	0.333333343	0.333333343	None
  4.533334	0.03754771	0.00949724	0.00949724	0.333333343	0.333333343	None
  4.566667	0.0391131267	0.0365933	0.0365933	0.333333343	0.333333343	None
  4.60000038	0.0399872623	0.0237570181	0.0237570181	0.333333343	0.333333343	None
  4.63333368	0.0406969264	-0.0248119086	-0.0248119086	0.333333343	0.333333343	None
  4.666667	0.0383331366	-0.07105022	-0.07105022	0.333333343	0.333333343	None
  4.766667	0.03142207	-0.07007806	-0.07007806	0.333333343	0.333333343	None
  4.83333349	0.0267376881	-0.058527	-0.058527	0.333333343	0.333333343	None
  4.9	0.02315279	-0.07431919	-0.07431919	0.333333343	0.333333343	None
  5.00000048	0.0104688583	-0.17614904	-0.17614904	0.333333343	0.333333343	None
  5.033334	0.004113693	-0.18960759	-0.18960759	0.333333343	0.333333343	None
  5.066667	-0.002171636	-0.172197431	-0.172197431	0.333333343	0.333333343	None
  5.10000038	-0.007366125	-0.122483596	-0.122483596	0.333333343	0.333333343	None
  5.13333368	-0.0103372019	-0.0576555543	-0.0576555543	0.333333343	0.333333343	None
  5.166667	-0.0112098251	-0.016016854	-0.016016854	0.333333343	0.333333343	None
  5.20000029	-0.0114049911	0.01394236	0.01394236	0.333333343	0.333333343	None
  5.23333359	-0.0102803353	0.019557137	0.019557137	0.333333343	0.333333343	None
  5.266667	-0.0101011833	-0.0137760341	-0.0137760341	0.333333343	0.333333343	None
  5.3	-0.0111987367	-0.0335983336	-0.0335983336	0.333333343	0.333333343	None
  5.366667	-0.0138402563	-0.0552663133	-0.0552663133	0.333333343	0.333333343	None
  5.4333334	-0.01831618	-0.06716046	-0.06716046	0.333333343	0.333333343	None
  5.466667	-0.0205028784	0.0118452832	0.0118452832	0.333333343	0.333333343	None
  5.50000048	-0.017526526	0.116915107	0.116915107	0.333333343	0.333333343	None
  5.533334	-0.0127085457	0.20097357	0.20097357	0.333333343	0.333333343	None
  5.566667	-0.00412830152	0.252925038	0.252925038	0.333333343	0.333333343	None
  5.60000038	0.004153107	0.136628613	0.136628613	0.333333343	0.333333343	None
  5.63333368	0.004980264	-0.105580226	-0.105580226	0.333333343	0.333333343	None
  5.666667	-0.00288556819	0.0171629563	0.0171629563	0.333333343	0.333333343	None
  5.70000029	0.00612445967	0.227097079	0.227097079	0.333333343	0.333333343	None
  5.73333359	0.0122542223	0.17143935	0.17143935	0.333333343	0.333333343	None
  5.766667	0.01755374	0.1065236	0.1065236	0.333333343	0.333333343	None
  5.8	0.0193557888	-0.021529831	-0.021529831	0.333333343	0.333333343	None
  5.83333349	0.0161184184	-0.0654447749	-0.0654447749	0.333333343	0.333333343	None
  5.866667	0.014992808	-0.01772179	-0.01772179	0.333333343	0.333333343	None
  5.9	0.0149369668	-0.0330807045	-0.0330807045	0.333333343	0.333333343	None
  5.933334	0.0127873989	-0.0686821043	-0.0686821043	0.333333343	0.333333343	None
  5.966667	0.0103581334	-0.13549009	-0.13549009	0.333333343	0.333333343	None
  6.00000048	0.00375473523	-0.1203896	-0.1203896	0.333333343	0.333333343	None
  6.033334	0.002332168	-0.00306585245	-0.00306585245	0.333333343	0.333333343	None
  6.066667	0.00355034531	0.00175216049	0.00175216049	0.333333343	0.333333343	None
  6.10000038	0.0024489786	-0.00266473275	-0.00266473275	0.333333343	0.333333343	None
  6.13333368	0.00337269669	0.0283551775	0.0283551775	0.333333343	0.333333343	None
  6.166667	0.004339322	0.01806645	0.01806645	0.333333343	0.333333343	None
  6.20000029	0.00457712542	0.07118127	0.07118127	0.333333343	0.333333343	None
  6.266667	0.017734047	0.3198181	0.3198181	0.333333343	0.333333343	None
  6.3	0.0304059219	0.372015655	0.372015655	0.333333343	0.333333343	None
  6.366667	0.05264827	0.2404596	0.2404596	0.333333343	0.333333343	None
  6.466667	0.06621249	0.151101947	0.151101947	0.333333343	0.333333343	None
  6.50000048	0.072513476	0.207804561	0.207804561	0.333333343	0.333333343	None
  6.533334	0.0800661147	0.2868813	0.2868813	0.333333343	0.333333343	None
  6.60000038	0.104583748	0.4224757	0.4224757	0.333333343	0.333333343	None
  6.63333368	0.1198039	0.2870456	0.2870456	0.333333343	0.333333343	None
  6.666667	0.1237201	0.189519152	0.189519152	0.333333343	0.333333343	None
  6.766667	0.152520835	0.285349965	0.285349965	0.333333343	0.333333343	None
  6.866667	0.1764304	0.158991635	0.158991635	0.333333343	0.333333343	None
  6.933334	0.186406627	0.135708287	0.135708287	0.333333343	0.333333343	None
  7.10000038	0.178801671	-0.148392916	-0.148392916	0.333333343	0.333333343	None
  7.33333349	0.15940918	-0.052588895	-0.052588895	0.333333343	0.333333343	None
  7.466667	0.153162554	-0.0496631563	-0.0496631563	0.333333343	0.333333343	None
  7.63333368	0.148446873	0.0106631322	0.0106631322	0.333333343	0.333333343	None
  7.8	0.148972	0.03308814	0.03308814	0.333333343	0.333333343	None
  7.933334	0.158386678	0.119680732	0.119680732	0.333333343	0.333333343	None
  8.033334	0.164103523	-0.07159302	-0.07159302	0.333333343	0.333333343	None
  8.1	0.152547136	-0.325424522	-0.325424522	0.333333343	0.333333343	None
  8.133334	0.138743609	-0.451726556	-0.451726556	0.333333343	0.333333343	None
  8.166667	0.1224321	-0.384789884	-0.384789884	0.333333343	0.333333343	None
  8.200001	0.113091074	-0.112905636	-0.112905636	0.333333343	0.333333343	None
  8.233334	0.1149049	0.1128664	0.1128664	0.333333343	0.333333343	None
  8.366667	0.143723667	0.17004551	0.17004551	0.333333343	0.333333343	None
  8.433333	0.152094528	0.133089036	0.133089036	0.333333343	0.333333343	None
  8.533334	0.159877256	0.00645956676	0.00645956676	0.333333343	0.333333343	None
  8.700001	0.154549539	-0.08277305	-0.08277305	0.333333343	0.333333343	None
  8.8	0.146136642	-0.04274064	-0.04274064	0.333333343	0.333333343	None
  9.033334	0.135926619	-0.129295051	-0.129295051	0.333333343	0.333333343	None
  9.1	0.124517843	-0.205735475	-0.205735475	0.333333343	0.333333343	None
  9.133334	0.116897933	-0.1768121	-0.1768121	0.333333343	0.333333343	None
  9.166667	0.112730332	-0.145767838	-0.145767838	0.333333343	0.333333343	None
  9.200001	0.107180066	-0.127630919	-0.127630919	0.333333343	0.333333343	None
  9.233334	0.104221575	-0.09781387	-0.09781387	0.333333343	0.333333343	None
  9.266667	0.100659139	-0.06570979	-0.06570979	0.333333343	0.333333343	None
  9.3	0.09984089	-0.047209505	-0.047209505	0.333333343	0.333333343	None
  9.366667	0.09587348	-0.0535258129	-0.0535258129	0.333333343	0.333333343	None
  9.433333	0.09062657	-0.125461638	-0.125461638	0.333333343	0.333333343	None
  9.466667	0.0855793059	-0.131947383	-0.131947383	0.333333343	0.333333343	None
  9.566668	0.07579366	-0.08064556	-0.08064556	0.333333343	0.333333343	None
  9.666667	0.0696958154	-0.06402111	-0.06402111	0.333333343	0.333333343	None
  9.8	0.0661620349	0.0341306478	0.0341306478	0.333333343	0.333333343	None
  9.866667	0.0701749846	0.03758391	0.03758391	0.333333343	0.333333343	None
  9.900001	0.07069844	0.0263569057	0.0263569057	0.333333343	0.333333343	None
  10.000001	0.0717875361	-0.04290986	-0.04290986	0.333333343	0.333333343	None
  10.0333338	0.0694235	-0.0600008927	-0.0600008927	0.333333343	0.333333343	None
  10.1	0.0663832	-0.0447920039	-0.0447920039	0.333333343	0.333333343	None
  10.166667	0.06434086	-0.00690757576	-0.00690757576	0.333333343	0.333333343	None
  10.2000008	0.06434086	0	0	0.333333343	0.333333343	None
FLOAT UnityEngine.Animator||Right Shoulder Down-Up discrete=False keys=179 pre=ClampForever post=ClampForever
  0	0.04703542	-0.016111359	-0.016111359	0.333333343	0.333333343	None
  0.100000009	0.04279504	-0.09793247	-0.09793247	0.333333343	0.333333343	None
  0.13333334	0.0386478864	-0.10436096	-0.10436096	0.333333343	0.333333343	None
  0.166666672	0.0358376428	-0.09227283	-0.09227283	0.333333343	0.333333343	None
  0.266666681	0.0233286731	-0.15751642	-0.15751642	0.333333343	0.333333343	None
  0.333333343	0.0118175242	-0.194030643	-0.194030643	0.333333343	0.333333343	None
  0.366666675	0.004882839	-0.252927274	-0.252927274	0.333333343	0.333333343	None
  0.400000036	-0.00504430151	-0.388767958	-0.388767958	0.333333343	0.333333343	None
  0.433333367	-0.0210350323	-0.491852045	-0.491852045	0.333333343	0.333333343	None
  0.5	-0.0544469021	-0.488115132	-0.488115132	0.333333343	0.333333343	None
  0.6666667	-0.135061458	-0.5296556	-0.5296556	0.333333343	0.333333343	None
  0.8333334	-0.221408889	-0.413071632	-0.413071632	0.333333343	0.333333343	None
  0.9333334	-0.2635936	-0.529053748	-0.529053748	0.333333343	0.333333343	None
  1.03333342	-0.3221078	-0.552957058	-0.552957058	0.333333343	0.333333343	None
  1.26666677	-0.4503567	-0.453413159	-0.453413159	0.333333343	0.333333343	None
  1.4000001	-0.473981261	0.214057028	0.214057028	0.333333343	0.333333343	None
  1.4333334	-0.464617431	0.190097272	0.190097272	0.333333343	0.333333343	None
  1.4666667	-0.461308122	-0.551068962	-0.551068962	0.333333343	0.333333343	None
  1.53333342	-0.560771465	-1.65730989	-1.65730989	0.333333343	0.333333343	None
  1.60000014	-0.648961663	-0.8446175	-0.8446175	0.333333343	0.333333343	None
  1.63333344	-0.6681506	0.427691132	0.427691132	0.333333343	0.333333343	None
  1.73333347	-0.3899158	4.11866951	4.11866951	0.333333343	0.333333343	None
  1.80000007	-0.116040729	3.44411159	3.44411159	0.333333343	0.333333343	None
  1.83333337	-0.0165335834	2.310577	2.310577	0.333333343	0.333333343	None
  1.86666679	0.0379977748	1.39146256	1.39146256	0.333333343	0.333333343	None
  1.9000001	0.07623069	0.8881159	0.8881159	0.333333343	0.333333343	None
  1.9333334	0.0972054452	0.458663583	0.458663583	0.333333343	0.333333343	None
  1.96666682	0.106808268	0.123990677	0.123990677	0.333333343	0.333333343	None
  2	0.105471522	-0.102504216	-0.102504216	0.333333343	0.333333343	None
  2.06666684	0.08953947	-0.384175956	-0.384175956	0.333333343	0.333333343	None
  2.10000014	0.07436292	-0.6358554	-0.6358554	0.333333343	0.333333343	None
  2.13333344	0.04714915	-0.9583483	-0.9583483	0.333333343	0.333333343	None
  2.16666675	0.0104730986	-1.553141	-1.553141	0.333333343	0.333333343	None
  2.2	-0.05639348	-1.91073346	-1.91073346	0.333333343	0.333333343	None
  2.23333335	-0.116909005	-1.4703629	-1.4703629	0.333333343	0.333333343	None
  2.266667	-0.154417843	-1.03085518	-1.03085518	0.333333343	0.333333343	None
  2.33333349	-0.203381225	-0.245160624	-0.245160624	0.333333343	0.333333343	None
  2.4	-0.179671779	0.994269	0.994269	0.333333343	0.333333343	None
  2.4333334	-0.135692373	1.5084976	1.5084976	0.333333343	0.333333343	None
  2.4666667	-0.07910537	1.62442946	1.62442946	0.333333343	0.333333343	None
  2.50000024	-0.027396813	1.35263133	1.35263133	0.333333343	0.333333343	None
  2.53333354	0.0110703288	0.7761393	0.7761393	0.333333343	0.333333343	None
  2.56666684	0.0243457574	0.31354323	0.31354323	0.333333343	0.333333343	None
  2.60000014	0.03197319	0.154129684	0.154129684	0.333333343	0.333333343	None
  2.63333344	0.03462106	-0.0466353074	-0.0466353074	0.333333343	0.333333343	None
  2.66666675	0.0288641732	-0.236124545	-0.236124545	0.333333343	0.333333343	None
  2.7	0.0188794378	-0.325066328	-0.325066328	0.333333343	0.333333343	None
  2.73333359	0.007193022	-0.4469614	-0.4469614	0.333333343	0.333333343	None
  2.766667	-0.0109180445	-0.7512868	-0.7512868	0.333333343	0.333333343	None
  2.80000019	-0.0428927168	-1.11278439	-1.11278439	0.333333343	0.333333343	None
  2.83333349	-0.0851036	-1.453586	-1.453586	0.333333343	0.333333343	None
  2.9	-0.196791172	-1.65630209	-1.65630209	0.333333343	0.333333343	None
  2.9333334	-0.2502184	-1.60525942	-1.60525942	0.333333343	0.333333343	None
  2.966667	-0.303808749	-1.382272	-1.382272	0.333333343	0.333333343	None
  3.00000024	-0.342370152	-1.0703553	-1.0703553	0.333333343	0.333333343	None
  3.06666684	-0.3967649	-0.430528045	-0.430528045	0.333333343	0.333333343	None
  3.13333344	-0.4056844	0.08705521	0.08705521	0.333333343	0.333333343	None
  3.266667	-0.3327329	0.882300138	0.882300138	0.333333343	0.333333343	None
  3.33333349	-0.2704793	0.884719253	0.884719253	0.333333343	0.333333343	None
  3.50000024	-0.174075112	0.115435906	0.115435906	0.333333343	0.333333343	None
  3.53333354	-0.174724638	0.0113569312	0.0113569312	0.333333343	0.333333343	None
  3.60000014	-0.169635683	0.0459831655	0.0459831655	0.333333343	0.333333343	None
  3.63333344	-0.170252442	-0.006480893	-0.006480893	0.333333343	0.333333343	None
  3.70000029	-0.17556417	-0.326001436	-0.326001436	0.333333343	0.333333343	None
  3.80000019	-0.232868448	-0.564589	-0.564589	0.333333343	0.333333343	None
  3.86666679	-0.261096865	-0.2997023	-0.2997023	0.333333343	0.333333343	None
  3.9	-0.270388067	-0.31182152	-0.31182152	0.333333343	0.333333343	None
  3.93333364	-0.281885028	-0.213529184	-0.213529184	0.333333343	0.333333343	None
  3.966667	-0.2846234	-0.09096131	-0.09096131	0.333333343	0.333333343	None
  4.033334	-0.288252652	0.133640364	0.133640364	0.333333343	0.333333343	None
  4.10000038	-0.2638497	0.5129674	0.5129674	0.333333343	0.333333343	None
  4.166667	-0.230728328	0.337936521	0.337936521	0.333333343	0.333333343	None
  4.20000029	-0.222312868	0.350657582	0.350657582	0.333333343	0.333333343	None
  4.23333359	-0.207351178	0.4335692	0.4335692	0.333333343	0.333333343	None
  4.3	-0.177416727	0.4551208	0.4551208	0.333333343	0.333333343	None
  4.33333349	-0.163066924	0.4746502	0.4746502	0.333333343	0.333333343	None
  4.366667	-0.145773411	0.396771967	0.396771967	0.333333343	0.333333343	None
  4.4	-0.136615485	0.165764034	0.165764034	0.333333343	0.333333343	None
  4.4333334	-0.134722486	-0.126638159	-0.126638159	0.333333343	0.333333343	None
  4.5	-0.156777337	-0.269934624	-0.269934624	0.333333343	0.333333343	None
  4.533334	-0.163053736	-0.1288787	-0.1288787	0.333333343	0.333333343	None
  4.566667	-0.165369332	-0.13731806	-0.13731806	0.333333343	0.333333343	None
  4.60000038	-0.172208264	-0.26820305	-0.26820305	0.333333343	0.333333343	None
  4.63333368	-0.183249518	-0.495664	-0.495664	0.333333343	0.333333343	None
  4.766667	-0.2807506	-0.385633171	-0.385633171	0.333333343	0.333333343	None
  4.866667	-0.2885528	-0.0255717579	-0.0255717579	0.333333343	0.333333343	None
  4.9333334	-0.293912381	-0.15065223	-0.15065223	0.333333343	0.333333343	None
  4.9666667	-0.299994051	-0.0926994458	-0.0926994458	0.333333343	0.333333343	None
  5.033334	-0.301037282	0.0008136034	0.0008136034	0.333333343	0.333333343	None
  5.13333368	-0.291220784	0.219426811	0.219426811	0.333333343	0.333333343	None
  5.23333359	-0.281204522	-0.05979812	-0.05979812	0.333333343	0.333333343	None
  5.466667	-0.31578	-0.131832063	-0.131832063	0.333333343	0.333333343	None
  5.63333368	-0.346190184	-0.102679536	-0.102679536	0.333333343	0.333333343	None
  5.666667	-0.349752933	-0.174611539	-0.174611539	0.333333343	0.333333343	None
  5.70000029	-0.357830942	-0.113850944	-0.113850944	0.333333343	0.333333343	None
  5.8	-0.344317019	0.21997577	0.21997577	0.333333343	0.333333343	None
  5.83333349	-0.338107	0.235787854	0.235787854	0.333333343	0.333333343	None
  5.9	-0.3256445	-0.0228662379	-0.0228662379	0.333333343	0.333333343	None
  6.00000048	-0.3455875	-0.162529051	-0.162529051	0.333333343	0.333333343	None
  6.066667	-0.348553956	0.281872272	0.281872272	0.333333343	0.333333343	None
  6.13333368	-0.301412761	0.985981464	0.985981464	0.333333343	0.333333343	None
  6.166667	-0.265685916	0.8568057	0.8568057	0.333333343	0.333333343	None
  6.3	-0.251073271	-0.615430355	-0.615430355	0.333333343	0.333333343	None
  6.366667	-0.297645181	-0.2414147	-0.2414147	0.333333343	0.333333343	None
  6.433334	-0.27001062	0.8602628	0.8602628	0.333333343	0.333333343	None
  6.466667	-0.236157075	0.797743559	0.797743559	0.333333343	0.333333343	None
  6.533334	-0.207548127	0.114491321	0.114491321	0.333333343	0.333333343	None
  6.60000038	-0.213816658	-0.158778653	-0.158778653	0.333333343	0.333333343	None
  6.70000029	-0.225149676	0.0323660225	0.0323660225	0.333333343	0.333333343	None
  6.83333349	-0.208511084	0.0133422147	0.0133422147	0.333333343	0.333333343	None
  6.90000057	-0.2151169	-0.232859612	-0.232859612	0.333333343	0.333333343	None
  6.966667	-0.232600152	-0.055979766	-0.055979766	0.333333343	0.333333343	None
  7.033334	-0.226693287	0.0557372533	0.0557372533	0.333333343	0.333333343	None
  7.13333368	-0.218726844	0.277492225	0.277492225	0.333333343	0.333333343	None
  7.166667	-0.20605664	0.346843034	0.346843034	0.333333343	0.333333343	None
  7.33333349	-0.1641952	0.243680567	0.243680567	0.333333343	0.333333343	None
  7.466667	-0.119882993	0.370045066	0.370045066	0.333333343	0.333333343	None
  7.50000048	-0.107351586	0.299984574	0.299984574	0.333333343	0.333333343	None
  7.566667	-0.0947514	0.179171622	0.179171622	0.333333343	0.333333343	None
  7.60000038	-0.08793928	0.167538524	0.167538524	0.333333343	0.333333343	None
  7.666667	-0.08063206	0.05008907	0.05008907	0.333333343	0.333333343	None
  7.70000029	-0.08024291	0.02450368	0.02450368	0.333333343	0.333333343	None
  7.833334	-0.076949805	-0.0689432	-0.0689432	0.333333343	0.333333343	None
  7.86666727	-0.08088844	-0.229002863	-0.229002863	0.333333343	0.333333343	None
  7.933334	-0.107673131	-0.428079426	-0.428079426	0.333333343	0.333333343	None
  7.966667	-0.120755248	-0.344009042	-0.344009042	0.333333343	0.333333343	None
  8	-0.1306069	-0.35939163	-0.35939163	0.333333343	0.333333343	None
  8.066668	-0.1506501	0.09179965	0.09179965	0.333333343	0.333333343	None
  8.133334	-0.1123436	0.9604822	0.9604822	0.333333343	0.333333343	None
  8.166667	-0.07456309	0.67954725	0.67954725	0.333333343	0.333333343	None
  8.200001	-0.06704093	0.126996726	0.126996726	0.333333343	0.333333343	None
  8.233334	-0.06609656	-0.107834913	-0.107834913	0.333333343	0.333333343	None
  8.266667	-0.0742300451	-0.210846946	-0.210846946	0.333333343	0.333333343	None
  8.3	-0.08015304	-0.09902704	-0.09902704	0.333333343	0.333333343	None
  8.366667	-0.0795500055	0.05559731	0.05559731	0.333333343	0.333333343	None
  8.433333	-0.07348261	0.169755071	0.169755071	0.333333343	0.333333343	None
  8.5	-0.0551912375	0.352320075	0.352320075	0.333333343	0.333333343	None
  8.533334	-0.0423202	0.441528857	0.441528857	0.333333343	0.333333343	None
  8.566668	-0.0257555861	0.5311411	0.5311411	0.333333343	0.333333343	None
  8.6	-0.00691086	0.445702374	0.445702374	0.333333343	0.333333343	None
  8.633334	0.003957763	0.2756413	0.2756413	0.333333343	0.333333343	None
  8.666667	0.0114652561	0.209805638	0.209805638	0.333333343	0.333333343	None
  8.700001	0.0179447774	0.1828154	0.1828154	0.333333343	0.333333343	None
  8.733334	0.0236529484	0.122260071	0.122260071	0.333333343	0.333333343	None
  8.766667	0.026095394	0.04720021	0.04720021	0.333333343	0.333333343	None
  8.8	0.02679965	0.0395889543	0.0395889543	0.333333343	0.333333343	None
  8.866667	0.02935713	-0.0368218347	-0.0368218347	0.333333343	0.333333343	None
  8.900001	0.0262798332	-0.07083114	-0.07083114	0.333333343	0.333333343	None
  8.933333	0.0246350374	-0.0416601636	-0.0416601636	0.333333343	0.333333343	None
  8.966667	0.0235024989	-0.06483718	-0.06483718	0.333333343	0.333333343	None
  9.033334	0.0157859381	-0.14266789	-0.14266789	0.333333343	0.333333343	None
  9.066668	0.0108012725	-0.140719086	-0.140719086	0.333333343	0.333333343	None
  9.1	0.006404667	-0.125791311	-0.125791311	0.333333343	0.333333343	None
  9.133334	0.002415199	-0.0788191855	-0.0788191855	0.333333343	0.333333343	None
  9.166667	0.00115002086	-0.0242591463	-0.0242591463	0.333333343	0.333333343	None
  9.200001	0.0007979372	0.0196473189	0.0196473189	0.333333343	0.333333343	None
  9.233334	0.002459812	0.0530055054	0.0530055054	0.333333343	0.333333343	None
  9.266667	0.004331637	0.07084058	0.07084058	0.333333343	0.333333343	None
  9.3	0.007182499	0.107128009	0.107128009	0.333333343	0.333333343	None
  9.333334	0.0114735179	0.124215409	0.124215409	0.333333343	0.333333343	None
  9.400001	0.01803775	0.0468029678	0.0468029678	0.333333343	0.333333343	None
  9.433333	0.0185837466	0.0193012357	0.0193012357	0.333333343	0.333333343	None
  9.466667	0.0193245	0.013411928	0.013411928	0.333333343	0.333333343	None
  9.500001	0.0194778871	0.009478781	0.009478781	0.333333343	0.333333343	None
  9.566668	0.020170277	-0.00794433	-0.00794433	0.333333343	0.333333343	None
  9.633334	0.01793411	-0.0598446578	-0.0598446578	0.333333343	0.333333343	None
  9.733334	0.0108308811	-0.0275824852	-0.0275824852	0.333333343	0.333333343	None
  9.766667	0.0108349686	0.0217994545	0.0217994545	0.333333343	0.333333343	None
  9.8	0.0122841559	0.04808157	0.04808157	0.333333343	0.333333343	None
  9.833334	0.0140404077	0.06380685	0.06380685	0.333333343	0.333333343	None
  9.866667	0.01653793	0.06992032	0.06992032	0.333333343	0.333333343	None
  9.900001	0.0187017526	0.08594619	0.08594619	0.333333343	0.333333343	None
  9.933333	0.02226765	0.101494238	0.101494238	0.333333343	0.333333343	None
  10.000001	0.0293636564	0.137397841	0.137397841	0.333333343	0.333333343	None
  10.0333338	0.03462785	0.143777937	0.143777937	0.333333343	0.333333343	None
  10.0666676	0.03894883	0.105708018	0.105708018	0.333333343	0.333333343	None
  10.1333342	0.04429658	0.0804173648	0.0804173648	0.333333343	0.333333343	None
  10.166667	0.04703622	0.0410951972	0.0410951972	0.333333343	0.333333343	None
  10.2000008	0.04703622	0	0	0.333333343	0.333333343	None
FLOAT UnityEngine.Animator||Right Shoulder Front-Back discrete=False keys=159 pre=ClampForever post=ClampForever
  0	-0.342952162	-0.1210606	-0.1210606	0.333333343	0.333333343	None
  0.166666672	-0.346476436	0.11889784	0.11889784	0.333333343	0.333333343	None
  0.3	-0.319217	0.3468709	0.3468709	0.333333343	0.333333343	None
  0.4666667	-0.2482026	0.510578	0.510578	0.333333343	0.333333343	None
  0.5	-0.230281264	0.427246273	0.427246273	0.333333343	0.333333343	None
  0.533333361	-0.219719529	0.39519456	0.39519456	0.333333343	0.333333343	None
  0.6333334	-0.1732363	0.38220495	0.38220495	0.333333343	0.333333343	None
  0.7666667	-0.1352706	0.36813277	0.36813277	0.333333343	0.333333343	None
  0.866666734	-0.09257147	0.377576768	0.377576768	0.333333343	0.333333343	None
  0.900000036	-0.0817106143	0.319335461	0.319335461	0.333333343	0.333333343	None
  0.9333334	-0.07128244	0.2931984	0.2931984	0.333333343	0.333333343	None
  0.9666667	-0.0621640533	0.328093946	0.328093946	0.333333343	0.333333343	None
  1	-0.04940953	0.369800925	0.369800925	0.333333343	0.333333343	None
  1.03333342	-0.03751064	0.405910552	0.405910552	0.333333343	0.333333343	None
  1.06666672	-0.0223488118	0.444618821	0.444618821	0.333333343	0.333333343	None
  1.1	-0.007869413	0.431332141	0.431332141	0.333333343	0.333333343	None
  1.13333344	0.006406688	0.447607756	0.447607756	0.333333343	0.333333343	None
  1.16666675	0.021971127	0.455245674	0.455245674	0.333333343	0.333333343	None
  1.23333335	0.0501204059	0.380927384	0.380927384	0.333333343	0.333333343	None
  1.30000007	0.07378573	0.354661524	0.354661524	0.333333343	0.333333343	None
  1.33333337	0.085795626	0.3289557	0.3289557	0.333333343	0.333333343	None
  1.36666679	0.0957161263	0.08980662	0.08980662	0.333333343	0.333333343	None
  1.4000001	0.09178276	-0.6938367	-0.6938367	0.333333343	0.333333343	None
  1.4333334	0.0494603924	-2.04649448	-2.04649448	0.333333343	0.333333343	None
  1.4666667	-0.0446500778	-2.99795938	-2.99795938	0.333333343	0.333333343	None
  1.50000012	-0.150403753	-2.81486845	-2.81486845	0.333333343	0.333333343	None
  1.53333342	-0.232308164	-1.8502363	-1.8502363	0.333333343	0.333333343	None
  1.60000014	-0.278215617	0.372588724	0.372588724	0.333333343	0.333333343	None
  1.63333344	-0.248913512	1.94591343	1.94591343	0.333333343	0.333333343	None
  1.7	0.009779767	5.44770432	5.44770432	0.333333343	0.333333343	None
  1.73333347	0.214692473	6.445975	6.445975	0.333333343	0.333333343	None
  1.76666677	0.439511746	6.42574739	6.42574739	0.333333343	0.333333343	None
  1.80000007	0.6430752	5.40593052	5.40593052	0.333333343	0.333333343	None
  1.83333337	0.7999068	4.485899	4.485899	0.333333343	0.333333343	None
  1.9000001	1.048546	2.649559	2.649559	0.333333343	0.333333343	None
  1.9333334	1.11877251	2.170917	2.170917	0.333333343	0.333333343	None
  2.03333354	1.257124	-0.0785691	-0.0785691	0.333333343	0.333333343	None
  2.13333344	1.072752	-3.57809162	-3.57809162	0.333333343	0.333333343	None
  2.23333335	0.640523136	-4.04767227	-4.04767227	0.333333343	0.333333343	None
  2.30000019	0.3982847	-3.2120347	-3.2120347	0.333333343	0.333333343	None
  2.33333349	0.2996104	-2.866788	-2.866788	0.333333343	0.333333343	None
  2.36666679	0.2071657	-2.57257414	-2.57257414	0.333333343	0.333333343	None
  2.4	0.128105626	-2.30896759	-2.30896759	0.333333343	0.333333343	None
  2.4333334	0.05323467	-1.87454081	-1.87454081	0.333333343	0.333333343	None
  2.4666667	0.00313636544	-1.426517	-1.426517	0.333333343	0.333333343	None
  2.50000024	-0.0418666936	-1.37310886	-1.37310886	0.333333343	0.333333343	None
  2.53333354	-0.0884044543	-1.312229	-1.312229	0.333333343	0.333333343	None
  2.56666684	-0.129348546	-1.21748054	-1.21748054	0.333333343	0.333333343	None
  2.63333344	-0.205054268	-0.9937701	-0.9937701	0.333333343	0.333333343	None
  2.7	-0.269686937	-1.10217261	-1.10217261	0.333333343	0.333333343	None
  2.86666679	-0.493715316	-1.26002693	-1.26002693	0.333333343	0.333333343	None
  2.9	-0.5335254	-0.9511726	-0.9511726	0.333333343	0.333333343	None
  2.9333334	-0.55712676	-0.726398349	-0.726398349	0.333333343	0.333333343	None
  2.966667	-0.5819521	-0.463402152	-0.463402152	0.333333343	0.333333343	None
  3.13333344	-0.507396638	0.9473616	0.9473616	0.333333343	0.333333343	None
  3.23333359	-0.393602252	1.38415623	1.38415623	0.333333343	0.333333343	None
  3.266667	-0.343240917	1.41167784	1.41167784	0.333333343	0.333333343	None
  3.33333349	-0.263666064	1.00538409	1.00538409	0.333333343	0.333333343	None
  3.36666679	-0.232464939	0.754347444	0.754347444	0.333333343	0.333333343	None
  3.4333334	-0.20192793	0.2574177	0.2574177	0.333333343	0.333333343	None
  3.466667	-0.196215078	-0.0511807874	-0.0511807874	0.333333343	0.333333343	None
  3.50000024	-0.205339938	-0.154446885	-0.154446885	0.333333343	0.333333343	None
  3.56666684	-0.199457377	0.3461394	0.3461394	0.333333343	0.333333343	None
  3.60000014	-0.183435589	0.5299131	0.5299131	0.333333343	0.333333343	None
  3.63333344	-0.164129868	0.427924067	0.427924067	0.333333343	0.333333343	None
  3.66666675	-0.154907346	0.09743476	0.09743476	0.333333343	0.333333343	None
  3.73333359	-0.160262734	0.128728956	0.128728956	0.333333343	0.333333343	None
  3.766667	-0.149052322	0.260839939	0.260839939	0.333333343	0.333333343	None
  3.80000019	-0.142873421	0.221299216	0.221299216	0.333333343	0.333333343	None
  3.86666679	-0.133959159	-0.3315236	-0.3315236	0.333333343	0.333333343	None
  3.9	-0.1564006	-1.00916255	-1.00916255	0.333333343	0.333333343	None
  3.93333364	-0.201236919	-1.23038125	-1.23038125	0.333333343	0.333333343	None
  4	-0.263792217	-0.541889846	-0.541889846	0.333333343	0.333333343	None
  4.033334	-0.2745522	-0.270897925	-0.270897925	0.333333343	0.333333343	None
  4.13333368	-0.293867618	-0.392011464	-0.392011464	0.333333343	0.333333343	None
  4.23333359	-0.34666568	-0.426430047	-0.426430047	0.333333343	0.333333343	None
  4.33333349	-0.375321716	-0.189455777	-0.189455777	0.333333343	0.333333343	None
  4.4666667	-0.361175269	0.4062594	0.4062594	0.333333343	0.333333343	None
  4.533334	-0.336383432	0.110050634	0.110050634	0.333333343	0.333333343	None
  4.70000029	-0.382823616	-0.289804935	-0.289804935	0.333333343	0.333333343	None
  4.866667	-0.396659255	0.283862025	0.283862025	0.333333343	0.333333343	None
  4.9666667	-0.351811171	0.7024624	0.7024624	0.333333343	0.333333343	None
  5.00000048	-0.3251792	1.10916114	1.10916114	0.333333343	0.333333343	None
  5.10000038	-0.18982023	0.6442321	0.6442321	0.333333343	0.333333343	None
  5.13333368	-0.18348287	0.0504671521	0.0504671521	0.333333343	0.333333343	None
  5.20000029	-0.194585189	-0.179274336	-0.179274336	0.333333343	0.333333343	None
  5.266667	-0.20349443	-0.15078567	-0.15078567	0.333333343	0.333333343	None
  5.366667	-0.225225359	-0.34103	-0.34103	0.333333343	0.333333343	None
  5.466667	-0.2546298	-0.06730411	-0.06730411	0.333333343	0.333333343	None
  5.566667	-0.242769361	0.005320389	0.005320389	0.333333343	0.333333343	None
  5.63333368	-0.2557253	-0.5117586	-0.5117586	0.333333343	0.333333343	None
  5.666667	-0.2797347	-0.395481825	-0.395481825	0.333333343	0.333333343	None
  5.70000029	-0.282090724	-0.108450755	-0.108450755	0.333333343	0.333333343	None
  5.766667	-0.3008781	-0.5400812	-0.5400812	0.333333343	0.333333343	None
  5.8	-0.322970122	-0.584378362	-0.584378362	0.333333343	0.333333343	None
  5.9	-0.357457578	-0.135652959	-0.135652959	0.333333343	0.333333343	None
  6.00000048	-0.3750084	-0.243227869	-0.243227869	0.333333343	0.333333343	None
  6.10000038	-0.365172267	0.9498699	0.9498699	0.333333343	0.333333343	None
  6.13333368	-0.3220166	1.51272535	1.51272535	0.333333343	0.333333343	None
  6.166667	-0.264324	1.08684707	1.08684707	0.333333343	0.333333343	None
  6.20000029	-0.249560192	0.4299013	0.4299013	0.333333343	0.333333343	None
  6.23333359	-0.23566395	-0.5142611	-0.5142611	0.333333343	0.333333343	None
  6.266667	-0.283844233	-1.45007253	-1.45007253	0.333333343	0.333333343	None
  6.3	-0.332335353	-0.914496064	-0.914496064	0.333333343	0.333333343	None
  6.33333349	-0.344810575	0.111885339	0.111885339	0.333333343	0.333333343	None
  6.366667	-0.324876338	0.7263498	0.7263498	0.333333343	0.333333343	None
  6.40000057	-0.2963869	1.1781913	1.1781913	0.333333343	0.333333343	None
  6.433334	-0.246329919	0.981406	0.981406	0.333333343	0.333333343	None
  6.466667	-0.230959892	0.502197862	0.502197862	0.333333343	0.333333343	None
  6.533334	-0.20516783	-0.209790945	-0.209790945	0.333333343	0.333333343	None
  6.63333368	-0.321663439	-1.44590116	-1.44590116	0.333333343	0.333333343	None
  6.666667	-0.367239267	-0.9516075	-0.9516075	0.333333343	0.333333343	None
  6.70000029	-0.385103881	-0.404249549	-0.404249549	0.333333343	0.333333343	None
  6.83333349	-0.41299817	-0.64706254	-0.64706254	0.333333343	0.333333343	None
  6.866667	-0.441344321	-0.5114742	-0.5114742	0.333333343	0.333333343	None
  6.90000057	-0.4470965	-0.1345546	-0.1345546	0.333333343	0.333333343	None
  6.966667	-0.437530279	0.6256629	0.6256629	0.333333343	0.333333343	None
  7.033334	-0.370001554	1.15802252	1.15802252	0.333333343	0.333333343	None
  7.066667	-0.331402451	0.8772714	0.8772714	0.333333343	0.333333343	None
  7.166667	-0.300866157	0.0907419	0.0907419	0.333333343	0.333333343	None
  7.23333359	-0.293617845	0.139148667	0.139148667	0.333333343	0.333333343	None
  7.266667	-0.287031054	0.0649068356	0.0649068356	0.333333343	0.333333343	None
  7.36666727	-0.3003458	-0.101830944	-0.101830944	0.333333343	0.333333343	None
  7.466667	-0.295356572	0.1520282	0.1520282	0.333333343	0.333333343	None
  7.566667	-0.290169269	-0.0487719923	-0.0487719923	0.333333343	0.333333343	None
  7.666667	-0.296932638	-0.192538083	-0.192538083	0.333333343	0.333333343	None
  7.70000029	-0.304676	-0.13426213	-0.13426213	0.333333343	0.333333343	None
  7.8	-0.30731535	-0.063366726	-0.063366726	0.333333343	0.333333343	None
  7.86666727	-0.314715445	-0.289853215	-0.289853215	0.333333343	0.333333343	None
  7.90000057	-0.329062343	-0.850903034	-0.850903034	0.333333343	0.333333343	None
  7.966667	-0.4267535	-1.53680968	-1.53680968	0.333333343	0.333333343	None
  8.066668	-0.5179107	0.0400677919	0.0400677919	0.333333343	0.333333343	None
  8.166667	-0.4812785	-0.170675382	-0.170675382	0.333333343	0.333333343	None
  8.233334	-0.531579435	-1.05172074	-1.05172074	0.333333343	0.333333343	None
  8.3	-0.6001166	-0.491382748	-0.491382748	0.333333343	0.333333343	None
  8.400001	-0.5788009	0.3683645	0.3683645	0.333333343	0.333333343	None
  8.5	-0.535095453	0.7240093	0.7240093	0.333333343	0.333333343	None
  8.566668	-0.475599349	0.9103191	0.9103191	0.333333343	0.333333343	None
  8.6	-0.445961952	0.59552	0.59552	0.333333343	0.333333343	None
  8.633334	-0.435898334	0.440807343	0.440807343	0.333333343	0.333333343	None
  8.666667	-0.416574955	0.5067754	0.5067754	0.333333343	0.333333343	None
  8.733334	-0.380517572	0.7339511	0.7339511	0.333333343	0.333333343	None
  8.766667	-0.3531833	0.603734136	0.603734136	0.333333343	0.333333343	None
  8.833334	-0.333708	0.189493239	0.189493239	0.333333343	0.333333343	None
  8.933333	-0.327925	-0.128668	-0.128668	0.333333343	0.333333343	None
  9	-0.3366906	-0.119472682	-0.119472682	0.333333343	0.333333343	None
  9.033334	-0.341065556	0.03187897	0.03187897	0.333333343	0.333333343	None
  9.133334	-0.3140746	0.160503283	0.160503283	0.333333343	0.333333343	None
  9.233334	-0.326650143	-0.401625931	-0.401625931	0.333333343	0.333333343	None
  9.3	-0.356556177	-0.3013274	-0.3013274	0.333333343	0.333333343	None
  9.466667	-0.365685731	-0.08452914	-0.08452914	0.333333343	0.333333343	None
  9.566668	-0.3760287	-0.0311807133	-0.0311807133	0.333333343	0.333333343	None
  9.766667	-0.387537271	-0.14021346	-0.14021346	0.333333343	0.333333343	None
  9.833334	-0.392323434	0.184197351	0.184197351	0.333333343	0.333333343	None
  9.933333	-0.349998832	0.252001375	0.252001375	0.333333343	0.333333343	None
  10.0333338	-0.3492146	-0.0503344163	-0.0503344163	0.333333343	0.333333343	None
  10.1333342	-0.351169258	0.143599033	0.143599033	0.333333343	0.333333343	None
  10.166667	-0.342947483	0.123328514	0.123328514	0.333333343	0.333333343	None
  10.2000008	-0.342947483	0	0	0.333333343	0.333333343	None
FLOAT UnityEngine.Animator||Right Toes Up-Down discrete=False keys=224 pre=ClampForever post=ClampForever
  0	0.018015217	0.011205486	0.011205486	0.333333343	0.333333343	None
  0.13333334	0.0186827425	-0.004278599	-0.004278599	0.333333343	0.333333343	None
  0.200000018	0.01809404	-0.00480254972	-0.00480254972	0.333333343	0.333333343	None
  0.333333343	0.0180910937	-0.005328488	-0.005328488	0.333333343	0.333333343	None
  0.5666667	0.01489256	-0.0200174525	-0.0200174525	0.333333343	0.333333343	None
  0.6333334	0.0135834031	-0.0165432356	-0.0165432356	0.333333343	0.333333343	None
  0.733333349	0.0120316725	-0.01640548	-0.01640548	0.333333343	0.333333343	None
  0.8000001	0.01091729	-0.0159226973	-0.0159226973	0.333333343	0.333333343	None
  0.900000036	0.008971846	-0.0192736574	-0.0192736574	0.333333343	0.333333343	None
  0.9666667	0.00769721158	-0.0236261766	-0.0236261766	0.333333343	0.333333343	None
  1	0.00678711943	-0.0223985519	-0.0223985519	0.333333343	0.333333343	None
  1.03333342	0.006203974	-0.0147998389	-0.0147998389	0.333333343	0.333333343	None
  1.1	0.00578423357	0.009221773	0.009221773	0.333333343	0.333333343	None
  1.13333344	0.006415249	0.0149292462	0.0149292462	0.333333343	0.333333343	None
  1.16666675	0.006779518	0.00173814292	0.00173814292	0.333333343	0.333333343	None
  1.23333335	0.006122753	-0.006892981	-0.006892981	0.333333343	0.333333343	None
  1.26666677	0.006071593	0.00305301626	0.00305301626	0.333333343	0.333333343	None
  1.30000007	0.006326287	0.00335712312	0.00335712312	0.333333343	0.333333343	None
  1.36666679	0.00635504955	0.006908375	0.006908375	0.333333343	0.333333343	None
  1.4000001	0.00675595924	0.0215839874	0.0215839874	0.333333343	0.333333343	None
  1.4333334	0.00779398065	0.0559728779	0.0559728779	0.333333343	0.333333343	None
  1.4666667	0.010487481	0.0520547964	0.0520547964	0.333333343	0.333333343	None
  1.53333342	0.0101843672	-0.0577377	-0.0577377	0.333333343	0.333333343	None
  1.56666672	0.00741512375	-0.0777087361	-0.0777087361	0.333333343	0.333333343	None
  1.60000014	0.005003781	-0.0582922958	-0.0582922958	0.333333343	0.333333343	None
  1.63333344	0.00352896587	-0.07506267	-0.07506267	0.333333343	0.333333343	None
  1.66666675	-3.92202168E-07	-0.1293267	-0.1293267	0.333333343	0.333333343	None
  1.7	-0.005092806	-0.1554883	-0.1554883	0.333333343	0.333333343	None
  1.73333347	-0.0103662871	-0.150039434	-0.150039434	0.333333343	0.333333343	None
  1.80000007	-0.0204095226	-0.183746785	-0.183746785	0.333333343	0.333333343	None
  1.83333337	-0.0273452178	-0.1842052	-0.1842052	0.333333343	0.333333343	None
  1.86666679	-0.0326898769	-0.173993722	-0.173993722	0.333333343	0.333333343	None
  1.9333334	-0.0442306474	-0.130866766	-0.130866766	0.333333343	0.333333343	None
  2.03333354	-0.0492424	0.00258331839	0.00258331839	0.333333343	0.333333343	None
  2.10000014	-0.0469344966	0.07678088	0.07678088	0.333333343	0.333333343	None
  2.23333335	-0.02793891	0.1853846	0.1853846	0.333333343	0.333333343	None
  2.266667	-0.021590488	0.171859622	0.171859622	0.333333343	0.333333343	None
  2.33333349	-0.0122682946	0.111377329	0.111377329	0.333333343	0.333333343	None
  2.4	-0.00698280241	0.0471905619	0.0471905619	0.333333343	0.333333343	None
  2.4333334	-0.00591038447	0.0232454073	0.0232454073	0.333333343	0.333333343	None
  2.4666667	-0.00543311	0.0257106889	0.0257106889	0.333333343	0.333333343	None
  2.50000024	-0.00419633137	0.0240351334	0.0240351334	0.333333343	0.333333343	None
  2.53333354	-0.00383076048	0.0240002871	0.0240002871	0.333333343	0.333333343	None
  2.56666684	-0.00259631383	0.0284597352	0.0284597352	0.333333343	0.333333343	None
  2.60000014	-0.00193344662	0.012197881	0.012197881	0.333333343	0.333333343	None
  2.63333344	-0.00178312254	0.0103210313	0.0103210313	0.333333343	0.333333343	None
  2.66666675	-0.00124537852	0.01869332	0.01869332	0.333333343	0.333333343	None
  2.7	-0.000536902342	0.0186747536	0.0186747536	0.333333343	0.333333343	None
  2.73333359	-3.92202168E-07	0.008047602	0.008047602	0.333333343	0.333333343	None
  2.766667	-3.92202168E-07	-0.007296713	-0.007296713	0.333333343	0.333333343	None
  2.80000019	-0.000486839272	-0.0328234844	-0.0328234844	0.333333343	0.333333343	None
  2.83333349	-0.00218862249	-0.0502667	-0.0502667	0.333333343	0.333333343	None
  2.86666679	-0.0038379496	-0.04551565	-0.04551565	0.333333343	0.333333343	None
  2.9	-0.005222996	-0.0483367443	-0.0483367443	0.333333343	0.333333343	None
  2.9333334	-0.007060396	-0.0455199853	-0.0455199853	0.333333343	0.333333343	None
  3.00000024	-0.008983412	-0.0188692734	-0.0188692734	0.333333343	0.333333343	None
  3.03333354	-0.009515618	-0.0106920917	-0.0106920917	0.333333343	0.333333343	None
  3.06666684	-0.009696217	-0.008896365	-0.008896365	0.333333343	0.333333343	None
  3.10000014	-0.0101087084	-0.0133034484	-0.0133034484	0.333333343	0.333333343	None
  3.13333344	-0.0105831129	-0.00285796635	-0.00285796635	0.333333343	0.333333343	None
  3.16666675	-0.0102992393	0.0189411566	0.0189411566	0.333333343	0.333333343	None
  3.20000029	-0.009320363	0.0221350268	0.0221350268	0.333333343	0.333333343	None
  3.23333359	-0.008823565	0.0198924821	0.0198924821	0.333333343	0.333333343	None
  3.30000019	-0.0070677246	0.0224369653	0.0224369653	0.333333343	0.333333343	None
  3.33333349	-0.006498403	0.01947324	0.01947324	0.333333343	0.333333343	None
  3.4	-0.00487721572	0.031193383	0.031193383	0.333333343	0.333333343	None
  3.4333334	-0.003689953	0.04235559	0.04235559	0.333333343	0.333333343	None
  3.466667	-0.00205350085	0.07682562	0.07682562	0.333333343	0.333333343	None
  3.50000024	0.001431762	0.10227827	0.10227827	0.333333343	0.333333343	None
  3.53333354	0.004765044	0.0812652558	0.0812652558	0.333333343	0.333333343	None
  3.56666684	0.00684944075	0.0456467345	0.0456467345	0.333333343	0.333333343	None
  3.60000014	0.007808157	0.02398984	0.02398984	0.333333343	0.333333343	None
  3.63333344	0.008448762	0.0124443229	0.0124443229	0.333333343	0.333333343	None
  3.66666675	0.00863777753	0.004745922	0.004745922	0.333333343	0.333333343	None
  3.70000029	0.008765157	0.0144886086	0.0144886086	0.333333343	0.333333343	None
  3.73333359	0.009603685	0.0191041771	0.0191041771	0.333333343	0.333333343	None
  3.80000019	0.0102029946	-0.00160148973	-0.00160148973	0.333333343	0.333333343	None
  3.86666679	0.009920085	0.009808331	0.009808331	0.333333343	0.333333343	None
  3.9	0.01058589	0.0385645628	0.0385645628	0.333333343	0.333333343	None
  3.93333364	0.0124910669	0.09346852	0.09346852	0.333333343	0.333333343	None
  3.966667	0.016817132	0.1191279	0.1191279	0.333333343	0.333333343	None
  4	0.0204328932	0.0768050849	0.0768050849	0.333333343	0.333333343	None
  4.066667	0.0222628415	0.009424398	0.009424398	0.333333343	0.333333343	None
  4.10000038	0.0225657541	0.000759149436	0.000759149436	0.333333343	0.333333343	None
  4.166667	0.0220761485	-0.00237099128	-0.00237099128	0.333333343	0.333333343	None
  4.20000029	0.0221553855	-0.0001705439	-0.0001705439	0.333333343	0.333333343	None
  4.23333359	0.022064779	-0.0419802144	-0.0419802144	0.333333343	0.333333343	None
  4.266667	0.0193567071	-0.0699983761	-0.0699983761	0.333333343	0.333333343	None
  4.3	0.0173982251	-0.02990216	-0.02990216	0.333333343	0.333333343	None
  4.33333349	0.0173632316	-0.007911071	-0.007911071	0.333333343	0.333333343	None
  4.4	0.0150969857	-0.0836582	-0.0836582	0.333333343	0.333333343	None
  4.4333334	0.0112936124	-0.1363939	-0.1363939	0.333333343	0.333333343	None
  4.4666667	0.00600406667	-0.204610825	-0.204610825	0.333333343	0.333333343	None
  4.5	-0.00234709657	-0.2983513	-0.2983513	0.333333343	0.333333343	None
  4.533334	-0.0138861649	-0.448984444	-0.448984444	0.333333343	0.333333343	None
  4.566667	-0.03227953	-0.6070604	-0.6070604	0.333333343	0.333333343	None
  4.60000038	-0.0543568172	-0.615097046	-0.615097046	0.333333343	0.333333343	None
  4.63333368	-0.07328596	-0.5720829	-0.5720829	0.333333343	0.333333343	None
  4.8	-0.162569612	-0.476727545	-0.476727545	0.333333343	0.333333343	None
  4.83333349	-0.178423479	-0.474823654	-0.474823654	0.333333343	0.333333343	None
  4.866667	-0.194224492	-0.3271842	-0.3271842	0.333333343	0.333333343	None
  4.9333334	-0.204420328	-0.233614147	-0.233614147	0.333333343	0.333333343	None
  5.00000048	-0.231022283	-0.410087466	-0.410087466	0.333333343	0.333333343	None
  5.10000038	-0.2639553	-0.258705556	-0.258705556	0.333333343	0.333333343	None
  5.166667	-0.273457557	-0.048998192	-0.048998192	0.333333343	0.333333343	None
  5.4333334	-0.275651217	0.125399351	0.125399351	0.333333343	0.333333343	None
  5.50000048	-0.261152267	0.40255034	0.40255034	0.333333343	0.333333343	None
  5.533334	-0.243244141	0.4186188	0.4186188	0.333333343	0.333333343	None
  5.60000038	-0.2249488	0.2267991	0.2267991	0.333333343	0.333333343	None
  5.63333368	-0.218124449	0.344261855	0.344261855	0.333333343	0.333333343	None
  5.666667	-0.201998025	0.20879519	0.20879519	0.333333343	0.333333343	None
  5.70000029	-0.204204783	0.0231539682	0.0231539682	0.333333343	0.333333343	None
  5.766667	-0.1866736	0.542902	0.542902	0.333333343	0.333333343	None
  5.83333349	-0.137774289	0.8696544	0.8696544	0.333333343	0.333333343	None
  5.9	-0.07764319	0.7437414	0.7437414	0.333333343	0.333333343	None
  5.933334	-0.0567010753	0.562916338	0.562916338	0.333333343	0.333333343	None
  6.00000048	-0.02732638	0.33607626	0.33607626	0.333333343	0.333333343	None
  6.033334	-0.01771011	0.2602408	0.2602408	0.333333343	0.333333343	None
  6.066667	-0.00997701	0.14302057	0.14302057	0.333333343	0.333333343	None
  6.10000038	-0.008175415	0.0543426275	0.0543426275	0.333333343	0.333333343	None
  6.13333368	-0.006354172	0.0516786277	0.0516786277	0.333333343	0.333333343	None
  6.166667	-0.004730176	0.0536425561	0.0536425561	0.333333343	0.333333343	None
  6.20000029	-0.00277800462	0.03842537	0.03842537	0.333333343	0.333333343	None
  6.23333359	-0.00216848729	0.007905923	0.007905923	0.333333343	0.333333343	None
  6.266667	-0.00225094357	-0.0181725286	-0.0181725286	0.333333343	0.333333343	None
  6.3	-0.003379988	-0.0243957862	-0.0243957862	0.333333343	0.333333343	None
  6.33333349	-0.00387732778	-0.014864739	-0.014864739	0.333333343	0.333333343	None
  6.366667	-0.00437096972	-0.009333866	-0.009333866	0.333333343	0.333333343	None
  6.40000057	-0.00449958676	0.0006780125	0.0006780125	0.333333343	0.333333343	None
  6.433334	-0.004325771	0.0184612572	0.0184612572	0.333333343	0.333333343	None
  6.466667	-0.00326883746	0.0260610543	0.0260610543	0.333333343	0.333333343	None
  6.50000048	-0.00258836872	0.01642001	0.01642001	0.333333343	0.333333343	None
  6.533334	-0.00217417115	0.0314983	0.0314983	0.333333343	0.333333343	None
  6.566667	-0.000488483871	0.0326067135	0.0326067135	0.333333343	0.333333343	None
  6.60000038	-3.92202168E-07	0.0127012245	0.0127012245	0.333333343	0.333333343	None
  6.63333368	0.000358263584	0.0107329423	0.0107329423	0.333333343	0.333333343	None
  6.666667	0.0007151366	0.0106302034	0.0106302034	0.333333343	0.333333343	None
  6.70000029	0.00106694316	0.006191352	0.006191352	0.333333343	0.333333343	None
  6.73333359	0.001127893	0.00156040629	0.00156040629	0.333333343	0.333333343	None
  6.766667	0.00117097015	-0.0012963987	-0.0012963987	0.333333343	0.333333343	None
  6.8	0.00104146649	-0.00729053374	-0.00729053374	0.333333343	0.333333343	None
  6.83333349	0.000684935	-0.0156278946	-0.0156278946	0.333333343	0.333333343	None
  6.866667	-3.92202168E-07	-0.03123293	-0.03123293	0.333333343	0.333333343	None
  6.90000057	-0.00139727839	-0.040254496	-0.040254496	0.333333343	0.333333343	None
  6.933334	-0.00268404256	-0.05065919	-0.05065919	0.333333343	0.333333343	None
  6.966667	-0.00477455463	-0.0648215	-0.0648215	0.333333343	0.333333343	None
  7.00000048	-0.00700547174	-0.0568202063	-0.0568202063	0.333333343	0.333333343	None
  7.066667	-0.00932091	-0.0079039745	-0.0079039745	0.333333343	0.333333343	None
  7.13333368	-0.008408197	0.0223682187	0.0223682187	0.333333343	0.333333343	None
  7.20000029	-0.00662058126	0.0343493149	0.0343493149	0.333333343	0.333333343	None
  7.23333359	-0.00530833052	0.049654685	0.049654685	0.333333343	0.333333343	None
  7.266667	-0.00331027224	0.0598513037	0.0598513037	0.333333343	0.333333343	None
  7.3	-0.00131824717	0.0496482477	0.0496482477	0.333333343	0.333333343	None
  7.33333349	-3.92202168E-07	0.03672067	0.03672067	0.333333343	0.333333343	None
  7.36666727	0.00112981151	0.024961438	0.024961438	0.333333343	0.333333343	None
  7.40000057	0.00166371826	0.007903826	0.007903826	0.333333343	0.333333343	None
  7.433334	0.00165673275	0.00488056848	0.00488056848	0.333333343	0.333333343	None
  7.466667	0.00198908919	0.00191997434	0.00191997434	0.333333343	0.333333343	None
  7.50000048	0.00178473094	0.00116081419	0.00116081419	0.333333343	0.333333343	None
  7.533334	0.00206647674	0.0120488685	0.0120488685	0.333333343	0.333333343	None
  7.566667	0.002587988	0.0128296055	0.0128296055	0.333333343	0.333333343	None
  7.60000038	0.002921783	0.0106271179	0.0106271179	0.333333343	0.333333343	None
  7.63333368	0.003296462	0.0105562108	0.0105562108	0.333333343	0.333333343	None
  7.70000029	0.00397678744	0.011356473	0.011356473	0.333333343	0.333333343	None
  7.8	0.00501446566	0.005338707	0.005338707	0.333333343	0.333333343	None
  7.833334	0.00510151	0.00502435723	0.00502435723	0.333333343	0.333333343	None
  7.86666727	0.00534942374	0.00590782939	0.00590782939	0.333333343	0.333333343	None
  7.90000057	0.005495365	0.005144559	0.005144559	0.333333343	0.333333343	None
  7.933334	0.005692394	0.00352661917	0.00352661917	0.333333343	0.333333343	None
  7.966667	0.00573047251	0.0007684145	0.0007684145	0.333333343	0.333333343	None
  8	0.00574362138	-0.004421327	-0.004421327	0.333333343	0.333333343	None
  8.033334	0.005435713	-0.006075213	-0.006075213	0.333333343	0.333333343	None
  8.066668	0.005338602	0.003474317	0.003474317	0.333333343	0.333333343	None
  8.1	0.005667328	0.00766142	0.00766142	0.333333343	0.333333343	None
  8.133334	0.00584936049	0.0112076057	0.0112076057	0.333333343	0.333333343	None
  8.166667	0.00641449541	-0.01214806	-0.01214806	0.333333343	0.333333343	None
  8.200001	0.005039463	-0.0252336264	-0.0252336264	0.333333343	0.333333343	None
  8.233334	0.00473224	-0.002500476	-0.002500476	0.333333343	0.333333343	None
  8.266667	0.004872771	-0.00268331612	-0.00268331612	0.333333343	0.333333343	None
  8.3	0.004553359	-0.011366698	-0.011366698	0.333333343	0.333333343	None
  8.333334	0.00411499	-0.01285526	-0.01285526	0.333333343	0.333333343	None
  8.366667	0.00369634223	-0.006466749	-0.006466749	0.333333343	0.333333343	None
  8.400001	0.00368387974	-0.00344548444	-0.00344548444	0.333333343	0.333333343	None
  8.466667	0.003036631	-0.0163768027	-0.0163768027	0.333333343	0.333333343	None
  8.533334	0.00164974842	-0.0213926323	-0.0213926323	0.333333343	0.333333343	None
  8.566668	0.000948669331	-0.0247521847	-0.0247521847	0.333333343	0.333333343	None
  8.6	-3.92202168E-07	-0.0242025927	-0.0242025927	0.333333343	0.333333343	None
  8.633334	-0.000664831256	-0.0181251913	-0.0181251913	0.333333343	0.333333343	None
  8.666667	-0.00120873889	-0.0132663008	-0.0132663008	0.333333343	0.333333343	None
  8.700001	-0.00154924754	-0.0108542107	-0.0108542107	0.333333343	0.333333343	None
  8.733334	-0.00193235162	-0.0105316285	-0.0105316285	0.333333343	0.333333343	None
  8.766667	-0.00225135451	-0.00536129624	-0.00536129624	0.333333343	0.333333343	None
  8.833334	-0.002116302	0.00713343732	0.00713343732	0.333333343	0.333333343	None
  8.866667	-0.00181421486	0.0111233275	0.0111233275	0.333333343	0.333333343	None
  8.900001	-0.00137474563	0.0118393451	0.0118393451	0.333333343	0.333333343	None
  8.933333	-0.00102492468	0.0121372137	0.0121372137	0.333333343	0.333333343	None
  8.966667	-0.0005655972	0.0153680248	0.0153680248	0.333333343	0.333333343	None
  9	-3.92202168E-07	0.0143109895	0.0143109895	0.333333343	0.333333343	None
  9.033334	0.0003884653	0.0123034753	0.0123034753	0.333333343	0.333333343	None
  9.066668	0.0008198504	0.01433044	0.01433044	0.333333343	0.333333343	None
  9.1	0.00134382572	0.019288	0.019288	0.333333343	0.333333343	None
  9.133334	0.00210571918	0.0157346353	0.0157346353	0.333333343	0.333333343	None
  9.166667	0.00239280728	0.0154942209	0.0154942209	0.333333343	0.333333343	None
  9.200001	0.00313867279	0.0282746553	0.0282746553	0.333333343	0.333333343	None
  9.233334	0.004277777	0.0216231737	0.0216231737	0.333333343	0.333333343	None
  9.266667	0.00458020438	0.0105942693	0.0105942693	0.333333343	0.333333343	None
  9.3	0.00498405937	0.0234750211	0.0234750211	0.333333343	0.333333343	None
  9.366667	0.007633795	0.04295425	0.04295425	0.333333343	0.333333343	None
  9.400001	0.009008828	0.0376863927	0.0376863927	0.333333343	0.333333343	None
  9.466667	0.0112913521	0.03536536	0.03536536	0.333333343	0.333333343	None
  9.500001	0.0125039443	0.0340160653	0.0340160653	0.333333343	0.333333343	None
  9.533334	0.01355909	0.03407161	0.03407161	0.333333343	0.333333343	None
  9.6	0.0156550761	0.0206431784	0.0206431784	0.333333343	0.333333343	None
  9.666667	0.0165979769	0.0118671879	0.0118671879	0.333333343	0.333333343	None
  9.733334	0.01711956	0.00357490988	0.00357490988	0.333333343	0.333333343	None
  9.766667	0.01718106	0.007651315	0.007651315	0.333333343	0.333333343	None
  9.8	0.017629642	0.0153291477	0.0153291477	0.333333343	0.333333343	None
  9.833334	0.0182030033	0.00406475971	0.00406475971	0.333333343	0.333333343	None
  9.900001	0.0176377241	-0.003359126	-0.003359126	0.333333343	0.333333343	None
  9.933333	0.0176766925	-0.00465559354	-0.00465559354	0.333333343	0.333333343	None
  10.0333338	0.0170413516	0.01345208	0.01345208	0.333333343	0.333333343	None
  10.0666676	0.017799139	0.01586317	0.01586317	0.333333343	0.333333343	None
  10.166667	0.0180158317	-0.0009337862	-0.0009337862	0.333333343	0.333333343	None
  10.2000008	0.0180158317	0	0	0.333333343	0.333333343	None
FLOAT UnityEngine.Animator||Right Upper Leg Front-Back discrete=False keys=60 pre=ClampForever post=ClampForever
  0	0.5928842	-0.0321221352	-0.0321221352	0.333333343	0.333333343	None
  0.13333334	0.590064347	0.032598678	0.032598678	0.333333343	0.333333343	None
  0.166666672	0.5932725	-0.05143668	-0.05143668	0.333333343	0.333333343	None
  0.233333349	0.585803032	-0.0377538837	-0.0377538837	0.333333343	0.333333343	None
  0.900000036	0.5185385	-0.121729374	-0.121729374	0.333333343	0.333333343	None
  1.26666677	0.482870579	-0.0506615527	-0.0506615527	0.333333343	0.333333343	None
  1.4333334	0.45621	-0.436878622	-0.436878622	0.333333343	0.333333343	None
  1.4666667	0.4385634	-0.3897535	-0.3897535	0.333333343	0.333333343	None
  1.53333342	0.417924881	-0.499063015	-0.499063015	0.333333343	0.333333343	None
  1.60000014	0.3718196	-0.6829139	-0.6829139	0.333333343	0.333333343	None
  1.63333344	0.351427943	-0.6558763	-0.6558763	0.333333343	0.333333343	None
  1.73333347	0.2957419	-0.324034542	-0.324034542	0.333333343	0.333333343	None
  1.80000007	0.28959778	0.0666015446	0.0666015446	0.333333343	0.333333343	None
  1.83333337	0.2927701	0.2157708	0.2157708	0.333333343	0.333333343	None
  1.9000001	0.314308941	0.243915856	0.243915856	0.333333343	0.333333343	None
  2	0.328707963	0.210145712	0.210145712	0.333333343	0.333333343	None
  2.13333344	0.362284362	0.16288355	0.16288355	0.333333343	0.333333343	None
  2.266667	0.387729377	0.296588153	0.296588153	0.333333343	0.333333343	None
  2.4	0.423526168	0.16301766	0.16301766	0.333333343	0.333333343	None
  2.9	0.486739	-0.0243929271	-0.0243929271	0.333333343	0.333333343	None
  2.966667	0.483644724	0.0337161534	0.0337161534	0.333333343	0.333333343	None
  3.03333354	0.491305739	0.05111446	0.05111446	0.333333343	0.333333343	None
  3.16666675	0.499739677	0.0254228376	0.0254228376	0.333333343	0.333333343	None
  3.63333344	0.524610758	0.0362402536	0.0362402536	0.333333343	0.333333343	None
  3.9	0.5340758	0.0225760043	0.0225760043	0.333333343	0.333333343	None
  4.20000029	0.5469235	-0.05789375	-0.05789375	0.333333343	0.333333343	None
  4.533334	0.5995433	0.296979547	0.296979547	0.333333343	0.333333343	None
  4.666667	0.6165995	-0.0877262	-0.0877262	0.333333343	0.333333343	None
  5.00000048	0.5669168	-0.201319978	-0.201319978	0.333333343	0.333333343	None
  5.366667	0.518149137	-0.213814288	-0.213814288	0.333333343	0.333333343	None
  5.50000048	0.497897118	-0.04357208	-0.04357208	0.333333343	0.333333343	None
  5.63333368	0.484630942	-0.250326335	-0.250326335	0.333333343	0.333333343	None
  5.666667	0.4745789	-0.10994073	-0.10994073	0.333333343	0.333333343	None
  5.766667	0.4883768	0.130322844	0.130322844	0.333333343	0.333333343	None
  5.933334	0.518254	0.07134244	0.07134244	0.333333343	0.333333343	None
  5.966667	0.5192297	-0.292219818	-0.292219818	0.333333343	0.333333343	None
  6.033334	0.477899283	-0.6015154	-0.6015154	0.333333343	0.333333343	None
  6.166667	0.4277859	-0.343193	-0.343193	0.333333343	0.333333343	None
  6.20000029	0.414199442	-0.277051449	-0.277051449	0.333333343	0.333333343	None
  6.366667	0.4031225	-0.0792975947	-0.0792975947	0.333333343	0.333333343	None
  6.566667	0.3897214	0.07807471	0.07807471	0.333333343	0.333333343	None
  6.70000029	0.3999694	0.08041941	0.08041941	0.333333343	0.333333343	None
  6.83333349	0.429444	0.243015975	0.243015975	0.333333343	0.333333343	None
  7.033334	0.495185375	0.405937076	0.405937076	0.333333343	0.333333343	None
  7.36666727	0.566170037	0.07574144	0.07574144	0.333333343	0.333333343	None
  7.63333368	0.5647833	0.0138348471	0.0138348471	0.333333343	0.333333343	None
  7.90000057	0.5752397	0.0555146262	0.0555146262	0.333333343	0.333333343	None
  8.066668	0.5398632	-0.420683265	-0.420683265	0.333333343	0.333333343	None
  8.166667	0.47093305	-1.05361414	-1.05361414	0.333333343	0.333333343	None
  8.200001	0.429285467	-0.797062337	-0.797062337	0.333333343	0.333333343	None
  8.233334	0.417795181	-0.2891003	-0.2891003	0.333333343	0.333333343	None
  8.400001	0.395601183	0.08931632	0.08931632	0.333333343	0.333333343	None
  8.566668	0.43146944	0.2859312	0.2859312	0.333333343	0.333333343	None
  8.633334	0.4564851	0.4295779	0.4295779	0.333333343	0.333333343	None
  8.933333	0.52244705	0.159283936	0.159283936	0.333333343	0.333333343	None
  9.6	0.53961587	0.06520991	0.06520991	0.333333343	0.333333343	None
  9.766667	0.54503	-0.00613686442	-0.00613686442	0.333333343	0.333333343	None
  9.966667	0.5801164	0.104739763	0.104739763	0.333333343	0.333333343	None
  10.0666676	0.592442334	0.153503731	0.153503731	0.333333343	0.333333343	None
  10.2000008	0.5946323	0	0	0.333333343	0.333333343	None
FLOAT UnityEngine.Animator||Right Upper Leg In-Out discrete=False keys=174 pre=ClampForever post=ClampForever
  0	-0.0369935073	-0.007291361	-0.007291361	0.333333343	0.333333343	None
  0.100000009	-0.03928392	-0.05572971	-0.05572971	0.333333343	0.333333343	None
  0.13333334	-0.04145132	-0.05251559	-0.05251559	0.333333343	0.333333343	None
  0.233333349	-0.0455938131	-0.04239148	-0.04239148	0.333333343	0.333333343	None
  0.4666667	-0.05928901	-0.0535859764	-0.0535859764	0.333333343	0.333333343	None
  0.5	-0.0608975664	-0.0350107774	-0.0350107774	0.333333343	0.333333343	None
  0.533333361	-0.06162306	-0.04103642	-0.04103642	0.333333343	0.333333343	None
  0.6333334	-0.06848907	-0.0811454356	-0.0811454356	0.333333343	0.333333343	None
  0.733333349	-0.0772398561	-0.0756695941	-0.0756695941	0.333333343	0.333333343	None
  0.900000036	-0.08997897	-0.0804782361	-0.0804782361	0.333333343	0.333333343	None
  0.9333334	-0.09274242	-0.110481456	-0.110481456	0.333333343	0.333333343	None
  0.9666667	-0.0973444	-0.115410984	-0.115410984	0.333333343	0.333333343	None
  1.1	-0.108463809	-0.07443404	-0.07443404	0.333333343	0.333333343	None
  1.23333335	-0.118722714	-0.07058431	-0.07058431	0.333333343	0.333333343	None
  1.26666677	-0.1205593	-0.0207988881	-0.0207988881	0.333333343	0.333333343	None
  1.30000007	-0.120109312	-0.00583962165	-0.00583962165	0.333333343	0.333333343	None
  1.4000001	-0.119056672	0.102360457	0.102360457	0.333333343	0.333333343	None
  1.4333334	-0.114379242	0.231727779	0.231727779	0.333333343	0.333333343	None
  1.4666667	-0.103608169	0.247724846	0.247724846	0.333333343	0.333333343	None
  1.50000012	-0.09786425	0.202166811	0.202166811	0.333333343	0.333333343	None
  1.60000014	-0.07706663	0.08295999	0.08295999	0.333333343	0.333333343	None
  1.63333344	-0.07634251	0.07595207	0.07595207	0.333333343	0.333333343	None
  1.66666675	-0.07200316	0.113848813	0.113848813	0.333333343	0.333333343	None
  1.73333347	-0.06371607	0.191955552	0.191955552	0.333333343	0.333333343	None
  1.80000007	-0.04464528	0.3842859	0.3842859	0.333333343	0.333333343	None
  1.83333337	-0.030336516	0.377701968	0.377701968	0.333333343	0.333333343	None
  1.86666679	-0.0194651335	0.319590956	0.319590956	0.333333343	0.333333343	None
  1.9000001	-0.009030433	0.250716627	0.250716627	0.333333343	0.333333343	None
  1.9333334	-0.00275070849	0.143394	0.143394	0.333333343	0.333333343	None
  1.96666682	0.000529169	0.07615516	0.07615516	0.333333343	0.333333343	None
  2	0.00232630316	0.04318153	0.04318153	0.333333343	0.333333343	None
  2.03333354	0.00340793631	-0.003313657	-0.003313657	0.333333343	0.333333343	None
  2.06666684	0.00210540066	-0.09021728	-0.09021728	0.333333343	0.333333343	None
  2.10000014	-0.00260654325	-0.134488523	-0.134488523	0.333333343	0.333333343	None
  2.13333344	-0.006860492	-0.112610832	-0.112610832	0.333333343	0.333333343	None
  2.16666675	-0.0101139247	-0.081277214	-0.081277214	0.333333343	0.333333343	None
  2.2	-0.0122789675	-0.0538940541	-0.0538940541	0.333333343	0.333333343	None
  2.23333335	-0.0137068583	-0.0211963467	-0.0211963467	0.333333343	0.333333343	None
  2.30000019	-0.0124231149	0.04990545	0.04990545	0.333333343	0.333333343	None
  2.33333349	-0.0103650289	0.04517171	0.04517171	0.333333343	0.333333343	None
  2.36666679	-0.00941167	0.04537671	0.04537671	0.333333343	0.333333343	None
  2.4	-0.00733991759	0.069312565	0.069312565	0.333333343	0.333333343	None
  2.4333334	-0.004790837	0.0813258439	0.0813258439	0.333333343	0.333333343	None
  2.4666667	-0.0019182	0.06459585	0.06459585	0.333333343	0.333333343	None
  2.50000024	-0.000484441058	0.06456913	0.06456913	0.333333343	0.333333343	None
  2.53333354	0.00238641468	0.0545578972	0.0545578972	0.333333343	0.333333343	None
  2.56666684	0.00315274834	0.015715763	0.015715763	0.333333343	0.333333343	None
  2.60000014	0.00343413115	0.00691255555	0.00691255555	0.333333343	0.333333343	None
  2.63333344	0.003613585	-0.001093382	-0.001093382	0.333333343	0.333333343	None
  2.66666675	0.003361239	0.0001828128	0.0001828128	0.333333343	0.333333343	None
  2.7	0.00362577243	0.00731347641	0.00731347641	0.333333343	0.333333343	None
  2.73333359	0.00384880533	0.00489455136	0.00489455136	0.333333343	0.333333343	None
  2.766667	0.003952077	-0.00496039726	-0.00496039726	0.333333343	0.333333343	None
  2.80000019	0.00351811247	-0.0107398788	-0.0107398788	0.333333343	0.333333343	None
  2.83333349	0.00323608587	-0.0137180034	-0.0137180034	0.333333343	0.333333343	None
  2.86666679	0.00260357978	-0.030516129	-0.030516129	0.333333343	0.333333343	None
  2.9	0.00120167912	-0.0336075239	-0.0336075239	0.333333343	0.333333343	None
  2.9333334	0.000363080355	-0.0342726149	-0.0342726149	0.333333343	0.333333343	None
  2.966667	-0.00108317006	-0.0267652646	-0.0267652646	0.333333343	0.333333343	None
  3.00000024	-0.00142127927	-0.0186177343	-0.0186177343	0.333333343	0.333333343	None
  3.03333354	-0.002324351	-0.0218687057	-0.0218687057	0.333333343	0.333333343	None
  3.06666684	-0.00287919166	-0.0243420266	-0.0243420266	0.333333343	0.333333343	None
  3.10000014	-0.00394715136	-0.0286736116	-0.0286736116	0.333333343	0.333333343	None
  3.13333344	-0.004790764	-0.0186211281	-0.0186211281	0.333333343	0.333333343	None
  3.20000029	-0.005503095	-0.01505691	-0.01505691	0.333333343	0.333333343	None
  3.23333359	-0.006192354	-0.0189920478	-0.0189920478	0.333333343	0.333333343	None
  3.266667	-0.00676923059	-0.014630137	-0.014630137	0.333333343	0.333333343	None
  3.33333349	-0.007816593	-0.0274697356	-0.0274697356	0.333333343	0.333333343	None
  3.4	-0.0107539911	-0.0580901951	-0.0580901951	0.333333343	0.333333343	None
  3.4333334	-0.0128716854	-0.038872	-0.038872	0.333333343	0.333333343	None
  3.466667	-0.0133454585	0.00351475412	0.00351475412	0.333333343	0.333333343	None
  3.50000024	-0.0126373721	-0.02263908	-0.02263908	0.333333343	0.333333343	None
  3.53333354	-0.0148547292	-0.044578284	-0.044578284	0.333333343	0.333333343	None
  3.60000014	-0.0155135058	0.0090534	0.0090534	0.333333343	0.333333343	None
  3.63333344	-0.0150056956	0.008852122	0.008852122	0.333333343	0.333333343	None
  3.73333359	-0.0150276041	-0.00316048344	-0.00316048344	0.333333343	0.333333343	None
  3.83333349	-0.0156574864	-0.00198429171	-0.00198429171	0.333333343	0.333333343	None
  3.86666679	-0.01564306	-0.00937122852	-0.00937122852	0.333333343	0.333333343	None
  4.033334	-0.0163450018	0.0571681857	0.0571681857	0.333333343	0.333333343	None
  4.066667	-0.0137091409	0.06328957	0.06328957	0.333333343	0.333333343	None
  4.10000038	-0.0121257016	0.06067868	0.06067868	0.333333343	0.333333343	None
  4.13333368	-0.009663899	0.08003317	0.08003317	0.333333343	0.333333343	None
  4.166667	-0.006790162	0.110520042	0.110520042	0.333333343	0.333333343	None
  4.20000029	-0.00229590386	0.1398036	0.1398036	0.333333343	0.333333343	None
  4.23333359	0.00253006932	0.131232828	0.131232828	0.333333343	0.333333343	None
  4.266667	0.00645294366	0.11805439	0.11805439	0.333333343	0.333333343	None
  4.3	0.0104003549	0.108062685	0.108062685	0.333333343	0.333333343	None
  4.33333349	0.0136571154	0.09681778	0.09681778	0.333333343	0.333333343	None
  4.366667	0.0168548673	0.133941174	0.133941174	0.333333343	0.333333343	None
  4.4	0.0225865189	0.188217133	0.188217133	0.333333343	0.333333343	None
  4.4666667	0.03756092	0.260416836	0.260416836	0.333333343	0.333333343	None
  4.5	0.04676377	0.280632436	0.280632436	0.333333343	0.333333343	None
  4.533334	0.05626987	0.3099389	0.3099389	0.333333343	0.333333343	None
  4.60000038	0.07736675	0.260961771	0.260961771	0.333333343	0.333333343	None
  4.70000029	0.09779341	0.200126618	0.200126618	0.333333343	0.333333343	None
  4.866667	0.126918092	0.102233835	0.102233835	0.333333343	0.333333343	None
  4.9333334	0.132398546	0.105063125	0.105063125	0.333333343	0.333333343	None
  5.10000038	0.147365168	0.0471778661	0.0471778661	0.333333343	0.333333343	None
  5.3	0.1494808	0.0007110096	0.0007110096	0.333333343	0.333333343	None
  5.4333334	0.1399429	-0.152272075	-0.152272075	0.333333343	0.333333343	None
  5.533334	0.128806219	-0.0336767323	-0.0336767323	0.333333343	0.333333343	None
  5.60000038	0.1288143	-0.008830512	-0.008830512	0.333333343	0.333333343	None
  5.63333368	0.128258273	0.019427482	0.019427482	0.333333343	0.333333343	None
  5.73333359	0.130407363	-0.06355813	-0.06355813	0.333333343	0.333333343	None
  5.8	0.1231421	-0.130554184	-0.130554184	0.333333343	0.333333343	None
  5.866667	0.109369434	-0.3230924	-0.3230924	0.333333343	0.333333343	None
  5.966667	0.06497942	-0.526728034	-0.526728034	0.333333343	0.333333343	None
  6.00000048	0.04648566	-0.4993808	-0.4993808	0.333333343	0.333333343	None
  6.066667	0.0217453744	-0.225819319	-0.225819319	0.333333343	0.333333343	None
  6.10000038	0.0166327916	-0.122241542	-0.122241542	0.333333343	0.333333343	None
  6.166667	0.0137920668	0.07091698	0.07091698	0.333333343	0.333333343	None
  6.20000029	0.01832374	0.09441976	0.09441976	0.333333343	0.333333343	None
  6.23333359	0.0200867113	0.044686567	0.044686567	0.333333343	0.333333343	None
  6.266667	0.0213028416	-0.0224633552	-0.0224633552	0.333333343	0.333333343	None
  6.3	0.0185891557	-0.08951307	-0.08951307	0.333333343	0.333333343	None
  6.33333349	0.0153353093	-0.08777493	-0.08777493	0.333333343	0.333333343	None
  6.366667	0.0127375	-0.064704746	-0.064704746	0.333333343	0.333333343	None
  6.40000057	0.0110216392	-0.05286956	-0.05286956	0.333333343	0.333333343	None
  6.433334	0.009212841	-0.04498034	-0.04498034	0.333333343	0.333333343	None
  6.466667	0.008022953	-0.00364205241	-0.00364205241	0.333333343	0.333333343	None
  6.50000048	0.008970038	0.0385519043	0.0385519043	0.333333343	0.333333343	None
  6.533334	0.0105930772	0.05556404	0.05556404	0.333333343	0.333333343	None
  6.566667	0.0126743037	0.0752863139	0.0752863139	0.333333343	0.333333343	None
  6.60000038	0.01561216	0.08290239	0.08290239	0.333333343	0.333333343	None
  6.666667	0.02025031	0.05126159	0.05126159	0.333333343	0.333333343	None
  6.73333359	0.0230408832	0.0620483831	0.0620483831	0.333333343	0.333333343	None
  6.766667	0.0257551149	0.0871374756	0.0871374756	0.333333343	0.333333343	None
  6.83333349	0.0325539634	0.118750975	0.118750975	0.333333343	0.333333343	None
  6.866667	0.0367667675	0.115249023	0.115249023	0.333333343	0.333333343	None
  6.966667	0.0480156764	0.135659009	0.135659009	0.333333343	0.333333343	None
  7.166667	0.07672239	0.0790664554	0.0790664554	0.333333343	0.333333343	None
  7.33333349	0.07701235	-0.036473088	-0.036473088	0.333333343	0.333333343	None
  7.433334	0.0720326453	-0.06348348	-0.06348348	0.333333343	0.333333343	None
  7.466667	0.06955717	-0.06187348	-0.06187348	0.333333343	0.333333343	None
  7.50000048	0.06790775	-0.0608888865	-0.0608888865	0.333333343	0.333333343	None
  7.60000038	0.0617278628	-0.0517481863	-0.0517481863	0.333333343	0.333333343	None
  7.86666727	0.0540605262	-0.0333237946	-0.0333237946	0.333333343	0.333333343	None
  7.933334	0.0507092141	-0.1037242	-0.1037242	0.333333343	0.333333343	None
  8	0.03939668	-0.207269773	-0.207269773	0.333333343	0.333333343	None
  8.033334	0.03217833	-0.173854262	-0.173854262	0.333333343	0.333333343	None
  8.066668	0.0278062411	-0.102815434	-0.102815434	0.333333343	0.333333343	None
  8.1	0.0253239479	-0.0371976681	-0.0371976681	0.333333343	0.333333343	None
  8.133334	0.0253264345	0.0266613122	0.0266613122	0.333333343	0.333333343	None
  8.166667	0.0271013416	0.03870913	0.03870913	0.333333343	0.333333343	None
  8.200001	0.0279070269	0.005740703	0.005740703	0.333333343	0.333333343	None
  8.266667	0.027498493	0.017010767	0.017010767	0.333333343	0.333333343	None
  8.366667	0.0334464833	0.08645517	0.08645517	0.333333343	0.333333343	None
  8.433333	0.03890492	0.06389555	0.06389555	0.333333343	0.333333343	None
  8.533334	0.0440251827	0.05541314	0.05541314	0.333333343	0.333333343	None
  8.633334	0.0499164462	0.07357134	0.07357134	0.333333343	0.333333343	None
  8.700001	0.0545556322	0.0526316278	0.0526316278	0.333333343	0.333333343	None
  8.966667	0.0574171133	-0.0506696664	-0.0506696664	0.333333343	0.333333343	None
  9.066668	0.0503522679	-0.09998583	-0.09998583	0.333333343	0.333333343	None
  9.133334	0.0423396528	-0.123495236	-0.123495236	0.333333343	0.333333343	None
  9.166667	0.0382082276	-0.137544513	-0.137544513	0.333333343	0.333333343	None
  9.233334	0.028002454	-0.160517335	-0.160517335	0.333333343	0.333333343	None
  9.3	0.0166912619	-0.170431435	-0.170431435	0.333333343	0.333333343	None
  9.333334	0.0111067807	-0.1750341	-0.1750341	0.333333343	0.333333343	None
  9.366667	0.00502234045	-0.171588868	-0.171588868	0.333333343	0.333333343	None
  9.400001	-0.000332455267	-0.1538162	-0.1538162	0.333333343	0.333333343	None
  9.433333	-0.00523206964	-0.134997234	-0.134997234	0.333333343	0.333333343	None
  9.466667	-0.009332251	-0.11875917	-0.11875917	0.333333343	0.333333343	None
  9.733334	-0.0273836032	-0.0050176	-0.0050176	0.333333343	0.333333343	None
  9.8	-0.0269489419	0.00298074726	0.00298074726	0.333333343	0.333333343	None
  9.833334	-0.0270447358	0.00338833733	0.00338833733	0.333333343	0.333333343	None
  9.866667	-0.0267230589	0.000443395227	0.000443395227	0.333333343	0.333333343	None
  9.900001	-0.027015185	-0.0100236107	-0.0100236107	0.333333343	0.333333343	None
  9.933333	-0.0273912977	-0.0254827626	-0.0254827626	0.333333343	0.333333343	None
  9.966667	-0.0287140477	-0.033788763	-0.033788763	0.333333343	0.333333343	None
  10.0333338	-0.0305921026	-0.0496331267	-0.0496331267	0.333333343	0.333333343	None
  10.0666676	-0.0329528041	-0.05969134	-0.05969134	0.333333343	0.333333343	None
  10.1333342	-0.0356804579	-0.035518717	-0.035518717	0.333333343	0.333333343	None
  10.166667	-0.0369394422	-0.0188850518	-0.0188850518	0.333333343	0.333333343	None
  10.2000008	-0.0369394422	0	0	0.333333343	0.333333343	None
FLOAT UnityEngine.Animator||Right Upper Leg Twist In-Out discrete=False keys=218 pre=ClampForever post=ClampForever
  0	-0.006792655	0.0269565489	0.0269565489	0.333333343	0.333333343	None
  0.0333333351	-0.00589410355	0.02295558	0.02295558	0.333333343	0.333333343	None
  0.06666667	-0.005262283	-0.04961272	-0.04961272	0.333333343	0.333333343	None
  0.100000009	-0.009201619	0.09489434	0.09489434	0.333333343	0.333333343	None
  0.13333334	0.00106400577	0.0512147173	0.0512147173	0.333333343	0.333333343	None
  0.166666672	-0.00578730367	-0.207458764	-0.207458764	0.333333343	0.333333343	None
  0.200000018	-0.012766581	-0.132257313	-0.132257313	0.333333343	0.333333343	None
  0.233333349	-0.01460446	0.01248497	0.01248497	0.333333343	0.333333343	None
  0.266666681	-0.01193425	0.0712927	0.0712927	0.333333343	0.333333343	None
  0.3	-0.009851614	0.03436107	0.03436107	0.333333343	0.333333343	None
  0.333333343	-0.009643512	0.007894315	0.007894315	0.333333343	0.333333343	None
  0.366666675	-0.009325326	0.0107264845	0.0107264845	0.333333343	0.333333343	None
  0.400000036	-0.008928413	0.02976424	0.02976424	0.333333343	0.333333343	None
  0.433333367	-0.00734104356	0.0581117049	0.0581117049	0.333333343	0.333333343	None
  0.4666667	-0.00505429925	0.0654009953	0.0654009953	0.333333343	0.333333343	None
  0.5	-0.00298097916	0.141599461	0.141599461	0.333333343	0.333333343	None
  0.533333361	0.00438566925	0.146546513	0.146546513	0.333333343	0.333333343	None
  0.5666667	0.00678879628	0.0574276969	0.0574276969	0.333333343	0.333333343	None
  0.6	0.008214183	0.0395658351	0.0395658351	0.333333343	0.333333343	None
  0.6333334	0.009426518	0.03360618	0.03360618	0.333333343	0.333333343	None
  0.6666667	0.0104545951	0.0223815627	0.0223815627	0.333333343	0.333333343	None
  0.700000048	0.0109186219	0.0225957222	0.0225957222	0.333333343	0.333333343	None
  0.733333349	0.0119609758	0.023452282	0.023452282	0.333333343	0.333333343	None
  0.7666667	0.0124821067	0.0127326027	0.0127326027	0.333333343	0.333333343	None
  0.8000001	0.0128098167	0.024950413	0.024950413	0.333333343	0.333333343	None
  0.8333334	0.0141454665	0.02705494	0.02705494	0.333333343	0.333333343	None
  0.866666734	0.0146134784	0.0196216777	0.0196216777	0.333333343	0.333333343	None
  0.900000036	0.015453578	0.0227224343	0.0227224343	0.333333343	0.333333343	None
  0.9333334	0.0161283072	0.0191108659	0.0191108659	0.333333343	0.333333343	None
  0.9666667	0.0167276356	0.0376013927	0.0376013927	0.333333343	0.333333343	None
  1	0.0186350644	0.009192931	0.009192931	0.333333343	0.333333343	None
  1.03333342	0.0173404925	-0.0309948977	-0.0309948977	0.333333343	0.333333343	None
  1.06666672	0.0165687352	-0.00226923451	-0.00226923451	0.333333343	0.333333343	None
  1.1	0.01718921	0.0298027061	0.0298027061	0.333333343	0.333333343	None
  1.13333344	0.0185555853	0.05788792	0.05788792	0.333333343	0.333333343	None
  1.16666675	0.0210484061	0.0179788359	0.0179788359	0.333333343	0.333333343	None
  1.2	0.0197541732	-0.166693538	-0.166693538	0.333333343	0.333333343	None
  1.23333335	0.009935514	-0.203394875	-0.203394875	0.333333343	0.333333343	None
  1.26666677	0.00619451376	0.08328089	0.08328089	0.333333343	0.333333343	None
  1.30000007	0.0154875545	0.1725126	0.1725126	0.333333343	0.333333343	None
  1.33333337	0.0176953431	0.0100951865	0.0100951865	0.333333343	0.333333343	None
  1.36666679	0.01616056	-0.0487391651	-0.0487391651	0.333333343	0.333333343	None
  1.4000001	0.014446063	-0.126952559	-0.126952559	0.333333343	0.333333343	None
  1.4333334	0.00769706536	-0.2722711	-0.2722711	0.333333343	0.333333343	None
  1.4666667	-0.00370532623	-0.5216981	-0.5216981	0.333333343	0.333333343	None
  1.50000012	-0.0270828586	-0.692284465	-0.692284465	0.333333343	0.333333343	None
  1.53333342	-0.0498576649	-0.682371736	-0.682371736	0.333333343	0.333333343	None
  1.56666672	-0.0725742653	-0.736528337	-0.736528337	0.333333343	0.333333343	None
  1.60000014	-0.0989596	-0.810228646	-0.810228646	0.333333343	0.333333343	None
  1.63333344	-0.126589552	-0.6912865	-0.6912865	0.333333343	0.333333343	None
  1.66666675	-0.145045325	-0.6715755	-0.6715755	0.333333343	0.333333343	None
  1.73333347	-0.1970659	-0.6816145	-0.6816145	0.333333343	0.333333343	None
  1.80000007	-0.2304281	-0.2616656	-0.2616656	0.333333343	0.333333343	None
  1.9333334	-0.219905272	0.223643035	0.223643035	0.333333343	0.333333343	None
  2	-0.199592322	0.4320352	0.4320352	0.333333343	0.333333343	None
  2.06666684	-0.1676267	0.361704051	0.361704051	0.333333343	0.333333343	None
  2.10000014	-0.159051865	0.2828855	0.2828855	0.333333343	0.333333343	None
  2.23333335	-0.109141	0.3619992	0.3619992	0.333333343	0.333333343	None
  2.30000019	-0.08770123	0.255208284	0.255208284	0.333333343	0.333333343	None
  2.36666679	-0.0738092959	0.186969489	0.186969489	0.333333343	0.333333343	None
  2.4333334	-0.0629491359	0.124112695	0.124112695	0.333333343	0.333333343	None
  2.4666667	-0.0598412566	0.125785545	0.125785545	0.333333343	0.333333343	None
  2.50000024	-0.0545634031	0.09065081	0.09065081	0.333333343	0.333333343	None
  2.53333354	-0.0537978373	0.0520212129	0.0520212129	0.333333343	0.333333343	None
  2.60000014	-0.04814191	0.06004164	0.06004164	0.333333343	0.333333343	None
  2.63333344	-0.0470925532	0.0288788676	0.0288788676	0.333333343	0.333333343	None
  2.7	-0.0467668921	-0.0398994	-0.0398994	0.333333343	0.333333343	None
  2.73333359	-0.04887663	-0.04634716	-0.04634716	0.333333343	0.333333343	None
  2.766667	-0.0498567149	-0.03856713	-0.03856713	0.333333343	0.333333343	None
  2.83333349	-0.0525769442	-0.02855667	-0.02855667	0.333333343	0.333333343	None
  2.86666679	-0.0533515438	-0.0366848335	-0.0366848335	0.333333343	0.333333343	None
  2.9	-0.0550225973	-0.0130406339	-0.0130406339	0.333333343	0.333333343	None
  2.9333334	-0.05422092	-0.0325809531	-0.0325809531	0.333333343	0.333333343	None
  2.966667	-0.05719468	0.0145406425	0.0145406425	0.333333343	0.333333343	None
  3.00000024	-0.0532515645	0.0691809952	0.0691809952	0.333333343	0.333333343	None
  3.03333354	-0.0525826178	0.0244713239	0.0244713239	0.333333343	0.333333343	None
  3.10000014	-0.0504045859	0.022110587	0.022110587	0.333333343	0.333333343	None
  3.16666675	-0.0470825471	0.179632515	0.179632515	0.333333343	0.333333343	None
  3.20000029	-0.0381705537	0.1550282	0.1550282	0.333333343	0.333333343	None
  3.23333359	-0.03674728	0.0171970557	0.0171970557	0.333333343	0.333333343	None
  3.266667	-0.0370240845	-0.0585619	-0.0585619	0.333333343	0.333333343	None
  3.30000019	-0.0406514034	-0.0134223476	-0.0134223476	0.333333343	0.333333343	None
  3.33333349	-0.0379189067	0.05846148	0.05846148	0.333333343	0.333333343	None
  3.4333334	-0.0352957956	0.0433083475	0.0433083475	0.333333343	0.333333343	None
  3.50000024	-0.03205343	0.003284257	0.003284257	0.333333343	0.333333343	None
  3.53333354	-0.0331485234	-0.0133028748	-0.0133028748	0.333333343	0.333333343	None
  3.60000014	-0.03218775	0.0219526738	0.0219526738	0.333333343	0.333333343	None
  3.63333344	-0.031476777	-0.00157987885	-0.00157987885	0.333333343	0.333333343	None
  3.66666675	-0.0322930738	-0.0126053309	-0.0126053309	0.333333343	0.333333343	None
  3.70000029	-0.03231713	-0.00107981113	-0.00107981113	0.333333343	0.333333343	None
  3.766667	-0.0318485349	0.03309028	0.03309028	0.333333343	0.333333343	None
  3.80000019	-0.030159045	0.03690265	0.03690265	0.333333343	0.333333343	None
  3.83333349	-0.02938836	0.0250106733	0.0250106733	0.333333343	0.333333343	None
  3.86666679	-0.0284916684	0.02133364	0.02133364	0.333333343	0.333333343	None
  3.9	-0.02796612	0.04536814	0.04536814	0.333333343	0.333333343	None
  3.93333364	-0.02546711	0.09057374	0.09057374	0.333333343	0.333333343	None
  3.966667	-0.0219278578	0.04476678	0.04476678	0.333333343	0.333333343	None
  4	-0.0224826578	-0.01346276	-0.01346276	0.333333343	0.333333343	None
  4.033334	-0.0228253752	0.00242048968	0.00242048968	0.333333343	0.333333343	None
  4.066667	-0.0223212969	0.012016084	0.012016084	0.333333343	0.333333343	None
  4.10000038	-0.0220243037	0.0133067872	0.0133067872	0.333333343	0.333333343	None
  4.13333368	-0.0214341786	-0.05481834	-0.05481834	0.333333343	0.333333343	None
  4.166667	-0.0256788563	-0.0998457447	-0.0998457447	0.333333343	0.333333343	None
  4.20000029	-0.0280905552	-0.0757175758	-0.0757175758	0.333333343	0.333333343	None
  4.23333359	-0.03072669	-0.06727724	-0.06727724	0.333333343	0.333333343	None
  4.266667	-0.0325757	-0.05334924	-0.05334924	0.333333343	0.333333343	None
  4.3	-0.0342833027	-0.129996285	-0.129996285	0.333333343	0.333333343	None
  4.33333349	-0.04124211	-0.206879318	-0.206879318	0.333333343	0.333333343	None
  4.4	-0.0541133471	-0.171192437	-0.171192437	0.333333343	0.333333343	None
  4.4333334	-0.05948806	-0.19679448	-0.19679448	0.333333343	0.333333343	None
  4.4666667	-0.06723297	-0.188070029	-0.188070029	0.333333343	0.333333343	None
  4.5	-0.07202605	-0.191520378	-0.191520378	0.333333343	0.333333343	None
  4.533334	-0.08000109	-0.27205056	-0.27205056	0.333333343	0.333333343	None
  4.566667	-0.09016285	-0.255717367	-0.255717367	0.333333343	0.333333343	None
  4.63333368	-0.103287727	-0.161736354	-0.161736354	0.333333343	0.333333343	None
  4.73333359	-0.11300578	-0.1120676	-0.1120676	0.333333343	0.333333343	None
  4.83333349	-0.12730144	-0.07702932	-0.07702932	0.333333343	0.333333343	None
  4.9	-0.130005553	-0.0502966046	-0.0502966046	0.333333343	0.333333343	None
  5.033334	-0.137631789	-0.0433543772	-0.0433543772	0.333333343	0.333333343	None
  5.166667	-0.137279555	-0.024126716	-0.024126716	0.333333343	0.333333343	None
  5.3	-0.142160028	0.0005811458	0.0005811458	0.333333343	0.333333343	None
  5.4	-0.138115421	0.101087637	0.101087637	0.333333343	0.333333343	None
  5.466667	-0.131004736	0.035704203	0.035704203	0.333333343	0.333333343	None
  5.566667	-0.140229538	-0.0610571951	-0.0610571951	0.333333343	0.333333343	None
  5.63333368	-0.139825359	0.04935515	0.04935515	0.333333343	0.333333343	None
  5.666667	-0.1371173	0.00404253975	0.00404253975	0.333333343	0.333333343	None
  5.70000029	-0.139555857	-0.0394282863	-0.0394282863	0.333333343	0.333333343	None
  5.866667	-0.130597949	0.146523416	0.146523416	0.333333343	0.333333343	None
  5.933334	-0.119661383	0.259754121	0.259754121	0.333333343	0.333333343	None
  5.966667	-0.108324736	0.537102342	0.537102342	0.333333343	0.333333343	None
  6.00000048	-0.08385459	0.654696	0.654696	0.333333343	0.333333343	None
  6.10000038	-0.04306421	0.1551323	0.1551323	0.333333343	0.333333343	None
  6.20000029	-0.0439234525	-0.001088921	-0.001088921	0.333333343	0.333333343	None
  6.23333359	-0.04263586	0.09351441	0.09351441	0.333333343	0.333333343	None
  6.3	-0.0314989537	0.155922711	0.155922711	0.333333343	0.333333343	None
  6.33333349	-0.0272943266	0.107491583	0.107491583	0.333333343	0.333333343	None
  6.366667	-0.0243328549	0.100685313	0.100685313	0.333333343	0.333333343	None
  6.40000057	-0.0205819253	0.0913252	0.0913252	0.333333343	0.333333343	None
  6.433334	-0.01824446	-0.006268248	-0.006268248	0.333333343	0.333333343	None
  6.466667	-0.0209998079	-0.101452559	-0.101452559	0.333333343	0.333333343	None
  6.50000048	-0.0250079576	-0.117670834	-0.117670834	0.333333343	0.333333343	None
  6.533334	-0.0288445223	-0.1328279	-0.1328279	0.333333343	0.333333343	None
  6.60000038	-0.0396389	-0.191607922	-0.191607922	0.333333343	0.333333343	None
  6.63333368	-0.04663699	-0.0192875564	-0.0192875564	0.333333343	0.333333343	None
  6.666667	-0.0409247354	0.0512307435	0.0512307435	0.333333343	0.333333343	None
  6.73333359	-0.049541764	-0.213368982	-0.213368982	0.333333343	0.333333343	None
  6.766667	-0.0574461967	-0.278806835	-0.278806835	0.333333343	0.333333343	None
  6.866667	-0.0899919644	-0.23195377	-0.23195377	0.333333343	0.333333343	None
  6.90000057	-0.09557868	-0.203693882	-0.203693882	0.333333343	0.333333343	None
  6.933334	-0.103571624	-0.22422953	-0.22422953	0.333333343	0.333333343	None
  7.00000048	-0.117259674	-0.2015501	-0.2015501	0.333333343	0.333333343	None
  7.066667	-0.126501039	-0.0212687086	-0.0212687086	0.333333343	0.333333343	None
  7.13333368	-0.122129045	0.09762904	0.09762904	0.333333343	0.333333343	None
  7.266667	-0.103666581	0.163748354	0.163748354	0.333333343	0.333333343	None
  7.40000057	-0.08516876	0.1273304	0.1273304	0.333333343	0.333333343	None
  7.50000048	-0.06958588	0.152661979	0.152661979	0.333333343	0.333333343	None
  7.533334	-0.06474042	0.159001619	0.159001619	0.333333343	0.333333343	None
  7.566667	-0.0589857846	0.137905627	0.137905627	0.333333343	0.333333343	None
  7.60000038	-0.05554672	0.102546535	0.102546535	0.333333343	0.333333343	None
  7.666667	-0.04935159	0.08185372	0.08185372	0.333333343	0.333333343	None
  7.70000029	-0.0466924459	0.106391773	0.106391773	0.333333343	0.333333343	None
  7.73333359	-0.042258814	0.104003541	0.104003541	0.333333343	0.333333343	None
  7.766667	-0.0397588834	0.06689106	0.06689106	0.333333343	0.333333343	None
  7.86666727	-0.0362397581	0.0173620116	0.0173620116	0.333333343	0.333333343	None
  7.933334	-0.0331014581	0.117465556	0.117465556	0.333333343	0.333333343	None
  7.966667	-0.0278151445	0.151690885	0.151690885	0.333333343	0.333333343	None
  8	-0.0229888111	0.1426097	0.1426097	0.333333343	0.333333343	None
  8.033334	-0.0183078423	0.04893069	0.04893069	0.333333343	0.333333343	None
  8.066668	-0.0197267216	-0.09767992	-0.09767992	0.333333343	0.333333343	None
  8.1	-0.0248197783	-0.113406032	-0.113406032	0.333333343	0.333333343	None
  8.166667	-0.0276377518	-0.00240469072	-0.00240469072	0.333333343	0.333333343	None
  8.200001	-0.0274473839	-0.09210494	-0.09210494	0.333333343	0.333333343	None
  8.233334	-0.033777982	-0.2355714	-0.2355714	0.333333343	0.333333343	None
  8.3	-0.0532040559	-0.263635725	-0.263635725	0.333333343	0.333333343	None
  8.333334	-0.0607278347	-0.204170257	-0.204170257	0.333333343	0.333333343	None
  8.366667	-0.06681541	-0.135498852	-0.135498852	0.333333343	0.333333343	None
  8.400001	-0.06976104	-0.0987554938	-0.0987554938	0.333333343	0.333333343	None
  8.5	-0.0803367943	-0.05138158	-0.05138158	0.333333343	0.333333343	None
  8.566668	-0.08202388	-0.05061539	-0.05061539	0.333333343	0.333333343	None
  8.633334	-0.08836885	-0.076244466	-0.076244466	0.333333343	0.333333343	None
  8.766667	-0.08344611	0.138379931	0.138379931	0.333333343	0.333333343	None
  8.866667	-0.06720388	0.13447468	0.13447468	0.333333343	0.333333343	None
  8.900001	-0.0637476742	0.114411116	0.114411116	0.333333343	0.333333343	None
  9	-0.0520824678	0.08639255	0.08639255	0.333333343	0.333333343	None
  9.033334	-0.04978404	0.08140938	0.08140938	0.333333343	0.333333343	None
  9.066668	-0.0466551036	0.103423029	0.103423029	0.333333343	0.333333343	None
  9.1	-0.0428891852	0.164192632	0.164192632	0.333333343	0.333333343	None
  9.133334	-0.03570889	0.162581563	0.162581563	0.333333343	0.333333343	None
  9.166667	-0.0320503749	0.144386679	0.144386679	0.333333343	0.333333343	None
  9.200001	-0.0260830875	0.190509468	0.190509468	0.333333343	0.333333343	None
  9.233334	-0.0193497669	0.232302919	0.232302919	0.333333343	0.333333343	None
  9.266667	-0.010596212	0.204373822	0.204373822	0.333333343	0.333333343	None
  9.3	-0.00572480261	0.162559792	0.162559792	0.333333343	0.333333343	None
  9.333334	0.000241112924	0.157065928	0.157065928	0.333333343	0.333333343	None
  9.366667	0.00474627	0.122927338	0.122927338	0.333333343	0.333333343	None
  9.400001	0.00843625	0.09028005	0.09028005	0.333333343	0.333333343	None
  9.433333	0.0107649537	0.07262935	0.07262935	0.333333343	0.333333343	None
  9.500001	0.0150909116	0.0359835736	0.0359835736	0.333333343	0.333333343	None
  9.533334	0.0156771243	0.0125402911	0.0125402911	0.333333343	0.333333343	None
  9.6	0.0150964037	-0.04887116	-0.04887116	0.333333343	0.333333343	None
  9.633334	0.0126688285	-0.0559568666	-0.0559568666	0.333333343	0.333333343	None
  9.666667	0.0113659333	-0.04661237	-0.04661237	0.333333343	0.333333343	None
  9.700001	0.009561333	-0.0600128621	-0.0600128621	0.333333343	0.333333343	None
  9.733334	0.007365085	-0.048654817	-0.048654817	0.333333343	0.333333343	None
  9.766667	0.006317698	-0.032439772	-0.032439772	0.333333343	0.333333343	None
  9.8	0.005202437	-0.0583833046	-0.0583833046	0.333333343	0.333333343	None
  9.833334	0.00242545758	-0.11170391	-0.11170391	0.333333343	0.333333343	None
  9.866667	-0.00224445621	-0.120530069	-0.120530069	0.333333343	0.333333343	None
  9.900001	-0.00560985366	-0.09731963	-0.09731963	0.333333343	0.333333343	None
  9.933333	-0.008732429	-0.06004678	-0.06004678	0.333333343	0.333333343	None
  9.966667	-0.00961293653	-0.0263920389	-0.0263920389	0.333333343	0.333333343	None
  10.000001	-0.0104919216	-0.0181487314	-0.0181487314	0.333333343	0.333333343	None
  10.0333338	-0.0108228587	-0.00341105624	-0.00341105624	0.333333343	0.333333343	None
  10.0666676	-0.0107193189	0.0148017984	0.0148017984	0.333333343	0.333333343	None
  10.1	-0.009836084	0.0365668647	0.0365668647	0.333333343	0.333333343	None
  10.1333342	-0.008281521	0.0436588973	0.0436588973	0.333333343	0.333333343	None
  10.166667	-0.006925491	0.0203407519	0.0203407519	0.333333343	0.333333343	None
  10.2000008	-0.006925491	0	0	0.333333343	0.333333343	None
FLOAT UnityEngine.Animator||RightFootQ.w discrete=False keys=42 pre=ClampForever post=ClampForever
  0	-0.4367305	-0.005295574	-0.005295574	0.333333343	0.333333343	None
  0.6	-0.437512845	0.00365226949	0.00365226949	0.333333343	0.333333343	None
  1.2	-0.438313633	-0.00778914243	-0.00778914243	0.333333343	0.333333343	None
  1.4000001	-0.444503665	-0.204981774	-0.204981774	0.333333343	0.333333343	None
  1.50000012	-0.5019537	-0.9339262	-0.9339262	0.333333343	0.333333343	None
  1.66666675	-0.6573194	-0.556617	-0.556617	0.333333343	0.333333343	None
  1.80000007	-0.6948506	-0.156870931	-0.156870931	0.333333343	0.333333343	None
  2.10000014	-0.677185	0.3343904	0.3343904	0.333333343	0.333333343	None
  2.4333334	-0.499069721	0.4625398	0.4625398	0.333333343	0.333333343	None
  2.7	-0.431660116	0.07335558	0.07335558	0.333333343	0.333333343	None
  3.13333344	-0.433214366	-0.0184107	-0.0184107	0.333333343	0.333333343	None
  3.466667	-0.445547551	-0.08664414	-0.08664414	0.333333343	0.333333343	None
  3.70000029	-0.465854019	-0.0563374422	-0.0563374422	0.333333343	0.333333343	None
  3.93333364	-0.464308023	0.0684265047	0.0684265047	0.333333343	0.333333343	None
  4.13333368	-0.448422074	0.126325458	0.126325458	0.333333343	0.333333343	None
  4.5	-0.477865517	-0.344294131	-0.344294131	0.333333343	0.333333343	None
  4.73333359	-0.5418717	-0.193936408	-0.193936408	0.333333343	0.333333343	None
  5.033334	-0.597922742	-0.183965743	-0.183965743	0.333333343	0.333333343	None
  5.33333349	-0.611017466	0.02517345	0.02517345	0.333333343	0.333333343	None
  5.533334	-0.5777014	0.41260013	0.41260013	0.333333343	0.333333343	None
  5.63333368	-0.559100151	-0.08040197	-0.08040197	0.333333343	0.333333343	None
  5.70000029	-0.5585681	0.188039124	0.188039124	0.333333343	0.333333343	None
  5.933334	-0.4855079	0.32548064	0.32548064	0.333333343	0.333333343	None
  5.966667	-0.473843575	0.206320181	0.206320181	0.333333343	0.333333343	None
  6.066667	-0.468616515	-0.00136837456	-0.00136837456	0.333333343	0.333333343	None
  6.23333359	-0.466701478	0.208382353	0.208382353	0.333333343	0.333333343	None
  6.366667	-0.438575685	0.109118477	0.109118477	0.333333343	0.333333343	None
  6.533334	-0.421181083	0.2580426	0.2580426	0.333333343	0.333333343	None
  6.73333359	-0.366478771	0.158421248	0.158421248	0.333333343	0.333333343	None
  6.90000057	-0.350583017	-0.0005783681	-0.0005783681	0.333333343	0.333333343	None
  7.13333368	-0.3885996	-0.1551646	-0.1551646	0.333333343	0.333333343	None
  7.433334	-0.403943032	-0.0315025747	-0.0315025747	0.333333343	0.333333343	None
  7.833334	-0.402832866	0.0138642779	0.0138642779	0.333333343	0.333333343	None
  7.966667	-0.386475265	0.222150773	0.222150773	0.333333343	0.333333343	None
  8.1	-0.372340471	0.04128037	0.04128037	0.333333343	0.333333343	None
  8.200001	-0.356419653	0.2549662	0.2549662	0.333333343	0.333333343	None
  8.566668	-0.32883817	-0.120587468	-0.120587468	0.333333343	0.333333343	None
  8.833334	-0.35724622	-0.07482663	-0.07482663	0.333333343	0.333333343	None
  9.233334	-0.3912091	-0.03471768	-0.03471768	0.333333343	0.333333343	None
  9.766667	-0.424725354	-0.0299142711	-0.0299142711	0.333333343	0.333333343	None
  10.1	-0.436225146	-0.00654456858	-0.00654456858	0.333333343	0.333333343	None
  10.2000008	-0.4367304	0	0	0.333333343	0.333333343	None
FLOAT UnityEngine.Animator||RightFootQ.x discrete=False keys=39 pre=ClampForever post=ClampForever
  0	0.533158958	-0.004375577	-0.004375577	0.333333343	0.333333343	None
  0.8000001	0.516628742	-0.0284510888	-0.0284510888	0.333333343	0.333333343	None
  1.33333337	0.495017558	-0.024930194	-0.024930194	0.333333343	0.333333343	None
  1.4333334	0.488975048	-0.17492266	-0.17492266	0.333333343	0.333333343	None
  1.50000012	0.458340168	-0.7548661	-0.7548661	0.333333343	0.333333343	None
  1.63333344	0.323964417	-1.08669448	-1.08669448	0.333333343	0.333333343	None
  1.66666675	0.289137125	-0.7796165	-0.7796165	0.333333343	0.333333343	None
  1.7	0.271990031	-0.4393371	-0.4393371	0.333333343	0.333333343	None
  1.80000007	0.251996815	0.0104659889	0.0104659889	0.333333343	0.333333343	None
  1.86666679	0.253867924	0.031562034	0.031562034	0.333333343	0.333333343	None
  2	0.2645706	0.06252134	0.06252134	0.333333343	0.333333343	None
  2.10000014	0.2846996	0.42247963	0.42247963	0.333333343	0.333333343	None
  2.33333349	0.426861137	0.570907831	0.570907831	0.333333343	0.333333343	None
  2.60000014	0.5194432	0.0891442	0.0891442	0.333333343	0.333333343	None
  3.13333344	0.506868362	0.00314981048	0.00314981048	0.333333343	0.333333343	None
  3.53333354	0.5057404	-0.0645554662	-0.0645554662	0.333333343	0.333333343	None
  3.80000019	0.5073956	0.0227818117	0.0227818117	0.333333343	0.333333343	None
  4	0.519233644	0.0319270827	0.0319270827	0.333333343	0.333333343	None
  4.366667	0.5449959	-0.0776035339	-0.0776035339	0.333333343	0.333333343	None
  4.666667	0.49780485	-0.09744966	-0.09744966	0.333333343	0.333333343	None
  5.066667	0.44372046	-0.124398738	-0.124398738	0.333333343	0.333333343	None
  5.366667	0.439624965	0.0221117046	0.0221117046	0.333333343	0.333333343	None
  5.566667	0.459131718	0.179911137	0.179911137	0.333333343	0.333333343	None
  5.63333368	0.459122837	-0.184094042	-0.184094042	0.333333343	0.333333343	None
  5.666667	0.451516628	-0.0124517232	-0.0124517232	0.333333343	0.333333343	None
  5.766667	0.4797666	0.320825577	0.320825577	0.333333343	0.333333343	None
  5.933334	0.5042594	-0.057280153	-0.057280153	0.333333343	0.333333343	None
  6.20000029	0.5227167	0.218209535	0.218209535	0.333333343	0.333333343	None
  6.40000057	0.5435177	0.0064193774	0.0064193774	0.333333343	0.333333343	None
  6.766667	0.5743844	0.0429279022	0.0429279022	0.333333343	0.333333343	None
  7.3	0.569475055	0.0202194043	0.0202194043	0.333333343	0.333333343	None
  7.90000057	0.573815763	-0.00169068738	-0.00169068738	0.333333343	0.333333343	None
  8.133334	0.562501	0.005543815	0.005543815	0.333333343	0.333333343	None
  8.3	0.577234	0.06741384	0.06741384	0.333333343	0.333333343	None
  8.633334	0.576946437	-0.03636344	-0.03636344	0.333333343	0.333333343	None
  9.066668	0.575255454	-0.0407570973	-0.0407570973	0.333333343	0.333333343	None
  9.533334	0.557814	-0.0645635352	-0.0645635352	0.333333343	0.333333343	None
  10.1333342	0.5340984	-0.0291878134	-0.0291878134	0.333333343	0.333333343	None
  10.2000008	0.533158958	0	0	0.333333343	0.333333343	None
FLOAT UnityEngine.Animator||RightFootQ.y discrete=False keys=34 pre=ClampForever post=ClampForever
  0	-0.5203018	0.0198948365	0.0198948365	0.333333343	0.333333343	None
  0.700000048	-0.5251303	-0.016825499	-0.016825499	0.333333343	0.333333343	None
  1.33333337	-0.526220441	0.04681074	0.04681074	0.333333343	0.333333343	None
  1.53333342	-0.4322557	1.26241732	1.26241732	0.333333343	0.333333343	None
  1.63333344	-0.2775458	1.52722824	1.52722824	0.333333343	0.333333343	None
  1.66666675	-0.229961559	1.01649141	1.01649141	0.333333343	0.333333343	None
  1.7	-0.209779784	0.471098363	0.471098363	0.333333343	0.333333343	None
  1.83333337	-0.199221119	-0.113684177	-0.113684177	0.333333343	0.333333343	None
  1.9333334	-0.2140245	-0.121994123	-0.121994123	0.333333343	0.333333343	None
  2.03333354	-0.230440155	-0.231391042	-0.231391042	0.333333343	0.333333343	None
  2.36666679	-0.4171009	-0.507660866	-0.507660866	0.333333343	0.333333343	None
  2.86666679	-0.510399938	0.0408679619	0.0408679619	0.333333343	0.333333343	None
  3.4	-0.5079247	0.0009325156	0.0009325156	0.333333343	0.333333343	None
  3.60000014	-0.5002017	0.0267505888	0.0267505888	0.333333343	0.333333343	None
  3.93333364	-0.492602825	-0.01644773	-0.01644773	0.333333343	0.333333343	None
  4.3	-0.487932652	-0.02107503	-0.02107503	0.333333343	0.333333343	None
  4.566667	-0.507577538	-0.150937885	-0.150937885	0.333333343	0.333333343	None
  5.00000048	-0.528354466	0.0251284689	0.0251284689	0.333333343	0.333333343	None
  5.20000029	-0.5277728	0.0409529	0.0409529	0.333333343	0.333333343	None
  5.533334	-0.5104129	0.04547511	0.04547511	0.333333343	0.333333343	None
  5.63333368	-0.51896733	-0.180086374	-0.180086374	0.333333343	0.333333343	None
  5.933334	-0.477125674	0.06605353	0.06605353	0.333333343	0.333333343	None
  6.166667	-0.467439532	0.06557292	0.06557292	0.333333343	0.333333343	None
  6.3	-0.478930384	-0.181132883	-0.181132883	0.333333343	0.333333343	None
  6.50000048	-0.49092555	-0.0170298088	-0.0170298088	0.333333343	0.333333343	None
  6.73333359	-0.5056325	-0.0190463848	-0.0190463848	0.333333343	0.333333343	None
  7.066667	-0.521256566	-0.102121629	-0.102121629	0.333333343	0.333333343	None
  7.90000057	-0.5586919	-0.04335169	-0.04335169	0.333333343	0.333333343	None
  8.133334	-0.5153536	0.387009978	0.387009978	0.333333343	0.333333343	None
  8.533334	-0.48326543	-0.117152408	-0.117152408	0.333333343	0.333333343	None
  8.966667	-0.5250934	-0.0295990147	-0.0295990147	0.333333343	0.333333343	None
  9.533334	-0.5299624	0.05289854	0.05289854	0.333333343	0.333333343	None
  10.0666676	-0.5190736	-0.02520729	-0.02520729	0.333333343	0.333333343	None
  10.2000008	-0.520302057	0	0	0.333333343	0.333333343	None
FLOAT UnityEngine.Animator||RightFootQ.z discrete=False keys=33 pre=ClampForever post=ClampForever
  0	0.5042761	0.0205332022	0.0205332022	0.333333343	0.333333343	None
  1.13333344	0.527385056	0.0400936231	0.0400936231	0.333333343	0.333333343	None
  1.4333334	0.5424542	0.147259668	0.147259668	0.333333343	0.333333343	None
  1.56666672	0.6070694	0.6686858	0.6686858	0.333333343	0.333333343	None
  1.7	0.658210456	-0.0105990954	-0.0105990954	0.333333343	0.333333343	None
  1.9333334	0.627069056	-0.0146627491	-0.0146627491	0.333333343	0.333333343	None
  2.266667	0.6102944	-0.220727384	-0.220727384	0.333333343	0.333333343	None
  2.66666675	0.5302191	-0.0405308977	-0.0405308977	0.333333343	0.333333343	None
  3.10000014	0.5487317	-0.0046536373	-0.0046536373	0.333333343	0.333333343	None
  3.50000024	0.535893142	0.0066286386	0.0066286386	0.333333343	0.333333343	None
  3.83333349	0.5265629	-0.0302481931	-0.0302481931	0.333333343	0.333333343	None
  4.10000038	0.526968837	0.0187763758	0.0187763758	0.333333343	0.333333343	None
  4.366667	0.51524055	-0.0499097	-0.0499097	0.333333343	0.333333343	None
  4.566667	0.479502231	-0.3010443	-0.3010443	0.333333343	0.333333343	None
  4.8	0.4263437	-0.164469182	-0.164469182	0.333333343	0.333333343	None
  4.9666667	0.409041	-0.06885449	-0.06885449	0.333333343	0.333333343	None
  5.166667	0.3956794	0.0294904672	0.0294904672	0.333333343	0.333333343	None
  5.466667	0.422093	0.288270772	0.288270772	0.333333343	0.333333343	None
  5.566667	0.460712433	0.171762571	0.171762571	0.333333343	0.333333343	None
  5.666667	0.4525843	-0.0470334738	-0.0470334738	0.333333343	0.333333343	None
  5.933334	0.531371355	0.4110468	0.4110468	0.333333343	0.333333343	None
  6.00000048	0.5471533	0.07336564	0.07336564	0.333333343	0.333333343	None
  6.23333359	0.5318562	-0.126350045	-0.126350045	0.333333343	0.333333343	None
  6.666667	0.5285035	0.0309965312	0.0309965312	0.333333343	0.333333343	None
  6.933334	0.531173	-0.04356001	-0.04356001	0.333333343	0.333333343	None
  7.20000029	0.487666577	-0.1346488	-0.1346488	0.333333343	0.333333343	None
  7.833334	0.446484834	-0.0307141859	-0.0307141859	0.333333343	0.333333343	None
  7.966667	0.459588766	0.3489545	0.3489545	0.333333343	0.333333343	None
  8.233334	0.561446667	0.22213918	0.22213918	0.333333343	0.333333343	None
  8.966667	0.5035876	-0.08110459	-0.08110459	0.333333343	0.333333343	None
  9.466667	0.484704316	0.0485638753	0.0485638753	0.333333343	0.333333343	None
  9.933333	0.5025768	0.00408038171	0.00408038171	0.333333343	0.333333343	None
  10.2000008	0.504275858	0	0	0.333333343	0.333333343	None
FLOAT UnityEngine.Animator||RightFootT.x discrete=False keys=67 pre=ClampForever post=ClampForever
  0	0.107712045	0.00432126224	0.00432126224	0.333333343	0.333333343	None
  0.100000009	0.107624859	-0.03540807	-0.03540807	0.333333343	0.333333343	None
  0.13333334	0.105451748	-0.03017139	-0.03017139	0.333333343	0.333333343	None
  0.233333349	0.105138771	-0.0253624134	-0.0253624134	0.333333343	0.333333343	None
  0.6	0.0898522139	-0.05639769	-0.05639769	0.333333343	0.333333343	None
  0.733333349	0.08144696	-0.0534147434	-0.0534147434	0.333333343	0.333333343	None
  0.900000036	0.0718361	-0.0615727939	-0.0615727939	0.333333343	0.333333343	None
  0.9333334	0.06975249	-0.078316614	-0.078316614	0.333333343	0.333333343	None
  0.9666667	0.06661499	-0.07976305	-0.07976305	0.333333343	0.333333343	None
  1.06666672	0.0604074448	-0.0640171245	-0.0640171245	0.333333343	0.333333343	None
  1.2	0.0522117577	-0.039557647	-0.039557647	0.333333343	0.333333343	None
  1.26666677	0.05008378	-0.0384060219	-0.0384060219	0.333333343	0.333333343	None
  1.4000001	0.0521446466	0.15257588	0.15257588	0.333333343	0.333333343	None
  1.4333334	0.05879344	0.2737655	0.2737655	0.333333343	0.333333343	None
  1.4666667	0.07039566	0.347867	0.347867	0.333333343	0.333333343	None
  1.50000012	0.0819845945	0.39497447	0.39497447	0.333333343	0.333333343	None
  1.60000014	0.128840372	0.447684884	0.447684884	0.333333343	0.333333343	None
  1.76666677	0.196159065	0.4033476	0.4033476	0.333333343	0.333333343	None
  1.86666679	0.22497648	0.111749358	0.111749358	0.333333343	0.333333343	None
  1.96666682	0.225057945	-0.0605436638	-0.0605436638	0.333333343	0.333333343	None
  2.16666675	0.19595325	-0.1583609	-0.1583609	0.333333343	0.333333343	None
  2.30000019	0.178034738	-0.09446637	-0.09446637	0.333333343	0.333333343	None
  2.50000024	0.158205256	-0.08398301	-0.08398301	0.333333343	0.333333343	None
  2.56666684	0.1526483	-0.107718512	-0.107718512	0.333333343	0.333333343	None
  2.80000019	0.135993972	-0.0457212031	-0.0457212031	0.333333343	0.333333343	None
  2.9333334	0.129006565	-0.061979603	-0.061979603	0.333333343	0.333333343	None
  2.966667	0.1264665	-0.0417923853	-0.0417923853	0.333333343	0.333333343	None
  3.03333354	0.125272959	-0.0189931877	-0.0189931877	0.333333343	0.333333343	None
  3.20000029	0.1243764	0.000125993975	0.000125993975	0.333333343	0.333333343	None
  3.33333349	0.125925958	-0.0108376993	-0.0108376993	0.333333343	0.333333343	None
  3.466667	0.124491878	0.0424342	0.0424342	0.333333343	0.333333343	None
  3.50000024	0.126732782	0.04682616	0.04682616	0.333333343	0.333333343	None
  3.60000014	0.132260844	0.08422278	0.08422278	0.333333343	0.333333343	None
  3.9	0.1362417	-0.133188933	-0.133188933	0.333333343	0.333333343	None
  4.033334	0.121096	-0.0477580577	-0.0477580577	0.333333343	0.333333343	None
  4.3	0.136322737	0.11330913	0.11330913	0.333333343	0.333333343	None
  4.4333334	0.1568393	0.194311917	0.194311917	0.333333343	0.333333343	None
  4.566667	0.184896991	0.22612229	0.22612229	0.333333343	0.333333343	None
  4.8	0.221720085	0.142362177	0.142362177	0.333333343	0.333333343	None
  4.9666667	0.2413384	0.143907174	0.143907174	0.333333343	0.333333343	None
  5.33333349	0.2653655	-0.0185215641	-0.0185215641	0.333333343	0.333333343	None
  5.533334	0.2545867	-0.0261640809	-0.0261640809	0.333333343	0.333333343	None
  5.8	0.238430023	-0.145531431	-0.145531431	0.333333343	0.333333343	None
  5.966667	0.18842636	-0.4163579	-0.4163579	0.333333343	0.333333343	None
  6.10000038	0.152188912	0.0185211189	0.0185211189	0.333333343	0.333333343	None
  6.23333359	0.168039635	-0.0758947358	-0.0758947358	0.333333343	0.333333343	None
  6.33333349	0.145429567	-0.22081776	-0.22081776	0.333333343	0.333333343	None
  6.433334	0.134286061	0.00218533166	0.00218533166	0.333333343	0.333333343	None
  6.533334	0.1352711	-0.060728848	-0.060728848	0.333333343	0.333333343	None
  6.666667	0.125501052	-0.03319259	-0.03319259	0.333333343	0.333333343	None
  6.866667	0.136732042	0.07600364	0.07600364	0.333333343	0.333333343	None
  6.966667	0.147210956	0.1841859	0.1841859	0.333333343	0.333333343	None
  7.166667	0.186351374	0.1171809	0.1171809	0.333333343	0.333333343	None
  7.40000057	0.186979815	-0.0351421125	-0.0351421125	0.333333343	0.333333343	None
  7.766667	0.1688033	-0.0334203541	-0.0334203541	0.333333343	0.333333343	None
  7.933334	0.151799962	-0.3069762	-0.3069762	0.333333343	0.333333343	None
  8.033334	0.119968809	-0.215018883	-0.215018883	0.333333343	0.333333343	None
  8.233334	0.111402281	-0.0353191644	-0.0353191644	0.333333343	0.333333343	None
  8.333334	0.111157179	0.049653843	0.049653843	0.333333343	0.333333343	None
  8.5	0.120792232	0.0458415374	0.0458415374	0.333333343	0.333333343	None
  8.733334	0.14312166	0.140486181	0.140486181	0.333333343	0.333333343	None
  8.900001	0.160011753	0.0378859267	0.0378859267	0.333333343	0.333333343	None
  9.133334	0.1575621	-0.06471966	-0.06471966	0.333333343	0.333333343	None
  9.500001	0.1286338	-0.05409232	-0.05409232	0.333333343	0.333333343	None
  9.8	0.120108813	-0.00262486842	-0.00262486842	0.333333343	0.333333343	None
  10.0666676	0.1131232	-0.06568636	-0.06568636	0.333333343	0.333333343	None
  10.2000008	0.107680291	0	0	0.333333343	0.333333343	None
FLOAT UnityEngine.Animator||RightFootT.y discrete=False keys=16 pre=ClampForever post=ClampForever
  0	-0.971172869	0.005564689	0.005564689	0.333333343	0.333333343	None
  1.50000012	-0.9585378	0.0296079889	0.0296079889	0.333333343	0.333333343	None
  1.9000001	-0.9447323	-0.0640941262	-0.0640941262	0.333333343	0.333333343	None
  2.4666667	-0.9650459	-0.0492747426	-0.0492747426	0.333333343	0.333333343	None
  3.80000019	-0.9618204	0.005984014	0.005984014	0.333333343	0.333333343	None
  4.533334	-0.965064168	0.0770406	0.0770406	0.333333343	0.333333343	None
  5.13333368	-0.930035651	0.01676561	0.01676561	0.333333343	0.333333343	None
  5.533334	-0.946684361	-0.0486642569	-0.0486642569	0.333333343	0.333333343	None
  5.73333359	-0.9471248	-0.127380908	-0.127380908	0.333333343	0.333333343	None
  6.166667	-0.968162537	0.05045419	0.05045419	0.333333343	0.333333343	None
  6.766667	-0.9668221	-0.0133940708	-0.0133940708	0.333333343	0.333333343	None
  7.33333349	-0.9733675	0.008441746	0.008441746	0.333333343	0.333333343	None
  8	-0.9780167	-0.0520682037	-0.0520682037	0.333333343	0.333333343	None
  8.466667	-0.951114535	-0.07970026	-0.07970026	0.333333343	0.333333343	None
  8.866667	-0.9725254	0.0178949	0.0178949	0.333333343	0.333333343	None
  10.2000008	-0.9712601	-3.576231E-06	-3.576231E-06	0.333333343	0.333333343	None
FLOAT UnityEngine.Animator||RightFootT.z discrete=False keys=179 pre=ClampForever post=ClampForever
  0	0.0196340531	0.0153112216	0.0153112216	0.333333343	0.333333343	None
  0.0333333351	0.0201444272	0.0140801994	0.0140801994	0.333333343	0.333333343	None
  0.06666667	0.0205727331	-0.009852981	-0.009852981	0.333333343	0.333333343	None
  0.100000009	0.0194875617	-0.0222177971	-0.0222177971	0.333333343	0.333333343	None
  0.13333334	0.0190915465	-0.045088917	-0.045088917	0.333333343	0.333333343	None
  0.166666672	0.0164816342	-0.02516103	-0.02516103	0.333333343	0.333333343	None
  0.200000018	0.0174141452	0.00262713339	0.00262713339	0.333333343	0.333333343	None
  0.233333349	0.0166567769	-0.0203597564	-0.0203597564	0.333333343	0.333333343	None
  0.333333343	0.0141804041	-0.05283653	-0.05283653	0.333333343	0.333333343	None
  0.366666675	0.0118870717	-0.04796064	-0.04796064	0.333333343	0.333333343	None
  0.400000036	0.0109830275	-0.042707812	-0.042707812	0.333333343	0.333333343	None
  0.433333367	0.0090398835	-0.0605188981	-0.0605188981	0.333333343	0.333333343	None
  0.4666667	0.00694843475	-0.0490971729	-0.0490971729	0.333333343	0.333333343	None
  0.5	0.00576674	-0.0162302889	-0.0162302889	0.333333343	0.333333343	None
  0.533333361	0.00586641673	-0.01106712	-0.01106712	0.333333343	0.333333343	None
  0.5666667	0.00502893142	-0.03209328	-0.03209328	0.333333343	0.333333343	None
  0.6	0.00372686516	-0.03478268	-0.03478268	0.333333343	0.333333343	None
  0.6333334	0.00271008629	-0.02864188	-0.02864188	0.333333343	0.333333343	None
  0.6666667	0.0018174065	-0.0212035179	-0.0212035179	0.333333343	0.333333343	None
  0.700000048	0.00129651884	-0.0242044944	-0.0242044944	0.333333343	0.333333343	None
  0.733333349	0.0002037742	-0.03719581	-0.03719581	0.333333343	0.333333343	None
  0.7666667	-0.00118320168	-0.04523728	-0.04523728	0.333333343	0.333333343	None
  0.8000001	-0.002812047	-0.0465529	-0.0465529	0.333333343	0.333333343	None
  0.866666734	-0.005475072	-0.02923419	-0.02923419	0.333333343	0.333333343	None
  0.900000036	-0.00623567449	-0.0190880354	-0.0190880354	0.333333343	0.333333343	None
  0.9333334	-0.00674760761	-0.0264036432	-0.0264036432	0.333333343	0.333333343	None
  0.9666667	-0.00799591653	-0.0335316062	-0.0335316062	0.333333343	0.333333343	None
  1.03333342	-0.01002826	-0.0323031321	-0.0323031321	0.333333343	0.333333343	None
  1.06666672	-0.01113659	-0.0275424439	-0.0275424439	0.333333343	0.333333343	None
  1.16666675	-0.0130949533	-0.0255570486	-0.0255570486	0.333333343	0.333333343	None
  1.2	-0.0141096981	-0.0432303622	-0.0432303622	0.333333343	0.333333343	None
  1.26666677	-0.0173707735	-0.0201123785	-0.0201123785	0.333333343	0.333333343	None
  1.30000007	-0.0173178036	0.00492736232	0.00492736232	0.333333343	0.333333343	None
  1.33333337	-0.017042283	0.020596616	0.020596616	0.333333343	0.333333343	None
  1.36666679	-0.0159446932	0.0704650059	0.0704650059	0.333333343	0.333333343	None
  1.4000001	-0.0123446165	0.15511	0.15511	0.333333343	0.333333343	None
  1.4333334	-0.005604037	0.202029645	0.202029645	0.333333343	0.333333343	None
  1.4666667	0.00112401438	0.195232332	0.195232332	0.333333343	0.333333343	None
  1.50000012	0.00741146132	0.302796543	0.302796543	0.333333343	0.333333343	None
  1.53333342	0.0213104542	0.5362009	0.5362009	0.333333343	0.333333343	None
  1.63333344	0.09608127	0.7302078	0.7302078	0.333333343	0.333333343	None
  1.66666675	0.118345015	0.486557424	0.486557424	0.333333343	0.333333343	None
  1.7	0.1285184	0.202885538	0.202885538	0.333333343	0.333333343	None
  1.76666677	0.127695486	-0.175531864	-0.175531864	0.333333343	0.333333343	None
  1.80000007	0.120168604	-0.222686023	-0.222686023	0.333333343	0.333333343	None
  1.83333337	0.112849765	-0.321455479	-0.321455479	0.333333343	0.333333343	None
  1.9000001	0.0858973041	-0.282662868	-0.282662868	0.333333343	0.333333343	None
  1.9333334	0.0798940361	-0.16015774	-0.16015774	0.333333343	0.333333343	None
  2.03333354	0.0677287355	-0.10143818	-0.10143818	0.333333343	0.333333343	None
  2.10000014	0.06283528	-0.0246478487	-0.0246478487	0.333333343	0.333333343	None
  2.23333335	0.06312863	-0.0332879461	-0.0332879461	0.333333343	0.333333343	None
  2.30000019	0.0584207065	-0.06929427	-0.06929427	0.333333343	0.333333343	None
  2.36666679	0.0549925454	-0.0607317537	-0.0607317537	0.333333343	0.333333343	None
  2.50000024	0.0427275077	-0.135247931	-0.135247931	0.333333343	0.333333343	None
  2.60000014	0.0286414139	-0.124542147	-0.124542147	0.333333343	0.333333343	None
  2.66666675	0.0208370313	-0.105465844	-0.105465844	0.333333343	0.333333343	None
  2.7	0.0176578071	-0.0784759	-0.0784759	0.333333343	0.333333343	None
  2.73333359	0.0156052951	-0.0538996458	-0.0538996458	0.333333343	0.333333343	None
  2.766667	0.0140644861	-0.0306388736	-0.0306388736	0.333333343	0.333333343	None
  2.80000019	0.0135627054	-0.006861684	-0.006861684	0.333333343	0.333333343	None
  2.86666679	0.0144250551	0.03369337	0.03369337	0.333333343	0.333333343	None
  2.9	0.0158532634	0.0307143535	0.0307143535	0.333333343	0.333333343	None
  2.9333334	0.0164726768	0.0454182439	0.0454182439	0.333333343	0.333333343	None
  2.966667	0.01888116	0.00347429514	0.00347429514	0.333333343	0.333333343	None
  3.00000024	0.0167043135	-0.0484021828	-0.0484021828	0.333333343	0.333333343	None
  3.06666684	0.014213589	-0.06428152	-0.06428152	0.333333343	0.333333343	None
  3.10000014	0.011368921	-0.07595977	-0.07595977	0.333333343	0.333333343	None
  3.13333344	0.009149609	-0.07355218	-0.07355218	0.333333343	0.333333343	None
  3.16666675	0.0064654476	-0.09109508	-0.09109508	0.333333343	0.333333343	None
  3.20000029	0.00307658524	-0.104515016	-0.104515016	0.333333343	0.333333343	None
  3.23333359	-0.0005022378	-0.121491209	-0.121491209	0.333333343	0.333333343	None
  3.266667	-0.00502282055	-0.1294614	-0.1294614	0.333333343	0.333333343	None
  3.36666679	-0.016633058	-0.107657462	-0.107657462	0.333333343	0.333333343	None
  3.4	-0.0201878455	-0.09018928	-0.09018928	0.333333343	0.333333343	None
  3.466667	-0.0240845773	-0.039596498	-0.039596498	0.333333343	0.333333343	None
  3.50000024	-0.0252854452	-0.09064679	-0.09064679	0.333333343	0.333333343	None
  3.53333354	-0.0301276911	-0.164130673	-0.164130673	0.333333343	0.333333343	None
  3.63333344	-0.04697858	-0.103098907	-0.103098907	0.333333343	0.333333343	None
  3.70000029	-0.05104666	-0.07112564	-0.07112564	0.333333343	0.333333343	None
  3.73333359	-0.0540515669	-0.106378809	-0.106378809	0.333333343	0.333333343	None
  3.80000019	-0.0606598146	-0.047238946	-0.047238946	0.333333343	0.333333343	None
  3.93333364	-0.0567985363	0.0504297651	0.0504297651	0.333333343	0.333333343	None
  4	-0.0542243645	0.0477977544	0.0477977544	0.333333343	0.333333343	None
  4.033334	-0.0523555428	0.103149019	0.103149019	0.333333343	0.333333343	None
  4.066667	-0.0473477431	0.152629018	0.152629018	0.333333343	0.333333343	None
  4.166667	-0.03262445	0.133431911	0.133431911	0.333333343	0.333333343	None
  4.20000029	-0.0283651613	0.131049722	0.131049722	0.333333343	0.333333343	None
  4.23333359	-0.02388781	0.08731887	0.08731887	0.333333343	0.333333343	None
  4.266667	-0.022543909	0.0319412835	0.0319412835	0.333333343	0.333333343	None
  4.3	-0.0217583925	-0.008044455	-0.008044455	0.333333343	0.333333343	None
  4.366667	-0.0271790866	-0.185346723	-0.185346723	0.333333343	0.333333343	None
  4.4333334	-0.04764125	-0.403925657	-0.403925657	0.333333343	0.333333343	None
  4.566667	-0.106139414	-0.34901315	-0.34901315	0.333333343	0.333333343	None
  4.73333359	-0.136506543	-0.1048861	-0.1048861	0.333333343	0.333333343	None
  4.9333334	-0.141725749	0.0374977663	0.0374977663	0.333333343	0.333333343	None
  5.033334	-0.1445919	-0.108324245	-0.108324245	0.333333343	0.333333343	None
  5.10000038	-0.151743323	-0.0126493108	-0.0126493108	0.333333343	0.333333343	None
  5.20000029	-0.140906721	0.126159608	0.126159608	0.333333343	0.333333343	None
  5.366667	-0.114893556	0.2538683	0.2538683	0.333333343	0.333333343	None
  5.50000048	-0.0768243149	0.244411826	0.244411826	0.333333343	0.333333343	None
  5.566667	-0.06617358	-0.0242003649	-0.0242003649	0.333333343	0.333333343	None
  5.60000038	-0.0709522143	-0.214731157	-0.214731157	0.333333343	0.333333343	None
  5.63333368	-0.08048898	-0.229416817	-0.229416817	0.333333343	0.333333343	None
  5.666667	-0.0862466544	-0.0493813045	-0.0493813045	0.333333343	0.333333343	None
  5.70000029	-0.08378106	0.165349737	0.165349737	0.333333343	0.333333343	None
  5.73333359	-0.07522335	0.263228118	0.263228118	0.333333343	0.333333343	None
  5.766667	-0.06623254	0.316530943	0.316530943	0.333333343	0.333333343	None
  5.866667	-0.0284494646	0.348750621	0.348750621	0.333333343	0.333333343	None
  5.9	-0.017701244	0.3422836	0.3422836	0.333333343	0.333333343	None
  5.933334	-0.005630408	0.377226353	0.377226353	0.333333343	0.333333343	None
  5.966667	0.007447328	0.392925024	0.392925024	0.333333343	0.333333343	None
  6.00000048	0.0205645673	0.407404	0.407404	0.333333343	0.333333343	None
  6.066667	0.0469227731	0.295898974	0.295898974	0.333333343	0.333333343	None
  6.13333368	0.0593812279	0.149606273	0.149606273	0.333333343	0.333333343	None
  6.166667	0.06430789	0.234844774	0.234844774	0.333333343	0.333333343	None
  6.20000029	0.07503753	0.249459535	0.249459535	0.333333343	0.333333343	None
  6.23333359	0.08093851	0.185458049	0.185458049	0.333333343	0.333333343	None
  6.266667	0.08740139	0.14598842	0.14598842	0.333333343	0.333333343	None
  6.366667	0.09354525	0.0394955948	0.0394955948	0.333333343	0.333333343	None
  6.40000057	0.09496209	0.0388765633	0.0388765633	0.333333343	0.333333343	None
  6.433334	0.09613704	0.102283567	0.102283567	0.333333343	0.333333343	None
  6.50000048	0.108721726	0.2208144	0.2208144	0.333333343	0.333333343	None
  6.666667	0.1515926	0.211719245	0.211719245	0.333333343	0.333333343	None
  6.83333349	0.167450741	-0.0142085692	-0.0142085692	0.333333343	0.333333343	None
  6.966667	0.148581713	-0.442462534	-0.442462534	0.333333343	0.333333343	None
  7.066667	0.08914189	-0.612481534	-0.612481534	0.333333343	0.333333343	None
  7.20000029	0.0260260832	-0.332877874	-0.332877874	0.333333343	0.333333343	None
  7.23333359	0.016048817	-0.284415	-0.284415	0.333333343	0.333333343	None
  7.266667	0.0070651006	-0.239696264	-0.239696264	0.333333343	0.333333343	None
  7.3	6.908137E-05	-0.192061454	-0.192061454	0.333333343	0.333333343	None
  7.33333349	-0.00573898433	-0.17543523	-0.17543523	0.333333343	0.333333343	None
  7.40000057	-0.0168262534	-0.133740962	-0.133740962	0.333333343	0.333333343	None
  7.433334	-0.02054273	-0.119908072	-0.119908072	0.333333343	0.333333343	None
  7.466667	-0.0248201173	-0.10855639	-0.10855639	0.333333343	0.333333343	None
  7.533334	-0.0302512962	-0.07249333	-0.07249333	0.333333343	0.333333343	None
  7.63333368	-0.0367324054	-0.060823895	-0.060823895	0.333333343	0.333333343	None
  7.666667	-0.038715	-0.0490034446	-0.0490034446	0.333333343	0.333333343	None
  7.73333359	-0.04171442	-0.05405774	-0.05405774	0.333333343	0.333333343	None
  7.833334	-0.0476514548	-0.052358076	-0.052358076	0.333333343	0.333333343	None
  7.86666727	-0.049159497	-0.02075244	-0.02075244	0.333333343	0.333333343	None
  7.90000057	-0.04903495	0.137179315	0.137179315	0.333333343	0.333333343	None
  7.933334	-0.04001422	0.4585614	0.4585614	0.333333343	0.333333343	None
  7.966667	-0.0184642188	0.717579961	0.717579961	0.333333343	0.333333343	None
  8	0.007824023	0.7844111	0.7844111	0.333333343	0.333333343	None
  8.033334	0.0338297971	0.7546617	0.7546617	0.333333343	0.333333343	None
  8.1	0.08494149	0.8903396	0.8903396	0.333333343	0.333333343	None
  8.166667	0.151815131	1.02658331	1.02658331	0.333333343	0.333333343	None
  8.200001	0.1859303	0.885510743	0.885510743	0.333333343	0.333333343	None
  8.233334	0.210849255	0.70597434	0.70597434	0.333333343	0.333333343	None
  8.366667	0.267106324	0.10919603	0.10919603	0.333333343	0.333333343	None
  8.633334	0.186700925	-0.5441377	-0.5441377	0.333333343	0.333333343	None
  8.8	0.111972541	-0.3315107	-0.3315107	0.333333343	0.333333343	None
  8.933333	0.07659521	-0.200365975	-0.200365975	0.333333343	0.333333343	None
  9.066668	0.0524797551	-0.1888473	-0.1888473	0.333333343	0.333333343	None
  9.1	0.0460363328	-0.178447008	-0.178447008	0.333333343	0.333333343	None
  9.133334	0.0405833125	-0.166206852	-0.166206852	0.333333343	0.333333343	None
  9.166667	0.03495589	-0.144436181	-0.144436181	0.333333343	0.333333343	None
  9.266667	0.02630193	-0.03615748	-0.03615748	0.333333343	0.333333343	None
  9.3	0.0255924482	-0.0208406784	-0.0208406784	0.333333343	0.333333343	None
  9.333334	0.0249125529	-0.0125037152	-0.0125037152	0.333333343	0.333333343	None
  9.366667	0.02475886	-0.00449739955	-0.00449739955	0.333333343	0.333333343	None
  9.400001	0.0246127266	0.0121916719	0.0121916719	0.333333343	0.333333343	None
  9.433333	0.025571622	0.00253593177	0.00253593177	0.333333343	0.333333343	None
  9.466667	0.0247817636	0.00540700927	0.00540700927	0.333333343	0.333333343	None
  9.500001	0.0259320941	0.0334707163	0.0334707163	0.333333343	0.333333343	None
  9.666667	0.0332327336	0.0541673638	0.0541673638	0.333333343	0.333333343	None
  9.700001	0.0350610055	0.0628613755	0.0628613755	0.333333343	0.333333343	None
  9.733334	0.03742348	0.0591845065	0.0591845065	0.333333343	0.333333343	None
  9.766667	0.0390066244	0.04847937	0.04847937	0.333333343	0.333333343	None
  9.8	0.0406554341	0.01572495	0.01572495	0.333333343	0.333333343	None
  9.866667	0.0370474868	-0.1049169	-0.1049169	0.333333343	0.333333343	None
  9.933333	0.03020379	-0.0511980727	-0.0511980727	0.333333343	0.333333343	None
  9.966667	0.0296472851	-0.0283243358	-0.0283243358	0.333333343	0.333333343	None
  10.000001	0.0283154752	-0.07172897	-0.07172897	0.333333343	0.333333343	None
  10.0333338	0.0248653889	-0.09610869	-0.09610869	0.333333343	0.333333343	None
  10.0666676	0.0219082423	-0.06046237	-0.06046237	0.333333343	0.333333343	None
  10.1333342	0.0204764	-0.0264361314	-0.0264361314	0.333333343	0.333333343	None
  10.166667	0.0190721489	-0.0210638773	-0.0210638773	0.333333343	0.333333343	None
  10.2000008	0.0190721639	4.47028867E-07	4.47028867E-07	0.333333343	0.333333343	None
FLOAT UnityEngine.Animator||RightHand.Index.1 Stretched discrete=False keys=8 pre=ClampForever post=ClampForever
  0	0.4774026	0.00157892692	0.00157892692	0.333333343	0.333333343	None
  1.63333344	0.5183061	1.43051275E-05	1.43051275E-05	0.333333343	0.333333343	None
  3.266667	0.518306136	-4.47035245E-06	-4.47035245E-06	0.333333343	0.333333343	None
  4.9333334	0.5183069	8.940705E-06	8.940705E-06	0.333333343	0.333333343	None
  6.566667	0.5091373	-0.02807739	-0.02807739	0.333333343	0.333333343	None
  8.233334	0.485494018	-0.0105688078	-0.0105688078	0.333333343	0.333333343	None
  9.866667	0.4737072	-0.002434556	-0.002434556	0.333333343	0.333333343	None
  10.2000008	0.473334819	0	0	0.333333343	0.333333343	None
FLOAT UnityEngine.Animator||RightHand.Index.2 Stretched discrete=False keys=2 pre=ClampForever post=ClampForever
  0	0.5174894	0	0	0.333333343	0.333333343	None
  10.2000008	0.5174894	0	0	0.333333343	0.333333343	None
FLOAT UnityEngine.Animator||RightHand.Index.3 Stretched discrete=False keys=2 pre=ClampForever post=ClampForever
  0	0.9222396	0	0	0.333333343	0.333333343	None
  10.2000008	0.9222396	0	0	0.333333343	0.333333343	None
FLOAT UnityEngine.Animator||RightHand.Index.Spread discrete=False keys=8 pre=ClampForever post=ClampForever
  0	-0.9200385	-0.006471276	-0.006471276	0.333333343	0.333333343	None
  1.63333344	-1.08994043	0	0	0.333333343	0.333333343	None
  3.266667	-1.08993924	1.25169872E-05	1.25169872E-05	0.333333343	0.333333343	None
  4.9333334	-1.08993912	0	0	0.333333343	0.333333343	None
  6.13333368	-1.08898342	0.02788606	0.02788606	0.333333343	0.333333343	None
  7.10000038	-1.00604928	0.04620199	0.04620199	0.333333343	0.333333343	None
  8.733334	-0.933135033	0.0371620432	0.0371620432	0.333333343	0.333333343	None
  10.2000008	-0.9032532	0	0	0.333333343	0.333333343	None
FLOAT UnityEngine.Animator||RightHand.Little.1 Stretched discrete=False keys=8 pre=ClampForever post=ClampForever
  0	0.4753126	0.00015020369	0.00015020369	0.333333343	0.333333343	None
  1.63333344	0.477963179	5.36442258E-06	5.36442258E-06	0.333333343	0.333333343	None
  3.266667	0.477963179	-3.576282E-06	-3.576282E-06	0.333333343	0.333333343	None
  4.9333334	0.477962971	8.046634E-06	8.046634E-06	0.333333343	0.333333343	None
  6.566667	0.476585358	-0.004526679	-0.004526679	0.333333343	0.333333343	None
  8.233334	0.475019574	-5.990261E-05	-5.990261E-05	0.333333343	0.333333343	None
  9.866667	0.474977165	6.2586214E-06	6.2586214E-06	0.333333343	0.333333343	None
  10.2000008	0.47497645	0	0	0.333333343	0.333333343	None
FLOAT UnityEngine.Animator||RightHand.Little.2 Stretched discrete=False keys=2 pre=ClampForever post=ClampForever
  0	0.0560746267	0	0	0.333333343	0.333333343	None
  10.2000008	0.0560746267	0	0	0.333333343	0.333333343	None
FLOAT UnityEngine.Animator||RightHand.Little.3 Stretched discrete=False keys=2 pre=ClampForever post=ClampForever
  0	0.134251937	0	0	0.333333343	0.333333343	None
  10.2000008	0.134251937	0	0	0.333333343	0.333333343	None
FLOAT UnityEngine.Animator||RightHand.Little.Spread discrete=False keys=10 pre=ClampForever post=ClampForever
  0	-0.287854642	-0.00795006752	-0.00795006752	0.333333343	0.333333343	None
  1.33333337	-0.479611158	-0.107778676	-0.107778676	0.333333343	0.333333343	None
  2.06666684	-0.49495548	-1.47521623E-05	-1.47521623E-05	0.333333343	0.333333343	None
  3.70000029	-0.4949577	1.6540298E-05	1.6540298E-05	0.333333343	0.333333343	None
  5.366667	-0.494957656	-1.788141E-06	-1.788141E-06	0.333333343	0.333333343	None
  6.066667	-0.494957745	0.0119724981	0.0119724981	0.333333343	0.333333343	None
  7.00000048	-0.278220147	0.0227236971	0.0227236971	0.333333343	0.333333343	None
  7.766667	-0.271651983	0.00630722055	0.00630722055	0.333333343	0.333333343	None
  9.433333	-0.266730666	0.000595004647	0.000595004647	0.333333343	0.333333343	None
  10.2000008	-0.26658687	0	0	0.333333343	0.333333343	None
FLOAT UnityEngine.Animator||RightHand.Middle.1 Stretched discrete=False keys=2 pre=ClampForever post=ClampForever
  0	0.1323239	0	0	0.333333343	0.333333343	None
  10.2000008	0.1323239	0	0	0.333333343	0.333333343	None
FLOAT UnityEngine.Animator||RightHand.Middle.2 Stretched discrete=False keys=2 pre=ClampForever post=ClampForever
  0	0.406657	0	0	0.333333343	0.333333343	None
  10.2000008	0.406657	0	0	0.333333343	0.333333343	None
FLOAT UnityEngine.Animator||RightHand.Middle.3 Stretched discrete=False keys=2 pre=ClampForever post=ClampForever
  0	0.809036	0	0	0.333333343	0.333333343	None
  10.2000008	0.809036	0	0	0.333333343	0.333333343	None
FLOAT UnityEngine.Animator||RightHand.Middle.Spread discrete=False keys=2 pre=ClampForever post=ClampForever
  0	-1.78262329	0	0	0.333333343	0.333333343	None
  10.2000008	-1.78262329	0	0	0.333333343	0.333333343	None
FLOAT UnityEngine.Animator||RightHand.Ring.1 Stretched discrete=False keys=2 pre=ClampForever post=ClampForever
  0	0.207234159	0	0	0.333333343	0.333333343	None
  10.2000008	0.207234159	0	0	0.333333343	0.333333343	None
FLOAT UnityEngine.Animator||RightHand.Ring.2 Stretched discrete=False keys=2 pre=ClampForever post=ClampForever
  0	0.145839185	0	0	0.333333343	0.333333343	None
  10.2000008	0.145839185	0	0	0.333333343	0.333333343	None
FLOAT UnityEngine.Animator||RightHand.Ring.3 Stretched discrete=False keys=2 pre=ClampForever post=ClampForever
  0	0.6677721	0	0	0.333333343	0.333333343	None
  10.2000008	0.6677721	0	0	0.333333343	0.333333343	None
FLOAT UnityEngine.Animator||RightHand.Ring.Spread discrete=False keys=2 pre=ClampForever post=ClampForever
  0	0.0140232081	0	0	0.333333343	0.333333343	None
  10.2000008	0.0140232081	0	0	0.333333343	0.333333343	None
FLOAT UnityEngine.Animator||RightHand.Thumb.1 Stretched discrete=False keys=8 pre=ClampForever post=ClampForever
  0	-1.94518375	0.006179809	0.006179809	0.333333343	0.333333343	None
  1.63333344	-1.78379	5.364423E-06	5.364423E-06	0.333333343	0.333333343	None
  3.266667	-1.78379023	0	0	0.333333343	0.333333343	None
  4.9333334	-1.78379	-1.788141E-05	-1.788141E-05	0.333333343	0.333333343	None
  6.13333368	-1.78180861	0.05759602	0.05759602	0.333333343	0.333333343	None
  7.10000038	-1.6494621	-0.03308955	-0.03308955	0.333333343	0.333333343	None
  8.733334	-1.97389674	-0.267902851	-0.267902851	0.333333343	0.333333343	None
  10.2000008	-2.218729	0	0	0.333333343	0.333333343	None
FLOAT UnityEngine.Animator||RightHand.Thumb.2 Stretched discrete=False keys=8 pre=ClampForever post=ClampForever
  0	0.3840099	-0.00177651632	-0.00177651632	0.333333343	0.333333343	None
  1.63333344	0.336536	1.34110578E-05	1.34110578E-05	0.333333343	0.333333343	None
  3.266667	0.336536378	5.81145832E-06	5.81145832E-06	0.333333343	0.333333343	None
  4.9333334	0.336536378	0	0	0.333333343	0.333333343	None
  6.10000038	0.3366821	0.008550444	0.008550444	0.333333343	0.333333343	None
  7.033334	0.378207028	0.00754327327	0.00754327327	0.333333343	0.333333343	None
  8.666667	0.385233849	0.00171885127	0.00171885127	0.333333343	0.333333343	None
  10.2000008	0.3860995	0	0	0.333333343	0.333333343	None
FLOAT UnityEngine.Animator||RightHand.Thumb.3 Stretched discrete=False keys=2 pre=ClampForever post=ClampForever
  0	0.6682408	0	0	0.333333343	0.333333343	None
  10.2000008	0.6682408	0	0	0.333333343	0.333333343	None
FLOAT UnityEngine.Animator||RightHand.Thumb.Spread discrete=False keys=8 pre=ClampForever post=ClampForever
  0	-0.221367553	0.00211089849	0.00211089849	0.333333343	0.333333343	None
  1.63333344	-0.168093339	1.16229166E-05	1.16229166E-05	0.333333343	0.333333343	None
  3.266667	-0.168092445	1.229347E-05	1.229347E-05	0.333333343	0.333333343	None
  4.9333334	-0.168093339	-2.726915E-05	-2.726915E-05	0.333333343	0.333333343	None
  6.066667	-0.168093339	0.00247031683	0.00247031683	0.333333343	0.333333343	None
  7.00000048	-0.124488086	0.00154327741	0.00154327741	0.333333343	0.333333343	None
  8.666667	-0.224989787	-0.090663895	-0.090663895	0.333333343	0.333333343	None
  10.2000008	-0.3158363	0	0	0.333333343	0.333333343	None
FLOAT UnityEngine.Animator||RightHandQ.w discrete=False keys=35 pre=ClampForever post=ClampForever
  0	-0.7510188	0.0320631266	0.0320631266	0.333333343	0.333333343	None
  0.9333334	-0.726674	0.0373166762	0.0373166762	0.333333343	0.333333343	None
  1.4333334	-0.710937738	0.08878121	0.08878121	0.333333343	0.333333343	None
  1.63333344	-0.610219836	1.16370523	1.16370523	0.333333343	0.333333343	None
  1.73333347	-0.499651253	0.327190042	0.327190042	0.333333343	0.333333343	None
  1.86666679	-0.6725901	-2.440339	-2.440339	0.333333343	0.333333343	None
  1.96666682	-0.8949246	-0.923385859	-0.923385859	0.333333343	0.333333343	None
  2.10000014	-0.846473455	0.47709927	0.47709927	0.333333343	0.333333343	None
  2.2	-0.79993	0.832917869	0.832917869	0.333333343	0.333333343	None
  2.30000019	-0.732749343	0.005604036	0.005604036	0.333333343	0.333333343	None
  2.4333334	-0.775458038	-0.246513128	-0.246513128	0.333333343	0.333333343	None
  2.80000019	-0.7079766	0.67933	0.67933	0.333333343	0.333333343	None
  2.966667	-0.6151292	0.1471131	0.1471131	0.333333343	0.333333343	None
  3.13333344	-0.6554962	-0.5287488	-0.5287488	0.333333343	0.333333343	None
  3.4333334	-0.726908863	-0.074972	-0.074972	0.333333343	0.333333343	None
  3.70000029	-0.723598361	0.134722441	0.134722441	0.333333343	0.333333343	None
  3.966667	-0.7126512	0.06599416	0.06599416	0.333333343	0.333333343	None
  4.23333359	-0.739930451	-0.08828678	-0.08828678	0.333333343	0.333333343	None
  4.63333368	-0.7088489	0.255017519	0.255017519	0.333333343	0.333333343	None
  4.9	-0.6853154	-0.0114950649	-0.0114950649	0.333333343	0.333333343	None
  5.166667	-0.7078321	-0.03326568	-0.03326568	0.333333343	0.333333343	None
  5.533334	-0.6936045	0.0423154645	0.0423154645	0.333333343	0.333333343	None
  5.83333349	-0.691432536	-0.112498209	-0.112498209	0.333333343	0.333333343	None
  6.066667	-0.7102624	-0.0555915162	-0.0555915162	0.333333343	0.333333343	None
  6.3	-0.733518958	0.0183499046	0.0183499046	0.333333343	0.333333343	None
  6.60000038	-0.740026653	0.120450079	0.120450079	0.333333343	0.333333343	None
  7.033334	-0.715576947	-0.07949002	-0.07949002	0.333333343	0.333333343	None
  7.466667	-0.7320875	-0.06804413	-0.06804413	0.333333343	0.333333343	None
  7.90000057	-0.735287249	0.0730598643	0.0730598643	0.333333343	0.333333343	None
  8.133334	-0.705827	0.12624526	0.12624526	0.333333343	0.333333343	None
  8.466667	-0.7538544	0.00630356371	0.00630356371	0.333333343	0.333333343	None
  8.733334	-0.746669531	-0.08498806	-0.08498806	0.333333343	0.333333343	None
  9	-0.7510276	0.0492883474	0.0492883474	0.333333343	0.333333343	None
  9.666667	-0.7491427	0.0260488577	0.0260488577	0.333333343	0.333333343	None
  10.2000008	-0.7512407	0	0	0.333333343	0.333333343	None
FLOAT UnityEngine.Animator||RightHandQ.x discrete=False keys=201 pre=ClampForever post=ClampForever
  0	0.039521873	0.04201546	0.04201546	0.333333343	0.333333343	None
  0.100000009	0.04160349	-0.008459856	-0.008459856	0.333333343	0.333333343	None
  0.13333334	0.04107983	-0.0109843733	-0.0109843733	0.333333343	0.333333343	None
  0.200000018	0.0400907174	-0.0268828832	-0.0268828832	0.333333343	0.333333343	None
  0.266666681	0.0389457121	0.0117685841	0.0117685841	0.333333343	0.333333343	None
  0.333333343	0.04055088	0.0154924411	0.0154924411	0.333333343	0.333333343	None
  0.400000036	0.04160986	0.02994261	0.02994261	0.333333343	0.333333343	None
  0.4666667	0.04417164	0.0425243229	0.0425243229	0.333333343	0.333333343	None
  0.5	0.0457275361	0.0295669567	0.0295669567	0.333333343	0.333333343	None
  0.533333361	0.0461427681	0.0250870716	0.0250870716	0.333333343	0.333333343	None
  0.6666667	0.04927002	-0.0317816436	-0.0317816436	0.333333343	0.333333343	None
  0.7666667	0.0452485941	0.00822588149	0.00822588149	0.333333343	0.333333343	None
  0.8333334	0.048784133	0.09495622	0.09495622	0.333333343	0.333333343	None
  0.866666734	0.05266718	0.09798992	0.09798992	0.333333343	0.333333343	None
  0.9333334	0.0580470972	0.0758486241	0.0758486241	0.333333343	0.333333343	None
  1.1	0.06663546	0.0175688136	0.0175688136	0.333333343	0.333333343	None
  1.16666675	0.06742276	0.00726655871	0.00726655871	0.333333343	0.333333343	None
  1.26666677	0.0657886639	-0.0186269023	-0.0186269023	0.333333343	0.333333343	None
  1.36666679	0.06905159	0.08342135	0.08342135	0.333333343	0.333333343	None
  1.4000001	0.0722601861	0.0482052639	0.0482052639	0.333333343	0.333333343	None
  1.4333334	0.0722652748	-0.243703172	-0.243703172	0.333333343	0.333333343	None
  1.4666667	0.0560133234	-0.7745209	-0.7745209	0.333333343	0.333333343	None
  1.50000012	0.0206304733	-1.1122911	-1.1122911	0.333333343	0.333333343	None
  1.53333342	-0.0181394741	-1.03610551	-1.03610551	0.333333343	0.333333343	None
  1.56666672	-0.04844316	-0.218137413	-0.218137413	0.333333343	0.333333343	None
  1.60000014	-0.0326818973	1.12956679	1.12956679	0.333333343	0.333333343	None
  1.63333344	0.0268612765	2.25890136	2.25890136	0.333333343	0.333333343	None
  1.66666675	0.117911376	2.78237963	2.78237963	0.333333343	0.333333343	None
  1.7	0.212353081	2.863459	2.863459	0.333333343	0.333333343	None
  1.76666677	0.393129528	2.23387861	2.23387861	0.333333343	0.333333343	None
  1.80000007	0.4577339	1.63619912	1.63619912	0.333333343	0.333333343	None
  1.83333337	0.502209365	0.7451552	0.7451552	0.333333343	0.333333343	None
  1.86666679	0.5074109	-0.26577884	-0.26577884	0.333333343	0.333333343	None
  1.9000001	0.4844908	-1.42415643	-1.42415643	0.333333343	0.333333343	None
  1.96666682	0.340363264	-1.379561	-1.379561	0.333333343	0.333333343	None
  2.03333354	0.3350702	0.5094152	0.5094152	0.333333343	0.333333343	None
  2.06666684	0.354457468	0.2436959	0.2436959	0.333333343	0.333333343	None
  2.10000014	0.351316571	-0.557821751	-0.557821751	0.333333343	0.333333343	None
  2.16666675	0.267757267	-1.44691515	-1.44691515	0.333333343	0.333333343	None
  2.266667	0.155147269	-0.6430034	-0.6430034	0.333333343	0.333333343	None
  2.30000019	0.1395943	-0.416380048	-0.416380048	0.333333343	0.333333343	None
  2.33333349	0.127388626	-0.312605053	-0.312605053	0.333333343	0.333333343	None
  2.36666679	0.118753985	-0.09409578	-0.09409578	0.333333343	0.333333343	None
  2.4	0.12111558	0.2635662	0.2635662	0.333333343	0.333333343	None
  2.4333334	0.136325046	0.5264819	0.5264819	0.333333343	0.333333343	None
  2.50000024	0.179218113	0.647481859	0.647481859	0.333333343	0.333333343	None
  2.53333354	0.199379921	0.6013867	0.6013867	0.333333343	0.333333343	None
  2.56666684	0.219310522	0.497020066	0.497020066	0.333333343	0.333333343	None
  2.63333344	0.245550066	0.3973044	0.3973044	0.333333343	0.333333343	None
  2.73333359	0.2744034	0.0533213839	0.0533213839	0.333333343	0.333333343	None
  2.86666679	0.227144063	-0.8145791	-0.8145791	0.333333343	0.333333343	None
  2.9	0.196244508	-1.01271176	-1.01271176	0.333333343	0.333333343	None
  2.9333334	0.159630015	-1.03544819	-1.03544819	0.333333343	0.333333343	None
  3.03333354	0.06984752	-0.7776568	-0.7776568	0.333333343	0.333333343	None
  3.06666684	0.04470706	-0.677482247	-0.677482247	0.333333343	0.333333343	None
  3.10000014	0.0246820748	-0.5517212	-0.5517212	0.333333343	0.333333343	None
  3.13333344	0.007925684	-0.444172442	-0.444172442	0.333333343	0.333333343	None
  3.16666675	-0.00492939167	-0.378422469	-0.378422469	0.333333343	0.333333343	None
  3.20000029	-0.0173025448	-0.310872734	-0.310872734	0.333333343	0.333333343	None
  3.23333359	-0.0256543085	-0.166173652	-0.166173652	0.333333343	0.333333343	None
  3.30000019	-0.02649754	0.09992255	0.09992255	0.333333343	0.333333343	None
  3.33333349	-0.02171928	0.193407461	0.193407461	0.333333343	0.333333343	None
  3.36666679	-0.0136037208	0.252072483	0.252072483	0.333333343	0.333333343	None
  3.4	-0.00491446443	0.303433359	0.303433359	0.333333343	0.333333343	None
  3.4333334	0.0066251494	0.38476938	0.38476938	0.333333343	0.333333343	None
  3.466667	0.020736903	0.430246562	0.430246562	0.333333343	0.333333343	None
  3.50000024	0.0353083275	0.425032854	0.425032854	0.333333343	0.333333343	None
  3.53333354	0.0490724	0.442957461	0.442957461	0.333333343	0.333333343	None
  3.60000014	0.07952423	0.414605975	0.414605975	0.333333343	0.333333343	None
  3.63333344	0.09247917	0.380111158	0.380111158	0.333333343	0.333333343	None
  3.70000029	0.112994112	0.1501528	0.1501528	0.333333343	0.333333343	None
  3.766667	0.113824949	-0.0178104434	-0.0178104434	0.333333343	0.333333343	None
  3.9	0.091373	-0.5986475	-0.5986475	0.333333343	0.333333343	None
  3.93333364	0.06586014	-0.8643674	-0.8643674	0.333333343	0.333333343	None
  3.966667	0.0337483734	-0.9183519	-0.9183519	0.333333343	0.333333343	None
  4	0.00463694334	-0.7047248	-0.7047248	0.333333343	0.333333343	None
  4.033334	-0.0132332817	-0.268419355	-0.268419355	0.333333343	0.333333343	None
  4.066667	-0.0132579189	0.1292097	0.1292097	0.333333343	0.333333343	None
  4.10000038	-0.00461930968	0.250735044	0.250735044	0.333333343	0.333333343	None
  4.13333368	0.00345773436	0.122851349	0.122851349	0.333333343	0.333333343	None
  4.166667	0.00357077271	-0.09520904	-0.09520904	0.333333343	0.333333343	None
  4.20000029	-0.00288952887	-0.171258867	-0.171258867	0.333333343	0.333333343	None
  4.23333359	-0.007846475	-0.033222992	-0.033222992	0.333333343	0.333333343	None
  4.266667	-0.00510439277	0.1588246	0.1588246	0.333333343	0.333333343	None
  4.3	0.002741821	0.228317842	0.228317842	0.333333343	0.333333343	None
  4.33333349	0.010116782	0.234799489	0.234799489	0.333333343	0.333333343	None
  4.366667	0.0183951054	0.273953021	0.273953021	0.333333343	0.333333343	None
  4.4	0.0283803	0.296401829	0.296401829	0.333333343	0.333333343	None
  4.4666667	0.0486581922	0.3427298	0.3427298	0.333333343	0.333333343	None
  4.566667	0.08163236	0.192290649	0.192290649	0.333333343	0.333333343	None
  4.666667	0.0791065246	-0.303013027	-0.303013027	0.333333343	0.333333343	None
  4.70000029	0.06568201	-0.429360837	-0.429360837	0.333333343	0.333333343	None
  4.73333359	0.0504824966	-0.381255269	-0.381255269	0.333333343	0.333333343	None
  4.766667	0.0402650163	-0.206361651	-0.206361651	0.333333343	0.333333343	None
  4.83333349	0.0352949947	-0.07487003	-0.07487003	0.333333343	0.333333343	None
  4.866667	0.0317337364	-0.07917542	-0.07917542	0.333333343	0.333333343	None
  4.9666667	0.0306536611	0.0465516225	0.0465516225	0.333333343	0.333333343	None
  5.00000048	0.0326372162	0.117357761	0.117357761	0.333333343	0.333333343	None
  5.033334	0.0384775326	0.239063621	0.239063621	0.333333343	0.333333343	None
  5.066667	0.0485747755	0.329300255	0.329300255	0.333333343	0.333333343	None
  5.10000038	0.060430862	0.281633884	0.281633884	0.333333343	0.333333343	None
  5.13333368	0.06735035	0.08806941	0.08806941	0.333333343	0.333333343	None
  5.20000029	0.0622973479	-0.0927133262	-0.0927133262	0.333333343	0.333333343	None
  5.23333359	0.060121268	-0.0333520137	-0.0333520137	0.333333343	0.333333343	None
  5.266667	0.0600738823	-0.00304503669	-0.00304503669	0.333333343	0.333333343	None
  5.33333349	0.06100194	0.03708688	0.03708688	0.333333343	0.333333343	None
  5.4	0.06313218	0.00470292242	0.00470292242	0.333333343	0.333333343	None
  5.466667	0.06334481	0.0392093249	0.0392093249	0.333333343	0.333333343	None
  5.533334	0.06918628	0.117680915	0.117680915	0.333333343	0.333333343	None
  5.60000038	0.07612937	0.058934	0.058934	0.333333343	0.333333343	None
  5.63333368	0.07709253	-0.0427182429	-0.0427182429	0.333333343	0.333333343	None
  5.666667	0.07328149	-0.13247779	-0.13247779	0.333333343	0.333333343	None
  5.70000029	0.0682606846	-0.18270421	-0.18270421	0.333333343	0.333333343	None
  5.8	0.0464524329	-0.200404167	-0.200404167	0.333333343	0.333333343	None
  5.866667	0.0363970175	-0.09591024	-0.09591024	0.333333343	0.333333343	None
  5.9	0.0340791345	-0.0545211434	-0.0545211434	0.333333343	0.333333343	None
  5.933334	0.03276226	0.0210539661	0.0210539661	0.333333343	0.333333343	None
  5.966667	0.0354827121	0.127740547	0.127740547	0.333333343	0.333333343	None
  6.033334	0.045999296	0.06454044	0.06454044	0.333333343	0.333333343	None
  6.066667	0.04558098	0.031349577	0.031349577	0.333333343	0.333333343	None
  6.10000038	0.0480892658	0.178191826	0.178191826	0.333333343	0.333333343	None
  6.13333368	0.0574604236	0.337577879	0.337577879	0.333333343	0.333333343	None
  6.166667	0.07059444	0.361801118	0.361801118	0.333333343	0.333333343	None
  6.20000029	0.081580475	0.110779025	0.110779025	0.333333343	0.333333343	None
  6.23333359	0.0779797	-0.321177	-0.321177	0.333333343	0.333333343	None
  6.266667	0.0601686947	-0.8279575	-0.8279575	0.333333343	0.333333343	None
  6.3	0.0227825847	-1.18751585	-1.18751585	0.333333343	0.333333343	None
  6.33333349	-0.01899895	-0.9306549	-0.9306549	0.333333343	0.333333343	None
  6.366667	-0.0392610133	-0.217698589	-0.217698589	0.333333343	0.333333343	None
  6.40000057	-0.0335120931	0.411486924	0.411486924	0.333333343	0.333333343	None
  6.433334	-0.0118284971	0.767428041	0.767428041	0.333333343	0.333333343	None
  6.466667	0.0176497288	0.6914693	0.6914693	0.333333343	0.333333343	None
  6.50000048	0.0342694148	0.359495431	0.359495431	0.333333343	0.333333343	None
  6.533334	0.0416160673	0.160984	0.160984	0.333333343	0.333333343	None
  6.566667	0.04500167	0.02026679	0.02026679	0.333333343	0.333333343	None
  6.60000038	0.0429671854	-0.131584167	-0.131584167	0.333333343	0.333333343	None
  6.63333368	0.0362294	-0.201128811	-0.201128811	0.333333343	0.333333343	None
  6.666667	0.02955861	-0.08766411	-0.08766411	0.333333343	0.333333343	None
  6.70000029	0.0303851329	0.141068354	0.141068354	0.333333343	0.333333343	None
  6.73333359	0.0389631577	0.3400956	0.3400956	0.333333343	0.333333343	None
  6.766667	0.05305815	0.4164191	0.4164191	0.333333343	0.333333343	None
  6.83333349	0.07523983	0.1433157	0.1433157	0.333333343	0.333333343	None
  6.866667	0.0762787759	-0.0509244129	-0.0509244129	0.333333343	0.333333343	None
  6.933334	0.06741431	-0.08310352	-0.08310352	0.333333343	0.333333343	None
  6.966667	0.06630458	0.0740885	0.0740885	0.333333343	0.333333343	None
  7.066667	0.0865088254	0.0851293653	0.0851293653	0.333333343	0.333333343	None
  7.166667	0.07893628	-0.047362715	-0.047362715	0.333333343	0.333333343	None
  7.266667	0.07920593	-0.02941235	-0.02941235	0.333333343	0.333333343	None
  7.33333349	0.07419677	-0.1068084	-0.1068084	0.333333343	0.333333343	None
  7.40000057	0.0686328858	-0.00683394074	-0.00683394074	0.333333343	0.333333343	None
  7.50000048	0.07456517	0.0497353524	0.0497353524	0.333333343	0.333333343	None
  7.566667	0.0755640343	-0.06088844	-0.06088844	0.333333343	0.333333343	None
  7.60000038	0.07173815	-0.09808278	-0.09808278	0.333333343	0.333333343	None
  7.666667	0.06589447	-0.105985582	-0.105985582	0.333333343	0.333333343	None
  7.70000029	0.06195949	-0.103928544	-0.103928544	0.333333343	0.333333343	None
  7.8	0.0538693741	-0.0510188565	-0.0510188565	0.333333343	0.333333343	None
  7.90000057	0.04725284	-0.158104077	-0.158104077	0.333333343	0.333333343	None
  7.933334	0.0406155735	-0.194933861	-0.194933861	0.333333343	0.333333343	None
  7.966667	0.0342572629	-0.0883624554	-0.0883624554	0.333333343	0.333333343	None
  8.033334	0.038988553	0.155940771	0.155940771	0.333333343	0.333333343	None
  8.066668	0.0451209322	0.312554419	0.312554419	0.333333343	0.333333343	None
  8.1	0.059825372	0.6405153	0.6405153	0.333333343	0.333333343	None
  8.166667	0.119012982	0.8000282	0.8000282	0.333333343	0.333333343	None
  8.200001	0.141157135	0.150965855	0.150965855	0.333333343	0.333333343	None
  8.233334	0.129077852	-0.6104495	-0.6104495	0.333333343	0.333333343	None
  8.266667	0.100460306	-0.9168155	-0.9168155	0.333333343	0.333333343	None
  8.3	0.06795693	-0.836565	-0.836565	0.333333343	0.333333343	None
  8.333334	0.04468949	-0.5158942	-0.5158942	0.333333343	0.333333343	None
  8.366667	0.0335638449	-0.24137935	-0.24137935	0.333333343	0.333333343	None
  8.400001	0.028597638	-0.147820234	-0.147820234	0.333333343	0.333333343	None
  8.433333	0.02370917	-0.142232716	-0.142232716	0.333333343	0.333333343	None
  8.466667	0.01911547	-0.07008153	-0.07008153	0.333333343	0.333333343	None
  8.5	0.0190370083	0.100640364	0.100640364	0.333333343	0.333333343	None
  8.533334	0.02582492	0.294795632	0.294795632	0.333333343	0.333333343	None
  8.633334	0.07318799	0.529996634	0.529996634	0.333333343	0.333333343	None
  8.700001	0.10318698	0.283334374	0.283334374	0.333333343	0.333333343	None
  8.766667	0.112222321	0.06495194	0.06495194	0.333333343	0.333333343	None
  8.866667	0.113095142	-0.0012024265	-0.0012024265	0.333333343	0.333333343	None
  9	0.106034271	-0.147386968	-0.147386968	0.333333343	0.333333343	None
  9.1	0.0891640261	-0.111491472	-0.111491472	0.333333343	0.333333343	None
  9.166667	0.0818582	-0.1742109	-0.1742109	0.333333343	0.333333343	None
  9.233334	0.065330714	-0.2969048	-0.2969048	0.333333343	0.333333343	None
  9.3	0.04704214	-0.167820349	-0.167820349	0.333333343	0.333333343	None
  9.333334	0.04383975	-0.0282205343	-0.0282205343	0.333333343	0.333333343	None
  9.400001	0.0483248271	0.0889918357	0.0889918357	0.333333343	0.333333343	None
  9.466667	0.0524787381	0.0342314579	0.0342314579	0.333333343	0.333333343	None
  9.533334	0.0546855219	0.04937993	0.04937993	0.333333343	0.333333343	None
  9.633334	0.059015654	-0.00609012926	-0.00609012926	0.333333343	0.333333343	None
  9.700001	0.0570766367	-0.03934965	-0.03934965	0.333333343	0.333333343	None
  9.8	0.0511732362	-0.06034155	-0.06034155	0.333333343	0.333333343	None
  9.833334	0.04916866	-0.08794626	-0.08794626	0.333333343	0.333333343	None
  9.866667	0.0453101844	-0.0568734519	-0.0568734519	0.333333343	0.333333343	None
  9.900001	0.0453771576	0.06664561	0.06664561	0.333333343	0.333333343	None
  9.933333	0.04975316	0.09490979	0.09490979	0.333333343	0.333333343	None
  9.966667	0.0517044365	-0.007304117	-0.007304117	0.333333343	0.333333343	None
  10.0333338	0.0455170646	-0.100769065	-0.100769065	0.333333343	0.333333343	None
  10.0666676	0.04254829	-0.07042466	-0.07042466	0.333333343	0.333333343	None
  10.1	0.0408220738	-0.0517795347	-0.0517795347	0.333333343	0.333333343	None
  10.1333342	0.0390963256	0.0123754144	0.0123754144	0.333333343	0.333333343	None
  10.166667	0.04164704	0.03826129	0.03826129	0.333333343	0.333333343	None
  10.2000008	0.04164704	0	0	0.333333343	0.333333343	None
FLOAT UnityEngine.Animator||RightHandQ.y discrete=False keys=127 pre=ClampForever post=ClampForever
  0	0.102437735	0.0588065349	0.0588065349	0.333333343	0.333333343	None
  0.166666672	0.107909136	-0.0104746949	-0.0104746949	0.333333343	0.333333343	None
  0.433333367	0.100049458	-0.0509155951	-0.0509155951	0.333333343	0.333333343	None
  0.5	0.09647781	-0.0245519653	-0.0245519653	0.333333343	0.333333343	None
  0.533333361	0.0967019349	-0.0062731225	-0.0062731225	0.333333343	0.333333343	None
  0.700000048	0.09395753	-0.00299223	-0.00299223	0.333333343	0.333333343	None
  0.866666734	0.09377495	0.0448877849	0.0448877849	0.333333343	0.333333343	None
  0.9666667	0.09752128	-0.005886784	-0.005886784	0.333333343	0.333333343	None
  1.03333342	0.09622604	-0.0100985039	-0.0100985039	0.333333343	0.333333343	None
  1.16666675	0.09237255	-0.06899788	-0.06899788	0.333333343	0.333333343	None
  1.23333335	0.08720339	-0.08552506	-0.08552506	0.333333343	0.333333343	None
  1.26666677	0.0841813	-0.0654107	-0.0654107	0.333333343	0.333333343	None
  1.33333337	0.08164255	-0.0283187516	-0.0283187516	0.333333343	0.333333343	None
  1.4000001	0.08284153	0.1383944	0.1383944	0.333333343	0.333333343	None
  1.4333334	0.09018104	0.449767768	0.449767768	0.333333343	0.333333343	None
  1.50000012	0.155083835	1.56059051	1.56059051	0.333333343	0.333333343	None
  1.56666672	0.2893871	2.1397953	2.1397953	0.333333343	0.333333343	None
  1.60000014	0.359518558	1.82897806	1.82897806	0.333333343	0.333333343	None
  1.73333347	0.462228328	-0.212109834	-0.212109834	0.333333343	0.333333343	None
  1.80000007	0.400376976	-1.8102448	-1.8102448	0.333333343	0.333333343	None
  1.83333337	0.325547755	-2.48629975	-2.48629975	0.333333343	0.333333343	None
  1.86666679	0.234623492	-3.08198452	-3.08198452	0.333333343	0.333333343	None
  1.9000001	0.120081991	-3.12671947	-3.12671947	0.333333343	0.333333343	None
  1.9333334	0.0261757374	-2.39362574	-2.39362574	0.333333343	0.333333343	None
  1.96666682	-0.0394931436	-1.90665531	-1.90665531	0.333333343	0.333333343	None
  2	-0.100934505	-1.87932873	-1.87932873	0.333333343	0.333333343	None
  2.03333354	-0.164781839	-1.97826183	-1.97826183	0.333333343	0.333333343	None
  2.06666684	-0.232818961	-1.83321071	-1.83321071	0.333333343	0.333333343	None
  2.10000014	-0.286995769	-1.33973956	-1.33973956	0.333333343	0.333333343	None
  2.16666675	-0.347918451	-0.6254381	-0.6254381	0.333333343	0.333333343	None
  2.23333335	-0.3649372	0.3830675	0.3830675	0.333333343	0.333333343	None
  2.30000019	-0.286105633	1.880873	1.880873	0.333333343	0.333333343	None
  2.36666679	-0.133038282	2.28257942	2.28257942	0.333333343	0.333333343	None
  2.4	-0.06072946	1.91909766	1.91909766	0.333333343	0.333333343	None
  2.4333334	-0.005098559	1.6243701	1.6243701	0.333333343	0.333333343	None
  2.4666667	0.0475617722	1.35081077	1.35081077	0.333333343	0.333333343	None
  2.50000024	0.08495568	1.08673048	1.08673048	0.333333343	0.333333343	None
  2.53333354	0.120010674	0.9802196	0.9802196	0.333333343	0.333333343	None
  2.60000014	0.1787441	0.7993283	0.7993283	0.333333343	0.333333343	None
  2.73333359	0.26050967	0.524042964	0.524042964	0.333333343	0.333333343	None
  2.86666679	0.320396543	0.355572283	0.355572283	0.333333343	0.333333343	None
  2.966667	0.329527	-0.3422638	-0.3422638	0.333333343	0.333333343	None
  3.13333344	0.187011912	-1.19836807	-1.19836807	0.333333343	0.333333343	None
  3.20000029	0.110818036	-0.937955737	-0.937955737	0.333333343	0.333333343	None
  3.23333359	0.08382653	-0.709679842	-0.709679842	0.333333343	0.333333343	None
  3.266667	0.06350609	-0.44585827	-0.44585827	0.333333343	0.333333343	None
  3.30000019	0.05410267	-0.216250286	-0.216250286	0.333333343	0.333333343	None
  3.4333334	0.0534437969	0.132044226	0.132044226	0.333333343	0.333333343	None
  3.53333354	0.07556401	0.3268513	0.3268513	0.333333343	0.333333343	None
  3.66666675	0.128637508	0.36888507	0.36888507	0.333333343	0.333333343	None
  3.73333359	0.144701421	0.09989629	0.09989629	0.333333343	0.333333343	None
  3.80000019	0.143845782	-0.1516167	-0.1516167	0.333333343	0.333333343	None
  3.86666679	0.127592891	-0.2233339	-0.2233339	0.333333343	0.333333343	None
  4.033334	0.105773464	-0.1751388	-0.1751388	0.333333343	0.333333343	None
  4.13333368	0.08772071	-0.048080653	-0.048080653	0.333333343	0.333333343	None
  4.23333359	0.09747177	0.08383878	0.08383878	0.333333343	0.333333343	None
  4.3	0.102261074	0.156895861	0.156895861	0.333333343	0.333333343	None
  4.4333334	0.1436962	0.3615241	0.3615241	0.333333343	0.333333343	None
  4.5	0.1604169	0.09580282	0.09580282	0.333333343	0.333333343	None
  4.60000038	0.160615534	-0.00538968062	-0.00538968062	0.333333343	0.333333343	None
  4.70000029	0.160699621	-0.008490764	-0.008490764	0.333333343	0.333333343	None
  4.766667	0.1549929	-0.18718864	-0.18718864	0.333333343	0.333333343	None
  4.83333349	0.143082455	-0.03988672	-0.03988672	0.333333343	0.333333343	None
  4.9	0.146004573	0.0327855647	0.0327855647	0.333333343	0.333333343	None
  5.033334	0.135420471	-0.213084489	-0.213084489	0.333333343	0.333333343	None
  5.13333368	0.110362276	-0.0972167552	-0.0972167552	0.333333343	0.333333343	None
  5.166667	0.110154167	-0.016370656	-0.016370656	0.333333343	0.333333343	None
  5.23333359	0.106424347	-0.08868006	-0.08868006	0.333333343	0.333333343	None
  5.3	0.102907419	0.016542092	0.016542092	0.333333343	0.333333343	None
  5.4333334	0.115854643	0.09944323	0.09944323	0.333333343	0.333333343	None
  5.50000048	0.121654645	0.08791865	0.08791865	0.333333343	0.333333343	None
  5.533334	0.124797717	0.0548188165	0.0548188165	0.333333343	0.333333343	None
  5.63333368	0.12856251	0.0911829	0.0911829	0.333333343	0.333333343	None
  5.666667	0.132793978	0.155441761	0.155441761	0.333333343	0.333333343	None
  5.70000029	0.138925284	0.09074436	0.09074436	0.333333343	0.333333343	None
  5.8	0.133213222	0.0124126039	0.0124126039	0.333333343	0.333333343	None
  5.83333349	0.136518449	0.08695485	0.08695485	0.333333343	0.333333343	None
  5.9	0.142254055	0.130363032	0.130363032	0.333333343	0.333333343	None
  5.966667	0.151658058	0.0703624561	0.0703624561	0.333333343	0.333333343	None
  6.033334	0.152438328	0.003370646	0.003370646	0.333333343	0.333333343	None
  6.10000038	0.150126	-0.1435712	-0.1435712	0.333333343	0.333333343	None
  6.166667	0.133624047	-0.2518174	-0.2518174	0.333333343	0.333333343	None
  6.20000029	0.126257464	-0.308166772	-0.308166772	0.333333343	0.333333343	None
  6.3	0.08319032	-0.296705782	-0.296705782	0.333333343	0.333333343	None
  6.33333349	0.07716194	-0.18471396	-0.18471396	0.333333343	0.333333343	None
  6.366667	0.07087607	-0.235334724	-0.235334724	0.333333343	0.333333343	None
  6.433334	0.0522132739	-0.199697465	-0.199697465	0.333333343	0.333333343	None
  6.466667	0.048159685	0.0322954468	0.0322954468	0.333333343	0.333333343	None
  6.50000048	0.0543663	0.257547349	0.257547349	0.333333343	0.333333343	None
  6.533334	0.06532949	0.2894442	0.2894442	0.333333343	0.333333343	None
  6.566667	0.0736625642	0.204438835	0.204438835	0.333333343	0.333333343	None
  6.63333368	0.0872046947	0.372423053	0.372423053	0.333333343	0.333333343	None
  6.70000029	0.122378387	0.470261872	0.470261872	0.333333343	0.333333343	None
  6.866667	0.157861233	0.16368264	0.16368264	0.333333343	0.333333343	None
  6.933334	0.166395873	-0.00760094076	-0.00760094076	0.333333343	0.333333343	None
  7.10000038	0.1286006	-0.14636381	-0.14636381	0.333333343	0.333333343	None
  7.20000029	0.119883493	-0.09238699	-0.09238699	0.333333343	0.333333343	None
  7.3	0.112893417	-0.0225219727	-0.0225219727	0.333333343	0.333333343	None
  7.466667	0.11034634	-0.00241823727	-0.00241823727	0.333333343	0.333333343	None
  7.63333368	0.103855565	-0.08515463	-0.08515463	0.333333343	0.333333343	None
  7.86666727	0.09493088	0.02937625	0.02937625	0.333333343	0.333333343	None
  7.933334	0.10317935	0.3589966	0.3589966	0.333333343	0.333333343	None
  8	0.14040713	0.5803773	0.5803773	0.333333343	0.333333343	None
  8.066668	0.174937353	0.493754655	0.493754655	0.333333343	0.333333343	None
  8.166667	0.212234616	-0.0157409236	-0.0157409236	0.333333343	0.333333343	None
  8.200001	0.205271989	-0.139329612	-0.139329612	0.333333343	0.333333343	None
  8.266667	0.2029706	-0.0243997686	-0.0243997686	0.333333343	0.333333343	None
  8.333334	0.189553916	-0.5226515	-0.5226515	0.333333343	0.333333343	None
  8.400001	0.142130226	-0.6521337	-0.6521337	0.333333343	0.333333343	None
  8.433333	0.123000443	-0.436432779	-0.436432779	0.333333343	0.333333343	None
  8.533334	0.110388204	0.0634982139	0.0634982139	0.333333343	0.333333343	None
  8.633334	0.122362584	0.07661481	0.07661481	0.333333343	0.333333343	None
  8.700001	0.123953559	0.0537485778	0.0537485778	0.333333343	0.333333343	None
  8.766667	0.129131585	0.0345119126	0.0345119126	0.333333343	0.333333343	None
  9	0.133241981	0.0334131271	0.0334131271	0.333333343	0.333333343	None
  9.1	0.1324096	-0.106653221	-0.106653221	0.333333343	0.333333343	None
  9.200001	0.119719848	-0.05989044	-0.05989044	0.333333343	0.333333343	None
  9.333334	0.121960193	0.0398851447	0.0398851447	0.333333343	0.333333343	None
  9.566668	0.135430068	0.0242069047	0.0242069047	0.333333343	0.333333343	None
  9.733334	0.134428754	-0.0486351848	-0.0486351848	0.333333343	0.333333343	None
  9.833334	0.12874344	-0.0353128836	-0.0353128836	0.333333343	0.333333343	None
  9.900001	0.1265576	-0.114210889	-0.114210889	0.333333343	0.333333343	None
  9.966667	0.114815578	-0.153584361	-0.153584361	0.333333343	0.333333343	None
  10.0333338	0.106728427	-0.115290135	-0.115290135	0.333333343	0.333333343	None
  10.1	0.101282611	-0.0267903078	-0.0267903078	0.333333343	0.333333343	None
  10.166667	0.100796692	-0.00715020765	-0.00715020765	0.333333343	0.333333343	None
  10.2000008	0.100796692	0	0	0.333333343	0.333333343	None
FLOAT UnityEngine.Animator||RightHandQ.z discrete=False keys=41 pre=ClampForever post=ClampForever
  0	0.651088	0.0250071269	0.0250071269	0.333333343	0.333333343	None
  0.9333334	0.677611232	0.02938449	0.02938449	0.333333343	0.333333343	None
  1.4666667	0.695493162	0.06869576	0.06869576	0.333333343	0.333333343	None
  1.53333342	0.695000947	-0.225422	-0.225422	0.333333343	0.333333343	None
  1.63333344	0.676555455	0.145155028	0.145155028	0.333333343	0.333333343	None
  1.73333347	0.6643273	-0.849107563	-0.849107563	0.333333343	0.333333343	None
  1.83333337	0.534342647	-1.47855806	-1.47855806	0.333333343	0.333333343	None
  1.86666679	0.484880418	-1.760272	-1.760272	0.333333343	0.333333343	None
  1.9000001	0.4169911	-2.15562725	-2.15562725	0.333333343	0.333333343	None
  1.9333334	0.341172069	-1.967292	-1.967292	0.333333343	0.333333343	None
  1.96666682	0.285838246	-1.24733424	-1.24733424	0.333333343	0.333333343	None
  2.06666684	0.259643376	0.397283375	0.397283375	0.333333343	0.333333343	None
  2.16666675	0.359961778	1.6740402	1.6740402	0.333333343	0.333333343	None
  2.266667	0.5587325	1.609447	1.609447	0.333333343	0.333333343	None
  2.50000024	0.581670642	-0.5369034	-0.5369034	0.333333343	0.333333343	None
  2.766667	0.5628292	0.5900016	0.5900016	0.333333343	0.333333343	None
  2.9333334	0.6880929	0.5585196	0.5585196	0.333333343	0.333333343	None
  3.13333344	0.731634438	-0.162943453	-0.162943453	0.333333343	0.333333343	None
  3.36666679	0.6902538	-0.09466687	-0.09466687	0.333333343	0.333333343	None
  3.70000029	0.6664468	0.07229696	0.07229696	0.333333343	0.333333343	None
  3.966667	0.6913025	0.13306123	0.13306123	0.333333343	0.333333343	None
  4.23333359	0.6655381	-0.110344395	-0.110344395	0.333333343	0.333333343	None
  4.60000038	0.672364	0.25359416	0.25359416	0.333333343	0.333333343	None
  4.766667	0.70510453	0.0849858746	0.0849858746	0.333333343	0.333333343	None
  5.066667	0.6995088	-0.103816792	-0.103816792	0.333333343	0.333333343	None
  5.533334	0.706082046	0.0203794446	0.0203794446	0.333333343	0.333333343	None
  5.866667	0.704309762	-0.122659326	-0.122659326	0.333333343	0.333333343	None
  6.066667	0.6856808	-0.05215203	-0.05215203	0.333333343	0.333333343	None
  6.3	0.6741741	0.09476432	0.09476432	0.333333343	0.333333343	None
  6.50000048	0.664708138	-0.02464863	-0.02464863	0.333333343	0.333333343	None
  6.73333359	0.675344169	0.0100529287	0.0100529287	0.333333343	0.333333343	None
  7.066667	0.6771892	-0.0131124388	-0.0131124388	0.333333343	0.333333343	None
  7.50000048	0.665881336	-0.070763	-0.070763	0.333333343	0.333333343	None
  7.966667	0.6758859	0.0623231269	0.0623231269	0.333333343	0.333333343	None
  8.166667	0.669267058	-0.152548864	-0.152548864	0.333333343	0.333333343	None
  8.366667	0.6466321	-0.06713176	-0.06713176	0.333333343	0.333333343	None
  8.666667	0.6499767	-0.07839475	-0.07839475	0.333333343	0.333333343	None
  8.933333	0.63301456	0.0657730848	0.0657730848	0.333333343	0.333333343	None
  9.400001	0.6449393	-0.0442615934	-0.0442615934	0.333333343	0.333333343	None
  10.1	0.652256668	-0.021726802	-0.021726802	0.333333343	0.333333343	None
  10.2000008	0.6509556	0	0	0.333333343	0.333333343	None
FLOAT UnityEngine.Animator||RightHandT.x discrete=False keys=36 pre=ClampForever post=ClampForever
  0	0.2836345	-0.034224093	-0.034224093	0.333333343	0.333333343	None
  0.6	0.292245746	0.0430990756	0.0430990756	0.333333343	0.333333343	None
  1.36666679	0.3081329	-0.004929458	-0.004929458	0.333333343	0.333333343	None
  1.53333342	0.28400287	-0.494891733	-0.494891733	0.333333343	0.333333343	None
  1.60000014	0.242038116	-0.669753253	-0.669753253	0.333333343	0.333333343	None
  1.66666675	0.210397139	-0.07455386	-0.07455386	0.333333343	0.333333343	None
  1.86666679	0.383859873	1.25009739	1.25009739	0.333333343	0.333333343	None
  1.9333334	0.4515377	0.619692	0.619692	0.333333343	0.333333343	None
  2.13333344	0.413873851	-0.796179652	-0.796179652	0.333333343	0.333333343	None
  2.23333335	0.336513847	-0.5542997	-0.5542997	0.333333343	0.333333343	None
  2.4	0.323354155	0.3192024	0.3192024	0.333333343	0.333333343	None
  2.56666684	0.3775715	0.131842762	0.131842762	0.333333343	0.333333343	None
  2.766667	0.3269555	-0.5637307	-0.5637307	0.333333343	0.333333343	None
  2.966667	0.23668541	-0.1525381	-0.1525381	0.333333343	0.333333343	None
  3.266667	0.3128004	0.311674327	0.311674327	0.333333343	0.333333343	None
  3.60000014	0.3379262	-0.11236544	-0.11236544	0.333333343	0.333333343	None
  3.93333364	0.316032261	0.0820933655	0.0820933655	0.333333343	0.333333343	None
  4.166667	0.344456673	0.08958855	0.08958855	0.333333343	0.333333343	None
  4.5	0.3273331	-0.223371089	-0.223371089	0.333333343	0.333333343	None
  4.73333359	0.276871145	-0.118771464	-0.118771464	0.333333343	0.333333343	None
  5.20000029	0.2823634	0.00483423937	0.00483423937	0.333333343	0.333333343	None
  5.63333368	0.261711657	-0.04727085	-0.04727085	0.333333343	0.333333343	None
  5.866667	0.2769878	0.148217678	0.148217678	0.333333343	0.333333343	None
  6.3	0.327218384	0.1556769	0.1556769	0.333333343	0.333333343	None
  6.566667	0.334434181	-0.111960426	-0.111960426	0.333333343	0.333333343	None
  7.00000048	0.289467156	-0.0224635229	-0.0224635229	0.333333343	0.333333343	None
  7.433334	0.2957948	0.06028852	0.06028852	0.333333343	0.333333343	None
  7.833334	0.3019822	-0.0433554277	-0.0433554277	0.333333343	0.333333343	None
  8.133334	0.2758231	-0.097118184	-0.097118184	0.333333343	0.333333343	None
  8.333334	0.283619046	0.141631991	0.141631991	0.333333343	0.333333343	None
  8.566668	0.299191147	-0.0456205979	-0.0456205979	0.333333343	0.333333343	None
  8.766667	0.2898512	-0.00529828854	-0.00529828854	0.333333343	0.333333343	None
  9.233334	0.275279522	0.0225895233	0.0225895233	0.333333343	0.333333343	None
  9.566668	0.277728319	-0.0376453027	-0.0376453027	0.333333343	0.333333343	None
  10.0333338	0.277531356	0.0557081625	0.0557081625	0.333333343	0.333333343	None
  10.2000008	0.28383705	0	0	0.333333343	0.333333343	None
FLOAT UnityEngine.Animator||RightHandT.y discrete=False keys=78 pre=ClampForever post=ClampForever
  0	-0.07908002	0.00198684633	0.00198684633	0.333333343	0.333333343	None
  0.4666667	-0.08449113	-0.0169229582	-0.0169229582	0.333333343	0.333333343	None
  0.733333349	-0.08877535	-0.0225044079	-0.0225044079	0.333333343	0.333333343	None
  1	-0.09129518	-0.0155407079	-0.0155407079	0.333333343	0.333333343	None
  1.23333335	-0.09716439	-0.0305332355	-0.0305332355	0.333333343	0.333333343	None
  1.4333334	-0.09739867	0.0524660721	0.0524660721	0.333333343	0.333333343	None
  1.4666667	-0.09528414	0.04039944	0.04039944	0.333333343	0.333333343	None
  1.53333342	-0.09063494	0.206624165	0.206624165	0.333333343	0.333333343	None
  1.56666672	-0.08093044	0.394676924	0.394676924	0.333333343	0.333333343	None
  1.60000014	-0.06432311	0.54249984	0.54249984	0.333333343	0.333333343	None
  1.63333344	-0.0447637625	0.6614063	0.6614063	0.333333343	0.333333343	None
  1.66666675	-0.0202294048	0.7308481	0.7308481	0.333333343	0.333333343	None
  1.7	0.003959395	0.6762321	0.6762321	0.333333343	0.333333343	None
  1.73333347	0.02485277	0.5267157	0.5267157	0.333333343	0.333333343	None
  1.76666677	0.0390738174	0.313278824	0.313278824	0.333333343	0.333333343	None
  1.80000007	0.0457380041	0.125829026	0.125829026	0.333333343	0.333333343	None
  1.83333337	0.04746241	-0.06322181	-0.06322181	0.333333343	0.333333343	None
  1.86666679	0.0415232	-0.201158	-0.201158	0.333333343	0.333333343	None
  1.9000001	0.03405187	-0.2031236	-0.2031236	0.333333343	0.333333343	None
  1.9333334	0.0279816389	-0.158066258	-0.158066258	0.333333343	0.333333343	None
  2	0.0183929186	-0.19084987	-0.19084987	0.333333343	0.333333343	None
  2.03333354	0.0107907644	-0.2917598	-0.2917598	0.333333343	0.333333343	None
  2.06666684	-0.00105776929	-0.3977108	-0.3977108	0.333333343	0.333333343	None
  2.10000014	-0.015723262	-0.476442456	-0.476442456	0.333333343	0.333333343	None
  2.2	-0.06698823	-0.444474876	-0.444474876	0.333333343	0.333333343	None
  2.30000019	-0.100540616	-0.217664391	-0.217664391	0.333333343	0.333333343	None
  2.4	-0.102549344	0.203434	0.203434	0.333333343	0.333333343	None
  2.50000024	-0.06586937	0.4384753	0.4384753	0.333333343	0.333333343	None
  2.56666684	-0.036978703	0.392997116	0.392997116	0.333333343	0.333333343	None
  2.63333344	-0.01433603	0.279346675	0.279346675	0.333333343	0.333333343	None
  2.66666675	-0.006098433	0.20569849	0.20569849	0.333333343	0.333333343	None
  2.7	-0.000622809748	0.1288545	0.1288545	0.333333343	0.333333343	None
  2.766667	0.00334096956	-0.00731470156	-0.00731470156	0.333333343	0.333333343	None
  2.80000019	0.00200423459	-0.07263486	-0.07263486	0.333333343	0.333333343	None
  2.83333349	-0.0015013502	-0.147110134	-0.147110134	0.333333343	0.333333343	None
  2.86666679	-0.00780309876	-0.221634954	-0.221634954	0.333333343	0.333333343	None
  2.966667	-0.0389012024	-0.386437863	-0.386437863	0.333333343	0.333333343	None
  3.10000014	-0.0901759	-0.308281	-0.308281	0.333333343	0.333333343	None
  3.20000029	-0.110027157	-0.06761089	-0.06761089	0.333333343	0.333333343	None
  3.36666679	-0.100603126	0.092736125	0.092736125	0.333333343	0.333333343	None
  3.60000014	-0.08304709	0.0803303346	0.0803303346	0.333333343	0.333333343	None
  3.73333359	-0.0770572	-0.0226939674	-0.0226939674	0.333333343	0.333333343	None
  3.86666679	-0.0854327157	-0.07389392	-0.07389392	0.333333343	0.333333343	None
  4.033334	-0.09735514	-0.0116470894	-0.0116470894	0.333333343	0.333333343	None
  4.20000029	-0.0925830752	0.040059723	0.040059723	0.333333343	0.333333343	None
  4.4	-0.08039763	0.063215144	0.063215144	0.333333343	0.333333343	None
  4.60000038	-0.07790363	-0.039370507	-0.039370507	0.333333343	0.333333343	None
  4.73333359	-0.09017379	-0.107480578	-0.107480578	0.333333343	0.333333343	None
  4.866667	-0.0965499058	-0.000282861642	-0.000282861642	0.333333343	0.333333343	None
  5.166667	-0.09215475	0.00403438136	0.00403438136	0.333333343	0.333333343	None
  5.366667	-0.09497883	-0.007698171	-0.007698171	0.333333343	0.333333343	None
  5.63333368	-0.0982578	-0.00017803174	-0.00017803174	0.333333343	0.333333343	None
  5.866667	-0.0993991047	0.0158390179	0.0158390179	0.333333343	0.333333343	None
  6.066667	-0.09800026	0.0158013552	0.0158013552	0.333333343	0.333333343	None
  6.166667	-0.09429907	0.0457853526	0.0457853526	0.333333343	0.333333343	None
  6.266667	-0.09548083	-0.08513373	-0.08513373	0.333333343	0.333333343	None
  6.366667	-0.102886677	-0.003018925	-0.003018925	0.333333343	0.333333343	None
  6.533334	-0.09105349	0.045482263	0.045482263	0.333333343	0.333333343	None
  6.70000029	-0.09060883	0.0275967158	0.0275967158	0.333333343	0.333333343	None
  6.83333349	-0.0855278	0.01994336	0.01994336	0.333333343	0.333333343	None
  6.933334	-0.08527454	-0.016311422	-0.016311422	0.333333343	0.333333343	None
  7.10000038	-0.08568152	-0.00705231633	-0.00705231633	0.333333343	0.333333343	None
  7.36666727	-0.0845701	0.009889159	0.009889159	0.333333343	0.333333343	None
  7.566667	-0.08076239	0.002124982	0.002124982	0.333333343	0.333333343	None
  7.833334	-0.08464309	-0.0167809222	-0.0167809222	0.333333343	0.333333343	None
  7.966667	-0.08663472	0.019636469	0.019636469	0.333333343	0.333333343	None
  8.1	-0.07976429	0.122554854	0.122554854	0.333333343	0.333333343	None
  8.200001	-0.06769667	0.00526545569	0.00526545569	0.333333343	0.333333343	None
  8.3	-0.07924705	-0.147977978	-0.147977978	0.333333343	0.333333343	None
  8.433333	-0.09347978	-0.0350868739	-0.0350868739	0.333333343	0.333333343	None
  8.633334	-0.08097677	0.11838007	0.11838007	0.333333343	0.333333343	None
  8.8	-0.06857995	0.0233992022	0.0233992022	0.333333343	0.333333343	None
  9.033334	-0.0701007545	-0.0390659645	-0.0390659645	0.333333343	0.333333343	None
  9.333334	-0.0803347751	0.00125646242	0.00125646242	0.333333343	0.333333343	None
  9.700001	-0.0803000554	-0.0138683543	-0.0138683543	0.333333343	0.333333343	None
  9.900001	-0.08034413	0.0110026486	0.0110026486	0.333333343	0.333333343	None
  10.1333342	-0.07961925	0.0142192375	0.0142192375	0.333333343	0.333333343	None
  10.2000008	-0.07902663	-3.35271648E-06	-3.35271648E-06	0.333333343	0.333333343	None
FLOAT UnityEngine.Animator||RightHandT.z discrete=False keys=128 pre=ClampForever post=ClampForever
  0	0.0310867187	0.038169004	0.038169004	0.333333343	0.333333343	None
  0.06666667	0.0334472	0.022554975	0.022554975	0.333333343	0.333333343	None
  0.166666672	0.0338992961	-0.0171235539	-0.0171235539	0.333333343	0.333333343	None
  0.233333349	0.03243826	-0.0152844582	-0.0152844582	0.333333343	0.333333343	None
  0.400000036	0.0296852048	-0.0178222954	-0.0178222954	0.333333343	0.333333343	None
  0.4666667	0.0286847558	-0.0128623163	-0.0128623163	0.333333343	0.333333343	None
  0.5	0.0282582622	-0.00144147407	-0.00144147407	0.333333343	0.333333343	None
  0.533333361	0.0285886582	0.00114139076	0.00114139076	0.333333343	0.333333343	None
  0.7666667	0.0258563068	0.008741675	0.008741675	0.333333343	0.333333343	None
  0.9333334	0.0298903342	0.02765307	0.02765307	0.333333343	0.333333343	None
  0.9666667	0.0306817424	0.0283935275	0.0283935275	0.333333343	0.333333343	None
  1.03333342	0.03249214	0.0103792269	0.0103792269	0.333333343	0.333333343	None
  1.2	0.0274940282	-0.0610453449	-0.0610453449	0.333333343	0.333333343	None
  1.26666677	0.0233379342	-0.04639095	-0.04639095	0.333333343	0.333333343	None
  1.33333337	0.021484606	-0.0191762187	-0.0191762187	0.333333343	0.333333343	None
  1.36666679	0.0209337566	0.0119939847	0.0119939847	0.333333343	0.333333343	None
  1.4000001	0.0222842023	0.1089371	0.1089371	0.333333343	0.333333343	None
  1.4333334	0.0281962231	0.3451111	0.3451111	0.333333343	0.333333343	None
  1.4666667	0.0452915877	0.685191	0.685191	0.333333343	0.333333343	None
  1.50000012	0.07387568	0.9950837	0.9950837	0.333333343	0.333333343	None
  1.53333342	0.111630537	1.140239	1.140239	0.333333343	0.333333343	None
  1.63333344	0.21107401	0.6203645	0.6203645	0.333333343	0.333333343	None
  1.73333347	0.2150465	-0.5271299	-0.5271299	0.333333343	0.333333343	None
  1.83333337	0.121699788	-1.25054717	-1.25054717	0.333333343	0.333333343	None
  1.86666679	0.07709644	-1.46965325	-1.46965325	0.333333343	0.333333343	None
  1.9000001	0.0237228386	-1.55616069	-1.55616069	0.333333343	0.333333343	None
  1.9333334	-0.0266475063	-1.481123	-1.481123	0.333333343	0.333333343	None
  1.96666682	-0.07501877	-1.31886292	-1.31886292	0.333333343	0.333333343	None
  2	-0.114571653	-1.13069117	-1.13069117	0.333333343	0.333333343	None
  2.16666675	-0.2373758	-0.216522411	-0.216522411	0.333333343	0.333333343	None
  2.33333349	-0.158061415	1.06359816	1.06359816	0.333333343	0.333333343	None
  2.36666679	-0.119685411	1.14716136	1.14716136	0.333333343	0.333333343	None
  2.4333334	-0.04398811	1.109325	1.109325	0.333333343	0.333333343	None
  2.4666667	-0.00762913376	1.043242	1.043242	0.333333343	0.333333343	None
  2.53333354	0.0564403348	0.9063487	0.9063487	0.333333343	0.333333343	None
  2.60000014	0.11201565	0.7349602	0.7349602	0.333333343	0.333333343	None
  2.80000019	0.195738822	0.04409176	0.04409176	0.333333343	0.333333343	None
  3.10000014	0.08873272	-0.5990443	-0.5990443	0.333333343	0.333333343	None
  3.20000029	0.02950582	-0.5224253	-0.5224253	0.333333343	0.333333343	None
  3.23333359	0.013284076	-0.446750283	-0.446750283	0.333333343	0.333333343	None
  3.266667	-0.000277504674	-0.345548272	-0.345548272	0.333333343	0.333333343	None
  3.33333349	-0.0154060228	-0.119938046	-0.119938046	0.333333343	0.333333343	None
  3.466667	-0.00434956	0.28580755	0.28580755	0.333333343	0.333333343	None
  3.50000024	0.0069232164	0.335092664	0.335092664	0.333333343	0.333333343	None
  3.53333354	0.0179899279	0.33784008	0.33784008	0.333333343	0.333333343	None
  3.56666684	0.029445868	0.3203401	0.3203401	0.333333343	0.333333343	None
  3.66666675	0.0558480471	0.20663023	0.20663023	0.333333343	0.333333343	None
  3.83333349	0.06482386	-0.149873316	-0.149873316	0.333333343	0.333333343	None
  3.93333364	0.04106842	-0.254756153	-0.254756153	0.333333343	0.333333343	None
  4	0.0257420931	-0.198411	-0.198411	0.333333343	0.333333343	None
  4.066667	0.0143054184	-0.142868489	-0.142868489	0.333333343	0.333333343	None
  4.10000038	0.0100341374	-0.11910969	-0.11910969	0.333333343	0.333333343	None
  4.13333368	0.00636478048	-0.08526255	-0.08526255	0.333333343	0.333333343	None
  4.23333359	0.00497975247	0.054088518	0.054088518	0.333333343	0.333333343	None
  4.266667	0.00751612848	0.104992315	0.104992315	0.333333343	0.333333343	None
  4.33333349	0.0184290521	0.221095741	0.221095741	0.333333343	0.333333343	None
  4.4	0.036007233	0.292132258	0.292132258	0.333333343	0.333333343	None
  4.4666667	0.0548876077	0.224548832	0.224548832	0.333333343	0.333333343	None
  4.60000038	0.06774696	-0.0170511547	-0.0170511547	0.333333343	0.333333343	None
  4.70000029	0.0633833855	-0.0594984964	-0.0594984964	0.333333343	0.333333343	None
  4.9	0.0478369147	-0.04891745	-0.04891745	0.333333343	0.333333343	None
  4.9666667	0.045833163	-0.0132655054	-0.0132655054	0.333333343	0.333333343	None
  5.033334	0.0446688049	-0.04406974	-0.04406974	0.333333343	0.333333343	None
  5.10000038	0.04008845	-0.06506453	-0.06506453	0.333333343	0.333333343	None
  5.20000029	0.03567126	-0.03725268	-0.03725268	0.333333343	0.333333343	None
  5.3	0.03283793	-0.0257401783	-0.0257401783	0.333333343	0.333333343	None
  5.4333334	0.0309086628	0.0159044918	0.0159044918	0.333333343	0.333333343	None
  5.566667	0.03571902	0.0125915864	0.0125915864	0.333333343	0.333333343	None
  5.63333368	0.0348651633	-0.0164103843	-0.0164103843	0.333333343	0.333333343	None
  5.666667	0.0345681421	-0.020631738	-0.020631738	0.333333343	0.333333343	None
  5.766667	0.03144597	-0.0023638662	-0.0023638662	0.333333343	0.333333343	None
  5.866667	0.03541183	0.0674544349	0.0674544349	0.333333343	0.333333343	None
  5.9	0.03792182	0.0869500563	0.0869500563	0.333333343	0.333333343	None
  5.966667	0.0438088141	0.0491160452	0.0491160452	0.333333343	0.333333343	None
  6.033334	0.04455392	-0.009505982	-0.009505982	0.333333343	0.333333343	None
  6.13333368	0.0356627628	-0.205545723	-0.205545723	0.333333343	0.333333343	None
  6.166667	0.0271387566	-0.250646174	-0.250646174	0.333333343	0.333333343	None
  6.20000029	0.0189530328	-0.3152182	-0.3152182	0.333333343	0.333333343	None
  6.23333359	0.00612423057	-0.397389531	-0.397389531	0.333333343	0.333333343	None
  6.266667	-0.00753957825	-0.388797969	-0.388797969	0.333333343	0.333333343	None
  6.3	-0.01979561	-0.324177384	-0.324177384	0.333333343	0.333333343	None
  6.433334	-0.04039611	0.0266740918	0.0266740918	0.333333343	0.333333343	None
  6.466667	-0.0378317721	0.07424937	0.07424937	0.333333343	0.333333343	None
  6.533334	-0.03352584	0.0500052534	0.0500052534	0.333333343	0.333333343	None
  6.63333368	-0.02715054	0.12814559	0.12814559	0.333333343	0.333333343	None
  6.666667	-0.02171234	0.1770606	0.1770606	0.333333343	0.333333343	None
  6.73333359	-0.008356223	0.208375946	0.208375946	0.333333343	0.333333343	None
  6.766667	-0.00145479385	0.190969452	0.190969452	0.333333343	0.333333343	None
  6.8	0.004375062	0.154346377	0.154346377	0.333333343	0.333333343	None
  6.866667	0.0128338365	0.127156109	0.127156109	0.333333343	0.333333343	None
  6.90000057	0.0173120834	0.117938325	0.117938325	0.333333343	0.333333343	None
  6.966667	0.0233756118	0.06789259	0.06789259	0.333333343	0.333333343	None
  7.00000048	0.0252226163	0.03922698	0.03922698	0.333333343	0.333333343	None
  7.066667	0.0267574564	0.026386451	0.026386451	0.333333343	0.333333343	None
  7.13333368	0.0292200875	0.0500957221	0.0500957221	0.333333343	0.333333343	None
  7.20000029	0.03239697	0.0342169739	0.0342169739	0.333333343	0.333333343	None
  7.33333349	0.0354161039	0.0307300612	0.0307300612	0.333333343	0.333333343	None
  7.533334	0.04138015	-0.005636052	-0.005636052	0.333333343	0.333333343	None
  7.63333368	0.0386916175	-0.04549226	-0.04549226	0.333333343	0.333333343	None
  7.833334	0.03050553	-0.0250572637	-0.0250572637	0.333333343	0.333333343	None
  7.86666727	0.02980317	-0.0220699348	-0.0220699348	0.333333343	0.333333343	None
  7.90000057	0.0290342029	-0.009922478	-0.009922478	0.333333343	0.333333343	None
  7.933334	0.029141672	0.04833527	0.04833527	0.333333343	0.333333343	None
  8.066668	0.04736524	0.126592562	0.126592562	0.333333343	0.333333343	None
  8.1	0.0510721765	0.0966299549	0.0966299549	0.333333343	0.333333343	None
  8.133334	0.0538072176	0.02486049	0.02486049	0.333333343	0.333333343	None
  8.233334	0.0395856351	-0.276903719	-0.276903719	0.333333343	0.333333343	None
  8.266667	0.0293306038	-0.308423877	-0.308423877	0.333333343	0.333333343	None
  8.3	0.0190240648	-0.318134964	-0.318134964	0.333333343	0.333333343	None
  8.333334	0.008121619	-0.3308191	-0.3308191	0.333333343	0.333333343	None
  8.366667	-0.003030517	-0.312656879	-0.312656879	0.333333343	0.333333343	None
  8.466667	-0.0252793822	-0.09413981	-0.09413981	0.333333343	0.333333343	None
  8.533334	-0.0245217141	0.114115238	0.114115238	0.333333343	0.333333343	None
  8.6	-0.0116839856	0.23129195	0.23129195	0.333333343	0.333333343	None
  8.633334	-0.00360234617	0.241504446	0.241504446	0.333333343	0.333333343	None
  8.700001	0.0120654963	0.216846809	0.216846809	0.333333343	0.333333343	None
  8.766667	0.0245405361	0.14904809	0.14904809	0.333333343	0.333333343	None
  8.833334	0.03241362	0.105192132	0.105192132	0.333333343	0.333333343	None
  8.900001	0.03831089	0.06659657	0.06659657	0.333333343	0.333333343	None
  9.133334	0.0420004651	-0.04116398	-0.04116398	0.333333343	0.333333343	None
  9.266667	0.03679725	-0.009110998	-0.009110998	0.333333343	0.333333343	None
  9.433333	0.0443116538	0.0777926445	0.0777926445	0.333333343	0.333333343	None
  9.666667	0.0549107641	-0.012226304	-0.012226304	0.333333343	0.333333343	None
  9.8	0.0497953668	-0.0423658229	-0.0423658229	0.333333343	0.333333343	None
  9.900001	0.0445385873	-0.06581418	-0.06581418	0.333333343	0.333333343	None
  10.000001	0.0377461948	-0.07448141	-0.07448141	0.333333343	0.333333343	None
  10.1	0.031657178	-0.0272174887	-0.0272174887	0.333333343	0.333333343	None
  10.2000008	0.0312279388	6.70543329E-07	6.70543329E-07	0.333333343	0.333333343	None
FLOAT UnityEngine.Animator||RootQ.w discrete=False keys=13 pre=ClampForever post=ClampForever
  0	0.999115	6.0796734E-05	6.0796734E-05	0.333333343	0.333333343	None
  1.4333334	0.999588549	-0.0152546316	-0.0152546316	0.333333343	0.333333343	None
  1.63333344	0.926193237	-0.840571165	-0.840571165	0.333333343	0.333333343	None
  1.80000007	0.845115662	0.015695408	0.015695408	0.333333343	0.333333343	None
  2	0.8771826	0.1912341	0.1912341	0.333333343	0.333333343	None
  2.4	0.9908514	0.11501234	0.11501234	0.333333343	0.333333343	None
  3.00000024	0.998719335	0.00103533361	0.00103533361	0.333333343	0.333333343	None
  4.63333368	0.999367952	0.00207960815	0.00207960815	0.333333343	0.333333343	None
  6.3	0.9977945	0.0035217437	0.0035217437	0.333333343	0.333333343	None
  7.13333368	0.995131	0.01325996	0.01325996	0.333333343	0.333333343	None
  8.133334	0.9932911	-0.028694462	-0.028694462	0.333333343	0.333333343	None
  8.666667	0.988064349	0.0288150348	0.0288150348	0.333333343	0.333333343	None
  10.2000008	0.999115	0	0	0.333333343	0.333333343	None
FLOAT UnityEngine.Animator||RootQ.x discrete=False keys=125 pre=ClampForever post=ClampForever
  0	0.0336942226	0.014076679	0.014076679	0.333333343	0.333333343	None
  0.06666667	0.03452605	0.00252574682	0.00252574682	0.333333343	0.333333343	None
  0.233333349	0.033117488	-0.0114230821	-0.0114230821	0.333333343	0.333333343	None
  0.400000036	0.0296486318	-0.03156512	-0.03156512	0.333333343	0.333333343	None
  0.4666667	0.0273982733	-0.03256762	-0.03256762	0.333333343	0.333333343	None
  0.5	0.02635105	-0.01947039	-0.01947039	0.333333343	0.333333343	None
  0.533333361	0.0261002481	-0.0161987413	-0.0161987413	0.333333343	0.333333343	None
  0.6333334	0.023730129	-0.0188943744	-0.0188943744	0.333333343	0.333333343	None
  0.733333349	0.0220590085	-0.0234147888	-0.0234147888	0.333333343	0.333333343	None
  0.866666734	0.0185108334	-0.0185356271	-0.0185356271	0.333333343	0.333333343	None
  0.9333334	0.0176226348	-0.0153453695	-0.0153453695	0.333333343	0.333333343	None
  1.1	0.0148087442	-0.008809488	-0.008809488	0.333333343	0.333333343	None
  1.2	0.0139223039	-0.0165622085	-0.0165622085	0.333333343	0.333333343	None
  1.26666677	0.012648195	-0.008123496	-0.008123496	0.333333343	0.333333343	None
  1.30000007	0.0126565993	0.00232324237	0.00232324237	0.333333343	0.333333343	None
  1.4000001	0.0149746835	0.06597033	0.06597033	0.333333343	0.333333343	None
  1.4333334	0.0177694261	0.06874419	0.06874419	0.333333343	0.333333343	None
  1.4666667	0.0195576251	0.0254716277	0.0254716277	0.333333343	0.333333343	None
  1.50000012	0.0194675326	0.0239065569	0.0239065569	0.333333343	0.333333343	None
  1.53333342	0.0211513937	0.0778722	0.0778722	0.333333343	0.333333343	None
  1.56666672	0.0246590078	0.113767572	0.113767572	0.333333343	0.333333343	None
  1.60000014	0.0287359059	0.09407835	0.09407835	0.333333343	0.333333343	None
  1.66666675	0.029949069	-0.0846586451	-0.0846586451	0.333333343	0.333333343	None
  1.73333347	0.0183529854	-0.227643847	-0.227643847	0.333333343	0.333333343	None
  1.76666677	0.0101107359	-0.235545114	-0.235545114	0.333333343	0.333333343	None
  1.80000007	0.0026499927	-0.194401324	-0.194401324	0.333333343	0.333333343	None
  1.83333337	-0.00284934044	-0.1844607	-0.1844607	0.333333343	0.333333343	None
  1.86666679	-0.009647399	-0.171240509	-0.171240509	0.333333343	0.333333343	None
  1.9000001	-0.0142653883	-0.08442395	-0.08442395	0.333333343	0.333333343	None
  1.9333334	-0.0152756572	-0.0247523077	-0.0247523077	0.333333343	0.333333343	None
  1.96666682	-0.0159155428	-0.00495935837	-0.00495935837	0.333333343	0.333333343	None
  2.03333354	-0.0145748258	0.04535877	0.04535877	0.333333343	0.333333343	None
  2.10000014	-0.009216934	0.12208578	0.12208578	0.333333343	0.333333343	None
  2.13333344	-0.00444331765	0.158576369	0.158576369	0.333333343	0.333333343	None
  2.16666675	0.00135481358	0.181024253	0.181024253	0.333333343	0.333333343	None
  2.23333335	0.013841629	0.176608741	0.176608741	0.333333343	0.333333343	None
  2.266667	0.0193988979	0.1539588	0.1539588	0.333333343	0.333333343	None
  2.30000019	0.0241055787	0.143468365	0.143468365	0.333333343	0.333333343	None
  2.4	0.0379460752	0.116823725	0.116823725	0.333333343	0.333333343	None
  2.50000024	0.0464525521	0.0409004	0.0409004	0.333333343	0.333333343	None
  2.766667	0.044260934	-0.0114058815	-0.0114058815	0.333333343	0.333333343	None
  2.9	0.0443812758	0.004981314	0.004981314	0.333333343	0.333333343	None
  2.9333334	0.04440929	0.0110685164	0.0110685164	0.333333343	0.333333343	None
  2.966667	0.04511918	-0.00449971	-0.00449971	0.333333343	0.333333343	None
  3.00000024	0.0441093147	-0.0237643942	-0.0237643942	0.333333343	0.333333343	None
  3.06666684	0.0428856	-0.0273668282	-0.0273668282	0.333333343	0.333333343	None
  3.13333344	0.0408782065	-0.0272796564	-0.0272796564	0.333333343	0.333333343	None
  3.4333334	0.02963145	-0.0216959	-0.0216959	0.333333343	0.333333343	None
  3.50000024	0.0283573568	-0.0450397	-0.0450397	0.333333343	0.333333343	None
  3.60000014	0.0202323049	-0.07190607	-0.07190607	0.333333343	0.333333343	None
  3.63333344	0.018306613	-0.03891062	-0.03891062	0.333333343	0.333333343	None
  3.70000029	0.01717478	-0.02333072	-0.02333072	0.333333343	0.333333343	None
  3.73333359	0.0160828829	-0.04037667	-0.04037667	0.333333343	0.333333343	None
  3.766667	0.0144830048	-0.0352844931	-0.0352844931	0.333333343	0.333333343	None
  3.83333349	0.014185667	0.0295403153	0.0295403153	0.333333343	0.333333343	None
  3.9	0.01807502	0.07414588	0.07414588	0.333333343	0.333333343	None
  3.93333364	0.02064301	0.0678460449	0.0678460449	0.333333343	0.333333343	None
  4	0.0245148689	0.0617961	0.0617961	0.333333343	0.333333343	None
  4.033334	0.0267178565	0.09419925	0.09419925	0.333333343	0.333333343	None
  4.066667	0.030794844	0.127381131	0.127381131	0.333333343	0.333333343	None
  4.20000029	0.0491275042	0.136499316	0.136499316	0.333333343	0.333333343	None
  4.266667	0.0569888055	0.089951545	0.089951545	0.333333343	0.333333343	None
  4.4	0.059673667	-0.08400887	-0.08400887	0.333333343	0.333333343	None
  4.566667	0.03550175	-0.107646763	-0.107646763	0.333333343	0.333333343	None
  4.70000029	0.0297619551	-0.0176257063	-0.0176257063	0.333333343	0.333333343	None
  4.83333349	0.0282835662	0.00295713823	0.00295713823	0.333333343	0.333333343	None
  4.9	0.0285955817	0.006826005	0.006826005	0.333333343	0.333333343	None
  4.9666667	0.0284135491	-0.03611311	-0.03611311	0.333333343	0.333333343	None
  5.033334	0.02374056	-0.090496704	-0.090496704	0.333333343	0.333333343	None
  5.10000038	0.0184227228	-0.0264779	-0.0264779	0.333333343	0.333333343	None
  5.20000029	0.0219195187	0.0427280776	0.0427280776	0.333333343	0.333333343	None
  5.33333349	0.02756834	0.0717165247	0.0717165247	0.333333343	0.333333343	None
  5.533334	0.0453987122	0.04673083	0.04673083	0.333333343	0.333333343	None
  5.63333368	0.04631424	-0.00527680432	-0.00527680432	0.333333343	0.333333343	None
  5.666667	0.04631439	-0.0238877758	-0.0238877758	0.333333343	0.333333343	None
  5.766667	0.0419031978	-0.0165867954	-0.0165867954	0.333333343	0.333333343	None
  5.866667	0.0420413464	-0.0118562691	-0.0118562691	0.333333343	0.333333343	None
  5.933334	0.0416170061	0.0260520522	0.0260520522	0.333333343	0.333333343	None
  6.00000048	0.04591076	0.09268248	0.09268248	0.333333343	0.333333343	None
  6.066667	0.05182588	0.04251149	0.04251149	0.333333343	0.333333343	None
  6.13333368	0.05154276	-0.009696865	-0.009696865	0.333333343	0.333333343	None
  6.166667	0.05150494	0.054215543	0.054215543	0.333333343	0.333333343	None
  6.20000029	0.055157125	0.0875447	0.0875447	0.333333343	0.333333343	None
  6.23333359	0.0573412478	0.07818602	0.07818602	0.333333343	0.333333343	None
  6.266667	0.06036952	0.06877213	0.06877213	0.333333343	0.333333343	None
  6.40000057	0.06253992	0.006693189	0.006693189	0.333333343	0.333333343	None
  6.433334	0.06276888	0.0431601368	0.0431601368	0.333333343	0.333333343	None
  6.566667	0.08028072	0.190752417	0.190752417	0.333333343	0.333333343	None
  6.766667	0.11163339	0.08966187	0.08966187	0.333333343	0.333333343	None
  6.866667	0.117278531	0.0334429629	0.0334429629	0.333333343	0.333333343	None
  6.966667	0.111683995	-0.192498967	-0.192498967	0.333333343	0.333333343	None
  7.10000038	0.076182574	-0.245532334	-0.245532334	0.333333343	0.333333343	None
  7.3	0.045343712	-0.08382001	-0.08382001	0.333333343	0.333333343	None
  7.40000057	0.0374208242	-0.06861634	-0.06861634	0.333333343	0.333333343	None
  7.433334	0.0354383141	-0.06489499	-0.06489499	0.333333343	0.333333343	None
  7.466667	0.0330944955	-0.0590564869	-0.0590564869	0.333333343	0.333333343	None
  7.566667	0.0288277715	-0.0360002	-0.0360002	0.333333343	0.333333343	None
  7.70000029	0.025114283	-0.0204985775	-0.0204985775	0.333333343	0.333333343	None
  7.833334	0.0219199955	-0.0204668939	-0.0204668939	0.333333343	0.333333343	None
  7.86666727	0.0213408023	-0.006224519	-0.006224519	0.333333343	0.333333343	None
  7.90000057	0.021505028	0.0690969	0.0690969	0.333333343	0.333333343	None
  7.933334	0.0259472579	0.218155235	0.218155235	0.333333343	0.333333343	None
  7.966667	0.0360486954	0.3338747	0.3338747	0.333333343	0.333333343	None
  8	0.0482053757	0.357024372	0.357024372	0.333333343	0.333333343	None
  8.033334	0.05985029	0.335694551	0.335694551	0.333333343	0.333333343	None
  8.1	0.082591936	0.408762753	0.408762753	0.333333343	0.333333343	None
  8.166667	0.114594877	0.515857935	0.515857935	0.333333343	0.333333343	None
  8.200001	0.132226691	0.459143341	0.459143341	0.333333343	0.333333343	None
  8.266667	0.156948954	0.3150583	0.3150583	0.333333343	0.333333343	None
  8.6	0.152662635	-0.235600352	-0.235600352	0.333333343	0.333333343	None
  8.766667	0.1162179	-0.17065683	-0.17065683	0.333333343	0.333333343	None
  9.066668	0.07715835	-0.131319076	-0.131319076	0.333333343	0.333333343	None
  9.233334	0.05940914	-0.06768818	-0.06768818	0.333333343	0.333333343	None
  9.366667	0.05292803	-0.04106981	-0.04106981	0.333333343	0.333333343	None
  9.433333	0.0506557524	-0.038654983	-0.038654983	0.333333343	0.333333343	None
  9.466667	0.0490025878	-0.0357147	-0.0357147	0.333333343	0.333333343	None
  9.6	0.0468428433	-0.00797359	-0.00797359	0.333333343	0.333333343	None
  9.733334	0.0473977178	0.0150689241	0.0150689241	0.333333343	0.333333343	None
  9.833334	0.0473989248	-0.0444762856	-0.0444762856	0.333333343	0.333333343	None
  9.933333	0.0409205854	-0.0368102342	-0.0368102342	0.333333343	0.333333343	None
  10.000001	0.03934382	-0.0396875255	-0.0396875255	0.333333343	0.333333343	None
  10.0666676	0.03600602	-0.0361167081	-0.0361167081	0.333333343	0.333333343	None
  10.1333342	0.034503445	-0.0224056579	-0.0224056579	0.333333343	0.333333343	None
  10.166667	0.03369412	-0.0121400869	-0.0121400869	0.333333343	0.333333343	None
  10.2000008	0.03369412	0	0	0.333333343	0.333333343	None
FLOAT UnityEngine.Animator||RootQ.y discrete=False keys=145 pre=ClampForever post=ClampForever
  0	-0.025144726	0.0214518588	0.0214518588	0.333333343	0.333333343	None
  0.06666667	-0.023845017	0.00965707	0.00965707	0.333333343	0.333333343	None
  0.100000009	-0.02378586	0.00700637745	0.00700637745	0.333333343	0.333333343	None
  0.13333334	-0.0233779252	0.00114619732	0.00114619732	0.333333343	0.333333343	None
  0.200000018	-0.0239180624	-0.001518129	-0.001518129	0.333333343	0.333333343	None
  0.3	-0.02284889	0.0134606678	0.0134606678	0.333333343	0.333333343	None
  0.433333367	-0.0205463171	0.0257483143	0.0257483143	0.333333343	0.333333343	None
  0.4666667	-0.0195867419	0.0266238432	0.0266238432	0.333333343	0.333333343	None
  0.5	-0.0187713951	0.0316710733	0.0316710733	0.333333343	0.333333343	None
  0.533333361	-0.0174753368	0.0314133354	0.0314133354	0.333333343	0.333333343	None
  0.7666667	-0.01575555	0.00734991673	0.00734991673	0.333333343	0.333333343	None
  0.866666734	-0.0143470764	0.02091274	0.02091274	0.333333343	0.333333343	None
  0.9333334	-0.0123896	0.0370951779	0.0370951779	0.333333343	0.333333343	None
  0.9666667	-0.0110518932	0.0476523936	0.0476523936	0.333333343	0.333333343	None
  1	-0.009212777	0.0542062819	0.0542062819	0.333333343	0.333333343	None
  1.13333344	-0.00276325643	0.0410565361	0.0410565361	0.333333343	0.333333343	None
  1.16666675	-0.00147666037	0.0350384	0.0350384	0.333333343	0.333333343	None
  1.2	-0.0004273653	0.0289108865	0.0289108865	0.333333343	0.333333343	None
  1.23333335	0.000450730324	0.0283392984	0.0283392984	0.333333343	0.333333343	None
  1.26666677	0.00146192312	0.0337895527	0.0337895527	0.333333343	0.333333343	None
  1.30000007	0.00270336866	0.03679212	0.03679212	0.333333343	0.333333343	None
  1.33333337	0.00391472876	0.0490903929	0.0490903929	0.333333343	0.333333343	None
  1.36666679	0.005976066	0.102898017	0.102898017	0.333333343	0.333333343	None
  1.4000001	0.0107745975	0.225579351	0.225579351	0.333333343	0.333333343	None
  1.4333334	0.0210146755	0.5265429	0.5265429	0.333333343	0.333333343	None
  1.4666667	0.0458774269	1.05380869	1.05380869	0.333333343	0.333333343	None
  1.60000014	0.299131066	2.246593	2.246593	0.333333343	0.333333343	None
  1.66666675	0.43712914	1.61437488	1.61437488	0.333333343	0.333333343	None
  1.9333334	0.494300216	-0.284219146	-0.284219146	0.333333343	0.333333343	None
  2.16666675	0.3732915	-0.9356909	-0.9356909	0.333333343	0.333333343	None
  2.33333349	0.193851188	-1.03482449	-1.03482449	0.333333343	0.333333343	None
  2.50000024	0.0509216338	-0.62330246	-0.62330246	0.333333343	0.333333343	None
  2.53333354	0.0320380032	-0.5177737	-0.5177737	0.333333343	0.333333343	None
  2.56666684	0.0164034218	-0.4050973	-0.4050973	0.333333343	0.333333343	None
  2.60000014	0.005031541	-0.293959439	-0.293959439	0.333333343	0.333333343	None
  2.63333344	-0.00319385529	-0.215386063	-0.215386063	0.333333343	0.333333343	None
  2.66666675	-0.009327516	-0.14948681	-0.14948681	0.333333343	0.333333343	None
  2.73333359	-0.0151719749	-0.0420356281	-0.0420356281	0.333333343	0.333333343	None
  2.766667	-0.01596202	-0.002491327	-0.002491327	0.333333343	0.333333343	None
  2.83333349	-0.0137658417	0.0626566857	0.0626566857	0.333333343	0.333333343	None
  2.86666679	-0.0111609548	0.09107673	0.09107673	0.333333343	0.333333343	None
  2.9	-0.00769406557	0.099620685	0.099620685	0.333333343	0.333333343	None
  2.9333334	-0.004519582	0.0981469	0.0981469	0.333333343	0.333333343	None
  2.966667	-0.001150921	0.07032834	0.07032834	0.333333343	0.333333343	None
  3.00000024	0.000168994069	0.03996093	0.03996093	0.333333343	0.333333343	None
  3.03333354	0.00151313841	0.0305363089	0.0305363089	0.333333343	0.333333343	None
  3.06666684	0.002204746	0.00699453754	0.00699453754	0.333333343	0.333333343	None
  3.10000014	0.00197944045	-0.00725582941	-0.00725582941	0.333333343	0.333333343	None
  3.13333344	0.00172102451	-0.0151339322	-0.0151339322	0.333333343	0.333333343	None
  3.16666675	0.0009705126	-0.0311016664	-0.0311016664	0.333333343	0.333333343	None
  3.20000029	-0.000352427363	-0.04687374	-0.04687374	0.333333343	0.333333343	None
  3.23333359	-0.00215441	-0.0592247956	-0.0592247956	0.333333343	0.333333343	None
  3.30000019	-0.006375596	-0.0533932224	-0.0533932224	0.333333343	0.333333343	None
  3.33333349	-0.007860288	-0.0411145	-0.0411145	0.333333343	0.333333343	None
  3.4	-0.009669185	0.00439636875	0.00439636875	0.333333343	0.333333343	None
  3.466667	-0.00671228766	0.08213043	0.08213043	0.333333343	0.333333343	None
  3.50000024	-0.00334809721	0.09159373	0.09159373	0.333333343	0.333333343	None
  3.53333354	-0.0006060451	0.07061436	0.07061436	0.333333343	0.333333343	None
  3.56666684	0.00135952234	0.037153326	0.037153326	0.333333343	0.333333343	None
  3.60000014	0.00187084079	0.009476701	0.009476701	0.333333343	0.333333343	None
  3.63333344	0.00199130177	0.00319026713	0.00319026713	0.333333343	0.333333343	None
  3.66666675	0.002083525	0.005450225	0.005450225	0.333333343	0.333333343	None
  3.70000029	0.00235465169	0.00503627025	0.00503627025	0.333333343	0.333333343	None
  3.73333359	0.002419278	-0.005756026	-0.005756026	0.333333343	0.333333343	None
  3.766667	0.001970917	-0.0167743266	-0.0167743266	0.333333343	0.333333343	None
  3.80000019	0.00130099058	-0.033341676	-0.033341676	0.333333343	0.333333343	None
  3.83333349	-0.000251859426	-0.0722136348	-0.0722136348	0.333333343	0.333333343	None
  3.86666679	-0.00351324677	-0.115368858	-0.115368858	0.333333343	0.333333343	None
  3.9	-0.007943109	-0.131267875	-0.131267875	0.333333343	0.333333343	None
  3.93333364	-0.01226446	-0.116531789	-0.116531789	0.333333343	0.333333343	None
  3.966667	-0.0157119185	-0.08765918	-0.08765918	0.333333343	0.333333343	None
  4	-0.0181083828	-0.06984277	-0.06984277	0.333333343	0.333333343	None
  4.033334	-0.0203681141	-0.06511445	-0.06511445	0.333333343	0.333333343	None
  4.066667	-0.0224493742	-0.08323662	-0.08323662	0.333333343	0.333333343	None
  4.10000038	-0.0259172171	-0.1240543	-0.1240543	0.333333343	0.333333343	None
  4.166667	-0.0357604325	-0.1345869	-0.1345869	0.333333343	0.333333343	None
  4.23333359	-0.04266964	-0.07929176	-0.07929176	0.333333343	0.333333343	None
  4.33333349	-0.0445800424	0.05682064	0.05682064	0.333333343	0.333333343	None
  4.4	-0.03770587	0.142424762	0.142424762	0.333333343	0.333333343	None
  4.5	-0.0218945742	0.138760865	0.138760865	0.333333343	0.333333343	None
  4.566667	-0.0148668289	0.06605482	0.06605482	0.333333343	0.333333343	None
  4.63333368	-0.0123409033	0.0414857641	0.0414857641	0.333333343	0.333333343	None
  4.70000029	-0.008541718	0.0610685945	0.0610685945	0.333333343	0.333333343	None
  4.766667	-0.00458879769	0.0576519035	0.0576519035	0.333333343	0.333333343	None
  4.8	-0.00267185271	0.0602366626	0.0602366626	0.333333343	0.333333343	None
  4.83333349	-0.000573024154	0.0709710941	0.0709710941	0.333333343	0.333333343	None
  4.866667	0.002059549	0.08603529	0.08603529	0.333333343	0.333333343	None
  4.9	0.00516265631	0.116318353	0.116318353	0.333333343	0.333333343	None
  4.9333334	0.00981409848	0.1580862	0.1580862	0.333333343	0.333333343	None
  5.033334	0.0265003443	0.113447934	0.113447934	0.333333343	0.333333343	None
  5.066667	0.02928339	0.0506343432	0.0506343432	0.333333343	0.333333343	None
  5.10000038	0.0298759639	0.025384225	0.025384225	0.333333343	0.333333343	None
  5.13333368	0.03097567	0.0452694744	0.0452694744	0.333333343	0.333333343	None
  5.166667	0.0328939259	0.0498185046	0.0498185046	0.333333343	0.333333343	None
  5.3	0.03776124	0.035822276	0.035822276	0.333333343	0.333333343	None
  5.4333334	0.0436344147	0.0719287246	0.0719287246	0.333333343	0.333333343	None
  5.566667	0.05187376	-0.004458729	-0.004458729	0.333333343	0.333333343	None
  5.63333368	0.04862237	-0.05207335	-0.05207335	0.333333343	0.333333343	None
  5.666667	0.04735157	-0.0432464145	-0.0432464145	0.333333343	0.333333343	None
  5.766667	0.04346624	-0.0130768986	-0.0130768986	0.333333343	0.333333343	None
  5.866667	0.04473093	0.0301243644	0.0301243644	0.333333343	0.333333343	None
  5.9	0.04607016	0.0622043535	0.0622043535	0.333333343	0.333333343	None
  5.966667	0.05090888	0.0361734256	0.0361734256	0.333333343	0.333333343	None
  6.033334	0.0514608324	0.00405662134	0.00405662134	0.333333343	0.333333343	None
  6.13333368	0.0491335243	-0.08392484	-0.08392484	0.333333343	0.333333343	None
  6.166667	0.04524839	-0.131624162	-0.131624162	0.333333343	0.333333343	None
  6.20000029	0.0403585881	-0.222169369	-0.222169369	0.333333343	0.333333343	None
  6.266667	0.0184308	-0.3451193	-0.3451193	0.333333343	0.333333343	None
  6.3	0.00742918253	-0.2742465	-0.2742465	0.333333343	0.333333343	None
  6.33333349	0.000147715211	-0.182342559	-0.182342559	0.333333343	0.333333343	None
  6.366667	-0.004726976	-0.111796707	-0.111796707	0.333333343	0.333333343	None
  6.40000057	-0.00730542839	-0.0553862229	-0.0553862229	0.333333343	0.333333343	None
  6.433334	-0.008419424	-0.0282030087	-0.0282030087	0.333333343	0.333333343	None
  6.466667	-0.009185627	-0.04901429	-0.04901429	0.333333343	0.333333343	None
  6.50000048	-0.01168704	-0.119478442	-0.119478442	0.333333343	0.333333343	None
  6.533334	-0.01715085	-0.20728533	-0.20728533	0.333333343	0.333333343	None
  6.60000038	-0.0346261859	-0.265025735	-0.265025735	0.333333343	0.333333343	None
  6.70000029	-0.0557613075	-0.134736419	-0.134736419	0.333333343	0.333333343	None
  6.8	-0.0645730942	-0.08312665	-0.08312665	0.333333343	0.333333343	None
  6.90000057	-0.07100445	0.00149553735	0.00149553735	0.333333343	0.333333343	None
  7.00000048	-0.06766768	0.00523880636	0.00523880636	0.333333343	0.333333343	None
  7.13333368	-0.07085946	-0.0252807382	-0.0252807382	0.333333343	0.333333343	None
  7.266667	-0.0783623457	-0.08726575	-0.08726575	0.333333343	0.333333343	None
  7.433334	-0.08818917	-0.0238026157	-0.0238026157	0.333333343	0.333333343	None
  7.73333359	-0.101105407	-0.05234068	-0.05234068	0.333333343	0.333333343	None
  7.90000057	-0.109001145	-0.05579961	-0.05579961	0.333333343	0.333333343	None
  7.933334	-0.110734314	0.0102160964	0.0102160964	0.333333343	0.333333343	None
  8.1	-0.06997624	0.391888559	0.391888559	0.333333343	0.333333343	None
  8.166667	-0.046840027	0.177482843	0.177482843	0.333333343	0.333333343	None
  8.200001	-0.04459761	0.0586880073	0.0586880073	0.333333343	0.333333343	None
  8.333334	-0.04244691	-0.0392000861	-0.0392000861	0.333333343	0.333333343	None
  8.5	-0.0550712645	-0.0575083345	-0.0575083345	0.333333343	0.333333343	None
  8.633334	-0.0601009727	-0.0670969	-0.0670969	0.333333343	0.333333343	None
  8.733334	-0.06877896	-0.0972743	-0.0972743	0.333333343	0.333333343	None
  8.900001	-0.08278529	-0.0371015668	-0.0371015668	0.333333343	0.333333343	None
  9.066668	-0.08119489	0.0237989128	0.0237989128	0.333333343	0.333333343	None
  9.333334	-0.08270399	0.05202397	0.05202397	0.333333343	0.333333343	None
  9.533334	-0.06170608	0.129750863	0.129750863	0.333333343	0.333333343	None
  9.733334	-0.0401419848	0.06836237	0.06836237	0.333333343	0.333333343	None
  9.8	-0.0362322778	0.06233056	0.06233056	0.333333343	0.333333343	None
  9.900001	-0.0303974748	0.0414731428	0.0414731428	0.333333343	0.333333343	None
  10.0333338	-0.0268814713	0.0102280257	0.0102280257	0.333333343	0.333333343	None
  10.1	-0.0263233334	0.01672509	0.01672509	0.333333343	0.333333343	None
  10.166667	-0.0251449943	0.00709186867	0.00709186867	0.333333343	0.333333343	None
  10.2000008	-0.0251449943	0	0	0.333333343	0.333333343	None
FLOAT UnityEngine.Animator||RootQ.z discrete=False keys=200 pre=ClampForever post=ClampForever
  0	0.00139604509	-0.00587448431	-0.00587448431	0.333333343	0.333333343	None
  0.06666667	0.0010458678	-0.00316433562	-0.00316433562	0.333333343	0.333333343	None
  0.100000009	0.0009892732	0.00947021	0.00947021	0.333333343	0.333333343	None
  0.13333334	0.0016772151	0.005387888	0.005387888	0.333333343	0.333333343	None
  0.166666672	0.00134846568	-0.01024626	-0.01024626	0.333333343	0.333333343	None
  0.200000018	0.000994131	-0.006401984	-0.006401984	0.333333343	0.333333343	None
  0.266666681	0.00102519989	0.004346073	0.004346073	0.333333343	0.333333343	None
  0.3	0.0012114048	0.004659668	0.004659668	0.333333343	0.333333343	None
  0.333333343	0.0013358444	0.004075617	0.004075617	0.333333343	0.333333343	None
  0.366666675	0.00148311257	0.004068239	0.004068239	0.333333343	0.333333343	None
  0.400000036	0.00160706043	0.005323513	0.005323513	0.333333343	0.333333343	None
  0.4666667	0.00207829475	0.006526041	0.006526041	0.333333343	0.333333343	None
  0.5	0.00227308273	0.004987792	0.004987792	0.333333343	0.333333343	None
  0.533333361	0.00241081417	0.006553525	0.006553525	0.333333343	0.333333343	None
  0.5666667	0.00270998478	0.009267033	0.009267033	0.333333343	0.333333343	None
  0.6	0.00302861631	0.0115797659	0.0115797659	0.333333343	0.333333343	None
  0.6666667	0.003999442	0.0167229027	0.0167229027	0.333333343	0.333333343	None
  0.700000048	0.00459682941	0.0135467164	0.0135467164	0.333333343	0.333333343	None
  0.7666667	0.00517556071	0.009614371	0.009614371	0.333333343	0.333333343	None
  0.900000036	0.0068282783	0.0139264762	0.0139264762	0.333333343	0.333333343	None
  0.9333334	0.00730898976	0.0222502723	0.0222502723	0.333333343	0.333333343	None
  0.9666667	0.008311629	0.023773782	0.023773782	0.333333343	0.333333343	None
  1.03333342	0.00936316	0.0156851	0.0156851	0.333333343	0.333333343	None
  1.16666675	0.0118826032	0.0179694761	0.0179694761	0.333333343	0.333333343	None
  1.2	0.0124161392	0.0112277372	0.0112277372	0.333333343	0.333333343	None
  1.23333335	0.0126311183	0.008102497	0.008102497	0.333333343	0.333333343	None
  1.30000007	0.0132223368	0.006610534	0.006610534	0.333333343	0.333333343	None
  1.36666679	0.0128634572	-0.0337690152	-0.0337690152	0.333333343	0.333333343	None
  1.4000001	0.0111457407	-0.07139019	-0.07139019	0.333333343	0.333333343	None
  1.4333334	0.008104116	-0.120722994	-0.120722994	0.333333343	0.333333343	None
  1.4666667	0.003097549	-0.142543882	-0.142543882	0.333333343	0.333333343	None
  1.50000012	-0.0013988167	-0.167178661	-0.167178661	0.333333343	0.333333343	None
  1.53333342	-0.0080477	-0.238892525	-0.238892525	0.333333343	0.333333343	None
  1.63333344	-0.0408382267	-0.372071475	-0.372071475	0.333333343	0.333333343	None
  1.66666675	-0.05339861	-0.3364861	-0.3364861	0.333333343	0.333333343	None
  1.80000007	-0.08026709	-0.0862943456	-0.0862943456	0.333333343	0.333333343	None
  1.83333337	-0.08210674	0.00284884684	0.00284884684	0.333333343	0.333333343	None
  1.9000001	-0.0767245144	0.09061226	0.09061226	0.333333343	0.333333343	None
  2	-0.06849101	0.111924842	0.111924842	0.333333343	0.333333343	None
  2.10000014	-0.05493501	0.12903741	0.12903741	0.333333343	0.333333343	None
  2.2	-0.0421881825	0.140716419	0.140716419	0.333333343	0.333333343	None
  2.30000019	-0.02792789	0.130400866	0.130400866	0.333333343	0.333333343	None
  2.33333349	-0.023779422	0.130724072	0.130724072	0.333333343	0.333333343	None
  2.36666679	-0.0192129612	0.129000962	0.129000962	0.333333343	0.333333343	None
  2.4333334	-0.0112486929	0.116494708	0.116494708	0.333333343	0.333333343	None
  2.4666667	-0.00741305947	0.11355684	0.11355684	0.333333343	0.333333343	None
  2.50000024	-0.00367821753	0.100723572	0.100723572	0.333333343	0.333333343	None
  2.53333354	-0.0006981343	0.0974329	0.0974329	0.333333343	0.333333343	None
  2.56666684	0.002817303	0.102747254	0.102747254	0.333333343	0.333333343	None
  2.60000014	0.006151676	0.09251104	0.09251104	0.333333343	0.333333343	None
  2.63333344	0.0089847	0.0829637051	0.0829637051	0.333333343	0.333333343	None
  2.66666675	0.0116825849	0.0731546357	0.0731546357	0.333333343	0.333333343	None
  2.83333349	0.0200230479	0.0404435024	0.0404435024	0.333333343	0.333333343	None
  2.9	0.0227540582	0.03471296	0.03471296	0.333333343	0.333333343	None
  2.9333334	0.0237173587	0.0297167823	0.0297167823	0.333333343	0.333333343	None
  2.966667	0.0247351825	0.0160573963	0.0160573963	0.333333343	0.333333343	None
  3.00000024	0.0247878581	0.00056125276	0.00056125276	0.333333343	0.333333343	None
  3.06666684	0.0242445022	-0.02050886	-0.02050886	0.333333343	0.333333343	None
  3.16666675	0.0213753283	-0.0325769149	-0.0325769149	0.333333343	0.333333343	None
  3.20000029	0.0203536	-0.0365700573	-0.0365700573	0.333333343	0.333333343	None
  3.266667	0.0174497217	-0.0509989	-0.0509989	0.333333343	0.333333343	None
  3.30000019	0.0155373961	-0.0488491058	-0.0488491058	0.333333343	0.333333343	None
  3.33333349	0.0141931176	-0.03883753	-0.03883753	0.333333343	0.333333343	None
  3.4	0.011940062	-0.0292043649	-0.0292043649	0.333333343	0.333333343	None
  3.4333334	0.011001274	-0.03827655	-0.03827655	0.333333343	0.333333343	None
  3.466667	0.009388283	-0.06156888	-0.06156888	0.333333343	0.333333343	None
  3.50000024	0.00689667463	-0.06363636	-0.06363636	0.333333343	0.333333343	None
  3.53333354	0.0051458627	-0.06325415	-0.06325415	0.333333343	0.333333343	None
  3.60000014	-0.000166609883	-0.08747921	-0.08747921	0.333333343	0.333333343	None
  3.63333344	-0.00315220654	-0.0868598446	-0.0868598446	0.333333343	0.333333343	None
  3.66666675	-0.00595726073	-0.07908809	-0.07908809	0.333333343	0.333333343	None
  3.73333359	-0.01072517	-0.06579353	-0.06579353	0.333333343	0.333333343	None
  3.83333349	-0.01594226	-0.0365766473	-0.0365766473	0.333333343	0.333333343	None
  3.86666679	-0.01694499	-0.0145480912	-0.0145480912	0.333333343	0.333333343	None
  3.966667	-0.0155590475	0.014154736	0.014154736	0.333333343	0.333333343	None
  4.033334	-0.0152767748	-0.008868948	-0.008868948	0.333333343	0.333333343	None
  4.13333368	-0.0177300572	-0.0358309969	-0.0358309969	0.333333343	0.333333343	None
  4.23333359	-0.0208305568	-0.0178561527	-0.0178561527	0.333333343	0.333333343	None
  4.33333349	-0.0212376416	0.0109188361	0.0109188361	0.333333343	0.333333343	None
  4.4	-0.020151332	0.018573869	0.018573869	0.333333343	0.333333343	None
  4.4666667	-0.0182337314	0.04114334	0.04114334	0.333333343	0.333333343	None
  4.533334	-0.0154527128	0.0351820737	0.0351820737	0.333333343	0.333333343	None
  4.63333368	-0.011912182	0.04127633	0.04127633	0.333333343	0.333333343	None
  4.70000029	-0.008911625	0.0471776426	0.0471776426	0.333333343	0.333333343	None
  4.766667	-0.005877197	0.03606591	0.03606591	0.333333343	0.333333343	None
  4.866667	-0.00306156278	0.03639314	0.03639314	0.333333343	0.333333343	None
  4.9	-0.00163879991	0.0415988639	0.0415988639	0.333333343	0.333333343	None
  4.9333334	-0.000288307667	0.031095773	0.031095773	0.333333343	0.333333343	None
  4.9666667	0.00043424964	0.01408067	0.01408067	0.333333343	0.333333343	None
  5.00000048	0.0006504059	0.007857492	0.007857492	0.333333343	0.333333343	None
  5.033334	0.00095808506	0.0040277876	0.0040277876	0.333333343	0.333333343	None
  5.066667	0.0009189248	0.00207469054	0.00207469054	0.333333343	0.333333343	None
  5.10000038	0.00109639764	0.0020943603	0.0020943603	0.333333343	0.333333343	None
  5.13333368	0.00105854869	0.00458255876	0.00458255876	0.333333343	0.333333343	None
  5.166667	0.00140190125	0.0170906056	0.0170906056	0.333333343	0.333333343	None
  5.20000029	0.00219792128	0.023787193	0.023787193	0.333333343	0.333333343	None
  5.23333359	0.00298771262	0.0210347958	0.0210347958	0.333333343	0.333333343	None
  5.266667	0.00360023975	0.02005132	0.02005132	0.333333343	0.333333343	None
  5.3	0.004324466	0.0245793387	0.0245793387	0.333333343	0.333333343	None
  5.33333349	0.005238861	0.0347672738	0.0347672738	0.333333343	0.333333343	None
  5.366667	0.006642282	0.0481340736	0.0481340736	0.333333343	0.333333343	None
  5.466667	0.0113618076	0.0231112465	0.0231112465	0.333333343	0.333333343	None
  5.566667	0.0105257332	-0.0324214548	-0.0324214548	0.333333343	0.333333343	None
  5.63333368	0.007481605	-0.0624671429	-0.0624671429	0.333333343	0.333333343	None
  5.70000029	0.002478987	-0.07805191	-0.07805191	0.333333343	0.333333343	None
  5.73333359	-0.000112980604	-0.07551946	-0.07551946	0.333333343	0.333333343	None
  5.766667	-0.00255563855	-0.06727925	-0.06727925	0.333333343	0.333333343	None
  5.866667	-0.00669014454	-0.00116720889	-0.00116720889	0.333333343	0.333333343	None
  5.9	-0.006162137	0.0228669811	0.0228669811	0.333333343	0.333333343	None
  5.966667	-0.00379011035	0.0433092266	0.0433092266	0.333333343	0.333333343	None
  6.00000048	-0.00227838755	0.03329921	0.03329921	0.333333343	0.333333343	None
  6.033334	-0.00157016516	-0.00231653638	-0.00231653638	0.333333343	0.333333343	None
  6.066667	-0.00243282318	-0.0654233843	-0.0654233843	0.333333343	0.333333343	None
  6.10000038	-0.00593172	-0.14230071	-0.14230071	0.333333343	0.333333343	None
  6.13333368	-0.0119195282	-0.201008052	-0.201008052	0.333333343	0.333333343	None
  6.166667	-0.019332245	-0.204073831	-0.204073831	0.333333343	0.333333343	None
  6.20000029	-0.0255244374	-0.130526692	-0.130526692	0.333333343	0.333333343	None
  6.23333359	-0.0280340165	-0.0169366021	-0.0169366021	0.333333343	0.333333343	None
  6.266667	-0.0266535431	0.07969543	0.07969543	0.333333343	0.333333343	None
  6.3	-0.0227209926	0.119956553	0.119956553	0.333333343	0.333333343	None
  6.366667	-0.0153601915	0.08183515	0.08183515	0.333333343	0.333333343	None
  6.40000057	-0.013200745	0.04484969	0.04484969	0.333333343	0.333333343	None
  6.433334	-0.0123701841	0.0154278576	0.0154278576	0.333333343	0.333333343	None
  6.50000048	-0.0113376081	0.0507170446	0.0507170446	0.333333343	0.333333343	None
  6.533334	-0.008791089	0.1019978	0.1019978	0.333333343	0.333333343	None
  6.566667	-0.004537761	0.131360859	0.131360859	0.333333343	0.333333343	None
  6.60000038	-3.37064266E-05	0.132920116	0.132920116	0.333333343	0.333333343	None
  6.63333368	0.004323572	0.132305	0.132305	0.333333343	0.333333343	None
  6.666667	0.008786619	0.119864464	0.119864464	0.333333343	0.333333343	None
  6.73333359	0.0151196122	0.07602461	0.07602461	0.333333343	0.333333343	None
  6.83333349	0.0201529264	0.03384079	0.03384079	0.333333343	0.333333343	None
  6.866667	0.02118142	0.0353072323	0.0353072323	0.333333343	0.333333343	None
  6.90000057	0.0225067586	0.018015461	0.018015461	0.333333343	0.333333343	None
  6.966667	0.02087818	-0.07106609	-0.07106609	0.333333343	0.333333343	None
  7.00000048	0.0176447332	-0.105112068	-0.105112068	0.333333343	0.333333343	None
  7.033334	0.0138707161	-0.119624846	-0.119624846	0.333333343	0.333333343	None
  7.066667	0.009669751	-0.121588677	-0.121588677	0.333333343	0.333333343	None
  7.10000038	0.005764812	-0.11692632	-0.11692632	0.333333343	0.333333343	None
  7.13333368	0.00187467039	-0.111983672	-0.111983672	0.333333343	0.333333343	None
  7.166667	-0.00170075893	-0.09527148	-0.09527148	0.333333343	0.333333343	None
  7.20000029	-0.004476756	-0.0706407353	-0.0706407353	0.333333343	0.333333343	None
  7.23333359	-0.006410137	-0.0530959442	-0.0530959442	0.333333343	0.333333343	None
  7.33333349	-0.0105155706	-0.03734483	-0.03734483	0.333333343	0.333333343	None
  7.433334	-0.0137657821	-0.0215551462	-0.0215551462	0.333333343	0.333333343	None
  7.466667	-0.0142975748	-0.0170825571	-0.0170825571	0.333333343	0.333333343	None
  7.50000048	-0.0149046183	-0.0125632547	-0.0125632547	0.333333343	0.333333343	None
  7.60000038	-0.0154904723	-0.00552021526	-0.00552021526	0.333333343	0.333333343	None
  7.73333359	-0.01619251	-0.00386283174	-0.00386283174	0.333333343	0.333333343	None
  7.833334	-0.0165052116	0.007774162	0.007774162	0.333333343	0.333333343	None
  7.90000057	-0.0138578564	0.110781595	0.110781595	0.333333343	0.333333343	None
  7.933334	-0.008623645	0.199940324	0.199940324	0.333333343	0.333333343	None
  7.966667	-0.0005285144	0.242250353	0.242250353	0.333333343	0.333333343	None
  8	0.00752624869	0.2268847	0.2268847	0.333333343	0.333333343	None
  8.033334	0.014597103	0.177507788	0.177507788	0.333333343	0.333333343	None
  8.1	0.0225159228	0.08211519	0.08211519	0.333333343	0.333333343	None
  8.166667	0.0264185071	0.0464639664	0.0464639664	0.333333343	0.333333343	None
  8.200001	0.027932182	0.0595698878	0.0595698878	0.333333343	0.333333343	None
  8.3	0.03519647	0.0498924255	0.0498924255	0.333333343	0.333333343	None
  8.433333	0.0384537578	0.0176087134	0.0176087134	0.333333343	0.333333343	None
  8.6	0.03813897	-0.0369896144	-0.0369896144	0.333333343	0.333333343	None
  8.733334	0.0298682153	-0.08431191	-0.08431191	0.333333343	0.333333343	None
  8.8	0.0242187679	-0.0797526762	-0.0797526762	0.333333343	0.333333343	None
  8.833334	0.021606952	-0.08013557	-0.08013557	0.333333343	0.333333343	None
  8.866667	0.0188764036	-0.0719269961	-0.0719269961	0.333333343	0.333333343	None
  8.933333	0.0148692876	-0.0595334545	-0.0595334545	0.333333343	0.333333343	None
  9.033334	0.00904265	-0.0560019873	-0.0560019873	0.333333343	0.333333343	None
  9.066668	0.007196352	-0.048795592	-0.048795592	0.333333343	0.333333343	None
  9.1	0.00578960776	-0.0372801274	-0.0372801274	0.333333343	0.333333343	None
  9.133334	0.004711017	-0.03604071	-0.03604071	0.333333343	0.333333343	None
  9.166667	0.00338689983	-0.03275549	-0.03275549	0.333333343	0.333333343	None
  9.200001	0.00252732635	-0.0246226862	-0.0246226862	0.333333343	0.333333343	None
  9.233334	0.00174538791	-0.0197619162	-0.0197619162	0.333333343	0.333333343	None
  9.3	0.000811681151	-0.0111034736	-0.0111034736	0.333333343	0.333333343	None
  9.333334	0.0004696399	-0.009134032	-0.009134032	0.333333343	0.333333343	None
  9.366667	0.0002027452	-0.00741475867	-0.00741475867	0.333333343	0.333333343	None
  9.400001	-2.46763229E-05	-0.00551214954	-0.00551214954	0.333333343	0.333333343	None
  9.433333	-0.000164732337	-0.007024672	-0.007024672	0.333333343	0.333333343	None
  9.466667	-0.00049299	-0.006893185	-0.006893185	0.333333343	0.333333343	None
  9.500001	-0.000624284148	-0.00439011632	-0.00439011632	0.333333343	0.333333343	None
  9.533334	-0.0007856637	-0.004758468	-0.004758468	0.333333343	0.333333343	None
  9.566668	-0.000941514969	-0.00294034975	-0.00294034975	0.333333343	0.333333343	None
  9.6	-0.0009816885	-0.00318956841	-0.00318956841	0.333333343	0.333333343	None
  9.633334	-0.00115415454	-0.00304427976	-0.00304427976	0.333333343	0.333333343	None
  9.666667	-0.00118464231	-0.00210060179	-0.00210060179	0.333333343	0.333333343	None
  9.700001	-0.00129419565	-0.00278122257	-0.00278122257	0.333333343	0.333333343	None
  9.733334	-0.00137005746	-0.00706174737	-0.00706174737	0.333333343	0.333333343	None
  9.766667	-0.00176498294	-0.010298105	-0.010298105	0.333333343	0.333333343	None
  9.8	-0.00205659866	-0.008380352	-0.008380352	0.333333343	0.333333343	None
  9.833334	-0.00232367218	-0.00743552949	-0.00743552949	0.333333343	0.333333343	None
  9.866667	-0.00255230069	-0.003015755	-0.003015755	0.333333343	0.333333343	None
  9.900001	-0.00252471864	-0.00166591257	-0.00166591257	0.333333343	0.333333343	None
  9.933333	-0.002663359	0.00253370032	0.00253370032	0.333333343	0.333333343	None
  9.966667	-0.002355799	0.008945718	0.008945718	0.333333343	0.333333343	None
  10.000001	-0.00206696987	0.0101535339	0.0101535339	0.333333343	0.333333343	None
  10.0333338	-0.00167889893	0.0204928648	0.0204928648	0.333333343	0.333333343	None
  10.0666676	-0.0007007718	0.0262686424	0.0262686424	0.333333343	0.333333343	None
  10.1	7.234514E-05	0.0216910653	0.0216910653	0.333333343	0.333333343	None
  10.1333342	0.0007452965	0.0198555142	0.0198555142	0.333333343	0.333333343	None
  10.166667	0.00139604509	0.009761378	0.009761378	0.333333343	0.333333343	None
  10.2000008	0.00139604509	0	0	0.333333343	0.333333343	None
FLOAT UnityEngine.Animator||RootT.x discrete=False keys=72 pre=ClampForever post=ClampForever
  0	0.07653579	0.006609633	0.006609633	0.333333343	0.333333343	None
  0.900000036	0.102139369	0.0368403643	0.0368403643	0.333333343	0.333333343	None
  1.36666679	0.115041628	0.0102750808	0.0102750808	0.333333343	0.333333343	None
  1.53333342	0.111885458	-0.0376177952	-0.0376177952	0.333333343	0.333333343	None
  1.76666677	0.115406141	-0.006575442	-0.006575442	0.333333343	0.333333343	None
  1.96666682	0.107366152	-0.06050826	-0.06050826	0.333333343	0.333333343	None
  2.4	0.04867824	-0.13499257	-0.13499257	0.333333343	0.333333343	None
  2.53333354	0.03238222	-0.111709535	-0.111709535	0.333333343	0.333333343	None
  2.83333349	0.0121993488	-0.02593795	-0.02593795	0.333333343	0.333333343	None
  2.9	0.0112253195	-0.00467348844	-0.00467348844	0.333333343	0.333333343	None
  2.9333334	0.0111711109	0.009644669	0.009644669	0.333333343	0.333333343	None
  2.966667	0.0118683018	0.0146640092	0.0146640092	0.333333343	0.333333343	None
  3.00000024	0.0121487156	0.0195442848	0.0195442848	0.333333343	0.333333343	None
  3.06666684	0.0145574119	0.0438844338	0.0438844338	0.333333343	0.333333343	None
  3.13333344	0.0179742	0.06186951	0.06186951	0.333333343	0.333333343	None
  3.266667	0.0273172855	0.07141634	0.07141634	0.333333343	0.333333343	None
  3.33333349	0.0321759321	0.07950021	0.07950021	0.333333343	0.333333343	None
  3.53333354	0.04883606	0.09048313	0.09048313	0.333333343	0.333333343	None
  3.83333349	0.0749492	0.09886286	0.09886286	0.333333343	0.333333343	None
  4.23333359	0.09286272	-0.0734741539	-0.0734741539	0.333333343	0.333333343	None
  4.4333334	0.06084063	-0.252723575	-0.252723575	0.333333343	0.333333343	None
  4.533334	0.03326254	-0.292281479	-0.292281479	0.333333343	0.333333343	None
  4.566667	0.0233385358	-0.290649056	-0.290649056	0.333333343	0.333333343	None
  4.63333368	0.00480323	-0.2681269	-0.2681269	0.333333343	0.333333343	None
  4.666667	-0.00398915354	-0.252376527	-0.252376527	0.333333343	0.333333343	None
  4.73333359	-0.0195409339	-0.220809191	-0.220809191	0.333333343	0.333333343	None
  5.066667	-0.06946606	-0.08771257	-0.08771257	0.333333343	0.333333343	None
  5.4	-0.09020915	-0.0321678743	-0.0321678743	0.333333343	0.333333343	None
  5.666667	-0.07440941	0.183227569	0.183227569	0.333333343	0.333333343	None
  5.83333349	-0.0314718522	0.312063456	0.312063456	0.333333343	0.333333343	None
  5.866667	-0.0207207277	0.3209544	0.3209544	0.333333343	0.333333343	None
  5.933334	0.000520454836	0.317940354	0.317940354	0.333333343	0.333333343	None
  5.966667	0.0111212432	0.306000948	0.306000948	0.333333343	0.333333343	None
  6.033334	0.03024897	0.275414377	0.275414377	0.333333343	0.333333343	None
  6.13333368	0.05510317	0.224752277	0.224752277	0.333333343	0.333333343	None
  6.266667	0.07572037	0.06890814	0.06890814	0.333333343	0.333333343	None
  6.433334	0.07748821	-0.0308990777	-0.0308990777	0.333333343	0.333333343	None
  6.60000038	0.0612017848	-0.152626216	-0.152626216	0.333333343	0.333333343	None
  6.8	0.0273487233	-0.160105079	-0.160105079	0.333333343	0.333333343	None
  6.933334	0.008460453	-0.107591912	-0.107591912	0.333333343	0.333333343	None
  6.966667	0.00521872146	-0.08159439	-0.08159439	0.333333343	0.333333343	None
  7.00000048	0.00302083185	-0.0540289357	-0.0540289357	0.333333343	0.333333343	None
  7.066667	0.000886607333	-0.0129349455	-0.0129349455	0.333333343	0.333333343	None
  7.13333368	0.001212654	0.0228284672	0.0228284672	0.333333343	0.333333343	None
  7.166667	0.00227636355	0.037571162	0.037571162	0.333333343	0.333333343	None
  7.20000029	0.003717396	0.0480900854	0.0480900854	0.333333343	0.333333343	None
  7.23333359	0.00548236631	0.0594477467	0.0594477467	0.333333343	0.333333343	None
  7.3	0.0100768777	0.07539827	0.07539827	0.333333343	0.333333343	None
  7.40000057	0.0180994533	0.0790597647	0.0790597647	0.333333343	0.333333343	None
  7.60000038	0.0318438672	0.0546647	0.0546647	0.333333343	0.333333343	None
  7.86666727	0.04148278	0.00671134	0.00671134	0.333333343	0.333333343	None
  7.966667	0.03918798	-0.0497327819	-0.0497327819	0.333333343	0.333333343	None
  8.133334	0.029694166	-0.06174715	-0.06174715	0.333333343	0.333333343	None
  8.233334	0.022293482	-0.0922747254	-0.0922747254	0.333333343	0.333333343	None
  8.333334	0.0127142835	-0.0932835042	-0.0932835042	0.333333343	0.333333343	None
  8.433333	0.0038137536	-0.0860976	-0.0860976	0.333333343	0.333333343	None
  8.466667	0.000962982245	-0.08210021	-0.08210021	0.333333343	0.333333343	None
  8.5	-0.001659592	-0.07409487	-0.07409487	0.333333343	0.333333343	None
  8.533334	-0.003976667	-0.0663782358	-0.0663782358	0.333333343	0.333333343	None
  8.633334	-0.009263162	-0.0361258835	-0.0361258835	0.333333343	0.333333343	None
  8.8	-0.0100715747	0.02429181	0.02429181	0.333333343	0.333333343	None
  8.833334	-0.009090087	0.03794178	0.03794178	0.333333343	0.333333343	None
  8.900001	-0.00557336444	0.06398009	0.06398009	0.333333343	0.333333343	None
  8.933333	-0.0032768033	0.07591729	0.07591729	0.333333343	0.333333343	None
  8.966667	-0.000512210361	0.08881631	0.08881631	0.333333343	0.333333343	None
  9	0.00264427252	0.09850973	0.09850973	0.333333343	0.333333343	None
  9.033334	0.006055102	0.108406171	0.108406171	0.333333343	0.333333343	None
  9.133334	0.018038867	0.125924349	0.125924349	0.333333343	0.333333343	None
  9.400001	0.0495832674	0.09491561	0.09491561	0.333333343	0.333333343	None
  9.833334	0.0716819838	0.01872104	0.01872104	0.333333343	0.333333343	None
  10.1333342	0.07604207	0.0145012755	0.0145012755	0.333333343	0.333333343	None
  10.2000008	0.0765506551	0	0	0.333333343	0.333333343	None
FLOAT UnityEngine.Animator||RootT.y discrete=False keys=12 pre=ClampForever post=ClampForever
  0	0.9724699	-0.00465989066	-0.00465989066	0.333333343	0.333333343	None
  1.4000001	0.955946	0.0035333666	0.0035333666	0.333333343	0.333333343	None
  2.16666675	0.968839943	-0.04612331	-0.04612331	0.333333343	0.333333343	None
  2.86666679	0.9683191	-0.0137767326	-0.0137767326	0.333333343	0.333333343	None
  3.9	0.966687	0.0214602873	0.0214602873	0.333333343	0.333333343	None
  4.5	0.9762752	0.0170899611	0.0170899611	0.333333343	0.333333343	None
  5.533334	0.9844696	-0.009140977	-0.009140977	0.333333343	0.333333343	None
  6.20000029	0.9768206	0.0210231729	0.0210231729	0.333333343	0.333333343	None
  7.033334	0.976985157	-0.00485837925	-0.00485837925	0.333333343	0.333333343	None
  8.666667	0.97249943	-0.009742659	-0.009742659	0.333333343	0.333333343	None
  9.966667	0.9727181	0.00614128262	0.00614128262	0.333333343	0.333333343	None
  10.2000008	0.97246	3.576231E-06	3.576231E-06	0.333333343	0.333333343	None
FLOAT UnityEngine.Animator||RootT.z discrete=False keys=110 pre=ClampForever post=ClampForever
  0	0.000311723037	0.0125031462	0.0125031462	0.333333343	0.333333343	None
  0.0333333351	0.0007284946	0.0112058744	0.0112058744	0.333333343	0.333333343	None
  0.06666667	0.0010587814	0.01110724	0.01110724	0.333333343	0.333333343	None
  0.100000009	0.00146897731	0.00844102	0.00844102	0.333333343	0.333333343	None
  0.13333334	0.00162151607	0.00399345346	0.00399345346	0.333333343	0.333333343	None
  0.166666672	0.00173520751	0.009454733	0.009454733	0.333333343	0.333333343	None
  0.200000018	0.00225183181	0.00900275	0.00900275	0.333333343	0.333333343	None
  0.233333349	0.002335391	0.000824140268	0.000824140268	0.333333343	0.333333343	None
  0.3	0.00221713283	-0.00227046222	-0.00227046222	0.333333343	0.333333343	None
  0.333333343	0.00215541036	-0.00301030837	-0.00301030837	0.333333343	0.333333343	None
  0.366666675	0.00201644562	-0.00269606337	-0.00269606337	0.333333343	0.333333343	None
  0.400000036	0.00197567279	-0.00241493061	-0.00241493061	0.333333343	0.333333343	None
  0.433333367	0.00185545022	-0.00547782	-0.00547782	0.333333343	0.333333343	None
  0.4666667	0.00161048479	-0.006754209	-0.006754209	0.333333343	0.333333343	None
  0.5	0.00140516984	-0.0120713245	-0.0120713245	0.333333343	0.333333343	None
  0.533333361	0.000805729534	-0.0130897257	-0.0130897257	0.333333343	0.333333343	None
  0.5666667	0.00053252076	-0.00843991	-0.00843991	0.333333343	0.333333343	None
  0.6	0.000243068964	-0.0084581	-0.0084581	0.333333343	0.333333343	None
  0.6333334	-3.1352567E-05	-0.007742446	-0.007742446	0.333333343	0.333333343	None
  0.6666667	-0.000273094076	-0.00662979	-0.00662979	0.333333343	0.333333343	None
  0.700000048	-0.0004733385	-0.00675212126	-0.00675212126	0.333333343	0.333333343	None
  0.8000001	-0.00125083548	-0.006611418	-0.006611418	0.333333343	0.333333343	None
  0.900000036	-0.00167134625	-0.00178367342	-0.00178367342	0.333333343	0.333333343	None
  0.9333334	-0.00169781072	0.00127236091	0.00127236091	0.333333343	0.333333343	None
  0.9666667	-0.00158652232	0.00260015437	0.00260015437	0.333333343	0.333333343	None
  1	-0.00152446725	0.00274843443	0.00274843443	0.333333343	0.333333343	None
  1.03333342	-0.00140329311	0.004977602	0.004977602	0.333333343	0.333333343	None
  1.06666672	-0.001192627	0.0066984063	0.0066984063	0.333333343	0.333333343	None
  1.1	-0.0009567331	0.007840464	0.007840464	0.333333343	0.333333343	None
  1.13333344	-0.00066992885	0.008722446	0.008722446	0.333333343	0.333333343	None
  1.16666675	-0.000375236268	0.0105813779	0.0105813779	0.333333343	0.333333343	None
  1.2	3.54956464E-05	0.0147378389	0.0147378389	0.333333343	0.333333343	None
  1.23333335	0.0006072854	0.0153573155	0.0153573155	0.333333343	0.333333343	None
  1.26666677	0.00105931738	0.009220298	0.009220298	0.333333343	0.333333343	None
  1.30000007	0.001221973	0.005288202	0.005288202	0.333333343	0.333333343	None
  1.33333337	0.00141186384	0.008140278	0.008140278	0.333333343	0.333333343	None
  1.36666679	0.001764659	0.009557029	0.009557029	0.333333343	0.333333343	None
  1.4333334	0.002385895	0.0128436722	0.0128436722	0.333333343	0.333333343	None
  1.4666667	0.00290524377	0.0287486482	0.0287486482	0.333333343	0.333333343	None
  1.53333342	0.006336871	0.0690641254	0.0690641254	0.333333343	0.333333343	None
  1.56666672	0.008906745	0.0882921	0.0882921	0.333333343	0.333333343	None
  1.60000014	0.0122230174	0.09261175	0.09261175	0.333333343	0.333333343	None
  1.63333344	0.0150808683	0.06671578	0.06671578	0.333333343	0.333333343	None
  1.80000007	0.0163174253	-0.003565162	-0.003565162	0.333333343	0.333333343	None
  1.83333337	0.0164502319	-0.0034195492	-0.0034195492	0.333333343	0.333333343	None
  1.86666679	0.0160894543	-0.00307742739	-0.00307742739	0.333333343	0.333333343	None
  1.9333334	0.0165248085	0.003851266	0.003851266	0.333333343	0.333333343	None
  2	0.0166215952	0.00569302868	0.00569302868	0.333333343	0.333333343	None
  2.13333344	0.0178229455	0.007483482	0.007483482	0.333333343	0.333333343	None
  2.23333335	0.0185871162	0.00206924556	0.00206924556	0.333333343	0.333333343	None
  2.36666679	0.0189364441	0.0124092512	0.0124092512	0.333333343	0.333333343	None
  2.60000014	0.0235033128	0.0172540247	0.0172540247	0.333333343	0.333333343	None
  2.9	0.0263231751	0.00747225061	0.00747225061	0.333333343	0.333333343	None
  2.9333334	0.0266038682	0.004035612	0.004035612	0.333333343	0.333333343	None
  2.966667	0.0265922155	0.00782879	0.00782879	0.333333343	0.333333343	None
  3.00000024	0.027125787	0.0121868793	0.0121868793	0.333333343	0.333333343	None
  3.16666675	0.0293039959	0.0172930434	0.0172930434	0.333333343	0.333333343	None
  3.4333334	0.0360829	0.02853746	0.02853746	0.333333343	0.333333343	None
  3.53333354	0.0389151461	0.0300293155	0.0300293155	0.333333343	0.333333343	None
  3.70000029	0.04336554	0.0269934535	0.0269934535	0.333333343	0.333333343	None
  3.9	0.05051096	0.05889003	0.05889003	0.333333343	0.333333343	None
  4.13333368	0.0669690147	0.09878674	0.09878674	0.333333343	0.333333343	None
  4.4333334	0.105990842	0.172165349	0.172165349	0.333333343	0.333333343	None
  4.8	0.156112134	0.0799891353	0.0799891353	0.333333343	0.333333343	None
  5.13333368	0.166544124	-0.009707594	-0.009707594	0.333333343	0.333333343	None
  5.60000038	0.136186048	-0.146197528	-0.146197528	0.333333343	0.333333343	None
  5.866667	0.08271046	-0.264994562	-0.264994562	0.333333343	0.333333343	None
  5.933334	0.06462783	-0.281914	-0.281914	0.333333343	0.333333343	None
  6.00000048	0.0463527441	-0.2537234	-0.2537234	0.333333343	0.333333343	None
  6.166667	0.009604333	-0.166299462	-0.166299462	0.333333343	0.333333343	None
  6.20000029	0.00460202573	-0.143481612	-0.143481612	0.333333343	0.333333343	None
  6.23333359	3.89020133E-05	-0.129528075	-0.129528075	0.333333343	0.333333343	None
  6.266667	-0.004033171	-0.110527165	-0.110527165	0.333333343	0.333333343	None
  6.3	-0.00732956873	-0.09214835	-0.09214835	0.333333343	0.333333343	None
  6.40000057	-0.0141631169	-0.04036566	-0.04036566	0.333333343	0.333333343	None
  6.666667	-0.0108140009	0.056655407	0.056655407	0.333333343	0.333333343	None
  6.766667	-0.004222502	0.06882038	0.06882038	0.333333343	0.333333343	None
  6.83333349	0.000373074028	0.0688514858	0.0688514858	0.333333343	0.333333343	None
  6.866667	0.00266432553	0.06445267	0.06445267	0.333333343	0.333333343	None
  6.90000057	0.00466994336	0.0605181865	0.0605181865	0.333333343	0.333333343	None
  7.00000048	0.0103754736	0.0474445075	0.0474445075	0.333333343	0.333333343	None
  7.13333368	0.0156766474	0.0337212533	0.0337212533	0.333333343	0.333333343	None
  7.33333349	0.0192003921	0.00272416417	0.00272416417	0.333333343	0.333333343	None
  7.8	0.0174333621	0.00450313929	0.00450313929	0.333333343	0.333333343	None
  7.90000057	0.0179333277	0.002403541	0.002403541	0.333333343	0.333333343	None
  8.066668	0.0187342018	0.00353401434	0.00353401434	0.333333343	0.333333343	None
  8.1	0.0188641157	0.01282347	0.01282347	0.333333343	0.333333343	None
  8.166667	0.0203369316	0.01988478	0.01988478	0.333333343	0.333333343	None
  8.3	0.0234272368	0.03160092	0.03160092	0.333333343	0.333333343	None
  8.533334	0.0332074	0.04552201	0.04552201	0.333333343	0.333333343	None
  8.700001	0.03890381	0.0153954569	0.0153954569	0.333333343	0.333333343	None
  8.933333	0.03625444	-0.03697178	-0.03697178	0.333333343	0.333333343	None
  9.266667	0.020010734	-0.0521473736	-0.0521473736	0.333333343	0.333333343	None
  9.400001	0.0140817743	-0.04047133	-0.04047133	0.333333343	0.333333343	None
  9.433333	0.0127023961	-0.03586126	-0.03586126	0.333333343	0.333333343	None
  9.466667	0.011691031	-0.0318311825	-0.0318311825	0.333333343	0.333333343	None
  9.6	0.00766387861	-0.02550289	-0.02550289	0.333333343	0.333333343	None
  9.700001	0.00543237152	-0.01838636	-0.01838636	0.333333343	0.333333343	None
  9.733334	0.00484382641	-0.01451528	-0.01451528	0.333333343	0.333333343	None
  9.8	0.004172514	-0.0119503736	-0.0119503736	0.333333343	0.333333343	None
  9.833334	0.00366799626	-0.0174284466	-0.0174284466	0.333333343	0.333333343	None
  9.866667	0.003010621	-0.0152916722	-0.0152916722	0.333333343	0.333333343	None
  9.933333	0.00232296321	-0.0120842885	-0.0120842885	0.333333343	0.333333343	None
  9.966667	0.00184293592	-0.009853261	-0.009853261	0.333333343	0.333333343	None
  10.000001	0.00166607043	-0.0007456349	-0.0007456349	0.333333343	0.333333343	None
  10.0333338	0.00179322262	-0.000686174841	-0.000686174841	0.333333343	0.333333343	None
  10.1	0.00127308269	-0.011748841	-0.011748841	0.333333343	0.333333343	None
  10.1333342	0.0008370646	-0.0156558547	-0.0156558547	0.333333343	0.333333343	None
  10.166667	0.000229362471	-0.009115768	-0.009115768	0.333333343	0.333333343	None
  10.2000008	0.000229356025	-1.93392367E-07	-1.93392367E-07	0.333333343	0.333333343	None
FLOAT UnityEngine.Animator||Spine Front-Back discrete=False keys=42 pre=ClampForever post=ClampForever
  0	-0.09506879	-0.00656582369	-0.00656582369	0.333333343	0.333333343	None
  0.400000036	-0.1129135	-0.08296114	-0.08296114	0.333333343	0.333333343	None
  0.9333334	-0.1691433	-0.112676695	-0.112676695	0.333333343	0.333333343	None
  1.4000001	-0.2093309	-0.0530107841	-0.0530107841	0.333333343	0.333333343	None
  1.4666667	-0.208414108	0.117310911	0.117310911	0.333333343	0.333333343	None
  1.56666672	-0.193565831	0.0855349451	0.0855349451	0.333333343	0.333333343	None
  1.76666677	-0.191651911	-0.161696672	-0.161696672	0.333333343	0.333333343	None
  1.83333337	-0.206331015	-0.165406227	-0.165406227	0.333333343	0.333333343	None
  1.9000001	-0.213762924	-0.1218902	-0.1218902	0.333333343	0.333333343	None
  2.23333335	-0.226296365	-0.00291957473	-0.00291957473	0.333333343	0.333333343	None
  2.4666667	-0.2318657	-0.0495425351	-0.0495425351	0.333333343	0.333333343	None
  2.83333349	-0.229171142	0.02776916	0.02776916	0.333333343	0.333333343	None
  3.466667	-0.220822543	0.0135353245	0.0135353245	0.333333343	0.333333343	None
  3.66666675	-0.216577113	0.00923793	0.00923793	0.333333343	0.333333343	None
  3.766667	-0.213442668	0.00610739645	0.00610739645	0.333333343	0.333333343	None
  3.9	-0.217147946	-0.0552165136	-0.0552165136	0.333333343	0.333333343	None
  4.066667	-0.226207852	-0.0898650438	-0.0898650438	0.333333343	0.333333343	None
  4.366667	-0.240724042	0.005688971	0.005688971	0.333333343	0.333333343	None
  4.63333368	-0.222930759	0.0519712046	0.0519712046	0.333333343	0.333333343	None
  5.066667	-0.2187326	0.003629703	0.003629703	0.333333343	0.333333343	None
  5.23333359	-0.221846059	-0.00424862327	-0.00424862327	0.333333343	0.333333343	None
  5.533334	-0.232168272	-0.008923271	-0.008923271	0.333333343	0.333333343	None
  5.70000029	-0.232519642	0.0274061672	0.0274061672	0.333333343	0.333333343	None
  5.966667	-0.238285288	-0.08563989	-0.08563989	0.333333343	0.333333343	None
  6.20000029	-0.253276229	-0.06757519	-0.06757519	0.333333343	0.333333343	None
  6.433334	-0.249515757	0.0100261066	0.0100261066	0.333333343	0.333333343	None
  6.533334	-0.24743697	-0.0255970173	-0.0255970173	0.333333343	0.333333343	None
  6.90000057	-0.246147916	0.0897199661	0.0897199661	0.333333343	0.333333343	None
  7.20000029	-0.2120957	0.08760439	0.08760439	0.333333343	0.333333343	None
  7.8	-0.1764813	0.0495749563	0.0495749563	0.333333343	0.333333343	None
  7.933334	-0.174040422	-0.06170115	-0.06170115	0.333333343	0.333333343	None
  8.1	-0.191239864	-0.1845727	-0.1845727	0.333333343	0.333333343	None
  8.166667	-0.203344762	-0.07488334	-0.07488334	0.333333343	0.333333343	None
  8.200001	-0.203200951	-0.03655533	-0.03655533	0.333333343	0.333333343	None
  8.3	-0.208719313	0.00412834249	0.00412834249	0.333333343	0.333333343	None
  8.666667	-0.172507361	0.132311344	0.132311344	0.333333343	0.333333343	None
  8.833334	-0.1532716	0.0770690963	0.0770690963	0.333333343	0.333333343	None
  9.200001	-0.127370626	0.0502990633	0.0502990633	0.333333343	0.333333343	None
  9.466667	-0.114108689	0.04729733	0.04729733	0.333333343	0.333333343	None
  9.766667	-0.104087904	0.0337959826	0.0337959826	0.333333343	0.333333343	None
  9.966667	-0.09641901	0.0217659473	0.0217659473	0.333333343	0.333333343	None
  10.2000008	-0.09506922	0	0	0.333333343	0.333333343	None
FLOAT UnityEngine.Animator||Spine Left-Right discrete=False keys=223 pre=ClampForever post=ClampForever
  0	-0.00550657557	0.004972815	0.004972815	0.333333343	0.333333343	None
  0.06666667	-0.005120338	0.00754775666	0.00754775666	0.333333343	0.333333343	None
  0.100000009	-0.00483763125	0.00429691235	0.00429691235	0.333333343	0.333333343	None
  0.13333334	-0.004833877	0.004498058	0.004498058	0.333333343	0.333333343	None
  0.166666672	-0.00453776075	0.00648556743	0.00648556743	0.333333343	0.333333343	None
  0.3	-0.004228771	0.002011664	0.002011664	0.333333343	0.333333343	None
  0.400000036	-0.00396913243	0.00156106544	0.00156106544	0.333333343	0.333333343	None
  0.433333367	-0.00395894051	0.000563256966	0.000563256966	0.333333343	0.333333343	None
  0.5	-0.00402492238	-0.004345177	-0.004345177	0.333333343	0.333333343	None
  0.533333361	-0.00422126055	-0.00418424932	-0.00418424932	0.333333343	0.333333343	None
  0.5666667	-0.00430387259	-0.002880686	-0.002880686	0.333333343	0.333333343	None
  0.6	-0.00441330625	-0.00212431769	-0.00212431769	0.333333343	0.333333343	None
  0.6333334	-0.00444549369	-0.00422448944	-0.00422448944	0.333333343	0.333333343	None
  0.6666667	-0.00469493866	-0.005447562	-0.005447562	0.333333343	0.333333343	None
  0.7666667	-0.00491970731	-0.00237374613	-0.00237374613	0.333333343	0.333333343	None
  0.900000036	-0.00519651268	-0.00119894731	-0.00119894731	0.333333343	0.333333343	None
  0.9333334	-0.005242646	0.00223698653	0.00223698653	0.333333343	0.333333343	None
  0.9666667	-0.00504738046	0.004610736	0.004610736	0.333333343	0.333333343	None
  1	-0.004935264	0.000611555064	0.000611555064	0.333333343	0.333333343	None
  1.06666672	-0.005119801	-0.00275194924	-0.00275194924	0.333333343	0.333333343	None
  1.1	-0.00519007351	-0.0035968367	-0.0035968367	0.333333343	0.333333343	None
  1.16666675	-0.005423426	-2.412597E-05	-2.412597E-05	0.333333343	0.333333343	None
  1.23333335	-0.005239427	0.000909273	0.000909273	0.333333343	0.333333343	None
  1.30000007	-0.005429864	-0.000812710146	-0.000812710146	0.333333343	0.333333343	None
  1.33333337	-0.00535476161	0.0149264652	0.0149264652	0.333333343	0.333333343	None
  1.36666679	-0.004434764	0.0417861119	0.0417861119	0.333333343	0.333333343	None
  1.4000001	-0.00256902026	0.06818315	0.06818315	0.333333343	0.333333343	None
  1.4333334	0.000110775094	0.07223867	0.07223867	0.333333343	0.333333343	None
  1.4666667	0.00224688626	0.1378586	0.1378586	0.333333343	0.333333343	None
  1.50000012	0.009301365	0.258405238	0.258405238	0.333333343	0.333333343	None
  1.53333342	0.01947391	0.327296823	0.327296823	0.333333343	0.333333343	None
  1.60000014	0.04339197	0.365260422	0.365260422	0.333333343	0.333333343	None
  1.63333344	0.05547185	0.309425235	0.309425235	0.333333343	0.333333343	None
  1.83333337	0.07154202	-0.05344554	-0.05344554	0.333333343	0.333333343	None
  2	0.0665171742	-0.007382772	-0.007382772	0.333333343	0.333333343	None
  2.10000014	0.06232382	-0.09082247	-0.09082247	0.333333343	0.333333343	None
  2.23333335	0.0472661443	-0.122972429	-0.122972429	0.333333343	0.333333343	None
  2.33333349	0.0362315476	-0.114724837	-0.114724837	0.333333343	0.333333343	None
  2.4333334	0.0240371544	-0.126831	-0.126831	0.333333343	0.333333343	None
  2.50000024	0.0161251724	-0.09727936	-0.09727936	0.333333343	0.333333343	None
  2.53333354	0.01334882	-0.0760527849	-0.0760527849	0.333333343	0.333333343	None
  2.56666684	0.0110549917	-0.0592916533	-0.0592916533	0.333333343	0.333333343	None
  2.63333344	0.00802651	-0.0391348153	-0.0391348153	0.333333343	0.333333343	None
  2.7	0.005524813	-0.0381449126	-0.0381449126	0.333333343	0.333333343	None
  2.73333359	0.00424406026	-0.0335422419	-0.0335422419	0.333333343	0.333333343	None
  2.766667	0.00328865671	-0.02875869	-0.02875869	0.333333343	0.333333343	None
  2.80000019	0.002326816	-0.02397093	-0.02397093	0.333333343	0.333333343	None
  2.83333349	0.00169059623	-0.0163950138	-0.0163950138	0.333333343	0.333333343	None
  2.86666679	0.00123381626	-0.0149184614	-0.0149184614	0.333333343	0.333333343	None
  2.9	0.0006960331	-0.00846506	-0.00846506	0.333333343	0.333333343	None
  2.9333334	0.0006694795	-0.0166604389	-0.0166604389	0.333333343	0.333333343	None
  2.966667	-0.000414669543	0.00176635385	0.00176635385	0.333333343	0.333333343	None
  3.00000024	0.0007872285	0.0196378138	0.0196378138	0.333333343	0.333333343	None
  3.03333354	0.000894516765	0.00247433758	0.00247433758	0.333333343	0.333333343	None
  3.06666684	0.0009521842	0.009792747	0.009792747	0.333333343	0.333333343	None
  3.10000014	0.00154736592	0.009052459	0.009052459	0.333333343	0.333333343	None
  3.13333344	0.00155568088	0.00177831331	0.00177831331	0.333333343	0.333333343	None
  3.16666675	0.00166592	0.005664806	0.005664806	0.333333343	0.333333343	None
  3.20000029	0.00193333614	0.008356405	0.008356405	0.333333343	0.333333343	None
  3.23333359	0.002223015	0.003596844	0.003596844	0.333333343	0.333333343	None
  3.266667	0.00217312551	0.003097951	0.003097951	0.333333343	0.333333343	None
  3.30000019	0.002429545	0.006002783	0.006002783	0.333333343	0.333333343	None
  3.33333349	0.00257331063	0.00275194924	0.00275194924	0.333333343	0.333333343	None
  3.36666679	0.002613008	0.00358478958	0.00358478958	0.333333343	0.333333343	None
  3.4	0.00281229638	0.0077891387	0.0077891387	0.333333343	0.333333343	None
  3.4333334	0.00313228345	0.0143229384	0.0143229384	0.333333343	0.333333343	None
  3.50000024	0.00451228069	0.0229530334	0.0229530334	0.333333343	0.333333343	None
  3.53333354	0.00529736327	0.0194929577	0.0194929577	0.333333343	0.333333343	None
  3.63333344	0.00688415673	0.02202767	0.02202767	0.333333343	0.333333343	None
  3.66666675	0.00775694847	0.02564051	0.02564051	0.333333343	0.333333343	None
  3.70000029	0.00859352853	0.02698427	0.02698427	0.333333343	0.333333343	None
  3.73333359	0.009555904	0.0231019165	0.0231019165	0.333333343	0.333333343	None
  3.80000019	0.0102725923	-0.000712126959	-0.000712126959	0.333333343	0.333333343	None
  3.83333349	0.01008618	-0.01979876	-0.01979876	0.333333343	0.333333343	None
  3.86666679	0.008952676	-0.04694005	-0.04694005	0.333333343	0.333333343	None
  3.9	0.006956846	-0.0587241277	-0.0587241277	0.333333343	0.333333343	None
  3.966667	0.003195047	-0.05209408	-0.05209408	0.333333343	0.333333343	None
  4	0.00156480086	-0.0489957742	-0.0489957742	0.333333343	0.333333343	None
  4.033334	-7.134669E-05	-0.0396937	-0.0396937	0.333333343	0.333333343	None
  4.066667	-0.00108146656	-0.0211948417	-0.0211948417	0.333333343	0.333333343	None
  4.10000038	-0.0014843347	-0.005141798	-0.005141798	0.333333343	0.333333343	None
  4.13333368	-0.00142425275	-9.655085E-05	-9.655085E-05	0.333333343	0.333333343	None
  4.166667	-0.00149077142	-0.0009495046	-0.0009495046	0.333333343	0.333333343	None
  4.20000029	-0.001487553	0.00244617	0.00244617	0.333333343	0.333333343	None
  4.23333359	-0.00132769358	0.0102916434	0.0102916434	0.333333343	0.333333343	None
  4.266667	-0.0008014441	0.0174531527	0.0174531527	0.333333343	0.333333343	None
  4.3	-0.000164151177	0.0185394455	0.0185394455	0.333333343	0.333333343	None
  4.33333349	0.000434517773	0.02012463	0.02012463	0.333333343	0.333333343	None
  4.366667	0.00117748941	0.0206436478	0.0206436478	0.333333343	0.333333343	None
  4.4	0.00181075954	0.0229288843	0.0229288843	0.333333343	0.333333343	None
  4.4333334	0.00270608021	0.0223736726	0.0223736726	0.333333343	0.333333343	None
  4.4666667	0.0033023362	0.0141942594	0.0141942594	0.333333343	0.333333343	None
  4.5	0.00365236332	0.0148861222	0.0148861222	0.333333343	0.333333343	None
  4.60000038	0.00559187	0.01266541	0.01266541	0.333333343	0.333333343	None
  4.70000029	0.00587671949	0.00155702385	0.00155702385	0.333333343	0.333333343	None
  4.766667	0.00611463049	0.00486419769	0.00486419769	0.333333343	0.333333343	None
  4.83333349	0.00666207261	0.01334533	0.01334533	0.333333343	0.333333343	None
  4.866667	0.00720494939	0.0155701963	0.0155701963	0.333333343	0.333333343	None
  4.9666667	0.008842708	0.0205951668	0.0205951668	0.333333343	0.333333343	None
  5.00000048	0.009624301	0.0173724741	0.0173724741	0.333333343	0.333333343	None
  5.033334	0.0100008827	0.0111848228	0.0111848228	0.333333343	0.333333343	None
  5.066667	0.0103699556	0.009909472	0.009909472	0.333333343	0.333333343	None
  5.10000038	0.0106615135	0.0209816135	0.0209816135	0.333333343	0.333333343	None
  5.13333368	0.0117687285	0.0290322453	0.0290322453	0.333333343	0.333333343	None
  5.166667	0.0125969946	0.0135344537	0.0135344537	0.333333343	0.333333343	None
  5.23333359	0.0125959245	0.0005069659	0.0005069659	0.333333343	0.333333343	None
  5.33333349	0.012772142	-0.00394684635	-0.00394684635	0.333333343	0.333333343	None
  5.4	0.0121506732	-0.00465500634	-0.00465500634	0.333333343	0.333333343	None
  5.533334	0.01315677	0.0014363802	0.0014363802	0.333333343	0.333333343	None
  5.60000038	0.0126463454	-0.0147253405	-0.0147253405	0.333333343	0.333333343	None
  5.63333368	0.0120372176	-0.02683955	-0.02683955	0.333333343	0.333333343	None
  5.70000029	0.00952237751	-0.0372398123	-0.0372398123	0.333333343	0.333333343	None
  5.73333359	0.008374392	-0.0402814448	-0.0402814448	0.333333343	0.333333343	None
  5.766667	0.00683695031	-0.045057103	-0.045057103	0.333333343	0.333333343	None
  5.8	0.005370588	-0.0420154966	-0.0420154966	0.333333343	0.333333343	None
  5.83333349	0.00403592	-0.0331883654	-0.0331883654	0.333333343	0.333333343	None
  5.866667	0.00315803243	-0.0234680064	-0.0234680064	0.333333343	0.333333343	None
  5.9	0.00247138762	-0.01612939	-0.01612939	0.333333343	0.333333343	None
  5.933334	0.0020827353	-0.008110929	-0.008110929	0.333333343	0.333333343	None
  5.966667	0.00193065393	-0.000555217848	-0.000555217848	0.333333343	0.333333343	None
  6.00000048	0.00204572082	0.005049265	0.005049265	0.333333343	0.333333343	None
  6.033334	0.00226727128	0.008135144	0.008135144	0.333333343	0.333333343	None
  6.066667	0.00258806325	0.0193682425	0.0193682425	0.333333343	0.333333343	None
  6.10000038	0.00355848623	0.03870834	0.03870834	0.333333343	0.333333343	None
  6.13333368	0.005168617	0.0359000675	0.0359000675	0.333333343	0.333333343	None
  6.166667	0.005951822	-0.008843273	-0.008843273	0.333333343	0.333333343	None
  6.20000029	0.004579066	-0.0523393378	-0.0523393378	0.333333343	0.333333343	None
  6.23333359	0.002462536	-0.0739646554	-0.0739646554	0.333333343	0.333333343	None
  6.266667	-0.000351906	-0.06601861	-0.06601861	0.333333343	0.333333343	None
  6.3	-0.00193870044	-0.03641906	-0.03641906	0.333333343	0.333333343	None
  6.33333349	-0.00277984119	-0.0204786919	-0.0204786919	0.333333343	0.333333343	None
  6.366667	-0.0033039453	-0.00593039067	-0.00593039067	0.333333343	0.333333343	None
  6.40000057	-0.00317519833	0.0124803027	0.0124803027	0.333333343	0.333333343	None
  6.433334	-0.002471924	0.0189981	0.0189981	0.333333343	0.333333343	None
  6.466667	-0.00190865959	0.008304136	0.008304136	0.333333343	0.333333343	None
  6.50000048	-0.00191831554	-0.0178957172	-0.0178957172	0.333333343	0.333333343	None
  6.533334	-0.00310170627	-0.0471211	-0.0471211	0.333333343	0.333333343	None
  6.566667	-0.005059719	-0.0561735481	-0.0561735481	0.333333343	0.333333343	None
  6.60000038	-0.006846606	-0.040764235	-0.040764235	0.333333343	0.333333343	None
  6.666667	-0.008217214	-0.008569666	-0.008569666	0.333333343	0.333333343	None
  6.70000029	-0.008348643	0.002824369	0.002824369	0.333333343	0.333333343	None
  6.73333359	-0.008028923	0.006348781	0.006348781	0.333333343	0.333333343	None
  6.8	-0.008086859	-0.01143424	-0.01143424	0.333333343	0.333333343	None
  6.83333349	-0.008687673	-0.0146851083	-0.0146851083	0.333333343	0.333333343	None
  6.866667	-0.009065866	-0.0192312784	-0.0192312784	0.333333343	0.333333343	None
  6.90000057	-0.00996977	0.0006519854	0.0006519854	0.333333343	0.333333343	None
  6.933334	-0.009022413	0.03678918	0.03678918	0.333333343	0.333333343	None
  6.966667	-0.00751716038	0.04181834	0.04181834	0.333333343	0.333333343	None
  7.00000048	-0.006234526	0.0293299966	0.0293299966	0.333333343	0.333333343	None
  7.066667	-0.0049277544	0.0251296256	0.0251296256	0.333333343	0.333333343	None
  7.10000038	-0.00388652226	0.04034583	0.04034583	0.333333343	0.333333343	None
  7.13333368	-0.002238035	0.0463969149	0.0463969149	0.333333343	0.333333343	None
  7.166667	-0.000793397543	0.0401004	0.0401004	0.333333343	0.333333343	None
  7.20000029	0.000435322552	0.0285896957	0.0285896957	0.333333343	0.333333343	None
  7.266667	0.0013818742	0.00434920238	0.00434920238	0.333333343	0.333333343	None
  7.3	0.001402527	-0.00113055226	-0.00113055226	0.333333343	0.333333343	None
  7.33333349	0.00130650413	0.00125523284	0.00125523284	0.333333343	0.333333343	None
  7.36666727	0.00148621167	0.00548373768	0.00548373768	0.333333343	0.333333343	None
  7.40000057	0.00167208887	0.002570907	0.002570907	0.333333343	0.333333343	None
  7.433334	0.00165760529	0.001275395	0.001275395	0.333333343	0.333333343	None
  7.466667	0.00175711513	0.00106215058	0.00106215058	0.333333343	0.333333343	None
  7.50000048	0.00172841526	-0.00329911849	-0.00329911849	0.333333343	0.333333343	None
  7.533334	0.0015371741	-0.00535905175	-0.00535905175	0.333333343	0.333333343	None
  7.566667	0.00137114548	-0.00619993545	-0.00619993545	0.333333343	0.333333343	None
  7.60000038	0.00112384546	-0.006726992	-0.006726992	0.333333343	0.333333343	None
  7.63333368	0.0009226798	-0.005326866	-0.005326866	0.333333343	0.333333343	None
  7.666667	0.0007687214	-0.007141388	-0.007141388	0.333333343	0.333333343	None
  7.70000029	0.0004465877	-0.009800805	-0.009800805	0.333333343	0.333333343	None
  7.73333359	0.000115335039	-0.008662201	-0.008662201	0.333333343	0.333333343	None
  7.766667	-0.000130891873	-0.00549584953	-0.00549584953	0.333333343	0.333333343	None
  7.8	-0.0002510546	-0.003170353	-0.003170353	0.333333343	0.333333343	None
  7.833334	-0.000342249841	-0.00558434427	-0.00558434427	0.333333343	0.333333343	None
  7.86666727	-0.000623345142	-0.0210821852	-0.0210821852	0.333333343	0.333333343	None
  7.90000057	-0.00174772751	-0.04819934	-0.04819934	0.333333343	0.333333343	None
  7.933334	-0.00383663154	-0.06745493	-0.06745493	0.333333343	0.333333343	None
  7.966667	-0.00624471856	-0.06418842	-0.06418842	0.333333343	0.333333343	None
  8	-0.008115829	-0.04371755	-0.04371755	0.333333343	0.333333343	None
  8.033334	-0.009159207	-0.0243728943	-0.0243728943	0.333333343	0.333333343	None
  8.066668	-0.00974071	-0.0104444036	-0.0104444036	0.333333343	0.333333343	None
  8.1	-0.009855507	-0.0139849139	-0.0139849139	0.333333343	0.333333343	None
  8.133334	-0.010673047	-0.0441361256	-0.0441361256	0.333333343	0.333333343	None
  8.166667	-0.012797894	-0.06714107	-0.06714107	0.333333343	0.333333343	None
  8.200001	-0.0151491174	-0.050669346	-0.050669346	0.333333343	0.333333343	None
  8.233334	-0.0161758661	-0.0297322888	-0.0297322888	0.333333343	0.333333343	None
  8.266667	-0.0171312671	-0.0186438821	-0.0186438821	0.333333343	0.333333343	None
  8.366667	-0.0172106624	-0.002108165	-0.002108165	0.333333343	0.333333343	None
  8.533334	-0.0174595714	0.0129307844	0.0129307844	0.333333343	0.333333343	None
  8.6	-0.01612973	0.01677724	0.01677724	0.333333343	0.333333343	None
  8.700001	-0.0149377584	0.01783137	0.01783137	0.333333343	0.333333343	None
  8.733334	-0.014246285	0.0199154746	0.0199154746	0.333333343	0.333333343	None
  8.766667	-0.0136100622	0.0255883764	0.0255883764	0.333333343	0.333333343	None
  8.866667	-0.0100266337	0.0297162831	0.0297162831	0.333333343	0.333333343	None
  8.900001	-0.009208023	0.0281150341	0.0281150341	0.333333343	0.333333343	None
  8.966667	-0.00707888743	0.0276481435	0.0276481435	0.333333343	0.333333343	None
  9	-0.006309091	0.0212914348	0.0212914348	0.333333343	0.333333343	None
  9.033334	-0.00565946149	0.0143469237	0.0143469237	0.333333343	0.333333343	None
  9.1	-0.005382656	-0.00318644149	-0.00318644149	0.333333343	0.333333343	None
  9.133334	-0.005565048	-0.002212792	-0.002212792	0.333333343	0.333333343	None
  9.166667	-0.00553017855	-0.000321859785	-0.000321859785	0.333333343	0.333333343	None
  9.200001	-0.005586507	0.00284857349	0.00284857349	0.333333343	0.333333343	None
  9.266667	-0.004942237	0.0112813795	0.0112813795	0.333333343	0.333333343	None
  9.333334	-0.00419497443	0.0120941065	0.0120941065	0.333333343	0.333333343	None
  9.366667	-0.00378191355	0.0116032343	0.0116032343	0.333333343	0.333333343	None
  9.400001	-0.003421427	0.00664645	0.00664645	0.333333343	0.333333343	None
  9.433333	-0.00333881332	0.003202564	0.003202564	0.333333343	0.333333343	None
  9.533334	-0.00291395257	0.00277610985	0.00277610985	0.333333343	0.333333343	None
  9.566668	-0.00285387016	-0.000627665257	-0.000627665257	0.333333343	0.333333343	None
  9.6	-0.00295579457	-0.00291288737	-0.00291288737	0.333333343	0.333333343	None
  9.633334	-0.00304806232	-0.00474753557	-0.00474753557	0.333333343	0.333333343	None
  9.666667	-0.00327229477	-0.00692009926	-0.00692009926	0.333333343	0.333333343	None
  9.700001	-0.003509402	-0.00823172	-0.00823172	0.333333343	0.333333343	None
  9.733334	-0.0038210745	-0.00237384671	-0.00237384671	0.333333343	0.333333343	None
  9.766667	-0.00366765168	0.00300941849	0.00300941849	0.333333343	0.333333343	None
  9.8	-0.00362044526	0.00527048344	0.00527048344	0.333333343	0.333333343	None
  9.833334	-0.00331628276	0.00295302644	0.00295302644	0.333333343	0.333333343	None
  9.900001	-0.00359576917	-0.00101382355	-0.00101382355	0.333333343	0.333333343	None
  9.933333	-0.00349116325	0.000772503845	0.000772503845	0.333333343	0.333333343	None
  9.966667	-0.00354427123	-0.00257487223	-0.00257487223	0.333333343	0.333333343	None
  10.000001	-0.0036628237	-0.00703281164	-0.00703281164	0.333333343	0.333333343	None
  10.0666676	-0.004418671	-0.0112089422	-0.0112089422	0.333333343	0.333333343	None
  10.1333342	-0.005143404	-0.0111928713	-0.0111928713	0.333333343	0.333333343	None
  10.166667	-0.00550657557	-0.005447657	-0.005447657	0.333333343	0.333333343	None
  10.2000008	-0.00550657557	0	0	0.333333343	0.333333343	None
FLOAT UnityEngine.Animator||Spine Twist Left-Right discrete=False keys=213 pre=ClampForever post=ClampForever
  0	-0.008150162	0.00275194622	0.00275194622	0.333333343	0.333333343	None
  0.06666667	-0.007971525	0.005343009	0.005343009	0.333333343	0.333333343	None
  0.100000009	-0.00770223	0.00267954729	0.00267954729	0.333333343	0.333333343	None
  0.13333334	-0.00779288867	0.00238178065	0.00238178065	0.333333343	0.333333343	None
  0.200000018	-0.007160961	0.009623771	0.009623771	0.333333343	0.333333343	None
  0.333333343	-0.006295681	0.008939824	0.008939824	0.333333343	0.333333343	None
  0.4666667	-0.0047737956	0.010154834	0.010154834	0.333333343	0.333333343	None
  0.5	-0.00447982643	0.005568269	0.005568269	0.333333343	0.333333343	None
  0.533333361	-0.004402578	0.00710520055	0.00710520055	0.333333343	0.333333343	None
  0.5666667	-0.004006146	0.01158715	0.01158715	0.333333343	0.333333343	None
  0.6666667	-0.003088294	0.0058418354	0.0058418354	0.333333343	0.333333343	None
  0.700000048	-0.00293487334	0.00542340335	0.00542340335	0.333333343	0.333333343	None
  0.8333334	-0.00189632189	0.009398462	0.009398462	0.333333343	0.333333343	None
  0.9333334	-0.0006163717	0.0189136	0.0189136	0.333333343	0.333333343	None
  0.9666667	0.000106483742	0.01741292	0.01741292	0.333333343	0.333333343	None
  1	0.00054448843	0.0130636934	0.0130636934	0.333333343	0.333333343	None
  1.03333342	0.0009773973	0.01234754	0.01234754	0.333333343	0.333333343	None
  1.13333344	0.002033651	0.008794959	0.008794959	0.333333343	0.333333343	None
  1.2	0.00271815062	0.0162461549	0.0162461549	0.333333343	0.333333343	None
  1.23333335	0.00339433528	0.0164674185	0.0164674185	0.333333343	0.333333343	None
  1.26666677	0.003815979	0.00695226947	0.00695226947	0.333333343	0.333333343	None
  1.30000007	0.003857821	0.00396699458	0.00396699458	0.333333343	0.333333343	None
  1.33333337	0.004080445	0.0131441532	0.0131441532	0.333333343	0.333333343	None
  1.36666679	0.00473409938	0.0270527583	0.0270527583	0.333333343	0.333333343	None
  1.4000001	0.005883963	0.0470768139	0.0470768139	0.333333343	0.333333343	None
  1.4333334	0.007872551	0.06801013	0.06801013	0.333333343	0.333333343	None
  1.4666667	0.0104179671	0.162412822	0.162412822	0.333333343	0.333333343	None
  1.53333342	0.03015124	0.348363042	0.348363042	0.333333343	0.333333343	None
  1.60000014	0.0523797832	0.283530653	0.283530653	0.333333343	0.333333343	None
  1.63333344	0.0608263351	0.187019944	0.187019944	0.333333343	0.333333343	None
  1.76666677	0.0575057641	-0.128794774	-0.128794774	0.333333343	0.333333343	None
  1.83333337	0.05084422	-0.02900814	-0.02900814	0.333333343	0.333333343	None
  1.9000001	0.052031368	0.0172962975	0.0172962975	0.333333343	0.333333343	None
  1.9333334	0.0524409339	-0.005544145	-0.005544145	0.333333343	0.333333343	None
  1.96666682	0.0516617559	-0.006927926	-0.006927926	0.333333343	0.333333343	None
  2.10000014	0.05312222	-0.05046861	-0.05046861	0.333333343	0.333333343	None
  2.16666675	0.0475284755	-0.0936384648	-0.0936384648	0.333333343	0.333333343	None
  2.23333335	0.040811684	-0.109140307	-0.109140307	0.333333343	0.333333343	None
  2.30000019	0.0340372361	-0.0949099958	-0.0949099958	0.333333343	0.333333343	None
  2.4666667	0.0158521235	-0.110210404	-0.110210404	0.333333343	0.333333343	None
  2.50000024	0.0122413337	-0.08936958	-0.08936958	0.333333343	0.333333343	None
  2.53333354	0.009894132	-0.0591870248	-0.0591870248	0.333333343	0.333333343	None
  2.56666684	0.008295536	-0.03349411	-0.03349411	0.333333343	0.333333343	None
  2.60000014	0.007661193	-0.0147937443	-0.0147937443	0.333333343	0.333333343	None
  2.66666675	0.0069056144	-0.0143391024	-0.0143391024	0.333333343	0.333333343	None
  2.7	0.006353348	-0.020486623	-0.020486623	0.333333343	0.333333343	None
  2.73333359	0.005539835	-0.0238300152	-0.0238300152	0.333333343	0.333333343	None
  2.766667	0.004764676	-0.0226472542	-0.0226472542	0.333333343	0.333333343	None
  2.80000019	0.00403001951	-0.0156064443	-0.0156064443	0.333333343	0.333333343	None
  2.83333349	0.00372424745	-0.00315428083	-0.00315428083	0.333333343	0.333333343	None
  2.86666679	0.00381973432	0.00324682053	0.00324682053	0.333333343	0.333333343	None
  2.9	0.003940702	0.007732809	0.007732809	0.333333343	0.333333343	None
  2.9333334	0.00433525443	0.00316636334	0.00316636334	0.333333343	0.333333343	None
  2.966667	0.00415179133	0.0117682228	0.0117682228	0.333333343	0.333333343	None
  3.00000024	0.00511980057	0.0138080185	0.0138080185	0.333333343	0.333333343	None
  3.06666684	0.004750997	-0.00239387387	-0.00239387387	0.333333343	0.333333343	None
  3.10000014	0.00491273357	-0.000639714533	-0.000639714533	0.333333343	0.333333343	None
  3.13333344	0.00470834924	-0.00418828055	-0.00418828055	0.333333343	0.333333343	None
  3.266667	0.00463324739	0.000812689133	0.000812689133	0.333333343	0.333333343	None
  3.33333349	0.004813224	0.004606705	0.004606705	0.333333343	0.333333343	None
  3.36666679	0.00498542143	0.009655962	0.009655962	0.333333343	0.333333343	None
  3.466667	0.006824077	0.01800024	0.01800024	0.333333343	0.333333343	None
  3.50000024	0.007323235	0.0148178712	0.0148178712	0.333333343	0.333333343	None
  3.53333354	0.007811934	-0.0006075003	-0.0006075003	0.333333343	0.333333343	None
  3.63333344	0.005603404	-0.00904842652	-0.00904842652	0.333333343	0.333333343	None
  3.70000029	0.00636702729	0.0221321769	0.0221321769	0.333333343	0.333333343	None
  3.73333359	0.00718563749	0.0187768228	0.0187768228	0.333333343	0.333333343	None
  3.83333349	0.00735756755	-0.01703474	-0.01703474	0.333333343	0.333333343	None
  3.86666679	0.006530643	-0.02848911	-0.02848911	0.333333343	0.333333343	None
  3.9	0.00545829535	-0.0251657926	-0.0251657926	0.333333343	0.333333343	None
  3.93333364	0.004852921	-0.0168375261	-0.0168375261	0.333333343	0.333333343	None
  3.966667	0.00433579041	-0.0114021078	-0.0114021078	0.333333343	0.333333343	None
  4	0.00409278274	-0.0106697455	-0.0106697455	0.333333343	0.333333343	None
  4.033334	0.00362446974	-0.01249632	-0.01249632	0.333333343	0.333333343	None
  4.066667	0.00325968885	-0.0177187063	-0.0177187063	0.333333343	0.333333343	None
  4.10000038	0.00244322373	-0.0278453827	-0.0278453827	0.333333343	0.333333343	None
  4.13333368	0.00140333176	-0.03751743	-0.03751743	0.333333343	0.333333343	None
  4.166667	-5.793573E-05	-0.041230958	-0.041230958	0.333333343	0.333333343	None
  4.20000029	-0.00134539616	-0.034681	-0.034681	0.333333343	0.333333343	None
  4.23333359	-0.00237000012	-0.025869932	-0.025869932	0.333333343	0.333333343	None
  4.266667	-0.00307005667	-0.0226351731	-0.0226351731	0.333333343	0.333333343	None
  4.3	-0.00387901021	-0.022128243	-0.022128243	0.333333343	0.333333343	None
  4.33333349	-0.0045452714	-0.0243330374	-0.0243330374	0.333333343	0.333333343	None
  4.366667	-0.005501211	-0.027165411	-0.027165411	0.333333343	0.333333343	None
  4.4	-0.006356297	-0.0230455622	-0.0230455622	0.333333343	0.333333343	None
  4.4333334	-0.00703758048	-0.008585752	-0.008585752	0.333333343	0.333333343	None
  4.4666667	-0.00692868	0.004594656	0.004594656	0.333333343	0.333333343	None
  4.533334	-0.006343424	0.01346999	0.01346999	0.333333343	0.333333343	None
  4.566667	-0.0058332663	0.0112169879	0.0112169879	0.333333343	0.333333343	None
  4.60000038	-0.00559562538	-0.00771675073	-0.00771675073	0.333333343	0.333333343	None
  4.63333368	-0.006347716	-0.029402405	-0.029402405	0.333333343	0.333333343	None
  4.666667	-0.00755578373	-0.0288069658	-0.0288069658	0.333333343	0.333333343	None
  4.70000029	-0.008268178	-0.01256883	-0.01256883	0.333333343	0.333333343	None
  4.766667	-0.008482756	-0.00536710536	-0.00536710536	0.333333343	0.333333343	None
  4.83333349	-0.008862556	0.00379801146	0.00379801146	0.333333343	0.333333343	None
  4.9	-0.007737099	0.0298047476	0.0298047476	0.333333343	0.333333343	None
  4.9666667	-0.005361198	0.02867803	0.02867803	0.333333343	0.333333343	None
  5.00000048	-0.004599452	0.008955721	0.008955721	0.333333343	0.333333343	None
  5.033334	-0.00476413965	-0.0139930975	-0.0139930975	0.333333343	0.333333343	None
  5.10000038	-0.006153524	-0.00485211425	-0.00485211425	0.333333343	0.333333343	None
  5.166667	-0.0052061677	0.0149989128	0.0149989128	0.333333343	0.333333343	None
  5.23333359	-0.00467884447	0.00670286734	0.00670286734	0.333333343	0.333333343	None
  5.266667	-0.00440901425	0.007877648	0.007877648	0.333333343	0.333333343	None
  5.3	-0.00415366841	0.009221433	0.009221433	0.333333343	0.333333343	None
  5.4	-0.003176272	0.00634075142	0.00634075142	0.333333343	0.333333343	None
  5.466667	-0.00305235386	-0.001963363	-0.001963363	0.333333343	0.333333343	None
  5.566667	-0.00309365988	0.01172394	0.01172394	0.333333343	0.333333343	None
  5.60000038	-0.002491236	0.0182336718	0.0182336718	0.333333343	0.333333343	None
  5.63333368	-0.001878083	0.0164875612	0.0164875612	0.333333343	0.333333343	None
  5.666667	-0.00139206625	-0.000281625427	-0.000281625427	0.333333343	0.333333343	None
  5.70000029	-0.001896858	-0.02209606	-0.02209606	0.333333343	0.333333343	None
  5.766667	-0.00416064169	-0.0413033664	-0.0413033664	0.333333343	0.333333343	None
  5.8	-0.00561869051	-0.04050675	-0.04050675	0.333333343	0.333333343	None
  5.83333349	-0.00686108926	-0.0247273371	-0.0247273371	0.333333343	0.333333343	None
  5.933334	-0.00630962756	0.0237776488	0.0237776488	0.333333343	0.333333343	None
  6.00000048	-0.004036724	0.0507662334	0.0507662334	0.333333343	0.333333343	None
  6.033334	-0.002004146	0.06572491	0.06572491	0.333333343	0.333333343	None
  6.066667	0.000344932079	0.04886318	0.04886318	0.333333343	0.333333343	None
  6.10000038	0.00125339627	0.008529436	0.008529436	0.333333343	0.333333343	None
  6.13333368	0.000913560565	-0.03327686	-0.03327686	0.333333343	0.333333343	None
  6.166667	-0.000965059	-0.06426043	-0.06426043	0.333333343	0.333333343	None
  6.20000029	-0.00337046431	-0.07373132	-0.07373132	0.333333343	0.333333343	None
  6.23333359	-0.00588047551	-0.05016272	-0.05016272	0.333333343	0.333333343	None
  6.266667	-0.00671464251	0.00202776585	0.00202776585	0.333333343	0.333333343	None
  6.3	-0.00574529124	0.0396538228	0.0396538228	0.333333343	0.333333343	None
  6.33333349	-0.004071057	0.04568878	0.04568878	0.333333343	0.333333343	None
  6.366667	-0.00269937562	0.0391788	0.0391788	0.333333343	0.333333343	None
  6.40000057	-0.00145912159	0.0272536911	0.0272536911	0.333333343	0.333333343	None
  6.433334	-0.0008824469	0.0140574686	0.0140574686	0.333333343	0.333333343	None
  6.466667	-0.000521957933	0.00542343268	0.00542343268	0.333333343	0.333333343	None
  6.50000048	-0.000520885049	-0.00261515379	-0.00261515379	0.333333343	0.333333343	None
  6.533334	-0.000696301344	-0.000925363158	-0.000925363158	0.333333343	0.333333343	None
  6.566667	-0.000582575856	0.006936197	0.006936197	0.333333343	0.333333343	None
  6.60000038	-0.000233888655	0.01884522	0.01884522	0.333333343	0.333333343	None
  6.63333368	0.000673770846	0.0220759436	0.0220759436	0.333333343	0.333333343	None
  6.666667	0.00123783946	0.0121343248	0.0121343248	0.333333343	0.333333343	None
  6.70000029	0.001482725	0.009877238	0.009877238	0.333333343	0.333333343	None
  6.73333359	0.00189632142	0.009523197	0.009523197	0.333333343	0.333333343	None
  6.766667	0.00211760425	-0.002699639	-0.002699639	0.333333343	0.333333343	None
  6.8	0.00171634567	-0.0183785185	-0.0183785185	0.333333343	0.333333343	None
  6.83333349	0.0008923708	-0.0241278373	-0.0241278373	0.333333343	0.333333343	None
  6.866667	0.000107824708	-0.035465207	-0.035465207	0.333333343	0.333333343	None
  6.90000057	-0.00147199666	-0.020124292	-0.020124292	0.333333343	0.333333343	None
  6.933334	-0.00123381615	0.0102675073	0.0102675073	0.333333343	0.333333343	None
  6.966667	-0.0007874968	-0.00432908442	-0.00432908442	0.333333343	0.333333343	None
  7.00000048	-0.00152242149	-0.0359523632	-0.0359523632	0.333333343	0.333333343	None
  7.033334	-0.00318431878	-0.0534779243	-0.0534779243	0.333333343	0.333333343	None
  7.066667	-0.005087613	-0.0465256236	-0.0465256236	0.333333343	0.333333343	None
  7.10000038	-0.006286024	-0.0242767185	-0.0242767185	0.333333343	0.333333343	None
  7.13333368	-0.00670605944	-0.01178832	-0.01178832	0.333333343	0.333333343	None
  7.166667	-0.00707191136	-0.00551191671	-0.00551191671	0.333333343	0.333333343	None
  7.23333359	-0.007144867	-0.008191475	-0.008191475	0.333333343	0.333333343	None
  7.33333349	-0.008841634	-0.0123837432	-0.0123837432	0.333333343	0.333333343	None
  7.40000057	-0.009136676	-0.00173803116	-0.00173803116	0.333333343	0.333333343	None
  7.433334	-0.009217143	0.003548552	0.003548552	0.333333343	0.333333343	None
  7.466667	-0.008900106	0.00695232	0.00695232	0.333333343	0.333333343	None
  7.533334	-0.008805691	-0.0005874323	-0.0005874323	0.333333343	0.333333343	None
  7.60000038	-0.00885719	-0.00208412018	-0.00208412018	0.333333343	0.333333343	None
  7.63333368	-0.008931759	-0.000563292357	-0.000563292357	0.333333343	0.333333343	None
  7.70000029	-0.009005784	-0.004610722	-0.004610722	0.333333343	0.333333343	None
  7.8	-0.009244501	0.003709487	0.003709487	0.333333343	0.333333343	None
  7.86666727	-0.008765995	0.0120055377	0.0120055377	0.333333343	0.333333343	None
  7.90000057	-0.008259595	0.0339970365	0.0339970365	0.333333343	0.333333343	None
  7.933334	-0.00649952749	0.07313588	0.07313588	0.333333343	0.333333343	None
  7.966667	-0.00338387419	0.0917322561	0.0917322561	0.333333343	0.333333343	None
  8	-0.0003840924	0.09086258	0.09086258	0.333333343	0.333333343	None
  8.033334	0.00267362618	0.0879524648	0.0879524648	0.333333343	0.333333343	None
  8.066668	0.005479484	0.0665091947	0.0665091947	0.333333343	0.333333343	None
  8.1	0.007107585	0.03000217	0.03000217	0.333333343	0.333333343	None
  8.133334	0.00747960852	-0.0291333944	-0.0291333944	0.333333343	0.333333343	None
  8.166667	0.005165399	-0.079742	-0.079742	0.333333343	0.333333343	None
  8.200001	0.00216347026	-0.04838383	-0.04838383	0.333333343	0.333333343	None
  8.233334	0.00193977379	0.0045944564	0.0045944564	0.333333343	0.333333343	None
  8.266667	0.00246977783	0.0186199453	0.0186199453	0.333333343	0.333333343	None
  8.3	0.00318109966	0.0163508337	0.0163508337	0.333333343	0.333333343	None
  8.333334	0.00355982757	0.00232535158	0.00232535158	0.333333343	0.333333343	None
  8.366667	0.00333613157	-0.01380791	-0.01380791	0.333333343	0.333333343	None
  8.400001	0.00263929437	-0.0209816061	-0.0209816061	0.333333343	0.333333343	None
  8.433333	0.00193735922	-0.01739689	-0.01739689	0.333333343	0.333333343	None
  8.466667	0.00147950626	-0.0117400046	-0.0117400046	0.333333343	0.333333343	None
  8.5	0.0011546911	-0.005584419	-0.005584419	0.333333343	0.333333343	None
  8.533334	0.001107216	0.00394681236	0.00394681236	0.333333343	0.333333343	None
  8.566668	0.00141781545	0.006457378	0.006457378	0.333333343	0.333333343	None
  8.6	0.0015377102	-0.0007402266	-0.0007402266	0.333333343	0.333333343	None
  8.633334	0.00136846292	-0.0209094044	-0.0209094044	0.333333343	0.333333343	None
  8.666667	0.0001437664	-0.0380847	-0.0380847	0.333333343	0.333333343	None
  8.700001	-0.0011705159	-0.0472097248	-0.0472097248	0.333333343	0.333333343	None
  8.733334	-0.00300353812	-0.059359964	-0.059359964	0.333333343	0.333333343	None
  8.766667	-0.005127847	-0.0518281981	-0.0518281981	0.333333343	0.333333343	None
  8.8	-0.00645875931	-0.0297566019	-0.0297566019	0.333333343	0.333333343	None
  8.833334	-0.007111609	-0.0183704421	-0.0183704421	0.333333343	0.333333343	None
  8.900001	-0.008069695	-0.00391859468	-0.00391859468	0.333333343	0.333333343	None
  8.933333	-0.007944702	0.00157718547	0.00157718547	0.333333343	0.333333343	None
  9	-0.008246722	-0.009422554	-0.009422554	0.333333343	0.333333343	None
  9.033334	-0.008592722	-0.01738044	-0.01738044	0.333333343	0.333333343	None
  9.066668	-0.009405433	-0.0316716731	-0.0316716731	0.333333343	0.333333343	None
  9.133334	-0.0120399008	-0.03907446	-0.03907446	0.333333343	0.333333343	None
  9.233334	-0.0152424574	-0.0172681585	-0.0172681585	0.333333343	0.333333343	None
  9.3	-0.0156673156	-0.000563244335	-0.000563244335	0.333333343	0.333333343	None
  9.400001	-0.01513356	0.009897353	0.009897353	0.333333343	0.333333343	None
  9.433333	-0.01472533	0.00737077324	0.00737077324	0.333333343	0.333333343	None
  9.466667	-0.01464218	0.006928081	0.006928081	0.333333343	0.333333343	None
  9.566668	-0.0134346448	0.00990537	0.00990537	0.333333343	0.333333343	None
  9.700001	-0.0124760251	0.00666260161	0.00666260161	0.333333343	0.333333343	None
  9.733334	-0.0122496458	0.0131158829	0.0131158829	0.333333343	0.333333343	None
  9.8	-0.0106741209	0.0287747383	0.0287747383	0.333333343	0.333333343	None
  9.833334	-0.009683313	0.023640953	0.023640953	0.333333343	0.333333343	None
  9.900001	-0.0087574115	0.0114664584	0.0114664584	0.333333343	0.333333343	None
  10.000001	-0.007829369	-0.005117784	-0.005117784	0.333333343	0.333333343	None
  10.0666676	-0.008630813	-0.006067075	-0.006067075	0.333333343	0.333333343	None
  10.1333342	-0.008505823	0.00770872	0.00770872	0.333333343	0.333333343	None
  10.166667	-0.008146405	0.00539135048	0.00539135048	0.333333343	0.333333343	None
  10.2000008	-0.008146405	0	0	0.333333343	0.333333343	None
FLOAT UnityEngine.Animator||UpperChest Front-Back discrete=False keys=144 pre=ClampForever post=ClampForever
  0	-0.1267194	-0.002927631	-0.002927631	0.333333343	0.333333343	None
  0.3	-0.11841204	0.074882254	0.074882254	0.333333343	0.333333343	None
  0.5	-0.10103561	0.107486971	0.107486971	0.333333343	0.333333343	None
  0.6666667	-0.08539613	0.08967251	0.08967251	0.333333343	0.333333343	None
  0.8333334	-0.06757879	0.0896719545	0.0896719545	0.333333343	0.333333343	None
  0.9333334	-0.05924254	0.09002668	0.09002668	0.333333343	0.333333343	None
  0.9666667	-0.05631026	0.109032407	0.109032407	0.333333343	0.333333343	None
  1.03333342	-0.04814244	0.106135353	0.106135353	0.333333343	0.333333343	None
  1.13333344	-0.03921929	0.08651715	0.08651715	0.333333343	0.333333343	None
  1.23333335	-0.0309655629	0.07285403	0.07285403	0.333333343	0.333333343	None
  1.26666677	-0.0286599677	0.0749621838	0.0749621838	0.333333343	0.333333343	None
  1.33333337	-0.0237107053	0.0450126939	0.0450126939	0.333333343	0.333333343	None
  1.36666679	-0.0229672343	0.00576068042	0.00576068042	0.333333343	0.333333343	None
  1.4000001	-0.0233266577	0.00724233454	0.00724233454	0.333333343	0.333333343	None
  1.4333334	-0.0224844124	0.211176708	0.211176708	0.333333343	0.333333343	None
  1.4666667	-0.009248224	0.437165052	0.437165052	0.333333343	0.333333343	None
  1.50000012	0.00665995432	0.4323926	0.4323926	0.333333343	0.333333343	None
  1.53333342	0.01957798	0.336461753	0.336461753	0.333333343	0.333333343	None
  1.56666672	0.0290907174	0.206057549	0.206057549	0.333333343	0.333333343	None
  1.60000014	0.0333151519	0.07245156	0.07245156	0.333333343	0.333333343	None
  1.63333344	0.033920832	0.0288961343	0.0288961343	0.333333343	0.333333343	None
  1.7	0.0352088138	-0.0568088144	-0.0568088144	0.333333343	0.333333343	None
  1.73333347	0.0314542949	-0.1736868	-0.1736868	0.333333343	0.333333343	None
  1.76666677	0.0236296915	-0.3390131	-0.3390131	0.333333343	0.333333343	None
  1.80000007	0.008853444	-0.551265836	-0.551265836	0.333333343	0.333333343	None
  1.83333337	-0.013121333	-0.5109446	-0.5109446	0.333333343	0.333333343	None
  1.86666679	-0.0252095424	-0.357157826	-0.357157826	0.333333343	0.333333343	None
  1.9000001	-0.0369318761	-0.3527002	-0.3527002	0.333333343	0.333333343	None
  1.9333334	-0.0487228669	-0.308395028	-0.308395028	0.333333343	0.333333343	None
  1.96666682	-0.0574915558	-0.2723465	-0.2723465	0.333333343	0.333333343	None
  2.06666684	-0.08211634	-0.171698987	-0.171698987	0.333333343	0.333333343	None
  2.23333335	-0.0846762359	0.134603649	0.134603649	0.333333343	0.333333343	None
  2.33333349	-0.06950033	0.110576183	0.110576183	0.333333343	0.333333343	None
  2.4333334	-0.0654792	-0.0401374	-0.0401374	0.333333343	0.333333343	None
  2.50000024	-0.06910552	-0.007465787	-0.007465787	0.333333343	0.333333343	None
  2.56666684	-0.06689537	0.0394442677	0.0394442677	0.333333343	0.333333343	None
  2.66666675	-0.0621703751	0.0410536528	0.0410536528	0.333333343	0.333333343	None
  2.80000019	-0.056361787	0.0398946553	0.0398946553	0.333333343	0.333333343	None
  2.9	-0.05357015	0.0355660133	0.0355660133	0.333333343	0.333333343	None
  2.9333334	-0.05223335	0.0111850528	0.0111850528	0.333333343	0.333333343	None
  2.966667	-0.052824486	0.0209534429	0.0209534429	0.333333343	0.333333343	None
  3.00000024	-0.05083646	0.04114999	0.04114999	0.333333343	0.333333343	None
  3.03333354	-0.0500811562	0.0300792716	0.0300792716	0.333333343	0.333333343	None
  3.06666684	-0.048831176	0.0126817208	0.0126817208	0.333333343	0.333333343	None
  3.10000014	-0.04923571	0.006050287	0.006050287	0.333333343	0.333333343	None
  3.13333344	-0.0484278239	0.0196499936	0.0196499936	0.333333343	0.333333343	None
  3.16666675	-0.04792571	0.0372234061	0.0372234061	0.333333343	0.333333343	None
  3.20000029	-0.04594625	0.0468312	0.0468312	0.333333343	0.333333343	None
  3.23333359	-0.04480362	0.0415526554	0.0415526554	0.333333343	0.333333343	None
  3.30000019	-0.04206136	0.0366290063	0.0366290063	0.333333343	0.333333343	None
  3.36666679	-0.03969349	0.03361828	0.03361828	0.333333343	0.333333343	None
  3.4	-0.03849293	0.0194573216	0.0194573216	0.333333343	0.333333343	None
  3.466667	-0.0374189653	0.0556824431	0.0556824431	0.333333343	0.333333343	None
  3.50000024	-0.03468417	0.06200826	0.06200826	0.333333343	0.333333343	None
  3.53333354	-0.0332850851	0.0580328852	0.0580328852	0.333333343	0.333333343	None
  3.56666684	-0.0308153145	0.0588036031	0.0588036031	0.333333343	0.333333343	None
  3.60000014	-0.0293648485	0.0240417514	0.0240417514	0.333333343	0.333333343	None
  3.66666675	-0.0292554013	0.018717397	0.018717397	0.333333343	0.333333343	None
  3.73333359	-0.0250754133	0.1021757	0.1021757	0.333333343	0.333333343	None
  3.766667	-0.0211529918	0.109595194	0.109595194	0.333333343	0.333333343	None
  3.80000019	-0.0177690741	-0.00244592875	-0.00244592875	0.333333343	0.333333343	None
  3.83333349	-0.0213160533	-0.127523124	-0.127523124	0.333333343	0.333333343	None
  3.86666679	-0.0262706075	-0.164054662	-0.164054662	0.333333343	0.333333343	None
  3.93333364	-0.0368707739	-0.09432277	-0.09432277	0.333333343	0.333333343	None
  3.966667	-0.03854123	-0.09610895	-0.09610895	0.333333343	0.333333343	None
  4	-0.0432779975	-0.170587	-0.170587	0.333333343	0.333333343	None
  4.033334	-0.04991375	-0.247190967	-0.247190967	0.333333343	0.333333343	None
  4.066667	-0.0597574748	-0.277271032	-0.277271032	0.333333343	0.333333343	None
  4.166667	-0.08360874	-0.1916228	-0.1916228	0.333333343	0.333333343	None
  4.23333359	-0.0919461	-0.0369980931	-0.0369980931	0.333333343	0.333333343	None
  4.33333349	-0.08852254	0.0495188758	0.0495188758	0.333333343	0.333333343	None
  4.4333334	-0.08102524	0.1227275	0.1227275	0.333333343	0.333333343	None
  4.4666667	-0.07661997	0.125704408	0.125704408	0.333333343	0.333333343	None
  4.5	-0.07264496	0.151822582	0.151822582	0.333333343	0.333333343	None
  4.566667	-0.05989693	0.176752537	0.176752537	0.333333343	0.333333343	None
  4.666667	-0.045973096	0.120361671	0.120361671	0.333333343	0.333333343	None
  4.766667	-0.0385540649	0.003830309	0.003830309	0.333333343	0.333333343	None
  4.8	-0.039371565	-0.0275189318	-0.0275189318	0.333333343	0.333333343	None
  4.9	-0.0433637835	-0.0437416174	-0.0437416174	0.333333343	0.333333343	None
  4.9666667	-0.0444130823	0.0274065062	0.0274065062	0.333333343	0.333333343	None
  5.033334	-0.0409615971	0.0565034673	0.0565034673	0.333333343	0.333333343	None
  5.066667	-0.0391065925	0.0188938342	0.0188938342	0.333333343	0.333333343	None
  5.10000038	-0.03970201	-0.05019541	-0.05019541	0.333333343	0.333333343	None
  5.166667	-0.04533364	-0.06833236	-0.06833236	0.333333343	0.333333343	None
  5.23333359	-0.0476295725	0.007098304	0.007098304	0.333333343	0.333333343	None
  5.266667	-0.0465352163	-0.0158682987	-0.0158682987	0.333333343	0.333333343	None
  5.3	-0.048687458	-0.0747695	-0.0747695	0.333333343	0.333333343	None
  5.366667	-0.05573417	-0.126895815	-0.126895815	0.333333343	0.333333343	None
  5.50000048	-0.06535469	0.037400756	0.037400756	0.333333343	0.333333343	None
  5.533334	-0.06298473	0.0258776415	0.0258776415	0.333333343	0.333333343	None
  5.60000038	-0.06656811	-0.09939247	-0.09939247	0.333333343	0.333333343	None
  5.63333368	-0.0702556744	-0.05602123	-0.05602123	0.333333343	0.333333343	None
  5.70000029	-0.0677172244	0.06582226	0.06582226	0.333333343	0.333333343	None
  5.8	-0.0648643747	-0.03416657	-0.03416657	0.333333343	0.333333343	None
  5.933334	-0.08214321	-0.26257658	-0.26257658	0.333333343	0.333333343	None
  6.00000048	-0.101298444	-0.219174683	-0.219174683	0.333333343	0.333333343	None
  6.10000038	-0.112529419	-0.110061981	-0.110061981	0.333333343	0.333333343	None
  6.13333368	-0.1165055	-0.204481184	-0.204481184	0.333333343	0.333333343	None
  6.166667	-0.126161486	-0.275741637	-0.275741637	0.333333343	0.333333343	None
  6.20000029	-0.134888262	-0.256333143	-0.256333143	0.333333343	0.333333343	None
  6.23333359	-0.143250346	-0.165004969	-0.165004969	0.333333343	0.333333343	None
  6.3	-0.144077569	0.042020198	0.042020198	0.333333343	0.333333343	None
  6.40000057	-0.139110088	0.0876287743	0.0876287743	0.333333343	0.333333343	None
  6.466667	-0.133053675	-0.00177026168	-0.00177026168	0.333333343	0.333333343	None
  6.50000048	-0.13534531	-0.07456012	-0.07456012	0.333333343	0.333333343	None
  6.666667	-0.157159209	-0.100373939	-0.100373939	0.333333343	0.333333343	None
  6.73333359	-0.162876576	-0.09157093	-0.09157093	0.333333343	0.333333343	None
  6.866667	-0.1610549	0.150422662	0.150422662	0.333333343	0.333333343	None
  6.966667	-0.138862252	0.3003648	0.3003648	0.333333343	0.333333343	None
  7.033334	-0.118137337	0.315380365	0.315380365	0.333333343	0.333333343	None
  7.066667	-0.107167087	0.275694132	0.275694132	0.333333343	0.333333343	None
  7.166667	-0.0896576345	0.121053681	0.121053681	0.333333343	0.333333343	None
  7.33333349	-0.07515549	0.0795319	0.0795319	0.333333343	0.333333343	None
  7.40000057	-0.07003999	0.06941027	0.06941027	0.333333343	0.333333343	None
  7.433334	-0.06776762	0.03241196	0.03241196	0.333333343	0.333333343	None
  7.466667	-0.06787919	0.008513786	0.008513786	0.333333343	0.333333343	None
  7.50000048	-0.0672000349	-0.0118441992	-0.0118441992	0.333333343	0.333333343	None
  7.533334	-0.0686688051	-0.0333461463	-0.0333461463	0.333333343	0.333333343	None
  7.666667	-0.07038117	-0.0211627614	-0.0211627614	0.333333343	0.333333343	None
  7.833334	-0.0733187348	-0.037947	-0.037947	0.333333343	0.333333343	None
  7.86666727	-0.07463619	-0.07562183	-0.07562183	0.333333343	0.333333343	None
  7.90000057	-0.078360185	-0.235846758	-0.235846758	0.333333343	0.333333343	None
  8	-0.122388132	-0.3934657	-0.3934657	0.333333343	0.333333343	None
  8.066668	-0.149158716	-0.614797354	-0.614797354	0.333333343	0.333333343	None
  8.133334	-0.200509027	-0.7041748	-0.7041748	0.333333343	0.333333343	None
  8.166667	-0.2213251	-0.294319332	-0.294319332	0.333333343	0.333333343	None
  8.200001	-0.220129982	-0.144697845	-0.144697845	0.333333343	0.333333343	None
  8.266667	-0.240422472	-0.192538127	-0.192538127	0.333333343	0.333333343	None
  8.400001	-0.235723257	0.139320552	0.139320552	0.333333343	0.333333343	None
  8.566668	-0.206378788	0.210032761	0.210032761	0.333333343	0.333333343	None
  8.6	-0.198997378	0.161191046	0.161191046	0.333333343	0.333333343	None
  8.666667	-0.190359578	0.167724133	0.167724133	0.333333343	0.333333343	None
  8.766667	-0.174109653	0.110946923	0.110946923	0.333333343	0.333333343	None
  8.833334	-0.1682603	0.115452655	0.115452655	0.333333343	0.333333343	None
  8.900001	-0.160225511	0.08593837	0.08593837	0.333333343	0.333333343	None
  9.1	-0.147983924	0.03027184	0.03027184	0.333333343	0.333333343	None
  9.233334	-0.14656876	0.0170099027	0.0170099027	0.333333343	0.333333343	None
  9.400001	-0.13989003	0.0836050361	0.0836050361	0.333333343	0.333333343	None
  9.500001	-0.132834777	0.0422600061	0.0422600061	0.333333343	0.333333343	None
  9.700001	-0.1281763	-0.002977359	-0.002977359	0.333333343	0.333333343	None
  10.000001	-0.121629611	-0.00239803828	-0.00239803828	0.333333343	0.333333343	None
  10.0333338	-0.121777676	-0.03799584	-0.03799584	0.333333343	0.333333343	None
  10.1333342	-0.126926422	-0.011120202	-0.011120202	0.333333343	0.333333343	None
  10.2000008	-0.126720443	0	0	0.333333343	0.333333343	None
FLOAT UnityEngine.Animator||UpperChest Left-Right discrete=False keys=163 pre=ClampForever post=ClampForever
  0	0.0389633663	0.0173972547	0.0173972547	0.333333343	0.333333343	None
  0.100000009	0.04061615	0.0310038216	0.0310038216	0.333333343	0.333333343	None
  0.13333334	0.04209513	0.0278895553	0.0278895553	0.333333343	0.333333343	None
  0.233333349	0.04216756	0.00619579153	0.00619579153	0.333333343	0.333333343	None
  0.366666675	0.04367011	0.005198063	0.005198063	0.333333343	0.333333343	None
  0.533333361	0.04303552	-0.0148299215	-0.0148299215	0.333333343	0.333333343	None
  0.733333349	0.0422067	0.004683194	0.004683194	0.333333343	0.333333343	None
  0.900000036	0.0409455337	-0.009559451	-0.009559451	0.333333343	0.333333343	None
  0.9666667	0.04119229	0.0140173491	0.0140173491	0.333333343	0.333333343	None
  1.06666672	0.0408548675	-0.0130194	-0.0130194	0.333333343	0.333333343	None
  1.16666675	0.04013872	-0.00277614477	-0.00277614477	0.333333343	0.333333343	None
  1.23333335	0.0390229225	-0.0256445259	-0.0256445259	0.333333343	0.333333343	None
  1.36666679	0.0387321748	0.0297643542	0.0297643542	0.333333343	0.333333343	None
  1.4333334	0.040918164	0.0179843958	0.0179843958	0.333333343	0.333333343	None
  1.4666667	0.0412234142	0.042349413	0.042349413	0.333333343	0.333333343	None
  1.56666672	0.0610352755	0.446386039	0.446386039	0.333333343	0.333333343	None
  1.60000014	0.0793081	0.613579154	0.613579154	0.333333343	0.333333343	None
  1.66666675	0.122638635	0.547654033	0.547654033	0.333333343	0.333333343	None
  1.80000007	0.156646326	-0.101902358	-0.101902358	0.333333343	0.333333343	None
  1.83333337	0.149734825	-0.225417539	-0.225417539	0.333333343	0.333333343	None
  1.9333334	0.124886341	-0.1351431	-0.1351431	0.333333343	0.333333343	None
  2	0.120143652	-0.0874586552	-0.0874586552	0.333333343	0.333333343	None
  2.13333344	0.103927553	-0.09874037	-0.09874037	0.333333343	0.333333343	None
  2.4333334	0.06855887	-0.201511815	-0.201511815	0.333333343	0.333333343	None
  2.4666667	0.0614799969	-0.178570449	-0.178570449	0.333333343	0.333333343	None
  2.50000024	0.05665415	-0.158148155	-0.158148155	0.333333343	0.333333343	None
  2.53333354	0.0509367622	-0.157730132	-0.157730132	0.333333343	0.333333343	None
  2.60000014	0.041272223	-0.138571039	-0.138571039	0.333333343	0.333333343	None
  2.7	0.0297971927	-0.0937349349	-0.0937349349	0.333333343	0.333333343	None
  2.73333359	0.0269266963	-0.06649703	-0.06649703	0.333333343	0.333333343	None
  2.766667	0.0253640413	-0.0441599041	-0.0441599041	0.333333343	0.333333343	None
  2.83333349	0.0226845182	-0.0460992	-0.0460992	0.333333343	0.333333343	None
  2.9	0.0191080533	-0.0426230244	-0.0426230244	0.333333343	0.333333343	None
  2.9333334	0.0180678964	-0.0476920642	-0.0476920642	0.333333343	0.333333343	None
  2.966667	0.01592857	-0.0150308851	-0.0150308851	0.333333343	0.333333343	None
  3.00000024	0.0170658231	0.0275033154	0.0275033154	0.333333343	0.333333343	None
  3.06666684	0.0188350063	0.0503397472	0.0503397472	0.333333343	0.333333343	None
  3.10000014	0.0211181026	0.0452140421	0.0452140421	0.333333343	0.333333343	None
  3.13333344	0.0218492728	0.0229329653	0.0229329653	0.333333343	0.333333343	None
  3.16666675	0.0226469655	0.0342544466	0.0342544466	0.333333343	0.333333343	None
  3.23333359	0.0251993537	0.0155540332	0.0155540332	0.333333343	0.333333343	None
  3.266667	0.0251698457	0.00176212913	0.00176212913	0.333333343	0.333333343	None
  3.36666679	0.0253103971	-0.00379792787	-0.00379792787	0.333333343	0.333333343	None
  3.50000024	0.0280365888	0.0768856257	0.0768856257	0.333333343	0.333333343	None
  3.53333354	0.0311635155	0.11744865	0.11744865	0.333333343	0.333333343	None
  3.63333344	0.0459322967	0.120039582	0.120039582	0.333333343	0.333333343	None
  3.73333359	0.0532617	0.048150897	0.048150897	0.333333343	0.333333343	None
  3.83333349	0.0538018942	-0.0657652	-0.0657652	0.333333343	0.333333343	None
  3.9	0.046051383	-0.168882072	-0.168882072	0.333333343	0.333333343	None
  3.93333364	0.0396199822	-0.182939559	-0.182939559	0.333333343	0.333333343	None
  3.966667	0.03385538	-0.181347609	-0.181347609	0.333333343	0.333333343	None
  4.033334	0.0215349179	-0.17137599	-0.17137599	0.333333343	0.333333343	None
  4.066667	0.0161050577	-0.109699741	-0.109699741	0.333333343	0.333333343	None
  4.13333368	0.0144056072	0.0189739373	0.0189739373	0.333333343	0.333333343	None
  4.166667	0.0154865365	0.0267872065	0.0267872065	0.333333343	0.333333343	None
  4.23333359	0.0170931779	0.0464452878	0.0464452878	0.333333343	0.333333343	None
  4.3	0.0223422665	0.08691165	0.08691165	0.333333343	0.333333343	None
  4.33333349	0.0250818729	0.105740771	0.105740771	0.333333343	0.333333343	None
  4.366667	0.0293916445	0.10900788	0.10900788	0.333333343	0.333333343	None
  4.4	0.0323490575	0.0912891	0.0912891	0.333333343	0.333333343	None
  4.4333334	0.03547758	0.04633241	0.04633241	0.333333343	0.333333343	None
  4.5	0.03391546	-0.0472414419	-0.0472414419	0.333333343	0.333333343	None
  4.533334	0.0322884321	-0.0577423275	-0.0577423275	0.333333343	0.333333343	None
  4.60000038	0.0283917263	-0.0158277024	-0.0158277024	0.333333343	0.333333343	None
  4.63333368	0.0290107727	0.03887321	0.03887321	0.333333343	0.333333343	None
  4.666667	0.0309832711	0.0356063023	0.0356063023	0.333333343	0.333333343	None
  4.73333359	0.0303942543	-0.0378674641	-0.0378674641	0.333333343	0.333333343	None
  4.766667	0.0288600288	-0.0343993381	-0.0343993381	0.333333343	0.333333343	None
  4.9	0.0263773743	-0.03930781	-0.03930781	0.333333343	0.333333343	None
  4.9333334	0.0247519612	-0.04984074	-0.04984074	0.333333343	0.333333343	None
  4.9666667	0.0230546612	-0.0203339476	-0.0203339476	0.333333343	0.333333343	None
  5.00000048	0.0233963709	0.0302713662	0.0302713662	0.333333343	0.333333343	None
  5.033334	0.0250727553	0.07870408	0.07870408	0.333333343	0.333333343	None
  5.066667	0.0286433045	0.103415377	0.103415377	0.333333343	0.333333343	None
  5.10000038	0.0319671072	0.0961008742	0.0961008742	0.333333343	0.333333343	None
  5.13333368	0.0350500233	0.0589817762	0.0589817762	0.333333343	0.333333343	None
  5.23333359	0.0349406041	-0.0166968238	-0.0166968238	0.333333343	0.333333343	None
  5.33333349	0.03250891	-0.0419713855	-0.0419713855	0.333333343	0.333333343	None
  5.366667	0.0309435669	-0.03955731	-0.03955731	0.333333343	0.333333343	None
  5.4	0.0298717581	0.0067914445	0.0067914445	0.333333343	0.333333343	None
  5.4333334	0.03139633	0.0831853	0.0831853	0.333333343	0.333333343	None
  5.466667	0.0354174972	0.11819604	0.11819604	0.333333343	0.333333343	None
  5.533334	0.04191272	0.0349787772	0.0349787772	0.333333343	0.333333343	None
  5.60000038	0.03898859	-0.09985064	-0.09985064	0.333333343	0.333333343	None
  5.63333368	0.03495133	-0.15265283	-0.15265283	0.333333343	0.333333343	None
  5.666667	0.0288117453	-0.150359392	-0.150359392	0.333333343	0.333333343	None
  5.70000029	0.02492738	-0.0762176663	-0.0762176663	0.333333343	0.333333343	None
  5.73333359	0.0237305723	-0.03225094	-0.03225094	0.333333343	0.333333343	None
  5.766667	0.022777319	-0.00669477228	-0.00669477228	0.333333343	0.333333343	None
  5.8	0.0232842546	0.02140402	0.02140402	0.333333343	0.333333343	None
  5.933334	0.028328415	0.0470562465	0.0470562465	0.333333343	0.333333343	None
  6.00000048	0.0308105275	-0.00322661735	-0.00322661735	0.333333343	0.333333343	None
  6.033334	0.0296936613	-0.05154663	-0.05154663	0.333333343	0.333333343	None
  6.066667	0.0273740888	-0.00115877017	-0.00115877017	0.333333343	0.333333343	None
  6.10000038	0.02961641	0.154704377	0.154704377	0.333333343	0.333333343	None
  6.13333368	0.037687704	0.260437459	0.260437459	0.333333343	0.333333343	None
  6.166667	0.04697889	0.178216979	0.178216979	0.333333343	0.333333343	None
  6.20000029	0.0495688245	0.0172276776	0.0172276776	0.333333343	0.333333343	None
  6.23333359	0.0481274	-0.158840567	-0.158840567	0.333333343	0.333333343	None
  6.266667	0.0389794633	-0.279604316	-0.279604316	0.333333343	0.333333343	None
  6.33333349	0.0208450519	-0.231042981	-0.231042981	0.333333343	0.333333343	None
  6.40000057	0.0106177945	-0.030906437	-0.030906437	0.333333343	0.333333343	None
  6.433334	0.0120238038	0.06900794	0.06900794	0.333333343	0.333333343	None
  6.466667	0.0152183194	0.0489718877	0.0489718877	0.333333343	0.333333343	None
  6.50000048	0.0152885932	-0.06022912	-0.06022912	0.333333343	0.333333343	None
  6.533334	0.0112030488	-0.188154489	-0.188154489	0.333333343	0.333333343	None
  6.566667	0.00274497271	-0.267888546	-0.267888546	0.333333343	0.333333343	None
  6.60000038	-0.00665616943	-0.264436543	-0.264436543	0.333333343	0.333333343	None
  6.63333368	-0.0148841143	-0.1859577	-0.1859577	0.333333343	0.333333343	None
  6.666667	-0.0190533381	-0.08954295	-0.08954295	0.333333343	0.333333343	None
  6.73333359	-0.0212237816	-0.0118768048	-0.0118768048	0.333333343	0.333333343	None
  6.766667	-0.0216454249	-0.001786381	-0.001786381	0.333333343	0.333333343	None
  6.8	-0.0213428736	-0.00135189062	-0.00135189062	0.333333343	0.333333343	None
  6.866667	-0.02166581	0.01458042	0.01458042	0.333333343	0.333333343	None
  6.966667	-0.0146791944	0.1492973	0.1492973	0.333333343	0.333333343	None
  7.00000048	-0.008634566	0.184879482	0.184879482	0.333333343	0.333333343	None
  7.033334	-0.002353907	0.198816225	0.198816225	0.333333343	0.333333343	None
  7.066667	0.00461983634	0.195404455	0.195404455	0.333333343	0.333333343	None
  7.10000038	0.0106730442	0.17503041	0.17503041	0.333333343	0.333333343	None
  7.20000029	0.0247718133	0.08495642	0.08495642	0.333333343	0.333333343	None
  7.23333359	0.026891293	0.06483165	0.06483165	0.333333343	0.333333343	None
  7.3	0.03082716	0.04650958	0.04650958	0.333333343	0.333333343	None
  7.36666727	0.03375935	0.04226875	0.04226875	0.333333343	0.333333343	None
  7.466667	0.0359904133	0.004666992	0.004666992	0.333333343	0.333333343	None
  7.50000048	0.0358965434	0.00420833426	0.00420833426	0.333333343	0.333333343	None
  7.566667	0.0361540243	-0.006445355	-0.006445355	0.333333343	0.333333343	None
  7.666667	0.0351127945	-0.01964178	-0.01964178	0.333333343	0.333333343	None
  7.73333359	0.03388756	-0.0112571865	-0.0112571865	0.333333343	0.333333343	None
  7.833334	0.0325410962	-0.0332727	-0.0332727	0.333333343	0.333333343	None
  7.90000057	0.0250545163	-0.2915135	-0.2915135	0.333333343	0.333333343	None
  7.933334	0.0115120411	-0.477495372	-0.477495372	0.333333343	0.333333343	None
  7.966667	-0.006778478	-0.4961586	-0.4961586	0.333333343	0.333333343	None
  8	-0.0215649568	-0.364143461	-0.364143461	0.333333343	0.333333343	None
  8.066668	-0.0374844074	-0.1648108	-0.1648108	0.333333343	0.333333343	None
  8.1	-0.0420420133	-0.132447839	-0.132447839	0.333333343	0.333333343	None
  8.166667	-0.04890525	-0.0379805155	-0.0379805155	0.333333343	0.333333343	None
  8.200001	-0.0488462448	-0.0407489352	-0.0407489352	0.333333343	0.333333343	None
  8.3	-0.0593948252	-0.0690244138	-0.0690244138	0.333333343	0.333333343	None
  8.433333	-0.0586330928	0.020277869	0.020277869	0.333333343	0.333333343	None
  8.633334	-0.05306697	0.08003197	0.08003197	0.333333343	0.333333343	None
  8.700001	-0.0448250771	0.17964977	0.17964977	0.333333343	0.333333343	None
  8.766667	-0.0298508387	0.227059662	0.227059662	0.333333343	0.333333343	None
  8.833334	-0.01594734	0.199524343	0.199524343	0.333333343	0.333333343	None
  8.866667	-0.009392025	0.160482585	0.160482585	0.333333343	0.333333343	None
  8.900001	-0.005248546	0.119090155	0.119090155	0.333333343	0.333333343	None
  8.933333	-0.001452684	0.120763794	0.120763794	0.333333343	0.333333343	None
  8.966667	0.002802372	0.126042441	0.126042441	0.333333343	0.333333343	None
  9.066668	0.0151137132	0.127144933	0.127144933	0.333333343	0.333333343	None
  9.1	0.019472301	0.125720665	0.125720665	0.333333343	0.333333343	None
  9.200001	0.0317380428	0.12306504	0.12306504	0.333333343	0.333333343	None
  9.266667	0.0397599936	0.105451018	0.105451018	0.333333343	0.333333343	None
  9.333334	0.0460014977	0.09311557	0.09311557	0.333333343	0.333333343	None
  9.400001	0.05163359	0.06116251	0.06116251	0.333333343	0.333333343	None
  9.433333	0.05311365	0.054660812	0.054660812	0.333333343	0.333333343	None
  9.500001	0.0565039478	0.03037601	0.03037601	0.333333343	0.333333343	None
  9.700001	0.0558929443	-0.0383988023	-0.0383988023	0.333333343	0.333333343	None
  9.833334	0.04936176	-0.0591347963	-0.0591347963	0.333333343	0.333333343	None
  9.900001	0.0452826619	-0.03715917	-0.03715917	0.333333343	0.333333343	None
  9.966667	0.0439302921	-0.0207760017	-0.0207760017	0.333333343	0.333333343	None
  10.0333338	0.0432023369	-0.002100263	-0.002100263	0.333333343	0.333333343	None
  10.1	0.04220241	-0.03701437	-0.03701437	0.333333343	0.333333343	None
  10.166667	0.0389622934	-0.02482439	-0.02482439	0.333333343	0.333333343	None
  10.2000008	0.0389622934	0	0	0.333333343	0.333333343	None
FLOAT UnityEngine.Animator||UpperChest Twist Left-Right discrete=False keys=224 pre=ClampForever post=ClampForever
  0	-0.0527719446	0.0243336689	0.0243336689	0.333333343	0.333333343	None
  0.06666667	-0.051110018	0.042051442	0.042051442	0.333333343	0.333333343	None
  0.100000009	-0.0491573922	0.0291286167	0.0291286167	0.333333343	0.333333343	None
  0.13333334	-0.04916811	0.02700465	0.02700465	0.333333343	0.333333343	None
  0.200000018	-0.04507934	0.0594001859	0.0594001859	0.333333343	0.333333343	None
  0.333333343	-0.0390754938	0.0609129146	0.0609129146	0.333333343	0.333333343	None
  0.4666667	-0.0294141732	0.0608164072	0.0608164072	0.333333343	0.333333343	None
  0.5	-0.0277125817	0.0313979872	0.0313979872	0.333333343	0.333333343	None
  0.533333361	-0.0273209754	0.0404101275	0.0404101275	0.333333343	0.333333343	None
  0.5666667	-0.0250185709	0.06831578	0.06831578	0.333333343	0.333333343	None
  0.6666667	-0.0193119049	0.0385915749	0.0385915749	0.333333343	0.333333343	None
  0.700000048	-0.0182057582	0.0397826172	0.0397826172	0.333333343	0.333333343	None
  0.8000001	-0.013235094	0.0550389476	0.0550389476	0.333333343	0.333333343	None
  0.900000036	-0.00667333463	0.0885612	0.0885612	0.333333343	0.333333343	None
  0.9333334	-0.003382801	0.119774044	0.119774044	0.333333343	0.333333343	None
  0.9666667	0.00131160021	0.114326581	0.114326581	0.333333343	0.333333343	None
  1	0.004238964	0.08211578	0.08211578	0.333333343	0.333333343	None
  1.06666672	0.009086252	0.06687558	0.06687558	0.333333343	0.333333343	None
  1.1	0.0112443566	0.0592955574	0.0592955574	0.333333343	0.333333343	None
  1.2	0.0173748136	0.09550546	0.09550546	0.333333343	0.333333343	None
  1.23333335	0.021237731	0.0937512144	0.0937512144	0.333333343	0.333333343	None
  1.26666677	0.023624897	0.03903407	0.03903407	0.333333343	0.333333343	None
  1.30000007	0.0238400083	0.0270447955	0.0270447955	0.333333343	0.333333343	None
  1.33333337	0.0254278816	0.0994321	0.0994321	0.333333343	0.333333343	None
  1.4000001	0.0394054	0.3445809	0.3445809	0.333333343	0.333333343	None
  1.4333334	0.0534408651	0.4426614	0.4426614	0.333333343	0.333333343	None
  1.4666667	0.0689161345	1.01366436	1.01366436	0.333333343	0.333333343	None
  1.53333342	0.194847479	2.29180241	2.29180241	0.333333343	0.333333343	None
  1.60000014	0.3478267	2.061142	2.061142	0.333333343	0.333333343	None
  1.63333344	0.4112149	1.47243226	1.47243226	0.333333343	0.333333343	None
  1.80000007	0.405437857	-0.5581293	-0.5581293	0.333333343	0.333333343	None
  1.83333337	0.389983565	-0.245889008	-0.245889008	0.333333343	0.333333343	None
  1.9000001	0.389689	0.002319666	0.002319666	0.333333343	0.333333343	None
  1.9333334	0.3891999	-0.09759507	-0.09759507	0.333333343	0.333333343	None
  2	0.383366972	0.07329496	0.07329496	0.333333343	0.333333343	None
  2.10000014	0.379608274	-0.406509757	-0.406509757	0.333333343	0.333333343	None
  2.2	0.319421083	-0.6733509	-0.6733509	0.333333343	0.333333343	None
  2.266667	0.2713961	-0.6674653	-0.6674653	0.333333343	0.333333343	None
  2.33333349	0.229275778	-0.6946427	-0.6946427	0.333333343	0.333333343	None
  2.4666667	0.126723647	-0.7651114	-0.7651114	0.333333343	0.333333343	None
  2.50000024	0.10201782	-0.629823446	-0.629823446	0.333333343	0.333333343	None
  2.53333354	0.08473528	-0.446902066	-0.446902066	0.333333343	0.333333343	None
  2.56666684	0.07222438	-0.287715375	-0.287715375	0.333333343	0.333333343	None
  2.63333344	0.0607879758	-0.14222455	-0.14222455	0.333333343	0.333333343	None
  2.7	0.0506288372	-0.183269471	-0.183269471	0.333333343	0.333333343	None
  2.73333359	0.0438546464	-0.188338816	-0.188338816	0.333333343	0.333333343	None
  2.766667	0.03807288	-0.1694861	-0.1694861	0.333333343	0.333333343	None
  2.80000019	0.0325555839	-0.1245699	-0.1245699	0.333333343	0.333333343	None
  2.83333349	0.0297682285	-0.0512410551	-0.0512410551	0.333333343	0.333333343	None
  2.86666679	0.0291395169	-0.01693012	-0.01693012	0.333333343	0.333333343	None
  2.9	0.028639555	0.01785551	0.01785551	0.333333343	0.333333343	None
  2.9333334	0.0303298831	-0.0159320962	-0.0159320962	0.333333343	0.333333343	None
  2.966667	0.0275773965	0.0602373481	0.0602373481	0.333333343	0.333333343	None
  3.00000024	0.0343456827	0.101484209	0.101484209	0.333333343	0.333333343	None
  3.03333354	0.0343430042	-0.0215809625	-0.0215809625	0.333333343	0.333333343	None
  3.06666684	0.0329069532	0.01115269	0.01115269	0.333333343	0.333333343	None
  3.10000014	0.0350865163	0.0197624788	0.0197624788	0.333333343	0.333333343	None
  3.13333344	0.03422445	-0.0138161834	-0.0138161834	0.333333343	0.333333343	None
  3.23333359	0.0353482962	0.009527439	0.009527439	0.333333343	0.333333343	None
  3.30000019	0.0357699357	0.0205428917	0.0205428917	0.333333343	0.333333343	None
  3.33333349	0.0366663337	0.02677121	0.02677121	0.333333343	0.333333343	None
  3.36666679	0.03755468	0.0532446355	0.0532446355	0.333333343	0.333333343	None
  3.4333334	0.04415989	0.129960626	0.129960626	0.333333343	0.333333343	None
  3.466667	0.04888004	0.130845755	0.130845755	0.333333343	0.333333343	None
  3.50000024	0.0528829657	0.124465287	0.124465287	0.333333343	0.333333343	None
  3.53333354	0.05717772	0.04687997	0.04687997	0.333333343	0.333333343	None
  3.63333344	0.0506797954	0.005922435	0.005922435	0.333333343	0.333333343	None
  3.70000029	0.057990972	0.16051358	0.16051358	0.333333343	0.333333343	None
  3.73333359	0.06374806	0.131892338	0.131892338	0.333333343	0.333333343	None
  3.83333349	0.06515729	-0.128609255	-0.128609255	0.333333343	0.333333343	None
  3.86666679	0.0589061454	-0.227558717	-0.227558717	0.333333343	0.333333343	None
  3.9	0.04998672	-0.236956626	-0.236956626	0.333333343	0.333333343	None
  3.93333364	0.0431090035	-0.196240544	-0.196240544	0.333333343	0.333333343	None
  3.966667	0.03690398	-0.1627276	-0.1627276	0.333333343	0.333333343	None
  4	0.03226054	-0.155765936	-0.155765936	0.333333343	0.333333343	None
  4.033334	0.0265195463	-0.150390446	-0.150390446	0.333333343	0.333333343	None
  4.066667	0.022234438	-0.1426026	-0.1426026	0.333333343	0.333333343	None
  4.10000038	0.0170127153	-0.159427956	-0.159427956	0.333333343	0.333333343	None
  4.13333368	0.0116059175	-0.194648087	-0.194648087	0.333333343	0.333333343	None
  4.166667	0.00403618859	-0.214338213	-0.214338213	0.333333343	0.333333343	None
  4.20000029	-0.00268328213	-0.177557051	-0.177557051	0.333333343	0.333333343	None
  4.23333359	-0.0078009367	-0.1150669	-0.1150669	0.333333343	0.333333343	None
  4.266667	-0.0103544015	-0.0798226	-0.0798226	0.333333343	0.333333343	None
  4.3	-0.0131224385	-0.073095575	-0.073095575	0.333333343	0.333333343	None
  4.33333349	-0.0152274352	-0.0765878856	-0.0765878856	0.333333343	0.333333343	None
  4.4	-0.0214083213	-0.07916274	-0.07916274	0.333333343	0.333333343	None
  4.4333334	-0.0235058032	-0.0192314312	-0.0192314312	0.333333343	0.333333343	None
  4.4666667	-0.0226904154	0.0214200579	0.0214200579	0.333333343	0.333333343	None
  4.5	-0.0220778	0.03786705	0.03786705	0.333333343	0.333333343	None
  4.533334	-0.02016592	0.0661752	0.0661752	0.333333343	0.333333343	None
  4.566667	-0.0176660977	0.0550711975	0.0550711975	0.333333343	0.333333343	None
  4.60000038	-0.01649451	-0.0382376648	-0.0382376648	0.333333343	0.333333343	None
  4.63333368	-0.0202152729	-0.146947652	-0.146947652	0.333333343	0.333333343	None
  4.666667	-0.02629101	-0.148154616	-0.148154616	0.333333343	0.333333343	None
  4.70000029	-0.0300922375	-0.07037595	-0.07037595	0.333333343	0.333333343	None
  4.73333359	-0.0309827365	-0.02613533	-0.02613533	0.333333343	0.333333343	None
  4.766667	-0.03183459	-0.0353407636	-0.0353407636	0.333333343	0.333333343	None
  4.83333349	-0.03371536	0.0295151118	0.0295151118	0.333333343	0.333333343	None
  4.866667	-0.0313711129	0.09955297	0.09955297	0.333333343	0.333333343	None
  4.9	-0.0270785019	0.165680185	0.165680185	0.333333343	0.333333343	None
  4.9333334	-0.0203257781	0.197383791	0.197383791	0.333333343	0.333333343	None
  4.9666667	-0.0139195947	0.172019869	0.172019869	0.333333343	0.333333343	None
  5.00000048	-0.008857725	0.07652245	0.07652245	0.333333343	0.333333343	None
  5.033334	-0.00881803	-0.0404585339	-0.0404585339	0.333333343	0.333333343	None
  5.066667	-0.0115549583	-0.07269334	-0.07269334	0.333333343	0.333333343	None
  5.10000038	-0.0136642484	0.0230295248	0.0230295248	0.333333343	0.333333343	None
  5.13333368	-0.0100196581	0.123998672	0.123998672	0.333333343	0.333333343	None
  5.166667	-0.00539767835	0.0968170762	0.0968170762	0.333333343	0.333333343	None
  5.20000029	-0.00356519246	0.0388330743	0.0388330743	0.333333343	0.333333343	None
  5.23333359	-0.00280880928	0.0330072865	0.0330072865	0.333333343	0.333333343	None
  5.266667	-0.00136470865	0.041150488	0.041150488	0.333333343	0.333333343	None
  5.3	-6.544591E-05	0.0440070555	0.0440070555	0.333333343	0.333333343	None
  5.33333349	0.00156909227	0.04069183	0.04069183	0.333333343	0.333333343	None
  5.366667	0.00264734	0.0297564566	0.0297564566	0.333333343	0.333333343	None
  5.4	0.00355285429	0.03386023	0.03386023	0.333333343	0.333333343	None
  5.4333334	0.00490468647	0.0465252474	0.0465252474	0.333333343	0.333333343	None
  5.466667	0.00665455963	0.04337909	0.04337909	0.333333343	0.333333343	None
  5.50000048	0.007796648	0.0279781632	0.0279781632	0.333333343	0.333333343	None
  5.533334	0.008519769	0.0233834367	0.0233834367	0.333333343	0.333333343	None
  5.566667	0.009355542	0.0424299054	0.0424299054	0.333333343	0.333333343	None
  5.60000038	0.0113484263	0.0495834053	0.0495834053	0.333333343	0.333333343	None
  5.63333368	0.0126610994	0.0115147345	0.0115147345	0.333333343	0.333333343	None
  5.666667	0.0121160746	-0.09041198	-0.09041198	0.333333343	0.333333343	None
  5.70000029	0.00663364	-0.184042633	-0.184042633	0.333333343	0.333333343	None
  5.73333359	-0.000153422327	-0.233754754	-0.233754754	0.333333343	0.333333343	None
  5.766667	-0.008949996	-0.2698841	-0.2698841	0.333333343	0.333333343	None
  5.8	-0.0181456786	-0.253533423	-0.253533423	0.333333343	0.333333343	None
  5.83333349	-0.025852209	-0.154785	-0.154785	0.333333343	0.333333343	None
  5.933334	-0.0229800921	0.146351174	0.146351174	0.333333343	0.333333343	None
  6.00000048	-0.008962871	0.293525159	0.293525159	0.333333343	0.333333343	None
  6.033334	0.002372146	0.3597248	0.3597248	0.333333343	0.333333343	None
  6.066667	0.0150187593	0.293678045	0.293678045	0.333333343	0.333333343	None
  6.10000038	0.021950664	0.148323536	0.148323536	0.333333343	0.333333343	None
  6.13333368	0.0249069855	-0.04238171	-0.04238171	0.333333343	0.333333343	None
  6.166667	0.01912522	-0.28212297	-0.28212297	0.333333343	0.333333343	None
  6.20000029	0.00609880732	-0.434212446	-0.434212446	0.333333343	0.333333343	None
  6.23333359	-0.00982224848	-0.3981072	-0.3981072	0.333333343	0.333333343	None
  6.266667	-0.0204416476	-0.158727974	-0.158727974	0.333333343	0.333333343	None
  6.3	-0.0204041041	0.07513939	0.07513939	0.333333343	0.333333343	None
  6.33333349	-0.01543236	0.139512628	0.139512628	0.333333343	0.333333343	None
  6.366667	-0.0111032706	0.1464959	0.1464959	0.333333343	0.333333343	None
  6.40000057	-0.00566589832	0.144403711	0.144403711	0.333333343	0.333333343	None
  6.433334	-0.00147628807	0.118687868	0.118687868	0.333333343	0.333333343	None
  6.466667	0.00224661827	0.0559562966	0.0559562966	0.333333343	0.333333343	None
  6.50000048	0.00225412822	-0.0519812629	-0.0519812629	0.333333343	0.333333343	None
  6.533334	-0.00121879589	-0.115935892	-0.115935892	0.333333343	0.333333343	None
  6.566667	-0.005474924	-0.113393173	-0.113393173	0.333333343	0.333333343	None
  6.60000038	-0.008778334	-0.03760997	-0.03760997	0.333333343	0.333333343	None
  6.63333368	-0.007982253	0.0225466341	0.0225466341	0.333333343	0.333333343	None
  6.666667	-0.007275226	0.0203418639	0.0203418639	0.333333343	0.333333343	None
  6.70000029	-0.00662613	0.0450611748	0.0450611748	0.333333343	0.333333343	None
  6.73333359	-0.00427115057	0.0495029129	0.0495029129	0.333333343	0.333333343	None
  6.766667	-0.003325939	-0.0208407566	-0.0208407566	0.333333343	0.333333343	None
  6.8	-0.005660533	-0.114857666	-0.114857666	0.333333343	0.333333343	None
  6.83333349	-0.0109831095	-0.152274549	-0.152274549	0.333333343	0.333333343	None
  6.866667	-0.01581216	-0.211222112	-0.211222112	0.333333343	0.333333343	None
  6.90000057	-0.0250647031	-0.09723355	-0.09723355	0.333333343	0.333333343	None
  6.933334	-0.0222945232	0.116531305	0.116531305	0.333333343	0.333333343	None
  6.966667	-0.0172959566	0.0617338344	0.0617338344	0.333333343	0.333333343	None
  7.00000048	-0.018178938	-0.109916978	-0.109916978	0.333333343	0.333333343	None
  7.033334	-0.0246237479	-0.210870087	-0.210870087	0.333333343	0.333333343	None
  7.066667	-0.03223693	-0.171039388	-0.171039388	0.333333343	0.333333343	None
  7.10000038	-0.0360263623	-0.0448840745	-0.0448840745	0.333333343	0.333333343	None
  7.13333368	-0.0352292	0.0240756422	0.0240756422	0.333333343	0.333333343	None
  7.166667	-0.03442132	0.0428561531	0.0428561531	0.333333343	0.333333343	None
  7.20000029	-0.0323721245	0.0394928269	0.0394928269	0.333333343	0.333333343	None
  7.23333359	-0.03178847	-0.0192312337	-0.0192312337	0.333333343	0.333333343	None
  7.33333349	-0.0399391577	-0.0600114837	-0.0600114837	0.333333343	0.333333343	None
  7.40000057	-0.04075133	-0.005503954	-0.005503954	0.333333343	0.333333343	None
  7.433334	-0.04128134	0.0181370582	0.0181370582	0.333333343	0.333333343	None
  7.466667	-0.0395421945	0.03439126	0.03439126	0.333333343	0.333333343	None
  7.533334	-0.03949499	-0.0119732246	-0.0119732246	0.333333343	0.333333343	None
  7.60000038	-0.04071915	-0.0268114433	-0.0268114433	0.333333343	0.333333343	None
  7.63333368	-0.0415742323	-0.01776697	-0.01776697	0.333333343	0.333333343	None
  7.666667	-0.041903615	-0.0252021141	-0.0252021141	0.333333343	0.333333343	None
  7.766667	-0.0461136065	-0.0183298439	-0.0183298439	0.333333343	0.333333343	None
  7.86666727	-0.0449666865	0.008223773	0.008223773	0.333333343	0.333333343	None
  7.90000057	-0.0451179743	0.0525443554	0.0525443554	0.333333343	0.333333343	None
  7.933334	-0.0414637327	0.195034385	0.195034385	0.333333343	0.333333343	None
  7.966667	-0.0321156941	0.292143226	0.292143226	0.333333343	0.333333343	None
  8	-0.02198768	0.34301132	0.34301132	0.333333343	0.333333343	None
  8.033334	-0.009248257	0.382531583	0.382531583	0.333333343	0.333333343	None
  8.066668	0.00351476716	0.30115217	0.30115217	0.333333343	0.333333343	None
  8.1	0.0108286133	0.104752727	0.104752727	0.333333343	0.333333343	None
  8.133334	0.0104981661	-0.2383124	-0.2383124	0.333333343	0.333333343	None
  8.166667	-0.005058646	-0.5114434	-0.5114434	0.333333343	0.333333343	None
  8.200001	-0.02359807	-0.327736259	-0.327736259	0.333333343	0.333333343	None
  8.233334	-0.0269079264	-0.0466873273	-0.0466873273	0.333333343	0.333333343	None
  8.333334	-0.0237386171	-0.00587473251	-0.00587473251	0.333333343	0.333333343	None
  8.366667	-0.0252803583	-0.08249369	-0.08249369	0.333333343	0.333333343	None
  8.400001	-0.0292382259	-0.117834881	-0.117834881	0.333333343	0.333333343	None
  8.433333	-0.03313601	-0.0970106	-0.0970106	0.333333343	0.333333343	None
  8.5	-0.0373621024	-0.0255723838	-0.0255723838	0.333333343	0.333333343	None
  8.533334	-0.0374103747	0.0348898768	0.0348898768	0.333333343	0.333333343	None
  8.566668	-0.03503608	0.0605909526	0.0605909526	0.333333343	0.333333343	None
  8.6	-0.03337097	0.0296440385	0.0296440385	0.333333343	0.333333343	None
  8.633334	-0.03305983	-0.07399799	-0.07399799	0.333333343	0.333333343	None
  8.666667	-0.0383040868	-0.153513759	-0.153513759	0.333333343	0.333333343	None
  8.700001	-0.04329407	-0.179488778	-0.179488778	0.333333343	0.333333343	None
  8.733334	-0.0502699651	-0.229489788	-0.229489788	0.333333343	0.333333343	None
  8.766667	-0.0585933924	-0.18568328	-0.18568328	0.333333343	0.333333343	None
  8.8	-0.0626489	-0.06517866	-0.06517866	0.333333343	0.333333343	None
  8.833334	-0.06293858	-0.00735449325	-0.00735449325	0.333333343	0.333333343	None
  8.866667	-0.0631392	-0.00669467868	-0.00669467868	0.333333343	0.333333343	None
  8.900001	-0.06338489	0.03472993	0.03472993	0.333333343	0.333333343	None
  8.966667	-0.05888736	0.0330712572	0.0330712572	0.333333343	0.333333343	None
  9	-0.05861914	-6.43688254E-05	-6.43688254E-05	0.333333343	0.333333343	None
  9.066668	-0.0619761869	-0.135135621	-0.135135621	0.333333343	0.333333343	None
  9.133334	-0.07415558	-0.1823371	-0.1823371	0.333333343	0.333333343	None
  9.233334	-0.0882425159	-0.0529151335	-0.0529151335	0.333333343	0.333333343	None
  9.366667	-0.0842675	0.0727255642	0.0727255642	0.333333343	0.333333343	None
  9.433333	-0.07947601	0.0528344326	0.0528344326	0.333333343	0.333333343	None
  9.466667	-0.07850182	0.05095101	0.05095101	0.333333343	0.333333343	None
  9.566668	-0.07128559	0.05059711	0.05059711	0.333333343	0.333333343	None
  9.700001	-0.0678158849	0.015336737	0.015336737	0.333333343	0.333333343	None
  9.733334	-0.06738997	0.05133653	0.05133653	0.333333343	0.333333343	None
  9.8	-0.060078267	0.136712283	0.136712283	0.333333343	0.333333343	None
  9.833334	-0.0552792661	0.104331985	0.104331985	0.333333343	0.333333343	None
  9.900001	-0.05220008	0.0436451733	0.0436451733	0.333333343	0.333333343	None
  10.000001	-0.0482733175	-0.04090952	-0.04090952	0.333333343	0.333333343	None
  10.0666676	-0.0534231476	-0.0454794243	-0.0454794243	0.333333343	0.333333343	None
  10.1333342	-0.0539649725	0.0193281416	0.0193281416	0.333333343	0.333333343	None
  10.166667	-0.0527719371	0.0178958047	0.0178958047	0.333333343	0.333333343	None
  10.2000008	-0.0527719371	0	0	0.333333343	0.333333343	None
modelAnimator=MCU_af_StandConv_SlapFace_01_AGive_BReceive_PairB
nativeHumanScale=1.01133049
