sourceSeconds,coarse30Hz,bladeBodyGapM,nearestPivot,bladeX,bladeY,bladeZ,bodyX,bodyY,bodyZ,tipX,tipY,tipZ,receiverMinimumY,attackerMinimumY,torsoMinimumY,nonLegSupportMinimumY,torsoFacingUp,supportBone,supportX,supportY,supportZ
0,True,0.5074247,LeftHand,0.10831102,1.32064211,0.171351433,-0.2941229,1.08680034,-0.0307495221,0.104756057,1.3589201,0.174845815,0.0100701908,0.0100000007,0.7290264,0.7290264,-0.204468951,Hips,-0.8850654,0.7290264,0.132287
0.0333333351,True,0.6746591,Head,0.198107839,1.56179965,0.0375744849,-0.473223448,1.51484025,-0.0101116328,0.207623065,1.59506869,0.03679508,0.010259321,0.0125207976,0.7076277,0.7076277,-0.176604748,Hips,-0.8825399,0.7076277,0.129389331
0.06666667,True,0.901126266,LeftHand,0.4146175,1.08087718,0.0448162,-0.447988123,0.893295348,-0.136162147,0.4136674,1.77420616,-0.05796945,0.0105705671,0.0145288715,0.6566876,0.6566876,-0.1188892,Hips,-0.8762651,0.6566876,0.121633649
0.1,True,1.03716886,RightHand,0.446317971,1.22575986,0.003161697,-0.51540935,0.854229152,-0.10982006,0.6764822,1.88195419,-0.0846108645,0.0104661938,0.02370939,0.61139065,0.61139065,-0.069975704,Hips,-0.8698412,0.61139065,0.11298947
0.13333334,True,1.1471802,Head,0.519019663,1.36416388,-0.0134276813,-0.6214547,1.47303224,0.0456347279,0.943468869,1.92022943,-0.0570729747,0.0100011788,0.0286741555,0.6004944,0.6004944,-0.06086973,Hips,-0.867355049,0.6004944,0.11076352
0.166666672,True,1.23194528,Head,0.611633,1.51640809,-0.0149795329,-0.618385851,1.4794029,0.04310175,1.19390368,1.90622377,-0.03156662,0.010000553,0.0186041221,0.59977895,0.59977895,-0.06247268,Hips,-0.8660504,0.59977895,0.110617116
0.2,True,1.33309889,Head,0.704367936,1.65429437,-0.0284610037,-0.615032732,1.47735929,0.04245048,1.38154006,1.83479428,-0.03979659,0.0100004729,0.0126980115,0.5990718,0.5990718,-0.0640672147,Hips,-0.864763737,0.5990718,0.110461131
0.200000018,False,1.333099,Head,0.704368,1.65429473,-0.0284610447,-0.615032732,1.47735929,0.04245048,1.3815403,1.834795,-0.03979677,0.0100004729,0.01269786,0.5990718,0.5990718,-0.0640672147,Hips,-0.864763737,0.5990718,0.110461131
0.204166666,False,1.34436846,Head,0.7142314,1.6674329,-0.0301895887,-0.614616454,1.47710419,0.0423697866,1.39743531,1.82361484,-0.0406765938,0.0100004924,0.0145195592,0.5989839,0.5989839,-0.06426537,Hips,-0.8646036,0.5989839,0.110442415
0.208333328,False,1.35548234,Head,0.723877966,1.680174,-0.03212341,-0.614200532,1.47684944,0.0422895439,1.41211307,1.81250763,-0.0416895747,0.0100001357,0.01599842,0.598896146,0.598896146,-0.06446233,Hips,-0.86444366,0.598896146,0.110423647
0.2125,False,1.36621928,Head,0.733166933,1.692093,-0.03418293,-0.613785148,1.47659492,0.04220889,1.42547679,1.80120015,-0.0427508354,0.0100004757,0.01725597,0.598808467,0.598808467,-0.0646608844,Hips,-0.864284039,0.598808467,0.110405311
0.216666669,False,1.37723231,Head,0.7428849,1.7025677,-0.03637098,-0.6133701,1.47634017,0.0421284735,1.43837464,1.78921723,-0.0438844562,0.0100003537,0.01800898,0.5987207,0.5987207,-0.0648582056,Hips,-0.8641244,0.5987207,0.110386945
0.220833331,False,1.38773084,Head,0.75240767,1.7115165,-0.0384770446,-0.616767645,1.49944615,0.04014821,1.45025587,1.77661061,-0.0449304581,0.01000021,0.0181787778,0.598633051,0.598633051,-0.06505534,Hips,-0.8639651,0.598633051,0.1103688
0.225,False,1.39680278,Head,0.7628268,1.70734215,-0.03503794,-0.616336763,1.49919415,0.0400639847,1.46048093,1.763432,-0.0457178354,0.0100000426,0.018447198,0.598545432,0.598545432,-0.06525267,Hips,-0.8638061,0.598545432,0.11035081
0.229166672,False,1.404012,Head,0.7718245,1.69982481,-0.0331525877,-0.612130463,1.47557747,0.04188842,1.46887243,1.749614,-0.0461278558,0.0100000724,0.0190048944,0.5984584,0.5984584,-0.06544912,Hips,-0.863647342,0.5984584,0.110332973
0.233333334,True,1.40947819,Head,0.7771423,1.70342314,-0.03344465,-0.6117193,1.47532439,0.04180882,1.47525477,1.73509836,-0.04603201,0.0100006424,0.0194495,0.598371565,0.598371565,-0.0656448156,Hips,-0.8634889,0.598371565,0.110315211
0.2375,False,1.412727,Head,0.7806596,1.70467186,-0.03269515,-0.6150513,1.4984411,0.0398121364,1.47933316,1.719472,-0.0453078151,0.0100001972,0.0134633146,0.5982845,0.5982845,-0.0658404157,Hips,-0.863330662,0.5982845,0.110297725
0.24166666,False,1.4138273,Head,0.782415748,1.703605,-0.0309197288,-0.6146245,1.49819088,0.0397288427,1.48123765,1.70269454,-0.0439782143,0.0100007411,0.0118930023,0.598197937,0.598197937,-0.06603587,Hips,-0.86317277,0.598197937,0.110280231
0.245833337,False,1.41324234,Head,0.7827292,1.69949234,-0.03328266,-0.6104896,1.47456467,0.04157048,1.48144817,1.68522656,-0.0421311855,0.0100003276,0.0109944725,0.598110855,0.598110855,-0.0662318543,Hips,-0.8630152,0.598110855,0.110263072
0.25,False,1.41147029,Head,0.7821434,1.69528508,-0.0301299933,-0.6100814,1.47431219,0.0414913148,1.48044515,1.66754258,-0.0398848057,0.0100002456,0.0103693083,0.5980243,0.5980243,-0.06642687,Hips,-0.862857759,0.5980243,0.110246
0.254166663,False,1.40904939,Head,0.7810134,1.69033933,-0.02665157,-0.6096737,1.47406018,0.041413,1.47869515,1.65015161,-0.0374045968,0.0100004487,0.0104444148,0.5979382,0.5979382,-0.06662096,Hips,-0.86270076,0.5979382,0.110228911
0.258333325,False,1.40829885,Head,0.7816092,1.68495917,-0.023343455,-0.6092676,1.47380888,0.0413338058,1.47851491,1.63326859,-0.03517288,0.0100009162,0.0105181411,0.597852468,0.597852468,-0.06681532,Hips,-0.862543941,0.597852468,0.110212192
0.2625,False,1.40783918,Head,0.7824235,1.67987633,-0.0201195776,-0.6088625,1.47355735,0.0412556157,1.47843361,1.6175065,-0.0331478119,0.0100005241,0.0102268411,0.59776634,0.59776634,-0.06700858,Hips,-0.8623877,0.59776634,0.110195391
0.266666681,True,1.40798438,Head,0.7836464,1.67591774,-0.0172402579,-0.6084584,1.47330642,0.0411775075,1.47866225,1.60355926,-0.0316543579,0.0100007681,0.010002709,0.5976805,0.5976805,-0.06720158,Hips,-0.8622317,0.5976805,0.110178858
0.270833343,False,1.4089644,Head,0.7855884,1.67247128,-0.015243765,-0.607989,1.47307837,0.0427672528,1.479563,1.59075069,-0.0297716856,0.0100005632,0.0100576486,0.597595036,0.597595036,-0.06739426,Hips,-0.8620761,0.597595036,0.110162452
0.275,False,1.41040039,Head,0.788008451,1.66859841,-0.0140336528,-0.607541263,1.47284424,0.0438481458,1.48094082,1.5781951,-0.0267529488,0.0100007262,0.0101770628,0.597509742,0.597509742,-0.06758671,Hips,-0.8619209,0.597509742,0.110146239
0.279166669,False,1.41190553,Head,0.79048723,1.66465628,-0.0130364755,-0.6071094,1.47260582,0.04456162,1.48237944,1.56632483,-0.0233205557,0.0100008762,0.0102857891,0.597424567,0.597424567,-0.06777819,Hips,-0.8617659,0.597424567,0.110130057
0.283333331,False,1.4131155,Head,0.792623162,1.66103137,-0.0117685618,-0.606709957,1.47235715,0.0444840938,1.48349762,1.555632,-0.0203338265,0.0100001739,0.01036721,0.5973397,0.5973397,-0.06796936,Hips,-0.8616114,0.5973397,0.110114031
0.2875,False,1.41371322,Head,0.7940614,1.65811992,-0.009837627,-0.606310844,1.4721086,0.04440745,1.48397517,1.54662931,-0.018715024,0.0100002624,0.010418932,0.597255,0.597255,-0.06816057,Hips,-0.861457348,0.597255,0.110098086
0.291666657,False,1.413486,Head,0.7945503,1.65629029,-0.00694009755,-0.6059139,1.47186136,0.04433033,1.483582,1.53978992,-0.0193327665,0.010000986,0.0104439007,0.597170949,0.597170949,-0.06835062,Hips,-0.8613036,0.597170949,0.1100824
0.295833319,False,1.41239607,Head,0.794023156,1.65580952,-0.00286427373,-0.6055178,1.47161424,0.0442538522,1.48220921,1.53542936,-0.0228289962,0.01000034,0.0104034785,0.5970867,0.5970867,-0.06854076,Hips,-0.861150444,0.5970867,0.1100669
0.3,True,1.41065681,Head,0.7926776,1.65675414,0.002492974,-0.605123162,1.47136676,0.0441773348,1.47991586,1.53356421,-0.0294084549,0.00999997649,0.009964708,0.597002149,0.597002149,-0.0687299743,Hips,-0.8609977,0.597002149,0.110051431
0.304166675,False,1.41222453,Head,0.7944505,1.6592921,0.00855146348,-0.6047299,1.4711206,0.0441016778,1.48039722,1.533625,-0.03808278,0.010001326,0.0101262853,0.5969183,0.5969183,-0.06891848,Hips,-0.8608451,0.5969183,0.110036083
0.308333337,False,1.4194454,Head,0.8018147,1.662366,0.01419335,-0.6043382,1.47087383,0.0440265164,1.486192,1.53402865,-0.0462005734,0.0100027723,0.0110836243,0.596833169,0.596833169,-0.0691061243,Hips,-0.860693,0.596833169,0.110020839
0.3125,False,1.42988884,Head,0.812544763,1.66424441,0.0186040532,-0.603948,1.470626,0.0439519063,1.49551058,1.53337848,-0.05155003,0.0100038545,0.0117173987,0.596747,0.596747,-0.06929337,Hips,-0.8605412,0.596747,0.110005736
0.316666663,False,1.44050658,Head,0.8237183,1.663838,0.0212113857,-0.603558362,1.47037792,0.0438770056,1.5059433,1.53130484,-0.0529150963,0.0100031914,0.0120554026,0.5966585,0.5966585,-0.069481276,Hips,-0.8603888,0.5966585,0.110025816
0.320833325,False,1.44790316,Head,0.831939757,1.660934,0.02196524,-0.6031704,1.470131,0.04380284,1.51444221,1.528674,-0.0500642657,0.0100020086,0.0126420828,0.5965726,0.5965726,-0.06966668,Hips,-0.8602381,0.5965726,0.11001043
0.325,False,1.44876087,Head,0.83378464,1.65613246,0.0214760937,-0.6027829,1.469889,0.04372722,1.5176295,1.5271827,-0.04347223,0.01000318,0.0139870644,0.5964917,0.5964917,-0.06985389,Hips,-0.8600881,0.5964917,0.109995387
0.329166681,False,1.44017267,Head,0.8261969,1.65048945,0.0209299047,-0.602396667,1.46965468,0.0436520837,1.51217866,1.52842879,-0.0340274572,0.0100070024,0.01435055,0.5964176,0.5964176,-0.07003858,Hips,-0.85993886,0.5964176,0.10998033
0.333333343,True,1.41968977,Head,0.8066085,1.645027,0.0218086168,-0.602011442,1.46942759,0.04357619,1.4950304,1.53294587,-0.0229492188,0.0100130253,0.0134149324,0.596350551,0.596350551,-0.07022259,Hips,-0.859790564,0.596350551,0.109965406
0.3375,False,1.38654637,Head,0.7742427,1.64009583,0.0249715913,-0.60160625,1.46919477,0.0434951149,1.46494079,1.53956759,-0.0113584995,0.0100188144,0.01192561,0.596286058,0.596286058,-0.0704163,Hips,-0.8596356,0.596286058,0.109949857
0.341666669,False,1.34291172,Head,0.7313444,1.63516009,0.0298456214,-0.601172745,1.46894908,0.0434075855,1.424041,1.54686558,0.000421702862,0.0100220256,0.0112176538,0.596220434,0.596220434,-0.07062275,Hips,-0.859470665,0.596220434,0.109933436
0.345833331,False,1.29091167,Head,0.6801064,1.62949276,0.0356245153,-0.60072875,1.46869743,0.0433175638,1.37448573,1.55374622,0.0113354325,0.010022196,0.0102203423,0.5961535,0.5961535,-0.07083362,Hips,-0.8593019,0.5961535,0.109916635
0.35,False,1.2326647,Head,0.622717738,1.62240827,0.0414316654,-0.600291431,1.46843529,0.0432280563,1.31845808,1.5593338,0.02005729,0.0100053251,0.0100338412,0.59607327,0.59607327,-0.071041584,Hips,-0.8591362,0.59607327,0.109900214
0.354166657,False,1.17029536,Head,0.5613563,1.61345065,0.04647842,-0.5998827,1.46817815,0.043148756,1.25816607,1.563323,0.02566579,0.0100031542,0.0109086176,0.5959871,0.5959871,-0.07123781,Hips,-0.858977854,0.5959871,0.109884858
0.358333319,False,1.10588968,Head,0.498124242,1.60252571,0.0502363145,-0.599522054,1.46793866,0.0430855677,1.195755,1.56623125,0.0282306969,0.0100326864,0.011840526,0.5959001,0.5959001,-0.0714141,Hips,-0.8588326,0.5959001,0.109871171
0.3625,False,1.04142225,Head,0.43495965,1.58995283,0.05256945,-0.599218965,1.46770728,0.0430327728,1.13318872,1.56948709,0.02917859,0.010027783,0.0128563242,0.5957972,0.5957972,-0.07156285,Hips,-0.858710468,0.5957972,0.10985969
0.366666675,True,0.978700638,Head,0.373573452,1.576418,0.05377847,-0.5989912,1.46753013,0.04299356,1.07213223,1.57533026,0.0313245654,0.0100234905,0.0144340284,0.5957165,0.5957165,-0.071674116,Hips,-0.85861814,0.5957165,0.109851025
0.370833337,False,0.9143514,Head,0.310606927,1.56409729,0.05350924,-0.5985838,1.46761978,0.04337565,1.00930965,1.582897,0.0371886343,0.0101111364,0.0149497762,0.5956054,0.5956054,-0.07103552,Hips,-0.8576777,0.5956054,0.109772407
0.375,False,0.8446426,Head,0.241250828,1.56360817,0.05136785,-0.597931743,1.46797538,0.0444352962,0.941287041,1.58976054,0.04555939,0.0105990879,0.0147703383,0.595348656,0.595348656,-0.06934415,Hips,-0.855478942,0.595348656,0.109588712
0.379166663,False,0.7712582,Head,0.170101643,1.54638231,0.0499679558,-0.597204864,1.46852124,0.0457773767,0.869211733,1.59635174,0.0544042438,0.0105764009,0.0143722789,0.595115244,0.595115244,-0.06721482,Hips,-0.8527911,0.595115244,0.109357096
0.383333325,False,0.696853936,Head,0.09821427,1.522513,0.047737468,-0.5965838,1.46902919,0.0470084,0.7943235,1.60320318,0.0615988672,0.0105577875,0.0141182207,0.594911337,0.594911337,-0.06526523,Hips,-0.85037744,0.594911337,0.109141648
0.3875,False,0.6234805,Head,0.0265908483,1.49723637,0.04512163,-0.596259832,1.46934116,0.0477329046,0.717915058,1.61101389,0.06503163,0.01054749,0.0142193772,0.594800353,0.594800353,-0.06411732,Hips,-0.8489955,0.594800353,0.109015174
0.391666681,False,0.5530905,Head,-0.0433636643,1.47143507,0.04248151,-0.596426845,1.46930444,0.04755214,0.6411619,1.62071466,0.06276536,0.0105494875,0.0147487288,0.5948464,0.5948464,-0.0643924847,Hips,-0.849401832,0.5948464,0.109052755
0.395833343,False,0.487207234,Head,-0.1104041,1.44604123,0.04030592,-0.597383261,1.46038079,0.04437603,0.5648501,1.63348544,0.0532547235,0.010660775,0.015670374,0.5952021,0.5952021,-0.0667119548,Hips,-0.852357149,0.5952021,0.109319642
0.4,True,0.42739284,Head,-0.1734639,1.42193854,0.0392797068,-0.599165142,1.45987141,0.0413257256,0.4890562,1.65068519,0.03569424,0.0108281635,0.0168899987,0.596521735,0.596521735,-0.07167402,Hips,-0.85861814,0.596521735,0.109851032
0.404166669,False,0.373128623,Head,-0.234194949,1.39844477,0.0399148464,-0.6024966,1.45819247,0.03690462,0.409502834,1.67468929,0.015152514,0.0106508071,0.0176530089,0.597794,0.597794,-0.07936639,Hips,-0.8685817,0.597794,0.110542431
0.408333331,False,0.323567182,Head,-0.294176638,1.373032,0.04167759,-0.608797252,1.44842851,0.0366821364,0.322323978,1.70353222,-0.002677679,0.0102194278,0.012416821,0.598855,0.598855,-0.0891595,Hips,-0.881857157,0.598855,0.111200996
0.4125,False,0.2812982,Head,-0.3518668,1.34406626,0.04377796,-0.6143652,1.4442749,0.0303064641,0.228730261,1.732079,-0.01642114,0.0100006787,0.0113371462,0.5997703,0.5997703,-0.100560352,Hips,-0.8977386,0.5997703,0.1117038
0.416666657,False,0.240271688,Head,-0.405295432,1.31075847,0.0454318859,-0.641339064,1.32759786,0.00383476168,0.131576121,1.7559154,-0.0243895054,0.0102610858,0.0133825187,0.600641668,0.600641668,-0.11309585,Hips,-0.915502369,0.600641668,0.11195457
0.420833319,False,0.208580643,Head,-0.452462465,1.27343845,0.0459652953,-0.650773466,1.32302237,0.004491618,0.0349369645,1.77204132,-0.0255067945,0.010698026,0.0174359977,0.6011375,0.6011375,-0.126341447,Hips,-0.9343921,0.6011375,0.11189574
0.425,False,0.191644326,Head,-0.492010564,1.23346007,0.0451030247,-0.6591631,1.31634438,0.00131074165,-0.0570930839,1.77920341,-0.020332098,0.0108089726,0.0191235319,0.6010096,0.6010096,-0.13993986,Hips,-0.953647435,0.6010096,0.111537866
0.429166675,False,0.185639724,Head,-0.50599,1.22615123,0.04059218,-0.6663311,1.30838251,-0.004026875,-0.142200112,1.7776618,-0.0115626454,0.0109003084,0.01937346,0.600617349,0.600617349,-0.153616548,Hips,-0.972500145,0.600617349,0.11099185
0.433333337,True,0.176512241,Head,-0.514309645,1.23638892,0.03717295,-0.672197163,1.3006171,-0.008683816,-0.221575022,1.76832843,-0.0038036108,0.0112686018,0.0198737625,0.600600958,0.600600958,-0.16718106,Hips,-0.9901753,0.600600958,0.11033199
0.4375,False,0.159885392,Head,-0.4930156,1.35140049,0.0305852983,-0.6403297,1.40444374,-0.0017921481,-0.301215768,1.75158274,-7.236004E-05,0.0115587069,0.0205344371,0.6008706,0.6008706,-0.180716321,Hips,-1.00741065,0.6008706,0.1096279
0.441666663,False,0.1319751,Head,-0.5188803,1.370356,0.03272505,-0.6433835,1.401568,0.00203000917,-0.382815838,1.72689474,0.003186345,0.012167492,0.0211508833,0.6015807,0.6015807,-0.1944,Hips,-1.02522945,0.6015807,0.108723573
0.445833325,False,0.101766504,Head,-0.5532322,1.37863755,0.0376382545,-0.6467368,1.39309466,0.000164247816,-0.464118361,1.69399774,0.009477615,0.012895938,0.0217795614,0.602352858,0.602352858,-0.208297968,Hips,-1.04331815,0.602352858,0.107571907
0.45,False,0.06826796,Head,-0.5904964,1.406089,0.0391216166,-0.650217354,1.408358,0.00612501567,-0.5400562,1.65442419,0.0153638124,0.0135409264,0.0222373847,0.602815568,0.602815568,-0.2225561,Hips,-1.06134665,0.602815568,0.106196731
0.454166681,False,0.0352928266,Head,-0.6333901,1.396023,0.0372630432,-0.6596543,1.393733,0.0137996292,-0.606169462,1.61161208,0.015437007,0.0136645343,0.021982614,0.602643669,0.602643669,-0.237392113,Hips,-1.07895625,0.602643669,0.104571983
0.458333343,False,0.0146836564,Head,-0.6751865,1.386159,0.0382094234,-0.680146933,1.38468456,0.0244678725,-0.6639675,1.56757879,0.020062685,0.0135763614,0.02146368,0.601456046,0.601456046,-0.25303337,Hips,-1.09578371,0.601456046,0.102839328
0.4625,False,0.00301009486,Head,-0.71352905,1.38103342,0.0415538438,-0.7146186,1.38067865,0.0387703851,-0.710759759,1.52696943,0.0281305313,0.0133205485,0.02096911,0.598933339,0.598933339,-0.269776225,Hips,-1.111471,0.598933339,0.10113579
0.466666669,True,0,Head,-0.71452105,1.34401751,0.0436557271,-0.71452105,1.34401751,0.0436557271,-0.7445086,1.49531007,0.03767717,0.0128655834,0.02049784,0.5951544,0.5951544,-0.288072526,Hips,-1.12570357,0.5951544,0.099594
0.470833331,False,0,Head,-0.76651907,1.37223911,0.0523283258,-0.76651907,1.37223911,0.0523283258,-0.7687924,1.47390938,0.04696417,0.01249415,0.0201754235,0.5915149,0.5915149,-0.308861464,Hips,-1.1384455,0.5915149,0.0983507
0.475,False,0,Head,-0.7844117,1.35983956,0.05934756,-0.7844117,1.35983956,0.05934756,-0.7893505,1.45913756,0.05564165,0.0117731858,0.0201022569,0.5863898,0.5863898,-0.3322503,Hips,-1.14998925,0.5863898,0.09754156
0.479166657,False,0,Head,-0.7877862,1.34301269,0.06428121,-0.7877862,1.34301269,0.06428121,-0.807243466,1.44952726,0.06398785,0.01058828,0.02023381,0.5792213,0.5792213,-0.3572674,Hips,-1.16044891,0.5792213,0.09707623
0.483333319,False,0,Head,-0.7857191,1.31972468,0.07006571,-0.7857191,1.31972468,0.07006571,-0.822955,1.44375408,0.0724293,0.0100082094,0.0205027815,0.5708346,0.5708346,-0.3829279,Hips,-1.16997838,0.5708346,0.0969505459
0.4875,False,0,Head,-0.787858844,1.28853548,0.07764168,-0.787858844,1.28853548,0.07764168,-0.83660686,1.44054985,0.08129847,0.0107707949,0.0208390113,0.562039435,0.562039435,-0.4082877,Hips,-1.17914331,0.562039435,0.0972205
0.491666675,False,0,Head,-0.7864693,1.25491369,0.08511087,-0.7864693,1.25491369,0.08511087,-0.848146439,1.43859041,0.09066093,0.0117253605,0.0211758073,0.5526031,0.5526031,-0.432484776,Hips,-1.18778062,0.5526031,0.0976363942
0.495833337,False,0,Head,-0.783412457,1.22251463,0.09193411,-0.783412457,1.22251463,0.09193411,-0.857576966,1.43640661,0.1000756,0.0103949457,0.02142842,0.543176532,0.543176532,-0.454765022,Hips,-1.19597578,0.543176532,0.09808319
0.5,True,0,Head,-0.7461908,1.10478735,0.0938919038,-0.7461908,1.10478735,0.0938919038,-0.8647963,1.43251765,0.108866334,0.0106793912,0.0215244181,0.5359203,0.5359203,-0.4744927,Hips,-1.20394814,0.5359203,0.09842064
0.504166663,False,0,Head,-0.776374459,1.17057061,0.102190644,-0.776374459,1.17057061,0.102190644,-0.8688177,1.42789483,0.1173594,0.0109311817,0.0214795154,0.5289077,0.5289077,-0.4926398,Hips,-1.21169865,0.5289077,0.098739244
0.5083333,False,0,Head,-0.76995647,1.1468966,0.106641963,-0.76995647,1.1468966,0.106641963,-0.869194865,1.42436552,0.126228213,0.0110083576,0.0213721059,0.521523,0.521523,-0.5102011,Hips,-1.21903241,0.521523,0.0992151946
0.5125,False,0,Head,-0.762954533,1.121173,0.111052975,-0.762954533,1.121173,0.111052975,-0.8666214,1.42173624,0.13515687,0.01094773,0.02122346,0.513926148,0.513926148,-0.5267095,Hips,-1.22592235,0.513926148,0.09982727
0.516666651,False,0,Head,-0.752672434,1.10093176,0.114130855,-0.752672434,1.10093176,0.114130855,-0.86187315,1.41980779,0.143842936,0.0107896607,0.0210540686,0.50631094,0.50631094,-0.541767061,Hips,-1.23232043,0.50631094,0.100491993
0.5208333,False,0,Head,-0.7437967,1.0804832,0.117119685,-0.7437967,1.0804832,0.117119685,-0.8558452,1.41838849,0.152019978,0.0105653554,0.0208811145,0.498871744,0.498871744,-0.5550505,Hips,-1.23821712,0.498871744,0.101182528
0.525,False,0,Head,-0.7359444,1.062839,0.119693369,-0.7359444,1.062839,0.119693369,-0.8495709,1.41729283,0.159477949,0.010296802,0.020721117,0.491818815,0.491818815,-0.566313744,Hips,-1.24360573,0.491818815,0.101846464
0.529166639,False,0,Head,-0.7295696,1.04931211,0.121853083,-0.7295696,1.04931211,0.121853083,-0.8442191,1.41633868,0.166081071,0.0100338021,0.0205883756,0.485408,0.485408,-0.575374544,Hips,-1.248491,0.485408,0.102431625
0.533333361,True,0,Head,-0.7253539,1.03859663,0.123721361,-0.7253539,1.03859663,0.123721361,-0.841066,1.41533482,0.171764731,0.0100180265,0.0204977747,0.48009643,0.48009643,-0.5820848,Hips,-1.252883,0.48009643,0.102886565
0.5375,False,0,Head,-0.723224163,1.030117,0.1254518,-0.723224163,1.030117,0.1254518,-0.8403827,1.41422331,0.17681396,0.0101300683,0.0204480048,0.475956082,0.475956082,-0.5862736,Hips,-1.25668466,0.475956082,0.103178076
0.5416667,False,0,Head,-0.7228004,1.024089,0.127312034,-0.7228004,1.024089,0.127312034,-0.841360331,1.41308272,0.1816107,0.0100913513,0.020424312,0.4726486,0.4726486,-0.58819747,Hips,-1.25988829,0.4726486,0.10332904
0.545833349,False,0,Head,-0.7238129,1.02032435,0.129356176,-0.7238129,1.02032435,0.129356176,-0.843654037,1.41192484,0.1862377,0.010039391,0.0204205755,0.470146745,0.470146745,-0.5883138,Hips,-1.26265538,0.470146745,0.10336452
0.55,False,0,Head,-0.7258999,1.01839662,0.131571934,-0.7258999,1.01839662,0.131571934,-0.8468709,1.4107815,0.1907295,0.0100593027,0.02043214,0.468354225,0.468354225,-0.5870435,Hips,-1.26507223,0.468354225,0.103334874
0.5541667,False,0,Head,-0.7286447,1.01775861,0.133901775,-0.7286447,1.01775861,0.133901775,-0.8505777,1.40970469,0.195088267,0.01007083,0.0204527918,0.467002481,0.467002481,-0.5847884,Hips,-1.26725852,0.467002481,0.103279375
0.558333337,False,0,Head,-0.731639564,1.01792467,0.136277184,-0.731639564,1.01792467,0.136277184,-0.85431993,1.408772,0.19929564,0.01005806,0.02047609,0.465881139,0.465881139,-0.5819443,Hips,-1.2693361,0.465881139,0.103237621
0.5625,False,0,Head,-0.73446697,1.01843393,0.138617158,-0.73446697,1.01843393,0.138617158,-0.857620835,1.40807855,0.203321815,0.0100250049,0.02049378,0.46479556,0.46479556,-0.57891804,Hips,-1.27143109,0.46479556,0.103250347
0.566666663,True,0,Head,-0.7367071,1.01886177,0.140833527,-0.7367071,1.01886177,0.140833527,-0.859990239,1.40774369,0.207129955,0.0100005353,0.0204971321,0.463572472,0.463572472,-0.5761219,Hips,-1.27367163,0.463572472,0.103359722
0.5708333,False,0,Head,-0.7386116,1.01962078,0.142984584,-0.7386116,1.01962078,0.142984584,-0.8616476,1.40781188,0.21070528,0.0100007383,0.02049295,0.462398916,0.462398916,-0.573307931,Hips,-1.27603781,0.462398916,0.103569359
0.575,False,0,Head,-0.7407035,1.02129722,0.145185977,-0.7407035,1.02129722,0.145185977,-0.863175035,1.40817893,0.214071512,0.0100002512,0.0204955954,0.461516559,0.461516559,-0.569964051,Hips,-1.27839637,0.461516559,0.103841737
0.579166651,False,0,Head,-0.742962062,1.02374566,0.14743039,-0.742962062,1.02374566,0.14743039,-0.8646065,1.40875375,0.217247009,0.009999618,0.0205019321,0.460863024,0.460863024,-0.5661208,Hips,-1.28070581,0.460863024,0.104157321
0.5833333,False,0,Head,-0.745007038,1.02588487,0.149521008,-0.745007038,1.02588487,0.149521008,-0.865970254,1.40945148,0.220252991,0.00999956951,0.02050982,0.4603781,0.4603781,-0.56180805,Hips,-1.28292465,0.4603781,0.104496881
0.5875,False,0,Head,-0.746643841,1.02712274,0.151352048,-0.746643841,1.02712274,0.151352048,-0.8672899,1.410186,0.2231164,0.0100004161,0.0205166247,0.4600004,0.4600004,-0.5570542,Hips,-1.28501272,0.4600004,0.104840942
0.591666639,False,0,Head,-0.748361051,1.02867627,0.153187424,-0.748361051,1.02867627,0.153187424,-0.8685895,1.41087615,0.22586894,0.010001828,0.02051871,0.4596679,0.4596679,-0.551891,Hips,-1.28693068,0.4596679,0.105170637
0.595833361,False,0,Head,-0.7501707,1.03050709,0.155048385,-0.7501707,1.03050709,0.155048385,-0.8698894,1.4114418,0.228551149,0.0100049926,0.0205130633,0.459322184,0.459322184,-0.5463522,Hips,-1.28863955,0.459322184,0.105466709
0.6,True,0,Head,-0.752061844,1.03251755,0.156944409,-0.752061844,1.03251755,0.156944409,-0.8712081,1.41180313,0.231207371,0.01000222,0.0204969142,0.4588942,0.4588942,-0.5404715,Hips,-1.29010284,0.4588942,0.105709948
0.6041667,False,0,Head,-0.7540996,1.03484666,0.1588578,-0.7540996,1.03484666,0.1588578,-0.8725201,1.41222835,0.233784914,0.01000032,0.020443365,0.458488166,0.458488166,-0.5341699,Hips,-1.291385,0.458488166,0.10593313
0.608333349,False,0,Head,-0.7562949,1.0375998,0.160809413,-0.7562949,1.0375998,0.160809413,-0.8737894,1.41288888,0.2362889,0.0100076618,0.0203465018,0.458216518,0.458216518,-0.527365565,Hips,-1.29254413,0.458216518,0.106170282
0.6125,False,0,Head,-0.758564234,1.0406394,0.162848279,-0.758564234,1.0406394,0.162848279,-0.875024438,1.41357064,0.238822222,0.0100149913,0.0202358551,0.458014727,0.458014727,-0.5200906,Hips,-1.29353511,0.458014727,0.106402479
0.6166667,False,0,Head,-0.7608329,1.04380679,0.16498366,-0.7608329,1.04380679,0.16498366,-0.8762454,1.41406655,0.2414329,0.0100154718,0.0201390088,0.4578235,0.4578235,-0.51238054,Hips,-1.29431462,0.4578235,0.106611244
0.620833337,False,0,Head,-0.763082147,1.04705238,0.167205065,-0.763082147,1.04705238,0.167205065,-0.877483249,1.414183,0.244105339,0.0100126434,0.02008636,0.4575905,0.4575905,-0.5042725,Hips,-1.29483974,0.4575905,0.106777504
0.625,False,0,Head,-0.7653485,1.05043554,0.169492155,-0.7653485,1.05043554,0.169492155,-0.8787768,1.41374,0.246766448,0.0100160008,0.02010836,0.457271129,0.457271129,-0.495808959,Hips,-1.29506981,0.457271129,0.106882252
0.629166663,False,0,Head,-0.767663062,1.05398011,0.171785191,-0.767663062,1.05398011,0.171785191,-0.880164,1.41257787,0.249296188,0.0100274272,0.02023411,0.4568084,0.4568084,-0.487032384,Hips,-1.29496562,0.4568084,0.106905609
0.6333333,True,0,Head,-0.782099068,1.05538368,0.17691119,-0.782099068,1.05538368,0.17691119,-0.881670356,1.410552,0.2515434,0.009991886,0.0204961356,0.456090063,0.456090063,-0.477990717,Hips,-1.29448867,0.456090063,0.106827684
0.6375,False,0,Head,-0.7717299,1.06019521,0.175744146,-0.7717299,1.06019521,0.175744146,-0.8832159,1.40834761,0.253645062,0.0101621775,0.0209612232,0.45519793,0.45519793,-0.4687811,Hips,-1.293795,0.45519793,0.106697418
0.641666651,False,0,Head,-0.77324903,1.06314039,0.1773943,-0.77324903,1.06314039,0.1773943,-0.884704,1.406453,0.2556795,0.0105085243,0.0216431674,0.45408535,0.45408535,-0.459402055,Hips,-1.29298818,0.45408535,0.106554382
0.6458333,False,0,Head,-0.774606347,1.066051,0.178822011,-0.774606347,1.066051,0.178822011,-0.8861146,1.40444756,0.2574104,0.0106636211,0.022491334,0.452545524,0.452545524,-0.44974786,Hips,-1.29195213,0.452545524,0.10636387
0.65,False,0,Head,-0.7758559,1.069285,0.1800674,-0.7758559,1.069285,0.1800674,-0.887306333,1.4019711,0.2586516,0.0106175784,0.0227605235,0.45073393,0.45073393,-0.439710081,Hips,-1.29056859,0.45073393,0.106091723
0.654166639,False,0,Head,-0.7771817,1.07331038,0.181222469,-0.7771817,1.07331038,0.181222469,-0.888196468,1.39861941,0.2592367,0.0104832165,0.02194914,0.448924959,0.448924959,-0.429180354,Hips,-1.28871942,0.448924959,0.105703376
0.658333361,False,0,Head,-0.7789817,1.07789481,0.182214767,-0.7789817,1.07789481,0.182214767,-0.8890816,1.39379513,0.258965135,0.01079087,0.0213139076,0.447803378,0.447803378,-0.418041736,Hips,-1.28628385,0.447803378,0.105164
0.6625,False,0,Head,-0.781008244,1.08167911,0.182704911,-0.781008244,1.08167911,0.182704911,-0.8900528,1.38698077,0.257668853,0.0115206037,0.0208397172,0.447497249,0.447497249,-0.406180143,Hips,-1.28313947,0.447497249,0.104438528
0.6666667,True,0,Head,-0.7844464,1.08696043,0.183208585,-0.7844464,1.08696043,0.183208585,-0.8912333,1.37760532,0.255142927,0.0118835662,0.0204968024,0.447341651,0.447341651,-0.393477321,Hips,-1.27916133,0.447341651,0.103490911
0.670833349,False,0,Head,-0.789807856,1.09309912,0.183927268,-0.789807856,1.09309912,0.183927268,-0.8929311,1.36506,0.251443267,0.0118715987,0.0202551913,0.4469082,0.4469082,-0.3799705,Hips,-1.27431536,0.4469082,0.102297537
0.675,False,0,Head,-0.7960087,1.09682739,0.18408525,-0.7960087,1.09682739,0.18408525,-0.8951806,1.34948313,0.246600151,0.0120292194,0.02009907,0.44639492,0.44639492,-0.3657875,Hips,-1.26869607,0.44639492,0.1008774
0.6791667,False,0,Head,-0.8059783,1.09799254,0.184251,-0.8059783,1.09799254,0.184251,-0.897663951,1.33139277,0.240342736,0.0123362662,0.0200123563,0.445980817,0.445980817,-0.3509465,Hips,-1.26237059,0.445980817,0.09925777
0.683333337,False,0,LeftUpperArm,-0.808973253,1.097078,0.180663884,-0.808973253,1.097078,0.180663884,-0.900025249,1.31134009,0.232512951,0.0127903735,0.0199788474,0.445842981,0.445842981,-0.335461855,Hips,-1.25540531,0.445842981,0.097465694
0.6875,False,0,LeftUpperArm,-0.8173954,1.08690608,0.1766826,-0.8173954,1.08690608,0.1766826,-0.9018825,1.289925,0.223106027,0.0134489033,0.0199882053,0.4461926,0.4461926,-0.319343984,Hips,-1.24786651,0.4461926,0.0955290645
0.691666663,False,0.00130844791,LeftUpperArm,-0.8234116,1.0967381,0.1721955,-0.823525369,1.09697044,0.170912877,-0.9028343,1.26780152,0.21229279,0.0141985295,0.0200340059,0.4471957,0.4471957,-0.302605331,Hips,-1.23982084,0.4471957,0.09347639
0.6958333,False,0.00510824937,LeftUpperArm,-0.8377136,1.1112051,0.169156328,-0.838225842,1.11204219,0.164143234,-0.9024459,1.2456944,0.200427532,0.0154484557,0.0201163236,0.449299574,0.449299574,-0.28524828,Hips,-1.231335,0.449299574,0.0913364142
0.7,True,0.007663243,LeftUpperArm,-0.8449229,1.11386335,0.16240184,-0.846247,1.1147542,0.154906616,-0.9002267,1.22439957,0.188049316,0.01593173,0.020246584,0.451896518,0.451896518,-0.267272949,Hips,-1.22247517,0.451896518,0.08913901
0.704166651,False,0.0105142025,LeftUpperArm,-0.859319,1.13400638,0.158198,-0.8585065,1.13664889,0.148053765,-0.894901633,1.20529485,0.175136447,0.0161743723,0.0204158463,0.454607964,0.454607964,-0.248399168,Hips,-1.21292913,0.454607964,0.0867681
0.7083333,False,0.0133055346,LeftUpperArm,-0.8697508,1.15982628,0.15393281,-0.8688312,1.16267073,0.140967444,-0.885666251,1.18855953,0.162048221,0.0158822555,0.0205346867,0.457000524,0.457000524,-0.228519186,Hips,-1.20248508,0.457000524,0.08413067
0.7125,False,0.0196919926,LeftUpperArm,-0.8679003,1.16560137,0.1453704,-0.8713223,1.17207253,0.12708956,-0.872990131,1.17332435,0.149615884,0.0152581744,0.02059441,0.458665967,0.458665967,-0.2078859,Hips,-1.19135976,0.458665967,0.0812932253
0.716666639,False,0.0384218842,LeftUpperArm,-0.857684553,1.1585722,0.138362512,-0.868460357,1.17853677,0.107353821,-0.8576845,1.15857172,0.138362527,0.0141776856,0.0205803141,0.459304184,0.459304184,-0.186754808,Hips,-1.17978585,0.459304184,0.07832282
0.720833361,False,0.06807862,LeftUpperArm,-0.8409748,1.14304113,0.1285362,-0.8709763,1.18124318,0.08083702,-0.8409749,1.14304078,0.1285361,0.0134131033,0.0204758216,0.4589531,0.4589531,-0.1653772,Hips,-1.1683507,0.4589531,0.0753646
0.725,False,0.0995326042,LeftHand,-0.7694299,1.0445987,0.109356582,-0.75481385,1.03845835,0.2076185,-0.8244722,1.12511909,0.120153546,0.013018691,0.0202830844,0.4580709,0.4580709,-0.143998057,Hips,-1.15739691,0.4580709,0.072533384
0.7291667,False,0.103402905,LeftHand,-0.771385,1.05092847,0.106974535,-0.7577356,1.04430783,0.209258556,-0.809985638,1.10271549,0.11307013,0.0126697756,0.0200330075,0.45687288,0.45687288,-0.122853227,Hips,-1.146734,0.45687288,0.0698230863
0.733333349,True,0.10767968,LeftHand,-0.7800911,1.05050206,0.105472125,-0.7628196,1.04664636,0.211687669,-0.799202561,1.07315445,0.106958985,0.0120519986,0.0197870918,0.455129772,0.455129772,-0.10216742,Hips,-1.136627,0.455129772,0.06733409
0.7375,False,0.117406771,LeftHand,-0.7767403,1.04799056,0.0970638,-0.76425153,1.05082107,0.213770136,-0.7838954,1.0551393,0.09593201,0.0111432662,0.01967294,0.4525323,0.4525323,-0.08203,Hips,-1.12681031,0.4525323,0.06493076
0.7416667,False,0.133608028,LeftHand,-0.760436356,1.03140366,0.0844746754,-0.758713663,1.053411,0.216246516,-0.7677492,1.03837252,0.08323634,0.0103226732,0.0197994281,0.449176818,0.449176818,-0.06227412,Hips,-1.11694908,0.449176818,0.0624708869
0.745833337,False,0.153433934,LeftHand,-0.753253758,1.016476,0.07110592,-0.7579388,1.05560374,0.21939294,-0.7532538,1.016476,0.07110596,0.009998161,0.0200569462,0.4454334,0.4454334,-0.04272433,Hips,-1.10717833,0.4454334,0.0600391179
0.75,False,0.162980467,LeftUpperArm,-0.7381693,0.974752963,0.05804772,-0.8977607,0.9502456,0.0358527154,-0.7396177,0.991433859,0.05955589,0.0103312042,0.0203148,0.4415958,0.4415958,-0.0231997278,Hips,-1.097636,0.4415958,0.05772168
0.754166663,False,0.169758737,LeftUpperArm,-0.725380063,0.9541827,0.0477553122,-0.893689752,0.9379481,0.03271148,-0.7263237,0.9650936,0.0487574339,0.0104938876,0.0204601046,0.437425375,0.437425375,-0.0035183283,Hips,-1.08846319,0.437425375,0.0556075573
0.7583333,False,0.177865371,LeftUpperArm,-0.7132137,0.939095557,0.0390355028,-0.890103459,0.9225524,0.0305256043,-0.713213563,0.939095557,0.03903544,0.0105894841,0.0204049367,0.4329353,0.4329353,0.01650263,Hips,-1.07980263,0.4329353,0.05378945
0.7625,False,0.188493863,LeftUpperArm,-0.700497746,0.9148036,0.0307899415,-0.888727367,0.924005,0.0269319043,-0.700497746,0.9148038,0.0307898521,0.0106266178,0.0200841762,0.4284271,0.4284271,0.0370468535,Hips,-1.07180345,0.4284271,0.0523644947
0.766666651,True,0.2001415,UpperChest,-0.6886887,0.8932583,0.0243394636,-0.8882197,0.9068762,0.0166879967,-0.6886889,0.8932582,0.0243393183,0.0111425482,0.019468667,0.424811631,0.424811631,0.0583003722,Hips,-1.06460333,0.424811631,0.05143572
0.7708333,False,0.212746441,UpperChest,-0.6788339,0.870785356,0.0183152054,-0.887927,0.9092608,0.0105199255,-0.6788341,0.8707855,0.0183150768,0.0117032249,0.0187771637,0.4219514,0.4219514,0.08109635,Hips,-1.05812132,0.4219514,0.05109103
0.775,False,0.2204236,Chest,-0.671142459,0.843191862,0.01118385,-0.889149666,0.8149191,-0.00494284462,-0.6711427,0.8431919,0.0111839771,0.0117199775,0.018290421,0.41896078,0.41896078,0.105618089,Hips,-1.052199,0.41896078,0.0512963869
0.779166639,False,0.218032122,Chest,-0.664907634,0.810853839,0.002754828,-0.87930423,0.771206737,0.00322094583,-0.6649076,0.810853958,0.00275468826,0.0113666989,0.0180210564,0.41557616,0.41557616,0.131076232,Hips,-1.04687238,0.41557616,0.0519704632
0.783333361,False,0.211378276,Spine,-0.659327,0.7747042,-0.00707209948,-0.8653354,0.727377832,-0.008301606,-0.659327149,0.774704039,-0.00707221031,0.0107158218,0.0179884,0.411614835,0.411614835,0.156670049,Hips,-1.04217267,0.411614835,0.05302603
0.7875,False,0.203444913,Spine,-0.6536424,0.7362146,-0.0180805475,-0.851581752,0.6892231,-0.01679544,-0.653642654,0.736214757,-0.0180807114,0.01152854,0.01818565,0.408559173,0.408559173,0.181601807,Hips,-1.03809321,0.408559173,0.05441724
0.7916667,False,0.197640941,Spine,-0.6472967,0.697289467,-0.02960168,-0.8423508,0.6678122,-0.01747948,-0.647296667,0.6972895,-0.0296016932,0.0184674375,0.0185167827,0.4106834,0.4106834,0.205078557,Hips,-1.03447032,0.4106834,0.0560831539
0.795833349,False,0.1961491,Hips,-0.6400485,0.660127,-0.04046908,-0.8347941,0.6390371,-0.0302790813,-0.6400486,0.660127044,-0.04046905,0.0175047833,0.018845452,0.4136412,0.4136412,0.226323426,Hips,-1.03153133,0.4136412,0.05781224
0.8,True,0.199207112,Hips,-0.632009566,0.627060533,-0.0490605459,-0.830972731,0.6229671,-0.0400950126,-0.6320095,0.6270606,-0.0490604639,0.0163681377,0.0190121252,0.415611356,0.415611356,0.244576812,Hips,-1.029266,0.415611356,0.0594944954
0.8041667,False,0.2051194,Hips,-0.6237787,0.5980223,-0.054941982,-0.8275334,0.616165161,-0.03981529,-0.6237786,0.598022044,-0.05494213,0.01528066,0.0189597569,0.41661346,0.41661346,0.2607654,Hips,-1.0276624,0.41661346,0.0613051541
0.808333337,False,0.212775722,Hips,-0.61579895,0.571043551,-0.05979249,-0.8261401,0.5945679,-0.0379588231,-0.6157992,0.5710435,-0.05979252,0.01356524,0.01882176,0.41598025,0.41598025,0.276041985,Hips,-1.02669668,0.41598025,0.06342092
0.8125,False,0.22157523,Hips,-0.6081368,0.545875251,-0.06457317,-0.824174345,0.586197734,-0.036333967,-0.6081368,0.5458753,-0.06457293,0.011456674,0.0186769888,0.4133049,0.4133049,0.290002316,Hips,-1.02633715,0.4133049,0.0657326
0.816666663,False,0.23072432,Hips,-0.600819468,0.5225299,-0.0698526353,-0.8243825,0.566885352,-0.0339933969,-0.6008196,0.52252984,-0.06985259,0.009826702,0.0185728446,0.409051538,0.409051538,0.3022438,Hips,-1.02655518,0.409051538,0.06813262
0.8208333,False,0.240189061,Hips,-0.593867958,0.501182437,-0.07581609,-0.825820446,0.5533046,-0.0415800139,-0.5938678,0.5011824,-0.0758160353,0.0102731753,0.0185320824,0.4046205,0.4046205,0.3123734,Hips,-1.0001657,0.4046205,-0.00329830684
0.825,False,0.2495651,Hips,-0.5872962,0.482071251,-0.08230722,-0.82792896,0.5392914,-0.04907377,-0.587296,0.482071221,-0.08230722,0.0118406452,0.0185565222,0.398959577,0.398959577,0.319997638,Hips,-1.0009979,0.398959577,-0.00106230378
0.829166651,False,0.258450419,Hips,-0.5811092,0.465418547,-0.08891179,-0.8301745,0.5253276,-0.0546480864,-0.581109047,0.465418369,-0.08891189,0.0129627679,0.0186303463,0.391901284,0.391901284,0.324723542,Hips,-1.00245452,0.391901284,0.0008935686
0.8333333,True,0.266962349,Hips,-0.5752907,0.4514053,-0.0951423645,-0.8316731,0.5143931,-0.05552553,-0.5752907,0.4514054,-0.09514248,0.0133657837,0.0187538788,0.383988142,0.380784363,0.3261531,RightIndexIntermediate,-1.41158092,0.380784363,-0.3768671
0.8375,False,0.274093539,Hips,-0.570646167,0.44160673,-0.09956831,-0.8334969,0.504990041,-0.05463161,-0.570646048,0.4416067,-0.09956825,0.0129026342,0.0188749563,0.375910878,0.370354146,0.3237357,RightIndexIntermediate,-1.41162622,0.370354146,-0.374011755
0.841666639,False,0.278979361,Hips,-0.5678039,0.436793238,-0.101288557,-0.8349413,0.501892447,-0.0540742725,-0.5678036,0.436793357,-0.101288438,0.0119907185,0.01894562,0.368397,0.362242252,0.317638725,RightIndexIntermediate,-1.41098642,0.362242252,-0.372935027
0.845833361,False,0.28208,Hips,-0.566379845,0.43582803,-0.100726366,-0.835999966,0.504202962,-0.0538331568,-0.56638,0.43582803,-0.100726247,0.01111518,0.018970646,0.361855149,0.356550872,0.3085276,RightIndexIntermediate,-1.40981591,0.356550872,-0.373335928
0.85,False,0.284063339,Hips,-0.565906942,0.4375485,-0.09845229,-0.8388559,0.5022245,-0.0536432862,-0.5659071,0.4375486,-0.09845221,0.0104382671,0.0189572033,0.356232643,0.352841258,0.297062218,RightIndexDistal,-1.38981986,0.352841258,-0.372236967
0.8541667,False,0.285912365,Hips,-0.565870166,0.440771729,-0.09510368,-0.840940952,0.5033519,-0.04856693,-0.565870047,0.4407717,-0.09510362,0.0100708865,0.018914314,0.3513397,0.35064134,0.283905834,RightIndexDistal,-1.38795209,0.35064134,-0.374509275
0.858333349,False,0.287935019,Hips,-0.5657354,0.444303751,-0.0913298354,-0.842950165,0.506237268,-0.04418344,-0.565735459,0.44430387,-0.09132981,0.009991788,0.0188554488,0.346872747,0.346872747,0.269725859,Hips,-1.03162682,0.346872747,0.00677501224
0.8625,False,0.291124821,Hips,-0.564959049,0.446933925,-0.08777084,-0.847082555,0.5001421,-0.0395122729,-0.564959049,0.446933866,-0.0877707,0.0101972837,0.0187968314,0.342404634,0.342404634,0.255195677,Hips,-1.0375191,0.342404634,0.00720208231
0.8666667,True,0.296099365,Hips,-0.5629828,0.4474436,-0.08505384,-0.848382831,0.5041204,-0.0301958248,-0.562982559,0.447443664,-0.0850538,0.0108053628,0.01875835,0.337613732,0.337613732,0.2409955,Hips,-1.04346991,0.337613732,0.007650283
0.9,True,0.367987037,Hips,-0.529002,0.434917271,-0.0605068579,-0.890181541,0.498337,-0.0298190769,-0.5290021,0.4349172,-0.06050682,0.0131978188,0.0187704824,0.318984419,0.318984419,0.105505139,Hips,-1.09996915,0.318984419,0.01077554
0.933333337,True,0.461424023,Hips,-0.477299035,0.4125955,-0.03143379,-0.931025147,0.49179244,-0.00363844354,-0.477298975,0.41259563,-0.03143382,0.0110729337,0.0187876988,0.308379233,0.308379233,-0.04973888,Hips,-1.15578711,0.308379233,0.01253579
0.966666639,True,0.4961101,LeftHand,-0.413093239,0.381594181,-0.00727006653,-0.766326845,0.481588632,0.326424956,-0.413092971,0.381594241,-0.00726997852,0.01000163,0.0188094117,0.2989261,0.2989261,-0.197198838,Hips,-1.19337046,0.2989261,0.0136094708
1,True,0.418031216,LeftHand,-0.344158471,0.3464674,0.006051085,-0.6516684,0.382907331,0.286871076,-0.3441584,0.3464676,0.00605118275,0.0119111845,0.0188328736,0.292756021,0.292756021,-0.3465402,Hips,-1.20906925,0.292756021,0.0146272518
1.0333333,True,0.34754923,LeftHand,-0.280705154,0.3138968,0.008182913,-0.544783235,0.280913323,0.231712177,-0.280704975,0.313896954,0.008182883,0.0132222325,0.01885407,0.285737872,0.229812,-0.5083149,LeftRingDistal,-0.5538852,0.229812,0.312801152
1.0375,False,0.337502927,LeftHand,-0.2738439,0.310435623,0.007966775,-0.5291279,0.270986378,0.225181118,-0.273843884,0.310435653,0.007966757,0.0131264077,0.018872397,0.285022259,0.220158055,-0.5280166,LeftRingDistal,-0.535436153,0.220158055,0.3067529
1.04166663,False,0.329953849,LeftHand,-0.267164379,0.307032973,0.00760484627,-0.51637423,0.259628028,0.2185948,-0.267164469,0.307033122,0.00760483742,0.013180295,0.0188819747,0.284527719,0.209096983,-0.5477624,LeftRingDistal,-0.519441962,0.209096983,0.300643027
1.04583335,False,0.324650377,LeftHand,-0.260725021,0.303738832,0.007125104,-0.504803836,0.246637046,0.213432625,-0.260725379,0.303738564,0.00712502,0.0132223032,0.0188849,0.284110785,0.196842209,-0.567394853,LeftRingDistal,-0.506144,0.196842209,0.294460744
1.05,False,0.32114166,LeftHand,-0.254585952,0.3006011,0.00655928673,-0.493426174,0.2323852,0.2101125,-0.25458622,0.300601065,0.00655925274,0.0132316984,0.0188833829,0.2837748,0.183789983,-0.5867578,LeftRingDistal,-0.4950315,0.183789983,0.288292259
1.05416667,False,0.317899466,LeftHand,-0.248809367,0.2976666,0.00594147,-0.451137662,0.207563281,0.233986914,-0.248809576,0.297666579,0.005941391,0.0131966844,0.0188789666,0.2835375,0.17036733,-0.6057023,LeftRingDistal,-0.48558408,0.17036733,0.282179147
1.05833328,False,0.315683842,LeftHand,-0.24345535,0.294977933,0.00530831842,-0.4444431,0.194631547,0.227098346,-0.243455529,0.294978052,0.005308509,0.0131095406,0.018873943,0.283425421,0.157007217,-0.624086142,LeftRingDistal,-0.4778682,0.157007217,0.275706083
1.0625,False,0.313957959,LeftHand,-0.238585517,0.292576164,0.00469953567,-0.4368602,0.184733883,0.222935185,-0.23858583,0.292576134,0.004699588,0.0129625313,0.0188701637,0.283469647,0.144148,-0.64177686,LeftRingDistal,-0.4701639,0.144148,0.2697298
1.06666672,True,0.3118985,LeftHand,-0.234260976,0.29050082,0.00415573,-0.429566324,0.17547822,0.2184133,-0.234261155,0.290500671,0.004155636,0.0127550345,0.0188692529,0.2837082,0.132225513,-0.6586578,LeftRingDistal,-0.462509781,0.132225513,0.263775915
1.07083333,False,0.3092195,LeftHand,-0.229823634,0.287601948,0.00421623234,-0.42379868,0.165141553,0.211565778,-0.229823709,0.287602037,0.004216194,0.0114299478,0.0188945532,0.284659028,0.12135496,-0.6749031,LeftRingDistal,-0.455095232,0.12135496,0.2576314
1.075,False,0.30581826,LeftHand,-0.2249032,0.283362925,0.00515359873,-0.418839574,0.156414956,0.204647213,-0.224903345,0.283363,0.00515341759,0.0106057227,0.0189525019,0.2873909,0.112102464,-0.690714955,LeftRingDistal,-0.4485092,0.112102464,0.25134024
1.07916665,False,0.302250445,LeftHand,-0.220016226,0.278751135,0.006563,-0.4116034,0.146109521,0.199062064,-0.22001636,0.278751075,0.00656306744,0.0107197277,0.0190222133,0.291185319,0.1039626,-0.7060134,LeftRingDistal,-0.44307366,0.1039626,0.2445456
1.08333337,False,0.299148858,LeftHand,-0.215714455,0.2746965,0.007963425,-0.402563035,0.1342154,0.194625437,-0.215714574,0.2746966,0.0079633,0.0108192638,0.01908523,0.295117259,0.09619406,-0.720728457,LeftRingDistal,-0.43804574,0.09619406,0.2386793
1.0875,False,0.296956748,LeftHand,-0.212592244,0.272095084,0.008798034,-0.398076057,0.126355276,0.189183652,-0.212592125,0.272095,0.008798122,0.010901859,0.01912148,0.2992078,0.0889624953,-0.7347916,LeftRingDistal,-0.4337191,0.0889624953,0.233319491
1.0916667,False,0.296171159,LeftHand,-0.211264446,0.271808982,0.00843870547,-0.3955897,0.120353758,0.183946177,-0.21126461,0.271808833,0.008438706,0.0109650288,0.0191129055,0.303476572,0.08241757,-0.748144865,LeftRingDistal,-0.430022746,0.08241757,0.2286062
1.0958333,False,0.2972309,LeftHand,-0.212336585,0.274699271,0.0062079276,-0.393583953,0.115175106,0.179550484,-0.212336421,0.2746993,0.00620782375,0.01102095,0.0190379322,0.307505071,0.07673734,-0.760736,LeftRingDistal,-0.42688337,0.07673734,0.224653408
1.1,True,0.300759673,LeftHand,-0.216354758,0.281658351,0.001410093,-0.3925528,0.111524932,0.17595309,-0.216354728,0.281658351,0.00141012669,0.011131322,0.0188778862,0.310460865,0.07220608,-0.772520661,LeftRingDistal,-0.424244523,0.07220608,0.221574619
1.10416663,False,0.306701154,LeftHand,-0.222802132,0.292259037,-0.00565143256,-0.3994857,0.114816152,0.171443313,-0.222802162,0.292258978,-0.005651474,0.0112719927,0.0186645966,0.313572615,0.06922195,-0.78350836,LeftRingDistal,-0.422160834,0.06922195,0.219512835
1.10833335,False,0.314587027,LeftHand,-0.23081626,0.305513382,-0.0142465075,-0.401047,0.115340725,0.169657946,-0.230816364,0.3055132,-0.0142464638,0.0113472808,0.0184321813,0.316710949,0.0679443851,-0.7937966,LeftRingDistal,-0.4207019,0.0679443851,0.2184039
1.1125,False,0.301175952,Head,-0.239105985,0.3225303,-0.0250702314,-0.4428734,0.5386321,-0.07492814,-0.240304589,0.321549118,-0.0244238377,0.0113564376,0.0181675386,0.3198363,0.06839652,-0.8034666,LeftRingDistal,-0.419837326,0.06839652,0.218079552
1.11666667,False,0.263522625,Head,-0.251122981,0.340511441,-0.036239516,-0.437161118,0.522992,-0.07541633,-0.251122952,0.34051156,-0.0362393856,0.0113107488,0.0178566016,0.3229233,0.07047491,-0.8125961,LeftRingDistal,-0.419487625,0.07047491,0.218342751
1.12083328,False,0.224072233,Head,-0.263066828,0.362541825,-0.0497736149,-0.431821644,0.5076338,-0.07582149,-0.263066769,0.3625418,-0.0497735739,0.0111923832,0.0174855944,0.325926244,0.07382527,-0.821253359,LeftRingDistal,-0.41952616,0.07382527,0.218971565
1.125,False,0.176574484,Head,-0.267939866,0.393187642,-0.06854469,-0.337444156,0.5554019,-0.07439548,-0.275868058,0.387782723,-0.06515229,0.011007905,0.0170409735,0.328824431,0.07784475,-0.829504,LeftRingDistal,-0.419777572,0.07784475,0.219697535
1.12916672,False,0.124386005,Head,-0.2809866,0.42149362,-0.08572222,-0.327104568,0.5368285,-0.07917455,-0.2891749,0.416343451,-0.08255911,0.0108357882,0.0165080857,0.33167693,0.0817534849,-0.8374041,LeftRingDistal,-0.420051932,0.0817534849,0.220267922
1.13333333,True,0.0720249,Head,-0.294083238,0.4531563,-0.105155624,-0.3224914,0.5177878,-0.0908963159,-0.3025458,0.44830358,-0.102255225,0.0108785462,0.0158737134,0.3346683,0.0847214162,-0.84500736,LeftRingDistal,-0.420164824,0.0847214162,0.220437914
1.1375,False,0.0260897316,Head,-0.3148582,0.4852468,-0.125563279,-0.321074426,0.505840659,-0.110800967,-0.315659881,0.48483488,-0.125326276,0.0107734753,0.0151400361,0.3377943,0.08661591,-0.852250636,LeftRingDistal,-0.4201124,0.08661591,0.220351353
1.14166665,False,0,Head,-0.2913486,0.5293977,-0.168912128,-0.2913486,0.5293977,-0.168912128,-0.327633739,0.526519358,-0.152025819,0.0106087532,0.0143254008,0.34090656,0.087912105,-0.8590863,LeftRingDistal,-0.419997334,0.087912105,0.220302656
1.14583337,False,0,Head,-0.263105661,0.5737761,-0.204822823,-0.263105661,0.5737761,-0.204822823,-0.337266445,0.5724307,-0.18134892,0.01041379,0.0134422751,0.343951553,0.0886301547,-0.865576267,LeftRingDistal,-0.419832647,0.0886301547,0.220284119
1.15,False,0,Head,-0.3333953,0.6243348,-0.2141832,-0.3333953,0.6243348,-0.2141832,-0.343655229,0.6215161,-0.212182045,0.0101973973,0.0125021171,0.3468822,0.08883748,-0.8717762,LeftRingDistal,-0.41963616,0.08883748,0.220284
1.1541667,False,0.0509419665,Head,-0.346283,0.6726466,-0.243346959,-0.364114285,0.640294433,-0.20826894,-0.3462832,0.6726466,-0.243346989,0.0100213708,0.0115827713,0.349713653,0.08868601,-0.8777369,LeftRingDistal,-0.41943118,0.08868601,0.22029078
1.1583333,False,0.113893926,Head,-0.3353916,0.722003639,-0.271870047,-0.360996664,0.6309339,-0.208446816,-0.3450632,0.7246314,-0.2736405,0.0100277206,0.0110403569,0.352547556,0.0884290561,-0.883503735,LeftRingDistal,-0.4192383,0.0884290561,0.22029911
1.1625,False,0.178263173,Head,-0.330920964,0.7730773,-0.2997848,-0.363916665,0.62988025,-0.198870763,-0.340338945,0.7762898,-0.301919281,0.010213525,0.0110097071,0.3553505,0.0881978944,-0.8891167,LeftRingDistal,-0.4190665,0.0881978944,0.220304534
1.16666663,True,0.240604714,Head,-0.295380563,0.8167,-0.322552025,-0.346485138,0.622063,-0.190660432,-0.332862139,0.826470733,-0.327133656,0.0104432618,0.0107675213,0.357963622,0.0879974,-0.8946084,LeftRingDistal,-0.418919861,0.0879974,0.220312685
1.17083335,False,0.299308181,Head,-0.249812573,0.854021966,-0.340131432,-0.3336528,0.6064792,-0.194258913,-0.3227234,0.8758878,-0.349913418,0.0106776562,0.0104934759,0.3604033,0.08767455,-0.8999277,LeftRingDistal,-0.418810785,0.08767455,0.220370039
1.175,False,0.3557022,Head,-0.202355415,0.887719452,-0.353121549,-0.3213472,0.5906686,-0.197796732,-0.309193373,0.9255203,-0.3709767,0.0109090079,0.0103932172,0.3627153,0.08704149,-0.9050266,LeftRingDistal,-0.4187532,0.08704149,0.2204841
1.17916667,False,0.409267247,Head,-0.147255316,0.9152293,-0.359723479,-0.3097039,0.574661434,-0.201219037,-0.2926265,0.9749085,-0.3902142,0.0111052468,0.0105287023,0.3645105,0.08612743,-0.9099406,LeftRingDistal,-0.418747932,0.08612743,0.220613644
1.18333328,False,0.4588691,Head,-0.0850383341,0.9337966,-0.359678566,-0.295885682,0.5600527,-0.197137,-0.2733003,1.02352309,-0.4073261,0.0112681538,0.0108890906,0.3647155,0.08499136,-0.914701164,LeftRingDistal,-0.41878897,0.08499136,0.220727488
1.1875,False,0.5022688,Head,-0.0153443664,0.940759,-0.35178715,-0.2762137,0.5483726,-0.177850127,-0.25159657,1.070856,-0.422094762,0.0113919321,0.0114594512,0.3647692,0.0836925954,-0.9193319,LeftRingDistal,-0.418865144,0.0836925954,0.220803857
1.19166672,False,0.5403653,Head,0.0431086458,0.9442731,-0.3424862,-0.26657325,0.5319927,-0.180879846,-0.227980733,1.11644638,-0.434391379,0.0114850271,0.01221767,0.364688754,0.08229007,-0.9238539,LeftRingDistal,-0.418958455,0.08229007,0.220833048
1.19583333,False,0.573383749,Head,0.09764508,0.9411353,-0.329637855,-0.2579559,0.5156912,-0.1836439,-0.20299685,1.1598742,-0.444182277,0.01154469,0.0125511279,0.3644862,0.08083207,-0.928282,LeftRingDistal,-0.41904524,0.08083207,0.220813945
1.2,True,0.600563347,Head,0.162885338,0.920063436,-0.3055609,-0.239802018,0.4997665,-0.157676876,-0.177234292,1.20079255,-0.4515251,0.0115702609,0.0112234084,0.364176154,0.07936374,-0.9326268,LeftRingDistal,-0.419095844,0.07936374,0.220750421
1.23333323,False,0.668589354,Head,0.297771722,0.82928884,-0.220413521,-0.2158755,0.4114468,-0.1277512,0.0486378074,1.44453239,-0.44265005,0.0113879535,0.0117107965,0.354857028,0.06630582,-0.962146,LeftRingDistal,-0.4234143,0.06630582,0.222683445
1.23333335,True,0.6685893,Head,0.297771156,0.8292891,-0.220413357,-0.215876192,0.411447316,-0.127750963,0.048639,1.44453359,-0.442649722,0.0113879731,0.0117106829,0.354856879,0.0663057044,-0.9621464,LeftRingDistal,-0.423413843,0.0663057044,0.222683325
1.2375,False,0.673104942,Head,0.292379737,0.8337885,-0.218848169,-0.215084627,0.401136726,-0.127401,0.08232027,1.46442735,-0.438281119,0.0112501895,0.0117140431,0.350677848,0.0584238879,-0.965543032,RightIndexDistal,-0.516396165,0.0584238879,-0.5599054
1.24166667,False,0.6780322,Head,0.286686629,0.8379482,-0.217241287,-0.213056579,0.388470769,-0.12805362,0.117032826,1.48172176,-0.4334689,0.0110896509,0.0116916858,0.346418321,0.050890103,-0.968802452,RightIndexDistal,-0.518069863,0.050890103,-0.55915153
1.24583328,False,0.6828617,Head,0.280770659,0.8417596,-0.215602785,-0.224884972,0.392528355,-0.121774673,0.152476668,1.49615014,-0.428429127,0.0109113092,0.0116490535,0.342142165,0.045816388,-0.971846759,RightIndexDistal,-0.5194018,0.045816388,-0.5589193
1.25,False,0.6874771,Head,0.274706662,0.845219433,-0.213941336,-0.22373721,0.3807239,-0.12216799,0.188325286,1.50753057,-0.4233777,0.0107239448,0.011583006,0.337701559,0.0439989977,-0.9746099,RightIndexDistal,-0.519799352,0.0439989977,-0.5591835
1.25416672,False,0.692111552,Head,0.270310432,0.8439332,-0.224132374,-0.22597155,0.3706939,-0.130499333,0.224220872,1.51577115,-0.418503731,0.0105392076,0.0114996284,0.3332208,0.045493003,-0.977039,RightIndexDistal,-0.5189472,0.045493003,-0.5598252
1.25833333,False,0.696565747,Head,0.263880461,0.846648633,-0.222460434,-0.228061587,0.360915571,-0.13725327,0.259796739,1.52086866,-0.4139841,0.0103821829,0.0114193773,0.328894019,0.0495422781,-0.979095638,RightIndexDistal,-0.5169495,0.0495422781,-0.5606318
1.2625,False,0.700904965,Head,0.2575098,0.8490365,-0.220781788,-0.236345515,0.358154744,-0.1407208,0.294644356,1.52288127,-0.41005677,0.010270074,0.0113374451,0.323040068,0.0546427965,-0.9807562,RightIndexDistal,-0.514349639,0.0546427965,-0.5614093
1.26666665,True,0.70473063,Head,0.251274347,0.851106644,-0.219099343,-0.2475468,0.3589269,-0.144387573,0.328383565,1.52196884,-0.406899452,0.0102174953,0.0112826312,0.3153794,0.0557818338,-0.9820113,Head,-0.2597041,0.0557818338,-0.1161233
1.27083337,False,0.7083889,Head,0.245055333,0.85280174,-0.217548564,-0.24794735,0.349508882,-0.143660352,0.360868454,1.51827228,-0.404650122,0.0101614762,0.011252936,0.307642758,0.04638988,-0.9829077,Head,-0.2619662,0.04638988,-0.11598444
1.275,False,0.7120233,Head,0.23870185,0.8541248,-0.216184825,-0.248880953,0.340472132,-0.142692223,0.3921136,1.51193476,-0.403326,0.0101364143,0.0112159951,0.29971692,0.0373134725,-0.983423352,Head,-0.263802677,0.0373134725,-0.115938589
1.2791667,False,0.715502858,Head,0.232243463,0.8551734,-0.214888349,-0.250267953,0.3319662,-0.141530812,0.422030151,1.50317168,-0.402903825,0.0102277556,0.0111713493,0.291865677,0.0287107937,-0.9834848,Head,-0.265319049,0.0287107937,-0.115972131
1.2833333,False,0.718274236,Head,0.225715235,0.85603565,-0.213539645,-0.252020657,0.324706137,-0.14022328,0.450538069,1.49219215,-0.403357,0.0110941939,0.0111191235,0.284917116,0.0213138219,-0.983058631,Head,-0.266615659,0.0213138219,-0.116062976
1.2875,False,0.718551,Head,0.2191552,0.856792748,-0.212017909,-0.254039168,0.3210282,-0.138813168,0.477585346,1.47918856,-0.404652268,0.015027795,0.0110610425,0.2813195,0.01747865,-0.9821524,Head,-0.267783016,0.01747865,-0.116177492
1.29166663,False,0.7164943,Head,0.212607428,0.857517,-0.2102038,-0.2562081,0.3206117,-0.137341768,0.503124356,1.46434307,-0.406755984,0.0169037469,0.0109953051,0.280862451,0.0169037469,-0.980813265,Head,-0.268898457,0.0169037469,-0.116269149
1.29583335,False,0.714539468,Head,0.206117108,0.8582756,-0.207977474,-0.258402526,0.320144445,-0.135845259,0.527128458,1.44781554,-0.4096327,0.0162934177,0.0109245284,0.280344248,0.0162934177,-0.9791245,Head,-0.270031631,0.0162934177,-0.11627654
1.3,True,0.712592661,Head,0.199734747,0.859133,-0.2052227,-0.2604829,0.319720328,-0.134356678,0.549572,1.42975485,-0.413250238,0.01575408,0.0108503,0.279967368,0.01575408,-0.977201939,Head,-0.271238685,0.01575408,-0.116124295
1.30416667,False,0.71081394,Head,0.193625331,0.8601407,-0.201803863,-0.262519151,0.319375038,-0.132802755,0.570369959,1.41033,-0.417733133,0.0153108938,0.0107825892,0.279678226,0.0153108938,-0.975104,Head,-0.2724282,0.0153108938,-0.115760259
1.30833328,False,0.709344566,Head,0.187813252,0.8612807,-0.197775856,-0.264649719,0.319058627,-0.131125644,0.589367151,1.38967776,-0.423212737,0.0148992995,0.0107197054,0.279274523,0.0148992995,-0.9728334,Head,-0.2734756,0.0148992995,-0.115225509
1.3125,False,0.7080553,Head,0.182144463,0.8625214,-0.193308428,-0.266829669,0.318758816,-0.129380256,0.6064278,1.36788893,-0.429651976,0.01442333,0.0106625622,0.278760433,0.01442333,-0.9704451,Head,-0.291667372,0.01442333,-0.106897525
1.31666672,False,0.7068297,Head,0.1764647,0.863827,-0.188563511,-0.2690096,0.318440259,-0.127619028,0.6214267,1.34503043,-0.437003672,0.0139127318,0.0106118619,0.278117567,0.0139127318,-0.968003452,Head,-0.292488754,0.0139127318,-0.106306508
1.32083333,False,0.705525041,Head,0.170623854,0.865156,-0.183697447,-0.271138847,0.3181002,-0.125893489,0.6342535,1.3211571,-0.445195675,0.0133882714,0.01056953,0.2772501,0.0133882714,-0.9655772,Head,-0.293171018,0.0133882714,-0.1057018
1.325,False,0.703828454,Neck,0.164472789,0.866456449,-0.1788562,-0.4036749,0.453504652,-0.133539855,0.6448209,1.29628873,-0.4541391,0.0128532276,0.0105382865,0.276266247,0.0128532276,-0.963240147,Head,-0.2937166,0.0128532276,-0.105128869
1.32916665,False,0.7012495,Neck,0.15786317,0.867668569,-0.174176723,-0.404933184,0.451258242,-0.134007514,0.653059,1.27043247,-0.463716447,0.0123024154,0.0105170486,0.275217652,0.0123024154,-0.961069047,Head,-0.2941255,0.0123024154,-0.10463129
1.33333337,True,0.6980576,Neck,0.150644317,0.86872524,-0.1697869,-0.4089018,0.4528755,-0.134269416,0.658915639,1.24357474,-0.4737916,0.0117068756,0.0104881562,0.274098426,0.0117068756,-0.959139645,Head,-0.2944016,0.0117068756,-0.104250684
1.3375,False,0.694076955,Neck,0.142817512,0.8697065,-0.165519416,-0.415444732,0.4584702,-0.1343617,0.662298858,1.21578157,-0.4843325,0.0111173708,0.01043683,0.272967279,0.0111173708,-0.9575442,Head,-0.294522941,0.0111173708,-0.103936628
1.3416667,False,0.689588845,Neck,0.134545952,0.8707281,-0.161143616,-0.416314751,0.456893444,-0.132400021,0.66313386,1.18722725,-0.495349944,0.0106034158,0.010375509,0.2718754,0.0106034158,-0.9563139,Head,-0.2944648,0.0106034158,-0.103610128
1.3458333,False,0.6847098,Neck,0.12591581,0.8717754,-0.1566886,-0.416933268,0.455573052,-0.126390547,0.6614268,1.15806913,-0.5067377,0.0101750288,0.0103057669,0.270816833,0.0101750288,-0.9554186,Head,-0.294227183,0.0101750288,-0.103276052
1.35,False,0.6794577,Neck,0.117010117,0.8728336,-0.152188167,-0.4175552,0.454593331,-0.120918363,0.657216251,1.12848961,-0.5183681,0.00997160748,0.0102317436,0.269913435,0.00997160748,-0.9548205,Head,-0.2938133,0.00997160748,-0.1029405
1.35416663,False,0.6733766,Neck,0.107907265,0.873885751,-0.1476802,-0.4189171,0.4700664,-0.03444549,0.6505748,1.09868407,-0.5301043,0.010135618,0.0101568494,0.2692909,0.010135618,-0.9544711,Head,-0.2932279,0.010135618,-0.102612376
1.35833335,False,0.6669658,Neck,0.0986838862,0.8749125,-0.143209368,-0.4207082,0.471603781,-0.0317765251,0.6416167,1.0688616,-0.541805148,0.01046101,0.010083898,0.26872462,0.01046101,-0.9543179,Head,-0.2924771,0.01046101,-0.102302819
1.3625,False,0.6607175,Neck,0.0894121155,0.875892639,-0.1388269,-0.421686172,0.471078128,-0.03181564,0.6304989,1.03923988,-0.5533309,0.0106171826,0.0100227268,0.267988235,0.0106171826,-0.954304457,Head,-0.3253411,0.0106171826,-0.0892390162
1.36666667,True,0.65466857,Neck,0.08015856,0.8768001,-0.134589672,-0.422755629,0.470461726,-0.0318405367,0.617418945,1.01002622,-0.564558,0.0107095707,0.009996506,0.2671331,0.0107095707,-0.9543731,Head,-0.3243419,0.0107095707,-0.08916407
1.37083328,False,0.6486302,Neck,0.07075043,0.877681255,-0.130456015,-0.4239403,0.469912827,-0.0318299234,0.6022551,0.981245041,-0.575482,0.0109774079,0.010031525,0.266297966,0.0109774079,-0.954602838,Head,-0.3231305,0.0109774079,-0.08913893
1.375,False,0.642549634,Neck,0.0610517822,0.8786033,-0.126332164,-0.425239563,0.469400972,-0.0317582451,0.584872246,0.9528931,-0.586075544,0.0113793667,0.0101068253,0.2654362,0.0113793667,-0.955081,Head,-0.321678,0.0113793667,-0.08914589
1.37916672,False,0.636618257,UpperChest,0.0511907227,0.8795685,-0.1222147,-0.4271151,0.469312727,-0.0316801965,0.5655255,0.9251496,-0.5961902,0.01173013,0.0101900063,0.2643934,0.01173013,-0.9557599,Head,-0.320042074,0.01173013,-0.08917193
1.38333333,False,0.63089633,UpperChest,0.0412923731,0.88056916,-0.118107535,-0.4310206,0.47131443,-0.0317293033,0.5445012,0.8981602,-0.605695248,0.0120148184,0.0102796555,0.263186,0.0120148184,-0.9565936,Head,-0.318275779,0.0120148184,-0.0892037
1.3875,False,0.6254394,UpperChest,0.0314831547,0.8815881,-0.114027075,-0.434837639,0.472998559,-0.03172296,0.5221232,0.87204504,-0.614478946,0.0122300852,0.0103712641,0.261844,0.0122300852,-0.9575343,Head,-0.316434443,0.0122300852,-0.08922887
1.39166665,False,0.6201785,UpperChest,0.0217406563,0.882616162,-0.109835587,-0.438621074,0.474473834,-0.0316799246,0.4986645,0.8462316,-0.6221739,0.0123747438,0.0104543529,0.260400385,0.0123747438,-0.958537,Head,-0.3145714,0.0123747438,-0.08923778
1.39583337,False,0.615184069,UpperChest,0.0122157019,0.8836241,-0.105583444,-0.441348553,0.47466442,-0.0315367877,0.474470824,0.820875168,-0.628702462,0.0124462228,0.0105343126,0.2588878,0.0124462228,-0.9595587,Head,-0.3127378,0.0124462228,-0.08922089
1.4,True,0.6106096,UpperChest,0.003182753,0.8845449,-0.101474665,-0.442863643,0.473493159,-0.0313092619,0.4500203,0.796645463,-0.634278655,0.0124425339,0.0106180869,0.257340342,0.0124425339,-0.96055764,Head,-0.3109833,0.0124425339,-0.0891698152
1.4041667,False,0.605960846,UpperChest,-0.00536974,0.884743154,-0.09755967,-0.4443904,0.472399,-0.0310638174,0.425071776,0.772960961,-0.639312,0.0125365695,0.010701309,0.255874127,0.0125365695,-0.961598754,Head,-0.309225529,0.0125365695,-0.0890921056
1.4083333,False,0.601016641,UpperChest,-0.0135323321,0.88397187,-0.09384071,-0.445934683,0.4715051,-0.0296505,0.399570882,0.749520838,-0.643876255,0.0127652343,0.0107916892,0.254469126,0.0127652343,-0.9627403,Head,-0.307387233,0.0127652343,-0.0889974758
1.4125,False,0.596196234,UpperChest,-0.0213180147,0.8827561,-0.0903041959,-0.447523266,0.4704808,-0.0284325387,0.374098659,0.7267147,-0.647589862,0.01293688,0.0108856075,0.2529694,0.01293688,-0.9639391,Head,-0.3055211,0.01293688,-0.08888143
1.41666663,False,0.591798544,UpperChest,-0.0287715849,0.881626546,-0.0869440362,-0.449125171,0.4693335,-0.027422484,0.349061549,0.704961836,-0.65024,0.0130296433,0.0109803891,0.251390964,0.0130296433,-0.965151966,Head,-0.3036783,0.0130296433,-0.08874155
1.42083335,False,0.58809185,UpperChest,-0.0359816365,0.8811188,-0.08375517,-0.450704724,0.468106061,-0.0265074782,0.324658036,0.684699357,-0.6517597,0.0130420541,0.0110726878,0.249770388,0.0130420541,-0.9663414,Head,-0.30190742,0.0130420541,-0.08857566
1.425,False,0.585339665,UpperChest,-0.04306911,0.88177675,-0.0807272941,-0.4522259,0.466842,-0.02556956,0.300898433,0.666402042,-0.652191,0.0129720625,0.0111596184,0.248144388,0.0129720625,-0.9674715,Head,-0.300255716,0.0129720625,-0.08838337
1.42916667,False,0.5838184,UpperChest,-0.0501640253,0.884151459,-0.07783335,-0.453650117,0.465586245,-0.0244852565,0.27764535,0.6505607,-0.651633859,0.012818,0.01123821,0.246550843,0.012818,-0.968510747,Head,-0.2987667,0.012818,-0.08816716
1.43333328,True,0.583861,UpperChest,-0.0573634952,0.8888037,-0.0750211254,-0.454940557,0.46438396,-0.0231173057,0.254693866,0.637673259,-0.6501945,0.0125779528,0.0113041839,0.24502717,0.0125779528,-0.9694298,Head,-0.297484338,0.0125779528,-0.0879271254
1.4333334,False,0.583860934,UpperChest,-0.0573635027,0.8888037,-0.07502137,-0.4549406,0.464384049,-0.0231175516,0.2546937,0.6376729,-0.6501944,0.0125781707,0.0113039734,0.245027259,0.0125781707,-0.969429851,Head,-0.2974843,0.0125781707,-0.0879271
1.46666658,False,0.5708512,Head,-0.00362845138,0.7714236,-0.3800863,-0.290125668,0.319438666,-0.181340009,0.0830045938,0.612188339,-0.6210977,0.0100553343,0.0117717078,0.250181466,0.0239739,-0.97451,Head,-0.302769959,0.0239739,-0.08283397
1.4666667,True,0.570851,Head,-0.00362866372,0.7714227,-0.380087465,-0.290125042,0.319437832,-0.1813403,0.0830037,0.6121881,-0.621097565,0.0100553334,0.0117714833,0.250181228,0.0239736531,-0.9745099,Head,-0.302770346,0.0239736531,-0.08283399
1.4708333,False,0.5655537,Head,-0.0031917654,0.7532479,-0.405556917,-0.277934819,0.310217559,-0.1862595,0.0610789657,0.6127804,-0.615537643,0.0101132318,0.0117576933,0.2509787,0.02483592,-0.974819362,Head,-0.302913517,0.02483592,-0.0824622139
1.475,False,0.5610921,Head,-0.0133192278,0.7452837,-0.422656655,-0.278167,0.310226977,-0.187272683,0.039765656,0.6149385,-0.609803438,0.010168,0.0117492862,0.251628727,0.0253663864,-0.975042641,Head,-0.303271979,0.0253663864,-0.08208386
1.47916663,False,0.5572962,Head,-0.024308227,0.7384557,-0.4380955,-0.280292541,0.31134668,-0.18783769,0.0191802382,0.618388,-0.6038959,0.01021765,0.0117523167,0.252158433,0.02561689,-0.9751965,Head,-0.303816855,0.02561689,-0.08169462
1.48333335,False,0.553939044,Head,-0.035955064,0.7326502,-0.451811,-0.284220725,0.313604921,-0.187966943,-0.000606119633,0.62285924,-0.597831547,0.0102623934,0.0117659923,0.2525968,0.0255902838,-0.9752963,Head,-0.299203,0.0255902838,-0.103284419
1.4875,False,0.5482929,RightUpperArm,-0.0754699558,0.7722994,-0.431176782,-0.452132523,0.427021056,-0.232347071,-0.0195662975,0.628092,-0.5916391,0.0103008766,0.011790555,0.252970785,0.0252861176,-0.97535646,Head,-0.300106555,0.0252861176,-0.102878124
1.49166667,False,0.541547656,RightUpperArm,-0.0849804,0.7602432,-0.452542365,-0.458533943,0.425245881,-0.2488061,-0.0377277732,0.6338427,-0.5853553,0.0103349416,0.0118261976,0.2533103,0.024850674,-0.9753906,Head,-0.301122665,0.024850674,-0.102449931
1.49583328,False,0.534387469,RightUpperArm,-0.09573016,0.7530668,-0.466025531,-0.4587672,0.42603305,-0.249639317,-0.0550724268,0.6398504,-0.579034269,0.0103631355,0.01231967,0.253644526,0.0243391879,-0.9754132,Head,-0.302222222,0.0243391879,-0.101994172
1.5,True,0.5267449,RightUpperArm,-0.107091337,0.7459119,-0.478186756,-0.458977,0.4268586,-0.2504991,-0.07182139,0.6459217,-0.572684467,0.0103861261,0.0124856178,0.2540012,0.02380432,-0.975435734,Head,-0.3033785,0.02380432,-0.101508193
1.50416672,False,0.5183312,RightUpperArm,-0.111373141,0.7116306,-0.514193237,-0.467665851,0.415105641,-0.282254219,-0.0874504447,0.6526434,-0.566682,0.0104200337,0.01230513,0.254374921,0.0231976081,-0.9754446,Head,-0.3046468,0.0231976081,-0.100989372
1.50833333,False,0.511267543,RightUpperArm,-0.120226204,0.7048185,-0.5222707,-0.467891663,0.415995479,-0.2833052,-0.101292253,0.660585165,-0.561408341,0.0104666511,0.0121624526,0.254729837,0.0224466734,-0.9754193,Head,-0.306078166,0.0224466734,-0.10044118
1.5125,False,0.5057367,RightUpperArm,-0.128170833,0.699698448,-0.529832,-0.468077242,0.416844368,-0.28442046,-0.113342106,0.669485569,-0.5568446,0.0105053848,0.0120740812,0.255055875,0.0215761121,-0.9753658,Head,-0.307635933,0.0215761121,-0.09986712
1.51666665,False,0.4947992,RightUpperArm,-0.143377036,0.701550663,-0.5278497,-0.468232572,0.417657971,-0.2855687,-0.129551828,0.6768824,-0.5482946,0.01053374,0.0118952878,0.2553585,0.0206241161,-0.9752891,Head,-0.309285581,0.0206241161,-0.09927156
1.52083337,False,0.482418537,RightUpperArm,-0.160096288,0.706962,-0.5200948,-0.468358576,0.418444872,-0.2867284,-0.147150755,0.68418014,-0.538016,0.0105523486,0.0116882659,0.255648,0.0196323674,-0.9751955,Head,-0.3109897,0.0196323674,-0.09865875
1.525,False,0.471890181,RightUpperArm,-0.1740538,0.7113614,-0.5129386,-0.468459278,0.419208229,-0.287878,-0.163540483,0.6921581,-0.5281103,0.010560656,0.011480635,0.255930871,0.01863626,-0.97509104,Head,-0.312713981,0.01863626,-0.09803231
1.5291667,False,0.4622579,RightUpperArm,-0.184363782,0.7115056,-0.5079171,-0.468535632,0.419954032,-0.288996071,-0.17904079,0.700398564,-0.518380761,0.0105595924,0.0112075638,0.256214768,0.0176702756,-0.9749817,Head,-0.314423144,0.0176702756,-0.09739682
1.5333333,True,0.4531631,RightUpperArm,-0.195729926,0.7156164,-0.4996354,-0.46859023,0.4206878,-0.290061623,-0.1940738,0.708454251,-0.5085533,0.010548274,0.0110374605,0.2565071,0.0167670865,-0.9748752,Head,-0.316081941,0.0167670865,-0.09675557
1.5375,False,0.444570333,RightUpperArm,-0.208763748,0.7205701,-0.492676884,-0.468619168,0.421422958,-0.291110665,-0.208563447,0.716405869,-0.498599172,0.0105506247,0.0113873761,0.256817549,0.0158915147,-0.9747605,Head,-0.317750245,0.0158915147,-0.0960862041
1.54166663,False,0.436900556,RightUpperArm,-0.222076342,0.7245618,-0.488778174,-0.469534725,0.423300862,-0.291577,-0.2220763,0.724561751,-0.488778234,0.0105708484,0.0114951618,0.257138133,0.0149945179,-0.974626362,Head,-0.319487363,0.0149945179,-0.09537513
1.54583335,False,0.430228949,RightUpperArm,-0.234441444,0.7328621,-0.479228735,-0.470288754,0.433676749,-0.279325962,-0.2344414,0.732861936,-0.479228675,0.0105834864,0.0121231582,0.257451117,0.0140858507,-0.9744797,Head,-0.321257442,0.0140858507,-0.0946397856
1.55,False,0.424873531,RightUpperArm,-0.245584309,0.741200864,-0.470041454,-0.469573,0.4344963,-0.2795712,-0.24558413,0.741200864,-0.470041454,0.010658903,0.0132913413,0.2579021,0.0133366706,-0.9743279,Head,-0.323023677,0.0133366706,-0.09389834
1.55416667,False,0.4205442,RightUpperArm,-0.2555194,0.749446,-0.461260736,-0.468610376,0.4357327,-0.279509157,-0.255519032,0.7494459,-0.4612609,0.0103132958,0.0144043379,0.258786172,0.01306536,-0.9741784,Head,-0.324751377,0.01306536,-0.0931682959
1.55833328,False,0.417039216,RightUpperArm,-0.264354259,0.757457,-0.452879637,-0.470117629,0.44007504,-0.2772328,-0.264354348,0.7574571,-0.452879548,0.0102976048,0.0154655278,0.25998807,0.0131776882,-0.9740392,Head,-0.326404244,0.0131776882,-0.0924674347
1.5625,False,0.4140464,RightUpperArm,-0.272276223,0.7650991,-0.4448427,-0.4758719,0.448978841,-0.271489859,-0.272276282,0.765099,-0.444842577,0.010282808,0.0164774824,0.261172831,0.0131040644,-0.9739185,Head,-0.278974,0.0131040644,-0.113260351
1.56666672,True,0.41137442,RightUpperArm,-0.2795433,0.7722543,-0.4370499,-0.473775357,0.450839728,-0.26913473,-0.279543281,0.7722543,-0.437049866,0.010284977,0.01743632,0.262351125,0.0129290223,-0.973824859,Head,-0.280475,0.0129290223,-0.112899788
1.57083333,False,0.40850088,RightUpperArm,-0.286990076,0.7789208,-0.428975135,-0.473289847,0.454023927,-0.2658575,-0.286990047,0.7789207,-0.4289751,0.0102911741,0.0182950366,0.263525873,0.0125543661,-0.973754644,Head,-0.305375457,0.0125543661,-0.1924439
1.575,False,0.404826671,RightUpperArm,-0.29494527,0.785155356,-0.420309216,-0.4796732,0.4689712,-0.247717783,-0.294945121,0.7851552,-0.420309126,0.0102801146,0.0190281477,0.264683157,0.0122650042,-0.9736994,Head,-0.306963652,0.0122650042,-0.1919981
1.57916665,False,0.400495142,RightUpperArm,-0.302992523,0.7909314,-0.4112467,-0.486599118,0.480997384,-0.236244157,-0.302992463,0.7909313,-0.411246717,0.0102559524,0.0196643844,0.265814,0.0120638777,-0.9736606,Head,-0.308430672,0.0120638777,-0.191565543
1.58333337,False,0.395830452,RightUpperArm,-0.3107749,0.7962118,-0.401987731,-0.493793368,0.4883542,-0.233435974,-0.310774684,0.796211839,-0.401987731,0.0102220532,0.0202297326,0.26690954,0.0119427433,-0.9736396,Head,-0.309775859,0.0119427433,-0.1911584
1.5875,False,0.3911993,RightUpperArm,-0.3179921,0.8009615,-0.392739773,-0.499295533,0.4941095,-0.231470421,-0.3179921,0.8009617,-0.392739773,0.0101768114,0.0207519922,0.26796034,0.01189244,-0.973637462,Head,-0.31099686,0.01189244,-0.1907892
1.5916667,False,0.386808544,RightUpperArm,-0.3243951,0.805146456,-0.38372466,-0.501167655,0.500296354,-0.22422947,-0.324395061,0.805146337,-0.3837245,0.0101206712,0.020997338,0.268957585,0.0119049689,-0.973655641,Head,-0.3120926,0.0119049689,-0.190470546
1.5958333,False,0.382734716,RightUpperArm,-0.3297785,0.808738053,-0.37517488,-0.5029553,0.5062046,-0.217158541,-0.3297783,0.8087381,-0.37517494,0.0100522544,0.0210019927,0.2698916,0.0119714793,-0.973695,Head,-0.313061357,0.0119714793,-0.190214276
1.6,True,0.379153758,RightUpperArm,-0.333968282,0.8117122,-0.3673313,-0.50300014,0.5079701,-0.215916231,-0.333968282,0.8117121,-0.367331266,0.0100017032,0.0210082773,0.270782,0.012111933,-0.9737561,Head,-0.313902676,0.012111933,-0.190032408
1.60416663,False,0.3756281,RightUpperArm,-0.337677926,0.8140762,-0.359779,-0.502698243,0.5088942,-0.215804264,-0.337677717,0.8140761,-0.359778881,0.0100151626,0.0210107211,0.271661669,0.0123873595,-0.97384584,Head,-0.3145738,0.0123873595,-0.1899281
1.60833335,False,0.371702373,RightUpperArm,-0.341666073,0.8159422,-0.3519826,-0.502405465,0.5097873,-0.215620279,-0.3416661,0.8159422,-0.351982474,0.0100755449,0.0210075174,0.272513181,0.0127870571,-0.9739661,Head,-0.31505695,0.0127870571,-0.189892113
1.6125,False,0.367562,RightUpperArm,-0.3458262,0.817424834,-0.344023347,-0.5039699,0.5119301,-0.214542255,-0.345826149,0.8174249,-0.344023347,0.0101349158,0.0210022014,0.273305237,0.0132519333,-0.9741117,Head,-0.31538558,0.0132519333,-0.189915881
1.61666667,False,0.363302767,RightUpperArm,-0.3500256,0.818616033,-0.335996479,-0.507944942,0.5157011,-0.212331891,-0.350025535,0.818616033,-0.335996449,0.0101803839,0.0209969059,0.274041921,0.0137586351,-0.974276841,Head,-0.3155939,0.0137586351,-0.189991951
1.62083328,False,0.359054029,RightUpperArm,-0.354109734,0.819584131,-0.328017324,-0.5117694,0.5192991,-0.210152522,-0.354109764,0.819584131,-0.3280173,0.0102132633,0.0209921617,0.274740458,0.0142974257,-0.9744562,Head,-0.315715522,0.0142974257,-0.190112263
1.625,False,0.35495472,RightUpperArm,-0.3579017,0.8203711,-0.3202103,-0.513783753,0.5215867,-0.208758414,-0.3579018,0.8203708,-0.320210218,0.0102325724,0.020990923,0.275417447,0.0148588382,-0.9746444,Head,-0.315784276,0.0148588382,-0.190268934
1.62916672,False,0.351169646,RightUpperArm,-0.361204147,0.820993,-0.3127155,-0.5134868,0.5222554,-0.208379656,-0.361204147,0.8209931,-0.31271553,0.0102379136,0.0209926739,0.2760884,0.0154322181,-0.974835336,Head,-0.315835178,0.0154322181,-0.19045487
1.63333333,True,0.347791761,RightUpperArm,-0.363806218,0.821443558,-0.305675656,-0.5131703,0.522934,-0.207994819,-0.363806248,0.821443439,-0.3056755,0.0102307759,0.0209984556,0.2767713,0.01600951,-0.9750238,Head,-0.315902978,0.01600951,-0.190662
1.6375,False,0.344553381,RightUpperArm,-0.365774244,0.821547449,-0.298907042,-0.5128336,0.5236335,-0.207595229,-0.365774155,0.821547449,-0.298906922,0.0102277445,0.0210053362,0.2774773,0.01661978,-0.9752136,Head,-0.3159645,0.01661978,-0.19090116
1.64166665,False,0.341179252,RightUpperArm,-0.36737144,0.8212062,-0.292139322,-0.5124815,0.5243457,-0.207167625,-0.367371321,0.821206033,-0.2921393,0.0102405557,0.0210115258,0.278198719,0.0172876026,-0.9754116,Head,-0.315976471,0.0172876026,-0.19118388
1.64583337,False,0.3376957,UpperChest,-0.368659735,0.8205014,-0.285393775,-0.5108081,0.5256304,-0.202427968,-0.368659973,0.8205013,-0.2853936,0.0102537731,0.0210144613,0.27892068,0.017994903,-0.975617,Head,-0.315944284,0.017994903,-0.191503868
1.65,False,0.334109575,UpperChest,-0.369691223,0.8195134,-0.2787065,-0.50965023,0.5273608,-0.196929023,-0.369691133,0.819513142,-0.278706431,0.0102659762,0.0210158825,0.279597372,0.018545758,-0.9758283,Head,-0.290796161,0.018545758,-0.112433746
1.6541667,False,0.330481917,UpperChest,-0.370514244,0.818320453,-0.2721155,-0.509078443,0.5287062,-0.193745658,-0.370514154,0.818320334,-0.272115469,0.0102771083,0.021014655,0.280265123,0.0190449152,-0.9760443,Head,-0.2907428,0.0190449152,-0.11279238
1.6583333,False,0.326931626,UpperChest,-0.371174932,0.8170026,-0.26567167,-0.509213865,0.5296732,-0.193067476,-0.3711748,0.8170027,-0.2656716,0.01028625,0.0210110657,0.280925363,0.0195537526,-0.9762636,Head,-0.29066664,0.0195537526,-0.113166854
1.6625,False,0.323531,UpperChest,-0.3717231,0.815644443,-0.259428173,-0.5092108,0.530549049,-0.192420334,-0.371723175,0.8156445,-0.259428144,0.0102937417,0.0210060831,0.28157717,0.0200697221,-0.9764853,Head,-0.290571451,0.0200697221,-0.113552317
1.66666663,True,0.3203435,UpperChest,-0.372214377,0.8143374,-0.253443122,-0.509138346,0.5313706,-0.1917862,-0.372214556,0.8143374,-0.253443122,0.0103009986,0.0209991187,0.28221935,0.0205899384,-0.9767078,Head,-0.2904623,0.0205899384,-0.113942027
1.66666675,False,0.320343167,UpperChest,-0.372214824,0.8143374,-0.253442675,-0.509138763,0.5313709,-0.191786036,-0.3722149,0.814337432,-0.2534426,0.0103008319,0.02099932,0.2822194,0.0205901358,-0.9767078,Head,-0.290462255,0.0205901358,-0.113942087
1.7,True,0.293591917,UpperChest,-0.365524322,0.7942834,-0.21010457,-0.49754563,0.534508049,-0.174280524,-0.3655243,0.7942835,-0.210104465,0.010353962,0.0209984463,0.287136,0.025144171,-0.9785839,Head,-0.2888466,0.025144171,-0.1174997
1.73333335,True,0.268687129,UpperChest,-0.349964857,0.766453445,-0.174179941,-0.480556577,0.5320181,-0.160813838,-0.349964857,0.7664537,-0.174179912,0.0103710918,0.0209981576,0.291491657,0.0299893543,-0.980468631,Head,-0.2865443,0.0299893543,-0.120845586
1.76666665,True,0.246673986,UpperChest,-0.331628382,0.7367653,-0.143567488,-0.4633606,0.5282137,-0.144509062,-0.3316282,0.7367654,-0.143567443,0.0100260656,0.0188722182,0.296082,0.0352330841,-0.982228756,Head,-0.2751644,0.0352330841,-0.104167119
1.77083337,False,0.244231,UpperChest,-0.329396456,0.733223557,-0.13990739,-0.463047117,0.528832555,-0.143163264,-0.3293965,0.733223438,-0.139907241,0.010026494,0.01856947,0.296800226,0.03599705,-0.9824333,Head,-0.274971575,0.03599705,-0.104244187
1.775,False,0.2418641,UpperChest,-0.327272832,0.729777157,-0.136368185,-0.459136337,0.5270507,-0.13986598,-0.327272773,0.729777157,-0.136368155,0.0100254724,0.0182678439,0.2975042,0.03675094,-0.9826363,Head,-0.274783552,0.03675094,-0.104295045
1.7791667,False,0.239533,UpperChest,-0.325247645,0.7264299,-0.1329139,-0.455051422,0.5251468,-0.136400163,-0.325247765,0.7264299,-0.132913828,0.0100248968,0.0179696679,0.298190862,0.0374893956,-0.9828362,Head,-0.274605125,0.0374893956,-0.1043139
1.7833333,False,0.237252727,UpperChest,-0.32331714,0.723189831,-0.129512563,-0.451981723,0.523887157,-0.1330793,-0.323317051,0.72318995,-0.129512548,0.0100253578,0.0176794212,0.298858762,0.0382088348,-0.9830332,Head,-0.274439931,0.0382088348,-0.1042946
1.7875,False,0.235086277,UpperChest,-0.32147783,0.7200673,-0.1261332,-0.451687843,0.5243961,-0.131000608,-0.3214779,0.7200671,-0.126133323,0.0100263916,0.0174018648,0.299503684,0.0389023945,-0.9832263,Head,-0.2742928,0.0389023945,-0.104231037
1.79166663,False,0.233097732,UpperChest,-0.319730133,0.7170744,-0.122744985,-0.451639384,0.5250428,-0.130384445,-0.319730043,0.717074454,-0.122745037,0.0100277429,0.0171390772,0.300121218,0.03956331,-0.9834149,Head,-0.274167567,0.03956331,-0.104117945
1.79583335,False,0.231299356,UpperChest,-0.318075746,0.714226246,-0.119317122,-0.450366735,0.5247981,-0.130062252,-0.318075657,0.714226246,-0.119317055,0.01003057,0.0168960243,0.300709277,0.04018698,-0.9835984,Head,-0.274068922,0.04018698,-0.103949428
1.8,True,0.229675084,UpperChest,-0.316518426,0.7115383,-0.115822338,-0.4478642,0.523663342,-0.130032331,-0.316518426,0.7115384,-0.115822196,0.0100337528,0.0166769288,0.301262975,0.04076592,-0.9837765,Head,-0.2740009,0.04076592,-0.103719354
1.80416667,False,0.228187248,UpperChest,-0.315145731,0.7090539,-0.112306617,-0.445415258,0.522371352,-0.128083318,-0.315145731,0.7090541,-0.112306595,0.01003712,0.0164838079,0.3017895,0.04130963,-0.983949363,Head,-0.27395618,0.04130963,-0.10343992
1.80833328,False,0.226735055,UpperChest,-0.314023852,0.7067988,-0.108832285,-0.441397041,0.519759834,-0.123019613,-0.314023852,0.706798851,-0.108832121,0.0100401323,0.0163180437,0.302294165,0.04182634,-0.9841182,Head,-0.273927,0.04182634,-0.103121549
1.8125,False,0.225356221,Neck,-0.313123047,0.704761863,-0.105390437,-0.439934522,0.51900816,-0.119526796,-0.3131231,0.7047616,-0.105390429,0.010042863,0.0161777586,0.302772552,0.0423103943,-0.984282851,Head,-0.2739187,0.0423103943,-0.102757543
1.81666672,False,0.2240983,Neck,-0.312408328,0.7029294,-0.101976022,-0.439851433,0.5192437,-0.117399335,-0.312408328,0.7029295,-0.101976037,0.0100457668,0.016060777,0.303219318,0.0427549854,-0.984443843,Head,-0.2739353,0.0427549854,-0.1023389
1.82083333,False,0.223013192,Neck,-0.3118444,0.7012892,-0.09858264,-0.439951062,0.5196677,-0.1169457,-0.31184423,0.7012891,-0.0985826254,0.010048179,0.0159645677,0.303628534,0.0431524776,-0.9846009,Head,-0.2739825,0.0431524776,-0.1018595
1.825,False,0.2221188,Neck,-0.311392337,0.69982636,-0.0952066556,-0.440079063,0.520042658,-0.116521053,-0.3113923,0.69982636,-0.0952065,0.0100509627,0.0158849172,0.303996146,0.0434982963,-0.9847549,Head,-0.274064153,0.0434982963,-0.101311
1.82916665,False,0.221432388,Neck,-0.3110123,0.6985265,-0.09184428,-0.4402397,0.5203611,-0.116127566,-0.311012268,0.6985266,-0.09184432,0.0100542121,0.01581716,0.304315239,0.04378366,-0.984905362,Head,-0.274186432,0.04378366,-0.100686289
1.83333337,True,0.220968217,Neck,-0.3106622,0.697375059,-0.08849405,-0.440389216,0.520422757,-0.114680655,-0.31066215,0.697375059,-0.08849406,0.010057494,0.0157561619,0.304581225,0.04400314,-0.9850528,Head,-0.274353474,0.04400314,-0.0999778062
1.8375,False,0.2206926,Neck,-0.310439616,0.6964509,-0.08516978,-0.440488577,0.520060658,-0.111226961,-0.3104396,0.696451,-0.08516979,0.0100612938,0.0157076158,0.3047956,0.0441574641,-0.985196531,Head,-0.274565548,0.0441574641,-0.0991864651
1.8416667,False,0.2205745,Neck,-0.3104425,0.6958146,-0.08189163,-0.44030872,0.519433439,-0.107921518,-0.310442328,0.6958146,-0.08189154,0.0100664627,0.0156798474,0.304962128,0.0442509353,-0.9853358,Head,-0.2748193,0.0442509353,-0.098318845
1.8458333,False,0.220599264,Neck,-0.310629755,0.695421457,-0.07866849,-0.440320075,0.5188778,-0.104683749,-0.310629725,0.695421457,-0.0786683559,0.010071924,0.015669113,0.3050805,0.04428552,-0.985471547,Head,-0.275111854,0.04428552,-0.09737808
1.85,False,0.220751777,Neck,-0.310959131,0.695227444,-0.0755079761,-0.437800854,0.5161378,-0.09937042,-0.3109591,0.695227563,-0.07550788,0.0100792423,0.0156720076,0.305151731,0.04426358,-0.9856043,Head,-0.275441617,0.04426358,-0.0963666663
1.85416663,False,0.2209989,Neck,-0.311385542,0.6951843,-0.07241778,-0.4382934,0.5160616,-0.09791233,-0.3113855,0.695184469,-0.0724177361,0.0100871557,0.015684668,0.305174768,0.0441861,-0.9857352,Head,-0.275806636,0.0441861,-0.09528722
1.85833335,False,0.221386135,Neck,-0.311862379,0.695243537,-0.06940525,-0.4389683,0.5161999,-0.0976767,-0.31186235,0.695243359,-0.06940532,0.0100960471,0.01570048,0.3051493,0.0440548658,-0.9858645,Head,-0.276204526,0.0440548658,-0.09414227
1.8625,False,0.221899077,Neck,-0.312341839,0.695355237,-0.066477336,-0.43971,0.5163108,-0.09745554,-0.3123417,0.6953552,-0.0664773,0.0101061985,0.015715329,0.305074871,0.04387093,-0.9859928,Head,-0.2766335,0.04387093,-0.09293442
1.86666667,True,0.22250624,Neck,-0.312774241,0.6954676,-0.06364346,-0.440395,0.515892744,-0.0948659852,-0.312774181,0.6954676,-0.0636434555,0.0101173464,0.0157226771,0.304951,0.0436358,-0.9861208,Head,-0.277091026,0.0436358,-0.091666
1.87083328,False,0.223219246,Neck,-0.3132106,0.695644736,-0.0609086342,-0.44115603,0.515410066,-0.09208983,-0.3132105,0.6956448,-0.060908556,0.01012853,0.0157232471,0.304769278,0.043339,-0.986247838,Head,-0.27758652,0.043339,-0.09032451
1.875,False,0.224061415,Neck,-0.3137323,0.695968151,-0.0582796633,-0.44209972,0.514981747,-0.08941233,-0.313732147,0.6959684,-0.0582796335,0.0101398956,0.0157231968,0.3045258,0.04297504,-0.98637265,Head,-0.278126,0.04297504,-0.08890162
1.87916672,False,0.225005031,Neck,-0.314331532,0.696409345,-0.0557611138,-0.4431987,0.514599442,-0.0868364,-0.314331532,0.6964092,-0.0557611,0.0101537742,0.0157226883,0.3042265,0.0425521955,-0.9864953,Head,-0.278703362,0.0425521955,-0.0874070749
1.88333333,False,0.226024136,Neck,-0.3150013,0.696938157,-0.0533539467,-0.444253176,0.514132738,-0.084386915,-0.315001249,0.696938157,-0.0533540249,0.0101700285,0.0157210939,0.303873628,0.0420749076,-0.986615658,Head,-0.279313415,0.0420749076,-0.08585006
1.8875,False,0.226981565,Neck,-0.315730929,0.6975254,-0.05105812,-0.440533221,0.50794065,-0.0494305,-0.315730929,0.6975252,-0.0510581732,0.0101892827,0.015719356,0.3034718,0.04155044,-0.9867341,Head,-0.279948652,0.04155044,-0.08423944
1.89166665,False,0.227672249,Neck,-0.3165099,0.698139369,-0.0488673523,-0.443571717,0.509474,-0.0391043127,-0.316509962,0.6981393,-0.0488673449,0.0102091692,0.01571815,0.303025424,0.0409850478,-0.986851,Head,-0.2806032,0.0409850478,-0.08258538
1.89583337,False,0.228380173,Neck,-0.31732586,0.698748946,-0.04677285,-0.444035321,0.5090069,-0.0367637463,-0.31732583,0.698749065,-0.04677272,0.01023157,0.0157169756,0.302538157,0.04038468,-0.986966,Head,-0.281271517,0.04038468,-0.08089732
1.9,True,0.229082048,Neck,-0.318163753,0.6993224,-0.04476249,-0.444511682,0.508509934,-0.0344967172,-0.318163753,0.6993222,-0.044762373,0.0102558024,0.0157159567,0.302015662,0.0397569574,-0.9870801,Head,-0.28194648,0.0397569574,-0.07918445
1.9000001,False,0.229081869,Neck,-0.318163633,0.6993223,-0.0447624177,-0.4445116,0.508510053,-0.0344966464,-0.3181635,0.699322164,-0.044762373,0.0102559393,0.0157159269,0.302015722,0.0397571027,-0.987080157,Head,-0.281946331,0.0397571027,-0.07918412
1.93333328,True,0.235785916,UpperChest,-0.327015936,0.7042721,-0.031444937,-0.453400135,0.5053706,-0.02368401,-0.327016,0.704272032,-0.0314449072,0.01047354,0.015708914,0.296093047,0.0332649276,-0.987905145,Head,-0.28795594,0.0332649276,-0.0640870258
1.9375,False,0.236490548,UpperChest,-0.328350633,0.704683363,-0.0301631074,-0.4577681,0.5070329,-0.019524632,-0.328350544,0.704683363,-0.03016305,0.0105054118,0.0157089271,0.295184463,0.03233942,-0.9879994,Head,-0.288720965,0.03233942,-0.06211626
1.94166672,False,0.237154126,UpperChest,-0.329717,0.705068648,-0.0289362539,-0.459571838,0.506932557,-0.0178957786,-0.329716921,0.7050686,-0.0289362669,0.0102954814,0.0157128014,0.2942464,0.0313958861,-0.9880909,Head,-0.289499223,0.0313958861,-0.0601135343
1.94583333,False,0.237514839,UpperChest,-0.331130445,0.7054111,-0.0277639832,-0.4612611,0.5070466,-0.016325498,-0.3311304,0.705410957,-0.0277639627,0.0100577483,0.0157189909,0.2935968,0.03073423,-0.9881797,Head,-0.296370566,0.03073423,-0.07799597
1.95,False,0.2375857,UpperChest,-0.332602471,0.705692053,-0.0266429186,-0.462668568,0.50722295,-0.0148199508,-0.3326025,0.7056922,-0.0266429186,0.0100632189,0.01572601,0.293192565,0.0302784648,-0.98826617,Head,-0.297057837,0.0302784648,-0.07598599
1.95416665,False,0.23755084,UpperChest,-0.33414346,0.705892444,-0.025574524,-0.4633233,0.506909,-0.0133857243,-0.3341434,0.7058924,-0.0255745649,0.0100638587,0.015729608,0.2927893,0.0298387855,-0.9883507,Head,-0.297737539,0.0298387855,-0.07397026
1.95833337,False,0.237386957,UpperChest,-0.335759133,0.7059914,-0.0245571565,-0.4639771,0.5066041,-0.012010484,-0.335759163,0.7059913,-0.0245571136,0.0100614065,0.0157304388,0.2923912,0.0294218082,-0.988434136,Head,-0.298400939,0.0294218082,-0.07195929
1.9625,False,0.237075374,UpperChest,-0.33745417,0.705967069,-0.02359274,-0.464679956,0.5062637,-0.0118927332,-0.337454081,0.705967069,-0.02359283,0.0100536048,0.0157256313,0.291997671,0.0290278457,-0.988516867,Head,-0.299041957,0.0290278457,-0.0699616
1.9666667,True,0.23659189,UpperChest,-0.3392292,0.705795646,-0.0226819,-0.465385,0.5059294,-0.0120083373,-0.3392291,0.705795646,-0.0226819515,0.0100473762,0.0157131534,0.291617543,0.02866765,-0.988599956,Head,-0.299652755,0.02866765,-0.0679869
1.9708333,False,0.235980645,UpperChest,-0.341045469,0.70549494,-0.021839669,-0.4660866,0.505602,-0.0121239768,-0.34104538,0.70549494,-0.0218396187,0.01004775,0.0157080162,0.2912435,0.0283302031,-0.988681853,Head,-0.300246656,0.0283302031,-0.06602024
1.975,False,0.235281289,UpperChest,-0.342876554,0.7050884,-0.0210620388,-0.4667906,0.5052764,-0.0122437291,-0.342876554,0.705088258,-0.0210622549,0.01004899,0.0157199241,0.290870339,0.0280082189,-0.9887621,Head,-0.300834954,0.0280082189,-0.06404637
1.97916663,False,0.234463722,UpperChest,-0.344741374,0.7045618,-0.0203351527,-0.4674936,0.5049582,-0.0123648318,-0.344741225,0.7045618,-0.0203351974,0.0100512365,0.0157395676,0.29050386,0.0277092177,-0.9888411,Head,-0.301410943,0.0277092177,-0.0620742664
1.98333335,False,0.233501166,UpperChest,-0.3466568,0.7039025,-0.0196423978,-0.468192518,0.5046523,-0.0124845132,-0.3466568,0.7039025,-0.0196423531,0.0100538591,0.0157621633,0.2901118,0.0274393521,-0.9889194,Head,-0.301966727,0.0274393521,-0.060112834
1.9875,False,0.232363969,UpperChest,-0.348638237,0.7030959,-0.018969968,-0.468884,0.504366457,-0.0125999162,-0.348638058,0.703095853,-0.0189700127,0.0100550838,0.0157789774,0.2897091,0.02720745,-0.988998055,Head,-0.302493423,0.02720745,-0.05817126
1.99166667,False,0.231025726,UpperChest,-0.350700349,0.702125967,-0.0183047019,-0.470094264,0.5044233,-0.0126794623,-0.350700259,0.7021258,-0.0183047056,0.0100549376,0.0157839432,0.289328516,0.0270167422,-0.9890773,Head,-0.302985,0.0270167422,-0.05625856
1.99583328,False,0.22945863,UpperChest,-0.352856845,0.7009785,-0.0176364649,-0.471497566,0.5046328,-0.012738755,-0.352856874,0.7009786,-0.0176365376,0.0100520914,0.01577331,0.288975149,0.0268737134,-0.9891584,Head,-0.303431779,0.0268737134,-0.0543837845
2,True,0.2276357,UpperChest,-0.355121583,0.699635267,-0.01695586,-0.472857,0.5048559,-0.0127881486,-0.3551215,0.6996353,-0.0169558525,0.010046606,0.015740145,0.2886522,0.0267812163,-0.989241958,Head,-0.30382666,0.0267812163,-0.052556213
2.0041666,False,0.225851238,UpperChest,-0.357675731,0.6984607,-0.0163291246,-0.4745439,0.5052296,-0.0128141837,-0.357675672,0.6984608,-0.01632905,0.0100395884,0.015864864,0.288296223,0.02659625,-0.989314139,Head,-0.3043743,0.02659625,-0.05071205
2.00833344,False,0.224258885,UpperChest,-0.36058265,0.6976279,-0.0157878548,-0.476719469,0.5058065,-0.01281465,-0.3605826,0.6976277,-0.01578784,0.0100312671,0.0162288453,0.28787294,0.0262501128,-0.989368141,Head,-0.3051689,0.0262501128,-0.0488159247
2.0125,False,0.222617045,UpperChest,-0.3636716,0.696825862,-0.01528064,-0.479040772,0.5064572,-0.0124378614,-0.363671541,0.6968258,-0.0152807236,0.01002292,0.0166828614,0.287434429,0.02586257,-0.9894158,Head,-0.3060388,0.02586257,-0.0469185859
2.01666665,False,0.220684469,UpperChest,-0.366761625,0.6957364,-0.0147728426,-0.482212335,0.507708549,-0.0104958117,-0.366761684,0.6957362,-0.014772892,0.0100165177,0.0170858335,0.287030756,0.0255497526,-0.989469,Head,-0.3068116,0.0255497526,-0.0450711623
2.02083325,False,0.218207225,UpperChest,-0.369667739,0.6940298,-0.014248264,-0.4835396,0.5079461,-0.009728146,-0.3696679,0.694029868,-0.0142482519,0.0100103887,0.0173029173,0.286712855,0.0254283566,-0.989539862,Head,-0.3073153,0.0254283566,-0.04332396
2.025,False,0.214946717,UpperChest,-0.372210026,0.691371,-0.0137081575,-0.484114945,0.5079118,-0.00900794,-0.372210145,0.6913708,-0.0137081146,0.0100076459,0.01721468,0.286534548,0.0256170835,-0.9896411,Head,-0.3073779,0.0256170835,-0.0417278968
2.0291667,False,0.210634246,UpperChest,-0.374238044,0.6874222,-0.0131715043,-0.4840885,0.5077649,-0.008385897,-0.3742379,0.687422156,-0.0131715536,0.010002939,0.0167216435,0.286546022,0.0262320861,-0.9897852,Head,-0.3068274,0.0262320861,-0.04033274
2.0333333,True,0.204969972,UpperChest,-0.375659436,0.681850433,-0.0126624983,-0.482195348,0.5068079,-0.007875898,-0.375659466,0.6818504,-0.0126624107,0.00999661,0.0157598536,0.286799759,0.0273938626,-0.9899838,Head,-0.305494,0.0273938626,-0.0391887277
2.0375,False,0.197539225,UpperChest,-0.375814676,0.6738306,-0.0131570846,-0.477057129,0.5042478,-0.009500424,-0.375814676,0.6738304,-0.01315701,0.0100254407,0.0147222271,0.2873196,0.029136369,-0.990237534,Head,-0.303347677,0.029136369,-0.038308654
2.04166675,False,0.188517451,UpperChest,-0.374811321,0.663450062,-0.015050048,-0.4760748,0.5044756,-0.0116366148,-0.3748114,0.6634502,-0.0150499344,0.01006225,0.0139913075,0.288038969,0.0313391648,-0.9905342,Head,-0.300541341,0.0313391648,-0.0376484953
2.04583335,False,0.1783422,UpperChest,-0.373739719,0.6516935,-0.0175471362,-0.4700351,0.5016467,-0.0131779639,-0.373739719,0.6516936,-0.0175470114,0.0100641707,0.0135108782,0.288918138,0.0339348353,-0.990865052,Head,-0.297184676,0.0339348353,-0.03717379
2.05,False,0.167037442,Neck,-0.373563349,0.639393032,-0.0199634191,-0.465182066,0.4998925,-0.0130990054,-0.3735634,0.639393,-0.0199633837,0.0100404723,0.0131927812,0.2899563,0.0368961319,-0.991221368,Head,-0.293385,0.0368961319,-0.03684981
2.05416656,False,0.154921383,Neck,-0.375042,0.627206862,-0.0217495114,-0.462527633,0.499650776,-0.0130121624,-0.375041962,0.627207041,-0.0217493773,0.0100461394,0.0129010566,0.2911792,0.04022032,-0.9915942,Head,-0.2892486,0.04022032,-0.0366423
2.0583334,False,0.1419554,Neck,-0.3786468,0.615639865,-0.0224951729,-0.4581217,0.4984079,-0.0129168881,-0.378646731,0.6156399,-0.0224950314,0.0100685228,0.0124459164,0.292535961,0.04382783,-0.9919761,Head,-0.284880966,0.04382783,-0.03651749
2.0625,False,0.128525391,Neck,-0.384164751,0.6049437,-0.0221792,-0.4555236,0.498394161,-0.0135833472,-0.3841648,0.604943752,-0.0221791267,0.0100444918,0.0143851293,0.29391104,0.0446734726,-0.9923591,RightIndexDistal,-0.512439549,0.0446734726,-0.56678164
2.0666666,True,0.114954054,Neck,-0.39162764,0.595462441,-0.0203231443,-0.4549065,0.499795318,-0.0127058048,-0.39162755,0.5954623,-0.0203231573,0.009977776,0.01595484,0.295253754,0.04477483,-0.992736757,RightIndexDistal,-0.512327433,0.04477483,-0.566871
2.07083344,False,0.103435785,Neck,-0.3995721,0.5895291,-0.0176559854,-0.456074178,0.503034353,-0.0126423342,-0.399572,0.589529157,-0.0176560879,0.0101892864,0.0163811427,0.297382563,0.04468388,-0.993131161,RightIndexDistal,-0.512152,0.04468388,-0.5665355
2.075,False,0.0948699042,Neck,-0.405731231,0.5867383,-0.0154583305,-0.457138449,0.507053554,-0.0126405945,-0.4057312,0.5867382,-0.0154582262,0.0105789965,0.0161921512,0.30043608,0.044118233,-0.9935526,RightIndexDistal,-0.5118207,0.044118233,-0.565543234
2.07916665,False,0.08777348,Neck,-0.407752037,0.583072,-0.014827298,-0.4548906,0.5090626,-0.0126490509,-0.407751918,0.583071947,-0.0148272514,0.010774035,0.0157850981,0.3036313,0.043119695,-0.9939797,RightIndexDistal,-0.51136,0.043119695,-0.5642497
2.08333325,False,0.08038952,Neck,-0.405112833,0.5755863,-0.0155334892,-0.450143218,0.5090503,-0.0127588678,-0.405112863,0.575586259,-0.0155335665,0.0107106641,0.0154282274,0.306506157,0.04202986,-0.9943942,RightIndexDistal,-0.510847747,0.04202986,-0.5630479
2.0875,False,0.07076496,Neck,-0.399481118,0.562774658,-0.0167122986,-0.440581948,0.5052307,-0.0140482448,-0.399480939,0.5627744,-0.01671207,0.0105744647,0.0152691239,0.3088395,0.0414045155,-0.994781137,RightIndexDistal,-0.5104128,0.0414045155,-0.5623707
2.0916667,False,0.05657926,Neck,-0.394358665,0.5442913,-0.01782862,-0.4281109,0.4988902,-0.0169702526,-0.394358754,0.5442911,-0.0178285837,0.01096859,0.0153515264,0.3108007,0.0421686321,-0.9951297,RightIndexDistal,-0.5102307,0.0421686321,-0.562676132
2.0958333,False,0.036042,Neck,-0.3943357,0.520089447,-0.018754838,-0.416918546,0.49203,-0.0200615916,-0.3943355,0.5200894,-0.01875496,0.011761128,0.0156507678,0.311758369,0.0444473065,-0.9954321,RightIndexDistal,-0.5104909,0.0444473065,-0.5644045
2.1,True,0.00557617,Neck,-0.4040437,0.48923707,-0.0184073634,-0.4074976,0.4848643,-0.0186147466,-0.404043674,0.4892369,-0.0184072256,0.0126613,0.0161386169,0.3108234,0.04815556,-0.995682836,RightIndexDistal,-0.51135236,0.04815556,-0.567938
2.10416675,False,0,Neck,-0.4361178,0.503714,-0.0135176787,-0.4361178,0.503714,-0.0135176787,-0.426528335,0.446046829,-0.0114361048,0.0134302387,0.0164493583,0.307256967,0.0530715548,-0.9958785,LeftRingDistal,-0.4242921,0.0530715548,0.239285529
2.10833335,False,0,Neck,-0.453804165,0.5080122,0.0177071523,-0.453804165,0.5080122,0.0177071523,-0.45513916,0.384828746,0.009772539,0.0138606988,0.0164425485,0.301034838,0.0560575575,-0.99603045,LeftRingDistal,-0.416762948,0.0560575575,0.250867635
2.1125,False,0,LeftUpperArm,-0.471128672,0.5026252,0.05732195,-0.471128672,0.5026252,0.05732195,-0.4765483,0.305652916,0.0453619957,0.0142655792,0.0164382774,0.2928071,0.05963735,-0.996153057,LeftRingDistal,-0.4075275,0.05963735,0.2627263
2.11666656,False,0,LeftUpperArm,-0.498945236,0.318729937,0.08508958,-0.498945236,0.318729937,0.08508958,-0.480742216,0.215077162,0.08397293,0.017255703,0.0165872518,0.285491467,0.06597007,-0.996259332,LeftRingDistal,-0.397083461,0.06597007,0.2738561
2.1208334,False,0,LeftUpperArm,-0.456707239,0.4613287,0.108559228,-0.456707239,0.4613287,0.108559228,-0.4672675,0.124161415,0.107896686,0.0182819813,0.0167955384,0.278568745,0.07362928,-0.996361732,LeftRingDistal,-0.385985017,0.07362928,0.283606946
2.125,False,0,LeftUpperArm,-0.437753469,0.339114159,0.101501271,-0.437753469,0.339114159,0.101501271,-0.443044543,0.04323931,0.104581475,0.01752788,0.0168195851,0.27071774,0.07969127,-0.996472955,Head,-0.239513591,0.07969127,-0.0350518823
2.1291666,False,0,LeftUpperArm,-0.411814,0.345591366,0.07542634,-0.411814,0.345591366,0.07542634,-0.416345358,-0.0204794332,0.07610822,0.01662418,0.0165361743,0.262590677,0.078809604,-0.9966059,Head,-0.229226,0.078809604,-0.0360533521
2.13333344,True,0,Neck,-0.3854999,0.39535585,0.0498726331,-0.3854999,0.39535585,0.0498726331,-0.394737363,-0.06376024,0.0401400328,0.0170544144,0.016161358,0.2561816,0.08008223,-0.996772,Head,-0.218775854,0.08008223,-0.0368352942
2.1375,False,0,Head,-0.378705,0.27788806,0.0285592638,-0.378705,0.27788806,0.0285592638,-0.3813461,-0.09112961,0.0123305321,0.0176331587,0.0159017853,0.249694183,0.0823450759,-0.9969316,Head,-0.20831655,0.0823450759,-0.0374843366
2.14166665,False,0,Head,-0.3732486,0.184411734,0.0129560139,-0.3732486,0.184411734,0.0129560139,-0.374047756,-0.109728247,-0.00563633442,0.0161162522,0.01571827,0.24040626,0.08251047,-0.997058,Head,-0.221351668,0.08251047,-0.0308393724
2.14583325,False,0,Head,-0.372680575,0.1819444,0.008964275,-0.372680575,0.1819444,0.008964275,-0.37226665,-0.122499496,-0.0131272078,0.0147074135,0.01565306,0.230589464,0.08201538,-0.9971786,Head,-0.2121398,0.08201538,-0.03079408
2.15,False,0,Head,-0.373231471,0.199764252,0.0127593474,-0.373231471,0.199764252,0.0127593474,-0.375046,-0.131104514,-0.01230371,0.0126030827,0.01570083,0.2189363,0.08043948,-0.9973185,Head,-0.2029044,0.08043948,-0.0305390134
2.1541667,False,0,Head,-0.377680629,0.224943787,0.0203717016,-0.377680629,0.224943787,0.0203717016,-0.380982876,-0.136603415,-0.00650680065,0.010436276,0.0158273261,0.205537751,0.07838057,-0.997499049,Head,-0.1944103,0.07838057,-0.0266061854
2.1583333,False,0,Head,-0.374702871,0.3504291,0.03567932,-0.374702871,0.3504291,0.03567932,-0.388210535,-0.140074119,0.000842690468,0.01026141,0.01598456,0.1921903,0.0780441,-0.9977348,Head,-0.184619218,0.0780441,-0.0258225333
2.1625,False,0,Head,-0.3799226,0.342216551,0.0401399434,-0.3799226,0.342216551,0.0401399434,-0.394469738,-0.1429398,0.006791234,0.0128220571,0.01611136,0.179641783,0.0804081,-0.998029053,Head,-0.1820289,0.0804081,-0.0291433185
2.16666675,True,0,Head,-0.402744383,0.227522328,0.0351946726,-0.402744383,0.227522328,0.0351946726,-0.397258878,-0.146936327,0.008866072,0.0167330019,0.0161420386,0.166443512,0.08446201,-0.9983663,Head,-0.17135334,0.08446201,-0.0276222043
2.17083335,False,0,Head,-0.3903651,0.223588288,0.03446804,-0.3903651,0.223588288,0.03446804,-0.397366643,-0.1509781,0.008585811,0.0205825362,0.01610762,0.151321828,0.08270453,-0.9987037,Head,-0.286855221,0.08270453,-0.0674150363
2.175,False,0,Head,-0.390577853,0.212197751,0.03403013,-0.390577853,0.212197751,0.03403013,-0.3973081,-0.15305531,0.008929133,0.023754755,0.0160915721,0.133301958,0.08182611,-0.9989434,Head,-0.2740807,0.08182611,-0.06489768
2.17916656,False,0,Head,-0.390842736,0.199651912,0.0336674564,-0.390842736,0.199651912,0.0336674564,-0.397103548,-0.153567523,0.009740472,0.0225402117,0.0160897989,0.111023054,0.08168764,-0.998980343,Head,-0.2611361,0.08168764,-0.0620228536
2.1833334,False,0,Head,-0.390759468,0.197528243,0.0340479538,-0.390759468,0.197528243,0.0340479538,-0.396775,-0.152919039,0.0108954906,0.0133743584,0.01609807,0.0977368355,0.08448545,-0.9987399,LeftRingDistal,-0.21971418,0.08448545,0.3920888
2.1875,False,0,Head,-0.39037624,0.204184189,0.03500738,-0.39037624,0.204184189,0.03500738,-0.396352053,-0.151510343,0.0122853518,0.0119590983,0.0161118712,0.09218701,0.0901609,-0.998189867,LeftRingDistal,-0.2084172,0.0901609,0.395526975
2.1916666,False,0,Head,-0.389964134,0.211155713,0.0360138342,-0.389964134,0.211155713,0.0360138342,-0.3958758,-0.149739951,0.0138112307,0.01045658,0.0161264725,0.08675791,0.08675791,-0.997347832,Hips,-0.8196626,0.08675791,-0.00524306949
2.19583344,False,0,Head,-0.3895539,0.217723027,0.03699599,-0.3895539,0.217723027,0.03699599,-0.395397425,-0.148006633,0.0153684616,0.009829468,0.0161375534,0.08097519,0.08097519,-0.9962825,Hips,-0.8203082,0.08097519,-0.000746798934
2.2,True,0,Head,-0.389161825,0.223935559,0.03792235,-0.389161825,0.223935559,0.03792235,-0.3949803,-0.146702617,0.0168514252,0.01114734,0.0161413718,0.07493672,0.07493672,-0.9951084,Hips,-0.8261517,0.07493672,-0.0253903344
2.20416665,False,0,Head,-0.388807327,0.229571134,0.03882346,-0.388807327,0.229571134,0.03882346,-0.394587874,-0.1454795,0.018406868,0.0135472445,0.0161271431,0.06765797,0.06765797,-0.993814468,Hips,-0.826474547,0.06765797,-0.02159502
2.20833325,False,0,Head,-0.40110746,0.21988003,0.03957194,-0.40110746,0.21988003,0.03957194,-0.394159079,-0.143803388,0.0202059746,0.0145540377,0.0160991438,0.0587047525,0.0587047525,-0.992307663,Hips,-0.8267866,0.0587047525,-0.0176824052
2.2125,False,0,Head,-0.4008342,0.225347251,0.0406018049,-0.4008342,0.225347251,0.0406018049,-0.393721223,-0.141790658,0.0221760273,0.011301158,0.0160701871,0.05176708,0.05176708,-0.9906288,Hips,-0.827317834,0.05176708,-0.0135827577
2.2166667,False,0,Head,-0.4005418,0.2335592,0.04175922,-0.4005418,0.2335592,0.04175922,-0.3932972,-0.139561325,0.02424109,0.0111693479,0.01605065,0.0473944321,0.0473944321,-0.988843739,Hips,-0.8277679,0.0473944321,-0.00958159
2.2208333,False,0,Head,-0.3816102,0.376162469,0.042934373,-0.3816102,0.376162469,0.042934373,-0.3929044,-0.137237564,0.026322484,0.01200619,0.0160473026,0.0435712337,0.0435712337,-0.987041235,Hips,-0.828158438,0.0435712337,-0.00577913364
2.225,False,0,Head,-0.3815522,0.377225339,0.04334933,-0.3815522,0.377225339,0.04334933,-0.392550468,-0.134948418,0.0283377171,0.0125040319,0.0160614848,0.03925757,0.03925757,-0.9853293,Hips,-0.828502834,0.03925757,-0.00228563626
2.22916675,False,0,Head,-0.3818388,0.376322836,0.043687433,-0.3818388,0.376322836,0.043687433,-0.392236829,-0.132824153,0.0301967859,0.0125493743,0.01609372,0.034720812,0.034720812,-0.9838283,Hips,-0.8288048,0.034720812,0.000782891642
2.23333335,True,0,Head,-0.3772967,0.38919118,0.0442861468,-0.3772967,0.38919118,0.0442861468,-0.3919518,-0.131000862,0.03180504,0.0120799281,0.0161416475,0.0303404853,0.0303404853,-0.9826644,Hips,-0.829058945,0.0303404853,0.00330467825
2.2375,False,0,Head,-0.4118043,0.238258392,0.04350037,-0.4118043,0.238258392,0.04350037,-0.391687632,-0.129386783,0.03319776,0.0113571566,0.016178783,0.02670158,0.02670158,-0.9819353,Hips,-0.8292247,0.02670158,0.00517381076
2.24166656,False,0,Head,-0.411613941,0.23819004,0.0440598875,-0.411613941,0.23819004,0.0440598875,-0.391443968,-0.127818123,0.0344816446,0.010864404,0.0161892362,0.0240982734,0.0240982734,-0.9816193,Hips,-0.82927984,0.0240982734,0.006436038
2.2458334,False,0,Head,-0.4113891,0.237020433,0.0445605256,-0.4113891,0.237020433,0.0445605256,-0.3912207,-0.126321062,0.03565955,0.0105127962,0.0161817,0.0222840589,0.0222840589,-0.9816477,Hips,-0.8292412,0.0222840589,0.007202522
2.25,False,0,Head,-0.411268562,0.234933466,0.0449813157,-0.411268562,0.234933466,0.0449813157,-0.3910184,-0.1249228,0.0367366076,0.0102718584,0.01616326,0.021148093,0.021148093,-0.9819399,Hips,-0.8291268,0.021148093,0.00758769037
2.2541666,False,0,Head,-0.410967737,0.232881933,0.0453870147,-0.410967737,0.232881933,0.0453870147,-0.39083302,-0.123652205,0.03771782,0.0103001874,0.0161421672,0.0207474865,0.0207474865,-0.982410967,Hips,-0.8289561,0.0207474865,0.007708813
2.25833344,False,0,Head,-0.410686046,0.23059535,0.04573136,-0.410686046,0.23059535,0.04573136,-0.390661716,-0.122537009,0.0386052132,0.0104141049,0.0161266383,0.0207791682,0.0207791682,-0.982976437,Hips,-0.8287512,0.0207791682,0.00768399052
2.2625,False,0,Head,-0.4104715,0.2281535,0.0460017174,-0.4104715,0.2281535,0.0460017174,-0.390498161,-0.121604592,0.0394005775,0.01046767,0.01612271,0.02098856,0.02098856,-0.983556,Hips,-0.8285358,0.02098856,0.007631433
2.26666665,True,0,Head,-0.4102935,0.226170465,0.046204254,-0.4102935,0.226170465,0.046204254,-0.3903358,-0.1208844,0.0401033163,0.0106886774,0.01614048,0.0214806572,0.0214806572,-0.984075248,Hips,-0.8283364,0.0214806572,0.007668532
2.27083325,False,0,Head,-0.4101425,0.224314839,0.046306,-0.4101425,0.224314839,0.046306,-0.39018774,-0.120432019,0.04063475,0.0110047888,0.0161640048,0.022396978,0.022396978,-0.984595239,Hips,-0.828121543,0.022396978,0.00771161448
2.275,False,0,Head,-0.409994453,0.222127438,0.0462911054,-0.409994453,0.222127438,0.0462911054,-0.390054226,-0.120246753,0.0409542322,0.0112187518,0.0161759,0.0237439871,0.0237439871,-0.985205054,Hips,-0.8278453,0.0237439871,0.00761246961
2.2791667,False,0,Head,-0.4098445,0.219676018,0.04618081,-0.4098445,0.219676018,0.04618081,-0.38992095,-0.120274656,0.0411179066,0.0113587249,0.0161772519,0.0254101269,0.0254101269,-0.9858758,Hips,-0.8275175,0.0254101269,0.007393822
2.2833333,False,0,Head,-0.410810471,0.215212435,0.0457719639,-0.410810471,0.215212435,0.0457719639,-0.389773369,-0.12045785,0.041184783,0.0114346351,0.0161708,0.0272947028,0.0272947028,-0.986581147,Hips,-0.8271494,0.0272947028,0.007077702
2.2875,False,0,Head,-0.411141664,0.21167621,0.0454379544,-0.411141664,0.21167621,0.0454379544,-0.389599919,-0.120739296,0.04121244,0.0114405761,0.0161596444,0.0292951763,0.0292951763,-0.987296641,Hips,-0.8267531,0.0292951763,0.00668621575
2.29166675,False,0,Head,-0.411655,0.207845643,0.0450382456,-0.411655,0.207845643,0.0450382456,-0.389390945,-0.121061653,0.04126036,0.0113804359,0.0161477663,0.03130859,0.03130859,-0.9880006,Hips,-0.8264006,0.03130859,0.00627239
2.29583335,False,0,Head,-0.409144,0.208749279,0.0452605151,-0.409144,0.208749279,0.0452605151,-0.389138937,-0.121364713,0.0413897038,0.0112680485,0.0161403231,0.0332497954,0.0332497954,-0.9886746,Hips,-0.8260655,0.0332497954,0.00583610171
2.3,True,0,Head,-0.408937067,0.206191674,0.045039352,-0.408937067,0.206191674,0.045039352,-0.38883853,-0.121590078,0.0416642427,0.0112406854,0.01614047,0.03515939,0.03515939,-0.989303231,Hips,-0.825742066,0.03515939,0.00538595626
2.30416656,False,0,Head,-0.40871802,0.203725353,0.0448220968,-0.40871802,0.203725353,0.0448220968,-0.388499975,-0.12176688,0.04203713,0.0112780146,0.0161448512,0.03715163,0.03715163,-0.9899123,Hips,-0.8254165,0.03715163,0.004883595
2.3083334,False,0,Head,-0.399019718,0.238434047,0.04666325,-0.399019718,0.238434047,0.04666325,-0.388138652,-0.121962994,0.042421937,0.01126765,0.0161472168,0.0392580628,0.0392580628,-0.9905218,Hips,-0.8419689,0.0392580628,0.006885768
2.3125,False,0,Head,-0.398926139,0.240154386,0.0463617742,-0.398926139,0.240154386,0.0463617742,-0.38775754,-0.122176558,0.0428220034,0.0112244952,0.01614657,0.0413339138,0.0413339138,-0.9911127,Hips,-0.8414259,0.0413339138,0.00619607745
2.3166666,False,0,Head,-0.39883554,0.241427287,0.0460226759,-0.39883554,0.241427287,0.0460226759,-0.3873577,-0.12240646,0.0432437658,0.0111404322,0.01614525,0.0433783941,0.0433783941,-0.9916695,Hips,-0.8408686,0.0433783941,0.00546990242
2.32083344,False,0,Head,-0.3987471,0.24216938,0.04565458,-0.3987471,0.24216938,0.04565458,-0.386939645,-0.122649826,0.04369116,0.0110228006,0.0161427613,0.0453205369,0.0453205369,-0.992180467,Hips,-0.840308666,0.0453205369,0.00473178737
2.325,False,0,Head,-0.3986609,0.242325723,0.04526926,-0.3986609,0.242325723,0.04526926,-0.386506438,-0.122905143,0.0441707373,0.0108748516,0.0161411557,0.04709387,0.04709387,-0.992637157,Hips,-0.8397603,0.04709387,0.004006142
2.32916665,False,0,Head,-0.398573935,0.241881549,0.0448798873,-0.398573935,0.241881549,0.0448798873,-0.386056423,-0.123170011,0.04469025,0.0106974225,0.0161396731,0.0486337133,0.0486337133,-0.9930348,Hips,-0.839238,0.0486337133,0.0033167263
2.33333325,True,0,Head,-0.386766344,0.203481138,0.04529467,-0.386766344,0.203481138,0.04529467,-0.385592222,-0.12344151,0.04525721,0.0105455555,0.0161407869,0.0499251634,0.04141877,-0.9933717,Head,-0.175328225,0.04141877,-0.02929799
2.3375,False,0,Head,-0.386529177,0.2126559,0.0449882448,-0.386529177,0.2126559,0.0449882448,-0.385116339,-0.12372151,0.04585719,0.0104215089,0.0161430761,0.0510208,0.0308798328,-0.9936621,Head,-0.169427052,0.0308798328,-0.0248035826
2.3416667,False,0,Head,-0.386345834,0.218523026,0.0446519256,-0.386345834,0.218523026,0.0446519256,-0.384635568,-0.124008551,0.0464690924,0.0112224035,0.0161442738,0.0528930649,0.0218718443,-0.9939208,Head,-0.175273076,0.0218718443,-0.0180203225
2.3458333,False,0,Head,-0.386139154,0.228148252,0.0442094877,-0.386139154,0.228148252,0.0442094877,-0.384150982,-0.124303192,0.0470944643,0.0172593277,0.01614507,0.0598548278,0.018810017,-0.9941489,Head,-0.18111226,0.018810017,-0.0114878118
2.35,False,0,Head,-0.385945529,0.2389721,0.0436786562,-0.385945529,0.2389721,0.0436786562,-0.3836677,-0.1246028,0.0477335453,0.0181390774,0.0161451288,0.06866397,0.0181390774,-0.9943482,Head,-0.177378029,0.0181390774,-0.0222145338
2.35416675,False,0,Head,-0.385786325,0.248666838,0.04310096,-0.385786325,0.248666838,0.04310096,-0.383185625,-0.124907091,0.0483893156,0.0172783863,0.016144827,0.0765246749,0.0172783863,-0.994520247,Head,-0.18277438,0.0172783863,-0.0162502415
2.35833335,False,0,Head,-0.38985157,0.152502269,0.04419039,-0.38985157,0.152502269,0.04419039,-0.382706046,-0.1252152,0.0490649939,0.01641988,0.0161429662,0.08346654,0.01641988,-0.9946672,Head,-0.187918484,0.01641988,-0.0107102729
2.3625,False,0,Head,-0.387199432,0.142244041,0.04480931,-0.387199432,0.142244041,0.04480931,-0.382231,-0.125525087,0.0497646332,0.0155552654,0.0161418263,0.0894869938,0.0155552654,-0.994790852,Head,-0.192717463,0.0155552654,-0.00564701
2.36666656,True,0,Head,-0.387790859,0.136098355,0.0447162054,-0.387790859,0.136098355,0.0447162054,-0.381758451,-0.125836611,0.05049324,0.0145854708,0.0161405727,0.09448422,0.0145854708,-0.9948936,Head,-0.197078556,0.0145854708,-0.00111526856
2.3708334,False,0,Head,-0.389974,0.135338157,0.04411027,-0.389974,0.135338157,0.04411027,-0.381298065,-0.126145065,0.05124271,0.0136476709,0.0161394179,0.09846685,0.0136476709,-0.994977355,Head,-0.200835273,0.0136476709,0.002845601
2.375,False,0,Head,-0.386462331,0.123102009,0.0452050827,-0.386462331,0.123102009,0.0452050827,-0.380854249,-0.1264486,0.05200112,0.0128807835,0.0161376521,0.101582751,0.0128807835,-0.9950465,Head,-0.203929141,0.0128807835,0.00628078543
2.3791666,False,0,Head,-0.3872013,0.121511161,0.0449770465,-0.3872013,0.121511161,0.0449770465,-0.3804226,-0.126748741,0.0527720451,0.0122747477,0.01613567,0.10401123,0.0122747477,-0.9951052,Head,-0.206440687,0.0122747477,0.009266343
2.38333344,False,0,Head,-0.385432869,0.116081849,0.0455415472,-0.385432869,0.116081849,0.0455415472,-0.379998326,-0.1270473,0.0535564423,0.0118212933,0.016134765,0.105923653,0.0118212933,-0.995157063,Head,-0.20846343,0.0118212933,0.0118727582
2.3875,False,0,Head,-0.386681557,0.115918763,0.045134753,-0.386681557,0.115918763,0.045134753,-0.379579782,-0.127345264,0.05435574,0.0115138683,0.0161350314,0.107483089,0.0115138683,-0.9952043,Head,-0.210100621,0.0115138683,0.0141711086
2.39166665,False,0,Head,-0.3877117,0.115707941,0.0447682962,-0.3877117,0.115707941,0.0447682962,-0.379164457,-0.127642408,0.0551693439,0.0113473507,0.0161355287,0.108848765,0.0113473507,-0.9952491,Head,-0.211462662,0.0113473507,0.01622953
2.39583325,False,0,Head,-0.384922683,0.1103797,0.0457448065,-0.384922683,0.1103797,0.0457448065,-0.378750443,-0.127940953,0.0559954643,0.0113013126,0.0161381718,0.110158309,0.0113013126,-0.9952928,Head,-0.212664679,0.0113013126,0.018116504
2.4,True,0,Head,-0.389313281,0.115447037,0.0441213846,-0.389313281,0.115447037,0.0441213846,-0.378340721,-0.128240645,0.05683434,0.0111181727,0.0161404815,0.111309722,0.0111181727,-0.995336354,Head,-0.213823974,0.0111181727,0.0198985
2.4041667,False,0,Head,-0.384598523,0.107404567,0.0459399745,-0.384598523,0.107404567,0.0459399745,-0.377954721,-0.128528923,0.0576885939,0.0108146006,0.0161424428,0.112198211,0.0108146006,-0.995378554,Head,-0.214832753,0.0108146006,0.0215124
2.4083333,False,0,Head,-0.384461015,0.106349759,0.0460371226,-0.384461015,0.106349759,0.0460371226,-0.377608538,-0.128797814,0.0585567951,0.0105579831,0.0161430221,0.112812109,0.0105579831,-0.9954179,Head,-0.20514527,0.0105579831,0.01754304
2.4125,False,0,Head,-0.384340584,0.105504423,0.0461257063,-0.384340584,0.105504423,0.0461257063,-0.377296567,-0.129052341,0.059425354,0.0103103817,0.0161418077,0.11317531,0.0103103817,-0.9954558,Head,-0.2055602,0.0103103817,0.0186705347
2.41666675,False,0,Head,-0.384233117,0.104844034,0.0462002419,-0.384233117,0.104844034,0.0462002419,-0.3770088,-0.129297048,0.0602849722,0.0101059992,0.0161406882,0.113324329,0.0101059992,-0.995493352,Head,-0.2057353,0.0101059992,0.0195940733
2.42083335,False,0,Head,-0.384137183,0.104405895,0.04625268,-0.384137183,0.104405895,0.04625268,-0.3767395,-0.129537821,0.061128974,0.0100024138,0.01613924,0.113361478,0.0100024138,-0.995531559,Head,-0.205708772,0.0100024138,0.0203399323
2.425,False,0,Head,-0.3840492,0.104206853,0.04627735,-0.3840492,0.104206853,0.04627735,-0.3764801,-0.1297781,0.06195104,0.0100439489,0.0161387715,0.113374576,0.0100439489,-0.995571554,Head,-0.205519781,0.0100439489,0.0209358353
2.42916656,False,0,Head,-0.383963257,0.104140654,0.04627972,-0.383963257,0.104140654,0.04627972,-0.37622,-0.1300246,0.06274772,0.0101523986,0.01613907,0.113327853,0.0101523986,-0.995614231,Head,-0.205208376,0.0101523986,0.0214089565
2.4333334,True,0,Head,-0.3838743,0.104097694,0.0462678038,-0.3838743,0.104097694,0.0462678038,-0.375950217,-0.1302798,0.06351721,0.0102401543,0.0161412042,0.113176994,0.0102401543,-0.995660365,Head,-0.2048133,0.0102401543,0.0217854548
2.4375,False,0,Head,-0.388382733,0.110754892,0.0439217947,-0.388382733,0.110754892,0.0439217947,-0.375677,-0.1305312,0.0642979145,0.0103875762,0.0161441024,0.112933122,0.0103875762,-0.995708644,Head,-0.204270676,0.0103875762,0.0220162272
2.4416666,False,0,Head,-0.3882694,0.111030743,0.04387435,-0.3882694,0.111030743,0.04387435,-0.375423431,-0.130760029,0.0651119947,0.0105960444,0.0161484722,0.112526372,0.0105960444,-0.995757759,Head,-0.203515559,0.0105960444,0.0220552068
2.44583344,False,0,Head,-0.3881691,0.111414656,0.04383606,-0.3881691,0.111414656,0.04383606,-0.375202417,-0.130966336,0.06593752,0.0107809789,0.0161511619,0.111912608,0.0107809789,-0.9958084,Head,-0.202589124,0.0107809789,0.0219329223
2.45,False,0,Head,-0.3875563,0.111183204,0.04408424,-0.3875563,0.111183204,0.04408424,-0.375022173,-0.131151661,0.0667536259,0.0109274145,0.0161531065,0.111116834,0.0109274145,-0.9958616,Head,-0.2015313,0.0109274145,0.021679543
2.45416665,False,0,Head,-0.38676998,0.110762157,0.0444450155,-0.38676998,0.110762157,0.0444450155,-0.374884725,-0.1313183,0.06754351,0.0110295359,0.0161522068,0.1101782,0.0110295359,-0.9959179,Head,-0.210678846,0.0110295359,0.0268157236
2.45833325,False,0,Head,-0.3835954,0.107424811,0.0461582467,-0.3835954,0.107424811,0.0461582467,-0.374788523,-0.131471932,0.0682914257,0.0110674091,0.0161497612,0.109149925,0.0110674091,-0.9959781,Head,-0.209464952,0.0110674091,0.02641923
2.4625,False,0,Head,-0.383622259,0.108052634,0.0460982323,-0.383622259,0.108052634,0.0460982323,-0.374722242,-0.131620184,0.0689826,0.0110860877,0.01614546,0.108082443,0.0110860877,-0.996042967,Head,-0.208239079,0.0110860877,0.0259839147
2.4666667,True,0,Head,-0.3836614,0.108605288,0.0460089967,-0.3836614,0.108605288,0.0460089967,-0.374673128,-0.131772235,0.0696013,0.0110727288,0.0161411054,0.107002817,0.0110727288,-0.996113,Head,-0.207038984,0.0110727288,0.0255395714
2.4708333,False,0,Head,-0.385062635,0.111270487,0.0450362079,-0.385062635,0.111270487,0.0450362079,-0.374588966,-0.131944165,0.07018268,0.0111174677,0.0161384325,0.105919451,0.0111174677,-0.9961867,Head,-0.205802053,0.0111174677,0.02503544
2.475,False,0,Head,-0.387290746,0.116970845,0.04332184,-0.387290746,0.116970845,0.04332184,-0.374458671,-0.1321278,0.07077026,0.0112209264,0.0161392242,0.104727834,0.0112209264,-0.99626267,Head,-0.204465479,0.0112209264,0.0244205445
2.47916675,False,0,Head,-0.386374056,0.1165078,0.0437360555,-0.386374056,0.1165078,0.0437360555,-0.374316454,-0.132302925,0.07135987,0.011300873,0.0161408633,0.103438318,0.011300873,-0.9963416,Head,-0.203068987,0.011300873,0.0237249043
2.48333335,False,0,Head,-0.385441,0.116035834,0.0441998243,-0.385441,0.116035834,0.0441998243,-0.374188662,-0.132454187,0.07194781,0.0113419425,0.0161440112,0.10207577,0.0113419425,-0.996424139,Head,-0.2016519,0.0113419425,0.02297792
2.4875,False,0,Head,-0.384515941,0.11556714,0.04470756,-0.384515941,0.11556714,0.04470756,-0.374095917,-0.132571548,0.0725280046,0.0113434866,0.0161454231,0.100680619,0.0113434866,-0.9965107,Head,-0.200251728,0.0113434866,0.02221054
2.49166656,False,0,Head,-0.3872531,0.120644838,0.0427783728,-0.3872531,0.120644838,0.0427783728,-0.3740511,-0.132649854,0.07308853,0.0113042,0.01614613,0.09929403,0.0113042,-0.996602,Head,-0.198905945,0.0113042,0.0214535613
2.4958334,False,0,Head,-0.386615366,0.120379135,0.0431716256,-0.386615366,0.120379135,0.0431716256,-0.3740635,-0.132688254,0.0736148357,0.011223956,0.0161447916,0.09795788,0.011223956,-0.9966985,Head,-0.1976501,0.011223956,0.02073705
2.5,True,0,Head,-0.386049181,0.12011154,0.04355937,-0.386049181,0.12011154,0.04355937,-0.374137163,-0.132691428,0.0740866661,0.0111018708,0.0161406714,0.0967157,0.0111018708,-0.9968006,Head,-0.196520239,0.0111018708,0.02009221
2.5041666,False,0,Head,-0.385534018,0.119859166,0.0439177044,-0.385534018,0.119859166,0.0439177044,-0.374231339,-0.132700533,0.0744921,0.0109966807,0.0161363389,0.09560491,0.0109966807,-0.996907,Head,-0.1954951,0.0109966807,0.01950739
2.50833344,False,0,Head,-0.385042459,0.119619846,0.0442387238,-0.385042459,0.119619846,0.0442387238,-0.374298334,-0.132742822,0.07483673,0.0109314881,0.01613473,0.0945981145,0.0109314881,-0.9970162,Head,-0.194530055,0.0109314881,0.0189476777
2.5125,False,0,Head,-0.384576827,0.119364642,0.0445251875,-0.384576827,0.119364642,0.0445251875,-0.3743255,-0.13280879,0.07512987,0.0108709373,0.0161338262,0.0936627,0.0108709373,-0.997128546,Head,-0.193626016,0.0108709373,0.0184106771
2.51666665,False,0,Head,-0.384137869,0.119088352,0.0447768942,-0.384137869,0.119088352,0.0447768942,-0.3743074,-0.132884964,0.0753746,0.0108070951,0.0161352456,0.0927934349,0.0108070951,-0.9972443,Head,-0.192782909,0.0108070951,0.0178933647
2.52083325,False,0,Head,-0.3875532,0.124050982,0.04228311,-0.3875532,0.124050982,0.04228311,-0.3742392,-0.132960975,0.0755761862,0.0107405894,0.0161366016,0.09199317,0.0107405894,-0.997363567,Head,-0.192000747,0.0107405894,0.01739197
2.525,False,0,Head,-0.387031883,0.123498805,0.04256376,-0.387031883,0.123498805,0.04256376,-0.37412,-0.133026719,0.07574141,0.0106716035,0.0161383841,0.091264464,0.0106716035,-0.9974866,Head,-0.191279978,0.0106716035,0.0169042349
2.5291667,False,0,Head,-0.386556774,0.122971617,0.0428084247,-0.386556774,0.122971617,0.0428084247,-0.373954177,-0.133071855,0.07587445,0.010599562,0.016140271,0.09060923,0.010599562,-0.9976133,Head,-0.1906211,0.010599562,0.0164269824
2.5333333,True,0,Head,-0.386125028,0.1224733,0.0430282131,-0.386125028,0.1224733,0.0430282131,-0.373749852,-0.133085221,0.07598281,0.0105250329,0.0161410309,0.0900301039,0.0105250329,-0.9977438,Head,-0.190023556,0.0105250329,0.0159577262
2.5375,False,0,Head,-0.3857618,0.121989623,0.0431986451,-0.3857618,0.121989623,0.0431986451,-0.373522162,-0.133087263,0.0760377645,0.010420545,0.0161401164,0.0895327851,0.010420545,-0.997877538,Head,-0.189515367,0.010420545,0.0155180236
2.54166675,False,0,Head,-0.385480762,0.121539682,0.0432894826,-0.385480762,0.121539682,0.0432894826,-0.373270631,-0.133110508,0.07601488,0.010305265,0.0161381271,0.0891494453,0.010305265,-0.9980138,Head,-0.189105168,0.010305265,0.015121608
2.54583335,False,0,Head,-0.385266751,0.121138692,0.04330294,-0.385266751,0.121138692,0.04330294,-0.37298286,-0.133155167,0.07592106,0.0102114156,0.0161358844,0.0888840258,0.0102114156,-0.9981512,Head,-0.188769668,0.0102114156,0.0147503139
2.55,False,0,Head,-0.385101527,0.120779283,0.04325008,-0.385101527,0.120779283,0.04325008,-0.372648835,-0.133218125,0.0757677555,0.010145776,0.0161340088,0.08871309,0.010145776,-0.9982886,Head,-0.188485175,0.010145776,0.0143864676
2.55416656,False,0,Head,-0.384966552,0.120446786,0.0431413352,-0.384966552,0.120446786,0.0431413352,-0.372260928,-0.133296937,0.07556307,0.0101080164,0.0161330588,0.08860741,0.0101080164,-0.998424947,Head,-0.188227862,0.0101080164,0.0140110515
2.5583334,False,0,Head,-0.384843022,0.1201276,0.04299026,-0.384843022,0.1201276,0.04299026,-0.371806622,-0.1333857,0.0753212,0.0100984527,0.01613359,0.08853794,0.0100984527,-0.9985592,Head,-0.187974319,0.0100984527,0.0136062643
2.5625,False,0,Head,-0.384713054,0.119807757,0.0428071655,-0.384713054,0.119807757,0.0428071655,-0.3712759,-0.133479834,0.07505119,0.0101174861,0.0161353089,0.08847549,0.0101174861,-0.99869,Head,-0.18770206,0.0101174861,0.0131528592
2.5666666,True,0,Head,-0.384558529,0.11947196,0.0426005423,-0.384558529,0.11947196,0.0426005423,-0.37065208,-0.133573845,0.07476354,0.0101652471,0.0161404777,0.08839025,0.0101652471,-0.9988167,Head,-0.1873878,0.0101652471,0.0126326717
2.57083344,False,0,Head,-0.3843891,0.119084284,0.04236246,-0.3843891,0.119084284,0.04236246,-0.369940162,-0.133671775,0.0744366646,0.0101993755,0.0161462724,0.0882561654,0.0101993755,-0.998939335,Head,-0.187044442,0.0101993755,0.0120452112
2.575,False,0,Head,-0.384225875,0.118646637,0.04208073,-0.384225875,0.118646637,0.04208073,-0.369166136,-0.1337773,0.07404494,0.0102040358,0.0161513183,0.08809451,0.0102040358,-0.999058,Head,-0.186699614,0.0102040358,0.0114084044
2.57916665,False,0,Head,-0.384067476,0.1181886,0.04176022,-0.384067476,0.1181886,0.04176022,-0.368340015,-0.133888319,0.0735966,0.0102071268,0.0161551367,0.0879280344,0.0102071268,-0.9991712,Head,-0.18635276,0.0102071268,0.010728918
2.58333325,False,0,Head,-0.3839118,0.117717214,0.04140898,-0.3839118,0.117717214,0.04140898,-0.367471218,-0.134003609,0.0731008053,0.0102130137,0.0161575247,0.0877596438,0.0102130137,-0.9992777,Head,-0.186003283,0.0102130137,0.0100132227
2.5875,False,0,Head,-0.383755475,0.117235012,0.04103583,-0.383755475,0.117235012,0.04103583,-0.366566658,-0.134122357,0.07256889,0.0102212951,0.01615797,0.08758718,0.0102212951,-0.999376535,Head,-0.185649633,0.0102212951,0.009268004
2.5916667,False,0,Head,-0.383598536,0.1167446,0.0406451523,-0.383598536,0.1167446,0.0406451523,-0.365630865,-0.134242415,0.07200825,0.0102327755,0.016157778,0.08740828,0.0102327755,-0.9994666,Head,-0.185292453,0.0102327755,0.008500451
2.5958333,False,0,Head,-0.383437574,0.1162475,0.04024487,-0.383437574,0.1162475,0.04024487,-0.364670277,-0.134363681,0.0714290142,0.0102467556,0.016156923,0.087219514,0.0102467556,-0.999547243,Head,-0.1849296,0.0102467556,0.007716797
2.6,True,0,Head,-0.379178256,0.110419579,0.04230426,-0.379178256,0.110419579,0.04230426,-0.3636856,-0.13448672,0.0708406,0.010263361,0.0161565244,0.08701935,0.010263361,-0.9996178,Head,-0.184561282,0.010263361,0.006924755
2.60416675,False,0,Head,-0.378911227,0.109763272,0.0418848321,-0.378911227,0.109763272,0.0418848321,-0.3626578,-0.1346128,0.07021332,0.0102756992,0.016158361,0.08680453,0.0102756992,-0.999678552,Head,-0.1841889,0.0102756992,0.006112708
2.60833335,False,0,Head,-0.378633618,0.109061725,0.04142163,-0.378633618,0.109061725,0.04142163,-0.361580133,-0.134741455,0.06951785,0.0102861663,0.0161621254,0.08657914,0.0102861663,-0.9997292,Head,-0.183813691,0.0102861663,0.005268449
2.6125,False,0,Head,-0.378347129,0.108332887,0.04092819,-0.378347129,0.108332887,0.04092819,-0.360470653,-0.134868532,0.06876993,0.0102980956,0.0161660612,0.08634497,0.0102980956,-0.999769151,Head,-0.18343468,0.0102980956,0.00439854432
2.61666656,False,0,Head,-0.3780538,0.107587926,0.04041542,-0.3780538,0.107587926,0.04041542,-0.3593483,-0.134991527,0.0679816,0.0103120487,0.0161681119,0.0861014053,0.0103120487,-0.999797642,Head,-0.183052674,0.0103120487,0.00350930751
2.6208334,False,0,Head,-0.3777544,0.1068382,0.0398945771,-0.3777544,0.1068382,0.0398945771,-0.35822475,-0.135108635,0.06716788,0.0103281327,0.01616699,0.08584601,0.0103281327,-0.9998143,Head,-0.182666466,0.0103281327,0.00260665733
2.625,False,0,Head,-0.377450138,0.106092796,0.0393764228,-0.377450138,0.106092796,0.0393764228,-0.3571155,-0.135219112,0.06634307,0.01034639,0.01616207,0.0855769739,0.01034639,-0.999818861,Head,-0.182275638,0.01034639,0.00169756461
2.6291666,False,0,Head,-0.377141356,0.105358474,0.0388700627,-0.377141356,0.105358474,0.0388700627,-0.356028318,-0.135322124,0.065520525,0.0103660813,0.0161537249,0.08529303,0.0103660813,-0.999811351,Head,-0.18187961,0.0103660813,0.000788670033
2.63333344,True,0,Head,-0.376829,0.104642645,0.0383847728,-0.376829,0.104642645,0.0383847728,-0.354973316,-0.13541919,0.0647161,0.0103878109,0.0161415022,0.0849925354,0.0103878109,-0.999792,Head,-0.181478143,0.0103878109,-0.000113009191
2.6375,False,0,Head,-0.37650615,0.103906445,0.0378866456,-0.37650615,0.103906445,0.0378866456,-0.353905559,-0.135514572,0.0638901,0.0104069663,0.016134914,0.08467362,0.0104069663,-0.9997605,Head,-0.181072339,0.0104069663,-0.0010184166
2.64166665,False,0,Head,-0.376167625,0.103123158,0.03734713,-0.376167625,0.103123158,0.03734713,-0.352796078,-0.13561371,0.063005805,0.0104241995,0.01613645,0.0843384862,0.0104241995,-0.99971664,Head,-0.180663,0.0104241995,-0.00193783059
2.64583325,False,0,Head,-0.37581715,0.102313071,0.0367836654,-0.37581715,0.102313071,0.0367836654,-0.351672769,-0.135711387,0.0620811,0.0104413275,0.0161434487,0.0839895,0.0104413275,-0.999660254,Head,-0.180250525,0.0104413275,-0.002865333
2.65,False,0,Head,-0.375457883,0.101492643,0.0362115279,-0.375457883,0.101492643,0.0362115279,-0.350558639,-0.1358035,0.06113398,0.0104595721,0.0161499735,0.08362602,0.0104595721,-0.9995916,Head,-0.179835081,0.0104595721,-0.0037949062
2.6541667,False,0,Head,-0.375092477,0.100679219,0.035647586,-0.375092477,0.100679219,0.035647586,-0.349478126,-0.135888934,0.0601835251,0.0104792677,0.0161543451,0.0832396746,0.0104792677,-0.999510944,Head,-0.179415718,0.0104792677,-0.00472124247
2.6583333,False,0,Head,-0.3747239,0.09988641,0.0351075158,-0.3747239,0.09988641,0.0351075158,-0.348453522,-0.135964185,0.0592489243,0.0104999524,0.0161528625,0.08281735,0.0104999524,-0.999418855,Head,-0.178992689,0.0104999524,-0.00563775236
2.6625,False,0,Head,-0.3743547,0.09912685,0.034606427,-0.3743547,0.09912685,0.034606427,-0.347503543,-0.1360282,0.058349967,0.0105209406,0.01614395,0.08237874,0.0105209406,-0.999316156,Head,-0.178565562,0.0105209406,-0.006538167
2.66666675,True,0,Head,-0.373988062,0.09841403,0.0341601223,-0.373988062,0.09841403,0.0341601223,-0.3466462,-0.136079058,0.0575085878,0.0105420891,0.0161252562,0.08192361,0.0105420891,-0.999203742,Head,-0.1781346,0.0105420891,-0.007416335
2.67083335,False,0,Head,-0.373617738,0.09771731,0.0337392,-0.373617738,0.09771731,0.0337392,-0.3458203,-0.136123225,0.05669558,0.0105632748,0.01611319,0.08145113,0.0105632748,-0.9990812,Head,-0.177699715,0.0105632748,-0.008280461
2.675,False,0,Head,-0.3732378,0.0970047861,0.0333118774,-0.3732378,0.0970047861,0.0333118774,-0.34497416,-0.136167511,0.0558767319,0.010582068,0.0161174629,0.0809618,0.010582068,-0.998947859,Head,-0.1772616,0.010582068,-0.009140666
2.67916656,False,0,Head,-0.3728497,0.09628973,0.0328893922,-0.3728497,0.09628973,0.0328893922,-0.344136834,-0.136209562,0.0550636053,0.0106013957,0.0161310676,0.080457516,0.0106013957,-0.99880445,Head,-0.176820546,0.0106013957,-0.009991754
2.6833334,False,0,Head,-0.37245512,0.0955807343,0.03248269,-0.37245512,0.0955807343,0.03248269,-0.343335032,-0.136247441,0.05426848,0.0106199337,0.016147973,0.07993786,0.0106199337,-0.9986519,Head,-0.176376641,0.0106199337,-0.0108282166
2.6875,False,0,Head,-0.3720508,0.0948719457,0.0320865028,-0.3720508,0.0948719457,0.0320865028,-0.342582941,-0.136281133,0.0534893274,0.0106386123,0.0161608849,0.07940431,0.0106386123,-0.998491347,Head,-0.17593047,0.0106386123,-0.0116442824
2.6916666,False,0,Head,-0.371600062,0.09404729,0.0315885171,-0.371600062,0.09404729,0.0315885171,-0.341806173,-0.136309758,0.0526245832,0.010656965,0.0161637049,0.0788571239,0.010656965,-0.998324,Head,-0.175481677,0.010656965,-0.0124345506
2.69583344,False,0,Head,-0.371155977,0.09328605,0.0311658289,-0.371155977,0.09328605,0.0311658289,-0.341160774,-0.136326566,0.0518436432,0.01067493,0.0161567386,0.07829651,0.01067493,-0.998151243,Head,-0.175030753,0.01067493,-0.0131930951
2.7,True,0,Head,-0.37072137,0.0926009044,0.0308334231,-0.37072137,0.0926009044,0.0308334231,-0.3406694,-0.136329859,0.0511645079,0.0106925843,0.016135782,0.0777233541,0.0106925843,-0.9979748,Head,-0.174577862,0.0106925843,-0.0139149725
2.70416665,False,0,Head,-0.37028113,0.09171569,0.0303239617,-0.37028113,0.09171569,0.0303239617,-0.3396598,-0.13626112,0.05033374,0.0106426971,0.016136732,0.07717883,0.0106426971,-0.997799,Head,-0.17416501,0.0106426971,-0.0146206142
2.70833325,False,0,Head,-0.366359562,0.08627806,0.0306827649,-0.366359562,0.08627806,0.0306827649,-0.337831974,-0.136090413,0.0492301,0.010567436,0.0161801241,0.07674897,0.010567436,-0.9976254,Head,-0.173808113,0.010567436,-0.015324031
2.7125,False,0,Head,-0.366096735,0.085394226,0.02971534,-0.366096735,0.085394226,0.02971534,-0.335745931,-0.1358656,0.0480743647,0.0105271051,0.0162393544,0.07641481,0.0105271051,-0.9974517,Head,-0.182485372,0.0105271051,0.001193597
2.7166667,False,0,Head,-0.365810156,0.08467276,0.0289072059,-0.365810156,0.08467276,0.0289072059,-0.333934069,-0.135644644,0.0470719337,0.0105122924,0.0162936561,0.07612043,0.0105122924,-0.9972749,Head,-0.182113647,0.0105122924,0.0005511119
2.7208333,False,0,Head,-0.361695766,0.07899,0.0296906121,-0.361695766,0.07899,0.0296906121,-0.332903862,-0.135495424,0.0464223623,0.0106112249,0.01632329,0.07578603,0.0106112249,-0.9970915,Head,-0.181677639,0.0106112249,-3.28568422E-05
2.725,False,0,Head,-0.365002066,0.08401223,0.0285953656,-0.365002066,0.08401223,0.0285953656,-0.333124161,-0.13548699,0.04631102,0.0107892854,0.0163141359,0.075276345,0.0107892854,-0.9968978,Head,-0.181136936,0.0107892854,-0.00053768314
2.72916675,False,0,Head,-0.364394456,0.0841239244,0.0294183344,-0.364394456,0.0841239244,0.0294183344,-0.334987879,-0.135682151,0.04686582,0.0110370126,0.0162551068,0.07448073,0.0110370126,-0.9966897,Head,-0.180449352,0.0110370126,-0.0009442675
2.73333335,True,0,Head,-0.367176,0.08885827,0.0298697017,-0.367176,0.08885827,0.0298697017,-0.338792682,-0.13612628,0.04815495,0.0113600157,0.016138088,0.07329768,0.0113600157,-0.9964622,Head,-0.179570541,0.0113600157,-0.00123877474
2.7375,False,0,Head,-0.373799175,0.09896622,0.030185651,-0.373799175,0.09896622,0.030185651,-0.345221162,-0.137046337,0.0507589579,0.01172981,0.0160511918,0.07148819,0.01172981,-0.9961854,Head,-0.169837832,0.01172981,-0.018873658
2.74166656,False,0,Head,-0.377140969,0.106513813,0.03234505,-0.377140969,0.106513813,0.03234505,-0.3536327,-0.1384159,0.0544573069,0.0121121472,0.016056288,0.06902603,0.0121121472,-0.995846,Head,-0.16855967,0.0121121472,-0.0191232543
2.7458334,False,0,Head,-0.388211459,0.116612352,0.0320629776,-0.388211459,0.116612352,0.0320629776,-0.362545,-0.1398868,0.05835831,0.0114416983,0.01611896,0.0663660541,0.0127962613,-0.9954665,Head,-0.167094812,0.0127962613,-0.0193637572
2.75,False,0,Head,-0.390738726,0.123322859,0.03373199,-0.390738726,0.123322859,0.03373199,-0.37077117,-0.141159281,0.0617624521,0.0107554793,0.0162048638,0.0656253,0.0156668965,-0.995073855,Head,-0.1655277,0.0156668965,-0.0196070317
2.7541666,False,0,Head,-0.393908,0.129336536,0.0342004225,-0.393908,0.129336536,0.0342004225,-0.37755537,-0.141974926,0.0642238855,0.0106075276,0.0162820332,0.06542453,0.019094469,-0.994700253,Head,-0.163948849,0.019094469,-0.0198499728
2.75833344,False,0,Head,-0.3960696,0.133417279,0.03400644,-0.3960696,0.133417279,0.03400644,-0.3826208,-0.142103225,0.06555879,0.0103964023,0.0163172353,0.0652200058,0.0222645439,-0.994381845,Head,-0.162453011,0.0222645439,-0.0200708937
2.7625,False,0,Head,-0.396544725,0.13534157,0.03363789,-0.396544725,0.13534157,0.03363789,-0.3861271,-0.141324311,0.0657844543,0.0101307705,0.0162798855,0.06507898,0.0249525122,-0.9941579,Head,-0.1611402,0.0249525122,-0.0202280451
2.76666665,True,0,Head,-0.395807832,0.13595885,0.03319935,-0.395807832,0.13595885,0.03319935,-0.38852,-0.139430314,0.06500697,0.009999369,0.0161358416,0.06524932,0.027096523,-0.994067848,Head,-0.16011484,0.027096523,-0.0202655
2.77083325,False,0,Head,-0.39000082,0.131392777,0.0307203289,-0.39000082,0.131392777,0.0307203289,-0.384058,-0.138808832,0.0611258745,0.010002438,0.0159957148,0.06549592,0.0291284118,-0.9940316,Head,-0.2675551,0.0291284118,-0.0451025963
2.775,False,0,Head,-0.377242863,0.119741365,0.025144903,-0.377242863,0.119741365,0.025144903,-0.3701439,-0.1406355,0.05318308,0.0100468043,0.0159727689,0.06556967,0.03069419,-0.993981,Head,-0.266583323,0.03069419,-0.0439244844
2.7791667,False,0,Head,-0.3612628,0.102287859,0.01833196,-0.3612628,0.102287859,0.01833196,-0.352370739,-0.142797917,0.0431689024,0.0101551246,0.0160349347,0.06567076,0.0323319957,-0.993973,Head,-0.265573323,0.0323319957,-0.04271168
2.7833333,False,0,Head,-0.347403467,0.1403474,0.006434124,-0.347403467,0.1403474,0.006434124,-0.3368051,-0.143388823,0.0331912041,0.0103309015,0.0161464866,0.06598088,0.0337902233,-0.9940655,Head,-0.264697254,0.0337902233,-0.0415619723
2.7875,False,0,Head,-0.339380324,0.1999856,-0.00402229466,-0.339380324,0.1999856,-0.00402229466,-0.329714537,-0.140764683,0.0253191,0.0105732428,0.016263945,0.06667871,0.03478782,-0.994313657,Head,-0.264144123,0.03478782,-0.0405596681
2.79166675,False,0,Head,-0.339391679,0.199203342,-0.003979029,-0.339391679,0.199203342,-0.003979029,-0.33700645,-0.133170173,0.0215322971,0.0108847143,0.0163408518,0.06794559,0.03503293,-0.994763,Head,-0.2641129,0.03503293,-0.03978624
2.79583335,False,0,Head,-0.3608357,0.1007748,0.00743261725,-0.3608357,0.1007748,0.00743261725,-0.363291979,-0.1180076,0.0237578154,0.0112711163,0.0163185336,0.0699615851,0.034247756,-0.995439351,Head,-0.264807045,0.034247756,-0.0393401347
2.8,True,0,Head,-0.394190669,0.131055236,0.01868901,-0.394190669,0.131055236,0.01868901,-0.410425425,-0.0911746,0.0337036848,0.0117410235,0.0161324963,0.0728727058,0.0322017968,-0.9963337,Head,-0.266422033,0.0322017968,-0.03935754
2.80416656,False,0,Neck,-0.407208085,0.3148078,0.0298720356,-0.407208085,0.3148078,0.0298720356,-0.483359575,-0.0431537032,0.0484163761,0.0121860718,0.0165640041,0.07676202,0.02586601,-0.9973994,Head,-0.1608231,0.02586601,-0.0143392244
2.8083334,False,0,UpperChest,-0.5550366,0.106431961,0.049608998,-0.5550366,0.106431961,0.049608998,-0.5641041,0.0282377154,0.0559417,0.0147922514,0.0179978274,0.08389449,0.0192224216,-0.9984477,Head,-0.16545324,0.0192224216,-0.0118670808
2.8125,False,0,UpperChest,-0.502963662,0.354420781,0.04425303,-0.502963662,0.354420781,0.04425303,-0.620811462,0.108401679,0.0463588238,0.017974928,0.0198577754,0.09860809,0.017974928,-0.9992403,Head,-0.171228319,0.017974928,-0.009535237
2.8166666,False,0,UpperChest,-0.530498445,0.3670904,0.0274445228,-0.530498445,0.3670904,0.0274445228,-0.633362055,0.176566064,0.0187492371,0.0181341413,0.0215899348,0.115832791,0.0181341413,-0.999593258,Head,-0.177873567,0.0181341413,-0.00777365733
2.82083344,False,0,UpperChest,-0.505576,0.37221,0.00189476274,-0.505576,0.37221,0.00189476274,-0.5962533,0.218177319,-0.0183404684,0.01811126,0.0226185713,0.132505149,0.01811126,-0.999403,Head,-0.174628988,0.01811126,0.005962319
2.825,False,0,Neck,-0.443970323,0.367916644,-0.0247265082,-0.443970323,0.367916644,-0.0247265082,-0.5164888,0.232993111,-0.0532079935,0.01693594,0.0223719813,0.14545168,0.01693594,-0.998660564,Head,-0.182683885,0.01693594,0.006232555
2.82916665,False,0,Neck,-0.387827575,0.33987,-0.05023619,-0.387827575,0.33987,-0.05023619,-0.410175085,0.2325335,-0.07751596,0.0155233191,0.0203382559,0.155186668,0.0155233191,-0.997452557,Head,-0.190561607,0.0155233191,0.00520064263
2.83333325,True,0,Head,-0.2910753,0.312933534,-0.0595032573,-0.2910753,0.312933534,-0.0595032573,-0.299831748,0.230953738,-0.08765066,0.0151055558,0.016128486,0.16418533,0.0151055558,-0.9959492,Head,-0.197885871,0.0151055558,0.00283111422
2.8375,False,0,Head,-0.2026977,0.283331275,-0.06763833,-0.2026977,0.283331275,-0.06763833,-0.2024653,0.241704836,-0.0884708762,0.0159504376,0.0111892661,0.173866481,0.0159504376,-0.9940834,Head,-0.205392122,0.0159504376,-0.00112555991
2.8416667,False,0.0475201458,Head,-0.1370466,0.286236227,-0.08227226,-0.1701266,0.258498877,-0.0624098,-0.129307747,0.2737597,-0.09223002,0.0154298721,0.0121078836,0.183218747,0.0154298721,-0.9916585,Head,-0.208851784,0.0154298721,0.0104009043
2.8458333,False,0.108857706,Head,-0.09990241,0.3378316,-0.08703168,-0.172387376,0.2669198,-0.04744069,-0.09333789,0.327158362,-0.09823978,0.0139179677,0.012076987,0.191142112,0.0139179677,-0.988749146,Head,-0.218149334,0.0139179677,0.00370560517
2.85,False,0.159672126,Head,-0.0987355039,0.4040465,-0.09139067,-0.1945656,0.286704957,-0.04096506,-0.09516609,0.397786468,-0.09969795,0.0116040036,0.0117451241,0.196746886,0.0116040036,-0.9854951,Head,-0.227054283,0.0116040036,-0.003875624
2.85416675,False,0.20814158,Head,-0.12312343,0.479991585,-0.0913509,-0.219315365,0.3039761,-0.0357759632,-0.123123527,0.479991734,-0.09135085,0.0101129916,0.0117065152,0.200983569,0.0101129916,-0.982093751,Head,-0.235149622,0.0101129916,-0.0116610322
2.85833335,False,0.266181231,Head,-0.1600849,0.5663427,-0.0750148,-0.250730038,0.323245436,-0.0155200735,-0.160084724,0.5663427,-0.07501459,0.010378262,0.0123821171,0.204692483,0.010378262,-0.9787807,Head,-0.241649926,0.010378262,-0.019332055
2.8625,False,0.298377961,Neck,-0.191325113,0.6468031,-0.0574828275,-0.384267777,0.419216275,-0.0600864664,-0.191325068,0.646802962,-0.05748278,0.0118340831,0.0139010018,0.207541525,0.0118340831,-0.975796,Head,-0.237593964,0.0118340831,-0.005412625
2.86666656,True,0.334600657,Neck,-0.207771212,0.709747732,-0.0459791,-0.384283423,0.425706565,-0.05700914,-0.207771182,0.70974797,-0.045979023,0.0134991156,0.0161611438,0.20863831,0.0134991156,-0.9733457,Head,-0.240085885,0.0134991156,-0.011197879
2.8708334,False,0.3669732,Neck,-0.21040152,0.754377067,-0.03826955,-0.3979729,0.4396461,-0.059023533,-0.2104013,0.754376948,-0.03826964,0.01578648,0.018423738,0.207596287,0.01578648,-0.9714288,Head,-0.239835709,0.01578648,-0.0160216168
2.875,False,0.3971034,Neck,-0.20461005,0.7890467,-0.0296903756,-0.400136441,0.44443053,-0.056152422,-0.204609871,0.7890465,-0.0296905041,0.017818898,0.02010037,0.203986555,0.017818898,-0.96972543,Head,-0.237440661,0.017818898,-0.0202306286
2.8791666,False,0.4251005,Neck,-0.191572711,0.815451145,-0.0223083645,-0.392448932,0.441768229,-0.04914615,-0.191572666,0.8154511,-0.0223084688,0.0180328563,0.021201903,0.197920486,0.0180328563,-0.9678874,Head,-0.24509,0.0180328563,0.07314087
2.88333344,False,0.4492174,Neck,-0.1730009,0.835187435,-0.0173118114,-0.379243821,0.437189,-0.04659313,-0.17300117,0.8351875,-0.01731193,0.018657377,0.021781316,0.191645175,0.018657377,-0.96558094,Head,-0.2405936,0.018657377,0.0699234
2.8875,False,0.471057773,Neck,-0.15125,0.850278854,-0.0151122706,-0.380208433,0.440211535,-0.0514201447,-0.151249886,0.850278854,-0.0151122212,0.01971684,0.0219494626,0.184666976,0.01971684,-0.9625234,Head,-0.235237852,0.01971684,0.0671744049
2.89166665,False,0.492410749,RightUpperArm,-0.129100129,0.863095939,-0.0153549192,-0.38186875,0.442719728,-0.05848493,-0.129100084,0.863095939,-0.0153548717,0.0204563178,0.0218818337,0.176559836,0.0204563178,-0.9585139,Head,-0.229623765,0.0204563178,0.0647908747
2.89583325,False,0.5138574,RightUpperArm,-0.109363534,0.875931442,-0.0168574583,-0.376061052,0.438381,-0.0552170575,-0.109363437,0.8759316,-0.0168573856,0.02076461,0.0218116026,0.167406514,0.02076461,-0.953448832,Head,-0.224302754,0.02076461,0.06263179
2.9,True,0.534516335,Neck,-0.09448657,0.8906333,-0.0176578239,-0.365210444,0.431084424,-0.0527451336,-0.0944865942,0.890633345,-0.0176578164,0.0206249431,0.02201292,0.1540356,0.0206249431,-0.9473334,Head,-0.219770581,0.0206249431,0.0605196171
2.9041667,False,0.5528885,Neck,-0.0824118853,0.904243767,-0.0179699715,-0.368682027,0.432185382,-0.047902856,-0.0824118853,0.904243767,-0.0179699659,0.02147512,0.02233598,0.138170183,0.02147512,-0.9399609,Head,-0.215852141,0.02147512,0.058869604
2.9083333,False,0.5687992,RightUpperArm,-0.07012919,0.913529038,-0.0192828085,-0.374432266,0.434012055,-0.0508369133,-0.0701291,0.913529,-0.0192827582,0.02247079,0.0224745348,0.120661035,0.02247079,-0.930974662,Head,-0.223527059,0.02247079,0.0773435
2.9125,False,0.5832278,RightUpperArm,-0.058178924,0.9195459,-0.0210969467,-0.381620318,0.4354996,-0.0563045032,-0.05817908,0.91954577,-0.021097064,0.0231913552,0.0224805977,0.101710886,0.0231913552,-0.9203344,Head,-0.219714656,0.0231913552,0.07694953
2.91666675,False,0.596918464,RightUpperArm,-0.04700436,0.9232847,-0.022902362,-0.3896688,0.43598634,-0.0607575923,-0.0470042229,0.92328465,-0.02290231,0.0149113908,0.0224139728,0.0815024,0.0236764252,-0.9081562,Head,-0.2161942,0.0236764252,0.07694857
2.92083335,False,0.6014858,Head,-0.0369578637,0.9256297,-0.02418537,-0.349671781,0.4123533,-0.000892404467,-0.03695798,0.9256296,-0.0241854787,0.010641248,0.0223410223,0.07069189,0.0337419175,-0.8947246,Head,-0.213055238,0.0337419175,0.0771809146
2.925,False,0.598154843,Head,-0.0282852,0.9273114,-0.0245119259,-0.215205729,0.3598965,0.005325269,-0.028285265,0.927311361,-0.0245118737,0.0104275784,0.0222847015,0.063956514,0.0470825657,-0.8804888,LeftLowerArm,-0.53617996,0.0470825657,0.357582718
2.92916656,False,0.590774,Head,-0.0211594179,0.9289803,-0.0233234484,-0.219946086,0.37331143,0.00369328819,-0.02115953,0.92898047,-0.0233234763,0.010434147,0.0222793873,0.0579804368,0.04741608,-0.866048,LeftLowerArm,-0.5362721,0.04741608,0.368031174
2.9333334,True,0.5848595,Head,-0.0156992022,0.93129164,-0.0197351519,-0.224764168,0.385602653,0.0042645596,-0.015699029,0.9312918,-0.0197351575,0.0103866272,0.0224077329,0.05231981,0.04711389,-0.8521172,LeftLowerArm,-0.6223256,0.04711389,0.347174823
2.9375,False,0.578646243,Head,-0.0115361093,0.932559252,-0.0139468936,-0.229742467,0.397042483,0.00701310672,-0.0115360022,0.932559133,-0.0139467716,0.0104892934,0.0226095654,0.047140602,0.04666519,-0.8386048,LeftLowerArm,-0.620501459,0.04666519,0.346983552
2.9416666,False,0.570198238,Head,-0.008179159,0.931041062,-0.00690449169,-0.216036886,0.4006732,0.0182175227,-0.008179188,0.931041,-0.006904483,0.0105550829,0.022828171,0.0420896672,0.0420896672,-0.825054944,Hips,-0.8133676,0.0420896672,0.006384386
2.94583344,False,0.5596805,Head,-0.005473155,0.927220345,0.0010608614,-0.2211275,0.411311984,0.0250196345,-0.0054730773,0.9272203,0.00106084347,0.01054679,0.0231980737,0.0371921174,0.0371921174,-0.81172514,Hips,-0.8106992,0.0371921174,0.00611877628
2.95,False,0.5482864,Head,-0.0032562546,0.921594739,0.0096549,-0.2262226,0.421222061,0.0327026434,-0.00325638056,0.9215948,0.00965476,0.0104854181,0.0236723647,0.0324835554,0.0324835554,-0.798897147,Hips,-0.80831784,0.0324835554,0.00590657443
2.95416665,False,0.5363136,Head,-0.00146142475,0.914765954,0.0187050756,-0.213972434,0.4227856,0.03936124,-0.00146150589,0.914765954,0.01870507,0.0103352638,0.024107378,0.02796807,0.02796807,-0.786870837,Hips,-0.8062271,0.02796807,0.005743004
2.95833325,False,0.5239902,Head,-8.549181E-06,0.9073725,0.0281587075,-0.215470687,0.430096149,0.0468440875,-8.404255E-06,0.9073725,0.0281587243,0.0101155415,0.0246192552,0.0236597136,0.0236597136,-0.775966,Hips,-0.8044354,0.0236597136,0.005622697
2.9625,False,0.5125197,Head,0.001190869,0.900080264,0.038108442,-0.220378339,0.438052118,0.0487639159,0.00119078159,0.9000802,0.03810841,0.009995693,0.0251523666,0.01965934,0.01965934,-0.766498446,Hips,-0.839265466,0.01965934,0.00951300748
2.9666667,True,0.501975834,Head,0.00224967021,0.8935697,0.0487788357,-0.213978514,0.440552384,0.0494085625,0.0022495985,0.8935696,0.04877889,0.0104923323,0.0256397929,0.0165367126,0.0165367126,-0.7587885,Hips,-0.8381585,0.0165367126,0.009409645
2.9708333,False,0.4908727,Head,0.00323280762,0.8866571,0.0608143546,-0.2051158,0.442330748,0.04981686,0.00323271751,0.8866571,0.06081438,0.01054851,0.026041327,0.014298683,0.014298683,-0.753214,Hips,-0.83745563,0.014298683,0.009355029
2.975,False,0.478759438,Head,0.004163884,0.8776257,0.07387784,-0.207913682,0.448968142,0.0518236533,0.00416380167,0.8776257,0.07387781,0.01024513,0.02637543,0.0124576734,0.0124576734,-0.749775946,Hips,-0.8372182,0.0124576734,0.009351076
2.97916675,False,0.4653651,Head,0.00505111367,0.866509736,0.08692212,-0.2102356,0.455265373,0.0538403764,0.005051315,0.866509855,0.08692211,0.0105373971,0.026654778,0.0114251757,0.0114251757,-0.748194933,Hips,-0.837382555,0.0114251757,0.009393956
2.98333335,False,0.450685054,Head,0.00582451047,0.853582859,0.09908575,-0.208259284,0.4594013,0.0554273725,0.0058247447,0.8535829,0.09908563,0.011094451,0.0268935729,0.011094451,0.011094451,-0.748164237,Hips,-0.801442862,0.011094451,0.00560169248
2.9875,False,0.434696734,Head,0.00636711344,0.8393663,0.109757416,-0.192154735,0.4564878,0.0554033779,0.006366968,0.839366436,0.109757304,0.0109185046,0.027107764,0.0109185046,0.0109185046,-0.749359548,Hips,-0.802221835,0.0109185046,0.005709673
2.99166656,False,0.4181754,Head,0.006549159,0.824607968,0.118622556,-0.193529069,0.462528348,0.0574857853,0.00654900074,0.824607968,0.118622482,0.0108284866,0.0273125134,0.0108284866,0.0108284866,-0.7514496,Hips,-0.8032003,0.0108284866,0.00584836677
2.9958334,False,0.4021335,Head,0.00625953265,0.8102589,0.1256866,-0.19497332,0.468411475,0.0596789159,0.0062597394,0.810258865,0.125686526,0.0108218919,0.0275274441,0.0108218919,0.0108218919,-0.754103839,Hips,-0.8043057,0.0108218919,0.00601767562
3,True,0.3874546,Head,0.00542150252,0.797424257,0.131261587,-0.195507661,0.473488957,0.06187517,0.00542145967,0.797424138,0.131261587,0.0107099675,0.0277665686,0.0107099675,0.0107099675,-0.7569958,Hips,-0.8054639,0.0107099675,0.00621850556
3.0041666,False,0.3741755,Head,0.004194269,0.786459446,0.137046173,-0.179925352,0.46945256,0.0621202,0.0041942,0.7864594,0.137046278,0.0104874941,0.0279974248,0.0104874941,0.0104874941,-0.7604686,Hips,-0.806758463,0.0104874941,0.0064515667
3.00833344,False,0.3618098,Head,0.00272457,0.776613355,0.1439431,-0.177410632,0.473163128,0.0640959,0.00272446871,0.7766134,0.143943012,0.0102934744,0.0281769838,0.0102934744,0.0102934744,-0.7649557,Hips,-0.8082899,0.0102934744,0.006714641
3.0125,False,0.350673646,Head,0.0009228802,0.76755476,0.151310369,-0.178966865,0.4786961,0.06662055,0.0009227395,0.7675547,0.151310384,0.0101290774,0.0283119138,0.0101290774,0.0101290774,-0.770267248,Hips,-0.8100145,0.0101290774,0.00700427452
3.01666665,False,0.34038645,Head,-0.00133162283,0.7590994,0.158547729,-0.180641621,0.483923465,0.06916623,-0.00133156776,0.7590995,0.15854764,0.0101142032,0.0284094568,0.0101142032,0.0101142032,-0.776215136,Hips,-0.811887264,0.0101142032,0.007317575
3.02083325,False,0.330627263,Head,-0.004175658,0.751177251,0.165098354,-0.182072684,0.487022161,0.07627764,-0.0041757226,0.7511772,0.16509825,0.0101583339,0.02848254,0.0101583339,0.0101583339,-0.782617748,Hips,-0.794239759,0.0101583339,0.00758995535
3.025,False,0.3211282,Head,-0.007747975,0.7438009,0.170439884,-0.179732621,0.4873013,0.0823913142,-0.007748008,0.743801,0.17043972,0.010094895,0.0285424124,0.010094895,0.010094895,-0.7892966,Hips,-0.7962835,0.010094895,0.007908213
3.0291667,False,0.3112526,Head,-0.0121752536,0.7370419,0.174068511,-0.166250631,0.480565459,0.0882851,-0.0121754408,0.7370417,0.17406857,0.0100633632,0.0286022983,0.0100633632,0.0100633632,-0.79608196,Hips,-0.7983511,0.0100633632,0.00824502949
3.0333333,True,0.300883055,Head,-0.017563777,0.7309969,0.175483778,-0.160094649,0.48053214,0.08897962,-0.0175639987,0.730996966,0.175483763,0.0100072892,0.02856385,0.0100072892,0.0100072892,-0.802813232,Hips,-0.8004025,0.0100072892,0.00860075
3.0375,False,0.2913115,Head,-0.0237527452,0.7264857,0.175464615,-0.1619144,0.484636068,0.09012711,-0.02375263,0.7264856,0.17546469,0.0100287655,0.02819944,0.0100287655,0.0100287655,-0.8097336,Hips,-0.80251044,0.0100287655,0.008983222
3.04166675,False,0.28355968,Head,-0.0304695554,0.724089146,0.175269708,-0.164037675,0.488818139,0.09033907,-0.0304695368,0.7240891,0.175269723,0.0101598259,0.0277634989,0.0101598259,0.0101598259,-0.8170616,Hips,-0.804738164,0.0101598259,0.009394868
3.04583335,False,0.277551323,Head,-0.0376473963,0.723495543,0.1749359,-0.166457877,0.492905319,0.08966724,-0.0376474857,0.7234954,0.174935818,0.0100590819,0.0277150944,0.0100590819,0.0100590819,-0.824616,Hips,-0.787519455,0.0100590819,0.0103430618
3.05,False,0.272912681,Head,-0.0452678539,0.7243894,0.174499586,-0.1691354,0.497005075,0.0882757455,-0.04526794,0.7243894,0.174499512,0.0100936433,0.02794765,0.0100936433,0.0100936433,-0.8322307,Hips,-0.789839149,0.0100936433,0.0107503366
3.05416656,False,0.2695576,Head,-0.0533382334,0.7264423,0.173960343,-0.17167899,0.4997985,0.08858259,-0.05333841,0.726442337,0.173960328,0.0101518538,0.0281668734,0.0101518538,0.0101518538,-0.839746833,Hips,-0.7921337,0.0101518538,0.0111691635
3.0583334,False,0.267312258,Head,-0.061877884,0.729287565,0.173214421,-0.173893183,0.500854,0.09119893,-0.0618780255,0.729287565,0.173214376,0.0101819634,0.02836605,0.0101819634,0.0101819634,-0.847022,Hips,-0.794356346,0.0101819634,0.0115955193
3.0625,False,0.265669,Head,-0.0624014921,0.7270779,0.175382376,-0.176041022,0.5012767,0.09365186,-0.07092023,0.7325465,0.172118425,0.0101485364,0.02854021,0.0101485364,0.0101485364,-0.853924632,Hips,-0.777621865,0.0101485364,0.01266492
3.0666666,True,0.26388,Head,-0.071794644,0.730013669,0.173803955,-0.178031787,0.501365364,0.09591764,-0.08051944,0.735835,0.170497537,0.0101622138,0.0286749043,0.0101622138,0.0101622138,-0.860339046,Hips,-0.7795701,0.0101622138,0.0130575541
3.07083344,False,0.262275875,Head,-0.07711214,0.7307097,0.172938824,-0.180234239,0.501387358,0.0983348861,-0.09068221,0.739456534,0.168251812,0.01015554,0.02868738,0.01015554,0.01015554,-0.866306543,Hips,-0.7839081,0.01015554,-0.0124710556
3.075,False,0.260792017,Head,-0.08522656,0.7332929,0.17052792,-0.182871729,0.5016591,0.101075187,-0.100803852,0.7433241,0.165394187,0.0102603175,0.02868358,0.0102603175,0.0102603175,-0.8719713,Hips,-0.785818636,0.0102603175,-0.012077475
3.07916665,False,0.2600066,Head,-0.09261136,0.7360545,0.167979926,-0.18653363,0.504120767,0.09734852,-0.111350179,0.748055041,0.162107229,0.0103603341,0.0286846217,0.0103603341,0.0103603341,-0.877379239,Hips,-0.7686805,0.0103603341,-0.0123525672
3.08333325,False,0.260176569,Head,-0.0979967043,0.7385649,0.165454626,-0.189782664,0.5064626,0.09199924,-0.122194886,0.753549159,0.158476,0.0103410985,0.0286866985,0.0103410985,0.0103410985,-0.8825645,Hips,-0.7704574,0.0103410985,-0.0119683575
3.0875,False,0.261563748,Head,-0.109275512,0.744294,0.161547408,-0.191210717,0.507971048,0.08503804,-0.133218169,0.759693861,0.1545918,0.010317035,0.0286886469,0.010317035,0.010317035,-0.887553036,Hips,-0.772102237,0.010317035,-0.011563235
3.0916667,False,0.2650392,Head,-0.119740292,0.7502438,0.157596484,-0.194207817,0.5058755,0.0869953558,-0.14430213,0.7663583,0.150555372,0.0102869645,0.02868863,0.0102869645,0.0102869645,-0.892358541,Hips,-0.773570061,0.0102869645,-0.0111310175
3.0958333,False,0.270850062,Head,-0.12679331,0.755344033,0.1540082,-0.193626672,0.5012932,0.08804446,-0.155344486,0.773402035,0.146476269,0.0102492487,0.0286838245,0.0102492487,0.0102492487,-0.896987,Hips,-0.7748109,0.0102492487,-0.0106649119
3.1,True,0.279711068,Head,-0.1380166,0.762120962,0.150011256,-0.19125098,0.494577616,0.08816518,-0.166250944,0.780669153,0.142477155,0.0102502191,0.0286742635,0.0102502191,0.0102502191,-0.901428342,Hips,-0.7757727,0.0102502191,-0.0101585742
3.10416675,False,0.2922176,Head,-0.144804582,0.76847744,0.1460374,-0.186766714,0.485304415,0.08735723,-0.177096486,0.788217068,0.138445735,0.0102907494,0.0286650788,0.0102907494,0.0102907494,-0.9056562,Hips,-0.7574141,0.0102907494,-0.009700411
3.10833335,False,0.308016151,Head,-0.156042859,0.7759591,0.141853318,-0.1984223,0.475976676,0.08627913,-0.187984109,0.7962394,0.134203672,0.0102293817,0.0286602434,0.0102293817,0.0102293817,-0.909605861,Hips,-0.7578884,0.0102293817,-0.009168963
3.1125,False,0.3259122,Head,-0.167292714,0.783946037,0.13750954,-0.20274438,0.464293659,0.08474306,-0.198867321,0.8047667,0.129789829,0.0101619139,0.0286582913,0.0101619139,0.0101619139,-0.9132124,Hips,-0.75808996,0.0101619139,-0.00860476
3.11666656,False,0.343988061,Head,-0.153985649,0.7900676,0.13304095,-0.19409281,0.453471929,0.07453847,-0.209698319,0.8138222,0.125258684,0.01269249,0.0286595747,0.01269249,0.01269249,-0.916434765,Hips,-0.758061647,0.01269249,-0.008015215
3.1208334,False,0.360711724,Head,-0.138338223,0.795012653,0.129464179,-0.185171,0.443697631,0.0624015965,-0.220426321,0.8234187,0.120678544,0.0142238978,0.0286621377,0.0166803952,0.0166803952,-0.9192587,Hips,-0.7578533,0.0166803952,-0.00740943849
3.125,False,0.377444923,Head,-0.12230695,0.799538553,0.12629208,-0.176444128,0.433813,0.0502745956,-0.231003046,0.8335623,0.116132975,0.0141013758,0.0286657251,0.0207603276,0.0207603276,-0.9216998,Hips,-0.7575265,0.0207603276,-0.00679781754
3.1291666,False,0.394586772,Head,-0.117894545,0.8062546,0.122430936,-0.168288469,0.424195915,0.03763525,-0.241380811,0.8442478,0.111717939,0.0138397021,0.0286701079,0.0246436913,0.0246436913,-0.9238026,Hips,-0.7571521,0.0246436913,-0.00619122572
3.13333344,True,0.410972238,Head,-0.101927146,0.8111625,0.118951529,-0.160993129,0.413290471,0.03464695,-0.251511574,0.855453968,0.107545018,0.0138709992,0.0286746025,0.0286074635,0.0286074635,-0.9256373,Hips,-0.756812334,0.0286074635,-0.005600927
3.1375,False,0.427046627,Head,-0.0854190439,0.815321445,0.115929179,-0.153966218,0.402390927,0.0313213579,-0.261358619,0.867026,0.103685141,0.0141166411,0.0286778025,0.0328473635,0.0328473635,-0.9272286,Hips,-0.7564747,0.0328473635,-0.00500941
3.14166665,False,0.443887174,Head,-0.07913375,0.8206785,0.113113232,-0.146713734,0.390423626,0.02738385,-0.2709334,0.878885,0.100113988,0.0142096039,0.0286838524,0.03725564,0.03725564,-0.9285374,Hips,-0.7560467,0.03725564,-0.004402206
3.14583325,False,0.4601532,Head,-0.08897348,0.8276769,0.110832222,-0.165194124,0.383173168,0.0194658861,-0.2794466,0.8888322,0.09706521,0.0141614079,0.028665781,0.037645258,0.037645258,-0.9295768,UpperChest,-0.5254884,0.037645258,0.08595249
3.15,False,0.475979865,Head,-0.07287876,0.829926133,0.109163038,-0.158337,0.371160328,0.0154205179,-0.2877226,0.898919463,0.09427798,0.0139627224,0.0286527984,0.0374100767,0.0374100767,-0.9303852,UpperChest,-0.5286579,0.0374100767,0.08400973
3.1541667,False,0.491450459,Head,-0.0567568019,0.831662238,0.107823879,-0.152100414,0.359274358,0.0114763035,-0.295844555,0.909406245,0.09170282,0.0136164986,0.0286489278,0.03723033,0.03723033,-0.931023,UpperChest,-0.5317248,0.03723033,0.08226528
3.1583333,False,0.506151438,Head,-0.0407957,0.8329456,0.106746532,-0.146656021,0.3479634,0.007877293,-0.303829432,0.9203955,0.08930731,0.0131243328,0.0286558028,0.0370556153,0.0370556153,-0.931570768,UpperChest,-0.5345482,0.0370556153,0.0807866752
3.1625,False,0.5196389,Head,-0.02514993,0.833829165,0.1058635,-0.142118931,0.3377005,0.00487243757,-0.311658859,0.931984246,0.08706117,0.0124870278,0.0286660325,0.0368264243,0.0368264243,-0.9321243,UpperChest,-0.5369829,0.0368264243,0.07963443
3.16666675,True,0.531392336,Head,-0.009973533,0.8343682,0.10510876,-0.138561219,0.3290387,0.0027117834,-0.31931138,0.944274843,0.08493626,0.0117704011,0.0286746342,0.0365411,0.0365411,-0.9327879,UpperChest,-0.538882434,0.0365411,0.07886414
3.17083335,False,0.5410203,Head,0.004709024,0.834544063,0.104514405,-0.13591741,0.322385639,0.00145661621,-0.326798916,0.9573239,0.08314383,0.0111662019,0.0286806282,0.0363576934,0.0363576934,-0.9336453,UpperChest,-0.540188551,0.0363576934,0.07850178
3.175,False,0.5486729,Head,0.01902329,0.834197462,0.104078196,-0.133945882,0.317478955,0.0009065792,-0.334088445,0.971003234,0.08184755,0.0107032321,0.0286802072,0.03632885,0.0324370526,-0.9347062,Head,-0.186905533,0.0324370526,-0.010761
3.17916656,False,0.5549038,Head,0.02211634,0.8370588,0.103195094,-0.13246569,0.3140278,0.0009149258,-0.341146,0.9851622,0.0809496641,0.0103799962,0.0286739171,0.03646546,0.0296634063,-0.9359469,Head,-0.1603762,0.0296634063,-0.014873052
3.1833334,False,0.5596677,Head,0.0357808471,0.836179137,0.102609582,-0.131325528,0.311730057,0.00133492553,-0.347949266,0.999676764,0.08035123,0.0101979086,0.028666256,0.0367885679,0.0277836323,-0.9373288,Head,-0.16169475,0.0277836323,-0.0171978232
3.1875,False,0.563063,Head,0.04915987,0.834499538,0.101978093,-0.13039197,0.310276836,0.002019906,-0.354480147,1.01444507,0.07995653,0.0101575367,0.02865841,0.0373229,0.02674181,-0.9388062,Head,-0.162782356,0.02674181,-0.0191949867
3.1916666,False,0.565341055,Head,0.0610164851,0.8324327,0.101240188,-0.1295405,0.309352577,0.0028240222,-0.360725522,1.02939367,0.07967162,0.0102598276,0.0286546238,0.0380839221,0.0262444429,-0.940329552,Head,-0.163764492,0.0262444429,-0.0210479368
3.19583344,False,0.5673468,Head,0.0565849766,0.836160839,0.09995986,-0.128652617,0.3086338,0.00360277528,-0.366675258,1.04448509,0.07940519,0.0105029941,0.0286578,0.0389604,0.0259992015,-0.9418511,Head,-0.164774239,0.0259992015,-0.0229353439
3.2,True,0.569315135,Head,0.069971025,0.833031535,0.09889412,-0.127611935,0.307564139,0.004211838,-0.3723147,1.05971324,0.07907033,0.0106576122,0.0286757089,0.0398890823,0.0254889727,-0.943323851,Head,-0.165948108,0.0254889727,-0.02503342
3.20416665,False,0.5709524,Head,0.08377531,0.8288872,0.0978633,-0.126487747,0.3062922,0.004747518,-0.377649546,1.07561731,0.07890189,0.0106566669,0.02870317,0.0408164822,0.02474512,-0.9447863,Head,-0.164064392,0.02474512,-0.0133495172
3.20833325,False,0.571769655,Head,0.09781363,0.823758841,0.0968403,-0.125421047,0.305373639,0.00538722938,-0.382642031,1.09247017,0.07916117,0.0106522329,0.0287284665,0.0418790281,0.0243270341,-0.9462961,Head,-0.16525197,0.0243270341,-0.0154590793
3.2125,False,0.5717696,Head,0.109075814,0.818941236,0.0956916362,-0.124408178,0.304760963,0.00611323537,-0.38723743,1.10989916,0.0798008442,0.0106453085,0.0287446,0.0430567376,0.0242443327,-0.9478385,Head,-0.16638656,0.0242443327,-0.0174765829
3.2166667,False,0.5707372,Head,0.122723147,0.811835468,0.09442072,-0.1234453,0.304407567,0.00690565445,-0.391402125,1.12754107,0.0807671547,0.0106362719,0.02874766,0.0443293564,0.0244483,-0.949399233,Head,-0.1674727,0.0244483,-0.01941207
3.2208333,False,0.5686389,Head,0.135648459,0.8036997,0.09295137,-0.122528009,0.3042648,0.00774603058,-0.395126939,1.145047,0.08199322,0.0106259193,0.0287371241,0.0456755,0.0248883571,-0.9509638,Head,-0.16851522,0.0248883571,-0.0212751161
3.225,False,0.5652728,LeftHand,0.171192154,0.781668067,0.09118784,-0.0983754545,0.291808218,0.008097844,-0.3984257,1.162092,0.083399415,0.01061424,0.0287170969,0.0470757,0.0255169142,-0.9525183,Head,-0.169519335,0.0255169142,-0.0230749957
3.22916675,False,0.5607956,LeftHand,0.172860429,0.7764346,0.08925263,-0.09761718,0.291804224,0.008835182,-0.401335,1.17836881,0.08489263,0.010604674,0.0286927987,0.0485094562,0.0262664,-0.9540507,Head,-0.17577222,0.0262664,-0.0163465086
3.23333335,True,0.556268632,LeftHand,0.161030978,0.778725147,0.08737198,-0.107173011,0.2975781,0.009919047,-0.4039061,1.19359338,0.08636296,0.0106199831,0.0286750514,0.04998048,0.0271011218,-0.9555487,Head,-0.176705465,0.0271011218,-0.0180455577
3.2375,False,0.5516065,Head,0.149492756,0.7810006,0.08560926,-0.1192313,0.305051982,0.01124533,-0.406039476,1.20837545,0.08793652,0.010620228,0.028663544,0.051506117,0.0281090885,-0.9570301,Head,-0.177596956,0.0281090885,-0.0196889322
3.24166656,False,0.547035,LeftHand,0.138041466,0.7834545,0.08400352,-0.118500471,0.305673331,0.0121794119,-0.407610178,1.223342,0.08981919,0.0106125362,0.0286549162,0.0531134941,0.02935888,-0.9585105,Head,-0.178440675,0.02935888,-0.0212623887
3.2458334,False,0.542785168,LeftHand,0.126781926,0.786037266,0.082503,-0.117812656,0.306475878,0.01314815,-0.408664227,1.23822963,0.0919870138,0.0106005073,0.028650878,0.0547573119,0.0308010336,-0.9599771,Head,-0.179245368,0.0308010336,-0.0227719732
3.25,False,0.5388882,LeftHand,0.115821578,0.788686037,0.08106462,-0.11716824,0.307399571,0.0141348289,-0.409271955,1.25276542,0.09439492,0.0105724633,0.0286508,0.0563592575,0.032374192,-0.961417437,Head,-0.180020556,0.032374192,-0.0242247358
3.2541666,False,0.5353292,LeftHand,0.105264038,0.791327536,0.07964976,-0.116565868,0.308414072,0.0151246851,-0.409527063,1.26668048,0.09697497,0.0105605843,0.02865334,0.05798172,0.0340465978,-0.9628204,Head,-0.180774376,0.0340465978,-0.025626028
3.25833344,False,0.532096267,Head,0.0952085257,0.7938799,0.0782299042,-0.116120242,0.309816539,0.013815593,-0.409547329,1.27971256,0.09964752,0.0105345007,0.0286582876,0.05959453,0.03575881,-0.964176655,Head,-0.181513488,0.03575881,-0.0269833412
3.2625,False,0.529084563,Head,0.0857534558,0.7962521,0.07678005,-0.115962118,0.312060416,0.007499596,-0.409470677,1.291602,0.102310538,0.0105044646,0.02866491,0.0611754358,0.03746013,-0.9654784,Head,-0.182243824,0.03746013,-0.0283037517
3.26666665,True,0.5262203,Head,0.0769910738,0.7983479,0.07528315,-0.115816154,0.3143368,0.00134769455,-0.4094553,1.3021003,0.104850411,0.0104838954,0.0286749657,0.06271364,0.0391111076,-0.9667186,Head,-0.1829696,0.0391111076,-0.02959328
3.27083325,False,0.5233131,Head,0.0688056946,0.8000949,0.073924236,-0.115670644,0.3166885,-0.0044553373,-0.409493923,1.31135869,0.107230663,0.0104717668,0.02868677,0.0642433539,0.0407909676,-0.967912436,Head,-0.183673561,0.0407909676,-0.0308474228
3.275,False,0.5203463,Head,0.0610963777,0.801584244,0.07285408,-0.11552269,0.3191563,-0.009785218,-0.409412384,1.31980085,0.109511256,0.0104552153,0.02869673,0.06578948,0.04256846,-0.9690743,Head,-0.1843429,0.04256846,-0.03205774
3.2791667,False,0.517474651,Head,0.0539627373,0.802941561,0.07200875,-0.117753729,0.322052538,-0.011891298,-0.409139156,1.327567,0.111705184,0.0104351556,0.0287031624,0.067332074,0.04439512,-0.970195353,Head,-0.184987262,0.04439512,-0.033225067
3.2833333,False,0.514887631,Head,0.0474785231,0.804264843,0.0713265762,-0.119596027,0.324480385,-0.0123530645,-0.408629656,1.3347652,0.113816857,0.0104123466,0.0287052169,0.06884834,0.0462190881,-0.9712685,Head,-0.185616419,0.0462190881,-0.03435101
3.2875,False,0.5125913,Head,0.041687537,0.8056212,0.07074886,-0.1264848,0.3289739,-0.0145461308,-0.4078734,1.341468,0.115843415,0.0103856772,0.0287016332,0.07031813,0.047993198,-0.9722884,Head,-0.186238125,0.047993198,-0.0354388431
3.29166675,False,0.5106571,Head,0.036600966,0.8070519,0.0702146,-0.132952839,0.332767725,-0.0139081888,-0.406888485,1.34772336,0.1177789,0.0103560025,0.02869354,0.0717184544,0.049666252,-0.973251164,Head,-0.186858356,0.049666252,-0.036491245
3.29583335,False,0.5091504,Head,0.0321985781,0.80857,0.0696588,-0.136266768,0.3352986,-0.01321282,-0.405725479,1.353545,0.119613647,0.0103241066,0.0286835972,0.07302749,0.0511899255,-0.9741534,Head,-0.187483475,0.0511899255,-0.03751047
3.3,True,0.5081358,Head,0.0284284987,0.810165,0.06900884,-0.135920122,0.336297572,-0.0124849183,-0.404469,1.35891986,0.121338964,0.0102948956,0.0286748465,0.07422777,0.0525199547,-0.974993348,Head,-0.18811819,0.0525199547,-0.0385016166
3.30416656,False,0.5073876,Head,0.0253045373,0.8116076,0.06829743,-0.135580987,0.3371221,-0.01183708,-0.403378248,1.36344755,0.1228348,0.0102705173,0.0286700279,0.07532731,0.0536777861,-0.975777566,Head,-0.188749418,0.0536777861,-0.0394718
3.3083334,False,0.5067408,Head,0.0227949452,0.8127795,0.06766367,-0.1352453,0.3378265,-0.011261628,-0.402525663,1.36703169,0.124032974,0.0102460813,0.0286693387,0.07589599,0.0547150075,-0.976515949,Head,-0.189362973,0.0547150075,-0.0404231027
3.3125,False,0.5062646,Head,0.0207753927,0.8138003,0.0671614856,-0.134915158,0.3384121,-0.0107511627,-0.401762724,1.37002516,0.125005126,0.0102225719,0.0286712144,0.07612844,0.05563136,-0.977210939,Head,-0.189961329,0.05563136,-0.0413487367
3.3166666,False,0.506012559,Head,0.0191321988,0.8147624,0.06681155,-0.134593159,0.338872552,-0.010299284,-0.4009769,1.37270284,0.125816822,0.0101898173,0.02867364,0.07632716,0.0564193055,-0.97786516,Head,-0.1905478,0.0564193055,-0.0422441959
3.32083344,False,0.5059923,Head,0.0177619867,0.815736,0.06660697,-0.134280235,0.339229941,-0.009899954,-0.4000882,1.375273,0.1265285,0.010179433,0.0286765248,0.0765139759,0.0570996366,-0.9784811,Head,-0.1911235,0.0570996366,-0.04310473
3.325,False,0.5062153,Head,0.016572684,0.8167665,0.06651756,-0.133978367,0.339479953,-0.009547375,-0.399050474,1.37787819,0.1271931,0.0101615917,0.0286783632,0.07668413,0.0576667339,-0.9790607,Head,-0.191690415,0.0576667339,-0.04392579
3.32916665,False,0.506676,Head,0.0154800983,0.817885637,0.066499345,-0.133688241,0.339624643,-0.009235698,-0.397839427,1.38062191,0.12786293,0.0101456642,0.0286776312,0.07683902,0.0581216961,-0.979606152,Head,-0.192249477,0.0581216961,-0.04470318
3.33333325,True,0.5073684,Head,0.0144085949,0.8191154,0.06649922,-0.133412167,0.3396599,-0.00896003,-0.396442771,1.38357687,0.128589511,0.0101238219,0.0286747,0.0769740641,0.0584594123,-0.980119348,Head,-0.192802563,0.0584594123,-0.04543365
3.3375,False,0.508201361,Head,0.0134071261,0.820314765,0.06645689,-0.133141026,0.339547455,-0.008743138,-0.395073175,1.38641047,0.12930584,0.0101013491,0.0286712665,0.07708767,0.0585723519,-0.980597436,Head,-0.185950935,0.0585723519,-0.0273175947
3.3416667,False,0.509054065,Head,0.0125549277,0.8213209,0.066346,-0.132867157,0.339272231,-0.008604233,-0.393968344,1.38874316,0.129917026,0.0100825271,0.0286694746,0.0771801,0.0585016459,-0.981040239,Head,-0.186468944,0.0585016459,-0.0279864483
3.3458333,False,0.5098925,Head,0.0118284356,0.822144866,0.06617704,-0.1325934,0.33887285,-0.008528345,-0.393115759,1.39061821,0.130433917,0.0100686289,0.0286694355,0.07725704,0.0583014861,-0.9814532,Head,-0.186969474,0.0583014861,-0.02862557
3.35,False,0.510706067,Head,0.0112089412,0.822815359,0.06597136,-0.132323161,0.3383846,-0.008500606,-0.3924725,1.39211369,0.13086772,0.0100581395,0.02866978,0.07732231,0.0580064319,-0.9818407,Head,-0.187452435,0.0580064319,-0.0292313974
3.35416675,False,0.5114907,Head,0.0106805852,0.8233692,0.06575388,-0.132060483,0.337845623,-0.008506363,-0.3919809,1.39332211,0.131235242,0.0100526605,0.0286710784,0.0773820356,0.05765389,-0.9822071,Head,-0.187917963,0.05765389,-0.0298008732
3.35833335,False,0.51224196,Head,0.0102262609,0.8238414,0.06554828,-0.131808072,0.337291867,-0.008530351,-0.391581655,1.39433658,0.1315515,0.0100514535,0.0286728162,0.0774396062,0.0572792776,-0.982556343,Head,-0.188364923,0.0572792776,-0.0303300787
3.3625,False,0.5129489,Head,0.009829164,0.8242624,0.06537516,-0.131570965,0.33676216,-0.008557737,-0.391218781,1.39523959,0.13183105,0.010055637,0.0286743324,0.07750124,0.05692109,-0.982892334,Head,-0.188794,0.05692109,-0.030815877
3.36666656,True,0.5136072,Head,0.009470598,0.824659169,0.0652526543,-0.131351262,0.336283,-0.008573221,-0.39084065,1.39610851,0.132089376,0.0100565078,0.0286752619,0.07756298,0.0566053875,-0.9832184,Head,-0.1892041,0.0566053875,-0.031254448
3.3708334,False,0.514212668,Head,0.009167978,0.8250043,0.06517311,-0.13114883,0.335836321,-0.008587245,-0.390485764,1.39687836,0.132311821,0.0100523187,0.0286751986,0.07762087,0.0563123077,-0.983531833,Head,-0.1895922,0.0563123077,-0.03164446
3.375,False,0.5147704,Head,0.008945143,0.825259149,0.06511536,-0.1309599,0.3353833,-0.008619234,-0.3902216,1.39744663,0.13247776,0.0100480691,0.0286756717,0.07767351,0.05600174,-0.9838288,Head,-0.189957663,0.05600174,-0.0319886655
3.3791666,False,0.515283465,Head,0.008793807,0.82543236,0.06507729,-0.130782843,0.334925473,-0.008667982,-0.390040755,1.39783418,0.132590771,0.010044151,0.0286762435,0.07772174,0.0556757674,-0.9841106,Head,-0.190301836,0.0556757674,-0.0322913677
3.38333344,False,0.515756,Head,0.008706592,0.8255325,0.06505635,-0.130617633,0.334463745,-0.008730289,-0.3899343,1.39805877,0.132656932,0.0100412434,0.0286761131,0.07776639,0.0553364567,-0.984378755,Head,-0.190627888,0.0553364567,-0.03255558
3.3875,False,0.5161938,Head,0.0086758,0.825568736,0.06505088,-0.1304617,0.333997518,-0.008804022,-0.389893651,1.398141,0.132683039,0.0100381812,0.0286763478,0.0778078362,0.05498391,-0.984634638,Head,-0.190937012,0.05498391,-0.0327848122
3.39166665,False,0.5166011,Head,0.008692898,0.8255495,0.06505721,-0.130315036,0.3335275,-0.008887643,-0.389910936,1.39809954,0.132671356,0.010035459,0.0286754854,0.07784589,0.05461981,-0.9848799,Head,-0.191231951,0.05461981,-0.0329824276
3.39583325,False,0.5169819,Head,0.008751035,0.8254832,0.0650735646,-0.130687132,0.333200842,-0.008989584,-0.389978051,1.39795327,0.132628679,0.0100334929,0.0286754034,0.07788147,0.0542458557,-0.985115647,Head,-0.191513851,0.0542458557,-0.03315252
3.39999986,False,0.517340839,Head,0.008842496,0.8253786,0.0650978,-0.131424055,0.332975239,-0.009103168,-0.39008522,1.39772093,0.132560849,0.0100308089,0.0286752041,0.0779144242,0.05386252,-0.9853437,Head,-0.191785678,0.05386252,-0.0332974978
3.4,True,0.517340839,Head,0.008842494,0.8253786,0.0650978,-0.131423965,0.332975239,-0.00910315,-0.39008522,1.39772093,0.132560849,0.010030821,0.0286752041,0.0779144242,0.0538625233,-0.9853437,Head,-0.191785663,0.0538625233,-0.0332975425
3.4333334,True,0.519210041,Head,0.0111639947,0.8227364,0.06567548,-0.133914992,0.330021948,-0.010242979,-0.392826557,1.39178371,0.130849481,0.0100129982,0.0286751855,0.0780700743,0.0503994934,-0.986835063,Head,-0.1934687,0.0503994934,-0.0334199481
3.4666667,True,0.520109534,Head,0.0152892042,0.8181466,0.06672657,-0.1325559,0.3256911,-0.0116529195,-0.3973825,1.38136756,0.128002286,0.0100041553,0.028675314,0.07810858,0.04648614,-0.9879414,Head,-0.194593117,0.04648614,-0.03232307
3.5,True,0.52089,Head,0.0200226866,0.8130394,0.06797001,-0.12984024,0.320815355,-0.0131654246,-0.402148,1.36962569,0.12501967,0.0100033022,0.0286755227,0.07810528,0.04232844,-0.9888656,Head,-0.182191432,0.04232844,-0.0434286259
3.5041666,False,0.520896137,Head,0.0206543785,0.81232506,0.06791212,-0.129464611,0.320193231,-0.0133487675,-0.4029405,1.36786366,0.124614358,0.0100026205,0.028680075,0.0781057253,0.0418014638,-0.988979936,Head,-0.182319462,0.0418014638,-0.0432446562
3.50833344,False,0.5209507,Head,0.0213363823,0.8116481,0.06783609,-0.129048914,0.319557518,-0.0135319335,-0.40369463,1.366123,0.12419951,0.0100027733,0.0286846925,0.0781061351,0.0412736721,-0.9890926,Head,-0.1824462,0.0412736721,-0.0430564731
3.5125,False,0.5211399,Head,0.0220617857,0.8110936,0.06780225,-0.12862891,0.318920672,-0.013714293,-0.404287577,1.36459279,0.123801351,0.0100038312,0.0286883675,0.07810754,0.0407473333,-0.989204764,Head,-0.182573825,0.0407473333,-0.04286867
3.51666665,False,0.521521032,Head,0.0228193887,0.810719,0.06785157,-0.128399417,0.318343133,-0.0138981575,-0.404637933,1.36340439,0.12343812,0.0100044776,0.0286893919,0.07810941,0.0402237065,-0.989317,Head,-0.1827045,0.0402237065,-0.04268619
3.52083325,False,0.52210474,Head,0.02359127,0.8105399,0.06800068,-0.128362954,0.317827135,-0.01408114,-0.404724121,1.36260688,0.123125434,0.0100056306,0.02868852,0.0781130046,0.0397046469,-0.989430666,Head,-0.182840154,0.0397046469,-0.0425118357
3.525,False,0.522854,Head,0.02435073,0.8105282,0.0682346746,-0.128323466,0.3173128,-0.0142601216,-0.404588461,1.36216009,0.1228621,0.0100071654,0.02868468,0.0781179443,0.03919151,-0.9895468,Head,-0.1829828,0.03919151,-0.042350933
3.5291667,False,0.5236834,Head,0.0250643324,0.810612857,0.068509534,-0.128279477,0.316800624,-0.0144329993,-0.404330373,1.36193907,0.122643471,0.0100093652,0.0286798719,0.07812576,0.0386859663,-0.9896663,Head,-0.183134243,0.0386859663,-0.0422071069
3.5333333,True,0.5244732,Head,0.0256901011,0.8106926,0.06875937,-0.128230885,0.316292077,-0.0145985605,-0.404093266,1.36175883,0.122454524,0.01001135,0.0286752228,0.07813596,0.0381905846,-0.9897902,Head,-0.183297023,0.0381905846,-0.0420843475
3.5375,False,0.5251602,Head,0.0262063555,0.810716569,0.06893605,-0.128175467,0.3157871,-0.0147557287,-0.4039582,1.36151886,0.122286439,0.010013815,0.0286727566,0.07814911,0.0377064459,-0.989919364,Head,-0.183472738,0.0377064459,-0.0419874974
3.54166675,False,0.5257683,Head,0.0266319346,0.810701668,0.06904214,-0.128114015,0.315283716,-0.0149045028,-0.403906822,1.36123645,0.122135639,0.0100156553,0.0286710113,0.07816411,0.03723098,-0.9900536,Head,-0.183660477,0.03723098,-0.04191351
3.54583335,False,0.5263023,Head,0.0269844569,0.8106456,0.06908624,-0.128048927,0.314782351,-0.0150471414,-0.403936148,1.360899,0.121995807,0.0100167776,0.028670704,0.07818059,0.036763154,-0.990191042,Head,-0.18385832,0.036763154,-0.0418579541
3.55,False,0.526779,Head,0.0272855256,0.8105552,0.06908319,-0.128246382,0.3143656,-0.0151889129,-0.404030681,1.36051106,0.121862292,0.0100173587,0.0286717359,0.07819764,0.0362997949,-0.990330458,Head,-0.184062436,0.0362997949,-0.0418145
3.55416656,False,0.527220845,Head,0.0275567379,0.8104437,0.06905149,-0.128597885,0.3139989,-0.0153295053,-0.404163718,1.36009169,0.12173152,0.010017423,0.02867218,0.07821499,0.03583921,-0.9904705,Head,-0.184270725,0.03583921,-0.0417779051
3.5583334,False,0.527655065,Head,0.0278218184,0.8103278,0.06901351,-0.128957421,0.313635945,-0.0154689951,-0.404304624,1.35966563,0.121602416,0.01001754,0.0286739711,0.078232795,0.0353797153,-0.990609765,Head,-0.184480622,0.0353797153,-0.0417427644
3.5625,False,0.5281142,Head,0.0281039439,0.810228,0.06899114,-0.129302591,0.3132666,-0.0156090334,-0.404418945,1.359264,0.121472,0.01001681,0.0286748521,0.0782492459,0.0349175334,-0.9907469,Head,-0.184689209,0.0349175334,-0.0417038463
3.5666666,True,0.528642535,Head,0.0284277834,0.8101652,0.0690089762,-0.129609734,0.3128698,-0.0157511737,-0.404468775,1.35892057,0.121340871,0.0100001814,0.0286749341,0.0782491,0.0344378352,-0.9908804,Head,-0.184892967,0.0344378352,-0.0416560844
3.56666684,True,0.528642535,Head,0.0284277834,0.8101652,0.0690089762,-0.129609734,0.3128698,-0.0157511737,-0.404468775,1.35892057,0.121340871,0.0100001814,0.0286749341,0.0782491,0.0344378352,-0.9908804,Head,-0.184892967,0.0344378352,-0.0416560844
