seconds,role,rig,bone,x,y,z
0,PlayerA,actor,Root,-0.85,0,0
0,PlayerA,driver,Root,-0.85,0,0
0,PlayerA,native,AnimatorRoot,-0.85,0,0
0,PlayerA,native,Hips,-0.8909449,0.766020954,-0.0154010169
0,PlayerA,native,Head,-0.844390631,1.28565431,0.0145517793
0,PlayerA,native,Chest,-0.8832698,0.985060751,-0.0071182847
0,PlayerA,native,LeftHand,-0.701423764,0.769520462,0.102687791
0,PlayerA,native,RightHand,-0.60093224,0.853733063,0.0621924251
0,PlayerA,native,LeftFoot,-0.6857507,0.118944764,0.415955365
0,PlayerA,native,RightFoot,-1.04756474,0.119265243,-0.410347342
0,PlayerA,fighter,AnimatorRoot,-0.85,0,0
0,PlayerA,fighter,Hips,-0.8521247,0.879487038,0.0394216329
0,PlayerA,fighter,Head,-0.7085433,1.32278049,-0.0394020975
0,PlayerA,fighter,Chest,-0.8268841,1.08086491,0.03453604
0,PlayerA,fighter,LeftHand,-0.373937756,1.03615165,0.00302103162
0,PlayerA,fighter,RightHand,-0.6765945,1.19356787,-0.261129439
0,PlayerA,fighter,LeftFoot,-0.591677547,0.164907262,0.226095259
0,PlayerA,fighter,RightFoot,-1.11332417,0.136768252,-0.0925565362
0,PlayerB,actor,Root,0.850000262,0,-2.026558E-07
0,PlayerB,driver,Root,0.850000262,0,-2.026558E-07
0,PlayerB,native,AnimatorRoot,0.850000262,0,-2.026558E-07
0,PlayerB,native,Hips,0.887969,0.7103435,0.0142814592
0,PlayerB,native,Head,0.8447985,1.19220793,-0.0134941228
0,PlayerB,native,Chest,0.8808518,0.9134625,0.0066007995
0,PlayerB,native,LeftHand,0.71222353,0.7135886,-0.09522431
0,PlayerB,native,RightHand,0.6190358,0.791680455,-0.05767203
0,PlayerB,native,LeftFoot,0.697688758,0.110300131,-0.38572225
0,PlayerB,native,RightFoot,1.03320575,0.110595807,0.3805214
0,PlayerB,fighter,AnimatorRoot,0.850000262,0,-2.026558E-07
0,PlayerB,fighter,Hips,0.886792362,0.6839731,-0.05575689
0,PlayerB,fighter,Head,0.63963896,1.30483389,0.06490906
0,PlayerB,fighter,Chest,0.8528045,0.9662763,-0.0500670969
0,PlayerB,fighter,LeftHand,0.3509538,0.9839845,-0.06803479
0,PlayerB,fighter,RightHand,0.747269154,1.11113,0.321779817
0,PlayerB,fighter,LeftFoot,0.6064548,0.09211651,-0.210609019
0,PlayerB,fighter,RightFoot,1.08789039,0.0519201644,0.113090128
0.0166666675,PlayerA,actor,Root,-0.85,0,0
0.0166666675,PlayerA,driver,Root,-0.847198069,-0.0141239306,0.0005503206
0.0166666675,PlayerA,native,AnimatorRoot,-0.847198069,-0.0141239306,0.0005503206
0.0166666675,PlayerA,native,Hips,-0.8933432,0.7454634,-0.0188315436
0.0166666675,PlayerA,native,Head,-0.84628576,1.2648679,0.0130607542
0.0166666675,PlayerA,native,Chest,-0.8856309,0.9644877,-0.0105368458
0.0166666675,PlayerA,native,LeftHand,-0.63374,0.7932873,0.14453271
0.0166666675,PlayerA,native,RightHand,-0.5592622,0.90111,0.109300584
0.0166666675,PlayerA,native,LeftFoot,-0.7174805,0.112008721,0.4048916
0.0166666675,PlayerA,native,RightFoot,-1.04729915,0.119083092,-0.4099176
0.0166666675,PlayerA,fighter,AnimatorRoot,-0.85,0,0
0.0166666675,PlayerA,fighter,Hips,-0.8542892,0.8724492,0.036362648
0.0166666675,PlayerA,fighter,Head,-0.711600959,1.31876493,-0.0340457559
0.0166666675,PlayerA,fighter,Chest,-0.8300718,1.07400453,0.03266133
0.0166666675,PlayerA,fighter,LeftHand,-0.380305827,1.02318287,0.0123102963
0.0166666675,PlayerA,fighter,RightHand,-0.6540382,1.17957759,-0.254827738
0.0166666675,PlayerA,fighter,LeftFoot,-0.5926174,0.161507845,0.234883666
0.0166666675,PlayerA,fighter,RightFoot,-1.11742759,0.134436131,-0.109686822
0.0166666675,PlayerB,actor,Root,0.850000262,0,-2.026558E-07
0.0166666675,PlayerB,driver,Root,0.8494607,-0.000232330363,-0.000434951071
0.0166666675,PlayerB,native,AnimatorRoot,0.8494607,-0.000232330363,-0.000434951071
0.0166666675,PlayerB,native,Hips,0.887619734,0.7100293,0.01385987
0.0166666675,PlayerB,native,Head,0.844012439,1.19183326,-0.0140201617
0.0166666675,PlayerB,native,Chest,0.880429864,0.9131418,0.006164093
0.0166666675,PlayerB,native,LeftHand,0.7114663,0.713180959,-0.0957257152
0.0166666675,PlayerB,native,RightHand,0.618433,0.791371942,-0.05817113
0.0166666675,PlayerB,native,LeftFoot,0.697688639,0.110297605,-0.385723561
0.0166666675,PlayerB,native,RightFoot,1.03320611,0.110595904,0.380521625
0.0166666675,PlayerB,fighter,AnimatorRoot,0.850000262,0,-2.026558E-07
0.0166666675,PlayerB,fighter,Hips,0.8868358,0.685341358,-0.0521011762
0.0166666675,PlayerB,fighter,Head,0.6433185,1.31394839,0.0549390838
0.0166666675,PlayerB,fighter,Chest,0.854208767,0.967856169,-0.04793714
0.0166666675,PlayerB,fighter,LeftHand,0.344440877,0.9661451,-0.07791423
0.0166666675,PlayerB,fighter,RightHand,0.7089832,1.09690487,0.3271137
0.0166666675,PlayerB,fighter,LeftFoot,0.606562734,0.0916822553,-0.218773916
0.0166666675,PlayerB,fighter,RightFoot,1.088954,0.0540702865,0.125941291
0.0333333351,PlayerA,actor,Root,-0.85,0,0
0.0333333351,PlayerA,driver,Root,-0.845503449,-0.0289093833,0.0009787218
0.0333333351,PlayerA,native,AnimatorRoot,-0.845503449,-0.0289093833,0.0009787218
0.0333333351,PlayerA,native,Hips,-0.897488832,0.722012,-0.0232984722
0.0333333351,PlayerA,native,Head,-0.849775136,1.241129,0.01076319
0.0333333351,PlayerA,native,Chest,-0.8897242,0.9410171,-0.0150234848
0.0333333351,PlayerA,native,LeftHand,-0.5839997,0.831720531,0.188576341
0.0333333351,PlayerA,native,RightHand,-0.5387635,0.95546025,0.1601496
0.0333333351,PlayerA,native,LeftFoot,-0.7235749,0.118398592,0.394032061
0.0333333351,PlayerA,native,RightFoot,-1.04756522,0.119264275,-0.410347879
0.0333333351,PlayerA,fighter,AnimatorRoot,-0.85,0,0
0.0333333351,PlayerA,fighter,Hips,-0.860681057,0.849785,0.027591709
0.0333333351,PlayerA,fighter,Head,-0.7215696,1.30339468,-0.0200851038
0.0333333351,PlayerA,fighter,Chest,-0.839258254,1.05174875,0.0267904848
0.0333333351,PlayerA,fighter,LeftHand,-0.391222775,0.99930954,0.0420804024
0.0333333351,PlayerA,fighter,RightHand,-0.5921166,1.14953613,-0.2280539
0.0333333351,PlayerA,fighter,LeftFoot,-0.5984276,0.153264329,0.255341977
0.0333333351,PlayerA,fighter,RightFoot,-1.12772942,0.12866731,-0.1547597
0.0333333351,PlayerB,actor,Root,0.850000262,0,-2.026558E-07
0.0333333351,PlayerB,driver,Root,0.848920643,-0.0004659037,-0.000870468444
0.0333333351,PlayerB,native,AnimatorRoot,0.848920643,-0.0004659037,-0.000870468444
0.0333333351,PlayerB,native,Hips,0.8872693,0.7097141,0.0134369563
0.0333333351,PlayerB,native,Head,0.843224347,1.19145727,-0.0145474039
0.0333333351,PlayerB,native,Chest,0.880006731,0.9128201,0.00572611066
0.0333333351,PlayerB,native,LeftHand,0.71070683,0.7127716,-0.096228
0.0333333351,PlayerB,native,RightHand,0.617828369,0.7910621,-0.05867187
0.0333333351,PlayerB,native,LeftFoot,0.697688937,0.110299788,-0.385722548
0.0333333351,PlayerB,native,RightFoot,1.03320622,0.110595711,0.380521327
0.0333333351,PlayerB,fighter,AnimatorRoot,0.850000262,0,-2.026558E-07
0.0333333351,PlayerB,fighter,Hips,0.8868823,0.68882823,-0.0427059233
0.0333333351,PlayerB,fighter,Head,0.657376766,1.3364023,0.0304094758
0.0333333351,PlayerB,fighter,Chest,0.858145237,0.9718556,-0.04222401
0.0333333351,PlayerB,fighter,LeftHand,0.3420716,0.915278435,-0.102457844
0.0333333351,PlayerB,fighter,RightHand,0.6134305,1.053263,0.316173583
0.0333333351,PlayerB,fighter,LeftFoot,0.6087482,0.09136424,-0.241142124
0.0333333351,PlayerB,fighter,RightFoot,1.089875,0.0600635819,0.160357952
0.05,PlayerA,actor,Root,-0.85,0,0
0.05,PlayerA,driver,Root,-0.846954942,-0.04634221,0.000817712862
0.05,PlayerA,native,AnimatorRoot,-0.846954942,-0.04634221,0.000817712862
0.05,PlayerA,native,Hips,-0.9025765,0.6962306,-0.0289704539
0.05,PlayerA,native,Head,-0.853139341,1.2148037,0.008290177
0.05,PlayerA,native,Chest,-0.894600034,0.9151916,-0.020610407
0.05,PlayerA,native,LeftHand,-0.554976642,0.8807142,0.234969348
0.05,PlayerA,native,RightHand,-0.5257007,1.01799762,0.200074732
0.05,PlayerA,native,LeftFoot,-0.7424298,0.11880444,0.382695615
0.05,PlayerA,native,RightFoot,-1.04805839,0.119165838,-0.410471916
0.05,PlayerA,fighter,AnimatorRoot,-0.85,0,0
0.05,PlayerA,fighter,Hips,-0.8711025,0.8105537,0.0136954393
0.05,PlayerA,fighter,Head,-0.7416861,1.27302384,-0.00283373147
0.05,PlayerA,fighter,Chest,-0.8539666,1.01297462,0.01618943
0.05,PlayerA,fighter,LeftHand,-0.4020118,0.9814106,0.09592113
0.05,PlayerA,fighter,RightHand,-0.5113572,1.12289333,-0.162790224
0.05,PlayerA,fighter,LeftFoot,-0.618621,0.141415834,0.28281635
0.05,PlayerA,fighter,RightFoot,-1.13547277,0.122171737,-0.21901989
0.05,PlayerB,actor,Root,0.850000262,0,-2.026558E-07
0.05,PlayerB,driver,Root,0.8483789,-0.0007028277,-0.00130808761
0.05,PlayerB,native,AnimatorRoot,0.8483789,-0.0007028277,-0.00130808761
0.05,PlayerB,native,Hips,0.8869164,0.709396839,0.0130109973
0.05,PlayerB,native,Head,0.8424303,1.19107771,-0.015077997
0.05,PlayerB,native,Chest,0.8795805,0.9124961,0.005285027
0.05,PlayerB,native,LeftHand,0.70994246,0.7123589,-0.09673401
0.05,PlayerB,native,RightHand,0.6172196,0.790749848,-0.05917629
0.05,PlayerB,native,LeftFoot,0.697688639,0.110300027,-0.385722429
0.05,PlayerB,native,RightFoot,1.03320587,0.110595651,0.3805212
0.05,PlayerB,fighter,AnimatorRoot,0.850000262,0,-2.026558E-07
0.05,PlayerB,fighter,Hips,0.886839032,0.69353646,-0.02988934
0.05,PlayerB,fighter,Head,0.6867976,1.36412811,0.00164494512
0.05,PlayerB,fighter,Chest,0.8642594,0.9771722,-0.03374222
0.05,PlayerB,fighter,LeftHand,0.374098718,0.8419181,-0.127662092
0.05,PlayerB,fighter,RightHand,0.5102415,0.9829629,0.2454615
0.05,PlayerB,fighter,LeftFoot,0.616969645,0.09272675,-0.2741954
0.05,PlayerB,fighter,RightFoot,1.08645487,0.06939795,0.209933519
0.06666667,PlayerA,actor,Root,-0.85,0,0
0.06666667,PlayerA,driver,Root,-0.8498655,-0.06311124,0.0009821063
0.06666667,PlayerA,native,AnimatorRoot,-0.8498655,-0.06311124,0.0009821063
0.06666667,PlayerA,native,Hips,-0.90674907,0.6714013,-0.0344741158
0.06666667,PlayerA,native,Head,-0.8564717,1.18947053,0.00626663351
0.06666667,PlayerA,native,Chest,-0.8987117,0.8903244,-0.02601609
0.06666667,PlayerA,native,LeftHand,-0.5451025,0.9471627,0.2841032
0.06666667,PlayerA,native,RightHand,-0.5329453,1.07723534,0.233186543
0.06666667,PlayerA,native,LeftFoot,-0.763320446,0.117486767,0.3709855
0.06666667,PlayerA,native,RightFoot,-1.04756463,0.119266935,-0.410346419
0.06666667,PlayerA,fighter,AnimatorRoot,-0.85,0,0
0.06666667,PlayerA,fighter,Hips,-0.8839702,0.7581751,-0.003658887
0.06666667,PlayerA,fighter,Head,-0.77352035,1.229105,0.0109674111
0.06666667,PlayerA,fighter,Chest,-0.872254848,0.960988641,0.00121118315
0.06666667,PlayerA,fighter,LeftHand,-0.420328081,0.987793565,0.177761763
0.06666667,PlayerA,fighter,RightHand,-0.450963557,1.11758232,-0.04567498
0.06666667,PlayerA,fighter,LeftFoot,-0.658432543,0.129042909,0.31157133
0.06666667,PlayerA,fighter,RightFoot,-1.128373,0.1181581,-0.290755838
0.06666667,PlayerB,actor,Root,0.850000262,0,-2.026558E-07
0.06666667,PlayerB,driver,Root,0.847836554,-0.0009419675,-0.00174686662
0.06666667,PlayerB,native,AnimatorRoot,0.847836554,-0.0009419675,-0.00174686662
0.06666667,PlayerB,native,Hips,0.8865619,0.709078,0.0125832055
0.06666667,PlayerB,native,Head,0.841632664,1.19069612,-0.01561086
0.06666667,PlayerB,native,Chest,0.8791523,0.9121704,0.00484200427
0.06666667,PlayerB,native,LeftHand,0.7091744,0.7119437,-0.09724176
0.06666667,PlayerB,native,RightHand,0.616608,0.790435553,-0.059682332
0.06666667,PlayerB,native,LeftFoot,0.6976882,0.110299915,-0.385722369
0.06666667,PlayerB,native,RightFoot,1.033206,0.110595696,0.3805212
0.06666667,PlayerB,fighter,AnimatorRoot,0.850000262,0,-2.026558E-07
0.06666667,PlayerB,fighter,Hips,0.886657953,0.698609,-0.015915269
0.06666667,PlayerB,fighter,Head,0.7304264,1.38949287,-0.0201094914
0.06666667,PlayerB,fighter,Chest,0.8717629,0.982755959,-0.0233876631
0.06666667,PlayerB,fighter,LeftHand,0.453163922,0.7709094,-0.136776567
0.06666667,PlayerB,fighter,RightHand,0.467168361,0.903898537,0.11999885
0.06666667,PlayerB,fighter,LeftFoot,0.6341712,0.0965058,-0.312280625
0.06666667,PlayerB,fighter,RightFoot,1.07596493,0.0812547,0.266441971
0.0833333358,PlayerA,actor,Root,-0.85,0,0
0.0833333358,PlayerA,driver,Root,-0.8536409,-0.07723284,0.00207393058
0.0833333358,PlayerA,native,AnimatorRoot,-0.8536409,-0.07723284,0.00207393058
0.0833333358,PlayerA,native,Hips,-0.9099089,0.649659336,-0.0382640064
0.0833333358,PlayerA,native,Head,-0.859946668,1.16737187,0.00593870971
0.0833333358,PlayerA,native,Chest,-0.9018273,0.8685524,-0.0295621566
0.0833333358,PlayerA,native,LeftHand,-0.5551511,1.02260578,0.321127534
0.0833333358,PlayerA,native,RightHand,-0.5454961,1.14320111,0.253229737
0.0833333358,PlayerA,native,LeftFoot,-0.7820196,0.117156789,0.359843522
0.0833333358,PlayerA,native,RightFoot,-1.04766965,0.119208023,-0.410288841
0.0833333358,PlayerA,fighter,AnimatorRoot,-0.85,0,0
0.0833333358,PlayerA,fighter,Hips,-0.897020936,0.70091933,-0.0209372677
0.0833333358,PlayerA,fighter,Head,-0.8123234,1.17858255,0.0164331719
0.0833333358,PlayerA,fighter,Chest,-0.8907391,0.9039982,-0.0154159591
0.0833333358,PlayerA,fighter,LeftHand,-0.4683117,1.02816761,0.270073
0.0833333358,PlayerA,fighter,RightHand,-0.4525717,1.146379,0.0977149
0.0833333358,PlayerA,fighter,LeftFoot,-0.7141588,0.120666981,0.333632648
0.0833333358,PlayerA,fighter,RightFoot,-1.10288513,0.117384486,-0.353554726
0.0833333358,PlayerB,actor,Root,0.850000262,0,-2.026558E-07
0.0833333358,PlayerB,driver,Root,0.8472942,-0.00118305278,-0.002186453
0.0833333358,PlayerB,native,AnimatorRoot,0.8472942,-0.00118305278,-0.002186453
0.0833333358,PlayerB,native,Hips,0.88620615,0.708758533,0.0121539719
0.0833333358,PlayerB,native,Head,0.840832651,1.1903131,-0.0161450747
0.0833333358,PlayerB,native,Chest,0.878722668,0.9118441,0.00439761253
0.0833333358,PlayerB,native,LeftHand,0.708403945,0.711527169,-0.09775114
0.0833333358,PlayerB,native,RightHand,0.6159942,0.7901207,-0.0601901636
0.0833333358,PlayerB,native,LeftFoot,0.6976887,0.110299774,-0.385722429
0.0833333358,PlayerB,native,RightFoot,1.03320622,0.110595852,0.3805209
0.0833333358,PlayerB,fighter,AnimatorRoot,0.850000262,0,-2.026558E-07
0.0833333358,PlayerB,fighter,Hips,0.8863369,0.7032304,-0.00299263885
0.0833333358,PlayerB,fighter,Head,0.778483,1.40756679,-0.028583752
0.0833333358,PlayerB,fighter,Chest,0.8792619,0.9876783,-0.0126213785
0.0833333358,PlayerB,fighter,LeftHand,0.5600904,0.7262888,-0.126473546
0.0833333358,PlayerB,fighter,RightHand,0.505901337,0.8398141,0.005994892
0.0833333358,PlayerB,fighter,LeftFoot,0.6588407,0.102016516,-0.3477647
0.0833333358,PlayerB,fighter,RightFoot,1.0595901,0.09396731,0.319953531
0.1,PlayerA,actor,Root,-0.85,0,0
0.1,PlayerA,driver,Root,-0.857041538,-0.08670979,0.00456402823
0.1,PlayerA,native,AnimatorRoot,-0.857041538,-0.08670979,0.00456402823
0.1,PlayerA,native,Hips,-0.910576642,0.633994043,-0.0390934162
0.1,PlayerA,native,Head,-0.8624346,1.15169871,0.00736164255
0.1,PlayerA,native,Chest,-0.9024767,0.8528832,-0.0301332548
0.1,PlayerA,native,LeftHand,-0.5776704,1.0972259,0.3401477
0.1,PlayerA,native,RightHand,-0.5659331,1.20913792,0.2623935
0.1,PlayerA,native,LeftFoot,-0.799224436,0.117306031,0.3501848
0.1,PlayerA,native,RightFoot,-1.04756474,0.119267978,-0.410346
0.1,PlayerA,fighter,AnimatorRoot,-0.85,0,0
0.1,PlayerA,fighter,Hips,-0.9062469,0.6521787,-0.0332775041
0.1,PlayerA,fighter,Head,-0.8463543,1.1343981,0.0144733265
0.1,PlayerA,fighter,Chest,-0.904053748,0.8554107,-0.0286204256
0.1,PlayerA,fighter,LeftHand,-0.5434629,1.094793,0.3311796
0.1,PlayerA,fighter,RightHand,-0.5195738,1.20389581,0.213212967
0.1,PlayerA,fighter,LeftFoot,-0.7734807,0.117644362,0.343779862
0.1,PlayerA,fighter,RightFoot,-1.06918633,0.118477635,-0.393955082
0.1,PlayerB,actor,Root,0.850000262,0,-2.026558E-07
0.1,PlayerB,driver,Root,0.8467522,-0.00142592145,-0.00262639183
0.1,PlayerB,native,AnimatorRoot,0.8467522,-0.00142592145,-0.00262639183
0.1,PlayerB,native,Hips,0.885849655,0.708437741,0.0117236916
0.1,PlayerB,native,Head,0.8400309,1.18992794,-0.0166806187
0.1,PlayerB,native,Chest,0.8782922,0.9115164,0.00395200448
0.1,PlayerB,native,LeftHand,0.707631648,0.7111085,-0.09826101
0.1,PlayerB,native,RightHand,0.615378857,0.789804041,-0.0606989935
0.1,PlayerB,native,LeftFoot,0.697688937,0.110299416,-0.3857222
0.1,PlayerB,native,RightFoot,1.03320611,0.110595793,0.380521029
0.1,PlayerB,fighter,AnimatorRoot,0.850000262,0,-2.026558E-07
0.1,PlayerB,fighter,Hips,0.8859195,0.706625462,0.00672513666
0.1,PlayerB,fighter,Head,0.8173837,1.4173764,-0.0266220234
0.1,PlayerB,fighter,Chest,0.8850709,0.9911748,-0.00370821124
0.1,PlayerB,fighter,LeftHand,0.656505466,0.711413741,-0.109080188
0.1,PlayerB,fighter,RightHand,0.574803352,0.8028511,-0.04894098
0.1,PlayerB,fighter,LeftFoot,0.6835679,0.107354715,-0.373630732
0.1,PlayerB,fighter,RightFoot,1.04283154,0.104828127,0.36061874
0.116666667,PlayerA,actor,Root,-0.85,0,0
0.116666667,PlayerA,driver,Root,-0.8594355,-0.09076693,0.008531826
0.116666667,PlayerA,native,AnimatorRoot,-0.8594355,-0.09076693,0.008531826
0.116666667,PlayerA,native,Hips,-0.908135355,0.6253457,-0.03627158
0.116666667,PlayerA,native,Head,-0.863208,1.14347076,0.010441822
0.116666667,PlayerA,native,Chest,-0.9000814,0.84426415,-0.02709227
0.116666667,PlayerA,native,LeftHand,-0.6072099,1.17663538,0.3456141
0.116666667,PlayerA,native,RightHand,-0.5865226,1.27409685,0.25959456
0.116666667,PlayerA,native,LeftFoot,-0.8145292,0.118167557,0.34109658
0.116666667,PlayerA,native,RightFoot,-1.04896212,0.114112563,-0.4124871
0.116666667,PlayerA,fighter,AnimatorRoot,-0.85,0,0
0.116666667,PlayerA,fighter,Hips,-0.9080081,0.6259231,-0.0360996127
0.116666667,PlayerA,fighter,Head,-0.862943,1.11052978,0.0127391135
0.116666667,PlayerA,fighter,Chest,-0.907561541,0.8292468,-0.03260741
0.116666667,PlayerA,fighter,LeftHand,-0.6069624,1.17678988,0.346891582
0.116666667,PlayerA,fighter,RightHand,-0.5859561,1.2721169,0.254926175
0.116666667,PlayerA,fighter,LeftFoot,-0.813691437,0.118159585,0.340964735
0.116666667,PlayerA,fighter,RightFoot,-1.04969025,0.114096977,-0.411996365
0.116666667,PlayerB,actor,Root,0.850000262,0,-2.026558E-07
0.116666667,PlayerB,driver,Root,0.8462107,-0.00167046546,-0.003065802
0.116666667,PlayerB,native,AnimatorRoot,0.8462107,-0.00167046546,-0.003065802
0.116666667,PlayerB,native,Hips,0.8854926,0.7081166,0.0112928022
0.116666667,PlayerB,native,Head,0.8392277,1.18954158,-0.0172164571
0.116666667,PlayerB,native,Chest,0.877860963,0.911188245,0.00350586185
0.116666667,PlayerB,native,LeftHand,0.7068585,0.71068877,-0.09877148
0.116666667,PlayerB,native,RightHand,0.6147626,0.789486647,-0.0612084344
0.116666667,PlayerB,native,LeftFoot,0.6976887,0.110298991,-0.3857219
0.116666667,PlayerB,native,RightFoot,1.03320611,0.110595927,0.380521327
0.116666667,PlayerB,fighter,AnimatorRoot,0.850000262,0,-2.026558E-07
0.116666667,PlayerB,fighter,Hips,0.8854956,0.7080617,0.0111404695
0.116666667,PlayerB,fighter,Head,0.8356285,1.42064667,-0.0233752076
0.116666667,PlayerB,fighter,Chest,0.887616158,0.9926165,0.0005674906
0.116666667,PlayerB,fighter,LeftHand,0.7052735,0.7106296,-0.09911408
0.116666667,PlayerB,fighter,RightHand,0.613500953,0.789829969,-0.0610075966
0.116666667,PlayerB,fighter,LeftFoot,0.697238564,0.110206544,-0.385360748
0.116666667,PlayerB,fighter,RightFoot,1.03351355,0.110415325,0.379915029
0.122988515,PlayerA,actor,Root,-0.85,0,0
0.122988515,PlayerA,driver,Root,-0.859767854,-0.09012953,0.010668545
0.122988515,PlayerA,native,AnimatorRoot,-0.859767854,-0.09012953,0.010668545
0.122988515,PlayerA,native,Hips,-0.9062134,0.624669135,-0.033886198
0.122988515,PlayerA,native,Head,-0.8630017,1.14311206,0.0121081844
0.122988515,PlayerA,native,Chest,-0.8982047,0.8436113,-0.02464322
0.122988515,PlayerA,native,LeftHand,-0.618950248,1.20731139,0.343884647
0.122988515,PlayerA,native,RightHand,-0.5946157,1.299832,0.255794048
0.122988515,PlayerA,native,LeftFoot,-0.8194537,0.11843773,0.3381667
0.122988515,PlayerA,native,RightFoot,-1.04938769,0.113267012,-0.412987471
0.122988515,PlayerA,fighter,AnimatorRoot,-0.85,0,0
0.122988515,PlayerA,fighter,Hips,-0.9062134,0.624669135,-0.03388621
0.122988515,PlayerA,fighter,Head,-0.8632401,1.10969186,0.0141456015
0.122988515,PlayerA,fighter,Chest,-0.905781865,0.828023136,-0.0306254514
0.122988515,PlayerA,fighter,LeftHand,-0.6199117,1.20769727,0.34511888
0.122988515,PlayerA,fighter,RightHand,-0.595754,1.29790246,0.2523701
0.122988515,PlayerA,fighter,LeftFoot,-0.8194538,0.118437625,0.3381667
0.122988515,PlayerA,fighter,RightFoot,-1.04938769,0.1132669,-0.4129875
0.122988515,PlayerB,actor,Root,0.850000262,0,-2.026558E-07
0.122988515,PlayerB,driver,Root,0.8460056,-0.00176352728,-0.00323249958
0.122988515,PlayerB,native,AnimatorRoot,0.8460056,-0.00176352728,-0.00323249958
0.122988515,PlayerB,native,Hips,0.8853571,0.7079948,0.0111292768
0.122988515,PlayerB,native,Head,0.838922858,1.18939507,-0.01741972
0.122988515,PlayerB,native,Chest,0.8776972,0.91106385,0.00333657535
0.122988515,PlayerB,native,LeftHand,0.706565142,0.7105294,-0.09896522
0.122988515,PlayerB,native,RightHand,0.614528537,0.7893663,-0.0614016578
0.122988515,PlayerB,native,LeftFoot,0.6976884,0.110299006,-0.385722131
0.122988515,PlayerB,native,RightFoot,1.03320622,0.110595994,0.380521268
0.122988515,PlayerB,fighter,AnimatorRoot,0.850000262,0,-2.026558E-07
0.122988515,PlayerB,fighter,Hips,0.8853571,0.707994759,0.0111292787
0.122988515,PlayerB,fighter,Head,0.8358134,1.42059469,-0.0234904755
0.122988515,PlayerB,fighter,Chest,0.8875251,0.9925478,0.0005422145
0.122988515,PlayerB,fighter,LeftHand,0.706565142,0.710529268,-0.09896506
0.122988515,PlayerB,fighter,RightHand,0.6145285,0.789366245,-0.0614017174
0.122988515,PlayerB,fighter,LeftFoot,0.697688341,0.11029879,-0.385722131
0.122988515,PlayerB,fighter,RightFoot,1.03320611,0.110596068,0.380521268
0.13333334,PlayerA,actor,Root,-0.85,0,0
0.13333334,PlayerA,driver,Root,-0.8584052,-0.08375406,0.0157536268
0.13333334,PlayerA,native,AnimatorRoot,-0.8584052,-0.08375406,0.0157536268
0.13333334,PlayerA,native,Hips,-0.900822759,0.629595339,-0.0273219757
0.13333334,PlayerA,native,Head,-0.861583948,1.14891171,0.0153822107
0.13333334,PlayerA,native,Chest,-0.8929357,0.8486065,-0.0181031935
0.13333334,PlayerA,native,LeftHand,-0.6362637,1.25933218,0.3373447
0.13333334,PlayerA,native,RightHand,-0.6095529,1.34542942,0.247415274
0.13333334,PlayerA,native,LeftFoot,-0.825524,0.118943796,0.335003048
0.13333334,PlayerA,native,RightFoot,-1.04756451,0.119267762,-0.410345972
0.13333334,PlayerA,fighter,AnimatorRoot,-0.85,0,0
0.13333334,PlayerA,fighter,Hips,-0.900822759,0.629595339,-0.0273219869
0.13333334,PlayerA,fighter,Head,-0.861831546,1.11559772,0.0173371062
0.13333334,PlayerA,fighter,Chest,-0.900456131,0.833023369,-0.0245331861
0.13333334,PlayerA,fighter,LeftHand,-0.6372915,1.25976074,0.338509768
0.13333334,PlayerA,fighter,RightHand,-0.610549331,1.34314871,0.244167253
0.13333334,PlayerA,fighter,LeftFoot,-0.8255239,0.118943833,0.335003078
0.13333334,PlayerA,fighter,RightFoot,-1.04756451,0.1192677,-0.4103459
0.13333334,PlayerB,actor,Root,0.850000262,0,-2.026558E-07
0.13333334,PlayerB,driver,Root,0.845671058,-0.00191582018,-0.00350560015
0.13333334,PlayerB,native,AnimatorRoot,0.845671058,-0.00191582018,-0.00350560015
0.13333334,PlayerB,native,Hips,0.8851355,0.7077955,0.0108618271
0.13333334,PlayerB,native,Head,0.838424444,1.189155,-0.017752083
0.13333334,PlayerB,native,Chest,0.877429664,0.9108601,0.0030596857
0.13333334,PlayerB,native,LeftHand,0.7060852,0.7102687,-0.09928205
0.13333334,PlayerB,native,RightHand,0.6141461,0.789169133,-0.0617178753
0.13333334,PlayerB,native,LeftFoot,0.697688758,0.110299118,-0.385722727
0.13333334,PlayerB,native,RightFoot,1.033206,0.110595748,0.380521148
0.13333334,PlayerB,fighter,AnimatorRoot,0.850000262,0,-2.026558E-07
0.13333334,PlayerB,fighter,Hips,0.8851355,0.7077955,0.0108618271
0.13333334,PlayerB,fighter,Head,0.8351192,1.42034078,-0.02392594
0.13333334,PlayerB,fighter,Chest,0.887220144,0.992346,0.0002528526
0.13333334,PlayerB,fighter,LeftHand,0.7060852,0.7102687,-0.0992817953
0.13333334,PlayerB,fighter,RightHand,0.6141461,0.789169252,-0.0617178
0.13333334,PlayerB,fighter,LeftFoot,0.6976887,0.110299379,-0.385722846
0.13333334,PlayerB,fighter,RightFoot,1.033206,0.110595696,0.3805212
0.15,PlayerA,actor,Root,-0.85,0,0
0.15,PlayerA,driver,Root,-0.850544453,-0.0575194433,0.0285698231
0.15,PlayerA,native,AnimatorRoot,-0.850544453,-0.0575194433,0.0285698231
0.15,PlayerA,native,Hips,-0.885674,0.6557476,-0.009143349
0.15,PlayerA,native,Head,-0.856114,1.1770997,0.0218891986
0.15,PlayerA,native,Chest,-0.8780804,0.874928236,-0.00033694692
0.15,PlayerA,native,LeftHand,-0.659161568,1.35201633,0.3215964
0.15,PlayerA,native,RightHand,-0.6305392,1.42644262,0.22878176
0.15,PlayerA,native,LeftFoot,-0.8317955,0.121245466,0.331312656
0.15,PlayerA,native,RightFoot,-1.0371325,0.150630176,-0.393942
0.15,PlayerA,fighter,AnimatorRoot,-0.85,0,0
0.15,PlayerA,fighter,Hips,-0.885674,0.6557476,-0.00914335251
0.15,PlayerA,fighter,Head,-0.856354237,1.1440624,0.023806829
0.15,PlayerA,fighter,Chest,-0.8857936,0.8593432,-0.007543292
0.15,PlayerA,fighter,LeftHand,-0.6602612,1.35247171,0.322683066
0.15,PlayerA,fighter,RightHand,-0.631268,1.42365491,0.225876942
0.15,PlayerA,fighter,LeftFoot,-0.8317954,0.121245578,0.331312776
0.15,PlayerA,fighter,RightFoot,-1.0371325,0.150630191,-0.393942028
0.15,PlayerB,actor,Root,0.850000262,0,-2.026558E-07
0.15,PlayerB,driver,Root,0.845135152,-0.0021609047,-0.00394755742
0.15,PlayerB,native,AnimatorRoot,0.845135152,-0.0021609047,-0.00394755742
0.15,PlayerB,native,Hips,0.884778559,0.707474649,0.0104311239
0.15,PlayerB,native,Head,0.8376217,1.18876815,-0.0182871688
0.15,PlayerB,native,Chest,0.8769986,0.9105322,0.00261375913
0.15,PlayerB,native,LeftHand,0.7053124,0.709848166,-0.09979185
0.15,PlayerB,native,RightHand,0.6135299,0.7888516,-0.06222693
0.15,PlayerB,native,LeftFoot,0.6976891,0.11029996,-0.3857228
0.15,PlayerB,native,RightFoot,1.033206,0.110595986,0.3805214
0.15,PlayerB,fighter,AnimatorRoot,0.850000262,0,-2.026558E-07
0.15,PlayerB,fighter,Hips,0.884778559,0.707474649,0.0104311239
0.15,PlayerB,fighter,Head,0.834001362,1.4199307,-0.0246266965
0.15,PlayerB,fighter,Chest,0.8867291,0.992020845,-0.00021296888
0.15,PlayerB,fighter,LeftHand,0.705312431,0.709848166,-0.09979174
0.15,PlayerB,fighter,RightHand,0.6135299,0.7888517,-0.0622270331
0.15,PlayerB,fighter,LeftFoot,0.6976892,0.110299923,-0.385722846
0.15,PlayerB,fighter,RightFoot,1.03320587,0.110596068,0.380521327
0.166666672,PlayerA,actor,Root,-0.85,0,0
0.166666672,PlayerA,driver,Root,-0.838186741,-0.01879235,0.04536746
0.166666672,PlayerA,native,AnimatorRoot,-0.838186741,-0.01879235,0.04536746
0.166666672,PlayerA,native,Hips,-0.8650715,0.6969305,0.0158240423
0.166666672,PlayerA,native,Head,-0.8478964,1.219801,0.0303436276
0.166666672,PlayerA,native,Chest,-0.857943952,0.916251361,0.0240599178
0.166666672,PlayerA,native,LeftHand,-0.6789954,1.44862676,0.302984178
0.166666672,PlayerA,native,RightHand,-0.650540233,1.51113677,0.206843048
0.166666672,PlayerA,native,LeftFoot,-0.8331955,0.1231097,0.330007762
0.166666672,PlayerA,native,RightFoot,-1.0207082,0.196352065,-0.368744671
0.166666672,PlayerA,fighter,AnimatorRoot,-0.85,0,0
0.166666672,PlayerA,fighter,Hips,-0.8650715,0.6969305,0.015824046
0.166666672,PlayerA,fighter,Head,-0.848112,1.18712413,0.0322643667
0.166666672,PlayerA,fighter,Chest,-0.866075933,0.9006549,0.016040653
0.166666672,PlayerA,fighter,LeftHand,-0.6801357,1.44907916,0.304029226
0.166666672,PlayerA,fighter,RightHand,-0.650946856,1.50793159,0.204331622
0.166666672,PlayerA,fighter,LeftFoot,-0.833195448,0.123109818,0.330007851
0.166666672,PlayerA,fighter,RightFoot,-1.0207082,0.196352109,-0.368744671
0.166666672,PlayerB,actor,Root,0.850000262,0,-2.026558E-07
0.166666672,PlayerB,driver,Root,0.8446016,-0.0024064756,-0.0043882234
0.166666672,PlayerB,native,AnimatorRoot,0.8446016,-0.0024064756,-0.0043882234
0.166666672,PlayerB,native,Hips,0.8844223,0.7071541,0.0100011509
0.166666672,PlayerB,native,Head,0.8368202,1.1883806,-0.0188213121
0.166666672,PlayerB,native,Chest,0.876568258,0.910204351,0.00216856832
0.166666672,PlayerB,native,LeftHand,0.704541147,0.7094277,-0.100300483
0.166666672,PlayerB,native,RightHand,0.612914562,0.7885341,-0.06273497
0.166666672,PlayerB,native,LeftFoot,0.6976892,0.110300526,-0.3857217
0.166666672,PlayerB,native,RightFoot,1.03320563,0.1105959,0.380521446
0.166666672,PlayerB,fighter,AnimatorRoot,0.850000262,0,-2.026558E-07
0.166666672,PlayerB,fighter,Hips,0.8844223,0.707154036,0.0100011509
0.166666672,PlayerB,fighter,Head,0.8328854,1.41951978,-0.02532676
0.166666672,PlayerB,fighter,Chest,0.886238933,0.99169594,-0.0006782614
0.166666672,PlayerB,fighter,LeftHand,0.7045411,0.7094276,-0.100300267
0.166666672,PlayerB,fighter,RightHand,0.612914562,0.788534164,-0.06273509
0.166666672,PlayerB,fighter,LeftFoot,0.697689235,0.110300668,-0.385721654
0.166666672,PlayerB,fighter,RightFoot,1.03320563,0.11059586,0.380521446
0.183333337,PlayerA,actor,Root,-0.85,0,0
0.183333337,PlayerA,driver,Root,-0.8222298,0.03190766,0.06583527
0.183333337,PlayerA,native,AnimatorRoot,-0.8222298,0.03190766,0.06583527
0.183333337,PlayerA,native,Hips,-0.8391183,0.7525638,0.0474542
0.183333337,PlayerA,native,Head,-0.8378897,1.275343,0.04117269
0.183333337,PlayerA,native,Chest,-0.8326949,0.971918464,0.0549667
0.183333337,PlayerA,native,LeftHand,-0.696847737,1.547488,0.287279546
0.183333337,PlayerA,native,RightHand,-0.6753237,1.5985502,0.185841069
0.183333337,PlayerA,native,LeftFoot,-0.8264554,0.126909733,0.334506273
0.183333337,PlayerA,native,RightFoot,-1.00098085,0.252345353,-0.3389949
0.183333337,PlayerA,fighter,AnimatorRoot,-0.85,0,0
0.183333337,PlayerA,fighter,Hips,-0.8391183,0.7525638,0.0474542156
0.183333337,PlayerA,fighter,Head,-0.838057041,1.24309945,0.0431298055
0.183333337,PlayerA,fighter,Chest,-0.841511548,0.9562975,0.0461258478
0.183333337,PlayerA,fighter,LeftHand,-0.6979958,1.54791379,0.288327336
0.183333337,PlayerA,fighter,RightHand,-0.675301731,1.59503686,0.183743119
0.183333337,PlayerA,fighter,LeftFoot,-0.8264555,0.126909733,0.334506243
0.183333337,PlayerA,fighter,RightFoot,-1.00098085,0.252345473,-0.33899498
0.183333337,PlayerB,actor,Root,0.850000262,0,-2.026558E-07
0.183333337,PlayerB,driver,Root,0.8440688,-0.00265339762,-0.004824166
0.183333337,PlayerB,native,AnimatorRoot,0.8440688,-0.00265339762,-0.004824166
0.183333337,PlayerB,native,Hips,0.884066939,0.706834555,0.009572307
0.183333337,PlayerB,native,Head,0.8360209,1.18799448,-0.01935331
0.183333337,PlayerB,native,Chest,0.8761391,0.9098778,0.00172471663
0.183333337,PlayerB,native,LeftHand,0.7037717,0.7090081,-0.100807361
0.183333337,PlayerB,native,RightHand,0.6123008,0.7882172,-0.0632414445
0.183333337,PlayerB,native,LeftFoot,0.6976887,0.110300243,-0.385721475
0.183333337,PlayerB,native,RightFoot,1.033206,0.110595822,0.380521268
0.183333337,PlayerB,fighter,AnimatorRoot,0.850000262,0,-2.026558E-07
0.183333337,PlayerB,fighter,Hips,0.884066939,0.7068345,0.00957230851
0.183333337,PlayerB,fighter,Head,0.8317723,1.41910923,-0.0260237753
0.183333337,PlayerB,fighter,Chest,0.88575,0.991372168,-0.00114196318
0.183333337,PlayerB,fighter,LeftHand,0.703771532,0.709008,-0.100807279
0.183333337,PlayerB,fighter,RightHand,0.612300754,0.788217068,-0.06324159
0.183333337,PlayerB,fighter,LeftFoot,0.6976886,0.11030025,-0.385721475
0.183333337,PlayerB,fighter,RightFoot,1.03320611,0.110595822,0.380521327
0.2,PlayerA,actor,Root,-0.85,0,0
0.2,PlayerA,driver,Root,-0.8035746,0.08410317,0.0884085447
0.2,PlayerA,native,AnimatorRoot,-0.8035746,0.08410317,0.0884085447
0.2,PlayerA,native,Hips,-0.810004234,0.8112111,0.08228138
0.2,PlayerA,native,Head,-0.824817538,1.33163357,0.055406414
0.2,PlayerA,native,Chest,-0.804121852,1.03043008,0.08907211
0.2,PlayerA,native,LeftHand,-0.7141397,1.63905215,0.275984317
0.2,PlayerA,native,RightHand,-0.698336363,1.67748117,0.1674653
0.2,PlayerA,native,LeftFoot,-0.8272079,0.129865229,0.333002031
0.2,PlayerA,native,RightFoot,-0.9726542,0.311165273,-0.299034864
0.2,PlayerA,fighter,AnimatorRoot,-0.85,0,0
0.2,PlayerA,fighter,Hips,-0.810004234,0.8112111,0.08228141
0.2,PlayerA,fighter,Head,-0.8250231,1.2998507,0.0573478937
0.2,PlayerA,fighter,Chest,-0.813702643,1.0147866,0.0794898
0.2,PlayerA,fighter,LeftHand,-0.7152813,1.6394465,0.277051449
0.2,PlayerA,fighter,RightHand,-0.6978694,1.67379212,0.165757567
0.2,PlayerA,fighter,LeftFoot,-0.8272079,0.129865274,0.333001971
0.2,PlayerA,fighter,RightFoot,-0.9726542,0.311165333,-0.2990349
0.2,PlayerB,actor,Root,0.850000262,0,-2.026558E-07
0.2,PlayerB,driver,Root,0.843538761,-0.00290058972,-0.005257101
0.2,PlayerB,native,AnimatorRoot,0.843538761,-0.00290058972,-0.005257101
0.2,PlayerB,native,Hips,0.883712947,0.706516266,0.009145079
0.2,PlayerB,native,Head,0.835224569,1.18760872,-0.0198831465
0.2,PlayerB,native,Chest,0.87571156,0.909552336,0.00128251722
0.2,PlayerB,native,LeftHand,0.703005552,0.7085894,-0.101312466
0.2,PlayerB,native,RightHand,0.611689448,0.7879011,-0.06374598
0.2,PlayerB,native,LeftFoot,0.697689056,0.110300496,-0.385722
0.2,PlayerB,native,RightFoot,1.033206,0.110595718,0.3805212
0.2,PlayerB,fighter,AnimatorRoot,0.850000262,0,-2.026558E-07
0.2,PlayerB,fighter,Hips,0.883712947,0.706516266,0.009145079
0.2,PlayerB,fighter,Head,0.8306636,1.41869867,-0.0267181862
0.2,PlayerB,fighter,Chest,0.885262966,0.991049349,-0.00160402583
0.2,PlayerB,fighter,LeftHand,0.703005552,0.7085895,-0.101312362
0.2,PlayerB,fighter,RightHand,0.611689448,0.787901044,-0.063746
0.2,PlayerB,fighter,LeftFoot,0.697688937,0.110300586,-0.385722071
0.2,PlayerB,fighter,RightFoot,1.033206,0.110595651,0.3805212
0.216666669,PlayerA,actor,Root,-0.85,0,0
0.216666669,PlayerA,driver,Root,-0.783679,0.126603931,0.111047938
0.216666669,PlayerA,native,AnimatorRoot,-0.783679,0.126603931,0.111047938
0.216666669,PlayerA,native,Hips,-0.780906856,0.859752536,0.116833806
0.216666669,PlayerA,native,Head,-0.8077136,1.37671983,0.0742982
0.216666669,PlayerA,native,Chest,-0.7751365,1.07871759,0.123488769
0.216666669,PlayerA,native,LeftHand,-0.732666135,1.71491218,0.266958147
0.216666669,PlayerA,native,RightHand,-0.7210704,1.740882,0.150773928
0.216666669,PlayerA,native,LeftFoot,-0.8396429,0.126492634,0.320353538
0.216666669,PlayerA,native,RightFoot,-0.933544755,0.3667916,-0.249287069
0.216666669,PlayerA,fighter,AnimatorRoot,-0.85,0,0
0.216666669,PlayerA,fighter,Hips,-0.780906856,0.8597526,0.116833836
0.216666669,PlayerA,fighter,Head,-0.808086336,1.34536731,0.07603261
0.216666669,PlayerA,fighter,Chest,-0.7853096,1.06308973,0.11324539
0.216666669,PlayerA,fighter,LeftHand,-0.7338033,1.71528375,0.268037736
0.216666669,PlayerA,fighter,RightHand,-0.7201933,1.73712659,0.149406463
0.216666669,PlayerA,fighter,LeftFoot,-0.8396429,0.126492888,0.320353627
0.216666669,PlayerA,fighter,RightFoot,-0.933544755,0.366791725,-0.249287024
0.216666669,PlayerB,actor,Root,0.850000262,0,-2.026558E-07
0.216666669,PlayerB,driver,Root,0.843012631,-0.00314740348,-0.005687878
0.216666669,PlayerB,native,AnimatorRoot,0.843012631,-0.00314740348,-0.005687878
0.216666669,PlayerB,native,Hips,0.8833606,0.706199646,0.00871984847
0.216666669,PlayerB,native,Head,0.834432065,1.18722475,-0.0204104576
0.216666669,PlayerB,native,Chest,0.875286043,0.9092285,0.0008423276
0.216666669,PlayerB,native,LeftHand,0.7022432,0.7081723,-0.10181465
0.216666669,PlayerB,native,RightHand,0.611080647,0.7875862,-0.06424769
0.216666669,PlayerB,native,LeftFoot,0.697689235,0.110300429,-0.3857219
0.216666669,PlayerB,native,RightFoot,1.03320587,0.110595949,0.380521327
0.216666669,PlayerB,fighter,AnimatorRoot,0.850000262,0,-2.026558E-07
0.216666669,PlayerB,fighter,Hips,0.8833606,0.7061996,0.00871985
0.216666669,PlayerB,fighter,Head,0.8295601,1.41828907,-0.0274090748
0.216666669,PlayerB,fighter,Chest,0.884778142,0.9907282,-0.00206386065
0.216666669,PlayerB,fighter,LeftHand,0.7022432,0.708172262,-0.101814426
0.216666669,PlayerB,fighter,RightHand,0.611080647,0.7875863,-0.06424772
0.216666669,PlayerB,fighter,LeftFoot,0.6976892,0.110300586,-0.3857219
0.216666669,PlayerB,fighter,RightFoot,1.03320587,0.110595986,0.3805214
0.233333334,PlayerA,actor,Root,-0.85,0,0
0.233333334,PlayerA,driver,Root,-0.7617702,0.161028177,0.1348661
0.233333334,PlayerA,native,AnimatorRoot,-0.7617702,0.161028177,0.1348661
0.233333334,PlayerA,native,Hips,-0.7561178,0.896971,0.147313684
0.233333334,PlayerA,native,Head,-0.7919638,1.41020012,0.09178559
0.233333334,PlayerA,native,Chest,-0.7505766,1.11567247,0.153656244
0.233333334,PlayerA,native,LeftHand,-0.7462144,1.76494956,0.256693
0.233333334,PlayerA,native,RightHand,-0.7393488,1.77950609,0.135397792
0.233333334,PlayerA,native,LeftFoot,-0.8227912,0.13937135,0.3371855
0.233333334,PlayerA,native,RightFoot,-0.8806319,0.416381717,-0.188990816
0.233333334,PlayerA,fighter,AnimatorRoot,-0.85,0,0
0.233333334,PlayerA,fighter,Hips,-0.7561178,0.8969709,0.147313714
0.233333334,PlayerA,fighter,Head,-0.7926379,1.37930572,0.09312065
0.233333334,PlayerA,fighter,Chest,-0.7611207,1.1000421,0.142851651
0.233333334,PlayerA,fighter,LeftHand,-0.747349143,1.76532018,0.257775575
0.233333334,PlayerA,fighter,RightHand,-0.7381182,1.77576,0.134304911
0.233333334,PlayerA,fighter,LeftFoot,-0.8227913,0.139371261,0.337185353
0.233333334,PlayerA,fighter,RightFoot,-0.8806319,0.416381747,-0.188990891
0.233333334,PlayerB,actor,Root,0.850000262,0,-2.026558E-07
0.233333334,PlayerB,driver,Root,0.8424907,-0.00339367683,-0.00611567125
0.233333334,PlayerB,native,AnimatorRoot,0.8424907,-0.00339367683,-0.00611567125
0.233333334,PlayerB,native,Hips,0.8830103,0.7058845,0.008297106
0.233333334,PlayerB,native,Head,0.8336442,1.18684173,-0.02093419
0.233333334,PlayerB,native,Chest,0.874862969,0.908906162,0.0004048221
0.233333334,PlayerB,native,LeftHand,0.701485157,0.7077569,-0.102313973
0.233333334,PlayerB,native,RightHand,0.6104758,0.7872728,-0.0647468939
0.233333334,PlayerB,native,LeftFoot,0.697689533,0.110300332,-0.385722
0.233333334,PlayerB,native,RightFoot,1.03320587,0.11059586,0.3805212
0.233333334,PlayerB,fighter,AnimatorRoot,0.850000262,0,-2.026558E-07
0.233333334,PlayerB,fighter,Hips,0.8830103,0.705884457,0.008297106
0.233333334,PlayerB,fighter,Head,0.8284628,1.41788077,-0.0280954614
0.233333334,PlayerB,fighter,Chest,0.8842962,0.9904086,-0.00252092024
0.233333334,PlayerB,fighter,LeftHand,0.7014849,0.707756758,-0.102313645
0.233333334,PlayerB,fighter,RightHand,0.6104757,0.7872729,-0.06474695
0.233333334,PlayerB,fighter,LeftFoot,0.6976895,0.11030025,-0.385721952
0.233333334,PlayerB,fighter,RightFoot,1.03320575,0.110595986,0.3805212
0.245977029,PlayerA,actor,Root,-0.85,0,0
0.245977029,PlayerA,driver,Root,-0.7431164,0.1787672,0.154047459
0.245977029,PlayerA,native,AnimatorRoot,-0.7431164,0.1787672,0.154047459
0.245977029,PlayerA,native,Hips,-0.739109,0.9148789,0.167637482
0.245977029,PlayerA,native,Head,-0.7796461,1.42565465,0.103317827
0.245977029,PlayerA,native,Chest,-0.7343242,1.13346708,0.1730309
0.245977029,PlayerA,native,LeftHand,-0.7403114,1.77437568,0.253263623
0.245977029,PlayerA,native,RightHand,-0.7360575,1.78349447,0.129426613
0.245977029,PlayerA,native,LeftFoot,-0.8219417,0.150730178,0.3427651
0.245977029,PlayerA,native,RightFoot,-0.8242151,0.457385957,-0.125108987
0.245977029,PlayerA,fighter,AnimatorRoot,-0.85,0,0
0.245977029,PlayerA,fighter,Hips,-0.7391089,0.914878964,0.167637512
0.245977029,PlayerA,fighter,Head,-0.7806639,1.39514446,0.10417629
0.245977029,PlayerA,fighter,Chest,-0.7448579,1.117764,0.161898568
0.245977029,PlayerA,fighter,LeftHand,-0.741459131,1.77476406,0.254326165
0.245977029,PlayerA,fighter,RightHand,-0.7346357,1.77977026,0.12850216
0.245977029,PlayerA,fighter,LeftFoot,-0.8219416,0.150730178,0.342765033
0.245977029,PlayerA,fighter,RightFoot,-0.8242151,0.457386017,-0.125108972
0.245977029,PlayerB,actor,Root,0.850000262,0,-2.026558E-07
0.245977029,PlayerB,driver,Root,0.842097759,-0.00357996253,-0.006437934
0.245977029,PlayerB,native,AnimatorRoot,0.842097759,-0.00357996253,-0.006437934
0.245977029,PlayerB,native,Hips,0.88274616,0.7056469,0.007978296
0.245977029,PlayerB,native,Head,0.833050132,1.18655276,-0.0213291589
0.245977029,PlayerB,native,Chest,0.874543965,0.9086631,7.483214E-05
0.245977029,PlayerB,native,LeftHand,0.7009138,0.7074433,-0.102690414
0.245977029,PlayerB,native,RightHand,0.6100197,0.787035942,-0.065123
0.245977029,PlayerB,native,LeftFoot,0.697688937,0.11030037,-0.3857219
0.245977029,PlayerB,native,RightFoot,1.03320551,0.110595845,0.3805215
0.245977029,PlayerB,fighter,AnimatorRoot,0.850000262,0,-2.026558E-07
0.245977029,PlayerB,fighter,Hips,0.88274616,0.7056468,0.007978298
0.245977029,PlayerB,fighter,Head,0.8276354,1.41757178,-0.028612921
0.245977029,PlayerB,fighter,Chest,0.8839327,0.990167439,-0.00286560645
0.245977029,PlayerB,fighter,LeftHand,0.700913668,0.7074432,-0.102690279
0.245977029,PlayerB,fighter,RightHand,0.6100197,0.787035942,-0.06512315
0.245977029,PlayerB,fighter,LeftFoot,0.697689,0.110300377,-0.3857219
0.245977029,PlayerB,fighter,RightFoot,1.03320539,0.110595822,0.3805215
0.25,PlayerA,actor,Root,-0.85,0,0
0.25,PlayerA,driver,Root,-0.736874163,0.183136955,0.160330966
0.25,PlayerA,native,AnimatorRoot,-0.736874163,0.183136955,0.160330966
0.25,PlayerA,native,Hips,-0.7338911,0.9188705,0.173688546
0.25,PlayerA,native,Head,-0.7755427,1.42896843,0.106792308
0.25,PlayerA,native,Chest,-0.7294228,1.137437,0.178694159
0.25,PlayerA,native,LeftHand,-0.7362599,1.773279,0.253176451
0.25,PlayerA,native,RightHand,-0.732423365,1.78102791,0.128317267
0.25,PlayerA,native,LeftFoot,-0.823047459,0.153604865,0.3436423
0.25,PlayerA,native,RightFoot,-0.8044268,0.472202957,-0.102055505
0.25,PlayerA,fighter,AnimatorRoot,-0.85,0,0
0.25,PlayerA,fighter,Hips,-0.7338911,0.918870568,0.173688576
0.25,PlayerA,fighter,Head,-0.776689053,1.39857852,0.107467145
0.25,PlayerA,fighter,Chest,-0.739908636,1.12170112,0.167471588
0.25,PlayerA,fighter,LeftHand,-0.737413049,1.77367437,0.254230678
0.25,PlayerA,fighter,RightHand,-0.730954,1.777311,0.127439976
0.25,PlayerA,fighter,LeftFoot,-0.823047459,0.153604746,0.343642324
0.25,PlayerA,fighter,RightFoot,-0.8044268,0.472202867,-0.102055475
0.25,PlayerB,actor,Root,0.850000262,0,-2.026558E-07
0.25,PlayerB,driver,Root,0.8419733,-0.00363919348,-0.00654007448
0.25,PlayerB,native,AnimatorRoot,0.8419733,-0.00363919348,-0.00654007448
0.25,PlayerB,native,Hips,0.882662356,0.705571651,0.007877236
0.25,PlayerB,native,Head,0.832861662,1.18646109,-0.0214543138
0.25,PlayerB,native,Chest,0.8744427,0.9085861,-2.97013667E-05
0.25,PlayerB,native,LeftHand,0.70073247,0.707344,-0.102809571
0.25,PlayerB,native,RightHand,0.609875,0.786961,-0.06524243
0.25,PlayerB,native,LeftFoot,0.697689056,0.110300653,-0.385722071
0.25,PlayerB,native,RightFoot,1.033206,0.110595927,0.380521148
0.25,PlayerB,fighter,AnimatorRoot,0.850000262,0,-2.026558E-07
0.25,PlayerB,fighter,Hips,0.882662356,0.705571651,0.007877238
0.25,PlayerB,fighter,Head,0.827373147,1.417474,-0.0287770182
0.25,PlayerB,fighter,Chest,0.883817434,0.9900911,-0.00297482451
0.25,PlayerB,fighter,LeftHand,0.70073247,0.707343757,-0.102809459
0.25,PlayerB,fighter,RightHand,0.609874964,0.7869609,-0.06524245
0.25,PlayerB,fighter,LeftFoot,0.6976891,0.110300668,-0.385722131
0.25,PlayerB,fighter,RightFoot,1.03320587,0.110596068,0.380521148
0.266666681,PlayerA,actor,Root,-0.85,0,0
0.266666681,PlayerA,driver,Root,-0.711052239,0.19931224,0.187337339
0.266666681,PlayerA,native,AnimatorRoot,-0.711052239,0.19931224,0.187337339
0.266666681,PlayerA,native,Hips,-0.7169311,0.929740548,0.194605529
0.266666681,PlayerA,native,Head,-0.761238635,1.43758667,0.1186829
0.266666681,PlayerA,native,Chest,-0.713652968,1.14824522,0.1980841
0.266666681,PlayerA,native,LeftHand,-0.724797,1.76516676,0.249942034
0.266666681,PlayerA,native,RightHand,-0.720450044,1.76684928,0.119549453
0.266666681,PlayerA,native,LeftFoot,-0.831308842,0.1626804,0.345044672
0.266666681,PlayerA,native,RightFoot,-0.680712759,0.508639336,0.02219294
0.266666681,PlayerA,fighter,AnimatorRoot,-0.85,0,0
0.266666681,PlayerA,fighter,Hips,-0.7169311,0.929740548,0.194605589
0.266666681,PlayerA,fighter,Head,-0.763,1.40763879,0.118441805
0.266666681,PlayerA,fighter,Chest,-0.7238409,1.13237941,0.186526835
0.266666681,PlayerA,fighter,LeftHand,-0.7259703,1.76559162,0.250961721
0.266666681,PlayerA,fighter,RightHand,-0.718822241,1.76316416,0.118832812
0.266666681,PlayerA,fighter,LeftFoot,-0.831308842,0.162680537,0.3450447
0.266666681,PlayerA,fighter,RightFoot,-0.6807128,0.508639336,0.02219291
0.266666681,PlayerB,actor,Root,0.850000262,0,-2.026558E-07
0.266666681,PlayerB,driver,Root,0.841461062,-0.00388346729,-0.00696066068
0.266666681,PlayerB,native,AnimatorRoot,0.841461062,-0.00388346729,-0.00696066068
0.266666681,PlayerB,native,Hips,0.882317245,0.7052612,0.007460688
0.266666681,PlayerB,native,Head,0.832085431,1.186083,-0.0219700318
0.266666681,PlayerB,native,Chest,0.874025941,0.908268452,-0.000460816169
0.266666681,PlayerB,native,LeftHand,0.6999856,0.706933856,-0.103300795
0.266666681,PlayerB,native,RightHand,0.609279037,0.7866515,-0.06573417
0.266666681,PlayerB,native,LeftFoot,0.6976888,0.1103006,-0.385722
0.266666681,PlayerB,native,RightFoot,1.033206,0.11059577,0.380521327
0.266666681,PlayerB,fighter,AnimatorRoot,0.850000262,0,-2.026558E-07
0.266666681,PlayerB,fighter,Hips,0.882317245,0.7052611,0.00746068964
0.266666681,PlayerB,fighter,Head,0.826291859,1.41706908,-0.0294527672
0.266666681,PlayerB,fighter,Chest,0.883342445,0.989775956,-0.00342508918
0.266666681,PlayerB,fighter,LeftHand,0.6999857,0.7069338,-0.103300691
0.266666681,PlayerB,fighter,RightHand,0.609279037,0.786651433,-0.0657343045
0.266666681,PlayerB,fighter,LeftFoot,0.6976888,0.110300459,-0.385722131
0.266666681,PlayerB,fighter,RightFoot,1.03320611,0.110595822,0.380521327
0.283333331,PlayerA,actor,Root,-0.85,0,0
0.283333331,PlayerA,driver,Root,-0.6871335,0.217117473,0.215531632
0.283333331,PlayerA,native,AnimatorRoot,-0.6871335,0.217117473,0.215531632
0.283333331,PlayerA,native,Hips,-0.700544536,0.936272144,0.215178177
0.283333331,PlayerA,native,Head,-0.7459363,1.4423995,0.13134709
0.283333331,PlayerA,native,Chest,-0.6985714,1.154757,0.21682173
0.283333331,PlayerA,native,LeftHand,-0.717288256,1.76308489,0.240337908
0.283333331,PlayerA,native,RightHand,-0.720501065,1.756789,0.1096023
0.283333331,PlayerA,native,LeftFoot,-0.8327566,0.172221467,0.356903046
0.283333331,PlayerA,native,RightFoot,-0.545683861,0.5405789,0.1549648
0.283333331,PlayerA,fighter,AnimatorRoot,-0.85,0,0
0.283333331,PlayerA,fighter,Hips,-0.7005445,0.936272144,0.215178251
0.283333331,PlayerA,fighter,Head,-0.748428047,1.41278613,0.129954547
0.283333331,PlayerA,fighter,Chest,-0.7083368,1.13873553,0.205019847
0.283333331,PlayerA,fighter,LeftHand,-0.7184668,1.76356816,0.241325259
0.283333331,PlayerA,fighter,RightHand,-0.7186885,1.75317574,0.1089685
0.283333331,PlayerA,fighter,LeftFoot,-0.8327566,0.172221467,0.356903076
0.283333331,PlayerA,fighter,RightFoot,-0.545683861,0.540578842,0.1549648
0.283333331,PlayerB,actor,Root,0.850000262,0,-2.026558E-07
0.283333331,PlayerB,driver,Root,0.840954363,-0.00412612,-0.00737701729
0.283333331,PlayerB,native,AnimatorRoot,0.840954363,-0.00412612,-0.00737701729
0.283333331,PlayerB,native,Hips,0.8819751,0.7049536,0.007047868
0.283333331,PlayerB,native,Head,0.831315935,1.18570781,-0.0224806685
0.283333331,PlayerB,native,Chest,0.873612642,0.9079536,-0.0008879859
0.283333331,PlayerB,native,LeftHand,0.699245453,0.706527,-0.103787467
0.283333331,PlayerB,native,RightHand,0.608687639,0.7863447,-0.06622068
0.283333331,PlayerB,native,LeftFoot,0.697689,0.110300556,-0.38572225
0.283333331,PlayerB,native,RightFoot,1.033206,0.110595524,0.380521029
0.283333331,PlayerB,fighter,AnimatorRoot,0.850000262,0,-2.026558E-07
0.283333331,PlayerB,fighter,Hips,0.8819751,0.704953551,0.00704786973
0.283333331,PlayerB,fighter,Head,0.825220466,1.41666675,-0.0301216859
0.283333331,PlayerB,fighter,Chest,0.8828716,0.989463747,-0.00387116661
0.283333331,PlayerB,fighter,LeftHand,0.6992454,0.7065268,-0.103787296
0.283333331,PlayerB,fighter,RightHand,0.6086876,0.786344767,-0.06622077
0.283333331,PlayerB,fighter,LeftFoot,0.6976889,0.11030063,-0.38572225
0.283333331,PlayerB,fighter,RightFoot,1.033206,0.110595569,0.380521029
0.3,PlayerA,actor,Root,-0.85,0,0
0.3,PlayerA,driver,Root,-0.6618403,0.228770554,0.246127263
0.3,PlayerA,native,AnimatorRoot,-0.6618403,0.228770554,0.246127263
0.3,PlayerA,native,Hips,-0.6789254,0.933989465,0.240472466
0.3,PlayerA,native,Head,-0.7192726,1.4405148,0.1551988
0.3,PlayerA,native,Chest,-0.676654935,1.15250218,0.241916269
0.3,PlayerA,native,LeftHand,-0.7118975,1.76498365,0.23792477
0.3,PlayerA,native,RightHand,-0.706851959,1.75429034,0.0975621045
0.3,PlayerA,native,LeftFoot,-0.8330948,0.1747304,0.369384855
0.3,PlayerA,native,RightFoot,-0.43682465,0.5913123,0.27371335
0.3,PlayerA,fighter,AnimatorRoot,-0.85,0,0
0.3,PlayerA,fighter,Hips,-0.678925335,0.933989465,0.24047254
0.3,PlayerA,fighter,Head,-0.722662866,1.41107929,0.152457029
0.3,PlayerA,fighter,Chest,-0.6859735,1.13648152,0.2298648
0.3,PlayerA,fighter,LeftHand,-0.713105559,1.765498,0.238859326
0.3,PlayerA,fighter,RightHand,-0.705038548,1.75066912,0.09697802
0.3,PlayerA,fighter,LeftFoot,-0.8330948,0.1747304,0.369384885
0.3,PlayerA,fighter,RightFoot,-0.43682453,0.5913122,0.27371335
0.3,PlayerB,actor,Root,0.850000262,0,-2.026558E-07
0.3,PlayerB,driver,Root,0.840453744,-0.00436704326,-0.007788719
0.3,PlayerB,native,AnimatorRoot,0.840453744,-0.00436704326,-0.007788719
0.3,PlayerB,native,Hips,0.88163656,0.7046492,0.006639278
0.3,PlayerB,native,Head,0.830554664,1.18533587,-0.02298602
0.3,PlayerB,native,Chest,0.8732039,0.907642066,-0.00131079892
0.3,PlayerB,native,LeftHand,0.698513,0.7061238,-0.104268678
0.3,PlayerB,native,RightHand,0.6081023,0.7860408,-0.06670239
0.3,PlayerB,native,LeftFoot,0.697689235,0.110300466,-0.3857225
0.3,PlayerB,native,RightFoot,1.03320551,0.110595591,0.3805212
0.3,PlayerB,fighter,AnimatorRoot,0.850000262,0,-2.026558E-07
0.3,PlayerB,fighter,Hips,0.88163656,0.70464915,0.00663928
0.3,PlayerB,fighter,Head,0.824160159,1.41626775,-0.0307848342
0.3,PlayerB,fighter,Chest,0.8824058,0.9891546,-0.004313094
0.3,PlayerB,fighter,LeftHand,0.698513031,0.706123769,-0.104268625
0.3,PlayerB,fighter,RightHand,0.6081022,0.786040664,-0.06670236
0.3,PlayerB,fighter,LeftFoot,0.697689235,0.110300586,-0.3857225
0.3,PlayerB,fighter,RightFoot,1.03320551,0.110595487,0.380521327
0.316666663,PlayerA,actor,Root,-0.85,0,0
0.316666663,PlayerA,driver,Root,-0.6379276,0.232841909,0.27272284
0.316666663,PlayerA,native,AnimatorRoot,-0.6379276,0.232841909,0.27272284
0.316666663,PlayerA,native,Hips,-0.6548617,0.9277343,0.269055367
0.316666663,PlayerA,native,Head,-0.683586836,1.43664885,0.190054417
0.316666663,PlayerA,native,Chest,-0.65009594,1.14626348,0.272771657
0.316666663,PlayerA,native,LeftHand,-0.726958752,1.77662086,0.214968
0.316666663,PlayerA,native,RightHand,-0.7111633,1.76114321,0.0553068966
0.316666663,PlayerA,native,LeftFoot,-0.8407963,0.168334246,0.3692832
0.316666663,PlayerA,native,RightFoot,-0.374785274,0.636046469,0.3377216
0.316666663,PlayerA,fighter,AnimatorRoot,-0.85,0,0
0.316666663,PlayerA,fighter,Hips,-0.6548616,0.9277343,0.269055426
0.316666663,PlayerA,fighter,Head,-0.687931061,1.40733361,0.185800254
0.316666663,PlayerA,fighter,Chest,-0.6590599,1.13046932,0.2603931
0.316666663,PlayerA,fighter,LeftHand,-0.728200853,1.77713907,0.215852723
0.316666663,PlayerA,fighter,RightHand,-0.709494352,1.75743866,0.0548167229
0.316666663,PlayerA,fighter,LeftFoot,-0.840796232,0.168334246,0.3692832
0.316666663,PlayerA,fighter,RightFoot,-0.374785364,0.63604635,0.337721616
0.316666663,PlayerB,actor,Root,0.850000262,0,-2.026558E-07
0.316666663,PlayerB,driver,Root,0.8399597,-0.004606129,-0.008195331
0.316666663,PlayerB,native,AnimatorRoot,0.8399597,-0.004606129,-0.008195331
0.316666663,PlayerB,native,Hips,0.8813046,0.7043471,0.00623520324
0.316666663,PlayerB,native,Head,0.829804659,1.18496644,-0.0234854035
0.316666663,PlayerB,native,Chest,0.8728024,0.9073327,-0.00172885286
0.316666663,PlayerB,native,LeftHand,0.697791934,0.7057235,-0.104744621
0.316666663,PlayerB,native,RightHand,0.6075267,0.785738647,-0.0671787038
0.316666663,PlayerB,native,LeftFoot,0.697655439,0.1103106,-0.3857226
0.316666663,PlayerB,native,RightFoot,1.03320837,0.110594578,0.380521029
0.316666663,PlayerB,fighter,AnimatorRoot,0.850000262,0,-2.026558E-07
0.316666663,PlayerB,fighter,Hips,0.8813046,0.7043471,0.006235205
0.316666663,PlayerB,fighter,Head,0.823114634,1.41587079,-0.0314393267
0.316666663,PlayerB,fighter,Chest,0.881948,0.988847733,-0.00474969065
0.316666663,PlayerB,fighter,LeftHand,0.697791934,0.7057236,-0.104744412
0.316666663,PlayerB,fighter,RightHand,0.6075267,0.7857386,-0.06717881
0.316666663,PlayerB,fighter,LeftFoot,0.6976554,0.11031089,-0.3857226
0.316666663,PlayerB,fighter,RightFoot,1.03320837,0.110594526,0.380521029
0.333333343,PlayerA,actor,Root,-0.85,0,0
0.333333343,PlayerA,driver,Root,-0.6001271,0.217837915,0.317809522
0.333333343,PlayerA,native,AnimatorRoot,-0.6001271,0.217837915,0.317809522
0.333333343,PlayerA,native,Hips,-0.6220398,0.9076609,0.3091243
0.333333343,PlayerA,native,Head,-0.622303247,1.42244709,0.256927162
0.333333343,PlayerA,native,Chest,-0.609401941,1.12581193,0.321181238
0.333333343,PlayerA,native,LeftHand,-0.702896237,1.763552,0.219324842
0.333333343,PlayerA,native,RightHand,-0.7001723,1.73950613,0.07084556
0.333333343,PlayerA,native,LeftFoot,-0.851924837,0.155416265,0.3647636
0.333333343,PlayerA,native,RightFoot,-0.317971945,0.6271437,0.395373881
0.333333343,PlayerA,fighter,AnimatorRoot,-0.85,0,0
0.333333343,PlayerA,fighter,Hips,-0.6220397,0.9076609,0.309124351
0.333333343,PlayerA,fighter,Head,-0.6278955,1.39342558,0.2508489
0.333333343,PlayerA,fighter,Chest,-0.618163347,1.11078739,0.308333933
0.333333343,PlayerA,fighter,LeftHand,-0.7041199,1.76414335,0.2201912
0.333333343,PlayerA,fighter,RightHand,-0.698437035,1.73585474,0.07021475
0.333333343,PlayerA,fighter,LeftFoot,-0.8519249,0.155416355,0.364763618
0.333333343,PlayerA,fighter,RightFoot,-0.317971945,0.6271437,0.39537394
0.333333343,PlayerB,actor,Root,0.850000262,0,-2.026558E-07
0.333333343,PlayerB,driver,Root,0.8394726,-0.004842891,-0.008596484
0.333333343,PlayerB,native,AnimatorRoot,0.8394726,-0.004842891,-0.008596484
0.333333343,PlayerB,native,Hips,0.880971253,0.7040509,0.005836344
0.333333343,PlayerB,native,Head,0.8290585,1.18460357,-0.0239783246
0.333333343,PlayerB,native,Chest,0.872400343,0.9070297,-0.00214157579
0.333333343,PlayerB,native,LeftHand,0.697074533,0.7053299,-0.105214372
0.333333343,PlayerB,native,RightHand,0.606953,0.785442233,-0.06764927
0.333333343,PlayerB,native,LeftFoot,0.6976894,0.110300563,-0.385721952
0.333333343,PlayerB,native,RightFoot,1.033206,0.110595636,0.380521327
0.333333343,PlayerB,fighter,AnimatorRoot,0.850000262,0,-2.026558E-07
0.333333343,PlayerB,fighter,Hips,0.880971253,0.704050839,0.005836344
0.333333343,PlayerB,fighter,Head,0.822076559,1.41548,-0.0320853
0.333333343,PlayerB,fighter,Chest,0.8814903,0.9885468,-0.00518072536
0.333333343,PlayerB,fighter,LeftHand,0.6970745,0.7053299,-0.105214246
0.333333343,PlayerB,fighter,RightHand,0.606953,0.7854422,-0.06764937
0.333333343,PlayerB,fighter,LeftFoot,0.6976894,0.1103005,-0.385722
0.333333343,PlayerB,fighter,RightFoot,1.03320587,0.110595614,0.380521327
0.35,PlayerA,actor,Root,-0.85,0,0
0.35,PlayerA,driver,Root,-0.525033832,0.166242748,0.413428277
0.35,PlayerA,native,AnimatorRoot,-0.525033832,0.166242748,0.413428277
0.35,PlayerA,native,Hips,-0.5669794,0.859943032,0.376360863
0.35,PlayerA,native,Head,-0.5061514,1.3764,0.397696137
0.35,PlayerA,native,Chest,-0.5361489,1.07436228,0.4103751
0.35,PlayerA,native,LeftHand,-0.5840564,1.72466767,0.346681535
0.35,PlayerA,native,RightHand,-0.561446667,1.70710945,0.212022632
0.35,PlayerA,native,LeftFoot,-0.8578275,0.145335734,0.362777829
0.35,PlayerA,native,RightFoot,-0.243959785,0.5177867,0.483840048
0.35,PlayerA,fighter,AnimatorRoot,-0.85,0,0
0.35,PlayerA,fighter,Hips,-0.566979349,0.859943032,0.376361
0.35,PlayerA,fighter,Head,-0.5135531,1.34827065,0.389053345
0.35,PlayerA,fighter,Chest,-0.544900358,1.06122971,0.396793127
0.35,PlayerA,fighter,LeftHand,-0.5852972,1.72529507,0.3475135
0.35,PlayerA,fighter,RightHand,-0.5599034,1.70339036,0.211295664
0.35,PlayerA,fighter,LeftFoot,-0.8578276,0.145335585,0.3627777
0.35,PlayerA,fighter,RightFoot,-0.243959785,0.5177867,0.483840048
0.35,PlayerB,actor,Root,0.850000262,0,-2.026558E-07
0.35,PlayerB,driver,Root,0.8389356,-0.005105161,-0.009039152
0.35,PlayerB,native,AnimatorRoot,0.8389356,-0.005105161,-0.009039152
0.35,PlayerB,native,Hips,0.880583465,0.703733146,0.005396376
0.35,PlayerB,native,Head,0.828214765,1.18421125,-0.0245217588
0.35,PlayerB,native,Chest,0.8719367,0.9067039,-0.00259679137
0.35,PlayerB,native,LeftHand,0.6962623,0.70490396,-0.105732039
0.35,PlayerB,native,RightHand,0.606299341,0.785124063,-0.06816759
0.35,PlayerB,native,LeftFoot,0.697962,0.110219821,-0.385718733
0.35,PlayerB,native,RightFoot,1.03318322,0.110606112,0.380521744
0.35,PlayerB,fighter,AnimatorRoot,0.850000262,0,-2.026558E-07
0.35,PlayerB,fighter,Hips,0.880583465,0.703733,0.005396376
0.35,PlayerB,fighter,Head,0.8209105,1.41505635,-0.0327986479
0.35,PlayerB,fighter,Chest,0.880965233,0.988223732,-0.00565647474
0.35,PlayerB,fighter,LeftHand,0.69626224,0.70490396,-0.105731912
0.35,PlayerB,fighter,RightHand,0.6062994,0.7851241,-0.0681675449
0.35,PlayerB,fighter,LeftFoot,0.697962,0.110219814,-0.3857188
0.35,PlayerB,fighter,RightFoot,1.03318334,0.110606082,0.380521744
0.366666675,PlayerA,actor,Root,-0.85,0,0
0.366666675,PlayerA,driver,Root,-0.4398134,0.09469372,0.524528265
0.366666675,PlayerA,native,AnimatorRoot,-0.4398134,0.09469372,0.524528265
0.366666675,PlayerA,native,Hips,-0.504011631,0.803567469,0.451565236
0.366666675,PlayerA,native,Head,-0.37762776,1.29746652,0.5666263
0.366666675,PlayerA,native,Chest,-0.452980727,1.00814819,0.5127349
0.366666675,PlayerA,native,LeftHand,-0.422406971,1.65998125,0.5252881
0.366666675,PlayerA,native,RightHand,-0.38458246,1.64647508,0.40901947
0.366666675,PlayerA,native,LeftFoot,-0.8519285,0.150880054,0.364751935
0.366666675,PlayerA,native,RightFoot,-0.17080617,0.371247172,0.573812544
0.366666675,PlayerA,fighter,AnimatorRoot,-0.85,0,0
0.366666675,PlayerA,fighter,Hips,-0.5040116,0.8035675,0.451565385
0.366666675,PlayerA,fighter,Head,-0.386817247,1.27060115,0.555083036
0.366666675,PlayerA,fighter,Chest,-0.461658835,0.997219,0.498531759
0.366666675,PlayerA,fighter,LeftHand,-0.4236442,1.66065252,0.526105046
0.366666675,PlayerA,fighter,RightHand,-0.3834126,1.64264572,0.408176839
0.366666675,PlayerA,fighter,LeftFoot,-0.8519285,0.150880054,0.364752024
0.366666675,PlayerA,fighter,RightFoot,-0.17080611,0.371247262,0.5738126
0.366666675,PlayerB,actor,Root,0.850000262,0,-2.026558E-07
0.366666675,PlayerB,driver,Root,0.8385213,-0.005307984,-0.009380847
0.366666675,PlayerB,native,AnimatorRoot,0.8385213,-0.005307984,-0.009380847
0.366666675,PlayerB,native,Hips,0.8803241,0.7034691,0.00505537027
0.366666675,PlayerB,native,Head,0.82760334,1.18388915,-0.0249427333
0.366666675,PlayerB,native,Chest,0.871618748,0.9064338,-0.002949634
0.366666675,PlayerB,native,LeftHand,0.6956751,0.704556048,-0.106132716
0.366666675,PlayerB,native,RightHand,0.6058345,0.7848594,-0.06856906
0.366666675,PlayerB,native,LeftFoot,0.697689235,0.110300779,-0.385722
0.366666675,PlayerB,native,RightFoot,1.03320611,0.110595949,0.3805212
0.366666675,PlayerB,fighter,AnimatorRoot,0.850000262,0,-2.026558E-07
0.366666675,PlayerB,fighter,Hips,0.8803241,0.703469038,0.00505537027
0.366666675,PlayerB,fighter,Head,0.82005,1.41470993,-0.0333497524
0.366666675,PlayerB,fighter,Chest,0.8805998,0.9879555,-0.00602476252
0.366666675,PlayerB,fighter,LeftHand,0.6956751,0.704556,-0.106132492
0.366666675,PlayerB,fighter,RightHand,0.6058346,0.7848594,-0.06856912
0.366666675,PlayerB,fighter,LeftFoot,0.6976892,0.110300921,-0.385722
0.366666675,PlayerB,fighter,RightFoot,1.033206,0.11059624,0.3805212
0.368965536,PlayerA,actor,Root,-0.85,0,0
0.368965536,PlayerA,driver,Root,-0.429214984,0.0841132551,0.53868556
0.368965536,PlayerA,native,AnimatorRoot,-0.429214984,0.0841132551,0.53868556
0.368965536,PlayerA,native,Hips,-0.496033251,0.795598,0.461260676
0.368965536,PlayerA,native,Head,-0.3617862,1.284559,0.588588953
0.368965536,PlayerA,native,Chest,-0.442467123,0.998460352,0.5259352
0.368965536,PlayerA,native,LeftHand,-0.40039143,1.64892983,0.5493196
0.368965536,PlayerA,native,RightHand,-0.361969978,1.63582265,0.436747044
0.368965536,PlayerA,native,LeftFoot,-0.851735,0.150502115,0.3649955
0.368965536,PlayerA,native,RightFoot,-0.160387039,0.352412164,0.586363
0.368965536,PlayerA,fighter,AnimatorRoot,-0.85,0,0
0.368965536,PlayerA,fighter,Hips,-0.496033162,0.795598,0.461260825
0.368965536,PlayerA,fighter,Head,-0.371201128,1.25787675,0.576660633
0.368965536,PlayerA,fighter,Chest,-0.451129943,0.987810135,0.511671066
0.368965536,PlayerA,fighter,LeftHand,-0.401622236,1.6496079,0.5501402
0.368965536,PlayerA,fighter,RightHand,-0.360853285,1.63198566,0.4358674
0.368965536,PlayerA,fighter,LeftFoot,-0.851735055,0.15050216,0.364995658
0.368965536,PlayerA,fighter,RightFoot,-0.160387039,0.352412224,0.586363
0.368965536,PlayerB,actor,Root,0.850000262,0,-2.026558E-07
0.368965536,PlayerB,driver,Root,0.838409066,-0.00530722737,-0.00954701751
0.368965536,PlayerB,native,AnimatorRoot,0.838409066,-0.00530722737,-0.00954701751
0.368965536,PlayerB,native,Hips,0.880179763,0.7034514,0.00488895224
0.368965536,PlayerB,native,Head,0.827524543,1.183875,-0.0251300763
0.368965536,PlayerB,native,Chest,0.8715174,0.906417251,-0.00311925588
0.368965536,PlayerB,native,LeftHand,0.695317149,0.70457983,-0.105909012
0.368965536,PlayerB,native,RightHand,0.605570853,0.7851198,-0.0689642951
0.368965536,PlayerB,native,LeftFoot,0.697499037,0.110341452,-0.385949
0.368965536,PlayerB,native,RightFoot,1.03323281,0.110599078,0.38048628
0.368965536,PlayerB,fighter,AnimatorRoot,0.850000262,0,-2.026558E-07
0.368965536,PlayerB,fighter,Hips,0.880179763,0.703451335,0.004888954
0.368965536,PlayerB,fighter,Head,0.8200299,1.41469812,-0.03355041
0.368965536,PlayerB,fighter,Chest,0.880519331,0.987936556,-0.00620805053
0.368965536,PlayerB,fighter,LeftHand,0.6953171,0.7045797,-0.105908915
0.368965536,PlayerB,fighter,RightHand,0.6055708,0.7851198,-0.0689642355
0.368965536,PlayerB,fighter,LeftFoot,0.697499037,0.1103416,-0.385948926
0.368965536,PlayerB,fighter,RightFoot,1.03323281,0.1105992,0.380486339
0.383333325,PlayerA,actor,Root,-0.85,0,0
0.383333325,PlayerA,driver,Root,-0.360880435,0.0057477057,0.6325247
0.383333325,PlayerA,native,AnimatorRoot,-0.360880435,0.0057477057,0.6325247
0.383333325,PlayerA,native,Hips,-0.443192065,0.7398521,0.526200354
0.383333325,PlayerA,native,Head,-0.261183083,1.18284833,0.7366332
0.383333325,PlayerA,native,Chest,-0.373262554,0.928184748,0.614682555
0.383333325,PlayerA,native,LeftHand,-0.2522776,1.55665112,0.7123696
0.383333325,PlayerA,native,RightHand,-0.212262869,1.54523969,0.634258449
0.383333325,PlayerA,native,LeftFoot,-0.8545659,0.143551275,0.36502102
0.383333325,PlayerA,native,RightFoot,-0.08729768,0.222556144,0.6743035
0.383333325,PlayerA,fighter,AnimatorRoot,-0.85,0,0
0.383333325,PlayerA,fighter,Hips,-0.443191946,0.7398521,0.5262005
0.383333325,PlayerA,fighter,Head,-0.272083163,1.15748727,0.722101152
0.383333325,PlayerA,fighter,Chest,-0.381798834,0.9193992,0.600114346
0.383333325,PlayerA,fighter,LeftHand,-0.25344336,1.557384,0.7132365
0.383333325,PlayerA,fighter,RightHand,-0.21149987,1.54139912,0.6330708
0.383333325,PlayerA,fighter,LeftFoot,-0.854566,0.1435513,0.365020961
0.383333325,PlayerA,fighter,RightFoot,-0.08729768,0.222556159,0.6743035
0.383333325,PlayerB,actor,Root,0.850000262,0,-2.026558E-07
0.383333325,PlayerB,driver,Root,0.836096466,-0.004923793,-0.0134585854
0.383333325,PlayerB,native,AnimatorRoot,0.836096466,-0.004923793,-0.0134585854
0.383333325,PlayerB,native,Hips,0.8770252,0.7032856,0.0009715393
0.383333325,PlayerB,native,Head,0.82678,1.18389618,-0.029499799
0.383333325,PlayerB,native,Chest,0.869641066,0.9062895,-0.00711688353
0.383333325,PlayerB,native,LeftHand,0.6871464,0.705826163,-0.0990379155
0.383333325,PlayerB,native,RightHand,0.5993515,0.792787552,-0.07881384
0.383333325,PlayerB,native,LeftFoot,0.689009964,0.112428077,-0.3921614
0.383333325,PlayerB,native,RightFoot,1.03429031,0.110569768,0.3794751
0.383333325,PlayerB,fighter,AnimatorRoot,0.850000262,0,-2.026558E-07
0.383333325,PlayerB,fighter,Hips,0.8770252,0.7032855,0.0009715393
0.383333325,PlayerB,fighter,Head,0.8213308,1.41482341,-0.0380634
0.383333325,PlayerB,fighter,Chest,0.8792904,0.9877364,-0.0105519369
0.383333325,PlayerB,fighter,LeftHand,0.6871464,0.705826,-0.0990377
0.383333325,PlayerB,fighter,RightHand,0.599351346,0.792787433,-0.07881396
0.383333325,PlayerB,fighter,LeftFoot,0.6890099,0.112428263,-0.3921614
0.383333325,PlayerB,fighter,RightFoot,1.03429031,0.110569619,0.3794751
0.4,PlayerA,actor,Root,-0.85,0,0
0.4,PlayerA,driver,Root,-0.2970845,-0.07586916,0.720059037
0.4,PlayerA,native,AnimatorRoot,-0.2970845,-0.07586916,0.720059037
0.4,PlayerA,native,Hips,-0.39105463,0.6854556,0.587886035
0.4,PlayerA,native,Head,-0.17456013,1.06681073,0.8713135
0.4,PlayerA,native,Chest,-0.307580173,0.85562104,0.698131442
0.4,PlayerA,native,LeftHand,-0.106566489,1.43879664,0.924173057
0.4,PlayerA,native,RightHand,-0.04966259,1.41934836,0.8485429
0.4,PlayerA,native,LeftFoot,-0.8519338,0.140306965,0.364723533
0.4,PlayerA,native,RightFoot,-0.023637712,0.115347192,0.7522537
0.4,PlayerA,fighter,AnimatorRoot,-0.85,0,0
0.4,PlayerA,fighter,Hips,-0.391054541,0.6854556,0.5878862
0.4,PlayerA,fighter,Head,-0.186716557,1.04292893,0.8541281
0.4,PlayerA,fighter,Chest,-0.3159262,0.848525643,0.683389962
0.4,PlayerA,fighter,LeftHand,-0.107746243,1.43943715,0.9250647
0.4,PlayerA,fighter,RightHand,-0.0496184826,1.41563666,0.8468214
0.4,PlayerA,fighter,LeftFoot,-0.851933837,0.14030686,0.364723325
0.4,PlayerA,fighter,RightFoot,-0.023637712,0.115347005,0.7522537
0.4,PlayerB,actor,Root,0.850000262,0,-2.026558E-07
0.4,PlayerB,driver,Root,0.8385213,-0.005307984,-0.00938086
0.4,PlayerB,native,AnimatorRoot,0.8385213,-0.005307984,-0.00938086
0.4,PlayerB,native,Hips,0.8803241,0.7034691,0.00505535537
0.4,PlayerB,native,Head,0.82760334,1.18388915,-0.0249427035
0.4,PlayerB,native,Chest,0.871618748,0.9064338,-0.002949636
0.4,PlayerB,native,LeftHand,0.695675135,0.7045562,-0.106132753
0.4,PlayerB,native,RightHand,0.6058343,0.784859359,-0.06856891
0.4,PlayerB,native,LeftFoot,0.6976893,0.11030063,-0.385721534
0.4,PlayerB,native,RightFoot,1.033206,0.110595845,0.38052097
0.4,PlayerB,fighter,AnimatorRoot,0.850000262,0,-2.026558E-07
0.4,PlayerB,fighter,Hips,0.8803241,0.703469038,0.00505535537
0.4,PlayerB,fighter,Head,0.820049942,1.41470993,-0.0333497971
0.4,PlayerB,fighter,Chest,0.8805998,0.9879555,-0.00602477742
0.4,PlayerB,fighter,LeftHand,0.695675135,0.7045562,-0.106132559
0.4,PlayerB,fighter,RightHand,0.605834246,0.7848593,-0.06856888
0.4,PlayerB,fighter,LeftFoot,0.697689235,0.110300668,-0.3857216
0.4,PlayerB,fighter,RightFoot,1.033206,0.110595904,0.38052097
0.416666657,PlayerA,actor,Root,-0.85,0,0
0.416666657,PlayerA,driver,Root,-0.268513918,-0.116925888,0.7545756
0.416666657,PlayerA,native,AnimatorRoot,-0.268513918,-0.116925888,0.7545756
0.416666657,PlayerA,native,Hips,-0.370997816,0.6575648,0.610750437
0.416666657,PlayerA,native,Head,-0.139336884,1.01091588,0.9165593
0.416666657,PlayerA,native,Chest,-0.281056523,0.819143832,0.7283401
0.416666657,PlayerA,native,LeftHand,-0.00291216373,1.29223633,1.116121
0.416666657,PlayerA,native,RightHand,0.08616638,1.28563917,0.9988811
0.416666657,PlayerA,native,LeftFoot,-0.849583268,0.135076314,0.364519268
0.416666657,PlayerA,native,RightFoot,-0.0131287575,0.09917518,0.76236105
0.416666657,PlayerA,fighter,AnimatorRoot,-0.85,0,0
0.416666657,PlayerA,fighter,Hips,-0.3709977,0.6575648,0.6107507
0.416666657,PlayerA,fighter,Head,-0.151933908,0.987803936,0.8982365
0.416666657,PlayerA,fighter,Chest,-0.2893693,0.812727749,0.713544
0.416666657,PlayerA,fighter,LeftHand,-0.00417411327,1.29273212,1.11690414
0.416666657,PlayerA,fighter,RightHand,0.08512598,1.2826134,0.99633044
0.416666657,PlayerA,fighter,LeftFoot,-0.8495832,0.135076329,0.364519328
0.416666657,PlayerA,fighter,RightFoot,-0.0131288171,0.09917498,0.7623611
0.416666657,PlayerB,actor,Root,0.850000262,0,-2.026558E-07
0.416666657,PlayerB,driver,Root,0.8548675,-0.007660795,0.0193305314
0.416666657,PlayerB,native,AnimatorRoot,0.8548675,-0.007660795,0.0193305314
0.416666657,PlayerB,native,Hips,0.9050104,0.7029501,0.0345790274
0.416666657,PlayerB,native,Head,0.83567214,1.18173683,0.00729672471
0.416666657,PlayerB,native,Chest,0.8872555,0.9053934,0.0264716242
0.416666657,PlayerB,native,LeftHand,0.769877434,0.7026567,-0.151680619
0.416666657,PlayerB,native,RightHand,0.6351898,0.7440334,0.0186727252
0.416666657,PlayerB,native,LeftFoot,0.721153855,0.109092668,-0.3457174
0.416666657,PlayerB,native,RightFoot,1.033406,0.110360742,0.3836272
0.416666657,PlayerB,fighter,AnimatorRoot,0.850000262,0,-2.026558E-07
0.416666657,PlayerB,fighter,Hips,0.9050104,0.70295006,0.03457903
0.416666657,PlayerB,fighter,Head,0.8140485,1.4113729,-0.00135039317
0.416666657,PlayerB,fighter,Chest,0.8915486,0.9872627,0.025592763
0.416666657,PlayerB,fighter,LeftHand,0.769877434,0.7026565,-0.151680529
0.416666657,PlayerB,fighter,RightHand,0.6351897,0.7440333,0.018672457
0.416666657,PlayerB,fighter,LeftFoot,0.721153855,0.1090927,-0.3457174
0.416666657,PlayerB,fighter,RightFoot,1.03340578,0.110360667,0.383627266
0.433333337,PlayerA,actor,Root,-0.85,0,0
0.433333337,PlayerA,driver,Root,-0.257866561,-0.140378684,0.763081849
0.433333337,PlayerA,native,AnimatorRoot,-0.257866561,-0.140378684,0.763081849
0.433333337,PlayerA,native,Hips,-0.366777539,0.6425477,0.617184937
0.433333337,PlayerA,native,Head,-0.124626338,0.9873736,0.9246543
0.433333337,PlayerA,native,Chest,-0.272586763,0.8007003,0.73611176
0.433333337,PlayerA,native,LeftHand,0.09616232,1.09077811,1.15601993
0.433333337,PlayerA,native,RightHand,0.150650382,1.117381,1.0856
0.433333337,PlayerA,native,LeftFoot,-0.851939559,0.1282216,0.36469245
0.433333337,PlayerA,native,RightFoot,-0.02363795,0.115348816,0.7522537
0.433333337,PlayerA,fighter,AnimatorRoot,-0.85,0,0
0.433333337,PlayerA,fighter,Hips,-0.36677742,0.6425477,0.617185056
0.433333337,PlayerA,fighter,Head,-0.137242079,0.964669049,0.905822754
0.433333337,PlayerA,fighter,Chest,-0.280933082,0.794591069,0.721213937
0.433333337,PlayerA,fighter,LeftHand,0.0950308442,1.09112227,1.156949
0.433333337,PlayerA,fighter,RightHand,0.149008334,1.11555123,1.082329
0.433333337,PlayerA,fighter,LeftFoot,-0.8519395,0.1282217,0.364692718
0.433333337,PlayerA,fighter,RightFoot,-0.0236378312,0.115348719,0.75225395
0.433333337,PlayerB,actor,Root,0.850000262,0,-2.026558E-07
0.433333337,PlayerB,driver,Root,0.876367748,-0.0119205629,0.05507885
0.433333337,PlayerB,native,AnimatorRoot,0.876367748,-0.0119205629,0.05507885
0.433333337,PlayerB,native,Hips,0.9375195,0.699253142,0.0740805939
0.433333337,PlayerB,native,Head,0.843871534,1.173832,0.0437932722
0.433333337,PlayerB,native,Chest,0.908728361,0.900333762,0.06327342
0.433333337,PlayerB,native,LeftHand,0.88891,0.7175634,-0.1843355
0.433333337,PlayerB,native,RightHand,0.6512598,0.720078,0.146514192
0.433333337,PlayerB,native,LeftFoot,0.752607942,0.1116388,-0.297593445
0.433333337,PlayerB,native,RightFoot,1.03885591,0.11251615,0.387340456
0.433333337,PlayerB,fighter,AnimatorRoot,0.850000262,0,-2.026558E-07
0.433333337,PlayerB,fighter,Hips,0.9375195,0.6992531,0.0740806
0.433333337,PlayerB,fighter,Head,0.804671168,1.40063214,0.0299424734
0.433333337,PlayerB,fighter,Chest,0.9066243,0.9821871,0.06357006
0.433333337,PlayerB,fighter,LeftHand,0.8889099,0.717563152,-0.184335485
0.433333337,PlayerB,fighter,RightHand,0.6512598,0.720078,0.1465141
0.433333337,PlayerB,fighter,LeftFoot,0.7526078,0.111638941,-0.297593445
0.433333337,PlayerB,fighter,RightFoot,1.03885591,0.112516135,0.387340456
0.45,PlayerA,actor,Root,-0.85,0,0
0.45,PlayerA,driver,Root,-0.2560615,-0.158999354,0.759317935
0.45,PlayerA,native,AnimatorRoot,-0.2560615,-0.158999354,0.759317935
0.45,PlayerA,native,Hips,-0.368267953,0.632745862,0.6160693
0.45,PlayerA,native,Head,-0.117484868,0.976439834,0.918294
0.45,PlayerA,native,Chest,-0.270802915,0.7893745,0.73448
0.45,PlayerA,native,LeftHand,0.113416195,0.890248537,1.15264225
0.45,PlayerA,native,RightHand,0.181508422,0.9331306,1.08278525
0.45,PlayerA,native,LeftFoot,-0.8531435,0.124139249,0.364089668
0.45,PlayerA,native,RightFoot,-0.025473237,0.115667373,0.7524662
0.45,PlayerA,fighter,AnimatorRoot,-0.85,0,0
0.45,PlayerA,fighter,Hips,-0.3682678,0.632745862,0.616069436
0.45,PlayerA,fighter,Head,-0.129678488,0.953969657,0.898933649
0.45,PlayerA,fighter,Chest,-0.2790941,0.783463657,0.7193411
0.45,PlayerA,fighter,LeftHand,0.112261891,0.8905188,1.15345132
0.45,PlayerA,fighter,RightHand,0.179281,0.9327714,1.07937074
0.45,PlayerA,fighter,LeftFoot,-0.8531436,0.124139212,0.364089727
0.45,PlayerA,fighter,RightFoot,-0.0254731774,0.115667343,0.752466261
0.45,PlayerB,actor,Root,0.850000262,0,-2.026558E-07
0.45,PlayerB,driver,Root,0.897423446,-0.016129639,0.08637164
0.45,PlayerB,native,AnimatorRoot,0.897423446,-0.016129639,0.08637164
0.45,PlayerB,native,Hips,0.96902597,0.6949533,0.111367315
0.45,PlayerB,native,Head,0.8488298,1.16270411,0.0714732
0.45,PlayerB,native,Chest,0.9297584,0.89395225,0.0961488262
0.45,PlayerB,native,LeftHand,1.01311851,0.750469744,-0.180476367
0.45,PlayerB,native,RightHand,0.6794795,0.717190564,0.2595823
0.45,PlayerB,native,LeftFoot,0.790923536,0.1140029,-0.245008588
0.45,PlayerB,native,RightFoot,1.04136074,0.11446932,0.3893803
0.45,PlayerB,fighter,AnimatorRoot,0.850000262,0,-2.026558E-07
0.45,PlayerB,fighter,Hips,0.96902597,0.694953263,0.111367337
0.45,PlayerB,fighter,Head,0.7934926,1.38517392,0.0483398
0.45,PlayerB,fighter,Chest,0.921191037,0.975282848,0.0959739462
0.45,PlayerB,fighter,LeftHand,1.01311851,0.7504696,-0.180476308
0.45,PlayerB,fighter,RightHand,0.6794796,0.717190444,0.2595823
0.45,PlayerB,fighter,LeftFoot,0.7909235,0.114002772,-0.245008588
0.45,PlayerB,fighter,RightFoot,1.04136086,0.114469118,0.3893803
0.466666669,PlayerA,actor,Root,-0.85,0,0
0.466666669,PlayerA,driver,Root,-0.258522868,-0.17011027,0.750529051
0.466666669,PlayerA,native,AnimatorRoot,-0.258522868,-0.17011027,0.750529051
0.466666669,PlayerA,native,Hips,-0.3705599,0.6262997,0.6126207
0.466666669,PlayerA,native,Head,-0.114457786,0.9759479,0.904128969
0.466666669,PlayerA,native,Chest,-0.271199167,0.783094943,0.729408264
0.466666669,PlayerA,native,LeftHand,0.07068443,0.719121933,1.09652185
0.466666669,PlayerA,native,RightHand,0.152302027,0.8027869,1.05276752
0.466666669,PlayerA,native,LeftFoot,-0.8519436,0.119158372,0.36467
0.466666669,PlayerA,native,RightFoot,-0.0236358643,0.115345553,0.7522559
0.466666669,PlayerA,fighter,AnimatorRoot,-0.85,0,0
0.466666669,PlayerA,fighter,Hips,-0.370559722,0.6262997,0.612620831
0.466666669,PlayerA,fighter,Head,-0.126773,0.954048932,0.8844527
0.466666669,PlayerA,fighter,Chest,-0.279785454,0.777494252,0.7139909
0.466666669,PlayerA,fighter,LeftHand,0.0695564747,0.7195137,1.09717751
0.466666669,PlayerA,fighter,RightHand,0.150096774,0.80367583,1.04943717
0.466666669,PlayerA,fighter,LeftFoot,-0.851943731,0.119158365,0.36467
0.466666669,PlayerA,fighter,RightFoot,-0.0236359239,0.115345292,0.752256
0.466666669,PlayerB,actor,Root,0.850000262,0,-2.026558E-07
0.466666669,PlayerB,driver,Root,0.9175992,-0.027176274,0.111372828
0.466666669,PlayerB,native,AnimatorRoot,0.9175992,-0.027176274,0.111372828
0.466666669,PlayerB,native,Hips,0.9988725,0.6829759,0.148123458
0.466666669,PlayerB,native,Head,0.8518007,1.13936245,0.0832601041
0.466666669,PlayerB,native,Chest,0.951931238,0.8795133,0.126327664
0.466666669,PlayerB,native,LeftHand,1.10842085,0.7763056,-0.159896076
0.466666669,PlayerB,native,RightHand,0.692198336,0.735920846,0.359980553
0.466666669,PlayerB,native,LeftFoot,0.8494205,0.112872317,-0.195778027
0.466666669,PlayerB,native,RightFoot,1.04450536,0.114439741,0.394158155
0.466666669,PlayerB,fighter,AnimatorRoot,0.850000262,0,-2.026558E-07
0.466666669,PlayerB,fighter,Hips,0.9988725,0.6829758,0.148123473
0.466666669,PlayerB,fighter,Head,0.782062352,1.3551091,0.0450311229
0.466666669,PlayerB,fighter,Chest,0.9374187,0.9597675,0.123240195
0.466666669,PlayerB,fighter,LeftHand,1.108421,0.7763056,-0.159896135
0.466666669,PlayerB,fighter,RightHand,0.6921985,0.7359207,0.359980553
0.466666669,PlayerB,fighter,LeftFoot,0.849420547,0.11287237,-0.195778
0.466666669,PlayerB,fighter,RightFoot,1.04450536,0.114439614,0.394158274
0.483333319,PlayerA,actor,Root,-0.85,0,0
0.483333319,PlayerA,driver,Root,-0.255984366,-0.174265087,0.75135535
0.483333319,PlayerA,native,AnimatorRoot,-0.255984366,-0.174265087,0.75135535
0.483333319,PlayerA,native,Hips,-0.367403984,0.6209956,0.6164859
0.483333319,PlayerA,native,Head,-0.109895527,0.9769483,0.899812639
0.483333319,PlayerA,native,Chest,-0.267295361,0.77715987,0.7336883
0.483333319,PlayerA,native,LeftHand,0.06416243,0.696855843,1.07774
0.483333319,PlayerA,native,RightHand,0.145779848,0.77733,1.060806
0.483333319,PlayerA,native,LeftFoot,-0.851639032,0.118201524,0.364953548
0.483333319,PlayerA,native,RightFoot,-0.02329272,0.115064442,0.752300441
0.483333319,PlayerA,fighter,AnimatorRoot,-0.85,0,0
0.483333319,PlayerA,fighter,Hips,-0.3674039,0.6209956,0.6164861
0.483333319,PlayerA,fighter,Head,-0.122682929,0.956101239,0.879680753
0.483333319,PlayerA,fighter,Chest,-0.2763496,0.7721807,0.7178631
0.483333319,PlayerA,fighter,LeftHand,0.0630496144,0.697296,1.07820988
0.483333319,PlayerA,fighter,RightHand,0.1435945,0.7786021,1.05758858
0.483333319,PlayerA,fighter,LeftFoot,-0.851639,0.118201591,0.364953548
0.483333319,PlayerA,fighter,RightFoot,-0.0232926011,0.115064576,0.75230056
0.483333319,PlayerB,actor,Root,0.850000262,0,-2.026558E-07
0.483333319,PlayerB,driver,Root,0.9340111,-0.0548123419,0.121232755
0.483333319,PlayerB,native,AnimatorRoot,0.9340111,-0.0548123419,0.121232755
0.483333319,PlayerB,native,Hips,1.02287209,0.6573577,0.177769959
0.483333319,PlayerB,native,Head,0.85013,1.08972776,0.0618369877
0.483333319,PlayerB,native,Chest,0.9734938,0.8513602,0.147899628
0.483333319,PlayerB,native,LeftHand,1.13331008,0.737950563,-0.1679554
0.483333319,PlayerB,native,RightHand,0.691449463,0.7374433,0.413878769
0.483333319,PlayerB,native,LeftFoot,0.9596077,0.105992213,-0.14315486
0.483333319,PlayerB,native,RightFoot,1.0390501,0.113952294,0.411438972
0.483333319,PlayerB,fighter,AnimatorRoot,0.850000262,0,-2.026558E-07
0.483333319,PlayerB,fighter,Hips,1.02287209,0.657357633,0.177769989
0.483333319,PlayerB,fighter,Head,0.767481,1.29422283,0.0005221799
0.483333319,PlayerB,fighter,Chest,0.9547424,0.9299827,0.137821257
0.483333319,PlayerB,fighter,LeftHand,1.13331008,0.7379506,-0.167955458
0.483333319,PlayerB,fighter,RightHand,0.6914494,0.7374431,0.4138788
0.483333319,PlayerB,fighter,LeftFoot,0.959607661,0.105992243,-0.1431549
0.483333319,PlayerB,fighter,RightFoot,1.0390501,0.113952249,0.4114389
0.491954058,PlayerA,actor,Root,-0.85,0,0
0.491954058,PlayerA,driver,Root,-0.254397333,-0.174428731,0.7527488
0.491954058,PlayerA,native,AnimatorRoot,-0.254397333,-0.174428731,0.7527488
0.491954058,PlayerA,native,Hips,-0.365438938,0.619403839,0.6188255
0.491954058,PlayerA,native,Head,-0.108383954,0.979178667,0.897999
0.491954058,PlayerA,native,Chest,-0.265295684,0.775277734,0.7364732
0.491954058,PlayerA,native,LeftHand,0.0606677532,0.7029948,1.091078
0.491954058,PlayerA,native,RightHand,0.156171441,0.7786212,1.06867611
0.491954058,PlayerA,native,LeftFoot,-0.8518195,0.11884594,0.364709079
0.491954058,PlayerA,native,RightFoot,-0.0235105753,0.115255237,0.7522217
0.491954058,PlayerA,fighter,AnimatorRoot,-0.85,0,0
0.491954058,PlayerA,fighter,Hips,-0.365438849,0.619403839,0.6188257
0.491954058,PlayerA,fighter,Head,-0.1214295,0.958927333,0.8775907
0.491954058,PlayerA,fighter,Chest,-0.2746001,0.7706563,0.7204051
0.491954058,PlayerA,fighter,LeftHand,0.0595627427,0.7034746,1.09140635
0.491954058,PlayerA,fighter,RightHand,0.153893828,0.779966652,1.065554
0.491954058,PlayerA,fighter,LeftFoot,-0.851819456,0.118845992,0.364709169
0.491954058,PlayerA,fighter,RightFoot,-0.0235105157,0.11525517,0.7522219
0.491954058,PlayerB,actor,Root,0.850000262,0,-2.026558E-07
0.491954058,PlayerB,driver,Root,0.941597,-0.07251398,0.123200558
0.491954058,PlayerB,native,AnimatorRoot,0.941597,-0.07251398,0.123200558
0.491954058,PlayerB,native,Hips,1.03409255,0.642374933,0.190750673
0.491954058,PlayerB,native,Head,0.8497951,1.056309,0.04608507
0.491954058,PlayerB,native,Chest,0.984443963,0.83481,0.156849071
0.491954058,PlayerB,native,LeftHand,1.13265181,0.6995378,-0.1763626
0.491954058,PlayerB,native,RightHand,0.6942338,0.72954154,0.430938452
0.491954058,PlayerB,native,LeftFoot,1.0240401,0.108588994,-0.11211694
0.491954058,PlayerB,native,RightFoot,1.025366,0.112182245,0.416934222
0.491954058,PlayerB,fighter,AnimatorRoot,0.850000262,0,-2.026558E-07
0.491954058,PlayerB,fighter,Hips,1.03409255,0.6423749,0.190750733
0.491954058,PlayerB,fighter,Head,0.7610193,1.25352883,-0.0279540475
0.491954058,PlayerB,fighter,Chest,0.9640371,0.9124114,0.142413765
0.491954058,PlayerB,fighter,LeftHand,1.13265181,0.6995378,-0.176362634
0.491954058,PlayerB,fighter,RightHand,0.6942339,0.7295415,0.430938631
0.491954058,PlayerB,fighter,LeftFoot,1.02404,0.108589061,-0.112117
0.491954058,PlayerB,fighter,RightFoot,1.02536583,0.112182178,0.416934162
0.5,PlayerA,actor,Root,-0.85,0,0
0.5,PlayerA,driver,Root,-0.253436446,-0.1745412,0.753352761
0.5,PlayerA,native,AnimatorRoot,-0.253436446,-0.1745412,0.753352761
0.5,PlayerA,native,Hips,-0.3641797,0.6182178,0.6203214
0.5,PlayerA,native,Head,-0.107531548,0.981323,0.895664
0.5,PlayerA,native,Chest,-0.264013052,0.7739055,0.7382507
0.5,PlayerA,native,LeftHand,0.0576854348,0.7045095,1.09811354
0.5,PlayerA,native,RightHand,0.163004518,0.7764224,1.07485235
0.5,PlayerA,native,LeftFoot,-0.851942658,0.11915791,0.364671439
0.5,PlayerA,native,RightFoot,-0.0236358047,0.115346849,0.7522568
0.5,PlayerA,fighter,AnimatorRoot,-0.85,0,0
0.5,PlayerA,fighter,Hips,-0.364179552,0.6182179,0.6203215
0.5,PlayerA,fighter,Head,-0.120802045,0.961560547,0.8750236
0.5,PlayerA,fighter,Chest,-0.273528457,0.7695797,0.7219786
0.5,PlayerA,fighter,LeftHand,0.0565979481,0.7050163,1.09832573
0.5,PlayerA,fighter,RightHand,0.160664082,0.7778084,1.07179546
0.5,PlayerA,fighter,LeftFoot,-0.8519428,0.119157791,0.36467132
0.5,PlayerA,fighter,RightFoot,-0.0236356258,0.115346909,0.7522569
0.5,PlayerB,actor,Root,0.850000262,0,-2.026558E-07
0.5,PlayerB,driver,Root,0.948406,-0.08848889,0.125499308
0.5,PlayerB,native,AnimatorRoot,0.948406,-0.08848889,0.125499308
0.5,PlayerB,native,Hips,1.04337025,0.6292635,0.20181109
0.5,PlayerB,native,Head,0.850625932,1.02534664,0.0346131958
0.5,PlayerB,native,Chest,0.993654847,0.8202191,0.16474317
0.5,PlayerB,native,LeftHand,1.13174665,0.665133536,-0.18294552
0.5,PlayerB,native,RightHand,0.696408749,0.723288536,0.4454609
0.5,PlayerB,native,LeftFoot,1.075871,0.113034517,-0.0867050961
0.5,PlayerB,native,RightFoot,1.01415026,0.111051321,0.421332926
0.5,PlayerB,fighter,AnimatorRoot,0.850000262,0,-2.026558E-07
0.5,PlayerB,fighter,Hips,1.04337025,0.629263461,0.20181115
0.5,PlayerB,fighter,Head,0.757012844,1.21586347,-0.0499264523
0.5,PlayerB,fighter,Chest,0.9720012,0.896884143,0.1466217
0.5,PlayerB,fighter,LeftHand,1.13174677,0.6651335,-0.1829454
0.5,PlayerB,fighter,RightHand,0.6964088,0.7232883,0.445461
0.5,PlayerB,fighter,LeftFoot,1.07587087,0.113034464,-0.08670517
0.5,PlayerB,fighter,RightFoot,1.01415026,0.111051187,0.4213329
0.516666651,PlayerA,actor,Root,-0.85,0,0
0.516666651,PlayerA,driver,Root,-0.253572166,-0.173926488,0.7521747
0.516666651,PlayerA,native,AnimatorRoot,-0.253572166,-0.173926488,0.7521747
0.516666651,PlayerA,native,Hips,-0.363459557,0.617258251,0.6212156
0.516666651,PlayerA,native,Head,-0.108724415,0.9878459,0.8881889
0.516666651,PlayerA,native,Chest,-0.263642371,0.7730331,0.7393825
0.516666651,PlayerA,native,LeftHand,0.0518600941,0.6926904,1.09851933
0.516666651,PlayerA,native,RightHand,0.167610049,0.7585802,1.08430088
0.516666651,PlayerA,native,LeftFoot,-0.8519755,0.119129345,0.364713758
0.516666651,PlayerA,native,RightFoot,-0.0236369967,0.115364894,0.7522885
0.516666651,PlayerA,fighter,AnimatorRoot,-0.85,0,0
0.516666651,PlayerA,fighter,Hips,-0.363459378,0.617258251,0.6212158
0.516666651,PlayerA,fighter,Head,-0.122578382,0.968955636,0.867269754
0.516666651,PlayerA,fighter,Chest,-0.2736233,0.7692344,0.7227709
0.516666651,PlayerA,fighter,LeftHand,0.05081141,0.693203568,1.09852564
0.516666651,PlayerA,fighter,RightHand,0.165180683,0.7599037,1.081286
0.516666651,PlayerA,fighter,LeftFoot,-0.8519755,0.119129419,0.3647138
0.516666651,PlayerA,fighter,RightFoot,-0.0236369967,0.115364932,0.7522885
0.516666651,PlayerB,actor,Root,0.850000262,0,-2.026558E-07
0.516666651,PlayerB,driver,Root,0.9618767,-0.1235056,0.131540269
0.516666651,PlayerB,native,AnimatorRoot,0.9618767,-0.1235056,0.131540269
0.516666651,PlayerB,native,Hips,1.05940628,0.6019597,0.221848324
0.516666651,PlayerB,native,Head,0.8531771,0.959278345,0.0183445215
0.516666651,PlayerB,native,Chest,1.010577,0.7899155,0.179618329
0.516666651,PlayerB,native,LeftHand,1.11974049,0.592686534,-0.200742811
0.516666651,PlayerB,native,RightHand,0.6989472,0.7083495,0.472586662
0.516666651,PlayerB,native,LeftFoot,1.17043149,0.113558538,-0.04862287
0.516666651,PlayerB,native,RightFoot,0.995853066,0.108373888,0.435880721
0.516666651,PlayerB,fighter,AnimatorRoot,0.850000262,0,-2.026558E-07
0.516666651,PlayerB,fighter,Hips,1.05940628,0.601959646,0.221848354
0.516666651,PlayerB,fighter,Head,0.751066744,1.13612366,-0.08462311
0.516666651,PlayerB,fighter,Chest,0.986961,0.864713848,0.154635832
0.516666651,PlayerB,fighter,LeftHand,1.11974049,0.5926865,-0.200742781
0.516666651,PlayerB,fighter,RightHand,0.69894737,0.7083492,0.472586721
0.516666651,PlayerB,fighter,LeftFoot,1.17043138,0.113558546,-0.04862299
0.516666651,PlayerB,fighter,RightFoot,0.9958529,0.108373888,0.4358807
0.533333361,PlayerA,actor,Root,-0.85,0,0
0.533333361,PlayerA,driver,Root,-0.25401938,-0.173243582,0.7501646
0.533333361,PlayerA,native,AnimatorRoot,-0.25401938,-0.173243582,0.7501646
0.533333361,PlayerA,native,Hips,-0.364049524,0.617373049,0.620478749
0.533333361,PlayerA,native,Head,-0.109186232,0.9921538,0.881028
0.533333361,PlayerA,native,Chest,-0.264159083,0.772946835,0.738833964
0.533333361,PlayerA,native,LeftHand,0.0484089851,0.682376146,1.10102141
0.533333361,PlayerA,native,RightHand,0.1716026,0.743781567,1.0898577
0.533333361,PlayerA,native,LeftFoot,-0.851942658,0.119158775,0.364672273
0.533333361,PlayerA,native,RightFoot,-0.0236352682,0.115346193,0.752257943
0.533333361,PlayerA,fighter,AnimatorRoot,-0.85,0,0
0.533333361,PlayerA,fighter,Hips,-0.364049375,0.617373049,0.620478868
0.533333361,PlayerA,fighter,Head,-0.123568654,0.9738928,0.8599477
0.533333361,PlayerA,fighter,Chest,-0.274498522,0.769540668,0.722008
0.533333361,PlayerA,fighter,LeftHand,0.0473926663,0.682860255,1.10087228
0.533333361,PlayerA,fighter,RightHand,0.169062257,0.7449727,1.08687866
0.533333361,PlayerA,fighter,LeftFoot,-0.8519428,0.119158648,0.364672065
0.533333361,PlayerA,fighter,RightFoot,-0.0236352682,0.115346335,0.7522578
0.533333361,PlayerB,actor,Root,0.850000262,0,-2.026558E-07
0.533333361,PlayerB,driver,Root,0.973500669,-0.152068824,0.137045979
0.533333361,PlayerB,native,AnimatorRoot,0.973500669,-0.152068824,0.137045979
0.533333361,PlayerB,native,Hips,1.07165,0.5796554,0.235953808
0.533333361,PlayerB,native,Head,0.8590326,0.9053886,0.009993335
0.533333361,PlayerB,native,Chest,1.024444,0.765215158,0.1901023
0.533333361,PlayerB,native,LeftHand,1.10114193,0.5334643,-0.211289555
0.533333361,PlayerB,native,RightHand,0.706120968,0.6941682,0.4892495
0.533333361,PlayerB,native,LeftFoot,1.23513937,0.112873614,-0.0229763929
0.533333361,PlayerB,native,RightFoot,0.9837955,0.107667,0.4485065
0.533333361,PlayerB,fighter,AnimatorRoot,0.850000262,0,-2.026558E-07
0.533333361,PlayerB,fighter,Hips,1.07165,0.579655349,0.235953838
0.533333361,PlayerB,fighter,Head,0.751348555,1.07052636,-0.106469475
0.533333361,PlayerB,fighter,Chest,0.9998765,0.838557959,0.159907892
0.533333361,PlayerB,fighter,LeftHand,1.10114181,0.5334643,-0.211289644
0.533333361,PlayerB,fighter,RightHand,0.7061211,0.6941681,0.489249557
0.533333361,PlayerB,fighter,LeftFoot,1.23513925,0.112873532,-0.0229764823
0.533333361,PlayerB,fighter,RightFoot,0.9837955,0.107666932,0.448506445
0.55,PlayerA,actor,Root,-0.85,0,0
0.55,PlayerA,driver,Root,-0.253034949,-0.174816817,0.748317063
0.55,PlayerA,native,AnimatorRoot,-0.253034949,-0.174816817,0.748317063
0.55,PlayerA,native,Hips,-0.3660063,0.6172379,0.6181737
0.55,PlayerA,native,Head,-0.1039688,0.9879937,0.8770167
0.55,PlayerA,native,Chest,-0.264371634,0.7714678,0.7367491
0.55,PlayerA,native,LeftHand,0.0514093637,0.6787914,1.105956
0.55,PlayerA,native,RightHand,0.1777116,0.7406813,1.09513271
0.55,PlayerA,native,LeftFoot,-0.8519264,0.119149148,0.364672273
0.55,PlayerA,native,RightFoot,-0.023620069,0.1153397,0.7522691
0.55,PlayerA,fighter,AnimatorRoot,-0.85,0,0
0.55,PlayerA,fighter,Hips,-0.366006166,0.617238,0.618173838
0.55,PlayerA,fighter,Head,-0.118533194,0.969961166,0.8557909
0.55,PlayerA,fighter,Chest,-0.274748862,0.768223941,0.7198925
0.55,PlayerA,fighter,LeftHand,0.0504062772,0.6792565,1.105752
0.55,PlayerA,fighter,RightHand,0.175130844,0.7418751,1.09219
0.55,PlayerA,fighter,LeftFoot,-0.851926446,0.119149111,0.364672184
0.55,PlayerA,fighter,RightFoot,-0.02362001,0.115339756,0.752269149
0.55,PlayerB,actor,Root,0.850000262,0,-2.026558E-07
0.55,PlayerB,driver,Root,0.982079446,-0.161175966,0.142061532
0.55,PlayerB,native,AnimatorRoot,0.982079446,-0.161175966,0.142061532
0.55,PlayerB,native,Hips,1.08026767,0.569324732,0.245504618
0.55,PlayerB,native,Head,0.8713253,0.8891816,0.0116625326
0.55,PlayerB,native,Chest,1.03399813,0.7544066,0.198236138
0.55,PlayerB,native,LeftHand,1.09845817,0.5286737,-0.214683071
0.55,PlayerB,native,RightHand,0.7204625,0.694326639,0.49463436
0.55,PlayerB,native,LeftFoot,1.24396753,0.113520294,-0.0183108989
0.55,PlayerB,native,RightFoot,0.9821031,0.107877553,0.4497446
0.55,PlayerB,fighter,AnimatorRoot,0.850000262,0,-2.026558E-07
0.55,PlayerB,fighter,Hips,1.08026767,0.5693247,0.245504647
0.55,PlayerB,fighter,Head,0.763783753,1.048842,-0.110957913
0.55,PlayerB,fighter,Chest,1.00997686,0.8274533,0.1664889
0.55,PlayerB,fighter,LeftHand,1.09845817,0.5286739,-0.2146831
0.55,PlayerB,fighter,RightHand,0.7204625,0.6943265,0.49463436
0.55,PlayerB,fighter,LeftFoot,1.24396753,0.113520205,-0.01831081
0.55,PlayerB,fighter,RightFoot,0.982103169,0.107877553,0.4497446
0.566666663,PlayerA,actor,Root,-0.85,0,0
0.566666663,PlayerA,driver,Root,-0.2514242,-0.177129433,0.7463322
0.566666663,PlayerA,native,AnimatorRoot,-0.2514242,-0.177129433,0.7463322
0.566666663,PlayerA,native,Hips,-0.368702143,0.617480636,0.61506474
0.566666663,PlayerA,native,Head,-0.09608191,0.9801274,0.874098
0.566666663,PlayerA,native,Chest,-0.264541149,0.769818,0.733816564
0.566666663,PlayerA,native,LeftHand,0.05737549,0.6781411,1.11260915
0.566666663,PlayerA,native,RightHand,0.184790969,0.7422565,1.10022891
0.566666663,PlayerA,native,LeftFoot,-0.8519418,0.11915876,0.364672929
0.566666663,PlayerA,native,RightFoot,-0.0236346126,0.115345761,0.752258956
0.566666663,PlayerA,fighter,AnimatorRoot,-0.85,0,0
0.566666663,PlayerA,fighter,Hips,-0.368701965,0.6174807,0.615064859
0.566666663,PlayerA,fighter,Head,-0.110681176,0.9621237,0.8527454
0.566666663,PlayerA,fighter,Chest,-0.274808526,0.766619861,0.717017353
0.566666663,PlayerA,fighter,LeftHand,0.0563696027,0.678590059,1.11239815
0.566666663,PlayerA,fighter,RightHand,0.182207584,0.7434861,1.09730339
0.566666663,PlayerA,fighter,LeftFoot,-0.851941764,0.119158842,0.364673078
0.566666663,PlayerA,fighter,RightFoot,-0.0236344934,0.115345716,0.752258956
0.566666663,PlayerB,actor,Root,0.850000262,0,-2.026558E-07
0.566666663,PlayerB,driver,Root,0.9895323,-0.161751628,0.146890074
0.566666663,PlayerB,native,AnimatorRoot,0.9895323,-0.161751628,0.146890074
0.566666663,PlayerB,native,Hips,1.08707833,0.5641515,0.2528343
0.566666663,PlayerB,native,Head,0.8860393,0.890929341,0.0172291882
0.566666663,PlayerB,native,Chest,1.04152071,0.749778152,0.205203667
0.566666663,PlayerB,native,LeftHand,1.09977043,0.549265742,-0.215129271
0.566666663,PlayerB,native,RightHand,0.7381178,0.699376941,0.493911415
0.566666663,PlayerB,native,LeftFoot,1.23513961,0.11287415,-0.0229762439
0.566666663,PlayerB,native,RightFoot,0.983795941,0.1076673,0.448506564
0.566666663,PlayerB,fighter,AnimatorRoot,0.850000262,0,-2.026558E-07
0.566666663,PlayerB,fighter,Hips,1.08707833,0.564151466,0.25283435
0.566666663,PlayerB,fighter,Head,0.781226456,1.04828167,-0.1082492
0.566666663,PlayerB,fighter,Chest,1.01876557,0.8231505,0.1736874
0.566666663,PlayerB,fighter,LeftHand,1.09977055,0.5492659,-0.215129375
0.566666663,PlayerB,fighter,RightHand,0.738118052,0.6993767,0.493911475
0.566666663,PlayerB,fighter,LeftFoot,1.23513961,0.112874076,-0.0229762141
0.566666663,PlayerB,fighter,RightFoot,0.983795762,0.107667267,0.4485066
0.5833333,PlayerA,actor,Root,-0.85,0,0
0.5833333,PlayerA,driver,Root,-0.248895764,-0.179293439,0.744484
0.5833333,PlayerA,native,AnimatorRoot,-0.248895764,-0.179293439,0.744484
0.5833333,PlayerA,native,Hips,-0.371047,0.618598044,0.612386
0.5833333,PlayerA,native,Head,-0.0862170458,0.971257031,0.8715203
0.5833333,PlayerA,native,Chest,-0.263912737,0.7686941,0.731235
0.5833333,PlayerA,native,LeftHand,0.0645902157,0.6779224,1.11992192
0.5833333,PlayerA,native,RightHand,0.191851974,0.7455476,1.10426724
0.5833333,PlayerA,native,LeftFoot,-0.851971865,0.119156376,0.364752531
0.5833333,PlayerA,native,RightFoot,-0.02365613,0.115327075,0.7522336
0.5833333,PlayerA,fighter,AnimatorRoot,-0.85,0,0
0.5833333,PlayerA,fighter,Hips,-0.3710468,0.618598044,0.6123862
0.5833333,PlayerA,fighter,Head,-0.100861609,0.953243732,0.850030959
0.5833333,PlayerA,fighter,Chest,-0.274056017,0.7655207,0.7145282
0.5833333,PlayerA,fighter,LeftHand,0.06357175,0.6783511,1.1197257
0.5833333,PlayerA,fighter,RightHand,0.18925941,0.746777058,1.10135
0.5833333,PlayerA,fighter,LeftFoot,-0.8519718,0.119156413,0.36475265
0.5833333,PlayerA,fighter,RightFoot,-0.02365607,0.115326934,0.7522337
0.5833333,PlayerB,actor,Root,0.850000262,0,-2.026558E-07
0.5833333,PlayerB,driver,Root,0.997913659,-0.160598621,0.151975
0.5833333,PlayerB,native,AnimatorRoot,0.997913659,-0.160598621,0.151975
0.5833333,PlayerB,native,Hips,1.09382653,0.5604701,0.259441942
0.5833333,PlayerB,native,Head,0.90197444,0.8964484,0.0232970454
0.5833333,PlayerB,native,Chest,1.04883683,0.746790051,0.211613461
0.5833333,PlayerB,native,LeftHand,1.098746,0.5749302,-0.211642638
0.5833333,PlayerB,native,RightHand,0.756362855,0.704660654,0.489183
0.5833333,PlayerB,native,LeftFoot,1.23521066,0.112898842,-0.02295881
0.5833333,PlayerB,native,RightFoot,0.983828545,0.1076742,0.4485424
0.5833333,PlayerB,fighter,AnimatorRoot,0.850000262,0,-2.026558E-07
0.5833333,PlayerB,fighter,Hips,1.09382653,0.560470045,0.259442
0.5833333,PlayerB,fighter,Head,0.8001978,1.05143118,-0.104749016
0.5833333,PlayerB,fighter,Chest,1.02752113,0.8205964,0.1806411
0.5833333,PlayerB,fighter,LeftHand,1.09874606,0.574930131,-0.211642787
0.5833333,PlayerB,fighter,RightHand,0.756362855,0.704660535,0.489183128
0.5833333,PlayerB,fighter,LeftFoot,1.23521066,0.112898774,-0.02295875
0.5833333,PlayerB,fighter,RightFoot,0.9838285,0.107674189,0.448542327
0.6,PlayerA,actor,Root,-0.85,0,0
0.6,PlayerA,driver,Root,-0.246995389,-0.181746334,0.742046952
0.6,PlayerA,native,AnimatorRoot,-0.246995389,-0.181746334,0.742046952
0.6,PlayerA,native,Hips,-0.374125063,0.6196772,0.6088548
0.6,PlayerA,native,Head,-0.0771237,0.9612595,0.8684407
0.6,PlayerA,native,Chest,-0.264066935,0.767508864,0.7277271
0.6,PlayerA,native,LeftHand,0.07212746,0.6782093,1.12668884
0.6,PlayerA,native,RightHand,0.198212266,0.749367833,1.107509
0.6,PlayerA,native,LeftFoot,-0.8519413,0.119158775,0.364673078
0.6,PlayerA,native,RightFoot,-0.0236338377,0.11534521,0.752259135
0.6,PlayerA,fighter,AnimatorRoot,-0.85,0,0
0.6,PlayerA,fighter,Hips,-0.374124944,0.6196772,0.6088549
0.6,PlayerA,fighter,Head,-0.09176242,0.9431228,0.8468214
0.6,PlayerA,fighter,Chest,-0.27402097,0.764296532,0.711116552
0.6,PlayerA,fighter,LeftHand,0.07109195,0.6786167,1.12652135
0.6,PlayerA,fighter,RightHand,0.1956191,0.750596941,1.10459137
0.6,PlayerA,fighter,LeftFoot,-0.8519412,0.119158745,0.364673167
0.6,PlayerA,fighter,RightFoot,-0.0236337185,0.115345381,0.752259
0.6,PlayerB,actor,Root,0.850000262,0,-2.026558E-07
0.6,PlayerB,driver,Root,1.00561893,-0.157079667,0.15694052
0.6,PlayerB,native,AnimatorRoot,1.00561893,-0.157079667,0.15694052
0.6,PlayerB,native,Hips,1.09902978,0.558294535,0.264331967
0.6,PlayerB,native,Head,0.9179684,0.9075812,0.031148063
0.6,PlayerB,native,Chest,1.05473065,0.745691657,0.216935948
0.6,PlayerB,native,LeftHand,1.09803164,0.6075233,-0.2035344
0.6,PlayerB,native,RightHand,0.7755274,0.711218834,0.482279837
0.6,PlayerB,native,LeftFoot,1.23513961,0.112874031,-0.0229758564
0.6,PlayerB,native,RightFoot,0.983795941,0.107667357,0.4485068
0.6,PlayerB,fighter,AnimatorRoot,0.850000262,0,-2.026558E-07
0.6,PlayerB,fighter,Hips,1.09902978,0.5582945,0.264332026
0.6,PlayerB,fighter,Head,0.8201193,1.06193888,-0.09797273
0.6,PlayerB,fighter,Chest,1.0350697,0.8201778,0.187226251
0.6,PlayerB,fighter,LeftHand,1.09803176,0.6075234,-0.203534469
0.6,PlayerB,fighter,RightHand,0.7755276,0.7112187,0.482279867
0.6,PlayerB,fighter,LeftFoot,1.23513961,0.112874076,-0.022975916
0.6,PlayerB,fighter,RightFoot,0.983796,0.107667305,0.448506773
0.614942551,PlayerA,actor,Root,-0.85,0,0
0.614942551,PlayerA,driver,Root,-0.2467171,-0.184276283,0.738973439
0.614942551,PlayerA,native,AnimatorRoot,-0.2467171,-0.184276283,0.738973439
0.614942551,PlayerA,native,Hips,-0.378049672,0.620041,0.604167938
0.614942551,PlayerA,native,Head,-0.0714709163,0.951896369,0.864491761
0.614942551,PlayerA,native,Chest,-0.2657528,0.7661075,0.7229838
0.614942551,PlayerA,native,LeftHand,0.07838464,0.678312957,1.13283372
0.614942551,PlayerA,native,RightHand,0.203725338,0.752662659,1.11071444
0.614942551,PlayerA,native,LeftFoot,-0.851645,0.118547082,0.365411043
0.614942551,PlayerA,native,RightFoot,-0.0237106085,0.115377456,0.752192736
0.614942551,PlayerA,fighter,AnimatorRoot,-0.85,0,0
0.614942551,PlayerA,fighter,Hips,-0.378049552,0.620041,0.604168057
0.614942551,PlayerA,fighter,Head,-0.0860677361,0.9335434,0.84279114
0.614942551,PlayerA,fighter,Chest,-0.275488675,0.7627998,0.706445336
0.614942551,PlayerA,fighter,LeftHand,0.0773357749,0.6787014,1.13268757
0.614942551,PlayerA,fighter,RightHand,0.201131344,0.7538895,1.10779667
0.614942551,PlayerA,fighter,LeftFoot,-0.851645,0.118547156,0.365410954
0.614942551,PlayerA,fighter,RightFoot,-0.02371043,0.11537762,0.7521929
0.614942551,PlayerB,actor,Root,0.850000262,0,-2.026558E-07
0.614942551,PlayerB,driver,Root,1.01135981,-0.152955383,0.161210045
0.614942551,PlayerB,native,AnimatorRoot,1.01135981,-0.152955383,0.161210045
0.614942551,PlayerB,native,Hips,1.1018492,0.5568254,0.267011017
0.614942551,PlayerB,native,Head,0.931271434,0.9204216,0.0399500839
0.614942551,PlayerB,native,Chest,1.05845869,0.7454753,0.220640063
0.614942551,PlayerB,native,LeftHand,1.09664071,0.640184164,-0.193954483
0.614942551,PlayerB,native,RightHand,0.792454243,0.7183144,0.476652324
0.614942551,PlayerB,native,LeftFoot,1.23510587,0.112853974,-0.0229083542
0.614942551,PlayerB,native,RightFoot,0.983819544,0.107689172,0.448554248
0.614942551,PlayerB,fighter,AnimatorRoot,0.850000262,0,-2.026558E-07
0.614942551,PlayerB,fighter,Hips,1.10184932,0.55682534,0.267011046
0.614942551,PlayerB,fighter,Head,0.837481439,1.076135,-0.08860068
0.614942551,PlayerB,fighter,Chest,1.04037976,0.820740461,0.192624241
0.614942551,PlayerB,fighter,LeftHand,1.09664071,0.640184164,-0.193954691
0.614942551,PlayerB,fighter,RightHand,0.792454362,0.71831435,0.4766524
0.614942551,PlayerB,fighter,LeftFoot,1.23510587,0.112854011,-0.0229083542
0.614942551,PlayerB,fighter,RightFoot,0.983819544,0.10768909,0.4485543
0.6166667,PlayerA,actor,Root,-0.85,0,0
0.6166667,PlayerA,driver,Root,-0.246767163,-0.184588015,0.7385667
0.6166667,PlayerA,native,AnimatorRoot,-0.246767163,-0.184588015,0.7385667
0.6166667,PlayerA,native,Hips,-0.378566325,0.62005055,0.6035445
0.6166667,PlayerA,native,Head,-0.07095754,0.950789154,0.863982439
0.6166667,PlayerA,native,Chest,-0.2660324,0.765927851,0.7223507
0.6166667,PlayerA,native,LeftHand,0.07903081,0.678290546,1.13346529
0.6166667,PlayerA,native,RightHand,0.204295754,0.7530112,1.11102283
0.6166667,PlayerA,native,LeftFoot,-0.851606131,0.118473142,0.365512758
0.6166667,PlayerA,native,RightFoot,-0.0237197876,0.115383267,0.7521843
0.6166667,PlayerA,fighter,AnimatorRoot,-0.85,0,0
0.6166667,PlayerA,fighter,Hips,-0.3785662,0.62005055,0.6035446
0.6166667,PlayerA,fighter,Head,-0.08554655,0.93240416,0.8422745
0.6166667,PlayerA,fighter,Chest,-0.2757399,0.762605131,0.705820262
0.6166667,PlayerA,fighter,LeftHand,0.07798046,0.6786768,1.13332129
0.6166667,PlayerA,fighter,RightHand,0.201702118,0.754238,1.10810542
0.6166667,PlayerA,fighter,LeftFoot,-0.85160625,0.118473053,0.36551258
0.6166667,PlayerA,fighter,RightFoot,-0.0237196684,0.115383245,0.7521845
0.6166667,PlayerB,actor,Root,0.850000262,0,-2.026558E-07
0.6166667,PlayerB,driver,Root,1.01195538,-0.152413771,0.161689416
0.6166667,PlayerB,native,AnimatorRoot,1.01195538,-0.152413771,0.161689416
0.6166667,PlayerB,native,Hips,1.10206127,0.5566983,0.2672107
0.6166667,PlayerB,native,Head,0.9327598,0.922079,0.0410790034
0.6166667,PlayerB,native,Chest,1.05879307,0.7455088,0.220997453
0.6166667,PlayerB,native,LeftHand,1.09649324,0.644136548,-0.19265902
0.6166667,PlayerB,native,RightHand,0.794395,0.719195068,0.476011127
0.6166667,PlayerB,native,LeftFoot,1.23509979,0.112856761,-0.0229099635
0.6166667,PlayerB,native,RightFoot,0.983816,0.107694164,0.448552042
0.6166667,PlayerB,fighter,AnimatorRoot,0.850000262,0,-2.026558E-07
0.6166667,PlayerB,fighter,Hips,1.10206127,0.556698263,0.267210752
0.6166667,PlayerB,fighter,Head,0.8394722,1.078062,-0.08731585
0.6166667,PlayerB,fighter,Chest,1.04090416,0.8208731,0.19321084
0.6166667,PlayerB,fighter,LeftHand,1.09649324,0.6441368,-0.192659229
0.6166667,PlayerB,fighter,RightHand,0.7943952,0.7191951,0.476011157
0.6166667,PlayerB,fighter,LeftFoot,1.23509955,0.112856887,-0.0229100231
0.6166667,PlayerB,fighter,RightFoot,0.9838159,0.107694179,0.448551983
0.6333333,PlayerA,actor,Root,-0.85,0,0
0.6333333,PlayerA,driver,Root,-0.249424219,-0.187943354,0.7335052
0.6333333,PlayerA,native,AnimatorRoot,-0.249424219,-0.187943354,0.7335052
0.6333333,PlayerA,native,Hips,-0.384760052,0.619133532,0.5960866
0.6333333,PlayerA,native,Head,-0.0696678162,0.9407141,0.8582181
0.6333333,PlayerA,native,Chest,-0.27065146,0.7636942,0.7148412
0.6333333,PlayerA,native,LeftHand,0.08040047,0.676127255,1.13515139
0.6333333,PlayerA,native,RightHand,0.20571816,0.753375232,1.11137784
0.6333333,PlayerA,native,LeftFoot,-0.851940632,0.119159356,0.364674479
0.6333333,PlayerA,native,RightFoot,-0.02363491,0.115348771,0.752258539
0.6333333,PlayerA,fighter,AnimatorRoot,-0.85,0,0
0.6333333,PlayerA,fighter,Hips,-0.384759933,0.619133532,0.59608674
0.6333333,PlayerA,fighter,Head,-0.08409637,0.921929538,0.836466968
0.6333333,PlayerA,fighter,Chest,-0.280034781,0.7601794,0.698348463
0.6333333,PlayerA,fighter,LeftHand,0.07933909,0.6764983,1.13502979
0.6333333,PlayerA,fighter,RightHand,0.2031424,0.754627168,1.10845542
0.6333333,PlayerA,fighter,LeftFoot,-0.8519406,0.119159319,0.364674538
0.6333333,PlayerA,fighter,RightFoot,-0.0236346722,0.115348771,0.7522588
0.6333333,PlayerB,actor,Root,0.850000262,0,-2.026558E-07
0.6333333,PlayerB,driver,Root,1.01624143,-0.147834823,0.165829
0.6333333,PlayerB,native,AnimatorRoot,1.01624143,-0.147834823,0.165829
0.6333333,PlayerB,native,Hips,1.10219026,0.5548298,0.267635524
0.6333333,PlayerB,native,Head,0.945226252,0.937692463,0.05276425
0.6333333,PlayerB,native,Chest,1.06053925,0.745341659,0.223471
0.6333333,PlayerB,native,LeftHand,1.09479964,0.680848,-0.180206925
0.6333333,PlayerB,native,RightHand,0.8112737,0.7272965,0.4720976
0.6333333,PlayerB,native,LeftFoot,1.23513985,0.112874255,-0.0229756776
0.6333333,PlayerB,native,RightFoot,0.983796239,0.107666805,0.448506922
0.6333333,PlayerB,fighter,AnimatorRoot,0.850000262,0,-2.026558E-07
0.6333333,PlayerB,fighter,Hips,1.10219026,0.5548297,0.267635554
0.6333333,PlayerB,fighter,Head,0.8571521,1.09793913,-0.07286117
0.6333333,PlayerB,fighter,Chest,1.04450607,0.821720243,0.1981708
0.6333333,PlayerB,fighter,LeftHand,1.09479964,0.680848,-0.180206984
0.6333333,PlayerB,fighter,RightHand,0.8112738,0.727296352,0.4720977
0.6333333,PlayerB,fighter,LeftFoot,1.23513973,0.1128742,-0.0229757968
0.6333333,PlayerB,fighter,RightFoot,0.9837963,0.1076666,0.448506922
0.65,PlayerA,actor,Root,-0.85,0,0
0.65,PlayerA,driver,Root,-0.255356252,-0.1920005,0.7274364
0.65,PlayerA,native,AnimatorRoot,-0.255356252,-0.1920005,0.7274364
0.65,PlayerA,native,Hips,-0.3927367,0.6161835,0.5867388
0.65,PlayerA,native,Head,-0.07445097,0.931573749,0.8518406
0.65,PlayerA,native,Chest,-0.278361738,0.76031214,0.7056309
0.65,PlayerA,native,LeftHand,0.0763921142,0.6722291,1.131464
0.65,PlayerA,native,RightHand,0.19945693,0.7522407,1.10766435
0.65,PlayerA,native,LeftFoot,-0.851535857,0.123216435,0.362652242
0.65,PlayerA,native,RightFoot,-0.02341187,0.115313992,0.753047347
0.65,PlayerA,fighter,AnimatorRoot,-0.85,0,0
0.65,PlayerA,fighter,Hips,-0.3927366,0.6161835,0.586738944
0.65,PlayerA,fighter,Head,-0.08856189,0.9122508,0.8300921
0.65,PlayerA,fighter,Chest,-0.287329316,0.7565287,0.6891164
0.65,PlayerA,fighter,LeftHand,0.07532257,0.6725916,1.13136244
0.65,PlayerA,fighter,RightHand,0.196937323,0.7535521,1.10471845
0.65,PlayerA,fighter,LeftFoot,-0.851535857,0.123216443,0.362652272
0.65,PlayerA,fighter,RightFoot,-0.02341193,0.115314148,0.7530474
0.65,PlayerB,actor,Root,0.850000262,0,-2.026558E-07
0.65,PlayerB,driver,Root,1.018234,-0.145099118,0.169168219
0.65,PlayerB,native,AnimatorRoot,1.018234,-0.145099118,0.169168219
0.65,PlayerB,native,Hips,1.09949827,0.5514208,0.265846461
0.65,PlayerB,native,Head,0.9546453,0.951098263,0.06536218
0.65,PlayerB,native,Chest,1.0601877,0.7437745,0.224482641
0.65,PlayerB,native,LeftHand,1.0924319,0.712963343,-0.169064328
0.65,PlayerB,native,RightHand,0.825088859,0.7342658,0.473233968
0.65,PlayerB,native,LeftFoot,1.2347343,0.112916514,-0.0228059534
0.65,PlayerB,native,RightFoot,0.9835528,0.106406614,0.4482866
0.65,PlayerB,fighter,AnimatorRoot,0.850000262,0,-2.026558E-07
0.65,PlayerB,fighter,Hips,1.09949827,0.5514208,0.265846521
0.65,PlayerB,fighter,Head,0.8722395,1.117809,-0.05553244
0.65,PlayerB,fighter,Chest,1.04602456,0.8211806,0.20197171
0.65,PlayerB,fighter,LeftHand,1.092432,0.712963343,-0.169064432
0.65,PlayerB,fighter,RightHand,0.825089,0.734265447,0.473234236
0.65,PlayerB,fighter,LeftFoot,1.2347343,0.112916596,-0.0228059236
0.65,PlayerB,fighter,RightFoot,0.9835528,0.106406637,0.448286444
0.6666667,PlayerA,actor,Root,-0.85,0,0
0.6666667,PlayerA,driver,Root,-0.2680753,-0.196669847,0.7165718
0.6666667,PlayerA,native,AnimatorRoot,-0.2680753,-0.196669847,0.7165718
0.6666667,PlayerA,native,Hips,-0.405050457,0.611020565,0.5709965
0.6666667,PlayerA,native,Head,-0.0899966955,0.925901651,0.8404019
0.6666667,PlayerA,native,Chest,-0.292107821,0.756280065,0.689846
0.6666667,PlayerA,native,LeftHand,0.0510938764,0.6616224,1.112653
0.6666667,PlayerA,native,RightHand,0.181753635,0.7378472,1.098187
0.6666667,PlayerA,native,LeftFoot,-0.8519402,0.119158328,0.364673644
0.6666667,PlayerA,native,RightFoot,-0.0236347318,0.115348876,0.7522587
0.6666667,PlayerA,fighter,AnimatorRoot,-0.85,0,0
0.6666667,PlayerA,fighter,Hips,-0.4050503,0.611020565,0.570996761
0.6666667,PlayerA,fighter,Head,-0.103580117,0.905791,0.8188492
0.6666667,PlayerA,fighter,Chest,-0.300561845,0.752102554,0.6732584
0.6666667,PlayerA,fighter,LeftHand,0.0500269532,0.661997437,1.112546
0.6666667,PlayerA,fighter,RightHand,0.179333687,0.7392562,1.0952034
0.6666667,PlayerA,fighter,LeftFoot,-0.8519402,0.119158268,0.364673644
0.6666667,PlayerA,fighter,RightFoot,-0.0236346126,0.115348719,0.7522587
0.6666667,PlayerB,actor,Root,0.850000262,0,-2.026558E-07
0.6666667,PlayerB,driver,Root,1.0159266,-0.143858567,0.171005636
0.6666667,PlayerB,native,AnimatorRoot,1.0159266,-0.143858567,0.171005636
0.6666667,PlayerB,native,Hips,1.09124553,0.54650265,0.2599338
0.6666667,PlayerB,native,Head,0.95823735,0.963558555,0.0797701
0.6666667,PlayerB,native,Chest,1.05562294,0.7410598,0.222805455
0.6666667,PlayerB,native,LeftHand,1.0868578,0.7430347,-0.162406459
0.6666667,PlayerB,native,RightHand,0.832290232,0.7380582,0.4811204
0.6666667,PlayerB,native,LeftFoot,1.23514032,0.112874493,-0.02297544
0.6666667,PlayerB,native,RightFoot,0.9837968,0.1076666,0.448507577
0.6666667,PlayerB,fighter,AnimatorRoot,0.850000262,0,-2.026558E-07
0.6666667,PlayerB,fighter,Hips,1.09124553,0.5465026,0.259933859
0.6666667,PlayerB,fighter,Head,0.8830846,1.14092147,-0.032055635
0.6666667,PlayerB,fighter,Chest,1.04343152,0.819574654,0.20386073
0.6666667,PlayerB,fighter,LeftHand,1.0868578,0.743034661,-0.162406534
0.6666667,PlayerB,fighter,RightHand,0.832290351,0.738058031,0.4811204
0.6666667,PlayerB,fighter,LeftFoot,1.2351402,0.112874493,-0.022975469
0.6666667,PlayerB,fighter,RightFoot,0.9837968,0.1076666,0.448507518
0.683333337,PlayerA,actor,Root,-0.85,0,0
0.683333337,PlayerA,driver,Root,-0.292428136,-0.202123225,0.697119057
0.683333337,PlayerA,native,AnimatorRoot,-0.292428136,-0.202123225,0.697119057
0.683333337,PlayerA,native,Hips,-0.4233828,0.601380944,0.5476687
0.683333337,PlayerA,native,Head,-0.12168628,0.9255865,0.8221627
0.683333337,PlayerA,native,Chest,-0.314291477,0.750185847,0.6658768
0.683333337,PlayerA,native,LeftHand,-0.01467061,0.639255345,1.05616665
0.683333337,PlayerA,native,RightHand,0.15131259,0.685943067,1.08154869
0.683333337,PlayerA,native,LeftFoot,-0.865947,0.118571341,0.34745118
0.683333337,PlayerA,native,RightFoot,-0.0235078931,0.115597188,0.7521729
0.683333337,PlayerA,fighter,AnimatorRoot,-0.85,0,0
0.683333337,PlayerA,fighter,Hips,-0.4233827,0.601380944,0.5476689
0.683333337,PlayerA,fighter,Head,-0.134486616,0.904357731,0.8012001
0.683333337,PlayerA,fighter,Chest,-0.32210815,0.7454532,0.6491447
0.683333337,PlayerA,fighter,LeftHand,-0.0157141089,0.6396773,1.05601215
0.683333337,PlayerA,fighter,RightHand,0.149021387,0.6875425,1.07855868
0.683333337,PlayerA,fighter,LeftFoot,-0.865947068,0.118571281,0.3474511
0.683333337,PlayerA,fighter,RightFoot,-0.0235078335,0.1155972,0.752172947
0.683333337,PlayerB,actor,Root,0.850000262,0,-2.026558E-07
0.683333337,PlayerB,driver,Root,1.00628352,-0.144187316,0.170149758
0.683333337,PlayerB,native,AnimatorRoot,1.00628352,-0.144187316,0.170149758
0.683333337,PlayerB,native,Hips,1.07389462,0.5397388,0.247424588
0.683333337,PlayerB,native,Head,0.952050745,0.9747151,0.09678037
0.683333337,PlayerB,native,Chest,1.04436815,0.7369358,0.21676816
0.683333337,PlayerB,native,LeftHand,1.07397342,0.7731068,-0.164845288
0.683333337,PlayerB,native,RightHand,0.830154836,0.7360478,0.499801844
0.683333337,PlayerB,native,LeftFoot,1.23530161,0.112889335,-0.0228092913
0.683333337,PlayerB,native,RightFoot,0.9827605,0.116951123,0.446632653
0.683333337,PlayerB,fighter,AnimatorRoot,0.850000262,0,-2.026558E-07
0.683333337,PlayerB,fighter,Hips,1.07389462,0.5397387,0.247424632
0.683333337,PlayerB,fighter,Head,0.8879736,1.16820467,0.00180799735
0.683333337,PlayerB,fighter,Chest,1.03434992,0.816618562,0.2026281
0.683333337,PlayerB,fighter,LeftHand,1.07397366,0.7731068,-0.1648455
0.683333337,PlayerB,fighter,RightHand,0.830154955,0.7360477,0.499801874
0.683333337,PlayerB,fighter,LeftFoot,1.23530161,0.112889349,-0.0228093211
0.683333337,PlayerB,fighter,RightFoot,0.9827604,0.116951108,0.446632653
0.7,PlayerA,actor,Root,-0.85,0,0
0.7,PlayerA,driver,Root,-0.324799955,-0.207764968,0.669664264
0.7,PlayerA,native,AnimatorRoot,-0.324799955,-0.207764968,0.669664264
0.7,PlayerA,native,Hips,-0.445620567,0.58877,0.518801
0.7,PlayerA,native,Head,-0.16430527,0.929714441,0.795962632
0.7,PlayerA,native,Chest,-0.3420534,0.74298346,0.6352624
0.7,PlayerA,native,LeftHand,-0.101052284,0.6110645,0.966555357
0.7,PlayerA,native,RightHand,0.09415197,0.6246569,1.05104685
0.7,PlayerA,native,LeftFoot,-0.8908198,0.119159147,0.317753017
0.7,PlayerA,native,RightFoot,-0.0236338377,0.115348712,0.7522596
0.7,PlayerA,fighter,AnimatorRoot,-0.85,0,0
0.7,PlayerA,fighter,Hips,-0.445620477,0.58877,0.518801153
0.7,PlayerA,fighter,Head,-0.1762178,0.9071232,0.775979638
0.7,PlayerA,fighter,Chest,-0.349114358,0.7375342,0.6183771
0.7,PlayerA,fighter,LeftHand,-0.102061272,0.611548841,0.966359
0.7,PlayerA,fighter,RightHand,0.0920984745,0.62652564,1.04804075
0.7,PlayerA,fighter,LeftFoot,-0.8908198,0.119159125,0.317753077
0.7,PlayerA,fighter,RightFoot,-0.0236337185,0.115349054,0.752259731
0.7,PlayerB,actor,Root,0.850000262,0,-2.026558E-07
0.7,PlayerB,driver,Root,0.992148757,-0.146574825,0.16787979
0.7,PlayerB,native,AnimatorRoot,0.992148757,-0.146574825,0.16787979
0.7,PlayerB,native,Hips,1.049669,0.5317606,0.229535356
0.7,PlayerB,native,Head,0.940264,0.9835371,0.116365246
0.7,PlayerB,native,Chest,1.02795565,0.73146677,0.207137123
0.7,PlayerB,native,LeftHand,1.058217,0.8035178,-0.172358841
0.7,PlayerB,native,RightHand,0.8228693,0.7261448,0.5239965
0.7,PlayerB,native,LeftFoot,1.23514032,0.112874687,-0.0229754988
0.7,PlayerB,native,RightFoot,0.9854207,0.132609367,0.447052121
0.7,PlayerB,fighter,AnimatorRoot,0.850000262,0,-2.026558E-07
0.7,PlayerB,fighter,Hips,1.049669,0.5317605,0.229535386
0.7,PlayerB,fighter,Head,0.891163647,1.19412422,0.04605849
0.7,PlayerB,fighter,Chest,1.02043355,0.8121613,0.198829189
0.7,PlayerB,fighter,LeftHand,1.058217,0.8035177,-0.1723589
0.7,PlayerB,fighter,RightHand,0.8228693,0.7261446,0.523996532
0.7,PlayerB,fighter,LeftFoot,1.23514032,0.1128747,-0.0229755882
0.7,PlayerB,fighter,RightFoot,0.9854207,0.132609382,0.447052062
0.716666639,PlayerA,actor,Root,-0.85,0,0
0.716666639,PlayerA,driver,Root,-0.365102172,-0.212856442,0.63082844
0.716666639,PlayerA,native,AnimatorRoot,-0.365102172,-0.212856442,0.63082844
0.716666639,PlayerA,native,Hips,-0.472528815,0.5730922,0.483178258
0.716666639,PlayerA,native,Head,-0.217754245,0.938394666,0.756376863
0.716666639,PlayerA,native,Chest,-0.375779718,0.73466,0.5957295
0.716666639,PlayerA,native,LeftHand,-0.188404441,0.580055,0.879117131
0.716666639,PlayerA,native,RightHand,0.00349015,0.596521854,0.983545959
0.716666639,PlayerA,native,LeftFoot,-0.9302058,0.119567126,0.272095978
0.716666639,PlayerA,native,RightFoot,-0.0231884718,0.115113556,0.7516004
0.716666639,PlayerA,fighter,AnimatorRoot,-0.85,0,0
0.716666639,PlayerA,fighter,Hips,-0.4725287,0.5730922,0.483178377
0.716666639,PlayerA,fighter,Head,-0.228800118,0.914196134,0.737892866
0.716666639,PlayerA,fighter,Chest,-0.381961852,0.728281558,0.5787269
0.716666639,PlayerA,fighter,LeftHand,-0.189365625,0.58061,0.8788731
0.716666639,PlayerA,fighter,RightHand,0.00173848867,0.598679,0.980542
0.716666639,PlayerA,fighter,LeftFoot,-0.9302057,0.119567111,0.272095859
0.716666639,PlayerA,fighter,RightFoot,-0.023188293,0.115113355,0.751600444
0.716666639,PlayerB,actor,Root,0.850000262,0,-2.026558E-07
0.716666639,PlayerB,driver,Root,0.9740855,-0.1512684,0.164873809
0.716666639,PlayerB,native,AnimatorRoot,0.9740855,-0.1512684,0.164873809
0.716666639,PlayerB,native,Hips,1.01788068,0.5230012,0.205712274
0.716666639,PlayerB,native,Head,0.9236049,0.9889096,0.139781117
0.716666639,PlayerB,native,Chest,1.00577486,0.724671245,0.193673655
0.716666639,PlayerB,native,LeftHand,1.04204214,0.836545,-0.182541221
0.716666639,PlayerB,native,RightHand,0.8104026,0.703770638,0.549846053
0.716666639,PlayerB,native,LeftFoot,1.23540592,0.113081217,-0.0241765026
0.716666639,PlayerB,native,RightFoot,0.995544553,0.15874064,0.451094866
0.716666639,PlayerB,fighter,AnimatorRoot,0.850000262,0,-2.026558E-07
0.716666639,PlayerB,fighter,Hips,1.01788068,0.523001134,0.2057123
0.716666639,PlayerB,fighter,Head,0.8950587,1.21397054,0.103591971
0.716666639,PlayerB,fighter,Chest,1.00121415,0.806031466,0.192487523
0.716666639,PlayerB,fighter,LeftHand,1.04204226,0.8365448,-0.182541355
0.716666639,PlayerB,fighter,RightHand,0.810402632,0.7037705,0.549846
0.716666639,PlayerB,fighter,LeftFoot,1.23540592,0.113081194,-0.0241765324
0.716666639,PlayerB,fighter,RightFoot,0.9955446,0.158740565,0.451094836
0.733333349,PlayerA,actor,Root,-0.85,0,0
0.733333349,PlayerA,driver,Root,-0.407604337,-0.217998609,0.5887129
0.733333349,PlayerA,native,AnimatorRoot,-0.407604337,-0.217998609,0.5887129
0.733333349,PlayerA,native,Hips,-0.500722647,0.5559247,0.448115379
0.733333349,PlayerA,native,Head,-0.274006069,0.946850538,0.7113446
0.733333349,PlayerA,native,Chest,-0.411474258,0.7253162,0.5554203
0.733333349,PlayerA,native,LeftHand,-0.273651481,0.5544122,0.801303
0.733333349,PlayerA,native,RightHand,-0.103589356,0.582491934,0.8790603
0.733333349,PlayerA,native,LeftFoot,-0.9707803,0.119159,0.221252725
0.733333349,PlayerA,native,RightFoot,-0.0236324072,0.115348205,0.752260566
0.733333349,PlayerA,fighter,AnimatorRoot,-0.85,0,0
0.733333349,PlayerA,fighter,Hips,-0.5007226,0.5559247,0.448115468
0.733333349,PlayerA,fighter,Head,-0.284266353,0.9210494,0.694579661
0.733333349,PlayerA,fighter,Chest,-0.4166248,0.7178845,0.5383947
0.733333349,PlayerA,fighter,LeftHand,-0.274567723,0.555021,0.801020265
0.733333349,PlayerA,fighter,RightHand,-0.1050483,0.5850865,0.8762524
0.733333349,PlayerA,fighter,LeftFoot,-0.9707804,0.119158939,0.221252635
0.733333349,PlayerA,fighter,RightFoot,-0.0236322284,0.115348153,0.752260864
0.733333349,PlayerB,actor,Root,0.850000262,0,-2.026558E-07
0.733333349,PlayerB,driver,Root,0.955899,-0.159068838,0.1617437
0.733333349,PlayerB,native,AnimatorRoot,0.955899,-0.159068838,0.1617437
0.733333349,PlayerB,native,Hips,0.986165762,0.512673736,0.181237921
0.733333349,PlayerB,native,Head,0.910040855,0.98682034,0.165861458
0.733333349,PlayerB,native,Chest,0.984077,0.7151707,0.180272147
0.733333349,PlayerB,native,LeftHand,1.03378391,0.8643819,-0.189786568
0.733333349,PlayerB,native,RightHand,0.8024556,0.668704152,0.573052645
0.733333349,PlayerB,native,LeftFoot,1.23514056,0.112874374,-0.02297541
0.733333349,PlayerB,native,RightFoot,0.988827467,0.180187419,0.443952769
0.733333349,PlayerB,fighter,AnimatorRoot,0.850000262,0,-2.026558E-07
0.733333349,PlayerB,fighter,Hips,0.986165762,0.5126737,0.181237936
0.733333349,PlayerB,fighter,Head,0.904673338,1.21774149,0.166748181
0.733333349,PlayerB,fighter,Chest,0.9828449,0.796570063,0.186541572
0.733333349,PlayerB,fighter,LeftHand,1.03378379,0.8643819,-0.189786613
0.733333349,PlayerB,fighter,RightHand,0.8024557,0.6687038,0.573052764
0.733333349,PlayerB,fighter,LeftFoot,1.23514044,0.112874411,-0.0229755286
0.733333349,PlayerB,fighter,RightFoot,0.9888276,0.1801874,0.443952739
0.7379311,PlayerA,actor,Root,-0.85,0,0
0.7379311,PlayerA,driver,Root,-0.418379217,-0.21941,0.5777885
0.7379311,PlayerA,native,AnimatorRoot,-0.418379217,-0.21941,0.5777885
0.7379311,PlayerA,native,Hips,-0.5079714,0.551413953,0.439107031
0.7379311,PlayerA,native,Head,-0.288213134,0.9485647,0.6990456
0.7379311,PlayerA,native,Chest,-0.4206906,0.7228086,0.544866264
0.7379311,PlayerA,native,LeftHand,-0.296645284,0.54868567,0.781834
0.7379311,PlayerA,native,RightHand,-0.129985392,0.5793806,0.854587853
0.7379311,PlayerA,native,LeftFoot,-0.980849564,0.119086683,0.208964035
0.7379311,PlayerA,native,RightFoot,-0.0238904953,0.114951879,0.7523
0.7379311,PlayerA,fighter,AnimatorRoot,-0.85,0,0
0.7379311,PlayerA,fighter,Hips,-0.507971346,0.551413953,0.43910718
0.7379311,PlayerA,fighter,Head,-0.29827863,0.9223504,0.682744741
0.7379311,PlayerA,fighter,Chest,-0.4255497,0.715083,0.527868152
0.7379311,PlayerA,fighter,LeftHand,-0.297550142,0.5493084,0.781545341
0.7379311,PlayerA,fighter,RightHand,-0.131379068,0.582066655,0.851833045
0.7379311,PlayerA,fighter,LeftFoot,-0.9808495,0.119086795,0.208964065
0.7379311,PlayerA,fighter,RightFoot,-0.0238903761,0.114951991,0.752300143
0.7379311,PlayerB,actor,Root,0.850000262,0,-2.026558E-07
0.7379311,PlayerB,driver,Root,0.9516531,-0.161878154,0.16107899
0.7379311,PlayerB,native,AnimatorRoot,0.9516531,-0.161878154,0.16107899
0.7379311,PlayerB,native,Hips,0.9782172,0.509634256,0.174934313
0.7379311,PlayerB,native,Head,0.9073968,0.98490566,0.17268908
0.7379311,PlayerB,native,Chest,0.9786154,0.7121539,0.176856965
0.7379311,PlayerB,native,LeftHand,1.0333761,0.8704062,-0.191093728
0.7379311,PlayerB,native,RightHand,0.8006301,0.6576676,0.577658057
0.7379311,PlayerB,native,LeftFoot,1.23506522,0.112657145,-0.0230007414
0.7379311,PlayerB,native,RightFoot,0.987814546,0.184963778,0.442898959
0.7379311,PlayerB,fighter,AnimatorRoot,0.850000262,0,-2.026558E-07
0.7379311,PlayerB,fighter,Hips,0.978217244,0.509634256,0.174934328
0.7379311,PlayerB,fighter,Head,0.907787144,1.215767,0.183221012
0.7379311,PlayerB,fighter,Chest,0.978295565,0.7934482,0.185048684
0.7379311,PlayerB,fighter,LeftHand,1.033376,0.8704065,-0.191093713
0.7379311,PlayerB,fighter,RightHand,0.800630152,0.65766716,0.577658
0.7379311,PlayerB,fighter,LeftFoot,1.23506522,0.112657115,-0.0230007116
0.7379311,PlayerB,fighter,RightFoot,0.9878145,0.184963733,0.44289884
0.75,PlayerA,actor,Root,-0.85,0,0
0.75,PlayerA,driver,Root,-0.445972472,-0.222831383,0.548334241
0.75,PlayerA,native,AnimatorRoot,-0.445972472,-0.222831383,0.548334241
0.75,PlayerA,native,Hips,-0.526688,0.5398307,0.4154978
0.75,PlayerA,native,Head,-0.32420522,0.9530442,0.6644888
0.75,PlayerA,native,Chest,-0.444234967,0.7164032,0.516565442
0.75,PlayerA,native,LeftHand,-0.358309746,0.53359586,0.731232
0.75,PlayerA,native,RightHand,-0.201869369,0.5689851,0.792676
0.75,PlayerA,native,LeftFoot,-1.00736189,0.119800463,0.176373
0.75,PlayerA,native,RightFoot,-0.0236634016,0.114616439,0.752656341
0.75,PlayerA,fighter,AnimatorRoot,-0.85,0,0
0.75,PlayerA,fighter,Hips,-0.5266879,0.5398307,0.4154979
0.75,PlayerA,fighter,Head,-0.333856881,0.925785363,0.649482965
0.75,PlayerA,fighter,Chest,-0.448346764,0.7078898,0.499697775
0.75,PlayerA,fighter,LeftHand,-0.359182358,0.53425616,0.730927646
0.75,PlayerA,fighter,RightHand,-0.2030369,0.5719203,0.7900741
0.75,PlayerA,fighter,LeftFoot,-1.00736177,0.119800568,0.176373109
0.75,PlayerA,fighter,RightFoot,-0.0236632824,0.114616491,0.7526562
0.75,PlayerB,actor,Root,0.850000262,0,-2.026558E-07
0.75,PlayerB,driver,Root,0.9409586,-0.170228586,0.159609675
0.75,PlayerB,native,AnimatorRoot,0.9409586,-0.170228586,0.159609675
0.75,PlayerB,native,Hips,0.9574903,0.5015229,0.158522218
0.75,PlayerB,native,Head,0.900524735,0.9774535,0.190264538
0.75,PlayerB,native,Chest,0.9642095,0.7037218,0.167949945
0.75,PlayerB,native,LeftHand,1.0350399,0.882539034,-0.193183
0.75,PlayerB,native,RightHand,0.7934831,0.6255094,0.5866068
0.75,PlayerB,native,LeftFoot,1.23503613,0.111684248,-0.0244688932
0.75,PlayerB,native,RightFoot,0.988240361,0.198665425,0.442574173
0.75,PlayerB,fighter,AnimatorRoot,0.850000262,0,-2.026558E-07
0.75,PlayerB,fighter,Hips,0.9574903,0.501522839,0.158522248
0.75,PlayerB,fighter,Head,0.915303946,1.205223,0.225982442
0.75,PlayerB,fighter,Chest,0.966230154,0.7845213,0.181107134
0.75,PlayerB,fighter,LeftHand,1.03504,0.8825394,-0.1931831
0.75,PlayerB,fighter,RightHand,0.793483257,0.625509262,0.586606741
0.75,PlayerB,fighter,LeftFoot,1.23503613,0.111684211,-0.0244689528
0.75,PlayerB,fighter,RightFoot,0.988240361,0.198665321,0.4425741
0.766666651,PlayerA,actor,Root,-0.85,0,0
0.766666651,PlayerA,driver,Root,-0.481929362,-0.2294993,0.515567064
0.766666651,PlayerA,native,AnimatorRoot,-0.481929362,-0.2294993,0.515567064
0.766666651,PlayerA,native,Hips,-0.55024004,0.5228221,0.38827607
0.766666651,PlayerA,native,Head,-0.372411817,0.952695549,0.6276146
0.766666651,PlayerA,native,Chest,-0.4766109,0.7062284,0.483795583
0.766666651,PlayerA,native,LeftHand,-0.4397263,0.518408239,0.672032952
0.766666651,PlayerA,native,RightHand,-0.301472723,0.563009441,0.722199559
0.766666651,PlayerA,native,LeftFoot,-1.03680193,0.119159147,0.1415754
0.766666651,PlayerA,native,RightFoot,-0.023630619,0.115346864,0.752262
0.766666651,PlayerA,fighter,AnimatorRoot,-0.85,0,0
0.766666651,PlayerA,fighter,Hips,-0.55024,0.5228221,0.388276219
0.766666651,PlayerA,fighter,Head,-0.3810071,0.923934,0.614203453
0.766666651,PlayerA,fighter,Chest,-0.479386032,0.6965411,0.467418134
0.766666651,PlayerA,fighter,LeftHand,-0.440573871,0.519117653,0.6717719
0.766666651,PlayerA,fighter,RightHand,-0.3022117,0.5662553,0.7198192
0.766666651,PlayerA,fighter,LeftFoot,-1.03680193,0.11915908,0.141575366
0.766666651,PlayerA,fighter,RightFoot,-0.02363056,0.115346812,0.752262056
0.766666651,PlayerB,actor,Root,0.850000262,0,-2.026558E-07
0.766666651,PlayerB,driver,Root,0.931134939,-0.186640114,0.157624573
0.766666651,PlayerB,native,AnimatorRoot,0.931134939,-0.186640114,0.157624573
0.766666651,PlayerB,native,Hips,0.93326813,0.487421244,0.136963546
0.766666651,PlayerB,native,Head,0.9007025,0.960804462,0.21328494
0.766666651,PlayerB,native,Chest,0.947393358,0.6885842,0.156747341
0.766666651,PlayerB,native,LeftHand,1.04993558,0.886479139,-0.194970891
0.766666651,PlayerB,native,RightHand,0.7957145,0.5742327,0.5917484
0.766666651,PlayerB,native,LeftFoot,1.23514092,0.112873793,-0.0229755584
0.766666651,PlayerB,native,RightFoot,0.991819,0.20950371,0.4411146
0.766666651,PlayerB,fighter,AnimatorRoot,0.850000262,0,-2.026558E-07
0.766666651,PlayerB,fighter,Hips,0.93326813,0.487421185,0.136963576
0.766666651,PlayerB,fighter,Head,0.934286654,1.179053,0.277979
0.766666651,PlayerB,fighter,Chest,0.9531233,0.7681545,0.176355749
0.766666651,PlayerB,fighter,LeftHand,1.04993546,0.886479139,-0.194970876
0.766666651,PlayerB,fighter,RightHand,0.7957145,0.5742325,0.591748536
0.766666651,PlayerB,fighter,LeftFoot,1.235141,0.11287374,-0.02297544
0.766666651,PlayerB,fighter,RightFoot,0.9918189,0.20950371,0.441114634
0.783333361,PlayerA,actor,Root,-0.85,0,0
0.783333361,PlayerA,driver,Root,-0.51556015,-0.241792858,0.5014643
0.783333361,PlayerA,native,AnimatorRoot,-0.51556015,-0.241792858,0.5014643
0.783333361,PlayerA,native,Hips,-0.5684513,0.5013968,0.3719863
0.783333361,PlayerA,native,Head,-0.422663748,0.9371901,0.620414257
0.783333361,PlayerA,native,Chest,-0.5098429,0.6912845,0.464794159
0.783333361,PlayerA,native,LeftHand,-0.5259329,0.518948138,0.6463053
0.783333361,PlayerA,native,RightHand,-0.3930233,0.565717041,0.6857687
0.783333361,PlayerA,native,LeftFoot,-1.0518837,0.117951006,0.126624689
0.783333361,PlayerA,native,RightFoot,-0.02385056,0.114494473,0.7504798
0.783333361,PlayerA,fighter,AnimatorRoot,-0.85,0,0
0.783333361,PlayerA,fighter,Hips,-0.5684512,0.5013968,0.371986359
0.783333361,PlayerA,fighter,Head,-0.428774744,0.906593144,0.608217239
0.783333361,PlayerA,fighter,Chest,-0.5105725,0.6803034,0.44962275
0.783333361,PlayerA,fighter,LeftHand,-0.526796341,0.519681156,0.646220565
0.783333361,PlayerA,fighter,RightHand,-0.39324984,0.5692318,0.683684945
0.783333361,PlayerA,fighter,LeftFoot,-1.0518837,0.117951058,0.126624629
0.783333361,PlayerA,fighter,RightFoot,-0.0238503814,0.114494376,0.7504799
0.783333361,PlayerB,actor,Root,0.850000262,0,-2.026558E-07
0.783333361,PlayerB,driver,Root,0.9309959,-0.212148353,0.154993266
0.783333361,PlayerB,native,AnimatorRoot,0.9309959,-0.212148353,0.154993266
0.783333361,PlayerB,native,Hips,0.9171267,0.467443764,0.116249934
0.783333361,PlayerB,native,Head,0.9230637,0.9344564,0.235724792
0.783333361,PlayerB,native,Chest,0.9366653,0.66706413,0.147433579
0.783333361,PlayerB,native,LeftHand,1.0904001,0.8701617,-0.195960715
0.783333361,PlayerB,native,RightHand,0.8295564,0.511206746,0.584741235
0.783333361,PlayerB,native,LeftFoot,1.23582292,0.124488339,-0.0193078164
0.783333361,PlayerB,native,RightFoot,0.993474,0.1977983,0.438721
0.783333361,PlayerB,fighter,AnimatorRoot,0.850000262,0,-2.026558E-07
0.783333361,PlayerB,fighter,Hips,0.9171267,0.467443734,0.116249949
0.783333361,PlayerB,fighter,Head,0.9728592,1.14096522,0.321346879
0.783333361,PlayerB,fighter,Chest,0.947460532,0.7445915,0.173255086
0.783333361,PlayerB,fighter,LeftHand,1.09040022,0.8701616,-0.195960864
0.783333361,PlayerB,fighter,RightHand,0.8295564,0.511206448,0.584741235
0.783333361,PlayerB,fighter,LeftFoot,1.23582292,0.124488346,-0.0193078462
0.783333361,PlayerB,fighter,RightFoot,0.9934739,0.197798222,0.438721
0.8,PlayerA,actor,Root,-0.85,0,0
0.8,PlayerA,driver,Root,-0.5454434,-0.254414469,0.4955072
0.8,PlayerA,native,AnimatorRoot,-0.5454434,-0.254414469,0.4955072
0.8,PlayerA,native,Hips,-0.582782269,0.481199056,0.362170279
0.8,PlayerA,native,Head,-0.470769882,0.9162706,0.6250171
0.8,PlayerA,native,Chest,-0.5405797,0.676088333,0.452603549
0.8,PlayerA,native,LeftHand,-0.60828793,0.5350069,0.642938256
0.8,PlayerA,native,RightHand,-0.4696281,0.5679562,0.662939966
0.8,PlayerA,native,LeftFoot,-1.05633307,0.119157046,0.118005738
0.8,PlayerA,native,RightFoot,-0.0236318111,0.1153492,0.7522615
0.8,PlayerA,fighter,AnimatorRoot,-0.85,0,0
0.8,PlayerA,fighter,Hips,-0.582782149,0.4811991,0.362170339
0.8,PlayerA,fighter,Head,-0.473932683,0.8839672,0.613934
0.8,PlayerA,fighter,Chest,-0.5392382,0.664036036,0.439014345
0.8,PlayerA,fighter,LeftHand,-0.609168947,0.53571707,0.6430339
0.8,PlayerA,fighter,RightHand,-0.469316483,0.571706057,0.6613311
0.8,PlayerA,fighter,LeftFoot,-1.05633307,0.119157128,0.11800573
0.8,PlayerA,fighter,RightFoot,-0.0236318111,0.11534927,0.7522614
0.8,PlayerB,actor,Root,0.850000262,0,-2.026558E-07
0.8,PlayerB,driver,Root,0.9358185,-0.2411489,0.1526806
0.8,PlayerB,native,AnimatorRoot,0.9358185,-0.2411489,0.1526806
0.8,PlayerB,native,Hips,0.9080959,0.445742249,0.09994661
0.8,PlayerB,native,Head,0.95286727,0.900728762,0.2540774
0.8,PlayerB,native,Chest,0.930781662,0.6434049,0.141047865
0.8,PlayerB,native,LeftHand,1.14471591,0.8386881,-0.1967639
0.8,PlayerB,native,RightHand,0.866429269,0.4467507,0.5693532
0.8,PlayerB,native,LeftFoot,1.233798,0.139773086,-0.0253349189
0.8,PlayerB,native,RightFoot,0.9934201,0.178450868,0.4391167
0.8,PlayerB,fighter,AnimatorRoot,0.850000262,0,-2.026558E-07
0.8,PlayerB,fighter,Hips,0.9080959,0.44574222,0.0999466255
0.8,PlayerB,fighter,Head,1.01464307,1.09685647,0.354113549
0.8,PlayerB,fighter,Chest,0.9463274,0.7186422,0.172023982
0.8,PlayerB,fighter,LeftHand,1.144716,0.8386881,-0.196763963
0.8,PlayerB,fighter,RightHand,0.8664292,0.446750551,0.569353163
0.8,PlayerB,fighter,LeftFoot,1.233798,0.139773041,-0.02533489
0.8,PlayerB,fighter,RightFoot,0.9934202,0.178450868,0.439116627
0.816666663,PlayerA,actor,Root,-0.85,0,0
0.816666663,PlayerA,driver,Root,-0.570176959,-0.2638577,0.491820842
0.816666663,PlayerA,native,AnimatorRoot,-0.570176959,-0.2638577,0.491820842
0.816666663,PlayerA,native,Hips,-0.59472,0.467689067,0.354812652
0.816666663,PlayerA,native,Head,-0.5124982,0.8983183,0.6304053
0.816666663,PlayerA,native,Chest,-0.5675489,0.6657492,0.442872852
0.816666663,PlayerA,native,LeftHand,-0.6700055,0.5483111,0.6435528
0.816666663,PlayerA,native,RightHand,-0.521734238,0.571997643,0.6551438
0.816666663,PlayerA,native,LeftFoot,-1.05744541,0.118669868,0.11784263
0.816666663,PlayerA,native,RightFoot,-0.0238183737,0.115926743,0.7520218
0.816666663,PlayerA,fighter,AnimatorRoot,-0.85,0,0
0.816666663,PlayerA,fighter,Hips,-0.594719946,0.4676891,0.3548127
0.816666663,PlayerA,fighter,Head,-0.512721956,0.8647178,0.620238543
0.816666663,PlayerA,fighter,Chest,-0.564449131,0.6529937,0.430806816
0.816666663,PlayerA,fighter,LeftHand,-0.6709205,0.5489401,0.643792152
0.816666663,PlayerA,fighter,RightHand,-0.5210084,0.575803936,0.6538272
0.816666663,PlayerA,fighter,LeftFoot,-1.05744529,0.118669868,0.117842577
0.816666663,PlayerA,fighter,RightFoot,-0.0238183737,0.115926839,0.7520217
0.816666663,PlayerB,actor,Root,0.850000262,0,-2.026558E-07
0.816666663,PlayerB,driver,Root,0.943119049,-0.270549476,0.151106536
0.816666663,PlayerB,native,AnimatorRoot,0.943119049,-0.270549476,0.151106536
0.816666663,PlayerB,native,Hips,0.9050771,0.423415542,0.0890518054
0.816666663,PlayerB,native,Head,0.9801772,0.8658356,0.263495237
0.816666663,PlayerB,native,Chest,0.9281937,0.6194942,0.136635959
0.816666663,PlayerB,native,LeftHand,1.20024252,0.7989238,-0.201744586
0.816666663,PlayerB,native,RightHand,0.8904075,0.394155264,0.56074363
0.816666663,PlayerB,native,LeftFoot,1.23450577,0.152613014,-0.025985891
0.816666663,PlayerB,native,RightFoot,0.994286358,0.158306122,0.438537925
0.816666663,PlayerB,fighter,AnimatorRoot,0.850000262,0,-2.026558E-07
0.816666663,PlayerB,fighter,Hips,0.9050771,0.4234155,0.0890518054
0.816666663,PlayerB,fighter,Head,1.05029261,1.05599022,0.3703356
0.816666663,PlayerB,fighter,Chest,0.9472561,0.6930167,0.1708979
0.816666663,PlayerB,fighter,LeftHand,1.2002424,0.7989237,-0.201744944
0.816666663,PlayerB,fighter,RightHand,0.890407443,0.394154876,0.5607436
0.816666663,PlayerB,fighter,LeftFoot,1.23450577,0.152612969,-0.0259858016
0.816666663,PlayerB,fighter,RightFoot,0.9942863,0.158306122,0.438537925
0.8333333,PlayerA,actor,Root,-0.85,0,0
0.8333333,PlayerA,driver,Root,-0.589790463,-0.268540621,0.487526268
0.8333333,PlayerA,native,AnimatorRoot,-0.589790463,-0.268540621,0.487526268
0.8333333,PlayerA,native,Hips,-0.6051482,0.462092936,0.347806454
0.8333333,PlayerA,native,Head,-0.5453929,0.887409449,0.632265449
0.8333333,PlayerA,native,Chest,-0.5897117,0.6618171,0.433692217
0.8333333,PlayerA,native,LeftHand,-0.725255668,0.5614468,0.645174861
0.8333333,PlayerA,native,RightHand,-0.5556725,0.573977,0.6529287
0.8333333,PlayerA,native,LeftFoot,-1.05550444,0.119159967,0.119005874
0.8333333,PlayerA,native,RightFoot,-0.0236315131,0.11534816,0.7522618
0.8333333,PlayerA,fighter,AnimatorRoot,-0.85,0,0
0.8333333,PlayerA,fighter,Hips,-0.605148137,0.462092936,0.3478065
0.8333333,PlayerA,fighter,Head,-0.5431842,0.852951169,0.6228075
0.8333333,PlayerA,fighter,Chest,-0.5852823,0.648660362,0.422855437
0.8333333,PlayerA,fighter,LeftHand,-0.726198733,0.5619909,0.6454983
0.8333333,PlayerA,fighter,RightHand,-0.554663062,0.577786863,0.651827931
0.8333333,PlayerA,fighter,LeftFoot,-1.05550456,0.119160056,0.119005919
0.8333333,PlayerA,fighter,RightFoot,-0.0236314535,0.115347981,0.752261758
0.8333333,PlayerB,actor,Root,0.850000262,0,-2.026558E-07
0.8333333,PlayerB,driver,Root,0.9507477,-0.29665947,0.151110768
0.8333333,PlayerB,native,AnimatorRoot,0.9507477,-0.29665947,0.151110768
0.8333333,PlayerB,native,Hips,0.907492161,0.401792943,0.08515567
0.8333333,PlayerB,native,Head,1.00033236,0.836299658,0.266448051
0.8333333,PlayerB,native,Chest,0.9286437,0.5972412,0.135329336
0.8333333,PlayerB,native,LeftHand,1.2480216,0.752398968,-0.2046181
0.8333333,PlayerB,native,RightHand,0.904332042,0.355043232,0.555899143
0.8333333,PlayerB,native,LeftFoot,1.23618615,0.16174984,-0.0248345677
0.8333333,PlayerB,native,RightFoot,0.9940554,0.140446275,0.438143164
0.8333333,PlayerB,fighter,AnimatorRoot,0.850000262,0,-2.026558E-07
0.8333333,PlayerB,fighter,Hips,0.907492161,0.4017929,0.08515569
0.8333333,PlayerB,fighter,Head,1.07481015,1.02513957,0.3743231
0.8333333,PlayerB,fighter,Chest,0.949549735,0.6700855,0.171010286
0.8333333,PlayerB,fighter,LeftHand,1.24802172,0.752399,-0.204618156
0.8333333,PlayerB,fighter,RightHand,0.904332042,0.355043054,0.5558991
0.8333333,PlayerB,fighter,LeftFoot,1.236186,0.161749929,-0.0248346571
0.8333333,PlayerB,fighter,RightFoot,0.9940553,0.140446261,0.4381431
0.85,PlayerA,actor,Root,-0.85,0,0
0.85,PlayerA,driver,Root,-0.6023607,-0.263945639,0.47641474
0.85,PlayerA,native,AnimatorRoot,-0.6023607,-0.263945639,0.47641474
0.85,PlayerA,native,Hips,-0.615750432,0.468518376,0.336819351
0.85,PlayerA,native,Head,-0.5635097,0.8951848,0.6195248
0.85,PlayerA,native,Chest,-0.604204535,0.669306755,0.420501
0.85,PlayerA,native,LeftHand,-0.7582384,0.5720151,0.6294908
0.85,PlayerA,native,RightHand,-0.563676238,0.575781047,0.6488787
0.85,PlayerA,native,LeftFoot,-1.05511355,0.119502187,0.118208274
0.85,PlayerA,native,RightFoot,-0.02173388,0.1154331,0.754964948
0.85,PlayerA,fighter,AnimatorRoot,-0.85,0,0
0.85,PlayerA,fighter,Hips,-0.6157503,0.468518347,0.3368194
0.85,PlayerA,fighter,Head,-0.560436964,0.860403836,0.6105906
0.85,PlayerA,fighter,Chest,-0.5993163,0.656002939,0.410079956
0.85,PlayerA,fighter,LeftHand,-0.7592227,0.5725098,0.6297679
0.85,PlayerA,fighter,RightHand,-0.562596142,0.579580963,0.6478112
0.85,PlayerA,fighter,LeftFoot,-1.05511355,0.119502239,0.118208356
0.85,PlayerA,fighter,RightFoot,-0.02173382,0.115432978,0.7549651
0.85,PlayerB,actor,Root,0.850000262,0,-2.026558E-07
0.85,PlayerB,driver,Root,0.9550179,-0.312641025,0.154075921
0.85,PlayerB,native,AnimatorRoot,0.9550179,-0.312641025,0.154075921
0.85,PlayerB,native,Hips,0.915886,0.3836624,0.09242559
0.85,PlayerB,native,Head,1.00274622,0.8226057,0.265023738
0.85,PlayerB,native,Chest,0.9322055,0.5803634,0.139233828
0.85,PlayerB,native,LeftHand,1.27423918,0.713363051,-0.2037425
0.85,PlayerB,native,RightHand,0.8996794,0.337660074,0.553084135
0.85,PlayerB,native,LeftFoot,1.23900092,0.162050575,-0.02333107
0.85,PlayerB,native,RightFoot,0.9938722,0.1354216,0.438415319
0.85,PlayerB,fighter,AnimatorRoot,0.850000262,0,-2.026558E-07
0.85,PlayerB,fighter,Hips,0.915886,0.383662343,0.0924256
0.85,PlayerB,fighter,Head,1.07551813,1.01475441,0.368095368
0.85,PlayerB,fighter,Chest,0.9518832,0.6542717,0.173576564
0.85,PlayerB,fighter,LeftHand,1.27423906,0.713363051,-0.203742743
0.85,PlayerB,fighter,RightHand,0.8996793,0.337659746,0.553084254
0.85,PlayerB,fighter,LeftFoot,1.2390008,0.16205056,-0.0233311
0.85,PlayerB,fighter,RightFoot,0.9938723,0.135421678,0.438415259
0.8609196,PlayerA,actor,Root,-0.85,0,0
0.8609196,PlayerA,driver,Root,-0.6086591,-0.25824666,0.467382669
0.8609196,PlayerA,native,AnimatorRoot,-0.6086591,-0.25824666,0.467382669
0.8609196,PlayerA,native,Hips,-0.62264967,0.476305068,0.3284173
0.8609196,PlayerA,native,Head,-0.5711584,0.9056382,0.607525468
0.8609196,PlayerA,native,Chest,-0.611632645,0.6776797,0.4108426
0.8609196,PlayerA,native,LeftHand,-0.7716635,0.5772202,0.6143687
0.8609196,PlayerA,native,RightHand,-0.56197834,0.578398645,0.6467308
0.8609196,PlayerA,native,LeftFoot,-1.05543125,0.119244218,0.118835256
0.8609196,PlayerA,native,RightFoot,-0.02222097,0.115271181,0.7540475
0.8609196,PlayerA,fighter,AnimatorRoot,-0.85,0,0
0.8609196,PlayerA,fighter,Hips,-0.6226496,0.476305068,0.328417361
0.8609196,PlayerA,fighter,Head,-0.567909,0.870783448,0.598842263
0.8609196,PlayerA,fighter,Chest,-0.606662035,0.6643408,0.400449246
0.8609196,PlayerA,fighter,LeftHand,-0.7726799,0.5776845,0.614571631
0.8609196,PlayerA,fighter,RightHand,-0.560888469,0.5821735,0.6455867
0.8609196,PlayerA,fighter,LeftFoot,-1.05543137,0.11924424,0.118835375
0.8609196,PlayerA,fighter,RightFoot,-0.02222097,0.115271114,0.7540475
0.8609196,PlayerB,actor,Root,0.850000262,0,-2.026558E-07
0.8609196,PlayerB,driver,Root,0.9570219,-0.320491821,0.157073617
0.8609196,PlayerB,native,AnimatorRoot,0.9570219,-0.320491821,0.157073617
0.8609196,PlayerB,native,Hips,0.923710465,0.372592658,0.100825347
0.8609196,PlayerB,native,Head,0.9989866,0.818213463,0.2624897
0.8609196,PlayerB,native,Chest,0.935715854,0.57060194,0.14346984
0.8609196,PlayerB,native,LeftHand,1.28105688,0.685527444,-0.201749384
0.8609196,PlayerB,native,RightHand,0.890665352,0.3340303,0.553115
0.8609196,PlayerB,native,LeftFoot,1.2425456,0.160449415,-0.0205960218
0.8609196,PlayerB,native,RightFoot,0.9941202,0.135239333,0.438352317
0.8609196,PlayerB,fighter,AnimatorRoot,0.850000262,0,-2.026558E-07
0.8609196,PlayerB,fighter,Hips,0.923710465,0.372592628,0.100825369
0.8609196,PlayerB,fighter,Head,1.06845963,1.01411676,0.360073656
0.8609196,PlayerB,fighter,Chest,0.953565538,0.645702541,0.175971836
0.8609196,PlayerB,fighter,LeftHand,1.28105688,0.6855274,-0.201749444
0.8609196,PlayerB,fighter,RightHand,0.890665233,0.334030032,0.5531151
0.8609196,PlayerB,fighter,LeftFoot,1.2425456,0.160449386,-0.0205960218
0.8609196,PlayerB,fighter,RightFoot,0.99412024,0.135239422,0.438352227
0.8666667,PlayerA,actor,Root,-0.85,0,0
0.8666667,PlayerA,driver,Root,-0.612344742,-0.2553738,0.462600678
0.8666667,PlayerA,native,AnimatorRoot,-0.612344742,-0.2553738,0.462600678
0.8666667,PlayerA,native,Hips,-0.626415968,0.4801552,0.323956728
0.8666667,PlayerA,native,Head,-0.5756732,0.910701752,0.6014044
0.8666667,PlayerA,native,Chest,-0.6158632,0.6818322,0.40572384
0.8666667,PlayerA,native,LeftHand,-0.779549,0.580288768,0.6066746
0.8666667,PlayerA,native,RightHand,-0.562826753,0.58034575,0.6447261
0.8666667,PlayerA,native,LeftFoot,-1.05550325,0.11916,0.119006351
0.8666667,PlayerA,native,RightFoot,-0.0236311555,0.115347743,0.752262652
0.8666667,PlayerA,fighter,AnimatorRoot,-0.85,0,0
0.8666667,PlayerA,fighter,Hips,-0.6264159,0.4801552,0.3239568
0.8666667,PlayerA,fighter,Head,-0.572294056,0.875801742,0.592856646
0.8666667,PlayerA,fighter,Chest,-0.6108283,0.668472052,0.395364285
0.8666667,PlayerA,fighter,LeftHand,-0.7805796,0.5807366,0.6068408
0.8666667,PlayerA,fighter,RightHand,-0.561713934,0.5841039,0.643548548
0.8666667,PlayerA,fighter,LeftFoot,-1.05550325,0.119160011,0.119006373
0.8666667,PlayerA,fighter,RightFoot,-0.0236310363,0.1153477,0.752262533
0.8666667,PlayerB,actor,Root,0.850000262,0,-2.026558E-07
0.8666667,PlayerB,driver,Root,0.9580565,-0.3248433,0.158793479
0.8666667,PlayerB,native,AnimatorRoot,0.9580565,-0.3248433,0.158793479
0.8666667,PlayerB,native,Hips,0.927996039,0.3666371,0.105447859
0.8666667,PlayerB,native,Head,0.9968845,0.8156413,0.2610977
0.8666667,PlayerB,native,Chest,0.937647939,0.5652811,0.145810455
0.8666667,PlayerB,native,LeftHand,1.28162169,0.6709611,-0.20107463
0.8666667,PlayerB,native,RightHand,0.8856275,0.332554281,0.5534632
0.8666667,PlayerB,native,LeftFoot,1.24463248,0.160006136,-0.01886847
0.8666667,PlayerB,native,RightFoot,0.9940432,0.134773612,0.438333541
0.8666667,PlayerB,fighter,AnimatorRoot,0.850000262,0,-2.026558E-07
0.8666667,PlayerB,fighter,Hips,0.927996039,0.3666371,0.105447888
0.8666667,PlayerB,fighter,Head,1.06448829,1.013538,0.355635732
0.8666667,PlayerB,fighter,Chest,0.954491436,0.6409931,0.177299649
0.8666667,PlayerB,fighter,LeftHand,1.28162169,0.6709611,-0.201074779
0.8666667,PlayerB,fighter,RightHand,0.8856274,0.332554162,0.5534633
0.8666667,PlayerB,fighter,LeftFoot,1.24463248,0.160006016,-0.01886847
0.8666667,PlayerB,fighter,RightFoot,0.994043052,0.134773552,0.438333422
0.8833333,PlayerA,actor,Root,-0.85,0,0
0.8833333,PlayerA,driver,Root,-0.624131,-0.247357488,0.448096633
0.8833333,PlayerA,native,AnimatorRoot,-0.624131,-0.247357488,0.448096633
0.8833333,PlayerA,native,Hips,-0.6379555,0.491074741,0.31039238
0.8833333,PlayerA,native,Head,-0.5899602,0.924778938,0.583450258
0.8833333,PlayerA,native,Chest,-0.6290835,0.693588734,0.390297621
0.8833333,PlayerA,native,LeftHand,-0.8043722,0.5900385,0.584266245
0.8833333,PlayerA,native,RightHand,-0.571105242,0.5876129,0.635242343
0.8833333,PlayerA,native,LeftFoot,-1.05548012,0.119117707,0.118957117
0.8833333,PlayerA,native,RightFoot,-0.0305950046,0.115552813,0.744856
0.8833333,PlayerA,fighter,AnimatorRoot,-0.85,0,0
0.8833333,PlayerA,fighter,Hips,-0.637955368,0.491074771,0.310392439
0.8833333,PlayerA,fighter,Head,-0.5861373,0.889751852,0.5752871
0.8833333,PlayerA,fighter,Chest,-0.623823166,0.6801688,0.380061239
0.8833333,PlayerA,fighter,LeftHand,-0.8054337,0.590439141,0.5843257
0.8833333,PlayerA,fighter,RightHand,-0.5698764,0.5913049,0.633975267
0.8833333,PlayerA,fighter,LeftFoot,-1.05548024,0.119117714,0.118957065
0.8833333,PlayerA,fighter,RightFoot,-0.0305950642,0.115552738,0.7448558
0.8833333,PlayerB,actor,Root,0.850000262,0,-2.026558E-07
0.8833333,PlayerB,driver,Root,0.9611249,-0.3378778,0.164987534
0.8833333,PlayerB,native,AnimatorRoot,0.9611249,-0.3378778,0.164987534
0.8833333,PlayerB,native,Hips,0.942167759,0.348981261,0.121026993
0.8833333,PlayerB,native,Head,0.9895717,0.8076889,0.2572743
0.8833333,PlayerB,native,Chest,0.944325745,0.5492978,0.153992087
0.8833333,PlayerB,native,LeftHand,1.2723465,0.62414974,-0.197508484
0.8833333,PlayerB,native,RightHand,0.86905086,0.3312118,0.5556751
0.8833333,PlayerB,native,LeftFoot,1.25080633,0.159335554,-0.0135712568
0.8833333,PlayerB,native,RightFoot,0.9935908,0.13312006,0.438369423
0.8833333,PlayerB,fighter,AnimatorRoot,0.850000262,0,-2.026558E-07
0.8833333,PlayerB,fighter,Hips,0.942167759,0.348981231,0.121027015
0.8833333,PlayerB,fighter,Head,1.05078423,1.01163757,0.341867059
0.8833333,PlayerB,fighter,Chest,0.957824051,0.6267872,0.1821881
0.8833333,PlayerB,fighter,LeftHand,1.2723465,0.624149859,-0.197508574
0.8833333,PlayerB,fighter,RightHand,0.8690508,0.3312117,0.55567497
0.8833333,PlayerB,fighter,LeftFoot,1.25080621,0.159335628,-0.013571227
0.8833333,PlayerB,fighter,RightFoot,0.9935907,0.13312006,0.4383694
0.9,PlayerA,actor,Root,-0.85,0,0
0.9,PlayerA,driver,Root,-0.636003435,-0.237685189,0.432998478
0.9,PlayerA,native,AnimatorRoot,-0.636003435,-0.237685189,0.432998478
0.9,PlayerA,native,Hips,-0.649832368,0.503052056,0.296240449
0.9,PlayerA,native,Head,-0.6035437,0.940193057,0.564414859
0.9,PlayerA,native,Chest,-0.6421893,0.7063348,0.374403566
0.9,PlayerA,native,LeftHand,-0.8271098,0.6001481,0.560605764
0.9,PlayerA,native,RightHand,-0.582005143,0.596572757,0.6229491
0.9,PlayerA,native,LeftFoot,-1.055503,0.119160727,0.119007245
0.9,PlayerA,native,RightFoot,-0.04366523,0.115242019,0.7292707
0.9,PlayerA,fighter,AnimatorRoot,-0.85,0,0
0.9,PlayerA,fighter,Hips,-0.6498323,0.503052056,0.296240538
0.9,PlayerA,fighter,Head,-0.599361658,0.905085742,0.5565941
0.9,PlayerA,fighter,Chest,-0.6367493,0.692874253,0.364223778
0.9,PlayerA,fighter,LeftHand,-0.8281868,0.6005045,0.5605428
0.9,PlayerA,fighter,RightHand,-0.5806347,0.600171745,0.621565044
0.9,PlayerA,fighter,LeftFoot,-1.055503,0.119160824,0.119007446
0.9,PlayerA,fighter,RightFoot,-0.04366523,0.115241863,0.7292707
0.9,PlayerB,actor,Root,0.850000262,0,-2.026558E-07
0.9,PlayerB,driver,Root,0.9631328,-0.35011977,0.171242118
0.9,PlayerB,native,AnimatorRoot,0.9631328,-0.35011977,0.171242118
0.9,PlayerB,native,Hips,0.958124042,0.33192122,0.138837248
0.9,PlayerB,native,Head,0.979058743,0.799726546,0.2519453
0.9,PlayerB,native,Chest,0.952006638,0.533495665,0.163234323
0.9,PlayerB,native,LeftHand,1.24966717,0.5693159,-0.190518528
0.9,PlayerB,native,RightHand,0.849649,0.3336233,0.557442069
0.9,PlayerB,native,LeftFoot,1.25429976,0.155447364,-0.011905307
0.9,PlayerB,native,RightFoot,0.9938227,0.131978869,0.438857526
0.9,PlayerB,fighter,AnimatorRoot,0.850000262,0,-2.026558E-07
0.9,PlayerB,fighter,Hips,0.958124042,0.3319212,0.138837278
0.9,PlayerB,fighter,Head,1.032026,1.01001811,0.3246859
0.9,PlayerB,fighter,Chest,0.9614979,0.6126615,0.187479734
0.9,PlayerB,fighter,LeftHand,1.24966717,0.569315851,-0.190518618
0.9,PlayerB,fighter,RightHand,0.8496487,0.3336231,0.5574421
0.9,PlayerB,fighter,LeftFoot,1.25429976,0.155447438,-0.011905307
0.9,PlayerB,fighter,RightFoot,0.993822634,0.131978825,0.438857526
0.9166667,PlayerA,actor,Root,-0.85,0,0
0.9166667,PlayerA,driver,Root,-0.647764266,-0.225134671,0.418215215
0.9166667,PlayerA,native,AnimatorRoot,-0.647764266,-0.225134671,0.418215215
0.9166667,PlayerA,native,Hips,-0.661875367,0.5159532,0.281654716
0.9166667,PlayerA,native,Head,-0.616351664,0.9567382,0.5445194
0.9166667,PlayerA,native,Chest,-0.6550457,0.719949245,0.358183
0.9166667,PlayerA,native,LeftHand,-0.8472644,0.6107133,0.5360871
0.9166667,PlayerA,native,RightHand,-0.5951189,0.6070093,0.6083132
0.9166667,PlayerA,native,LeftFoot,-1.05552948,0.119140983,0.119029775
0.9166667,PlayerA,native,RightFoot,-0.0657542944,0.114941508,0.7032444
0.9166667,PlayerA,fighter,AnimatorRoot,-0.85,0,0
0.9166667,PlayerA,fighter,Hips,-0.6618753,0.5159532,0.2816548
0.9166667,PlayerA,fighter,Head,-0.611888647,0.921585858,0.5370032
0.9166667,PlayerA,fighter,Chest,-0.649468362,0.7064616,0.34800157
0.9166667,PlayerA,fighter,LeftHand,-0.8483381,0.611029565,0.535890639
0.9166667,PlayerA,fighter,RightHand,-0.5935886,0.610485,0.606788456
0.9166667,PlayerA,fighter,LeftFoot,-1.05552948,0.119140886,0.11902976
0.9166667,PlayerA,fighter,RightFoot,-0.065754354,0.114941649,0.7032443
0.9166667,PlayerB,actor,Root,0.850000262,0,-2.026558E-07
0.9166667,PlayerB,driver,Root,0.963472962,-0.361584246,0.1764313
0.9166667,PlayerB,native,AnimatorRoot,0.963472962,-0.361584246,0.1764313
0.9166667,PlayerB,native,Hips,0.9738372,0.3164149,0.156637311
0.9166667,PlayerB,native,Head,0.9646808,0.7911691,0.243329376
0.9166667,PlayerB,native,Chest,0.9590442,0.518578351,0.171616018
0.9166667,PlayerB,native,LeftHand,1.21025252,0.512971163,-0.186520815
0.9166667,PlayerB,native,RightHand,0.8270928,0.3382668,0.5574331
0.9166667,PlayerB,native,LeftFoot,1.2593019,0.151999414,-0.008563543
0.9166667,PlayerB,native,RightFoot,0.993165851,0.130778372,0.439205438
0.9166667,PlayerB,fighter,AnimatorRoot,0.850000262,0,-2.026558E-07
0.9166667,PlayerB,fighter,Hips,0.9738372,0.316414863,0.156637341
0.9166667,PlayerB,fighter,Head,1.00772285,1.007496,0.302631766
0.9166667,PlayerB,fighter,Chest,0.964085042,0.5991138,0.191354215
0.9166667,PlayerB,fighter,LeftHand,1.2102524,0.512971,-0.186520875
0.9166667,PlayerB,fighter,RightHand,0.8270927,0.3382664,0.557433069
0.9166667,PlayerB,fighter,LeftFoot,1.25930178,0.15199928,-0.008563662
0.9166667,PlayerB,fighter,RightFoot,0.9931657,0.130778357,0.439205319
0.933333337,PlayerA,actor,Root,-0.85,0,0
0.933333337,PlayerA,driver,Root,-0.6592466,-0.211271137,0.403320849
0.933333337,PlayerA,native,AnimatorRoot,-0.6592466,-0.211271137,0.403320849
0.933333337,PlayerA,native,Hips,-0.673816562,0.5295932,0.266943067
0.933333337,PlayerA,native,Head,-0.628219068,0.9741583,0.524128437
0.933333337,PlayerA,native,Chest,-0.6674257,0.73425746,0.34192574
0.933333337,PlayerA,native,LeftHand,-0.8646763,0.6217247,0.5114427
0.933333337,PlayerA,native,RightHand,-0.6100131,0.618165851,0.5918801
0.933333337,PlayerA,native,LeftFoot,-1.055503,0.119160324,0.119007692
0.933333337,PlayerA,native,RightFoot,-0.09532213,0.114962369,0.6699868
0.933333337,PlayerA,fighter,AnimatorRoot,-0.85,0,0
0.933333337,PlayerA,fighter,Hips,-0.6738165,0.5295932,0.2669431
0.933333337,PlayerA,fighter,Head,-0.6235449,0.938987732,0.5168822
0.933333337,PlayerA,fighter,Chest,-0.66174984,0.72075206,0.331692755
0.933333337,PlayerA,fighter,LeftHand,-0.8657246,0.62200737,0.5111072
0.933333337,PlayerA,fighter,RightHand,-0.608320355,0.621489942,0.590198
0.933333337,PlayerA,fighter,LeftFoot,-1.055503,0.119160227,0.119007595
0.933333337,PlayerA,fighter,RightFoot,-0.09532231,0.114962533,0.6699866
0.933333337,PlayerB,actor,Root,0.850000262,0,-2.026558E-07
0.933333337,PlayerB,driver,Root,0.9619574,-0.371962249,0.179408818
0.933333337,PlayerB,native,AnimatorRoot,0.9619574,-0.371962249,0.179408818
0.933333337,PlayerB,native,Hips,0.987959266,0.3033241,0.172582343
0.933333337,PlayerB,native,Head,0.9463284,0.781648457,0.230219871
0.933333337,PlayerB,native,Chest,0.9643762,0.5052459,0.177719563
0.933333337,PlayerB,native,LeftHand,1.16556084,0.4562788,-0.178834468
0.933333337,PlayerB,native,RightHand,0.8017776,0.343255043,0.552672565
0.933333337,PlayerB,native,LeftFoot,1.26472318,0.1488443,-0.0043085753
0.933333337,PlayerB,native,RightFoot,0.993479669,0.1313591,0.439563543
0.933333337,PlayerB,fighter,AnimatorRoot,0.850000262,0,-2.026558E-07
0.933333337,PlayerB,fighter,Hips,0.987959266,0.3033241,0.172582358
0.933333337,PlayerB,fighter,Head,0.977867365,1.00322342,0.274759024
0.933333337,PlayerB,fighter,Chest,0.9647047,0.5866865,0.192538917
0.933333337,PlayerB,fighter,LeftHand,1.16556084,0.456278741,-0.1788347
0.933333337,PlayerB,fighter,RightHand,0.8017774,0.343254775,0.5526725
0.933333337,PlayerB,fighter,LeftFoot,1.26472318,0.148844391,-0.004308605
0.933333337,PlayerB,fighter,RightFoot,0.993479669,0.131359041,0.439563483
0.95,PlayerA,actor,Root,-0.85,0,0
0.95,PlayerA,driver,Root,-0.670280337,-0.197240457,0.38806
0.95,PlayerA,native,AnimatorRoot,-0.670280337,-0.197240457,0.38806
0.95,PlayerA,native,Hips,-0.685533345,0.5438779,0.25239867
0.95,PlayerA,native,Head,-0.639126539,0.9922863,0.50359565
0.95,PlayerA,native,Chest,-0.6792447,0.74917233,0.325906217
0.95,PlayerA,native,LeftHand,-0.8790537,0.6333022,0.487361163
0.95,PlayerA,native,RightHand,-0.626349568,0.6296932,0.5742472
0.95,PlayerA,native,LeftFoot,-1.05554044,0.119171306,0.1190017
0.95,PlayerA,native,RightFoot,-0.12874794,0.114367649,0.6315046
0.95,PlayerA,fighter,AnimatorRoot,-0.85,0,0
0.95,PlayerA,fighter,Hips,-0.685533345,0.5438779,0.252398729
0.95,PlayerA,fighter,Head,-0.6343037,0.957113564,0.496592164
0.95,PlayerA,fighter,Chest,-0.6735065,0.735654056,0.315581739
0.95,PlayerA,fighter,LeftHand,-0.880054653,0.633556962,0.486886561
0.95,PlayerA,fighter,RightHand,-0.624498367,0.632838368,0.5723959
0.95,PlayerA,fighter,LeftFoot,-1.05554056,0.119171284,0.119001731
0.95,PlayerA,fighter,RightFoot,-0.12874794,0.114367679,0.631504834
0.95,PlayerB,actor,Root,0.850000262,0,-2.026558E-07
0.95,PlayerB,driver,Root,0.958164752,-0.380959928,0.1787127
0.95,PlayerB,native,AnimatorRoot,0.958164752,-0.380959928,0.1787127
0.95,PlayerB,native,Hips,0.999313951,0.2931841,0.185145944
0.95,PlayerB,native,Head,0.925380051,0.7709896,0.2123482
0.95,PlayerB,native,Chest,0.9673261,0.49402535,0.180540025
0.95,PlayerB,native,LeftHand,1.1193167,0.4079389,-0.177479565
0.95,PlayerB,native,RightHand,0.7763952,0.345001221,0.5419696
0.95,PlayerB,native,LeftFoot,1.27021337,0.144979119,-8.841753E-05
0.95,PlayerB,native,RightFoot,0.9918268,0.130203843,0.4393274
0.95,PlayerB,fighter,AnimatorRoot,0.850000262,0,-2.026558E-07
0.95,PlayerB,fighter,Hips,0.999313951,0.2931841,0.185145959
0.95,PlayerB,fighter,Head,0.944321454,0.9965071,0.241450131
0.95,PlayerB,fighter,Chest,0.9630355,0.5758256,0.190264046
0.95,PlayerB,fighter,LeftHand,1.11931658,0.4079388,-0.177479684
0.95,PlayerB,fighter,RightHand,0.776395142,0.345001072,0.5419696
0.95,PlayerB,fighter,LeftFoot,1.2702136,0.1449792,-8.84771362E-05
0.95,PlayerB,fighter,RightFoot,0.9918266,0.130203724,0.439327329
0.966666639,PlayerA,actor,Root,-0.85,0,0
0.966666639,PlayerA,driver,Root,-0.6806779,-0.183077946,0.372829735
0.966666639,PlayerA,native,AnimatorRoot,-0.6806779,-0.183077946,0.372829735
0.966666639,PlayerA,native,Hips,-0.696786761,0.558588564,0.2383499
0.966666639,PlayerA,native,Head,-0.6489394,1.01083481,0.483308166
0.966666639,PlayerA,native,Chest,-0.690301955,0.764481246,0.310431063
0.966666639,PlayerA,native,LeftHand,-0.890523,0.645301938,0.4645264
0.966666639,PlayerA,native,RightHand,-0.6436382,0.6411199,0.556046844
0.966666639,PlayerA,native,LeftFoot,-1.05550289,0.11916028,0.119007781
0.966666639,PlayerA,native,RightFoot,-0.165959656,0.114582255,0.588919163
0.966666639,PlayerA,fighter,AnimatorRoot,-0.85,0,0
0.966666639,PlayerA,fighter,Hips,-0.696786761,0.558588564,0.238349974
0.966666639,PlayerA,fighter,Head,-0.644023061,0.975667953,0.476526141
0.966666639,PlayerA,fighter,Chest,-0.6845347,0.750951469,0.299984455
0.966666639,PlayerA,fighter,LeftHand,-0.891455054,0.645535767,0.4639186
0.966666639,PlayerA,fighter,RightHand,-0.6416447,0.644064665,0.554021955
0.966666639,PlayerA,fighter,LeftFoot,-1.05550289,0.119160131,0.119007669
0.966666639,PlayerA,fighter,RightFoot,-0.165959656,0.114582442,0.588919163
0.966666639,PlayerB,actor,Root,0.850000262,0,-2.026558E-07
0.966666639,PlayerB,driver,Root,0.9521879,-0.388547063,0.174164355
0.966666639,PlayerB,native,AnimatorRoot,0.9521879,-0.388547063,0.174164355
0.966666639,PlayerB,native,Hips,1.007585,0.2865252,0.193941757
0.966666639,PlayerB,native,Head,0.9004332,0.759154558,0.187867552
0.966666639,PlayerB,native,Chest,0.967617452,0.4854799,0.179572135
0.966666639,PlayerB,native,LeftHand,1.07114053,0.364397943,-0.183720708
0.966666639,PlayerB,native,RightHand,0.7471869,0.3461048,0.5240875
0.966666639,PlayerB,native,LeftFoot,1.27543342,0.140969217,0.00356338033
0.966666639,PlayerB,native,RightFoot,0.993104935,0.132198155,0.440318018
0.966666639,PlayerB,fighter,AnimatorRoot,0.850000262,0,-2.026558E-07
0.966666639,PlayerB,fighter,Hips,1.007585,0.28652516,0.1939418
0.966666639,PlayerB,fighter,Head,0.9052521,0.9870733,0.2003411
0.966666639,PlayerB,fighter,Chest,0.958696842,0.56706214,0.183811724
0.966666639,PlayerB,fighter,LeftHand,1.07114065,0.364397883,-0.183720812
0.966666639,PlayerB,fighter,RightHand,0.747186959,0.3461048,0.524087369
0.966666639,PlayerB,fighter,LeftFoot,1.2754333,0.140969113,0.00356326113
0.966666639,PlayerB,fighter,RightFoot,0.993104935,0.132198185,0.440317959
0.983333349,PlayerA,actor,Root,-0.85,0,0
0.983333349,PlayerA,driver,Root,-0.6902441,-0.169198439,0.357818365
0.983333349,PlayerA,native,AnimatorRoot,-0.6902441,-0.169198439,0.357818365
0.983333349,PlayerA,native,Hips,-0.707381368,0.573637664,0.225036621
0.983333349,PlayerA,native,Head,-0.6575688,1.02965164,0.463569343
0.983333349,PlayerA,native,Chest,-0.7004412,0.780101359,0.295717925
0.983333349,PlayerA,native,LeftHand,-0.899371,0.657928646,0.443737417
0.983333349,PlayerA,native,RightHand,-0.661403358,0.65208447,0.5378469
0.983333349,PlayerA,native,LeftFoot,-1.05553591,0.119174227,0.119008586
0.983333349,PlayerA,native,RightFoot,-0.2044251,0.114147082,0.5446376
0.983333349,PlayerA,fighter,AnimatorRoot,-0.85,0,0
0.983333349,PlayerA,fighter,Hips,-0.707381368,0.573637664,0.225036681
0.983333349,PlayerA,fighter,Head,-0.6526063,0.9944901,0.456995428
0.983333349,PlayerA,fighter,Chest,-0.694675565,0.76655823,0.285128921
0.983333349,PlayerA,fighter,LeftHand,-0.900215149,0.6581487,0.443008
0.983333349,PlayerA,fighter,RightHand,-0.6592876,0.6548128,0.5356503
0.983333349,PlayerA,fighter,LeftFoot,-1.05553591,0.1191742,0.1190086
0.983333349,PlayerA,fighter,RightFoot,-0.204425156,0.114147142,0.5446377
0.983333349,PlayerB,actor,Root,0.850000262,0,-2.026558E-07
0.983333349,PlayerB,driver,Root,0.943659544,-0.394098967,0.164460629
0.983333349,PlayerB,native,AnimatorRoot,0.943659544,-0.394098967,0.164460629
0.983333349,PlayerB,native,Hips,1.01287282,0.284358,0.198643088
0.983333349,PlayerB,native,Head,0.871786058,0.745774746,0.155111641
0.983333349,PlayerB,native,Chest,0.965753436,0.480681926,0.174511641
0.983333349,PlayerB,native,LeftHand,1.02728426,0.3249776,-0.199742988
0.983333349,PlayerB,native,RightHand,0.7143733,0.3450038,0.495387524
0.983333349,PlayerB,native,LeftFoot,1.2806983,0.136779338,0.00752697
0.983333349,PlayerB,native,RightFoot,0.9929186,0.132920891,0.4405261
0.983333349,PlayerB,fighter,AnimatorRoot,0.850000262,0,-2.026558E-07
0.983333349,PlayerB,fighter,Hips,1.01287282,0.284357965,0.198643133
0.983333349,PlayerB,fighter,Head,0.860826254,0.974083,0.149227887
0.983333349,PlayerB,fighter,Chest,0.952267945,0.5613981,0.172687083
0.983333349,PlayerB,fighter,LeftHand,1.02728438,0.324977636,-0.199743032
0.983333349,PlayerB,fighter,RightHand,0.714373231,0.345003575,0.495387524
0.983333349,PlayerB,fighter,LeftFoot,1.2806983,0.136779249,0.007527
0.983333349,PlayerB,fighter,RightFoot,0.992918432,0.132920861,0.440525919
0.9839081,PlayerA,actor,Root,-0.85,0,0
0.9839081,PlayerA,driver,Root,-0.690559268,-0.168723062,0.3573057
0.9839081,PlayerA,native,AnimatorRoot,-0.690559268,-0.168723062,0.3573057
0.9839081,PlayerA,native,Hips,-0.7077354,0.5741625,0.224590659
0.9839081,PlayerA,native,Head,-0.6578459,1.03030479,0.4628983
0.9839081,PlayerA,native,Chest,-0.7007749,0.7806453,0.295224071
0.9839081,PlayerA,native,LeftHand,-0.899625,0.6583716,0.4430539
0.9839081,PlayerA,native,RightHand,-0.662026048,0.6524575,0.537217736
0.9839081,PlayerA,native,LeftFoot,-1.05553436,0.119172528,0.119008794
0.9839081,PlayerA,native,RightFoot,-0.205773115,0.114134267,0.543088138
0.9839081,PlayerA,fighter,AnimatorRoot,-0.85,0,0
0.9839081,PlayerA,fighter,Hips,-0.7077354,0.5741625,0.224590719
0.9839081,PlayerA,fighter,Head,-0.6528826,0.9951437,0.456331432
0.9839081,PlayerA,fighter,Chest,-0.6950098,0.7671017,0.284629881
0.9839081,PlayerA,fighter,LeftHand,-0.9004656,0.65859133,0.442320317
0.9839081,PlayerA,fighter,RightHand,-0.6599065,0.6551781,0.5350152
0.9839081,PlayerA,fighter,LeftFoot,-1.05553436,0.119172432,0.119008727
0.9839081,PlayerA,fighter,RightFoot,-0.205773056,0.11413417,0.5430881
0.9839081,PlayerB,actor,Root,0.850000262,0,-2.026558E-07
0.9839081,PlayerB,driver,Root,0.943326235,-0.394264162,0.164049089
0.9839081,PlayerB,native,AnimatorRoot,0.943326235,-0.394264162,0.164049089
0.9839081,PlayerB,native,Hips,1.01300323,0.284360945,0.198741227
0.9839081,PlayerB,native,Head,0.8707457,0.7452623,0.1538589
0.9839081,PlayerB,native,Chest,0.965650439,0.4805798,0.174271613
0.9839081,PlayerB,native,LeftHand,1.02575743,0.3236698,-0.200488374
0.9839081,PlayerB,native,RightHand,0.7132168,0.344907,0.494219065
0.9839081,PlayerB,native,LeftFoot,1.28087509,0.136634529,0.00766149769
0.9839081,PlayerB,native,RightFoot,0.992903531,0.132957816,0.4405394
0.9839081,PlayerB,fighter,AnimatorRoot,0.850000262,0,-2.026558E-07
0.9839081,PlayerB,fighter,Hips,1.01300323,0.284360915,0.198741272
0.9839081,PlayerB,fighter,Head,0.859216154,0.9735403,0.147313952
0.9839081,PlayerB,fighter,Chest,0.952008665,0.561253846,0.172228545
0.9839081,PlayerB,fighter,LeftHand,1.02575755,0.323669761,-0.200488627
0.9839081,PlayerB,fighter,RightHand,0.713216841,0.3449068,0.494219035
0.9839081,PlayerB,fighter,LeftFoot,1.280875,0.136634439,0.00766155729
0.9839081,PlayerB,fighter,RightFoot,0.9929036,0.132957861,0.44053936
1,PlayerA,actor,Root,-0.85,0,0
1,PlayerA,driver,Root,-0.698832035,-0.1556109,0.3433984
1,PlayerA,native,AnimatorRoot,-0.698832035,-0.1556109,0.3433984
1,PlayerA,native,Hips,-0.717162132,0.5888476,0.212746531
1,PlayerA,native,Head,-0.6649641,1.0485009,0.444733918
1,PlayerA,native,Chest,-0.7095437,0.7958589,0.282031417
1,PlayerA,native,LeftHand,-0.9048023,0.670646131,0.4249531
1,PlayerA,native,RightHand,-0.679133236,0.662377059,0.5202192
1,PlayerA,native,LeftFoot,-1.05550289,0.119160071,0.119008318
1,PlayerA,native,RightFoot,-0.242921829,0.114167377,0.5005924
1,PlayerA,fighter,AnimatorRoot,-0.85,0,0
1,PlayerA,fighter,Hips,-0.7171621,0.5888476,0.2127466
1,PlayerA,fighter,Head,-0.6599965,1.01333714,0.4383631
1,PlayerA,fighter,Chest,-0.703807831,0.782297552,0.2712897
1,PlayerA,fighter,LeftHand,-0.9055434,0.6708578,0.424116582
1,PlayerA,fighter,RightHand,-0.676920652,0.664883554,0.5178596
1,PlayerA,fighter,LeftFoot,-1.05550289,0.119160131,0.119008325
1,PlayerA,fighter,RightFoot,-0.242921829,0.114167213,0.5005924
1,PlayerB,actor,Root,0.850000262,0,-2.026558E-07
1,PlayerB,driver,Root,0.9335393,-0.3991045,0.151513726
1,PlayerB,native,AnimatorRoot,0.9335393,-0.3991045,0.151513726
1,PlayerB,native,Hips,1.01604843,0.2857364,0.200619623
1,PlayerB,native,Head,0.8408089,0.728052855,0.1169515
1,PlayerB,native,Chest,0.962252855,0.478528768,0.16664508
1,PlayerB,native,LeftHand,0.9833437,0.285567135,-0.221570775
1,PlayerB,native,RightHand,0.679117441,0.342833668,0.459180623
1,PlayerB,native,LeftFoot,1.28598142,0.132580429,0.0113382991
1,PlayerB,native,RightFoot,0.992785931,0.13378945,0.440973759
1,PlayerB,fighter,AnimatorRoot,0.850000262,0,-2.026558E-07
1,PlayerB,fighter,Hips,1.01604843,0.285736382,0.200619668
1,PlayerB,fighter,Head,0.8125432,0.9540821,0.09128294
1,PlayerB,fighter,Chest,0.944173336,0.557658136,0.158278346
1,PlayerB,fighter,LeftHand,0.98334384,0.2855671,-0.221571013
1,PlayerB,fighter,RightHand,0.6791175,0.342833638,0.459180623
1,PlayerB,fighter,LeftFoot,1.28598142,0.13258037,0.01133824
1,PlayerB,fighter,RightFoot,0.9927858,0.133789435,0.4409738
1.01666665,PlayerA,actor,Root,-0.85,0,0
1.01666665,PlayerA,driver,Root,-0.706275165,-0.1424653,0.3298775
1.01666665,PlayerA,native,AnimatorRoot,-0.706275165,-0.1424653,0.3298775
1.01666665,PlayerA,native,Hips,-0.725883842,0.604084,0.201782644
1.01666665,PlayerA,native,Head,-0.670987844,1.067198,0.427177548
1.01666665,PlayerA,native,Chest,-0.7174041,0.8116235,0.269651175
1.01666665,PlayerA,native,LeftHand,-0.907873154,0.6837339,0.4091263
1.01666665,PlayerA,native,RightHand,-0.696141243,0.6716439,0.503831744
1.01666665,PlayerA,native,LeftFoot,-1.055556,0.1191861,0.118993625
1.01666665,PlayerA,native,RightFoot,-0.279841661,0.113833427,0.458173454
1.01666665,PlayerA,fighter,AnimatorRoot,-0.85,0,0
1.01666665,PlayerA,fighter,Hips,-0.725883842,0.604084,0.2017827
1.01666665,PlayerA,fighter,Head,-0.6660484,1.03201723,0.421013236
1.01666665,PlayerA,fighter,Chest,-0.7117232,0.7980365,0.258756876
1.01666665,PlayerA,fighter,LeftHand,-0.908501267,0.6839415,0.408201426
1.01666665,PlayerA,fighter,RightHand,-0.693857133,0.673932731,0.50132376
1.01666665,PlayerA,fighter,LeftFoot,-1.055556,0.119186066,0.11899358
1.01666665,PlayerA,fighter,RightFoot,-0.2798416,0.113833286,0.4581735
1.01666665,PlayerB,actor,Root,0.850000262,0,-2.026558E-07
1.01666665,PlayerB,driver,Root,0.9224756,-0.404775918,0.136423975
1.01666665,PlayerB,native,AnimatorRoot,0.9224756,-0.404775918,0.136423975
1.01666665,PlayerB,native,Hips,1.01802886,0.290060818,0.200890586
1.01666665,PlayerB,native,Head,0.8085133,0.7028454,0.07498402
1.01666665,PlayerB,native,Chest,0.957867742,0.4781775,0.156824827
1.01666665,PlayerB,native,LeftHand,0.9399456,0.242757559,-0.245037258
1.01666665,PlayerB,native,RightHand,0.638532758,0.34229362,0.416976839
1.01666665,PlayerB,native,LeftFoot,1.29118586,0.128337741,0.01510424
1.01666665,PlayerB,native,RightFoot,0.9928907,0.134402752,0.44125402
1.01666665,PlayerB,fighter,AnimatorRoot,0.850000262,0,-2.026558E-07
1.01666665,PlayerB,fighter,Hips,1.01802886,0.2900608,0.20089063
1.01666665,PlayerB,fighter,Head,0.7612142,0.9231061,0.0278310757
1.01666665,PlayerB,fighter,Chest,0.9350084,0.5548331,0.141334057
1.01666665,PlayerB,fighter,LeftHand,0.9399457,0.2427576,-0.245037436
1.01666665,PlayerB,fighter,RightHand,0.638532758,0.342293441,0.416976869
1.01666665,PlayerB,fighter,LeftFoot,1.29118586,0.128337845,0.0151042994
1.01666665,PlayerB,fighter,RightFoot,0.9928906,0.134402767,0.441254
1.0333333,PlayerA,actor,Root,-0.85,0,0
1.0333333,PlayerA,driver,Root,-0.7124374,-0.129755035,0.3176388
1.0333333,PlayerA,native,AnimatorRoot,-0.7124374,-0.129755035,0.3176388
1.0333333,PlayerA,native,Hips,-0.7333612,0.619179964,0.192418292
1.0333333,PlayerA,native,Head,-0.675554931,1.08553278,0.411252856
1.0333333,PlayerA,native,Chest,-0.723872,0.8272316,0.258827746
1.0333333,PlayerA,native,LeftHand,-0.9091183,0.6971049,0.396486342
1.0333333,PlayerA,native,RightHand,-0.711788058,0.6797558,0.48916322
1.0333333,PlayerA,native,LeftFoot,-1.05550277,0.119159058,0.119008169
1.0333333,PlayerA,native,RightFoot,-0.3135594,0.113788396,0.4195249
1.0333333,PlayerA,fighter,AnimatorRoot,-0.85,0,0
1.0333333,PlayerA,fighter,Hips,-0.7333611,0.619179964,0.192418367
1.0333333,PlayerA,fighter,Head,-0.670671046,1.05031323,0.405307949
1.0333333,PlayerA,fighter,Chest,-0.718268335,0.813608944,0.247791439
1.0333333,PlayerA,fighter,LeftHand,-0.9096297,0.6973145,0.395492524
1.0333333,PlayerA,fighter,RightHand,-0.709455967,0.6818418,0.486525953
1.0333333,PlayerA,fighter,LeftFoot,-1.05550265,0.119158983,0.119008049
1.0333333,PlayerA,fighter,RightFoot,-0.313559532,0.113788322,0.419524848
1.0333333,PlayerB,actor,Root,0.850000262,0,-2.026558E-07
1.0333333,PlayerB,driver,Root,0.9110348,-0.411317766,0.120324261
1.0333333,PlayerB,native,AnimatorRoot,0.9110348,-0.411317766,0.120324261
1.0333333,PlayerB,native,Hips,1.01807475,0.2970298,0.19904384
1.0333333,PlayerB,native,Head,0.7777601,0.670789063,0.03314571
1.0333333,PlayerB,native,Chest,0.951848269,0.479319453,0.145007461
1.0333333,PlayerB,native,LeftHand,0.8989432,0.199506223,-0.268251657
1.0333333,PlayerB,native,RightHand,0.5972527,0.338950455,0.37184006
1.0333333,PlayerB,native,LeftFoot,1.29588914,0.1244567,0.0186614748
1.0333333,PlayerB,native,RightFoot,0.992611468,0.135421813,0.441388577
1.0333333,PlayerB,fighter,AnimatorRoot,0.850000262,0,-2.026558E-07
1.0333333,PlayerB,fighter,Hips,1.01807475,0.297029763,0.199043885
1.0333333,PlayerB,fighter,Head,0.7107932,0.881346,-0.03570822
1.0333333,PlayerB,fighter,Chest,0.924258232,0.5526424,0.122288078
1.0333333,PlayerB,fighter,LeftHand,0.898943067,0.199506208,-0.2682517
1.0333333,PlayerB,fighter,RightHand,0.597252846,0.3389503,0.3718401
1.0333333,PlayerB,fighter,LeftFoot,1.29588914,0.124456659,0.018661445
1.0333333,PlayerB,fighter,RightFoot,0.992611349,0.135421827,0.441388518
1.05,PlayerA,actor,Root,-0.85,0,0
1.05,PlayerA,driver,Root,-0.7171892,-0.117526621,0.307029128
1.05,PlayerA,native,AnimatorRoot,-0.7171892,-0.117526621,0.307029128
1.05,PlayerA,native,Hips,-0.7394028,0.6339985,0.1849352
1.05,PlayerA,native,Head,-0.6785779,1.10333383,0.397323847
1.05,PlayerA,native,Chest,-0.7287955,0.8425503,0.249819636
1.05,PlayerA,native,LeftHand,-0.908292532,0.7104943,0.3871151
1.05,PlayerA,native,RightHand,-0.725272238,0.6864412,0.476865053
1.05,PlayerA,native,LeftFoot,-1.05555069,0.119182289,0.118978649
1.05,PlayerA,native,RightFoot,-0.342543125,0.1136588,0.386313617
1.05,PlayerA,fighter,AnimatorRoot,-0.85,0,0
1.05,PlayerA,fighter,Hips,-0.7394028,0.6339985,0.184935227
1.05,PlayerA,fighter,Head,-0.6737704,1.06804788,0.391621649
1.05,PlayerA,fighter,Chest,-0.7232885,0.8288795,0.238662615
1.05,PlayerA,fighter,LeftHand,-0.908689,0.7107078,0.3860711
1.05,PlayerA,fighter,RightHand,-0.7229117,0.6883517,0.4741221
1.05,PlayerA,fighter,LeftFoot,-1.05555069,0.119182348,0.118978687
1.05,PlayerA,fighter,RightFoot,-0.342543125,0.113658667,0.386313617
1.05,PlayerB,actor,Root,0.850000262,0,-2.026558E-07
1.05,PlayerB,driver,Root,0.9001082,-0.419614971,0.104690619
1.05,PlayerB,native,AnimatorRoot,0.9001082,-0.419614971,0.104690619
1.05,PlayerB,native,Hips,1.0164783,0.305025458,0.1955065
1.05,PlayerB,native,Head,0.7505402,0.632541239,-0.00524711
1.05,PlayerB,native,Chest,0.9441909,0.4803571,0.131937981
1.05,PlayerB,native,LeftHand,0.8619786,0.157579243,-0.2904254
1.05,PlayerB,native,RightHand,0.5541696,0.3350489,0.327384531
1.05,PlayerB,native,LeftFoot,1.30078387,0.1207518,0.022184616
1.05,PlayerB,native,RightFoot,0.9930168,0.13590306,0.441710144
1.05,PlayerB,fighter,AnimatorRoot,0.850000262,0,-2.026558E-07
1.05,PlayerB,fighter,Hips,1.0164783,0.305025429,0.195506558
1.05,PlayerB,fighter,Head,0.663913965,0.8293313,-0.0947597548
1.05,PlayerB,fighter,Chest,0.9119945,0.549534261,0.10223674
1.05,PlayerB,fighter,LeftHand,0.86197865,0.157579347,-0.290425539
1.05,PlayerB,fighter,RightHand,0.554169655,0.335049,0.327384442
1.05,PlayerB,fighter,LeftFoot,1.30078387,0.120751783,0.0221846756
1.05,PlayerB,fighter,RightFoot,0.9930166,0.135902941,0.441710025
1.06666672,PlayerA,actor,Root,-0.85,0,0
1.06666672,PlayerA,driver,Root,-0.720343351,-0.10577178,0.298465967
1.06666672,PlayerA,native,AnimatorRoot,-0.720343351,-0.10577178,0.298465967
1.06666672,PlayerA,native,Hips,-0.7438029,0.648395658,0.179650471
1.06666672,PlayerA,native,Head,-0.6799444,1.12042809,0.385799855
1.06666672,PlayerA,native,Chest,-0.732003,0.8574388,0.242922723
1.06666672,PlayerA,native,LeftHand,-0.905589759,0.7238624,0.3810419
1.06666672,PlayerA,native,RightHand,-0.7358966,0.6915136,0.46740067
1.06666672,PlayerA,native,LeftFoot,-1.055504,0.119157344,0.119008616
1.06666672,PlayerA,native,RightFoot,-0.365219623,0.113510177,0.360236824
1.06666672,PlayerA,fighter,AnimatorRoot,-0.85,0,0
1.06666672,PlayerA,fighter,Hips,-0.7438029,0.648395658,0.1796505
1.06666672,PlayerA,fighter,Head,-0.675228,1.085042,0.380373269
1.06666672,PlayerA,fighter,Chest,-0.726608157,0.843705356,0.231676936
1.06666672,PlayerA,fighter,LeftHand,-0.905878544,0.7240826,0.3799649
1.06666672,PlayerA,fighter,RightHand,-0.7335216,0.6932861,0.464578658
1.06666672,PlayerA,fighter,LeftFoot,-1.055504,0.119157314,0.119008705
1.06666672,PlayerA,fighter,RightFoot,-0.365219623,0.113510132,0.360236764
1.06666672,PlayerB,actor,Root,0.850000262,0,-2.026558E-07
1.06666672,PlayerB,driver,Root,0.8893707,-0.428838342,0.08959413
1.06666672,PlayerB,native,AnimatorRoot,0.8893707,-0.428838342,0.08959413
1.06666672,PlayerB,native,Hips,1.01226342,0.3138738,0.189559355
1.06666672,PlayerB,native,Head,0.7270064,0.5918962,-0.0392862856
1.06666672,PlayerB,native,Chest,0.9339819,0.481305033,0.116954133
1.06666672,PlayerB,native,LeftHand,0.8383119,0.112948209,-0.297489
1.06666672,PlayerB,native,RightHand,0.5157337,0.326866955,0.2839626
1.06666672,PlayerB,native,LeftFoot,1.30469847,0.117363065,0.0251666363
1.06666672,PlayerB,native,RightFoot,0.9926709,0.136384636,0.4414225
1.06666672,PlayerB,fighter,AnimatorRoot,0.850000262,0,-2.026558E-07
1.06666672,PlayerB,fighter,Hips,1.01226342,0.313873768,0.1895594
1.06666672,PlayerB,fighter,Head,0.6218574,0.7712773,-0.1474034
1.06666672,PlayerB,fighter,Chest,0.8974949,0.5456811,0.08082331
1.06666672,PlayerB,fighter,LeftHand,0.8383121,0.112948239,-0.297489047
1.06666672,PlayerB,fighter,RightHand,0.515733838,0.326866984,0.283962756
1.06666672,PlayerB,fighter,LeftFoot,1.30469847,0.1173631,0.0251666065
1.06666672,PlayerB,fighter,RightFoot,0.992670953,0.136384562,0.441422552
1.08333337,PlayerA,actor,Root,-0.85,0,0
1.08333337,PlayerA,driver,Root,-0.7220178,-0.09461564,0.29224664
1.08333337,PlayerA,native,AnimatorRoot,-0.7220178,-0.09461564,0.29224664
1.08333337,PlayerA,native,Hips,-0.746620953,0.6620067,0.176559
1.08333337,PlayerA,native,Head,-0.679919541,1.1364634,0.376720369
1.08333337,PlayerA,native,Chest,-0.7336754,0.8715442,0.23810026
1.08333337,PlayerA,native,LeftHand,-0.9020169,0.7372303,0.377999455
1.08333337,PlayerA,native,RightHand,-0.7433222,0.6922256,0.4623525
1.08333337,PlayerA,native,LeftFoot,-1.05544758,0.1187741,0.119239911
1.08333337,PlayerA,native,RightFoot,-0.3785044,0.113639131,0.345076948
1.08333337,PlayerA,fighter,AnimatorRoot,-0.85,0,0
1.08333337,PlayerA,fighter,Hips,-0.7466209,0.6620067,0.176559031
1.08333337,PlayerA,fighter,Head,-0.6752894,1.10094607,0.37160635
1.08333337,PlayerA,fighter,Chest,-0.7283991,0.8577344,0.226805389
1.08333337,PlayerA,fighter,LeftHand,-0.902211249,0.737457633,0.376903355
1.08333337,PlayerA,fighter,RightHand,-0.740956247,0.6939348,0.45948422
1.08333337,PlayerA,fighter,LeftFoot,-1.05544746,0.118774176,0.119239889
1.08333337,PlayerA,fighter,RightFoot,-0.378504485,0.113639116,0.345076978
1.08333337,PlayerB,actor,Root,0.850000262,0,-2.026558E-07
1.08333337,PlayerB,driver,Root,0.879217,-0.438872337,0.07620509
1.08333337,PlayerB,native,AnimatorRoot,0.879217,-0.438872337,0.07620509
1.08333337,PlayerB,native,Hips,1.006282,0.321882844,0.182302639
1.08333337,PlayerB,native,Head,0.707392752,0.5522228,-0.06714912
1.08333337,PlayerB,native,Chest,0.9217261,0.480739355,0.101467773
1.08333337,PlayerB,native,LeftHand,0.8185002,0.07221377,-0.300058275
1.08333337,PlayerB,native,RightHand,0.480350733,0.3165781,0.247417867
1.08333337,PlayerB,native,LeftFoot,1.30869651,0.114468217,0.0281461831
1.08333337,PlayerB,native,RightFoot,0.992905736,0.136442482,0.4412958
1.08333337,PlayerB,fighter,AnimatorRoot,0.850000262,0,-2.026558E-07
1.08333337,PlayerB,fighter,Hips,1.006282,0.3218828,0.182302654
1.08333337,PlayerB,fighter,Head,0.585851669,0.711835861,-0.1904391
1.08333337,PlayerB,fighter,Chest,0.8813765,0.539950669,0.05989156
1.08333337,PlayerB,fighter,LeftHand,0.8185003,0.07221385,-0.300058365
1.08333337,PlayerB,fighter,RightHand,0.4803509,0.3165781,0.247418076
1.08333337,PlayerB,fighter,LeftFoot,1.30869651,0.114468113,0.0281461831
1.08333337,PlayerB,fighter,RightFoot,0.992905736,0.1364425,0.441295832
1.1,PlayerA,actor,Root,-0.85,0,0
1.1,PlayerA,driver,Root,-0.7211671,-0.08370567,0.2890796
1.1,PlayerA,native,AnimatorRoot,-0.7211671,-0.08370567,0.2890796
1.1,PlayerA,native,Hips,-0.7469059,0.675304353,0.176728681
1.1,PlayerA,native,Head,-0.6773077,1.15179431,0.3713953
1.1,PlayerA,native,Chest,-0.7326467,0.885319233,0.236428753
1.1,PlayerA,native,LeftHand,-0.8959743,0.750237048,0.378985
1.1,PlayerA,native,RightHand,-0.7452682,0.6958776,0.45920366
1.1,PlayerA,native,LeftFoot,-1.05550277,0.119159631,0.11900878
1.1,PlayerA,native,RightFoot,-0.385250837,0.113402136,0.3372478
1.1,PlayerA,fighter,AnimatorRoot,-0.85,0,0
1.1,PlayerA,fighter,Hips,-0.7469059,0.675304353,0.176728711
1.1,PlayerA,fighter,Head,-0.67279315,1.11608541,0.366658747
1.1,PlayerA,fighter,Chest,-0.727508366,0.87141,0.225143462
1.1,PlayerA,fighter,LeftHand,-0.8960893,0.7504742,0.3778803
1.1,PlayerA,fighter,RightHand,-0.7428863,0.697528541,0.4563147
1.1,PlayerA,fighter,LeftFoot,-1.05550277,0.119159415,0.119008608
1.1,PlayerA,fighter,RightFoot,-0.385250866,0.11340218,0.337247819
1.1,PlayerB,actor,Root,0.850000262,0,-2.026558E-07
1.1,PlayerB,driver,Root,0.86838007,-0.448459864,0.06270376
1.1,PlayerB,native,AnimatorRoot,0.86838007,-0.448459864,0.06270376
1.1,PlayerB,native,Hips,0.99721384,0.329737365,0.1725105
1.1,PlayerB,native,Head,0.689068437,0.5167387,-0.0922232
1.1,PlayerB,native,Chest,0.905992866,0.479327261,0.0839146152
1.1,PlayerB,native,LeftHand,0.8077714,0.039398253,-0.300255716
1.1,PlayerB,native,RightHand,0.449585259,0.300214827,0.213824421
1.1,PlayerB,native,LeftFoot,1.31194568,0.112068295,0.03048954
1.1,PlayerB,native,RightFoot,0.9930529,0.135966361,0.4409341
1.1,PlayerB,fighter,AnimatorRoot,0.850000262,0,-2.026558E-07
1.1,PlayerB,fighter,Hips,0.99721384,0.329737335,0.17251052
1.1,PlayerB,fighter,Head,0.5533625,0.6547295,-0.227264822
1.1,PlayerB,fighter,Chest,0.862303257,0.5331767,0.0378733948
1.1,PlayerB,fighter,LeftHand,0.807771444,0.0393983051,-0.3002558
1.1,PlayerB,fighter,RightHand,0.449585438,0.300214976,0.213824481
1.1,PlayerB,fighter,LeftFoot,1.31194556,0.112068236,0.03048942
1.1,PlayerB,fighter,RightFoot,0.99305284,0.135966346,0.440934
1.10689664,PlayerA,actor,Root,-0.85,0,0
1.10689664,PlayerA,driver,Root,-0.7197128,-0.07915585,0.2889685
1.10689664,PlayerA,native,AnimatorRoot,-0.7197128,-0.07915585,0.2889685
1.10689664,PlayerA,native,Hips,-0.7459541,0.680805862,0.178142667
1.10689664,PlayerA,native,Head,-0.675092041,1.15797448,0.370781422
1.10689664,PlayerA,native,Chest,-0.731047034,0.8910075,0.237046182
1.10689664,PlayerA,native,LeftHand,-0.8923418,0.7553891,0.3808903
1.10689664,PlayerA,native,RightHand,-0.7437749,0.700754344,0.457902849
1.10689664,PlayerA,native,LeftFoot,-1.05548644,0.119854778,0.118575349
1.10689664,PlayerA,native,RightFoot,-0.3865846,0.113414317,0.335744143
1.10689664,PlayerA,fighter,AnimatorRoot,-0.85,0,0
1.10689664,PlayerA,fighter,Hips,-0.7459541,0.680805862,0.1781427
1.10689664,PlayerA,fighter,Head,-0.6706421,1.12215745,0.366230816
1.10689664,PlayerA,fighter,Chest,-0.725973845,0.877047062,0.225790918
1.10689664,PlayerA,fighter,LeftHand,-0.892429531,0.7556316,0.379784673
1.10689664,PlayerA,fighter,RightHand,-0.7413581,0.7023627,0.45501864
1.10689664,PlayerA,fighter,LeftFoot,-1.05548644,0.119854741,0.11857532
1.10689664,PlayerA,fighter,RightFoot,-0.3865847,0.113414243,0.335744
1.10689664,PlayerB,actor,Root,0.850000262,0,-2.026558E-07
1.10689664,PlayerB,driver,Root,0.8633168,-0.451819777,0.05659775
1.10689664,PlayerB,native,AnimatorRoot,0.8633168,-0.451819777,0.05659775
1.10689664,PlayerB,native,Hips,0.9921314,0.333088219,0.167305425
1.10689664,PlayerB,native,Head,0.68104744,0.504612565,-0.102635406
1.10689664,PlayerB,native,Chest,0.8979591,0.478644729,0.0755648538
1.10689664,PlayerB,native,LeftHand,0.8066621,0.031573683,-0.301009268
1.10689664,PlayerB,native,RightHand,0.438515842,0.290649831,0.200744689
1.10689664,PlayerB,native,LeftFoot,1.31282115,0.111330032,0.0311561879
1.10689664,PlayerB,native,RightFoot,0.992986441,0.135705769,0.4405315
1.10689664,PlayerB,fighter,AnimatorRoot,0.850000262,0,-2.026558E-07
1.10689664,PlayerB,fighter,Hips,0.9921314,0.3330882,0.16730544
1.10689664,PlayerB,fighter,Head,0.5402539,0.633385837,-0.241389364
1.10689664,PlayerB,fighter,Chest,0.8530908,0.530318856,0.0280324854
1.10689664,PlayerB,fighter,LeftHand,0.806662142,0.0315737352,-0.301009446
1.10689664,PlayerB,fighter,RightHand,0.438515782,0.29065004,0.200744927
1.10689664,PlayerB,fighter,LeftFoot,1.31282115,0.111330047,0.0311562177
1.10689664,PlayerB,fighter,RightFoot,0.992986441,0.135705754,0.440531522
1.11666667,PlayerA,actor,Root,-0.85,0,0
1.11666667,PlayerA,driver,Root,-0.716708,-0.0727255344,0.289888263
1.11666667,PlayerA,native,AnimatorRoot,-0.716708,-0.0727255344,0.289888263
1.11666667,PlayerA,native,Hips,-0.7436755,0.68853724,0.181320772
1.11666667,PlayerA,native,Head,-0.670989156,1.16652846,0.3713004
1.11666667,PlayerA,native,Chest,-0.727778,0.8989933,0.239060611
1.11666667,PlayerA,native,LeftHand,-0.886276662,0.762516856,0.384891152
1.11666667,PlayerA,native,RightHand,-0.7397114,0.710132837,0.4564312
1.11666667,PlayerA,native,LeftFoot,-1.05552959,0.121278495,0.1176634
1.11666667,PlayerA,native,RightFoot,-0.3865701,0.113435358,0.335799724
1.11666667,PlayerA,fighter,AnimatorRoot,-0.85,0,0
1.11666667,PlayerA,fighter,Hips,-0.7436755,0.68853724,0.1813208
1.11666667,PlayerA,fighter,Head,-0.6666434,1.13053489,0.367040634
1.11666667,PlayerA,fighter,Chest,-0.7228032,0.8849525,0.227871642
1.11666667,PlayerA,fighter,LeftHand,-0.886330545,0.7627682,0.383785933
1.11666667,PlayerA,fighter,RightHand,-0.7372247,0.7116752,0.453570634
1.11666667,PlayerA,fighter,LeftFoot,-1.05552959,0.121278428,0.117663369
1.11666667,PlayerA,fighter,RightFoot,-0.3865701,0.113435365,0.335799724
1.11666667,PlayerB,actor,Root,0.850000262,0,-2.026558E-07
1.11666667,PlayerB,driver,Root,0.8557524,-0.456174731,0.0476624742
1.11666667,PlayerB,native,AnimatorRoot,0.8557524,-0.456174731,0.0476624742
1.11666667,PlayerB,native,Hips,0.9838984,0.337627351,0.159068063
1.11666667,PlayerB,native,Head,0.669097066,0.489490569,-0.117520414
1.11666667,PlayerB,native,Chest,0.8853168,0.477227271,0.06297625
1.11666667,PlayerB,native,LeftHand,0.808049142,0.0283700824,-0.302081078
1.11666667,PlayerB,native,RightHand,0.42413938,0.27535814,0.184040636
1.11666667,PlayerB,native,LeftFoot,1.31399322,0.1106928,0.0321803465
1.11666667,PlayerB,native,RightFoot,0.9934449,0.135273337,0.4398773
1.11666667,PlayerB,fighter,AnimatorRoot,0.850000262,0,-2.026558E-07
1.11666667,PlayerB,fighter,Hips,0.9838984,0.337627321,0.159068078
1.11666667,PlayerB,fighter,Head,0.5218246,0.605073154,-0.260438651
1.11666667,PlayerB,fighter,Chest,0.838946,0.5258838,0.01366408
1.11666667,PlayerB,fighter,LeftHand,0.8080492,0.0283700787,-0.302081019
1.11666667,PlayerB,fighter,RightHand,0.424139559,0.27535817,0.1840407
1.11666667,PlayerB,fighter,LeftFoot,1.31399322,0.110692784,0.0321803465
1.11666667,PlayerB,fighter,RightFoot,0.99344486,0.135273218,0.439877242
1.13333333,PlayerA,actor,Root,-0.85,0,0
1.13333333,PlayerA,driver,Root,-0.7088707,-0.0616922453,0.294325769
1.13333333,PlayerA,native,AnimatorRoot,-0.7088707,-0.0616922453,0.294325769
1.13333333,PlayerA,native,Hips,-0.7371057,0.701909244,0.190051034
1.13333333,PlayerA,native,Head,-0.6609532,1.180947,0.375998259
1.13333333,PlayerA,native,Chest,-0.7191785,0.912753165,0.2457319
1.13333333,PlayerA,native,LeftHand,-0.872654736,0.774061143,0.395483732
1.13333333,PlayerA,native,RightHand,-0.728338838,0.7279395,0.45464474
1.13333333,PlayerA,native,LeftFoot,-1.05560136,0.125284374,0.115380734
1.13333333,PlayerA,native,RightFoot,-0.3852506,0.113401465,0.337248623
1.13333333,PlayerA,fighter,AnimatorRoot,-0.85,0,0
1.13333333,PlayerA,fighter,Hips,-0.737105668,0.701909244,0.190051109
1.13333333,PlayerA,fighter,Head,-0.656849563,1.14459121,0.372298867
1.13333333,PlayerA,fighter,Chest,-0.714403152,0.8985557,0.234707892
1.13333333,PlayerA,fighter,LeftHand,-0.872662961,0.7743294,0.3943819
1.13333333,PlayerA,fighter,RightHand,-0.7256807,0.7293336,0.451863229
1.13333333,PlayerA,fighter,LeftFoot,-1.05560136,0.125284389,0.115380824
1.13333333,PlayerA,fighter,RightFoot,-0.3852506,0.113401555,0.337248743
1.13333333,PlayerB,actor,Root,0.850000262,0,-2.026558E-07
1.13333333,PlayerB,driver,Root,0.8412499,-0.462408036,0.0310763922
1.13333333,PlayerB,native,AnimatorRoot,0.8412499,-0.462408036,0.0310763922
1.13333333,PlayerB,native,Hips,0.9673412,0.34554562,0.142717838
1.13333333,PlayerB,native,Head,0.647128,0.467805,-0.14406012
1.13333333,PlayerB,native,Chest,0.861017942,0.474261135,0.03948758
1.13333333,PlayerB,native,LeftHand,0.8122648,0.0343036652,-0.302463084
1.13333333,PlayerB,native,RightHand,0.401160479,0.243175477,0.15756017
1.13333333,PlayerB,native,LeftFoot,1.31541109,0.110154539,0.0330968574
1.13333333,PlayerB,native,RightFoot,0.9945816,0.134107023,0.438516647
1.13333333,PlayerB,fighter,AnimatorRoot,0.850000262,0,-2.026558E-07
1.13333333,PlayerB,fighter,Hips,0.9673412,0.3455456,0.142717868
1.13333333,PlayerB,fighter,Head,0.490525156,0.560403168,-0.291686863
1.13333333,PlayerB,fighter,Chest,0.8124513,0.517877042,-0.0122231841
1.13333333,PlayerB,fighter,LeftHand,0.8122649,0.034304,-0.3024633
1.13333333,PlayerB,fighter,RightHand,0.401160657,0.243175432,0.15756008
1.13333333,PlayerB,fighter,LeftFoot,1.31541109,0.110154495,0.0330968872
1.13333333,PlayerB,fighter,RightFoot,0.9945815,0.134107,0.4385166
1.15,PlayerA,actor,Root,-0.85,0,0
1.15,PlayerA,driver,Root,-0.6971624,-0.0504379049,0.302664042
1.15,PlayerA,native,AnimatorRoot,-0.6971624,-0.0504379049,0.302664042
1.15,PlayerA,native,Hips,-0.726636767,0.7157493,0.203264952
1.15,PlayerA,native,Head,-0.6463624,1.19532073,0.38589713
1.15,PlayerA,native,Chest,-0.7060991,0.9268903,0.256807685
1.15,PlayerA,native,LeftHand,-0.8537906,0.78449446,0.410928369
1.15,PlayerA,native,RightHand,-0.7112857,0.744845569,0.451795131
1.15,PlayerA,native,LeftFoot,-1.05526066,0.13204205,0.111830294
1.15,PlayerA,native,RightFoot,-0.385677963,0.11359138,0.3396088
1.15,PlayerA,fighter,AnimatorRoot,-0.85,0,0
1.15,PlayerA,fighter,Hips,-0.726636767,0.7157493,0.203265011
1.15,PlayerA,fighter,Head,-0.642613769,1.15851581,0.382849067
1.15,PlayerA,fighter,Chest,-0.7015759,0.9125113,0.24601905
1.15,PlayerA,fighter,LeftHand,-0.853766859,0.784783065,0.4098334
1.15,PlayerA,fighter,RightHand,-0.708349,0.7460416,0.449208379
1.15,PlayerA,fighter,LeftFoot,-1.05526066,0.132042125,0.111830272
1.15,PlayerA,fighter,RightFoot,-0.385678083,0.113591291,0.339608729
1.15,PlayerB,actor,Root,0.850000262,0,-2.026558E-07
1.15,PlayerB,driver,Root,0.823834956,-0.466801018,0.0118532237
1.15,PlayerB,native,AnimatorRoot,0.823834956,-0.466801018,0.0118532237
1.15,PlayerB,native,Hips,0.947132945,0.354670852,0.122975916
1.15,PlayerB,native,Head,0.62236774,0.451573819,-0.173453331
1.15,PlayerB,native,Chest,0.833009243,0.471409172,0.0128718875
1.15,PlayerB,native,LeftHand,0.813220739,0.0334384739,-0.302533776
1.15,PlayerB,native,RightHand,0.379842162,0.204066247,0.130998611
1.15,PlayerB,native,LeftFoot,1.31546259,0.110217124,0.03294543
1.15,PlayerB,native,RightFoot,0.995590031,0.13263163,0.436530918
1.15,PlayerB,fighter,AnimatorRoot,0.850000262,0,-2.026558E-07
1.15,PlayerB,fighter,Hips,0.947132945,0.354670823,0.122975938
1.15,PlayerB,fighter,Head,0.458524317,0.5204947,-0.323135048
1.15,PlayerB,fighter,Chest,0.782676339,0.5101562,-0.04059568
1.15,PlayerB,fighter,LeftHand,0.813220859,0.0334385149,-0.3025339
1.15,PlayerB,fighter,RightHand,0.379842222,0.204066336,0.130998552
1.15,PlayerB,fighter,LeftFoot,1.31546259,0.110217206,0.03294546
1.15,PlayerB,fighter,RightFoot,0.99559,0.132631719,0.436530828
1.16666663,PlayerA,actor,Root,-0.85,0,0
1.16666663,PlayerA,driver,Root,-0.6826682,-0.03920006,0.3139706
1.16666663,PlayerA,native,AnimatorRoot,-0.6826682,-0.03920006,0.3139706
1.16666663,PlayerA,native,Hips,-0.713513255,0.729779661,0.220336542
1.16666663,PlayerA,native,Head,-0.628625751,1.20954978,0.400007457
1.16666663,PlayerA,native,Chest,-0.6899834,0.941130042,0.271658361
1.16666663,PlayerA,native,LeftHand,-0.831276,0.794438362,0.430318028
1.16666663,PlayerA,native,RightHand,-0.6901709,0.7626656,0.4529945
1.16666663,PlayerA,native,LeftFoot,-1.05436182,0.140747964,0.108681515
1.16666663,PlayerA,native,RightFoot,-0.385249883,0.113401242,0.337248862
1.16666663,PlayerA,fighter,AnimatorRoot,-0.85,0,0
1.16666663,PlayerA,fighter,Hips,-0.713513255,0.729779661,0.220336616
1.16666663,PlayerA,fighter,Head,-0.625322163,1.17225349,0.397659838
1.16666663,PlayerA,fighter,Chest,-0.6857588,0.926561058,0.261143178
1.16666663,PlayerA,fighter,LeftHand,-0.8312317,0.7947483,0.429231048
1.16666663,PlayerA,fighter,RightHand,-0.686956465,0.7637128,0.450688958
1.16666663,PlayerA,fighter,LeftFoot,-1.05436182,0.140747935,0.108681537
1.16666663,PlayerA,fighter,RightFoot,-0.3852499,0.113401271,0.337248832
1.16666663,PlayerB,actor,Root,0.850000262,0,-2.026558E-07
1.16666663,PlayerB,driver,Root,0.8052598,-0.470177144,-0.008172983
1.16666663,PlayerB,native,AnimatorRoot,0.8052598,-0.470177144,-0.008172983
1.16666663,PlayerB,native,Hips,0.9251298,0.363892585,0.101755
1.16666663,PlayerB,native,Head,0.596339047,0.4380298,-0.203335643
1.16666663,PlayerB,native,Chest,0.80358696,0.467799932,-0.0145436507
1.16666663,PlayerB,native,LeftHand,0.8131612,0.0309900939,-0.302777439
1.16666663,PlayerB,native,RightHand,0.36352554,0.1642302,0.106080629
1.16666663,PlayerB,native,LeftFoot,1.31487751,0.111101478,0.03283239
1.16666663,PlayerB,native,RightFoot,0.9972115,0.131386787,0.434250027
1.16666663,PlayerB,fighter,AnimatorRoot,0.850000262,0,-2.026558E-07
1.16666663,PlayerB,fighter,Hips,0.9251298,0.363892555,0.101755023
1.16666663,PlayerB,fighter,Head,0.4273457,0.483564079,-0.3528164
1.16666663,PlayerB,fighter,Chest,0.751753569,0.501873851,-0.06926056
1.16666663,PlayerB,fighter,LeftHand,0.8131612,0.0309900288,-0.302777648
1.16666663,PlayerB,fighter,RightHand,0.363525659,0.164230272,0.106080748
1.16666663,PlayerB,fighter,LeftFoot,1.31487751,0.111101381,0.03283242
1.16666663,PlayerB,fighter,RightFoot,0.9972115,0.131386727,0.4342501
1.18333328,PlayerA,actor,Root,-0.85,0,0
1.18333328,PlayerA,driver,Root,-0.6660959,-0.0281164777,0.327635437
1.18333328,PlayerA,native,AnimatorRoot,-0.6660959,-0.0281164777,0.327635437
1.18333328,PlayerA,native,Hips,-0.698108852,0.7434976,0.239522889
1.18333328,PlayerA,native,Head,-0.608186066,1.22325182,0.416308522
1.18333328,PlayerA,native,Chest,-0.6713172,0.9549702,0.288532078
1.18333328,PlayerA,native,LeftHand,-0.805606067,0.8038084,0.451824576
1.18333328,PlayerA,native,RightHand,-0.6661831,0.7803416,0.461868078
1.18333328,PlayerA,native,LeftFoot,-1.054534,0.150523379,0.110713989
1.18333328,PlayerA,native,RightFoot,-0.385017425,0.113196552,0.336251676
1.18333328,PlayerA,fighter,AnimatorRoot,-0.85,0,0
1.18333328,PlayerA,fighter,Hips,-0.6981088,0.7434976,0.239522934
1.18333328,PlayerA,fighter,Head,-0.6054076,1.18545461,0.4146801
1.18333328,PlayerA,fighter,Chest,-0.667437136,0.940214157,0.2783047
1.18333328,PlayerA,fighter,LeftHand,-0.8055521,0.80413723,0.450745374
1.18333328,PlayerA,fighter,RightHand,-0.6627741,0.7813007,0.459817529
1.18333328,PlayerA,fighter,LeftFoot,-1.05453408,0.1505231,0.11071384
1.18333328,PlayerA,fighter,RightFoot,-0.3850175,0.11319647,0.336251527
1.18333328,PlayerB,actor,Root,0.850000262,0,-2.026558E-07
1.18333328,PlayerB,driver,Root,0.786524236,-0.472978562,-0.028043272
1.18333328,PlayerB,native,AnimatorRoot,0.786524236,-0.472978562,-0.028043272
1.18333328,PlayerB,native,Hips,0.9027405,0.372855455,0.0803552642
1.18333328,PlayerB,native,Head,0.570390761,0.425358683,-0.231942147
1.18333328,PlayerB,native,Chest,0.774484634,0.463378638,-0.041205246
1.18333328,PlayerB,native,LeftHand,0.8129131,0.0298670828,-0.302686274
1.18333328,PlayerB,native,RightHand,0.35255453,0.127487153,0.08266566
1.18333328,PlayerB,native,LeftFoot,1.31396222,0.111913234,0.0319481269
1.18333328,PlayerB,native,RightFoot,0.998484969,0.129742831,0.432180852
1.18333328,PlayerB,fighter,AnimatorRoot,0.850000262,0,-2.026558E-07
1.18333328,PlayerB,fighter,Hips,0.9027405,0.3728554,0.08035528
1.18333328,PlayerB,fighter,Head,0.3981266,0.448320657,-0.379451752
1.18333328,PlayerB,fighter,Chest,0.721295953,0.492931664,-0.09679095
1.18333328,PlayerB,fighter,LeftHand,0.8129131,0.0298671722,-0.3026866
1.18333328,PlayerB,fighter,RightHand,0.352554739,0.127487391,0.08266575
1.18333328,PlayerB,fighter,LeftFoot,1.31396222,0.111913271,0.0319481567
1.18333328,PlayerB,fighter,RightFoot,0.99848485,0.1297427,0.432180852
1.2,PlayerA,actor,Root,-0.85,0,0
1.2,PlayerA,driver,Root,-0.6480855,-0.0173189864,0.3429625
1.2,PlayerA,native,AnimatorRoot,-0.6480855,-0.0173189864,0.3429625
1.2,PlayerA,native,Hips,-0.6815591,0.757075548,0.261354864
1.2,PlayerA,native,Head,-0.586218834,1.2367053,0.435073078
1.2,PlayerA,native,Chest,-0.651345,0.968587935,0.307954729
1.2,PlayerA,native,LeftHand,-0.7779502,0.8133863,0.475608736
1.2,PlayerA,native,RightHand,-0.6399874,0.797514737,0.478466034
1.2,PlayerA,native,LeftFoot,-1.04947817,0.161184013,0.105189994
1.2,PlayerA,native,RightFoot,-0.385250181,0.1134005,0.337248445
1.2,PlayerA,fighter,AnimatorRoot,-0.85,0,0
1.2,PlayerA,fighter,Hips,-0.6815591,0.757075548,0.261354923
1.2,PlayerA,fighter,Head,-0.5840221,1.19842565,0.434157
1.2,PlayerA,fighter,Chest,-0.6478497,0.953656852,0.298008382
1.2,PlayerA,fighter,LeftHand,-0.77789557,0.813732266,0.474536538
1.2,PlayerA,fighter,RightHand,-0.6364659,0.7984579,0.4766078
1.2,PlayerA,fighter,LeftFoot,-1.049478,0.161184072,0.105190083
1.2,PlayerA,fighter,RightFoot,-0.3852502,0.113400511,0.337248355
1.2,PlayerB,actor,Root,0.850000262,0,-2.026558E-07
1.2,PlayerB,driver,Root,0.7688486,-0.47598967,-0.0462235846
1.2,PlayerB,native,AnimatorRoot,0.7688486,-0.47598967,-0.0462235846
1.2,PlayerB,native,Hips,0.88128227,0.380751282,0.0600954331
1.2,PlayerB,native,Head,0.5461348,0.411447972,-0.257663578
1.2,PlayerB,native,Chest,0.747311056,0.457785279,-0.06567047
1.2,PlayerB,native,LeftHand,0.8122293,0.02902624,-0.302001059
1.2,PlayerB,native,RightHand,0.342726171,0.103245348,0.0638875142
1.2,PlayerB,native,LeftFoot,1.312873,0.112534791,0.0313966349
1.2,PlayerB,native,RightFoot,0.9997316,0.128031641,0.430245668
1.2,PlayerB,fighter,AnimatorRoot,0.850000262,0,-2.026558E-07
1.2,PlayerB,fighter,Hips,0.88128227,0.380751252,0.0600954443
1.2,PlayerB,fighter,Head,0.372371435,0.413143754,-0.402110577
1.2,PlayerB,fighter,Chest,0.692874551,0.482893437,-0.1218788
1.2,PlayerB,fighter,LeftHand,0.812229335,0.0290262811,-0.302001268
1.2,PlayerB,fighter,RightHand,0.3427261,0.103245229,0.06388775
1.2,PlayerB,fighter,LeftFoot,1.31287289,0.1125347,0.0313964561
1.2,PlayerB,fighter,RightFoot,0.9997315,0.1280315,0.430245548
1.2166667,PlayerA,actor,Root,-0.85,0,0
1.2166667,PlayerA,driver,Root,-0.629316866,-0.006941218,0.3592765
1.2166667,PlayerA,native,AnimatorRoot,-0.629316866,-0.006941218,0.3592765
1.2166667,PlayerA,native,Hips,-0.664054,0.769894361,0.2837067
1.2166667,PlayerA,native,Head,-0.5629663,1.249412,0.4538864
1.2166667,PlayerA,native,Chest,-0.6303736,0.9813813,0.3277785
1.2166667,PlayerA,native,LeftHand,-0.7489401,0.8231287,0.499670833
1.2166667,PlayerA,native,RightHand,-0.611757934,0.812997937,0.5031843
1.2166667,PlayerA,native,LeftFoot,-1.04604769,0.171700969,0.108795181
1.2166667,PlayerA,native,RightFoot,-0.385199338,0.113295138,0.337353766
1.2166667,PlayerA,fighter,AnimatorRoot,-0.85,0,0
1.2166667,PlayerA,fighter,Hips,-0.6640539,0.769894361,0.283706725
1.2166667,PlayerA,fighter,Head,-0.561382532,1.21069682,0.4536514
1.2166667,PlayerA,fighter,Chest,-0.627297461,0.966294,0.318085641
1.2166667,PlayerA,fighter,LeftHand,-0.748893142,0.823486,0.4986037
1.2166667,PlayerA,fighter,RightHand,-0.608229935,0.813977063,0.5013571
1.2166667,PlayerA,fighter,LeftFoot,-1.04604769,0.171701,0.108795151
1.2166667,PlayerA,fighter,RightFoot,-0.385199368,0.113294937,0.337353677
1.2166667,PlayerB,actor,Root,0.850000262,0,-2.026558E-07
1.2166667,PlayerB,driver,Root,0.7536507,-0.479887128,-0.0609951243
1.2166667,PlayerB,native,AnimatorRoot,0.7536507,-0.479887128,-0.0609951243
1.2166667,PlayerB,native,Hips,0.862425566,0.387275636,0.04259407
1.2166667,PlayerB,native,Head,0.5256524,0.3946632,-0.278496653
1.2166667,PlayerB,native,Chest,0.7239351,0.451318383,-0.086261116
1.2166667,PlayerB,native,LeftHand,0.8114279,0.0282747149,-0.301739842
1.2166667,PlayerB,native,RightHand,0.3338607,0.08545971,0.054714
1.2166667,PlayerB,native,LeftFoot,1.31228662,0.112414777,0.03090552
1.2166667,PlayerB,native,RightFoot,1.000512,0.1260705,0.42924276
1.2166667,PlayerB,fighter,AnimatorRoot,0.850000262,0,-2.026558E-07
1.2166667,PlayerB,fighter,Hips,0.862425566,0.387275577,0.0425940752
1.2166667,PlayerB,fighter,Head,0.351852983,0.376773,-0.41926685
1.2166667,PlayerB,fighter,Chest,0.6683599,0.471956134,-0.142957926
1.2166667,PlayerB,fighter,LeftHand,0.8114279,0.0282747615,-0.301739961
1.2166667,PlayerB,fighter,RightHand,0.333860755,0.0854597762,0.05471412
1.2166667,PlayerB,fighter,LeftFoot,1.31228673,0.112414829,0.03090558
1.2166667,PlayerB,fighter,RightFoot,1.00051212,0.126070455,0.4292427
1.2298851,PlayerA,actor,Root,-0.85,0,0
1.2298851,PlayerA,driver,Root,-0.6142197,0.0009167483,0.372538179
1.2298851,PlayerA,native,AnimatorRoot,-0.6142197,0.0009167483,0.372538179
1.2298851,PlayerA,native,Hips,-0.650173962,0.779570639,0.3021992
1.2298851,PlayerA,native,Head,-0.5443311,1.25906777,0.469094
1.2298851,PlayerA,native,Chest,-0.613789737,0.99100405,0.344175369
1.2298851,PlayerA,native,LeftHand,-0.7253044,0.8312275,0.519169867
1.2298851,PlayerA,native,RightHand,-0.5882775,0.8245284,0.5266683
1.2298851,PlayerA,native,LeftFoot,-1.0402801,0.18017289,0.109993294
1.2298851,PlayerA,native,RightFoot,-0.385259032,0.113371536,0.337294966
1.2298851,PlayerA,fighter,AnimatorRoot,-0.85,0,0
1.2298851,PlayerA,fighter,Hips,-0.6501739,0.779570639,0.302199274
1.2298851,PlayerA,fighter,Head,-0.5432379,1.22005391,0.469368666
1.2298851,PlayerA,fighter,Chest,-0.6110673,0.9758097,0.334655762
1.2298851,PlayerA,fighter,LeftHand,-0.7252695,0.831591249,0.5181058
1.2298851,PlayerA,fighter,RightHand,-0.5847933,0.8255462,0.524778843
1.2298851,PlayerA,fighter,LeftFoot,-1.0402801,0.180173025,0.1099934
1.2298851,PlayerA,fighter,RightFoot,-0.385259032,0.113371611,0.337295026
1.2298851,PlayerB,actor,Root,0.850000262,0,-2.026558E-07
1.2298851,PlayerB,driver,Root,0.743551135,-0.484043568,-0.0701076
1.2298851,PlayerB,native,AnimatorRoot,0.743551135,-0.484043568,-0.0701076
1.2298851,PlayerB,native,Hips,0.849472,0.391320974,0.0308409277
1.2298851,PlayerB,native,Head,0.512387455,0.378647953,-0.2911912
1.2298851,PlayerB,native,Chest,0.7081143,0.445609361,-0.09965139
1.2298851,PlayerB,native,LeftHand,0.81114465,0.0279178917,-0.30138424
1.2298851,PlayerB,native,RightHand,0.330430448,0.0691281855,0.0532659069
1.2298851,PlayerB,native,LeftFoot,1.31199932,0.112078816,0.0305104312
1.2298851,PlayerB,native,RightFoot,1.000818,0.124559969,0.428759068
1.2298851,PlayerB,fighter,AnimatorRoot,0.850000262,0,-2.026558E-07
1.2298851,PlayerB,fighter,Hips,0.849472,0.391320944,0.0308409333
1.2298851,PlayerB,fighter,Head,0.339422584,0.346633852,-0.4290059
1.2298851,PlayerB,fighter,Chest,0.6516755,0.462614566,-0.156618908
1.2298851,PlayerB,fighter,LeftHand,0.81114465,0.0279179867,-0.301384449
1.2298851,PlayerB,fighter,RightHand,0.330430746,0.06912825,0.0532659069
1.2298851,PlayerB,fighter,LeftFoot,1.31199944,0.112078831,0.0305104312
1.2298851,PlayerB,fighter,RightFoot,1.000818,0.124559842,0.428759
1.23333335,PlayerA,actor,Root,-0.85,0,0
1.23333335,PlayerA,driver,Root,-0.6103766,0.00288511557,0.375905752
1.23333335,PlayerA,native,AnimatorRoot,-0.6103766,0.00288511557,0.375905752
1.23333335,PlayerA,native,Hips,-0.6466745,0.7819564,0.306874454
1.23333335,PlayerA,native,Head,-0.5395742,1.261483,0.472791433
1.23333335,PlayerA,native,Chest,-0.6096159,0.9933762,0.34829092
1.23333335,PlayerA,native,LeftHand,-0.7191089,0.8334293,0.524053156
1.23333335,PlayerA,native,RightHand,-0.582024634,0.8274184,0.532657266
1.23333335,PlayerA,native,LeftFoot,-1.03864241,0.182229131,0.1111867
1.23333335,PlayerA,native,RightFoot,-0.385249645,0.113399737,0.337249339
1.23333335,PlayerA,fighter,AnimatorRoot,-0.85,0,0
1.23333335,PlayerA,fighter,Hips,-0.6466744,0.7819564,0.3068745
1.23333335,PlayerA,fighter,Head,-0.5386047,1.22240257,0.4731909
1.23333335,PlayerA,fighter,Chest,-0.6069881,0.9781575,0.338808656
1.23333335,PlayerA,fighter,LeftHand,-0.719078,0.833794057,0.52298975
1.23333335,PlayerA,fighter,RightHand,-0.578556836,0.8284497,0.5307448
1.23333335,PlayerA,fighter,LeftFoot,-1.03864253,0.182229146,0.111186728
1.23333335,PlayerA,fighter,RightFoot,-0.3852498,0.113399796,0.337249249
1.23333335,PlayerB,actor,Root,0.850000262,0,-2.026558E-07
1.23333335,PlayerB,driver,Root,0.741337061,-0.4854368,-0.07195465
1.23333335,PlayerB,native,AnimatorRoot,0.741337061,-0.4854368,-0.07195465
1.23333335,PlayerB,native,Hips,0.8465019,0.392094374,0.0282134358
1.23333335,PlayerB,native,Head,0.509560168,0.373722553,-0.293729156
1.23333335,PlayerB,native,Chest,0.70449996,0.443974137,-0.102565371
1.23333335,PlayerB,native,LeftHand,0.811100662,0.0279551148,-0.3011809
1.23333335,PlayerB,native,RightHand,0.3305372,0.06407064,0.0536464229
1.23333335,PlayerB,native,LeftFoot,1.311944,0.112069607,0.0304903146
1.23333335,PlayerB,native,RightFoot,1.000928,0.124281645,0.428601772
1.23333335,PlayerB,fighter,AnimatorRoot,0.850000262,0,-2.026558E-07
1.23333335,PlayerB,fighter,Hips,0.8465019,0.392094344,0.0282134414
1.23333335,PlayerB,fighter,Head,0.336917877,0.338286,-0.430864334
1.23333335,PlayerB,fighter,Chest,0.647832632,0.459994882,-0.159588411
1.23333335,PlayerB,fighter,LeftHand,0.811100662,0.0279552042,-0.3011811
1.23333335,PlayerB,fighter,RightHand,0.3305372,0.064070724,0.0536463037
1.23333335,PlayerB,fighter,LeftFoot,1.31194413,0.11206957,0.0304903444
1.23333335,PlayerB,fighter,RightFoot,1.000928,0.124281593,0.428601772
1.25,PlayerA,actor,Root,-0.85,0,0
1.25,PlayerA,driver,Root,-0.5918579,0.0120528983,0.392126352
1.25,PlayerA,native,AnimatorRoot,-0.5918579,0.0120528983,0.392126352
1.25,PlayerA,native,Hips,-0.6298594,0.792955,0.329375029
1.25,PlayerA,native,Head,-0.5165503,1.2727263,0.490029365
1.25,PlayerA,native,Chest,-0.5896355,1.00429893,0.367993742
1.25,PlayerA,native,LeftHand,-0.6886367,0.8445321,0.5476339
1.25,PlayerA,native,RightHand,-0.5501256,0.840886,0.5626414
1.25,PlayerA,native,LeftFoot,-1.03029037,0.191619024,0.119639605
1.25,PlayerA,native,RightFoot,-0.385191858,0.113401428,0.337178677
1.25,PlayerA,fighter,AnimatorRoot,-0.85,0,0
1.25,PlayerA,fighter,Hips,-0.629859269,0.792955,0.3293751
1.25,PlayerA,fighter,Head,-0.5161713,1.233373,0.491003633
1.25,PlayerA,fighter,Chest,-0.587483168,0.988977134,0.358664453
1.25,PlayerA,fighter,LeftHand,-0.6886294,0.8448955,0.546571434
1.25,PlayerA,fighter,RightHand,-0.5467825,0.8419842,0.560552835
1.25,PlayerA,fighter,LeftFoot,-1.03029037,0.191618919,0.119639404
1.25,PlayerA,fighter,RightFoot,-0.385191858,0.113401368,0.337178618
1.25,PlayerB,actor,Root,0.850000262,0,-2.026558E-07
1.25,PlayerB,driver,Root,0.7331343,-0.494030148,-0.07744698
1.25,PlayerB,native,AnimatorRoot,0.7331343,-0.494030148,-0.07744698
1.25,PlayerB,native,Hips,0.834550858,0.393859059,0.0183639657
1.25,PlayerB,native,Head,0.500004053,0.344915181,-0.300931662
1.25,PlayerB,native,Chest,0.6899507,0.434894472,-0.113037109
1.25,PlayerB,native,LeftHand,0.810880959,0.02807507,-0.3005485
1.25,PlayerB,native,RightHand,0.332479656,0.04915318,0.05728755
1.25,PlayerB,native,LeftFoot,1.31207347,0.111384183,0.03031463
1.25,PlayerB,native,RightFoot,1.0011034,0.122675925,0.4284629
1.25,PlayerB,fighter,AnimatorRoot,0.850000262,0,-2.026558E-07
1.25,PlayerB,fighter,Hips,0.834550858,0.393859029,0.0183639657
1.25,PlayerB,fighter,Head,0.329134583,0.2942743,-0.4351457
1.25,PlayerB,fighter,Chest,0.6321619,0.4458621,-0.170228034
1.25,PlayerB,fighter,LeftHand,0.8108811,0.0280752,-0.300548583
1.25,PlayerB,fighter,RightHand,0.332479835,0.04915308,0.05728779
1.25,PlayerB,fighter,LeftFoot,1.31207347,0.111384034,0.03031463
1.25,PlayerB,fighter,RightFoot,1.00110352,0.122675911,0.4284629
1.26666665,PlayerA,actor,Root,-0.85,0,0
1.26666665,PlayerA,driver,Root,-0.5744231,0.0203540754,0.407417655
1.26666665,PlayerA,native,AnimatorRoot,-0.5744231,0.0203540754,0.407417655
1.26666665,PlayerA,native,Hips,-0.614291668,0.802581668,0.350663245
1.26666665,PlayerA,native,Head,-0.494707376,1.28298581,0.504668236
1.26666665,PlayerA,native,Chest,-0.57124716,1.01388872,0.38628006
1.26666665,PlayerA,native,LeftHand,-0.661503,0.8572524,0.568932056
1.26666665,PlayerA,native,RightHand,-0.5178325,0.8537438,0.5916567
1.26666665,PlayerA,native,LeftFoot,-1.01955283,0.1995118,0.132948339
1.26666665,PlayerA,native,RightFoot,-0.385249376,0.113398924,0.33724913
1.26666665,PlayerA,fighter,AnimatorRoot,-0.85,0,0
1.26666665,PlayerA,fighter,Hips,-0.614291549,0.8025817,0.3506633
1.26666665,PlayerA,fighter,Head,-0.4947843,1.2434504,0.506157041
1.26666665,PlayerA,fighter,Chest,-0.569560468,0.998483956,0.377040029
1.26666665,PlayerA,fighter,LeftHand,-0.661528,0.8576088,0.567868948
1.26666665,PlayerA,fighter,RightHand,-0.5146675,0.85487777,0.589323342
1.26666665,PlayerA,fighter,LeftFoot,-1.01955283,0.199511811,0.132948354
1.26666665,PlayerA,fighter,RightFoot,-0.385249346,0.113398932,0.33724916
1.26666665,PlayerB,actor,Root,0.850000262,0,-2.026558E-07
1.26666665,PlayerB,driver,Root,0.728001,-0.5044665,-0.07950834
1.26666665,PlayerB,native,AnimatorRoot,0.728001,-0.5044665,-0.07950834
1.26666665,PlayerB,native,Hips,0.8255475,0.392747819,0.0122078583
1.26666665,PlayerB,native,Head,0.496404082,0.312081933,-0.3020425
1.26666665,PlayerB,native,Chest,0.679119349,0.4242655,-0.118984327
1.26666665,PlayerB,native,LeftHand,0.8102964,0.0273070931,-0.300607562
1.26666665,PlayerB,native,RightHand,0.329978824,0.0620797276,0.0548596159
1.26666665,PlayerB,native,LeftFoot,1.31244624,0.10962528,0.03040803
1.26666665,PlayerB,native,RightFoot,1.00092673,0.120213807,0.42909947
1.26666665,PlayerB,fighter,AnimatorRoot,0.850000262,0,-2.026558E-07
1.26666665,PlayerB,fighter,Hips,0.8255475,0.3927478,0.01220786
1.26666665,PlayerB,fighter,Head,0.327651262,0.248421237,-0.434117317
1.26666665,PlayerB,fighter,Chest,0.6203655,0.430086076,-0.1761796
1.26666665,PlayerB,fighter,LeftHand,0.8102963,0.0273071583,-0.300607651
1.26666665,PlayerB,fighter,RightHand,0.329978824,0.06207969,0.0548599735
1.26666665,PlayerB,fighter,LeftFoot,1.31244636,0.10962534,0.03040812
1.26666665,PlayerB,fighter,RightFoot,1.00092673,0.120213695,0.4290994
1.2833333,PlayerA,actor,Root,-0.85,0,0
1.2833333,PlayerA,driver,Root,-0.5591065,0.0274559334,0.420840979
1.2833333,PlayerA,native,AnimatorRoot,-0.5591065,0.0274559334,0.420840979
1.2833333,PlayerA,native,Hips,-0.601173043,0.8105356,0.3694629
1.2833333,PlayerA,native,Head,-0.475545466,1.29212463,0.5151199
1.2833333,PlayerA,native,Chest,-0.5558942,1.02190328,0.4019307
1.2833333,PlayerA,native,LeftHand,-0.635932565,0.871557,0.5875776
1.2833333,PlayerA,native,RightHand,-0.487937182,0.8651937,0.6175326
1.2833333,PlayerA,native,LeftFoot,-1.00579977,0.205099285,0.151871353
1.2833333,PlayerA,native,RightFoot,-0.3852199,0.113392286,0.337231755
1.2833333,PlayerA,fighter,AnimatorRoot,-0.85,0,0
1.2833333,PlayerA,fighter,Hips,-0.6011729,0.8105356,0.369462967
1.2833333,PlayerA,fighter,Head,-0.4759572,1.25254285,0.51702
1.2833333,PlayerA,fighter,Chest,-0.554687,1.0064472,0.3926861
1.2833333,PlayerA,fighter,LeftHand,-0.6359925,0.871898353,0.5865127
1.2833333,PlayerA,fighter,RightHand,-0.484998554,0.866328061,0.6149205
1.2833333,PlayerA,fighter,LeftFoot,-1.00579977,0.2050993,0.151871279
1.2833333,PlayerA,fighter,RightFoot,-0.385219932,0.113392167,0.337231666
1.2833333,PlayerB,actor,Root,0.850000262,0,-2.026558E-07
1.2833333,PlayerB,driver,Root,0.725569367,-0.5167751,-0.07936368
1.2833333,PlayerB,native,AnimatorRoot,0.725569367,-0.5167751,-0.07936368
1.2833333,PlayerB,native,Hips,0.818998635,0.389736652,0.008807436
1.2833333,PlayerB,native,Head,0.498675555,0.277693272,-0.298510015
1.2833333,PlayerB,native,Chest,0.671340346,0.4130882,-0.121491708
1.2833333,PlayerB,native,LeftHand,0.8098923,0.0268607736,-0.3002872
1.2833333,PlayerB,native,RightHand,0.3291158,0.06292355,0.0553843156
1.2833333,PlayerB,native,LeftFoot,1.31282878,0.108284414,0.0304329749
1.2833333,PlayerB,native,RightFoot,1.00098968,0.118057907,0.429531783
1.2833333,PlayerB,fighter,AnimatorRoot,0.850000262,0,-2.026558E-07
1.2833333,PlayerB,fighter,Hips,0.818998635,0.389736623,0.00880743749
1.2833333,PlayerB,fighter,Head,0.332038164,0.2032181,-0.429608762
1.2833333,PlayerB,fighter,Chest,0.6117943,0.413780123,-0.178546056
1.2833333,PlayerB,fighter,LeftHand,0.8098925,0.02686072,-0.300287336
1.2833333,PlayerB,fighter,RightHand,0.329115868,0.0629238,0.0553844348
1.2833333,PlayerB,fighter,LeftFoot,1.31282866,0.10828431,0.0304329451
1.2833333,PlayerB,fighter,RightFoot,1.00098968,0.118057817,0.429531783
1.3,PlayerA,actor,Root,-0.85,0,0
1.3,PlayerA,driver,Root,-0.545383036,0.03362562,0.432927847
1.3,PlayerA,native,AnimatorRoot,-0.545383036,0.03362562,0.432927847
1.3,PlayerA,native,Hips,-0.58984077,0.8171113,0.3864908
1.3,PlayerA,native,Head,-0.458677,1.3004241,0.5220515
1.3,PlayerA,native,Chest,-0.542902768,1.02865207,0.415593624
1.3,PlayerA,native,LeftHand,-0.6119207,0.887302637,0.6042019
1.3,PlayerA,native,RightHand,-0.45691812,0.878069341,0.637711346
1.3,PlayerA,native,LeftFoot,-0.9899025,0.208668783,0.1767562
1.3,PlayerA,native,RightFoot,-0.385249555,0.1134015,0.337249547
1.3,PlayerA,fighter,AnimatorRoot,-0.85,0,0
1.3,PlayerA,fighter,Hips,-0.5898407,0.8171113,0.386490941
1.3,PlayerA,fighter,Head,-0.459308445,1.26090753,0.5242879
1.3,PlayerA,fighter,Chest,-0.5422025,1.013167,0.406275541
1.3,PlayerA,fighter,LeftHand,-0.612035,0.8876111,0.603132546
1.3,PlayerA,fighter,RightHand,-0.4542509,0.8791785,0.6348127
1.3,PlayerA,fighter,LeftFoot,-0.989902556,0.208668754,0.176756084
1.3,PlayerA,fighter,RightFoot,-0.3852495,0.113401748,0.337249547
1.3,PlayerB,actor,Root,0.850000262,0,-2.026558E-07
1.3,PlayerB,driver,Root,0.725044549,-0.528658032,-0.07779159
1.3,PlayerB,native,AnimatorRoot,0.725044549,-0.528658032,-0.07779159
1.3,PlayerB,native,Hips,0.8143696,0.385981858,0.00737765664
1.3,PlayerB,native,Head,0.5048813,0.24666208,-0.29264766
1.3,PlayerB,native,Chest,0.666059852,0.402635872,-0.121843643
1.3,PlayerB,native,LeftHand,0.8092657,0.0269120336,-0.299903631
1.3,PlayerB,native,RightHand,0.328931034,0.05823618,0.05722902
1.3,PlayerB,native,LeftFoot,1.31303155,0.106773674,0.0303119775
1.3,PlayerB,native,RightFoot,1.00068831,0.115820765,0.430051
1.3,PlayerB,fighter,AnimatorRoot,0.850000262,0,-2.026558E-07
1.3,PlayerB,fighter,Hips,0.8143696,0.385981828,0.00737765664
1.3,PlayerB,fighter,Head,0.339965343,0.163500771,-0.423310369
1.3,PlayerB,fighter,Chest,0.6060022,0.398696452,-0.178703666
1.3,PlayerB,fighter,LeftHand,0.8092657,0.0269119553,-0.29990378
1.3,PlayerB,fighter,RightHand,0.3289311,0.0582363531,0.05722902
1.3,PlayerB,fighter,LeftFoot,1.31303167,0.106773719,0.0303120669
1.3,PlayerB,fighter,RightFoot,1.00068831,0.115820743,0.4300509
1.31666672,PlayerA,actor,Root,-0.85,0,0
1.31666672,PlayerA,driver,Root,-0.5332449,0.0389418751,0.44355762
1.31666672,PlayerA,native,AnimatorRoot,-0.5332449,0.0389418751,0.44355762
1.31666672,PlayerA,native,Hips,-0.580428958,0.822271049,0.401731968
1.31666672,PlayerA,native,Head,-0.444597363,1.3079344,0.525128365
1.31666672,PlayerA,native,Chest,-0.532483339,1.0341264,0.4271861
1.31666672,PlayerA,native,LeftHand,-0.5906559,0.90450567,0.617470264
1.31666672,PlayerA,native,RightHand,-0.422622234,0.8962086,0.6450939
1.31666672,PlayerA,native,LeftFoot,-0.9702535,0.210153237,0.208628029
1.31666672,PlayerA,native,RightFoot,-0.385696948,0.113435186,0.337703675
1.31666672,PlayerA,fighter,AnimatorRoot,-0.85,0,0
1.31666672,PlayerA,fighter,Hips,-0.5804289,0.822271049,0.4017321
1.31666672,PlayerA,fighter,Head,-0.4453093,1.2685883,0.5276332
1.31666672,PlayerA,fighter,Chest,-0.532327,1.01862776,0.417734861
1.31666672,PlayerA,fighter,LeftHand,-0.5908601,0.904758,0.6164013
1.31666672,PlayerA,fighter,RightHand,-0.420285,0.897316754,0.641922653
1.31666672,PlayerA,fighter,LeftFoot,-0.9702536,0.2101533,0.208628133
1.31666672,PlayerA,fighter,RightFoot,-0.385696948,0.113435172,0.337703556
1.31666672,PlayerB,actor,Root,0.850000262,0,-2.026558E-07
1.31666672,PlayerB,driver,Root,0.7256261,-0.537720144,-0.07600444
1.31666672,PlayerB,native,AnimatorRoot,0.7256261,-0.537720144,-0.07600444
1.31666672,PlayerB,native,Hips,0.811496258,0.382887065,0.007072734
1.31666672,PlayerB,native,Head,0.5120264,0.22359091,-0.287276715
1.31666672,PlayerB,native,Chest,0.662976,0.3943742,-0.121362105
1.31666672,PlayerB,native,LeftHand,0.8086253,0.0268064141,-0.299546182
1.31666672,PlayerB,native,RightHand,0.328399479,0.05714345,0.0579957142
1.31666672,PlayerB,native,LeftFoot,1.3133235,0.105223179,0.0302826818
1.31666672,PlayerB,native,RightFoot,1.00046051,0.113531709,0.4306732
1.31666672,PlayerB,fighter,AnimatorRoot,0.850000262,0,-2.026558E-07
1.31666672,PlayerB,fighter,Hips,0.811496258,0.382887065,0.007072734
1.31666672,PlayerB,fighter,Head,0.3487357,0.133953243,-0.418002
1.31666672,PlayerB,fighter,Chest,0.6027255,0.3868485,-0.178068757
1.31666672,PlayerB,fighter,LeftHand,0.8086252,0.0268064383,-0.299546421
1.31666672,PlayerB,fighter,RightHand,0.32839942,0.05714358,0.0579957142
1.31666672,PlayerB,fighter,LeftFoot,1.3133235,0.105223157,0.0302827116
1.31666672,PlayerB,fighter,RightFoot,1.00046062,0.113531716,0.430673242
1.33333337,PlayerA,actor,Root,-0.85,0,0
1.33333337,PlayerA,driver,Root,-0.522174954,0.0436368175,0.45374772
1.33333337,PlayerA,native,AnimatorRoot,-0.522174954,0.0436368175,0.45374772
1.33333337,PlayerA,native,Hips,-0.572016954,0.8264324,0.4162179
1.33333337,PlayerA,native,Head,-0.4327555,1.314883,0.5258461
1.33333337,PlayerA,native,Chest,-0.52365315,1.03870833,0.437797278
1.33333337,PlayerA,native,LeftHand,-0.5712898,0.923521,0.6306313
1.33333337,PlayerA,native,RightHand,-0.388018847,0.915688038,0.6482579
1.33333337,PlayerA,native,LeftFoot,-0.947596,0.210400477,0.246069
1.33333337,PlayerA,native,RightFoot,-0.386505276,0.113401026,0.3385539
1.33333337,PlayerA,fighter,AnimatorRoot,-0.85,0,0
1.33333337,PlayerA,fighter,Hips,-0.5720169,0.8264324,0.416218042
1.33333337,PlayerA,fighter,Head,-0.4334542,1.2757796,0.528574944
1.33333337,PlayerA,fighter,Chest,-0.52409333,1.02320433,0.428191841
1.33333337,PlayerA,fighter,LeftHand,-0.5716138,0.9236967,0.629578233
1.33333337,PlayerA,fighter,RightHand,-0.386095047,0.916752934,0.644806564
1.33333337,PlayerA,fighter,LeftFoot,-0.947596,0.210400492,0.246068746
1.33333337,PlayerA,fighter,RightFoot,-0.3865052,0.11340113,0.338553935
1.33333337,PlayerB,actor,Root,0.850000262,0,-2.026558E-07
1.33333337,PlayerB,driver,Root,0.7269626,-0.544282436,-0.07392602
1.33333337,PlayerB,native,AnimatorRoot,0.7269626,-0.544282436,-0.07392602
1.33333337,PlayerB,native,Hips,0.8104606,0.3804351,0.007998133
1.33333337,PlayerB,native,Head,0.518747568,0.207790732,-0.282439053
1.33333337,PlayerB,native,Chest,0.6619879,0.388266325,-0.119985707
1.33333337,PlayerB,native,LeftHand,0.8080403,0.0267264247,-0.2991116
1.33333337,PlayerB,native,RightHand,0.328358173,0.05574161,0.0588882342
1.33333337,PlayerB,native,LeftFoot,1.31368,0.10361439,0.0302056726
1.33333337,PlayerB,native,RightFoot,1.00025547,0.111200988,0.4313688
1.33333337,PlayerB,fighter,AnimatorRoot,0.850000262,0,-2.026558E-07
1.33333337,PlayerB,fighter,Hips,0.8104606,0.38043505,0.007998133
1.33333337,PlayerB,fighter,Head,0.3565904,0.114095859,-0.413633436
1.33333337,PlayerB,fighter,Chest,0.601710141,0.378225029,-0.176577911
1.33333337,PlayerB,fighter,LeftHand,0.8080404,0.0267264545,-0.299111933
1.33333337,PlayerB,fighter,RightHand,0.3283581,0.0557416379,0.0588881746
1.33333337,PlayerB,fighter,LeftFoot,1.31368017,0.103614308,0.0302056428
1.33333337,PlayerB,fighter,RightFoot,1.00025535,0.111200973,0.431368738
1.35,PlayerA,actor,Root,-0.85,0,0
1.35,PlayerA,driver,Root,-0.5115449,0.04797171,0.464607954
1.35,PlayerA,native,AnimatorRoot,-0.5115449,0.04797171,0.464607954
1.35,PlayerA,native,Hips,-0.5637006,0.8300169,0.430983663
1.35,PlayerA,native,Head,-0.4225323,1.32154691,0.5255666
1.35,PlayerA,native,Chest,-0.515445352,1.04278779,0.448443621
1.35,PlayerA,native,LeftHand,-0.5528313,0.944074869,0.645683646
1.35,PlayerA,native,RightHand,-0.352594078,0.933657765,0.6552268
1.35,PlayerA,native,LeftFoot,-0.922304153,0.2098847,0.288894534
1.35,PlayerA,native,RightFoot,-0.387940317,0.113414027,0.3399958
1.35,PlayerA,fighter,AnimatorRoot,-0.85,0,0
1.35,PlayerA,fighter,Hips,-0.5637005,0.8300169,0.430983782
1.35,PlayerA,fighter,Head,-0.423158169,1.28272831,0.528510153
1.35,PlayerA,fighter,Chest,-0.5165471,1.02727866,0.438704938
1.35,PlayerA,fighter,LeftHand,-0.553310156,0.944154859,0.644681
1.35,PlayerA,fighter,RightHand,-0.351145834,0.9345833,0.651513
1.35,PlayerA,fighter,LeftFoot,-0.922304034,0.209884748,0.288894534
1.35,PlayerA,fighter,RightFoot,-0.387940377,0.113413908,0.339995861
1.35,PlayerB,actor,Root,0.850000262,0,-2.026558E-07
1.35,PlayerB,driver,Root,0.7283134,-0.547398448,-0.0720261
1.35,PlayerB,native,AnimatorRoot,0.7283134,-0.547398448,-0.0720261
1.35,PlayerB,native,Hips,0.811259031,0.379212677,0.009966435
1.35,PlayerB,native,Head,0.522544,0.201201081,-0.27933237
1.35,PlayerB,native,Chest,0.662976265,0.385015965,-0.118176505
1.35,PlayerB,native,LeftHand,0.8073196,0.0267338753,-0.2987066
1.35,PlayerB,native,RightHand,0.3284486,0.05557388,0.0586547628
1.35,PlayerB,native,LeftFoot,1.3139782,0.101920426,0.0301780459
1.35,PlayerB,native,RightFoot,0.9999202,0.108812034,0.43215093
1.35,PlayerB,fighter,AnimatorRoot,0.850000262,0,-2.026558E-07
1.35,PlayerB,fighter,Hips,0.811259031,0.379212648,0.009966435
1.35,PlayerB,fighter,Head,0.360894531,0.1063254,-0.411246836
1.35,PlayerB,fighter,Chest,0.602767766,0.3738881,-0.1747054
1.35,PlayerB,fighter,LeftHand,0.8073197,0.02673388,-0.2987067
1.35,PlayerB,fighter,RightHand,0.328448474,0.0555738248,0.0586547628
1.35,PlayerB,fighter,LeftFoot,1.3139782,0.101920389,0.0301780757
1.35,PlayerB,fighter,RightFoot,0.999920249,0.1088119,0.432150871
1.35287368,PlayerA,actor,Root,-0.85,0,0
1.35287368,PlayerA,driver,Root,-0.509781957,0.048677,0.466509968
1.35287368,PlayerA,native,AnimatorRoot,-0.509781957,0.048677,0.466509968
1.35287368,PlayerA,native,Hips,-0.5623131,0.830564141,0.433525
1.35287368,PlayerA,native,Head,-0.4209963,1.32265222,0.525398254
1.35287368,PlayerA,native,Chest,-0.5141359,1.04342759,0.450258255
1.35287368,PlayerA,native,LeftHand,-0.5497469,0.9478225,0.6484425
1.35287368,PlayerA,native,RightHand,-0.346485078,0.9366826,0.6564635
1.35287368,PlayerA,native,LeftFoot,-0.917573035,0.209732682,0.296721637
1.35287368,PlayerA,native,RightFoot,-0.38825,0.113405868,0.340337545
1.35287368,PlayerA,fighter,AnimatorRoot,-0.85,0,0
1.35287368,PlayerA,fighter,Hips,-0.562313,0.830564141,0.4335251
1.35287368,PlayerA,fighter,Head,-0.4216033,1.28388715,0.5283767
1.35287368,PlayerA,fighter,Chest,-0.5153584,1.0279175,0.4404993
1.35287368,PlayerA,fighter,LeftHand,-0.5502544,0.947885036,0.647453547
1.35287368,PlayerA,fighter,RightHand,-0.345123649,0.9375769,0.6527094
1.35287368,PlayerA,fighter,LeftFoot,-0.917573,0.209732726,0.296721727
1.35287368,PlayerA,fighter,RightFoot,-0.388250142,0.113405563,0.340337455
1.35287368,PlayerB,actor,Root,0.850000262,0,-2.026558E-07
1.35287368,PlayerB,driver,Root,0.728577256,-0.5476611,-0.0716904253
1.35287368,PlayerB,native,AnimatorRoot,0.728577256,-0.5476611,-0.0716904253
1.35287368,PlayerB,native,Hips,0.811586559,0.379098833,0.0104160253
1.35287368,PlayerB,native,Head,0.5229801,0.20079416,-0.278913975
1.35287368,PlayerB,native,Chest,0.6633434,0.384698868,-0.117800422
1.35287368,PlayerB,native,LeftHand,0.8072089,0.026727736,-0.29863137
1.35287368,PlayerB,native,RightHand,0.328466,0.0556139946,0.058742322
1.35287368,PlayerB,native,LeftFoot,1.31404459,0.101635695,0.0301635321
1.35287368,PlayerB,native,RightFoot,0.99988,0.108408272,0.4322873
1.35287368,PlayerB,fighter,AnimatorRoot,0.850000262,0,-2.026558E-07
1.35287368,PlayerB,fighter,Hips,0.811586559,0.3790988,0.0104160253
1.35287368,PlayerB,fighter,Head,0.3613652,0.1059713,-0.410999954
1.35287368,PlayerB,fighter,Chest,0.603149951,0.3735025,-0.174324036
1.35287368,PlayerB,fighter,LeftHand,0.807208955,0.0267276634,-0.298631638
1.35287368,PlayerB,fighter,RightHand,0.32846576,0.0556142144,0.05874244
1.35287368,PlayerB,fighter,LeftFoot,1.31404471,0.101635672,0.0301636215
1.35287368,PlayerB,fighter,RightFoot,0.9998801,0.108408228,0.432287276
1.36666667,PlayerA,actor,Root,-0.85,0,0
1.36666667,PlayerA,driver,Root,-0.501679063,0.05193846,0.4757413
1.36666667,PlayerA,native,AnimatorRoot,-0.501679063,0.05193846,0.4757413
1.36666667,PlayerA,native,Hips,-0.5557456,0.832960069,0.4456906
1.36666667,PlayerA,native,Head,-0.4145932,1.32779253,0.5243789
1.36666667,PlayerA,native,Chest,-0.508214355,1.04629242,0.458955973
1.36666667,PlayerA,native,LeftHand,-0.5350279,0.967134356,0.66342926
1.36666667,PlayerA,native,RightHand,-0.318604469,0.95009464,0.662509859
1.36666667,PlayerA,native,LeftFoot,-0.894525766,0.208803982,0.335615426
1.36666667,PlayerA,native,RightFoot,-0.389871866,0.113400787,0.342048764
1.36666667,PlayerA,fighter,AnimatorRoot,-0.85,0,0
1.36666667,PlayerA,fighter,Hips,-0.555745542,0.832960069,0.445690751
1.36666667,PlayerA,fighter,Head,-0.415076733,1.28929615,0.5275089
1.36666667,PlayerA,fighter,Chest,-0.5100318,1.03077769,0.4491141
1.36666667,PlayerA,fighter,LeftHand,-0.535666466,0.96711725,0.6625187
1.36666667,PlayerA,fighter,RightHand,-0.317661941,0.950811565,0.6585926
1.36666667,PlayerA,fighter,LeftFoot,-0.8945257,0.208804086,0.335615337
1.36666667,PlayerA,fighter,RightFoot,-0.3898719,0.1134007,0.342048734
1.36666667,PlayerB,actor,Root,0.850000262,0,-2.026558E-07
1.36666667,PlayerB,driver,Root,0.730046034,-0.5484769,-0.06987889
1.36666667,PlayerB,native,AnimatorRoot,0.730046034,-0.5484769,-0.06987889
1.36666667,PlayerB,native,Hips,0.813729048,0.378594875,0.0130356569
1.36666667,PlayerB,native,Head,0.5248653,0.200229108,-0.27688387
1.36666667,PlayerB,native,Chest,0.6657051,0.3836354,-0.115618087
1.36666667,PlayerB,native,LeftHand,0.80666393,0.0267061,-0.298269063
1.36666667,PlayerB,native,RightHand,0.328573525,0.055749,0.0591247454
1.36666667,PlayerB,native,LeftFoot,1.31437147,0.10024327,0.0300921556
1.36666667,PlayerB,native,RightFoot,0.999672234,0.106452405,0.43296513
1.36666667,PlayerB,fighter,AnimatorRoot,0.850000262,0,-2.026558E-07
1.36666667,PlayerB,fighter,Hips,0.813729048,0.378594846,0.0130356606
1.36666667,PlayerB,fighter,Head,0.36321345,0.106359616,-0.409975559
1.36666667,PlayerB,fighter,Chest,0.605578542,0.372370839,-0.172133476
1.36666667,PlayerB,fighter,LeftHand,0.80666393,0.0267059673,-0.298269123
1.36666667,PlayerB,fighter,RightHand,0.328573525,0.05574894,0.059124805
1.36666667,PlayerB,fighter,LeftFoot,1.31437147,0.100243218,0.030092245
1.36666667,PlayerB,fighter,RightFoot,0.999672234,0.106452309,0.43296513
1.38333333,PlayerA,actor,Root,-0.85,0,0
1.38333333,PlayerA,driver,Root,-0.492672,0.05560169,0.487146229
1.38333333,PlayerA,native,AnimatorRoot,-0.492672,0.05560169,0.487146229
1.38333333,PlayerA,native,Hips,-0.5480912,0.835339546,0.46023342
1.38333333,PlayerA,native,Head,-0.4091975,1.33362293,0.5226528
1.38333333,PlayerA,native,Chest,-0.501947463,1.04929,0.4693641
1.38333333,PlayerA,native,LeftHand,-0.5164753,0.993824,0.684874535
1.38333333,PlayerA,native,RightHand,-0.287332833,0.9637687,0.6714109
1.38333333,PlayerA,native,LeftFoot,-0.8652364,0.206964269,0.3860231
1.38333333,PlayerA,native,RightFoot,-0.392158151,0.113427266,0.344355017
1.38333333,PlayerA,fighter,AnimatorRoot,-0.85,0,0
1.38333333,PlayerA,fighter,Hips,-0.5480911,0.835339546,0.460233569
1.38333333,PlayerA,fighter,Head,-0.4094651,1.29547572,0.5259342
1.38333333,PlayerA,fighter,Chest,-0.504523039,1.03376663,0.459464818
1.38333333,PlayerA,fighter,LeftHand,-0.517257333,0.993717134,0.6840928
1.38333333,PlayerA,fighter,RightHand,-0.286887228,0.9642152,0.6673677
1.38333333,PlayerA,fighter,LeftFoot,-0.865236342,0.206964448,0.3860231
1.38333333,PlayerA,fighter,RightFoot,-0.3921582,0.113427117,0.344355017
1.38333333,PlayerB,actor,Root,0.850000262,0,-2.026558E-07
1.38333333,PlayerB,driver,Root,0.732417,-0.548601151,-0.06706274
1.38333333,PlayerB,native,AnimatorRoot,0.732417,-0.548601151,-0.06706274
1.38333333,PlayerB,native,Hips,0.817771852,0.377889931,0.0174800325
1.38333333,PlayerB,native,Head,0.5269546,0.202529311,-0.274149448
1.38333333,PlayerB,native,Chest,0.670100451,0.383262634,-0.111899361
1.38333333,PlayerB,native,LeftHand,0.805930436,0.0267404318,-0.2978404
1.38333333,PlayerB,native,RightHand,0.328691125,0.0557251573,0.059196867
1.38333333,PlayerB,native,LeftFoot,1.31473315,0.09849846,0.0300325211
1.38333333,PlayerB,native,RightFoot,0.999333,0.1040504,0.433844119
1.38333333,PlayerB,fighter,AnimatorRoot,0.850000262,0,-2.026558E-07
1.38333333,PlayerB,fighter,Hips,0.817771852,0.3778899,0.0174800362
1.38333333,PlayerB,fighter,Head,0.364773661,0.111552536,-0.408972621
1.38333333,PlayerB,fighter,Chest,0.610044241,0.372507364,-0.168453932
1.38333333,PlayerB,fighter,LeftHand,0.8059306,0.0267404318,-0.297840655
1.38333333,PlayerB,fighter,RightHand,0.3286909,0.05572503,0.059196867
1.38333333,PlayerB,fighter,LeftFoot,1.31473327,0.09849835,0.0300324913
1.38333333,PlayerB,fighter,RightFoot,0.999333,0.104050338,0.4338441
1.4,PlayerA,actor,Root,-0.85,0,0
1.4,PlayerA,driver,Root,-0.4845866,0.05900389,0.498743176
1.4,PlayerA,native,AnimatorRoot,-0.4845866,0.05900389,0.498743176
1.4,PlayerA,native,Hips,-0.5408069,0.8371455,0.4746506
1.4,PlayerA,native,Head,-0.406567484,1.33893847,0.520897865
1.4,PlayerA,native,Chest,-0.4967075,1.05175352,0.479824483
1.4,PlayerA,native,LeftHand,-0.4972588,1.02453661,0.7077397
1.4,PlayerA,native,RightHand,-0.258628845,0.975649953,0.68034
1.4,PlayerA,native,LeftFoot,-0.8343657,0.204604685,0.438575625
1.4,PlayerA,native,RightFoot,-0.394746,0.113400273,0.347107977
1.4,PlayerA,fighter,AnimatorRoot,-0.85,0,0
1.4,PlayerA,fighter,Hips,-0.54080683,0.8371455,0.474650741
1.4,PlayerA,fighter,Head,-0.4065976,1.30117166,0.524287045
1.4,PlayerA,fighter,Chest,-0.500094235,1.03621984,0.469925642
1.4,PlayerA,fighter,LeftHand,-0.498153329,1.024361,0.707106054
1.4,PlayerA,fighter,RightHand,-0.258633435,0.9758064,0.6762507
1.4,PlayerA,fighter,LeftFoot,-0.8343658,0.20460473,0.438575536
1.4,PlayerA,fighter,RightFoot,-0.394745946,0.113400415,0.347107977
1.4,PlayerB,actor,Root,0.850000262,0,-2.026558E-07
1.4,PlayerB,driver,Root,0.7350198,-0.547801554,-0.0640350059
1.4,PlayerB,native,AnimatorRoot,0.7350198,-0.547801554,-0.0640350059
1.4,PlayerB,native,Hips,0.8226426,0.377356827,0.0225170031
1.4,PlayerB,native,Head,0.5285109,0.207461834,-0.271501154
1.4,PlayerB,native,Chest,0.6753571,0.383779943,-0.10770721
1.4,PlayerB,native,LeftHand,0.805191934,0.026819706,-0.2974096
1.4,PlayerB,native,RightHand,0.328776062,0.05575043,0.0593535677
1.4,PlayerB,native,LeftFoot,1.31508541,0.09675956,0.0299745556
1.4,PlayerB,native,RightFoot,0.998981953,0.101674139,0.434751183
1.4,PlayerB,fighter,AnimatorRoot,0.850000262,0,-2.026558E-07
1.4,PlayerB,fighter,Hips,0.8226426,0.3773568,0.022517005
1.4,PlayerB,fighter,Head,0.365581185,0.120508052,-0.408254057
1.4,PlayerB,fighter,Chest,0.6153609,0.373990119,-0.164320469
1.4,PlayerB,fighter,LeftHand,0.805192053,0.0268196631,-0.297409743
1.4,PlayerB,fighter,RightHand,0.328776,0.0557503141,0.0593536869
1.4,PlayerB,fighter,LeftFoot,1.31508553,0.09675951,0.0299746748
1.4,PlayerB,fighter,RightFoot,0.998981953,0.101674072,0.434751183
1.41666663,PlayerA,actor,Root,-0.85,0,0
1.41666663,PlayerA,driver,Root,-0.477566481,0.0621092767,0.5104485
1.41666663,PlayerA,native,AnimatorRoot,-0.477566481,0.0621092767,0.5104485
1.41666663,PlayerA,native,Hips,-0.5337529,0.8384949,0.48887524
1.41666663,PlayerA,native,Head,-0.4066103,1.343759,0.519631
1.41666663,PlayerA,native,Chest,-0.49232626,1.05378115,0.490425348
1.41666663,PlayerA,native,LeftHand,-0.477317125,1.0601238,0.72979784
1.41666663,PlayerA,native,RightHand,-0.23701489,0.9780659,0.687209666
1.41666663,PlayerA,native,LeftFoot,-0.8029331,0.201737314,0.493137777
1.41666663,PlayerA,native,RightFoot,-0.39756313,0.113405317,0.349992573
1.41666663,PlayerA,fighter,AnimatorRoot,-0.85,0,0
1.41666663,PlayerA,fighter,Hips,-0.533752859,0.8384949,0.4888754
1.41666663,PlayerA,fighter,Head,-0.4063523,1.30638444,0.5230831
1.41666663,PlayerA,fighter,Chest,-0.49654606,1.03823054,0.480597
1.41666663,PlayerA,fighter,LeftHand,-0.478285819,1.0599041,0.7293029
1.41666663,PlayerA,fighter,RightHand,-0.237406254,0.9779482,0.6831383
1.41666663,PlayerA,fighter,LeftFoot,-0.8029331,0.20173721,0.4931378
1.41666663,PlayerA,fighter,RightFoot,-0.39756304,0.11340528,0.3499926
1.41666663,PlayerB,actor,Root,0.850000262,0,-2.026558E-07
1.41666663,PlayerB,driver,Root,0.737635851,-0.546351433,-0.0610386133
1.41666663,PlayerB,native,AnimatorRoot,0.737635851,-0.546351433,-0.0610386133
1.41666663,PlayerB,native,Hips,0.8277665,0.3770554,0.02763294
1.41666663,PlayerB,native,Head,0.5296621,0.2140094,-0.26899302
1.41666663,PlayerB,native,Chest,0.6808733,0.384925783,-0.1034541
1.41666663,PlayerB,native,LeftHand,0.8044465,0.02690661,-0.296976149
1.41666663,PlayerB,native,RightHand,0.328904033,0.05572349,0.0595442429
1.41666663,PlayerB,native,LeftFoot,1.31546021,0.09499812,0.0299037751
1.41666663,PlayerB,native,RightFoot,0.99862206,0.09929621,0.4356878
1.41666663,PlayerB,fighter,AnimatorRoot,0.850000262,0,-2.026558E-07
1.41666663,PlayerB,fighter,Hips,0.8277665,0.3770554,0.02763295
1.41666663,PlayerB,fighter,Head,0.365958422,0.131550774,-0.407634258
1.41666663,PlayerB,fighter,Chest,0.620929658,0.37634173,-0.160122961
1.41666663,PlayerB,fighter,LeftHand,0.804446757,0.0269065313,-0.296976358
1.41666663,PlayerB,fighter,RightHand,0.328904152,0.05572349,0.05954442
1.41666663,PlayerB,fighter,LeftFoot,1.31546021,0.09499813,0.0299038049
1.41666663,PlayerB,fighter,RightFoot,0.998622,0.0992961451,0.4356878
1.43333328,PlayerA,actor,Root,-0.85,0,0
1.43333328,PlayerA,driver,Root,-0.4714637,0.0652174056,0.5222734
1.43333328,PlayerA,native,AnimatorRoot,-0.4714637,0.0652174056,0.5222734
1.43333328,PlayerA,native,Hips,-0.5269797,0.8394395,0.502841949
1.43333328,PlayerA,native,Head,-0.4091996,1.348029,0.5192561
1.43333328,PlayerA,native,Chest,-0.4887567,1.05539942,0.501201034
1.43333328,PlayerA,native,LeftHand,-0.457291752,1.10029292,0.7496908
1.43333328,PlayerA,native,RightHand,-0.218867958,0.9902592,0.695908666
1.43333328,PlayerA,native,LeftFoot,-0.770784438,0.19853507,0.548132062
1.43333328,PlayerA,native,RightFoot,-0.4005244,0.113400266,0.353105843
1.43333328,PlayerA,fighter,AnimatorRoot,-0.85,0,0
1.43333328,PlayerA,fighter,Hips,-0.5269797,0.8394395,0.502842069
1.43333328,PlayerA,fighter,Head,-0.408614248,1.3110491,0.522721648
1.43333328,PlayerA,fighter,Chest,-0.493816555,1.03982294,0.4915191
1.43333328,PlayerA,fighter,LeftHand,-0.4583065,1.10005,0.749311566
1.43333328,PlayerA,fighter,RightHand,-0.219533563,0.9899069,0.691886365
1.43333328,PlayerA,fighter,LeftFoot,-0.7707844,0.198535353,0.548132062
1.43333328,PlayerA,fighter,RightFoot,-0.400524318,0.113400511,0.353105873
1.43333328,PlayerB,actor,Root,0.850000262,0,-2.026558E-07
1.43333328,PlayerB,driver,Root,0.7399584,-0.544603765,-0.0582948774
1.43333328,PlayerB,native,AnimatorRoot,0.7399584,-0.544603765,-0.0582948774
1.43333328,PlayerB,native,Hips,0.8325316,0.376971364,0.03230848
1.43333328,PlayerB,native,Head,0.530358,0.220998526,-0.2666281
1.43333328,PlayerB,native,Chest,0.685985565,0.386359453,-0.09954668
1.43333328,PlayerB,native,LeftHand,0.8036764,0.0270335674,-0.2965645
1.43333328,PlayerB,native,RightHand,0.3289773,0.0557497144,0.0595850125
1.43333328,PlayerB,native,LeftFoot,1.31580281,0.09325975,0.0298565384
1.43333328,PlayerB,native,RightFoot,0.9982284,0.09696436,0.4366403
1.43333328,PlayerB,fighter,AnimatorRoot,0.850000262,0,-2.026558E-07
1.43333328,PlayerB,fighter,Hips,0.8325316,0.376971334,0.03230848
1.43333328,PlayerB,fighter,Head,0.3659809,0.142819852,-0.406866968
1.43333328,PlayerB,fighter,Chest,0.626072049,0.379003316,-0.156235248
1.43333328,PlayerB,fighter,LeftHand,0.803676546,0.0270335786,-0.296564728
1.43333328,PlayerB,fighter,RightHand,0.3289774,0.0557498559,0.05958513
1.43333328,PlayerB,fighter,LeftFoot,1.31580293,0.09325977,0.029856598
1.43333328,PlayerB,fighter,RightFoot,0.998228431,0.09696434,0.436640263
1.45,PlayerA,actor,Root,-0.85,0,0
1.45,PlayerA,driver,Root,-0.466209263,0.0686935037,0.5341456
1.45,PlayerA,native,AnimatorRoot,-0.466209263,0.0686935037,0.5341456
1.45,PlayerA,native,Hips,-0.520414233,0.839980066,0.5165514
1.45,PlayerA,native,Head,-0.4140831,1.35167348,0.5202589
1.45,PlayerA,native,Chest,-0.485860318,1.05659449,0.512266636
1.45,PlayerA,native,LeftHand,-0.438481152,1.14508045,0.7651772
1.45,PlayerA,native,RightHand,-0.204179347,1.036469,0.7035036
1.45,PlayerA,native,LeftFoot,-0.738987863,0.194971368,0.603401542
1.45,PlayerA,native,RightFoot,-0.403591275,0.113371745,0.356196076
1.45,PlayerA,fighter,AnimatorRoot,-0.85,0,0
1.45,PlayerA,fighter,Hips,-0.5204142,0.839980066,0.5165515
1.45,PlayerA,fighter,Head,-0.413155824,1.31508946,0.523682952
1.45,PlayerA,fighter,Chest,-0.4917578,1.040984,0.5028081
1.45,PlayerA,fighter,LeftHand,-0.439518571,1.1448307,0.7648709
1.45,PlayerA,fighter,RightHand,-0.205069125,1.0359509,0.6995431
1.45,PlayerA,fighter,LeftFoot,-0.7389878,0.194971517,0.6034015
1.45,PlayerA,fighter,RightFoot,-0.403591216,0.113371804,0.356196135
1.45,PlayerB,actor,Root,0.850000262,0,-2.026558E-07
1.45,PlayerB,driver,Root,0.7416628,-0.5430398,-0.0561102256
1.45,PlayerB,native,AnimatorRoot,0.7416628,-0.5430398,-0.0561102256
1.45,PlayerB,native,Hips,0.8362047,0.37714982,0.03587902
1.45,PlayerB,native,Head,0.5305967,0.226787031,-0.264516741
1.45,PlayerB,native,Chest,0.6898862,0.387675047,-0.0965218
1.45,PlayerB,native,LeftHand,0.802924752,0.02717352,-0.296156
1.45,PlayerB,native,RightHand,0.329080462,0.05575806,0.0597139373
1.45,PlayerB,native,LeftFoot,1.31615174,0.0915342,0.02979893
1.45,PlayerB,native,RightFoot,0.997841,0.09466392,0.437591463
1.45,PlayerB,fighter,AnimatorRoot,0.850000262,0,-2.026558E-07
1.45,PlayerB,fighter,Hips,0.8362047,0.377149761,0.0358790234
1.45,PlayerB,fighter,Head,0.365744263,0.151777551,-0.4057879
1.45,PlayerB,fighter,Chest,0.6299586,0.381271869,-0.153167173
1.45,PlayerB,fighter,LeftHand,0.802924752,0.027173603,-0.2961561
1.45,PlayerB,fighter,RightHand,0.3290804,0.0557583272,0.0597140566
1.45,PlayerB,fighter,LeftFoot,1.31615186,0.091534324,0.02979905
1.45,PlayerB,fighter,RightFoot,0.997840941,0.0946638361,0.437591344
1.4666667,PlayerA,actor,Root,-0.85,0,0
1.4666667,PlayerA,driver,Root,-0.461710423,0.0723042861,0.5462322
1.4666667,PlayerA,native,AnimatorRoot,-0.461710423,0.0723042861,0.5462322
1.4666667,PlayerA,native,Hips,-0.514043331,0.8402933,0.530006647
1.4666667,PlayerA,native,Head,-0.420825839,1.35477567,0.5229413
1.4666667,PlayerA,native,Chest,-0.48347804,1.057519,0.5236652
1.4666667,PlayerA,native,LeftHand,-0.4211089,1.19276774,0.777657
1.4666667,PlayerA,native,RightHand,-0.19371748,1.09707332,0.7096104
1.4666667,PlayerA,native,LeftFoot,-0.7074561,0.191320628,0.6574647
1.4666667,PlayerA,native,RightFoot,-0.406604439,0.113399744,0.359417021
1.4666667,PlayerA,fighter,AnimatorRoot,-0.85,0,0
1.4666667,PlayerA,fighter,Hips,-0.514043331,0.840293348,0.5300069
1.4666667,PlayerA,fighter,Head,-0.419556051,1.31858075,0.5262742
1.4666667,PlayerA,fighter,Chest,-0.490195453,1.04186475,0.5145068
1.4666667,PlayerA,fighter,LeftHand,-0.422159523,1.19252229,0.7773956
1.4666667,PlayerA,fighter,RightHand,-0.194838583,1.096433,0.705727339
1.4666667,PlayerA,fighter,LeftFoot,-0.7074562,0.191320568,0.657464564
1.4666667,PlayerA,fighter,RightFoot,-0.4066044,0.113399647,0.359417
1.4666667,PlayerB,actor,Root,0.850000262,0,-2.026558E-07
1.4666667,PlayerB,driver,Root,0.74258393,-0.5415482,-0.0544724762
1.4666667,PlayerB,native,AnimatorRoot,0.74258393,-0.5415482,-0.0544724762
1.4666667,PlayerB,native,Hips,0.838726,0.377688825,0.0382760726
1.4666667,PlayerB,native,Head,0.5299243,0.231545627,-0.262519628
1.4666667,PlayerB,native,Chest,0.692462742,0.3890254,-0.09440732
1.4666667,PlayerB,native,LeftHand,0.8021705,0.0273125172,-0.295762122
1.4666667,PlayerB,native,RightHand,0.329189479,0.05575019,0.059830524
1.4666667,PlayerB,native,LeftFoot,1.316504,0.0898425,0.029740816
1.4666667,PlayerB,native,RightFoot,0.9974549,0.09242147,0.4385439
1.4666667,PlayerB,fighter,AnimatorRoot,0.850000262,0,-2.026558E-07
1.4666667,PlayerB,fighter,Hips,0.838726,0.3776888,0.0382760763
1.4666667,PlayerB,fighter,Head,0.364698678,0.158528537,-0.404150218
1.4666667,PlayerB,fighter,Chest,0.632434964,0.3833309,-0.150912836
1.4666667,PlayerB,fighter,LeftHand,0.8021706,0.0273125414,-0.2957623
1.4666667,PlayerB,fighter,RightHand,0.329189539,0.05575019,0.059830524
1.4666667,PlayerB,fighter,LeftFoot,1.316504,0.08984255,0.0297408756
1.4666667,PlayerB,fighter,RightFoot,0.9974548,0.09242151,0.4385439
1.47586215,PlayerA,actor,Root,-0.85,0,0
1.47586215,PlayerA,driver,Root,-0.459508926,0.07429474,0.55311203
1.47586215,PlayerA,native,AnimatorRoot,-0.459508926,0.07429474,0.55311203
1.47586215,PlayerA,native,Hips,-0.5105787,0.8403633,0.5373175
1.47586215,PlayerA,native,Head,-0.42512694,1.35622227,0.525266051
1.47586215,PlayerA,native,Chest,-0.48229745,1.05790138,0.530119538
1.47586215,PlayerA,native,LeftHand,-0.41163978,1.22073174,0.784163
1.47586215,PlayerA,native,RightHand,-0.188762069,1.133346,0.715817869
1.47586215,PlayerA,native,LeftFoot,-0.691012,0.18924135,0.685934842
1.47586215,PlayerA,native,RightFoot,-0.40822047,0.113421991,0.361165255
1.47586215,PlayerA,fighter,AnimatorRoot,-0.85,0,0
1.47586215,PlayerA,fighter,Hips,-0.510578632,0.8403633,0.537317753
1.47586215,PlayerA,fighter,Head,-0.42367205,1.32023621,0.528526664
1.47586215,PlayerA,fighter,Chest,-0.4894524,1.04221916,0.521155953
1.47586215,PlayerA,fighter,LeftHand,-0.4126948,1.22049069,0.783916831
1.47586215,PlayerA,fighter,RightHand,-0.1900056,1.13265121,0.711982
1.47586215,PlayerA,fighter,LeftFoot,-0.691012,0.189241514,0.6859349
1.47586215,PlayerA,fighter,RightFoot,-0.4082204,0.113422208,0.3611652
1.47586215,PlayerB,actor,Root,0.850000262,0,-2.026558E-07
1.47586215,PlayerB,driver,Root,0.742569864,-0.540817559,-0.05387905
1.47586215,PlayerB,native,AnimatorRoot,0.742569864,-0.540817559,-0.05387905
1.47586215,PlayerB,native,Hips,0.8393851,0.378200769,0.0388750359
1.47586215,PlayerB,native,Head,0.5289054,0.233400822,-0.2614083
1.47586215,PlayerB,native,Chest,0.6930305,0.389758945,-0.0937913
1.47586215,PlayerB,native,LeftHand,0.8017606,0.0273984671,-0.295553744
1.47586215,PlayerB,native,RightHand,0.329244435,0.055758,0.0598770157
1.47586215,PlayerB,native,LeftFoot,1.31668806,0.0889338851,0.029715931
1.47586215,PlayerB,native,RightFoot,0.9972409,0.09121847,0.439061552
1.47586215,PlayerB,fighter,AnimatorRoot,0.850000262,0,-2.026558E-07
1.47586215,PlayerB,fighter,Hips,0.8393851,0.37820074,0.0388750434
1.47586215,PlayerB,fighter,Head,0.363501847,0.160709113,-0.4027933
1.47586215,PlayerB,fighter,Chest,0.6328812,0.384289,-0.150149792
1.47586215,PlayerB,fighter,LeftHand,0.8017608,0.02739824,-0.295553833
1.47586215,PlayerB,fighter,RightHand,0.329244316,0.0557582863,0.0598772541
1.47586215,PlayerB,fighter,LeftFoot,1.316688,0.0889339,0.02971596
1.47586215,PlayerB,fighter,RightFoot,0.997240961,0.09121848,0.4390616
1.48333335,PlayerA,actor,Root,-0.85,0,0
1.48333335,PlayerA,driver,Root,-0.45787856,0.07592328,0.558794
1.48333335,PlayerA,native,AnimatorRoot,-0.45787856,0.07592328,0.558794
1.48333335,PlayerA,native,Hips,-0.5077723,0.8403259,0.5431977
1.48333335,PlayerA,native,Head,-0.4289053,1.35722232,0.527593732
1.48333335,PlayerA,native,Chest,-0.481393218,1.05810559,0.5354478
1.48333335,PlayerA,native,LeftHand,-0.4042573,1.24444258,0.7884164
1.48333335,PlayerA,native,RightHand,-0.186484337,1.16570556,0.720873535
1.48333335,PlayerA,native,LeftFoot,-0.67806685,0.187477544,0.7089421
1.48333335,PlayerA,native,RightFoot,-0.4095213,0.113413677,0.362528384
1.48333335,PlayerA,fighter,AnimatorRoot,-0.85,0,0
1.48333335,PlayerA,fighter,Hips,-0.5077722,0.840325952,0.543197751
1.48333335,PlayerA,fighter,Head,-0.4273056,1.32140732,0.5307822
1.48333335,PlayerA,fighter,Chest,-0.488896251,1.04239857,0.52665776
1.48333335,PlayerA,fighter,LeftHand,-0.405314535,1.24420369,0.788177967
1.48333335,PlayerA,fighter,RightHand,-0.187824726,1.16497469,0.7170772
1.48333335,PlayerA,fighter,LeftFoot,-0.67806685,0.187477455,0.7089422
1.48333335,PlayerA,fighter,RightFoot,-0.4095214,0.113413863,0.3625284
1.48333335,PlayerB,actor,Root,0.850000262,0,-2.026558E-07
1.48333335,PlayerB,driver,Root,0.7423175,-0.5402646,-0.053547617
1.48333335,PlayerB,native,AnimatorRoot,0.7423175,-0.5402646,-0.053547617
1.48333335,PlayerB,native,Hips,0.8395798,0.3787232,0.0390190631
1.48333335,PlayerB,native,Head,0.5277784,0.2345509,-0.260513216
1.48333335,PlayerB,native,Chest,0.6930937,0.390356719,-0.09355296
1.48333335,PlayerB,native,LeftHand,0.80143714,0.0274723172,-0.2953847
1.48333335,PlayerB,native,RightHand,0.329296,0.05575961,0.05993376
1.48333335,PlayerB,native,LeftFoot,1.31683612,0.0881980658,0.0296908673
1.48333335,PlayerB,native,RightFoot,0.9970696,0.0902472138,0.4394748
1.48333335,PlayerB,fighter,AnimatorRoot,0.850000262,0,-2.026558E-07
1.48333335,PlayerB,fighter,Hips,0.8395798,0.378723145,0.03901907
1.48333335,PlayerB,fighter,Head,0.362239271,0.1617615,-0.401489347
1.48333335,PlayerB,fighter,Chest,0.6328151,0.384991646,-0.1497602
1.48333335,PlayerB,fighter,LeftHand,0.8014372,0.0274723824,-0.295385
1.48333335,PlayerB,fighter,RightHand,0.329295933,0.0557597876,0.0599337
1.48333335,PlayerB,fighter,LeftFoot,1.31683612,0.08819803,0.0296908375
1.48333335,PlayerB,fighter,RightFoot,0.9970696,0.090247,0.439474881
1.5,PlayerA,actor,Root,-0.85,0,0
1.5,PlayerA,driver,Root,-0.454633027,0.07959566,0.5714774
1.5,PlayerA,native,AnimatorRoot,-0.454633027,0.07959566,0.5714774
1.5,PlayerA,native,Hips,-0.501776934,0.8401579,0.5558892
1.5,PlayerA,native,Head,-0.4379575,1.35904,0.534009337
1.5,PlayerA,native,Chest,-0.479627669,1.05841875,0.547343135
1.5,PlayerA,native,LeftHand,-0.388856739,1.29653013,0.7961986
1.5,PlayerA,native,RightHand,-0.185106635,1.23707163,0.7312673
1.5,PlayerA,native,LeftFoot,-0.6480512,0.183688611,0.7597551
1.5,PlayerA,native,RightFoot,-0.412382126,0.113399535,0.365415365
1.5,PlayerA,fighter,AnimatorRoot,-0.85,0,0
1.5,PlayerA,fighter,Hips,-0.5017768,0.8401579,0.555889249
1.5,PlayerA,fighter,Head,-0.436049372,1.323584,0.5370197
1.5,PlayerA,fighter,Chest,-0.487871736,1.04264987,0.5389838
1.5,PlayerA,fighter,LeftHand,-0.389918059,1.29629922,0.7959715
1.5,PlayerA,fighter,RightHand,-0.186664939,1.23629189,0.727564752
1.5,PlayerA,fighter,LeftFoot,-0.648051262,0.183688551,0.7597549
1.5,PlayerA,fighter,RightFoot,-0.4123821,0.113399558,0.365415335
1.5,PlayerB,actor,Root,0.850000262,0,-2.026558E-07
1.5,PlayerB,driver,Root,0.741256535,-0.538929939,-0.0531076267
1.5,PlayerB,native,AnimatorRoot,0.741256535,-0.538929939,-0.0531076267
1.5,PlayerB,native,Hips,0.839393,0.380165517,0.0386717431
1.5,PlayerB,native,Head,0.524506569,0.236848831,-0.258541226
1.5,PlayerB,native,Chest,0.6924948,0.39186877,-0.09352882
1.5,PlayerB,native,LeftHand,0.800728142,0.0276159644,-0.2950256
1.5,PlayerB,native,RightHand,0.329423964,0.05575174,0.06010125
1.5,PlayerB,native,LeftFoot,1.317168,0.08660501,0.0296320375
1.5,PlayerB,native,RightFoot,0.996704757,0.08814335,0.440374583
1.5,PlayerB,fighter,AnimatorRoot,0.850000262,0,-2.026558E-07
1.5,PlayerB,fighter,Hips,0.839393,0.3801655,0.0386717469
1.5,PlayerB,fighter,Head,0.358682781,0.16323483,-0.398194343
1.5,PlayerB,fighter,Chest,0.6318636,0.3866544,-0.149331346
1.5,PlayerB,fighter,LeftHand,0.800728,0.0276160352,-0.295025766
1.5,PlayerB,fighter,RightHand,0.329424024,0.05575182,0.06010125
1.5,PlayerB,fighter,LeftFoot,1.317168,0.08660491,0.0296320375
1.5,PlayerB,fighter,RightFoot,0.9967048,0.08814329,0.440374583
1.51666665,PlayerA,actor,Root,-0.85,0,0
1.51666665,PlayerA,driver,Root,-0.451887935,0.0833942741,0.584103942
1.51666665,PlayerA,native,AnimatorRoot,-0.451887935,0.0833942741,0.584103942
1.51666665,PlayerA,native,Hips,-0.495943934,0.8399872,0.568132043
1.51666665,PlayerA,native,Head,-0.447336078,1.36040711,0.5422527
1.51666665,PlayerA,native,Chest,-0.477930725,1.0586493,0.5593872
1.51666665,PlayerA,native,LeftHand,-0.373683363,1.3502053,0.8035524
1.51666665,PlayerA,native,RightHand,-0.184762478,1.30703032,0.744203269
1.51666665,PlayerA,native,LeftFoot,-0.6192764,0.180120051,0.8072685
1.51666665,PlayerA,native,RightFoot,-0.415092379,0.113535427,0.3679344
1.51666665,PlayerA,fighter,AnimatorRoot,-0.85,0,0
1.51666665,PlayerA,fighter,Hips,-0.495943844,0.8399872,0.568132162
1.51666665,PlayerA,fighter,Head,-0.4451541,1.32528782,0.5450566
1.51666665,PlayerA,fighter,Chest,-0.486859858,1.04281175,0.551506758
1.51666665,PlayerA,fighter,LeftHand,-0.374747157,1.3499862,0.8033241
1.51666665,PlayerA,fighter,RightHand,-0.186529517,1.3062557,0.740594566
1.51666665,PlayerA,fighter,LeftFoot,-0.6192763,0.1801201,0.8072686
1.51666665,PlayerA,fighter,RightFoot,-0.415092438,0.113535456,0.367934525
1.51666665,PlayerB,actor,Root,0.850000262,0,-2.026558E-07
1.51666665,PlayerB,driver,Root,0.739559233,-0.537266731,-0.0529927574
1.51666665,PlayerB,native,AnimatorRoot,0.739559233,-0.537266731,-0.0529927574
1.51666665,PlayerB,native,Hips,0.838530064,0.3820178,0.03755588
1.51666665,PlayerB,native,Head,0.5200911,0.239329636,-0.256510824
1.51666665,PlayerB,native,Chest,0.6910652,0.393799,-0.09406871
1.51666665,PlayerB,native,LeftHand,0.800038159,0.027748704,-0.2946889
1.51666665,PlayerB,native,RightHand,0.329557061,0.0557431,0.0602601543
1.51666665,PlayerB,native,LeftFoot,1.31748819,0.08509153,0.0295836385
1.51666665,PlayerB,native,RightFoot,0.996355653,0.08614206,0.4412419
1.51666665,PlayerB,fighter,AnimatorRoot,0.850000262,0,-2.026558E-07
1.51666665,PlayerB,fighter,Hips,0.838530064,0.382017761,0.03755589
1.51666665,PlayerB,fighter,Head,0.353975236,0.164275289,-0.394289285
1.51666665,PlayerB,fighter,Chest,0.6299902,0.388712168,-0.149368048
1.51666665,PlayerB,fighter,LeftHand,0.8000381,0.0277486742,-0.294689149
1.51666665,PlayerB,fighter,RightHand,0.329556882,0.0557431,0.0602602139
1.51666665,PlayerB,fighter,LeftFoot,1.31748819,0.0850914642,0.0295836683
1.51666665,PlayerB,fighter,RightFoot,0.9963558,0.08614186,0.441242
1.5333333,PlayerA,actor,Root,-0.85,0,0
1.5333333,PlayerA,driver,Root,-0.4495686,0.08711025,0.596411347
1.5333333,PlayerA,native,AnimatorRoot,-0.4495686,0.08711025,0.596411347
1.5333333,PlayerA,native,Hips,-0.489960641,0.8394846,0.580230951
1.5333333,PlayerA,native,Head,-0.4562104,1.36099446,0.552376747
1.5333333,PlayerA,native,Chest,-0.475860655,1.05846369,0.571780443
1.5333333,PlayerA,native,LeftHand,-0.35917002,1.40604091,0.809210956
1.5333333,PlayerA,native,RightHand,-0.186881483,1.38359845,0.755238235
1.5333333,PlayerA,native,LeftFoot,-0.5962441,0.176371068,0.8481821
1.5333333,PlayerA,native,RightFoot,-0.4172565,0.113399558,0.370473921
1.5333333,PlayerA,fighter,AnimatorRoot,-0.85,0,0
1.5333333,PlayerA,fighter,Hips,-0.489960581,0.839484632,0.5802312
1.5333333,PlayerA,fighter,Head,-0.4537969,1.32618535,0.5549623
1.5333333,PlayerA,fighter,Chest,-0.485412449,1.04255223,0.564414263
1.5333333,PlayerA,fighter,LeftHand,-0.360236675,1.40582526,0.808987737
1.5333333,PlayerA,fighter,RightHand,-0.188839734,1.38276064,0.751744568
1.5333333,PlayerA,fighter,LeftFoot,-0.5962441,0.1763712,0.848181963
1.5333333,PlayerA,fighter,RightFoot,-0.417256624,0.113399409,0.370473921
1.5333333,PlayerB,actor,Root,0.850000262,0,-2.026558E-07
1.5333333,PlayerB,driver,Root,0.7375251,-0.535466969,-0.0531644
1.5333333,PlayerB,native,AnimatorRoot,0.7375251,-0.535466969,-0.0531644
1.5333333,PlayerB,native,Hips,0.837219238,0.38407135,0.0359154157
1.5333333,PlayerB,native,Head,0.5152054,0.241789937,-0.2546632
1.5333333,PlayerB,native,Chest,0.6891189,0.395905256,-0.09502946
1.5333333,PlayerB,native,LeftHand,0.799401045,0.02789998,-0.294375241
1.5333333,PlayerB,native,RightHand,0.329687655,0.0557512641,0.0604077354
1.5333333,PlayerB,native,LeftFoot,1.31777573,0.08364576,0.0295324083
1.5333333,PlayerB,native,RightFoot,0.99602133,0.08422977,0.442044467
1.5333333,PlayerB,fighter,AnimatorRoot,0.850000262,0,-2.026558E-07
1.5333333,PlayerB,fighter,Hips,0.837219238,0.38407132,0.0359154232
1.5333333,PlayerB,fighter,Head,0.348854542,0.1649348,-0.390285224
1.5333333,PlayerB,fighter,Chest,0.627576768,0.3909179,-0.149796635
1.5333333,PlayerB,fighter,LeftHand,0.7994013,0.0278999209,-0.294375539
1.5333333,PlayerB,fighter,RightHand,0.3296876,0.0557514019,0.0604077354
1.5333333,PlayerB,fighter,LeftFoot,1.31777585,0.08364577,0.0295324679
1.5333333,PlayerB,fighter,RightFoot,0.9960213,0.08422967,0.442044467
1.55,PlayerA,actor,Root,-0.85,0,0
1.55,PlayerA,driver,Root,-0.447649449,0.09059434,0.608085632
1.55,PlayerA,native,AnimatorRoot,-0.447649449,0.09059434,0.608085632
1.55,PlayerA,native,Hips,-0.484193355,0.8390085,0.5917655
1.55,PlayerA,native,Head,-0.464456528,1.36119127,0.5636947
1.55,PlayerA,native,Chest,-0.473666847,1.05822337,0.5840181
1.55,PlayerA,native,LeftHand,-0.3448786,1.46201,0.814036548
1.55,PlayerA,native,RightHand,-0.189347446,1.45157611,0.766268432
1.55,PlayerA,native,LeftFoot,-0.5745188,0.173087478,0.8845136
1.55,PlayerA,native,RightFoot,-0.419187725,0.113329992,0.372454435
1.55,PlayerA,fighter,AnimatorRoot,-0.85,0,0
1.55,PlayerA,fighter,Hips,-0.4841933,0.8390085,0.591765642
1.55,PlayerA,fighter,Head,-0.461859018,1.32666266,0.566060543
1.55,PlayerA,fighter,Chest,-0.483774275,1.04223573,0.57718277
1.55,PlayerA,fighter,LeftHand,-0.345950961,1.46179926,0.813823462
1.55,PlayerA,fighter,RightHand,-0.191485167,1.45070672,0.7628896
1.55,PlayerA,fighter,LeftFoot,-0.5745188,0.173087463,0.8845135
1.55,PlayerA,fighter,RightFoot,-0.4191876,0.113330223,0.3724545
1.55,PlayerB,actor,Root,0.850000262,0,-2.026558E-07
1.55,PlayerB,driver,Root,0.7354224,-0.5336041,-0.05354904
1.55,PlayerB,native,AnimatorRoot,0.7354224,-0.5336041,-0.05354904
1.55,PlayerB,native,Hips,0.835726261,0.38617754,0.0340173841
1.55,PlayerB,native,Head,0.510337532,0.244290352,-0.253167838
1.55,PlayerB,native,Chest,0.686992764,0.398062944,-0.09623703
1.55,PlayerB,native,LeftHand,0.7987881,0.0280069113,-0.2940913
1.55,PlayerB,native,RightHand,0.329835534,0.055745542,0.0605876222
1.55,PlayerB,native,LeftFoot,1.31805956,0.08230442,0.0294866916
1.55,PlayerB,native,RightFoot,0.995722234,0.0824435949,0.442797273
1.55,PlayerB,fighter,AnimatorRoot,0.850000262,0,-2.026558E-07
1.55,PlayerB,fighter,Hips,0.835726261,0.3861775,0.03401739
1.55,PlayerB,fighter,Head,0.343881845,0.165563658,-0.386648774
1.55,PlayerB,fighter,Chest,0.62501204,0.3931796,-0.150498182
1.55,PlayerB,fighter,LeftHand,0.7987882,0.0280067734,-0.294091523
1.55,PlayerB,fighter,RightHand,0.3298354,0.0557457246,0.06058774
1.55,PlayerB,fighter,LeftFoot,1.31805956,0.0823044553,0.0294867512
1.55,PlayerB,fighter,RightFoot,0.9957223,0.08244351,0.4427973
1.56666672,PlayerA,actor,Root,-0.85,0,0
1.56666672,PlayerA,driver,Root,-0.445898145,0.09374005,0.61910224
1.56666672,PlayerA,native,AnimatorRoot,-0.445898145,0.09374005,0.61910224
1.56666672,PlayerA,native,Hips,-0.4783731,0.838723958,0.6027763
1.56666672,PlayerA,native,Head,-0.4714157,1.361216,0.5757865
1.56666672,PlayerA,native,Chest,-0.470996916,1.05810046,0.595993161
1.56666672,PlayerA,native,LeftHand,-0.330156624,1.51660478,0.821119249
1.56666672,PlayerA,native,RightHand,-0.192888737,1.50999725,0.7758858
1.56666672,PlayerA,native,LeftFoot,-0.5557047,0.170089334,0.915929437
1.56666672,PlayerA,native,RightFoot,-0.420622081,0.113399222,0.3739686
1.56666672,PlayerA,fighter,AnimatorRoot,-0.85,0,0
1.56666672,PlayerA,fighter,Hips,-0.478373021,0.838723958,0.6027765
1.56666672,PlayerA,fighter,Head,-0.468682438,1.3269341,0.577949166
1.56666672,PlayerA,fighter,Chest,-0.48159188,1.04203689,0.5896901
1.56666672,PlayerA,fighter,LeftHand,-0.331239522,1.516406,0.820925534
1.56666672,PlayerA,fighter,RightHand,-0.195167661,1.509124,0.772601247
1.56666672,PlayerA,fighter,LeftFoot,-0.5557047,0.170089349,0.915929437
1.56666672,PlayerA,fighter,RightFoot,-0.420622051,0.113399126,0.373968631
1.56666672,PlayerB,actor,Root,0.850000262,0,-2.026558E-07
1.56666672,PlayerB,driver,Root,0.733503342,-0.531756759,-0.0540916733
1.56666672,PlayerB,native,AnimatorRoot,0.733503342,-0.531756759,-0.0540916733
1.56666672,PlayerB,native,Hips,0.8343138,0.388177335,0.0321255028
1.56666672,PlayerB,native,Head,0.5059617,0.246891916,-0.252214
1.56666672,PlayerB,native,Chest,0.6850196,0.40015167,-0.09752054
1.56666672,PlayerB,native,LeftHand,0.798243,0.0281208158,-0.293828428
1.56666672,PlayerB,native,RightHand,0.329989433,0.0557462573,0.0607604161
1.56666672,PlayerB,native,LeftFoot,1.31830609,0.0810624957,0.029445475
1.56666672,PlayerB,native,RightFoot,0.9954487,0.08077788,0.4434653
1.56666672,PlayerB,fighter,AnimatorRoot,0.850000262,0,-2.026558E-07
1.56666672,PlayerB,fighter,Hips,0.8343138,0.3881773,0.0321255028
1.56666672,PlayerB,fighter,Head,0.339490533,0.166529462,-0.3837807
1.56666672,PlayerB,fighter,Chest,0.6226799,0.3954125,-0.151359469
1.56666672,PlayerB,fighter,LeftHand,0.798243046,0.0281208456,-0.293828636
1.56666672,PlayerB,fighter,RightHand,0.3299893,0.0557463951,0.0607604757
1.56666672,PlayerB,fighter,LeftFoot,1.31830609,0.0810626,0.029445475
1.56666672,PlayerB,fighter,RightFoot,0.995448768,0.0807779059,0.443465263
1.58333337,PlayerA,actor,Root,-0.85,0,0
1.58333337,PlayerA,driver,Root,-0.444076926,0.0965180844,0.629347563
1.58333337,PlayerA,native,AnimatorRoot,-0.444076926,0.0965180844,0.629347563
1.58333337,PlayerA,native,Hips,-0.47261256,0.838471055,0.6133283
1.58333337,PlayerA,native,Head,-0.4768374,1.360982,0.588201463
1.58333337,PlayerA,native,Chest,-0.467889071,1.05794609,0.6076074
1.58333337,PlayerA,native,LeftHand,-0.310339272,1.57632172,0.8310277
1.58333337,PlayerA,native,RightHand,-0.195579946,1.55637825,0.7833552
1.58333337,PlayerA,native,LeftFoot,-0.5394902,0.1669507,0.941972256
1.58333337,PlayerA,native,RightFoot,-0.421446383,0.113324672,0.374831647
1.58333337,PlayerA,fighter,AnimatorRoot,-0.85,0,0
1.58333337,PlayerA,fighter,Hips,-0.4726124,0.838471055,0.613328457
1.58333337,PlayerA,fighter,Head,-0.4740153,1.3269099,0.590194643
1.58333337,PlayerA,fighter,Chest,-0.4789035,1.04181015,0.60182023
1.58333337,PlayerA,fighter,LeftHand,-0.311437726,1.576132,0.8308759
1.58333337,PlayerA,fighter,RightHand,-0.197966814,1.55547,0.7801583
1.58333337,PlayerA,fighter,LeftFoot,-0.539490342,0.166950464,0.941972
1.58333337,PlayerA,fighter,RightFoot,-0.4214463,0.1133246,0.374831557
1.58333337,PlayerB,actor,Root,0.850000262,0,-2.026558E-07
1.58333337,PlayerB,driver,Root,0.732153535,-0.530060351,-0.05470123
1.58333337,PlayerB,native,AnimatorRoot,0.732153535,-0.530060351,-0.05470123
1.58333337,PlayerB,native,Hips,0.8333723,0.389836371,0.03063389
1.58333337,PlayerB,native,Head,0.5027802,0.24965167,-0.252076834
1.58333337,PlayerB,native,Chest,0.6836893,0.401979864,-0.09862215
1.58333337,PlayerB,native,LeftHand,0.7977428,0.0281957984,-0.293598562
1.58333337,PlayerB,native,RightHand,0.330150545,0.055749,0.0609502569
1.58333337,PlayerB,native,LeftFoot,1.31855333,0.0798428059,0.0294027086
1.58333337,PlayerB,native,RightFoot,0.995204151,0.0791134238,0.444094747
1.58333337,PlayerB,fighter,AnimatorRoot,0.850000262,0,-2.026558E-07
1.58333337,PlayerB,fighter,Hips,0.8333723,0.389836341,0.0306338947
1.58333337,PlayerB,fighter,Head,0.336378932,0.168311015,-0.382365733
1.58333337,PlayerB,fighter,Chest,0.6211434,0.397470117,-0.152207
1.58333337,PlayerB,fighter,LeftHand,0.797742844,0.0281959046,-0.2935988
1.58333337,PlayerB,fighter,RightHand,0.330150664,0.05574902,0.0609503165
1.58333337,PlayerB,fighter,LeftFoot,1.31855357,0.0798429,0.0294028278
1.58333337,PlayerB,fighter,RightFoot,0.995204151,0.07911337,0.444094628
1.59885061,PlayerA,actor,Root,-0.85,0,0
1.59885061,PlayerA,driver,Root,-0.442314237,0.09845009,0.638155341
1.59885061,PlayerA,native,AnimatorRoot,-0.442314237,0.09845009,0.638155341
1.59885061,PlayerA,native,Hips,-0.4671964,0.838340044,0.6226125
1.59885061,PlayerA,native,Head,-0.480235547,1.36068928,0.5995884
1.59885061,PlayerA,native,Chest,-0.4644624,1.0578649,0.6179188
1.59885061,PlayerA,native,LeftHand,-0.3000267,1.62170374,0.83643204
1.59885061,PlayerA,native,RightHand,-0.196754158,1.58777547,0.7873786
1.59885061,PlayerA,native,LeftFoot,-0.526392,0.1639497,0.9628129
1.59885061,PlayerA,native,RightFoot,-0.421861172,0.113394119,0.3752311
1.59885061,PlayerA,fighter,AnimatorRoot,-0.85,0,0
1.59885061,PlayerA,fighter,Hips,-0.467196256,0.83834,0.6226126
1.59885061,PlayerA,fighter,Head,-0.477377,1.32677972,0.6014502
1.59885061,PlayerA,fighter,Chest,-0.475815,1.04167008,0.612578034
1.59885061,PlayerA,fighter,LeftHand,-0.301145852,1.6215378,0.836343348
1.59885061,PlayerA,fighter,RightHand,-0.199219584,1.5868367,0.7842504
1.59885061,PlayerA,fighter,LeftFoot,-0.526392,0.163949832,0.9628129
1.59885061,PlayerA,fighter,RightFoot,-0.4218611,0.113394022,0.375231147
1.59885061,PlayerB,actor,Root,0.850000262,0,-2.026558E-07
1.59885061,PlayerB,driver,Root,0.7312904,-0.5285315,-0.0553598776
1.59885061,PlayerB,native,AnimatorRoot,0.7312904,-0.5285315,-0.0553598776
1.59885061,PlayerB,native,Hips,0.832814157,0.391163766,0.0294947
1.59885061,PlayerB,native,Head,0.50066334,0.25240916,-0.252645761
1.59885061,PlayerB,native,Chest,0.6829001,0.40353024,-0.09956893
1.59885061,PlayerB,native,LeftHand,0.797333837,0.0282306671,-0.2934128
1.59885061,PlayerB,native,RightHand,0.330323875,0.0557355881,0.0611544624
1.59885061,PlayerB,native,LeftFoot,1.31873155,0.07899165,0.0293755289
1.59885061,PlayerB,native,RightFoot,0.995037258,0.0779402256,0.444529742
1.59885061,PlayerB,fighter,AnimatorRoot,0.850000262,0,-2.026558E-07
1.59885061,PlayerB,fighter,Hips,0.832814157,0.391163737,0.0294947065
1.59885061,PlayerB,fighter,Head,0.3343625,0.170667365,-0.382214338
1.59885061,PlayerB,fighter,Chest,0.6202819,0.399311244,-0.153049871
1.59885061,PlayerB,fighter,LeftHand,0.7973337,0.0282307025,-0.293412983
1.59885061,PlayerB,fighter,RightHand,0.330323875,0.0557357557,0.0611547
1.59885061,PlayerB,fighter,LeftFoot,1.31873155,0.07899167,0.0293755885
1.59885061,PlayerB,fighter,RightFoot,0.9950374,0.0779402,0.4445298
1.6,PlayerA,actor,Root,-0.85,0,0
1.6,PlayerA,driver,Root,-0.4421763,0.0985479355,0.6387756
1.6,PlayerA,native,AnimatorRoot,-0.4421763,0.0985479355,0.6387756
1.6,PlayerA,native,Hips,-0.4667939,0.838327646,0.623267353
1.6,PlayerA,native,Head,-0.480410725,1.36066,0.60039556
1.6,PlayerA,native,Chest,-0.464184761,1.05785489,0.6186468
1.6,PlayerA,native,LeftHand,-0.300010741,1.62414157,0.836387455
1.6,PlayerA,native,RightHand,-0.196974814,1.58961225,0.7875686
1.6,PlayerA,native,LeftFoot,-0.5254202,0.163727432,0.9642849
1.6,PlayerA,native,RightFoot,-0.421877921,0.113399088,0.375273
1.6,PlayerA,fighter,AnimatorRoot,-0.85,0,0
1.6,PlayerA,fighter,Hips,-0.466793776,0.8383276,0.6232675
1.6,PlayerA,fighter,Head,-0.477551728,1.32676113,0.602249146
1.6,PlayerA,fighter,Chest,-0.4755606,1.04165614,0.61333704
1.6,PlayerA,fighter,LeftHand,-0.3011316,1.62397766,0.8363044
1.6,PlayerA,fighter,RightHand,-0.199444532,1.58867264,0.7844446
1.6,PlayerA,fighter,LeftFoot,-0.5254202,0.163727432,0.964285
1.6,PlayerA,fighter,RightFoot,-0.421877861,0.113398984,0.375273
1.6,PlayerB,actor,Root,0.850000262,0,-2.026558E-07
1.6,PlayerB,driver,Root,0.731241345,-0.528417468,-0.0554124042
1.6,PlayerB,native,AnimatorRoot,0.731241345,-0.528417468,-0.0554124042
1.6,PlayerB,native,Hips,0.8327859,0.3912546,0.0294205248
1.6,PlayerB,native,Head,0.500538945,0.252625,-0.2527162
1.6,PlayerB,native,Chest,0.6828603,0.403640866,-0.0996361449
1.6,PlayerB,native,LeftHand,0.7973083,0.0282340646,-0.293399662
1.6,PlayerB,native,RightHand,0.330337465,0.0557347536,0.06116972
1.6,PlayerB,native,LeftFoot,1.318739,0.07895297,0.0293746646
1.6,PlayerB,native,RightFoot,0.99502933,0.07788706,0.444549173
1.6,PlayerB,fighter,AnimatorRoot,0.850000262,0,-2.026558E-07
1.6,PlayerB,fighter,Hips,0.8327859,0.391254574,0.02942053
1.6,PlayerB,fighter,Head,0.334244132,0.170875862,-0.382248431
1.6,PlayerB,fighter,Chest,0.620241463,0.399447232,-0.1531148
1.6,PlayerB,fighter,LeftHand,0.7973084,0.0282339156,-0.293399841
1.6,PlayerB,fighter,RightHand,0.330337763,0.0557349622,0.06116972
1.6,PlayerB,fighter,LeftFoot,1.318739,0.07895291,0.0293747541
1.6,PlayerB,fighter,RightFoot,0.9950293,0.0778870061,0.4445491
1.61666667,PlayerA,actor,Root,-0.85,0,0
1.61666667,PlayerA,driver,Root,-0.440193564,0.09929344,0.647309542
1.61666667,PlayerA,native,AnimatorRoot,-0.440193564,0.09929344,0.647309542
1.61666667,PlayerA,native,Hips,-0.461094618,0.838032961,0.632329643
1.61666667,PlayerA,native,Head,-0.481973082,1.36008632,0.6115985
1.61666667,PlayerA,native,Chest,-0.45997265,1.05758071,0.6287372
1.61666667,PlayerA,native,LeftHand,-0.3080361,1.647352,0.8328427
1.61666667,PlayerA,native,RightHand,-0.198822558,1.61025167,0.7899237
1.61666667,PlayerA,native,LeftFoot,-0.512588859,0.160051867,0.9837359
1.61666667,PlayerA,native,RightFoot,-0.4218963,0.1133994,0.3754392
1.61666667,PlayerA,fighter,AnimatorRoot,-0.85,0,0
1.61666667,PlayerA,fighter,Hips,-0.4610945,0.8380329,0.632329762
1.61666667,PlayerA,fighter,Head,-0.479136825,1.326321,0.6133478
1.61666667,PlayerA,fighter,Chest,-0.4716604,1.0413363,0.6238414
1.61666667,PlayerA,fighter,LeftHand,-0.309177041,1.64720118,0.832862258
1.61666667,PlayerA,fighter,RightHand,-0.201346338,1.60928154,0.786852539
1.61666667,PlayerA,fighter,LeftFoot,-0.5125889,0.160051778,0.983735859
1.61666667,PlayerA,fighter,RightFoot,-0.421896219,0.113399506,0.375439227
1.61666667,PlayerB,actor,Root,0.850000262,0,-2.026558E-07
1.61666667,PlayerB,driver,Root,0.7308475,-0.526786268,-0.05622615
1.61666667,PlayerB,native,AnimatorRoot,0.7308475,-0.526786268,-0.05622615
1.61666667,PlayerB,native,Hips,0.8326466,0.392396152,0.0285709463
1.61666667,PlayerB,native,Head,0.499399781,0.2559176,-0.2542584
1.61666667,PlayerB,native,Chest,0.6826583,0.4051237,-0.10052409
1.61666667,PlayerB,native,LeftHand,0.796971262,0.0282606483,-0.293244123
1.61666667,PlayerB,native,RightHand,0.330549657,0.0557313561,0.0614208952
1.61666667,PlayerB,native,LeftFoot,1.318761,0.07881826,0.0293718036
1.61666667,PlayerB,native,RightFoot,0.9949991,0.07770473,0.444613129
1.61666667,PlayerB,fighter,AnimatorRoot,0.850000262,0,-2.026558E-07
1.61666667,PlayerB,fighter,Hips,0.8326466,0.392396122,0.0285709519
1.61666667,PlayerB,fighter,Head,0.333197117,0.174485341,-0.383640826
1.61666667,PlayerB,fighter,Chest,0.620124936,0.401362568,-0.154072449
1.61666667,PlayerB,fighter,LeftHand,0.7969715,0.0282606184,-0.293244421
1.61666667,PlayerB,fighter,RightHand,0.330549717,0.05573154,0.061421074
1.61666667,PlayerB,fighter,LeftFoot,1.318761,0.0788181,0.0293718334
1.61666667,PlayerB,fighter,RightFoot,0.994999051,0.07770463,0.4446131
1.63333333,PlayerA,actor,Root,-0.85,0,0
1.63333333,PlayerA,driver,Root,-0.437872022,0.09919198,0.654926658
1.63333333,PlayerA,native,AnimatorRoot,-0.437872022,0.09919198,0.654926658
1.63333333,PlayerA,native,Hips,-0.4556299,0.837455451,0.6404755
1.63333333,PlayerA,native,Head,-0.4819617,1.35920286,0.621645331
1.63333333,PlayerA,native,Chest,-0.455456585,1.05700707,0.6378499
1.63333333,PlayerA,native,LeftHand,-0.318864763,1.659649,0.8283878
1.63333333,PlayerA,native,RightHand,-0.200081587,1.6230427,0.789801836
1.63333333,PlayerA,native,LeftFoot,-0.501456857,0.156111881,1.0002948
1.63333333,PlayerA,native,RightFoot,-0.421877235,0.113400757,0.375273615
1.63333333,PlayerA,fighter,AnimatorRoot,-0.85,0,0
1.63333333,PlayerA,fighter,Hips,-0.455629766,0.837455451,0.640475631
1.63333333,PlayerA,fighter,Head,-0.4792008,1.32554042,0.623312831
1.63333333,PlayerA,fighter,Chest,-0.467422,1.04073513,0.63330096
1.63333333,PlayerA,fighter,LeftHand,-0.320019543,1.65951049,0.828528464
1.63333333,PlayerA,fighter,RightHand,-0.202651143,1.622035,0.786780953
1.63333333,PlayerA,fighter,LeftFoot,-0.501456857,0.156111866,1.0002948
1.63333333,PlayerA,fighter,RightFoot,-0.4218771,0.11340075,0.3752736
1.63333333,PlayerB,actor,Root,0.850000262,0,-2.026558E-07
1.63333333,PlayerB,driver,Root,0.730721,-0.525135159,-0.0571523532
1.63333333,PlayerB,native,AnimatorRoot,0.730721,-0.525135159,-0.0571523532
1.63333333,PlayerB,native,Hips,0.832706332,0.393418,0.0278493874
1.63333333,PlayerB,native,Head,0.498872817,0.259459317,-0.2564407
1.63333333,PlayerB,native,Chest,0.682762,0.4065473,-0.101423763
1.63333333,PlayerB,native,LeftHand,0.796714842,0.0282667875,-0.2931342
1.63333333,PlayerB,native,RightHand,0.330799222,0.0557228923,0.0617206469
1.63333333,PlayerB,native,LeftFoot,1.3187387,0.07895285,0.0293745454
1.63333333,PlayerB,native,RightFoot,0.9950294,0.077887,0.444549054
1.63333333,PlayerB,fighter,AnimatorRoot,0.850000262,0,-2.026558E-07
1.63333333,PlayerB,fighter,Hips,0.832706332,0.393418,0.02784939
1.63333333,PlayerB,fighter,Head,0.3327639,0.178769529,-0.386028737
1.63333333,PlayerB,fighter,Chest,0.6204158,0.403298348,-0.155152217
1.63333333,PlayerB,fighter,LeftHand,0.7967149,0.0282667521,-0.2931345
1.63333333,PlayerB,fighter,RightHand,0.330799222,0.0557231121,0.0617207065
1.63333333,PlayerB,fighter,LeftFoot,1.3187387,0.07895274,0.0293745156
1.63333333,PlayerB,fighter,RightFoot,0.995029449,0.07788696,0.444549
1.65,PlayerA,actor,Root,-0.85,0,0
1.65,PlayerA,driver,Root,-0.434885532,0.0984716,0.661545157
1.65,PlayerA,native,AnimatorRoot,-0.434885532,0.0984716,0.661545157
1.65,PlayerA,native,Hips,-0.4503841,0.8364989,0.6476177
1.65,PlayerA,native,Head,-0.4804591,1.35796416,0.6302833
1.65,PlayerA,native,Chest,-0.450638,1.05604625,0.645893335
1.65,PlayerA,native,LeftHand,-0.323692739,1.66957712,0.824973047
1.65,PlayerA,native,RightHand,-0.202965915,1.63013661,0.788508356
1.65,PlayerA,native,LeftFoot,-0.4915746,0.15205881,1.01424909
1.65,PlayerA,native,RightFoot,-0.421883136,0.113418452,0.375288218
1.65,PlayerA,fighter,AnimatorRoot,-0.85,0,0
1.65,PlayerA,fighter,Hips,-0.450383931,0.8364989,0.6476178
1.65,PlayerA,fighter,Head,-0.4778273,1.324377,0.6318845
1.65,PlayerA,fighter,Chest,-0.462859,1.039768,0.641616344
1.65,PlayerA,fighter,LeftHand,-0.324853718,1.66947711,0.825248539
1.65,PlayerA,fighter,RightHand,-0.205579519,1.6291163,0.7855295
1.65,PlayerA,fighter,LeftFoot,-0.491574645,0.1520586,1.01424921
1.65,PlayerA,fighter,RightFoot,-0.421882957,0.113418721,0.375288278
1.65,PlayerB,actor,Root,0.850000262,0,-2.026558E-07
1.65,PlayerB,driver,Root,0.730609536,-0.5233991,-0.0582179055
1.65,PlayerB,native,AnimatorRoot,0.730609536,-0.5233991,-0.0582179055
1.65,PlayerB,native,Hips,0.832718968,0.394486725,0.02701081
1.65,PlayerB,native,Head,0.498476028,0.263246536,-0.2590632
1.65,PlayerB,native,Chest,0.6828623,0.408052266,-0.102495678
1.65,PlayerB,native,LeftHand,0.7965605,0.02827537,-0.2930655
1.65,PlayerB,native,RightHand,0.3310808,0.0557165742,0.0620620623
1.65,PlayerB,native,LeftFoot,1.31873953,0.07895392,0.02937377
1.65,PlayerB,native,RightFoot,0.995029449,0.07788676,0.4445492
1.65,PlayerB,fighter,AnimatorRoot,0.850000262,0,-2.026558E-07
1.65,PlayerB,fighter,Hips,0.832718968,0.3944867,0.0270108152
1.65,PlayerB,fighter,Head,0.33245194,0.183470562,-0.388945967
1.65,PlayerB,fighter,Chest,0.6207562,0.405372828,-0.156457886
1.65,PlayerB,fighter,LeftHand,0.7965606,0.0282753874,-0.293065578
1.65,PlayerB,fighter,RightHand,0.3310808,0.05571677,0.06206218
1.65,PlayerB,fighter,LeftFoot,1.31873953,0.07895387,0.02937374
1.65,PlayerB,fighter,RightFoot,0.9950294,0.07788667,0.444549173
1.66666663,PlayerA,actor,Root,-0.85,0,0
1.66666663,PlayerA,driver,Root,-0.431438476,0.09722408,0.667266846
1.66666663,PlayerA,native,AnimatorRoot,-0.431438476,0.09722408,0.667266846
1.66666663,PlayerA,native,Hips,-0.4453594,0.8352089,0.653941035
1.66666663,PlayerA,native,Head,-0.477794528,1.35643542,0.637645066
1.66666663,PlayerA,native,Chest,-0.445619017,1.0547477,0.653030634
1.66666663,PlayerA,native,LeftHand,-0.325188816,1.675611,0.8215969
1.66666663,PlayerA,native,RightHand,-0.206269085,1.63299227,0.7870311
1.66666663,PlayerA,native,LeftFoot,-0.483111978,0.147891983,1.02577531
1.66666663,PlayerA,native,RightFoot,-0.421876967,0.113400683,0.375273824
1.66666663,PlayerA,fighter,AnimatorRoot,-0.85,0,0
1.66666663,PlayerA,fighter,Hips,-0.44535926,0.8352089,0.653941154
1.66666663,PlayerA,fighter,Head,-0.475332916,1.32290268,0.639195442
1.66666663,PlayerA,fighter,Chest,-0.458079368,1.03848147,0.6489589
1.66666663,PlayerA,fighter,LeftHand,-0.32634443,1.67556953,0.822012
1.66666663,PlayerA,fighter,RightHand,-0.208920777,1.63196719,0.7840877
1.66666663,PlayerA,fighter,LeftFoot,-0.483112067,0.147892,1.02577531
1.66666663,PlayerA,fighter,RightFoot,-0.421876818,0.113400795,0.3752738
1.66666663,PlayerB,actor,Root,0.850000262,0,-2.026558E-07
1.66666663,PlayerB,driver,Root,0.7305979,-0.521636665,-0.0593728833
1.66666663,PlayerB,native,AnimatorRoot,0.7305979,-0.521636665,-0.0593728833
1.66666663,PlayerB,native,Hips,0.8327754,0.3955279,0.0261664167
1.66666663,PlayerB,native,Head,0.49835664,0.267188549,-0.262054026
1.66666663,PlayerB,native,Chest,0.683058,0.4095599,-0.103636272
1.66666663,PlayerB,native,LeftHand,0.7964816,0.0282788873,-0.2930325
1.66666663,PlayerB,native,RightHand,0.3313884,0.0557148457,0.06243799
1.66666663,PlayerB,native,LeftFoot,1.3187387,0.07895261,0.0293741282
1.66666663,PlayerB,native,RightFoot,0.9950291,0.07788652,0.4445491
1.66666663,PlayerB,fighter,AnimatorRoot,0.850000262,0,-2.026558E-07
1.66666663,PlayerB,fighter,Hips,0.8327754,0.395527869,0.0261664223
1.66666663,PlayerB,fighter,Head,0.3324262,0.188524887,-0.392385364
1.66666663,PlayerB,fighter,Chest,0.6212473,0.4074965,-0.15788728
1.66666663,PlayerB,fighter,LeftHand,0.7964817,0.0282789338,-0.2930326
1.66666663,PlayerB,fighter,RightHand,0.331388354,0.0557151437,0.0624382272
1.66666663,PlayerB,fighter,LeftFoot,1.3187387,0.07895262,0.0293741282
1.66666663,PlayerB,fighter,RightFoot,0.9950291,0.07788659,0.444549
1.68333328,PlayerA,actor,Root,-0.85,0,0
1.68333328,PlayerA,driver,Root,-0.42758283,0.09558726,0.6721084
1.68333328,PlayerA,native,AnimatorRoot,-0.42758283,0.09558726,0.6721084
1.68333328,PlayerA,native,Hips,-0.440526545,0.833676636,0.659538865
1.68333328,PlayerA,native,Head,-0.47420302,1.35470986,0.6437794
1.68333328,PlayerA,native,Chest,-0.440450847,1.05320334,0.659336
1.68333328,PlayerA,native,LeftHand,-0.323396623,1.678539,0.8177628
1.68333328,PlayerA,native,RightHand,-0.209995747,1.63160408,0.784455538
1.68333328,PlayerA,native,LeftFoot,-0.475804061,0.143758178,1.03513849
1.68333328,PlayerA,native,RightFoot,-0.4218899,0.113394693,0.375268757
1.68333328,PlayerA,fighter,AnimatorRoot,-0.85,0,0
1.68333328,PlayerA,fighter,Hips,-0.440526426,0.833676636,0.659539
1.68333328,PlayerA,fighter,Head,-0.4719388,1.32121325,0.6452979
1.68333328,PlayerA,fighter,Chest,-0.453138262,1.03696549,0.6554102
1.68333328,PlayerA,fighter,LeftHand,-0.324533,1.67857826,0.8183173
1.68333328,PlayerA,fighter,RightHand,-0.212681532,1.63058269,0.781542063
1.68333328,PlayerA,fighter,LeftFoot,-0.475804061,0.143758163,1.03513849
1.68333328,PlayerA,fighter,RightFoot,-0.4218898,0.113394737,0.3752688
1.68333328,PlayerB,actor,Root,0.850000262,0,-2.026558E-07
1.68333328,PlayerB,driver,Root,0.730687737,-0.5198755,-0.0605865
1.68333328,PlayerB,native,AnimatorRoot,0.730687737,-0.5198755,-0.0605865
1.68333328,PlayerB,native,Hips,0.8328826,0.396528125,0.025338158
1.68333328,PlayerB,native,Head,0.498503566,0.271214426,-0.2653093
1.68333328,PlayerB,native,Chest,0.6833465,0.411046267,-0.1048085
1.68333328,PlayerB,native,LeftHand,0.796471,0.02827841,-0.293028265
1.68333328,PlayerB,native,RightHand,0.33170855,0.05570507,0.0628319159
1.68333328,PlayerB,native,LeftFoot,1.31874037,0.07895523,0.0293746945
1.68333328,PlayerB,native,RightFoot,0.9950294,0.07788706,0.444549531
1.68333328,PlayerB,fighter,AnimatorRoot,0.850000262,0,-2.026558E-07
1.68333328,PlayerB,fighter,Hips,0.8328826,0.3965281,0.0253381617
1.68333328,PlayerB,fighter,Head,0.332685232,0.193816975,-0.3962228
1.68333328,PlayerB,fighter,Chest,0.621875763,0.409631371,-0.1593904
1.68333328,PlayerB,fighter,LeftHand,0.7964711,0.0282785166,-0.293028563
1.68333328,PlayerB,fighter,RightHand,0.331708729,0.0557050444,0.0628320351
1.68333328,PlayerB,fighter,LeftFoot,1.31874037,0.07895512,0.0293746945
1.68333328,PlayerB,fighter,RightFoot,0.995029449,0.07788692,0.444549471
1.7,PlayerA,actor,Root,-0.85,0,0
1.7,PlayerA,driver,Root,-0.423449367,0.0936513543,0.676243067
1.7,PlayerA,native,AnimatorRoot,-0.423449367,0.0936513543,0.676243067
1.7,PlayerA,native,Hips,-0.435869843,0.8319516,0.664561868
1.7,PlayerA,native,Head,-0.4698964,1.35283256,0.6488975
1.7,PlayerA,native,Chest,-0.4351861,1.05146241,0.664979339
1.7,PlayerA,native,LeftHand,-0.31875807,1.67901039,0.8137112
1.7,PlayerA,native,RightHand,-0.214062214,1.62596965,0.7810168
1.7,PlayerA,native,LeftFoot,-0.4696808,0.13971287,1.04254723
1.7,PlayerA,native,RightFoot,-0.421876818,0.113400631,0.3752744
1.7,PlayerA,fighter,AnimatorRoot,-0.85,0,0
1.7,PlayerA,fighter,Hips,-0.435869724,0.8319516,0.664562
1.7,PlayerA,fighter,Head,-0.467858046,1.31936419,0.6503917
1.7,PlayerA,fighter,Chest,-0.448090971,1.03526711,0.6611459
1.7,PlayerA,fighter,LeftHand,-0.3198592,1.67915058,0.8143973
1.7,PlayerA,fighter,RightHand,-0.216775417,1.62496376,0.7781236
1.7,PlayerA,fighter,LeftFoot,-0.469680846,0.139712915,1.04254723
1.7,PlayerA,fighter,RightFoot,-0.421876669,0.113400556,0.37527436
1.7,PlayerB,actor,Root,0.850000262,0,-2.026558E-07
1.7,PlayerB,driver,Root,0.7308763,-0.5181441,-0.0618281849
1.7,PlayerB,native,AnimatorRoot,0.7308763,-0.5181441,-0.0618281849
1.7,PlayerB,native,Hips,0.833046854,0.397472739,0.02454818
1.7,PlayerB,native,Head,0.498899281,0.275255144,-0.2687246
1.7,PlayerB,native,Chest,0.6837235,0.412487864,-0.105974548
1.7,PlayerB,native,LeftHand,0.7965119,0.0282744765,-0.293048
1.7,PlayerB,native,RightHand,0.3320344,0.0557030439,0.06323997
1.7,PlayerB,native,LeftFoot,1.318739,0.0789532661,0.0293743368
1.7,PlayerB,native,RightFoot,0.99502933,0.07788658,0.444549352
1.7,PlayerB,fighter,AnimatorRoot,0.850000262,0,-2.026558E-07
1.7,PlayerB,fighter,Hips,0.833046854,0.3974727,0.024548186
1.7,PlayerB,fighter,Head,0.333222866,0.199235111,-0.40033567
1.7,PlayerB,fighter,Chest,0.6226268,0.411740929,-0.16091685
1.7,PlayerB,fighter,LeftHand,0.7965119,0.0282745529,-0.293048173
1.7,PlayerB,fighter,RightHand,0.3320344,0.05570346,0.06324015
1.7,PlayerB,fighter,LeftFoot,1.318739,0.07895307,0.0293743368
1.7,PlayerB,fighter,RightFoot,0.9950292,0.0778865442,0.444549322
1.7166667,PlayerA,actor,Root,-0.85,0,0
1.7166667,PlayerA,driver,Root,-0.419168085,0.091533035,0.679795861
1.7166667,PlayerA,native,AnimatorRoot,-0.419168085,0.091533035,0.679795861
1.7166667,PlayerA,native,Hips,-0.431382626,0.830054045,0.6690825
1.7166667,PlayerA,native,Head,-0.465093285,1.35081065,0.6531278
1.7166667,PlayerA,native,Chest,-0.4298859,1.04954374,0.6700423
1.7166667,PlayerA,native,LeftHand,-0.31176132,1.67751658,0.809352
1.7166667,PlayerA,native,RightHand,-0.21811372,1.618255,0.7773555
1.7166667,PlayerA,native,LeftFoot,-0.464581162,0.1358522,1.04824018
1.7166667,PlayerA,native,RightFoot,-0.421885848,0.11339774,0.375272572
1.7166667,PlayerA,fighter,AnimatorRoot,-0.85,0,0
1.7166667,PlayerA,fighter,Hips,-0.431382447,0.8300541,0.669082642
1.7166667,PlayerA,fighter,Head,-0.4632977,1.3173641,0.6546066
1.7166667,PlayerA,fighter,Chest,-0.443000227,1.03340232,0.666256547
1.7166667,PlayerA,fighter,LeftHand,-0.312811673,1.67777622,0.810155451
1.7166667,PlayerA,fighter,RightHand,-0.220848083,1.61726558,0.774476767
1.7166667,PlayerA,fighter,LeftFoot,-0.4645811,0.135852292,1.04824018
1.7166667,PlayerA,fighter,RightFoot,-0.421885669,0.113397792,0.375272632
1.7166667,PlayerB,actor,Root,0.850000262,0,-2.026558E-07
1.7166667,PlayerB,driver,Root,0.7311637,-0.516470432,-0.06306707
1.7166667,PlayerB,native,AnimatorRoot,0.7311637,-0.516470432,-0.06306707
1.7166667,PlayerB,native,Hips,0.8332754,0.3983487,0.0238184817
1.7166667,PlayerB,native,Head,0.4995253,0.279240072,-0.272197336
1.7166667,PlayerB,native,Chest,0.684186,0.413861454,-0.10709776
1.7166667,PlayerB,native,LeftHand,0.7965951,0.02826804,-0.293085754
1.7166667,PlayerB,native,RightHand,0.332357645,0.0556896925,0.06364576
1.7166667,PlayerB,native,LeftFoot,1.31873989,0.0789544,0.0293751117
1.7166667,PlayerB,native,RightFoot,0.9950292,0.07788718,0.4445497
1.7166667,PlayerB,fighter,AnimatorRoot,0.850000262,0,-2.026558E-07
1.7166667,PlayerB,fighter,Hips,0.8332754,0.398348659,0.02381849
1.7166667,PlayerB,fighter,Head,0.334027648,0.204663932,-0.4046006
1.7166667,PlayerB,fighter,Chest,0.623485565,0.41378805,-0.162417024
1.7166667,PlayerB,fighter,LeftHand,0.7965953,0.0282680038,-0.293086
1.7166667,PlayerB,fighter,RightHand,0.332357824,0.0556896925,0.06364588
1.7166667,PlayerB,fighter,LeftFoot,1.31873977,0.0789544061,0.0293751713
1.7166667,PlayerB,fighter,RightFoot,0.9950292,0.0778871253,0.4445497
1.72183919,PlayerA,actor,Root,-0.85,0,0
1.72183919,PlayerA,driver,Root,-0.417809933,0.0908401,0.680791736
1.72183919,PlayerA,native,AnimatorRoot,-0.417809933,0.0908401,0.680791736
1.72183919,PlayerA,native,Hips,-0.43002376,0.829436958,0.670395732
1.72183919,PlayerA,native,Head,-0.463515073,1.35015965,0.6542777
1.72183919,PlayerA,native,Chest,-0.428238124,1.04891872,0.67151
1.72183919,PlayerA,native,LeftHand,-0.309142768,1.67669094,0.8079658
1.72183919,PlayerA,native,RightHand,-0.219346642,1.61534822,0.776154637
1.72183919,PlayerA,native,LeftFoot,-0.463209331,0.134680375,1.0496645
1.72183919,PlayerA,native,RightFoot,-0.42188,0.113398589,0.37527138
1.72183919,PlayerA,fighter,AnimatorRoot,-0.85,0,0
1.72183919,PlayerA,fighter,Hips,-0.4300236,0.829436958,0.670395851
1.72183919,PlayerA,fighter,Head,-0.461797565,1.31671882,0.6557529
1.72183919,PlayerA,fighter,Chest,-0.441415817,1.03279626,0.6677302
1.72183919,PlayerA,fighter,LeftHand,-0.310174584,1.67699051,0.808802366
1.72183919,PlayerA,fighter,RightHand,-0.222086132,1.61436582,0.7732784
1.72183919,PlayerA,fighter,LeftFoot,-0.463209331,0.134680465,1.0496645
1.72183919,PlayerA,fighter,RightFoot,-0.421879858,0.113398649,0.3752714
1.72183919,PlayerB,actor,Root,0.850000262,0,-2.026558E-07
1.72183919,PlayerB,driver,Root,0.7312723,-0.515964568,-0.06344915
1.72183919,PlayerB,native,AnimatorRoot,0.7312723,-0.515964568,-0.06344915
1.72183919,PlayerB,native,Hips,0.8333598,0.398605585,0.0236057751
1.72183919,PlayerB,native,Head,0.49976486,0.280460954,-0.2732797
1.72183919,PlayerB,native,Chest,0.684346557,0.414272368,-0.107434921
1.72183919,PlayerB,native,LeftHand,0.796628833,0.0282657743,-0.293101132
1.72183919,PlayerB,native,RightHand,0.332455516,0.05568725,0.0637717
1.72183919,PlayerB,native,LeftFoot,1.31874013,0.07895452,0.0293746646
1.72183919,PlayerB,native,RightFoot,0.995029449,0.0778874755,0.4445497
1.72183919,PlayerB,fighter,AnimatorRoot,0.850000262,0,-2.026558E-07
1.72183919,PlayerB,fighter,Hips,0.8333598,0.398605525,0.02360578
1.72183919,PlayerB,fighter,Head,0.3343314,0.206343457,-0.4059468
1.72183919,PlayerB,fighter,Chest,0.62377286,0.4144083,-0.162873879
1.72183919,PlayerB,fighter,LeftHand,0.7966289,0.0282658339,-0.293101281
1.72183919,PlayerB,fighter,RightHand,0.3324557,0.0556873567,0.06377182
1.72183919,PlayerB,fighter,LeftFoot,1.31874013,0.07895439,0.0293747839
1.72183919,PlayerB,fighter,RightFoot,0.995029449,0.07788738,0.4445497
1.73333335,PlayerA,actor,Root,-0.85,0,0
1.73333335,PlayerA,driver,Root,-0.414792985,0.08929041,0.682928443
1.73333335,PlayerA,native,AnimatorRoot,-0.414792985,0.08929041,0.682928443
1.73333335,PlayerA,native,Hips,-0.4270481,0.8280474,0.6732355
1.73333335,PlayerA,native,Head,-0.4599898,1.34869277,0.6567015
1.73333335,PlayerA,native,Chest,-0.424598962,1.04750907,0.67468214
1.73333335,PlayerA,native,LeftHand,-0.303057075,1.6745677,0.80496943
1.73333335,PlayerA,native,RightHand,-0.221985579,1.60848594,0.7735214
1.73333335,PlayerA,native,LeftFoot,-0.460459441,0.132222071,1.05242777
1.73333335,PlayerA,native,RightFoot,-0.421875566,0.113400862,0.37527445
1.73333335,PlayerA,fighter,AnimatorRoot,-0.85,0,0
1.73333335,PlayerA,fighter,Hips,-0.427047968,0.8280474,0.6732356
1.73333335,PlayerA,fighter,Head,-0.458446622,1.31526554,0.658169448
1.73333335,PlayerA,fighter,Chest,-0.437915236,1.03143048,0.6709069
1.73333335,PlayerA,fighter,LeftHand,-0.304042578,1.67495823,0.805871844
1.73333335,PlayerA,fighter,RightHand,-0.224733591,1.60751975,0.7706475
1.73333335,PlayerA,fighter,LeftFoot,-0.4604594,0.132222176,1.052428
1.73333335,PlayerA,fighter,RightFoot,-0.421875566,0.1134007,0.37527445
1.73333335,PlayerB,actor,Root,0.850000262,0,-2.026558E-07
1.73333335,PlayerB,driver,Root,0.7315433,-0.514883,-0.0642733052
1.73333335,PlayerB,native,AnimatorRoot,0.7315433,-0.514883,-0.0642733052
1.73333335,PlayerB,native,Hips,0.833574235,0.3991412,0.02317132
1.73333335,PlayerB,native,Head,0.500355,0.283098757,-0.275624543
1.73333335,PlayerB,native,Chest,0.6847284,0.415143251,-0.108139932
1.73333335,PlayerB,native,LeftHand,0.796705842,0.0282606483,-0.293137431
1.73333335,PlayerB,native,RightHand,0.3326682,0.0556830168,0.0640426651
1.73333335,PlayerB,native,LeftFoot,1.3187387,0.07895267,0.0293742176
1.73333335,PlayerB,native,RightFoot,0.995029151,0.07788694,0.4445493
1.73333335,PlayerB,fighter,AnimatorRoot,0.850000262,0,-2.026558E-07
1.73333335,PlayerB,fighter,Hips,0.833574235,0.3991412,0.0231713224
1.73333335,PlayerB,fighter,Head,0.335080743,0.209988534,-0.4088938
1.73333335,PlayerB,fighter,Chest,0.6244346,0.415736,-0.163840666
1.73333335,PlayerB,fighter,LeftHand,0.796705961,0.0282605756,-0.29313755
1.73333335,PlayerB,fighter,RightHand,0.3326683,0.05568314,0.0640428439
1.73333335,PlayerB,fighter,LeftFoot,1.3187387,0.07895262,0.0293742772
1.73333335,PlayerB,fighter,RightFoot,0.99502933,0.07788696,0.444549352
1.75,PlayerA,actor,Root,-0.85,0,0
1.75,PlayerA,driver,Root,-0.410396159,0.08699976,0.6857953
1.75,PlayerA,native,AnimatorRoot,-0.410396159,0.08699976,0.6857953
1.75,PlayerA,native,Hips,-0.422851682,0.825964332,0.677121937
1.75,PlayerA,native,Head,-0.454778671,1.34649694,0.6598205
1.75,PlayerA,native,Chest,-0.419371516,1.04539025,0.6790199
1.75,PlayerA,native,LeftHand,-0.29331857,1.67061925,0.8007508
1.75,PlayerA,native,RightHand,-0.225559592,1.59787691,0.769774556
1.75,PlayerA,native,LeftFoot,-0.457208276,0.128952309,1.05535138
1.75,PlayerA,native,RightFoot,-0.421882927,0.113398463,0.375275671
1.75,PlayerA,fighter,AnimatorRoot,-0.85,0,0
1.75,PlayerA,fighter,Hips,-0.422851563,0.8259644,0.677122056
1.75,PlayerA,fighter,Head,-0.453492463,1.31309,0.6612787
1.75,PlayerA,fighter,Chest,-0.4328831,1.02938044,0.6752269
1.75,PlayerA,fighter,LeftHand,-0.2942267,1.67114437,0.8017319
1.75,PlayerA,fighter,RightHand,-0.228311539,1.59693325,0.76689744
1.75,PlayerA,fighter,LeftFoot,-0.457208335,0.128952265,1.05535126
1.75,PlayerA,fighter,RightFoot,-0.4218829,0.113398366,0.3752757
1.75,PlayerB,actor,Root,0.850000262,0,-2.026558E-07
1.75,PlayerB,driver,Root,0.7320114,-0.513410151,-0.0654162541
1.75,PlayerB,native,AnimatorRoot,0.7320114,-0.513410151,-0.0654162541
1.75,PlayerB,native,Hips,0.8339513,0.3998372,0.0226288214
1.75,PlayerB,native,Head,0.501360953,0.28676033,-0.278906316
1.75,PlayerB,native,Chest,0.6853473,0.4163106,-0.10906487
1.75,PlayerB,native,LeftHand,0.796834,0.02825129,-0.293195128
1.75,PlayerB,native,RightHand,0.33296442,0.055660665,0.0644168
1.75,PlayerB,native,LeftFoot,1.31873882,0.07895285,0.0293758269
1.75,PlayerB,native,RightFoot,0.995029032,0.0778877139,0.44455
1.75,PlayerB,fighter,AnimatorRoot,0.850000262,0,-2.026558E-07
1.75,PlayerB,fighter,Hips,0.8339513,0.399837166,0.0226288252
1.75,PlayerB,fighter,Head,0.336359143,0.215093628,-0.4130949
1.75,PlayerB,fighter,Chest,0.6254585,0.4175484,-0.165139347
1.75,PlayerB,fighter,LeftHand,0.796834052,0.0282513145,-0.293195367
1.75,PlayerB,fighter,RightHand,0.33296448,0.0556607768,0.06441692
1.75,PlayerB,fighter,LeftFoot,1.31873882,0.07895278,0.0293758567
1.75,PlayerB,fighter,RightFoot,0.9950291,0.07788759,0.444549978
1.76666665,PlayerA,actor,Root,-0.85,0,0
1.76666665,PlayerA,driver,Root,-0.406055868,0.08472368,0.688541055
1.76666665,PlayerA,native,AnimatorRoot,-0.406055868,0.08472368,0.688541055
1.76666665,PlayerA,native,Hips,-0.418782175,0.823859453,0.68085897
1.76666665,PlayerA,native,Head,-0.4496607,1.34426427,0.6627097
1.76666665,PlayerA,native,Chest,-0.4142573,1.04324174,0.683193266
1.76666665,PlayerA,native,LeftHand,-0.2832905,1.666177,0.7968942
1.76666665,PlayerA,native,RightHand,-0.228564441,1.58704841,0.7663066
1.76666665,PlayerA,native,LeftFoot,-0.45474416,0.126070768,1.05723429
1.76666665,PlayerA,native,RightFoot,-0.421875119,0.1134008,0.375275135
1.76666665,PlayerA,fighter,AnimatorRoot,-0.85,0,0
1.76666665,PlayerA,fighter,Hips,-0.418782026,0.8238594,0.6808591
1.76666665,PlayerA,fighter,Head,-0.44862774,1.3108815,0.6641568
1.76666665,PlayerA,fighter,Chest,-0.427957058,1.027303,0.6793634
1.76666665,PlayerA,fighter,LeftHand,-0.284114122,1.66683316,0.79793334
1.76666665,PlayerA,fighter,RightHand,-0.231311321,1.58612716,0.763417
1.76666665,PlayerA,fighter,LeftFoot,-0.454744071,0.126070887,1.05723441
1.76666665,PlayerA,fighter,RightFoot,-0.421875179,0.113400511,0.375275135
1.76666665,PlayerB,actor,Root,0.850000262,0,-2.026558E-07
1.76666665,PlayerB,driver,Root,0.7325606,-0.512080252,-0.0664671361
1.76666665,PlayerB,native,AnimatorRoot,0.7325606,-0.512080252,-0.0664671361
1.76666665,PlayerB,native,Hips,0.83441186,0.40042156,0.0222127866
1.76666665,PlayerB,native,Head,0.5025067,0.290154338,-0.2819434
1.76666665,PlayerB,native,Chest,0.6860357,0.417339921,-0.109835014
1.76666665,PlayerB,native,LeftHand,0.796965837,0.028242588,-0.293256283
1.76666665,PlayerB,native,RightHand,0.33322525,0.0556473136,0.06476007
1.76666665,PlayerB,native,LeftFoot,1.3187387,0.07895291,0.0293743666
1.76666665,PlayerB,native,RightFoot,0.995029032,0.0778862238,0.444549233
1.76666665,PlayerB,fighter,AnimatorRoot,0.850000262,0,-2.026558E-07
1.76666665,PlayerB,fighter,Hips,0.83441186,0.40042153,0.0222127866
1.76666665,PlayerB,fighter,Head,0.337829351,0.219864011,-0.417081773
1.76666665,PlayerB,fighter,Chest,0.6265372,0.419189036,-0.166264042
1.76666665,PlayerB,fighter,LeftHand,0.796966,0.0282426346,-0.293256462
1.76666665,PlayerB,fighter,RightHand,0.333225429,0.0556474663,0.0647601858
1.76666665,PlayerB,fighter,LeftFoot,1.3187387,0.07895291,0.0293745156
1.76666665,PlayerB,fighter,RightFoot,0.995029,0.07788608,0.444549173
1.7833333,PlayerA,actor,Root,-0.85,0,0
1.7833333,PlayerA,driver,Root,-0.4018448,0.0825289562,0.691319
1.7833333,PlayerA,native,AnimatorRoot,-0.4018448,0.0825289562,0.691319
1.7833333,PlayerA,native,Hips,-0.414821416,0.8217722,0.684557438
1.7833333,PlayerA,native,Head,-0.4448232,1.34202361,0.6655916
1.7833333,PlayerA,native,Chest,-0.409296542,1.04110408,0.6873325
1.7833333,PlayerA,native,LeftHand,-0.27371043,1.66176355,0.79363817
1.7833333,PlayerA,native,RightHand,-0.230907738,1.57686877,0.763355553
1.7833333,PlayerA,native,LeftFoot,-0.4529873,0.1237105,1.05830848
1.7833333,PlayerA,native,RightFoot,-0.42188108,0.113399059,0.3752796
1.7833333,PlayerA,fighter,AnimatorRoot,-0.85,0,0
1.7833333,PlayerA,fighter,Hips,-0.414821327,0.8217722,0.684557557
1.7833333,PlayerA,fighter,Head,-0.444035,1.30867136,0.667024
1.7833333,PlayerA,fighter,Chest,-0.4231782,1.0252353,0.683456361
1.7833333,PlayerA,fighter,LeftHand,-0.274446964,1.66253781,0.794719
1.7833333,PlayerA,fighter,RightHand,-0.233637333,1.57596672,0.760443449
1.7833333,PlayerA,fighter,LeftFoot,-0.452987283,0.123710684,1.05830836
1.7833333,PlayerA,fighter,RightFoot,-0.4218809,0.113399222,0.375279665
1.7833333,PlayerB,actor,Root,0.850000262,0,-2.026558E-07
1.7833333,PlayerB,driver,Root,0.7331859,-0.510922551,-0.06739635
1.7833333,PlayerB,native,AnimatorRoot,0.7331859,-0.510922551,-0.06739635
1.7833333,PlayerB,native,Hips,0.834964037,0.400881767,0.0219454672
1.7833333,PlayerB,native,Head,0.5037559,0.2932104,-0.28463918
1.7833333,PlayerB,native,Chest,0.6867896,0.418209076,-0.11041414
1.7833333,PlayerB,native,LeftHand,0.7970893,0.0282339454,-0.293313026
1.7833333,PlayerB,native,RightHand,0.333456457,0.0556225777,0.06505934
1.7833333,PlayerB,native,LeftFoot,1.31873572,0.07894915,0.0293756481
1.7833333,PlayerB,native,RightFoot,0.995029449,0.07788724,0.4445494
1.7833333,PlayerB,fighter,AnimatorRoot,0.850000262,0,-2.026558E-07
1.7833333,PlayerB,fighter,Hips,0.834964037,0.400881737,0.0219454672
1.7833333,PlayerB,fighter,Head,0.339456677,0.22418499,-0.420737416
1.7833333,PlayerB,fighter,Chest,0.627653956,0.420622319,-0.167167515
1.7833333,PlayerB,fighter,LeftHand,0.797089338,0.0282339565,-0.293313175
1.7833333,PlayerB,fighter,RightHand,0.3334567,0.0556226857,0.06505958
1.7833333,PlayerB,fighter,LeftFoot,1.318736,0.07894911,0.0293758269
1.7833333,PlayerB,fighter,RightFoot,0.995029569,0.07788725,0.444549471
1.8,PlayerA,actor,Root,-0.85,0,0
1.8,PlayerA,driver,Root,-0.397852123,0.0804793462,0.6942576
1.8,PlayerA,native,AnimatorRoot,-0.397852123,0.0804793462,0.6942576
1.8,PlayerA,native,Hips,-0.410959244,0.8197514,0.688330352
1.8,PlayerA,native,Head,-0.440472454,1.33981526,0.668691158
1.8,PlayerA,native,Chest,-0.4045434,1.03902769,0.6915688
1.8,PlayerA,native,LeftHand,-0.265355527,1.657946,0.791111052
1.8,PlayerA,native,RightHand,-0.232322633,1.56816435,0.7611334
1.8,PlayerA,native,LeftFoot,-0.451831132,0.121906206,1.05878437
1.8,PlayerA,native,RightFoot,-0.4218748,0.1134008,0.375275463
1.8,PlayerA,fighter,AnimatorRoot,-0.85,0,0
1.8,PlayerA,fighter,Hips,-0.410959154,0.8197514,0.688330531
1.8,PlayerA,fighter,Head,-0.439913362,1.30650163,0.6701031
1.8,PlayerA,fighter,Chest,-0.4186006,1.02322423,0.6876472
1.8,PlayerA,fighter,LeftHand,-0.266009569,1.65881884,0.792220354
1.8,PlayerA,fighter,RightHand,-0.235022366,1.56727791,0.758189
1.8,PlayerA,fighter,LeftFoot,-0.4518312,0.121906094,1.05878437
1.8,PlayerA,fighter,RightFoot,-0.421874672,0.11340113,0.375275463
1.8,PlayerB,actor,Root,0.850000262,0,-2.026558E-07
1.8,PlayerB,driver,Root,0.7338764,-0.5099624,-0.06817566
1.8,PlayerB,native,AnimatorRoot,0.7338764,-0.5099624,-0.06817566
1.8,PlayerB,native,Hips,0.835613251,0.401202917,0.0218490344
1.8,PlayerB,native,Head,0.5050653,0.295858145,-0.286898047
1.8,PlayerB,native,Chest,0.6876013,0.4188953,-0.110765018
1.8,PlayerB,native,LeftHand,0.797193,0.0282274485,-0.293361634
1.8,PlayerB,native,RightHand,0.333645344,0.05559504,0.06530038
1.8,PlayerB,native,LeftFoot,1.31873822,0.07895291,0.02937398
1.8,PlayerB,native,RightFoot,0.995029032,0.07788646,0.444549352
1.8,PlayerB,fighter,AnimatorRoot,0.850000262,0,-2.026558E-07
1.8,PlayerB,fighter,Hips,0.835613251,0.4012029,0.0218490344
1.8,PlayerB,fighter,Head,0.341196775,0.227941841,-0.423942566
1.8,PlayerB,fighter,Chest,0.6287875,0.421812564,-0.167801157
1.8,PlayerB,fighter,LeftHand,0.79719305,0.028227197,-0.293361723
1.8,PlayerB,fighter,RightHand,0.333645582,0.05559519,0.06530056
1.8,PlayerB,fighter,LeftFoot,1.318738,0.0789528042,0.02937389
1.8,PlayerB,fighter,RightFoot,0.995029032,0.0778863356,0.444549233
1.81666672,PlayerA,actor,Root,-0.85,0,0
1.81666672,PlayerA,driver,Root,-0.394148946,0.0786062,0.697599947
1.81666672,PlayerA,native,AnimatorRoot,-0.394148946,0.0786062,0.697599947
1.81666672,PlayerA,native,Hips,-0.407268,0.817744851,0.692330241
1.81666672,PlayerA,native,Head,-0.4367016,1.33761907,0.672486544
1.81666672,PlayerA,native,Chest,-0.400129348,1.03696561,0.6960969
1.81666672,PlayerA,native,LeftHand,-0.259377837,1.65561032,0.7896168
1.81666672,PlayerA,native,RightHand,-0.232560456,1.56200874,0.7600698
1.81666672,PlayerA,native,LeftFoot,-0.4512335,0.120852232,1.0589391
1.81666672,PlayerA,native,RightFoot,-0.4218713,0.113409564,0.375283062
1.81666672,PlayerA,fighter,AnimatorRoot,-0.85,0,0
1.81666672,PlayerA,fighter,Hips,-0.407267839,0.817744851,0.69233036
1.81666672,PlayerA,fighter,Head,-0.436338276,1.30434418,0.673873663
1.81666672,PlayerA,fighter,Chest,-0.414348274,1.02121878,0.6921537
1.81666672,PlayerA,fighter,LeftHand,-0.259961247,1.65655637,0.790749431
1.81666672,PlayerA,fighter,RightHand,-0.235217988,1.5611304,0.757085264
1.81666672,PlayerA,fighter,LeftFoot,-0.451233566,0.120852232,1.05893922
1.81666672,PlayerA,fighter,RightFoot,-0.421871275,0.113409378,0.375283033
1.81666672,PlayerB,actor,Root,0.850000262,0,-2.026558E-07
1.81666672,PlayerB,driver,Root,0.7346027,-0.509211361,-0.0687797144
1.81666672,PlayerB,native,AnimatorRoot,0.7346027,-0.509211361,-0.0687797144
1.81666672,PlayerB,native,Hips,0.836352348,0.401386142,0.0219315421
1.81666672,PlayerB,native,Head,0.50635004,0.298051059,-0.288617939
1.81666672,PlayerB,native,Chest,0.688447833,0.419392228,-0.110862263
1.81666672,PlayerB,native,LeftHand,0.797256231,0.0282235146,-0.2933904
1.81666672,PlayerB,native,RightHand,0.333785653,0.05556059,0.06547568
1.81666672,PlayerB,native,LeftFoot,1.31873119,0.07894266,0.0293757077
1.81666672,PlayerB,native,RightFoot,0.9950295,0.07788682,0.444549054
1.81666672,PlayerB,fighter,AnimatorRoot,0.850000262,0,-2.026558E-07
1.81666672,PlayerB,fighter,Hips,0.836352348,0.4013861,0.0219315421
1.81666672,PlayerB,fighter,Head,0.34295404,0.231039837,-0.426557034
1.81666672,PlayerB,fighter,Chest,0.629897833,0.42274,-0.168125167
1.81666672,PlayerB,fighter,LeftHand,0.7972564,0.0282236934,-0.293390542
1.81666672,PlayerB,fighter,RightHand,0.3337857,0.0555607677,0.06547574
1.81666672,PlayerB,fighter,LeftFoot,1.31873107,0.078942515,0.0293756779
1.81666672,PlayerB,fighter,RightFoot,0.995029449,0.07788675,0.444549
1.83333337,PlayerA,actor,Root,-0.85,0,0
1.83333337,PlayerA,driver,Root,-0.390862525,0.07707423,0.7011559
1.83333337,PlayerA,native,AnimatorRoot,-0.390862525,0.07707423,0.7011559
1.83333337,PlayerA,native,Hips,-0.403466463,0.8160869,0.696547
1.83333337,PlayerA,native,Head,-0.434014857,1.33563828,0.6764517
1.83333337,PlayerA,native,Chest,-0.395832568,1.03524792,0.700845838
1.83333337,PlayerA,native,LeftHand,-0.2554164,1.65443707,0.7889526
1.83333337,PlayerA,native,RightHand,-0.231785238,1.55834413,0.759765565
1.83333337,PlayerA,native,LeftFoot,-0.4510164,0.120373376,1.05889738
1.83333337,PlayerA,native,RightFoot,-0.4218743,0.113400638,0.375275344
1.83333337,PlayerA,fighter,AnimatorRoot,-0.85,0,0
1.83333337,PlayerA,fighter,Hips,-0.4034663,0.8160869,0.696547031
1.83333337,PlayerA,fighter,Head,-0.433843076,1.3024323,0.6778008
1.83333337,PlayerA,fighter,Chest,-0.410224825,1.01954448,0.6968776
1.83333337,PlayerA,fighter,LeftHand,-0.255948663,1.65542758,0.790107131
1.83333337,PlayerA,fighter,RightHand,-0.234378815,1.55746651,0.7567247
1.83333337,PlayerA,fighter,LeftFoot,-0.451016515,0.120373391,1.0588975
1.83333337,PlayerA,fighter,RightFoot,-0.421874225,0.11340075,0.375275373
1.83333337,PlayerB,actor,Root,0.850000262,0,-2.026558E-07
1.83333337,PlayerB,driver,Root,0.735415,-0.5087407,-0.0691701
1.83333337,PlayerB,native,AnimatorRoot,0.735415,-0.5087407,-0.0691701
1.83333337,PlayerB,native,Hips,0.837232351,0.4013735,0.02225702
1.83333337,PlayerB,native,Head,0.5076913,0.299645424,-0.289731443
1.83333337,PlayerB,native,Chest,0.6893767,0.419628382,-0.110636823
1.83333337,PlayerB,native,LeftHand,0.797289968,0.0282205939,-0.293407381
1.83333337,PlayerB,native,RightHand,0.333868146,0.05551648,0.06557564
1.83333337,PlayerB,native,LeftFoot,1.31873822,0.07895303,0.0293740686
1.83333337,PlayerB,native,RightFoot,0.9950291,0.0778867,0.444549173
1.83333337,PlayerB,fighter,AnimatorRoot,0.850000262,0,-2.026558E-07
1.83333337,PlayerB,fighter,Hips,0.837232351,0.401373446,0.02225702
1.83333337,PlayerB,fighter,Head,0.344836116,0.233306825,-0.4285406
1.83333337,PlayerB,fighter,Chest,0.6310297,0.423320383,-0.168071762
1.83333337,PlayerB,fighter,LeftHand,0.797289968,0.0282206889,-0.29340747
1.83333337,PlayerB,fighter,RightHand,0.333868146,0.0555166639,0.0655757561
1.83333337,PlayerB,fighter,LeftFoot,1.31873834,0.07895301,0.029374158
1.83333337,PlayerB,fighter,RightFoot,0.9950291,0.0778865442,0.444549143
1.84482765,PlayerA,actor,Root,-0.85,0,0
1.84482765,PlayerA,driver,Root,-0.38895762,0.07635763,0.7037025
1.84482765,PlayerA,native,AnimatorRoot,-0.38895762,0.07635763,0.7037025
1.84482765,PlayerA,native,Hips,-0.400611877,0.815385461,0.699645936
1.84482765,PlayerA,native,Head,-0.43320927,1.33454156,0.6791309
1.84482765,PlayerA,native,Chest,-0.39284128,1.03450024,0.70429194
1.84482765,PlayerA,native,LeftHand,-0.254099071,1.65441132,0.788902938
1.84482765,PlayerA,native,RightHand,-0.230586112,1.55749726,0.7597229
1.84482765,PlayerA,native,LeftFoot,-0.4509548,0.120252848,1.05889928
1.84482765,PlayerA,native,RightFoot,-0.421868324,0.1134087,0.375274122
1.84482765,PlayerA,fighter,AnimatorRoot,-0.85,0,0
1.84482765,PlayerA,fighter,Hips,-0.4006118,0.815385461,0.6996461
1.84482765,PlayerA,fighter,Head,-0.43317914,1.30141759,0.680439651
1.84482765,PlayerA,fighter,Chest,-0.407374382,1.01881433,0.7002954
1.84482765,PlayerA,fighter,LeftHand,-0.25461334,1.65541208,0.790074766
1.84482765,PlayerA,fighter,RightHand,-0.233116686,1.55661678,0.75663
1.84482765,PlayerA,fighter,LeftFoot,-0.450954825,0.120252706,1.05889928
1.84482765,PlayerA,fighter,RightFoot,-0.4218681,0.113408856,0.375274122
1.84482765,PlayerB,actor,Root,0.850000262,0,-2.026558E-07
1.84482765,PlayerB,driver,Root,0.7360475,-0.508634567,-0.06927802
1.84482765,PlayerB,native,AnimatorRoot,0.7360475,-0.508634567,-0.06927802
1.84482765,PlayerB,native,Hips,0.83795464,0.401210129,0.0226691943
1.84482765,PlayerB,native,Head,0.508678,0.300278485,-0.290057
1.84482765,PlayerB,native,Chest,0.6900904,0.419586778,-0.110236496
1.84482765,PlayerB,native,LeftHand,0.797296345,0.0282204151,-0.293411374
1.84482765,PlayerB,native,RightHand,0.3338821,0.0554904938,0.0655869
1.84482765,PlayerB,native,LeftFoot,1.3187393,0.07895452,0.02937225
1.84482765,PlayerB,native,RightFoot,0.9950283,0.07788539,0.444548517
1.84482765,PlayerB,fighter,AnimatorRoot,0.850000262,0,-2.026558E-07
1.84482765,PlayerB,fighter,Hips,0.83795464,0.4012101,0.0226691943
1.84482765,PlayerB,fighter,Head,0.3462509,0.234229192,-0.429454923
1.84482765,PlayerB,fighter,Chest,0.631839931,0.423451245,-0.167752564
1.84482765,PlayerB,fighter,LeftHand,0.7972964,0.0282202717,-0.2934115
1.84482765,PlayerB,fighter,RightHand,0.333882153,0.0554907136,0.06558708
1.84482765,PlayerB,fighter,LeftFoot,1.31873918,0.07895447,0.02937231
1.84482765,PlayerB,fighter,RightFoot,0.9950283,0.07788525,0.444548517
1.85,PlayerA,actor,Root,-0.85,0,0
1.85,PlayerA,driver,Root,-0.388184726,0.07611152,0.704876065
1.85,PlayerA,native,AnimatorRoot,-0.388184726,0.07611152,0.704876065
1.85,PlayerA,native,Hips,-0.3992823,0.815165,0.70108366
1.85,PlayerA,native,Head,-0.4330837,1.33410025,0.6803374
1.85,PlayerA,native,Chest,-0.391497374,1.03425765,0.7058827
1.85,PlayerA,native,LeftHand,-0.253853679,1.65459263,0.7889911
1.85,PlayerA,native,RightHand,-0.2298842,1.5575726,0.75974685
1.85,PlayerA,native,LeftFoot,-0.4509606,0.120265149,1.05889618
1.85,PlayerA,native,RightFoot,-0.421867,0.113416106,0.375280678
1.85,PlayerA,fighter,AnimatorRoot,-0.85,0,0
1.85,PlayerA,fighter,Hips,-0.399282157,0.815165,0.7010838
1.85,PlayerA,fighter,Head,-0.433118522,1.30102,0.681625
1.85,PlayerA,fighter,Chest,-0.406097978,1.0185765,0.7018714
1.85,PlayerA,fighter,LeftHand,-0.2543639,1.65559328,0.7901714
1.85,PlayerA,fighter,RightHand,-0.232381582,1.55668926,0.756628036
1.85,PlayerA,fighter,LeftFoot,-0.450960577,0.1202652,1.05889606
1.85,PlayerA,fighter,RightFoot,-0.421866983,0.113415956,0.3752807
1.85,PlayerB,actor,Root,0.850000262,0,-2.026558E-07
1.85,PlayerB,driver,Root,0.7363492,-0.5086395,-0.06928733
1.85,PlayerB,native,AnimatorRoot,0.7363492,-0.5086395,-0.06928733
1.85,PlayerB,native,Hips,0.8383079,0.401099563,0.0228999164
1.85,PlayerB,native,Head,0.5091351,0.300450146,-0.2900956
1.85,PlayerB,native,Chest,0.69042933,0.41951865,-0.109997086
1.85,PlayerB,native,LeftHand,0.7972954,0.0282205939,-0.2934104
1.85,PlayerB,native,RightHand,0.333880126,0.05547476,0.06557784
1.85,PlayerB,native,LeftFoot,1.31873274,0.0789458752,0.029373711
1.85,PlayerB,native,RightFoot,0.995028853,0.07788664,0.4445487
1.85,PlayerB,fighter,AnimatorRoot,0.850000262,0,-2.026558E-07
1.85,PlayerB,fighter,Hips,0.8383079,0.401099533,0.0228999164
1.85,PlayerB,fighter,Head,0.346913218,0.234489128,-0.429755
1.85,PlayerB,fighter,Chest,0.6322112,0.4234448,-0.1675403
1.85,PlayerB,fighter,LeftHand,0.7972955,0.0282205213,-0.2934105
1.85,PlayerB,fighter,RightHand,0.3338803,0.0554749854,0.0655779
1.85,PlayerB,fighter,LeftFoot,1.31873274,0.07894585,0.02937374
1.85,PlayerB,fighter,RightFoot,0.9950289,0.0778865442,0.444548756
1.86666667,PlayerA,actor,Root,-0.85,0,0
1.86666667,PlayerA,driver,Root,-0.3859933,0.0755591542,0.708580732
1.86666667,PlayerA,native,AnimatorRoot,-0.3859933,0.0755591542,0.708580732
1.86666667,PlayerA,native,Hips,-0.3947789,0.814850867,0.705752
1.86666667,PlayerA,native,Head,-0.43351534,1.33285,0.683827758
1.86666667,PlayerA,native,Chest,-0.3870847,1.03386223,0.7109933
1.86666667,PlayerA,native,LeftHand,-0.2535324,1.65531564,0.78961134
1.86666667,PlayerA,native,RightHand,-0.227142811,1.55870378,0.759851336
1.86666667,PlayerA,native,LeftFoot,-0.45101583,0.120371893,1.05889881
1.86666667,PlayerA,native,RightFoot,-0.421873748,0.113400847,0.375276148
1.86666667,PlayerA,fighter,AnimatorRoot,-0.85,0,0
1.86666667,PlayerA,fighter,Hips,-0.394778758,0.8148509,0.705752134
1.86666667,PlayerA,fighter,Head,-0.433781147,1.29994333,0.6850347
1.86666667,PlayerA,fighter,Chest,-0.401924849,1.01818812,0.706907451
1.86666667,PlayerA,fighter,LeftHand,-0.254045784,1.65629768,0.79082185
1.86666667,PlayerA,fighter,RightHand,-0.2295115,1.55781162,0.756636143
1.86666667,PlayerA,fighter,LeftFoot,-0.451015919,0.120371677,1.05889881
1.86666667,PlayerA,fighter,RightFoot,-0.421873838,0.113400653,0.375276119
1.86666667,PlayerB,actor,Root,0.850000262,0,-2.026558E-07
1.86666667,PlayerB,driver,Root,0.737419069,-0.5088661,-0.06916923
1.86666667,PlayerB,native,AnimatorRoot,0.737419069,-0.5088661,-0.06916923
1.86666667,PlayerB,native,Hips,0.839570761,0.400581717,0.0238347668
1.86666667,PlayerB,native,Head,0.510716856,0.300557137,-0.28983745
1.86666667,PlayerB,native,Chest,0.6916121,0.4190927,-0.108987793
1.86666667,PlayerB,native,LeftHand,0.7972895,0.0282197,-0.2934086
1.86666667,PlayerB,native,RightHand,0.333833456,0.0554162264,0.0655036941
1.86666667,PlayerB,native,LeftFoot,1.31873786,0.07895303,0.02937374
1.86666667,PlayerB,native,RightFoot,0.9950288,0.07788634,0.444549
1.86666667,PlayerB,fighter,AnimatorRoot,0.850000262,0,-2.026558E-07
1.86666667,PlayerB,fighter,Hips,0.839570761,0.4005817,0.0238347743
1.86666667,PlayerB,fighter,Head,0.3492185,0.234741345,-0.430355817
1.86666667,PlayerB,fighter,Chest,0.633464336,0.423160434,-0.166590676
1.86666667,PlayerB,fighter,LeftHand,0.7972896,0.0282198545,-0.293408722
1.86666667,PlayerB,fighter,RightHand,0.333833635,0.0554161966,0.06550393
1.86666667,PlayerB,fighter,LeftFoot,1.31873775,0.07895299,0.02937374
1.86666667,PlayerB,fighter,RightFoot,0.9950289,0.07788638,0.444548935
1.88333333,PlayerA,actor,Root,-0.85,0,0
1.88333333,PlayerA,driver,Root,-0.384297669,0.0754293054,0.71204114
1.88333333,PlayerA,native,AnimatorRoot,-0.384297669,0.0754293054,0.71204114
1.88333333,PlayerA,native,Hips,-0.389813155,0.8153142,0.710449457
1.88333333,PlayerA,native,Head,-0.4354109,1.33188,0.686375
1.88333333,PlayerA,native,Chest,-0.3824363,1.034219,0.716024756
1.88333333,PlayerA,native,LeftHand,-0.253453851,1.65582836,0.790481448
1.88333333,PlayerA,native,RightHand,-0.223712087,1.56076527,0.7596153
1.88333333,PlayerA,native,LeftFoot,-0.451014936,0.120373406,1.05889869
1.88333333,PlayerA,native,RightFoot,-0.421869785,0.113376863,0.375263184
1.88333333,PlayerA,fighter,AnimatorRoot,-0.85,0,0
1.88333333,PlayerA,fighter,Hips,-0.389812976,0.815314233,0.7104497
1.88333333,PlayerA,fighter,Head,-0.4359572,1.29920387,0.6874742
1.88333333,PlayerA,fighter,Chest,-0.397560775,1.01853752,0.711804032
1.88333333,PlayerA,fighter,LeftHand,-0.253995717,1.656765,0.7917238
1.88333333,PlayerA,fighter,RightHand,-0.2259118,1.55986631,0.7562838
1.88333333,PlayerA,fighter,LeftFoot,-0.451014966,0.1203733,1.05889893
1.88333333,PlayerA,fighter,RightFoot,-0.421869755,0.113376714,0.375263155
1.88333333,PlayerB,actor,Root,0.850000262,0,-2.026558E-07
1.88333333,PlayerB,driver,Root,0.7386666,-0.509443343,-0.06881417
1.88333333,PlayerB,native,AnimatorRoot,0.7386666,-0.509443343,-0.06881417
1.88333333,PlayerB,native,Hips,0.841051042,0.399790049,0.0250867549
1.88333333,PlayerB,native,Head,0.512523353,0.299927175,-0.288989782
1.88333333,PlayerB,native,Chest,0.692963243,0.418319046,-0.107591987
1.88333333,PlayerB,native,LeftHand,0.797287941,0.02821803,-0.293412954
1.88333333,PlayerB,native,RightHand,0.333726823,0.0553623438,0.065348126
1.88333333,PlayerB,native,LeftFoot,1.3187412,0.07895708,0.0293691214
1.88333333,PlayerB,native,RightFoot,0.9950282,0.0778861046,0.4445493
1.88333333,PlayerB,fighter,AnimatorRoot,0.850000262,0,-2.026558E-07
1.88333333,PlayerB,fighter,Hips,0.841051042,0.399790019,0.0250867624
1.88333333,PlayerB,fighter,Head,0.3518569,0.234047487,-0.430410534
1.88333333,PlayerB,fighter,Chest,0.6348354,0.422438234,-0.165215373
1.88333333,PlayerB,fighter,LeftHand,0.797287941,0.0282181446,-0.293413162
1.88333333,PlayerB,fighter,RightHand,0.333727,0.0553626642,0.0653482452
1.88333333,PlayerB,fighter,LeftFoot,1.31874108,0.07895708,0.0293691512
1.88333333,PlayerB,fighter,RightFoot,0.995028138,0.07788607,0.444549143
1.9,PlayerA,actor,Root,-0.85,0,0
1.9,PlayerA,driver,Root,-0.3828929,0.07543711,0.715357065
1.9,PlayerA,native,AnimatorRoot,-0.3828929,0.07543711,0.715357065
1.9,PlayerA,native,Hips,-0.384766966,0.8160947,0.7150903
1.9,PlayerA,native,Head,-0.437932968,1.33086479,0.688384831
1.9,PlayerA,native,Chest,-0.377805233,1.0348717,0.720944
1.9,PlayerA,native,LeftHand,-0.253443778,1.65613782,0.7916706
1.9,PlayerA,native,RightHand,-0.219473541,1.56344616,0.7594858
1.9,PlayerA,native,LeftFoot,-0.451015085,0.120371863,1.05889857
1.9,PlayerA,native,RightFoot,-0.4218731,0.113400653,0.375276268
1.9,PlayerA,fighter,AnimatorRoot,-0.85,0,0
1.9,PlayerA,fighter,Hips,-0.384766847,0.8160947,0.7150904
1.9,PlayerA,fighter,Head,-0.438782,1.29843366,0.689360857
1.9,PlayerA,fighter,Chest,-0.393226534,1.01917577,0.716551065
1.9,PlayerA,fighter,LeftHand,-0.254031539,1.65700686,0.792942643
1.9,PlayerA,fighter,RightHand,-0.221473634,1.56254375,0.75603193
1.9,PlayerA,fighter,LeftFoot,-0.4510152,0.120371677,1.05889869
1.9,PlayerA,fighter,RightFoot,-0.421873122,0.1134006,0.3752763
1.9,PlayerB,actor,Root,0.850000262,0,-2.026558E-07
1.9,PlayerB,driver,Root,0.740042,-0.5102664,-0.06828118
1.9,PlayerB,native,AnimatorRoot,0.740042,-0.5102664,-0.06828118
1.9,PlayerB,native,Hips,0.842688441,0.398795128,0.0265745316
1.9,PlayerB,native,Head,0.514469445,0.298760653,-0.287687749
1.9,PlayerB,native,Chest,0.6944314,0.417289317,-0.105904944
1.9,PlayerB,native,LeftHand,0.797290742,0.0282197,-0.293409944
1.9,PlayerB,native,RightHand,0.333576024,0.0553000569,0.06512598
1.9,PlayerB,native,LeftFoot,1.31873739,0.07895291,0.029373711
1.9,PlayerB,native,RightFoot,0.9950281,0.0778867,0.4445487
1.9,PlayerB,fighter,AnimatorRoot,0.850000262,0,-2.026558E-07
1.9,PlayerB,fighter,Hips,0.842688441,0.3987951,0.0265745353
1.9,PlayerB,fighter,Head,0.354711056,0.232674137,-0.430037439
1.9,PlayerB,fighter,Chest,0.6362825,0.4213924,-0.163515866
1.9,PlayerB,fighter,LeftHand,0.7972909,0.0282196868,-0.293410122
1.9,PlayerB,fighter,RightHand,0.333576143,0.05530012,0.0651261
1.9,PlayerB,fighter,LeftFoot,1.31873739,0.0789528638,0.029373711
1.9,PlayerB,fighter,RightFoot,0.995028138,0.07788675,0.444548577
1.91666663,PlayerA,actor,Root,-0.85,0,0
1.91666663,PlayerA,driver,Root,-0.381632626,0.07535226,0.7185409
1.91666663,PlayerA,native,AnimatorRoot,-0.381632626,0.07535226,0.7185409
1.91666663,PlayerA,native,Hips,-0.379878849,0.816849232,0.719572544
1.91666663,PlayerA,native,Head,-0.440475732,1.32960093,0.689996243
1.91666663,PlayerA,native,Chest,-0.373328745,1.03548181,0.7256707
1.91666663,PlayerA,native,LeftHand,-0.253132164,1.65611351,0.7933745
1.91666663,PlayerA,native,RightHand,-0.21446985,1.5662595,0.759934366
1.91666663,PlayerA,native,LeftFoot,-0.451006621,0.120369509,1.0588913
1.91666663,PlayerA,native,RightFoot,-0.421875179,0.113370255,0.375234246
1.91666663,PlayerA,fighter,AnimatorRoot,-0.85,0,0
1.91666663,PlayerA,fighter,Hips,-0.3798787,0.816849232,0.719572663
1.91666663,PlayerA,fighter,Head,-0.441633,1.29740417,0.6908416
1.91666663,PlayerA,fighter,Chest,-0.389038026,1.01977122,0.7210784
1.91666663,PlayerA,fighter,LeftHand,-0.253776431,1.6568985,0.7946719
1.91666663,PlayerA,fighter,RightHand,-0.216246188,1.56536007,0.7563594
1.91666663,PlayerA,fighter,LeftFoot,-0.4510065,0.120369725,1.05889142
1.91666663,PlayerA,fighter,RightFoot,-0.4218751,0.113370232,0.375234276
1.91666663,PlayerB,actor,Root,0.850000262,0,-2.026558E-07
1.91666663,PlayerB,driver,Root,0.7415194,-0.511260867,-0.06761476
1.91666663,PlayerB,native,AnimatorRoot,0.7415194,-0.511260867,-0.06761476
1.91666663,PlayerB,native,Hips,0.844442666,0.397643447,0.028245816
1.91666663,PlayerB,native,Head,0.516512632,0.297200561,-0.286037445
1.91666663,PlayerB,native,Chest,0.6959854,0.416066,-0.1039911
1.91666663,PlayerB,native,LeftHand,0.797282755,0.0282130241,-0.293427855
1.91666663,PlayerB,native,RightHand,0.333386242,0.0552282929,0.06485645
1.91666663,PlayerB,native,LeftFoot,1.3187449,0.07896304,0.0293690618
1.91666663,PlayerB,native,RightFoot,0.995027661,0.0778861046,0.444549471
1.91666663,PlayerB,fighter,AnimatorRoot,0.850000262,0,-2.026558E-07
1.91666663,PlayerB,fighter,Hips,0.844442666,0.3976434,0.0282458235
1.91666663,PlayerB,fighter,Head,0.357718021,0.2308182,-0.429338127
1.91666663,PlayerB,fighter,Chest,0.6377829,0.420103,-0.161562979
1.91666663,PlayerB,fighter,LeftHand,0.797282934,0.0282131378,-0.293428063
1.91666663,PlayerB,fighter,RightHand,0.3333866,0.0552283563,0.06485651
1.91666663,PlayerB,fighter,LeftFoot,1.3187449,0.078963086,0.0293691214
1.91666663,PlayerB,fighter,RightFoot,0.995027661,0.07788608,0.444549531
1.93333328,PlayerA,actor,Root,-0.85,0,0
1.93333328,PlayerA,driver,Root,-0.3803504,0.07502322,0.721627
1.93333328,PlayerA,native,AnimatorRoot,-0.3803504,0.07502322,0.721627
1.93333328,PlayerA,native,Hips,-0.375408858,0.817282438,0.72381413
1.93333328,PlayerA,native,Head,-0.442492127,1.32801664,0.6914349
1.93333328,PlayerA,native,Chest,-0.369168669,1.03576446,0.7301613
1.93333328,PlayerA,native,LeftHand,-0.2521981,1.65569484,0.7955502
1.93333328,PlayerA,native,RightHand,-0.208635151,1.56871319,0.7611006
1.93333328,PlayerA,native,LeftFoot,-0.451014638,0.120371759,1.058899
1.93333328,PlayerA,native,RightFoot,-0.421873152,0.113400005,0.3752761
1.93333328,PlayerA,fighter,AnimatorRoot,-0.85,0,0
1.93333328,PlayerA,fighter,Hips,-0.375408679,0.8172825,0.723814249
1.93333328,PlayerA,fighter,Head,-0.4439456,1.29602432,0.6921481
1.93333328,PlayerA,fighter,Chest,-0.385137022,1.02004671,0.7253536
1.93333328,PlayerA,fighter,LeftHand,-0.252904832,1.65638411,0.7968642
1.93333328,PlayerA,fighter,RightHand,-0.2101711,1.56782281,0.757413864
1.93333328,PlayerA,fighter,LeftFoot,-0.451014638,0.120371774,1.058899
1.93333328,PlayerA,fighter,RightFoot,-0.421873182,0.113399841,0.375276119
1.93333328,PlayerB,actor,Root,0.850000262,0,-2.026558E-07
1.93333328,PlayerB,driver,Root,0.743068635,-0.5123579,-0.06685671
1.93333328,PlayerB,native,AnimatorRoot,0.743068635,-0.5123579,-0.06685671
1.93333328,PlayerB,native,Hips,0.8462771,0.3963793,0.0300438572
1.93333328,PlayerB,native,Head,0.518614352,0.295384347,-0.284148246
1.93333328,PlayerB,native,Chest,0.6975975,0.414708078,-0.101919733
1.93333328,PlayerB,native,LeftHand,0.7972921,0.0282199383,-0.2934115
1.93333328,PlayerB,native,RightHand,0.333167255,0.0551558733,0.06454382
1.93333328,PlayerB,native,LeftFoot,1.31873679,0.0789532661,0.029373413
1.93333328,PlayerB,native,RightFoot,0.995028,0.07788682,0.444548368
1.93333328,PlayerB,fighter,AnimatorRoot,0.850000262,0,-2.026558E-07
1.93333328,PlayerB,fighter,Hips,0.8462771,0.396379262,0.0300438628
1.93333328,PlayerB,fighter,Head,0.360819548,0.228670821,-0.42841962
1.93333328,PlayerB,fighter,Chest,0.6393187,0.418646216,-0.159433261
1.93333328,PlayerB,fighter,LeftHand,0.797292352,0.0282200631,-0.293411762
1.93333328,PlayerB,fighter,RightHand,0.333167255,0.0551560521,0.06454382
1.93333328,PlayerB,fighter,LeftFoot,1.31873691,0.07895336,0.0293735322
1.93333328,PlayerB,fighter,RightFoot,0.995027959,0.07788669,0.444548279
1.95,PlayerA,actor,Root,-0.85,0,0
1.95,PlayerA,driver,Root,-0.378879368,0.07427387,0.724626541
1.95,PlayerA,native,AnimatorRoot,-0.378879368,0.07427387,0.724626541
1.95,PlayerA,native,Hips,-0.371591538,0.8170628,0.727708936
1.95,PlayerA,native,Head,-0.443428218,1.32607555,0.692880869
1.95,PlayerA,native,Chest,-0.3654581,1.03540444,0.7343347
1.95,PlayerA,native,LeftHand,-0.250298917,1.65490091,0.7983975
1.95,PlayerA,native,RightHand,-0.201971292,1.57032883,0.7634251
1.95,PlayerA,native,LeftFoot,-0.451010078,0.120386086,1.05888474
1.95,PlayerA,native,RightFoot,-0.421875358,0.113424167,0.3752616
1.95,PlayerA,fighter,AnimatorRoot,-0.85,0,0
1.95,PlayerA,fighter,Hips,-0.371591359,0.8170628,0.727709055
1.95,PlayerA,fighter,Head,-0.445147932,1.29424155,0.69347024
1.95,PlayerA,fighter,Chest,-0.3816369,1.01969409,0.729306459
1.95,PlayerA,fighter,LeftHand,-0.2510671,1.65548837,0.799718559
1.95,PlayerA,fighter,RightHand,-0.2032597,1.56945634,0.7596408
1.95,PlayerA,fighter,LeftFoot,-0.4510101,0.120386124,1.05888474
1.95,PlayerA,fighter,RightFoot,-0.421875238,0.113424204,0.375261664
1.95,PlayerB,actor,Root,0.850000262,0,-2.026558E-07
1.95,PlayerB,driver,Root,0.744661331,-0.513484657,-0.06604992
1.95,PlayerB,native,AnimatorRoot,0.744661331,-0.513484657,-0.06604992
1.95,PlayerB,native,Hips,0.848151,0.395051062,0.0319185741
1.95,PlayerB,native,Head,0.520731568,0.293455541,-0.2821229
1.95,PlayerB,native,Chest,0.699235857,0.413279831,-0.0997532159
1.95,PlayerB,native,LeftHand,0.7972601,0.0281978846,-0.293473482
1.95,PlayerB,native,RightHand,0.332926154,0.0550665259,0.0642145649
1.95,PlayerB,native,LeftFoot,1.31874681,0.07896751,0.0293729957
1.95,PlayerB,native,RightFoot,0.995027959,0.07788724,0.4445497
1.95,PlayerB,fighter,AnimatorRoot,0.850000262,0,-2.026558E-07
1.95,PlayerB,fighter,Hips,0.848151,0.395051062,0.0319185778
1.95,PlayerB,fighter,Head,0.3639513,0.226425827,-0.427380353
1.95,PlayerB,fighter,Chest,0.640866637,0.4171038,-0.157195389
1.95,PlayerB,fighter,LeftHand,0.7972602,0.0281980336,-0.2934736
1.95,PlayerB,fighter,RightHand,0.332926333,0.0550667234,0.0642145649
1.95,PlayerB,fighter,LeftFoot,1.318747,0.07896749,0.0293730553
1.95,PlayerB,fighter,RightFoot,0.995028,0.07788725,0.444549739
1.9666667,PlayerA,actor,Root,-0.85,0,0
1.9666667,PlayerA,driver,Root,-0.3770736,0.07294762,0.7276218
1.9666667,PlayerA,native,AnimatorRoot,-0.3770736,0.07294762,0.7276218
1.9666667,PlayerA,native,Hips,-0.368683279,0.815877736,0.731175661
1.9666667,PlayerA,native,Head,-0.442805767,1.32380056,0.6946475
1.9666667,PlayerA,native,Chest,-0.362360626,1.034107,0.738163
1.9666667,PlayerA,native,LeftHand,-0.247185647,1.65379274,0.8020887
1.9666667,PlayerA,native,RightHand,-0.194484174,1.57064664,0.767128646
1.9666667,PlayerA,native,LeftFoot,-0.451014042,0.120372027,1.05889964
1.9666667,PlayerA,native,RightFoot,-0.421871841,0.113400273,0.375277162
1.9666667,PlayerA,fighter,AnimatorRoot,-0.85,0,0
1.9666667,PlayerA,fighter,Hips,-0.36868313,0.815877736,0.7311759
1.9666667,PlayerA,fighter,Head,-0.44474268,1.29206681,0.695127666
1.9666667,PlayerA,fighter,Chest,-0.3786816,1.01842678,0.7329217
1.9666667,PlayerA,fighter,LeftHand,-0.24800992,1.65427971,0.803408146
1.9666667,PlayerA,fighter,RightHand,-0.195527256,1.569798,0.763263643
1.9666667,PlayerA,fighter,LeftFoot,-0.451013982,0.120372109,1.05889964
1.9666667,PlayerA,fighter,RightFoot,-0.42187193,0.113400176,0.375277132
1.9666667,PlayerB,actor,Root,0.850000262,0,-2.026558E-07
1.9666667,PlayerB,driver,Root,0.746266246,-0.5145791,-0.06523569
1.9666667,PlayerB,native,AnimatorRoot,0.746266246,-0.5145791,-0.06523569
1.9666667,PlayerB,native,Hips,0.850028038,0.393700659,0.03381023
1.9666667,PlayerB,native,Head,0.522824049,0.291548967,-0.280072629
1.9666667,PlayerB,native,Chest,0.700873,0.411838174,-0.0975639448
1.9666667,PlayerB,native,LeftHand,0.797294259,0.0282201171,-0.2934126
1.9666667,PlayerB,native,RightHand,0.332679868,0.05496967,0.0638616458
1.9666667,PlayerB,native,LeftFoot,1.31873679,0.078953445,0.0293735024
1.9666667,PlayerB,native,RightFoot,0.9950279,0.0778874755,0.444547951
1.9666667,PlayerB,fighter,AnimatorRoot,0.850000262,0,-2.026558E-07
1.9666667,PlayerB,fighter,Hips,0.850028038,0.393700629,0.0338102356
1.9666667,PlayerB,fighter,Head,0.367049456,0.224268481,-0.426327825
1.9666667,PlayerB,fighter,Chest,0.642407954,0.415550143,-0.1549283
1.9666667,PlayerB,fighter,LeftHand,0.797294438,0.0282200221,-0.2934126
1.9666667,PlayerB,fighter,RightHand,0.332679927,0.0549696721,0.0638616458
1.9666667,PlayerB,fighter,LeftFoot,1.31873679,0.07895341,0.0293735024
1.9666667,PlayerB,fighter,RightFoot,0.9950277,0.07788738,0.444547862
1.96781623,PlayerA,actor,Root,-0.85,0,0
1.96781623,PlayerA,driver,Root,-0.376926,0.07282436,0.727832556
1.96781623,PlayerA,native,AnimatorRoot,-0.376926,0.07282436,0.727832556
1.96781623,PlayerA,native,Hips,-0.368532717,0.8157404,0.7313931
1.96781623,PlayerA,native,Head,-0.442671359,1.32362986,0.6947999
1.96781623,PlayerA,native,Chest,-0.362179548,1.03396368,0.7384113
1.96781623,PlayerA,native,LeftHand,-0.246907353,1.65370691,0.8023808
1.96781623,PlayerA,native,RightHand,-0.193933368,1.57058954,0.76745
1.96781623,PlayerA,native,LeftFoot,-0.451017529,0.120371431,1.05890417
1.96781623,PlayerA,native,RightFoot,-0.421872675,0.113399126,0.375284374
1.96781623,PlayerA,fighter,AnimatorRoot,-0.85,0,0
1.96781623,PlayerA,fighter,Hips,-0.3685326,0.8157404,0.7313932
1.96781623,PlayerA,fighter,Head,-0.44462046,1.29189992,0.695273638
1.96781623,PlayerA,fighter,Chest,-0.37850666,1.01828706,0.7331565
1.96781623,PlayerA,fighter,LeftHand,-0.247734666,1.65418744,0.8037
1.96781623,PlayerA,fighter,RightHand,-0.194960177,1.56974316,0.7635806
1.96781623,PlayerA,fighter,LeftFoot,-0.451017469,0.120371483,1.05890429
1.96781623,PlayerA,fighter,RightFoot,-0.421872646,0.113399081,0.3752844
1.96781623,PlayerB,actor,Root,0.850000262,0,-2.026558E-07
1.96781623,PlayerB,driver,Root,0.7463753,-0.514649034,-0.06518206
1.96781623,PlayerB,native,AnimatorRoot,0.7463753,-0.514649034,-0.06518206
1.96781623,PlayerB,native,Hips,0.850154757,0.393609881,0.0339378
1.96781623,PlayerB,native,Head,0.522964239,0.291427672,-0.279937267
1.96781623,PlayerB,native,Chest,0.7009836,0.411742449,-0.09741644
1.96781623,PlayerB,native,LeftHand,0.797294,0.0282200575,-0.293412477
1.96781623,PlayerB,native,RightHand,0.332662284,0.0549629927,0.0638374463
1.96781623,PlayerB,native,LeftFoot,1.31873655,0.07895404,0.0293750223
1.96781623,PlayerB,native,RightFoot,0.995027542,0.0778873,0.444547772
1.96781623,PlayerB,fighter,AnimatorRoot,0.850000262,0,-2.026558E-07
1.96781623,PlayerB,fighter,Hips,0.850154757,0.393609852,0.0339378044
1.96781623,PlayerB,fighter,Head,0.367257059,0.2241356,-0.426261455
1.96781623,PlayerB,fighter,Chest,0.6425122,0.41544795,-0.154775545
1.96781623,PlayerB,fighter,LeftHand,0.7972942,0.0282200221,-0.293412656
1.96781623,PlayerB,fighter,RightHand,0.332662344,0.054963164,0.0638374463
1.96781623,PlayerB,fighter,LeftFoot,1.31873667,0.07895408,0.0293751117
1.96781623,PlayerB,fighter,RightFoot,0.9950275,0.07788715,0.444547743
1.98333335,PlayerA,actor,Root,-0.85,0,0
1.98333335,PlayerA,driver,Root,-0.3747393,0.0709099546,0.730666
1.98333335,PlayerA,native,AnimatorRoot,-0.3747393,0.0709099546,0.730666
1.98333335,PlayerA,native,Hips,-0.366929144,0.813423038,0.734110951
1.98333335,PlayerA,native,Head,-0.440126181,1.32121122,0.6970059
1.98333335,PlayerA,native,Chest,-0.360020369,1.03158426,0.7415801
1.98333335,PlayerA,native,LeftHand,-0.242568791,1.65243709,0.806713045
1.98333335,PlayerA,native,RightHand,-0.186099,1.56912243,0.7725269
1.98333335,PlayerA,native,LeftFoot,-0.451028883,0.120411754,1.058883
1.98333335,PlayerA,native,RightFoot,-0.421883762,0.113491029,0.375332355
1.98333335,PlayerA,fighter,AnimatorRoot,-0.85,0,0
1.98333335,PlayerA,fighter,Hips,-0.366929,0.8134231,0.7341111
1.98333335,PlayerA,fighter,Head,-0.4422145,1.28950632,0.6974012
1.98333335,PlayerA,fighter,Chest,-0.376396745,1.01596475,0.736147046
1.98333335,PlayerA,fighter,LeftHand,-0.243437827,1.65283012,0.80802685
1.98333335,PlayerA,fighter,RightHand,-0.1869095,1.5683049,0.768600047
1.98333335,PlayerA,fighter,LeftFoot,-0.4510289,0.12041159,1.058883
1.98333335,PlayerA,fighter,RightFoot,-0.421883821,0.113490917,0.3753323
1.98333335,PlayerB,actor,Root,0.850000262,0,-2.026558E-07
1.98333335,PlayerB,driver,Root,0.747854531,-0.5155738,-0.06445548
1.98333335,PlayerB,native,AnimatorRoot,0.747854531,-0.5155738,-0.06445548
1.98333335,PlayerB,native,Hips,0.851867,0.3923775,0.03566966
1.98333335,PlayerB,native,Head,0.5248456,0.289807737,-0.278098077
1.98333335,PlayerB,native,Chest,0.702476144,0.4104479,-0.09541336
1.98333335,PlayerB,native,LeftHand,0.797294855,0.02821964,-0.293414772
1.98333335,PlayerB,native,RightHand,0.332426965,0.0548588037,0.0635150447
1.98333335,PlayerB,native,LeftFoot,1.31874573,0.07896739,0.0293771084
1.98333335,PlayerB,native,RightFoot,0.9950268,0.07788688,0.44454807
1.98333335,PlayerB,fighter,AnimatorRoot,0.850000262,0,-2.026558E-07
1.98333335,PlayerB,fighter,Hips,0.851867,0.392377466,0.0356696658
1.98333335,PlayerB,fighter,Head,0.3700454,0.222388759,-0.425359428
1.98333335,PlayerB,fighter,Chest,0.643918633,0.4140678,-0.152700126
1.98333335,PlayerB,fighter,LeftHand,0.797295,0.02821977,-0.29341507
1.98333335,PlayerB,fighter,RightHand,0.332427144,0.0548588559,0.0635151044
1.98333335,PlayerB,fighter,LeftFoot,1.31874585,0.078967385,0.029377168
1.98333335,PlayerB,fighter,RightFoot,0.995026946,0.07788692,0.44454807
2,PlayerA,actor,Root,-0.85,0,0
2,PlayerA,driver,Root,-0.371853054,0.06791856,0.733858466
2,PlayerA,native,AnimatorRoot,-0.371853054,0.06791856,0.733858466
2,PlayerA,native,Hips,-0.3665686,0.809344947,0.736426353
2,PlayerA,native,Head,-0.43490845,1.31819141,0.7003207
2,PlayerA,native,Chest,-0.358589351,1.02749217,0.7445563
2,PlayerA,native,LeftHand,-0.236225188,1.65082622,0.8127691
2,PlayerA,native,RightHand,-0.17687577,1.56538689,0.780002058
2,PlayerA,native,LeftFoot,-0.4510138,0.120372936,1.05889964
2,PlayerA,native,RightFoot,-0.421871781,0.113399714,0.3752771
2,PlayerA,fighter,AnimatorRoot,-0.85,0,0
2,PlayerA,fighter,Hips,-0.3665685,0.809344947,0.7364265
2,PlayerA,fighter,Head,-0.437065274,1.2864275,0.7006639
2,PlayerA,fighter,Chest,-0.374914557,1.0119698,0.73896575
2,PlayerA,fighter,LeftHand,-0.237124622,1.651137,0.8140773
2,PlayerA,fighter,RightHand,-0.177477539,1.56460631,0.7760307
2,PlayerA,fighter,LeftFoot,-0.451013774,0.120373107,1.05889988
2,PlayerA,fighter,RightFoot,-0.4218717,0.1133996,0.375277
2,PlayerB,actor,Root,0.850000262,0,-2.026558E-07
2,PlayerB,driver,Root,0.749390662,-0.516412139,-0.06375174
2,PlayerB,native,AnimatorRoot,0.749390662,-0.516412139,-0.06375174
2,PlayerB,native,Hips,0.853632569,0.3911252,0.03744119
2,PlayerB,native,Head,0.52675426,0.288367033,-0.276304215
2,PlayerB,native,Chest,0.704018235,0.409167647,-0.09336966
2,PlayerB,native,LeftHand,0.7972957,0.0282201171,-0.2934142
2,PlayerB,native,RightHand,0.332187653,0.0547395349,0.0631758347
2,PlayerB,native,LeftFoot,1.3187362,0.07895368,0.0293736216
2,PlayerB,native,RightFoot,0.9950275,0.0778873,0.4445478
2,PlayerB,fighter,AnimatorRoot,0.850000262,0,-2.026558E-07
2,PlayerB,fighter,Hips,0.853632569,0.391125172,0.0374411941
2,PlayerB,fighter,Head,0.372871757,0.2209685,-0.424576372
2,PlayerB,fighter,Chest,0.645379841,0.412732869,-0.150585547
2,PlayerB,fighter,LeftHand,0.7972957,0.0282200631,-0.2934144
2,PlayerB,fighter,RightHand,0.332187831,0.054739736,0.0631758943
2,PlayerB,fighter,LeftFoot,1.31873631,0.0789537,0.029373711
2,PlayerB,fighter,RightFoot,0.9950274,0.0778872743,0.444547653
2.01666665,PlayerA,actor,Root,-0.85,0,0
2.01666665,PlayerA,driver,Root,-0.3687591,0.06556987,0.7371782
2.01666665,PlayerA,native,AnimatorRoot,-0.3687591,0.06556987,0.7371782
2.01666665,PlayerA,native,Hips,-0.366172463,0.8058906,0.7389482
2.01666665,PlayerA,native,Head,-0.4297901,1.31562662,0.7038115
2.01666665,PlayerA,native,Chest,-0.356946915,1.02399325,0.7477584
2.01666665,PlayerA,native,LeftHand,-0.22943449,1.64954555,0.8151784
2.01666665,PlayerA,native,RightHand,-0.1677199,1.56131208,0.789028466
2.01666665,PlayerA,native,LeftFoot,-0.4502917,0.121273443,1.0586226
2.01666665,PlayerA,native,RightFoot,-0.422365129,0.114942484,0.3757528
2.01666665,PlayerA,fighter,AnimatorRoot,-0.85,0,0
2.01666665,PlayerA,fighter,Hips,-0.366172343,0.8058907,0.738948345
2.01666665,PlayerA,fighter,Head,-0.4320589,1.28381753,0.7040924
2.01666665,PlayerA,fighter,Chest,-0.373263359,1.00858235,0.742021263
2.01666665,PlayerA,fighter,LeftHand,-0.230350137,1.64979446,0.8164836
2.01666665,PlayerA,fighter,RightHand,-0.168138027,1.56055892,0.7850282
2.01666665,PlayerA,fighter,LeftFoot,-0.4502916,0.121273518,1.05862248
2.01666665,PlayerA,fighter,RightFoot,-0.42236498,0.1149426,0.375752777
2.01666665,PlayerB,actor,Root,0.850000262,0,-2.026558E-07
2.01666665,PlayerB,driver,Root,0.7509683,-0.5172768,-0.06301684
2.01666665,PlayerB,native,AnimatorRoot,0.7509683,-0.5172768,-0.06301684
2.01666665,PlayerB,native,Hips,0.855418742,0.389902532,0.0391866975
2.01666665,PlayerB,native,Head,0.528791666,0.286765933,-0.2745358
2.01666665,PlayerB,native,Chest,0.705593,0.407879233,-0.0913604
2.01666665,PlayerB,native,LeftHand,0.797293663,0.0282252431,-0.293415546
2.01666665,PlayerB,native,RightHand,0.331946015,0.05460763,0.06283692
2.01666665,PlayerB,native,LeftFoot,1.31873155,0.07894111,0.0293408688
2.01666665,PlayerB,native,RightFoot,0.995025039,0.077881515,0.444546461
2.01666665,PlayerB,fighter,AnimatorRoot,0.850000262,0,-2.026558E-07
2.01666665,PlayerB,fighter,Hips,0.855418742,0.389902472,0.0391867
2.01666665,PlayerB,fighter,Head,0.375917137,0.219205454,-0.423751324
2.01666665,PlayerB,fighter,Chest,0.6468868,0.41136992,-0.148522541
2.01666665,PlayerB,fighter,LeftHand,0.7972936,0.0282251537,-0.2934157
2.01666665,PlayerB,fighter,RightHand,0.3319462,0.05460793,0.06283686
2.01666665,PlayerB,fighter,LeftFoot,1.31873167,0.07894118,0.029340988
2.01666665,PlayerB,fighter,RightFoot,0.995025,0.07788143,0.444546372
2.0333333,PlayerA,actor,Root,-0.85,0,0
2.0333333,PlayerA,driver,Root,-0.3641584,0.05821322,0.741039455
2.0333333,PlayerA,native,AnimatorRoot,-0.3641584,0.05821322,0.741039455
2.0333333,PlayerA,native,Hips,-0.371044159,0.7951477,0.738818347
2.0333333,PlayerA,native,Head,-0.414670974,1.3096472,0.711259365
2.0333333,PlayerA,native,Chest,-0.359075665,1.01338363,0.7490017
2.0333333,PlayerA,native,LeftHand,-0.2172926,1.64596975,0.8295271
2.0333333,PlayerA,native,RightHand,-0.155669272,1.549077,0.8021522
2.0333333,PlayerA,native,LeftFoot,-0.451013327,0.120373353,1.05889916
2.0333333,PlayerA,native,RightFoot,-0.42187044,0.113400832,0.375277668
2.0333333,PlayerA,fighter,AnimatorRoot,-0.85,0,0
2.0333333,PlayerA,fighter,Hips,-0.37104407,0.7951477,0.7388185
2.0333333,PlayerA,fighter,Head,-0.416665345,1.27737987,0.711633444
2.0333333,PlayerA,fighter,Chest,-0.374899179,0.998181,0.7432593
2.0333333,PlayerA,fighter,LeftHand,-0.218191743,1.646167,0.8308499
2.0333333,PlayerA,fighter,RightHand,-0.155965269,1.54837883,0.798131168
2.0333333,PlayerA,fighter,LeftFoot,-0.4510132,0.120373681,1.058899
2.0333333,PlayerA,fighter,RightFoot,-0.421870321,0.113400795,0.375277668
2.0333333,PlayerB,actor,Root,0.850000262,0,-2.026558E-07
2.0333333,PlayerB,driver,Root,0.7521708,-0.5173824,-0.06274265
2.0333333,PlayerB,native,AnimatorRoot,0.7521708,-0.5173824,-0.06274265
2.0333333,PlayerB,native,Hips,0.8567822,0.389019132,0.04050428
2.0333333,PlayerB,native,Head,0.5300452,0.286940932,-0.273670375
2.0333333,PlayerB,native,Chest,0.706791043,0.407183766,-0.08986907
2.0333333,PlayerB,native,LeftHand,0.797296643,0.0282200575,-0.293415546
2.0333333,PlayerB,native,RightHand,0.331769824,0.05446273,0.06258372
2.0333333,PlayerB,native,LeftFoot,1.3187356,0.07895392,0.0293733831
2.0333333,PlayerB,native,RightFoot,0.9950271,0.07788795,0.4445475
2.0333333,PlayerB,fighter,AnimatorRoot,0.850000262,0,-2.026558E-07
2.0333333,PlayerB,fighter,Hips,0.8567822,0.389019132,0.0405042842
2.0333333,PlayerB,fighter,Head,0.377730519,0.2202302,-0.423962027
2.0333333,PlayerB,fighter,Chest,0.6480587,0.410821944,-0.14698866
2.0333333,PlayerB,fighter,LeftHand,0.7972967,0.0282198954,-0.2934157
2.0333333,PlayerB,fighter,RightHand,0.33177,0.05446278,0.0625839
2.0333333,PlayerB,fighter,LeftFoot,1.3187356,0.0789538249,0.0293733831
2.0333333,PlayerB,fighter,RightFoot,0.9950272,0.07788788,0.4445475
2.05,PlayerA,actor,Root,-0.85,0,0
2.05,PlayerA,driver,Root,-0.355573952,0.0402112976,0.746245861
2.05,PlayerA,native,AnimatorRoot,-0.355573952,0.0402112976,0.746245861
2.05,PlayerA,native,Hips,-0.3880428,0.7702259,0.733094633
2.05,PlayerA,native,Head,-0.375231,1.29182327,0.7289705
2.05,PlayerA,native,Chest,-0.370240629,0.9885606,0.746124864
2.05,PlayerA,native,LeftHand,-0.1929425,1.62970281,0.8493526
2.05,PlayerA,native,RightHand,-0.136383355,1.51156509,0.8212176
2.05,PlayerA,native,LeftFoot,-0.454323351,0.119564086,1.0589602
2.05,PlayerA,native,RightFoot,-0.417099565,0.111080147,0.374539256
2.05,PlayerA,fighter,AnimatorRoot,-0.85,0,0
2.05,PlayerA,fighter,Hips,-0.3880427,0.770225942,0.733094752
2.05,PlayerA,fighter,Head,-0.3761185,1.25774825,0.7298188
2.05,PlayerA,fighter,Chest,-0.384359151,0.9736931,0.740772
2.05,PlayerA,fighter,LeftHand,-0.193696439,1.6299,0.850763
2.05,PlayerA,fighter,RightHand,-0.136637151,1.51096249,0.817177951
2.05,PlayerA,fighter,LeftFoot,-0.454323381,0.119564153,1.05896008
2.05,PlayerA,fighter,RightFoot,-0.417099357,0.111080408,0.3745393
2.05,PlayerB,actor,Root,0.850000262,0,-2.026558E-07
2.05,PlayerB,driver,Root,0.752491057,-0.515601,-0.06371079
2.05,PlayerB,native,AnimatorRoot,0.752491057,-0.515601,-0.06371079
2.05,PlayerB,native,Hips,0.8570784,0.388950825,0.040802557
2.05,PlayerB,native,Head,0.529341757,0.291383445,-0.274880379
2.05,PlayerB,native,Chest,0.7070186,0.407915473,-0.08959256
2.05,PlayerB,native,LeftHand,0.7972912,0.0282187462,-0.293420434
2.05,PlayerB,native,RightHand,0.33177036,0.05440116,0.0625469461
2.05,PlayerB,native,LeftFoot,1.31878233,0.07905108,0.0295116361
2.05,PlayerB,native,RightFoot,0.9950202,0.0778934956,0.444544047
2.05,PlayerB,fighter,AnimatorRoot,0.850000262,0,-2.026558E-07
2.05,PlayerB,fighter,Hips,0.8570784,0.388950765,0.04080256
2.05,PlayerB,fighter,Head,0.376513571,0.2279818,-0.426587254
2.05,PlayerB,fighter,Chest,0.648345649,0.412224084,-0.146678925
2.05,PlayerB,fighter,LeftHand,0.7972914,0.02821877,-0.293420762
2.05,PlayerB,fighter,RightHand,0.331770539,0.05440136,0.0625469461
2.05,PlayerB,fighter,LeftFoot,1.31878233,0.0790509954,0.0295115765
2.05,PlayerB,fighter,RightFoot,0.9950203,0.0778933242,0.444543958
2.0666666,PlayerA,actor,Root,-0.85,0,0
2.0666666,PlayerA,driver,Root,-0.3468837,0.0131200962,0.7516082
2.0666666,PlayerA,native,AnimatorRoot,-0.3468837,0.0131200962,0.7516082
2.0666666,PlayerA,native,Hips,-0.412246555,0.7384311,0.724157
2.0666666,PlayerA,native,Head,-0.32393533,1.2528255,0.750480235
2.0666666,PlayerA,native,Chest,-0.386097431,0.9556241,0.740750253
2.0666666,PlayerA,native,LeftHand,-0.163378179,1.59695756,0.8814691
2.0666666,PlayerA,native,RightHand,-0.113685369,1.46581268,0.8374741
2.0666666,PlayerA,native,LeftFoot,-0.451012969,0.120373338,1.0589
2.0666666,PlayerA,native,RightFoot,-0.42187047,0.1133993,0.3752771
2.0666666,PlayerA,fighter,AnimatorRoot,-0.85,0,0
2.0666666,PlayerA,fighter,Hips,-0.4122464,0.7384311,0.7241571
2.0666666,PlayerA,fighter,Head,-0.323996484,1.215587,0.75176543
2.0666666,PlayerA,fighter,Chest,-0.398003846,0.9410866,0.735950947
2.0666666,PlayerA,fighter,LeftHand,-0.163943112,1.59717274,0.88296324
2.0666666,PlayerA,fighter,RightHand,-0.114042282,1.46520877,0.8334429
2.0666666,PlayerA,fighter,LeftFoot,-0.451013,0.120373487,1.05889988
2.0666666,PlayerA,fighter,RightFoot,-0.421870619,0.113399222,0.375277132
2.0666666,PlayerB,actor,Root,0.850000262,0,-2.026558E-07
2.0666666,PlayerB,driver,Root,0.7522949,-0.5131426,-0.0649444461
2.0666666,PlayerB,native,AnimatorRoot,0.7522949,-0.5131426,-0.0649444461
2.0666666,PlayerB,native,Hips,0.856968164,0.389127672,0.0407020338
2.0666666,PlayerB,native,Head,0.527807951,0.298025131,-0.2770033
2.0666666,PlayerB,native,Chest,0.706898332,0.4092332,-0.0898141637
2.0666666,PlayerB,native,LeftHand,0.797293544,0.02821672,-0.2934189
2.0666666,PlayerB,native,RightHand,0.3317377,0.05425024,0.0624930635
2.0666666,PlayerB,native,LeftFoot,1.3187356,0.07895404,0.0293732937
2.0666666,PlayerB,native,RightFoot,0.995027,0.07788736,0.4445475
2.0666666,PlayerB,fighter,AnimatorRoot,0.850000262,0,-2.026558E-07
2.0666666,PlayerB,fighter,Hips,0.856968164,0.389127642,0.0407020375
2.0666666,PlayerB,fighter,Head,0.373933583,0.239341885,-0.4302469
2.0666666,PlayerB,fighter,Chest,0.648334742,0.414499223,-0.146866336
2.0666666,PlayerB,fighter,LeftHand,0.7972936,0.0282166414,-0.2934191
2.0666666,PlayerB,fighter,RightHand,0.331737816,0.054250408,0.0624933019
2.0666666,PlayerB,fighter,LeftFoot,1.3187356,0.07895395,0.0293732341
2.0666666,PlayerB,fighter,RightFoot,0.995027,0.07788725,0.4445475
2.08333325,PlayerA,actor,Root,-0.85,0,0
2.08333325,PlayerA,driver,Root,-0.341294646,-0.0253322683,0.7559483
2.08333325,PlayerA,native,AnimatorRoot,-0.341294646,-0.0253322683,0.7559483
2.08333325,PlayerA,native,Hips,-0.441857666,0.6999192,0.71241
2.08333325,PlayerA,native,Head,-0.268866241,1.18266571,0.772085845
2.08333325,PlayerA,native,Chest,-0.404956758,0.9138765,0.733109355
2.08333325,PlayerA,native,LeftHand,-0.158959985,1.56283164,0.9207772
2.08333325,PlayerA,native,RightHand,-0.108790457,1.444757,0.851202667
2.08333325,PlayerA,native,LeftFoot,-0.449481845,0.118893668,1.05968606
2.08333325,PlayerA,native,RightFoot,-0.415820718,0.11121808,0.375160038
2.08333325,PlayerA,fighter,AnimatorRoot,-0.85,0,0
2.08333325,PlayerA,fighter,Hips,-0.441857517,0.6999192,0.7124101
2.08333325,PlayerA,fighter,Head,-0.2693894,1.14091992,0.773408651
2.08333325,PlayerA,fighter,Chest,-0.414381057,0.8995539,0.728907943
2.08333325,PlayerA,fighter,LeftHand,-0.159241974,1.56301713,0.9223531
2.08333325,PlayerA,fighter,RightHand,-0.109197855,1.44417155,0.8471732
2.08333325,PlayerA,fighter,LeftFoot,-0.449481815,0.118893765,1.05968606
2.08333325,PlayerA,fighter,RightFoot,-0.4158206,0.111218169,0.375160038
2.08333325,PlayerB,actor,Root,0.850000262,0,-2.026558E-07
2.08333325,PlayerB,driver,Root,0.7505784,-0.5057612,-0.06669057
2.08333325,PlayerB,native,AnimatorRoot,0.7505784,-0.5057612,-0.06669057
2.08333325,PlayerB,native,Hips,0.8567273,0.3950249,0.0410236232
2.08333325,PlayerB,native,Head,0.526122332,0.312070549,-0.2785646
2.08333325,PlayerB,native,Chest,0.7069477,0.417438984,-0.0896729
2.08333325,PlayerB,native,LeftHand,0.79449296,0.0287022591,-0.285312
2.08333325,PlayerB,native,RightHand,0.333982229,0.05257368,0.05951891
2.08333325,PlayerB,native,LeftFoot,1.3117671,0.081389904,0.0204956
2.08333325,PlayerB,native,RightFoot,0.9946228,0.080029726,0.437940776
2.08333325,PlayerB,fighter,AnimatorRoot,0.850000262,0,-2.026558E-07
2.08333325,PlayerB,fighter,Hips,0.8567273,0.395024836,0.0410236269
2.08333325,PlayerB,fighter,Head,0.371282279,0.258826315,-0.4334029
2.08333325,PlayerB,fighter,Chest,0.648521,0.424012274,-0.1466772
2.08333325,PlayerB,fighter,LeftHand,0.7944931,0.0287023839,-0.285312235
2.08333325,PlayerB,fighter,RightHand,0.333982229,0.052573923,0.05951897
2.08333325,PlayerB,fighter,LeftFoot,1.3117671,0.08138988,0.0204956885
2.08333325,PlayerB,fighter,RightFoot,0.994622767,0.08002966,0.437940568
2.09080482,PlayerA,actor,Root,-0.85,0,0
2.09080482,PlayerA,driver,Root,-0.339564085,-0.0450447872,0.7577616
2.09080482,PlayerA,native,AnimatorRoot,-0.339564085,-0.0450447872,0.7577616
2.09080482,PlayerA,native,Hips,-0.455085576,0.6833409,0.707517862
2.09080482,PlayerA,native,Head,-0.246061265,1.143809,0.7815382
2.09080482,PlayerA,native,Chest,-0.4127633,0.895080149,0.7302369
2.09080482,PlayerA,native,LeftHand,-0.142878711,1.53081751,0.9265
2.09080482,PlayerA,native,RightHand,-0.100385785,1.42169547,0.861460567
2.09080482,PlayerA,native,LeftFoot,-0.450110257,0.11944101,1.05954242
2.09080482,PlayerA,native,RightFoot,-0.41869837,0.111836888,0.375380754
2.09080482,PlayerA,fighter,AnimatorRoot,-0.85,0,0
2.09080482,PlayerA,fighter,Hips,-0.455085456,0.683340967,0.707518
2.09080482,PlayerA,fighter,Head,-0.24744463,1.099877,0.7825856
2.09080482,PlayerA,fighter,Chest,-0.421121538,0.88079685,0.726270556
2.09080482,PlayerA,fighter,LeftHand,-0.142943263,1.53101718,0.928097963
2.09080482,PlayerA,fighter,RightHand,-0.100906432,1.421194,0.85743314
2.09080482,PlayerA,fighter,LeftFoot,-0.450110346,0.119440936,1.0595423
2.09080482,PlayerA,fighter,RightFoot,-0.4186983,0.111836866,0.375380754
2.09080482,PlayerB,actor,Root,0.850000262,0,-2.026558E-07
2.09080482,PlayerB,driver,Root,0.7500458,-0.5039442,-0.06707874
2.09080482,PlayerB,native,AnimatorRoot,0.7500458,-0.5039442,-0.06707874
2.09080482,PlayerB,native,Hips,0.856655359,0.39591682,0.0410418473
2.09080482,PlayerB,native,Head,0.525314569,0.3168515,-0.2795487
2.09080482,PlayerB,native,Chest,0.706946969,0.419148028,-0.08974497
2.09080482,PlayerB,native,LeftHand,0.793906569,0.02885133,-0.2839732
2.09080482,PlayerB,native,RightHand,0.3341756,0.05218309,0.0586436167
2.09080482,PlayerB,native,LeftFoot,1.3106395,0.0817319751,0.0189932939
2.09080482,PlayerB,native,RightFoot,0.994549632,0.08037329,0.4369246
2.09080482,PlayerB,fighter,AnimatorRoot,0.850000262,0,-2.026558E-07
2.09080482,PlayerB,fighter,Hips,0.856655359,0.39591682,0.04104185
2.09080482,PlayerB,fighter,Head,0.369884044,0.266380727,-0.435076028
2.09080482,PlayerB,fighter,Chest,0.648594856,0.42630443,-0.146723449
2.09080482,PlayerB,fighter,LeftHand,0.7939067,0.0288513359,-0.283973426
2.09080482,PlayerB,fighter,RightHand,0.334175766,0.0521831438,0.0586435571
2.09080482,PlayerB,fighter,LeftFoot,1.3106395,0.08173205,0.0189933535
2.09080482,PlayerB,fighter,RightFoot,0.9945495,0.08037319,0.4369246
2.1,PlayerA,actor,Root,-0.85,0,0
2.1,PlayerA,driver,Root,-0.338343978,-0.069299385,0.7600361
2.1,PlayerA,native,AnimatorRoot,-0.338343978,-0.069299385,0.7600361
2.1,PlayerA,native,Hips,-0.470905244,0.665088356,0.7022544
2.1,PlayerA,native,Head,-0.226115525,1.09758484,0.7910591
2.1,PlayerA,native,Chest,-0.421465933,0.8737903,0.7274847
2.1,PlayerA,native,LeftHand,-0.10365963,1.471125,0.9489205
2.1,PlayerA,native,RightHand,-0.06198454,1.36320639,0.8810003
2.1,PlayerA,native,LeftFoot,-0.451011777,0.120370865,1.05890262
2.1,PlayerA,native,RightFoot,-0.4218699,0.113402694,0.375280231
2.1,PlayerA,fighter,AnimatorRoot,-0.85,0,0
2.1,PlayerA,fighter,Hips,-0.4709051,0.665088356,0.702254534
2.1,PlayerA,fighter,Head,-0.229023159,1.05149746,0.791460931
2.1,PlayerA,fighter,Chest,-0.428908765,0.8595628,0.7236619
2.1,PlayerA,fighter,LeftHand,-0.103650272,1.47137713,0.95051235
2.1,PlayerA,fighter,RightHand,-0.06305677,1.36276615,0.8770754
2.1,PlayerA,fighter,LeftFoot,-0.451011777,0.120370865,1.05890286
2.1,PlayerA,fighter,RightFoot,-0.421869844,0.113402605,0.3752803
2.1,PlayerB,actor,Root,0.850000262,0,-2.026558E-07
2.1,PlayerB,driver,Root,0.750943661,-0.5086965,-0.06605939
2.1,PlayerB,native,AnimatorRoot,0.750943661,-0.5086965,-0.06605939
2.1,PlayerB,native,Hips,0.85678196,0.389019072,0.040504124
2.1,PlayerB,native,Head,0.5243568,0.314197719,-0.281774968
2.1,PlayerB,native,Chest,0.706805348,0.411968768,-0.09037557
2.1,PlayerB,native,LeftHand,0.7972879,0.028211832,-0.2934236
2.1,PlayerB,native,RightHand,0.3310356,0.05318606,0.0613984838
2.1,PlayerB,native,LeftFoot,1.31873512,0.0789533257,0.0293730553
2.1,PlayerB,native,RightFoot,0.995026648,0.0778877139,0.4445472
2.1,PlayerB,fighter,AnimatorRoot,0.850000262,0,-2.026558E-07
2.1,PlayerB,fighter,Hips,0.85678196,0.389019042,0.0405041277
2.1,PlayerB,fighter,Head,0.367786169,0.267481118,-0.438031375
2.1,PlayerB,fighter,Chest,0.6485473,0.4196024,-0.1473268
2.1,PlayerB,fighter,LeftHand,0.7972879,0.0282118861,-0.293423623
2.1,PlayerB,fighter,RightHand,0.331035852,0.05318634,0.0613984838
2.1,PlayerB,fighter,LeftFoot,1.31873512,0.0789532438,0.0293731745
2.1,PlayerB,fighter,RightFoot,0.9950268,0.07788763,0.4445472
2.11666656,PlayerA,actor,Root,-0.85,0,0
2.11666656,PlayerA,driver,Root,-0.33939755,-0.116301484,0.7646543
2.11666656,PlayerA,native,AnimatorRoot,-0.33939755,-0.116301484,0.7646543
2.11666656,PlayerA,native,Hips,-0.498696476,0.6371318,0.6935221
2.11666656,PlayerA,native,Head,-0.209611475,1.02844107,0.804136336
2.11666656,PlayerA,native,Chest,-0.433680952,0.839653254,0.723890662
2.11666656,PlayerA,native,LeftHand,0.00605875254,1.20508313,1.05942225
2.11666656,PlayerA,native,RightHand,0.0537623167,1.07633889,0.9374033
2.11666656,PlayerA,native,LeftFoot,-0.4543956,0.120248191,1.0567596
2.11666656,PlayerA,native,RightFoot,-0.425723851,0.11384619,0.372788876
2.11666656,PlayerA,fighter,AnimatorRoot,-0.85,0,0
2.11666656,PlayerA,fighter,Hips,-0.4986964,0.6371318,0.6935222
2.11666656,PlayerA,fighter,Head,-0.215868771,0.9803649,0.8026982
2.11666656,PlayerA,fighter,Chest,-0.4408299,0.825761139,0.7198087
2.11666656,PlayerA,fighter,LeftHand,0.00584346056,1.20571947,1.06088734
2.11666656,PlayerA,fighter,RightHand,0.0507673621,1.0761323,0.9346197
2.11666656,PlayerA,fighter,LeftFoot,-0.454395682,0.120248035,1.05675936
2.11666656,PlayerA,fighter,RightFoot,-0.425723851,0.1138463,0.372788936
2.11666656,PlayerB,actor,Root,0.850000262,0,-2.026558E-07
2.11666656,PlayerB,driver,Root,0.758211851,-0.543302,-0.058761
2.11666656,PlayerB,native,AnimatorRoot,0.758211851,-0.543302,-0.058761
2.11666656,PlayerB,native,Hips,0.859014153,0.344727218,0.03913283
2.11666656,PlayerB,native,Head,0.5244285,0.275059521,-0.2875528
2.11666656,PlayerB,native,Chest,0.707177341,0.362492085,-0.0914948
2.11666656,PlayerB,native,LeftHand,0.8080534,0.0286753774,-0.343354255
2.11666656,PlayerB,native,RightHand,0.3163852,0.0608314872,0.073946394
2.11666656,PlayerB,native,LeftFoot,1.36393666,0.0672044754,0.07845277
2.11666656,PlayerB,native,RightFoot,0.993788,0.06521982,0.4915547
2.11666656,PlayerB,fighter,AnimatorRoot,0.850000262,0,-2.026558E-07
2.11666656,PlayerB,fighter,Hips,0.859014153,0.3447272,0.0391328335
2.11666656,PlayerB,fighter,Head,0.364328176,0.235997409,-0.444445163
2.11666656,PlayerB,fighter,Chest,0.649036765,0.370041728,-0.148459092
2.11666656,PlayerB,fighter,LeftHand,0.8080535,0.0286752842,-0.343354434
2.11666656,PlayerB,fighter,RightHand,0.3163854,0.0608316846,0.07394651
2.11666656,PlayerB,fighter,LeftFoot,1.36393666,0.06720445,0.0784528
2.11666656,PlayerB,fighter,RightFoot,0.993788,0.06521972,0.4915546
2.13333344,PlayerA,actor,Root,-0.85,0,0
2.13333344,PlayerA,driver,Root,-0.342178226,-0.158510149,0.7685833
2.13333344,PlayerA,native,AnimatorRoot,-0.342178226,-0.158510149,0.7685833
2.13333344,PlayerA,native,Hips,-0.5151305,0.615399957,0.690761447
2.13333344,PlayerA,native,Head,-0.19475013,0.972578347,0.820146859
2.13333344,PlayerA,native,Chest,-0.434208572,0.810798943,0.726474643
2.13333344,PlayerA,native,LeftHand,-0.0290340185,0.8992967,1.01341748
2.13333344,PlayerA,native,RightHand,-0.028126359,0.7813727,0.939606547
2.13333344,PlayerA,native,LeftFoot,-0.451010883,0.120374948,1.058903
2.13333344,PlayerA,native,RightFoot,-0.421869159,0.113401651,0.375281274
2.13333344,PlayerA,fighter,AnimatorRoot,-0.85,0,0
2.13333344,PlayerA,fighter,Hips,-0.5151305,0.615399957,0.690761566
2.13333344,PlayerA,fighter,Head,-0.204482317,0.923802555,0.8168106
2.13333344,PlayerA,fighter,Chest,-0.4418003,0.7974145,0.7219404
2.13333344,PlayerA,fighter,LeftHand,-0.02853465,0.899520338,1.01493347
2.13333344,PlayerA,fighter,RightHand,-0.0313293338,0.7813596,0.9370598
2.13333344,PlayerA,fighter,LeftFoot,-0.451010972,0.120374776,1.058903
2.13333344,PlayerA,fighter,RightFoot,-0.421869069,0.1134017,0.3752813
2.13333344,PlayerB,actor,Root,0.850000262,0,-2.026558E-07
2.13333344,PlayerB,driver,Root,0.7677232,-0.5869951,-0.0492414571
2.13333344,PlayerB,native,AnimatorRoot,0.7677232,-0.5869951,-0.0492414571
2.13333344,PlayerB,native,Hips,0.862047,0.284953654,0.0387313962
2.13333344,PlayerB,native,Head,0.525558054,0.221174479,-0.292785645
2.13333344,PlayerB,native,Chest,0.7080612,0.295785129,-0.09127574
2.13333344,PlayerB,native,LeftHand,0.811527967,0.0317568779,-0.39691478
2.13333344,PlayerB,native,RightHand,0.302755475,0.07014364,0.08452789
2.13333344,PlayerB,native,LeftFoot,1.422049,0.06328821,0.1297104
2.13333344,PlayerB,native,RightFoot,0.9911847,0.0534113646,0.5521487
2.13333344,PlayerB,fighter,AnimatorRoot,0.850000262,0,-2.026558E-07
2.13333344,PlayerB,fighter,Hips,0.862047,0.284953624,0.0387314
2.13333344,PlayerB,fighter,Head,0.3617291,0.191521838,-0.450236559
2.13333344,PlayerB,fighter,Chest,0.649974048,0.3030769,-0.148321763
2.13333344,PlayerB,fighter,LeftHand,0.8115278,0.03175686,-0.396914929
2.13333344,PlayerB,fighter,RightHand,0.302755773,0.0701439,0.08452801
2.13333344,PlayerB,fighter,LeftFoot,1.422049,0.06328823,0.129710585
2.13333344,PlayerB,fighter,RightFoot,0.9911848,0.0534112044,0.5521489
2.15,PlayerA,actor,Root,-0.85,0,0
2.15,PlayerA,driver,Root,-0.345287681,-0.185677171,0.7706835
2.15,PlayerA,native,AnimatorRoot,-0.345287681,-0.185677171,0.7706835
2.15,PlayerA,native,Hips,-0.5311425,0.5974048,0.6876488
2.15,PlayerA,native,Head,-0.187287509,0.9250698,0.83219105
2.15,PlayerA,native,Chest,-0.436112761,0.7852773,0.728116333
2.15,PlayerA,native,LeftHand,-0.04117179,0.826670051,0.9854498
2.15,PlayerA,native,RightHand,-0.0497581959,0.7082618,0.9319377
2.15,PlayerA,native,LeftFoot,-0.450195462,0.120140791,1.06008673
2.15,PlayerA,native,RightFoot,-0.4211546,0.113069415,0.3760464
2.15,PlayerA,fighter,AnimatorRoot,-0.85,0,0
2.15,PlayerA,fighter,Hips,-0.5311425,0.5974048,0.6876489
2.15,PlayerA,fighter,Head,-0.200463116,0.8764971,0.8274171
2.15,PlayerA,fighter,Chest,-0.4444708,0.772515535,0.723250151
2.15,PlayerA,fighter,LeftHand,-0.04064554,0.8267571,0.9869706
2.15,PlayerA,fighter,RightHand,-0.05296558,0.708301842,0.929421842
2.15,PlayerA,fighter,LeftFoot,-0.4501955,0.120140933,1.06008673
2.15,PlayerA,fighter,RightFoot,-0.4211545,0.113069437,0.376046479
2.15,PlayerB,actor,Root,0.850000262,0,-2.026558E-07
2.15,PlayerB,driver,Root,0.776122153,-0.6253986,-0.04007961
2.15,PlayerB,native,AnimatorRoot,0.776122153,-0.6253986,-0.04007961
2.15,PlayerB,native,Hips,0.864497542,0.229241431,0.03689146
2.15,PlayerB,native,Head,0.526851,0.172866285,-0.299045384
2.15,PlayerB,native,Chest,0.70904386,0.233601213,-0.0926539749
2.15,PlayerB,native,LeftHand,0.821240842,0.03308654,-0.4546864
2.15,PlayerB,native,RightHand,0.2864095,0.07868433,0.0998654738
2.15,PlayerB,native,LeftFoot,1.475765,0.0607545972,0.189824343
2.15,PlayerB,native,RightFoot,0.9894171,0.043058455,0.608391464
2.15,PlayerB,fighter,AnimatorRoot,0.850000262,0,-2.026558E-07
2.15,PlayerB,fighter,Hips,0.864497542,0.229241416,0.0368914641
2.15,PlayerB,fighter,Head,0.360478967,0.153595611,-0.4573857
2.15,PlayerB,fighter,Chest,0.6510132,0.240850344,-0.149891466
2.15,PlayerB,fighter,LeftHand,0.8212409,0.0330866836,-0.4546865
2.15,PlayerB,fighter,RightHand,0.286409557,0.07868456,0.0998654738
2.15,PlayerB,fighter,LeftFoot,1.47576511,0.06075455,0.189824373
2.15,PlayerB,fighter,RightFoot,0.989416957,0.0430584364,0.6083915
2.16666675,PlayerA,actor,Root,-0.85,0,0
2.16666675,PlayerA,driver,Root,-0.347455263,-0.202582568,0.771497846
2.16666675,PlayerA,native,AnimatorRoot,-0.347455263,-0.202582568,0.771497846
2.16666675,PlayerA,native,Hips,-0.5444141,0.5866369,0.68373394
2.16666675,PlayerA,native,Head,-0.184460223,0.8917192,0.839657366
2.16666675,PlayerA,native,Chest,-0.438361973,0.7676909,0.7281302
2.16666675,PlayerA,native,LeftHand,-0.0254068375,0.795817852,0.99409306
2.16666675,PlayerA,native,RightHand,-0.0273942947,0.69040513,0.9329802
2.16666675,PlayerA,native,LeftFoot,-0.451010346,0.120375335,1.05890334
2.16666675,PlayerA,native,RightFoot,-0.421868443,0.113403112,0.375282347
2.16666675,PlayerA,fighter,AnimatorRoot,-0.85,0,0
2.16666675,PlayerA,fighter,Hips,-0.544414043,0.586636961,0.683734059
2.16666675,PlayerA,fighter,Head,-0.200464964,0.8437988,0.833809853
2.16666675,PlayerA,fighter,Chest,-0.447503358,0.75558275,0.72296834
2.16666675,PlayerA,fighter,LeftHand,-0.0250640512,0.796005,0.9956563
2.16666675,PlayerA,fighter,RightHand,-0.0306296945,0.690400839,0.9305244
2.16666675,PlayerA,fighter,LeftFoot,-0.451010436,0.120375253,1.05890346
2.16666675,PlayerA,fighter,RightFoot,-0.421868235,0.113403223,0.375282377
2.16666675,PlayerB,actor,Root,0.850000262,0,-2.026558E-07
2.16666675,PlayerB,driver,Root,0.78431654,-0.6552483,-0.0325875059
2.16666675,PlayerB,native,AnimatorRoot,0.78431654,-0.6552483,-0.0325875059
2.16666675,PlayerB,native,Hips,0.8692723,0.180631518,0.0368152857
2.16666675,PlayerB,native,Head,0.5300753,0.139140844,-0.30330345
2.16666675,PlayerB,native,Chest,0.7131822,0.179898858,-0.0928490162
2.16666675,PlayerB,native,LeftHand,0.814695954,0.03567201,-0.504725635
2.16666675,PlayerB,native,RightHand,0.2749837,0.08808422,0.112043418
2.16666675,PlayerB,native,LeftFoot,1.51412559,0.064958334,0.2271199
2.16666675,PlayerB,native,RightFoot,0.990651,0.05046439,0.6586218
2.16666675,PlayerB,fighter,AnimatorRoot,0.850000262,0,-2.026558E-07
2.16666675,PlayerB,fighter,Hips,0.8692723,0.1806315,0.0368152931
2.16666675,PlayerB,fighter,Head,0.362284452,0.135313779,-0.462769836
2.16666675,PlayerB,fighter,Chest,0.6551638,0.188188419,-0.150226384
2.16666675,PlayerB,fighter,LeftHand,0.8146959,0.0356720649,-0.504725754
2.16666675,PlayerB,fighter,RightHand,0.274983943,0.08808444,0.1120436
2.16666675,PlayerB,fighter,LeftFoot,1.51412535,0.0649583042,0.227119774
2.16666675,PlayerB,fighter,RightFoot,0.9906511,0.0504643954,0.658622
2.1833334,PlayerA,actor,Root,-0.85,0,0
2.1833334,PlayerA,driver,Root,-0.346420765,-0.2094513,0.7710476
2.1833334,PlayerA,native,AnimatorRoot,-0.346420765,-0.2094513,0.7710476
2.1833334,PlayerA,native,Hips,-0.548754,0.584704,0.681645155
2.1833334,PlayerA,native,Head,-0.179414749,0.874886155,0.842209339
2.1833334,PlayerA,native,Chest,-0.437003762,0.761775434,0.727573633
2.1833334,PlayerA,native,LeftHand,-0.0262012482,0.789189041,0.9931941
2.1833334,PlayerA,native,RightHand,-0.028046906,0.6840478,0.932940543
2.1833334,PlayerA,native,LeftFoot,-0.450915724,0.120344564,1.05855751
2.1833334,PlayerA,native,RightFoot,-0.4217284,0.113434061,0.37544474
2.1833334,PlayerA,fighter,AnimatorRoot,-0.85,0,0
2.1833334,PlayerA,fighter,Hips,-0.548754,0.584704,0.6816454
2.1833334,PlayerA,fighter,Head,-0.19698602,0.827175736,0.8357236
2.1833334,PlayerA,fighter,Chest,-0.44639644,0.7499471,0.722264647
2.1833334,PlayerA,fighter,LeftHand,-0.0258666873,0.7893784,0.994759262
2.1833334,PlayerA,fighter,RightHand,-0.03128165,0.684040666,0.930481732
2.1833334,PlayerA,fighter,LeftFoot,-0.4509157,0.1203445,1.05855763
2.1833334,PlayerA,fighter,RightFoot,-0.4217283,0.113434128,0.37544477
2.1833334,PlayerB,actor,Root,0.850000262,0,-2.026558E-07
2.1833334,PlayerB,driver,Root,0.79213,-0.664925933,-0.030112274
2.1833334,PlayerB,native,AnimatorRoot,0.79213,-0.664925933,-0.030112274
2.1833334,PlayerB,native,Hips,0.8750202,0.150659561,0.0367984325
2.1833334,PlayerB,native,Head,0.533255,0.142838418,-0.3060988
2.1833334,PlayerB,native,Chest,0.720410049,0.148693562,-0.0953404754
2.1833334,PlayerB,native,LeftHand,0.7927039,0.0367460251,-0.5406634
2.1833334,PlayerB,native,RightHand,0.2739449,0.0922731757,0.124002613
2.1833334,PlayerB,native,LeftFoot,1.52150488,0.09946382,0.244409949
2.1833334,PlayerB,native,RightFoot,0.9976252,0.0848904252,0.687140644
2.1833334,PlayerB,fighter,AnimatorRoot,0.850000262,0,-2.026558E-07
2.1833334,PlayerB,fighter,Hips,0.8750202,0.150659546,0.03679844
2.1833334,PlayerB,fighter,Head,0.367726952,0.166811347,-0.466525435
2.1833334,PlayerB,fighter,Chest,0.662424564,0.160789564,-0.152583227
2.1833334,PlayerB,fighter,LeftHand,0.792704,0.03674602,-0.54066354
2.1833334,PlayerB,fighter,RightHand,0.273945034,0.09227332,0.124002732
2.1833334,PlayerB,fighter,LeftFoot,1.52150488,0.09946382,0.244410008
2.1833334,PlayerB,fighter,RightFoot,0.9976251,0.08489041,0.6871407
2.2,PlayerA,actor,Root,-0.85,0,0
2.2,PlayerA,driver,Root,-0.343753636,-0.209695846,0.7697577
2.2,PlayerA,native,AnimatorRoot,-0.343753636,-0.209695846,0.7697577
2.2,PlayerA,native,Hips,-0.54893136,0.5881698,0.6803417
2.2,PlayerA,native,Head,-0.173767865,0.8694632,0.841468036
2.2,PlayerA,native,Chest,-0.434021235,0.763022065,0.726464
2.2,PlayerA,native,LeftHand,-0.02843523,0.7938132,0.995422363
2.2,PlayerA,native,RightHand,-0.0286721,0.69115293,0.933287
2.2,PlayerA,native,LeftFoot,-0.45100978,0.120375007,1.058904
2.2,PlayerA,native,RightFoot,-0.421868145,0.113403141,0.37528348
2.2,PlayerA,fighter,AnimatorRoot,-0.85,0,0
2.2,PlayerA,fighter,Hips,-0.54893136,0.5881698,0.68034184
2.2,PlayerA,fighter,Head,-0.192214012,0.8218403,0.834664345
2.2,PlayerA,fighter,Chest,-0.443501949,0.7513133,0.721079051
2.2,PlayerA,fighter,LeftHand,-0.0280760527,0.794003665,0.996982
2.2,PlayerA,fighter,RightHand,-0.03190142,0.691145837,0.9308097
2.2,PlayerA,fighter,LeftFoot,-0.45100978,0.120374918,1.05890393
2.2,PlayerA,fighter,RightFoot,-0.421868116,0.113403179,0.37528345
2.2,PlayerB,actor,Root,0.850000262,0,-2.026558E-07
2.2,PlayerB,driver,Root,0.79945904,-0.665111542,-0.0291286968
2.2,PlayerB,native,AnimatorRoot,0.79945904,-0.665111542,-0.0291286968
2.2,PlayerB,native,Hips,0.8802593,0.130277753,0.0352089554
2.2,PlayerB,native,Head,0.5377855,0.160189271,-0.3056374
2.2,PlayerB,native,Chest,0.7284691,0.129090667,-0.100325368
2.2,PlayerB,native,LeftHand,0.768223763,0.0408196449,-0.5727051
2.2,PlayerB,native,RightHand,0.2728758,0.09493917,0.134786457
2.2,PlayerB,native,LeftFoot,1.51120722,0.136863649,0.2589722
2.2,PlayerB,native,RightFoot,1.00282526,0.138173521,0.702551961
2.2,PlayerB,fighter,AnimatorRoot,0.850000262,0,-2.026558E-07
2.2,PlayerB,fighter,Hips,0.8802593,0.130277738,0.0352089629
2.2,PlayerB,fighter,Head,0.377371281,0.212823436,-0.4635236
2.2,PlayerB,fighter,Chest,0.670439661,0.1456756,-0.157207474
2.2,PlayerB,fighter,LeftHand,0.7682238,0.0408197455,-0.57270515
2.2,PlayerB,fighter,RightHand,0.272875965,0.0949393362,0.134786457
2.2,PlayerB,fighter,LeftFoot,1.51120722,0.136863664,0.2589723
2.2,PlayerB,fighter,RightFoot,1.00282526,0.138173446,0.702552
2.21379328,PlayerA,actor,Root,-0.85,0,0
2.21379328,PlayerA,driver,Root,-0.340653121,-0.207163334,0.768295348
2.21379328,PlayerA,native,AnimatorRoot,-0.340653121,-0.207163334,0.768295348
2.21379328,PlayerA,native,Hips,-0.547192037,0.5933985,0.6795776
2.21379328,PlayerA,native,Head,-0.1685574,0.8703705,0.8396733
2.21379328,PlayerA,native,Chest,-0.430406421,0.7670332,0.725463033
2.21379328,PlayerA,native,LeftHand,-0.0302137136,0.7994865,0.997547269
2.21379328,PlayerA,native,RightHand,-0.029407382,0.6974771,0.933828235
2.21379328,PlayerA,native,LeftFoot,-0.4509828,0.12033233,1.058871
2.21379328,PlayerA,native,RightFoot,-0.421827674,0.113424689,0.375219643
2.21379328,PlayerA,fighter,AnimatorRoot,-0.85,0,0
2.21379328,PlayerA,fighter,Hips,-0.5471919,0.5933985,0.6795778
2.21379328,PlayerA,fighter,Head,-0.187495887,0.822835445,0.832770765
2.21379328,PlayerA,fighter,Chest,-0.439969331,0.755408943,0.7200304
2.21379328,PlayerA,fighter,LeftHand,-0.0298367143,0.7996799,0.9991022
2.21379328,PlayerA,fighter,RightHand,-0.0326314569,0.6974682,0.931334555
2.21379328,PlayerA,fighter,LeftFoot,-0.450982839,0.120332479,1.05887079
2.21379328,PlayerA,fighter,RightFoot,-0.421827585,0.113424495,0.375219673
2.21379328,PlayerB,actor,Root,0.850000262,0,-2.026558E-07
2.21379328,PlayerB,driver,Root,0.8053658,-0.6624376,-0.02714228
2.21379328,PlayerB,native,AnimatorRoot,0.8053658,-0.6624376,-0.02714228
2.21379328,PlayerB,native,Hips,0.883968055,0.1179685,0.034585204
2.21379328,PlayerB,native,Head,0.541481137,0.174494624,-0.300784975
2.21379328,PlayerB,native,Chest,0.7342584,0.11791873,-0.103006124
2.21379328,PlayerB,native,LeftHand,0.7493845,0.0422426462,-0.593031049
2.21379328,PlayerB,native,RightHand,0.272130072,0.09427792,0.142292172
2.21379328,PlayerB,native,LeftFoot,1.50130653,0.165742159,0.265198737
2.21379328,PlayerB,native,RightFoot,1.01058269,0.182854831,0.7107851
2.21379328,PlayerB,fighter,AnimatorRoot,0.850000262,0,-2.026558E-07
2.21379328,PlayerB,fighter,Hips,0.883968055,0.117968485,0.0345852077
2.21379328,PlayerB,fighter,Head,0.383981764,0.246131,-0.452961355
2.21379328,PlayerB,fighter,Chest,0.675922036,0.137730852,-0.159302473
2.21379328,PlayerB,fighter,LeftHand,0.749384642,0.04224284,-0.5930311
2.21379328,PlayerB,fighter,RightHand,0.2721302,0.094277896,0.142292291
2.21379328,PlayerB,fighter,LeftFoot,1.50130665,0.165742159,0.265198737
2.21379328,PlayerB,fighter,RightFoot,1.01058269,0.182854861,0.7107851
2.2166667,PlayerA,actor,Root,-0.85,0,0
2.2166667,PlayerA,driver,Root,-0.3399052,-0.206261113,0.767941535
2.2166667,PlayerA,native,AnimatorRoot,-0.3399052,-0.206261113,0.767941535
2.2166667,PlayerA,native,Hips,-0.5465908,0.5947891,0.6794642
2.2166667,PlayerA,native,Head,-0.167411745,0.871263444,0.8391246
2.2166667,PlayerA,native,Chest,-0.4295359,0.768271744,0.7252339
2.2166667,PlayerA,native,LeftHand,-0.03060162,0.801152766,0.9980458
2.2166667,PlayerA,native,RightHand,-0.0295551419,0.6992161,0.9339971
2.2166667,PlayerA,native,LeftFoot,-0.4509923,0.120330885,1.05887389
2.2166667,PlayerA,native,RightFoot,-0.4218325,0.113419786,0.3752228
2.2166667,PlayerA,fighter,AnimatorRoot,-0.85,0,0
2.2166667,PlayerA,fighter,Hips,-0.5465908,0.5947891,0.67946434
2.2166667,PlayerA,fighter,Head,-0.1864152,0.823742867,0.8322228
2.2166667,PlayerA,fighter,Chest,-0.439112335,0.7566593,0.719794631
2.2166667,PlayerA,fighter,LeftHand,-0.0302199721,0.801346958,0.9995993
2.2166667,PlayerA,fighter,RightHand,-0.0327777267,0.699206769,0.9314992
2.2166667,PlayerA,fighter,LeftFoot,-0.450992316,0.120330669,1.058874
2.2166667,PlayerA,fighter,RightFoot,-0.4218324,0.113419823,0.375222772
2.2166667,PlayerB,actor,Root,0.850000262,0,-2.026558E-07
2.2166667,PlayerB,driver,Root,0.806557,-0.6614424,-0.0266944
2.2166667,PlayerB,native,AnimatorRoot,0.806557,-0.6614424,-0.0266944
2.2166667,PlayerB,native,Hips,0.8847933,0.1163913,0.0345310979
2.2166667,PlayerB,native,Head,0.542329431,0.178122282,-0.299368262
2.2166667,PlayerB,native,Chest,0.735520065,0.116673529,-0.103455588
2.2166667,PlayerB,native,LeftHand,0.7451709,0.04261762,-0.596719742
2.2166667,PlayerB,native,RightHand,0.272373438,0.09413332,0.1438947
2.2166667,PlayerB,native,LeftFoot,1.49903107,0.172065675,0.265847951
2.2166667,PlayerB,native,RightFoot,1.01180446,0.188206017,0.712565064
2.2166667,PlayerB,fighter,AnimatorRoot,0.850000262,0,-2.026558E-07
2.2166667,PlayerB,fighter,Hips,0.8847933,0.116391294,0.0345311
2.2166667,PlayerB,fighter,Head,0.385362536,0.253342539,-0.450098455
2.2166667,PlayerB,fighter,Chest,0.677101433,0.137130454,-0.1596004
2.2166667,PlayerB,fighter,LeftHand,0.7451709,0.0426177755,-0.596719742
2.2166667,PlayerB,fighter,RightHand,0.272373676,0.0941333249,0.143894941
2.2166667,PlayerB,fighter,LeftFoot,1.49903107,0.1720657,0.265847951
2.2166667,PlayerB,fighter,RightFoot,1.01180458,0.188206092,0.7125652
2.23333335,PlayerA,actor,Root,-0.85,0,0
2.23333335,PlayerA,driver,Root,-0.335971177,-0.2007752,0.765955269
2.23333335,PlayerA,native,AnimatorRoot,-0.335971177,-0.2007752,0.765955269
2.23333335,PlayerA,native,Hips,-0.543095469,0.6025683,0.6789142
2.23333335,PlayerA,native,Head,-0.161551535,0.8775465,0.8358465
2.23333335,PlayerA,native,Chest,-0.424943984,0.775493145,0.7240565
2.23333335,PlayerA,native,LeftHand,-0.0325520039,0.8104673,1.00048578
2.23333335,PlayerA,native,RightHand,-0.0302772522,0.7086928,0.934867263
2.23333335,PlayerA,native,LeftFoot,-0.451009065,0.12037465,1.058906
2.23333335,PlayerA,native,RightFoot,-0.421867341,0.113402247,0.3752847
2.23333335,PlayerA,fighter,AnimatorRoot,-0.85,0,0
2.23333335,PlayerA,fighter,Hips,-0.5430954,0.6025683,0.6789143
2.23333335,PlayerA,fighter,Head,-0.1807766,0.830163,0.828986645
2.23333335,PlayerA,fighter,Chest,-0.434585,0.763938069,0.718565941
2.23333335,PlayerA,fighter,LeftHand,-0.032145083,0.810667336,1.00203228
2.23333335,PlayerA,fighter,RightHand,-0.0334923267,0.708680749,0.9323485
2.23333335,PlayerA,fighter,LeftFoot,-0.451009,0.120374635,1.05890608
2.23333335,PlayerA,fighter,RightFoot,-0.421867281,0.11340218,0.3752847
2.23333335,PlayerB,actor,Root,0.850000262,0,-2.026558E-07
2.23333335,PlayerB,driver,Root,0.812177241,-0.6574287,-0.0244078171
2.23333335,PlayerB,native,AnimatorRoot,0.812177241,-0.6574287,-0.0244078171
2.23333335,PlayerB,native,Hips,0.8888683,0.108958662,0.0341736935
2.23333335,PlayerB,native,Head,0.5467357,0.192190468,-0.2923923
2.23333335,PlayerB,native,Chest,0.7418354,0.111028194,-0.105766654
2.23333335,PlayerB,native,LeftHand,0.7232093,0.0445811152,-0.6128753
2.23333335,PlayerB,native,RightHand,0.274134874,0.0916475058,0.14974311
2.23333335,PlayerB,native,LeftFoot,1.48936844,0.198992431,0.269626319
2.23333335,PlayerB,native,RightFoot,1.01567018,0.213544726,0.7209955
2.23333335,PlayerB,fighter,AnimatorRoot,0.850000262,0,-2.026558E-07
2.23333335,PlayerB,fighter,Hips,0.8888683,0.108958654,0.0341737
2.23333335,PlayerB,fighter,Head,0.39172706,0.281271666,-0.4363411
2.23333335,PlayerB,fighter,Chest,0.683060467,0.134195551,-0.161209658
2.23333335,PlayerB,fighter,LeftHand,0.723209143,0.0445810445,-0.612875342
2.23333335,PlayerB,fighter,RightHand,0.2741351,0.09164745,0.14974317
2.23333335,PlayerB,fighter,LeftFoot,1.48936844,0.198992446,0.269626319
2.23333335,PlayerB,fighter,RightFoot,1.01567018,0.213544652,0.7209954
2.25,PlayerA,actor,Root,-0.85,0,0
2.25,PlayerA,driver,Root,-0.333225369,-0.195828676,0.7642534
2.25,PlayerA,native,AnimatorRoot,-0.333225369,-0.195828676,0.7642534
2.25,PlayerA,native,Hips,-0.5402981,0.6088725,0.678447545
2.25,PlayerA,native,Head,-0.15760231,0.8842349,0.8328701
2.25,PlayerA,native,Chest,-0.4217019,0.7816494,0.723256767
2.25,PlayerA,native,LeftHand,-0.03365791,0.817028761,1.00201249
2.25,PlayerA,native,RightHand,-0.0307307243,0.715352654,0.9353614
2.25,PlayerA,native,LeftFoot,-0.45099318,0.120372921,1.05891359
2.25,PlayerA,native,RightFoot,-0.421859026,0.11341089,0.375267327
2.25,PlayerA,fighter,AnimatorRoot,-0.85,0,0
2.25,PlayerA,fighter,Hips,-0.540298,0.6088725,0.6784477
2.25,PlayerA,fighter,Head,-0.17682302,0.837104142,0.826064944
2.25,PlayerA,fighter,Chest,-0.431393057,0.7701454,0.717679858
2.25,PlayerA,fighter,LeftHand,-0.033233583,0.8172323,1.00355363
2.25,PlayerA,fighter,RightHand,-0.03394258,0.715339363,0.9328307
2.25,PlayerA,fighter,LeftFoot,-0.45099315,0.120373063,1.05891383
2.25,PlayerA,fighter,RightFoot,-0.421859056,0.113410853,0.375267357
2.25,PlayerB,actor,Root,0.850000262,0,-2.026558E-07
2.25,PlayerB,driver,Root,0.8145923,-0.6598687,-0.0230464879
2.25,PlayerB,native,AnimatorRoot,0.8145923,-0.6598687,-0.0230464879
2.25,PlayerB,native,Hips,0.8905009,0.104277074,0.03392072
2.25,PlayerB,native,Head,0.5478045,0.188640535,-0.291846961
2.25,PlayerB,native,Chest,0.744480669,0.107049644,-0.107071966
2.25,PlayerB,native,LeftHand,0.718230367,0.04447615,-0.619451
2.25,PlayerB,native,RightHand,0.275206029,0.0883258,0.147932917
2.25,PlayerB,native,LeftFoot,1.49176157,0.202246964,0.278284967
2.25,PlayerB,native,RightFoot,1.01736951,0.214665413,0.7294373
2.25,PlayerB,fighter,AnimatorRoot,0.850000262,0,-2.026558E-07
2.25,PlayerB,fighter,Hips,0.8905009,0.104277067,0.0339207277
2.25,PlayerB,fighter,Head,0.390172154,0.275930852,-0.43459633
2.25,PlayerB,fighter,Chest,0.6857334,0.130411565,-0.162438974
2.25,PlayerB,fighter,LeftHand,0.718230367,0.0444762148,-0.619451
2.25,PlayerB,fighter,RightHand,0.275206327,0.08832571,0.147932917
2.25,PlayerB,fighter,LeftFoot,1.49176157,0.202246964,0.278285
2.25,PlayerB,fighter,RightFoot,1.01736951,0.214665353,0.7294373
2.26666665,PlayerA,actor,Root,-0.85,0,0
2.26666665,PlayerA,driver,Root,-0.331583679,-0.191479787,0.7628587
2.26666665,PlayerA,native,AnimatorRoot,-0.331583679,-0.191479787,0.7628587
2.26666665,PlayerA,native,Hips,-0.538203657,0.6136975,0.678052545
2.26666665,PlayerA,native,Head,-0.155441582,0.891087651,0.830180347
2.26666665,PlayerA,native,Chest,-0.4197551,0.786697447,0.7228094
2.26666665,PlayerA,native,LeftHand,-0.0345698,0.821434,1.00344753
2.26666665,PlayerA,native,RightHand,-0.0311841965,0.7197702,0.935982347
2.26666665,PlayerA,native,LeftFoot,-0.451009333,0.120373771,1.05890656
2.26666665,PlayerA,native,RightFoot,-0.421866953,0.113402233,0.3752849
2.26666665,PlayerA,fighter,AnimatorRoot,-0.85,0,0
2.26666665,PlayerA,fighter,Hips,-0.538203537,0.6136975,0.678052664
2.26666665,PlayerA,fighter,Head,-0.1744492,0.8443419,0.823440552
2.26666665,PlayerA,fighter,Chest,-0.429476529,0.7752357,0.7171093
2.26666665,PlayerA,fighter,LeftHand,-0.03413558,0.821639061,1.00498593
2.26666665,PlayerA,fighter,RightHand,-0.0343869925,0.7197569,0.9334358
2.26666665,PlayerA,fighter,LeftFoot,-0.451009363,0.120373726,1.05890656
2.26666665,PlayerA,fighter,RightFoot,-0.4218669,0.113402367,0.37528497
2.26666665,PlayerB,actor,Root,0.850000262,0,-2.026558E-07
2.26666665,PlayerB,driver,Root,0.815497,-0.664535463,-0.0221310258
2.26666665,PlayerB,native,AnimatorRoot,0.815497,-0.664535463,-0.0221310258
2.26666665,PlayerB,native,Hips,0.890705466,0.10223943,0.03392608
2.26666665,PlayerB,native,Head,0.546670854,0.178082287,-0.294322282
2.26666665,PlayerB,native,Chest,0.7450361,0.105328918,-0.107671365
2.26666665,PlayerB,native,LeftHand,0.7216534,0.0419438481,-0.6210324
2.26666665,PlayerB,native,RightHand,0.2762789,0.08412528,0.142622322
2.26666665,PlayerB,native,LeftFoot,1.49935722,0.1952197,0.28816548
2.26666665,PlayerB,native,RightFoot,1.02122569,0.2041617,0.7374973
2.26666665,PlayerB,fighter,AnimatorRoot,0.850000262,0,-2.026558E-07
2.26666665,PlayerB,fighter,Hips,0.890705466,0.102239423,0.0339260846
2.26666665,PlayerB,fighter,Head,0.384312332,0.255778372,-0.438547283
2.26666665,PlayerB,fighter,Chest,0.6864842,0.127716377,-0.1632233
2.26666665,PlayerB,fighter,LeftHand,0.7216535,0.04194405,-0.621032357
2.26666665,PlayerB,fighter,RightHand,0.27627933,0.0841253847,0.1426225
2.26666665,PlayerB,fighter,LeftFoot,1.4993571,0.19521983,0.288165629
2.26666665,PlayerB,fighter,RightFoot,1.02122569,0.204161629,0.73749727
2.2833333,PlayerA,actor,Root,-0.85,0,0
2.2833333,PlayerA,driver,Root,-0.3316306,-0.189094722,0.762029648
2.2833333,PlayerA,native,AnimatorRoot,-0.3316306,-0.189094722,0.762029648
2.2833333,PlayerA,native,Hips,-0.5377556,0.615678668,0.6776314
2.2833333,PlayerA,native,Head,-0.155732989,0.8958464,0.8283845
2.2833333,PlayerA,native,Chest,-0.419837266,0.7890427,0.722888947
2.2833333,PlayerA,native,LeftHand,-0.03555703,0.821862757,1.00469279
2.2833333,PlayerA,native,RightHand,-0.0317078829,0.7202964,0.9367032
2.2833333,PlayerA,native,LeftFoot,-0.450990349,0.120383888,1.05890369
2.2833333,PlayerA,native,RightFoot,-0.421864867,0.113407135,0.375295579
2.2833333,PlayerA,fighter,AnimatorRoot,-0.85,0,0
2.2833333,PlayerA,fighter,Hips,-0.537755549,0.6156787,0.6776315
2.2833333,PlayerA,fighter,Head,-0.174388885,0.849696934,0.8216648
2.2833333,PlayerA,fighter,Chest,-0.429568768,0.777628362,0.7170029
2.2833333,PlayerA,fighter,LeftHand,-0.035122633,0.822068334,1.00623131
2.2833333,PlayerA,fighter,RightHand,-0.0348918438,0.72028476,0.9341314
2.2833333,PlayerA,fighter,LeftFoot,-0.4509903,0.120384075,1.05890369
2.2833333,PlayerA,fighter,RightFoot,-0.421864837,0.113407187,0.3752956
2.2833333,PlayerB,actor,Root,0.850000262,0,-2.026558E-07
2.2833333,PlayerB,driver,Root,0.816028357,-0.66944313,-0.0215095989
2.2833333,PlayerB,native,AnimatorRoot,0.816028357,-0.66944313,-0.0215095989
2.2833333,PlayerB,native,Hips,0.8907453,0.101968169,0.03391682
2.2833333,PlayerB,native,Head,0.5454464,0.166385055,-0.2974595
2.2833333,PlayerB,native,Chest,0.7454402,0.105499268,-0.1083146
2.2833333,PlayerB,native,LeftHand,0.7254547,0.03984195,-0.620044
2.2833333,PlayerB,native,RightHand,0.279822826,0.07811463,0.136991948
2.2833333,PlayerB,native,LeftFoot,1.50710392,0.18537277,0.297582239
2.2833333,PlayerB,native,RightFoot,1.023385,0.18918103,0.7444854
2.2833333,PlayerB,fighter,AnimatorRoot,0.850000262,0,-2.026558E-07
2.2833333,PlayerB,fighter,Hips,0.8907453,0.101968162,0.0339168236
2.2833333,PlayerB,fighter,Head,0.379123569,0.231392413,-0.444554836
2.2833333,PlayerB,fighter,Chest,0.6871629,0.126606151,-0.164132223
2.2833333,PlayerB,fighter,LeftHand,0.725454867,0.03984223,-0.620044
2.2833333,PlayerB,fighter,RightHand,0.279823124,0.07811469,0.136992007
2.2833333,PlayerB,fighter,LeftFoot,1.50710392,0.18537271,0.29758212
2.2833333,PlayerB,fighter,RightFoot,1.02338481,0.189180985,0.7444852
2.3,PlayerA,actor,Root,-0.85,0,0
2.3,PlayerA,driver,Root,-0.3326332,-0.187340245,0.761514246
2.3,PlayerA,native,AnimatorRoot,-0.3326332,-0.187340245,0.761514246
2.3,PlayerA,native,Hips,-0.5379803,0.616322041,0.6772666
2.3,PlayerA,native,Head,-0.157591343,0.900463343,0.8269162
2.3,PlayerA,native,Chest,-0.421063632,0.790317059,0.7232938
2.3,PlayerA,native,LeftHand,-0.03708303,0.8205823,1.00653529
2.3,PlayerA,native,RightHand,-0.032494545,0.7191976,0.9378351
2.3,PlayerA,native,LeftFoot,-0.451008171,0.12037392,1.05890787
2.3,PlayerA,native,RightFoot,-0.421866626,0.113401517,0.375286132
2.3,PlayerA,fighter,AnimatorRoot,-0.85,0,0
2.3,PlayerA,fighter,Hips,-0.5379803,0.616322041,0.6772667
2.3,PlayerA,fighter,Head,-0.175757647,0.85505563,0.8202014
2.3,PlayerA,fighter,Chest,-0.430785328,0.778944135,0.717185736
2.3,PlayerA,fighter,LeftHand,-0.0366529226,0.82078743,1.00807512
2.3,PlayerA,fighter,RightHand,-0.0356452465,0.7191905,0.9352238
2.3,PlayerA,fighter,LeftFoot,-0.4510082,0.12037392,1.05890787
2.3,PlayerA,fighter,RightFoot,-0.4218667,0.1134017,0.3752862
2.3,PlayerB,actor,Root,0.850000262,0,-2.026558E-07
2.3,PlayerB,driver,Root,0.816131949,-0.674666941,-0.0209771134
2.3,PlayerB,native,AnimatorRoot,0.816131949,-0.674666941,-0.0209771134
2.3,PlayerB,native,Hips,0.8905012,0.102986157,0.0339534953
2.3,PlayerB,native,Head,0.5442666,0.153009832,-0.3008012
2.3,PlayerB,native,Chest,0.745450258,0.106893718,-0.108762562
2.3,PlayerB,native,LeftHand,0.7315271,0.0380968451,-0.617040634
2.3,PlayerB,native,RightHand,0.27957058,0.07394123,0.128058046
2.3,PlayerB,native,LeftFoot,1.51565206,0.172533989,0.30668506
2.3,PlayerB,native,RightFoot,1.02514684,0.170314848,0.7507277
2.3,PlayerB,fighter,AnimatorRoot,0.850000262,0,-2.026558E-07
2.3,PlayerB,fighter,Hips,0.8905012,0.102986149,0.0339535
2.3,PlayerB,fighter,Head,0.374931484,0.202458024,-0.451158434
2.3,PlayerB,fighter,Chest,0.6874841,0.126395568,-0.164914668
2.3,PlayerB,fighter,LeftHand,0.7315273,0.03809699,-0.6170406
2.3,PlayerB,fighter,RightHand,0.279570818,0.07394115,0.128058046
2.3,PlayerB,fighter,LeftFoot,1.515652,0.172533944,0.306684941
2.3,PlayerB,fighter,RightFoot,1.02514684,0.170314834,0.7507279
2.3166666,PlayerA,actor,Root,-0.85,0,0
2.3166666,PlayerA,driver,Root,-0.334024549,-0.185246632,0.7611395
2.3166666,PlayerA,native,AnimatorRoot,-0.334024549,-0.185246632,0.7611395
2.3166666,PlayerA,native,Hips,-0.538130164,0.616730034,0.6770296
2.3166666,PlayerA,native,Head,-0.160339415,0.906281769,0.8253568
2.3166666,PlayerA,native,Chest,-0.422759473,0.791706,0.723889947
2.3166666,PlayerA,native,LeftHand,-0.0399615765,0.819603264,1.010076
2.3166666,PlayerA,native,RightHand,-0.0338636637,0.7184805,0.9397676
2.3166666,PlayerA,native,LeftFoot,-0.4510064,0.120375529,1.05890965
2.3166666,PlayerA,native,RightFoot,-0.4218641,0.113401756,0.3752877
2.3166666,PlayerA,fighter,AnimatorRoot,-0.85,0,0
2.3166666,PlayerA,fighter,Hips,-0.5381301,0.616730034,0.6770297
2.3166666,PlayerA,fighter,Head,-0.1778894,0.8617182,0.8186584
2.3166666,PlayerA,fighter,Chest,-0.4324461,0.780357063,0.7175391
2.3166666,PlayerA,fighter,LeftHand,-0.0395364165,0.8198083,1.01161742
2.3166666,PlayerA,fighter,RightHand,-0.0369581,0.7184802,0.937089443
2.3166666,PlayerA,fighter,LeftFoot,-0.4510064,0.120375536,1.05890965
2.3166666,PlayerA,fighter,RightFoot,-0.421864033,0.113401748,0.375287652
2.3166666,PlayerB,actor,Root,0.850000262,0,-2.026558E-07
2.3166666,PlayerB,driver,Root,0.816096842,-0.6797565,-0.0202343538
2.3166666,PlayerB,native,AnimatorRoot,0.816096842,-0.6797565,-0.0202343538
2.3166666,PlayerB,native,Hips,0.8900625,0.10476613,0.03407245
2.3166666,PlayerB,native,Head,0.543397665,0.13917774,-0.303499848
2.3166666,PlayerB,native,Chest,0.7451805,0.1089831,-0.108943008
2.3166666,PlayerB,native,LeftHand,0.7374851,0.03649062,-0.6133552
2.3166666,PlayerB,native,RightHand,0.279408455,0.0682525039,0.11919073
2.3166666,PlayerB,native,LeftFoot,1.52453327,0.158626258,0.3151794
2.3166666,PlayerB,native,RightFoot,1.02695262,0.15022099,0.7562208
2.3166666,PlayerB,fighter,AnimatorRoot,0.850000262,0,-2.026558E-07
2.3166666,PlayerB,fighter,Hips,0.8900625,0.104766123,0.034072455
2.3166666,PlayerB,fighter,Head,0.372870684,0.1719179,-0.4570775
2.3166666,PlayerB,fighter,Chest,0.6875047,0.126755327,-0.1654357
2.3166666,PlayerB,fighter,LeftHand,0.73748523,0.0364906862,-0.6133551
2.3166666,PlayerB,fighter,RightHand,0.279408753,0.06825275,0.119190551
2.3166666,PlayerB,fighter,LeftFoot,1.52453339,0.158626288,0.3151795
2.3166666,PlayerB,fighter,RightFoot,1.02695251,0.15022102,0.7562208
2.33333325,PlayerA,actor,Root,-0.85,0,0
2.33333325,PlayerA,driver,Root,-0.3358903,-0.183089212,0.7609273
2.33333325,PlayerA,native,AnimatorRoot,-0.3358903,-0.183089212,0.7609273
2.33333325,PlayerA,native,Hips,-0.538397849,0.6167265,0.6768651
2.33333325,PlayerA,native,Head,-0.164067328,0.91279,0.823881567
2.33333325,PlayerA,native,Chest,-0.42497462,0.792910159,0.7246665
2.33333325,PlayerA,native,LeftHand,-0.04371333,0.8183325,1.01466942
2.33333325,PlayerA,native,RightHand,-0.03560126,0.717523336,0.9422375
2.33333325,PlayerA,native,LeftFoot,-0.451008141,0.120374367,1.05890894
2.33333325,PlayerA,native,RightFoot,-0.421865642,0.113401726,0.375286818
2.33333325,PlayerA,fighter,AnimatorRoot,-0.85,0,0
2.33333325,PlayerA,fighter,Hips,-0.5383978,0.6167265,0.6768652
2.33333325,PlayerA,fighter,Head,-0.180943727,0.8691341,0.8171772
2.33333325,PlayerA,fighter,Chest,-0.434617758,0.7815798,0.718060553
2.33333325,PlayerA,fighter,LeftHand,-0.04329413,0.8185369,1.01621246
2.33333325,PlayerA,fighter,RightHand,-0.03862208,0.7175333,0.9394762
2.33333325,PlayerA,fighter,LeftFoot,-0.4510082,0.1203743,1.05890882
2.33333325,PlayerA,fighter,RightFoot,-0.421865553,0.113401793,0.3752869
2.33333325,PlayerB,actor,Root,0.850000262,0,-2.026558E-07
2.33333325,PlayerB,driver,Root,0.8160293,-0.684303,-0.0194118563
2.33333325,PlayerB,native,AnimatorRoot,0.8160293,-0.684303,-0.0194118563
2.33333325,PlayerB,native,Hips,0.8894807,0.106719136,0.03409119
2.33333325,PlayerB,native,Head,0.542970836,0.126149356,-0.305411369
2.33333325,PlayerB,native,Chest,0.7447705,0.111181736,-0.109112538
2.33333325,PlayerB,native,LeftHand,0.7434478,0.0353255868,-0.609458566
2.33333325,PlayerB,native,RightHand,0.281822145,0.0633436441,0.113422014
2.33333325,PlayerB,native,LeftFoot,1.53223455,0.1452539,0.322554916
2.33333325,PlayerB,native,RightFoot,1.02782977,0.131169021,0.7607155
2.33333325,PlayerB,fighter,AnimatorRoot,0.850000262,0,-2.026558E-07
2.33333325,PlayerB,fighter,Hips,0.8894807,0.106719129,0.0340911932
2.33333325,PlayerB,fighter,Head,0.372759938,0.142860621,-0.461310536
2.33333325,PlayerB,fighter,Chest,0.687345445,0.127300411,-0.1659231
2.33333325,PlayerB,fighter,LeftHand,0.74344784,0.0353256166,-0.609458447
2.33333325,PlayerB,fighter,RightHand,0.281822324,0.0633437,0.113421895
2.33333325,PlayerB,fighter,LeftFoot,1.53223443,0.145253852,0.322554827
2.33333325,PlayerB,fighter,RightFoot,1.02782977,0.1311691,0.760715663
2.33678174,PlayerA,actor,Root,-0.85,0,0
2.33678174,PlayerA,driver,Root,-0.336320877,-0.182627991,0.760898948
2.33678174,PlayerA,native,AnimatorRoot,-0.336320877,-0.182627991,0.760898948
2.33678174,PlayerA,native,Hips,-0.538462758,0.6166995,0.67683506
2.33678174,PlayerA,native,Head,-0.164938807,0.914214551,0.823591352
2.33678174,PlayerA,native,Chest,-0.4254747,0.7931494,0.72484076
2.33678174,PlayerA,native,LeftHand,-0.04455042,0.8180508,1.0157094
2.33678174,PlayerA,native,RightHand,-0.0359894037,0.7173039,0.9428029
2.33678174,PlayerA,native,LeftFoot,-0.451010227,0.120374992,1.05891275
2.33678174,PlayerA,native,RightFoot,-0.421866745,0.11339815,0.375290066
2.33678174,PlayerA,fighter,AnimatorRoot,-0.85,0,0
2.33678174,PlayerA,fighter,Hips,-0.5384627,0.6166995,0.6768352
2.33678174,PlayerA,fighter,Head,-0.181673586,0.870744169,0.816880047
2.33678174,PlayerA,fighter,Chest,-0.4351097,0.7818229,0.7181827
2.33678174,PlayerA,fighter,LeftHand,-0.04413265,0.818255544,1.01725292
2.33678174,PlayerA,fighter,RightHand,-0.03899324,0.7173161,0.9400233
2.33678174,PlayerA,fighter,LeftFoot,-0.451010168,0.120375209,1.05891275
2.33678174,PlayerA,fighter,RightFoot,-0.4218667,0.113398127,0.375290126
2.33678174,PlayerB,actor,Root,0.850000262,0,-2.026558E-07
2.33678174,PlayerB,driver,Root,0.81605047,-0.6850793,-0.01923142
2.33678174,PlayerB,native,AnimatorRoot,0.81605047,-0.6850793,-0.01923142
2.33678174,PlayerB,native,Hips,0.8893883,0.107020557,0.0340885557
2.33678174,PlayerB,native,Head,0.5429559,0.1238389,-0.305669069
2.33678174,PlayerB,native,Chest,0.744717836,0.111526132,-0.109147012
2.33678174,PlayerB,native,LeftHand,0.7444786,0.0351541638,-0.6088333
2.33678174,PlayerB,native,RightHand,0.282184184,0.06262785,0.112441339
2.33678174,PlayerB,native,LeftFoot,1.53358424,0.1429466,0.3238972
2.33678174,PlayerB,native,RightFoot,1.02800107,0.127845526,0.761565149
2.33678174,PlayerB,fighter,AnimatorRoot,0.850000262,0,-2.026558E-07
2.33678174,PlayerB,fighter,Hips,0.8893883,0.107020542,0.03408856
2.33678174,PlayerB,fighter,Head,0.3729125,0.1377444,-0.461861551
2.33678174,PlayerB,fighter,Chest,0.687334061,0.127357125,-0.16601193
2.33678174,PlayerB,fighter,LeftHand,0.7444787,0.0351541638,-0.608833134
2.33678174,PlayerB,fighter,RightHand,0.282184124,0.0626277,0.112441279
2.33678174,PlayerB,fighter,LeftFoot,1.53358412,0.142946646,0.323897064
2.33678174,PlayerB,fighter,RightFoot,1.02800083,0.127845481,0.761565149
2.35,PlayerA,actor,Root,-0.85,0,0
2.35,PlayerA,driver,Root,-0.338154852,-0.180832475,0.7608506
2.35,PlayerA,native,AnimatorRoot,-0.338154852,-0.180832475,0.7608506
2.35,PlayerA,native,Hips,-0.5387457,0.616452,0.6767459
2.35,PlayerA,native,Head,-0.168679953,0.919935346,0.8225168
2.35,PlayerA,native,Chest,-0.427582383,0.794000149,0.725577533
2.35,PlayerA,native,LeftHand,-0.0481266975,0.816833258,1.02010322
2.35,PlayerA,native,RightHand,-0.0376461744,0.716388464,0.9451381
2.35,PlayerA,native,LeftFoot,-0.4510076,0.120377034,1.05891442
2.35,PlayerA,native,RightFoot,-0.421865433,0.113397956,0.375290781
2.35,PlayerA,fighter,AnimatorRoot,-0.85,0,0
2.35,PlayerA,fighter,Hips,-0.538745642,0.616452,0.676746
2.35,PlayerA,fighter,Head,-0.18485713,0.8772003,0.8157613
2.35,PlayerA,fighter,Chest,-0.437183946,0.782687247,0.7187145
2.35,PlayerA,fighter,LeftHand,-0.0477153659,0.8170375,1.02164888
2.35,PlayerA,fighter,RightHand,-0.0405771732,0.716411054,0.9422823
2.35,PlayerA,fighter,LeftFoot,-0.451007545,0.120377019,1.05891418
2.35,PlayerA,fighter,RightFoot,-0.421865374,0.113397978,0.375290841
2.35,PlayerB,actor,Root,0.850000262,0,-2.026558E-07
2.35,PlayerB,driver,Root,0.816216052,-0.687664449,-0.0184717253
2.35,PlayerB,native,AnimatorRoot,0.816216052,-0.687664449,-0.0184717253
2.35,PlayerB,native,Hips,0.8891022,0.10806936,0.0341256447
2.35,PlayerB,native,Head,0.5430409,0.11578232,-0.306318134
2.35,PlayerB,native,Chest,0.7445671,0.112720072,-0.1091932
2.35,PlayerB,native,LeftHand,0.7475041,0.03444594,-0.6068619
2.35,PlayerB,native,RightHand,0.282531381,0.05933416,0.108273961
2.35,PlayerB,native,LeftFoot,1.53850365,0.135052323,0.328589559
2.35,PlayerB,native,RightFoot,1.02893925,0.116081476,0.7647945
2.35,PlayerB,fighter,AnimatorRoot,0.850000262,0,-2.026558E-07
2.35,PlayerB,fighter,Hips,0.8891022,0.108069353,0.03412565
2.35,PlayerB,fighter,Head,0.374002665,0.119951382,-0.463458449
2.35,PlayerB,fighter,Chest,0.6873175,0.127548128,-0.166241333
2.35,PlayerB,fighter,LeftHand,0.7475042,0.03444587,-0.6068619
2.35,PlayerB,fighter,RightHand,0.282531381,0.0593341328,0.108273961
2.35,PlayerB,fighter,LeftFoot,1.538504,0.135052472,0.3285899
2.35,PlayerB,fighter,RightFoot,1.02893913,0.116081528,0.7647946
2.36666656,PlayerA,actor,Root,-0.85,0,0
2.36666656,PlayerA,driver,Root,-0.3407356,-0.178438962,0.7608836
2.36666656,PlayerA,native,AnimatorRoot,-0.3407356,-0.178438962,0.7608836
2.36666656,PlayerA,native,Hips,-0.539126158,0.616054058,0.6766505
2.36666656,PlayerA,native,Head,-0.174063146,0.9276722,0.8212928
2.36666656,PlayerA,native,Chest,-0.43044278,0.7950557,0.7265841
2.36666656,PlayerA,native,LeftHand,-0.0530868769,0.81514883,1.02617061
2.36666656,PlayerA,native,RightHand,-0.03990972,0.715101659,0.9483682
2.36666656,PlayerA,native,LeftFoot,-0.451007426,0.1203742,1.05891013
2.36666656,PlayerA,native,RightFoot,-0.421865433,0.113401145,0.375288278
2.36666656,PlayerA,fighter,AnimatorRoot,-0.85,0,0
2.36666656,PlayerA,fighter,Hips,-0.539126158,0.616054058,0.676650643
2.36666656,PlayerA,fighter,Head,-0.18955034,0.8858159,0.814446151
2.36666656,PlayerA,fighter,Chest,-0.440015733,0.7837639,0.719471931
2.36666656,PlayerA,fighter,LeftHand,-0.05268371,0.81535244,1.02771854
2.36666656,PlayerA,fighter,RightHand,-0.0427386761,0.7151405,0.945411444
2.36666656,PlayerA,fighter,LeftFoot,-0.4510075,0.1203742,1.05891
2.36666656,PlayerA,fighter,RightFoot,-0.421865553,0.113401078,0.375288337
2.36666656,PlayerB,actor,Root,0.850000262,0,-2.026558E-07
2.36666656,PlayerB,driver,Root,0.8164045,-0.690089941,-0.0176201016
2.36666656,PlayerB,native,AnimatorRoot,0.8164045,-0.690089941,-0.0176201016
2.36666656,PlayerB,native,Hips,0.8888682,0.10895896,0.03417367
2.36666656,PlayerB,native,Head,0.543347836,0.1078518,-0.306670249
2.36666656,PlayerB,native,Chest,0.744493842,0.113716543,-0.10922087
2.36666656,PlayerB,native,LeftHand,0.7501228,0.0340718031,-0.6053127
2.36666656,PlayerB,native,RightHand,0.282703221,0.0559666753,0.104560234
2.36666656,PlayerB,native,LeftFoot,1.54307818,0.127696991,0.333132863
2.36666656,PlayerB,native,RightFoot,1.02967465,0.1058861,0.7674833
2.36666656,PlayerB,fighter,AnimatorRoot,0.850000262,0,-2.026558E-07
2.36666656,PlayerB,fighter,Hips,0.8888682,0.108958952,0.0341736749
2.36666656,PlayerB,fighter,Head,0.375716,0.1026799,-0.464412779
2.36666656,PlayerB,fighter,Chest,0.6873704,0.127567828,-0.1664504
2.36666656,PlayerB,fighter,LeftHand,0.7501228,0.03407177,-0.605312645
2.36666656,PlayerB,fighter,RightHand,0.28270328,0.05596667,0.104560234
2.36666656,PlayerB,fighter,LeftFoot,1.54307806,0.127696961,0.333132744
2.36666656,PlayerB,fighter,RightFoot,1.02967477,0.105886139,0.7674835
2.38333344,PlayerA,actor,Root,-0.85,0,0
2.38333344,PlayerA,driver,Root,-0.3434816,-0.175921783,0.760932148
2.38333344,PlayerA,native,AnimatorRoot,-0.3434816,-0.175921783,0.760932148
2.38333344,PlayerA,native,Hips,-0.539528549,0.6157517,0.6764504
2.38333344,PlayerA,native,Head,-0.179907918,0.9356923,0.820242047
2.38333344,PlayerA,native,Chest,-0.4333266,0.796159863,0.7275215
2.38333344,PlayerA,native,LeftHand,-0.058367312,0.8133317,1.032635
2.38333344,PlayerA,native,RightHand,-0.042342186,0.7137339,0.9517851
2.38333344,PlayerA,native,LeftFoot,-0.450992882,0.120371029,1.05889654
2.38333344,PlayerA,native,RightFoot,-0.421861351,0.11341612,0.375276148
2.38333344,PlayerA,fighter,AnimatorRoot,-0.85,0,0
2.38333344,PlayerA,fighter,Hips,-0.5395284,0.6157517,0.6764505
2.38333344,PlayerA,fighter,Head,-0.194750786,0.894600868,0.81325984
2.38333344,PlayerA,fighter,Chest,-0.44289878,0.7848988,0.720185637
2.38333344,PlayerA,fighter,LeftHand,-0.0579730272,0.813535035,1.03418529
2.38333344,PlayerA,fighter,RightHand,-0.045058012,0.7137917,0.9487239
2.38333344,PlayerA,fighter,LeftFoot,-0.4509929,0.120371059,1.05889678
2.38333344,PlayerA,fighter,RightFoot,-0.421861321,0.113416195,0.375276178
2.38333344,PlayerB,actor,Root,0.850000262,0,-2.026558E-07
2.38333344,PlayerB,driver,Root,0.8163885,-0.6914758,-0.0170928463
2.38333344,PlayerB,native,AnimatorRoot,0.8163885,-0.6914758,-0.0170928463
2.38333344,PlayerB,native,Hips,0.888823,0.109096766,0.0341674462
2.38333344,PlayerB,native,Head,0.543702066,0.103097439,-0.306816429
2.38333344,PlayerB,native,Chest,0.744595349,0.113850415,-0.109315574
2.38333344,PlayerB,native,LeftHand,0.751224935,0.0350785255,-0.605362952
2.38333344,PlayerB,native,RightHand,0.2824701,0.05485165,0.103490688
2.38333344,PlayerB,native,LeftFoot,1.54555547,0.1241532,0.336006284
2.38333344,PlayerB,native,RightFoot,1.02965331,0.104295075,0.76783663
2.38333344,PlayerB,fighter,AnimatorRoot,0.850000262,0,-2.026558E-07
2.38333344,PlayerB,fighter,Hips,0.888823,0.109096758,0.03416745
2.38333344,PlayerB,fighter,Head,0.3768875,0.09284568,-0.464622259
2.38333344,PlayerB,fighter,Chest,0.6875566,0.12714985,-0.16666697
2.38333344,PlayerB,fighter,LeftHand,0.7512249,0.0350784771,-0.605362952
2.38333344,PlayerB,fighter,RightHand,0.282469928,0.05485168,0.103490748
2.38333344,PlayerB,fighter,LeftFoot,1.54555523,0.124153122,0.3360061
2.38333344,PlayerB,fighter,RightFoot,1.02965331,0.104295008,0.7678364
2.4,PlayerA,actor,Root,-0.85,0,0
2.4,PlayerA,driver,Root,-0.346521854,-0.173093572,0.761178255
2.4,PlayerA,native,AnimatorRoot,-0.346521854,-0.173093572,0.761178255
2.4,PlayerA,native,Hips,-0.539835453,0.61544925,0.676424
2.4,PlayerA,native,Head,-0.186681032,0.9447278,0.819385767
2.4,PlayerA,native,Chest,-0.436384529,0.797379434,0.728698969
2.4,PlayerA,native,LeftHand,-0.06383097,0.811495,1.03936028
2.4,PlayerA,native,RightHand,-0.0448274,0.712288141,0.95540446
2.4,PlayerA,native,LeftFoot,-0.451007,0.120373979,1.058911
2.4,PlayerA,native,RightFoot,-0.421865225,0.1134014,0.3752889
2.4,PlayerA,fighter,AnimatorRoot,-0.85,0,0
2.4,PlayerA,fighter,Hips,-0.539835453,0.61544925,0.676424146
2.4,PlayerA,fighter,Head,-0.200850666,0.9042894,0.812242
2.4,PlayerA,fighter,Chest,-0.445985824,0.7861558,0.721154332
2.4,PlayerA,fighter,LeftHand,-0.0634462237,0.8116981,1.040914
2.4,PlayerA,fighter,RightHand,-0.0474229455,0.7123683,0.9522411
2.4,PlayerA,fighter,LeftFoot,-0.451007,0.120374016,1.05891073
2.4,PlayerA,fighter,RightFoot,-0.421865225,0.113401316,0.3752889
2.4,PlayerB,actor,Root,0.850000262,0,-2.026558E-07
2.4,PlayerB,driver,Root,0.816315651,-0.692239046,-0.01676292
2.4,PlayerB,native,AnimatorRoot,0.816315651,-0.692239046,-0.01676292
2.4,PlayerB,native,Hips,0.888868332,0.1089589,0.03417367
2.4,PlayerB,native,Head,0.5440054,0.100269139,-0.306882948
2.4,PlayerB,native,Chest,0.744734,0.113614142,-0.109372661
2.4,PlayerB,native,LeftHand,0.751253247,0.0362848639,-0.6059999
2.4,PlayerB,native,RightHand,0.281568468,0.0544288754,0.103019573
2.4,PlayerB,native,LeftFoot,1.546948,0.122794211,0.337709725
2.4,PlayerB,native,RightFoot,1.02967536,0.10588634,0.7674831
2.4,PlayerB,fighter,AnimatorRoot,0.850000262,0,-2.026558E-07
2.4,PlayerB,fighter,Hips,0.888868332,0.108958893,0.0341736749
2.4,PlayerB,fighter,Head,0.3775749,0.08748341,-0.464623481
2.4,PlayerB,fighter,Chest,0.6877565,0.126596108,-0.166812867
2.4,PlayerB,fighter,LeftHand,0.7512532,0.03628495,-0.605999768
2.4,PlayerB,fighter,RightHand,0.281568468,0.054428868,0.103019513
2.4,PlayerB,fighter,LeftFoot,1.54694784,0.122794196,0.337709665
2.4,PlayerB,fighter,RightFoot,1.02967525,0.105886288,0.7674831
2.41666675,PlayerA,actor,Root,-0.85,0,0
2.41666675,PlayerA,driver,Root,-0.349908173,-0.169692248,0.7617976
2.41666675,PlayerA,native,AnimatorRoot,-0.349908173,-0.169692248,0.7617976
2.41666675,PlayerA,native,Hips,-0.5398334,0.6151979,0.6768719
2.41666675,PlayerA,native,Head,-0.1948083,0.9555578,0.8187775
2.41666675,PlayerA,native,Chest,-0.43963173,0.7988825,0.7304498
2.41666675,PlayerA,native,LeftHand,-0.06927216,0.8096591,1.04605627
2.41666675,PlayerA,native,RightHand,-0.04731357,0.7108648,0.9589808
2.41666675,PlayerA,native,LeftFoot,-0.45100832,0.120374471,1.05891085
2.41666675,PlayerA,native,RightFoot,-0.421863973,0.113404244,0.3752895
2.41666675,PlayerA,fighter,AnimatorRoot,-0.85,0,0
2.41666675,PlayerA,fighter,Hips,-0.539833367,0.6151979,0.676872
2.41666675,PlayerA,fighter,Head,-0.208209813,0.9156281,0.811454356
2.41666675,PlayerA,fighter,Chest,-0.4493022,0.7877023,0.722705543
2.41666675,PlayerA,fighter,LeftHand,-0.06889707,0.8098618,1.047612
2.41666675,PlayerA,fighter,RightHand,-0.0497853756,0.7109689,0.955720544
2.41666675,PlayerA,fighter,LeftFoot,-0.45100823,0.120374538,1.05891073
2.41666675,PlayerA,fighter,RightFoot,-0.421864033,0.113404326,0.375289619
2.41666675,PlayerB,actor,Root,0.850000262,0,-2.026558E-07
2.41666675,PlayerB,driver,Root,0.8162725,-0.692774832,-0.01658804
2.41666675,PlayerB,native,AnimatorRoot,0.8162725,-0.692774832,-0.01658804
2.41666675,PlayerB,native,Hips,0.8888673,0.108958721,0.0341725051
2.41666675,PlayerB,native,Head,0.5442151,0.09833026,-0.3069584
2.41666675,PlayerB,native,Chest,0.744758964,0.113411725,-0.109385282
2.41666675,PlayerB,native,LeftHand,0.7513199,0.03670752,-0.60603267
2.41666675,PlayerB,native,RightHand,0.28146708,0.05430764,0.102860548
2.41666675,PlayerB,native,LeftFoot,1.54753017,0.122194231,0.338433266
2.41666675,PlayerB,native,RightFoot,1.02967668,0.10588491,0.767481565
2.41666675,PlayerB,fighter,AnimatorRoot,0.850000262,0,-2.026558E-07
2.41666675,PlayerB,fighter,Hips,0.8888673,0.108958714,0.03417251
2.41666675,PlayerB,fighter,Head,0.3778764,0.08414613,-0.464532673
2.41666675,PlayerB,fighter,Chest,0.6878352,0.1261461,-0.166908637
2.41666675,PlayerB,fighter,LeftHand,0.7513198,0.03670745,-0.6060326
2.41666675,PlayerB,fighter,RightHand,0.28146708,0.05430757,0.102860548
2.41666675,PlayerB,fighter,LeftFoot,1.54753,0.122194208,0.338433266
2.41666675,PlayerB,fighter,RightFoot,1.02967668,0.1058849,0.7674814
2.4333334,PlayerA,actor,Root,-0.85,0,0
2.4333334,PlayerA,driver,Root,-0.353722453,-0.165954128,0.762714744
2.4333334,PlayerA,native,AnimatorRoot,-0.353722453,-0.165954128,0.762714744
2.4333334,PlayerA,native,Hips,-0.5396645,0.614892364,0.67762506
2.4333334,PlayerA,native,Head,-0.204408228,0.9675697,0.8184443
2.4333334,PlayerA,native,Chest,-0.4431557,0.8004816,0.7326033
2.4333334,PlayerA,native,LeftHand,-0.07458681,0.807838,1.05255914
2.4333334,PlayerA,native,RightHand,-0.0497587919,0.709437251,0.962523341
2.4333334,PlayerA,native,LeftFoot,-0.45100683,0.120374277,1.05891156
2.4333334,PlayerA,native,RightFoot,-0.4218648,0.11340116,0.375289917
2.4333334,PlayerA,fighter,AnimatorRoot,-0.85,0,0
2.4333334,PlayerA,fighter,Hips,-0.5396645,0.6148924,0.6776252
2.4333334,PlayerA,fighter,Head,-0.216969967,0.92806524,0.810931444
2.4333334,PlayerA,fighter,Chest,-0.452925354,0.7893437,0.724666
2.4333334,PlayerA,fighter,LeftHand,-0.07422179,0.808040142,1.0541172
2.4333334,PlayerA,fighter,RightHand,-0.05210668,0.70956707,0.9591742
2.4333334,PlayerA,fighter,LeftFoot,-0.45100686,0.1203743,1.05891168
2.4333334,PlayerA,fighter,RightFoot,-0.4218647,0.113401227,0.375289917
2.4333334,PlayerB,actor,Root,0.850000262,0,-2.026558E-07
2.4333334,PlayerB,driver,Root,0.816236734,-0.6930456,-0.0165497027
2.4333334,PlayerB,native,AnimatorRoot,0.816236734,-0.6930456,-0.0165497027
2.4333334,PlayerB,native,Hips,0.8888682,0.10895884,0.03417364
2.4333334,PlayerB,native,Head,0.5443674,0.09733474,-0.3070548
2.4333334,PlayerB,native,Chest,0.744740844,0.113159955,-0.109367073
2.4333334,PlayerB,native,LeftHand,0.751120865,0.03678024,-0.605956733
2.4333334,PlayerB,native,RightHand,0.281462,0.05449152,0.102894582
2.4333334,PlayerB,native,LeftFoot,1.54752433,0.12249434,0.338393182
2.4333334,PlayerB,native,RightFoot,1.0296756,0.105885983,0.7674828
2.4333334,PlayerB,fighter,AnimatorRoot,0.850000262,0,-2.026558E-07
2.4333334,PlayerB,fighter,Hips,0.8888682,0.108958833,0.03417365
2.4333334,PlayerB,fighter,Head,0.377840966,0.08296676,-0.464426637
2.4333334,PlayerB,fighter,Chest,0.6878634,0.1257457,-0.166962177
2.4333334,PlayerB,fighter,LeftHand,0.751121,0.0367801934,-0.605956554
2.4333334,PlayerB,fighter,RightHand,0.2814622,0.05449138,0.102894582
2.4333334,PlayerB,fighter,LeftFoot,1.54752433,0.122494377,0.3383932
2.4333334,PlayerB,fighter,RightFoot,1.0296756,0.105886,0.767482758
2.45,PlayerA,actor,Root,-0.85,0,0
2.45,PlayerA,driver,Root,-0.358082235,-0.161870822,0.76411587
2.45,PlayerA,native,AnimatorRoot,-0.358082235,-0.161870822,0.76411587
2.45,PlayerA,native,Hips,-0.539331555,0.6143939,0.6787956
2.45,PlayerA,native,Head,-0.216031134,0.9808638,0.8184293
2.45,PlayerA,native,Chest,-0.447149158,0.8020899,0.735292256
2.45,PlayerA,native,LeftHand,-0.07951927,0.8062042,1.05869246
2.45,PlayerA,native,RightHand,-0.0520275831,0.708062768,0.965924859
2.45,PlayerA,native,LeftFoot,-0.45104444,0.120380595,1.05895555
2.45,PlayerA,native,RightFoot,-0.421024442,0.11336197,0.37620753
2.45,PlayerA,fighter,AnimatorRoot,-0.85,0,0
2.45,PlayerA,fighter,Hips,-0.5393315,0.6143939,0.6787958
2.45,PlayerA,fighter,Head,-0.2276609,0.9417496,0.8107288
2.45,PlayerA,fighter,Chest,-0.457042277,0.790985048,0.7271577
2.45,PlayerA,fighter,LeftHand,-0.07916397,0.8064057,1.06025314
2.45,PlayerA,fighter,RightHand,-0.0542566776,0.70821923,0.9624965
2.45,PlayerA,fighter,LeftFoot,-0.45104453,0.120380454,1.05895579
2.45,PlayerA,fighter,RightFoot,-0.4210244,0.113361932,0.37620756
2.45,PlayerB,actor,Root,0.850000262,0,-2.026558E-07
2.45,PlayerB,driver,Root,0.8162146,-0.693129539,-0.0166277774
2.45,PlayerB,native,AnimatorRoot,0.8162146,-0.693129539,-0.0166277774
2.45,PlayerB,native,Hips,0.888868,0.108958066,0.0341734327
2.45,PlayerB,native,Head,0.5444915,0.09706354,-0.3071941
2.45,PlayerB,native,Chest,0.744695,0.112895608,-0.109334767
2.45,PlayerB,native,LeftHand,0.750795,0.03657365,-0.605781555
2.45,PlayerB,native,RightHand,0.281656027,0.0548657775,0.103158809
2.45,PlayerB,native,LeftFoot,1.547001,0.123400688,0.3377841
2.45,PlayerB,native,RightFoot,1.029675,0.105885148,0.767483056
2.45,PlayerB,fighter,AnimatorRoot,0.850000262,0,-2.026558E-07
2.45,PlayerB,fighter,Hips,0.888868,0.108958058,0.03417344
2.45,PlayerB,fighter,Head,0.377558529,0.08343067,-0.46432662
2.45,PlayerB,fighter,Chest,0.687860131,0.125412062,-0.16699332
2.45,PlayerB,fighter,LeftHand,0.7507951,0.0365735777,-0.6057815
2.45,PlayerB,fighter,RightHand,0.281656027,0.0548657,0.10315869
2.45,PlayerB,fighter,LeftFoot,1.547001,0.123400792,0.337784141
2.45,PlayerB,fighter,RightFoot,1.02967513,0.105885111,0.767483056
2.4597702,PlayerA,actor,Root,-0.85,0,0
2.4597702,PlayerA,driver,Root,-0.360868037,-0.159468338,0.7649581
2.4597702,PlayerA,native,AnimatorRoot,-0.360868037,-0.159468338,0.7649581
2.4597702,PlayerA,native,Hips,-0.53911674,0.61408776,0.6795052
2.4597702,PlayerA,native,Head,-0.2235071,0.988758862,0.8185727
2.4597702,PlayerA,native,Chest,-0.449600756,0.803004861,0.736936331
2.4597702,PlayerA,native,LeftHand,-0.08221787,0.8052748,1.0619812
2.4597702,PlayerA,native,RightHand,-0.0532906651,0.707369447,0.967707455
2.4597702,PlayerA,native,LeftFoot,-0.451027,0.120378688,1.05893838
2.4597702,PlayerA,native,RightFoot,-0.420982718,0.113381281,0.3762288
2.4597702,PlayerA,fighter,AnimatorRoot,-0.85,0,0
2.4597702,PlayerA,fighter,Hips,-0.5391167,0.61408776,0.679505348
2.4597702,PlayerA,fighter,Head,-0.23458147,0.949856758,0.8107588
2.4597702,PlayerA,fighter,Chest,-0.45957616,0.7919155,0.728689432
2.4597702,PlayerA,fighter,LeftHand,-0.0818675756,0.8054768,1.06354237
2.4597702,PlayerA,fighter,RightHand,-0.0554541945,0.707540154,0.9642381
2.4597702,PlayerA,fighter,LeftFoot,-0.451027185,0.120378636,1.05893826
2.4597702,PlayerA,fighter,RightFoot,-0.420982748,0.113381341,0.37622878
2.4597702,PlayerB,actor,Root,0.850000262,0,-2.026558E-07
2.4597702,PlayerB,driver,Root,0.8162079,-0.6931037,-0.0167166367
2.4597702,PlayerB,native,AnimatorRoot,0.8162079,-0.6931037,-0.0167166367
2.4597702,PlayerB,native,Hips,0.888868153,0.108958781,0.0341737941
2.4597702,PlayerB,native,Head,0.544559836,0.0971836448,-0.307295531
2.4597702,PlayerB,native,Chest,0.744659,0.112746954,-0.10930936
2.4597702,PlayerB,native,LeftHand,0.750587344,0.03634268,-0.605647743
2.4597702,PlayerB,native,RightHand,0.281817257,0.0551478863,0.103377856
2.4597702,PlayerB,native,LeftFoot,1.546516,0.124139309,0.337207139
2.4597702,PlayerB,native,RightFoot,1.029678,0.105885863,0.7674829
2.4597702,PlayerB,fighter,AnimatorRoot,0.850000262,0,-2.026558E-07
2.4597702,PlayerB,fighter,Hips,0.888868153,0.108958781,0.0341737978
2.4597702,PlayerB,fighter,Head,0.3773163,0.08432852,-0.464276761
2.4597702,PlayerB,fighter,Chest,0.687847555,0.125254214,-0.1670014
2.4597702,PlayerB,fighter,LeftHand,0.750587344,0.0363425054,-0.6056477
2.4597702,PlayerB,fighter,RightHand,0.281817377,0.05514778,0.1033778
2.4597702,PlayerB,fighter,LeftFoot,1.546516,0.1241393,0.337207168
2.4597702,PlayerB,fighter,RightFoot,1.02967775,0.105885878,0.7674827
2.4666667,PlayerA,actor,Root,-0.85,0,0
2.4666667,PlayerA,driver,Root,-0.3629316,-0.157913983,0.7653922
2.4666667,PlayerA,native,AnimatorRoot,-0.3629316,-0.157913983,0.7653922
2.4666667,PlayerA,native,Hips,-0.539046764,0.6138816,0.679862738
2.4666667,PlayerA,native,Head,-0.228812814,0.9939762,0.8187293
2.4666667,PlayerA,native,Chest,-0.451328933,0.8035827,0.7379559
2.4666667,PlayerA,native,LeftHand,-0.08399248,0.8046396,1.06409633
2.4666667,PlayerA,native,RightHand,-0.0541113019,0.7069028,0.968903363
2.4666667,PlayerA,native,LeftFoot,-0.4510063,0.120374441,1.05891311
2.4666667,PlayerA,native,RightFoot,-0.421864241,0.113400936,0.3752915
2.4666667,PlayerA,fighter,AnimatorRoot,-0.85,0,0
2.4666667,PlayerA,fighter,Hips,-0.539046764,0.6138816,0.679863
2.4666667,PlayerA,fighter,Head,-0.239521086,0.955217659,0.810836136
2.4666667,PlayerA,fighter,Chest,-0.4613646,0.7925034,0.729636431
2.4666667,PlayerA,fighter,LeftHand,-0.0836453438,0.804840863,1.06565881
2.4666667,PlayerA,fighter,RightHand,-0.056231916,0.707082868,0.965408266
2.4666667,PlayerA,fighter,LeftFoot,-0.451006383,0.120374538,1.05891311
2.4666667,PlayerA,fighter,RightFoot,-0.421864271,0.113400891,0.375291526
2.4666667,PlayerB,actor,Root,0.850000262,0,-2.026558E-07
2.4666667,PlayerB,driver,Root,0.8162067,-0.6930751,-0.0167848431
2.4666667,PlayerB,native,AnimatorRoot,0.8162067,-0.6930751,-0.0167848431
2.4666667,PlayerB,native,Hips,0.8888682,0.1089589,0.0341735967
2.4666667,PlayerB,native,Head,0.5446172,0.0973019,-0.307376951
2.4666667,PlayerB,native,Chest,0.7446366,0.112659335,-0.109294176
2.4666667,PlayerB,native,LeftHand,0.750447631,0.0361636281,-0.605565
2.4666667,PlayerB,native,RightHand,0.281929255,0.05532956,0.103530146
2.4666667,PlayerB,native,LeftFoot,1.5461669,0.124646068,0.33678934
2.4666667,PlayerB,native,RightFoot,1.02967536,0.10588634,0.767483056
2.4666667,PlayerB,fighter,AnimatorRoot,0.850000262,0,-2.026558E-07
2.4666667,PlayerB,fighter,Hips,0.8888682,0.108958893,0.0341736041
2.4666667,PlayerB,fighter,Head,0.377157837,0.085028,-0.4642549
2.4666667,PlayerB,fighter,Chest,0.687842,0.125166684,-0.167008653
2.4666667,PlayerB,fighter,LeftHand,0.750447869,0.0361635648,-0.605565131
2.4666667,PlayerB,fighter,RightHand,0.281929374,0.0553295873,0.103530206
2.4666667,PlayerB,fighter,LeftFoot,1.5461669,0.124646127,0.3367895
2.4666667,PlayerB,fighter,RightFoot,1.0296756,0.10588634,0.7674831
2.48333335,PlayerA,actor,Root,-0.85,0,0
2.48333335,PlayerA,driver,Root,-0.368330061,-0.154489279,0.7661219
2.48333335,PlayerA,native,AnimatorRoot,-0.368330061,-0.154489279,0.7661219
2.48333335,PlayerA,native,Hips,-0.539080739,0.613314152,0.680443645
2.48333335,PlayerA,native,Head,-0.242140889,1.00587738,0.8193034
2.48333335,PlayerA,native,Chest,-0.45562318,0.804763138,0.740146637
2.48333335,PlayerA,native,LeftHand,-0.08776283,0.8033569,1.068748
2.48333335,PlayerA,native,RightHand,-0.0558793545,0.7057314,0.9716773
2.48333335,PlayerA,native,LeftFoot,-0.4510163,0.12037006,1.05893075
2.48333335,PlayerA,native,RightFoot,-0.426518947,0.113529384,0.370637953
2.48333335,PlayerA,fighter,AnimatorRoot,-0.85,0,0
2.48333335,PlayerA,fighter,Hips,-0.5390807,0.613314152,0.680443764
2.48333335,PlayerA,fighter,Head,-0.2520082,0.9674429,0.8112285
2.48333335,PlayerA,fighter,Chest,-0.465815276,0.7937024,0.7316699
2.48333335,PlayerA,fighter,LeftHand,-0.08742398,0.8035583,1.070312
2.48333335,PlayerA,fighter,RightHand,-0.0579056144,0.705935,0.9681274
2.48333335,PlayerA,fighter,LeftFoot,-0.451016277,0.120369963,1.05893075
2.48333335,PlayerA,fighter,RightFoot,-0.426519126,0.113529257,0.3706379
2.48333335,PlayerB,actor,Root,0.850000262,0,-2.026558E-07
2.48333335,PlayerB,driver,Root,0.8162143,-0.69293505,-0.0169869047
2.48333335,PlayerB,native,AnimatorRoot,0.8162143,-0.69293505,-0.0169869047
2.48333335,PlayerB,native,Hips,0.8888682,0.108958304,0.0341737419
2.48333335,PlayerB,native,Head,0.5447738,0.09782958,-0.3076063
2.48333335,PlayerB,native,Chest,0.7445839,0.112485349,-0.109259352
2.48333335,PlayerB,native,LeftHand,0.750088632,0.03563696,-0.6053716
2.48333335,PlayerB,native,RightHand,0.2822215,0.05577296,0.103934146
2.48333335,PlayerB,native,LeftFoot,1.545195,0.125975728,0.335636348
2.48333335,PlayerB,native,RightFoot,1.02967477,0.105885923,0.7674834
2.48333335,PlayerB,fighter,AnimatorRoot,0.850000262,0,-2.026558E-07
2.48333335,PlayerB,fighter,Hips,0.8888682,0.1089583,0.0341737457
2.48333335,PlayerB,fighter,Head,0.3767576,0.08724032,-0.4642269
2.48333335,PlayerB,fighter,Chest,0.687829733,0.125024289,-0.167023659
2.48333335,PlayerB,fighter,LeftHand,0.7500886,0.0356369354,-0.605371654
2.48333335,PlayerB,fighter,RightHand,0.282221437,0.05577297,0.103934146
2.48333335,PlayerB,fighter,LeftFoot,1.54519486,0.125975728,0.3356362
2.48333335,PlayerB,fighter,RightFoot,1.029675,0.10588593,0.767483532
2.5,PlayerA,actor,Root,-0.85,0,0
2.5,PlayerA,driver,Root,-0.374048173,-0.151786774,0.765927255
2.5,PlayerA,native,AnimatorRoot,-0.374048173,-0.151786774,0.765927255
2.5,PlayerA,native,Hips,-0.539594054,0.6128366,0.68019104
2.5,PlayerA,native,Head,-0.2550156,1.01579988,0.8200779
2.5,PlayerA,native,Chest,-0.459810346,0.805632234,0.741489768
2.5,PlayerA,native,LeftHand,-0.09069967,0.802359939,1.07230234
2.5,PlayerA,native,RightHand,-0.05729568,0.7050414,0.973722
2.5,PlayerA,native,LeftFoot,-0.451005638,0.120374382,1.058914
2.5,PlayerA,native,RightFoot,-0.435602576,0.113652557,0.361286461
2.5,PlayerA,fighter,AnimatorRoot,-0.85,0,0
2.5,PlayerA,fighter,Hips,-0.539594,0.6128366,0.680191159
2.5,PlayerA,fighter,Head,-0.264181852,0.9776539,0.8118253
2.5,PlayerA,fighter,Chest,-0.470168084,0.7945909,0.732894063
2.5,PlayerA,fighter,LeftHand,-0.0903669,0.8025612,1.07386732
2.5,PlayerA,fighter,RightHand,-0.0592483878,0.705262661,0.970132649
2.5,PlayerA,fighter,LeftFoot,-0.451005667,0.120374344,1.058914
2.5,PlayerA,fighter,RightFoot,-0.435602546,0.113652565,0.361286551
2.5,PlayerB,actor,Root,0.850000262,0,-2.026558E-07
2.5,PlayerB,driver,Root,0.8162413,-0.692774653,-0.0172035079
2.5,PlayerB,native,AnimatorRoot,0.8162413,-0.692774653,-0.0172035079
2.5,PlayerB,native,Hips,0.8888682,0.1089589,0.0341736153
2.5,PlayerB,native,Head,0.5449831,0.09843248,-0.307878554
2.5,PlayerB,native,Chest,0.744550765,0.112413943,-0.109239005
2.5,PlayerB,native,LeftHand,0.749891,0.0350606441,-0.6052252
2.5,PlayerB,native,RightHand,0.282497764,0.0560975671,0.104301907
2.5,PlayerB,native,LeftFoot,1.54423118,0.127097845,0.3345007
2.5,PlayerB,native,RightFoot,1.0296756,0.10588634,0.767483056
2.5,PlayerB,fighter,AnimatorRoot,0.850000262,0,-2.026558E-07
2.5,PlayerB,fighter,Hips,0.8888682,0.108958893,0.0341736227
2.5,PlayerB,fighter,Head,0.3764502,0.08955013,-0.464246452
2.5,PlayerB,fighter,Chest,0.687837958,0.1250065,-0.167046413
2.5,PlayerB,fighter,LeftHand,0.7498909,0.0350606851,-0.6052254
2.5,PlayerB,fighter,RightHand,0.282498,0.0560974851,0.104301788
2.5,PlayerB,fighter,LeftFoot,1.54423118,0.12709789,0.33450067
2.5,PlayerB,fighter,RightFoot,1.0296756,0.10588631,0.767483
2.51666665,PlayerA,actor,Root,-0.85,0,0
2.51666665,PlayerA,driver,Root,-0.3799317,-0.150167316,0.764145255
2.51666665,PlayerA,native,AnimatorRoot,-0.3799317,-0.150167316,0.764145255
2.51666665,PlayerA,native,Hips,-0.5408995,0.6124921,0.678519249
2.51666665,PlayerA,native,Head,-0.266084254,1.02269113,0.8208353
2.51666665,PlayerA,native,Chest,-0.463674,0.8060789,0.741306663
2.51666665,PlayerA,native,LeftHand,-0.09244394,0.8017216,1.07431626
2.51666665,PlayerA,native,RightHand,-0.0581766367,0.704536557,0.9750817
2.51666665,PlayerA,native,LeftFoot,-0.4509786,0.120367587,1.058882
2.51666665,PlayerA,native,RightFoot,-0.451362431,0.113961577,0.345168561
2.51666665,PlayerA,fighter,AnimatorRoot,-0.85,0,0
2.51666665,PlayerA,fighter,Hips,-0.5408995,0.6124921,0.678519368
2.51666665,PlayerA,fighter,Head,-0.274776936,0.9847857,0.8124237
2.51666665,PlayerA,fighter,Chest,-0.47419998,0.7950656,0.7326554
2.51666665,PlayerA,fighter,LeftHand,-0.09210938,0.801922143,1.07588243
2.51666665,PlayerA,fighter,RightHand,-0.0600796938,0.7047691,0.9714662
2.51666665,PlayerA,fighter,LeftFoot,-0.450978518,0.120367669,1.058882
2.51666665,PlayerA,fighter,RightFoot,-0.451362431,0.113961652,0.345168561
2.51666665,PlayerB,actor,Root,0.850000262,0,-2.026558E-07
2.51666665,PlayerB,driver,Root,0.8162969,-0.6926692,-0.017382279
2.51666665,PlayerB,native,AnimatorRoot,0.8162969,-0.6926692,-0.017382279
2.51666665,PlayerB,native,Hips,0.888868034,0.108966291,0.0341732875
2.51666665,PlayerB,native,Head,0.545269847,0.09878647,-0.3081859
2.51666665,PlayerB,native,Chest,0.7445599,0.112498045,-0.109249122
2.51666665,PlayerB,native,LeftHand,0.7499086,0.0345568061,-0.6052138
2.51666665,PlayerB,native,RightHand,0.2826599,0.0561490655,0.104497768
2.51666665,PlayerB,native,LeftFoot,1.54355729,0.127634287,0.3337016
2.51666665,PlayerB,native,RightFoot,1.02970028,0.105972946,0.7675134
2.51666665,PlayerB,fighter,AnimatorRoot,0.850000262,0,-2.026558E-07
2.51666665,PlayerB,fighter,Hips,0.888868034,0.108966291,0.03417329
2.51666665,PlayerB,fighter,Head,0.376355439,0.09117592,-0.464335054
2.51666665,PlayerB,fighter,Chest,0.6878898,0.12513575,-0.167091832
2.51666665,PlayerB,fighter,LeftHand,0.7499087,0.0345566869,-0.605213761
2.51666665,PlayerB,fighter,RightHand,0.282659829,0.0561490543,0.104497708
2.51666665,PlayerB,fighter,LeftFoot,1.54355717,0.127634257,0.3337015
2.51666665,PlayerB,fighter,RightFoot,1.02970052,0.105972968,0.7675136
2.5333333,PlayerA,actor,Root,-0.85,0,0
2.5333333,PlayerA,driver,Root,-0.3858146,-0.149524331,0.761209548
2.5333333,PlayerA,native,AnimatorRoot,-0.3858146,-0.149524331,0.761209548
2.5333333,PlayerA,native,Hips,-0.5429176,0.612176955,0.675665736
2.5333333,PlayerA,native,Head,-0.2752198,1.02682161,0.8217691
2.5333333,PlayerA,native,Chest,-0.467184156,0.806057453,0.7399137
2.5333333,PlayerA,native,LeftHand,-0.0933707952,0.801464558,1.07550514
2.5333333,PlayerA,native,RightHand,-0.058724165,0.7042048,0.976158857
2.5333333,PlayerA,native,LeftFoot,-0.45100525,0.12037465,1.0589149
2.5333333,PlayerA,native,RightFoot,-0.471820921,0.1143156,0.324363828
2.5333333,PlayerA,fighter,AnimatorRoot,-0.85,0,0
2.5333333,PlayerA,fighter,Hips,-0.54291755,0.612176955,0.675665855
2.5333333,PlayerA,fighter,Head,-0.283637583,0.9891085,0.8131955
2.5333333,PlayerA,fighter,Chest,-0.4778809,0.7950904,0.7312535
2.5333333,PlayerA,fighter,LeftHand,-0.0930467844,0.8016658,1.07707083
2.5333333,PlayerA,fighter,RightHand,-0.0606074333,0.704447,0.9725342
2.5333333,PlayerA,fighter,LeftFoot,-0.45100525,0.12037468,1.058915
2.5333333,PlayerA,fighter,RightFoot,-0.4718209,0.114315748,0.324363917
2.5333333,PlayerB,actor,Root,0.850000262,0,-2.026558E-07
2.5333333,PlayerB,driver,Root,0.8163667,-0.692641,-0.0175550133
2.5333333,PlayerB,native,AnimatorRoot,0.8163667,-0.692641,-0.0175550133
2.5333333,PlayerB,native,Hips,0.8888682,0.1089589,0.034173578
2.5333333,PlayerB,native,Head,0.5456414,0.09899253,-0.308545649
2.5333333,PlayerB,native,Chest,0.7446102,0.1127224,-0.10928867
2.5333333,PlayerB,native,LeftHand,0.7501385,0.0340714455,-0.605322659
2.5333333,PlayerB,native,RightHand,0.2827196,0.0559651852,0.1045507
2.5333333,PlayerB,native,LeftFoot,1.54307818,0.1276967,0.333132327
2.5333333,PlayerB,native,RightFoot,1.02967525,0.105886459,0.767483354
2.5333333,PlayerB,fighter,AnimatorRoot,0.850000262,0,-2.026558E-07
2.5333333,PlayerB,fighter,Hips,0.8888682,0.108958893,0.03417358
2.5333333,PlayerB,fighter,Head,0.376453966,0.09237833,-0.464520872
2.5333333,PlayerB,fighter,Chest,0.687985361,0.125411868,-0.167158544
2.5333333,PlayerB,fighter,LeftHand,0.75013864,0.03407133,-0.6053226
2.5333333,PlayerB,fighter,RightHand,0.282719672,0.0559653156,0.104550757
2.5333333,PlayerB,fighter,LeftFoot,1.54307783,0.1276967,0.333132118
2.5333333,PlayerB,fighter,RightFoot,1.02967536,0.105886437,0.7674835
2.55,PlayerA,actor,Root,-0.85,0,0
2.55,PlayerA,driver,Root,-0.391401947,-0.149977162,0.757194936
2.55,PlayerA,native,AnimatorRoot,-0.391401947,-0.149977162,0.757194936
2.55,PlayerA,native,Hips,-0.5457143,0.6118811,0.6715294
2.55,PlayerA,native,Head,-0.281648874,1.0277133,0.823040247
2.55,PlayerA,native,Chest,-0.4701576,0.8054593,0.737278938
2.55,PlayerA,native,LeftHand,-0.09372914,0.801407456,1.07618046
2.55,PlayerA,native,RightHand,-0.0588659048,0.704136133,0.977404237
2.55,PlayerA,native,LeftFoot,-0.45100528,0.120374963,1.05890918
2.55,PlayerA,native,RightFoot,-0.4959872,0.114742562,0.299672961
2.55,PlayerA,fighter,AnimatorRoot,-0.85,0,0
2.55,PlayerA,fighter,Hips,-0.5457142,0.6118811,0.671529531
2.55,PlayerA,fighter,Head,-0.290022731,0.9901461,0.814273
2.55,PlayerA,fighter,Chest,-0.481024116,0.7945723,0.7286501
2.55,PlayerA,fighter,LeftHand,-0.09344238,0.801610768,1.0777421
2.55,PlayerA,fighter,RightHand,-0.0607667565,0.7043859,0.973789752
2.55,PlayerA,fighter,LeftFoot,-0.4510051,0.12037497,1.0589093
2.55,PlayerA,fighter,RightFoot,-0.495987147,0.11474257,0.299672961
2.55,PlayerB,actor,Root,0.850000262,0,-2.026558E-07
2.55,PlayerB,driver,Root,0.8164337,-0.692770541,-0.0177287124
2.55,PlayerB,native,AnimatorRoot,0.8164337,-0.692770541,-0.0177287124
2.55,PlayerB,native,Hips,0.88887,0.108915865,0.0341752
2.55,PlayerB,native,Head,0.5461247,0.0989747643,-0.308970869
2.55,PlayerB,native,Chest,0.744712651,0.11310488,-0.109362379
2.55,PlayerB,native,LeftHand,0.7506419,0.0336071849,-0.6055698
2.55,PlayerB,native,RightHand,0.2826715,0.05549103,0.104433872
2.55,PlayerB,native,LeftFoot,1.54283619,0.127163708,0.332840979
2.55,PlayerB,native,RightFoot,1.02950537,0.105316877,0.7672796
2.55,PlayerB,fighter,AnimatorRoot,0.850000262,0,-2.026558E-07
2.55,PlayerB,fighter,Hips,0.88887,0.108915858,0.0341752023
2.55,PlayerB,fighter,Head,0.376801431,0.092992194,-0.464842469
2.55,PlayerB,fighter,Chest,0.6881366,0.125851586,-0.167249858
2.55,PlayerB,fighter,LeftHand,0.750641942,0.03360716,-0.6055697
2.55,PlayerB,fighter,RightHand,0.2826714,0.0554909445,0.104433872
2.55,PlayerB,fighter,LeftFoot,1.542836,0.127163708,0.3328409
2.55,PlayerB,fighter,RightFoot,1.02950549,0.105316818,0.767279565
2.5666666,PlayerA,actor,Root,-0.85,0,0
2.5666666,PlayerA,driver,Root,-0.396925867,-0.151209176,0.752514541
2.5666666,PlayerA,native,AnimatorRoot,-0.396925867,-0.151209176,0.752514541
2.5666666,PlayerA,native,Hips,-0.5490502,0.611520052,0.6665515
2.5666666,PlayerA,native,Head,-0.286312282,1.02637482,0.824602544
2.5666666,PlayerA,native,Chest,-0.4727885,0.804387033,0.733853
2.5666666,PlayerA,native,LeftHand,-0.0939329863,0.801498532,1.07680285
2.5666666,PlayerA,native,RightHand,-0.05874163,0.7040077,0.97925514
2.5666666,PlayerA,native,LeftFoot,-0.451004684,0.120374382,1.05891633
2.5666666,PlayerA,native,RightFoot,-0.523027658,0.115258127,0.2721639
2.5666666,PlayerA,fighter,AnimatorRoot,-0.85,0,0
2.5666666,PlayerA,fighter,Hips,-0.549050152,0.611520052,0.6665516
2.5666666,PlayerA,fighter,Head,-0.294787169,0.9889132,0.8156165
2.5666666,PlayerA,fighter,Chest,-0.4838249,0.7936056,0.7252811
2.5666666,PlayerA,fighter,LeftHand,-0.09371841,0.8017058,1.0783546
2.5666666,PlayerA,fighter,RightHand,-0.06069058,0.704267442,0.9756678
2.5666666,PlayerA,fighter,LeftFoot,-0.451004773,0.1203742,1.05891633
2.5666666,PlayerA,fighter,RightFoot,-0.5230277,0.115258172,0.272163838
2.5666666,PlayerB,actor,Root,0.850000262,0,-2.026558E-07
2.5666666,PlayerB,driver,Root,0.8165152,-0.6929588,-0.0179254226
2.5666666,PlayerB,native,AnimatorRoot,0.8165152,-0.6929588,-0.0179254226
2.5666666,PlayerB,native,Hips,0.8888715,0.108840108,0.0341775455
2.5666666,PlayerB,native,Head,0.546699,0.09894127,-0.309463382
2.5666666,PlayerB,native,Chest,0.744850159,0.1135999,-0.109459266
2.5666666,PlayerB,native,LeftHand,0.7513017,0.033100903,-0.6059196
2.5666666,PlayerB,native,RightHand,0.282579958,0.0548359752,0.104243375
2.5666666,PlayerB,native,LeftFoot,1.54266989,0.126320481,0.332639962
2.5666666,PlayerB,native,RightFoot,1.02926636,0.104510069,0.766989946
2.5666666,PlayerB,fighter,AnimatorRoot,0.850000262,0,-2.026558E-07
2.5666666,PlayerB,fighter,Hips,0.8888715,0.108840093,0.03417755
2.5666666,PlayerB,fighter,Head,0.377314031,0.0935161039,-0.465284824
2.5666666,PlayerB,fighter,Chest,0.6883258,0.12642549,-0.167356774
2.5666666,PlayerB,fighter,LeftHand,0.751302063,0.0331007764,-0.60591954
2.5666666,PlayerB,fighter,RightHand,0.282580018,0.05483596,0.104243495
2.5666666,PlayerB,fighter,LeftFoot,1.54266977,0.126320451,0.332639962
2.5666666,PlayerB,fighter,RightFoot,1.02926624,0.104509987,0.7669898
2.58275867,PlayerA,actor,Root,-0.85,0,0
2.58275867,PlayerA,driver,Root,-0.402332723,-0.152933359,0.7478138
2.58275867,PlayerA,native,AnimatorRoot,-0.402332723,-0.152933359,0.7478138
2.58275867,PlayerA,native,Hips,-0.552566946,0.611058652,0.6613754
2.58275867,PlayerA,native,Head,-0.289823651,1.02361929,0.8265476
2.58275867,PlayerA,native,Chest,-0.475101918,0.8029475,0.730301
2.58275867,PlayerA,native,LeftHand,-0.0945363045,0.8015528,1.0779444
2.58275867,PlayerA,native,RightHand,-0.05857885,0.7039294,0.9819406
2.58275867,PlayerA,native,LeftFoot,-0.4510155,0.120387226,1.05892467
2.58275867,PlayerA,native,RightFoot,-0.55084157,0.115671962,0.243768
2.58275867,PlayerA,fighter,AnimatorRoot,-0.85,0,0
2.58275867,PlayerA,fighter,Hips,-0.5525668,0.611058652,0.6613755
2.58275867,PlayerA,fighter,Head,-0.2984742,0.9862343,0.8173089
2.58275867,PlayerA,fighter,Chest,-0.486304373,0.792292237,0.7217864
2.58275867,PlayerA,fighter,LeftHand,-0.09443784,0.801763654,1.07947278
2.58275867,PlayerA,fighter,RightHand,-0.0606011748,0.7042045,0.9783973
2.58275867,PlayerA,fighter,LeftFoot,-0.4510156,0.120387174,1.05892456
2.58275867,PlayerA,fighter,RightFoot,-0.5508417,0.115671925,0.243768036
2.58275867,PlayerB,actor,Root,0.850000262,0,-2.026558E-07
2.58275867,PlayerB,driver,Root,0.8166218,-0.6931247,-0.0181667376
2.58275867,PlayerB,native,AnimatorRoot,0.8166218,-0.6931247,-0.0181667376
2.58275867,PlayerB,native,Hips,0.88887465,0.108723283,0.03418149
2.58275867,PlayerB,native,Head,0.5473343,0.09909195,-0.3100129
2.58275867,PlayerB,native,Chest,0.745006263,0.114147305,-0.109564684
2.58275867,PlayerB,native,LeftHand,0.752025366,0.0324916244,-0.6063067
2.58275867,PlayerB,native,RightHand,0.282484472,0.0541276336,0.104056872
2.58275867,PlayerB,native,LeftFoot,1.54241431,0.125458419,0.33233133
2.58275867,PlayerB,native,RightFoot,1.02900958,0.103647828,0.7666819
2.58275867,PlayerB,fighter,AnimatorRoot,0.850000262,0,-2.026558E-07
2.58275867,PlayerB,fighter,Hips,0.88887465,0.108723268,0.034181498
2.58275867,PlayerB,fighter,Head,0.377907962,0.09442105,-0.465822726
2.58275867,PlayerB,fighter,Chest,0.6885357,0.127089441,-0.167466119
2.58275867,PlayerB,fighter,LeftHand,0.7520256,0.0324915126,-0.606306851
2.58275867,PlayerB,fighter,RightHand,0.282484531,0.0541276447,0.104056992
2.58275867,PlayerB,fighter,LeftFoot,1.54241431,0.125458449,0.3323314
2.58275867,PlayerB,fighter,RightFoot,1.02900958,0.103647813,0.766681969
2.58333325,PlayerA,actor,Root,-0.85,0,0
2.58333325,PlayerA,driver,Root,-0.40252614,-0.15300487,0.7476403
2.58333325,PlayerA,native,AnimatorRoot,-0.40252614,-0.15300487,0.7476403
2.58333325,PlayerA,native,Hips,-0.552698255,0.6110402,0.6611815
2.58333325,PlayerA,native,Head,-0.2899285,1.0234915,0.8266224
2.58333325,PlayerA,native,Chest,-0.475179821,0.8028885,0.7301667
2.58333325,PlayerA,native,LeftHand,-0.09456241,0.8015533,1.07798982
2.58333325,PlayerA,native,RightHand,-0.05856991,0.703927338,0.9820514
2.58333325,PlayerA,native,LeftFoot,-0.451013774,0.120386943,1.05892372
2.58333325,PlayerA,native,RightFoot,-0.551868439,0.115693882,0.242721468
2.58333325,PlayerA,fighter,AnimatorRoot,-0.85,0,0
2.58333325,PlayerA,fighter,Hips,-0.552698135,0.6110402,0.661181569
2.58333325,PlayerA,fighter,Head,-0.298586726,0.9861084,0.817374349
2.58333325,PlayerA,fighter,Chest,-0.486388057,0.792237937,0.7216542
2.58333325,PlayerA,fighter,LeftHand,-0.09446889,0.801764131,1.07951713
2.58333325,PlayerA,fighter,RightHand,-0.0605952144,0.7042029,0.9785103
2.58333325,PlayerA,fighter,LeftFoot,-0.451013774,0.120386891,1.05892384
2.58333325,PlayerA,fighter,RightFoot,-0.551868558,0.115693949,0.2427215
2.58333325,PlayerB,actor,Root,0.850000262,0,-2.026558E-07
2.58333325,PlayerB,driver,Root,0.816626,-0.693130732,-0.0181760732
2.58333325,PlayerB,native,AnimatorRoot,0.816626,-0.693130732,-0.0181760732
2.58333325,PlayerB,native,Hips,0.888875,0.108718395,0.03418172
2.58333325,PlayerB,native,Head,0.547358751,0.0990994,-0.310033679
2.58333325,PlayerB,native,Chest,0.7450125,0.114168227,-0.109568641
2.58333325,PlayerB,native,LeftHand,0.752053,0.03246802,-0.6063215
2.58333325,PlayerB,native,RightHand,0.282480776,0.05410081,0.10404966
2.58333325,PlayerB,native,LeftFoot,1.54240441,0.12542516,0.33232
2.58333325,PlayerB,native,RightFoot,1.02899969,0.103614867,0.766670167
2.58333325,PlayerB,fighter,AnimatorRoot,0.850000262,0,-2.026558E-07
2.58333325,PlayerB,fighter,Hips,0.888875,0.108718388,0.0341817252
2.58333325,PlayerB,fighter,Head,0.3779314,0.09445761,-0.4658436
2.58333325,PlayerB,fighter,Chest,0.688544,0.127115145,-0.167470068
2.58333325,PlayerB,fighter,LeftHand,0.752053142,0.0324679054,-0.6063216
2.58333325,PlayerB,fighter,RightHand,0.282480955,0.0541008823,0.10404972
2.58333325,PlayerB,fighter,LeftFoot,1.54240441,0.125425249,0.332320064
2.58333325,PlayerB,fighter,RightFoot,1.02899992,0.103614874,0.7666703
2.6,PlayerA,actor,Root,-0.85,0,0
2.6,PlayerA,driver,Root,-0.4081862,-0.1551803,0.7424697
2.6,PlayerA,native,AnimatorRoot,-0.4081862,-0.1551803,0.7424697
2.6,PlayerA,native,Hips,-0.556641161,0.610510468,0.6553315
2.6,PlayerA,native,Head,-0.292702317,1.019329,0.828716159
2.6,PlayerA,native,Chest,-0.477395684,0.8010919,0.7260109
2.6,PlayerA,native,LeftHand,-0.09547925,0.8015429,1.0792433
2.6,PlayerA,native,RightHand,-0.0582716465,0.703855038,0.9854493
2.6,PlayerA,native,LeftFoot,-0.451004177,0.120373785,1.058917
2.6,PlayerA,native,RightFoot,-0.581728041,0.116334081,0.2123223
2.6,PlayerA,fighter,AnimatorRoot,-0.85,0,0
2.6,PlayerA,fighter,Hips,-0.5566411,0.610510468,0.6553316
2.6,PlayerA,fighter,Head,-0.301614761,0.981996953,0.8191943
2.6,PlayerA,fighter,Chest,-0.488775671,0.790587,0.717574954
2.6,PlayerA,fighter,LeftHand,-0.09553784,0.8017538,1.08072662
2.6,PlayerA,fighter,RightHand,-0.0603919625,0.704149246,0.981967866
2.6,PlayerA,fighter,LeftFoot,-0.4510042,0.120373629,1.058917
2.6,PlayerA,fighter,RightFoot,-0.581728041,0.116334058,0.212322325
2.6,PlayerB,actor,Root,0.850000262,0,-2.026558E-07
2.6,PlayerB,driver,Root,0.816756248,-0.6932945,-0.0184610039
2.6,PlayerB,native,AnimatorRoot,0.816756248,-0.6932945,-0.0184610039
2.6,PlayerB,native,Hips,0.8888786,0.108578682,0.0341861732
2.6,PlayerB,native,Head,0.5480881,0.0993756652,-0.310663074
2.6,PlayerB,native,Chest,0.74519527,0.114809453,-0.109688185
2.6,PlayerB,native,LeftHand,0.752875,0.0317646861,-0.6067787
2.6,PlayerB,native,RightHand,0.2823618,0.05328417,0.10383407
2.6,PlayerB,native,LeftFoot,1.542109,0.124429286,0.331962675
2.6,PlayerB,native,RightFoot,1.02870572,0.102618873,0.766312957
2.6,PlayerB,fighter,AnimatorRoot,0.850000262,0,-2.026558E-07
2.6,PlayerB,fighter,Hips,0.8888786,0.108578682,0.034186177
2.6,PlayerB,fighter,Head,0.378634781,0.09561582,-0.4664805
2.6,PlayerB,fighter,Chest,0.688784957,0.127904579,-0.167588741
2.6,PlayerB,fighter,LeftHand,0.7528752,0.0317646824,-0.606778741
2.6,PlayerB,fighter,RightHand,0.282361865,0.0532840863,0.10383407
2.6,PlayerB,fighter,LeftFoot,1.54210889,0.124429241,0.3319625
2.6,PlayerB,fighter,RightFoot,1.0287056,0.102618881,0.766312838
2.61666656,PlayerA,actor,Root,-0.85,0,0
2.61666656,PlayerA,driver,Root,-0.413951725,-0.15753442,0.737045765
2.61666656,PlayerA,native,AnimatorRoot,-0.413951725,-0.15753442,0.737045765
2.61666656,PlayerA,native,Hips,-0.560845733,0.610028744,0.6490557
2.61666656,PlayerA,native,Head,-0.294997156,1.0143218,0.830635965
2.61666656,PlayerA,native,Chest,-0.4795393,0.7991683,0.7213626
2.61666656,PlayerA,native,LeftHand,-0.0967161059,0.8015104,1.08036017
2.61666656,PlayerA,native,RightHand,-0.0579593778,0.7037914,0.9891711
2.61666656,PlayerA,native,LeftFoot,-0.451019555,0.120391309,1.05893409
2.61666656,PlayerA,native,RightFoot,-0.611522436,0.116764218,0.181910381
2.61666656,PlayerA,fighter,AnimatorRoot,-0.85,0,0
2.61666656,PlayerA,fighter,Hips,-0.5608457,0.610028744,0.649055958
2.61666656,PlayerA,fighter,Head,-0.3042125,0.977015436,0.820849359
2.61666656,PlayerA,fighter,Chest,-0.4910902,0.788814664,0.713025331
2.61666656,PlayerA,fighter,LeftHand,-0.0969468355,0.8017154,1.08177412
2.61666656,PlayerA,fighter,RightHand,-0.0601865649,0.7041063,0.985761464
2.61666656,PlayerA,fighter,LeftFoot,-0.451019555,0.120391324,1.05893421
2.61666656,PlayerA,fighter,RightFoot,-0.611522436,0.116764262,0.181910411
2.61666656,PlayerB,actor,Root,0.850000262,0,-2.026558E-07
2.61666656,PlayerB,driver,Root,0.8169026,-0.6934376,-0.0187738538
2.61666656,PlayerB,native,AnimatorRoot,0.8169026,-0.6934376,-0.0187738538
2.61666656,PlayerB,native,Hips,0.8888825,0.108439207,0.0341908634
2.61666656,PlayerB,native,Head,0.54887706,0.09976643,-0.311341822
2.61666656,PlayerB,native,Chest,0.745394647,0.115513742,-0.10981448
2.61666656,PlayerB,native,LeftHand,0.7537561,0.0310080051,-0.6072855
2.61666656,PlayerB,native,RightHand,0.282225728,0.0524089932,0.1036068
2.61666656,PlayerB,native,LeftFoot,1.54179192,0.123360753,0.331581384
2.61666656,PlayerB,native,RightFoot,1.02838755,0.101551473,0.7659315
2.61666656,PlayerB,fighter,AnimatorRoot,0.850000262,0,-2.026558E-07
2.61666656,PlayerB,fighter,Hips,0.8888825,0.1084392,0.0341908671
2.61666656,PlayerB,fighter,Head,0.379402131,0.09696735,-0.46717152
2.61666656,PlayerB,fighter,Chest,0.68904525,0.128777429,-0.167711318
2.61666656,PlayerB,fighter,LeftHand,0.753756046,0.0310079586,-0.6072856
2.61666656,PlayerB,fighter,RightHand,0.2822258,0.05240894,0.103606619
2.61666656,PlayerB,fighter,LeftFoot,1.54179192,0.123360828,0.3315815
2.61666656,PlayerB,fighter,RightFoot,1.02838767,0.101551473,0.7659316
2.63333344,PlayerA,actor,Root,-0.85,0,0
2.63333344,PlayerA,driver,Root,-0.419772476,-0.159902871,0.731406331
2.63333344,PlayerA,native,AnimatorRoot,-0.419772476,-0.159902871,0.731406331
2.63333344,PlayerA,native,Hips,-0.5652274,0.60961,0.642390251
2.63333344,PlayerA,native,Head,-0.297118127,1.00881958,0.83216995
2.63333344,PlayerA,native,Chest,-0.481669337,0.797207236,0.7162019
2.63333344,PlayerA,native,LeftHand,-0.0983322859,0.80133146,1.08109367
2.63333344,PlayerA,native,RightHand,-0.0575930476,0.703788638,0.99302
2.63333344,PlayerA,native,LeftFoot,-0.451003551,0.12037304,1.058918
2.63333344,PlayerA,native,RightFoot,-0.640428066,0.11740911,0.152479932
2.63333344,PlayerA,fighter,AnimatorRoot,-0.85,0,0
2.63333344,PlayerA,fighter,Hips,-0.5652273,0.60961,0.6423904
2.63333344,PlayerA,fighter,Head,-0.306664348,0.9715153,0.822144151
2.63333344,PlayerA,fighter,Chest,-0.4933899,0.7870023,0.7079892
2.63333344,PlayerA,fighter,LeftHand,-0.09874296,0.8015224,1.08240879
2.63333344,PlayerA,fighter,RightHand,-0.05993086,0.7041249,0.989690244
2.63333344,PlayerA,fighter,LeftFoot,-0.451003581,0.120373107,1.05891788
2.63333344,PlayerA,fighter,RightFoot,-0.640428,0.117409229,0.152480036
2.63333344,PlayerB,actor,Root,0.850000262,0,-2.026558E-07
2.63333344,PlayerB,driver,Root,0.817060053,-0.6935471,-0.0191056859
2.63333344,PlayerB,native,AnimatorRoot,0.817060053,-0.6935471,-0.0191056859
2.63333344,PlayerB,native,Hips,0.888885856,0.108317256,0.03419485
2.63333344,PlayerB,native,Head,0.5497054,0.100266814,-0.3120525
2.63333344,PlayerB,native,Chest,0.745602965,0.116270542,-0.10994269
2.63333344,PlayerB,native,LeftHand,0.7546544,0.03022021,-0.607825339
2.63333344,PlayerB,native,RightHand,0.282078326,0.0514971,0.103373505
2.63333344,PlayerB,native,LeftFoot,1.54146159,0.122248232,0.3311823
2.63333344,PlayerB,native,RightFoot,1.02805841,0.100438118,0.7655325
2.63333344,PlayerB,fighter,AnimatorRoot,0.850000262,0,-2.026558E-07
2.63333344,PlayerB,fighter,Hips,0.888885856,0.108317249,0.0341948569
2.63333344,PlayerB,fighter,Head,0.380195946,0.0984862745,-0.467880219
2.63333344,PlayerB,fighter,Chest,0.6893156,0.12971662,-0.1678338
2.63333344,PlayerB,fighter,LeftHand,0.7546545,0.0302201714,-0.6078254
2.63333344,PlayerB,fighter,RightHand,0.282078445,0.05149711,0.103373446
2.63333344,PlayerB,fighter,LeftFoot,1.54146147,0.122248247,0.3311822
2.63333344,PlayerB,fighter,RightFoot,1.02805829,0.100438088,0.7655325
2.65,PlayerA,actor,Root,-0.85,0,0
2.65,PlayerA,driver,Root,-0.425658971,-0.162102431,0.725598
2.65,PlayerA,native,AnimatorRoot,-0.425658971,-0.162102431,0.725598
2.65,PlayerA,native,Hips,-0.5697806,0.6093519,0.635401249
2.65,PlayerA,native,Head,-0.29941684,1.00329089,0.8331093
2.65,PlayerA,native,Chest,-0.483910441,0.7953929,0.7105207
2.65,PlayerA,native,LeftHand,-0.100356281,0.801056862,1.08127427
2.65,PlayerA,native,RightHand,-0.05730015,0.7037909,0.996785343
2.65,PlayerA,native,LeftFoot,-0.451046467,0.120390117,1.05894256
2.65,PlayerA,native,RightFoot,-0.6671459,0.117751062,0.124842763
2.65,PlayerA,fighter,AnimatorRoot,-0.85,0,0
2.65,PlayerA,fighter,Hips,-0.5697806,0.6093519,0.635401368
2.65,PlayerA,fighter,Head,-0.3093019,0.9659669,0.8228913
2.65,PlayerA,fighter,Chest,-0.49579975,0.785324931,0.7024642
2.65,PlayerA,fighter,LeftHand,-0.100941777,0.801224649,1.08246124
2.65,PlayerA,fighter,RightHand,-0.0597461462,0.7041492,0.993539
2.65,PlayerA,fighter,LeftFoot,-0.451046556,0.120390035,1.05894256
2.65,PlayerA,fighter,RightFoot,-0.6671457,0.117751218,0.124842837
2.65,PlayerB,actor,Root,0.850000262,0,-2.026558E-07
2.65,PlayerB,driver,Root,0.817225,-0.6936094,-0.0194485243
2.65,PlayerB,native,AnimatorRoot,0.817225,-0.6936094,-0.0194485243
2.65,PlayerB,native,Hips,0.88888824,0.108231306,0.03419777
2.65,PlayerB,native,Head,0.5505575,0.100871861,-0.3127831
2.65,PlayerB,native,Chest,0.7458153,0.117070019,-0.110070542
2.65,PlayerB,native,LeftHand,0.755565464,0.0294191837,-0.608392537
2.65,PlayerB,native,RightHand,0.281916559,0.05057317,0.103142239
2.65,PlayerB,native,LeftFoot,1.541127,0.121118665,0.33077848
2.65,PlayerB,native,RightFoot,1.02772248,0.09930974,0.765129268
2.65,PlayerB,fighter,AnimatorRoot,0.850000262,0,-2.026558E-07
2.65,PlayerB,fighter,Hips,0.88888824,0.1082313,0.0341977775
2.65,PlayerB,fighter,Head,0.38098824,0.100148194,-0.468580127
2.65,PlayerB,fighter,Chest,0.6895903,0.130705819,-0.167955041
2.65,PlayerB,fighter,LeftHand,0.755565464,0.0294191055,-0.6083926
2.65,PlayerB,fighter,RightHand,0.281916559,0.0505731069,0.103142239
2.65,PlayerB,fighter,LeftFoot,1.54112685,0.121118672,0.33077845
2.65,PlayerB,fighter,RightFoot,1.02772236,0.0993097648,0.765129268
2.66666675,PlayerA,actor,Root,-0.85,0,0
2.66666675,PlayerA,driver,Root,-0.431473225,-0.1639877,0.7196386
2.66666675,PlayerA,native,AnimatorRoot,-0.431473225,-0.1639877,0.7196386
2.66666675,PlayerA,native,Hips,-0.57434535,0.6092802,0.6281127
2.66666675,PlayerA,native,Head,-0.302055836,0.9981211,0.833268642
2.66666675,PlayerA,native,Chest,-0.486236125,0.7938375,0.704298735
2.66666675,PlayerA,native,LeftHand,-0.102790177,0.800574362,1.08064723
2.66666675,PlayerA,native,RightHand,-0.0569816828,0.7038499,1.00024784
2.66666675,PlayerA,native,LeftFoot,-0.4510027,0.120372355,1.05891943
2.66666675,PlayerA,native,RightFoot,-0.6916353,0.118346691,0.100276962
2.66666675,PlayerA,fighter,AnimatorRoot,-0.85,0,0
2.66666675,PlayerA,fighter,Hips,-0.57434535,0.6092802,0.6281128
2.66666675,PlayerA,fighter,Head,-0.3122679,0.9607546,0.8229207
2.66666675,PlayerA,fighter,Chest,-0.498293459,0.783886552,0.696433544
2.66666675,PlayerA,fighter,LeftHand,-0.103533268,0.8007102,1.0816803
2.66666675,PlayerA,fighter,RightHand,-0.0595272779,0.704227149,0.99708426
2.66666675,PlayerA,fighter,LeftFoot,-0.451002628,0.120372392,1.05891955
2.66666675,PlayerA,fighter,RightFoot,-0.6916353,0.118346594,0.100276962
2.66666675,PlayerB,actor,Root,0.850000262,0,-2.026558E-07
2.66666675,PlayerB,driver,Root,0.8173905,-0.6936144,-0.01979308
2.66666675,PlayerB,native,AnimatorRoot,0.8173905,-0.6936144,-0.01979308
2.66666675,PlayerB,native,Hips,0.888889134,0.108198464,0.03419876
2.66666675,PlayerB,native,Head,0.551408231,0.101574481,-0.3135132
2.66666675,PlayerB,native,Chest,0.7460238,0.117901027,-0.110194124
2.66666675,PlayerB,native,LeftHand,0.756445944,0.0286268,-0.6089657
2.66666675,PlayerB,native,RightHand,0.281749129,0.0496588945,0.10291604
2.66666675,PlayerB,native,LeftFoot,1.54079592,0.120001614,0.330377251
2.66666675,PlayerB,native,RightFoot,1.02739215,0.09819156,0.764728665
2.66666675,PlayerB,fighter,AnimatorRoot,0.850000262,0,-2.026558E-07
2.66666675,PlayerB,fighter,Hips,0.888889134,0.108198456,0.03419877
2.66666675,PlayerB,fighter,Head,0.381737381,0.101924405,-0.46923247
2.66666675,PlayerB,fighter,Chest,0.689859748,0.131727621,-0.168071851
2.66666675,PlayerB,fighter,LeftHand,0.756446064,0.0286267288,-0.608965635
2.66666675,PlayerB,fighter,RightHand,0.281749249,0.0496588759,0.10291604
2.66666675,PlayerB,fighter,LeftFoot,1.54079592,0.120001607,0.3303772
2.66666675,PlayerB,fighter,RightFoot,1.02739191,0.09819153,0.764728546
2.6833334,PlayerA,actor,Root,-0.85,0,0
2.6833334,PlayerA,driver,Root,-0.4371436,-0.165393144,0.7135503
2.6833334,PlayerA,native,AnimatorRoot,-0.4371436,-0.165393144,0.7135503
2.6833334,PlayerA,native,Hips,-0.578696251,0.6094806,0.6206018
2.6833334,PlayerA,native,Head,-0.305103183,0.9937967,0.832484
2.6833334,PlayerA,native,Chest,-0.488543242,0.792727,0.6975461
2.6833334,PlayerA,native,LeftHand,-0.105457008,0.7999102,1.079041
2.6833334,PlayerA,native,RightHand,-0.0565531254,0.703953,1.00316787
2.6833334,PlayerA,native,LeftFoot,-0.4507535,0.120393276,1.05895
2.6833334,PlayerA,native,RightFoot,-0.714920163,0.119256467,0.07971613
2.6833334,PlayerA,fighter,AnimatorRoot,-0.85,0,0
2.6833334,PlayerA,fighter,Hips,-0.578696251,0.6094806,0.6206019
2.6833334,PlayerA,fighter,Head,-0.31561017,0.956364453,0.82209
2.6833334,PlayerA,fighter,Chest,-0.500768661,0.782864451,0.68991226
2.6833334,PlayerA,fighter,LeftHand,-0.106332123,0.8000067,1.0799017
2.6833334,PlayerA,fighter,RightHand,-0.05918461,0.7043473,1.00007915
2.6833334,PlayerA,fighter,LeftFoot,-0.45075354,0.120393328,1.05895
2.6833334,PlayerA,fighter,RightFoot,-0.7149202,0.119256355,0.079716146
2.6833334,PlayerB,actor,Root,0.850000262,0,-2.026558E-07
2.6833334,PlayerB,driver,Root,0.817550957,-0.693550467,-0.02013071
2.6833334,PlayerB,native,AnimatorRoot,0.817550957,-0.693550467,-0.02013071
2.6833334,PlayerB,native,Hips,0.88888824,0.108237267,0.03419774
2.6833334,PlayerB,native,Head,0.5522374,0.102367878,-0.314227581
2.6833334,PlayerB,native,Chest,0.746222734,0.118753731,-0.110311948
2.6833334,PlayerB,native,LeftHand,0.757294655,0.02786237,-0.609536
2.6833334,PlayerB,native,RightHand,0.2815773,0.048778832,0.102703787
2.6833334,PlayerB,native,LeftFoot,1.54047632,0.118923306,0.32999295
2.6833334,PlayerB,native,RightFoot,1.02707183,0.09711468,0.7643434
2.6833334,PlayerB,fighter,AnimatorRoot,0.850000262,0,-2.026558E-07
2.6833334,PlayerB,fighter,Hips,0.88888824,0.108237259,0.034197744
2.6833334,PlayerB,fighter,Head,0.382412136,0.10378854,-0.4698097
2.6833334,PlayerB,fighter,Chest,0.690117657,0.132765442,-0.168183923
2.6833334,PlayerB,fighter,LeftHand,0.7572948,0.0278624631,-0.609536052
2.6833334,PlayerB,fighter,RightHand,0.281577349,0.0487788729,0.102703907
2.6833334,PlayerB,fighter,LeftFoot,1.54047632,0.118923292,0.3299929
2.6833334,PlayerB,fighter,RightFoot,1.02707171,0.09711471,0.764343441
2.7,PlayerA,actor,Root,-0.85,0,0
2.7,PlayerA,driver,Root,-0.4424806,-0.166194886,0.7073685
2.7,PlayerA,native,AnimatorRoot,-0.4424806,-0.166194886,0.7073685
2.7,PlayerA,native,Hips,-0.5835317,0.609982133,0.6128824
2.7,PlayerA,native,Head,-0.309512079,0.990709066,0.830598056
2.7,PlayerA,native,Chest,-0.49165383,0.7921852,0.6902411
2.7,PlayerA,native,LeftHand,-0.109207451,0.7989762,1.07622433
2.7,PlayerA,native,RightHand,-0.0567147732,0.704078436,1.00541174
2.7,PlayerA,native,LeftFoot,-0.451002,0.120371282,1.0589205
2.7,PlayerA,native,RightFoot,-0.7278538,0.119012535,0.06335555
2.7,PlayerA,fighter,AnimatorRoot,-0.85,0,0
2.7,PlayerA,fighter,Hips,-0.5835316,0.609982133,0.6128826
2.7,PlayerA,fighter,Head,-0.320260048,0.9531862,0.8202561
2.7,PlayerA,fighter,Chest,-0.5040468,0.782374442,0.6828827
2.7,PlayerA,fighter,LeftHand,-0.11018312,0.799029946,1.07690394
2.7,PlayerA,fighter,RightHand,-0.0594134331,0.7044844,1.00238574
2.7,PlayerA,fighter,LeftFoot,-0.451002,0.1203711,1.0589205
2.7,PlayerA,fighter,RightFoot,-0.7278539,0.119012594,0.06335563
2.7,PlayerB,actor,Root,0.850000262,0,-2.026558E-07
2.7,PlayerB,driver,Root,0.817698956,-0.6934087,-0.0204514638
2.7,PlayerB,native,AnimatorRoot,0.817698956,-0.6934087,-0.0204514638
2.7,PlayerB,native,Hips,0.888884544,0.108364761,0.0341932625
2.7,PlayerB,native,Head,0.5530156,0.10324204,-0.3149052
2.7,PlayerB,native,Chest,0.7464035,0.119616389,-0.11042203
2.7,PlayerB,native,LeftHand,0.7580719,0.027145505,-0.610080361
2.7,PlayerB,native,RightHand,0.281409025,0.0479539037,0.102506138
2.7,PlayerB,native,LeftFoot,1.54017687,0.1179139,0.329630315
2.7,PlayerB,native,RightFoot,1.02677333,0.09610504,0.7639817
2.7,PlayerB,fighter,AnimatorRoot,0.850000262,0,-2.026558E-07
2.7,PlayerB,fighter,Hips,0.888884544,0.108364753,0.0341932662
2.7,PlayerB,fighter,Head,0.382965535,0.105706587,-0.470271051
2.7,PlayerB,fighter,Chest,0.690353155,0.133800983,-0.168289363
2.7,PlayerB,fighter,LeftHand,0.7580721,0.027145585,-0.6100802
2.7,PlayerB,fighter,RightHand,0.2814092,0.0479537621,0.102506138
2.7,PlayerB,fighter,LeftFoot,1.54017663,0.117913894,0.3296302
2.7,PlayerB,fighter,RightFoot,1.02677321,0.09610506,0.7639814
2.70574737,PlayerA,actor,Root,-0.85,0,0
2.70574737,PlayerA,driver,Root,-0.444065183,-0.166328058,0.7053479
2.70574737,PlayerA,native,AnimatorRoot,-0.444065183,-0.166328058,0.7053479
2.70574737,PlayerA,native,Hips,-0.5850897,0.610222757,0.6103045
2.70574737,PlayerA,native,Head,-0.3110953,0.989967346,0.829758346
2.70574737,PlayerA,native,Chest,-0.492697775,0.7921281,0.6877457
2.70574737,PlayerA,native,LeftHand,-0.110490859,0.7987553,1.07515812
2.70574737,PlayerA,native,RightHand,-0.0568460226,0.704310238,1.00590622
2.70574737,PlayerA,native,LeftFoot,-0.451062322,0.120374486,1.05891645
2.70574737,PlayerA,native,RightFoot,-0.730879247,0.119020179,0.0593885034
2.70574737,PlayerA,fighter,AnimatorRoot,-0.85,0,0
2.70574737,PlayerA,fighter,Hips,-0.5850897,0.610222757,0.6103046
2.70574737,PlayerA,fighter,Head,-0.321916342,0.9524153,0.8194506
2.70574737,PlayerA,fighter,Chest,-0.505149364,0.78233,0.680485368
2.70574737,PlayerA,fighter,LeftHand,-0.111492217,0.798793733,1.075778
2.70574737,PlayerA,fighter,RightHand,-0.0595656633,0.7047233,1.0029006
2.70574737,PlayerA,fighter,LeftFoot,-0.4510623,0.120374538,1.05891645
2.70574737,PlayerA,fighter,RightFoot,-0.730879247,0.119020224,0.0593885332
2.70574737,PlayerB,actor,Root,0.850000262,0,-2.026558E-07
2.70574737,PlayerB,driver,Root,0.817745268,-0.6933062,-0.0205811951
2.70574737,PlayerB,native,AnimatorRoot,0.817745268,-0.6933062,-0.0205811951
2.70574737,PlayerB,native,Hips,0.88886863,0.108497977,0.03417337
2.70574737,PlayerB,native,Head,0.553287,0.103558362,-0.3151714
2.70574737,PlayerB,native,Chest,0.746456861,0.119971573,-0.110485353
2.70574737,PlayerB,native,LeftHand,0.758326054,0.0268765688,-0.610262632
2.70574737,PlayerB,native,RightHand,0.2813416,0.0477001667,0.102428056
2.70574737,PlayerB,native,LeftFoot,1.54007661,0.117577732,0.329510033
2.70574737,PlayerB,native,RightFoot,1.02667379,0.0957665443,0.763859451
2.70574737,PlayerB,fighter,AnimatorRoot,0.850000262,0,-2.026558E-07
2.70574737,PlayerB,fighter,Hips,0.88886863,0.108497962,0.0341733731
2.70574737,PlayerB,fighter,Head,0.3831905,0.106332049,-0.470495075
2.70574737,PlayerB,fighter,Chest,0.6904296,0.1342033,-0.168358326
2.70574737,PlayerB,fighter,LeftHand,0.758326232,0.0268765222,-0.610262632
2.70574737,PlayerB,fighter,RightHand,0.281341374,0.04770012,0.102428116
2.70574737,PlayerB,fighter,LeftFoot,1.54007661,0.1175778,0.329509944
2.70574737,PlayerB,fighter,RightFoot,1.02667379,0.0957666,0.7638593
2.7166667,PlayerA,actor,Root,-0.85,0,0
2.7166667,PlayerA,driver,Root,-0.44666627,-0.1664505,0.7017499
2.7166667,PlayerA,native,AnimatorRoot,-0.44666627,-0.1664505,0.7017499
2.7166667,PlayerA,native,Hips,-0.5877836,0.610765457,0.605621457
2.7166667,PlayerA,native,Head,-0.31388557,0.9888437,0.8280481
2.7166667,PlayerA,native,Chest,-0.4944605,0.792144537,0.6831703
2.7166667,PlayerA,native,LeftHand,-0.112671614,0.79866004,1.07327652
2.7166667,PlayerA,native,RightHand,-0.05718255,0.70515126,1.006444
2.7166667,PlayerA,native,LeftFoot,-0.451091349,0.120478004,1.05900788
2.7166667,PlayerA,native,RightFoot,-0.7357207,0.11911729,0.05402337
2.7166667,PlayerA,fighter,AnimatorRoot,-0.85,0,0
2.7166667,PlayerA,fighter,Hips,-0.5877836,0.610765457,0.6056216
2.7166667,PlayerA,fighter,Head,-0.324845076,0.9512455,0.817816
2.7166667,PlayerA,fighter,Chest,-0.5070252,0.7823701,0.6760931
2.7166667,PlayerA,fighter,LeftHand,-0.11371088,0.798667431,1.073787
2.7166667,PlayerA,fighter,RightHand,-0.05994314,0.705585957,1.00348043
2.7166667,PlayerA,fighter,LeftFoot,-0.45109126,0.12047825,1.059008
2.7166667,PlayerA,fighter,RightFoot,-0.7357206,0.119117357,0.05402354
2.7166667,PlayerB,actor,Root,0.850000262,0,-2.026558E-07
2.7166667,PlayerB,driver,Root,0.817829,-0.6930136,-0.0208776947
2.7166667,PlayerB,native,AnimatorRoot,0.817829,-0.6930136,-0.0208776947
2.7166667,PlayerB,native,Hips,0.8888056,0.108920634,0.03409534
2.7166667,PlayerB,native,Head,0.553831458,0.104183614,-0.3157672
2.7166667,PlayerB,native,Chest,0.746544659,0.120777667,-0.110665582
2.7166667,PlayerB,native,LeftHand,0.758811057,0.0262998343,-0.6106151
2.7166667,PlayerB,native,RightHand,0.2811854,0.04726386,0.102252878
2.7166667,PlayerB,native,LeftFoot,1.53988254,0.1169337,0.3292824
2.7166667,PlayerB,native,RightFoot,1.02647889,0.09511852,0.7636239
2.7166667,PlayerB,fighter,AnimatorRoot,0.850000262,0,-2.026558E-07
2.7166667,PlayerB,fighter,Hips,0.8888056,0.108920619,0.0340953469
2.7166667,PlayerB,fighter,Head,0.3837367,0.1074518,-0.471106946
2.7166667,PlayerB,fighter,Chest,0.6905727,0.135076791,-0.168564811
2.7166667,PlayerB,fighter,LeftHand,0.758811235,0.0262998864,-0.610615134
2.7166667,PlayerB,fighter,RightHand,0.281185627,0.04726384,0.102252878
2.7166667,PlayerB,fighter,LeftFoot,1.53988254,0.116933659,0.329282343
2.7166667,PlayerB,fighter,RightFoot,1.02647865,0.09511854,0.763623655
2.73333335,PlayerA,actor,Root,-0.85,0,0
2.73333335,PlayerA,driver,Root,-0.451514035,-0.16545026,0.6948525
2.73333335,PlayerA,native,AnimatorRoot,-0.451514035,-0.16545026,0.6948525
2.73333335,PlayerA,native,Hips,-0.5923226,0.6121769,0.597083569
2.73333335,PlayerA,native,Head,-0.32105428,0.990034759,0.823040068
2.73333335,PlayerA,native,Chest,-0.498430252,0.793505967,0.6740379
2.73333335,PlayerA,native,LeftHand,-0.118041217,0.796229243,1.06615543
2.73333335,PlayerA,native,RightHand,-0.0570683479,0.7045142,1.00679076
2.73333335,PlayerA,native,LeftFoot,-0.451002419,0.120374784,1.05891776
2.73333335,PlayerA,native,RightFoot,-0.741592,0.119264886,0.0493507832
2.73333335,PlayerA,fighter,AnimatorRoot,-0.85,0,0
2.73333335,PlayerA,fighter,Hips,-0.5923226,0.6121769,0.5970837
2.73333335,PlayerA,fighter,Head,-0.332041621,0.9522562,0.813166142
2.73333335,PlayerA,fighter,Chest,-0.5111594,0.7836584,0.667382658
2.73333335,PlayerA,fighter,LeftHand,-0.119124413,0.7961995,1.0664947
2.73333335,PlayerA,fighter,RightHand,-0.059827745,0.7049254,1.0038228
2.73333335,PlayerA,fighter,LeftFoot,-0.451002479,0.120374821,1.05891788
2.73333335,PlayerA,fighter,RightFoot,-0.74159205,0.119264983,0.04935088
2.73333335,PlayerB,actor,Root,0.850000262,0,-2.026558E-07
2.73333335,PlayerB,driver,Root,0.8179296,-0.692853332,-0.0210038368
2.73333335,PlayerB,native,AnimatorRoot,0.8179296,-0.692853332,-0.0210038368
2.73333335,PlayerB,native,Hips,0.8888683,0.10895884,0.0341734961
2.73333335,PlayerB,native,Head,0.5543152,0.105193377,-0.316074431
2.73333335,PlayerB,native,Chest,0.746684551,0.121329308,-0.110613793
2.73333335,PlayerB,native,LeftHand,0.7593707,0.0259367824,-0.6110295
2.73333335,PlayerB,native,RightHand,0.281108081,0.0465647,0.102182008
2.73333335,PlayerB,native,LeftFoot,1.539672,0.116212308,0.3290201
2.73333335,PlayerB,native,RightFoot,1.02626872,0.09440249,0.7633721
2.73333335,PlayerB,fighter,AnimatorRoot,0.850000262,0,-2.026558E-07
2.73333335,PlayerB,fighter,Hips,0.8888683,0.108958833,0.0341735
2.73333335,PlayerB,fighter,Head,0.38355422,0.109585114,-0.470713317
2.73333335,PlayerB,fighter,Chest,0.6907248,0.135797471,-0.168478355
2.73333335,PlayerB,fighter,LeftHand,0.7593708,0.0259368215,-0.6110292
2.73333335,PlayerB,fighter,RightHand,0.281108081,0.0465647951,0.102182068
2.73333335,PlayerB,fighter,LeftFoot,1.53967214,0.116212457,0.3290203
2.73333335,PlayerB,fighter,RightFoot,1.02626872,0.09440254,0.7633723
2.75,PlayerA,actor,Root,-0.85,0,0
2.75,PlayerA,driver,Root,-0.459243327,-0.163082972,0.6850233
2.75,PlayerA,native,AnimatorRoot,-0.459243327,-0.163082972,0.6850233
2.75,PlayerA,native,Hips,-0.598850846,0.6137522,0.5848516
2.75,PlayerA,native,Head,-0.335745215,0.99486196,0.8146095
2.75,PlayerA,native,Chest,-0.506062031,0.796282649,0.6601885
2.75,PlayerA,native,LeftHand,-0.1283207,0.7871926,1.04900455
2.75,PlayerA,native,RightHand,-0.0571563244,0.6967544,1.00716352
2.75,PlayerA,native,LeftFoot,-0.451394081,0.12048237,1.05887055
2.75,PlayerA,native,RightFoot,-0.7421211,0.119010881,0.0482332557
2.75,PlayerA,fighter,AnimatorRoot,-0.85,0,0
2.75,PlayerA,fighter,Hips,-0.5988508,0.6137522,0.584851742
2.75,PlayerA,fighter,Head,-0.3463611,0.9566495,0.8054791
2.75,PlayerA,fighter,Chest,-0.5189141,0.7861545,0.6542259
2.75,PlayerA,fighter,LeftHand,-0.129434943,0.7871457,1.049153
2.75,PlayerA,fighter,RightHand,-0.05972451,0.6970302,1.00400925
2.75,PlayerA,fighter,LeftFoot,-0.451394171,0.1204824,1.05887055
2.75,PlayerA,fighter,RightFoot,-0.7421209,0.119010977,0.0482333526
2.75,PlayerB,actor,Root,0.850000262,0,-2.026558E-07
2.75,PlayerB,driver,Root,0.818017542,-0.694129646,-0.020054739
2.75,PlayerB,native,AnimatorRoot,0.818017542,-0.694129646,-0.020054739
2.75,PlayerB,native,Hips,0.889517665,0.106339693,0.03496533
2.75,PlayerB,native,Head,0.5538895,0.105945766,-0.3144295
2.75,PlayerB,native,Chest,0.7469522,0.119360805,-0.109424114
2.75,PlayerB,native,LeftHand,0.7596311,0.0271935463,-0.6111583
2.75,PlayerB,native,RightHand,0.2815581,0.04549229,0.102750219
2.75,PlayerB,native,LeftFoot,1.539647,0.116105437,0.328976572
2.75,PlayerB,native,RightFoot,1.02626407,0.09431076,0.763345957
2.75,PlayerB,fighter,AnimatorRoot,0.850000262,0,-2.026558E-07
2.75,PlayerB,fighter,Hips,0.889517665,0.106339686,0.0349653326
2.75,PlayerB,fighter,Head,0.3805172,0.11292664,-0.4661471
2.75,PlayerB,fighter,Chest,0.690774143,0.134286538,-0.166984349
2.75,PlayerB,fighter,LeftHand,0.7596313,0.027193578,-0.611158133
2.75,PlayerB,fighter,RightHand,0.281557977,0.04549235,0.102750339
2.75,PlayerB,fighter,LeftFoot,1.53964686,0.116105407,0.328976631
2.75,PlayerB,fighter,RightFoot,1.026264,0.09431075,0.7633458
2.76666665,PlayerA,actor,Root,-0.85,0,0
2.76666665,PlayerA,driver,Root,-0.467816323,-0.157610878,0.67235136
2.76666665,PlayerA,native,AnimatorRoot,-0.467816323,-0.157610878,0.67235136
2.76666665,PlayerA,native,Hips,-0.6049496,0.6173121,0.5718481
2.76666665,PlayerA,native,Head,-0.352550328,1.00576484,0.800728858
2.76666665,PlayerA,native,Chest,-0.51453805,0.802404761,0.643591642
2.76666665,PlayerA,native,LeftHand,-0.140950382,0.7790459,1.02601647
2.76666665,PlayerA,native,RightHand,-0.06729448,0.696075857,0.9905009
2.76666665,PlayerA,native,LeftFoot,-0.451001376,0.120374724,1.05891883
2.76666665,PlayerA,native,RightFoot,-0.7415921,0.119263008,0.04934983
2.76666665,PlayerA,fighter,AnimatorRoot,-0.85,0,0
2.76666665,PlayerA,fighter,Hips,-0.6049495,0.6173121,0.571848154
2.76666665,PlayerA,fighter,Head,-0.362585574,0.9670111,0.7928823
2.76666665,PlayerA,fighter,Chest,-0.5275,0.79182446,0.638606548
2.76666665,PlayerA,fighter,LeftHand,-0.14206934,0.7789842,1.02599382
2.76666665,PlayerA,fighter,RightHand,-0.06958991,0.6962101,0.987127841
2.76666665,PlayerA,fighter,LeftFoot,-0.451001346,0.120374732,1.058919
2.76666665,PlayerA,fighter,RightFoot,-0.74159205,0.119263031,0.04934992
2.76666665,PlayerB,actor,Root,0.850000262,0,-2.026558E-07
2.76666665,PlayerB,driver,Root,0.818002641,-0.694526255,-0.0192616638
2.76666665,PlayerB,native,AnimatorRoot,0.818002641,-0.694526255,-0.0192616638
2.76666665,PlayerB,native,Hips,0.890006661,0.105003774,0.0355473459
2.76666665,PlayerB,native,Head,0.553263545,0.107386291,-0.31296435
2.76666665,PlayerB,native,Chest,0.747071,0.118176043,-0.108507454
2.76666665,PlayerB,native,LeftHand,0.7597309,0.0283138156,-0.6111361
2.76666665,PlayerB,native,RightHand,0.281943619,0.0448194742,0.10324017
2.76666665,PlayerB,native,LeftFoot,1.53967357,0.116212189,0.329020947
2.76666665,PlayerB,native,RightFoot,1.02626848,0.09440261,0.76337105
2.76666665,PlayerB,fighter,AnimatorRoot,0.850000262,0,-2.026558E-07
2.76666665,PlayerB,fighter,Hips,0.890006661,0.105003767,0.03554735
2.76666665,PlayerB,fighter,Head,0.377346754,0.116534218,-0.46167478
2.76666665,PlayerB,fighter,Chest,0.6906954,0.13342993,-0.165822849
2.76666665,PlayerB,fighter,LeftHand,0.759731054,0.0283138249,-0.611136
2.76666665,PlayerB,fighter,RightHand,0.281943679,0.04481946,0.103240289
2.76666665,PlayerB,fighter,LeftFoot,1.53967369,0.116212159,0.329020917
2.76666665,PlayerB,fighter,RightFoot,1.0262686,0.0944027,0.7633711
2.7833333,PlayerA,actor,Root,-0.85,0,0
2.7833333,PlayerA,driver,Root,-0.476391256,-0.148351774,0.6564959
2.7833333,PlayerA,native,AnimatorRoot,-0.476391256,-0.148351774,0.6564959
2.7833333,PlayerA,native,Hips,-0.6087267,0.6240632,0.558688641
2.7833333,PlayerA,native,Head,-0.369179428,1.02435875,0.7801351
2.7833333,PlayerA,native,Chest,-0.522294044,0.813179731,0.624421
2.7833333,PlayerA,native,LeftHand,-0.155111611,0.7742459,0.9993213
2.7833333,PlayerA,native,RightHand,-0.10125047,0.695446849,0.9594068
2.7833333,PlayerA,native,LeftFoot,-0.450967371,0.120474979,1.05908918
2.7833333,PlayerA,native,RightFoot,-0.739966154,0.1191601,0.04983072
2.7833333,PlayerA,fighter,AnimatorRoot,-0.85,0,0
2.7833333,PlayerA,fighter,Hips,-0.608726561,0.6240632,0.55868876
2.7833333,PlayerA,fighter,Head,-0.378391862,0.9849432,0.7741976
2.7833333,PlayerA,fighter,Chest,-0.5353008,0.801977754,0.6207169
2.7833333,PlayerA,fighter,LeftHand,-0.156218052,0.7741709,0.9991598
2.7833333,PlayerA,fighter,RightHand,-0.103170931,0.6956584,0.955804646
2.7833333,PlayerA,fighter,LeftFoot,-0.4509674,0.120475009,1.05908918
2.7833333,PlayerA,fighter,RightFoot,-0.7399661,0.119160131,0.04983086
2.7833333,PlayerB,actor,Root,0.850000262,0,-2.026558E-07
2.7833333,PlayerB,driver,Root,0.818145454,-0.693314433,-0.0192729756
2.7833333,PlayerB,native,AnimatorRoot,0.818145454,-0.693314433,-0.0192729756
2.7833333,PlayerB,native,Hips,0.8900488,0.10608089,0.03540099
2.7833333,PlayerB,native,Head,0.552710354,0.110592306,-0.312731534
2.7833333,PlayerB,native,Chest,0.746961951,0.118948519,-0.10858237
2.7833333,PlayerB,native,LeftHand,0.7575984,0.02760607,-0.611981332
2.7833333,PlayerB,native,RightHand,0.28216368,0.0443355441,0.102051415
2.7833333,PlayerB,native,LeftFoot,1.53956211,0.116667628,0.328988463
2.7833333,PlayerB,native,RightFoot,1.02650249,0.08770466,0.7656835
2.7833333,PlayerB,fighter,AnimatorRoot,0.850000262,0,-2.026558E-07
2.7833333,PlayerB,fighter,Hips,0.8900488,0.106080882,0.0354009941
2.7833333,PlayerB,fighter,Head,0.375006735,0.121193096,-0.4592266
2.7833333,PlayerB,fighter,Chest,0.6905325,0.134403884,-0.165835634
2.7833333,PlayerB,fighter,LeftHand,0.7575983,0.0276060011,-0.611981452
2.7833333,PlayerB,fighter,RightHand,0.28216368,0.04433552,0.102051474
2.7833333,PlayerB,fighter,LeftFoot,1.53956211,0.116667636,0.328988433
2.7833333,PlayerB,fighter,RightFoot,1.02650261,0.08770467,0.7656836
2.8,PlayerA,actor,Root,-0.85,0,0
2.8,PlayerA,driver,Root,-0.483599246,-0.132027879,0.637094
2.8,PlayerA,native,AnimatorRoot,-0.483599246,-0.132027879,0.637094
2.8,PlayerA,native,Hips,-0.610429645,0.636938035,0.5480267
2.8,PlayerA,native,Head,-0.383090317,1.05481052,0.7489928
2.8,PlayerA,native,Chest,-0.5291536,0.831487358,0.603804231
2.8,PlayerA,native,LeftHand,-0.173131645,0.7720021,0.9695062
2.8,PlayerA,native,RightHand,-0.103264272,0.736715853,0.9121141
2.8,PlayerA,native,LeftFoot,-0.4510004,0.120373681,1.05892062
2.8,PlayerA,native,RightFoot,-0.741591,0.119263068,0.04935102
2.8,PlayerA,fighter,AnimatorRoot,-0.85,0,0
2.8,PlayerA,fighter,Hips,-0.6104296,0.636938035,0.5480268
2.8,PlayerA,fighter,Head,-0.391368657,1.01502669,0.745852351
2.8,PlayerA,fighter,Chest,-0.5421654,0.81957227,0.6017804
2.8,PlayerA,fighter,LeftHand,-0.174226761,0.7719063,0.9692793
2.8,PlayerA,fighter,RightHand,-0.105296314,0.7363331,0.9085832
2.8,PlayerA,fighter,LeftFoot,-0.451000333,0.120373584,1.0589205
2.8,PlayerA,fighter,RightFoot,-0.7415909,0.119263031,0.0493510664
2.8,PlayerB,actor,Root,0.850000262,0,-2.026558E-07
2.8,PlayerB,driver,Root,0.8174109,-0.686932862,-0.0210621636
2.8,PlayerB,native,AnimatorRoot,0.8174109,-0.686932862,-0.0210621636
2.8,PlayerB,native,Hips,0.8886799,0.115802646,0.0339460745
2.8,PlayerB,native,Head,0.5529386,0.114890754,-0.315797955
2.8,PlayerB,native,Chest,0.7460973,0.126124978,-0.11075186
2.8,PlayerB,native,LeftHand,0.759366632,0.0259369612,-0.6110336
2.8,PlayerB,native,RightHand,0.281104445,0.0465651751,0.102177776
2.8,PlayerB,native,LeftFoot,1.53967237,0.116212189,0.3290202
2.8,PlayerB,native,RightFoot,1.026269,0.09440249,0.7633721
2.8,PlayerB,fighter,AnimatorRoot,0.850000262,0,-2.026558E-07
2.8,PlayerB,fighter,Hips,0.8886799,0.115802631,0.033946082
2.8,PlayerB,fighter,Head,0.376236916,0.122443795,-0.463677436
2.8,PlayerB,fighter,Chest,0.689973533,0.140649244,-0.168559864
2.8,PlayerB,fighter,LeftHand,0.75936687,0.0259369034,-0.6110336
2.8,PlayerB,fighter,RightHand,0.281104445,0.04656515,0.102177776
2.8,PlayerB,fighter,LeftFoot,1.53967237,0.116212212,0.329020172
2.8,PlayerB,fighter,RightFoot,1.026269,0.0944025144,0.7633721
2.8166666,PlayerA,actor,Root,-0.85,0,0
2.8166666,PlayerA,driver,Root,-0.48564446,-0.101902679,0.6120966
2.8166666,PlayerA,native,AnimatorRoot,-0.48564446,-0.101902679,0.6120966
2.8166666,PlayerA,native,Hips,-0.6039604,0.6604506,0.5443962
2.8166666,PlayerA,native,Head,-0.389931351,1.10602951,0.697698
2.8166666,PlayerA,native,Chest,-0.5306563,0.862469435,0.5829704
2.8166666,PlayerA,native,LeftHand,-0.197486222,0.7899418,0.9434716
2.8166666,PlayerA,native,RightHand,-0.122367442,0.879868031,0.8174291
2.8166666,PlayerA,native,LeftFoot,-0.4422069,0.12187627,1.05641675
2.8166666,PlayerA,native,RightFoot,-0.742398262,0.118551522,0.0478895754
2.8166666,PlayerA,fighter,AnimatorRoot,-0.85,0,0
2.8166666,PlayerA,fighter,Hips,-0.6039603,0.6604506,0.5443964
2.8166666,PlayerA,fighter,Head,-0.396815538,1.06643951,0.6988967
2.8166666,PlayerA,fighter,Chest,-0.5434481,0.8497462,0.583198249
2.8166666,PlayerA,fighter,LeftHand,-0.198594511,0.7898313,0.9433308
2.8166666,PlayerA,fighter,RightHand,-0.124848783,0.8778259,0.81489414
2.8166666,PlayerA,fighter,LeftFoot,-0.442206979,0.1218761,1.05641687
2.8166666,PlayerA,fighter,RightFoot,-0.7423984,0.118551686,0.04788965
2.8166666,PlayerB,actor,Root,0.850000262,0,-2.026558E-07
2.8166666,PlayerB,driver,Root,0.8145225,-0.6692294,-0.026687162
2.8166666,PlayerB,native,AnimatorRoot,0.8145225,-0.6692294,-0.026687162
2.8166666,PlayerB,native,Hips,0.8848606,0.146093786,0.0293131527
2.8166666,PlayerB,native,Head,0.555949867,0.118778765,-0.325306237
2.8166666,PlayerB,native,Chest,0.744243,0.148022056,-0.117530331
2.8166666,PlayerB,native,LeftHand,0.772712,0.024055481,-0.6026346
2.8166666,PlayerB,native,RightHand,0.279543817,0.056368947,0.108225323
2.8166666,PlayerB,native,LeftFoot,1.53634691,0.111903489,0.331218183
2.8166666,PlayerB,native,RightFoot,1.02135766,0.141238391,0.746612
2.8166666,PlayerB,fighter,AnimatorRoot,0.850000262,0,-2.026558E-07
2.8166666,PlayerB,fighter,Hips,0.8848606,0.146093771,0.0293131582
2.8166666,PlayerB,fighter,Head,0.387444228,0.111430109,-0.482283682
2.8166666,PlayerB,fighter,Chest,0.689185441,0.158467472,-0.1771307
2.8166666,PlayerB,fighter,LeftHand,0.772712052,0.02405552,-0.602634549
2.8166666,PlayerB,fighter,RightHand,0.279543757,0.05636901,0.108225264
2.8166666,PlayerB,fighter,LeftFoot,1.53634691,0.1119035,0.3312182
2.8166666,PlayerB,fighter,RightFoot,1.02135754,0.141238391,0.746612
2.82873583,PlayerA,actor,Root,-0.85,0,0
2.82873583,PlayerA,driver,Root,-0.48725307,-0.07656066,0.5929256
2.82873583,PlayerA,native,AnimatorRoot,-0.48725307,-0.07656066,0.5929256
2.82873583,PlayerA,native,Hips,-0.593308032,0.6815281,0.545025468
2.82873583,PlayerA,native,Head,-0.394981831,1.14746284,0.656832337
2.82873583,PlayerA,native,Chest,-0.5281004,0.8886693,0.56969595
2.82873583,PlayerA,native,LeftHand,-0.214596152,0.818694,0.9279543
2.82873583,PlayerA,native,RightHand,-0.196781933,0.968964756,0.6709399
2.82873583,PlayerA,native,LeftFoot,-0.443287849,0.121649936,1.05711985
2.82873583,PlayerA,native,RightFoot,-0.740614533,0.119015887,0.0484531373
2.82873583,PlayerA,fighter,AnimatorRoot,-0.85,0,0
2.82873583,PlayerA,fighter,Hips,-0.593308,0.6815281,0.5450256
2.82873583,PlayerA,fighter,Head,-0.4001439,1.10809124,0.661446452
2.82873583,PlayerA,fighter,Chest,-0.5404161,0.8753794,0.571647763
2.82873583,PlayerA,fighter,LeftHand,-0.215712845,0.818582237,0.9279259
2.82873583,PlayerA,fighter,RightHand,-0.2000274,0.9675277,0.668901563
2.82873583,PlayerA,fighter,LeftFoot,-0.443287879,0.121649839,1.05712
2.82873583,PlayerA,fighter,RightFoot,-0.7406144,0.119016029,0.0484533757
2.82873583,PlayerB,actor,Root,0.850000262,0,-2.026558E-07
2.82873583,PlayerB,driver,Root,0.8116286,-0.6530932,-0.03177702
2.82873583,PlayerB,native,AnimatorRoot,0.8116286,-0.6530932,-0.03177702
2.82873583,PlayerB,native,Hips,0.8813777,0.1723929,0.0243675131
2.82873583,PlayerB,native,Head,0.558831453,0.122478068,-0.333075285
2.82873583,PlayerB,native,Chest,0.742659032,0.167287529,-0.124077931
2.82873583,PlayerB,native,LeftHand,0.7852024,0.02384913,-0.594454
2.82873583,PlayerB,native,RightHand,0.280393064,0.0679695,0.114679314
2.82873583,PlayerB,native,LeftFoot,1.53265047,0.107969582,0.334675
2.82873583,PlayerB,native,RightFoot,1.0139873,0.187211037,0.727192938
2.82873583,PlayerB,fighter,AnimatorRoot,0.850000262,0,-2.026558E-07
2.82873583,PlayerB,fighter,Hips,0.8813777,0.17239289,0.0243675187
2.82873583,PlayerB,fighter,Head,0.3986017,0.101428859,-0.496861368
2.82873583,PlayerB,fighter,Chest,0.688652158,0.174202964,-0.185072869
2.82873583,PlayerB,fighter,LeftHand,0.7852025,0.0238491464,-0.5944539
2.82873583,PlayerB,fighter,RightHand,0.280393064,0.06796952,0.114679314
2.82873583,PlayerB,fighter,LeftFoot,1.53265047,0.107969604,0.3346751
2.82873583,PlayerB,fighter,RightFoot,1.01398742,0.187211081,0.727193058
2.83333325,PlayerA,actor,Root,-0.85,0,0
2.83333325,PlayerA,driver,Root,-0.488963842,-0.0676699951,0.58622247
2.83333325,PlayerA,native,AnimatorRoot,-0.488963842,-0.0676699951,0.58622247
2.83333325,PlayerA,native,Hips,-0.5891889,0.6894309,0.545336246
2.83333325,PlayerA,native,Head,-0.3975644,1.1617347,0.6427253
2.83333325,PlayerA,native,Chest,-0.5270924,0.898115635,0.56516993
2.83333325,PlayerA,native,LeftHand,-0.220082581,0.8283476,0.921215951
2.83333325,PlayerA,native,RightHand,-0.213300288,0.998548269,0.6109868
2.83333325,PlayerA,native,LeftFoot,-0.450999975,0.120373942,1.05892086
2.83333325,PlayerA,native,RightFoot,-0.741591036,0.119263746,0.04935281
2.83333325,PlayerA,fighter,AnimatorRoot,-0.85,0,0
2.83333325,PlayerA,fighter,Hips,-0.5891888,0.6894309,0.545336366
2.83333325,PlayerA,fighter,Head,-0.401992559,1.12248266,0.6484812
2.83333325,PlayerA,fighter,Chest,-0.539185166,0.8846492,0.567725837
2.83333325,PlayerA,fighter,LeftHand,-0.221200049,0.828237355,0.921229661
2.83333325,PlayerA,fighter,RightHand,-0.216849327,0.997670352,0.609147131
2.83333325,PlayerA,fighter,LeftFoot,-0.451,0.120373867,1.05892086
2.83333325,PlayerA,fighter,RightFoot,-0.741591,0.119263843,0.04935278
2.83333325,PlayerB,actor,Root,0.850000262,0,-2.026558E-07
2.83333325,PlayerB,driver,Root,0.8104647,-0.647247434,-0.03354332
2.83333325,PlayerB,native,AnimatorRoot,0.8104647,-0.647247434,-0.03354332
2.83333325,PlayerB,native,Hips,0.8799603,0.180913925,0.0225070212
2.83333325,PlayerB,native,Head,0.5595606,0.124583721,-0.335753232
2.83333325,PlayerB,native,Chest,0.7419307,0.173765242,-0.126462251
2.83333325,PlayerB,native,LeftHand,0.7896117,0.0239955187,-0.5920938
2.83333325,PlayerB,native,RightHand,0.280865,0.07272035,0.116759039
2.83333325,PlayerB,native,LeftFoot,1.532068,0.106694818,0.335896552
2.83333325,PlayerB,native,RightFoot,1.01121926,0.2039671,0.719384968
2.83333325,PlayerB,fighter,AnimatorRoot,0.850000262,0,-2.026558E-07
2.83333325,PlayerB,fighter,Hips,0.8799603,0.18091391,0.0225070231
2.83333325,PlayerB,fighter,Head,0.402143031,0.0990821049,-0.501398146
2.83333325,PlayerB,fighter,Chest,0.688322663,0.179657936,-0.187901065
2.83333325,PlayerB,fighter,LeftHand,0.7896117,0.0239955634,-0.5920935
2.83333325,PlayerB,fighter,RightHand,0.280865,0.07272045,0.1167591
2.83333325,PlayerB,fighter,LeftFoot,1.53206789,0.10669484,0.335896462
2.83333325,PlayerB,fighter,RightFoot,1.01121914,0.20396705,0.719384849
2.85,PlayerA,actor,Root,-0.85,0,0
2.85,PlayerA,driver,Root,-0.5009141,-0.0351783857,0.5633499
2.85,PlayerA,native,AnimatorRoot,-0.5009141,-0.0351783857,0.5633499
2.85,PlayerA,native,Hips,-0.577830732,0.7179225,0.5484463
2.85,PlayerA,native,Head,-0.41462183,1.20972669,0.5926184
2.85,PlayerA,native,Chest,-0.5278337,0.930993557,0.5504491
2.85,PlayerA,native,LeftHand,-0.2440508,0.8522486,0.8937474
2.85,PlayerA,native,RightHand,-0.253817379,1.1432476,0.383659065
2.85,PlayerA,native,LeftFoot,-0.448243976,0.116128825,1.06114328
2.85,PlayerA,native,RightFoot,-0.7505813,0.117798291,0.05394262
2.85,PlayerA,fighter,AnimatorRoot,-0.85,0,0
2.85,PlayerA,fighter,Hips,-0.5778306,0.7179225,0.5484464
2.85,PlayerA,fighter,Head,-0.416061074,1.17138827,0.6021652
2.85,PlayerA,fighter,Chest,-0.538921058,0.917036653,0.5551535
2.85,PlayerA,fighter,LeftHand,-0.245156288,0.852162957,0.893929958
2.85,PlayerA,fighter,RightHand,-0.257869422,1.14372635,0.383341551
2.85,PlayerA,fighter,LeftFoot,-0.448243976,0.116128735,1.06114328
2.85,PlayerA,fighter,RightFoot,-0.7505814,0.117798284,0.0539426729
2.85,PlayerB,actor,Root,0.850000262,0,-2.026558E-07
2.85,PlayerB,driver,Root,0.8054674,-0.6247006,-0.0394068435
2.85,PlayerB,native,AnimatorRoot,0.8054674,-0.6247006,-0.0394068435
2.85,PlayerB,native,Hips,0.873630166,0.210605025,0.0158061478
2.85,PlayerB,native,Head,0.560666,0.133138239,-0.3445454
2.85,PlayerB,native,Chest,0.738111,0.1965971,-0.1348632
2.85,PlayerB,native,LeftHand,0.80614233,0.0237318873,-0.585984766
2.85,PlayerB,native,RightHand,0.281254172,0.08860999,0.123494722
2.85,PlayerB,native,LeftFoot,1.53343916,0.0973767042,0.336727619
2.85,PlayerB,native,RightFoot,1.00223053,0.2717963,0.6856566
2.85,PlayerB,fighter,AnimatorRoot,0.850000262,0,-2.026558E-07
2.85,PlayerB,fighter,Hips,0.873630166,0.21060501,0.01580615
2.85,PlayerB,fighter,Head,0.4129433,0.09082088,-0.514473
2.85,PlayerB,fighter,Chest,0.6859944,0.1990426,-0.197767913
2.85,PlayerB,fighter,LeftHand,0.806142449,0.0237319134,-0.5859846
2.85,PlayerB,fighter,RightHand,0.281254232,0.0886099,0.123494543
2.85,PlayerB,fighter,LeftFoot,1.53343916,0.0973767,0.336727619
2.85,PlayerB,fighter,RightFoot,1.00223053,0.271796346,0.6856567
2.86666656,PlayerA,actor,Root,-0.85,0,0
2.86666656,PlayerA,driver,Root,-0.514942765,-0.009227818,0.543950856
2.86666656,PlayerA,native,AnimatorRoot,-0.514942765,-0.009227818,0.543950856
2.86666656,PlayerA,native,Hips,-0.5689055,0.740486443,0.544575155
2.86666656,PlayerA,native,Head,-0.435400367,1.24389791,0.5479478
2.86666656,PlayerA,native,Chest,-0.530732751,0.9558478,0.5329075
2.86666656,PlayerA,native,LeftHand,-0.256049454,0.888055265,0.873317063
2.86666656,PlayerA,native,RightHand,-0.366365582,1.28863418,0.265417457
2.86666656,PlayerA,native,LeftFoot,-0.4510004,0.120376967,1.05891824
2.86666656,PlayerA,native,RightFoot,-0.7415908,0.119264223,0.04935284
2.86666656,PlayerA,fighter,AnimatorRoot,-0.85,0,0
2.86666656,PlayerA,fighter,Hips,-0.568905354,0.740486443,0.5445752
2.86666656,PlayerA,fighter,Head,-0.43377322,1.20646548,0.5601748
2.86666656,PlayerA,fighter,Chest,-0.5406977,0.9415979,0.53928566
2.86666656,PlayerA,fighter,LeftHand,-0.257106364,0.88797617,0.873695433
2.86666656,PlayerA,fighter,RightHand,-0.3703821,1.28872788,0.26619488
2.86666656,PlayerA,fighter,LeftFoot,-0.4510004,0.120376728,1.05891848
2.86666656,PlayerA,fighter,RightFoot,-0.741590738,0.119264267,0.04935302
2.86666656,PlayerB,actor,Root,0.850000262,0,-2.026558E-07
2.86666656,PlayerB,driver,Root,0.800517559,-0.6054273,-0.0451926067
2.86666656,PlayerB,native,AnimatorRoot,0.800517559,-0.6054273,-0.0451926067
2.86666656,PlayerB,native,Hips,0.8690522,0.230412066,0.01025862
2.86666656,PlayerB,native,Head,0.56157124,0.15079844,-0.35439983
2.86666656,PlayerB,native,Chest,0.7358473,0.215233564,-0.1423707
2.86666656,PlayerB,native,LeftHand,0.821747661,0.0267793536,-0.5818561
2.86666656,PlayerB,native,RightHand,0.284961,0.11297822,0.124674059
2.86666656,PlayerB,native,LeftFoot,1.52228785,0.09439075,0.344686329
2.86666656,PlayerB,native,RightFoot,0.9852455,0.307214081,0.655299664
2.86666656,PlayerB,fighter,AnimatorRoot,0.850000262,0,-2.026558E-07
2.86666656,PlayerB,fighter,Hips,0.8690522,0.230412036,0.0102586206
2.86666656,PlayerB,fighter,Head,0.421267748,0.09977285,-0.5270273
2.86666656,PlayerB,fighter,Chest,0.6852799,0.217130035,-0.206574589
2.86666656,PlayerB,fighter,LeftHand,0.8217475,0.0267793387,-0.5818559
2.86666656,PlayerB,fighter,RightHand,0.2849608,0.11297828,0.1246743
2.86666656,PlayerB,fighter,LeftFoot,1.522288,0.09439075,0.3446864
2.86666656,PlayerB,fighter,RightFoot,0.9852454,0.307214,0.6552996
2.88333344,PlayerA,actor,Root,-0.85,0,0
2.88333344,PlayerA,driver,Root,-0.5269388,0.000384224579,0.5307278
2.88333344,PlayerA,native,AnimatorRoot,-0.5269388,0.000384224579,0.5307278
2.88333344,PlayerA,native,Hips,-0.570965,0.74998033,0.536704659
2.88333344,PlayerA,native,Head,-0.4517607,1.25700366,0.526628554
2.88333344,PlayerA,native,Chest,-0.538807154,0.966028333,0.520043731
2.88333344,PlayerA,native,LeftHand,-0.2646383,0.9023562,0.8477732
2.88333344,PlayerA,native,RightHand,-0.4446416,1.34783149,0.189839274
2.88333344,PlayerA,native,LeftFoot,-0.4503417,0.1249222,1.05209327
2.88333344,PlayerA,native,RightFoot,-0.7391423,0.120222494,0.047806263
2.88333344,PlayerA,fighter,AnimatorRoot,-0.85,0,0
2.88333344,PlayerA,fighter,Hips,-0.5709649,0.7499804,0.5367048
2.88333344,PlayerA,fighter,Head,-0.448317945,1.21982121,0.5398874
2.88333344,PlayerA,fighter,Chest,-0.548043132,0.9516484,0.527323
2.88333344,PlayerA,fighter,LeftHand,-0.26563102,0.902263165,0.8482979
2.88333344,PlayerA,fighter,RightHand,-0.448490739,1.34822536,0.1911715
2.88333344,PlayerA,fighter,LeftFoot,-0.450341672,0.124922276,1.05209339
2.88333344,PlayerA,fighter,RightFoot,-0.7391423,0.120222382,0.04780636
2.88333344,PlayerB,actor,Root,0.850000262,0,-2.026558E-07
2.88333344,PlayerB,driver,Root,0.7964492,-0.596197963,-0.05160071
2.88333344,PlayerB,native,AnimatorRoot,0.7964492,-0.596197963,-0.05160071
2.88333344,PlayerB,native,Hips,0.8644167,0.223600566,0.006586334
2.88333344,PlayerB,native,Head,0.5613357,0.182900608,-0.369177967
2.88333344,PlayerB,native,Chest,0.7336957,0.219614029,-0.149122268
2.88333344,PlayerB,native,LeftHand,0.8295134,0.0308979154,-0.5819518
2.88333344,PlayerB,native,RightHand,0.29462558,0.144139409,0.115556814
2.88333344,PlayerB,native,LeftFoot,1.50787663,0.115632653,0.363679081
2.88333344,PlayerB,native,RightFoot,0.9730657,0.3163281,0.6339454
2.88333344,PlayerB,fighter,AnimatorRoot,0.850000262,0,-2.026558E-07
2.88333344,PlayerB,fighter,Hips,0.8644167,0.223600551,0.006586336
2.88333344,PlayerB,fighter,Head,0.423015028,0.142834738,-0.54596287
2.88333344,PlayerB,fighter,Chest,0.685043633,0.2273315,-0.2145261
2.88333344,PlayerB,fighter,LeftHand,0.8295135,0.0308979023,-0.5819517
2.88333344,PlayerB,fighter,RightHand,0.2946257,0.144139349,0.115557052
2.88333344,PlayerB,fighter,LeftFoot,1.50787675,0.115632653,0.36367923
2.88333344,PlayerB,fighter,RightFoot,0.9730657,0.316328049,0.633945346
2.9,PlayerA,actor,Root,-0.85,0,0
2.9,PlayerA,driver,Root,-0.53693527,0.00280547654,0.520864367
2.9,PlayerA,native,AnimatorRoot,-0.53693527,0.00280547654,0.520864367
2.9,PlayerA,native,Hips,-0.57804,0.7529811,0.5287846
2.9,PlayerA,native,Head,-0.463688463,1.26093936,0.517208
2.9,PlayerA,native,Chest,-0.5484915,0.9692948,0.5110125
2.9,PlayerA,native,LeftHand,-0.269623816,0.9039843,0.8189557
2.9,PlayerA,native,RightHand,-0.5276253,1.375878,0.117282838
2.9,PlayerA,native,LeftFoot,-0.444198251,0.124581464,1.03690851
2.9,PlayerA,native,RightFoot,-0.74159,0.119263627,0.0493529141
2.9,PlayerA,fighter,AnimatorRoot,-0.85,0,0
2.9,PlayerA,fighter,Hips,-0.5780399,0.7529811,0.528784752
2.9,PlayerA,fighter,Head,-0.4592121,1.2236954,0.530852437
2.9,PlayerA,fighter,Chest,-0.55723685,0.9548376,0.518866062
2.9,PlayerA,fighter,LeftHand,-0.270534754,0.903867364,0.8196106
2.9,PlayerA,fighter,RightHand,-0.531246066,1.3767904,0.118956447
2.9,PlayerA,fighter,LeftFoot,-0.444198251,0.124581151,1.03690851
2.9,PlayerA,fighter,RightFoot,-0.741589963,0.119263791,0.04935293
2.9,PlayerB,actor,Root,0.850000262,0,-2.026558E-07
2.9,PlayerB,driver,Root,0.793949842,-0.591928,-0.0570524558
2.9,PlayerB,native,AnimatorRoot,0.793949842,-0.591928,-0.0570524558
2.9,PlayerB,native,Hips,0.8587567,0.202970922,0.00362878479
2.9,PlayerB,native,Head,0.5652795,0.221570671,-0.382329315
2.9,PlayerB,native,Chest,0.7316818,0.216149151,-0.154818386
2.9,PlayerB,native,LeftHand,0.8319349,0.03309077,-0.5843525
2.9,PlayerB,native,RightHand,0.306081951,0.173215866,0.100606538
2.9,PlayerB,native,LeftFoot,1.4864428,0.146389425,0.385962337
2.9,PlayerB,native,RightFoot,0.9677297,0.3205346,0.6140523
2.9,PlayerB,fighter,AnimatorRoot,0.850000262,0,-2.026558E-07
2.9,PlayerB,fighter,Hips,0.8587567,0.2029709,0.00362878526
2.9,PlayerB,fighter,Head,0.4275369,0.202363148,-0.563452542
2.9,PlayerB,fighter,Chest,0.685754061,0.232693851,-0.220852524
2.9,PlayerB,fighter,LeftHand,0.8319348,0.0330908149,-0.584352434
2.9,PlayerB,fighter,RightHand,0.306081951,0.17321597,0.100606836
2.9,PlayerB,fighter,LeftFoot,1.48644269,0.146389425,0.385962129
2.9,PlayerB,fighter,RightFoot,0.9677298,0.3205346,0.6140524
2.91666675,PlayerA,actor,Root,-0.85,0,0
2.91666675,PlayerA,driver,Root,-0.542972445,0.00380577426,0.512459755
2.91666675,PlayerA,native,AnimatorRoot,-0.542972445,0.00380577426,0.512459755
2.91666675,PlayerA,native,Hips,-0.585831165,0.7538697,0.51940155
2.91666675,PlayerA,native,Head,-0.473353744,1.26210809,0.51125133
2.91666675,PlayerA,native,Chest,-0.5577495,0.9704145,0.5024237
2.91666675,PlayerA,native,LeftHand,-0.2700923,0.91092,0.788607657
2.91666675,PlayerA,native,RightHand,-0.601672649,1.37993693,0.08118661
2.91666675,PlayerA,native,LeftFoot,-0.4358555,0.122571677,1.0180527
2.91666675,PlayerA,native,RightFoot,-0.744257,0.118276529,0.0511055142
2.91666675,PlayerA,fighter,AnimatorRoot,-0.85,0,0
2.91666675,PlayerA,fighter,Hips,-0.585831165,0.7538697,0.51940167
2.91666675,PlayerA,fighter,Head,-0.468028218,1.22457492,0.525083542
2.91666675,PlayerA,fighter,Chest,-0.5660919,0.9558641,0.510691047
2.91666675,PlayerA,fighter,LeftHand,-0.270891428,0.9107911,0.7893958
2.91666675,PlayerA,fighter,RightHand,-0.605106831,1.38111949,0.0830716938
2.91666675,PlayerA,fighter,LeftFoot,-0.4358556,0.122571327,1.01805294
2.91666675,PlayerA,fighter,RightFoot,-0.744257033,0.118276455,0.0511054844
2.91666675,PlayerB,actor,Root,0.850000262,0,-2.026558E-07
2.91666675,PlayerB,driver,Root,0.794553041,-0.5896162,-0.0598911457
2.91666675,PlayerB,native,AnimatorRoot,0.794553041,-0.5896162,-0.0598911457
2.91666675,PlayerB,native,Hips,0.8539971,0.176800191,0.00162576337
2.91666675,PlayerB,native,Head,0.5787182,0.264615774,-0.388235867
2.91666675,PlayerB,native,Chest,0.7322226,0.210238039,-0.15810585
2.91666675,PlayerB,native,LeftHand,0.8336809,0.0363191962,-0.588667154
2.91666675,PlayerB,native,RightHand,0.316520929,0.2069056,0.08261613
2.91666675,PlayerB,native,LeftFoot,1.45646513,0.179852009,0.405667573
2.91666675,PlayerB,native,RightFoot,0.9628449,0.311959147,0.5965577
2.91666675,PlayerB,fighter,AnimatorRoot,0.850000262,0,-2.026558E-07
2.91666675,PlayerB,fighter,Hips,0.8539971,0.176800162,0.0016257636
2.91666675,PlayerB,fighter,Head,0.4430932,0.271394759,-0.572783768
2.91666675,PlayerB,fighter,Chest,0.6900972,0.2369968,-0.22377257
2.91666675,PlayerB,fighter,LeftHand,0.833681,0.0363194,-0.5886672
2.91666675,PlayerB,fighter,RightHand,0.3165208,0.2069056,0.0826164857
2.91666675,PlayerB,fighter,LeftFoot,1.45646524,0.179852009,0.4056676
2.91666675,PlayerB,fighter,RightFoot,0.962845,0.3119591,0.596557736
2.9333334,PlayerA,actor,Root,-0.85,0,0
2.9333334,PlayerA,driver,Root,-0.5469196,0.00372144487,0.505467653
2.9333334,PlayerA,native,AnimatorRoot,-0.5469196,0.00372144487,0.505467653
2.9333334,PlayerA,native,Hips,-0.5946729,0.7537455,0.5109556
2.9333334,PlayerA,native,Head,-0.481073171,1.26150036,0.509449959
2.9333334,PlayerA,native,Chest,-0.5670188,0.970442533,0.495900869
2.9333334,PlayerA,native,LeftHand,-0.2705602,0.9153936,0.756143153
2.9333334,PlayerA,native,RightHand,-0.656294644,1.35758066,0.0555242151
2.9333334,PlayerA,native,LeftFoot,-0.425929,0.119874708,0.994410336
2.9333334,PlayerA,native,RightFoot,-0.7415896,0.119264074,0.0493540764
2.9333334,PlayerA,fighter,AnimatorRoot,-0.85,0,0
2.9333334,PlayerA,fighter,Hips,-0.5946729,0.7537455,0.5109558
2.9333334,PlayerA,fighter,Head,-0.4751106,1.22352326,0.5233004
2.9333334,PlayerA,fighter,Chest,-0.575030565,0.9557919,0.5044747
2.9333334,PlayerA,fighter,LeftHand,-0.2712301,0.9152576,0.757044554
2.9333334,PlayerA,fighter,RightHand,-0.6594717,1.35912919,0.0575875938
2.9333334,PlayerA,fighter,LeftFoot,-0.4259291,0.119874671,0.9944104
2.9333334,PlayerA,fighter,RightFoot,-0.7415896,0.119264081,0.04935407
2.9333334,PlayerB,actor,Root,0.850000262,0,-2.026558E-07
2.9333334,PlayerB,driver,Root,0.7965543,-0.589782238,-0.0610522665
2.9333334,PlayerB,native,AnimatorRoot,0.7965543,-0.589782238,-0.0610522665
2.9333334,PlayerB,native,Hips,0.8486761,0.149677753,-0.00111382979
2.9333334,PlayerB,native,Head,0.598448634,0.302540541,-0.386727124
2.9333334,PlayerB,native,Chest,0.7333667,0.2022568,-0.160407275
2.9333334,PlayerB,native,LeftHand,0.8319099,0.03902316,-0.5932847
2.9333334,PlayerB,native,RightHand,0.3293841,0.238354027,0.067472674
2.9333334,PlayerB,native,LeftFoot,1.41577959,0.212089658,0.41845724
2.9333334,PlayerB,native,RightFoot,0.9588081,0.300635457,0.5810291
2.9333334,PlayerB,fighter,AnimatorRoot,0.850000262,0,-2.026558E-07
2.9333334,PlayerB,fighter,Hips,0.8486761,0.149677739,-0.0011138299
2.9333334,PlayerB,fighter,Head,0.4666304,0.3363565,-0.5725655
2.9333334,PlayerB,fighter,Chest,0.695653,0.238586545,-0.224703416
2.9333334,PlayerB,fighter,LeftHand,0.8319098,0.03902315,-0.5932848
2.9333334,PlayerB,fighter,RightHand,0.32938385,0.238354266,0.06747315
2.9333334,PlayerB,fighter,LeftFoot,1.41577947,0.212089583,0.4184571
2.9333334,PlayerB,fighter,RightFoot,0.9588081,0.3006354,0.5810292
2.95,PlayerA,actor,Root,-0.85,0,0
2.95,PlayerA,driver,Root,-0.549856544,0.00540750939,0.49924168
2.95,PlayerA,native,AnimatorRoot,-0.549856544,0.00540750939,0.49924168
2.95,PlayerA,native,Hips,-0.601430237,0.756591856,0.5040616
2.95,PlayerA,native,Head,-0.486638427,1.26370358,0.5083912
2.95,PlayerA,native,Chest,-0.574374,0.9734117,0.49058485
2.95,PlayerA,native,LeftHand,-0.269495,0.9189293,0.7215914
2.95,PlayerA,native,RightHand,-0.691489041,1.31489038,0.040079698
2.95,PlayerA,native,LeftFoot,-0.4151284,0.118962318,0.9672052
2.95,PlayerA,native,RightFoot,-0.7404777,0.11973007,0.04856652
2.95,PlayerA,fighter,AnimatorRoot,-0.85,0,0
2.95,PlayerA,fighter,Hips,-0.6014302,0.756591856,0.504061759
2.95,PlayerA,fighter,Head,-0.4799885,1.22526348,0.52225554
2.95,PlayerA,fighter,Chest,-0.582015932,0.9586592,0.4994642
2.95,PlayerA,fighter,LeftHand,-0.270024717,0.9187977,0.722584367
2.95,PlayerA,fighter,RightHand,-0.6943157,1.316827,0.042317003
2.95,PlayerA,fighter,LeftFoot,-0.41512844,0.118962243,0.9672053
2.95,PlayerA,fighter,RightFoot,-0.7404777,0.119730137,0.0485666245
2.95,PlayerB,actor,Root,0.850000262,0,-2.026558E-07
2.95,PlayerB,driver,Root,0.7990754,-0.592373252,-0.0603734925
2.95,PlayerB,native,AnimatorRoot,0.7990754,-0.592373252,-0.0603734925
2.95,PlayerB,native,Hips,0.8447407,0.127829075,-0.002876309
2.95,PlayerB,native,Head,0.617618561,0.326410234,-0.3802161
2.95,PlayerB,native,Chest,0.734769,0.19374299,-0.1607723
2.95,PlayerB,native,LeftHand,0.826698244,0.0406116843,-0.597308457
2.95,PlayerB,native,RightHand,0.337181628,0.260492563,0.05490563
2.95,PlayerB,native,LeftFoot,1.37587309,0.238515317,0.421780765
2.95,PlayerB,native,RightFoot,0.9560061,0.289970458,0.571910143
2.95,PlayerB,fighter,AnimatorRoot,0.850000262,0,-2.026558E-07
2.95,PlayerB,fighter,Hips,0.8447407,0.12782906,-0.00287630921
2.95,PlayerB,fighter,Head,0.490247339,0.381929219,-0.565615833
2.95,PlayerB,fighter,Chest,0.7007167,0.2368359,-0.2234621
2.95,PlayerB,fighter,LeftHand,0.8266981,0.0406117029,-0.5973086
2.95,PlayerB,fighter,RightHand,0.3371815,0.2604927,0.05490563
2.95,PlayerB,fighter,LeftFoot,1.37587285,0.238515347,0.4217805
2.95,PlayerB,fighter,RightFoot,0.956006169,0.289970368,0.5719102
2.95172429,PlayerA,actor,Root,-0.85,0,0
2.95172429,PlayerA,driver,Root,-0.5500965,0.005613059,0.498647839
2.95172429,PlayerA,native,AnimatorRoot,-0.5500965,0.005613059,0.498647839
2.95172429,PlayerA,native,Hips,-0.602064848,0.7569611,0.503391743
2.95172429,PlayerA,native,Head,-0.4870979,1.263987,0.508350849
2.95172429,PlayerA,native,Chest,-0.5750571,0.9737911,0.490087628
2.95172429,PlayerA,native,LeftHand,-0.2689159,0.919680357,0.7181601
2.95172429,PlayerA,native,RightHand,-0.6939751,1.30942762,0.0389853865
2.95172429,PlayerA,native,LeftFoot,-0.414002448,0.11897108,0.9642832
2.95172429,PlayerA,native,RightFoot,-0.740615845,0.119679861,0.04865423
2.95172429,PlayerA,fighter,AnimatorRoot,-0.85,0,0
2.95172429,PlayerA,fighter,Hips,-0.602064848,0.7569611,0.5033919
2.95172429,PlayerA,fighter,Head,-0.480380535,1.22549629,0.5222127
2.95172429,PlayerA,fighter,Chest,-0.582661331,0.9590279,0.498996019
2.95172429,PlayerA,fighter,LeftHand,-0.2694298,0.91955024,0.7191617
2.95172429,PlayerA,fighter,RightHand,-0.6967616,1.311406,0.0412369668
2.95172429,PlayerA,fighter,LeftFoot,-0.414002448,0.118971162,0.9642832
2.95172429,PlayerA,fighter,RightFoot,-0.740615845,0.119679742,0.04865417
2.95172429,PlayerB,actor,Root,0.850000262,0,-2.026558E-07
2.95172429,PlayerB,driver,Root,0.7993595,-0.5927564,-0.0602309629
2.95172429,PlayerB,native,AnimatorRoot,0.7993595,-0.5927564,-0.0602309629
2.95172429,PlayerB,native,Hips,0.8444217,0.125777423,-0.00299714273
2.95172429,PlayerB,native,Head,0.6195005,0.328259647,-0.3793852
2.95172429,PlayerB,native,Chest,0.7349268,0.192816913,-0.16072464
2.95172429,PlayerB,native,LeftHand,0.826028,0.0408118963,-0.597734451
2.95172429,PlayerB,native,RightHand,0.337813973,0.26252085,0.0537323132
2.95172429,PlayerB,native,LeftFoot,1.37185872,0.240967929,0.421663642
2.95172429,PlayerB,native,RightFoot,0.955789864,0.2889006,0.5713312
2.95172429,PlayerB,fighter,AnimatorRoot,0.850000262,0,-2.026558E-07
2.95172429,PlayerB,fighter,Hips,0.8444217,0.125777408,-0.00299714366
2.95172429,PlayerB,fighter,Head,0.492610037,0.385805458,-0.5646778
2.95172429,PlayerB,fighter,Chest,0.701206744,0.236491248,-0.22324805
2.95172429,PlayerB,fighter,LeftHand,0.8260283,0.04081193,-0.597734332
2.95172429,PlayerB,fighter,RightHand,0.337813735,0.262521029,0.053732492
2.95172429,PlayerB,fighter,LeftFoot,1.3718586,0.240967959,0.421663553
2.95172429,PlayerB,fighter,RightFoot,0.955790043,0.2889006,0.5713314
2.9666667,PlayerA,actor,Root,-0.85,0,0
2.9666667,PlayerA,driver,Root,-0.552190542,0.00707778055,0.493681878
2.9666667,PlayerA,native,AnimatorRoot,-0.552190542,0.00707778055,0.493681878
2.9666667,PlayerA,native,Hips,-0.607437,0.760053039,0.497788817
2.9666667,PlayerA,native,Head,-0.490785331,1.26626778,0.508307338
2.9666667,PlayerA,native,Chest,-0.580730438,0.976958156,0.486096561
2.9666667,PlayerA,native,LeftHand,-0.265142918,0.9250113,0.6886608
2.9666667,PlayerA,native,RightHand,-0.7135563,1.25759625,0.0318563133
2.9666667,PlayerA,native,LeftFoot,-0.404845655,0.119447246,0.940166533
2.9666667,PlayerA,native,RightFoot,-0.7415897,0.119264312,0.0493548065
2.9666667,PlayerA,fighter,AnimatorRoot,-0.85,0,0
2.9666667,PlayerA,fighter,Hips,-0.607436955,0.7600531,0.497788966
2.9666667,PlayerA,fighter,Head,-0.483551443,1.22735488,0.5221033
2.9666667,PlayerA,fighter,Chest,-0.5880369,0.962100148,0.495219529
2.9666667,PlayerA,fighter,LeftHand,-0.2655244,0.924894154,0.6897227
2.9666667,PlayerA,fighter,RightHand,-0.7159904,1.25991213,0.0341927856
2.9666667,PlayerA,fighter,LeftFoot,-0.404845655,0.119447283,0.9401664
2.9666667,PlayerA,fighter,RightFoot,-0.741589665,0.119264461,0.04935488
2.9666667,PlayerB,actor,Root,0.850000262,0,-2.026558E-07
2.9666667,PlayerB,driver,Root,0.801171243,-0.596106,-0.05949169
2.9666667,PlayerB,native,AnimatorRoot,0.801171243,-0.596106,-0.05949169
2.9666667,PlayerB,native,Hips,0.8420272,0.111485779,-0.00404073764
2.9666667,PlayerB,native,Head,0.63278234,0.338853538,-0.373508722
2.9666667,PlayerB,native,Chest,0.735643268,0.185237169,-0.160666019
2.9666667,PlayerB,native,LeftHand,0.8183217,0.042927146,-0.601070464
2.9666667,PlayerB,native,RightHand,0.343372762,0.276382327,0.0458830371
2.9666667,PlayerB,native,LeftFoot,1.34000051,0.260596156,0.4171237
2.9666667,PlayerB,native,RightFoot,0.9531493,0.282021761,0.569098353
2.9666667,PlayerB,fighter,AnimatorRoot,0.850000262,0,-2.026558E-07
2.9666667,PlayerB,fighter,Hips,0.8420272,0.111485764,-0.00404073857
2.9666667,PlayerB,fighter,Head,0.5099962,0.4111732,-0.557964265
2.9666667,PlayerB,fighter,Chest,0.7041535,0.232627541,-0.222088039
2.9666667,PlayerB,fighter,LeftHand,0.8183218,0.0429272279,-0.601070464
2.9666667,PlayerB,fighter,RightHand,0.3433727,0.276382416,0.045883216
2.9666667,PlayerB,fighter,LeftFoot,1.34000039,0.260596067,0.4171236
2.9666667,PlayerB,fighter,RightFoot,0.9531493,0.282021672,0.5690984
2.98333335,PlayerA,actor,Root,-0.85,0,0
2.98333335,PlayerA,driver,Root,-0.554919958,0.007747229,0.4882656
2.98333335,PlayerA,native,AnimatorRoot,-0.554919958,0.007747229,0.4882656
2.98333335,PlayerA,native,Hips,-0.6138843,0.763188064,0.491701752
2.98333335,PlayerA,native,Head,-0.494701952,1.268273,0.508877039
2.98333335,PlayerA,native,Chest,-0.5871501,0.980136454,0.482156456
2.98333335,PlayerA,native,LeftHand,-0.262614548,0.928732038,0.6555569
2.98333335,PlayerA,native,RightHand,-0.731054664,1.187456,0.0292536467
2.98333335,PlayerA,native,LeftFoot,-0.395168126,0.119349048,0.915314734
2.98333335,PlayerA,native,RightFoot,-0.7416079,0.119252473,0.0493734032
2.98333335,PlayerA,fighter,AnimatorRoot,-0.85,0,0
2.98333335,PlayerA,fighter,Hips,-0.61388427,0.763188064,0.4917019
2.98333335,PlayerA,fighter,Head,-0.487049341,1.22890639,0.5224907
2.98333335,PlayerA,fighter,Chest,-0.594187,0.965167642,0.491442949
2.98333335,PlayerA,fighter,LeftHand,-0.2628563,0.9286314,0.656661749
2.98333335,PlayerA,fighter,RightHand,-0.7330648,1.19011962,0.03162226
2.98333335,PlayerA,fighter,LeftFoot,-0.395168036,0.119349055,0.9153149
2.98333335,PlayerA,fighter,RightFoot,-0.7416079,0.1192523,0.049373433
2.98333335,PlayerB,actor,Root,0.850000262,0,-2.026558E-07
2.98333335,PlayerB,driver,Root,0.8012655,-0.599458635,-0.0603286251
2.98333335,PlayerB,native,AnimatorRoot,0.8012655,-0.599458635,-0.0603286251
2.98333335,PlayerB,native,Hips,0.8404784,0.104376793,-0.00483529363
2.98333335,PlayerB,native,Head,0.638116241,0.338316143,-0.3725256
2.98333335,PlayerB,native,Chest,0.734568059,0.17800945,-0.161624759
2.98333335,PlayerB,native,LeftHand,0.8054224,0.04458195,-0.602114141
2.98333335,PlayerB,native,RightHand,0.3469845,0.2808264,0.0414347425
2.98333335,PlayerB,native,LeftFoot,1.31605351,0.2802267,0.405372262
2.98333335,PlayerB,native,RightFoot,0.948512,0.280668139,0.573615
2.98333335,PlayerB,fighter,AnimatorRoot,0.850000262,0,-2.026558E-07
2.98333335,PlayerB,fighter,Hips,0.8404784,0.104376785,-0.004835294
2.98333335,PlayerB,fighter,Head,0.518749356,0.419849634,-0.556944668
2.98333335,PlayerB,fighter,Chest,0.7036968,0.2263198,-0.223008752
2.98333335,PlayerB,fighter,LeftHand,0.8054224,0.04458188,-0.60211426
2.98333335,PlayerB,fighter,RightHand,0.3469844,0.280826569,0.04143504
2.98333335,PlayerB,fighter,LeftFoot,1.31605339,0.280226678,0.4053723
2.98333335,PlayerB,fighter,RightFoot,0.9485121,0.280668169,0.573615
3,PlayerA,actor,Root,-0.85,0,0
3,PlayerA,driver,Root,-0.5573502,0.007867109,0.483613849
3,PlayerA,native,AnimatorRoot,-0.5573502,0.007867109,0.483613849
3,PlayerA,native,Hips,-0.619389355,0.7659655,0.486162
3,PlayerA,native,Head,-0.498241633,1.27004528,0.5097271
3,PlayerA,native,Chest,-0.5925904,0.982945144,0.478812635
3,PlayerA,native,LeftHand,-0.2628318,0.9311826,0.6249905
3,PlayerA,native,RightHand,-0.738871932,1.11746037,0.0364376158
3,PlayerA,native,LeftFoot,-0.387181371,0.119093224,0.894717336
3,PlayerA,native,RightFoot,-0.741589248,0.119262844,0.04935406
3,PlayerA,fighter,AnimatorRoot,-0.85,0,0
3,PlayerA,fighter,Hips,-0.6193893,0.7659655,0.486162156
3,PlayerA,fighter,Head,-0.4903362,1.23033321,0.5231081
3,PlayerA,fighter,Chest,-0.5994467,0.967867553,0.488166928
3,PlayerA,fighter,LeftHand,-0.262952924,0.9310981,0.626116931
3,PlayerA,fighter,RightHand,-0.740464,1.12045228,0.0387304649
3,PlayerA,fighter,LeftFoot,-0.387181371,0.119093321,0.894717455
3,PlayerA,fighter,RightFoot,-0.7415892,0.119263031,0.04935406
3,PlayerB,actor,Root,0.850000262,0,-2.026558E-07
3,PlayerB,driver,Root,0.8003729,-0.6030936,-0.06186716
3,PlayerB,native,AnimatorRoot,0.8003729,-0.6030936,-0.06186716
3,PlayerB,native,Hips,0.8400457,0.101929426,-0.00493328
3,PlayerB,native,Head,0.637244,0.3301866,-0.374766916
3,PlayerB,native,Chest,0.732602656,0.170809686,-0.162667722
3,PlayerB,native,LeftHand,0.788961947,0.0457084775,-0.602069259
3,PlayerB,native,RightHand,0.3477617,0.278083324,0.0388685837
3,PlayerB,native,LeftFoot,1.29964828,0.298446178,0.389501929
3,PlayerB,native,RightFoot,0.9437527,0.281720519,0.583651
3,PlayerB,fighter,AnimatorRoot,0.850000262,0,-2.026558E-07
3,PlayerB,fighter,Hips,0.8400457,0.101929419,-0.0049332804
3,PlayerB,fighter,Head,0.5203705,0.416781366,-0.5596928
3,PlayerB,fighter,Chest,0.70107764,0.218127191,-0.224757686
3,PlayerB,fighter,LeftHand,0.788961947,0.045708552,-0.6020693
3,PlayerB,fighter,RightHand,0.347761571,0.278083444,0.0388687626
3,PlayerB,fighter,LeftFoot,1.29964828,0.2984461,0.389502019
3,PlayerB,fighter,RightFoot,0.943752766,0.281720459,0.5836512
3.01666665,PlayerA,actor,Root,-0.85,0,0
3.01666665,PlayerA,driver,Root,-0.5590423,0.00745146442,0.480297327
3.01666665,PlayerA,native,AnimatorRoot,-0.5590423,0.00745146442,0.480297327
3.01666665,PlayerA,native,Hips,-0.6226884,0.7678797,0.481711149
3.01666665,PlayerA,native,Head,-0.5014843,1.27154434,0.5106751
3.01666665,PlayerA,native,Chest,-0.59611094,0.984923959,0.4763274
3.01666665,PlayerA,native,LeftHand,-0.2657261,0.9316143,0.5982277
3.01666665,PlayerA,native,RightHand,-0.7405699,1.05800688,0.0458330661
3.01666665,PlayerA,native,LeftFoot,-0.382464051,0.119052365,0.8823967
3.01666665,PlayerA,native,RightFoot,-0.740937233,0.119426265,0.0489702672
3.01666665,PlayerA,fighter,AnimatorRoot,-0.85,0,0
3.01666665,PlayerA,fighter,Hips,-0.622688353,0.7678797,0.481711268
3.01666665,PlayerA,fighter,Head,-0.493502438,1.231697,0.5238333
3.01666665,PlayerA,fighter,Chest,-0.6029116,0.9697509,0.485629141
3.01666665,PlayerA,fighter,LeftHand,-0.2657506,0.9315368,0.5993613
3.01666665,PlayerA,fighter,RightHand,-0.741835,1.06126583,0.0479603261
3.01666665,PlayerA,fighter,LeftFoot,-0.382464051,0.119052313,0.8823967
3.01666665,PlayerA,fighter,RightFoot,-0.7409371,0.119426206,0.0489703044
3.01666665,PlayerB,actor,Root,0.850000262,0,-2.026558E-07
3.01666665,PlayerB,driver,Root,0.798985,-0.607133269,-0.06378365
3.01666665,PlayerB,native,AnimatorRoot,0.798985,-0.607133269,-0.06378365
3.01666665,PlayerB,native,Hips,0.8401407,0.101532221,-0.00475992355
3.01666665,PlayerB,native,Head,0.633359,0.318000555,-0.37834695
3.01666665,PlayerB,native,Chest,0.7302402,0.16303432,-0.1636846
3.01666665,PlayerB,native,LeftHand,0.768688142,0.0469601154,-0.601681352
3.01666665,PlayerB,native,RightHand,0.3481745,0.271499574,0.0375541821
3.01666665,PlayerB,native,LeftFoot,1.28535187,0.316070974,0.370396882
3.01666665,PlayerB,native,RightFoot,0.9390676,0.2831691,0.5971274
3.01666665,PlayerB,fighter,AnimatorRoot,0.850000262,0,-2.026558E-07
3.01666665,PlayerB,fighter,Hips,0.8401407,0.101532213,-0.004759924
3.01666665,PlayerB,fighter,Head,0.5187775,0.408150434,-0.563844144
3.01666665,PlayerB,fighter,Chest,0.697400451,0.208356291,-0.226815969
3.01666665,PlayerB,fighter,LeftHand,0.7686884,0.04696002,-0.6016815
3.01666665,PlayerB,fighter,RightHand,0.348174334,0.271499664,0.03755454
3.01666665,PlayerB,fighter,LeftFoot,1.285352,0.316070884,0.370397031
3.01666665,PlayerB,fighter,RightFoot,0.9390678,0.28316915,0.5971275
3.0333333,PlayerA,actor,Root,-0.85,0,0
3.0333333,PlayerA,driver,Root,-0.560227752,0.00682712346,0.47794348
3.0333333,PlayerA,native,AnimatorRoot,-0.560227752,0.00682712346,0.47794348
3.0333333,PlayerA,native,Hips,-0.6241933,0.769189835,0.477852285
3.0333333,PlayerA,native,Head,-0.5046305,1.27298713,0.51137507
3.0333333,PlayerA,native,Chest,-0.5981071,0.986333132,0.4742395
3.0333333,PlayerA,native,LeftHand,-0.272494555,0.9303446,0.578386366
3.0333333,PlayerA,native,RightHand,-0.7318201,1.00927,0.0584783852
3.0333333,PlayerA,native,LeftFoot,-0.379774,0.118944578,0.8756583
3.0333333,PlayerA,native,RightFoot,-0.74158895,0.119262725,0.0493547171
3.0333333,PlayerA,fighter,AnimatorRoot,-0.85,0,0
3.0333333,PlayerA,fighter,Hips,-0.6241932,0.769189835,0.477852434
3.0333333,PlayerA,fighter,Head,-0.496748149,1.23320019,0.524307966
3.0333333,PlayerA,fighter,Chest,-0.604967356,0.971079051,0.483380824
3.0333333,PlayerA,fighter,LeftHand,-0.2724527,0.9302603,0.5795184
3.0333333,PlayerA,fighter,RightHand,-0.732853055,1.01273644,0.0603925139
3.0333333,PlayerA,fighter,LeftFoot,-0.379773974,0.1189447,0.8756583
3.0333333,PlayerA,fighter,RightFoot,-0.741589069,0.119262747,0.0493545979
3.0333333,PlayerB,actor,Root,0.850000262,0,-2.026558E-07
3.0333333,PlayerB,driver,Root,0.797095358,-0.611675739,-0.06591935
3.0333333,PlayerB,native,AnimatorRoot,0.797095358,-0.611675739,-0.06591935
3.0333333,PlayerB,native,Hips,0.840603948,0.102991283,-0.004378044
3.0333333,PlayerB,native,Head,0.626654744,0.301882684,-0.3828555
3.0333333,PlayerB,native,Chest,0.727687955,0.1550026,-0.164454609
3.0333333,PlayerB,native,LeftHand,0.74652046,0.0473700762,-0.6002127
3.0333333,PlayerB,native,RightHand,0.347961247,0.2614746,0.03760711
3.0333333,PlayerB,native,LeftFoot,1.27353561,0.332165718,0.349361628
3.0333333,PlayerB,native,RightFoot,0.9351709,0.283849716,0.6128583
3.0333333,PlayerB,fighter,AnimatorRoot,0.850000262,0,-2.026558E-07
3.0333333,PlayerB,fighter,Hips,0.840603948,0.102991275,-0.00437804451
3.0333333,PlayerB,fighter,Head,0.5137596,0.393437147,-0.5688794
3.0333333,PlayerB,fighter,Chest,0.6930154,0.197364181,-0.22882086
3.0333333,PlayerB,fighter,LeftHand,0.7465208,0.04737014,-0.600212634
3.0333333,PlayerB,fighter,RightHand,0.347961,0.261474639,0.03760735
3.0333333,PlayerB,fighter,LeftFoot,1.27353561,0.332165658,0.3493616
3.0333333,PlayerB,fighter,RightFoot,0.9351709,0.283849776,0.612858236
3.05,PlayerA,actor,Root,-0.85,0,0
3.05,PlayerA,driver,Root,-0.560938537,0.006348654,0.476537943
3.05,PlayerA,native,AnimatorRoot,-0.560938537,0.006348654,0.476537943
3.05,PlayerA,native,Hips,-0.62361896,0.7697622,0.474662781
3.05,PlayerA,native,Head,-0.5079038,1.27440393,0.511585
3.05,PlayerA,native,Chest,-0.598456,0.987063,0.472523481
3.05,PlayerA,native,LeftHand,-0.285693,0.9258417,0.5703275
3.05,PlayerA,native,RightHand,-0.7146437,0.9781975,0.07420452
3.05,PlayerA,native,LeftFoot,-0.379156023,0.118961312,0.874387741
3.05,PlayerA,native,RightFoot,-0.742775261,0.118989684,0.05007559
3.05,PlayerA,fighter,AnimatorRoot,-0.85,0,0
3.05,PlayerA,fighter,Hips,-0.6236189,0.7697622,0.4746629
3.05,PlayerA,fighter,Head,-0.500297546,1.23490381,0.5242854
3.05,PlayerA,fighter,Chest,-0.6054955,0.971744359,0.4813854
3.05,PlayerA,fighter,LeftHand,-0.285636783,0.9257229,0.571453154
3.05,PlayerA,fighter,RightHand,-0.7155588,0.9818239,0.07586454
3.05,PlayerA,fighter,LeftFoot,-0.379156053,0.118961431,0.874387443
3.05,PlayerA,fighter,RightFoot,-0.7427753,0.118989848,0.050075762
3.05,PlayerB,actor,Root,0.850000262,0,-2.026558E-07
3.05,PlayerB,driver,Root,0.7948518,-0.6168523,-0.06801849
3.05,PlayerB,native,AnimatorRoot,0.7948518,-0.6168523,-0.06801849
3.05,PlayerB,native,Hips,0.841313243,0.1054939,-0.003929713
3.05,PlayerB,native,Head,0.6181405,0.282746375,-0.3873742
3.05,PlayerB,native,Chest,0.7252604,0.146844864,-0.164806247
3.05,PlayerB,native,LeftHand,0.7218443,0.0478497744,-0.5990832
3.05,PlayerB,native,RightHand,0.34771353,0.249245346,0.03905032
3.05,PlayerB,native,LeftFoot,1.26282465,0.346041322,0.327988
3.05,PlayerB,native,RightFoot,0.9328279,0.2825467,0.6295073
3.05,PlayerB,fighter,AnimatorRoot,0.850000262,0,-2.026558E-07
3.05,PlayerB,fighter,Hips,0.841313243,0.105493888,-0.00392971328
3.05,PlayerB,fighter,Head,0.5065264,0.373726428,-0.573952138
3.05,PlayerB,fighter,Chest,0.688479066,0.185560524,-0.23037374
3.05,PlayerB,fighter,LeftHand,0.7218447,0.04784983,-0.5990833
3.05,PlayerB,fighter,RightHand,0.347713351,0.249245316,0.0390504971
3.05,PlayerB,fighter,LeftFoot,1.26282454,0.3460413,0.327988029
3.05,PlayerB,fighter,RightFoot,0.93282783,0.282546639,0.629507363
3.0666666,PlayerA,actor,Root,-0.85,0,0
3.0666666,PlayerA,driver,Root,-0.5613346,0.00594740454,0.4755771
3.0666666,PlayerA,native,AnimatorRoot,-0.5613346,0.00594740454,0.4755771
3.0666666,PlayerA,native,Hips,-0.622100353,0.769929767,0.472001
3.0666666,PlayerA,native,Head,-0.5114777,1.27579546,0.511526763
3.0666666,PlayerA,native,Chest,-0.598087,0.987413764,0.4711696
3.0666666,PlayerA,native,LeftHand,-0.303622842,0.9188701,0.571201861
3.0666666,PlayerA,native,RightHand,-0.6915396,0.9544095,0.092165485
3.0666666,PlayerA,native,LeftFoot,-0.379773855,0.118944995,0.8756583
3.0666666,PlayerA,native,RightFoot,-0.7415884,0.119263083,0.0493549556
3.0666666,PlayerA,fighter,AnimatorRoot,-0.85,0,0
3.0666666,PlayerA,fighter,Hips,-0.6221003,0.7699298,0.472001135
3.0666666,PlayerA,fighter,Head,-0.5043042,1.23672724,0.523931861
3.0666666,PlayerA,fighter,Chest,-0.6053895,0.9720424,0.479649633
3.0666666,PlayerA,fighter,LeftHand,-0.3035962,0.918699741,0.5723182
3.0666666,PlayerA,fighter,RightHand,-0.6924116,0.958165,0.09353709
3.0666666,PlayerA,fighter,LeftFoot,-0.379773825,0.118944936,0.8756583
3.0666666,PlayerA,fighter,RightFoot,-0.7415886,0.119262792,0.04935489
3.0666666,PlayerB,actor,Root,0.850000262,0,-2.026558E-07
3.0666666,PlayerB,driver,Root,0.7922834,-0.622685254,-0.07004825
3.0666666,PlayerB,native,AnimatorRoot,0.7922834,-0.622685254,-0.07004825
3.0666666,PlayerB,native,Hips,0.8418739,0.108300447,-0.00365416054
3.0666666,PlayerB,native,Head,0.6086716,0.2615971,-0.391452581
3.0666666,PlayerB,native,Chest,0.722963333,0.138806224,-0.164868936
3.0666666,PlayerB,native,LeftHand,0.6968213,0.04737419,-0.597278953
3.0666666,PlayerB,native,RightHand,0.348012567,0.236102879,0.0419664159
3.0666666,PlayerB,native,LeftFoot,1.25230336,0.3572966,0.3069726
3.0666666,PlayerB,native,RightFoot,0.9321594,0.27845794,0.645758152
3.0666666,PlayerB,fighter,AnimatorRoot,0.850000262,0,-2.026558E-07
3.0666666,PlayerB,fighter,Hips,0.8418739,0.10830044,-0.003654161
3.0666666,PlayerB,fighter,Head,0.4977386,0.350379974,-0.5784369
3.0666666,PlayerB,fighter,Chest,0.6840571,0.173501387,-0.231445983
3.0666666,PlayerB,fighter,LeftHand,0.696821451,0.04737425,-0.5972791
3.0666666,PlayerB,fighter,RightHand,0.348012447,0.236102983,0.0419664755
3.0666666,PlayerB,fighter,LeftFoot,1.25230336,0.357296646,0.306972653
3.0666666,PlayerB,fighter,RightFoot,0.932159543,0.278457969,0.645758033
3.07471275,PlayerA,actor,Root,-0.85,0,0
3.07471275,PlayerA,driver,Root,-0.5614985,0.00581301376,0.475058645
3.07471275,PlayerA,native,AnimatorRoot,-0.5614985,0.00581301376,0.475058645
3.07471275,PlayerA,native,Hips,-0.621305168,0.7700221,0.4706474
3.07471275,PlayerA,native,Head,-0.513267159,1.27650368,0.5113037
3.07471275,PlayerA,native,Chest,-0.597866,0.9875934,0.4704435
3.07471275,PlayerA,native,LeftHand,-0.3141026,0.914985359,0.5750475
3.07471275,PlayerA,native,RightHand,-0.6777361,0.943994641,0.102116495
3.07471275,PlayerA,native,LeftFoot,-0.379834861,0.118958429,0.875667334
3.07471275,PlayerA,native,RightFoot,-0.7414071,0.119310707,0.049230516
3.07471275,PlayerA,fighter,AnimatorRoot,-0.85,0,0
3.07471275,PlayerA,fighter,Hips,-0.6213051,0.7700221,0.470647544
3.07471275,PlayerA,fighter,Head,-0.5063465,1.23766792,0.5235312
3.07471275,PlayerA,fighter,Chest,-0.6053114,0.9721981,0.478713363
3.07471275,PlayerA,fighter,LeftHand,-0.314108133,0.914787233,0.5761575
3.07471275,PlayerA,fighter,RightHand,-0.678602,0.9478006,0.103345305
3.07471275,PlayerA,fighter,LeftFoot,-0.37983492,0.118958376,0.875667334
3.07471275,PlayerA,fighter,RightFoot,-0.741407037,0.119310759,0.049230516
3.07471275,PlayerB,actor,Root,0.850000262,0,-2.026558E-07
3.07471275,PlayerB,driver,Root,0.791092932,-0.6255413,-0.07093374
3.07471275,PlayerB,native,AnimatorRoot,0.791092932,-0.6255413,-0.07093374
3.07471275,PlayerB,native,Hips,0.8420273,0.109311879,-0.00362046156
3.07471275,PlayerB,native,Head,0.604579449,0.251897335,-0.3929772
3.07471275,PlayerB,native,Chest,0.7219871,0.1350823,-0.164832443
3.07471275,PlayerB,native,LeftHand,0.6846542,0.0470743179,-0.596380055
3.07471275,PlayerB,native,RightHand,0.3485555,0.230349362,0.0433808938
3.07471275,PlayerB,native,LeftFoot,1.24691117,0.361609817,0.297325641
3.07471275,PlayerB,native,RightFoot,0.9323353,0.2757432,0.6527148
3.07471275,PlayerB,fighter,AnimatorRoot,0.850000262,0,-2.026558E-07
3.07471275,PlayerB,fighter,Hips,0.8420273,0.109311871,-0.003620462
3.07471275,PlayerB,fighter,Head,0.49404034,0.339580178,-0.5801241
3.07471275,PlayerB,fighter,Chest,0.682185352,0.167977467,-0.2317811
3.07471275,PlayerB,fighter,LeftHand,0.684654355,0.04707433,-0.596379936
3.07471275,PlayerB,fighter,RightHand,0.3485555,0.230349347,0.043381013
3.07471275,PlayerB,fighter,LeftFoot,1.24691117,0.3616098,0.2973256
3.07471275,PlayerB,fighter,RightFoot,0.932335436,0.275743157,0.6527147
3.08333325,PlayerA,actor,Root,-0.85,0,0
3.08333325,PlayerA,driver,Root,-0.5616324,0.0057056644,0.474530727
3.08333325,PlayerA,native,AnimatorRoot,-0.5616324,0.0057056644,0.474530727
3.08333325,PlayerA,native,Hips,-0.620285034,0.7700554,0.469231516
3.08333325,PlayerA,native,Head,-0.5152236,1.27724838,0.510943949
3.08333325,PlayerA,native,Chest,-0.597507,0.9877234,0.46968177
3.08333325,PlayerA,native,LeftHand,-0.3269744,0.910553038,0.581585348
3.08333325,PlayerA,native,RightHand,-0.661504447,0.9350209,0.113341331
3.08333325,PlayerA,native,LeftFoot,-0.3798152,0.11895749,0.8756685
3.08333325,PlayerA,native,RightFoot,-0.7414082,0.119304486,0.0492325574
3.08333325,PlayerA,fighter,AnimatorRoot,-0.85,0,0
3.08333325,PlayerA,fighter,Hips,-0.620285,0.7700554,0.469231665
3.08333325,PlayerA,fighter,Head,-0.5086005,1.23868179,0.5229591
3.08333325,PlayerA,fighter,Chest,-0.605116844,0.9723034,0.477705836
3.08333325,PlayerA,fighter,LeftHand,-0.327032328,0.9103249,0.5826853
3.08333325,PlayerA,fighter,RightHand,-0.6623744,0.938872457,0.114416435
3.08333325,PlayerA,fighter,LeftFoot,-0.379815042,0.118957378,0.8756686
3.08333325,PlayerA,fighter,RightFoot,-0.7414082,0.119304374,0.04923252
3.08333325,PlayerB,actor,Root,0.850000262,0,-2.026558E-07
3.08333325,PlayerB,driver,Root,0.789847434,-0.62861377,-0.07182901
3.08333325,PlayerB,native,AnimatorRoot,0.789847434,-0.62861377,-0.07182901
3.08333325,PlayerB,native,Hips,0.8421543,0.110281527,-0.003637814
3.08333325,PlayerB,native,Head,0.600438833,0.241691887,-0.394369632
3.08333325,PlayerB,native,Chest,0.721022,0.131170332,-0.164750189
3.08333325,PlayerB,native,LeftHand,0.67100513,0.0469616055,-0.5952569
3.08333325,PlayerB,native,RightHand,0.3493315,0.22446537,0.0448553339
3.08333325,PlayerB,native,LeftFoot,1.24113142,0.3656019,0.287276179
3.08333325,PlayerB,native,RightFoot,0.9328821,0.2724827,0.6596798
3.08333325,PlayerB,fighter,AnimatorRoot,0.850000262,0,-2.026558E-07
3.08333325,PlayerB,fighter,Hips,0.8421543,0.11028152,-0.00363781443
3.08333325,PlayerB,fighter,Head,0.49040696,0.328163177,-0.581695855
3.08333325,PlayerB,fighter,Chest,0.6803189,0.16218558,-0.232037514
3.08333325,PlayerB,fighter,LeftHand,0.6710052,0.0469616577,-0.595257
3.08333325,PlayerB,fighter,RightHand,0.3493315,0.224465355,0.0448556319
3.08333325,PlayerB,fighter,LeftFoot,1.24113131,0.365601867,0.287276149
3.08333325,PlayerB,fighter,RightFoot,0.932881832,0.272482544,0.6596797
3.1,PlayerA,actor,Root,-0.85,0,0
3.1,PlayerA,driver,Root,-0.56169486,0.005525117,0.473464549
3.1,PlayerA,native,AnimatorRoot,-0.56169486,0.005525117,0.473464549
3.1,PlayerA,native,Hips,-0.617990851,0.7700245,0.466580153
3.1,PlayerA,native,Head,-0.5189669,1.27864969,0.509867668
3.1,PlayerA,native,Chest,-0.596548736,0.987877548,0.4682212
3.1,PlayerA,native,LeftHand,-0.353057861,0.9028915,0.5959522
3.1,PlayerA,native,RightHand,-0.6278531,0.920408368,0.136740535
3.1,PlayerA,native,LeftFoot,-0.379773259,0.118944116,0.875659347
3.1,PlayerA,native,RightFoot,-0.7415885,0.119262911,0.0493558347
3.1,PlayerA,fighter,AnimatorRoot,-0.85,0,0
3.1,PlayerA,fighter,Hips,-0.6179908,0.7700245,0.466580272
3.1,PlayerA,fighter,Head,-0.512980163,1.24063993,0.5214093
3.1,PlayerA,fighter,Chest,-0.604494154,0.972413659,0.475716
3.1,PlayerA,fighter,LeftHand,-0.353249341,0.902625859,0.597023
3.1,PlayerA,fighter,RightHand,-0.628751755,0.92432636,0.137508139
3.1,PlayerA,fighter,LeftFoot,-0.379773259,0.118943691,0.875659466
3.1,PlayerA,fighter,RightFoot,-0.741588354,0.119262934,0.0493558273
3.1,PlayerB,actor,Root,0.850000262,0,-2.026558E-07
3.1,PlayerB,driver,Root,0.7864074,-0.6365189,-0.0735455
3.1,PlayerB,native,AnimatorRoot,0.7864074,-0.6365189,-0.0735455
3.1,PlayerB,native,Hips,0.8420272,0.111486018,-0.004040987
3.1,PlayerB,native,Head,0.5892695,0.217960954,-0.39673236
3.1,PlayerB,native,Chest,0.7187809,0.123972595,-0.164626
3.1,PlayerB,native,LeftHand,0.648148358,0.0454405546,-0.59572047
3.1,PlayerB,native,RightHand,0.3518048,0.211685061,0.0521163419
3.1,PlayerB,native,LeftFoot,1.22847342,0.369380534,0.270458341
3.1,PlayerB,native,RightFoot,0.935971141,0.25933814,0.6733292
3.1,PlayerB,fighter,AnimatorRoot,0.850000262,0,-2.026558E-07
3.1,PlayerB,fighter,Hips,0.8420272,0.11148601,-0.0040409877
3.1,PlayerB,fighter,Head,0.47800836,0.298394233,-0.5846557
3.1,PlayerB,fighter,Chest,0.6762406,0.151015386,-0.232203931
3.1,PlayerB,fighter,LeftHand,0.6481484,0.04544057,-0.5957204
3.1,PlayerB,fighter,RightHand,0.351804882,0.211685076,0.05211637
3.1,PlayerB,fighter,LeftFoot,1.22847366,0.369380444,0.270458341
3.1,PlayerB,fighter,RightFoot,0.9359711,0.259338051,0.6733292
3.11666656,PlayerA,actor,Root,-0.85,0,0
3.11666656,PlayerA,driver,Root,-0.5614588,0.00535698235,0.4722717
3.11666656,PlayerA,native,AnimatorRoot,-0.5614588,0.00535698235,0.4722717
3.11666656,PlayerA,native,Hips,-0.6153811,0.769867837,0.464042366
3.11666656,PlayerA,native,Head,-0.522644043,1.27996349,0.5082531
3.11666656,PlayerA,native,Chest,-0.5953357,0.9879004,0.466766924
3.11666656,PlayerA,native,LeftHand,-0.378907531,0.896782339,0.6109134
3.11666656,PlayerA,native,RightHand,-0.5918989,0.9087533,0.161285311
3.11666656,PlayerA,native,LeftFoot,-0.379791856,0.118930213,0.875661969
3.11666656,PlayerA,native,RightFoot,-0.741620839,0.119249821,0.04936461
3.11666656,PlayerA,fighter,AnimatorRoot,-0.85,0,0
3.11666656,PlayerA,fighter,Hips,-0.615381,0.769867837,0.4640425
3.11666656,PlayerA,fighter,Head,-0.5173537,1.24254215,0.5192368
3.11666656,PlayerA,fighter,Chest,-0.6036256,0.9723968,0.473666131
3.11666656,PlayerA,fighter,LeftHand,-0.379249662,0.8965198,0.6119423
3.11666656,PlayerA,fighter,RightHand,-0.5928407,0.912709534,0.161743432
3.11666656,PlayerA,fighter,LeftFoot,-0.379791856,0.118930437,0.875661969
3.11666656,PlayerA,fighter,RightFoot,-0.741621,0.119249679,0.0493645519
3.11666656,PlayerB,actor,Root,0.850000262,0,-2.026558E-07
3.11666656,PlayerB,driver,Root,0.7800963,-0.649345934,-0.0756259859
3.11666656,PlayerB,native,AnimatorRoot,0.7800963,-0.649345934,-0.0756259859
3.11666656,PlayerB,native,Hips,0.8407853,0.111576259,-0.005697646
3.11666656,PlayerB,native,Head,0.5701186,0.182898462,-0.3979948
3.11666656,PlayerB,native,Chest,0.714854836,0.1173625,-0.165106714
3.11666656,PlayerB,native,LeftHand,0.6269195,0.0423198342,-0.6007888
3.11666656,PlayerB,native,RightHand,0.357499778,0.197258353,0.06939525
3.11666656,PlayerB,native,LeftFoot,1.20980239,0.366174757,0.2568292
3.11666656,PlayerB,native,RightFoot,0.9434233,0.230222762,0.68745476
3.11666656,PlayerB,fighter,AnimatorRoot,0.850000262,0,-2.026558E-07
3.11666656,PlayerB,fighter,Hips,0.8407853,0.111576252,-0.005697647
3.11666656,PlayerB,fighter,Head,0.45292753,0.248125613,-0.5871543
3.11666656,PlayerB,fighter,Chest,0.6700668,0.139393792,-0.23223424
3.11666656,PlayerB,fighter,LeftHand,0.6269195,0.04231987,-0.600788534
3.11666656,PlayerB,fighter,RightHand,0.3574997,0.197258309,0.06939558
3.11666656,PlayerB,fighter,LeftFoot,1.20980239,0.366174728,0.2568293
3.11666656,PlayerB,fighter,RightFoot,0.943423152,0.230222717,0.6874549
3.13333344,PlayerA,actor,Root,-0.85,0,0
3.13333344,PlayerA,driver,Root,-0.560918868,0.005134707,0.470940232
3.13333344,PlayerA,native,AnimatorRoot,-0.560918868,0.005134707,0.470940232
3.13333344,PlayerA,native,Hips,-0.6124716,0.7696342,0.4616112
3.13333344,PlayerA,native,Head,-0.5260906,1.28118587,0.50609684
3.13333344,PlayerA,native,Chest,-0.5938613,0.987837136,0.46530658
3.13333344,PlayerA,native,LeftHand,-0.403566182,0.891655266,0.6225898
3.13333344,PlayerA,native,RightHand,-0.5563588,0.89859575,0.18900618
3.13333344,PlayerA,native,LeftFoot,-0.379772663,0.118944727,0.8756597
3.13333344,PlayerA,native,RightFoot,-0.7415883,0.119263411,0.04935631
3.13333344,PlayerA,fighter,AnimatorRoot,-0.85,0,0
3.13333344,PlayerA,fighter,Hips,-0.612471461,0.7696342,0.46161136
3.13333344,PlayerA,fighter,Head,-0.52151823,1.24435711,0.5164416
3.13333344,PlayerA,fighter,Chest,-0.602485061,0.972296238,0.4715544
3.13333344,PlayerA,fighter,LeftHand,-0.4040611,0.8914358,0.623560667
3.13333344,PlayerA,fighter,RightHand,-0.557349443,0.902564347,0.189126521
3.13333344,PlayerA,fighter,LeftFoot,-0.3797727,0.118944786,0.8756596
3.13333344,PlayerA,fighter,RightFoot,-0.741588235,0.119263366,0.0493562073
3.13333344,PlayerB,actor,Root,0.850000262,0,-2.026558E-07
3.13333344,PlayerB,driver,Root,0.7735635,-0.6633401,-0.07716028
3.13333344,PlayerB,native,AnimatorRoot,0.7735635,-0.6633401,-0.07716028
3.13333344,PlayerB,native,Hips,0.8389479,0.111486018,-0.008194918
3.13333344,PlayerB,native,Head,0.5508893,0.145314872,-0.396072626
3.13333344,PlayerB,native,Chest,0.7104073,0.112026751,-0.166015446
3.13333344,PlayerB,native,LeftHand,0.60481447,0.03854412,-0.603084147
3.13333344,PlayerB,native,RightHand,0.365395367,0.183861077,0.08994437
3.13333344,PlayerB,native,LeftFoot,1.19534028,0.359263062,0.247755364
3.13333344,PlayerB,native,RightFoot,0.952589154,0.194996476,0.6980795
3.13333344,PlayerB,fighter,AnimatorRoot,0.850000262,0,-2.026558E-07
3.13333344,PlayerB,fighter,Hips,0.8389479,0.11148601,-0.00819492
3.13333344,PlayerB,fighter,Head,0.4266475,0.191772327,-0.5856959
3.13333344,PlayerB,fighter,Chest,0.663498163,0.129036427,-0.232294381
3.13333344,PlayerB,fighter,LeftHand,0.6048145,0.03854421,-0.6030841
3.13333344,PlayerB,fighter,RightHand,0.365395367,0.183861017,0.08994443
3.13333344,PlayerB,fighter,LeftFoot,1.19534028,0.3592631,0.247755349
3.13333344,PlayerB,fighter,RightFoot,0.9525892,0.194996446,0.6980796
3.15,PlayerA,actor,Root,-0.85,0,0
3.15,PlayerA,driver,Root,-0.5600557,0.00481650466,0.469452024
3.15,PlayerA,native,AnimatorRoot,-0.5600557,0.00481650466,0.469452024
3.15,PlayerA,native,Hips,-0.6093705,0.769295931,0.45927608
3.15,PlayerA,native,Head,-0.5292001,1.282238,0.503412247
3.15,PlayerA,native,Chest,-0.5921939,0.987655461,0.463824272
3.15,PlayerA,native,LeftHand,-0.422884583,0.8891558,0.6299482
3.15,PlayerA,native,RightHand,-0.5239942,0.8887186,0.217420518
3.15,PlayerA,native,LeftFoot,-0.379779518,0.118925042,0.875625432
3.15,PlayerA,native,RightFoot,-0.7416167,0.119247481,0.04934384
3.15,PlayerA,fighter,AnimatorRoot,-0.85,0,0
3.15,PlayerA,fighter,Hips,-0.60937047,0.769295931,0.4592762
3.15,PlayerA,fighter,Head,-0.525333345,1.24598646,0.5130609
3.15,PlayerA,fighter,Chest,-0.6011207,0.972079456,0.4693823
3.15,PlayerA,fighter,LeftHand,-0.423491955,0.8890152,0.630866468
3.15,PlayerA,fighter,RightHand,-0.5250188,0.892674267,0.21720016
3.15,PlayerA,fighter,LeftFoot,-0.379779547,0.11892505,0.8756254
3.15,PlayerA,fighter,RightFoot,-0.741616666,0.119247533,0.04934386
3.15,PlayerB,actor,Root,0.850000262,0,-2.026558E-07
3.15,PlayerB,driver,Root,0.7688265,-0.6763668,-0.07705226
3.15,PlayerB,native,AnimatorRoot,0.7688265,-0.6763668,-0.07705226
3.15,PlayerB,native,Hips,0.8373968,0.111557007,-0.0103164706
3.15,PlayerB,native,Head,0.5357243,0.110779226,-0.390588343
3.15,PlayerB,native,Chest,0.7067896,0.108232379,-0.166511282
3.15,PlayerB,native,LeftHand,0.591423452,0.0340083241,-0.607851446
3.15,PlayerB,native,RightHand,0.3736212,0.169098616,0.112552144
3.15,PlayerB,native,LeftFoot,1.19328642,0.350985169,0.247222364
3.15,PlayerB,native,RightFoot,0.961132348,0.158855915,0.705287039
3.15,PlayerB,fighter,AnimatorRoot,0.850000262,0,-2.026558E-07
3.15,PlayerB,fighter,Hips,0.8373968,0.111557,-0.0103164716
3.15,PlayerB,fighter,Head,0.404646665,0.13801311,-0.5790828
3.15,PlayerB,fighter,Chest,0.658126354,0.120782822,-0.231823
3.15,PlayerB,fighter,LeftHand,0.5914234,0.0340083539,-0.6078513
3.15,PlayerB,fighter,RightHand,0.3736212,0.169098631,0.112552382
3.15,PlayerB,fighter,LeftFoot,1.19328642,0.3509851,0.247222215
3.15,PlayerB,fighter,RightFoot,0.9611324,0.15885587,0.705287
3.16666675,PlayerA,actor,Root,-0.85,0,0
3.16666675,PlayerA,driver,Root,-0.558847666,0.00427969825,0.467717
3.16666675,PlayerA,native,AnimatorRoot,-0.558847666,0.00427969825,0.467717
3.16666675,PlayerA,native,Hips,-0.6061493,0.7689194,0.457115948
3.16666675,PlayerA,native,Head,-0.5319092,1.28315461,0.5003453
3.16666675,PlayerA,native,Chest,-0.59038794,0.987420261,0.462401778
3.16666675,PlayerA,native,LeftHand,-0.4373657,0.8801493,0.626499653
3.16666675,PlayerA,native,RightHand,-0.492654771,0.880290866,0.245758712
3.16666675,PlayerA,native,LeftFoot,-0.379772127,0.11894431,0.87566036
3.16666675,PlayerA,native,RightFoot,-0.7415879,0.119263485,0.04935652
3.16666675,PlayerA,fighter,AnimatorRoot,-0.85,0,0
3.16666675,PlayerA,fighter,Hips,-0.6061492,0.7689194,0.4571161
3.16666675,PlayerA,fighter,Head,-0.528724134,1.24745119,0.509232759
3.16666675,PlayerA,fighter,Chest,-0.5995841,0.9718114,0.467239
3.16666675,PlayerA,fighter,LeftHand,-0.438059419,0.8801045,0.6273631
3.16666675,PlayerA,fighter,RightHand,-0.493712783,0.884205461,0.24520722
3.16666675,PlayerA,fighter,LeftFoot,-0.379772156,0.118944168,0.8756603
3.16666675,PlayerA,fighter,RightFoot,-0.7415879,0.119263507,0.0493565425
3.16666675,PlayerB,actor,Root,0.850000262,0,-2.026558E-07
3.16666675,PlayerB,driver,Root,0.7659134,-0.6865101,-0.07628794
3.16666675,PlayerB,native,AnimatorRoot,0.7659134,-0.6865101,-0.07628794
3.16666675,PlayerB,native,Hips,0.835940957,0.111486077,-0.0122511862
3.16666675,PlayerB,native,Head,0.5254972,0.08445817,-0.384303272
3.16666675,PlayerB,native,Chest,0.7038548,0.105714858,-0.167008311
3.16666675,PlayerB,native,LeftHand,0.5805078,0.03259921,-0.609035552
3.16666675,PlayerB,native,RightHand,0.383835673,0.15421164,0.131840616
3.16666675,PlayerB,native,LeftFoot,1.20493484,0.3424226,0.253320724
3.16666675,PlayerB,native,RightFoot,0.9671085,0.129066825,0.7086846
3.16666675,PlayerB,fighter,AnimatorRoot,0.850000262,0,-2.026558E-07
3.16666675,PlayerB,fighter,Hips,0.835940957,0.11148607,-0.01225119
3.16666675,PlayerB,fighter,Head,0.3894734,0.09560531,-0.5707585
3.16666675,PlayerB,fighter,Chest,0.653896153,0.11495591,-0.231450632
3.16666675,PlayerB,fighter,LeftHand,0.5805079,0.0325992256,-0.609035432
3.16666675,PlayerB,fighter,RightHand,0.3838356,0.154211625,0.131840914
3.16666675,PlayerB,fighter,LeftFoot,1.20493484,0.342422634,0.253320664
3.16666675,PlayerB,fighter,RightFoot,0.9671085,0.1290669,0.708684742
3.1833334,PlayerA,actor,Root,-0.85,0,0
3.1833334,PlayerA,driver,Root,-0.557245433,0.003271766,0.4654969
3.1833334,PlayerA,native,AnimatorRoot,-0.557245433,0.003271766,0.4654969
3.1833334,PlayerA,native,Hips,-0.602873743,0.7684958,0.455001652
3.1833334,PlayerA,native,Head,-0.53410995,1.28389466,0.496856481
3.1833334,PlayerA,native,Chest,-0.5884707,0.9871202,0.4609154
3.1833334,PlayerA,native,LeftHand,-0.444347441,0.858349,0.6005646
3.1833334,PlayerA,native,RightHand,-0.462998062,0.872457445,0.2795964
3.1833334,PlayerA,native,LeftFoot,-0.379777074,0.11894048,0.875599
3.1833334,PlayerA,native,RightFoot,-0.74161315,0.119262919,0.04932469
3.1833334,PlayerA,fighter,AnimatorRoot,-0.85,0,0
3.1833334,PlayerA,fighter,Hips,-0.6028737,0.7684958,0.4550018
3.1833334,PlayerA,fighter,Head,-0.5315811,1.248704,0.504925132
3.1833334,PlayerA,fighter,Chest,-0.597900152,0.9714813,0.465011179
3.1833334,PlayerA,fighter,LeftHand,-0.445111662,0.8584325,0.6013591
3.1833334,PlayerA,fighter,RightHand,-0.464093417,0.876290262,0.2786705
3.1833334,PlayerA,fighter,LeftFoot,-0.379776984,0.11894045,0.875599
3.1833334,PlayerA,fighter,RightFoot,-0.74161315,0.119262934,0.0493247434
3.1833334,PlayerB,actor,Root,0.850000262,0,-2.026558E-07
3.1833334,PlayerB,driver,Root,0.7660743,-0.689782,-0.07547949
3.1833334,PlayerB,native,AnimatorRoot,0.7660743,-0.689782,-0.07547949
3.1833334,PlayerB,native,Hips,0.8353945,0.111469328,-0.01297051
3.1833334,PlayerB,native,Head,0.522310734,0.07681012,-0.381939441
3.1833334,PlayerB,native,Chest,0.7027943,0.104877591,-0.16718781
3.1833334,PlayerB,native,LeftHand,0.5763171,0.0321326256,-0.6067262
3.1833334,PlayerB,native,RightHand,0.393780172,0.140324831,0.1399326
3.1833334,PlayerB,native,LeftFoot,1.2378149,0.3342172,0.266195744
3.1833334,PlayerB,native,RightFoot,0.96701026,0.119957268,0.71028465
3.1833334,PlayerB,fighter,AnimatorRoot,0.850000262,0,-2.026558E-07
3.1833334,PlayerB,fighter,Hips,0.8353945,0.111469321,-0.0129705127
3.1833334,PlayerB,fighter,Head,0.3847887,0.0820426047,-0.5674985
3.1833334,PlayerB,fighter,Chest,0.652319431,0.113161474,-0.231249377
3.1833334,PlayerB,fighter,LeftHand,0.5763171,0.03213268,-0.6067261
3.1833334,PlayerB,fighter,RightHand,0.393780231,0.1403248,0.139932811
3.1833334,PlayerB,fighter,LeftFoot,1.2378149,0.3342171,0.266195834
3.1833334,PlayerB,fighter,RightFoot,0.9670103,0.119957246,0.71028465
3.19770122,PlayerA,actor,Root,-0.85,0,0
3.19770122,PlayerA,driver,Root,-0.555595458,0.00228172541,0.463507056
3.19770122,PlayerA,native,AnimatorRoot,-0.555595458,0.00228172541,0.463507056
3.19770122,PlayerA,native,Hips,-0.600062132,0.768092334,0.453365445
3.19770122,PlayerA,native,Head,-0.535610557,1.284384,0.493737727
3.19770122,PlayerA,native,Chest,-0.586778641,0.986809552,0.459737
3.19770122,PlayerA,native,LeftHand,-0.445923746,0.835974336,0.566524565
3.19770122,PlayerA,native,RightHand,-0.43819198,0.8664831,0.3118986
3.19770122,PlayerA,native,LeftFoot,-0.379768878,0.118934214,0.8756492
3.19770122,PlayerA,native,RightFoot,-0.7415919,0.119253173,0.0493517965
3.19770122,PlayerA,fighter,AnimatorRoot,-0.85,0,0
3.19770122,PlayerA,fighter,Hips,-0.600062132,0.768092334,0.453365564
3.19770122,PlayerA,fighter,Head,-0.5336054,1.24959886,0.50106144
3.19770122,PlayerA,fighter,Chest,-0.5963748,0.9711467,0.463187933
3.19770122,PlayerA,fighter,LeftHand,-0.446701854,0.8361704,0.567284465
3.19770122,PlayerA,fighter,RightHand,-0.439315438,0.8702094,0.3106337
3.19770122,PlayerA,fighter,LeftFoot,-0.379768968,0.11893411,0.875649333
3.19770122,PlayerA,fighter,RightFoot,-0.741592,0.119253017,0.04935187
3.19770122,PlayerB,actor,Root,0.850000262,0,-2.026558E-07
3.19770122,PlayerB,driver,Root,0.76746,-0.690135062,-0.07474848
3.19770122,PlayerB,native,AnimatorRoot,0.76746,-0.690135062,-0.07474848
3.19770122,PlayerB,native,Hips,0.8354053,0.111489534,-0.0129762059
3.19770122,PlayerB,native,Head,0.5217991,0.07753122,-0.381593049
3.19770122,PlayerB,native,Chest,0.70271033,0.104973972,-0.16712068
3.19770122,PlayerB,native,LeftHand,0.577222764,0.032142818,-0.605151951
3.19770122,PlayerB,native,RightHand,0.4020908,0.127899945,0.143200964
3.19770122,PlayerB,native,LeftFoot,1.2759397,0.323384583,0.278824031
3.19770122,PlayerB,native,RightFoot,0.9648957,0.118479729,0.7117355
3.19770122,PlayerB,fighter,AnimatorRoot,0.850000262,0,-2.026558E-07
3.19770122,PlayerB,fighter,Hips,0.8354053,0.111489519,-0.01297621
3.19770122,PlayerB,fighter,Head,0.383973956,0.08134996,-0.566965163
3.19770122,PlayerB,fighter,Chest,0.652063,0.113373183,-0.231035218
3.19770122,PlayerB,fighter,LeftHand,0.5772227,0.03214281,-0.6051521
3.19770122,PlayerB,fighter,RightHand,0.402090669,0.127899855,0.143201053
3.19770122,PlayerB,fighter,LeftFoot,1.27593958,0.323384523,0.2788239
3.19770122,PlayerB,fighter,RightFoot,0.9648957,0.1184797,0.711735368
3.2,PlayerA,actor,Root,-0.85,0,0
3.2,PlayerA,driver,Root,-0.5553132,0.00214016624,0.463218182
3.2,PlayerA,native,AnimatorRoot,-0.5553132,0.00214016624,0.463218182
3.2,PlayerA,native,Hips,-0.599630833,0.7680404,0.45311603
3.2,PlayerA,native,Head,-0.535824537,1.28446317,0.4932395
3.2,PlayerA,native,Chest,-0.586519837,0.9867711,0.459555119
3.2,PlayerA,native,LeftHand,-0.4456345,0.8322225,0.561635
3.2,PlayerA,native,RightHand,-0.434134364,0.865617752,0.317176551
3.2,PlayerA,native,LeftFoot,-0.379771948,0.118945256,0.8756602
3.2,PlayerA,native,RightFoot,-0.741588,0.119263731,0.049357608
3.2,PlayerA,fighter,AnimatorRoot,-0.85,0,0
3.2,PlayerA,fighter,Hips,-0.5996308,0.7680404,0.453116179
3.2,PlayerA,fighter,Head,-0.5338971,1.24973834,0.500443
3.2,PlayerA,fighter,Chest,-0.5961391,0.9711046,0.4629043
3.2,PlayerA,fighter,LeftHand,-0.446410745,0.832433045,0.5623938
3.2,PlayerA,fighter,RightHand,-0.435262173,0.869323552,0.31585747
3.2,PlayerA,fighter,LeftFoot,-0.379772067,0.118945122,0.8756602
3.2,PlayerA,fighter,RightFoot,-0.741588056,0.119263746,0.0493576378
3.2,PlayerB,actor,Root,0.850000262,0,-2.026558E-07
3.2,PlayerB,driver,Root,0.767661452,-0.6902642,-0.074652344
3.2,PlayerB,native,AnimatorRoot,0.767661452,-0.6902642,-0.074652344
3.2,PlayerB,native,Hips,0.8353843,0.111486018,-0.0130018918
3.2,PlayerB,native,Head,0.521654367,0.07755041,-0.381514966
3.2,PlayerB,native,Chest,0.7026652,0.104986191,-0.167125821
3.2,PlayerB,native,LeftHand,0.5772619,0.032143414,-0.604816
3.2,PlayerB,native,RightHand,0.4034933,0.125891209,0.143812656
3.2,PlayerB,native,LeftFoot,1.28208542,0.321195483,0.280582458
3.2,PlayerB,native,RightFoot,0.964679241,0.117793739,0.711968243
3.2,PlayerB,fighter,AnimatorRoot,0.850000262,0,-2.026558E-07
3.2,PlayerB,fighter,Hips,0.8353843,0.11148601,-0.0130018955
3.2,PlayerB,fighter,Head,0.383761555,0.0810675,-0.56684047
3.2,PlayerB,fighter,Chest,0.651984155,0.113393791,-0.23101154
3.2,PlayerB,fighter,LeftHand,0.5772619,0.032143455,-0.604816
3.2,PlayerB,fighter,RightHand,0.4034933,0.1258911,0.1438128
3.2,PlayerB,fighter,LeftFoot,1.28208554,0.321195334,0.280582428
3.2,PlayerB,fighter,RightFoot,0.9646791,0.117793709,0.7119681
3.2166667,PlayerA,actor,Root,-0.85,0,0
3.2166667,PlayerA,driver,Root,-0.552993953,0.00111498346,0.461112142
3.2166667,PlayerA,native,AnimatorRoot,-0.552993953,0.00111498346,0.461112142
3.2166667,PlayerA,native,Hips,-0.5965302,0.767681956,0.451315939
3.2166667,PlayerA,native,Head,-0.5370637,1.28497648,0.4894921
3.2166667,PlayerA,native,Chest,-0.584614635,0.9865009,0.458194584
3.2166667,PlayerA,native,LeftHand,-0.438854247,0.7998872,0.5238496
3.2166667,PlayerA,native,RightHand,-0.4036544,0.861119449,0.358581632
3.2166667,PlayerA,native,LeftFoot,-0.3798214,0.119027659,0.8756565
3.2166667,PlayerA,native,RightFoot,-0.741645157,0.119350038,0.0493814051
3.2166667,PlayerA,fighter,AnimatorRoot,-0.85,0,0
3.2166667,PlayerA,fighter,Hips,-0.5965301,0.767682,0.4513161
3.2166667,PlayerA,fighter,Head,-0.5356758,1.25066614,0.495800972
3.2166667,PlayerA,fighter,Chest,-0.5943792,0.970809758,0.460804522
3.2166667,PlayerA,fighter,LeftHand,-0.43961376,0.8001963,0.524599969
3.2166667,PlayerA,fighter,RightHand,-0.4048336,0.86463815,0.356857032
3.2166667,PlayerA,fighter,LeftFoot,-0.379821479,0.119027518,0.8756563
3.2166667,PlayerA,fighter,RightFoot,-0.7416452,0.119350009,0.0493813455
3.2166667,PlayerB,actor,Root,0.850000262,0,-2.026558E-07
3.2166667,PlayerB,driver,Root,0.7694047,-0.6909465,-0.07405284
3.2166667,PlayerB,native,AnimatorRoot,0.7694047,-0.6909465,-0.07405284
3.2166667,PlayerB,native,Hips,0.835296333,0.111468136,-0.0131305112
3.2166667,PlayerB,native,Head,0.52087,0.07923305,-0.3812428
3.2166667,PlayerB,native,Chest,0.7024411,0.105335295,-0.167161137
3.2166667,PlayerB,native,LeftHand,0.5780447,0.0324344635,-0.6016281
3.2166667,PlayerB,native,RightHand,0.414131284,0.110824406,0.147614121
3.2166667,PlayerB,native,LeftFoot,1.32973528,0.300676346,0.29170543
3.2166667,PlayerB,native,RightFoot,0.9633698,0.111685395,0.713724434
3.2166667,PlayerB,fighter,AnimatorRoot,0.850000262,0,-2.026558E-07
3.2166667,PlayerB,fighter,Hips,0.835296333,0.111468129,-0.013130514
3.2166667,PlayerB,fighter,Head,0.382628679,0.08111494,-0.566319168
3.2166667,PlayerB,fighter,Chest,0.651552737,0.114013508,-0.230854452
3.2166667,PlayerB,fighter,LeftHand,0.5780447,0.03243452,-0.6016281
3.2166667,PlayerB,fighter,RightHand,0.414131165,0.110824257,0.14761433
3.2166667,PlayerB,fighter,LeftFoot,1.32973528,0.300676256,0.29170534
3.2166667,PlayerB,fighter,RightFoot,0.963369668,0.111685358,0.7137243
3.23333335,PlayerA,actor,Root,-0.85,0,0
3.23333335,PlayerA,driver,Root,-0.5506044,0.0002963991,0.459525347
3.23333335,PlayerA,native,AnimatorRoot,-0.5506044,0.0002963991,0.459525347
3.23333335,PlayerA,native,Hips,-0.5935229,0.7671575,0.449633062
3.23333335,PlayerA,native,Head,-0.5377836,1.28517723,0.485772967
3.23333335,PlayerA,native,Chest,-0.582701862,0.986048341,0.456874251
3.23333335,PlayerA,native,LeftHand,-0.432663739,0.777998745,0.497102141
3.23333335,PlayerA,native,RightHand,-0.3747359,0.858397543,0.4012879
3.23333335,PlayerA,native,LeftFoot,-0.379771948,0.1189453,0.8756604
3.23333335,PlayerA,native,RightFoot,-0.741588,0.119264036,0.0493579656
3.23333335,PlayerA,fighter,AnimatorRoot,-0.85,0,0
3.23333335,PlayerA,fighter,Hips,-0.5935228,0.7671575,0.4496332
3.23333335,PlayerA,fighter,Head,-0.5368483,1.2512244,0.491195232
3.23333335,PlayerA,fighter,Chest,-0.5925632,0.9703348,0.4587769
3.23333335,PlayerA,fighter,LeftHand,-0.433392376,0.7783132,0.49791494
3.23333335,PlayerA,fighter,RightHand,-0.375958532,0.8616853,0.39918074
3.23333335,PlayerA,fighter,LeftFoot,-0.379771918,0.118945315,0.875660658
3.23333335,PlayerA,fighter,RightFoot,-0.741588056,0.119263887,0.0493580326
3.23333335,PlayerB,actor,Root,0.850000262,0,-2.026558E-07
3.23333335,PlayerB,driver,Root,0.771421552,-0.6911165,-0.07363016
3.23333335,PlayerB,native,AnimatorRoot,0.771421552,-0.6911165,-0.07363016
3.23333335,PlayerB,native,Hips,0.835314631,0.111486077,-0.013095784
3.23333335,PlayerB,native,Head,0.520587146,0.08337051,-0.381395042
3.23333335,PlayerB,native,Chest,0.702406764,0.106058121,-0.167135209
3.23333335,PlayerB,native,LeftHand,0.5799097,0.0330760479,-0.5979523
3.23333335,PlayerB,native,RightHand,0.4247933,0.0957495,0.150267988
3.23333335,PlayerB,native,LeftFoot,1.378462,0.272713065,0.297931075
3.23333335,PlayerB,native,RightFoot,0.96204257,0.105557978,0.7155299
3.23333335,PlayerB,fighter,AnimatorRoot,0.850000262,0,-2.026558E-07
3.23333335,PlayerB,fighter,Hips,0.835314631,0.11148607,-0.0130957868
3.23333335,PlayerB,fighter,Head,0.3822638,0.08468911,-0.5664169
3.23333335,PlayerB,fighter,Chest,0.651383042,0.115325525,-0.230675012
3.23333335,PlayerB,fighter,LeftHand,0.579909563,0.033076033,-0.5979523
3.23333335,PlayerB,fighter,RightHand,0.424793422,0.0957494453,0.150268227
3.23333335,PlayerB,fighter,LeftFoot,1.378462,0.272713065,0.2979311
3.23333335,PlayerB,fighter,RightFoot,0.9620426,0.10555803,0.7155299
3.25,PlayerA,actor,Root,-0.85,0,0
3.25,PlayerA,driver,Root,-0.5484173,-7.419591E-05,0.459088653
3.25,PlayerA,native,AnimatorRoot,-0.5484173,-7.419591E-05,0.459088653
3.25,PlayerA,native,Hips,-0.5908092,0.766743541,0.4481115
3.25,PlayerA,native,Head,-0.5381701,1.28534567,0.482282251
3.25,PlayerA,native,Chest,-0.5809634,0.985690653,0.455660075
3.25,PlayerA,native,LeftHand,-0.423280835,0.7700686,0.5040628
3.25,PlayerA,native,RightHand,-0.3477701,0.8564157,0.4410761
3.25,PlayerA,native,LeftFoot,-0.379769385,0.118920349,0.875675142
3.25,PlayerA,native,RightFoot,-0.741581,0.11923746,0.0493855774
3.25,PlayerA,fighter,AnimatorRoot,-0.85,0,0
3.25,PlayerA,fighter,Hips,-0.590809166,0.7667436,0.448111653
3.25,PlayerA,fighter,Head,-0.537587643,1.25168979,0.4868742
3.25,PlayerA,fighter,Chest,-0.5908725,0.9699572,0.456911355
3.25,PlayerA,fighter,LeftHand,-0.423962861,0.770153046,0.505076766
3.25,PlayerA,fighter,RightHand,-0.3490321,0.8594491,0.4386369
3.25,PlayerA,fighter,LeftFoot,-0.379769355,0.118920617,0.8756752
3.25,PlayerA,fighter,RightFoot,-0.741580963,0.11923752,0.04938563
3.25,PlayerB,actor,Root,0.850000262,0,-2.026558E-07
3.25,PlayerB,driver,Root,0.773449242,-0.691029131,-0.0734358653
3.25,PlayerB,native,AnimatorRoot,0.773449242,-0.691029131,-0.0734358653
3.25,PlayerB,native,Hips,0.8353801,0.111476183,-0.0129962256
3.25,PlayerB,native,Head,0.5206171,0.08913517,-0.3817899
3.25,PlayerB,native,Chest,0.702475846,0.106980085,-0.167105556
3.25,PlayerB,native,LeftHand,0.58249867,0.03384739,-0.5941449
3.25,PlayerB,native,RightHand,0.4351129,0.08114827,0.152259886
3.25,PlayerB,native,LeftFoot,1.424272,0.23822695,0.298064649
3.25,PlayerB,native,RightFoot,0.9607234,0.099521935,0.7172782
3.25,PlayerB,fighter,AnimatorRoot,0.850000262,0,-2.026558E-07
3.25,PlayerB,fighter,Hips,0.8353801,0.111476168,-0.0129962284
3.25,PlayerB,fighter,Head,0.382381767,0.09067545,-0.566898644
3.25,PlayerB,fighter,Chest,0.6513672,0.117051318,-0.230515
3.25,PlayerB,fighter,LeftHand,0.5824987,0.0338474028,-0.594144762
3.25,PlayerB,fighter,RightHand,0.4351129,0.08114824,0.1522601
3.25,PlayerB,fighter,LeftFoot,1.42427182,0.23822695,0.298064679
3.25,PlayerB,fighter,RightFoot,0.9607236,0.09952197,0.717278361
3.26666665,PlayerA,actor,Root,-0.85,0,0
3.26666665,PlayerA,driver,Root,-0.5465082,-0.000190520441,0.459179372
3.26666665,PlayerA,native,AnimatorRoot,-0.5465082,-0.000190520441,0.459179372
3.26666665,PlayerA,native,Hips,-0.58843255,0.7664309,0.446688861
3.26666665,PlayerA,native,Head,-0.5383214,1.28548717,0.479084522
3.26666665,PlayerA,native,Chest,-0.579440534,0.9854205,0.454501569
3.26666665,PlayerA,native,LeftHand,-0.411914319,0.7670847,0.5249227
3.26666665,PlayerA,native,RightHand,-0.3248722,0.855482936,0.476668715
3.26666665,PlayerA,native,LeftFoot,-0.3797716,0.118944779,0.8756608
3.26666665,PlayerA,native,RightFoot,-0.7415874,0.11926423,0.0493579656
3.26666665,PlayerA,fighter,AnimatorRoot,-0.85,0,0
3.26666665,PlayerA,fighter,Hips,-0.5884325,0.7664309,0.446689
3.26666665,PlayerA,fighter,Head,-0.538001955,1.25207138,0.482926726
3.26666665,PlayerA,fighter,Chest,-0.5893601,0.9696695,0.455175251
3.26666665,PlayerA,fighter,LeftHand,-0.41251874,0.7668385,0.526120365
3.26666665,PlayerA,fighter,RightHand,-0.326165259,0.8582636,0.4739592
3.26666665,PlayerA,fighter,LeftFoot,-0.3797716,0.118944645,0.8756609
3.26666665,PlayerA,fighter,RightFoot,-0.74158746,0.11926432,0.0493581
3.26666665,PlayerB,actor,Root,0.850000262,0,-2.026558E-07
3.26666665,PlayerB,driver,Root,0.77535826,-0.690772831,-0.0734090954
3.26666665,PlayerB,native,AnimatorRoot,0.77535826,-0.690772831,-0.0734090954
3.26666665,PlayerB,native,Hips,0.835523248,0.111486018,-0.0128143756
3.26666665,PlayerB,native,Head,0.520917952,0.0957906246,-0.3821981
3.26666665,PlayerB,native,Chest,0.7026619,0.108034253,-0.167024612
3.26666665,PlayerB,native,LeftHand,0.585306764,0.0348593,-0.590093553
3.26666665,PlayerB,native,RightHand,0.444801927,0.0674001,0.153642058
3.26666665,PlayerB,native,LeftFoot,1.46399426,0.199713588,0.2920602
3.26666665,PlayerB,native,RightFoot,0.95951,0.0938037038,0.718952656
3.26666665,PlayerB,fighter,AnimatorRoot,0.850000262,0,-2.026558E-07
3.26666665,PlayerB,fighter,Hips,0.835523248,0.11148601,-0.0128143774
3.26666665,PlayerB,fighter,Head,0.3828831,0.0980481,-0.567492068
3.26666665,PlayerB,fighter,Chest,0.6515047,0.119017981,-0.230318591
3.26666665,PlayerB,fighter,LeftHand,0.585307,0.0348593071,-0.590093553
3.26666665,PlayerB,fighter,RightHand,0.444801927,0.06740001,0.153642058
3.26666665,PlayerB,fighter,LeftFoot,1.46399438,0.199713558,0.292060256
3.26666665,PlayerB,fighter,RightFoot,0.95951,0.0938036442,0.718952656
3.2833333,PlayerA,actor,Root,-0.85,0,0
3.2833333,PlayerA,driver,Root,-0.5450668,-0.000140633769,0.459446073
3.2833333,PlayerA,native,AnimatorRoot,-0.5450668,-0.000140633769,0.459446073
3.2833333,PlayerA,native,Hips,-0.586525738,0.7662144,0.4453895
3.2833333,PlayerA,native,Head,-0.5384182,1.28560531,0.476395577
3.2833333,PlayerA,native,Chest,-0.5782573,0.9852339,0.453449935
3.2833333,PlayerA,native,LeftHand,-0.402388752,0.767553449,0.5451004
3.2833333,PlayerA,native,RightHand,-0.3068267,0.8534684,0.5039894
3.2833333,PlayerA,native,LeftFoot,-0.379793465,0.118975423,0.8756445
3.2833333,PlayerA,native,RightFoot,-0.741588,0.11928726,0.04932618
3.2833333,PlayerA,fighter,AnimatorRoot,-0.85,0,0
3.2833333,PlayerA,fighter,Hips,-0.5865257,0.7662144,0.445389658
3.2833333,PlayerA,fighter,Head,-0.53828007,1.25237215,0.4796152
3.2833333,PlayerA,fighter,Chest,-0.5881624,0.969467342,0.4536469
3.2833333,PlayerA,fighter,LeftHand,-0.402875036,0.767007053,0.5464122
3.2833333,PlayerA,fighter,RightHand,-0.308132231,0.8560471,0.501092553
3.2833333,PlayerA,fighter,LeftFoot,-0.379793584,0.118975259,0.8756444
3.2833333,PlayerA,fighter,RightFoot,-0.741587937,0.119287394,0.04932616
3.2833333,PlayerB,actor,Root,0.850000262,0,-2.026558E-07
3.2833333,PlayerB,driver,Root,0.776934445,-0.690487146,-0.07352659
3.2833333,PlayerB,native,AnimatorRoot,0.776934445,-0.690487146,-0.07352659
3.2833333,PlayerB,native,Hips,0.8356474,0.111487448,-0.0126199825
3.2833333,PlayerB,native,Head,0.521288455,0.102517426,-0.382511258
3.2833333,PlayerB,native,Chest,0.702847362,0.109077692,-0.166933656
3.2833333,PlayerB,native,LeftHand,0.5881841,0.0358341932,-0.586427867
3.2833333,PlayerB,native,RightHand,0.453498781,0.0549079776,0.154860854
3.2833333,PlayerB,native,LeftFoot,1.49546325,0.160391033,0.281138
3.2833333,PlayerB,native,RightFoot,0.9583572,0.08856028,0.720485032
3.2833333,PlayerB,fighter,AnimatorRoot,0.850000262,0,-2.026558E-07
3.2833333,PlayerB,fighter,Hips,0.8356474,0.111487433,-0.0126199853
3.2833333,PlayerB,fighter,Head,0.383486331,0.10569872,-0.56802243
3.2833333,PlayerB,fighter,Chest,0.6516603,0.120977789,-0.230119243
3.2833333,PlayerB,fighter,LeftHand,0.588184357,0.035834305,-0.586427867
3.2833333,PlayerB,fighter,RightHand,0.45349896,0.0549079739,0.154860944
3.2833333,PlayerB,fighter,LeftFoot,1.49546313,0.160390958,0.281137854
3.2833333,PlayerB,fighter,RightFoot,0.958357155,0.08856029,0.720485
3.3,PlayerA,actor,Root,-0.85,0,0
3.3,PlayerA,driver,Root,-0.5440216,-6.525079E-08,0.459706
3.3,PlayerA,native,AnimatorRoot,-0.5440216,-6.525079E-08,0.459706
3.3,PlayerA,native,Hips,-0.584966242,0.766021,0.444304883
3.3,PlayerA,native,Head,-0.538411736,1.28565431,0.474257678
3.3,PlayerA,native,Chest,-0.577291131,0.985060751,0.4525876
3.3,PlayerA,native,LeftHand,-0.395445943,0.7695204,0.562393963
3.3,PlayerA,native,RightHand,-0.294953823,0.8537333,0.5218987
3.3,PlayerA,native,LeftFoot,-0.379771829,0.118945017,0.875661731
3.3,PlayerA,native,RightFoot,-0.741587,0.119263977,0.0493585765
3.3,PlayerA,fighter,AnimatorRoot,-0.85,0,0
3.3,PlayerA,fighter,Hips,-0.5849662,0.766021,0.444305032
3.3,PlayerA,fighter,Head,-0.5383962,1.252559,0.4769771
3.3,PlayerA,fighter,Chest,-0.5871687,0.9692814,0.452402264
3.3,PlayerA,fighter,LeftHand,-0.395795017,0.7687569,0.5637697
3.3,PlayerA,fighter,RightHand,-0.2962728,0.8561574,0.518877268
3.3,PlayerA,fighter,LeftFoot,-0.3797719,0.11894498,0.875661552
3.3,PlayerA,fighter,RightFoot,-0.741587,0.11926394,0.0493586659
3.3,PlayerB,actor,Root,0.850000262,0,-2.026558E-07
3.3,PlayerB,driver,Root,0.7781689,-0.690273762,-0.07372721
3.3,PlayerB,native,AnimatorRoot,0.7781689,-0.690273762,-0.07372721
3.3,PlayerB,native,Hips,0.8358013,0.111486077,-0.0124390675
3.3,PlayerB,native,Head,0.5216938,0.108518541,-0.382671
3.3,PlayerB,native,Chest,0.703062236,0.11000073,-0.166838452
3.3,PlayerB,native,LeftHand,0.59063673,0.0367910862,-0.582998455
3.3,PlayerB,native,RightHand,0.460997224,0.044064045,0.155885637
3.3,PlayerB,native,LeftFoot,1.51808167,0.123732984,0.2675953
3.3,PlayerB,native,RightFoot,0.957392335,0.0839743,0.7218137
3.3,PlayerB,fighter,AnimatorRoot,0.850000262,0,-2.026558E-07
3.3,PlayerB,fighter,Hips,0.8358013,0.11148607,-0.01243907
3.3,PlayerB,fighter,Head,0.384099334,0.112536557,-0.5683779
3.3,PlayerB,fighter,Chest,0.651850462,0.122715265,-0.2299219
3.3,PlayerB,fighter,LeftHand,0.5906367,0.03679115,-0.582998335
3.3,PlayerB,fighter,RightHand,0.460997283,0.0440639444,0.155885756
3.3,PlayerB,fighter,LeftFoot,1.51808167,0.123733044,0.2675953
3.3,PlayerB,fighter,RightFoot,0.957392335,0.08397436,0.7218136
3.3166666,PlayerA,actor,Root,-0.85,0,0
3.3166666,PlayerA,driver,Root,-0.543432653,0.000130479311,0.459571
3.3166666,PlayerA,native,AnimatorRoot,-0.543432653,0.000130479311,0.459571
3.3166666,PlayerA,native,Hips,-0.583846331,0.765915453,0.443400562
3.3166666,PlayerA,native,Head,-0.538448,1.28571486,0.472657382
3.3166666,PlayerA,native,Chest,-0.5766306,0.984967947,0.4518735
3.3166666,PlayerA,native,LeftHand,-0.392971218,0.7694725,0.56708777
3.3166666,PlayerA,native,RightHand,-0.2898159,0.855324,0.5314376
3.3166666,PlayerA,native,LeftFoot,-0.3797461,0.118941061,0.875666261
3.3166666,PlayerA,native,RightFoot,-0.741561234,0.119259208,0.04935102
3.3166666,PlayerA,fighter,AnimatorRoot,-0.85,0,0
3.3166666,PlayerA,fighter,Hips,-0.5838462,0.765915453,0.4434007
3.3166666,PlayerA,fighter,Head,-0.5385051,1.25271451,0.475014031
3.3166666,PlayerA,fighter,Chest,-0.586477935,0.96917814,0.451410055
3.3166666,PlayerA,fighter,LeftHand,-0.393276066,0.7686421,0.5684769
3.3166666,PlayerA,fighter,RightHand,-0.291129231,0.8576585,0.528343737
3.3166666,PlayerA,fighter,LeftFoot,-0.379746169,0.118941166,0.875666142
3.3166666,PlayerA,fighter,RightFoot,-0.7415613,0.119259261,0.0493510738
3.3166666,PlayerB,actor,Root,0.850000262,0,-2.026558E-07
3.3166666,PlayerB,driver,Root,0.778951466,-0.6903756,-0.0739770159
3.3166666,PlayerB,native,AnimatorRoot,0.778951466,-0.6903756,-0.0739770159
3.3166666,PlayerB,native,Hips,0.835884035,0.111488521,-0.0123156635
3.3166666,PlayerB,native,Head,0.5218652,0.112590969,-0.382635027
3.3166666,PlayerB,native,Chest,0.7031747,0.110635281,-0.166756749
3.3166666,PlayerB,native,LeftHand,0.59230113,0.0374923944,-0.580354869
3.3166666,PlayerB,native,RightHand,0.4671659,0.03477192,0.157234967
3.3166666,PlayerB,native,LeftFoot,1.53287232,0.09285611,0.253507853
3.3166666,PlayerB,native,RightFoot,0.956562042,0.08013171,0.722942
3.3166666,PlayerB,fighter,AnimatorRoot,0.850000262,0,-2.026558E-07
3.3166666,PlayerB,fighter,Hips,0.835884035,0.111488514,-0.0123156663
3.3166666,PlayerB,fighter,Head,0.384349227,0.116916187,-0.568423331
3.3166666,PlayerB,fighter,Chest,0.6519195,0.1239037,-0.229744092
3.3166666,PlayerB,fighter,LeftHand,0.592301,0.0374923237,-0.580354869
3.3166666,PlayerB,fighter,RightHand,0.467165947,0.03477181,0.157235
3.3166666,PlayerB,fighter,LeftFoot,1.5328722,0.0928560644,0.253507733
3.3166666,PlayerB,fighter,RightFoot,0.9565621,0.08013172,0.722942233
3.32069,PlayerA,actor,Root,-0.85,0,0
3.32069,PlayerA,driver,Root,-0.5433438,0.000162532669,0.459507525
3.32069,PlayerA,native,AnimatorRoot,-0.5433438,0.000162532669,0.459507525
3.32069,PlayerA,native,Hips,-0.5836434,0.7659074,0.443209231
3.32069,PlayerA,native,Head,-0.538469553,1.28573716,0.4723463
3.32069,PlayerA,native,Chest,-0.5765187,0.9849621,0.451724172
3.32069,PlayerA,native,LeftHand,-0.392759383,0.769312143,0.567110062
3.32069,PlayerA,native,RightHand,-0.288956761,0.8557757,0.532728
3.32069,PlayerA,native,LeftFoot,-0.379754484,0.118945181,0.8756617
3.32069,PlayerA,native,RightFoot,-0.7415677,0.119262837,0.0493530929
3.32069,PlayerA,fighter,AnimatorRoot,-0.85,0,0
3.32069,PlayerA,fighter,Hips,-0.5836433,0.7659074,0.44320938
3.32069,PlayerA,fighter,Head,-0.5385395,1.25275493,0.4746344
3.32069,PlayerA,fighter,Chest,-0.5863591,0.9691701,0.45120734
3.32069,PlayerA,fighter,LeftHand,-0.393063456,0.768478632,0.5684993
3.32069,PlayerA,fighter,RightHand,-0.290269256,0.8580953,0.5296226
3.32069,PlayerA,fighter,LeftFoot,-0.379754484,0.118944936,0.875661552
3.32069,PlayerA,fighter,RightFoot,-0.7415676,0.119262986,0.04935319
3.32069,PlayerB,actor,Root,0.850000262,0,-2.026558E-07
3.32069,PlayerB,driver,Root,0.7790816,-0.6904222,-0.07403891
3.32069,PlayerB,native,AnimatorRoot,0.7790816,-0.6904222,-0.07403891
3.32069,PlayerB,native,Hips,0.835894,0.111486554,-0.0122975027
3.32069,PlayerB,native,Head,0.5218793,0.113341987,-0.382616132
3.32069,PlayerB,native,Chest,0.703188658,0.110750735,-0.166744441
3.32069,PlayerB,native,LeftHand,0.5926255,0.037620008,-0.5798494
3.32069,PlayerB,native,RightHand,0.468409479,0.03286475,0.157563329
3.32069,PlayerB,native,LeftFoot,1.53541756,0.08650184,0.2503817
3.32069,PlayerB,native,RightFoot,0.9563855,0.0793423653,0.72317034
3.32069,PlayerB,fighter,AnimatorRoot,0.850000262,0,-2.026558E-07
3.32069,PlayerB,fighter,Hips,0.835894,0.111486547,-0.0122975046
3.32069,PlayerB,fighter,Head,0.3843656,0.117683642,-0.568409741
3.32069,PlayerB,fighter,Chest,0.6519214,0.124122106,-0.2297102
3.32069,PlayerB,fighter,LeftHand,0.5926255,0.0376200229,-0.579849541
3.32069,PlayerB,fighter,RightHand,0.468409657,0.0328646526,0.157563567
3.32069,PlayerB,fighter,LeftFoot,1.53541791,0.08650184,0.250381827
3.32069,PlayerB,fighter,RightFoot,0.9563857,0.07934238,0.7231704
3.33333325,PlayerA,actor,Root,-0.85,0,0
3.33333325,PlayerA,driver,Root,-0.5430957,0.000238469976,0.45930618
3.33333325,PlayerA,native,AnimatorRoot,-0.5430957,0.000238469976,0.45930618
3.33333325,PlayerA,native,Hips,-0.583088934,0.7658695,0.4427001
3.33333325,PlayerA,native,Head,-0.538518667,1.28578019,0.471506238
3.33333325,PlayerA,native,Chest,-0.5762122,0.9849296,0.4513272
3.33333325,PlayerA,native,LeftHand,-0.392144948,0.7688986,0.567299843
3.33333325,PlayerA,native,RightHand,-0.286495268,0.857724667,0.5358782
3.33333325,PlayerA,native,LeftFoot,-0.379771054,0.118944652,0.875662148
3.33333325,PlayerA,native,RightFoot,-0.741586745,0.119263828,0.0493593365
3.33333325,PlayerA,fighter,AnimatorRoot,-0.85,0,0
3.33333325,PlayerA,fighter,Hips,-0.5830889,0.765869558,0.442700237
3.33333325,PlayerA,fighter,Head,-0.5386212,1.25284612,0.473606557
3.33333325,PlayerA,fighter,Chest,-0.58603245,0.9691321,0.450665236
3.33333325,PlayerA,fighter,LeftHand,-0.392446041,0.7680549,0.568689644
3.33333325,PlayerA,fighter,RightHand,-0.287815571,0.8599982,0.532742441
3.33333325,PlayerA,fighter,LeftFoot,-0.379770964,0.118944786,0.8756621
3.33333325,PlayerA,fighter,RightFoot,-0.741586745,0.119263887,0.04935936
3.33333325,PlayerB,actor,Root,0.850000262,0,-2.026558E-07
3.33333325,PlayerB,driver,Root,0.779372334,-0.690508068,-0.0741712153
3.33333325,PlayerB,native,AnimatorRoot,0.779372334,-0.690508068,-0.0741712153
3.33333325,PlayerB,native,Hips,0.835940361,0.111486077,-0.01225154
3.33333325,PlayerB,native,Head,0.521901846,0.11513114,-0.382531822
3.33333325,PlayerB,native,Chest,0.7032404,0.111031592,-0.166708142
3.33333325,PlayerB,native,LeftHand,0.593404055,0.0380271673,-0.5784908
3.33333325,PlayerB,native,RightHand,0.4713055,0.0286964774,0.158285856
3.33333325,PlayerB,native,LeftFoot,1.54067421,0.0716303,0.24295795
3.33333325,PlayerB,native,RightFoot,0.955999136,0.0775131,0.7236933
3.33333325,PlayerB,fighter,AnimatorRoot,0.850000262,0,-2.026558E-07
3.33333325,PlayerB,fighter,Hips,0.835940361,0.11148607,-0.0122515429
3.33333325,PlayerB,fighter,Head,0.384368032,0.119379848,-0.56831497
3.33333325,PlayerB,fighter,Chest,0.6519319,0.124648482,-0.229611248
3.33333325,PlayerB,fighter,LeftHand,0.593404055,0.0380271375,-0.5784908
3.33333325,PlayerB,fighter,RightHand,0.47130537,0.0286965109,0.1582861
3.33333325,PlayerB,fighter,LeftFoot,1.54067433,0.0716302842,0.24295792
3.33333325,PlayerB,fighter,RightFoot,0.955999255,0.07751312,0.72369343
3.35,PlayerA,actor,Root,-0.85,0,0
3.35,PlayerA,driver,Root,-0.542807341,0.0002582265,0.459028542
3.35,PlayerA,native,AnimatorRoot,-0.542807341,0.0002582265,0.459028542
3.35,PlayerA,native,Hips,-0.582535744,0.765816152,0.44223547
3.35,PlayerA,native,Head,-0.53852,1.28580213,0.470698059
3.35,PlayerA,native,Chest,-0.575892,0.984881461,0.450960368
3.35,PlayerA,native,LeftHand,-0.391167641,0.768715441,0.568749368
3.35,PlayerA,native,RightHand,-0.28451407,0.859954536,0.53918463
3.35,PlayerA,native,LeftFoot,-0.379767239,0.118938163,0.8756704
3.35,PlayerA,native,RightFoot,-0.7415864,0.119258314,0.0493615419
3.35,PlayerA,fighter,AnimatorRoot,-0.85,0,0
3.35,PlayerA,fighter,Hips,-0.582535744,0.765816152,0.442235619
3.35,PlayerA,fighter,Head,-0.5386531,1.25291288,0.472614765
3.35,PlayerA,fighter,Chest,-0.5856925,0.9690787,0.450158566
3.35,PlayerA,fighter,LeftHand,-0.3914543,0.7678484,0.570142865
3.35,PlayerA,fighter,RightHand,-0.285839379,0.8621808,0.5360172
3.35,PlayerA,fighter,LeftFoot,-0.379767269,0.118938066,0.8756703
3.35,PlayerA,fighter,RightFoot,-0.7415863,0.119258359,0.0493615344
3.35,PlayerB,actor,Root,0.850000262,0,-2.026558E-07
3.35,PlayerB,driver,Root,0.7794088,-0.6903797,-0.07413812
3.35,PlayerB,native,AnimatorRoot,0.7794088,-0.6903797,-0.07413812
3.35,PlayerB,native,Hips,0.835963547,0.111488581,-0.0122372312
3.35,PlayerB,native,Head,0.521774769,0.115868568,-0.382380158
3.35,PlayerB,native,Chest,0.7032473,0.111158848,-0.1666815
3.35,PlayerB,native,LeftHand,0.593740046,0.03855884,-0.577475
3.35,PlayerB,native,RightHand,0.4718486,0.0288507938,0.158485651
3.35,PlayerB,native,LeftFoot,1.5417161,0.06829554,0.241301954
3.35,PlayerB,native,RightFoot,0.9559285,0.0771110654,0.72380656
3.35,PlayerB,fighter,AnimatorRoot,0.850000262,0,-2.026558E-07
3.35,PlayerB,fighter,Hips,0.835963547,0.111488573,-0.012237234
3.35,PlayerB,fighter,Head,0.384117752,0.119562514,-0.568056762
3.35,PlayerB,fighter,Chest,0.6518725,0.124882184,-0.229515985
3.35,PlayerB,fighter,LeftHand,0.5937402,0.03855878,-0.5774749
3.35,PlayerB,fighter,RightHand,0.471848547,0.0288508255,0.1584858
3.35,PlayerB,fighter,LeftFoot,1.541716,0.0682954863,0.241301864
3.35,PlayerB,fighter,RightFoot,0.9559285,0.07711107,0.7238065
3.36666656,PlayerA,actor,Root,-0.85,0,0
3.36666656,PlayerA,driver,Root,-0.542627,0.0002483774,0.458792418
3.36666656,PlayerA,native,AnimatorRoot,-0.542627,0.0002483774,0.458792418
3.36666656,PlayerA,native,Hips,-0.5822077,0.765798151,0.441946954
3.36666656,PlayerA,native,Head,-0.538514137,1.2858274,0.470203251
3.36666656,PlayerA,native,Chest,-0.5757019,0.9848662,0.450730324
3.36666656,PlayerA,native,LeftHand,-0.390573621,0.768607855,0.569600642
3.36666656,PlayerA,native,RightHand,-0.283697128,0.8610596,0.541213
3.36666656,PlayerA,native,LeftFoot,-0.3797704,0.118944943,0.8756627
3.36666656,PlayerA,native,RightFoot,-0.7415866,0.1192639,0.0493598729
3.36666656,PlayerA,fighter,AnimatorRoot,-0.85,0,0
3.36666656,PlayerA,fighter,Hips,-0.5822076,0.765798151,0.4419471
3.36666656,PlayerA,fighter,Head,-0.5386648,1.25296485,0.472009867
3.36666656,PlayerA,fighter,Chest,-0.58548975,0.96906054,0.449844629
3.36666656,PlayerA,fighter,LeftHand,-0.3908511,0.7677273,0.5709957
3.36666656,PlayerA,fighter,RightHand,-0.2850169,0.8632609,0.538026154
3.36666656,PlayerA,fighter,LeftFoot,-0.3797705,0.1189447,0.8756627
3.36666656,PlayerA,fighter,RightFoot,-0.7415867,0.119263887,0.0493598878
3.36666656,PlayerB,actor,Root,0.850000262,0,-2.026558E-07
3.36666656,PlayerB,driver,Root,0.7792898,-0.690253258,-0.07404418
3.36666656,PlayerB,native,AnimatorRoot,0.7792898,-0.690253258,-0.07404418
3.36666656,PlayerB,native,Hips,0.835940361,0.111486018,-0.0122516034
3.36666656,PlayerB,native,Head,0.5215766,0.115652382,-0.382250279
3.36666656,PlayerB,native,Chest,0.703202665,0.111132741,-0.16667679
3.36666656,PlayerB,native,LeftHand,0.593767047,0.0389444828,-0.577021062
3.36666656,PlayerB,native,RightHand,0.4710216,0.0309749842,0.158433676
3.36666656,PlayerB,native,LeftFoot,1.54067469,0.0716292858,0.242956579
3.36666656,PlayerB,native,RightFoot,0.9560003,0.07751334,0.723693132
3.36666656,PlayerB,fighter,AnimatorRoot,0.850000262,0,-2.026558E-07
3.36666656,PlayerB,fighter,Hips,0.835940361,0.11148601,-0.0122516071
3.36666656,PlayerB,fighter,Head,0.3837506,0.118606746,-0.5677728
3.36666656,PlayerB,fighter,Chest,0.6517633,0.124834746,-0.229458764
3.36666656,PlayerB,fighter,LeftHand,0.5937671,0.0389444828,-0.577020943
3.36666656,PlayerB,fighter,RightHand,0.471021533,0.0309749972,0.1584337
3.36666656,PlayerB,fighter,LeftFoot,1.54067469,0.07162927,0.242956489
3.36666656,PlayerB,fighter,RightFoot,0.9560003,0.07751332,0.7236932
3.38333344,PlayerA,actor,Root,-0.85,0,0
3.38333344,PlayerA,driver,Root,-0.5425525,0.0002499509,0.458711118
3.38333344,PlayerA,native,AnimatorRoot,-0.5425525,0.0002499509,0.458711118
3.38333344,PlayerA,native,Hips,-0.582068443,0.765786469,0.441828579
3.38333344,PlayerA,native,Head,-0.5385111,1.28583372,0.4699974
3.38333344,PlayerA,native,Chest,-0.575621247,0.984855652,0.450636148
3.38333344,PlayerA,native,LeftHand,-0.390327573,0.768565953,0.5699659
3.38333344,PlayerA,native,RightHand,-0.2832644,0.861585557,0.5420472
3.38333344,PlayerA,native,LeftFoot,-0.3797692,0.118945263,0.8756639
3.38333344,PlayerA,native,RightFoot,-0.7415873,0.119264819,0.0493584275
3.38333344,PlayerA,fighter,AnimatorRoot,-0.85,0,0
3.38333344,PlayerA,fighter,Hips,-0.5820684,0.765786469,0.441828728
3.38333344,PlayerA,fighter,Head,-0.538668752,1.25298238,0.471757382
3.38333344,PlayerA,fighter,Chest,-0.58540374,0.9690488,0.449715257
3.38333344,PlayerA,fighter,LeftHand,-0.390601337,0.7676794,0.5713619
3.38333344,PlayerA,fighter,RightHand,-0.284584522,0.8637754,0.5388519
3.38333344,PlayerA,fighter,LeftFoot,-0.3797692,0.118945263,0.875664
3.38333344,PlayerA,fighter,RightFoot,-0.7415871,0.119264983,0.04935845
3.38333344,PlayerB,actor,Root,0.850000262,0,-2.026558E-07
3.38333344,PlayerB,driver,Root,0.779264331,-0.69032377,-0.07401365
3.38333344,PlayerB,native,AnimatorRoot,0.779264331,-0.69032377,-0.07401365
3.38333344,PlayerB,native,Hips,0.8359405,0.111486137,-0.0122516
3.38333344,PlayerB,native,Head,0.5214872,0.115328491,-0.3821795
3.38333344,PlayerB,native,Chest,0.7031971,0.111082852,-0.166671067
3.38333344,PlayerB,native,LeftHand,0.5938561,0.03918618,-0.576636255
3.38333344,PlayerB,native,RightHand,0.470940769,0.0315654874,0.158477783
3.38333344,PlayerB,native,LeftFoot,1.54067457,0.0716292858,0.242957026
3.38333344,PlayerB,native,RightFoot,0.956,0.0775131,0.723693252
3.38333344,PlayerB,fighter,AnimatorRoot,0.850000262,0,-2.026558E-07
3.38333344,PlayerB,fighter,Hips,0.8359405,0.111486129,-0.0122516025
3.38333344,PlayerB,fighter,Head,0.3835234,0.11765895,-0.5675712
3.38333344,PlayerB,fighter,Chest,0.6517104,0.1247467,-0.229417443
3.38333344,PlayerB,fighter,LeftHand,0.5938561,0.0391862355,-0.576636136
3.38333344,PlayerB,fighter,RightHand,0.470940828,0.0315654427,0.158477873
3.38333344,PlayerB,fighter,LeftFoot,1.54067481,0.0716292858,0.242957175
3.38333344,PlayerB,fighter,RightFoot,0.956,0.07751314,0.723693252
3.4,PlayerA,actor,Root,-0.85,0,0
3.4,PlayerA,driver,Root,-0.542564869,0.0002497761,0.458725154
3.4,PlayerA,native,AnimatorRoot,-0.542564869,0.0002497761,0.458725154
3.4,PlayerA,native,Hips,-0.5820924,0.765789,0.441849053
3.4,PlayerA,native,Head,-0.5385107,1.28583288,0.4700332
3.4,PlayerA,native,Chest,-0.575634837,0.9848579,0.4506525
3.4,PlayerA,native,LeftHand,-0.390367121,0.7685702,0.569900751
3.4,PlayerA,native,RightHand,-0.283335626,0.861491442,0.541895032
3.4,PlayerA,native,LeftFoot,-0.379770577,0.118944816,0.8756632
3.4,PlayerA,native,RightFoot,-0.741586149,0.11926388,0.0493599325
3.4,PlayerA,fighter,AnimatorRoot,-0.85,0,0
3.4,PlayerA,fighter,Hips,-0.5820923,0.765789,0.4418492
3.4,PlayerA,fighter,Head,-0.53866744,1.25297964,0.471801549
3.4,PlayerA,fighter,Chest,-0.5854182,0.969051361,0.4497377
3.4,PlayerA,fighter,LeftHand,-0.390641481,0.767684937,0.57129693
3.4,PlayerA,fighter,RightHand,-0.284655452,0.863683045,0.538701355
3.4,PlayerA,fighter,LeftFoot,-0.3797705,0.118944742,0.8756633
3.4,PlayerA,fighter,RightFoot,-0.7415862,0.119263843,0.0493599325
3.4,PlayerB,actor,Root,0.850000262,0,-2.026558E-07
3.4,PlayerB,driver,Root,0.7792492,-0.6905031,-0.0740015
3.4,PlayerB,native,AnimatorRoot,0.7792492,-0.6905031,-0.0740015
3.4,PlayerB,native,Hips,0.8359403,0.111486137,-0.0122516407
3.4,PlayerB,native,Head,0.521440744,0.114682913,-0.382148743
3.4,PlayerB,native,Chest,0.7031988,0.110977292,-0.166670918
3.4,PlayerB,native,LeftHand,0.593901157,0.0393044353,-0.5764496
3.4,PlayerB,native,RightHand,0.4708985,0.0318586826,0.158504963
3.4,PlayerB,native,LeftFoot,1.54067409,0.07162988,0.24295792
3.4,PlayerB,native,RightFoot,0.9559989,0.07751286,0.723693252
3.4,PlayerB,fighter,AnimatorRoot,0.850000262,0,-2.026558E-07
3.4,PlayerB,fighter,Hips,0.8359403,0.111486129,-0.0122516435
3.4,PlayerB,fighter,Head,0.383341551,0.116403148,-0.5674085
3.4,PlayerB,fighter,Chest,0.651675,0.124558724,-0.229395762
3.4,PlayerB,fighter,LeftHand,0.5939009,0.0393044539,-0.5764496
3.4,PlayerB,fighter,RightHand,0.470898569,0.031858664,0.158505112
3.4,PlayerB,fighter,LeftFoot,1.54067421,0.07162991,0.242957979
3.4,PlayerB,fighter,RightFoot,0.9559988,0.0775127858,0.7236931
3.41666675,PlayerA,actor,Root,-0.85,0,0
3.41666675,PlayerA,driver,Root,-0.542649865,0.000248260825,0.4588187
3.41666675,PlayerA,native,AnimatorRoot,-0.542649865,0.000248260825,0.4588187
3.41666675,PlayerA,native,Hips,-0.582250237,0.7658014,0.441984445
3.41666675,PlayerA,native,Head,-0.538514853,1.28582513,0.470267862
3.41666675,PlayerA,native,Chest,-0.5757264,0.9848691,0.450760275
3.41666675,PlayerA,native,LeftHand,-0.390650362,0.7686224,0.569488764
3.41666675,PlayerA,native,RightHand,-0.283832371,0.86089766,0.5409579
3.41666675,PlayerA,native,LeftFoot,-0.3797701,0.118944496,0.8756631
3.41666675,PlayerA,native,RightFoot,-0.741585732,0.119264,0.0493600368
3.41666675,PlayerA,fighter,AnimatorRoot,-0.85,0,0
3.41666675,PlayerA,fighter,Hips,-0.5822502,0.7658014,0.4419846
3.41666675,PlayerA,fighter,Head,-0.5386636,1.25295913,0.472088933
3.41666675,PlayerA,fighter,Chest,-0.585516036,0.969063938,0.449885547
3.41666675,PlayerA,fighter,LeftHand,-0.390929133,0.767743766,0.570884
3.41666675,PlayerA,fighter,RightHand,-0.2851525,0.863102734,0.5377734
3.41666675,PlayerA,fighter,LeftFoot,-0.37977013,0.118944407,0.875663042
3.41666675,PlayerA,fighter,RightFoot,-0.7415857,0.119263984,0.0493601039
3.41666675,PlayerB,actor,Root,0.850000262,0,-2.026558E-07
3.41666675,PlayerB,driver,Root,0.779244363,-0.6907739,-0.07400524
3.41666675,PlayerB,native,AnimatorRoot,0.779244363,-0.6907739,-0.07400524
3.41666675,PlayerB,native,Hips,0.8359404,0.111486077,-0.0122516891
3.41666675,PlayerB,native,Head,0.521433532,0.113767326,-0.382151842
3.41666675,PlayerB,native,Chest,0.703207135,0.110825241,-0.166675419
3.41666675,PlayerB,native,LeftHand,0.593907356,0.0393207669,-0.576423347
3.41666675,PlayerB,native,RightHand,0.470893323,0.0318971276,0.158507049
3.41666675,PlayerB,native,LeftFoot,1.54067433,0.07163018,0.2429578
3.41666675,PlayerB,native,RightFoot,0.955999136,0.07751328,0.7236933
3.41666675,PlayerB,fighter,AnimatorRoot,0.850000262,0,-2.026558E-07
3.41666675,PlayerB,fighter,Hips,0.8359404,0.11148607,-0.0122516919
3.41666675,PlayerB,fighter,Head,0.383204222,0.114889562,-0.567281067
3.41666675,PlayerB,fighter,Chest,0.65165484,0.12428689,-0.229390353
3.41666675,PlayerB,fighter,LeftHand,0.5939075,0.0393208,-0.5764232
3.41666675,PlayerB,fighter,RightHand,0.470893443,0.0318971127,0.158507138
3.41666675,PlayerB,fighter,LeftFoot,1.54067421,0.0716302,0.242957741
3.41666675,PlayerB,fighter,RightFoot,0.955999255,0.07751332,0.7236935
3.4333334,PlayerA,actor,Root,-0.85,0,0
3.4333334,PlayerA,driver,Root,-0.542790651,0.000245405157,0.458973616
3.4333334,PlayerA,native,AnimatorRoot,-0.542790651,0.000245405157,0.458973616
3.4333334,PlayerA,native,Hips,-0.5825136,0.765823,0.44221
3.4333334,PlayerA,native,Head,-0.538519144,1.285812,0.470658034
3.4333334,PlayerA,native,Chest,-0.575879,0.984888434,0.450939268
3.4333334,PlayerA,native,LeftHand,-0.3911209,0.7687093,0.5688011
3.4333334,PlayerA,native,RightHand,-0.2846632,0.859904468,0.5393794
3.4333334,PlayerA,native,LeftFoot,-0.379769564,0.118945234,0.875663757
3.4333334,PlayerA,native,RightFoot,-0.7415856,0.119263969,0.0493607521
3.4333334,PlayerA,fighter,AnimatorRoot,-0.85,0,0
3.4333334,PlayerA,fighter,Hips,-0.5825135,0.765823,0.442210138
3.4333334,PlayerA,fighter,Head,-0.5386537,1.2529248,0.472567081
3.4333334,PlayerA,fighter,Chest,-0.5856786,0.969085634,0.450131446
3.4333334,PlayerA,fighter,LeftHand,-0.391406566,0.7678413,0.5701945
3.4333334,PlayerA,fighter,RightHand,-0.285983324,0.86213094,0.536210239
3.4333334,PlayerA,fighter,LeftFoot,-0.379769653,0.118945263,0.875663638
3.4333334,PlayerA,fighter,RightFoot,-0.7415857,0.119264029,0.0493607745
3.4333334,PlayerB,actor,Root,0.850000262,0,-2.026558E-07
3.4333334,PlayerB,driver,Root,0.7792481,-0.691119,-0.07402145
3.4333334,PlayerB,native,AnimatorRoot,0.7792481,-0.691119,-0.07402145
3.4333334,PlayerB,native,Hips,0.835940242,0.1114862,-0.0122516965
3.4333334,PlayerB,native,Head,0.5214596,0.112632334,-0.382181317
3.4333334,PlayerB,native,Chest,0.703220665,0.110635459,-0.166683555
3.4333334,PlayerB,native,LeftHand,0.593883634,0.0392527,-0.576531
3.4333334,PlayerB,native,RightHand,0.470918417,0.03173232,0.158494413
3.4333334,PlayerB,native,LeftFoot,1.54067445,0.07163,0.242957562
3.4333334,PlayerB,native,RightFoot,0.9559995,0.0775135756,0.7236932
3.4333334,PlayerB,fighter,AnimatorRoot,0.850000262,0,-2.026558E-07
3.4333334,PlayerB,fighter,Hips,0.835940242,0.111486182,-0.0122516993
3.4333334,PlayerB,fighter,Head,0.3831029,0.1131671,-0.567180455
3.4333334,PlayerB,fighter,Chest,0.6516473,0.12394727,-0.229398251
3.4333334,PlayerB,fighter,LeftHand,0.593883634,0.0392526537,-0.5765311
3.4333334,PlayerB,fighter,RightHand,0.470918357,0.0317322947,0.158494651
3.4333334,PlayerB,fighter,LeftFoot,1.54067457,0.0716299638,0.2429575
3.4333334,PlayerB,fighter,RightFoot,0.9559996,0.07751362,0.7236935
3.44367838,PlayerA,actor,Root,-0.85,0,0
3.44367838,PlayerA,driver,Root,-0.542897046,0.000243015733,0.459090829
3.44367838,PlayerA,native,AnimatorRoot,-0.542897046,0.000243015733,0.459090829
3.44367838,PlayerA,native,Hips,-0.58271414,0.7658393,0.44238174
3.44367838,PlayerA,native,Head,-0.53851974,1.28580117,0.470955223
3.44367838,PlayerA,native,Chest,-0.575994968,0.984902859,0.451075524
3.44367838,PlayerA,native,LeftHand,-0.391477525,0.768773735,0.568276048
3.44367838,PlayerA,native,RightHand,-0.285298347,0.859143,0.5381617
3.44367838,PlayerA,native,LeftFoot,-0.37977016,0.118944906,0.8756634
3.44367838,PlayerA,native,RightFoot,-0.741585135,0.119263425,0.0493614525
3.44367838,PlayerA,fighter,AnimatorRoot,-0.85,0,0
3.44367838,PlayerA,fighter,Hips,-0.5827141,0.7658393,0.4423819
3.44367838,PlayerA,fighter,Head,-0.5386438,1.25289774,0.472931266
3.44367838,PlayerA,fighter,Chest,-0.5858021,0.9691019,0.4503186
3.44367838,PlayerA,fighter,LeftHand,-0.3917686,0.7679145,0.5696682
3.44367838,PlayerA,fighter,RightHand,-0.2866184,0.861386,0.535004139
3.44367838,PlayerA,fighter,LeftFoot,-0.37977016,0.118944883,0.8756633
3.44367838,PlayerA,fighter,RightFoot,-0.7415851,0.119263463,0.0493615344
3.44367838,PlayerB,actor,Root,0.850000262,0,-2.026558E-07
3.44367838,PlayerB,driver,Root,0.7792543,-0.6913612,-0.07403603
3.44367838,PlayerB,native,AnimatorRoot,0.7792543,-0.6913612,-0.07403603
3.44367838,PlayerB,native,Hips,0.8359403,0.111486137,-0.0122516034
3.44367838,PlayerB,native,Head,0.521489859,0.111845493,-0.382209241
3.44367838,PlayerB,native,Chest,0.703231454,0.110503316,-0.166689932
3.44367838,PlayerB,native,LeftHand,0.5938579,0.0391792655,-0.5766483
3.44367838,PlayerB,native,RightHand,0.470943332,0.0315518379,0.158478916
3.44367838,PlayerB,native,LeftFoot,1.54067421,0.07163,0.242957622
3.44367838,PlayerB,native,RightFoot,0.9559993,0.07751334,0.723693252
3.44367838,PlayerB,fighter,AnimatorRoot,0.850000262,0,-2.026558E-07
3.44367838,PlayerB,fighter,Hips,0.8359403,0.111486129,-0.0122516071
3.44367838,PlayerB,fighter,Head,0.383056164,0.112019114,-0.567128241
3.44367838,PlayerB,fighter,Chest,0.6516477,0.123710692,-0.229407951
3.44367838,PlayerB,fighter,LeftHand,0.5938579,0.03917923,-0.5766484
3.44367838,PlayerB,fighter,RightHand,0.4709432,0.03155176,0.1584791
3.44367838,PlayerB,fighter,LeftFoot,1.54067421,0.07163001,0.242957562
3.44367838,PlayerB,fighter,RightFoot,0.9559994,0.07751336,0.723693252
3.45,PlayerA,actor,Root,-0.85,0,0
3.45,PlayerA,driver,Root,-0.542970657,0.000241325644,0.459171921
3.45,PlayerA,native,AnimatorRoot,-0.542970657,0.000241325644,0.459171921
3.45,PlayerA,native,Hips,-0.5828532,0.7658504,0.4425011
3.45,PlayerA,native,Head,-0.5385195,1.28579354,0.4711613
3.45,PlayerA,native,Chest,-0.576075435,0.9849128,0.451170057
3.45,PlayerA,native,LeftHand,-0.391725481,0.76881963,0.5679126
3.45,PlayerA,native,RightHand,-0.285742164,0.8586151,0.5373147
3.45,PlayerA,native,LeftFoot,-0.379769623,0.118944846,0.8756638
3.45,PlayerA,native,RightFoot,-0.7415849,0.119263254,0.0493618548
3.45,PlayerA,fighter,AnimatorRoot,-0.85,0,0
3.45,PlayerA,fighter,Hips,-0.582853138,0.7658505,0.4425012
3.45,PlayerA,fighter,Head,-0.5386357,1.25287855,0.473183751
3.45,PlayerA,fighter,Chest,-0.5858875,0.9691132,0.4504485
3.45,PlayerA,fighter,LeftHand,-0.392020315,0.7679661,0.5693039
3.45,PlayerA,fighter,RightHand,-0.287062168,0.8608694,0.534165561
3.45,PlayerA,fighter,LeftFoot,-0.379769653,0.118944742,0.8756639
3.45,PlayerA,fighter,RightFoot,-0.7415849,0.119263552,0.0493618846
3.45,PlayerB,actor,Root,0.850000262,0,-2.026558E-07
3.45,PlayerB,driver,Root,0.7792596,-0.6915213,-0.07404693
3.45,PlayerB,native,AnimatorRoot,0.7792596,-0.6915213,-0.07404693
3.45,PlayerB,native,Hips,0.8359404,0.111486137,-0.0122516183
3.45,PlayerB,native,Head,0.521514237,0.111329019,-0.382230252
3.45,PlayerB,native,Chest,0.703238964,0.110416412,-0.166694432
3.45,PlayerB,native,LeftHand,0.593836546,0.0391209126,-0.57674104
3.45,PlayerB,native,RightHand,0.4709642,0.03140831,0.158467174
3.45,PlayerB,native,LeftFoot,1.54067445,0.07163012,0.242957473
3.45,PlayerB,native,RightFoot,0.9559998,0.0775135159,0.7236934
3.45,PlayerB,fighter,AnimatorRoot,0.850000262,0,-2.026558E-07
3.45,PlayerB,fighter,Hips,0.8359404,0.111486129,-0.0122516211
3.45,PlayerB,fighter,Head,0.38303414,0.11128407,-0.5671006
3.45,PlayerB,fighter,Chest,0.65165025,0.1235551,-0.2294161
3.45,PlayerB,fighter,LeftHand,0.593836546,0.0391208343,-0.576741159
3.45,PlayerB,fighter,RightHand,0.470964134,0.03140829,0.158467233
3.45,PlayerB,fighter,LeftFoot,1.54067457,0.07163012,0.2429575
3.45,PlayerB,fighter,RightFoot,0.955999851,0.07751348,0.7236931
3.4666667,PlayerA,actor,Root,-0.85,0,0
3.4666667,PlayerA,driver,Root,-0.5431749,0.0002362554,0.4593966
3.4666667,PlayerA,native,AnimatorRoot,-0.5431749,0.0002362554,0.4593966
3.4666667,PlayerA,native,Hips,-0.5832409,0.7658818,0.4428332
3.4666667,PlayerA,native,Head,-0.538514555,1.28577113,0.471734047
3.4666667,PlayerA,native,Chest,-0.5762994,0.984940469,0.451432675
3.4666667,PlayerA,native,LeftHand,-0.392415643,0.768949151,0.5669009
3.4666667,PlayerA,native,RightHand,-0.2869861,0.857140541,0.5349328
3.4666667,PlayerA,native,LeftFoot,-0.379769444,0.118945479,0.875664353
3.4666667,PlayerA,native,RightFoot,-0.741585553,0.119263843,0.0493614823
3.4666667,PlayerA,fighter,AnimatorRoot,-0.85,0,0
3.4666667,PlayerA,fighter,Hips,-0.5832408,0.7658818,0.4428333
3.4666667,PlayerA,fighter,Head,-0.5386086,1.25282419,0.473885238
3.4666667,PlayerA,fighter,Chest,-0.586125,0.969144344,0.450809568
3.4666667,PlayerA,fighter,LeftHand,-0.392720878,0.768112,0.568289757
3.4666667,PlayerA,fighter,RightHand,-0.2883063,0.8594266,0.531806231
3.4666667,PlayerA,fighter,LeftFoot,-0.379769444,0.118945457,0.8756646
3.4666667,PlayerA,fighter,RightFoot,-0.7415856,0.119263843,0.0493615568
3.4666667,PlayerB,actor,Root,0.850000262,0,-2.026558E-07
3.4666667,PlayerB,driver,Root,0.7792767,-0.6919635,-0.07407858
3.4666667,PlayerB,native,AnimatorRoot,0.7792767,-0.6919635,-0.07407858
3.4666667,PlayerB,native,Hips,0.8359401,0.1114862,-0.0122517785
3.4666667,PlayerB,native,Head,0.521590948,0.109907806,-0.382291555
3.4666667,PlayerB,native,Chest,0.7032603,0.1101771,-0.166707337
3.4666667,PlayerB,native,LeftHand,0.5937717,0.038944304,-0.577021658
3.4666667,PlayerB,native,RightHand,0.471025884,0.0309746265,0.158433139
3.4666667,PlayerB,native,LeftFoot,1.540674,0.0716306,0.242957473
3.4666667,PlayerB,native,RightFoot,0.9559994,0.07751346,0.7236931
3.4666667,PlayerB,fighter,AnimatorRoot,0.850000262,0,-2.026558E-07
3.4666667,PlayerB,fighter,Hips,0.8359401,0.111486182,-0.0122517813
3.4666667,PlayerB,fighter,Head,0.382990122,0.109288864,-0.5670342
3.4666667,PlayerB,fighter,Chest,0.6516604,0.123126514,-0.229441181
3.4666667,PlayerB,fighter,LeftHand,0.5937718,0.03894424,-0.5770218
3.4666667,PlayerB,fighter,RightHand,0.471025944,0.0309745688,0.158433229
3.4666667,PlayerB,fighter,LeftFoot,1.54067409,0.0716306,0.242957443
3.4666667,PlayerB,fighter,RightFoot,0.955999255,0.07751343,0.723693
3.48333335,PlayerA,actor,Root,-0.85,0,0
3.48333335,PlayerA,driver,Root,-0.543390334,0.000241092537,0.4596622
3.48333335,PlayerA,native,AnimatorRoot,-0.543390334,0.000241092537,0.4596622
3.48333335,PlayerA,native,Hips,-0.58364743,0.7659101,0.4431846
3.48333335,PlayerA,native,Head,-0.538501,1.28574169,0.4723368
3.48333335,PlayerA,native,Chest,-0.576533437,0.984964669,0.451710641
3.48333335,PlayerA,native,LeftHand,-0.393133342,0.7690772,0.5658405
3.48333335,PlayerA,native,RightHand,-0.2881407,0.8556708,0.5323359
3.48333335,PlayerA,native,LeftFoot,-0.379769355,0.118940532,0.8756676
3.48333335,PlayerA,native,RightFoot,-0.741584659,0.119258627,0.049365595
3.48333335,PlayerA,fighter,AnimatorRoot,-0.85,0,0
3.48333335,PlayerA,fighter,Hips,-0.5836473,0.7659101,0.443184733
3.48333335,PlayerA,fighter,Head,-0.538570762,1.25276053,0.4746229
3.48333335,PlayerA,fighter,Chest,-0.5863725,0.9691724,0.451190859
3.48333335,PlayerA,fighter,LeftHand,-0.393449068,0.7682572,0.5672266
3.48333335,PlayerA,fighter,RightHand,-0.289464,0.857988834,0.5292341
3.48333335,PlayerA,fighter,LeftFoot,-0.379769444,0.118940167,0.8756677
3.48333335,PlayerA,fighter,RightFoot,-0.741584659,0.119258642,0.04936572
3.48333335,PlayerB,actor,Root,0.850000262,0,-2.026558E-07
3.48333335,PlayerB,driver,Root,0.779298,-0.6924286,-0.07411314
3.48333335,PlayerB,native,AnimatorRoot,0.779298,-0.6924286,-0.07411314
3.48333335,PlayerB,native,Hips,0.8359402,0.111486077,-0.0122516965
3.48333335,PlayerB,native,Head,0.521683633,0.1084196,-0.382358134
3.48333335,PlayerB,native,Chest,0.703284,0.109926164,-0.1667209
3.48333335,PlayerB,native,LeftHand,0.593696237,0.03874278,-0.5773441
3.48333335,PlayerB,native,RightHand,0.471091628,0.03047645,0.158396125
3.48333335,PlayerB,native,LeftFoot,1.54067421,0.07163042,0.242957264
3.48333335,PlayerB,native,RightFoot,0.955999851,0.07751304,0.7236931
3.48333335,PlayerB,fighter,AnimatorRoot,0.850000262,0,-2.026558E-07
3.48333335,PlayerB,fighter,Hips,0.8359402,0.11148607,-0.0122516993
3.48333335,PlayerB,fighter,Head,0.382964939,0.107229665,-0.5669736
3.48333335,PlayerB,fighter,Chest,0.6516756,0.122676916,-0.229469627
3.48333335,PlayerB,fighter,LeftHand,0.593696237,0.0387428552,-0.577344
3.48333335,PlayerB,fighter,RightHand,0.471091747,0.0304762889,0.158396244
3.48333335,PlayerB,fighter,LeftFoot,1.540674,0.07163036,0.242957085
3.48333335,PlayerB,fighter,RightFoot,0.956,0.0775131,0.7236931
3.5,PlayerA,actor,Root,-0.85,0,0
3.5,PlayerA,driver,Root,-0.54359293,0.000223842013,0.4598572
3.5,PlayerA,native,AnimatorRoot,-0.54359293,0.000223842013,0.4598572
3.5,PlayerA,native,Hips,-0.584044933,0.7659468,0.443521649
3.5,PlayerA,native,Head,-0.53848207,1.28572047,0.4729173
3.5,PlayerA,native,Chest,-0.5767622,0.9849973,0.451975077
3.5,PlayerA,native,LeftHand,-0.393835247,0.769215047,0.564800143
3.5,PlayerA,native,RightHand,-0.2895977,0.85405606,0.529862642
3.5,PlayerA,native,LeftFoot,-0.379769325,0.118945405,0.8756647
3.5,PlayerA,native,RightFoot,-0.7415853,0.119264148,0.04936193
3.5,PlayerA,fighter,AnimatorRoot,-0.85,0,0
3.5,PlayerA,fighter,Hips,-0.5840449,0.7659468,0.443521738
3.5,PlayerA,fighter,Head,-0.538527131,1.25270545,0.4753346
3.5,PlayerA,fighter,Chest,-0.5866138,0.9692087,0.451556236
3.5,PlayerA,fighter,LeftHand,-0.394161165,0.768412232,0.566183448
3.5,PlayerA,fighter,RightHand,-0.2909177,0.856407166,0.5267842
3.5,PlayerA,fighter,LeftFoot,-0.379769355,0.11894536,0.8756647
3.5,PlayerA,fighter,RightFoot,-0.7415854,0.119264178,0.04936198
3.5,PlayerB,actor,Root,0.850000262,0,-2.026558E-07
3.5,PlayerB,driver,Root,0.7793215,-0.6928994,-0.0741480142
3.5,PlayerB,native,AnimatorRoot,0.7793215,-0.6928994,-0.0741480142
3.5,PlayerB,native,Hips,0.8359401,0.1114862,-0.0122518269
3.5,PlayerB,native,Head,0.5217853,0.1069147,-0.382424533
3.5,PlayerB,native,Chest,0.703308761,0.109672487,-0.166734785
3.5,PlayerB,native,LeftHand,0.5936161,0.0385352373,-0.5776753
3.5,PlayerB,native,RightHand,0.471159816,0.0299627781,0.1583606
3.5,PlayerB,native,LeftFoot,1.540674,0.07163024,0.242957622
3.5,PlayerB,native,RightFoot,0.9559995,0.07751322,0.7236929
3.5,PlayerB,fighter,AnimatorRoot,0.850000262,0,-2.026558E-07
3.5,PlayerB,fighter,Hips,0.8359401,0.111486182,-0.01225183
3.5,PlayerB,fighter,Head,0.382951081,0.105154566,-0.5669134
3.5,PlayerB,fighter,Chest,0.651692748,0.1222223,-0.229499087
3.5,PlayerB,fighter,LeftHand,0.5936161,0.03853523,-0.5776754
3.5,PlayerB,fighter,RightHand,0.471159875,0.029962739,0.15836069
3.5,PlayerB,fighter,LeftFoot,1.540674,0.0716302246,0.242957443
3.5,PlayerB,fighter,RightFoot,0.9559995,0.0775132,0.7236929
3.51666665,PlayerA,actor,Root,-0.85,0,0
3.51666665,PlayerA,driver,Root,-0.5437515,0.000132635658,0.459815234
3.51666665,PlayerA,native,AnimatorRoot,-0.5437515,0.000132635658,0.459815234
3.51666665,PlayerA,native,Hips,-0.584404,0.765992045,0.443818
3.51666665,PlayerA,native,Head,-0.538458347,1.28571212,0.473432451
3.51666665,PlayerA,native,Chest,-0.5769683,0.985038459,0.4522052
3.51666665,PlayerA,native,LeftHand,-0.394465238,0.7693501,0.563849568
3.51666665,PlayerA,native,RightHand,-0.291685462,0.8528358,0.52741
3.51666665,PlayerA,native,LeftFoot,-0.379768848,0.118961096,0.875653744
3.51666665,PlayerA,native,RightFoot,-0.7415852,0.119279943,0.0493513346
3.51666665,PlayerA,fighter,AnimatorRoot,-0.85,0,0
3.51666665,PlayerA,fighter,Hips,-0.584403932,0.7659921,0.4438181
3.51666665,PlayerA,fighter,Head,-0.538480163,1.25266576,0.475967944
3.51666665,PlayerA,fighter,Chest,-0.5868304,0.96925354,0.4518776
3.51666665,PlayerA,fighter,LeftHand,-0.394800127,0.7685626,0.565229654
3.51666665,PlayerA,fighter,RightHand,-0.292994678,0.855219543,0.524352431
3.51666665,PlayerA,fighter,LeftFoot,-0.379768819,0.118961237,0.875654
3.51666665,PlayerA,fighter,RightFoot,-0.741585255,0.119279861,0.049351424
3.51666665,PlayerB,actor,Root,0.850000262,0,-2.026558E-07
3.51666665,PlayerB,driver,Root,0.7793455,-0.693358839,-0.07418018
3.51666665,PlayerB,native,AnimatorRoot,0.7793455,-0.693358839,-0.07418018
3.51666665,PlayerB,native,Hips,0.835939944,0.111486077,-0.012251935
3.51666665,PlayerB,native,Head,0.5218886,0.105443776,-0.3824849
3.51666665,PlayerB,native,Chest,0.7033331,0.109424472,-0.166747868
3.51666665,PlayerB,native,LeftHand,0.593539655,0.03834063,-0.577987
3.51666665,PlayerB,native,RightHand,0.471219063,0.0294796824,0.1583299
3.51666665,PlayerB,native,LeftFoot,1.54067409,0.07163042,0.242957026
3.51666665,PlayerB,native,RightFoot,0.9559998,0.07751328,0.7236929
3.51666665,PlayerB,fighter,AnimatorRoot,0.850000262,0,-2.026558E-07
3.51666665,PlayerB,fighter,Hips,0.835939944,0.11148607,-0.0122519378
3.51666665,PlayerB,fighter,Head,0.382941,0.103111356,-0.566847265
3.51666665,PlayerB,fighter,Chest,0.6517089,0.121778041,-0.2295262
3.51666665,PlayerB,fighter,LeftHand,0.593539655,0.038340643,-0.577987
3.51666665,PlayerB,fighter,RightHand,0.471219,0.0294796042,0.158330172
3.51666665,PlayerB,fighter,LeftFoot,1.54067421,0.0716304258,0.242956966
3.51666665,PlayerB,fighter,RightFoot,0.955999732,0.07751327,0.723692834
3.5333333,PlayerA,actor,Root,-0.85,0,0
3.5333333,PlayerA,driver,Root,-0.5438757,3.82239668E-05,0.459715068
3.5333333,PlayerA,native,AnimatorRoot,-0.5438757,3.82239668E-05,0.459715068
3.5333333,PlayerA,native,Hips,-0.5846958,0.7659994,0.444078982
3.5333333,PlayerA,native,Head,-0.538434744,1.28567469,0.473870367
3.5333333,PlayerA,native,Chest,-0.577135563,0.9850424,0.45241192
3.5333333,PlayerA,native,LeftHand,-0.394975364,0.769432068,0.5630983
3.5333333,PlayerA,native,RightHand,-0.293149352,0.8534914,0.5244189
3.5333333,PlayerA,native,LeftFoot,-0.3797685,0.118945211,0.8756653
3.5333333,PlayerA,native,RightFoot,-0.7415851,0.119263843,0.0493620634
3.5333333,PlayerA,fighter,AnimatorRoot,-0.85,0,0
3.5333333,PlayerA,fighter,Hips,-0.5846957,0.7659994,0.444079131
3.5333333,PlayerA,fighter,Head,-0.5384374,1.25260282,0.476501882
3.5333333,PlayerA,fighter,Chest,-0.5870058,0.9692602,0.452158451
3.5333333,PlayerA,fighter,LeftHand,-0.3953177,0.7686571,0.564476132
3.5333333,PlayerA,fighter,RightHand,-0.294469237,0.8558944,0.5213807
3.5333333,PlayerA,fighter,LeftFoot,-0.3797685,0.118945219,0.8756652
3.5333333,PlayerA,fighter,RightFoot,-0.741584957,0.119264029,0.0493621081
3.5333333,PlayerB,actor,Root,0.850000262,0,-2.026558E-07
3.5333333,PlayerB,driver,Root,0.7793682,-0.6937898,-0.0742077455
3.5333333,PlayerB,native,AnimatorRoot,0.7793682,-0.6937898,-0.0742077455
3.5333333,PlayerB,native,Hips,0.835940063,0.111486077,-0.0122518865
3.5333333,PlayerB,native,Head,0.5219869,0.104057372,-0.38253504
3.5333333,PlayerB,native,Chest,0.7033564,0.10919112,-0.1667594
3.5333333,PlayerB,native,LeftHand,0.5934744,0.0381784439,-0.5782468
3.5333333,PlayerB,native,RightHand,0.471269667,0.0290756822,0.158306539
3.5333333,PlayerB,native,LeftFoot,1.54067421,0.07163042,0.242956936
3.5333333,PlayerB,native,RightFoot,0.955999732,0.07751322,0.7236929
3.5333333,PlayerB,fighter,AnimatorRoot,0.850000262,0,-2.026558E-07
3.5333333,PlayerB,fighter,Hips,0.835940063,0.11148607,-0.0122518893
3.5333333,PlayerB,fighter,Head,0.382927954,0.10114713,-0.566770256
3.5333333,PlayerB,fighter,Chest,0.6517217,0.121359795,-0.229548261
3.5333333,PlayerB,fighter,LeftHand,0.5934743,0.0381784327,-0.5782469
3.5333333,PlayerB,fighter,RightHand,0.4712695,0.02907565,0.158306837
3.5333333,PlayerB,fighter,LeftFoot,1.54067445,0.07163046,0.242956966
3.5333333,PlayerB,fighter,RightFoot,0.9559999,0.0775133,0.723693
3.55,PlayerA,actor,Root,-0.85,0,0
3.55,PlayerA,driver,Root,-0.543956041,9.900461E-06,0.4597039
3.55,PlayerA,native,AnimatorRoot,-0.543956041,9.900461E-06,0.4597039
3.55,PlayerA,native,Hips,-0.584853649,0.7660076,0.444217473
3.55,PlayerA,native,Head,-0.538420558,1.28565836,0.474103779
3.55,PlayerA,native,Chest,-0.5772258,0.9850488,0.4525207
3.55,PlayerA,native,LeftHand,-0.395251721,0.7694811,0.562689066
3.55,PlayerA,native,RightHand,-0.294083238,0.8537647,0.5228577
3.55,PlayerA,native,LeftFoot,-0.3797682,0.118940964,0.875668943
3.55,PlayerA,native,RightFoot,-0.741585,0.119259544,0.0493652225
3.55,PlayerA,fighter,AnimatorRoot,-0.85,0,0
3.55,PlayerA,fighter,Hips,-0.5848536,0.7660076,0.444217622
3.55,PlayerA,fighter,Head,-0.5384124,1.25257254,0.476787329
3.55,PlayerA,fighter,Chest,-0.587100446,0.969268262,0.452307582
3.55,PlayerA,fighter,LeftHand,-0.395597965,0.768713,0.5640658
3.55,PlayerA,fighter,RightHand,-0.295405447,0.856178761,0.519829869
3.55,PlayerA,fighter,LeftFoot,-0.379768252,0.118941121,0.875669
3.55,PlayerA,fighter,RightFoot,-0.7415851,0.119259693,0.0493653044
3.55,PlayerB,actor,Root,0.850000262,0,-2.026558E-07
3.55,PlayerB,driver,Root,0.779385865,-0.6941552,-0.07422578
3.55,PlayerB,native,AnimatorRoot,0.779385865,-0.6941552,-0.07422578
3.55,PlayerB,native,Hips,0.8359402,0.111486077,-0.0122519648
3.55,PlayerB,native,Head,0.5220641,0.10286516,-0.3825668
3.55,PlayerB,native,Chest,0.703375757,0.108991385,-0.166768417
3.55,PlayerB,native,LeftHand,0.593439,0.03808993,-0.5783896
3.55,PlayerB,native,RightHand,0.4712984,0.0288526416,0.1582948
3.55,PlayerB,native,LeftFoot,1.54067445,0.07162994,0.2429572
3.55,PlayerB,native,RightFoot,0.955999434,0.0775134,0.723692954
3.55,PlayerB,fighter,AnimatorRoot,0.850000262,0,-2.026558E-07
3.55,PlayerB,fighter,Hips,0.8359402,0.11148607,-0.0122519676
3.55,PlayerB,fighter,Head,0.382896334,0.09936632,-0.5666736
3.55,PlayerB,fighter,Chest,0.6517252,0.121001817,-0.229559943
3.55,PlayerB,fighter,LeftHand,0.593438864,0.03809001,-0.5783897
3.55,PlayerB,fighter,RightHand,0.4712984,0.02885265,0.158294946
3.55,PlayerB,fighter,LeftFoot,1.54067469,0.07162993,0.242957264
3.55,PlayerB,fighter,RightFoot,0.955999434,0.07751336,0.723692834
3.5666666,PlayerA,actor,Root,-0.85,0,0
3.5666666,PlayerA,driver,Root,-0.544019,-6.521714E-08,0.459709823
3.5666666,PlayerA,native,AnimatorRoot,-0.544019,-6.521714E-08,0.459709823
3.5666666,PlayerA,native,Hips,-0.5849636,0.766021,0.444308639
3.5666666,PlayerA,native,Head,-0.5384095,1.28565443,0.474261254
3.5666666,PlayerA,native,Chest,-0.5772886,0.985060751,0.45259133
3.5666666,PlayerA,native,LeftHand,-0.395443022,0.76952064,0.562397838
3.5666666,PlayerA,native,RightHand,-0.2949506,0.853733242,0.521903
3.5666666,PlayerA,native,LeftFoot,-0.3797686,0.1189448,0.8756654
3.5666666,PlayerA,native,RightFoot,-0.7415845,0.119263813,0.0493627042
3.5666666,PlayerA,fighter,AnimatorRoot,-0.85,0,0
3.5666666,PlayerA,fighter,Hips,-0.58496356,0.766021,0.4443088
3.5666666,PlayerA,fighter,Head,-0.5383937,1.252559,0.476980567
3.5666666,PlayerA,fighter,Chest,-0.587166,0.9692814,0.45240593
3.5666666,PlayerA,fighter,LeftHand,-0.395792335,0.7687573,0.5637735
3.5666666,PlayerA,fighter,RightHand,-0.296269953,0.856157243,0.518881559
3.5666666,PlayerA,fighter,LeftFoot,-0.37976858,0.118944645,0.8756654
3.5666666,PlayerA,fighter,RightFoot,-0.7415844,0.119263984,0.04936275
3.5666666,PlayerB,actor,Root,0.850000262,0,-2.026558E-07
3.5666666,PlayerB,driver,Root,0.7794019,-0.694497645,-0.07424044
3.5666666,PlayerB,native,AnimatorRoot,0.7794019,-0.694497645,-0.07424044
3.5666666,PlayerB,native,Hips,0.8359399,0.111486077,-0.0122520206
3.5666666,PlayerB,native,Head,0.5221363,0.101741195,-0.382591933
3.5666666,PlayerB,native,Chest,0.7033937,0.108803391,-0.166776478
3.5666666,PlayerB,native,LeftHand,0.593413353,0.03802657,-0.578491867
3.5666666,PlayerB,native,RightHand,0.471314728,0.0286953449,0.158285022
3.5666666,PlayerB,native,LeftFoot,1.540674,0.07162976,0.242957741
3.5666666,PlayerB,native,RightFoot,0.9559982,0.07751346,0.723693132
3.5666666,PlayerB,fighter,AnimatorRoot,0.850000262,0,-2.026558E-07
3.5666666,PlayerB,fighter,Hips,0.8359399,0.11148607,-0.0122520244
3.5666666,PlayerB,fighter,Head,0.3828621,0.09764945,-0.5665695
3.5666666,PlayerB,fighter,Chest,0.651725054,0.120664932,-0.229567781
3.5666666,PlayerB,fighter,LeftHand,0.593413234,0.03802655,-0.578491867
3.5666666,PlayerB,fighter,RightHand,0.471314847,0.02869525,0.15828526
3.5666666,PlayerB,fighter,LeftFoot,1.54067421,0.07162978,0.24295786
3.5666666,PlayerB,fighter,RightFoot,0.9559982,0.07751343,0.723693
3.56666684,PlayerA,actor,Root,-0.85,0,0
3.56666684,PlayerA,driver,Root,-0.544018865,-6.521714E-08,0.459710062
3.56666684,PlayerA,native,AnimatorRoot,-0.544018865,-6.521714E-08,0.459710062
3.56666684,PlayerA,native,Hips,-0.5849635,0.766021,0.444308877
3.56666684,PlayerA,native,Head,-0.538409352,1.28565443,0.4742615
3.56666684,PlayerA,native,Chest,-0.5772885,0.985060751,0.452591568
3.56666684,PlayerA,native,LeftHand,-0.3954429,0.76952064,0.5623981
3.56666684,PlayerA,native,RightHand,-0.2949505,0.853733242,0.5219032
3.56666684,PlayerA,native,LeftFoot,-0.3797685,0.1189448,0.875665545
3.56666684,PlayerA,native,RightFoot,-0.741584361,0.119263813,0.0493629426
3.56666684,PlayerA,fighter,AnimatorRoot,-0.85,0,0
3.56666684,PlayerA,fighter,Hips,-0.5849634,0.766021,0.444309
3.56666684,PlayerA,fighter,Head,-0.5383935,1.252559,0.476980776
3.56666684,PlayerA,fighter,Chest,-0.587165833,0.9692814,0.4524062
3.56666684,PlayerA,fighter,LeftHand,-0.395792,0.7687572,0.5637736
3.56666684,PlayerA,fighter,RightHand,-0.296269774,0.8561573,0.518881857
3.56666684,PlayerA,fighter,LeftFoot,-0.37976855,0.118944936,0.875665367
3.56666684,PlayerA,fighter,RightFoot,-0.7415843,0.119263887,0.0493629351
3.56666684,PlayerB,actor,Root,0.850000262,0,-2.026558E-07
3.56666684,PlayerB,driver,Root,0.7794019,-0.694497645,-0.07424047
3.56666684,PlayerB,native,AnimatorRoot,0.7794019,-0.694497645,-0.07424047
3.56666684,PlayerB,native,Hips,0.8359399,0.111486018,-0.0122520952
3.56666684,PlayerB,native,Head,0.5221362,0.101741135,-0.3825919
3.56666684,PlayerB,native,Chest,0.7033937,0.108803332,-0.166776508
3.56666684,PlayerB,native,LeftHand,0.593413234,0.0380264521,-0.578492
3.56666684,PlayerB,native,RightHand,0.4713148,0.0286953449,0.158285022
3.56666684,PlayerB,native,LeftFoot,1.540674,0.07162976,0.242957473
3.56666684,PlayerB,native,RightFoot,0.9559983,0.07751346,0.7236929
3.56666684,PlayerB,fighter,AnimatorRoot,0.850000262,0,-2.026558E-07
3.56666684,PlayerB,fighter,Hips,0.8359399,0.11148601,-0.0122520979
3.56666684,PlayerB,fighter,Head,0.382862121,0.0976493359,-0.5665696
3.56666684,PlayerB,fighter,Chest,0.651725054,0.12066485,-0.229567856
3.56666684,PlayerB,fighter,LeftHand,0.593413055,0.0380264558,-0.578492
3.56666684,PlayerB,fighter,RightHand,0.471314967,0.0286953319,0.158285171
3.56666684,PlayerB,fighter,LeftFoot,1.54067385,0.07162973,0.242957354
3.56666684,PlayerB,fighter,RightFoot,0.955998242,0.07751344,0.723692834
