seconds,role,rig,bone,x,y,z
0,PlayerA,actor,Root,0.85,0,0
0,PlayerA,driver,Root,0.85,0,0
0,PlayerA,native,AnimatorRoot,0.85,0,0
0,PlayerA,native,Hips,0.890944839,0.766020954,0.0154010877
0,PlayerA,native,Head,0.844390631,1.28565443,-0.0145516563
0,PlayerA,native,Chest,0.8832698,0.985060751,0.00711838156
0,PlayerA,native,LeftHand,0.701423645,0.769520462,-0.102687769
0,PlayerA,native,RightHand,0.600932,0.853733361,-0.0621922463
0,PlayerA,native,LeftFoot,0.68575,0.118944764,-0.415955722
0,PlayerA,native,RightFoot,1.04756474,0.119264372,0.41034773
0,PlayerA,fighter,AnimatorRoot,0.85,0,0
0,PlayerA,fighter,Hips,0.8521247,0.879487038,-0.0394216329
0,PlayerA,fighter,Head,0.7085433,1.32278049,0.0394020826
0,PlayerA,fighter,Chest,0.8268841,1.08086491,-0.03453605
0,PlayerA,fighter,LeftHand,0.373937756,1.03615153,-0.003021121
0,PlayerA,fighter,RightHand,0.6765945,1.19356787,0.261129439
0,PlayerA,fighter,LeftFoot,0.591677547,0.164907217,-0.2260953
0,PlayerA,fighter,RightFoot,1.11332428,0.136768252,0.092556566
0,PlayerB,actor,Root,-0.850000262,0,-2.026558E-07
0,PlayerB,driver,Root,-0.850000262,0,-2.026558E-07
0,PlayerB,native,AnimatorRoot,-0.850000262,0,-2.026558E-07
0,PlayerB,native,Hips,-0.8879691,0.7103435,-0.0142818559
0,PlayerB,native,Head,-0.8447985,1.19220793,0.0134936217
0,PlayerB,native,Chest,-0.8808518,0.9134625,-0.00660122139
0,PlayerB,native,LeftHand,-0.7122232,0.7135889,0.09522364
0,PlayerB,native,RightHand,-0.619035363,0.7916803,0.05767169
0,PlayerB,native,LeftFoot,-0.697689056,0.110300131,0.385721534
0,PlayerB,native,RightFoot,-1.033206,0.110595912,-0.380521566
0,PlayerB,fighter,AnimatorRoot,-0.850000262,0,-2.026558E-07
0,PlayerB,fighter,Hips,-0.886792362,0.6839731,0.05575649
0,PlayerB,fighter,Head,-0.639639,1.30483389,-0.06490954
0,PlayerB,fighter,Chest,-0.8528045,0.9662763,0.0500666834
0,PlayerB,fighter,LeftHand,-0.350953758,0.9839845,0.06803424
0,PlayerB,fighter,RightHand,-0.7472692,1.11113012,-0.3217802
0,PlayerB,fighter,LeftFoot,-0.60645473,0.09211651,0.210608542
0,PlayerB,fighter,RightFoot,-1.08789039,0.0519201644,-0.113090478
0.0166666675,PlayerA,actor,Root,0.85,0,0
0.0166666675,PlayerA,driver,Root,0.84256494,-0.0263387635,0.01426928
0.0166666675,PlayerA,native,AnimatorRoot,0.84256494,-0.0263387635,0.01426928
0.0166666675,PlayerA,native,Hips,0.8993094,0.7348553,0.0183209684
0.0166666675,PlayerA,native,Head,0.8284766,1.2518748,0.0153770018
0.0166666675,PlayerA,native,Chest,0.886831045,0.953660369,0.0161130931
0.0166666675,PlayerA,native,LeftHand,0.677491665,0.74090147,-0.07651194
0.0166666675,PlayerA,native,RightHand,0.6066048,0.8088587,0.003315106
0.0166666675,PlayerA,native,LeftFoot,0.6849064,0.11584083,-0.414318562
0.0166666675,PlayerA,native,RightFoot,1.05305851,0.11241544,0.401489168
0.0166666675,PlayerA,fighter,AnimatorRoot,0.85,0,0
0.0166666675,PlayerA,fighter,Hips,0.854602456,0.871892154,-0.0363894552
0.0166666675,PlayerA,fighter,Head,0.712536,1.31785083,0.0368459225
0.0166666675,PlayerA,fighter,Chest,0.8303417,1.07342172,-0.0322205424
0.0166666675,PlayerA,fighter,LeftHand,0.383740574,1.01861918,-0.00567868352
0.0166666675,PlayerA,fighter,RightHand,0.659808338,1.1753552,0.257464528
0.0166666675,PlayerA,fighter,LeftFoot,0.591380954,0.161552951,-0.235925063
0.0166666675,PlayerA,fighter,RightFoot,1.11528552,0.133535534,0.110591933
0.0166666675,PlayerB,actor,Root,-0.850000262,0,-2.026558E-07
0.0166666675,PlayerB,driver,Root,-0.849406242,-0.000255893043,0.000478415954
0.0166666675,PlayerB,native,AnimatorRoot,-0.849406242,-0.000255893043,0.000478415954
0.0166666675,PlayerB,native,Hips,-0.8875844,0.7099976,-0.013817599
0.0166666675,PlayerB,native,Head,-0.8439329,1.19179547,0.0140727162
0.0166666675,PlayerB,native,Chest,-0.8803872,0.9131095,-0.006120387
0.0166666675,PlayerB,native,LeftHand,-0.711389542,0.713139832,0.09577579
0.0166666675,PlayerB,native,RightHand,-0.618371964,0.79134053,0.05822172
0.0166666675,PlayerB,native,LeftFoot,-0.697688341,0.110296831,0.385723025
0.0166666675,PlayerB,native,RightFoot,-1.03320634,0.11059583,-0.3805219
0.0166666675,PlayerB,fighter,AnimatorRoot,-0.850000262,0,-2.026558E-07
0.0166666675,PlayerB,fighter,Hips,-0.886833966,0.6853397,0.0521030128
0.0166666675,PlayerB,fighter,Head,-0.6433136,1.3139447,-0.05493892
0.0166666675,PlayerB,fighter,Chest,-0.854206264,0.96785444,0.04793861
0.0166666675,PlayerB,fighter,LeftHand,-0.344437361,0.9661421,0.0779142752
0.0166666675,PlayerB,fighter,RightHand,-0.7089803,1.0969032,-0.327113122
0.0166666675,PlayerB,fighter,LeftFoot,-0.606563,0.0916848853,0.218776345
0.0166666675,PlayerB,fighter,RightFoot,-1.08895493,0.0540695377,-0.125940979
0.0333333351,PlayerA,actor,Root,0.85,0,0
0.0333333351,PlayerA,driver,Root,0.837608039,-0.05324895,0.029557541
0.0333333351,PlayerA,native,AnimatorRoot,0.837608039,-0.05324895,0.029557541
0.0333333351,PlayerA,native,Hips,0.9073933,0.701718152,0.0177306049
0.0333333351,PlayerA,native,Head,0.8198461,1.21428728,0.0474550761
0.0333333351,PlayerA,native,Chest,0.8914462,0.920051455,0.0222268831
0.0333333351,PlayerA,native,LeftHand,0.6558791,0.7103129,-0.0448364466
0.0333333351,PlayerA,native,RightHand,0.6247685,0.7621041,0.06229423
0.0333333351,PlayerA,native,LeftFoot,0.6857503,0.1189462,-0.415955365
0.0333333351,PlayerA,native,RightFoot,1.04756474,0.119265534,0.41034773
0.0333333351,PlayerA,fighter,AnimatorRoot,0.85,0,0
0.0333333351,PlayerA,fighter,Hips,0.8625492,0.8459573,-0.0286418926
0.0333333351,PlayerA,fighter,Head,0.72565943,1.2971139,0.0384802446
0.0333333351,PlayerA,fighter,Chest,0.8405244,1.04774189,-0.02479883
0.0333333351,PlayerA,fighter,LeftHand,0.414066464,0.9675986,0.00147199631
0.0333333351,PlayerA,fighter,RightHand,0.631890357,1.11697066,0.251117468
0.0333333351,PlayerA,fighter,LeftFoot,0.5953391,0.15262261,-0.26614067
0.0333333351,PlayerA,fighter,RightFoot,1.11114788,0.122790433,0.162188187
0.0333333351,PlayerB,actor,Root,-0.850000262,0,-2.026558E-07
0.0333333351,PlayerB,driver,Root,-0.8488115,-0.0005134074,0.00095805747
0.0333333351,PlayerB,native,AnimatorRoot,-0.8488115,-0.0005134074,0.00095805747
0.0333333351,PlayerB,native,Hips,-0.8871983,0.7096504,-0.0133516993
0.0333333351,PlayerB,native,Head,-0.8430645,1.191381,0.0146536482
0.0333333351,PlayerB,native,Chest,-0.879920959,0.912755,-0.00563781848
0.0333333351,PlayerB,native,LeftHand,-0.710553169,0.712688744,0.09632919
0.0333333351,PlayerB,native,RightHand,-0.6177061,0.790999055,0.0587732121
0.0333333351,PlayerB,native,LeftFoot,-0.697688758,0.11029961,0.385721833
0.0333333351,PlayerB,native,RightFoot,-1.03320622,0.110595942,-0.380521685
0.0333333351,PlayerB,fighter,AnimatorRoot,-0.850000262,0,-2.026558E-07
0.0333333351,PlayerB,fighter,Hips,-0.886868954,0.6888162,0.0427216738
0.0333333351,PlayerB,fighter,Head,-0.6573395,1.33637631,-0.03040258
0.0333333351,PlayerB,fighter,Chest,-0.858127058,0.971843,0.04223791
0.0333333351,PlayerB,fighter,LeftHand,-0.342045546,0.9152581,0.102462925
0.0333333351,PlayerB,fighter,RightHand,-0.613409,1.05325031,-0.3161658
0.0333333351,PlayerB,fighter,LeftFoot,-0.6087514,0.09138093,0.241159216
0.0333333351,PlayerB,fighter,RightFoot,-1.08988082,0.0600599535,-0.1603548
0.05,PlayerA,actor,Root,0.85,0,0
0.05,PlayerA,driver,Root,0.839811146,-0.0824480951,0.04895868
0.05,PlayerA,native,AnimatorRoot,0.839811146,-0.0824480951,0.04895868
0.05,PlayerA,native,Hips,0.9172741,0.6683645,0.0191571116
0.05,PlayerA,native,Head,0.823712766,1.1746012,0.0887298658
0.05,PlayerA,native,Chest,0.8999794,0.88599956,0.03189468
0.05,PlayerA,native,LeftHand,0.6426983,0.67964375,-0.002818361
0.05,PlayerA,native,RightHand,0.6574584,0.7157717,0.118610129
0.05,PlayerA,native,LeftFoot,0.6880761,0.118559107,-0.416108251
0.05,PlayerA,native,RightFoot,1.0404675,0.120312706,0.4142163
0.05,PlayerA,fighter,AnimatorRoot,0.85,0,0
0.05,PlayerA,fighter,Hips,0.876631141,0.8000717,-0.0173868
0.05,PlayerA,fighter,Head,0.748216569,1.255452,0.055376865
0.05,PlayerA,fighter,Chest,0.85718286,1.00197685,-0.0114034778
0.05,PlayerA,fighter,LeftHand,0.464122683,0.8885315,0.0274937451
0.05,PlayerA,fighter,RightHand,0.6228227,1.01645446,0.2484387
0.05,PlayerA,fighter,LeftFoot,0.613014758,0.1382937,-0.309958875
0.05,PlayerA,fighter,RightFoot,1.0883795,0.106261067,0.232150838
0.05,PlayerB,actor,Root,-0.850000262,0,-2.026558E-07
0.05,PlayerB,driver,Root,-0.848214567,-0.0007750831,0.00144054147
0.05,PlayerB,native,AnimatorRoot,-0.848214567,-0.0007750831,0.00144054147
0.05,PlayerB,native,Hips,-0.886809051,0.7093002,-0.0128819179
0.05,PlayerB,native,Head,-0.8421888,1.19096231,0.01523894
0.05,PlayerB,native,Chest,-0.8794508,0.9123974,-0.00515132723
0.05,PlayerB,native,LeftHand,-0.709709942,0.7122332,0.0968871638
0.05,PlayerB,native,RightHand,-0.6170343,0.7906544,0.0593291
0.05,PlayerB,native,LeftFoot,-0.697689,0.110299438,0.385721862
0.05,PlayerB,native,RightFoot,-1.03320611,0.110595867,-0.3805218
0.05,PlayerB,fighter,AnimatorRoot,-0.850000262,0,-2.026558E-07
0.05,PlayerB,fighter,Hips,-0.8867986,0.693500042,0.02993764
0.05,PlayerB,fighter,Head,-0.6866771,1.36405575,-0.00161125662
0.05,PlayerB,fighter,Chest,-0.864204049,0.977134168,0.03378734
0.05,PlayerB,fighter,LeftHand,-0.374017239,0.841858149,0.127687961
0.05,PlayerB,fighter,RightHand,-0.510173559,0.982922256,-0.245432734
0.05,PlayerB,fighter,LeftFoot,-0.6169893,0.09276297,0.274240881
0.05,PlayerB,fighter,RightFoot,-1.08646858,0.06938965,-0.209927067
0.06666667,PlayerA,actor,Root,0.85,0,0
0.06666667,PlayerA,driver,Root,0.8450414,-0.111069471,0.06726689
0.06666667,PlayerA,native,AnimatorRoot,0.8450414,-0.111069471,0.06726689
0.06666667,PlayerA,native,Hips,0.9238417,0.6374154,0.020060122
0.06666667,PlayerA,native,Head,0.834860146,1.13585758,0.129118353
0.06666667,PlayerA,native,Chest,0.906955,0.8541522,0.0409018062
0.06666667,PlayerA,native,LeftHand,0.6353209,0.6512631,0.04641722
0.06666667,PlayerA,native,RightHand,0.694297433,0.672991753,0.167865917
0.06666667,PlayerA,native,LeftFoot,0.6857499,0.118945718,-0.4159556
0.06666667,PlayerA,native,RightFoot,1.04756391,0.119267717,0.410347551
0.06666667,PlayerA,fighter,AnimatorRoot,0.85,0,0
0.06666667,PlayerA,fighter,Hips,0.893935,0.7383616,-0.00474433973
0.06666667,PlayerA,fighter,Head,0.7772195,1.19467,0.08913785
0.06666667,PlayerA,fighter,Chest,0.8769879,0.940067,0.006329259
0.06666667,PlayerA,fighter,LeftHand,0.5248201,0.7946403,0.0651254654
0.06666667,PlayerA,fighter,RightHand,0.6467831,0.885866761,0.2512381
0.06666667,PlayerA,fighter,LeftFoot,0.6398065,0.124047711,-0.354960471
0.06666667,PlayerA,fighter,RightFoot,1.063241,0.094339706,0.298093021
0.06666667,PlayerB,actor,Root,-0.850000262,0,-2.026558E-07
0.06666667,PlayerB,driver,Root,-0.847616851,-0.0010395149,0.00192448741
0.06666667,PlayerB,native,AnimatorRoot,-0.847616851,-0.0010395149,0.00192448741
0.06666667,PlayerB,native,Hips,-0.886417866,0.708948553,-0.0124098156
0.06666667,PlayerB,native,Head,-0.8413089,1.19054091,0.0158267673
0.06666667,PlayerB,native,Chest,-0.8789784,0.9120382,-0.004662435
0.06666667,PlayerB,native,LeftHand,-0.708862662,0.711775,0.09744731
0.06666667,PlayerB,native,RightHand,-0.616359234,0.79030776,0.0598875955
0.06666667,PlayerB,native,LeftFoot,-0.6976887,0.110299386,0.385721773
0.06666667,PlayerB,native,RightFoot,-1.03320622,0.110596173,-0.380522
0.06666667,PlayerB,fighter,AnimatorRoot,-0.850000262,0,-2.026558E-07
0.06666667,PlayerB,fighter,Hips,-0.88657403,0.6985335,0.0160161871
0.06666667,PlayerB,fighter,Head,-0.7301635,1.38935935,0.0202096161
0.06666667,PlayerB,fighter,Chest,-0.871646941,0.9826779,0.0234869476
0.06666667,PlayerB,fighter,LeftHand,-0.45299,0.770791,0.136853129
0.06666667,PlayerB,fighter,RightHand,-0.4670202,0.903812647,-0.119925104
0.06666667,PlayerB,fighter,LeftFoot,-0.634199739,0.09655995,0.3123323
0.06666667,PlayerB,fighter,RightFoot,-1.075984,0.081243515,-0.2664348
0.0833333358,PlayerA,actor,Root,0.85,0,0
0.0833333358,PlayerA,driver,Root,0.8509378,-0.136590466,0.0797449946
0.0833333358,PlayerA,native,AnimatorRoot,0.8509378,-0.136590466,0.0797449946
0.0833333358,PlayerA,native,Hips,0.927229047,0.6097918,0.01701133
0.0833333358,PlayerA,native,Head,0.850462139,1.10030746,0.159051016
0.0833333358,PlayerA,native,Chest,0.912124336,0.8255921,0.0447405241
0.0833333358,PlayerA,native,LeftHand,0.6380179,0.6256103,0.09373993
0.0833333358,PlayerA,native,RightHand,0.7303835,0.6354188,0.205990314
0.0833333358,PlayerA,native,LeftFoot,0.6855097,0.11899133,-0.4159492
0.0833333358,PlayerA,native,RightFoot,1.04797482,0.120168194,0.410988539
0.0833333358,PlayerA,fighter,AnimatorRoot,0.85,0,0
0.0833333358,PlayerA,fighter,Hips,0.910478055,0.66994375,0.00442471355
0.0833333358,PlayerA,fighter,Head,0.8112689,1.12320769,0.129563987
0.0833333358,PlayerA,fighter,Chest,0.89661485,0.8710539,0.0225510951
0.0833333358,PlayerA,fighter,LeftHand,0.5835955,0.703971863,0.102383077
0.0833333358,PlayerA,fighter,RightHand,0.6968967,0.7524455,0.251927555
0.0833333358,PlayerA,fighter,LeftFoot,0.6653477,0.11683321,-0.390672982
0.0833333358,PlayerA,fighter,RightFoot,1.04452038,0.09654007,0.356877476
0.0833333358,PlayerB,actor,Root,-0.850000262,0,-2.026558E-07
0.0833333358,PlayerB,driver,Root,-0.8470188,-0.00130637863,0.00240891054
0.0833333358,PlayerB,native,AnimatorRoot,-0.8470188,-0.00130637863,0.00240891054
0.0833333358,PlayerB,native,Hips,-0.8860253,0.708595455,-0.011936022
0.0833333358,PlayerB,native,Head,-0.840425849,1.19011736,0.0164164528
0.0833333358,PlayerB,native,Chest,-0.8785043,0.911677539,-0.004171816
0.0833333358,PlayerB,native,LeftHand,-0.7080122,0.7113146,0.09800934
0.0833333358,PlayerB,native,RightHand,-0.615682,0.7899593,0.0604480729
0.0833333358,PlayerB,native,LeftFoot,-0.6976882,0.110298969,0.385721356
0.0833333358,PlayerB,native,RightFoot,-1.03320622,0.110596,-0.380521983
0.0833333358,PlayerB,fighter,AnimatorRoot,-0.850000262,0,-2.026558E-07
0.0833333358,PlayerB,fighter,Hips,-0.8861964,0.7031037,0.00316188717
0.0833333358,PlayerB,fighter,Head,-0.7780354,1.407372,0.02880243
0.0833333358,PlayerB,fighter,Chest,-0.8790675,0.9875485,0.0127959494
0.0833333358,PlayerB,fighter,LeftHand,-0.5597935,0.72610414,0.1266368
0.0833333358,PlayerB,fighter,RightHand,-0.5056485,0.8396748,-0.00583981862
0.0833333358,PlayerB,fighter,LeftFoot,-0.658872843,0.102064043,0.347806841
0.0833333358,PlayerB,fighter,RightFoot,-1.05960715,0.0939574242,-0.3199491
0.1,PlayerA,actor,Root,0.85,0,0
0.1,PlayerA,driver,Root,0.8568667,-0.159695685,0.0880809948
0.1,PlayerA,native,AnimatorRoot,0.8568667,-0.159695685,0.0880809948
0.1,PlayerA,native,Hips,0.9280868,0.5854673,0.0115919858
0.1,PlayerA,native,Head,0.867082834,1.067827,0.181208581
0.1,PlayerA,native,Chest,0.9151193,0.8002513,0.04543862
0.1,PlayerA,native,LeftHand,0.65084964,0.601014733,0.141531944
0.1,PlayerA,native,RightHand,0.7682478,0.6011824,0.240908235
0.1,PlayerA,native,LeftFoot,0.6857506,0.118946642,-0.415954679
0.1,PlayerA,native,RightFoot,1.04756427,0.119265974,0.410349458
0.1,PlayerA,fighter,AnimatorRoot,0.85,0,0
0.1,PlayerA,fighter,Hips,0.92246,0.6072466,0.007813208
0.1,PlayerA,fighter,Head,0.8467186,1.05340564,0.167064577
0.1,PlayerA,fighter,Chest,0.912171662,0.807334065,0.03369549
0.1,PlayerA,fighter,LeftHand,0.6332371,0.6286623,0.1429194
0.1,PlayerA,fighter,RightHand,0.756899238,0.6421876,0.255102456
0.1,PlayerA,fighter,LeftFoot,0.6809131,0.116894677,-0.410390317
0.1,PlayerA,fighter,RightFoot,1.04190874,0.108512163,0.394857883
0.1,PlayerB,actor,Root,-0.850000262,0,-2.026558E-07
0.1,PlayerB,driver,Root,-0.846421838,-0.0015749177,0.0028944395
0.1,PlayerB,native,AnimatorRoot,-0.846421838,-0.0015749177,0.0028944395
0.1,PlayerB,native,Hips,-0.885631859,0.7082417,-0.011461189
0.1,PlayerB,native,Head,-0.8395409,1.18969238,0.01700712
0.1,PlayerB,native,Chest,-0.878029168,0.9113161,-0.00368018961
0.1,PlayerB,native,LeftHand,-0.70716,0.710852563,0.09857189
0.1,PlayerB,native,RightHand,-0.615003,0.789609969,0.061009638
0.1,PlayerB,native,LeftFoot,-0.697688639,0.110299036,0.385721743
0.1,PlayerB,native,RightFoot,-1.033206,0.110596023,-0.380521685
0.1,PlayerB,fighter,AnimatorRoot,-0.850000262,0,-2.026558E-07
0.1,PlayerB,fighter,Hips,-0.8857178,0.706443965,-0.006482107
0.1,PlayerB,fighter,Head,-0.8167457,1.4171294,0.0269912127
0.1,PlayerB,fighter,Chest,-0.8847927,0.9909903,0.00396708446
0.1,PlayerB,fighter,LeftHand,-0.656072557,0.7111668,0.109350748
0.1,PlayerB,fighter,RightHand,-0.574446559,0.802663565,0.0492065027
0.1,PlayerB,fighter,LeftFoot,-0.683585346,0.107376583,0.3736486
0.1,PlayerB,fighter,RightFoot,-1.04283929,0.1048237,-0.360617429
0.116666667,PlayerA,actor,Root,0.85,0,0
0.116666667,PlayerA,driver,Root,0.8611066,-0.1798932,0.0920074657
0.116666667,PlayerA,native,AnimatorRoot,0.8611066,-0.1798932,0.0920074657
0.116666667,PlayerA,native,Hips,0.92598325,0.5644411,0.00280118
0.116666667,PlayerA,native,Head,0.880038559,1.03866839,0.194706723
0.116666667,PlayerA,native,Chest,0.914379656,0.7781144,0.04216176
0.116666667,PlayerA,native,LeftHand,0.675735235,0.5764922,0.1903057
0.116666667,PlayerA,native,RightHand,0.809978843,0.570362449,0.277534783
0.116666667,PlayerA,native,LeftFoot,0.685473561,0.119012237,-0.4158941
0.116666667,PlayerA,native,RightFoot,1.04784489,0.119695216,0.410653323
0.116666667,PlayerA,fighter,AnimatorRoot,0.85,0,0
0.116666667,PlayerA,fighter,Hips,0.925815463,0.5651569,0.00270525366
0.116666667,PlayerA,fighter,Head,0.8718659,1.00225842,0.189682856
0.116666667,PlayerA,fighter,Chest,0.917879343,0.7640401,0.0352535248
0.116666667,PlayerA,fighter,LeftHand,0.674874544,0.57819283,0.1895566
0.116666667,PlayerA,fighter,RightHand,0.811221838,0.5741098,0.2752651
0.116666667,PlayerA,fighter,LeftFoot,0.685378432,0.118928812,-0.41580236
0.116666667,PlayerA,fighter,RightFoot,1.047549,0.119299553,0.4102486
0.116666667,PlayerB,actor,Root,-0.850000262,0,-2.026558E-07
0.116666667,PlayerB,driver,Root,-0.845828056,-0.00184394314,0.00338253565
0.116666667,PlayerB,native,AnimatorRoot,-0.845828056,-0.00184394314,0.00338253565
0.116666667,PlayerB,native,Hips,-0.885238051,0.7078879,-0.0109859724
0.116666667,PlayerB,native,Head,-0.838654935,1.18926609,0.0175979175
0.116666667,PlayerB,native,Chest,-0.877553463,0.9109545,-0.00318822032
0.116666667,PlayerB,native,LeftHand,-0.706307054,0.710389555,0.09913459
0.116666667,PlayerB,native,RightHand,-0.614323139,0.789260149,0.0615713075
0.116666667,PlayerB,native,LeftFoot,-0.6976895,0.110300437,0.385722369
0.116666667,PlayerB,native,RightFoot,-1.03320611,0.110596165,-0.3805212
0.116666667,PlayerB,fighter,AnimatorRoot,-0.850000262,0,-2.026558E-07
0.116666667,PlayerB,fighter,Hips,-0.885241568,0.7078335,-0.0108343381
0.116666667,PlayerB,fighter,Head,-0.8348325,1.4203552,0.0238731448
0.116666667,PlayerB,fighter,Chest,-0.887266636,0.9923853,-0.000236315274
0.116666667,PlayerB,fighter,LeftHand,-0.704723358,0.7103305,0.0994757041
0.116666667,PlayerB,fighter,RightHand,-0.613062263,0.789603531,0.0613688454
0.116666667,PlayerB,fighter,LeftFoot,-0.6972399,0.110209048,0.3853617
0.116666667,PlayerB,fighter,RightFoot,-1.03351414,0.110415243,-0.37991485
0.1234568,PlayerA,actor,Root,0.85,0,0
0.1234568,PlayerA,driver,Root,0.8625667,-0.187469438,0.0925341547
0.1234568,PlayerA,native,AnimatorRoot,0.8625667,-0.187469438,0.0925341547
0.1234568,PlayerA,native,Hips,0.924583,0.5567028,-0.00147974491
0.1234568,PlayerA,native,Head,0.88462013,1.02765477,0.198375791
0.1234568,PlayerA,native,Chest,0.9134192,0.7698987,0.0400403477
0.1234568,PlayerA,native,LeftHand,0.689483345,0.567075849,0.209268108
0.1234568,PlayerA,native,RightHand,0.828415036,0.5593914,0.291772455
0.1234568,PlayerA,native,LeftFoot,0.685668468,0.118898645,-0.415920854
0.1234568,PlayerA,native,RightFoot,1.04762673,0.119417861,0.4104436
0.1234568,PlayerA,fighter,AnimatorRoot,0.85,0,0
0.1234568,PlayerA,fighter,Hips,0.924583,0.5567028,-0.00147974491
0.1234568,PlayerA,fighter,Head,0.8769756,0.9903397,0.193832427
0.1234568,PlayerA,fighter,Chest,0.916974068,0.7551486,0.03318264
0.1234568,PlayerA,fighter,LeftHand,0.6891608,0.5679189,0.208546489
0.1234568,PlayerA,fighter,RightHand,0.8299536,0.5619954,0.289016068
0.1234568,PlayerA,fighter,LeftFoot,0.6856685,0.118898727,-0.415920854
0.1234568,PlayerA,fighter,RightFoot,1.04762685,0.119417861,0.410443485
0.1234568,PlayerB,actor,Root,-0.850000262,0,-2.026558E-07
0.1234568,PlayerB,driver,Root,-0.8455868,-0.00195386633,0.0035815062
0.1234568,PlayerB,native,AnimatorRoot,-0.8455868,-0.00195386633,0.0035815062
0.1234568,PlayerB,native,Hips,-0.885077536,0.7077436,-0.0107922759
0.1234568,PlayerB,native,Head,-0.83829385,1.18909228,0.0178386886
0.1234568,PlayerB,native,Chest,-0.8773596,0.910807,-0.002987606
0.1234568,PlayerB,native,LeftHand,-0.70595926,0.7102007,0.0993639752
0.1234568,PlayerB,native,RightHand,-0.614045858,0.7891174,0.0618002936
0.1234568,PlayerB,native,LeftFoot,-0.6976894,0.110300124,0.3857216
0.1234568,PlayerB,native,RightFoot,-1.03320622,0.110596359,-0.3805218
0.1234568,PlayerB,fighter,AnimatorRoot,-0.850000262,0,-2.026558E-07
0.1234568,PlayerB,fighter,Hips,-0.885077536,0.707743466,-0.0107922759
0.1234568,PlayerB,fighter,Head,-0.834937334,1.4202745,0.0240393784
0.1234568,PlayerB,fighter,Chest,-0.887140334,0.9922933,-0.000177556271
0.1234568,PlayerB,fighter,LeftHand,-0.7059592,0.710200548,0.09936396
0.1234568,PlayerB,fighter,RightHand,-0.614045858,0.789117336,0.06180056
0.1234568,PlayerB,fighter,LeftFoot,-0.6976893,0.110300086,0.385721534
0.1234568,PlayerB,fighter,RightFoot,-1.03320611,0.110596657,-0.380521864
0.13333334,PlayerA,actor,Root,0.85,0,0
0.13333334,PlayerA,driver,Root,0.864560843,-0.198189646,0.0926534757
0.13333334,PlayerA,native,AnimatorRoot,0.864560843,-0.198189646,0.0926534757
0.13333334,PlayerA,native,Hips,0.922208548,0.5458034,-0.0079832
0.13333334,PlayerA,native,Head,0.8910969,1.01195419,0.20263806
0.13333334,PlayerA,native,Chest,0.9116558,0.7582755,0.0366192125
0.13333334,PlayerA,native,LeftHand,0.7125178,0.5540719,0.235560864
0.13333334,PlayerA,native,RightHand,0.8566348,0.544898748,0.310233921
0.13333334,PlayerA,native,LeftFoot,0.68574965,0.118944496,-0.415956557
0.13333334,PlayerA,native,RightFoot,1.04756451,0.119266391,0.410349518
0.13333334,PlayerA,fighter,AnimatorRoot,0.85,0,0
0.13333334,PlayerA,fighter,Hips,0.922208548,0.5458035,-0.0079832
0.13333334,PlayerA,fighter,Head,0.8836619,0.9744323,0.198372036
0.13333334,PlayerA,fighter,Chest,0.9149896,0.7435994,0.0296256654
0.13333334,PlayerA,fighter,LeftHand,0.7121443,0.554995835,0.234937236
0.13333334,PlayerA,fighter,RightHand,0.8579771,0.5476696,0.3075384
0.13333334,PlayerA,fighter,LeftFoot,0.685749769,0.118944548,-0.4159566
0.13333334,PlayerA,fighter,RightFoot,1.04756451,0.119266272,0.410349518
0.13333334,PlayerB,actor,Root,-0.850000262,0,-2.026558E-07
0.13333334,PlayerB,driver,Root,-0.8452363,-0.00211410341,0.00386969931
0.13333334,PlayerB,native,AnimatorRoot,-0.8452363,-0.00211410341,0.00386969931
0.13333334,PlayerB,native,Hips,-0.884844363,0.7075337,-0.0105109047
0.13333334,PlayerB,native,Head,-0.8377694,1.18883944,0.0181881841
0.13333334,PlayerB,native,Chest,-0.877078056,0.9105926,-0.002696346
0.13333334,PlayerB,native,LeftHand,-0.705454469,0.7099257,0.09969693
0.13333334,PlayerB,native,RightHand,-0.61364305,0.7889097,0.06213256
0.13333334,PlayerB,native,LeftFoot,-0.6976888,0.110300153,0.385720879
0.13333334,PlayerB,native,RightFoot,-1.03320622,0.110595927,-0.380521417
0.13333334,PlayerB,fighter,AnimatorRoot,-0.850000262,0,-2.026558E-07
0.13333334,PlayerB,fighter,Hips,-0.884844363,0.7075336,-0.0105109047
0.13333334,PlayerB,fighter,Head,-0.834207,1.42000616,0.0244972929
0.13333334,PlayerB,fighter,Chest,-0.886819541,0.9920807,0.0001267627
0.13333334,PlayerB,fighter,LeftHand,-0.70545435,0.7099257,0.09969681
0.13333334,PlayerB,fighter,RightHand,-0.61364305,0.788909554,0.0621328279
0.13333334,PlayerB,fighter,LeftFoot,-0.6976888,0.110300086,0.385720849
0.13333334,PlayerB,fighter,RightFoot,-1.03320634,0.110595949,-0.380521417
0.15,PlayerA,actor,Root,0.85,0,0
0.15,PlayerA,driver,Root,0.868468344,-0.215876922,0.09148946
0.15,PlayerA,native,AnimatorRoot,0.868468344,-0.215876922,0.09148946
0.15,PlayerA,native,Hips,0.9181648,0.5280822,-0.01972688
0.15,PlayerA,native,Head,0.902613044,0.9857464,0.207747236
0.15,PlayerA,native,Chest,0.9085213,0.73917973,0.03024299
0.15,PlayerA,native,LeftHand,0.7628121,0.5344026,0.277699143
0.15,PlayerA,native,RightHand,0.9112135,0.5243831,0.337553769
0.15,PlayerA,native,LeftFoot,0.6859083,0.119016185,-0.415927619
0.15,PlayerA,native,RightFoot,1.04740369,0.11911042,0.410190016
0.15,PlayerA,fighter,AnimatorRoot,0.85,0,0
0.15,PlayerA,fighter,Hips,0.9181648,0.5280822,-0.0197268873
0.15,PlayerA,fighter,Head,0.8958561,0.947909057,0.203839242
0.15,PlayerA,fighter,Chest,0.9115442,0.724644363,0.0230027176
0.15,PlayerA,fighter,LeftHand,0.76247555,0.535500944,0.277266324
0.15,PlayerA,fighter,RightHand,0.9123451,0.527435,0.3350736
0.15,PlayerA,fighter,LeftFoot,0.6859084,0.119016267,-0.4159277
0.15,PlayerA,fighter,RightFoot,1.04740357,0.11911054,0.4101901
0.15,PlayerB,actor,Root,-0.850000262,0,-2.026558E-07
0.15,PlayerB,driver,Root,-0.84464556,-0.00238604727,0.00435243174
0.15,PlayerB,native,AnimatorRoot,-0.84464556,-0.00238604727,0.00435243174
0.15,PlayerB,native,Hips,-0.8844514,0.7071804,-0.0100367051
0.15,PlayerB,native,Head,-0.836885452,1.18841255,0.01877687
0.15,PlayerB,native,Chest,-0.8766034,0.910231352,-0.00220547942
0.15,PlayerB,native,LeftHand,-0.7046038,0.7094624,0.100258328
0.15,PlayerB,native,RightHand,-0.6129648,0.7885596,0.06269317
0.15,PlayerB,native,LeftFoot,-0.6976893,0.11029999,0.385720879
0.15,PlayerB,native,RightFoot,-1.03320611,0.110595867,-0.380521536
0.15,PlayerB,fighter,AnimatorRoot,-0.850000262,0,-2.026558E-07
0.15,PlayerB,fighter,Hips,-0.8844514,0.7071803,-0.0100367051
0.15,PlayerB,fighter,Head,-0.8329764,1.41955352,0.025268469
0.15,PlayerB,fighter,Chest,-0.8862789,0.991722643,0.0006395861
0.15,PlayerB,fighter,LeftHand,-0.7046038,0.7094624,0.100258164
0.15,PlayerB,fighter,RightHand,-0.612964749,0.7885596,0.0626932755
0.15,PlayerB,fighter,LeftFoot,-0.6976894,0.110300086,0.385720968
0.15,PlayerB,fighter,RightFoot,-1.033206,0.110595904,-0.380521566
0.166666672,PlayerA,actor,Root,0.85,0,0
0.166666672,PlayerA,driver,Root,0.870101154,-0.2316072,0.08722353
0.166666672,PlayerA,native,AnimatorRoot,0.870101154,-0.2316072,0.08722353
0.166666672,PlayerA,native,Hips,0.911784649,0.5120987,-0.0330135971
0.166666672,PlayerA,native,Head,0.9104527,0.9620786,0.207629532
0.166666672,PlayerA,native,Chest,0.902942836,0.721861362,0.0216805711
0.166666672,PlayerA,native,LeftHand,0.8156471,0.52222836,0.3082811
0.166666672,PlayerA,native,RightHand,0.9674296,0.513250947,0.3601675
0.166666672,PlayerA,native,LeftFoot,0.6857506,0.118947,-0.4159547
0.166666672,PlayerA,native,RightFoot,1.04756451,0.1192666,0.410349876
0.166666672,PlayerA,fighter,AnimatorRoot,0.85,0,0
0.166666672,PlayerA,fighter,Hips,0.911784649,0.5120987,-0.0330136046
0.166666672,PlayerA,fighter,Head,0.9045861,0.9239704,0.203929648
0.166666672,PlayerA,fighter,Chest,0.905773938,0.707457364,0.0142269805
0.166666672,PlayerA,fighter,LeftHand,0.815543652,0.523479939,0.307945848
0.166666672,PlayerA,fighter,RightHand,0.968497455,0.516505241,0.3579281
0.166666672,PlayerA,fighter,LeftFoot,0.685750663,0.118946962,-0.415954649
0.166666672,PlayerA,fighter,RightFoot,1.04756439,0.119266845,0.410349846
0.166666672,PlayerB,actor,Root,-0.850000262,0,-2.026558E-07
0.166666672,PlayerB,driver,Root,-0.844057739,-0.00265858555,0.00483217277
0.166666672,PlayerB,native,AnimatorRoot,-0.844057739,-0.00265858555,0.00483217277
0.166666672,PlayerB,native,Hips,-0.8840597,0.706828058,-0.009563988
0.166666672,PlayerB,native,Head,-0.8360045,1.18798649,0.0193635281
0.166666672,PlayerB,native,Chest,-0.876130342,0.9098711,-0.00171613286
0.166666672,PlayerB,native,LeftHand,-0.7037561,0.7089995,0.10081742
0.166666672,PlayerB,native,RightHand,-0.6122885,0.788210154,0.06325165
0.166666672,PlayerB,native,LeftFoot,-0.6976894,0.1103002,0.3857216
0.166666672,PlayerB,native,RightFoot,-1.03320622,0.110595725,-0.380521655
0.166666672,PlayerB,fighter,AnimatorRoot,-0.850000262,0,-2.026558E-07
0.166666672,PlayerB,fighter,Hips,-0.8840597,0.706828,-0.009563988
0.166666672,PlayerB,fighter,Head,-0.8317497,1.41910088,0.0260372441
0.166666672,PlayerB,fighter,Chest,-0.885740042,0.991365552,0.0011508934
0.166666672,PlayerB,fighter,LeftHand,-0.703756034,0.708999455,0.100817345
0.166666672,PlayerB,fighter,RightHand,-0.6122885,0.7882101,0.0632518455
0.166666672,PlayerB,fighter,LeftFoot,-0.6976893,0.11030034,0.3857216
0.166666672,PlayerB,fighter,RightFoot,-1.03320622,0.110596031,-0.380521625
0.183333337,PlayerA,actor,Root,0.85,0,0
0.183333337,PlayerA,driver,Root,0.867677,-0.2446134,0.07915815
0.183333337,PlayerA,native,AnimatorRoot,0.867677,-0.2446134,0.07915815
0.183333337,PlayerA,native,Hips,0.9025632,0.498309731,-0.0481643565
0.183333337,PlayerA,native,Head,0.912323,0.9422766,0.201488063
0.183333337,PlayerA,native,Chest,0.8943261,0.7069897,0.0100358389
0.183333337,PlayerA,native,LeftHand,0.860170841,0.5192586,0.3255433
0.183333337,PlayerA,native,RightHand,1.01038516,0.511962,0.372460842
0.183333337,PlayerA,native,LeftFoot,0.685163558,0.119190916,-0.415917218
0.183333337,PlayerA,native,RightFoot,1.04773486,0.119710311,0.4106466
0.183333337,PlayerA,fighter,AnimatorRoot,0.85,0,0
0.183333337,PlayerA,fighter,Hips,0.9025632,0.4983097,-0.0481643677
0.183333337,PlayerA,fighter,Head,0.907373667,0.9039259,0.197921112
0.183333337,PlayerA,fighter,Chest,0.8970892,0.6926847,0.00244133919
0.183333337,PlayerA,fighter,LeftHand,0.860437036,0.520564735,0.325164765
0.183333337,PlayerA,fighter,RightHand,1.011523,0.5153632,0.3704906
0.183333337,PlayerA,fighter,LeftFoot,0.6851635,0.119190909,-0.415917218
0.183333337,PlayerA,fighter,RightFoot,1.04773474,0.119710259,0.410646617
0.183333337,PlayerB,actor,Root,-0.850000262,0,-2.026558E-07
0.183333337,PlayerB,driver,Root,-0.8434742,-0.00293090753,0.00530954124
0.183333337,PlayerB,native,AnimatorRoot,-0.8434742,-0.00293090753,0.00530954124
0.183333337,PlayerB,native,Hips,-0.8836698,0.7064775,-0.009093346
0.183333337,PlayerB,native,Head,-0.8351275,1.18756175,0.01994736
0.183333337,PlayerB,native,Chest,-0.875659466,0.909512639,-0.00122896547
0.183333337,PlayerB,native,LeftHand,-0.7029121,0.7085386,0.10137368
0.183333337,PlayerB,native,RightHand,-0.6116151,0.787861943,0.0638073
0.183333337,PlayerB,native,LeftFoot,-0.697689354,0.110300317,0.3857214
0.183333337,PlayerB,native,RightFoot,-1.03320611,0.110595994,-0.3805217
0.183333337,PlayerB,fighter,AnimatorRoot,-0.850000262,0,-2.026558E-07
0.183333337,PlayerB,fighter,Hips,-0.8836698,0.706477463,-0.009093346
0.183333337,PlayerB,fighter,Head,-0.83052814,1.4186486,0.0268020947
0.183333337,PlayerB,fighter,Chest,-0.8852035,0.99101007,0.00165982766
0.183333337,PlayerB,fighter,LeftHand,-0.7029121,0.7085383,0.101373635
0.183333337,PlayerB,fighter,RightHand,-0.611615062,0.787862,0.0638074353
0.183333337,PlayerB,fighter,LeftFoot,-0.6976893,0.11030063,0.385721236
0.183333337,PlayerB,fighter,RightFoot,-1.033206,0.110596068,-0.380521744
0.2,PlayerA,actor,Root,0.85,0,0
0.2,PlayerA,driver,Root,0.859597445,-0.254444867,0.06698068
0.2,PlayerA,native,AnimatorRoot,0.859597445,-0.254444867,0.06698068
0.2,PlayerA,native,Hips,0.8898588,0.487324625,-0.06535484
0.2,PlayerA,native,Head,0.905895233,0.927613258,0.1892042
0.2,PlayerA,native,Chest,0.88190496,0.695368052,-0.00528059527
0.2,PlayerA,native,LeftHand,0.8850727,0.5247601,0.331199855
0.2,PlayerA,native,RightHand,1.02506661,0.5163591,0.3738976
0.2,PlayerA,native,LeftFoot,0.685750544,0.118947953,-0.415953577
0.2,PlayerA,native,RightFoot,1.04756474,0.119265854,0.410351485
0.2,PlayerA,fighter,AnimatorRoot,0.85,0,0
0.2,PlayerA,fighter,Hips,0.8898588,0.487324625,-0.0653548539
0.2,PlayerA,fighter,Head,0.9016991,0.8890087,0.185820147
0.2,PlayerA,fighter,Chest,0.8847308,0.6811097,-0.0129063055
0.2,PlayerA,fighter,LeftHand,0.8857562,0.5259573,0.330679655
0.2,PlayerA,fighter,RightHand,1.0264616,0.5198172,0.372211874
0.2,PlayerA,fighter,LeftFoot,0.6857504,0.118947722,-0.415953577
0.2,PlayerA,fighter,RightFoot,1.04756463,0.119265892,0.410351425
0.2,PlayerB,actor,Root,-0.850000262,0,-2.026558E-07
0.2,PlayerB,driver,Root,-0.842895448,-0.00320274313,0.005783503
0.2,PlayerB,native,AnimatorRoot,-0.842895448,-0.00320274313,0.005783503
0.2,PlayerB,native,Hips,-0.883282065,0.706128836,-0.008625446
0.2,PlayerB,native,Head,-0.834255457,1.18713868,0.0205275472
0.2,PlayerB,native,Chest,-0.8751912,0.909156,-0.0007446405
0.2,PlayerB,native,LeftHand,-0.702073,0.7080793,0.10192623
0.2,PlayerB,native,RightHand,-0.610945463,0.7875153,0.06435948
0.2,PlayerB,native,LeftFoot,-0.6976893,0.110299967,0.3857213
0.2,PlayerB,native,RightFoot,-1.03320575,0.110595942,-0.3805218
0.2,PlayerB,fighter,AnimatorRoot,-0.850000262,0,-2.026558E-07
0.2,PlayerB,fighter,Hips,-0.883282065,0.7061288,-0.008625446
0.2,PlayerB,fighter,Head,-0.8293141,1.41819751,0.02756281
0.2,PlayerB,fighter,Chest,-0.884670138,0.990656435,0.00216601277
0.2,PlayerB,fighter,LeftHand,-0.702072859,0.7080792,0.101925977
0.2,PlayerB,fighter,RightHand,-0.610945344,0.787515342,0.06435951
0.2,PlayerB,fighter,LeftFoot,-0.697689235,0.110299923,0.385721236
0.2,PlayerB,fighter,RightFoot,-1.03320563,0.110595949,-0.3805218
0.216666669,PlayerA,actor,Root,0.85,0,0
0.216666669,PlayerA,driver,Root,0.84687227,-0.2618922,0.05364517
0.216666669,PlayerA,native,AnimatorRoot,0.84687227,-0.2618922,0.05364517
0.216666669,PlayerA,native,Hips,0.8730459,0.477213085,-0.08411478
0.216666669,PlayerA,native,Head,0.89114064,0.915375352,0.172909677
0.216666669,PlayerA,native,Chest,0.864665,0.684956,-0.02341713
0.216666669,PlayerA,native,LeftHand,0.889687955,0.5339614,0.332120717
0.216666669,PlayerA,native,RightHand,1.02144313,0.526163459,0.374360561
0.216666669,PlayerA,native,LeftFoot,0.67867,0.11511454,-0.410379052
0.216666669,PlayerA,native,RightFoot,1.06277025,0.128498435,0.426572323
0.216666669,PlayerA,fighter,AnimatorRoot,0.85,0,0
0.216666669,PlayerA,fighter,Hips,0.8730459,0.4772131,-0.0841148
0.216666669,PlayerA,fighter,Head,0.887651861,0.876474559,0.169810787
0.216666669,PlayerA,fighter,Chest,0.8676651,0.6707019,-0.0309608243
0.216666669,PlayerA,fighter,LeftHand,0.890743732,0.534887254,0.33145833
0.216666669,PlayerA,fighter,RightHand,1.02310574,0.5296037,0.37289536
0.216666669,PlayerA,fighter,LeftFoot,0.67866987,0.115114592,-0.410379052
0.216666669,PlayerA,fighter,RightFoot,1.06277037,0.128498316,0.426572382
0.216666669,PlayerB,actor,Root,-0.850000262,0,-2.026558E-07
0.216666669,PlayerB,driver,Root,-0.84232223,-0.003473606,0.00625340035
0.216666669,PlayerB,native,AnimatorRoot,-0.84232223,-0.003473606,0.00625340035
0.216666669,PlayerB,native,Hips,-0.882897139,0.7057826,-0.00816091
0.216666669,PlayerB,native,Head,-0.83338964,1.18671787,0.0211030245
0.216666669,PlayerB,native,Chest,-0.8747263,0.908801854,-0.000263860071
0.216666669,PlayerB,native,LeftHand,-0.7012402,0.707622766,0.102474771
0.216666669,PlayerB,native,RightHand,-0.610280752,0.7871707,0.06490802
0.216666669,PlayerB,native,LeftFoot,-0.6976892,0.110300183,0.3857212
0.216666669,PlayerB,native,RightFoot,-1.03320563,0.110595956,-0.380522043
0.216666669,PlayerB,fighter,AnimatorRoot,-0.850000262,0,-2.026558E-07
0.216666669,PlayerB,fighter,Hips,-0.882897139,0.7057825,-0.008160913
0.216666669,PlayerB,fighter,Head,-0.8281084,1.41774809,0.02831683
0.216666669,PlayerB,fighter,Chest,-0.8841405,0.990305,0.0026682117
0.216666669,PlayerB,fighter,LeftHand,-0.701240063,0.707622647,0.102474593
0.216666669,PlayerB,fighter,RightHand,-0.6102807,0.7871707,0.06490793
0.216666669,PlayerB,fighter,LeftFoot,-0.697689235,0.11030034,0.385721177
0.216666669,PlayerB,fighter,RightFoot,-1.03320563,0.110595904,-0.3805221
0.233333334,PlayerA,actor,Root,0.85,0,0
0.233333334,PlayerA,driver,Root,0.8198946,-0.262464374,0.0286539756
0.233333334,PlayerA,native,AnimatorRoot,0.8198946,-0.262464374,0.0286539756
0.233333334,PlayerA,native,Hips,0.8494749,0.474452943,-0.106862724
0.233333334,PlayerA,native,Head,0.8584186,0.9171809,0.143199727
0.233333334,PlayerA,native,Chest,0.8410276,0.6833377,-0.05006847
0.233333334,PlayerA,native,LeftHand,0.8352689,0.5507269,0.3123414
0.233333334,PlayerA,native,RightHand,0.957257569,0.5383159,0.362720132
0.233333334,PlayerA,native,LeftFoot,0.685749948,0.118945271,-0.415955961
0.233333334,PlayerA,native,RightFoot,1.04756439,0.119267613,0.410348177
0.233333334,PlayerA,fighter,AnimatorRoot,0.85,0,0
0.233333334,PlayerA,fighter,Hips,0.8494749,0.474452943,-0.106862754
0.233333334,PlayerA,fighter,Head,0.85445416,0.8779131,0.140936628
0.233333334,PlayerA,fighter,Chest,0.844393,0.668909848,-0.05716119
0.233333334,PlayerA,fighter,LeftHand,0.8366469,0.5513307,0.3117634
0.233333334,PlayerA,fighter,RightHand,0.959422469,0.5415435,0.361439168
0.233333334,PlayerA,fighter,LeftFoot,0.685749948,0.118945219,-0.41595602
0.233333334,PlayerA,fighter,RightFoot,1.04756451,0.119267657,0.410348237
0.233333334,PlayerB,actor,Root,-0.850000262,0,-2.026558E-07
0.233333334,PlayerB,driver,Root,-0.841755152,-0.00374306366,0.00671870029
0.233333334,PlayerB,native,AnimatorRoot,-0.841755152,-0.00374306366,0.00671870029
0.233333334,PlayerB,native,Hips,-0.88251543,0.7054395,-0.00770032173
0.233333334,PlayerB,native,Head,-0.8325314,1.18630028,0.0216733962
0.233333334,PlayerB,native,Chest,-0.8742653,0.908450842,0.000212803861
0.233333334,PlayerB,native,LeftHand,-0.7004143,0.7071698,0.103018053
0.233333334,PlayerB,native,RightHand,-0.6096213,0.786829,0.0654513761
0.233333334,PlayerB,native,LeftFoot,-0.697688937,0.110300541,0.385721356
0.233333334,PlayerB,native,RightFoot,-1.03320575,0.110595971,-0.3805218
0.233333334,PlayerB,fighter,AnimatorRoot,-0.850000262,0,-2.026558E-07
0.233333334,PlayerB,fighter,Hips,-0.88251543,0.705439448,-0.00770032173
0.233333334,PlayerB,fighter,Head,-0.826913238,1.41730142,0.02906395
0.233333334,PlayerB,fighter,Chest,-0.883615434,0.9899569,0.00316597568
0.233333334,PlayerB,fighter,LeftHand,-0.7004142,0.707169652,0.103017949
0.233333334,PlayerB,fighter,RightHand,-0.6096213,0.786829054,0.0654514953
0.233333334,PlayerB,fighter,LeftFoot,-0.697688937,0.110300422,0.385721415
0.233333334,PlayerB,fighter,RightFoot,-1.033206,0.110595822,-0.3805218
0.2469136,PlayerA,actor,Root,0.85,0,0
0.2469136,PlayerA,driver,Root,0.7744856,-0.252890557,-0.008547351
0.2469136,PlayerA,native,AnimatorRoot,0.7744856,-0.252890557,-0.008547351
0.2469136,PlayerA,native,Hips,0.815731943,0.481667,-0.127186924
0.2469136,PlayerA,native,Head,0.803476751,0.9400358,0.0959285051
0.2469136,PlayerA,native,Chest,0.8091452,0.6936538,-0.0818291754
0.2469136,PlayerA,native,LeftHand,0.699748755,0.5786183,0.2465479
0.2469136,PlayerA,native,RightHand,0.8103037,0.5583401,0.321949929
0.2469136,PlayerA,native,LeftFoot,0.712062657,0.129694968,-0.421275973
0.2469136,PlayerA,native,RightFoot,1.00937927,0.107827693,0.3365326
0.2469136,PlayerA,fighter,AnimatorRoot,0.85,0,0
0.2469136,PlayerA,fighter,Hips,0.815731943,0.481667,-0.127186954
0.2469136,PlayerA,fighter,Head,0.7969252,0.900499,0.09507631
0.2469136,PlayerA,fighter,Chest,0.813092,0.678765237,-0.08775781
0.2469136,PlayerA,fighter,LeftHand,0.701313257,0.5790425,0.2463643
0.2469136,PlayerA,fighter,RightHand,0.8131263,0.561094344,0.320858359
0.2469136,PlayerA,fighter,LeftFoot,0.7120627,0.129695043,-0.421276
0.2469136,PlayerA,fighter,RightFoot,1.00937915,0.107827641,0.3365326
0.2469136,PlayerB,actor,Root,-0.850000262,0,-2.026558E-07
0.2469136,PlayerB,driver,Root,-0.841298163,-0.003961343,0.00709404564
0.2469136,PlayerB,native,AnimatorRoot,-0.841298163,-0.003961343,0.00709404564
0.2469136,PlayerB,native,Hips,-0.8822073,0.705162466,-0.00732847443
0.2469136,PlayerB,native,Head,-0.8318383,1.18596268,0.0221335851
0.2469136,PlayerB,native,Chest,-0.8738932,0.9081674,0.000597600243
0.2469136,PlayerB,native,LeftHand,-0.699747741,0.706803262,0.103456832
0.2469136,PlayerB,native,RightHand,-0.6090888,0.786552668,0.06589001
0.2469136,PlayerB,native,LeftFoot,-0.6976888,0.110300437,0.385721356
0.2469136,PlayerB,native,RightFoot,-1.03320539,0.110595807,-0.380521834
0.2469136,PlayerB,fighter,AnimatorRoot,-0.850000262,0,-2.026558E-07
0.2469136,PlayerB,fighter,Hips,-0.8822073,0.7051624,-0.00732847443
0.2469136,PlayerB,fighter,Head,-0.8259478,1.41694,0.0296675917
0.2469136,PlayerB,fighter,Chest,-0.8831913,0.98967576,0.00356813939
0.2469136,PlayerB,fighter,LeftHand,-0.699747741,0.7068032,0.103456877
0.2469136,PlayerB,fighter,RightHand,-0.6090888,0.786552548,0.06589014
0.2469136,PlayerB,fighter,LeftFoot,-0.697688937,0.110300422,0.385721177
0.2469136,PlayerB,fighter,RightFoot,-1.03320527,0.110595822,-0.380521685
0.25,PlayerA,actor,Root,0.85,0,0
0.25,PlayerA,driver,Root,0.761987746,-0.249726951,-0.0187436566
0.25,PlayerA,native,AnimatorRoot,0.761987746,-0.249726951,-0.0187436566
0.25,PlayerA,native,Hips,0.806372166,0.4836644,-0.132270575
0.25,PlayerA,native,Head,0.7892639,0.9465633,0.08192818
0.25,PlayerA,native,Chest,0.800733745,0.6964363,-0.09022837
0.25,PlayerA,native,LeftHand,0.6633625,0.587283432,0.221981987
0.25,PlayerA,native,RightHand,0.7693439,0.5648277,0.304533452
0.25,PlayerA,native,LeftFoot,0.7136892,0.130452722,-0.4177363
0.25,PlayerA,native,RightFoot,1.00021052,0.112326264,0.316805482
0.25,PlayerA,fighter,AnimatorRoot,0.85,0,0
0.25,PlayerA,fighter,Hips,0.806372166,0.483664423,-0.1322706
0.25,PlayerA,fighter,Head,0.781891465,0.9070105,0.08135251
0.25,PlayerA,fighter,Chest,0.804819465,0.681414664,-0.09578635
0.25,PlayerA,fighter,LeftHand,0.6649462,0.5876772,0.221918553
0.25,PlayerA,fighter,RightHand,0.772318363,0.567447,0.303514719
0.25,PlayerA,fighter,LeftFoot,0.7136893,0.130452782,-0.417736232
0.25,PlayerA,fighter,RightFoot,1.00021052,0.112326242,0.316805482
0.25,PlayerB,actor,Root,-0.850000262,0,-2.026558E-07
0.25,PlayerB,driver,Root,-0.8411949,-0.004010792,0.007178888
0.25,PlayerB,native,AnimatorRoot,-0.8411949,-0.004010792,0.007178888
0.25,PlayerB,native,Hips,-0.882137656,0.7050996,-0.00724438345
0.25,PlayerB,native,Head,-0.8316816,1.18588591,0.0222377088
0.25,PlayerB,native,Chest,-0.87380904,0.908103049,0.000684636063
0.25,PlayerB,native,LeftHand,-0.699597061,0.7067201,0.103555866
0.25,PlayerB,native,RightHand,-0.6089684,0.7864898,0.06598919
0.25,PlayerB,native,LeftFoot,-0.697688937,0.110300072,0.385721415
0.25,PlayerB,native,RightFoot,-1.03320551,0.110595696,-0.380521864
0.25,PlayerB,fighter,AnimatorRoot,-0.850000262,0,-2.026558E-07
0.25,PlayerB,fighter,Hips,-0.882137656,0.705099463,-0.00724438345
0.25,PlayerB,fighter,Head,-0.8257296,1.41685784,0.029804036
0.25,PlayerB,fighter,Chest,-0.8830954,0.989611864,0.00365903461
0.25,PlayerB,fighter,LeftHand,-0.699597,0.706719935,0.103555731
0.25,PlayerB,fighter,RightHand,-0.6089683,0.7864896,0.06598943
0.25,PlayerB,fighter,LeftFoot,-0.697689,0.110300086,0.3857214
0.25,PlayerB,fighter,RightFoot,-1.03320563,0.110595569,-0.380521864
0.266666681,PlayerA,actor,Root,0.85,0,0
0.266666681,PlayerA,driver,Root,0.69537127,-0.230300516,-0.08483441
0.266666681,PlayerA,native,AnimatorRoot,0.69537127,-0.230300516,-0.08483441
0.266666681,PlayerA,native,Hips,0.75473845,0.496292323,-0.164724559
0.266666681,PlayerA,native,Head,0.7245302,0.981399059,-0.0018279627
0.266666681,PlayerA,native,Chest,0.7587649,0.71199286,-0.1381264
0.266666681,PlayerA,native,LeftHand,0.5041325,0.646110058,0.0463045239
0.266666681,PlayerA,native,RightHand,0.565888762,0.6060461,0.148194849
0.266666681,PlayerA,native,LeftFoot,0.7021422,0.1405986,-0.407684982
0.266666681,PlayerA,native,RightFoot,0.9008276,0.14602384,0.214451909
0.266666681,PlayerA,fighter,AnimatorRoot,0.85,0,0
0.266666681,PlayerA,fighter,Hips,0.75473845,0.496292323,-0.1647246
0.266666681,PlayerA,fighter,Head,0.71223557,0.9422472,-0.00247751176
0.266666681,PlayerA,fighter,Chest,0.7632406,0.696266055,-0.141466379
0.266666681,PlayerA,fighter,LeftHand,0.505625367,0.646394849,0.0469060242
0.266666681,PlayerA,fighter,RightHand,0.56953454,0.6078791,0.147884667
0.266666681,PlayerA,fighter,LeftFoot,0.7021423,0.14059864,-0.407684982
0.266666681,PlayerA,fighter,RightFoot,0.900827646,0.14602378,0.214451864
0.266666681,PlayerB,actor,Root,-0.850000262,0,-2.026558E-07
0.266666681,PlayerB,driver,Root,-0.8406423,-0.00427630451,0.007633262
0.266666681,PlayerB,native,AnimatorRoot,-0.8406423,-0.00427630451,0.007633262
0.266666681,PlayerB,native,Hips,-0.8817641,0.704764,-0.006793642
0.266666681,PlayerB,native,Head,-0.830841541,1.18547606,0.02279543
0.266666681,PlayerB,native,Chest,-0.8733579,0.907759547,0.00115109829
0.266666681,PlayerB,native,LeftHand,-0.698789,0.70627594,0.104086958
0.266666681,PlayerB,native,RightHand,-0.6083229,0.7861549,0.06652065
0.266666681,PlayerB,native,LeftFoot,-0.697689056,0.110300295,0.385721356
0.266666681,PlayerB,native,RightFoot,-1.03320575,0.110595919,-0.3805217
0.266666681,PlayerB,fighter,AnimatorRoot,-0.850000262,0,-2.026558E-07
0.266666681,PlayerB,fighter,Hips,-0.8817641,0.704763949,-0.006793642
0.266666681,PlayerB,fighter,Head,-0.8245598,1.41641819,0.03053502
0.266666681,PlayerB,fighter,Chest,-0.882581353,0.9892711,0.00414627464
0.266666681,PlayerB,fighter,LeftHand,-0.698789,0.7062758,0.1040869
0.266666681,PlayerB,fighter,RightHand,-0.608322859,0.786155,0.06652068
0.266666681,PlayerB,fighter,LeftFoot,-0.697689,0.110300422,0.385721356
0.266666681,PlayerB,fighter,RightFoot,-1.03320563,0.110596068,-0.3805218
0.283333331,PlayerA,actor,Root,0.85,0,0
0.283333331,PlayerA,driver,Root,0.6419244,-0.209811136,-0.172292784
0.283333331,PlayerA,native,AnimatorRoot,0.6419244,-0.209811136,-0.172292784
0.283333331,PlayerA,native,Hips,0.698346436,0.520042837,-0.203318223
0.283333331,PlayerA,native,Head,0.6835121,1.02117276,-0.0852471963
0.283333331,PlayerA,native,Chest,0.720471,0.7357562,-0.1827177
0.283333331,PlayerA,native,LeftHand,0.443210125,0.724985659,-0.170042709
0.283333331,PlayerA,native,RightHand,0.4504249,0.6553627,-0.07453689
0.283333331,PlayerA,native,LeftFoot,0.7206627,0.160539761,-0.410409451
0.283333331,PlayerA,native,RightFoot,0.743274152,0.135906741,0.04161433
0.283333331,PlayerA,fighter,AnimatorRoot,0.85,0,0
0.283333331,PlayerA,fighter,Hips,0.6983464,0.520042837,-0.203318283
0.283333331,PlayerA,fighter,Head,0.6661247,0.983449757,-0.08996767
0.283333331,PlayerA,fighter,Chest,0.724384367,0.7193363,-0.183650076
0.283333331,PlayerA,fighter,LeftHand,0.444273055,0.725318432,-0.168863192
0.283333331,PlayerA,fighter,RightHand,0.454290062,0.6565003,-0.0738215744
0.283333331,PlayerA,fighter,LeftFoot,0.7206627,0.160539731,-0.410409451
0.283333331,PlayerA,fighter,RightFoot,0.7432741,0.1359068,0.041614376
0.283333331,PlayerB,actor,Root,-0.850000262,0,-2.026558E-07
0.283333331,PlayerB,driver,Root,-0.8400979,-0.004539169,0.00808113
0.283333331,PlayerB,native,AnimatorRoot,-0.8400979,-0.004539169,0.00808113
0.283333331,PlayerB,native,Hips,-0.8813983,0.704431,-0.006348738
0.283333331,PlayerB,native,Head,-0.8300155,1.18506944,0.0233453419
0.283333331,PlayerB,native,Chest,-0.8729155,0.907418847,0.00161141378
0.283333331,PlayerB,native,LeftHand,-0.6979946,0.7058351,0.104610853
0.283333331,PlayerB,native,RightHand,-0.607688963,0.785822153,0.0670451745
0.283333331,PlayerB,native,LeftFoot,-0.697654843,0.110310279,0.3857219
0.283333331,PlayerB,native,RightFoot,-1.03320837,0.11059431,-0.380521446
0.283333331,PlayerB,fighter,AnimatorRoot,-0.850000262,0,-2.026558E-07
0.283333331,PlayerB,fighter,Hips,-0.8813983,0.704430938,-0.006348738
0.283333331,PlayerB,fighter,Head,-0.823408246,1.41598129,0.03125565
0.283333331,PlayerB,fighter,Chest,-0.882077,0.9889329,0.004626975
0.283333331,PlayerB,fighter,LeftHand,-0.69799453,0.705835,0.104610719
0.283333331,PlayerB,fighter,RightHand,-0.607689,0.785822034,0.0670452639
0.283333331,PlayerB,fighter,LeftFoot,-0.6976549,0.110309973,0.3857218
0.283333331,PlayerB,fighter,RightFoot,-1.03320825,0.1105944,-0.3805215
0.3,PlayerA,actor,Root,0.85,0,0
0.3,PlayerA,driver,Root,0.5859927,-0.1848079,-0.272705674
0.3,PlayerA,native,AnimatorRoot,0.5859927,-0.1848079,-0.272705674
0.3,PlayerA,native,Hips,0.616496265,0.5498897,-0.2686673
0.3,PlayerA,native,Head,0.6281032,1.0587132,-0.178412318
0.3,PlayerA,native,Chest,0.6541631,0.7635443,-0.2457474
0.3,PlayerA,native,LeftHand,0.4293271,0.8045046,-0.3623623
0.3,PlayerA,native,RightHand,0.40181765,0.720429957,-0.306181729
0.3,PlayerA,native,LeftFoot,0.7132449,0.163062334,-0.403791428
0.3,PlayerA,native,RightFoot,0.645718,0.180710554,-0.118583679
0.3,PlayerA,fighter,AnimatorRoot,0.85,0,0
0.3,PlayerA,fighter,Hips,0.6164962,0.5498897,-0.26866737
0.3,PlayerA,fighter,Head,0.608980358,1.02269828,-0.188582465
0.3,PlayerA,fighter,Chest,0.6566475,0.7466716,-0.244524345
0.3,PlayerA,fighter,LeftHand,0.429893345,0.8048958,-0.360905081
0.3,PlayerA,fighter,RightHand,0.405472517,0.7208489,-0.304389447
0.3,PlayerA,fighter,LeftFoot,0.7132449,0.163062364,-0.4037915
0.3,PlayerA,fighter,RightFoot,0.645718,0.180710509,-0.118583716
0.3,PlayerB,actor,Root,-0.850000262,0,-2.026558E-07
0.3,PlayerB,driver,Root,-0.839562535,-0.004798953,0.00852198247
0.3,PlayerB,native,AnimatorRoot,-0.839562535,-0.004798953,0.00852198247
0.3,PlayerB,native,Hips,-0.8810323,0.7041059,-0.005910439
0.3,PlayerB,native,Head,-0.8291959,1.18467093,0.0238868576
0.3,PlayerB,native,Chest,-0.8724741,0.9070859,0.00206493074
0.3,PlayerB,native,LeftHand,-0.6972062,0.7054031,0.10512694
0.3,PlayerB,native,RightHand,-0.607058644,0.7854969,0.06756192
0.3,PlayerB,native,LeftFoot,-0.6976892,0.1103003,0.385721356
0.3,PlayerB,native,RightFoot,-1.03320551,0.11059583,-0.380522043
0.3,PlayerB,fighter,AnimatorRoot,-0.850000262,0,-2.026558E-07
0.3,PlayerB,fighter,Hips,-0.8810323,0.7041059,-0.005910439
0.3,PlayerB,fighter,Head,-0.8222679,1.41555274,0.03196569
0.3,PlayerB,fighter,Chest,-0.881574333,0.9886027,0.005100746
0.3,PlayerB,fighter,LeftHand,-0.697206,0.705403,0.105126671
0.3,PlayerB,fighter,RightHand,-0.607058644,0.78549695,0.06756205
0.3,PlayerB,fighter,LeftFoot,-0.6976892,0.110300213,0.3857214
0.3,PlayerB,fighter,RightFoot,-1.03320551,0.11059586,-0.3805221
0.316666663,PlayerA,actor,Root,0.85,0,0
0.316666663,PlayerA,driver,Root,0.515502,-0.15244852,-0.381409615
0.316666663,PlayerA,native,AnimatorRoot,0.515502,-0.15244852,-0.381409615
0.316666663,PlayerA,native,Hips,0.528864443,0.5881866,-0.367004782
0.316666663,PlayerA,native,Head,0.544572234,1.09955859,-0.288824379
0.316666663,PlayerA,native,Chest,0.569268942,0.800838649,-0.339001745
0.316666663,PlayerA,native,LeftHand,0.365694463,0.8899101,-0.5142386
0.316666663,PlayerA,native,RightHand,0.336126924,0.8142113,-0.493479043
0.316666663,PlayerA,native,LeftFoot,0.702520967,0.157543346,-0.408945471
0.316666663,PlayerA,native,RightFoot,0.5290396,0.197434,-0.255900979
0.316666663,PlayerA,fighter,AnimatorRoot,0.85,0,0
0.316666663,PlayerA,fighter,Hips,0.5288644,0.5881867,-0.367004842
0.316666663,PlayerA,fighter,Head,0.5272739,1.06455076,-0.301265746
0.316666663,PlayerA,fighter,Chest,0.570701,0.7839164,-0.337019026
0.316666663,PlayerA,fighter,LeftHand,0.365976244,0.890122831,-0.5126477
0.316666663,PlayerA,fighter,RightHand,0.3392626,0.8136244,-0.4909162
0.316666663,PlayerA,fighter,LeftFoot,0.702520967,0.157543376,-0.408945531
0.316666663,PlayerA,fighter,RightFoot,0.529039741,0.197434,-0.255900919
0.316666663,PlayerB,actor,Root,-0.850000262,0,-2.026558E-07
0.316666663,PlayerB,driver,Root,-0.8389745,-0.005086137,0.009006752
0.316666663,PlayerB,native,AnimatorRoot,-0.8389745,-0.005086137,0.009006752
0.316666663,PlayerB,native,Hips,-0.88060987,0.7037569,-0.00542862667
0.316666663,PlayerB,native,Head,-0.8282742,1.18424046,0.024482144
0.316666663,PlayerB,native,Chest,-0.871968567,0.9067284,0.002563464
0.316666663,PlayerB,native,LeftHand,-0.696319342,0.704935849,0.105694108
0.316666663,PlayerB,native,RightHand,-0.606345,0.7851472,0.0681297258
0.316666663,PlayerB,native,LeftFoot,-0.6979617,0.110219344,0.385718077
0.316666663,PlayerB,native,RightFoot,-1.03318334,0.110606387,-0.3805226
0.316666663,PlayerB,fighter,AnimatorRoot,-0.850000262,0,-2.026558E-07
0.316666663,PlayerB,fighter,Hips,-0.88060987,0.7037568,-0.00542862667
0.316666663,PlayerB,fighter,Head,-0.820993066,1.41508794,0.0327464528
0.316666663,PlayerB,fighter,Chest,-0.881001532,0.988247931,0.00562151568
0.316666663,PlayerB,fighter,LeftHand,-0.696319342,0.7049358,0.105694123
0.316666663,PlayerB,fighter,RightHand,-0.606345057,0.78514713,0.0681297556
0.316666663,PlayerB,fighter,LeftFoot,-0.6979617,0.11021927,0.3857182
0.316666663,PlayerB,fighter,RightFoot,-1.03318346,0.110606417,-0.380522579
0.333333343,PlayerA,actor,Root,0.85,0,0
0.333333343,PlayerA,driver,Root,0.441592455,-0.116533443,-0.489828825
0.333333343,PlayerA,native,AnimatorRoot,0.441592455,-0.116533443,-0.489828825
0.333333343,PlayerA,native,Hips,0.444367349,0.627611637,-0.471000224
0.333333343,PlayerA,native,Head,0.455305934,1.14076972,-0.4026577
0.333333343,PlayerA,native,Chest,0.4820732,0.840100765,-0.438150436
0.333333343,PlayerA,native,LeftHand,0.287707746,0.9793969,-0.6492105
0.333333343,PlayerA,native,RightHand,0.258040667,0.910659969,-0.6536255
0.333333343,PlayerA,native,LeftFoot,0.6756996,0.144657686,-0.429567426
0.333333343,PlayerA,native,RightFoot,0.4112257,0.190615132,-0.4106264
0.333333343,PlayerA,fighter,AnimatorRoot,0.85,0,0
0.333333343,PlayerA,fighter,Hips,0.44436723,0.627611637,-0.471000373
0.333333343,PlayerA,fighter,Head,0.4406963,1.10644746,-0.415525079
0.333333343,PlayerA,fighter,Chest,0.482871443,0.8232109,-0.4359209
0.333333343,PlayerA,fighter,LeftHand,0.287774861,0.979365,-0.647566259
0.333333343,PlayerA,fighter,RightHand,0.2604605,0.9090614,-0.6507385
0.333333343,PlayerA,fighter,LeftFoot,0.675699532,0.144657716,-0.4295674
0.333333343,PlayerA,fighter,RightFoot,0.411225677,0.190615088,-0.410626382
0.333333343,PlayerB,actor,Root,-0.850000262,0,-2.026558E-07
0.333333343,PlayerB,driver,Root,-0.838521361,-0.005307983,0.009380427
0.333333343,PlayerB,native,AnimatorRoot,-0.838521361,-0.005307983,0.009380427
0.333333343,PlayerB,native,Hips,-0.8803241,0.7034691,-0.005055764
0.333333343,PlayerB,native,Head,-0.82760334,1.18388915,0.02494234
0.333333343,PlayerB,native,Chest,-0.871618748,0.906433761,0.002949242
0.333333343,PlayerB,native,LeftHand,-0.695675433,0.704556346,0.10613247
0.333333343,PlayerB,native,RightHand,-0.6058345,0.784858763,0.06856886
0.333333343,PlayerB,native,LeftFoot,-0.6976893,0.110300429,0.385721445
0.333333343,PlayerB,native,RightFoot,-1.03320646,0.110596053,-0.380521744
0.333333343,PlayerB,fighter,AnimatorRoot,-0.850000262,0,-2.026558E-07
0.333333343,PlayerB,fighter,Hips,-0.8803241,0.703469038,-0.005055766
0.333333343,PlayerB,fighter,Head,-0.8200501,1.41470993,0.033349447
0.333333343,PlayerB,fighter,Chest,-0.880599856,0.9879555,0.00602441328
0.333333343,PlayerB,fighter,LeftHand,-0.6956754,0.704556346,0.106132306
0.333333343,PlayerB,fighter,RightHand,-0.6058344,0.784858763,0.06856892
0.333333343,PlayerB,fighter,LeftFoot,-0.697689354,0.11030063,0.385721475
0.333333343,PlayerB,fighter,RightFoot,-1.03320646,0.110595986,-0.3805218
0.35,PlayerA,actor,Root,0.85,0,0
0.35,PlayerA,driver,Root,0.367441863,-0.07794028,-0.593397856
0.35,PlayerA,native,AnimatorRoot,0.367441863,-0.07794028,-0.593397856
0.35,PlayerA,native,Hips,0.361712068,0.668344855,-0.575582564
0.35,PlayerA,native,Head,0.3694313,1.183234,-0.519959
0.35,PlayerA,native,Chest,0.395546556,0.8810976,-0.540162563
0.35,PlayerA,native,LeftHand,0.216536582,1.06909931,-0.7755614
0.35,PlayerA,native,RightHand,0.160581708,1.00820529,-0.7976732
0.35,PlayerA,native,LeftFoot,0.6559878,0.1288684,-0.445375264
0.35,PlayerA,native,RightFoot,0.291708231,0.192950577,-0.5546783
0.35,PlayerA,fighter,AnimatorRoot,0.85,0,0
0.35,PlayerA,fighter,Hips,0.361711949,0.6683449,-0.5755827
0.35,PlayerA,fighter,Head,0.3572854,1.14940071,-0.5321705
0.35,PlayerA,fighter,Chest,0.395822585,0.8642482,-0.537649
0.35,PlayerA,fighter,LeftHand,0.216435671,1.068798,-0.7739438
0.35,PlayerA,fighter,RightHand,0.162361264,1.00568807,-0.7949821
0.35,PlayerA,fighter,LeftFoot,0.655987859,0.1288683,-0.445375264
0.35,PlayerA,fighter,RightFoot,0.291708231,0.1929504,-0.5546783
0.35,PlayerB,actor,Root,-0.850000262,0,-2.026558E-07
0.35,PlayerB,driver,Root,-0.8372923,-0.00586602977,0.0111493077
0.35,PlayerB,native,AnimatorRoot,-0.8372923,-0.00586602977,0.0111493077
0.35,PlayerB,native,Hips,-0.878882647,0.70209527,-0.00312498352
0.35,PlayerB,native,Head,-0.8283174,1.18267381,0.0270166937
0.35,PlayerB,native,Chest,-0.87149775,0.905098557,0.004879574
0.35,PlayerB,native,LeftHand,-0.68125093,0.7077205,0.0982664451
0.35,PlayerB,native,RightHand,-0.5972189,0.7953376,0.07705069
0.35,PlayerB,native,LeftFoot,-0.6886779,0.111405812,0.389953583
0.35,PlayerB,native,RightFoot,-1.03540611,0.110232793,-0.380676121
0.35,PlayerB,fighter,AnimatorRoot,-0.850000262,0,-2.026558E-07
0.35,PlayerB,fighter,Hips,-0.878882647,0.70209527,-0.00312498538
0.35,PlayerB,fighter,Head,-0.823210955,1.413644,0.0354807228
0.35,PlayerB,fighter,Chest,-0.880997658,0.9865495,0.008236133
0.35,PlayerB,fighter,LeftHand,-0.68125093,0.707720459,0.0982663557
0.35,PlayerB,fighter,RightHand,-0.597218931,0.7953376,0.0770505741
0.35,PlayerB,fighter,LeftFoot,-0.688677967,0.1114055,0.389953583
0.35,PlayerB,fighter,RightFoot,-1.03540611,0.11023283,-0.38067624
0.366666675,PlayerA,actor,Root,0.85,0,0
0.366666675,PlayerA,driver,Root,0.3048643,-0.04259563,-0.67542094
0.366666675,PlayerA,native,AnimatorRoot,0.3048643,-0.04259563,-0.67542094
0.366666675,PlayerA,native,Hips,0.293701828,0.7047982,-0.662350535
0.366666675,PlayerA,native,Head,0.301413059,1.2207334,-0.6155934
0.366666675,PlayerA,native,Chest,0.3237744,0.9177778,-0.6246996
0.366666675,PlayerA,native,LeftHand,0.160638511,1.14937806,-0.874818265
0.366666675,PlayerA,native,RightHand,0.0850268,1.08569765,-0.9153945
0.366666675,PlayerA,native,LeftFoot,0.6434432,0.125438169,-0.450966567
0.366666675,PlayerA,native,RightFoot,0.180581748,0.182711482,-0.6867572
0.366666675,PlayerA,fighter,AnimatorRoot,0.85,0,0
0.366666675,PlayerA,fighter,Hips,0.2937017,0.7047982,-0.6623507
0.366666675,PlayerA,fighter,Head,0.290543735,1.18719411,-0.6266468
0.366666675,PlayerA,fighter,Chest,0.323365331,0.9009323,-0.621748567
0.366666675,PlayerA,fighter,LeftHand,0.160492659,1.14877975,-0.8733293
0.366666675,PlayerA,fighter,RightHand,0.08630335,1.08256269,-0.913095653
0.366666675,PlayerA,fighter,LeftFoot,0.6434432,0.125438213,-0.450966537
0.366666675,PlayerA,fighter,RightFoot,0.180581689,0.182711467,-0.686757267
0.366666675,PlayerB,actor,Root,-0.850000262,0,-2.026558E-07
0.366666675,PlayerB,driver,Root,-0.838521361,-0.005307983,0.00938043
0.366666675,PlayerB,native,AnimatorRoot,-0.838521361,-0.005307983,0.00938043
0.366666675,PlayerB,native,Hips,-0.8803241,0.7034691,-0.00505575864
0.366666675,PlayerB,native,Head,-0.82760334,1.18388915,0.0249423515
0.366666675,PlayerB,native,Chest,-0.871618748,0.906433761,0.00294924947
0.366666675,PlayerB,native,LeftHand,-0.6956755,0.7045564,0.106132381
0.366666675,PlayerB,native,RightHand,-0.605834365,0.784859061,0.06856877
0.366666675,PlayerB,native,LeftFoot,-0.697689533,0.110300332,0.385721654
0.366666675,PlayerB,native,RightFoot,-1.033206,0.11059621,-0.380521923
0.366666675,PlayerB,fighter,AnimatorRoot,-0.850000262,0,-2.026558E-07
0.366666675,PlayerB,fighter,Hips,-0.8803241,0.703469038,-0.00505575864
0.366666675,PlayerB,fighter,Head,-0.8200501,1.41470993,0.0333493724
0.366666675,PlayerB,fighter,Chest,-0.880599856,0.9879555,0.006024378
0.366666675,PlayerB,fighter,LeftHand,-0.6956755,0.7045564,0.106132232
0.366666675,PlayerB,fighter,RightHand,-0.605834365,0.7848589,0.06856886
0.366666675,PlayerB,fighter,LeftFoot,-0.697689533,0.11030034,0.3857216
0.366666675,PlayerB,fighter,RightFoot,-1.033206,0.110596322,-0.380521923
0.3703704,PlayerA,actor,Root,0.85,0,0
0.3703704,PlayerA,driver,Root,0.295162678,-0.0363775119,-0.6868376
0.3703704,PlayerA,native,AnimatorRoot,0.295162678,-0.0363775119,-0.6868376
0.3703704,PlayerA,native,Hips,0.2829777,0.7117594,-0.6754701
0.3703704,PlayerA,native,Head,0.292071879,1.22776842,-0.6287201
0.3703704,PlayerA,native,Chest,0.312634766,0.9246632,-0.636937857
0.3703704,PlayerA,native,LeftHand,0.15379101,1.16367042,-0.8904289
0.3703704,PlayerA,native,RightHand,0.07598323,1.09412825,-0.9332127
0.3703704,PlayerA,native,LeftFoot,0.640116,0.125344783,-0.450509638
0.3703704,PlayerA,native,RightFoot,0.161040783,0.176109582,-0.7107594
0.3703704,PlayerA,fighter,AnimatorRoot,0.85,0,0
0.3703704,PlayerA,fighter,Hips,0.282977581,0.7117594,-0.675470233
0.3703704,PlayerA,fighter,Head,0.281144083,1.194257,-0.639710665
0.3703704,PlayerA,fighter,Chest,0.311947048,0.907805264,-0.6338417
0.3703704,PlayerA,fighter,LeftHand,0.15367353,1.16301858,-0.8889823
0.3703704,PlayerA,fighter,RightHand,0.07720423,1.09092224,-0.930982649
0.3703704,PlayerA,fighter,LeftFoot,0.640116,0.125344619,-0.4505097
0.3703704,PlayerA,fighter,RightFoot,0.161040723,0.176109508,-0.710759461
0.3703704,PlayerB,actor,Root,-0.850000262,0,-2.026558E-07
0.3703704,PlayerB,driver,Root,-0.8397781,-0.00477566058,0.00750513142
0.3703704,PlayerB,native,AnimatorRoot,-0.8397781,-0.00477566058,0.00750513142
0.3703704,PlayerB,native,Hips,-0.882215738,0.7046473,-0.007108649
0.3703704,PlayerB,native,Head,-0.8270518,1.18486261,0.0228277352
0.3703704,PlayerB,native,Chest,-0.8720556,0.9075563,0.0009530935
0.3703704,PlayerB,native,LeftHand,-0.712603331,0.701357067,0.11378362
0.3703704,PlayerB,native,RightHand,-0.6148936,0.7740117,0.05845005
0.3703704,PlayerB,native,LeftFoot,-0.7025933,0.110613279,0.381243855
0.3703704,PlayerB,native,RightFoot,-1.03147376,0.110767744,-0.380200654
0.3703704,PlayerB,fighter,AnimatorRoot,-0.850000262,0,-2.026558E-07
0.3703704,PlayerB,fighter,Hips,-0.882215738,0.7046472,-0.007108649
0.3703704,PlayerB,fighter,Head,-0.8167735,1.415481,0.03130822
0.3703704,PlayerB,fighter,Chest,-0.8804541,0.989150941,0.00374156656
0.3703704,PlayerB,fighter,LeftHand,-0.7126033,0.7013569,0.113783576
0.3703704,PlayerB,fighter,RightHand,-0.6148936,0.774011552,0.058450155
0.3703704,PlayerB,fighter,LeftFoot,-0.7025934,0.110613428,0.381243855
0.3703704,PlayerB,fighter,RightFoot,-1.03147376,0.11076764,-0.380200744
0.383333325,PlayerA,actor,Root,0.85,0,0
0.383333325,PlayerA,driver,Root,0.271179974,-0.01799072,-0.7095795
0.383333325,PlayerA,native,AnimatorRoot,0.271179974,-0.01799072,-0.7095795
0.383333325,PlayerA,native,Hips,0.257021666,0.7339384,-0.706176341
0.383333325,PlayerA,native,Head,0.273009479,1.24970376,-0.6537295
0.383333325,PlayerA,native,Chest,0.285911322,0.946219742,-0.6632633
0.383333325,PlayerA,native,LeftHand,0.139793992,1.20371354,-0.926018536
0.383333325,PlayerA,native,RightHand,0.0496931672,1.11153233,-0.968774557
0.383333325,PlayerA,native,LeftFoot,0.637915,0.124231368,-0.449969947
0.383333325,PlayerA,native,RightFoot,0.09194213,0.144248456,-0.782614231
0.383333325,PlayerA,fighter,AnimatorRoot,0.85,0,0
0.383333325,PlayerA,fighter,Hips,0.257021546,0.7339384,-0.70617646
0.383333325,PlayerA,fighter,Head,0.261275649,1.216186,-0.6656266
0.383333325,PlayerA,fighter,Chest,0.2838564,0.9293043,-0.659686
0.383333325,PlayerA,fighter,LeftHand,0.13990283,1.202969,-0.924738765
0.383333325,PlayerA,fighter,RightHand,0.0507876873,1.10813129,-0.966779768
0.383333325,PlayerA,fighter,LeftFoot,0.637915134,0.124231435,-0.449969947
0.383333325,PlayerA,fighter,RightFoot,0.09194213,0.144248486,-0.7826141
0.383333325,PlayerB,actor,Root,-0.850000262,0,-2.026558E-07
0.383333325,PlayerB,driver,Root,-0.8467257,-0.00200720574,-0.002975392
0.383333325,PlayerB,native,AnimatorRoot,-0.8467257,-0.00200720574,-0.002975392
0.383333325,PlayerB,native,Hips,-0.8924392,0.70998764,-0.0187875871
0.383333325,PlayerB,native,Head,-0.823500752,1.1886909,0.01194201
0.383333325,PlayerB,native,Chest,-0.8743027,0.9123642,-0.009628806
0.383333325,PlayerB,native,LeftHand,-0.8167296,0.695780933,0.139104128
0.383333325,PlayerB,native,RightHand,-0.657946467,0.7271648,-0.010922024
0.383333325,PlayerB,native,LeftFoot,-0.7258974,0.114912868,0.358804375
0.383333325,PlayerB,native,RightFoot,-1.02559829,0.111359835,-0.377062052
0.383333325,PlayerB,fighter,AnimatorRoot,-0.850000262,0,-2.026558E-07
0.383333325,PlayerB,fighter,Hips,-0.8924392,0.70998764,-0.0187875871
0.383333325,PlayerB,fighter,Head,-0.7983336,1.41755378,0.02270591
0.383333325,PlayerB,fighter,Chest,-0.87935704,0.9942747,-0.008152226
0.383333325,PlayerB,fighter,LeftHand,-0.816729546,0.6957807,0.139103979
0.383333325,PlayerB,fighter,RightHand,-0.657946348,0.7271648,-0.0109219346
0.383333325,PlayerB,fighter,LeftFoot,-0.7258974,0.114912845,0.358804375
0.383333325,PlayerB,fighter,RightFoot,-1.02559829,0.111359812,-0.377062052
0.4,PlayerA,actor,Root,0.85,0,0
0.4,PlayerA,driver,Root,0.253048837,-0.000309390947,-0.7201763
0.4,PlayerA,native,AnimatorRoot,0.253048837,-0.000309390947,-0.7201763
0.4,PlayerA,native,Hips,0.240004838,0.7549661,-0.7273851
0.4,PlayerA,native,Head,0.261738479,1.269832,-0.6627948
0.4,PlayerA,native,Chest,0.267331,0.9663998,-0.678837538
0.4,PlayerA,native,LeftHand,0.130080462,1.240691,-0.9434631
0.4,PlayerA,native,RightHand,0.0181070566,1.13041127,-0.989169836
0.4,PlayerA,native,LeftFoot,0.643443346,0.125436321,-0.4509664
0.4,PlayerA,native,RightFoot,0.0185757279,0.121388495,-0.84594506
0.4,PlayerA,fighter,AnimatorRoot,0.85,0,0
0.4,PlayerA,fighter,Hips,0.240004718,0.7549661,-0.7273852
0.4,PlayerA,fighter,Head,0.249192476,1.23626912,-0.67720896
0.4,PlayerA,fighter,Chest,0.263286054,0.949452043,-0.674986
0.4,PlayerA,fighter,LeftHand,0.130539477,1.2399478,-0.942453742
0.4,PlayerA,fighter,RightHand,0.0190286636,1.12680137,-0.9874775
0.4,PlayerA,fighter,LeftFoot,0.6434432,0.12543641,-0.450966418
0.4,PlayerA,fighter,RightFoot,0.0185756683,0.121388294,-0.8459451
0.4,PlayerB,actor,Root,-0.850000262,0,-2.026558E-07
0.4,PlayerB,driver,Root,-0.857144833,0.003111574,-0.0180632435
0.4,PlayerB,native,AnimatorRoot,-0.857144833,0.003111574,-0.0180632435
0.4,PlayerB,native,Hips,-0.906220853,0.7163019,-0.0358451344
0.4,PlayerB,native,Head,-0.8181164,1.19195926,-0.00188201631
0.4,PlayerB,native,Chest,-0.8775575,0.917372644,-0.02359626
0.4,PlayerB,native,LeftHand,-0.9689272,0.72839576,0.131703779
0.4,PlayerB,native,RightHand,-0.712376535,0.700006843,-0.132564187
0.4,PlayerB,native,LeftFoot,-0.7559718,0.124850072,0.33162266
0.4,PlayerB,native,RightFoot,-1.0226537,0.112517528,-0.371815
0.4,PlayerB,fighter,AnimatorRoot,-0.850000262,0,-2.026558E-07
0.4,PlayerB,fighter,Hips,-0.906220853,0.716301858,-0.0358451381
0.4,PlayerB,fighter,Head,-0.774044931,1.41681039,0.0165543463
0.4,PlayerB,fighter,Chest,-0.8776948,0.999462962,-0.0233066827
0.4,PlayerB,fighter,LeftHand,-0.968927,0.728395641,0.131703585
0.4,PlayerB,fighter,RightHand,-0.7123766,0.7000066,-0.132563978
0.4,PlayerB,fighter,LeftFoot,-0.7559717,0.124850109,0.33162266
0.4,PlayerB,fighter,RightFoot,-1.02265382,0.112517469,-0.371815
0.416666657,PlayerA,actor,Root,0.85,0,0
0.416666657,PlayerA,driver,Root,0.24374342,0.012456527,-0.721307
0.416666657,PlayerA,native,AnimatorRoot,0.24374342,0.012456527,-0.721307
0.416666657,PlayerA,native,Hips,0.23242873,0.7698171,-0.73665756
0.416666657,PlayerA,native,Head,0.2542771,1.28378141,-0.6613271
0.416666657,PlayerA,native,Chest,0.25757724,0.980757952,-0.6843058
0.416666657,PlayerA,native,LeftHand,0.116334379,1.25684786,-0.943481743
0.416666657,PlayerA,native,RightHand,-0.0109153986,1.1403209,-1.019335
0.416666657,PlayerA,native,LeftFoot,0.642954469,0.126350343,-0.451306432
0.416666657,PlayerA,native,RightFoot,0.00670206547,0.1207335,-0.8574517
0.416666657,PlayerA,fighter,AnimatorRoot,0.85,0,0
0.416666657,PlayerA,fighter,Hips,0.23242861,0.7698171,-0.7366577
0.416666657,PlayerA,fighter,Head,0.2411074,1.25011766,-0.678408742
0.416666657,PlayerA,fighter,Chest,0.251705527,0.9638403,-0.680501
0.416666657,PlayerA,fighter,LeftHand,0.117078781,1.25621474,-0.942766964
0.416666657,PlayerA,fighter,RightHand,-0.009957671,1.13665652,-1.01778615
0.416666657,PlayerA,fighter,LeftFoot,0.6429545,0.1263504,-0.451306522
0.416666657,PlayerA,fighter,RightFoot,0.006702125,0.1207335,-0.8574516
0.416666657,PlayerB,actor,Root,-0.850000262,0,-2.026558E-07
0.416666657,PlayerB,driver,Root,-0.8666383,0.0103031686,-0.0304348264
0.416666657,PlayerB,native,AnimatorRoot,-0.8666383,0.0103031686,-0.0304348264
0.416666657,PlayerB,native,Hips,-0.9178414,0.72323674,-0.0501124561
0.416666657,PlayerB,native,Head,-0.813324749,1.19542754,-0.0123285986
0.416666657,PlayerB,native,Chest,-0.8808833,0.922758,-0.0344581679
0.416666657,PlayerB,native,LeftHand,-1.08098686,0.7921953,0.101367436
0.416666657,PlayerB,native,RightHand,-0.7719936,0.7179492,-0.22879526
0.416666657,PlayerB,native,LeftFoot,-0.785799,0.130927056,0.305091947
0.416666657,PlayerB,native,RightFoot,-1.015665,0.114138886,-0.3677931
0.416666657,PlayerB,fighter,AnimatorRoot,-0.850000262,0,-2.026558E-07
0.416666657,PlayerB,fighter,Hips,-0.9178414,0.7232367,-0.0501124635
0.416666657,PlayerB,fighter,Head,-0.75571996,1.4158808,0.0150332879
0.416666657,PlayerB,fighter,Chest,-0.8766677,1.00474763,-0.03464949
0.416666657,PlayerB,fighter,LeftHand,-1.08098674,0.7921952,0.101367332
0.416666657,PlayerB,fighter,RightHand,-0.7719936,0.717949152,-0.22879523
0.416666657,PlayerB,fighter,LeftFoot,-0.785798967,0.130926982,0.305091918
0.416666657,PlayerB,fighter,RightFoot,-1.015665,0.114138789,-0.367793173
0.433333337,PlayerA,actor,Root,0.85,0,0
0.433333337,PlayerA,driver,Root,0.240744054,0.0182394758,-0.7172758
0.433333337,PlayerA,native,AnimatorRoot,0.240744054,0.0182394758,-0.7172758
0.433333337,PlayerA,native,Hips,0.232429862,0.7759525,-0.7362956
0.433333337,PlayerA,native,Head,0.248593688,1.28969526,-0.65455544
0.433333337,PlayerA,native,Chest,0.254199564,0.9871579,-0.682924867
0.433333337,PlayerA,native,LeftHand,0.106204748,1.26682091,-0.9360123
0.433333337,PlayerA,native,RightHand,-0.03010428,1.16012156,-1.0420202
0.433333337,PlayerA,native,LeftFoot,0.6434424,0.125437349,-0.4509677
0.433333337,PlayerA,native,RightFoot,0.01857531,0.121386372,-0.845945835
0.433333337,PlayerA,fighter,AnimatorRoot,0.85,0,0
0.433333337,PlayerA,fighter,Hips,0.232429683,0.7759525,-0.73629576
0.433333337,PlayerA,fighter,Head,0.235998511,1.25578332,-0.673966
0.433333337,PlayerA,fighter,Chest,0.246976554,0.970254362,-0.6791704
0.433333337,PlayerA,fighter,LeftHand,0.107093096,1.2662611,-0.935579658
0.433333337,PlayerA,fighter,RightHand,-0.02916962,1.15637207,-1.040674
0.433333337,PlayerA,fighter,LeftFoot,0.6434424,0.125437364,-0.450967848
0.433333337,PlayerA,fighter,RightFoot,0.01857531,0.121386431,-0.8459459
0.433333337,PlayerB,actor,Root,-0.850000262,0,-2.026558E-07
0.433333337,PlayerB,driver,Root,-0.87486285,0.0176558644,-0.03991918
0.433333337,PlayerB,native,AnimatorRoot,-0.87486285,0.0176558644,-0.03991918
0.433333337,PlayerB,native,Hips,-0.9260193,0.7293335,-0.06020225
0.433333337,PlayerB,native,Head,-0.812983334,1.19947708,-0.02067015
0.433333337,PlayerB,native,Chest,-0.884762168,0.927867949,-0.04255277
0.433333337,PlayerB,native,LeftHand,-1.1434164,0.8534247,0.0564332679
0.433333337,PlayerB,native,RightHand,-0.808085263,0.7656657,-0.3049197
0.433333337,PlayerB,native,LeftFoot,-0.8090774,0.134680912,0.286033243
0.433333337,PlayerB,native,RightFoot,-1.01210189,0.114438534,-0.363108128
0.433333337,PlayerB,fighter,AnimatorRoot,-0.850000262,0,-2.026558E-07
0.433333337,PlayerB,fighter,Hips,-0.9260193,0.72933346,-0.0602022558
0.433333337,PlayerB,fighter,Head,-0.74971807,1.41730082,0.0137959924
0.433333337,PlayerB,fighter,Chest,-0.8778747,1.00966871,-0.0429841727
0.433333337,PlayerB,fighter,LeftHand,-1.1434164,0.853424549,0.0564332679
0.433333337,PlayerB,fighter,RightHand,-0.8080854,0.7656655,-0.3049197
0.433333337,PlayerB,fighter,LeftFoot,-0.8090774,0.134680942,0.2860332
0.433333337,PlayerB,fighter,RightFoot,-1.012102,0.114438534,-0.363108128
0.45,PlayerA,actor,Root,0.85,0,0
0.45,PlayerA,driver,Root,0.238835454,0.0143384077,-0.7190092
0.45,PlayerA,native,AnimatorRoot,0.238835454,0.0143384077,-0.7190092
0.45,PlayerA,native,Hips,0.2353369,0.7701698,-0.733226657
0.45,PlayerA,native,Head,0.2395119,1.28538644,-0.655556
0.45,PlayerA,native,Chest,0.251869082,0.9830965,-0.6844256
0.45,PlayerA,native,LeftHand,0.104167759,1.2673341,-0.937229037
0.45,PlayerA,native,RightHand,-0.03603363,1.16619325,-1.04838765
0.45,PlayerA,native,LeftFoot,0.6439246,0.125292629,-0.450498372
0.45,PlayerA,native,RightFoot,0.0186830759,0.12119031,-0.8455961
0.45,PlayerA,fighter,AnimatorRoot,0.85,0,0
0.45,PlayerA,fighter,Hips,0.235336781,0.7701698,-0.733226836
0.45,PlayerA,fighter,Head,0.228300214,1.25128031,-0.6745653
0.45,PlayerA,fighter,Chest,0.244214,0.966107666,-0.6801424
0.45,PlayerA,fighter,LeftHand,0.105095744,1.26682317,-0.9368785
0.45,PlayerA,fighter,RightHand,-0.0351905823,1.16238391,-1.047154
0.45,PlayerA,fighter,LeftFoot,0.6439247,0.1252925,-0.450498343
0.45,PlayerA,fighter,RightFoot,0.0186830759,0.121190213,-0.845596
0.45,PlayerB,actor,Root,-0.850000262,0,-2.026558E-07
0.45,PlayerB,driver,Root,-0.879836559,0.023091713,-0.043566864
0.45,PlayerB,native,AnimatorRoot,-0.879836559,0.023091713,-0.043566864
0.45,PlayerB,native,Hips,-0.925091565,0.734298468,-0.06039373
0.45,PlayerB,native,Head,-0.8207807,1.20702469,-0.0276874956
0.45,PlayerB,native,Chest,-0.8868565,0.933707,-0.04596019
0.45,PlayerB,native,LeftHand,-1.1472857,0.863123536,0.0485538319
0.45,PlayerB,native,RightHand,-0.8168234,0.798145354,-0.328411549
0.45,PlayerB,native,LeftFoot,-0.820459,0.132442832,0.282108247
0.45,PlayerB,native,RightFoot,-1.01254892,0.114346832,-0.3623046
0.45,PlayerB,fighter,AnimatorRoot,-0.850000262,0,-2.026558E-07
0.45,PlayerB,fighter,Hips,-0.925091565,0.7342984,-0.0603937432
0.45,PlayerB,fighter,Head,-0.76457417,1.42748427,0.005029446
0.45,PlayerB,fighter,Chest,-0.881077766,1.01554823,-0.04731334
0.45,PlayerB,fighter,LeftHand,-1.14728582,0.863123536,0.0485538021
0.45,PlayerB,fighter,RightHand,-0.816823363,0.7981452,-0.3284115
0.45,PlayerB,fighter,LeftFoot,-0.820459068,0.132442787,0.282108128
0.45,PlayerB,fighter,RightFoot,-1.01254892,0.114346661,-0.362304658
0.466666669,PlayerA,actor,Root,0.85,0,0
0.466666669,PlayerA,driver,Root,0.239377141,0.00466109253,-0.720735967
0.466666669,PlayerA,native,AnimatorRoot,0.239377141,0.00466109253,-0.720735967
0.466666669,PlayerA,native,Hips,0.241508126,0.757814467,-0.725872338
0.466666669,PlayerA,native,Head,0.231233358,1.27481556,-0.6577687
0.466666669,PlayerA,native,Chest,0.2523213,0.972822845,-0.6846165
0.466666669,PlayerA,native,LeftHand,0.104396939,1.25659561,-0.937858462
0.466666669,PlayerA,native,RightHand,-0.03641337,1.15468872,-1.04653466
0.466666669,PlayerA,native,LeftFoot,0.643442869,0.1254358,-0.450968057
0.466666669,PlayerA,native,RightFoot,0.0185742974,0.121387929,-0.8459455
0.466666669,PlayerA,fighter,AnimatorRoot,0.85,0,0
0.466666669,PlayerA,fighter,Hips,0.241508,0.757814467,-0.725872457
0.466666669,PlayerA,fighter,Head,0.221290588,1.24059379,-0.6748596
0.466666669,PlayerA,fighter,Chest,0.244644523,0.9557366,-0.679401457
0.466666669,PlayerA,fighter,LeftHand,0.105341136,1.25613439,-0.937491059
0.466666669,PlayerA,fighter,RightHand,-0.03561479,1.15088451,-1.04525626
0.466666669,PlayerA,fighter,LeftFoot,0.643443,0.125435829,-0.450968027
0.466666669,PlayerA,fighter,RightFoot,0.0185741782,0.121388152,-0.8459454
0.466666669,PlayerB,actor,Root,-0.850000262,0,-2.026558E-07
0.466666669,PlayerB,driver,Root,-0.8833351,0.0273641273,-0.0442648232
0.466666669,PlayerB,native,AnimatorRoot,-0.8833351,0.0273641273,-0.0442648232
0.466666669,PlayerB,native,Hips,-0.9196324,0.739197433,-0.0554616
0.466666669,PlayerB,native,Head,-0.832414865,1.21606266,-0.0342637748
0.466666669,PlayerB,native,Chest,-0.887878239,0.940089166,-0.0471121781
0.466666669,PlayerB,native,LeftHand,-1.12908435,0.8498744,0.07146994
0.466666669,PlayerB,native,RightHand,-0.8204846,0.813135862,-0.3241957
0.466666669,PlayerB,native,LeftFoot,-0.8268098,0.126072943,0.283661
0.466666669,PlayerB,native,RightFoot,-1.01210237,0.114437878,-0.363108248
0.466666669,PlayerB,fighter,AnimatorRoot,-0.850000262,0,-2.026558E-07
0.466666669,PlayerB,fighter,Hips,-0.9196324,0.7391974,-0.0554616153
0.466666669,PlayerB,fighter,Head,-0.7890797,1.440842,-0.008258989
0.466666669,PlayerB,fighter,Chest,-0.885016441,1.02200639,-0.0498471633
0.466666669,PlayerB,fighter,LeftHand,-1.12908435,0.849874258,0.0714698657
0.466666669,PlayerB,fighter,RightHand,-0.8204846,0.8131359,-0.324195683
0.466666669,PlayerB,fighter,LeftFoot,-0.8268099,0.1260729,0.283661
0.466666669,PlayerB,fighter,RightFoot,-1.01210237,0.1144377,-0.3631082
0.483333319,PlayerA,actor,Root,0.85,0,0
0.483333319,PlayerA,driver,Root,0.242711782,-0.008617561,-0.719440043
0.483333319,PlayerA,native,AnimatorRoot,0.242711782,-0.008617561,-0.719440043
0.483333319,PlayerA,native,Hips,0.2517029,0.7409378,-0.7135808
0.483333319,PlayerA,native,Head,0.225519538,1.25919116,-0.657402039
0.483333319,PlayerA,native,Chest,0.256539345,0.9578227,-0.6814843
0.483333319,PlayerA,native,LeftHand,0.107355893,1.23926413,-0.9348827
0.483333319,PlayerA,native,RightHand,-0.03202516,1.14642322,-1.04030454
0.483333319,PlayerA,native,LeftFoot,0.6437092,0.124633908,-0.4500725
0.483333319,PlayerA,native,RightFoot,0.0186805725,0.121398017,-0.8485367
0.483333319,PlayerA,fighter,AnimatorRoot,0.85,0,0
0.483333319,PlayerA,fighter,Hips,0.2517028,0.7409378,-0.7135809
0.483333319,PlayerA,fighter,Head,0.216925025,1.22493207,-0.6718784
0.483333319,PlayerA,fighter,Chest,0.249029875,0.9406827,-0.6750648
0.483333319,PlayerA,fighter,LeftHand,0.10830766,1.23885143,-0.9344698
0.483333319,PlayerA,fighter,RightHand,-0.0312895775,1.142614,-1.039003
0.483333319,PlayerA,fighter,LeftFoot,0.643709242,0.124633841,-0.450072438
0.483333319,PlayerA,fighter,RightFoot,0.0186805725,0.121397831,-0.848536551
0.483333319,PlayerB,actor,Root,-0.850000262,0,-2.026558E-07
0.483333319,PlayerB,driver,Root,-0.886624932,0.0306339916,-0.0437837169
0.483333319,PlayerB,native,AnimatorRoot,-0.886624932,0.0306339916,-0.0437837169
0.483333319,PlayerB,native,Hips,-0.9126021,0.743600249,-0.0484720543
0.483333319,PlayerB,native,Head,-0.8470002,1.22432888,-0.0409220271
0.483333319,PlayerB,native,Chest,-0.8892426,0.9458067,-0.04752359
0.483333319,PlayerB,native,LeftHand,-1.09681249,0.832533836,0.10937161
0.483333319,PlayerB,native,RightHand,-0.819872737,0.822525263,-0.313867569
0.483333319,PlayerB,native,LeftFoot,-0.8267152,0.119742893,0.2914124
0.483333319,PlayerB,native,RightFoot,-1.01233459,0.114151135,-0.363648266
0.483333319,PlayerB,fighter,AnimatorRoot,-0.850000262,0,-2.026558E-07
0.483333319,PlayerB,fighter,Hips,-0.9126021,0.7436002,-0.04847206
0.483333319,PlayerB,fighter,Head,-0.8197734,1.45296681,-0.02402069
0.483333319,PlayerB,fighter,Chest,-0.8901777,1.02766538,-0.05181922
0.483333319,PlayerB,fighter,LeftHand,-1.09681261,0.832533658,0.109371625
0.483333319,PlayerB,fighter,RightHand,-0.8198727,0.822525263,-0.313867629
0.483333319,PlayerB,fighter,LeftFoot,-0.8267151,0.119742639,0.2914124
0.483333319,PlayerB,fighter,RightFoot,-1.01233447,0.1141511,-0.363648266
0.4938272,PlayerA,actor,Root,0.85,0,0
0.4938272,PlayerA,driver,Root,0.24542582,-0.01800354,-0.7182026
0.4938272,PlayerA,native,AnimatorRoot,0.24542582,-0.01800354,-0.7182026
0.4938272,PlayerA,native,Hips,0.258936822,0.7291984,-0.7051428
0.4938272,PlayerA,native,Head,0.222840369,1.24783528,-0.657323241
0.4938272,PlayerA,native,Chest,0.2600572,0.9469996,-0.679180145
0.4938272,PlayerA,native,LeftHand,0.10952431,1.22536123,-0.9320714
0.4938272,PlayerA,native,RightHand,-0.028247416,1.13946056,-1.03496182
0.4938272,PlayerA,native,LeftFoot,0.643613338,0.12496081,-0.450397849
0.4938272,PlayerA,native,RightFoot,0.018846035,0.1215252,-0.8482411
0.4938272,PlayerA,fighter,AnimatorRoot,0.85,0,0
0.4938272,PlayerA,fighter,Hips,0.2589367,0.7291984,-0.7051429
0.4938272,PlayerA,fighter,Head,0.215036631,1.213617,-0.669933438
0.4938272,PlayerA,fighter,Chest,0.252740562,0.9298712,-0.6719414
0.4938272,PlayerA,fighter,LeftHand,0.110473514,1.22496927,-0.931621253
0.4938272,PlayerA,fighter,RightHand,-0.027544558,1.13565648,-1.03362787
0.4938272,PlayerA,fighter,LeftFoot,0.6436133,0.1249608,-0.4503979
0.4938272,PlayerA,fighter,RightFoot,0.018846035,0.121525243,-0.8482412
0.4938272,PlayerB,actor,Root,-0.850000262,0,-2.026558E-07
0.4938272,PlayerB,driver,Root,-0.8883606,0.03205948,-0.04293979
0.4938272,PlayerB,native,AnimatorRoot,-0.8883606,0.03205948,-0.04293979
0.4938272,PlayerB,native,Hips,-0.907328963,0.7460788,-0.04349852
0.4938272,PlayerB,native,Head,-0.856480241,1.22861755,-0.0444323644
0.4938272,PlayerB,native,Chest,-0.889896035,0.9488371,-0.0474038981
0.4938272,PlayerB,native,LeftHand,-1.0692904,0.82378006,0.136164263
0.4938272,PlayerB,native,RightHand,-0.818982065,0.8257557,-0.303716
0.4938272,PlayerB,native,LeftFoot,-0.8278227,0.115102082,0.2961687
0.4938272,PlayerB,native,RightFoot,-1.01240766,0.114171922,-0.363411725
0.4938272,PlayerB,fighter,AnimatorRoot,-0.850000262,0,-2.026558E-07
0.4938272,PlayerB,fighter,Hips,-0.907328963,0.7460787,-0.0434985235
0.4938272,PlayerB,fighter,Head,-0.840366542,1.45886242,-0.03324039
0.4938272,PlayerB,fighter,Chest,-0.89345485,1.03055131,-0.0526222549
0.4938272,PlayerB,fighter,LeftHand,-1.06929052,0.8237799,0.136164248
0.4938272,PlayerB,fighter,RightHand,-0.8189821,0.8257557,-0.303715825
0.4938272,PlayerB,fighter,LeftFoot,-0.8278226,0.11510206,0.296168745
0.4938272,PlayerB,fighter,RightFoot,-1.01240754,0.114172086,-0.3634117
0.5,PlayerA,actor,Root,0.85,0,0
0.5,PlayerA,driver,Root,0.246674359,-0.0229994338,-0.7177825
0.5,PlayerA,native,AnimatorRoot,0.246674359,-0.0229994338,-0.7177825
0.5,PlayerA,native,Hips,0.262524962,0.7230435,-0.70108825
0.5,PlayerA,native,Head,0.221504569,1.241778,-0.658020854
0.5,PlayerA,native,Chest,0.26176697,0.941231251,-0.678408146
0.5,PlayerA,native,LeftHand,0.110462368,1.21764612,-0.9309575
0.5,PlayerA,native,RightHand,-0.02614224,1.13592649,-1.03252983
0.5,PlayerA,native,LeftFoot,0.643441,0.125438124,-0.450969428
0.5,PlayerA,native,RightFoot,0.0185741186,0.121389553,-0.84594655
0.5,PlayerA,fighter,AnimatorRoot,0.85,0,0
0.5,PlayerA,fighter,Hips,0.262524784,0.7230435,-0.701088369
0.5,PlayerA,fighter,Head,0.214087427,1.20759261,-0.669653058
0.5,PlayerA,fighter,Chest,0.2545554,0.924128652,-0.6707469
0.5,PlayerA,fighter,LeftHand,0.111410856,1.21726441,-0.9304916
0.5,PlayerA,fighter,RightHand,-0.0254603028,1.1321255,-1.03117657
0.5,PlayerA,fighter,LeftFoot,0.6434409,0.125438213,-0.450969517
0.5,PlayerA,fighter,RightFoot,0.0185742378,0.121389583,-0.84594655
0.5,PlayerB,actor,Root,-0.850000262,0,-2.026558E-07
0.5,PlayerB,driver,Root,-0.8892515,0.03260077,-0.0425229855
0.5,PlayerB,native,AnimatorRoot,-0.8892515,0.03260077,-0.0425229855
0.5,PlayerB,native,Hips,-0.9044398,0.7473222,-0.0409184434
0.5,PlayerB,native,Head,-0.8610333,1.23052847,-0.0459128469
0.5,PlayerB,native,Chest,-0.890108347,0.950251341,-0.047308553
0.5,PlayerB,native,LeftHand,-1.05391455,0.8214227,0.1502811
0.5,PlayerB,native,RightHand,-0.8184602,0.827537537,-0.2980224
0.5,PlayerB,native,LeftFoot,-0.831689656,0.111464784,0.296236783
0.5,PlayerB,native,RightFoot,-1.012102,0.114438966,-0.363108218
0.5,PlayerB,fighter,AnimatorRoot,-0.850000262,0,-2.026558E-07
0.5,PlayerB,fighter,Hips,-0.9044398,0.747322142,-0.0409184471
0.5,PlayerB,fighter,Head,-0.8505271,1.46127307,-0.0373109654
0.5,PlayerB,fighter,Chest,-0.8949931,1.031857,-0.0529615544
0.5,PlayerB,fighter,LeftHand,-1.05391467,0.8214226,0.150281131
0.5,PlayerB,fighter,RightHand,-0.8184603,0.827537537,-0.2980223
0.5,PlayerB,fighter,LeftFoot,-0.831689656,0.111464664,0.2962368
0.5,PlayerB,fighter,RightFoot,-1.012102,0.114438988,-0.363108367
0.516666651,PlayerA,actor,Root,0.85,0,0
0.516666651,PlayerA,driver,Root,0.249177456,-0.0352179371,-0.717309
0.516666651,PlayerA,native,AnimatorRoot,0.249177456,-0.0352179371,-0.717309
0.516666651,PlayerA,native,Hips,0.270084858,0.7079276,-0.6915876
0.516666651,PlayerA,native,Head,0.218599141,1.22667658,-0.6608992
0.516666651,PlayerA,native,Chest,0.2651682,0.9267713,-0.676813841
0.516666651,PlayerA,native,LeftHand,0.111658871,1.19729519,-0.9279708
0.516666651,PlayerA,native,RightHand,-0.0208209157,1.12778771,-1.02676344
0.516666651,PlayerA,native,LeftFoot,0.6432437,0.125532418,-0.451086223
0.516666651,PlayerA,native,RightFoot,0.0188037157,0.121621177,-0.8474929
0.516666651,PlayerA,fighter,AnimatorRoot,0.85,0,0
0.516666651,PlayerA,fighter,Hips,0.270084739,0.707927644,-0.691587746
0.516666651,PlayerA,fighter,Head,0.212003767,1.19260025,-0.6702004
0.516666651,PlayerA,fighter,Chest,0.2582603,0.9097878,-0.6681705
0.516666651,PlayerA,fighter,LeftHand,0.112609088,1.19693375,-0.927477658
0.516666651,PlayerA,fighter,RightHand,-0.02019769,1.12399662,-1.02535462
0.516666651,PlayerA,fighter,LeftFoot,0.6432436,0.125532433,-0.4510862
0.516666651,PlayerA,fighter,RightFoot,0.0188037753,0.121621087,-0.847492754
0.516666651,PlayerB,actor,Root,-0.850000262,0,-2.026558E-07
0.516666651,PlayerB,driver,Root,-0.8912184,0.0329160579,-0.0414784066
0.516666651,PlayerB,native,AnimatorRoot,-0.8912184,0.0329160579,-0.0414784066
0.516666651,PlayerB,native,Hips,-0.8988825,0.7489333,-0.035729818
0.516666651,PlayerB,native,Head,-0.871772945,1.233021,-0.0490063876
0.516666651,PlayerB,native,Chest,-0.8917778,0.9519499,-0.0477822833
0.516666651,PlayerB,native,LeftHand,-1.014481,0.821716547,0.186714932
0.516666651,PlayerB,native,RightHand,-0.816919863,0.829773962,-0.282919943
0.516666651,PlayerB,native,LeftFoot,-0.832802355,0.106306434,0.300616145
0.516666651,PlayerB,native,RightFoot,-1.01194,0.114636227,-0.363124758
0.516666651,PlayerB,fighter,AnimatorRoot,-0.850000262,0,-2.026558E-07
0.516666651,PlayerB,fighter,Hips,-0.8988825,0.748933256,-0.035729818
0.516666651,PlayerB,fighter,Head,-0.87333554,1.46418381,-0.0456174575
0.516666651,PlayerB,fighter,Chest,-0.8996133,1.03323233,-0.05428854
0.516666651,PlayerB,fighter,LeftHand,-1.014481,0.8217165,0.186715037
0.516666651,PlayerB,fighter,RightHand,-0.816919744,0.8297739,-0.282919854
0.516666651,PlayerB,fighter,LeftFoot,-0.8328023,0.106306382,0.300616235
0.516666651,PlayerB,fighter,RightFoot,-1.01194,0.11463622,-0.363124758
0.533333361,PlayerA,actor,Root,0.85,0,0
0.533333361,PlayerA,driver,Root,0.250332355,-0.0454031527,-0.718347967
0.533333361,PlayerA,native,AnimatorRoot,0.250332355,-0.0454031527,-0.718347967
0.533333361,PlayerA,native,Hips,0.274834633,0.6955625,-0.6856487
0.533333361,PlayerA,native,Head,0.216287851,1.21417439,-0.6665862
0.533333361,PlayerA,native,Chest,0.2667681,0.914672136,-0.6773222
0.533333361,PlayerA,native,LeftHand,0.112113893,1.17943382,-0.9272147
0.533333361,PlayerA,native,RightHand,-0.01622045,1.12176669,-1.02338088
0.533333361,PlayerA,native,LeftFoot,0.643440843,0.12543714,-0.4509696
0.533333361,PlayerA,native,RightFoot,0.0185742378,0.121389866,-0.8459469
0.533333361,PlayerA,fighter,AnimatorRoot,0.85,0,0
0.533333361,PlayerA,fighter,Hips,0.2748345,0.6955625,-0.6856488
0.533333361,PlayerA,fighter,Head,0.210288644,1.18019879,-0.6740496
0.533333361,PlayerA,fighter,Chest,0.260188282,0.8978426,-0.667950869
0.533333361,PlayerA,fighter,LeftHand,0.113070667,1.17908442,-0.926713
0.533333361,PlayerA,fighter,RightHand,-0.0156604648,1.11798942,-1.02191019
0.533333361,PlayerA,fighter,LeftFoot,0.643440843,0.12543717,-0.4509696
0.533333361,PlayerA,fighter,RightFoot,0.0185742378,0.121389866,-0.845946848
0.533333361,PlayerB,actor,Root,-0.850000262,0,-2.026558E-07
0.533333361,PlayerB,driver,Root,-0.8924172,0.03188454,-0.0406314246
0.533333361,PlayerB,native,AnimatorRoot,-0.8924172,0.03188454,-0.0406314246
0.533333361,PlayerB,native,Hips,-0.8955001,0.7485633,-0.0326442942
0.533333361,PlayerB,native,Head,-0.879600048,1.23274481,-0.05065961
0.533333361,PlayerB,native,Chest,-0.894103348,0.9513384,-0.0490207672
0.533333361,PlayerB,native,LeftHand,-0.9793025,0.8286344,0.214753583
0.533333361,PlayerB,native,RightHand,-0.8143674,0.8303224,-0.270052969
0.533333361,PlayerB,native,LeftFoot,-0.8315718,0.103736877,0.3046688
0.533333361,PlayerB,native,RightFoot,-1.01210153,0.114438817,-0.3631082
0.533333361,PlayerB,fighter,AnimatorRoot,-0.850000262,0,-2.026558E-07
0.533333361,PlayerB,fighter,Hips,-0.8955001,0.7485633,-0.0326442942
0.533333361,PlayerB,fighter,Head,-0.889019549,1.46369064,-0.04974125
0.533333361,PlayerB,fighter,Chest,-0.904065,1.032318,-0.055990614
0.533333361,PlayerB,fighter,LeftHand,-0.979302466,0.8286344,0.214753628
0.533333361,PlayerB,fighter,RightHand,-0.8143673,0.8303224,-0.27005288
0.533333361,PlayerB,fighter,LeftFoot,-0.8315718,0.103736937,0.304668665
0.533333361,PlayerB,fighter,RightFoot,-1.01210165,0.11443878,-0.3631082
0.55,PlayerA,actor,Root,0.85,0,0
0.55,PlayerA,driver,Root,0.249153316,-0.0519474,-0.722171843
0.55,PlayerA,native,AnimatorRoot,0.249153316,-0.0519474,-0.722171843
0.55,PlayerA,native,Hips,0.274902463,0.6874736,-0.684675455
0.55,PlayerA,native,Head,0.2136491,1.20614552,-0.675851345
0.55,PlayerA,native,Chest,0.265037537,0.9066422,-0.6805619
0.55,PlayerA,native,LeftHand,0.1112771,1.16796839,-0.9305552
0.55,PlayerA,native,RightHand,-0.013436377,1.11883736,-1.02404547
0.55,PlayerA,native,LeftFoot,0.6433674,0.125549719,-0.451034576
0.55,PlayerA,native,RightFoot,0.0187173486,0.121502876,-0.8462625
0.55,PlayerA,fighter,AnimatorRoot,0.85,0,0
0.55,PlayerA,fighter,Hips,0.274902344,0.6874736,-0.6846756
0.55,PlayerA,fighter,Head,0.207943141,1.17217124,-0.6823017
0.55,PlayerA,fighter,Chest,0.258736432,0.889951169,-0.670866251
0.55,PlayerA,fighter,LeftHand,0.112248,1.16763246,-0.930069745
0.55,PlayerA,fighter,RightHand,-0.0129435658,1.11507535,-1.02251256
0.55,PlayerA,fighter,LeftFoot,0.6433674,0.125549749,-0.451034635
0.55,PlayerA,fighter,RightFoot,0.0187174082,0.121502928,-0.8462627
0.55,PlayerB,actor,Root,-0.850000262,0,-2.026558E-07
0.55,PlayerB,driver,Root,-0.892553,0.0296379775,-0.04044371
0.55,PlayerB,native,AnimatorRoot,-0.892553,0.0296379775,-0.04044371
0.55,PlayerB,native,Hips,-0.895158052,0.745938957,-0.0326366127
0.55,PlayerB,native,Head,-0.8829126,1.22983479,-0.0509481244
0.55,PlayerB,native,Chest,-0.896942556,0.9484004,-0.05159634
0.55,PlayerB,native,LeftHand,-0.9572708,0.8372365,0.22729519
0.55,PlayerB,native,RightHand,-0.811219,0.8299397,-0.262885
0.55,PlayerB,native,LeftFoot,-0.8310431,0.103516191,0.305586249
0.55,PlayerB,native,RightFoot,-1.012168,0.114381306,-0.36307624
0.55,PlayerB,fighter,AnimatorRoot,-0.850000262,0,-2.026558E-07
0.55,PlayerB,fighter,Hips,-0.895158052,0.7459389,-0.0326366127
0.55,PlayerB,fighter,Head,-0.8939192,1.46057117,-0.0487130024
0.55,PlayerB,fighter,Chest,-0.907787561,1.02922189,-0.058624357
0.55,PlayerB,fighter,LeftHand,-0.957270741,0.837236464,0.22729528
0.55,PlayerB,fighter,RightHand,-0.811219037,0.8299399,-0.262885123
0.55,PlayerB,fighter,LeftFoot,-0.8310432,0.103515968,0.305586159
0.55,PlayerB,fighter,RightFoot,-1.012168,0.1143812,-0.36307624
0.566666663,PlayerA,actor,Root,0.85,0,0
0.566666663,PlayerA,driver,Root,0.246844053,-0.0567972474,-0.727494359
0.566666663,PlayerA,native,AnimatorRoot,0.246844053,-0.0567972474,-0.727494359
0.566666663,PlayerA,native,Hips,0.2725221,0.681471646,-0.6864498
0.566666663,PlayerA,native,Head,0.211114585,1.20032144,-0.6873971
0.566666663,PlayerA,native,Chest,0.2616012,0.9006347,-0.685381234
0.566666663,PlayerA,native,LeftHand,0.110221326,1.15939808,-0.936214149
0.566666663,PlayerA,native,RightHand,-0.0109956264,1.11759257,-1.0269258
0.566666663,PlayerA,native,LeftFoot,0.64344,0.125437722,-0.450970232
0.566666663,PlayerA,native,RightFoot,0.01857233,0.121385992,-0.8459484
0.566666663,PlayerA,fighter,AnimatorRoot,0.85,0,0
0.566666663,PlayerA,fighter,Hips,0.272521973,0.681471646,-0.686449945
0.566666663,PlayerA,fighter,Head,0.20553714,1.16628158,-0.693234444
0.566666663,PlayerA,fighter,Chest,0.25559026,0.884067655,-0.6755757
0.566666663,PlayerA,fighter,LeftHand,0.111208677,1.15907466,-0.935754955
0.566666663,PlayerA,fighter,RightHand,-0.0105720162,1.11385047,-1.0253247
0.566666663,PlayerA,fighter,LeftFoot,0.64344,0.125437737,-0.450970352
0.566666663,PlayerA,fighter,RightFoot,0.01857227,0.121386148,-0.8459486
0.566666663,PlayerB,actor,Root,-0.850000262,0,-2.026558E-07
0.566666663,PlayerB,driver,Root,-0.8921882,0.0263464954,-0.0404703468
0.566666663,PlayerB,native,AnimatorRoot,-0.8921882,0.0263464954,-0.0404703468
0.566666663,PlayerB,native,Hips,-0.896306753,0.7418435,-0.0340253823
0.566666663,PlayerB,native,Head,-0.883798659,1.225271,-0.05012945
0.566666663,PlayerB,native,Chest,-0.900035,0.943992,-0.05471944
0.566666663,PlayerB,native,LeftHand,-0.940604031,0.845654368,0.23272264
0.566666663,PlayerB,native,RightHand,-0.806537867,0.8279909,-0.2569953
0.566666663,PlayerB,native,LeftFoot,-0.831570566,0.103732891,0.304670721
0.566666663,PlayerB,native,RightFoot,-1.012102,0.114439,-0.3631082
0.566666663,PlayerB,fighter,AnimatorRoot,-0.850000262,0,-2.026558E-07
0.566666663,PlayerB,fighter,Hips,-0.896306753,0.741843462,-0.034025386
0.566666663,PlayerB,fighter,Head,-0.8929595,1.45581973,-0.0446245447
0.566666663,PlayerB,fighter,Chest,-0.9111508,1.02475345,-0.06157173
0.566666663,PlayerB,fighter,LeftHand,-0.9406042,0.8456542,0.23272267
0.566666663,PlayerB,fighter,RightHand,-0.8065379,0.8279909,-0.256995469
0.566666663,PlayerB,fighter,LeftFoot,-0.831570566,0.103732765,0.304670721
0.566666663,PlayerB,fighter,RightFoot,-1.01210189,0.114438951,-0.3631082
0.5833333,PlayerA,actor,Root,0.85,0,0
0.5833333,PlayerA,driver,Root,0.244342625,-0.0614861846,-0.73348707
0.5833333,PlayerA,native,AnimatorRoot,0.244342625,-0.0614861846,-0.73348707
0.5833333,PlayerA,native,Hips,0.269336939,0.6756256,-0.689045
0.5833333,PlayerA,native,Head,0.208833516,1.19457984,-0.700120568
0.5833333,PlayerA,native,Chest,0.257564485,0.8947434,-0.690716
0.5833333,PlayerA,native,LeftHand,0.110238492,1.15037155,-0.942779
0.5833333,PlayerA,native,RightHand,-0.007858038,1.116538,-1.03012037
0.5833333,PlayerA,native,LeftFoot,0.6434305,0.1254487,-0.4509537
0.5833333,PlayerA,native,RightFoot,0.0185655355,0.121386424,-0.845931351
0.5833333,PlayerA,fighter,AnimatorRoot,0.85,0,0
0.5833333,PlayerA,fighter,Hips,0.26933682,0.6756256,-0.689045131
0.5833333,PlayerA,fighter,Head,0.2033478,1.16045845,-0.7054089
0.5833333,PlayerA,fighter,Chest,0.2518977,0.8783002,-0.6808752
0.5833333,PlayerA,fighter,LeftHand,0.111240089,1.15005672,-0.9423464
0.5833333,PlayerA,fighter,RightHand,-0.00750625134,1.11282313,-1.028441
0.5833333,PlayerA,fighter,LeftFoot,0.6434303,0.125448659,-0.450953662
0.5833333,PlayerA,fighter,RightFoot,0.0185656548,0.121386342,-0.8459314
0.5833333,PlayerB,actor,Root,-0.850000262,0,-2.026558E-07
0.5833333,PlayerB,driver,Root,-0.8917927,0.0221359059,-0.0403324142
0.5833333,PlayerB,native,AnimatorRoot,-0.8917927,0.0221359059,-0.0403324142
0.5833333,PlayerB,native,Hips,-0.897778869,0.736826539,-0.03558206
0.5833333,PlayerB,native,Head,-0.8842328,1.21957886,-0.0484454148
0.5833333,PlayerB,native,Chest,-0.9034187,0.9386063,-0.057872247
0.5833333,PlayerB,native,LeftHand,-0.92395705,0.853704,0.234741271
0.5833333,PlayerB,native,RightHand,-0.8003781,0.8247438,-0.2493342
0.5833333,PlayerB,native,LeftFoot,-0.831581354,0.103698432,0.3046966
0.5833333,PlayerB,native,RightFoot,-1.01209974,0.114387155,-0.363113672
0.5833333,PlayerB,fighter,AnimatorRoot,-0.850000262,0,-2.026558E-07
0.5833333,PlayerB,fighter,Hips,-0.897778869,0.736826539,-0.0355820656
0.5833333,PlayerB,fighter,Head,-0.8905434,1.4497745,-0.0388283879
0.5833333,PlayerB,fighter,Chest,-0.914733648,1.0193361,-0.06444049
0.5833333,PlayerB,fighter,LeftHand,-0.923957169,0.8537039,0.2347412
0.5833333,PlayerB,fighter,RightHand,-0.800378144,0.824743748,-0.249334246
0.5833333,PlayerB,fighter,LeftFoot,-0.831581354,0.10369847,0.3046966
0.5833333,PlayerB,fighter,RightFoot,-1.01209986,0.114387043,-0.3631138
0.6,PlayerA,actor,Root,0.85,0,0
0.6,PlayerA,driver,Root,0.241460681,-0.06564584,-0.740048766
0.6,PlayerA,native,AnimatorRoot,0.241460681,-0.06564584,-0.740048766
0.6,PlayerA,native,Hips,0.265256047,0.670464039,-0.69259876
0.6,PlayerA,native,Head,0.206626475,1.189383,-0.713818967
0.6,PlayerA,native,Chest,0.252934456,0.8895123,-0.696554065
0.6,PlayerA,native,LeftHand,0.110596538,1.14212024,-0.9502194
0.6,PlayerA,native,RightHand,-0.004713118,1.11595452,-1.03382468
0.6,PlayerA,native,LeftFoot,0.6434396,0.125438064,-0.450970829
0.6,PlayerA,native,RightFoot,0.0185725689,0.1213877,-0.845948
0.6,PlayerA,fighter,AnimatorRoot,0.85,0,0
0.6,PlayerA,fighter,Hips,0.265255928,0.670464039,-0.6925989
0.6,PlayerA,fighter,Head,0.201167047,1.15514469,-0.7186889
0.6,PlayerA,fighter,Chest,0.247634351,0.8731845,-0.6867657
0.6,PlayerA,fighter,LeftHand,0.111611724,1.14180994,-0.9498159
0.6,PlayerA,fighter,RightHand,-0.004433334,1.112272,-1.03206313
0.6,PlayerA,fighter,LeftFoot,0.6434396,0.125437886,-0.4509709
0.6,PlayerA,fighter,RightFoot,0.0185726285,0.121387482,-0.8459478
0.6,PlayerB,actor,Root,-0.850000262,0,-2.026558E-07
0.6,PlayerB,driver,Root,-0.8913497,0.0172712356,-0.0402936
0.6,PlayerB,native,AnimatorRoot,-0.8913497,0.0172712356,-0.0402936
0.6,PlayerB,native,Hips,-0.8998393,0.731080055,-0.0376984552
0.6,PlayerB,native,Head,-0.883807,1.212912,-0.04611801
0.6,PlayerB,native,Chest,-0.9069545,0.9324849,-0.0612014346
0.6,PlayerB,native,LeftHand,-0.909293354,0.8611605,0.232898191
0.6,PlayerB,native,RightHand,-0.7935095,0.820262253,-0.241419345
0.6,PlayerB,native,LeftFoot,-0.831570864,0.103732117,0.304670781
0.6,PlayerB,native,RightFoot,-1.01210189,0.114438176,-0.363108784
0.6,PlayerB,fighter,AnimatorRoot,-0.850000262,0,-2.026558E-07
0.6,PlayerB,fighter,Hips,-0.8998393,0.73108,-0.0376984626
0.6,PlayerB,fighter,Head,-0.8859495,1.44247687,-0.0315633975
0.6,PlayerB,fighter,Chest,-0.918250561,1.01323509,-0.06735664
0.6,PlayerB,fighter,LeftHand,-0.9092934,0.861160457,0.232898176
0.6,PlayerB,fighter,RightHand,-0.7935096,0.8202622,-0.2414193
0.6,PlayerB,fighter,LeftFoot,-0.831570864,0.103732139,0.304670781
0.6,PlayerB,fighter,RightFoot,-1.01210189,0.1144382,-0.363108784
0.6166667,PlayerA,actor,Root,0.85,0,0
0.6166667,PlayerA,driver,Root,0.238288045,-0.06938943,-0.7469068
0.6166667,PlayerA,native,AnimatorRoot,0.238288045,-0.06938943,-0.7469068
0.6166667,PlayerA,native,Hips,0.260616,0.665899158,-0.6967541
0.6166667,PlayerA,native,Head,0.2044,1.18455517,-0.728095353
0.6166667,PlayerA,native,Chest,0.247995615,0.884860158,-0.7026513
0.6166667,PlayerA,native,LeftHand,0.111076772,1.13470554,-0.95826143
0.6166667,PlayerA,native,RightHand,-0.00171715021,1.11567259,-1.03779733
0.6166667,PlayerA,native,LeftFoot,0.6434227,0.125435069,-0.450943381
0.6166667,PlayerA,native,RightFoot,0.0185647011,0.121379972,-0.8459351
0.6166667,PlayerA,fighter,AnimatorRoot,0.85,0,0
0.6166667,PlayerA,fighter,Hips,0.2606159,0.6658992,-0.6967542
0.6166667,PlayerA,fighter,Head,0.198904872,1.150164,-0.732645452
0.6166667,PlayerA,fighter,Chest,0.243069589,0.8686392,-0.692978
0.6166667,PlayerA,fighter,LeftHand,0.112104177,1.134396,-0.957889557
0.6166667,PlayerA,fighter,RightHand,-0.00150954723,1.1120261,-1.03595209
0.6166667,PlayerA,fighter,LeftFoot,0.6434227,0.12543492,-0.45094347
0.6166667,PlayerA,fighter,RightFoot,0.0185647011,0.121379808,-0.8459351
0.6166667,PlayerB,actor,Root,-0.850000262,0,-2.026558E-07
0.6166667,PlayerB,driver,Root,-0.890994251,0.011974385,-0.04046983
0.6166667,PlayerB,native,AnimatorRoot,-0.890994251,0.011974385,-0.04046983
0.6166667,PlayerB,native,Hips,-0.902409434,0.724915743,-0.0403796248
0.6166667,PlayerB,native,Head,-0.882743955,1.20555758,-0.043374408
0.6166667,PlayerB,native,Chest,-0.910566568,0.9259621,-0.06470168
0.6166667,PlayerB,native,LeftHand,-0.896754742,0.8680565,0.227968037
0.6166667,PlayerB,native,RightHand,-0.786313355,0.814707458,-0.233768582
0.6166667,PlayerB,native,LeftFoot,-0.831578851,0.103723139,0.304681182
0.6166667,PlayerB,native,RightFoot,-1.01210165,0.114407226,-0.3631144
0.6166667,PlayerB,fighter,AnimatorRoot,-0.850000262,0,-2.026558E-07
0.6166667,PlayerB,fighter,Hips,-0.902409434,0.7249157,-0.0403796248
0.6166667,PlayerB,fighter,Head,-0.8797438,1.43410873,-0.0233737417
0.6166667,PlayerB,fighter,Chest,-0.921654761,1.00678,-0.07032823
0.6166667,PlayerB,fighter,LeftHand,-0.896754742,0.8680565,0.227968037
0.6166667,PlayerB,fighter,RightHand,-0.786313355,0.8147074,-0.233768612
0.6166667,PlayerB,fighter,LeftFoot,-0.831578851,0.103723206,0.304681033
0.6166667,PlayerB,fighter,RightFoot,-1.01210141,0.114407159,-0.363114327
0.617284,PlayerA,actor,Root,0.85,0,0
0.617284,PlayerA,driver,Root,0.238164842,-0.0695200339,-0.747166336
0.617284,PlayerA,native,AnimatorRoot,0.238164842,-0.0695200339,-0.747166336
0.617284,PlayerA,native,Hips,0.260433555,0.6657418,-0.696918964
0.617284,PlayerA,native,Head,0.204316378,1.18438315,-0.7286345
0.617284,PlayerA,native,Chest,0.247806966,0.884699345,-0.7028815
0.617284,PlayerA,native,LeftHand,0.111095428,1.13444757,-0.958570242
0.617284,PlayerA,native,RightHand,-0.00161063671,1.11566854,-1.03794861
0.617284,PlayerA,native,LeftFoot,0.643423736,0.125436038,-0.4509434
0.617284,PlayerA,native,RightFoot,0.0185639262,0.121380396,-0.8459366
0.617284,PlayerA,fighter,AnimatorRoot,0.85,0,0
0.617284,PlayerA,fighter,Hips,0.260433376,0.665741861,-0.6969191
0.617284,PlayerA,fighter,Head,0.198818982,1.14998591,-0.733174443
0.617284,PlayerA,fighter,Chest,0.242894948,0.868482053,-0.693213761
0.617284,PlayerA,fighter,LeftHand,0.112123251,1.134138,-0.9581997
0.617284,PlayerA,fighter,RightHand,-0.00140523911,1.11202359,-1.03610027
0.617284,PlayerA,fighter,LeftFoot,0.6434237,0.125435829,-0.4509434
0.617284,PlayerA,fighter,RightFoot,0.0185639262,0.121380329,-0.845936537
0.617284,PlayerB,actor,Root,-0.850000262,0,-2.026558E-07
0.617284,PlayerB,driver,Root,-0.8909822,0.0117702112,-0.04048031
0.617284,PlayerB,native,AnimatorRoot,-0.8909822,0.0117702112,-0.04048031
0.617284,PlayerB,native,Hips,-0.902514,0.7246795,-0.04048973
0.617284,PlayerB,native,Head,-0.8826922,1.20527136,-0.0432651155
0.617284,PlayerB,native,Chest,-0.910701334,0.9257131,-0.06483461
0.617284,PlayerB,native,LeftHand,-0.896333337,0.868297458,0.227728158
0.617284,PlayerB,native,RightHand,-0.7860441,0.8144783,-0.2334879
0.617284,PlayerB,native,LeftFoot,-0.831579566,0.103722155,0.3046821
0.617284,PlayerB,native,RightFoot,-1.01210117,0.114406854,-0.3631147
0.617284,PlayerB,fighter,AnimatorRoot,-0.850000262,0,-2.026558E-07
0.617284,PlayerB,fighter,Hips,-0.902514,0.72467947,-0.0404897369
0.617284,PlayerB,fighter,Head,-0.8794841,1.43377566,-0.02305201
0.617284,PlayerB,fighter,Chest,-0.9217781,1.00653434,-0.07043931
0.617284,PlayerB,fighter,LeftHand,-0.896333456,0.8682976,0.227728069
0.617284,PlayerB,fighter,RightHand,-0.78604424,0.8144782,-0.2334879
0.617284,PlayerB,fighter,LeftFoot,-0.8315795,0.103722334,0.304682076
0.617284,PlayerB,fighter,RightFoot,-1.01210117,0.114406906,-0.363114625
0.6333333,PlayerA,actor,Root,0.85,0,0
0.6333333,PlayerA,driver,Root,0.234927714,-0.07280579,-0.75374794
0.6333333,PlayerA,native,AnimatorRoot,0.234927714,-0.07280579,-0.75374794
0.6333333,PlayerA,native,Hips,0.255764484,0.6618514,-0.7011203
0.6333333,PlayerA,native,Head,0.202100813,1.17996109,-0.7424419
0.6333333,PlayerA,native,Chest,0.243041754,0.8807099,-0.7087141
0.6333333,PlayerA,native,LeftHand,0.111316621,1.12810516,-0.9664395
0.6333333,PlayerA,native,RightHand,0.000851273537,1.115533,-1.041668
0.6333333,PlayerA,native,LeftFoot,0.643438458,0.125438228,-0.450970858
0.6333333,PlayerA,native,RightFoot,0.0185716152,0.121388733,-0.8459493
0.6333333,PlayerA,fighter,AnimatorRoot,0.85,0,0
0.6333333,PlayerA,fighter,Hips,0.255764365,0.6618514,-0.701120436
0.6333333,PlayerA,fighter,Head,0.196517467,1.14538848,-0.7467353
0.6333333,PlayerA,fighter,Chest,0.238484442,0.864587247,-0.699192643
0.6333333,PlayerA,fighter,LeftHand,0.112354338,1.127792,-0.9661009
0.6333333,PlayerA,fighter,RightHand,0.0009895563,1.11192536,-1.039742
0.6333333,PlayerA,fighter,LeftFoot,0.643438458,0.125438258,-0.450970948
0.6333333,PlayerA,fighter,RightFoot,0.0185716748,0.121388577,-0.845949233
0.6333333,PlayerB,actor,Root,-0.850000262,0,-2.026558E-07
0.6333333,PlayerB,driver,Root,-0.8907403,0.00650016544,-0.0409254953
0.6333333,PlayerB,native,AnimatorRoot,-0.8907403,0.00650016544,-0.0409254953
0.6333333,PlayerB,native,Hips,-0.905385435,0.718621433,-0.04361081
0.6333333,PlayerB,native,Head,-0.8811816,1.19780457,-0.040481
0.6333333,PlayerB,native,Chest,-0.914147,0.9193468,-0.06835769
0.6333333,PlayerB,native,LeftHand,-0.886326849,0.8745851,0.220887586
0.6333333,PlayerB,native,RightHand,-0.7795112,0.8080786,-0.226729289
0.6333333,PlayerB,native,LeftFoot,-0.831571043,0.103733324,0.304670572
0.6333333,PlayerB,native,RightFoot,-1.012102,0.114438981,-0.3631083
0.6333333,PlayerB,fighter,AnimatorRoot,-0.850000262,0,-2.026558E-07
0.6333333,PlayerB,fighter,Hips,-0.905385435,0.718621433,-0.043610815
0.6333333,PlayerB,fighter,Head,-0.872480333,1.4249121,-0.0147792678
0.6333333,PlayerB,fighter,Chest,-0.924858,1.00027108,-0.07335878
0.6333333,PlayerB,fighter,LeftHand,-0.886327,0.874585032,0.220887527
0.6333333,PlayerB,fighter,RightHand,-0.779511154,0.808078468,-0.226729244
0.6333333,PlayerB,fighter,LeftFoot,-0.831571043,0.103733391,0.304670483
0.6333333,PlayerB,fighter,RightFoot,-1.01210213,0.114438951,-0.363108367
0.65,PlayerA,actor,Root,0.85,0,0
0.65,PlayerA,driver,Root,0.231462419,-0.07600145,-0.7602806
0.65,PlayerA,native,AnimatorRoot,0.231462419,-0.07600145,-0.7602806
0.65,PlayerA,native,Hips,0.251037,0.6582262,-0.7053492
0.65,PlayerA,native,Head,0.199647844,1.1754818,-0.756408
0.65,PlayerA,native,Chest,0.238344908,0.87696594,-0.7145045
0.65,PlayerA,native,LeftHand,0.111051977,1.12232769,-0.9744719
0.65,PlayerA,native,RightHand,0.00281751156,1.115372,-1.04520857
0.65,PlayerA,native,LeftFoot,0.643426657,0.125438675,-0.4509397
0.65,PlayerA,native,RightFoot,0.01856035,0.121383578,-0.8459377
0.65,PlayerA,fighter,AnimatorRoot,0.85,0,0
0.65,PlayerA,fighter,Hips,0.251036823,0.6582262,-0.7053493
0.65,PlayerA,fighter,Head,0.193928957,1.14070439,-0.7604749
0.65,PlayerA,fighter,Chest,0.234137952,0.8609352,-0.7051441
0.65,PlayerA,fighter,LeftHand,0.112098396,1.122008,-0.974167645
0.65,PlayerA,fighter,RightHand,0.00288850069,1.11180389,-1.043206
0.65,PlayerA,fighter,LeftFoot,0.6434267,0.125438645,-0.450939715
0.65,PlayerA,fighter,RightFoot,0.01856041,0.121383384,-0.8459376
0.65,PlayerB,actor,Root,-0.850000262,0,-2.026558E-07
0.65,PlayerB,driver,Root,-0.8906455,0.00108598731,-0.04173967
0.65,PlayerB,native,AnimatorRoot,-0.8906455,0.00108598731,-0.04173967
0.65,PlayerB,native,Hips,-0.908694744,0.712487,-0.04739038
0.65,PlayerB,native,Head,-0.8793072,1.18998051,-0.0376907848
0.65,PlayerB,native,Chest,-0.9176219,0.912949264,-0.07216299
0.65,PlayerB,native,LeftHand,-0.8778501,0.8810663,0.212732881
0.65,PlayerB,native,RightHand,-0.773441136,0.8005108,-0.2208493
0.65,PlayerB,native,LeftFoot,-0.8315698,0.103733815,0.3046712
0.65,PlayerB,native,RightFoot,-1.012111,0.114423804,-0.363102645
0.65,PlayerB,fighter,AnimatorRoot,-0.850000262,0,-2.026558E-07
0.65,PlayerB,fighter,Hips,-0.908694744,0.7124869,-0.04739039
0.65,PlayerB,fighter,Head,-0.8646737,1.41525948,-0.006369122
0.65,PlayerB,fighter,Chest,-0.9278104,0.994007468,-0.0764573
0.65,PlayerB,fighter,LeftHand,-0.877850354,0.8810664,0.212732986
0.65,PlayerB,fighter,RightHand,-0.773441255,0.8005109,-0.220849335
0.65,PlayerB,fighter,LeftFoot,-0.83156985,0.103733845,0.304671079
0.65,PlayerB,fighter,RightFoot,-1.01211083,0.114423677,-0.363102645
0.6666667,PlayerA,actor,Root,0.85,0,0
0.6666667,PlayerA,driver,Root,0.228044331,-0.07903632,-0.7661649
0.6666667,PlayerA,native,AnimatorRoot,0.228044331,-0.07903632,-0.7661649
0.6666667,PlayerA,native,Hips,0.246776342,0.65494597,-0.7090386
0.6666667,PlayerA,native,Head,0.197096765,1.171073,-0.769399762
0.6666667,PlayerA,native,Chest,0.23421073,0.8735526,-0.7197081
0.6666667,PlayerA,native,LeftHand,0.110103667,1.11738122,-0.981938541
0.6666667,PlayerA,native,RightHand,0.00392156839,1.11501133,-1.04804873
0.6666667,PlayerA,native,LeftFoot,0.643437743,0.125437856,-0.45097217
0.6666667,PlayerA,native,RightFoot,0.0185716748,0.121389546,-0.845949531
0.6666667,PlayerA,fighter,AnimatorRoot,0.85,0,0
0.6666667,PlayerA,fighter,Hips,0.246776223,0.65494597,-0.7090388
0.6666667,PlayerA,fighter,Head,0.191202521,1.13608015,-0.773240149
0.6666667,PlayerA,fighter,Chest,0.230324268,0.8576092,-0.710491
0.6666667,PlayerA,fighter,LeftHand,0.111156881,1.11705327,-0.981668949
0.6666667,PlayerA,fighter,RightHand,0.00392925739,1.11148155,-1.04597878
0.6666667,PlayerA,fighter,LeftFoot,0.6434377,0.125437781,-0.450972229
0.6666667,PlayerA,fighter,RightFoot,0.018571794,0.121389531,-0.845949531
0.6666667,PlayerB,actor,Root,-0.850000262,0,-2.026558E-07
0.6666667,PlayerB,driver,Root,-0.890713632,-0.0039938814,-0.04298411
0.6666667,PlayerB,native,AnimatorRoot,-0.890713632,-0.0039938814,-0.04298411
0.6666667,PlayerB,native,Hips,-0.912232757,0.7068155,-0.0517096035
0.6666667,PlayerB,native,Head,-0.8772206,1.18246543,-0.03529807
0.6666667,PlayerB,native,Chest,-0.9208826,0.9070917,-0.07610819
0.6666667,PlayerB,native,LeftHand,-0.870966434,0.88787,0.204512835
0.6666667,PlayerB,native,RightHand,-0.768803,0.7920709,-0.216565922
0.6666667,PlayerB,native,LeftFoot,-0.8315708,0.103731513,0.3046708
0.6666667,PlayerB,native,RightFoot,-1.01210141,0.114439636,-0.363108248
0.6666667,PlayerB,fighter,AnimatorRoot,-0.850000262,0,-2.026558E-07
0.6666667,PlayerB,fighter,Hips,-0.912232757,0.7068154,-0.05170962
0.6666667,PlayerB,fighter,Head,-0.856826961,1.40565348,0.00136167777
0.6666667,PlayerB,fighter,Chest,-0.9304224,0.9882983,-0.07963452
0.6666667,PlayerB,fighter,LeftHand,-0.8709668,0.88787,0.204512984
0.6666667,PlayerB,fighter,RightHand,-0.768803,0.792070866,-0.216565967
0.6666667,PlayerB,fighter,LeftFoot,-0.831570745,0.10373155,0.3046708
0.6666667,PlayerB,fighter,RightFoot,-1.01210153,0.114439406,-0.3631082
0.683333337,PlayerA,actor,Root,0.85,0,0
0.683333337,PlayerA,driver,Root,0.224797726,-0.08200988,-0.7709548
0.683333337,PlayerA,native,AnimatorRoot,0.224797726,-0.08200988,-0.7709548
0.683333337,PlayerA,native,Hips,0.2434656,0.6519209,-0.7116849
0.683333337,PlayerA,native,Head,0.194493592,1.166712,-0.7806726
0.683333337,PlayerA,native,Chest,0.2310158,0.870377541,-0.7239538
0.683333337,PlayerA,native,LeftHand,0.108499467,1.11329329,-0.988418162
0.683333337,PlayerA,native,RightHand,0.00400209427,1.1143477,-1.04980731
0.683333337,PlayerA,native,LeftFoot,0.6434566,0.125423715,-0.451013
0.683333337,PlayerA,native,RightFoot,0.0185238123,0.121407315,-0.8459548
0.683333337,PlayerA,fighter,AnimatorRoot,0.85,0,0
0.683333337,PlayerA,fighter,Hips,0.243465483,0.6519209,-0.711685
0.683333337,PlayerA,fighter,Head,0.188406169,1.13151276,-0.784246266
0.683333337,PlayerA,fighter,Chest,0.227402151,0.8545195,-0.714824259
0.683333337,PlayerA,fighter,LeftHand,0.109558284,1.112958,-0.988182545
0.683333337,PlayerA,fighter,RightHand,0.00395196676,1.110852,-1.047681
0.683333337,PlayerA,fighter,LeftFoot,0.6434565,0.125423864,-0.451013
0.683333337,PlayerA,fighter,RightFoot,0.0185236931,0.121407509,-0.845954835
0.683333337,PlayerB,actor,Root,-0.850000262,0,-2.026558E-07
0.683333337,PlayerB,driver,Root,-0.891012549,-0.00850457,-0.04477917
0.683333337,PlayerB,native,AnimatorRoot,-0.891012549,-0.00850457,-0.04477917
0.683333337,PlayerB,native,Hips,-0.915863633,0.7019697,-0.0564655066
0.683333337,PlayerB,native,Head,-0.8752609,1.175789,-0.03368265
0.683333337,PlayerB,native,Chest,-0.9238659,0.9021457,-0.0801515952
0.683333337,PlayerB,native,LeftHand,-0.865232,0.8954579,0.197525874
0.683333337,PlayerB,native,RightHand,-0.766221344,0.7832669,-0.214657366
0.683333337,PlayerB,native,LeftFoot,-0.830119669,0.103132017,0.3052477
0.683333337,PlayerB,native,RightFoot,-1.01218891,0.114385284,-0.363114864
0.683333337,PlayerB,fighter,AnimatorRoot,-0.850000262,0,-2.026558E-07
0.683333337,PlayerB,fighter,Hips,-0.915863633,0.7019697,-0.05646552
0.683333337,PlayerB,fighter,Head,-0.8497827,1.39690673,0.00761929341
0.683333337,PlayerB,fighter,Chest,-0.9326955,0.9834967,-0.08288806
0.683333337,PlayerB,fighter,LeftHand,-0.865231931,0.895458,0.197525918
0.683333337,PlayerB,fighter,RightHand,-0.7662215,0.783266842,-0.214657366
0.683333337,PlayerB,fighter,LeftFoot,-0.8301196,0.103132159,0.305247635
0.683333337,PlayerB,fighter,RightFoot,-1.01218891,0.114385374,-0.363114923
0.7,PlayerA,actor,Root,0.85,0,0
0.7,PlayerA,driver,Root,0.221890152,-0.0849094242,-0.774676144
0.7,PlayerA,native,AnimatorRoot,0.221890152,-0.0849094242,-0.774676144
0.7,PlayerA,native,Hips,0.241019666,0.6490596,-0.713377953
0.7,PlayerA,native,Head,0.191930771,1.16239309,-0.790271
0.7,PlayerA,native,Chest,0.228760123,0.8673565,-0.727325857
0.7,PlayerA,native,LeftHand,0.105074346,1.1099813,-0.993375063
0.7,PlayerA,native,RightHand,0.00272071362,1.113071,-1.050559
0.7,PlayerA,native,LeftFoot,0.6434376,0.1254379,-0.4509727
0.7,PlayerA,native,RightFoot,0.0185713172,0.12138997,-0.8459505
0.7,PlayerA,fighter,AnimatorRoot,0.85,0,0
0.7,PlayerA,fighter,Hips,0.241019547,0.6490596,-0.7133781
0.7,PlayerA,fighter,Head,0.185605288,1.126991,-0.7935325
0.7,PlayerA,fighter,Chest,0.225394845,0.851586461,-0.718218446
0.7,PlayerA,fighter,LeftHand,0.10613656,1.10963249,-0.993175149
0.7,PlayerA,fighter,RightHand,0.0026165247,1.109603,-1.0483886
0.7,PlayerA,fighter,LeftFoot,0.6434377,0.125437975,-0.450972736
0.7,PlayerA,fighter,RightFoot,0.018571496,0.121389821,-0.8459505
0.7,PlayerB,actor,Root,-0.850000262,0,-2.026558E-07
0.7,PlayerB,driver,Root,-0.8914078,-0.012090154,-0.0470581129
0.7,PlayerB,native,AnimatorRoot,-0.8914078,-0.012090154,-0.0470581129
0.7,PlayerB,native,Hips,-0.919669,0.698010445,-0.0619420558
0.7,PlayerB,native,Head,-0.872856557,1.17000926,-0.032835152
0.7,PlayerB,native,Chest,-0.9264166,0.8982064,-0.08438229
0.7,PlayerB,native,LeftHand,-0.85985136,0.904134035,0.191725522
0.7,PlayerB,native,RightHand,-0.7658246,0.77346,-0.215412557
0.7,PlayerB,native,LeftFoot,-0.83157,0.103731938,0.304671079
0.7,PlayerB,native,RightFoot,-1.01210189,0.114437751,-0.363108546
0.7,PlayerB,fighter,AnimatorRoot,-0.850000262,0,-2.026558E-07
0.7,PlayerB,fighter,Hips,-0.919669,0.6980104,-0.0619420633
0.7,PlayerB,fighter,Head,-0.8427378,1.38913786,0.0126282964
0.7,PlayerB,fighter,Chest,-0.9343619,0.979698658,-0.08626487
0.7,PlayerB,fighter,LeftHand,-0.8598516,0.9041341,0.1917257
0.7,PlayerB,fighter,RightHand,-0.7658247,0.773460031,-0.215412676
0.7,PlayerB,fighter,LeftFoot,-0.83156997,0.10373193,0.304671079
0.7,PlayerB,fighter,RightFoot,-1.01210189,0.114437781,-0.363108575
0.716666639,PlayerA,actor,Root,0.85,0,0
0.716666639,PlayerA,driver,Root,0.219574273,-0.08780722,-0.777089357
0.716666639,PlayerA,native,AnimatorRoot,0.219574273,-0.08780722,-0.777089357
0.716666639,PlayerA,native,Hips,0.2396121,0.646122,-0.713805
0.716666639,PlayerA,native,Head,0.1895076,1.15796733,-0.797718048
0.716666639,PlayerA,native,Chest,0.227654159,0.864250541,-0.729597747
0.716666639,PlayerA,native,LeftHand,0.100194573,1.10760593,-0.9973331
0.716666639,PlayerA,native,RightHand,-0.000529170036,1.11072457,-1.04996073
0.716666639,PlayerA,native,LeftFoot,0.6434791,0.1253898,-0.4511168
0.716666639,PlayerA,native,RightFoot,0.0185682774,0.121401429,-0.8459762
0.716666639,PlayerA,fighter,AnimatorRoot,0.85,0,0
0.716666639,PlayerA,fighter,Hips,0.239611983,0.646122,-0.713805139
0.716666639,PlayerA,fighter,Head,0.1828826,1.12237322,-0.800586045
0.716666639,PlayerA,fighter,Chest,0.2245304,0.8485792,-0.720413744
0.716666639,PlayerA,fighter,LeftHand,0.101257741,1.107241,-0.9971716
0.716666639,PlayerA,fighter,RightHand,-0.000680506229,1.10727584,-1.04776335
0.716666639,PlayerA,fighter,LeftFoot,0.6434791,0.125389725,-0.4511168
0.716666639,PlayerA,fighter,RightFoot,0.0185682178,0.121401362,-0.8459761
0.716666639,PlayerB,actor,Root,-0.850000262,0,-2.026558E-07
0.716666639,PlayerB,driver,Root,-0.891680956,-0.0140145132,-0.04970458
0.716666639,PlayerB,native,AnimatorRoot,-0.891680956,-0.0140145132,-0.04970458
0.716666639,PlayerB,native,Hips,-0.9235817,0.6952275,-0.0684048161
0.716666639,PlayerB,native,Head,-0.869457066,1.16544676,-0.03296606
0.716666639,PlayerB,native,Chest,-0.9282271,0.8955886,-0.08886976
0.716666639,PlayerB,native,LeftHand,-0.8537942,0.914580643,0.187497437
0.716666639,PlayerB,native,RightHand,-0.7682991,0.7623047,-0.219773337
0.716666639,PlayerB,native,LeftFoot,-0.83988297,0.108805895,0.3018359
0.716666639,PlayerB,native,RightFoot,-1.01166952,0.114839375,-0.362827241
0.716666639,PlayerB,fighter,AnimatorRoot,-0.850000262,0,-2.026558E-07
0.716666639,PlayerB,fighter,Hips,-0.9235817,0.695227444,-0.06840483
0.716666639,PlayerB,fighter,Head,-0.8351967,1.38282931,0.016184194
0.716666639,PlayerB,fighter,Chest,-0.9350189,0.977210045,-0.0898091942
0.716666639,PlayerB,fighter,LeftHand,-0.853794336,0.9145808,0.187497586
0.716666639,PlayerB,fighter,RightHand,-0.7682991,0.762304544,-0.219773352
0.716666639,PlayerB,fighter,LeftFoot,-0.8398829,0.108806022,0.301835835
0.716666639,PlayerB,fighter,RightFoot,-1.01166952,0.114839412,-0.362827152
0.733333349,PlayerA,actor,Root,0.85,0,0
0.733333349,PlayerA,driver,Root,0.2177189,-0.0905475542,-0.7785453
0.733333349,PlayerA,native,AnimatorRoot,0.2177189,-0.0905475542,-0.7785453
0.733333349,PlayerA,native,Hips,0.238889515,0.643271565,-0.7134515
0.733333349,PlayerA,native,Head,0.187078357,1.15362,-0.8035956
0.733333349,PlayerA,native,Chest,0.227336764,0.8612228,-0.731150866
0.733333349,PlayerA,native,LeftHand,0.09380621,1.10614109,-1.00043607
0.733333349,PlayerA,native,RightHand,-0.00528275967,1.1076566,-1.04849958
0.733333349,PlayerA,native,LeftFoot,0.643437147,0.125437975,-0.4509739
0.733333349,PlayerA,native,RightFoot,0.0185706615,0.121390365,-0.8459513
0.733333349,PlayerA,fighter,AnimatorRoot,0.85,0,0
0.733333349,PlayerA,fighter,Hips,0.2388894,0.643271565,-0.7134516
0.733333349,PlayerA,fighter,Head,0.180094659,1.117834,-0.8060172
0.733333349,PlayerA,fighter,Chest,0.224455953,0.84565717,-0.7218281
0.733333349,PlayerA,fighter,LeftHand,0.0948678255,1.10575616,-1.00031531
0.733333349,PlayerA,fighter,RightHand,-0.0054782033,1.10422027,-1.0462867
0.733333349,PlayerA,fighter,LeftFoot,0.6434371,0.125437886,-0.450974
0.733333349,PlayerA,fighter,RightFoot,0.0185705423,0.121390343,-0.8459513
0.733333349,PlayerB,actor,Root,-0.850000262,0,-2.026558E-07
0.733333349,PlayerB,driver,Root,-0.8921519,-0.0151835149,-0.052987773
0.733333349,PlayerB,native,AnimatorRoot,-0.8921519,-0.0151835149,-0.052987773
0.733333349,PlayerB,native,Hips,-0.9288994,0.6922237,-0.0764731541
0.733333349,PlayerB,native,Head,-0.8663479,1.16055775,-0.0344120637
0.733333349,PlayerB,native,Chest,-0.9306928,0.892829,-0.09427526
0.733333349,PlayerB,native,LeftHand,-0.8487677,0.9250379,0.183475658
0.733333349,PlayerB,native,RightHand,-0.7743522,0.749180853,-0.228193521
0.733333349,PlayerB,native,LeftFoot,-0.841216743,0.122473218,0.304247051
0.733333349,PlayerB,native,RightFoot,-1.01210177,0.114438362,-0.3631079
0.733333349,PlayerB,fighter,AnimatorRoot,-0.850000262,0,-2.026558E-07
0.733333349,PlayerB,fighter,Hips,-0.9288994,0.692223668,-0.07647316
0.733333349,PlayerB,fighter,Head,-0.8281192,1.3763181,0.0182004478
0.733333349,PlayerB,fighter,Chest,-0.9360759,0.9745538,-0.09416389
0.733333349,PlayerB,fighter,LeftHand,-0.8487678,0.925037861,0.183475733
0.733333349,PlayerB,fighter,RightHand,-0.774352252,0.7491808,-0.228193611
0.733333349,PlayerB,fighter,LeftFoot,-0.8412167,0.12247318,0.304247081
0.733333349,PlayerB,fighter,RightFoot,-1.01210177,0.1144382,-0.363107949
0.7407408,PlayerA,actor,Root,0.85,0,0
0.7407408,PlayerA,driver,Root,0.2170363,-0.0916788056,-0.7789811
0.7407408,PlayerA,native,AnimatorRoot,0.2170363,-0.0916788056,-0.7789811
0.7407408,PlayerA,native,Hips,0.2386685,0.6420456,-0.713153541
0.7407408,PlayerA,native,Head,0.185945213,1.1517266,-0.805840433
0.7407408,PlayerA,native,Chest,0.227347136,0.8599159,-0.731695652
0.7407408,PlayerA,native,LeftHand,0.09044957,1.10578275,-1.00166714
0.7407408,PlayerA,native,RightHand,-0.007891655,1.10604739,-1.04765129
0.7407408,PlayerA,native,LeftFoot,0.643390536,0.125486851,-0.450841159
0.7407408,PlayerA,native,RightFoot,0.01863879,0.121354036,-0.8459141
0.7407408,PlayerA,fighter,AnimatorRoot,0.85,0,0
0.7407408,PlayerA,fighter,Hips,0.238668382,0.6420456,-0.71315366
0.7407408,PlayerA,fighter,Head,0.178777277,1.11585069,-0.8080508
0.7407408,PlayerA,fighter,Chest,0.2245813,0.8443991,-0.7222992
0.7407408,PlayerA,fighter,LeftHand,0.09150928,1.10538661,-1.00156558
0.7407408,PlayerA,fighter,RightHand,-0.008105934,1.10261464,-1.04543483
0.7407408,PlayerA,fighter,LeftFoot,0.6433905,0.125486851,-0.450841129
0.7407408,PlayerA,fighter,RightFoot,0.01863879,0.121353962,-0.8459141
0.7407408,PlayerB,actor,Root,-0.850000262,0,-2.026558E-07
0.7407408,PlayerB,driver,Root,-0.892496347,-0.0156581737,-0.0547466725
0.7407408,PlayerB,native,AnimatorRoot,-0.892496347,-0.0156581737,-0.0547466725
0.7407408,PlayerB,native,Hips,-0.9314074,0.6910422,-0.08041052
0.7407408,PlayerB,native,Head,-0.8646055,1.15843415,-0.0351725742
0.7407408,PlayerB,native,Chest,-0.9316617,0.891766369,-0.09677109
0.7407408,PlayerB,native,LeftHand,-0.846538246,0.929863036,0.181757882
0.7407408,PlayerB,native,RightHand,-0.777820468,0.742971659,-0.232995868
0.7407408,PlayerB,native,LeftFoot,-0.844685256,0.127928182,0.303203
0.7407408,PlayerB,native,RightFoot,-1.01217222,0.114347517,-0.3632149
0.7407408,PlayerB,fighter,AnimatorRoot,-0.850000262,0,-2.026558E-07
0.7407408,PlayerB,fighter,Hips,-0.9314074,0.6910421,-0.0804105252
0.7407408,PlayerB,fighter,Head,-0.82455343,1.37345219,0.0190156754
0.7407408,PlayerB,fighter,Chest,-0.9363146,0.973525345,-0.09614276
0.7407408,PlayerB,fighter,LeftHand,-0.8465384,0.929863,0.181758031
0.7407408,PlayerB,fighter,RightHand,-0.7778204,0.7429716,-0.2329959
0.7407408,PlayerB,fighter,LeftFoot,-0.8446853,0.127928078,0.3032029
0.7407408,PlayerB,fighter,RightFoot,-1.0121721,0.114347495,-0.363215
0.75,PlayerA,actor,Root,0.85,0,0
0.75,PlayerA,driver,Root,0.216314614,-0.093039386,-0.7793017
0.75,PlayerA,native,AnimatorRoot,0.216314614,-0.093039386,-0.7793017
0.75,PlayerA,native,Hips,0.23852849,0.6405098,-0.712582469
0.75,PlayerA,native,Head,0.184500575,1.14936459,-0.8082276
0.75,PlayerA,native,Chest,0.227531612,0.8582755,-0.732197464
0.75,PlayerA,native,LeftHand,0.08576751,1.10557687,-1.0029645
0.75,PlayerA,native,RightHand,-0.0116364956,1.10378861,-1.04631782
0.75,PlayerA,native,LeftFoot,0.6434175,0.1254971,-0.450855881
0.75,PlayerA,native,RightFoot,0.0186534524,0.121344827,-0.8459147
0.75,PlayerA,fighter,AnimatorRoot,0.85,0,0
0.75,PlayerA,fighter,Hips,0.238528371,0.6405098,-0.712582648
0.75,PlayerA,fighter,Head,0.177082539,1.11337411,-0.810155034
0.75,PlayerA,fighter,Chest,0.2249164,0.8428225,-0.722693741
0.75,PlayerA,fighter,LeftHand,0.0868231654,1.10516572,-1.0028882
0.75,PlayerA,fighter,RightHand,-0.0118723512,1.100358,-1.04409993
0.75,PlayerA,fighter,LeftFoot,0.6434174,0.1254971,-0.45085597
0.75,PlayerA,fighter,RightFoot,0.018653512,0.121344805,-0.845914543
0.75,PlayerB,actor,Root,-0.850000262,0,-2.026558E-07
0.75,PlayerB,driver,Root,-0.893004239,-0.0161073785,-0.0571716055
0.75,PlayerB,native,AnimatorRoot,-0.893004239,-0.0161073785,-0.0571716055
0.75,PlayerB,native,Hips,-0.9345955,0.68979156,-0.08562408
0.75,PlayerB,native,Head,-0.86206,1.15590656,-0.0362448953
0.75,PlayerB,native,Chest,-0.9326878,0.890660465,-0.099954024
0.75,PlayerB,native,LeftHand,-0.843625069,0.9361465,0.179749057
0.75,PlayerB,native,RightHand,-0.78283143,0.7351061,-0.240138337
0.75,PlayerB,native,LeftFoot,-0.8518438,0.134499,0.3000207
0.75,PlayerB,native,RightFoot,-1.01218462,0.114350617,-0.36320737
0.75,PlayerB,fighter,AnimatorRoot,-0.850000262,0,-2.026558E-07
0.75,PlayerB,fighter,Hips,-0.9345955,0.6897915,-0.0856240839
0.75,PlayerB,fighter,Head,-0.8197065,1.37000275,0.0199068338
0.75,PlayerB,fighter,Chest,-0.936338365,0.972447038,-0.09863822
0.75,PlayerB,fighter,LeftHand,-0.8436251,0.936146557,0.179749146
0.75,PlayerB,fighter,RightHand,-0.7828315,0.735105932,-0.240138263
0.75,PlayerB,fighter,LeftFoot,-0.8518437,0.134498775,0.300020665
0.75,PlayerB,fighter,RightFoot,-1.01218462,0.114350624,-0.36320743
0.766666651,PlayerA,actor,Root,0.85,0,0
0.766666651,PlayerA,driver,Root,0.215249062,-0.09516033,-0.7793984
0.766666651,PlayerA,native,AnimatorRoot,0.215249062,-0.09516033,-0.7793984
0.766666651,PlayerA,native,Hips,0.238566756,0.6380406,-0.711243153
0.766666651,PlayerA,native,Head,0.1818273,1.14543474,-0.811599851
0.766666651,PlayerA,native,Chest,0.228173971,0.855609953,-0.732741833
0.766666651,PlayerA,native,LeftHand,0.0767359138,1.105944,-1.004587
0.766666651,PlayerA,native,RightHand,-0.0189034939,1.09964669,-1.04347694
0.766666651,PlayerA,native,LeftFoot,0.643436432,0.125438541,-0.450974762
0.766666651,PlayerA,native,RightFoot,0.0185700655,0.121390231,-0.8459525
0.766666651,PlayerA,fighter,AnimatorRoot,0.85,0,0
0.766666651,PlayerA,fighter,Hips,0.238566577,0.6380406,-0.7112433
0.766666651,PlayerA,fighter,Head,0.173936427,1.10923553,-0.813001335
0.766666651,PlayerA,fighter,Chest,0.2258231,0.8402708,-0.723035157
0.766666651,PlayerA,fighter,LeftHand,0.07778233,1.10550475,-1.004556
0.766666651,PlayerA,fighter,RightHand,-0.0191745758,1.09621716,-1.0412606
0.766666651,PlayerA,fighter,LeftFoot,0.643436551,0.1254384,-0.4509748
0.766666651,PlayerA,fighter,RightFoot,0.0185699463,0.1213903,-0.8459526
0.766666651,PlayerB,actor,Root,-0.850000262,0,-2.026558E-07
0.766666651,PlayerB,driver,Root,-0.8944277,-0.01723693,-0.06215545
0.766666651,PlayerB,native,AnimatorRoot,-0.8944277,-0.01723693,-0.06215545
0.766666651,PlayerB,native,Hips,-0.940399051,0.6878897,-0.0953380838
0.766666651,PlayerB,native,Head,-0.857190669,1.15145123,-0.03826732
0.766666651,PlayerB,native,Chest,-0.9343147,0.888940036,-0.105664067
0.766666651,PlayerB,native,LeftHand,-0.838951766,0.9472709,0.17650716
0.766666651,PlayerB,native,RightHand,-0.7929828,0.7217926,-0.255410641
0.766666651,PlayerB,native,LeftFoot,-0.871584535,0.141900823,0.287717074
0.766666651,PlayerB,native,RightFoot,-1.01210117,0.114439145,-0.363108248
0.766666651,PlayerB,fighter,AnimatorRoot,-0.850000262,0,-2.026558E-07
0.766666651,PlayerB,fighter,Hips,-0.940399051,0.687889636,-0.0953381062
0.766666651,PlayerB,fighter,Head,-0.8107412,1.363876,0.0213592071
0.766666651,PlayerB,fighter,Chest,-0.9360701,0.9707248,-0.103043221
0.766666651,PlayerB,fighter,LeftHand,-0.8389518,0.947271,0.176507324
0.766666651,PlayerB,fighter,RightHand,-0.7929828,0.7217923,-0.255410641
0.766666651,PlayerB,fighter,LeftFoot,-0.8715845,0.141900852,0.287716985
0.766666651,PlayerB,fighter,RightFoot,-1.01210117,0.114439115,-0.363108248
0.783333361,PlayerA,actor,Root,0.85,0,0
0.783333361,PlayerA,driver,Root,0.2144233,-0.0967894,-0.778913558
0.783333361,PlayerA,native,AnimatorRoot,0.2144233,-0.0967894,-0.778913558
0.783333361,PlayerA,native,Hips,0.23889482,0.63607806,-0.7096237
0.783333361,PlayerA,native,Head,0.179045081,1.14206755,-0.813879251
0.783333361,PlayerA,native,Chest,0.229100883,0.8534434,-0.732912242
0.783333361,PlayerA,native,LeftHand,0.06718552,1.10729718,-1.00527823
0.783333361,PlayerA,native,RightHand,-0.0266148448,1.09565341,-1.040231
0.783333361,PlayerA,native,LeftFoot,0.6433511,0.125508189,-0.4507672
0.783333361,PlayerA,native,RightFoot,0.018650651,0.121348836,-0.8459162
0.783333361,PlayerA,fighter,AnimatorRoot,0.85,0,0
0.783333361,PlayerA,fighter,Hips,0.238894641,0.63607806,-0.7096239
0.783333361,PlayerA,fighter,Head,0.170665443,1.105655,-0.8147465
0.783333361,PlayerA,fighter,Chest,0.226998746,0.838214338,-0.722999036
0.783333361,PlayerA,fighter,LeftHand,0.06822044,1.10682964,-1.00529158
0.783333361,PlayerA,fighter,RightHand,-0.0269199014,1.09222341,-1.03802085
0.783333361,PlayerA,fighter,LeftFoot,0.643351,0.125508264,-0.45076713
0.783333361,PlayerA,fighter,RightFoot,0.018650651,0.121348672,-0.845916033
0.783333361,PlayerB,actor,Root,-0.850000262,0,-2.026558E-07
0.783333361,PlayerB,driver,Root,-0.896799,-0.0194050223,-0.06813613
0.783333361,PlayerB,native,AnimatorRoot,-0.896799,-0.0194050223,-0.06813613
0.783333361,PlayerB,native,Hips,-0.9464303,0.6862439,-0.105368555
0.783333361,PlayerB,native,Head,-0.8523831,1.14691818,-0.0403836742
0.783333361,PlayerB,native,Chest,-0.935942,0.8873302,-0.111338191
0.783333361,PlayerB,native,LeftHand,-0.8353782,0.95781523,0.173824564
0.783333361,PlayerB,native,RightHand,-0.804385364,0.7101532,-0.273655653
0.783333361,PlayerB,native,LeftFoot,-0.9000385,0.140209332,0.2646991
0.783333361,PlayerB,native,RightFoot,-1.01204371,0.114422306,-0.3631496
0.783333361,PlayerB,fighter,AnimatorRoot,-0.850000262,0,-2.026558E-07
0.783333361,PlayerB,fighter,Hips,-0.9464303,0.686243832,-0.105368569
0.783333361,PlayerB,fighter,Head,-0.801933646,1.35764956,0.022634292
0.783333361,PlayerB,fighter,Chest,-0.935742,0.9690403,-0.107340544
0.783333361,PlayerB,fighter,LeftHand,-0.8353784,0.9578153,0.173824728
0.783333361,PlayerB,fighter,RightHand,-0.8043854,0.710153,-0.273655564
0.783333361,PlayerB,fighter,LeftFoot,-0.9000384,0.140209392,0.264699072
0.783333361,PlayerB,fighter,RightFoot,-1.0120436,0.114422262,-0.363149583
0.8,PlayerA,actor,Root,0.85,0,0
0.8,PlayerA,driver,Root,0.21378535,-0.09783154,-0.7779939
0.8,PlayerA,native,AnimatorRoot,0.21378535,-0.09783154,-0.7779939
0.8,PlayerA,native,Hips,0.239459276,0.634747744,-0.707782745
0.8,PlayerA,native,Head,0.17625612,1.13939631,-0.8151834
0.8,PlayerA,native,Chest,0.230236888,0.85190624,-0.7327175
0.8,PlayerA,native,LeftHand,0.05769056,1.1096189,-1.0049727
0.8,PlayerA,native,RightHand,-0.0343458652,1.09212446,-1.0365417
0.8,PlayerA,native,LeftFoot,0.643436134,0.125438124,-0.4509762
0.8,PlayerA,native,RightFoot,0.0185689926,0.121389978,-0.845953763
0.8,PlayerA,fighter,AnimatorRoot,0.85,0,0
0.8,PlayerA,fighter,Hips,0.239459157,0.634747744,-0.707782865
0.8,PlayerA,fighter,Head,0.167388916,1.10276663,-0.8155327
0.8,PlayerA,fighter,Chest,0.228348851,0.836779058,-0.722608447
0.8,PlayerA,fighter,LeftHand,0.0587121248,1.109126,-1.00502694
0.8,PlayerA,fighter,RightHand,-0.03467959,1.0886929,-1.03433788
0.8,PlayerA,fighter,LeftFoot,0.6434362,0.125438079,-0.4509762
0.8,PlayerA,fighter,RightFoot,0.0185689926,0.121389866,-0.8459538
0.8,PlayerB,actor,Root,-0.850000262,0,-2.026558E-07
0.8,PlayerB,driver,Root,-0.8997404,-0.0219757333,-0.07448543
0.8,PlayerB,native,AnimatorRoot,-0.8997404,-0.0219757333,-0.07448543
0.8,PlayerB,native,Hips,-0.952359736,0.684982657,-0.11528936
0.8,PlayerB,native,Head,-0.8478367,1.14250588,-0.042375233
0.8,PlayerB,native,Chest,-0.937485,0.8859288,-0.116766058
0.8,PlayerB,native,LeftHand,-0.833000839,0.9672462,0.171397641
0.8,PlayerB,native,RightHand,-0.815734446,0.7011974,-0.294054061
0.8,PlayerB,native,LeftFoot,-0.9333518,0.13439548,0.236044765
0.8,PlayerB,native,RightFoot,-1.01210141,0.1144396,-0.3631078
0.8,PlayerB,fighter,AnimatorRoot,-0.850000262,0,-2.026558E-07
0.8,PlayerB,fighter,Hips,-0.9523598,0.6849826,-0.115289375
0.8,PlayerB,fighter,Head,-0.7935176,1.35151446,0.02388361
0.8,PlayerB,fighter,Chest,-0.9353717,0.9674934,-0.111363627
0.8,PlayerB,fighter,LeftHand,-0.833001,0.967246234,0.171397746
0.8,PlayerB,fighter,RightHand,-0.815734446,0.7011974,-0.294054151
0.8,PlayerB,fighter,LeftFoot,-0.933351755,0.134395763,0.236044765
0.8,PlayerB,fighter,RightFoot,-1.01210141,0.114439368,-0.363107771
0.816666663,PlayerA,actor,Root,0.85,0,0
0.816666663,PlayerA,driver,Root,0.213271558,-0.0981783,-0.776749
0.816666663,PlayerA,native,AnimatorRoot,0.213271558,-0.0981783,-0.776749
0.816666663,PlayerA,native,Hips,0.240181327,0.6342678,-0.7059139
0.816666663,PlayerA,native,Head,0.173535049,1.13764632,-0.81575793
0.816666663,PlayerA,native,Chest,0.231493115,0.851227164,-0.7322709
0.816666663,PlayerA,native,LeftHand,0.0488367081,1.11296225,-1.00382519
0.816666663,PlayerA,native,RightHand,-0.0415226221,1.08952379,-1.03271818
0.816666663,PlayerA,native,LeftFoot,0.643338561,0.125440389,-0.450874567
0.816666663,PlayerA,native,RightFoot,0.0185960531,0.121377081,-0.845932
0.816666663,PlayerA,fighter,AnimatorRoot,0.85,0,0
0.816666663,PlayerA,fighter,Hips,0.240181148,0.6342678,-0.7059141
0.816666663,PlayerA,fighter,Head,0.164195478,1.10079408,-0.81564
0.816666663,PlayerA,fighter,Chest,0.229762554,0.836188257,-0.7219904
0.816666663,PlayerA,fighter,LeftHand,0.04984492,1.1124475,-1.003916
0.816666663,PlayerA,fighter,RightHand,-0.0418849,1.08609188,-1.03051877
0.816666663,PlayerA,fighter,LeftFoot,0.643338561,0.125440463,-0.450874627
0.816666663,PlayerA,fighter,RightFoot,0.0185961127,0.121376947,-0.845931947
0.816666663,PlayerB,actor,Root,-0.850000262,0,-2.026558E-07
0.816666663,PlayerB,driver,Root,-0.9032019,-0.02474381,-0.08084371
0.816666663,PlayerB,native,AnimatorRoot,-0.9032019,-0.02474381,-0.08084371
0.816666663,PlayerB,native,Hips,-0.9579542,0.6840806,-0.124677062
0.816666663,PlayerB,native,Head,-0.843830466,1.13832378,-0.0440116636
0.816666663,PlayerB,native,Chest,-0.9389448,0.8847193,-0.121732928
0.816666663,PlayerB,native,LeftHand,-0.831939638,0.9755138,0.169576138
0.816666663,PlayerB,native,RightHand,-0.825917363,0.6954027,-0.3155385
0.816666663,PlayerB,native,LeftFoot,-0.9708314,0.126274168,0.203768447
0.816666663,PlayerB,native,RightFoot,-1.01206565,0.114464521,-0.363166481
0.816666663,PlayerB,fighter,AnimatorRoot,-0.850000262,0,-2.026558E-07
0.816666663,PlayerB,fighter,Hips,-0.9579543,0.684080541,-0.124677077
0.816666663,PlayerB,fighter,Head,-0.78583163,1.34557962,0.0252975132
0.816666663,PlayerB,fighter,Chest,-0.9350607,0.9660809,-0.114937924
0.816666663,PlayerB,fighter,LeftHand,-0.831939936,0.9755138,0.169576257
0.816666663,PlayerB,fighter,RightHand,-0.8259174,0.695402443,-0.3155384
0.816666663,PlayerB,fighter,LeftFoot,-0.970831454,0.126274124,0.203768343
0.816666663,PlayerB,fighter,RightFoot,-1.01206577,0.1144644,-0.363166541
0.8333333,PlayerA,actor,Root,0.85,0,0
0.8333333,PlayerA,driver,Root,0.212818623,-0.09774925,-0.7753676
0.8333333,PlayerA,native,AnimatorRoot,0.212818623,-0.09774925,-0.7753676
0.8333333,PlayerA,native,Hips,0.240974188,0.6347741,-0.704100668
0.8333333,PlayerA,native,Head,0.170946538,1.1369288,-0.8158713
0.8333333,PlayerA,native,Chest,0.232784867,0.8515498,-0.731610537
0.8333333,PlayerA,native,LeftHand,0.0411630869,1.11727726,-1.00201333
0.8333333,PlayerA,native,RightHand,-0.0478117466,1.08817136,-1.02874434
0.8333333,PlayerA,native,LeftFoot,0.6434357,0.125438362,-0.450976849
0.8333333,PlayerA,native,RightFoot,0.0185687542,0.121389449,-0.8459548
0.8333333,PlayerA,fighter,AnimatorRoot,0.85,0,0
0.8333333,PlayerA,fighter,Hips,0.240974069,0.634774148,-0.7041008
0.8333333,PlayerA,fighter,Head,0.161160231,1.09984672,-0.8153709
0.8333333,PlayerA,fighter,Chest,0.231130183,0.8365814,-0.7211929
0.8333333,PlayerA,fighter,LeftHand,0.0421601534,1.11674726,-1.0021342
0.8333333,PlayerA,fighter,RightHand,-0.0481991768,1.08474255,-1.02654469
0.8333333,PlayerA,fighter,LeftFoot,0.6434357,0.125438452,-0.450976938
0.8333333,PlayerA,fighter,RightFoot,0.0185688138,0.1213892,-0.845954657
0.8333333,PlayerB,actor,Root,-0.850000262,0,-2.026558E-07
0.8333333,PlayerB,driver,Root,-0.9065768,-0.0272504278,-0.08660222
0.8333333,PlayerB,native,AnimatorRoot,-0.9065768,-0.0272504278,-0.08660222
0.8333333,PlayerB,native,Hips,-0.9629734,0.683476,-0.133079886
0.8333333,PlayerB,native,Head,-0.840614557,1.13450921,-0.0450787954
0.8333333,PlayerB,native,Chest,-0.940302551,0.8836856,-0.126025245
0.8333333,PlayerB,native,LeftHand,-0.8321946,0.9822439,0.168214187
0.8333333,PlayerB,native,RightHand,-0.8336944,0.6927591,-0.336765826
0.8333333,PlayerB,native,LeftFoot,-1.0046469,0.119020686,0.173823074
0.8333333,PlayerB,native,RightFoot,-1.01210129,0.114439666,-0.363108069
0.8333333,PlayerB,fighter,AnimatorRoot,-0.850000262,0,-2.026558E-07
0.8333333,PlayerB,fighter,Hips,-0.9629734,0.6834759,-0.133079916
0.8333333,PlayerB,fighter,Head,-0.779145539,1.33998621,0.0270070937
0.8333333,PlayerB,fighter,Chest,-0.9348854,0.964810967,-0.117903024
0.8333333,PlayerB,fighter,LeftHand,-0.832194746,0.982243955,0.168214321
0.8333333,PlayerB,fighter,RightHand,-0.833694458,0.6927591,-0.336765766
0.8333333,PlayerB,fighter,LeftFoot,-1.0046469,0.119020872,0.173823014
0.8333333,PlayerB,fighter,RightFoot,-1.01210141,0.114439577,-0.363108128
0.85,PlayerA,actor,Root,0.85,0,0
0.85,PlayerA,driver,Root,0.212407231,-0.0965281352,-0.7740733
0.85,PlayerA,native,AnimatorRoot,0.212407231,-0.0965281352,-0.7740733
0.85,PlayerA,native,Hips,0.241726935,0.6363737,-0.7025411
0.85,PlayerA,native,Head,0.168870687,1.13739038,-0.8159027
0.85,PlayerA,native,Chest,0.234074,0.853001237,-0.7308358
0.85,PlayerA,native,LeftHand,0.03573358,1.12256885,-1.00010991
0.85,PlayerA,native,RightHand,-0.0524324179,1.088536,-1.02490449
0.85,PlayerA,native,LeftFoot,0.6434556,0.12538591,-0.451112926
0.85,PlayerA,native,RightFoot,0.0185164213,0.12142282,-0.845958233
0.85,PlayerA,fighter,AnimatorRoot,0.85,0,0
0.85,PlayerA,fighter,Hips,0.241726816,0.6363737,-0.702541232
0.85,PlayerA,fighter,Head,0.158679962,1.10008085,-0.8151633
0.85,PlayerA,fighter,Chest,0.232380569,0.8380791,-0.7203344
0.85,PlayerA,fighter,LeftHand,0.0367235541,1.12203062,-1.00025189
0.85,PlayerA,fighter,RightHand,-0.0528442264,1.08511519,-1.02269661
0.85,PlayerA,fighter,LeftFoot,0.6434557,0.125385955,-0.451112926
0.85,PlayerA,fighter,RightFoot,0.01851654,0.121422768,-0.8459582
0.85,PlayerB,actor,Root,-0.850000262,0,-2.026558E-07
0.85,PlayerB,driver,Root,-0.9091869,-0.02890576,-0.0910173357
0.85,PlayerB,native,AnimatorRoot,-0.9091869,-0.02890576,-0.0910173357
0.85,PlayerB,native,Hips,-0.9671143,0.6832789,-0.139997974
0.85,PlayerB,native,Head,-0.838543236,1.1314683,-0.04542924
0.85,PlayerB,native,Chest,-0.9415763,0.8830302,-0.129484579
0.85,PlayerB,native,LeftHand,-0.833881259,0.987424135,0.167319551
0.85,PlayerB,native,RightHand,-0.8379667,0.693037868,-0.3558239
0.85,PlayerB,native,LeftFoot,-1.0261,0.114064038,0.154793426
0.85,PlayerB,native,RightFoot,-1.012114,0.114435464,-0.363094181
0.85,PlayerB,fighter,AnimatorRoot,-0.850000262,0,-2.026558E-07
0.85,PlayerB,fighter,Hips,-0.9671143,0.683278859,-0.139997989
0.85,PlayerB,fighter,Head,-0.7739129,1.33517408,0.0290535
0.85,PlayerB,fighter,Chest,-0.9349939,0.9639259,-0.120178334
0.85,PlayerB,fighter,LeftHand,-0.8338814,0.987423956,0.167319819
0.85,PlayerB,fighter,RightHand,-0.83796674,0.6930377,-0.355824
0.85,PlayerB,fighter,LeftFoot,-1.02609992,0.11406415,0.154793486
0.85,PlayerB,fighter,RightFoot,-1.012114,0.114435323,-0.363094121
0.864197552,PlayerA,actor,Root,0.85,0,0
0.864197552,PlayerA,driver,Root,0.211952984,-0.09465296,-0.7730367
0.864197552,PlayerA,native,AnimatorRoot,0.211952984,-0.09465296,-0.7730367
0.864197552,PlayerA,native,Hips,0.242393076,0.6389041,-0.70140636
0.864197552,PlayerA,native,Head,0.166908741,1.13885009,-0.8160175
0.864197552,PlayerA,native,Chest,0.235096931,0.855423868,-0.730082154
0.864197552,PlayerA,native,LeftHand,0.0321414471,1.12782979,-0.9980625
0.864197552,PlayerA,native,RightHand,-0.0551523566,1.09037662,-1.02170146
0.864197552,PlayerA,native,LeftFoot,0.6434128,0.125431359,-0.450981021
0.864197552,PlayerA,native,RightFoot,0.0185767412,0.121388115,-0.8459461
0.864197552,PlayerA,fighter,AnimatorRoot,0.85,0,0
0.864197552,PlayerA,fighter,Hips,0.242392957,0.6389041,-0.701406538
0.864197552,PlayerA,fighter,Head,0.1563958,1.10131645,-0.815189242
0.864197552,PlayerA,fighter,Chest,0.233273685,0.8405205,-0.7195509
0.864197552,PlayerA,fighter,LeftHand,0.0331291556,1.1272912,-0.998217642
0.864197552,PlayerA,fighter,RightHand,-0.0555850863,1.08696926,-1.01947713
0.864197552,PlayerA,fighter,LeftFoot,0.6434128,0.1254313,-0.450980961
0.864197552,PlayerA,fighter,RightFoot,0.0185768,0.121388055,-0.8459461
0.864197552,PlayerB,actor,Root,-0.850000262,0,-2.026558E-07
0.864197552,PlayerB,driver,Root,-0.910943,-0.0297932532,-0.09377198
0.864197552,PlayerB,native,AnimatorRoot,-0.910943,-0.0297932532,-0.09377198
0.864197552,PlayerB,native,Hips,-0.9699994,0.683329761,-0.144756883
0.864197552,PlayerB,native,Head,-0.8376684,1.12946689,-0.0450646169
0.864197552,PlayerB,native,Chest,-0.942552567,0.8827076,-0.131734923
0.864197552,PlayerB,native,LeftHand,-0.8363454,0.9904498,0.166929588
0.864197552,PlayerB,native,RightHand,-0.8389613,0.695168138,-0.3704228
0.864197552,PlayerB,native,LeftFoot,-1.03743386,0.110927828,0.144828245
0.864197552,PlayerB,native,RightFoot,-1.01209056,0.114437111,-0.363120317
0.864197552,PlayerB,fighter,AnimatorRoot,-0.850000262,0,-2.026558E-07
0.864197552,PlayerB,fighter,Hips,-0.9699994,0.6833297,-0.1447569
0.864197552,PlayerB,fighter,Head,-0.770473659,1.33163548,0.0311855581
0.864197552,PlayerB,fighter,Chest,-0.935253,0.9634241,-0.121506542
0.864197552,PlayerB,fighter,LeftHand,-0.8363454,0.9904499,0.166929781
0.864197552,PlayerB,fighter,RightHand,-0.8389613,0.6951681,-0.370422751
0.864197552,PlayerB,fighter,LeftFoot,-1.03743386,0.110927939,0.144828171
0.864197552,PlayerB,fighter,RightFoot,-1.01209068,0.114437111,-0.363120347
0.8666667,PlayerA,actor,Root,0.85,0,0
0.8666667,PlayerA,driver,Root,0.211841643,-0.09421441,-0.772871852
0.8666667,PlayerA,native,AnimatorRoot,0.211841643,-0.09421441,-0.772871852
0.8666667,PlayerA,native,Hips,0.242518485,0.639500856,-0.701227546
0.8666667,PlayerA,native,Head,0.1664682,1.13922513,-0.816069663
0.8666667,PlayerA,native,Chest,0.2352547,0.856002,-0.729941368
0.8666667,PlayerA,native,LeftHand,0.03154069,1.12880826,-0.9976098
0.8666667,PlayerA,native,RightHand,-0.05550486,1.09087062,-1.02113533
0.8666667,PlayerA,native,LeftFoot,0.64343524,0.125438571,-0.450978249
0.8666667,PlayerA,native,RightFoot,0.01856786,0.121388853,-0.845956147
0.8666667,PlayerA,fighter,AnimatorRoot,0.85,0,0
0.8666667,PlayerA,fighter,Hips,0.242518365,0.639500856,-0.7012277
0.8666667,PlayerA,fighter,Head,0.155900717,1.101645,-0.8152378
0.8666667,PlayerA,fighter,Chest,0.233397663,0.84109956,-0.719409943
0.8666667,PlayerA,fighter,LeftHand,0.03252852,1.12827075,-0.997766852
0.8666667,PlayerA,fighter,RightHand,-0.0559409857,1.08746648,-1.01890671
0.8666667,PlayerA,fighter,LeftFoot,0.64343524,0.1254385,-0.45097822
0.8666667,PlayerA,fighter,RightFoot,0.01856786,0.121388629,-0.845956266
0.8666667,PlayerB,actor,Root,-0.850000262,0,-2.026558E-07
0.8666667,PlayerB,driver,Root,-0.911197841,-0.0298975017,-0.0941340253
0.8666667,PlayerB,native,AnimatorRoot,-0.911197841,-0.0298975017,-0.0941340253
0.8666667,PlayerB,native,Hips,-0.970432162,0.6833433,-0.14546223
0.8666667,PlayerB,native,Head,-0.837613,1.1291697,-0.0449154675
0.8666667,PlayerB,native,Chest,-0.9427044,0.8826609,-0.132046491
0.8666667,PlayerB,native,LeftHand,-0.8368744,0.9908069,0.166887328
0.8666667,PlayerB,native,RightHand,-0.838839,0.695706666,-0.372790426
0.8666667,PlayerB,native,LeftFoot,-1.03878593,0.110600673,0.143622383
0.8666667,PlayerB,native,RightFoot,-1.01210153,0.114439853,-0.363108248
0.8666667,PlayerB,fighter,AnimatorRoot,-0.850000262,0,-2.026558E-07
0.8666667,PlayerB,fighter,Hips,-0.970432162,0.683343232,-0.145462245
0.8666667,PlayerB,fighter,Head,-0.7699706,1.33106089,0.0316155925
0.8666667,PlayerB,fighter,Chest,-0.9353094,0.963348746,-0.121664435
0.8666667,PlayerB,fighter,LeftHand,-0.836874545,0.9908069,0.166887492
0.8666667,PlayerB,fighter,RightHand,-0.838839054,0.6957064,-0.3727903
0.8666667,PlayerB,fighter,LeftFoot,-1.03878582,0.110600576,0.143622339
0.8666667,PlayerB,fighter,RightFoot,-1.01210153,0.114439659,-0.363108218
0.8833333,PlayerA,actor,Root,0.85,0,0
0.8833333,PlayerA,driver,Root,0.2108252,-0.09043759,-0.7718759
0.8833333,PlayerA,native,AnimatorRoot,0.2108252,-0.09043759,-0.7718759
0.8833333,PlayerA,native,Hips,0.2433899,0.64472127,-0.700198233
0.8833333,PlayerA,native,Head,0.16289562,1.14270449,-0.816667855
0.8833333,PlayerA,native,Chest,0.236140847,0.861106455,-0.728902459
0.8833333,PlayerA,native,LeftHand,0.0279809237,1.13595414,-0.994041562
0.8833333,PlayerA,native,RightHand,-0.0565173626,1.09553289,-1.01734591
0.8833333,PlayerA,native,LeftFoot,0.6434591,0.125432938,-0.4510368
0.8833333,PlayerA,native,RightFoot,0.018553257,0.121410772,-0.845975161
0.8833333,PlayerA,fighter,AnimatorRoot,0.85,0,0
0.8833333,PlayerA,fighter,Hips,0.243389785,0.64472127,-0.700198352
0.8833333,PlayerA,fighter,Head,0.151984692,1.104761,-0.815917134
0.8833333,PlayerA,fighter,Chest,0.233967185,0.846188962,-0.7184116
0.8833333,PlayerA,fighter,LeftHand,0.0289738774,1.13542986,-0.9942106
0.8833333,PlayerA,fighter,RightHand,-0.0569787025,1.09215915,-1.01507676
0.8833333,PlayerA,fighter,LeftFoot,0.643459,0.125432923,-0.451036841
0.8833333,PlayerA,fighter,RightFoot,0.018553257,0.1214108,-0.8459751
0.8833333,PlayerB,actor,Root,-0.850000262,0,-2.026558E-07
0.8833333,PlayerB,driver,Root,-0.912385,-0.0301065929,-0.09553446
0.8833333,PlayerB,native,AnimatorRoot,-0.912385,-0.0301065929,-0.09553446
0.8833333,PlayerB,native,Hips,-0.9727887,0.68350184,-0.149181962
0.8833333,PlayerB,native,Head,-0.8380589,1.12764847,-0.043235898
0.8833333,PlayerB,native,Chest,-0.9436246,0.882476151,-0.133507773
0.8833333,PlayerB,native,LeftHand,-0.8412562,0.991975367,0.1668815
0.8833333,PlayerB,native,RightHand,-0.835917,0.7005726,-0.3871036
0.8833333,PlayerB,native,LeftFoot,-1.04091668,0.110100955,0.141708136
0.8833333,PlayerB,native,RightFoot,-1.01212275,0.114444345,-0.3630825
0.8833333,PlayerB,fighter,AnimatorRoot,-0.850000262,0,-2.026558E-07
0.8833333,PlayerB,fighter,Hips,-0.9727887,0.6835018,-0.149181992
0.8833333,PlayerB,fighter,Head,-0.7674388,1.32762778,0.0349366665
0.8833333,PlayerB,fighter,Chest,-0.935836136,0.963002563,-0.122160606
0.8833333,PlayerB,fighter,LeftHand,-0.8412563,0.991975546,0.166881621
0.8833333,PlayerB,fighter,RightHand,-0.8359172,0.7005722,-0.387103617
0.8833333,PlayerB,fighter,LeftFoot,-1.04091668,0.110101022,0.141708121
0.8833333,PlayerB,fighter,RightFoot,-1.01212287,0.11444433,-0.3630825
0.9,PlayerA,actor,Root,0.85,0,0
0.9,PlayerA,driver,Root,0.209643185,-0.08539123,-0.770984948
0.9,PlayerA,native,AnimatorRoot,0.209643185,-0.08539123,-0.770984948
0.9,PlayerA,native,Hips,0.244399369,0.6517007,-0.6993496
0.9,PlayerA,native,Head,0.158603132,1.14752746,-0.8176073
0.9,PlayerA,native,Chest,0.2369191,0.867975056,-0.72770673
0.9,PlayerA,native,LeftHand,0.0248589516,1.14396346,-0.989629447
0.9,PlayerA,native,RightHand,-0.05612594,1.10206091,-1.01350808
0.9,PlayerA,native,LeftFoot,0.64343524,0.125438184,-0.450979441
0.9,PlayerA,native,RightFoot,0.0185672641,0.121387981,-0.845957935
0.9,PlayerA,fighter,AnimatorRoot,0.85,0,0
0.9,PlayerA,fighter,Hips,0.24439925,0.6517007,-0.6993497
0.9,PlayerA,fighter,Head,0.14736867,1.10913789,-0.8170824
0.9,PlayerA,fighter,Chest,0.234303057,0.8530142,-0.717312932
0.9,PlayerA,fighter,LeftHand,0.0258619189,1.14346206,-0.9898078
0.9,PlayerA,fighter,RightHand,-0.05661255,1.09872878,-1.01118338
0.9,PlayerA,fighter,LeftFoot,0.6434353,0.125438169,-0.450979561
0.9,PlayerA,fighter,RightFoot,0.0185672641,0.121388011,-0.8459578
0.9,PlayerB,actor,Root,-0.850000262,0,-2.026558E-07
0.9,PlayerB,driver,Root,-0.913240433,-0.02986313,-0.095863
0.9,PlayerB,native,AnimatorRoot,-0.913240433,-0.02986313,-0.095863
0.9,PlayerB,native,Hips,-0.9744443,0.683808744,-0.151616454
0.9,PlayerB,native,Head,-0.8395226,1.12681675,-0.0406669229
0.9,PlayerB,native,Chest,-0.9443535,0.8825188,-0.134109914
0.9,PlayerB,native,LeftHand,-0.8465887,0.991521955,0.167448834
0.9,PlayerB,native,RightHand,-0.8301814,0.707226336,-0.3993849
0.9,PlayerB,native,LeftFoot,-1.038786,0.110600412,0.143622279
0.9,PlayerB,native,RightFoot,-1.01210177,0.1144398,-0.363108128
0.9,PlayerB,fighter,AnimatorRoot,-0.850000262,0,-2.026558E-07
0.9,PlayerB,fighter,Hips,-0.9744444,0.6838087,-0.151616484
0.9,PlayerB,fighter,Head,-0.7659499,1.32481468,0.03880232
0.9,PlayerB,fighter,Chest,-0.9364761,0.9629209,-0.121871255
0.9,PlayerB,fighter,LeftHand,-0.846588731,0.9915221,0.167448968
0.9,PlayerB,fighter,RightHand,-0.8301815,0.7072261,-0.399384856
0.9,PlayerB,fighter,LeftFoot,-1.03878617,0.110600285,0.143622175
0.9,PlayerB,fighter,RightFoot,-1.01210177,0.114439785,-0.363108128
0.9166667,PlayerA,actor,Root,0.85,0,0
0.9166667,PlayerA,driver,Root,0.208330691,-0.07899076,-0.7701159
0.9166667,PlayerA,native,AnimatorRoot,0.208330691,-0.07899076,-0.7701159
0.9166667,PlayerA,native,Hips,0.2456457,0.6605066,-0.698549
0.9166667,PlayerA,native,Head,0.153270125,1.153574,-0.818837464
0.9166667,PlayerA,native,Chest,0.23760587,0.8766535,-0.726276338
0.9166667,PlayerA,native,LeftHand,0.0213245153,1.15279269,-0.9839562
0.9166667,PlayerA,native,RightHand,-0.054572463,1.11031723,-1.009417
0.9166667,PlayerA,native,LeftFoot,0.6434778,0.125442922,-0.450967163
0.9166667,PlayerA,native,RightFoot,0.0185428858,0.1213806,-0.845979631
0.9166667,PlayerA,fighter,AnimatorRoot,0.85,0,0
0.9166667,PlayerA,fighter,Hips,0.245645583,0.660506666,-0.6985491
0.9166667,PlayerA,fighter,Head,0.1417253,1.11462724,-0.818660438
0.9166667,PlayerA,fighter,Chest,0.234435678,0.8616209,-0.716031432
0.9166667,PlayerA,fighter,LeftHand,0.0223409534,1.15232325,-0.9841454
0.9166667,PlayerA,fighter,RightHand,-0.0550851822,1.10703874,-1.00702262
0.9166667,PlayerA,fighter,LeftFoot,0.6434778,0.125442788,-0.450967252
0.9166667,PlayerA,fighter,RightFoot,0.0185429454,0.12138062,-0.845979631
0.9166667,PlayerB,actor,Root,-0.850000262,0,-2.026558E-07
0.9166667,PlayerB,driver,Root,-0.9142384,-0.0295469258,-0.09561364
0.9166667,PlayerB,native,AnimatorRoot,-0.9142384,-0.0295469258,-0.09561364
0.9166667,PlayerB,native,Hips,-0.9755808,0.684200346,-0.153093547
0.9166667,PlayerB,native,Head,-0.841788769,1.12648213,-0.0372741222
0.9166667,PlayerB,native,Chest,-0.9448529,0.8826972,-0.133965641
0.9166667,PlayerB,native,LeftHand,-0.8526341,0.989558756,0.168575391
0.9166667,PlayerB,native,RightHand,-0.8221374,0.715671,-0.4103784
0.9166667,PlayerB,native,LeftFoot,-1.03878975,0.110607244,0.14362359
0.9166667,PlayerB,native,RightFoot,-1.012106,0.114443205,-0.363103271
0.9166667,PlayerB,fighter,AnimatorRoot,-0.850000262,0,-2.026558E-07
0.9166667,PlayerB,fighter,Hips,-0.9755808,0.6842003,-0.153093576
0.9166667,PlayerB,fighter,Head,-0.765186965,1.32240129,0.04319139
0.9166667,PlayerB,fighter,Chest,-0.937111139,0.9629987,-0.120857038
0.9166667,PlayerB,fighter,LeftHand,-0.852634132,0.989558756,0.168575376
0.9166667,PlayerB,fighter,RightHand,-0.8221375,0.7156708,-0.410378367
0.9166667,PlayerB,fighter,LeftFoot,-1.03878963,0.11060746,0.143623754
0.9166667,PlayerB,fighter,RightFoot,-1.012106,0.114443079,-0.363103181
0.933333337,PlayerA,actor,Root,0.85,0,0
0.933333337,PlayerA,driver,Root,0.207342088,-0.0717006,-0.7693288
0.933333337,PlayerA,native,AnimatorRoot,0.207342088,-0.0717006,-0.7693288
0.933333337,PlayerA,native,Hips,0.247011721,0.670452833,-0.6977804
0.933333337,PlayerA,native,Head,0.148354113,1.16048133,-0.82043
0.933333337,PlayerA,native,Chest,0.2384296,0.8864708,-0.7246716
0.933333337,PlayerA,native,LeftHand,0.01871705,1.16246772,-0.978275239
0.933333337,PlayerA,native,RightHand,-0.0522071719,1.11968851,-1.00516164
0.933333337,PlayerA,native,LeftFoot,0.6434345,0.125437528,-0.450980037
0.933333337,PlayerA,native,RightFoot,0.01856649,0.12138623,-0.8459593
0.933333337,PlayerA,fighter,AnimatorRoot,0.85,0,0
0.933333337,PlayerA,fighter,Hips,0.2470116,0.670452833,-0.6977805
0.933333337,PlayerA,fighter,Head,0.136522889,1.12093341,-0.8207246
0.933333337,PlayerA,fighter,Chest,0.234614611,0.8713457,-0.714628756
0.933333337,PlayerA,fighter,LeftHand,0.0197486281,1.1620369,-0.9784744
0.933333337,PlayerA,fighter,RightHand,-0.0527421832,1.11647022,-1.00269139
0.933333337,PlayerA,fighter,LeftFoot,0.6434345,0.1254375,-0.450980246
0.933333337,PlayerA,fighter,RightFoot,0.0185665488,0.121386148,-0.845959246
0.933333337,PlayerB,actor,Root,-0.850000262,0,-2.026558E-07
0.933333337,PlayerB,driver,Root,-0.9152075,-0.0288899262,-0.09481955
0.933333337,PlayerB,native,AnimatorRoot,-0.9152075,-0.0288899262,-0.09481955
0.933333337,PlayerB,native,Hips,-0.976215661,0.684889734,-0.15370743
0.933333337,PlayerB,native,Head,-0.844659865,1.12679708,-0.03336054
0.933333337,PlayerB,native,Chest,-0.945180655,0.8832382,-0.133246839
0.933333337,PlayerB,native,LeftHand,-0.8590942,0.986866653,0.170376673
0.933333337,PlayerB,native,RightHand,-0.8123547,0.725644767,-0.4196071
0.933333337,PlayerB,native,LeftFoot,-1.038786,0.110600531,0.143622071
0.933333337,PlayerB,native,RightFoot,-1.01210165,0.11443986,-0.3631082
0.933333337,PlayerB,fighter,AnimatorRoot,-0.850000262,0,-2.026558E-07
0.933333337,PlayerB,fighter,Hips,-0.9762157,0.6848897,-0.153707445
0.933333337,PlayerB,fighter,Head,-0.765133858,1.320666,0.0477500632
0.933333337,PlayerB,fighter,Chest,-0.9377687,0.9634668,-0.119334683
0.933333337,PlayerB,fighter,LeftHand,-0.8590943,0.9868667,0.1703767
0.933333337,PlayerB,fighter,RightHand,-0.812354743,0.7256446,-0.419607073
0.933333337,PlayerB,fighter,LeftFoot,-1.03878617,0.110600621,0.143622056
0.933333337,PlayerB,fighter,RightFoot,-1.01210165,0.114439823,-0.3631082
0.95,PlayerA,actor,Root,0.85,0,0
0.95,PlayerA,driver,Root,0.2070437,-0.0638562739,-0.768674254
0.95,PlayerA,native,AnimatorRoot,0.2070437,-0.0638562739,-0.768674254
0.95,PlayerA,native,Hips,0.248452067,0.6809789,-0.697049737
0.95,PlayerA,native,Head,0.1448918,1.16798127,-0.822471559
0.95,PlayerA,native,Chest,0.239590585,0.896880031,-0.7229665
0.95,PlayerA,native,LeftHand,0.0177547336,1.1729126,-0.973338842
0.95,PlayerA,native,RightHand,-0.04921013,1.13008642,-1.00080323
0.95,PlayerA,native,LeftFoot,0.6435174,0.125493214,-0.450898379
0.95,PlayerA,native,RightFoot,0.0185402632,0.121374145,-0.84598434
0.95,PlayerA,fighter,AnimatorRoot,0.85,0,0
0.95,PlayerA,fighter,Hips,0.248451889,0.6809789,-0.697049856
0.95,PlayerA,fighter,Head,0.1328013,1.12784028,-0.8233601
0.95,PlayerA,fighter,Chest,0.23506099,0.881650567,-0.713183939
0.95,PlayerA,fighter,LeftHand,0.0188013911,1.172523,-0.973545134
0.95,PlayerA,fighter,RightHand,-0.0497642159,1.12693024,-0.99825865
0.95,PlayerA,fighter,LeftFoot,0.6435174,0.125493243,-0.4508981
0.95,PlayerA,fighter,RightFoot,0.0185402036,0.121374227,-0.84598434
0.95,PlayerB,actor,Root,-0.850000262,0,-2.026558E-07
0.95,PlayerB,driver,Root,-0.9161323,-0.0277884789,-0.0936216637
0.95,PlayerB,native,AnimatorRoot,-0.9161323,-0.0277884789,-0.0936216637
0.95,PlayerB,native,Hips,-0.9763972,0.6860241,-0.1536127
0.95,PlayerB,native,Head,-0.847929835,1.12782919,-0.0291652214
0.95,PlayerB,native,Chest,-0.9453634,0.884288669,-0.132107943
0.95,PlayerB,native,LeftHand,-0.8657213,0.984023154,0.172936022
0.95,PlayerB,native,RightHand,-0.801217258,0.736793935,-0.42678076
0.95,PlayerB,native,LeftFoot,-1.038787,0.110602334,0.143618986
0.95,PlayerB,native,RightFoot,-1.01210451,0.114443228,-0.3631071
0.95,PlayerB,fighter,AnimatorRoot,-0.850000262,0,-2.026558E-07
0.95,PlayerB,fighter,Hips,-0.9763972,0.68602407,-0.153612733
0.95,PlayerB,fighter,Head,-0.7656834,1.31974626,0.052267313
0.95,PlayerB,fighter,Chest,-0.93843323,0.9644708,-0.117476568
0.95,PlayerB,fighter,LeftHand,-0.8657214,0.984023154,0.172936082
0.95,PlayerB,fighter,RightHand,-0.8012173,0.7367937,-0.4267808
0.95,PlayerB,fighter,LeftFoot,-1.038787,0.110602207,0.143618912
0.95,PlayerB,fighter,RightFoot,-1.01210463,0.114443332,-0.363107115
0.966666639,PlayerA,actor,Root,0.85,0,0
0.966666639,PlayerA,driver,Root,0.207734764,-0.05576018,-0.768097
0.966666639,PlayerA,native,AnimatorRoot,0.207734764,-0.05576018,-0.768097
0.966666639,PlayerA,native,Hips,0.249895513,0.691597939,-0.6962392
0.966666639,PlayerA,native,Head,0.14373976,1.17597044,-0.8247027
0.966666639,PlayerA,native,Chest,0.241226435,0.9074174,-0.7210651
0.966666639,PlayerA,native,LeftHand,0.0191074014,1.1842345,-0.9697485
0.966666639,PlayerA,native,RightHand,-0.04569602,1.14099443,-0.9964019
0.966666639,PlayerA,native,LeftFoot,0.6434349,0.125436515,-0.450980663
0.966666639,PlayerA,native,RightFoot,0.018566668,0.121389881,-0.845959067
0.966666639,PlayerA,fighter,AnimatorRoot,0.85,0,0
0.966666639,PlayerA,fighter,Hips,0.2498954,0.691597939,-0.6962393
0.966666639,PlayerA,fighter,Head,0.131418824,1.13530159,-0.826305568
0.966666639,PlayerA,fighter,Chest,0.235937834,0.8920828,-0.7116044
0.966666639,PlayerA,fighter,LeftHand,0.0201680064,1.18388736,-0.9699579
0.966666639,PlayerA,fighter,RightHand,-0.0462640524,1.13789546,-0.993790865
0.966666639,PlayerA,fighter,LeftFoot,0.6434349,0.125436589,-0.450980753
0.966666639,PlayerA,fighter,RightFoot,0.0185667276,0.121389724,-0.845959067
0.966666639,PlayerB,actor,Root,-0.850000262,0,-2.026558E-07
0.966666639,PlayerB,driver,Root,-0.91701895,-0.0261290371,-0.09219052
0.966666639,PlayerB,native,AnimatorRoot,-0.91701895,-0.0261290371,-0.09219052
0.966666639,PlayerB,native,Hips,-0.9761829,0.687750459,-0.152965069
0.966666639,PlayerB,native,Head,-0.851415336,1.12967432,-0.0249645021
0.966666639,PlayerB,native,Chest,-0.945441,0.885995746,-0.130712032
0.966666639,PlayerB,native,LeftHand,-0.872311652,0.9815216,0.176288247
0.966666639,PlayerB,native,RightHand,-0.789437532,0.749017835,-0.4321628
0.966666639,PlayerB,native,LeftFoot,-1.03878641,0.110600516,0.143622369
0.966666639,PlayerB,native,RightFoot,-1.01210177,0.114439636,-0.363108724
0.966666639,PlayerB,fighter,AnimatorRoot,-0.850000262,0,-2.026558E-07
0.966666639,PlayerB,fighter,Hips,-0.976182938,0.6877504,-0.1529651
0.966666639,PlayerB,fighter,Head,-0.766769,1.31985593,0.0564426854
0.966666639,PlayerB,fighter,Chest,-0.9391059,0.9661566,-0.115468182
0.966666639,PlayerB,fighter,LeftHand,-0.8723118,0.9815216,0.176288426
0.966666639,PlayerB,fighter,RightHand,-0.7894375,0.7490178,-0.432162762
0.966666639,PlayerB,fighter,LeftFoot,-1.03878629,0.110600539,0.143622443
0.966666639,PlayerB,fighter,RightFoot,-1.01210177,0.114439659,-0.363108665
0.983333349,PlayerA,actor,Root,0.85,0,0
0.983333349,PlayerA,driver,Root,0.2097655,-0.04771636,-0.767636
0.983333349,PlayerA,native,AnimatorRoot,0.2097655,-0.04771636,-0.767636
0.983333349,PlayerA,native,Hips,0.251295626,0.7017722,-0.69543767
0.983333349,PlayerA,native,Head,0.145831764,1.18432677,-0.8270731
0.983333349,PlayerA,native,Chest,0.243540585,0.9175676,-0.7191025
0.983333349,PlayerA,native,LeftHand,0.0235378742,1.1964097,-0.968217969
0.983333349,PlayerA,native,RightHand,-0.0422369838,1.15210283,-0.9918949
0.983333349,PlayerA,native,LeftFoot,0.643517852,0.125536412,-0.4508596
0.983333349,PlayerA,native,RightFoot,0.018522501,0.121378705,-0.8459643
0.983333349,PlayerA,fighter,AnimatorRoot,0.85,0,0
0.983333349,PlayerA,fighter,Hips,0.2512955,0.7017722,-0.6954378
0.983333349,PlayerA,fighter,Head,0.133302927,1.14325929,-0.829498947
0.983333349,PlayerA,fighter,Chest,0.237471759,0.9021433,-0.7100251
0.983333349,PlayerA,fighter,LeftHand,0.0246116519,1.19610238,-0.9684218
0.983333349,PlayerA,fighter,RightHand,-0.0428109169,1.149053,-0.9892277
0.983333349,PlayerA,fighter,LeftFoot,0.643517733,0.1255364,-0.450859547
0.983333349,PlayerA,fighter,RightFoot,0.0185224414,0.12137866,-0.8459643
0.983333349,PlayerB,actor,Root,-0.850000262,0,-2.026558E-07
0.983333349,PlayerB,driver,Root,-0.917864,-0.0238038972,-0.09068109
0.983333349,PlayerB,native,AnimatorRoot,-0.917864,-0.0238038972,-0.09068109
0.983333349,PlayerB,native,Hips,-0.975638151,0.690203547,-0.151908442
0.983333349,PlayerB,native,Head,-0.8549344,1.13242412,-0.0210141111
0.983333349,PlayerB,native,Chest,-0.945459366,0.8884923,-0.129204139
0.983333349,PlayerB,native,LeftHand,-0.8787127,0.97984165,0.180538952
0.983333349,PlayerB,native,RightHand,-0.7770352,0.7621971,-0.436018139
0.983333349,PlayerB,native,LeftFoot,-1.03879523,0.110597052,0.143622935
0.983333349,PlayerB,native,RightFoot,-1.01211452,0.114438541,-0.3631018
0.983333349,PlayerB,fighter,AnimatorRoot,-0.850000262,0,-2.026558E-07
0.983333349,PlayerB,fighter,Hips,-0.975638151,0.6902035,-0.151908442
0.983333349,PlayerB,fighter,Head,-0.7682966,1.32115853,0.06007006
0.983333349,PlayerB,fighter,Chest,-0.939792335,0.9686546,-0.1134741
0.983333349,PlayerB,fighter,LeftHand,-0.878713,0.9798416,0.180538833
0.983333349,PlayerB,fighter,RightHand,-0.7770352,0.762197,-0.43601808
0.983333349,PlayerB,fighter,LeftFoot,-1.03879523,0.110597156,0.143623009
0.983333349,PlayerB,fighter,RightFoot,-1.01211452,0.114438489,-0.36310184
0.9876544,PlayerA,actor,Root,0.85,0,0
0.9876544,PlayerA,driver,Root,0.21051544,-0.045654282,-0.7675177
0.9876544,PlayerA,native,AnimatorRoot,0.21051544,-0.045654282,-0.7675177
0.9876544,PlayerA,native,Hips,0.251648545,0.7043109,-0.695219457
0.9876544,PlayerA,native,Head,0.146923482,1.18655407,-0.827649355
0.9876544,PlayerA,native,Chest,0.24425149,0.9201113,-0.718559742
0.9876544,PlayerA,native,LeftHand,0.0252072215,1.19971013,-0.9681275
0.9876544,PlayerA,native,RightHand,-0.0412572622,1.1550343,-0.9907192
0.9876544,PlayerA,native,LeftFoot,0.6435468,0.125558063,-0.450842142
0.9876544,PlayerA,native,RightFoot,0.018499732,0.121381342,-0.8459784
0.9876544,PlayerA,fighter,AnimatorRoot,0.85,0,0
0.9876544,PlayerA,fighter,Hips,0.251648426,0.7043109,-0.6952196
0.9876544,PlayerA,fighter,Head,0.13434577,1.14540756,-0.830307841
0.9876544,PlayerA,fighter,Chest,0.237979174,0.9046669,-0.7095932
0.9876544,PlayerA,fighter,LeftHand,0.0262843966,1.1994127,-0.9683287
0.9876544,PlayerA,fighter,RightHand,-0.0418324471,1.15199506,-0.9880399
0.9876544,PlayerA,fighter,LeftFoot,0.6435468,0.125558,-0.450842142
0.9876544,PlayerA,fighter,RightFoot,0.0184997916,0.1213811,-0.845978439
0.9876544,PlayerB,actor,Root,-0.850000262,0,-2.026558E-07
0.9876544,PlayerB,driver,Root,-0.9180775,-0.0230868571,-0.09028594
0.9876544,PlayerB,native,AnimatorRoot,-0.9180775,-0.0230868571,-0.09028594
0.9876544,PlayerB,native,Hips,-0.975441754,0.690966547,-0.151576549
0.9876544,PlayerB,native,Head,-0.8558427,1.13329351,-0.0200458635
0.9876544,PlayerB,native,Chest,-0.9454531,0.889276743,-0.128804088
0.9876544,PlayerB,native,LeftHand,-0.880339861,0.9795564,0.181785733
0.9876544,PlayerB,native,RightHand,-0.7738644,0.7657121,-0.43673858
0.9876544,PlayerB,native,LeftFoot,-1.03879809,0.110597506,0.143621773
0.9876544,PlayerB,native,RightFoot,-1.01211476,0.114439651,-0.3631013
0.9876544,PlayerB,fighter,AnimatorRoot,-0.850000262,0,-2.026558E-07
0.9876544,PlayerB,fighter,Hips,-0.975441754,0.6909665,-0.151576579
0.9876544,PlayerB,fighter,Head,-0.7687287,1.321683,0.0609068274
0.9876544,PlayerB,fighter,Chest,-0.93997,0.9694433,-0.112969652
0.9876544,PlayerB,fighter,LeftHand,-0.88034,0.9795564,0.181785688
0.9876544,PlayerB,fighter,RightHand,-0.7738644,0.765712,-0.436738521
0.9876544,PlayerB,fighter,LeftFoot,-1.03879821,0.110597491,0.143621713
0.9876544,PlayerB,fighter,RightFoot,-1.01211476,0.114439406,-0.3631014
1,PlayerA,actor,Root,0.85,0,0
1,PlayerA,driver,Root,0.213348985,-0.0400558449,-0.7670588
1,PlayerA,native,AnimatorRoot,0.213348985,-0.0400558449,-0.7670588
1,PlayerA,native,Hips,0.252590239,0.710977733,-0.694447
1,PlayerA,native,Head,0.151820064,1.19297242,-0.8287923
1,PlayerA,native,Chest,0.246642768,0.926834166,-0.7167916
1,PlayerA,native,LeftHand,0.03170091,1.20955455,-0.968765259
1,PlayerA,native,RightHand,-0.0385396481,1.16321969,-0.987538
1,PlayerA,native,LeftFoot,0.6434326,0.125438839,-0.450983
1,PlayerA,native,RightFoot,0.0185658336,0.121389672,-0.8459607
1,PlayerA,fighter,AnimatorRoot,0.85,0,0
1,PlayerA,fighter,Hips,0.25259012,0.710977733,-0.6944471
1,PlayerA,fighter,Head,0.13910985,1.151698,-0.832151234
1,PlayerA,fighter,Chest,0.239802539,0.9113485,-0.708159
1,PlayerA,fighter,LeftHand,0.032787323,1.20928228,-0.968953
1,PlayerA,fighter,RightHand,-0.0391156077,1.16019976,-0.9848376
1,PlayerA,fighter,LeftFoot,0.6434326,0.1254388,-0.450983047
1,PlayerA,fighter,RightFoot,0.0185658336,0.12138968,-0.8459607
1,PlayerB,actor,Root,-0.850000262,0,-2.026558E-07
1,PlayerB,driver,Root,-0.918682158,-0.0206917841,-0.0892811641
1,PlayerB,native,AnimatorRoot,-0.918682158,-0.0206917841,-0.0892811641
1,PlayerB,native,Hips,-0.974782765,0.6935552,-0.150619239
1,PlayerB,native,Head,-0.8582835,1.13623989,-0.0176302586
1,PlayerB,native,Chest,-0.945425332,0.8919487,-0.1277698
1,PlayerB,native,LeftHand,-0.8847729,0.9794404,0.185702533
1,PlayerB,native,RightHand,-0.765877843,0.775483847,-0.4381333
1,PlayerB,native,LeftFoot,-1.03878617,0.11059992,0.143622279
1,PlayerB,native,RightFoot,-1.012102,0.114439353,-0.363108635
1,PlayerB,fighter,AnimatorRoot,-0.850000262,0,-2.026558E-07
1,PlayerB,fighter,Hips,-0.974782765,0.6935551,-0.150619268
1,PlayerB,fighter,Head,-0.7701429,1.32391,0.06283367
1,PlayerB,fighter,Chest,-0.9404636,0.972134531,-0.1117042
1,PlayerB,fighter,LeftHand,-0.8847731,0.979440451,0.185702756
1,PlayerB,fighter,RightHand,-0.765877962,0.775483847,-0.43813324
1,PlayerB,fighter,LeftFoot,-1.03878617,0.110599913,0.143622324
1,PlayerB,fighter,RightFoot,-1.012102,0.114439242,-0.363108665
1.01666665,PlayerA,actor,Root,0.85,0,0
1.01666665,PlayerA,driver,Root,0.218370616,-0.03285025,-0.7664383
1.01666665,PlayerA,native,AnimatorRoot,0.218370616,-0.03285025,-0.7664383
1.01666665,PlayerA,native,Hips,0.253896177,0.7192733,-0.693625748
1.01666665,PlayerA,native,Head,0.16139251,1.201775,-0.8303031
1.01666665,PlayerA,native,Chest,0.250551,0.9352352,-0.714664042
1.01666665,PlayerA,native,LeftHand,0.04374063,1.22393978,-0.9722414
1.01666665,PlayerA,native,RightHand,-0.0394782424,1.17185032,-0.9826316
1.01666665,PlayerA,native,LeftFoot,0.6437906,0.126103967,-0.4503969
1.01666665,PlayerA,native,RightFoot,0.01895082,0.121449158,-0.845846832
1.01666665,PlayerA,fighter,AnimatorRoot,0.85,0,0
1.01666665,PlayerA,fighter,Hips,0.253896058,0.7192733,-0.693625867
1.01666665,PlayerA,fighter,Head,0.148514926,1.16047323,-0.834642231
1.01666665,PlayerA,fighter,Chest,0.242960453,0.9197305,-0.7065156
1.01666665,PlayerA,fighter,LeftHand,0.0448378921,1.22369444,-0.97239846
1.01666665,PlayerA,fighter,RightHand,-0.0400434136,1.16888607,-0.979867637
1.01666665,PlayerA,fighter,LeftFoot,0.6437905,0.126104072,-0.450397
1.01666665,PlayerA,fighter,RightFoot,0.01895088,0.121449232,-0.845846832
1.01666665,PlayerB,actor,Root,-0.850000262,0,-2.026558E-07
1.01666665,PlayerB,driver,Root,-0.919659734,-0.0174413212,-0.0882984847
1.01666665,PlayerB,native,AnimatorRoot,-0.919659734,-0.0174413212,-0.0882984847
1.01666665,PlayerB,native,Hips,-0.974004,0.6969011,-0.149573311
1.01666665,PlayerB,native,Head,-0.8618838,1.140345,-0.015259563
1.01666665,PlayerB,native,Chest,-0.9455553,0.895435035,-0.126708329
1.01666665,PlayerB,native,LeftHand,-0.8906226,0.9803076,0.190990314
1.01666665,PlayerB,native,RightHand,-0.75641036,0.7885959,-0.440346718
1.01666665,PlayerB,native,LeftFoot,-1.03882992,0.110864207,0.143562764
1.01666665,PlayerB,native,RightFoot,-1.01206338,0.114527807,-0.363087445
1.01666665,PlayerB,fighter,AnimatorRoot,-0.850000262,0,-2.026558E-07
1.01666665,PlayerB,fighter,Hips,-0.974004,0.696901,-0.149573311
1.01666665,PlayerB,fighter,Head,-0.7728261,1.32747388,0.064283
1.01666665,PlayerB,fighter,Chest,-0.9413178,0.975659,-0.11043971
1.01666665,PlayerB,fighter,LeftHand,-0.8906227,0.980307639,0.190990567
1.01666665,PlayerB,fighter,RightHand,-0.75641036,0.7885959,-0.440346777
1.01666665,PlayerB,fighter,LeftFoot,-1.03882992,0.110864267,0.143562824
1.01666665,PlayerB,fighter,RightFoot,-1.0120635,0.114527777,-0.3630874
1.0333333,PlayerA,actor,Root,0.85,0,0
1.0333333,PlayerA,driver,Root,0.226165414,-0.0271811783,-0.7648935
1.0333333,PlayerA,native,AnimatorRoot,0.226165414,-0.0271811783,-0.7648935
1.0333333,PlayerA,native,Hips,0.254636168,0.724433064,-0.692122
1.0333333,PlayerA,native,Head,0.178146243,1.21037662,-0.827593565
1.0333333,PlayerA,native,Chest,0.255832255,0.9406724,-0.7110188
1.0333333,PlayerA,native,LeftHand,0.0633810759,1.23923075,-0.976634741
1.0333333,PlayerA,native,RightHand,-0.03268808,1.18360543,-0.978875339
1.0333333,PlayerA,native,LeftFoot,0.6434331,0.125438377,-0.4509842
1.0333333,PlayerA,native,RightFoot,0.0185655951,0.121388882,-0.8459616
1.0333333,PlayerA,fighter,AnimatorRoot,0.85,0,0
1.0333333,PlayerA,fighter,Hips,0.254636,0.724433064,-0.6921221
1.0333333,PlayerA,fighter,Head,0.165157557,1.16951323,-0.83307153
1.0333333,PlayerA,fighter,Chest,0.247572,0.9252165,-0.703404844
1.0333333,PlayerA,fighter,LeftHand,0.0644878745,1.23899937,-0.9767369
1.0333333,PlayerA,fighter,RightHand,-0.03324163,1.18057477,-0.976181865
1.0333333,PlayerA,fighter,LeftFoot,0.6434331,0.125438258,-0.450984329
1.0333333,PlayerA,fighter,RightFoot,0.0185655951,0.121388912,-0.8459615
1.0333333,PlayerB,actor,Root,-0.850000262,0,-2.026558E-07
1.0333333,PlayerB,driver,Root,-0.9202776,-0.0116350073,-0.0875277743
1.0333333,PlayerB,native,AnimatorRoot,-0.9202776,-0.0116350073,-0.0875277743
1.0333333,PlayerB,native,Hips,-0.9724519,0.7034682,-0.147899941
1.0333333,PlayerB,native,Head,-0.863861561,1.14759052,-0.013682968
1.0333333,PlayerB,native,Chest,-0.9454466,0.9022413,-0.125710458
1.0333333,PlayerB,native,LeftHand,-0.895878136,0.9842418,0.199196488
1.0333333,PlayerB,native,RightHand,-0.745581448,0.802976131,-0.440576464
1.0333333,PlayerB,native,LeftFoot,-1.03878629,0.110599548,0.143622771
1.0333333,PlayerB,native,RightFoot,-1.01210213,0.114438772,-0.3631087
1.0333333,PlayerB,fighter,AnimatorRoot,-0.850000262,0,-2.026558E-07
1.0333333,PlayerB,fighter,Hips,-0.9724519,0.7034681,-0.147899956
1.0333333,PlayerB,fighter,Head,-0.7747341,1.33476162,0.06479917
1.0333333,PlayerB,fighter,Chest,-0.941857457,0.982536,-0.109520711
1.0333333,PlayerB,fighter,LeftHand,-0.8958783,0.9842418,0.1991966
1.0333333,PlayerB,fighter,RightHand,-0.745581567,0.802975833,-0.440576643
1.0333333,PlayerB,fighter,LeftFoot,-1.03878641,0.110599242,0.143622711
1.0333333,PlayerB,fighter,RightFoot,-1.012102,0.114438824,-0.363108635
1.05,PlayerA,actor,Root,0.85,0,0
1.05,PlayerA,driver,Root,0.238501787,-0.0243652035,-0.7620924
1.05,PlayerA,native,AnimatorRoot,0.238501787,-0.0243652035,-0.7620924
1.05,PlayerA,native,Hips,0.253935456,0.723858058,-0.690324545
1.05,PlayerA,native,Head,0.206527531,1.21757722,-0.8165331
1.05,PlayerA,native,Chest,0.263293684,0.940491,-0.705331564
1.05,PlayerA,native,LeftHand,0.09699464,1.25531328,-0.9810786
1.05,PlayerA,native,RightHand,-0.007147014,1.20163262,-0.9817288
1.05,PlayerA,native,LeftFoot,0.642828941,0.125315145,-0.450898439
1.05,PlayerA,native,RightFoot,0.0141254067,0.122175515,-0.8476625
1.05,PlayerA,fighter,AnimatorRoot,0.85,0,0
1.05,PlayerA,fighter,Hips,0.253935337,0.723858058,-0.690324664
1.05,PlayerA,fighter,Head,0.193488538,1.177954,-0.823287666
1.05,PlayerA,fighter,Chest,0.254482746,0.9252041,-0.6982334
1.05,PlayerA,fighter,LeftHand,0.09810418,1.25507092,-0.9810833
1.05,PlayerA,fighter,RightHand,-0.00764209032,1.198275,-0.979443
1.05,PlayerA,fighter,LeftFoot,0.642828941,0.125315234,-0.450898468
1.05,PlayerA,fighter,RightFoot,0.0141253471,0.122175507,-0.8476626
1.05,PlayerB,actor,Root,-0.850000262,0,-2.026558E-07
1.05,PlayerB,driver,Root,-0.919417441,-0.000211098231,-0.08644208
1.05,PlayerB,native,AnimatorRoot,-0.919417441,-0.000211098231,-0.08644208
1.05,PlayerB,native,Hips,-0.9696658,0.7172253,-0.145074487
1.05,PlayerB,native,Head,-0.8606779,1.16043162,-0.011902079
1.05,PlayerB,native,Chest,-0.9447718,0.916255057,-0.124634244
1.05,PlayerB,native,LeftHand,-0.901237369,0.992296338,0.212924346
1.05,PlayerB,native,RightHand,-0.7295192,0.819159,-0.4353657
1.05,PlayerB,native,LeftFoot,-1.03367162,0.111704029,0.148361757
1.05,PlayerB,native,RightFoot,-1.0126971,0.114461057,-0.3634007
1.05,PlayerB,fighter,AnimatorRoot,-0.850000262,0,-2.026558E-07
1.05,PlayerB,fighter,Hips,-0.9696659,0.717225254,-0.145074487
1.05,PlayerB,fighter,Head,-0.7717624,1.34751534,0.06615363
1.05,PlayerB,fighter,Chest,-0.9413567,0.9966296,-0.108775638
1.05,PlayerB,fighter,LeftHand,-0.901237369,0.9922966,0.21292451
1.05,PlayerB,fighter,RightHand,-0.7295192,0.819159031,-0.435365647
1.05,PlayerB,fighter,LeftFoot,-1.03367162,0.111703947,0.1483617
1.05,PlayerB,fighter,RightFoot,-1.012697,0.114461228,-0.3634006
1.06666672,PlayerA,actor,Root,0.85,0,0
1.06666672,PlayerA,driver,Root,0.253966451,-0.02376907,-0.756459832
1.06666672,PlayerA,native,AnimatorRoot,0.253966451,-0.02376907,-0.756459832
1.06666672,PlayerA,native,Hips,0.252352238,0.7199329,-0.688083768
1.06666672,PlayerA,native,Head,0.241680682,1.22245908,-0.7959625
1.06666672,PlayerA,native,Chest,0.271654844,0.9366657,-0.697024167
1.06666672,PlayerA,native,LeftHand,0.1425069,1.27283621,-0.981644
1.06666672,PlayerA,native,RightHand,0.0293041468,1.22192085,-0.9874754
1.06666672,PlayerA,native,LeftFoot,0.6410062,0.1251474,-0.449813634
1.06666672,PlayerA,native,RightFoot,0.007374108,0.123021692,-0.849844
1.06666672,PlayerA,fighter,AnimatorRoot,0.85,0,0
1.06666672,PlayerA,fighter,Hips,0.252352118,0.719933,-0.6880839
1.06666672,PlayerA,fighter,Head,0.228875458,1.18452394,-0.8040856
1.06666672,PlayerA,fighter,Chest,0.262336254,0.921581745,-0.690461934
1.06666672,PlayerA,fighter,LeftHand,0.143600464,1.2725594,-0.981512666
1.06666672,PlayerA,fighter,RightHand,0.0290459991,1.21820831,-0.9857735
1.06666672,PlayerA,fighter,LeftFoot,0.6410061,0.125147387,-0.449813545
1.06666672,PlayerA,fighter,RightFoot,0.007374227,0.123021558,-0.84984386
1.06666672,PlayerB,actor,Root,-0.850000262,0,-2.026558E-07
1.06666672,PlayerB,driver,Root,-0.9190631,0.0142492093,-0.08631414
1.06666672,PlayerB,native,AnimatorRoot,-0.9190631,0.0142492093,-0.08631414
1.06666672,PlayerB,native,Hips,-0.964657366,0.7346557,-0.140378341
1.06666672,PlayerB,native,Head,-0.857463658,1.17874467,-0.01260455
1.06666672,PlayerB,native,Chest,-0.9432591,0.9341922,-0.123220019
1.06666672,PlayerB,native,LeftHand,-0.908522546,1.006244,0.231718242
1.06666672,PlayerB,native,RightHand,-0.713064969,0.8367769,-0.427747458
1.06666672,PlayerB,native,LeftFoot,-1.03904235,0.109283939,0.143549383
1.06666672,PlayerB,native,RightFoot,-1.0123688,0.115404651,-0.362937629
1.06666672,PlayerB,fighter,AnimatorRoot,-0.850000262,0,-2.026558E-07
1.06666672,PlayerB,fighter,Hips,-0.964657366,0.7346557,-0.140378356
1.06666672,PlayerB,fighter,Head,-0.7715292,1.36811411,0.06359424
1.06666672,PlayerB,fighter,Chest,-0.940399945,1.01479387,-0.108502127
1.06666672,PlayerB,fighter,LeftHand,-0.9085227,1.006244,0.231718346
1.06666672,PlayerB,fighter,RightHand,-0.713064969,0.8367769,-0.427747458
1.06666672,PlayerB,fighter,LeftFoot,-1.03904223,0.10928417,0.143549338
1.06666672,PlayerB,fighter,RightFoot,-1.01236868,0.115404591,-0.36293757
1.08333337,PlayerA,actor,Root,0.85,0,0
1.08333337,PlayerA,driver,Root,0.272629023,-0.02640234,-0.7456105
1.08333337,PlayerA,native,AnimatorRoot,0.272629023,-0.02640234,-0.7456105
1.08333337,PlayerA,native,Hips,0.250101447,0.712274551,-0.684558332
1.08333337,PlayerA,native,Head,0.281975985,1.22259772,-0.760386169
1.08333337,PlayerA,native,Chest,0.2804891,0.9284423,-0.6839964
1.08333337,PlayerA,native,LeftHand,0.201912284,1.291055,-0.971132934
1.08333337,PlayerA,native,RightHand,0.0776042342,1.24062967,-0.9919784
1.08333337,PlayerA,native,LeftFoot,0.6398345,0.122575104,-0.453841537
1.08333337,PlayerA,native,RightFoot,-0.00253987312,0.124412432,-0.85411185
1.08333337,PlayerA,fighter,AnimatorRoot,0.85,0,0
1.08333337,PlayerA,fighter,Hips,0.250101268,0.712274551,-0.684558451
1.08333337,PlayerA,fighter,Head,0.2698471,1.18669879,-0.7699482
1.08333337,PlayerA,fighter,Chest,0.270636559,0.913540065,-0.6780368
1.08333337,PlayerA,fighter,LeftHand,0.202950537,1.29071164,-0.9708279
1.08333337,PlayerA,fighter,RightHand,0.07785529,1.23670554,-0.9908465
1.08333337,PlayerA,fighter,LeftFoot,0.6398345,0.1225751,-0.4538414
1.08333337,PlayerA,fighter,RightFoot,-0.00253981352,0.124412589,-0.854112
1.08333337,PlayerB,actor,Root,-0.850000262,0,-2.026558E-07
1.08333337,PlayerB,driver,Root,-0.920535266,0.0314639732,-0.0879188851
1.08333337,PlayerB,native,AnimatorRoot,-0.920535266,0.0314639732,-0.0879188851
1.08333337,PlayerB,native,Hips,-0.958461165,0.753910244,-0.13441214
1.08333337,PlayerB,native,Head,-0.859408557,1.20277607,-0.01920186
1.08333337,PlayerB,native,Chest,-0.9427266,0.9542641,-0.122654594
1.08333337,PlayerB,native,LeftHand,-0.921722054,1.02581382,0.253723174
1.08333337,PlayerB,native,RightHand,-0.7014889,0.8562211,-0.420893371
1.08333337,PlayerB,native,LeftFoot,-1.039485,0.107174546,0.143044785
1.08333337,PlayerB,native,RightFoot,-1.01254046,0.116370432,-0.362647176
1.08333337,PlayerB,fighter,AnimatorRoot,-0.850000262,0,-2.026558E-07
1.08333337,PlayerB,fighter,Hips,-0.958461165,0.7539102,-0.134412169
1.08333337,PlayerB,fighter,Head,-0.781195164,1.39837062,0.05174178
1.08333337,PlayerB,fighter,Chest,-0.9414332,1.03526759,-0.1103459
1.08333337,PlayerB,fighter,LeftHand,-0.9217223,1.02581382,0.253723234
1.08333337,PlayerB,fighter,RightHand,-0.701488853,0.856220663,-0.42089355
1.08333337,PlayerB,fighter,LeftFoot,-1.039485,0.107174933,0.1430448
1.08333337,PlayerB,fighter,RightFoot,-1.01254034,0.1163704,-0.3626471
1.1,PlayerA,actor,Root,0.85,0,0
1.1,PlayerA,driver,Root,0.291808546,-0.0286535341,-0.731641531
1.1,PlayerA,native,AnimatorRoot,0.291808546,-0.0286535341,-0.731641531
1.1,PlayerA,native,Hips,0.249117851,0.706677556,-0.683085859
1.1,PlayerA,native,Head,0.319160163,1.2200501,-0.71912384
1.1,PlayerA,native,Chest,0.289174557,0.9214124,-0.6713596
1.1,PlayerA,native,LeftHand,0.270885766,1.31397,-0.951210439
1.1,PlayerA,native,RightHand,0.140344858,1.26041758,-0.998856843
1.1,PlayerA,native,LeftFoot,0.634834766,0.1244033,-0.446832031
1.1,PlayerA,native,RightFoot,-0.0150073767,0.1273293,-0.8576084
1.1,PlayerA,fighter,AnimatorRoot,0.85,0,0
1.1,PlayerA,fighter,Hips,0.249117732,0.706677556,-0.683086
1.1,PlayerA,fighter,Head,0.308047235,1.185985,-0.7298598
1.1,PlayerA,fighter,Chest,0.278640926,0.9066626,-0.6660757
1.1,PlayerA,fighter,LeftHand,0.271810651,1.31353152,-0.950719059
1.1,PlayerA,fighter,RightHand,0.141204357,1.25647712,-0.998164833
1.1,PlayerA,fighter,LeftFoot,0.634834647,0.124403238,-0.446832031
1.1,PlayerA,fighter,RightFoot,-0.0150073767,0.1273293,-0.8576084
1.1,PlayerB,actor,Root,-0.850000262,0,-2.026558E-07
1.1,PlayerB,driver,Root,-0.924704134,0.04759621,-0.09222278
1.1,PlayerB,native,AnimatorRoot,-0.924704134,0.04759621,-0.09222278
1.1,PlayerB,native,Hips,-0.9518788,0.769830942,-0.127989933
1.1,PlayerB,native,Head,-0.8700165,1.22804117,-0.034880545
1.1,PlayerB,native,Chest,-0.9439212,0.971090853,-0.123859614
1.1,PlayerB,native,LeftHand,-0.9437331,1.05118763,0.276354849
1.1,PlayerB,native,RightHand,-0.6961287,0.87481153,-0.419599533
1.1,PlayerB,native,LeftFoot,-1.0397929,0.107084,0.143603414
1.1,PlayerB,native,RightFoot,-1.012817,0.118623763,-0.36249274
1.1,PlayerB,fighter,AnimatorRoot,-0.850000262,0,-2.026558E-07
1.1,PlayerB,fighter,Hips,-0.9518788,0.7698309,-0.127989948
1.1,PlayerB,fighter,Head,-0.8062056,1.4339292,0.0257317219
1.1,PlayerB,fighter,Chest,-0.945530236,1.05250311,-0.115527779
1.1,PlayerB,fighter,LeftHand,-0.943733156,1.05118763,0.276355
1.1,PlayerB,fighter,RightHand,-0.696128666,0.874811232,-0.419599384
1.1,PlayerB,fighter,LeftFoot,-1.0397929,0.107083976,0.14360334
1.1,PlayerB,fighter,RightFoot,-1.01281714,0.118623793,-0.3624926
1.11111116,PlayerA,actor,Root,0.85,0,0
1.11111116,PlayerA,driver,Root,0.303444266,-0.0294935647,-0.720855057
1.11111116,PlayerA,native,AnimatorRoot,0.303444266,-0.0294935647,-0.720855057
1.11111116,PlayerA,native,Hips,0.2505511,0.705262065,-0.6822833
1.11111116,PlayerA,native,Head,0.3385706,1.21824932,-0.6916054
1.11111116,PlayerA,native,Chest,0.29473722,0.9188705,-0.663038969
1.11111116,PlayerA,native,LeftHand,0.310795724,1.33006573,-0.930285156
1.11111116,PlayerA,native,RightHand,0.183775067,1.27096093,-1.00162482
1.11111116,PlayerA,native,LeftFoot,0.625603557,0.124400742,-0.437544346
1.11111116,PlayerA,native,RightFoot,-0.0207563639,0.129453033,-0.8599402
1.11111116,PlayerA,fighter,AnimatorRoot,0.85,0,0
1.11111116,PlayerA,fighter,Hips,0.250550926,0.7052621,-0.682283461
1.11111116,PlayerA,fighter,Head,0.328323662,1.18510461,-0.702952862
1.11111116,PlayerA,fighter,Chest,0.283722878,0.904185,-0.6583173
1.11111116,PlayerA,fighter,LeftHand,0.311627626,1.32956636,-0.929694951
1.11111116,PlayerA,fighter,RightHand,0.185075879,1.26711881,-1.00108528
1.11111116,PlayerA,fighter,LeftFoot,0.625603557,0.124400809,-0.437544525
1.11111116,PlayerA,fighter,RightFoot,-0.0207563043,0.129453138,-0.859940231
1.11111116,PlayerB,actor,Root,-0.850000262,0,-2.026558E-07
1.11111116,PlayerB,driver,Root,-0.9302315,0.0551437847,-0.09776117
1.11111116,PlayerB,native,AnimatorRoot,-0.9302315,0.0551437847,-0.09776117
1.11111116,PlayerB,native,Hips,-0.9478431,0.7753239,-0.124087892
1.11111116,PlayerB,native,Head,-0.886818945,1.242882,-0.0546585657
1.11111116,PlayerB,native,Chest,-0.946704865,0.9771222,-0.126686633
1.11111116,PlayerB,native,LeftHand,-0.9648896,1.07700956,0.290743053
1.11111116,PlayerB,native,RightHand,-0.701000869,0.8839752,-0.426478952
1.11111116,PlayerB,native,LeftFoot,-1.040078,0.106891125,0.14399603
1.11111116,PlayerB,native,RightFoot,-1.01299047,0.120252416,-0.3624019
1.11111116,PlayerB,fighter,AnimatorRoot,-0.850000262,0,-2.026558E-07
1.11111116,PlayerB,fighter,Hips,-0.9478431,0.775323868,-0.124087922
1.11111116,PlayerB,fighter,Head,-0.8393246,1.45800865,-0.00604560366
1.11111116,PlayerB,fighter,Chest,-0.9515493,1.05862129,-0.122328743
1.11111116,PlayerB,fighter,LeftHand,-0.964889646,1.07700944,0.290743142
1.11111116,PlayerB,fighter,RightHand,-0.701000869,0.883974969,-0.426479
1.11111116,PlayerB,fighter,LeftFoot,-1.04007792,0.1068913,0.14399597
1.11111116,PlayerB,fighter,RightFoot,-1.01299047,0.120252334,-0.362401932
1.11666667,PlayerA,actor,Root,0.85,0,0
1.11666667,PlayerA,driver,Root,0.309078574,-0.0297658425,-0.7149907
1.11666667,PlayerA,native,AnimatorRoot,0.309078574,-0.0297658425,-0.7149907
1.11666667,PlayerA,native,Hips,0.251338661,0.7046958,-0.6811263
1.11666667,PlayerA,native,Head,0.3464834,1.216985,-0.676797569
1.11666667,PlayerA,native,Chest,0.297029138,0.917705953,-0.658054
1.11666667,PlayerA,native,LeftHand,0.329149127,1.33831978,-0.916804433
1.11666667,PlayerA,native,RightHand,0.20640713,1.27524352,-1.00174451
1.11666667,PlayerA,native,LeftFoot,0.6265468,0.123960972,-0.441002667
1.11666667,PlayerA,native,RightFoot,-0.0238004923,0.130349,-0.8604374
1.11666667,PlayerA,fighter,AnimatorRoot,0.85,0,0
1.11666667,PlayerA,fighter,Hips,0.251338542,0.7046958,-0.6811264
1.11666667,PlayerA,fighter,Head,0.336712658,1.18424,-0.6884024
1.11666667,PlayerA,fighter,Chest,0.285770357,0.9030472,-0.653649032
1.11666667,PlayerA,fighter,LeftHand,0.329928339,1.33778942,-0.916170955
1.11666667,PlayerA,fighter,RightHand,0.20792222,1.27147663,-1.00123692
1.11666667,PlayerA,fighter,LeftFoot,0.626546741,0.123960927,-0.4410027
1.11666667,PlayerA,fighter,RightFoot,-0.0238004327,0.13034907,-0.8604376
1.11666667,PlayerB,actor,Root,-0.850000262,0,-2.026558E-07
1.11666667,PlayerB,driver,Root,-0.9336791,0.0582486577,-0.101199642
1.11666667,PlayerB,native,AnimatorRoot,-0.9336791,0.0582486577,-0.101199642
1.11666667,PlayerB,native,Hips,-0.9457699,0.7772726,-0.12208955
1.11666667,PlayerB,native,Head,-0.8977006,1.24945438,-0.0670014545
1.11666667,PlayerB,native,Chest,-0.9485049,0.9791967,-0.128501922
1.11666667,PlayerB,native,LeftHand,-0.977726638,1.09277713,0.297180861
1.11666667,PlayerB,native,RightHand,-0.7058913,0.887334645,-0.431700021
1.11666667,PlayerB,native,LeftFoot,-1.04024827,0.106714055,0.144027233
1.11666667,PlayerB,native,RightFoot,-1.01302886,0.121224627,-0.362262458
1.11666667,PlayerB,fighter,AnimatorRoot,-0.850000262,0,-2.026558E-07
1.11666667,PlayerB,fighter,Hips,-0.9457699,0.7772725,-0.122089565
1.11666667,PlayerB,fighter,Head,-0.8603256,1.46908319,-0.025956424
1.11666667,PlayerB,fighter,Chest,-0.955298543,1.06060326,-0.126466468
1.11666667,PlayerB,fighter,LeftHand,-0.977726936,1.09277713,0.297180682
1.11666667,PlayerB,fighter,RightHand,-0.7058914,0.8873345,-0.431699961
1.11666667,PlayerB,fighter,LeftFoot,-1.04024827,0.106714018,0.144027188
1.11666667,PlayerB,fighter,RightFoot,-1.013029,0.12122453,-0.362262428
1.13333333,PlayerA,actor,Root,0.85,0,0
1.13333333,PlayerA,driver,Root,0.323744416,-0.0221852828,-0.6982522
1.13333333,PlayerA,native,AnimatorRoot,0.323744416,-0.0221852828,-0.6982522
1.13333333,PlayerA,native,Hips,0.2550624,0.712355435,-0.6797529
1.13333333,PlayerA,native,Head,0.361947119,1.22179115,-0.63904
1.13333333,PlayerA,native,Chest,0.302178025,0.923901,-0.6463977
1.13333333,PlayerA,native,LeftHand,0.401375055,1.3818742,-0.869774342
1.13333333,PlayerA,native,RightHand,0.302456319,1.32329261,-1.00177932
1.13333333,PlayerA,native,LeftFoot,0.6265757,0.123410195,-0.442843169
1.13333333,PlayerA,native,RightFoot,-0.03179431,0.133425876,-0.86343205
1.13333333,PlayerA,fighter,AnimatorRoot,0.85,0,0
1.13333333,PlayerA,fighter,Hips,0.255062282,0.712355435,-0.679753
1.13333333,PlayerA,fighter,Head,0.353897125,1.18984091,-0.6511092
1.13333333,PlayerA,fighter,Chest,0.290180147,0.9093138,-0.643112
1.13333333,PlayerA,fighter,LeftHand,0.401913732,1.38121212,-0.8690257
1.13333333,PlayerA,fighter,RightHand,0.304308474,1.3196758,-1.00129819
1.13333333,PlayerA,fighter,LeftFoot,0.626575768,0.123410128,-0.4428431
1.13333333,PlayerA,fighter,RightFoot,-0.03179437,0.133425862,-0.863432
1.13333333,PlayerB,actor,Root,-0.850000262,0,-2.026558E-07
1.13333333,PlayerB,driver,Root,-0.945062757,0.06482076,-0.112602144
1.13333333,PlayerB,native,AnimatorRoot,-0.945062757,0.06482076,-0.112602144
1.13333333,PlayerB,native,Hips,-0.93922013,0.7816087,-0.115769885
1.13333333,PlayerB,native,Head,-0.934788764,1.26280868,-0.108574033
1.13333333,PlayerB,native,Chest,-0.954359055,0.9828922,-0.134387463
1.13333333,PlayerB,native,LeftHand,-1.0252533,1.14099336,0.309826016
1.13333333,PlayerB,native,RightHand,-0.722422659,0.8931119,-0.451408833
1.13333333,PlayerB,native,LeftFoot,-1.04101574,0.106625088,0.144188643
1.13333333,PlayerB,native,RightFoot,-1.01292324,0.124563307,-0.3618815
1.13333333,PlayerB,fighter,AnimatorRoot,-0.850000262,0,-2.026558E-07
1.13333333,PlayerB,fighter,Hips,-0.93922013,0.781608641,-0.1157699
1.13333333,PlayerB,fighter,Head,-0.932000339,1.49133253,-0.09355524
1.13333333,PlayerB,fighter,Chest,-0.967518747,1.06329,-0.139829174
1.13333333,PlayerB,fighter,LeftHand,-1.02525318,1.14099336,0.309826016
1.13333333,PlayerB,fighter,RightHand,-0.7224226,0.893111646,-0.451408833
1.13333333,PlayerB,fighter,LeftFoot,-1.04101574,0.106625147,0.144188672
1.13333333,PlayerB,fighter,RightFoot,-1.01292312,0.124563389,-0.3618814
1.15,PlayerA,actor,Root,0.85,0,0
1.15,PlayerA,driver,Root,0.332657456,0.00715111,-0.68548274
1.15,PlayerA,native,AnimatorRoot,0.332657456,0.00715111,-0.68548274
1.15,PlayerA,native,Hips,0.260094285,0.741119444,-0.6847433
1.15,PlayerA,native,Head,0.361860424,1.24975967,-0.621087968
1.15,PlayerA,native,Chest,0.302556217,0.952639,-0.6449071
1.15,PlayerA,native,LeftHand,0.482926518,1.48252249,-0.778223157
1.15,PlayerA,native,RightHand,0.432240963,1.4735707,-0.935516834
1.15,PlayerA,native,LeftFoot,0.6241815,0.124223426,-0.442796141
1.15,PlayerA,native,RightFoot,-0.03198409,0.1368928,-0.8646823
1.15,PlayerA,fighter,AnimatorRoot,0.85,0,0
1.15,PlayerA,fighter,Hips,0.260094166,0.741119444,-0.684743464
1.15,PlayerA,fighter,Head,0.356129378,1.21797824,-0.6334148
1.15,PlayerA,fighter,Chest,0.289884865,0.9381138,-0.6432935
1.15,PlayerA,fighter,LeftHand,0.483094037,1.481655,-0.77750957
1.15,PlayerA,fighter,RightHand,0.4340946,1.46993279,-0.9352461
1.15,PlayerA,fighter,LeftFoot,0.6241815,0.124223232,-0.442796081
1.15,PlayerA,fighter,RightFoot,-0.031983912,0.1368929,-0.8646824
1.15,PlayerB,actor,Root,-0.850000262,0,-2.026558E-07
1.15,PlayerB,driver,Root,-0.957650661,0.06628197,-0.12562488
1.15,PlayerB,native,AnimatorRoot,-0.957650661,0.06628197,-0.12562488
1.15,PlayerB,native,Hips,-0.9325784,0.783655941,-0.109394141
1.15,PlayerB,native,Head,-0.9769698,1.263264,-0.156534091
1.15,PlayerB,native,Chest,-0.961103737,0.98233366,-0.141400039
1.15,PlayerB,native,LeftHand,-1.08809519,1.19070292,0.3093579
1.15,PlayerB,native,RightHand,-0.738962,0.890629768,-0.4770678
1.15,PlayerB,native,LeftFoot,-1.04199111,0.107393652,0.144787341
1.15,PlayerB,native,RightFoot,-1.01248574,0.128282964,-0.361686349
1.15,PlayerB,fighter,AnimatorRoot,-0.850000262,0,-2.026558E-07
1.15,PlayerB,fighter,Hips,-0.9325784,0.7836559,-0.109394155
1.15,PlayerB,fighter,Head,-1.01400471,1.49061155,-0.1709355
1.15,PlayerB,fighter,Chest,-0.9811511,1.060386,-0.1549919
1.15,PlayerB,fighter,LeftHand,-1.08809519,1.19070292,0.3093579
1.15,PlayerB,fighter,RightHand,-0.738961935,0.8906297,-0.477067858
1.15,PlayerB,fighter,LeftFoot,-1.04199111,0.107393391,0.144787326
1.15,PlayerB,fighter,RightFoot,-1.01248574,0.12828289,-0.36168626
1.16666663,PlayerA,actor,Root,0.85,0,0
1.16666663,PlayerA,driver,Root,0.340751052,0.0424739644,-0.6727349
1.16666663,PlayerA,native,AnimatorRoot,0.340751052,0.0424739644,-0.6727349
1.16666663,PlayerA,native,Hips,0.274468422,0.778666258,-0.6912998
1.16666663,PlayerA,native,Head,0.36398375,1.28830326,-0.616512537
1.16666663,PlayerA,native,Chest,0.309399843,0.9910627,-0.648663461
1.16666663,PlayerA,native,LeftHand,0.5291629,1.5714314,-0.664157748
1.16666663,PlayerA,native,RightHand,0.51026,1.60467851,-0.7863759
1.16666663,PlayerA,native,LeftFoot,0.6178881,0.12236473,-0.4386466
1.16666663,PlayerA,native,RightFoot,-0.0261989832,0.140428349,-0.8614915
1.16666663,PlayerA,fighter,AnimatorRoot,0.85,0,0
1.16666663,PlayerA,fighter,Hips,0.2744683,0.778666258,-0.6913
1.16666663,PlayerA,fighter,Head,0.360867,1.2563324,-0.6286264
1.16666663,PlayerA,fighter,Chest,0.296451628,0.9765693,-0.6490849
1.16666663,PlayerA,fighter,LeftHand,0.529040158,1.57043767,-0.6636225
1.16666663,PlayerA,fighter,RightHand,0.5119126,1.60093617,-0.7864567
1.16666663,PlayerA,fighter,LeftFoot,0.6178881,0.122364759,-0.4386467
1.16666663,PlayerA,fighter,RightFoot,-0.026198864,0.140428543,-0.861491442
1.16666663,PlayerB,actor,Root,-0.850000262,0,-2.026558E-07
1.16666663,PlayerB,driver,Root,-0.969973564,0.06552488,-0.137916416
1.16666663,PlayerB,native,AnimatorRoot,-0.969973564,0.06552488,-0.137916416
1.16666663,PlayerB,native,Hips,-0.9255249,0.7876753,-0.102538787
1.16666663,PlayerB,native,Head,-1.01859164,1.25330484,-0.202645153
1.16666663,PlayerB,native,Chest,-0.96721226,0.9817963,-0.1474551
1.16666663,PlayerB,native,LeftHand,-1.15629065,1.22634935,0.29691866
1.16666663,PlayerB,native,RightHand,-0.7552233,0.883071363,-0.504262149
1.16666663,PlayerB,native,LeftFoot,-1.04268551,0.110533349,0.145709068
1.16666663,PlayerB,native,RightFoot,-1.01216066,0.133698314,-0.361208171
1.16666663,PlayerB,fighter,AnimatorRoot,-0.850000262,0,-2.026558E-07
1.16666663,PlayerB,fighter,Hips,-0.9255249,0.7876752,-0.1025388
1.16666663,PlayerB,fighter,Head,-1.09341037,1.46822047,-0.24475418
1.16666663,PlayerB,fighter,Chest,-0.994042754,1.05625284,-0.168769255
1.16666663,PlayerB,fighter,LeftHand,-1.15629053,1.22634947,0.296918541
1.16666663,PlayerB,fighter,RightHand,-0.755223155,0.8830712,-0.5042621
1.16666663,PlayerB,fighter,LeftFoot,-1.04268551,0.110533483,0.145709127
1.16666663,PlayerB,fighter,RightFoot,-1.01216078,0.133698359,-0.3612083
1.18333328,PlayerA,actor,Root,0.85,0,0
1.18333328,PlayerA,driver,Root,0.349249065,0.07310205,-0.6576069
1.18333328,PlayerA,native,AnimatorRoot,0.349249065,0.07310205,-0.6576069
1.18333328,PlayerA,native,Hips,0.2954287,0.816794455,-0.692437053
1.18333328,PlayerA,native,Head,0.3731468,1.32813168,-0.6160558
1.18333328,PlayerA,native,Chest,0.322316051,1.03046381,-0.6503355
1.18333328,PlayerA,native,LeftHand,0.5908049,1.59682417,-0.5242225
1.18333328,PlayerA,native,RightHand,0.60001415,1.64271533,-0.6384318
1.18333328,PlayerA,native,LeftFoot,0.603236556,0.114089847,-0.43020907
1.18333328,PlayerA,native,RightFoot,-0.0123035908,0.139623255,-0.859091341
1.18333328,PlayerA,fighter,AnimatorRoot,0.85,0,0
1.18333328,PlayerA,fighter,Hips,0.295428574,0.8167945,-0.692437232
1.18333328,PlayerA,fighter,Head,0.372612268,1.29570937,-0.6272654
1.18333328,PlayerA,fighter,Chest,0.309614956,1.01596332,-0.652935147
1.18333328,PlayerA,fighter,LeftHand,0.5904019,1.595804,-0.5239309
1.18333328,PlayerA,fighter,RightHand,0.600970745,1.63880157,-0.639145136
1.18333328,PlayerA,fighter,LeftFoot,0.603236556,0.114089727,-0.430208981
1.18333328,PlayerA,fighter,RightFoot,-0.0123035312,0.1396234,-0.859091341
1.18333328,PlayerB,actor,Root,-0.850000262,0,-2.026558E-07
1.18333328,PlayerB,driver,Root,-0.9805217,0.06299362,-0.147168815
1.18333328,PlayerB,native,AnimatorRoot,-0.9805217,0.06299362,-0.147168815
1.18333328,PlayerB,native,Hips,-0.9179834,0.7933236,-0.09516346
1.18333328,PlayerB,native,Head,-1.05351639,1.23670137,-0.238466874
1.18333328,PlayerB,native,Chest,-0.9713854,0.981756866,-0.1509433
1.18333328,PlayerB,native,LeftHand,-1.21540129,1.23460126,0.283069372
1.18333328,PlayerB,native,RightHand,-0.765898,0.875955045,-0.528799
1.18333328,PlayerB,native,LeftFoot,-1.04302526,0.113473549,0.146703169
1.18333328,PlayerB,native,RightFoot,-1.0121156,0.136791557,-0.36077255
1.18333328,PlayerB,fighter,AnimatorRoot,-0.850000262,0,-2.026558E-07
1.18333328,PlayerB,fighter,Hips,-0.9179834,0.7933236,-0.09516348
1.18333328,PlayerB,fighter,Head,-1.15752482,1.43329144,-0.301916122
1.18333328,PlayerB,fighter,Chest,-1.00418508,1.05202138,-0.178514913
1.18333328,PlayerB,fighter,LeftHand,-1.21540141,1.23460114,0.283069283
1.18333328,PlayerB,fighter,RightHand,-0.765897751,0.875954866,-0.5287989
1.18333328,PlayerB,fighter,LeftFoot,-1.04302526,0.113473557,0.146703273
1.18333328,PlayerB,fighter,RightFoot,-1.01211548,0.136791423,-0.36077252
1.2,PlayerA,actor,Root,0.85,0,0
1.2,PlayerA,driver,Root,0.366131783,0.09683301,-0.639518
1.2,PlayerA,native,AnimatorRoot,0.366131783,0.09683301,-0.639518
1.2,PlayerA,native,Hips,0.324191928,0.8463028,-0.683990657
1.2,PlayerA,native,Head,0.396724135,1.35885286,-0.612205
1.2,PlayerA,native,Chest,0.3445813,1.06127477,-0.6452713
1.2,PlayerA,native,LeftHand,0.6074394,1.56889307,-0.361545265
1.2,PlayerA,native,RightHand,0.650614858,1.61656165,-0.4761739
1.2,PlayerA,native,LeftFoot,0.6104274,0.12147361,-0.435046256
1.2,PlayerA,native,RightFoot,0.0185654163,0.147454947,-0.8459649
1.2,PlayerA,fighter,AnimatorRoot,0.85,0,0
1.2,PlayerA,fighter,Hips,0.324191749,0.8463028,-0.6839908
1.2,PlayerA,fighter,Head,0.398342669,1.32581949,-0.6220838
1.2,PlayerA,fighter,Chest,0.332699656,1.04673982,-0.6499395
1.2,PlayerA,fighter,LeftHand,0.6068409,1.56792915,-0.361590445
1.2,PlayerA,fighter,RightHand,0.6511292,1.61287653,-0.4778759
1.2,PlayerA,fighter,LeftFoot,0.61042726,0.1214736,-0.435046345
1.2,PlayerA,fighter,RightFoot,0.0185654759,0.147455022,-0.845964849
1.2,PlayerB,actor,Root,-0.850000262,0,-2.026558E-07
1.2,PlayerB,driver,Root,-0.988212,0.06500337,-0.15244633
1.2,PlayerB,native,AnimatorRoot,-0.988212,0.06500337,-0.15244633
1.2,PlayerB,native,Hips,-0.9093583,0.8051252,-0.08675136
1.2,PlayerB,native,Head,-1.08136237,1.2225697,-0.262325436
1.2,PlayerB,native,Chest,-0.972871244,0.9875796,-0.150916547
1.2,PlayerB,native,LeftHand,-1.26173353,1.22113824,0.276510626
1.2,PlayerB,native,RightHand,-0.7734711,0.87857914,-0.556127965
1.2,PlayerB,native,LeftFoot,-1.04477918,0.121436954,0.148569331
1.2,PlayerB,native,RightFoot,-1.01000643,0.146496654,-0.360579938
1.2,PlayerB,fighter,AnimatorRoot,-0.850000262,0,-2.026558E-07
1.2,PlayerB,fighter,Hips,-0.9093583,0.8051251,-0.08675137
1.2,PlayerB,fighter,Head,-1.20655656,1.40047479,-0.340032
1.2,PlayerB,fighter,Chest,-1.0108763,1.05355036,-0.183172762
1.2,PlayerB,fighter,LeftHand,-1.26173341,1.22113812,0.276510835
1.2,PlayerB,fighter,RightHand,-0.7734708,0.878578842,-0.5561277
1.2,PlayerB,fighter,LeftFoot,-1.04477918,0.121436857,0.148569316
1.2,PlayerB,fighter,RightFoot,-1.01000643,0.1464965,-0.3605799
1.2166667,PlayerA,actor,Root,0.85,0,0
1.2166667,PlayerA,driver,Root,0.403207481,0.10535419,-0.6166048
1.2166667,PlayerA,native,AnimatorRoot,0.403207481,0.10535419,-0.6166048
1.2166667,PlayerA,native,Hips,0.3647865,0.8604377,-0.6627863
1.2166667,PlayerA,native,Head,0.445512027,1.3716433,-0.5945276
1.2166667,PlayerA,native,Chest,0.382781953,1.07617772,-0.628143966
1.2166667,PlayerA,native,LeftHand,0.6380688,1.4866544,-0.255528331
1.2166667,PlayerA,native,RightHand,0.6871639,1.53877485,-0.3484205
1.2166667,PlayerA,native,LeftFoot,0.6073283,0.121822521,-0.4333302
1.2166667,PlayerA,native,RightFoot,0.06817007,0.15691027,-0.8326783
1.2166667,PlayerA,fighter,AnimatorRoot,0.85,0,0
1.2166667,PlayerA,fighter,Hips,0.364786357,0.8604377,-0.6627864
1.2166667,PlayerA,fighter,Head,0.448439866,1.33788419,-0.6032145
1.2166667,PlayerA,fighter,Chest,0.372166783,1.061654,-0.634414554
1.2166667,PlayerA,fighter,LeftHand,0.6372827,1.48588693,-0.2558153
1.2166667,PlayerA,fighter,RightHand,0.687393069,1.53548634,-0.350845039
1.2166667,PlayerA,fighter,LeftFoot,0.6073283,0.121822551,-0.4333302
1.2166667,PlayerA,fighter,RightFoot,0.06816983,0.156910181,-0.8326785
1.2166667,PlayerB,actor,Root,-0.850000262,0,-2.026558E-07
1.2166667,PlayerB,driver,Root,-0.9903095,0.0808228552,-0.1511715
1.2166667,PlayerB,native,AnimatorRoot,-0.9903095,0.0808228552,-0.1511715
1.2166667,PlayerB,native,Hips,-0.8975942,0.8300023,-0.0755450949
1.2166667,PlayerB,native,Head,-1.09883189,1.22497976,-0.268004745
1.2166667,PlayerB,native,Chest,-0.9689285,1.00768554,-0.14426744
1.2166667,PlayerB,native,LeftHand,-1.28667367,1.1875968,0.285660237
1.2166667,PlayerB,native,RightHand,-0.7805185,0.907415867,-0.590104938
1.2166667,PlayerB,native,LeftFoot,-1.04661059,0.140940547,0.151026443
1.2166667,PlayerB,native,RightFoot,-1.0031569,0.17262271,-0.359450042
1.2166667,PlayerB,fighter,AnimatorRoot,-0.850000262,0,-2.026558E-07
1.2166667,PlayerB,fighter,Hips,-0.8975942,0.8300022,-0.0755451
1.2166667,PlayerB,fighter,Head,-1.23621643,1.391026,-0.351887137
1.2166667,PlayerB,fighter,Chest,-1.01117945,1.07019949,-0.178969428
1.2166667,PlayerB,fighter,LeftHand,-1.28667355,1.18759656,0.2856603
1.2166667,PlayerB,fighter,RightHand,-0.780518234,0.90741545,-0.5901048
1.2166667,PlayerB,fighter,LeftFoot,-1.04661059,0.140940681,0.151026413
1.2166667,PlayerB,fighter,RightFoot,-1.00315666,0.1726227,-0.359450042
1.23333335,PlayerA,actor,Root,0.85,0,0
1.23333335,PlayerA,driver,Root,0.450215369,0.10631381,-0.590315461
1.23333335,PlayerA,native,AnimatorRoot,0.450215369,0.10631381,-0.590315461
1.23333335,PlayerA,native,Hips,0.411121935,0.8688698,-0.635822833
1.23333335,PlayerA,native,Head,0.5064782,1.37642193,-0.5675124
1.23333335,PlayerA,native,Chest,0.428917766,1.08503163,-0.605475545
1.23333335,PlayerA,native,LeftHand,0.6614984,1.36274719,-0.177204236
1.23333335,PlayerA,native,RightHand,0.699893832,1.43139791,-0.2426437
1.23333335,PlayerA,native,LeftFoot,0.6032021,0.120603673,-0.4315553
1.23333335,PlayerA,native,RightFoot,0.1318776,0.162143081,-0.8200376
1.23333335,PlayerA,fighter,AnimatorRoot,0.85,0,0
1.23333335,PlayerA,fighter,Hips,0.411121815,0.8688698,-0.635822952
1.23333335,PlayerA,fighter,Head,0.5103439,1.34179664,-0.5750172
1.23333335,PlayerA,fighter,Chest,0.419900447,1.07048249,-0.61295104
1.23333335,PlayerA,fighter,LeftHand,0.6605748,1.36231172,-0.1777008
1.23333335,PlayerA,fighter,RightHand,0.7000668,1.42872381,-0.245736331
1.23333335,PlayerA,fighter,LeftFoot,0.6032021,0.120603375,-0.431555361
1.23333335,PlayerA,fighter,RightFoot,0.131877542,0.162142947,-0.820037544
1.23333335,PlayerB,actor,Root,-0.850000262,0,-2.026558E-07
1.23333335,PlayerB,driver,Root,-0.9902604,0.102035388,-0.1459619
1.23333335,PlayerB,native,AnimatorRoot,-0.9902604,0.102035388,-0.1459619
1.23333335,PlayerB,native,Hips,-0.8850526,0.8590249,-0.06312794
1.23333335,PlayerB,native,Head,-1.11151552,1.23447251,-0.263137043
1.23333335,PlayerB,native,Chest,-0.9628239,1.03288019,-0.134087
1.23333335,PlayerB,native,LeftHand,-1.30226874,1.13907313,0.2958987
1.23333335,PlayerB,native,RightHand,-0.7984138,0.949493766,-0.629578531
1.23333335,PlayerB,native,LeftFoot,-1.04223812,0.166515619,0.15084666
1.23333335,PlayerB,native,RightFoot,-0.9939447,0.203174055,-0.3596811
1.23333335,PlayerB,fighter,AnimatorRoot,-0.850000262,0,-2.026558E-07
1.23333335,PlayerB,fighter,Hips,-0.8850526,0.8590248,-0.06312796
1.23333335,PlayerB,fighter,Head,-1.25649083,1.39396524,-0.3490559
1.23333335,PlayerB,fighter,Chest,-1.0087868,1.09254873,-0.169908777
1.23333335,PlayerB,fighter,LeftHand,-1.30226874,1.139073,0.295899034
1.23333335,PlayerB,fighter,RightHand,-0.7984136,0.9494936,-0.6295784
1.23333335,PlayerB,fighter,LeftFoot,-1.04223824,0.166515574,0.150846645
1.23333335,PlayerB,fighter,RightFoot,-0.993944764,0.20317404,-0.35968104
1.234568,PlayerA,actor,Root,0.85,0,0
1.234568,PlayerA,driver,Root,0.453743875,0.106358334,-0.588279247
1.234568,PlayerA,native,AnimatorRoot,0.453743875,0.106358334,-0.588279247
1.234568,PlayerA,native,Hips,0.4146514,0.8695359,-0.6337658
1.234568,PlayerA,native,Head,0.5110953,1.37674928,-0.5652193
1.234568,PlayerA,native,Chest,0.4324608,1.08571744,-0.6037189
1.234568,PlayerA,native,LeftHand,0.660365164,1.35377669,-0.1716005
1.234568,PlayerA,native,RightHand,0.69921875,1.423247,-0.235628113
1.234568,PlayerA,native,LeftFoot,0.6030265,0.120590754,-0.4313508
1.234568,PlayerA,native,RightFoot,0.137033522,0.162494391,-0.8191734
1.234568,PlayerA,fighter,AnimatorRoot,0.85,0,0
1.234568,PlayerA,fighter,Hips,0.414651275,0.8695359,-0.633765936
1.234568,PlayerA,fighter,Head,0.5150261,1.34205723,-0.5726335
1.234568,PlayerA,fighter,Chest,0.4235721,1.07116342,-0.611271
1.234568,PlayerA,fighter,LeftHand,0.659438848,1.353367,-0.1721147
1.234568,PlayerA,fighter,RightHand,0.6994064,1.42063129,-0.238769382
1.234568,PlayerA,fighter,LeftFoot,0.6030265,0.120590784,-0.431350857
1.234568,PlayerA,fighter,RightFoot,0.137033522,0.162494332,-0.8191732
1.234568,PlayerB,actor,Root,-0.850000262,0,-2.026558E-07
1.234568,PlayerB,driver,Root,-0.99031657,0.103539132,-0.145511582
1.234568,PlayerB,native,AnimatorRoot,-0.99031657,0.103539132,-0.145511582
1.234568,PlayerB,native,Hips,-0.884193659,0.8610785,-0.06224924
1.234568,PlayerB,native,Head,-1.11244881,1.23508883,-0.262641877
1.234568,PlayerB,native,Chest,-0.962409139,1.03466618,-0.1333304
1.234568,PlayerB,native,LeftHand,-1.30359256,1.13511717,0.296212167
1.234568,PlayerB,native,RightHand,-0.8005468,0.9525375,-0.6326783
1.234568,PlayerB,native,LeftFoot,-1.041899,0.168439776,0.150861457
1.234568,PlayerB,native,RightFoot,-0.9932693,0.205260485,-0.359880954
1.234568,PlayerB,fighter,AnimatorRoot,-0.850000262,0,-2.026558E-07
1.234568,PlayerB,fighter,Hips,-0.884193659,0.861078441,-0.062249247
1.234568,PlayerB,fighter,Head,-1.25792491,1.3941828,-0.348638684
1.234568,PlayerB,fighter,Chest,-1.00863767,1.09413171,-0.169212028
1.234568,PlayerB,fighter,LeftHand,-1.30359256,1.13511729,0.2962122
1.234568,PlayerB,fighter,RightHand,-0.8005465,0.9525373,-0.63267833
1.234568,PlayerB,fighter,LeftFoot,-1.04189909,0.1684396,0.150861472
1.234568,PlayerB,fighter,RightFoot,-0.9932693,0.2052605,-0.3598809
1.25,PlayerA,actor,Root,0.85,0,0
1.25,PlayerA,driver,Root,0.5015255,0.104557231,-0.5613642
1.25,PlayerA,native,AnimatorRoot,0.5015255,0.104557231,-0.5613642
1.25,PlayerA,native,Hips,0.461233228,0.8768541,-0.6063236
1.25,PlayerA,native,Head,0.57310915,1.37847877,-0.5323521
1.25,PlayerA,native,Chest,0.480092436,1.09310222,-0.5800301
1.25,PlayerA,native,LeftHand,0.6306546,1.2388202,-0.118736252
1.25,PlayerA,native,RightHand,0.6791016,1.30410457,-0.16444388
1.25,PlayerA,native,LeftFoot,0.599555135,0.120143637,-0.429584533
1.25,PlayerA,native,RightFoot,0.209918857,0.16519317,-0.807383358
1.25,PlayerA,fighter,AnimatorRoot,0.85,0,0
1.25,PlayerA,fighter,Hips,0.4612331,0.8768541,-0.6063238
1.25,PlayerA,fighter,Head,0.5777282,1.34286177,-0.538605
1.25,PlayerA,fighter,Chest,0.472924471,1.07845712,-0.5883253
1.25,PlayerA,fighter,LeftHand,0.6297673,1.23876441,-0.119442604
1.25,PlayerA,fighter,RightHand,0.6796102,1.30241334,-0.168135151
1.25,PlayerA,fighter,LeftFoot,0.599555135,0.120143652,-0.4295846
1.25,PlayerA,fighter,RightFoot,0.2099188,0.165193185,-0.807383358
1.25,PlayerB,actor,Root,-0.850000262,0,-2.026558E-07
1.25,PlayerB,driver,Root,-0.990832269,0.124984592,-0.137923717
1.25,PlayerB,native,AnimatorRoot,-0.990832269,0.124984592,-0.137923717
1.25,PlayerB,native,Hips,-0.87290144,0.8885908,-0.0507814065
1.25,PlayerB,native,Head,-1.12245774,1.24604523,-0.252352178
1.25,PlayerB,native,Chest,-0.9561285,1.05933225,-0.122446693
1.25,PlayerB,native,LeftHand,-1.31969357,1.08024681,0.2945413
1.25,PlayerB,native,RightHand,-0.838656843,0.996676564,-0.6731805
1.25,PlayerB,native,LeftFoot,-1.03884554,0.195096642,0.1529631
1.25,PlayerB,native,RightFoot,-0.9836734,0.2326931,-0.3623999
1.25,PlayerB,fighter,AnimatorRoot,-0.850000262,0,-2.026558E-07
1.25,PlayerB,fighter,Hips,-0.87290144,0.888590753,-0.05078142
1.25,PlayerB,fighter,Head,-1.27261078,1.40263557,-0.3378767
1.25,PlayerB,fighter,Chest,-1.00553429,1.11654949,-0.158571884
1.25,PlayerB,fighter,LeftHand,-1.31969368,1.08024681,0.2945416
1.25,PlayerB,fighter,RightHand,-0.8386568,0.9966765,-0.6731805
1.25,PlayerB,fighter,LeftFoot,-1.03884554,0.195096672,0.1529631
1.25,PlayerB,fighter,RightFoot,-0.983673334,0.232693151,-0.3623999
1.26666665,PlayerA,actor,Root,0.85,0,0
1.26666665,PlayerA,driver,Root,0.555053651,0.100180551,-0.5300901
1.26666665,PlayerA,native,AnimatorRoot,0.555053651,0.100180551,-0.5300901
1.26666665,PlayerA,native,Hips,0.5129711,0.8818062,-0.5748595
1.26666665,PlayerA,native,Head,0.6402599,1.37561333,-0.489881635
1.26666665,PlayerA,native,Chest,0.5338265,1.09779656,-0.551969051
1.26666665,PlayerA,native,LeftHand,0.5766773,1.12437844,-0.111939415
1.26666665,PlayerA,native,RightHand,0.654990852,1.196064,-0.128255829
1.26666665,PlayerA,native,LeftFoot,0.5954815,0.119669557,-0.427824974
1.26666665,PlayerA,native,RightFoot,0.29722,0.167648673,-0.785135
1.26666665,PlayerA,fighter,AnimatorRoot,0.85,0,0
1.26666665,PlayerA,fighter,Hips,0.512971044,0.8818062,-0.5748596
1.26666665,PlayerA,fighter,Head,0.6453947,1.33893383,-0.494828463
1.26666665,PlayerA,fighter,Chest,0.528613,1.08299,-0.560679555
1.26666665,PlayerA,fighter,LeftHand,0.575949848,1.12471044,-0.112745807
1.26666665,PlayerA,fighter,RightHand,0.656154633,1.19537628,-0.132118076
1.26666665,PlayerA,fighter,LeftFoot,0.595481455,0.119669341,-0.427824974
1.26666665,PlayerA,fighter,RightFoot,0.29722,0.167648554,-0.785135031
1.26666665,PlayerB,actor,Root,-0.850000262,0,-2.026558E-07
1.26666665,PlayerB,driver,Root,-0.9913265,0.144658476,-0.129013777
1.26666665,PlayerB,native,AnimatorRoot,-0.9913265,0.144658476,-0.129013777
1.26666665,PlayerB,native,Hips,-0.862475932,0.9140296,-0.04008551
1.26666665,PlayerB,native,Head,-1.13231969,1.255718,-0.238664508
1.26666665,PlayerB,native,Chest,-0.9503203,1.08228755,-0.111382946
1.26666665,PlayerB,native,LeftHand,-1.33849323,1.01916361,0.2757064
1.26666665,PlayerB,native,RightHand,-0.900320768,1.03503656,-0.7071154
1.26666665,PlayerB,native,LeftFoot,-1.03858137,0.2209417,0.157647967
1.26666665,PlayerB,native,RightFoot,-0.9735458,0.260993063,-0.362083375
1.26666665,PlayerB,fighter,AnimatorRoot,-0.850000262,0,-2.026558E-07
1.26666665,PlayerB,fighter,Hips,-0.862475932,0.9140295,-0.0400855131
1.26666665,PlayerB,fighter,Head,-1.28566432,1.4122963,-0.3222364
1.26666665,PlayerB,fighter,Chest,-1.00281644,1.13746023,-0.147199929
1.26666665,PlayerB,fighter,LeftHand,-1.33849323,1.01916361,0.27570644
1.26666665,PlayerB,fighter,RightHand,-0.90032053,1.03503644,-0.7071153
1.26666665,PlayerB,fighter,LeftFoot,-1.03858137,0.220941722,0.157647833
1.26666665,PlayerB,fighter,RightFoot,-0.973545849,0.260993123,-0.362083346
1.2833333,PlayerA,actor,Root,0.85,0,0
1.2833333,PlayerA,driver,Root,0.6074826,0.094905965,-0.496890455
1.2833333,PlayerA,native,AnimatorRoot,0.6074826,0.094905965,-0.496890455
1.2833333,PlayerA,native,Hips,0.5649171,0.884577751,-0.5418161
1.2833333,PlayerA,native,Head,0.703043938,1.36957,-0.4407604
1.2833333,PlayerA,native,Chest,0.587889552,1.10004091,-0.521125436
1.2833333,PlayerA,native,LeftHand,0.5264073,1.04007125,-0.154567644
1.2833333,PlayerA,native,RightHand,0.6348627,1.09561491,-0.125525638
1.2833333,PlayerA,native,LeftFoot,0.5921805,0.119352385,-0.426139951
1.2833333,PlayerA,native,RightFoot,0.389359266,0.172331423,-0.759174
1.2833333,PlayerA,fighter,AnimatorRoot,0.85,0,0
1.2833333,PlayerA,fighter,Hips,0.564917,0.884577751,-0.541816235
1.2833333,PlayerA,fighter,Head,0.7084868,1.33184612,-0.444403648
1.2833333,PlayerA,fighter,Chest,0.5846355,1.0850271,-0.5299022
1.2833333,PlayerA,fighter,LeftHand,0.525889933,1.04073238,-0.155332357
1.2833333,PlayerA,fighter,RightHand,0.636742532,1.09595513,-0.129144624
1.2833333,PlayerA,fighter,LeftFoot,0.5921806,0.119352438,-0.426139981
1.2833333,PlayerA,fighter,RightFoot,0.3893592,0.172331378,-0.759174
1.2833333,PlayerB,actor,Root,-0.850000262,0,-2.026558E-07
1.2833333,PlayerB,driver,Root,-0.9922103,0.153291076,-0.121908523
1.2833333,PlayerB,native,AnimatorRoot,-0.9922103,0.153291076,-0.121908523
1.2833333,PlayerB,native,Hips,-0.856559634,0.92888546,-0.0326804221
1.2833333,PlayerB,native,Head,-1.14448,1.25609231,-0.225984484
1.2833333,PlayerB,native,Chest,-0.948700249,1.09481978,-0.10324885
1.2833333,PlayerB,native,LeftHand,-1.36365545,0.962666631,0.240154892
1.2833333,PlayerB,native,RightHand,-0.976204455,1.046933,-0.7242288
1.2833333,PlayerB,native,LeftFoot,-1.04022646,0.236850545,0.1635769
1.2833333,PlayerB,native,RightFoot,-0.96403563,0.2822491,-0.36801973
1.2833333,PlayerB,fighter,AnimatorRoot,-0.850000262,0,-2.026558E-07
1.2833333,PlayerB,fighter,Hips,-0.856559634,0.9288854,-0.03268043
1.2833333,PlayerB,fighter,Head,-1.30008852,1.41375828,-0.3070025
1.2833333,PlayerB,fighter,Chest,-1.00402892,1.1481142,-0.138465583
1.2833333,PlayerB,fighter,LeftHand,-1.36365533,0.9626666,0.240154982
1.2833333,PlayerB,fighter,RightHand,-0.976204157,1.04693294,-0.724228442
1.2833333,PlayerB,fighter,LeftFoot,-1.04022658,0.236850664,0.1635768
1.2833333,PlayerB,fighter,RightFoot,-0.9640356,0.282249123,-0.36801976
1.3,PlayerA,actor,Root,0.85,0,0
1.3,PlayerA,driver,Root,0.6568783,0.0887007862,-0.462307036
1.3,PlayerA,native,AnimatorRoot,0.6568783,0.0887007862,-0.462307036
1.3,PlayerA,native,Hips,0.614968538,0.884042263,-0.5083938
1.3,PlayerA,native,Head,0.7577312,1.360466,-0.388797432
1.3,PlayerA,native,Chest,0.6398355,1.098866,-0.488953
1.3,PlayerA,native,LeftHand,0.4957863,0.997938335,-0.217379361
1.3,PlayerA,native,RightHand,0.6217718,1.01522458,-0.150166467
1.3,PlayerA,native,LeftFoot,0.5893322,0.118930146,-0.4248551
1.3,PlayerA,native,RightFoot,0.4828628,0.17736505,-0.72521925
1.3,PlayerA,fighter,AnimatorRoot,0.85,0,0
1.3,PlayerA,fighter,Hips,0.6149685,0.884042263,-0.508393943
1.3,PlayerA,fighter,Head,0.763231456,1.321794,-0.391097277
1.3,PlayerA,fighter,Chest,0.638425469,1.08361566,-0.49748984
1.3,PlayerA,fighter,LeftHand,0.495465428,0.9988209,-0.21801798
1.3,PlayerA,fighter,RightHand,0.6243383,1.01644409,-0.1531113
1.3,PlayerA,fighter,LeftFoot,0.589332163,0.118929818,-0.4248553
1.3,PlayerA,fighter,RightFoot,0.482862741,0.177365109,-0.725219131
1.3,PlayerB,actor,Root,-0.850000262,0,-2.026558E-07
1.3,PlayerB,driver,Root,-0.99275434,0.155487269,-0.115556173
1.3,PlayerB,native,AnimatorRoot,-0.99275434,0.155487269,-0.115556173
1.3,PlayerB,native,Hips,-0.8533963,0.935788155,-0.0273833238
1.3,PlayerB,native,Head,-1.15516257,1.25188446,-0.214014679
1.3,PlayerB,native,Chest,-0.948686957,1.10012412,-0.0968000144
1.3,PlayerB,native,LeftHand,-1.38653326,0.918216,0.19755286
1.3,PlayerB,native,RightHand,-1.04684055,1.03749859,-0.723151267
1.3,PlayerB,native,LeftFoot,-1.0440464,0.245147452,0.169002771
1.3,PlayerB,native,RightFoot,-0.95732224,0.301430821,-0.371522635
1.3,PlayerB,fighter,AnimatorRoot,-0.850000262,0,-2.026558E-07
1.3,PlayerB,fighter,Hips,-0.8533963,0.9357881,-0.02738333
1.3,PlayerB,fighter,Head,-1.31184626,1.41162,-0.29210633
1.3,PlayerB,fighter,Chest,-1.00624371,1.15205061,-0.131209031
1.3,PlayerB,fighter,LeftHand,-1.38653326,0.9182159,0.197552919
1.3,PlayerB,fighter,RightHand,-1.04684019,1.03749847,-0.7231508
1.3,PlayerB,fighter,LeftFoot,-1.04404652,0.245147377,0.169002742
1.3,PlayerB,fighter,RightFoot,-0.95732224,0.3014307,-0.371522635
1.31666672,PlayerA,actor,Root,0.85,0,0
1.31666672,PlayerA,driver,Root,0.6996947,0.08244508,-0.4271593
1.31666672,PlayerA,native,AnimatorRoot,0.6996947,0.08244508,-0.4271593
1.31666672,PlayerA,native,Hips,0.6605766,0.880865335,-0.475961268
1.31666672,PlayerA,native,Head,0.7994189,1.35088158,-0.337857544
1.31666672,PlayerA,native,Chest,0.686117232,1.09517872,-0.4567855
1.31666672,PlayerA,native,LeftHand,0.493373752,0.982317567,-0.2827652
1.31666672,PlayerA,native,RightHand,0.624326646,0.9618458,-0.177822426
1.31666672,PlayerA,native,LeftFoot,0.587618,0.118716434,-0.423725516
1.31666672,PlayerA,native,RightFoot,0.567944765,0.180608958,-0.680986166
1.31666672,PlayerA,fighter,AnimatorRoot,0.85,0,0
1.31666672,PlayerA,fighter,Hips,0.6605765,0.8808653,-0.4759614
1.31666672,PlayerA,fighter,Head,0.8048029,1.31150079,-0.338829756
1.31666672,PlayerA,fighter,Chest,0.686367333,1.07970083,-0.4649005
1.31666672,PlayerA,fighter,LeftHand,0.4931858,0.9833253,-0.2832543
1.31666672,PlayerA,fighter,RightHand,0.6273613,0.9636618,-0.179881334
1.31666672,PlayerA,fighter,LeftFoot,0.587618053,0.118716292,-0.4237256
1.31666672,PlayerA,fighter,RightFoot,0.5679448,0.1806089,-0.680986166
1.31666672,PlayerB,actor,Root,-0.850000262,0,-2.026558E-07
1.31666672,PlayerB,driver,Root,-0.992476463,0.15334706,-0.109741725
1.31666672,PlayerB,native,AnimatorRoot,-0.992476463,0.15334706,-0.109741725
1.31666672,PlayerB,native,Hips,-0.8518685,0.9359863,-0.0237222742
1.31666672,PlayerB,native,Head,-1.16170263,1.24604285,-0.20395866
1.31666672,PlayerB,native,Chest,-0.9485326,1.09986615,-0.09173783
1.31666672,PlayerB,native,LeftHand,-1.40378785,0.8920175,0.162287891
1.31666672,PlayerB,native,RightHand,-1.09361172,1.0141927,-0.710314155
1.31666672,PlayerB,native,LeftFoot,-1.05056059,0.248205811,0.173807785
1.31666672,PlayerB,native,RightFoot,-0.954167545,0.314807653,-0.373791784
1.31666672,PlayerB,fighter,AnimatorRoot,-0.850000262,0,-2.026558E-07
1.31666672,PlayerB,fighter,Hips,-0.8518685,0.9359862,-0.02372228
1.31666672,PlayerB,fighter,Head,-1.31847513,1.40818524,-0.2792262
1.31666672,PlayerB,fighter,Chest,-1.00742364,1.15120685,-0.125326619
1.31666672,PlayerB,fighter,LeftHand,-1.40378785,0.8920174,0.162287921
1.31666672,PlayerB,fighter,RightHand,-1.09361136,1.01419246,-0.710313737
1.31666672,PlayerB,fighter,LeftFoot,-1.05056059,0.248205855,0.173807755
1.31666672,PlayerB,fighter,RightFoot,-0.9541676,0.314807683,-0.373791754
1.33333337,PlayerA,actor,Root,0.85,0,0
1.33333337,PlayerA,driver,Root,0.737451,0.07512234,-0.3910107
1.33333337,PlayerA,native,AnimatorRoot,0.737451,0.07512234,-0.3910107
1.33333337,PlayerA,native,Hips,0.7023425,0.8745086,-0.443720043
1.33333337,PlayerA,native,Head,0.83126694,1.3404578,-0.2895796
1.33333337,PlayerA,native,Chest,0.727814555,1.08848679,-0.424387723
1.33333337,PlayerA,native,LeftHand,0.5132667,0.9810506,-0.334820271
1.33333337,PlayerA,native,RightHand,0.6390672,0.9250411,-0.198191375
1.33333337,PlayerA,native,LeftFoot,0.586822331,0.118627243,-0.4236439
1.33333337,PlayerA,native,RightFoot,0.648041,0.182028919,-0.627617657
1.33333337,PlayerA,fighter,AnimatorRoot,0.85,0,0
1.33333337,PlayerA,fighter,Hips,0.7023425,0.8745087,-0.443720162
1.33333337,PlayerA,fighter,Head,0.836251557,1.30060327,-0.2892254
1.33333337,PlayerA,fighter,Chest,0.729528546,1.0728,-0.4319595
1.33333337,PlayerA,fighter,LeftHand,0.5131571,0.9821191,-0.335189462
1.33333337,PlayerA,fighter,RightHand,0.6423275,0.9272383,-0.199326575
1.33333337,PlayerA,fighter,LeftFoot,0.5868224,0.118627213,-0.423643976
1.33333337,PlayerA,fighter,RightFoot,0.6480409,0.18202877,-0.6276177
1.33333337,PlayerB,actor,Root,-0.850000262,0,-2.026558E-07
1.33333337,PlayerB,driver,Root,-0.99110204,0.146618932,-0.104631253
1.33333337,PlayerB,native,AnimatorRoot,-0.99110204,0.146618932,-0.104631253
1.33333337,PlayerB,native,Hips,-0.85166806,0.929325938,-0.0210757069
1.33333337,PlayerB,native,Head,-1.16404963,1.23873711,-0.19586578
1.33333337,PlayerB,native,Chest,-0.94791913,1.09388041,-0.08766821
1.33333337,PlayerB,native,LeftHand,-1.40872478,0.8715261,0.137529045
1.33333337,PlayerB,native,RightHand,-1.11657917,0.9830748,-0.6935768
1.33333337,PlayerB,native,LeftFoot,-1.05947459,0.248033464,0.17661652
1.33333337,PlayerB,native,RightFoot,-0.9552431,0.32191366,-0.376437575
1.33333337,PlayerB,fighter,AnimatorRoot,-0.850000262,0,-2.026558E-07
1.33333337,PlayerB,fighter,Hips,-0.85166806,0.9293258,-0.0210757088
1.33333337,PlayerB,fighter,Head,-1.319835,1.4036299,-0.2685776
1.33333337,PlayerB,fighter,Chest,-1.00724185,1.1454401,-0.120508812
1.33333337,PlayerB,fighter,LeftHand,-1.408725,0.871525943,0.137528986
1.33333337,PlayerB,fighter,RightHand,-1.11657882,0.983074665,-0.693576634
1.33333337,PlayerB,fighter,LeftFoot,-1.05947471,0.248033509,0.17661646
1.33333337,PlayerB,fighter,RightFoot,-0.955242932,0.32191366,-0.376437575
1.35,PlayerA,actor,Root,0.85,0,0
1.35,PlayerA,driver,Root,0.7698106,0.06600054,-0.353550375
1.35,PlayerA,native,AnimatorRoot,0.7698106,0.06600054,-0.353550375
1.35,PlayerA,native,Hips,0.7401911,0.863851249,-0.4116892
1.35,PlayerA,native,Head,0.8546683,1.32907593,-0.247030377
1.35,PlayerA,native,Chest,0.7647784,1.07780027,-0.3924445
1.35,PlayerA,native,LeftHand,0.540897846,0.9851403,-0.362311572
1.35,PlayerA,native,RightHand,0.6523355,0.904863358,-0.207211331
1.35,PlayerA,native,LeftFoot,0.5871223,0.11934375,-0.42325443
1.35,PlayerA,native,RightFoot,0.7228107,0.181882456,-0.5595113
1.35,PlayerA,fighter,AnimatorRoot,0.85,0,0
1.35,PlayerA,fighter,Hips,0.740191042,0.863851249,-0.411689341
1.35,PlayerA,fighter,Head,0.8589477,1.28903568,-0.245328069
1.35,PlayerA,fighter,Chest,0.7678015,1.06191993,-0.3994377
1.35,PlayerA,fighter,LeftHand,0.540850639,0.986227036,-0.3626371
1.35,PlayerA,fighter,RightHand,0.655670345,0.907218635,-0.207489669
1.35,PlayerA,fighter,LeftFoot,0.5871224,0.119343758,-0.4232545
1.35,PlayerA,fighter,RightFoot,0.7228107,0.181882486,-0.5595113
1.35,PlayerB,actor,Root,-0.850000262,0,-2.026558E-07
1.35,PlayerB,driver,Root,-0.987782657,0.135143787,-0.1004385
1.35,PlayerB,native,AnimatorRoot,-0.987782657,0.135143787,-0.1004385
1.35,PlayerB,native,Hips,-0.8520048,0.9152882,-0.0191249587
1.35,PlayerB,native,Head,-1.16000307,1.230582,-0.190749019
1.35,PlayerB,native,Chest,-0.94551605,1.08184361,-0.08456595
1.35,PlayerB,native,LeftHand,-1.39897525,0.8541635,0.128893524
1.35,PlayerB,native,RightHand,-1.110669,0.9476718,-0.6776811
1.35,PlayerB,native,LeftFoot,-1.07109344,0.247825742,0.176406384
1.35,PlayerB,native,RightFoot,-0.9630857,0.318629742,-0.378087819
1.35,PlayerB,fighter,AnimatorRoot,-0.850000262,0,-2.026558E-07
1.35,PlayerB,fighter,Hips,-0.8520048,0.91528815,-0.01912496
1.35,PlayerB,fighter,Head,-1.3136586,1.39834416,-0.261545
1.35,PlayerB,fighter,Chest,-1.00409567,1.13459015,-0.11691
1.35,PlayerB,fighter,LeftHand,-1.39897513,0.8541636,0.128893524
1.35,PlayerB,fighter,RightHand,-1.1106689,0.9476717,-0.677681
1.35,PlayerB,fighter,LeftFoot,-1.07109344,0.247825637,0.176406324
1.35,PlayerB,fighter,RightFoot,-0.963085651,0.318629563,-0.378087848
1.35802472,PlayerA,actor,Root,0.85,0,0
1.35802472,PlayerA,driver,Root,0.7839231,0.0610064566,-0.335156351
1.35802472,PlayerA,native,AnimatorRoot,0.7839231,0.0610064566,-0.335156351
1.35802472,PlayerA,native,Hips,0.757585168,0.8574532,-0.3960867
1.35802472,PlayerA,native,Head,0.864228,1.323161,-0.2280204
1.35802472,PlayerA,native,Chest,0.781524241,1.07146764,-0.37693432
1.35802472,PlayerA,native,LeftHand,0.554546058,0.9871987,-0.3689428
1.35802472,PlayerA,native,RightHand,0.6586626,0.8978721,-0.20722878
1.35802472,PlayerA,native,LeftFoot,0.588205457,0.119933471,-0.423425317
1.35802472,PlayerA,native,RightFoot,0.7568338,0.181732357,-0.5233595
1.35802472,PlayerA,fighter,AnimatorRoot,0.85,0,0
1.35802472,PlayerA,fighter,Hips,0.757585168,0.8574533,-0.3960868
1.35802472,PlayerA,fighter,Head,0.8680735,1.28311336,-0.225712
1.35802472,PlayerA,fighter,Chest,0.7851473,1.05550158,-0.383630782
1.35802472,PlayerA,fighter,LeftHand,0.5545323,0.9882866,-0.3692656
1.35802472,PlayerA,fighter,RightHand,0.661983848,0.9002612,-0.2071384
1.35802472,PlayerA,fighter,LeftFoot,0.5882055,0.11993356,-0.423425347
1.35802472,PlayerA,fighter,RightFoot,0.756833732,0.181732222,-0.523359537
1.35802472,PlayerB,actor,Root,-0.850000262,0,-2.026558E-07
1.35802472,PlayerB,driver,Root,-0.9858001,0.128330275,-0.0986591354
1.35802472,PlayerB,native,AnimatorRoot,-0.9858001,0.128330275,-0.0986591354
1.35802472,PlayerB,native,Hips,-0.852387965,0.9064956,-0.0183741618
1.35802472,PlayerB,native,Head,-1.15633225,1.22643828,-0.188967317
1.35802472,PlayerB,native,Chest,-0.94394654,1.07435739,-0.08329664
1.35802472,PlayerB,native,LeftHand,-1.390497,0.8464378,0.129737586
1.35802472,PlayerB,native,RightHand,-1.10080457,0.929493368,-0.669827044
1.35802472,PlayerB,native,LeftFoot,-1.07709241,0.248455048,0.175484359
1.35802472,PlayerB,native,RightFoot,-0.9685675,0.3139283,-0.378713667
1.35802472,PlayerB,fighter,AnimatorRoot,-0.850000262,0,-2.026558E-07
1.35802472,PlayerB,fighter,Hips,-0.852387965,0.9064955,-0.0183741655
1.35802472,PlayerB,fighter,Head,-1.30860746,1.3956672,-0.258927
1.35802472,PlayerB,fighter,Chest,-1.00183749,1.127937,-0.115444712
1.35802472,PlayerB,fighter,LeftHand,-1.390497,0.846437752,0.129737556
1.35802472,PlayerB,fighter,RightHand,-1.10080445,0.929493248,-0.6698268
1.35802472,PlayerB,fighter,LeftFoot,-1.07709253,0.248455033,0.175484285
1.35802472,PlayerB,fighter,RightFoot,-0.968567431,0.313928336,-0.3787137
1.36666667,PlayerA,actor,Root,0.85,0,0
1.36666667,PlayerA,driver,Root,0.7987975,0.0551056676,-0.3152182
1.36666667,PlayerA,native,AnimatorRoot,0.7987975,0.0551056676,-0.3152182
1.36666667,PlayerA,native,Hips,0.7760451,0.8497968,-0.37899375
1.36666667,PlayerA,native,Head,0.874625742,1.31611919,-0.2079539
1.36666667,PlayerA,native,Chest,0.799475849,1.06387365,-0.3599056
1.36666667,PlayerA,native,LeftHand,0.570541263,0.9890797,-0.373392254
1.36666667,PlayerA,native,RightHand,0.6655655,0.8915348,-0.205933079
1.36666667,PlayerA,native,LeftFoot,0.590339,0.120540217,-0.423528373
1.36666667,PlayerA,native,RightFoot,0.793967545,0.181330338,-0.48395595
1.36666667,PlayerA,fighter,AnimatorRoot,0.85,0,0
1.36666667,PlayerA,fighter,Hips,0.7760451,0.8497968,-0.378993869
1.36666667,PlayerA,fighter,Head,0.877893,1.27609444,-0.205059186
1.36666667,PlayerA,fighter,Chest,0.8037121,1.04781473,-0.3662549
1.36666667,PlayerA,fighter,LeftHand,0.570565939,0.9901662,-0.373716742
1.36666667,PlayerA,fighter,RightHand,0.6688471,0.8939341,-0.205463812
1.36666667,PlayerA,fighter,LeftFoot,0.590339065,0.120540239,-0.423528343
1.36666667,PlayerA,fighter,RightFoot,0.7939676,0.181330249,-0.483955979
1.36666667,PlayerB,actor,Root,-0.850000262,0,-2.026558E-07
1.36666667,PlayerB,driver,Root,-0.9837575,0.1207446,-0.09680531
1.36666667,PlayerB,native,AnimatorRoot,-0.9837575,0.1207446,-0.09680531
1.36666667,PlayerB,native,Hips,-0.8528564,0.8965453,-0.0175518189
1.36666667,PlayerB,native,Head,-1.1516732,1.222212,-0.187028974
1.36666667,PlayerB,native,Chest,-0.9421039,1.06591511,-0.08188821
1.36666667,PlayerB,native,LeftHand,-1.37915635,0.838539541,0.133298784
1.36666667,PlayerB,native,RightHand,-1.08795369,0.909625,-0.66038084
1.36666667,PlayerB,native,LeftFoot,-1.08403063,0.2487478,0.174344689
1.36666667,PlayerB,native,RightFoot,-0.9750275,0.308006585,-0.3793315
1.36666667,PlayerB,fighter,AnimatorRoot,-0.850000262,0,-2.026558E-07
1.36666667,PlayerB,fighter,Hips,-0.8528564,0.896545231,-0.0175518226
1.36666667,PlayerB,fighter,Head,-1.30226791,1.393091,-0.256063521
1.36666667,PlayerB,fighter,Chest,-0.9991245,1.12048352,-0.113806255
1.36666667,PlayerB,fighter,LeftHand,-1.37915635,0.8385395,0.133298755
1.36666667,PlayerB,fighter,RightHand,-1.08795333,0.909625053,-0.6603806
1.36666667,PlayerB,fighter,LeftFoot,-1.08403051,0.24874793,0.174344689
1.36666667,PlayerB,fighter,RightFoot,-0.9750275,0.308006376,-0.3793315
1.38333333,PlayerA,actor,Root,0.85,0,0
1.38333333,PlayerA,driver,Root,0.826558948,0.0419844836,-0.2758778
1.38333333,PlayerA,native,AnimatorRoot,0.826558948,0.0419844836,-0.2758778
1.38333333,PlayerA,native,Hips,0.811142147,0.8322334,-0.34524712
1.38333333,PlayerA,native,Head,0.895475268,1.30017722,-0.170782149
1.38333333,PlayerA,native,Chest,0.83396703,1.04644263,-0.3263445
1.38333333,PlayerA,native,LeftHand,0.6019979,0.9920919,-0.373939037
1.38333333,PlayerA,native,RightHand,0.67732203,0.88297075,-0.1999311
1.38333333,PlayerA,native,LeftFoot,0.593799,0.12242572,-0.423632532
1.38333333,PlayerA,native,RightFoot,0.8691213,0.179613665,-0.397095144
1.38333333,PlayerA,fighter,AnimatorRoot,0.85,0,0
1.38333333,PlayerA,fighter,Hips,0.811142147,0.8322334,-0.345247179
1.38333333,PlayerA,fighter,Head,0.897366345,1.26028287,-0.166937709
1.38333333,PlayerA,fighter,Chest,0.839343846,1.03019214,-0.3319279
1.38333333,PlayerA,fighter,LeftHand,0.602113,0.993165433,-0.374281824
1.38333333,PlayerA,fighter,RightHand,0.6804744,0.885316551,-0.1987884
1.38333333,PlayerA,fighter,LeftFoot,0.593799,0.122425795,-0.423632562
1.38333333,PlayerA,fighter,RightFoot,0.8691213,0.179613635,-0.397095233
1.38333333,PlayerB,actor,Root,-0.850000262,0,-2.026558E-07
1.38333333,PlayerB,driver,Root,-0.980157256,0.105147123,-0.09347486
1.38333333,PlayerB,native,AnimatorRoot,-0.980157256,0.105147123,-0.09347486
1.38333333,PlayerB,native,Hips,-0.853997767,0.87588346,-0.0159610156
1.38333333,PlayerB,native,Head,-1.14001977,1.2150594,-0.1832366
1.38333333,PlayerB,native,Chest,-0.9379918,1.04851985,-0.07906423
1.38333333,PlayerB,native,LeftHand,-1.34779429,0.8231248,0.145610362
1.38333333,PlayerB,native,RightHand,-1.05555415,0.8689608,-0.636900544
1.38333333,PlayerB,native,LeftFoot,-1.10035443,0.244774148,0.171642974
1.38333333,PlayerB,native,RightFoot,-0.989801764,0.293708473,-0.380504817
1.38333333,PlayerB,fighter,AnimatorRoot,-0.850000262,0,-2.026558E-07
1.38333333,PlayerB,fighter,Hips,-0.853997767,0.87588346,-0.01596102
1.38333333,PlayerB,fighter,Head,-1.28672242,1.38938141,-0.250281066
1.38333333,PlayerB,fighter,Chest,-0.9928552,1.10531509,-0.110472612
1.38333333,PlayerB,fighter,LeftHand,-1.34779429,0.823124647,0.145610392
1.38333333,PlayerB,fighter,RightHand,-1.055554,0.8689608,-0.6369004
1.38333333,PlayerB,fighter,LeftFoot,-1.10035443,0.244774207,0.171643
1.38333333,PlayerB,fighter,RightFoot,-0.989801764,0.293708563,-0.380504847
1.4,PlayerA,actor,Root,0.85,0,0
1.4,PlayerA,driver,Root,0.8523884,0.0273428038,-0.236946955
1.4,PlayerA,native,AnimatorRoot,0.8523884,0.0273428038,-0.236946955
1.4,PlayerA,native,Hips,0.8452078,0.8124959,-0.310683161
1.4,PlayerA,native,Head,0.9164784,1.28223777,-0.134510309
1.4,PlayerA,native,Chest,0.8675189,1.02684557,-0.2918047
1.4,PlayerA,native,LeftHand,0.633672237,0.9943511,-0.3673581
1.4,PlayerA,native,RightHand,0.687791765,0.8778225,-0.191485614
1.4,PlayerA,native,LeftFoot,0.598724,0.125104517,-0.4232531
1.4,PlayerA,native,RightFoot,0.941269934,0.177772909,-0.306965
1.4,PlayerA,fighter,AnimatorRoot,0.85,0,0
1.4,PlayerA,fighter,Hips,0.8452078,0.8124959,-0.31068325
1.4,PlayerA,fighter,Head,0.9168414,1.24256921,-0.130062819
1.4,PlayerA,fighter,Chest,0.8739637,1.0104022,-0.29647243
1.4,PlayerA,fighter,LeftHand,0.6338932,0.9953992,-0.367722124
1.4,PlayerA,fighter,RightHand,0.6907492,0.880053341,-0.189747289
1.4,PlayerA,fighter,LeftFoot,0.598724,0.125104427,-0.423253059
1.4,PlayerA,fighter,RightFoot,0.941269934,0.177772909,-0.3069651
1.4,PlayerB,actor,Root,-0.850000262,0,-2.026558E-07
1.4,PlayerB,driver,Root,-0.9764588,0.08848446,-0.09035643
1.4,PlayerB,native,AnimatorRoot,-0.9764588,0.08848446,-0.09035643
1.4,PlayerB,native,Hips,-0.8554071,0.8537322,-0.0146036614
1.4,PlayerB,native,Head,-1.1255765,1.20810568,-0.1797316
1.4,PlayerB,native,Chest,-0.933379769,1.02982664,-0.07638943
1.4,PlayerB,native,LeftHand,-1.3071897,0.8087157,0.161794931
1.4,PlayerB,native,RightHand,-1.01819348,0.8275587,-0.6061916
1.4,PlayerB,native,LeftFoot,-1.11839521,0.237791419,0.1684149
1.4,PlayerB,native,RightFoot,-1.0064193,0.276545078,-0.3815744
1.4,PlayerB,fighter,AnimatorRoot,-0.850000262,0,-2.026558E-07
1.4,PlayerB,fighter,Hips,-0.8554071,0.853732169,-0.0146036632
1.4,PlayerB,fighter,Head,-1.26780844,1.38597262,-0.244668841
1.4,PlayerB,fighter,Chest,-0.985604942,1.08905661,-0.107246645
1.4,PlayerB,fighter,LeftHand,-1.30718982,0.8087155,0.16179499
1.4,PlayerB,fighter,RightHand,-1.01819313,0.827558637,-0.606191337
1.4,PlayerB,fighter,LeftFoot,-1.11839521,0.2377914,0.168414935
1.4,PlayerB,fighter,RightFoot,-1.00641942,0.276545078,-0.381574452
1.41666663,PlayerA,actor,Root,0.85,0,0
1.41666663,PlayerA,driver,Root,0.876230538,0.0114928875,-0.199705884
1.41666663,PlayerA,native,AnimatorRoot,0.876230538,0.0114928875,-0.199705884
1.41666663,PlayerA,native,Hips,0.8773158,0.79138726,-0.277208477
1.41666663,PlayerA,native,Head,0.9369324,1.26238322,-0.09919503
1.41666663,PlayerA,native,Chest,0.899292,1.00580776,-0.257674038
1.41666663,PlayerA,native,LeftHand,0.665994644,0.9959003,-0.357574
1.41666663,PlayerA,native,RightHand,0.697466135,0.875565469,-0.184833586
1.41666663,PlayerA,native,LeftFoot,0.603841066,0.127435729,-0.423336238
1.41666663,PlayerA,native,RightFoot,1.0123682,0.175076544,-0.2074243
1.41666663,PlayerA,fighter,AnimatorRoot,0.85,0,0
1.41666663,PlayerA,fighter,Hips,0.8773158,0.79138726,-0.277208567
1.41666663,PlayerA,fighter,Head,0.9356918,1.22300863,-0.09461226
1.41666663,PlayerA,fighter,Chest,0.906671643,0.9891788,-0.261300445
1.41666663,PlayerA,fighter,LeftHand,0.6663277,0.9969131,-0.357949138
1.41666663,PlayerA,fighter,RightHand,0.700174451,0.8776323,-0.182566419
1.41666663,PlayerA,fighter,LeftFoot,0.6038411,0.127435833,-0.4233362
1.41666663,PlayerA,fighter,RightFoot,1.0123682,0.175076529,-0.207424313
1.41666663,PlayerB,actor,Root,-0.850000262,0,-2.026558E-07
1.41666663,PlayerB,driver,Root,-0.972441852,0.07124786,-0.08720752
1.41666663,PlayerB,native,AnimatorRoot,-0.972441852,0.07124786,-0.08720752
1.41666663,PlayerB,native,Hips,-0.8569533,0.830711842,-0.0134534631
1.41666663,PlayerB,native,Head,-1.109092,1.20065773,-0.176332027
1.41666663,PlayerB,native,Chest,-0.928462744,1.01021135,-0.07383401
1.41666663,PlayerB,native,LeftHand,-1.26031923,0.7983483,0.182679862
1.41666663,PlayerB,native,RightHand,-0.980195642,0.789506435,-0.570372641
1.41666663,PlayerB,native,LeftFoot,-1.136606,0.2299526,0.1648809
1.41666663,PlayerB,native,RightFoot,-1.0236752,0.257723927,-0.382413536
1.41666663,PlayerB,fighter,AnimatorRoot,-0.850000262,0,-2.026558E-07
1.41666663,PlayerB,fighter,Hips,-0.8569533,0.8307118,-0.0134534668
1.41666663,PlayerB,fighter,Head,-1.24647593,1.38199675,-0.239210814
1.41666663,PlayerB,fighter,Chest,-0.977733135,1.0719012,-0.1040962
1.41666663,PlayerB,fighter,LeftHand,-1.26031935,0.7983482,0.182680011
1.41666663,PlayerB,fighter,RightHand,-0.9801954,0.7895063,-0.5703726
1.41666663,PlayerB,fighter,LeftFoot,-1.136606,0.229952529,0.164880857
1.41666663,PlayerB,fighter,RightFoot,-1.0236752,0.257723927,-0.382413626
1.43333328,PlayerA,actor,Root,0.85,0,0
1.43333328,PlayerA,driver,Root,0.8982787,-0.00483747944,-0.16443117
1.43333328,PlayerA,native,AnimatorRoot,0.8982787,-0.00483747944,-0.16443117
1.43333328,PlayerA,native,Hips,0.9073291,0.770532548,-0.243550271
1.43333328,PlayerA,native,Head,0.9554315,1.24238873,-0.06368866
1.43333328,PlayerA,native,Chest,0.9286542,0.9850105,-0.223070443
1.43333328,PlayerA,native,LeftHand,0.696349,0.9992114,-0.345645
1.43333328,PlayerA,native,RightHand,0.7080596,0.8758536,-0.1792153
1.43333328,PlayerA,native,LeftFoot,0.608732,0.130548283,-0.422925383
1.43333328,PlayerA,native,RightFoot,1.08056009,0.171941444,-0.114785045
1.43333328,PlayerA,fighter,AnimatorRoot,0.85,0,0
1.43333328,PlayerA,fighter,Hips,0.9073291,0.770532548,-0.24355033
1.43333328,PlayerA,fighter,Head,0.9527282,1.203332,-0.0593214259
1.43333328,PlayerA,fighter,Chest,0.9368139,0.9682116,-0.225509226
1.43333328,PlayerA,fighter,LeftHand,0.6967958,1.00018108,-0.346012115
1.43333328,PlayerA,fighter,RightHand,0.710463643,0.877734959,-0.176489964
1.43333328,PlayerA,fighter,LeftFoot,0.608732045,0.1305482,-0.4229254
1.43333328,PlayerA,fighter,RightFoot,1.08056009,0.171941325,-0.11478515
1.43333328,PlayerB,actor,Root,-0.850000262,0,-2.026558E-07
1.43333328,PlayerB,driver,Root,-0.968328059,0.0540891364,-0.08422668
1.43333328,PlayerB,native,AnimatorRoot,-0.968328059,0.0540891364,-0.08422668
1.43333328,PlayerB,native,Hips,-0.8586408,0.8080057,-0.0127775678
1.43333328,PlayerB,native,Head,-1.09166908,1.19277155,-0.173199326
1.43333328,PlayerB,native,Chest,-0.9236028,0.990658939,-0.07167625
1.43333328,PlayerB,native,LeftHand,-1.21042967,0.7911431,0.2018641
1.43333328,PlayerB,native,RightHand,-0.944119751,0.750599146,-0.5231531
1.43333328,PlayerB,native,LeftFoot,-1.154181,0.221672475,0.161096916
1.43333328,PlayerB,native,RightFoot,-1.04063094,0.2391595,-0.383308351
1.43333328,PlayerB,fighter,AnimatorRoot,-0.850000262,0,-2.026558E-07
1.43333328,PlayerB,fighter,Hips,-0.8586408,0.808005631,-0.0127775706
1.43333328,PlayerB,fighter,Head,-1.22406173,1.37745786,-0.233975857
1.43333328,PlayerB,fighter,Chest,-0.9697889,1.05467844,-0.101304673
1.43333328,PlayerB,fighter,LeftHand,-1.21042967,0.791143,0.201864183
1.43333328,PlayerB,fighter,RightHand,-0.944119453,0.750599,-0.5231532
1.43333328,PlayerB,fighter,LeftFoot,-1.154181,0.221672416,0.161096916
1.43333328,PlayerB,fighter,RightFoot,-1.04063094,0.23915939,-0.3833083
1.45,PlayerA,actor,Root,0.85,0,0
1.45,PlayerA,driver,Root,0.9188775,-0.0212525837,-0.131617308
1.45,PlayerA,native,AnimatorRoot,0.9188775,-0.0212525837,-0.131617308
1.45,PlayerA,native,Hips,0.9351694,0.750103652,-0.212148175
1.45,PlayerA,native,Head,0.970942855,1.22230732,-0.029848747
1.45,PlayerA,native,Chest,0.95531,0.964617252,-0.190206081
1.45,PlayerA,native,LeftHand,0.727372944,1.00104535,-0.3338074
1.45,PlayerA,native,RightHand,0.7208693,0.876631737,-0.176188052
1.45,PlayerA,native,LeftFoot,0.613642633,0.132589653,-0.422431469
1.45,PlayerA,native,RightFoot,1.14265025,0.168192551,-0.0161266625
1.45,PlayerA,fighter,AnimatorRoot,0.85,0,0
1.45,PlayerA,fighter,Hips,0.935169458,0.750103652,-0.212148249
1.45,PlayerA,fighter,Head,0.967021346,1.18357635,-0.0260567069
1.45,PlayerA,fighter,Chest,0.964042246,0.9476841,-0.191401228
1.45,PlayerA,fighter,LeftHand,0.727918148,1.001973,-0.334148884
1.45,PlayerA,fighter,RightHand,0.722925365,0.8783267,-0.173082188
1.45,PlayerA,fighter,LeftFoot,0.6136426,0.132589683,-0.4224314
1.45,PlayerA,fighter,RightFoot,1.14265037,0.168192431,-0.0161266923
1.45,PlayerB,actor,Root,-0.850000262,0,-2.026558E-07
1.45,PlayerB,driver,Root,-0.964203358,0.03759163,-0.08145634
1.45,PlayerB,native,AnimatorRoot,-0.964203358,0.03759163,-0.08145634
1.45,PlayerB,native,Hips,-0.860300243,0.786269665,-0.0124645308
1.45,PlayerB,native,Head,-1.07445073,1.18420732,-0.170205846
1.45,PlayerB,native,Chest,-0.9190157,0.9716802,-0.06983269
1.45,PlayerB,native,LeftHand,-1.16139174,0.7883642,0.220421478
1.45,PlayerB,native,RightHand,-0.9140717,0.7193276,-0.474761784
1.45,PlayerB,native,LeftFoot,-1.169978,0.21372509,0.157628655
1.45,PlayerB,native,RightFoot,-1.05601871,0.22188589,-0.384020776
1.45,PlayerB,fighter,AnimatorRoot,-0.850000262,0,-2.026558E-07
1.45,PlayerB,fighter,Hips,-0.860300243,0.786269546,-0.0124645326
1.45,PlayerB,fighter,Head,-1.2019155,1.37201953,-0.228980392
1.45,PlayerB,fighter,Chest,-0.9621972,1.03777683,-0.09880251
1.45,PlayerB,fighter,LeftHand,-1.16139174,0.788364232,0.220421627
1.45,PlayerB,fighter,RightHand,-0.914071441,0.71932745,-0.474761933
1.45,PlayerB,fighter,LeftFoot,-1.16997814,0.2137251,0.157628626
1.45,PlayerB,fighter,RightFoot,-1.056019,0.221885577,-0.384020746
1.4666667,PlayerA,actor,Root,0.85,0,0
1.4666667,PlayerA,driver,Root,0.9375182,-0.0364444144,-0.101890892
1.4666667,PlayerA,native,AnimatorRoot,0.9375182,-0.0364444144,-0.101890892
1.4666667,PlayerA,native,Hips,0.9599064,0.731833637,-0.182357877
1.4666667,PlayerA,native,Head,0.9816743,1.20444417,0.00142866373
1.4666667,PlayerA,native,Chest,0.978149056,0.94643116,-0.159133568
1.4666667,PlayerA,native,LeftHand,0.758883,0.998795033,-0.321276
1.4666667,PlayerA,native,RightHand,0.735403061,0.876930535,-0.173981339
1.4666667,PlayerA,native,LeftFoot,0.6171168,0.1351113,-0.4226492
1.4666667,PlayerA,native,RightFoot,1.20244646,0.164424375,0.074442476
1.4666667,PlayerA,fighter,AnimatorRoot,0.85,0,0
1.4666667,PlayerA,fighter,Hips,0.959906459,0.731833637,-0.1823579
1.4666667,PlayerA,fighter,Head,0.976875246,1.16601563,0.004505098
1.4666667,PlayerA,fighter,Chest,0.9872265,0.9294103,-0.159062728
1.4666667,PlayerA,fighter,LeftHand,0.7595022,0.9996886,-0.3215848
1.4666667,PlayerA,fighter,RightHand,0.737083,0.8784734,-0.1705839
1.4666667,PlayerA,fighter,LeftFoot,0.6171168,0.135111243,-0.4226493
1.4666667,PlayerA,fighter,RightFoot,1.20244646,0.164424375,0.07444239
1.4666667,PlayerB,actor,Root,-0.850000262,0,-2.026558E-07
1.4666667,PlayerB,driver,Root,-0.960254252,0.0224519484,-0.07912236
1.4666667,PlayerB,native,AnimatorRoot,-0.960254252,0.0224519484,-0.07912236
1.4666667,PlayerB,native,Hips,-0.861878335,0.7664852,-0.0126200905
1.4666667,PlayerB,native,Head,-1.05884957,1.17532563,-0.167505279
1.4666667,PlayerB,native,Chest,-0.915046751,0.9541681,-0.06844622
1.4666667,PlayerB,native,LeftHand,-1.11723721,0.7881298,0.235312521
1.4666667,PlayerB,native,RightHand,-0.8902534,0.6960523,-0.428679436
1.4666667,PlayerB,native,LeftFoot,-1.18299842,0.2069027,0.154658049
1.4666667,PlayerB,native,RightFoot,-1.06887364,0.207480893,-0.384676546
1.4666667,PlayerB,fighter,AnimatorRoot,-0.850000262,0,-2.026558E-07
1.4666667,PlayerB,fighter,Hips,-0.861878335,0.766485155,-0.0126200942
1.4666667,PlayerB,fighter,Head,-1.18166757,1.36603558,-0.224331588
1.4666667,PlayerB,fighter,Chest,-0.955525041,1.02200139,-0.0967536047
1.4666667,PlayerB,fighter,LeftHand,-1.11723709,0.7881295,0.2353128
1.4666667,PlayerB,fighter,RightHand,-0.8902532,0.6960521,-0.428679556
1.4666667,PlayerB,fighter,LeftFoot,-1.18299842,0.206902727,0.154658064
1.4666667,PlayerB,fighter,RightFoot,-1.06887376,0.207480758,-0.3846766
1.48148155,PlayerA,actor,Root,0.85,0,0
1.48148155,PlayerA,driver,Root,0.9527493,-0.0476232842,-0.07883027
1.48148155,PlayerA,native,AnimatorRoot,0.9527493,-0.0476232842,-0.07883027
1.48148155,PlayerA,native,Hips,0.9791186,0.7186958,-0.158195063
1.48148155,PlayerA,native,Head,0.9865703,1.19203329,0.0252019763
1.48148155,PlayerA,native,Chest,0.9950123,0.9334376,-0.13423723
1.48148155,PlayerA,native,LeftHand,0.7856766,0.993600249,-0.312318057
1.48148155,PlayerA,native,RightHand,0.749968052,0.874225557,-0.172134757
1.48148155,PlayerA,native,LeftFoot,0.618757,0.1365757,-0.422021478
1.48148155,PlayerA,native,RightFoot,1.2564435,0.15990454,0.14799279
1.48148155,PlayerA,fighter,AnimatorRoot,0.85,0,0
1.48148155,PlayerA,fighter,Hips,0.9791186,0.7186958,-0.1581951
1.48148155,PlayerA,fighter,Head,0.981324,1.153836,0.02763763
1.48148155,PlayerA,fighter,Chest,1.00419438,0.9163968,-0.13312161
1.48148155,PlayerA,fighter,LeftHand,0.7863376,0.994477868,-0.3125906
1.48148155,PlayerA,fighter,RightHand,0.7513081,0.875699341,-0.168560341
1.48148155,PlayerA,fighter,LeftFoot,0.618757,0.1365758,-0.4220214
1.48148155,PlayerA,fighter,RightFoot,1.2564435,0.159904435,0.147992849
1.48148155,PlayerB,actor,Root,-0.850000262,0,-2.026558E-07
1.48148155,PlayerB,driver,Root,-0.956994653,0.0109328162,-0.07759381
1.48148155,PlayerB,native,AnimatorRoot,-0.956994653,0.0109328162,-0.07759381
1.48148155,PlayerB,native,Hips,-0.863089859,0.751646936,-0.0132436967
1.48148155,PlayerB,native,Head,-1.04817057,1.16758871,-0.165546536
1.48148155,PlayerB,native,Chest,-0.9124347,0.9408416,-0.0677501038
1.48148155,PlayerB,native,LeftHand,-1.086874,0.787709057,0.243809238
1.48148155,PlayerB,native,RightHand,-0.874838531,0.682358742,-0.394582778
1.48148155,PlayerB,native,LeftFoot,-1.19063473,0.2029315,0.152900189
1.48148155,PlayerB,native,RightFoot,-1.07634628,0.19913666,-0.385055155
1.48148155,PlayerB,fighter,AnimatorRoot,-0.850000262,0,-2.026558E-07
1.48148155,PlayerB,fighter,Hips,-0.863089859,0.7516469,-0.0132436994
1.48148155,PlayerB,fighter,Head,-1.16741085,1.360606,-0.220737517
1.48148155,PlayerB,fighter,Chest,-0.951055348,1.009832,-0.0954958647
1.48148155,PlayerB,fighter,LeftHand,-1.086874,0.787709,0.243809432
1.48148155,PlayerB,fighter,RightHand,-0.874838352,0.682358563,-0.3945827
1.48148155,PlayerB,fighter,LeftFoot,-1.19063473,0.202931374,0.152900219
1.48148155,PlayerB,fighter,RightFoot,-1.07634628,0.199136645,-0.385055125
1.48333335,PlayerA,actor,Root,0.85,0,0
1.48333335,PlayerA,driver,Root,0.95453763,-0.04889388,-0.07615242
1.48333335,PlayerA,native,AnimatorRoot,0.95453763,-0.04889388,-0.07615242
1.48333335,PlayerA,native,Hips,0.9814155,0.7171491,-0.155418038
1.48333335,PlayerA,native,Head,0.986966968,1.19059861,0.0278190374
1.48333335,PlayerA,native,Chest,0.996973157,0.9319122,-0.131382614
1.48333335,PlayerA,native,LeftHand,0.7889782,0.9926283,-0.311378
1.48333335,PlayerA,native,RightHand,0.751851,0.8736507,-0.171976686
1.48333335,PlayerA,native,LeftFoot,0.618918657,0.136640072,-0.422023624
1.48333335,PlayerA,native,RightFoot,1.26226485,0.159450725,0.157825142
1.48333335,PlayerA,fighter,AnimatorRoot,0.85,0,0
1.48333335,PlayerA,fighter,Hips,0.9814155,0.7171491,-0.155418068
1.48333335,PlayerA,fighter,Head,0.9816848,1.152429,0.030172281
1.48333335,PlayerA,fighter,Chest,1.006158,0.914872766,-0.130145222
1.48333335,PlayerA,fighter,LeftHand,0.7896429,0.9935047,-0.311645985
1.48333335,PlayerA,fighter,RightHand,0.7531498,0.8751201,-0.16838482
1.48333335,PlayerA,fighter,LeftFoot,0.618918657,0.136640176,-0.4220236
1.48333335,PlayerA,fighter,RightFoot,1.26226473,0.159450635,0.1578252
1.48333335,PlayerB,actor,Root,-0.850000262,0,-2.026558E-07
1.48333335,PlayerB,driver,Root,-0.95660454,0.009604658,-0.07743629
1.48333335,PlayerB,native,AnimatorRoot,-0.95660454,0.009604658,-0.07743629
1.48333335,PlayerB,native,Hips,-0.8632309,0.7499457,-0.013353697
1.48333335,PlayerB,native,Head,-1.04701877,1.16664279,-0.165334418
1.48333335,PlayerB,native,Chest,-0.9121611,0.9393034,-0.0676980838
1.48333335,PlayerB,native,LeftHand,-1.08352518,0.7877147,0.244762361
1.48333335,PlayerB,native,RightHand,-0.873148859,0.6810104,-0.3906878
1.48333335,PlayerB,native,LeftFoot,-1.19137967,0.202535823,0.15272589
1.48333335,PlayerB,native,RightFoot,-1.0770638,0.198334292,-0.385095626
1.48333335,PlayerB,fighter,AnimatorRoot,-0.850000262,0,-2.026558E-07
1.48333335,PlayerB,fighter,Hips,-0.8632309,0.749945641,-0.013353698
1.48333335,PlayerB,fighter,Head,-1.16583943,1.35993409,-0.220331311
1.48333335,PlayerB,fighter,Chest,-0.9505805,1.00841808,-0.0953752
1.48333335,PlayerB,fighter,LeftHand,-1.08352518,0.787714541,0.2447625
1.48333335,PlayerB,fighter,RightHand,-0.8731486,0.681010246,-0.390687764
1.48333335,PlayerB,fighter,LeftFoot,-1.19137967,0.202535927,0.15272589
1.48333335,PlayerB,fighter,RightFoot,-1.07706392,0.198334262,-0.385095626
1.5,PlayerA,actor,Root,0.85,0,0
1.5,PlayerA,driver,Root,0.9677458,-0.05883945,-0.0540724546
1.5,PlayerA,native,AnimatorRoot,0.9677458,-0.05883945,-0.0540724546
1.5,PlayerA,native,Hips,1.00043821,0.7043262,-0.13186805
1.5,PlayerA,native,Head,0.9874331,1.17938828,0.0475403219
1.5,PlayerA,native,Chest,1.01251209,0.919363439,-0.107775971
1.5,PlayerA,native,LeftHand,0.816816747,0.979833841,-0.3040973
1.5,PlayerA,native,RightHand,0.7676102,0.866083,-0.170231789
1.5,PlayerA,native,LeftFoot,0.620632768,0.137024149,-0.4225342
1.5,PlayerA,native,RightFoot,1.29754078,0.155808344,0.242575228
1.5,PlayerA,fighter,AnimatorRoot,0.85,0,0
1.5,PlayerA,fighter,Hips,1.00043821,0.7043262,-0.131868079
1.5,PlayerA,fighter,Head,0.982024968,1.14144552,0.0492520034
1.5,PlayerA,fighter,Chest,1.02162039,0.9023804,-0.105512336
1.5,PlayerA,fighter,LeftHand,0.817505658,0.980706632,-0.304329067
1.5,PlayerA,fighter,RightHand,0.768556952,0.8675581,-0.166533858
1.5,PlayerA,fighter,LeftFoot,0.620632768,0.137024164,-0.422534227
1.5,PlayerA,fighter,RightFoot,1.29754066,0.155808359,0.242575258
1.5,PlayerB,actor,Root,-0.850000262,0,-2.026558E-07
1.5,PlayerB,driver,Root,-0.9535282,-0.00108118728,-0.0764834
1.5,PlayerB,native,AnimatorRoot,-0.9535282,-0.00108118728,-0.0764834
1.5,PlayerB,native,Hips,-0.8644404,0.7362896,-0.0146774556
1.5,PlayerB,native,Head,-1.03851342,1.15862179,-0.1637973
1.5,PlayerB,native,Chest,-0.910273254,0.926887333,-0.06758828
1.5,PlayerB,native,LeftHand,-1.05791521,0.7875922,0.2514725
1.5,PlayerB,native,RightHand,-0.859425247,0.6726501,-0.359909028
1.5,PlayerB,native,LeftFoot,-1.19645488,0.200002819,0.151366249
1.5,PlayerB,native,RightFoot,-1.08235872,0.193139657,-0.385820538
1.5,PlayerB,fighter,AnimatorRoot,-0.850000262,0,-2.026558E-07
1.5,PlayerB,fighter,Hips,-0.8644404,0.736289561,-0.0146774584
1.5,PlayerB,fighter,Head,-1.1537044,1.35436559,-0.217099488
1.5,PlayerB,fighter,Chest,-0.9471877,0.996940553,-0.09466773
1.5,PlayerB,fighter,LeftHand,-1.05791521,0.787592053,0.251472622
1.5,PlayerB,fighter,RightHand,-0.859425068,0.67265,-0.359908849
1.5,PlayerB,fighter,LeftFoot,-1.19645488,0.200002819,0.151366189
1.5,PlayerB,fighter,RightFoot,-1.0823586,0.193139687,-0.3858206
1.51666665,PlayerA,actor,Root,0.85,0,0
1.51666665,PlayerA,driver,Root,0.9743244,-0.065454334,-0.03566295
1.51666665,PlayerA,native,AnimatorRoot,0.9743244,-0.065454334,-0.03566295
1.51666665,PlayerA,native,Hips,1.01625419,0.6946254,-0.110582307
1.51666665,PlayerA,native,Head,0.9818704,1.17234707,0.05993037
1.51666665,PlayerA,native,Chest,1.02396774,0.910070539,-0.08773577
1.51666665,PlayerA,native,LeftHand,0.840938747,0.960068345,-0.299318463
1.51666665,PlayerA,native,RightHand,0.7801856,0.8539679,-0.167166
1.51666665,PlayerA,native,LeftFoot,0.620438933,0.137933135,-0.421342432
1.51666665,PlayerA,native,RightFoot,1.29248774,0.145315036,0.3161443
1.51666665,PlayerA,fighter,AnimatorRoot,0.85,0,0
1.51666665,PlayerA,fighter,Hips,1.01625419,0.6946254,-0.110582337
1.51666665,PlayerA,fighter,Head,0.976699352,1.13459182,0.061229974
1.51666665,PlayerA,fighter,Chest,1.03284931,0.8932363,-0.08462183
1.51666665,PlayerA,fighter,LeftHand,0.8416328,0.9609505,-0.299525619
1.51666665,PlayerA,fighter,RightHand,0.7808255,0.855553448,-0.163448
1.51666665,PlayerA,fighter,LeftFoot,0.620439,0.137933165,-0.4213426
1.51666665,PlayerA,fighter,RightFoot,1.29248774,0.145315036,0.3161443
1.51666665,PlayerB,actor,Root,-0.850000262,0,-2.026558E-07
1.51666665,PlayerB,driver,Root,-0.951376259,-0.009153735,-0.07648769
1.51666665,PlayerB,native,AnimatorRoot,-0.951376259,-0.009153735,-0.07648769
1.51666665,PlayerB,native,Hips,-0.8655192,0.7259941,-0.0166384168
1.51666665,PlayerB,native,Head,-1.03394413,1.15180552,-0.163024873
1.51666665,PlayerB,native,Chest,-0.9095648,0.9174205,-0.06817759
1.51666665,PlayerB,native,LeftHand,-1.0416317,0.786299944,0.254743785
1.51666665,PlayerB,native,RightHand,-0.8475329,0.671086252,-0.339139819
1.51666665,PlayerB,native,LeftFoot,-1.19835186,0.199591279,0.15049319
1.51666665,PlayerB,native,RightFoot,-1.08546638,0.191988721,-0.387302
1.51666665,PlayerB,fighter,AnimatorRoot,-0.850000262,0,-2.026558E-07
1.51666665,PlayerB,fighter,Hips,-0.8655192,0.725994051,-0.0166384224
1.51666665,PlayerB,fighter,Head,-1.14579678,1.35000741,-0.214695215
1.51666665,PlayerB,fighter,Chest,-0.945617,0.988071561,-0.09470424
1.51666665,PlayerB,fighter,LeftHand,-1.0416317,0.7862999,0.254744023
1.51666665,PlayerB,fighter,RightHand,-0.8475326,0.671086133,-0.33913976
1.51666665,PlayerB,fighter,LeftFoot,-1.19835186,0.199591145,0.1504932
1.51666665,PlayerB,fighter,RightFoot,-1.08546662,0.191988826,-0.387301981
1.5333333,PlayerA,actor,Root,0.85,0,0
1.5333333,PlayerA,driver,Root,0.9764948,-0.0704152,-0.02080077
1.5333333,PlayerA,native,AnimatorRoot,0.9764948,-0.0704152,-0.02080077
1.5333333,PlayerA,native,Hips,1.02880192,0.687277734,-0.09081258
1.5333333,PlayerA,native,Head,0.9715378,1.1679976,0.06625137
1.5333333,PlayerA,native,Chest,1.03152871,0.903158665,-0.07023887
1.5333333,PlayerA,native,LeftHand,0.8615039,0.9334919,-0.293295652
1.5333333,PlayerA,native,RightHand,0.787785351,0.839766264,-0.162876666
1.5333333,PlayerA,native,LeftFoot,0.6273369,0.135925665,-0.422156543
1.5333333,PlayerA,native,RightFoot,1.26741791,0.135295615,0.375746071
1.5333333,PlayerA,fighter,AnimatorRoot,0.85,0,0
1.5333333,PlayerA,fighter,Hips,1.02880192,0.687277734,-0.09081261
1.5333333,PlayerA,fighter,Head,0.966871142,1.13041711,0.06730477
1.5333333,PlayerA,fighter,Chest,1.040108,0.8865401,-0.0664567947
1.5333333,PlayerA,fighter,LeftHand,0.8621927,0.9343872,-0.293499321
1.5333333,PlayerA,fighter,RightHand,0.788180053,0.8415273,-0.159203708
1.5333333,PlayerA,fighter,LeftFoot,0.627337,0.135925725,-0.422156662
1.5333333,PlayerA,fighter,RightFoot,1.26741779,0.135295734,0.3757461
1.5333333,PlayerB,actor,Root,-0.850000262,0,-2.026558E-07
1.5333333,PlayerB,driver,Root,-0.9500422,-0.0154267084,-0.07724486
1.5333333,PlayerB,native,AnimatorRoot,-0.9500422,-0.0154267084,-0.07724486
1.5333333,PlayerB,native,Hips,-0.866564035,0.717910647,-0.0191058777
1.5333333,PlayerB,native,Head,-1.03187418,1.14596736,-0.1628624
1.5333333,PlayerB,native,Chest,-0.9096762,0.9099238,-0.06930169
1.5333333,PlayerB,native,LeftHand,-1.03046632,0.7853273,0.2570993
1.5333333,PlayerB,native,RightHand,-0.83618027,0.674419045,-0.3246406
1.5333333,PlayerB,native,LeftFoot,-1.19873726,0.200267583,0.149714336
1.5333333,PlayerB,native,RightFoot,-1.08800542,0.193098426,-0.3896133
1.5333333,PlayerB,fighter,AnimatorRoot,-0.850000262,0,-2.026558E-07
1.5333333,PlayerB,fighter,Hips,-0.866564035,0.7179106,-0.01910588
1.5333333,PlayerB,fighter,Head,-1.1404233,1.34666145,-0.212984592
1.5333333,PlayerB,fighter,Chest,-0.945269465,0.980968535,-0.0953023955
1.5333333,PlayerB,fighter,LeftHand,-1.03046632,0.785327137,0.25709942
1.5333333,PlayerB,fighter,RightHand,-0.836180151,0.674419,-0.324640542
1.5333333,PlayerB,fighter,LeftFoot,-1.19873738,0.200267434,0.149714261
1.5333333,PlayerB,fighter,RightFoot,-1.08800554,0.193098381,-0.3896134
1.55,PlayerA,actor,Root,0.85,0,0
1.55,PlayerA,driver,Root,0.974877238,-0.07516498,-0.009500541
1.55,PlayerA,native,AnimatorRoot,0.974877238,-0.07516498,-0.009500541
1.55,PlayerA,native,Hips,1.0393734,0.680335045,-0.07236338
1.55,PlayerA,native,Head,0.958389938,1.16392636,0.06636541
1.55,PlayerA,native,Chest,1.0366261,0.896608055,-0.05524762
1.55,PlayerA,native,LeftHand,0.8781377,0.900526464,-0.2847426
1.55,PlayerA,native,RightHand,0.789889157,0.8247126,-0.158702374
1.55,PlayerA,native,LeftFoot,0.6351409,0.1346612,-0.421957165
1.55,PlayerA,native,RightFoot,1.23083222,0.127092391,0.414405644
1.55,PlayerA,fighter,AnimatorRoot,0.85,0,0
1.55,PlayerA,fighter,Hips,1.0393734,0.680335045,-0.07236338
1.55,PlayerA,fighter,Head,0.9544362,1.12652516,0.06736121
1.55,PlayerA,fighter,Chest,1.04486775,0.880257249,-0.0509353131
1.55,PlayerA,fighter,LeftHand,0.8788241,0.9014289,-0.284965128
1.55,PlayerA,fighter,RightHand,0.7901063,0.8266819,-0.155121982
1.55,PlayerA,fighter,LeftFoot,0.6351409,0.134661153,-0.421957254
1.55,PlayerA,fighter,RightFoot,1.23083222,0.1270924,0.4144056
1.55,PlayerB,actor,Root,-0.850000262,0,-2.026558E-07
1.55,PlayerB,driver,Root,-0.9496047,-0.0205273833,-0.07866731
1.55,PlayerB,native,AnimatorRoot,-0.9496047,-0.0205273833,-0.07866731
1.55,PlayerB,native,Hips,-0.8676878,0.7111624,-0.02201673
1.55,PlayerB,native,Head,-1.03086853,1.14100277,-0.163210526
1.55,PlayerB,native,Chest,-0.9102919,0.9036543,-0.07085469
1.55,PlayerB,native,LeftHand,-1.0207597,0.785992146,0.259582222
1.55,PlayerB,native,RightHand,-0.82474184,0.6819937,-0.3122921
1.55,PlayerB,native,LeftFoot,-1.19940019,0.201068774,0.14845182
1.55,PlayerB,native,RightFoot,-1.09234583,0.194232225,-0.39321205
1.55,PlayerB,fighter,AnimatorRoot,-0.850000262,0,-2.026558E-07
1.55,PlayerB,fighter,Hips,-0.8676878,0.711162269,-0.02201673
1.55,PlayerB,fighter,Head,-1.13579142,1.344337,-0.211795777
1.55,PlayerB,fighter,Chest,-0.945593834,0.9750025,-0.0963379443
1.55,PlayerB,fighter,LeftHand,-1.02075982,0.7859924,0.259582132
1.55,PlayerB,fighter,RightHand,-0.8247418,0.681993663,-0.312292
1.55,PlayerB,fighter,LeftFoot,-1.19940031,0.2010686,0.14845185
1.55,PlayerB,fighter,RightFoot,-1.092346,0.19423224,-0.39321205
1.56666672,PlayerA,actor,Root,0.85,0,0
1.56666672,PlayerA,driver,Root,0.9714562,-0.07957885,-0.00136080384
1.56666672,PlayerA,native,AnimatorRoot,0.9714562,-0.07957885,-0.00136080384
1.56666672,PlayerA,native,Hips,1.0479095,0.674535751,-0.0548436046
1.56666672,PlayerA,native,Head,0.9436115,1.16009247,0.0618004166
1.56666672,PlayerA,native,Chest,1.03951383,0.8910421,-0.0420560241
1.56666672,PlayerA,native,LeftHand,0.8891279,0.8677187,-0.276920676
1.56666672,PlayerA,native,RightHand,0.7875762,0.8090253,-0.154218048
1.56666672,PlayerA,native,LeftFoot,0.644991636,0.133097857,-0.4210922
1.56666672,PlayerA,native,RightFoot,1.19801188,0.11926581,0.4331481
1.56666672,PlayerA,fighter,AnimatorRoot,0.85,0,0
1.56666672,PlayerA,fighter,Hips,1.0479095,0.674535751,-0.0548436046
1.56666672,PlayerA,fighter,Head,0.940509856,1.12287486,0.06288623
1.56666672,PlayerA,fighter,Chest,1.0474124,0.8749836,-0.0373657644
1.56666672,PlayerA,fighter,LeftHand,0.889817357,0.868624866,-0.277167678
1.56666672,PlayerA,fighter,RightHand,0.7876817,0.8112222,-0.150767088
1.56666672,PlayerA,fighter,LeftFoot,0.6449916,0.133097753,-0.421092421
1.56666672,PlayerA,fighter,RightFoot,1.19801188,0.119265892,0.4331481
1.56666672,PlayerB,actor,Root,-0.850000262,0,-2.026558E-07
1.56666672,PlayerB,driver,Root,-0.94985944,-0.0245637372,-0.08062887
1.56666672,PlayerB,native,AnimatorRoot,-0.94985944,-0.0245637372,-0.08062887
1.56666672,PlayerB,native,Hips,-0.868817747,0.705692351,-0.0252909269
1.56666672,PlayerB,native,Head,-1.031157,1.136739,-0.163979039
1.56666672,PlayerB,native,Chest,-0.911380947,0.8985418,-0.07277357
1.56666672,PlayerB,native,LeftHand,-1.01321733,0.787449062,0.2618363
1.56666672,PlayerB,native,RightHand,-0.814171553,0.693084955,-0.302949637
1.56666672,PlayerB,native,LeftFoot,-1.199812,0.202174217,0.1469741
1.56666672,PlayerB,native,RightFoot,-1.09745574,0.195882469,-0.397657961
1.56666672,PlayerB,fighter,AnimatorRoot,-0.850000262,0,-2.026558E-07
1.56666672,PlayerB,fighter,Hips,-0.868817747,0.7056923,-0.02529093
1.56666672,PlayerB,fighter,Head,-1.13235545,1.342686,-0.211071938
1.56666672,PlayerB,fighter,Chest,-0.9466007,0.9700915,-0.0977511853
1.56666672,PlayerB,fighter,LeftHand,-1.01321745,0.787448764,0.26183638
1.56666672,PlayerB,fighter,RightHand,-0.814171255,0.6930848,-0.302949578
1.56666672,PlayerB,fighter,LeftFoot,-1.199812,0.202174187,0.146974057
1.56666672,PlayerB,fighter,RightFoot,-1.09745574,0.19588232,-0.397657961
1.58333337,PlayerA,actor,Root,0.85,0,0
1.58333337,PlayerA,driver,Root,0.9686634,-0.0841262862,0.00364506245
1.58333337,PlayerA,native,AnimatorRoot,0.9686634,-0.0841262862,0.00364506245
1.58333337,PlayerA,native,Hips,1.05469656,0.6696938,-0.0387576967
1.58333337,PlayerA,native,Head,0.928528547,1.15588,0.05297196
1.58333337,PlayerA,native,Chest,1.04078531,0.8862102,-0.0309918225
1.58333337,PlayerA,native,LeftHand,0.8975266,0.831620336,-0.2640832
1.58333337,PlayerA,native,RightHand,0.7814814,0.7931079,-0.15005368
1.58333337,PlayerA,native,LeftFoot,0.6569092,0.131324977,-0.420427352
1.58333337,PlayerA,native,RightFoot,1.19307256,0.117502965,0.436047643
1.58333337,PlayerA,fighter,AnimatorRoot,0.85,0,0
1.58333337,PlayerA,fighter,Hips,1.05469656,0.6696939,-0.03875771
1.58333337,PlayerA,fighter,Head,0.9263474,1.118853,0.05428044
1.58333337,PlayerA,fighter,Chest,1.04835248,0.8704448,-0.02605766
1.58333337,PlayerA,fighter,LeftHand,0.8982234,0.832520962,-0.264375865
1.58333337,PlayerA,fighter,RightHand,0.7815417,0.795526445,-0.146753073
1.58333337,PlayerA,fighter,LeftFoot,0.6569091,0.131324872,-0.4204274
1.58333337,PlayerA,fighter,RightFoot,1.19307256,0.117503069,0.436047554
1.58333337,PlayerB,actor,Root,-0.850000262,0,-2.026558E-07
1.58333337,PlayerB,driver,Root,-0.9506688,-0.0277725328,-0.0830082
1.58333337,PlayerB,native,AnimatorRoot,-0.9506688,-0.0277725328,-0.0830082
1.58333337,PlayerB,native,Hips,-0.8699381,0.7012366,-0.0288512763
1.58333337,PlayerB,native,Head,-1.03255367,1.13299906,-0.165072054
1.58333337,PlayerB,native,Chest,-0.912850142,0.8943408,-0.07498361
1.58333337,PlayerB,native,LeftHand,-1.007536,0.7893207,0.2637728
1.58333337,PlayerB,native,RightHand,-0.8050256,0.706886053,-0.2961444
1.58333337,PlayerB,native,LeftFoot,-1.19998288,0.203524068,0.1453312
1.58333337,PlayerB,native,RightFoot,-1.10306907,0.198019356,-0.402724028
1.58333337,PlayerB,fighter,AnimatorRoot,-0.850000262,0,-2.026558E-07
1.58333337,PlayerB,fighter,Hips,-0.8699381,0.7012366,-0.0288512819
1.58333337,PlayerB,fighter,Head,-1.13000631,1.34144127,-0.210749477
1.58333337,PlayerB,fighter,Chest,-0.9481672,0.9660061,-0.0994650945
1.58333337,PlayerB,fighter,LeftHand,-1.007536,0.789320469,0.263772875
1.58333337,PlayerB,fighter,RightHand,-0.8050253,0.7068858,-0.296144336
1.58333337,PlayerB,fighter,LeftFoot,-1.199983,0.203524053,0.145331144
1.58333337,PlayerB,fighter,RightFoot,-1.10306919,0.198019341,-0.402724057
1.6,PlayerA,actor,Root,0.85,0,0
1.6,PlayerA,driver,Root,0.9657778,-0.08846684,0.00662654638
1.6,PlayerA,native,AnimatorRoot,0.9657778,-0.08846684,0.00662654638
1.6,PlayerA,native,Hips,1.05981064,0.665895641,-0.0241020322
1.6,PlayerA,native,Head,0.913799644,1.15108931,0.04117303
1.6,PlayerA,native,Chest,1.04066229,0.8821632,-0.0217507631
1.6,PlayerA,native,LeftHand,0.903227746,0.7953867,-0.2466349
1.6,PlayerA,native,RightHand,0.7725226,0.777528942,-0.14632839
1.6,PlayerA,native,LeftFoot,0.6699193,0.129256517,-0.4194389
1.6,PlayerA,native,RightFoot,1.19801235,0.119264036,0.433148861
1.6,PlayerA,fighter,AnimatorRoot,0.85,0,0
1.6,PlayerA,fighter,Hips,1.05981064,0.665895641,-0.0241020322
1.6,PlayerA,fighter,Head,0.9125639,1.1142596,0.0427903272
1.6,PlayerA,fighter,Chest,1.047929,0.866673946,-0.016691342
1.6,PlayerA,fighter,LeftHand,0.9039387,0.7962705,-0.246985584
1.6,PlayerA,fighter,RightHand,0.7725866,0.78015095,-0.143187046
1.6,PlayerA,fighter,LeftFoot,0.6699194,0.129256487,-0.419438958
1.6,PlayerA,fighter,RightFoot,1.19801235,0.119264223,0.433148921
1.6,PlayerB,actor,Root,-0.850000262,0,-2.026558E-07
1.6,PlayerB,driver,Root,-0.9519112,-0.0303942077,-0.08570303
1.6,PlayerB,native,AnimatorRoot,-0.9519112,-0.0303942077,-0.08570303
1.6,PlayerB,native,Hips,-0.871018767,0.697531641,-0.03262325
1.6,PlayerB,native,Head,-1.034856,1.129594,-0.166397154
1.6,PlayerB,native,Chest,-0.9145922,0.890803337,-0.0774127543
1.6,PlayerB,native,LeftHand,-1.00342238,0.791285038,0.2653714
1.6,PlayerB,native,RightHand,-0.7976874,0.722532,-0.291466236
1.6,PlayerB,native,LeftFoot,-1.19996512,0.205007508,0.143581733
1.6,PlayerB,native,RightFoot,-1.10900819,0.200461775,-0.408193529
1.6,PlayerB,fighter,AnimatorRoot,-0.850000262,0,-2.026558E-07
1.6,PlayerB,fighter,Hips,-0.871018767,0.6975316,-0.0326232538
1.6,PlayerB,fighter,Head,-1.12864745,1.34034407,-0.21071285
1.6,PlayerB,fighter,Chest,-0.9501564,0.9625131,-0.101404659
1.6,PlayerB,fighter,LeftHand,-1.00342238,0.791284859,0.265371531
1.6,PlayerB,fighter,RightHand,-0.7976874,0.722531855,-0.2914661
1.6,PlayerB,fighter,LeftFoot,-1.19996524,0.2050074,0.143581674
1.6,PlayerB,fighter,RightFoot,-1.10900807,0.200461775,-0.4081935
1.60493839,PlayerA,actor,Root,0.85,0,0
1.60493839,PlayerA,driver,Root,0.9649039,-0.08967974,0.00737826526
1.60493839,PlayerA,native,AnimatorRoot,0.9649039,-0.08967974,0.00737826526
1.60493839,PlayerA,native,Hips,1.06109881,0.664947331,-0.0199718922
1.60493839,PlayerA,native,Head,0.9097675,1.14955366,0.0374653
1.60493839,PlayerA,native,Chest,1.04049921,0.881094754,-0.0192294866
1.60493839,PlayerA,native,LeftHand,0.904311359,0.785233736,-0.24080196
1.60493839,PlayerA,native,RightHand,0.7695682,0.7730696,-0.145208359
1.60493839,PlayerA,native,LeftFoot,0.674001455,0.128722012,-0.419279575
1.60493839,PlayerA,native,RightFoot,1.19805038,0.119332783,0.433153242
1.60493839,PlayerA,fighter,AnimatorRoot,0.85,0,0
1.60493839,PlayerA,fighter,Hips,1.06109881,0.664947331,-0.0199718922
1.60493839,PlayerA,fighter,Head,0.9088053,1.11278331,0.0391797
1.60493839,PlayerA,fighter,Chest,1.04768538,0.865680635,-0.0141518563
1.60493839,PlayerA,fighter,LeftHand,0.9050277,0.786110461,-0.2411713
1.60493839,PlayerA,fighter,RightHand,0.7696429,0.7757455,-0.142113149
1.60493839,PlayerA,fighter,LeftFoot,0.6740015,0.128721908,-0.419279635
1.60493839,PlayerA,fighter,RightFoot,1.1980505,0.119332746,0.4331533
1.60493839,PlayerB,actor,Root,-0.850000262,0,-2.026558E-07
1.60493839,PlayerB,driver,Root,-0.95232904,-0.0311212465,-0.08653368
1.60493839,PlayerB,native,AnimatorRoot,-0.95232904,-0.0311212465,-0.08653368
1.60493839,PlayerB,native,Hips,-0.87132746,0.6965076,-0.0337602459
1.60493839,PlayerB,native,Head,-1.03566146,1.12859845,-0.166807517
1.60493839,PlayerB,native,Chest,-0.9151363,0.8898166,-0.0781537443
1.60493839,PlayerB,native,LeftHand,-1.00241423,0.7918072,0.265771121
1.60493839,PlayerB,native,RightHand,-0.7959217,0.72729665,-0.2903866
1.60493839,PlayerB,native,LeftFoot,-1.19992948,0.205452681,0.1430555
1.60493839,PlayerB,native,RightFoot,-1.11076558,0.201217651,-0.409835279
1.60493839,PlayerB,fighter,AnimatorRoot,-0.850000262,0,-2.026558E-07
1.60493839,PlayerB,fighter,Hips,-0.87132746,0.6965075,-0.03376025
1.60493839,PlayerB,fighter,Head,-1.12841034,1.33997762,-0.210745126
1.60493839,PlayerB,fighter,Chest,-0.950794339,0.9615297,-0.102001213
1.60493839,PlayerB,fighter,LeftHand,-1.00241423,0.791807,0.265771449
1.60493839,PlayerB,fighter,RightHand,-0.7959215,0.727296531,-0.290386617
1.60493839,PlayerB,fighter,LeftFoot,-1.19992948,0.205452636,0.1430555
1.60493839,PlayerB,fighter,RightFoot,-1.11076558,0.201217517,-0.409835279
1.61666667,PlayerA,actor,Root,0.85,0,0
1.61666667,PlayerA,driver,Root,0.962739944,-0.092483595,0.008652769
1.61666667,PlayerA,native,AnimatorRoot,0.962739944,-0.092483595,0.008652769
1.61666667,PlayerA,native,Hips,1.06370938,0.663020551,-0.010711655
1.61666667,PlayerA,native,Head,0.9004531,1.14566982,0.02784711
1.61666667,PlayerA,native,Chest,1.039781,0.878794253,-0.0138810426
1.61666667,PlayerA,native,LeftHand,0.905506551,0.7617443,-0.225506783
1.61666667,PlayerA,native,RightHand,0.7616155,0.76266253,-0.142644882
1.61666667,PlayerA,native,LeftFoot,0.684039831,0.127232045,-0.418589652
1.61666667,PlayerA,native,RightFoot,1.198018,0.119290039,0.433160752
1.61666667,PlayerA,fighter,AnimatorRoot,0.85,0,0
1.61666667,PlayerA,fighter,Hips,1.0637095,0.663020551,-0.010711655
1.61666667,PlayerA,fighter,Head,0.9001409,1.10904217,0.02981853
1.61666667,PlayerA,fighter,Chest,1.04678881,0.8635497,-0.008793965
1.61666667,PlayerA,fighter,LeftHand,0.906239748,0.762598,-0.225923643
1.61666667,PlayerA,fighter,RightHand,0.761728,0.765455246,-0.139655739
1.61666667,PlayerA,fighter,LeftFoot,0.6840397,0.127231941,-0.4185897
1.61666667,PlayerA,fighter,RightFoot,1.19801807,0.11929021,0.4331607
1.61666667,PlayerB,actor,Root,-0.850000262,0,-2.026558E-07
1.61666667,PlayerB,driver,Root,-0.9534598,-0.0326646045,-0.08860602
1.61666667,PlayerB,native,AnimatorRoot,-0.9534598,-0.0326646045,-0.08860602
1.61666667,PlayerB,native,Hips,-0.872044444,0.6943156,-0.03652825
1.61666667,PlayerB,native,Head,-1.03787136,1.1263324,-0.167854369
1.61666667,PlayerB,native,Chest,-0.9165137,0.8876827,-0.07998413
1.61666667,PlayerB,native,LeftHand,-1.00055814,0.79301095,0.2665989
1.61666667,PlayerB,native,RightHand,-0.792413056,0.7390787,-0.288480967
1.61666667,PlayerB,native,LeftFoot,-1.199784,0.206549942,0.141776577
1.61666667,PlayerB,native,RightFoot,-1.11503339,0.203108191,-0.41384685
1.61666667,PlayerB,fighter,AnimatorRoot,-0.850000262,0,-2.026558E-07
1.61666667,PlayerB,fighter,Hips,-0.872044444,0.694315553,-0.03652826
1.61666667,PlayerB,fighter,Head,-1.12818372,1.33913779,-0.2109203
1.61666667,PlayerB,fighter,Chest,-0.9524442,0.95938015,-0.103490539
1.61666667,PlayerB,fighter,LeftHand,-1.00055814,0.7930108,0.2665992
1.61666667,PlayerB,fighter,RightHand,-0.792412937,0.73907876,-0.288480759
1.61666667,PlayerB,fighter,LeftFoot,-1.199784,0.206549913,0.141776517
1.61666667,PlayerB,fighter,RightFoot,-1.11503351,0.2031082,-0.41384694
1.63333333,PlayerA,actor,Root,0.85,0,0
1.63333333,PlayerA,driver,Root,0.9599971,-0.09597502,0.009871386
1.63333333,PlayerA,native,AnimatorRoot,0.9599971,-0.09597502,0.009871386
1.63333333,PlayerA,native,Hips,1.06655419,0.6611527,0.00127066672
1.63333333,PlayerA,native,Head,0.8890166,1.1400497,0.01411717
1.63333333,PlayerA,native,Chest,1.03843713,0.876242757,-0.00725568831
1.63333333,PlayerA,native,LeftHand,0.9052393,0.7323366,-0.201670676
1.63333333,PlayerA,native,RightHand,0.749988735,0.7493479,-0.13931708
1.63333333,PlayerA,native,LeftFoot,0.6984408,0.125114053,-0.41729632
1.63333333,PlayerA,native,RightFoot,1.19801176,0.119264938,0.433148354
1.63333333,PlayerA,fighter,AnimatorRoot,0.85,0,0
1.63333333,PlayerA,fighter,Hips,1.06655431,0.6611528,0.00127066672
1.63333333,PlayerA,fighter,Head,0.8895734,1.10362756,0.0164489653
1.63333333,PlayerA,fighter,Chest,1.04523563,0.8612027,-0.00221447647
1.63333333,PlayerA,fighter,LeftHand,0.9060026,0.733147144,-0.202155128
1.63333333,PlayerA,fighter,RightHand,0.7501675,0.7522761,-0.136463746
1.63333333,PlayerA,fighter,LeftFoot,0.6984407,0.125113919,-0.417296469
1.63333333,PlayerA,fighter,RightFoot,1.19801164,0.119264983,0.433148444
1.63333333,PlayerB,actor,Root,-0.850000262,0,-2.026558E-07
1.63333333,PlayerB,driver,Root,-0.9551928,-0.0348338336,-0.09161109
1.63333333,PlayerB,native,AnimatorRoot,-0.9551928,-0.0348338336,-0.09161109
1.63333333,PlayerB,native,Hips,-0.872984469,0.6913254,-0.0404935926
1.63333333,PlayerB,native,Head,-1.04139471,1.12301481,-0.16935797
1.63333333,PlayerB,native,Chest,-0.9185068,0.884730041,-0.0826306641
1.63333333,PlayerB,native,LeftHand,-0.9987532,0.7941192,0.2673896
1.63333333,PlayerB,native,RightHand,-0.789235532,0.7555453,-0.2868168
1.63333333,PlayerB,native,LeftFoot,-1.19948053,0.208052218,0.139973789
1.63333333,PlayerB,native,RightFoot,-1.12095606,0.205813378,-0.419454277
1.63333333,PlayerB,fighter,AnimatorRoot,-0.850000262,0,-2.026558E-07
1.63333333,PlayerB,fighter,Hips,-0.872984469,0.691325366,-0.0404935963
1.63333333,PlayerB,fighter,Head,-1.12852955,1.33759654,-0.211230636
1.63333333,PlayerB,fighter,Chest,-0.954892933,0.956372,-0.105653644
1.63333333,PlayerB,fighter,LeftHand,-0.9987532,0.79411906,0.267389834
1.63333333,PlayerB,fighter,RightHand,-0.7892354,0.7555454,-0.286816627
1.63333333,PlayerB,fighter,LeftFoot,-1.19948053,0.208052233,0.139973685
1.63333333,PlayerB,fighter,RightFoot,-1.12095618,0.205813289,-0.4194544
1.65,PlayerA,actor,Root,0.85,0,0
1.65,PlayerA,driver,Root,0.95787555,-0.0987976342,0.0106918588
1.65,PlayerA,native,AnimatorRoot,0.95787555,-0.0987976342,0.0106918588
1.65,PlayerA,native,Hips,1.06862986,0.660173833,0.0119193047
1.65,PlayerA,native,Head,0.8800457,1.13472819,0.00129849464
1.65,PlayerA,native,Chest,1.03703022,0.8744854,-0.00150305033
1.65,PlayerA,native,LeftHand,0.9027561,0.708463252,-0.176659524
1.65,PlayerA,native,RightHand,0.7385651,0.7380023,-0.135990635
1.65,PlayerA,native,LeftFoot,0.712985754,0.123168707,-0.416193247
1.65,PlayerA,native,RightFoot,1.198026,0.119281307,0.433157235
1.65,PlayerA,fighter,AnimatorRoot,0.85,0,0
1.65,PlayerA,fighter,Hips,1.06863,0.660173833,0.0119193047
1.65,PlayerA,fighter,Head,0.8813712,1.098505,0.00395338237
1.65,PlayerA,fighter,Chest,1.04367435,0.8596055,0.00343991816
1.65,PlayerA,fighter,LeftHand,0.9035546,0.70921737,-0.177209973
1.65,PlayerA,fighter,RightHand,0.738822937,0.7410287,-0.133248538
1.65,PlayerA,fighter,LeftFoot,0.712985754,0.123168565,-0.4161933
1.65,PlayerA,fighter,RightFoot,1.198026,0.119281247,0.4331573
1.65,PlayerB,actor,Root,-0.850000262,0,-2.026558E-07
1.65,PlayerB,driver,Root,-0.956988037,-0.0371481664,-0.09460602
1.65,PlayerB,native,AnimatorRoot,-0.956988037,-0.0371481664,-0.09460602
1.65,PlayerB,native,Hips,-0.873823464,0.6882969,-0.04443924
1.65,PlayerB,native,Head,-1.04523277,1.11944294,-0.170809045
1.65,PlayerB,native,Chest,-0.9204786,0.8816972,-0.08527545
1.65,PlayerB,native,LeftHand,-0.997711837,0.794290066,0.267726243
1.65,PlayerB,native,RightHand,-0.788005054,0.77095,-0.286126047
1.65,PlayerB,native,LeftFoot,-1.19908726,0.209431529,0.13822557
1.65,PlayerB,native,RightFoot,-1.12654161,0.208460093,-0.424808949
1.65,PlayerB,fighter,AnimatorRoot,-0.850000262,0,-2.026558E-07
1.65,PlayerB,fighter,Hips,-0.873823464,0.688296854,-0.04443925
1.65,PlayerB,fighter,Head,-1.12960792,1.33548677,-0.2116
1.65,PlayerB,fighter,Chest,-0.957379043,0.9532545,-0.107815
1.65,PlayerB,fighter,LeftHand,-0.997711957,0.79429,0.267726362
1.65,PlayerB,fighter,RightHand,-0.788005,0.7709498,-0.286126
1.65,PlayerB,fighter,LeftFoot,-1.19908714,0.209431529,0.13822563
1.65,PlayerB,fighter,RightFoot,-1.12654161,0.208460078,-0.424809039
1.66666663,PlayerA,actor,Root,0.85,0,0
1.66666663,PlayerA,driver,Root,0.9566794,-0.100659989,0.0113980025
1.66666663,PlayerA,native,AnimatorRoot,0.9566794,-0.100659989,0.0113980025
1.66666663,PlayerA,native,Hips,1.0701896,0.6601023,0.02113314
1.66666663,PlayerA,native,Head,0.874054849,1.1305604,-0.009659316
1.66666663,PlayerA,native,Chest,1.03595459,0.8736671,0.00350953639
1.66666663,PlayerA,native,LeftHand,0.89911,0.690818369,-0.152821392
1.66666663,PlayerA,native,RightHand,0.7286945,0.72946,-0.132947117
1.66666663,PlayerA,native,LeftFoot,0.7268738,0.121382646,-0.414762765
1.66666663,PlayerA,native,RightFoot,1.19801223,0.119265206,0.433147728
1.66666663,PlayerA,fighter,AnimatorRoot,0.85,0,0
1.66666663,PlayerA,fighter,Hips,1.07018971,0.6601023,0.02113314
1.66666663,PlayerA,fighter,Head,0.876012146,1.09452581,-0.00675386
1.66666663,PlayerA,fighter,Chest,1.04250038,0.858902633,0.008326262
1.66666663,PlayerA,fighter,LeftHand,0.899947166,0.6915069,-0.153431386
1.66666663,PlayerA,fighter,RightHand,0.7290232,0.732552,-0.130286708
1.66666663,PlayerA,fighter,LeftFoot,0.7268739,0.121382765,-0.414762646
1.66666663,PlayerA,fighter,RightFoot,1.19801211,0.119265221,0.433147669
1.66666663,PlayerB,actor,Root,-0.850000262,0,-2.026558E-07
1.66666663,PlayerB,driver,Root,-0.958720565,-0.0398549028,-0.0975019038
1.66666663,PlayerB,native,AnimatorRoot,-0.958720565,-0.0398549028,-0.0975019038
1.66666663,PlayerB,native,Hips,-0.8745321,0.6849707,-0.048292622
1.66666663,PlayerB,native,Head,-1.04918432,1.11542165,-0.172126576
1.66666663,PlayerB,native,Chest,-0.922323644,0.8783411,-0.08785464
1.66666663,PlayerB,native,LeftHand,-0.997316,0.793111861,0.26752
1.66666663,PlayerB,native,RightHand,-0.788383961,0.784342766,-0.286125839
1.66666663,PlayerB,native,LeftFoot,-1.19864345,0.210594222,0.136586353
1.66666663,PlayerB,native,RightFoot,-1.13159919,0.210908279,-0.4296794
1.66666663,PlayerB,fighter,AnimatorRoot,-0.850000262,0,-2.026558E-07
1.66666663,PlayerB,fighter,Hips,-0.8745321,0.6849706,-0.04829263
1.66666663,PlayerB,fighter,Head,-1.13133979,1.33261991,-0.211874753
1.66666663,PlayerB,fighter,Chest,-0.95976764,0.949798346,-0.109909631
1.66666663,PlayerB,fighter,LeftHand,-0.997316,0.7931116,0.267520219
1.66666663,PlayerB,fighter,RightHand,-0.7883839,0.7843425,-0.2861258
1.66666663,PlayerB,fighter,LeftFoot,-1.19864345,0.210594267,0.136586353
1.66666663,PlayerB,fighter,RightFoot,-1.13159919,0.210908189,-0.429679364
1.68333328,PlayerA,actor,Root,0.85,0,0
1.68333328,PlayerA,driver,Root,0.9569799,-0.101196796,0.0124434605
1.68333328,PlayerA,native,AnimatorRoot,0.9569799,-0.101196796,0.0124434605
1.68333328,PlayerA,native,Hips,1.071598,0.660923243,0.028917402
1.68333328,PlayerA,native,Head,0.8720573,1.12874269,-0.0172146466
1.68333328,PlayerA,native,Chest,1.03582227,0.873955846,0.008165836
1.68333328,PlayerA,native,LeftHand,0.8960056,0.679893851,-0.133070588
1.68333328,PlayerA,native,RightHand,0.722266436,0.7247095,-0.130241379
1.68333328,PlayerA,native,LeftFoot,0.73938185,0.119888037,-0.413383543
1.68333328,PlayerA,native,RightFoot,1.19801557,0.119300947,0.4331422
1.68333328,PlayerA,fighter,AnimatorRoot,0.85,0,0
1.68333328,PlayerA,fighter,Hips,1.071598,0.660923243,0.028917402
1.68333328,PlayerA,fighter,Head,0.87445116,1.09288347,-0.0141894761
1.68333328,PlayerA,fighter,Chest,1.04233229,0.859261,0.0128562152
1.68333328,PlayerA,fighter,LeftHand,0.8968802,0.6805133,-0.133731768
1.68333328,PlayerA,fighter,RightHand,0.7226516,0.7278368,-0.127630368
1.68333328,PlayerA,fighter,LeftFoot,0.7393818,0.119888164,-0.413383454
1.68333328,PlayerA,fighter,RightFoot,1.19801545,0.119300939,0.433142245
1.68333328,PlayerB,actor,Root,-0.850000262,0,-2.026558E-07
1.68333328,PlayerB,driver,Root,-0.960262239,-0.043204587,-0.100205123
1.68333328,PlayerB,native,AnimatorRoot,-0.960262239,-0.043204587,-0.100205123
1.68333328,PlayerB,native,Hips,-0.875092745,0.6810783,-0.0519745573
1.68333328,PlayerB,native,Head,-1.05305839,1.11075282,-0.17321758
1.68333328,PlayerB,native,Chest,-0.9239481,0.8744121,-0.09029484
1.68333328,PlayerB,native,LeftHand,-0.997310758,0.79026,0.2667428
1.68333328,PlayerB,native,RightHand,-0.7898959,0.7948363,-0.286572337
1.68333328,PlayerB,native,LeftFoot,-1.19818115,0.211449936,0.135109708
1.68333328,PlayerB,native,RightFoot,-1.13589144,0.21304588,-0.433853626
1.68333328,PlayerB,fighter,AnimatorRoot,-0.850000262,0,-2.026558E-07
1.68333328,PlayerB,fighter,Hips,-0.875092745,0.681078255,-0.05197457
1.68333328,PlayerB,fighter,Head,-1.13365817,1.32878673,-0.2119815
1.68333328,PlayerB,fighter,Chest,-0.961935,0.9457689,-0.11186254
1.68333328,PlayerB,fighter,LeftHand,-0.9973107,0.790259957,0.266742975
1.68333328,PlayerB,fighter,RightHand,-0.7898958,0.7948361,-0.286572337
1.68333328,PlayerB,fighter,LeftFoot,-1.19818091,0.211450011,0.135109678
1.68333328,PlayerB,fighter,RightFoot,-1.13589144,0.21304597,-0.433853656
1.7,PlayerA,actor,Root,0.85,0,0
1.7,PlayerA,driver,Root,0.9583021,-0.100485675,0.0137282684
1.7,PlayerA,native,AnimatorRoot,0.9583021,-0.100485675,0.0137282684
1.7,PlayerA,native,Hips,1.07276618,0.662539542,0.0353440642
1.7,PlayerA,native,Head,0.8729336,1.12925565,-0.0220180135
1.7,PlayerA,native,Chest,1.03629422,0.875268757,0.012384966
1.7,PlayerA,native,LeftHand,0.893235743,0.673800051,-0.117198676
1.7,PlayerA,native,RightHand,0.718331158,0.7230703,-0.127492443
1.7,PlayerA,native,LeftFoot,0.751540542,0.118774645,-0.411937416
1.7,PlayerA,native,RightFoot,1.19801235,0.119265728,0.433147818
1.7,PlayerA,fighter,AnimatorRoot,0.85,0,0
1.7,PlayerA,fighter,Hips,1.0727663,0.662539542,0.0353440642
1.7,PlayerA,fighter,Head,0.8756069,1.09355843,-0.0189857055
1.7,PlayerA,fighter,Chest,1.04282057,0.860611558,0.0169469118
1.7,PlayerA,fighter,LeftHand,0.894144,0.674347937,-0.117905661
1.7,PlayerA,fighter,RightHand,0.71876353,0.7262111,-0.124904744
1.7,PlayerA,fighter,LeftFoot,0.7515404,0.118774705,-0.411937356
1.7,PlayerA,fighter,RightFoot,1.19801235,0.119265936,0.433147818
1.7,PlayerB,actor,Root,-0.850000262,0,-2.026558E-07
1.7,PlayerB,driver,Root,-0.9615005,-0.0474334434,-0.102617487
1.7,PlayerB,native,AnimatorRoot,-0.9615005,-0.0474334434,-0.102617487
1.7,PlayerB,native,Hips,-0.8754789,0.676364362,-0.0554110631
1.7,PlayerB,native,Head,-1.0566597,1.10525167,-0.1740013
1.7,PlayerB,native,Chest,-0.9252504,0.869673848,-0.0925324
1.7,PlayerB,native,LeftHand,-0.9976262,0.7853152,0.265282243
1.7,PlayerB,native,RightHand,-0.7919897,0.8016122,-0.28727752
1.7,PlayerB,native,LeftFoot,-1.197741,0.211914569,0.133857444
1.7,PlayerB,native,RightFoot,-1.13923359,0.214718938,-0.437106729
1.7,PlayerB,fighter,AnimatorRoot,-0.850000262,0,-2.026558E-07
1.7,PlayerB,fighter,Hips,-0.8754789,0.6763643,-0.05541107
1.7,PlayerB,fighter,Head,-1.13648248,1.32381177,-0.211784065
1.7,PlayerB,fighter,Chest,-0.9637509,0.94094485,-0.113610148
1.7,PlayerB,fighter,LeftHand,-0.997626066,0.7853152,0.265282333
1.7,PlayerB,fighter,RightHand,-0.7919896,0.801612,-0.28727755
1.7,PlayerB,fighter,LeftFoot,-1.197741,0.211914763,0.1338574
1.7,PlayerB,fighter,RightFoot,-1.13923359,0.214719117,-0.437106669
1.7166667,PlayerA,actor,Root,0.85,0,0
1.7166667,PlayerA,driver,Root,0.9605461,-0.09836788,0.0153953135
1.7166667,PlayerA,native,AnimatorRoot,0.9605461,-0.09836788,0.0153953135
1.7166667,PlayerA,native,Hips,1.07368386,0.664999068,0.0404318124
1.7166667,PlayerA,native,Head,0.8764874,1.13244987,-0.0238878913
1.7166667,PlayerA,native,Chest,1.03733742,0.8777013,0.01623696
1.7166667,PlayerA,native,LeftHand,0.8915694,0.6717744,-0.105849743
1.7166667,PlayerA,native,RightHand,0.717198551,0.7245984,-0.124581531
1.7166667,PlayerA,native,LeftFoot,0.763950467,0.118163668,-0.409854531
1.7166667,PlayerA,native,RightFoot,1.19802666,0.119275264,0.433135033
1.7166667,PlayerA,fighter,AnimatorRoot,0.85,0,0
1.7166667,PlayerA,fighter,Hips,1.073684,0.664999068,0.0404318273
1.7166667,PlayerA,fighter,Head,0.879288554,1.09690559,-0.0209749229
1.7166667,PlayerA,fighter,Chest,1.04393232,0.863054,0.0206711739
1.7166667,PlayerA,fighter,LeftHand,0.89250505,0.6722514,-0.106599562
1.7166667,PlayerA,fighter,RightHand,0.7176676,0.727737963,-0.121998958
1.7166667,PlayerA,fighter,LeftFoot,0.7639505,0.118163824,-0.409854472
1.7166667,PlayerA,fighter,RightFoot,1.19802678,0.119275331,0.433135033
1.7166667,PlayerB,actor,Root,-0.850000262,0,-2.026558E-07
1.7166667,PlayerB,driver,Root,-0.9622207,-0.0529125258,-0.104599
1.7166667,PlayerB,native,AnimatorRoot,-0.9622207,-0.0529125258,-0.104599
1.7166667,PlayerB,native,Hips,-0.8756848,0.67035073,-0.05853013
1.7166667,PlayerB,native,Head,-1.05972981,1.09856522,-0.174361244
1.7166667,PlayerB,native,Chest,-0.9261191,0.863681,-0.09448504
1.7166667,PlayerB,native,LeftHand,-0.9976146,0.7777465,0.263027728
1.7166667,PlayerB,native,RightHand,-0.794155,0.8036785,-0.287802041
1.7166667,PlayerB,native,LeftFoot,-1.197467,0.212158829,0.1330498
1.7166667,PlayerB,native,RightFoot,-1.14105,0.216289252,-0.43919006
1.7166667,PlayerB,fighter,AnimatorRoot,-0.850000262,0,-2.026558E-07
1.7166667,PlayerB,fighter,Hips,-0.8756848,0.6703507,-0.0585301444
1.7166667,PlayerB,fighter,Head,-1.139663,1.31734478,-0.21109274
1.7166667,PlayerB,fighter,Chest,-0.9650618,0.9349059,-0.1150626
1.7166667,PlayerB,fighter,LeftHand,-0.9976146,0.777746439,0.263028
1.7166667,PlayerB,fighter,RightHand,-0.794154942,0.803678334,-0.28780207
1.7166667,PlayerB,fighter,LeftFoot,-1.197467,0.212158814,0.133049741
1.7166667,PlayerB,fighter,RightFoot,-1.14104986,0.2162892,-0.43919003
1.7283951,PlayerA,actor,Root,0.85,0,0
1.7283951,PlayerA,driver,Root,0.9624242,-0.0962016,0.0166630149
1.7283951,PlayerA,native,AnimatorRoot,0.9624242,-0.0962016,0.0166630149
1.7283951,PlayerA,native,Hips,1.074116,0.667182148,0.0432972461
1.7283951,PlayerA,native,Head,0.879981458,1.13597822,-0.0239684172
1.7283951,PlayerA,native,Chest,1.03819335,0.8799909,0.0186795443
1.7283951,PlayerA,native,LeftHand,0.890678644,0.672015,-0.09984295
1.7283951,PlayerA,native,RightHand,0.7173997,0.7271082,-0.122428641
1.7283951,PlayerA,native,LeftFoot,0.7729755,0.117875665,-0.40812552
1.7283951,PlayerA,native,RightFoot,1.197999,0.119258508,0.43314302
1.7283951,PlayerA,fighter,AnimatorRoot,0.85,0,0
1.7283951,PlayerA,fighter,Hips,1.074116,0.667182148,0.04329726
1.7283951,PlayerA,fighter,Head,0.882801,1.10053587,-0.0211857185
1.7283951,PlayerA,fighter,Chest,1.04485774,0.865339,0.0230239332
1.7283951,PlayerA,fighter,LeftHand,0.891629755,0.672442436,-0.100622758
1.7283951,PlayerA,fighter,RightHand,0.717894137,0.7302374,-0.119838379
1.7283951,PlayerA,fighter,LeftFoot,0.772975564,0.117875479,-0.408125758
1.7283951,PlayerA,fighter,RightFoot,1.197999,0.1192585,0.433143049
1.7283951,PlayerB,actor,Root,-0.850000262,0,-2.026558E-07
1.7283951,PlayerB,driver,Root,-0.9625098,-0.05742932,-0.10575626
1.7283951,PlayerB,native,AnimatorRoot,-0.9625098,-0.05742932,-0.10575626
1.7283951,PlayerB,native,Hips,-0.8756918,0.665529966,-0.0604945049
1.7283951,PlayerB,native,Head,-1.06159425,1.0933038,-0.174367622
1.7283951,PlayerB,native,Chest,-0.9264536,0.8588942,-0.09567996
1.7283951,PlayerB,native,LeftHand,-0.998042,0.7709976,0.260990024
1.7283951,PlayerB,native,RightHand,-0.795379162,0.8023453,-0.288417727
1.7283951,PlayerB,native,LeftFoot,-1.197221,0.211782783,0.132516384
1.7283951,PlayerB,native,RightFoot,-1.141809,0.216609687,-0.439898223
1.7283951,PlayerB,fighter,AnimatorRoot,-0.850000262,0,-2.026558E-07
1.7283951,PlayerB,fighter,Hips,-0.8756918,0.6655299,-0.0604945123
1.7283951,PlayerB,fighter,Head,-1.14219332,1.31202888,-0.210370362
1.7283951,PlayerB,fighter,Chest,-0.965672,0.930104733,-0.115909092
1.7283951,PlayerB,fighter,LeftHand,-0.9980419,0.770997465,0.260990232
1.7283951,PlayerB,fighter,RightHand,-0.7953793,0.8023451,-0.2884176
1.7283951,PlayerB,fighter,LeftFoot,-1.19722128,0.2117828,0.132516325
1.7283951,PlayerB,fighter,RightFoot,-1.14180911,0.216609553,-0.439898282
1.73333335,PlayerA,actor,Root,0.85,0,0
1.73333335,PlayerA,driver,Root,0.963158548,-0.09518702,0.0171696469
1.73333335,PlayerA,native,AnimatorRoot,0.963158548,-0.09518702,0.0171696469
1.73333335,PlayerA,native,Hips,1.07419181,0.66820246,0.04436925
1.73333335,PlayerA,native,Head,0.8814068,1.1376133,-0.0239302963
1.73333335,PlayerA,native,Chest,1.03845727,0.881063938,0.0196219385
1.73333335,PlayerA,native,LeftHand,0.890214741,0.672295,-0.0974123
1.73333335,PlayerA,native,RightHand,0.717440069,0.728321552,-0.121521384
1.73333335,PlayerA,native,LeftFoot,0.7768932,0.117784411,-0.4073498
1.73333335,PlayerA,native,RightFoot,1.19801247,0.119265229,0.43314755
1.73333335,PlayerA,fighter,AnimatorRoot,0.85,0,0
1.73333335,PlayerA,fighter,Hips,1.07419181,0.66820246,0.04436925
1.73333335,PlayerA,fighter,Head,0.884226441,1.10221183,-0.02120252
1.73333335,PlayerA,fighter,Chest,1.04515266,0.8664091,0.0239271373
1.73333335,PlayerA,fighter,LeftHand,0.8911713,0.6727009,-0.09820491
1.73333335,PlayerA,fighter,RightHand,0.7179455,0.731445,-0.118926316
1.73333335,PlayerA,fighter,LeftFoot,0.776893139,0.117784552,-0.4073497
1.73333335,PlayerA,fighter,RightFoot,1.19801247,0.119265079,0.433147579
1.73333335,PlayerB,actor,Root,-0.850000262,0,-2.026558E-07
1.73333335,PlayerB,driver,Root,-0.962601542,-0.05948776,-0.106181689
1.73333335,PlayerB,native,AnimatorRoot,-0.962601542,-0.05948776,-0.106181689
1.73333335,PlayerB,native,Hips,-0.8756423,0.6634033,-0.0612395257
1.73333335,PlayerB,native,Head,-1.06228888,1.09099412,-0.174302921
1.73333335,PlayerB,native,Chest,-0.9265039,0.8567853,-0.0961277857
1.73333335,PlayerB,native,LeftHand,-0.998574138,0.7678085,0.2599986
1.73333335,PlayerB,native,RightHand,-0.7957236,0.801014841,-0.288850039
1.73333335,PlayerB,native,LeftFoot,-1.19705272,0.211304873,0.132221133
1.73333335,PlayerB,native,RightFoot,-1.14215684,0.216217488,-0.439973772
1.73333335,PlayerB,fighter,AnimatorRoot,-0.850000262,0,-2.026558E-07
1.73333335,PlayerB,fighter,Hips,-0.8756423,0.6634032,-0.0612395331
1.73333335,PlayerB,fighter,Head,-1.1433506,1.30963,-0.210004061
1.73333335,PlayerB,fighter,Chest,-0.965828955,0.927993536,-0.116215162
1.73333335,PlayerB,fighter,LeftHand,-0.9985741,0.767808259,0.259998739
1.73333335,PlayerB,fighter,RightHand,-0.7957235,0.801014662,-0.28884995
1.73333335,PlayerB,fighter,LeftFoot,-1.19705272,0.211304858,0.132221088
1.73333335,PlayerB,fighter,RightFoot,-1.14215672,0.2162174,-0.4399738
1.75,PlayerA,actor,Root,0.85,0,0
1.75,PlayerA,driver,Root,0.9654815,-0.09120629,0.0188092366
1.75,PlayerA,native,AnimatorRoot,0.9654815,-0.09120629,0.0188092366
1.75,PlayerA,native,Hips,1.07400441,0.6721039,0.04731311
1.75,PlayerA,native,Head,0.886322439,1.14398324,-0.0232837237
1.75,PlayerA,native,Chest,1.0390507,0.885206044,0.0224013031
1.75,PlayerA,native,LeftHand,0.888363063,0.674196541,-0.09001517
1.75,PlayerA,native,RightHand,0.7174359,0.733209252,-0.117842384
1.75,PlayerA,native,LeftFoot,0.791016936,0.117760248,-0.404361427
1.75,PlayerA,native,RightFoot,1.19802511,0.119277604,0.4331494
1.75,PlayerA,fighter,AnimatorRoot,0.85,0,0
1.75,PlayerA,fighter,Hips,1.07400441,0.6721039,0.0473131239
1.75,PlayerA,fighter,Head,0.889123559,1.10872078,-0.0207782015
1.75,PlayerA,fighter,Chest,1.0458734,0.8705347,0.0265544951
1.75,PlayerA,fighter,LeftHand,0.8893341,0.6745283,-0.0908515
1.75,PlayerA,fighter,RightHand,0.717981458,0.736310661,-0.1152288
1.75,PlayerA,fighter,LeftFoot,0.791016936,0.11776004,-0.404361635
1.75,PlayerA,fighter,RightFoot,1.19802511,0.119277529,0.433149427
1.75,PlayerB,actor,Root,-0.850000262,0,-2.026558E-07
1.75,PlayerB,driver,Root,-0.962721348,-0.0670917,-0.107310921
1.75,PlayerB,native,AnimatorRoot,-0.962721348,-0.0670917,-0.107310921
1.75,PlayerB,native,Hips,-0.8752788,0.6557796,-0.0633904859
1.75,PlayerB,native,Head,-1.0642072,1.0828,-0.173757985
1.75,PlayerB,native,Chest,-0.926290154,0.849245548,-0.09737902
1.75,PlayerB,native,LeftHand,-1.00145364,0.755457163,0.255868137
1.75,PlayerB,native,RightHand,-0.796142459,0.7931388,-0.290873677
1.75,PlayerB,native,LeftFoot,-1.19631958,0.208502233,0.13110812
1.75,PlayerB,native,RightFoot,-1.14315534,0.213023156,-0.439257532
1.75,PlayerB,fighter,AnimatorRoot,-0.850000262,0,-2.026558E-07
1.75,PlayerB,fighter,Hips,-0.8752788,0.655779541,-0.0633905
1.75,PlayerB,fighter,Head,-1.14762974,1.30083382,-0.20843038
1.75,PlayerB,fighter,Chest,-0.9659253,0.920470834,-0.117004871
1.75,PlayerB,fighter,LeftHand,-1.00145364,0.755457044,0.255868435
1.75,PlayerB,fighter,RightHand,-0.7961424,0.793138742,-0.2908735
1.75,PlayerB,fighter,LeftFoot,-1.19631934,0.208502263,0.13110815
1.75,PlayerB,fighter,RightFoot,-1.14315534,0.213023111,-0.4392575
1.76666665,PlayerA,actor,Root,0.85,0,0
1.76666665,PlayerA,driver,Root,0.9677283,-0.0865089,0.020358108
1.76666665,PlayerA,native,AnimatorRoot,0.9677283,-0.0865089,0.020358108
1.76666665,PlayerA,native,Hips,1.07331514,0.676600456,0.04931277
1.76666665,PlayerA,native,Head,0.8916958,1.15158057,-0.02181777
1.76666665,PlayerA,native,Chest,1.0394038,0.890042663,0.0246377885
1.76666665,PlayerA,native,LeftHand,0.886407137,0.6774572,-0.08413005
1.76666665,PlayerA,native,RightHand,0.7175956,0.739205837,-0.1132117
1.76666665,PlayerA,native,LeftFoot,0.8046461,0.117955819,-0.401076019
1.76666665,PlayerA,native,RightFoot,1.19801235,0.119265348,0.4331481
1.76666665,PlayerA,fighter,AnimatorRoot,0.85,0,0
1.76666665,PlayerA,fighter,Hips,1.07331514,0.676600456,0.0493127853
1.76666665,PlayerA,fighter,Head,0.894443631,1.11645985,-0.0195974559
1.76666665,PlayerA,fighter,Chest,1.04638588,0.8753439,0.0286126137
1.76666665,PlayerA,fighter,LeftHand,0.887384832,0.677713,-0.08501188
1.76666665,PlayerA,fighter,RightHand,0.7181832,0.7422834,-0.110579379
1.76666665,PlayerA,fighter,LeftFoot,0.8046461,0.117955782,-0.401076049
1.76666665,PlayerA,fighter,RightFoot,1.19801247,0.119265318,0.4331481
1.76666665,PlayerB,actor,Root,-0.850000262,0,-2.026558E-07
1.76666665,PlayerB,driver,Root,-0.962666333,-0.0758353,-0.108106
1.76666665,PlayerB,native,AnimatorRoot,-0.962666333,-0.0758353,-0.108106
1.76666665,PlayerB,native,Hips,-0.8745625,0.6473674,-0.065079
1.76666665,PlayerB,native,Head,-1.06563735,1.0737834,-0.172829732
1.76666665,PlayerB,native,Chest,-0.925523162,0.840933,-0.09832259
1.76666665,PlayerB,native,LeftHand,-1.00648963,0.740936041,0.25096494
1.76666665,PlayerB,native,RightHand,-0.79550606,0.7805486,-0.294272125
1.76666665,PlayerB,native,LeftFoot,-1.19518757,0.203752771,0.12958844
1.76666665,PlayerB,native,RightFoot,-1.14449084,0.206587866,-0.437463582
1.76666665,PlayerB,fighter,AnimatorRoot,-0.850000262,0,-2.026558E-07
1.76666665,PlayerB,fighter,Hips,-0.8745625,0.647367358,-0.06507901
1.76666665,PlayerB,fighter,Head,-1.152488,1.29074192,-0.206536055
1.76666665,PlayerB,fighter,Chest,-0.965429068,0.912193656,-0.117516294
1.76666665,PlayerB,fighter,LeftHand,-1.00648963,0.7409359,0.250965178
1.76666665,PlayerB,fighter,RightHand,-0.795505941,0.780548453,-0.294272065
1.76666665,PlayerB,fighter,LeftFoot,-1.19518757,0.203752652,0.1295885
1.76666665,PlayerB,fighter,RightFoot,-1.14449084,0.206587955,-0.437463582
1.7833333,PlayerA,actor,Root,0.85,0,0
1.7833333,PlayerA,driver,Root,0.9698924,-0.08123152,0.0217896253
1.7833333,PlayerA,native,AnimatorRoot,0.9698924,-0.08123152,0.0217896253
1.7833333,PlayerA,native,Hips,1.07215619,0.6816538,0.0505065322
1.7833333,PlayerA,native,Head,0.8974073,1.160214,-0.0196479559
1.7833333,PlayerA,native,Chest,1.03948832,0.895512342,0.0264263451
1.7833333,PlayerA,native,LeftHand,0.8844314,0.6818288,-0.07963407
1.7833333,PlayerA,native,RightHand,0.71812737,0.746216357,-0.108253561
1.7833333,PlayerA,native,LeftFoot,0.816970468,0.11821644,-0.3980377
1.7833333,PlayerA,native,RightFoot,1.19801891,0.119270489,0.43314746
1.7833333,PlayerA,fighter,AnimatorRoot,0.85,0,0
1.7833333,PlayerA,fighter,Hips,1.07215619,0.6816538,0.0505065471
1.7833333,PlayerA,fighter,Head,0.9000528,1.12523293,-0.017742388
1.7833333,PlayerA,fighter,Chest,1.04664791,0.8807764,0.0302092284
1.7833333,PlayerA,fighter,LeftHand,0.8854075,0.6820082,-0.08056259
1.7833333,PlayerA,fighter,RightHand,0.718759537,0.7492631,-0.105595514
1.7833333,PlayerA,fighter,LeftFoot,0.816970468,0.11821647,-0.398037553
1.7833333,PlayerA,fighter,RightFoot,1.19801879,0.119270466,0.43314752
1.7833333,PlayerB,actor,Root,-0.850000262,0,-2.026558E-07
1.7833333,PlayerB,driver,Root,-0.962608039,-0.08563084,-0.108656205
1.7833333,PlayerB,native,AnimatorRoot,-0.962608039,-0.08563084,-0.108656205
1.7833333,PlayerB,native,Hips,-0.873418152,0.6383872,-0.06629784
1.7833333,PlayerB,native,Head,-1.06668019,1.064057,-0.1715811
1.7833333,PlayerB,native,Chest,-0.9241907,0.8320453,-0.09898683
1.7833333,PlayerB,native,LeftHand,-1.01467657,0.724583149,0.2452702
1.7833333,PlayerB,native,RightHand,-0.793939352,0.763605535,-0.2998755
1.7833333,PlayerB,native,LeftFoot,-1.1934005,0.196466982,0.127295151
1.7833333,PlayerB,native,RightFoot,-1.14707708,0.1958366,-0.4346844
1.7833333,PlayerB,fighter,AnimatorRoot,-0.850000262,0,-2.026558E-07
1.7833333,PlayerB,fighter,Hips,-0.873418152,0.638387144,-0.0662978441
1.7833333,PlayerB,fighter,Head,-1.15800047,1.27938354,-0.20441398
1.7833333,PlayerB,fighter,Chest,-0.964357734,0.9033426,-0.117793195
1.7833333,PlayerB,fighter,LeftHand,-1.01467645,0.72458297,0.245270327
1.7833333,PlayerB,fighter,RightHand,-0.793939352,0.763605356,-0.299875379
1.7833333,PlayerB,fighter,LeftFoot,-1.1934005,0.196466908,0.127295166
1.7833333,PlayerB,fighter,RightFoot,-1.14707708,0.195836633,-0.4346845
1.8,PlayerA,actor,Root,0.85,0,0
1.8,PlayerA,driver,Root,0.9719753,-0.07547707,0.0230737478
1.8,PlayerA,native,AnimatorRoot,0.9719753,-0.07547707,0.0230737478
1.8,PlayerA,native,Hips,1.07059669,0.6871867,0.05099097
1.8,PlayerA,native,Head,0.903486133,1.16968155,-0.0169447064
1.8,PlayerA,native,Chest,1.03936124,0.901519537,0.027803719
1.8,PlayerA,native,LeftHand,0.8824397,0.6871026,-0.07641064
1.8,PlayerA,native,RightHand,0.7190346,0.7540301,-0.102977939
1.8,PlayerA,native,LeftFoot,0.8270102,0.118579738,-0.395537525
1.8,PlayerA,native,RightFoot,1.19801307,0.119264983,0.433148026
1.8,PlayerA,fighter,AnimatorRoot,0.85,0,0
1.8,PlayerA,fighter,Hips,1.07059669,0.6871867,0.0509909838
1.8,PlayerA,fighter,Head,0.9059883,1.13484144,-0.0153792836
1.8,PlayerA,fighter,Chest,1.04671431,0.886737347,0.03137949
1.8,PlayerA,fighter,LeftHand,0.883405447,0.687205434,-0.07738739
1.8,PlayerA,fighter,RightHand,0.7197145,0.7570403,-0.100290351
1.8,PlayerA,fighter,LeftFoot,0.8270103,0.118579723,-0.395537555
1.8,PlayerA,fighter,RightFoot,1.19801307,0.119264893,0.433147967
1.8,PlayerB,actor,Root,-0.850000262,0,-2.026558E-07
1.8,PlayerB,driver,Root,-0.9623687,-0.0970066,-0.108996943
1.8,PlayerB,native,AnimatorRoot,-0.9623687,-0.0970066,-0.108996943
1.8,PlayerB,native,Hips,-0.8718535,0.628034353,-0.06718279
1.8,PlayerB,native,Head,-1.06729984,1.05285752,-0.170037135
1.8,PlayerB,native,Chest,-0.9222982,0.821791947,-0.09942667
1.8,PlayerB,native,LeftHand,-1.02472591,0.7060202,0.2389076
1.8,PlayerB,native,RightHand,-0.792144954,0.7422384,-0.30736208
1.8,PlayerB,native,LeftFoot,-1.19123745,0.187510133,0.124547429
1.8,PlayerB,native,RightFoot,-1.15039372,0.182274818,-0.4311314
1.8,PlayerB,fighter,AnimatorRoot,-0.850000262,0,-2.026558E-07
1.8,PlayerB,fighter,Hips,-0.8718535,0.6280343,-0.0671827942
1.8,PlayerB,fighter,Head,-1.16387582,1.26600254,-0.202023387
1.8,PlayerB,fighter,Chest,-0.9627152,0.893135667,-0.117868267
1.8,PlayerB,fighter,LeftHand,-1.02472579,0.70602,0.238907784
1.8,PlayerB,fighter,RightHand,-0.792144835,0.742238343,-0.30736208
1.8,PlayerB,fighter,LeftFoot,-1.19123745,0.187510133,0.124547489
1.8,PlayerB,fighter,RightFoot,-1.15039372,0.182274818,-0.431131423
1.81666672,PlayerA,actor,Root,0.85,0,0
1.81666672,PlayerA,driver,Root,0.9739465,-0.0693837255,0.0242048651
1.81666672,PlayerA,native,AnimatorRoot,0.9739465,-0.0693837255,0.0242048651
1.81666672,PlayerA,native,Hips,1.06869459,0.6931248,0.05086118
1.81666672,PlayerA,native,Head,0.9099443,1.17977786,-0.0138843134
1.81666672,PlayerA,native,Chest,1.03906488,0.9079699,0.0288024545
1.81666672,PlayerA,native,LeftHand,0.880433,0.693089664,-0.07433069
1.81666672,PlayerA,native,RightHand,0.720327735,0.762407959,-0.09735112
1.81666672,PlayerA,native,LeftFoot,0.832980752,0.118859991,-0.394026518
1.81666672,PlayerA,native,RightFoot,1.19802046,0.1192628,0.433150649
1.81666672,PlayerA,fighter,AnimatorRoot,0.85,0,0
1.81666672,PlayerA,fighter,Hips,1.06869459,0.6931248,0.0508611947
1.81666672,PlayerA,fighter,Head,0.912272,1.1450814,-0.0126826316
1.81666672,PlayerA,fighter,Chest,1.04662538,0.8931326,0.0321535021
1.81666672,PlayerA,fighter,LeftHand,0.8813794,0.693116248,-0.0753562748
1.81666672,PlayerA,fighter,RightHand,0.72105813,0.76537776,-0.09463256
1.81666672,PlayerA,fighter,LeftFoot,0.8329807,0.118860058,-0.3940265
1.81666672,PlayerA,fighter,RightFoot,1.19802034,0.119262747,0.433150679
1.81666672,PlayerB,actor,Root,-0.850000262,0,-2.026558E-07
1.81666672,PlayerB,driver,Root,-0.9618545,-0.110320978,-0.10918209
1.81666672,PlayerB,native,AnimatorRoot,-0.9618545,-0.110320978,-0.10918209
1.81666672,PlayerB,native,Hips,-0.8698695,0.615776837,-0.067842
1.81666672,PlayerB,native,Head,-1.06750679,1.03965521,-0.168241382
1.81666672,PlayerB,native,Chest,-0.9198597,0.809644461,-0.0996995345
1.81666672,PlayerB,native,LeftHand,-1.03606057,0.685105145,0.232113928
1.81666672,PlayerB,native,RightHand,-0.7907948,0.716538131,-0.316671729
1.81666672,PlayerB,native,LeftFoot,-1.18877423,0.1774528,0.121600516
1.81666672,PlayerB,native,RightFoot,-1.15412951,0.166751355,-0.4271507
1.81666672,PlayerB,fighter,AnimatorRoot,-0.850000262,0,-2.026558E-07
1.81666672,PlayerB,fighter,Hips,-0.8698695,0.615776837,-0.06784201
1.81666672,PlayerB,fighter,Head,-1.16991293,1.25006,-0.199391335
1.81666672,PlayerB,fighter,Chest,-0.9605211,0.8810463,-0.117787369
1.81666672,PlayerB,fighter,LeftHand,-1.03606045,0.6851051,0.232113883
1.81666672,PlayerB,fighter,RightHand,-0.7907948,0.7165382,-0.31667164
1.81666672,PlayerB,fighter,LeftFoot,-1.18877423,0.1774529,0.121600486
1.81666672,PlayerB,fighter,RightFoot,-1.15412951,0.16675131,-0.4271508
1.83333337,PlayerA,actor,Root,0.85,0,0
1.83333337,PlayerA,driver,Root,0.975896239,-0.06298162,0.02508305
1.83333337,PlayerA,native,AnimatorRoot,0.975896239,-0.06298162,0.02508305
1.83333337,PlayerA,native,Hips,1.06649685,0.6994142,0.05022016
1.83333337,PlayerA,native,Head,0.9167726,1.1903199,-0.0106184855
1.83333337,PlayerA,native,Chest,1.03862727,0.914791048,0.0294715017
1.83333337,PlayerA,native,LeftHand,0.8783705,0.6996526,-0.07326695
1.83333337,PlayerA,native,RightHand,0.7220288,0.7712058,-0.09154065
1.83333337,PlayerA,native,LeftFoot,0.836195767,0.118945152,-0.393153459
1.83333337,PlayerA,native,RightFoot,1.19801319,0.119264439,0.433148384
1.83333337,PlayerA,fighter,AnimatorRoot,0.85,0,0
1.83333337,PlayerA,fighter,Hips,1.06649685,0.6994142,0.0502201766
1.83333337,PlayerA,fighter,Head,0.9188983,1.1557703,-0.009795137
1.83333337,PlayerA,fighter,Chest,1.0464052,0.8998901,0.03258142
1.83333337,PlayerA,fighter,LeftHand,0.8792891,0.6996041,-0.0743418261
1.83333337,PlayerA,fighter,RightHand,0.722812653,0.7741317,-0.08878905
1.83333337,PlayerA,fighter,LeftFoot,0.836195767,0.118945219,-0.393153369
1.83333337,PlayerA,fighter,RightFoot,1.19801331,0.119264506,0.433148384
1.83333337,PlayerB,actor,Root,-0.850000262,0,-2.026558E-07
1.83333337,PlayerB,driver,Root,-0.960985065,-0.125996217,-0.109245583
1.83333337,PlayerB,native,AnimatorRoot,-0.960985065,-0.125996217,-0.109245583
1.83333337,PlayerB,native,Hips,-0.867442966,0.6010495,-0.0683702
1.83333337,PlayerB,native,Head,-1.06728649,1.02388787,-0.166219279
1.83333337,PlayerB,native,Chest,-0.9168651,0.7950414,-0.09984675
1.83333337,PlayerB,native,LeftHand,-1.04795718,0.661399066,0.224946782
1.83333337,PlayerB,native,RightHand,-0.790507853,0.6866102,-0.3276172
1.83333337,PlayerB,native,LeftFoot,-1.18621814,0.1667548,0.118550487
1.83333337,PlayerB,native,RightFoot,-1.15821767,0.150147274,-0.422773629
1.83333337,PlayerB,fighter,AnimatorRoot,-0.850000262,0,-2.026558E-07
1.83333337,PlayerB,fighter,Hips,-0.867442966,0.6010494,-0.06837021
1.83333337,PlayerB,fighter,Head,-1.17589557,1.23100865,-0.1964738
1.83333337,PlayerB,fighter,Chest,-0.9577707,0.8665146,-0.117578179
1.83333337,PlayerB,fighter,LeftHand,-1.04795706,0.661399245,0.224946842
1.83333337,PlayerB,fighter,RightHand,-0.7905077,0.6866101,-0.327617168
1.83333337,PlayerB,fighter,LeftFoot,-1.186218,0.166754857,0.118550576
1.83333337,PlayerB,fighter,RightFoot,-1.15821767,0.150147334,-0.422773629
1.85,PlayerA,actor,Root,0.85,0,0
1.85,PlayerA,driver,Root,0.977886438,-0.056317497,0.0255916268
1.85,PlayerA,native,AnimatorRoot,0.977886438,-0.056317497,0.0255916268
1.85,PlayerA,native,Hips,1.06407738,0.7059681,0.0491707176
1.85,PlayerA,native,Head,0.923975945,1.20109844,-0.007306628
1.85,PlayerA,native,Chest,1.038101,0.921877861,0.0298545361
1.85,PlayerA,native,LeftHand,0.8762372,0.7066336,-0.07306723
1.85,PlayerA,native,RightHand,0.724151,0.780219555,-0.08562713
1.85,PlayerA,native,LeftFoot,0.8367239,0.119008154,-0.393055975
1.85,PlayerA,native,RightFoot,1.19801891,0.119262666,0.4331537
1.85,PlayerA,fighter,AnimatorRoot,0.85,0,0
1.85,PlayerA,fighter,Hips,1.06407738,0.7059681,0.0491707325
1.85,PlayerA,fighter,Head,0.925878942,1.16669965,-0.00686933845
1.85,PlayerA,fighter,Chest,1.04610312,0.9069056,0.0327076167
1.85,PlayerA,fighter,LeftHand,0.8771197,0.706510246,-0.074191086
1.85,PlayerA,fighter,RightHand,0.724990845,0.7830986,-0.08284239
1.85,PlayerA,fighter,LeftFoot,0.836723864,0.119007967,-0.393056124
1.85,PlayerA,fighter,RightFoot,1.19801879,0.119262651,0.433153629
1.85,PlayerB,actor,Root,-0.850000262,0,-2.026558E-07
1.85,PlayerB,driver,Root,-0.9599876,-0.142274633,-0.10925407
1.85,PlayerB,native,AnimatorRoot,-0.9599876,-0.142274633,-0.10925407
1.85,PlayerB,native,Hips,-0.8649785,0.5856528,-0.06896708
1.85,PlayerB,native,Head,-1.067093,1.00739479,-0.16384761
1.85,PlayerB,native,Chest,-0.913743854,0.7797976,-0.09992424
1.85,PlayerB,native,LeftHand,-1.06009066,0.6368257,0.217792779
1.85,PlayerB,native,RightHand,-0.792382658,0.6550398,-0.340014845
1.85,PlayerB,native,LeftFoot,-1.18314981,0.156066164,0.115569927
1.85,PlayerB,native,RightFoot,-1.16187763,0.133430585,-0.418368936
1.85,PlayerB,fighter,AnimatorRoot,-0.850000262,0,-2.026558E-07
1.85,PlayerB,fighter,Hips,-0.8649785,0.585652769,-0.06896709
1.85,PlayerB,fighter,Head,-1.18208289,1.210734,-0.193013072
1.85,PlayerB,fighter,Chest,-0.954906046,0.851364434,-0.117236018
1.85,PlayerB,fighter,LeftHand,-1.06009066,0.6368256,0.217793018
1.85,PlayerB,fighter,RightHand,-0.7923825,0.6550398,-0.340014666
1.85,PlayerB,fighter,LeftFoot,-1.18314981,0.156066075,0.1155699
1.85,PlayerB,fighter,RightFoot,-1.16187763,0.133430541,-0.418369025
1.85185194,PlayerA,actor,Root,0.85,0,0
1.85185194,PlayerA,driver,Root,0.978110433,-0.05556197,0.0256278589
1.85185194,PlayerA,native,AnimatorRoot,0.978110433,-0.05556197,0.0256278589
1.85185194,PlayerA,native,Hips,1.06379414,0.7067128,0.0490311831
1.85185194,PlayerA,native,Head,0.9247998,1.20230842,-0.00693608075
1.85185194,PlayerA,native,Chest,1.0380367,0.922681451,0.0298814923
1.85185194,PlayerA,native,LeftHand,0.8759933,0.707434654,-0.07309894
1.85185194,PlayerA,native,RightHand,0.724414468,0.7812347,-0.08496835
1.85185194,PlayerA,native,LeftFoot,0.83664906,0.119018048,-0.393088043
1.85185194,PlayerA,native,RightFoot,1.19801891,0.1192632,0.433154047
1.85185194,PlayerA,fighter,AnimatorRoot,0.85,0,0
1.85185194,PlayerA,fighter,Hips,1.06379414,0.7067128,0.049031198
1.85185194,PlayerA,fighter,Head,0.926676333,1.16792643,-0.00654223561
1.85185194,PlayerA,fighter,Chest,1.04606378,0.9077007,0.03270495
1.85185194,PlayerA,fighter,LeftHand,0.8768712,0.707303345,-0.0742282
1.85185194,PlayerA,fighter,RightHand,0.7252606,0.7841076,-0.08217983
1.85185194,PlayerA,fighter,LeftFoot,0.8366492,0.119017839,-0.393088222
1.85185194,PlayerA,fighter,RightFoot,1.19801879,0.119263172,0.433154017
1.85185194,PlayerB,actor,Root,-0.850000262,0,-2.026558E-07
1.85185194,PlayerB,driver,Root,-0.9598449,-0.1442867,-0.109249845
1.85185194,PlayerB,native,AnimatorRoot,-0.9598449,-0.1442867,-0.109249845
1.85185194,PlayerB,native,Hips,-0.86467135,0.583721161,-0.0690314546
1.85185194,PlayerB,native,Head,-1.06703854,1.0053345,-0.163575038
1.85185194,PlayerB,native,Chest,-0.9133573,0.7778837,-0.09992902
1.85185194,PlayerB,native,LeftHand,-1.06143379,0.6338646,0.21698828
1.85185194,PlayerB,native,RightHand,-0.792702436,0.6512584,-0.341470957
1.85185194,PlayerB,native,LeftFoot,-1.18281722,0.154875442,0.115249164
1.85185194,PlayerB,native,RightFoot,-1.1622957,0.13156046,-0.4178759
1.85185194,PlayerB,fighter,AnimatorRoot,-0.850000262,0,-2.026558E-07
1.85185194,PlayerB,fighter,Hips,-0.86467135,0.5837211,-0.06903147
1.85185194,PlayerB,fighter,Head,-1.1827445,1.2082212,-0.1926144
1.85185194,PlayerB,fighter,Chest,-0.9545482,0.849461854,-0.117193781
1.85185194,PlayerB,fighter,LeftHand,-1.06143379,0.6338645,0.2169887
1.85185194,PlayerB,fighter,RightHand,-0.7927024,0.651258349,-0.3414709
1.85185194,PlayerB,fighter,LeftFoot,-1.18281722,0.154875368,0.115249284
1.85185194,PlayerB,fighter,RightFoot,-1.1622957,0.1315603,-0.417875856
1.86666667,PlayerA,actor,Root,0.85,0,0
1.86666667,PlayerA,driver,Root,0.979971945,-0.04947918,0.0257752985
1.86666667,PlayerA,native,AnimatorRoot,0.979971945,-0.04947918,0.0257752985
1.86666667,PlayerA,native,Hips,1.061476,0.712735534,0.0478167832
1.86666667,PlayerA,native,Head,0.931511641,1.211956,-0.00407625
1.86666667,PlayerA,native,Chest,1.0375042,0.929164231,0.0300066769
1.86666667,PlayerA,native,LeftHand,0.8739837,0.713926852,-0.073592186
1.86666667,PlayerA,native,RightHand,0.726655364,0.7893389,-0.07973445
1.86666667,PlayerA,native,LeftFoot,0.8361961,0.11894504,-0.393153518
1.86666667,PlayerA,native,RightFoot,1.19801366,0.119263776,0.433148831
1.86666667,PlayerA,fighter,AnimatorRoot,0.85,0,0
1.86666667,PlayerA,fighter,Hips,1.061476,0.7127356,0.0478167981
1.86666667,PlayerA,fighter,Head,0.933176339,1.17771041,-0.00402726233
1.86666667,PlayerA,fighter,Chest,1.04573369,0.9141135,0.0325880945
1.86666667,PlayerA,fighter,LeftHand,0.8748217,0.7137303,-0.07476334
1.86666667,PlayerA,fighter,RightHand,0.7275535,0.7921676,-0.07691686
1.86666667,PlayerA,fighter,LeftFoot,0.836196,0.118945122,-0.3931535
1.86666667,PlayerA,fighter,RightFoot,1.19801354,0.119263746,0.4331488
1.86666667,PlayerB,actor,Root,-0.850000262,0,-2.026558E-07
1.86666667,PlayerB,driver,Root,-0.957845449,-0.16605632,-0.109163329
1.86666667,PlayerB,native,AnimatorRoot,-0.957845449,-0.16605632,-0.109163329
1.86666667,PlayerB,native,Hips,-0.861259,0.5620578,-0.069460474
1.86666667,PlayerB,native,Head,-1.06558764,0.982536,-0.161654145
1.86666667,PlayerB,native,Chest,-0.909253538,0.7563518,-0.0999859646
1.86666667,PlayerB,native,LeftHand,-1.07112,0.603985369,0.210605979
1.86666667,PlayerB,native,RightHand,-0.7951197,0.6147254,-0.35308826
1.86666667,PlayerB,native,LeftFoot,-1.18114483,0.14566578,0.113049753
1.86666667,PlayerB,native,RightFoot,-1.16631436,0.117073908,-0.414186329
1.86666667,PlayerB,fighter,AnimatorRoot,-0.850000262,0,-2.026558E-07
1.86666667,PlayerB,fighter,Hips,-0.861259,0.562057734,-0.06946049
1.86666667,PlayerB,fighter,Head,-1.18691611,1.18163681,-0.189853191
1.86666667,PlayerB,fighter,Chest,-0.950665057,0.828015268,-0.116943322
1.86666667,PlayerB,fighter,LeftHand,-1.07112,0.6039853,0.210606366
1.86666667,PlayerB,fighter,RightHand,-0.7951195,0.6147254,-0.3530883
1.86666667,PlayerB,fighter,LeftFoot,-1.181145,0.14566572,0.113049783
1.86666667,PlayerB,fighter,RightFoot,-1.16631413,0.117073938,-0.414186269
1.88333333,PlayerA,actor,Root,0.85,0,0
1.88333333,PlayerA,driver,Root,0.982245743,-0.0425232537,0.025598295
1.88333333,PlayerA,native,AnimatorRoot,0.982245743,-0.0425232537,0.025598295
1.88333333,PlayerA,native,Hips,1.05876184,0.7196384,0.04625231
1.88333333,PlayerA,native,Head,0.9393456,1.22271919,-0.00107278675
1.88333333,PlayerA,native,Chest,1.03687978,0.9365583,0.0299669057
1.88333333,PlayerA,native,LeftHand,0.871588647,0.7214092,-0.07465645
1.88333333,PlayerA,native,RightHand,0.7295081,0.798400939,-0.0739303
1.88333333,PlayerA,native,LeftFoot,0.836283743,0.11887525,-0.3930932
1.88333333,PlayerA,native,RightFoot,1.19800782,0.119265229,0.433143646
1.88333333,PlayerA,fighter,AnimatorRoot,0.85,0,0
1.88333333,PlayerA,fighter,Hips,1.05876184,0.7196384,0.04625231
1.88333333,PlayerA,fighter,Head,0.940763354,1.188629,-0.0014090538
1.88333333,PlayerA,fighter,Chest,1.04533756,0.921422958,0.03226362
1.88333333,PlayerA,fighter,LeftHand,0.8723757,0.7211407,-0.075872384
1.88333333,PlayerA,fighter,RightHand,0.7304662,0.8011773,-0.07108076
1.88333333,PlayerA,fighter,LeftFoot,0.8362838,0.118875362,-0.3930932
1.88333333,PlayerA,fighter,RightFoot,1.1980077,0.119265273,0.433143675
1.88333333,PlayerB,actor,Root,-0.850000262,0,-2.026558E-07
1.88333333,PlayerB,driver,Root,-0.9531502,-0.208142862,-0.109048158
1.88333333,PlayerB,native,AnimatorRoot,-0.9531502,-0.208142862,-0.109048158
1.88333333,PlayerB,native,Hips,-0.8547902,0.5186088,-0.0697473139
1.88333333,PlayerB,native,Head,-1.06177914,0.9371755,-0.160610661
1.88333333,PlayerB,native,Chest,-0.9021681,0.7129257,-0.100287266
1.88333333,PlayerB,native,LeftHand,-1.07974434,0.5512736,0.203446388
1.88333333,PlayerB,native,RightHand,-0.796676457,0.554290533,-0.365996271
1.88333333,PlayerB,native,LeftFoot,-1.17959249,0.1361645,0.111090533
1.88333333,PlayerB,native,RightFoot,-1.17067993,0.1020814,-0.410431653
1.88333333,PlayerB,fighter,AnimatorRoot,-0.850000262,0,-2.026558E-07
1.88333333,PlayerB,fighter,Hips,-0.8547902,0.5186088,-0.06974732
1.88333333,PlayerB,fighter,Head,-1.189491,1.13142443,-0.188573569
1.88333333,PlayerB,fighter,Chest,-0.9439067,0.7845951,-0.117152385
1.88333333,PlayerB,fighter,LeftHand,-1.07974434,0.5512735,0.203446567
1.88333333,PlayerB,fighter,RightHand,-0.796676338,0.554290354,-0.365996152
1.88333333,PlayerB,fighter,LeftFoot,-1.17959261,0.136164457,0.111090578
1.88333333,PlayerB,fighter,RightFoot,-1.17067993,0.102081314,-0.4104318
1.9,PlayerA,actor,Root,0.85,0,0
1.9,PlayerA,driver,Root,0.984654546,-0.0355902873,0.0251851827
1.9,PlayerA,native,AnimatorRoot,0.984654546,-0.0355902873,0.0251851827
1.9,PlayerA,native,Hips,1.05599475,0.726604,0.04459706
1.9,PlayerA,native,Head,0.9474135,1.2332412,0.0016303584
1.9,PlayerA,native,Chest,1.03625917,0.943977237,0.0298147053
1.9,PlayerA,native,LeftHand,0.8690469,0.7289631,-0.07606637
1.9,PlayerA,native,RightHand,0.732662141,0.8073078,-0.0683062449
1.9,PlayerA,native,LeftFoot,0.836196,0.118944332,-0.393154085
1.9,PlayerA,native,RightFoot,1.19801342,0.119265407,0.4331474
1.9,PlayerA,fighter,AnimatorRoot,0.85,0,0
1.9,PlayerA,fighter,Hips,1.05599475,0.726604,0.04459706
1.9,PlayerA,fighter,Head,0.9485815,1.19930685,0.0009156391
1.9,PlayerA,fighter,Chest,1.0449425,0.928752363,0.0318154842
1.9,PlayerA,fighter,LeftHand,0.8697765,0.728623331,-0.0773235559
1.9,PlayerA,fighter,RightHand,0.7336807,0.8100306,-0.0654260144
1.9,PlayerA,fighter,LeftFoot,0.8361959,0.11894431,-0.393154144
1.9,PlayerA,fighter,RightFoot,1.19801342,0.119265415,0.433147371
1.9,PlayerB,actor,Root,-0.850000262,0,-2.026558E-07
1.9,PlayerB,driver,Root,-0.9473036,-0.2550721,-0.108617656
1.9,PlayerB,native,AnimatorRoot,-0.9473036,-0.2550721,-0.108617656
1.9,PlayerB,native,Hips,-0.847417831,0.469432265,-0.06980313
1.9,PlayerB,native,Head,-1.05573487,0.886631966,-0.1592668
1.9,PlayerB,native,Chest,-0.8934815,0.6639389,-0.100239165
1.9,PlayerB,native,LeftHand,-1.08632052,0.49298057,0.19705838
1.9,PlayerB,native,RightHand,-0.799327,0.48868677,-0.37814337
1.9,PlayerB,native,LeftFoot,-1.17703366,0.1284202,0.109498389
1.9,PlayerB,native,RightFoot,-1.17303526,0.08992413,-0.407165676
1.9,PlayerB,fighter,AnimatorRoot,-0.850000262,0,-2.026558E-07
1.9,PlayerB,fighter,Hips,-0.847417831,0.4694322,-0.06980314
1.9,PlayerB,fighter,Head,-1.18886,1.07623708,-0.186948478
1.9,PlayerB,fighter,Chest,-0.935325444,0.735762,-0.117011145
1.9,PlayerB,fighter,LeftHand,-1.08632052,0.492980748,0.197058558
1.9,PlayerB,fighter,RightHand,-0.7993268,0.488686621,-0.378143251
1.9,PlayerB,fighter,LeftFoot,-1.17703342,0.128420159,0.109498538
1.9,PlayerB,fighter,RightFoot,-1.17303514,0.0899241641,-0.407165676
1.91666663,PlayerA,actor,Root,0.85,0,0
1.91666663,PlayerA,driver,Root,0.9871898,-0.028815724,0.0246154815
1.91666663,PlayerA,native,AnimatorRoot,0.9871898,-0.028815724,0.0246154815
1.91666663,PlayerA,native,Hips,1.05322218,0.7335763,0.04292786
1.91666663,PlayerA,native,Head,0.955618858,1.24340665,0.00390948355
1.91666663,PlayerA,native,Chest,1.03565657,0.951356769,0.0295792818
1.91666663,PlayerA,native,LeftHand,0.866338849,0.7364895,-0.07763378
1.91666663,PlayerA,native,RightHand,0.7359969,0.815963745,-0.06290165
1.91666663,PlayerA,native,LeftFoot,0.8362817,0.1188548,-0.393047839
1.91666663,PlayerA,native,RightFoot,1.19801116,0.11926908,0.4331476
1.91666663,PlayerA,fighter,AnimatorRoot,0.85,0,0
1.91666663,PlayerA,fighter,Hips,1.05322218,0.7335763,0.04292786
1.91666663,PlayerA,fighter,Head,0.9565408,1.20962739,0.00282669812
1.91666663,PlayerA,fighter,Chest,1.04456067,0.9360386,0.03127584
1.91666663,PlayerA,fighter,LeftHand,0.8670069,0.7360797,-0.07892763
1.91666663,PlayerA,fighter,RightHand,0.737075448,0.8186324,-0.05999297
1.91666663,PlayerA,fighter,LeftFoot,0.836281657,0.118854716,-0.393047839
1.91666663,PlayerA,fighter,RightFoot,1.19801116,0.119269036,0.433147579
1.91666663,PlayerB,actor,Root,-0.850000262,0,-2.026558E-07
1.91666663,PlayerB,driver,Root,-0.941034257,-0.301042974,-0.107692316
1.91666663,PlayerB,native,AnimatorRoot,-0.941034257,-0.301042974,-0.107692316
1.91666663,PlayerB,native,Hips,-0.839439034,0.420176148,-0.0695282146
1.91666663,PlayerB,native,Head,-1.04602158,0.837735355,-0.1568939
1.91666663,PlayerB,native,Chest,-0.8829521,0.615200937,-0.0995403454
1.91666663,PlayerB,native,LeftHand,-1.0911628,0.438537121,0.192053288
1.91666663,PlayerB,native,RightHand,-0.8013438,0.426515639,-0.388712317
1.91666663,PlayerB,native,LeftFoot,-1.17678809,0.123028815,0.109141
1.91666663,PlayerB,native,RightFoot,-1.17601538,0.08138323,-0.405195743
1.91666663,PlayerB,fighter,AnimatorRoot,-0.850000262,0,-2.026558E-07
1.91666663,PlayerB,fighter,Hips,-0.839439034,0.420176119,-0.0695282146
1.91666663,PlayerB,fighter,Head,-1.18252885,1.02390826,-0.183928043
1.91666663,PlayerB,fighter,Chest,-0.924394369,0.687488258,-0.116080977
1.91666663,PlayerB,fighter,LeftHand,-1.09116256,0.438536972,0.192053363
1.91666663,PlayerB,fighter,RightHand,-0.80134356,0.426515549,-0.388712376
1.91666663,PlayerB,fighter,LeftFoot,-1.17678809,0.123028763,0.109141029
1.91666663,PlayerB,fighter,RightFoot,-1.17601538,0.08138312,-0.4051957
1.93333328,PlayerA,actor,Root,0.85,0,0
1.93333328,PlayerA,driver,Root,0.98981,-0.0222718287,0.0239885151
1.93333328,PlayerA,native,AnimatorRoot,0.98981,-0.0222718287,0.0239885151
1.93333328,PlayerA,native,Hips,1.05051339,0.740472257,0.041377306
1.93333328,PlayerA,native,Head,0.963871,1.25309634,0.0057535395
1.93333328,PlayerA,native,Chest,1.03510666,0.9586092,0.0293627232
1.93333328,PlayerA,native,LeftHand,0.8635055,0.7438593,-0.0791263953
1.93333328,PlayerA,native,RightHand,0.739431739,0.8243023,-0.05774922
1.93333328,PlayerA,native,LeftFoot,0.836195946,0.118944034,-0.393154234
1.93333328,PlayerA,native,RightFoot,1.19801366,0.119265005,0.433148175
1.93333328,PlayerA,fighter,AnimatorRoot,0.85,0,0
1.93333328,PlayerA,fighter,Hips,1.05051351,0.740472257,0.041377306
1.93333328,PlayerA,fighter,Head,0.9645576,1.21946907,0.00431466848
1.93333328,PlayerA,fighter,Chest,1.04422474,0.9431955,0.0307498127
1.93333328,PlayerA,fighter,LeftHand,0.8641089,0.743380249,-0.0804510862
1.93333328,PlayerA,fighter,RightHand,0.7405689,0.8269169,-0.05481373
1.93333328,PlayerA,fighter,LeftFoot,0.836195946,0.118944027,-0.393154144
1.93333328,PlayerA,fighter,RightFoot,1.19801378,0.119265079,0.4331481
1.93333328,PlayerB,actor,Root,-0.850000262,0,-2.026558E-07
1.93333328,PlayerB,driver,Root,-0.934953153,-0.333873749,-0.106012717
1.93333328,PlayerB,native,AnimatorRoot,-0.934953153,-0.333873749,-0.106012717
1.93333328,PlayerB,native,Hips,-0.8330727,0.384724736,-0.0691278353
1.93333328,PlayerB,native,Head,-1.03523815,0.803871632,-0.152382791
1.93333328,PlayerB,native,Chest,-0.872103,0.5807081,-0.0977242962
1.93333328,PlayerB,native,LeftHand,-1.09331441,0.3925953,0.190113977
1.93333328,PlayerB,native,RightHand,-0.812035561,0.376060665,-0.397565
1.93333328,PlayerB,native,LeftFoot,-1.17490292,0.119193226,0.109350361
1.93333328,PlayerB,native,RightFoot,-1.17673659,0.07556188,-0.403512537
1.93333328,PlayerB,fighter,AnimatorRoot,-0.850000262,0,-2.026558E-07
1.93333328,PlayerB,fighter,Hips,-0.8330727,0.3847247,-0.0691278353
1.93333328,PlayerB,fighter,Head,-1.1737839,0.98760134,-0.177680463
1.93333328,PlayerB,fighter,Chest,-0.9126494,0.6538893,-0.113705881
1.93333328,PlayerB,fighter,LeftHand,-1.09331429,0.392595142,0.190114215
1.93333328,PlayerB,fighter,RightHand,-0.812035441,0.376060665,-0.397564977
1.93333328,PlayerB,fighter,LeftFoot,-1.174903,0.119193234,0.109350361
1.93333328,PlayerB,fighter,RightFoot,-1.17673659,0.07556177,-0.403512418
1.95,PlayerA,actor,Root,0.85,0,0
1.95,PlayerA,driver,Root,0.992483258,-0.016056858,0.0233982876
1.95,PlayerA,native,AnimatorRoot,0.992483258,-0.016056858,0.0233982876
1.95,PlayerA,native,Hips,1.04806757,0.747159,0.04001142
1.95,PlayerA,native,Head,0.9721927,1.26215565,0.007079929
1.95,PlayerA,native,Chest,1.034769,0.965599,0.0291931778
1.95,PlayerA,native,LeftHand,0.860720456,0.750891447,-0.0803407058
1.95,PlayerA,native,RightHand,0.7429748,0.832188249,-0.0528567322
1.95,PlayerA,native,LeftFoot,0.8343418,0.119505249,-0.393071115
1.95,PlayerA,native,RightFoot,1.1981678,0.119184069,0.433144718
1.95,PlayerA,fighter,AnimatorRoot,0.85,0,0
1.95,PlayerA,fighter,Hips,1.04806757,0.747159,0.0400114357
1.95,PlayerA,fighter,Head,0.9726614,1.22867525,0.00529924035
1.95,PlayerA,fighter,Chest,1.04409254,0.9500896,0.030269891
1.95,PlayerA,fighter,LeftHand,0.8612577,0.750342965,-0.0816898942
1.95,PlayerA,fighter,RightHand,0.74416703,0.834750354,-0.04989692
1.95,PlayerA,fighter,LeftFoot,0.8343418,0.119505122,-0.393071145
1.95,PlayerA,fighter,RightFoot,1.198168,0.119184017,0.433144659
1.95,PlayerB,actor,Root,-0.850000262,0,-2.026558E-07
1.95,PlayerB,driver,Root,-0.9302905,-0.332891136,-0.102959648
1.95,PlayerB,native,AnimatorRoot,-0.9302905,-0.332891136,-0.102959648
1.95,PlayerB,native,Hips,-0.8312385,0.386157125,-0.06874785
1.95,PlayerB,native,Head,-1.02533126,0.8079426,-0.1433909
1.95,PlayerB,native,Chest,-0.8620898,0.5836812,-0.09377526
1.95,PlayerB,native,LeftHand,-1.093756,0.369807869,0.194400713
1.95,PlayerB,native,RightHand,-0.8482671,0.3557867,-0.404089719
1.95,PlayerB,native,LeftFoot,-1.17391014,0.117082775,0.110631011
1.95,PlayerB,native,RightFoot,-1.17717028,0.07240987,-0.402846873
1.95,PlayerB,fighter,AnimatorRoot,-0.850000262,0,-2.026558E-07
1.95,PlayerB,fighter,Hips,-0.8312385,0.386157125,-0.0687478557
1.95,PlayerB,fighter,Head,-1.1647253,0.990240455,-0.164444923
1.95,PlayerB,fighter,Chest,-0.900993645,0.658518553,-0.10849148
1.95,PlayerB,fighter,LeftHand,-1.09375584,0.3698078,0.194400683
1.95,PlayerB,fighter,RightHand,-0.84826684,0.3557865,-0.404089749
1.95,PlayerB,fighter,LeftFoot,-1.17391014,0.117082745,0.110631056
1.95,PlayerB,fighter,RightFoot,-1.17717028,0.07240966,-0.402846843
1.9666667,PlayerA,actor,Root,0.85,0,0
1.9666667,PlayerA,driver,Root,0.995171666,-0.0102282763,0.0229403451
1.9666667,PlayerA,native,AnimatorRoot,0.995171666,-0.0102282763,0.0229403451
1.9666667,PlayerA,native,Hips,1.04549253,0.7537938,0.0389738977
1.9666667,PlayerA,native,Head,0.9800127,1.27074087,0.00794034451
1.9666667,PlayerA,native,Chest,1.0342133,0.9724837,0.0291928649
1.9666667,PlayerA,native,LeftHand,0.8575994,0.757693768,-0.08101847
1.9666667,PlayerA,native,RightHand,0.7460429,0.83983773,-0.0481893048
1.9666667,PlayerA,native,LeftFoot,0.836197138,0.118945494,-0.393153369
1.9666667,PlayerA,native,RightFoot,1.19801438,0.119264394,0.433148354
1.9666667,PlayerA,fighter,AnimatorRoot,0.85,0,0
1.9666667,PlayerA,fighter,Hips,1.04549265,0.7537938,0.0389738977
1.9666667,PlayerA,fighter,Head,0.9802871,1.23739946,0.005831979
1.9666667,PlayerA,fighter,Chest,1.0437324,0.956880033,0.0299623162
1.9666667,PlayerA,fighter,LeftHand,0.858070731,0.7570748,-0.0823848844
1.9666667,PlayerA,fighter,RightHand,0.74728477,0.84234947,-0.0452070758
1.9666667,PlayerA,fighter,LeftFoot,0.8361972,0.118945263,-0.39315322
1.9666667,PlayerA,fighter,RightFoot,1.19801438,0.119264267,0.433148324
1.9666667,PlayerB,actor,Root,-0.850000262,0,-2.026558E-07
1.9666667,PlayerB,driver,Root,-0.9259174,-0.317768425,-0.09943317
1.9666667,PlayerB,native,AnimatorRoot,-0.9259174,-0.317768425,-0.09943317
1.9666667,PlayerB,native,Hips,-0.8308406,0.402785331,-0.06817738
1.9666667,PlayerB,native,Head,-1.014945,0.827394247,-0.132874787
1.9666667,PlayerB,native,Chest,-0.8521987,0.601559043,-0.0891171545
1.9666667,PlayerB,native,LeftHand,-1.0905472,0.3656359,0.19881013
1.9666667,PlayerB,native,RightHand,-0.894089341,0.357002228,-0.406991035
1.9666667,PlayerB,native,LeftFoot,-1.17410445,0.115685046,0.111665078
1.9666667,PlayerB,native,RightFoot,-1.17822266,0.0704020262,-0.402290881
1.9666667,PlayerB,fighter,AnimatorRoot,-0.850000262,0,-2.026558E-07
1.9666667,PlayerB,fighter,Hips,-0.8308406,0.4027853,-0.06817739
1.9666667,PlayerB,fighter,Head,-1.1540252,1.00904691,-0.148750722
1.9666667,PlayerB,fighter,Chest,-0.889071643,0.67827487,-0.102325007
1.9666667,PlayerB,fighter,LeftHand,-1.0905472,0.365635872,0.198810115
1.9666667,PlayerB,fighter,RightHand,-0.8940891,0.357002169,-0.406991035
1.9666667,PlayerB,fighter,LeftFoot,-1.17410457,0.115684994,0.111665078
1.9666667,PlayerB,fighter,RightFoot,-1.17822266,0.07040189,-0.4022909
1.97530878,PlayerA,actor,Root,0.85,0,0
1.97530878,PlayerA,driver,Root,0.996545732,-0.00744738569,0.02283977
1.97530878,PlayerA,native,AnimatorRoot,0.996545732,-0.00744738569,0.02283977
1.97530878,PlayerA,native,Hips,1.04401636,0.7572087,0.038663283
1.97530878,PlayerA,native,Head,0.9836061,1.2749809,0.008166656
1.97530878,PlayerA,native,Chest,1.03370762,0.976004839,0.02932316
1.97530878,PlayerA,native,LeftHand,0.855760038,0.761062145,-0.08092847
1.97530878,PlayerA,native,RightHand,0.7471796,0.843710065,-0.0458441265
1.97530878,PlayerA,native,LeftFoot,0.8403599,0.117586993,-0.393163949
1.97530878,PlayerA,native,RightFoot,1.197683,0.119407855,0.4331675
1.97530878,PlayerA,fighter,AnimatorRoot,0.85,0,0
1.97530878,PlayerA,fighter,Hips,1.04401636,0.757208765,0.0386632979
1.97530878,PlayerA,fighter,Head,0.9837966,1.24170673,0.00589582324
1.97530878,PlayerA,fighter,Chest,1.0433228,0.960354745,0.0299389213
1.97530878,PlayerA,fighter,LeftHand,0.856199145,0.760406256,-0.08229979
1.97530878,PlayerA,fighter,RightHand,0.748443961,0.8461978,-0.0428512357
1.97530878,PlayerA,fighter,LeftFoot,0.840360045,0.117586948,-0.3931639
1.97530878,PlayerA,fighter,RightFoot,1.1976831,0.119407654,0.433167517
1.97530878,PlayerB,actor,Root,-0.850000262,0,-2.026558E-07
1.97530878,PlayerB,driver,Root,-0.9235437,-0.30938828,-0.09769945
1.97530878,PlayerB,native,AnimatorRoot,-0.9235437,-0.30938828,-0.09769945
1.97530878,PlayerB,native,Hips,-0.83047837,0.411930978,-0.06783881
1.97530878,PlayerB,native,Head,-1.00948083,0.8377876,-0.1277047
1.97530878,PlayerB,native,Chest,-0.8471584,0.611105144,-0.08685024
1.97530878,PlayerB,native,LeftHand,-1.08590627,0.367229819,0.199590623
1.97530878,PlayerB,native,RightHand,-0.9157621,0.362131834,-0.407036275
1.97530878,PlayerB,native,LeftFoot,-1.174079,0.114951253,0.112726875
1.97530878,PlayerB,native,RightFoot,-1.17876446,0.06925824,-0.402230382
1.97530878,PlayerB,fighter,AnimatorRoot,-0.850000262,0,-2.026558E-07
1.97530878,PlayerB,fighter,Hips,-0.83047837,0.411930948,-0.06783882
1.97530878,PlayerB,fighter,Head,-1.14815068,1.019247,-0.140994042
1.97530878,PlayerB,fighter,Chest,-0.8829883,0.688723564,-0.09931138
1.97530878,PlayerB,fighter,LeftHand,-1.08590615,0.3672297,0.199590653
1.97530878,PlayerB,fighter,RightHand,-0.9157619,0.362131536,-0.407036334
1.97530878,PlayerB,fighter,LeftFoot,-1.174079,0.114951231,0.112726904
1.97530878,PlayerB,fighter,RightFoot,-1.17876422,0.0692581758,-0.402230382
1.98333335,PlayerA,actor,Root,0.85,0,0
1.98333335,PlayerA,driver,Root,0.997815251,-0.00500072446,0.0228143185
1.98333335,PlayerA,native,AnimatorRoot,0.997815251,-0.00500072446,0.0228143185
1.98333335,PlayerA,native,Hips,1.04318178,0.7600807,0.0384708643
1.98333335,PlayerA,native,Head,0.987298965,1.27852011,0.008228481
1.98333335,PlayerA,native,Chest,1.03373134,0.978962958,0.0294858664
1.98333335,PlayerA,native,LeftHand,0.85454756,0.76382035,-0.08062167
1.98333335,PlayerA,native,RightHand,0.748594642,0.8469653,-0.0437057875
1.98333335,PlayerA,native,LeftFoot,0.8386295,0.117978811,-0.393122
1.98333335,PlayerA,native,RightFoot,1.1978544,0.119314045,0.433180779
1.98333335,PlayerA,fighter,AnimatorRoot,0.85,0,0
1.98333335,PlayerA,fighter,Hips,1.0431819,0.760080755,0.0384708643
1.98333335,PlayerA,fighter,Head,0.9874208,1.24530542,0.00581048429
1.98333335,PlayerA,fighter,Chest,1.04343319,0.9632713,0.0299620479
1.98333335,PlayerA,fighter,LeftHand,0.85495764,0.763129234,-0.08199569
1.98333335,PlayerA,fighter,RightHand,0.749878168,0.8494324,-0.0407036655
1.98333335,PlayerA,fighter,LeftFoot,0.8386295,0.117978953,-0.393122017
1.98333335,PlayerA,fighter,RightFoot,1.1978544,0.119314052,0.43318072
1.98333335,PlayerB,actor,Root,-0.850000262,0,-2.026558E-07
1.98333335,PlayerB,driver,Root,-0.921356261,-0.2997941,-0.09606684
1.98333335,PlayerB,native,AnimatorRoot,-0.921356261,-0.2997941,-0.09606684
1.98333335,PlayerB,native,Hips,-0.8302847,0.42236647,-0.0674821362
1.98333335,PlayerB,native,Head,-1.00439191,0.8492912,-0.122817181
1.98333335,PlayerB,native,Chest,-0.8425451,0.6217915,-0.0847101361
1.98333335,PlayerB,native,LeftHand,-1.08018589,0.372328,0.200347185
1.98333335,PlayerB,native,RightHand,-0.9358708,0.370524973,-0.4061802
1.98333335,PlayerB,native,LeftFoot,-1.17398155,0.114293963,0.113670878
1.98333335,PlayerB,native,RightFoot,-1.1791569,0.06826937,-0.40215525
1.98333335,PlayerB,fighter,AnimatorRoot,-0.850000262,0,-2.026558E-07
1.98333335,PlayerB,fighter,Hips,-0.8302847,0.42236644,-0.06748214
1.98333335,PlayerB,fighter,Head,-1.14249969,1.03068674,-0.133640021
1.98333335,PlayerB,fighter,Chest,-0.877367556,0.700248,-0.09646319
1.98333335,PlayerB,fighter,LeftHand,-1.08018589,0.372327983,0.200347319
1.98333335,PlayerB,fighter,RightHand,-0.9358706,0.370524675,-0.406180382
1.98333335,PlayerB,fighter,LeftFoot,-1.17398155,0.114293918,0.113670923
1.98333335,PlayerB,fighter,RightFoot,-1.1791569,0.06826921,-0.40215534
2,PlayerA,actor,Root,0.85,0,0
2,PlayerA,driver,Root,1.00044644,-3.199093E-06,0.0228020847
2,PlayerA,native,AnimatorRoot,1.00044644,-3.199093E-06,0.0228020847
2,PlayerA,native,Hips,1.04139376,0.7660174,0.03820327
2,PlayerA,native,Head,0.994833767,1.28565013,0.00825023651
2,PlayerA,native,Chest,1.03371763,0.985057056,0.0299200565
2,PlayerA,native,LeftHand,0.8518732,0.769516945,-0.07988578
2,PlayerA,native,RightHand,0.7513782,0.8537291,-0.03939244
2,PlayerA,native,LeftFoot,0.836199045,0.118943684,-0.393152535
2,PlayerA,native,RightFoot,1.1980139,0.119263515,0.4331491
2,PlayerA,fighter,AnimatorRoot,0.85,0,0
2,PlayerA,fighter,Hips,1.04139376,0.7660174,0.03820327
2,PlayerA,fighter,Head,0.994818151,1.25255454,0.00553093851
2,PlayerA,fighter,Chest,1.04359508,0.9692777,0.03010562
2,PlayerA,fighter,LeftHand,0.8522225,0.7687539,-0.0812614039
2,PlayerA,fighter,RightHand,0.7526972,0.8561532,-0.036371097
2,PlayerA,fighter,LeftFoot,0.836199045,0.11894355,-0.3931526
2,PlayerA,fighter,RightFoot,1.1980139,0.119263649,0.43314904
2,PlayerB,actor,Root,-0.850000262,0,-2.026558E-07
2,PlayerB,driver,Root,-0.9158824,-0.283448935,-0.0930407047
2,PlayerB,native,AnimatorRoot,-0.9158824,-0.283448935,-0.0930407047
2,PlayerB,native,Hips,-0.8288477,0.4396153,-0.06657502
2,PlayerB,native,Head,-0.9922706,0.869445562,-0.11412365
2,PlayerB,native,Chest,-0.8331392,0.639251351,-0.08110195
2,PlayerB,native,LeftHand,-1.06428218,0.387302518,0.205911055
2,PlayerB,native,RightHand,-0.9639331,0.388297558,-0.402217925
2,PlayerB,native,LeftFoot,-1.17333555,0.11277774,0.1144994
2,PlayerB,native,RightFoot,-1.17943072,0.0662244856,-0.4013645
2,PlayerB,fighter,AnimatorRoot,-0.850000262,0,-2.026558E-07
2,PlayerB,fighter,Hips,-0.8288477,0.439615279,-0.06657503
2,PlayerB,fighter,Head,-1.128139,1.05161119,-0.120319538
2,PlayerB,fighter,Chest,-0.865838349,0.719178,-0.09157336
2,PlayerB,fighter,LeftHand,-1.06428218,0.387302428,0.20591113
2,PlayerB,fighter,RightHand,-0.963933,0.388297468,-0.402217776
2,PlayerB,fighter,LeftFoot,-1.17333555,0.112777777,0.114499338
2,PlayerB,fighter,RightFoot,-1.17943084,0.0662243962,-0.4013645
2.01666665,PlayerA,actor,Root,0.85,0,0
2.01666665,PlayerA,driver,Root,1.00044656,-3.199093E-06,0.0228021
2.01666665,PlayerA,native,AnimatorRoot,1.00044656,-3.199093E-06,0.0228021
2.01666665,PlayerA,native,Hips,1.04139388,0.7660174,0.0382032841
2.01666665,PlayerA,native,Head,0.9948339,1.28565013,0.008250251
2.01666665,PlayerA,native,Chest,1.03371775,0.985057056,0.0299200863
2.01666665,PlayerA,native,LeftHand,0.851873338,0.769516945,-0.07988576
2.01666665,PlayerA,native,RightHand,0.7513783,0.8537291,-0.0393924229
2.01666665,PlayerA,native,LeftFoot,0.836199164,0.118943684,-0.3931525
2.01666665,PlayerA,native,RightFoot,1.198014,0.119263515,0.433149129
2.01666665,PlayerA,fighter,AnimatorRoot,0.85,0,0
2.01666665,PlayerA,fighter,Hips,1.041394,0.7660174,0.0382033
2.01666665,PlayerA,fighter,Head,0.9948183,1.25255454,0.00553095341
2.01666665,PlayerA,fighter,Chest,1.04359519,0.9692777,0.0301056355
2.01666665,PlayerA,fighter,LeftHand,0.852222562,0.768753946,-0.08126137
2.01666665,PlayerA,fighter,RightHand,0.752697349,0.856153,-0.0363710374
2.01666665,PlayerA,fighter,LeftFoot,0.8361992,0.118943267,-0.3931525
2.01666665,PlayerA,fighter,RightFoot,1.198014,0.119263604,0.433149159
2.01666665,PlayerB,actor,Root,-0.850000262,0,-2.026558E-07
2.01666665,PlayerB,driver,Root,-0.9082582,-0.279466182,-0.09086701
2.01666665,PlayerB,native,AnimatorRoot,-0.9082582,-0.279466182,-0.09086701
2.01666665,PlayerB,native,Hips,-0.82469213,0.4423515,-0.06545874
2.01666665,PlayerB,native,Head,-0.976647139,0.8771467,-0.1088746
2.01666665,PlayerB,native,Chest,-0.824009359,0.6421299,-0.07935471
2.01666665,PlayerB,native,LeftHand,-1.04102933,0.394884139,0.215389714
2.01666665,PlayerB,native,RightHand,-0.95934695,0.393990964,-0.396091729
2.01666665,PlayerB,native,LeftFoot,-1.17288375,0.111476749,0.115754612
2.01666665,PlayerB,native,RightFoot,-1.17984021,0.0644353,-0.4008116
2.01666665,PlayerB,fighter,AnimatorRoot,-0.850000262,0,-2.026558E-07
2.01666665,PlayerB,fighter,Hips,-0.82469213,0.44235146,-0.06545875
2.01666665,PlayerB,fighter,Head,-1.10834038,1.06190324,-0.11176648
2.01666665,PlayerB,fighter,Chest,-0.854654551,0.722916543,-0.08899893
2.01666665,PlayerB,fighter,LeftHand,-1.04102945,0.394884169,0.215389833
2.01666665,PlayerB,fighter,RightHand,-0.9593469,0.393990725,-0.396091819
2.01666665,PlayerB,fighter,LeftFoot,-1.17288375,0.111476868,0.115754582
2.01666665,PlayerB,fighter,RightFoot,-1.17984033,0.0644353,-0.400811642
2.0333333,PlayerA,actor,Root,0.85,0,0
2.0333333,PlayerA,driver,Root,1.00044656,-3.199093E-06,0.0228021145
2.0333333,PlayerA,native,AnimatorRoot,1.00044656,-3.199093E-06,0.0228021145
2.0333333,PlayerA,native,Hips,1.04139388,0.7660174,0.0382033
2.0333333,PlayerA,native,Head,0.9948339,1.28565013,0.008250266
2.0333333,PlayerA,native,Chest,1.03371775,0.985057056,0.0299201012
2.0333333,PlayerA,native,LeftHand,0.851873338,0.769516945,-0.07988574
2.0333333,PlayerA,native,RightHand,0.7513783,0.8537291,-0.039392408
2.0333333,PlayerA,native,LeftFoot,0.836199164,0.118943684,-0.3931525
2.0333333,PlayerA,native,RightFoot,1.198014,0.119263515,0.433149129
2.0333333,PlayerA,fighter,AnimatorRoot,0.85,0,0
2.0333333,PlayerA,fighter,Hips,1.041394,0.7660174,0.0382033
2.0333333,PlayerA,fighter,Head,0.9948183,1.25255454,0.00553096831
2.0333333,PlayerA,fighter,Chest,1.04359519,0.9692777,0.03010565
2.0333333,PlayerA,fighter,LeftHand,0.852222562,0.7687538,-0.08126128
2.0333333,PlayerA,fighter,RightHand,0.7526974,0.856153131,-0.0363709666
2.0333333,PlayerA,fighter,LeftFoot,0.8361992,0.11894355,-0.393152565
2.0333333,PlayerA,fighter,RightFoot,1.1980139,0.119263649,0.43314904
2.0333333,PlayerB,actor,Root,-0.850000262,0,-2.026558E-07
2.0333333,PlayerB,driver,Root,-0.899545,-0.280377179,-0.08918333
2.0333333,PlayerB,native,AnimatorRoot,-0.899545,-0.280377179,-0.08918333
2.0333333,PlayerB,native,Hips,-0.8192907,0.43932876,-0.0642341152
2.0333333,PlayerB,native,Head,-0.959209144,0.879920244,-0.105588146
2.0333333,PlayerB,native,Chest,-0.815120041,0.639279,-0.07852035
2.0333333,PlayerB,native,LeftHand,-1.01222575,0.3982512,0.225002676
2.0333333,PlayerB,native,RightHand,-0.9408803,0.3936685,-0.389068216
2.0333333,PlayerB,native,LeftFoot,-1.17261267,0.1104351,0.117792346
2.0333333,PlayerB,native,RightFoot,-1.18038332,0.06296706,-0.400707424
2.0333333,PlayerB,fighter,AnimatorRoot,-0.850000262,0,-2.026558E-07
2.0333333,PlayerB,fighter,Hips,-0.8192907,0.43932873,-0.06423413
2.0333333,PlayerB,fighter,Head,-1.08560836,1.06820965,-0.105961435
2.0333333,PlayerB,fighter,Chest,-0.84374994,0.7206038,-0.0876080543
2.0333333,PlayerB,fighter,LeftHand,-1.01222551,0.398251027,0.2250026
2.0333333,PlayerB,fighter,RightHand,-0.9408802,0.393668383,-0.3890682
2.0333333,PlayerB,fighter,LeftFoot,-1.17261267,0.110435016,0.117792286
2.0333333,PlayerB,fighter,RightFoot,-1.18038332,0.0629671,-0.400707483
2.05,PlayerA,actor,Root,0.85,0,0
2.05,PlayerA,driver,Root,1.00044656,-3.199093E-06,0.02280213
2.05,PlayerA,native,AnimatorRoot,1.00044656,-3.199093E-06,0.02280213
2.05,PlayerA,native,Hips,1.04139388,0.7660174,0.0382033139
2.05,PlayerA,native,Head,0.9948339,1.28565013,0.008250281
2.05,PlayerA,native,Chest,1.03371775,0.985057056,0.0299201161
2.05,PlayerA,native,LeftHand,0.851873338,0.769516945,-0.07988573
2.05,PlayerA,native,RightHand,0.7513783,0.8537291,-0.0393923931
2.05,PlayerA,native,LeftFoot,0.836199164,0.118943684,-0.393152475
2.05,PlayerA,native,RightFoot,1.198014,0.119263515,0.433149159
2.05,PlayerA,fighter,AnimatorRoot,0.85,0,0
2.05,PlayerA,fighter,Hips,1.041394,0.7660174,0.03820333
2.05,PlayerA,fighter,Head,0.9948183,1.25255454,0.005530983
2.05,PlayerA,fighter,Chest,1.04359519,0.9692777,0.0301056653
2.05,PlayerA,fighter,LeftHand,0.852222562,0.768753946,-0.0812614039
2.05,PlayerA,fighter,RightHand,0.752697349,0.856153131,-0.0363711
2.05,PlayerA,fighter,LeftFoot,0.8361992,0.118943267,-0.393152624
2.05,PlayerA,fighter,RightFoot,1.1980139,0.119263604,0.433149159
2.05,PlayerB,actor,Root,-0.850000262,0,-2.026558E-07
2.05,PlayerB,driver,Root,-0.89025,-0.282178849,-0.08783793
2.05,PlayerB,native,AnimatorRoot,-0.89025,-0.282178849,-0.08783793
2.05,PlayerB,native,Hips,-0.8134566,0.43525663,-0.0629179
2.05,PlayerB,native,Head,-0.94067,0.881757259,-0.103544973
2.05,PlayerB,native,Chest,-0.806329131,0.6353619,-0.0781582743
2.05,PlayerB,native,LeftHand,-0.9791926,0.401273161,0.233878955
2.05,PlayerB,native,RightHand,-0.922398567,0.3914037,-0.3819766
2.05,PlayerB,native,LeftFoot,-1.17227864,0.109439641,0.1195626
2.05,PlayerB,native,RightFoot,-1.18072367,0.06159866,-0.4004848
2.05,PlayerB,fighter,AnimatorRoot,-0.850000262,0,-2.026558E-07
2.05,PlayerB,fighter,Hips,-0.8134566,0.43525663,-0.06291792
2.05,PlayerB,fighter,Head,-1.06104159,1.07398927,-0.101869918
2.05,PlayerB,fighter,Chest,-0.8329187,0.7170792,-0.08687901
2.05,PlayerB,fighter,LeftHand,-0.9791926,0.401273042,0.23387897
2.05,PlayerB,fighter,RightHand,-0.922398567,0.391403466,-0.381976724
2.05,PlayerB,fighter,LeftFoot,-1.17227864,0.109439649,0.119562633
2.05,PlayerB,fighter,RightFoot,-1.18072379,0.06159862,-0.4004847
2.0666666,PlayerA,actor,Root,0.85,0,0
2.0666666,PlayerA,driver,Root,1.00044656,-3.199093E-06,0.0228021443
2.0666666,PlayerA,native,AnimatorRoot,1.00044656,-3.199093E-06,0.0228021443
2.0666666,PlayerA,native,Hips,1.04139388,0.7660174,0.03820333
2.0666666,PlayerA,native,Head,0.9948339,1.28565013,0.008250296
2.0666666,PlayerA,native,Chest,1.03371775,0.985057056,0.029920131
2.0666666,PlayerA,native,LeftHand,0.851873338,0.769516945,-0.0798857138
2.0666666,PlayerA,native,RightHand,0.7513783,0.8537291,-0.03939238
2.0666666,PlayerA,native,LeftFoot,0.836199164,0.118943684,-0.393152475
2.0666666,PlayerA,native,RightFoot,1.198014,0.119263515,0.433149159
2.0666666,PlayerA,fighter,AnimatorRoot,0.85,0,0
2.0666666,PlayerA,fighter,Hips,1.041394,0.7660174,0.03820333
2.0666666,PlayerA,fighter,Head,0.9948183,1.25255454,0.005530998
2.0666666,PlayerA,fighter,Chest,1.04359519,0.9692777,0.03010568
2.0666666,PlayerA,fighter,LeftHand,0.8522225,0.7687539,-0.0812614
2.0666666,PlayerA,fighter,RightHand,0.752697349,0.856153131,-0.0363709852
2.0666666,PlayerA,fighter,LeftFoot,0.836199164,0.118943356,-0.3931525
2.0666666,PlayerA,fighter,RightFoot,1.198014,0.1192637,0.433149159
2.0666666,PlayerB,actor,Root,-0.850000262,0,-2.026558E-07
2.0666666,PlayerB,driver,Root,-0.8807987,-0.285208553,-0.0867108
2.0666666,PlayerB,native,AnimatorRoot,-0.8807987,-0.285208553,-0.0867108
2.0666666,PlayerB,native,Hips,-0.8072841,0.429923862,-0.0615603849
2.0666666,PlayerB,native,Head,-0.922063649,0.8818908,-0.102426164
2.0666666,PlayerB,native,Chest,-0.7978057,0.630169749,-0.07794992
2.0666666,PlayerB,native,LeftHand,-0.9444518,0.4029272,0.24094969
2.0666666,PlayerB,native,RightHand,-0.9011337,0.387476116,-0.374896854
2.0666666,PlayerB,native,LeftFoot,-1.17195082,0.108623743,0.121482678
2.0666666,PlayerB,native,RightFoot,-1.18110538,0.0605631173,-0.400296062
2.0666666,PlayerB,fighter,AnimatorRoot,-0.850000262,0,-2.026558E-07
2.0666666,PlayerB,fighter,Hips,-0.8072841,0.429923832,-0.0615603961
2.0666666,PlayerB,fighter,Head,-1.036108,1.07813561,-0.0992449448
2.0666666,PlayerB,fighter,Chest,-0.822471,0.712147236,-0.0864478
2.0666666,PlayerB,fighter,LeftHand,-0.944451749,0.4029273,0.240949571
2.0666666,PlayerB,fighter,RightHand,-0.901133537,0.387476,-0.374896824
2.0666666,PlayerB,fighter,LeftFoot,-1.17195082,0.108623751,0.121482708
2.0666666,PlayerB,fighter,RightFoot,-1.18110561,0.06056297,-0.400296181
2.08333325,PlayerA,actor,Root,0.85,0,0
2.08333325,PlayerA,driver,Root,1.00044656,-3.199093E-06,0.02280216
2.08333325,PlayerA,native,AnimatorRoot,1.00044656,-3.199093E-06,0.02280216
2.08333325,PlayerA,native,Hips,1.04139388,0.7660174,0.0382033437
2.08333325,PlayerA,native,Head,0.9948339,1.28565013,0.008250311
2.08333325,PlayerA,native,Chest,1.03371775,0.985057056,0.0299201459
2.08333325,PlayerA,native,LeftHand,0.851873338,0.769516945,-0.0798857
2.08333325,PlayerA,native,RightHand,0.7513783,0.8537291,-0.0393923633
2.08333325,PlayerA,native,LeftFoot,0.836199164,0.118943684,-0.393152446
2.08333325,PlayerA,native,RightFoot,1.198014,0.119263515,0.4331492
2.08333325,PlayerA,fighter,AnimatorRoot,0.85,0,0
2.08333325,PlayerA,fighter,Hips,1.041394,0.7660174,0.03820336
2.08333325,PlayerA,fighter,Head,0.9948183,1.25255454,0.005531013
2.08333325,PlayerA,fighter,Chest,1.04359519,0.9692777,0.0301056951
2.08333325,PlayerA,fighter,LeftHand,0.8522226,0.768753946,-0.08126129
2.08333325,PlayerA,fighter,RightHand,0.752697349,0.856153131,-0.0363709219
2.08333325,PlayerA,fighter,LeftFoot,0.8361992,0.11894355,-0.393152475
2.08333325,PlayerA,fighter,RightFoot,1.1980139,0.119263649,0.433149159
2.08333325,PlayerB,actor,Root,-0.850000262,0,-2.026558E-07
2.08333325,PlayerB,driver,Root,-0.8717794,-0.288447678,-0.08566911
2.08333325,PlayerB,native,AnimatorRoot,-0.8717794,-0.288447678,-0.08566911
2.08333325,PlayerB,native,Hips,-0.8011296,0.424682021,-0.0602699034
2.08333325,PlayerB,native,Head,-0.9047573,0.8810623,-0.10163229
2.08333325,PlayerB,native,Chest,-0.789587259,0.625017762,-0.0775559
2.08333325,PlayerB,native,LeftHand,-0.9113885,0.403709352,0.246043265
2.08333325,PlayerB,native,RightHand,-0.878935337,0.383715928,-0.3689193
2.08333325,PlayerB,native,LeftFoot,-1.17165756,0.107905418,0.123451181
2.08333325,PlayerB,native,RightFoot,-1.18138587,0.05966261,-0.4001866
2.08333325,PlayerB,fighter,AnimatorRoot,-0.850000262,0,-2.026558E-07
2.08333325,PlayerB,fighter,Hips,-0.8011296,0.424682,-0.06026991
2.08333325,PlayerB,fighter,Head,-1.01283729,1.080933,-0.09738728
2.08333325,PlayerB,fighter,Chest,-0.8125477,0.707196355,-0.08590258
2.08333325,PlayerB,fighter,LeftHand,-0.911388457,0.403709322,0.246043146
2.08333325,PlayerB,fighter,RightHand,-0.8789352,0.3837157,-0.368919253
2.08333325,PlayerB,fighter,LeftFoot,-1.17165744,0.10790544,0.123451196
2.08333325,PlayerB,fighter,RightFoot,-1.18138587,0.0596626624,-0.400186479
2.09876561,PlayerA,actor,Root,0.85,0,0
2.09876561,PlayerA,driver,Root,1.00044656,-3.199093E-06,0.0228021741
2.09876561,PlayerA,native,AnimatorRoot,1.00044656,-3.199093E-06,0.0228021741
2.09876561,PlayerA,native,Hips,1.04139388,0.7660174,0.03820336
2.09876561,PlayerA,native,Head,0.9948339,1.28565013,0.008250326
2.09876561,PlayerA,native,Chest,1.03371775,0.985057056,0.02992016
2.09876561,PlayerA,native,LeftHand,0.851873338,0.769516945,-0.079885684
2.09876561,PlayerA,native,RightHand,0.7513783,0.8537291,-0.03939235
2.09876561,PlayerA,native,LeftFoot,0.836199164,0.118943684,-0.393152446
2.09876561,PlayerA,native,RightFoot,1.198014,0.119263515,0.4331492
2.09876561,PlayerA,fighter,AnimatorRoot,0.85,0,0
2.09876561,PlayerA,fighter,Hips,1.041394,0.7660174,0.03820336
2.09876561,PlayerA,fighter,Head,0.9948183,1.25255454,0.005531028
2.09876561,PlayerA,fighter,Chest,1.04359519,0.9692777,0.03010571
2.09876561,PlayerA,fighter,LeftHand,0.852222562,0.7687539,-0.08126126
2.09876561,PlayerA,fighter,RightHand,0.7526973,0.856153131,-0.0363709554
2.09876561,PlayerA,fighter,LeftFoot,0.8361992,0.11894355,-0.3931525
2.09876561,PlayerA,fighter,RightFoot,1.1980139,0.119263649,0.4331491
2.09876561,PlayerB,actor,Root,-0.850000262,0,-2.026558E-07
2.09876561,PlayerB,driver,Root,-0.863818944,-0.291705161,-0.08468772
2.09876561,PlayerB,native,AnimatorRoot,-0.863818944,-0.291705161,-0.08468772
2.09876561,PlayerB,native,Hips,-0.7954062,0.419748038,-0.0590961
2.09876561,PlayerB,native,Head,-0.8899339,0.8794848,-0.1010121
2.09876561,PlayerB,native,Chest,-0.7823446,0.620159745,-0.0769756958
2.09876561,PlayerB,native,LeftHand,-0.8819715,0.403667539,0.249256223
2.09876561,PlayerB,native,RightHand,-0.8572874,0.38032344,-0.363912672
2.09876561,PlayerB,native,LeftFoot,-1.1713841,0.107345849,0.125353739
2.09876561,PlayerB,native,RightFoot,-1.18160415,0.05899021,-0.400111377
2.09876561,PlayerB,fighter,AnimatorRoot,-0.850000262,0,-2.026558E-07
2.09876561,PlayerB,fighter,Hips,-0.7954062,0.419748,-0.0590961128
2.09876561,PlayerB,fighter,Head,-0.992791,1.08243906,-0.09607262
2.09876561,PlayerB,fighter,Chest,-0.8039407,0.7024637,-0.08521891
2.09876561,PlayerB,fighter,LeftHand,-0.8819715,0.4036676,0.249256268
2.09876561,PlayerB,fighter,RightHand,-0.8572873,0.38032338,-0.363912523
2.09876561,PlayerB,fighter,LeftFoot,-1.1713841,0.107345916,0.125353754
2.09876561,PlayerB,fighter,RightFoot,-1.18160415,0.05899017,-0.400111347
2.1,PlayerA,actor,Root,0.85,0,0
2.1,PlayerA,driver,Root,1.00044656,-3.199093E-06,0.022802189
2.1,PlayerA,native,AnimatorRoot,1.00044656,-3.199093E-06,0.022802189
2.1,PlayerA,native,Hips,1.04139388,0.7660174,0.0382033736
2.1,PlayerA,native,Head,0.9948339,1.28565013,0.008250341
2.1,PlayerA,native,Chest,1.03371775,0.985057056,0.0299201757
2.1,PlayerA,native,LeftHand,0.851873338,0.769516945,-0.07988567
2.1,PlayerA,native,RightHand,0.7513783,0.8537291,-0.0393923335
2.1,PlayerA,native,LeftFoot,0.836199164,0.118943684,-0.393152416
2.1,PlayerA,native,RightFoot,1.198014,0.119263515,0.433149219
2.1,PlayerA,fighter,AnimatorRoot,0.85,0,0
2.1,PlayerA,fighter,Hips,1.041394,0.7660174,0.03820339
2.1,PlayerA,fighter,Head,0.9948183,1.25255454,0.005531043
2.1,PlayerA,fighter,Chest,1.04359519,0.9692777,0.0301057249
2.1,PlayerA,fighter,LeftHand,0.852222562,0.768753946,-0.0812613443
2.1,PlayerA,fighter,RightHand,0.752697349,0.856153131,-0.03637102
2.1,PlayerA,fighter,LeftFoot,0.836199164,0.118943267,-0.3931526
2.1,PlayerA,fighter,RightFoot,1.1980139,0.119263604,0.4331492
2.1,PlayerB,actor,Root,-0.850000262,0,-2.026558E-07
2.1,PlayerB,driver,Root,-0.863210261,-0.291961223,-0.0845998
2.1,PlayerB,native,AnimatorRoot,-0.863210261,-0.291961223,-0.0845998
2.1,PlayerB,native,Hips,-0.7949521,0.419367224,-0.0590010956
2.1,PlayerB,native,Head,-0.888824344,0.879339337,-0.100946136
2.1,PlayerB,native,Chest,-0.78178823,0.619785666,-0.0769090354
2.1,PlayerB,native,LeftHand,-0.87970686,0.403631061,0.249449939
2.1,PlayerB,native,RightHand,-0.8555288,0.380079955,-0.363520622
2.1,PlayerB,native,LeftFoot,-1.17136431,0.107308805,0.125511333
2.1,PlayerB,native,RightFoot,-1.1816237,0.05894804,-0.400106281
2.1,PlayerB,fighter,AnimatorRoot,-0.850000262,0,-2.026558E-07
2.1,PlayerB,fighter,Hips,-0.7949521,0.4193672,-0.0590011068
2.1,PlayerB,fighter,Head,-0.9912869,1.08252454,-0.09595569
2.1,PlayerB,fighter,Chest,-0.8032872,0.7020974,-0.0851427838
2.1,PlayerB,fighter,LeftHand,-0.8797068,0.403631181,0.249449924
2.1,PlayerB,fighter,RightHand,-0.855528653,0.380079925,-0.363520473
2.1,PlayerB,fighter,LeftFoot,-1.17136431,0.1073089,0.1255113
2.1,PlayerB,fighter,RightFoot,-1.1816237,0.05894803,-0.40010637
2.11666656,PlayerA,actor,Root,0.85,0,0
2.11666656,PlayerA,driver,Root,1.00044656,-3.199093E-06,0.0228022039
2.11666656,PlayerA,native,AnimatorRoot,1.00044656,-3.199093E-06,0.0228022039
2.11666656,PlayerA,native,Hips,1.04139388,0.7660174,0.03820339
2.11666656,PlayerA,native,Head,0.9948339,1.28565013,0.008250356
2.11666656,PlayerA,native,Chest,1.03371775,0.985057056,0.02992019
2.11666656,PlayerA,native,LeftHand,0.851873338,0.769516945,-0.0798856542
2.11666656,PlayerA,native,RightHand,0.7513783,0.8537291,-0.03939232
2.11666656,PlayerA,native,LeftFoot,0.836199164,0.118943684,-0.393152416
2.11666656,PlayerA,native,RightFoot,1.198014,0.119263515,0.433149219
2.11666656,PlayerA,fighter,AnimatorRoot,0.85,0,0
2.11666656,PlayerA,fighter,Hips,1.041394,0.7660174,0.03820339
2.11666656,PlayerA,fighter,Head,0.9948183,1.25255454,0.00553105772
2.11666656,PlayerA,fighter,Chest,1.04359519,0.9692777,0.03010574
2.11666656,PlayerA,fighter,LeftHand,0.8522225,0.7687539,-0.08126134
2.11666656,PlayerA,fighter,RightHand,0.7526974,0.8561532,-0.0363709666
2.11666656,PlayerA,fighter,LeftFoot,0.836199164,0.118943311,-0.3931525
2.11666656,PlayerA,fighter,RightFoot,1.1980139,0.119263649,0.433149159
2.11666656,PlayerB,actor,Root,-0.850000262,0,-2.026558E-07
2.11666656,PlayerB,driver,Root,-0.8554235,-0.295370072,-0.08330743
2.11666656,PlayerB,native,AnimatorRoot,-0.8554235,-0.295370072,-0.08330743
2.11666656,PlayerB,native,Hips,-0.788871646,0.414412647,-0.0577396043
2.11666656,PlayerB,native,Head,-0.875075459,0.8770932,-0.09983555
2.11666656,PlayerB,native,Chest,-0.7746002,0.6149349,-0.07574535
2.11666656,PlayerB,native,LeftHand,-0.8506887,0.402750164,0.251360118
2.11666656,PlayerB,native,RightHand,-0.831376731,0.377295,-0.358549356
2.11666656,PlayerB,native,LeftFoot,-1.17110562,0.106838137,0.127630651
2.11666656,PlayerB,native,RightFoot,-1.1818248,0.058439523,-0.4000825
2.11666656,PlayerB,fighter,AnimatorRoot,-0.850000262,0,-2.026558E-07
2.11666656,PlayerB,fighter,Hips,-0.788871646,0.4144126,-0.0577396154
2.11666656,PlayerB,fighter,Head,-0.972598732,1.08316243,-0.09423165
2.11666656,PlayerB,fighter,Chest,-0.7949733,0.697325766,-0.0838374
2.11666656,PlayerB,fighter,LeftHand,-0.850688636,0.402750254,0.2513601
2.11666656,PlayerB,fighter,RightHand,-0.8313767,0.3772949,-0.358549327
2.11666656,PlayerB,fighter,LeftFoot,-1.17110562,0.106838226,0.127630621
2.11666656,PlayerB,fighter,RightFoot,-1.1818248,0.0584395453,-0.400082469
2.13333344,PlayerA,actor,Root,0.85,0,0
2.13333344,PlayerA,driver,Root,1.00044656,-3.199093E-06,0.0228022188
2.13333344,PlayerA,native,AnimatorRoot,1.00044656,-3.199093E-06,0.0228022188
2.13333344,PlayerA,native,Hips,1.04139388,0.7660174,0.0382034034
2.13333344,PlayerA,native,Head,0.9948339,1.28565013,0.008250371
2.13333344,PlayerA,native,Chest,1.03371775,0.985057056,0.0299202055
2.13333344,PlayerA,native,LeftHand,0.851873338,0.769516945,-0.07988564
2.13333344,PlayerA,native,RightHand,0.7513783,0.8537291,-0.0393923037
2.13333344,PlayerA,native,LeftFoot,0.836199164,0.118943684,-0.3931524
2.13333344,PlayerA,native,RightFoot,1.198014,0.119263515,0.433149248
2.13333344,PlayerA,fighter,AnimatorRoot,0.85,0,0
2.13333344,PlayerA,fighter,Hips,1.041394,0.7660174,0.03820342
2.13333344,PlayerA,fighter,Head,0.9948183,1.25255454,0.00553107262
2.13333344,PlayerA,fighter,Chest,1.04359519,0.9692777,0.0301057547
2.13333344,PlayerA,fighter,LeftHand,0.852222562,0.768753946,-0.08126125
2.13333344,PlayerA,fighter,RightHand,0.752697349,0.856153,-0.03637092
2.13333344,PlayerA,fighter,LeftFoot,0.8361992,0.118943267,-0.3931524
2.13333344,PlayerA,fighter,RightFoot,1.198014,0.119263604,0.433149248
2.13333344,PlayerB,actor,Root,-0.850000262,0,-2.026558E-07
2.13333344,PlayerB,driver,Root,-0.8480658,-0.298988,-0.0819059238
2.13333344,PlayerB,native,AnimatorRoot,-0.8480658,-0.298988,-0.0819059238
2.13333344,PlayerB,native,Hips,-0.7827564,0.40932712,-0.0564858
2.13333344,PlayerB,native,Head,-0.8626246,0.8742329,-0.09859039
2.13333344,PlayerB,native,Chest,-0.7678284,0.6099839,-0.0743245
2.13333344,PlayerB,native,LeftHand,-0.8229571,0.401519865,0.252357364
2.13333344,PlayerB,native,RightHand,-0.8062009,0.374975473,-0.3536976
2.13333344,PlayerB,native,LeftFoot,-1.17086959,0.1064553,0.129816666
2.13333344,PlayerB,native,RightFoot,-1.18196368,0.0580567122,-0.400114447
2.13333344,PlayerB,fighter,AnimatorRoot,-0.850000262,0,-2.026558E-07
2.13333344,PlayerB,fighter,Hips,-0.7827564,0.4093271,-0.05648581
2.13333344,PlayerB,fighter,Head,-0.955531538,1.08296013,-0.09251915
2.13333344,PlayerB,fighter,Chest,-0.78730303,0.692405164,-0.08227513
2.13333344,PlayerB,fighter,LeftHand,-0.8229571,0.401519746,0.2523572
2.13333344,PlayerB,fighter,RightHand,-0.806200862,0.374975562,-0.353697568
2.13333344,PlayerB,fighter,LeftFoot,-1.17086959,0.106455289,0.129816711
2.13333344,PlayerB,fighter,RightFoot,-1.1819638,0.0580567755,-0.400114566
2.15,PlayerA,actor,Root,0.85,0,0
2.15,PlayerA,driver,Root,1.00044656,-3.199093E-06,0.0228022337
2.15,PlayerA,native,AnimatorRoot,1.00044656,-3.199093E-06,0.0228022337
2.15,PlayerA,native,Hips,1.04139388,0.7660174,0.03820342
2.15,PlayerA,native,Head,0.9948339,1.28565013,0.00825038552
2.15,PlayerA,native,Chest,1.03371775,0.985057056,0.02992022
2.15,PlayerA,native,LeftHand,0.851873338,0.769516945,-0.0798856243
2.15,PlayerA,native,RightHand,0.7513783,0.8537291,-0.03939229
2.15,PlayerA,native,LeftFoot,0.836199164,0.118943684,-0.3931524
2.15,PlayerA,native,RightFoot,1.198014,0.119263515,0.433149248
2.15,PlayerA,fighter,AnimatorRoot,0.85,0,0
2.15,PlayerA,fighter,Hips,1.041394,0.7660174,0.03820342
2.15,PlayerA,fighter,Head,0.9948183,1.25255454,0.00553108752
2.15,PlayerA,fighter,Chest,1.04359519,0.9692777,0.03010577
2.15,PlayerA,fighter,LeftHand,0.852222562,0.7687538,-0.08126116
2.15,PlayerA,fighter,RightHand,0.7526974,0.856153131,-0.0363708474
2.15,PlayerA,fighter,LeftFoot,0.836199164,0.11894355,-0.393152446
2.15,PlayerA,fighter,RightFoot,1.198014,0.1192637,0.433149248
2.15,PlayerB,actor,Root,-0.850000262,0,-2.026558E-07
2.15,PlayerB,driver,Root,-0.840892255,-0.303158671,-0.08043089
2.15,PlayerB,native,AnimatorRoot,-0.840892255,-0.303158671,-0.08043089
2.15,PlayerB,native,Hips,-0.7764714,0.4036022,-0.0551799759
2.15,PlayerB,native,Head,-0.850853145,0.870535731,-0.0974183455
2.15,PlayerB,native,Chest,-0.76145494,0.60444653,-0.07277894
2.15,PlayerB,native,LeftHand,-0.7951501,0.4001973,0.25271526
2.15,PlayerB,native,RightHand,-0.7794056,0.3727456,-0.3484924
2.15,PlayerB,native,LeftFoot,-1.17066169,0.106196165,0.132086232
2.15,PlayerB,native,RightFoot,-1.18208075,0.0578605533,-0.400185168
2.15,PlayerB,fighter,AnimatorRoot,-0.850000262,0,-2.026558E-07
2.15,PlayerB,fighter,Hips,-0.7764714,0.403602183,-0.0551799871
2.15,PlayerB,fighter,Head,-0.939155757,1.08185744,-0.09105602
2.15,PlayerB,fighter,Chest,-0.7802079,0.6868344,-0.0806122348
2.15,PlayerB,fighter,LeftHand,-0.79515,0.400197148,0.252715319
2.15,PlayerB,fighter,RightHand,-0.7794054,0.372745454,-0.3484923
2.15,PlayerB,fighter,LeftFoot,-1.17066169,0.106196187,0.132086262
2.15,PlayerB,fighter,RightFoot,-1.18208075,0.0578605533,-0.400185078
2.16666675,PlayerA,actor,Root,0.85,0,0
2.16666675,PlayerA,driver,Root,1.00044656,-3.199093E-06,0.0228022486
2.16666675,PlayerA,native,AnimatorRoot,1.00044656,-3.199093E-06,0.0228022486
2.16666675,PlayerA,native,Hips,1.04139388,0.7660174,0.0382034332
2.16666675,PlayerA,native,Head,0.9948339,1.28565013,0.0082504
2.16666675,PlayerA,native,Chest,1.03371775,0.985057056,0.0299202353
2.16666675,PlayerA,native,LeftHand,0.851873338,0.769516945,-0.07988561
2.16666675,PlayerA,native,RightHand,0.7513783,0.8537291,-0.0393922739
2.16666675,PlayerA,native,LeftFoot,0.836199164,0.118943684,-0.393152356
2.16666675,PlayerA,native,RightFoot,1.198014,0.119263515,0.433149278
2.16666675,PlayerA,fighter,AnimatorRoot,0.85,0,0
2.16666675,PlayerA,fighter,Hips,1.041394,0.7660174,0.0382034481
2.16666675,PlayerA,fighter,Head,0.9948183,1.25255454,0.00553110242
2.16666675,PlayerA,fighter,Chest,1.04359519,0.9692777,0.0301057845
2.16666675,PlayerA,fighter,LeftHand,0.852222562,0.768753946,-0.0812612846
2.16666675,PlayerA,fighter,RightHand,0.752697349,0.856153131,-0.0363709033
2.16666675,PlayerA,fighter,LeftFoot,0.8361992,0.118943311,-0.393152565
2.16666675,PlayerA,fighter,RightFoot,1.1980139,0.119263604,0.433149248
2.16666675,PlayerB,actor,Root,-0.850000262,0,-2.026558E-07
2.16666675,PlayerB,driver,Root,-0.8339105,-0.3074126,-0.0789219961
2.16666675,PlayerB,native,AnimatorRoot,-0.8339105,-0.3074126,-0.0789219961
2.16666675,PlayerB,native,Hips,-0.7701658,0.397812754,-0.05390522
2.16666675,PlayerB,native,Head,-0.8396501,0.8665036,-0.0961534455
2.16666675,PlayerB,native,Chest,-0.7551806,0.598844767,-0.07112966
2.16666675,PlayerB,native,LeftHand,-0.768286169,0.3990521,0.252376825
2.16666675,PlayerB,native,RightHand,-0.752498,0.3711926,-0.3429511
2.16666675,PlayerB,native,LeftFoot,-1.17048132,0.106029063,0.134338647
2.16666675,PlayerB,native,RightFoot,-1.18215108,0.05782321,-0.400297016
2.16666675,PlayerB,fighter,AnimatorRoot,-0.850000262,0,-2.026558E-07
2.16666675,PlayerB,fighter,Hips,-0.7701658,0.397812724,-0.05390523
2.16666675,PlayerB,fighter,Head,-0.923462033,1.08024287,-0.08954789
2.16666675,PlayerB,fighter,Chest,-0.773304939,0.681192338,-0.07884147
2.16666675,PlayerB,fighter,LeftHand,-0.7682861,0.399052054,0.252376854
2.16666675,PlayerB,fighter,RightHand,-0.752497852,0.371192575,-0.34295103
2.16666675,PlayerB,fighter,LeftFoot,-1.1704812,0.106028855,0.1343387
2.16666675,PlayerB,fighter,RightFoot,-1.18215108,0.05782321,-0.400297076
2.1833334,PlayerA,actor,Root,0.85,0,0
2.1833334,PlayerA,driver,Root,1.00044656,-3.199093E-06,0.0228022635
2.1833334,PlayerA,native,AnimatorRoot,1.00044656,-3.199093E-06,0.0228022635
2.1833334,PlayerA,native,Hips,1.04139388,0.7660174,0.0382034481
2.1833334,PlayerA,native,Head,0.9948339,1.28565013,0.008250415
2.1833334,PlayerA,native,Chest,1.03371775,0.985057056,0.02992025
2.1833334,PlayerA,native,LeftHand,0.851873338,0.769516945,-0.0798855945
2.1833334,PlayerA,native,RightHand,0.7513783,0.8537291,-0.03939226
2.1833334,PlayerA,native,LeftFoot,0.836199164,0.118943684,-0.393152356
2.1833334,PlayerA,native,RightFoot,1.198014,0.119263515,0.433149278
2.1833334,PlayerA,fighter,AnimatorRoot,0.85,0,0
2.1833334,PlayerA,fighter,Hips,1.041394,0.7660174,0.0382034481
2.1833334,PlayerA,fighter,Head,0.9948183,1.25255454,0.00553111732
2.1833334,PlayerA,fighter,Chest,1.04359519,0.9692777,0.0301058
2.1833334,PlayerA,fighter,LeftHand,0.8522225,0.7687539,-0.08126128
2.1833334,PlayerA,fighter,RightHand,0.752697349,0.856153131,-0.036370866
2.1833334,PlayerA,fighter,LeftFoot,0.836199164,0.118943311,-0.393152446
2.1833334,PlayerA,fighter,RightFoot,1.1980139,0.119263649,0.4331492
2.1833334,PlayerB,actor,Root,-0.850000262,0,-2.026558E-07
2.1833334,PlayerB,driver,Root,-0.827069044,-0.3114727,-0.07741194
2.1833334,PlayerB,native,AnimatorRoot,-0.827069044,-0.3114727,-0.07741194
2.1833334,PlayerB,native,Hips,-0.763921857,0.392282069,-0.0527132079
2.1833334,PlayerB,native,Head,-0.8287801,0.8624708,-0.09473486
2.1833334,PlayerB,native,Chest,-0.748780251,0.593469143,-0.06942229
2.1833334,PlayerB,native,LeftHand,-0.7427771,0.39823097,0.2514162
2.1833334,PlayerB,native,RightHand,-0.7264417,0.370524049,-0.337170243
2.1833334,PlayerB,native,LeftFoot,-1.17032981,0.105965674,0.136683732
2.1833334,PlayerB,native,RightFoot,-1.1822021,0.0579278469,-0.400439352
2.1833334,PlayerB,fighter,AnimatorRoot,-0.850000262,0,-2.026558E-07
2.1833334,PlayerB,fighter,Hips,-0.763921857,0.392282039,-0.0527132228
2.1833334,PlayerB,fighter,Head,-0.9082272,1.078418,-0.08785429
2.1833334,PlayerB,fighter,Chest,-0.766293168,0.6758033,-0.07699227
2.1833334,PlayerB,fighter,LeftHand,-0.742777,0.398231,0.2514163
2.1833334,PlayerB,fighter,RightHand,-0.726441443,0.370523781,-0.337170064
2.1833334,PlayerB,fighter,LeftFoot,-1.17032981,0.105965771,0.136683777
2.1833334,PlayerB,fighter,RightFoot,-1.18220222,0.0579279363,-0.400439322
2.2,PlayerA,actor,Root,0.85,0,0
2.2,PlayerA,driver,Root,1.00044656,-3.199093E-06,0.0228022784
2.2,PlayerA,native,AnimatorRoot,1.00044656,-3.199093E-06,0.0228022784
2.2,PlayerA,native,Hips,1.04139388,0.7660174,0.038203463
2.2,PlayerA,native,Head,0.9948339,1.28565013,0.00825043
2.2,PlayerA,native,Chest,1.03371775,0.985057056,0.0299202651
2.2,PlayerA,native,LeftHand,0.851873338,0.769516945,-0.07988558
2.2,PlayerA,native,RightHand,0.7513783,0.8537291,-0.0393922441
2.2,PlayerA,native,LeftFoot,0.836199164,0.118943684,-0.393152326
2.2,PlayerA,native,RightFoot,1.198014,0.119263515,0.4331493
2.2,PlayerA,fighter,AnimatorRoot,0.85,0,0
2.2,PlayerA,fighter,Hips,1.041394,0.7660174,0.0382034779
2.2,PlayerA,fighter,Head,0.9948183,1.25255454,0.005531132
2.2,PlayerA,fighter,Chest,1.04359519,0.9692777,0.0301058143
2.2,PlayerA,fighter,LeftHand,0.8522226,0.768753946,-0.08126117
2.2,PlayerA,fighter,RightHand,0.752697349,0.856153131,-0.0363708027
2.2,PlayerA,fighter,LeftFoot,0.8361992,0.11894355,-0.393152356
2.2,PlayerA,fighter,RightFoot,1.1980139,0.119263649,0.433149278
2.2,PlayerB,actor,Root,-0.850000262,0,-2.026558E-07
2.2,PlayerB,driver,Root,-0.8203004,-0.315105855,-0.0759572
2.2,PlayerB,native,AnimatorRoot,-0.8203004,-0.315105855,-0.0759572
2.2,PlayerB,native,Hips,-0.757815957,0.387302816,-0.05164829
2.2,PlayerB,native,Head,-0.8179983,0.8587329,-0.09314721
2.2,PlayerB,native,Chest,-0.742021143,0.588579,-0.0677106157
2.2,PlayerB,native,LeftHand,-0.7189797,0.3976714,0.249722958
2.2,PlayerB,native,RightHand,-0.702110648,0.370712221,-0.331196
2.2,PlayerB,native,LeftFoot,-1.170216,0.105995059,0.139016554
2.2,PlayerB,native,RightFoot,-1.18221116,0.0581818521,-0.400629938
2.2,PlayerB,fighter,AnimatorRoot,-0.850000262,0,-2.026558E-07
2.2,PlayerB,fighter,Hips,-0.757815957,0.3873028,-0.0516482964
2.2,PlayerB,fighter,Head,-0.89322263,1.0766561,-0.085903734
2.2,PlayerB,fighter,Chest,-0.758863449,0.6709544,-0.07511134
2.2,PlayerB,fighter,LeftHand,-0.718979657,0.397671521,0.249722987
2.2,PlayerB,fighter,RightHand,-0.7021104,0.370711952,-0.33119604
2.2,PlayerB,fighter,LeftFoot,-1.17021608,0.105995081,0.139016584
2.2,PlayerB,fighter,RightFoot,-1.18221128,0.05818178,-0.400630057
2.2166667,PlayerA,actor,Root,0.85,0,0
2.2166667,PlayerA,driver,Root,1.00044656,-3.199093E-06,0.0228022933
2.2166667,PlayerA,native,AnimatorRoot,1.00044656,-3.199093E-06,0.0228022933
2.2166667,PlayerA,native,Hips,1.04139388,0.7660174,0.0382034779
2.2166667,PlayerA,native,Head,0.9948339,1.28565013,0.008250445
2.2166667,PlayerA,native,Chest,1.03371775,0.985057056,0.02992028
2.2166667,PlayerA,native,LeftHand,0.851873338,0.769516945,-0.0798855647
2.2166667,PlayerA,native,RightHand,0.7513783,0.8537291,-0.03939223
2.2166667,PlayerA,native,LeftFoot,0.836199164,0.118943684,-0.393152326
2.2166667,PlayerA,native,RightFoot,1.198014,0.119263515,0.4331493
2.2166667,PlayerA,fighter,AnimatorRoot,0.85,0,0
2.2166667,PlayerA,fighter,Hips,1.041394,0.7660174,0.0382034779
2.2166667,PlayerA,fighter,Head,0.9948183,1.25255454,0.005531147
2.2166667,PlayerA,fighter,Chest,1.04359519,0.9692777,0.03010583
2.2166667,PlayerA,fighter,LeftHand,0.852222562,0.7687539,-0.08126114
2.2166667,PlayerA,fighter,RightHand,0.7526973,0.856153131,-0.0363708362
2.2166667,PlayerA,fighter,LeftFoot,0.8361991,0.118943743,-0.393152326
2.2166667,PlayerA,fighter,RightFoot,1.198014,0.1192637,0.433149278
2.2166667,PlayerB,actor,Root,-0.850000262,0,-2.026558E-07
2.2166667,PlayerB,driver,Root,-0.81347543,-0.317960024,-0.07462008
2.2166667,PlayerB,native,AnimatorRoot,-0.81347543,-0.317960024,-0.07462008
2.2166667,PlayerB,native,Hips,-0.7519727,0.3833264,-0.05078873
2.2166667,PlayerB,native,Head,-0.806836247,0.8557379,-0.0913248658
2.2166667,PlayerB,native,Chest,-0.734520137,0.5845649,-0.0660613
2.2166667,PlayerB,native,LeftHand,-0.6973974,0.397172272,0.247114152
2.2166667,PlayerB,native,RightHand,-0.6807349,0.371672034,-0.3252802
2.2166667,PlayerB,native,LeftFoot,-1.17013478,0.10611105,0.141377673
2.2166667,PlayerB,native,RightFoot,-1.18220162,0.0585638881,-0.400840819
2.2166667,PlayerB,fighter,AnimatorRoot,-0.850000262,0,-2.026558E-07
2.2166667,PlayerB,fighter,Hips,-0.7519727,0.3833264,-0.0507887453
2.2166667,PlayerB,fighter,Head,-0.8779408,1.07539809,-0.0835459754
2.2166667,PlayerB,fighter,Chest,-0.750499368,0.6670814,-0.07324307
2.2166667,PlayerB,fighter,LeftHand,-0.697397351,0.3971722,0.2471142
2.2166667,PlayerB,fighter,RightHand,-0.6807347,0.3716719,-0.3252801
2.2166667,PlayerB,fighter,LeftFoot,-1.17013466,0.106111117,0.141377747
2.2166667,PlayerB,fighter,RightFoot,-1.18220162,0.0585639663,-0.400840849
2.22222233,PlayerA,actor,Root,0.85,0,0
2.22222233,PlayerA,driver,Root,1.00044656,-3.199093E-06,0.0228023082
2.22222233,PlayerA,native,AnimatorRoot,1.00044656,-3.199093E-06,0.0228023082
2.22222233,PlayerA,native,Hips,1.04139388,0.7660174,0.0382034928
2.22222233,PlayerA,native,Head,0.9948339,1.28565013,0.00825046
2.22222233,PlayerA,native,Chest,1.03371775,0.985057056,0.0299202949
2.22222233,PlayerA,native,LeftHand,0.851873338,0.769516945,-0.07988555
2.22222233,PlayerA,native,RightHand,0.7513783,0.8537291,-0.0393922143
2.22222233,PlayerA,native,LeftFoot,0.836199164,0.118943684,-0.3931523
2.22222233,PlayerA,native,RightFoot,1.198014,0.119263515,0.433149338
2.22222233,PlayerA,fighter,AnimatorRoot,0.85,0,0
2.22222233,PlayerA,fighter,Hips,1.041394,0.7660174,0.0382035077
2.22222233,PlayerA,fighter,Head,0.9948183,1.25255454,0.005531162
2.22222233,PlayerA,fighter,Chest,1.04359519,0.9692777,0.0301058441
2.22222233,PlayerA,fighter,LeftHand,0.852222562,0.768754,-0.081261225
2.22222233,PlayerA,fighter,RightHand,0.752697349,0.856153131,-0.0363709
2.22222233,PlayerA,fighter,LeftFoot,0.8361992,0.118943408,-0.3931524
2.22222233,PlayerA,fighter,RightFoot,1.1980139,0.119263604,0.433149278
2.22222233,PlayerB,actor,Root,-0.850000262,0,-2.026558E-07
2.22222233,PlayerB,driver,Root,-0.8112076,-0.318760067,-0.07419992
2.22222233,PlayerB,native,AnimatorRoot,-0.8112076,-0.318760067,-0.07419992
2.22222233,PlayerB,native,Hips,-0.750073,0.3822002,-0.0505422
2.22222233,PlayerB,native,Head,-0.8030975,0.8548765,-0.0906875357
2.22222233,PlayerB,native,Chest,-0.7318949,0.583399534,-0.0655255
2.22222233,PlayerB,native,LeftHand,-0.6906615,0.397006482,0.24605681
2.22222233,PlayerB,native,RightHand,-0.674169838,0.3721154,-0.323337376
2.22222233,PlayerB,native,LeftFoot,-1.17011452,0.106171578,0.142183617
2.22222233,PlayerB,native,RightFoot,-1.18219519,0.05871868,-0.4009177
2.22222233,PlayerB,fighter,AnimatorRoot,-0.850000262,0,-2.026558E-07
2.22222233,PlayerB,fighter,Hips,-0.750073,0.382200152,-0.050542213
2.22222233,PlayerB,fighter,Head,-0.8728861,1.0750581,-0.0827020556
2.22222233,PlayerB,fighter,Chest,-0.747558534,0.6659792,-0.07262732
2.22222233,PlayerB,fighter,LeftHand,-0.69066143,0.397006631,0.246056914
2.22222233,PlayerB,fighter,RightHand,-0.67416966,0.3721151,-0.323337227
2.22222233,PlayerB,fighter,LeftFoot,-1.17011452,0.106171548,0.142183632
2.22222233,PlayerB,fighter,RightFoot,-1.18219519,0.0587186329,-0.400917739
2.23333335,PlayerA,actor,Root,0.85,0,0
2.23333335,PlayerA,driver,Root,1.00044656,-3.199093E-06,0.0228023231
2.23333335,PlayerA,native,AnimatorRoot,1.00044656,-3.199093E-06,0.0228023231
2.23333335,PlayerA,native,Hips,1.04139388,0.7660174,0.0382035077
2.23333335,PlayerA,native,Head,0.9948339,1.28565013,0.008250475
2.23333335,PlayerA,native,Chest,1.03371775,0.985057056,0.02992031
2.23333335,PlayerA,native,LeftHand,0.851873338,0.769516945,-0.0798855349
2.23333335,PlayerA,native,RightHand,0.7513783,0.8537291,-0.0393922
2.23333335,PlayerA,native,LeftFoot,0.836199164,0.118943684,-0.3931523
2.23333335,PlayerA,native,RightFoot,1.198014,0.119263515,0.433149338
2.23333335,PlayerA,fighter,AnimatorRoot,0.85,0,0
2.23333335,PlayerA,fighter,Hips,1.041394,0.7660174,0.0382035077
2.23333335,PlayerA,fighter,Head,0.9948183,1.25255454,0.005531177
2.23333335,PlayerA,fighter,Chest,1.04359519,0.9692777,0.030105859
2.23333335,PlayerA,fighter,LeftHand,0.8522225,0.7687539,-0.08126122
2.23333335,PlayerA,fighter,RightHand,0.7526974,0.8561532,-0.0363708474
2.23333335,PlayerA,fighter,LeftFoot,0.836199164,0.118943356,-0.393152356
2.23333335,PlayerA,fighter,RightFoot,1.198014,0.119263649,0.433149278
2.23333335,PlayerB,actor,Root,-0.850000262,0,-2.026558E-07
2.23333335,PlayerB,driver,Root,-0.8067275,-0.3201141,-0.07341581
2.23333335,PlayerB,native,AnimatorRoot,-0.8067275,-0.3201141,-0.07341581
2.23333335,PlayerB,native,Hips,-0.7463421,0.3802773,-0.0501041263
2.23333335,PlayerB,native,Head,-0.7957296,0.8533664,-0.0894309059
2.23333335,PlayerB,native,Chest,-0.72651,0.5813565,-0.06449263
2.23333335,PlayerB,native,LeftHand,-0.6778858,0.39670065,0.243618309
2.23333335,PlayerB,native,RightHand,-0.6619022,0.373129457,-0.3194755
2.23333335,PlayerB,native,LeftFoot,-1.17008781,0.106318951,0.1437905
2.23333335,PlayerB,native,RightFoot,-1.1821698,0.0590681434,-0.4010894
2.23333335,PlayerB,fighter,AnimatorRoot,-0.850000262,0,-2.026558E-07
2.23333335,PlayerB,fighter,Hips,-0.7463421,0.380277276,-0.0501041375
2.23333335,PlayerB,fighter,Head,-0.8629984,1.07451344,-0.0810163543
2.23333335,PlayerB,fighter,Chest,-0.741522431,0.664080262,-0.07143499
2.23333335,PlayerB,fighter,LeftHand,-0.677885652,0.3967006,0.2436183
2.23333335,PlayerB,fighter,RightHand,-0.661901951,0.373129368,-0.319475442
2.23333335,PlayerB,fighter,LeftFoot,-1.17008781,0.1063189,0.1437905
2.23333335,PlayerB,fighter,RightFoot,-1.18216991,0.05906819,-0.40108937
2.25,PlayerA,actor,Root,0.85,0,0
2.25,PlayerA,driver,Root,1.00044656,-3.199093E-06,0.022802338
2.25,PlayerA,native,AnimatorRoot,1.00044656,-3.199093E-06,0.022802338
2.25,PlayerA,native,Hips,1.04139388,0.7660174,0.0382035226
2.25,PlayerA,native,Head,0.9948339,1.28565013,0.00825049
2.25,PlayerA,native,Chest,1.03371775,0.985057056,0.0299203247
2.25,PlayerA,native,LeftHand,0.851873338,0.769516945,-0.07988552
2.25,PlayerA,native,RightHand,0.7513783,0.8537291,-0.0393921845
2.25,PlayerA,native,LeftFoot,0.836199164,0.118943684,-0.393152267
2.25,PlayerA,native,RightFoot,1.198014,0.119263515,0.433149368
2.25,PlayerA,fighter,AnimatorRoot,0.85,0,0
2.25,PlayerA,fighter,Hips,1.041394,0.7660174,0.0382035375
2.25,PlayerA,fighter,Head,0.9948183,1.25255454,0.005531192
2.25,PlayerA,fighter,Chest,1.04359519,0.9692777,0.0301058739
2.25,PlayerA,fighter,LeftHand,0.852222562,0.768753946,-0.08126113
2.25,PlayerA,fighter,RightHand,0.752697349,0.856153,-0.0363708
2.25,PlayerA,fighter,LeftFoot,0.8361992,0.118943267,-0.393152267
2.25,PlayerA,fighter,RightFoot,1.198014,0.119263604,0.4331494
2.25,PlayerB,actor,Root,-0.850000262,0,-2.026558E-07
2.25,PlayerB,driver,Root,-0.8001221,-0.3214395,-0.0723994747
2.25,PlayerB,native,AnimatorRoot,-0.8001221,-0.3214395,-0.0723994747
2.25,PlayerB,native,Hips,-0.7409443,0.37834537,-0.0496052355
2.25,PlayerB,native,Head,-0.7848619,0.851742268,-0.08758412
2.25,PlayerB,native,Chest,-0.717996836,0.5791064,-0.06306087
2.25,PlayerB,native,LeftHand,-0.660633147,0.396223,0.239096478
2.25,PlayerB,native,RightHand,-0.6459375,0.3749202,-0.313872844
2.25,PlayerB,native,LeftFoot,-1.17008042,0.106602788,0.146190748
2.25,PlayerB,native,RightFoot,-1.18211579,0.05968988,-0.401362419
2.25,PlayerB,fighter,AnimatorRoot,-0.850000262,0,-2.026558E-07
2.25,PlayerB,fighter,Hips,-0.7409443,0.37834534,-0.0496052466
2.25,PlayerB,fighter,Head,-0.8486484,1.07414436,-0.0784735158
2.25,PlayerB,fighter,Chest,-0.7319524,0.6621024,-0.0697610453
2.25,PlayerB,fighter,LeftHand,-0.6606331,0.3962231,0.239096478
2.25,PlayerB,fighter,RightHand,-0.6459374,0.37492,-0.313872784
2.25,PlayerB,fighter,LeftFoot,-1.17008042,0.106602781,0.1461907
2.25,PlayerB,fighter,RightFoot,-1.18211567,0.05968991,-0.401362419
2.26666665,PlayerA,actor,Root,0.85,0,0
2.26666665,PlayerA,driver,Root,1.00044656,-3.199093E-06,0.0228023529
2.26666665,PlayerA,native,AnimatorRoot,1.00044656,-3.199093E-06,0.0228023529
2.26666665,PlayerA,native,Hips,1.04139388,0.7660174,0.0382035375
2.26666665,PlayerA,native,Head,0.9948339,1.28565013,0.008250505
2.26666665,PlayerA,native,Chest,1.03371775,0.985057056,0.02992034
2.26666665,PlayerA,native,LeftHand,0.851873338,0.769516945,-0.0798855051
2.26666665,PlayerA,native,RightHand,0.7513783,0.8537291,-0.03939217
2.26666665,PlayerA,native,LeftFoot,0.836199164,0.118943684,-0.393152267
2.26666665,PlayerA,native,RightFoot,1.198014,0.119263515,0.433149368
2.26666665,PlayerA,fighter,AnimatorRoot,0.85,0,0
2.26666665,PlayerA,fighter,Hips,1.041394,0.7660174,0.0382035375
2.26666665,PlayerA,fighter,Head,0.9948183,1.25255454,0.00553120673
2.26666665,PlayerA,fighter,Chest,1.04359519,0.9692777,0.0301058888
2.26666665,PlayerA,fighter,LeftHand,0.852222562,0.7687538,-0.08126104
2.26666665,PlayerA,fighter,RightHand,0.7526974,0.856153131,-0.03637073
2.26666665,PlayerA,fighter,LeftFoot,0.8361992,0.11894355,-0.393152326
2.26666665,PlayerA,fighter,RightFoot,1.1980139,0.119263649,0.433149278
2.26666665,PlayerB,actor,Root,-0.850000262,0,-2.026558E-07
2.26666665,PlayerB,driver,Root,-0.7937341,-0.322206974,-0.07151363
2.26666665,PlayerB,native,AnimatorRoot,-0.7937341,-0.322206974,-0.07151363
2.26666665,PlayerB,native,Hips,-0.735681832,0.377185941,-0.0492254719
2.26666665,PlayerB,native,Head,-0.7745087,0.8505621,-0.085833244
2.26666665,PlayerB,native,Chest,-0.709270358,0.5774957,-0.06172377
2.26666665,PlayerB,native,LeftHand,-0.645161033,0.395797372,0.2337978
2.26666665,PlayerB,native,RightHand,-0.631903648,0.376899064,-0.308373123
2.26666665,PlayerB,native,LeftFoot,-1.1701138,0.106965005,0.1485995
2.26666665,PlayerB,native,RightFoot,-1.18205285,0.0604167581,-0.4016517
2.26666665,PlayerB,fighter,AnimatorRoot,-0.850000262,0,-2.026558E-07
2.26666665,PlayerB,fighter,Hips,-0.735681832,0.3771859,-0.0492254868
2.26666665,PlayerB,fighter,Head,-0.8351561,1.0740546,-0.0760268942
2.26666665,PlayerB,fighter,Chest,-0.7221665,0.660793245,-0.0681933463
2.26666665,PlayerB,fighter,LeftHand,-0.6451609,0.395797521,0.2337978
2.26666665,PlayerB,fighter,RightHand,-0.6319034,0.376898885,-0.308373123
2.26666665,PlayerB,fighter,LeftFoot,-1.17011368,0.1069651,0.14859952
2.26666665,PlayerB,fighter,RightFoot,-1.18205285,0.06041673,-0.4016517
2.2833333,PlayerA,actor,Root,0.85,0,0
2.2833333,PlayerA,driver,Root,1.00044656,-3.199093E-06,0.0228023678
2.2833333,PlayerA,native,AnimatorRoot,1.00044656,-3.199093E-06,0.0228023678
2.2833333,PlayerA,native,Hips,1.04139388,0.7660174,0.0382035524
2.2833333,PlayerA,native,Head,0.9948339,1.28565013,0.00825052
2.2833333,PlayerA,native,Chest,1.03371775,0.985057056,0.0299203545
2.2833333,PlayerA,native,LeftHand,0.851873338,0.769516945,-0.07988549
2.2833333,PlayerA,native,RightHand,0.7513783,0.8537291,-0.0393921547
2.2833333,PlayerA,native,LeftFoot,0.836199164,0.118943684,-0.393152237
2.2833333,PlayerA,native,RightFoot,1.198014,0.119263515,0.4331494
2.2833333,PlayerA,fighter,AnimatorRoot,0.85,0,0
2.2833333,PlayerA,fighter,Hips,1.041394,0.7660174,0.0382035673
2.2833333,PlayerA,fighter,Head,0.9948183,1.25255454,0.00553122163
2.2833333,PlayerA,fighter,Chest,1.04359519,0.9692777,0.0301059037
2.2833333,PlayerA,fighter,LeftHand,0.852222562,0.768753946,-0.0812611654
2.2833333,PlayerA,fighter,RightHand,0.752697349,0.856153131,-0.0363708623
2.2833333,PlayerA,fighter,LeftFoot,0.8361992,0.118943267,-0.3931524
2.2833333,PlayerA,fighter,RightFoot,1.1980139,0.119263604,0.433149338
2.2833333,PlayerB,actor,Root,-0.850000262,0,-2.026558E-07
2.2833333,PlayerB,driver,Root,-0.7877025,-0.3226331,-0.07072679
2.2833333,PlayerB,native,AnimatorRoot,-0.7877025,-0.3226331,-0.07072679
2.2833333,PlayerB,native,Hips,-0.7304611,0.376510561,-0.0489038
2.2833333,PlayerB,native,Head,-0.765138,0.8495628,-0.08429468
2.2833333,PlayerB,native,Chest,-0.7006701,0.576289535,-0.0604571253
2.2833333,PlayerB,native,LeftHand,-0.6310888,0.395614743,0.227891281
2.2833333,PlayerB,native,RightHand,-0.6190077,0.3790108,-0.302794367
2.2833333,PlayerB,native,LeftFoot,-1.17018914,0.107399642,0.150998414
2.2833333,PlayerB,native,RightFoot,-1.18197346,0.0612445176,-0.401965
2.2833333,PlayerB,fighter,AnimatorRoot,-0.850000262,0,-2.026558E-07
2.2833333,PlayerB,fighter,Hips,-0.7304611,0.376510531,-0.048903808
2.2833333,PlayerB,fighter,Head,-0.823046446,1.07402849,-0.07387451
2.2833333,PlayerB,fighter,Chest,-0.712622762,0.659884155,-0.06673338
2.2833333,PlayerB,fighter,LeftHand,-0.631088734,0.395614952,0.227891266
2.2833333,PlayerB,fighter,RightHand,-0.619007647,0.379010677,-0.302794248
2.2833333,PlayerB,fighter,LeftFoot,-1.170189,0.10739965,0.1509984
2.2833333,PlayerB,fighter,RightFoot,-1.18197346,0.0612444319,-0.4019649
2.3,PlayerA,actor,Root,0.85,0,0
2.3,PlayerA,driver,Root,1.00044656,-3.199093E-06,0.0228023827
2.3,PlayerA,native,AnimatorRoot,1.00044656,-3.199093E-06,0.0228023827
2.3,PlayerA,native,Hips,1.04139388,0.7660174,0.0382035673
2.3,PlayerA,native,Head,0.9948339,1.28565013,0.008250535
2.3,PlayerA,native,Chest,1.03371775,0.985057056,0.02992037
2.3,PlayerA,native,LeftHand,0.851873338,0.769516945,-0.0798854753
2.3,PlayerA,native,RightHand,0.7513783,0.8537291,-0.03939214
2.3,PlayerA,native,LeftFoot,0.836199164,0.118943684,-0.393152237
2.3,PlayerA,native,RightFoot,1.198014,0.119263515,0.4331494
2.3,PlayerA,fighter,AnimatorRoot,0.85,0,0
2.3,PlayerA,fighter,Hips,1.041394,0.7660174,0.0382035673
2.3,PlayerA,fighter,Head,0.9948183,1.25255454,0.00553123653
2.3,PlayerA,fighter,Chest,1.04359519,0.9692777,0.0301059186
2.3,PlayerA,fighter,LeftHand,0.8522225,0.7687539,-0.08126116
2.3,PlayerA,fighter,RightHand,0.752697349,0.856153131,-0.0363707468
2.3,PlayerA,fighter,LeftFoot,0.836199164,0.118943356,-0.393152267
2.3,PlayerA,fighter,RightFoot,1.198014,0.1192637,0.4331494
2.3,PlayerB,actor,Root,-0.850000262,0,-2.026558E-07
2.3,PlayerB,driver,Root,-0.7819009,-0.3227515,-0.0700161
2.3,PlayerB,native,AnimatorRoot,-0.7819009,-0.3227515,-0.0700161
2.3,PlayerB,native,Hips,-0.725299656,0.376275629,-0.0486449152
2.3,PlayerB,native,Head,-0.7563542,0.8487563,-0.08285028
2.3,PlayerB,native,Chest,-0.6920595,0.575422168,-0.0592461154
2.3,PlayerB,native,LeftHand,-0.618330657,0.395515054,0.221424565
2.3,PlayerB,native,RightHand,-0.6073122,0.3811675,-0.297190875
2.3,PlayerB,native,LeftFoot,-1.17030859,0.107899606,0.153383389
2.3,PlayerB,native,RightFoot,-1.18188584,0.0621617734,-0.402292758
2.3,PlayerB,fighter,AnimatorRoot,-0.850000262,0,-2.026558E-07
2.3,PlayerB,fighter,Hips,-0.725299656,0.3762756,-0.04864493
2.3,PlayerB,fighter,Head,-0.8118052,1.07410753,-0.07184489
2.3,PlayerB,fighter,Chest,-0.703114867,0.6593248,-0.0653438941
2.3,PlayerB,fighter,LeftHand,-0.6183305,0.395515025,0.221424535
2.3,PlayerB,fighter,RightHand,-0.6073121,0.381167352,-0.297190815
2.3,PlayerB,fighter,LeftFoot,-1.17030859,0.107899621,0.153383374
2.3,PlayerB,fighter,RightFoot,-1.181886,0.0621615946,-0.402292758
2.3166666,PlayerA,actor,Root,0.85,0,0
2.3166666,PlayerA,driver,Root,1.00044656,-3.199093E-06,0.0228023976
2.3166666,PlayerA,native,AnimatorRoot,1.00044656,-3.199093E-06,0.0228023976
2.3166666,PlayerA,native,Hips,1.04139388,0.7660174,0.0382035822
2.3166666,PlayerA,native,Head,0.9948339,1.28565013,0.008250549
2.3166666,PlayerA,native,Chest,1.03371775,0.985057056,0.0299203843
2.3166666,PlayerA,native,LeftHand,0.851873338,0.769516945,-0.07988546
2.3166666,PlayerA,native,RightHand,0.7513783,0.8537291,-0.0393921249
2.3166666,PlayerA,native,LeftFoot,0.836199164,0.118943684,-0.3931522
2.3166666,PlayerA,native,RightFoot,1.198014,0.119263515,0.433149427
2.3166666,PlayerA,fighter,AnimatorRoot,0.85,0,0
2.3166666,PlayerA,fighter,Hips,1.041394,0.7660174,0.0382035971
2.3166666,PlayerA,fighter,Head,0.9948183,1.25255454,0.00553125143
2.3166666,PlayerA,fighter,Chest,1.04359519,0.9692777,0.0301059335
2.3166666,PlayerA,fighter,LeftHand,0.8522226,0.768753946,-0.08126105
2.3166666,PlayerA,fighter,RightHand,0.752697349,0.856153131,-0.0363706835
2.3166666,PlayerA,fighter,LeftFoot,0.8361992,0.11894355,-0.393152237
2.3166666,PlayerA,fighter,RightFoot,1.1980139,0.119263649,0.4331494
2.3166666,PlayerB,actor,Root,-0.850000262,0,-2.026558E-07
2.3166666,PlayerB,driver,Root,-0.776270449,-0.322641134,-0.06935444
2.3166666,PlayerB,native,AnimatorRoot,-0.776270449,-0.322641134,-0.06935444
2.3166666,PlayerB,native,Hips,-0.720190167,0.37637943,-0.0484374538
2.3166666,PlayerB,native,Head,-0.747978568,0.848081231,-0.0814393461
2.3166666,PlayerB,native,Chest,-0.6834241,0.5747877,-0.0580734
2.3166666,PlayerB,native,LeftHand,-0.6067017,0.395455182,0.214527071
2.3166666,PlayerB,native,RightHand,-0.5966537,0.383289754,-0.291538328
2.3166666,PlayerB,native,LeftFoot,-1.17047453,0.108465195,0.155748174
2.3166666,PlayerB,native,RightFoot,-1.18178952,0.06316233,-0.402639538
2.3166666,PlayerB,fighter,AnimatorRoot,-0.850000262,0,-2.026558E-07
2.3166666,PlayerB,fighter,Hips,-0.720190167,0.3763794,-0.04843747
2.3166666,PlayerB,fighter,Head,-0.8011767,1.07425523,-0.06985537
2.3166666,PlayerB,fighter,Chest,-0.6936058,0.659011,-0.06399682
2.3166666,PlayerB,fighter,LeftHand,-0.606701553,0.3954552,0.214526981
2.3166666,PlayerB,fighter,RightHand,-0.5966537,0.383289635,-0.291538239
2.3166666,PlayerB,fighter,LeftFoot,-1.17047453,0.108465262,0.155748233
2.3166666,PlayerB,fighter,RightFoot,-1.1817894,0.0631622449,-0.402639538
2.33333325,PlayerA,actor,Root,0.85,0,0
2.33333325,PlayerA,driver,Root,1.00044656,-3.199093E-06,0.0228024125
2.33333325,PlayerA,native,AnimatorRoot,1.00044656,-3.199093E-06,0.0228024125
2.33333325,PlayerA,native,Hips,1.04139388,0.7660174,0.0382035971
2.33333325,PlayerA,native,Head,0.9948339,1.28565013,0.008250564
2.33333325,PlayerA,native,Chest,1.03371775,0.985057056,0.0299204
2.33333325,PlayerA,native,LeftHand,0.851873338,0.769516945,-0.0798854455
2.33333325,PlayerA,native,RightHand,0.7513783,0.8537291,-0.03939211
2.33333325,PlayerA,native,LeftFoot,0.836199164,0.118943684,-0.3931522
2.33333325,PlayerA,native,RightFoot,1.198014,0.119263515,0.433149427
2.33333325,PlayerA,fighter,AnimatorRoot,0.85,0,0
2.33333325,PlayerA,fighter,Hips,1.041394,0.7660174,0.0382035971
2.33333325,PlayerA,fighter,Head,0.9948183,1.25255454,0.00553126633
2.33333325,PlayerA,fighter,Chest,1.04359519,0.9692777,0.0301059484
2.33333325,PlayerA,fighter,LeftHand,0.852222562,0.7687539,-0.0812610239
2.33333325,PlayerA,fighter,RightHand,0.7526973,0.856153131,-0.036370717
2.33333325,PlayerA,fighter,LeftFoot,0.8361992,0.11894355,-0.393152267
2.33333325,PlayerA,fighter,RightFoot,1.1980139,0.119263649,0.433149338
2.33333325,PlayerB,actor,Root,-0.850000262,0,-2.026558E-07
2.33333325,PlayerB,driver,Root,-0.7707477,-0.32238242,-0.06872314
2.33333325,PlayerB,native,AnimatorRoot,-0.7707477,-0.32238242,-0.06872314
2.33333325,PlayerB,native,Hips,-0.715122,0.376718253,-0.04827095
2.33333325,PlayerB,native,Head,-0.739826441,0.8474705,-0.08001264
2.33333325,PlayerB,native,Chest,-0.6747455,0.574278235,-0.0569254
2.33333325,PlayerB,native,LeftHand,-0.5960186,0.395372,0.207287818
2.33333325,PlayerB,native,RightHand,-0.586871147,0.385297447,-0.2858539
2.33333325,PlayerB,native,LeftFoot,-1.17068744,0.109087974,0.1580817
2.33333325,PlayerB,native,RightFoot,-1.181694,0.0642375052,-0.4029895
2.33333325,PlayerB,fighter,AnimatorRoot,-0.850000262,0,-2.026558E-07
2.33333325,PlayerB,fighter,Hips,-0.715122,0.376718223,-0.0482709631
2.33333325,PlayerB,fighter,Head,-0.7908959,1.07442629,-0.06783989
2.33333325,PlayerB,fighter,Chest,-0.6840537,0.6588346,-0.06266931
2.33333325,PlayerB,fighter,LeftHand,-0.596018553,0.395372123,0.207287788
2.33333325,PlayerB,fighter,RightHand,-0.586871,0.385297269,-0.2858537
2.33333325,PlayerB,fighter,LeftFoot,-1.17068756,0.109087981,0.15808171
2.33333325,PlayerB,fighter,RightFoot,-1.181694,0.06423749,-0.4029895
2.345679,PlayerA,actor,Root,0.85,0,0
2.345679,PlayerA,driver,Root,1.00044656,-3.199093E-06,0.0228024274
2.345679,PlayerA,native,AnimatorRoot,1.00044656,-3.199093E-06,0.0228024274
2.345679,PlayerA,native,Hips,1.04139388,0.7660174,0.038203612
2.345679,PlayerA,native,Head,0.9948339,1.28565013,0.008250579
2.345679,PlayerA,native,Chest,1.03371775,0.985057056,0.0299204141
2.345679,PlayerA,native,LeftHand,0.851873338,0.769516945,-0.07988543
2.345679,PlayerA,native,RightHand,0.7513783,0.8537291,-0.0393920951
2.345679,PlayerA,native,LeftFoot,0.836199164,0.118943684,-0.393152177
2.345679,PlayerA,native,RightFoot,1.198014,0.119263515,0.433149457
2.345679,PlayerA,fighter,AnimatorRoot,0.85,0,0
2.345679,PlayerA,fighter,Hips,1.041394,0.7660174,0.0382036269
2.345679,PlayerA,fighter,Head,0.9948183,1.25255454,0.00553128123
2.345679,PlayerA,fighter,Chest,1.04359519,0.9692777,0.0301059633
2.345679,PlayerA,fighter,LeftHand,0.852222562,0.768753946,-0.0812611058
2.345679,PlayerA,fighter,RightHand,0.752697349,0.856153131,-0.03637078
2.345679,PlayerA,fighter,LeftFoot,0.836199164,0.118943267,-0.393152356
2.345679,PlayerA,fighter,RightFoot,1.1980139,0.119263604,0.433149427
2.345679,PlayerB,actor,Root,-0.850000262,0,-2.026558E-07
2.345679,PlayerB,driver,Root,-0.7666844,-0.322148472,-0.06826185
2.345679,PlayerB,native,AnimatorRoot,-0.7666844,-0.322148472,-0.06826185
2.345679,PlayerB,native,Hips,-0.711389,0.377050847,-0.04816559
2.345679,PlayerB,native,Head,-0.7338109,0.8470155,-0.07890908
2.345679,PlayerB,native,Chest,-0.6682788,0.5739094,-0.05607947
2.345679,PlayerB,native,LeftHand,-0.5885994,0.39524737,0.201765478
2.345679,PlayerB,native,RightHand,-0.580073953,0.386663765,-0.281623334
2.345679,PlayerB,native,LeftFoot,-1.17087817,0.109585553,0.159789518
2.345679,PlayerB,native,RightFoot,-1.18162227,0.06507662,-0.403255463
2.345679,PlayerB,fighter,AnimatorRoot,-0.850000262,0,-2.026558E-07
2.345679,PlayerB,fighter,Hips,-0.711389,0.377050817,-0.048165597
2.345679,PlayerB,fighter,Head,-0.7833298,1.07453394,-0.06627976
2.345679,PlayerB,fighter,Chest,-0.6769248,0.658719063,-0.061680302
2.345679,PlayerB,fighter,LeftHand,-0.588599265,0.3952474,0.201765507
2.345679,PlayerB,fighter,RightHand,-0.580073833,0.3866636,-0.281623274
2.345679,PlayerB,fighter,LeftFoot,-1.17087817,0.1095857,0.159789518
2.345679,PlayerB,fighter,RightFoot,-1.18162227,0.06507646,-0.4032554
2.35,PlayerA,actor,Root,0.85,0,0
2.35,PlayerA,driver,Root,1.00044656,-3.199093E-06,0.0228024423
2.35,PlayerA,native,AnimatorRoot,1.00044656,-3.199093E-06,0.0228024423
2.35,PlayerA,native,Hips,1.04139388,0.7660174,0.0382036269
2.35,PlayerA,native,Head,0.9948339,1.28565013,0.008250594
2.35,PlayerA,native,Chest,1.03371775,0.985057056,0.029920429
2.35,PlayerA,native,LeftHand,0.851873338,0.769516945,-0.0798854157
2.35,PlayerA,native,RightHand,0.7513783,0.8537291,-0.03939208
2.35,PlayerA,native,LeftFoot,0.836199164,0.118943684,-0.393152177
2.35,PlayerA,native,RightFoot,1.198014,0.119263515,0.433149457
2.35,PlayerA,fighter,AnimatorRoot,0.85,0,0
2.35,PlayerA,fighter,Hips,1.041394,0.7660174,0.0382036269
2.35,PlayerA,fighter,Head,0.9948183,1.25255454,0.005531296
2.35,PlayerA,fighter,Chest,1.04359519,0.9692777,0.0301059783
2.35,PlayerA,fighter,LeftHand,0.8522225,0.7687539,-0.0812611
2.35,PlayerA,fighter,RightHand,0.7526974,0.8561532,-0.03637073
2.35,PlayerA,fighter,LeftFoot,0.836199164,0.118943311,-0.393152267
2.35,PlayerA,fighter,RightFoot,1.1980139,0.119263649,0.4331494
2.35,PlayerB,actor,Root,-0.850000262,0,-2.026558E-07
2.35,PlayerB,driver,Root,-0.7652701,-0.322055042,-0.06810241
2.35,PlayerB,native,AnimatorRoot,-0.7652701,-0.322055042,-0.06810241
2.35,PlayerB,native,Hips,-0.7100869,0.377188027,-0.0481327921
2.35,PlayerB,native,Head,-0.7317172,0.8468575,-0.07851563
2.35,PlayerB,native,Chest,-0.6660087,0.5737856,-0.0557852462
2.35,PlayerB,native,LeftHand,-0.586106658,0.395195663,0.199801326
2.35,PlayerB,native,RightHand,-0.577789,0.387118638,-0.28014
2.35,PlayerB,native,LeftFoot,-1.170951,0.109766752,0.1603811
2.35,PlayerB,native,RightFoot,-1.18159676,0.06537962,-0.403348863
2.35,PlayerB,fighter,AnimatorRoot,-0.850000262,0,-2.026558E-07
2.35,PlayerB,fighter,Hips,-0.7100868,0.377188,-0.048132807
2.35,PlayerB,fighter,Head,-0.780701637,1.07456934,-0.06572364
2.35,PlayerB,fighter,Chest,-0.674420536,0.6586853,-0.06133458
2.35,PlayerB,fighter,LeftHand,-0.5861066,0.395195782,0.1998012
2.35,PlayerB,fighter,RightHand,-0.57778883,0.387118548,-0.280139863
2.35,PlayerB,fighter,LeftFoot,-1.170951,0.109766819,0.160381123
2.35,PlayerB,fighter,RightFoot,-1.18159676,0.0653794557,-0.403348774
2.36666656,PlayerA,actor,Root,0.85,0,0
2.36666656,PlayerA,driver,Root,1.00044656,-3.199093E-06,0.0228024572
2.36666656,PlayerA,native,AnimatorRoot,1.00044656,-3.199093E-06,0.0228024572
2.36666656,PlayerA,native,Hips,1.04139388,0.7660174,0.03820364
2.36666656,PlayerA,native,Head,0.9948339,1.28565013,0.008250609
2.36666656,PlayerA,native,Chest,1.03371775,0.985057056,0.0299204439
2.36666656,PlayerA,native,LeftHand,0.851873338,0.769516945,-0.0798854
2.36666656,PlayerA,native,RightHand,0.7513783,0.8537291,-0.0393920653
2.36666656,PlayerA,native,LeftFoot,0.836199164,0.118943684,-0.393152148
2.36666656,PlayerA,native,RightFoot,1.198014,0.119263515,0.4331495
2.36666656,PlayerA,fighter,AnimatorRoot,0.85,0,0
2.36666656,PlayerA,fighter,Hips,1.041394,0.7660174,0.0382036567
2.36666656,PlayerA,fighter,Head,0.9948183,1.25255454,0.005531311
2.36666656,PlayerA,fighter,Chest,1.04359519,0.9692777,0.0301059932
2.36666656,PlayerA,fighter,LeftHand,0.852222562,0.768753946,-0.08126101
2.36666656,PlayerA,fighter,RightHand,0.752697349,0.856153,-0.03637068
2.36666656,PlayerA,fighter,LeftFoot,0.8361992,0.118943267,-0.393152148
2.36666656,PlayerA,fighter,RightFoot,1.198014,0.119263604,0.4331495
2.36666656,PlayerB,actor,Root,-0.850000262,0,-2.026558E-07
2.36666656,PlayerB,driver,Root,-0.759776652,-0.3217401,-0.06746863
2.36666656,PlayerB,native,AnimatorRoot,-0.759776652,-0.3217401,-0.06746863
2.36666656,PlayerB,native,Hips,-0.7050756,0.377685726,-0.0480122343
2.36666656,PlayerB,native,Head,-0.7234651,0.8461767,-0.0769078
2.36666656,PlayerB,native,Chest,-0.6571959,0.573201954,-0.0546408668
2.36666656,PlayerB,native,LeftHand,-0.576764345,0.394869149,0.192159176
2.36666656,PlayerB,native,RightHand,-0.5692266,0.3886814,-0.274420917
2.36666656,PlayerB,native,LeftFoot,-1.17126644,0.110494763,0.162633672
2.36666656,PlayerB,native,RightFoot,-1.18150139,0.06658089,-0.4037159
2.36666656,PlayerB,fighter,AnimatorRoot,-0.850000262,0,-2.026558E-07
2.36666656,PlayerB,fighter,Hips,-0.7050756,0.3776857,-0.04801225
2.36666656,PlayerB,fighter,Head,-0.770325065,1.07463026,-0.06345024
2.36666656,PlayerB,fighter,Chest,-0.664664745,0.658452153,-0.0599726066
2.36666656,PlayerB,fighter,LeftHand,-0.5767642,0.394869179,0.1921592
2.36666656,PlayerB,fighter,RightHand,-0.5692265,0.388681382,-0.274420857
2.36666656,PlayerB,fighter,LeftFoot,-1.17126632,0.110494807,0.162633628
2.36666656,PlayerB,fighter,RightFoot,-1.18150127,0.06658084,-0.4037158
2.38333344,PlayerA,actor,Root,0.85,0,0
2.38333344,PlayerA,driver,Root,1.00044656,-3.199093E-06,0.0228024721
2.38333344,PlayerA,native,AnimatorRoot,1.00044656,-3.199093E-06,0.0228024721
2.38333344,PlayerA,native,Hips,1.04139388,0.7660174,0.0382036567
2.38333344,PlayerA,native,Head,0.9948339,1.28565013,0.008250624
2.38333344,PlayerA,native,Chest,1.03371775,0.985057056,0.0299204588
2.38333344,PlayerA,native,LeftHand,0.851873338,0.769516945,-0.0798853859
2.38333344,PlayerA,native,RightHand,0.7513783,0.8537291,-0.03939205
2.38333344,PlayerA,native,LeftFoot,0.836199164,0.118943684,-0.393152148
2.38333344,PlayerA,native,RightFoot,1.198014,0.119263515,0.4331495
2.38333344,PlayerA,fighter,AnimatorRoot,0.85,0,0
2.38333344,PlayerA,fighter,Hips,1.041394,0.7660174,0.0382036567
2.38333344,PlayerA,fighter,Head,0.9948183,1.25255454,0.005531326
2.38333344,PlayerA,fighter,Chest,1.04359519,0.9692777,0.0301060081
2.38333344,PlayerA,fighter,LeftHand,0.852222562,0.7687538,-0.08126092
2.38333344,PlayerA,fighter,RightHand,0.7526974,0.856153131,-0.03637061
2.38333344,PlayerA,fighter,LeftFoot,0.836199164,0.11894355,-0.3931522
2.38333344,PlayerA,fighter,RightFoot,1.198014,0.1192637,0.4331495
2.38333344,PlayerB,actor,Root,-0.850000262,0,-2.026558E-07
2.38333344,PlayerB,driver,Root,-0.7542076,-0.321518451,-0.06679468
2.38333344,PlayerB,native,AnimatorRoot,-0.7542076,-0.321518451,-0.06679468
2.38333344,PlayerB,native,Hips,-0.700079,0.378107637,-0.0478971526
2.38333344,PlayerB,native,Head,-0.7148873,0.845363,-0.07514263
2.38333344,PlayerB,native,Chest,-0.6482909,0.5724195,-0.0534771457
2.38333344,PlayerB,native,LeftHand,-0.5678085,0.394320041,0.184455454
2.38333344,PlayerB,native,RightHand,-0.561007142,0.3899177,-0.268715024
2.38333344,PlayerB,native,LeftFoot,-1.17163634,0.111269951,0.164837882
2.38333344,PlayerB,native,RightFoot,-1.18141294,0.06783208,-0.4040884
2.38333344,PlayerB,fighter,AnimatorRoot,-0.850000262,0,-2.026558E-07
2.38333344,PlayerB,fighter,Hips,-0.700079,0.3781076,-0.0478971675
2.38333344,PlayerB,fighter,Head,-0.759499,1.07455158,-0.06095433
2.38333344,PlayerB,fighter,Chest,-0.654746056,0.658021569,-0.0585590377
2.38333344,PlayerB,fighter,LeftHand,-0.5678084,0.394319981,0.184455514
2.38333344,PlayerB,fighter,RightHand,-0.5610069,0.389917552,-0.268714756
2.38333344,PlayerB,fighter,LeftFoot,-1.17163622,0.111269921,0.164837912
2.38333344,PlayerB,fighter,RightFoot,-1.18141294,0.0678320751,-0.4040884
2.4,PlayerA,actor,Root,0.85,0,0
2.4,PlayerA,driver,Root,1.00044656,-3.199093E-06,0.022802487
2.4,PlayerA,native,AnimatorRoot,1.00044656,-3.199093E-06,0.022802487
2.4,PlayerA,native,Hips,1.04139388,0.7660174,0.03820367
2.4,PlayerA,native,Head,0.9948339,1.28565013,0.008250639
2.4,PlayerA,native,Chest,1.03371775,0.985057056,0.0299204737
2.4,PlayerA,native,LeftHand,0.851873338,0.769516945,-0.07988537
2.4,PlayerA,native,RightHand,0.7513783,0.8537291,-0.0393920355
2.4,PlayerA,native,LeftFoot,0.836199164,0.118943684,-0.393152118
2.4,PlayerA,native,RightFoot,1.198014,0.119263515,0.433149517
2.4,PlayerA,fighter,AnimatorRoot,0.85,0,0
2.4,PlayerA,fighter,Hips,1.041394,0.7660174,0.0382036865
2.4,PlayerA,fighter,Head,0.9948183,1.25255454,0.005531341
2.4,PlayerA,fighter,Chest,1.04359519,0.9692777,0.030106023
2.4,PlayerA,fighter,LeftHand,0.852222562,0.768753946,-0.0812610462
2.4,PlayerA,fighter,RightHand,0.752697349,0.856153131,-0.0363706648
2.4,PlayerA,fighter,LeftFoot,0.836199164,0.118943267,-0.393152267
2.4,PlayerA,fighter,RightFoot,1.1980139,0.119263604,0.4331495
2.4,PlayerB,actor,Root,-0.850000262,0,-2.026558E-07
2.4,PlayerB,driver,Root,-0.7484961,-0.321470141,-0.0660714954
2.4,PlayerB,native,AnimatorRoot,-0.7484961,-0.321470141,-0.0660714954
2.4,PlayerB,native,Hips,-0.695087135,0.37834996,-0.04777716
2.4,PlayerB,native,Head,-0.705795765,0.8443507,-0.07319117
2.4,PlayerB,native,Chest,-0.6392745,0.571329653,-0.052285172
2.4,PlayerB,native,LeftHand,-0.5590385,0.393476367,0.176758647
2.4,PlayerB,native,RightHand,-0.552945733,0.3907568,-0.26305443
2.4,PlayerB,native,LeftFoot,-1.1720612,0.112085491,0.166979775
2.4,PlayerB,native,RightFoot,-1.18133807,0.06912321,-0.404450685
2.4,PlayerB,fighter,AnimatorRoot,-0.850000262,0,-2.026558E-07
2.4,PlayerB,fighter,Hips,-0.695087135,0.37834993,-0.04777717
2.4,PlayerB,fighter,Head,-0.7479488,1.07426918,-0.0581931137
2.4,PlayerB,fighter,Chest,-0.6446214,0.657277048,-0.05707877
2.4,PlayerB,fighter,LeftHand,-0.5590385,0.393476158,0.176758647
2.4,PlayerB,fighter,RightHand,-0.5529456,0.390756637,-0.263054281
2.4,PlayerB,fighter,LeftFoot,-1.17206109,0.11208526,0.16697982
2.4,PlayerB,fighter,RightFoot,-1.18133819,0.06912316,-0.4044507
2.41666675,PlayerA,actor,Root,0.85,0,0
2.41666675,PlayerA,driver,Root,1.00044656,-3.199093E-06,0.0228025019
2.41666675,PlayerA,native,AnimatorRoot,1.00044656,-3.199093E-06,0.0228025019
2.41666675,PlayerA,native,Hips,1.04139388,0.7660174,0.0382036865
2.41666675,PlayerA,native,Head,0.9948339,1.28565013,0.008250654
2.41666675,PlayerA,native,Chest,1.03371775,0.985057056,0.0299204886
2.41666675,PlayerA,native,LeftHand,0.851873338,0.769516945,-0.0798853561
2.41666675,PlayerA,native,RightHand,0.7513783,0.8537291,-0.03939202
2.41666675,PlayerA,native,LeftFoot,0.836199164,0.118943684,-0.393152118
2.41666675,PlayerA,native,RightFoot,1.198014,0.119263515,0.433149517
2.41666675,PlayerA,fighter,AnimatorRoot,0.85,0,0
2.41666675,PlayerA,fighter,Hips,1.041394,0.7660174,0.0382036865
2.41666675,PlayerA,fighter,Head,0.9948183,1.25255454,0.00553135574
2.41666675,PlayerA,fighter,Chest,1.04359519,0.9692777,0.0301060379
2.41666675,PlayerA,fighter,LeftHand,0.8522225,0.7687539,-0.08126104
2.41666675,PlayerA,fighter,RightHand,0.752697349,0.856153131,-0.0363706276
2.41666675,PlayerA,fighter,LeftFoot,0.836199164,0.118943311,-0.3931522
2.41666675,PlayerA,fighter,RightFoot,1.1980139,0.119263649,0.433149427
2.41666675,PlayerB,actor,Root,-0.850000262,0,-2.026558E-07
2.41666675,PlayerB,driver,Root,-0.742578447,-0.3216734,-0.06528613
2.41666675,PlayerB,native,AnimatorRoot,-0.742578447,-0.3216734,-0.06528613
2.41666675,PlayerB,native,Hips,-0.690092,0.378310859,-0.04763984
2.41666675,PlayerB,native,Head,-0.6960074,0.843073845,-0.0710154548
2.41666675,PlayerB,native,Chest,-0.630131245,0.569826,-0.0510510132
2.41666675,PlayerB,native,LeftHand,-0.5502566,0.392263234,0.169161588
2.41666675,PlayerB,native,RightHand,-0.5448511,0.3911367,-0.257466167
2.41666675,PlayerB,native,LeftFoot,-1.17254388,0.112940758,0.1690589
2.41666675,PlayerB,native,RightFoot,-1.18127334,0.0704515,-0.404817134
2.41666675,PlayerB,fighter,AnimatorRoot,-0.850000262,0,-2.026558E-07
2.41666675,PlayerB,fighter,Hips,-0.690092,0.378310859,-0.0476398543
2.41666675,PlayerB,fighter,Head,-0.7354048,1.07371449,-0.0551112369
2.41666675,PlayerB,fighter,Chest,-0.634251237,0.6561021,-0.0555099323
2.41666675,PlayerB,fighter,LeftHand,-0.55025655,0.392263234,0.169161558
2.41666675,PlayerB,fighter,RightHand,-0.5448511,0.391136527,-0.257465929
2.41666675,PlayerB,fighter,LeftFoot,-1.17254388,0.112940811,0.169058889
2.41666675,PlayerB,fighter,RightFoot,-1.18127334,0.07045154,-0.4048171
2.4333334,PlayerA,actor,Root,0.85,0,0
2.4333334,PlayerA,driver,Root,1.00044656,-3.199093E-06,0.0228025168
2.4333334,PlayerA,native,AnimatorRoot,1.00044656,-3.199093E-06,0.0228025168
2.4333334,PlayerA,native,Hips,1.04139388,0.7660174,0.0382037
2.4333334,PlayerA,native,Head,0.9948339,1.28565013,0.008250669
2.4333334,PlayerA,native,Chest,1.03371775,0.985057056,0.0299205035
2.4333334,PlayerA,native,LeftHand,0.851873338,0.769516945,-0.07988534
2.4333334,PlayerA,native,RightHand,0.7513783,0.8537291,-0.0393920057
2.4333334,PlayerA,native,LeftFoot,0.836199164,0.118943684,-0.3931521
2.4333334,PlayerA,native,RightFoot,1.198014,0.119263515,0.433149546
2.4333334,PlayerA,fighter,AnimatorRoot,0.85,0,0
2.4333334,PlayerA,fighter,Hips,1.041394,0.7660174,0.0382037163
2.4333334,PlayerA,fighter,Head,0.9948183,1.25255454,0.00553137064
2.4333334,PlayerA,fighter,Chest,1.04359519,0.9692777,0.0301060528
2.4333334,PlayerA,fighter,LeftHand,0.8522226,0.768753946,-0.0812609345
2.4333334,PlayerA,fighter,RightHand,0.752697349,0.856153131,-0.0363705643
2.4333334,PlayerA,fighter,LeftFoot,0.8361992,0.11894355,-0.393152118
2.4333334,PlayerA,fighter,RightFoot,1.1980139,0.119263649,0.433149517
2.4333334,PlayerB,actor,Root,-0.850000262,0,-2.026558E-07
2.4333334,PlayerB,driver,Root,-0.736385643,-0.322214365,-0.06442302
2.4333334,PlayerB,native,AnimatorRoot,-0.736385643,-0.322214365,-0.06442302
2.4333334,PlayerB,native,Hips,-0.6850829,0.3778832,-0.0474742651
2.4333334,PlayerB,native,Head,-0.685328364,0.841454744,-0.0685955957
2.4333334,PlayerB,native,Chest,-0.6208402,0.5677955,-0.049768202
2.4333334,PlayerB,native,LeftHand,-0.5412559,0.390589535,0.161723077
2.4333334,PlayerB,native,RightHand,-0.5365248,0.390980065,-0.2519945
2.4333334,PlayerB,native,LeftFoot,-1.17308652,0.113825411,0.171058148
2.4333334,PlayerB,native,RightFoot,-1.181227,0.071801126,-0.405169636
2.4333334,PlayerB,fighter,AnimatorRoot,-0.850000262,0,-2.026558E-07
2.4333334,PlayerB,fighter,Hips,-0.6850829,0.3778832,-0.0474742725
2.4333334,PlayerB,fighter,Head,-0.7215841,1.07280123,-0.05167783
2.4333334,PlayerB,fighter,Chest,-0.6235905,0.6543712,-0.0538418666
2.4333334,PlayerB,fighter,LeftHand,-0.541255832,0.390589535,0.161723137
2.4333334,PlayerB,fighter,RightHand,-0.536524653,0.390979916,-0.251994371
2.4333334,PlayerB,fighter,LeftFoot,-1.17308664,0.113825284,0.171058178
2.4333334,PlayerB,fighter,RightFoot,-1.181227,0.07180121,-0.405169636
2.45,PlayerA,actor,Root,0.85,0,0
2.45,PlayerA,driver,Root,1.00044656,-3.199093E-06,0.0228025317
2.45,PlayerA,native,AnimatorRoot,1.00044656,-3.199093E-06,0.0228025317
2.45,PlayerA,native,Hips,1.04139388,0.7660174,0.0382037163
2.45,PlayerA,native,Head,0.9948339,1.28565013,0.008250684
2.45,PlayerA,native,Chest,1.03371775,0.985057056,0.0299205184
2.45,PlayerA,native,LeftHand,0.851873338,0.769516945,-0.07988533
2.45,PlayerA,native,RightHand,0.7513783,0.8537291,-0.03939199
2.45,PlayerA,native,LeftFoot,0.836199164,0.118943684,-0.3931521
2.45,PlayerA,native,RightFoot,1.198014,0.119263515,0.433149546
2.45,PlayerA,fighter,AnimatorRoot,0.85,0,0
2.45,PlayerA,fighter,Hips,1.041394,0.7660174,0.0382037163
2.45,PlayerA,fighter,Head,0.9948183,1.25255454,0.00553138554
2.45,PlayerA,fighter,Chest,1.04359519,0.9692777,0.0301060677
2.45,PlayerA,fighter,LeftHand,0.852222562,0.7687539,-0.0812609047
2.45,PlayerA,fighter,RightHand,0.7526973,0.856153131,-0.0363705978
2.45,PlayerA,fighter,LeftFoot,0.8361991,0.118943743,-0.3931521
2.45,PlayerA,fighter,RightFoot,1.198014,0.1192637,0.433149517
2.45,PlayerB,actor,Root,-0.850000262,0,-2.026558E-07
2.45,PlayerB,driver,Root,-0.729850352,-0.3231713,-0.06346068
2.45,PlayerB,native,AnimatorRoot,-0.729850352,-0.3231713,-0.06346068
2.45,PlayerB,native,Hips,-0.680052459,0.3769692,-0.047268644
2.45,PlayerB,native,Head,-0.673570156,0.83941555,-0.06590259
2.45,PlayerB,native,Chest,-0.6113854,0.5651344,-0.04842495
2.45,PlayerB,native,LeftHand,-0.5318342,0.388359159,0.154511511
2.45,PlayerB,native,RightHand,-0.5277754,0.390210778,-0.246661827
2.45,PlayerB,native,LeftFoot,-1.17368889,0.114744425,0.172974676
2.45,PlayerB,native,RightFoot,-1.181198,0.0731748044,-0.405519277
2.45,PlayerB,fighter,AnimatorRoot,-0.850000262,0,-2.026558E-07
2.45,PlayerB,fighter,Hips,-0.680052459,0.376969159,-0.04726865
2.45,PlayerB,fighter,Head,-0.706207931,1.07143557,-0.0478489324
2.45,PlayerB,fighter,Chest,-0.6125996,0.651964664,-0.0520566627
2.45,PlayerB,fighter,LeftHand,-0.531834066,0.3883591,0.154511452
2.45,PlayerB,fighter,RightHand,-0.5277754,0.390210778,-0.246661752
2.45,PlayerB,fighter,LeftFoot,-1.17368889,0.11474447,0.172974631
2.45,PlayerB,fighter,RightFoot,-1.18119812,0.07317474,-0.405519336
2.4666667,PlayerA,actor,Root,0.85,0,0
2.4666667,PlayerA,driver,Root,1.00044656,-3.199093E-06,0.0228025466
2.4666667,PlayerA,native,AnimatorRoot,1.00044656,-3.199093E-06,0.0228025466
2.4666667,PlayerA,native,Hips,1.04139388,0.7660174,0.03820373
2.4666667,PlayerA,native,Head,0.9948339,1.28565013,0.008250698
2.4666667,PlayerA,native,Chest,1.03371775,0.985057056,0.0299205333
2.4666667,PlayerA,native,LeftHand,0.851873338,0.769516945,-0.07988531
2.4666667,PlayerA,native,RightHand,0.7513783,0.8537291,-0.0393919758
2.4666667,PlayerA,native,LeftFoot,0.836199164,0.118943684,-0.393152058
2.4666667,PlayerA,native,RightFoot,1.198014,0.119263515,0.433149576
2.4666667,PlayerA,fighter,AnimatorRoot,0.85,0,0
2.4666667,PlayerA,fighter,Hips,1.041394,0.7660174,0.0382037461
2.4666667,PlayerA,fighter,Head,0.9948183,1.25255454,0.00553140044
2.4666667,PlayerA,fighter,Chest,1.04359519,0.9692777,0.0301060826
2.4666667,PlayerA,fighter,LeftHand,0.852222562,0.768754,-0.08126099
2.4666667,PlayerA,fighter,RightHand,0.752697349,0.856153131,-0.03637066
2.4666667,PlayerA,fighter,LeftFoot,0.8361992,0.118943408,-0.393152148
2.4666667,PlayerA,fighter,RightFoot,1.1980139,0.119263604,0.433149517
2.4666667,PlayerB,actor,Root,-0.850000262,0,-2.026558E-07
2.4666667,PlayerB,driver,Root,-0.722904146,-0.324646115,-0.0624038577
2.4666667,PlayerB,native,AnimatorRoot,-0.722904146,-0.324646115,-0.0624038577
2.4666667,PlayerB,native,Hips,-0.674989343,0.3754571,-0.0470121428
2.4666667,PlayerB,native,Head,-0.6605328,0.836847544,-0.06292694
2.4666667,PlayerB,native,Chest,-0.601745248,0.5617229,-0.04701919
2.4666667,PlayerB,native,LeftHand,-0.521780431,0.38545,0.147577345
2.4666667,PlayerB,native,RightHand,-0.518390059,0.388728976,-0.241529822
2.4666667,PlayerB,native,LeftFoot,-1.17435348,0.115682662,0.174807936
2.4666667,PlayerB,native,RightFoot,-1.18119442,0.07454896,-0.4058485
2.4666667,PlayerB,fighter,AnimatorRoot,-0.850000262,0,-2.026558E-07
2.4666667,PlayerB,fighter,Hips,-0.674989343,0.375457048,-0.0470121577
2.4666667,PlayerB,fighter,Head,-0.688986838,1.06948459,-0.0436089635
2.4666667,PlayerB,fighter,Chest,-0.6012341,0.648744464,-0.05015082
2.4666667,PlayerB,fighter,LeftHand,-0.5217805,0.385449976,0.147577375
2.4666667,PlayerB,fighter,RightHand,-0.51838994,0.3887289,-0.2415297
2.4666667,PlayerB,fighter,LeftFoot,-1.1743536,0.115682639,0.174807951
2.4666667,PlayerB,fighter,RightFoot,-1.18119431,0.0745489746,-0.4058485
2.469136,PlayerA,actor,Root,0.85,0,0
2.469136,PlayerA,driver,Root,1.00044656,-3.199093E-06,0.0228025615
2.469136,PlayerA,native,AnimatorRoot,1.00044656,-3.199093E-06,0.0228025615
2.469136,PlayerA,native,Hips,1.04139388,0.7660174,0.0382037461
2.469136,PlayerA,native,Head,0.9948339,1.28565013,0.008250713
2.469136,PlayerA,native,Chest,1.03371775,0.985057056,0.0299205482
2.469136,PlayerA,native,LeftHand,0.851873338,0.769516945,-0.0798853
2.469136,PlayerA,native,RightHand,0.7513783,0.8537291,-0.03939196
2.469136,PlayerA,native,LeftFoot,0.836199164,0.118943684,-0.393152058
2.469136,PlayerA,native,RightFoot,1.198014,0.119263515,0.433149576
2.469136,PlayerA,fighter,AnimatorRoot,0.85,0,0
2.469136,PlayerA,fighter,Hips,1.041394,0.7660174,0.0382037461
2.469136,PlayerA,fighter,Head,0.9948183,1.25255454,0.00553141534
2.469136,PlayerA,fighter,Chest,1.04359519,0.9692777,0.0301060975
2.469136,PlayerA,fighter,LeftHand,0.8522225,0.7687539,-0.08126098
2.469136,PlayerA,fighter,RightHand,0.7526974,0.8561532,-0.03637061
2.469136,PlayerA,fighter,LeftFoot,0.836199164,0.118943356,-0.393152118
2.469136,PlayerA,fighter,RightFoot,1.198014,0.119263649,0.433149517
2.469136,PlayerB,actor,Root,-0.850000262,0,-2.026558E-07
2.469136,PlayerB,driver,Root,-0.721830666,-0.324921638,-0.0622391179
2.469136,PlayerB,native,AnimatorRoot,-0.721830666,-0.324921638,-0.0622391179
2.469136,PlayerB,native,Hips,-0.6742351,0.375166982,-0.0469684675
2.469136,PlayerB,native,Head,-0.65846467,0.836409,-0.06245964
2.469136,PlayerB,native,Chest,-0.600298,0.5611379,-0.0468048081
2.469136,PlayerB,native,LeftHand,-0.520208836,0.384946138,0.146578431
2.469136,PlayerB,native,RightHand,-0.5169194,0.388436049,-0.24079147
2.469136,PlayerB,native,LeftFoot,-1.17445791,0.115821511,0.1750709
2.469136,PlayerB,native,RightFoot,-1.18119764,0.0747502744,-0.405893534
2.469136,PlayerB,fighter,AnimatorRoot,-0.850000262,0,-2.026558E-07
2.469136,PlayerB,fighter,Hips,-0.6742351,0.375166953,-0.0469684824
2.469136,PlayerB,fighter,Head,-0.6862383,1.0691309,-0.04294198
2.469136,PlayerB,fighter,Chest,-0.5995119,0.648180544,-0.04985688
2.469136,PlayerB,fighter,LeftHand,-0.520208836,0.384946316,0.146578431
2.469136,PlayerB,fighter,RightHand,-0.5169194,0.388436,-0.240791455
2.469136,PlayerB,fighter,LeftFoot,-1.174458,0.115821429,0.175070912
2.469136,PlayerB,fighter,RightFoot,-1.18119788,0.07475029,-0.405893475
2.48333335,PlayerA,actor,Root,0.85,0,0
2.48333335,PlayerA,driver,Root,1.00044656,-3.199093E-06,0.0228025764
2.48333335,PlayerA,native,AnimatorRoot,1.00044656,-3.199093E-06,0.0228025764
2.48333335,PlayerA,native,Hips,1.04139388,0.7660174,0.03820376
2.48333335,PlayerA,native,Head,0.9948339,1.28565013,0.008250728
2.48333335,PlayerA,native,Chest,1.03371775,0.985057056,0.0299205631
2.48333335,PlayerA,native,LeftHand,0.851873338,0.769516945,-0.07988528
2.48333335,PlayerA,native,RightHand,0.7513783,0.8537291,-0.039391946
2.48333335,PlayerA,native,LeftFoot,0.836199164,0.118943684,-0.393152028
2.48333335,PlayerA,native,RightFoot,1.198014,0.119263515,0.4331496
2.48333335,PlayerA,fighter,AnimatorRoot,0.85,0,0
2.48333335,PlayerA,fighter,Hips,1.041394,0.7660174,0.0382037759
2.48333335,PlayerA,fighter,Head,0.9948183,1.25255454,0.00553143024
2.48333335,PlayerA,fighter,Chest,1.04359519,0.9692777,0.0301061124
2.48333335,PlayerA,fighter,LeftHand,0.852222562,0.768753946,-0.08126089
2.48333335,PlayerA,fighter,RightHand,0.752697349,0.856153,-0.03637056
2.48333335,PlayerA,fighter,LeftFoot,0.8361992,0.118943267,-0.393152028
2.48333335,PlayerA,fighter,RightFoot,1.198014,0.119263604,0.433149636
2.48333335,PlayerB,actor,Root,-0.850000262,0,-2.026558E-07
2.48333335,PlayerB,driver,Root,-0.715481162,-0.326726019,-0.06125334
2.48333335,PlayerB,native,AnimatorRoot,-0.715481162,-0.326726019,-0.06125334
2.48333335,PlayerB,native,Hips,-0.669887066,0.373255253,-0.04669278
2.48333335,PlayerB,native,Head,-0.646018267,0.833639443,-0.0596467033
2.48333335,PlayerB,native,Chest,-0.5919038,0.5574598,-0.0455404148
2.48333335,PlayerB,native,LeftHand,-0.510886,0.381735384,0.140965372
2.48333335,PlayerB,native,RightHand,-0.5081723,0.3864292,-0.236607656
2.48333335,PlayerB,native,LeftFoot,-1.17508507,0.116649121,0.176541939
2.48333335,PlayerB,native,RightFoot,-1.18121409,0.07593712,-0.406169116
2.48333335,PlayerB,fighter,AnimatorRoot,-0.850000262,0,-2.026558E-07
2.48333335,PlayerB,fighter,Hips,-0.669887066,0.373255253,-0.04669278
2.48333335,PlayerB,fighter,Head,-0.6696322,1.06680346,-0.0389252976
2.48333335,PlayerB,fighter,Chest,-0.5894556,0.6445874,-0.04811006
2.48333335,PlayerB,fighter,LeftHand,-0.5108861,0.381735355,0.140965581
2.48333335,PlayerB,fighter,RightHand,-0.508172154,0.386428982,-0.236607566
2.48333335,PlayerB,fighter,LeftFoot,-1.175085,0.116649173,0.176542014
2.48333335,PlayerB,fighter,RightFoot,-1.18121409,0.07593707,-0.406169146
2.5,PlayerA,actor,Root,0.85,0,0
2.5,PlayerA,driver,Root,1.00044656,-3.199093E-06,0.0228025913
2.5,PlayerA,native,AnimatorRoot,1.00044656,-3.199093E-06,0.0228025913
2.5,PlayerA,native,Hips,1.04139388,0.7660174,0.0382037759
2.5,PlayerA,native,Head,0.9948339,1.28565013,0.008250743
2.5,PlayerA,native,Chest,1.03371775,0.985057056,0.029920578
2.5,PlayerA,native,LeftHand,0.851873338,0.769516945,-0.07988527
2.5,PlayerA,native,RightHand,0.7513783,0.8537291,-0.03939193
2.5,PlayerA,native,LeftFoot,0.836199164,0.118943684,-0.393152028
2.5,PlayerA,native,RightFoot,1.198014,0.119263515,0.4331496
2.5,PlayerA,fighter,AnimatorRoot,0.85,0,0
2.5,PlayerA,fighter,Hips,1.041394,0.7660174,0.0382037759
2.5,PlayerA,fighter,Head,0.9948183,1.25255454,0.005531445
2.5,PlayerA,fighter,Chest,1.04359519,0.9692777,0.0301061273
2.5,PlayerA,fighter,LeftHand,0.852222562,0.7687538,-0.0812608
2.5,PlayerA,fighter,RightHand,0.7526974,0.856153131,-0.03637049
2.5,PlayerA,fighter,LeftFoot,0.8361992,0.11894355,-0.3931521
2.5,PlayerA,fighter,RightFoot,1.1980139,0.119263649,0.433149517
2.5,PlayerB,actor,Root,-0.850000262,0,-2.026558E-07
2.5,PlayerB,driver,Root,-0.7075061,-0.3295335,-0.0599996522
2.5,PlayerB,native,AnimatorRoot,-0.7075061,-0.3295335,-0.0599996522
2.5,PlayerB,native,Hips,-0.66473335,0.370243818,-0.0462993
2.5,PlayerB,native,Head,-0.629818738,0.829620838,-0.0560616627
2.5,PlayerB,native,Chest,-0.5818395,0.5522132,-0.0439911559
2.5,PlayerB,native,LeftHand,-0.4989372,0.377042085,0.134717077
2.5,PlayerB,native,RightHand,-0.496897876,0.383162826,-0.231978476
2.5,PlayerB,native,LeftFoot,-1.1758858,0.117617667,0.178171247
2.5,PlayerB,native,RightFoot,-1.18126547,0.0773009956,-0.4064631
2.5,PlayerB,fighter,AnimatorRoot,-0.850000262,0,-2.026558E-07
2.5,PlayerB,fighter,Hips,-0.66473335,0.3702438,-0.0462993
2.5,PlayerB,fighter,Head,-0.647847652,1.06317568,-0.03379918
2.5,PlayerB,fighter,Chest,-0.577222347,0.6393365,-0.04593905
2.5,PlayerB,fighter,LeftHand,-0.4989372,0.377041966,0.1347171
2.5,PlayerB,fighter,RightHand,-0.496897817,0.3831627,-0.231978372
2.5,PlayerB,fighter,LeftFoot,-1.17588592,0.117617659,0.1781713
2.5,PlayerB,fighter,RightFoot,-1.18126547,0.077301,-0.406463057
2.51666665,PlayerA,actor,Root,0.85,0,0
2.51666665,PlayerA,driver,Root,1.00044656,-3.199093E-06,0.0228026062
2.51666665,PlayerA,native,AnimatorRoot,1.00044656,-3.199093E-06,0.0228026062
2.51666665,PlayerA,native,Hips,1.04139388,0.7660174,0.03820379
2.51666665,PlayerA,native,Head,0.9948339,1.28565013,0.008250758
2.51666665,PlayerA,native,Chest,1.03371775,0.985057056,0.0299205929
2.51666665,PlayerA,native,LeftHand,0.851873338,0.769516945,-0.07988525
2.51666665,PlayerA,native,RightHand,0.7513783,0.8537291,-0.0393919162
2.51666665,PlayerA,native,LeftFoot,0.836199164,0.118943684,-0.393152
2.51666665,PlayerA,native,RightFoot,1.198014,0.119263515,0.433149636
2.51666665,PlayerA,fighter,AnimatorRoot,0.85,0,0
2.51666665,PlayerA,fighter,Hips,1.041394,0.7660174,0.0382038057
2.51666665,PlayerA,fighter,Head,0.9948183,1.25255454,0.00553146
2.51666665,PlayerA,fighter,Chest,1.04359519,0.9692777,0.0301061422
2.51666665,PlayerA,fighter,LeftHand,0.852222562,0.768753946,-0.08126093
2.51666665,PlayerA,fighter,RightHand,0.752697349,0.856153131,-0.0363706239
2.51666665,PlayerA,fighter,LeftFoot,0.8361992,0.118943267,-0.393152148
2.51666665,PlayerA,fighter,RightFoot,1.1980139,0.119263604,0.433149636
2.51666665,PlayerB,actor,Root,-0.850000262,0,-2.026558E-07
2.51666665,PlayerB,driver,Root,-0.6988561,-0.333230883,-0.0586315766
2.51666665,PlayerB,native,AnimatorRoot,-0.6988561,-0.333230883,-0.0586315766
2.51666665,PlayerB,native,Hips,-0.659501851,0.366262,-0.0458118543
2.51666665,PlayerB,native,Head,-0.611631334,0.824548,-0.0521780923
2.51666665,PlayerB,native,Chest,-0.5715094,0.5458071,-0.04236295
2.51666665,PlayerB,native,LeftHand,-0.4856233,0.371408969,0.1285752
2.51666665,PlayerB,native,RightHand,-0.484239817,0.378930539,-0.2274546
2.51666665,PlayerB,native,LeftFoot,-1.17667425,0.11862573,0.179683432
2.51666665,PlayerB,native,RightFoot,-1.18131053,0.07863501,-0.4067223
2.51666665,PlayerB,fighter,AnimatorRoot,-0.850000262,0,-2.026558E-07
2.51666665,PlayerB,fighter,Hips,-0.6595018,0.366261959,-0.0458118543
2.51666665,PlayerB,fighter,Head,-0.6232059,1.05830026,-0.0282505546
2.51666665,PlayerB,fighter,Chest,-0.564463735,0.632783234,-0.043632783
2.51666665,PlayerB,fighter,LeftHand,-0.485623181,0.371408939,0.128575027
2.51666665,PlayerB,fighter,RightHand,-0.4842397,0.378930479,-0.227454662
2.51666665,PlayerB,fighter,LeftFoot,-1.17667413,0.118625753,0.179683447
2.51666665,PlayerB,fighter,RightFoot,-1.18131065,0.078635104,-0.406722277
2.5333333,PlayerA,actor,Root,0.85,0,0
2.5333333,PlayerA,driver,Root,1.00044656,-3.199093E-06,0.0228026211
2.5333333,PlayerA,native,AnimatorRoot,1.00044656,-3.199093E-06,0.0228026211
2.5333333,PlayerA,native,Hips,1.04139388,0.7660174,0.0382038057
2.5333333,PlayerA,native,Head,0.9948339,1.28565013,0.008250773
2.5333333,PlayerA,native,Chest,1.03371775,0.985057056,0.0299206078
2.5333333,PlayerA,native,LeftHand,0.851873338,0.769516945,-0.07988524
2.5333333,PlayerA,native,RightHand,0.7513783,0.8537291,-0.0393919
2.5333333,PlayerA,native,LeftFoot,0.836199164,0.118943684,-0.393152
2.5333333,PlayerA,native,RightFoot,1.198014,0.119263515,0.433149636
2.5333333,PlayerA,fighter,AnimatorRoot,0.85,0,0
2.5333333,PlayerA,fighter,Hips,1.041394,0.7660174,0.0382038057
2.5333333,PlayerA,fighter,Head,0.9948183,1.25255454,0.005531475
2.5333333,PlayerA,fighter,Chest,1.04359519,0.9692777,0.0301061571
2.5333333,PlayerA,fighter,LeftHand,0.8522225,0.7687539,-0.08126092
2.5333333,PlayerA,fighter,RightHand,0.752697349,0.856153131,-0.03637051
2.5333333,PlayerA,fighter,LeftFoot,0.836199164,0.118943356,-0.393152028
2.5333333,PlayerA,fighter,RightFoot,1.198014,0.1192637,0.433149636
2.5333333,PlayerB,actor,Root,-0.850000262,0,-2.026558E-07
2.5333333,PlayerB,driver,Root,-0.689608157,-0.33778584,-0.0571552441
2.5333333,PlayerB,native,AnimatorRoot,-0.689608157,-0.33778584,-0.0571552441
2.5333333,PlayerB,native,Hips,-0.6542412,0.361414969,-0.04524427
2.5333333,PlayerB,native,Head,-0.5915279,0.818358064,-0.04794886
2.5333333,PlayerB,native,Chest,-0.5609763,0.5383292,-0.0406664237
2.5333333,PlayerB,native,LeftHand,-0.471019328,0.363960266,0.12338642
2.5333333,PlayerB,native,RightHand,-0.470349,0.373027623,-0.223690808
2.5333333,PlayerB,native,LeftFoot,-1.17769563,0.119597614,0.1810859
2.5333333,PlayerB,native,RightFoot,-1.1814667,0.079992,-0.4069902
2.5333333,PlayerB,fighter,AnimatorRoot,-0.850000262,0,-2.026558E-07
2.5333333,PlayerB,fighter,Hips,-0.654241145,0.361414939,-0.04524427
2.5333333,PlayerB,fighter,Head,-0.5958137,1.05203128,-0.0221900735
2.5333333,PlayerB,fighter,Chest,-0.5512548,0.624993443,-0.0411952063
2.5333333,PlayerB,fighter,LeftHand,-0.471019268,0.3639603,0.12338645
2.5333333,PlayerB,fighter,RightHand,-0.470349073,0.3730278,-0.2236907
2.5333333,PlayerB,fighter,LeftFoot,-1.17769563,0.119597532,0.181085929
2.5333333,PlayerB,fighter,RightFoot,-1.18146682,0.07999198,-0.406990141
2.55,PlayerA,actor,Root,0.85,0,0
2.55,PlayerA,driver,Root,1.00044656,-3.199093E-06,0.022802636
2.55,PlayerA,native,AnimatorRoot,1.00044656,-3.199093E-06,0.022802636
2.55,PlayerA,native,Hips,1.04139388,0.7660174,0.03820382
2.55,PlayerA,native,Head,0.9948339,1.28565013,0.008250788
2.55,PlayerA,native,Chest,1.03371775,0.985057056,0.0299206227
2.55,PlayerA,native,LeftHand,0.851873338,0.769516945,-0.07988522
2.55,PlayerA,native,RightHand,0.7513783,0.8537291,-0.0393918864
2.55,PlayerA,native,LeftFoot,0.836199164,0.118943684,-0.393151969
2.55,PlayerA,native,RightFoot,1.198014,0.119263515,0.433149666
2.55,PlayerA,fighter,AnimatorRoot,0.85,0,0
2.55,PlayerA,fighter,Hips,1.041394,0.7660174,0.0382038355
2.55,PlayerA,fighter,Head,0.9948183,1.25255454,0.00553149
2.55,PlayerA,fighter,Chest,1.04359519,0.9692777,0.030106172
2.55,PlayerA,fighter,LeftHand,0.8522226,0.768753946,-0.0812608153
2.55,PlayerA,fighter,RightHand,0.752697349,0.856153131,-0.036370445
2.55,PlayerA,fighter,LeftFoot,0.8361992,0.11894355,-0.393152
2.55,PlayerA,fighter,RightFoot,1.1980139,0.119263649,0.433149636
2.55,PlayerB,actor,Root,-0.850000262,0,-2.026558E-07
2.55,PlayerB,driver,Root,-0.679752469,-0.343250573,-0.0555597469
2.55,PlayerB,native,AnimatorRoot,-0.679752469,-0.343250573,-0.0555597469
2.55,PlayerB,native,Hips,-0.648982,0.3557133,-0.04459452
2.55,PlayerB,native,Head,-0.569373965,0.8108699,-0.04330451
2.55,PlayerB,native,Chest,-0.550267637,0.529768348,-0.0388936922
2.55,PlayerB,native,LeftHand,-0.454898238,0.3537553,0.119769312
2.55,PlayerB,native,RightHand,-0.455213,0.364744246,-0.2211042
2.55,PlayerB,native,LeftFoot,-1.17914283,0.120531917,0.182357863
2.55,PlayerB,native,RightFoot,-1.1818223,0.08145994,-0.407302
2.55,PlayerB,fighter,AnimatorRoot,-0.850000262,0,-2.026558E-07
2.55,PlayerB,fighter,Hips,-0.6489819,0.355713278,-0.04459452
2.55,PlayerB,fighter,Head,-0.5654883,1.04409134,-0.0155052487
2.55,PlayerB,fighter,Chest,-0.537614048,0.615923,-0.038608335
2.55,PlayerB,fighter,LeftHand,-0.454898238,0.3537552,0.119769223
2.55,PlayerB,fighter,RightHand,-0.4552129,0.364744127,-0.22110422
2.55,PlayerB,fighter,LeftFoot,-1.17914271,0.120531961,0.182357877
2.55,PlayerB,fighter,RightFoot,-1.1818223,0.08145985,-0.407301933
2.5666666,PlayerA,actor,Root,0.85,0,0
2.5666666,PlayerA,driver,Root,1.00044656,-3.199093E-06,0.02280265
2.5666666,PlayerA,native,AnimatorRoot,1.00044656,-3.199093E-06,0.02280265
2.5666666,PlayerA,native,Hips,1.04139388,0.7660174,0.0382038355
2.5666666,PlayerA,native,Head,0.9948339,1.28565013,0.008250803
2.5666666,PlayerA,native,Chest,1.03371775,0.985057056,0.0299206376
2.5666666,PlayerA,native,LeftHand,0.851873338,0.769516945,-0.07988521
2.5666666,PlayerA,native,RightHand,0.7513783,0.8537291,-0.03939187
2.5666666,PlayerA,native,LeftFoot,0.836199164,0.118943684,-0.393151969
2.5666666,PlayerA,native,RightFoot,1.198014,0.119263515,0.433149666
2.5666666,PlayerA,fighter,AnimatorRoot,0.85,0,0
2.5666666,PlayerA,fighter,Hips,1.041394,0.7660174,0.0382038355
2.5666666,PlayerA,fighter,Head,0.9948183,1.25255454,0.00553150475
2.5666666,PlayerA,fighter,Chest,1.04359519,0.9692777,0.0301061869
2.5666666,PlayerA,fighter,LeftHand,0.852222562,0.7687539,-0.0812607855
2.5666666,PlayerA,fighter,RightHand,0.7526973,0.856153131,-0.03637048
2.5666666,PlayerA,fighter,LeftFoot,0.8361992,0.11894355,-0.393152028
2.5666666,PlayerA,fighter,RightFoot,1.1980139,0.119263649,0.433149576
2.5666666,PlayerB,actor,Root,-0.850000262,0,-2.026558E-07
2.5666666,PlayerB,driver,Root,-0.669425666,-0.3495338,-0.0538847521
2.5666666,PlayerB,native,AnimatorRoot,-0.669425666,-0.3495338,-0.0538847521
2.5666666,PlayerB,native,Hips,-0.643754661,0.349340439,-0.043883808
2.5666666,PlayerB,native,Head,-0.545500159,0.8020035,-0.0383329019
2.5666666,PlayerB,native,Chest,-0.539451241,0.5202865,-0.03708362
2.5666666,PlayerB,native,LeftHand,-0.437626481,0.340724051,0.117903121
2.5666666,PlayerB,native,RightHand,-0.439231217,0.3540051,-0.220007569
2.5666666,PlayerB,native,LeftFoot,-1.18108857,0.1214239,0.183514655
2.5666666,PlayerB,native,RightFoot,-1.182399,0.08308932,-0.407688946
2.5666666,PlayerB,fighter,AnimatorRoot,-0.850000262,0,-2.026558E-07
2.5666666,PlayerB,fighter,Hips,-0.6437546,0.3493404,-0.0438838229
2.5666666,PlayerB,fighter,Head,-0.532716751,1.0343287,-0.008322353
2.5666666,PlayerB,fighter,Chest,-0.5236572,0.6057246,-0.0359290466
2.5666666,PlayerB,fighter,LeftHand,-0.437626421,0.340724021,0.117903121
2.5666666,PlayerB,fighter,RightHand,-0.4392311,0.354005039,-0.220007524
2.5666666,PlayerB,fighter,LeftFoot,-1.18108869,0.121423759,0.18351458
2.5666666,PlayerB,fighter,RightFoot,-1.18239927,0.08308925,-0.407688975
2.58333325,PlayerA,actor,Root,0.85,0,0
2.58333325,PlayerA,driver,Root,1.00044656,-3.199093E-06,0.0228026658
2.58333325,PlayerA,native,AnimatorRoot,1.00044656,-3.199093E-06,0.0228026658
2.58333325,PlayerA,native,Hips,1.04139388,0.7660174,0.03820385
2.58333325,PlayerA,native,Head,0.9948339,1.28565013,0.008250818
2.58333325,PlayerA,native,Chest,1.03371775,0.985057056,0.0299206525
2.58333325,PlayerA,native,LeftHand,0.851873338,0.769516945,-0.07988519
2.58333325,PlayerA,native,RightHand,0.7513783,0.8537291,-0.0393918566
2.58333325,PlayerA,native,LeftFoot,0.836199164,0.118943684,-0.393151939
2.58333325,PlayerA,native,RightFoot,1.198014,0.119263515,0.4331497
2.58333325,PlayerA,fighter,AnimatorRoot,0.85,0,0
2.58333325,PlayerA,fighter,Hips,1.041394,0.7660174,0.0382038653
2.58333325,PlayerA,fighter,Head,0.9948183,1.25255454,0.00553151965
2.58333325,PlayerA,fighter,Chest,1.04359519,0.9692777,0.0301062018
2.58333325,PlayerA,fighter,LeftHand,0.852222562,0.768753946,-0.08126087
2.58333325,PlayerA,fighter,RightHand,0.752697349,0.856153131,-0.0363705419
2.58333325,PlayerA,fighter,LeftFoot,0.836199164,0.118943267,-0.393152118
2.58333325,PlayerA,fighter,RightFoot,1.1980139,0.119263604,0.433149666
2.58333325,PlayerB,actor,Root,-0.850000262,0,-2.026558E-07
2.58333325,PlayerB,driver,Root,-0.6587531,-0.35654223,-0.0521520749
2.58333325,PlayerB,native,AnimatorRoot,-0.6587531,-0.35654223,-0.0521520749
2.58333325,PlayerB,native,Hips,-0.6385975,0.3424757,-0.0431302562
2.58333325,PlayerB,native,Head,-0.5201613,0.791690946,-0.0330540165
2.58333325,PlayerB,native,Chest,-0.528594136,0.5100412,-0.0352600142
2.58333325,PlayerB,native,LeftHand,-0.4194612,0.324336529,0.118388005
2.58333325,PlayerB,native,RightHand,-0.422864318,0.340451658,-0.220973641
2.58333325,PlayerB,native,LeftFoot,-1.18372273,0.12227723,0.184548289
2.58333325,PlayerB,native,RightFoot,-1.18327785,0.08497715,-0.4081799
2.58333325,PlayerB,fighter,AnimatorRoot,-0.850000262,0,-2.026558E-07
2.58333325,PlayerB,fighter,Hips,-0.6385974,0.342475682,-0.0431302562
2.58333325,PlayerB,fighter,Head,-0.497875035,1.0226028,-0.000657105469
2.58333325,PlayerB,fighter,Chest,-0.5094861,0.594544,-0.033185713
2.58333325,PlayerB,fighter,LeftHand,-0.419461131,0.324336469,0.118387975
2.58333325,PlayerB,fighter,RightHand,-0.422864258,0.340451658,-0.220973611
2.58333325,PlayerB,fighter,LeftFoot,-1.18372273,0.122277141,0.184548333
2.58333325,PlayerB,fighter,RightFoot,-1.183278,0.0849772245,-0.408179879
2.59259272,PlayerA,actor,Root,0.85,0,0
2.59259272,PlayerA,driver,Root,1.00044656,-3.199093E-06,0.02280268
2.59259272,PlayerA,native,AnimatorRoot,1.00044656,-3.199093E-06,0.02280268
2.59259272,PlayerA,native,Hips,1.04139388,0.7660174,0.0382038653
2.59259272,PlayerA,native,Head,0.9948339,1.28565013,0.008250833
2.59259272,PlayerA,native,Chest,1.03371775,0.985057056,0.0299206674
2.59259272,PlayerA,native,LeftHand,0.851873338,0.769516945,-0.07988518
2.59259272,PlayerA,native,RightHand,0.7513783,0.8537291,-0.03939184
2.59259272,PlayerA,native,LeftFoot,0.836199164,0.118943684,-0.393151939
2.59259272,PlayerA,native,RightFoot,1.198014,0.119263515,0.4331497
2.59259272,PlayerA,fighter,AnimatorRoot,0.85,0,0
2.59259272,PlayerA,fighter,Hips,1.041394,0.7660174,0.0382038653
2.59259272,PlayerA,fighter,Head,0.9948183,1.25255454,0.00553153455
2.59259272,PlayerA,fighter,Chest,1.04359519,0.9692777,0.0301062167
2.59259272,PlayerA,fighter,LeftHand,0.8522225,0.7687539,-0.08126086
2.59259272,PlayerA,fighter,RightHand,0.7526974,0.8561532,-0.03637049
2.59259272,PlayerA,fighter,LeftFoot,0.836199164,0.118943311,-0.393152028
2.59259272,PlayerA,fighter,RightFoot,1.1980139,0.119263649,0.433149636
2.59259272,PlayerB,actor,Root,-0.850000262,0,-2.026558E-07
2.59259272,PlayerB,driver,Root,-0.6526753,-0.360770375,-0.0511758253
2.59259272,PlayerB,native,AnimatorRoot,-0.6526753,-0.360770375,-0.0511758253
2.59259272,PlayerB,native,Hips,-0.635751843,0.338445216,-0.04269106
2.59259272,PlayerB,native,Head,-0.505486131,0.7852442,-0.030038679
2.59259272,PlayerB,native,Chest,-0.5225421,0.5040078,-0.03424921
2.59259272,PlayerB,native,LeftHand,-0.409053564,0.3140653,0.119440623
2.59259272,PlayerB,native,RightHand,-0.413698673,0.331898063,-0.22226055
2.59259272,PlayerB,native,LeftFoot,-1.18541944,0.1227698,0.185066462
2.59259272,PlayerB,native,RightFoot,-1.183856,0.0861417651,-0.408497661
2.59259272,PlayerB,fighter,AnimatorRoot,-0.850000262,0,-2.026558E-07
2.59259272,PlayerB,fighter,Hips,-0.6357518,0.3384452,-0.04269106
2.59259272,PlayerB,fighter,Head,-0.477679729,1.01512623,0.003727919
2.59259272,PlayerB,fighter,Chest,-0.501526952,0.5878908,-0.0316518769
2.59259272,PlayerB,fighter,LeftHand,-0.409053683,0.314065248,0.119440712
2.59259272,PlayerB,fighter,RightHand,-0.413698673,0.331897974,-0.22226046
2.59259272,PlayerB,fighter,LeftFoot,-1.18541932,0.122769728,0.185066447
2.59259272,PlayerB,fighter,RightFoot,-1.18385613,0.08614174,-0.4084977
2.6,PlayerA,actor,Root,0.85,0,0
2.6,PlayerA,driver,Root,1.00044656,-3.199093E-06,0.0228026956
2.6,PlayerA,native,AnimatorRoot,1.00044656,-3.199093E-06,0.0228026956
2.6,PlayerA,native,Hips,1.04139388,0.7660174,0.03820388
2.6,PlayerA,native,Head,0.9948339,1.28565013,0.008250847
2.6,PlayerA,native,Chest,1.03371775,0.985057056,0.0299206823
2.6,PlayerA,native,LeftHand,0.851873338,0.769516945,-0.07988516
2.6,PlayerA,native,RightHand,0.7513783,0.8537291,-0.0393918268
2.6,PlayerA,native,LeftFoot,0.836199164,0.118943684,-0.3931519
2.6,PlayerA,native,RightFoot,1.198014,0.119263515,0.433149725
2.6,PlayerA,fighter,AnimatorRoot,0.85,0,0
2.6,PlayerA,fighter,Hips,1.041394,0.7660174,0.0382038951
2.6,PlayerA,fighter,Head,0.9948183,1.25255454,0.00553154945
2.6,PlayerA,fighter,Chest,1.04359519,0.9692777,0.0301062316
2.6,PlayerA,fighter,LeftHand,0.852222562,0.768753946,-0.08126077
2.6,PlayerA,fighter,RightHand,0.752697349,0.856153,-0.03637044
2.6,PlayerA,fighter,LeftFoot,0.8361992,0.118943267,-0.3931519
2.6,PlayerA,fighter,RightFoot,1.198014,0.119263604,0.433149725
2.6,PlayerB,actor,Root,-0.850000262,0,-2.026558E-07
2.6,PlayerB,driver,Root,-0.6477585,-0.364333928,-0.0504044667
2.6,PlayerB,native,AnimatorRoot,-0.6477585,-0.364333928,-0.0504044667
2.6,PlayerB,native,Hips,-0.6334823,0.335105777,-0.0423331633
2.6,PlayerB,native,Head,-0.493511528,0.7796852,-0.0276381914
2.6,PlayerB,native,Chest,-0.5176952,0.499000549,-0.0334597155
2.6,PlayerB,native,LeftHand,-0.400684536,0.305470824,0.120567955
2.6,PlayerB,native,RightHand,-0.406388283,0.324682355,-0.223681957
2.6,PlayerB,native,LeftFoot,-1.18686438,0.123151094,0.185461447
2.6,PlayerB,native,RightFoot,-1.184357,0.0870916843,-0.40875712
2.6,PlayerB,fighter,AnimatorRoot,-0.850000262,0,-2.026558E-07
2.6,PlayerB,fighter,Hips,-0.6334822,0.335105747,-0.0423331633
2.6,PlayerB,fighter,Head,-0.461194962,1.00861788,0.00721842656
2.6,PlayerB,fighter,Chest,-0.49513,0.582337856,-0.0304477159
2.6,PlayerB,fighter,LeftHand,-0.400684416,0.305470824,0.120567925
2.6,PlayerB,fighter,RightHand,-0.406388223,0.3246821,-0.223681763
2.6,PlayerB,fighter,LeftFoot,-1.1868645,0.123151183,0.185461447
2.6,PlayerB,fighter,RightFoot,-1.18435717,0.0870919,-0.40875712
2.61666656,PlayerA,actor,Root,0.85,0,0
2.61666656,PlayerA,driver,Root,1.00044656,-3.199093E-06,0.02280271
2.61666656,PlayerA,native,AnimatorRoot,1.00044656,-3.199093E-06,0.02280271
2.61666656,PlayerA,native,Hips,1.04139388,0.7660174,0.0382038951
2.61666656,PlayerA,native,Head,0.9948339,1.28565013,0.008250862
2.61666656,PlayerA,native,Chest,1.03371775,0.985057056,0.0299206972
2.61666656,PlayerA,native,LeftHand,0.851873338,0.769516945,-0.07988515
2.61666656,PlayerA,native,RightHand,0.7513783,0.8537291,-0.0393918119
2.61666656,PlayerA,native,LeftFoot,0.836199164,0.118943684,-0.3931519
2.61666656,PlayerA,native,RightFoot,1.198014,0.119263515,0.433149725
2.61666656,PlayerA,fighter,AnimatorRoot,0.85,0,0
2.61666656,PlayerA,fighter,Hips,1.041394,0.7660174,0.0382038951
2.61666656,PlayerA,fighter,Head,0.9948183,1.25255454,0.00553156435
2.61666656,PlayerA,fighter,Chest,1.04359519,0.9692777,0.0301062465
2.61666656,PlayerA,fighter,LeftHand,0.852222562,0.7687538,-0.08126068
2.61666656,PlayerA,fighter,RightHand,0.7526974,0.856153131,-0.03637037
2.61666656,PlayerA,fighter,LeftFoot,0.836199164,0.11894355,-0.393151969
2.61666656,PlayerA,fighter,RightFoot,1.198014,0.1192637,0.433149725
2.61666656,PlayerB,actor,Root,-0.850000262,0,-2.026558E-07
2.61666656,PlayerB,driver,Root,-0.636483669,-0.372935325,-0.0486807451
2.61666656,PlayerB,native,AnimatorRoot,-0.636483669,-0.372935325,-0.0486807451
2.61666656,PlayerB,native,Hips,-0.628386736,0.327252477,-0.04149469
2.61666656,PlayerB,native,Head,-0.4657413,0.7657895,-0.0222255234
2.61666656,PlayerB,native,Chest,-0.506758749,0.487167865,-0.0317165181
2.61666656,PlayerB,native,LeftHand,-0.381593943,0.284650534,0.124154605
2.61666656,PlayerB,native,RightHand,-0.390002429,0.30712,-0.228120357
2.61666656,PlayerB,native,LeftFoot,-1.190411,0.124082446,0.186256543
2.61666656,PlayerB,native,RightFoot,-1.18558455,0.08942309,-0.40939
2.61666656,PlayerB,fighter,AnimatorRoot,-0.850000262,0,-2.026558E-07
2.61666656,PlayerB,fighter,Hips,-0.628386736,0.327252448,-0.04149469
2.61666656,PlayerB,fighter,Head,-0.422953457,0.992135346,0.0150871333
2.61666656,PlayerB,fighter,Chest,-0.480623156,0.5691013,-0.027774984
2.61666656,PlayerB,fighter,LeftHand,-0.381594,0.2846504,0.124154575
2.61666656,PlayerB,fighter,RightHand,-0.39000237,0.307119966,-0.228120267
2.61666656,PlayerB,fighter,LeftFoot,-1.19041109,0.124082342,0.186256483
2.61666656,PlayerB,fighter,RightFoot,-1.18558455,0.08942308,-0.409389943
2.63333344,PlayerA,actor,Root,0.85,0,0
2.63333344,PlayerA,driver,Root,1.00044656,-3.199093E-06,0.0228027254
2.63333344,PlayerA,native,AnimatorRoot,1.00044656,-3.199093E-06,0.0228027254
2.63333344,PlayerA,native,Hips,1.04139388,0.7660174,0.03820391
2.63333344,PlayerA,native,Head,0.9948339,1.28565013,0.008250877
2.63333344,PlayerA,native,Chest,1.03371775,0.985057056,0.0299207121
2.63333344,PlayerA,native,LeftHand,0.851873338,0.769516945,-0.07988513
2.63333344,PlayerA,native,RightHand,0.7513783,0.8537291,-0.039391797
2.63333344,PlayerA,native,LeftFoot,0.836199164,0.118943684,-0.393151879
2.63333344,PlayerA,native,RightFoot,1.198014,0.119263515,0.433149755
2.63333344,PlayerA,fighter,AnimatorRoot,0.85,0,0
2.63333344,PlayerA,fighter,Hips,1.041394,0.7660174,0.0382039249
2.63333344,PlayerA,fighter,Head,0.9948183,1.25255454,0.00553157926
2.63333344,PlayerA,fighter,Chest,1.04359519,0.9692777,0.0301062614
2.63333344,PlayerA,fighter,LeftHand,0.852222562,0.768753946,-0.08126081
2.63333344,PlayerA,fighter,RightHand,0.752697349,0.856153131,-0.0363704264
2.63333344,PlayerA,fighter,LeftFoot,0.8361992,0.118943311,-0.3931521
2.63333344,PlayerA,fighter,RightFoot,1.1980139,0.119263604,0.433149725
2.63333344,PlayerB,actor,Root,-0.850000262,0,-2.026558E-07
2.63333344,PlayerB,driver,Root,-0.6250009,-0.382347822,-0.0470143333
2.63333344,PlayerB,native,AnimatorRoot,-0.6250009,-0.382347822,-0.0470143333
2.63333344,PlayerB,native,Hips,-0.623301744,0.318956852,-0.0406186357
2.63333344,PlayerB,native,Head,-0.4370948,0.749860048,-0.01694771
2.63333344,PlayerB,native,Chest,-0.4958103,0.474572539,-0.0300572757
2.63333344,PlayerB,native,LeftHand,-0.3624727,0.2623791,0.12878719
2.63333344,PlayerB,native,RightHand,-0.374056131,0.28813535,-0.234068677
2.63333344,PlayerB,native,LeftFoot,-1.19427979,0.125125349,0.186930627
2.63333344,PlayerB,native,RightFoot,-1.18690228,0.0919806361,-0.4100804
2.63333344,PlayerB,fighter,AnimatorRoot,-0.850000262,0,-2.026558E-07
2.63333344,PlayerB,fighter,Hips,-0.6233017,0.318956822,-0.0406186357
2.63333344,PlayerB,fighter,Head,-0.3834937,0.9729793,0.0227467176
2.63333344,PlayerB,fighter,Chest,-0.4660243,0.5548596,-0.02521705
2.63333344,PlayerB,fighter,LeftHand,-0.3624727,0.26237914,0.128787249
2.63333344,PlayerB,fighter,RightHand,-0.374056071,0.28813526,-0.234068543
2.63333344,PlayerB,fighter,LeftFoot,-1.19427967,0.125125378,0.1869306
2.63333344,PlayerB,fighter,RightFoot,-1.1869024,0.0919806361,-0.410080373
2.65,PlayerA,actor,Root,0.85,0,0
2.65,PlayerA,driver,Root,1.00044656,-3.199093E-06,0.02280274
2.65,PlayerA,native,AnimatorRoot,1.00044656,-3.199093E-06,0.02280274
2.65,PlayerA,native,Hips,1.04139388,0.7660174,0.0382039249
2.65,PlayerA,native,Head,0.9948339,1.28565013,0.008250892
2.65,PlayerA,native,Chest,1.03371775,0.985057056,0.029920727
2.65,PlayerA,native,LeftHand,0.851873338,0.769516945,-0.07988512
2.65,PlayerA,native,RightHand,0.7513783,0.8537291,-0.0393917821
2.65,PlayerA,native,LeftFoot,0.836199164,0.118943684,-0.393151879
2.65,PlayerA,native,RightFoot,1.198014,0.119263515,0.433149755
2.65,PlayerA,fighter,AnimatorRoot,0.85,0,0
2.65,PlayerA,fighter,Hips,1.041394,0.7660174,0.0382039249
2.65,PlayerA,fighter,Head,0.9948183,1.25255454,0.005531594
2.65,PlayerA,fighter,Chest,1.04359519,0.9692777,0.0301062763
2.65,PlayerA,fighter,LeftHand,0.8522225,0.7687539,-0.0812608
2.65,PlayerA,fighter,RightHand,0.752697349,0.856153131,-0.03637039
2.65,PlayerA,fighter,LeftFoot,0.836199164,0.118943311,-0.393151969
2.65,PlayerA,fighter,RightFoot,1.1980139,0.119263649,0.433149666
2.65,PlayerB,actor,Root,-0.850000262,0,-2.026558E-07
2.65,PlayerB,driver,Root,-0.613370538,-0.3925895,-0.04544138
2.65,PlayerB,native,AnimatorRoot,-0.613370538,-0.3925895,-0.04544138
2.65,PlayerB,native,Hips,-0.618207037,0.310236633,-0.0397083834
2.65,PlayerB,native,Head,-0.407814264,0.731761158,-0.0119473282
2.65,PlayerB,native,Chest,-0.4848605,0.46122092,-0.02851432
2.65,PlayerB,native,LeftHand,-0.343598247,0.239040792,0.134164661
2.65,PlayerB,native,RightHand,-0.358717,0.268094182,-0.241458371
2.65,PlayerB,native,LeftFoot,-1.19836783,0.126307368,0.187488422
2.65,PlayerB,native,RightFoot,-1.18826032,0.094745934,-0.4107987
2.65,PlayerB,fighter,AnimatorRoot,-0.850000262,0,-2.026558E-07
2.65,PlayerB,fighter,Hips,-0.618207,0.3102366,-0.0397083834
2.65,PlayerB,fighter,Head,-0.343150437,0.950994134,0.0299832579
2.65,PlayerB,fighter,Chest,-0.4513754,0.539617956,-0.0228298549
2.65,PlayerB,fighter,LeftHand,-0.343598247,0.239040479,0.134164542
2.65,PlayerB,fighter,RightHand,-0.3587171,0.2680941,-0.241458267
2.65,PlayerB,fighter,LeftFoot,-1.19836807,0.1263074,0.1874884
2.65,PlayerB,fighter,RightFoot,-1.18826056,0.09474603,-0.410798728
2.66666675,PlayerA,actor,Root,0.85,0,0
2.66666675,PlayerA,driver,Root,1.00044656,-3.199093E-06,0.0228027552
2.66666675,PlayerA,native,AnimatorRoot,1.00044656,-3.199093E-06,0.0228027552
2.66666675,PlayerA,native,Hips,1.04139388,0.7660174,0.03820394
2.66666675,PlayerA,native,Head,0.9948339,1.28565013,0.008250907
2.66666675,PlayerA,native,Chest,1.03371775,0.985057056,0.0299207419
2.66666675,PlayerA,native,LeftHand,0.851873338,0.769516945,-0.0798851
2.66666675,PlayerA,native,RightHand,0.7513783,0.8537291,-0.0393917672
2.66666675,PlayerA,native,LeftFoot,0.836199164,0.118943684,-0.39315185
2.66666675,PlayerA,native,RightFoot,1.198014,0.119263515,0.433149785
2.66666675,PlayerA,fighter,AnimatorRoot,0.85,0,0
2.66666675,PlayerA,fighter,Hips,1.041394,0.7660174,0.0382039547
2.66666675,PlayerA,fighter,Head,0.9948183,1.25255454,0.005531609
2.66666675,PlayerA,fighter,Chest,1.04359519,0.9692777,0.0301062912
2.66666675,PlayerA,fighter,LeftHand,0.8522226,0.768753946,-0.0812606961
2.66666675,PlayerA,fighter,RightHand,0.752697349,0.856153131,-0.0363703258
2.66666675,PlayerA,fighter,LeftFoot,0.8361992,0.11894355,-0.393151879
2.66666675,PlayerA,fighter,RightFoot,1.1980139,0.119263649,0.433149755
2.66666675,PlayerB,actor,Root,-0.850000262,0,-2.026558E-07
2.66666675,PlayerB,driver,Root,-0.6016699,-0.403636515,-0.04399232
2.66666675,PlayerB,native,AnimatorRoot,-0.6016699,-0.403636515,-0.04399232
2.66666675,PlayerB,native,Hips,-0.6130897,0.301138639,-0.0387663171
2.66666675,PlayerB,native,Head,-0.378183156,0.711436,-0.00734069338
2.66666675,PlayerB,native,Chest,-0.473934352,0.4471565,-0.0271055344
2.66666675,PlayerB,native,LeftHand,-0.325159431,0.214985251,0.139884681
2.66666675,PlayerB,native,RightHand,-0.34424746,0.247268975,-0.24993661
2.66666675,PlayerB,native,LeftFoot,-1.2025907,0.127692759,0.187925115
2.66666675,PlayerB,native,RightFoot,-1.18959785,0.0977367759,-0.4115429
2.66666675,PlayerB,fighter,AnimatorRoot,-0.850000262,0,-2.026558E-07
2.66666675,PlayerB,fighter,Hips,-0.6130896,0.301138639,-0.0387663171
2.66666675,PlayerB,fighter,Head,-0.3023106,0.926115751,0.03662143
2.66666675,PlayerB,fighter,Chest,-0.436735153,0.523423254,-0.0206493977
2.66666675,PlayerB,fighter,LeftHand,-0.325159431,0.214985117,0.1398848
2.66666675,PlayerB,fighter,RightHand,-0.34424746,0.247268781,-0.249936491
2.66666675,PlayerB,fighter,LeftFoot,-1.2025907,0.127692714,0.18792513
2.66666675,PlayerB,fighter,RightFoot,-1.189598,0.0977367759,-0.411542833
2.6833334,PlayerA,actor,Root,0.85,0,0
2.6833334,PlayerA,driver,Root,1.00044656,-3.199093E-06,0.02280277
2.6833334,PlayerA,native,AnimatorRoot,1.00044656,-3.199093E-06,0.02280277
2.6833334,PlayerA,native,Hips,1.04139388,0.7660174,0.0382039547
2.6833334,PlayerA,native,Head,0.9948339,1.28565013,0.008250922
2.6833334,PlayerA,native,Chest,1.03371775,0.985057056,0.0299207568
2.6833334,PlayerA,native,LeftHand,0.851873338,0.769516945,-0.07988509
2.6833334,PlayerA,native,RightHand,0.7513783,0.8537291,-0.0393917523
2.6833334,PlayerA,native,LeftFoot,0.836199164,0.118943684,-0.39315185
2.6833334,PlayerA,native,RightFoot,1.198014,0.119263515,0.433149785
2.6833334,PlayerA,fighter,AnimatorRoot,0.85,0,0
2.6833334,PlayerA,fighter,Hips,1.041394,0.7660174,0.0382039547
2.6833334,PlayerA,fighter,Head,0.9948183,1.25255454,0.005531624
2.6833334,PlayerA,fighter,Chest,1.04359519,0.9692777,0.0301063061
2.6833334,PlayerA,fighter,LeftHand,0.852222562,0.7687539,-0.0812606663
2.6833334,PlayerA,fighter,RightHand,0.7526973,0.856153131,-0.03637036
2.6833334,PlayerA,fighter,LeftFoot,0.8361991,0.118943743,-0.39315185
2.6833334,PlayerA,fighter,RightFoot,1.198014,0.1192637,0.433149755
2.6833334,PlayerB,actor,Root,-0.850000262,0,-2.026558E-07
2.6833334,PlayerB,driver,Root,-0.589970767,-0.415489525,-0.0427071825
2.6833334,PlayerB,native,AnimatorRoot,-0.589970767,-0.415489525,-0.0427071825
2.6833334,PlayerB,native,Hips,-0.6079348,0.2916744,-0.03779798
2.6833334,PlayerB,native,Head,-0.348483145,0.6888372,-0.003256285
2.6833334,PlayerB,native,Chest,-0.463050961,0.432388574,-0.0258598868
2.6833334,PlayerB,native,LeftHand,-0.307371378,0.190442,0.145625085
2.6833334,PlayerB,native,RightHand,-0.330714226,0.225908428,-0.259403169
2.6833334,PlayerB,native,LeftFoot,-1.20684767,0.129297584,0.188249886
2.6833334,PlayerB,native,RightFoot,-1.19086862,0.1009244,-0.412284374
2.6833334,PlayerB,fighter,AnimatorRoot,-0.850000262,0,-2.026558E-07
2.6833334,PlayerB,fighter,Hips,-0.6079347,0.291674376,-0.03779798
2.6833334,PlayerB,fighter,Head,-0.26134795,0.8983008,0.04247067
2.6833334,PlayerB,fighter,Chest,-0.422153145,0.5062906,-0.0187247042
2.6833334,PlayerB,fighter,LeftHand,-0.307371438,0.190442,0.145625085
2.6833334,PlayerB,fighter,RightHand,-0.3307141,0.225908324,-0.2594031
2.6833334,PlayerB,fighter,LeftFoot,-1.20684767,0.12929754,0.188249931
2.6833334,PlayerB,fighter,RightFoot,-1.1908685,0.100924306,-0.4122844
2.7,PlayerA,actor,Root,0.85,0,0
2.7,PlayerA,driver,Root,1.00044656,-3.199093E-06,0.022802785
2.7,PlayerA,native,AnimatorRoot,1.00044656,-3.199093E-06,0.022802785
2.7,PlayerA,native,Hips,1.04139388,0.7660174,0.03820397
2.7,PlayerA,native,Head,0.9948339,1.28565013,0.008250937
2.7,PlayerA,native,Chest,1.03371775,0.985057056,0.0299207717
2.7,PlayerA,native,LeftHand,0.851873338,0.769516945,-0.07988507
2.7,PlayerA,native,RightHand,0.7513783,0.8537291,-0.0393917374
2.7,PlayerA,native,LeftFoot,0.836199164,0.118943684,-0.39315182
2.7,PlayerA,native,RightFoot,1.198014,0.119263515,0.4331498
2.7,PlayerA,fighter,AnimatorRoot,0.85,0,0
2.7,PlayerA,fighter,Hips,1.041394,0.7660174,0.0382039845
2.7,PlayerA,fighter,Head,0.9948183,1.25255454,0.005531639
2.7,PlayerA,fighter,Chest,1.04359519,0.9692777,0.030106321
2.7,PlayerA,fighter,LeftHand,0.852222562,0.768754,-0.08126075
2.7,PlayerA,fighter,RightHand,0.752697349,0.856153131,-0.0363704227
2.7,PlayerA,fighter,LeftFoot,0.8361992,0.118943408,-0.3931519
2.7,PlayerA,fighter,RightFoot,1.1980139,0.119263604,0.433149755
2.7,PlayerB,actor,Root,-0.850000262,0,-2.026558E-07
2.7,PlayerB,driver,Root,-0.578350544,-0.428093046,-0.04159326
2.7,PlayerB,native,AnimatorRoot,-0.578350544,-0.428093046,-0.04159326
2.7,PlayerB,native,Hips,-0.602723539,0.281897157,-0.0368024781
2.7,PlayerB,native,Head,-0.319007933,0.6640165,0.000222659117
2.7,PlayerB,native,Chest,-0.452229828,0.416975528,-0.02478304
2.7,PlayerB,native,LeftHand,-0.290370464,0.165678352,0.150948852
2.7,PlayerB,native,RightHand,-0.318206429,0.204168469,-0.26943624
2.7,PlayerB,native,LeftFoot,-1.21105278,0.131200045,0.188448817
2.7,PlayerB,native,RightFoot,-1.1920042,0.104342908,-0.413029522
2.7,PlayerB,fighter,AnimatorRoot,-0.850000262,0,-2.026558E-07
2.7,PlayerB,fighter,Hips,-0.6027235,0.281897128,-0.0368024781
2.7,PlayerB,fighter,Head,-0.2206583,0.867618561,0.04740528
2.7,PlayerB,fighter,Chest,-0.407681078,0.4882889,-0.0170737747
2.7,PlayerB,fighter,LeftHand,-0.290370464,0.165678278,0.150948912
2.7,PlayerB,fighter,RightHand,-0.3182063,0.20416826,-0.269436121
2.7,PlayerB,fighter,LeftFoot,-1.21105289,0.13120006,0.188448787
2.7,PlayerB,fighter,RightFoot,-1.1920042,0.104342967,-0.4130295
2.71604943,PlayerA,actor,Root,0.85,0,0
2.71604943,PlayerA,driver,Root,1.00044656,-3.199093E-06,0.0228028
2.71604943,PlayerA,native,AnimatorRoot,1.00044656,-3.199093E-06,0.0228028
2.71604943,PlayerA,native,Hips,1.04139388,0.7660174,0.0382039845
2.71604943,PlayerA,native,Head,0.9948339,1.28565013,0.008250952
2.71604943,PlayerA,native,Chest,1.03371775,0.985057056,0.0299207866
2.71604943,PlayerA,native,LeftHand,0.851873338,0.769516945,-0.07988506
2.71604943,PlayerA,native,RightHand,0.7513783,0.8537291,-0.0393917225
2.71604943,PlayerA,native,LeftFoot,0.836199164,0.118943684,-0.39315182
2.71604943,PlayerA,native,RightFoot,1.198014,0.119263515,0.4331498
2.71604943,PlayerA,fighter,AnimatorRoot,0.85,0,0
2.71604943,PlayerA,fighter,Hips,1.041394,0.7660174,0.0382039845
2.71604943,PlayerA,fighter,Head,0.9948183,1.25255454,0.00553165376
2.71604943,PlayerA,fighter,Chest,1.04359519,0.9692777,0.0301063359
2.71604943,PlayerA,fighter,LeftHand,0.8522225,0.7687539,-0.08126074
2.71604943,PlayerA,fighter,RightHand,0.7526974,0.8561532,-0.03637037
2.71604943,PlayerA,fighter,LeftFoot,0.836199164,0.118943356,-0.393151879
2.71604943,PlayerA,fighter,RightFoot,1.198014,0.119263649,0.433149755
2.71604943,PlayerB,actor,Root,-0.850000262,0,-2.026558E-07
2.71604943,PlayerB,driver,Root,-0.567284644,-0.440952629,-0.04071147
2.71604943,PlayerB,native,AnimatorRoot,-0.567284644,-0.440952629,-0.04071147
2.71604943,PlayerB,native,Hips,-0.597647,0.272175282,-0.0358273461
2.71604943,PlayerB,native,Head,-0.2911135,0.6380508,0.002906418
2.71604943,PlayerB,native,Chest,-0.441895664,0.401519448,-0.0239298288
2.71604943,PlayerB,native,LeftHand,-0.274244666,0.140955,0.155469626
2.71604943,PlayerB,native,RightHand,-0.3071537,0.18298611,-0.279526055
2.71604943,PlayerB,native,LeftFoot,-1.21496511,0.133301586,0.188529819
2.71604943,PlayerB,native,RightFoot,-1.19293821,0.1077933,-0.4137199
2.71604943,PlayerB,fighter,AnimatorRoot,-0.850000262,0,-2.026558E-07
2.71604943,PlayerB,fighter,Hips,-0.597646952,0.272175252,-0.0358273461
2.71604943,PlayerB,fighter,Head,-0.182133555,0.83543694,0.0511657968
2.71604943,PlayerB,fighter,Chest,-0.393903732,0.470141441,-0.0157813672
2.71604943,PlayerB,fighter,LeftHand,-0.274244845,0.140954927,0.1554698
2.71604943,PlayerB,fighter,RightHand,-0.3071537,0.182985976,-0.279525965
2.71604943,PlayerB,fighter,LeftFoot,-1.214965,0.133301556,0.188529789
2.71604943,PlayerB,fighter,RightFoot,-1.19293821,0.107793331,-0.413719982
2.7166667,PlayerA,actor,Root,0.85,0,0
2.7166667,PlayerA,driver,Root,1.00044656,-3.199093E-06,0.0228028148
2.7166667,PlayerA,native,AnimatorRoot,1.00044656,-3.199093E-06,0.0228028148
2.7166667,PlayerA,native,Hips,1.04139388,0.7660174,0.038204
2.7166667,PlayerA,native,Head,0.9948339,1.28565013,0.008250967
2.7166667,PlayerA,native,Chest,1.03371775,0.985057056,0.0299208015
2.7166667,PlayerA,native,LeftHand,0.851873338,0.769516945,-0.07988504
2.7166667,PlayerA,native,RightHand,0.7513783,0.8537291,-0.0393917076
2.7166667,PlayerA,native,LeftFoot,0.836199164,0.118943684,-0.3931518
2.7166667,PlayerA,native,RightFoot,1.198014,0.119263515,0.433149844
2.7166667,PlayerA,fighter,AnimatorRoot,0.85,0,0
2.7166667,PlayerA,fighter,Hips,1.041394,0.7660174,0.0382040143
2.7166667,PlayerA,fighter,Head,0.9948183,1.25255454,0.00553166866
2.7166667,PlayerA,fighter,Chest,1.04359519,0.9692777,0.03010635
2.7166667,PlayerA,fighter,LeftHand,0.852222562,0.768753946,-0.08126065
2.7166667,PlayerA,fighter,RightHand,0.752697349,0.856153,-0.0363703221
2.7166667,PlayerA,fighter,LeftFoot,0.8361992,0.118943267,-0.3931518
2.7166667,PlayerA,fighter,RightFoot,1.198014,0.119263604,0.433149874
2.7166667,PlayerB,actor,Root,-0.850000262,0,-2.026558E-07
2.7166667,PlayerB,driver,Root,-0.566861749,-0.441460431,-0.0406810269
2.7166667,PlayerB,native,AnimatorRoot,-0.566861749,-0.441460431,-0.0406810269
2.7166667,PlayerB,native,Hips,-0.5974499,0.271796,-0.0357893333
2.7166667,PlayerB,native,Head,-0.290051222,0.6370123,0.002996719
2.7166667,PlayerB,native,Chest,-0.4414994,0.400913537,-0.0239003245
2.7166667,PlayerB,native,LeftHand,-0.273641348,0.140002787,0.155629128
2.7166667,PlayerB,native,RightHand,-0.306744933,0.18216604,-0.2799223
2.7166667,PlayerB,native,LeftFoot,-1.21511173,0.133389533,0.18853043
2.7166667,PlayerB,native,RightFoot,-1.19296992,0.107930481,-0.4137459
2.7166667,PlayerB,fighter,AnimatorRoot,-0.850000262,0,-2.026558E-07
2.7166667,PlayerB,fighter,Hips,-0.5974499,0.271796,-0.0357893333
2.7166667,PlayerB,fighter,Head,-0.180664,0.8341473,0.05129049
2.7166667,PlayerB,fighter,Chest,-0.393376529,0.469428,-0.01573714
2.7166667,PlayerB,fighter,LeftHand,-0.273641229,0.140002787,0.155629188
2.7166667,PlayerB,fighter,RightHand,-0.3067447,0.18216601,-0.279922217
2.7166667,PlayerB,fighter,LeftFoot,-1.21511185,0.1333896,0.18853043
2.7166667,PlayerB,fighter,RightFoot,-1.19297,0.107930459,-0.4137459
2.73333335,PlayerA,actor,Root,0.85,0,0
2.73333335,PlayerA,driver,Root,1.00044656,-3.199093E-06,0.02280283
2.73333335,PlayerA,native,AnimatorRoot,1.00044656,-3.199093E-06,0.02280283
2.73333335,PlayerA,native,Hips,1.04139388,0.7660174,0.0382040143
2.73333335,PlayerA,native,Head,0.9948339,1.28565013,0.008250982
2.73333335,PlayerA,native,Chest,1.03371775,0.985057056,0.0299208164
2.73333335,PlayerA,native,LeftHand,0.851873338,0.769516945,-0.07988503
2.73333335,PlayerA,native,RightHand,0.7513783,0.8537291,-0.0393916927
2.73333335,PlayerA,native,LeftFoot,0.836199164,0.118943684,-0.3931518
2.73333335,PlayerA,native,RightFoot,1.198014,0.119263515,0.433149844
2.73333335,PlayerA,fighter,AnimatorRoot,0.85,0,0
2.73333335,PlayerA,fighter,Hips,1.041394,0.7660174,0.0382040143
2.73333335,PlayerA,fighter,Head,0.9948183,1.25255454,0.00553168356
2.73333335,PlayerA,fighter,Chest,1.04359519,0.9692777,0.0301063657
2.73333335,PlayerA,fighter,LeftHand,0.852222562,0.7687538,-0.08126056
2.73333335,PlayerA,fighter,RightHand,0.7526974,0.856153131,-0.03637025
2.73333335,PlayerA,fighter,LeftFoot,0.8361992,0.11894355,-0.39315185
2.73333335,PlayerA,fighter,RightFoot,1.1980139,0.119263649,0.433149755
2.73333335,PlayerB,actor,Root,-0.850000262,0,-2.026558E-07
2.73333335,PlayerB,driver,Root,-0.55565083,-0.455385864,-0.039940916
2.73333335,PlayerB,native,AnimatorRoot,-0.55565083,-0.455385864,-0.039940916
2.73333335,PlayerB,native,Hips,-0.5920803,0.2614782,-0.03475324
2.73333335,PlayerB,native,Head,-0.261873126,0.60803777,0.005030668
2.73333335,PlayerB,native,Chest,-0.4308621,0.384323359,-0.023203725
2.73333335,PlayerB,native,LeftHand,-0.259289622,0.116834521,0.1590145
2.73333335,PlayerB,native,RightHand,-0.296283484,0.1600405,-0.290416718
2.73333335,PlayerB,native,LeftFoot,-1.21891987,0.135994077,0.18850404
2.73333335,PlayerB,native,RightFoot,-1.19368649,0.111778915,-0.4144268
2.73333335,PlayerB,fighter,AnimatorRoot,-0.850000262,0,-2.026558E-07
2.73333335,PlayerB,fighter,Hips,-0.592080235,0.2614782,-0.03475324
2.73333335,PlayerB,fighter,Head,-0.141643822,0.7981214,0.054048337
2.73333335,PlayerB,fighter,Chest,-0.37927,0.44984448,-0.0147113446
2.73333335,PlayerB,fighter,LeftHand,-0.259289563,0.116834342,0.1590145
2.73333335,PlayerB,fighter,RightHand,-0.296283484,0.1600404,-0.2904166
2.73333335,PlayerB,fighter,LeftFoot,-1.21891975,0.135993987,0.188504
2.73333335,PlayerB,fighter,RightFoot,-1.1936866,0.111778907,-0.414426833
2.75,PlayerA,actor,Root,0.85,0,0
2.75,PlayerA,driver,Root,1.00044656,-3.199093E-06,0.0228028446
2.75,PlayerA,native,AnimatorRoot,1.00044656,-3.199093E-06,0.0228028446
2.75,PlayerA,native,Hips,1.04139388,0.7660174,0.03820403
2.75,PlayerA,native,Head,0.9948339,1.28565013,0.00825099647
2.75,PlayerA,native,Chest,1.03371775,0.985057056,0.0299208313
2.75,PlayerA,native,LeftHand,0.851873338,0.769516945,-0.07988501
2.75,PlayerA,native,RightHand,0.7513783,0.8537291,-0.0393916778
2.75,PlayerA,native,LeftFoot,0.836199164,0.118943684,-0.39315176
2.75,PlayerA,native,RightFoot,1.198014,0.119263515,0.433149874
2.75,PlayerA,fighter,AnimatorRoot,0.85,0,0
2.75,PlayerA,fighter,Hips,1.041394,0.7660174,0.0382040441
2.75,PlayerA,fighter,Head,0.9948183,1.25255454,0.00553169847
2.75,PlayerA,fighter,Chest,1.04359519,0.9692777,0.03010638
2.75,PlayerA,fighter,LeftHand,0.852222562,0.768753946,-0.08126069
2.75,PlayerA,fighter,RightHand,0.752697349,0.856153131,-0.0363703854
2.75,PlayerA,fighter,LeftFoot,0.8361992,0.118943267,-0.3931519
2.75,PlayerA,fighter,RightFoot,1.1980139,0.119263604,0.4331498
2.75,PlayerB,actor,Root,-0.850000262,0,-2.026558E-07
2.75,PlayerB,driver,Root,-0.544891655,-0.469727755,-0.0393337533
2.75,PlayerB,native,AnimatorRoot,-0.544891655,-0.469727755,-0.0393337533
2.75,PlayerB,native,Hips,-0.586640656,0.250905156,-0.0337205157
2.75,PlayerB,native,Head,-0.234765351,0.5772091,0.0062552453
2.75,PlayerB,native,Chest,-0.420376,0.3671822,-0.0227258448
2.75,PlayerB,native,LeftHand,-0.249974489,0.104453743,0.160743862
2.75,PlayerB,native,RightHand,-0.2863676,0.136675656,-0.301736057
2.75,PlayerB,native,LeftFoot,-1.22242057,0.138976991,0.188347176
2.75,PlayerB,native,RightFoot,-1.194145,0.1157971,-0.415065
2.75,PlayerB,fighter,AnimatorRoot,-0.850000262,0,-2.026558E-07
2.75,PlayerB,fighter,Hips,-0.5866406,0.250905156,-0.0337205157
2.75,PlayerB,fighter,Head,-0.10400635,0.7597141,0.0555952564
2.75,PlayerB,fighter,Chest,-0.365445137,0.429534823,-0.014036024
2.75,PlayerB,fighter,LeftHand,-0.24997431,0.10445378,0.160743922
2.75,PlayerB,fighter,RightHand,-0.286367536,0.136675432,-0.301736057
2.75,PlayerB,fighter,LeftFoot,-1.22242069,0.138976932,0.1883472
2.75,PlayerB,fighter,RightFoot,-1.19414473,0.115797,-0.41506502
2.76666665,PlayerA,actor,Root,0.85,0,0
2.76666665,PlayerA,driver,Root,1.00044656,-3.199093E-06,0.02280286
2.76666665,PlayerA,native,AnimatorRoot,1.00044656,-3.199093E-06,0.02280286
2.76666665,PlayerA,native,Hips,1.04139388,0.7660174,0.0382040441
2.76666665,PlayerA,native,Head,0.9948339,1.28565013,0.008251011
2.76666665,PlayerA,native,Chest,1.03371775,0.985057056,0.0299208462
2.76666665,PlayerA,native,LeftHand,0.851873338,0.769516945,-0.079885
2.76666665,PlayerA,native,RightHand,0.7513783,0.8537291,-0.0393916629
2.76666665,PlayerA,native,LeftFoot,0.836199164,0.118943684,-0.39315176
2.76666665,PlayerA,native,RightFoot,1.198014,0.119263515,0.433149874
2.76666665,PlayerA,fighter,AnimatorRoot,0.85,0,0
2.76666665,PlayerA,fighter,Hips,1.041394,0.7660174,0.0382040441
2.76666665,PlayerA,fighter,Head,0.9948183,1.25255454,0.00553171337
2.76666665,PlayerA,fighter,Chest,1.04359519,0.9692777,0.0301063955
2.76666665,PlayerA,fighter,LeftHand,0.8522225,0.7687539,-0.08126068
2.76666665,PlayerA,fighter,RightHand,0.752697349,0.856153131,-0.03637027
2.76666665,PlayerA,fighter,LeftFoot,0.836199164,0.118943356,-0.3931518
2.76666665,PlayerA,fighter,RightFoot,1.198014,0.1192637,0.433149874
2.76666665,PlayerB,actor,Root,-0.850000262,0,-2.026558E-07
2.76666665,PlayerB,driver,Root,-0.5345534,-0.484306037,-0.0389189646
2.76666665,PlayerB,native,AnimatorRoot,-0.5345534,-0.484306037,-0.0389189646
2.76666665,PlayerB,native,Hips,-0.581037641,0.2401275,-0.0326449946
2.76666665,PlayerB,native,Head,-0.208871186,0.544777334,0.006725526
2.76666665,PlayerB,native,Chest,-0.4099787,0.349560618,-0.02240842
2.76666665,PlayerB,native,LeftHand,-0.243077159,0.0989154,0.1608251
2.76666665,PlayerB,native,RightHand,-0.278027534,0.115899682,-0.310606241
2.76666665,PlayerB,native,LeftFoot,-1.2254529,0.142419457,0.188095629
2.76666665,PlayerB,native,RightFoot,-1.1942054,0.120026469,-0.4156198
2.76666665,PlayerB,fighter,AnimatorRoot,-0.850000262,0,-2.026558E-07
2.76666665,PlayerB,fighter,Hips,-0.581037641,0.240127489,-0.0326449946
2.76666665,PlayerB,fighter,Head,-0.06797558,0.719234169,0.0559828654
2.76666665,PlayerB,fighter,Chest,-0.3518633,0.4085912,-0.0136522595
2.76666665,PlayerB,fighter,LeftHand,-0.243077278,0.09891556,0.160825282
2.76666665,PlayerB,fighter,RightHand,-0.278027534,0.115899473,-0.310606182
2.76666665,PlayerB,fighter,LeftFoot,-1.2254529,0.142419517,0.188095629
2.76666665,PlayerB,fighter,RightFoot,-1.19420564,0.120026447,-0.4156199
2.7833333,PlayerA,actor,Root,0.85,0,0
2.7833333,PlayerA,driver,Root,1.00044656,-3.199093E-06,0.0228028744
2.7833333,PlayerA,native,AnimatorRoot,1.00044656,-3.199093E-06,0.0228028744
2.7833333,PlayerA,native,Hips,1.04139388,0.7660174,0.03820406
2.7833333,PlayerA,native,Head,0.9948339,1.28565013,0.008251026
2.7833333,PlayerA,native,Chest,1.03371775,0.985057056,0.0299208611
2.7833333,PlayerA,native,LeftHand,0.851873338,0.769516945,-0.07988498
2.7833333,PlayerA,native,RightHand,0.7513783,0.8537291,-0.039391648
2.7833333,PlayerA,native,LeftFoot,0.836199164,0.118943684,-0.39315173
2.7833333,PlayerA,native,RightFoot,1.198014,0.119263515,0.4331499
2.7833333,PlayerA,fighter,AnimatorRoot,0.85,0,0
2.7833333,PlayerA,fighter,Hips,1.041394,0.7660174,0.0382040739
2.7833333,PlayerA,fighter,Head,0.9948183,1.25255454,0.00553172827
2.7833333,PlayerA,fighter,Chest,1.04359519,0.9692777,0.03010641
2.7833333,PlayerA,fighter,LeftHand,0.8522226,0.768753946,-0.08126058
2.7833333,PlayerA,fighter,RightHand,0.752697349,0.856153131,-0.0363702066
2.7833333,PlayerA,fighter,LeftFoot,0.8361992,0.11894355,-0.39315176
2.7833333,PlayerA,fighter,RightFoot,1.1980139,0.119263649,0.433149874
2.7833333,PlayerB,actor,Root,-0.850000262,0,-2.026558E-07
2.7833333,PlayerB,driver,Root,-0.524736345,-0.4988453,-0.0387862846
2.7833333,PlayerB,native,AnimatorRoot,-0.524736345,-0.4988453,-0.0387862846
2.7833333,PlayerB,native,Hips,-0.575278461,0.229244322,-0.0315115675
2.7833333,PlayerB,native,Head,-0.18439424,0.511081338,0.00646368274
2.7833333,PlayerB,native,Chest,-0.399704278,0.331580251,-0.0222329441
2.7833333,PlayerB,native,LeftHand,-0.236388564,0.0894223154,0.15872696
2.7833333,PlayerB,native,RightHand,-0.269995868,0.107646614,-0.3128034
2.7833333,PlayerB,native,LeftFoot,-1.22793365,0.14641282,0.187786639
2.7833333,PlayerB,native,RightFoot,-1.19384265,0.124508709,-0.416035056
2.7833333,PlayerB,fighter,AnimatorRoot,-0.850000262,0,-2.026558E-07
2.7833333,PlayerB,fighter,Hips,-0.5752784,0.2292443,-0.0315115675
2.7833333,PlayerB,fighter,Head,-0.03382474,0.677088857,0.05522982
2.7833333,PlayerB,fighter,Chest,-0.3385793,0.387159973,-0.0135415439
2.7833333,PlayerB,fighter,LeftHand,-0.236388624,0.08942235,0.15872708
2.7833333,PlayerB,fighter,RightHand,-0.2699958,0.107646652,-0.3128034
2.7833333,PlayerB,fighter,LeftFoot,-1.22793341,0.1464128,0.187786624
2.7833333,PlayerB,fighter,RightFoot,-1.19384289,0.124508731,-0.416035026
2.8,PlayerA,actor,Root,0.85,0,0
2.8,PlayerA,driver,Root,1.00044656,-3.199093E-06,0.02280289
2.8,PlayerA,native,AnimatorRoot,1.00044656,-3.199093E-06,0.02280289
2.8,PlayerA,native,Hips,1.04139388,0.7660174,0.0382040739
2.8,PlayerA,native,Head,0.9948339,1.28565013,0.008251041
2.8,PlayerA,native,Chest,1.03371775,0.985057056,0.029920876
2.8,PlayerA,native,LeftHand,0.851873338,0.769516945,-0.07988497
2.8,PlayerA,native,RightHand,0.7513783,0.8537291,-0.0393916331
2.8,PlayerA,native,LeftFoot,0.836199164,0.118943684,-0.39315173
2.8,PlayerA,native,RightFoot,1.198014,0.119263515,0.4331499
2.8,PlayerA,fighter,AnimatorRoot,0.85,0,0
2.8,PlayerA,fighter,Hips,1.041394,0.7660174,0.0382040739
2.8,PlayerA,fighter,Head,0.9948183,1.25255454,0.005531743
2.8,PlayerA,fighter,Chest,1.04359519,0.9692777,0.0301064253
2.8,PlayerA,fighter,LeftHand,0.852222562,0.7687539,-0.08126055
2.8,PlayerA,fighter,RightHand,0.7526973,0.856153131,-0.03637024
2.8,PlayerA,fighter,LeftFoot,0.8361992,0.11894355,-0.3931518
2.8,PlayerA,fighter,RightFoot,1.1980139,0.119263649,0.4331498
2.8,PlayerB,actor,Root,-0.850000262,0,-2.026558E-07
2.8,PlayerB,driver,Root,-0.5152209,-0.5134889,-0.0388056561
2.8,PlayerB,native,AnimatorRoot,-0.5152209,-0.5134889,-0.0388056561
2.8,PlayerB,native,Hips,-0.569472551,0.21809113,-0.0305038039
2.8,PlayerB,native,Head,-0.161593378,0.476223946,0.00534037361
2.8,PlayerB,native,Chest,-0.3896859,0.3131014,-0.0223627631
2.8,PlayerB,native,LeftHand,-0.22750628,0.07974422,0.160606712
2.8,PlayerB,native,RightHand,-0.2606184,0.108435869,-0.311793447
2.8,PlayerB,native,LeftFoot,-1.2299062,0.150823414,0.187226519
2.8,PlayerB,native,RightFoot,-1.19312477,0.129068434,-0.4164927
2.8,PlayerB,fighter,AnimatorRoot,-0.850000262,0,-2.026558E-07
2.8,PlayerB,fighter,Hips,-0.569472551,0.21809113,-0.0305038039
2.8,PlayerB,fighter,Head,-0.00187796354,0.633457243,0.05321745
2.8,PlayerB,fighter,Chest,-0.325744748,0.365128,-0.0138621572
2.8,PlayerB,fighter,LeftHand,-0.22750628,0.0797440857,0.160606891
2.8,PlayerB,fighter,RightHand,-0.260618567,0.108435743,-0.311793417
2.8,PlayerB,fighter,LeftFoot,-1.2299062,0.150823355,0.187226444
2.8,PlayerB,fighter,RightFoot,-1.19312477,0.12906839,-0.416492641
2.8166666,PlayerA,actor,Root,0.85,0,0
2.8166666,PlayerA,driver,Root,1.00044656,-3.199093E-06,0.0228029042
2.8166666,PlayerA,native,AnimatorRoot,1.00044656,-3.199093E-06,0.0228029042
2.8166666,PlayerA,native,Hips,1.04139388,0.7660174,0.03820409
2.8166666,PlayerA,native,Head,0.9948339,1.28565013,0.008251056
2.8166666,PlayerA,native,Chest,1.03371775,0.985057056,0.02992089
2.8166666,PlayerA,native,LeftHand,0.851873338,0.769516945,-0.0798849538
2.8166666,PlayerA,native,RightHand,0.7513783,0.8537291,-0.03939162
2.8166666,PlayerA,native,LeftFoot,0.836199164,0.118943684,-0.3931517
2.8166666,PlayerA,native,RightFoot,1.198014,0.119263515,0.433149934
2.8166666,PlayerA,fighter,AnimatorRoot,0.85,0,0
2.8166666,PlayerA,fighter,Hips,1.041394,0.7660174,0.0382041037
2.8166666,PlayerA,fighter,Head,0.9948183,1.25255454,0.005531758
2.8166666,PlayerA,fighter,Chest,1.04359519,0.9692777,0.03010644
2.8166666,PlayerA,fighter,LeftHand,0.852222562,0.768753946,-0.08126063
2.8166666,PlayerA,fighter,RightHand,0.752697349,0.856153131,-0.0363703035
2.8166666,PlayerA,fighter,LeftFoot,0.836199164,0.118943267,-0.393151879
2.8166666,PlayerA,fighter,RightFoot,1.1980139,0.119263604,0.4331499
2.8166666,PlayerB,actor,Root,-0.850000262,0,-2.026558E-07
2.8166666,PlayerB,driver,Root,-0.505778551,-0.5283694,-0.038865678
2.8166666,PlayerB,native,AnimatorRoot,-0.505778551,-0.5283694,-0.038865678
2.8166666,PlayerB,native,Hips,-0.563480139,0.206874788,-0.0294402186
2.8166666,PlayerB,native,Head,-0.1404311,0.440704584,0.00358752022
2.8166666,PlayerB,native,Chest,-0.379803658,0.294357836,-0.0226038042
2.8166666,PlayerB,native,LeftHand,-0.219069123,0.07097995,0.161842674
2.8166666,PlayerB,native,RightHand,-0.250680149,0.105172634,-0.311446
2.8166666,PlayerB,native,LeftFoot,-1.23113966,0.155851662,0.18661423
2.8166666,PlayerB,native,RightFoot,-1.19186854,0.13385886,-0.416782677
2.8166666,PlayerB,fighter,AnimatorRoot,-0.850000262,0,-2.026558E-07
2.8166666,PlayerB,fighter,Hips,-0.563480139,0.206874773,-0.0294402186
2.8166666,PlayerB,fighter,Head,0.0278479457,0.5889247,0.05018709
2.8166666,PlayerB,fighter,Chest,-0.313254356,0.342758715,-0.0144161824
2.8166666,PlayerB,fighter,LeftHand,-0.219069183,0.0709798858,0.161842912
2.8166666,PlayerB,fighter,RightHand,-0.250680268,0.105172634,-0.311446041
2.8166666,PlayerB,fighter,LeftFoot,-1.2311399,0.155851617,0.18661423
2.8166666,PlayerB,fighter,RightFoot,-1.19186854,0.133858874,-0.4167827
2.83333325,PlayerA,actor,Root,0.85,0,0
2.83333325,PlayerA,driver,Root,1.00044656,-3.199093E-06,0.02280292
2.83333325,PlayerA,native,AnimatorRoot,1.00044656,-3.199093E-06,0.02280292
2.83333325,PlayerA,native,Hips,1.04139388,0.7660174,0.0382041037
2.83333325,PlayerA,native,Head,0.9948339,1.28565013,0.008251071
2.83333325,PlayerA,native,Chest,1.03371775,0.985057056,0.0299209058
2.83333325,PlayerA,native,LeftHand,0.851873338,0.769516945,-0.07988494
2.83333325,PlayerA,native,RightHand,0.7513783,0.8537291,-0.0393916033
2.83333325,PlayerA,native,LeftFoot,0.836199164,0.118943684,-0.3931517
2.83333325,PlayerA,native,RightFoot,1.198014,0.119263515,0.433149934
2.83333325,PlayerA,fighter,AnimatorRoot,0.85,0,0
2.83333325,PlayerA,fighter,Hips,1.041394,0.7660174,0.0382041037
2.83333325,PlayerA,fighter,Head,0.9948183,1.25255454,0.005531773
2.83333325,PlayerA,fighter,Chest,1.04359519,0.9692777,0.0301064551
2.83333325,PlayerA,fighter,LeftHand,0.8522225,0.7687539,-0.08126062
2.83333325,PlayerA,fighter,RightHand,0.7526974,0.8561532,-0.03637025
2.83333325,PlayerA,fighter,LeftFoot,0.836199164,0.118943311,-0.3931518
2.83333325,PlayerA,fighter,RightFoot,1.1980139,0.119263649,0.433149874
2.83333325,PlayerB,actor,Root,-0.850000262,0,-2.026558E-07
2.83333325,PlayerB,driver,Root,-0.496535957,-0.5432436,-0.0390002653
2.83333325,PlayerB,native,AnimatorRoot,-0.496535957,-0.5432436,-0.0390002653
2.83333325,PlayerB,native,Hips,-0.5572618,0.1956141,-0.02835595
2.83333325,PlayerB,native,Head,-0.120915234,0.404840827,0.00125483272
2.83333325,PlayerB,native,Chest,-0.370033145,0.275394857,-0.02296486
2.83333325,PlayerB,native,LeftHand,-0.210655212,0.06308502,0.164447755
2.83333325,PlayerB,native,RightHand,-0.243210256,0.100975633,-0.3129792
2.83333325,PlayerB,native,LeftFoot,-1.23153484,0.161551654,0.185900033
2.83333325,PlayerB,native,RightFoot,-1.19000459,0.138885975,-0.416929841
2.83333325,PlayerB,fighter,AnimatorRoot,-0.850000262,0,-2.026558E-07
2.83333325,PlayerB,fighter,Hips,-0.5572618,0.195614085,-0.02835595
2.83333325,PlayerB,fighter,Head,0.0553022027,0.5438967,0.0462139621
2.83333325,PlayerB,fighter,Chest,-0.3010949,0.320127279,-0.0152023677
2.83333325,PlayerB,fighter,LeftHand,-0.210655272,0.0630851761,0.164448
2.83333325,PlayerB,fighter,RightHand,-0.243210316,0.100975692,-0.312979162
2.83333325,PlayerB,fighter,LeftFoot,-1.231535,0.16155155,0.185899988
2.83333325,PlayerB,fighter,RightFoot,-1.19000483,0.138885975,-0.4169298
2.83950639,PlayerA,actor,Root,0.85,0,0
2.83950639,PlayerA,driver,Root,1.00044656,-3.199093E-06,0.0228029341
2.83950639,PlayerA,native,AnimatorRoot,1.00044656,-3.199093E-06,0.0228029341
2.83950639,PlayerA,native,Hips,1.04139388,0.7660174,0.03820412
2.83950639,PlayerA,native,Head,0.9948339,1.28565013,0.008251086
2.83950639,PlayerA,native,Chest,1.03371775,0.985057056,0.02992092
2.83950639,PlayerA,native,LeftHand,0.851873338,0.769516945,-0.079884924
2.83950639,PlayerA,native,RightHand,0.7513783,0.8537291,-0.03939159
2.83950639,PlayerA,native,LeftFoot,0.836199164,0.118943684,-0.393151671
2.83950639,PlayerA,native,RightFoot,1.198014,0.119263515,0.433149964
2.83950639,PlayerA,fighter,AnimatorRoot,0.85,0,0
2.83950639,PlayerA,fighter,Hips,1.041394,0.7660174,0.0382041335
2.83950639,PlayerA,fighter,Head,0.9948183,1.25255454,0.005531788
2.83950639,PlayerA,fighter,Chest,1.04359519,0.9692777,0.03010647
2.83950639,PlayerA,fighter,LeftHand,0.852222562,0.768753946,-0.08126053
2.83950639,PlayerA,fighter,RightHand,0.752697349,0.856153,-0.0363702029
2.83950639,PlayerA,fighter,LeftFoot,0.8361992,0.118943267,-0.393151671
2.83950639,PlayerA,fighter,RightFoot,1.198014,0.119263604,0.433149964
2.83950639,PlayerB,actor,Root,-0.850000262,0,-2.026558E-07
2.83950639,PlayerB,driver,Root,-0.4932934,-0.5484939,-0.039037548
2.83950639,PlayerB,native,AnimatorRoot,-0.4932934,-0.5484939,-0.039037548
2.83950639,PlayerB,native,Hips,-0.5550399,0.191714942,-0.027969772
2.83950639,PlayerB,native,Head,-0.114190936,0.391692579,0.000365293032
2.83950639,PlayerB,native,Chest,-0.366607,0.268659949,-0.0231221262
2.83950639,PlayerB,native,LeftHand,-0.207152545,0.0606977344,0.165958732
2.83950639,PlayerB,native,RightHand,-0.241486371,0.0998010039,-0.314405262
2.83950639,PlayerB,native,LeftFoot,-1.23169649,0.163538218,0.185672566
2.83950639,PlayerB,native,RightFoot,-1.18934155,0.140626132,-0.4170263
2.83950639,PlayerB,fighter,AnimatorRoot,-0.850000262,0,-2.026558E-07
2.83950639,PlayerB,fighter,Hips,-0.5550399,0.191714942,-0.027969772
2.83950639,PlayerB,fighter,Head,0.0648489,0.527245343,0.0447300449
2.83950639,PlayerB,fighter,Chest,-0.296841681,0.31201762,-0.015519226
2.83950639,PlayerB,fighter,LeftHand,-0.207152665,0.060697712,0.165958911
2.83950639,PlayerB,fighter,RightHand,-0.24148643,0.0998009741,-0.314405173
2.83950639,PlayerB,fighter,LeftFoot,-1.23169661,0.1635383,0.1856726
2.83950639,PlayerB,fighter,RightFoot,-1.18934178,0.140626147,-0.417026252
2.85,PlayerA,actor,Root,0.85,0,0
2.85,PlayerA,driver,Root,1.00044656,-3.199093E-06,0.022802949
2.85,PlayerA,native,AnimatorRoot,1.00044656,-3.199093E-06,0.022802949
2.85,PlayerA,native,Hips,1.04139388,0.7660174,0.0382041335
2.85,PlayerA,native,Head,0.9948339,1.28565013,0.008251101
2.85,PlayerA,native,Chest,1.03371775,0.985057056,0.0299209356
2.85,PlayerA,native,LeftHand,0.851873338,0.769516945,-0.07988491
2.85,PlayerA,native,RightHand,0.7513783,0.8537291,-0.0393915735
2.85,PlayerA,native,LeftFoot,0.836199164,0.118943684,-0.393151671
2.85,PlayerA,native,RightFoot,1.198014,0.119263515,0.433149964
2.85,PlayerA,fighter,AnimatorRoot,0.85,0,0
2.85,PlayerA,fighter,Hips,1.041394,0.7660174,0.0382041335
2.85,PlayerA,fighter,Head,0.9948183,1.25255454,0.005531803
2.85,PlayerA,fighter,Chest,1.04359519,0.9692777,0.0301064849
2.85,PlayerA,fighter,LeftHand,0.852222562,0.7687538,-0.08126044
2.85,PlayerA,fighter,RightHand,0.7526974,0.856153131,-0.0363701321
2.85,PlayerA,fighter,LeftFoot,0.836199164,0.11894355,-0.39315173
2.85,PlayerA,fighter,RightFoot,1.198014,0.1192637,0.433149964
2.85,PlayerB,actor,Root,-0.850000262,0,-2.026558E-07
2.85,PlayerB,driver,Root,-0.4880578,-0.5570296,-0.0390697047
2.85,PlayerB,native,AnimatorRoot,-0.4880578,-0.5570296,-0.0390697047
2.85,PlayerB,native,Hips,-0.5514525,0.185567677,-0.027328575
2.85,PlayerB,native,Head,-0.103424489,0.369549572,-0.00112237933
2.85,PlayerB,native,Chest,-0.361115158,0.257739842,-0.0234100167
2.85,PlayerB,native,LeftHand,-0.200708866,0.057089448,0.168443471
2.85,PlayerB,native,RightHand,-0.239206791,0.0979480743,-0.3175013
2.85,PlayerB,native,LeftFoot,-1.23210275,0.166577816,0.185366958
2.85,PlayerB,native,RightFoot,-1.1883589,0.1433416,-0.417229772
2.85,PlayerB,fighter,AnimatorRoot,-0.850000262,0,-2.026558E-07
2.85,PlayerB,fighter,Hips,-0.5514525,0.185567662,-0.027328575
2.85,PlayerB,fighter,Head,0.08030385,0.498944372,0.0422965661
2.85,PlayerB,fighter,Chest,-0.290011168,0.29872945,-0.0160702113
2.85,PlayerB,fighter,LeftHand,-0.200708985,0.0570895076,0.168443531
2.85,PlayerB,fighter,RightHand,-0.239206731,0.09794813,-0.317501158
2.85,PlayerB,fighter,LeftFoot,-1.23210275,0.166577742,0.185367018
2.85,PlayerB,fighter,RightFoot,-1.188359,0.143341646,-0.417229831
2.86666656,PlayerA,actor,Root,0.85,0,0
2.86666656,PlayerA,driver,Root,1.00044656,-3.199093E-06,0.0228029639
2.86666656,PlayerA,native,AnimatorRoot,1.00044656,-3.199093E-06,0.0228029639
2.86666656,PlayerA,native,Hips,1.04139388,0.7660174,0.03820415
2.86666656,PlayerA,native,Head,0.9948339,1.28565013,0.008251116
2.86666656,PlayerA,native,Chest,1.03371775,0.985057056,0.02992095
2.86666656,PlayerA,native,LeftHand,0.851873338,0.769516945,-0.0798848942
2.86666656,PlayerA,native,RightHand,0.7513783,0.8537291,-0.03939156
2.86666656,PlayerA,native,LeftFoot,0.836199164,0.118943684,-0.393151641
2.86666656,PlayerA,native,RightFoot,1.198014,0.119263515,0.43315
2.86666656,PlayerA,fighter,AnimatorRoot,0.85,0,0
2.86666656,PlayerA,fighter,Hips,1.041394,0.7660174,0.0382041633
2.86666656,PlayerA,fighter,Head,0.9948183,1.25255454,0.00553181767
2.86666656,PlayerA,fighter,Chest,1.04359519,0.9692777,0.0301065
2.86666656,PlayerA,fighter,LeftHand,0.852222562,0.768753946,-0.08126057
2.86666656,PlayerA,fighter,RightHand,0.752697349,0.856153131,-0.036370188
2.86666656,PlayerA,fighter,LeftFoot,0.836199164,0.118943267,-0.3931518
2.86666656,PlayerA,fighter,RightFoot,1.1980139,0.119263604,0.433149964
2.86666656,PlayerB,actor,Root,-0.850000262,0,-2.026558E-07
2.86666656,PlayerB,driver,Root,-0.4788015,-0.5723758,-0.03948363
2.86666656,PlayerB,native,AnimatorRoot,-0.4788015,-0.5723758,-0.03948363
2.86666656,PlayerB,native,Hips,-0.5442831,0.172942162,-0.0262276176
2.86666656,PlayerB,native,Head,-0.0869092941,0.333289981,-0.00492050638
2.86666656,PlayerB,native,Chest,-0.351005852,0.236908615,-0.0240580086
2.86666656,PlayerB,native,LeftHand,-0.1905995,0.0526921153,0.178436249
2.86666656,PlayerB,native,RightHand,-0.241356254,0.09319949,-0.328351
2.86666656,PlayerB,native,LeftFoot,-1.22959363,0.174951255,0.184118569
2.86666656,PlayerB,native,RightFoot,-1.18440473,0.14945972,-0.416816235
2.86666656,PlayerB,fighter,AnimatorRoot,-0.850000262,0,-2.026558E-07
2.86666656,PlayerB,fighter,Hips,-0.544283032,0.172942147,-0.0262276176
2.86666656,PlayerB,fighter,Head,0.103188813,0.4539483,0.0357736126
2.86666656,PlayerB,fighter,Chest,-0.2779708,0.274302959,-0.0174434427
2.86666656,PlayerB,fighter,LeftHand,-0.190599561,0.0526921041,0.178436309
2.86666656,PlayerB,fighter,RightHand,-0.241356134,0.0931994542,-0.3283509
2.86666656,PlayerB,fighter,LeftFoot,-1.22959375,0.17495124,0.184118554
2.86666656,PlayerB,fighter,RightFoot,-1.18440485,0.1494598,-0.4168163
2.88333344,PlayerA,actor,Root,0.85,0,0
2.88333344,PlayerA,driver,Root,1.00044656,-3.199093E-06,0.0228029788
2.88333344,PlayerA,native,AnimatorRoot,1.00044656,-3.199093E-06,0.0228029788
2.88333344,PlayerA,native,Hips,1.04139388,0.7660174,0.0382041633
2.88333344,PlayerA,native,Head,0.9948339,1.28565013,0.008251131
2.88333344,PlayerA,native,Chest,1.03371775,0.985057056,0.0299209654
2.88333344,PlayerA,native,LeftHand,0.851873338,0.769516945,-0.07988488
2.88333344,PlayerA,native,RightHand,0.7513783,0.8537291,-0.0393915437
2.88333344,PlayerA,native,LeftFoot,0.836199164,0.118943684,-0.393151641
2.88333344,PlayerA,native,RightFoot,1.198014,0.119263515,0.43315
2.88333344,PlayerA,fighter,AnimatorRoot,0.85,0,0
2.88333344,PlayerA,fighter,Hips,1.041394,0.7660174,0.0382041633
2.88333344,PlayerA,fighter,Head,0.9948183,1.25255454,0.00553183258
2.88333344,PlayerA,fighter,Chest,1.04359519,0.9692777,0.0301065147
2.88333344,PlayerA,fighter,LeftHand,0.8522225,0.7687539,-0.08126056
2.88333344,PlayerA,fighter,RightHand,0.752697349,0.856153131,-0.03637015
2.88333344,PlayerA,fighter,LeftFoot,0.836199164,0.118943311,-0.39315173
2.88333344,PlayerA,fighter,RightFoot,1.1980139,0.119263649,0.4331499
2.88333344,PlayerB,actor,Root,-0.850000262,0,-2.026558E-07
2.88333344,PlayerB,driver,Root,-0.467262268,-0.5926232,-0.040685825
2.88333344,PlayerB,native,AnimatorRoot,-0.467262268,-0.5926232,-0.040685825
2.88333344,PlayerB,native,Hips,-0.5341177,0.1523698,-0.0248821024
2.88333344,PlayerB,native,Head,-0.07052088,0.29465723,-0.0111623053
2.88333344,PlayerB,native,Chest,-0.337956131,0.206947684,-0.0248722378
2.88333344,PlayerB,native,LeftHand,-0.178294361,0.053658843,0.196571976
2.88333344,PlayerB,native,RightHand,-0.25344044,0.0889459252,-0.348579377
2.88333344,PlayerB,native,LeftFoot,-1.22012615,0.1904931,0.180891261
2.88333344,PlayerB,native,RightFoot,-1.17476118,0.159069061,-0.415607154
2.88333344,PlayerB,fighter,AnimatorRoot,-0.850000262,0,-2.026558E-07
2.88333344,PlayerB,fighter,Hips,-0.534117639,0.152369782,-0.0248821024
2.88333344,PlayerB,fighter,Head,0.12357384,0.40997985,0.024438
2.88333344,PlayerB,fighter,Chest,-0.263290167,0.2413229,-0.0195555929
2.88333344,PlayerB,fighter,LeftHand,-0.1782943,0.0536588132,0.1965721
2.88333344,PlayerB,fighter,RightHand,-0.25344044,0.08894587,-0.3485794
2.88333344,PlayerB,fighter,LeftFoot,-1.22012627,0.1904931,0.180891261
2.88333344,PlayerB,fighter,RightFoot,-1.17476118,0.159069061,-0.415607125
2.9,PlayerA,actor,Root,0.85,0,0
2.9,PlayerA,driver,Root,1.00044656,-3.199093E-06,0.0228029937
2.9,PlayerA,native,AnimatorRoot,1.00044656,-3.199093E-06,0.0228029937
2.9,PlayerA,native,Hips,1.04139388,0.7660174,0.03820418
2.9,PlayerA,native,Head,0.9948339,1.28565013,0.00825114548
2.9,PlayerA,native,Chest,1.03371775,0.985057056,0.02992098
2.9,PlayerA,native,LeftHand,0.851873338,0.769516945,-0.0798848644
2.9,PlayerA,native,RightHand,0.7513783,0.8537291,-0.03939153
2.9,PlayerA,native,LeftFoot,0.836199164,0.118943684,-0.3931516
2.9,PlayerA,native,RightFoot,1.198014,0.119263515,0.433150023
2.9,PlayerA,fighter,AnimatorRoot,0.85,0,0
2.9,PlayerA,fighter,Hips,1.041394,0.7660174,0.0382041931
2.9,PlayerA,fighter,Head,0.9948183,1.25255454,0.00553184748
2.9,PlayerA,fighter,Chest,1.04359519,0.9692777,0.03010653
2.9,PlayerA,fighter,LeftHand,0.8522226,0.768753946,-0.08126046
2.9,PlayerA,fighter,RightHand,0.752697349,0.856153131,-0.0363700874
2.9,PlayerA,fighter,LeftFoot,0.8361992,0.11894355,-0.393151641
2.9,PlayerA,fighter,RightFoot,1.1980139,0.119263649,0.43315
2.9,PlayerB,actor,Root,-0.850000262,0,-2.026558E-07
2.9,PlayerB,driver,Root,-0.4538898,-0.6146128,-0.0424344465
2.9,PlayerB,native,AnimatorRoot,-0.4538898,-0.6146128,-0.0424344465
2.9,PlayerB,native,Hips,-0.5221877,0.129551172,-0.0233664159
2.9,PlayerB,native,Head,-0.0534231067,0.253949463,-0.0192594174
2.9,PlayerB,native,Chest,-0.3233328,0.1732688,-0.0257407073
2.9,PlayerB,native,LeftHand,-0.165327132,0.05638033,0.217738
2.9,PlayerB,native,RightHand,-0.2697851,0.0838154554,-0.373518944
2.9,PlayerB,native,LeftFoot,-1.20537055,0.2115305,0.176332623
2.9,PlayerB,native,RightFoot,-1.16074872,0.171098948,-0.413674
2.9,PlayerB,fighter,AnimatorRoot,-0.850000262,0,-2.026558E-07
2.9,PlayerB,fighter,Hips,-0.5221877,0.129551157,-0.0233664159
2.9,PlayerB,fighter,Head,0.144630075,0.363882482,0.009399092
2.9,PlayerB,fighter,Chest,-0.2470712,0.204501033,-0.0220976118
2.9,PlayerB,fighter,LeftHand,-0.165327251,0.05638045,0.217738241
2.9,PlayerB,fighter,RightHand,-0.269785047,0.08381541,-0.373518854
2.9,PlayerB,fighter,LeftFoot,-1.20537055,0.211530492,0.176332608
2.9,PlayerB,fighter,RightFoot,-1.16074872,0.171098933,-0.4136739
2.91666675,PlayerA,actor,Root,0.85,0,0
2.91666675,PlayerA,driver,Root,1.00044656,-3.199093E-06,0.0228030086
2.91666675,PlayerA,native,AnimatorRoot,1.00044656,-3.199093E-06,0.0228030086
2.91666675,PlayerA,native,Hips,1.04139388,0.7660174,0.0382041931
2.91666675,PlayerA,native,Head,0.9948339,1.28565013,0.00825116
2.91666675,PlayerA,native,Chest,1.03371775,0.985057056,0.0299209952
2.91666675,PlayerA,native,LeftHand,0.851873338,0.769516945,-0.07988485
2.91666675,PlayerA,native,RightHand,0.7513783,0.8537291,-0.0393915139
2.91666675,PlayerA,native,LeftFoot,0.836199164,0.118943684,-0.3931516
2.91666675,PlayerA,native,RightFoot,1.198014,0.119263515,0.433150023
2.91666675,PlayerA,fighter,AnimatorRoot,0.85,0,0
2.91666675,PlayerA,fighter,Hips,1.041394,0.7660174,0.0382041931
2.91666675,PlayerA,fighter,Head,0.9948183,1.25255454,0.00553186238
2.91666675,PlayerA,fighter,Chest,1.04359519,0.9692777,0.0301065445
2.91666675,PlayerA,fighter,LeftHand,0.852222562,0.7687539,-0.08126043
2.91666675,PlayerA,fighter,RightHand,0.7526973,0.856153131,-0.03637012
2.91666675,PlayerA,fighter,LeftFoot,0.8361991,0.118943743,-0.3931516
2.91666675,PlayerA,fighter,RightFoot,1.198014,0.1192637,0.43315
2.91666675,PlayerB,actor,Root,-0.850000262,0,-2.026558E-07
2.91666675,PlayerB,driver,Root,-0.4380355,-0.637906849,-0.0448783264
2.91666675,PlayerB,native,AnimatorRoot,-0.4380355,-0.637906849,-0.0448783264
2.91666675,PlayerB,native,Hips,-0.507699966,0.104575396,-0.0219421629
2.91666675,PlayerB,native,Head,-0.0349062681,0.210569561,-0.02976724
2.91666675,PlayerB,native,Chest,-0.306595027,0.1358729,-0.0268892888
2.91666675,PlayerB,native,LeftHand,-0.152501583,0.06124717,0.247217089
2.91666675,PlayerB,native,RightHand,-0.29273665,0.07673842,-0.40372315
2.91666675,PlayerB,native,LeftFoot,-1.184025,0.240118444,0.170212209
2.91666675,PlayerB,native,RightFoot,-1.14177108,0.186633348,-0.410151869
2.91666675,PlayerB,fighter,AnimatorRoot,-0.850000262,0,-2.026558E-07
2.91666675,PlayerB,fighter,Hips,-0.507699966,0.104575388,-0.0219421629
2.91666675,PlayerB,fighter,Head,0.167218089,0.314531356,-0.0102371816
2.91666675,PlayerB,fighter,Chest,-0.228758752,0.163734749,-0.02530774
2.91666675,PlayerB,fighter,LeftHand,-0.152501464,0.06124722,0.247217387
2.91666675,PlayerB,fighter,RightHand,-0.2927369,0.07673816,-0.403723121
2.91666675,PlayerB,fighter,LeftFoot,-1.184025,0.240118414,0.1702122
2.91666675,PlayerB,fighter,RightFoot,-1.14177108,0.186633274,-0.410151929
2.9333334,PlayerA,actor,Root,0.85,0,0
2.9333334,PlayerA,driver,Root,1.00044656,-3.199093E-06,0.0228030235
2.9333334,PlayerA,native,AnimatorRoot,1.00044656,-3.199093E-06,0.0228030235
2.9333334,PlayerA,native,Hips,1.04139388,0.7660174,0.038204208
2.9333334,PlayerA,native,Head,0.9948339,1.28565013,0.008251175
2.9333334,PlayerA,native,Chest,1.03371775,0.985057056,0.02992101
2.9333334,PlayerA,native,LeftHand,0.851873338,0.769516945,-0.0798848346
2.9333334,PlayerA,native,RightHand,0.7513783,0.8537291,-0.0393915
2.9333334,PlayerA,native,LeftFoot,0.836199164,0.118943684,-0.393151581
2.9333334,PlayerA,native,RightFoot,1.198014,0.119263515,0.433150053
2.9333334,PlayerA,fighter,AnimatorRoot,0.85,0,0
2.9333334,PlayerA,fighter,Hips,1.041394,0.7660174,0.0382042229
2.9333334,PlayerA,fighter,Head,0.9948183,1.25255454,0.00553187728
2.9333334,PlayerA,fighter,Chest,1.04359519,0.9692777,0.03010656
2.9333334,PlayerA,fighter,LeftHand,0.852222562,0.768754,-0.08126051
2.9333334,PlayerA,fighter,RightHand,0.752697349,0.856153131,-0.0363701843
2.9333334,PlayerA,fighter,LeftFoot,0.8361992,0.118943408,-0.393151671
2.9333334,PlayerA,fighter,RightFoot,1.1980139,0.119263604,0.43315
2.9333334,PlayerB,actor,Root,-0.850000262,0,-2.026558E-07
2.9333334,PlayerB,driver,Root,-0.421488255,-0.6576853,-0.0472896919
2.9333334,PlayerB,native,AnimatorRoot,-0.421488255,-0.6576853,-0.0472896919
2.9333334,PlayerB,native,Hips,-0.493397444,0.08916873,-0.0199265722
2.9333334,PlayerB,native,Head,-0.0155006647,0.164885581,-0.0401480421
2.9333334,PlayerB,native,Chest,-0.2906158,0.105341136,-0.02715733
2.9333334,PlayerB,native,LeftHand,-0.135495424,0.0689791441,0.271471769
2.9333334,PlayerB,native,RightHand,-0.313765526,0.0741117,-0.432871878
2.9333334,PlayerB,native,LeftFoot,-1.16078842,0.268809438,0.1634134
2.9333334,PlayerB,native,RightFoot,-1.12093019,0.201624691,-0.407402873
2.9333334,PlayerB,fighter,AnimatorRoot,-0.850000262,0,-2.026558E-07
2.9333334,PlayerB,fighter,Hips,-0.4933974,0.08916872,-0.0199265722
2.9333334,PlayerB,fighter,Head,0.1943419,0.254754543,-0.0304534081
2.9333334,PlayerB,fighter,Chest,-0.211005211,0.128062025,-0.0276769642
2.9333334,PlayerB,fighter,LeftHand,-0.135495424,0.06897911,0.271472
2.9333334,PlayerB,fighter,RightHand,-0.313765883,0.07411161,-0.432871878
2.9333334,PlayerB,fighter,LeftFoot,-1.16078854,0.2688096,0.163413435
2.9333334,PlayerB,fighter,RightFoot,-1.12093019,0.201624751,-0.407403
2.95,PlayerA,actor,Root,0.85,0,0
2.95,PlayerA,driver,Root,1.00044656,-3.199093E-06,0.0228030384
2.95,PlayerA,native,AnimatorRoot,1.00044656,-3.199093E-06,0.0228030384
2.95,PlayerA,native,Hips,1.04139388,0.7660174,0.0382042229
2.95,PlayerA,native,Head,0.9948339,1.28565013,0.00825119
2.95,PlayerA,native,Chest,1.03371775,0.985057056,0.029921025
2.95,PlayerA,native,LeftHand,0.851873338,0.769516945,-0.07988482
2.95,PlayerA,native,RightHand,0.7513783,0.8537291,-0.0393914841
2.95,PlayerA,native,LeftFoot,0.836199164,0.118943684,-0.393151581
2.95,PlayerA,native,RightFoot,1.198014,0.119263515,0.433150053
2.95,PlayerA,fighter,AnimatorRoot,0.85,0,0
2.95,PlayerA,fighter,Hips,1.041394,0.7660174,0.0382042229
2.95,PlayerA,fighter,Head,0.9948183,1.25255454,0.005531892
2.95,PlayerA,fighter,Chest,1.04359519,0.9692777,0.0301065743
2.95,PlayerA,fighter,LeftHand,0.8522225,0.7687539,-0.0812605
2.95,PlayerA,fighter,RightHand,0.7526974,0.8561532,-0.0363701321
2.95,PlayerA,fighter,LeftFoot,0.836199164,0.118943356,-0.393151641
2.95,PlayerA,fighter,RightFoot,1.198014,0.119263649,0.43315
2.95,PlayerB,actor,Root,-0.850000262,0,-2.026558E-07
2.95,PlayerB,driver,Root,-0.405000836,-0.667478263,-0.0490319058
2.95,PlayerB,native,AnimatorRoot,-0.405000836,-0.667478263,-0.0490319058
2.95,PlayerB,native,Hips,-0.47917068,0.103553891,-0.0175085012
2.95,PlayerB,native,Head,0.004697323,0.110548854,-0.0490783677
2.95,PlayerB,native,Chest,-0.275863945,0.0969063044,-0.0266765
2.95,PlayerB,native,LeftHand,-0.119444847,0.07091546,0.2915255
2.95,PlayerB,native,RightHand,-0.3293407,0.06873673,-0.4581881
2.95,PlayerB,native,LeftFoot,-1.14283562,0.292694867,0.1587223
2.95,PlayerB,native,RightFoot,-1.10479856,0.213507771,-0.405006468
2.95,PlayerB,fighter,AnimatorRoot,-0.850000262,0,-2.026558E-07
2.95,PlayerB,fighter,Hips,-0.47917065,0.103553884,-0.0175085012
2.95,PlayerB,fighter,Head,0.22934866,0.159943417,-0.04893764
2.95,PlayerB,fighter,Chest,-0.194301069,0.10890989,-0.0291630272
2.95,PlayerB,fighter,LeftHand,-0.119444966,0.07091555,0.2915255
2.95,PlayerB,fighter,RightHand,-0.329340816,0.0687367,-0.458188
2.95,PlayerB,fighter,LeftFoot,-1.14283562,0.292694867,0.158722281
2.95,PlayerB,fighter,RightFoot,-1.10479856,0.213507846,-0.4050065
2.962963,PlayerA,actor,Root,0.85,0,0
2.962963,PlayerA,driver,Root,1.00044656,-3.199093E-06,0.0228030533
2.962963,PlayerA,native,AnimatorRoot,1.00044656,-3.199093E-06,0.0228030533
2.962963,PlayerA,native,Hips,1.04139388,0.7660174,0.0382042378
2.962963,PlayerA,native,Head,0.9948339,1.28565013,0.008251205
2.962963,PlayerA,native,Chest,1.03371775,0.985057056,0.02992104
2.962963,PlayerA,native,LeftHand,0.851873338,0.769516945,-0.0798848048
2.962963,PlayerA,native,RightHand,0.7513783,0.8537291,-0.03939147
2.962963,PlayerA,native,LeftFoot,0.836199164,0.118943684,-0.393151551
2.962963,PlayerA,native,RightFoot,1.198014,0.119263515,0.433150083
2.962963,PlayerA,fighter,AnimatorRoot,0.85,0,0
2.962963,PlayerA,fighter,Hips,1.041394,0.7660174,0.0382042527
2.962963,PlayerA,fighter,Head,0.9948183,1.25255454,0.005531907
2.962963,PlayerA,fighter,Chest,1.04359519,0.9692777,0.03010659
2.962963,PlayerA,fighter,LeftHand,0.852222562,0.768753946,-0.08126041
2.962963,PlayerA,fighter,RightHand,0.752697349,0.856153,-0.0363700837
2.962963,PlayerA,fighter,LeftFoot,0.8361992,0.118943267,-0.393151551
2.962963,PlayerA,fighter,RightFoot,1.198014,0.119263604,0.4331501
2.962963,PlayerB,actor,Root,-0.850000262,0,-2.026558E-07
2.962963,PlayerB,driver,Root,-0.393606633,-0.6710396,-0.04987716
2.962963,PlayerB,native,AnimatorRoot,-0.393606633,-0.6710396,-0.04987716
2.962963,PlayerB,native,Hips,-0.46687746,0.120292246,-0.0165747348
2.962963,PlayerB,native,Head,0.014644146,0.07331985,-0.0537324771
2.962963,PlayerB,native,Chest,-0.264799416,0.0973387361,-0.026584411
2.962963,PlayerB,native,LeftHand,-0.107165754,0.07414311,0.3044677
2.962963,PlayerB,native,RightHand,-0.342092752,0.067263186,-0.471230984
2.962963,PlayerB,native,LeftFoot,-1.129437,0.30877912,0.155714408
2.962963,PlayerB,native,RightFoot,-1.09353352,0.220717013,-0.40220046
2.962963,PlayerB,fighter,AnimatorRoot,-0.850000262,0,-2.026558E-07
2.962963,PlayerB,fighter,Hips,-0.466877371,0.120292239,-0.0165747348
2.962963,PlayerB,fighter,Head,0.245052814,0.0876949,-0.05864545
2.962963,PlayerB,fighter,Chest,-0.18275106,0.101022713,-0.03013351
2.962963,PlayerB,fighter,LeftHand,-0.107165813,0.07414316,0.304467767
2.962963,PlayerB,fighter,RightHand,-0.342092931,0.06726317,-0.471230924
2.962963,PlayerB,fighter,LeftFoot,-1.12943685,0.308779,0.155714348
2.962963,PlayerB,fighter,RightFoot,-1.09353352,0.220716938,-0.402200371
2.9666667,PlayerA,actor,Root,0.85,0,0
2.9666667,PlayerA,driver,Root,1.00044656,-3.199093E-06,0.0228030682
2.9666667,PlayerA,native,AnimatorRoot,1.00044656,-3.199093E-06,0.0228030682
2.9666667,PlayerA,native,Hips,1.04139388,0.7660174,0.0382042527
2.9666667,PlayerA,native,Head,0.9948339,1.28565013,0.00825122
2.9666667,PlayerA,native,Chest,1.03371775,0.985057056,0.0299210548
2.9666667,PlayerA,native,LeftHand,0.851873338,0.769516945,-0.07988479
2.9666667,PlayerA,native,RightHand,0.7513783,0.8537291,-0.0393914543
2.9666667,PlayerA,native,LeftFoot,0.836199164,0.118943684,-0.393151551
2.9666667,PlayerA,native,RightFoot,1.198014,0.119263515,0.433150083
2.9666667,PlayerA,fighter,AnimatorRoot,0.85,0,0
2.9666667,PlayerA,fighter,Hips,1.041394,0.7660174,0.0382042527
2.9666667,PlayerA,fighter,Head,0.9948183,1.25255454,0.005531922
2.9666667,PlayerA,fighter,Chest,1.04359519,0.9692777,0.0301066041
2.9666667,PlayerA,fighter,LeftHand,0.852222562,0.7687538,-0.08126032
2.9666667,PlayerA,fighter,RightHand,0.7526974,0.856153131,-0.0363700129
2.9666667,PlayerA,fighter,LeftFoot,0.8361992,0.11894355,-0.3931516
2.9666667,PlayerA,fighter,RightFoot,1.1980139,0.119263649,0.43315
2.9666667,PlayerB,actor,Root,-0.850000262,0,-2.026558E-07
2.9666667,PlayerB,driver,Root,-0.3910326,-0.6717978,-0.0499806032
2.9666667,PlayerB,native,AnimatorRoot,-0.3910326,-0.6717978,-0.0499806032
2.9666667,PlayerB,native,Hips,-0.4639039,0.122932196,-0.0164262
2.9666667,PlayerB,native,Head,0.01653111,0.06643021,-0.0544568524
2.9666667,PlayerB,native,Chest,-0.2621774,0.09717268,-0.02654531
2.9666667,PlayerB,native,LeftHand,-0.10318327,0.0748027,0.3066642
2.9666667,PlayerB,native,RightHand,-0.344660938,0.06764984,-0.47375676
2.9666667,PlayerB,native,LeftFoot,-1.12606323,0.312649667,0.1549974
2.9666667,PlayerB,native,RightFoot,-1.09073067,0.2222867,-0.401466429
2.9666667,PlayerB,fighter,AnimatorRoot,-0.850000262,0,-2.026558E-07
2.9666667,PlayerB,fighter,Hips,-0.463903785,0.122932188,-0.0164262
2.9666667,PlayerB,fighter,Head,0.247361183,0.0742325559,-0.0601806268
2.9666667,PlayerB,fighter,Chest,-0.180130064,0.09938722,-0.0302656535
2.9666667,PlayerB,fighter,LeftHand,-0.10318327,0.07480268,0.306664318
2.9666667,PlayerB,fighter,RightHand,-0.344661236,0.06764991,-0.4737568
2.9666667,PlayerB,fighter,LeftFoot,-1.12606323,0.312649667,0.154997364
2.9666667,PlayerB,fighter,RightFoot,-1.09073067,0.222286716,-0.4014663
2.98333335,PlayerA,actor,Root,0.85,0,0
2.98333335,PlayerA,driver,Root,1.00044656,-3.199093E-06,0.0228030831
2.98333335,PlayerA,native,AnimatorRoot,1.00044656,-3.199093E-06,0.0228030831
2.98333335,PlayerA,native,Hips,1.04139388,0.7660174,0.0382042676
2.98333335,PlayerA,native,Head,0.9948339,1.28565013,0.008251235
2.98333335,PlayerA,native,Chest,1.03371775,0.985057056,0.02992107
2.98333335,PlayerA,native,LeftHand,0.851873338,0.769516945,-0.079884775
2.98333335,PlayerA,native,RightHand,0.7513783,0.8537291,-0.03939144
2.98333335,PlayerA,native,LeftFoot,0.836199164,0.118943684,-0.393151522
2.98333335,PlayerA,native,RightFoot,1.198014,0.119263515,0.4331501
2.98333335,PlayerA,fighter,AnimatorRoot,0.85,0,0
2.98333335,PlayerA,fighter,Hips,1.041394,0.7660174,0.0382042825
2.98333335,PlayerA,fighter,Head,0.9948183,1.25255454,0.005531937
2.98333335,PlayerA,fighter,Chest,1.04359519,0.9692777,0.030106619
2.98333335,PlayerA,fighter,LeftHand,0.852222562,0.768753946,-0.08126045
2.98333335,PlayerA,fighter,RightHand,0.752697349,0.856153131,-0.036370147
2.98333335,PlayerA,fighter,LeftFoot,0.8361992,0.118943267,-0.393151671
2.98333335,PlayerA,fighter,RightFoot,1.1980139,0.119263604,0.4331501
2.98333335,PlayerB,actor,Root,-0.850000262,0,-2.026558E-07
2.98333335,PlayerB,driver,Root,-0.38371405,-0.6725544,-0.0495385751
2.98333335,PlayerB,native,AnimatorRoot,-0.38371405,-0.6725544,-0.0495385751
2.98333335,PlayerB,native,Hips,-0.45589453,0.125140548,-0.0158024076
2.98333335,PlayerB,native,Head,0.0229663849,0.0572862029,-0.0548119172
2.98333335,PlayerB,native,Chest,-0.2545042,0.09705669,-0.0259849075
2.98333335,PlayerB,native,LeftHand,-0.0840146542,0.07294005,0.311385125
2.98333335,PlayerB,native,RightHand,-0.350828826,0.06768215,-0.481591463
2.98333335,PlayerB,native,LeftFoot,-1.1159606,0.325992346,0.153774783
2.98333335,PlayerB,native,RightFoot,-1.082519,0.227169871,-0.398930669
2.98333335,PlayerB,fighter,AnimatorRoot,-0.850000262,0,-2.026558E-07
2.98333335,PlayerB,fighter,Hips,-0.45589444,0.125140533,-0.0158024076
2.98333335,PlayerB,fighter,Head,0.254117,0.0545923337,-0.06147524
2.98333335,PlayerB,fighter,Chest,-0.172527909,0.09762951,-0.0298459176
2.98333335,PlayerB,fighter,LeftHand,-0.0840147138,0.07294005,0.311385185
2.98333335,PlayerB,fighter,RightHand,-0.350828916,0.06768207,-0.481591433
2.98333335,PlayerB,fighter,LeftFoot,-1.11596048,0.3259924,0.1537748
2.98333335,PlayerB,fighter,RightFoot,-1.082519,0.227169827,-0.39893055
3,PlayerA,actor,Root,0.85,0,0
3,PlayerA,driver,Root,1.00044656,-3.199093E-06,0.022803098
3,PlayerA,native,AnimatorRoot,1.00044656,-3.199093E-06,0.022803098
3,PlayerA,native,Hips,1.04139388,0.7660174,0.0382042825
3,PlayerA,native,Head,0.9948339,1.28565013,0.00825125
3,PlayerA,native,Chest,1.03371775,0.985057056,0.0299210846
3,PlayerA,native,LeftHand,0.851873338,0.769516945,-0.07988476
3,PlayerA,native,RightHand,0.7513783,0.8537291,-0.0393914245
3,PlayerA,native,LeftFoot,0.836199164,0.118943684,-0.393151522
3,PlayerA,native,RightFoot,1.198014,0.119263515,0.4331501
3,PlayerA,fighter,AnimatorRoot,0.85,0,0
3,PlayerA,fighter,Hips,1.041394,0.7660174,0.0382042825
3,PlayerA,fighter,Head,0.9948183,1.25255454,0.005531952
3,PlayerA,fighter,Chest,1.04359519,0.9692777,0.0301066339
3,PlayerA,fighter,LeftHand,0.8522225,0.7687539,-0.08126044
3,PlayerA,fighter,RightHand,0.752697349,0.856153131,-0.03637003
3,PlayerA,fighter,LeftFoot,0.836199164,0.118943356,-0.393151551
3,PlayerA,fighter,RightFoot,1.198014,0.1192637,0.4331501
3,PlayerB,actor,Root,-0.850000262,0,-2.026558E-07
3,PlayerB,driver,Root,-0.378786832,-0.671082437,-0.0484873
3,PlayerB,native,AnimatorRoot,-0.378786832,-0.671082437,-0.0484873
3,PlayerB,native,Hips,-0.4510881,0.122496605,-0.0152075831
3,PlayerB,native,Head,0.0287454128,0.06151551,-0.05346539
3,PlayerB,native,Chest,-0.24919796,0.09827155,-0.0251972321
3,PlayerB,native,LeftHand,-0.06477499,0.06742948,0.3117542
3,PlayerB,native,RightHand,-0.35296756,0.06559914,-0.485441744
3,PlayerB,native,LeftFoot,-1.10985911,0.336152732,0.154290721
3,PlayerB,native,RightFoot,-1.077971,0.230227888,-0.39667502
3,PlayerB,fighter,AnimatorRoot,-0.850000262,0,-2.026558E-07
3,PlayerB,fighter,Hips,-0.451088,0.1224966,-0.0152075831
3,PlayerB,fighter,Head,0.260006547,0.059217196,-0.0594961271
3,PlayerB,fighter,Chest,-0.167267442,0.100107148,-0.0288155917
3,PlayerB,fighter,LeftHand,-0.06477493,0.0674294755,0.311754137
3,PlayerB,fighter,RightHand,-0.35296768,0.0655990541,-0.485441864
3,PlayerB,fighter,LeftFoot,-1.10985911,0.336152673,0.154290751
3,PlayerB,fighter,RightFoot,-1.0779711,0.230227932,-0.39667505
3.01666665,PlayerA,actor,Root,0.85,0,0
3.01666665,PlayerA,driver,Root,1.00044656,-3.199093E-06,0.0228031129
3.01666665,PlayerA,native,AnimatorRoot,1.00044656,-3.199093E-06,0.0228031129
3.01666665,PlayerA,native,Hips,1.04139388,0.7660174,0.0382042974
3.01666665,PlayerA,native,Head,0.9948339,1.28565013,0.008251265
3.01666665,PlayerA,native,Chest,1.03371775,0.985057056,0.0299211
3.01666665,PlayerA,native,LeftHand,0.851873338,0.769516945,-0.0798847452
3.01666665,PlayerA,native,RightHand,0.7513783,0.8537291,-0.03939141
3.01666665,PlayerA,native,LeftFoot,0.836199164,0.118943684,-0.3931515
3.01666665,PlayerA,native,RightFoot,1.198014,0.119263515,0.433150142
3.01666665,PlayerA,fighter,AnimatorRoot,0.85,0,0
3.01666665,PlayerA,fighter,Hips,1.041394,0.7660174,0.0382043123
3.01666665,PlayerA,fighter,Head,0.9948183,1.25255454,0.00553196669
3.01666665,PlayerA,fighter,Chest,1.04359519,0.9692777,0.0301066488
3.01666665,PlayerA,fighter,LeftHand,0.8522226,0.768753946,-0.08126034
3.01666665,PlayerA,fighter,RightHand,0.752697349,0.856153131,-0.03636997
3.01666665,PlayerA,fighter,LeftFoot,0.8361992,0.11894355,-0.393151522
3.01666665,PlayerA,fighter,RightFoot,1.1980139,0.119263649,0.4331501
3.01666665,PlayerB,actor,Root,-0.850000262,0,-2.026558E-07
3.01666665,PlayerB,driver,Root,-0.372947633,-0.6694286,-0.04744544
3.01666665,PlayerB,native,AnimatorRoot,-0.372947633,-0.6694286,-0.04744544
3.01666665,PlayerB,native,Hips,-0.445300281,0.120139658,-0.014692748
3.01666665,PlayerB,native,Head,0.03522253,0.0647408962,-0.0523665175
3.01666665,PlayerB,native,Chest,-0.243024111,0.0994392037,-0.0244841818
3.01666665,PlayerB,native,LeftHand,-0.04261142,0.060364902,0.308626562
3.01666665,PlayerB,native,RightHand,-0.353227764,0.06553191,-0.485878736
3.01666665,PlayerB,native,LeftFoot,-1.10414743,0.3456545,0.155156359
3.01666665,PlayerB,native,RightFoot,-1.07413113,0.232593119,-0.3942838
3.01666665,PlayerB,fighter,AnimatorRoot,-0.850000262,0,-2.026558E-07
3.01666665,PlayerB,fighter,Hips,-0.4453002,0.120139651,-0.014692748
3.01666665,PlayerB,fighter,Head,0.2665552,0.0618177466,-0.05790528
3.01666665,PlayerB,fighter,Chest,-0.1611591,0.102338508,-0.0278891567
3.01666665,PlayerB,fighter,LeftHand,-0.04261154,0.0603647828,0.308626562
3.01666665,PlayerB,fighter,RightHand,-0.3532279,0.06553195,-0.485878855
3.01666665,PlayerB,fighter,LeftFoot,-1.10414767,0.3456546,0.155156329
3.01666665,PlayerB,fighter,RightFoot,-1.07413125,0.232593119,-0.3942838
3.0333333,PlayerA,actor,Root,0.85,0,0
3.0333333,PlayerA,driver,Root,1.00044656,-3.199093E-06,0.0228031278
3.0333333,PlayerA,native,AnimatorRoot,1.00044656,-3.199093E-06,0.0228031278
3.0333333,PlayerA,native,Hips,1.04139388,0.7660174,0.0382043123
3.0333333,PlayerA,native,Head,0.9948339,1.28565013,0.00825128
3.0333333,PlayerA,native,Chest,1.03371775,0.985057056,0.0299211144
3.0333333,PlayerA,native,LeftHand,0.851873338,0.769516945,-0.07988473
3.0333333,PlayerA,native,RightHand,0.7513783,0.8537291,-0.0393913947
3.0333333,PlayerA,native,LeftFoot,0.836199164,0.118943684,-0.3931515
3.0333333,PlayerA,native,RightFoot,1.198014,0.119263515,0.433150142
3.0333333,PlayerA,fighter,AnimatorRoot,0.85,0,0
3.0333333,PlayerA,fighter,Hips,1.041394,0.7660174,0.0382043123
3.0333333,PlayerA,fighter,Head,0.9948183,1.25255454,0.00553198159
3.0333333,PlayerA,fighter,Chest,1.04359519,0.9692777,0.0301066637
3.0333333,PlayerA,fighter,LeftHand,0.852222562,0.7687539,-0.08126031
3.0333333,PlayerA,fighter,RightHand,0.7526973,0.856153131,-0.03637
3.0333333,PlayerA,fighter,LeftFoot,0.8361992,0.11894355,-0.393151551
3.0333333,PlayerA,fighter,RightFoot,1.1980139,0.119263649,0.433150053
3.0333333,PlayerB,actor,Root,-0.850000262,0,-2.026558E-07
3.0333333,PlayerB,driver,Root,-0.3674611,-0.667367637,-0.0463043377
3.0333333,PlayerB,native,AnimatorRoot,-0.3674611,-0.667367637,-0.0463043377
3.0333333,PlayerB,native,Hips,-0.440029442,0.116980374,-0.0142591242
3.0333333,PlayerB,native,Head,0.0414494872,0.0701865554,-0.0509891137
3.0333333,PlayerB,native,Chest,-0.237341046,0.10079819,-0.0237604026
3.0333333,PlayerB,native,LeftHand,-0.0217531323,0.05446416,0.3033344
3.0333333,PlayerB,native,RightHand,-0.352048874,0.0658265352,-0.484144717
3.0333333,PlayerB,native,LeftFoot,-1.0996989,0.3531224,0.156769842
3.0333333,PlayerB,native,RightFoot,-1.07150722,0.233441532,-0.391892761
3.0333333,PlayerB,fighter,AnimatorRoot,-0.850000262,0,-2.026558E-07
3.0333333,PlayerB,fighter,Hips,-0.440029323,0.116980366,-0.0142591242
3.0333333,PlayerB,fighter,Head,0.272840738,0.0685158744,-0.05579301
3.0333333,PlayerB,fighter,Chest,-0.155566573,0.105232142,-0.026876295
3.0333333,PlayerB,fighter,LeftHand,-0.0217531323,0.0544642955,0.303334147
3.0333333,PlayerB,fighter,RightHand,-0.352049083,0.06582651,-0.484144747
3.0333333,PlayerB,fighter,LeftFoot,-1.0996989,0.353122383,0.156769857
3.0333333,PlayerB,fighter,RightFoot,-1.0715071,0.233441427,-0.391892642
3.05,PlayerA,actor,Root,0.85,0,0
3.05,PlayerA,driver,Root,1.00044656,-3.199093E-06,0.0228031427
3.05,PlayerA,native,AnimatorRoot,1.00044656,-3.199093E-06,0.0228031427
3.05,PlayerA,native,Hips,1.04139388,0.7660174,0.0382043272
3.05,PlayerA,native,Head,0.9948339,1.28565013,0.00825129449
3.05,PlayerA,native,Chest,1.03371775,0.985057056,0.02992113
3.05,PlayerA,native,LeftHand,0.851873338,0.769516945,-0.0798847154
3.05,PlayerA,native,RightHand,0.7513783,0.8537291,-0.03939138
3.05,PlayerA,native,LeftFoot,0.836199164,0.118943684,-0.393151462
3.05,PlayerA,native,RightFoot,1.198014,0.119263515,0.433150172
3.05,PlayerA,fighter,AnimatorRoot,0.85,0,0
3.05,PlayerA,fighter,Hips,1.041394,0.7660174,0.0382043421
3.05,PlayerA,fighter,Head,0.9948183,1.25255454,0.00553199649
3.05,PlayerA,fighter,Chest,1.04359519,0.9692777,0.0301066786
3.05,PlayerA,fighter,LeftHand,0.852222562,0.768753946,-0.08126039
3.05,PlayerA,fighter,RightHand,0.752697349,0.856153131,-0.0363700651
3.05,PlayerA,fighter,LeftFoot,0.836199164,0.118943267,-0.393151641
3.05,PlayerA,fighter,RightFoot,1.1980139,0.119263604,0.433150142
3.05,PlayerB,actor,Root,-0.850000262,0,-2.026558E-07
3.05,PlayerB,driver,Root,-0.362405419,-0.66515553,-0.0451209173
3.05,PlayerB,native,AnimatorRoot,-0.362405419,-0.66515553,-0.0451209173
3.05,PlayerB,native,Hips,-0.435360551,0.113517582,-0.01388129
3.05,PlayerB,native,Head,0.04704666,0.07670659,-0.0494385
3.05,PlayerB,native,Chest,-0.2323361,0.102208972,-0.02302816
3.05,PlayerB,native,LeftHand,-0.0017863512,0.04712379,0.2971029
3.05,PlayerB,native,RightHand,-0.3498835,0.06615698,-0.480923176
3.05,PlayerB,native,LeftFoot,-1.09664273,0.3582933,0.158547714
3.05,PlayerB,native,RightFoot,-1.06982875,0.232536554,-0.3896843
3.05,PlayerB,fighter,AnimatorRoot,-0.850000262,0,-2.026558E-07
3.05,PlayerB,fighter,Hips,-0.435360461,0.113517575,-0.01388129
3.05,PlayerB,fighter,Head,0.278465867,0.07735768,-0.0533947572
3.05,PlayerB,fighter,Chest,-0.1506871,0.108376376,-0.0258144382
3.05,PlayerB,fighter,LeftHand,-0.0017862916,0.0471240059,0.297102839
3.05,PlayerB,fighter,RightHand,-0.3498838,0.06615696,-0.4809232
3.05,PlayerB,fighter,LeftFoot,-1.09664261,0.358293235,0.158547744
3.05,PlayerB,fighter,RightFoot,-1.06982863,0.232536525,-0.3896844
3.0666666,PlayerA,actor,Root,0.85,0,0
3.0666666,PlayerA,driver,Root,1.00044656,-3.199093E-06,0.0228031576
3.0666666,PlayerA,native,AnimatorRoot,1.00044656,-3.199093E-06,0.0228031576
3.0666666,PlayerA,native,Hips,1.04139388,0.7660174,0.0382043421
3.0666666,PlayerA,native,Head,0.9948339,1.28565013,0.008251309
3.0666666,PlayerA,native,Chest,1.03371775,0.985057056,0.0299211442
3.0666666,PlayerA,native,LeftHand,0.851873338,0.769516945,-0.0798847
3.0666666,PlayerA,native,RightHand,0.7513783,0.8537291,-0.0393913649
3.0666666,PlayerA,native,LeftFoot,0.836199164,0.118943684,-0.393151462
3.0666666,PlayerA,native,RightFoot,1.198014,0.119263515,0.433150172
3.0666666,PlayerA,fighter,AnimatorRoot,0.85,0,0
3.0666666,PlayerA,fighter,Hips,1.041394,0.7660174,0.0382043421
3.0666666,PlayerA,fighter,Head,0.9948183,1.25255454,0.00553201139
3.0666666,PlayerA,fighter,Chest,1.04359519,0.9692777,0.0301066935
3.0666666,PlayerA,fighter,LeftHand,0.8522225,0.7687539,-0.08126038
3.0666666,PlayerA,fighter,RightHand,0.7526974,0.8561532,-0.0363700129
3.0666666,PlayerA,fighter,LeftFoot,0.836199164,0.118943311,-0.393151551
3.0666666,PlayerA,fighter,RightFoot,1.1980139,0.119263649,0.4331501
3.0666666,PlayerB,actor,Root,-0.850000262,0,-2.026558E-07
3.0666666,PlayerB,driver,Root,-0.3580367,-0.66339606,-0.04401719
3.0666666,PlayerB,native,AnimatorRoot,-0.3580367,-0.66339606,-0.04401719
3.0666666,PlayerB,native,Hips,-0.431474447,0.110234678,-0.0135749523
3.0666666,PlayerB,native,Head,0.05164832,0.08314085,-0.0478582
3.0666666,PlayerB,native,Chest,-0.228237271,0.103515327,-0.02233317
3.0666666,PlayerB,native,LeftHand,0.01629138,0.041249156,0.2906433
3.0666666,PlayerB,native,RightHand,-0.3474387,0.06696659,-0.477653772
3.0666666,PlayerB,native,LeftFoot,-1.09408021,0.360479534,0.160476416
3.0666666,PlayerB,native,RightFoot,-1.06868482,0.229462624,-0.387655169
3.0666666,PlayerB,fighter,AnimatorRoot,-0.850000262,0,-2.026558E-07
3.0666666,PlayerB,fighter,Hips,-0.431474358,0.110234678,-0.0135749523
3.0666666,PlayerB,fighter,Head,0.283051,0.0863813758,-0.0509855375
3.0666666,PlayerB,fighter,Chest,-0.146738768,0.111346371,-0.0247840527
3.0666666,PlayerB,fighter,LeftHand,0.01629126,0.04124924,0.290643364
3.0666666,PlayerB,fighter,RightHand,-0.347439051,0.0669664741,-0.47765398
3.0666666,PlayerB,fighter,LeftFoot,-1.09408021,0.360479444,0.160476446
3.0666666,PlayerB,fighter,RightFoot,-1.06868482,0.229462624,-0.387655079
3.08333325,PlayerA,actor,Root,0.85,0,0
3.08333325,PlayerA,driver,Root,1.00044656,-3.199093E-06,0.0228031725
3.08333325,PlayerA,native,AnimatorRoot,1.00044656,-3.199093E-06,0.0228031725
3.08333325,PlayerA,native,Hips,1.04139388,0.7660174,0.038204357
3.08333325,PlayerA,native,Head,0.9948339,1.28565013,0.008251324
3.08333325,PlayerA,native,Chest,1.03371775,0.985057056,0.02992116
3.08333325,PlayerA,native,LeftHand,0.851873338,0.769516945,-0.0798846856
3.08333325,PlayerA,native,RightHand,0.7513783,0.8537291,-0.03939135
3.08333325,PlayerA,native,LeftFoot,0.836199164,0.118943684,-0.393151432
3.08333325,PlayerA,native,RightFoot,1.198014,0.119263515,0.4331502
3.08333325,PlayerA,fighter,AnimatorRoot,0.85,0,0
3.08333325,PlayerA,fighter,Hips,1.041394,0.7660174,0.0382043719
3.08333325,PlayerA,fighter,Head,0.9948183,1.25255454,0.00553202629
3.08333325,PlayerA,fighter,Chest,1.04359519,0.9692777,0.0301067084
3.08333325,PlayerA,fighter,LeftHand,0.852222562,0.768753946,-0.08126029
3.08333325,PlayerA,fighter,RightHand,0.752697349,0.856153,-0.0363699645
3.08333325,PlayerA,fighter,LeftFoot,0.8361992,0.118943267,-0.393151432
3.08333325,PlayerA,fighter,RightFoot,1.198014,0.119263604,0.4331502
3.08333325,PlayerB,actor,Root,-0.850000262,0,-2.026558E-07
3.08333325,PlayerB,driver,Root,-0.354635775,-0.662641644,-0.0431415662
3.08333325,PlayerB,native,AnimatorRoot,-0.354635775,-0.662641644,-0.0431415662
3.08333325,PlayerB,native,Hips,-0.428464234,0.107825875,-0.0133447889
3.08333325,PlayerB,native,Head,0.05506134,0.0878092647,-0.0465517864
3.08333325,PlayerB,native,Chest,-0.2251361,0.104478061,-0.02176931
3.08333325,PlayerB,native,LeftHand,0.0295633078,0.0367838144,0.286172837
3.08333325,PlayerB,native,RightHand,-0.3458318,0.06739634,-0.47525087
3.08333325,PlayerB,native,LeftFoot,-1.0921253,0.359967,0.1622151
3.08333325,PlayerB,native,RightFoot,-1.06747484,0.2246781,-0.385878533
3.08333325,PlayerB,fighter,AnimatorRoot,-0.850000262,0,-2.026558E-07
3.08333325,PlayerB,fighter,Hips,-0.428464144,0.107825868,-0.0133447889
3.08333325,PlayerB,fighter,Head,0.286423564,0.09277807,-0.0490970239
3.08333325,PlayerB,fighter,Chest,-0.143769443,0.113518618,-0.0239478
3.08333325,PlayerB,fighter,LeftHand,0.0295631886,0.0367839076,0.2861729
3.08333325,PlayerB,fighter,RightHand,-0.345832169,0.06739629,-0.4752509
3.08333325,PlayerB,fighter,LeftFoot,-1.092125,0.359966874,0.162215084
3.08333325,PlayerB,fighter,RightFoot,-1.06747484,0.22467804,-0.385878533
3.08641982,PlayerA,actor,Root,0.85,0,0
3.08641982,PlayerA,driver,Root,1.00044656,-3.199093E-06,0.0228031874
3.08641982,PlayerA,native,AnimatorRoot,1.00044656,-3.199093E-06,0.0228031874
3.08641982,PlayerA,native,Hips,1.04139388,0.7660174,0.0382043719
3.08641982,PlayerA,native,Head,0.9948339,1.28565013,0.008251339
3.08641982,PlayerA,native,Chest,1.03371775,0.985057056,0.029921174
3.08641982,PlayerA,native,LeftHand,0.851873338,0.769516945,-0.07988467
3.08641982,PlayerA,native,RightHand,0.7513783,0.8537291,-0.0393913351
3.08641982,PlayerA,native,LeftFoot,0.836199164,0.118943684,-0.393151432
3.08641982,PlayerA,native,RightFoot,1.198014,0.119263515,0.4331502
3.08641982,PlayerA,fighter,AnimatorRoot,0.85,0,0
3.08641982,PlayerA,fighter,Hips,1.041394,0.7660174,0.0382043719
3.08641982,PlayerA,fighter,Head,0.9948183,1.25255454,0.005532041
3.08641982,PlayerA,fighter,Chest,1.04359519,0.9692777,0.0301067233
3.08641982,PlayerA,fighter,LeftHand,0.852222562,0.7687538,-0.0812602043
3.08641982,PlayerA,fighter,RightHand,0.7526974,0.856153131,-0.0363698937
3.08641982,PlayerA,fighter,LeftFoot,0.836199164,0.11894355,-0.3931515
3.08641982,PlayerA,fighter,RightFoot,1.198014,0.1192637,0.4331502
3.08641982,PlayerB,actor,Root,-0.850000262,0,-2.026558E-07
3.08641982,PlayerB,driver,Root,-0.35410583,-0.662617445,-0.043000184
3.08641982,PlayerB,native,AnimatorRoot,-0.35410583,-0.662617445,-0.043000184
3.08641982,PlayerB,native,Hips,-0.427991629,0.107452452,-0.0133050326
3.08641982,PlayerB,native,Head,0.0555878878,0.08853257,-0.0463303551
3.08641982,PlayerB,native,Chest,-0.224654257,0.10462606,-0.0216737632
3.08641982,PlayerB,native,LeftHand,0.03171265,0.03594947,0.285461873
3.08641982,PlayerB,native,RightHand,-0.345553577,0.06745535,-0.474911928
3.08641982,PlayerB,native,LeftFoot,-1.09188461,0.359513164,0.162467167
3.08641982,PlayerB,native,RightFoot,-1.067292,0.223498821,-0.38558355
3.08641982,PlayerB,fighter,AnimatorRoot,-0.850000262,0,-2.026558E-07
3.08641982,PlayerB,fighter,Hips,-0.427991539,0.107452445,-0.0133050326
3.08641982,PlayerB,fighter,Head,0.286941767,0.0937611759,-0.04878732
3.08641982,PlayerB,fighter,Chest,-0.143309653,0.113853529,-0.02380749
3.08641982,PlayerB,fighter,LeftHand,0.031712532,0.03594963,0.285461932
3.08641982,PlayerB,fighter,RightHand,-0.345553756,0.06745533,-0.4749119
3.08641982,PlayerB,fighter,LeftFoot,-1.09188449,0.3595132,0.162467137
3.08641982,PlayerB,fighter,RightFoot,-1.067292,0.223498777,-0.38558355
3.1,PlayerA,actor,Root,0.85,0,0
3.1,PlayerA,driver,Root,1.00044656,-3.199093E-06,0.0228032023
3.1,PlayerA,native,AnimatorRoot,1.00044656,-3.199093E-06,0.0228032023
3.1,PlayerA,native,Hips,1.04139388,0.7660174,0.0382043868
3.1,PlayerA,native,Head,0.9948339,1.28565013,0.008251354
3.1,PlayerA,native,Chest,1.03371775,0.985057056,0.029921189
3.1,PlayerA,native,LeftHand,0.851873338,0.769516945,-0.0798846558
3.1,PlayerA,native,RightHand,0.7513783,0.8537291,-0.03939132
3.1,PlayerA,native,LeftFoot,0.836199164,0.118943684,-0.3931514
3.1,PlayerA,native,RightFoot,1.198014,0.119263515,0.433150232
3.1,PlayerA,fighter,AnimatorRoot,0.85,0,0
3.1,PlayerA,fighter,Hips,1.041394,0.7660174,0.0382044
3.1,PlayerA,fighter,Head,0.9948183,1.25255454,0.005532056
3.1,PlayerA,fighter,Chest,1.04359519,0.9692777,0.0301067382
3.1,PlayerA,fighter,LeftHand,0.852222562,0.768753946,-0.08126033
3.1,PlayerA,fighter,RightHand,0.752697349,0.856153131,-0.03636995
3.1,PlayerA,fighter,LeftFoot,0.8361992,0.118943311,-0.3931516
3.1,PlayerA,fighter,RightFoot,1.1980139,0.119263604,0.4331502
3.1,PlayerB,actor,Root,-0.850000262,0,-2.026558E-07
3.1,PlayerB,driver,Root,-0.352206051,-0.6633029,-0.04247146
3.1,PlayerB,native,AnimatorRoot,-0.352206051,-0.6633029,-0.04247146
3.1,PlayerB,native,Hips,-0.4261695,0.106110692,-0.0131496433
3.1,PlayerB,native,Head,0.05758339,0.09106547,-0.04546132
3.1,PlayerB,native,Chest,-0.22280997,0.105150521,-0.0212998036
3.1,PlayerB,native,LeftHand,0.039768815,0.0331306458,0.282920033
3.1,PlayerB,native,RightHand,-0.344672859,0.0676505,-0.473759323
3.1,PlayerB,native,LeftFoot,-1.0915122,0.3551501,0.163453445
3.1,PlayerB,native,RightFoot,-1.06685829,0.215828061,-0.384504527
3.1,PlayerB,fighter,AnimatorRoot,-0.850000262,0,-2.026558E-07
3.1,PlayerB,fighter,Hips,-0.426169425,0.106110685,-0.0131496433
3.1,PlayerB,fighter,Head,0.2889037,0.09710683,-0.0476226434
3.1,PlayerB,fighter,Chest,-0.141547024,0.115039691,-0.02326163
3.1,PlayerB,fighter,LeftHand,0.039768815,0.03313069,0.2829201
3.1,PlayerB,fighter,RightHand,-0.344673038,0.0676505044,-0.473759234
3.1,PlayerB,fighter,LeftFoot,-1.0915122,0.355150074,0.163453415
3.1,PlayerB,fighter,RightFoot,-1.06685841,0.215828031,-0.384504557
3.11666656,PlayerA,actor,Root,0.85,0,0
3.11666656,PlayerA,driver,Root,1.00044656,-3.199093E-06,0.0228032172
3.11666656,PlayerA,native,AnimatorRoot,1.00044656,-3.199093E-06,0.0228032172
3.11666656,PlayerA,native,Hips,1.04139388,0.7660174,0.0382044
3.11666656,PlayerA,native,Head,0.9948339,1.28565013,0.008251369
3.11666656,PlayerA,native,Chest,1.03371775,0.985057056,0.0299212039
3.11666656,PlayerA,native,LeftHand,0.851873338,0.769516945,-0.07988464
3.11666656,PlayerA,native,RightHand,0.7513783,0.8537291,-0.0393913053
3.11666656,PlayerA,native,LeftFoot,0.836199164,0.118943684,-0.3931514
3.11666656,PlayerA,native,RightFoot,1.198014,0.119263515,0.433150232
3.11666656,PlayerA,fighter,AnimatorRoot,0.85,0,0
3.11666656,PlayerA,fighter,Hips,1.041394,0.7660174,0.0382044
3.11666656,PlayerA,fighter,Head,0.9948183,1.25255454,0.005532071
3.11666656,PlayerA,fighter,Chest,1.04359519,0.9692777,0.0301067531
3.11666656,PlayerA,fighter,LeftHand,0.8522225,0.7687539,-0.08126032
3.11666656,PlayerA,fighter,RightHand,0.752697349,0.856153131,-0.0363699123
3.11666656,PlayerA,fighter,LeftFoot,0.836199164,0.118943311,-0.3931515
3.11666656,PlayerA,fighter,RightFoot,1.1980139,0.119263649,0.433150142
3.11666656,PlayerB,actor,Root,-0.850000262,0,-2.026558E-07
3.11666656,PlayerB,driver,Root,-0.351019025,-0.6664236,-0.0420701727
3.11666656,PlayerB,native,AnimatorRoot,-0.351019025,-0.6664236,-0.0420701727
3.11666656,PlayerB,native,Hips,-0.424612761,0.105311871,-0.0130252484
3.11666656,PlayerB,native,Head,0.0592290163,0.09237558,-0.0447365865
3.11666656,PlayerB,native,Chest,-0.22124809,0.105474651,-0.0209955815
3.11666656,PlayerB,native,LeftHand,0.0457047224,0.031443,0.281682819
3.11666656,PlayerB,native,RightHand,-0.344518781,0.06770581,-0.473496854
3.11666656,PlayerB,native,LeftFoot,-1.09260082,0.3440011,0.164792225
3.11666656,PlayerB,native,RightFoot,-1.0668534,0.19987458,-0.383693546
3.11666656,PlayerB,fighter,AnimatorRoot,-0.850000262,0,-2.026558E-07
3.11666656,PlayerB,fighter,Hips,-0.424612671,0.105311863,-0.0130252484
3.11666656,PlayerB,fighter,Head,0.290527582,0.09843858,-0.04679247
3.11666656,PlayerB,fighter,Chest,-0.14003545,0.115733124,-0.0228203777
3.11666656,PlayerB,fighter,LeftHand,0.04570484,0.0314429849,0.281682879
3.11666656,PlayerB,fighter,RightHand,-0.34451896,0.06770575,-0.473497
3.11666656,PlayerB,fighter,LeftFoot,-1.09260058,0.344001085,0.164792344
3.11666656,PlayerB,fighter,RightFoot,-1.0668534,0.199874476,-0.383693516
3.13333344,PlayerA,actor,Root,0.85,0,0
3.13333344,PlayerA,driver,Root,1.00044656,-3.199093E-06,0.0228032321
3.13333344,PlayerA,native,AnimatorRoot,1.00044656,-3.199093E-06,0.0228032321
3.13333344,PlayerA,native,Hips,1.04139388,0.7660174,0.0382044166
3.13333344,PlayerA,native,Head,0.9948339,1.28565013,0.008251384
3.13333344,PlayerA,native,Chest,1.03371775,0.985057056,0.0299212188
3.13333344,PlayerA,native,LeftHand,0.851873338,0.769516945,-0.079884626
3.13333344,PlayerA,native,RightHand,0.7513783,0.8537291,-0.03939129
3.13333344,PlayerA,native,LeftFoot,0.836199164,0.118943684,-0.393151373
3.13333344,PlayerA,native,RightFoot,1.198014,0.119263515,0.433150262
3.13333344,PlayerA,fighter,AnimatorRoot,0.85,0,0
3.13333344,PlayerA,fighter,Hips,1.041394,0.7660174,0.03820443
3.13333344,PlayerA,fighter,Head,0.9948183,1.25255454,0.005532086
3.13333344,PlayerA,fighter,Chest,1.04359519,0.9692777,0.030106768
3.13333344,PlayerA,fighter,LeftHand,0.8522226,0.768753946,-0.08126022
3.13333344,PlayerA,fighter,RightHand,0.752697349,0.856153131,-0.03636985
3.13333344,PlayerA,fighter,LeftFoot,0.8361992,0.11894355,-0.3931514
3.13333344,PlayerA,fighter,RightFoot,1.1980139,0.119263649,0.433150232
3.13333344,PlayerB,actor,Root,-0.850000262,0,-2.026558E-07
3.13333344,PlayerB,driver,Root,-0.350552738,-0.6706569,-0.04182803
3.13333344,PlayerB,native,AnimatorRoot,-0.350552738,-0.6706569,-0.04182803
3.13333344,PlayerB,native,Hips,-0.423648864,0.104987144,-0.0129308645
3.13333344,PlayerB,native,Head,0.0602355,0.0928037763,-0.0441789255
3.13333344,PlayerB,native,Chest,-0.2202828,0.105624855,-0.0207747463
3.13333344,PlayerB,native,LeftHand,0.0493167639,0.0303478837,0.2813345
3.13333344,PlayerB,native,RightHand,-0.3446734,0.06764966,-0.473759562
3.13333344,PlayerB,native,LeftFoot,-1.09516215,0.3274681,0.165765256
3.13333344,PlayerB,native,RightFoot,-1.0675317,0.17911011,-0.383353621
3.13333344,PlayerB,fighter,AnimatorRoot,-0.850000262,0,-2.026558E-07
3.13333344,PlayerB,fighter,Hips,-0.423648775,0.104987144,-0.0129308645
3.13333344,PlayerB,fighter,Head,0.2915225,0.09850107,-0.0462581739
3.13333344,PlayerB,fighter,Chest,-0.139090776,0.116021186,-0.022502685
3.13333344,PlayerB,fighter,LeftHand,0.0493167639,0.0303478446,0.2813345
3.13333344,PlayerB,fighter,RightHand,-0.3446735,0.06764965,-0.473759651
3.13333344,PlayerB,fighter,LeftFoot,-1.09516191,0.327467978,0.165765241
3.13333344,PlayerB,fighter,RightFoot,-1.0675317,0.179110035,-0.383353531
3.15,PlayerA,actor,Root,0.85,0,0
3.15,PlayerA,driver,Root,1.00044656,-3.199093E-06,0.022803247
3.15,PlayerA,native,AnimatorRoot,1.00044656,-3.199093E-06,0.022803247
3.15,PlayerA,native,Hips,1.04139388,0.7660174,0.03820443
3.15,PlayerA,native,Head,0.9948339,1.28565013,0.008251399
3.15,PlayerA,native,Chest,1.03371775,0.985057056,0.0299212337
3.15,PlayerA,native,LeftHand,0.851873338,0.769516945,-0.07988461
3.15,PlayerA,native,RightHand,0.7513783,0.8537291,-0.0393912755
3.15,PlayerA,native,LeftFoot,0.836199164,0.118943684,-0.393151373
3.15,PlayerA,native,RightFoot,1.198014,0.119263515,0.433150262
3.15,PlayerA,fighter,AnimatorRoot,0.85,0,0
3.15,PlayerA,fighter,Hips,1.041394,0.7660174,0.03820443
3.15,PlayerA,fighter,Head,0.9948183,1.25255454,0.005532101
3.15,PlayerA,fighter,Chest,1.04359519,0.9692777,0.0301067829
3.15,PlayerA,fighter,LeftHand,0.852222562,0.7687539,-0.08126019
3.15,PlayerA,fighter,RightHand,0.7526973,0.856153131,-0.0363698825
3.15,PlayerA,fighter,LeftFoot,0.8361991,0.118943743,-0.393151373
3.15,PlayerA,fighter,RightFoot,1.198014,0.1192637,0.433150232
3.15,PlayerB,actor,Root,-0.850000262,0,-2.026558E-07
3.15,PlayerB,driver,Root,-0.350367069,-0.675084054,-0.0416524932
3.15,PlayerB,native,AnimatorRoot,-0.350367069,-0.675084054,-0.0416524932
3.15,PlayerB,native,Hips,-0.422979355,0.104691207,-0.0128705446
3.15,PlayerB,native,Head,0.060955286,0.09328407,-0.043621324
3.15,PlayerB,native,Chest,-0.219610989,0.105725765,-0.0205906872
3.15,PlayerB,native,LeftHand,0.05199957,0.0296732783,0.280876
3.15,PlayerB,native,RightHand,-0.344665885,0.06763208,-0.473743558
3.15,PlayerB,native,LeftFoot,-1.09978354,0.305024981,0.166845813
3.15,PlayerB,native,RightFoot,-1.06948566,0.15308702,-0.383479327
3.15,PlayerB,fighter,AnimatorRoot,-0.850000262,0,-2.026558E-07
3.15,PlayerB,fighter,Hips,-0.422979265,0.1046912,-0.0128705446
3.15,PlayerB,fighter,Head,0.292229533,0.0988221839,-0.0457195863
3.15,PlayerB,fighter,Chest,-0.1384362,0.116254695,-0.02222153
3.15,PlayerB,fighter,LeftHand,0.05199969,0.0296732951,0.280875951
3.15,PlayerB,fighter,RightHand,-0.344666243,0.06763207,-0.473743379
3.15,PlayerB,fighter,LeftFoot,-1.09978342,0.305025,0.166845888
3.15,PlayerB,fighter,RightFoot,-1.06948543,0.153087035,-0.383479327
3.16666675,PlayerA,actor,Root,0.85,0,0
3.16666675,PlayerA,driver,Root,1.00044656,-3.199093E-06,0.0228032619
3.16666675,PlayerA,native,AnimatorRoot,1.00044656,-3.199093E-06,0.0228032619
3.16666675,PlayerA,native,Hips,1.04139388,0.7660174,0.0382044464
3.16666675,PlayerA,native,Head,0.9948339,1.28565013,0.008251414
3.16666675,PlayerA,native,Chest,1.03371775,0.985057056,0.0299212486
3.16666675,PlayerA,native,LeftHand,0.851873338,0.769516945,-0.0798845962
3.16666675,PlayerA,native,RightHand,0.7513783,0.8537291,-0.03939126
3.16666675,PlayerA,native,LeftFoot,0.836199164,0.118943684,-0.393151343
3.16666675,PlayerA,native,RightFoot,1.198014,0.119263515,0.4331503
3.16666675,PlayerA,fighter,AnimatorRoot,0.85,0,0
3.16666675,PlayerA,fighter,Hips,1.041394,0.7660174,0.03820446
3.16666675,PlayerA,fighter,Head,0.9948183,1.25255454,0.0055321157
3.16666675,PlayerA,fighter,Chest,1.04359519,0.9692777,0.0301067978
3.16666675,PlayerA,fighter,LeftHand,0.852222562,0.768754,-0.08126027
3.16666675,PlayerA,fighter,RightHand,0.752697349,0.856153131,-0.0363699459
3.16666675,PlayerA,fighter,LeftFoot,0.8361992,0.118943408,-0.393151432
3.16666675,PlayerA,fighter,RightFoot,1.1980139,0.119263604,0.433150232
3.16666675,PlayerB,actor,Root,-0.850000262,0,-2.026558E-07
3.16666675,PlayerB,driver,Root,-0.350488,-0.67946434,-0.041555725
3.16666675,PlayerB,native,AnimatorRoot,-0.350488,-0.67946434,-0.041555725
3.16666675,PlayerB,native,Hips,-0.4226684,0.104550242,-0.0128458384
3.16666675,PlayerB,native,Head,0.06131059,0.09355962,-0.0431190953
3.16666675,PlayerB,native,Chest,-0.2192964,0.105760515,-0.0204596166
3.16666675,PlayerB,native,LeftHand,0.05303049,0.0292650461,0.280717462
3.16666675,PlayerB,native,RightHand,-0.344673336,0.0676502,-0.473759323
3.16666675,PlayerB,native,LeftFoot,-1.105118,0.279053271,0.167939171
3.16666675,PlayerB,native,RightFoot,-1.07153618,0.126684308,-0.3838112
3.16666675,PlayerB,fighter,AnimatorRoot,-0.850000262,0,-2.026558E-07
3.16666675,PlayerB,fighter,Hips,-0.422668278,0.104550235,-0.0128458384
3.16666675,PlayerB,fighter,Head,0.29257524,0.09894661,-0.0452671871
3.16666675,PlayerB,fighter,Chest,-0.138128459,0.116355851,-0.0220041517
3.16666675,PlayerB,fighter,LeftHand,0.05303049,0.0292650331,0.280717462
3.16666675,PlayerB,fighter,RightHand,-0.344673634,0.06765014,-0.4737595
3.16666675,PlayerB,fighter,LeftFoot,-1.10511792,0.279053241,0.167939216
3.16666675,PlayerB,fighter,RightFoot,-1.0715363,0.126684353,-0.3838112
3.1833334,PlayerA,actor,Root,0.85,0,0
3.1833334,PlayerA,driver,Root,1.00044656,-3.199093E-06,0.0228032768
3.1833334,PlayerA,native,AnimatorRoot,1.00044656,-3.199093E-06,0.0228032768
3.1833334,PlayerA,native,Hips,1.04139388,0.7660174,0.03820446
3.1833334,PlayerA,native,Head,0.9948339,1.28565013,0.008251429
3.1833334,PlayerA,native,Chest,1.03371775,0.985057056,0.0299212635
3.1833334,PlayerA,native,LeftHand,0.851873338,0.769516945,-0.07988458
3.1833334,PlayerA,native,RightHand,0.7513783,0.8537291,-0.0393912457
3.1833334,PlayerA,native,LeftFoot,0.836199164,0.118943684,-0.393151343
3.1833334,PlayerA,native,RightFoot,1.198014,0.119263515,0.4331503
3.1833334,PlayerA,fighter,AnimatorRoot,0.85,0,0
3.1833334,PlayerA,fighter,Hips,1.041394,0.7660174,0.03820446
3.1833334,PlayerA,fighter,Head,0.9948183,1.25255454,0.0055321306
3.1833334,PlayerA,fighter,Chest,1.04359519,0.9692777,0.0301068127
3.1833334,PlayerA,fighter,LeftHand,0.8522225,0.7687539,-0.0812602639
3.1833334,PlayerA,fighter,RightHand,0.7526974,0.8561532,-0.0363698937
3.1833334,PlayerA,fighter,LeftFoot,0.836199164,0.118943356,-0.3931514
3.1833334,PlayerA,fighter,RightFoot,1.198014,0.119263649,0.433150232
3.1833334,PlayerB,actor,Root,-0.850000262,0,-2.026558E-07
3.1833334,PlayerB,driver,Root,-0.35081023,-0.6831482,-0.0415213034
3.1833334,PlayerB,native,AnimatorRoot,-0.35081023,-0.6831482,-0.0415213034
3.1833334,PlayerB,native,Hips,-0.422636122,0.104530215,-0.01283657
3.1833334,PlayerB,native,Head,0.061383307,0.09365314,-0.0426483378
3.1833334,PlayerB,native,Chest,-0.219258726,0.105729878,-0.0203584079
3.1833334,PlayerB,native,LeftHand,0.0531848669,0.0292210579,0.2806948
3.1833334,PlayerB,native,RightHand,-0.344685674,0.06764221,-0.4737485
3.1833334,PlayerB,native,LeftFoot,-1.11013281,0.2530542,0.168583557
3.1833334,PlayerB,native,RightFoot,-1.0736289,0.103740752,-0.384253234
3.1833334,PlayerB,fighter,AnimatorRoot,-0.850000262,0,-2.026558E-07
3.1833334,PlayerB,fighter,Hips,-0.422636032,0.104530208,-0.01283657
3.1833334,PlayerB,fighter,Head,0.292641163,0.09889537,-0.0448728427
3.1833334,PlayerB,fighter,Chest,-0.138089,0.116335817,-0.021826053
3.1833334,PlayerB,fighter,LeftHand,0.0531848669,0.0292209722,0.280694872
3.1833334,PlayerB,fighter,RightHand,-0.3446859,0.0676421747,-0.473748863
3.1833334,PlayerB,fighter,LeftFoot,-1.11013293,0.253054351,0.168583587
3.1833334,PlayerB,fighter,RightFoot,-1.07362878,0.103740714,-0.3842532
3.2,PlayerA,actor,Root,0.85,0,0
3.2,PlayerA,driver,Root,1.00044656,-3.199093E-06,0.0228032917
3.2,PlayerA,native,AnimatorRoot,1.00044656,-3.199093E-06,0.0228032917
3.2,PlayerA,native,Hips,1.04139388,0.7660174,0.0382044762
3.2,PlayerA,native,Head,0.9948339,1.28565013,0.00825144351
3.2,PlayerA,native,Chest,1.03371775,0.985057056,0.0299212784
3.2,PlayerA,native,LeftHand,0.851873338,0.769516945,-0.07988457
3.2,PlayerA,native,RightHand,0.7513783,0.8537291,-0.03939123
3.2,PlayerA,native,LeftFoot,0.836199164,0.118943684,-0.3931513
3.2,PlayerA,native,RightFoot,1.198014,0.119263515,0.433150321
3.2,PlayerA,fighter,AnimatorRoot,0.85,0,0
3.2,PlayerA,fighter,Hips,1.041394,0.7660174,0.03820449
3.2,PlayerA,fighter,Head,0.9948183,1.25255454,0.0055321455
3.2,PlayerA,fighter,Chest,1.04359519,0.9692777,0.0301068276
3.2,PlayerA,fighter,LeftHand,0.852222562,0.768753946,-0.0812601745
3.2,PlayerA,fighter,RightHand,0.752697349,0.856153,-0.0363698453
3.2,PlayerA,fighter,LeftFoot,0.8361992,0.118943267,-0.3931513
3.2,PlayerA,fighter,RightFoot,1.198014,0.119263604,0.433150351
3.2,PlayerB,actor,Root,-0.850000262,0,-2.026558E-07
3.2,PlayerB,driver,Root,-0.351287484,-0.686444044,-0.0415424034
3.2,PlayerB,native,AnimatorRoot,-0.351287484,-0.686444044,-0.0415424034
3.2,PlayerB,native,Hips,-0.422807932,0.104612648,-0.0128580872
3.2,PlayerB,native,Head,0.0612483025,0.09360337,-0.0422224626
3.2,PlayerB,native,Chest,-0.21942395,0.105650485,-0.0203004722
3.2,PlayerB,native,LeftHand,0.0525006056,0.029419899,0.2808065
3.2,PlayerB,native,RightHand,-0.3446719,0.06764948,-0.473759025
3.2,PlayerB,native,LeftFoot,-1.11530089,0.223755479,0.1687108
3.2,PlayerB,native,RightFoot,-1.07522476,0.08728832,-0.384469956
3.2,PlayerB,fighter,AnimatorRoot,-0.850000262,0,-2.026558E-07
3.2,PlayerB,fighter,Hips,-0.422807842,0.104612641,-0.0128580872
3.2,PlayerB,fighter,Head,0.2925024,0.0987058654,-0.0445440635
3.2,PlayerB,fighter,Chest,-0.138244927,0.116221659,-0.0216987971
3.2,PlayerB,fighter,LeftHand,0.0525007248,0.0294197425,0.2808067
3.2,PlayerB,fighter,RightHand,-0.344671965,0.06764944,-0.473759085
3.2,PlayerB,fighter,LeftFoot,-1.11530089,0.223755509,0.168710813
3.2,PlayerB,fighter,RightFoot,-1.07522464,0.0872883052,-0.384469956
3.20987678,PlayerA,actor,Root,0.85,0,0
3.20987678,PlayerA,driver,Root,1.00044656,-3.199093E-06,0.0228033066
3.20987678,PlayerA,native,AnimatorRoot,1.00044656,-3.199093E-06,0.0228033066
3.20987678,PlayerA,native,Hips,1.04139388,0.7660174,0.03820449
3.20987678,PlayerA,native,Head,0.9948339,1.28565013,0.008251458
3.20987678,PlayerA,native,Chest,1.03371775,0.985057056,0.0299212933
3.20987678,PlayerA,native,LeftHand,0.851873338,0.769516945,-0.07988455
3.20987678,PlayerA,native,RightHand,0.7513783,0.8537291,-0.0393912159
3.20987678,PlayerA,native,LeftFoot,0.836199164,0.118943684,-0.3931513
3.20987678,PlayerA,native,RightFoot,1.198014,0.119263515,0.433150321
3.20987678,PlayerA,fighter,AnimatorRoot,0.85,0,0
3.20987678,PlayerA,fighter,Hips,1.041394,0.7660174,0.03820449
3.20987678,PlayerA,fighter,Head,0.9948183,1.25255454,0.0055321604
3.20987678,PlayerA,fighter,Chest,1.04359519,0.9692777,0.0301068425
3.20987678,PlayerA,fighter,LeftHand,0.852222562,0.7687538,-0.0812600851
3.20987678,PlayerA,fighter,RightHand,0.7526974,0.856153131,-0.0363697745
3.20987678,PlayerA,fighter,LeftFoot,0.8361992,0.11894355,-0.393151373
3.20987678,PlayerA,fighter,RightFoot,1.1980139,0.119263649,0.433150232
3.20987678,PlayerB,actor,Root,-0.850000262,0,-2.026558E-07
3.20987678,PlayerB,driver,Root,-0.351603031,-0.688334942,-0.0415871367
3.20987678,PlayerB,native,AnimatorRoot,-0.351603031,-0.688334942,-0.0415871367
3.20987678,PlayerB,native,Hips,-0.422976524,0.104698837,-0.0128795151
3.20987678,PlayerB,native,Head,0.0611001253,0.09352505,-0.0419842228
3.20987678,PlayerB,native,Chest,-0.21958828,0.105587661,-0.0202793125
3.20987678,PlayerB,native,LeftHand,0.0518059731,0.0296301246,0.280920535
3.20987678,PlayerB,native,RightHand,-0.3446507,0.06765139,-0.473764479
3.20987678,PlayerB,native,LeftFoot,-1.11833167,0.2026847,0.168420389
3.20987678,PlayerB,native,RightFoot,-1.07578254,0.08394563,-0.384620756
3.20987678,PlayerB,fighter,AnimatorRoot,-0.850000262,0,-2.026558E-07
3.20987678,PlayerB,fighter,Hips,-0.4229764,0.104698837,-0.0128795151
3.20987678,PlayerB,fighter,Head,0.292353153,0.09854665,-0.04437145
3.20987678,PlayerB,fighter,Chest,-0.138401151,0.116122305,-0.02163955
3.20987678,PlayerB,fighter,LeftHand,0.0518060923,0.0296301842,0.280920476
3.20987678,PlayerB,fighter,RightHand,-0.344650924,0.06765129,-0.473764747
3.20987678,PlayerB,fighter,LeftFoot,-1.11833155,0.202684715,0.1684204
3.20987678,PlayerB,fighter,RightFoot,-1.07578254,0.0839456245,-0.3846207
3.2166667,PlayerA,actor,Root,0.85,0,0
3.2166667,PlayerA,driver,Root,1.00044656,-3.199093E-06,0.0228033215
3.2166667,PlayerA,native,AnimatorRoot,1.00044656,-3.199093E-06,0.0228033215
3.2166667,PlayerA,native,Hips,1.04139388,0.7660174,0.038204506
3.2166667,PlayerA,native,Head,0.9948339,1.28565013,0.008251473
3.2166667,PlayerA,native,Chest,1.03371775,0.985057056,0.0299213082
3.2166667,PlayerA,native,LeftHand,0.851873338,0.769516945,-0.07988454
3.2166667,PlayerA,native,RightHand,0.7513783,0.8537291,-0.0393912
3.2166667,PlayerA,native,LeftFoot,0.836199164,0.118943684,-0.393151283
3.2166667,PlayerA,native,RightFoot,1.198014,0.119263515,0.433150351
3.2166667,PlayerA,fighter,AnimatorRoot,0.85,0,0
3.2166667,PlayerA,fighter,Hips,1.041394,0.7660174,0.03820452
3.2166667,PlayerA,fighter,Head,0.9948183,1.25255454,0.0055321753
3.2166667,PlayerA,fighter,Chest,1.04359519,0.9692777,0.0301068574
3.2166667,PlayerA,fighter,LeftHand,0.852222562,0.768753946,-0.08126021
3.2166667,PlayerA,fighter,RightHand,0.752697349,0.856153131,-0.03636991
3.2166667,PlayerA,fighter,LeftFoot,0.8361992,0.118943267,-0.393151432
3.2166667,PlayerA,fighter,RightFoot,1.1980139,0.119263604,0.4331503
3.2166667,PlayerB,actor,Root,-0.850000262,0,-2.026558E-07
3.2166667,PlayerB,driver,Root,-0.3518412,-0.6895926,-0.04163172
3.2166667,PlayerB,native,AnimatorRoot,-0.3518412,-0.6895926,-0.04163172
3.2166667,PlayerB,native,Hips,-0.423137665,0.104775012,-0.012893999
3.2166667,PlayerB,native,Head,0.060952425,0.09344518,-0.041822575
3.2166667,PlayerB,native,Chest,-0.219746351,0.105534852,-0.0202665571
3.2166667,PlayerB,native,LeftHand,0.0511709452,0.0298187137,0.281027526
3.2166667,PlayerB,native,RightHand,-0.344642282,0.06765175,-0.473763734
3.2166667,PlayerB,native,LeftFoot,-1.120253,0.186893761,0.168040052
3.2166667,PlayerB,native,RightFoot,-1.07614434,0.08392751,-0.384775072
3.2166667,PlayerB,fighter,AnimatorRoot,-0.850000262,0,-2.026558E-07
3.2166667,PlayerB,fighter,Hips,-0.4231376,0.104775,-0.012893999
3.2166667,PlayerB,fighter,Head,0.2922051,0.09841212,-0.0442584381
3.2166667,PlayerB,fighter,Chest,-0.138552547,0.116036512,-0.02160188
3.2166667,PlayerB,fighter,LeftHand,0.0511710644,0.0298186056,0.2810276
3.2166667,PlayerB,fighter,RightHand,-0.34464252,0.06765172,-0.473763674
3.2166667,PlayerB,fighter,LeftFoot,-1.12025285,0.186893716,0.168040127
3.2166667,PlayerB,fighter,RightFoot,-1.07614422,0.08392747,-0.384775
3.23333335,PlayerA,actor,Root,0.85,0,0
3.23333335,PlayerA,driver,Root,1.00044656,-3.199093E-06,0.0228033364
3.23333335,PlayerA,native,AnimatorRoot,1.00044656,-3.199093E-06,0.0228033364
3.23333335,PlayerA,native,Hips,1.04139388,0.7660174,0.03820452
3.23333335,PlayerA,native,Head,0.9948339,1.28565013,0.008251488
3.23333335,PlayerA,native,Chest,1.03371775,0.985057056,0.0299213231
3.23333335,PlayerA,native,LeftHand,0.851873338,0.769516945,-0.07988452
3.23333335,PlayerA,native,RightHand,0.7513783,0.8537291,-0.0393911861
3.23333335,PlayerA,native,LeftFoot,0.836199164,0.118943684,-0.393151283
3.23333335,PlayerA,native,RightFoot,1.198014,0.119263515,0.433150351
3.23333335,PlayerA,fighter,AnimatorRoot,0.85,0,0
3.23333335,PlayerA,fighter,Hips,1.041394,0.7660174,0.03820452
3.23333335,PlayerA,fighter,Head,0.9948183,1.25255454,0.00553219
3.23333335,PlayerA,fighter,Chest,1.04359519,0.9692777,0.0301068723
3.23333335,PlayerA,fighter,LeftHand,0.8522225,0.7687539,-0.0812602043
3.23333335,PlayerA,fighter,RightHand,0.752697349,0.856153131,-0.0363697931
3.23333335,PlayerA,fighter,LeftFoot,0.836199164,0.118943356,-0.3931513
3.23333335,PlayerA,fighter,RightFoot,1.198014,0.1192637,0.433150351
3.23333335,PlayerB,actor,Root,-0.850000262,0,-2.026558E-07
3.23333335,PlayerB,driver,Root,-0.3524627,-0.692147434,-0.04171457
3.23333335,PlayerB,native,AnimatorRoot,-0.3524627,-0.692147434,-0.04171457
3.23333335,PlayerB,native,Hips,-0.423647344,0.104987264,-0.0129311029
3.23333335,PlayerB,native,Head,0.06047368,0.09320474,-0.0414318666
3.23333335,PlayerB,native,Chest,-0.220248818,0.105387568,-0.0202406887
3.23333335,PlayerB,native,LeftHand,0.04931879,0.0303472281,0.2813345
3.23333335,PlayerB,native,RightHand,-0.344671667,0.06765044,-0.473759264
3.23333335,PlayerB,native,LeftFoot,-1.12461329,0.148924828,0.1666718
3.23333335,PlayerB,native,RightFoot,-1.07702744,0.0870447159,-0.385183424
3.23333335,PlayerB,fighter,AnimatorRoot,-0.850000262,0,-2.026558E-07
3.23333335,PlayerB,fighter,Hips,-0.423647255,0.104987256,-0.0129311029
3.23333335,PlayerB,fighter,Head,0.2917261,0.09803925,-0.04399284
3.23333335,PlayerB,fighter,Chest,-0.139036238,0.11579562,-0.021517003
3.23333335,PlayerB,fighter,LeftHand,0.04931879,0.0303473026,0.281334549
3.23333335,PlayerB,fighter,RightHand,-0.344671845,0.06765046,-0.473759323
3.23333335,PlayerB,fighter,LeftFoot,-1.12461329,0.1489249,0.166671783
3.23333335,PlayerB,fighter,RightFoot,-1.07702732,0.0870446861,-0.385183424
3.25,PlayerA,actor,Root,0.85,0,0
3.25,PlayerA,driver,Root,1.00044656,-3.199093E-06,0.0228033513
3.25,PlayerA,native,AnimatorRoot,1.00044656,-3.199093E-06,0.0228033513
3.25,PlayerA,native,Hips,1.04139388,0.7660174,0.0382045358
3.25,PlayerA,native,Head,0.9948339,1.28565013,0.008251503
3.25,PlayerA,native,Chest,1.03371775,0.985057056,0.029921338
3.25,PlayerA,native,LeftHand,0.851873338,0.769516945,-0.07988451
3.25,PlayerA,native,RightHand,0.7513783,0.8537291,-0.03939117
3.25,PlayerA,native,LeftFoot,0.836199164,0.118943684,-0.393151253
3.25,PlayerA,native,RightFoot,1.198014,0.119263515,0.433150381
3.25,PlayerA,fighter,AnimatorRoot,0.85,0,0
3.25,PlayerA,fighter,Hips,1.041394,0.7660174,0.03820455
3.25,PlayerA,fighter,Head,0.9948183,1.25255454,0.005532205
3.25,PlayerA,fighter,Chest,1.04359519,0.9692777,0.0301068872
3.25,PlayerA,fighter,LeftHand,0.8522226,0.768753946,-0.0812601
3.25,PlayerA,fighter,RightHand,0.752697349,0.856153131,-0.03636973
3.25,PlayerA,fighter,LeftFoot,0.8361992,0.11894355,-0.393151283
3.25,PlayerA,fighter,RightFoot,1.1980139,0.119263649,0.433150351
3.25,PlayerB,actor,Root,-0.850000262,0,-2.026558E-07
3.25,PlayerB,driver,Root,-0.353128254,-0.69367677,-0.0416824743
3.25,PlayerB,native,AnimatorRoot,-0.353128254,-0.69367677,-0.0416824743
3.25,PlayerB,native,Hips,-0.4241923,0.10523051,-0.0129823927
3.25,PlayerB,native,Head,0.0599572659,0.0929200649,-0.041059576
3.25,PlayerB,native,Chest,-0.220787108,0.105224967,-0.0202325229
3.25,PlayerB,native,LeftHand,0.0472371578,0.0309515,0.281679
3.25,PlayerB,native,RightHand,-0.344663322,0.0676502,-0.473764956
3.25,PlayerB,native,LeftFoot,-1.12948978,0.112487972,0.164707646
3.25,PlayerB,native,RightFoot,-1.07776713,0.09325689,-0.385599762
3.25,PlayerB,fighter,AnimatorRoot,-0.850000262,0,-2.026558E-07
3.25,PlayerB,fighter,Hips,-0.42419222,0.1052305,-0.0129823927
3.25,PlayerB,fighter,Head,0.291210055,0.0976236,-0.04375132
3.25,PlayerB,fighter,Chest,-0.139553785,0.115525253,-0.0214521531
3.25,PlayerB,fighter,LeftHand,0.047237277,0.0309514347,0.281679
3.25,PlayerB,fighter,RightHand,-0.344663322,0.06765018,-0.473765045
3.25,PlayerB,fighter,LeftFoot,-1.12948978,0.112487949,0.164707661
3.25,PlayerB,fighter,RightFoot,-1.07776713,0.09325689,-0.385599762
3.26666665,PlayerA,actor,Root,0.85,0,0
3.26666665,PlayerA,driver,Root,1.00044656,-3.199093E-06,0.0228033662
3.26666665,PlayerA,native,AnimatorRoot,1.00044656,-3.199093E-06,0.0228033662
3.26666665,PlayerA,native,Hips,1.04139388,0.7660174,0.03820455
3.26666665,PlayerA,native,Head,0.9948339,1.28565013,0.008251518
3.26666665,PlayerA,native,Chest,1.03371775,0.985057056,0.0299213529
3.26666665,PlayerA,native,LeftHand,0.851873338,0.769516945,-0.07988449
3.26666665,PlayerA,native,RightHand,0.7513783,0.8537291,-0.0393911563
3.26666665,PlayerA,native,LeftFoot,0.836199164,0.118943684,-0.393151253
3.26666665,PlayerA,native,RightFoot,1.198014,0.119263515,0.433150381
3.26666665,PlayerA,fighter,AnimatorRoot,0.85,0,0
3.26666665,PlayerA,fighter,Hips,1.041394,0.7660174,0.03820455
3.26666665,PlayerA,fighter,Head,0.9948183,1.25255454,0.00553222
3.26666665,PlayerA,fighter,Chest,1.04359519,0.9692777,0.0301069021
3.26666665,PlayerA,fighter,LeftHand,0.852222562,0.7687539,-0.08126007
3.26666665,PlayerA,fighter,RightHand,0.7526973,0.856153131,-0.0363697633
3.26666665,PlayerA,fighter,LeftFoot,0.8361992,0.11894355,-0.3931513
3.26666665,PlayerA,fighter,RightFoot,1.1980139,0.119263649,0.4331503
3.26666665,PlayerB,actor,Root,-0.850000262,0,-2.026558E-07
3.26666665,PlayerB,driver,Root,-0.3538022,-0.6943774,-0.0416496024
3.26666665,PlayerB,native,AnimatorRoot,-0.3538022,-0.6943774,-0.0416496024
3.26666665,PlayerB,native,Hips,-0.424766958,0.105486631,-0.0130284671
3.26666665,PlayerB,native,Head,0.05940962,0.09262949,-0.04068329
3.26666665,PlayerB,native,Chest,-0.221355855,0.105063438,-0.0202200655
3.26666665,PlayerB,native,LeftHand,0.0450757742,0.0315843821,0.282039732
3.26666665,PlayerB,native,RightHand,-0.3446697,0.06765014,-0.47375977
3.26666665,PlayerB,native,LeftFoot,-1.13284588,0.08454472,0.161707327
3.26666665,PlayerB,native,RightFoot,-1.078429,0.0993167162,-0.385950357
3.26666665,PlayerB,fighter,AnimatorRoot,-0.850000262,0,-2.026558E-07
3.26666665,PlayerB,fighter,Hips,-0.4247669,0.105486624,-0.0130284671
3.26666665,PlayerB,fighter,Head,0.290662766,0.0972025,-0.04350742
3.26666665,PlayerB,fighter,Chest,-0.140101552,0.115252614,-0.0213836674
3.26666665,PlayerB,fighter,LeftHand,0.0450757742,0.0315843336,0.2820399
3.26666665,PlayerB,fighter,RightHand,-0.34467,0.06765012,-0.4737597
3.26666665,PlayerB,fighter,LeftFoot,-1.13284552,0.08454465,0.1617073
3.26666665,PlayerB,fighter,RightFoot,-1.07842886,0.09931665,-0.385950357
3.2833333,PlayerA,actor,Root,0.85,0,0
3.2833333,PlayerA,driver,Root,1.00044656,-3.199093E-06,0.0228033811
3.2833333,PlayerA,native,AnimatorRoot,1.00044656,-3.199093E-06,0.0228033811
3.2833333,PlayerA,native,Hips,1.04139388,0.7660174,0.0382045656
3.2833333,PlayerA,native,Head,0.9948339,1.28565013,0.008251533
3.2833333,PlayerA,native,Chest,1.03371775,0.985057056,0.0299213678
3.2833333,PlayerA,native,LeftHand,0.851873338,0.769516945,-0.07988448
3.2833333,PlayerA,native,RightHand,0.7513783,0.8537291,-0.03939114
3.2833333,PlayerA,native,LeftFoot,0.836199164,0.118943684,-0.393151224
3.2833333,PlayerA,native,RightFoot,1.198014,0.119263515,0.4331504
3.2833333,PlayerA,fighter,AnimatorRoot,0.85,0,0
3.2833333,PlayerA,fighter,Hips,1.041394,0.7660174,0.03820458
3.2833333,PlayerA,fighter,Head,0.9948183,1.25255454,0.005532235
3.2833333,PlayerA,fighter,Chest,1.04359519,0.9692777,0.030106917
3.2833333,PlayerA,fighter,LeftHand,0.852222562,0.768753946,-0.08126015
3.2833333,PlayerA,fighter,RightHand,0.752697349,0.856153131,-0.0363698266
3.2833333,PlayerA,fighter,LeftFoot,0.836199164,0.118943267,-0.3931514
3.2833333,PlayerA,fighter,RightFoot,1.1980139,0.119263604,0.433150381
3.2833333,PlayerB,actor,Root,-0.850000262,0,-2.026558E-07
3.2833333,PlayerB,driver,Root,-0.354465961,-0.694184244,-0.0417098328
3.2833333,PlayerB,native,AnimatorRoot,-0.354465961,-0.694184244,-0.0417098328
3.2833333,PlayerB,native,Hips,-0.425310522,0.105725944,-0.0130751673
3.2833333,PlayerB,native,Head,0.05889207,0.0923599,-0.0403061733
3.2833333,PlayerB,native,Chest,-0.221894562,0.104908407,-0.0202065948
3.2833333,PlayerB,native,LeftHand,0.0430448055,0.03217399,0.282375544
3.2833333,PlayerB,native,RightHand,-0.3446784,0.06765199,-0.4737608
3.2833333,PlayerB,native,LeftFoot,-1.135014,0.076753974,0.157878488
3.2833333,PlayerB,native,RightFoot,-1.0791533,0.0995670557,-0.386056334
3.2833333,PlayerB,fighter,AnimatorRoot,-0.850000262,0,-2.026558E-07
3.2833333,PlayerB,fighter,Hips,-0.4253104,0.105725937,-0.0130751673
3.2833333,PlayerB,fighter,Head,0.29014504,0.0968016759,-0.04326018
3.2833333,PlayerB,fighter,Chest,-0.140620232,0.114993334,-0.0213133935
3.2833333,PlayerB,fighter,LeftHand,0.0430446863,0.032174,0.282375723
3.2833333,PlayerB,fighter,RightHand,-0.34467876,0.0676518753,-0.473761022
3.2833333,PlayerB,fighter,LeftFoot,-1.13501382,0.076753974,0.157878533
3.2833333,PlayerB,fighter,RightFoot,-1.07915342,0.09956709,-0.3860564
3.3,PlayerA,actor,Root,0.85,0,0
3.3,PlayerA,driver,Root,1.00044656,-3.199093E-06,0.022803396
3.3,PlayerA,native,AnimatorRoot,1.00044656,-3.199093E-06,0.022803396
3.3,PlayerA,native,Hips,1.04139388,0.7660174,0.03820458
3.3,PlayerA,native,Head,0.9948339,1.28565013,0.008251548
3.3,PlayerA,native,Chest,1.03371775,0.985057056,0.0299213827
3.3,PlayerA,native,LeftHand,0.851873338,0.769516945,-0.07988446
3.3,PlayerA,native,RightHand,0.7513783,0.8537291,-0.0393911265
3.3,PlayerA,native,LeftFoot,0.836199164,0.118943684,-0.393151224
3.3,PlayerA,native,RightFoot,1.198014,0.119263515,0.4331504
3.3,PlayerA,fighter,AnimatorRoot,0.85,0,0
3.3,PlayerA,fighter,Hips,1.041394,0.7660174,0.03820458
3.3,PlayerA,fighter,Head,0.9948183,1.25255454,0.00553225
3.3,PlayerA,fighter,Chest,1.04359519,0.9692777,0.0301069319
3.3,PlayerA,fighter,LeftHand,0.8522225,0.7687539,-0.0812601447
3.3,PlayerA,fighter,RightHand,0.7526974,0.8561532,-0.0363697745
3.3,PlayerA,fighter,LeftFoot,0.836199164,0.118943311,-0.3931513
3.3,PlayerA,fighter,RightFoot,1.1980139,0.119263649,0.433150351
3.3,PlayerB,actor,Root,-0.850000262,0,-2.026558E-07
3.3,PlayerB,driver,Root,-0.35504508,-0.6934513,-0.04181563
3.3,PlayerB,native,AnimatorRoot,-0.35504508,-0.6934513,-0.04181563
3.3,PlayerB,native,Hips,-0.4257464,0.105923474,-0.0131135527
3.3,PlayerB,native,Head,0.0584827662,0.0921424,-0.0399150476
3.3,PlayerB,native,Chest,-0.222326279,0.104769707,-0.02018013
3.3,PlayerB,native,LeftHand,0.0413637161,0.0326671,0.2826567
3.3,PlayerB,native,RightHand,-0.3446688,0.0676496,-0.473758966
3.3,PlayerB,native,LeftFoot,-1.13695848,0.0786156058,0.153488457
3.3,PlayerB,native,RightFoot,-1.0798763,0.09782529,-0.386080027
3.3,PlayerB,fighter,AnimatorRoot,-0.850000262,0,-2.026558E-07
3.3,PlayerB,fighter,Hips,-0.425746351,0.105923466,-0.0131135527
3.3,PlayerB,fighter,Head,0.289734244,0.09645083,-0.04299005
3.3,PlayerB,fighter,Chest,-0.1410349,0.114767574,-0.0212268475
3.3,PlayerB,fighter,LeftHand,0.0413637161,0.03266708,0.282656878
3.3,PlayerB,fighter,RightHand,-0.344668925,0.06764953,-0.473758876
3.3,PlayerB,fighter,LeftFoot,-1.1369586,0.0786156356,0.1534884
3.3,PlayerB,fighter,RightFoot,-1.07987654,0.09782531,-0.386080056
3.3166666,PlayerA,actor,Root,0.85,0,0
3.3166666,PlayerA,driver,Root,1.00044656,-3.199093E-06,0.02280341
3.3166666,PlayerA,native,AnimatorRoot,1.00044656,-3.199093E-06,0.02280341
3.3166666,PlayerA,native,Hips,1.04139388,0.7660174,0.0382045954
3.3166666,PlayerA,native,Head,0.9948339,1.28565013,0.008251563
3.3166666,PlayerA,native,Chest,1.03371775,0.985057056,0.0299213976
3.3166666,PlayerA,native,LeftHand,0.851873338,0.769516945,-0.07988445
3.3166666,PlayerA,native,RightHand,0.7513783,0.8537291,-0.03939111
3.3166666,PlayerA,native,LeftFoot,0.836199164,0.118943684,-0.3931512
3.3166666,PlayerA,native,RightFoot,1.198014,0.119263515,0.43315044
3.3166666,PlayerA,fighter,AnimatorRoot,0.85,0,0
3.3166666,PlayerA,fighter,Hips,1.041394,0.7660174,0.03820461
3.3166666,PlayerA,fighter,Head,0.9948183,1.25255454,0.00553226471
3.3166666,PlayerA,fighter,Chest,1.04359519,0.9692777,0.0301069468
3.3166666,PlayerA,fighter,LeftHand,0.852222562,0.768753946,-0.0812600553
3.3166666,PlayerA,fighter,RightHand,0.752697349,0.856153,-0.0363697261
3.3166666,PlayerA,fighter,LeftFoot,0.8361992,0.118943267,-0.3931512
3.3166666,PlayerA,fighter,RightFoot,1.198014,0.119263604,0.43315044
3.3166666,PlayerB,actor,Root,-0.850000262,0,-2.026558E-07
3.3166666,PlayerB,driver,Root,-0.355412483,-0.692479968,-0.0419570431
3.3166666,PlayerB,native,AnimatorRoot,-0.355412483,-0.692479968,-0.0419570431
3.3166666,PlayerB,native,Hips,-0.4259835,0.106033921,-0.0131331328
3.3166666,PlayerB,native,Head,0.0582752824,0.09205347,-0.03949233
3.3166666,PlayerB,native,Chest,-0.222559333,0.10467726,-0.02012434
3.3166666,PlayerB,native,LeftHand,0.0404444933,0.0329405665,0.2828122
3.3166666,PlayerB,native,RightHand,-0.344662368,0.06764895,-0.4737564
3.3166666,PlayerB,native,LeftFoot,-1.138466,0.08359414,0.148795918
3.3166666,PlayerB,native,RightFoot,-1.08058441,0.0961418152,-0.386104643
3.3166666,PlayerB,fighter,AnimatorRoot,-0.850000262,0,-2.026558E-07
3.3166666,PlayerB,fighter,Hips,-0.4259834,0.106033914,-0.0131331328
3.3166666,PlayerB,fighter,Head,0.289523125,0.0962246,-0.04267069
3.3166666,PlayerB,fighter,Chest,-0.141257167,0.1146281,-0.02110436
3.3166666,PlayerB,fighter,LeftHand,0.0404444933,0.03294056,0.282812327
3.3166666,PlayerB,fighter,RightHand,-0.3446626,0.067649,-0.4737565
3.3166666,PlayerB,fighter,LeftFoot,-1.13846564,0.0835942253,0.148795977
3.3166666,PlayerB,fighter,RightFoot,-1.08058441,0.09614182,-0.386104584
3.33333325,PlayerA,actor,Root,0.85,0,0
3.33333325,PlayerA,driver,Root,1.00044656,-3.199093E-06,0.0228034258
3.33333325,PlayerA,native,AnimatorRoot,1.00044656,-3.199093E-06,0.0228034258
3.33333325,PlayerA,native,Hips,1.04139388,0.7660174,0.03820461
3.33333325,PlayerA,native,Head,0.9948339,1.28565013,0.008251578
3.33333325,PlayerA,native,Chest,1.03371775,0.985057056,0.0299214125
3.33333325,PlayerA,native,LeftHand,0.851873338,0.769516945,-0.07988443
3.33333325,PlayerA,native,RightHand,0.7513783,0.8537291,-0.0393910967
3.33333325,PlayerA,native,LeftFoot,0.836199164,0.118943684,-0.3931512
3.33333325,PlayerA,native,RightFoot,1.198014,0.119263515,0.43315044
3.33333325,PlayerA,fighter,AnimatorRoot,0.85,0,0
3.33333325,PlayerA,fighter,Hips,1.041394,0.7660174,0.03820461
3.33333325,PlayerA,fighter,Head,0.9948183,1.25255454,0.00553227961
3.33333325,PlayerA,fighter,Chest,1.04359519,0.9692777,0.0301069617
3.33333325,PlayerA,fighter,LeftHand,0.852222562,0.7687538,-0.0812599659
3.33333325,PlayerA,fighter,RightHand,0.7526974,0.856153131,-0.0363696553
3.33333325,PlayerA,fighter,LeftFoot,0.836199164,0.11894355,-0.393151253
3.33333325,PlayerA,fighter,RightFoot,1.198014,0.1192637,0.43315044
3.33333325,PlayerB,actor,Root,-0.850000262,0,-2.026558E-07
3.33333325,PlayerB,driver,Root,-0.355707169,-0.69136405,-0.0421150848
3.33333325,PlayerB,native,AnimatorRoot,-0.355707169,-0.69136405,-0.0421150848
3.33333325,PlayerB,native,Hips,-0.426165849,0.106110692,-0.01315012
3.33333325,PlayerB,native,Head,0.05812347,0.09200597,-0.03906276
3.33333325,PlayerB,native,Chest,-0.22273773,0.104597747,-0.0200624112
3.33333325,PlayerB,native,LeftHand,0.03977406,0.03313005,0.282920331
3.33333325,PlayerB,native,RightHand,-0.344667852,0.0676506758,-0.473759741
3.33333325,PlayerB,native,LeftFoot,-1.13973856,0.09087318,0.143925
3.33333325,PlayerB,native,RightFoot,-1.0812782,0.09419227,-0.3860351
3.33333325,PlayerB,fighter,AnimatorRoot,-0.850000262,0,-2.026558E-07
3.33333325,PlayerB,fighter,Hips,-0.42616573,0.106110685,-0.01315012
3.33333325,PlayerB,fighter,Head,0.289366484,0.09603822,-0.042337738
3.33333325,PlayerB,fighter,Chest,-0.141426921,0.114515334,-0.020973349
3.33333325,PlayerB,fighter,LeftHand,0.03977394,0.033130087,0.2829204
3.33333325,PlayerB,fighter,RightHand,-0.3446681,0.06765061,-0.473759949
3.33333325,PlayerB,fighter,LeftFoot,-1.13973856,0.0908732638,0.143924981
3.33333325,PlayerB,fighter,RightFoot,-1.08127809,0.09419223,-0.386035055
3.33333349,PlayerA,actor,Root,0.85,0,0
3.33333349,PlayerA,driver,Root,1.00044656,-3.199093E-06,0.02280344
3.33333349,PlayerA,native,AnimatorRoot,1.00044656,-3.199093E-06,0.02280344
3.33333349,PlayerA,native,Hips,1.04139388,0.7660174,0.0382046252
3.33333349,PlayerA,native,Head,0.9948339,1.28565013,0.00825159252
3.33333349,PlayerA,native,Chest,1.03371775,0.985057056,0.0299214274
3.33333349,PlayerA,native,LeftHand,0.851873338,0.769516945,-0.07988442
3.33333349,PlayerA,native,RightHand,0.7513783,0.8537291,-0.03939108
3.33333349,PlayerA,native,LeftFoot,0.836199164,0.118943684,-0.393151164
3.33333349,PlayerA,native,RightFoot,1.198014,0.119263515,0.43315047
3.33333349,PlayerA,fighter,AnimatorRoot,0.85,0,0
3.33333349,PlayerA,fighter,Hips,1.041394,0.7660174,0.03820464
3.33333349,PlayerA,fighter,Head,0.9948183,1.25255454,0.00553229451
3.33333349,PlayerA,fighter,Chest,1.04359519,0.9692777,0.0301069766
3.33333349,PlayerA,fighter,LeftHand,0.852222562,0.768753946,-0.08126009
3.33333349,PlayerA,fighter,RightHand,0.752697349,0.856153131,-0.03636971
3.33333349,PlayerA,fighter,LeftFoot,0.836199164,0.118943267,-0.3931513
3.33333349,PlayerA,fighter,RightFoot,1.1980139,0.119263604,0.43315044
3.33333349,PlayerB,actor,Root,-0.850000262,0,-2.026558E-07
3.33333349,PlayerB,driver,Root,-0.35570693,-0.69136405,-0.0421151146
3.33333349,PlayerB,native,AnimatorRoot,-0.35570693,-0.69136405,-0.0421151146
3.33333349,PlayerB,native,Hips,-0.42616564,0.106110692,-0.01315015
3.33333349,PlayerB,native,Head,0.0581237078,0.09200597,-0.03906276
3.33333349,PlayerB,native,Chest,-0.222737491,0.104597747,-0.0200624112
3.33333349,PlayerB,native,LeftHand,0.03977418,0.03313005,0.28292045
3.33333349,PlayerB,native,RightHand,-0.3446676,0.0676506758,-0.47375977
3.33333349,PlayerB,native,LeftFoot,-1.13973832,0.09087318,0.143924937
3.33333349,PlayerB,native,RightFoot,-1.081278,0.09419227,-0.386035264
3.33333349,PlayerB,fighter,AnimatorRoot,-0.850000262,0,-2.026558E-07
3.33333349,PlayerB,fighter,Hips,-0.426165521,0.106110685,-0.01315015
3.33333349,PlayerB,fighter,Head,0.289366722,0.09603822,-0.04233762
3.33333349,PlayerB,fighter,Chest,-0.141426742,0.114515334,-0.02097329
3.33333349,PlayerB,fighter,LeftHand,0.03977418,0.0331301056,0.2829207
3.33333349,PlayerB,fighter,RightHand,-0.3446679,0.06765066,-0.473759562
3.33333349,PlayerB,fighter,LeftFoot,-1.13973832,0.09087325,0.143924966
3.33333349,PlayerB,fighter,RightFoot,-1.081278,0.0941922739,-0.386035264
