attacker,combo,seconds,swordX,swordY,swordZ,gunX,gunY,gunZ,headY,hipsY
Mankey,combo_01,0,-0.259361655,0.639706969,-0.524476647,0.42850858,0.633821249,0.149002627,1.36505067,0.9217572
Mankey,combo_01,0.0166666675,-0.23965621,0.76210773,-0.5648202,0.564885557,0.668823361,-0.0124679971,1.36115408,0.9116354
Mankey,combo_01,0.0333333351,-0.157690018,0.7665991,-0.434500247,0.6007531,0.714676,-0.205777839,1.34990859,0.8876317
Mankey,combo_01,0.05,-0.0685147941,0.9265659,-0.3582257,0.565342963,0.752091348,-0.3588178,1.33290482,0.8594347
Mankey,combo_01,0.06666667,0.0357754827,0.991711438,-0.221235484,0.51898855,0.7775005,-0.444085658,1.31620812,0.8369271
Mankey,combo_01,0.0833333358,0.09830132,1.03211832,-0.142012388,0.522987068,0.79745996,-0.442313522,1.31016445,0.829693139
Mankey,combo_01,0.1,0.1365803,1.11587453,-0.05835626,0.551507533,0.8148706,-0.403150439,1.30966282,0.829245567
Mankey,combo_01,0.116666667,0.138978586,1.17074788,0.0471551046,0.575142264,0.839445,-0.359526634,1.30916059,0.828797936
Mankey,combo_01,0.13333334,0.09609696,1.20721,0.147756934,0.6011918,0.866560459,-0.298253536,1.30865824,0.828350246
Mankey,combo_01,0.15,0.0166895837,1.21949565,0.216432,0.622773051,0.889169335,-0.22318247,1.30815542,0.827902734
Mankey,combo_01,0.166666672,-0.06767115,1.210203,0.232965246,0.6398106,0.9058508,-0.13164416,1.30765247,0.827455163
Mankey,combo_01,0.183333337,-0.110846415,1.17929554,0.203255862,0.6475102,0.9107067,-0.0187972374,1.30714917,0.8270075
Mankey,combo_01,0.2,-0.1351485,1.1619643,0.134259164,0.624555469,0.91231966,0.102415085,1.30664575,0.826559961
Mankey,combo_01,0.216666669,-0.12684387,1.15428281,0.0537350774,0.567283,0.9089305,0.206324339,1.306142,0.826112449
Mankey,combo_01,0.233333334,-0.09188765,1.21357489,-0.0514890552,0.488945782,0.9154493,0.267374277,1.305638,0.825665
Mankey,combo_01,0.25,0.105448812,1.47383416,-0.242396951,0.40674448,0.9462699,0.248065308,1.30456567,0.8247139
Mankey,combo_01,0.266666681,0.5846889,1.55809152,-0.395516872,0.341372728,0.9584028,0.213064536,1.30462873,0.8247699
Mankey,combo_01,0.283333331,1.10885048,1.19798589,-0.1977823,0.258728683,0.965647459,0.256471425,1.31720388,0.8366705
Mankey,combo_01,0.3,1.10310221,0.7585886,0.3526132,0.168519139,0.996896267,0.299179167,1.31266856,0.8319306
Mankey,combo_01,0.316666663,0.602705836,0.5148945,0.7503505,0.08499721,1.00315857,0.296291649,1.23370552,0.764142931
Mankey,combo_01,0.333333343,0.08226661,0.3560351,0.573584437,0.01993986,0.995406449,0.27899605,1.15910268,0.6979123
Mankey,combo_01,0.35,-0.0237689912,0.390730977,0.5314288,0.000232854858,1.00191545,0.2601106,1.18078387,0.700586438
Mankey,combo_01,0.366666675,-0.07680853,0.481936872,0.5777817,-0.00210453756,1.00813282,0.244570762,1.13876879,0.717528939
Mankey,combo_01,0.383333325,-0.122571751,0.493352115,0.5447432,-0.00380385481,1.00919485,0.228465244,1.1197865,0.710451365
Mankey,combo_01,0.4,-0.150941059,0.486204863,0.518978536,-0.00264959969,1.00836778,0.213031471,1.12140131,0.6976577
Mankey,combo_01,0.416666657,-0.175656885,0.483211458,0.498935074,0.0009302478,1.00657439,0.1993225,1.11494577,0.6852
Mankey,combo_01,0.433333337,-0.194627851,0.47771883,0.4841165,0.007261863,1.003523,0.189407423,1.10949385,0.6715452
Mankey,combo_01,0.45,-0.211308673,0.474470019,0.470647871,0.0149794128,0.9986306,0.182724386,1.10497129,0.6577833
Mankey,combo_01,0.466666669,-0.228352264,0.478690445,0.4541192,0.0235964656,0.992006958,0.180199027,1.10134351,0.6450041
Mankey,combo_01,0.483333319,-0.243431464,0.490577459,0.4358291,0.0331981741,0.9851094,0.1829026,1.09849739,0.6340642
Mankey,combo_01,0.5,-0.2629905,0.516527236,0.3989663,0.043584764,0.9759306,0.192214936,1.09459639,0.623847246
Mankey,combo_01,0.516666651,-0.293467641,0.5699627,0.298090547,0.0548442379,0.966444552,0.208375916,1.08794689,0.6130604
Mankey,combo_01,0.533333361,-0.2869827,0.6168845,0.1852689,0.07664086,0.9634932,0.23432903,1.079883,0.6030894
Mankey,combo_01,0.55,-0.243048251,0.638087451,0.1070262,0.121702284,0.9635854,0.26836133,1.07132626,0.5945706
Mankey,combo_01,0.566666663,-0.175633729,0.6397665,0.07522848,0.20302552,0.978715241,0.304038972,1.06444669,0.589115441
Mankey,combo_01,0.5833333,-0.084543556,0.6311064,0.116805963,0.333567828,1.0061332,0.333215952,1.06358242,0.5903349
Mankey,combo_01,0.6,0.0215325654,0.6217178,0.178841665,0.5004854,1.036032,0.329027057,1.07322276,0.601839662
Mankey,combo_01,0.6166667,0.136198521,0.614886761,0.232494727,0.683134556,1.0688839,0.269176573,1.09683418,0.626310349
Mankey,combo_01,0.6333333,0.252568781,0.60494417,0.2867291,0.825420141,1.09515691,0.1416996,1.13110626,0.6598627
Mankey,combo_01,0.65,0.375648856,0.602049649,0.3336774,0.873009264,1.11443925,-0.0348120444,1.17474127,0.7011289
Mankey,combo_01,0.6666667,0.5093238,0.603867531,0.345270634,0.8020569,1.13103819,-0.20451358,1.22244966,0.7458965
Mankey,combo_01,0.683333337,0.6435923,0.6206487,0.285658181,0.6120193,1.14753509,-0.3041577,1.27321184,0.7942907
Mankey,combo_01,0.7,0.71470964,0.6532721,0.144115716,0.3782506,1.16917109,-0.273283541,1.31210351,0.8319306
Mankey,combo_01,0.716666639,0.6627178,0.708387733,-0.0220169052,0.194026589,1.18798757,-0.103902787,1.31769264,0.837307751
Mankey,combo_01,0.733333349,0.5083717,0.7867347,-0.095587045,0.136289433,1.18612671,0.139485613,1.31214678,0.8319306
Mankey,combo_01,0.75,0.35192132,0.856544137,-0.0237184763,0.217666,1.16421008,0.367476583,1.31203115,0.8319306
Mankey,combo_01,0.766666651,0.292940617,0.9008026,0.151548535,0.397596449,1.12375951,0.511758745,1.31200111,0.8319306
Mankey,combo_01,0.783333361,0.376786172,0.9013208,0.337345362,0.6181154,1.07307017,0.54659307,1.31205308,0.8319306
Mankey,combo_01,0.8,0.584280252,0.8685224,0.4947611,0.8173047,1.02342057,0.5214527,1.31207168,0.8319306
Mankey,combo_01,0.816666663,0.8600267,0.814438343,0.5684865,0.966090143,0.970154762,0.488511771,1.31206179,0.8319306
Mankey,combo_01,0.8333333,1.23553431,0.7697006,0.538716,1.08396387,0.889042,0.5057823,1.31205022,0.8319306
Mankey,combo_01,0.85,1.71850228,0.80841285,0.185282081,1.07612062,0.757774234,0.627972662,1.32135177,0.8403069
Mankey,combo_01,0.8666667,1.79323745,0.892560542,-0.461519778,1.00761914,0.780779064,0.621399045,1.3120209,0.8319306
Mankey,combo_01,0.8833333,1.41989529,0.898601055,-0.9304699,1.09171247,0.7678307,0.587408662,1.22201467,0.7620935
Mankey,combo_01,0.9,0.918434,0.829228,-1.02252662,1.197036,0.7098144,0.5289152,1.10591435,0.697912157
Mankey,combo_01,0.9166667,0.54073,0.83007884,-0.8648784,1.26848912,0.650651038,0.421815038,1.06545484,0.7133951
Mankey,combo_01,0.933333337,0.3290437,0.851725,-0.62448585,1.29562259,0.6195589,0.281050444,1.04646707,0.7431551
Mankey,combo_01,0.95,0.246035129,0.868654132,-0.4958347,1.29333782,0.6224373,0.15158999,1.03649461,0.738014638
Mankey,combo_01,0.966666639,0.180327311,0.8849754,-0.408418,1.27583671,0.6384772,0.03279911,1.03675354,0.723356247
Mankey,combo_01,0.983333349,0.111984789,0.8692432,-0.295912147,1.25773847,0.6569058,-0.07705335,1.03341317,0.7082209
Mankey,combo_01,1,0.06485486,0.8332491,-0.169763714,1.23059249,0.6731694,-0.186493456,1.03435731,0.696371555
Mankey,combo_01,1.01666665,0.048084408,0.7704373,-0.0490337238,1.17482162,0.696152151,-0.303623974,1.03287113,0.6827441
Mankey,combo_01,1.0333333,0.07019609,0.693249345,0.056298703,1.09771359,0.715451658,-0.397091836,1.03266037,0.6715436
Mankey,combo_01,1.05,0.116677016,0.6381018,0.153806537,1.01868248,0.724723637,-0.45429644,1.035689,0.664556265
Mankey,combo_01,1.06666672,0.175870955,0.6052878,0.23725839,0.9509696,0.7194716,-0.482292861,1.04087389,0.660060644
Mankey,combo_01,1.08333337,0.235100508,0.618941367,0.322720736,0.9082234,0.689077258,-0.4881639,1.04622746,0.656606138
Mankey,combo_01,1.1,0.301005244,0.6512965,0.410649627,0.876718938,0.6481728,-0.481354415,1.05253339,0.655113
Mankey,combo_01,1.11666667,0.383942425,0.6903355,0.4959239,0.8462415,0.598465562,-0.460992724,1.0620259,0.656605661
Mankey,combo_01,1.13333333,0.469314635,0.7202935,0.565531552,0.8153294,0.56089294,-0.4357395,1.07502925,0.6621087
Mankey,combo_01,1.15,0.55231607,0.722527862,0.6190481,0.7840646,0.54654175,-0.409275442,1.091885,0.672504365
Mankey,combo_01,1.16666663,0.59621346,0.6972815,0.6375179,0.752011657,0.5634368,-0.4121847,1.113164,0.6865688
Mankey,combo_01,1.18333328,0.5749713,0.689654648,0.6172626,0.7209312,0.660851955,-0.491880357,1.13849926,0.703974843
Mankey,combo_01,1.2,0.605075836,0.7079021,0.6189668,0.680907667,0.8259814,-0.5511345,1.16470742,0.7228598
Mankey,combo_01,1.2166667,0.699634254,0.7185739,0.6334915,0.6260896,1.01321709,-0.512926757,1.19212651,0.742889345
Mankey,combo_01,1.23333335,0.8106179,0.701680064,0.6539774,0.595546365,1.14902091,-0.376499861,1.213693,0.7591506
Mankey,combo_01,1.25,0.8044463,0.675785244,0.6739017,0.582089,1.12795711,-0.235406473,1.22073221,0.7641228
Mankey,combo_01,1.26666665,0.794082642,0.637881637,0.686037064,0.5839649,1.02789378,-0.1083061,1.22296989,0.765298
Mankey,combo_01,1.2833333,0.8244082,0.5106329,0.6917195,0.6142124,0.890057266,-0.007991875,1.2270149,0.7682538
Mankey,combo_01,1.3,0.9443801,0.354695678,0.670801163,0.6491632,0.724004,0.10748037,1.230963,0.771112561
Mankey,combo_01,1.31666672,1.24483538,0.242670715,0.5157363,0.733727753,0.5542095,0.317382753,1.234892,0.77390933
Mankey,combo_01,1.33333337,1.4460268,0.27409178,0.185595408,0.9838902,0.4083038,0.5029759,1.23877072,0.776679158
Mankey,combo_01,1.35,1.39376748,0.4584452,-0.0456741452,1.385752,0.316479921,0.527893543,1.24264133,0.779457033
Mankey,combo_01,1.36666667,1.34756243,0.6554626,-0.137010738,1.745572,0.388439268,0.367042035,1.24654663,0.7822781
Mankey,combo_01,1.38333333,1.12671411,0.746249139,-0.339903325,1.944011,0.6636926,0.200370461,1.25052822,0.785177469
Mankey,combo_01,1.4,0.8410251,0.7011027,-0.269467324,2.03754663,0.9262978,0.0527179763,1.25462842,0.78819
Mankey,combo_01,1.41666663,0.8108689,0.6743376,-0.19854939,2.06169534,1.002821,0.007293881,1.25888932,0.791350842
Mankey,combo_01,1.43333328,0.80691427,0.682458937,-0.1988261,2.06863213,1.01384318,0.007942678,1.26335251,0.794695139
Mankey,combo_01,1.45,0.796161532,0.6697912,-0.173962384,2.0726347,1.033506,-0.00129463524,1.26805818,0.798257768
Mankey,combo_01,1.4666667,0.787616,0.659782469,-0.158253834,2.07347274,1.04165673,-0.00394062372,1.27304626,0.802073956
Mankey,combo_01,1.48333335,0.782212555,0.654844344,-0.150820747,2.07507062,1.04437923,-0.00246988283,1.27835643,0.80617857
Mankey,combo_01,1.5,0.7778763,0.653165162,-0.149390534,2.07688737,1.0441891,0.00176595058,1.28403461,0.8106068
Mankey,combo_01,1.51666665,0.7751913,0.654080749,-0.152003661,2.08026528,1.04514039,0.00711856224,1.29013288,0.8153936
Mankey,combo_01,1.5333333,0.772269249,0.6543828,-0.155961573,2.08371782,1.0490042,0.0128011918,1.29669261,0.8205742
Mankey,combo_01,1.55,0.7678252,0.651814938,-0.159266517,2.085988,1.05821371,0.0180668272,1.30375111,0.826183438
Mankey,combo_01,1.56666672,0.76264,0.644547939,-0.159774274,2.087491,1.07649422,0.021820087,1.31127512,0.8322565
Mankey,combo_01,1.58333337,0.756856441,0.632079363,-0.1545605,2.08513546,1.07857,0.0230553243,1.32414329,0.8411552
Mankey,combo_01,1.6,0.7540269,0.6103199,-0.1453529,2.08682847,1.1468668,0.0213195086,1.32650375,0.84488976
Mankey,combo_01,1.61666667,0.759757638,0.5718106,-0.1341527,2.0355525,1.37457693,0.0146486294,1.25988233,0.8319258
Mankey,combo_01,1.63333333,0.773226559,0.524574637,-0.121948004,1.83460593,1.64067912,0.01832487,1.17302525,0.816211164
Mankey,combo_01,1.65,0.7863039,0.487414122,-0.108304679,1.38980985,1.7895689,0.07091978,1.24203515,0.8111686
Mankey,combo_01,1.66666663,0.7870795,0.4683796,-0.09521112,1.07400858,1.57271588,0.0866861343,1.20602143,0.806837857
Mankey,combo_01,1.68333328,0.770989239,0.460854828,-0.08811246,1.050577,1.51203358,0.0848891661,1.177214,0.795795262
Mankey,combo_01,1.7,0.7461242,0.467146665,-0.08259136,1.07600045,1.53552091,0.08202057,1.17020941,0.7838547
Mankey,combo_01,1.7166667,0.71698153,0.48498112,-0.0802633539,1.098552,1.53373981,0.07691756,1.15323317,0.7753753
Mankey,combo_01,1.73333335,0.6980521,0.4961381,-0.08022243,1.11622226,1.53279126,0.0757874846,1.13581944,0.7672975
Mankey,combo_01,1.75,0.6925013,0.499995142,-0.0777567253,1.12580061,1.53551948,0.07503117,1.11472976,0.756006658
Mankey,combo_01,1.76666665,0.6931673,0.500383556,-0.07342265,1.13256407,1.541914,0.0767759,1.08704078,0.7378884
Mankey,combo_01,1.7833333,0.697138667,0.497759759,-0.06912313,1.13882625,1.55012858,0.08219138,1.0542767,0.713523865
Mankey,combo_01,1.8,0.700540066,0.496513247,-0.0654523447,1.14748752,1.56157029,0.085545674,1.0104593,0.6763504
Mankey,combo_01,1.81666672,0.702809155,0.496825546,-0.062357612,1.158726,1.57528293,0.08642347,0.947193742,0.617664933
Mankey,combo_01,1.83333337,0.7061025,0.4963373,-0.0594341755,1.17061532,1.58949292,0.08684132,0.8708351,0.5444763
Mankey,combo_01,1.85,0.7106527,0.494755417,-0.0565909669,1.1825341,1.60321689,0.08711019,0.7801961,0.4567175
Mankey,combo_01,1.86666667,0.7162873,0.492183238,-0.0539420024,1.19380975,1.61559272,0.0877361745,0.6874231,0.366909355
Mankey,combo_01,1.88333333,0.722726166,0.488893569,-0.05172564,1.20413232,1.62590528,0.08952914,0.604355633,0.28577137
Mankey,combo_01,1.9,0.728698134,0.486271024,-0.05101183,1.21408951,1.6338011,0.09244791,0.538149059,0.218641877
Mankey,combo_01,1.91666663,0.7346281,0.4844948,-0.05230818,1.22335577,1.63905573,0.09528136,0.5050053,0.1778659
Mankey,combo_01,1.93333328,0.741228044,0.4833604,-0.0553086251,1.23109913,1.64175868,0.0969042554,0.4890553,0.1531382
Mankey,combo_01,1.95,0.7476959,0.483355433,-0.05982893,1.23763525,1.64241946,0.0979788452,0.480742544,0.138954073
Mankey,combo_01,1.9666667,0.7533889,0.4847064,-0.06583564,1.24329948,1.64156961,0.09952483,0.471997,0.133263066
Mankey,combo_01,1.98333335,0.758538961,0.487231672,-0.07318735,1.24803281,1.63942456,0.101510853,0.447577059,0.1323982
Mankey,combo_01,2,0.7637153,0.49050197,-0.08147722,1.25175357,1.636172,0.1038952,0.480818957,0.206971154
Mankey,combo_01,2.01666665,0.7688841,0.494512558,-0.09114845,1.25473642,1.63225675,0.1061716,0.429468542,0.2139777
Mankey,combo_01,2.0333333,0.774285555,0.499019742,-0.102503121,1.2576443,1.62825787,0.108070731,0.367641449,0.220467672
Mankey,combo_01,2.05,0.7801784,0.5037622,-0.115385309,1.26075876,1.62420487,0.109888375,0.290679663,0.220185637
Mankey,combo_01,2.0666666,0.786831737,0.508490145,-0.129695415,1.2642678,1.61995625,0.111900277,0.219268486,0.218778118
Mankey,combo_01,2.08333325,0.794396043,0.5128211,-0.1454994,1.26820612,1.61571217,0.114044428,0.198501945,0.220258459
Mankey,combo_01,2.1,0.8032964,0.5162324,-0.162865072,1.27253592,1.61168265,0.116316035,0.200223908,0.22287558
Mankey,combo_01,2.11666656,0.8136909,0.518690348,-0.181777969,1.27760339,1.60787022,0.119070739,0.20477736,0.225995526
Mankey,combo_01,2.13333344,0.8255739,0.520269036,-0.202031791,1.28372645,1.60427821,0.122187771,0.212069616,0.228984356
Mankey,combo_01,2.15,0.838986158,0.520754039,-0.222664416,1.29129016,1.60102928,0.125352025,0.2190235,0.23152259
Mankey,combo_01,2.16666675,0.85363996,0.5200789,-0.242759049,1.30068827,1.59820056,0.128199935,0.2250438,0.233657241
Mankey,combo_01,2.1833334,0.869132161,0.518651366,-0.2625627,1.312145,1.59578943,0.13037917,0.2286526,0.23530452
Mankey,combo_01,2.2,0.8851561,0.5169127,-0.282149255,1.325901,1.59369326,0.131539151,0.2288715,0.236380726
Mankey,combo_01,2.2166667,0.901712,0.5151079,-0.301126659,1.3400526,1.5912056,0.130998552,0.225437,0.236802086
Mankey,combo_01,2.23333335,0.9178766,0.5133357,-0.3184963,1.35911715,1.58797014,0.130862758,0.219128087,0.236484811
Mankey,combo_01,2.25,0.933290064,0.5115402,-0.333635658,1.386401,1.58197868,0.133361086,0.210695028,0.235539347
Mankey,combo_01,2.26666665,0.9483488,0.510315,-0.347805619,1.41910982,1.57006109,0.137063861,0.201139048,0.234189257
Mankey,combo_01,2.2833333,0.9632562,0.5097133,-0.3613383,1.457809,1.54865479,0.143756285,0.191382527,0.2325207
Mankey,combo_01,2.3,0.978989,0.5091581,-0.3743919,1.49501216,1.51780713,0.150599971,0.1823607,0.2306199
Mankey,combo_01,2.3166666,0.994395733,0.5089359,-0.387766033,1.5288763,1.47951114,0.155635178,0.174817845,0.228573039
Mankey,combo_01,2.33333325,1.00616026,0.5093212,-0.401121646,1.55684388,1.43672943,0.160110459,0.169594273,0.226466209
Mankey,combo_01,2.35,1.01422572,0.5107488,-0.415651321,1.57866609,1.39236414,0.161186382,0.166806147,0.224204525
Mankey,combo_01,2.36666656,1.02084529,0.5132267,-0.4310662,1.5945338,1.348864,0.159447715,0.16618064,0.221694589
Mankey,combo_01,2.38333344,1.02541256,0.5167079,-0.446203947,1.60703611,1.3087889,0.1559919,0.1674286,0.219024941
Mankey,combo_01,2.4,1.02758133,0.5214025,-0.461215556,1.62219989,1.26827526,0.151845559,0.169859633,0.2162845
Mankey,combo_01,2.41666675,1.02725673,0.5273928,-0.475706816,1.64238191,1.225835,0.148213267,0.173008487,0.213561729
Mankey,combo_01,2.4333334,1.02504909,0.534451544,-0.489221156,1.66643965,1.17708659,0.1441909,0.1764771,0.210945323
Mankey,combo_01,2.45,1.02175331,0.542127,-0.5014776,1.6904161,1.12068689,0.139365867,0.180110022,0.208524033
Mankey,combo_01,2.4666667,1.01719427,0.5503461,-0.512537062,1.71098256,1.06034875,0.1344794,0.183579013,0.206386566
Mankey,combo_01,2.48333335,1.01179719,0.558897138,-0.5223518,1.72667563,0.996461034,0.131618425,0.186418444,0.204621464
Mankey,combo_01,2.5,1.00611126,0.567507148,-0.530891538,1.73545909,0.9336234,0.1309568,0.188200712,0.203317448
Mankey,combo_01,2.51666665,1.00075889,0.5757359,-0.538279533,1.73710823,0.876503944,0.131443217,0.189235836,0.202398345
Mankey,combo_01,2.5333333,0.9965472,0.583242059,-0.5445549,1.73188472,0.82473,0.13403061,0.1900982,0.201712236
Mankey,combo_01,2.55,0.993999064,0.589824259,-0.549655735,1.72080624,0.780176938,0.137779,0.190706611,0.20123437
Mankey,combo_01,2.5666666,0.992594361,0.5954458,-0.5535815,1.70742047,0.7455264,0.141211078,0.191024348,0.200939938
Mankey,combo_01,2.58333325,0.991744161,0.600320935,-0.556304,1.69493866,0.7204496,0.142669991,0.191120908,0.200804234
Mankey,combo_01,2.6,0.990829766,0.6049466,-0.558245361,1.68441808,0.7018922,0.141943663,0.1910646,0.200802371
Mankey,combo_01,2.61666656,0.9896609,0.609215558,-0.559356868,1.6764183,0.6883274,0.139778659,0.190911919,0.200909659
Mankey,combo_01,2.63333344,0.988188744,0.6127499,-0.5591673,1.671219,0.6786854,0.137233585,0.19072552,0.201101258
Mankey,combo_01,2.65,0.98647666,0.6156647,-0.55790025,1.66828465,0.6717912,0.134626418,0.190508589,0.201352388
Mankey,combo_01,2.66666675,0.984768152,0.618084431,-0.555857539,1.66671062,0.6666842,0.1316578,0.1902318,0.201638266
Mankey,combo_01,2.6833334,0.982962847,0.6201463,-0.5531918,1.66591775,0.662689865,0.128801972,0.189905241,0.201934129
Mankey,combo_01,2.7,0.9809662,0.621986,-0.5500542,1.66541922,0.6592951,0.126482949,0.189536482,0.20221515
Mankey,combo_01,2.7166667,0.978781641,0.6237858,-0.546576142,1.66482842,0.6560664,0.125217929,0.1891522,0.202469781
Mankey,combo_01,2.73333335,0.9763953,0.6257143,-0.542933166,1.66379285,0.6526214,0.125500619,0.188789949,0.20270057
Mankey,combo_01,2.75,0.973916054,0.627783239,-0.5392751,1.66235447,0.6491372,0.127097279,0.188486457,0.2029041
Mankey,combo_01,2.76666665,0.9715946,0.6299595,-0.5357874,1.66050017,0.6458065,0.129800752,0.188277647,0.203077063
Mankey,combo_01,2.7833333,0.9693531,0.6323744,-0.532702267,1.6581912,0.6425887,0.133928254,0.188190386,0.203215957
Mankey,combo_01,2.8,0.9670556,0.6349678,-0.529955745,1.65567529,0.6395772,0.138946369,0.188148811,0.203317434
Mankey,combo_01,2.8166666,0.964718163,0.6375003,-0.527353644,1.65299165,0.636690438,0.144119248,0.188148811,0.203317434
Mankey,combo_01,2.83333325,0.962390363,0.639706135,-0.5244789,1.65026116,0.6338231,0.148999557,0.188148811,0.203317434
Mankey,combo_01,2.83333349,0.962390363,0.639706135,-0.5244789,1.65026116,0.6338231,0.148999557,0.188148811,0.203317434
Mankey,combo_02,0,-0.259361953,0.639707,-0.524476647,0.42850852,0.6338215,0.1490022,1.36505115,0.9217577
Mankey,combo_02,0.0166666675,-0.27349183,0.6370138,-0.5309525,0.475679725,0.648327768,0.103051648,1.361336,0.9117612
Mankey,combo_02,0.0333333351,-0.288267553,0.6350634,-0.537493348,0.513543665,0.663911,0.0502852648,1.35111177,0.88847667
Mankey,combo_02,0.05,-0.30167675,0.6335211,-0.546053946,0.5424062,0.6808592,-0.008567344,1.3360827,0.861758351
Mankey,combo_02,0.06666667,-0.317474246,0.6303704,-0.5511319,0.56265,0.70122993,-0.0678733438,1.32174432,0.841145933
Mankey,combo_02,0.0833333358,-0.337113053,0.624654531,-0.5482924,0.5779521,0.7282276,-0.118519641,1.317549,0.835374057
Mankey,combo_02,0.1,-0.355135143,0.619509339,-0.543452,0.5949385,0.7646825,-0.150290787,1.31849062,0.835982
Mankey,combo_02,0.116666667,-0.374902844,0.616275549,-0.5367271,0.618159,0.8149606,-0.157214478,1.31934357,0.8365021
Mankey,combo_02,0.13333334,-0.388367862,0.6102555,-0.5303209,0.6448545,0.877182841,-0.140337974,1.32010937,0.8369414
Mankey,combo_02,0.15,-0.3936547,0.602991462,-0.527979851,0.6705994,0.946424365,-0.100583665,1.32077837,0.8372957
Mankey,combo_02,0.166666672,-0.396695256,0.595369339,-0.5254253,0.688901067,1.01554346,-0.046779722,1.3213619,0.8375806
Mankey,combo_02,0.183333337,-0.395313561,0.5840701,-0.5204704,0.696734965,1.07554579,0.008653696,1.32187426,0.8378143
Mankey,combo_02,0.2,-0.3930588,0.5691194,-0.5118216,0.6967977,1.1202749,0.0534323342,1.3223002,0.8379845
Mankey,combo_02,0.216666669,-0.391830683,0.5524572,-0.5000148,0.6940612,1.14833283,0.08243638,1.32262218,0.8380769
Mankey,combo_02,0.233333334,-0.392258823,0.5361069,-0.4869398,0.6910075,1.16401768,0.101201512,1.32282376,0.8380775
Mankey,combo_02,0.25,-0.394357145,0.5203284,-0.472865582,0.6885779,1.17061114,0.111514091,1.3228544,0.837937951
Mankey,combo_02,0.266666681,-0.3963897,0.5047754,-0.4583041,0.6867262,1.171568,0.115736179,1.32283628,0.837783456
Mankey,combo_02,0.283333331,-0.397951663,0.489851773,-0.4443075,0.6850706,1.17047966,0.116963141,1.32289934,0.8377482
Mankey,combo_02,0.3,-0.398767173,0.475855827,-0.432030439,0.683061,1.16963577,0.118707709,1.32295847,0.837756753
Mankey,combo_02,0.316666663,-0.3985834,0.4597748,-0.416879952,0.680762,1.17007589,0.11809136,1.32305276,0.83785814
Mankey,combo_02,0.333333343,-0.402861416,0.447384477,-0.4056155,0.6792954,1.16800439,0.1163246,1.32293236,0.8378135
Mankey,combo_02,0.35,-0.420533538,0.4466812,-0.409337521,0.6789887,1.15533078,0.12197338,1.32241666,0.8374559
Mankey,combo_02,0.366666675,-0.444412559,0.450307667,-0.4141058,0.6799416,1.1467855,0.123081207,1.32132363,0.8366189
Mankey,combo_02,0.383333325,-0.464262515,0.462819725,-0.430283159,0.683320642,1.14071047,0.123528831,1.32128727,0.8360695
Mankey,combo_02,0.4,-0.47212,0.482734025,-0.4487589,0.6897037,1.17119133,0.09990662,1.3166703,0.8328395
Mankey,combo_02,0.416666657,-0.449202418,0.497211218,-0.449078381,0.631896257,1.33344257,0.0206653941,1.290973,0.8215074
Mankey,combo_02,0.433333337,-0.396182239,0.496511519,-0.450139731,0.496737361,1.45686972,0.009370173,1.260126,0.8102004
Mankey,combo_02,0.45,-0.344550848,0.4860434,-0.4488712,0.5269421,1.44829667,0.03228212,1.2659868,0.8069655
Mankey,combo_02,0.466666669,-0.299128532,0.469393134,-0.438337743,0.614652038,1.38856459,0.04774319,1.27891958,0.8066236
Mankey,combo_02,0.483333319,-0.264330059,0.450369179,-0.4214663,0.686830938,1.31055558,0.0465897322,1.28482246,0.8066694
Mankey,combo_02,0.5,-0.24321723,0.437572837,-0.407299519,0.7438845,1.22126567,0.0373250842,1.28617275,0.8071278
Mankey,combo_02,0.516666651,-0.244723067,0.435018241,-0.398727179,0.784217536,1.16625965,0.0271958075,1.28538656,0.807023466
Mankey,combo_02,0.533333361,-0.259601474,0.438021362,-0.3926134,0.8178048,1.12895906,0.01221635,1.28511572,0.8068488
Mankey,combo_02,0.55,-0.279974967,0.444304556,-0.388339162,0.845601857,1.09737015,-0.00612119352,1.28545725,0.8067957
Mankey,combo_02,0.566666663,-0.300408,0.451252818,-0.3915712,0.8653391,1.10320437,-0.0279859547,1.28581893,0.8067902
Mankey,combo_02,0.5833333,-0.31948787,0.451050222,-0.402142882,0.8353275,1.21355581,-0.0549668372,1.28603971,0.8068246
Mankey,combo_02,0.6,-0.3249346,0.4447069,-0.4153446,0.7329506,1.31614244,-0.05191521,1.28622258,0.806892037
Mankey,combo_02,0.6166667,-0.296951,0.445054263,-0.453862965,0.719007432,1.32696652,-0.06717462,1.28638518,0.8069847
Mankey,combo_02,0.6333333,-0.256052852,0.4492237,-0.498612761,0.7457548,1.30480349,-0.0855905041,1.28651786,0.80709517
Mankey,combo_02,0.65,-0.216796577,0.453398764,-0.5313934,0.7763842,1.27281785,-0.09142317,1.2866385,0.8072147
Mankey,combo_02,0.6666667,-0.18710342,0.46304962,-0.5521809,0.8161639,1.21126258,-0.08946398,1.28678358,0.807340562
Mankey,combo_02,0.683333337,-0.187503159,0.4786142,-0.544237256,0.849742055,1.107454,-0.09121145,1.28696036,0.807465553
Mankey,combo_02,0.7,-0.207935512,0.500215948,-0.5186923,0.868201733,0.984270155,-0.08880257,1.28714085,0.8075946
Mankey,combo_02,0.716666639,-0.2272303,0.5265341,-0.491811931,0.8663942,0.854445338,-0.0590075925,1.28730047,0.8077302
Mankey,combo_02,0.733333349,-0.2530532,0.5785359,-0.4722012,0.8561241,0.7468438,-0.0308551155,1.28741133,0.8078727
Mankey,combo_02,0.75,-0.2794607,0.7059479,-0.457987726,0.8645266,0.6807844,-0.02865844,1.28747463,0.8080241
Mankey,combo_02,0.766666651,-0.211708769,0.8015196,-0.462343484,0.885663569,0.6294647,-0.0112385675,1.28750408,0.80818665
Mankey,combo_02,0.783333361,-0.08970394,0.8267765,-0.4915102,0.925747633,0.5756725,0.0126166008,1.28749764,0.8083621
Mankey,combo_02,0.8,0.05168841,0.8384086,-0.522031963,0.973504245,0.520020664,0.0261277184,1.287459,0.808552861
Mankey,combo_02,0.816666663,0.212552041,0.837757766,-0.5468488,1.00605965,0.456153721,0.03518589,1.28739583,0.808758855
Mankey,combo_02,0.8333333,0.3771979,0.8378097,-0.5705042,1.04001772,0.411397457,0.037498083,1.28732264,0.8089825
Mankey,combo_02,0.85,0.5353178,0.8425179,-0.5958122,1.0888983,0.3967523,0.0364142843,1.28725815,0.8092255
Mankey,combo_02,0.8666667,0.6918433,0.863218665,-0.6332344,1.17573357,0.416942179,0.03449318,1.287224,0.809489548
Mankey,combo_02,0.8833333,0.8185744,0.945697844,-0.6655625,1.319562,0.4812769,0.0274152327,1.287032,0.8095646
Mankey,combo_02,0.9,0.8817841,1.07665384,-0.6448208,1.48000729,0.5785699,0.00748677459,1.28733981,0.8100876
Mankey,combo_02,0.9166667,0.8580932,1.1928246,-0.5275307,1.62711084,0.7050571,-0.02347622,1.28881454,0.811695039
Mankey,combo_02,0.933333337,0.7946832,1.17025888,-0.349662453,1.74229574,0.8389267,-0.0370813,1.29127884,0.8141783
Mankey,combo_02,0.95,0.782580733,1.01298523,-0.221385717,1.83151472,0.950537264,-0.03519971,1.2948916,0.817699432
Mankey,combo_02,0.966666639,0.867255747,0.811590433,-0.2014001,1.92987978,1.02667272,-0.0152787175,1.29915917,0.821783066
Mankey,combo_02,0.983333349,1.06805468,0.6934211,-0.287841916,2.08988428,1.04865026,0.0363004431,1.30308139,0.825481057
Mankey,combo_02,1,1.31600022,0.616656244,-0.401156,2.25684571,1.04269671,0.121258527,1.30670667,0.8289404
Mankey,combo_02,1.01666665,1.602829,0.5599643,-0.517426848,2.39579463,1.020828,0.239543676,1.30762863,0.8298132
Mankey,combo_02,1.0333333,1.96161938,0.437582284,-0.6290655,2.420053,1.01554632,0.3584788,1.30608881,0.8284041
Mankey,combo_02,1.05,2.63003325,0.300452858,-0.5348952,2.233696,1.07040989,0.38102296,1.30776143,0.8299784
Mankey,combo_02,1.06666672,3.06947565,0.6012369,-0.0156396329,2.03191042,1.07439768,0.302696258,1.29262447,0.816212952
Mankey,combo_02,1.08333337,2.98311424,0.7045026,0.535625458,1.96294725,1.08767521,0.235045075,1.21532667,0.7538844
Mankey,combo_02,1.1,2.56386757,0.6673229,0.888769448,1.92964649,1.11106551,0.1798316,1.12622488,0.6929575
Mankey,combo_02,1.11666667,2.08876657,0.6543775,0.902404547,1.90665925,1.12168586,0.11651627,1.1114285,0.683770359
Mankey,combo_02,1.13333333,1.76604235,0.6544943,0.6858363,1.888812,1.11645055,0.04826974,1.12403047,0.6919759
Mankey,combo_02,1.15,1.65778756,0.658996463,0.451567471,1.87283,1.07590461,-0.031195648,1.13308537,0.698093057
Mankey,combo_02,1.16666663,1.6477257,0.6603671,0.269274652,1.869763,1.01222348,-0.105393991,1.147581,0.7078617
Mankey,combo_02,1.18333328,1.67556453,0.6726757,0.143109739,1.88223708,0.939757943,-0.158568472,1.16480386,0.7195865
Mankey,combo_02,1.2,1.708578,0.7034984,0.05443336,1.90938747,0.871045,-0.194881976,1.182124,0.731572449
Mankey,combo_02,1.2166667,1.73550391,0.748478651,-0.0361097753,1.95036924,0.8247598,-0.226549938,1.19777036,0.7426999
Mankey,combo_02,1.23333335,1.76472175,0.7606535,-0.0874322057,1.98907161,0.795190036,-0.240043178,1.21358812,0.754066646
Mankey,combo_02,1.25,1.765028,0.745893,-0.06712045,2.01493382,0.7755428,-0.233269781,1.23088682,0.7664848
Mankey,combo_02,1.26666665,1.77165127,0.742762446,-0.008185178,2.02540779,0.7557597,-0.198738471,1.24858344,0.7796937
Mankey,combo_02,1.2833333,1.86736512,0.7394428,0.0277737975,2.02169824,0.7308056,-0.110335417,1.26754761,0.794672549
Mankey,combo_02,1.3,1.97738361,0.7329814,0.06269166,2.039885,0.707641542,0.005730193,1.28362834,0.8085163
Mankey,combo_02,1.31666672,2.074286,0.7375379,0.08340672,2.09702253,0.689436,0.113223508,1.29642642,0.8199488
Mankey,combo_02,1.33333337,2.15080333,0.731522739,0.229734525,2.20845938,0.6785284,0.201016784,1.29968166,0.825061738
Mankey,combo_02,1.35,2.7614,0.681838334,0.6566137,2.39603829,0.672514856,0.24380517,1.27784085,0.8166667
Mankey,combo_02,1.36666667,3.54110956,0.770052,0.02132754,2.60211515,0.644603252,0.211181715,1.23748171,0.8033274
Mankey,combo_02,1.38333333,3.40179086,0.858140469,-0.6455642,2.77148533,0.6064206,0.07871661,1.18803787,0.7884539
Mankey,combo_02,1.4,2.985433,0.932159364,-0.9817339,2.83184648,0.5893864,-0.135831237,1.16013265,0.7803162
Mankey,combo_02,1.41666663,2.54952168,0.9759857,-1.04417384,2.749664,0.594253063,-0.310055852,1.19840622,0.7934912
Mankey,combo_02,1.43333328,2.12924528,0.9849261,-0.904046059,2.6262908,0.6071688,-0.388555259,1.25548089,0.8124655
Mankey,combo_02,1.45,1.700716,0.959387839,-0.362338424,2.56065083,0.61201,-0.405375,1.30192018,0.829548359
Mankey,combo_02,1.4666667,1.80719352,0.93179363,0.254518539,2.52926421,0.6096373,-0.408302546,1.32107008,0.8358469
Mankey,combo_02,1.48333335,1.94167662,0.937478364,0.40111196,2.504042,0.605738,-0.407234043,1.3044579,0.8140424
Mankey,combo_02,1.5,1.98954821,0.9597439,0.424936116,2.491865,0.601651669,-0.405050933,1.27384412,0.781720638
Mankey,combo_02,1.51666665,2.053167,0.9792164,0.452999353,2.48710036,0.59751606,-0.403863728,1.23894751,0.7493115
Mankey,combo_02,1.5333333,2.09760571,0.9967491,0.461998224,2.483987,0.591896057,-0.4043633,1.204805,0.7209601
Mankey,combo_02,1.55,2.116837,1.00833,0.454984665,2.480319,0.585062265,-0.405926049,1.18735635,0.7071094
Mankey,combo_02,1.56666672,2.11134863,1.01019633,0.439194858,2.47052145,0.5775553,-0.407205,1.17520177,0.699292958
Mankey,combo_02,1.58333337,2.097277,1.003504,0.426672935,2.455907,0.5724256,-0.4076419,1.15865672,0.692076266
Mankey,combo_02,1.6,2.051168,0.9705466,0.407719642,2.418689,0.5591157,-0.400695622,1.13914239,0.6868085
Mankey,combo_02,1.61666667,1.93774021,0.864510655,0.358017445,2.338106,0.51742816,-0.353420377,1.11481428,0.682449937
Mankey,combo_02,1.63333333,1.8596096,0.7159246,0.31685403,2.2610476,0.477098,-0.254524559,1.08559632,0.677960455
Mankey,combo_02,1.65,1.83859169,0.5792943,0.263131559,2.22035146,0.4499614,-0.109201878,1.049949,0.67353195
Mankey,combo_02,1.66666663,1.85774553,0.552259266,0.186541989,2.22550941,0.455592453,0.0246908143,1.01479208,0.6672024
Mankey,combo_02,1.68333328,1.90100348,0.6333255,0.148725748,2.21299171,0.5153313,0.07007102,0.9933678,0.656444848
Mankey,combo_02,1.7,1.95522785,0.7241629,0.131112427,2.1919353,0.591816366,0.09270644,0.972522736,0.643145
Mankey,combo_02,1.7166667,2.0099256,0.786656857,0.131189272,2.18072343,0.6639162,0.1178736,0.940925241,0.6271691
Mankey,combo_02,1.73333335,2.03529263,0.796943963,0.14643307,2.17724061,0.7219319,0.147508,0.910348237,0.61205
Mankey,combo_02,1.75,2.02129555,0.7292264,0.2147146,2.1799264,0.7580679,0.18865113,0.8887259,0.6004038
Mankey,combo_02,1.76666665,2.05248117,0.6185746,0.318352878,2.18390584,0.7980399,0.222396225,0.8841621,0.594847
Mankey,combo_02,1.7833333,2.16575861,0.527782142,0.4307028,2.18645644,0.847684145,0.245444521,0.870419145,0.5860333
Mankey,combo_02,1.8,2.48587012,0.5139154,0.5057202,2.200865,0.895468533,0.25900653,0.944578469,0.612466753
Mankey,combo_02,1.81666672,3.07790637,0.9644491,0.330819368,2.26756167,0.936113954,0.2620968,1.18594122,0.719299436
Mankey,combo_02,1.83333337,3.04363728,1.82830787,-0.0297734942,2.3920927,0.993461967,0.240916967,1.30787468,0.8772381
Mankey,combo_02,1.85,2.44877768,2.28693676,-0.152947664,2.529192,1.09180534,0.171766326,1.45502162,1.07888794
Mankey,combo_02,1.86666667,1.90662754,2.296928,-0.05329474,2.62229037,1.21600211,0.0838795155,1.65461,1.30369687
Mankey,combo_02,1.88333333,1.71045136,2.222753,0.0370178223,2.64675546,1.2997272,0.04138665,1.859536,1.53396559
Mankey,combo_02,1.9,1.62612641,2.17860985,0.0857352,2.645768,1.36009383,0.0208830368,2.06423855,1.75376022
Mankey,combo_02,1.91666663,1.53232336,2.10195231,0.140766963,2.63470364,1.42157054,0.00122847408,2.237612,1.9380368
Mankey,combo_02,1.93333328,1.46362138,2.02608275,0.18158409,2.61612678,1.47479093,-0.009783227,2.388317,2.09645247
Mankey,combo_02,1.95,1.41272008,1.95126247,0.212203935,2.59357357,1.52058125,-0.0150494091,2.510117,2.22471714
Mankey,combo_02,1.9666667,1.3749727,1.87516952,0.239383966,2.569133,1.56240869,-0.0165598989,2.61913729,2.33961272
Mankey,combo_02,1.98333335,1.347674,1.79676771,0.2585531,2.54685116,1.59845591,-0.0136523228,2.73226,2.45812964
Mankey,combo_02,2,1.3328687,1.728046,0.272540182,2.52560735,1.636092,-0.00640901551,2.80047774,2.53055048
Mankey,combo_02,2.01666665,1.3297745,1.67806137,0.2770698,2.50540686,1.687275,0.007625945,2.909933,2.643129
Mankey,combo_02,2.0333333,1.331372,1.625248,0.267806441,2.48457336,1.74373627,0.0244930275,3.01666427,2.752021
Mankey,combo_02,2.05,1.34124446,1.56165779,0.258181632,2.4590106,1.7960639,0.04349269,3.12006235,2.85674286
Mankey,combo_02,2.0666666,1.35345507,1.48088372,0.239877582,2.42258143,1.84248435,0.0676071942,3.21952224,2.95681953
Mankey,combo_02,2.08333325,1.37154675,1.37229776,0.235067636,2.35611844,1.87432325,0.09652372,3.314341,3.05177164
Mankey,combo_02,2.1,1.42250478,1.27513385,0.285749882,2.26656342,1.89067626,0.128088519,3.403775,3.14111614
Mankey,combo_02,2.11666656,1.52418721,1.17922723,0.386065245,2.13517761,1.88040161,0.177671582,3.487162,3.22437739
Mankey,combo_02,2.13333344,1.64921236,1.12578547,0.47546494,2.004418,1.80107915,0.243609518,3.56383777,3.30107665
Mankey,combo_02,2.15,1.75206852,1.10584748,0.5117305,1.95490086,1.6674403,0.328915715,3.63307834,3.370731
Mankey,combo_02,2.16666675,1.84462881,1.10966241,0.526963532,1.9901346,1.526819,0.4116177,3.6941812,3.43286443
Mankey,combo_02,2.1833334,1.91858554,1.15242839,0.5263424,2.08304167,1.42231989,0.464680731,3.74650121,3.48699546
Mankey,combo_02,2.2,1.97203636,1.1623894,0.512421846,2.18168068,1.35809875,0.4868546,3.78939223,3.53264618
Mankey,combo_02,2.2166667,1.99953508,1.08041418,0.498357,2.22529149,1.30001926,0.496196449,3.82576156,3.57240152
Mankey,combo_02,2.23333335,2.065674,0.899371266,0.4871291,2.23057723,1.21643412,0.5016888,3.85902524,3.60923362
Mankey,combo_02,2.25,2.29630375,0.6841929,0.4466337,2.24044466,1.09529257,0.5039146,3.88929677,3.64324546
Mankey,combo_02,2.26666665,2.59259939,0.64269805,0.304105163,2.28043151,0.9777385,0.492657959,3.9166882,3.67453933
Mankey,combo_02,2.2833333,2.73030949,0.7153925,-0.00166382641,2.377568,0.87793833,0.441898048,3.94131327,3.70321918
Mankey,combo_02,2.3,2.60435939,0.7681278,-0.3216232,2.474302,0.7591573,0.362656832,3.96328354,3.72938776
Mankey,combo_02,2.3166666,2.37503648,0.762616754,-0.468061745,2.540885,0.6184986,0.293728024,3.98271179,3.7531476
Mankey,combo_02,2.33333325,2.18604684,0.7591604,-0.483598053,2.57864285,0.478374124,0.246809512,3.99971056,3.77460074
Mankey,combo_02,2.35,2.08216238,0.7830522,-0.450647116,2.593672,0.3945284,0.229374975,4.014424,3.79385233
Mankey,combo_02,2.36666656,2.03207779,0.8043651,-0.422555685,2.60115361,0.335128129,0.232916892,4.026988,3.81100249
Mankey,combo_02,2.38333344,2.0090704,0.818107963,-0.405654818,2.60203528,0.2741202,0.249872357,4.03751373,3.82615638
Mankey,combo_02,2.4,2.00424552,0.8376514,-0.396275342,2.595642,0.221494526,0.27195704,4.04610968,3.839415
Mankey,combo_02,2.41666675,2.01249433,0.862370253,-0.392073035,2.582348,0.177623734,0.298845083,4.05288458,3.85088325
Mankey,combo_02,2.4333334,2.03291655,0.887021,-0.394330055,2.5626564,0.145283416,0.3328777,4.05794859,3.86066246
Mankey,combo_02,2.45,2.061716,0.909734368,-0.4014274,2.53725147,0.125278533,0.372025669,4.061409,3.86885619
Mankey,combo_02,2.4666667,2.09554982,0.9278208,-0.411370873,2.50638771,0.116419218,0.416609526,4.063378,3.87556648
Mankey,combo_02,2.48333335,2.13057756,0.937329233,-0.423342049,2.4725287,0.114064634,0.460194856,4.06396246,3.88089728
Mankey,combo_02,2.5,2.16139674,0.941756,-0.432578743,2.44151378,0.129428059,0.508879364,4.06327534,3.884951
Mankey,combo_02,2.51666665,2.17910743,0.943582833,-0.435795069,2.42549229,0.172321558,0.5645396,4.0614233,3.8878305
Mankey,combo_02,2.5333333,2.228589,0.9372779,-0.435391784,2.38497353,0.224174589,0.632655859,4.058518,3.88963866
Mankey,combo_02,2.55,2.34326625,0.9339884,-0.4107145,2.27889681,0.278807044,0.7069556,4.05466843,3.89047813
Mankey,combo_02,2.5666666,2.528669,0.938977659,-0.306519151,2.072885,0.3159215,0.7364801,4.04998541,3.89045262
Mankey,combo_02,2.58333325,2.72994471,0.922495961,0.07030437,1.68111444,0.3240778,0.5351354,4.04457855,3.88966417
Mankey,combo_02,2.6,2.606897,0.8363894,0.537142634,1.49192631,0.3854713,0.07095712,4.038558,3.888216
Mankey,combo_02,2.61666656,2.19494343,0.703127,0.7710646,1.66797149,0.5247999,-0.3947301,4.03203154,3.88621068
Mankey,combo_02,2.63333344,1.77953148,0.596593142,0.6680422,2.05499148,0.702372253,-0.589949965,4.02511263,3.88375163
Mankey,combo_02,2.65,1.61906266,0.560768664,0.5271112,2.21948719,0.831893265,-0.5687541,4.017908,3.88094139
Mankey,combo_02,2.66666675,1.54691255,0.5493805,0.389144838,2.29381061,0.941810668,-0.5273376,4.01052952,3.87788272
Mankey,combo_02,2.6833334,1.55508137,0.5456986,0.260907054,2.33765817,1.04093039,-0.496331632,4.003086,3.87467885
Mankey,combo_02,2.7,1.58311629,0.5694452,0.1647973,2.38186622,1.1233449,-0.481696218,3.995688,3.87143254
Mankey,combo_02,2.7166667,1.6017375,0.581482232,0.07518947,2.481021,1.19672036,-0.461223274,3.98599315,3.86579585
Mankey,combo_02,2.73333335,1.62549937,0.5764032,0.002161473,2.58582187,1.26514626,-0.420451671,3.9715836,3.85534358
Mankey,combo_02,2.75,1.64785874,0.572618663,-0.05647841,2.67385459,1.32571554,-0.363465369,3.95226026,3.840056
Mankey,combo_02,2.76666665,1.66923928,0.56548965,-0.105222613,2.748982,1.37594688,-0.288406581,3.927862,3.81991649
Mankey,combo_02,2.7833333,1.69022822,0.556646347,-0.145300239,2.80451584,1.413784,-0.204209715,3.89830375,3.79490852
Mankey,combo_02,2.8,1.71196771,0.546769,-0.175676823,2.838123,1.44081068,-0.124402419,3.86356521,3.765012
Mankey,combo_02,2.8166666,1.73667765,0.5373579,-0.197223291,2.85458755,1.461832,-0.0574678145,3.82378769,3.73021173
Mankey,combo_02,2.83333325,1.762236,0.530957758,-0.214669243,2.860607,1.47928858,-0.00315292645,3.77911377,3.69048953
Mankey,combo_02,2.85,1.78712332,0.528331935,-0.229104772,2.861043,1.49456728,0.0402413271,3.72968674,3.645827
Mankey,combo_02,2.86666656,1.80771565,0.528843045,-0.241161674,2.8576436,1.508202,0.071461305,3.67565322,3.59620738
Mankey,combo_02,2.88333344,1.82183433,0.5328753,-0.252841473,2.851728,1.51986074,0.09328569,3.61853838,3.54299474
Mankey,combo_02,2.9,1.83118653,0.5392167,-0.2628318,2.84494972,1.52962387,0.10878548,3.55961347,3.487297
Mankey,combo_02,2.91666675,1.83749127,0.5461855,-0.270776,2.8381846,1.5375967,0.119388506,3.49864364,3.42872214
Mankey,combo_02,2.9333334,1.84214115,0.551736832,-0.275816828,2.83214831,1.54378843,0.126447111,3.4354012,3.36688352
Mankey,combo_02,2.95,1.84556365,0.5538219,-0.276345164,2.82695818,1.54874229,0.129767612,3.36963272,3.30139136
Mankey,combo_02,2.9666667,1.84791613,0.551956952,-0.2715967,2.82228446,1.55329776,0.128678814,3.30110359,3.2318542
Mankey,combo_02,2.98333335,1.84979391,0.546171665,-0.261128217,2.81822276,1.55762172,0.12377917,3.22958946,3.15788531
Mankey,combo_02,3,1.84997177,0.536488652,-0.2457126,2.814849,1.56176853,0.115870535,3.154859,3.07909584
Mankey,combo_02,3.01666665,1.85020924,0.5247114,-0.230971739,2.81155777,1.566606,0.105125017,3.077657,2.99618363
Mankey,combo_02,3.0333333,1.85123575,0.51071924,-0.216524482,2.8076148,1.572635,0.0939806,3.00855923,2.91948771
Mankey,combo_02,3.05,1.849522,0.496888876,-0.198073417,2.80456233,1.58271158,0.09414605,2.9228332,2.8410666
Mankey,combo_02,3.0666666,1.85622573,0.480504334,-0.183237731,2.80238676,1.5892992,0.0884241462,2.91123462,2.8034966
Mankey,combo_02,3.08333325,1.87184858,0.458533823,-0.175563619,2.74253273,1.62294972,0.05344919,3.108654,2.87303329
Mankey,combo_02,3.1,1.89001727,0.4469667,-0.181803524,2.59760165,1.66670668,0.05090928,3.30618834,2.97070861
Mankey,combo_02,3.11666656,1.925709,0.442431748,-0.192199439,2.4175303,1.65431726,0.06377235,3.39079785,3.03526354
Mankey,combo_02,3.13333344,1.95613325,0.442781627,-0.199219882,2.25817537,1.5898422,0.07073709,3.4479692,3.09119964
Mankey,combo_02,3.15,1.97021842,0.446919978,-0.2132961,2.222336,1.55951881,0.0776352137,3.49748278,3.13917732
Mankey,combo_02,3.16666675,1.97506821,0.448674172,-0.221627772,2.22419786,1.55571878,0.0792338848,3.535989,3.179859
Mankey,combo_02,3.1833334,1.97295737,0.446949422,-0.222517744,2.21389985,1.54750669,0.0713243,3.566689,3.21390772
Mankey,combo_02,3.2,1.973325,0.446404427,-0.230614617,2.209697,1.54414558,0.06576593,3.592891,3.24198318
Mankey,combo_02,3.2166667,1.97760725,0.4477991,-0.245804638,2.21003342,1.54451811,0.0636085048,3.61585927,3.264747
Mankey,combo_02,3.23333335,1.98083019,0.449049562,-0.259012222,2.21199751,1.54765081,0.0610143468,3.63494658,3.28286171
Mankey,combo_02,3.25,1.98241758,0.450021744,-0.2698647,2.21520686,1.55301464,0.0578662381,3.65052,3.296988
Mankey,combo_02,3.26666665,1.98356962,0.4514869,-0.2815346,2.220008,1.56039524,0.05460202,3.6628933,3.30778742
Mankey,combo_02,3.2833333,1.98413956,0.453472078,-0.293860644,2.22656822,1.5692054,0.05105945,3.672527,3.31592178
Mankey,combo_02,3.3,1.9841975,0.45591,-0.3066048,2.23516083,1.57894373,0.04717858,3.67991447,3.32205248
Mankey,combo_02,3.3166666,1.98424935,0.4588623,-0.319781572,2.24602056,1.58900607,0.0429534428,3.6855886,3.326841
Mankey,combo_02,3.33333325,1.98505116,0.4623432,-0.333498955,2.25933433,1.59873271,0.0384565964,3.69011354,3.33094859
Mankey,combo_02,3.35,1.98666024,0.466325641,-0.347562462,2.27459979,1.60735941,0.0338657573,3.69312143,3.334098
Mankey,combo_02,3.36666656,1.988633,0.4706747,-0.36139524,2.29171,1.61415291,0.0291248038,3.69406819,3.33581781
Mankey,combo_02,3.38333344,1.99309289,0.474914461,-0.375038028,2.31108069,1.6185571,0.0247819275,3.69274187,3.33598018
Mankey,combo_02,3.4,2.00009251,0.478568852,-0.388540626,2.33296227,1.61970568,0.0208812244,3.68990064,3.33546233
Mankey,combo_02,3.41666675,2.00723147,0.481458873,-0.401038527,2.35864973,1.61667752,0.0170617774,3.68644524,3.33511138
Mankey,combo_02,3.4333334,2.01257515,0.483839631,-0.411613941,2.390838,1.60909009,0.0139582045,3.68232727,3.33488584
Mankey,combo_02,3.45,2.01468945,0.485869169,-0.420107841,2.4310565,1.59576249,0.0125242537,3.67785335,3.33532953
Mankey,combo_02,3.4666667,2.016427,0.488087952,-0.427458942,2.47752428,1.57602227,0.0148714464,3.67190433,3.33553815
Mankey,combo_02,3.48333335,2.01922917,0.490651369,-0.4343034,2.52592254,1.55010414,0.02156555,3.66395831,3.33496833
Mankey,combo_02,3.5,2.02357745,0.49351275,-0.440776855,2.57260776,1.51921916,0.0319722258,3.65373731,3.33307624
Mankey,combo_02,3.51666665,2.029512,0.496046424,-0.445873052,2.61703157,1.48422468,0.0460820422,3.64068842,3.32918477
Mankey,combo_02,3.5333333,2.03597546,0.497914374,-0.448749959,2.65990829,1.44483352,0.06308282,3.62483978,3.32315755
Mankey,combo_02,3.55,2.04278231,0.499362,-0.449342757,2.701814,1.40050387,0.08100896,3.605605,3.31417918
Mankey,combo_02,3.5666666,2.04924488,0.5010224,-0.44949007,2.74170232,1.35073054,0.0974075,3.58244777,3.30143619
Mankey,combo_02,3.58333325,2.056629,0.5034616,-0.450709343,2.77961183,1.29392231,0.110846058,3.55555582,3.28479314
Mankey,combo_02,3.6,2.06475043,0.50630796,-0.45276162,2.81445646,1.22654009,0.1218385,3.52460718,3.26356936
Mankey,combo_02,3.61666656,2.07263851,0.5094707,-0.455642283,2.84219217,1.14668989,0.131897315,3.489151,3.2369256
Mankey,combo_02,3.63333344,2.08015275,0.5131188,-0.459041864,2.85632062,1.05851436,0.140230566,3.44994426,3.20521474
Mankey,combo_02,3.65,2.08679461,0.517332435,-0.462745935,2.8538003,0.96748805,0.147115067,3.406718,3.16826725
Mankey,combo_02,3.66666675,2.09188867,0.5221768,-0.466471076,2.83511,0.8809635,0.153828353,3.36054087,3.12680984
Mankey,combo_02,3.6833334,2.095139,0.528211236,-0.4706766,2.80436,0.8058171,0.161872625,3.3126564,3.08158946
Mankey,combo_02,3.7,2.09649849,0.535882,-0.475867063,2.76712012,0.7441136,0.173631966,3.26238322,3.03244376
Mankey,combo_02,3.7166667,2.09549069,0.5450217,-0.481683344,2.72989178,0.697618544,0.187031955,3.209433,2.97950983
Mankey,combo_02,3.73333335,2.09161973,0.555415452,-0.487679124,2.69841671,0.6654799,0.197285891,3.153534,2.92292452
Mankey,combo_02,3.75,2.084352,0.5674884,-0.4942339,2.67578673,0.644835234,0.20086427,3.09425235,2.862822
Mankey,combo_02,3.76666665,2.073855,0.5812282,-0.501379967,2.6613915,0.632174253,0.199183792,3.03128886,2.799339
Mankey,combo_02,3.7833333,2.06045175,0.5951583,-0.5080862,2.65302634,0.62511754,0.195008084,2.9651,2.732613
Mankey,combo_02,3.8,2.044903,0.6081292,-0.513792038,2.64857149,0.6218302,0.18982631,2.89606166,2.66277814
Mankey,combo_02,3.8166666,2.027916,0.6193077,-0.51797235,2.646952,0.6211584,0.18329975,2.8241415,2.58997
Mankey,combo_02,3.83333325,2.010356,0.6279058,-0.520330369,2.64751816,0.6223235,0.174790949,2.74918914,2.51432824
Mankey,combo_02,3.85,1.99384,0.633471131,-0.521210968,2.64955044,0.6242745,0.165377676,2.678026,2.443221
Mankey,combo_02,3.86666656,1.9799602,0.636689067,-0.5212438,2.65217757,0.626904964,0.157217622,2.58868432,2.35479736
Mankey,combo_02,3.88333344,1.96987057,0.638483763,-0.5211895,2.6545682,0.6299002,0.151529267,2.45509362,2.22285318
Mankey,combo_02,3.9,1.96396089,0.639363348,-0.521645367,2.65602732,0.632096052,0.147936389,2.29774284,2.06775713
Mankey,combo_02,3.91666675,1.96065784,0.640176058,-0.5223251,2.6566,0.6335707,0.145798624,2.12000418,1.89294231
Mankey,combo_02,3.9333334,1.95779526,0.6410846,-0.522528768,2.6567,0.6342594,0.144580722,1.94685256,1.72296894
Mankey,combo_02,3.95,1.95549786,0.6416737,-0.52248776,2.65644169,0.634157062,0.14394334,1.80986786,1.58855426
Mankey,combo_02,3.9666667,1.95394659,0.641784251,-0.522500336,2.655961,0.633945763,0.143513024,1.69232786,1.47206712
Mankey,combo_02,3.98333335,1.95280409,0.6417635,-0.522621334,2.65527272,0.633609831,0.143228784,1.58074665,1.35880756
Mankey,combo_02,4,1.951734,0.641991436,-0.5229147,2.65454364,0.6331516,0.14316836,1.46020353,1.23407042
Mankey,combo_02,4.016667,1.95074272,0.642407,-0.523339868,2.65378261,0.6325983,0.143312275,1.32053506,1.08847284
Mankey,combo_02,4.0333333,1.9500792,0.6428036,-0.5238664,2.65297174,0.6319846,0.143631518,1.1672051,0.928739
Mankey,combo_02,4.05,1.94967175,0.643171966,-0.5244565,2.652135,0.6313332,0.144071668,1.00810492,0.764279842
Mankey,combo_02,4.0666666,1.94944966,0.6435009,-0.5250721,2.651299,0.63066715,0.1445788,0.851561368,0.6045201
Mankey,combo_02,4.08333349,1.94934356,0.643779457,-0.525673449,2.65048957,0.6300095,0.145098567,0.6987428,0.451037079
Mankey,combo_02,4.1,1.94928122,0.643996239,-0.5262225,2.64973378,0.629382,0.145577908,0.5608571,0.316058367
Mankey,combo_02,4.116667,1.94919217,0.6441403,-0.52668,2.6490562,0.628806949,0.145963043,0.44774732,0.209126979
Mankey,combo_02,4.133333,1.94900656,0.6441987,-0.5270068,2.64848542,0.628306448,0.146200955,0.355862468,0.1354226
Mankey,combo_02,4.15,1.94873977,0.6441541,-0.527164936,2.64800644,0.6278632,0.14634499,0.2815433,0.107281461
Mankey,combo_02,4.16666651,1.94843066,0.6439868,-0.5271184,2.6475935,0.627449334,0.1464761,0.221398458,0.112788931
Mankey,combo_02,4.1833334,1.94813168,0.643737435,-0.5269461,2.64725757,0.627071738,0.146583885,0.186029643,0.148025334
Mankey,combo_02,4.2,1.9479152,0.643459141,-0.526755154,2.6470077,0.626737058,0.146658063,0.1650732,0.201334715
Mankey,combo_02,4.2166667,1.94777584,0.6431571,-0.5265486,2.64685464,0.62645185,0.1466881,0.153703958,0.2629986
Mankey,combo_02,4.233333,1.947709,0.6428372,-0.5263303,2.646809,0.6262235,0.146663949,0.160217568,0.323292
Mankey,combo_02,4.25,1.94770944,0.642506361,-0.526103735,2.64683247,0.626036048,0.146615848,0.186117366,0.368235976
Mankey,combo_02,4.266667,1.94777191,0.6421686,-0.525872231,2.6468792,0.62586844,0.146582216,0.2173243,0.4008908
Mankey,combo_02,4.2833333,1.94789076,0.6418298,-0.525638044,2.646945,0.6257209,0.1465644,0.234721184,0.416819185
Mankey,combo_02,4.3,1.94806087,0.6414957,-0.5254052,2.647026,0.6255939,0.146563739,0.249674127,0.424533755
Mankey,combo_02,4.3166666,1.94827628,0.641171932,-0.525176942,2.64711833,0.6254885,0.146581948,0.269744366,0.432109654
Mankey,combo_02,4.33333349,1.94853246,0.640864253,-0.5249566,2.64721823,0.6254042,0.146620631,0.288716644,0.436971873
Mankey,combo_02,4.35,1.94882417,0.6405786,-0.5247481,2.64732361,0.625342131,0.146679744,0.305341065,0.438972682
Mankey,combo_02,4.366667,1.94915307,0.640320659,-0.5245592,2.64743638,0.6253028,0.146756634,0.320088953,0.437964439
Mankey,combo_02,4.383333,1.94952106,0.640096247,-0.524398446,2.6475606,0.6252869,0.146847308,0.332207829,0.4337996
Mankey,combo_02,4.4,1.94993007,0.6399105,-0.5242759,2.64769936,0.625294566,0.1469465,0.340922564,0.426330864
Mankey,combo_02,4.41666651,1.95038247,0.6397689,-0.5242003,2.64785671,0.625326157,0.1470501,0.345728219,0.4154106
Mankey,combo_02,4.4333334,1.95088041,0.6396771,-0.5241812,2.64803624,0.625382245,0.147153735,0.34623605,0.4008908
Mankey,combo_02,4.45,1.95141864,0.6396131,-0.524194241,2.64823771,0.6254627,0.1472561,0.3419203,0.381865978
Mankey,combo_02,4.4666667,1.95198846,0.6395518,-0.524208248,2.648457,0.625565648,0.147359461,0.333271325,0.3580885
Mankey,combo_02,4.483333,1.95258653,0.6394932,-0.524222553,2.648692,0.6256902,0.147462964,0.3211223,0.330399632
Mankey,combo_02,4.5,1.95320892,0.639435947,-0.524237037,2.64894223,0.6258358,0.147566676,0.305517972,0.299640238
Mankey,combo_02,4.516667,1.953853,0.6393795,-0.524250865,2.649207,0.626001835,0.147669688,0.2858524,0.266231537
Mankey,combo_02,4.5333333,1.954515,0.6393235,-0.524264157,2.64948463,0.6261873,0.147772074,0.2619824,0.231147811
Mankey,combo_02,4.55,1.95519137,0.639267564,-0.524275541,2.64977384,0.6263914,0.147872433,0.235289246,0.196061045
Mankey,combo_02,4.5666666,1.95587873,0.639211,-0.52428484,2.65007329,0.6266134,0.147970885,0.208498269,0.162646323
Mankey,combo_02,4.58333349,1.95657444,0.6391538,-0.52429235,2.6503818,0.626853049,0.148066714,0.180230021,0.129513577
Mankey,combo_02,4.6,1.95727456,0.6390942,-0.5242973,2.650698,0.627109,0.148159653,0.1562212,0.103065625
Mankey,combo_02,4.616667,1.95797539,0.639032841,-0.5242986,2.65102029,0.627379954,0.148248792,0.143987492,0.09133517
Mankey,combo_02,4.633333,1.95867479,0.6389688,-0.524296463,2.65134859,0.6276657,0.148333818,0.134859934,0.088034384
Mankey,combo_02,4.65,1.95936751,0.6389018,-0.5242901,2.65168071,0.6279659,0.14841415,0.123051621,0.0905043855
Mankey,combo_02,4.66666651,1.96005142,0.6388314,-0.524279654,2.65201521,0.6282797,0.148488954,0.10824313,0.09589696
Mankey,combo_02,4.6833334,1.96072364,0.638756931,-0.524264932,2.652352,0.628605,0.148557991,0.0914335,0.10084217
Mankey,combo_02,4.7,1.96138012,0.638677955,-0.5242454,2.652689,0.6289419,0.148620233,0.07814985,0.104247384
Mankey,combo_02,4.7166667,1.96201754,0.638594031,-0.5242208,2.653025,0.629289269,0.1486753,0.06913698,0.102932148
Mankey,combo_02,4.733333,1.96263278,0.6385049,-0.5241909,2.65335846,0.6296468,0.148722529,0.06429422,0.09978864
Mankey,combo_02,4.75,1.963229,0.6384232,-0.5241611,2.65368676,0.6300077,0.148764372,0.0624559633,0.09644625
Mankey,combo_02,4.766667,1.96380949,0.638362467,-0.5241369,2.654005,0.630365551,0.148804009,0.060738977,0.09351175
Mankey,combo_02,4.7833333,1.9643718,0.638324,-0.5241184,2.65431261,0.630718231,0.148841217,0.0593929067,0.09251054
Mankey,combo_02,4.8,1.96491349,0.6383089,-0.5241066,2.654607,0.631064355,0.148875535,0.05786788,0.09231674
Mankey,combo_02,4.8166666,1.96543193,0.6383183,-0.5241022,2.654887,0.6314024,0.148906469,0.0557388477,0.0922324359
Mankey,combo_02,4.83333349,1.96592462,0.6383536,-0.524106,2.655152,0.631730556,0.1489341,0.05362625,0.0923945457
Mankey,combo_02,4.85,1.96638966,0.6384157,-0.5241172,2.65539885,0.632048,0.148958415,0.0518728755,0.09266672
Mankey,combo_02,4.866667,1.966824,0.6385059,-0.524137735,2.65562725,0.6323525,0.1489788,0.0505221747,0.0929126143
Mankey,combo_02,4.883333,1.96722448,0.6386255,-0.524167657,2.65583515,0.6326422,0.1489951,0.0495374,0.0930711553
Mankey,combo_02,4.9,1.96758974,0.6387756,-0.5242075,2.65602088,0.632916,0.1490064,0.048702,0.0932488441
Mankey,combo_02,4.91666651,1.96791708,0.6389574,-0.52425766,2.65618372,0.633172154,0.149013326,0.0477050319,0.093517445
Mankey,combo_02,4.9333334,1.968204,0.6391721,-0.524319232,2.65632129,0.633409262,0.149015039,0.0467902981,0.09381478
Mankey,combo_02,4.95,1.968447,0.63941896,-0.5243915,2.656432,0.6336231,0.149012059,0.04613308,0.09409775
Mankey,combo_02,4.9666667,1.96864593,0.6397072,-0.524477243,2.65651631,0.63382107,0.149002284,0.04553097,0.09438055
Mankey,combo_03,0,-0.259362,0.6397073,-0.524476767,0.4285086,0.633821547,0.149002373,1.36505032,0.9217569
Mankey,combo_03,0.0166666675,0.004614912,0.6980264,-0.647687,0.457124054,0.571036339,0.173862189,1.36133111,0.9117605
Mankey,combo_03,0.0333333351,0.297225237,0.7288827,-0.6974167,0.486883,0.522551,0.208014563,1.35104167,0.888475835
Mankey,combo_03,0.05,0.5835569,0.7377647,-0.6769584,0.5154356,0.485859782,0.248134077,1.3357693,0.861757457
Mankey,combo_03,0.06666667,0.8425499,0.7237402,-0.591847539,0.547024131,0.464383781,0.292291343,1.32101345,0.841145
Mankey,combo_03,0.0833333358,1.06424749,0.696372747,-0.4590448,0.5833555,0.456828266,0.33386603,1.31639409,0.8353731
Mankey,combo_03,0.1,1.24304676,0.667397261,-0.296868265,0.627229631,0.462697625,0.3623881,1.31687856,0.8359811
Mankey,combo_03,0.116666667,1.38020968,0.645929933,-0.114805475,0.6830198,0.481665343,0.372165233,1.31717622,0.836496651
Mankey,combo_03,0.13333334,1.46881914,0.627951443,0.07283561,0.7501407,0.5057933,0.368308336,1.3172617,0.8369259
Mankey,combo_03,0.15,1.49883354,0.6034587,0.248115435,0.828952968,0.533589542,0.353675753,1.31709063,0.8372757
Mankey,combo_03,0.166666672,1.4905411,0.5796672,0.379226327,0.9200371,0.557246447,0.3332608,1.31659019,0.8375527
Mankey,combo_03,0.183333337,1.467204,0.552087545,0.463448316,1.01338315,0.571962535,0.312953085,1.31566858,0.8377647
Mankey,combo_03,0.2,1.44790924,0.538258731,0.518426538,1.124608,0.5701476,0.293811023,1.31436574,0.8379119
Mankey,combo_03,0.216666669,1.44343483,0.5845542,0.5392152,1.28322434,0.535688937,0.270376384,1.31287146,0.8379903
Mankey,combo_03,0.233333334,1.48636448,0.6487373,0.472695053,1.4654994,0.4901378,0.238509431,1.311498,0.8379958
Mankey,combo_03,0.25,1.605978,0.699172854,0.364317715,1.66050434,0.4414309,0.202119336,1.3119297,0.83954525
Mankey,combo_03,0.266666681,1.75287342,0.712944448,0.279963136,1.8372587,0.4060483,0.177063957,1.30919826,0.837782562
Mankey,combo_03,0.283333331,1.83168387,0.6433629,0.267619848,1.940347,0.411618352,0.187838435,1.29696333,0.826245248
Mankey,combo_03,0.3,1.926175,0.524370432,0.30607304,2.00751281,0.426249117,0.219369113,1.281785,0.811368763
Mankey,combo_03,0.316666663,2.10239053,0.411271065,0.3564106,2.06649876,0.44242084,0.268516839,1.26321137,0.793133557
Mankey,combo_03,0.333333343,2.36752534,0.375464231,0.371342063,2.146933,0.450864315,0.321025372,1.25651538,0.7844395
Mankey,combo_03,0.35,2.680523,0.47570917,0.259874046,2.28206,0.435222238,0.326508045,1.26833963,0.79271096
Mankey,combo_03,0.366666675,2.847847,0.725899935,-0.00496631861,2.42101884,0.44542408,0.2640789,1.3171916,0.8343549
Mankey,combo_03,0.383333325,2.74509573,1.11943424,-0.21359764,2.51317143,0.4968791,0.113792434,1.411167,0.9366259
Mankey,combo_03,0.4,2.38926744,1.50021,-0.261743665,2.50633836,0.5947757,-0.0611980781,1.48811662,1.07440674
Mankey,combo_03,0.416666657,1.79809844,1.66243839,-0.2566462,2.46331024,0.723957539,-0.209148958,1.53193951,1.23393834
Mankey,combo_03,0.433333337,1.35622084,1.43888915,-0.0113101453,2.37851787,0.825491667,-0.343422174,1.57791781,1.40840483
Mankey,combo_03,0.45,1.30319858,1.16016877,0.250057161,2.23932338,0.870762348,-0.433686584,1.71024668,1.59189188
Mankey,combo_03,0.466666669,1.38763928,0.9161519,0.397452831,2.093755,0.895899355,-0.465089679,1.87259352,1.76793945
Mankey,combo_03,0.483333319,1.51814961,0.733907342,0.471574962,1.98140359,0.9195462,-0.457262635,2.02224064,1.92074811
Mankey,combo_03,0.5,1.63614464,0.6142814,0.496066362,1.89857626,0.943345845,-0.432152629,2.149019,2.04242325
Mankey,combo_03,0.516666651,1.70956528,0.555472136,0.503986239,1.84938216,0.967319131,-0.411211967,2.21541643,2.11017084
Mankey,combo_03,0.533333361,1.75675035,0.5285017,0.5134093,1.81058788,0.983975768,-0.393565118,2.25604963,2.15288353
Mankey,combo_03,0.55,1.80018556,0.514918,0.525270641,1.76826549,0.994936347,-0.3714484,2.29606318,2.19435477
Mankey,combo_03,0.566666663,1.83255291,0.509150743,0.5334041,1.73226082,1.00204229,-0.348961443,2.3296988,2.22745252
Mankey,combo_03,0.5833333,1.85273588,0.507065833,0.5369886,1.70425344,1.00651777,-0.326190531,2.35817528,2.25370049
Mankey,combo_03,0.6,1.86272061,0.505741656,0.536182761,1.68533313,1.008293,-0.3048005,2.38163161,2.27462173
Mankey,combo_03,0.6166667,1.86458862,0.507718265,0.5353084,1.67581761,1.00749421,-0.2865497,2.401348,2.29173875
Mankey,combo_03,0.6333333,1.8593539,0.5115595,0.5321734,1.67498469,1.00634754,-0.2739237,2.41860461,2.306576
Mankey,combo_03,0.65,1.85385871,0.516906559,0.5279643,1.68110478,1.00257015,-0.268420845,2.43381858,2.31979275
Mankey,combo_03,0.6666667,1.83930278,0.5259645,0.522473335,1.69174814,0.9962718,-0.271254867,2.446367,2.331006
Mankey,combo_03,0.683333337,1.81201577,0.5351871,0.512285948,1.706218,0.9893793,-0.2795622,2.45636272,2.34017348
Mankey,combo_03,0.7,1.77248752,0.547748744,0.5005228,1.72347164,0.983221769,-0.292069525,2.46387863,2.34725213
Mankey,combo_03,0.716666639,1.71815133,0.568360865,0.4871909,1.742274,0.9837735,-0.305915833,2.469236,2.35219812
Mankey,combo_03,0.733333349,1.65198648,0.5892476,0.4674145,1.76025939,0.9747426,-0.3330845,2.473009,2.3549695
Mankey,combo_03,0.75,1.5707444,0.6067568,0.4353536,1.80140734,0.943904459,-0.395890653,2.47493362,2.35552239
Mankey,combo_03,0.766666651,1.48298764,0.616369665,0.381403476,1.90370584,0.9336175,-0.480140477,2.47467113,2.35381413
Mankey,combo_03,0.783333361,1.39838147,0.618115,0.303026259,2.101871,0.98496443,-0.5304462,2.4729898,2.35064149
Mankey,combo_03,0.8,1.33079123,0.623113036,0.209406868,2.350429,1.13677061,-0.4802056,2.47064519,2.34678769
Mankey,combo_03,0.816666663,1.288539,0.6352666,0.115424767,2.58108234,1.38678658,-0.295889467,2.46754837,2.342191
Mankey,combo_03,0.8333333,1.266909,0.6517602,0.03517173,2.65965533,1.50934339,-0.00559209939,2.463617,2.33679032
Mankey,combo_03,0.85,1.26244664,0.664891541,-0.0277647227,2.652262,1.52437294,0.113985658,2.45877433,2.33052349
Mankey,combo_03,0.8666667,1.269181,0.6731667,-0.07988964,2.649294,1.52917218,0.15004389,2.45295978,2.32333
Mankey,combo_03,0.8833333,1.28289509,0.6763433,-0.122882254,2.65036678,1.53127122,0.17631276,2.44529581,2.31514764
Mankey,combo_03,0.9,1.30151737,0.6725345,-0.159223884,2.654735,1.53247714,0.184490472,2.43543029,2.30591559
Mankey,combo_03,0.9166667,1.32354033,0.6628574,-0.188789,2.66267133,1.53262377,0.1794881,2.42359,2.295073
Mankey,combo_03,0.933333337,1.34763908,0.649615765,-0.211881146,2.67503619,1.53091872,0.162504911,2.41035724,2.28246617
Mankey,combo_03,0.95,1.37336242,0.633353233,-0.232240885,2.68724966,1.52933514,0.140276611,2.397004,2.268646
Mankey,combo_03,0.966666639,1.39959979,0.616232753,-0.252106428,2.69606161,1.52943075,0.119044751,2.384804,2.254163
Mankey,combo_03,0.983333349,1.42500007,0.602941155,-0.271350682,2.70318675,1.52803516,0.106749944,2.370856,2.24061942
Mankey,combo_03,1,1.44703507,0.5921276,-0.2913668,2.70351887,1.53259,0.09030425,2.32126284,2.18167233
Mankey,combo_03,1.01666665,1.46411657,0.5787366,-0.315346837,2.67404127,1.56196773,0.05808734,2.32953429,2.14819026
Mankey,combo_03,1.0333333,1.47776139,0.566126347,-0.3411041,2.61079669,1.60265291,0.0309965163,2.34740663,2.128302
Mankey,combo_03,1.05,1.48295748,0.559975564,-0.3610778,2.517318,1.63630545,0.000215584529,2.3798604,2.15916228
Mankey,combo_03,1.06666672,1.48466635,0.5581873,-0.373025417,2.440863,1.64818192,-0.006039597,2.41909385,2.20683122
Mankey,combo_03,1.08333337,1.49293113,0.566058159,-0.377861947,2.48321676,1.63830423,0.02686826,2.454728,2.25150585
Mankey,combo_03,1.1,1.50332451,0.573552668,-0.374825418,2.563383,1.61003888,0.05958628,2.47644234,2.28793454
Mankey,combo_03,1.11666667,1.50765312,0.5617344,-0.36446476,2.60114169,1.60235131,0.07545237,2.47114825,2.299905
Mankey,combo_03,1.13333333,1.5059551,0.544675767,-0.346282482,2.625091,1.60237134,0.09614654,2.45370078,2.300498
Mankey,combo_03,1.15,1.50174344,0.531209,-0.325692,2.64456463,1.59764075,0.137516022,2.43204379,2.29731369
Mankey,combo_03,1.16666663,1.50074732,0.518171132,-0.308604658,2.64550376,1.602564,0.169356316,2.40809,2.29058
Mankey,combo_03,1.18333328,1.50404119,0.5072944,-0.300919384,2.63658452,1.612989,0.187865257,2.38112879,2.27436113
Mankey,combo_03,1.2,1.51388907,0.4942732,-0.303054661,2.62239456,1.6302135,0.175383568,2.36996,2.27475333
Mankey,combo_03,1.2166667,1.53506851,0.4736089,-0.309756845,2.56472564,1.66466641,0.0763120353,2.398768,2.31935859
Mankey,combo_03,1.23333335,1.57483625,0.451424956,-0.335130572,2.41528773,1.68155468,-0.00348596787,2.4525094,2.38684058
Mankey,combo_03,1.25,1.61057544,0.4368399,-0.352649868,2.238195,1.6435082,-0.03702399,2.51385164,2.4580586
Mankey,combo_03,1.26666665,1.6287961,0.431860566,-0.35093078,2.09271765,1.56682694,-0.0363414958,2.56457877,2.51387119
Mankey,combo_03,1.2833333,1.64270878,0.435557544,-0.362021029,2.05301046,1.5298357,-0.0220173821,2.60053325,2.547942
Mankey,combo_03,1.3,1.6385802,0.448294371,-0.3553445,2.054387,1.51767373,-0.0122153563,2.6291585,2.57008648
Mankey,combo_03,1.31666672,1.62976348,0.462389439,-0.330181152,2.05376625,1.50182915,-0.007852418,2.65342546,2.58538985
Mankey,combo_03,1.33333337,1.63423193,0.475739956,-0.318962365,2.05259252,1.49213409,-0.00415542535,2.67685342,2.59893656
Mankey,combo_03,1.35,1.63775539,0.487693131,-0.311811417,2.04607248,1.48834062,0.00299115339,2.70062375,2.612913
Mankey,combo_03,1.36666667,1.64572644,0.498298883,-0.314378381,2.038954,1.4885751,0.0102947224,2.723431,2.62593722
Mankey,combo_03,1.38333333,1.65920544,0.512543738,-0.3329565,2.04075623,1.49535251,0.01761036,2.74504924,2.63774228
Mankey,combo_03,1.4,1.66743445,0.5324286,-0.352994174,2.05527568,1.5055058,0.0239964277,2.765376,2.6480608
Mankey,combo_03,1.41666663,1.6756196,0.550462842,-0.369628936,2.07756782,1.51435018,0.02741712,2.78416848,2.656626
Mankey,combo_03,1.43333328,1.6901983,0.57143575,-0.3928479,2.13334823,1.52387416,0.0271309614,2.801182,2.66316986
Mankey,combo_03,1.45,1.71710765,0.5978215,-0.427556783,2.25502253,1.52204752,0.0292708836,2.81616569,2.66742587
Mankey,combo_03,1.4666667,1.75962126,0.6083271,-0.466645032,2.41909432,1.48086977,0.0292280745,2.82886577,2.66912651
Mankey,combo_03,1.48333335,1.82063019,0.58196044,-0.503558,2.6087985,1.36346245,0.023236379,2.83902335,2.66800475
Mankey,combo_03,1.5,1.87978566,0.5135761,-0.5234629,2.74518585,1.190234,0.0234724469,2.846372,2.66379333
Mankey,combo_03,1.51666665,1.92794609,0.427841961,-0.52856034,2.79994059,1.026186,0.0216045417,2.85009384,2.65622449
Mankey,combo_03,1.5333333,1.97233355,0.334232837,-0.5298293,2.78649282,0.9139463,-0.0202137157,2.85191536,2.64503169
Mankey,combo_03,1.55,2.03472614,0.2684648,-0.557168067,2.703864,0.8830531,-0.145482719,2.853995,2.62994742
Mankey,combo_03,1.56666672,2.07462072,0.281291485,-0.5709759,2.55511165,0.8842605,-0.29231143,2.85380578,2.61070442
Mankey,combo_03,1.58333337,2.07711267,0.376324,-0.5545599,2.340271,0.880065441,-0.3946292,2.84915781,2.587856
Mankey,combo_03,1.6,2.02430177,0.5233002,-0.497536,2.13188386,0.85278517,-0.4119766,2.83887053,2.56246853
Mankey,combo_03,1.61666667,1.897016,0.6814686,-0.3940366,1.95772552,0.8239459,-0.332850784,2.82265568,2.53504682
Mankey,combo_03,1.63333333,1.7797811,0.9064498,-0.269752741,1.85656011,0.901820064,-0.116656259,2.802571,2.50609446
Mankey,combo_03,1.65,1.71355343,1.20585644,-0.152844235,1.89637482,1.12073958,0.1339412,2.78033137,2.476117
Mankey,combo_03,1.66666663,1.68216825,1.51130128,-0.0310362875,2.05604839,1.41041756,0.289684981,2.75747228,2.44561744
Mankey,combo_03,1.68333328,1.69978309,1.79314089,0.06429696,2.24881983,1.66619742,0.295381129,2.73442149,2.41510177
Mankey,combo_03,1.7,1.72545409,2.005818,0.259148657,2.35245824,1.83562291,0.226153865,2.71144152,2.38507247
Mankey,combo_03,1.7166667,2.12483454,2.08193946,0.749632,2.23950624,1.87105346,0.299176037,2.68294549,2.355614
Mankey,combo_03,1.73333335,2.91304636,2.09840465,0.507387638,2.12436152,1.90363741,0.356513828,2.66551948,2.326153
Mankey,combo_03,1.75,3.070113,2.10808945,-0.09700213,2.18437648,1.93283665,0.388254941,2.675887,2.28883362
Mankey,combo_03,1.76666665,2.78530669,2.14201427,-0.61427784,2.305777,1.93659985,0.393192172,2.676789,2.26657844
Mankey,combo_03,1.7833333,2.06626821,2.175182,-0.8036828,2.47904968,1.93037534,0.2965576,2.67959237,2.29066443
Mankey,combo_03,1.8,1.49410057,2.18343163,-0.379157424,2.58368373,1.92469049,0.100986727,2.65386415,2.328171
Mankey,combo_03,1.81666672,1.42229843,2.17292714,0.1852867,2.57509446,1.92466,-0.09496851,2.61826682,2.35341883
Mankey,combo_03,1.83333337,1.62762666,2.1390748,0.559059858,2.49772,1.93570459,-0.235501736,2.58690715,2.37467313
Mankey,combo_03,1.85,1.78881407,2.135759,0.6836488,2.43831134,1.94955611,-0.291163117,2.578385,2.392238
Mankey,combo_03,1.86666667,1.88584828,2.14605618,0.732632756,2.393067,1.966141,-0.317639172,2.58405328,2.40641665
Mankey,combo_03,1.88333333,1.98183882,2.14462662,0.768687665,2.338978,1.98835814,-0.336662829,2.59411144,2.417513
Mankey,combo_03,1.9,2.05445957,2.14555335,0.7893956,2.28832054,2.01192927,-0.344061255,2.606616,2.42583
Mankey,combo_03,1.91666663,2.10739851,2.150322,0.8025032,2.242286,2.035304,-0.342852831,2.61860561,2.43167138
Mankey,combo_03,1.93333328,2.143942,2.15935683,0.812227249,2.20076418,2.05762315,-0.335686952,2.62922168,2.43534064
Mankey,combo_03,1.95,2.166368,2.17158437,0.820899844,2.16418576,2.07851,-0.324740231,2.63738537,2.43714142
Mankey,combo_03,1.9666667,2.1752665,2.18420982,0.8298063,2.132817,2.09802175,-0.311945915,2.64205885,2.43737674
Mankey,combo_03,1.98333335,2.171545,2.19770384,0.839090049,2.10602069,2.11540675,-0.299246639,2.643637,2.43635058
Mankey,combo_03,2,2.157171,2.21229458,0.848186255,2.082846,2.12991333,-0.288304716,2.64333415,2.43436623
Mankey,combo_03,2.01666665,2.13571644,2.22622919,0.856134534,2.06221938,2.14096761,-0.2802556,2.64156246,2.43172717
Mankey,combo_03,2.0333333,2.110524,2.237349,0.862107158,2.043162,2.14781857,-0.276246369,2.63877773,2.42873669
Mankey,combo_03,2.05,2.08237457,2.24546051,0.8655366,2.02478218,2.14929581,-0.277455956,2.63554764,2.425699
Mankey,combo_03,2.0666666,2.05442739,2.24846,0.866126657,2.00662351,2.14388776,-0.2849864,2.63246226,2.42291641
Mankey,combo_03,2.08333325,2.03308916,2.243191,0.8659136,1.98833215,2.1420362,-0.2855115,2.62936568,2.42021084
Mankey,combo_03,2.1,2.00734782,2.22846031,0.859159052,1.97523808,2.107528,-0.322019368,2.62575722,2.41705942
Mankey,combo_03,2.11666656,1.96780884,2.2003386,0.8379155,2.03964019,1.99025,-0.4521448,2.62144351,2.41325021
Mankey,combo_03,2.13333344,1.91590619,2.15862656,0.803709149,2.263281,1.89350247,-0.5556828,2.61622572,2.40857172
Mankey,combo_03,2.15,1.85772955,2.1049118,0.755222559,2.590112,1.90753889,-0.512488663,2.609904,2.40281153
Mankey,combo_03,2.16666675,1.80244207,2.04181361,0.6955321,2.81483483,2.01199579,-0.321119,2.602279,2.395758
Mankey,combo_03,2.1833334,1.74771047,1.97018409,0.627999663,2.87386322,2.05665779,-0.200303227,2.59266949,2.38719916
Mankey,combo_03,2.2,1.70303631,1.89396834,0.553859949,2.89667225,2.061454,-0.133376241,2.58040881,2.37692332
Mankey,combo_03,2.2166667,1.67591286,1.81386256,0.477715224,2.90974331,2.05478954,-0.09681614,2.56504226,2.36471844
Mankey,combo_03,2.23333335,1.66406834,1.73514414,0.404508263,2.916681,2.036341,-0.07841666,2.54628539,2.35037231
Mankey,combo_03,2.25,1.6617111,1.6654079,0.3375064,2.92158985,2.023543,-0.0638629,2.52421474,2.333674
Mankey,combo_03,2.26666665,1.66646731,1.61200869,0.282996237,2.92750525,2.00987577,-0.0545763671,2.49893069,2.31441045
Mankey,combo_03,2.2833333,1.6690923,1.58223891,0.2453586,2.935121,1.998734,-0.0325846449,2.47184443,2.29328656
Mankey,combo_03,2.3,1.67104375,1.56396031,0.21925202,2.94046474,1.98354411,-0.0144428816,2.44713783,2.27276015
Mankey,combo_03,2.3166666,1.67000031,1.55467975,0.201594561,2.94316149,1.96575809,-0.000141533092,2.42910242,2.255254
Mankey,combo_03,2.33333325,1.670322,1.5388999,0.1794998,2.94700766,1.96468472,-0.00306153856,2.42200828,2.24319
Mankey,combo_03,2.35,1.68989313,1.51314533,0.1749254,2.95394635,1.9994204,-0.0303956643,2.40265751,2.22548962
Mankey,combo_03,2.36666656,1.70039761,1.47641563,0.119234368,2.958341,2.12473655,-0.057534,2.446207,2.23861933
Mankey,combo_03,2.38333344,1.7237426,1.444992,-0.07757479,2.867715,2.43318343,-0.0473526977,2.66520452,2.34212351
Mankey,combo_03,2.4,1.80373311,1.49823868,-0.337236762,2.60253763,2.67315269,0.0258115754,2.84057617,2.45568848
Mankey,combo_03,2.41666675,1.937797,1.69995666,-0.592574835,2.278965,2.70238781,0.08058499,2.89165878,2.50420451
Mankey,combo_03,2.4333334,2.10174346,2.02426386,-0.703653,2.08716774,2.585201,0.07791095,2.90969253,2.5316453
Mankey,combo_03,2.45,2.22690582,2.341772,-0.63679117,2.06731915,2.537758,0.1038566,2.92444754,2.56047821
Mankey,combo_03,2.4666667,2.31618023,2.58135986,-0.450741976,2.08239222,2.53610826,0.150957063,2.926874,2.58478951
Mankey,combo_03,2.48333335,2.36514282,2.721711,-0.215767249,2.11222672,2.5572722,0.200107247,2.92159081,2.604628
Mankey,combo_03,2.5,2.37220788,2.77767825,-0.00379417837,2.14733028,2.58335638,0.237410665,2.91221023,2.620043
Mankey,combo_03,2.51666665,2.348898,2.79627323,0.125075147,2.15407038,2.59100842,0.254001439,2.904147,2.63108158
Mankey,combo_03,2.5333333,2.31751847,2.81031036,0.209933057,2.15555,2.59551525,0.261052847,2.8963716,2.637793
Mankey,combo_03,2.55,2.29184175,2.81780767,0.2809931,2.16430473,2.60135221,0.265075684,2.88760424,2.64022613
Mankey,combo_03,2.5666666,2.26002717,2.82584167,0.3362773,2.16994452,2.606543,0.265869737,2.87614369,2.63842821
Mankey,combo_03,2.58333325,2.222018,2.834523,0.378745854,2.173072,2.61207771,0.2640436,2.86193538,2.632449
Mankey,combo_03,2.6,2.181738,2.843457,0.409680426,2.176917,2.61910272,0.2599012,2.844562,2.622336
Mankey,combo_03,2.61666656,2.1408205,2.85044622,0.4313901,2.1822443,2.627836,0.254587859,2.81953168,2.60566616
Mankey,combo_03,2.63333344,2.100518,2.8534317,0.445639879,2.18978882,2.63849783,0.248956338,2.78624225,2.5805707
Mankey,combo_03,2.65,2.06075263,2.851179,0.453296483,2.20092583,2.651808,0.244285747,2.74811029,2.54793358
Mankey,combo_03,2.66666675,2.022065,2.84225678,0.453295827,2.21724129,2.66669345,0.241331458,2.708561,2.50864053
Mankey,combo_03,2.6833334,1.98675382,2.82524252,0.445492119,2.24082518,2.68176317,0.24008812,2.670057,2.46357441
Mankey,combo_03,2.7,1.95900512,2.80111766,0.431769252,2.2719245,2.69489264,0.2404295,2.62751055,2.413622
Mankey,combo_03,2.7166667,1.942342,2.77298546,0.41282016,2.30944729,2.702846,0.241603583,2.581311,2.36106515
Mankey,combo_03,2.73333335,1.93190885,2.74210882,0.3905268,2.35180569,2.7038672,0.24283354,2.53306413,2.30702233
Mankey,combo_03,2.75,1.92452371,2.70821571,0.36751014,2.39668584,2.69726038,0.244068533,2.48061919,2.25062275
Mankey,combo_03,2.76666665,1.92083168,2.67363334,0.3454882,2.44138551,2.683621,0.245346814,2.42425513,2.19099236
Mankey,combo_03,2.7833333,1.91716409,2.63934,0.325405627,2.48375869,2.66457868,0.24652642,2.36240125,2.127263
Mankey,combo_03,2.8,1.91011608,2.60521722,0.307862639,2.52198386,2.64282632,0.247697026,2.29368544,2.05856037
Mankey,combo_03,2.8166666,1.902839,2.5722723,0.291090071,2.5549624,2.62035012,0.248696566,2.217544,1.98401678
Mankey,combo_03,2.83333325,1.88310027,2.536084,0.278307229,2.580403,2.60441041,0.252760857,2.1339705,1.90275657
Mankey,combo_03,2.85,1.83681571,2.48307753,0.2666623,2.59579849,2.60575366,0.262790382,2.04241061,1.81391323
Mankey,combo_03,2.86666656,1.78858936,2.41902137,0.245509908,2.60600829,2.62409019,0.2697302,1.94225824,1.71661127
Mankey,combo_03,2.88333344,1.74946856,2.34262037,0.2120513,2.60649848,2.66636539,0.273603231,1.8331995,1.60997856
Mankey,combo_03,2.9,1.73219681,2.27087831,0.160729289,2.602023,2.71080351,0.2768482,1.71514416,1.49315059
Mankey,combo_03,2.91666675,1.7369231,2.21825767,0.100387409,2.605166,2.73414755,0.273215264,1.58866775,1.36639833
Mankey,combo_03,2.9333334,1.74210238,2.21588731,0.0443908274,2.63984513,2.72720885,0.27147463,1.4552654,1.23070574
Mankey,combo_03,2.95,1.74009776,2.3274498,-0.0009034015,2.73956776,2.6677134,0.284729958,1.31629074,1.08621931
Mankey,combo_03,2.9666667,1.78602278,2.48993254,-0.0401667021,2.83994722,2.539724,0.325804621,1.17062974,0.9331016
Mankey,combo_03,2.98333335,1.92989445,2.67475247,-0.046187222,2.90019059,2.35364938,0.3943429,1.01471519,0.7701451
Mankey,combo_03,3,2.17209125,2.73047829,-0.0276574977,2.89612126,2.1056273,0.4743344,0.8531354,0.604522049
Mankey,combo_03,3.01666665,2.38521957,2.51678228,-0.0253989622,2.82700348,1.78311777,0.540299535,0.697936237,0.448929042
Mankey,combo_03,3.0333333,2.5922327,2.20108771,-0.0339007154,2.69410086,1.4477011,0.5832557,0.5621934,0.31605655
Mankey,combo_03,3.05,2.79562855,1.82260764,-0.0441306047,2.46404028,1.17184627,0.5592825,0.4506196,0.209126189
Mankey,combo_03,3.0666666,3.078311,1.45669031,-0.0462908074,2.29479885,1.0238539,0.412272662,0.3609615,0.135421738
Mankey,combo_03,3.08333325,3.54696727,0.80806607,-0.0130552072,2.23961735,0.980959952,0.188584551,0.2862494,0.107281581
Mankey,combo_03,3.1,3.30003643,0.05010745,0.0536449179,2.24969673,0.925397038,0.0437320173,0.223697945,0.112788573
Mankey,combo_03,3.11666656,3.18074,-0.0255932268,0.0495590866,2.23919582,0.85866,0.0714689,0.186558679,0.148024231
Mankey,combo_03,3.13333344,3.20830154,0.0376471058,0.0417735241,2.219676,0.7892487,0.15858449,0.164219365,0.2013346
Mankey,combo_03,3.15,3.229997,0.0413182341,0.0286033452,2.21779037,0.724983,0.251871824,0.15253897,0.2629988
Mankey,combo_03,3.16666675,3.25474977,0.0500123,0.0140071027,2.234446,0.65941447,0.3399904,0.159421712,0.3232918
Mankey,combo_03,3.1833334,3.236129,0.0527963638,0.006746182,2.25107741,0.6093827,0.386871576,0.185848147,0.368236631
Mankey,combo_03,3.2,3.19560528,0.06374528,-0.0012550354,2.26701,0.576617539,0.4129697,0.217324257,0.400890648
Mankey,combo_03,3.2166667,3.14909124,0.08794211,-0.0230534747,2.282461,0.562944651,0.4257922,0.2347207,0.416819066
Mankey,combo_03,3.23333335,3.095166,0.125405177,-0.0617115,2.29175973,0.5705624,0.428858042,0.24967365,0.4245336
Mankey,combo_03,3.25,3.040806,0.202524886,-0.164299741,2.307682,0.6022553,0.43660894,0.269743979,0.432109267
Mankey,combo_03,3.26666665,2.98265028,0.3225722,-0.2858709,2.33533287,0.6280267,0.434933722,0.2887158,0.436971277
Mankey,combo_03,3.2833333,2.9049716,0.446522176,-0.3687737,2.35981822,0.6402265,0.408709973,0.3053402,0.438971967
Mankey,combo_03,3.3,2.83115888,0.567419,-0.430893719,2.38791752,0.6443945,0.374347359,0.32008788,0.437963724
Mankey,combo_03,3.3166666,2.79398155,0.637137532,-0.456310183,2.41577768,0.6454519,0.364047378,0.332206726,0.433799118
Mankey,combo_03,3.33333325,2.768957,0.6779003,-0.460260451,2.44115734,0.646163166,0.3665784,0.340921879,0.426330328
Mankey,combo_03,3.35,2.74311662,0.7220471,-0.4617989,2.46780467,0.6473439,0.3668209,0.345727533,0.415410131
Mankey,combo_03,3.36666656,2.72097158,0.758203745,-0.4551158,2.49498367,0.649098337,0.370027155,0.346235573,0.4008904
Mankey,combo_03,3.38333344,2.69989681,0.7886248,-0.447500259,2.52286148,0.6515209,0.375432223,0.341920584,0.381865948
Mankey,combo_03,3.4,2.679965,0.814566,-0.441622883,2.55191135,0.6541532,0.381932735,0.333271235,0.358088285
Mankey,combo_03,3.41666675,2.66286278,0.8382507,-0.436019957,2.58189631,0.6569838,0.388609231,0.321121424,0.330398947
Mankey,combo_03,3.4333334,2.644922,0.8598752,-0.431154728,2.61241221,0.6599066,0.394518852,0.305518717,0.299641043
Mankey,combo_03,3.45,2.62261581,0.879929543,-0.427005619,2.64309287,0.6625896,0.398331016,0.285852522,0.266231656
Mankey,combo_03,3.4666667,2.59602046,0.897447467,-0.4235357,2.67348051,0.66451627,0.398664,0.261982322,0.231147364
Mankey,combo_03,3.48333335,2.5655632,0.9148352,-0.4224512,2.70412874,0.6710569,0.395843327,0.23528862,0.19606024
Mankey,combo_03,3.5,2.526794,0.920447,-0.422570229,2.73135853,0.663538,0.3847294,0.20849815,0.162646189
Mankey,combo_03,3.51666665,2.46972442,0.9000721,-0.4262389,2.750778,0.6151879,0.35626632,0.180230811,0.129514262
Mankey,combo_03,3.5333333,2.405321,0.8719534,-0.436311364,2.76223516,0.5534028,0.319588631,0.156221017,0.103065744
Mankey,combo_03,3.55,2.34238863,0.8448786,-0.45386976,2.76538444,0.4926469,0.2826802,0.143987134,0.09133501
Mankey,combo_03,3.5666666,2.280557,0.824592769,-0.476032376,2.76419187,0.445988178,0.249888778,0.134860083,0.08803429
Mankey,combo_03,3.58333325,2.22677374,0.816818357,-0.5008199,2.76586723,0.4401111,0.231346667,0.123051308,0.09050418
Mankey,combo_03,3.6,2.17608619,0.808614969,-0.5223976,2.765897,0.447756231,0.2148289,0.108242713,0.09589692
Mankey,combo_03,3.61666656,2.12154675,0.7946414,-0.536770344,2.76012063,0.4497053,0.192234635,0.09143337,0.100842081
Mankey,combo_03,3.63333344,2.07448649,0.776236832,-0.543702,2.75005412,0.453137636,0.168578774,0.0781497359,0.104247227
Mankey,combo_03,3.65,2.04520917,0.755444944,-0.54584,2.73686838,0.458581954,0.145218059,0.06913655,0.102932
Mankey,combo_03,3.66666675,2.02601767,0.7357477,-0.5462457,2.72196841,0.466371059,0.123421907,0.0642939061,0.09978852
Mankey,combo_03,3.6833334,2.01177454,0.7186045,-0.5458531,2.70695186,0.476590723,0.104377933,0.0624555647,0.0964460447
Mankey,combo_03,3.7,2.00137258,0.703294754,-0.5451598,2.693529,0.489093453,0.08920702,0.0607383661,0.09351167
Mankey,combo_03,3.7166667,1.9934442,0.689329743,-0.5443212,2.68316913,0.5034707,0.07901042,0.05939286,0.0925103948
Mankey,combo_03,3.73333335,1.9886167,0.6760298,-0.5435926,2.676204,0.5187906,0.0741374642,0.05786804,0.09231662
Mankey,combo_03,3.75,1.98658514,0.663427,-0.5429441,2.67213035,0.5341193,0.074088864,0.0557385646,0.0922322944
Mankey,combo_03,3.76666665,1.98545086,0.6518993,-0.541951,2.6699717,0.548775,0.07774101,0.05362597,0.0923944041
Mankey,combo_03,3.7833333,1.98438168,0.6415325,-0.54044795,2.668932,0.562223136,0.0842039138,0.0518726,0.09266659
Mankey,combo_03,3.8,1.98273,0.632988036,-0.538353741,2.668409,0.5745436,0.0925336853,0.05052231,0.0929124653
Mankey,combo_03,3.8166666,1.98052526,0.627632856,-0.535976052,2.66777372,0.5856337,0.10214854,0.04953702,0.09307101
Mankey,combo_03,3.83333325,1.97804284,0.6261926,-0.5337317,2.66656756,0.5958751,0.112586215,0.0487021,0.0932487
Mankey,combo_03,3.85,1.97511244,0.6285617,-0.5317368,2.66461539,0.6062508,0.123016015,0.0477049,0.09351732
Mankey,combo_03,3.86666656,1.97177851,0.6327297,-0.529735863,2.6617384,0.616156161,0.132813156,0.0467902236,0.09381466
Mankey,combo_03,3.88333344,1.96838784,0.6367322,-0.527451,2.65797067,0.625210464,0.141351789,0.04613305,0.09409762
Mankey,combo_03,3.9,1.96506715,0.6397064,-0.524479,2.65293932,0.6338161,0.148997441,0.0455306433,0.094380416
Pepe,combo_01,0,-0.279690683,0.6898479,-0.5655857,0.4620955,0.6835008,0.1606816,1.32471085,0.70385
Pepe,combo_01,0.0166666675,-0.258440673,0.8218426,-0.609091341,0.609161854,0.7212464,-0.0134452516,1.34502,0.7092181
Pepe,combo_01,0.0333333351,-0.170049936,0.8266859,-0.468556821,0.647840858,0.7706931,-0.221906915,1.38768625,0.7217031
Pepe,combo_01,0.05,-0.07388508,0.9991911,-0.3863038,0.609655142,0.811041057,-0.386942327,1.42702913,0.7360109
Pepe,combo_01,0.06666667,0.0385796428,1.06944275,-0.238576144,0.5596674,0.838441849,-0.478893518,1.44929218,0.7470276
Pepe,combo_01,0.0833333358,0.10600628,1.11301684,-0.153143451,0.5639794,0.8599657,-0.476982534,1.45417678,0.7500667
Pepe,combo_01,0.1,0.147285625,1.20333791,-0.0629302859,0.5947353,0.878740966,-0.434749782,1.45369732,0.749651849
Pepe,combo_01,0.116666667,0.149871841,1.26251233,0.05085119,0.6202225,0.905241549,-0.3877067,1.45321715,0.7492367
Pepe,combo_01,0.13333334,0.103629142,1.3018322,0.159338281,0.6483138,0.9344824,-0.321630955,1.4527365,0.748821557
Pepe,combo_01,0.15,0.0179977119,1.31508112,0.233396158,0.6715865,0.9588634,-0.240675762,1.45225585,0.74840647
Pepe,combo_01,0.166666672,-0.07297527,1.30505991,0.2512253,0.6899597,0.976852357,-0.141962573,1.45177448,0.7479913
Pepe,combo_01,0.183333337,-0.119534671,1.27173,0.21918726,0.6982627,0.982088864,-0.0202705879,1.45129323,0.747576237
Pepe,combo_01,0.2,-0.145741582,1.25304031,0.144782558,0.6735087,0.9838283,0.110442504,1.45081151,0.7471614
Pepe,combo_01,0.216666669,-0.136786014,1.2447567,0.0579469055,0.6117472,0.980173349,0.222496256,1.45032954,0.7467463
Pepe,combo_01,0.233333334,-0.0990899354,1.30869615,-0.055524826,0.52726984,0.9872032,0.28833136,1.44984722,0.7463315
Pepe,combo_01,0.25,0.11371401,1.58935487,-0.261396259,0.4386255,1.02043951,0.267508924,1.44882119,0.7454495
Pepe,combo_01,0.266666681,0.630517364,1.68021643,-0.4265179,0.368129849,1.03352344,0.22976476,1.44888139,0.7455013
Pepe,combo_01,0.283333331,1.19576323,1.29188526,-0.213284671,0.27900812,1.04133594,0.276573956,1.46017027,0.756537
Pepe,combo_01,0.3,1.18956447,0.8180476,0.380251378,0.181727871,1.075034,0.322629154,1.45657,0.752141535
Pepe,combo_01,0.316666663,0.6499466,0.5552524,0.8091637,0.09165938,1.08178711,0.319515318,1.383907,0.689281
Pepe,combo_01,0.333333343,0.08871473,0.383941531,0.618542552,0.0215027668,1.07342756,0.300864041,1.3118217,0.627864242
Pepe,combo_01,0.35,-0.0256320387,0.421356916,0.5730828,0.000251108781,1.0804466,0.280498326,1.32289672,0.6303441
Pepe,combo_01,0.366666675,-0.08282888,0.5197116,0.623068869,-0.00226949714,1.08715129,0.26374045,1.24372971,0.6460551
Pepe,combo_01,0.383333325,-0.132179052,0.5320215,0.5874407,-0.00410200655,1.08829665,0.246372581,1.22017777,0.6394919
Pepe,combo_01,0.4,-0.16277197,0.524314046,0.55965656,-0.002857279,1.08740461,0.2297291,1.23071742,0.627628148
Pepe,combo_01,0.416666657,-0.189425036,0.521086037,0.5380421,0.00100316294,1.08547068,0.214945614,1.22888088,0.616076
Pepe,combo_01,0.433333337,-0.20988296,0.515162945,0.522062063,0.007831054,1.08218014,0.204253361,1.22924423,0.603413641
Pepe,combo_01,0.45,-0.227871224,0.5116595,0.5075377,0.0161535125,1.07690418,0.197046518,1.231184,0.590652
Pepe,combo_01,0.466666669,-0.246250749,0.516210735,0.48971355,0.0254459828,1.0697614,0.1943232,1.23412871,0.5788017
Pepe,combo_01,0.483333319,-0.2625119,0.5290294,0.469989836,0.0358002819,1.06232321,0.197238714,1.2374891,0.5686569
Pepe,combo_01,0.5,-0.2836039,0.557013154,0.4302377,0.0470009819,1.052425,0.207280934,1.2391715,0.559182644
Pepe,combo_01,0.516666651,-0.316469938,0.6146369,0.321455181,0.0591429844,1.04219556,0.224708661,1.23733652,0.549179852
Pepe,combo_01,0.533333361,-0.309476674,0.6652366,0.199790463,0.08264805,1.03901291,0.252695978,1.23309159,0.539933562
Pepe,combo_01,0.55,-0.2620986,0.6881014,0.115415014,0.131241426,1.03911221,0.28939575,1.22729814,0.5320338
Pepe,combo_01,0.566666663,-0.189400122,0.689912,0.08112495,0.218938872,1.05542791,0.327869862,1.22213507,0.5269753
Pepe,combo_01,0.5833333,-0.09117019,0.680573165,0.125961348,0.359713256,1.084995,0.359333783,1.22186184,0.528106034
Pepe,combo_01,0.6,0.02322027,0.670448661,0.192859441,0.539714,1.11723721,0.354816556,1.23096728,0.5387746
Pepe,combo_01,0.6166667,0.146873921,0.663082242,0.250717938,0.7366793,1.15266418,0.2902749,1.25305331,0.561466634
Pepe,combo_01,0.6333333,0.272365361,0.6523603,0.309203178,0.8901174,1.18099654,0.152806163,1.28535676,0.5925804
Pepe,combo_01,0.65,0.4050926,0.649239,0.3598314,0.9414366,1.20179021,-0.0375406444,1.32679725,0.6308471
Pepe,combo_01,0.6666667,0.5492452,0.6511992,0.372333348,0.8649228,1.21969032,-0.220543534,1.3720845,0.672360837
Pepe,combo_01,0.683333337,0.694037735,0.6692958,0.308048368,0.65999,1.23748,-0.3279979,1.41980255,0.717237532
Pepe,combo_01,0.7,0.770729363,0.704476237,0.155411661,0.407898277,1.26081181,-0.294703782,1.4561379,0.752141535
Pepe,combo_01,0.716666639,0.7146623,0.7639119,-0.0237426162,0.2092346,1.28110325,-0.112046793,1.46135724,0.7571278
Pepe,combo_01,0.733333349,0.548218369,0.848399758,-0.103079244,0.146971941,1.27909648,0.150418639,1.45612764,0.752141535
Pepe,combo_01,0.75,0.379505277,0.923680961,-0.0255775452,0.234726891,1.255462,0.396279782,1.45595789,0.752141535
Pepe,combo_01,0.766666651,0.3159016,0.9714084,0.163427055,0.428760469,1.211841,0.5518709,1.4559195,0.752141535
Pepe,combo_01,0.783333361,0.406319052,0.9719673,0.363786846,0.666564,1.15717852,0.5894356,1.45599508,0.752141535
Pepe,combo_01,0.8,0.6300767,0.936598,0.533540964,0.8813659,1.10363734,0.5623247,1.455991,0.752141535
Pepe,combo_01,0.816666663,0.927436531,0.8782749,0.613045037,1.04181337,1.04619646,0.5268018,1.45591676,0.752141535
Pepe,combo_01,0.8333333,1.332377,0.8300305,0.580941141,1.16892612,0.958726048,0.5454261,1.45583022,0.752141535
Pepe,combo_01,0.85,1.85320032,0.8717771,0.1998047,1.160468,0.8171693,0.677193761,1.46417665,0.7599091
Pepe,combo_01,0.8666667,1.93379331,0.9625203,-0.497694135,1.0865972,0.8419773,0.6701049,1.45561838,0.7521415
Pepe,combo_01,0.8833333,1.53118813,0.9690343,-1.00340116,1.177282,0.8280141,0.6334504,1.36292768,0.687380552
Pepe,combo_01,0.9,0.9904217,0.8942237,-1.10267329,1.29086089,0.7654504,0.5703721,1.22359908,0.6278641
Pepe,combo_01,0.9166667,0.583113,0.895141244,-0.932668447,1.36791468,0.7016497,0.4548773,1.15658355,0.642221868
Pepe,combo_01,0.933333337,0.3548345,0.9184841,-0.673433661,1.39717484,0.668120563,0.303079456,1.11796045,0.6698187
Pepe,combo_01,0.95,0.265319616,0.93674016,-0.5346987,1.39471078,0.6712246,0.163471788,1.10933506,0.665051758
Pepe,combo_01,0.966666639,0.1944616,0.9543407,-0.440430224,1.375838,0.6885217,0.03536994,1.120501,0.6514588
Pepe,combo_01,0.983333349,0.120762259,0.9373754,-0.319106042,1.35632133,0.7083947,-0.08309289,1.12731051,0.6374235
Pepe,combo_01,1,0.06993824,0.89856,-0.183069959,1.32704759,0.7259331,-0.201110989,1.13898277,0.6267656
Pepe,combo_01,1.01666665,0.05185333,0.8308249,-0.05287703,1.26690531,0.7507173,-0.3274223,1.14756608,0.614128649
Pepe,combo_01,1.0333333,0.07569814,0.747586966,0.06071146,1.18375349,0.7715295,-0.4282163,1.1564604,0.6037423
Pepe,combo_01,1.05,0.125822246,0.6881169,0.165862069,1.09852779,0.7815282,-0.489904642,1.16739631,0.5972628
Pepe,combo_01,1.06666672,0.1896559,0.6527309,0.255854964,1.02550757,0.775864542,-0.5200954,1.17946911,0.593094
Pepe,combo_01,1.08333337,0.253527939,0.6674546,0.348015934,0.9794108,0.7430879,-0.5264266,1.19051075,0.58989054
Pepe,combo_01,1.1,0.3245983,0.702345848,0.442836761,0.9454371,0.698977232,-0.51908344,1.20109987,0.5885059
Pepe,combo_01,1.11666667,0.414036244,0.7444447,0.5347949,0.9125708,0.64537394,-0.4971258,1.21382582,0.589890063
Pepe,combo_01,1.13333333,0.5061,0.7767509,0.6098585,0.879235744,0.6048563,-0.4698932,1.2282933,0.594993234
Pepe,combo_01,1.15,0.595607162,0.7791603,0.6675697,0.8455204,0.589380264,-0.441354841,1.24422693,0.6046332
Pepe,combo_01,1.16666663,0.6429453,0.7519351,0.687487245,0.810955167,0.607599556,-0.444492131,1.26289284,0.617675364
Pepe,combo_01,1.18333328,0.620038152,0.743710458,0.6656443,0.7774386,0.712650239,-0.5304345,1.28361511,0.6338163
Pepe,combo_01,1.2,0.6525024,0.7633882,0.667482,0.7342779,0.890722632,-0.594333,1.304376,0.6513286
Pepe,combo_01,1.2166667,0.754472256,0.7748965,0.6831453,0.67516315,1.09263408,-0.5531305,1.32627487,0.6699023
Pepe,combo_01,1.23333335,0.8741549,0.756678462,0.7052368,0.642225862,1.23908234,-0.40601033,1.343933,0.684981644
Pepe,combo_01,1.25,0.86749953,0.728754,0.726722836,0.6277137,1.2163676,-0.253857851,1.35132813,0.6895924
Pepe,combo_01,1.26666665,0.8563237,0.687879443,0.739809334,0.629736662,1.108461,-0.116795249,1.35517049,0.690682232
Pepe,combo_01,1.2833333,0.889026046,0.5506568,0.745937169,0.662354946,0.959820867,-0.008618284,1.359844,0.6934232
Pepe,combo_01,1.3,1.01840162,0.382497132,0.723379254,0.7000452,0.780752242,0.115904793,1.36440933,0.6960742
Pepe,combo_01,1.31666672,1.342407,0.2616915,0.5561603,0.7912381,0.597649,0.342259526,1.36898041,0.698667645
Pepe,combo_01,1.33333337,1.5593679,0.29557538,0.2001426,1.06100857,0.440307081,0.5423997,1.37347817,0.7012362
Pepe,combo_01,1.35,1.50301242,0.494378626,-0.04925412,1.49436867,0.341285944,0.5692704,1.37795138,0.7038122
Pepe,combo_01,1.36666667,1.4531858,0.7068385,-0.147749782,1.88239169,0.418885559,0.3958112,1.38244879,0.70642823
Pepe,combo_01,1.38333333,1.21502709,0.804740965,-0.36654532,2.09638453,0.7157135,0.216075718,1.38701785,0.7091169
Pepe,combo_01,1.4,0.9069455,0.756055832,-0.290588439,2.19725156,0.998902,0.0568500645,1.39170551,0.7119103
Pepe,combo_01,1.41666663,0.87442565,0.727192938,-0.214111924,2.2232933,1.081423,0.00786558,1.39655769,0.7148414
Pepe,combo_01,1.43333328,0.870161057,0.735950768,-0.214410335,2.23077369,1.09330928,0.008565232,1.40161848,0.717942655
Pepe,combo_01,1.45,0.8585655,0.7222902,-0.1875977,2.23508978,1.11451328,-0.00139610842,1.40693009,0.721246362
Pepe,combo_01,1.4666667,0.8493501,0.711496949,-0.170657948,2.23599386,1.12330282,-0.00424949545,1.41252029,0.7247852
Pepe,combo_01,1.48333335,0.843523145,0.706171751,-0.162642211,2.237717,1.12623882,-0.00266347453,1.418453,0.728591442
Pepe,combo_01,1.5,0.838847041,0.704360843,-0.161099955,2.23967576,1.12603378,0.0019043684,1.42479193,0.732697845
Pepe,combo_01,1.51666665,0.8359516,0.705348253,-0.16391781,2.24331856,1.1270597,0.007676523,1.4316088,0.7371368
Pepe,combo_01,1.5333333,0.8328005,0.705674052,-0.168186,2.247042,1.1312263,0.0138045652,1.43895161,0.7419408
Pepe,combo_01,1.55,0.8280081,0.7029049,-0.171749979,2.24949,1.14115751,0.0194829255,1.44684029,0.747142255
Pepe,combo_01,1.56666672,0.822416544,0.695068359,-0.172297508,2.25111079,1.16087091,0.0235303678,1.45506334,0.752774
Pepe,combo_01,1.58333337,0.816179633,0.6816224,-0.166675121,2.24857068,1.1631093,0.0248624273,1.46868515,0.761025846
Pepe,combo_01,1.6,0.8131283,0.658157349,-0.156745821,2.250396,1.23675942,0.0229905583,1.47102129,0.764489055
Pepe,combo_01,1.61666667,0.819308162,0.6166298,-0.14466773,2.195101,1.48231769,0.0157968067,1.38863134,0.7524672
Pepe,combo_01,1.63333333,0.83383286,0.5656913,-0.1315064,1.97840428,1.76927733,0.0197611973,1.28331435,0.7378949
Pepe,combo_01,1.65,0.8479351,0.525618136,-0.116793707,1.49874485,1.92983723,0.07647854,1.39171207,0.7332188
Pepe,combo_01,1.66666663,0.848771632,0.505091667,-0.102673873,1.15819049,1.695987,0.09348068,1.30654764,0.729202867
Pepe,combo_01,1.68333328,0.8314202,0.496977031,-0.09501882,1.13292241,1.63054824,0.09154287,1.26341462,0.718962848
Pepe,combo_01,1.7,0.8046062,0.5037621,-0.08906496,1.16033852,1.65587664,0.08844944,1.26082921,0.7078902
Pepe,combo_01,1.7166667,0.773179233,0.522994459,-0.0865544751,1.18465757,1.65395582,0.08294644,1.23588562,0.700027049
Pepe,combo_01,1.73333335,0.752766132,0.535025954,-0.08651036,1.20371294,1.65293312,0.08172779,1.21056306,0.692536354
Pepe,combo_01,1.75,0.7467803,0.539185345,-0.08385139,1.214042,1.655875,0.08091218,1.18443751,0.6820662
Pepe,combo_01,1.76666665,0.7474985,0.539604068,-0.0791776,1.22133565,1.66277087,0.0827936754,1.15389025,0.665264845
Pepe,combo_01,1.7833333,0.7517811,0.536774755,-0.07454107,1.22808874,1.67162931,0.0886336342,1.11962223,0.6426712
Pepe,combo_01,1.8,0.7554492,0.535430431,-0.07058258,1.23742878,1.68396771,0.09225084,1.076708,0.6081997
Pepe,combo_01,1.81666672,0.757896066,0.5357672,-0.0672453,1.24954808,1.69875526,0.09319744,1.017101,0.55377984
Pepe,combo_01,1.83333337,0.7614474,0.5352407,-0.06409269,1.26236939,1.714079,0.09364803,0.9459642,0.485910684
Pepe,combo_01,1.85,0.766354442,0.5335349,-0.06102664,1.27522242,1.72887862,0.09393796,0.8613675,0.404530644
Pepe,combo_01,1.86666667,0.7724308,0.530761063,-0.0581700355,1.28738177,1.74222469,0.09461303,0.774485,0.321250141
Pepe,combo_01,1.88333333,0.779374242,0.5272136,-0.05577994,1.29851329,1.75334537,0.09654652,0.697274864,0.246009588
Pepe,combo_01,1.9,0.7858143,0.5243855,-0.0550101846,1.309251,1.76186013,0.09969408,0.6380393,0.183759317
Pepe,combo_01,1.91666663,0.79220897,0.52247,-0.0564081371,1.31924355,1.76752651,0.1027496,0.615047455,0.145947114
Pepe,combo_01,1.93333328,0.7993263,0.5212468,-0.0596437454,1.32759392,1.77044141,0.104499705,0.6095352,0.123016737
Pepe,combo_01,1.95,0.8063011,0.5212413,-0.06451839,1.33464241,1.77115393,0.105658531,0.608810842,0.109863564
Pepe,combo_01,1.9666667,0.8124403,0.522698164,-0.07099588,1.34075069,1.77023757,0.107325688,0.6007129,0.1045862
Pepe,combo_01,1.98333335,0.8179941,0.5254214,-0.07892385,1.345855,1.76792431,0.109467387,0.565304339,0.103784211
Pepe,combo_01,2,0.8235762,0.528948069,-0.08786352,1.34986734,1.76441693,0.112038612,0.7107086,0.307037264
Pepe,combo_01,2.01666665,0.8291501,0.5332729,-0.09829276,1.353084,1.76019478,0.11449343,0.6399755,0.313534528
Pepe,combo_01,2.0333333,0.834974766,0.5381334,-0.1105374,1.35621977,1.75588238,0.11654143,0.551333368,0.319552779
Pepe,combo_01,2.05,0.841329634,0.5432476,-0.124429308,1.35957825,1.75151157,0.118501544,0.4043464,0.319291234
Pepe,combo_01,2.0666666,0.8485044,0.548346162,-0.139861062,1.36336231,1.74693,0.120671123,0.258059829,0.317985982
Pepe,combo_01,2.08333325,0.856661558,0.553016543,-0.156903774,1.36760938,1.74235332,0.122983351,0.222744972,0.319358766
Pepe,combo_01,2.1,0.866259634,0.556695163,-0.175630614,1.37227869,1.7380079,0.125433,0.228840262,0.321785659
Pepe,combo_01,2.11666656,0.8774689,0.559345841,-0.196025938,1.37774324,1.73389685,0.128403634,0.2376511,0.324678838
Pepe,combo_01,2.13333344,0.8902833,0.561048269,-0.217867225,1.38434637,1.73002326,0.131764978,0.2523718,0.327450424
Pepe,combo_01,2.15,0.9047468,0.56157136,-0.2401171,1.39250278,1.72651958,0.135177225,0.267445236,0.329804152
Pepe,combo_01,2.16666675,0.920549035,0.5608432,-0.261786759,1.40263748,1.72346914,0.138248369,0.2806994,0.331783682
Pepe,combo_01,2.1833334,0.9372556,0.5593038,-0.283142656,1.41499233,1.72086906,0.140598416,0.2892905,0.33331123
Pepe,combo_01,2.2,0.9545355,0.557428837,-0.3042644,1.4298265,1.7186085,0.141849309,0.291945636,0.3343092
Pepe,combo_01,2.2166667,0.9723891,0.5554826,-0.324729264,1.44508743,1.71592581,0.141266361,0.2885947,0.334699929
Pepe,combo_01,2.23333335,0.9898208,0.553571463,-0.343460381,1.46564615,1.7124368,0.141119912,0.281079561,0.33440575
Pepe,combo_01,2.25,1.00644231,0.551635146,-0.3597864,1.49506867,1.70597589,0.143814057,0.271121383,0.333528966
Pepe,combo_01,2.26666665,1.02268136,0.550314069,-0.375066936,1.53034127,1.693124,0.147807062,0.25996986,0.33227703
Pepe,combo_01,2.2833333,1.03875709,0.549665153,-0.389660358,1.5720737,1.67004,0.155024052,0.248809487,0.330729723
Pepe,combo_01,2.3,1.05572319,0.5490665,-0.403737128,1.61219287,1.63677442,0.162404165,0.2388329,0.3289671
Pepe,combo_01,2.3166666,1.07233763,0.5488268,-0.418159544,1.6487112,1.59547663,0.167834014,0.2309384,0.327068985
Pepe,combo_01,2.33333325,1.08502424,0.5492423,-0.432561964,1.678871,1.5493418,0.1726601,0.226061285,0.3251153
Pepe,combo_01,2.35,1.09372175,0.5507818,-0.4482305,1.70240366,1.50149918,0.173820347,0.224177212,0.323018
Pepe,combo_01,2.36666656,1.10086012,0.5534539,-0.4648536,1.719515,1.45458925,0.171945378,0.2247062,0.320690572
Pepe,combo_01,2.38333344,1.10578537,0.557208061,-0.4811779,1.73299718,1.41137314,0.1682187,0.226959318,0.318214923
Pepe,combo_01,2.4,1.10812426,0.5622705,-0.49736616,1.74934947,1.367684,0.163747385,0.229930222,0.31567362
Pepe,combo_01,2.41666675,1.10777414,0.5687304,-0.5129932,1.77111363,1.32191718,0.159830377,0.233264446,0.313148767
Pepe,combo_01,2.4333334,1.10539341,0.5763424,-0.527566731,1.79705691,1.26934779,0.155492723,0.236862451,0.31072256
Pepe,combo_01,2.45,1.10183942,0.5846195,-0.540783942,1.82291257,1.20852745,0.1502895,0.240656808,0.308477253
Pepe,combo_01,2.4666667,1.096923,0.5934828,-0.5527103,1.845091,1.14345992,0.145020038,0.2442268,0.30649513
Pepe,combo_01,2.48333335,1.091103,0.602704167,-0.5632943,1.86201429,1.0745647,0.141934812,0.24707526,0.304858327
Pepe,combo_01,2.5,1.08497131,0.611988962,-0.572503448,1.87148631,1.00680184,0.141221315,0.248773545,0.303649127
Pepe,combo_01,2.51666665,1.07919931,0.620862663,-0.580470443,1.87326455,0.9452053,0.141745865,0.24977006,0.302796781
Pepe,combo_01,2.5333333,1.07465768,0.628957152,-0.587237656,1.86763155,0.8893732,0.144536063,0.2507366,0.302160531
Pepe,combo_01,2.55,1.07190967,0.6360553,-0.5927383,1.85568476,0.8413281,0.148578271,0.2515249,0.30171743
Pepe,combo_01,2.5666666,1.07039487,0.642117441,-0.59697175,1.84124982,0.8039615,0.152279347,0.2520412,0.3014444
Pepe,combo_01,2.58333325,1.069478,0.647374749,-0.599907637,1.82778978,0.7769192,0.153852612,0.2522896,0.301318556
Pepe,combo_01,2.6,1.068492,0.652363,-0.6020012,1.81644452,0.7569072,0.153069362,0.2522618,0.301316828
Pepe,combo_01,2.61666656,1.06723154,0.6569665,-0.6031999,1.8078177,0.7422792,0.150734663,0.2520362,0.3014163
Pepe,combo_01,2.63333344,1.065644,0.6607778,-0.602995455,1.80221093,0.7318815,0.1479901,0.251754642,0.301594
Pepe,combo_01,2.65,1.06379771,0.6639211,-0.6016291,1.79904664,0.724446833,0.145178571,0.251427233,0.301826864
Pepe,combo_01,2.66666675,1.06195533,0.6665305,-0.59942627,1.7973491,0.7189396,0.141977265,0.251027137,0.302091956
Pepe,combo_01,2.6833334,1.06000853,0.668754041,-0.596551538,1.79649413,0.714632154,0.1388976,0.2505737,0.302366346
Pepe,combo_01,2.7,1.05785525,0.6707378,-0.593167961,1.79595637,0.710971355,0.13639681,0.2500851,0.3026269
Pepe,combo_01,2.7166667,1.05549955,0.6726787,-0.589417338,1.79531932,0.7074896,0.135032654,0.249595851,0.302863061
Pepe,combo_01,2.73333335,1.05292618,0.6747584,-0.585488737,1.79420269,0.7037745,0.135337487,0.249153212,0.303077
Pepe,combo_01,2.75,1.05025256,0.676989555,-0.581544,1.79265141,0.7000172,0.137059286,0.248802051,0.30326578
Pepe,combo_01,2.76666665,1.04774916,0.6793364,-0.577783,1.790652,0.6964255,0.139974669,0.248588964,0.303426176
Pepe,combo_01,2.7833333,1.045332,0.681940556,-0.574456036,1.78816187,0.6929555,0.14442569,0.248544738,0.303554982
Pepe,combo_01,2.8,1.04285443,0.684737265,-0.5714942,1.78544879,0.6897079,0.149837121,0.2485378,0.303649127
Pepe,combo_01,2.8166666,1.04033375,0.6874683,-0.568688154,1.78255486,0.6865949,0.155415446,0.2485378,0.303649127
Pepe,combo_01,2.83333325,1.03782344,0.689846933,-0.5655881,1.77961028,0.6835028,0.1606783,0.2485378,0.303649127
Pepe,combo_01,2.83333349,1.03782344,0.689846933,-0.5655881,1.77961028,0.6835028,0.1606783,0.2485378,0.303649127
Pepe,combo_02,0,-0.279691,0.6898479,-0.565585732,0.462095439,0.683501065,0.160681143,1.32471108,0.703850269
Pepe,combo_02,0.0166666675,-0.294928432,0.686943531,-0.572569132,0.512964,0.699144363,0.111128934,1.34522772,0.709334731
Pepe,combo_02,0.0333333351,-0.310862243,0.6848404,-0.5796226,0.5537957,0.715949,0.05422667,1.389026,0.722486556
Pepe,combo_02,0.05,-0.325322449,0.6831771,-0.588854253,0.5849205,0.7342257,-0.009238862,1.430413,0.7381655
Pepe,combo_02,0.06666667,-0.3423582,0.67977947,-0.5943302,0.6067511,0.756193042,-0.07319333,1.45491374,0.750939548
Pepe,combo_02,0.0833333358,-0.3635363,0.6736156,-0.5912681,0.6232526,0.7853068,-0.127809316,1.4615525,0.7553347
Pepe,combo_02,0.1,-0.382971019,0.6680672,-0.586048365,0.641570449,0.824619055,-0.162070736,1.46252179,0.7558985
Pepe,combo_02,0.116666667,-0.4042881,0.664579868,-0.578796268,0.666611,0.878838062,-0.169537127,1.46340775,0.7563806
Pepe,combo_02,0.13333334,-0.41880855,0.658087969,-0.57188797,0.695398867,0.9459374,-0.151337817,1.46421111,0.7567881
Pepe,combo_02,0.15,-0.424509764,0.6502546,-0.569363356,0.7231617,1.02060616,-0.108467519,1.46492136,0.7571166
Pepe,combo_02,0.166666672,-0.427788645,0.642035,-0.566608667,0.742897868,1.09514284,-0.05044637,1.46554887,0.7573807
Pepe,combo_02,0.183333337,-0.426298648,0.6298501,-0.561265469,0.7513459,1.15984821,0.00933198,1.46610665,0.757597446
Pepe,combo_02,0.2,-0.423867166,0.61372757,-0.5519388,0.7514135,1.20808327,0.05762042,1.46657991,0.757755339
Pepe,combo_02,0.216666669,-0.422542751,0.595759332,-0.5392065,0.7484625,1.23834038,0.08889783,1.46695209,0.757841
Pepe,combo_02,0.233333334,-0.423004448,0.5781275,-0.5251066,0.745169461,1.25525451,0.109133795,1.4672085,0.7578415
Pepe,combo_02,0.25,-0.425267249,0.5611123,-0.5099293,0.7425495,1.26236486,0.120254695,1.467302,0.757712066
Pepe,combo_02,0.266666681,-0.427459121,0.544340253,-0.494226515,0.740552545,1.26339674,0.1248077,1.46734583,0.7575689
Pepe,combo_02,0.283333331,-0.429143518,0.5282469,-0.479132771,0.7387672,1.262223,0.126130849,1.46745825,0.7575362
Pepe,combo_02,0.3,-0.430022925,0.5131539,-0.465893447,0.7366001,1.26131308,0.128012151,1.46755564,0.7575442
Pepe,combo_02,0.316666663,-0.4298248,0.495812416,-0.449555457,0.7341209,1.26178753,0.1273475,1.467668,0.7576381
Pepe,combo_02,0.333333343,-0.4344381,0.482450962,-0.4374081,0.732539356,1.25955379,0.125442252,1.467559,0.7575967
Pepe,combo_02,0.35,-0.4534954,0.4816926,-0.4414218,0.732208669,1.24588692,0.131533787,1.46705389,0.757265151
Pepe,combo_02,0.366666675,-0.47924608,0.485603243,-0.44656384,0.733236134,1.23667157,0.132728457,1.46597433,0.756489038
Pepe,combo_02,0.383333325,-0.5006519,0.499096036,-0.464009225,0.73688,1.23012054,0.133211151,1.46597648,0.7559795
Pepe,combo_02,0.4,-0.509125233,0.520571232,-0.4839331,0.743763447,1.26299047,0.107737415,1.46136057,0.7529843
Pepe,combo_02,0.416666657,-0.484411359,0.5361832,-0.4842776,0.6814249,1.43795919,0.022285169,1.43288219,0.742475748
Pepe,combo_02,0.433333337,-0.4272354,0.5354286,-0.485422164,0.5356721,1.57106066,0.0101046162,1.397632,0.731990635
Pepe,combo_02,0.45,-0.371557117,0.524139941,-0.484054178,0.568244338,1.56181562,0.03481243,1.40897644,0.7289909
Pepe,combo_02,0.466666669,-0.322574526,0.506184638,-0.4726951,0.6628291,1.4974016,0.0514853522,1.42403388,0.7286738
Pepe,combo_02,0.483333319,-0.2850485,0.4856696,-0.4545012,0.740665555,1.41327822,0.05024148,1.42586911,0.7287164
Pepe,combo_02,0.5,-0.262280852,0.471870244,-0.439224064,0.8021909,1.31698978,0.0402506739,1.42080534,0.729141355
Pepe,combo_02,0.516666651,-0.26390475,0.469115436,-0.429979831,0.845685363,1.25767231,0.0293274429,1.4182322,0.7290446
Pepe,combo_02,0.533333361,-0.2799493,0.472353935,-0.423386872,0.8819052,1.217448,0.0131738782,1.4191426,0.7288827
Pepe,combo_02,0.55,-0.3019197,0.479129642,-0.418777585,0.911881,1.18338323,-0.006600979,1.42121661,0.728833437
Pepe,combo_02,0.566666663,-0.323954284,0.486622453,-0.422262967,0.9331653,1.18967462,-0.0301795229,1.42350614,0.728828251
Pepe,combo_02,0.5833333,-0.344529659,0.486404032,-0.433663249,0.9008013,1.30867565,-0.0592752,1.425407,0.7288603
Pepe,combo_02,0.6,-0.3504033,0.479563415,-0.447899729,0.7904001,1.41930294,-0.05598437,1.42695689,0.7289227
Pepe,combo_02,0.6166667,-0.3202263,0.4799381,-0.489437222,0.775364,1.43097556,-0.0724398345,1.42804539,0.7290087
Pepe,combo_02,0.6333333,-0.2761225,0.484434277,-0.5376945,0.804207861,1.40707541,-0.09229917,1.42871821,0.7291112
Pepe,combo_02,0.65,-0.23378931,0.488936663,-0.573044538,0.837237954,1.37258255,-0.09858901,1.42907441,0.729222059
Pepe,combo_02,0.6666667,-0.201768756,0.499343961,-0.595461369,0.880135655,1.30620265,-0.09647626,1.42928874,0.7293387
Pepe,combo_02,0.683333337,-0.202199861,0.51612854,-0.5868952,0.9163457,1.19425726,-0.09836071,1.42950261,0.7294546
Pepe,combo_02,0.7,-0.224233687,0.539423347,-0.559348,0.936252236,1.06141829,-0.09576301,1.429734,0.729574263
Pepe,combo_02,0.716666639,-0.245040864,0.5678044,-0.5303607,0.9343031,0.9214177,-0.06363267,1.42996061,0.7297
Pepe,combo_02,0.733333349,-0.272887766,0.6238822,-0.509212852,0.923227966,0.8053822,-0.033273574,1.43013072,0.7298321
Pepe,combo_02,0.75,-0.301365137,0.7612808,-0.4938853,0.9322891,0.7341449,-0.0309047177,1.43024683,0.729972661
Pepe,combo_02,0.766666651,-0.228302717,0.8643435,-0.498582423,0.9550828,0.6788028,-0.0121194571,1.43034649,0.7301233
Pepe,combo_02,0.783333361,-0.09673503,0.891580045,-0.530035257,0.9983087,0.620794356,0.0136055024,1.43042088,0.730286
Pepe,combo_02,0.8,0.0557398051,0.9041239,-0.5629494,1.0498085,0.5607804,0.0281756353,1.430468,0.7304629
Pepe,combo_02,0.816666663,0.22921212,0.9034221,-0.5897113,1.08491564,0.491907537,0.0379437953,1.430487,0.7306538
Pepe,combo_02,0.8333333,0.406763077,0.9034781,-0.6152209,1.12153542,0.4436432,0.04043722,1.43048632,0.730861247
Pepe,combo_02,0.85,0.5772766,0.908555269,-0.64251256,1.17424726,0.4278502,0.039268475,1.43047726,0.7310867
Pepe,combo_02,0.8666667,0.7460707,0.930878758,-0.682868,1.26788878,0.449622542,0.0371967927,1.4304738,0.731331468
Pepe,combo_02,0.8833333,0.8827352,1.0198226,-0.717730045,1.42299056,0.5189999,0.02956407,1.43029571,0.7314011
Pepe,combo_02,0.9,0.950899243,1.161043,-0.695362568,1.59601188,0.623918831,0.008073598,1.43054712,0.7318861
Pepe,combo_02,0.9166667,0.9253515,1.28631949,-0.5688792,1.75464547,0.760320246,-0.0253163129,1.43186319,0.7333767
Pepe,combo_02,0.933333337,0.8569713,1.261985,-0.3770694,1.87885857,0.904682636,-0.0399877653,1.434105,0.7356794
Pepe,combo_02,0.95,0.843920231,1.0923841,-0.238738179,1.97507071,1.02504134,-0.0379587,1.4374181,0.73894465
Pepe,combo_02,0.966666639,0.935232162,0.8752037,-0.217186049,2.08114552,1.10714436,-0.0164762847,1.44133389,0.742731452
Pepe,combo_02,0.983333349,1.15176976,0.7477722,-0.310403258,2.253692,1.13084459,0.0391457044,1.44491827,0.7461607
Pepe,combo_02,1,1.41914964,0.6649904,-0.432599068,2.43373966,1.12442422,0.130762875,1.44854712,0.749691069
Pepe,combo_02,1.01666665,1.72846055,0.6038549,-0.5579833,2.58357954,1.10084164,0.258319378,1.44937074,0.7505005
Pepe,combo_02,1.0333333,2.11537337,0.471880466,-0.6783723,2.6097393,1.095146,0.386576742,1.44796038,0.749193847
Pepe,combo_02,1.05,2.83617783,0.324002683,-0.57682085,2.40877533,1.15430975,0.4108879,1.44950831,0.7506537
Pepe,combo_02,1.06666672,3.31006432,0.648362458,-0.0168654919,2.19117355,1.15861,0.326421916,1.43548322,0.7378888
Pepe,combo_02,1.08333337,3.216934,0.7597223,0.5776083,2.116805,1.17292833,0.2534682,1.359125,0.6800905
Pepe,combo_02,1.1,2.7648263,0.719628334,0.9584322,2.08089423,1.198152,0.19392699,1.26468074,0.6235921
Pepe,combo_02,1.11666667,2.25248623,0.70566833,0.973135948,2.05610514,1.20960474,0.125648946,1.2484504,0.615072668
Pepe,combo_02,1.13333333,1.90446663,0.7057942,0.73959285,2.036859,1.20395911,0.0520531759,1.26198244,0.6226818
Pepe,combo_02,1.15,1.78772664,0.710649252,0.4869618,2.01962447,1.160235,-0.0336407945,1.27134049,0.6283544
Pepe,combo_02,1.16666663,1.77687621,0.7121273,0.2903807,2.01631713,1.09156263,-0.113654882,1.28646851,0.637412965
Pepe,combo_02,1.18333328,1.80689692,0.725400746,0.154326826,2.02976871,1.01341712,-0.170997232,1.304506,0.648285568
Pepe,combo_02,1.2,1.84249806,0.758639336,0.0586999059,2.05904746,0.939318359,-0.210157022,1.32253838,0.6594003
Pepe,combo_02,1.2166667,1.87153447,0.807145238,-0.0389401168,2.10324121,0.8894053,-0.24430716,1.33864546,0.6697189
Pepe,combo_02,1.23333335,1.90304244,0.820274353,-0.0942852348,2.144977,0.857517838,-0.258858,1.35486257,0.6802595
Pepe,combo_02,1.25,1.90337265,0.8043569,-0.07238139,2.17286658,0.8363307,-0.2515537,1.37261152,0.691775143
Pepe,combo_02,1.26666665,1.91051519,0.8009809,-0.008826673,2.18416166,0.814996958,-0.214315787,1.39054346,0.704023838
Pepe,combo_02,1.2833333,2.013731,0.79740113,0.0299507082,2.180161,0.7880869,-0.118983619,1.40939689,0.717914045
Pepe,combo_02,1.3,2.132373,0.790433168,0.0676055253,2.19977331,0.76310724,0.00617933273,1.42480659,0.730751634
Pepe,combo_02,1.31666672,2.23687077,0.7953469,0.08994424,2.26138926,0.7434747,0.122098081,1.43684125,0.7413531
Pepe,combo_02,1.33333337,2.31938529,0.7888602,0.247741371,2.3815608,0.7317122,0.216772676,1.43873715,0.7460944
Pepe,combo_02,1.35,2.97784185,0.7352815,0.7080798,2.58384252,0.725227237,0.262914866,1.41224325,0.7383095
Pepe,combo_02,1.36666667,3.8186655,0.8304095,0.0229992419,2.80607128,0.6951279,0.227734327,1.36263251,0.7259397
Pepe,combo_02,1.38333333,3.66842675,0.925402343,-0.69616425,2.98871732,0.6539524,0.08488651,1.302346,0.712147355
Pepe,combo_02,1.4,3.2194345,1.00522292,-1.05868328,3.05381,0.6355831,-0.146477833,1.270632,0.704601169
Pepe,combo_02,1.41666663,2.749356,1.05248451,-1.12601721,2.96518564,0.640831232,-0.3343584,1.32158029,0.7168186
Pepe,combo_02,1.43333328,2.29613781,1.06212568,-0.974906147,2.83214235,0.654759347,-0.4190106,1.39352012,0.7344137
Pepe,combo_02,1.45,1.83402,1.0345856,-0.3907389,2.761357,0.65998,-0.43714872,1.44674671,0.750254869
Pepe,combo_02,1.4666667,1.94884312,1.00482857,0.274467945,2.72751045,0.6574213,-0.4403057,1.46340132,0.7560956
Pepe,combo_02,1.48333335,2.0938673,1.01095891,0.4325515,2.70031142,0.653216362,-0.4391535,1.446481,0.7358761
Pepe,combo_02,1.5,2.14549112,1.03496957,0.458243072,2.6871798,0.6488098,-0.436799258,1.41644681,0.7059035
Pepe,combo_02,1.51666665,2.21409655,1.0559684,0.4885059,2.682042,0.644349933,-0.43551898,1.381724,0.67585
Pepe,combo_02,1.5333333,2.2620182,1.07487524,0.498210132,2.67868447,0.6382895,-0.4360577,1.34897387,0.6495592
Pepe,combo_02,1.55,2.28275681,1.087364,0.490646839,2.67472887,0.63092,-0.437742949,1.33486211,0.636715233
Pepe,combo_02,1.56666672,2.2768383,1.08937669,0.4736194,2.66416335,0.6228247,-0.4391221,1.32790375,0.629466951
Pepe,combo_02,1.58333337,2.26166344,1.08215988,0.460116029,2.64840364,0.617292941,-0.4395933,1.31617284,0.6227748
Pepe,combo_02,1.6,2.21194077,1.046619,0.439677119,2.6082685,0.6029397,-0.432102561,1.29846227,0.6178901
Pepe,combo_02,1.61666667,2.089622,0.9322719,0.386079222,2.52136922,0.5579847,-0.3811218,1.27183414,0.61384815
Pepe,combo_02,1.63333333,2.00536776,0.772039533,0.3416894,2.43827081,0.5144934,-0.274474442,1.2365917,0.609685
Pepe,combo_02,1.65,1.98270237,0.6247,0.283756137,2.39438486,0.48522985,-0.117761239,1.19287658,0.6055785
Pepe,combo_02,1.66666663,2.00335765,0.5955459,0.201163352,2.39994717,0.491302252,0.0266261026,1.14910269,0.599708855
Pepe,combo_02,1.68333328,2.050006,0.6829662,0.160383061,2.38644814,0.555723548,0.07556326,1.12173235,0.5897333
Pepe,combo_02,1.7,2.10848045,0.7809235,0.141389132,2.3637414,0.6382035,0.0999728739,1.09567606,0.5774002
Pepe,combo_02,1.7166667,2.16746569,0.8483158,0.141472012,2.351651,0.715954661,0.127112657,1.05790138,0.5625853
Pepe,combo_02,1.73333335,2.19482112,0.859409332,0.15791066,2.34789515,0.778517663,0.1590698,1.02220964,0.548565269
Pepe,combo_02,1.75,2.17972684,0.786384,0.231544167,2.35079122,0.817486048,0.203437775,0.9983578,0.5377656
Pepe,combo_02,1.76666665,2.213357,0.6670591,0.343305737,2.35508251,0.860591054,0.239827871,0.996323764,0.5326128
Pepe,combo_02,1.7833333,2.335513,0.5691502,0.464461744,2.35783315,0.9141265,0.26468274,0.9824651,0.5244394
Pepe,combo_02,1.8,2.680715,0.5541966,0.545359135,2.37337136,0.9656563,0.279307723,1.07713258,0.548951745
Pepe,combo_02,1.81666672,3.319156,1.04004359,0.356749326,2.44529533,1.00948751,0.2826402,1.34775734,0.6480194
Pepe,combo_02,1.83333337,3.28220081,1.97161257,-0.03210717,2.57958746,1.07133055,0.2598003,1.38483894,0.794478357
Pepe,combo_02,1.85,2.64071536,2.46618915,-0.164935857,2.72743273,1.17738211,0.185229555,1.47633636,0.981471539
Pepe,combo_02,1.86666667,2.0560708,2.47696352,-0.05747205,2.82782817,1.31131363,0.09045408,1.6471982,1.18994057
Pepe,combo_02,1.88333333,1.84451842,2.3969748,0.0399193168,2.85421062,1.40160108,0.04463058,1.82407,1.40347219
Pepe,combo_02,1.9,1.75358391,2.34937167,0.09245521,2.853146,1.46669948,0.02251987,2.00876045,1.6072911
Pepe,combo_02,1.91666663,1.65242839,2.26670551,0.1518004,2.84121442,1.53299463,0.0013247598,2.166446,1.77817369
Pepe,combo_02,1.93333328,1.5783416,2.184889,0.19581686,2.82118154,1.59038663,-0.0105500389,2.304353,1.92507529
Pepe,combo_02,1.95,1.52345061,2.10420442,0.228836715,2.79686069,1.639766,-0.0162290018,2.41491246,2.04401731
Pepe,combo_02,1.9666667,1.48274446,2.02214718,0.25814712,2.77050424,1.68487179,-0.01785788,2.51348233,2.15056181
Pepe,combo_02,1.98333335,1.4533062,1.93760014,0.278818756,2.7464757,1.72374451,-0.0147224087,2.61625934,2.26046419
Pepe,combo_02,2,1.43734026,1.86349189,0.293902218,2.72356725,1.76433063,-0.00691136345,2.697028,2.34661961
Pepe,combo_02,2.01666665,1.43400359,1.80958951,0.298786849,2.70178342,1.81952548,0.008223675,2.797612,2.451016
Pepe,combo_02,2.0333333,1.4357264,1.75263655,0.288797438,2.679317,1.88041222,0.0264128149,2.89617729,2.551993
Pepe,combo_02,2.05,1.44637263,1.68406224,0.278418183,2.65175033,1.93684137,0.0469016954,2.99209476,2.64910316
Pepe,combo_02,2.0666666,1.45954025,1.596957,0.25867945,2.612466,1.98690009,0.0729063153,3.08473539,2.74190569
Pepe,combo_02,2.08333325,1.47905,1.47985983,0.253492475,2.54079366,2.02123475,0.104089342,3.17330551,2.82995653
Pepe,combo_02,2.1,1.53400218,1.37508023,0.308147222,2.444219,2.03886938,0.138128251,3.256945,2.912807
Pepe,combo_02,2.11666656,1.64365458,1.27165639,0.41632542,2.302535,2.02778959,0.1915977,3.3349328,2.9900167
Pepe,combo_02,2.13333344,1.77847922,1.21402574,0.512732446,2.1615262,1.94224966,0.2627039,3.406544,3.06114078
Pepe,combo_02,2.15,1.8893975,1.19252491,0.5518404,2.108128,1.79813612,0.354696482,3.47096825,3.12573266
Pepe,combo_02,2.16666675,1.98921275,1.19663882,0.568267465,2.14612341,1.6464926,0.4438807,3.52742457,3.18334961
Pepe,combo_02,2.1833334,2.06896615,1.24275684,0.5675976,2.24631286,1.53380287,0.5011029,3.57522154,3.23354626
Pepe,combo_02,2.2,2.12660646,1.25349879,0.552586,2.352683,1.464548,0.525014758,3.61366582,3.275879
Pepe,combo_02,2.2166667,2.15626073,1.16509831,0.5374188,2.39971185,1.40191615,0.5350888,3.64564943,3.31274462
Pepe,combo_02,2.23333335,2.22758365,0.969864964,0.525310755,2.4054122,1.3117795,0.5410117,3.67460752,3.34689975
Pepe,combo_02,2.25,2.4762907,0.7378207,0.4816413,2.4160533,1.18114281,0.54341197,3.70066142,3.37843966
Pepe,combo_02,2.26666665,2.79581,0.6930734,0.327941239,2.45917416,1.05437469,0.531272948,3.72393274,3.407459
Pepe,combo_02,2.2833333,2.944314,0.7714656,-0.00179424137,2.56392431,0.946752,0.476534516,3.74453259,3.43405414
Pepe,combo_02,2.3,2.80849171,0.82833457,-0.346832335,2.66824055,0.818660855,0.391082257,3.76257467,3.45832086
Pepe,combo_02,2.3166666,2.56119442,0.82239145,-0.5047489,2.740042,0.666977167,0.316750735,3.77816844,3.48035336
Pepe,combo_02,2.33333325,2.35739136,0.8186642,-0.521503,2.78075957,0.5158696,0.2661547,3.791427,3.50024724
Pepe,combo_02,2.35,2.24536443,0.8444286,-0.4859693,2.79696655,0.425451964,0.247353613,3.802503,3.51809955
Pepe,combo_02,2.36666656,2.191354,0.867412031,-0.455676049,2.80503488,0.3613958,0.251173168,3.81154323,3.534003
Pepe,combo_02,2.38333344,2.16654348,0.8822322,-0.437450469,2.80598545,0.295606047,0.2694576,3.81865478,3.548056
Pepe,combo_02,2.4,2.16134048,0.9033074,-0.4273358,2.799091,0.238855511,0.29327333,3.823942,3.560351
Pepe,combo_02,2.41666675,2.17023587,0.929963648,-0.422804117,2.78475523,0.191546068,0.322268844,3.8275125,3.57098532
Pepe,combo_02,2.4333334,2.1922586,0.9565466,-0.425238073,2.76352,0.156670883,0.358968973,3.8294735,3.58005428
Pepe,combo_02,2.45,2.22331548,0.981040359,-0.432891667,2.736124,0.13509798,0.401185423,3.829929,3.58765173
Pepe,combo_02,2.4666667,2.25980115,1.00054431,-0.4436146,2.702841,0.12554428,0.4492638,3.828988,3.59387469
Pepe,combo_02,2.48333335,2.29757452,1.010798,-0.456524044,2.666328,0.123005152,0.496265441,3.82675648,3.598818
Pepe,combo_02,2.5,2.330809,1.01557183,-0.466484725,2.632882,0.139572755,0.5487659,3.82334185,3.602577
Pepe,combo_02,2.51666665,2.34990835,1.01754177,-0.4699531,2.61560488,0.185828313,0.6087888,3.81885028,3.605247
Pepe,combo_02,2.5333333,2.40326834,1.01074278,-0.469518185,2.57191014,0.241745636,0.682244062,3.81339025,3.60692358
Pepe,combo_02,2.55,2.52693367,1.00719535,-0.442906678,2.457519,0.300660223,0.7623676,3.80706739,3.60770226
Pepe,combo_02,2.5666666,2.72686887,1.01257575,-0.330544472,2.23536,0.340683728,0.7942062,3.799991,3.607679
Pepe,combo_02,2.58333325,2.94392085,0.9948021,0.0758149,1.81288207,0.349479377,0.577079833,3.792265,3.60694742
Pepe,combo_02,2.6,2.81122851,0.9019465,0.579244435,1.60886526,0.415684938,0.0765188038,3.7839992,3.60560441
Pepe,combo_02,2.61666656,2.36698556,0.758238852,0.831501365,1.7987088,0.565934241,-0.4256694,3.775299,3.60374522
Pepe,combo_02,2.63333344,1.9190129,0.6433547,0.720403969,2.2160635,0.757424951,-0.636190832,3.766272,3.601465
Pepe,combo_02,2.65,1.74596655,0.6047223,0.5684266,2.39345264,0.897097945,-0.613333642,3.75702524,3.59885859
Pepe,combo_02,2.66666675,1.66816115,0.592441559,0.4196464,2.47360182,1.01563072,-0.568670869,3.74766517,3.59602261
Pepe,combo_02,2.6833334,1.67697024,0.588471,0.281357169,2.52088618,1.12251961,-0.53523463,3.73829842,3.5930512
Pepe,combo_02,2.7,1.70720267,0.6140789,0.177714318,2.56855917,1.211394,-0.519452035,3.72903252,3.59004116
Pepe,combo_02,2.7166667,1.72728336,0.6270594,0.08108285,2.67548561,1.29052055,-0.497374445,3.7177012,3.58481455
Pepe,combo_02,2.73333335,1.75290775,0.62158227,0.00233089924,2.78850126,1.36430967,-0.4534071,3.702065,3.5751214
Pepe,combo_02,2.75,1.7770195,0.617501,-0.0609052628,2.8834343,1.42962646,-0.391954154,3.68184018,3.56094527
Pepe,combo_02,2.76666665,1.80007613,0.609813333,-0.113470092,2.96445,1.483795,-0.311012179,3.65679288,3.54226971
Pepe,combo_02,2.7833333,1.82271,0.6002768,-0.156689033,3.024337,1.52459776,-0.220215872,3.62684441,3.51907873
Pepe,combo_02,2.8,1.8461535,0.589625359,-0.189446554,3.06057835,1.55374289,-0.134153217,3.59201741,3.49135566
Pepe,combo_02,2.8166666,1.87280023,0.5794766,-0.21268186,3.07833338,1.576412,-0.0619722046,3.5525465,3.45908475
Pepe,combo_02,2.83333325,1.9003619,0.5725748,-0.2314952,3.08482456,1.59523678,-0.00340005616,3.50866628,3.42224979
Pepe,combo_02,2.85,1.92719984,0.5697431,-0.247062266,3.08529472,1.611713,0.0433954857,3.4606123,3.38083339
Pepe,combo_02,2.86666656,1.94940627,0.570294261,-0.260064155,3.081629,1.62641633,0.07706251,3.40862632,3.33482051
Pepe,combo_02,2.88333344,1.96463156,0.574642658,-0.272659481,3.07524967,1.63898909,0.100597508,3.35422683,3.28547525
Pepe,combo_02,2.9,1.974717,0.58148104,-0.2834328,3.06794,1.64951718,0.117312193,3.29869771,3.2338264
Pepe,combo_02,2.91666675,1.98151565,0.588996053,-0.2919997,3.06064487,1.65811515,0.128746286,3.241924,3.17950869
Pepe,combo_02,2.9333334,1.98653,0.5949825,-0.297435641,3.054135,1.66479218,0.136358172,3.18379378,3.122165
Pepe,combo_02,2.95,1.99022079,0.5972311,-0.298005372,3.04853821,1.67013443,0.139938921,3.12408543,3.06143284
Pepe,combo_02,2.9666667,1.99275768,0.5952199,-0.292884737,3.04349828,1.6750468,0.138764784,3.06271362,2.99695015
Pepe,combo_02,2.98333335,1.99478269,0.5889812,-0.281595737,3.039118,1.67970967,0.1334811,2.999755,2.92835736
Pepe,combo_02,3,1.99497449,0.5785392,-0.264971823,3.03548,1.68418157,0.124952585,2.93526149,2.8552947
Pepe,combo_02,3.01666665,1.99523067,0.565838754,-0.249075577,3.031931,1.68939817,0.113364823,2.86995721,2.77840877
Pepe,combo_02,3.0333333,1.99633741,0.55075,-0.233495891,3.027679,1.6959,0.101346895,2.81394482,2.70728755
Pepe,combo_02,3.05,1.99448955,0.535835564,-0.213598609,3.02438712,1.70676637,0.101525314,2.73491383,2.63456631
Pepe,combo_02,3.0666666,2.00171852,0.5181667,-0.197600126,3.02204084,1.71387,0.0953549147,2.74421382,2.599727
Pepe,combo_02,3.08333325,2.01856613,0.494474173,-0.189324453,2.95749521,1.75015819,0.057638593,3.00537348,2.66420937
Pepe,combo_02,3.1,2.038159,0.48200047,-0.196053475,2.8012042,1.79734492,0.05489961,3.24597669,2.75478554
Pepe,combo_02,3.11666656,2.076648,0.477109969,-0.207264215,2.607019,1.78398442,0.0687709,3.33517742,2.81464815
Pepe,combo_02,3.13333344,2.109457,0.477487355,-0.214834929,2.43517351,1.71445572,0.07628153,3.38881326,2.8665185
Pepe,combo_02,3.15,2.12464619,0.48195,-0.230014488,2.396525,1.68175542,0.08372034,3.43546939,2.911009
Pepe,combo_02,3.16666675,2.129876,0.483841717,-0.238999173,2.39853263,1.67765772,0.0854443163,3.47003436,2.948734
Pepe,combo_02,3.1833334,2.12759972,0.481981784,-0.2399589,2.38742757,1.6688019,0.0769147649,3.49675846,2.98030782
Pepe,combo_02,3.2,2.12799621,0.481394053,-0.248690441,2.38289523,1.66517735,0.0709207356,3.52001572,3.00634241
Pepe,combo_02,3.2166667,2.13261414,0.482898057,-0.265071034,2.383258,1.66557908,0.0685942,3.54128027,3.02745175
Pepe,combo_02,3.23333335,2.13608956,0.484246582,-0.279313922,2.385376,1.66895735,0.06579672,3.55928063,3.04424977
Pepe,combo_02,3.25,2.13780141,0.485294938,-0.291016966,2.388837,1.67474151,0.0624018535,3.57427573,3.05734921
Pepe,combo_02,3.26666665,2.13904381,0.486874938,-0.303601563,2.39401412,1.68270075,0.058881782,3.58644128,3.067364
Pepe,combo_02,3.2833333,2.13965845,0.4890157,-0.3168937,2.40108919,1.69220138,0.05506154,3.5961144,3.074907
Pepe,combo_02,3.3,2.139721,0.491644681,-0.3306368,2.41035485,1.702703,0.050876487,3.60366,3.08059216
Pepe,combo_02,3.3166666,2.139777,0.4948284,-0.3448464,2.422066,1.71355414,0.0463201776,3.609478,3.08503246
Pepe,combo_02,3.33333325,2.14064145,0.498582125,-0.359638929,2.43642354,1.724043,0.0414708629,3.61399055,3.08884168
Pepe,combo_02,3.35,2.14237666,0.502876759,-0.374804765,2.45288539,1.73334587,0.03652019,3.61676,3.091762
Pepe,combo_02,3.36666656,2.144504,0.5075667,-0.389721781,2.4713366,1.74067187,0.0314076357,3.61717725,3.09335685
Pepe,combo_02,3.38333344,2.14931345,0.5121388,-0.404433876,2.49222565,1.74542129,0.0267243646,3.61494541,3.09350777
Pepe,combo_02,3.4,2.15686178,0.516079545,-0.418994844,2.51582217,1.74666,0.0225179158,3.61066842,3.09302735
Pepe,combo_02,3.41666675,2.16456032,0.5191961,-0.432472318,2.543523,1.74339449,0.0183990933,3.60528851,3.09270167
Pepe,combo_02,3.4333334,2.170323,0.521763444,-0.443876684,2.5782342,1.73521221,0.0150522646,3.59881854,3.092493
Pepe,combo_02,3.45,2.172603,0.5239521,-0.4530363,2.62160516,1.72084,0.0135059189,3.591436,3.092904
Pepe,combo_02,3.4666667,2.17447639,0.5263448,-0.4609636,2.671715,1.69955254,0.016037086,3.58203888,3.09309769
Pepe,combo_02,3.48333335,2.17749858,0.5291091,-0.4683445,2.723907,1.671603,0.0232558791,3.570222,3.09256864
Pepe,combo_02,3.5,2.18218756,0.532194853,-0.4753254,2.77425146,1.63829708,0.03447824,3.55596256,3.09081459
Pepe,combo_02,3.51666665,2.188587,0.534927,-0.480821,2.82215714,1.60055971,0.0496939979,3.538861,3.087206
Pepe,combo_02,3.5333333,2.19555759,0.5369414,-0.483923435,2.86839437,1.558081,0.06802732,3.51908088,3.08161664
Pepe,combo_02,3.55,2.20289755,0.538502455,-0.4845627,2.913585,1.51027668,0.0873585343,3.49620271,3.0732913
Pepe,combo_02,3.5666666,2.20986676,0.540293038,-0.484721541,2.95659971,1.45660222,0.1050424,3.469852,3.06147432
Pepe,combo_02,3.58333325,2.21782947,0.54292345,-0.48603636,2.99748063,1.39534128,0.119534276,3.440319,3.04604053
Pepe,combo_02,3.6,2.22658777,0.545992851,-0.488249481,3.03505659,1.32267749,0.131388322,3.40740967,3.02636
Pepe,combo_02,3.61666656,2.235094,0.549403548,-0.491355956,3.0649662,1.23656869,0.142235562,3.370803,3.00165272
Pepe,combo_02,3.63333344,2.2431972,0.5533376,-0.495022029,3.08020234,1.14148176,0.151221991,3.331342,2.97224665
Pepe,combo_02,3.65,2.25035954,0.5578815,-0.499016434,3.07748413,1.04332078,0.158646092,3.28872418,2.9379847
Pepe,combo_02,3.66666675,2.255853,0.5631056,-0.5030335,3.057329,0.950014353,0.1658856,3.244107,2.89954066
Pepe,combo_02,3.6833334,2.25935817,0.5696131,-0.5075687,3.02416873,0.8689779,0.174560368,3.19886518,2.85760713
Pepe,combo_02,3.7,2.26082444,0.577885032,-0.513165951,2.98401,0.8024381,0.187241435,3.1520865,2.81203318
Pepe,combo_02,3.7166667,2.25973749,0.587741137,-0.519438148,2.94386339,0.7522987,0.2016917,3.103242,2.76294684
Pepe,combo_02,3.73333335,2.255563,0.5989495,-0.5259039,2.90992141,0.7176409,0.212749362,3.05183387,2.71047449
Pepe,combo_02,3.75,2.24772573,0.611968756,-0.532972455,2.88551784,0.6953781,0.216608226,2.99717665,2.65474057
Pepe,combo_02,3.76666665,2.23640585,0.6267854,-0.5406786,2.86999416,0.681724668,0.214796022,2.9387784,2.59587145
Pepe,combo_02,3.7833333,2.221952,0.6418074,-0.5479105,2.86097312,0.674114943,0.210293025,2.87721658,2.53399563
Pepe,combo_02,3.8,2.20518446,0.655795038,-0.554063559,2.85616922,0.6705699,0.204705089,2.81296349,2.46923661
Pepe,combo_02,3.8166666,2.186866,0.66784966,-0.5585716,2.85442281,0.669845462,0.197666958,2.74588966,2.40172076
Pepe,combo_02,3.83333325,2.16792965,0.6771217,-0.56111443,2.8550334,0.671101868,0.188491255,2.67571783,2.33157659
Pepe,combo_02,3.85,2.1501193,0.6831233,-0.562064,2.85722518,0.673205733,0.178340152,2.60839224,2.26563787
Pepe,combo_02,3.86666656,2.13515139,0.6865935,-0.562099457,2.86005783,0.676042438,0.1695405,2.52334332,2.183641
Pepe,combo_02,3.88333344,2.124271,0.6885288,-0.562040865,2.86263585,0.6792724,0.163406283,2.396285,2.0612874
Pepe,combo_02,3.9,2.117898,0.6894773,-0.5625325,2.86420941,0.6816404,0.159531787,2.24608517,1.9174639
Pepe,combo_02,3.91666675,2.11433625,0.690353751,-0.563265443,2.86482716,0.683230639,0.157226473,2.07564664,1.7553556
Pepe,combo_02,3.9333334,2.11124921,0.691333532,-0.563485146,2.864935,0.6839733,0.155913085,1.908682,1.5977366
Pepe,combo_02,3.95,2.1087718,0.691968739,-0.563440859,2.86465621,0.683863,0.155225754,1.77559984,1.4730916
Pepe,combo_02,3.9666667,2.10709882,0.692087948,-0.563454449,2.864138,0.683635056,0.1547617,1.66213179,1.3650713
Pepe,combo_02,3.98333335,2.105867,0.6920656,-0.5635849,2.863396,0.683272839,0.154455215,1.55631125,1.260044
Pepe,combo_02,4,2.104713,0.6923114,-0.5639013,2.86260962,0.682778656,0.154390037,1.44576776,1.14437318
Pepe,combo_02,4.016667,2.103644,0.6927595,-0.5643597,2.861789,0.6821821,0.154545248,1.32277226,1.00935817
Pepe,combo_02,4.0333333,2.1029284,0.693187237,-0.564927638,2.86091447,0.6815202,0.1548895,1.18891454,0.8612344
Pepe,combo_02,4.05,2.10248923,0.693584442,-0.5655639,2.860012,0.6808177,0.155364156,1.04929757,0.70872885
Pepe,combo_02,4.0666666,2.10224938,0.693939149,-0.5662278,2.85911036,0.6800995,0.155911028,0.9093088,0.560581148
Pepe,combo_02,4.08333349,2.10213518,0.6942395,-0.5668763,2.85823774,0.6793903,0.156471536,0.7680327,0.418253839
Pepe,combo_02,4.1,2.102068,0.6944733,-0.5674684,2.85742283,0.6787137,0.156988442,0.637511253,0.293085963
Pepe,combo_02,4.116667,2.10197186,0.694628656,-0.5679617,2.856692,0.6780935,0.157403767,0.527850032,0.1939268
Pepe,combo_02,4.133333,2.10177183,0.6946917,-0.568314135,2.85607624,0.6775537,0.157660335,0.431637883,0.125579536
Pepe,combo_02,4.15,2.101484,0.694643557,-0.5684847,2.85556,0.6770758,0.15781565,0.339369982,0.09948381
Pepe,combo_02,4.16666651,2.10115075,0.694463253,-0.5684344,2.8551147,0.6766295,0.157957032,0.250268817,0.104590982
Pepe,combo_02,4.1833334,2.10082817,0.694194257,-0.568248749,2.8547523,0.676222265,0.158073291,0.177773654,0.137266248
Pepe,combo_02,4.2,2.10059476,0.6938941,-0.568042755,2.854483,0.675861359,0.158153281,0.116319247,0.186700881
Pepe,combo_02,4.2166667,2.10044456,0.6935684,-0.56782,2.85431767,0.6755538,0.158185661,0.06610959,0.2438828
Pepe,combo_02,4.233333,2.10037255,0.6932235,-0.567584634,2.85426879,0.6753076,0.158159614,0.0442784652,0.29979378
Pepe,combo_02,4.25,2.100373,0.6928666,-0.5673403,2.854294,0.675105453,0.158107758,0.058406774,0.341471076
Pepe,combo_02,4.266667,2.10044026,0.6925025,-0.567090631,2.85434437,0.674924731,0.158071488,0.08705663,0.371752381
Pepe,combo_02,4.2833333,2.10056853,0.692137,-0.566838,2.85441542,0.6747656,0.158052251,0.106965438,0.386523068
Pepe,combo_02,4.3,2.10075188,0.6917768,-0.566587031,2.85450268,0.674628556,0.15805155,0.128475353,0.3936769
Pepe,combo_02,4.3166666,2.100984,0.691427648,-0.5663408,2.85460234,0.674515,0.15807119,0.157484278,0.400702119
Pepe,combo_02,4.33333349,2.10126042,0.6910959,-0.56610316,2.85470986,0.674424,0.1581129,0.186250061,0.405211
Pepe,combo_02,4.35,2.101575,0.690787852,-0.5658784,2.85482359,0.6743571,0.158176646,0.212059945,0.407066345
Pepe,combo_02,4.366667,2.10193,0.6905096,-0.565674663,2.85494518,0.6743147,0.158259585,0.236119851,0.406131357
Pepe,combo_02,4.383333,2.10232663,0.6902677,-0.565501332,2.855079,0.6742975,0.158357367,0.257617831,0.402269244
Pepe,combo_02,4.4,2.10276771,0.690067351,-0.5653692,2.85522866,0.674305737,0.158464313,0.275735438,0.3953434
Pepe,combo_02,4.41666651,2.10325551,0.689914644,-0.56528765,2.85539865,0.6743399,0.158576056,0.289984673,0.3852169
Pepe,combo_02,4.4333334,2.10379243,0.6898157,-0.5652671,2.85559225,0.6744004,0.158687785,0.299989849,0.371752381
Pepe,combo_02,4.45,2.10437274,0.689746559,-0.565281153,2.85580945,0.6744871,0.158798188,0.305649668,0.3541104
Pepe,combo_02,4.4666667,2.10498738,0.6896806,-0.565296233,2.85604548,0.6745981,0.158909664,0.307647675,0.332061172
Pepe,combo_02,4.483333,2.10563231,0.6896173,-0.5653117,2.856299,0.674732447,0.159021258,0.306258768,0.306384832
Pepe,combo_02,4.5,2.10630345,0.6895556,-0.5653272,2.856569,0.674889445,0.159133092,0.300482839,0.277861178
Pepe,combo_02,4.516667,2.106998,0.6894947,-0.5653422,2.85685468,0.6750685,0.15924418,0.289139122,0.246880755
Pepe,combo_02,4.5333333,2.10771179,0.68943435,-0.565356553,2.85715413,0.6752685,0.1593546,0.270519048,0.21434705
Pepe,combo_02,4.55,2.10844135,0.689374,-0.5653688,2.857466,0.6754886,0.159462824,0.244459316,0.181810528
Pepe,combo_02,4.5666666,2.1091826,0.689313,-0.565378845,2.857789,0.675727963,0.15956898,0.215222523,0.150824532
Pepe,combo_02,4.58333349,2.109933,0.6892513,-0.565386951,2.85812163,0.675986469,0.159672335,0.181695327,0.1201
Pepe,combo_02,4.6,2.110688,0.689187,-0.565392256,2.85846257,0.676262438,0.159772545,0.150986373,0.09557439
Pepe,combo_02,4.616667,2.11144352,0.689120948,-0.5653937,2.85881019,0.6765547,0.159868672,0.130657241,0.08469656
Pepe,combo_02,4.633333,2.11219764,0.689051867,-0.565391362,2.85916376,0.6768628,0.159960359,0.115540266,0.0816356838
Pepe,combo_02,4.65,2.11294484,0.6889796,-0.5653845,2.85952187,0.677186549,0.160047,0.105773158,0.0839261562
Pepe,combo_02,4.66666651,2.11368227,0.6889036,-0.5653732,2.85988283,0.6775249,0.16012767,0.09458794,0.08892678
Pepe,combo_02,4.6833334,2.114407,0.688823342,-0.5653573,2.86024618,0.677875757,0.160202116,0.0805554,0.09351255
Pepe,combo_02,4.7,2.11511517,0.688738167,-0.5653363,2.86060953,0.6782391,0.160269231,0.06847695,0.0966702551
Pepe,combo_02,4.7166667,2.11580253,0.6886476,-0.565309763,2.86097169,0.678613663,0.160328612,0.0537906326,0.0954506248
Pepe,combo_02,4.733333,2.11646581,0.6885516,-0.5652776,2.86133122,0.678999066,0.160379559,0.0419275165,0.0925356
Pepe,combo_02,4.75,2.11710882,0.6884635,-0.56524533,2.86168551,0.6793884,0.16042468,0.03435225,0.08943614
Pepe,combo_02,4.766667,2.117735,0.688398,-0.565219343,2.86202884,0.6797743,0.160467431,0.0271643344,0.08671494
Pepe,combo_02,4.7833333,2.11834121,0.6883565,-0.565199256,2.86236024,0.6801545,0.16050753,0.0227062628,0.08578649
Pepe,combo_02,4.8,2.11892533,0.6883402,-0.5651866,2.86267781,0.6805279,0.160544544,0.0191076584,0.08560678
Pepe,combo_02,4.8166666,2.11948442,0.6883503,-0.565181851,2.86298,0.680892348,0.1605779,0.0154433763,0.0855286047
Pepe,combo_02,4.83333349,2.12001586,0.688388348,-0.565186,2.86326575,0.6812462,0.16060771,0.0128897512,0.0856789351
Pepe,combo_02,4.85,2.12051725,0.688455343,-0.565198,2.86353159,0.6815886,0.160633922,0.0117543889,0.08593133
Pepe,combo_02,4.866667,2.12098575,0.6885527,-0.5652202,2.863778,0.681916833,0.160655916,0.0118664261,0.08615935
Pepe,combo_02,4.883333,2.12141752,0.6886816,-0.565252364,2.86400223,0.68222934,0.160673469,0.0134578189,0.08630636
Pepe,combo_02,4.9,2.12181139,0.6888435,-0.565295339,2.86420274,0.6825246,0.160685658,0.01467342,0.08647113
Pepe,combo_02,4.91666651,2.12216449,0.6890396,-0.5653495,2.864378,0.6828008,0.160693124,0.0131794363,0.08672022
Pepe,combo_02,4.9333334,2.122474,0.6892711,-0.565415859,2.86452627,0.683056533,0.160694972,0.0110127218,0.0869959444
Pepe,combo_02,4.95,2.122736,0.6895373,-0.565493762,2.86464572,0.683287144,0.160691768,0.009620933,0.08725834
Pepe,combo_02,4.9666667,2.12295055,0.6898481,-0.5655863,2.8647368,0.6835007,0.160681233,0.00831075,0.08752059
Pepe,combo_03,0,-0.27969107,0.6898482,-0.565585852,0.462095559,0.683501065,0.160681337,1.32471049,0.703849733
Pepe,combo_03,0.0166666675,0.00497664139,0.7527384,-0.698453367,0.4929539,0.6157948,0.187489688,1.34523487,0.7093341
Pepe,combo_03,0.0333333351,0.32052207,0.786013246,-0.752081037,0.525045455,0.5635091,0.224318951,1.38901389,0.7224859
Pepe,combo_03,0.05,0.6292967,0.7955915,-0.7300191,0.555835962,0.523942,0.267583072,1.430129,0.7381647
Pepe,combo_03,0.06666667,0.90858984,0.780467749,-0.6382372,0.589900434,0.500782669,0.315201461,1.45404422,0.7509387
Pepe,combo_03,0.0833333358,1.14766431,0.7509551,-0.495025218,0.6290795,0.492634952,0.360034823,1.460136,0.755333841
Pepe,combo_03,0.1,1.34047818,0.719708562,-0.3201371,0.6763925,0.498964339,0.390792459,1.46058381,0.7558975
Pepe,combo_03,0.116666667,1.48839188,0.696558535,-0.123804048,0.7365557,0.5194188,0.401335925,1.4608568,0.7563757
Pepe,combo_03,0.13333334,1.5839467,0.677170932,0.0785445645,0.80893755,0.5454379,0.397176743,1.46092463,0.7567737
Pepe,combo_03,0.15,1.6163137,0.6507584,0.267563,0.893927157,0.5754128,0.381397218,1.46072853,0.7570981
Pepe,combo_03,0.166666672,1.60737133,0.625102162,0.4089505,0.992150545,0.600924,0.359382182,1.460165,0.7573549
Pepe,combo_03,0.183333337,1.58220494,0.5953607,0.49977386,1.092813,0.6167935,0.3374827,1.45908892,0.757551432
Pepe,combo_03,0.2,1.56139791,0.580448031,0.5590613,1.212756,0.614836335,0.3168402,1.45748425,0.757688165
Pepe,combo_03,0.216666669,1.55657268,0.630372167,0.5814795,1.3838048,0.5776767,0.291568726,1.45553148,0.7577608
Pepe,combo_03,0.233333334,1.60286725,0.699586034,0.509745359,1.58036685,0.528555334,0.257204056,1.4535898,0.7577659
Pepe,combo_03,0.25,1.73185635,0.7539748,0.3928733,1.79065645,0.4760307,0.217961654,1.45324421,0.7592028
Pepe,combo_03,0.266666681,1.89026546,0.768825769,0.301907,1.981265,0.4378748,0.1909424,1.44989264,0.757568061
Pepe,combo_03,0.283333331,1.97525322,0.6937903,0.288596153,2.09243345,0.443881452,0.202561408,1.43776572,0.7468694
Pepe,combo_03,0.3,2.07715058,0.5654711,0.330063373,2.16486359,0.45965898,0.236563489,1.42307866,0.733074069
Pepe,combo_03,0.316666663,2.267178,0.443506926,0.384346455,2.22847319,0.477098227,0.289563477,1.40531182,0.716164351
Pepe,combo_03,0.333333343,2.55309439,0.4048935,0.4004482,2.31521177,0.486203551,0.346187681,1.39977145,0.7081022
Pepe,combo_03,0.35,2.89062548,0.5129957,0.280243218,2.46093,0.4693354,0.3521001,1.41218019,0.71577245
Pepe,combo_03,0.366666675,3.071064,0.782796741,-0.00535556674,2.610781,0.480336875,0.284777641,1.46052134,0.7543896
Pepe,combo_03,0.383333325,2.9602592,1.20717669,-0.230339661,2.71015668,0.535825,0.1227116,1.54051089,0.849227
Pepe,combo_03,0.4,2.57654047,1.61779809,-0.2822594,2.70278788,0.6413948,-0.06599486,1.57420158,0.9769934
Pepe,combo_03,0.416666657,1.93903518,1.79274213,-0.2767624,2.656387,0.7807021,-0.225542277,1.54694223,1.12492955
Pepe,combo_03,0.433333337,1.46252275,1.55167079,-0.01219666,2.56494856,0.890194535,-0.37033993,1.5167743,1.28671515
Pepe,combo_03,0.45,1.40534461,1.251104,0.2696569,2.4148438,0.9390136,-0.467679381,1.61098373,1.45686579
Pepe,combo_03,0.466666669,1.49640393,0.9879609,0.4286056,2.25786567,0.9661209,-0.5015439,1.753971,1.62011731
Pepe,combo_03,0.483333319,1.63714373,0.7914318,0.5085375,2.136708,0.991621137,-0.493103385,1.89099419,1.76181936
Pepe,combo_03,0.5,1.76438737,0.662429452,0.5349486,2.04738855,1.0172863,-0.4660252,2.01117,1.87465048
Pepe,combo_03,0.516666651,1.84356272,0.5990107,0.5434892,1.99433863,1.04313862,-0.4434432,2.07177663,1.937474
Pepe,combo_03,0.533333361,1.89444613,0.5699262,0.553650856,1.95250368,1.06110084,-0.424413174,2.10811,1.97708213
Pepe,combo_03,0.55,1.941286,0.555277944,0.5664419,1.90686381,1.07292056,-0.4005629,2.14423,2.01553917
Pepe,combo_03,0.566666663,1.97619033,0.5490585,0.5752129,1.86803722,1.08058333,-0.376313418,2.17554069,2.046231
Pepe,combo_03,0.5833333,1.9979552,0.5468102,0.5790784,1.83783448,1.08540976,-0.351757675,2.20302629,2.07057118
Pepe,combo_03,0.6,2.00872254,0.5453822,0.578209341,1.81743121,1.08732414,-0.3286911,2.226097,2.08997178
Pepe,combo_03,0.6166667,2.01073718,0.5475137,0.577266455,1.80716991,1.08646274,-0.3090097,2.24583,2.105845
Pepe,combo_03,0.6333333,2.00509214,0.551656067,0.5738857,1.80627179,1.08522618,-0.2953941,2.26330185,2.11960363
Pepe,combo_03,0.65,1.99916613,0.5574222,0.569346666,1.81287158,1.08115256,-0.289459944,2.27879453,2.1318593
Pepe,combo_03,0.6666667,1.98346925,0.5671902,0.563425362,1.82434893,1.07436073,-0.292516083,2.29162025,2.14225769
Pepe,combo_03,0.683333337,1.95404351,0.5771357,0.552439451,1.83995318,1.06692779,-0.3014746,2.30199647,2.15075922
Pepe,combo_03,0.7,1.91141689,0.590681851,0.5397543,1.85855913,1.06028771,-0.314962178,2.31003737,2.15732312
Pepe,combo_03,0.716666639,1.85282159,0.612909555,0.5253774,1.87883532,1.06088269,-0.329893827,2.31618643,2.16191
Pepe,combo_03,0.733333349,1.78147078,0.6354334,0.50405097,1.89823031,1.051144,-0.359191954,2.32125664,2.16447949
Pepe,combo_03,0.75,1.693861,0.654315054,0.4694771,1.94260359,1.01788867,-0.426921,2.3248775,2.16499257
Pepe,combo_03,0.766666651,1.59922576,0.6646813,0.411298275,2.05292034,1.00679541,-0.517774343,2.32657647,2.163408
Pepe,combo_03,0.783333361,1.507988,0.6665635,0.326777756,2.26661777,1.06216693,-0.572023034,2.32701373,2.160466
Pepe,combo_03,0.8,1.4351,0.6719532,0.225820392,2.53465819,1.22587192,-0.517844558,2.32683969,2.15689254
Pepe,combo_03,0.816666663,1.389536,0.6850595,0.124471873,2.78339028,1.49548423,-0.3190816,2.32592416,2.15263
Pepe,combo_03,0.8333333,1.36621058,0.7028459,0.03792853,2.86812162,1.62764716,-0.00603041239,2.324144,2.14762163
Pepe,combo_03,0.85,1.36139858,0.717006445,-0.0299409591,2.86014915,1.64385474,0.122919977,2.32142854,2.14181042
Pepe,combo_03,0.8666667,1.36866081,0.7259302,-0.08615148,2.85694814,1.64903033,0.161804467,2.317812,2.1351397
Pepe,combo_03,0.8833333,1.38344967,0.7293558,-0.1325139,2.85810518,1.65129387,0.19013232,2.31215262,2.12755227
Pepe,combo_03,0.9,1.40353155,0.7252485,-0.171704009,2.862816,1.65259421,0.198951021,2.30407286,2.11899114
Pepe,combo_03,0.9166667,1.42728066,0.7148129,-0.203586474,2.87137437,1.65275228,0.193556562,2.29427147,2.10893655
Pepe,combo_03,0.933333337,1.45326829,0.70053333,-0.2284886,2.88470817,1.65091372,0.175242245,2.2833817,2.09724617
Pepe,combo_03,0.95,1.481008,0.682996154,-0.250444174,2.897879,1.64920592,0.151271656,2.272512,2.08443046
Pepe,combo_03,0.966666639,1.5093019,0.6645337,-0.2718668,2.90738153,1.64930916,0.12837559,2.262795,2.071
Pepe,combo_03,0.983333349,1.536693,0.6502003,-0.292619437,2.91506529,1.64780414,0.11511711,2.25058126,2.058441
Pepe,combo_03,1,1.5604552,0.638539255,-0.3142044,2.91542339,1.65271592,0.09738239,2.22589445,2.02309942
Pepe,combo_03,1.01666665,1.57887554,0.6240986,-0.340064079,2.88363528,1.68439639,0.06264028,2.23993826,1.99205112
Pepe,combo_03,1.0333333,1.5935899,0.6104999,-0.367840171,2.81543374,1.72827053,0.0334260538,2.260351,1.97360861
Pepe,combo_03,1.05,1.59919322,0.603867054,-0.389379442,2.71462822,1.76456082,0.000232483668,2.28783846,2.00222516
Pepe,combo_03,1.06666672,1.60103607,0.6019386,-0.402263522,2.63218,1.77736819,-0.00651298743,2.32094455,2.04642963
Pepe,combo_03,1.08333337,1.60994875,0.6104264,-0.407479167,2.677854,1.76671624,0.02897422,2.351136,2.08785725
Pepe,combo_03,1.1,1.62115681,0.6185083,-0.4042046,2.76430368,1.7362355,0.06425671,2.3658576,2.121638
Pepe,combo_03,1.11666667,1.62582445,0.6057637,-0.3930319,2.80502176,1.72794533,0.08136641,2.35312223,2.13273859
Pepe,combo_03,1.13333333,1.6239934,0.5873681,-0.373424441,2.83084846,1.72796679,0.1036826,2.32928252,2.13328838
Pepe,combo_03,1.15,1.61945152,0.5728458,-0.3512201,2.85184813,1.72286558,0.148294672,2.30226278,2.13033557
Pepe,combo_03,1.16666663,1.61837733,0.5587859,-0.3327934,2.85286117,1.72817469,0.182630628,2.27710247,2.12409139
Pepe,combo_03,1.18333328,1.62192941,0.5470567,-0.3245058,2.84324265,1.73941672,0.202590331,2.26265478,2.10905123
Pepe,combo_03,1.2,1.63254917,0.5330149,-0.326808423,2.8279407,1.75799131,0.1891303,2.25918341,2.10941482
Pepe,combo_03,1.2166667,1.65538883,0.5107309,-0.334035933,2.7657516,1.79514468,0.08229344,2.27224278,2.15077782
Pepe,combo_03,1.23333335,1.69827354,0.486808121,-0.361398429,2.60460043,1.81335676,-0.00375920255,2.30358648,2.21335483
Pepe,combo_03,1.25,1.7368139,0.4710799,-0.380290926,2.41362667,1.77232814,-0.0399259739,2.34556055,2.27939677
Pepe,combo_03,1.26666665,1.75646281,0.465710253,-0.378437072,2.25674677,1.68963647,-0.0391899832,2.38231683,2.331153
Pepe,combo_03,1.2833333,1.771466,0.469697058,-0.390396625,2.21392751,1.64974582,-0.0237431284,2.41494036,2.36274719
Pepe,combo_03,1.3,1.76701379,0.4834321,-0.3831968,2.215412,1.63663054,-0.0131728146,2.44557452,2.383282
Pepe,combo_03,1.31666672,1.75750613,0.498632,-0.3560611,2.21474266,1.61954415,-0.0084679,2.47376752,2.39747334
Pepe,combo_03,1.33333337,1.76232469,0.513029,-0.343962967,2.213477,1.60908914,-0.00448112935,2.50262642,2.41003537
Pepe,combo_03,1.35,1.76612437,0.525919,-0.3362515,2.206446,1.60499835,0.0032256064,2.53223276,2.42299581
Pepe,combo_03,1.36666667,1.77472019,0.537356,-0.339019716,2.19876957,1.60525107,0.0111016361,2.56082988,2.43507338
Pepe,combo_03,1.38333333,1.78925562,0.5527175,-0.3590539,2.200713,1.6125598,0.01899068,2.587784,2.44602036
Pepe,combo_03,1.4,1.79812968,0.574160933,-0.380662233,2.21637034,1.62350893,0.0258772913,2.61309457,2.455589
Pepe,combo_03,1.41666663,1.80695641,0.593608737,-0.398600847,2.24040961,1.63304651,0.0295661073,2.63665318,2.46353149
Pepe,combo_03,1.43333328,1.82267785,0.6162255,-0.423639774,2.30056214,1.643317,0.0292575136,2.65835762,2.4696
Pepe,combo_03,1.45,1.85169637,0.6446793,-0.461069137,2.43177342,1.64134729,0.031565167,2.67809653,2.4735465
Pepe,combo_03,1.4666667,1.89754212,0.656008363,-0.503221154,2.60870552,1.59694183,0.0315190032,2.69575667,2.47512364
Pepe,combo_03,1.48333335,1.96333313,0.627575159,-0.5430274,2.81327868,1.47033215,0.02505767,2.7112143,2.47408342
Pepe,combo_03,1.5,2.02712512,0.553830743,-0.564492464,2.96035624,1.28352559,0.0253122412,2.72433186,2.47017765
Pepe,combo_03,1.51666665,2.07906055,0.461376637,-0.5699895,3.019403,1.10661948,0.02329793,2.733994,2.463159
Pepe,combo_03,1.5333333,2.12692714,0.36043036,-0.5713579,3.00490141,0.9855823,-0.0217980929,2.743264,2.45278
Pepe,combo_03,1.55,2.19421,0.289507329,-0.6008395,2.91579556,0.9522677,-0.1568858,2.755872,2.438792
Pepe,combo_03,1.56666672,2.23723173,0.303339422,-0.6157296,2.75538421,0.9535697,-0.315223068,2.767703,2.42094779
Pepe,combo_03,1.58333337,2.239919,0.405820638,-0.598026931,2.523704,0.9490459,-0.425560683,2.7746532,2.39976
Pepe,combo_03,1.6,2.18296862,0.564317,-0.5365334,2.29898334,0.919627368,-0.44426772,2.77398133,2.37621784
Pepe,combo_03,1.61666667,2.045706,0.734882832,-0.4249215,2.111174,0.888527632,-0.35894,2.76493239,2.35078931
Pepe,combo_03,1.63333333,1.9192822,0.977498233,-0.290896267,2.002079,0.972505569,-0.125799909,2.750599,2.32394123
Pepe,combo_03,1.65,1.84786355,1.30037284,-0.164824292,2.04501462,1.20858431,0.144439653,2.733465,2.29614258
Pepe,combo_03,1.66666663,1.81401825,1.62975872,-0.0334689319,2.21720338,1.52096748,0.3123908,2.715715,2.26786
Pepe,combo_03,1.68333328,1.83301377,1.93368912,0.06933659,2.42508483,1.79679573,0.3185334,2.69774222,2.239562
Pepe,combo_03,1.7,1.860697,2.163036,0.279460967,2.5368464,1.97950089,0.243880033,2.679666,2.21171546
Pepe,combo_03,1.7166667,2.29138112,2.245124,0.8083889,2.41504121,2.01770854,0.322625756,2.65213966,2.18439817
Pepe,combo_03,1.73333335,3.141374,2.26287985,0.5471573,2.29087114,2.05284643,0.3844578,2.643117,2.157079
Pepe,combo_03,1.75,3.31075144,2.27332354,-0.104605258,2.35558987,2.08433437,0.418686748,2.68427348,2.122472
Pepe,combo_03,1.76666665,3.003622,2.309908,-0.662425637,2.48650646,2.0883925,0.424010962,2.69839787,2.101834
Pepe,combo_03,1.7833333,2.22822452,2.34567523,-0.866676331,2.67336035,2.0816803,0.3198021,2.69303083,2.12416983
Pepe,combo_03,1.8,1.61120975,2.354571,-0.408876181,2.78619576,2.07554984,0.108902171,2.63334465,2.15895033
Pepe,combo_03,1.81666672,1.5337795,2.34324336,0.19980967,2.776933,2.0755167,-0.102412231,2.56368971,2.18236279
Pepe,combo_03,1.83333337,1.7552017,2.30673766,0.6028795,2.69349384,2.08742714,-0.2539606,2.502635,2.20207214
Pepe,combo_03,1.85,1.929023,2.303162,0.737234,2.62942886,2.1023643,-0.313984782,2.47933626,2.21836042
Pepe,combo_03,1.86666667,2.033663,2.3142662,0.790057242,2.58063769,2.12024927,-0.342536062,2.479607,2.23150849
Pepe,combo_03,1.88333333,2.13717723,2.31272459,0.8289382,2.52230978,2.14420772,-0.363050818,2.48784757,2.24179816
Pepe,combo_03,1.9,2.21549,2.31372428,0.8512692,2.46768165,2.16962647,-0.371029139,2.50173354,2.249511
Pepe,combo_03,1.91666663,2.27257872,2.31886649,0.865404248,2.41803861,2.19483328,-0.369726032,2.51674,2.2549274
Pepe,combo_03,1.93333328,2.31198645,2.32860947,0.8758905,2.37326241,2.21890163,-0.361998469,2.5311048,2.25833
Pepe,combo_03,1.95,2.3361702,2.34179544,0.8852428,2.333817,2.241426,-0.3501937,2.54281282,2.26000023
Pepe,combo_03,1.9666667,2.345766,2.35541034,0.894847453,2.29998946,2.262467,-0.336396545,2.54991412,2.26021814
Pepe,combo_03,1.98333335,2.341753,2.36996222,0.9048588,2.271093,2.28121448,-0.3227019,2.55284142,2.25926661
Pepe,combo_03,2,2.32625222,2.38569641,0.914667964,2.24610138,2.29685831,-0.310902357,2.553421,2.25742674
Pepe,combo_03,2.01666665,2.30311632,2.400723,0.923239231,2.22385836,2.30877876,-0.3022223,2.552144,2.25497937
Pepe,combo_03,2.0333333,2.27594876,2.41271472,0.92968,2.20330715,2.31616664,-0.297898859,2.54957461,2.25220633
Pepe,combo_03,2.05,2.24559331,2.421462,0.9333782,2.1834867,2.31776,-0.299203247,2.54637885,2.24938917
Pepe,combo_03,2.0666666,2.21545553,2.42469668,0.934014559,2.163905,2.3119278,-0.307323962,2.54325271,2.246809
Pepe,combo_03,2.08333325,2.1924448,2.41901445,0.9337847,2.14417982,2.30993152,-0.307890177,2.54009342,2.2443
Pepe,combo_03,2.1,2.164686,2.40312934,0.9265008,2.13005924,2.27271819,-0.347259581,2.53647971,2.24137783
Pepe,combo_03,2.11666656,2.12204766,2.37280345,0.9035921,2.19950938,2.14624786,-0.487584352,2.53225,2.23784542
Pepe,combo_03,2.13333344,2.066077,2.32782221,0.8667047,2.44067955,2.04191732,-0.59923774,2.527194,2.23350668
Pepe,combo_03,2.15,2.00334024,2.26989722,0.81441766,2.79312778,2.0570538,-0.552658141,2.5211,2.22816539
Pepe,combo_03,2.16666675,1.94371927,2.2018528,0.750048637,3.03546476,2.169698,-0.346288651,2.51375747,2.22162485
Pepe,combo_03,2.1833334,1.88469791,2.12460923,0.6772231,3.09911966,2.2178607,-0.216003209,2.50427485,2.21368766
Pepe,combo_03,2.2,1.8365221,2.04241967,0.5972721,3.12371659,2.22303271,-0.1438304,2.49178171,2.20415878
Pepe,combo_03,2.2166667,1.80727255,1.9560349,0.515159,3.13781214,2.215846,-0.104404695,2.47565365,2.19284129
Pepe,combo_03,2.23333335,1.79449975,1.87114644,0.43621403,3.14529347,2.19595146,-0.08456304,2.45554042,2.17953777
Pepe,combo_03,2.25,1.79195762,1.79594409,0.3639605,3.15058732,2.18215036,-0.06886853,2.43167019,2.164053
Pepe,combo_03,2.26666665,1.79708683,1.73835969,0.305177778,3.15696645,2.1674118,-0.0588541143,2.40443325,2.14618969
Pepe,combo_03,2.2833333,1.79991734,1.70625651,0.264590055,3.16517925,2.155397,-0.03513866,2.375672,2.12660146
Pepe,combo_03,2.3,1.80202174,1.68654513,0.236437216,3.17094135,2.13901615,-0.01557493,2.350261,2.10756683
Pepe,combo_03,2.3166666,1.80089653,1.67653716,0.217395768,3.17384982,2.11983633,-0.000152628869,2.33323932,2.09133315
Pepe,combo_03,2.33333325,1.80124342,1.65952039,0.1935692,3.17799735,2.11867881,-0.00330150127,2.329619,2.08014584
Pepe,combo_03,2.35,1.82234871,1.63174725,0.188636258,3.18548,2.15613723,-0.0327781066,2.31068516,2.063732
Pepe,combo_03,2.36666656,1.83367658,1.59213853,0.1285801,3.190219,2.2912755,-0.0620435737,2.36924338,2.07590723
Pepe,combo_03,2.38333344,1.85885131,1.55825186,-0.083655186,3.09248948,2.62389874,-0.0510642529,2.641399,2.17188835
Pepe,combo_03,2.4,1.94511163,1.61567211,-0.363669723,2.80652714,2.88267684,0.0278347116,2.83555484,2.27719879
Pepe,combo_03,2.41666675,2.08968353,1.83320093,-0.6390215,2.45759273,2.914204,0.08690132,2.88405657,2.32218862
Pepe,combo_03,2.4333334,2.26648021,2.18292785,-0.7588061,2.25076222,2.78783154,0.084017694,2.89785123,2.347635
Pepe,combo_03,2.45,2.40145278,2.52532244,-0.686703444,2.22935772,2.73667026,0.111996993,2.90526772,2.37437224
Pepe,combo_03,2.4666667,2.49772477,2.7836895,-0.486071616,2.24561214,2.734891,0.162789226,2.895851,2.39691639
Pepe,combo_03,2.48333335,2.55052519,2.93504119,-0.232679307,2.2777853,2.75771379,0.215791851,2.87610626,2.41531324
Pepe,combo_03,2.5,2.558144,2.99539566,-0.004091546,2.31564021,2.78584266,0.256019145,2.852249,2.42960739
Pepe,combo_03,2.51666665,2.533007,3.01544785,0.134878665,2.32290864,2.79409456,0.273910344,2.83269238,2.43984365
Pepe,combo_03,2.5333333,2.499168,3.03058553,0.226387829,2.32450414,2.79895449,0.281514436,2.81586456,2.44606757
Pepe,combo_03,2.55,2.47147846,3.0386703,0.303017616,2.33394527,2.805249,0.2858526,2.79989314,2.44832349
Pepe,combo_03,2.5666666,2.43717051,3.047334,0.362635046,2.34002686,2.81084657,0.286708921,2.7822268,2.4466567
Pepe,combo_03,2.58333325,2.396182,3.056696,0.408432335,2.34339976,2.81681466,0.284739643,2.762609,2.44111156
Pepe,combo_03,2.6,2.35274482,3.06633019,0.441791564,2.347546,2.824391,0.280272543,2.74025655,2.43173385
Pepe,combo_03,2.61666656,2.30862021,3.07386732,0.465202928,2.3532908,2.83380842,0.274542749,2.70967484,2.41627574
Pepe,combo_03,2.63333344,2.26515865,3.07708669,0.480569571,2.36142683,2.845306,0.2684698,2.67143559,2.39300442
Pepe,combo_03,2.65,2.22227669,3.0746572,0.488826364,2.37343669,2.85965943,0.263433129,2.63102531,2.36273956
Pepe,combo_03,2.66666675,2.18055654,3.06503582,0.488825679,2.39103079,2.875712,0.2602473,2.593937,2.32630229
Pepe,combo_03,2.6833334,2.14247751,3.046688,0.480410278,2.41646338,2.89196277,0.258906454,2.56411743,2.2845118
Pepe,combo_03,2.7,2.11255383,3.020672,0.465611815,2.45000029,2.90612125,0.2592746,2.53249955,2.23819017
Pepe,combo_03,2.7166667,2.0945847,2.99033475,0.4451774,2.490464,2.914698,0.260540724,2.49754,2.18945336
Pepe,combo_03,2.73333335,2.083334,2.957038,0.4211367,2.53614259,2.91579914,0.261867046,2.46030974,2.13933873
Pepe,combo_03,2.75,2.0753696,2.9204886,0.396316,2.58454037,2.90867448,0.263198882,2.41738749,2.08703828
Pepe,combo_03,2.76666665,2.07138848,2.88319516,0.372567922,2.63274384,2.89396572,0.264577359,2.369518,2.03174186
Pepe,combo_03,2.7833333,2.0674336,2.84621429,0.35091126,2.67843819,2.87343121,0.265849441,2.31449914,1.972645
Pepe,combo_03,2.8,2.05983281,2.80941677,0.331993252,2.71965957,2.84997368,0.267111748,2.25063133,1.9089359
Pepe,combo_03,2.8166666,2.0519855,2.77388954,0.313906,2.755223,2.82573581,0.268189669,2.17746019,1.83981025
Pepe,combo_03,2.83333325,2.03069973,2.734865,0.300121278,2.78265762,2.80854678,0.2725725,2.09573126,1.76445639
Pepe,combo_03,2.85,1.98078716,2.67770386,0.287563562,2.79926,2.80999517,0.2833882,2.00547,1.68207049
Pepe,combo_03,2.86666656,1.92878067,2.6086266,0.264753222,2.81026983,2.82976913,0.290871978,1.90667808,1.591841
Pepe,combo_03,2.88333344,1.88659358,2.52623725,0.228672117,2.81079841,2.875358,0.295048565,1.79942083,1.49295866
Pepe,combo_03,2.9,1.8679682,2.448872,0.173327431,2.805972,2.92327881,0.298547864,1.68481159,1.38462222
Pepe,combo_03,2.91666675,1.87306488,2.392127,0.108255886,2.80936146,2.94845271,0.29463017,1.56392491,1.26708293
Pepe,combo_03,2.9333334,1.87865019,2.389571,0.04787021,2.84675884,2.94097018,0.292753071,1.440015,1.141253
Pepe,combo_03,2.95,1.87648845,2.50987744,-0.000974211842,2.95429778,2.8768115,0.307047367,1.3173641,1.00726843
Pepe,combo_03,2.9666667,1.926013,2.685096,-0.0433150046,3.0625453,2.73879051,0.351341546,1.1912359,0.86528
Pepe,combo_03,2.98333335,2.08116174,2.88440251,-0.0498074219,3.12751055,2.53813076,0.4252519,1.05550492,0.7141679
Pepe,combo_03,3,2.342342,2.94449615,-0.0298253223,3.12312245,2.27066851,0.511513233,0.9113603,0.560582936
Pepe,combo_03,3.01666665,2.5721755,2.71405029,-0.0273897685,3.04858732,1.92288029,0.5826488,0.767842,0.416299045
Pepe,combo_03,3.0333333,2.795415,2.37361121,-0.036557883,2.90526748,1.56117344,0.6289718,0.6394042,0.293084264
Pepe,combo_03,3.05,3.01475286,1.96546543,-0.04758961,2.65717435,1.26369679,0.6031196,0.5320223,0.193926036
Pepe,combo_03,3.0666666,3.319592,1.57086718,-0.04991912,2.47466755,1.10410464,0.444587052,0.439043552,0.125578731
Pepe,combo_03,3.08333325,3.82498217,0.871403158,-0.0140784886,2.415161,1.05784857,0.203366011,0.346146882,0.0994839147
Pepe,combo_03,3.1,3.55869675,0.0540349223,0.05784966,2.42603016,0.997930646,0.0471597835,0.253587961,0.104590632
Pepe,combo_03,3.11666656,3.43005013,-0.0275992416,0.05344358,2.41470647,0.9259626,0.0770707,0.178490371,0.137265235
Pepe,combo_03,3.13333344,3.45977187,0.0405979268,0.0450477824,2.39365649,0.8511108,0.1710145,0.115027361,0.186700776
Pepe,combo_03,3.15,3.48316741,0.044556804,0.0308453031,2.391623,0.78180784,0.271613836,0.0643939748,0.243882954
Pepe,combo_03,3.16666675,3.50986075,0.05393231,0.015104996,2.40958428,0.711100042,0.366639256,0.0431150533,0.2997937
Pepe,combo_03,3.1833334,3.48978019,0.0569346,0.00727496669,2.42751932,0.657146752,0.417194933,0.05800308,0.341471672
Pepe,combo_03,3.2,3.44608045,0.06874171,-0.00135340914,2.44470024,0.621813357,0.445338726,0.0870439038,0.371752232
Pepe,combo_03,3.2166667,3.39592028,0.0948351,-0.0248604342,2.46136236,0.6070689,0.459166229,0.106957383,0.386522979
Pepe,combo_03,3.23333335,3.337768,0.135234565,-0.06654852,2.47139,0.6152837,0.462472379,0.128471419,0.393676758
Pepe,combo_03,3.25,3.27914786,0.218399,-0.177177727,2.48856068,0.6494607,0.4708308,0.157482952,0.400701851
Pepe,combo_03,3.26666665,3.21643376,0.347855747,-0.3082778,2.51837873,0.6772522,0.4690243,0.1862492,0.405210465
Pepe,combo_03,3.2833333,3.132666,0.481521,-0.397678554,2.54478335,0.6904081,0.4407451,0.2120589,0.4070657
Pepe,combo_03,3.3,3.05306816,0.6118939,-0.464667618,2.575085,0.694902837,0.403689146,0.236118913,0.406130731
Pepe,combo_03,3.3166666,3.012977,0.687077045,-0.492076218,2.605129,0.696043134,0.39258182,0.257616371,0.402268827
Pepe,combo_03,3.33333325,2.98599052,0.7310348,-0.496336162,2.63249779,0.6968101,0.395311236,0.275735,0.395342916
Pepe,combo_03,3.35,2.95812488,0.778641939,-0.497995228,2.66123343,0.6980834,0.395572722,0.289984167,0.385216475
Pepe,combo_03,3.36666656,2.93424416,0.817632556,-0.490788221,2.690543,0.6999753,0.399030268,0.2999894,0.371752024
Pepe,combo_03,3.38333344,2.91151738,0.850438058,-0.482575744,2.72060585,0.702587843,0.404858977,0.305650026,0.3541104
Pepe,combo_03,3.4,2.89002323,0.8784126,-0.4762377,2.75193286,0.7054264,0.411869,0.307647526,0.332060963
Pepe,combo_03,3.41666675,2.8715806,0.9039537,-0.470195651,2.784268,0.708478868,0.419068843,0.306258082,0.3063842
Pepe,combo_03,3.4333334,2.852234,0.927273154,-0.4649491,2.81717587,0.7116308,0.425441623,0.3004829,0.2778619
Pepe,combo_03,3.45,2.82817912,0.9488993,-0.460474759,2.85026121,0.7145241,0.4295526,0.28913945,0.246880829
Pepe,combo_03,3.4666667,2.79949927,0.967790365,-0.4567329,2.88303041,0.7166018,0.429911673,0.270518661,0.214346632
Pepe,combo_03,3.48333335,2.76665449,0.9865409,-0.4555634,2.916081,0.723655045,0.426869929,0.244458452,0.181809768
Pepe,combo_03,3.5,2.7248466,0.9925925,-0.455691725,2.9454453,0.7155468,0.414884835,0.215222269,0.1508244
Pepe,combo_03,3.51666665,2.66330385,0.9706207,-0.459647954,2.96638656,0.663406968,0.384190857,0.181695953,0.12010064
Pepe,combo_03,3.5333333,2.59385252,0.940298,-0.470509946,2.97874236,0.596779048,0.344638348,0.150986627,0.09557451
Pepe,combo_03,3.55,2.52598763,0.9111011,-0.4894445,2.9821384,0.5312611,0.304836959,0.130657,0.08469641
Pepe,combo_03,3.5666666,2.45930934,0.8892252,-0.5133443,2.98085213,0.4809452,0.2694753,0.115539767,0.0816355944
Pepe,combo_03,3.58333325,2.40131044,0.880841434,-0.5400747,2.98265886,0.4746075,0.249479845,0.1057728,0.08392596
Pepe,combo_03,3.6,2.34665012,0.871995032,-0.563343644,2.982691,0.482851833,0.2316674,0.09458732,0.08892673
Pepe,combo_03,3.61666656,2.2878356,0.8569262,-0.578842938,2.976462,0.4849537,0.207302183,0.08055536,0.09351247
Pepe,combo_03,3.63333344,2.237087,0.837079048,-0.5863179,2.965606,0.488655031,0.18179217,0.06847673,0.09667011
Pepe,combo_03,3.65,2.20551467,0.8146575,-0.5886236,2.951387,0.4945261,0.1566004,0.05379005,0.09545049
Pepe,combo_03,3.66666675,2.184819,0.7934164,-0.589060962,2.93531919,0.502925754,0.133095846,0.0419269949,0.09253548
Pepe,combo_03,3.6833334,2.16945958,0.774929464,-0.5886376,2.9191258,0.513946354,0.112559177,0.0343520232,0.08943595
Pepe,combo_03,3.7,2.15824223,0.758419752,-0.58789,2.90465045,0.5274291,0.09619917,0.0271638539,0.08671486
Pepe,combo_03,3.7166667,2.1496923,0.7433601,-0.586985648,2.89347863,0.5429332,0.0852033347,0.02270599,0.08578636
Pepe,combo_03,3.73333335,2.14448643,0.7290178,-0.5861999,2.88596749,0.559454,0.0799484253,0.0191077888,0.0856066644
Pepe,combo_03,3.75,2.14229584,0.71542716,-0.585500538,2.88157463,0.575984061,0.0798960254,0.0154428445,0.08552847
Pepe,combo_03,3.76666665,2.14107251,0.702995837,-0.5844297,2.879247,0.59178853,0.0838344246,0.01288959,0.0856788
Pepe,combo_03,3.7833333,2.13991952,0.6918165,-0.5828088,2.87812543,0.606290758,0.0908039138,0.01175406,0.0859312043
Pepe,combo_03,3.8,2.13813829,0.6826023,-0.580550432,2.87756181,0.619576931,0.0997865647,0.0118663171,0.0861592144
Pepe,combo_03,3.8166666,2.13576078,0.676827431,-0.57798636,2.87687659,0.631536245,0.110155046,0.0134575116,0.08630623
Pepe,combo_03,3.83333325,2.13308382,0.675274253,-0.5755661,2.875576,0.64258033,0.121410847,0.0146734463,0.0864710063
Pepe,combo_03,3.85,2.12992358,0.677828968,-0.573414862,2.87347054,0.653769433,0.132658139,0.0131794,0.0867200941
Pepe,combo_03,3.86666656,2.12632847,0.682323754,-0.5712571,2.87036824,0.664451063,0.1432232,0.01101256,0.0869958252
Pepe,combo_03,3.88333344,2.122672,0.6866399,-0.5687931,2.866305,0.6742151,0.152431116,0.009620761,0.08725823
Pepe,combo_03,3.9,2.11909127,0.6898473,-0.5655881,2.86087942,0.6834953,0.160676,0.008310703,0.0875204653
