frame,case,play,source,target,direction,getup_normalized,getup_seconds,applied_normalized,previous_sample_frame,controller_dt,delta_time,unscaled_delta_time,in_transition,current_state_hash,state_length,state_speed,state_speed_multiplier,animator_speed,next_state_hash,next_normalized,transition_hash,transition_normalized,transition_duration,transition_duration_unit,transition_any_state,current_clips_weights,next_clips_weights,bone_index,bone_name,reconstructed_raw_x,reconstructed_raw_y,reconstructed_raw_z,visible_x,visible_y,visible_z,reconstructed_raw_delta_m,visible_delta_m,raw_to_visible_m
11836,15,1,"Pepe","Mankey",-1,0,0,0,-1,,0.07305437,0.07305437,false,1635001174,1.333328,1,1,1,0,0,0,0,0,"Normalized",false,"Combo_Getup02=1","",0,"Base HumanPelvis",0.09467448,0.09972195,-0.4994261,0.09467447,0.3240914,0.707998,,,1.228094
11836,15,1,"Pepe","Mankey",-1,0,0,0,-1,,0.07305437,0.07305437,false,1635001174,1.333328,1,1,1,0,0,0,0,0,"Normalized",false,"Combo_Getup02=1","",1,"Base HumanLLeg1",0.09469683,0.09969433,-0.3781643,0.02645825,0.3197472,0.8081585,,,1.208487
11836,15,1,"Pepe","Mankey",-1,0,0,0,-1,,0.07305437,0.07305437,false,1635001174,1.333328,1,1,1,0,0,0,0,0,"Normalized",false,"Combo_Getup02=1","",2,"Base HumanRLeg1",0.09465212,0.09974954,-0.6206879,0.1628906,0.3284356,0.6078376,,,1.251491
11836,15,1,"Pepe","Mankey",-1,0,0,0,-1,,0.07305437,0.07305437,false,1635001174,1.333328,1,1,1,0,0,0,0,0,"Normalized",false,"Combo_Getup02=1","",3,"Base HumanLLeg2",0.4473853,0.1486968,-0.2937452,0.1088993,0.3703299,1.161092,,,1.510048
11836,15,1,"Pepe","Mankey",-1,0,0,0,-1,,0.07305437,0.07305437,false,1635001174,1.333328,1,1,1,0,0,0,0,0,"Normalized",false,"Combo_Getup02=1","",4,"Base HumanRLeg2",0.4466619,0.1491318,-0.7076793,0.4806266,0.3106283,0.7885128,,,1.505266
11836,15,1,"Pepe","Mankey",-1,0,0,0,-1,,0.07305437,0.07305437,false,1635001174,1.333328,1,1,1,0,0,0,0,0,"Normalized",false,"Combo_Getup02=1","",5,"Base HumanLLegAnkle",0.7921463,0.1192935,-0.2154844,0.3410794,0.3115867,1.422799,,,1.710091
11836,15,1,"Pepe","Mankey",-1,0,0,0,-1,,0.07305437,0.07305437,false,1635001174,1.333328,1,1,1,0,0,0,0,0,"Normalized",false,"Combo_Getup02=1","",6,"Base HumanRLegAnkle",0.7902547,0.1201197,-0.7910559,0.6100585,0.2689273,1.116168,,,1.921488
11836,15,1,"Pepe","Mankey",-1,0,0,0,-1,,0.07305437,0.07305437,false,1635001174,1.333328,1,1,1,0,0,0,0,0,"Normalized",false,"Combo_Getup02=1","",7,"Base HumanSpine1",0.04901005,0.09668019,-0.4994184,0.05743193,0.3171149,0.6823307,,,1.202162
11836,15,1,"Pepe","Mankey",-1,0,0,0,-1,,0.07305437,0.07305437,false,1635001174,1.333328,1,1,1,0,0,0,0,0,"Normalized",false,"Combo_Getup02=1","",8,"Base HumanSpine3",-0.190219,0.08754291,-0.4993749,-0.1460476,0.3001566,0.5573404,,,1.078797
11836,15,1,"Pepe","Mankey",-1,0,0,0,-1,,0.07305437,0.07305437,false,1635001174,1.333328,1,1,1,0,0,0,0,0,"Normalized",false,"Combo_Getup02=1","",9,"Base HumanNeck1",-0.4728668,0.07840098,-0.499323,-0.3948457,0.2993359,0.4218662,,,0.9505205
11836,15,1,"Pepe","Mankey",-1,0,0,0,-1,,0.07305437,0.07305437,false,1635001174,1.333328,1,1,1,0,0,0,0,0,"Normalized",false,"Combo_Getup02=1","",10,"Base HumanHead",-0.6192829,0.05264697,-0.5051776,-0.5357634,0.2757424,0.3803841,,,0.9170423
11836,15,1,"Pepe","Mankey",-1,0,0,0,-1,,0.07305437,0.07305437,false,1635001174,1.333328,1,1,1,0,0,0,0,0,"Normalized",false,"Combo_Getup02=1","",11,"Base HumanLCollarbone",-0.4442643,0.1836051,-0.4692464,-0.3805283,0.402557,0.4658099,,,0.9624617
11836,15,1,"Pepe","Mankey",-1,0,0,0,-1,,0.07305437,0.07305437,false,1635001174,1.333328,1,1,1,0,0,0,0,0,"Normalized",false,"Combo_Getup02=1","",12,"Base HumanRArmCollarbone",-0.4442756,0.1836144,-0.5293781,-0.3517787,0.4035345,0.4130054,,,0.9721149
11836,15,1,"Pepe","Mankey",-1,0,0,0,-1,,0.07305437,0.07305437,false,1635001174,1.333328,1,1,1,0,0,0,0,0,"Normalized",false,"Combo_Getup02=1","",13,"Base HumanLUpperarm",-0.4597383,0.08085422,-0.2841731,-0.4937292,0.3591602,0.6400269,,,0.9657925
11836,15,1,"Pepe","Mankey",-1,0,0,0,-1,,0.07305437,0.07305437,false,1635001174,1.333328,1,1,1,0,0,0,0,0,"Normalized",false,"Combo_Getup02=1","",14,"Base HumanRArmUpperarm",-0.4598197,0.08091999,-0.714477,-0.2532584,0.347519,0.2335467,,,1.006226
11836,15,1,"Pepe","Mankey",-1,0,0,0,-1,,0.07305437,0.07305437,false,1635001174,1.333328,1,1,1,0,0,0,0,0,"Normalized",false,"Combo_Getup02=1","",15,"Base HumanLForearm",-0.25475,0.05518208,-0.0924473,-0.4886037,0.2892642,0.9130219,,,1.058513
11836,15,1,"Pepe","Mankey",-1,0,0,0,-1,,0.07305437,0.07305437,false,1635001174,1.333328,1,1,1,0,0,0,0,0,"Normalized",false,"Combo_Getup02=1","",16,"Base HumanRArmForearm",-0.2619413,0.05863168,-0.9139406,-0.03207437,0.2609934,0.08179361,,,1.041766
11836,15,1,"Pepe","Mankey",-1,0,0,0,-1,,0.07305437,0.07305437,false,1635001174,1.333328,1,1,1,0,0,0,0,0,"Normalized",false,"Combo_Getup02=1","",17,"Base HumanLPalm",-0.1016755,0.09861334,0.1087737,-0.2843013,0.2788467,1.067812,,,0.9927696
11836,15,1,"Pepe","Mankey",-1,0,0,0,-1,,0.07305437,0.07305437,false,1635001174,1.333328,1,1,1,0,0,0,0,0,"Normalized",false,"Combo_Getup02=1","",18,"Base HumanRArmPalm",-0.09238692,0.09159079,-1.103606,0.2024733,0.2738008,0.1849017,,,1.334314
11836,15,1,"Pepe","Mankey",-1,0,0,0,-1,,0.07305437,0.07305437,false,1635001174,1.333328,1,1,1,0,0,0,0,0,"Normalized",false,"Combo_Getup02=1","",19,"Base HumanLLegDigit11",0.8199062,0.368634,-0.08926615,0.3153825,0.5092955,1.620595,,,1.788283
11836,15,1,"Pepe","Mankey",-1,0,0,0,-1,,0.07305437,0.07305437,false,1635001174,1.333328,1,1,1,0,0,0,0,0,"Normalized",false,"Combo_Getup02=1","",20,"Base HumanRLegDigit11",0.8199291,0.3597417,-0.9344886,0.872077,0.351685,1.058119,,,1.993306
11836,15,1,"Pepe","Mankey",-1,0,0,0,-1,,0.07305437,0.07305437,false,1635001174,1.333328,1,1,1,0,0,0,0,0,"Normalized",false,"Combo_Getup02=1","",21,"Object001",-0.7042841,0.0106937,-0.2700061,-0.7055126,0.4135868,0.5087393,,,0.8767946
11836,15,1,"Pepe","Mankey",-1,0,0,0,-1,,0.07305437,0.07305437,false,1635001174,1.333328,1,1,1,0,0,0,0,0,"Normalized",false,"Combo_Getup02=1","",22,"Monkey_eyes",-0.7938125,0.2120252,-0.4129997,-0.7008784,0.4138209,0.2461076,,,0.6955435
11836,15,1,"Pepe","Mankey",-1,0,0,0,-1,,0.07305437,0.07305437,false,1635001174,1.333328,1,1,1,0,0,0,0,0,"Normalized",false,"Combo_Getup02=1","",23,"Base HumanHeadBone001",-0.5463916,0.1858374,-0.3632921,-0.4965406,0.4798138,0.381255,,,0.8020335
11836,15,1,"Pepe","Mankey",-1,0,0,0,-1,,0.07305437,0.07305437,false,1635001174,1.333328,1,1,1,0,0,0,0,0,"Normalized",false,"Combo_Getup02=1","",24,"Base HumanLDigit11",-0.1019152,0.09814257,0.1822063,-0.2743102,0.303558,1.136239,,,0.9910063
11836,15,1,"Pepe","Mankey",-1,0,0,0,-1,,0.07305437,0.07305437,false,1635001174,1.333328,1,1,1,0,0,0,0,0,"Normalized",false,"Combo_Getup02=1","",25,"Base HumanLDigit12",-0.08761986,0.1019057,0.2246147,-0.2716194,0.3162123,1.179246,,,0.995542
11836,15,1,"Pepe","Mankey",-1,0,0,0,-1,,0.07305437,0.07305437,false,1635001174,1.333328,1,1,1,0,0,0,0,0,"Normalized",false,"Combo_Getup02=1","",26,"Base HumanLDigit13",-0.06660017,0.1027248,0.2571739,-0.2602091,0.3184017,1.216227,,,1.00189
11836,15,1,"Pepe","Mankey",-1,0,0,0,-1,,0.07305437,0.07305437,false,1635001174,1.333328,1,1,1,0,0,0,0,0,"Normalized",false,"Combo_Getup02=1","",27,"Base HumanLDigit21",-0.06401351,0.06824593,0.2340459,-0.2580953,0.2761021,1.199492,,,1.006458
11836,15,1,"Pepe","Mankey",-1,0,0,0,-1,,0.07305437,0.07305437,false,1635001174,1.333328,1,1,1,0,0,0,0,0,"Normalized",false,"Combo_Getup02=1","",28,"Base HumanLDigit22",-0.03833392,0.06637947,0.2889589,-0.2290223,0.2677773,1.252064,,,1.002244
11836,15,1,"Pepe","Mankey",-1,0,0,0,-1,,0.07305437,0.07305437,false,1635001174,1.333328,1,1,1,0,0,0,0,0,"Normalized",false,"Combo_Getup02=1","",29,"Base HumanLDigit23",-0.01309748,0.07561118,0.3350359,-0.1934567,0.2679947,1.291816,,,0.992456
11836,15,1,"Pepe","Mankey",-1,0,0,0,-1,,0.07305437,0.07305437,false,1635001174,1.333328,1,1,1,0,0,0,0,0,"Normalized",false,"Combo_Getup02=1","",30,"Base HumanLDigit31",-0.01357138,0.06599776,0.2117924,-0.2251083,0.2340336,1.185825,,,1.010803
11836,15,1,"Pepe","Mankey",-1,0,0,0,-1,,0.07305437,0.07305437,false,1635001174,1.333328,1,1,1,0,0,0,0,0,"Normalized",false,"Combo_Getup02=1","",31,"Base HumanLDigit32",0.01614685,0.05893712,0.2555203,-0.1980521,0.2291564,1.231534,,,1.013636
11836,15,1,"Pepe","Mankey",-1,0,0,0,-1,,0.07305437,0.07305437,false,1635001174,1.333328,1,1,1,0,0,0,0,0,"Normalized",false,"Combo_Getup02=1","",32,"Base HumanLDigit33",0.04860323,0.06448384,0.2992012,-0.1555657,0.2364514,1.265208,,,1.00221
11836,15,1,"Pepe","Mankey",-1,0,0,0,-1,,0.07305437,0.07305437,false,1635001174,1.333328,1,1,1,0,0,0,0,0,"Normalized",false,"Combo_Getup02=1","",33,"Base HumanLDigit41",0.02405929,0.068726,0.1649113,-0.2019532,0.1953717,1.145944,,,1.014666
11836,15,1,"Pepe","Mankey",-1,0,0,0,-1,,0.07305437,0.07305437,false,1635001174,1.333328,1,1,1,0,0,0,0,0,"Normalized",false,"Combo_Getup02=1","",34,"Base HumanLDigit42",0.05681377,0.05947385,0.2059808,-0.1814977,0.1836168,1.193784,,,1.023698
11836,15,1,"Pepe","Mankey",-1,0,0,0,-1,,0.07305437,0.07305437,false,1635001174,1.333328,1,1,1,0,0,0,0,0,"Normalized",false,"Combo_Getup02=1","",35,"Base HumanLDigit43",0.09402209,0.0603196,0.2469158,-0.1365309,0.1893271,1.225505,,,1.013624
11836,15,1,"Pepe","Mankey",-1,0,0,0,-1,,0.07305437,0.07305437,false,1635001174,1.333328,1,1,1,0,0,0,0,0,"Normalized",false,"Combo_Getup02=1","",36,"Base HumanRArmDigit11",-0.08174363,0.1126744,-1.173139,0.2461661,0.2635763,0.1267725,,,1.349098
11836,15,1,"Pepe","Mankey",-1,0,0,0,-1,,0.07305437,0.07305437,false,1635001174,1.333328,1,1,1,0,0,0,0,0,"Normalized",false,"Combo_Getup02=1","",37,"Base HumanRArmDigit12",-0.06087079,0.1226104,-1.211643,0.2790857,0.2780906,0.09989077,,,1.363769
11836,15,1,"Pepe","Mankey",-1,0,0,0,-1,,0.07305437,0.07305437,false,1635001174,1.333328,1,1,1,0,0,0,0,0,"Normalized",false,"Combo_Getup02=1","",38,"Base HumanRArmDigit13",-0.03640041,0.1244368,-1.24165,0.3175667,0.2827201,0.1004915,,,1.397029
11836,15,1,"Pepe","Mankey",-1,0,0,0,-1,,0.07305437,0.07305437,false,1635001174,1.333328,1,1,1,0,0,0,0,0,"Normalized",false,"Combo_Getup02=1","",39,"Base HumanRArmDigit21",-0.050249,0.0866799,-1.231019,0.3082868,0.2322735,0.1133986,,,1.399001
11836,15,1,"Pepe","Mankey",-1,0,0,0,-1,,0.07305437,0.07305437,false,1635001174,1.333328,1,1,1,0,0,0,0,0,"Normalized",false,"Combo_Getup02=1","",40,"Base HumanRArmDigit22",-0.01913761,0.09082923,-1.282915,0.3491549,0.275499,0.1015788,,,1.444494
11836,15,1,"Pepe","Mankey",-1,0,0,0,-1,,0.07305437,0.07305437,false,1635001174,1.333328,1,1,1,0,0,0,0,0,"Normalized",false,"Combo_Getup02=1","",41,"Base HumanRArmDigit23",0.01434064,0.1022297,-1.322845,0.3417175,0.3277279,0.109453,,,1.486439
11836,15,1,"Pepe","Mankey",-1,0,0,0,-1,,0.07305437,0.07305437,false,1635001174,1.333328,1,1,1,0,0,0,0,0,"Normalized",false,"Combo_Getup02=1","",42,"Base HumanRArmDigit31",-0.008171991,0.05814587,-1.20957,0.3354783,0.2395904,0.1608517,,,1.424455
11836,15,1,"Pepe","Mankey",-1,0,0,0,-1,,0.07305437,0.07305437,false,1635001174,1.333328,1,1,1,0,0,0,0,0,"Normalized",false,"Combo_Getup02=1","",43,"Base HumanRArmDigit32",0.02303986,0.05290799,-1.252507,0.3701226,0.2769969,0.145176,,,1.457463
11836,15,1,"Pepe","Mankey",-1,0,0,0,-1,,0.07305437,0.07305437,false,1635001174,1.333328,1,1,1,0,0,0,0,0,"Normalized",false,"Combo_Getup02=1","",44,"Base HumanRArmDigit33",0.06141539,0.05752972,-1.291213,0.3709389,0.3316791,0.1439844,,,1.493571
11836,15,1,"Pepe","Mankey",-1,0,0,0,-1,,0.07305437,0.07305437,false,1635001174,1.333328,1,1,1,0,0,0,0,0,"Normalized",false,"Combo_Getup02=1","",45,"Base HumanRArmDigit41",0.02029554,0.03186767,-1.163522,0.337559,0.2533906,0.2193888,,,1.436026
11836,15,1,"Pepe","Mankey",-1,0,0,0,-1,,0.07305437,0.07305437,false,1635001174,1.333328,1,1,1,0,0,0,0,0,"Normalized",false,"Combo_Getup02=1","",46,"Base HumanRArmDigit42",0.05308314,0.02274055,-1.204593,0.369121,0.2901247,0.1970362,,,1.461485
11836,15,1,"Pepe","Mankey",-1,0,0,0,-1,,0.07305437,0.07305437,false,1635001174,1.333328,1,1,1,0,0,0,0,0,"Normalized",false,"Combo_Getup02=1","",47,"Base HumanRArmDigit43",0.0936643,0.02057642,-1.242136,0.3703341,0.3448694,0.189132,,,1.493398
11836,15,1,"Pepe","Mankey",-1,0,0,0,-1,,0.07305437,0.07305437,false,1635001174,1.333328,1,1,1,0,0,0,0,0,"Normalized",false,"Combo_Getup02=1","",48,"Base HumanSpine4",-0.3093179,0.09658432,-0.499351,-0.2506883,0.3096889,0.5005448,,,1.024033
11837,15,1,"Pepe","Mankey",-1,0.05889034,0.07852016,0.05889034,11836,0.07852016,0.07852016,0.07852016,false,1635001174,1.333328,1,1,1,0,0,0,0,0,"Normalized",false,"Combo_Getup02=1","",0,"Base HumanPelvis",0.08880484,0.06857681,-0.4892309,0.09042397,0.2830202,-0.158975,0.03329284,0.8679557,0.3937735
11837,15,1,"Pepe","Mankey",-1,0.05889034,0.07852016,0.05889034,11836,0.07852016,0.07852016,0.07852016,false,1635001174,1.333328,1,1,1,0,0,0,0,0,"Normalized",false,"Combo_Getup02=1","",1,"Base HumanLLeg1",0.06381419,0.08105799,-0.3712305,0.05260964,0.2915492,-0.04407614,0.03673049,0.8531019,0.3891812
11837,15,1,"Pepe","Mankey",-1,0.05889034,0.07852016,0.05889034,11836,0.07852016,0.07852016,0.07852016,false,1635001174,1.333328,1,1,1,0,0,0,0,0,"Normalized",false,"Combo_Getup02=1","",2,"Base HumanRLeg1",0.1137955,0.05609562,-0.6072314,0.1282383,0.2744913,-0.2738739,0.04952991,0.8840396,0.3987887
11837,15,1,"Pepe","Mankey",-1,0.05889034,0.07852016,0.05889034,11836,0.07852016,0.07852016,0.07852016,false,1635001174,1.333328,1,1,1,0,0,0,0,0,"Normalized",false,"Combo_Getup02=1","",3,"Base HumanLLeg2",0.2912648,0.2971118,-0.1828058,0.2511307,0.4711802,0.2054012,0.2422977,0.9714652,0.4273351
11837,15,1,"Pepe","Mankey",-1,0.05889034,0.07852016,0.05889034,11836,0.07852016,0.07852016,0.07852016,false,1635001174,1.333328,1,1,1,0,0,0,0,0,"Normalized",false,"Combo_Getup02=1","",4,"Base HumanRLeg2",0.473344,0.1237168,-0.6155459,0.4900311,0.3170585,-0.2390763,0.09922916,1.027652,0.4235432
11837,15,1,"Pepe","Mankey",-1,0.05889034,0.07852016,0.05889034,11836,0.07852016,0.07852016,0.07852016,false,1635001174,1.333328,1,1,1,0,0,0,0,0,"Normalized",false,"Combo_Getup02=1","",5,"Base HumanLLegAnkle",0.5922034,0.1106757,-0.1598527,0.5646335,0.3284485,0.2902127,0.2077169,1.154562,0.5007434
11837,15,1,"Pepe","Mankey",-1,0.05889034,0.07852016,0.05889034,11836,0.07852016,0.07852016,0.07852016,false,1635001174,1.333328,1,1,1,0,0,0,0,0,"Normalized",false,"Combo_Getup02=1","",6,"Base HumanRLegAnkle",0.8279743,0.1287552,-0.6233767,0.8296041,0.2669988,-0.1494463,0.1720862,1.284516,0.4936841
11837,15,1,"Pepe","Mankey",-1,0.05889034,0.07852016,0.05889034,11836,0.07852016,0.07852016,0.07852016,false,1635001174,1.333328,1,1,1,0,0,0,0,0,"Normalized",false,"Combo_Getup02=1","",7,"Base HumanSpine1",0.04402245,0.06785434,-0.4986387,0.04696845,0.2803279,-0.1730768,0.02926455,0.8562621,0.3887727
11837,15,1,"Pepe","Mankey",-1,0.05889034,0.07852016,0.05889034,11836,0.07852016,0.07852016,0.07852016,false,1635001174,1.333328,1,1,1,0,0,0,0,0,"Normalized",false,"Combo_Getup02=1","",8,"Base HumanSpine3",-0.1889802,0.09787536,-0.5447095,-0.1819328,0.2964482,-0.2413288,0.04651369,0.7994836,0.3626578
11837,15,1,"Pepe","Mankey",-1,0.05889034,0.07852016,0.05889034,11836,0.07852016,0.07852016,0.07852016,false,1635001174,1.333328,1,1,1,0,0,0,0,0,"Normalized",false,"Combo_Getup02=1","",9,"Base HumanNeck1",-0.4526133,0.1849427,-0.603636,-0.4471707,0.3593342,-0.3199849,0.1504744,0.7461104,0.3330165
11837,15,1,"Pepe","Mankey",-1,0.05889034,0.07852016,0.05889034,11836,0.07852016,0.07852016,0.07852016,false,1635001174,1.333328,1,1,1,0,0,0,0,0,"Normalized",false,"Combo_Getup02=1","",10,"Base HumanHead",-0.5741637,0.2703033,-0.612253,-0.5833852,0.4171198,-0.3355291,0.2467289,0.7312914,0.3133946
11837,15,1,"Pepe","Mankey",-1,0.05889034,0.07852016,0.05889034,11836,0.07852016,0.07852016,0.07852016,false,1635001174,1.333328,1,1,1,0,0,0,0,0,"Normalized",false,"Combo_Getup02=1","",11,"Base HumanLCollarbone",-0.3866137,0.2753377,-0.5874053,-0.3935475,0.4554041,-0.2937981,0.1603122,0.7615553,0.3444956
11837,15,1,"Pepe","Mankey",-1,0.05889034,0.07852016,0.05889034,11836,0.07852016,0.07852016,0.07852016,false,1635001174,1.333328,1,1,1,0,0,0,0,0,"Normalized",false,"Combo_Getup02=1","",12,"Base HumanRArmCollarbone",-0.3787161,0.25991,-0.6449852,-0.3791277,0.4441507,-0.3510804,0.1532451,0.7656531,0.3468788
11837,15,1,"Pepe","Mankey",-1,0.05889034,0.07852016,0.05889034,11836,0.07852016,0.07852016,0.07852016,false,1635001174,1.333328,1,1,1,0,0,0,0,0,"Normalized",false,"Combo_Getup02=1","",13,"Base HumanLUpperarm",-0.4685717,0.234711,-0.3958808,-0.4826077,0.4129694,-0.1058703,0.190338,0.7479182,0.3407039
11837,15,1,"Pepe","Mankey",-1,0.05889034,0.07852016,0.05889034,11836,0.07852016,0.07852016,0.07852016,false,1635001174,1.333328,1,1,1,0,0,0,0,0,"Normalized",false,"Combo_Getup02=1","",14,"Base HumanRArmUpperarm",-0.4115004,0.1255634,-0.8059993,-0.3727155,0.3246512,-0.5263746,0.1127125,0.769593,0.345442
11837,15,1,"Pepe","Mankey",-1,0.05889034,0.07852016,0.05889034,11836,0.07852016,0.07852016,0.07852016,false,1635001174,1.333328,1,1,1,0,0,0,0,0,"Normalized",false,"Combo_Getup02=1","",15,"Base HumanLForearm",-0.289837,0.2523761,-0.1786716,-0.3767741,0.4065114,0.1552725,0.2180624,0.7748786,0.3779345
11837,15,1,"Pepe","Mankey",-1,0.05889034,0.07852016,0.05889034,11836,0.07852016,0.07852016,0.07852016,false,1635001174,1.333328,1,1,1,0,0,0,0,0,"Normalized",false,"Combo_Getup02=1","",16,"Base HumanRArmForearm",-0.186244,0.0343047,-0.9487218,-0.1926892,0.2407966,-0.7263675,0.08678494,0.8242144,0.3035159
11837,15,1,"Pepe","Mankey",-1,0.05889034,0.07852016,0.05889034,11836,0.07852016,0.07852016,0.07852016,false,1635001174,1.333328,1,1,1,0,0,0,0,0,"Normalized",false,"Combo_Getup02=1","",17,"Base HumanLPalm",-0.117937,0.4019445,-0.06082588,-0.1638287,0.5132455,0.2505096,0.3479055,0.8587435,0.3338019
11837,15,1,"Pepe","Mankey",-1,0.05889034,0.07852016,0.05889034,11836,0.07852016,0.07852016,0.07852016,false,1635001174,1.333328,1,1,1,0,0,0,0,0,"Normalized",false,"Combo_Getup02=1","",18,"Base HumanRArmPalm",0.002142349,0.08292076,-1.115919,0.05740365,0.2889402,-0.7570873,0.09572129,0.9532144,0.4174423
11837,15,1,"Pepe","Mankey",-1,0.05889034,0.07852016,0.05889034,11836,0.07852016,0.07852016,0.07852016,false,1635001174,1.333328,1,1,1,0,0,0,0,0,"Normalized",false,"Combo_Getup02=1","",19,"Base HumanLLegDigit11",0.6662968,0.3384841,-0.01327197,0.612611,0.5518615,0.4534832,0.1740114,1.205117,0.516016
11837,15,1,"Pepe","Mankey",-1,0.05889034,0.07852016,0.05889034,11836,0.07852016,0.07852016,0.07852016,false,1635001174,1.333328,1,1,1,0,0,0,0,0,"Normalized",false,"Combo_Getup02=1","",20,"Base HumanRLegDigit11",0.8750712,0.3689453,-0.7610822,0.94995,0.4678393,-0.3045338,0.1821954,1.36981,0.4730996
11837,15,1,"Pepe","Mankey",-1,0.05889034,0.07852016,0.05889034,11836,0.07852016,0.07852016,0.07852016,false,1635001174,1.333328,1,1,1,0,0,0,0,0,"Normalized",false,"Combo_Getup02=1","",21,"Object001",-0.5057628,0.4665487,-0.4669944,-0.5879586,0.6222913,-0.1866174,0.5348073,0.7354573,0.3310939
11837,15,1,"Pepe","Mankey",-1,0.05889034,0.07852016,0.05889034,11836,0.07852016,0.07852016,0.07852016,false,1635001174,1.333328,1,1,1,0,0,0,0,0,"Normalized",false,"Combo_Getup02=1","",22,"Monkey_eyes",-0.4618251,0.4673015,-0.7259649,-0.5527169,0.6433973,-0.4460579,0.5228086,0.744144,0.3429562
11837,15,1,"Pepe","Mankey",-1,0.05889034,0.07852016,0.05889034,11836,0.07852016,0.07852016,0.07852016,false,1635001174,1.333328,1,1,1,0,0,0,0,0,"Normalized",false,"Combo_Getup02=1","",23,"Base HumanHeadBone001",-0.3696909,0.2833149,-0.5775269,-0.3969424,0.5030234,-0.3032179,0.2943154,0.6920705,0.3525052
11837,15,1,"Pepe","Mankey",-1,0.05889034,0.07852016,0.05889034,11836,0.07852016,0.07852016,0.07852016,false,1635001174,1.333328,1,1,1,0,0,0,0,0,"Normalized",false,"Combo_Getup02=1","",24,"Base HumanLDigit11",-0.1074854,0.4669901,-0.028384,-0.1523288,0.5699803,0.2956929,0.4247679,0.890156,0.3429924
11837,15,1,"Pepe","Mankey",-1,0.05889034,0.07852016,0.05889034,11836,0.07852016,0.07852016,0.07852016,false,1635001174,1.333328,1,1,1,0,0,0,0,0,"Normalized",false,"Combo_Getup02=1","",25,"Base HumanLDigit12",-0.08654895,0.5009809,-0.007810216,-0.135544,0.59997,0.3246045,0.4618263,0.9107398,0.350284
11837,15,1,"Pepe","Mankey",-1,0.05889034,0.07852016,0.05889034,11836,0.07852016,0.07852016,0.07852016,false,1635001174,1.333328,1,1,1,0,0,0,0,0,"Normalized",false,"Combo_Getup02=1","",26,"Base HumanLDigit13",-0.06291631,0.5232639,0.01334539,-0.114561,0.6180613,0.3517156,0.4861266,0.9264933,0.3551733
11837,15,1,"Pepe","Mankey",-1,0.05889034,0.07852016,0.05889034,11836,0.07852016,0.07852016,0.07852016,false,1635001174,1.333328,1,1,1,0,0,0,0,0,"Normalized",false,"Combo_Getup02=1","",27,"Base HumanLDigit21",-0.08128048,0.4907755,0.03297753,-0.127999,0.5798368,0.361485,0.4682498,0.9007971,0.3435574
11837,15,1,"Pepe","Mankey",-1,0.05889034,0.07852016,0.05889034,11836,0.07852016,0.07852016,0.07852016,false,1635001174,1.333328,1,1,1,0,0,0,0,0,"Normalized",false,"Combo_Getup02=1","",28,"Base HumanLDigit22",-0.0521012,0.5303776,0.06845438,-0.09757608,0.6079169,0.4058056,0.5139124,0.9214803,0.349122
11837,15,1,"Pepe","Mankey",-1,0.05889034,0.07852016,0.05889034,11836,0.07852016,0.07852016,0.07852016,false,1635001174,1.333328,1,1,1,0,0,0,0,0,"Normalized",false,"Combo_Getup02=1","",29,"Base HumanLDigit23",-0.01862755,0.5663224,0.08925524,-0.06250225,0.6357136,0.4348291,0.5488499,0.9416968,0.355192
11837,15,1,"Pepe","Mankey",-1,0.05889034,0.07852016,0.05889034,11836,0.07852016,0.07852016,0.07852016,false,1635001174,1.333328,1,1,1,0,0,0,0,0,"Normalized",false,"Combo_Getup02=1","",30,"Base HumanLDigit31",-0.04198376,0.4536525,0.04403762,-0.09070614,0.5394533,0.3662903,0.4233499,0.884863,0.33702
11837,15,1,"Pepe","Mankey",-1,0.05889034,0.07852016,0.05889034,11836,0.07852016,0.07852016,0.07852016,false,1635001174,1.333328,1,1,1,0,0,0,0,0,"Normalized",false,"Combo_Getup02=1","",31,"Base HumanLDigit32",-0.01317584,0.4808453,0.07975619,-0.06176914,0.5584623,0.406867,0.4579949,0.8983827,0.3396869
11837,15,1,"Pepe","Mankey",-1,0.05889034,0.07852016,0.05889034,11836,0.07852016,0.07852016,0.07852016,false,1635001174,1.333328,1,1,1,0,0,0,0,0,"Normalized",false,"Combo_Getup02=1","",32,"Base HumanLDigit33",0.02473248,0.511444,0.1046335,-0.02205926,0.5827988,0.4355561,0.4880571,0.9089016,0.3417466
11837,15,1,"Pepe","Mankey",-1,0.05889034,0.07852016,0.05889034,11836,0.07852016,0.07852016,0.07852016,false,1635001174,1.333328,1,1,1,0,0,0,0,0,"Normalized",false,"Combo_Getup02=1","",33,"Base HumanLDigit41",-0.01504983,0.4005308,0.03543493,-0.06549273,0.4878973,0.3481896,0.3583128,0.8605843,0.3286227
11837,15,1,"Pepe","Mankey",-1,0.05889034,0.07852016,0.05889034,11836,0.07852016,0.07852016,0.07852016,false,1635001174,1.333328,1,1,1,0,0,0,0,0,"Normalized",false,"Combo_Getup02=1","",34,"Base HumanLDigit42",0.01491072,0.4240739,0.07276122,-0.03738858,0.5025975,0.391076,0.3904312,0.8757029,0.3320022
11837,15,1,"Pepe","Mankey",-1,0.05889034,0.07852016,0.05889034,11836,0.07852016,0.07852016,0.07852016,false,1635001174,1.333328,1,1,1,0,0,0,0,0,"Normalized",false,"Combo_Getup02=1","",35,"Base HumanLDigit43",0.05438323,0.4496981,0.1018502,0.004154287,0.5221971,0.4219126,0.4174097,0.8811103,0.3319924
11837,15,1,"Pepe","Mankey",-1,0.05889034,0.07852016,0.05889034,11836,0.07852016,0.07852016,0.07852016,false,1635001174,1.333328,1,1,1,0,0,0,0,0,"Normalized",false,"Combo_Getup02=1","",36,"Base HumanRArmDigit11",0.02746351,0.1238659,-1.171371,0.08651718,0.3160671,-0.8188055,0.1097933,0.9603962,0.4058709
11837,15,1,"Pepe","Mankey",-1,0.05889034,0.07852016,0.05889034,11836,0.07852016,0.07852016,0.07852016,false,1635001174,1.333328,1,1,1,0,0,0,0,0,"Normalized",false,"Combo_Getup02=1","",37,"Base HumanRArmDigit12",0.0559966,0.1444107,-1.199313,0.1170843,0.3342433,-0.8462327,0.119521,0.9615337,0.4055045
11837,15,1,"Pepe","Mankey",-1,0.05889034,0.07852016,0.05889034,11836,0.07852016,0.07852016,0.07852016,false,1635001174,1.333328,1,1,1,0,0,0,0,0,"Normalized",false,"Combo_Getup02=1","",38,"Base HumanRArmDigit13",0.08642987,0.1546136,-1.221045,0.1514337,0.3395886,-0.8633828,0.1281502,0.9797387,0.4078773
11837,15,1,"Pepe","Mankey",-1,0.05889034,0.07852016,0.05889034,11836,0.07852016,0.07852016,0.07852016,false,1635001174,1.333328,1,1,1,0,0,0,0,0,"Normalized",false,"Combo_Getup02=1","",39,"Base HumanRArmDigit21",0.07237794,0.1158071,-1.225551,0.137016,0.2975298,-0.8648916,0.1261573,0.9953109,0.4089941
11837,15,1,"Pepe","Mankey",-1,0.05889034,0.07852016,0.05889034,11836,0.07852016,0.07852016,0.07852016,false,1635001174,1.333328,1,1,1,0,0,0,0,0,"Normalized",false,"Combo_Getup02=1","",40,"Base HumanRArmDigit22",0.1143587,0.1346428,-1.265062,0.1858425,0.3188974,-0.8938348,0.1416319,1.009655,0.4205586
11837,15,1,"Pepe","Mankey",-1,0.05889034,0.07852016,0.05889034,11836,0.07852016,0.07852016,0.07852016,false,1635001174,1.333328,1,1,1,0,0,0,0,0,"Normalized",false,"Combo_Getup02=1","",41,"Base HumanRArmDigit23",0.1555105,0.1561185,-1.29134,0.2274445,0.3511246,-0.9025436,0.1543551,1.018697,0.4408675
11837,15,1,"Pepe","Mankey",-1,0.05889034,0.07852016,0.05889034,11836,0.07852016,0.07852016,0.07852016,false,1635001174,1.333328,1,1,1,0,0,0,0,0,"Normalized",false,"Combo_Getup02=1","",42,"Base HumanRArmDigit31",0.1096125,0.08081865,-1.204715,0.1733577,0.2715258,-0.8325222,0.120045,1.007023,0.4230372
11837,15,1,"Pepe","Mankey",-1,0.05889034,0.07852016,0.05889034,11836,0.07852016,0.07852016,0.07852016,false,1635001174,1.333328,1,1,1,0,0,0,0,0,"Normalized",false,"Combo_Getup02=1","",43,"Base HumanRArmDigit32",0.1499309,0.08770232,-1.238953,0.2193034,0.2839466,-0.8566035,0.1322712,1.013093,0.435334
11837,15,1,"Pepe","Mankey",-1,0.05889034,0.07852016,0.05889034,11836,0.07852016,0.07852016,0.07852016,false,1635001174,1.333328,1,1,1,0,0,0,0,0,"Normalized",false,"Combo_Getup02=1","",44,"Base HumanRArmDigit33",0.1957675,0.1021142,-1.265097,0.2658376,0.3109229,-0.8665566,0.1439455,1.016204,0.4553523
11837,15,1,"Pepe","Mankey",-1,0.05889034,0.07852016,0.05889034,11836,0.07852016,0.07852016,0.07852016,false,1635001174,1.333328,1,1,1,0,0,0,0,0,"Normalized",false,"Combo_Getup02=1","",45,"Base HumanRArmDigit41",0.1279072,0.04089313,-1.163574,0.1890109,0.2446505,-0.7810047,0.1079895,1.0114,0.4377328
11837,15,1,"Pepe","Mankey",-1,0.05889034,0.07852016,0.05889034,11836,0.07852016,0.07852016,0.07852016,false,1635001174,1.333328,1,1,1,0,0,0,0,0,"Normalized",false,"Combo_Getup02=1","",46,"Base HumanRArmDigit42",0.1694987,0.04319997,-1.196891,0.2354601,0.2552738,-0.8049798,0.1184504,1.011492,0.450467
11837,15,1,"Pepe","Mankey",-1,0.05889034,0.07852016,0.05889034,11836,0.07852016,0.07852016,0.07852016,false,1635001174,1.333328,1,1,1,0,0,0,0,0,"Normalized",false,"Combo_Getup02=1","",47,"Base HumanRArmDigit43",0.2174516,0.05039524,-1.22353,0.2842529,0.2787191,-0.8164041,0.1286803,1.01138,0.4715358
11837,15,1,"Pepe","Mankey",-1,0.05889034,0.07852016,0.05889034,11836,0.07852016,0.07852016,0.07852016,false,1635001174,1.333328,1,1,1,0,0,0,0,0,"Normalized",false,"Combo_Getup02=1","",48,"Base HumanSpine4",-0.2981662,0.1390693,-0.5701609,-0.2918499,0.3289506,-0.2749164,0.08332693,0.7767917,0.3510899
11838,15,1,"Pepe","Mankey",-1,0.0647077,0.08627661,0.0647077,11837,0.007756449,0.007756455,0.007756455,false,1635001174,1.333328,1,1,1,0,0,0,0,0,"Normalized",false,"Combo_Getup02=1","",0,"Base HumanPelvis",0.0874423,0.06549197,-0.4878042,0.08883479,0.2769151,-0.257563,0.003661751,0.0987896,0.3125902
11838,15,1,"Pepe","Mankey",-1,0.0647077,0.08627661,0.0647077,11837,0.007756449,0.007756455,0.007756455,false,1635001174,1.333328,1,1,1,0,0,0,0,0,"Normalized",false,"Combo_Getup02=1","",1,"Base HumanLLeg1",0.05918662,0.08009432,-0.3707879,0.05220796,0.2884273,-0.1425396,0.004747517,0.09851377,0.3091094
11838,15,1,"Pepe","Mankey",-1,0.0647077,0.08627661,0.0647077,11837,0.007756449,0.007756455,0.007756455,false,1635001174,1.333328,1,1,1,0,0,0,0,0,"Normalized",false,"Combo_Getup02=1","",2,"Base HumanRLeg1",0.115698,0.05088959,-0.6048205,0.1254616,0.2654028,-0.3725863,0.006044383,0.0991688,0.3162973
11838,15,1,"Pepe","Mankey",-1,0.0647077,0.08627661,0.0647077,11837,0.007756449,0.007756455,0.007756455,false,1635001174,1.333328,1,1,1,0,0,0,0,0,"Normalized",false,"Combo_Getup02=1","",3,"Base HumanLLeg2",0.2639051,0.3090356,-0.1718078,0.2410775,0.4904718,0.09709162,0.03180704,0.1104727,0.3251878
11838,15,1,"Pepe","Mankey",-1,0.0647077,0.08627661,0.0647077,11837,0.007756449,0.007756455,0.007756455,false,1635001174,1.333328,1,1,1,0,0,0,0,0,"Normalized",false,"Combo_Getup02=1","",4,"Base HumanRLeg2",0.4731732,0.1291717,-0.6043472,0.485512,0.3245765,-0.3446741,0.01245774,0.1059614,0.325216
11838,15,1,"Pepe","Mankey",-1,0.0647077,0.08627661,0.0647077,11837,0.007756449,0.007756455,0.007756455,false,1635001174,1.333328,1,1,1,0,0,0,0,0,"Normalized",false,"Combo_Getup02=1","",5,"Base HumanLLegAnkle",0.5604432,0.1149845,-0.1557265,0.5514793,0.3292816,0.1564025,0.03231561,0.1344578,0.378719
11838,15,1,"Pepe","Mankey",-1,0.0647077,0.08627661,0.0647077,11837,0.007756449,0.007756455,0.007756455,false,1635001174,1.333328,1,1,1,0,0,0,0,0,"Normalized",false,"Combo_Getup02=1","",6,"Base HumanRLegAnkle",0.8278471,0.1307174,-0.5970415,0.830777,0.2886573,-0.2715219,0.02640849,0.1239875,0.3618241
11838,15,1,"Pepe","Mankey",-1,0.0647077,0.08627661,0.0647077,11837,0.007756449,0.007756455,0.007756455,false,1635001174,1.333328,1,1,1,0,0,0,0,0,"Normalized",false,"Combo_Getup02=1","",7,"Base HumanSpine1",0.04295177,0.06536316,-0.4985311,0.04520749,0.2752728,-0.2712908,0.002713647,0.09835977,0.3093627
11838,15,1,"Pepe","Mankey",-1,0.0647077,0.08627661,0.0647077,11837,0.007756449,0.007756455,0.007756455,false,1635001174,1.333328,1,1,1,0,0,0,0,0,"Normalized",false,"Combo_Getup02=1","",8,"Base HumanSpine3",-0.1875089,0.1029869,-0.5513169,-0.1831897,0.3016886,-0.3380063,0.008482356,0.09682763,0.2915518
11838,15,1,"Pepe","Mankey",-1,0.0647077,0.08627661,0.0647077,11837,0.007756449,0.007756455,0.007756455,false,1635001174,1.333328,1,1,1,0,0,0,0,0,"Normalized",false,"Combo_Getup02=1","",9,"Base HumanNeck1",-0.4428255,0.206584,-0.6197585,-0.442373,0.385731,-0.4175198,0.02870678,0.1011577,0.2701747
11838,15,1,"Pepe","Mankey",-1,0.0647077,0.08627661,0.0647077,11837,0.007756449,0.007756455,0.007756455,false,1635001174,1.333328,1,1,1,0,0,0,0,0,"Normalized",false,"Combo_Getup02=1","",10,"Base HumanHead",-0.5609222,0.2961029,-0.6329768,-0.5724782,0.4559936,-0.4339824,0.03564313,0.1064105,0.2555335
11838,15,1,"Pepe","Mankey",-1,0.0647077,0.08627661,0.0647077,11837,0.007756449,0.007756455,0.007756455,false,1635001174,1.333328,1,1,1,0,0,0,0,0,"Normalized",false,"Combo_Getup02=1","",11,"Base HumanLCollarbone",-0.3703215,0.2919712,-0.6041762,-0.3792909,0.4767775,-0.3946767,0.02869451,0.1040988,0.2795065
11838,15,1,"Pepe","Mankey",-1,0.0647077,0.08627661,0.0647077,11837,0.007756449,0.007756455,0.007756455,false,1635001174,1.333328,1,1,1,0,0,0,0,0,"Normalized",false,"Combo_Getup02=1","",12,"Base HumanRArmCollarbone",-0.3621496,0.2742381,-0.6610497,-0.3664173,0.4622821,-0.4515975,0.02716268,0.1029271,0.281512
11838,15,1,"Pepe","Mankey",-1,0.0647077,0.08627661,0.0647077,11837,0.007756449,0.007756455,0.007756455,false,1635001174,1.333328,1,1,1,0,0,0,0,0,"Normalized",false,"Combo_Getup02=1","",13,"Base HumanLUpperarm",-0.460407,0.2632774,-0.4141484,-0.4727226,0.4439723,-0.2069438,0.03487697,0.1061826,0.275202
11838,15,1,"Pepe","Mankey",-1,0.0647077,0.08627661,0.0647077,11837,0.007756449,0.007756455,0.007756455,false,1635001174,1.333328,1,1,1,0,0,0,0,0,"Normalized",false,"Combo_Getup02=1","",14,"Base HumanRArmUpperarm",-0.4012029,0.1381026,-0.8191361,-0.3762695,0.3348575,-0.6210533,0.02087696,0.09529353,0.2803052
11838,15,1,"Pepe","Mankey",-1,0.0647077,0.08627661,0.0647077,11837,0.007756449,0.007756455,0.007756455,false,1635001174,1.333328,1,1,1,0,0,0,0,0,"Normalized",false,"Combo_Getup02=1","",15,"Base HumanLForearm",-0.2840633,0.2828735,-0.1951577,-0.3472035,0.4457361,0.04540497,0.03514569,0.120349,0.2972899
11838,15,1,"Pepe","Mankey",-1,0.0647077,0.08627661,0.0647077,11837,0.007756449,0.007756455,0.007756455,false,1635001174,1.333328,1,1,1,0,0,0,0,0,"Normalized",false,"Combo_Getup02=1","",16,"Base HumanRArmForearm",-0.1749612,0.03467466,-0.951634,-0.1936201,0.2398825,-0.8135557,0.01165839,0.087198,0.2480403
11838,15,1,"Pepe","Mankey",-1,0.0647077,0.08627661,0.0647077,11837,0.007756449,0.007756455,0.007756455,false,1635001174,1.333328,1,1,1,0,0,0,0,0,"Normalized",false,"Combo_Getup02=1","",17,"Base HumanLPalm",-0.09968157,0.431668,-0.09681366,-0.1352285,0.5646786,0.127425,0.0501185,0.1364301,0.2631318
11838,15,1,"Pepe","Mankey",-1,0.0647077,0.08627661,0.0647077,11837,0.007756449,0.007756455,0.007756455,false,1635001174,1.333328,1,1,1,0,0,0,0,0,"Normalized",false,"Combo_Getup02=1","",18,"Base HumanRArmPalm",0.01720054,0.0832257,-1.114498,0.05287298,0.2896136,-0.8643096,0.01512821,0.10732,0.3262859
11838,15,1,"Pepe","Mankey",-1,0.0647077,0.08627661,0.0647077,11837,0.007756449,0.007756455,0.007756455,false,1635001174,1.333328,1,1,1,0,0,0,0,0,"Normalized",false,"Combo_Getup02=1","",19,"Base HumanLLegDigit11",0.6396135,0.3395889,-0.006873265,0.6107686,0.5518762,0.3170538,0.02746205,0.1364419,0.3883641
11838,15,1,"Pepe","Mankey",-1,0.0647077,0.08627661,0.0647077,11837,0.007756449,0.007756455,0.007756455,false,1635001174,1.333328,1,1,1,0,0,0,0,0,"Normalized",false,"Combo_Getup02=1","",20,"Base HumanRLegDigit11",0.8852794,0.3698968,-0.7325662,0.936946,0.5020788,-0.4200198,0.03030302,0.1211547,0.343259
11838,15,1,"Pepe","Mankey",-1,0.0647077,0.08627661,0.0647077,11837,0.007756449,0.007756455,0.007756455,false,1635001174,1.333328,1,1,1,0,0,0,0,0,"Normalized",false,"Combo_Getup02=1","",21,"Object001",-0.4741365,0.4892521,-0.4935042,-0.5388406,0.6622776,-0.290433,0.04710024,0.1216107,0.274522
11838,15,1,"Pepe","Mankey",-1,0.0647077,0.08627661,0.0647077,11837,0.007756449,0.007756455,0.007756455,false,1635001174,1.333328,1,1,1,0,0,0,0,0,"Normalized",false,"Combo_Getup02=1","",22,"Monkey_eyes",-0.4358766,0.4811882,-0.7532502,-0.5038759,0.6705731,-0.5506359,0.04013292,0.118577,0.2855575
11838,15,1,"Pepe","Mankey",-1,0.0647077,0.08627661,0.0647077,11837,0.007756449,0.007756455,0.007756455,false,1635001174,1.333328,1,1,1,0,0,0,0,0,"Normalized",false,"Combo_Getup02=1","",23,"Base HumanHeadBone001",-0.3553583,0.2935671,-0.6026222,-0.3734012,0.5083872,-0.4055642,0.03066443,0.1051558,0.2920704
11838,15,1,"Pepe","Mankey",-1,0.0647077,0.08627661,0.0647077,11837,0.007756449,0.007756455,0.007756455,false,1635001174,1.333328,1,1,1,0,0,0,0,0,"Normalized",false,"Combo_Getup02=1","",24,"Base HumanLDigit11",-0.08276781,0.4994369,-0.07414334,-0.1187606,0.6275284,0.1616499,0.06129982,0.1496868,0.2707423
11838,15,1,"Pepe","Mankey",-1,0.0647077,0.08627661,0.0647077,11837,0.007756449,0.007756455,0.007756455,false,1635001174,1.333328,1,1,1,0,0,0,0,0,"Normalized",false,"Combo_Getup02=1","",25,"Base HumanLDigit12",-0.05844114,0.5338124,-0.05853815,-0.09783961,0.6601883,0.1842914,0.06664295,0.1572757,0.2765669
11838,15,1,"Pepe","Mankey",-1,0.0647077,0.08627661,0.0647077,11837,0.007756449,0.007756455,0.007756455,false,1635001174,1.333328,1,1,1,0,0,0,0,0,"Normalized",false,"Combo_Getup02=1","",26,"Base HumanLDigit13",-0.03265228,0.5565295,-0.04060872,-0.07424712,0.6806613,0.2072445,0.07023928,0.1625296,0.2803034
11838,15,1,"Pepe","Mankey",-1,0.0647077,0.08627661,0.0647077,11837,0.007756449,0.007756455,0.007756455,false,1635001174,1.333328,1,1,1,0,0,0,0,0,"Normalized",false,"Combo_Getup02=1","",27,"Base HumanLDigit21",-0.05431971,0.5293209,-0.01656441,-0.09229134,0.6470825,0.2243771,0.06831571,0.1568299,0.270855
11838,15,1,"Pepe","Mankey",-1,0.0647077,0.08627661,0.0647077,11837,0.007756449,0.007756455,0.007756455,false,1635001174,1.333328,1,1,1,0,0,0,0,0,"Normalized",false,"Combo_Getup02=1","",28,"Base HumanLDigit22",-0.02138295,0.5706573,0.01318179,-0.0593753,0.6809586,0.2624208,0.07497419,0.1653892,0.2751907
11838,15,1,"Pepe","Mankey",-1,0.0647077,0.08627661,0.0647077,11837,0.007756449,0.007756455,0.007756455,false,1635001174,1.333328,1,1,1,0,0,0,0,0,"Normalized",false,"Combo_Getup02=1","",29,"Base HumanLDigit23",0.01560351,0.6058232,0.02869159,-0.02203595,0.7114143,0.2852988,0.0800002,0.1724164,0.280024
11838,15,1,"Pepe","Mankey",-1,0.0647077,0.08627661,0.0647077,11837,0.007756449,0.007756455,0.007756455,false,1635001174,1.333328,1,1,1,0,0,0,0,0,"Normalized",false,"Combo_Getup02=1","",30,"Base HumanLDigit31",-0.01894326,0.4905322,0.0004246377,-0.05780452,0.6055843,0.23592,0.06158794,0.1498407,0.2649627
11838,15,1,"Pepe","Mankey",-1,0.0647077,0.08627661,0.0647077,11837,0.007756449,0.007756455,0.007756455,false,1635001174,1.333328,1,1,1,0,0,0,0,0,"Normalized",false,"Combo_Getup02=1","",31,"Base HumanLDigit32",0.01244505,0.5198087,0.03209203,-0.0269054,0.6292197,0.2724137,0.06668171,0.1558839,0.2669714
11838,15,1,"Pepe","Mankey",-1,0.0647077,0.08627661,0.0647077,11837,0.007756449,0.007756455,0.007756455,false,1635001174,1.333328,1,1,1,0,0,0,0,0,"Normalized",false,"Combo_Getup02=1","",32,"Base HumanLDigit33",0.05337054,0.54992,0.05235564,0.01465247,0.6552983,0.2966015,0.07094727,0.160973,0.2688116
11838,15,1,"Pepe","Mankey",-1,0.0647077,0.08627661,0.0647077,11837,0.007756449,0.007756455,0.007756455,false,1635001174,1.333328,1,1,1,0,0,0,0,0,"Normalized",false,"Combo_Getup02=1","",33,"Base HumanLDigit41",0.002531954,0.4343176,0.0001362691,-0.03667245,0.5499429,0.2270415,0.0519294,0.1391298,0.2576668
11838,15,1,"Pepe","Mankey",-1,0.0647077,0.08627661,0.0647077,11837,0.007756449,0.007756455,0.007756455,false,1635001174,1.333328,1,1,1,0,0,0,0,0,"Normalized",false,"Combo_Getup02=1","",34,"Base HumanLDigit42",0.03470249,0.4602035,0.03390229,-0.006317966,0.5698807,0.2661089,0.05663107,0.1452899,0.2600609
11838,15,1,"Pepe","Mankey",-1,0.0647077,0.08627661,0.0647077,11837,0.007756449,0.007756455,0.007756455,false,1635001174,1.333328,1,1,1,0,0,0,0,0,"Normalized",false,"Combo_Getup02=1","",35,"Base HumanLDigit43",0.07671428,0.4859856,0.05902485,0.03661359,0.5914024,0.2935779,0.06041088,0.1493745,0.2602612
11838,15,1,"Pepe","Mankey",-1,0.0647077,0.08627661,0.0647077,11837,0.007756449,0.007756455,0.007756455,false,1635001174,1.333328,1,1,1,0,0,0,0,0,"Normalized",false,"Combo_Getup02=1","",36,"Base HumanRArmDigit11",0.04447439,0.1265965,-1.167107,0.08221566,0.3233517,-0.922562,0.0177486,0.1041009,0.3161313
11838,15,1,"Pepe","Mankey",-1,0.0647077,0.08627661,0.0647077,11837,0.007756449,0.007756455,0.007756455,false,1635001174,1.333328,1,1,1,0,0,0,0,0,"Normalized",false,"Combo_Getup02=1","",37,"Base HumanRArmDigit12",0.07398645,0.1481613,-1.193202,0.1129541,0.3430856,-0.9486905,0.01936607,0.1029216,0.3151189
11838,15,1,"Pepe","Mankey",-1,0.0647077,0.08627661,0.0647077,11837,0.007756449,0.007756455,0.007756455,false,1635001174,1.333328,1,1,1,0,0,0,0,0,"Normalized",false,"Combo_Getup02=1","",38,"Base HumanRArmDigit13",0.1051119,0.1590578,-1.213575,0.1466675,0.350213,-0.9664443,0.02060527,0.1037173,0.3151837
11838,15,1,"Pepe","Mankey",-1,0.0647077,0.08627661,0.0647077,11837,0.007756449,0.007756455,0.007756455,false,1635001174,1.333328,1,1,1,0,0,0,0,0,"Normalized",false,"Combo_Getup02=1","",39,"Base HumanRArmDigit21",0.09073596,0.1207142,-1.220426,0.1320278,0.3094357,-0.9709646,0.01968149,0.1068555,0.3155182
11838,15,1,"Pepe","Mankey",-1,0.0647077,0.08627661,0.0647077,11837,0.007756449,0.007756455,0.007756455,false,1635001174,1.333328,1,1,1,0,0,0,0,0,"Normalized",false,"Combo_Getup02=1","",40,"Base HumanRArmDigit22",0.1339777,0.1409848,-1.25781,0.1801614,0.3305557,-1.00122,0.02185692,0.1081657,0.3223482
11838,15,1,"Pepe","Mankey",-1,0.0647077,0.08627661,0.0647077,11837,0.007756449,0.007756455,0.007756455,false,1635001174,1.333328,1,1,1,0,0,0,0,0,"Normalized",false,"Combo_Getup02=1","",41,"Base HumanRArmDigit23",0.1760669,0.1632436,-1.281856,0.2234659,0.3594521,-1.012834,0.02373336,0.1106763,0.3363288
11838,15,1,"Pepe","Mankey",-1,0.0647077,0.08627661,0.0647077,11837,0.007756449,0.007756455,0.007756455,false,1635001174,1.333328,1,1,1,0,0,0,0,0,"Normalized",false,"Combo_Getup02=1","",42,"Base HumanRArmDigit31",0.1269916,0.08424086,-1.200427,0.1679777,0.2789651,-0.9422617,0.01822449,0.1101229,0.3259555
11838,15,1,"Pepe","Mankey",-1,0.0647077,0.08627661,0.0647077,11837,0.007756449,0.007756455,0.007756455,false,1635001174,1.333328,1,1,1,0,0,0,0,0,"Normalized",false,"Combo_Getup02=1","",43,"Base HumanRArmDigit32",0.1682948,0.09233598,-1.233195,0.2134702,0.2900497,-0.9678107,0.01979552,0.1115272,0.3340064
11838,15,1,"Pepe","Mankey",-1,0.0647077,0.08627661,0.0647077,11837,0.007756449,0.007756455,0.007756455,false,1635001174,1.333328,1,1,1,0,0,0,0,0,"Normalized",false,"Combo_Getup02=1","",44,"Base HumanRArmDigit33",0.2149839,0.1074755,-1.257343,0.261549,0.3130034,-0.9802123,0.02140428,0.1137557,0.3481544
11838,15,1,"Pepe","Mankey",-1,0.0647077,0.08627661,0.0647077,11837,0.007756449,0.007756455,0.007756455,false,1635001174,1.333328,1,1,1,0,0,0,0,0,"Normalized",false,"Combo_Getup02=1","",45,"Base HumanRArmDigit41",0.1437119,0.04205262,-1.160906,0.1833365,0.2457613,-0.8944812,0.01607027,0.1136237,0.3377121
11838,15,1,"Pepe","Mankey",-1,0.0647077,0.08627661,0.0647077,11837,0.007756449,0.007756455,0.007756455,false,1635001174,1.333328,1,1,1,0,0,0,0,0,"Normalized",false,"Combo_Getup02=1","",46,"Base HumanRArmDigit42",0.1862103,0.04551975,-1.192954,0.2296078,0.2542484,-0.9196233,0.01732523,0.1147973,0.3466417
11838,15,1,"Pepe","Mankey",-1,0.0647077,0.08627661,0.0647077,11837,0.007756449,0.007756455,0.007756455,false,1635001174,1.333328,1,1,1,0,0,0,0,0,"Normalized",false,"Combo_Getup02=1","",47,"Base HumanRArmDigit43",0.2349465,0.05345761,-1.217908,0.2799901,0.2726377,-0.9332024,0.01862966,0.1170342,0.3621131
11838,15,1,"Pepe","Mankey",-1,0.0647077,0.08627661,0.0647077,11837,0.007756449,0.007756455,0.007756455,false,1635001174,1.333328,1,1,1,0,0,0,0,0,"Normalized",false,"Combo_Getup02=1","",48,"Base HumanSpine4",-0.2934412,0.1497671,-0.5805789,-0.2905735,0.3414967,-0.3719229,0.01566214,0.09782278,0.2833827
11839,15,1,"Pepe","Mankey",-1,0.06938978,0.09251936,0.06938978,11838,0.006242752,0.006242751,0.006242751,false,1635001174,1.333328,1,1,1,0,0,0,0,0,"Normalized",false,"Combo_Getup02=1","",0,"Base HumanPelvis",0.08600473,0.06345509,-0.4867535,0.08716051,0.2721623,-0.3274803,0.00270545,0.07009867,0.2625414
11839,15,1,"Pepe","Mankey",-1,0.06938978,0.09251936,0.06938978,11838,0.006242752,0.006242751,0.006242751,false,1635001174,1.333328,1,1,1,0,0,0,0,0,"Normalized",false,"Combo_Getup02=1","",1,"Base HumanLLeg1",0.05519347,0.07982665,-0.3706196,0.05086318,0.2861995,-0.2126331,0.004005643,0.07014177,0.259939
11839,15,1,"Pepe","Mankey",-1,0.06938978,0.09251936,0.06938978,11838,0.006242752,0.006242751,0.006242751,false,1635001174,1.333328,1,1,1,0,0,0,0,0,"Normalized",false,"Combo_Getup02=1","",2,"Base HumanRLeg1",0.116816,0.0470835,-0.6028873,0.1234578,0.2581252,-0.4423276,0.004412859,0.07014854,0.2652586
11839,15,1,"Pepe","Mankey",-1,0.06938978,0.09251936,0.06938978,11838,0.006242752,0.006242751,0.006242751,false,1635001174,1.333328,1,1,1,0,0,0,0,0,"Normalized",false,"Combo_Getup02=1","",3,"Base HumanLLeg2",0.2421183,0.3164478,-0.163288,0.2289412,0.5036935,0.02167737,0.02453958,0.07752039,0.2635275
11839,15,1,"Pepe","Mankey",-1,0.06938978,0.09251936,0.06938978,11838,0.006242752,0.006242751,0.006242751,false,1635001174,1.333328,1,1,1,0,0,0,0,0,"Normalized",false,"Combo_Getup02=1","",4,"Base HumanRLeg2",0.473369,0.1289671,-0.5938347,0.4820018,0.3264863,-0.4160616,0.01051634,0.07149927,0.265879
11839,15,1,"Pepe","Mankey",-1,0.06938978,0.09251936,0.06938978,11838,0.006242752,0.006242751,0.006242751,false,1635001174,1.333328,1,1,1,0,0,0,0,0,"Normalized",false,"Combo_Getup02=1","",5,"Base HumanLLegAnkle",0.5344858,0.1157686,-0.153363,0.5339326,0.3269677,0.06164569,0.02607658,0.09639549,0.301387
11839,15,1,"Pepe","Mankey",-1,0.06938978,0.09251936,0.06938978,11838,0.006242752,0.006242751,0.006242751,false,1635001174,1.333328,1,1,1,0,0,0,0,0,"Normalized",false,"Combo_Getup02=1","",6,"Base HumanRLegAnkle",0.827699,0.1320943,-0.576809,0.8307487,0.3026968,-0.3555729,0.02027983,0.08521555,0.2793921
11839,15,1,"Pepe","Mankey",-1,0.06938978,0.09251936,0.06938978,11838,0.006242752,0.006242751,0.006242751,false,1635001174,1.333328,1,1,1,0,0,0,0,0,"Normalized",false,"Combo_Getup02=1","",7,"Base HumanSpine1",0.04178499,0.06385119,-0.4985412,0.04350241,0.2714294,-0.3411888,0.001909849,0.07002436,0.260483
11839,15,1,"Pepe","Mankey",-1,0.06938978,0.09251936,0.06938978,11838,0.006242752,0.006242751,0.006242751,false,1635001174,1.333328,1,1,1,0,0,0,0,0,"Normalized",false,"Combo_Getup02=1","",8,"Base HumanSpine3",-0.1862057,0.1079721,-0.5567444,-0.1835924,0.3069314,-0.4081334,0.007483883,0.07032395,0.2483482
11839,15,1,"Pepe","Mankey",-1,0.06938978,0.09251936,0.06938978,11838,0.006242752,0.006242751,0.006242751,false,1635001174,1.333328,1,1,1,0,0,0,0,0,"Normalized",false,"Combo_Getup02=1","",9,"Base HumanNeck1",-0.4333608,0.2251999,-0.6329245,-0.4353275,0.4092731,-0.4903729,0.02468753,0.0768859,0.2328256
11839,15,1,"Pepe","Mankey",-1,0.06938978,0.09251936,0.06938978,11838,0.006242752,0.006242751,0.006242751,false,1635001174,1.333328,1,1,1,0,0,0,0,0,"Normalized",false,"Combo_Getup02=1","",10,"Base HumanHead",-0.5495117,0.3166041,-0.6499377,-0.5605277,0.4875171,-0.5087569,0.02895121,0.082023,0.2219565
11839,15,1,"Pepe","Mankey",-1,0.06938978,0.09251936,0.06938978,11838,0.006242752,0.006242751,0.006242751,false,1635001174,1.333328,1,1,1,0,0,0,0,0,"Normalized",false,"Combo_Getup02=1","",11,"Base HumanLCollarbone",-0.3555866,0.3058541,-0.617539,-0.3644277,0.4949729,-0.4698932,0.02425721,0.07880045,0.2400904
11839,15,1,"Pepe","Mankey",-1,0.06938978,0.09251936,0.06938978,11838,0.006242752,0.006242751,0.006242751,false,1635001174,1.333328,1,1,1,0,0,0,0,0,"Normalized",false,"Combo_Getup02=1","",12,"Base HumanRArmCollarbone",-0.3474095,0.2862869,-0.673807,-0.3528564,0.4777944,-0.5263451,0.02291712,0.07753545,0.2417639
11839,15,1,"Pepe","Mankey",-1,0.06938978,0.09251936,0.06938978,11838,0.006242752,0.006242751,0.006242751,false,1635001174,1.333328,1,1,1,0,0,0,0,0,"Normalized",false,"Combo_Getup02=1","",13,"Base HumanLUpperarm",-0.4516153,0.2873982,-0.4291586,-0.4620808,0.4719277,-0.2828581,0.02973907,0.08159496,0.2357213
11839,15,1,"Pepe","Mankey",-1,0.06938978,0.09251936,0.06938978,11838,0.006242752,0.006242751,0.006242751,false,1635001174,1.333328,1,1,1,0,0,0,0,0,"Normalized",false,"Combo_Getup02=1","",14,"Base HumanRArmUpperarm",-0.3921727,0.1494865,-0.8297919,-0.3763074,0.3457479,-0.690854,0.01801895,0.07064515,0.2409855
11839,15,1,"Pepe","Mankey",-1,0.06938978,0.09251936,0.06938978,11838,0.006242752,0.006242751,0.006242751,false,1635001174,1.333328,1,1,1,0,0,0,0,0,"Normalized",false,"Combo_Getup02=1","",15,"Base HumanLForearm",-0.2771627,0.3076606,-0.2087187,-0.3216397,0.4791698,-0.03860024,0.02908465,0.0939585,0.2456296
11839,15,1,"Pepe","Mankey",-1,0.06938978,0.09251936,0.06938978,11838,0.006242752,0.006242751,0.006242751,false,1635001174,1.333328,1,1,1,0,0,0,0,0,"Normalized",false,"Combo_Getup02=1","",16,"Base HumanRArmForearm",-0.165921,0.03591074,-0.9536833,-0.1247486,0.2398783,-0.7611967,0.009351632,0.08651445,0.283459
11839,15,1,"Pepe","Mankey",-1,0.06938978,0.09251936,0.06938978,11838,0.006242752,0.006242751,0.006242751,false,1635001174,1.333328,1,1,1,0,0,0,0,0,"Normalized",false,"Combo_Getup02=1","",17,"Base HumanLPalm",-0.0819442,0.4519495,-0.1257822,-0.1089206,0.6032006,0.03333688,0.03956173,0.1050172,0.2211866
11839,15,1,"Pepe","Mankey",-1,0.06938978,0.09251936,0.06938978,11838,0.006242752,0.006242751,0.006242751,false,1635001174,1.333328,1,1,1,0,0,0,0,0,"Normalized",false,"Combo_Getup02=1","",18,"Base HumanRArmPalm",0.02953596,0.08386184,-1.112759,0.05259025,0.2895917,-0.9397671,0.01247354,0.07545805,0.2697824
11839,15,1,"Pepe","Mankey",-1,0.06938978,0.09251936,0.06938978,11838,0.006242752,0.006242751,0.006242751,false,1635001174,1.333328,1,1,1,0,0,0,0,0,"Normalized",false,"Combo_Getup02=1","",19,"Base HumanLLegDigit11",0.6190353,0.3367639,-0.002085505,0.6035551,0.5473369,0.2212155,0.02131585,0.09621653,0.3073173
11839,15,1,"Pepe","Mankey",-1,0.06938978,0.09251936,0.06938978,11838,0.006242752,0.006242751,0.006242751,false,1635001174,1.333328,1,1,1,0,0,0,0,0,"Normalized",false,"Combo_Getup02=1","",20,"Base HumanRLegDigit11",0.888459,0.3712726,-0.7108767,0.9248875,0.5247168,-0.4995074,0.02196443,0.08352346,0.2637217
11839,15,1,"Pepe","Mankey",-1,0.06938978,0.09251936,0.06938978,11838,0.006242752,0.006242751,0.006242751,false,1635001174,1.333328,1,1,1,0,0,0,0,0,"Normalized",false,"Combo_Getup02=1","",21,"Object001",-0.4493211,0.5053093,-0.5133977,-0.4975442,0.6894865,-0.3689983,0.03562852,0.09283436,0.2389517
11839,15,1,"Pepe","Mankey",-1,0.06938978,0.09251936,0.06938978,11838,0.006242752,0.006242751,0.006242751,false,1635001174,1.333328,1,1,1,0,0,0,0,0,"Normalized",false,"Combo_Getup02=1","",22,"Monkey_eyes",-0.4170452,0.4939772,-0.7738333,-0.4662604,0.6895583,-0.6298013,0.03068948,0.08968008,0.2478293
11839,15,1,"Pepe","Mankey",-1,0.06938978,0.09251936,0.06938978,11838,0.006242752,0.006242751,0.006242751,false,1635001174,1.333328,1,1,1,0,0,0,0,0,"Normalized",false,"Combo_Getup02=1","",23,"Base HumanHeadBone001",-0.3438038,0.3028892,-0.6238506,-0.3558247,0.5135542,-0.4841983,0.02590473,0.08074001,0.2530356
11839,15,1,"Pepe","Mankey",-1,0.06938978,0.09251936,0.06938978,11838,0.006242752,0.006242751,0.006242751,false,1635001174,1.333328,1,1,1,0,0,0,0,0,"Normalized",false,"Combo_Getup02=1","",24,"Base HumanLDigit11",-0.05934329,0.520215,-0.1108941,-0.08730753,0.6690489,0.05761677,0.04828104,0.116345,0.22656
11839,15,1,"Pepe","Mankey",-1,0.06938978,0.09251936,0.06938978,11838,0.006242752,0.006242751,0.006242751,false,1635001174,1.333328,1,1,1,0,0,0,0,0,"Normalized",false,"Combo_Getup02=1","",25,"Base HumanLDigit12",-0.03210595,0.5539501,-0.09918671,-0.06267683,0.7024671,0.07474959,0.05245354,0.1225697,0.2307504
11839,15,1,"Pepe","Mankey",-1,0.06938978,0.09251936,0.06938978,11838,0.006242752,0.006242751,0.006242751,false,1635001174,1.333328,1,1,1,0,0,0,0,0,"Normalized",false,"Combo_Getup02=1","",26,"Base HumanLDigit13",-0.004421863,0.5763264,-0.083841,-0.03669592,0.7238573,0.09398621,0.05529829,0.1268992,0.2333013
11839,15,1,"Pepe","Mankey",-1,0.06938978,0.09251936,0.06938978,11838,0.006242752,0.006242751,0.006242751,false,1635001174,1.333328,1,1,1,0,0,0,0,0,"Normalized",false,"Combo_Getup02=1","",27,"Base HumanLDigit21",-0.02835523,0.5540176,-0.05690514,-0.05821468,0.6956926,0.1164504,0.05395791,0.123176,0.2258662
11839,15,1,"Pepe","Mankey",-1,0.06938978,0.09251936,0.06938978,11838,0.006242752,0.006242751,0.006242751,false,1635001174,1.333328,1,1,1,0,0,0,0,0,"Normalized",false,"Combo_Getup02=1","",28,"Base HumanLDigit22",0.007957678,0.5956064,-0.03180322,-0.02245793,0.7327949,0.1484385,0.05921979,0.1305445,0.2285451
11839,15,1,"Pepe","Mankey",-1,0.06938978,0.09251936,0.06938978,11838,0.006242752,0.006242751,0.006242751,false,1635001174,1.333328,1,1,1,0,0,0,0,0,"Normalized",false,"Combo_Getup02=1","",29,"Base HumanLDigit23",0.047872,0.6290943,-0.02037487,0.01728788,0.7638651,0.1657626,0.06316896,0.1363318,0.2318312
11839,15,1,"Pepe","Mankey",-1,0.06938978,0.09251936,0.06938978,11838,0.006242752,0.006242751,0.006242751,false,1635001174,1.333328,1,1,1,0,0,0,0,0,"Normalized",false,"Combo_Getup02=1","",30,"Base HumanLDigit31",0.003673549,0.5146078,-0.03532501,-0.02654114,0.6539428,0.1337253,0.04867432,0.1173018,0.2211451
11839,15,1,"Pepe","Mankey",-1,0.06938978,0.09251936,0.06938978,11838,0.006242752,0.006242751,0.006242751,false,1635001174,1.333328,1,1,1,0,0,0,0,0,"Normalized",false,"Combo_Getup02=1","",31,"Base HumanLDigit32",0.03749264,0.5446556,-0.007066114,0.006558545,0.6803778,0.1661406,0.05270776,0.1226008,0.2222116
11839,15,1,"Pepe","Mankey",-1,0.06938978,0.09251936,0.06938978,11838,0.006242752,0.006242751,0.006242751,false,1635001174,1.333328,1,1,1,0,0,0,0,0,"Normalized",false,"Combo_Getup02=1","",32,"Base HumanLDigit33",0.08097142,0.5733727,0.009580989,0.05011078,0.7067337,0.18616,0.05604913,0.1268866,0.2234227
11839,15,1,"Pepe","Mankey",-1,0.06938978,0.09251936,0.06938978,11838,0.006242752,0.006242751,0.006242751,false,1635001174,1.333328,1,1,1,0,0,0,0,0,"Normalized",false,"Combo_Getup02=1","",33,"Base HumanLDigit41",0.02034693,0.4571312,-0.02901656,-0.009617649,0.5961976,0.1330554,0.04108188,0.1081889,0.2156494
11839,15,1,"Pepe","Mankey",-1,0.06938978,0.09251936,0.06938978,11838,0.006242752,0.006242751,0.006242751,false,1635001174,1.333328,1,1,1,0,0,0,0,0,"Normalized",false,"Combo_Getup02=1","",34,"Base HumanLDigit42",0.05467156,0.4840563,0.00167596,0.02310494,0.6193878,0.1682209,0.04479122,0.1135725,0.2169062
11839,15,1,"Pepe","Mankey",-1,0.06938978,0.09251936,0.06938978,11838,0.006242752,0.006242751,0.006242751,false,1635001174,1.333328,1,1,1,0,0,0,0,0,"Normalized",false,"Combo_Getup02=1","",35,"Base HumanLDigit43",0.09890976,0.5090259,0.02359289,0.06764352,0.6415909,0.1923909,0.04773799,0.1171348,0.2168959
11839,15,1,"Pepe","Mankey",-1,0.06938978,0.09251936,0.06938978,11838,0.006242752,0.006242751,0.006242751,false,1635001174,1.333328,1,1,1,0,0,0,0,0,"Normalized",false,"Combo_Getup02=1","",36,"Base HumanRArmDigit11",0.05838036,0.1290423,-1.162952,0.08254752,0.3281961,-0.9945837,0.01471792,0.07218523,0.2619049
11839,15,1,"Pepe","Mankey",-1,0.06938978,0.09251936,0.06938978,11838,0.006242752,0.006242751,0.006242751,false,1635001174,1.333328,1,1,1,0,0,0,0,0,"Normalized",false,"Combo_Getup02=1","",37,"Base HumanRArmDigit12",0.08867281,0.1513037,-1.187524,0.1135763,0.3491273,-1.019405,0.01605638,0.07097453,0.2608034
11839,15,1,"Pepe","Mankey",-1,0.06938978,0.09251936,0.06938978,11838,0.006242752,0.006242751,0.006242751,false,1635001174,1.333328,1,1,1,0,0,0,0,0,"Normalized",false,"Combo_Getup02=1","",38,"Base HumanRArmDigit13",0.1203367,0.1626451,-1.206794,0.1469356,0.3576927,-1.037191,0.01704822,0.07114188,0.2598389
11839,15,1,"Pepe","Mankey",-1,0.06938978,0.09251936,0.06938978,11838,0.006242752,0.006242751,0.006242751,false,1635001174,1.333328,1,1,1,0,0,0,0,0,"Normalized",false,"Combo_Getup02=1","",39,"Base HumanRArmDigit21",0.1056444,0.1248074,-1.215544,0.1320709,0.3180451,-1.044203,0.01621273,0.07374287,0.2596088
11839,15,1,"Pepe","Mankey",-1,0.06938978,0.09251936,0.06938978,11838,0.006242752,0.006242751,0.006242751,false,1635001174,1.333328,1,1,1,0,0,0,0,0,"Normalized",false,"Combo_Getup02=1","",40,"Base HumanRArmDigit22",0.1498697,0.146074,-1.251183,0.1797049,0.33941,-1.075072,0.01795458,0.07438165,0.2632191
11839,15,1,"Pepe","Mankey",-1,0.06938978,0.09251936,0.06938978,11838,0.006242752,0.006242751,0.006242751,false,1635001174,1.333328,1,1,1,0,0,0,0,0,"Normalized",false,"Combo_Getup02=1","",41,"Base HumanRArmDigit23",0.1926984,0.1688051,-1.273413,0.2237839,0.3662086,-1.088638,0.01946328,0.07610482,0.2721695
11839,15,1,"Pepe","Mankey",-1,0.06938978,0.09251936,0.06938978,11838,0.006242752,0.006242751,0.006242751,false,1635001174,1.333328,1,1,1,0,0,0,0,0,"Normalized",false,"Combo_Getup02=1","",42,"Base HumanRArmDigit31",0.1410559,0.08707952,-1.196377,0.1674468,0.284294,-1.018628,0.0149086,0.07655349,0.2668052
11839,15,1,"Pepe","Mankey",-1,0.06938978,0.09251936,0.06938978,11838,0.006242752,0.006242751,0.006242751,false,1635001174,1.333328,1,1,1,0,0,0,0,0,"Normalized",false,"Combo_Getup02=1","",43,"Base HumanRArmDigit32",0.1831109,0.09602468,-1.227946,0.2125095,0.294818,-1.045157,0.01614556,0.07749882,0.271652
11839,15,1,"Pepe","Mankey",-1,0.06938978,0.09251936,0.06938978,11838,0.006242752,0.006242751,0.006242751,false,1635001174,1.333328,1,1,1,0,0,0,0,0,"Normalized",false,"Combo_Getup02=1","",44,"Base HumanRArmDigit33",0.2304603,0.111593,-1.250482,0.2612395,0.3152124,-1.059357,0.01742272,0.0791765,0.2809569
11839,15,1,"Pepe","Mankey",-1,0.06938978,0.09251936,0.06938978,11838,0.006242752,0.006242751,0.006242751,false,1635001174,1.333328,1,1,1,0,0,0,0,0,"Normalized",false,"Combo_Getup02=1","",45,"Base HumanRArmDigit41",0.1564736,0.04307357,-1.158336,0.1821897,0.2463829,-0.9742794,0.01305779,0.07980888,0.2754504
11839,15,1,"Pepe","Mankey",-1,0.06938978,0.09251936,0.06938978,11838,0.006242752,0.006242751,0.006242751,false,1635001174,1.333328,1,1,1,0,0,0,0,0,"Normalized",false,"Combo_Getup02=1","",46,"Base HumanRArmDigit42",0.1996547,0.04736066,-1.189355,0.2281593,0.2536852,-1.00033,0.01403877,0.08072215,0.28127
11839,15,1,"Pepe","Mankey",-1,0.06938978,0.09251936,0.06938978,11838,0.006242752,0.006242751,0.006242751,false,1635001174,1.333328,1,1,1,0,0,0,0,0,"Normalized",false,"Combo_Getup02=1","",47,"Base HumanRArmDigit43",0.2489849,0.05575548,-1.212956,0.2791382,0.2687414,-1.015673,0.01506238,0.08256668,0.2918783
11839,15,1,"Pepe","Mankey",-1,0.06938978,0.09251936,0.06938978,11838,0.006242752,0.006242751,0.006242751,false,1635001174,1.333328,1,1,1,0,0,0,0,0,"Normalized",false,"Combo_Getup02=1","",48,"Base HumanSpine4",-0.2890549,0.159388,-0.589067,-0.2880807,0.3530512,-0.4430825,0.01355914,0.07213476,0.2425239
11840,15,1,"Pepe","Mankey",-1,0.07344181,0.09792204,0.07344181,11839,0.005402684,0.005402686,0.005402686,false,1635001174,1.333328,1,1,1,0,0,0,0,0,"Normalized",false,"Combo_Getup02=1","",0,"Base HumanPelvis",0.08463619,0.06185546,-0.4859214,0.08553053,0.2683376,-0.3795508,0.002263655,0.05223615,0.2322722
11840,15,1,"Pepe","Mankey",-1,0.07344181,0.09792204,0.07344181,11839,0.005402684,0.005402686,0.005402686,false,1635001174,1.333328,1,1,1,0,0,0,0,0,"Normalized",false,"Combo_Getup02=1","",1,"Base HumanLLeg1",0.05169406,0.07978493,-0.3706053,0.04909177,0.2845903,-0.2650409,0.003499685,0.05246245,0.2304254
11840,15,1,"Pepe","Mankey",-1,0.07344181,0.09792204,0.07344181,11839,0.005402684,0.005402686,0.005402686,false,1635001174,1.333328,1,1,1,0,0,0,0,0,"Normalized",false,"Combo_Getup02=1","",2,"Base HumanRLeg1",0.1175783,0.04392597,-0.6012374,0.1219693,0.252085,-0.4940605,0.003643287,0.05210568,0.2341716
11840,15,1,"Pepe","Mankey",-1,0.07344181,0.09792204,0.07344181,11839,0.005402684,0.005402686,0.005402686,false,1635001174,1.333328,1,1,1,0,0,0,0,0,"Normalized",false,"Combo_Getup02=1","",3,"Base HumanLLeg2",0.223234,0.3218928,-0.1564216,0.2158567,0.5137004,-0.03349194,0.02081858,0.057576,0.2279392
11840,15,1,"Pepe","Mankey",-1,0.07344181,0.09792204,0.07344181,11839,0.005402684,0.005402686,0.005402686,false,1635001174,1.333328,1,1,1,0,0,0,0,0,"Normalized",false,"Combo_Getup02=1","",4,"Base HumanRLeg2",0.4732271,0.1285264,-0.5846943,0.479037,0.3275162,-0.4670477,0.009152151,0.05108262,0.2312389
11840,15,1,"Pepe","Mankey",-1,0.07344181,0.09792204,0.07344181,11839,0.005402684,0.005402686,0.005402686,false,1635001174,1.333328,1,1,1,0,0,0,0,0,"Normalized",false,"Combo_Getup02=1","",5,"Base HumanLLegAnkle",0.5119933,0.115862,-0.1520983,0.514783,0.3242529,-0.008954376,0.02252819,0.0732014,0.2528334
11840,15,1,"Pepe","Mankey",-1,0.07344181,0.09792204,0.07344181,11839,0.005402684,0.005402686,0.005402686,false,1635001174,1.333328,1,1,1,0,0,0,0,0,"Normalized",false,"Combo_Getup02=1","",6,"Base HumanRLegAnkle",0.827089,0.1331585,-0.560003,0.8296051,0.3135908,-0.4145367,0.01685072,0.05997261,0.2317813
11840,15,1,"Pepe","Mankey",-1,0.07344181,0.09792204,0.07344181,11839,0.005402684,0.005402686,0.005402686,false,1635001174,1.333328,1,1,1,0,0,0,0,0,"Normalized",false,"Combo_Getup02=1","",7,"Base HumanSpine1",0.0406754,0.06273594,-0.4986165,0.04192297,0.2684156,-0.3934384,0.001575007,0.05236023,0.2310153
11840,15,1,"Pepe","Mankey",-1,0.07344181,0.09792204,0.07344181,11839,0.005402684,0.005402686,0.005402686,false,1635001174,1.333328,1,1,1,0,0,0,0,0,"Normalized",false,"Combo_Getup02=1","",8,"Base HumanSpine3",-0.1848667,0.1126957,-0.5614559,-0.1833761,0.3121182,-0.4615884,0.00680465,0.05370651,0.223036
11840,15,1,"Pepe","Mankey",-1,0.07344181,0.09792204,0.07344181,11839,0.005402684,0.005402686,0.005402686,false,1635001174,1.333328,1,1,1,0,0,0,0,0,"Normalized",false,"Combo_Getup02=1","",9,"Base HumanNeck1",-0.4238847,0.241766,-0.6442721,-0.4267371,0.4305688,-0.5475036,0.02220363,0.06157284,0.2121764
11840,15,1,"Pepe","Mankey",-1,0.07344181,0.09792204,0.07344181,11839,0.005402684,0.005402686,0.005402686,false,1635001174,1.333328,1,1,1,0,0,0,0,0,"Normalized",false,"Combo_Getup02=1","",10,"Base HumanHead",-0.5381405,0.3349183,-0.6643576,-0.5474797,0.5150378,-0.5680304,0.02593547,0.06664076,0.2044729
11840,15,1,"Pepe","Mankey",-1,0.07344181,0.09792204,0.07344181,11839,0.005402684,0.005402686,0.005402686,false,1635001174,1.333328,1,1,1,0,0,0,0,0,"Normalized",false,"Combo_Getup02=1","",11,"Base HumanLCollarbone",-0.3416287,0.3178284,-0.6288099,-0.3492179,0.5107325,-0.5286571,0.02156945,0.06271285,0.217486
11840,15,1,"Pepe","Mankey",-1,0.07344181,0.09792204,0.07344181,11839,0.005402684,0.005402686,0.005402686,false,1635001174,1.333328,1,1,1,0,0,0,0,0,"Normalized",false,"Combo_Getup02=1","",12,"Base HumanRArmCollarbone",-0.3336128,0.2967203,-0.6845415,-0.3388272,0.4912842,-0.5846001,0.0203577,0.06142014,0.2187935
11840,15,1,"Pepe","Mankey",-1,0.07344181,0.09792204,0.07344181,11839,0.005402684,0.005402686,0.005402686,false,1635001174,1.333328,1,1,1,0,0,0,0,0,"Normalized",false,"Combo_Getup02=1","",13,"Base HumanLUpperarm",-0.4422257,0.3085925,-0.4421437,-0.4506305,0.4973683,-0.3426834,0.02657028,0.06601064,0.2135399
11840,15,1,"Pepe","Mankey",-1,0.07344181,0.09792204,0.07344181,11839,0.005402684,0.005402686,0.005402686,false,1635001174,1.333328,1,1,1,0,0,0,0,0,"Normalized",false,"Combo_Getup02=1","",14,"Base HumanRArmUpperarm",-0.3837128,0.1599838,-0.8389516,-0.3740509,0.3568172,-0.7449975,0.01629917,0.05530953,0.2183211
11840,15,1,"Pepe","Mankey",-1,0.07344181,0.09792204,0.07344181,11839,0.005402684,0.005402686,0.005402686,false,1635001174,1.333328,1,1,1,0,0,0,0,0,"Normalized",false,"Combo_Getup02=1","",15,"Base HumanLForearm",-0.269506,0.3287761,-0.2203362,-0.299441,0.5083744,-0.1050731,0.02528743,0.07592315,0.215493
11840,15,1,"Pepe","Mankey",-1,0.07344181,0.09792204,0.07344181,11839,0.005402684,0.005402686,0.005402686,false,1635001174,1.333328,1,1,1,0,0,0,0,0,"Normalized",false,"Combo_Getup02=1","",16,"Base HumanRArmForearm",-0.1580593,0.03749229,-0.9552042,-0.1297959,0.2405235,-0.8240771,0.008162134,0.06308594,0.2433409
11840,15,1,"Pepe","Mankey",-1,0.07344181,0.09792204,0.07344181,11839,0.005402684,0.005402686,0.005402686,false,1635001174,1.333328,1,1,1,0,0,0,0,0,"Normalized",false,"Combo_Getup02=1","",17,"Base HumanLPalm",-0.06493685,0.4665811,-0.1498436,-0.08448075,0.6330361,-0.04135823,0.03289806,0.08406437,0.1996454
11840,15,1,"Pepe","Mankey",-1,0.07344181,0.09792204,0.07344181,11839,0.005402684,0.005402686,0.005402686,false,1635001174,1.333328,1,1,1,0,0,0,0,0,"Normalized",false,"Combo_Getup02=1","",18,"Base HumanRArmPalm",0.04043799,0.08441695,-1.110783,0.05487423,0.2892253,-0.9953459,0.0110936,0.05562688,0.2355431
11840,15,1,"Pepe","Mankey",-1,0.07344181,0.09792204,0.07344181,11839,0.005402684,0.005402686,0.005402686,false,1635001174,1.333328,1,1,1,0,0,0,0,0,"Normalized",false,"Combo_Getup02=1","",19,"Base HumanLLegDigit11",0.6014851,0.3332911,0.001486407,0.5935869,0.5417665,0.1502631,0.01824358,0.07186544,0.2562399
11840,15,1,"Pepe","Mankey",-1,0.07344181,0.09792204,0.07344181,11839,0.005402684,0.005402686,0.005402686,false,1635001174,1.333328,1,1,1,0,0,0,0,0,"Normalized",false,"Combo_Getup02=1","",20,"Base HumanRLegDigit11",0.8897898,0.3724497,-0.6929711,0.9145321,0.5417699,-0.5545149,0.01799358,0.05851385,0.2201173
11840,15,1,"Pepe","Mankey",-1,0.07344181,0.09792204,0.07344181,11839,0.005402684,0.005402686,0.005402686,false,1635001174,1.333328,1,1,1,0,0,0,0,0,"Normalized",false,"Combo_Getup02=1","",21,"Object001",-0.4280407,0.5191603,-0.5293617,-0.4621294,0.7104484,-0.4308407,0.02999267,0.07428382,0.2178521
11840,15,1,"Pepe","Mankey",-1,0.07344181,0.09792204,0.07344181,11839,0.005402684,0.005402686,0.005402686,false,1635001174,1.333328,1,1,1,0,0,0,0,0,"Normalized",false,"Combo_Getup02=1","",22,"Monkey_eyes",-0.4000927,0.5065445,-0.7902383,-0.4343612,0.7052922,-0.6919904,0.02672917,0.07164223,0.2243382
11840,15,1,"Pepe","Mankey",-1,0.07344181,0.09792204,0.07344181,11839,0.005402684,0.005402686,0.005402686,false,1635001174,1.333328,1,1,1,0,0,0,0,0,"Normalized",false,"Combo_Getup02=1","",23,"Base HumanHeadBone001",-0.3328403,0.3124758,-0.6412814,-0.3408824,0.5199022,-0.5461619,0.02271411,0.0640551,0.2283377
11840,15,1,"Pepe","Mankey",-1,0.07344181,0.09792204,0.07344181,11839,0.005402684,0.005402686,0.005402686,false,1635001174,1.333328,1,1,1,0,0,0,0,0,"Normalized",false,"Combo_Getup02=1","",24,"Base HumanLDigit11",-0.03733547,0.5340954,-0.1413221,-0.0578962,0.6997138,-0.02586731,0.04003592,0.09367473,0.2029335
11840,15,1,"Pepe","Mankey",-1,0.07344181,0.09792204,0.07344181,11839,0.005402684,0.005402686,0.005402686,false,1635001174,1.333328,1,1,1,0,0,0,0,0,"Normalized",false,"Combo_Getup02=1","",25,"Base HumanLDigit12",-0.007597072,0.5666403,-0.1327519,-0.03000128,0.732646,-0.01344392,0.04345515,0.09877525,0.2056557
11840,15,1,"Pepe","Mankey",-1,0.07344181,0.09792204,0.07344181,11839,0.005402684,0.005402686,0.005402686,false,1635001174,1.333328,1,1,1,0,0,0,0,0,"Normalized",false,"Combo_Getup02=1","",26,"Base HumanLDigit13",0.02173613,0.5882476,-0.1195124,-0.001887977,0.7539912,0.002575517,0.04581274,0.1023502,0.2072064
11840,15,1,"Pepe","Mankey",-1,0.07344181,0.09792204,0.07344181,11839,0.005402684,0.005402686,0.005402686,false,1635001174,1.333328,1,1,1,0,0,0,0,0,"Normalized",false,"Combo_Getup02=1","",27,"Base HumanLDigit21",-0.003774756,0.570433,-0.09061769,-0.02594679,0.7314366,0.02881885,0.04483527,0.09999073,0.20169
11840,15,1,"Pepe","Mankey",-1,0.07344181,0.09792204,0.07344181,11839,0.005402684,0.005402686,0.005402686,false,1635001174,1.333328,1,1,1,0,0,0,0,0,"Normalized",false,"Combo_Getup02=1","",28,"Base HumanLDigit22",0.03553478,0.6114305,-0.06934959,0.01269213,0.7699801,0.05527294,0.04919986,0.1062925,0.2029545
11840,15,1,"Pepe","Mankey",-1,0.07344181,0.09792204,0.07344181,11839,0.005402684,0.005402686,0.005402686,false,1635001174,1.333328,1,1,1,0,0,0,0,0,"Normalized",false,"Combo_Getup02=1","",29,"Base HumanLDigit23",0.07789476,0.6427935,-0.06115263,0.05473886,0.800329,0.06777126,0.05245816,0.1110608,0.204878
11840,15,1,"Pepe","Mankey",-1,0.07344181,0.09792204,0.07344181,11839,0.005402684,0.005402686,0.005402686,false,1635001174,1.333328,1,1,1,0,0,0,0,0,"Normalized",false,"Combo_Getup02=1","",30,"Base HumanLDigit31",0.02534246,0.5309697,-0.06532899,0.003055222,0.6900526,0.05097556,0.04046596,0.09501252,0.19832
11840,15,1,"Pepe","Mankey",-1,0.07344181,0.09792204,0.07344181,11839,0.005402684,0.005402686,0.005402686,false,1635001174,1.333328,1,1,1,0,0,0,0,0,"Normalized",false,"Combo_Getup02=1","",31,"Base HumanLDigit32",0.06138057,0.5610127,-0.03995513,0.03838994,0.7179683,0.07956451,0.04381641,0.09960773,0.1986167
11840,15,1,"Pepe","Mankey",-1,0.07344181,0.09792204,0.07344181,11839,0.005402684,0.005402686,0.005402686,false,1635001174,1.333328,1,1,1,0,0,0,0,0,"Normalized",false,"Combo_Getup02=1","",32,"Base HumanLDigit33",0.107008,0.5878671,-0.02620073,0.08387356,0.7435985,0.09589094,0.04656526,0.1031864,0.1992331
11840,15,1,"Pepe","Mankey",-1,0.07344181,0.09792204,0.07344181,11839,0.005402684,0.005402686,0.005402686,false,1635001174,1.333328,1,1,1,0,0,0,0,0,"Normalized",false,"Combo_Getup02=1","",33,"Base HumanLDigit41",0.03776975,0.4732669,-0.0536117,0.01590373,0.6316268,0.0575099,0.03418821,0.08725653,0.1946895
11840,15,1,"Pepe","Mankey",-1,0.07344181,0.09792204,0.07344181,11839,0.005402684,0.005402686,0.005402686,false,1635001174,1.333328,1,1,1,0,0,0,0,0,"Normalized",false,"Combo_Getup02=1","",34,"Base HumanLDigit42",0.07409953,0.5004456,-0.02556477,0.05096314,0.6566483,0.0889731,0.0372574,0.09189473,0.195073
11840,15,1,"Pepe","Mankey",-1,0.07344181,0.09792204,0.07344181,11839,0.005402684,0.005402686,0.005402686,false,1635001174,1.333328,1,1,1,0,0,0,0,0,"Normalized",false,"Combo_Getup02=1","",35,"Base HumanLDigit43",0.1202557,0.5240704,-0.006268986,0.09712687,0.6786323,0.1101025,0.03967013,0.09493524,0.1948503
11840,15,1,"Pepe","Mankey",-1,0.07344181,0.09792204,0.07344181,11839,0.005402684,0.005402686,0.005402686,false,1635001174,1.333328,1,1,1,0,0,0,0,0,"Normalized",false,"Combo_Getup02=1","",36,"Base HumanRArmDigit11",0.07064041,0.1310014,-1.158849,0.08563829,0.3315086,-1.046904,0.01307616,0.05251639,0.2301295
11840,15,1,"Pepe","Mankey",-1,0.07344181,0.09792204,0.07344181,11839,0.005402684,0.005402686,0.005402686,false,1635001174,1.333328,1,1,1,0,0,0,0,0,"Normalized",false,"Combo_Getup02=1","",37,"Base HumanRArmDigit12",0.1016029,0.1537401,-1.182113,0.1170267,0.3533419,-1.070464,0.01422665,0.0513492,0.2292255
11840,15,1,"Pepe","Mankey",-1,0.07344181,0.09792204,0.07344181,11839,0.005402684,0.005402686,0.005402686,false,1635001174,1.333328,1,1,1,0,0,0,0,0,"Normalized",false,"Combo_Getup02=1","",38,"Base HumanRArmDigit13",0.1337164,0.1653534,-1.200456,0.1502118,0.3630287,-1.088,0.01505085,0.05119256,0.228022
11840,15,1,"Pepe","Mankey",-1,0.07344181,0.09792204,0.07344181,11839,0.005402684,0.005402686,0.005402686,false,1635001174,1.333328,1,1,1,0,0,0,0,0,"Normalized",false,"Combo_Getup02=1","",39,"Base HumanRArmDigit21",0.1186854,0.1280548,-1.210817,0.1350792,0.3244327,-1.097136,0.01424632,0.05340167,0.2275002
11840,15,1,"Pepe","Mankey",-1,0.07344181,0.09792204,0.07344181,11839,0.005402684,0.005402686,0.005402686,false,1635001174,1.333328,1,1,1,0,0,0,0,0,"Normalized",false,"Combo_Getup02=1","",40,"Base HumanRArmDigit22",0.1637331,0.1500186,-1.244972,0.1824001,0.3461995,-1.128205,0.01569484,0.05363316,0.2290634
11840,15,1,"Pepe","Mankey",-1,0.07344181,0.09792204,0.07344181,11839,0.005402684,0.005402686,0.005402686,false,1635001174,1.333328,1,1,1,0,0,0,0,0,"Normalized",false,"Combo_Getup02=1","",41,"Base HumanRArmDigit23",0.2071923,0.1730054,-1.265662,0.226883,0.3715954,-1.143087,0.01696438,0.05480259,0.2342016
11840,15,1,"Pepe","Mankey",-1,0.07344181,0.09792204,0.07344181,11839,0.005402684,0.005402686,0.005402686,false,1635001174,1.333328,1,1,1,0,0,0,0,0,"Normalized",false,"Combo_Getup02=1","",42,"Base HumanRArmDigit31",0.1533154,0.08920453,-1.192483,0.1697885,0.2881263,-1.074293,0.01303759,0.05584577,0.2319701
11840,15,1,"Pepe","Mankey",-1,0.07344181,0.09792204,0.07344181,11839,0.005402684,0.005402686,0.005402686,false,1635001174,1.333328,1,1,1,0,0,0,0,0,"Normalized",false,"Combo_Getup02=1","",43,"Base HumanRArmDigit32",0.1959812,0.09875099,-1.223039,0.2145087,0.2984536,-1.10147,0.01404127,0.05646592,0.2345279
11840,15,1,"Pepe","Mankey",-1,0.07344181,0.09792204,0.07344181,11839,0.005402684,0.005402686,0.005402686,false,1635001174,1.333328,1,1,1,0,0,0,0,0,"Normalized",false,"Combo_Getup02=1","",44,"Base HumanRArmDigit33",0.243881,0.114537,-1.24422,0.2635288,0.3171225,-1.116985,0.01509957,0.05770499,0.2400323
11840,15,1,"Pepe","Mankey",-1,0.07344181,0.09792204,0.07344181,11839,0.005402684,0.005402686,0.005402686,false,1635001174,1.333328,1,1,1,0,0,0,0,0,"Normalized",false,"Combo_Getup02=1","",45,"Base HumanRArmDigit41",0.1675752,0.04365886,-1.155827,0.1837524,0.2465571,-1.033081,0.01139665,0.05882279,0.2376889
11840,15,1,"Pepe","Mankey",-1,0.07344181,0.09792204,0.07344181,11839,0.005402684,0.005402686,0.005402686,false,1635001174,1.333328,1,1,1,0,0,0,0,0,"Normalized",false,"Combo_Getup02=1","",46,"Base HumanRArmDigit42",0.211301,0.04853037,-1.185985,0.229426,0.2531778,-1.059826,0.01218036,0.05951086,0.2410921
11840,15,1,"Pepe","Mankey",-1,0.07344181,0.09792204,0.07344181,11839,0.005402684,0.005402686,0.005402686,false,1635001174,1.333328,1,1,1,0,0,0,0,0,"Normalized",false,"Combo_Getup02=1","",47,"Base HumanRArmDigit43",0.2611127,0.05717882,-1.208456,0.280589,0.2659289,-1.076579,0.0130138,0.06098881,0.247684
11840,15,1,"Pepe","Mankey",-1,0.07344181,0.09792204,0.07344181,11839,0.005402684,0.005402686,0.005402686,false,1635001174,1.333328,1,1,1,0,0,0,0,0,"Normalized",false,"Combo_Getup02=1","",48,"Base HumanSpine4",-0.2847142,0.1681673,-0.5963799,-0.28474,0.3638066,-0.4979198,0.01222277,0.05598179,0.2190186
11841,15,1,"Pepe","Mankey",-1,0.07704514,0.1027265,0.07704514,11840,0.00480441,0.004804415,0.004804415,false,1635001174,1.333328,1,1,1,0,0,0,0,0,"Normalized",false,"Combo_Getup02=1","",0,"Base HumanPelvis",0.0834304,0.06043637,-0.4852456,0.08406228,0.2652981,-0.4181897,0.001981023,0.03878612,0.2155579
11841,15,1,"Pepe","Mankey",-1,0.07704514,0.1027265,0.07704514,11840,0.00480441,0.004804415,0.004804415,false,1635001174,1.333328,1,1,1,0,0,0,0,0,"Normalized",false,"Combo_Getup02=1","",1,"Base HumanLLeg1",0.04867215,0.07976041,-0.3706905,0.04718813,0.2834974,-0.3041129,0.003023205,0.03913362,0.2143444
11841,15,1,"Pepe","Mankey",-1,0.07704514,0.1027265,0.07704514,11840,0.00480441,0.004804415,0.004804415,false,1635001174,1.333328,1,1,1,0,0,0,0,0,"Normalized",false,"Combo_Getup02=1","",2,"Base HumanRLeg1",0.1181886,0.04111231,-0.5998006,0.1209364,0.2470988,-0.5322665,0.003217665,0.03854378,0.2167922
11841,15,1,"Pepe","Mankey",-1,0.07704514,0.1027265,0.07704514,11840,0.00480441,0.004804415,0.004804415,false,1635001174,1.333328,1,1,1,0,0,0,0,0,"Normalized",false,"Combo_Getup02=1","",3,"Base HumanLLeg2",0.2061813,0.3264323,-0.1510073,0.2023787,0.5217236,-0.0737198,0.0184585,0.04317765,0.2100632
11841,15,1,"Pepe","Mankey",-1,0.07704514,0.1027265,0.07704514,11840,0.00480441,0.004804415,0.004804415,false,1635001174,1.333328,1,1,1,0,0,0,0,0,"Normalized",false,"Combo_Getup02=1","",4,"Base HumanRLeg2",0.4725915,0.1294567,-0.5772009,0.4763233,0.3295197,-0.503562,0.007577543,0.03666978,0.2132178
11841,15,1,"Pepe","Mankey",-1,0.07704514,0.1027265,0.07704514,11840,0.00480441,0.004804415,0.004804415,false,1635001174,1.333328,1,1,1,0,0,0,0,0,"Normalized",false,"Combo_Getup02=1","",5,"Base HumanLLegAnkle",0.4921369,0.1164839,-0.1516368,0.4955666,0.3223713,-0.06151903,0.01987152,0.05599869,0.2247723
11841,15,1,"Pepe","Mankey",-1,0.07704514,0.1027265,0.07704514,11840,0.00480441,0.004804415,0.004804415,false,1635001174,1.333328,1,1,1,0,0,0,0,0,"Normalized",false,"Combo_Getup02=1","",6,"Base HumanRLegAnkle",0.8258445,0.134028,-0.5449402,0.8275573,0.3223341,-0.4542437,0.01513912,0.04070976,0.2090166
11841,15,1,"Pepe","Mankey",-1,0.07704514,0.1027265,0.07704514,11840,0.00480441,0.004804415,0.004804415,false,1635001174,1.333328,1,1,1,0,0,0,0,0,"Normalized",false,"Combo_Getup02=1","",7,"Base HumanSpine1",0.03971782,0.06176874,-0.4987336,0.04055923,0.2660971,-0.4323791,0.001366072,0.03903352,0.2148341
11841,15,1,"Pepe","Mankey",-1,0.07704514,0.1027265,0.07704514,11840,0.00480441,0.004804415,0.004804415,false,1635001174,1.333328,1,1,1,0,0,0,0,0,"Normalized",false,"Combo_Getup02=1","",8,"Base HumanSpine3",-0.1834066,0.1170509,-0.5656169,-0.1826356,0.3171573,-0.5023142,0.006197889,0.04104296,0.2098819
11841,15,1,"Pepe","Mankey",-1,0.07704514,0.1027265,0.07704514,11840,0.00480441,0.004804415,0.004804415,false,1635001174,1.333328,1,1,1,0,0,0,0,0,"Normalized",false,"Combo_Getup02=1","",9,"Base HumanNeck1",-0.4143658,0.2565608,-0.654211,-0.4171374,0.4496587,-0.5923332,0.02020589,0.04966157,0.2027889
11841,15,1,"Pepe","Mankey",-1,0.07704514,0.1027265,0.07704514,11840,0.00480441,0.004804415,0.004804415,false,1635001174,1.333328,1,1,1,0,0,0,0,0,"Normalized",false,"Combo_Getup02=1","",10,"Base HumanHead",-0.526087,0.3522016,-0.6767145,-0.5332797,0.539871,-0.6148701,0.02442727,0.05488423,0.1977278
11841,15,1,"Pepe","Mankey",-1,0.07704514,0.1027265,0.07704514,11840,0.00480441,0.004804415,0.004804415,false,1635001174,1.333328,1,1,1,0,0,0,0,0,"Normalized",false,"Combo_Getup02=1","",11,"Base HumanLCollarbone",-0.3282553,0.3281734,-0.6384872,-0.3340583,0.5242981,-0.5745164,0.01948121,0.05016884,0.2063755
11841,15,1,"Pepe","Mankey",-1,0.07704514,0.1027265,0.07704514,11840,0.00480441,0.004804415,0.004804415,false,1635001174,1.333328,1,1,1,0,0,0,0,0,"Normalized",false,"Combo_Getup02=1","",12,"Base HumanRArmCollarbone",-0.3205135,0.3057508,-0.6937422,-0.3247474,0.5029454,-0.6299528,0.01837912,0.04889881,0.2072987
11841,15,1,"Pepe","Mankey",-1,0.07704514,0.1027265,0.07704514,11840,0.00480441,0.004804415,0.004804415,false,1635001174,1.333328,1,1,1,0,0,0,0,0,"Normalized",false,"Combo_Getup02=1","",13,"Base HumanLUpperarm",-0.4323868,0.3273436,-0.4535407,-0.4386272,0.5202548,-0.3898592,0.02404778,0.05379056,0.2032461
11841,15,1,"Pepe","Mankey",-1,0.07704514,0.1027265,0.07704514,11840,0.00480441,0.004804415,0.004804415,false,1635001174,1.333328,1,1,1,0,0,0,0,0,"Normalized",false,"Combo_Getup02=1","",14,"Base HumanRArmUpperarm",-0.3755956,0.1696074,-0.846975,-0.3701056,0.3676502,-0.7870743,0.01492907,0.04362772,0.2069762
11841,15,1,"Pepe","Mankey",-1,0.07704514,0.1027265,0.07704514,11840,0.00480441,0.004804415,0.004804415,false,1635001174,1.333328,1,1,1,0,0,0,0,0,"Normalized",false,"Combo_Getup02=1","",15,"Base HumanLForearm",-0.2614393,0.347017,-0.230319,-0.2803232,0.5338167,-0.1570632,0.02230379,0.06095717,0.201537
11841,15,1,"Pepe","Mankey",-1,0.07704514,0.1027265,0.07704514,11840,0.00480441,0.004804415,0.004804415,false,1635001174,1.333328,1,1,1,0,0,0,0,0,"Normalized",false,"Combo_Getup02=1","",16,"Base HumanRArmForearm",-0.150957,0.03916474,-0.9563391,-0.1327583,0.241676,-0.872134,0.007384334,0.04816186,0.2200739
11841,15,1,"Pepe","Mankey",-1,0.07704514,0.1027265,0.07704514,11840,0.00480441,0.004804415,0.004804415,false,1635001174,1.333328,1,1,1,0,0,0,0,0,"Normalized",false,"Combo_Getup02=1","",17,"Base HumanLPalm",-0.04899795,0.4774295,-0.1697447,-0.06222099,0.656315,-0.1001984,0.02770901,0.06707881,0.1923839
11841,15,1,"Pepe","Mankey",-1,0.07704514,0.1027265,0.07704514,11840,0.00480441,0.004804415,0.004804415,false,1635001174,1.333328,1,1,1,0,0,0,0,0,"Normalized",false,"Combo_Getup02=1","",18,"Base HumanRArmPalm",0.05039543,0.08469503,-1.108629,0.05894158,0.2888739,-1.035937,0.01019165,0.04079573,0.2169012
11841,15,1,"Pepe","Mankey",-1,0.07704514,0.1027265,0.07704514,11840,0.00480441,0.004804415,0.004804415,false,1635001174,1.333328,1,1,1,0,0,0,0,0,"Normalized",false,"Combo_Getup02=1","",19,"Base HumanLLegDigit11",0.5857733,0.3307342,0.003931458,0.582138,0.5368751,0.0977478,0.01610522,0.05397087,0.2265145
11841,15,1,"Pepe","Mankey",-1,0.07704514,0.1027265,0.07704514,11840,0.00480441,0.004804415,0.004804415,false,1635001174,1.333328,1,1,1,0,0,0,0,0,"Normalized",false,"Combo_Getup02=1","",20,"Base HumanRLegDigit11",0.8911603,0.3733262,-0.6766308,0.906783,0.5548129,-0.5904387,0.01642104,0.03899591,0.2015207
11841,15,1,"Pepe","Mankey",-1,0.07704514,0.1027265,0.07704514,11840,0.00480441,0.004804415,0.004804415,false,1635001174,1.333328,1,1,1,0,0,0,0,0,"Normalized",false,"Combo_Getup02=1","",21,"Object001",-0.408879,0.5324483,-0.5423107,-0.4314873,0.7283081,-0.4791472,0.0266724,0.05992853,0.207031
11841,15,1,"Pepe","Mankey",-1,0.07704514,0.1027265,0.07704514,11840,0.00480441,0.004804415,0.004804415,false,1635001174,1.333328,1,1,1,0,0,0,0,0,"Normalized",false,"Combo_Getup02=1","",22,"Monkey_eyes",-0.38282,0.5189342,-0.8033378,-0.4054132,0.7194756,-0.740373,0.02496897,0.05813806,0.2114045
11841,15,1,"Pepe","Mankey",-1,0.07704514,0.1027265,0.07704514,11840,0.00480441,0.004804415,0.004804415,false,1635001174,1.333328,1,1,1,0,0,0,0,0,"Normalized",false,"Combo_Getup02=1","",23,"Base HumanHeadBone001",-0.3215728,0.3225943,-0.6547676,-0.3268888,0.5277917,-0.5938638,0.02027854,0.0503343,0.214111
11841,15,1,"Pepe","Mankey",-1,0.07704514,0.1027265,0.07704514,11840,0.00480441,0.004804415,0.004804415,false,1635001174,1.333328,1,1,1,0,0,0,0,0,"Normalized",false,"Combo_Getup02=1","",24,"Base HumanLDigit11",-0.01708158,0.5434815,-0.1664113,-0.03111178,0.7223465,-0.09215665,0.03358248,0.07499281,0.1941733
11841,15,1,"Pepe","Mankey",-1,0.07704514,0.1027265,0.07704514,11840,0.00480441,0.004804415,0.004804415,false,1635001174,1.333328,1,1,1,0,0,0,0,0,"Normalized",false,"Combo_Getup02=1","",25,"Base HumanLDigit12",0.0147652,0.574562,-0.160347,-0.0004572794,0.7540303,-0.08358738,0.03639107,0.07905847,0.1957872
11841,15,1,"Pepe","Mankey",-1,0.07704514,0.1027265,0.07704514,11840,0.00480441,0.004804415,0.004804415,false,1635001174,1.333328,1,1,1,0,0,0,0,0,"Normalized",false,"Combo_Getup02=1","",26,"Base HumanLDigit13",0.045495,0.5951762,-0.1488001,0.02947432,0.7747197,-0.07022154,0.03834395,0.08193092,0.1966395
11841,15,1,"Pepe","Mankey",-1,0.07704514,0.1027265,0.07704514,11840,0.00480441,0.004804415,0.004804415,false,1635001174,1.333328,1,1,1,0,0,0,0,0,"Normalized",false,"Combo_Getup02=1","",27,"Base HumanLDigit21",0.0189029,0.5813886,-0.1186006,0.003659882,0.757514,-0.04144308,0.03764766,0.08058116,0.192888
11841,15,1,"Pepe","Mankey",-1,0.07704514,0.1027265,0.07704514,11840,0.00480441,0.004804415,0.004804415,false,1635001174,1.333328,1,1,1,0,0,0,0,0,"Normalized",false,"Combo_Getup02=1","",28,"Base HumanLDigit22",0.06080086,0.6213118,-0.1004604,0.04498776,0.7962467,-0.01976046,0.04127831,0.08580766,0.1932997
11841,15,1,"Pepe","Mankey",-1,0.07704514,0.1027265,0.07704514,11840,0.00480441,0.004804415,0.004804415,false,1635001174,1.333328,1,1,1,0,0,0,0,0,"Normalized",false,"Combo_Getup02=1","",29,"Base HumanLDigit23",0.1051642,0.6503809,-0.09479741,0.08907001,0.825046,-0.01124173,0.04396778,0.08962484,0.1942897
11841,15,1,"Pepe","Mankey",-1,0.07704514,0.1027265,0.07704514,11840,0.00480441,0.004804415,0.004804415,false,1635001174,1.333328,1,1,1,0,0,0,0,0,"Normalized",false,"Combo_Getup02=1","",30,"Base HumanLDigit31",0.04549589,0.5422025,-0.09028195,0.03023033,0.7168863,-0.01521137,0.03398509,0.07641495,0.1907434
11841,15,1,"Pepe","Mankey",-1,0.07704514,0.1027265,0.07704514,11840,0.00480441,0.004804415,0.004804415,false,1635001174,1.333328,1,1,1,0,0,0,0,0,"Normalized",false,"Combo_Getup02=1","",31,"Base HumanLDigit32",0.08348391,0.5717672,-0.06730359,0.06765947,0.7453156,0.01000744,0.03677164,0.08026683,0.1906475
11841,15,1,"Pepe","Mankey",-1,0.07704514,0.1027265,0.07704514,11840,0.00480441,0.004804415,0.004804415,false,1635001174,1.333328,1,1,1,0,0,0,0,0,"Normalized",false,"Combo_Getup02=1","",32,"Base HumanLDigit33",0.130874,0.5965612,-0.05583031,0.1148692,0.7695721,0.02323937,0.03902675,0.0831481,0.1908951
11841,15,1,"Pepe","Mankey",-1,0.07704514,0.1027265,0.07704514,11840,0.00480441,0.004804415,0.004804415,false,1635001174,1.333328,1,1,1,0,0,0,0,0,"Normalized",false,"Combo_Getup02=1","",33,"Base HumanLDigit41",0.05421817,0.4848965,-0.07411732,0.03933585,0.6587635,-0.002555788,0.02874509,0.06995247,0.1886061
11841,15,1,"Pepe","Mankey",-1,0.07704514,0.1027265,0.07704514,11840,0.00480441,0.004804415,0.004804415,false,1635001174,1.333328,1,1,1,0,0,0,0,0,"Normalized",false,"Combo_Getup02=1","",34,"Base HumanLDigit42",0.09233122,0.5118351,-0.04829338,0.07654627,0.6845747,0.02562821,0.03128425,0.07380351,0.1885538
11841,15,1,"Pepe","Mankey",-1,0.07704514,0.1027265,0.07704514,11840,0.00480441,0.004804415,0.004804415,false,1635001174,1.333328,1,1,1,0,0,0,0,0,"Normalized",false,"Combo_Getup02=1","",35,"Base HumanLDigit43",0.1400862,0.5338508,-0.0310998,0.1242083,0.7057127,0.0441314,0.03324867,0.07628201,0.1882774
11841,15,1,"Pepe","Mankey",-1,0.07704514,0.1027265,0.07704514,11840,0.00480441,0.004804415,0.004804415,false,1635001174,1.333328,1,1,1,0,0,0,0,0,"Normalized",false,"Combo_Getup02=1","",36,"Base HumanRArmDigit11",0.08180306,0.1323684,-1.154817,0.09060322,0.3339033,-1.084542,0.01194675,0.03803946,0.2136173
11841,15,1,"Pepe","Mankey",-1,0.07704514,0.1027265,0.07704514,11840,0.00480441,0.004804415,0.004804415,false,1635001174,1.333328,1,1,1,0,0,0,0,0,"Normalized",false,"Combo_Getup02=1","",37,"Base HumanRArmDigit12",0.1133567,0.1554135,-1.176959,0.1223884,0.3563782,-1.106938,0.01294287,0.03699056,0.2130055
11841,15,1,"Pepe","Mankey",-1,0.07704514,0.1027265,0.07704514,11840,0.00480441,0.004804415,0.004804415,false,1635001174,1.333328,1,1,1,0,0,0,0,0,"Normalized",false,"Combo_Getup02=1","",38,"Base HumanRArmDigit13",0.1458542,0.1671633,-1.194522,0.1555255,0.3668853,-1.124088,0.01363142,0.03668064,0.2119984
11841,15,1,"Pepe","Mankey",-1,0.07704514,0.1027265,0.07704514,11840,0.00480441,0.004804415,0.004804415,false,1635001174,1.333328,1,1,1,0,0,0,0,0,"Normalized",false,"Combo_Getup02=1","",39,"Base HumanRArmDigit21",0.1304537,0.130424,-1.206267,0.1400728,0.3292714,-1.13503,0.01283775,0.03852668,0.2114414
11841,15,1,"Pepe","Mankey",-1,0.07704514,0.1027265,0.07704514,11840,0.00480441,0.004804415,0.004804415,false,1635001174,1.333328,1,1,1,0,0,0,0,0,"Normalized",false,"Combo_Getup02=1","",40,"Base HumanRArmDigit22",0.176205,0.1528516,-1.239163,0.1872477,0.3514411,-1.166036,0.01404744,0.03849841,0.2119134
11841,15,1,"Pepe","Mankey",-1,0.07704514,0.1027265,0.07704514,11840,0.00480441,0.004804415,0.004804415,false,1635001174,1.333328,1,1,1,0,0,0,0,0,"Normalized",false,"Combo_Getup02=1","",41,"Base HumanRArmDigit23",0.2202181,0.1759254,-1.258543,0.2319877,0.3758666,-1.181748,0.01512859,0.03922976,0.2145053
11841,15,1,"Pepe","Mankey",-1,0.07704514,0.1027265,0.07704514,11840,0.00480441,0.004804415,0.004804415,false,1635001174,1.333328,1,1,1,0,0,0,0,0,"Normalized",false,"Combo_Getup02=1","",42,"Base HumanRArmDigit31",0.1643416,0.09055124,-1.18876,0.1740698,0.2909366,-1.114552,0.01171539,0.04058367,0.213906
11841,15,1,"Pepe","Mankey",-1,0.07704514,0.1027265,0.07704514,11840,0.00480441,0.004804415,0.004804415,false,1635001174,1.333328,1,1,1,0,0,0,0,0,"Normalized",false,"Combo_Getup02=1","",43,"Base HumanRArmDigit32",0.2075116,0.1005028,-1.218467,0.2185527,0.3012367,-1.142126,0.01252681,0.04095141,0.2150439
11841,15,1,"Pepe","Mankey",-1,0.07704514,0.1027265,0.07704514,11840,0.00480441,0.004804415,0.004804415,false,1635001174,1.333328,1,1,1,0,0,0,0,0,"Normalized",false,"Combo_Getup02=1","",44,"Base HumanRArmDigit33",0.2558822,0.1163408,-1.238508,0.2677182,0.3187075,-1.15855,0.01341272,0.04180536,0.2179122
11841,15,1,"Pepe","Mankey",-1,0.07704514,0.1027265,0.07704514,11840,0.00480441,0.004804415,0.004804415,false,1635001174,1.333328,1,1,1,0,0,0,0,0,"Normalized",false,"Combo_Getup02=1","",45,"Base HumanRArmDigit41",0.1775456,0.04368037,-1.153403,0.1871747,0.2465108,-1.076133,0.01026102,0.04318791,0.2172636
11841,15,1,"Pepe","Mankey",-1,0.07704514,0.1027265,0.07704514,11840,0.00480441,0.004804415,0.004804415,false,1635001174,1.333328,1,1,1,0,0,0,0,0,"Normalized",false,"Combo_Getup02=1","",46,"Base HumanRArmDigit42",0.2217101,0.04894987,-1.182846,0.2326068,0.2527399,-1.103379,0.01088035,0.04367119,0.2190073
11841,15,1,"Pepe","Mankey",-1,0.07704514,0.1027265,0.07704514,11840,0.00480441,0.004804415,0.004804415,false,1635001174,1.333328,1,1,1,0,0,0,0,0,"Normalized",false,"Combo_Getup02=1","",47,"Base HumanRArmDigit43",0.2719196,0.05769108,-1.204376,0.2837852,0.2638747,-1.121203,0.01156294,0.04478553,0.2226434
11841,15,1,"Pepe","Mankey",-1,0.07704514,0.1027265,0.07704514,11840,0.00480441,0.004804415,0.004804415,false,1635001174,1.333328,1,1,1,0,0,0,0,0,"Normalized",false,"Combo_Getup02=1","",48,"Base HumanSpine4",-0.2803324,0.1761255,-0.6027907,-0.2807796,0.3737257,-0.5401834,0.01111892,0.04359226,0.2072818
11842,15,1,"Pepe","Mankey",-1,0.08061651,0.1074883,0.08061651,11841,0.004761823,0.004761813,0.004761813,false,1635001174,1.333328,1,1,1,0,0,0,0,0,"Normalized",false,"Combo_Getup02=1","",0,"Base HumanPelvis",0.08218017,0.05910279,-0.4846403,0.08255932,0.2626199,-0.4484482,0.001925576,0.03041393,0.2067104
11842,15,1,"Pepe","Mankey",-1,0.08061651,0.1074883,0.08061651,11841,0.004761823,0.004761813,0.004761813,false,1635001174,1.333328,1,1,1,0,0,0,0,0,"Normalized",false,"Combo_Getup02=1","",1,"Base HumanLLeg1",0.04568845,0.07982397,-0.3708712,0.04497033,0.2826966,-0.334921,0.00298985,0.03089816,0.2060346
11842,15,1,"Pepe","Mankey",-1,0.08061651,0.1074883,0.08061651,11841,0.004761823,0.004761813,0.004761813,false,1635001174,1.333328,1,1,1,0,0,0,0,0,"Normalized",false,"Combo_Getup02=1","",2,"Base HumanRLeg1",0.1186719,0.03838158,-0.5984094,0.1201483,0.2425431,-0.5619754,0.003102564,0.03006647,0.2073922
11842,15,1,"Pepe","Mankey",-1,0.08061651,0.1074883,0.08061651,11841,0.004761823,0.004761813,0.004761813,false,1635001174,1.333328,1,1,1,0,0,0,0,0,"Normalized",false,"Combo_Getup02=1","",3,"Base HumanLLeg2",0.1891104,0.3305026,-0.146133,0.1874766,0.5287513,-0.1045606,0.01821379,0.03496591,0.2025671
11842,15,1,"Pepe","Mankey",-1,0.08061651,0.1074883,0.08061651,11841,0.004761823,0.004761813,0.004761813,false,1635001174,1.333328,1,1,1,0,0,0,0,0,"Normalized",false,"Combo_Getup02=1","",4,"Base HumanRLeg2",0.4716136,0.1308276,-0.5700757,0.4736756,0.3317042,-0.5305797,0.007321531,0.02723488,0.204733
11842,15,1,"Pepe","Mankey",-1,0.08061651,0.1074883,0.08061651,11841,0.004761823,0.004761813,0.004761813,false,1635001174,1.333328,1,1,1,0,0,0,0,0,"Normalized",false,"Combo_Getup02=1","",5,"Base HumanLLegAnkle",0.4725233,0.1172044,-0.1516413,0.4752229,0.3212683,-0.1030581,0.01962685,0.04626637,0.2097849
11842,15,1,"Pepe","Mankey",-1,0.08061651,0.1074883,0.08061651,11841,0.004761823,0.004761813,0.004761813,false,1635001174,1.333328,1,1,1,0,0,0,0,0,"Normalized",false,"Combo_Getup02=1","",6,"Base HumanRLegAnkle",0.824049,0.134863,-0.5297971,0.8249809,0.3294392,-0.4812965,0.01527207,0.02808866,0.200532
11842,15,1,"Pepe","Mankey",-1,0.08061651,0.1074883,0.08061651,11841,0.004761823,0.004761813,0.004761813,false,1635001174,1.333328,1,1,1,0,0,0,0,0,"Normalized",false,"Combo_Getup02=1","",7,"Base HumanSpine1",0.03873188,0.06090698,-0.4989051,0.03921652,0.2641213,-0.4630646,0.001320651,0.03077827,0.2063512
11842,15,1,"Pepe","Mankey",-1,0.08061651,0.1074883,0.08061651,11841,0.004761823,0.004761813,0.004761813,false,1635001174,1.333328,1,1,1,0,0,0,0,0,"Normalized",false,"Combo_Getup02=1","",8,"Base HumanSpine3",-0.181748,0.121617,-0.5697357,-0.1814343,0.3224055,-0.5353844,0.006369023,0.0335056,0.203706
11842,15,1,"Pepe","Mankey",-1,0.08061651,0.1074883,0.08061651,11841,0.004761823,0.004761813,0.004761813,false,1635001174,1.333328,1,1,1,0,0,0,0,0,"Normalized",false,"Combo_Getup02=1","",9,"Base HumanNeck1",-0.403888,0.2714005,-0.6639293,-0.4059596,0.4682739,-0.6300706,0.02060209,0.04353824,0.1997745
11842,15,1,"Pepe","Mankey",-1,0.08061651,0.1074883,0.08061651,11841,0.004761823,0.004761813,0.004761813,false,1635001174,1.333328,1,1,1,0,0,0,0,0,"Normalized",false,"Combo_Getup02=1","",10,"Base HumanHead",-0.5125508,0.3699785,-0.6886271,-0.5172118,0.5639464,-0.654666,0.02532104,0.04920891,0.1969737
11842,15,1,"Pepe","Mankey",-1,0.08061651,0.1074883,0.08061651,11841,0.004761823,0.004761813,0.004761813,false,1635001174,1.333328,1,1,1,0,0,0,0,0,"Normalized",false,"Combo_Getup02=1","",11,"Base HumanLCollarbone",-0.3140943,0.3382323,-0.6477666,-0.3178063,0.5369896,-0.6128149,0.01969322,0.0434969,0.2018412
11842,15,1,"Pepe","Mankey",-1,0.08061651,0.1074883,0.08061651,11841,0.004761823,0.004761813,0.004761813,false,1635001174,1.333328,1,1,1,0,0,0,0,0,"Normalized",false,"Combo_Getup02=1","",12,"Base HumanRArmCollarbone",-0.3067502,0.3145632,-0.7025541,-0.3095713,0.5139038,-0.6677245,0.01856705,0.04215568,0.2023802
11842,15,1,"Pepe","Mankey",-1,0.08061651,0.1074883,0.08061651,11841,0.004761823,0.004761813,0.004761813,false,1635001174,1.333328,1,1,1,0,0,0,0,0,"Normalized",false,"Combo_Getup02=1","",13,"Base HumanLUpperarm",-0.4212114,0.3459383,-0.4646934,-0.4251585,0.5426305,-0.4298042,0.02439336,0.04772504,0.1998015
11842,15,1,"Pepe","Mankey",-1,0.08061651,0.1074883,0.08061651,11841,0.004761823,0.004761813,0.004761813,false,1635001174,1.333328,1,1,1,0,0,0,0,0,"Normalized",false,"Combo_Getup02=1","",14,"Base HumanRArmUpperarm",-0.3669854,0.1795422,-0.8548382,-0.3643845,0.3789946,-0.8221408,0.01531888,0.03729727,0.2021315
11842,15,1,"Pepe","Mankey",-1,0.08061651,0.1074883,0.08061651,11841,0.004761823,0.004761813,0.004761813,false,1635001174,1.333328,1,1,1,0,0,0,0,0,"Normalized",false,"Combo_Getup02=1","",15,"Base HumanLForearm",-0.2522628,0.3648452,-0.2398891,-0.2624417,0.5580273,-0.2001866,0.02221804,0.05258831,0.1974822
11842,15,1,"Pepe","Mankey",-1,0.08061651,0.1074883,0.08061651,11841,0.004761823,0.004761813,0.004761813,false,1635001174,1.333328,1,1,1,0,0,0,0,0,"Normalized",false,"Combo_Getup02=1","",16,"Base HumanRArmForearm",-0.1438443,0.04114729,-0.9572749,-0.1338775,0.2432944,-0.9109685,0.007442887,0.03888433,0.2076225
11842,15,1,"Pepe","Mankey",-1,0.08061651,0.1074883,0.08061651,11841,0.004761823,0.004761813,0.004761813,false,1635001174,1.333328,1,1,1,0,0,0,0,0,"Normalized",false,"Combo_Getup02=1","",17,"Base HumanLPalm",-0.03242518,0.4865521,-0.1882476,-0.04006875,0.6757246,-0.1501307,0.026462,0.05797152,0.1931258
11842,15,1,"Pepe","Mankey",-1,0.08061651,0.1074883,0.08061651,11841,0.004761823,0.004761813,0.004761813,false,1635001174,1.333328,1,1,1,0,0,0,0,0,"Normalized",false,"Combo_Getup02=1","",18,"Base HumanRArmPalm",0.06045156,0.0848991,-1.106127,0.06476141,0.288245,-1.066949,0.01036469,0.03155968,0.2071304
11842,15,1,"Pepe","Mankey",-1,0.08061651,0.1074883,0.08061651,11841,0.004761823,0.004761813,0.004761813,false,1635001174,1.333328,1,1,1,0,0,0,0,0,"Normalized",false,"Combo_Getup02=1","",19,"Base HumanLLegDigit11",0.5702235,0.3281486,0.00593305,0.5689107,0.5324975,0.05655766,0.01588991,0.04348279,0.2105304
11842,15,1,"Pepe","Mankey",-1,0.08061651,0.1074883,0.08061651,11841,0.004761823,0.004761813,0.004761813,false,1635001174,1.333328,1,1,1,0,0,0,0,0,"Normalized",false,"Combo_Getup02=1","",20,"Base HumanRLegDigit11",0.8922858,0.3741932,-0.6599391,0.9006565,0.5651753,-0.6138628,0.0167521,0.0263363,0.1966399
11842,15,1,"Pepe","Mankey",-1,0.08061651,0.1074883,0.08061651,11841,0.004761823,0.004761813,0.004761813,false,1635001174,1.333328,1,1,1,0,0,0,0,0,"Normalized",false,"Combo_Getup02=1","",21,"Object001",-0.3898635,0.5462931,-0.5538977,-0.4026962,0.745204,-0.5193041,0.02622068,0.05222041,0.2023041
11842,15,1,"Pepe","Mankey",-1,0.08061651,0.1074883,0.08061651,11841,0.004761823,0.004761813,0.004761813,false,1635001174,1.333328,1,1,1,0,0,0,0,0,"Normalized",false,"Combo_Getup02=1","",22,"Monkey_eyes",-0.3642165,0.5324546,-0.8149487,-0.3770464,0.7338995,-0.7804767,0.02576238,0.05119594,0.2047754
11842,15,1,"Pepe","Mankey",-1,0.08061651,0.1074883,0.08061651,11841,0.004761823,0.004761813,0.004761813,false,1635001174,1.333328,1,1,1,0,0,0,0,0,"Normalized",false,"Combo_Getup02=1","",23,"Base HumanHeadBone001",-0.309045,0.3340566,-0.6667324,-0.3121805,0.5376027,-0.6333926,0.02077225,0.04330257,0.2062823
11842,15,1,"Pepe","Mankey",-1,0.08061651,0.1074883,0.08061651,11841,0.004761823,0.004761813,0.004761813,false,1635001174,1.333328,1,1,1,0,0,0,0,0,"Normalized",false,"Combo_Getup02=1","",24,"Base HumanLDigit11",0.003650492,0.5504982,-0.1896883,-0.004498228,0.7399575,-0.1488989,0.03195114,0.06510074,0.1939717
11842,15,1,"Pepe","Mankey",-1,0.08061651,0.1074883,0.08061651,11841,0.004761823,0.004761813,0.004761813,false,1635001174,1.333328,1,1,1,0,0,0,0,0,"Normalized",false,"Combo_Getup02=1","",25,"Base HumanLDigit12",0.03748126,0.5797897,-0.1858839,0.02868723,0.7697728,-0.1437261,0.03457578,0.06865776,0.1948029
11842,15,1,"Pepe","Mankey",-1,0.08061651,0.1074883,0.08061651,11841,0.004761823,0.004761813,0.004761813,false,1635001174,1.333328,1,1,1,0,0,0,0,0,"Normalized",false,"Combo_Getup02=1","",26,"Base HumanLDigit13",0.06952868,0.5991624,-0.1758709,0.06029753,0.7893199,-0.1327126,0.03641888,0.07119252,0.195212
11842,15,1,"Pepe","Mankey",-1,0.08061651,0.1074883,0.08061651,11841,0.004761823,0.004761813,0.004761813,false,1635001174,1.333328,1,1,1,0,0,0,0,0,"Normalized",false,"Combo_Getup02=1","",27,"Base HumanLDigit21",0.04214849,0.5894005,-0.1447195,0.03324128,0.7775042,-0.1021692,0.03587118,0.07044382,0.1930619
11842,15,1,"Pepe","Mankey",-1,0.08061651,0.1074883,0.08061651,11841,0.004761823,0.004761813,0.004761813,false,1635001174,1.333328,1,1,1,0,0,0,0,0,"Normalized",false,"Combo_Getup02=1","",28,"Base HumanLDigit22",0.08653948,0.6278048,-0.1294579,0.07725822,0.8154764,-0.08487782,0.03931269,0.07517601,0.1931169
11842,15,1,"Pepe","Mankey",-1,0.08061651,0.1074883,0.08061651,11841,0.004761823,0.004761813,0.004761813,false,1635001174,1.333328,1,1,1,0,0,0,0,0,"Normalized",false,"Combo_Getup02=1","",29,"Base HumanLDigit23",0.1327295,0.6542617,-0.1260371,0.1232673,0.8419954,-0.07986772,0.04184287,0.07852556,0.193559
11842,15,1,"Pepe","Mankey",-1,0.08061651,0.1074883,0.08061651,11841,0.004761823,0.004761813,0.004761813,false,1635001174,1.333328,1,1,1,0,0,0,0,0,"Normalized",false,"Combo_Getup02=1","",30,"Base HumanLDigit31",0.06628828,0.5507556,-0.1135983,0.0573859,0.7379466,-0.07222068,0.0323903,0.06656594,0.1919162
11842,15,1,"Pepe","Mankey",-1,0.08061651,0.1074883,0.08061651,11841,0.004761823,0.004761813,0.004761813,false,1635001174,1.333328,1,1,1,0,0,0,0,0,"Normalized",false,"Combo_Getup02=1","",31,"Base HumanLDigit32",0.1061811,0.5794533,-0.09285775,0.09692206,0.7661601,-0.05017394,0.03503216,0.07008986,0.1917474
11842,15,1,"Pepe","Mankey",-1,0.08061651,0.1074883,0.08061651,11841,0.004761823,0.004761813,0.004761813,false,1635001174,1.333328,1,1,1,0,0,0,0,0,"Normalized",false,"Combo_Getup02=1","",32,"Base HumanLDigit33",0.1551771,0.6018667,-0.08341164,0.1457833,0.7884226,-0.0397267,0.03714185,0.07263438,0.1918325
11842,15,1,"Pepe","Mankey",-1,0.08061651,0.1074883,0.08061651,11841,0.004761823,0.004761813,0.004761813,false,1635001174,1.333328,1,1,1,0,0,0,0,0,"Normalized",false,"Combo_Getup02=1","",33,"Base HumanLDigit41",0.07139514,0.4943347,-0.09330187,0.0627488,0.6808696,-0.05392265,0.02742578,0.06062509,0.1908422
11842,15,1,"Pepe","Mankey",-1,0.08061651,0.1074883,0.08061651,11841,0.004761823,0.004761813,0.004761813,false,1635001174,1.333328,1,1,1,0,0,0,0,0,"Normalized",false,"Combo_Getup02=1","",34,"Base HumanLDigit42",0.1112675,0.5206488,-0.06957573,0.1020866,0.706717,-0.02883032,0.02981949,0.06409615,0.1906983
11842,15,1,"Pepe","Mankey",-1,0.08061651,0.1074883,0.08061651,11841,0.004761823,0.004761813,0.004761813,false,1635001174,1.333328,1,1,1,0,0,0,0,0,"Normalized",false,"Combo_Getup02=1","",35,"Base HumanLDigit43",0.1605006,0.5407232,-0.05427965,0.1512244,0.7264187,-0.01276237,0.03164303,0.06629862,0.190506
11842,15,1,"Pepe","Mankey",-1,0.08061651,0.1074883,0.08061651,11841,0.004761823,0.004761813,0.004761813,false,1635001174,1.333328,1,1,1,0,0,0,0,0,"Normalized",false,"Combo_Getup02=1","",36,"Base HumanRArmDigit11",0.09305558,0.1335454,-1.150434,0.09745044,0.3355066,-1.112669,0.01213348,0.028993,0.2055085
11842,15,1,"Pepe","Mankey",-1,0.08061651,0.1074883,0.08061651,11841,0.004761823,0.004761813,0.004761813,false,1635001174,1.333328,1,1,1,0,0,0,0,0,"Normalized",false,"Combo_Getup02=1","",37,"Base HumanRArmDigit12",0.1251923,0.1568149,-1.171475,0.1296922,0.3584728,-1.133883,0.0131195,0.02799557,0.2051812
11842,15,1,"Pepe","Mankey",-1,0.08061651,0.1074883,0.08061651,11841,0.004761823,0.004761813,0.004761813,false,1635001174,1.333328,1,1,1,0,0,0,0,0,"Normalized",false,"Combo_Getup02=1","",38,"Base HumanRArmDigit13",0.1580599,0.168631,-1.188288,0.1628848,0.3696087,-1.150521,0.01378369,0.02757305,0.2045524
11842,15,1,"Pepe","Mankey",-1,0.08061651,0.1074883,0.08061651,11841,0.004761823,0.004761813,0.004761813,false,1635001174,1.333328,1,1,1,0,0,0,0,0,"Normalized",false,"Combo_Getup02=1","",39,"Base HumanRArmDigit21",0.1422544,0.1325192,-1.201386,0.1470592,0.3329908,-1.16317,0.012941,0.02923219,0.2041381
11842,15,1,"Pepe","Mankey",-1,0.08061651,0.1074883,0.08061651,11841,0.004761823,0.004761813,0.004761813,false,1635001174,1.333328,1,1,1,0,0,0,0,0,"Normalized",false,"Combo_Getup02=1","",40,"Base HumanRArmDigit22",0.1886858,0.1553066,-1.233059,0.1942489,0.3555745,-1.193853,0.01410857,0.02898126,0.2041452
11842,15,1,"Pepe","Mankey",-1,0.08061651,0.1074883,0.08061651,11841,0.004761823,0.004761813,0.004761813,false,1635001174,1.333328,1,1,1,0,0,0,0,0,"Normalized",false,"Combo_Getup02=1","",41,"Base HumanRArmDigit23",0.2332414,0.1783713,-1.251169,0.2392255,0.3792836,-1.209982,0.01516475,0.02934656,0.2051779
11842,15,1,"Pepe","Mankey",-1,0.08061651,0.1074883,0.08061651,11841,0.004761823,0.004761813,0.004761813,false,1635001174,1.333328,1,1,1,0,0,0,0,0,"Normalized",false,"Combo_Getup02=1","",42,"Base HumanRArmDigit31",0.1753714,0.09162399,-1.184786,0.1802668,0.2928898,-1.144898,0.01177291,0.0310336,0.2052388
11842,15,1,"Pepe","Mankey",-1,0.08061651,0.1074883,0.08061651,11841,0.004761823,0.004761813,0.004761813,false,1635001174,1.333328,1,1,1,0,0,0,0,0,"Normalized",false,"Combo_Getup02=1","",43,"Base HumanRArmDigit32",0.2190171,0.1018983,-1.213676,0.2246249,0.3032808,-1.172639,0.0125407,0.03117798,0.2055978
11842,15,1,"Pepe","Mankey",-1,0.08061651,0.1074883,0.08061651,11841,0.004761823,0.004761813,0.004761813,false,1635001174,1.333328,1,1,1,0,0,0,0,0,"Normalized",false,"Combo_Getup02=1","",44,"Base HumanRArmDigit33",0.2678408,0.1176945,-1.232623,0.2739107,0.3198652,-1.189612,0.01339707,0.03169476,0.2067842
11842,15,1,"Pepe","Mankey",-1,0.08061651,0.1074883,0.08061651,11841,0.004761823,0.004761813,0.004761813,false,1635001174,1.333328,1,1,1,0,0,0,0,0,"Normalized",false,"Combo_Getup02=1","",45,"Base HumanRArmDigit41",0.187506,0.04347219,-1.150793,0.1923938,0.2460213,-1.109154,0.01029872,0.03343376,0.2068426
11842,15,1,"Pepe","Mankey",-1,0.08061651,0.1074883,0.08061651,11841,0.004761823,0.004761813,0.004761813,false,1635001174,1.333328,1,1,1,0,0,0,0,0,"Normalized",false,"Combo_Getup02=1","",46,"Base HumanRArmDigit42",0.2320775,0.04906489,-1.179555,0.2376645,0.2520593,-1.136709,0.01087768,0.03371863,0.2075423
11842,15,1,"Pepe","Mankey",-1,0.08061651,0.1074883,0.08061651,11841,0.004761823,0.004761813,0.004761813,false,1635001174,1.333328,1,1,1,0,0,0,0,0,"Normalized",false,"Combo_Getup02=1","",47,"Base HumanRArmDigit43",0.2826611,0.05781436,-1.200187,0.2888181,0.2620011,-1.155294,0.01152983,0.03451069,0.2091544
11842,15,1,"Pepe","Mankey",-1,0.08061651,0.1074883,0.08061651,11841,0.004761823,0.004761813,0.004761813,false,1635001174,1.333328,1,1,1,0,0,0,0,0,"Normalized",false,"Combo_Getup02=1","",48,"Base HumanSpine4",-0.2755194,0.184269,-0.6090796,-0.276017,0.3836488,-0.5750036,0.01135919,0.03651843,0.2022714
11843,15,1,"Pepe","Mankey",-1,0.08527101,0.1136942,0.08527101,11842,0.006205969,0.006205974,0.006205974,false,1635001174,1.333328,1,1,1,0,0,0,0,0,"Normalized",false,"Combo_Getup02=1","",0,"Base HumanPelvis",0.08048002,0.05749394,-0.4839454,0.08059349,0.2596385,-0.4744175,0.002441671,0.02621368,0.2023691
11843,15,1,"Pepe","Mankey",-1,0.08527101,0.1136942,0.08527101,11842,0.006205969,0.006205974,0.006205974,false,1635001174,1.333328,1,1,1,0,0,0,0,0,"Normalized",false,"Combo_Getup02=1","",1,"Base HumanLLeg1",0.04184756,0.08004124,-0.3712353,0.04168641,0.282003,-0.3617654,0.003864218,0.02705339,0.2021837
11843,15,1,"Pepe","Mankey",-1,0.08527101,0.1136942,0.08527101,11842,0.006205969,0.006205974,0.006205974,false,1635001174,1.333328,1,1,1,0,0,0,0,0,"Normalized",false,"Combo_Getup02=1","",2,"Base HumanRLeg1",0.1191125,0.03494661,-0.5966556,0.1195006,0.2372741,-0.5870696,0.003881886,0.02564959,0.2025548
11843,15,1,"Pepe","Mankey",-1,0.08527101,0.1136942,0.08527101,11842,0.006205969,0.006205974,0.006205974,false,1635001174,1.333328,1,1,1,0,0,0,0,0,"Normalized",false,"Combo_Getup02=1","",3,"Base HumanLLeg2",0.1668805,0.3351583,-0.1405862,0.1665885,0.5358822,-0.1296841,0.02337968,0.03344182,0.20102
11843,15,1,"Pepe","Mankey",-1,0.08527101,0.1136942,0.08527101,11842,0.006205969,0.006205974,0.006205974,false,1635001174,1.333328,1,1,1,0,0,0,0,0,"Normalized",false,"Combo_Getup02=1","",4,"Base HumanRLeg2",0.4697013,0.1337969,-0.5615413,0.470268,0.3352207,-0.5512152,0.009236356,0.02120852,0.2016891
11843,15,1,"Pepe","Mankey",-1,0.08527101,0.1136942,0.08527101,11842,0.006205969,0.006205974,0.006205974,false,1635001174,1.333328,1,1,1,0,0,0,0,0,"Normalized",false,"Combo_Getup02=1","",5,"Base HumanLLegAnkle",0.4472791,0.1181639,-0.1523951,0.4482554,0.3204417,-0.1396058,0.02527368,0.0454275,0.2026841
11843,15,1,"Pepe","Mankey",-1,0.08527101,0.1136942,0.08527101,11842,0.006205969,0.006205974,0.006205974,false,1635001174,1.333328,1,1,1,0,0,0,0,0,"Normalized",false,"Combo_Getup02=1","",6,"Base HumanRLegAnkle",0.820753,0.1358007,-0.5104718,0.8209783,0.3356119,-0.4978164,0.01962679,0.01808394,0.2002116
11843,15,1,"Pepe","Mankey",-1,0.08527101,0.1136942,0.08527101,11842,0.006205969,0.006205974,0.006205974,false,1635001174,1.333328,1,1,1,0,0,0,0,0,"Normalized",false,"Combo_Getup02=1","",7,"Base HumanSpine1",0.03740156,0.05994402,-0.4992011,0.03753994,0.2620038,-0.4897566,0.001668737,0.02682836,0.2022804
11843,15,1,"Pepe","Mankey",-1,0.08527101,0.1136942,0.08527101,11842,0.006205969,0.006205974,0.006205974,false,1635001174,1.333328,1,1,1,0,0,0,0,0,"Normalized",false,"Combo_Getup02=1","",8,"Base HumanSpine3",-0.1792705,0.1278908,-0.5750331,-0.1792277,0.3292627,-0.5659277,0.008576788,0.03138129,0.2015776
11843,15,1,"Pepe","Mankey",-1,0.08527101,0.1136942,0.08527101,11842,0.006205969,0.006205974,0.006205974,false,1635001174,1.333328,1,1,1,0,0,0,0,0,"Normalized",false,"Combo_Getup02=1","",9,"Base HumanNeck1",-0.3887349,0.290761,-0.6762245,-0.3894965,0.4910717,-0.6671597,0.02748847,0.04654434,0.2005172
11843,15,1,"Pepe","Mankey",-1,0.08527101,0.1136942,0.08527101,11842,0.006205969,0.006205974,0.006205974,false,1635001174,1.333328,1,1,1,0,0,0,0,0,"Normalized",false,"Combo_Getup02=1","",10,"Base HumanHead",-0.4924931,0.3938659,-0.7034057,-0.4940169,0.5934204,-0.6942785,0.03451567,0.05455153,0.1997689
11843,15,1,"Pepe","Mankey",-1,0.08527101,0.1136942,0.08527101,11842,0.006205969,0.006205974,0.006205974,false,1635001174,1.333328,1,1,1,0,0,0,0,0,"Normalized",false,"Combo_Getup02=1","",11,"Base HumanLCollarbone",-0.2944458,0.3508569,-0.659234,-0.2956322,0.5517527,-0.6498995,0.02601816,0.04566079,0.2011161
11843,15,1,"Pepe","Mankey",-1,0.08527101,0.1136942,0.08527101,11842,0.006205969,0.006205974,0.006205974,false,1635001174,1.333328,1,1,1,0,0,0,0,0,"Normalized",false,"Combo_Getup02=1","",12,"Base HumanRArmCollarbone",-0.2878036,0.325675,-0.7134335,-0.2887387,0.5267239,-0.7041384,0.02451142,0.0438671,0.2012658
11843,15,1,"Pepe","Mankey",-1,0.08527101,0.1136942,0.08527101,11842,0.006205969,0.006205974,0.006205974,false,1635001174,1.333328,1,1,1,0,0,0,0,0,"Normalized",false,"Combo_Getup02=1","",13,"Base HumanLUpperarm",-0.4045849,0.3698685,-0.4787978,-0.4058491,0.5701088,-0.469443,0.03237331,0.05195329,0.2004626
11843,15,1,"Pepe","Mankey",-1,0.08527101,0.1136942,0.08527101,11842,0.006205969,0.006205974,0.006205974,false,1635001174,1.333328,1,1,1,0,0,0,0,0,"Normalized",false,"Combo_Getup02=1","",14,"Base HumanRArmUpperarm",-0.3549528,0.1929487,-0.8648404,-0.3544078,0.3938985,-0.8561067,0.02060486,0.03841016,0.2011402
11843,15,1,"Pepe","Mankey",-1,0.08527101,0.1136942,0.08527101,11842,0.006205969,0.006205974,0.006205974,false,1635001174,1.333328,1,1,1,0,0,0,0,0,"Normalized",false,"Combo_Getup02=1","",15,"Base HumanLForearm",-0.2384027,0.38704,-0.2518029,-0.2410929,0.586272,-0.2413374,0.02875145,0.05428554,0.1995249
11843,15,1,"Pepe","Mankey",-1,0.08527101,0.1136942,0.08527101,11842,0.006205969,0.006205974,0.006205974,false,1635001174,1.333328,1,1,1,0,0,0,0,0,"Normalized",false,"Combo_Getup02=1","",16,"Base HumanRArmForearm",-0.1344937,0.0442051,-0.9581758,-0.131893,0.2459516,-0.9457572,0.009879007,0.03494639,0.2021451
11843,15,1,"Pepe","Mankey",-1,0.08527101,0.1136942,0.08527101,11842,0.006205969,0.006205974,0.006205974,false,1635001174,1.333328,1,1,1,0,0,0,0,0,"Normalized",false,"Combo_Getup02=1","",17,"Base HumanLPalm",-0.009829698,0.495795,-0.2101531,-0.01202372,0.6940744,-0.1999375,0.03279996,0.06003292,0.1985545
11843,15,1,"Pepe","Mankey",-1,0.08527101,0.1136942,0.08527101,11842,0.006205969,0.006205974,0.006205974,false,1635001174,1.333328,1,1,1,0,0,0,0,0,"Normalized",false,"Combo_Getup02=1","",18,"Base HumanRArmPalm",0.07379462,0.08490456,-1.102285,0.074823,0.2870691,-1.091995,0.01388514,0.02701747,0.2024288
11843,15,1,"Pepe","Mankey",-1,0.08527101,0.1136942,0.08527101,11842,0.006205969,0.006205974,0.006205974,false,1635001174,1.333328,1,1,1,0,0,0,0,0,"Normalized",false,"Combo_Getup02=1","",19,"Base HumanLLegDigit11",0.5501872,0.3245857,0.007830891,0.5500408,0.5269899,0.02117372,0.02043883,0.04047752,0.2028435
11843,15,1,"Pepe","Mankey",-1,0.08527101,0.1136942,0.08527101,11842,0.006205969,0.006205974,0.006205974,false,1635001174,1.333328,1,1,1,0,0,0,0,0,"Normalized",false,"Combo_Getup02=1","",20,"Base HumanRLegDigit11",0.8928453,0.3751809,-0.638425,0.8950056,0.5740688,-0.6263868,0.02154398,0.01636699,0.1992637
11843,15,1,"Pepe","Mankey",-1,0.08527101,0.1136942,0.08527101,11842,0.006205969,0.006205974,0.006205974,false,1635001174,1.333328,1,1,1,0,0,0,0,0,"Normalized",false,"Combo_Getup02=1","",21,"Object001",-0.3643623,0.5651454,-0.5672557,-0.3679797,0.7661457,-0.5580009,0.03441164,0.05604674,0.2012457
11843,15,1,"Pepe","Mankey",-1,0.08527101,0.1136942,0.08527101,11842,0.006205969,0.006205974,0.006205974,false,1635001174,1.333328,1,1,1,0,0,0,0,0,"Normalized",false,"Combo_Getup02=1","",22,"Monkey_eyes",-0.3373553,0.5511158,-0.8281593,-0.3409938,0.7527987,-0.8189424,0.03527444,0.05600525,0.2019262
11843,15,1,"Pepe","Mankey",-1,0.08527101,0.1136942,0.08527101,11842,0.006205969,0.006205974,0.006205974,false,1635001174,1.333328,1,1,1,0,0,0,0,0,"Normalized",false,"Combo_Getup02=1","",23,"Base HumanHeadBone001",-0.2906149,0.3503935,-0.6801741,-0.2915827,0.5524986,-0.6712531,0.02805783,0.04560233,0.2023042
11843,15,1,"Pepe","Mankey",-1,0.08527101,0.1136942,0.08527101,11842,0.006205969,0.006205974,0.006205974,false,1635001174,1.333328,1,1,1,0,0,0,0,0,"Normalized",false,"Combo_Getup02=1","",24,"Base HumanLDigit11",0.03132539,0.5562225,-0.2170381,0.02898304,0.7546816,-0.206089,0.03932784,0.06788601,0.1987747
11843,15,1,"Pepe","Mankey",-1,0.08527101,0.1136942,0.08527101,11842,0.006205969,0.006205974,0.006205974,false,1635001174,1.333328,1,1,1,0,0,0,0,0,"Normalized",false,"Combo_Getup02=1","",25,"Base HumanLDigit12",0.0675062,0.5827987,-0.2157568,0.06499887,0.7814614,-0.2044502,0.04246104,0.07171175,0.199
11843,15,1,"Pepe","Mankey",-1,0.08527101,0.1136942,0.08527101,11842,0.006205969,0.006205974,0.006205974,false,1635001174,1.333328,1,1,1,0,0,0,0,0,"Normalized",false,"Combo_Getup02=1","",26,"Base HumanLDigit13",0.1011192,0.6002368,-0.2074698,0.09849826,0.7989903,-0.1958993,0.04469461,0.07446725,0.1991073
11843,15,1,"Pepe","Mankey",-1,0.08527101,0.1136942,0.08527101,11842,0.006205969,0.006205974,0.006205974,false,1635001174,1.333328,1,1,1,0,0,0,0,0,"Normalized",false,"Combo_Getup02=1","",27,"Base HumanLDigit21",0.07315931,0.5955378,-0.1755422,0.07058436,0.7936906,-0.1640736,0.04415172,0.0740855,0.1985012
11843,15,1,"Pepe","Mankey",-1,0.08527101,0.1136942,0.08527101,11842,0.006205969,0.006205974,0.006205974,false,1635001174,1.333328,1,1,1,0,0,0,0,0,"Normalized",false,"Combo_Getup02=1","",28,"Base HumanLDigit22",0.1205933,0.6313858,-0.1635714,0.117903,0.8294989,-0.1515405,0.0483345,0.07932562,0.1984963
11843,15,1,"Pepe","Mankey",-1,0.08527101,0.1136942,0.08527101,11842,0.006205969,0.006205974,0.006205974,false,1635001174,1.333328,1,1,1,0,0,0,0,0,"Normalized",false,"Combo_Getup02=1","",29,"Base HumanLDigit23",0.1688538,0.6540835,-0.1626061,0.1661124,0.852283,-0.1501513,0.05140314,0.08295377,0.1986093
11843,15,1,"Pepe","Mankey",-1,0.08527101,0.1136942,0.08527101,11842,0.006205969,0.006205974,0.006205974,false,1635001174,1.333328,1,1,1,0,0,0,0,0,"Normalized",false,"Combo_Getup02=1","",30,"Base HumanLDigit31",0.09427445,0.557842,-0.1412223,0.09170283,0.7557083,-0.1300732,0.03995654,0.06957045,0.1981969
11843,15,1,"Pepe","Mankey",-1,0.08527101,0.1136942,0.08527101,11842,0.006205969,0.006205974,0.006205974,false,1635001174,1.333328,1,1,1,0,0,0,0,0,"Normalized",false,"Combo_Getup02=1","",31,"Base HumanLDigit32",0.1365298,0.5848735,-0.1230856,0.1338492,0.7826601,-0.1115679,0.04317576,0.0735193,0.1981398
11843,15,1,"Pepe","Mankey",-1,0.08527101,0.1136942,0.08527101,11842,0.006205969,0.006205974,0.006205974,false,1635001174,1.333328,1,1,1,0,0,0,0,0,"Normalized",false,"Combo_Getup02=1","",32,"Base HumanLDigit33",0.1873411,0.6038052,-0.1158744,0.1846173,0.801602,-0.1040846,0.04573967,0.07631322,0.1981665
11843,15,1,"Pepe","Mankey",-1,0.08527101,0.1136942,0.08527101,11842,0.006205969,0.006205974,0.006205974,false,1635001174,1.333328,1,1,1,0,0,0,0,0,"Normalized",false,"Combo_Getup02=1","",33,"Base HumanLDigit41",0.09490102,0.5031276,-0.1161764,0.09240761,0.7007456,-0.1055792,0.03395712,0.06279407,0.1979176
11843,15,1,"Pepe","Mankey",-1,0.08527101,0.1136942,0.08527101,11842,0.006205969,0.006205974,0.006205974,false,1635001174,1.333328,1,1,1,0,0,0,0,0,"Normalized",false,"Combo_Getup02=1","",34,"Base HumanLDigit42",0.1369797,0.528082,-0.09492003,0.1343331,0.7256286,-0.08394006,0.03686059,0.0665926,0.1978692
11843,15,1,"Pepe","Mankey",-1,0.08527101,0.1136942,0.08527101,11842,0.006205969,0.006205974,0.006205974,false,1635001174,1.333328,1,1,1,0,0,0,0,0,"Normalized",false,"Combo_Getup02=1","",35,"Base HumanLDigit43",0.1879154,0.5452036,-0.0817575,0.1852321,0.7426909,-0.0705601,0.03907274,0.06900642,0.1978227
11843,15,1,"Pepe","Mankey",-1,0.08527101,0.1136942,0.08527101,11842,0.006205969,0.006205974,0.006205974,false,1635001174,1.333328,1,1,1,0,0,0,0,0,"Normalized",false,"Combo_Getup02=1","",36,"Base HumanRArmDigit11",0.107975,0.1345965,-1.144178,0.1090085,0.3364123,-1.134294,0.01621209,0.02453655,0.2020604
11843,15,1,"Pepe","Mankey",-1,0.08527101,0.1136942,0.08527101,11842,0.006205969,0.006205974,0.006205974,false,1635001174,1.333328,1,1,1,0,0,0,0,0,"Normalized",false,"Combo_Getup02=1","",37,"Base HumanRArmDigit12",0.1408738,0.1579991,-1.163849,0.1419281,0.3597384,-1.154022,0.01747768,0.0235986,0.2019813
11843,15,1,"Pepe","Mankey",-1,0.08527101,0.1136942,0.08527101,11842,0.006205969,0.006205974,0.006205974,false,1635001174,1.333328,1,1,1,0,0,0,0,0,"Normalized",false,"Combo_Getup02=1","",38,"Base HumanRArmDigit13",0.1742077,0.169763,-1.179756,0.1753403,0.3713222,-1.169897,0.01829816,0.02309785,0.2018033
11843,15,1,"Pepe","Mankey",-1,0.08527101,0.1136942,0.08527101,11842,0.006205969,0.006205974,0.006205974,false,1635001174,1.333328,1,1,1,0,0,0,0,0,"Normalized",false,"Combo_Getup02=1","",39,"Base HumanRArmDigit21",0.157783,0.1345805,-1.194545,0.1589139,0.3359934,-1.184563,0.01709345,0.02464146,0.2016633
11843,15,1,"Pepe","Mankey",-1,0.08527101,0.1136942,0.08527101,11842,0.006205969,0.006205974,0.006205974,false,1635001174,1.333328,1,1,1,0,0,0,0,0,"Normalized",false,"Combo_Getup02=1","",40,"Base HumanRArmDigit22",0.2050748,0.1576305,-1.224719,0.2064,0.3589714,-1.214486,0.01853505,0.02418521,0.2016051
11843,15,1,"Pepe","Mankey",-1,0.08527101,0.1136942,0.08527101,11842,0.006205969,0.006205974,0.006205974,false,1635001174,1.333328,1,1,1,0,0,0,0,0,"Normalized",false,"Combo_Getup02=1","",41,"Base HumanRArmDigit23",0.2503357,0.1804964,-1.241266,0.2517755,0.3819812,-1.230511,0.01986987,0.02421181,0.2017768
11843,15,1,"Pepe","Mankey",-1,0.08527101,0.1136942,0.08527101,11842,0.006205969,0.006205974,0.006205974,false,1635001174,1.333328,1,1,1,0,0,0,0,0,"Normalized",false,"Combo_Getup02=1","",42,"Base HumanRArmDigit31",0.1898182,0.09233999,-1.179241,0.190984,0.2939504,-1.168796,0.01549073,0.02621302,0.2018842
11843,15,1,"Pepe","Mankey",-1,0.08527101,0.1136942,0.08527101,11842,0.006205969,0.006205974,0.006205974,false,1635001174,1.333328,1,1,1,0,0,0,0,0,"Normalized",false,"Combo_Getup02=1","",43,"Base HumanRArmDigit32",0.2340404,0.1028655,-1.207148,0.235393,0.3044857,-1.196401,0.01640903,0.02611581,0.2019109
11843,15,1,"Pepe","Mankey",-1,0.08527101,0.1136942,0.08527101,11842,0.006205969,0.006205974,0.006205974,false,1635001174,1.333328,1,1,1,0,0,0,0,0,"Normalized",false,"Combo_Getup02=1","",44,"Base HumanRArmDigit33",0.2834361,0.1184205,-1.224764,0.284916,0.3202205,-1.213492,0.01747835,0.02629621,0.2021199
11843,15,1,"Pepe","Mankey",-1,0.08527101,0.1136942,0.08527101,11842,0.006205969,0.006205974,0.006205974,false,1635001174,1.333328,1,1,1,0,0,0,0,0,"Normalized",false,"Combo_Getup02=1","",45,"Base HumanRArmDigit41",0.200504,0.04259634,-1.147105,0.2016837,0.2445319,-1.136166,0.01353944,0.02860432,0.202235
11843,15,1,"Pepe","Mankey",-1,0.08527101,0.1136942,0.08527101,11842,0.006205969,0.006205974,0.006205974,false,1635001174,1.333328,1,1,1,0,0,0,0,0,"Normalized",false,"Combo_Getup02=1","",46,"Base HumanRArmDigit42",0.2455539,0.04845253,-1.175058,0.2469202,0.2504834,-1.163796,0.01422001,0.02866826,0.2023491
11843,15,1,"Pepe","Mankey",-1,0.08527101,0.1136942,0.08527101,11842,0.006205969,0.006205974,0.006205974,false,1635001174,1.333328,1,1,1,0,0,0,0,0,"Normalized",false,"Combo_Getup02=1","",47,"Base HumanRArmDigit43",0.2965909,0.05703939,-1.194614,0.2981173,0.2593539,-1.182799,0.01502346,0.02915485,0.2026649
11843,15,1,"Pepe","Mankey",-1,0.08527101,0.1136942,0.08527101,11842,0.006205969,0.006205974,0.006205974,false,1635001174,1.333328,1,1,1,0,0,0,0,0,"Normalized",false,"Combo_Getup02=1","",48,"Base HumanSpine4",-0.2685667,0.1951565,-0.6170785,-0.2687947,0.3961419,-0.6080135,0.01519413,0.03602627,0.2011899
11844,15,1,"Pepe","Mankey",-1,0.08922144,0.1189615,0.08922144,11843,0.005267225,0.005267227,0.005267227,false,1635001174,1.333328,1,1,1,0,0,0,0,0,"Normalized",false,"Combo_Getup02=1","",0,"Base HumanPelvis",0.07902122,0.05622874,-0.4834353,0.07902471,0.2578688,-0.4831691,0.001997273,0.009065546,0.2016402
11844,15,1,"Pepe","Mankey",-1,0.08922144,0.1189615,0.08922144,11843,0.005267225,0.005267227,0.005267227,false,1635001174,1.333328,1,1,1,0,0,0,0,0,"Normalized",false,"Combo_Getup02=1","",1,"Base HumanLLeg1",0.03868978,0.0803161,-0.3716426,0.03868593,0.2819507,-0.3713779,0.003195788,0.01007007,0.2016348
11844,15,1,"Pepe","Mankey",-1,0.08922144,0.1189615,0.08922144,11843,0.005267225,0.005267227,0.005267227,false,1635001174,1.333328,1,1,1,0,0,0,0,0,"Normalized",false,"Combo_Getup02=1","",2,"Base HumanRLeg1",0.1193526,0.03214137,-0.595228,0.1193635,0.2337869,-0.5949603,0.003156777,0.008628062,0.2016457
11844,15,1,"Pepe","Mankey",-1,0.08922144,0.1189615,0.08922144,11843,0.005267225,0.005267227,0.005267227,false,1635001174,1.333328,1,1,1,0,0,0,0,0,"Normalized",false,"Combo_Getup02=1","",3,"Base HumanLLeg2",0.148256,0.3385637,-0.1366525,0.148251,0.5401632,-0.1363488,0.01933761,0.0199752,0.2015998
11844,15,1,"Pepe","Mankey",-1,0.08922144,0.1189615,0.08922144,11843,0.005267225,0.005267227,0.005267227,false,1635001174,1.333328,1,1,1,0,0,0,0,0,"Normalized",false,"Combo_Getup02=1","",4,"Base HumanRLeg2",0.4673308,0.1381761,-0.5554183,0.4673474,0.3397951,-0.5551311,0.007892263,0.006692478,0.2016191
11844,15,1,"Pepe","Mankey",-1,0.08922144,0.1189615,0.08922144,11843,0.005267225,0.005267227,0.005267227,false,1635001174,1.333328,1,1,1,0,0,0,0,0,"Normalized",false,"Combo_Getup02=1","",5,"Base HumanLLegAnkle",0.4263467,0.1189639,-0.1537098,0.4263795,0.3206073,-0.1533521,0.0209889,0.02583692,0.2016437
11844,15,1,"Pepe","Mankey",-1,0.08922144,0.1189615,0.08922144,11843,0.005267225,0.005267227,0.005267227,false,1635001174,1.333328,1,1,1,0,0,0,0,0,"Normalized",false,"Combo_Getup02=1","",6,"Base HumanRLegAnkle",0.8168702,0.1364596,-0.4948492,0.8168753,0.3380356,-0.4944971,0.01611134,0.005807494,0.2015762
11844,15,1,"Pepe","Mankey",-1,0.08922144,0.1189615,0.08922144,11843,0.005267225,0.005267227,0.005267227,false,1635001174,1.333328,1,1,1,0,0,0,0,0,"Normalized",false,"Combo_Getup02=1","",7,"Base HumanSpine1",0.03627712,0.05925042,-0.4995071,0.03628124,0.260888,-0.4992431,0.001356135,0.009634437,0.2016377
11844,15,1,"Pepe","Mankey",-1,0.08922144,0.1189615,0.08922144,11843,0.005267225,0.005267227,0.005267227,false,1635001174,1.333328,1,1,1,0,0,0,0,0,"Normalized",false,"Combo_Getup02=1","",8,"Base HumanSpine3",-0.1768583,0.1334259,-0.5794153,-0.1768582,0.3350431,-0.5791595,0.00746054,0.01463246,0.2016174
11844,15,1,"Pepe","Mankey",-1,0.08922144,0.1189615,0.08922144,11843,0.005267225,0.005267227,0.005267227,false,1635001174,1.333328,1,1,1,0,0,0,0,0,"Normalized",false,"Combo_Getup02=1","",9,"Base HumanNeck1",-0.3746016,0.3069693,-0.6861925,-0.3746283,0.5085565,-0.685936,0.02370276,0.02965354,0.2015874
11844,15,1,"Pepe","Mankey",-1,0.08922144,0.1189615,0.08922144,11843,0.005267225,0.005267227,0.005267227,false,1635001174,1.333328,1,1,1,0,0,0,0,0,"Normalized",false,"Combo_Getup02=1","",10,"Base HumanHead",-0.4731136,0.4146585,-0.7150651,-0.4731638,0.6162248,-0.714806,0.03072189,0.0370981,0.2015664
11844,15,1,"Pepe","Mankey",-1,0.08922144,0.1189615,0.08922144,11843,0.005267225,0.005267227,0.005267227,false,1635001174,1.333328,1,1,1,0,0,0,0,0,"Normalized",false,"Combo_Getup02=1","",11,"Base HumanLCollarbone",-0.2768492,0.3609569,-0.6682919,-0.2768874,0.5625625,-0.6680284,0.02221931,0.02822899,0.2016058
11844,15,1,"Pepe","Mankey",-1,0.08922144,0.1189615,0.08922144,11843,0.005267225,0.005267227,0.005267227,false,1635001174,1.333328,1,1,1,0,0,0,0,0,"Normalized",false,"Combo_Getup02=1","",12,"Base HumanRArmCollarbone",-0.2709548,0.3346123,-0.7220232,-0.2709856,0.5362222,-0.7217609,0.02091744,0.02675712,0.2016101
11844,15,1,"Pepe","Mankey",-1,0.08922144,0.1189615,0.08922144,11843,0.005267225,0.005267227,0.005267227,false,1635001174,1.333328,1,1,1,0,0,0,0,0,"Normalized",false,"Combo_Getup02=1","",13,"Base HumanLUpperarm",-0.3887213,0.3896096,-0.4902107,-0.3887625,0.5911945,-0.4899456,0.027778,0.03401344,0.201585
11844,15,1,"Pepe","Mankey",-1,0.08922144,0.1189615,0.08922144,11843,0.005267225,0.005267227,0.005267227,false,1635001174,1.333328,1,1,1,0,0,0,0,0,"Normalized",false,"Combo_Getup02=1","",14,"Base HumanRArmUpperarm",-0.3440265,0.2045767,-0.873022,-0.3440149,0.4061807,-0.872775,0.01793132,0.02316673,0.2016042
11844,15,1,"Pepe","Mankey",-1,0.08922144,0.1189615,0.08922144,11843,0.005267225,0.005267227,0.005267227,false,1635001174,1.333328,1,1,1,0,0,0,0,0,"Normalized",false,"Combo_Getup02=1","",15,"Base HumanLForearm",-0.2249273,0.4043073,-0.2613142,-0.2250033,0.6058619,-0.2610223,0.02387914,0.03209571,0.2015548
11844,15,1,"Pepe","Mankey",-1,0.08922144,0.1189615,0.08922144,11843,0.005267225,0.005267227,0.005267227,false,1635001174,1.333328,1,1,1,0,0,0,0,0,"Normalized",false,"Combo_Getup02=1","",16,"Base HumanRArmForearm",-0.1264194,0.04729582,-0.9587438,-0.1263512,0.2489239,-0.9583972,0.008664333,0.01411794,0.2016284
11844,15,1,"Pepe","Mankey",-1,0.08922144,0.1189615,0.08922144,11843,0.005267225,0.005267227,0.005267227,false,1635001174,1.333328,1,1,1,0,0,0,0,0,"Normalized",false,"Combo_Getup02=1","",17,"Base HumanLPalm",0.009988393,0.5012855,-0.2264169,0.009922758,0.7028159,-0.2261278,0.0262186,0.03527027,0.2015307
11844,15,1,"Pepe","Mankey",-1,0.08922144,0.1189615,0.08922144,11843,0.005267225,0.005267227,0.005267227,false,1635001174,1.333328,1,1,1,0,0,0,0,0,"Normalized",false,"Combo_Getup02=1","",18,"Base HumanRArmPalm",0.08538815,0.08448425,-1.09861,0.0854143,0.2861262,-1.098323,0.01216935,0.01237344,0.2016421
11844,15,1,"Pepe","Mankey",-1,0.08922144,0.1189615,0.08922144,11843,0.005267225,0.005267227,0.005267227,false,1635001174,1.333328,1,1,1,0,0,0,0,0,"Normalized",false,"Combo_Getup02=1","",19,"Base HumanLLegDigit11",0.5335293,0.3214061,0.008775597,0.5335293,0.5230541,0.009149134,0.01698499,0.02080169,0.2016484
11844,15,1,"Pepe","Mankey",-1,0.08922144,0.1189615,0.08922144,11843,0.005267225,0.005267227,0.005267227,false,1635001174,1.333328,1,1,1,0,0,0,0,0,"Normalized",false,"Combo_Getup02=1","",20,"Base HumanRLegDigit11",0.8921329,0.3758603,-0.6209246,0.8921916,0.5774108,-0.6205888,0.01752807,0.007259724,0.2015508
11844,15,1,"Pepe","Mankey",-1,0.08922144,0.1189615,0.08922144,11843,0.005267225,0.005267227,0.005267227,false,1635001174,1.333328,1,1,1,0,0,0,0,0,"Normalized",false,"Combo_Getup02=1","",21,"Object001",-0.3414364,0.5817906,-0.5771558,-0.3415439,0.7833999,-0.5768943,0.03001111,0.03679018,0.2016095
11844,15,1,"Pepe","Mankey",-1,0.08922144,0.1189615,0.08922144,11843,0.005267225,0.005267227,0.005267227,false,1635001174,1.333328,1,1,1,0,0,0,0,0,"Normalized",false,"Combo_Getup02=1","",22,"Monkey_eyes",-0.3116201,0.5670897,-0.8377162,-0.311729,0.768719,-0.8374559,0.03176157,0.03811339,0.2016295
11844,15,1,"Pepe","Mankey",-1,0.08922144,0.1189615,0.08922144,11843,0.005267225,0.005267227,0.005267227,false,1635001174,1.333328,1,1,1,0,0,0,0,0,"Normalized",false,"Combo_Getup02=1","",23,"Base HumanHeadBone001",-0.272989,0.3649209,-0.6893613,-0.2730206,0.566559,-0.6891093,0.02461957,0.0293444,0.2016383
11844,15,1,"Pepe","Mankey",-1,0.08922144,0.1189615,0.08922144,11843,0.005267225,0.005267227,0.005267227,false,1635001174,1.333328,1,1,1,0,0,0,0,0,"Normalized",false,"Combo_Getup02=1","",24,"Base HumanLDigit11",0.05500051,0.5583248,-0.23705,0.05493068,0.7598625,-0.2367399,0.03107096,0.04049196,0.2015379
11844,15,1,"Pepe","Mankey",-1,0.08922144,0.1189615,0.08922144,11843,0.005267225,0.005267227,0.005267227,false,1635001174,1.333328,1,1,1,0,0,0,0,0,"Normalized",false,"Combo_Getup02=1","",25,"Base HumanLDigit12",0.09290048,0.5824164,-0.2374693,0.09282617,0.7839612,-0.2371494,0.03341329,0.04300988,0.2015451
11844,15,1,"Pepe","Mankey",-1,0.08922144,0.1189615,0.08922144,11843,0.005267225,0.005267227,0.005267227,false,1635001174,1.333328,1,1,1,0,0,0,0,0,"Normalized",false,"Combo_Getup02=1","",26,"Base HumanLDigit13",0.1276592,0.5980321,-0.2303571,0.1275818,0.7995804,-0.2300299,0.0351149,0.04484526,0.2015486
11844,15,1,"Pepe","Mankey",-1,0.08922144,0.1189615,0.08922144,11843,0.005267225,0.005267227,0.005267227,false,1635001174,1.333328,1,1,1,0,0,0,0,0,"Normalized",false,"Combo_Getup02=1","",27,"Base HumanLDigit21",0.09957603,0.5972344,-0.1981045,0.09949896,0.7987648,-0.197779,0.03478189,0.04469735,0.2015307
11844,15,1,"Pepe","Mankey",-1,0.08922144,0.1189615,0.08922144,11843,0.005267225,0.005267227,0.005267227,false,1635001174,1.333328,1,1,1,0,0,0,0,0,"Normalized",false,"Combo_Getup02=1","",28,"Base HumanLDigit22",0.1493125,0.6305599,-0.1884063,0.149232,0.832091,-0.1880647,0.0379769,0.04818961,0.2015314
11844,15,1,"Pepe","Mankey",-1,0.08922144,0.1189615,0.08922144,11843,0.005267225,0.005267227,0.005267227,false,1635001174,1.333328,1,1,1,0,0,0,0,0,"Normalized",false,"Combo_Getup02=1","",29,"Base HumanLDigit23",0.1990016,0.6499443,-0.189069,0.1989197,0.8514792,-0.1887158,0.04032753,0.05063777,0.2015352
11844,15,1,"Pepe","Mankey",-1,0.08922144,0.1189615,0.08922144,11843,0.005267225,0.005267227,0.005267227,false,1635001174,1.333328,1,1,1,0,0,0,0,0,"Normalized",false,"Combo_Getup02=1","",30,"Base HumanLDigit31",0.1183555,0.5603801,-0.1615836,0.1182785,0.7619016,-0.1612673,0.03163742,0.04144505,0.2015218
11844,15,1,"Pepe","Mankey",-1,0.08922144,0.1189615,0.08922144,11843,0.005267225,0.005267227,0.005267227,false,1635001174,1.333328,1,1,1,0,0,0,0,0,"Normalized",false,"Combo_Getup02=1","",31,"Base HumanLDigit32",0.1624248,0.5856238,-0.1452798,0.1623445,0.7871442,-0.1449528,0.03411302,0.04412074,0.2015207
11844,15,1,"Pepe","Mankey",-1,0.08922144,0.1189615,0.08922144,11843,0.005267225,0.005267227,0.005267227,false,1635001174,1.333328,1,1,1,0,0,0,0,0,"Normalized",false,"Combo_Getup02=1","",32,"Base HumanLDigit33",0.2144789,0.6014327,-0.1395649,0.2143973,0.8029546,-0.1392303,0.03610152,0.04608581,0.2015221
11844,15,1,"Pepe","Mankey",-1,0.08922144,0.1189615,0.08922144,11843,0.005267225,0.005267227,0.005267227,false,1635001174,1.333328,1,1,1,0,0,0,0,0,"Normalized",false,"Combo_Getup02=1","",33,"Base HumanLDigit41",0.1155151,0.5073688,-0.1332449,0.1154404,0.7088817,-0.1329443,0.02709723,0.03668178,0.2015131
11844,15,1,"Pepe","Mankey",-1,0.08922144,0.1189615,0.08922144,11843,0.005267225,0.005267227,0.005267227,false,1635001174,1.333328,1,1,1,0,0,0,0,0,"Normalized",false,"Combo_Getup02=1","",34,"Base HumanLDigit42",0.1593049,0.530768,-0.1137488,0.1592257,0.73228,-0.1134372,0.0293284,0.03916588,0.2015122
11844,15,1,"Pepe","Mankey",-1,0.08922144,0.1189615,0.08922144,11843,0.005267225,0.005267227,0.005267227,false,1635001174,1.333328,1,1,1,0,0,0,0,0,"Normalized",false,"Combo_Getup02=1","",35,"Base HumanLDigit43",0.211431,0.5451483,-0.1020471,0.2113506,0.7466597,-0.1017295,0.03105889,0.04085897,0.2015117
11844,15,1,"Pepe","Mankey",-1,0.08922144,0.1189615,0.08922144,11843,0.005267225,0.005267227,0.005267227,false,1635001174,1.333328,1,1,1,0,0,0,0,0,"Normalized",false,"Combo_Getup02=1","",36,"Base HumanRArmDigit11",0.1209279,0.1347845,-1.138602,0.1209538,0.3364171,-1.138327,0.01410315,0.01260782,0.2016328
11844,15,1,"Pepe","Mankey",-1,0.08922144,0.1189615,0.08922144,11843,0.005267225,0.005267227,0.005267227,false,1635001174,1.333328,1,1,1,0,0,0,0,0,"Normalized",false,"Combo_Getup02=1","",37,"Base HumanRArmDigit12",0.1544775,0.1581085,-1.157241,0.1545037,0.359739,-1.156968,0.01512413,0.01291613,0.2016307
11844,15,1,"Pepe","Mankey",-1,0.08922144,0.1189615,0.08922144,11843,0.005267225,0.005267227,0.005267227,false,1635001174,1.333328,1,1,1,0,0,0,0,0,"Normalized",false,"Combo_Getup02=1","",38,"Base HumanRArmDigit13",0.1881869,0.1696594,-1.1725,0.1882153,0.371285,-1.172226,0.01575089,0.01308402,0.2016258
11844,15,1,"Pepe","Mankey",-1,0.08922144,0.1189615,0.08922144,11843,0.005267225,0.005267227,0.005267227,false,1635001174,1.333328,1,1,1,0,0,0,0,0,"Normalized",false,"Combo_Getup02=1","",39,"Base HumanRArmDigit21",0.1711087,0.13536,-1.188595,0.1711372,0.3369812,-1.188318,0.01461456,0.01282495,0.2016214
11844,15,1,"Pepe","Mankey",-1,0.08922144,0.1189615,0.08922144,11843,0.005267225,0.005267227,0.005267227,false,1635001174,1.333328,1,1,1,0,0,0,0,0,"Normalized",false,"Combo_Getup02=1","",40,"Base HumanRArmDigit22",0.2190979,0.158376,-1.217674,0.2191316,0.3599948,-1.217391,0.01571089,0.01309868,0.201619
11844,15,1,"Pepe","Mankey",-1,0.08922144,0.1189615,0.08922144,11843,0.005267225,0.005267227,0.005267227,false,1635001174,1.333328,1,1,1,0,0,0,0,0,"Normalized",false,"Combo_Getup02=1","",41,"Base HumanRArmDigit23",0.2649593,0.1808514,-1.233061,0.2649961,0.3824738,-1.232762,0.01677168,0.01341998,0.2016226
11844,15,1,"Pepe","Mankey",-1,0.08922144,0.1189615,0.08922144,11843,0.005267225,0.005267227,0.005267227,false,1635001174,1.333328,1,1,1,0,0,0,0,0,"Normalized",false,"Combo_Getup02=1","",42,"Base HumanRArmDigit31",0.2021285,0.09196677,-1.17447,0.2021581,0.2935933,-1.174179,0.01320791,0.01240826,0.2016267
11844,15,1,"Pepe","Mankey",-1,0.08922144,0.1189615,0.08922144,11843,0.005267225,0.005267227,0.005267227,false,1635001174,1.333328,1,1,1,0,0,0,0,0,"Normalized",false,"Combo_Getup02=1","",43,"Base HumanRArmDigit32",0.2467825,0.1024866,-1.201682,0.2468174,0.3041129,-1.201383,0.01387002,0.01246924,0.2016266
11844,15,1,"Pepe","Mankey",-1,0.08922144,0.1189615,0.08922144,11843,0.005267225,0.005267227,0.005267227,false,1635001174,1.333328,1,1,1,0,0,0,0,0,"Normalized",false,"Combo_Getup02=1","",44,"Base HumanRArmDigit33",0.2966428,0.1176112,-1.218339,0.2966812,0.3192421,-1.218025,0.01470924,0.01264597,0.2016312
11844,15,1,"Pepe","Mankey",-1,0.08922144,0.1189615,0.08922144,11843,0.005267225,0.005267227,0.005267227,false,1635001174,1.333328,1,1,1,0,0,0,0,0,"Normalized",false,"Combo_Getup02=1","",45,"Base HumanRArmDigit41",0.2115172,0.04097871,-1.143918,0.2115476,0.2426139,-1.143612,0.01157867,0.01250682,0.2016354
11844,15,1,"Pepe","Mankey",-1,0.08922144,0.1189615,0.08922144,11843,0.005267225,0.005267227,0.005267227,false,1635001174,1.333328,1,1,1,0,0,0,0,0,"Normalized",false,"Combo_Getup02=1","",46,"Base HumanRArmDigit42",0.2569037,0.04684987,-1.171318,0.2569394,0.2484874,-1.171004,0.01205725,0.01250273,0.2016378
11844,15,1,"Pepe","Mankey",-1,0.08922144,0.1189615,0.08922144,11843,0.005267225,0.005267227,0.005267227,false,1635001174,1.333328,1,1,1,0,0,0,0,0,"Normalized",false,"Combo_Getup02=1","",47,"Base HumanRArmDigit43",0.3082829,0.05508145,-1.190116,0.308323,0.2567263,-1.189786,0.01267941,0.0126443,0.2016451
11844,15,1,"Pepe","Mankey",-1,0.08922144,0.1189615,0.08922144,11843,0.005267225,0.005267227,0.005267227,false,1635001174,1.333328,1,1,1,0,0,0,0,0,"Normalized",false,"Combo_Getup02=1","",48,"Base HumanSpine4",-0.2620607,0.2045137,-0.6236125,-0.2620695,0.4061198,-0.6233571,0.0131369,0.01949912,0.2016063
11845,15,1,"Pepe","Mankey",-1,0.09271596,0.1236208,0.09271596,11844,0.004659332,0.004659332,0.004659332,false,1635001174,1.333328,1,1,1,0,0,0,0,0,"Normalized",false,"Combo_Getup02=1","",0,"Base HumanPelvis",0.07774442,0.05513909,-0.4830473,0.07774442,0.256676,-0.4830473,0.001722809,0.001754095,0.2015369
11845,15,1,"Pepe","Mankey",-1,0.09271596,0.1236208,0.09271596,11844,0.004659332,0.004659332,0.004659332,false,1635001174,1.333328,1,1,1,0,0,0,0,0,"Normalized",false,"Combo_Getup02=1","",1,"Base HumanLLeg1",0.03599113,0.08058634,-0.372081,0.03599114,0.2821232,-0.372081,0.00274734,0.002790325,0.2015369
11845,15,1,"Pepe","Mankey",-1,0.09271596,0.1236208,0.09271596,11844,0.004659332,0.004659332,0.004659332,false,1635001174,1.333328,1,1,1,0,0,0,0,0,"Normalized",false,"Combo_Getup02=1","",2,"Base HumanRLeg1",0.1194977,0.02969182,-0.5940136,0.1194977,0.2312287,-0.5940137,0.002737863,0.002730976,0.2015369
11845,15,1,"Pepe","Mankey",-1,0.09271596,0.1236208,0.09271596,11844,0.004659332,0.004659332,0.004659332,false,1635001174,1.333328,1,1,1,0,0,0,0,0,"Normalized",false,"Combo_Getup02=1","",3,"Base HumanLLeg2",0.1319399,0.3411074,-0.1336707,0.1319399,0.5426443,-0.1336707,0.01678023,0.0167146,0.2015368
11845,15,1,"Pepe","Mankey",-1,0.09271596,0.1236208,0.09271596,11844,0.004659332,0.004659332,0.004659332,false,1635001174,1.333328,1,1,1,0,0,0,0,0,"Normalized",false,"Combo_Getup02=1","",4,"Base HumanRLeg2",0.4645161,0.1438704,-0.5510889,0.4645161,0.3454073,-0.5510889,0.007687103,0.007473529,0.2015369
11845,15,1,"Pepe","Mankey",-1,0.09271596,0.1236208,0.09271596,11844,0.004659332,0.004659332,0.004659332,false,1635001174,1.333328,1,1,1,0,0,0,0,0,"Normalized",false,"Combo_Getup02=1","",5,"Base HumanLLegAnkle",0.4081859,0.1195837,-0.155228,0.4081859,0.3211206,-0.1552281,0.01823465,0.01829729,0.2015369
11845,15,1,"Pepe","Mankey",-1,0.09271596,0.1236208,0.09271596,11844,0.004659332,0.004659332,0.004659332,false,1635001174,1.333328,1,1,1,0,0,0,0,0,"Normalized",false,"Combo_Getup02=1","",6,"Base HumanRLegAnkle",0.812246,0.1374485,-0.4811457,0.812246,0.3389854,-0.4811457,0.01449647,0.01416309,0.2015369
11845,15,1,"Pepe","Mankey",-1,0.09271596,0.1236208,0.09271596,11844,0.004659332,0.004659332,0.004659332,false,1635001174,1.333328,1,1,1,0,0,0,0,0,"Normalized",false,"Combo_Getup02=1","",7,"Base HumanSpine1",0.0353139,0.05868851,-0.4998266,0.0353139,0.2602254,-0.4998266,0.001160001,0.001309694,0.2015369
11845,15,1,"Pepe","Mankey",-1,0.09271596,0.1236208,0.09271596,11844,0.004659332,0.004659332,0.004659332,false,1635001174,1.333328,1,1,1,0,0,0,0,0,"Normalized",false,"Combo_Getup02=1","",8,"Base HumanSpine3",-0.1744343,0.1384664,-0.5832245,-0.1744343,0.3400033,-0.5832245,0.006766982,0.006855828,0.2015369
11845,15,1,"Pepe","Mankey",-1,0.09271596,0.1236208,0.09271596,11844,0.004659332,0.004659332,0.004659332,false,1635001174,1.333328,1,1,1,0,0,0,0,0,"Normalized",false,"Combo_Getup02=1","",9,"Base HumanNeck1",-0.361027,0.3211129,-0.6946597,-0.3610269,0.5226498,-0.6946597,0.02135429,0.02144109,0.2015369
11845,15,1,"Pepe","Mankey",-1,0.09271596,0.1236208,0.09271596,11844,0.004659332,0.004659332,0.004659332,false,1635001174,1.333328,1,1,1,0,0,0,0,0,"Normalized",false,"Combo_Getup02=1","",10,"Base HumanHead",-0.4538073,0.4334717,-0.7247014,-0.4538072,0.6350086,-0.7247015,0.02862745,0.02873033,0.2015368
11845,15,1,"Pepe","Mankey",-1,0.09271596,0.1236208,0.09271596,11844,0.004659332,0.004659332,0.004659332,false,1635001174,1.333328,1,1,1,0,0,0,0,0,"Normalized",false,"Combo_Getup02=1","",11,"Base HumanLCollarbone",-0.260503,0.3693824,-0.6758022,-0.2605029,0.5709193,-0.6758022,0.01986433,0.01996794,0.2015369
11845,15,1,"Pepe","Mankey",-1,0.09271596,0.1236208,0.09271596,11844,0.004659332,0.004659332,0.004659332,false,1635001174,1.333328,1,1,1,0,0,0,0,0,"Normalized",false,"Combo_Getup02=1","",12,"Base HumanRArmCollarbone",-0.2553842,0.3421082,-0.7291477,-0.2553842,0.543645,-0.7291477,0.01869201,0.01879006,0.2015369
11845,15,1,"Pepe","Mankey",-1,0.09271596,0.1236208,0.09271596,11844,0.004659332,0.004659332,0.004659332,false,1635001174,1.333328,1,1,1,0,0,0,0,0,"Normalized",false,"Combo_Getup02=1","",13,"Base HumanLUpperarm",-0.3732531,0.406597,-0.499871,-0.373253,0.6081339,-0.499871,0.02492308,0.02502003,0.2015369
11845,15,1,"Pepe","Mankey",-1,0.09271596,0.1236208,0.09271596,11844,0.004659332,0.004659332,0.004659332,false,1635001174,1.333328,1,1,1,0,0,0,0,0,"Normalized",false,"Combo_Getup02=1","",14,"Base HumanRArmUpperarm",-0.333708,0.215044,-0.8800431,-0.333708,0.4165809,-0.8800431,0.01628905,0.01634692,0.2015369
11845,15,1,"Pepe","Mankey",-1,0.09271596,0.1236208,0.09271596,11844,0.004659332,0.004659332,0.004659332,false,1635001174,1.333328,1,1,1,0,0,0,0,0,"Normalized",false,"Combo_Getup02=1","",15,"Base HumanLForearm",-0.2119834,0.4190582,-0.2690575,-0.2119834,0.6205952,-0.2690575,0.02109725,0.02124031,0.2015369
11845,15,1,"Pepe","Mankey",-1,0.09271596,0.1236208,0.09271596,11844,0.004659332,0.004659332,0.004659332,false,1635001174,1.333328,1,1,1,0,0,0,0,0,"Normalized",false,"Combo_Getup02=1","",16,"Base HumanRArmForearm",-0.1188926,0.0507948,-0.9595093,-0.1188926,0.2523317,-0.9595092,0.008335574,0.008275325,0.2015369
11845,15,1,"Pepe","Mankey",-1,0.09271596,0.1236208,0.09271596,11844,0.004659332,0.004659332,0.004659332,false,1635001174,1.333328,1,1,1,0,0,0,0,0,"Normalized",false,"Combo_Getup02=1","",17,"Base HumanLPalm",0.02754894,0.5057391,-0.2387479,0.02754901,0.707276,-0.238748,0.02191483,0.02213248,0.201537
11845,15,1,"Pepe","Mankey",-1,0.09271596,0.1236208,0.09271596,11844,0.004659332,0.004659332,0.004659332,false,1635001174,1.333328,1,1,1,0,0,0,0,0,"Normalized",false,"Combo_Getup02=1","",18,"Base HumanRArmPalm",0.09611978,0.08375251,-1.095492,0.09611976,0.2852893,-1.095492,0.01119918,0.01110497,0.2015368
11845,15,1,"Pepe","Mankey",-1,0.09271596,0.1236208,0.09271596,11844,0.004659332,0.004659332,0.004659332,false,1635001174,1.333328,1,1,1,0,0,0,0,0,"Normalized",false,"Combo_Getup02=1","",19,"Base HumanLLegDigit11",0.5190512,0.3183326,0.009332492,0.5190512,0.5198694,0.009332418,0.01481119,0.01482541,0.2015368
11845,15,1,"Pepe","Mankey",-1,0.09271596,0.1236208,0.09271596,11844,0.004659332,0.004659332,0.004659332,false,1635001174,1.333328,1,1,1,0,0,0,0,0,"Normalized",false,"Combo_Getup02=1","",20,"Base HumanRLegDigit11",0.8902394,0.376956,-0.6053447,0.8902395,0.5784929,-0.6053447,0.01573278,0.01540671,0.2015369
11845,15,1,"Pepe","Mankey",-1,0.09271596,0.1236208,0.09271596,11844,0.004659332,0.004659332,0.004659332,false,1635001174,1.333328,1,1,1,0,0,0,0,0,"Normalized",false,"Combo_Getup02=1","",21,"Object001",-0.3201648,0.5972784,-0.5847083,-0.3201648,0.7988153,-0.5847083,0.02737506,0.0274911,0.201537
11845,15,1,"Pepe","Mankey",-1,0.09271596,0.1236208,0.09271596,11844,0.004659332,0.004659332,0.004659332,false,1635001174,1.333328,1,1,1,0,0,0,0,0,"Normalized",false,"Combo_Getup02=1","",22,"Monkey_eyes",-0.2862022,0.5813575,-0.844689,-0.2862021,0.7828944,-0.844689,0.029971,0.03008128,0.201537
11845,15,1,"Pepe","Mankey",-1,0.09271596,0.1236208,0.09271596,11844,0.004659332,0.004659332,0.004659332,false,1635001174,1.333328,1,1,1,0,0,0,0,0,"Normalized",false,"Combo_Getup02=1","",23,"Base HumanHeadBone001",-0.2555547,0.3784815,-0.6954382,-0.2555546,0.5800185,-0.6954382,0.02290796,0.02294059,0.2015369
11845,15,1,"Pepe","Mankey",-1,0.09271596,0.1236208,0.09271596,11844,0.004659332,0.004659332,0.004659332,false,1635001174,1.333328,1,1,1,0,0,0,0,0,"Normalized",false,"Combo_Getup02=1","",24,"Base HumanLDigit11",0.07556147,0.5596716,-0.2521164,0.07556152,0.7612085,-0.2521163,0.02552572,0.0257658,0.2015369
11845,15,1,"Pepe","Mankey",-1,0.09271596,0.1236208,0.09271596,11844,0.004659332,0.004659332,0.004659332,false,1635001174,1.333328,1,1,1,0,0,0,0,0,"Normalized",false,"Combo_Getup02=1","",25,"Base HumanLDigit12",0.1147438,0.5815611,-0.2537226,0.1147439,0.7830982,-0.2537225,0.02724024,0.02749179,0.201537
11845,15,1,"Pepe","Mankey",-1,0.09271596,0.1236208,0.09271596,11844,0.004659332,0.004659332,0.004659332,false,1635001174,1.333328,1,1,1,0,0,0,0,0,"Normalized",false,"Combo_Getup02=1","",26,"Base HumanLDigit13",0.1503423,0.5955485,-0.2474218,0.1503423,0.7970855,-0.2474217,0.0284938,0.02875307,0.201537
11845,15,1,"Pepe","Mankey",-1,0.09271596,0.1236208,0.09271596,11844,0.004659332,0.004659332,0.004659332,false,1635001174,1.333328,1,1,1,0,0,0,0,0,"Normalized",false,"Combo_Getup02=1","",27,"Base HumanLDigit21",0.1223276,0.5978891,-0.2151023,0.1223277,0.799426,-0.2151024,0.02840758,0.02866513,0.201537
11845,15,1,"Pepe","Mankey",-1,0.09271596,0.1236208,0.09271596,11844,0.004659332,0.004659332,0.004659332,false,1635001174,1.333328,1,1,1,0,0,0,0,0,"Normalized",false,"Combo_Getup02=1","",28,"Base HumanLDigit22",0.1738173,0.6289046,-0.2070271,0.1738175,0.8304415,-0.2070271,0.03082144,0.03109245,0.2015369
11845,15,1,"Pepe","Mankey",-1,0.09271596,0.1236208,0.09271596,11844,0.004659332,0.004659332,0.004659332,false,1635001174,1.333328,1,1,1,0,0,0,0,0,"Normalized",false,"Combo_Getup02=1","",29,"Base HumanLDigit23",0.2245068,0.6454179,-0.2087844,0.2245069,0.8469548,-0.2087845,0.03255302,0.03283174,0.2015369
11845,15,1,"Pepe","Mankey",-1,0.09271596,0.1236208,0.09271596,11844,0.004659332,0.004659332,0.004659332,false,1635001174,1.333328,1,1,1,0,0,0,0,0,"Normalized",false,"Combo_Getup02=1","",30,"Base HumanLDigit31",0.1392028,0.5618328,-0.1768943,0.1392029,0.7633699,-0.1768943,0.02590628,0.02615703,0.2015371
11845,15,1,"Pepe","Mankey",-1,0.09271596,0.1236208,0.09271596,11844,0.004659332,0.004659332,0.004659332,false,1635001174,1.333328,1,1,1,0,0,0,0,0,"Normalized",false,"Combo_Getup02=1","",31,"Base HumanLDigit32",0.1846548,0.5853872,-0.161912,0.1846549,0.7869242,-0.1619121,0.02776435,0.02802532,0.201537
11845,15,1,"Pepe","Mankey",-1,0.09271596,0.1236208,0.09271596,11844,0.004659332,0.004659332,0.004659332,false,1635001174,1.333328,1,1,1,0,0,0,0,0,"Normalized",false,"Combo_Getup02=1","",32,"Base HumanLDigit33",0.2375583,0.5984721,-0.157199,0.2375584,0.8000091,-0.157199,0.0291957,0.02946159,0.201537
11845,15,1,"Pepe","Mankey",-1,0.09271596,0.1236208,0.09271596,11844,0.004659332,0.004659332,0.004659332,false,1635001174,1.333328,1,1,1,0,0,0,0,0,"Normalized",false,"Combo_Getup02=1","",33,"Base HumanLDigit41",0.1335815,0.5104543,-0.1460722,0.1335816,0.7119913,-0.1460723,0.02237085,0.02260792,0.201537
11845,15,1,"Pepe","Mankey",-1,0.09271596,0.1236208,0.09271596,11844,0.004659332,0.004659332,0.004659332,false,1635001174,1.333328,1,1,1,0,0,0,0,0,"Normalized",false,"Combo_Getup02=1","",34,"Base HumanLDigit42",0.1786795,0.5323514,-0.1278555,0.1786797,0.7338884,-0.1278556,0.02401836,0.02426793,0.201537
11845,15,1,"Pepe","Mankey",-1,0.09271596,0.1236208,0.09271596,11844,0.004659332,0.004659332,0.004659332,false,1635001174,1.333328,1,1,1,0,0,0,0,0,"Normalized",false,"Combo_Getup02=1","",35,"Base HumanLDigit43",0.2316265,0.5443032,-0.1171493,0.2316265,0.74584,-0.1171493,0.02523191,0.0254864,0.2015368
11845,15,1,"Pepe","Mankey",-1,0.09271596,0.1236208,0.09271596,11844,0.004659332,0.004659332,0.004659332,false,1635001174,1.333328,1,1,1,0,0,0,0,0,"Normalized",false,"Combo_Getup02=1","",36,"Base HumanRArmDigit11",0.1328565,0.1343193,-1.134041,0.1328565,0.3358562,-1.134041,0.01277938,0.01266347,0.201537
11845,15,1,"Pepe","Mankey",-1,0.09271596,0.1236208,0.09271596,11844,0.004659332,0.004659332,0.004659332,false,1635001174,1.333328,1,1,1,0,0,0,0,0,"Normalized",false,"Combo_Getup02=1","",37,"Base HumanRArmDigit12",0.1669724,0.1573975,-1.151943,0.1669725,0.3589345,-1.151943,0.01359024,0.01346723,0.201537
11845,15,1,"Pepe","Mankey",-1,0.09271596,0.1236208,0.09271596,11844,0.004659332,0.004659332,0.004659332,false,1635001174,1.333328,1,1,1,0,0,0,0,0,"Normalized",false,"Combo_Getup02=1","",38,"Base HumanRArmDigit13",0.2009845,0.1686065,-1.166779,0.2009846,0.3701433,-1.16678,0.01405727,0.01392915,0.2015368
11845,15,1,"Pepe","Mankey",-1,0.09271596,0.1236208,0.09271596,11844,0.004659332,0.004659332,0.004659332,false,1635001174,1.333328,1,1,1,0,0,0,0,0,"Normalized",false,"Combo_Getup02=1","",39,"Base HumanRArmDigit21",0.1832023,0.1351407,-1.183864,0.1832024,0.3366776,-1.183864,0.0129878,0.01286457,0.201537
11845,15,1,"Pepe","Mankey",-1,0.09271596,0.1236208,0.09271596,11844,0.004659332,0.004659332,0.004659332,false,1635001174,1.333328,1,1,1,0,0,0,0,0,"Normalized",false,"Combo_Getup02=1","",40,"Base HumanRArmDigit22",0.2317576,0.157884,-1.212209,0.2317576,0.3594209,-1.212209,0.01379783,0.01365992,0.2015369
11845,15,1,"Pepe","Mankey",-1,0.09271596,0.1236208,0.09271596,11844,0.004659332,0.004659332,0.004659332,false,1635001174,1.333328,1,1,1,0,0,0,0,0,"Normalized",false,"Combo_Getup02=1","",41,"Base HumanRArmDigit23",0.2781412,0.1798139,-1.226797,0.2781413,0.3813508,-1.226797,0.01463142,0.014479,0.2015369
11845,15,1,"Pepe","Mankey",-1,0.09271596,0.1236208,0.09271596,11844,0.004659332,0.004659332,0.004659332,false,1635001174,1.333328,1,1,1,0,0,0,0,0,"Normalized",false,"Combo_Getup02=1","",42,"Base HumanRArmDigit31",0.213242,0.09073454,-1.170809,0.2132421,0.2922715,-1.170809,0.01176554,0.01166007,0.2015369
11845,15,1,"Pepe","Mankey",-1,0.09271596,0.1236208,0.09271596,11844,0.004659332,0.004659332,0.004659332,false,1635001174,1.333328,1,1,1,0,0,0,0,0,"Normalized",false,"Combo_Getup02=1","",43,"Base HumanRArmDigit32",0.2582057,0.1010368,-1.197592,0.2582056,0.3025736,-1.197592,0.01221974,0.01210105,0.2015368
11845,15,1,"Pepe","Mankey",-1,0.09271596,0.1236208,0.09271596,11844,0.004659332,0.004659332,0.004659332,false,1635001174,1.333328,1,1,1,0,0,0,0,0,"Normalized",false,"Combo_Getup02=1","",44,"Base HumanRArmDigit33",0.3084449,0.1155742,-1.21362,0.3084448,0.317111,-1.21362,0.01287253,0.01274059,0.2015368
11845,15,1,"Pepe","Mankey",-1,0.09271596,0.1236208,0.09271596,11844,0.004659332,0.004659332,0.004659332,false,1635001174,1.333328,1,1,1,0,0,0,0,0,"Normalized",false,"Combo_Getup02=1","",45,"Base HumanRArmDigit41",0.2214397,0.03876724,-1.141594,0.2214397,0.2403041,-1.141594,0.01042817,0.01035686,0.2015369
11845,15,1,"Pepe","Mankey",-1,0.09271596,0.1236208,0.09271596,11844,0.004659332,0.004659332,0.004659332,false,1635001174,1.333328,1,1,1,0,0,0,0,0,"Normalized",false,"Combo_Getup02=1","",46,"Base HumanRArmDigit42",0.2670406,0.04444522,-1.168677,0.2670406,0.2459821,-1.168677,0.0107478,0.01066424,0.2015369
11845,15,1,"Pepe","Mankey",-1,0.09271596,0.1236208,0.09271596,11844,0.004659332,0.004659332,0.004659332,false,1635001174,1.333328,1,1,1,0,0,0,0,0,"Normalized",false,"Combo_Getup02=1","",47,"Base HumanRArmDigit43",0.3186682,0.05215714,-1.187008,0.3186682,0.253694,-1.187008,0.01122786,0.01113265,0.2015369
11845,15,1,"Pepe","Mankey",-1,0.09271596,0.1236208,0.09271596,11844,0.004659332,0.004659332,0.004659332,false,1635001174,1.333328,1,1,1,0,0,0,0,0,"Normalized",false,"Combo_Getup02=1","",48,"Base HumanSpine4",-0.2557697,0.212868,-0.6292164,-0.2557697,0.4144049,-0.6292164,0.01186485,0.01194408,0.2015369
11846,15,1,"Pepe","Mankey",-1,0.09625582,0.1283406,0.09625582,11845,0.004719801,0.004719791,0.004719791,false,1635001174,1.333328,1,1,1,0,0,0,0,0,"Normalized",false,"Combo_Getup02=1","",0,"Base HumanPelvis",0.0764528,0.05414371,-0.4827656,0.0764528,0.2554275,-0.4827656,0.00165481,0.001818285,0.2012838
11846,15,1,"Pepe","Mankey",-1,0.09625582,0.1283406,0.09625582,11845,0.004719801,0.004719791,0.004719791,false,1635001174,1.333328,1,1,1,0,0,0,0,0,"Normalized",false,"Combo_Getup02=1","",1,"Base HumanLLeg1",0.03334602,0.08095732,-0.3726418,0.03334602,0.2822411,-0.3726418,0.002729253,0.002706496,0.2012838
11846,15,1,"Pepe","Mankey",-1,0.09625582,0.1283406,0.09625582,11845,0.004719801,0.004719791,0.004719791,false,1635001174,1.333328,1,1,1,0,0,0,0,0,"Normalized",false,"Combo_Getup02=1","",2,"Base HumanRLeg1",0.1195596,0.02733007,-0.5928895,0.1195596,0.2286139,-0.5928895,0.00261637,0.002846911,0.2012838
11846,15,1,"Pepe","Mankey",-1,0.09625582,0.1283406,0.09625582,11845,0.004719801,0.004719791,0.004719791,false,1635001174,1.333328,1,1,1,0,0,0,0,0,"Normalized",false,"Combo_Getup02=1","",3,"Base HumanLLeg2",0.115651,0.3433556,-0.1312089,0.115651,0.5446393,-0.1312089,0.01662664,0.01659435,0.2012838
11846,15,1,"Pepe","Mankey",-1,0.09625582,0.1283406,0.09625582,11845,0.004719801,0.004719791,0.004719791,false,1635001174,1.333328,1,1,1,0,0,0,0,0,"Normalized",false,"Combo_Getup02=1","",4,"Base HumanRLeg2",0.4612477,0.1502127,-0.5474365,0.4612477,0.3514965,-0.5474365,0.008015337,0.007816652,0.2012838
11846,15,1,"Pepe","Mankey",-1,0.09625582,0.1283406,0.09625582,11845,0.004719801,0.004719791,0.004719791,false,1635001174,1.333328,1,1,1,0,0,0,0,0,"Normalized",false,"Combo_Getup02=1","",5,"Base HumanLLegAnkle",0.3902045,0.120205,-0.1571607,0.3902045,0.3214889,-0.1571606,0.01809564,0.01808865,0.2012838
11846,15,1,"Pepe","Mankey",-1,0.09625582,0.1283406,0.09625582,11845,0.004719801,0.004719791,0.004719791,false,1635001174,1.333328,1,1,1,0,0,0,0,0,"Normalized",false,"Combo_Getup02=1","",6,"Base HumanRLegAnkle",0.8065426,0.1381038,-0.4669744,0.8065425,0.3393877,-0.4669744,0.01528993,0.01528123,0.2012839
11846,15,1,"Pepe","Mankey",-1,0.09625582,0.1283406,0.09625582,11845,0.004719801,0.004719791,0.004719791,false,1635001174,1.333328,1,1,1,0,0,0,0,0,"Normalized",false,"Combo_Getup02=1","",7,"Base HumanSpine1",0.03435542,0.05824678,-0.5002432,0.03435542,0.2595306,-0.5002432,0.001134636,0.001254987,0.2012838
11846,15,1,"Pepe","Mankey",-1,0.09625582,0.1283406,0.09625582,11845,0.004719801,0.004719791,0.004719791,false,1635001174,1.333328,1,1,1,0,0,0,0,0,"Normalized",false,"Combo_Getup02=1","",8,"Base HumanSpine3",-0.171726,0.1437569,-0.5870332,-0.171726,0.3450407,-0.5870332,0.007059044,0.006871411,0.2012838
11846,15,1,"Pepe","Mankey",-1,0.09625582,0.1283406,0.09625582,11845,0.004719801,0.004719791,0.004719791,false,1635001174,1.333328,1,1,1,0,0,0,0,0,"Normalized",false,"Combo_Getup02=1","",9,"Base HumanNeck1",-0.3463404,0.3352103,-0.702854,-0.3463405,0.536494,-0.7028542,0.02194488,0.02178311,0.2012838
11846,15,1,"Pepe","Mankey",-1,0.09625582,0.1283406,0.09625582,11845,0.004719801,0.004719791,0.004719791,false,1635001174,1.333328,1,1,1,0,0,0,0,0,"Normalized",false,"Combo_Getup02=1","",10,"Base HumanHead",-0.4325689,0.4524412,-0.7337856,-0.4325689,0.653725,-0.7337856,0.02989034,0.02973032,0.2012838
11846,15,1,"Pepe","Mankey",-1,0.09625582,0.1283406,0.09625582,11845,0.004719801,0.004719791,0.004719791,false,1635001174,1.333328,1,1,1,0,0,0,0,0,"Normalized",false,"Combo_Getup02=1","",11,"Base HumanLCollarbone",-0.2433328,0.3774244,-0.6829037,-0.2433328,0.5787082,-0.6829037,0.0202465,0.02014727,0.2012838
11846,15,1,"Pepe","Mankey",-1,0.09625582,0.1283406,0.09625582,11845,0.004719801,0.004719791,0.004719791,false,1635001174,1.333328,1,1,1,0,0,0,0,0,"Normalized",false,"Combo_Getup02=1","",12,"Base HumanRArmCollarbone",-0.239102,0.3493163,-0.7358929,-0.239102,0.5506001,-0.7358929,0.01904112,0.01894683,0.2012838
11846,15,1,"Pepe","Mankey",-1,0.09625582,0.1283406,0.09625582,11845,0.004719801,0.004719791,0.004719791,false,1635001174,1.333328,1,1,1,0,0,0,0,0,"Normalized",false,"Combo_Getup02=1","",13,"Base HumanLUpperarm",-0.3563211,0.4232544,-0.5091724,-0.3563211,0.6245382,-0.5091724,0.02550838,0.02534379,0.2012838
11846,15,1,"Pepe","Mankey",-1,0.09625582,0.1283406,0.09625582,11845,0.004719801,0.004719791,0.004719791,false,1635001174,1.333328,1,1,1,0,0,0,0,0,"Normalized",false,"Combo_Getup02=1","",14,"Base HumanRArmUpperarm",-0.322686,0.2258308,-0.8869373,-0.3226861,0.4271146,-0.8869374,0.01689285,0.01673236,0.2012838
11846,15,1,"Pepe","Mankey",-1,0.09625582,0.1283406,0.09625582,11845,0.004719801,0.004719791,0.004719791,false,1635001174,1.333328,1,1,1,0,0,0,0,0,"Normalized",false,"Combo_Getup02=1","",15,"Base HumanLForearm",-0.1984021,0.4340273,-0.2759696,-0.1984022,0.6353111,-0.2759695,0.02136122,0.02118455,0.2012838
11846,15,1,"Pepe","Mankey",-1,0.09625582,0.1283406,0.09625582,11845,0.004719801,0.004719791,0.004719791,false,1635001174,1.333328,1,1,1,0,0,0,0,0,"Normalized",false,"Combo_Getup02=1","",16,"Base HumanRArmForearm",-0.111248,0.05430206,-0.9598082,-0.111248,0.2555859,-0.9598083,0.008415991,0.008313725,0.2012838
11846,15,1,"Pepe","Mankey",-1,0.09625582,0.1283406,0.09625582,11845,0.004719801,0.004719791,0.004719791,false,1635001174,1.333328,1,1,1,0,0,0,0,0,"Normalized",false,"Combo_Getup02=1","",17,"Base HumanLPalm",0.04485341,0.5108748,-0.2489659,0.04485338,0.7121586,-0.2489658,0.02074192,0.02068054,0.2012838
11846,15,1,"Pepe","Mankey",-1,0.09625582,0.1283406,0.09625582,11845,0.004719801,0.004719791,0.004719791,false,1635001174,1.333328,1,1,1,0,0,0,0,0,"Normalized",false,"Combo_Getup02=1","",18,"Base HumanRArmPalm",0.1069955,0.08268782,-1.091611,0.1069956,0.2839717,-1.091611,0.01159664,0.01162265,0.2012839
11846,15,1,"Pepe","Mankey",-1,0.09625582,0.1283406,0.09625582,11845,0.004719801,0.004719791,0.004719791,false,1635001174,1.333328,1,1,1,0,0,0,0,0,"Normalized",false,"Combo_Getup02=1","",19,"Base HumanLLegDigit11",0.5046724,0.3150977,0.009531704,0.5046723,0.5163815,0.009531736,0.01473953,0.01479723,0.2012838
11846,15,1,"Pepe","Mankey",-1,0.09625582,0.1283406,0.09625582,11845,0.004719801,0.004719791,0.004719791,false,1635001174,1.333328,1,1,1,0,0,0,0,0,"Normalized",false,"Combo_Getup02=1","",20,"Base HumanRLegDigit11",0.8875203,0.3778057,-0.5888669,0.8875203,0.5790894,-0.5888669,0.01672221,0.01671121,0.2012837
11846,15,1,"Pepe","Mankey",-1,0.09625582,0.1283406,0.09625582,11845,0.004719801,0.004719791,0.004719791,false,1635001174,1.333328,1,1,1,0,0,0,0,0,"Normalized",false,"Combo_Getup02=1","",21,"Object001",-0.2976919,0.6130607,-0.5913055,-0.2976919,0.8143446,-0.5913056,0.02824244,0.02810184,0.2012839
11846,15,1,"Pepe","Mankey",-1,0.09625582,0.1283406,0.09625582,11845,0.004719801,0.004719791,0.004719791,false,1635001174,1.333328,1,1,1,0,0,0,0,0,"Normalized",false,"Combo_Getup02=1","",22,"Monkey_eyes",-0.2585996,0.5955496,-0.8504618,-0.2585995,0.7968335,-0.8504618,0.03156972,0.03145671,0.2012838
11846,15,1,"Pepe","Mankey",-1,0.09625582,0.1283406,0.09625582,11845,0.004719801,0.004719791,0.004719791,false,1635001174,1.333328,1,1,1,0,0,0,0,0,"Normalized",false,"Combo_Getup02=1","",23,"Base HumanHeadBone001",-0.2365039,0.3923438,-0.7001526,-0.2365039,0.5936276,-0.7001528,0.02402746,0.02388231,0.2012838
11846,15,1,"Pepe","Mankey",-1,0.09625582,0.1283406,0.09625582,11845,0.004719801,0.004719791,0.004719791,false,1635001174,1.333328,1,1,1,0,0,0,0,0,"Normalized",false,"Combo_Getup02=1","",24,"Base HumanLDigit11",0.09552275,0.5616612,-0.2646498,0.09552279,0.7629452,-0.2646497,0.02365375,0.02363376,0.2012839
11846,15,1,"Pepe","Mankey",-1,0.09625582,0.1283406,0.09625582,11845,0.004719801,0.004719791,0.004719791,false,1635001174,1.333328,1,1,1,0,0,0,0,0,"Normalized",false,"Combo_Getup02=1","",25,"Base HumanLDigit12",0.1357868,0.5813946,-0.2671782,0.1357867,0.7826784,-0.2671782,0.02497775,0.02498065,0.2012839
11846,15,1,"Pepe","Mankey",-1,0.09625582,0.1283406,0.09625582,11845,0.004719801,0.004719791,0.004719791,false,1635001174,1.333328,1,1,1,0,0,0,0,0,"Normalized",false,"Combo_Getup02=1","",26,"Base HumanLDigit13",0.1720672,0.5937997,-0.2614827,0.1720674,0.7950836,-0.2614827,0.02593724,0.02595568,0.2012839
11846,15,1,"Pepe","Mankey",-1,0.09625582,0.1283406,0.09625582,11845,0.004719801,0.004719791,0.004719791,false,1635001174,1.333328,1,1,1,0,0,0,0,0,"Normalized",false,"Combo_Getup02=1","",27,"Base HumanLDigit21",0.1441949,0.5990703,-0.2293048,0.1441949,0.8003541,-0.2293048,0.02610137,0.02609109,0.2012838
11846,15,1,"Pepe","Mankey",-1,0.09625582,0.1283406,0.09625582,11845,0.004719801,0.004719791,0.004719791,false,1635001174,1.333328,1,1,1,0,0,0,0,0,"Normalized",false,"Combo_Getup02=1","",28,"Base HumanLDigit22",0.1971758,0.6278013,-0.2225291,0.1971758,0.8290851,-0.2225292,0.02805616,0.02806714,0.2012838
11846,15,1,"Pepe","Mankey",-1,0.09625582,0.1283406,0.09625582,11845,0.004719801,0.004719791,0.004719791,false,1635001174,1.333328,1,1,1,0,0,0,0,0,"Normalized",false,"Combo_Getup02=1","",29,"Base HumanLDigit23",0.2486511,0.6415504,-0.2250689,0.2486511,0.8428344,-0.2250688,0.02937838,0.02941263,0.2012839
11846,15,1,"Pepe","Mankey",-1,0.09625582,0.1283406,0.09625582,11845,0.004719801,0.004719791,0.004719791,false,1635001174,1.333328,1,1,1,0,0,0,0,0,"Normalized",false,"Combo_Getup02=1","",30,"Base HumanLDigit31",0.1592561,0.5639398,-0.1895092,0.1592561,0.7652236,-0.1895092,0.02378461,0.02376343,0.2012838
11846,15,1,"Pepe","Mankey",-1,0.09625582,0.1283406,0.09625582,11845,0.004719801,0.004719791,0.004719791,false,1635001174,1.333328,1,1,1,0,0,0,0,0,"Normalized",false,"Combo_Getup02=1","",31,"Base HumanLDigit32",0.2058707,0.5858124,-0.1755872,0.2058707,0.7870964,-0.1755872,0.02524496,0.0252418,0.201284
11846,15,1,"Pepe","Mankey",-1,0.09625582,0.1283406,0.09625582,11845,0.004719801,0.004719791,0.004719791,false,1635001174,1.333328,1,1,1,0,0,0,0,0,"Normalized",false,"Combo_Getup02=1","",32,"Base HumanLDigit33",0.2594109,0.5962783,-0.171572,0.2594109,0.7975621,-0.171572,0.02624748,0.02626977,0.2012838
11846,15,1,"Pepe","Mankey",-1,0.09625582,0.1283406,0.09625582,11845,0.004719801,0.004719791,0.004719791,false,1635001174,1.333328,1,1,1,0,0,0,0,0,"Normalized",false,"Combo_Getup02=1","",33,"Base HumanLDigit41",0.1510677,0.514332,-0.156443,0.1510677,0.7156158,-0.156443,0.02069683,0.02065078,0.2012838
11846,15,1,"Pepe","Mankey",-1,0.09625582,0.1283406,0.09625582,11845,0.004719801,0.004719791,0.004719791,false,1635001174,1.333328,1,1,1,0,0,0,0,0,"Normalized",false,"Combo_Getup02=1","",34,"Base HumanLDigit42",0.1972623,0.534726,-0.1392583,0.1972624,0.73601,-0.1392584,0.0219313,0.0219053,0.2012841
11846,15,1,"Pepe","Mankey",-1,0.09625582,0.1283406,0.09625582,11845,0.004719801,0.004719791,0.004719791,false,1635001174,1.333328,1,1,1,0,0,0,0,0,"Normalized",false,"Combo_Getup02=1","",35,"Base HumanLDigit43",0.2508212,0.5443339,-0.1292593,0.2508213,0.7456177,-0.1292594,0.02269557,0.02269677,0.2012838
11846,15,1,"Pepe","Mankey",-1,0.09625582,0.1283406,0.09625582,11845,0.004719801,0.004719791,0.004719791,false,1635001174,1.333328,1,1,1,0,0,0,0,0,"Normalized",false,"Combo_Getup02=1","",36,"Base HumanRArmDigit11",0.1449854,0.1334548,-1.128652,0.1449855,0.3347387,-1.128652,0.01330027,0.01331915,0.2012839
11846,15,1,"Pepe","Mankey",-1,0.09625582,0.1283406,0.09625582,11845,0.004719801,0.004719791,0.004719791,false,1635001174,1.333328,1,1,1,0,0,0,0,0,"Normalized",false,"Combo_Getup02=1","",37,"Base HumanRArmDigit12",0.1796865,0.1562262,-1.145807,0.1796865,0.3575101,-1.145807,0.01416598,0.014189,0.2012839
11846,15,1,"Pepe","Mankey",-1,0.09625582,0.1283406,0.09625582,11845,0.004719801,0.004719791,0.004719791,false,1635001174,1.333328,1,1,1,0,0,0,0,0,"Normalized",false,"Combo_Getup02=1","",38,"Base HumanRArmDigit13",0.2140018,0.1670409,-1.160232,0.2140018,0.3683248,-1.160232,0.01465516,0.01468434,0.2012839
11846,15,1,"Pepe","Mankey",-1,0.09625582,0.1283406,0.09625582,11845,0.004719801,0.004719791,0.004719791,false,1635001174,1.333328,1,1,1,0,0,0,0,0,"Normalized",false,"Combo_Getup02=1","",39,"Base HumanRArmDigit21",0.1954706,0.1345115,-1.178329,0.1954708,0.3357953,-1.178329,0.01347369,0.01348796,0.2012839
11846,15,1,"Pepe","Mankey",-1,0.09625582,0.1283406,0.09625582,11845,0.004719801,0.004719791,0.004719791,false,1635001174,1.333328,1,1,1,0,0,0,0,0,"Normalized",false,"Combo_Getup02=1","",40,"Base HumanRArmDigit22",0.2446011,0.1569183,-1.205942,0.2446012,0.3582021,-1.205942,0.01432378,0.014343,0.2012838
11846,15,1,"Pepe","Mankey",-1,0.09625582,0.1283406,0.09625582,11845,0.004719801,0.004719791,0.004719791,false,1635001174,1.333328,1,1,1,0,0,0,0,0,"Normalized",false,"Combo_Getup02=1","",41,"Base HumanRArmDigit23",0.2915192,0.1782251,-1.219721,0.2915193,0.379509,-1.219721,0.01521714,0.01524578,0.2012839
11846,15,1,"Pepe","Mankey",-1,0.09625582,0.1283406,0.09625582,11845,0.004719801,0.004719791,0.004719791,false,1635001174,1.333328,1,1,1,0,0,0,0,0,"Normalized",false,"Combo_Getup02=1","",42,"Base HumanRArmDigit31",0.2244492,0.08907876,-1.166462,0.2244494,0.2903627,-1.166462,0.01213425,0.01217133,0.2012839
11846,15,1,"Pepe","Mankey",-1,0.09625582,0.1283406,0.09625582,11845,0.004719801,0.004719791,0.004719791,false,1635001174,1.333328,1,1,1,0,0,0,0,0,"Normalized",false,"Combo_Getup02=1","",43,"Base HumanRArmDigit32",0.2697183,0.09912024,-1.192826,0.2697183,0.3004042,-1.192826,0.01260653,0.01264757,0.2012839
11846,15,1,"Pepe","Mankey",-1,0.09625582,0.1283406,0.09625582,11845,0.004719801,0.004719791,0.004719791,false,1635001174,1.333328,1,1,1,0,0,0,0,0,"Normalized",false,"Combo_Getup02=1","",44,"Base HumanRArmDigit33",0.320338,0.1129981,-1.20823,0.3203381,0.3142819,-1.20823,0.01330918,0.01336072,0.2012838
11846,15,1,"Pepe","Mankey",-1,0.09625582,0.1283406,0.09625582,11845,0.004719801,0.004719791,0.004719791,false,1635001174,1.333328,1,1,1,0,0,0,0,0,"Normalized",false,"Combo_Getup02=1","",45,"Base HumanRArmDigit41",0.2313748,0.03614008,-1.138697,0.2313749,0.237424,-1.138697,0.01067695,0.01074203,0.2012839
11846,15,1,"Pepe","Mankey",-1,0.09625582,0.1283406,0.09625582,11845,0.004719801,0.004719791,0.004719791,false,1635001174,1.333328,1,1,1,0,0,0,0,0,"Normalized",false,"Combo_Getup02=1","",46,"Base HumanRArmDigit42",0.2771807,0.04159157,-1.165479,0.2771808,0.2428755,-1.165479,0.01100861,0.01107694,0.2012839
11846,15,1,"Pepe","Mankey",-1,0.09625582,0.1283406,0.09625582,11845,0.004719801,0.004719791,0.004719791,false,1635001174,1.333328,1,1,1,0,0,0,0,0,"Normalized",false,"Combo_Getup02=1","",47,"Base HumanRArmDigit43",0.3290511,0.04872648,-1.183354,0.3290511,0.2500103,-1.183353,0.01152947,0.01160724,0.2012839
11846,15,1,"Pepe","Mankey",-1,0.09625582,0.1283406,0.09625582,11845,0.004719801,0.004719791,0.004719791,false,1635001174,1.333328,1,1,1,0,0,0,0,0,"Normalized",false,"Combo_Getup02=1","",48,"Base HumanSpine4",-0.248929,0.2214236,-0.6347182,-0.248929,0.4227074,-0.6347182,0.01225818,0.01208289,0.2012838
11847,15,1,"Pepe","Mankey",-1,0.1000202,0.1333598,0.1000202,11846,0.005019203,0.005019203,0.005019203,false,1635001174,1.333328,1,1,1,0,0,0,0,0,"Normalized",false,"Combo_Getup02=1","",0,"Base HumanPelvis",0.07503618,0.05336465,-0.482622,0.07503618,0.2541022,-0.482622,0.001623071,0.001945238,0.2007376
11847,15,1,"Pepe","Mankey",-1,0.1000202,0.1333598,0.1000202,11846,0.005019203,0.005019203,0.005019203,false,1635001174,1.333328,1,1,1,0,0,0,0,0,"Normalized",false,"Combo_Getup02=1","",1,"Base HumanLLeg1",0.03059772,0.08160577,-0.3733879,0.03059774,0.2823433,-0.3733879,0.002920668,0.002849599,0.2007375
11847,15,1,"Pepe","Mankey",-1,0.1000202,0.1333598,0.1000202,11846,0.005019203,0.005019203,0.005019203,false,1635001174,1.333328,1,1,1,0,0,0,0,0,"Normalized",false,"Combo_Getup02=1","",2,"Base HumanRLeg1",0.1194746,0.02512351,-0.5918561,0.1194746,0.2258611,-0.5918561,0.002438024,0.002941631,0.2007376
11847,15,1,"Pepe","Mankey",-1,0.1000202,0.1333598,0.1000202,11846,0.005019203,0.005019203,0.005019203,false,1635001174,1.333328,1,1,1,0,0,0,0,0,"Normalized",false,"Combo_Getup02=1","",3,"Base HumanLLeg2",0.09870434,0.3456011,-0.1292881,0.09870428,0.5463387,-0.1292881,0.01720232,0.01713963,0.2007376
11847,15,1,"Pepe","Mankey",-1,0.1000202,0.1333598,0.1000202,11846,0.005019203,0.005019203,0.005019203,false,1635001174,1.333328,1,1,1,0,0,0,0,0,"Normalized",false,"Combo_Getup02=1","",4,"Base HumanRLeg2",0.4577496,0.1561904,-0.5438098,0.4577495,0.356928,-0.5438098,0.00781816,0.007408923,0.2007376
11847,15,1,"Pepe","Mankey",-1,0.1000202,0.1333598,0.1000202,11846,0.005019203,0.005019203,0.005019203,false,1635001174,1.333328,1,1,1,0,0,0,0,0,"Normalized",false,"Combo_Getup02=1","",5,"Base HumanLLegAnkle",0.3716214,0.1210122,-0.1597088,0.3716214,0.3217498,-0.1597088,0.01877437,0.01875885,0.2007376
11847,15,1,"Pepe","Mankey",-1,0.1000202,0.1333598,0.1000202,11846,0.005019203,0.005019203,0.005019203,false,1635001174,1.333328,1,1,1,0,0,0,0,0,"Normalized",false,"Combo_Getup02=1","",6,"Base HumanRLegAnkle",0.79982,0.1372805,-0.451725,0.7998198,0.3380181,-0.4517249,0.01668582,0.01672176,0.2007376
11847,15,1,"Pepe","Mankey",-1,0.1000202,0.1333598,0.1000202,11846,0.005019203,0.005019203,0.005019203,false,1635001174,1.333328,1,1,1,0,0,0,0,0,"Normalized",false,"Combo_Getup02=1","",7,"Base HumanSpine1",0.03330708,0.0580732,-0.5008156,0.03330709,0.2588107,-0.5008155,0.001206934,0.001394526,0.2007375
11847,15,1,"Pepe","Mankey",-1,0.1000202,0.1333598,0.1000202,11846,0.005019203,0.005019203,0.005019203,false,1635001174,1.333328,1,1,1,0,0,0,0,0,"Normalized",false,"Combo_Getup02=1","",8,"Base HumanSpine3",-0.1686452,0.1496908,-0.5910126,-0.1686452,0.3504283,-0.5910126,0.007780661,0.007372504,0.2007375
11847,15,1,"Pepe","Mankey",-1,0.1000202,0.1333598,0.1000202,11846,0.005019203,0.005019203,0.005019203,false,1635001174,1.333328,1,1,1,0,0,0,0,0,"Normalized",false,"Combo_Getup02=1","",9,"Base HumanNeck1",-0.3298942,0.3499388,-0.7110629,-0.3298943,0.5506763,-0.7110628,0.02355407,0.02321632,0.2007375
11847,15,1,"Pepe","Mankey",-1,0.1000202,0.1333598,0.1000202,11846,0.005019203,0.005019203,0.005019203,false,1635001174,1.333328,1,1,1,0,0,0,0,0,"Normalized",false,"Combo_Getup02=1","",10,"Base HumanHead",-0.4088406,0.4720271,-0.7426401,-0.4088406,0.6727647,-0.7426401,0.03201628,0.03168501,0.2007375
11847,15,1,"Pepe","Mankey",-1,0.1000202,0.1333598,0.1000202,11846,0.005019203,0.005019203,0.005019203,false,1635001174,1.333328,1,1,1,0,0,0,0,0,"Normalized",false,"Combo_Getup02=1","",11,"Base HumanLCollarbone",-0.2246487,0.3854896,-0.6898462,-0.2246486,0.5862271,-0.6898462,0.02150211,0.02130328,0.2007375
11847,15,1,"Pepe","Mankey",-1,0.1000202,0.1333598,0.1000202,11846,0.005019203,0.005019203,0.005019203,false,1635001174,1.333328,1,1,1,0,0,0,0,0,"Normalized",false,"Combo_Getup02=1","",12,"Base HumanRArmCollarbone",-0.2214624,0.3566274,-0.7425022,-0.2214624,0.5573649,-0.7425021,0.0202062,0.02001497,0.2007376
11847,15,1,"Pepe","Mankey",-1,0.1000202,0.1333598,0.1000202,11846,0.005019203,0.005019203,0.005019203,false,1635001174,1.333328,1,1,1,0,0,0,0,0,"Normalized",false,"Combo_Getup02=1","",13,"Base HumanLUpperarm",-0.3371667,0.4402979,-0.5184256,-0.3371668,0.6410354,-0.5184255,0.02725791,0.02691965,0.2007375
11847,15,1,"Pepe","Mankey",-1,0.1000202,0.1333598,0.1000202,11846,0.005019203,0.005019203,0.005019203,false,1635001174,1.333328,1,1,1,0,0,0,0,0,"Normalized",false,"Combo_Getup02=1","",14,"Base HumanRArmUpperarm",-0.3104767,0.2375521,-0.8939845,-0.3104767,0.4382896,-0.8939846,0.01833357,0.01798929,0.2007376
11847,15,1,"Pepe","Mankey",-1,0.1000202,0.1333598,0.1000202,11846,0.005019203,0.005019203,0.005019203,false,1635001174,1.333328,1,1,1,0,0,0,0,0,"Normalized",false,"Combo_Getup02=1","",15,"Base HumanLForearm",-0.1832561,0.4487856,-0.2824647,-0.1832561,0.6495232,-0.2824647,0.02212228,0.02176171,0.2007376
11847,15,1,"Pepe","Mankey",-1,0.1000202,0.1333598,0.1000202,11846,0.005019203,0.005019203,0.005019203,false,1635001174,1.333328,1,1,1,0,0,0,0,0,"Normalized",false,"Combo_Getup02=1","",16,"Base HumanRArmForearm",-0.1038778,0.05704498,-0.9585787,-0.1038778,0.2577825,-0.9585788,0.007959656,0.007788277,0.2007375
11847,15,1,"Pepe","Mankey",-1,0.1000202,0.1333598,0.1000202,11846,0.005019203,0.005019203,0.005019203,false,1635001174,1.333328,1,1,1,0,0,0,0,0,"Normalized",false,"Combo_Getup02=1","",17,"Base HumanLPalm",0.06328566,0.5152881,-0.2579178,0.06328556,0.7160257,-0.2579178,0.02096097,0.02085275,0.2007377
11847,15,1,"Pepe","Mankey",-1,0.1000202,0.1333598,0.1000202,11846,0.005019203,0.005019203,0.005019203,false,1635001174,1.333328,1,1,1,0,0,0,0,0,"Normalized",false,"Combo_Getup02=1","",18,"Base HumanRArmPalm",0.1176806,0.08132561,-1.085583,0.1176806,0.2820631,-1.085583,0.01234319,0.01241527,0.2007375
11847,15,1,"Pepe","Mankey",-1,0.1000202,0.1333598,0.1000202,11846,0.005019203,0.005019203,0.005019203,false,1635001174,1.333328,1,1,1,0,0,0,0,0,"Normalized",false,"Combo_Getup02=1","",19,"Base HumanLLegDigit11",0.489731,0.3117615,0.009220831,0.489731,0.512499,0.009220898,0.01531246,0.01544058,0.2007375
11847,15,1,"Pepe","Mankey",-1,0.1000202,0.1333598,0.1000202,11846,0.005019203,0.005019203,0.005019203,false,1635001174,1.333328,1,1,1,0,0,0,0,0,"Normalized",false,"Combo_Getup02=1","",20,"Base HumanRLegDigit11",0.8844646,0.3771731,-0.5707167,0.8844645,0.5779106,-0.5707166,0.01841649,0.01844348,0.2007375
11847,15,1,"Pepe","Mankey",-1,0.1000202,0.1333598,0.1000202,11846,0.005019203,0.005019203,0.005019203,false,1635001174,1.333328,1,1,1,0,0,0,0,0,"Normalized",false,"Combo_Getup02=1","",21,"Object001",-0.2728797,0.6291199,-0.5972871,-0.2728797,0.8298576,-0.5972871,0.03015497,0.0298676,0.2007377
11847,15,1,"Pepe","Mankey",-1,0.1000202,0.1333598,0.1000202,11846,0.005019203,0.005019203,0.005019203,false,1635001174,1.333328,1,1,1,0,0,0,0,0,"Normalized",false,"Combo_Getup02=1","",22,"Monkey_eyes",-0.2282361,0.6099399,-0.8554264,-0.2282361,0.8106775,-0.8554263,0.03396574,0.0337378,0.2007376
11847,15,1,"Pepe","Mankey",-1,0.1000202,0.1333598,0.1000202,11846,0.005019203,0.005019203,0.005019203,false,1635001174,1.333328,1,1,1,0,0,0,0,0,"Normalized",false,"Combo_Getup02=1","",23,"Base HumanHeadBone001",-0.2153822,0.4065312,-0.7043192,-0.2153821,0.6072688,-0.7043192,0.02578317,0.0254867,0.2007376
11847,15,1,"Pepe","Mankey",-1,0.1000202,0.1333598,0.1000202,11846,0.005019203,0.005019203,0.005019203,false,1635001174,1.333328,1,1,1,0,0,0,0,0,"Normalized",false,"Combo_Getup02=1","",24,"Base HumanLDigit11",0.1164995,0.562717,-0.2755649,0.1164994,0.7634546,-0.2755648,0.02367019,0.02365201,0.2007376
11847,15,1,"Pepe","Mankey",-1,0.1000202,0.1333598,0.1000202,11846,0.005019203,0.005019203,0.005019203,false,1635001174,1.333328,1,1,1,0,0,0,0,0,"Normalized",false,"Combo_Getup02=1","",25,"Base HumanLDigit12",0.1577487,0.5801783,-0.2788204,0.1577486,0.780916,-0.2788203,0.02488667,0.02491924,0.2007377
11847,15,1,"Pepe","Mankey",-1,0.1000202,0.1333598,0.1000202,11846,0.005019203,0.005019203,0.005019203,false,1635001174,1.333328,1,1,1,0,0,0,0,0,"Normalized",false,"Combo_Getup02=1","",26,"Base HumanLDigit13",0.1946326,0.5908934,-0.2735903,0.1946325,0.7916311,-0.2735902,0.02577281,0.02583984,0.2007377
11847,15,1,"Pepe","Mankey",-1,0.1000202,0.1333598,0.1000202,11846,0.005019203,0.005019203,0.005019203,false,1635001174,1.333328,1,1,1,0,0,0,0,0,"Normalized",false,"Combo_Getup02=1","",27,"Base HumanLDigit21",0.1670327,0.5989939,-0.2416818,0.1670327,0.7997316,-0.2416817,0.0259762,0.02598341,0.2007377
11847,15,1,"Pepe","Mankey",-1,0.1000202,0.1333598,0.1000202,11846,0.005019203,0.005019203,0.005019203,false,1635001174,1.333328,1,1,1,0,0,0,0,0,"Normalized",false,"Combo_Getup02=1","",28,"Base HumanLDigit22",0.221403,0.6252535,-0.235966,0.2214029,0.8259913,-0.235966,0.0278208,0.02787598,0.2007378
11847,15,1,"Pepe","Mankey",-1,0.1000202,0.1333598,0.1000202,11846,0.005019203,0.005019203,0.005019203,false,1635001174,1.333328,1,1,1,0,0,0,0,0,"Normalized",false,"Combo_Getup02=1","",29,"Base HumanLDigit23",0.2735295,0.6361302,-0.2390833,0.2735294,0.8368679,-0.2390833,0.02906405,0.02917074,0.2007378
11847,15,1,"Pepe","Mankey",-1,0.1000202,0.1333598,0.1000202,11846,0.005019203,0.005019203,0.005019203,false,1635001174,1.333328,1,1,1,0,0,0,0,0,"Normalized",false,"Combo_Getup02=1","",30,"Base HumanLDigit31",0.1802685,0.5647985,-0.2004488,0.1802685,0.765536,-0.2004488,0.02370519,0.02369164,0.2007375
11847,15,1,"Pepe","Mankey",-1,0.1000202,0.1333598,0.1000202,11846,0.005019203,0.005019203,0.005019203,false,1635001174,1.333328,1,1,1,0,0,0,0,0,"Normalized",false,"Combo_Getup02=1","",31,"Base HumanLDigit32",0.227964,0.584802,-0.1874038,0.2279639,0.7855397,-0.1874037,0.02507515,0.02510309,0.2007377
11847,15,1,"Pepe","Mankey",-1,0.1000202,0.1333598,0.1000202,11846,0.005019203,0.005019203,0.005019203,false,1635001174,1.333328,1,1,1,0,0,0,0,0,"Normalized",false,"Combo_Getup02=1","",32,"Base HumanLDigit33",0.2820039,0.5925215,-0.1838982,0.2820038,0.7932591,-0.1838981,0.02600954,0.02609386,0.2007376
11847,15,1,"Pepe","Mankey",-1,0.1000202,0.1333598,0.1000202,11846,0.005019203,0.005019203,0.005019203,false,1635001174,1.333328,1,1,1,0,0,0,0,0,"Normalized",false,"Combo_Getup02=1","",33,"Base HumanLDigit41",0.1695407,0.5170758,-0.1653944,0.1695406,0.7178135,-0.1653944,0.02071009,0.0206447,0.2007377
11847,15,1,"Pepe","Mankey",-1,0.1000202,0.1333598,0.1000202,11846,0.005019203,0.005019203,0.005019203,false,1635001174,1.333328,1,1,1,0,0,0,0,0,"Normalized",false,"Combo_Getup02=1","",34,"Base HumanLDigit42",0.2167564,0.5357702,-0.1490737,0.2167563,0.7365078,-0.1490736,0.02185066,0.02183115,0.2007376
11847,15,1,"Pepe","Mankey",-1,0.1000202,0.1333598,0.1000202,11846,0.005019203,0.005019203,0.005019203,false,1635001174,1.333328,1,1,1,0,0,0,0,0,"Normalized",false,"Combo_Getup02=1","",35,"Base HumanLDigit43",0.2708,0.5428832,-0.1396109,0.2708,0.7436208,-0.1396108,0.02254795,0.02258957,0.2007376
11847,15,1,"Pepe","Mankey",-1,0.1000202,0.1333598,0.1000202,11846,0.005019203,0.005019203,0.005019203,false,1635001174,1.333328,1,1,1,0,0,0,0,0,"Normalized",false,"Combo_Getup02=1","",36,"Base HumanRArmDigit11",0.1570869,0.1324315,-1.120625,0.1570869,0.333169,-1.120625,0.01455757,0.01460614,0.2007376
11847,15,1,"Pepe","Mankey",-1,0.1000202,0.1333598,0.1000202,11846,0.005019203,0.005019203,0.005019203,false,1635001174,1.333328,1,1,1,0,0,0,0,0,"Normalized",false,"Combo_Getup02=1","",37,"Base HumanRArmDigit12",0.1924419,0.1549336,-1.13677,0.1924419,0.355671,-1.13677,0.01568538,0.01573983,0.2007375
11847,15,1,"Pepe","Mankey",-1,0.1000202,0.1333598,0.1000202,11846,0.005019203,0.005019203,0.005019203,false,1635001174,1.333328,1,1,1,0,0,0,0,0,"Normalized",false,"Combo_Getup02=1","",38,"Base HumanRArmDigit13",0.2271057,0.1653881,-1.150616,0.2271058,0.3661257,-1.150616,0.01633737,0.01640156,0.2007376
11847,15,1,"Pepe","Mankey",-1,0.1000202,0.1333598,0.1000202,11846,0.005019203,0.005019203,0.005019203,false,1635001174,1.333328,1,1,1,0,0,0,0,0,"Normalized",false,"Combo_Getup02=1","",39,"Base HumanRArmDigit21",0.2078567,0.1340154,-1.169997,0.2078567,0.334753,-1.169997,0.01493601,0.0149639,0.2007376
11847,15,1,"Pepe","Mankey",-1,0.1000202,0.1333598,0.1000202,11846,0.005019203,0.005019203,0.005019203,false,1635001174,1.333328,1,1,1,0,0,0,0,0,"Normalized",false,"Combo_Getup02=1","",40,"Base HumanRArmDigit22",0.2576596,0.1561904,-1.196573,0.2576598,0.356928,-1.196573,0.01608814,0.0161221,0.2007376
11847,15,1,"Pepe","Mankey",-1,0.1000202,0.1333598,0.1000202,11846,0.005019203,0.005019203,0.005019203,false,1635001174,1.333328,1,1,1,0,0,0,0,0,"Normalized",false,"Combo_Getup02=1","",41,"Base HumanRArmDigit23",0.3051642,0.1768897,-1.209223,0.3051642,0.3776273,-1.209223,0.0172682,0.01731871,0.2007375
11847,15,1,"Pepe","Mankey",-1,0.1000202,0.1333598,0.1000202,11846,0.005019203,0.005019203,0.005019203,false,1635001174,1.333328,1,1,1,0,0,0,0,0,"Normalized",false,"Combo_Getup02=1","",42,"Base HumanRArmDigit31",0.2356662,0.08750203,-1.159612,0.2356662,0.2882396,-1.159612,0.01323753,0.01331349,0.2007376
11847,15,1,"Pepe","Mankey",-1,0.1000202,0.1333598,0.1000202,11846,0.005019203,0.005019203,0.005019203,false,1635001174,1.333328,1,1,1,0,0,0,0,0,"Normalized",false,"Combo_Getup02=1","",43,"Base HumanRArmDigit32",0.2813272,0.09740819,-1.185344,0.2813271,0.2981457,-1.185344,0.01391711,0.01399466,0.2007375
11847,15,1,"Pepe","Mankey",-1,0.1000202,0.1333598,0.1000202,11846,0.005019203,0.005019203,0.005019203,false,1635001174,1.333328,1,1,1,0,0,0,0,0,"Normalized",false,"Combo_Getup02=1","",44,"Base HumanRArmDigit33",0.3323793,0.1106627,-1.199843,0.3323793,0.3114003,-1.199843,0.01485908,0.01495447,0.2007375
11847,15,1,"Pepe","Mankey",-1,0.1000202,0.1333598,0.1000202,11846,0.005019203,0.005019203,0.005019203,false,1635001174,1.333328,1,1,1,0,0,0,0,0,"Normalized",false,"Combo_Getup02=1","",45,"Base HumanRArmDigit41",0.2411606,0.03346363,-1.133708,0.2411606,0.2342012,-1.133708,0.01130568,0.01144719,0.2007376
11847,15,1,"Pepe","Mankey",-1,0.1000202,0.1333598,0.1000202,11846,0.005019203,0.005019203,0.005019203,false,1635001174,1.333328,1,1,1,0,0,0,0,0,"Normalized",false,"Combo_Getup02=1","",46,"Base HumanRArmDigit42",0.2872575,0.03883335,-1.160003,0.2872575,0.2395708,-1.160003,0.01179581,0.01193537,0.2007375
11847,15,1,"Pepe","Mankey",-1,0.1000202,0.1333598,0.1000202,11846,0.005019203,0.005019203,0.005019203,false,1635001174,1.333328,1,1,1,0,0,0,0,0,"Normalized",false,"Combo_Getup02=1","",47,"Base HumanRArmDigit43",0.3394301,0.04546582,-1.177177,0.33943,0.2462033,-1.177177,0.01251007,0.0126634,0.2007375
11847,15,1,"Pepe","Mankey",-1,0.1000202,0.1333598,0.1000202,11846,0.005019203,0.005019203,0.005019203,false,1635001174,1.333328,1,1,1,0,0,0,0,0,"Normalized",false,"Combo_Getup02=1","",48,"Base HumanSpine4",-0.2412559,0.2306917,-0.6403365,-0.2412559,0.4314292,-0.6403364,0.01327923,0.01290388,0.2007375
11848,15,1,"Pepe","Mankey",-1,0.1036536,0.1382042,0.1036536,11847,0.004844412,0.004844416,0.004844416,false,1635001174,1.333328,1,1,1,0,0,0,0,0,"Normalized",false,"Combo_Getup02=1","",0,"Base HumanPelvis",0.07363372,0.05290991,-0.4826491,0.07363372,0.2526665,-0.4826491,0.001474592,0.002007201,0.1997566
11848,15,1,"Pepe","Mankey",-1,0.1036536,0.1382042,0.1036536,11847,0.004844412,0.004844416,0.004844416,false,1635001174,1.333328,1,1,1,0,0,0,0,0,"Normalized",false,"Combo_Getup02=1","",1,"Base HumanLLeg1",0.02801092,0.08250332,-0.3742646,0.02801093,0.2822599,-0.3742646,0.002875001,0.002732585,0.1997566
11848,15,1,"Pepe","Mankey",-1,0.1036536,0.1382042,0.1036536,11847,0.004844412,0.004844416,0.004844416,false,1635001174,1.333328,1,1,1,0,0,0,0,0,"Normalized",false,"Combo_Getup02=1","",2,"Base HumanRLeg1",0.1192565,0.02331648,-0.5910337,0.1192565,0.2230731,-0.5910337,0.001997332,0.002914937,0.1997566
11848,15,1,"Pepe","Mankey",-1,0.1036536,0.1382042,0.1036536,11847,0.004844412,0.004844416,0.004844416,false,1635001174,1.333328,1,1,1,0,0,0,0,0,"Normalized",false,"Combo_Getup02=1","",3,"Base HumanLLeg2",0.08272049,0.3476552,-0.1280569,0.0827205,0.5474117,-0.1280569,0.01616226,0.016067,0.1997565
11848,15,1,"Pepe","Mankey",-1,0.1036536,0.1382042,0.1036536,11847,0.004844412,0.004844416,0.004844416,false,1635001174,1.333328,1,1,1,0,0,0,0,0,"Normalized",false,"Combo_Getup02=1","",4,"Base HumanRLeg2",0.4545334,0.1609285,-0.5403461,0.4545334,0.3606851,-0.5403461,0.006692604,0.006037864,0.1997566
11848,15,1,"Pepe","Mankey",-1,0.1036536,0.1382042,0.1036536,11847,0.004844412,0.004844416,0.004844416,false,1635001174,1.333328,1,1,1,0,0,0,0,0,"Normalized",false,"Combo_Getup02=1","",5,"Base HumanLLegAnkle",0.3542006,0.1219151,-0.1625432,0.3542006,0.3216717,-0.1625432,0.01767296,0.01764999,0.1997566
11848,15,1,"Pepe","Mankey",-1,0.1036536,0.1382042,0.1036536,11847,0.004844412,0.004844416,0.004844416,false,1635001174,1.333328,1,1,1,0,0,0,0,0,"Normalized",false,"Combo_Getup02=1","",6,"Base HumanRLegAnkle",0.79295,0.1345893,-0.4372458,0.7929499,0.3343458,-0.4372458,0.01625076,0.01644164,0.1997566
11848,15,1,"Pepe","Mankey",-1,0.1036536,0.1382042,0.1036536,11847,0.004844412,0.004844416,0.004844416,false,1635001174,1.333328,1,1,1,0,0,0,0,0,"Normalized",false,"Combo_Getup02=1","",7,"Base HumanSpine1",0.03227442,0.05822117,-0.5015089,0.03227442,0.2579778,-0.5015089,0.001252592,0.001497007,0.1997566
11848,15,1,"Pepe","Mankey",-1,0.1036536,0.1382042,0.1036536,11847,0.004844412,0.004844416,0.004844416,false,1635001174,1.333328,1,1,1,0,0,0,0,0,"Normalized",false,"Combo_Getup02=1","",8,"Base HumanSpine3",-0.1654613,0.1557502,-0.5947971,-0.1654613,0.3555068,-0.594797,0.007821486,0.007088734,0.1997566
11848,15,1,"Pepe","Mankey",-1,0.1036536,0.1382042,0.1036536,11847,0.004844412,0.004844416,0.004844416,false,1635001174,1.333328,1,1,1,0,0,0,0,0,"Normalized",false,"Combo_Getup02=1","",9,"Base HumanNeck1",-0.3132168,0.3639025,-0.7184893,-0.3132169,0.5636591,-0.7184893,0.02298415,0.0224018,0.1997566
11848,15,1,"Pepe","Mankey",-1,0.1036536,0.1382042,0.1036536,11847,0.004844412,0.004844416,0.004844416,false,1635001174,1.333328,1,1,1,0,0,0,0,0,"Normalized",false,"Combo_Getup02=1","",10,"Base HumanHead",-0.3849689,0.4902701,-0.7503966,-0.3849689,0.6900267,-0.7503965,0.03102945,0.03046311,0.1997566
11848,15,1,"Pepe","Mankey",-1,0.1036536,0.1382042,0.1036536,11847,0.004844412,0.004844416,0.004844416,false,1635001174,1.333328,1,1,1,0,0,0,0,0,"Normalized",false,"Combo_Getup02=1","",11,"Base HumanLCollarbone",-0.2062247,0.3928176,-0.6959675,-0.2062248,0.5925742,-0.6959675,0.02075119,0.0204253,0.1997566
11848,15,1,"Pepe","Mankey",-1,0.1036536,0.1382042,0.1036536,11847,0.004844412,0.004844416,0.004844416,false,1635001174,1.333328,1,1,1,0,0,0,0,0,"Normalized",false,"Combo_Getup02=1","",12,"Base HumanRArmCollarbone",-0.2041357,0.3633629,-0.7483495,-0.2041357,0.5631195,-0.7483495,0.01948779,0.01917092,0.1997566
11848,15,1,"Pepe","Mankey",-1,0.1036536,0.1382042,0.1036536,11847,0.004844412,0.004844416,0.004844416,false,1635001174,1.333328,1,1,1,0,0,0,0,0,"Normalized",false,"Combo_Getup02=1","",13,"Base HumanLUpperarm",-0.3175884,0.4560821,-0.5267191,-0.3175884,0.6558388,-0.526719,0.02648083,0.02590816,0.1997567
11848,15,1,"Pepe","Mankey",-1,0.1036536,0.1382042,0.1036536,11847,0.004844412,0.004844416,0.004844416,false,1635001174,1.333328,1,1,1,0,0,0,0,0,"Normalized",false,"Combo_Getup02=1","",14,"Base HumanRArmUpperarm",-0.2981817,0.2491293,-0.9005185,-0.2981817,0.4488859,-0.9005186,0.01810777,0.01749686,0.1997566
11848,15,1,"Pepe","Mankey",-1,0.1036536,0.1382042,0.1036536,11847,0.004844412,0.004844416,0.004844416,false,1635001174,1.333328,1,1,1,0,0,0,0,0,"Normalized",false,"Combo_Getup02=1","",15,"Base HumanLForearm",-0.1681275,0.4620405,-0.2878384,-0.1681275,0.6617971,-0.2878383,0.02081931,0.02020894,0.1997566
11848,15,1,"Pepe","Mankey",-1,0.1036536,0.1382042,0.1036536,11847,0.004844412,0.004844416,0.004844416,false,1635001174,1.333328,1,1,1,0,0,0,0,0,"Normalized",false,"Combo_Getup02=1","",16,"Base HumanRArmForearm",-0.0981555,0.05826424,-0.9552761,-0.09815556,0.2580209,-0.9552761,0.006718479,0.006611209,0.1997566
11848,15,1,"Pepe","Mankey",-1,0.1036536,0.1382042,0.1036536,11847,0.004844412,0.004844416,0.004844416,false,1635001174,1.333328,1,1,1,0,0,0,0,0,"Normalized",false,"Combo_Getup02=1","",17,"Base HumanLPalm",0.08091366,0.5190066,-0.2645717,0.0809136,0.7187631,-0.2645715,0.01920541,0.0190398,0.1997566
11848,15,1,"Pepe","Mankey",-1,0.1036536,0.1382042,0.1036536,11847,0.004844412,0.004844416,0.004844416,false,1635001174,1.333328,1,1,1,0,0,0,0,0,"Normalized",false,"Combo_Getup02=1","",18,"Base HumanRArmPalm",0.1263959,0.08002435,-1.077387,0.1263959,0.279781,-1.077387,0.01203467,0.01217972,0.1997566
11848,15,1,"Pepe","Mankey",-1,0.1036536,0.1382042,0.1036536,11847,0.004844412,0.004844416,0.004844416,false,1635001174,1.333328,1,1,1,0,0,0,0,0,"Normalized",false,"Combo_Getup02=1","",19,"Base HumanLLegDigit11",0.4756351,0.3085736,0.008584516,0.4756351,0.5083302,0.008584559,0.01446588,0.01471321,0.1997566
11848,15,1,"Pepe","Mankey",-1,0.1036536,0.1382042,0.1036536,11847,0.004844412,0.004844416,0.004844416,false,1635001174,1.333328,1,1,1,0,0,0,0,0,"Normalized",false,"Combo_Getup02=1","",20,"Base HumanRLegDigit11",0.8815852,0.3745603,-0.553133,0.8815853,0.5743169,-0.5531331,0.01800841,0.01817652,0.1997566
11848,15,1,"Pepe","Mankey",-1,0.1036536,0.1382042,0.1036536,11847,0.004844412,0.004844416,0.004844416,false,1635001174,1.333328,1,1,1,0,0,0,0,0,"Normalized",false,"Combo_Getup02=1","",21,"Object001",-0.2480581,0.6437333,-0.602088,-0.2480581,0.8434899,-0.602088,0.02920127,0.02872284,0.1997566
11848,15,1,"Pepe","Mankey",-1,0.1036536,0.1382042,0.1036536,11847,0.004844412,0.004844416,0.004844416,false,1635001174,1.333328,1,1,1,0,0,0,0,0,"Normalized",false,"Combo_Getup02=1","",22,"Monkey_eyes",-0.1981402,0.623041,-0.8591422,-0.1981403,0.8227977,-0.8591422,0.03303342,0.0326568,0.1997567
11848,15,1,"Pepe","Mankey",-1,0.1036536,0.1382042,0.1036536,11847,0.004844412,0.004844416,0.004844416,false,1635001174,1.333328,1,1,1,0,0,0,0,0,"Normalized",false,"Combo_Getup02=1","",23,"Base HumanHeadBone001",-0.194299,0.4195276,-0.7076786,-0.194299,0.6192842,-0.7076785,0.02499384,0.02449804,0.1997566
11848,15,1,"Pepe","Mankey",-1,0.1036536,0.1382042,0.1036536,11847,0.004844412,0.004844416,0.004844416,false,1635001174,1.333328,1,1,1,0,0,0,0,0,"Normalized",false,"Combo_Getup02=1","",24,"Base HumanLDigit11",0.1362996,0.5632999,-0.2836277,0.1362996,0.7630565,-0.2836276,0.02138673,0.02138256,0.1997566
11848,15,1,"Pepe","Mankey",-1,0.1036536,0.1382042,0.1036536,11847,0.004844412,0.004844416,0.004844416,false,1635001174,1.333328,1,1,1,0,0,0,0,0,"Normalized",false,"Combo_Getup02=1","",25,"Base HumanLDigit12",0.1783392,0.5786594,-0.2873358,0.1783391,0.778416,-0.2873356,0.02233354,0.02242166,0.1997566
11848,15,1,"Pepe","Mankey",-1,0.1036536,0.1382042,0.1036536,11847,0.004844412,0.004844416,0.004844416,false,1635001174,1.333328,1,1,1,0,0,0,0,0,"Normalized",false,"Combo_Getup02=1","",26,"Base HumanLDigit13",0.2156827,0.5877935,-0.2823734,0.2156827,0.78755,-0.2823733,0.02301865,0.02317129,0.1997565
11848,15,1,"Pepe","Mankey",-1,0.1036536,0.1382042,0.1036536,11847,0.004844412,0.004844416,0.004844416,false,1635001174,1.333328,1,1,1,0,0,0,0,0,"Normalized",false,"Combo_Getup02=1","",27,"Base HumanLDigit21",0.1884043,0.598318,-0.2508174,0.1884042,0.7980746,-0.2508174,0.0232521,0.02330125,0.1997566
11848,15,1,"Pepe","Mankey",-1,0.1036536,0.1382042,0.1036536,11847,0.004844412,0.004844416,0.004844416,false,1635001174,1.333328,1,1,1,0,0,0,0,0,"Normalized",false,"Combo_Getup02=1","",28,"Base HumanLDigit22",0.2439085,0.6222441,-0.2457985,0.2439085,0.8220006,-0.2457984,0.02474337,0.02488181,0.1997566
11848,15,1,"Pepe","Mankey",-1,0.1036536,0.1382042,0.1036536,11847,0.004844412,0.004844416,0.004844416,false,1635001174,1.333328,1,1,1,0,0,0,0,0,"Normalized",false,"Combo_Getup02=1","",29,"Base HumanLDigit23",0.2964959,0.6304929,-0.2492226,0.2964959,0.8302494,-0.2492226,0.0257301,0.0259629,0.1997565
11848,15,1,"Pepe","Mankey",-1,0.1036536,0.1382042,0.1036536,11847,0.004844412,0.004844416,0.004844416,false,1635001174,1.333328,1,1,1,0,0,0,0,0,"Normalized",false,"Combo_Getup02=1","",30,"Base HumanLDigit31",0.1999708,0.5649536,-0.208418,0.1999707,0.7647102,-0.208418,0.02125349,0.02126896,0.1997567
11848,15,1,"Pepe","Mankey",-1,0.1036536,0.1382042,0.1036536,11847,0.004844412,0.004844416,0.004844416,false,1635001174,1.333328,1,1,1,0,0,0,0,0,"Normalized",false,"Combo_Getup02=1","",31,"Base HumanLDigit32",0.2485368,0.5831545,-0.1959588,0.2485369,0.7829111,-0.1959586,0.02234149,0.02243526,0.1997566
11848,15,1,"Pepe","Mankey",-1,0.1036536,0.1382042,0.1036536,11847,0.004844412,0.004844416,0.004844416,false,1635001174,1.333328,1,1,1,0,0,0,0,0,"Normalized",false,"Combo_Getup02=1","",32,"Base HumanLDigit33",0.3028944,0.5883417,-0.1927115,0.3028944,0.7880982,-0.1927114,0.02305551,0.02325357,0.1997566
11848,15,1,"Pepe","Mankey",-1,0.1036536,0.1382042,0.1036536,11847,0.004844412,0.004844416,0.004844416,false,1635001174,1.333328,1,1,1,0,0,0,0,0,"Normalized",false,"Combo_Getup02=1","",33,"Base HumanLDigit41",0.1869823,0.5189856,-0.1718174,0.1869823,0.7187423,-0.1718174,0.01868456,0.01860994,0.1997566
11848,15,1,"Pepe","Mankey",-1,0.1036536,0.1382042,0.1036536,11847,0.004844412,0.004844416,0.004844416,false,1635001174,1.333328,1,1,1,0,0,0,0,0,"Normalized",false,"Combo_Getup02=1","",34,"Base HumanLDigit42",0.2350181,0.5360203,-0.1560835,0.2350181,0.7357769,-0.1560835,0.01956243,0.01957462,0.1997566
11848,15,1,"Pepe","Mankey",-1,0.1036536,0.1382042,0.1036536,11847,0.004844412,0.004844416,0.004844416,false,1635001174,1.333328,1,1,1,0,0,0,0,0,"Normalized",false,"Combo_Getup02=1","",35,"Base HumanLDigit43",0.289368,0.5408036,-0.1469154,0.2893681,0.7405601,-0.1469153,0.02006124,0.02018659,0.1997565
11848,15,1,"Pepe","Mankey",-1,0.1036536,0.1382042,0.1036536,11847,0.004844412,0.004844416,0.004844416,false,1635001174,1.333328,1,1,1,0,0,0,0,0,"Normalized",false,"Combo_Getup02=1","",36,"Base HumanRArmDigit11",0.1672224,0.1316372,-1.109974,0.1672223,0.3313939,-1.109974,0.01472465,0.01480987,0.1997567
11848,15,1,"Pepe","Mankey",-1,0.1036536,0.1382042,0.1036536,11847,0.004844412,0.004844416,0.004844416,false,1635001174,1.333328,1,1,1,0,0,0,0,0,"Normalized",false,"Combo_Getup02=1","",37,"Base HumanRArmDigit12",0.2032278,0.1539859,-1.124844,0.2032279,0.3537425,-1.124844,0.01610809,0.01619538,0.1997566
11848,15,1,"Pepe","Mankey",-1,0.1036536,0.1382042,0.1036536,11847,0.004844412,0.004844416,0.004844416,false,1635001174,1.333328,1,1,1,0,0,0,0,0,"Normalized",false,"Combo_Getup02=1","",38,"Base HumanRArmDigit13",0.23826,0.1642054,-1.137916,0.23826,0.3639621,-1.137916,0.01694383,0.0170404,0.1997567
11848,15,1,"Pepe","Mankey",-1,0.1036536,0.1382042,0.1036536,11847,0.004844412,0.004844416,0.004844416,false,1635001174,1.333328,1,1,1,0,0,0,0,0,"Normalized",false,"Combo_Getup02=1","",39,"Base HumanRArmDigit21",0.2184935,0.1341126,-1.158788,0.2184934,0.3338693,-1.158788,0.01545315,0.01547806,0.1997567
11848,15,1,"Pepe","Mankey",-1,0.1036536,0.1382042,0.1036536,11847,0.004844412,0.004844416,0.004844416,false,1635001174,1.333328,1,1,1,0,0,0,0,0,"Normalized",false,"Combo_Getup02=1","",40,"Base HumanRArmDigit22",0.2690147,0.1562671,-1.183989,0.2690147,0.3560238,-1.183989,0.01694974,0.01697348,0.1997566
11848,15,1,"Pepe","Mankey",-1,0.1036536,0.1382042,0.1036536,11847,0.004844412,0.004844416,0.004844416,false,1635001174,1.333328,1,1,1,0,0,0,0,0,"Normalized",false,"Combo_Getup02=1","",41,"Base HumanRArmDigit23",0.3170868,0.1764951,-1.195173,0.3170867,0.3762517,-1.195173,0.01843101,0.01847792,0.1997567
11848,15,1,"Pepe","Mankey",-1,0.1036536,0.1382042,0.1036536,11847,0.004844412,0.004844416,0.004844416,false,1635001174,1.333328,1,1,1,0,0,0,0,0,"Normalized",false,"Combo_Getup02=1","",42,"Base HumanRArmDigit31",0.2452026,0.08662535,-1.150053,0.2452026,0.286382,-1.150053,0.01353085,0.01362969,0.1997566
11848,15,1,"Pepe","Mankey",-1,0.1036536,0.1382042,0.1036536,11847,0.004844412,0.004844416,0.004844416,false,1635001174,1.333328,1,1,1,0,0,0,0,0,"Normalized",false,"Combo_Getup02=1","",43,"Base HumanRArmDigit32",0.291339,0.09661854,-1.174888,0.291339,0.2963752,-1.174888,0.01449812,0.01458448,0.1997567
11848,15,1,"Pepe","Mankey",-1,0.1036536,0.1382042,0.1036536,11847,0.004844412,0.004844416,0.004844416,false,1635001174,1.333328,1,1,1,0,0,0,0,0,"Normalized",false,"Combo_Getup02=1","",44,"Base HumanRArmDigit33",0.3428371,0.109419,-1.188166,0.342837,0.3091756,-1.188166,0.0157245,0.01583226,0.1997566
11848,15,1,"Pepe","Mankey",-1,0.1036536,0.1382042,0.1036536,11847,0.004844412,0.004844416,0.004844416,false,1635001174,1.333328,1,1,1,0,0,0,0,0,"Normalized",false,"Combo_Getup02=1","",45,"Base HumanRArmDigit41",0.249291,0.03147814,-1.126316,0.249291,0.2312347,-1.126317,0.01116614,0.01138151,0.1997566
11848,15,1,"Pepe","Mankey",-1,0.1036536,0.1382042,0.1036536,11847,0.004844412,0.004844416,0.004844416,false,1635001174,1.333328,1,1,1,0,0,0,0,0,"Normalized",false,"Combo_Getup02=1","",46,"Base HumanRArmDigit42",0.2957815,0.03700671,-1.151875,0.2957816,0.2367634,-1.151875,0.01191872,0.01210769,0.1997567
11848,15,1,"Pepe","Mankey",-1,0.1036536,0.1382042,0.1036536,11847,0.004844412,0.004844416,0.004844416,false,1635001174,1.333328,1,1,1,0,0,0,0,0,"Normalized",false,"Combo_Getup02=1","",47,"Base HumanRArmDigit43",0.3483083,0.04334091,-1.168053,0.3483084,0.2430976,-1.168053,0.01290683,0.01310404,0.1997567
11848,15,1,"Pepe","Mankey",-1,0.1036536,0.1382042,0.1036536,11847,0.004844412,0.004844416,0.004844416,false,1635001174,1.333328,1,1,1,0,0,0,0,0,"Normalized",false,"Combo_Getup02=1","",48,"Base HumanSpine4",-0.2334474,0.2398291,-0.6455408,-0.2334474,0.4395857,-0.6455408,0.01309776,0.01243336,0.1997566
11849,15,1,"Pepe","Mankey",-1,0.1071069,0.1428087,0.1071069,11848,0.004604444,0.004604443,0.004604443,false,1635001174,1.333328,1,1,1,0,0,0,0,0,"Normalized",false,"Combo_Getup02=1","",0,"Base HumanPelvis",0.07228868,0.05270931,-0.4828071,0.07228868,0.2511471,-0.4828071,0.001369068,0.002035367,0.1984378
11849,15,1,"Pepe","Mankey",-1,0.1071069,0.1428087,0.1071069,11848,0.004604444,0.004604443,0.004604443,false,1635001174,1.333328,1,1,1,0,0,0,0,0,"Normalized",false,"Combo_Getup02=1","",1,"Base HumanLLeg1",0.02562606,0.08356531,-0.3752202,0.02562606,0.2820031,-0.3752202,0.002780055,0.002582024,0.1984378
11849,15,1,"Pepe","Mankey",-1,0.1071069,0.1428087,0.1071069,11848,0.004604444,0.004604443,0.004604443,false,1635001174,1.333328,1,1,1,0,0,0,0,0,"Normalized",false,"Combo_Getup02=1","",2,"Base HumanRLeg1",0.1189513,0.02185329,-0.590394,0.1189513,0.2202911,-0.590394,0.001625815,0.002870869,0.1984378
11849,15,1,"Pepe","Mankey",-1,0.1071069,0.1428087,0.1071069,11848,0.004604444,0.004604443,0.004604443,false,1635001174,1.333328,1,1,1,0,0,0,0,0,"Normalized",false,"Combo_Getup02=1","",3,"Base HumanLLeg2",0.06786709,0.3494766,-0.1273821,0.06786709,0.5479144,-0.1273821,0.01497986,0.01487723,0.1984378
11849,15,1,"Pepe","Mankey",-1,0.1071069,0.1428087,0.1071069,11848,0.004604444,0.004604443,0.004604443,false,1635001174,1.333328,1,1,1,0,0,0,0,0,"Normalized",false,"Combo_Getup02=1","",4,"Base HumanRLeg2",0.4515231,0.1649841,-0.5372293,0.4515231,0.3634219,-0.5372293,0.005934963,0.005125078,0.1984378
11849,15,1,"Pepe","Mankey",-1,0.1071069,0.1428087,0.1071069,11848,0.004604444,0.004604443,0.004604443,false,1635001174,1.333328,1,1,1,0,0,0,0,0,"Normalized",false,"Combo_Getup02=1","",5,"Base HumanLLegAnkle",0.338118,0.1228442,-0.1654821,0.3381179,0.321282,-0.1654821,0.01637532,0.01635367,0.1984378
11849,15,1,"Pepe","Mankey",-1,0.1071069,0.1428087,0.1071069,11848,0.004604444,0.004604443,0.004604443,false,1635001174,1.333328,1,1,1,0,0,0,0,0,"Normalized",false,"Combo_Getup02=1","",6,"Base HumanRLegAnkle",0.7858756,0.1307086,-0.4237264,0.7858757,0.3291464,-0.4237264,0.01574421,0.01611996,0.1984378
11849,15,1,"Pepe","Mankey",-1,0.1071069,0.1428087,0.1071069,11848,0.004604444,0.004604443,0.004604443,false,1635001174,1.333328,1,1,1,0,0,0,0,0,"Normalized",false,"Combo_Getup02=1","",7,"Base HumanSpine1",0.03129512,0.0586118,-0.5022797,0.03129512,0.2570496,-0.5022797,0.001306048,0.001553931,0.1984378
11849,15,1,"Pepe","Mankey",-1,0.1071069,0.1428087,0.1071069,11848,0.004604444,0.004604443,0.004604443,false,1635001174,1.333328,1,1,1,0,0,0,0,0,"Normalized",false,"Combo_Getup02=1","",8,"Base HumanSpine3",-0.1622129,0.1617785,-0.5983282,-0.1622129,0.3602163,-0.5983282,0.007704684,0.006723115,0.1984377
11849,15,1,"Pepe","Mankey",-1,0.1071069,0.1428087,0.1071069,11848,0.004604444,0.004604443,0.004604443,false,1635001174,1.333328,1,1,1,0,0,0,0,0,"Normalized",false,"Combo_Getup02=1","",9,"Base HumanNeck1",-0.2966177,0.3768872,-0.7250689,-0.2966177,0.575325,-0.7250688,0.02207768,0.02132878,0.1984378
11849,15,1,"Pepe","Mankey",-1,0.1071069,0.1428087,0.1071069,11848,0.004604444,0.004604443,0.004604443,false,1635001174,1.333328,1,1,1,0,0,0,0,0,"Normalized",false,"Combo_Getup02=1","",10,"Base HumanHead",-0.3612095,0.5070553,-0.7569966,-0.3612095,0.705493,-0.7569966,0.02982974,0.02910805,0.1984378
11849,15,1,"Pepe","Mankey",-1,0.1071069,0.1428087,0.1071069,11848,0.004604444,0.004604443,0.004604443,false,1635001174,1.333328,1,1,1,0,0,0,0,0,"Normalized",false,"Combo_Getup02=1","",11,"Base HumanLCollarbone",-0.1883597,0.3993224,-0.7012469,-0.1883597,0.5977601,-0.7012469,0.01973181,0.01933721,0.1984378
11849,15,1,"Pepe","Mankey",-1,0.1071069,0.1428087,0.1071069,11848,0.004604444,0.004604443,0.004604443,false,1635001174,1.333328,1,1,1,0,0,0,0,0,"Normalized",false,"Combo_Getup02=1","",12,"Base HumanRArmCollarbone",-0.187386,0.369433,-0.7534149,-0.187386,0.5678707,-0.7534149,0.01852174,0.01813233,0.1984378
11849,15,1,"Pepe","Mankey",-1,0.1071069,0.1428087,0.1071069,11848,0.004604444,0.004604443,0.004604443,false,1635001174,1.333328,1,1,1,0,0,0,0,0,"Normalized",false,"Combo_Getup02=1","",13,"Base HumanLUpperarm",-0.2979963,0.4704044,-0.5339853,-0.2979963,0.6688421,-0.5339853,0.02533321,0.02461171,0.1984377
11849,15,1,"Pepe","Mankey",-1,0.1071069,0.1428087,0.1071069,11848,0.004604444,0.004604443,0.004604443,false,1635001174,1.333328,1,1,1,0,0,0,0,0,"Normalized",false,"Combo_Getup02=1","",14,"Base HumanRArmUpperarm",-0.2859825,0.2603259,-0.9064632,-0.2859825,0.4587637,-0.9064631,0.01759332,0.01678478,0.1984377
11849,15,1,"Pepe","Mankey",-1,0.1071069,0.1428087,0.1071069,11848,0.004604444,0.004604443,0.004604443,false,1635001174,1.333328,1,1,1,0,0,0,0,0,"Normalized",false,"Combo_Getup02=1","",15,"Base HumanLForearm",-0.153263,0.4737447,-0.2921606,-0.153263,0.6721825,-0.2921606,0.0194068,0.01864116,0.1984378
11849,15,1,"Pepe","Mankey",-1,0.1071069,0.1428087,0.1071069,11848,0.004604444,0.004604443,0.004604443,false,1635001174,1.333328,1,1,1,0,0,0,0,0,"Normalized",false,"Combo_Getup02=1","",16,"Base HumanRArmForearm",-0.0939161,0.0588796,-0.9508277,-0.09391606,0.2573173,-0.9508277,0.00617572,0.006185201,0.1984377
11849,15,1,"Pepe","Mankey",-1,0.1071069,0.1428087,0.1071069,11848,0.004604444,0.004604443,0.004604443,false,1635001174,1.333328,1,1,1,0,0,0,0,0,"Normalized",false,"Combo_Getup02=1","",17,"Base HumanLPalm",0.0976156,0.5221498,-0.2692503,0.09761555,0.7205877,-0.2692503,0.01762737,0.0174406,0.1984379
11849,15,1,"Pepe","Mankey",-1,0.1071069,0.1428087,0.1071069,11848,0.004604444,0.004604443,0.004604443,false,1635001174,1.333328,1,1,1,0,0,0,0,0,"Normalized",false,"Combo_Getup02=1","",18,"Base HumanRArmPalm",0.1333126,0.07888424,-1.068194,0.1333127,0.277322,-1.068194,0.01156087,0.01176451,0.1984378
11849,15,1,"Pepe","Mankey",-1,0.1071069,0.1428087,0.1071069,11848,0.004604444,0.004604443,0.004604443,false,1635001174,1.333328,1,1,1,0,0,0,0,0,"Normalized",false,"Combo_Getup02=1","",19,"Base HumanLLegDigit11",0.4625306,0.3055031,0.00780853,0.4625306,0.5039408,0.007808506,0.01348181,0.01384189,0.1984378
11849,15,1,"Pepe","Mankey",-1,0.1071069,0.1428087,0.1071069,11848,0.004604444,0.004604443,0.004604443,false,1635001174,1.333328,1,1,1,0,0,0,0,0,"Normalized",false,"Combo_Getup02=1","",20,"Base HumanRLegDigit11",0.8786162,0.3706809,-0.5363525,0.8786163,0.5691187,-0.5363525,0.01747718,0.0178164,0.1984378
11849,15,1,"Pepe","Mankey",-1,0.1071069,0.1428087,0.1071069,11848,0.004604444,0.004604443,0.004604443,false,1635001174,1.333328,1,1,1,0,0,0,0,0,"Normalized",false,"Combo_Getup02=1","",21,"Object001",-0.2237152,0.6570235,-0.605683,-0.2237151,0.8554613,-0.605683,0.02796664,0.02736457,0.1984378
11849,15,1,"Pepe","Mankey",-1,0.1071069,0.1428087,0.1071069,11848,0.004604444,0.004604443,0.004604443,false,1635001174,1.333328,1,1,1,0,0,0,0,0,"Normalized",false,"Combo_Getup02=1","",22,"Monkey_eyes",-0.1685504,0.6347795,-0.8615323,-0.1685504,0.8332173,-0.8615323,0.03192275,0.03146171,0.1984378
11849,15,1,"Pepe","Mankey",-1,0.1071069,0.1428087,0.1071069,11848,0.004604444,0.004604443,0.004604443,false,1635001174,1.333328,1,1,1,0,0,0,0,0,"Normalized",false,"Combo_Getup02=1","",23,"Base HumanHeadBone001",-0.1734756,0.4313833,-0.7099426,-0.1734757,0.6298211,-0.7099426,0.02406858,0.02344702,0.1984378
11849,15,1,"Pepe","Mankey",-1,0.1071069,0.1428087,0.1071069,11848,0.004604444,0.004604443,0.004604443,false,1635001174,1.333328,1,1,1,0,0,0,0,0,"Normalized",false,"Combo_Getup02=1","",24,"Base HumanLDigit11",0.1548349,0.5636015,-0.289259,0.1548348,0.7620393,-0.2892589,0.01937414,0.01939848,0.1984378
11849,15,1,"Pepe","Mankey",-1,0.1071069,0.1428087,0.1071069,11848,0.004604444,0.004604443,0.004604443,false,1635001174,1.333328,1,1,1,0,0,0,0,0,"Normalized",false,"Combo_Getup02=1","",25,"Base HumanLDigit12",0.1974977,0.5770671,-0.2932025,0.1974976,0.7755049,-0.2932025,0.02009979,0.02024702,0.1984379
11849,15,1,"Pepe","Mankey",-1,0.1071069,0.1428087,0.1071069,11848,0.004604444,0.004604443,0.004604443,false,1635001174,1.333328,1,1,1,0,0,0,0,0,"Normalized",false,"Combo_Getup02=1","",26,"Base HumanLDigit13",0.2351786,0.5847627,-0.2883525,0.2351786,0.7832006,-0.2883525,0.02061613,0.02085092,0.1984379
11849,15,1,"Pepe","Mankey",-1,0.1071069,0.1428087,0.1071069,11848,0.004604444,0.004604443,0.004604443,false,1635001174,1.333328,1,1,1,0,0,0,0,0,"Normalized",false,"Combo_Getup02=1","",27,"Base HumanLDigit21",0.208233,0.5973291,-0.2571845,0.208233,0.7957669,-0.2571845,0.0208494,0.02095349,0.1984378
11849,15,1,"Pepe","Mankey",-1,0.1071069,0.1428087,0.1071069,11848,0.004604444,0.004604443,0.004604443,false,1635001174,1.333328,1,1,1,0,0,0,0,0,"Normalized",false,"Combo_Getup02=1","",28,"Base HumanLDigit22",0.2646448,0.6191183,-0.2525683,0.2646447,0.8175561,-0.2525683,0.02203618,0.02226155,0.1984378
11849,15,1,"Pepe","Mankey",-1,0.1071069,0.1428087,0.1071069,11848,0.004604444,0.004604443,0.004604443,false,1635001174,1.333328,1,1,1,0,0,0,0,0,"Normalized",false,"Combo_Getup02=1","",29,"Base HumanLDigit23",0.3175404,0.6250198,-0.2560929,0.3175403,0.8234577,-0.2560929,0.02280414,0.02315591,0.1984379
11849,15,1,"Pepe","Mankey",-1,0.1071069,0.1428087,0.1071069,11848,0.004604444,0.004604443,0.004604443,false,1635001174,1.333328,1,1,1,0,0,0,0,0,"Normalized",false,"Combo_Getup02=1","",30,"Base HumanLDigit31",0.2182861,0.5646794,-0.2138531,0.2182861,0.7631173,-0.2138532,0.01910668,0.01917111,0.1984379
11849,15,1,"Pepe","Mankey",-1,0.1071069,0.1428087,0.1071069,11848,0.004604444,0.004604443,0.004604443,false,1635001174,1.333328,1,1,1,0,0,0,0,0,"Normalized",false,"Combo_Getup02=1","",31,"Base HumanLDigit32",0.2675352,0.5812012,-0.2017407,0.2675352,0.7796391,-0.2017408,0.01995465,0.02012657,0.1984379
11849,15,1,"Pepe","Mankey",-1,0.1071069,0.1428087,0.1071069,11848,0.004604444,0.004604443,0.004604443,false,1635001174,1.333328,1,1,1,0,0,0,0,0,"Normalized",false,"Combo_Getup02=1","",32,"Base HumanLDigit33",0.3220662,0.58411,-0.1985606,0.3220663,0.7825477,-0.1985606,0.02048605,0.02079856,0.1984378
11849,15,1,"Pepe","Mankey",-1,0.1071069,0.1428087,0.1071069,11848,0.004604444,0.004604443,0.004604443,false,1635001174,1.333328,1,1,1,0,0,0,0,0,"Normalized",false,"Combo_Getup02=1","",33,"Base HumanLDigit41",0.2033048,0.5202914,-0.1760824,0.2033048,0.7187292,-0.1760824,0.01692098,0.01687057,0.1984378
11849,15,1,"Pepe","Mankey",-1,0.1071069,0.1428087,0.1071069,11848,0.004604444,0.004604443,0.004604443,false,1635001174,1.333328,1,1,1,0,0,0,0,0,"Normalized",false,"Combo_Getup02=1","",34,"Base HumanLDigit42",0.2519804,0.5357646,-0.1607059,0.2519804,0.7342024,-0.1607058,0.01758274,0.01765116,0.1984378
11849,15,1,"Pepe","Mankey",-1,0.1071069,0.1428087,0.1071069,11848,0.004604444,0.004604443,0.004604443,false,1635001174,1.333328,1,1,1,0,0,0,0,0,"Normalized",false,"Combo_Getup02=1","",35,"Base HumanLDigit43",0.3064933,0.5384295,-0.1516456,0.3064933,0.7368674,-0.1516457,0.01792452,0.01814624,0.1984379
11849,15,1,"Pepe","Mankey",-1,0.1071069,0.1428087,0.1071069,11848,0.004604444,0.004604443,0.004604443,false,1635001174,1.333328,1,1,1,0,0,0,0,0,"Normalized",false,"Combo_Getup02=1","",36,"Base HumanRArmDigit11",0.1754778,0.1309992,-1.098172,0.1754777,0.329437,-1.098172,0.01441617,0.01453445,0.1984378
11849,15,1,"Pepe","Mankey",-1,0.1071069,0.1428087,0.1071069,11848,0.004604444,0.004604443,0.004604443,false,1635001174,1.333328,1,1,1,0,0,0,0,0,"Normalized",false,"Combo_Getup02=1","",37,"Base HumanRArmDigit12",0.2120904,0.153216,-1.111697,0.2120905,0.3516538,-1.111697,0.01587395,0.01599231,0.1984379
11849,15,1,"Pepe","Mankey",-1,0.1071069,0.1428087,0.1071069,11848,0.004604444,0.004604443,0.004604443,false,1635001174,1.333328,1,1,1,0,0,0,0,0,"Normalized",false,"Combo_Getup02=1","",38,"Base HumanRArmDigit13",0.2474721,0.1632433,-1.123951,0.247472,0.361681,-1.123951,0.01675739,0.01688449,0.1984378
11849,15,1,"Pepe","Mankey",-1,0.1071069,0.1428087,0.1071069,11848,0.004604444,0.004604443,0.004604443,false,1635001174,1.333328,1,1,1,0,0,0,0,0,"Normalized",false,"Combo_Getup02=1","",39,"Base HumanRArmDigit21",0.2273057,0.1345032,-1.146331,0.2273057,0.3329409,-1.146331,0.01526348,0.01528678,0.1984377
11849,15,1,"Pepe","Mankey",-1,0.1071069,0.1428087,0.1071069,11848,0.004604444,0.004604443,0.004604443,false,1635001174,1.333328,1,1,1,0,0,0,0,0,"Normalized",false,"Combo_Getup02=1","",40,"Base HumanRArmDigit22",0.2785169,0.1567003,-1.17006,0.2785169,0.3551381,-1.17006,0.01686739,0.01688529,0.1984378
11849,15,1,"Pepe","Mankey",-1,0.1071069,0.1428087,0.1071069,11848,0.004604444,0.004604443,0.004604443,false,1635001174,1.333328,1,1,1,0,0,0,0,0,"Normalized",false,"Combo_Getup02=1","",41,"Base HumanRArmDigit23",0.3271063,0.17649,-1.179683,0.3271064,0.3749276,-1.179683,0.01844813,0.01849585,0.1984377
11849,15,1,"Pepe","Mankey",-1,0.1071069,0.1428087,0.1071069,11848,0.004604444,0.004604443,0.004604443,false,1635001174,1.333328,1,1,1,0,0,0,0,0,"Normalized",false,"Combo_Getup02=1","",42,"Base HumanRArmDigit31",0.2529944,0.08617137,-1.139343,0.2529944,0.2846092,-1.139343,0.01325264,0.0133629,0.1984378
11849,15,1,"Pepe","Mankey",-1,0.1071069,0.1428087,0.1071069,11848,0.004604444,0.004604443,0.004604443,false,1635001174,1.333328,1,1,1,0,0,0,0,0,"Normalized",false,"Combo_Getup02=1","",43,"Base HumanRArmDigit32",0.2996093,0.09633107,-1.163197,0.2996094,0.2947688,-1.163197,0.01432327,0.01441029,0.1984377
11849,15,1,"Pepe","Mankey",-1,0.1071069,0.1428087,0.1071069,11848,0.004604444,0.004604443,0.004604443,false,1635001174,1.333328,1,1,1,0,0,0,0,0,"Normalized",false,"Combo_Getup02=1","",44,"Base HumanRArmDigit33",0.3515241,0.1087335,-1.175166,0.3515241,0.3071712,-1.175166,0.01565078,0.01576375,0.1984377
11849,15,1,"Pepe","Mankey",-1,0.1071069,0.1428087,0.1071069,11848,0.004604444,0.004604443,0.004604443,false,1635001174,1.333328,1,1,1,0,0,0,0,0,"Normalized",false,"Combo_Getup02=1","",45,"Base HumanRArmDigit41",0.2557591,0.03000691,-1.117912,0.2557592,0.2284447,-1.117912,0.01070667,0.01096619,0.1984378
11849,15,1,"Pepe","Mankey",-1,0.1071069,0.1428087,0.1071069,11848,0.004604444,0.004604443,0.004604443,false,1635001174,1.333328,1,1,1,0,0,0,0,0,"Normalized",false,"Combo_Getup02=1","",46,"Base HumanRArmDigit42",0.30266,0.03578708,-1.142652,0.3026601,0.2342249,-1.142653,0.01156991,0.01178229,0.1984378
11849,15,1,"Pepe","Mankey",-1,0.1071069,0.1428087,0.1071069,11848,0.004604444,0.004604443,0.004604443,false,1635001174,1.333328,1,1,1,0,0,0,0,0,"Normalized",false,"Combo_Getup02=1","",47,"Base HumanRArmDigit43",0.3555356,0.04189983,-1.157743,0.3555357,0.2403377,-1.157743,0.01267331,0.0128901,0.1984378
11849,15,1,"Pepe","Mankey",-1,0.1071069,0.1428087,0.1071069,11848,0.004604444,0.004604443,0.004604443,false,1635001174,1.333328,1,1,1,0,0,0,0,0,"Normalized",false,"Combo_Getup02=1","",48,"Base HumanSpine4",-0.2256278,0.2486506,-0.6502714,-0.2256279,0.4470883,-0.6502714,0.01270203,0.01182418,0.1984378
11850,15,1,"Pepe","Mankey",-1,0.1106469,0.1475287,0.1106469,11849,0.004720032,0.004720033,0.004720033,false,1635001174,1.333328,1,1,1,0,0,0,0,0,"Normalized",false,"Combo_Getup02=1","",0,"Base HumanPelvis",0.07113162,0.05179369,-0.4827027,0.07113162,0.2487238,-0.4827027,0.001479197,0.002687349,0.1969301
11850,15,1,"Pepe","Mankey",-1,0.1106469,0.1475287,0.1106469,11849,0.004720032,0.004720033,0.004720033,false,1635001174,1.333328,1,1,1,0,0,0,0,0,"Normalized",false,"Combo_Getup02=1","",1,"Base HumanLLeg1",0.02349443,0.08391193,-0.3759153,0.02349443,0.2808421,-0.3759153,0.002268736,0.002524867,0.1969301
11850,15,1,"Pepe","Mankey",-1,0.1106469,0.1475287,0.1106469,11849,0.004720032,0.004720033,0.004720033,false,1635001174,1.333328,1,1,1,0,0,0,0,0,"Normalized",false,"Combo_Getup02=1","",2,"Base HumanRLeg1",0.1187688,0.01967543,-0.5894901,0.1187688,0.2166056,-0.5894901,0.002365039,0.003799101,0.1969301
11850,15,1,"Pepe","Mankey",-1,0.1106469,0.1475287,0.1106469,11849,0.004720032,0.004720033,0.004720033,false,1635001174,1.333328,1,1,1,0,0,0,0,0,"Normalized",false,"Combo_Getup02=1","",3,"Base HumanLLeg2",0.05333615,0.3503324,-0.1268241,0.05333619,0.5472625,-0.1268241,0.01456681,0.01455621,0.1969301
11850,15,1,"Pepe","Mankey",-1,0.1106469,0.1475287,0.1106469,11849,0.004720032,0.004720033,0.004720033,false,1635001174,1.333328,1,1,1,0,0,0,0,0,"Normalized",false,"Combo_Getup02=1","",4,"Base HumanRLeg2",0.4465708,0.1734711,-0.5364835,0.4465708,0.3704012,-0.5364836,0.00985452,0.008590324,0.1969301
11850,15,1,"Pepe","Mankey",-1,0.1106469,0.1475287,0.1106469,11849,0.004720032,0.004720033,0.004720033,false,1635001174,1.333328,1,1,1,0,0,0,0,0,"Normalized",false,"Combo_Getup02=1","",5,"Base HumanLLegAnkle",0.3224563,0.1229638,-0.1683848,0.3224563,0.319894,-0.1683848,0.01592884,0.01598867,0.1969301
11850,15,1,"Pepe","Mankey",-1,0.1106469,0.1475287,0.1106469,11849,0.004720032,0.004720033,0.004720033,false,1635001174,1.333328,1,1,1,0,0,0,0,0,"Normalized",false,"Combo_Getup02=1","",6,"Base HumanRLegAnkle",0.777454,0.1366143,-0.4139796,0.7774539,0.3335445,-0.4139796,0.01417047,0.01361137,0.1969301
11850,15,1,"Pepe","Mankey",-1,0.1106469,0.1475287,0.1106469,11849,0.004720032,0.004720033,0.004720033,false,1635001174,1.333328,1,1,1,0,0,0,0,0,"Normalized",false,"Combo_Getup02=1","",7,"Base HumanSpine1",0.03052507,0.05831648,-0.5027789,0.03052507,0.2552466,-0.5027789,0.0009640769,0.00202307,0.1969301
11850,15,1,"Pepe","Mankey",-1,0.1106469,0.1475287,0.1106469,11849,0.004720032,0.004720033,0.004720033,false,1635001174,1.333328,1,1,1,0,0,0,0,0,"Normalized",false,"Combo_Getup02=1","",8,"Base HumanSpine3",-0.1584572,0.1672355,-0.6014521,-0.1584572,0.3641656,-0.601452,0.007324051,0.006281799,0.1969301
11850,15,1,"Pepe","Mankey",-1,0.1106469,0.1475287,0.1106469,11849,0.004720032,0.004720033,0.004720033,false,1635001174,1.333328,1,1,1,0,0,0,0,0,"Normalized",false,"Combo_Getup02=1","",9,"Base HumanNeck1",-0.2787784,0.3888344,-0.7308649,-0.2787783,0.5857645,-0.7308648,0.02223895,0.02146673,0.1969301
11850,15,1,"Pepe","Mankey",-1,0.1106469,0.1475287,0.1106469,11849,0.004720032,0.004720033,0.004720033,false,1635001174,1.333328,1,1,1,0,0,0,0,0,"Normalized",false,"Combo_Getup02=1","",10,"Base HumanHead",-0.3357838,0.5225639,-0.7625191,-0.3357837,0.7194941,-0.762519,0.03028991,0.02954645,0.1969302
11850,15,1,"Pepe","Mankey",-1,0.1106469,0.1475287,0.1106469,11849,0.004720032,0.004720033,0.004720033,false,1635001174,1.333328,1,1,1,0,0,0,0,0,"Normalized",false,"Combo_Getup02=1","",11,"Base HumanLCollarbone",-0.1696436,0.4045197,-0.7056813,-0.1696436,0.6014498,-0.7056812,0.01992401,0.01958492,0.1969301
11850,15,1,"Pepe","Mankey",-1,0.1106469,0.1475287,0.1106469,11849,0.004720032,0.004720033,0.004720033,false,1635001174,1.333328,1,1,1,0,0,0,0,0,"Normalized",false,"Combo_Getup02=1","",12,"Base HumanRArmCollarbone",-0.1698703,0.3743217,-0.7576799,-0.1698703,0.5712519,-0.7576798,0.0186786,0.0183418,0.1969301
11850,15,1,"Pepe","Mankey",-1,0.1106469,0.1475287,0.1106469,11849,0.004720032,0.004720033,0.004720033,false,1635001174,1.333328,1,1,1,0,0,0,0,0,"Normalized",false,"Combo_Getup02=1","",13,"Base HumanLUpperarm",-0.2769065,0.4832961,-0.5403384,-0.2769064,0.6802263,-0.5403383,0.02552139,0.02479399,0.1969302
11850,15,1,"Pepe","Mankey",-1,0.1106469,0.1475287,0.1106469,11849,0.004720032,0.004720033,0.004720033,false,1635001174,1.333328,1,1,1,0,0,0,0,0,"Normalized",false,"Combo_Getup02=1","",14,"Base HumanRArmUpperarm",-0.2728215,0.2709484,-0.911837,-0.2728215,0.4678785,-0.9118371,0.0177462,0.01688702,0.1969301
11850,15,1,"Pepe","Mankey",-1,0.1106469,0.1475287,0.1106469,11849,0.004720032,0.004720033,0.004720033,false,1635001174,1.333328,1,1,1,0,0,0,0,0,"Normalized",false,"Combo_Getup02=1","",15,"Base HumanLForearm",-0.1375703,0.4837494,-0.2953418,-0.1375703,0.6806796,-0.2953419,0.01888051,0.01812678,0.1969302
11850,15,1,"Pepe","Mankey",-1,0.1106469,0.1475287,0.1106469,11849,0.004720032,0.004720033,0.004720033,false,1635001174,1.333328,1,1,1,0,0,0,0,0,"Normalized",false,"Combo_Getup02=1","",16,"Base HumanRArmForearm",-0.09023347,0.05888297,-0.9454262,-0.09023346,0.2558131,-0.9454261,0.006537471,0.006708323,0.1969302
11850,15,1,"Pepe","Mankey",-1,0.1106469,0.1475287,0.1106469,11849,0.004720032,0.004720033,0.004720033,false,1635001174,1.333328,1,1,1,0,0,0,0,0,"Normalized",false,"Combo_Getup02=1","",17,"Base HumanLPalm",0.1147822,0.5236299,-0.2721964,0.1147822,0.72056,-0.2721964,0.01748039,0.01741765,0.1969301
11850,15,1,"Pepe","Mankey",-1,0.1106469,0.1475287,0.1106469,11849,0.004720032,0.004720033,0.004720033,false,1635001174,1.333328,1,1,1,0,0,0,0,0,"Normalized",false,"Combo_Getup02=1","",18,"Base HumanRArmPalm",0.1396529,0.07673098,-1.057861,0.139653,0.2736611,-1.057861,0.01231274,0.01266376,0.1969302
11850,15,1,"Pepe","Mankey",-1,0.1106469,0.1475287,0.1106469,11849,0.004720032,0.004720033,0.004720033,false,1635001174,1.333328,1,1,1,0,0,0,0,0,"Normalized",false,"Combo_Getup02=1","",19,"Base HumanLLegDigit11",0.4496997,0.3015135,0.007119053,0.4496998,0.4984436,0.007119,0.01345451,0.0139758,0.1969302
11850,15,1,"Pepe","Mankey",-1,0.1106469,0.1475287,0.1106469,11849,0.004720032,0.004720033,0.004720033,false,1635001174,1.333328,1,1,1,0,0,0,0,0,"Normalized",false,"Combo_Getup02=1","",20,"Base HumanRLegDigit11",0.8701584,0.3774233,-0.5248358,0.8701584,0.5743534,-0.5248359,0.01579956,0.0152174,0.1969301
11850,15,1,"Pepe","Mankey",-1,0.1106469,0.1475287,0.1106469,11849,0.004720032,0.004720033,0.004720033,false,1635001174,1.333328,1,1,1,0,0,0,0,0,"Normalized",false,"Combo_Getup02=1","",21,"Object001",-0.1979934,0.6688954,-0.6079491,-0.1979934,0.8658255,-0.607949,0.02841978,0.0278237,0.1969301
11850,15,1,"Pepe","Mankey",-1,0.1106469,0.1475287,0.1106469,11849,0.004720032,0.004720033,0.004720033,false,1635001174,1.333328,1,1,1,0,0,0,0,0,"Normalized",false,"Combo_Getup02=1","",22,"Monkey_eyes",-0.1373098,0.6450028,-0.8623965,-0.1373099,0.8419329,-0.8623964,0.03288219,0.03244505,0.1969301
11850,15,1,"Pepe","Mankey",-1,0.1106469,0.1475287,0.1106469,11849,0.004720032,0.004720033,0.004720033,false,1635001174,1.333328,1,1,1,0,0,0,0,0,"Normalized",false,"Combo_Getup02=1","",23,"Base HumanHeadBone001",-0.1513333,0.4419168,-0.7109594,-0.1513332,0.638847,-0.7109595,0.02454124,0.023933,0.1969302
11850,15,1,"Pepe","Mankey",-1,0.1106469,0.1475287,0.1106469,11849,0.004720032,0.004720033,0.004720033,false,1635001174,1.333328,1,1,1,0,0,0,0,0,"Normalized",false,"Combo_Getup02=1","",24,"Base HumanLDigit11",0.1737206,0.5622295,-0.2929083,0.1737206,0.7591596,-0.2929082,0.01928393,0.01944947,0.1969302
11850,15,1,"Pepe","Mankey",-1,0.1106469,0.1475287,0.1106469,11849,0.004720032,0.004720033,0.004720033,false,1635001174,1.333328,1,1,1,0,0,0,0,0,"Normalized",false,"Combo_Getup02=1","",25,"Base HumanLDigit12",0.2169253,0.5738034,-0.2969562,0.2169253,0.7707336,-0.2969562,0.02005428,0.02035416,0.1969302
11850,15,1,"Pepe","Mankey",-1,0.1106469,0.1475287,0.1106469,11849,0.004720032,0.004720033,0.004720033,false,1635001174,1.333328,1,1,1,0,0,0,0,0,"Normalized",false,"Combo_Getup02=1","",26,"Base HumanLDigit13",0.2548752,0.5800506,-0.2921218,0.2548753,0.7769809,-0.2921217,0.02060016,0.02099639,0.1969302
11850,15,1,"Pepe","Mankey",-1,0.1106469,0.1475287,0.1106469,11849,0.004720032,0.004720033,0.004720033,false,1635001174,1.333328,1,1,1,0,0,0,0,0,"Normalized",false,"Combo_Getup02=1","",27,"Base HumanLDigit21",0.2283103,0.5945399,-0.2613856,0.2283104,0.7914702,-0.2613856,0.02070089,0.02095737,0.1969303
11850,15,1,"Pepe","Mankey",-1,0.1106469,0.1475287,0.1106469,11849,0.004720032,0.004720033,0.004720033,false,1635001174,1.333328,1,1,1,0,0,0,0,0,"Normalized",false,"Combo_Getup02=1","",28,"Base HumanLDigit22",0.2855282,0.6141674,-0.256999,0.2855283,0.8110977,-0.2569988,0.02191482,0.02230389,0.1969303
11850,15,1,"Pepe","Mankey",-1,0.1106469,0.1475287,0.1106469,11849,0.004720032,0.004720033,0.004720033,false,1635001174,1.333328,1,1,1,0,0,0,0,0,"Normalized",false,"Combo_Getup02=1","",29,"Base HumanLDigit23",0.3386338,0.6177411,-0.2604951,0.3386338,0.8146713,-0.2604949,0.02274397,0.02327039,0.1969302
11850,15,1,"Pepe","Mankey",-1,0.1106469,0.1475287,0.1106469,11849,0.004720032,0.004720033,0.004720033,false,1635001174,1.333328,1,1,1,0,0,0,0,0,"Normalized",false,"Combo_Getup02=1","",30,"Base HumanLDigit31",0.2368485,0.5625775,-0.2172248,0.2368485,0.7595078,-0.2172248,0.01898292,0.01920832,0.1969303
11850,15,1,"Pepe","Mankey",-1,0.1106469,0.1475287,0.1106469,11849,0.004720032,0.004720033,0.004720033,false,1635001174,1.333328,1,1,1,0,0,0,0,0,"Normalized",false,"Combo_Getup02=1","",31,"Base HumanLDigit32",0.2866926,0.5773772,-0.2053209,0.2866926,0.7743075,-0.2053209,0.0198606,0.02020518,0.1969303
11850,15,1,"Pepe","Mankey",-1,0.1106469,0.1475287,0.1106469,11849,0.004720032,0.004720033,0.004720033,false,1635001174,1.333328,1,1,1,0,0,0,0,0,"Normalized",false,"Combo_Getup02=1","",32,"Base HumanLDigit33",0.3412943,0.5780129,-0.202088,0.3412944,0.7749433,-0.2020879,0.02047765,0.02097598,0.1969303
11850,15,1,"Pepe","Mankey",-1,0.1106469,0.1475287,0.1106469,11849,0.004720032,0.004720033,0.004720033,false,1635001174,1.333328,1,1,1,0,0,0,0,0,"Normalized",false,"Combo_Getup02=1","",33,"Base HumanLDigit41",0.2199198,0.5197681,-0.1784675,0.2199198,0.7166983,-0.1784675,0.01679345,0.01690775,0.1969302
11850,15,1,"Pepe","Mankey",-1,0.1106469,0.1475287,0.1106469,11849,0.004720032,0.004720033,0.004720033,false,1635001174,1.333328,1,1,1,0,0,0,0,0,"Normalized",false,"Combo_Getup02=1","",34,"Base HumanLDigit42",0.2691496,0.5336275,-0.1633178,0.2691497,0.7305579,-0.1633178,0.01749775,0.01774517,0.1969303
11850,15,1,"Pepe","Mankey",-1,0.1106469,0.1475287,0.1106469,11849,0.004720032,0.004720033,0.004720033,false,1635001174,1.333328,1,1,1,0,0,0,0,0,"Normalized",false,"Combo_Getup02=1","",35,"Base HumanLDigit43",0.3237241,0.5341602,-0.1542516,0.3237242,0.7310905,-0.1542515,0.01794202,0.01835936,0.1969303
11850,15,1,"Pepe","Mankey",-1,0.1106469,0.1475287,0.1106469,11849,0.004720032,0.004720033,0.004720033,false,1635001174,1.333328,1,1,1,0,0,0,0,0,"Normalized",false,"Combo_Getup02=1","",36,"Base HumanRArmDigit11",0.1831702,0.1292627,-1.08505,0.1831703,0.3261928,-1.08505,0.01530949,0.01555298,0.1969301
11850,15,1,"Pepe","Mankey",-1,0.1106469,0.1475287,0.1106469,11849,0.004720032,0.004720033,0.004720033,false,1635001174,1.333328,1,1,1,0,0,0,0,0,"Normalized",false,"Combo_Getup02=1","",37,"Base HumanRArmDigit12",0.2203877,0.1512735,-1.097189,0.2203878,0.3482037,-1.09719,0.01682498,0.0170648,0.1969303
11850,15,1,"Pepe","Mankey",-1,0.1106469,0.1475287,0.1106469,11849,0.004720032,0.004720033,0.004720033,false,1635001174,1.333328,1,1,1,0,0,0,0,0,"Normalized",false,"Combo_Getup02=1","",38,"Base HumanRArmDigit13",0.2561049,0.1610588,-1.10864,0.2561049,0.357989,-1.10864,0.01771268,0.01796115,0.1969302
11850,15,1,"Pepe","Mankey",-1,0.1106469,0.1475287,0.1106469,11849,0.004720032,0.004720033,0.004720033,false,1635001174,1.333328,1,1,1,0,0,0,0,0,"Normalized",false,"Combo_Getup02=1","",39,"Base HumanRArmDigit21",0.2355068,0.1338761,-1.132561,0.2355068,0.3308062,-1.132561,0.01603954,0.01616884,0.1969302
11850,15,1,"Pepe","Mankey",-1,0.1106469,0.1475287,0.1106469,11849,0.004720032,0.004720033,0.004720033,false,1635001174,1.333328,1,1,1,0,0,0,0,0,"Normalized",false,"Combo_Getup02=1","",40,"Base HumanRArmDigit22",0.2873962,0.1560611,-1.154779,0.2873962,0.3529913,-1.154779,0.01768446,0.01780272,0.1969302
11850,15,1,"Pepe","Mankey",-1,0.1106469,0.1475287,0.1106469,11849,0.004720032,0.004720033,0.004720033,false,1635001174,1.333328,1,1,1,0,0,0,0,0,"Normalized",false,"Combo_Getup02=1","",41,"Base HumanRArmDigit23",0.336495,0.1753032,-1.162793,0.336495,0.3722332,-1.162793,0.0193603,0.01951083,0.1969301
11850,15,1,"Pepe","Mankey",-1,0.1106469,0.1475287,0.1106469,11849,0.004720032,0.004720033,0.004720033,false,1635001174,1.333328,1,1,1,0,0,0,0,0,"Normalized",false,"Combo_Getup02=1","",42,"Base HumanRArmDigit31",0.2601189,0.08474061,-1.127595,0.260119,0.2816707,-1.127595,0.0138138,0.01405019,0.1969301
11850,15,1,"Pepe","Mankey",-1,0.1106469,0.1475287,0.1106469,11849,0.004720032,0.004720033,0.004720033,false,1635001174,1.333328,1,1,1,0,0,0,0,0,"Normalized",false,"Combo_Getup02=1","",43,"Base HumanRArmDigit32",0.307195,0.095049,-1.150459,0.3071951,0.2919791,-1.150459,0.01488086,0.0150858,0.1969301
11850,15,1,"Pepe","Mankey",-1,0.1106469,0.1475287,0.1106469,11849,0.004720032,0.004720033,0.004720033,false,1635001174,1.333328,1,1,1,0,0,0,0,0,"Normalized",false,"Combo_Getup02=1","",44,"Base HumanRArmDigit33",0.3595121,0.1069641,-1.161097,0.3595121,0.3038943,-1.161097,0.01627457,0.01650672,0.1969302
11850,15,1,"Pepe","Mankey",-1,0.1106469,0.1475287,0.1106469,11849,0.004720032,0.004720033,0.004720033,false,1635001174,1.333328,1,1,1,0,0,0,0,0,"Normalized",false,"Combo_Getup02=1","",45,"Base HumanRArmDigit41",0.2615156,0.027605,-1.108755,0.2615156,0.2245352,-1.108755,0.01107959,0.01150088,0.1969302
11850,15,1,"Pepe","Mankey",-1,0.1106469,0.1475287,0.1106469,11849,0.004720032,0.004720033,0.004720033,false,1635001174,1.333328,1,1,1,0,0,0,0,0,"Normalized",false,"Combo_Getup02=1","",46,"Base HumanRArmDigit42",0.3088081,0.03363824,-1.132676,0.3088081,0.2305684,-1.132676,0.01191428,0.01227619,0.1969302
11850,15,1,"Pepe","Mankey",-1,0.1106469,0.1475287,0.1106469,11849,0.004720032,0.004720033,0.004720033,false,1635001174,1.333328,1,1,1,0,0,0,0,0,"Normalized",false,"Combo_Getup02=1","",47,"Base HumanRArmDigit43",0.3620165,0.03947135,-1.146667,0.3620166,0.2364015,-1.146667,0.01306009,0.01342249,0.1969301
11850,15,1,"Pepe","Mankey",-1,0.1106469,0.1475287,0.1106469,11849,0.004720032,0.004720033,0.004720033,false,1635001174,1.333328,1,1,1,0,0,0,0,0,"Normalized",false,"Combo_Getup02=1","",48,"Base HumanSpine4",-0.2170494,0.2568087,-0.6544605,-0.2170494,0.4537388,-0.6544604,0.01255762,0.01163473,0.1969301
11851,15,1,"Pepe","Mankey",-1,0.1141846,0.1522455,0.1141846,11850,0.004716828,0.004716837,0.004716837,false,1635001174,1.333328,1,1,1,0,0,0,0,0,"Normalized",false,"Combo_Getup02=1","",0,"Base HumanPelvis",0.06999967,0.05102443,-0.4826623,0.06999967,0.2467141,-0.4826623,0.001369201,0.002306917,0.1956897
11851,15,1,"Pepe","Mankey",-1,0.1141846,0.1522455,0.1141846,11850,0.004716828,0.004716837,0.004716837,false,1635001174,1.333328,1,1,1,0,0,0,0,0,"Normalized",false,"Combo_Getup02=1","",1,"Base HumanLLeg1",0.02148244,0.08436503,-0.3766485,0.02148244,0.2800547,-0.3766485,0.002188821,0.002281567,0.1956897
11851,15,1,"Pepe","Mankey",-1,0.1141846,0.1522455,0.1141846,11850,0.004716828,0.004716837,0.004716837,false,1635001174,1.333328,1,1,1,0,0,0,0,0,"Normalized",false,"Combo_Getup02=1","",2,"Base HumanRLeg1",0.1185169,0.01768382,-0.588676,0.1185169,0.2133735,-0.588676,0.002166266,0.003342531,0.1956897
11851,15,1,"Pepe","Mankey",-1,0.1141846,0.1522455,0.1141846,11850,0.004716828,0.004716837,0.004716837,false,1635001174,1.333328,1,1,1,0,0,0,0,0,"Normalized",false,"Combo_Getup02=1","",3,"Base HumanLLeg2",0.039355,0.3509963,-0.1266381,0.03935497,0.546686,-0.1266381,0.01399814,0.01399434,0.1956897
11851,15,1,"Pepe","Mankey",-1,0.1141846,0.1522455,0.1141846,11850,0.004716828,0.004716837,0.004716837,false,1635001174,1.333328,1,1,1,0,0,0,0,0,"Normalized",false,"Combo_Getup02=1","",4,"Base HumanRLeg2",0.4414374,0.1816582,-0.5362194,0.4414374,0.3773479,-0.5362194,0.009666889,0.008641599,0.1956897
11851,15,1,"Pepe","Mankey",-1,0.1141846,0.1522455,0.1141846,11850,0.004716828,0.004716837,0.004716837,false,1635001174,1.333328,1,1,1,0,0,0,0,0,"Normalized",false,"Combo_Getup02=1","",5,"Base HumanLLegAnkle",0.3075206,0.1231635,-0.1716808,0.3075206,0.3188532,-0.1716809,0.01529637,0.01533045,0.1956897
11851,15,1,"Pepe","Mankey",-1,0.1141846,0.1522455,0.1141846,11850,0.004716828,0.004716837,0.004716837,false,1635001174,1.333328,1,1,1,0,0,0,0,0,"Normalized",false,"Combo_Getup02=1","",6,"Base HumanRLegAnkle",0.7686363,0.1422456,-0.40493,0.7686363,0.3379353,-0.4049301,0.01383311,0.01337619,0.1956897
11851,15,1,"Pepe","Mankey",-1,0.1141846,0.1522455,0.1141846,11850,0.004716828,0.004716837,0.004716837,false,1635001174,1.333328,1,1,1,0,0,0,0,0,"Normalized",false,"Combo_Getup02=1","",7,"Base HumanSpine1",0.02979011,0.05817869,-0.5033141,0.02979011,0.2538684,-0.5033141,0.0009195514,0.001651093,0.1956897
11851,15,1,"Pepe","Mankey",-1,0.1141846,0.1522455,0.1141846,11850,0.004716828,0.004716837,0.004716837,false,1635001174,1.333328,1,1,1,0,0,0,0,0,"Normalized",false,"Combo_Getup02=1","",8,"Base HumanSpine3",-0.1545025,0.1727861,-0.6043855,-0.1545025,0.3684757,-0.6043855,0.007419809,0.006543824,0.1956896
11851,15,1,"Pepe","Mankey",-1,0.1141846,0.1522455,0.1141846,11850,0.004716828,0.004716837,0.004716837,false,1635001174,1.333328,1,1,1,0,0,0,0,0,"Normalized",false,"Combo_Getup02=1","",9,"Base HumanNeck1",-0.2604659,0.4001749,-0.7359941,-0.2604659,0.5958645,-0.7359941,0.0221418,0.02153282,0.1956897
11851,15,1,"Pepe","Mankey",-1,0.1141846,0.1522455,0.1141846,11850,0.004716828,0.004716837,0.004716837,false,1635001174,1.333328,1,1,1,0,0,0,0,0,"Normalized",false,"Combo_Getup02=1","",10,"Base HumanHead",-0.3097124,0.5370816,-0.7670832,-0.3097123,0.7327713,-0.7670832,0.03018802,0.02961139,0.1956897
11851,15,1,"Pepe","Mankey",-1,0.1141846,0.1522455,0.1141846,11850,0.004716828,0.004716837,0.004716837,false,1635001174,1.333328,1,1,1,0,0,0,0,0,"Normalized",false,"Combo_Getup02=1","",11,"Base HumanLCollarbone",-0.1508894,0.4090652,-0.7094501,-0.1508894,0.6047549,-0.7094501,0.01966177,0.01941256,0.1956897
11851,15,1,"Pepe","Mankey",-1,0.1141846,0.1522455,0.1141846,11850,0.004716828,0.004716837,0.004716837,false,1635001174,1.333328,1,1,1,0,0,0,0,0,"Normalized",false,"Combo_Getup02=1","",12,"Base HumanRArmCollarbone",-0.1523572,0.3787001,-0.7613311,-0.1523572,0.5743898,-0.7613311,0.01841765,0.01816285,0.1956897
11851,15,1,"Pepe","Mankey",-1,0.1141846,0.1522455,0.1141846,11850,0.004716828,0.004716837,0.004716837,false,1635001174,1.333328,1,1,1,0,0,0,0,0,"Normalized",false,"Combo_Getup02=1","",13,"Base HumanLUpperarm",-0.2552174,0.4951351,-0.5458746,-0.2552173,0.6908247,-0.5458745,0.02532244,0.02476681,0.1956897
11851,15,1,"Pepe","Mankey",-1,0.1141846,0.1522455,0.1141846,11850,0.004716828,0.004716837,0.004716837,false,1635001174,1.333328,1,1,1,0,0,0,0,0,"Normalized",false,"Combo_Getup02=1","",14,"Base HumanRArmUpperarm",-0.259288,0.2814856,-0.9167806,-0.259288,0.4771753,-0.9167806,0.01785009,0.01714717,0.1956897
11851,15,1,"Pepe","Mankey",-1,0.1141846,0.1522455,0.1141846,11850,0.004716828,0.004716837,0.004716837,false,1635001174,1.333328,1,1,1,0,0,0,0,0,"Normalized",false,"Combo_Getup02=1","",15,"Base HumanLForearm",-0.1219272,0.4925535,-0.2975499,-0.1219271,0.6882433,-0.2975499,0.01808579,0.01751554,0.1956897
11851,15,1,"Pepe","Mankey",-1,0.1141846,0.1522455,0.1141846,11850,0.004716828,0.004716837,0.004716837,false,1635001174,1.333328,1,1,1,0,0,0,0,0,"Normalized",false,"Combo_Getup02=1","",16,"Base HumanRArmForearm",-0.0869351,0.0597145,-0.9402414,-0.08693503,0.2554042,-0.9402415,0.006201015,0.006158478,0.1956897
11851,15,1,"Pepe","Mankey",-1,0.1141846,0.1522455,0.1141846,11850,0.004716828,0.004716837,0.004716837,false,1635001174,1.333328,1,1,1,0,0,0,0,0,"Normalized",false,"Combo_Getup02=1","",17,"Base HumanLPalm",0.1315622,0.5239255,-0.2737397,0.1315622,0.7196151,-0.2737397,0.01685337,0.01687726,0.1956896
11851,15,1,"Pepe","Mankey",-1,0.1141846,0.1522455,0.1141846,11850,0.004716828,0.004716837,0.004716837,false,1635001174,1.333328,1,1,1,0,0,0,0,0,"Normalized",false,"Combo_Getup02=1","",18,"Base HumanRArmPalm",0.1455985,0.07422591,-1.047598,0.1455986,0.2699156,-1.047598,0.01212244,0.01243824,0.1956897
11851,15,1,"Pepe","Mankey",-1,0.1141846,0.1522455,0.1141846,11850,0.004716828,0.004716837,0.004716837,false,1635001174,1.333328,1,1,1,0,0,0,0,0,"Normalized",false,"Combo_Getup02=1","",19,"Base HumanLLegDigit11",0.4373143,0.2976213,0.006056387,0.4373143,0.4933109,0.006056368,0.013026,0.013449,0.1956897
11851,15,1,"Pepe","Mankey",-1,0.1141846,0.1522455,0.1141846,11850,0.004716828,0.004716837,0.004716837,false,1635001174,1.333328,1,1,1,0,0,0,0,0,"Normalized",false,"Combo_Getup02=1","",20,"Base HumanRLegDigit11",0.8613048,0.3839245,-0.5139073,0.8613048,0.5796142,-0.5139074,0.01549467,0.01501653,0.1956897
11851,15,1,"Pepe","Mankey",-1,0.1141846,0.1522455,0.1141846,11850,0.004716828,0.004716837,0.004716837,false,1635001174,1.333328,1,1,1,0,0,0,0,0,"Normalized",false,"Combo_Getup02=1","",21,"Object001",-0.1719196,0.6797189,-0.6090998,-0.1719195,0.8754086,-0.6090997,0.02825451,0.02780303,0.1956897
11851,15,1,"Pepe","Mankey",-1,0.1141846,0.1522455,0.1141846,11850,0.004716828,0.004716837,0.004716837,false,1635001174,1.333328,1,1,1,0,0,0,0,0,"Normalized",false,"Combo_Getup02=1","",22,"Monkey_eyes",-0.1056433,0.6541631,-0.8619856,-0.1056432,0.8498529,-0.8619856,0.03296736,0.03264461,0.1956898
11851,15,1,"Pepe","Mankey",-1,0.1141846,0.1522455,0.1141846,11850,0.004716828,0.004716837,0.004716837,false,1635001174,1.333328,1,1,1,0,0,0,0,0,"Normalized",false,"Combo_Getup02=1","",23,"Base HumanHeadBone001",-0.1288043,0.4515551,-0.711031,-0.1288042,0.6472448,-0.7110308,0.02450418,0.02404338,0.1956897
11851,15,1,"Pepe","Mankey",-1,0.1141846,0.1522455,0.1141846,11850,0.004716828,0.004716837,0.004716837,false,1635001174,1.333328,1,1,1,0,0,0,0,0,"Normalized",false,"Combo_Getup02=1","",24,"Base HumanLDigit11",0.192108,0.5596522,-0.2949634,0.1921079,0.7553419,-0.2949634,0.01868052,0.01889156,0.1956897
11851,15,1,"Pepe","Mankey",-1,0.1141846,0.1522455,0.1141846,11850,0.004716828,0.004716837,0.004716837,false,1635001174,1.333328,1,1,1,0,0,0,0,0,"Normalized",false,"Combo_Getup02=1","",25,"Base HumanLDigit12",0.2357755,0.5693321,-0.2990168,0.2357755,0.7650217,-0.2990168,0.0194826,0.01980404,0.1956896
11851,15,1,"Pepe","Mankey",-1,0.1141846,0.1522455,0.1141846,11850,0.004716828,0.004716837,0.004716837,false,1635001174,1.333328,1,1,1,0,0,0,0,0,"Normalized",false,"Combo_Getup02=1","",26,"Base HumanLDigit13",0.2739297,0.5741218,-0.2941262,0.2739297,0.7698115,-0.2941261,0.020056,0.02045701,0.1956897
11851,15,1,"Pepe","Mankey",-1,0.1141846,0.1522455,0.1141846,11850,0.004716828,0.004716837,0.004716837,false,1635001174,1.333328,1,1,1,0,0,0,0,0,"Normalized",false,"Combo_Getup02=1","",27,"Base HumanLDigit21",0.2478025,0.5904399,-0.2638519,0.2478024,0.7861295,-0.2638519,0.02007078,0.02036033,0.1956896
11851,15,1,"Pepe","Mankey",-1,0.1141846,0.1522455,0.1141846,11850,0.004716828,0.004716837,0.004716837,false,1635001174,1.333328,1,1,1,0,0,0,0,0,"Normalized",false,"Combo_Getup02=1","",28,"Base HumanLDigit22",0.3057315,0.6078815,-0.2595645,0.3057316,0.8035713,-0.2595646,0.02131357,0.02171181,0.1956897
11851,15,1,"Pepe","Mankey",-1,0.1141846,0.1522455,0.1141846,11850,0.004716828,0.004716837,0.004716837,false,1635001174,1.333328,1,1,1,0,0,0,0,0,"Normalized",false,"Combo_Getup02=1","",29,"Base HumanLDigit23",0.3589503,0.6091409,-0.2629376,0.3589502,0.8048305,-0.2629375,0.02219661,0.02270604,0.1956896
11851,15,1,"Pepe","Mankey",-1,0.1141846,0.1522455,0.1141846,11850,0.004716828,0.004716837,0.004716837,false,1635001174,1.333328,1,1,1,0,0,0,0,0,"Normalized",false,"Combo_Getup02=1","",30,"Base HumanLDigit31",0.2548316,0.5591561,-0.2189453,0.2548316,0.7548459,-0.2189454,0.01838637,0.01865698,0.1956897
11851,15,1,"Pepe","Mankey",-1,0.1141846,0.1522455,0.1141846,11850,0.004716828,0.004716837,0.004716837,false,1635001174,1.333328,1,1,1,0,0,0,0,0,"Normalized",false,"Combo_Getup02=1","",31,"Base HumanLDigit32",0.3051894,0.5721963,-0.2071465,0.3051895,0.7678859,-0.2071466,0.01929531,0.01966478,0.1956896
11851,15,1,"Pepe","Mankey",-1,0.1141846,0.1522455,0.1141846,11850,0.004716828,0.004716837,0.004716837,false,1635001174,1.333328,1,1,1,0,0,0,0,0,"Normalized",false,"Combo_Getup02=1","",32,"Base HumanLDigit33",0.3597619,0.5705618,-0.2037741,0.3597619,0.7662514,-0.203774,0.01998544,0.02048019,0.1956897
11851,15,1,"Pepe","Mankey",-1,0.1141846,0.1522455,0.1141846,11850,0.004716828,0.004716837,0.004716837,false,1635001174,1.333328,1,1,1,0,0,0,0,0,"Normalized",false,"Combo_Getup02=1","",33,"Base HumanLDigit41",0.2360039,0.5179394,-0.1793467,0.2360038,0.7136291,-0.1793467,0.01621154,0.01639776,0.1956897
11851,15,1,"Pepe","Mankey",-1,0.1141846,0.1522455,0.1141846,11850,0.004716828,0.004716837,0.004716837,false,1635001174,1.333328,1,1,1,0,0,0,0,0,"Normalized",false,"Combo_Getup02=1","",34,"Base HumanLDigit42",0.2857101,0.5301403,-0.1643268,0.2857101,0.72583,-0.1643268,0.01695371,0.01725157,0.1956897
11851,15,1,"Pepe","Mankey",-1,0.1141846,0.1522455,0.1141846,11850,0.004716828,0.004716837,0.004716837,false,1635001174,1.333328,1,1,1,0,0,0,0,0,"Normalized",false,"Combo_Getup02=1","",35,"Base HumanLDigit43",0.3402487,0.5285283,-0.1551728,0.3402486,0.724218,-0.1551728,0.01748228,0.01792029,0.1956897
11851,15,1,"Pepe","Mankey",-1,0.1141846,0.1522455,0.1141846,11850,0.004716828,0.004716837,0.004716837,false,1635001174,1.333328,1,1,1,0,0,0,0,0,"Normalized",false,"Combo_Getup02=1","",36,"Base HumanRArmDigit11",0.1904628,0.1270151,-1.071951,0.190463,0.3227048,-1.071951,0.01515971,0.0153924,0.1956897
11851,15,1,"Pepe","Mankey",-1,0.1141846,0.1522455,0.1141846,11850,0.004716828,0.004716837,0.004716837,false,1635001174,1.333328,1,1,1,0,0,0,0,0,"Normalized",false,"Combo_Getup02=1","",37,"Base HumanRArmDigit12",0.2282724,0.1487055,-1.082765,0.2282726,0.3443952,-1.082766,0.01663771,0.0168738,0.1956897
11851,15,1,"Pepe","Mankey",-1,0.1141846,0.1522455,0.1141846,11850,0.004716828,0.004716837,0.004716837,false,1635001174,1.333328,1,1,1,0,0,0,0,0,"Normalized",false,"Combo_Getup02=1","",38,"Base HumanRArmDigit13",0.2642944,0.1581682,-1.093511,0.2642944,0.3538579,-1.093511,0.01744464,0.01769254,0.1956897
11851,15,1,"Pepe","Mankey",-1,0.1141846,0.1522455,0.1141846,11850,0.004716828,0.004716837,0.004716837,false,1635001174,1.333328,1,1,1,0,0,0,0,0,"Normalized",false,"Combo_Getup02=1","",39,"Base HumanRArmDigit21",0.2431765,0.1327528,-1.11892,0.2431766,0.3284425,-1.11892,0.01568989,0.01582719,0.1956897
11851,15,1,"Pepe","Mankey",-1,0.1141846,0.1522455,0.1141846,11850,0.004716828,0.004716837,0.004716837,false,1635001174,1.333328,1,1,1,0,0,0,0,0,"Normalized",false,"Combo_Getup02=1","",40,"Base HumanRArmDigit22",0.2957058,0.1548138,-1.139712,0.2957059,0.3505035,-1.139712,0.01725185,0.01738578,0.1956897
11851,15,1,"Pepe","Mankey",-1,0.1141846,0.1522455,0.1141846,11850,0.004716828,0.004716837,0.004716837,false,1635001174,1.333328,1,1,1,0,0,0,0,0,"Normalized",false,"Combo_Getup02=1","",41,"Base HumanRArmDigit23",0.3453015,0.1733481,-1.146186,0.3453014,0.3690379,-1.146186,0.01889897,0.01906715,0.1956897
11851,15,1,"Pepe","Mankey",-1,0.1141846,0.1522455,0.1141846,11850,0.004716828,0.004716837,0.004716837,false,1635001174,1.333328,1,1,1,0,0,0,0,0,"Normalized",false,"Combo_Getup02=1","",42,"Base HumanRArmDigit31",0.266634,0.08287904,-1.116261,0.266634,0.2785688,-1.116261,0.013205,0.0134362,0.1956897
11851,15,1,"Pepe","Mankey",-1,0.1141846,0.1522455,0.1141846,11850,0.004716828,0.004716837,0.004716837,false,1635001174,1.333328,1,1,1,0,0,0,0,0,"Normalized",false,"Combo_Getup02=1","",43,"Base HumanRArmDigit32",0.314119,0.09326726,-1.138225,0.3141191,0.2889571,-1.138225,0.01416962,0.01437839,0.1956899
11851,15,1,"Pepe","Mankey",-1,0.1141846,0.1522455,0.1141846,11850,0.004716828,0.004716837,0.004716837,false,1635001174,1.333328,1,1,1,0,0,0,0,0,"Normalized",false,"Combo_Getup02=1","",44,"Base HumanRArmDigit33",0.3668105,0.1045547,-1.147629,0.3668105,0.3002443,-1.147629,0.01550695,0.01574749,0.1956896
11851,15,1,"Pepe","Mankey",-1,0.1141846,0.1522455,0.1141846,11850,0.004716828,0.004716837,0.004716837,false,1635001174,1.333328,1,1,1,0,0,0,0,0,"Normalized",false,"Combo_Getup02=1","",45,"Base HumanRArmDigit41",0.2666167,0.02486927,-1.100253,0.2666167,0.220559,-1.100253,0.01028512,0.01068229,0.1956897
11851,15,1,"Pepe","Mankey",-1,0.1141846,0.1522455,0.1141846,11850,0.004716828,0.004716837,0.004716837,false,1635001174,1.333328,1,1,1,0,0,0,0,0,"Normalized",false,"Combo_Getup02=1","",46,"Base HumanRArmDigit42",0.3142436,0.03110549,-1.123448,0.3142434,0.2267952,-1.123448,0.01100531,0.01135499,0.1956898
11851,15,1,"Pepe","Mankey",-1,0.1141846,0.1522455,0.1141846,11850,0.004716828,0.004716837,0.004716837,false,1635001174,1.333328,1,1,1,0,0,0,0,0,"Normalized",false,"Combo_Getup02=1","",47,"Base HumanRArmDigit43",0.3677461,0.03654711,-1.13644,0.3677463,0.2322369,-1.13644,0.01208263,0.01244116,0.1956898
11851,15,1,"Pepe","Mankey",-1,0.1141846,0.1522455,0.1141846,11850,0.004716828,0.004716837,0.004716837,false,1635001174,1.333328,1,1,1,0,0,0,0,0,"Normalized",false,"Combo_Getup02=1","",48,"Base HumanSpine4",-0.2081719,0.2648766,-0.6582857,-0.2081719,0.4605662,-0.6582857,0.01259099,0.01183457,0.1956896
11852,15,1,"Pepe","Mankey",-1,0.1183786,0.1578375,0.1183786,11851,0.005592003,0.005591993,0.005591993,false,1635001174,1.333328,1,1,1,0,0,0,0,0,"Normalized",false,"Combo_Getup02=1","",0,"Base HumanPelvis",0.06859154,0.05068181,-0.4828881,0.06859154,0.2446187,-0.4828881,0.001466713,0.00253466,0.1939369
11852,15,1,"Pepe","Mankey",-1,0.1183786,0.1578375,0.1183786,11851,0.005592003,0.005591993,0.005591993,false,1635001174,1.333328,1,1,1,0,0,0,0,0,"Normalized",false,"Combo_Getup02=1","",1,"Base HumanLLeg1",0.01914115,0.08542569,-0.3777598,0.01914116,0.2793626,-0.3777598,0.0028003,0.00268247,0.193937
11852,15,1,"Pepe","Mankey",-1,0.1183786,0.1578375,0.1183786,11851,0.005592003,0.005591993,0.005591993,false,1635001174,1.333328,1,1,1,0,0,0,0,0,"Normalized",false,"Combo_Getup02=1","",2,"Base HumanRLeg1",0.1180419,0.01593791,-0.5880163,0.1180419,0.2098748,-0.5880163,0.001925879,0.00359186,0.1939369
11852,15,1,"Pepe","Mankey",-1,0.1183786,0.1578375,0.1183786,11851,0.005592003,0.005591993,0.005591993,false,1635001174,1.333328,1,1,1,0,0,0,0,0,"Normalized",false,"Combo_Getup02=1","",3,"Base HumanLLeg2",0.02302605,0.3515597,-0.1266136,0.02302606,0.5454966,-0.1266136,0.01633869,0.01637219,0.1939369
11852,15,1,"Pepe","Mankey",-1,0.1183786,0.1578375,0.1183786,11851,0.005592003,0.005591993,0.005591993,false,1635001174,1.333328,1,1,1,0,0,0,0,0,"Normalized",false,"Combo_Getup02=1","",4,"Base HumanRLeg2",0.4361149,0.1890797,-0.5354013,0.4361149,0.3830166,-0.5354013,0.009169376,0.007818729,0.1939369
11852,15,1,"Pepe","Mankey",-1,0.1183786,0.1578375,0.1183786,11851,0.005592003,0.005591993,0.005591993,false,1635001174,1.333328,1,1,1,0,0,0,0,0,"Normalized",false,"Combo_Getup02=1","",5,"Base HumanLLegAnkle",0.2905369,0.1240231,-0.1767573,0.2905369,0.31796,-0.1767573,0.01774701,0.01774866,0.1939369
11852,15,1,"Pepe","Mankey",-1,0.1183786,0.1578375,0.1183786,11851,0.005592003,0.005591993,0.005591993,false,1635001174,1.333328,1,1,1,0,0,0,0,0,"Normalized",false,"Combo_Getup02=1","",6,"Base HumanRLegAnkle",0.7581438,0.1437977,-0.3936402,0.7581437,0.3377347,-0.3936402,0.01549078,0.01541418,0.193937
11852,15,1,"Pepe","Mankey",-1,0.1183786,0.1578375,0.1183786,11851,0.005592003,0.005591993,0.005591993,false,1635001174,1.333328,1,1,1,0,0,0,0,0,"Normalized",false,"Combo_Getup02=1","",7,"Base HumanSpine1",0.02886925,0.05860599,-0.5041916,0.02886925,0.2525429,-0.5041916,0.001341818,0.00183707,0.1939369
11852,15,1,"Pepe","Mankey",-1,0.1183786,0.1578375,0.1183786,11851,0.005592003,0.005591993,0.005591993,false,1635001174,1.333328,1,1,1,0,0,0,0,0,"Normalized",false,"Combo_Getup02=1","",8,"Base HumanSpine3",-0.1496159,0.1799185,-0.6078272,-0.1496159,0.3738554,-0.6078273,0.009305681,0.008041524,0.1939369
11852,15,1,"Pepe","Mankey",-1,0.1183786,0.1578375,0.1183786,11851,0.005592003,0.005591993,0.005591993,false,1635001174,1.333328,1,1,1,0,0,0,0,0,"Normalized",false,"Combo_Getup02=1","",9,"Base HumanNeck1",-0.238156,0.413292,-0.7414375,-0.238156,0.6072289,-0.7414375,0.02644663,0.02562256,0.1939369
11852,15,1,"Pepe","Mankey",-1,0.1183786,0.1578375,0.1183786,11851,0.005592003,0.005591993,0.005591993,false,1635001174,1.333328,1,1,1,0,0,0,0,0,"Normalized",false,"Combo_Getup02=1","",10,"Base HumanHead",-0.2779394,0.5534737,-0.7714635,-0.2779394,0.7474106,-0.7714635,0.03601952,0.03525642,0.1939369
11852,15,1,"Pepe","Mankey",-1,0.1183786,0.1578375,0.1183786,11851,0.005592003,0.005591993,0.005591993,false,1635001174,1.333328,1,1,1,0,0,0,0,0,"Normalized",false,"Combo_Getup02=1","",11,"Base HumanLCollarbone",-0.1286196,0.4140513,-0.7132981,-0.1286196,0.6079882,-0.7132981,0.02314334,0.02282995,0.1939369
11852,15,1,"Pepe","Mankey",-1,0.1183786,0.1578375,0.1183786,11851,0.005592003,0.005591993,0.005591993,false,1635001174,1.333328,1,1,1,0,0,0,0,0,"Normalized",false,"Combo_Getup02=1","",12,"Base HumanRArmCollarbone",-0.131605,0.3836724,-0.7651058,-0.131605,0.5776094,-0.7651058,0.02167086,0.02133698,0.1939369
11852,15,1,"Pepe","Mankey",-1,0.1183786,0.1578375,0.1183786,11851,0.005592003,0.005591993,0.005591993,false,1635001174,1.333328,1,1,1,0,0,0,0,0,"Normalized",false,"Combo_Getup02=1","",13,"Base HumanLUpperarm",-0.2287639,0.5082676,-0.551608,-0.2287638,0.7022045,-0.551608,0.03008527,0.02936249,0.1939369
11852,15,1,"Pepe","Mankey",-1,0.1183786,0.1578375,0.1183786,11851,0.005592003,0.005591993,0.005591993,false,1635001174,1.333328,1,1,1,0,0,0,0,0,"Normalized",false,"Combo_Getup02=1","",14,"Base HumanRArmUpperarm",-0.2427482,0.2943172,-0.922307,-0.2427482,0.4882542,-0.922307,0.02165079,0.02066028,0.193937
11852,15,1,"Pepe","Mankey",-1,0.1183786,0.1578375,0.1183786,11851,0.005592003,0.005591993,0.005591993,false,1635001174,1.333328,1,1,1,0,0,0,0,0,"Normalized",false,"Combo_Getup02=1","",15,"Base HumanLForearm",-0.1036793,0.502198,-0.2991104,-0.1036792,0.6961349,-0.2991104,0.02069876,0.01994238,0.1939369
11852,15,1,"Pepe","Mankey",-1,0.1183786,0.1578375,0.1183786,11851,0.005592003,0.005591993,0.005591993,false,1635001174,1.333328,1,1,1,0,0,0,0,0,"Normalized",false,"Combo_Getup02=1","",16,"Base HumanRArmForearm",-0.08380207,0.06186344,-0.9341288,-0.08380209,0.2558003,-0.9341288,0.007197088,0.006880208,0.1939369
11852,15,1,"Pepe","Mankey",-1,0.1183786,0.1578375,0.1183786,11851,0.005592003,0.005591993,0.005591993,false,1635001174,1.333328,1,1,1,0,0,0,0,0,"Normalized",false,"Combo_Getup02=1","",17,"Base HumanLPalm",0.1506823,0.5237986,-0.2737811,0.1506823,0.7177355,-0.273781,0.01912055,0.01921233,0.1939369
11852,15,1,"Pepe","Mankey",-1,0.1183786,0.1578375,0.1183786,11851,0.005592003,0.005591993,0.005591993,false,1635001174,1.333328,1,1,1,0,0,0,0,0,"Normalized",false,"Combo_Getup02=1","",18,"Base HumanRArmPalm",0.151764,0.07144105,-1.035246,0.1517641,0.265378,-1.035246,0.01408314,0.01453156,0.193937
11852,15,1,"Pepe","Mankey",-1,0.1183786,0.1578375,0.1183786,11851,0.005592003,0.005591993,0.005591993,false,1635001174,1.333328,1,1,1,0,0,0,0,0,"Normalized",false,"Combo_Getup02=1","",19,"Base HumanLLegDigit11",0.4228825,0.2933706,0.00401472,0.4228825,0.4873075,0.004014671,0.01518273,0.01576344,0.1939369
11852,15,1,"Pepe","Mankey",-1,0.1183786,0.1578375,0.1183786,11851,0.005592003,0.005591993,0.005591993,false,1635001174,1.333328,1,1,1,0,0,0,0,0,"Normalized",false,"Combo_Getup02=1","",20,"Base HumanRLegDigit11",0.8526697,0.3861542,-0.4994721,0.8526697,0.5800911,-0.4994721,0.01696796,0.01682761,0.1939369
11852,15,1,"Pepe","Mankey",-1,0.1183786,0.1578375,0.1183786,11851,0.005592003,0.005591993,0.005591993,false,1635001174,1.333328,1,1,1,0,0,0,0,0,"Normalized",false,"Combo_Getup02=1","",21,"Object001",-0.1405685,0.6917072,-0.6092547,-0.1405684,0.8856441,-0.6092546,0.03356539,0.03297998,0.1939369
11852,15,1,"Pepe","Mankey",-1,0.1183786,0.1578375,0.1183786,11851,0.005592003,0.005591993,0.005591993,false,1635001174,1.333328,1,1,1,0,0,0,0,0,"Normalized",false,"Combo_Getup02=1","",22,"Monkey_eyes",-0.06747764,0.6640206,-0.8600295,-0.06747766,0.8579575,-0.8600295,0.03946662,0.03906564,0.1939369
11852,15,1,"Pepe","Mankey",-1,0.1183786,0.1578375,0.1183786,11851,0.005592003,0.005591993,0.005591993,false,1635001174,1.333328,1,1,1,0,0,0,0,0,"Normalized",false,"Combo_Getup02=1","",23,"Base HumanHeadBone001",-0.1016156,0.4622746,-0.7100066,-0.1016155,0.6562115,-0.7100066,0.02924354,0.02864742,0.1939369
11852,15,1,"Pepe","Mankey",-1,0.1183786,0.1578375,0.1183786,11851,0.005592003,0.005591993,0.005591993,false,1635001174,1.333328,1,1,1,0,0,0,0,0,"Normalized",false,"Combo_Getup02=1","",24,"Base HumanLDigit11",0.2129746,0.556168,-0.2953338,0.2129746,0.7501048,-0.2953339,0.02115881,0.02151709,0.1939368
11852,15,1,"Pepe","Mankey",-1,0.1183786,0.1578375,0.1183786,11851,0.005592003,0.005591993,0.005591993,false,1635001174,1.333328,1,1,1,0,0,0,0,0,"Normalized",false,"Combo_Getup02=1","",25,"Base HumanLDigit12",0.2570846,0.5636547,-0.2992388,0.2570847,0.7575916,-0.2992388,0.02205349,0.02256856,0.1939369
11852,15,1,"Pepe","Mankey",-1,0.1183786,0.1578375,0.1183786,11851,0.005592003,0.005591993,0.005591993,false,1635001174,1.333328,1,1,1,0,0,0,0,0,"Normalized",false,"Combo_Getup02=1","",26,"Base HumanLDigit13",0.2953889,0.5667545,-0.2941625,0.2953889,0.7606914,-0.2941625,0.02268865,0.02331683,0.1939369
11852,15,1,"Pepe","Mankey",-1,0.1183786,0.1578375,0.1183786,11851,0.005592003,0.005591993,0.005591993,false,1635001174,1.333328,1,1,1,0,0,0,0,0,"Normalized",false,"Combo_Getup02=1","",27,"Base HumanLDigit21",0.2698018,0.5851011,-0.2644916,0.2698017,0.779038,-0.2644916,0.02264688,0.02312296,0.1939369
11852,15,1,"Pepe","Mankey",-1,0.1183786,0.1578375,0.1183786,11851,0.005592003,0.005591993,0.005591993,false,1635001174,1.333328,1,1,1,0,0,0,0,0,"Normalized",false,"Combo_Getup02=1","",28,"Base HumanLDigit22",0.3284309,0.5999959,-0.260117,0.3284309,0.7939327,-0.2601169,0.02403639,0.02466711,0.1939368
11852,15,1,"Pepe","Mankey",-1,0.1183786,0.1578375,0.1183786,11851,0.005592003,0.005591993,0.005591993,false,1635001174,1.333328,1,1,1,0,0,0,0,0,"Normalized",false,"Combo_Getup02=1","",29,"Base HumanLDigit23",0.3816645,0.5985947,-0.2631852,0.3816645,0.7925317,-0.2631851,0.02504431,0.02583143,0.1939369
11852,15,1,"Pepe","Mankey",-1,0.1183786,0.1578375,0.1183786,11851,0.005592003,0.005591993,0.005591993,false,1635001174,1.333328,1,1,1,0,0,0,0,0,"Normalized",false,"Combo_Getup02=1","",30,"Base HumanLDigit31",0.275039,0.5546273,-0.2187904,0.275039,0.7485642,-0.2187904,0.02070917,0.02116191,0.1939369
11852,15,1,"Pepe","Mankey",-1,0.1183786,0.1578375,0.1183786,11851,0.005592003,0.005591993,0.005591993,false,1635001174,1.333328,1,1,1,0,0,0,0,0,"Normalized",false,"Combo_Getup02=1","",31,"Base HumanLDigit32",0.3258766,0.5656024,-0.206948,0.3258767,0.7595392,-0.2069481,0.02171356,0.02230847,0.1939368
11852,15,1,"Pepe","Mankey",-1,0.1183786,0.1578375,0.1183786,11851,0.005592003,0.005591993,0.005591993,false,1635001174,1.333328,1,1,1,0,0,0,0,0,"Normalized",false,"Combo_Getup02=1","",32,"Base HumanLDigit33",0.3802871,0.5613508,-0.2032577,0.3802874,0.7552876,-0.2032577,0.0225032,0.02327589,0.1939369
11852,15,1,"Pepe","Mankey",-1,0.1183786,0.1578375,0.1183786,11851,0.005592003,0.005591993,0.005591993,false,1635001174,1.333328,1,1,1,0,0,0,0,0,"Normalized",false,"Combo_Getup02=1","",33,"Base HumanLDigit41",0.2540272,0.5152978,-0.1783794,0.2540272,0.7092347,-0.1783794,0.01824154,0.0185766,0.1939369
11852,15,1,"Pepe","Mankey",-1,0.1183786,0.1578375,0.1183786,11851,0.005592003,0.005591993,0.005591993,false,1635001174,1.333328,1,1,1,0,0,0,0,0,"Normalized",false,"Combo_Getup02=1","",34,"Base HumanLDigit42",0.3041706,0.525544,-0.1633524,0.3041708,0.7194809,-0.1633524,0.01904907,0.01954629,0.1939369
11852,15,1,"Pepe","Mankey",-1,0.1183786,0.1578375,0.1183786,11851,0.005592003,0.005591993,0.005591993,false,1635001174,1.333328,1,1,1,0,0,0,0,0,"Normalized",false,"Combo_Getup02=1","",35,"Base HumanLDigit43",0.3585359,0.5214463,-0.1539465,0.358536,0.7153834,-0.1539465,0.01964897,0.02034659,0.193937
11852,15,1,"Pepe","Mankey",-1,0.1183786,0.1578375,0.1183786,11851,0.005592003,0.005591993,0.005591993,false,1635001174,1.333328,1,1,1,0,0,0,0,0,"Normalized",false,"Combo_Getup02=1","",36,"Base HumanRArmDigit11",0.1981916,0.1244203,-1.055989,0.1981916,0.3183573,-1.055989,0.01792362,0.01825987,0.1939369
11852,15,1,"Pepe","Mankey",-1,0.1183786,0.1578375,0.1183786,11851,0.005592003,0.005591993,0.005591993,false,1635001174,1.333328,1,1,1,0,0,0,0,0,"Normalized",false,"Combo_Getup02=1","",37,"Base HumanRArmDigit12",0.2366767,0.1456642,-1.065186,0.2366766,0.3396012,-1.065186,0.0197213,0.02006638,0.193937
11852,15,1,"Pepe","Mankey",-1,0.1183786,0.1578375,0.1183786,11851,0.005592003,0.005591993,0.005591993,false,1635001174,1.333328,1,1,1,0,0,0,0,0,"Normalized",false,"Combo_Getup02=1","",38,"Base HumanRArmDigit13",0.2730331,0.1547284,-1.075117,0.2730331,0.3486653,-1.075117,0.02065235,0.02101536,0.1939369
11852,15,1,"Pepe","Mankey",-1,0.1183786,0.1578375,0.1183786,11851,0.005592003,0.005591993,0.005591993,false,1635001174,1.333328,1,1,1,0,0,0,0,0,"Normalized",false,"Combo_Getup02=1","",39,"Base HumanRArmDigit21",0.2513134,0.13169,-1.102281,0.2513134,0.325627,-1.102281,0.01855249,0.01873475,0.193937
11852,15,1,"Pepe","Mankey",-1,0.1183786,0.1578375,0.1183786,11851,0.005592003,0.005591993,0.005591993,false,1635001174,1.333328,1,1,1,0,0,0,0,0,"Normalized",false,"Combo_Getup02=1","",40,"Base HumanRArmDigit22",0.3045719,0.1535845,-1.12132,0.304572,0.3475215,-1.12132,0.02045455,0.02063416,0.193937
11852,15,1,"Pepe","Mankey",-1,0.1183786,0.1578375,0.1183786,11851,0.005592003,0.005591993,0.005591993,false,1635001174,1.333328,1,1,1,0,0,0,0,0,"Normalized",false,"Combo_Getup02=1","",41,"Base HumanRArmDigit23",0.3547234,0.1711622,-1.125905,0.3547234,0.3650991,-1.125905,0.02246904,0.02270661,0.1939369
11852,15,1,"Pepe","Mankey",-1,0.1183786,0.1578375,0.1183786,11851,0.005592003,0.005591993,0.005591993,false,1635001174,1.333328,1,1,1,0,0,0,0,0,"Normalized",false,"Combo_Getup02=1","",42,"Base HumanRArmDigit31",0.2733863,0.08112023,-1.102725,0.2733864,0.2750572,-1.102725,0.0152286,0.01552896,0.193937
11852,15,1,"Pepe","Mankey",-1,0.1183786,0.1578375,0.1183786,11851,0.005592003,0.005591993,0.005591993,false,1635001174,1.333328,1,1,1,0,0,0,0,0,"Normalized",false,"Combo_Getup02=1","",43,"Base HumanRArmDigit32",0.3213361,0.09163652,-1.123591,0.321336,0.2855735,-1.123591,0.01639815,0.01666384,0.193937
11852,15,1,"Pepe","Mankey",-1,0.1183786,0.1578375,0.1183786,11851,0.005592003,0.005591993,0.005591993,false,1635001174,1.333328,1,1,1,0,0,0,0,0,"Normalized",false,"Combo_Getup02=1","",44,"Base HumanRArmDigit33",0.3744409,0.1021036,-1.1315,0.3744408,0.2960407,-1.1315,0.01801065,0.01833144,0.193937
11852,15,1,"Pepe","Mankey",-1,0.1183786,0.1578375,0.1183786,11851,0.005592003,0.005591993,0.005591993,false,1635001174,1.333328,1,1,1,0,0,0,0,0,"Normalized",false,"Combo_Getup02=1","",45,"Base HumanRArmDigit41",0.2716943,0.02222907,-1.090464,0.2716944,0.216166,-1.090464,0.01133993,0.01187092,0.193937
11852,15,1,"Pepe","Mankey",-1,0.1183786,0.1578375,0.1183786,11851,0.005592003,0.005591993,0.005591993,false,1635001174,1.333328,1,1,1,0,0,0,0,0,"Normalized",false,"Combo_Getup02=1","",46,"Base HumanRArmDigit42",0.3197033,0.02876813,-1.11277,0.3197034,0.2227051,-1.11277,0.0122182,0.01267106,0.193937
11852,15,1,"Pepe","Mankey",-1,0.1183786,0.1578375,0.1183786,11851,0.005592003,0.005591993,0.005591993,false,1635001174,1.333328,1,1,1,0,0,0,0,0,"Normalized",false,"Combo_Getup02=1","",47,"Base HumanRArmDigit43",0.3735338,0.03371592,-1.124548,0.3735337,0.2276529,-1.124548,0.013525,0.01399728,0.1939369
11852,15,1,"Pepe","Mankey",-1,0.1183786,0.1578375,0.1183786,11851,0.005592003,0.005591993,0.005591993,false,1635001174,1.333328,1,1,1,0,0,0,0,0,"Normalized",false,"Combo_Getup02=1","",48,"Base HumanSpine4",-0.1972946,0.2747696,-0.6625658,-0.1972947,0.4687065,-0.6625658,0.01531358,0.01424422,0.1939369
11853,15,1,"Pepe","Mankey",-1,0.1221711,0.1628942,0.1221711,11852,0.005056649,0.005056654,0.005056654,false,1635001174,1.333328,1,1,1,0,0,0,0,0,"Normalized",false,"Combo_Getup02=1","",0,"Base HumanPelvis",0.06732637,0.05067423,-0.4832367,0.06732637,0.242382,-0.4832367,0.001312329,0.002593328,0.1917077
11853,15,1,"Pepe","Mankey",-1,0.1221711,0.1628942,0.1221711,11852,0.005056649,0.005056654,0.005056654,false,1635001174,1.333328,1,1,1,0,0,0,0,0,"Normalized",false,"Combo_Getup02=1","",1,"Base HumanLLeg1",0.01712872,0.086639,-0.3788759,0.01712873,0.2783467,-0.3788759,0.002601476,0.002515477,0.1917077
11853,15,1,"Pepe","Mankey",-1,0.1221711,0.1628942,0.1221711,11852,0.005056649,0.005056654,0.005056654,false,1635001174,1.333328,1,1,1,0,0,0,0,0,"Normalized",false,"Combo_Getup02=1","",2,"Base HumanRLeg1",0.117524,0.01470944,-0.5875974,0.117524,0.2064172,-0.5875974,0.001397463,0.00352125,0.1917077
11853,15,1,"Pepe","Mankey",-1,0.1221711,0.1628942,0.1221711,11852,0.005056649,0.005056654,0.005056654,false,1635001174,1.333328,1,1,1,0,0,0,0,0,"Normalized",false,"Combo_Getup02=1","",3,"Base HumanLLeg2",0.009179539,0.3524984,-0.1275346,0.009179533,0.5442061,-0.1275346,0.01390881,0.013937,0.1917077
11853,15,1,"Pepe","Mankey",-1,0.1221711,0.1628942,0.1221711,11852,0.005056649,0.005056654,0.005056654,false,1635001174,1.333328,1,1,1,0,0,0,0,0,"Normalized",false,"Combo_Getup02=1","",4,"Base HumanRLeg2",0.4316294,0.1948573,-0.5346687,0.4316295,0.386565,-0.5346687,0.007351005,0.005766011,0.1917077
11853,15,1,"Pepe","Mankey",-1,0.1221711,0.1628942,0.1221711,11852,0.005056649,0.005056654,0.005056654,false,1635001174,1.333328,1,1,1,0,0,0,0,0,"Normalized",false,"Combo_Getup02=1","",5,"Base HumanLLegAnkle",0.275947,0.1247701,-0.180679,0.275947,0.3164778,-0.180679,0.01512623,0.01518034,0.1917078
11853,15,1,"Pepe","Mankey",-1,0.1221711,0.1628942,0.1221711,11852,0.005056649,0.005056654,0.005056654,false,1635001174,1.333328,1,1,1,0,0,0,0,0,"Normalized",false,"Combo_Getup02=1","",6,"Base HumanRLegAnkle",0.7484308,0.1431425,-0.383633,0.7484308,0.3348503,-0.383633,0.01396116,0.01424089,0.1917077
11853,15,1,"Pepe","Mankey",-1,0.1221711,0.1628942,0.1221711,11852,0.005056649,0.005056654,0.005056654,false,1635001174,1.333328,1,1,1,0,0,0,0,0,"Normalized",false,"Combo_Getup02=1","",7,"Base HumanSpine1",0.02805927,0.05930982,-0.5051002,0.02805927,0.2510175,-0.5051002,0.001406065,0.001951512,0.1917077
11853,15,1,"Pepe","Mankey",-1,0.1221711,0.1628942,0.1221711,11852,0.005056649,0.005056654,0.005056654,false,1635001174,1.333328,1,1,1,0,0,0,0,0,"Normalized",false,"Combo_Getup02=1","",8,"Base HumanSpine3",-0.1449734,0.1866031,-0.6107891,-0.1449735,0.3783108,-0.6107891,0.008660773,0.007083422,0.1917077
11853,15,1,"Pepe","Mankey",-1,0.1221711,0.1628942,0.1221711,11852,0.005056649,0.005056654,0.005056654,false,1635001174,1.333328,1,1,1,0,0,0,0,0,"Normalized",false,"Combo_Getup02=1","",9,"Base HumanNeck1",-0.2175359,0.4245174,-0.7456451,-0.2175359,0.6162251,-0.7456451,0.02385164,0.0228871,0.1917076
11853,15,1,"Pepe","Mankey",-1,0.1221711,0.1628942,0.1221711,11852,0.005056649,0.005056654,0.005056654,false,1635001174,1.333328,1,1,1,0,0,0,0,0,"Normalized",false,"Combo_Getup02=1","",10,"Base HumanHead",-0.2486104,0.5671536,-0.7743596,-0.2486104,0.7588612,-0.7743596,0.03249186,0.03161798,0.1917077
11853,15,1,"Pepe","Mankey",-1,0.1221711,0.1628942,0.1221711,11852,0.005056649,0.005056654,0.005056654,false,1635001174,1.333328,1,1,1,0,0,0,0,0,"Normalized",false,"Combo_Getup02=1","",11,"Base HumanLCollarbone",-0.1085639,0.4179319,-0.7161096,-0.1085639,0.6096396,-0.7161096,0.02062031,0.02031902,0.1917077
11853,15,1,"Pepe","Mankey",-1,0.1221711,0.1628942,0.1221711,11852,0.005056649,0.005056654,0.005056654,false,1635001174,1.333328,1,1,1,0,0,0,0,0,"Normalized",false,"Combo_Getup02=1","",12,"Base HumanRArmCollarbone",-0.1129403,0.3877133,-0.7679122,-0.1129402,0.579421,-0.7679123,0.01930229,0.01896133,0.1917077
11853,15,1,"Pepe","Mankey",-1,0.1221711,0.1628942,0.1221711,11852,0.005056649,0.005056654,0.005056654,false,1635001174,1.333328,1,1,1,0,0,0,0,0,"Normalized",false,"Combo_Getup02=1","",13,"Base HumanLUpperarm",-0.2043343,0.5189744,-0.5558981,-0.2043343,0.7106822,-0.5558981,0.02701563,0.02621215,0.1917078
11853,15,1,"Pepe","Mankey",-1,0.1221711,0.1628942,0.1221711,11852,0.005056649,0.005056654,0.005056654,false,1635001174,1.333328,1,1,1,0,0,0,0,0,"Normalized",false,"Combo_Getup02=1","",14,"Base HumanRArmUpperarm",-0.2273595,0.3058972,-0.9268579,-0.2273596,0.4976049,-0.9268579,0.01978936,0.01857305,0.1917077
11853,15,1,"Pepe","Mankey",-1,0.1221711,0.1628942,0.1221711,11852,0.005056649,0.005056654,0.005056654,false,1635001174,1.333328,1,1,1,0,0,0,0,0,"Normalized",false,"Combo_Getup02=1","",15,"Base HumanLForearm",-0.08737854,0.5098462,-0.2996247,-0.08737856,0.7015539,-0.2996246,0.01801312,0.01718551,0.1917077
11853,15,1,"Pepe","Mankey",-1,0.1221711,0.1628942,0.1221711,11852,0.005056649,0.005056654,0.005056654,false,1635001174,1.333328,1,1,1,0,0,0,0,0,"Normalized",false,"Combo_Getup02=1","",16,"Base HumanRArmForearm",-0.08165578,0.0646383,-0.9285636,-0.08165577,0.256346,-0.9285636,0.006578565,0.005989674,0.1917077
11853,15,1,"Pepe","Mankey",-1,0.1221711,0.1628942,0.1221711,11852,0.005056649,0.005056654,0.005056654,false,1635001174,1.333328,1,1,1,0,0,0,0,0,"Normalized",false,"Combo_Getup02=1","",17,"Base HumanLPalm",0.1673667,0.5229907,-0.2724207,0.1673667,0.7146984,-0.2724207,0.01675925,0.017013,0.1917077
11853,15,1,"Pepe","Mankey",-1,0.1221711,0.1628942,0.1221711,11852,0.005056649,0.005056654,0.005056654,false,1635001174,1.333328,1,1,1,0,0,0,0,0,"Normalized",false,"Combo_Getup02=1","",18,"Base HumanRArmPalm",0.1564683,0.06884264,-1.02389,0.1564683,0.2605504,-1.02389,0.01256367,0.01320618,0.1917077
11853,15,1,"Pepe","Mankey",-1,0.1221711,0.1628942,0.1221711,11852,0.005056649,0.005056654,0.005056654,false,1635001174,1.333328,1,1,1,0,0,0,0,0,"Normalized",false,"Combo_Getup02=1","",19,"Base HumanLLegDigit11",0.4104143,0.2897636,0.002536978,0.4104144,0.4814713,0.002537012,0.01306327,0.01384553,0.1917077
11853,15,1,"Pepe","Mankey",-1,0.1221711,0.1628942,0.1221711,11852,0.005056649,0.005056654,0.005056654,false,1635001174,1.333328,1,1,1,0,0,0,0,0,"Normalized",false,"Combo_Getup02=1","",20,"Base HumanRLegDigit11",0.845335,0.3859731,-0.486176,0.845335,0.5776808,-0.486176,0.01518608,0.0153751,0.1917077
11853,15,1,"Pepe","Mankey",-1,0.1221711,0.1628942,0.1221711,11852,0.005056649,0.005056654,0.005056654,false,1635001174,1.333328,1,1,1,0,0,0,0,0,"Normalized",false,"Combo_Getup02=1","",21,"Object001",-0.112002,0.701395,-0.6082017,-0.112002,0.8931025,-0.6082017,0.03018286,0.02954283,0.1917076
11853,15,1,"Pepe","Mankey",-1,0.1221711,0.1628942,0.1221711,11852,0.005056649,0.005056654,0.005056654,false,1635001174,1.333328,1,1,1,0,0,0,0,0,"Normalized",false,"Combo_Getup02=1","",22,"Monkey_eyes",-0.03265484,0.6716545,-0.8568308,-0.03265478,0.8633622,-0.8568307,0.03579295,0.03538467,0.1917077
11853,15,1,"Pepe","Mankey",-1,0.1221711,0.1628942,0.1221711,11852,0.005056649,0.005056654,0.005056654,false,1635001174,1.333328,1,1,1,0,0,0,0,0,"Normalized",false,"Combo_Getup02=1","",23,"Base HumanHeadBone001",-0.07677282,0.4709524,-0.7080154,-0.07677284,0.6626601,-0.7080154,0.02638997,0.02574315,0.1917078
11853,15,1,"Pepe","Mankey",-1,0.1221711,0.1628942,0.1221711,11852,0.005056649,0.005056654,0.005056654,false,1635001174,1.333328,1,1,1,0,0,0,0,0,"Normalized",false,"Combo_Getup02=1","",24,"Base HumanLDigit11",0.2310812,0.5524071,-0.2940485,0.2310813,0.7441148,-0.2940484,0.01853769,0.01911504,0.1917077
11853,15,1,"Pepe","Mankey",-1,0.1221711,0.1628942,0.1221711,11852,0.005056649,0.005056654,0.005056654,false,1635001174,1.333328,1,1,1,0,0,0,0,0,"Normalized",false,"Combo_Getup02=1","",25,"Base HumanLDigit12",0.2754948,0.5579778,-0.2977079,0.2754949,0.7496855,-0.2977079,0.01932632,0.02009436,0.1917077
11853,15,1,"Pepe","Mankey",-1,0.1221711,0.1628942,0.1221711,11852,0.005056649,0.005056654,0.005056654,false,1635001174,1.333328,1,1,1,0,0,0,0,0,"Normalized",false,"Combo_Getup02=1","",26,"Base HumanLDigit13",0.3138564,0.5595968,-0.292382,0.3138564,0.7513046,-0.2923818,0.01988597,0.02079256,0.1917078
11853,15,1,"Pepe","Mankey",-1,0.1221711,0.1628942,0.1221711,11852,0.005056649,0.005056654,0.005056654,false,1635001174,1.333328,1,1,1,0,0,0,0,0,"Normalized",false,"Combo_Getup02=1","",27,"Base HumanLDigit21",0.2887823,0.5796328,-0.2632746,0.2887824,0.7713405,-0.2632745,0.01978998,0.02051825,0.1917077
11853,15,1,"Pepe","Mankey",-1,0.1221711,0.1628942,0.1221711,11852,0.005056649,0.005056654,0.005056654,false,1635001174,1.333328,1,1,1,0,0,0,0,0,"Normalized",false,"Combo_Getup02=1","",28,"Base HumanLDigit22",0.347918,0.5922871,-0.2586698,0.3479179,0.7839947,-0.2586696,0.02100641,0.02192265,0.1917077
11853,15,1,"Pepe","Mankey",-1,0.1221711,0.1628942,0.1221711,11852,0.005056649,0.005056654,0.005056654,false,1635001174,1.333328,1,1,1,0,0,0,0,0,"Normalized",false,"Combo_Getup02=1","",29,"Base HumanLDigit23",0.4010612,0.5885774,-0.2613583,0.4010613,0.7802852,-0.2613581,0.02190704,0.02301195,0.1917077
11853,15,1,"Pepe","Mankey",-1,0.1221711,0.1628942,0.1221711,11852,0.005056649,0.005056654,0.005056654,false,1635001174,1.333328,1,1,1,0,0,0,0,0,"Normalized",false,"Combo_Getup02=1","",30,"Base HumanLDigit31",0.2924257,0.5498714,-0.2169533,0.2924258,0.7415792,-0.2169531,0.01811882,0.01882718,0.1917078
11853,15,1,"Pepe","Mankey",-1,0.1221711,0.1628942,0.1221711,11852,0.005056649,0.005056654,0.005056654,false,1635001174,1.333328,1,1,1,0,0,0,0,0,"Normalized",false,"Combo_Getup02=1","",31,"Base HumanLDigit32",0.3435868,0.5590141,-0.2049485,0.343587,0.7507218,-0.2049485,0.01900144,0.01988462,0.1917077
11853,15,1,"Pepe","Mankey",-1,0.1221711,0.1628942,0.1221711,11852,0.005056649,0.005056654,0.005056654,false,1635001174,1.333328,1,1,1,0,0,0,0,0,"Normalized",false,"Combo_Getup02=1","",32,"Base HumanLDigit33",0.3977435,0.552483,-0.2008743,0.3977436,0.7441908,-0.2008741,0.01972415,0.02082167,0.1917077
11853,15,1,"Pepe","Mankey",-1,0.1221711,0.1628942,0.1221711,11852,0.005056649,0.005056654,0.005056654,false,1635001174,1.333328,1,1,1,0,0,0,0,0,"Normalized",false,"Combo_Getup02=1","",33,"Base HumanLDigit41",0.2695273,0.5122133,-0.1759791,0.2695273,0.7039211,-0.175979,0.01598525,0.01656044,0.1917077
11853,15,1,"Pepe","Mankey",-1,0.1221711,0.1628942,0.1221711,11852,0.005056649,0.005056654,0.005056654,false,1635001174,1.333328,1,1,1,0,0,0,0,0,"Normalized",false,"Combo_Getup02=1","",34,"Base HumanLDigit42",0.3199584,0.5207171,-0.1608282,0.3199585,0.7124248,-0.1608282,0.01670104,0.01747611,0.1917076
11853,15,1,"Pepe","Mankey",-1,0.1221711,0.1628942,0.1221711,11852,0.005056649,0.005056654,0.005056654,false,1635001174,1.333328,1,1,1,0,0,0,0,0,"Normalized",false,"Combo_Getup02=1","",35,"Base HumanLDigit43",0.3740587,0.5144411,-0.1511008,0.3740588,0.7061489,-0.1511008,0.01726635,0.01828464,0.1917078
11853,15,1,"Pepe","Mankey",-1,0.1221711,0.1628942,0.1221711,11852,0.005056649,0.005056654,0.005056654,false,1635001174,1.333328,1,1,1,0,0,0,0,0,"Normalized",false,"Combo_Getup02=1","",36,"Base HumanRArmDigit11",0.2042943,0.1217928,-1.041255,0.2042944,0.3135005,-1.041255,0.01616289,0.01667126,0.1917077
11853,15,1,"Pepe","Mankey",-1,0.1221711,0.1628942,0.1221711,11852,0.005056649,0.005056654,0.005056654,false,1635001174,1.333328,1,1,1,0,0,0,0,0,"Normalized",false,"Combo_Getup02=1","",37,"Base HumanRArmDigit12",0.2433707,0.1425282,-1.049005,0.2433708,0.3342359,-1.049005,0.0177895,0.01831456,0.1917077
11853,15,1,"Pepe","Mankey",-1,0.1221711,0.1628942,0.1221711,11852,0.005056649,0.005056654,0.005056654,false,1635001174,1.333328,1,1,1,0,0,0,0,0,"Normalized",false,"Combo_Getup02=1","",38,"Base HumanRArmDigit13",0.2800055,0.1511847,-1.058254,0.2800058,0.3428923,-1.058254,0.01858905,0.01913974,0.1917077
11853,15,1,"Pepe","Mankey",-1,0.1221711,0.1628942,0.1221711,11852,0.005056649,0.005056654,0.005056654,false,1635001174,1.333328,1,1,1,0,0,0,0,0,"Normalized",false,"Combo_Getup02=1","",39,"Base HumanRArmDigit21",0.2577477,0.1305267,-1.086908,0.2577477,0.3222344,-1.086908,0.01670597,0.01700724,0.1917077
11853,15,1,"Pepe","Mankey",-1,0.1221711,0.1628942,0.1221711,11852,0.005056649,0.005056654,0.005056654,false,1635001174,1.333328,1,1,1,0,0,0,0,0,"Normalized",false,"Combo_Getup02=1","",40,"Base HumanRArmDigit22",0.3116399,0.1521829,-1.104371,0.31164,0.3438906,-1.104371,0.01841738,0.01871956,0.1917077
11853,15,1,"Pepe","Mankey",-1,0.1221711,0.1628942,0.1221711,11852,0.005056649,0.005056654,0.005056654,false,1635001174,1.333328,1,1,1,0,0,0,0,0,"Normalized",false,"Combo_Getup02=1","",41,"Base HumanRArmDigit23",0.3622638,0.1687346,-1.107275,0.3622639,0.3604422,-1.107275,0.02024412,0.02063066,0.1917076
11853,15,1,"Pepe","Mankey",-1,0.1221711,0.1628942,0.1221711,11852,0.005056649,0.005056654,0.005056654,false,1635001174,1.333328,1,1,1,0,0,0,0,0,"Normalized",false,"Combo_Getup02=1","",42,"Base HumanRArmDigit31",0.2785362,0.07953335,-1.090404,0.2785363,0.2712411,-1.090404,0.01344761,0.01388821,0.1917077
11853,15,1,"Pepe","Mankey",-1,0.1221711,0.1628942,0.1221711,11852,0.005056649,0.005056654,0.005056654,false,1635001174,1.333328,1,1,1,0,0,0,0,0,"Normalized",false,"Combo_Getup02=1","",43,"Base HumanRArmDigit32",0.3268845,0.09012751,-1.110289,0.3268847,0.2818352,-1.110288,0.0144922,0.01489054,0.1917077
11853,15,1,"Pepe","Mankey",-1,0.1221711,0.1628942,0.1221711,11852,0.005056649,0.005056654,0.005056654,false,1635001174,1.333328,1,1,1,0,0,0,0,0,"Normalized",false,"Combo_Getup02=1","",44,"Base HumanRArmDigit33",0.3803312,0.09972602,-1.116887,0.3803313,0.2914337,-1.116887,0.01593361,0.01641509,0.1917077
11853,15,1,"Pepe","Mankey",-1,0.1221711,0.1628942,0.1221711,11852,0.005056649,0.005056654,0.005056654,false,1635001174,1.333328,1,1,1,0,0,0,0,0,"Normalized",false,"Combo_Getup02=1","",45,"Base HumanRArmDigit41",0.275312,0.02006448,-1.081777,0.2753121,0.2117722,-1.081777,0.0096554,0.01038508,0.1917077
11853,15,1,"Pepe","Mankey",-1,0.1221711,0.1628942,0.1221711,11852,0.005056649,0.005056654,0.005056654,false,1635001174,1.333328,1,1,1,0,0,0,0,0,"Normalized",false,"Combo_Getup02=1","",46,"Base HumanRArmDigit42",0.3236485,0.02686128,-1.103285,0.3236485,0.218569,-1.103285,0.01044847,0.01107437,0.1917077
11853,15,1,"Pepe","Mankey",-1,0.1221711,0.1628942,0.1221711,11852,0.005056649,0.005056654,0.005056654,false,1635001174,1.333328,1,1,1,0,0,0,0,0,"Normalized",false,"Combo_Getup02=1","",47,"Base HumanRArmDigit43",0.3777485,0.03126832,-1.113994,0.3777486,0.222976,-1.113994,0.01162523,0.0122893,0.1917077
11853,15,1,"Pepe","Mankey",-1,0.1221711,0.1628942,0.1221711,11852,0.005056649,0.005056654,0.005056654,false,1635001174,1.333328,1,1,1,0,0,0,0,0,"Normalized",false,"Combo_Getup02=1","",48,"Base HumanSpine4",-0.1871352,0.2837195,-0.66608,-0.1871352,0.4754272,-0.66608,0.01398796,0.01267796,0.1917077
11854,15,1,"Pepe","Mankey",-1,0.1256511,0.1675341,0.1256511,11853,0.004639953,0.004639952,0.004639952,false,1635001174,1.333328,1,1,1,0,0,0,0,0,"Normalized",false,"Combo_Getup02=1","",0,"Base HumanPelvis",0.06623878,0.05071328,-0.483565,0.06623878,0.2404074,-0.483565,0.001136726,0.002278043,0.1896941
11854,15,1,"Pepe","Mankey",-1,0.1256511,0.1675341,0.1256511,11853,0.004639953,0.004639952,0.004639952,false,1635001174,1.333328,1,1,1,0,0,0,0,0,"Normalized",false,"Combo_Getup02=1","",1,"Base HumanLLeg1",0.01543088,0.0877531,-0.3798778,0.01543089,0.2774472,-0.3798777,0.00226441,0.00216689,0.1896941
11854,15,1,"Pepe","Mankey",-1,0.1256511,0.1675341,0.1256511,11853,0.004639953,0.004639952,0.004639952,false,1635001174,1.333328,1,1,1,0,0,0,0,0,"Normalized",false,"Combo_Getup02=1","",2,"Base HumanRLeg1",0.1170467,0.01367345,-0.5872522,0.1170467,0.2033676,-0.5872522,0.001191747,0.003105968,0.1896941
11854,15,1,"Pepe","Mankey",-1,0.1256511,0.1675341,0.1256511,11853,0.004639953,0.004639952,0.004639952,false,1635001174,1.333328,1,1,1,0,0,0,0,0,"Normalized",false,"Combo_Getup02=1","",3,"Base HumanLLeg2",-0.001944289,0.3543488,-0.1297944,-0.001944326,0.5440429,-0.1297944,0.01150088,0.01135225,0.1896941
11854,15,1,"Pepe","Mankey",-1,0.1256511,0.1675341,0.1256511,11853,0.004639953,0.004639952,0.004639952,false,1635001174,1.333328,1,1,1,0,0,0,0,0,"Normalized",false,"Combo_Getup02=1","",4,"Base HumanRLeg2",0.4273173,0.2004128,-0.5345505,0.4273173,0.3901069,-0.5345504,0.007033608,0.005581573,0.1896941
11854,15,1,"Pepe","Mankey",-1,0.1256511,0.1675341,0.1256511,11853,0.004639953,0.004639952,0.004639952,false,1635001174,1.333328,1,1,1,0,0,0,0,0,"Normalized",false,"Combo_Getup02=1","",5,"Base HumanLLegAnkle",0.263371,0.1247438,-0.1821277,0.263371,0.3144379,-0.1821277,0.01265921,0.01282245,0.1896941
11854,15,1,"Pepe","Mankey",-1,0.1256511,0.1675341,0.1256511,11853,0.004639953,0.004639952,0.004639952,false,1635001174,1.333328,1,1,1,0,0,0,0,0,"Normalized",false,"Combo_Getup02=1","",6,"Base HumanRLegAnkle",0.7391241,0.1433622,-0.3752677,0.7391241,0.3330564,-0.3752677,0.01251564,0.01264168,0.1896942
11854,15,1,"Pepe","Mankey",-1,0.1256511,0.1675341,0.1256511,11853,0.004639953,0.004639952,0.004639952,false,1635001174,1.333328,1,1,1,0,0,0,0,0,"Normalized",false,"Combo_Getup02=1","",7,"Base HumanSpine1",0.02739978,0.06000875,-0.5059171,0.02739978,0.2497029,-0.5059171,0.001261278,0.001682461,0.1896941
11854,15,1,"Pepe","Mankey",-1,0.1256511,0.1675341,0.1256511,11853,0.004639953,0.004639952,0.004639952,false,1635001174,1.333328,1,1,1,0,0,0,0,0,"Normalized",false,"Combo_Getup02=1","",8,"Base HumanSpine3",-0.1405012,0.1926729,-0.6132648,-0.1405012,0.382367,-0.6132648,0.007935577,0.006525604,0.1896941
11854,15,1,"Pepe","Mankey",-1,0.1256511,0.1675341,0.1256511,11853,0.004639953,0.004639952,0.004639952,false,1635001174,1.333328,1,1,1,0,0,0,0,0,"Normalized",false,"Combo_Getup02=1","",9,"Base HumanNeck1",-0.1983769,0.4339968,-0.7488014,-0.1983769,0.6236909,-0.7488014,0.02160763,0.02080309,0.1896941
11854,15,1,"Pepe","Mankey",-1,0.1256511,0.1675341,0.1256511,11853,0.004639953,0.004639952,0.004639952,false,1635001174,1.333328,1,1,1,0,0,0,0,0,"Normalized",false,"Combo_Getup02=1","",10,"Base HumanHead",-0.2214361,0.5784308,-0.7760463,-0.2214361,0.7681249,-0.7760463,0.02946965,0.02875941,0.1896941
11854,15,1,"Pepe","Mankey",-1,0.1256511,0.1675341,0.1256511,11853,0.004639953,0.004639952,0.004639952,false,1635001174,1.333328,1,1,1,0,0,0,0,0,"Normalized",false,"Combo_Getup02=1","",11,"Base HumanLCollarbone",-0.09035078,0.4207563,-0.7180495,-0.09035079,0.6104504,-0.7180495,0.01853257,0.01833406,0.1896942
11854,15,1,"Pepe","Mankey",-1,0.1256511,0.1675341,0.1256511,11853,0.004639953,0.004639952,0.004639952,false,1635001174,1.333328,1,1,1,0,0,0,0,0,"Normalized",false,"Combo_Getup02=1","",12,"Base HumanRArmCollarbone",-0.09599615,0.3908248,-0.769896,-0.09599614,0.580519,-0.769896,0.01734127,0.01709512,0.1896941
11854,15,1,"Pepe","Mankey",-1,0.1256511,0.1675341,0.1256511,11853,0.004639953,0.004639952,0.004639952,false,1635001174,1.333328,1,1,1,0,0,0,0,0,"Normalized",false,"Combo_Getup02=1","",13,"Base HumanLUpperarm",-0.1816912,0.5275499,-0.5589856,-0.1816912,0.717244,-0.5589856,0.02440866,0.02377613,0.1896941
11854,15,1,"Pepe","Mankey",-1,0.1256511,0.1675341,0.1256511,11853,0.004639953,0.004639952,0.004639952,false,1635001174,1.333328,1,1,1,0,0,0,0,0,"Normalized",false,"Combo_Getup02=1","",14,"Base HumanRArmUpperarm",-0.2129359,0.3161922,-0.9305337,-0.2129359,0.5058863,-0.9305338,0.01809802,0.0170333,0.1896941
11854,15,1,"Pepe","Mankey",-1,0.1256511,0.1675341,0.1256511,11853,0.004639953,0.004639952,0.004639952,false,1635001174,1.333328,1,1,1,0,0,0,0,0,"Normalized",false,"Combo_Getup02=1","",15,"Base HumanLForearm",-0.07255959,0.5155854,-0.299399,-0.07255954,0.7052795,-0.299399,0.01589308,0.01528182,0.1896941
11854,15,1,"Pepe","Mankey",-1,0.1256511,0.1675341,0.1256511,11853,0.004639953,0.004639952,0.004639952,false,1635001174,1.333328,1,1,1,0,0,0,0,0,"Normalized",false,"Combo_Getup02=1","",16,"Base HumanRArmForearm",-0.08011442,0.06770305,-0.9234663,-0.08011445,0.2573971,-0.9234663,0.006144157,0.00542801,0.1896941
11854,15,1,"Pepe","Mankey",-1,0.1256511,0.1675341,0.1256511,11853,0.004639953,0.004639952,0.004639952,false,1635001174,1.333328,1,1,1,0,0,0,0,0,"Normalized",false,"Combo_Getup02=1","",17,"Base HumanLPalm",0.1822425,0.5212913,-0.2702226,0.1822426,0.7109854,-0.2702226,0.01513311,0.01548914,0.1896941
11854,15,1,"Pepe","Mankey",-1,0.1256511,0.1675341,0.1256511,11853,0.004639953,0.004639952,0.004639952,false,1635001174,1.333328,1,1,1,0,0,0,0,0,"Normalized",false,"Combo_Getup02=1","",18,"Base HumanRArmPalm",0.1601386,0.06607753,-1.013376,0.1601386,0.2557717,-1.013376,0.01147451,0.01211823,0.1896942
11854,15,1,"Pepe","Mankey",-1,0.1256511,0.1675341,0.1256511,11853,0.004639953,0.004639952,0.004639952,false,1635001174,1.333328,1,1,1,0,0,0,0,0,"Normalized",false,"Combo_Getup02=1","",19,"Base HumanLLegDigit11",0.3998486,0.286265,0.002688966,0.3998486,0.4759592,0.002688944,0.01113089,0.01191812,0.1896942
11854,15,1,"Pepe","Mankey",-1,0.1256511,0.1675341,0.1256511,11853,0.004639953,0.004639952,0.004639952,false,1635001174,1.333328,1,1,1,0,0,0,0,0,"Normalized",false,"Combo_Getup02=1","",20,"Base HumanRLegDigit11",0.8377882,0.3867226,-0.4748333,0.837788,0.5764167,-0.4748334,0.01364446,0.01368248,0.1896941
11854,15,1,"Pepe","Mankey",-1,0.1256511,0.1675341,0.1256511,11853,0.004639953,0.004639952,0.004639952,false,1635001174,1.333328,1,1,1,0,0,0,0,0,"Normalized",false,"Combo_Getup02=1","",21,"Object001",-0.08582581,0.7090005,-0.6061864,-0.08582583,0.8986946,-0.6061864,0.0273331,0.02684258,0.1896941
11854,15,1,"Pepe","Mankey",-1,0.1256511,0.1675341,0.1256511,11853,0.004639953,0.004639952,0.004639952,false,1635001174,1.333328,1,1,1,0,0,0,0,0,"Normalized",false,"Combo_Getup02=1","",22,"Monkey_eyes",-0.0007372776,0.6773236,-0.8526683,-0.00073722,0.8670177,-0.8526684,0.03268327,0.03239473,0.1896941
11854,15,1,"Pepe","Mankey",-1,0.1256511,0.1675341,0.1256511,11853,0.004639953,0.004639952,0.004639952,false,1635001174,1.333328,1,1,1,0,0,0,0,0,"Normalized",false,"Combo_Getup02=1","",23,"Base HumanHeadBone001",-0.05396648,0.4777667,-0.7053001,-0.05396646,0.6674609,-0.7053002,0.02395699,0.02346381,0.1896941
11854,15,1,"Pepe","Mankey",-1,0.1256511,0.1675341,0.1256511,11853,0.004639953,0.004639952,0.004639952,false,1635001174,1.333328,1,1,1,0,0,0,0,0,"Normalized",false,"Combo_Getup02=1","",24,"Base HumanLDigit11",0.247131,0.5480849,-0.2917682,0.2471311,0.7377791,-0.2917681,0.01677727,0.01740509,0.1896942
11854,15,1,"Pepe","Mankey",-1,0.1256511,0.1675341,0.1256511,11853,0.004639953,0.004639952,0.004639952,false,1635001174,1.333328,1,1,1,0,0,0,0,0,"Normalized",false,"Combo_Getup02=1","",25,"Base HumanLDigit12",0.2917474,0.5519572,-0.2951402,0.2917475,0.7416513,-0.2951401,0.0175211,0.01831094,0.1896941
11854,15,1,"Pepe","Mankey",-1,0.1256511,0.1675341,0.1256511,11853,0.004639953,0.004639952,0.004639952,false,1635001174,1.333328,1,1,1,0,0,0,0,0,"Normalized",false,"Combo_Getup02=1","",26,"Base HumanLDigit13",0.3301035,0.5522551,-0.2895443,0.3301036,0.7419492,-0.2895441,0.01805336,0.01896173,0.1896941
11854,15,1,"Pepe","Mankey",-1,0.1256511,0.1675341,0.1256511,11853,0.004639953,0.004639952,0.004639952,false,1635001174,1.333328,1,1,1,0,0,0,0,0,"Normalized",false,"Combo_Getup02=1","",27,"Base HumanLDigit21",0.3055291,0.5737118,-0.2609362,0.3055292,0.7634058,-0.2609361,0.01791603,0.01867837,0.189694
11854,15,1,"Pepe","Mankey",-1,0.1256511,0.1675341,0.1256511,11853,0.004639953,0.004639952,0.004639952,false,1635001174,1.333328,1,1,1,0,0,0,0,0,"Normalized",false,"Combo_Getup02=1","",28,"Base HumanLDigit22",0.3650343,0.5843624,-0.2560306,0.3650345,0.7740566,-0.2560305,0.01904555,0.01996763,0.1896942
11854,15,1,"Pepe","Mankey",-1,0.1256511,0.1675341,0.1256511,11853,0.004639953,0.004639952,0.004639952,false,1635001174,1.333328,1,1,1,0,0,0,0,0,"Normalized",false,"Combo_Getup02=1","",29,"Base HumanLDigit23",0.4180146,0.578617,-0.2583259,0.4180149,0.7683111,-0.2583257,0.01989531,0.02097609,0.1896942
11854,15,1,"Pepe","Mankey",-1,0.1256511,0.1675341,0.1256511,11853,0.004639953,0.004639952,0.004639952,false,1635001174,1.333328,1,1,1,0,0,0,0,0,"Normalized",false,"Combo_Getup02=1","",30,"Base HumanLDigit31",0.3077516,0.5445575,-0.2141412,0.3077517,0.7342516,-0.214141,0.01646296,0.01721874,0.1896941
11854,15,1,"Pepe","Mankey",-1,0.1256511,0.1675341,0.1256511,11853,0.004639953,0.004639952,0.004639952,false,1635001174,1.333328,1,1,1,0,0,0,0,0,"Normalized",false,"Combo_Getup02=1","",31,"Base HumanLDigit32",0.3591292,0.5520449,-0.2019165,0.3591293,0.7417389,-0.2019165,0.01730109,0.01820569,0.189694
11854,15,1,"Pepe","Mankey",-1,0.1256511,0.1675341,0.1256511,11853,0.004639953,0.004639952,0.004639952,false,1635001174,1.333328,1,1,1,0,0,0,0,0,"Normalized",false,"Combo_Getup02=1","",32,"Base HumanLDigit33",0.4129729,0.5434933,-0.197453,0.4129732,0.7331875,-0.197453,0.01801264,0.01909757,0.1896942
11854,15,1,"Pepe","Mankey",-1,0.1256511,0.1675341,0.1256511,11853,0.004639953,0.004639952,0.004639952,false,1635001174,1.333328,1,1,1,0,0,0,0,0,"Normalized",false,"Combo_Getup02=1","",33,"Base HumanLDigit41",0.2832091,0.5083744,-0.1727915,0.2832091,0.6980684,-0.1727915,0.01456335,0.01521867,0.189694
11854,15,1,"Pepe","Mankey",-1,0.1256511,0.1675341,0.1256511,11853,0.004639953,0.004639952,0.004639952,false,1635001174,1.333328,1,1,1,0,0,0,0,0,"Normalized",false,"Combo_Getup02=1","",34,"Base HumanLDigit42",0.3338272,0.5152958,-0.1574596,0.3338274,0.7049899,-0.1574596,0.01526702,0.01609256,0.1896941
11854,15,1,"Pepe","Mankey",-1,0.1256511,0.1675341,0.1256511,11853,0.004639953,0.004639952,0.004639952,false,1635001174,1.333328,1,1,1,0,0,0,0,0,"Normalized",false,"Combo_Getup02=1","",35,"Base HumanLDigit43",0.3876055,0.5070751,-0.1474015,0.3876056,0.6967692,-0.1474015,0.01585747,0.01688725,0.1896941
11854,15,1,"Pepe","Mankey",-1,0.1256511,0.1675341,0.1256511,11853,0.004639953,0.004639952,0.004639952,false,1635001174,1.333328,1,1,1,0,0,0,0,0,"Normalized",false,"Combo_Getup02=1","",36,"Base HumanRArmDigit11",0.2092556,0.118759,-1.027686,0.2092557,0.3084532,-1.027686,0.01476265,0.01530395,0.1896942
11854,15,1,"Pepe","Mankey",-1,0.1256511,0.1675341,0.1256511,11853,0.004639953,0.004639952,0.004639952,false,1635001174,1.333328,1,1,1,0,0,0,0,0,"Normalized",false,"Combo_Getup02=1","",37,"Base HumanRArmDigit12",0.2488639,0.1389023,-1.034198,0.248864,0.3285965,-1.034198,0.01620353,0.01676943,0.1896942
11854,15,1,"Pepe","Mankey",-1,0.1256511,0.1675341,0.1256511,11853,0.004639953,0.004639952,0.004639952,false,1635001174,1.333328,1,1,1,0,0,0,0,0,"Normalized",false,"Combo_Getup02=1","",38,"Base HumanRArmDigit13",0.2857308,0.1471127,-1.042916,0.2857308,0.3368069,-1.042916,0.01686992,0.01746558,0.1896942
11854,15,1,"Pepe","Mankey",-1,0.1256511,0.1675341,0.1256511,11853,0.004639953,0.004639952,0.004639952,false,1635001174,1.333328,1,1,1,0,0,0,0,0,"Normalized",false,"Combo_Getup02=1","",39,"Base HumanRArmDigit21",0.2629539,0.1287985,-1.072779,0.262954,0.3184926,-1.072779,0.01515601,0.01551513,0.1896941
11854,15,1,"Pepe","Mankey",-1,0.1256511,0.1675341,0.1256511,11853,0.004639953,0.004639952,0.004639952,false,1635001174,1.333328,1,1,1,0,0,0,0,0,"Normalized",false,"Combo_Getup02=1","",40,"Base HumanRArmDigit22",0.3174028,0.1501003,-1.0889,0.3174028,0.3397944,-1.0889,0.0166402,0.01700982,0.1896941
11854,15,1,"Pepe","Mankey",-1,0.1256511,0.1675341,0.1256511,11853,0.004639953,0.004639952,0.004639952,false,1635001174,1.333328,1,1,1,0,0,0,0,0,"Normalized",false,"Combo_Getup02=1","",41,"Base HumanRArmDigit23",0.3684393,0.1655349,-1.090392,0.3684391,0.3552289,-1.090392,0.01825964,0.01871767,0.189694
11854,15,1,"Pepe","Mankey",-1,0.1256511,0.1675341,0.1256511,11853,0.004639953,0.004639952,0.004639952,false,1635001174,1.333328,1,1,1,0,0,0,0,0,"Normalized",false,"Combo_Getup02=1","",42,"Base HumanRArmDigit31",0.282501,0.07759975,-1.079207,0.282501,0.2672939,-1.079206,0.01203499,0.01251748,0.1896942
11854,15,1,"Pepe","Mankey",-1,0.1256511,0.1675341,0.1256511,11853,0.004639953,0.004639952,0.004639952,false,1635001174,1.333328,1,1,1,0,0,0,0,0,"Normalized",false,"Combo_Getup02=1","",43,"Base HumanRArmDigit32",0.3311844,0.08816934,-1.09827,0.3311845,0.2778634,-1.098269,0.01291423,0.0133685,0.1896941
11854,15,1,"Pepe","Mankey",-1,0.1256511,0.1675341,0.1256511,11853,0.004639953,0.004639952,0.004639952,false,1635001174,1.333328,1,1,1,0,0,0,0,0,"Normalized",false,"Combo_Getup02=1","",44,"Base HumanRArmDigit33",0.384914,0.09681686,-1.103798,0.384914,0.286511,-1.103798,0.01416966,0.01471569,0.1896942
11854,15,1,"Pepe","Mankey",-1,0.1256511,0.1675341,0.1256511,11853,0.004639953,0.004639952,0.004639952,false,1635001174,1.333328,1,1,1,0,0,0,0,0,"Normalized",false,"Combo_Getup02=1","",45,"Base HumanRArmDigit41",0.2778235,0.01782954,-1.07401,0.2778236,0.2075237,-1.074009,0.008463907,0.009202915,0.1896942
11854,15,1,"Pepe","Mankey",-1,0.1256511,0.1675341,0.1256511,11853,0.004639953,0.004639952,0.004639952,false,1635001174,1.333328,1,1,1,0,0,0,0,0,"Normalized",false,"Combo_Getup02=1","",46,"Base HumanRArmDigit42",0.3264294,0.02477932,-1.094851,0.3264294,0.2144734,-1.094851,0.009121385,0.009779589,0.1896941
11854,15,1,"Pepe","Mankey",-1,0.1256511,0.1675341,0.1256511,11853,0.004639953,0.004639952,0.004639952,false,1635001174,1.333328,1,1,1,0,0,0,0,0,"Normalized",false,"Combo_Getup02=1","",47,"Base HumanRArmDigit43",0.3807421,0.02855242,-1.10469,0.3807421,0.2182465,-1.10469,0.01014335,0.0108573,0.1896941
11854,15,1,"Pepe","Mankey",-1,0.1256511,0.1675341,0.1256511,11853,0.004639953,0.004639952,0.004639952,false,1635001174,1.333328,1,1,1,0,0,0,0,0,"Normalized",false,"Combo_Getup02=1","",48,"Base HumanSpine4",-0.1775664,0.2916573,-0.6688935,-0.1775664,0.4813515,-0.6688934,0.0127471,0.01160066,0.1896941
11855,15,1,"Pepe","Mankey",-1,0.1290464,0.1720612,0.1290464,11854,0.004527077,0.004527076,0.004527076,false,1635001174,1.333328,1,1,1,0,0,0,0,0,"Normalized",false,"Combo_Getup02=1","",0,"Base HumanPelvis",0.06525883,0.05078536,-0.4838967,0.06525883,0.2383879,-0.4838967,0.001037076,0.002269059,0.1876026
11855,15,1,"Pepe","Mankey",-1,0.1290464,0.1720612,0.1290464,11854,0.004527077,0.004527076,0.004527076,false,1635001174,1.333328,1,1,1,0,0,0,0,0,"Normalized",false,"Combo_Getup02=1","",1,"Base HumanLLeg1",0.01391888,0.08883779,-0.3808401,0.01391888,0.2764404,-0.3808401,0.002094953,0.002055756,0.1876025
11855,15,1,"Pepe","Mankey",-1,0.1290464,0.1720612,0.1290464,11854,0.004527077,0.004527076,0.004527076,false,1635001174,1.333328,1,1,1,0,0,0,0,0,"Normalized",false,"Combo_Getup02=1","",2,"Base HumanRLeg1",0.1165988,0.0127329,-0.5869532,0.1165988,0.2003355,-0.5869532,0.001083798,0.003079568,0.1876025
11855,15,1,"Pepe","Mankey",-1,0.1290464,0.1720612,0.1290464,11854,0.004527077,0.004527076,0.004527076,false,1635001174,1.333328,1,1,1,0,0,0,0,0,"Normalized",false,"Combo_Getup02=1","",3,"Base HumanLLeg2",-0.01085594,0.3573017,-0.1333927,-0.01085591,0.5449042,-0.1333928,0.01005414,0.009649183,0.1876025
11855,15,1,"Pepe","Mankey",-1,0.1290464,0.1720612,0.1290464,11854,0.004527077,0.004527076,0.004527076,false,1635001174,1.333328,1,1,1,0,0,0,0,0,"Normalized",false,"Combo_Getup02=1","",4,"Base HumanRLeg2",0.4229512,0.2060097,-0.5349038,0.4229513,0.3936122,-0.5349037,0.007107254,0.005610222,0.1876025
11855,15,1,"Pepe","Mankey",-1,0.1290464,0.1720612,0.1290464,11854,0.004527077,0.004527076,0.004527076,false,1635001174,1.333328,1,1,1,0,0,0,0,0,"Normalized",false,"Combo_Getup02=1","",5,"Base HumanLLegAnkle",0.2520423,0.1238889,-0.1808519,0.2520423,0.3114915,-0.1808519,0.01143231,0.01177492,0.1876025
11855,15,1,"Pepe","Mankey",-1,0.1290464,0.1720612,0.1290464,11854,0.004527077,0.004527076,0.004527076,false,1635001174,1.333328,1,1,1,0,0,0,0,0,"Normalized",false,"Combo_Getup02=1","",6,"Base HumanRLegAnkle",0.7297392,0.1442104,-0.3678373,0.7297392,0.331813,-0.3678373,0.01200026,0.01203462,0.1876026
11855,15,1,"Pepe","Mankey",-1,0.1290464,0.1720612,0.1290464,11854,0.004527077,0.004527076,0.004527076,false,1635001174,1.333328,1,1,1,0,0,0,0,0,"Normalized",false,"Combo_Getup02=1","",7,"Base HumanSpine1",0.02684898,0.06073367,-0.5067047,0.02684898,0.2483362,-0.5067047,0.0012038,0.00167073,0.1876025
11855,15,1,"Pepe","Mankey",-1,0.1290464,0.1720612,0.1290464,11854,0.004527077,0.004527076,0.004527076,false,1635001174,1.333328,1,1,1,0,0,0,0,0,"Normalized",false,"Combo_Getup02=1","",8,"Base HumanSpine3",-0.1359121,0.198546,-0.6154732,-0.1359122,0.3861486,-0.6154733,0.007773675,0.006343253,0.1876026
11855,15,1,"Pepe","Mankey",-1,0.1290464,0.1720612,0.1290464,11854,0.004527077,0.004527076,0.004527076,false,1635001174,1.333328,1,1,1,0,0,0,0,0,"Normalized",false,"Combo_Getup02=1","",9,"Base HumanNeck1",-0.1794273,0.4425147,-0.7512726,-0.1794273,0.6301172,-0.7512726,0.02092248,0.02016172,0.1876025
11855,15,1,"Pepe","Mankey",-1,0.1290464,0.1720612,0.1290464,11854,0.004527077,0.004527076,0.004527076,false,1635001174,1.333328,1,1,1,0,0,0,0,0,"Normalized",false,"Combo_Getup02=1","",10,"Base HumanHead",-0.1946389,0.5882884,-0.7768431,-0.1946389,0.7758909,-0.7768431,0.02856389,0.02791119,0.1876025
11855,15,1,"Pepe","Mankey",-1,0.1290464,0.1720612,0.1290464,11854,0.004527077,0.004527076,0.004527076,false,1635001174,1.333328,1,1,1,0,0,0,0,0,"Normalized",false,"Combo_Getup02=1","",11,"Base HumanLCollarbone",-0.07270987,0.4228593,-0.7194027,-0.07270989,0.6104618,-0.7194027,0.01781727,0.01769274,0.1876025
11855,15,1,"Pepe","Mankey",-1,0.1290464,0.1720612,0.1290464,11854,0.004527077,0.004527076,0.004527076,false,1635001174,1.333328,1,1,1,0,0,0,0,0,"Normalized",false,"Combo_Getup02=1","",12,"Base HumanRArmCollarbone",-0.07958083,0.3933326,-0.7713333,-0.07958081,0.5809352,-0.7713333,0.01666786,0.01648339,0.1876025
11855,15,1,"Pepe","Mankey",-1,0.1290464,0.1720612,0.1290464,11854,0.004527077,0.004527076,0.004527076,false,1635001174,1.333328,1,1,1,0,0,0,0,0,"Normalized",false,"Combo_Getup02=1","",13,"Base HumanLUpperarm",-0.1593743,0.534806,-0.5612682,-0.1593742,0.7224085,-0.5612682,0.02357765,0.02302016,0.1876026
11855,15,1,"Pepe","Mankey",-1,0.1290464,0.1720612,0.1290464,11854,0.004527077,0.004527076,0.004527076,false,1635001174,1.333328,1,1,1,0,0,0,0,0,"Normalized",false,"Combo_Getup02=1","",14,"Base HumanRArmUpperarm",-0.1985251,0.3259369,-0.9336893,-0.1985251,0.5135394,-0.9336894,0.01768014,0.01661929,0.1876026
11855,15,1,"Pepe","Mankey",-1,0.1290464,0.1720612,0.1290464,11854,0.004527077,0.004527076,0.004527076,false,1635001174,1.333328,1,1,1,0,0,0,0,0,"Normalized",false,"Combo_Getup02=1","",15,"Base HumanLForearm",-0.05841123,0.5201678,-0.2985322,-0.05841121,0.7077703,-0.2985322,0.01489719,0.01439205,0.1876025
11855,15,1,"Pepe","Mankey",-1,0.1290464,0.1720612,0.1290464,11854,0.004527077,0.004527076,0.004527076,false,1635001174,1.333328,1,1,1,0,0,0,0,0,"Normalized",false,"Combo_Getup02=1","",16,"Base HumanRArmForearm",-0.07896101,0.07116122,-0.9184528,-0.07896101,0.2587637,-0.9184529,0.006198766,0.005322746,0.1876025
11855,15,1,"Pepe","Mankey",-1,0.1290464,0.1720612,0.1290464,11854,0.004527077,0.004527076,0.004527076,false,1635001174,1.333328,1,1,1,0,0,0,0,0,"Normalized",false,"Combo_Getup02=1","",17,"Base HumanLPalm",0.1961802,0.5189966,-0.2670713,0.1961802,0.7065991,-0.2670713,0.01447254,0.01494745,0.1876025
11855,15,1,"Pepe","Mankey",-1,0.1290464,0.1720612,0.1290464,11854,0.004527077,0.004527076,0.004527076,false,1635001174,1.333328,1,1,1,0,0,0,0,0,"Normalized",false,"Combo_Getup02=1","",18,"Base HumanRArmPalm",0.1631264,0.06302897,-1.002924,0.1631264,0.2506316,-1.002924,0.01128975,0.01202426,0.1876026
11855,15,1,"Pepe","Mankey",-1,0.1290464,0.1720612,0.1290464,11854,0.004527077,0.004527076,0.004527076,false,1635001174,1.333328,1,1,1,0,0,0,0,0,"Normalized",false,"Combo_Getup02=1","",19,"Base HumanLLegDigit11",0.3904025,0.2823554,0.005205148,0.3904026,0.469958,0.005205214,0.01052832,0.01147053,0.1876025
11855,15,1,"Pepe","Mankey",-1,0.1290464,0.1720612,0.1290464,11854,0.004527077,0.004527076,0.004527076,false,1635001174,1.333328,1,1,1,0,0,0,0,0,"Normalized",false,"Combo_Getup02=1","",20,"Base HumanRLegDigit11",0.8297554,0.3881737,-0.4645372,0.8297555,0.5757762,-0.4645371,0.0131393,0.01307454,0.1876025
11855,15,1,"Pepe","Mankey",-1,0.1290464,0.1720612,0.1290464,11854,0.004527077,0.004527076,0.004527076,false,1635001174,1.333328,1,1,1,0,0,0,0,0,"Normalized",false,"Combo_Getup02=1","",21,"Object001",-0.06030014,0.7152955,-0.6033113,-0.06030017,0.902898,-0.6033113,0.02644717,0.02602871,0.1876025
11855,15,1,"Pepe","Mankey",-1,0.1290464,0.1720612,0.1290464,11854,0.004527077,0.004527076,0.004527076,false,1635001174,1.333328,1,1,1,0,0,0,0,0,"Normalized",false,"Combo_Getup02=1","",22,"Monkey_eyes",0.03042755,0.6816185,-0.8475062,0.03042759,0.869221,-0.8475063,0.03188009,0.03166618,0.1876025
11855,15,1,"Pepe","Mankey",-1,0.1290464,0.1720612,0.1290464,11854,0.004527077,0.004527076,0.004527076,false,1635001174,1.333328,1,1,1,0,0,0,0,0,"Normalized",false,"Combo_Getup02=1","",23,"Base HumanHeadBone001",-0.03168524,0.4833867,-0.7018359,-0.03168527,0.6709892,-0.7018359,0.02323873,0.02282327,0.1876025
11855,15,1,"Pepe","Mankey",-1,0.1290464,0.1720612,0.1290464,11854,0.004527077,0.004527076,0.004527076,false,1635001174,1.333328,1,1,1,0,0,0,0,0,"Normalized",false,"Combo_Getup02=1","",24,"Base HumanLDigit11",0.2621111,0.5433196,-0.2883819,0.2621111,0.7309221,-0.2883819,0.01608031,0.01681921,0.1876025
11855,15,1,"Pepe","Mankey",-1,0.1290464,0.1720612,0.1290464,11854,0.004527077,0.004527076,0.004527076,false,1635001174,1.333328,1,1,1,0,0,0,0,0,"Normalized",false,"Combo_Getup02=1","",25,"Base HumanLDigit12",0.3068626,0.5455982,-0.2913977,0.3068627,0.7332007,-0.2913977,0.01681999,0.01771683,0.1876025
11855,15,1,"Pepe","Mankey",-1,0.1290464,0.1720612,0.1290464,11854,0.004527077,0.004527076,0.004527076,false,1635001174,1.333328,1,1,1,0,0,0,0,0,"Normalized",false,"Combo_Getup02=1","",26,"Base HumanLDigit13",0.3451602,0.5446532,-0.285482,0.3451603,0.7322558,-0.285482,0.01734917,0.01836217,0.1876025
11855,15,1,"Pepe","Mankey",-1,0.1290464,0.1720612,0.1290464,11854,0.004527077,0.004527076,0.004527076,false,1635001174,1.333328,1,1,1,0,0,0,0,0,"Normalized",false,"Combo_Getup02=1","",27,"Base HumanLDigit21",0.3210699,0.5673916,-0.2573644,0.3210699,0.7549941,-0.2573644,0.01715271,0.01802853,0.1876025
11855,15,1,"Pepe","Mankey",-1,0.1290464,0.1720612,0.1290464,11854,0.004527077,0.004527076,0.004527076,false,1635001174,1.333328,1,1,1,0,0,0,0,0,"Normalized",false,"Combo_Getup02=1","",28,"Base HumanLDigit22",0.3808482,0.5761533,-0.2520591,0.3808483,0.7637556,-0.2520591,0.01825495,0.01928624,0.1876023
11855,15,1,"Pepe","Mankey",-1,0.1290464,0.1720612,0.1290464,11854,0.004527077,0.004527076,0.004527076,false,1635001174,1.333328,1,1,1,0,0,0,0,0,"Normalized",false,"Combo_Getup02=1","",29,"Base HumanLDigit23",0.4336055,0.5685071,-0.2539022,0.4336055,0.7561096,-0.2539021,0.01910116,0.02028582,0.1876025
11855,15,1,"Pepe","Mankey",-1,0.1290464,0.1720612,0.1290464,11854,0.004527077,0.004527076,0.004527076,false,1635001174,1.333328,1,1,1,0,0,0,0,0,"Normalized",false,"Combo_Getup02=1","",30,"Base HumanLDigit31",0.3219155,0.538806,-0.2101751,0.3219156,0.7264085,-0.2101752,0.01579325,0.01666916,0.1876025
11855,15,1,"Pepe","Mankey",-1,0.1290464,0.1720612,0.1290464,11854,0.004527077,0.004527076,0.004527076,false,1635001174,1.333328,1,1,1,0,0,0,0,0,"Normalized",false,"Combo_Getup02=1","",31,"Base HumanLDigit32",0.3734252,0.5447223,-0.1976487,0.3734252,0.7323247,-0.1976488,0.01661965,0.01764135,0.1876024
11855,15,1,"Pepe","Mankey",-1,0.1290464,0.1720612,0.1290464,11854,0.004527077,0.004527076,0.004527076,false,1635001174,1.333328,1,1,1,0,0,0,0,0,"Normalized",false,"Combo_Getup02=1","",32,"Base HumanLDigit33",0.4268952,0.5342778,-0.1927421,0.4268953,0.7218803,-0.192742,0.01734789,0.01854371,0.1876025
11855,15,1,"Pepe","Mankey",-1,0.1290464,0.1720612,0.1290464,11854,0.004527077,0.004527076,0.004527076,false,1635001174,1.333328,1,1,1,0,0,0,0,0,"Normalized",false,"Combo_Getup02=1","",33,"Base HumanLDigit41",0.2958232,0.5040169,-0.1685787,0.2958232,0.6916193,-0.1685788,0.0139947,0.01478013,0.1876025
11855,15,1,"Pepe","Mankey",-1,0.1290464,0.1720612,0.1290464,11854,0.004527077,0.004527076,0.004527076,false,1635001174,1.333328,1,1,1,0,0,0,0,0,"Normalized",false,"Combo_Getup02=1","",34,"Base HumanLDigit42",0.3465454,0.5094309,-0.1529864,0.3465454,0.6970335,-0.1529865,0.01470231,0.01565443,0.1876026
11855,15,1,"Pepe","Mankey",-1,0.1290464,0.1720612,0.1290464,11854,0.004527077,0.004527076,0.004527076,false,1635001174,1.333328,1,1,1,0,0,0,0,0,"Normalized",false,"Combo_Getup02=1","",35,"Base HumanLDigit43",0.3999378,0.4993794,-0.1425431,0.3999379,0.6869819,-0.1425432,0.01532692,0.01647667,0.1876025
11855,15,1,"Pepe","Mankey",-1,0.1290464,0.1720612,0.1290464,11854,0.004527077,0.004527076,0.004527076,false,1635001174,1.333328,1,1,1,0,0,0,0,0,"Normalized",false,"Combo_Getup02=1","",36,"Base HumanRArmDigit11",0.2134636,0.115296,-1.01419,0.2134636,0.3028986,-1.01419,0.0145547,0.01518859,0.1876026
11855,15,1,"Pepe","Mankey",-1,0.1290464,0.1720612,0.1290464,11854,0.004527077,0.004527076,0.004527076,false,1635001174,1.333328,1,1,1,0,0,0,0,0,"Normalized",false,"Combo_Getup02=1","",37,"Base HumanRArmDigit12",0.2535639,0.1348041,-1.019518,0.2535638,0.3224067,-1.019518,0.01594977,0.01661042,0.1876026
11855,15,1,"Pepe","Mankey",-1,0.1290464,0.1720612,0.1290464,11854,0.004527077,0.004527076,0.004527076,false,1635001174,1.333328,1,1,1,0,0,0,0,0,"Normalized",false,"Combo_Getup02=1","",38,"Base HumanRArmDigit13",0.2906352,0.1425736,-1.02776,0.2906352,0.3301762,-1.02776,0.01656399,0.01725468,0.1876026
11855,15,1,"Pepe","Mankey",-1,0.1290464,0.1720612,0.1290464,11854,0.004527077,0.004527076,0.004527076,false,1635001174,1.333328,1,1,1,0,0,0,0,0,"Normalized",false,"Combo_Getup02=1","",39,"Base HumanRArmDigit21",0.2673868,0.1267,-1.058687,0.2673869,0.3143025,-1.058687,0.01492162,0.01535591,0.1876026
11855,15,1,"Pepe","Mankey",-1,0.1290464,0.1720612,0.1290464,11854,0.004527077,0.004527076,0.004527076,false,1635001174,1.333328,1,1,1,0,0,0,0,0,"Normalized",false,"Combo_Getup02=1","",40,"Base HumanRArmDigit22",0.3223498,0.1476197,-1.073511,0.3223499,0.3352222,-1.073511,0.01635368,0.01679853,0.1876026
11855,15,1,"Pepe","Mankey",-1,0.1290464,0.1720612,0.1290464,11854,0.004527077,0.004527076,0.004527076,false,1635001174,1.333328,1,1,1,0,0,0,0,0,"Normalized",false,"Combo_Getup02=1","",41,"Base HumanRArmDigit23",0.3737518,0.1618669,-1.073674,0.3737518,0.3494694,-1.073674,0.01792166,0.01846352,0.1876025
11855,15,1,"Pepe","Mankey",-1,0.1290464,0.1720612,0.1290464,11854,0.004527077,0.004527076,0.004527076,false,1635001174,1.333328,1,1,1,0,0,0,0,0,"Normalized",false,"Combo_Getup02=1","",42,"Base HumanRArmDigit31",0.2857318,0.07552252,-1.068123,0.2857318,0.2631251,-1.068123,0.0117305,0.0122745,0.1876025
11855,15,1,"Pepe","Mankey",-1,0.1290464,0.1720612,0.1290464,11854,0.004527077,0.004527076,0.004527076,false,1635001174,1.333328,1,1,1,0,0,0,0,0,"Normalized",false,"Combo_Getup02=1","",43,"Base HumanRArmDigit32",0.3347245,0.08606567,-1.086391,0.3347246,0.2736683,-1.086391,0.01257196,0.0130853,0.1876026
11855,15,1,"Pepe","Mankey",-1,0.1290464,0.1720612,0.1290464,11854,0.004527077,0.004527076,0.004527076,false,1635001174,1.333328,1,1,1,0,0,0,0,0,"Normalized",false,"Combo_Getup02=1","",44,"Base HumanRArmDigit33",0.3886974,0.09371789,-1.09093,0.3886974,0.2813205,-1.09093,0.01376672,0.01438242,0.1876026
11855,15,1,"Pepe","Mankey",-1,0.1290464,0.1720612,0.1290464,11854,0.004527077,0.004527076,0.004527076,false,1635001174,1.333328,1,1,1,0,0,0,0,0,"Normalized",false,"Combo_Getup02=1","",45,"Base HumanRArmDigit41",0.2796571,0.01567617,-1.066425,0.2796571,0.2032787,-1.066425,0.008094743,0.008882809,0.1876025
11855,15,1,"Pepe","Mankey",-1,0.1290464,0.1720612,0.1290464,11854,0.004527077,0.004527076,0.004527076,false,1635001174,1.333328,1,1,1,0,0,0,0,0,"Normalized",false,"Combo_Getup02=1","",46,"Base HumanRArmDigit42",0.3285148,0.02278662,-1.086613,0.3285147,0.2103892,-1.086613,0.008728093,0.00942804,0.1876025
11855,15,1,"Pepe","Mankey",-1,0.1290464,0.1720612,0.1290464,11854,0.004527077,0.004527076,0.004527076,false,1635001174,1.333328,1,1,1,0,0,0,0,0,"Normalized",false,"Combo_Getup02=1","",47,"Base HumanRArmDigit43",0.3830103,0.02589473,-1.095641,0.3830104,0.2134974,-1.095641,0.009700505,0.01046839,0.1876026
11855,15,1,"Pepe","Mankey",-1,0.1290464,0.1720612,0.1290464,11854,0.004527077,0.004527076,0.004527076,false,1635001174,1.333328,1,1,1,0,0,0,0,0,"Normalized",false,"Combo_Getup02=1","",48,"Base HumanSpine4",-0.1679653,0.2991647,-0.6712834,-0.1679653,0.4867673,-0.6712834,0.01241987,0.01127936,0.1876026
11856,15,1,"Pepe","Mankey",-1,0.1327952,0.1770595,0.1327952,11855,0.004998326,0.004998321,0.004998321,false,1635001174,1.333328,1,1,1,0,0,0,0,0,"Normalized",false,"Combo_Getup02=1","",0,"Base HumanPelvis",0.06424946,0.05096937,-0.4843121,0.06424946,0.2360967,-0.4843121,0.001106929,0.002537921,0.1851273
11856,15,1,"Pepe","Mankey",-1,0.1327952,0.1770595,0.1327952,11855,0.004998326,0.004998321,0.004998321,false,1635001174,1.333328,1,1,1,0,0,0,0,0,"Normalized",false,"Combo_Getup02=1","",1,"Base HumanLLeg1",0.01239126,0.09009246,-0.3819181,0.01239125,0.2752198,-0.3819181,0.002251615,0.002232778,0.1851274
11856,15,1,"Pepe","Mankey",-1,0.1327952,0.1770595,0.1327952,11855,0.004998326,0.004998321,0.004998321,false,1635001174,1.333328,1,1,1,0,0,0,0,0,"Normalized",false,"Combo_Getup02=1","",2,"Base HumanRLeg1",0.1161076,0.01184627,-0.5867062,0.1161077,0.1969736,-0.5867062,0.001043254,0.003406477,0.1851274
11856,15,1,"Pepe","Mankey",-1,0.1327952,0.1770595,0.1327952,11855,0.004998326,0.004998321,0.004998321,false,1635001174,1.333328,1,1,1,0,0,0,0,0,"Normalized",false,"Combo_Getup02=1","",3,"Base HumanLLeg2",-0.01911358,0.3613413,-0.1383028,-0.01911362,0.5464686,-0.1383028,0.01042189,0.009733714,0.1851273
11856,15,1,"Pepe","Mankey",-1,0.1327952,0.1770595,0.1327952,11855,0.004998326,0.004998321,0.004998321,false,1635001174,1.333328,1,1,1,0,0,0,0,0,"Normalized",false,"Combo_Getup02=1","",4,"Base HumanRLeg2",0.4181223,0.2120866,-0.5356391,0.4181223,0.3972139,-0.5356391,0.007796661,0.006068906,0.1851273
11856,15,1,"Pepe","Mankey",-1,0.1327952,0.1770595,0.1327952,11855,0.004998326,0.004998321,0.004998321,false,1635001174,1.333328,1,1,1,0,0,0,0,0,"Normalized",false,"Combo_Getup02=1","",5,"Base HumanLLegAnkle",0.2401555,0.1224359,-0.1777122,0.2401556,0.3075633,-0.1777122,0.01237996,0.01290668,0.1851274
11856,15,1,"Pepe","Mankey",-1,0.1327952,0.1770595,0.1327952,11855,0.004998326,0.004998321,0.004998321,false,1635001174,1.333328,1,1,1,0,0,0,0,0,"Normalized",false,"Combo_Getup02=1","",6,"Base HumanRLegAnkle",0.7191424,0.1450904,-0.3602892,0.7191425,0.3302178,-0.3602892,0.01303998,0.01310766,0.1851273
11856,15,1,"Pepe","Mankey",-1,0.1327952,0.1770595,0.1327952,11855,0.004998326,0.004998321,0.004998321,false,1635001174,1.333328,1,1,1,0,0,0,0,0,"Normalized",false,"Combo_Getup02=1","",7,"Base HumanSpine1",0.02632657,0.06164939,-0.5075991,0.02632657,0.2467768,-0.5075991,0.001382554,0.001872125,0.1851274
11856,15,1,"Pepe","Mankey",-1,0.1327952,0.1770595,0.1327952,11855,0.004998326,0.004998321,0.004998321,false,1635001174,1.333328,1,1,1,0,0,0,0,0,"Normalized",false,"Combo_Getup02=1","",8,"Base HumanSpine3",-0.1306195,0.2050355,-0.6177008,-0.1306195,0.3901629,-0.6177008,0.008665337,0.007006342,0.1851273
11856,15,1,"Pepe","Mankey",-1,0.1327952,0.1770595,0.1327952,11855,0.004998326,0.004998321,0.004998321,false,1635001174,1.333328,1,1,1,0,0,0,0,0,"Normalized",false,"Combo_Getup02=1","",9,"Base HumanNeck1",-0.1583152,0.4511559,-0.7533305,-0.1583152,0.6362832,-0.7533305,0.02290469,0.02209012,0.1851273
11856,15,1,"Pepe","Mankey",-1,0.1327952,0.1770595,0.1327952,11855,0.004998326,0.004998321,0.004998321,false,1635001174,1.333328,1,1,1,0,0,0,0,0,"Normalized",false,"Combo_Getup02=1","",10,"Base HumanHead",-0.1648744,0.5979288,-0.7767798,-0.1648744,0.7830561,-0.7767797,0.03128685,0.03061486,0.1851273
11856,15,1,"Pepe","Mankey",-1,0.1327952,0.1770595,0.1327952,11855,0.004998326,0.004998321,0.004998321,false,1635001174,1.333328,1,1,1,0,0,0,0,0,"Normalized",false,"Combo_Getup02=1","",11,"Base HumanLCollarbone",-0.05346866,0.4245397,-0.7203242,-0.0534687,0.609667,-0.7203242,0.01933643,0.01927963,0.1851273
11856,15,1,"Pepe","Mankey",-1,0.1327952,0.1770595,0.1327952,11855,0.004998326,0.004998321,0.004998321,false,1635001174,1.333328,1,1,1,0,0,0,0,0,"Normalized",false,"Combo_Getup02=1","",12,"Base HumanRArmCollarbone",-0.06166657,0.3956017,-0.7723935,-0.06166655,0.5807289,-0.7723935,0.01808849,0.01794679,0.1851273
11856,15,1,"Pepe","Mankey",-1,0.1327952,0.1770595,0.1327952,11855,0.004998326,0.004998321,0.004998321,false,1635001174,1.333328,1,1,1,0,0,0,0,0,"Normalized",false,"Combo_Getup02=1","",13,"Base HumanLUpperarm",-0.1346157,0.5416208,-0.5629823,-0.1346157,0.7267481,-0.5629823,0.02573654,0.02519439,0.1851273
11856,15,1,"Pepe","Mankey",-1,0.1327952,0.1770595,0.1327952,11855,0.004998326,0.004998321,0.004998321,false,1635001174,1.333328,1,1,1,0,0,0,0,0,"Normalized",false,"Combo_Getup02=1","",14,"Base HumanRArmUpperarm",-0.1822918,0.3364171,-0.9366986,-0.1822918,0.5215445,-0.9366986,0.01955539,0.0183482,0.1851273
11856,15,1,"Pepe","Mankey",-1,0.1327952,0.1770595,0.1327952,11855,0.004998326,0.004998321,0.004998321,false,1635001174,1.333328,1,1,1,0,0,0,0,0,"Normalized",false,"Combo_Getup02=1","",15,"Base HumanLForearm",-0.04322569,0.5242423,-0.2969299,-0.04322567,0.7093695,-0.2969298,0.01580409,0.01535336,0.1851273
11856,15,1,"Pepe","Mankey",-1,0.1327952,0.1770595,0.1327952,11855,0.004998326,0.004998321,0.004998321,false,1635001174,1.333328,1,1,1,0,0,0,0,0,"Normalized",false,"Combo_Getup02=1","",16,"Base HumanRArmForearm",-0.07801864,0.07564503,-0.9129627,-0.07801867,0.2607723,-0.9129627,0.00715081,0.005921599,0.1851273
11856,15,1,"Pepe","Mankey",-1,0.1327952,0.1770595,0.1327952,11855,0.004998326,0.004998321,0.004998321,false,1635001174,1.333328,1,1,1,0,0,0,0,0,"Normalized",false,"Combo_Getup02=1","",17,"Base HumanLPalm",0.2108599,0.5159246,-0.2625892,0.2108598,0.7010519,-0.2625892,0.01565309,0.0163203,0.1851273
11856,15,1,"Pepe","Mankey",-1,0.1327952,0.1770595,0.1327952,11855,0.004998326,0.004998321,0.004998321,false,1635001174,1.333328,1,1,1,0,0,0,0,0,"Normalized",false,"Combo_Getup02=1","",18,"Base HumanRArmPalm",0.1657342,0.05944787,-0.9912571,0.1657343,0.2445753,-0.9912571,0.01247975,0.01340156,0.1851274
11856,15,1,"Pepe","Mankey",-1,0.1327952,0.1770595,0.1327952,11855,0.004998326,0.004998321,0.004998321,false,1635001174,1.333328,1,1,1,0,0,0,0,0,"Normalized",false,"Combo_Getup02=1","",19,"Base HumanLLegDigit11",0.3804914,0.2775447,0.009689738,0.3804915,0.462672,0.009689808,0.0118947,0.01309305,0.1851273
11856,15,1,"Pepe","Mankey",-1,0.1327952,0.1770595,0.1327952,11855,0.004998326,0.004998321,0.004998321,false,1635001174,1.333328,1,1,1,0,0,0,0,0,"Normalized",false,"Combo_Getup02=1","",20,"Base HumanRLegDigit11",0.8205475,0.3897416,-0.4537507,0.8205475,0.5748689,-0.4537507,0.01426862,0.01421118,0.1851273
11856,15,1,"Pepe","Mankey",-1,0.1327952,0.1770595,0.1327952,11855,0.004998326,0.004998321,0.004998321,false,1635001174,1.333328,1,1,1,0,0,0,0,0,"Normalized",false,"Combo_Getup02=1","",21,"Object001",-0.03226978,0.7210398,-0.5991547,-0.03226975,0.9061671,-0.5991547,0.02891326,0.02852489,0.1851273
11856,15,1,"Pepe","Mankey",-1,0.1327952,0.1770595,0.1327952,11855,0.004998326,0.004998321,0.004998321,false,1635001174,1.333328,1,1,1,0,0,0,0,0,"Normalized",false,"Combo_Getup02=1","",22,"Monkey_eyes",0.06469445,0.6850125,-0.8406019,0.06469456,0.8701398,-0.8406019,0.03511991,0.0349677,0.1851274
11856,15,1,"Pepe","Mankey",-1,0.1327952,0.1770595,0.1327952,11855,0.004998326,0.004998321,0.004998321,false,1635001174,1.333328,1,1,1,0,0,0,0,0,"Normalized",false,"Combo_Getup02=1","",23,"Base HumanHeadBone001",-0.00719402,0.4884892,-0.6971293,-0.007193998,0.6736166,-0.6971292,0.02545599,0.02507745,0.1851274
11856,15,1,"Pepe","Mankey",-1,0.1327952,0.1770595,0.1327952,11855,0.004998326,0.004998321,0.004998321,false,1635001174,1.333328,1,1,1,0,0,0,0,0,"Normalized",false,"Combo_Getup02=1","",24,"Base HumanLDigit11",0.2778295,0.5376255,-0.2834884,0.2778295,0.7227527,-0.2834883,0.01741946,0.01837809,0.1851273
11856,15,1,"Pepe","Mankey",-1,0.1327952,0.1770595,0.1327952,11855,0.004998326,0.004998321,0.004998321,false,1635001174,1.333328,1,1,1,0,0,0,0,0,"Normalized",false,"Combo_Getup02=1","",25,"Base HumanLDigit12",0.3226641,0.5382223,-0.286036,0.3226641,0.7233495,-0.2860359,0.01824387,0.01937733,0.1851273
11856,15,1,"Pepe","Mankey",-1,0.1327952,0.1770595,0.1327952,11855,0.004998326,0.004998321,0.004998321,false,1635001174,1.333328,1,1,1,0,0,0,0,0,"Normalized",false,"Combo_Getup02=1","",26,"Base HumanLDigit13",0.3608413,0.535965,-0.2797116,0.3608413,0.7210923,-0.2797116,0.01883293,0.02009514,0.1851273
11856,15,1,"Pepe","Mankey",-1,0.1327952,0.1770595,0.1327952,11855,0.004998326,0.004998321,0.004998321,false,1635001174,1.333328,1,1,1,0,0,0,0,0,"Normalized",false,"Combo_Getup02=1","",27,"Base HumanLDigit21",0.3372749,0.5600128,-0.2521399,0.337275,0.7451402,-0.2521399,0.01855658,0.01967232,0.1851274
11856,15,1,"Pepe","Mankey",-1,0.1327952,0.1770595,0.1327952,11855,0.004998326,0.004998321,0.004998321,false,1635001174,1.333328,1,1,1,0,0,0,0,0,"Normalized",false,"Combo_Getup02=1","",28,"Base HumanLDigit22",0.3972615,0.5667755,-0.2462886,0.3972617,0.7519027,-0.2462885,0.01976456,0.02105211,0.1851272
11856,15,1,"Pepe","Mankey",-1,0.1327952,0.1770595,0.1327952,11855,0.004998326,0.004998321,0.004998321,false,1635001174,1.333328,1,1,1,0,0,0,0,0,"Normalized",false,"Combo_Getup02=1","",29,"Base HumanLDigit23",0.4497076,0.5571332,-0.2475646,0.4497077,0.7422605,-0.2475646,0.02070768,0.022164,0.1851273
11856,15,1,"Pepe","Mankey",-1,0.1327952,0.1770595,0.1327952,11855,0.004998326,0.004998321,0.004998321,false,1635001174,1.333328,1,1,1,0,0,0,0,0,"Normalized",false,"Combo_Getup02=1","",30,"Base HumanLDigit31",0.3366146,0.5320414,-0.2045811,0.3366147,0.7171686,-0.204581,0.01712065,0.01824097,0.1851272
11856,15,1,"Pepe","Mankey",-1,0.1327952,0.1770595,0.1327952,11855,0.004998326,0.004998321,0.004998321,false,1635001174,1.333328,1,1,1,0,0,0,0,0,"Normalized",false,"Combo_Getup02=1","",31,"Base HumanLDigit32",0.3881855,0.5362864,-0.1916356,0.3881857,0.7214137,-0.1916356,0.01803295,0.01931525,0.1851273
11856,15,1,"Pepe","Mankey",-1,0.1327952,0.1770595,0.1327952,11855,0.004998326,0.004998321,0.004998321,false,1635001174,1.333328,1,1,1,0,0,0,0,0,"Normalized",false,"Combo_Getup02=1","",32,"Base HumanLDigit33",0.4411736,0.5238497,-0.186177,0.4411736,0.708977,-0.1861768,0.01886047,0.02033392,0.1851273
11856,15,1,"Pepe","Mankey",-1,0.1327952,0.1770595,0.1327952,11855,0.004998326,0.004998321,0.004998321,false,1635001174,1.333328,1,1,1,0,0,0,0,0,"Normalized",false,"Combo_Getup02=1","",33,"Base HumanLDigit41",0.3088739,0.4987462,-0.1628291,0.3088739,0.6838735,-0.162829,0.01520384,0.01622893,0.1851273
11856,15,1,"Pepe","Mankey",-1,0.1327952,0.1770595,0.1327952,11855,0.004998326,0.004998321,0.004998321,false,1635001174,1.333328,1,1,1,0,0,0,0,0,"Normalized",false,"Combo_Getup02=1","",34,"Base HumanLDigit42",0.3596269,0.5025525,-0.1468663,0.359627,0.6876799,-0.1468663,0.01599665,0.0172068,0.1851274
11856,15,1,"Pepe","Mankey",-1,0.1327952,0.1770595,0.1327952,11855,0.004998326,0.004998321,0.004998321,false,1635001174,1.333328,1,1,1,0,0,0,0,0,"Normalized",false,"Combo_Getup02=1","",35,"Base HumanLDigit43",0.4125202,0.4905664,-0.1359357,0.4125203,0.6756938,-0.1359357,0.01672248,0.01814934,0.1851273
11856,15,1,"Pepe","Mankey",-1,0.1327952,0.1770595,0.1327952,11855,0.004998326,0.004998321,0.004998321,false,1635001174,1.333328,1,1,1,0,0,0,0,0,"Normalized",false,"Combo_Getup02=1","",36,"Base HumanRArmDigit11",0.2173768,0.111065,-0.9990878,0.2173768,0.2961923,-0.9990878,0.01616474,0.01698145,0.1851274
11856,15,1,"Pepe","Mankey",-1,0.1327952,0.1770595,0.1327952,11855,0.004998326,0.004998321,0.004998321,false,1635001174,1.333328,1,1,1,0,0,0,0,0,"Normalized",false,"Combo_Getup02=1","",37,"Base HumanRArmDigit12",0.2579914,0.1298039,-1.003124,0.2579915,0.3149312,-1.003124,0.01770268,0.0185544,0.1851273
11856,15,1,"Pepe","Mankey",-1,0.1327952,0.1770595,0.1327952,11855,0.004998326,0.004998321,0.004998321,false,1635001174,1.333328,1,1,1,0,0,0,0,0,"Normalized",false,"Combo_Getup02=1","",38,"Base HumanRArmDigit13",0.2952685,0.1370823,-1.010871,0.2952686,0.3222096,-1.010871,0.01835373,0.01923978,0.1851273
11856,15,1,"Pepe","Mankey",-1,0.1327952,0.1770595,0.1327952,11855,0.004998326,0.004998321,0.004998321,false,1635001174,1.333328,1,1,1,0,0,0,0,0,"Normalized",false,"Combo_Getup02=1","",39,"Base HumanRArmDigit21",0.271562,0.1240638,-1.042822,0.271562,0.3091912,-1.042822,0.01661515,0.01718263,0.1851274
11856,15,1,"Pepe","Mankey",-1,0.1327952,0.1770595,0.1327952,11855,0.004998326,0.004998321,0.004998321,false,1635001174,1.333328,1,1,1,0,0,0,0,0,"Normalized",false,"Combo_Getup02=1","",40,"Base HumanRArmDigit22",0.3270676,0.1445147,-1.056209,0.3270677,0.3296421,-1.056209,0.01820016,0.01878159,0.1851274
11856,15,1,"Pepe","Mankey",-1,0.1327952,0.1770595,0.1327952,11855,0.004998326,0.004998321,0.004998321,false,1635001174,1.333328,1,1,1,0,0,0,0,0,"Normalized",false,"Combo_Getup02=1","",41,"Base HumanRArmDigit23",0.3788284,0.1573369,-1.054952,0.3788284,0.3424642,-1.054952,0.01991947,0.02062381,0.1851273
11856,15,1,"Pepe","Mankey",-1,0.1327952,0.1770595,0.1327952,11855,0.004998326,0.004998321,0.004998321,false,1635001174,1.333328,1,1,1,0,0,0,0,0,"Normalized",false,"Combo_Getup02=1","",42,"Base HumanRArmDigit31",0.2886026,0.07318804,-1.055706,0.2886027,0.2583154,-1.055706,0.01295689,0.01362221,0.1851274
11856,15,1,"Pepe","Mankey",-1,0.1327952,0.1770595,0.1327952,11855,0.004998326,0.004998321,0.004998321,false,1635001174,1.333328,1,1,1,0,0,0,0,0,"Normalized",false,"Combo_Getup02=1","",43,"Base HumanRArmDigit32",0.3379277,0.08369236,-1.07308,0.3379279,0.2688197,-1.07308,0.0138953,0.01452412,0.1851273
11856,15,1,"Pepe","Mankey",-1,0.1327952,0.1770595,0.1327952,11855,0.004998326,0.004998321,0.004998321,false,1635001174,1.333328,1,1,1,0,0,0,0,0,"Normalized",false,"Combo_Getup02=1","",44,"Base HumanRArmDigit33",0.3921321,0.0901664,-1.076573,0.3921322,0.2752937,-1.076573,0.0151833,0.01594499,0.1851273
11856,15,1,"Pepe","Mankey",-1,0.1327952,0.1770595,0.1327952,11855,0.004998326,0.004998321,0.004998321,false,1635001174,1.333328,1,1,1,0,0,0,0,0,"Normalized",false,"Combo_Getup02=1","",45,"Base HumanRArmDigit41",0.2810143,0.01353527,-1.058015,0.2810143,0.1986627,-1.058015,0.008783793,0.009689253,0.1851274
11856,15,1,"Pepe","Mankey",-1,0.1327952,0.1770595,0.1327952,11855,0.004998326,0.004998321,0.004998321,false,1635001174,1.333328,1,1,1,0,0,0,0,0,"Normalized",false,"Combo_Getup02=1","",46,"Base HumanRArmDigit42",0.3301494,0.02082705,-1.077451,0.3301494,0.2059544,-1.077451,0.009510796,0.01030945,0.1851274
11856,15,1,"Pepe","Mankey",-1,0.1327952,0.1770595,0.1327952,11855,0.004998326,0.004998321,0.004998321,false,1635001174,1.333328,1,1,1,0,0,0,0,0,"Normalized",false,"Combo_Getup02=1","",47,"Base HumanRArmDigit43",0.3848217,0.02314188,-1.085606,0.3848217,0.2082692,-1.085606,0.01056226,0.01145956,0.1851273
11856,15,1,"Pepe","Mankey",-1,0.1327952,0.1770595,0.1327952,11855,0.004998326,0.004998321,0.004998321,false,1635001174,1.333328,1,1,1,0,0,0,0,0,"Normalized",false,"Combo_Getup02=1","",48,"Base HumanSpine4",-0.1571131,0.3072435,-0.6735391,-0.1571131,0.4923709,-0.6735391,0.01371588,0.01242007,0.1851274
11857,15,1,"Pepe","Mankey",-1,0.1363392,0.1817849,0.1363392,11856,0.004725412,0.004725425,0.004725425,false,1635001174,1.333328,1,1,1,0,0,0,0,0,"Normalized",false,"Combo_Getup02=1","",0,"Base HumanPelvis",0.06335916,0.05125533,-0.4847519,0.06335916,0.2338271,-0.4847519,0.001033355,0.002477361,0.1825718
11857,15,1,"Pepe","Mankey",-1,0.1363392,0.1817849,0.1363392,11856,0.004725412,0.004725425,0.004725425,false,1635001174,1.333328,1,1,1,0,0,0,0,0,"Normalized",false,"Combo_Getup02=1","",1,"Base HumanLLeg1",0.01107471,0.09133307,-0.3829455,0.0110747,0.2739048,-0.3829455,0.002080411,0.002125613,0.1825718
11857,15,1,"Pepe","Mankey",-1,0.1363392,0.1817849,0.1363392,11856,0.004725412,0.004725425,0.004725425,false,1635001174,1.333328,1,1,1,0,0,0,0,0,"Normalized",false,"Combo_Getup02=1","",2,"Base HumanRLeg1",0.1156436,0.01117757,-0.5865583,0.1156436,0.1937493,-0.5865583,0.0008272583,0.003260875,0.1825718
11857,15,1,"Pepe","Mankey",-1,0.1363392,0.1817849,0.1363392,11856,0.004725412,0.004725425,0.004725425,false,1635001174,1.333328,1,1,1,0,0,0,0,0,"Normalized",false,"Combo_Getup02=1","",3,"Base HumanLLeg2",-0.02629005,0.3653027,-0.1432345,-0.02629007,0.5478745,-0.1432345,0.009566355,0.008820388,0.1825718
11857,15,1,"Pepe","Mankey",-1,0.1363392,0.1817849,0.1363392,11856,0.004725412,0.004725425,0.004725425,false,1635001174,1.333328,1,1,1,0,0,0,0,0,"Normalized",false,"Combo_Getup02=1","",4,"Base HumanRLeg2",0.4135593,0.2177574,-0.5366789,0.4135593,0.4003292,-0.5366789,0.007352539,0.005622001,0.1825718
11857,15,1,"Pepe","Mankey",-1,0.1363392,0.1817849,0.1363392,11856,0.004725412,0.004725425,0.004725425,false,1635001174,1.333328,1,1,1,0,0,0,0,0,"Normalized",false,"Combo_Getup02=1","",5,"Base HumanLLegAnkle",0.22896,0.1209609,-0.1747601,0.22896,0.3035326,-0.17476,0.0116718,0.01225977,0.1825717
11857,15,1,"Pepe","Mankey",-1,0.1363392,0.1817849,0.1363392,11856,0.004725412,0.004725425,0.004725425,false,1635001174,1.333328,1,1,1,0,0,0,0,0,"Normalized",false,"Combo_Getup02=1","",6,"Base HumanRLegAnkle",0.708923,0.1459142,-0.3537905,0.708923,0.3284859,-0.3537906,0.01213872,0.01223389,0.1825717
11857,15,1,"Pepe","Mankey",-1,0.1363392,0.1817849,0.1363392,11856,0.004725412,0.004725425,0.004725425,false,1635001174,1.333328,1,1,1,0,0,0,0,0,"Normalized",false,"Combo_Getup02=1","",7,"Base HumanSpine1",0.0259066,0.0626335,-0.5084655,0.0259066,0.2452053,-0.5084655,0.001376777,0.001843007,0.1825718
11857,15,1,"Pepe","Mankey",-1,0.1363392,0.1817849,0.1363392,11856,0.004725412,0.004725425,0.004725425,false,1635001174,1.333328,1,1,1,0,0,0,0,0,"Normalized",false,"Combo_Getup02=1","",8,"Base HumanSpine3",-0.1254541,0.2111469,-0.6195859,-0.1254541,0.3937187,-0.6195859,0.008220954,0.006548123,0.1825717
11857,15,1,"Pepe","Mankey",-1,0.1363392,0.1817849,0.1363392,11856,0.004725412,0.004725425,0.004725425,false,1635001174,1.333328,1,1,1,0,0,0,0,0,"Normalized",false,"Combo_Getup02=1","",9,"Base HumanNeck1",-0.1383863,0.4585772,-0.7546126,-0.1383863,0.6411489,-0.7546124,0.02130445,0.0205543,0.1825717
11857,15,1,"Pepe","Mankey",-1,0.1363392,0.1817849,0.1363392,11856,0.004725412,0.004725425,0.004725425,false,1635001174,1.333328,1,1,1,0,0,0,0,0,"Normalized",false,"Combo_Getup02=1","",10,"Base HumanHead",-0.1368769,0.6058299,-0.7758153,-0.1368769,0.7884015,-0.7758151,0.02910702,0.02851956,0.1825716
11857,15,1,"Pepe","Mankey",-1,0.1363392,0.1817849,0.1363392,11856,0.004725412,0.004725425,0.004725425,false,1635001174,1.333328,1,1,1,0,0,0,0,0,"Normalized",false,"Combo_Getup02=1","",11,"Base HumanLCollarbone",-0.03568582,0.4255649,-0.7206503,-0.03568584,0.6081367,-0.7206503,0.01781535,0.01785157,0.1825717
11857,15,1,"Pepe","Mankey",-1,0.1363392,0.1817849,0.1363392,11856,0.004725412,0.004725425,0.004725425,false,1635001174,1.333328,1,1,1,0,0,0,0,0,"Normalized",false,"Combo_Getup02=1","",12,"Base HumanRArmCollarbone",-0.04509407,0.3973153,-0.7728927,-0.04509403,0.579887,-0.7728927,0.01666833,0.0166014,0.1825717
11857,15,1,"Pepe","Mankey",-1,0.1363392,0.1817849,0.1363392,11856,0.004725412,0.004725425,0.004725425,false,1635001174,1.333328,1,1,1,0,0,0,0,0,"Normalized",false,"Combo_Getup02=1","",13,"Base HumanLUpperarm",-0.1113578,0.5469118,-0.563813,-0.1113578,0.7294837,-0.5638129,0.02386656,0.02343287,0.1825718
11857,15,1,"Pepe","Mankey",-1,0.1363392,0.1817849,0.1363392,11856,0.004725412,0.004725425,0.004725425,false,1635001174,1.333328,1,1,1,0,0,0,0,0,"Normalized",false,"Combo_Getup02=1","",14,"Base HumanRArmUpperarm",-0.1667884,0.3460242,-0.9390526,-0.1667884,0.5285959,-0.9390526,0.01839001,0.01719358,0.1825717
11857,15,1,"Pepe","Mankey",-1,0.1363392,0.1817849,0.1363392,11856,0.004725412,0.004725425,0.004725425,false,1635001174,1.333328,1,1,1,0,0,0,0,0,"Normalized",false,"Combo_Getup02=1","",15,"Base HumanLForearm",-0.02926333,0.5270676,-0.2949176,-0.02926327,0.7096393,-0.2949174,0.01438679,0.01410926,0.1825717
11857,15,1,"Pepe","Mankey",-1,0.1363392,0.1817849,0.1363392,11856,0.004725412,0.004725425,0.004725425,false,1635001174,1.333328,1,1,1,0,0,0,0,0,"Normalized",false,"Combo_Getup02=1","",16,"Base HumanRArmForearm",-0.07730174,0.08057305,-0.9079693,-0.07730173,0.2631448,-0.9079693,0.007052176,0.005574614,0.1825717
11857,15,1,"Pepe","Mankey",-1,0.1363392,0.1817849,0.1363392,11856,0.004725412,0.004725425,0.004725425,false,1635001174,1.333328,1,1,1,0,0,0,0,0,"Normalized",false,"Combo_Getup02=1","",17,"Base HumanLPalm",0.2241277,0.5123581,-0.2577076,0.2241277,0.6949298,-0.2577074,0.0145803,0.0154061,0.1825717
11857,15,1,"Pepe","Mankey",-1,0.1363392,0.1817849,0.1363392,11856,0.004725412,0.004725425,0.004725425,false,1635001174,1.333328,1,1,1,0,0,0,0,0,"Normalized",false,"Combo_Getup02=1","",18,"Base HumanRArmPalm",0.1675845,0.05592305,-0.9802947,0.1675846,0.2384948,-0.9802948,0.01166282,0.01267153,0.1825718
11857,15,1,"Pepe","Mankey",-1,0.1363392,0.1817849,0.1363392,11856,0.004725412,0.004725425,0.004725425,false,1635001174,1.333328,1,1,1,0,0,0,0,0,"Normalized",false,"Combo_Getup02=1","",19,"Base HumanLLegDigit11",0.3712554,0.2727125,0.01390865,0.3712554,0.4552843,0.01390857,0.01124514,0.0125571,0.1825717
11857,15,1,"Pepe","Mankey",-1,0.1363392,0.1817849,0.1363392,11856,0.004725412,0.004725425,0.004725425,false,1635001174,1.333328,1,1,1,0,0,0,0,0,"Normalized",false,"Combo_Getup02=1","",20,"Base HumanRLegDigit11",0.8115422,0.3912313,-0.4441291,0.8115423,0.573803,-0.4441291,0.01326233,0.01322139,0.1825717
11857,15,1,"Pepe","Mankey",-1,0.1363392,0.1817849,0.1363392,11856,0.004725412,0.004725425,0.004725425,false,1635001174,1.333328,1,1,1,0,0,0,0,0,"Normalized",false,"Combo_Getup02=1","",21,"Object001",-0.006191463,0.7252874,-0.5943154,-0.006191492,0.9078592,-0.5943153,0.02686147,0.0265774,0.1825718
11857,15,1,"Pepe","Mankey",-1,0.1363392,0.1817849,0.1363392,11856,0.004725412,0.004725425,0.004725425,false,1635001174,1.333328,1,1,1,0,0,0,0,0,"Normalized",false,"Combo_Getup02=1","",22,"Monkey_eyes",0.09659173,0.6869633,-0.8329861,0.09659182,0.8695349,-0.832986,0.03285185,0.03279944,0.1825716
11857,15,1,"Pepe","Mankey",-1,0.1363392,0.1817849,0.1363392,11856,0.004725412,0.004725425,0.004725425,false,1635001174,1.333328,1,1,1,0,0,0,0,0,"Normalized",false,"Combo_Getup02=1","",23,"Base HumanHeadBone001",0.01558908,0.4922504,-0.6919215,0.01558912,0.674822,-0.6919215,0.02367143,0.0234018,0.1825717
11857,15,1,"Pepe","Mankey",-1,0.1363392,0.1817849,0.1363392,11856,0.004725412,0.004725425,0.004725425,false,1635001174,1.333328,1,1,1,0,0,0,0,0,"Normalized",false,"Combo_Getup02=1","",24,"Base HumanLDigit11",0.2919677,0.5316904,-0.2781191,0.2919677,0.7142622,-0.278119,0.01624637,0.01734377,0.1825718
11857,15,1,"Pepe","Mankey",-1,0.1363392,0.1817849,0.1363392,11856,0.004725412,0.004725425,0.004725425,false,1635001174,1.333328,1,1,1,0,0,0,0,0,"Normalized",false,"Combo_Getup02=1","",25,"Base HumanLDigit12",0.3368215,0.5307721,-0.2801884,0.3368214,0.7133439,-0.2801881,0.01703328,0.01829586,0.1825718
11857,15,1,"Pepe","Mankey",-1,0.1363392,0.1817849,0.1363392,11856,0.004725412,0.004725425,0.004725425,false,1635001174,1.333328,1,1,1,0,0,0,0,0,"Normalized",false,"Combo_Getup02=1","",26,"Base HumanLDigit13",0.3748401,0.5273291,-0.2734556,0.37484,0.7099009,-0.2734554,0.01759781,0.01898289,0.1825718
11857,15,1,"Pepe","Mankey",-1,0.1363392,0.1817849,0.1363392,11856,0.004725412,0.004725425,0.004725425,false,1635001174,1.333328,1,1,1,0,0,0,0,0,"Normalized",false,"Combo_Getup02=1","",27,"Base HumanLDigit21",0.3517724,0.5525098,-0.2463758,0.3517724,0.7350816,-0.2463757,0.01731171,0.01856278,0.1825717
11857,15,1,"Pepe","Mankey",-1,0.1363392,0.1817849,0.1363392,11856,0.004725412,0.004725425,0.004725425,false,1635001174,1.333328,1,1,1,0,0,0,0,0,"Normalized",false,"Combo_Getup02=1","",28,"Base HumanLDigit22",0.4118771,0.5574638,-0.2399534,0.411877,0.7400355,-0.2399532,0.0184515,0.01986394,0.1825717
11857,15,1,"Pepe","Mankey",-1,0.1363392,0.1817849,0.1363392,11856,0.004725412,0.004725425,0.004725425,false,1635001174,1.333328,1,1,1,0,0,0,0,0,"Normalized",false,"Combo_Getup02=1","",29,"Base HumanLDigit23",0.4639729,0.5460312,-0.2406737,0.4639729,0.7286029,-0.2406735,0.01934521,0.02091675,0.1825716
11857,15,1,"Pepe","Mankey",-1,0.1363392,0.1817849,0.1363392,11856,0.004725412,0.004725425,0.004725425,false,1635001174,1.333328,1,1,1,0,0,0,0,0,"Normalized",false,"Combo_Getup02=1","",30,"Base HumanLDigit31",0.3497299,0.5250863,-0.198538,0.34973,0.7076581,-0.1985379,0.01602821,0.01729106,0.1825718
11857,15,1,"Pepe","Mankey",-1,0.1363392,0.1817849,0.1363392,11856,0.004725412,0.004725425,0.004725425,false,1635001174,1.333328,1,1,1,0,0,0,0,0,"Normalized",false,"Combo_Getup02=1","",31,"Base HumanLDigit32",0.4012915,0.5278084,-0.185153,0.4012915,0.7103803,-0.1851529,0.01690167,0.01831734,0.1825718
11857,15,1,"Pepe","Mankey",-1,0.1363392,0.1817849,0.1363392,11856,0.004725412,0.004725425,0.004725425,false,1635001174,1.333328,1,1,1,0,0,0,0,0,"Normalized",false,"Combo_Getup02=1","",32,"Base HumanLDigit33",0.453768,0.5135785,-0.1791589,0.453768,0.6961502,-0.1791587,0.01770225,0.01929763,0.1825717
11857,15,1,"Pepe","Mankey",-1,0.1363392,0.1817849,0.1363392,11856,0.004725412,0.004725425,0.004725425,false,1635001174,1.333328,1,1,1,0,0,0,0,0,"Normalized",false,"Combo_Getup02=1","",33,"Base HumanLDigit41",0.3205119,0.4931416,-0.1567386,0.3205118,0.6757134,-0.1567384,0.01428108,0.01546369,0.1825718
11857,15,1,"Pepe","Mankey",-1,0.1363392,0.1817849,0.1363392,11856,0.004725412,0.004725425,0.004725425,false,1635001174,1.333328,1,1,1,0,0,0,0,0,"Normalized",false,"Combo_Getup02=1","",34,"Base HumanLDigit42",0.3712292,0.4954778,-0.1403843,0.3712292,0.6780496,-0.1403842,0.01505598,0.01641252,0.1825718
11857,15,1,"Pepe","Mankey",-1,0.1363392,0.1817849,0.1363392,11856,0.004725412,0.004725425,0.004725425,false,1635001174,1.333328,1,1,1,0,0,0,0,0,"Normalized",false,"Combo_Getup02=1","",35,"Base HumanLDigit43",0.4235942,0.4817415,-0.1289794,0.4235943,0.6643133,-0.1289793,0.01577668,0.0173361,0.1825718
11857,15,1,"Pepe","Mankey",-1,0.1363392,0.1817849,0.1363392,11856,0.004725412,0.004725425,0.004725425,false,1635001174,1.333328,1,1,1,0,0,0,0,0,"Normalized",false,"Combo_Getup02=1","",36,"Base HumanRArmDigit11",0.2204645,0.1066639,-0.9849506,0.2204646,0.2892357,-0.9849506,0.01512488,0.01605584,0.1825718
11857,15,1,"Pepe","Mankey",-1,0.1363392,0.1817849,0.1363392,11856,0.004725412,0.004725425,0.004725425,false,1635001174,1.333328,1,1,1,0,0,0,0,0,"Normalized",false,"Combo_Getup02=1","",37,"Base HumanRArmDigit12",0.2615517,0.1245636,-0.9878531,0.2615517,0.3071353,-0.9878531,0.01653252,0.01751117,0.1825718
11857,15,1,"Pepe","Mankey",-1,0.1363392,0.1817849,0.1363392,11856,0.004725412,0.004725425,0.004725425,false,1635001174,1.333328,1,1,1,0,0,0,0,0,"Normalized",false,"Combo_Getup02=1","",38,"Base HumanRArmDigit13",0.2990048,0.1313274,-0.9952082,0.2990049,0.3138991,-0.9952083,0.01709981,0.01812044,0.1825717
11857,15,1,"Pepe","Mankey",-1,0.1363392,0.1817849,0.1363392,11856,0.004725412,0.004725425,0.004725425,false,1635001174,1.333328,1,1,1,0,0,0,0,0,"Normalized",false,"Combo_Getup02=1","",39,"Base HumanRArmDigit21",0.2748912,0.1211207,-1.027921,0.2748913,0.3036924,-1.027921,0.01554971,0.01622876,0.1825717
11857,15,1,"Pepe","Mankey",-1,0.1363392,0.1817849,0.1363392,11856,0.004725412,0.004725425,0.004725425,false,1635001174,1.333328,1,1,1,0,0,0,0,0,"Normalized",false,"Combo_Getup02=1","",40,"Base HumanRArmDigit22",0.3308923,0.1410059,-1.040036,0.3308924,0.3235776,-1.040036,0.01698536,0.01769091,0.1825717
11857,15,1,"Pepe","Mankey",-1,0.1363392,0.1817849,0.1363392,11856,0.004725412,0.004725425,0.004725425,false,1635001174,1.333328,1,1,1,0,0,0,0,0,"Normalized",false,"Combo_Getup02=1","",41,"Base HumanRArmDigit23",0.3829595,0.1523264,-1.037583,0.3829595,0.3348981,-1.037583,0.01854344,0.01939073,0.1825717
11857,15,1,"Pepe","Mankey",-1,0.1363392,0.1817849,0.1363392,11856,0.004725412,0.004725425,0.004725425,false,1635001174,1.333328,1,1,1,0,0,0,0,0,"Normalized",false,"Combo_Getup02=1","",42,"Base HumanRArmDigit31",0.2906633,0.07077728,-1.044091,0.2906633,0.2533491,-1.044091,0.01203943,0.01279834,0.1825718
11857,15,1,"Pepe","Mankey",-1,0.1363392,0.1817849,0.1363392,11856,0.004725412,0.004725425,0.004725425,false,1635001174,1.333328,1,1,1,0,0,0,0,0,"Normalized",false,"Combo_Getup02=1","",43,"Base HumanRArmDigit32",0.3402867,0.08115511,-1.060674,0.3402868,0.2637269,-1.060674,0.01288031,0.01361641,0.1825718
11857,15,1,"Pepe","Mankey",-1,0.1363392,0.1817849,0.1363392,11856,0.004725412,0.004725425,0.004725425,false,1635001174,1.333328,1,1,1,0,0,0,0,0,"Normalized",false,"Combo_Getup02=1","",44,"Base HumanRArmDigit33",0.3946735,0.08638344,-1.063314,0.3946736,0.2689551,-1.063314,0.01402019,0.01491417,0.1825717
11857,15,1,"Pepe","Mankey",-1,0.1363392,0.1817849,0.1363392,11856,0.004725412,0.004725425,0.004725425,false,1635001174,1.333328,1,1,1,0,0,0,0,0,"Normalized",false,"Combo_Getup02=1","",45,"Base HumanRArmDigit41",0.2816135,0.01159827,-1.0502,0.2816134,0.19417,-1.0502,0.00807363,0.009034101,0.1825718
11857,15,1,"Pepe","Mankey",-1,0.1363392,0.1817849,0.1363392,11856,0.004725412,0.004725425,0.004725425,false,1635001174,1.333328,1,1,1,0,0,0,0,0,"Normalized",false,"Combo_Getup02=1","",46,"Base HumanRArmDigit42",0.3309981,0.0189777,-1.068959,0.3309981,0.2015495,-1.068959,0.008732257,0.009604027,0.1825718
11857,15,1,"Pepe","Mankey",-1,0.1363392,0.1817849,0.1363392,11856,0.004725412,0.004725425,0.004725425,false,1635001174,1.333328,1,1,1,0,0,0,0,0,"Normalized",false,"Combo_Getup02=1","",47,"Base HumanRArmDigit43",0.385803,0.02041669,-1.076394,0.385803,0.2029885,-1.076394,0.009656765,0.01066347,0.1825718
11857,15,1,"Pepe","Mankey",-1,0.1363392,0.1817849,0.1363392,11856,0.004725412,0.004725425,0.004725425,false,1635001174,1.333328,1,1,1,0,0,0,0,0,"Normalized",false,"Combo_Getup02=1","",48,"Base HumanSpine4",-0.146718,0.3146459,-0.6752825,-0.1467181,0.4972177,-0.6752825,0.01287994,0.01160123,0.1825718
11858,15,1,"Pepe","Mankey",-1,0.1397792,0.1863715,0.1397792,11857,0.004586563,0.00458655,0.00458655,false,1635001174,1.333328,1,1,1,0,0,0,0,0,"Normalized",false,"Combo_Getup02=1","",0,"Base HumanPelvis",0.06255905,0.05163491,-0.485227,0.06255905,0.2315259,-0.485227,0.001004979,0.002482223,0.179891
11858,15,1,"Pepe","Mankey",-1,0.1397792,0.1863715,0.1397792,11857,0.004586563,0.00458655,0.00458655,false,1635001174,1.333328,1,1,1,0,0,0,0,0,"Normalized",false,"Combo_Getup02=1","",1,"Base HumanLLeg1",0.009915304,0.09258088,-0.3839527,0.009915296,0.2724719,-0.3839527,0.0019788,0.002100466,0.179891
11858,15,1,"Pepe","Mankey",-1,0.1397792,0.1863715,0.1397792,11857,0.004586563,0.00458655,0.00458655,false,1635001174,1.333328,1,1,1,0,0,0,0,0,"Normalized",false,"Combo_Getup02=1","",2,"Base HumanRLeg1",0.1152028,0.01068891,-0.5865013,0.1152028,0.1905799,-0.5865013,0.0006605776,0.003200478,0.179891
11858,15,1,"Pepe","Mankey",-1,0.1397792,0.1863715,0.1397792,11857,0.004586563,0.00458655,0.00458655,false,1635001174,1.333328,1,1,1,0,0,0,0,0,"Normalized",false,"Combo_Getup02=1","",3,"Base HumanLLeg2",-0.03330035,0.3688997,-0.1479503,-0.03330036,0.5487907,-0.1479502,0.009182712,0.00849836,0.179891
11858,15,1,"Pepe","Mankey",-1,0.1397792,0.1863715,0.1397792,11857,0.004586563,0.00458655,0.00458655,false,1635001174,1.333328,1,1,1,0,0,0,0,0,"Normalized",false,"Combo_Getup02=1","",4,"Base HumanRLeg2",0.4091485,0.223199,-0.5380007,0.4091485,0.4030899,-0.5380007,0.007128359,0.005368863,0.179891
11858,15,1,"Pepe","Mankey",-1,0.1397792,0.1863715,0.1397792,11857,0.004586563,0.00458655,0.00458655,false,1635001174,1.333328,1,1,1,0,0,0,0,0,"Normalized",false,"Combo_Getup02=1","",5,"Base HumanLLegAnkle",0.2178634,0.1196277,-0.1730427,0.2178633,0.2995187,-0.1730427,0.01130759,0.01192463,0.179891
11858,15,1,"Pepe","Mankey",-1,0.1397792,0.1863715,0.1397792,11857,0.004586563,0.00458655,0.00458655,false,1635001174,1.333328,1,1,1,0,0,0,0,0,"Normalized",false,"Combo_Getup02=1","",6,"Base HumanRLegAnkle",0.6988369,0.1467272,-0.3480482,0.6988369,0.3266182,-0.3480483,0.01163463,0.01175553,0.179891
11858,15,1,"Pepe","Mankey",-1,0.1397792,0.1863715,0.1397792,11857,0.004586563,0.00458655,0.00458655,false,1635001174,1.333328,1,1,1,0,0,0,0,0,"Normalized",false,"Combo_Getup02=1","",7,"Base HumanSpine1",0.02557098,0.06369452,-0.5093297,0.02557097,0.2435855,-0.5093297,0.001408995,0.001866309,0.179891
11858,15,1,"Pepe","Mankey",-1,0.1397792,0.1863715,0.1397792,11857,0.004586563,0.00458655,0.00458655,false,1635001174,1.333328,1,1,1,0,0,0,0,0,"Normalized",false,"Combo_Getup02=1","",8,"Base HumanSpine3",-0.1203154,0.217036,-0.6212116,-0.1203154,0.396927,-0.6212115,0.00798311,0.006272327,0.179891
11858,15,1,"Pepe","Mankey",-1,0.1397792,0.1863715,0.1397792,11857,0.004586563,0.00458655,0.00458655,false,1635001174,1.333328,1,1,1,0,0,0,0,0,"Normalized",false,"Combo_Getup02=1","",9,"Base HumanNeck1",-0.1191899,0.4650961,-0.7552609,-0.1191899,0.644987,-0.7552608,0.02028346,0.01958705,0.1798909
11858,15,1,"Pepe","Mankey",-1,0.1397792,0.1863715,0.1397792,11857,0.004586563,0.00458655,0.00458655,false,1635001174,1.333328,1,1,1,0,0,0,0,0,"Normalized",false,"Combo_Getup02=1","",10,"Base HumanHead",-0.1100136,0.6123944,-0.7740813,-0.1100136,0.7922854,-0.7740813,0.02770807,0.02719785,0.179891
11858,15,1,"Pepe","Mankey",-1,0.1397792,0.1863715,0.1397792,11857,0.004586563,0.00458655,0.00458655,false,1635001174,1.333328,1,1,1,0,0,0,0,0,"Normalized",false,"Combo_Getup02=1","",11,"Base HumanLCollarbone",-0.01888941,0.4260858,-0.7204955,-0.01888944,0.6059768,-0.7204954,0.0168052,0.0169354,0.179891
11858,15,1,"Pepe","Mankey",-1,0.1397792,0.1863715,0.1397792,11857,0.004586563,0.00458655,0.00458655,false,1635001174,1.333328,1,1,1,0,0,0,0,0,"Normalized",false,"Combo_Getup02=1","",12,"Base HumanRArmCollarbone",-0.02941907,0.3986188,-0.7729408,-0.02941909,0.5785097,-0.7729408,0.01572919,0.0157354,0.1798909
11858,15,1,"Pepe","Mankey",-1,0.1397792,0.1863715,0.1397792,11857,0.004586563,0.00458655,0.00458655,false,1635001174,1.333328,1,1,1,0,0,0,0,0,"Normalized",false,"Combo_Getup02=1","",13,"Base HumanLUpperarm",-0.08907473,0.5510114,-0.5639168,-0.08907476,0.7309024,-0.5639167,0.0226573,0.02232844,0.1798909
11858,15,1,"Pepe","Mankey",-1,0.1397792,0.1863715,0.1397792,11857,0.004586563,0.00458655,0.00458655,false,1635001174,1.333328,1,1,1,0,0,0,0,0,"Normalized",false,"Combo_Getup02=1","",14,"Base HumanRArmUpperarm",-0.1516755,0.3550502,-0.9408829,-0.1516755,0.5349412,-0.9408829,0.017698,0.01649278,0.179891
11858,15,1,"Pepe","Mankey",-1,0.1397792,0.1863715,0.1397792,11857,0.004586563,0.00458655,0.00458655,false,1635001174,1.333328,1,1,1,0,0,0,0,0,"Normalized",false,"Combo_Getup02=1","",15,"Base HumanLForearm",-0.01613168,0.5288069,-0.2925789,-0.01613165,0.7086979,-0.2925788,0.0134512,0.01337141,0.1798909
11858,15,1,"Pepe","Mankey",-1,0.1397792,0.1863715,0.1397792,11857,0.004586563,0.00458655,0.00458655,false,1635001174,1.333328,1,1,1,0,0,0,0,0,"Normalized",false,"Combo_Getup02=1","",16,"Base HumanRArmForearm",-0.07665868,0.08596958,-0.9033802,-0.07665873,0.2658606,-0.9033801,0.007113106,0.005371182,0.179891
11858,15,1,"Pepe","Mankey",-1,0.1397792,0.1863715,0.1397792,11857,0.004586563,0.00458655,0.00458655,false,1635001174,1.333328,1,1,1,0,0,0,0,0,"Normalized",false,"Combo_Getup02=1","",17,"Base HumanLPalm",0.2364098,0.508195,-0.2525052,0.2364098,0.688086,-0.2525051,0.01397302,0.01499171,0.1798909
11858,15,1,"Pepe","Mankey",-1,0.1397792,0.1863715,0.1397792,11857,0.004586563,0.00458655,0.00458655,false,1635001174,1.333328,1,1,1,0,0,0,0,0,"Normalized",false,"Combo_Getup02=1","",18,"Base HumanRArmPalm",0.1688444,0.05234092,-0.9697514,0.1688444,0.2322319,-0.9697513,0.0112063,0.01232787,0.1798909
11858,15,1,"Pepe","Mankey",-1,0.1397792,0.1863715,0.1397792,11857,0.004586563,0.00458655,0.00458655,false,1635001174,1.333328,1,1,1,0,0,0,0,0,"Normalized",false,"Combo_Getup02=1","",19,"Base HumanLLegDigit11",0.3622977,0.2678346,0.0168147,0.3622976,0.4477256,0.01681471,0.01060562,0.01207567,0.1798909
11858,15,1,"Pepe","Mankey",-1,0.1397792,0.1863715,0.1397792,11857,0.004586563,0.00458655,0.00458655,false,1635001174,1.333328,1,1,1,0,0,0,0,0,"Normalized",false,"Combo_Getup02=1","",20,"Base HumanRLegDigit11",0.8025501,0.3926991,-0.4353041,0.8025504,0.5725902,-0.4353041,0.0126843,0.01265729,0.1798911
11858,15,1,"Pepe","Mankey",-1,0.1397792,0.1863715,0.1397792,11857,0.004586563,0.00458655,0.00458655,false,1635001174,1.333328,1,1,1,0,0,0,0,0,"Normalized",false,"Combo_Getup02=1","",21,"Object001",0.01856603,0.7283325,-0.5888339,0.01856594,0.9082235,-0.5888338,0.02553924,0.02535961,0.1798909
11858,15,1,"Pepe","Mankey",-1,0.1397792,0.1863715,0.1397792,11857,0.004586563,0.00458655,0.00458655,false,1635001174,1.333328,1,1,1,0,0,0,0,0,"Normalized",false,"Combo_Getup02=1","",22,"Monkey_eyes",0.1268889,0.687743,-0.8246632,0.1268888,0.867634,-0.8246631,0.03142919,0.03147688,0.179891
11858,15,1,"Pepe","Mankey",-1,0.1397792,0.1863715,0.1397792,11857,0.004586563,0.00458655,0.00458655,false,1635001174,1.333328,1,1,1,0,0,0,0,0,"Normalized",false,"Combo_Getup02=1","",23,"Base HumanHeadBone001",0.03720878,0.4949426,-0.6862464,0.03720876,0.6748336,-0.6862463,0.0225137,0.02235211,0.179891
11858,15,1,"Pepe","Mankey",-1,0.1397792,0.1863715,0.1397792,11857,0.004586563,0.00458655,0.00458655,false,1635001174,1.333328,1,1,1,0,0,0,0,0,"Normalized",false,"Combo_Getup02=1","",24,"Base HumanLDigit11",0.3049974,0.5253392,-0.272366,0.3049974,0.7052302,-0.272366,0.0155951,0.01686559,0.1798909
11858,15,1,"Pepe","Mankey",-1,0.1397792,0.1863715,0.1397792,11857,0.004586563,0.00458655,0.00458655,false,1635001174,1.333328,1,1,1,0,0,0,0,0,"Normalized",false,"Combo_Getup02=1","",25,"Base HumanLDigit12",0.3498203,0.5230203,-0.2739503,0.3498203,0.7029114,-0.2739502,0.01636987,0.01779659,0.179891
11858,15,1,"Pepe","Mankey",-1,0.1397792,0.1863715,0.1397792,11857,0.004586563,0.00458655,0.00458655,false,1635001174,1.333328,1,1,1,0,0,0,0,0,"Normalized",false,"Combo_Getup02=1","",26,"Base HumanLDigit13",0.3876485,0.5184751,-0.2668113,0.3876484,0.698366,-0.2668113,0.01692915,0.01847304,0.179891
11858,15,1,"Pepe","Mankey",-1,0.1397792,0.1863715,0.1397792,11857,0.004586563,0.00458655,0.00458655,false,1635001174,1.333328,1,1,1,0,0,0,0,0,"Normalized",false,"Combo_Getup02=1","",27,"Base HumanLDigit21",0.3650655,0.5446553,-0.240173,0.3650654,0.7245462,-0.2401729,0.0166396,0.01806025,0.1798909
11858,15,1,"Pepe","Mankey",-1,0.1397792,0.1863715,0.1397792,11857,0.004586563,0.00458655,0.00458655,false,1635001174,1.333328,1,1,1,0,0,0,0,0,"Normalized",false,"Combo_Getup02=1","",28,"Base HumanLDigit22",0.4252191,0.5479276,-0.2331593,0.4252191,0.7278185,-0.2331593,0.01775131,0.01932415,0.179891
11858,15,1,"Pepe","Mankey",-1,0.1397792,0.1863715,0.1397792,11857,0.004586563,0.00458655,0.00458655,false,1635001174,1.333328,1,1,1,0,0,0,0,0,"Normalized",false,"Combo_Getup02=1","",29,"Base HumanLDigit23",0.4769302,0.5348461,-0.2333388,0.4769302,0.7147371,-0.2333387,0.0186226,0.02034585,0.179891
11858,15,1,"Pepe","Mankey",-1,0.1397792,0.1863715,0.1397792,11857,0.004586563,0.00458655,0.00458655,false,1635001174,1.333328,1,1,1,0,0,0,0,0,"Normalized",false,"Combo_Getup02=1","",30,"Base HumanLDigit31",0.3617236,0.5177161,-0.1921335,0.3617237,0.697607,-0.1921335,0.01546565,0.01690828,0.1798909
11858,15,1,"Pepe","Mankey",-1,0.1397792,0.1863715,0.1397792,11857,0.004586563,0.00458655,0.00458655,false,1635001174,1.333328,1,1,1,0,0,0,0,0,"Normalized",false,"Combo_Getup02=1","",31,"Base HumanLDigit32",0.4132208,0.5190106,-0.178294,0.4132208,0.6989015,-0.1782939,0.01633266,0.01791971,0.1798909
11858,15,1,"Pepe","Mankey",-1,0.1397792,0.1863715,0.1397792,11857,0.004586563,0.00458655,0.00458655,false,1635001174,1.333328,1,1,1,0,0,0,0,0,"Normalized",false,"Combo_Getup02=1","",32,"Base HumanLDigit33",0.4651569,0.5031211,-0.1717851,0.465157,0.6830121,-0.1717851,0.01713,0.01888622,0.179891
11858,15,1,"Pepe","Mankey",-1,0.1397792,0.1863715,0.1397792,11857,0.004586563,0.00458655,0.00458655,false,1635001174,1.333328,1,1,1,0,0,0,0,0,"Normalized",false,"Combo_Getup02=1","",33,"Base HumanLDigit41",0.3311472,0.4870086,-0.1503785,0.3311473,0.6668995,-0.1503786,0.0138266,0.0152067,0.1798909
11858,15,1,"Pepe","Mankey",-1,0.1397792,0.1863715,0.1397792,11857,0.004586563,0.00458655,0.00458655,false,1635001174,1.333328,1,1,1,0,0,0,0,0,"Normalized",false,"Combo_Getup02=1","",34,"Base HumanLDigit42",0.3817766,0.4879609,-0.1336178,0.3817766,0.6678518,-0.1336178,0.0146129,0.01615635,0.1798909
11858,15,1,"Pepe","Mankey",-1,0.1397792,0.1863715,0.1397792,11857,0.004586563,0.00458655,0.00458655,false,1635001174,1.333328,1,1,1,0,0,0,0,0,"Normalized",false,"Combo_Getup02=1","",35,"Base HumanLDigit43",0.4335846,0.4725953,-0.121757,0.4335846,0.6524862,-0.121757,0.01535003,0.01708356,0.1798909
11858,15,1,"Pepe","Mankey",-1,0.1397792,0.1863715,0.1397792,11857,0.004586563,0.00458655,0.00458655,false,1635001174,1.333328,1,1,1,0,0,0,0,0,"Normalized",false,"Combo_Getup02=1","",36,"Base HumanRArmDigit11",0.2229314,0.1019821,-0.97147,0.2229315,0.2818731,-0.97147,0.01448212,0.01555698,0.179891
11858,15,1,"Pepe","Mankey",-1,0.1397792,0.1863715,0.1397792,11857,0.004586563,0.00458655,0.00458655,false,1635001174,1.333328,1,1,1,0,0,0,0,0,"Normalized",false,"Combo_Getup02=1","",37,"Base HumanRArmDigit12",0.2644635,0.1189631,-0.9733971,0.2644636,0.2988541,-0.973397,0.01577393,0.01691261,0.179891
11858,15,1,"Pepe","Mankey",-1,0.1397792,0.1863715,0.1397792,11857,0.004586563,0.00458655,0.00458655,false,1635001174,1.333328,1,1,1,0,0,0,0,0,"Normalized",false,"Combo_Getup02=1","",38,"Base HumanRArmDigit13",0.3020652,0.1251797,-0.9804713,0.3020654,0.3050706,-0.9804712,0.01625844,0.01744965,0.179891
11858,15,1,"Pepe","Mankey",-1,0.1397792,0.1863715,0.1397792,11857,0.004586563,0.00458655,0.00458655,false,1635001174,1.333328,1,1,1,0,0,0,0,0,"Normalized",false,"Combo_Getup02=1","",39,"Base HumanRArmDigit21",0.2775647,0.1177788,-1.0137,0.2775648,0.2976698,-1.0137,0.01485099,0.0156732,0.179891
11858,15,1,"Pepe","Mankey",-1,0.1397792,0.1863715,0.1397792,11857,0.004586563,0.00458655,0.00458655,false,1635001174,1.333328,1,1,1,0,0,0,0,0,"Normalized",false,"Combo_Getup02=1","",40,"Base HumanRArmDigit22",0.3340235,0.1369968,-1.024718,0.3340236,0.3168878,-1.024718,0.01614061,0.01700601,0.1798909
11858,15,1,"Pepe","Mankey",-1,0.1397792,0.1863715,0.1397792,11857,0.004586563,0.00458655,0.00458655,false,1635001174,1.333328,1,1,1,0,0,0,0,0,"Normalized",false,"Combo_Getup02=1","",41,"Base HumanRArmDigit23",0.3863574,0.1467252,-1.021299,0.3863573,0.3266161,-1.021299,0.0175523,0.01858237,0.1798909
11858,15,1,"Pepe","Mankey",-1,0.1397792,0.1863715,0.1397792,11857,0.004586563,0.00458655,0.00458655,false,1635001174,1.333328,1,1,1,0,0,0,0,0,"Normalized",false,"Combo_Getup02=1","",42,"Base HumanRArmDigit31",0.2920561,0.06817869,-1.033053,0.2920562,0.2480697,-1.033053,0.01142538,0.01231509,0.179891
11858,15,1,"Pepe","Mankey",-1,0.1397792,0.1863715,0.1397792,11857,0.004586563,0.00458655,0.00458655,false,1635001174,1.333328,1,1,1,0,0,0,0,0,"Normalized",false,"Combo_Getup02=1","",43,"Base HumanRArmDigit32",0.3419432,0.07834161,-1.048964,0.3419434,0.2582326,-1.048964,0.01215691,0.01304091,0.179891
11858,15,1,"Pepe","Mankey",-1,0.1397792,0.1863715,0.1397792,11857,0.004586563,0.00458655,0.00458655,false,1635001174,1.333328,1,1,1,0,0,0,0,0,"Normalized",false,"Combo_Getup02=1","",44,"Base HumanRArmDigit33",0.3964686,0.08224398,-1.050959,0.3964686,0.262135,-1.050959,0.01315294,0.01422612,0.179891
11858,15,1,"Pepe","Mankey",-1,0.1397792,0.1863715,0.1397792,11857,0.004586563,0.00458655,0.00458655,false,1635001174,1.333328,1,1,1,0,0,0,0,0,"Normalized",false,"Combo_Getup02=1","",45,"Base HumanRArmDigit41",0.281548,0.009733106,-1.042803,0.281548,0.1896241,-1.042803,0.007628979,0.008682623,0.179891
11858,15,1,"Pepe","Mankey",-1,0.1397792,0.1863715,0.1397792,11857,0.004586563,0.00458655,0.00458655,false,1635001174,1.333328,1,1,1,0,0,0,0,0,"Normalized",false,"Combo_Getup02=1","",46,"Base HumanRArmDigit42",0.3311498,0.0171072,-1.060982,0.3311499,0.1969982,-1.060982,0.008195248,0.00918555,0.179891
11858,15,1,"Pepe","Mankey",-1,0.1397792,0.1863715,0.1397792,11857,0.004586563,0.00458655,0.00458655,false,1635001174,1.333328,1,1,1,0,0,0,0,0,"Normalized",false,"Combo_Getup02=1","",47,"Base HumanRArmDigit43",0.3860426,0.01757874,-1.067872,0.3860429,0.1974697,-1.067872,0.008985347,0.0101557,0.1798909
11858,15,1,"Pepe","Mankey",-1,0.1397792,0.1863715,0.1397792,11857,0.004586563,0.00458655,0.00458655,false,1635001174,1.333328,1,1,1,0,0,0,0,0,"Normalized",false,"Combo_Getup02=1","",48,"Base HumanSpine4",-0.1365579,0.3215949,-0.6766185,-0.1365579,0.5014859,-0.6766184,0.01238152,0.01110096,0.179891
11859,15,1,"Pepe","Mankey",-1,0.1431724,0.1908958,0.1431724,11858,0.004524335,0.004524327,0.004524327,false,1635001174,1.333328,1,1,1,0,0,0,0,0,"Normalized",false,"Combo_Getup02=1","",0,"Base HumanPelvis",0.06185557,0.0520835,-0.4857458,0.06185557,0.229382,-0.4857458,0.0009824471,0.002315216,0.1772985
11859,15,1,"Pepe","Mankey",-1,0.1431724,0.1908958,0.1431724,11858,0.004524335,0.004524327,0.004524327,false,1635001174,1.333328,1,1,1,0,0,0,0,0,"Normalized",false,"Combo_Getup02=1","",1,"Base HumanLLeg1",0.008903768,0.09383744,-0.3849631,0.008903764,0.2711359,-0.3849631,0.001903424,0.001956742,0.1772985
11859,15,1,"Pepe","Mankey",-1,0.1431724,0.1908958,0.1431724,11858,0.004524335,0.004524327,0.004524327,false,1635001174,1.333328,1,1,1,0,0,0,0,0,"Normalized",false,"Combo_Getup02=1","",2,"Base HumanRLeg1",0.1148074,0.01032955,-0.5865284,0.1148074,0.187628,-0.5865284,0.0005350004,0.00297832,0.1772985
11859,15,1,"Pepe","Mankey",-1,0.1431724,0.1908958,0.1431724,11858,0.004524335,0.004524327,0.004524327,false,1635001174,1.333328,1,1,1,0,0,0,0,0,"Normalized",false,"Combo_Getup02=1","",3,"Base HumanLLeg2",-0.03988191,0.3724506,-0.1527746,-0.03988193,0.5497491,-0.1527746,0.008899437,0.008216458,0.1772985
11859,15,1,"Pepe","Mankey",-1,0.1431724,0.1908958,0.1431724,11858,0.004524335,0.004524327,0.004524327,false,1635001174,1.333328,1,1,1,0,0,0,0,0,"Normalized",false,"Combo_Getup02=1","",4,"Base HumanRLeg2",0.4048471,0.228474,-0.5395519,0.4048471,0.4057724,-0.5395518,0.006980904,0.005301259,0.1772985
11859,15,1,"Pepe","Mankey",-1,0.1431724,0.1908958,0.1431724,11858,0.004524335,0.004524327,0.004524327,false,1635001174,1.333328,1,1,1,0,0,0,0,0,"Normalized",false,"Combo_Getup02=1","",5,"Base HumanLLegAnkle",0.2068599,0.118269,-0.1717364,0.2068598,0.2955675,-0.1717364,0.01116378,0.01176418,0.1772985
11859,15,1,"Pepe","Mankey",-1,0.1431724,0.1908958,0.1431724,11858,0.004524335,0.004524327,0.004524327,false,1635001174,1.333328,1,1,1,0,0,0,0,0,"Normalized",false,"Combo_Getup02=1","",6,"Base HumanRLegAnkle",0.6887668,0.1474729,-0.3428856,0.6887669,0.3247714,-0.3428855,0.0113409,0.01146606,0.1772985
11859,15,1,"Pepe","Mankey",-1,0.1431724,0.1908958,0.1431724,11858,0.004524335,0.004524327,0.004524327,false,1635001174,1.333328,1,1,1,0,0,0,0,0,"Normalized",false,"Combo_Getup02=1","",7,"Base HumanSpine1",0.025336,0.06482203,-0.5102109,0.025336,0.2421205,-0.5102109,0.00145013,0.001725623,0.1772985
11859,15,1,"Pepe","Mankey",-1,0.1431724,0.1908958,0.1431724,11858,0.004524335,0.004524327,0.004524327,false,1635001174,1.333328,1,1,1,0,0,0,0,0,"Normalized",false,"Combo_Getup02=1","",8,"Base HumanSpine3",-0.1150768,0.2228047,-0.6226376,-0.1150768,0.4001031,-0.6226376,0.007921739,0.00629007,0.1772985
11859,15,1,"Pepe","Mankey",-1,0.1431724,0.1908958,0.1431724,11858,0.004524335,0.004524327,0.004524327,false,1635001174,1.333328,1,1,1,0,0,0,0,0,"Normalized",false,"Combo_Getup02=1","",9,"Base HumanNeck1",-0.1003055,0.4708907,-0.7553795,-0.1003055,0.6481891,-0.7553794,0.01975376,0.01915438,0.1772985
11859,15,1,"Pepe","Mankey",-1,0.1431724,0.1908958,0.1431724,11858,0.004524335,0.004524327,0.004524327,false,1635001174,1.333328,1,1,1,0,0,0,0,0,"Normalized",false,"Combo_Getup02=1","",10,"Base HumanHead",-0.08370297,0.6178411,-0.7716627,-0.08370291,0.7951395,-0.7716626,0.02697713,0.02657539,0.1772984
11859,15,1,"Pepe","Mankey",-1,0.1431724,0.1908958,0.1431724,11858,0.004524335,0.004524327,0.004524327,false,1635001174,1.333328,1,1,1,0,0,0,0,0,"Normalized",false,"Combo_Getup02=1","",11,"Base HumanLCollarbone",-0.002667072,0.4261512,-0.719943,-0.002667077,0.6034497,-0.719943,0.01623188,0.01642731,0.1772985
11859,15,1,"Pepe","Mankey",-1,0.1431724,0.1908958,0.1431724,11858,0.004524335,0.004524327,0.004524327,false,1635001174,1.333328,1,1,1,0,0,0,0,0,"Normalized",false,"Combo_Getup02=1","",12,"Base HumanRArmCollarbone",-0.01425069,0.3995601,-0.772617,-0.01425068,0.5768585,-0.772617,0.015201,0.01526147,0.1772984
11859,15,1,"Pepe","Mankey",-1,0.1431724,0.1908958,0.1431724,11858,0.004524335,0.004524327,0.004524327,false,1635001174,1.333328,1,1,1,0,0,0,0,0,"Normalized",false,"Combo_Getup02=1","",13,"Base HumanLUpperarm",-0.06729271,0.5541004,-0.5634124,-0.06729266,0.7313989,-0.5634124,0.02200574,0.02179359,0.1772985
11859,15,1,"Pepe","Mankey",-1,0.1431724,0.1908958,0.1431724,11858,0.004524335,0.004524327,0.004524327,false,1635001174,1.333328,1,1,1,0,0,0,0,0,"Normalized",false,"Combo_Getup02=1","",14,"Base HumanRArmUpperarm",-0.136611,0.3636641,-0.9422898,-0.136611,0.5409625,-0.9422898,0.01741026,0.01628421,0.1772985
11859,15,1,"Pepe","Mankey",-1,0.1431724,0.1908958,0.1431724,11858,0.004524335,0.004524327,0.004524327,false,1635001174,1.333328,1,1,1,0,0,0,0,0,"Normalized",false,"Combo_Getup02=1","",15,"Base HumanLForearm",-0.003748326,0.5297143,-0.2899066,-0.003748313,0.7070128,-0.2899065,0.01270087,0.01277998,0.1772985
11859,15,1,"Pepe","Mankey",-1,0.1431724,0.1908958,0.1431724,11858,0.004524335,0.004524327,0.004524327,false,1635001174,1.333328,1,1,1,0,0,0,0,0,"Normalized",false,"Combo_Getup02=1","",16,"Base HumanRArmForearm",-0.07605592,0.0918209,-0.8990145,-0.076056,0.2691194,-0.8990145,0.007325288,0.005481029,0.1772985
11859,15,1,"Pepe","Mankey",-1,0.1431724,0.1908958,0.1431724,11858,0.004524335,0.004524327,0.004524327,false,1635001174,1.333328,1,1,1,0,0,0,0,0,"Normalized",false,"Combo_Getup02=1","",17,"Base HumanLPalm",0.247778,0.5036404,-0.2467483,0.2477779,0.680939,-0.2467482,0.01353228,0.01461014,0.1772985
11859,15,1,"Pepe","Mankey",-1,0.1431724,0.1908958,0.1431724,11858,0.004524335,0.004524327,0.004524327,false,1635001174,1.333328,1,1,1,0,0,0,0,0,"Normalized",false,"Combo_Getup02=1","",18,"Base HumanRArmPalm",0.1695249,0.04857831,-0.9592475,0.1695249,0.2258768,-0.9592475,0.01117813,0.01229549,0.1772985
11859,15,1,"Pepe","Mankey",-1,0.1431724,0.1908958,0.1431724,11858,0.004524335,0.004524327,0.004524327,false,1635001174,1.333328,1,1,1,0,0,0,0,0,"Normalized",false,"Combo_Getup02=1","",19,"Base HumanLLegDigit11",0.3535311,0.2627116,0.01930369,0.3535312,0.44001,0.01930368,0.01045443,0.01194051,0.1772984
11859,15,1,"Pepe","Mankey",-1,0.1431724,0.1908958,0.1431724,11858,0.004524335,0.004524327,0.004524327,false,1635001174,1.333328,1,1,1,0,0,0,0,0,"Normalized",false,"Combo_Getup02=1","",20,"Base HumanRLegDigit11",0.793495,0.394092,-0.4270473,0.7934951,0.5713906,-0.4270473,0.01233336,0.01231314,0.1772985
11859,15,1,"Pepe","Mankey",-1,0.1431724,0.1908958,0.1431724,11858,0.004524335,0.004524327,0.004524327,false,1635001174,1.333328,1,1,1,0,0,0,0,0,"Normalized",false,"Combo_Getup02=1","",21,"Object001",0.04254035,0.7303594,-0.5827361,0.04254035,0.9076578,-0.582736,0.02482056,0.0247442,0.1772984
11859,15,1,"Pepe","Mankey",-1,0.1431724,0.1908958,0.1431724,11858,0.004524335,0.004524327,0.004524327,false,1635001174,1.333328,1,1,1,0,0,0,0,0,"Normalized",false,"Combo_Getup02=1","",22,"Monkey_eyes",0.1562678,0.6874346,-0.8155887,0.1562678,0.864733,-0.8155886,0.03075003,0.03088506,0.1772984
11859,15,1,"Pepe","Mankey",-1,0.1431724,0.1908958,0.1431724,11858,0.004524335,0.004524327,0.004524327,false,1635001174,1.333328,1,1,1,0,0,0,0,0,"Normalized",false,"Combo_Getup02=1","",23,"Base HumanHeadBone001",0.05814157,0.4967087,-0.6800579,0.0581416,0.6740071,-0.6800579,0.02189972,0.02184406,0.1772984
11859,15,1,"Pepe","Mankey",-1,0.1431724,0.1908958,0.1431724,11858,0.004524335,0.004524327,0.004524327,false,1635001174,1.333328,1,1,1,0,0,0,0,0,"Normalized",false,"Combo_Getup02=1","",24,"Base HumanLDigit11",0.3170305,0.5187318,-0.2659569,0.3170305,0.6960304,-0.2659568,0.01515028,0.01644719,0.1772985
11859,15,1,"Pepe","Mankey",-1,0.1431724,0.1908958,0.1431724,11858,0.004524335,0.004524327,0.004524327,false,1635001174,1.333328,1,1,1,0,0,0,0,0,"Normalized",false,"Combo_Getup02=1","",25,"Base HumanLDigit12",0.361782,0.5151021,-0.2670128,0.3617821,0.6924007,-0.2670126,0.01593449,0.01736919,0.1772985
11859,15,1,"Pepe","Mankey",-1,0.1431724,0.1908958,0.1431724,11858,0.004524335,0.004524327,0.004524327,false,1635001174,1.333328,1,1,1,0,0,0,0,0,"Normalized",false,"Combo_Getup02=1","",26,"Base HumanLDigit13",0.3993862,0.5095237,-0.2594365,0.3993862,0.6868223,-0.2594364,0.01650114,0.01803949,0.1772985
11859,15,1,"Pepe","Mankey",-1,0.1431724,0.1908958,0.1431724,11858,0.004524335,0.004524327,0.004524327,false,1635001174,1.333328,1,1,1,0,0,0,0,0,"Normalized",false,"Combo_Getup02=1","",27,"Base HumanLDigit21",0.3772534,0.5366104,-0.233227,0.3772533,0.7139089,-0.233227,0.01617129,0.01760515,0.1772985
11859,15,1,"Pepe","Mankey",-1,0.1431724,0.1908958,0.1431724,11858,0.004524335,0.004524327,0.004524327,false,1635001174,1.333328,1,1,1,0,0,0,0,0,"Normalized",false,"Combo_Getup02=1","",28,"Base HumanLDigit22",0.4373921,0.5383061,-0.225557,0.4373921,0.7156045,-0.2255568,0.01727856,0.0188457,0.1772985
11859,15,1,"Pepe","Mankey",-1,0.1431724,0.1908958,0.1431724,11858,0.004524335,0.004524327,0.004524327,false,1635001174,1.333328,1,1,1,0,0,0,0,0,"Normalized",false,"Combo_Getup02=1","",29,"Base HumanLDigit23",0.4886885,0.523687,-0.2251615,0.4886884,0.7009855,-0.2251613,0.01815624,0.01985525,0.1772985
11859,15,1,"Pepe","Mankey",-1,0.1431724,0.1908958,0.1431724,11858,0.004524335,0.004524327,0.004524327,false,1635001174,1.333328,1,1,1,0,0,0,0,0,"Normalized",false,"Combo_Getup02=1","",30,"Base HumanLDigit31",0.3726343,0.5101257,-0.1850409,0.3726343,0.6874241,-0.1850409,0.01506526,0.01652383,0.1772984
11859,15,1,"Pepe","Mankey",-1,0.1431724,0.1908958,0.1431724,11858,0.004524335,0.004524327,0.004524327,false,1635001174,1.333328,1,1,1,0,0,0,0,0,"Normalized",false,"Combo_Getup02=1","",31,"Base HumanLDigit32",0.4240085,0.5100742,-0.1706932,0.4240086,0.6873727,-0.1706932,0.01593756,0.01752313,0.1772985
11859,15,1,"Pepe","Mankey",-1,0.1431724,0.1908958,0.1431724,11858,0.004524335,0.004524327,0.004524327,false,1635001174,1.333328,1,1,1,0,0,0,0,0,"Normalized",false,"Combo_Getup02=1","",32,"Base HumanLDigit33",0.4753723,0.4926328,-0.1636397,0.4753725,0.6699313,-0.1636396,0.01675434,0.01848819,0.1772985
11859,15,1,"Pepe","Mankey",-1,0.1431724,0.1908958,0.1431724,11858,0.004524335,0.004524327,0.004524327,false,1635001174,1.333328,1,1,1,0,0,0,0,0,"Normalized",false,"Combo_Getup02=1","",33,"Base HumanLDigit41",0.3407575,0.480583,-0.1434183,0.3407575,0.6578815,-0.1434182,0.01349409,0.01490393,0.1772985
11859,15,1,"Pepe","Mankey",-1,0.1431724,0.1908958,0.1431724,11858,0.004524335,0.004524327,0.004524327,false,1635001174,1.333328,1,1,1,0,0,0,0,0,"Normalized",false,"Combo_Getup02=1","",34,"Base HumanLDigit42",0.3912404,0.4802272,-0.1261986,0.3912404,0.6575257,-0.1261986,0.01429746,0.01585042,0.1772985
11859,15,1,"Pepe","Mankey",-1,0.1431724,0.1908958,0.1431724,11858,0.004524335,0.004524327,0.004524327,false,1635001174,1.333328,1,1,1,0,0,0,0,0,"Normalized",false,"Combo_Getup02=1","",35,"Base HumanLDigit43",0.442455,0.4633318,-0.1138514,0.4424551,0.6406303,-0.1138512,0.01506639,0.01678539,0.1772985
11859,15,1,"Pepe","Mankey",-1,0.1431724,0.1908958,0.1431724,11858,0.004524335,0.004524327,0.004524327,false,1635001174,1.333328,1,1,1,0,0,0,0,0,"Normalized",false,"Combo_Getup02=1","",36,"Base HumanRArmDigit11",0.2247282,0.09699143,-0.9580802,0.2247283,0.2742899,-0.9580802,0.01440212,0.01549261,0.1772985
11859,15,1,"Pepe","Mankey",-1,0.1431724,0.1908958,0.1431724,11858,0.004524335,0.004524327,0.004524327,false,1635001174,1.333328,1,1,1,0,0,0,0,0,"Normalized",false,"Combo_Getup02=1","",37,"Base HumanRArmDigit12",0.26666,0.1130439,-0.9590923,0.2666601,0.2903424,-0.9590923,0.01563618,0.01678986,0.1772985
11859,15,1,"Pepe","Mankey",-1,0.1431724,0.1908958,0.1431724,11858,0.004524335,0.004524327,0.004524327,false,1635001174,1.333328,1,1,1,0,0,0,0,0,"Normalized",false,"Combo_Getup02=1","",38,"Base HumanRArmDigit13",0.304386,0.118753,-0.9659292,0.304386,0.2960515,-0.9659291,0.01606742,0.01726855,0.1772985
11859,15,1,"Pepe","Mankey",-1,0.1431724,0.1908958,0.1431724,11858,0.004524335,0.004524327,0.004524327,false,1635001174,1.333328,1,1,1,0,0,0,0,0,"Normalized",false,"Combo_Getup02=1","",39,"Base HumanRArmDigit21",0.2795689,0.11419,-0.9994856,0.279569,0.2914885,-0.9994855,0.01479673,0.01562937,0.1772985
11859,15,1,"Pepe","Mankey",-1,0.1431724,0.1908958,0.1431724,11858,0.004524335,0.004524327,0.004524327,false,1635001174,1.333328,1,1,1,0,0,0,0,0,"Normalized",false,"Combo_Getup02=1","",40,"Base HumanRArmDigit22",0.3364411,0.1327519,-1.009453,0.3364411,0.3100504,-1.009453,0.0160284,0.01690077,0.1772985
11859,15,1,"Pepe","Mankey",-1,0.1431724,0.1908958,0.1431724,11858,0.004524335,0.004524327,0.004524327,false,1635001174,1.333328,1,1,1,0,0,0,0,0,"Normalized",false,"Combo_Getup02=1","",41,"Base HumanRArmDigit23",0.3889869,0.1408686,-1.005183,0.388987,0.3181671,-1.005183,0.01734785,0.01838561,0.1772985
11859,15,1,"Pepe","Mankey",-1,0.1431724,0.1908958,0.1431724,11858,0.004524335,0.004524327,0.004524327,false,1635001174,1.333328,1,1,1,0,0,0,0,0,"Normalized",false,"Combo_Getup02=1","",42,"Base HumanRArmDigit31",0.2928568,0.06559993,-1.022005,0.2928569,0.2428984,-1.022005,0.01137281,0.01222429,0.1772985
11859,15,1,"Pepe","Mankey",-1,0.1431724,0.1908958,0.1431724,11858,0.004524335,0.004524327,0.004524327,false,1635001174,1.333328,1,1,1,0,0,0,0,0,"Normalized",false,"Combo_Getup02=1","",43,"Base HumanRArmDigit32",0.3429855,0.07557249,-1.037265,0.3429855,0.2528709,-1.037264,0.01206789,0.01291183,0.1772985
11859,15,1,"Pepe","Mankey",-1,0.1431724,0.1908958,0.1431724,11858,0.004524335,0.004524327,0.004524327,false,1635001174,1.333328,1,1,1,0,0,0,0,0,"Normalized",false,"Combo_Getup02=1","",44,"Base HumanRArmDigit33",0.3976065,0.0781546,-1.038718,0.3976065,0.2554531,-1.038717,0.01295653,0.01399294,0.1772985
11859,15,1,"Pepe","Mankey",-1,0.1431724,0.1908958,0.1431724,11858,0.004524335,0.004524327,0.004524327,false,1635001174,1.333328,1,1,1,0,0,0,0,0,"Normalized",false,"Combo_Getup02=1","",45,"Base HumanRArmDigit41",0.2809812,0.008142083,-1.035382,0.2809812,0.1854405,-1.035382,0.007610671,0.008537763,0.1772984
11859,15,1,"Pepe","Mankey",-1,0.1431724,0.1908958,0.1431724,11858,0.004524335,0.004524327,0.004524327,false,1635001174,1.333328,1,1,1,0,0,0,0,0,"Normalized",false,"Combo_Getup02=1","",46,"Base HumanRArmDigit42",0.3307877,0.01553652,-1.052984,0.3307879,0.192835,-1.052984,0.008158796,0.009023923,0.1772985
11859,15,1,"Pepe","Mankey",-1,0.1431724,0.1908958,0.1431724,11858,0.004524335,0.004524327,0.004524327,false,1635001174,1.333328,1,1,1,0,0,0,0,0,"Normalized",false,"Combo_Getup02=1","",47,"Base HumanRArmDigit43",0.3857372,0.01504779,-1.059406,0.3857372,0.1923462,-1.059406,0.00884162,0.009900626,0.1772985
11859,15,1,"Pepe","Mankey",-1,0.1431724,0.1908958,0.1431724,11858,0.004524335,0.004524327,0.004524327,false,1635001174,1.333328,1,1,1,0,0,0,0,0,"Normalized",false,"Combo_Getup02=1","",48,"Base HumanSpine4",-0.1264008,0.328231,-0.6776227,-0.1264008,0.5055294,-0.6776227,0.01217423,0.01097837,0.1772984
11860,15,1,"Pepe","Mankey",-1,0.1478745,0.1971652,0.1478745,11859,0.006269351,0.006269353,0.006269353,false,1635001174,1.333328,1,1,1,0,0,0,0,0,"Normalized",false,"Combo_Getup02=1","",0,"Base HumanPelvis",0.06099341,0.05284126,-0.4865133,0.06099341,0.2272598,-0.4865133,0.001380786,0.002415812,0.1744185
11860,15,1,"Pepe","Mankey",-1,0.1478745,0.1971652,0.1478745,11859,0.006269351,0.006269353,0.006269353,false,1635001174,1.333328,1,1,1,0,0,0,0,0,"Normalized",false,"Combo_Getup02=1","",1,"Base HumanLLeg1",0.007685421,0.09562653,-0.3863528,0.007685408,0.2700451,-0.3863528,0.002572271,0.002146098,0.1744185
11860,15,1,"Pepe","Mankey",-1,0.1478745,0.1971652,0.1478745,11859,0.006269351,0.006269353,0.006269353,false,1635001174,1.333328,1,1,1,0,0,0,0,0,"Normalized",false,"Combo_Getup02=1","",2,"Base HumanRLeg1",0.1143014,0.01005597,-0.5866737,0.1143014,0.1844745,-0.5866737,0.0005932574,0.003197169,0.1744185
11860,15,1,"Pepe","Mankey",-1,0.1478745,0.1971652,0.1478745,11859,0.006269351,0.006269353,0.006269353,false,1635001174,1.333328,1,1,1,0,0,0,0,0,"Normalized",false,"Combo_Getup02=1","",3,"Base HumanLLeg2",-0.04823134,0.3773769,-0.1596219,-0.04823137,0.5517954,-0.1596219,0.01186872,0.01099027,0.1744185
11860,15,1,"Pepe","Mankey",-1,0.1478745,0.1971652,0.1478745,11859,0.006269351,0.006269353,0.006269353,false,1635001174,1.333328,1,1,1,0,0,0,0,0,"Normalized",false,"Combo_Getup02=1","",4,"Base HumanRLeg2",0.3989672,0.2356548,-0.5420928,0.3989673,0.4100733,-0.5420928,0.009622569,0.007715369,0.1744185
11860,15,1,"Pepe","Mankey",-1,0.1478745,0.1971652,0.1478745,11859,0.006269351,0.006269353,0.006269353,false,1635001174,1.333328,1,1,1,0,0,0,0,0,"Normalized",false,"Combo_Getup02=1","",5,"Base HumanLLegAnkle",0.1917347,0.116323,-0.1704181,0.1917347,0.2907415,-0.1704181,0.0153067,0.01593099,0.1744185
11860,15,1,"Pepe","Mankey",-1,0.1478745,0.1971652,0.1478745,11859,0.006269351,0.006269353,0.006269353,false,1635001174,1.333328,1,1,1,0,0,0,0,0,"Normalized",false,"Combo_Getup02=1","",6,"Base HumanRLegAnkle",0.6746862,0.1484328,-0.3366161,0.6746863,0.3228513,-0.3366161,0.01544312,0.01553238,0.1744186
11860,15,1,"Pepe","Mankey",-1,0.1478745,0.1971652,0.1478745,11859,0.006269351,0.006269353,0.006269353,false,1635001174,1.333328,1,1,1,0,0,0,0,0,"Normalized",false,"Combo_Getup02=1","",7,"Base HumanSpine1",0.02513631,0.06652591,-0.511443,0.02513631,0.2409444,-0.511443,0.002112173,0.001714964,0.1744185
11860,15,1,"Pepe","Mankey",-1,0.1478745,0.1971652,0.1478745,11859,0.006269351,0.006269353,0.006269353,false,1635001174,1.333328,1,1,1,0,0,0,0,0,"Normalized",false,"Combo_Getup02=1","",8,"Base HumanSpine3",-0.1076388,0.2306972,-0.6242818,-0.1076388,0.4051157,-0.6242818,0.01096898,0.009118786,0.1744185
11860,15,1,"Pepe","Mankey",-1,0.1478745,0.1971652,0.1478745,11859,0.006269351,0.006269353,0.006269353,false,1635001174,1.333328,1,1,1,0,0,0,0,0,"Normalized",false,"Combo_Getup02=1","",9,"Base HumanNeck1",-0.0745196,0.4779126,-0.7546806,-0.07451956,0.6523311,-0.7546806,0.02673404,0.02612578,0.1744185
11860,15,1,"Pepe","Mankey",-1,0.1478745,0.1971652,0.1478745,11859,0.006269351,0.006269353,0.006269353,false,1635001174,1.333328,1,1,1,0,0,0,0,0,"Normalized",false,"Combo_Getup02=1","",10,"Base HumanHead",-0.04797425,0.6237689,-0.7671889,-0.04797423,0.7981875,-0.7671889,0.0364924,0.03613644,0.1744186
11860,15,1,"Pepe","Mankey",-1,0.1478745,0.1971652,0.1478745,11859,0.006269351,0.006269353,0.006269353,false,1635001174,1.333328,1,1,1,0,0,0,0,0,"Normalized",false,"Combo_Getup02=1","",11,"Base HumanLCollarbone",0.01901955,0.4256199,-0.7185345,0.01901957,0.6000385,-0.7185346,0.02173881,0.02199842,0.1744186
11860,15,1,"Pepe","Mankey",-1,0.1478745,0.1971652,0.1478745,11859,0.006269351,0.006269353,0.006269353,false,1635001174,1.333328,1,1,1,0,0,0,0,0,"Normalized",false,"Combo_Getup02=1","",12,"Base HumanRArmCollarbone",0.006083206,0.4003967,-0.7715653,0.006083176,0.5748152,-0.7715653,0.02037826,0.0204633,0.1744185
11860,15,1,"Pepe","Mankey",-1,0.1478745,0.1971652,0.1478745,11859,0.006269351,0.006269353,0.006269353,false,1635001174,1.333328,1,1,1,0,0,0,0,0,"Normalized",false,"Combo_Getup02=1","",13,"Base HumanLUpperarm",-0.03779032,0.5568956,-0.5617269,-0.03779034,0.7313141,-0.5617269,0.0296824,0.02955054,0.1744186
11860,15,1,"Pepe","Mankey",-1,0.1478745,0.1971652,0.1478745,11859,0.006269351,0.006269353,0.006269353,false,1635001174,1.333328,1,1,1,0,0,0,0,0,"Normalized",false,"Combo_Getup02=1","",14,"Base HumanRArmUpperarm",-0.1157118,0.3751046,-0.9435412,-0.1157118,0.5495231,-0.9435412,0.0238585,0.02261914,0.1744185
11860,15,1,"Pepe","Mankey",-1,0.1478745,0.1971652,0.1478745,11859,0.006269351,0.006269353,0.006269353,false,1635001174,1.333328,1,1,1,0,0,0,0,0,"Normalized",false,"Combo_Getup02=1","",15,"Base HumanLForearm",0.01255975,0.5297615,-0.2857438,0.01255972,0.7041801,-0.2857438,0.01683105,0.01706764,0.1744186
11860,15,1,"Pepe","Mankey",-1,0.1478745,0.1971652,0.1478745,11859,0.006269351,0.006269353,0.006269353,false,1635001174,1.333328,1,1,1,0,0,0,0,0,"Normalized",false,"Combo_Getup02=1","",16,"Base HumanRArmForearm",-0.07497777,0.1007707,-0.8933417,-0.07497779,0.2751891,-0.8933418,0.01065089,0.008377602,0.1744185
11860,15,1,"Pepe","Mankey",-1,0.1478745,0.1971652,0.1478745,11859,0.006269351,0.006269353,0.006269353,false,1635001174,1.333328,1,1,1,0,0,0,0,0,"Normalized",false,"Combo_Getup02=1","",17,"Base HumanLPalm",0.2624544,0.4966584,-0.2381535,0.2624544,0.671077,-0.2381535,0.01838523,0.01966031,0.1744186
11860,15,1,"Pepe","Mankey",-1,0.1478745,0.1971652,0.1478745,11859,0.006269351,0.006269353,0.006269353,false,1635001174,1.333328,1,1,1,0,0,0,0,0,"Normalized",false,"Combo_Getup02=1","",18,"Base HumanRArmPalm",0.1696348,0.04324652,-0.9449511,0.1696348,0.217665,-0.9449512,0.01525869,0.01648726,0.1744185
11860,15,1,"Pepe","Mankey",-1,0.1478745,0.1971652,0.1478745,11859,0.006269351,0.006269353,0.006269353,false,1635001174,1.333328,1,1,1,0,0,0,0,0,"Normalized",false,"Combo_Getup02=1","",19,"Base HumanLLegDigit11",0.3416122,0.2552229,0.02223697,0.3416122,0.4296414,0.022237,0.01437858,0.01606776,0.1744186
11860,15,1,"Pepe","Mankey",-1,0.1478745,0.1971652,0.1478745,11859,0.006269351,0.006269353,0.006269353,false,1635001174,1.333328,1,1,1,0,0,0,0,0,"Normalized",false,"Combo_Getup02=1","",20,"Base HumanRLegDigit11",0.7806842,0.3959592,-0.4164115,0.7806842,0.5703777,-0.4164114,0.01675476,0.01668126,0.1744185
11860,15,1,"Pepe","Mankey",-1,0.1478745,0.1971652,0.1478745,11859,0.006269351,0.006269353,0.006269353,false,1635001174,1.333328,1,1,1,0,0,0,0,0,"Normalized",false,"Combo_Getup02=1","",21,"Object001",0.07468534,0.7316424,-0.5732586,0.07468527,0.9060609,-0.5732586,0.03353756,0.03355096,0.1744184
11860,15,1,"Pepe","Mankey",-1,0.1478745,0.1971652,0.1478745,11859,0.006269351,0.006269353,0.006269353,false,1635001174,1.333328,1,1,1,0,0,0,0,0,"Normalized",false,"Combo_Getup02=1","",22,"Monkey_eyes",0.1956812,0.6853737,-0.801767,0.1956811,0.8597922,-0.801767,0.04181744,0.04205779,0.1744184
11860,15,1,"Pepe","Mankey",-1,0.1478745,0.1971652,0.1478745,11859,0.006269351,0.006269353,0.006269353,false,1635001174,1.333328,1,1,1,0,0,0,0,0,"Normalized",false,"Combo_Getup02=1","",23,"Base HumanHeadBone001",0.08616557,0.4977842,-0.6706554,0.08616555,0.6722027,-0.6706554,0.02957885,0.02961425,0.1744185
11860,15,1,"Pepe","Mankey",-1,0.1478745,0.1971652,0.1478745,11859,0.006269351,0.006269353,0.006269353,false,1635001174,1.333328,1,1,1,0,0,0,0,0,"Normalized",false,"Combo_Getup02=1","",24,"Base HumanLDigit11",0.3325039,0.5090781,-0.2563593,0.3325039,0.6834966,-0.2563593,0.02060913,0.02210505,0.1744185
11860,15,1,"Pepe","Mankey",-1,0.1478745,0.1971652,0.1478745,11859,0.006269351,0.006269353,0.006269353,false,1635001174,1.333328,1,1,1,0,0,0,0,0,"Normalized",false,"Combo_Getup02=1","",25,"Base HumanLDigit12",0.3770964,0.5037476,-0.2566503,0.3770964,0.6781662,-0.2566503,0.02169875,0.02333509,0.1744185
11860,15,1,"Pepe","Mankey",-1,0.1478745,0.1971652,0.1478745,11859,0.006269351,0.006269353,0.006269353,false,1635001174,1.333328,1,1,1,0,0,0,0,0,"Normalized",false,"Combo_Getup02=1","",26,"Base HumanLDigit13",0.4143448,0.4968273,-0.2484488,0.4143448,0.6712458,-0.2484488,0.02248747,0.02423043,0.1744185
11860,15,1,"Pepe","Mankey",-1,0.1478745,0.1971652,0.1478745,11859,0.006269351,0.006269353,0.006269353,false,1635001174,1.333328,1,1,1,0,0,0,0,0,"Normalized",false,"Combo_Getup02=1","",27,"Base HumanLDigit21",0.3928076,0.5250511,-0.2228031,0.3928075,0.6994696,-0.2228031,0.02200477,0.02364497,0.1744186
11860,15,1,"Pepe","Mankey",-1,0.1478745,0.1971652,0.1478745,11859,0.006269351,0.006269353,0.006269353,false,1635001174,1.333328,1,1,1,0,0,0,0,0,"Normalized",false,"Combo_Getup02=1","",28,"Base HumanLDigit22",0.4528385,0.5246981,-0.2141702,0.4528385,0.6991167,-0.2141701,0.02352505,0.02530012,0.1744186
11860,15,1,"Pepe","Mankey",-1,0.1478745,0.1971652,0.1478745,11859,0.006269351,0.006269353,0.006269353,false,1635001174,1.333328,1,1,1,0,0,0,0,0,"Normalized",false,"Combo_Getup02=1","",29,"Base HumanLDigit23",0.5035138,0.5080921,-0.2129643,0.5035137,0.6825107,-0.2129642,0.02473383,0.02664351,0.1744186
11860,15,1,"Pepe","Mankey",-1,0.1478745,0.1971652,0.1478745,11859,0.006269351,0.006269353,0.006269353,false,1635001174,1.333328,1,1,1,0,0,0,0,0,"Normalized",false,"Combo_Getup02=1","",30,"Base HumanLDigit31",0.3864688,0.4991616,-0.1744892,0.3864688,0.6735801,-0.1744892,0.02056555,0.02223483,0.1744185
11860,15,1,"Pepe","Mankey",-1,0.1478745,0.1971652,0.1478745,11859,0.006269351,0.006269353,0.006269353,false,1635001174,1.333328,1,1,1,0,0,0,0,0,"Normalized",false,"Combo_Getup02=1","",31,"Base HumanLDigit32",0.4375967,0.4973508,-0.1593957,0.4375968,0.6717693,-0.1593957,0.02177524,0.02357411,0.1744185
11860,15,1,"Pepe","Mankey",-1,0.1478745,0.1971652,0.1478745,11859,0.006269351,0.006269353,0.006269353,false,1635001174,1.333328,1,1,1,0,0,0,0,0,"Normalized",false,"Combo_Getup02=1","",32,"Base HumanLDigit33",0.4881211,0.4778977,-0.1515811,0.4881211,0.6523162,-0.1515811,0.0229143,0.02486416,0.1744185
11860,15,1,"Pepe","Mankey",-1,0.1478745,0.1971652,0.1478745,11859,0.006269351,0.006269353,0.006269353,false,1635001174,1.333328,1,1,1,0,0,0,0,0,"Normalized",false,"Combo_Getup02=1","",33,"Base HumanLDigit41",0.3528869,0.4711434,-0.1331541,0.3528869,0.6455619,-0.1331541,0.01848194,0.02010588,0.1744185
11860,15,1,"Pepe","Mankey",-1,0.1478745,0.1971652,0.1478745,11859,0.006269351,0.006269353,0.006269353,false,1635001174,1.333328,1,1,1,0,0,0,0,0,"Normalized",false,"Combo_Getup02=1","",34,"Base HumanLDigit42",0.4030928,0.4690729,-0.1152586,0.4030927,0.6434914,-0.1152586,0.01961078,0.02138043,0.1744185
11860,15,1,"Pepe","Mankey",-1,0.1478745,0.1971652,0.1478745,11859,0.006269351,0.006269353,0.006269353,false,1635001174,1.333328,1,1,1,0,0,0,0,0,"Normalized",false,"Combo_Getup02=1","",35,"Base HumanLDigit43",0.4534356,0.450186,-0.1022304,0.4534356,0.6246045,-0.1022303,0.02069863,0.02263721,0.1744185
11860,15,1,"Pepe","Mankey",-1,0.1478745,0.1971652,0.1478745,11859,0.006269351,0.006269353,0.006269353,false,1635001174,1.333328,1,1,1,0,0,0,0,0,"Normalized",false,"Combo_Getup02=1","",36,"Base HumanRArmDigit11",0.22632,0.08966036,-0.9399362,0.2263201,0.2640788,-0.9399363,0.01963373,0.02088065,0.1744184
11860,15,1,"Pepe","Mankey",-1,0.1478745,0.1971652,0.1478745,11859,0.006269351,0.006269353,0.006269353,false,1635001174,1.333328,1,1,1,0,0,0,0,0,"Normalized",false,"Combo_Getup02=1","",37,"Base HumanRArmDigit12",0.268762,0.1043449,-0.9397975,0.2687621,0.2787634,-0.9397976,0.02126927,0.02260037,0.1744185
11860,15,1,"Pepe","Mankey",-1,0.1478745,0.1971652,0.1478745,11859,0.006269351,0.006269353,0.006269353,false,1635001174,1.333328,1,1,1,0,0,0,0,0,"Normalized",false,"Combo_Getup02=1","",38,"Base HumanRArmDigit13",0.3066334,0.1093502,-0.946377,0.3066334,0.2837686,-0.9463772,0.02181168,0.0231991,0.1744184
11860,15,1,"Pepe","Mankey",-1,0.1478745,0.1971652,0.1478745,11859,0.006269351,0.006269353,0.006269353,false,1635001174,1.333328,1,1,1,0,0,0,0,0,"Normalized",false,"Combo_Getup02=1","",39,"Base HumanRArmDigit21",0.2814825,0.1087504,-0.9800655,0.2814826,0.2831689,-0.9800656,0.02025806,0.02121339,0.1744185
11860,15,1,"Pepe","Mankey",-1,0.1478745,0.1971652,0.1478745,11859,0.006269351,0.006269353,0.006269353,false,1635001174,1.333328,1,1,1,0,0,0,0,0,"Normalized",false,"Combo_Getup02=1","",40,"Base HumanRArmDigit22",0.3388879,0.1263242,-0.9886748,0.3388879,0.3007427,-0.9886749,0.02188648,0.02289832,0.1744185
11860,15,1,"Pepe","Mankey",-1,0.1478745,0.1971652,0.1478745,11859,0.006269351,0.006269353,0.006269353,false,1635001174,1.333328,1,1,1,0,0,0,0,0,"Normalized",false,"Combo_Getup02=1","",41,"Base HumanRArmDigit23",0.3916543,0.1321152,-0.9834459,0.3916543,0.3065336,-0.983446,0.02358456,0.02479808,0.1744184
11860,15,1,"Pepe","Mankey",-1,0.1478745,0.1971652,0.1478745,11859,0.006269351,0.006269353,0.006269353,false,1635001174,1.333328,1,1,1,0,0,0,0,0,"Normalized",false,"Combo_Getup02=1","",42,"Base HumanRArmDigit31",0.2931538,0.06194595,-1.006858,0.2931538,0.2363644,-1.006858,0.01558477,0.01649927,0.1744185
11860,15,1,"Pepe","Mankey",-1,0.1478745,0.1971652,0.1478745,11859,0.006269351,0.006269353,0.006269353,false,1635001174,1.333328,1,1,1,0,0,0,0,0,"Normalized",false,"Combo_Getup02=1","",43,"Base HumanRArmDigit32",0.3435977,0.071598,-1.02126,0.3435978,0.2460165,-1.02126,0.01650181,0.01742096,0.1744184
11860,15,1,"Pepe","Mankey",-1,0.1478745,0.1971652,0.1478745,11859,0.006269351,0.006269353,0.006269353,false,1635001174,1.333328,1,1,1,0,0,0,0,0,"Normalized",false,"Combo_Getup02=1","",44,"Base HumanRArmDigit33",0.3982874,0.07228739,-1.022153,0.3982875,0.2467059,-1.022153,0.01758641,0.01874468,0.1744185
11860,15,1,"Pepe","Mankey",-1,0.1478745,0.1971652,0.1478745,11859,0.006269351,0.006269353,0.006269353,false,1635001174,1.333328,1,1,1,0,0,0,0,0,"Normalized",false,"Combo_Getup02=1","",45,"Base HumanRArmDigit41",0.2794394,0.006276864,-1.02514,0.2794394,0.1806954,-1.02514,0.01052399,0.0113925,0.1744186
11860,15,1,"Pepe","Mankey",-1,0.1478745,0.1971652,0.1478745,11859,0.006269351,0.006269353,0.006269353,false,1635001174,1.333328,1,1,1,0,0,0,0,0,"Normalized",false,"Combo_Getup02=1","",46,"Base HumanRArmDigit42",0.3295204,0.01363855,-1.041959,0.3295205,0.1880571,-1.041959,0.01125833,0.01208193,0.1744186
11860,15,1,"Pepe","Mankey",-1,0.1478745,0.1971652,0.1478745,11859,0.006269351,0.006269353,0.006269353,false,1635001174,1.333328,1,1,1,0,0,0,0,0,"Normalized",false,"Combo_Getup02=1","",47,"Base HumanRArmDigit43",0.3844961,0.01174665,-1.047877,0.3844961,0.1861651,-1.047877,0.01205587,0.01313952,0.1744185
11860,15,1,"Pepe","Mankey",-1,0.1478745,0.1971652,0.1478745,11859,0.006269351,0.006269353,0.006269353,false,1635001174,1.333328,1,1,1,0,0,0,0,0,"Normalized",false,"Combo_Getup02=1","",48,"Base HumanSpine4",-0.1122725,0.3370398,-0.6784673,-0.1122725,0.5114583,-0.6784673,0.01667087,0.01534517,0.1744185
11861,15,1,"Pepe","Mankey",-1,0.1515233,0.2020303,0.1515233,11860,0.004865155,0.004865157,0.004865157,false,1635001174,1.333328,1,1,1,0,0,0,0,0,"Normalized",false,"Combo_Getup02=1","",0,"Base HumanPelvis",0.06039491,0.05354396,-0.4871246,0.06039491,0.2255852,-0.4871246,0.00110714,0.001880462,0.1720413
11861,15,1,"Pepe","Mankey",-1,0.1515233,0.2020303,0.1515233,11860,0.004865155,0.004865157,0.004865157,false,1635001174,1.333328,1,1,1,0,0,0,0,0,"Normalized",false,"Combo_Getup02=1","",1,"Base HumanLLeg1",0.006862117,0.09705333,-0.387397,0.006862111,0.2690946,-0.387397,0.001950346,0.001634454,0.1720413
11861,15,1,"Pepe","Mankey",-1,0.1515233,0.2020303,0.1515233,11860,0.004865155,0.004865157,0.004865157,false,1635001174,1.333328,1,1,1,0,0,0,0,0,"Normalized",false,"Combo_Getup02=1","",2,"Base HumanRLeg1",0.1139277,0.01003457,-0.5868523,0.1139277,0.1820758,-0.5868523,0.0004147335,0.002434167,0.1720413
11861,15,1,"Pepe","Mankey",-1,0.1515233,0.2020303,0.1515233,11860,0.004865155,0.004865157,0.004865157,false,1635001174,1.333328,1,1,1,0,0,0,0,0,"Normalized",false,"Combo_Getup02=1","",3,"Base HumanLLeg2",-0.0540046,0.381174,-0.1649392,-0.05400465,0.5532153,-0.1649392,0.008719061,0.007976258,0.1720413
11861,15,1,"Pepe","Mankey",-1,0.1515233,0.2020303,0.1515233,11860,0.004865155,0.004865157,0.004865157,false,1635001174,1.333328,1,1,1,0,0,0,0,0,"Normalized",false,"Combo_Getup02=1","",4,"Base HumanRLeg2",0.3944651,0.2411423,-0.544369,0.3944651,0.4131836,-0.544369,0.007454093,0.005926616,0.1720413
11861,15,1,"Pepe","Mankey",-1,0.1515233,0.2020303,0.1515233,11860,0.004865155,0.004865157,0.004865157,false,1635001174,1.333328,1,1,1,0,0,0,0,0,"Normalized",false,"Combo_Getup02=1","",5,"Base HumanLLegAnkle",0.1802339,0.1147941,-0.1697766,0.1802339,0.2868353,-0.1697766,0.01161969,0.01216301,0.1720413
11861,15,1,"Pepe","Mankey",-1,0.1515233,0.2020303,0.1515233,11860,0.004865155,0.004865157,0.004865157,false,1635001174,1.333328,1,1,1,0,0,0,0,0,"Normalized",false,"Combo_Getup02=1","",6,"Base HumanRLegAnkle",0.6637174,0.149142,-0.3325003,0.6637174,0.3211833,-0.3325002,0.01173703,0.01183379,0.1720413
11861,15,1,"Pepe","Mankey",-1,0.1515233,0.2020303,0.1515233,11860,0.004865155,0.004865157,0.004865157,false,1635001174,1.333328,1,1,1,0,0,0,0,0,"Normalized",false,"Combo_Getup02=1","",7,"Base HumanSpine1",0.02505888,0.06796183,-0.5123829,0.02505888,0.2400031,-0.5123829,0.001717937,0.001332522,0.1720413
11861,15,1,"Pepe","Mankey",-1,0.1515233,0.2020303,0.1515233,11860,0.004865155,0.004865157,0.004865157,false,1635001174,1.333328,1,1,1,0,0,0,0,0,"Normalized",false,"Combo_Getup02=1","",8,"Base HumanSpine3",-0.1018075,0.2367088,-0.6252695,-0.1018075,0.4087501,-0.6252695,0.008433231,0.006941791,0.1720413
11861,15,1,"Pepe","Mankey",-1,0.1515233,0.2020303,0.1515233,11860,0.004865155,0.004865157,0.004865157,false,1635001174,1.333328,1,1,1,0,0,0,0,0,"Normalized",false,"Combo_Getup02=1","",9,"Base HumanNeck1",-0.05504914,0.4826011,-0.7534649,-0.05504915,0.6546423,-0.7534649,0.02006386,0.01964476,0.1720413
11861,15,1,"Pepe","Mankey",-1,0.1515233,0.2020303,0.1515233,11860,0.004865155,0.004865157,0.004865157,false,1635001174,1.333328,1,1,1,0,0,0,0,0,"Normalized",false,"Combo_Getup02=1","",10,"Base HumanHead",-0.02116041,0.6271626,-0.7628845,-0.02116039,0.7992039,-0.7628846,0.02736835,0.02717614,0.1720413
11861,15,1,"Pepe","Mankey",-1,0.1515233,0.2020303,0.1515233,11860,0.004865155,0.004865157,0.004865157,false,1635001174,1.333328,1,1,1,0,0,0,0,0,"Normalized",false,"Combo_Getup02=1","",11,"Base HumanLCollarbone",0.03505087,0.4248106,-0.7169563,0.03505087,0.5968519,-0.7169564,0.01612912,0.01642094,0.1720413
11861,15,1,"Pepe","Mankey",-1,0.1515233,0.2020303,0.1515233,11860,0.004865155,0.004865157,0.004865157,false,1635001174,1.333328,1,1,1,0,0,0,0,0,"Normalized",false,"Combo_Getup02=1","",12,"Base HumanRArmCollarbone",0.02116589,0.4007546,-0.7702887,0.02116585,0.5727959,-0.7702888,0.01514084,0.01527071,0.1720413
11861,15,1,"Pepe","Mankey",-1,0.1515233,0.2020303,0.1515233,11860,0.004865155,0.004865157,0.004865157,false,1635001174,1.333328,1,1,1,0,0,0,0,0,"Normalized",false,"Combo_Getup02=1","",13,"Base HumanLUpperarm",-0.01571307,0.5579724,-0.559666,-0.01571312,0.7300136,-0.559666,0.02219937,0.02221131,0.1720412
11861,15,1,"Pepe","Mankey",-1,0.1515233,0.2020303,0.1515233,11860,0.004865155,0.004865157,0.004865157,false,1635001174,1.333328,1,1,1,0,0,0,0,0,"Normalized",false,"Combo_Getup02=1","",14,"Base HumanRArmUpperarm",-0.09966516,0.3835735,-0.943938,-0.09966516,0.5556148,-0.943938,0.01814866,0.01716861,0.1720413
11861,15,1,"Pepe","Mankey",-1,0.1515233,0.2020303,0.1515233,11860,0.004865155,0.004865157,0.004865157,false,1635001174,1.333328,1,1,1,0,0,0,0,0,"Normalized",false,"Combo_Getup02=1","",15,"Base HumanLForearm",0.02459913,0.5288377,-0.282242,0.02459911,0.7008789,-0.282242,0.0125723,0.01296562,0.1720412
11861,15,1,"Pepe","Mankey",-1,0.1515233,0.2020303,0.1515233,11860,0.004865155,0.004865157,0.004865157,false,1635001174,1.333328,1,1,1,0,0,0,0,0,"Normalized",false,"Combo_Getup02=1","",16,"Base HumanRArmForearm",-0.07371981,0.108287,-0.8893255,-0.07371986,0.2803282,-0.8893256,0.008614372,0.006642447,0.1720413
11861,15,1,"Pepe","Mankey",-1,0.1515233,0.2020303,0.1515233,11860,0.004865155,0.004865157,0.004865157,false,1635001174,1.333328,1,1,1,0,0,0,0,0,"Normalized",false,"Combo_Getup02=1","",17,"Base HumanLPalm",0.2730998,0.4906391,-0.2312884,0.2730996,0.6626803,-0.2312884,0.01402442,0.01519712,0.1720412
11861,15,1,"Pepe","Mankey",-1,0.1515233,0.2020303,0.1515233,11860,0.004865155,0.004865157,0.004865157,false,1635001174,1.333328,1,1,1,0,0,0,0,0,"Normalized",false,"Combo_Getup02=1","",18,"Base HumanRArmPalm",0.1691612,0.03911136,-0.9343961,0.1691613,0.2111526,-0.9343961,0.01134603,0.01241152,0.1720412
11861,15,1,"Pepe","Mankey",-1,0.1515233,0.2020303,0.1515233,11860,0.004865155,0.004865157,0.004865157,false,1635001174,1.333328,1,1,1,0,0,0,0,0,"Normalized",false,"Combo_Getup02=1","",19,"Base HumanLLegDigit11",0.3326425,0.2492306,0.02405539,0.3326424,0.4212719,0.02405542,0.01093938,0.01240217,0.1720413
11861,15,1,"Pepe","Mankey",-1,0.1515233,0.2020303,0.1515233,11860,0.004865155,0.004865157,0.004865157,false,1635001174,1.333328,1,1,1,0,0,0,0,0,"Normalized",false,"Combo_Getup02=1","",20,"Base HumanRLegDigit11",0.7705656,0.3973871,-0.4088548,0.7705656,0.5694286,-0.4088548,0.01270942,0.01266446,0.1720414
11861,15,1,"Pepe","Mankey",-1,0.1515233,0.2020303,0.1515233,11860,0.004865155,0.004865157,0.004865157,false,1635001174,1.333328,1,1,1,0,0,0,0,0,"Normalized",false,"Combo_Getup02=1","",21,"Object001",0.09850539,0.731505,-0.5651884,0.09850535,0.9035462,-0.5651885,0.02515039,0.02527543,0.1720412
11861,15,1,"Pepe","Mankey",-1,0.1515233,0.2020303,0.1515233,11860,0.004865155,0.004865157,0.004865157,false,1635001174,1.333328,1,1,1,0,0,0,0,0,"Normalized",false,"Combo_Getup02=1","",22,"Monkey_eyes",0.2248806,0.6826213,-0.790214,0.2248805,0.8546624,-0.7902141,0.03152226,0.03181808,0.1720411
11861,15,1,"Pepe","Mankey",-1,0.1515233,0.2020303,0.1515233,11860,0.004865155,0.004865157,0.004865157,false,1635001174,1.333328,1,1,1,0,0,0,0,0,"Normalized",false,"Combo_Getup02=1","",23,"Base HumanHeadBone001",0.1068795,0.4976209,-0.6628393,0.1068795,0.6696621,-0.6628394,0.02214017,0.02228484,0.1720413
11861,15,1,"Pepe","Mankey",-1,0.1515233,0.2020303,0.1515233,11860,0.004865155,0.004865157,0.004865157,false,1635001174,1.333328,1,1,1,0,0,0,0,0,"Normalized",false,"Combo_Getup02=1","",24,"Base HumanLDigit11",0.3436671,0.5011282,-0.2486916,0.343667,0.6731695,-0.2486916,0.01570383,0.0170311,0.1720413
11861,15,1,"Pepe","Mankey",-1,0.1515233,0.2020303,0.1515233,11860,0.004865155,0.004865157,0.004865157,false,1635001174,1.333328,1,1,1,0,0,0,0,0,"Normalized",false,"Combo_Getup02=1","",25,"Base HumanLDigit12",0.3880953,0.4945685,-0.2484005,0.3880953,0.6666098,-0.2484004,0.01653161,0.01796071,0.1720414
11861,15,1,"Pepe","Mankey",-1,0.1515233,0.2020303,0.1515233,11860,0.004865155,0.004865157,0.004865157,false,1635001174,1.333328,1,1,1,0,0,0,0,0,"Normalized",false,"Combo_Getup02=1","",26,"Base HumanLDigit13",0.4250426,0.4866746,-0.2397297,0.4250426,0.6587159,-0.2397296,0.01713316,0.01864041,0.1720413
11861,15,1,"Pepe","Mankey",-1,0.1515233,0.2020303,0.1515233,11860,0.004865155,0.004865157,0.004865157,false,1635001174,1.333328,1,1,1,0,0,0,0,0,"Normalized",false,"Combo_Getup02=1","",27,"Base HumanLDigit21",0.4039572,0.5156853,-0.2144736,0.403957,0.6877265,-0.2144735,0.0167754,0.01820977,0.1720412
11861,15,1,"Pepe","Mankey",-1,0.1515233,0.2020303,0.1515233,11860,0.004865155,0.004865157,0.004865157,false,1635001174,1.333328,1,1,1,0,0,0,0,0,"Normalized",false,"Combo_Getup02=1","",28,"Base HumanLDigit22",0.4638497,0.5138475,-0.2050989,0.4638497,0.6858888,-0.2050989,0.01792394,0.01945533,0.1720413
11861,15,1,"Pepe","Mankey",-1,0.1515233,0.2020303,0.1515233,11860,0.004865155,0.004865157,0.004865157,false,1635001174,1.333328,1,1,1,0,0,0,0,0,"Normalized",false,"Combo_Getup02=1","",29,"Base HumanLDigit23",0.5140156,0.4958105,-0.2032973,0.5140154,0.6678519,-0.2032972,0.01883017,0.02046018,0.1720413
11861,15,1,"Pepe","Mankey",-1,0.1515233,0.2020303,0.1515233,11860,0.004865155,0.004865157,0.004865157,false,1635001174,1.333328,1,1,1,0,0,0,0,0,"Normalized",false,"Combo_Getup02=1","",30,"Base HumanLDigit31",0.3963548,0.4902143,-0.1661195,0.3963547,0.6622556,-0.1661195,0.01574287,0.01720546,0.1720413
11861,15,1,"Pepe","Mankey",-1,0.1515233,0.2020303,0.1515233,11860,0.004865155,0.004865157,0.004865157,false,1635001174,1.333328,1,1,1,0,0,0,0,0,"Normalized",false,"Combo_Getup02=1","",31,"Base HumanLDigit32",0.4472488,0.4871182,-0.150455,0.4472489,0.6591595,-0.150455,0.01666738,0.01822378,0.1720413
11861,15,1,"Pepe","Mankey",-1,0.1515233,0.2020303,0.1515233,11860,0.004865155,0.004865157,0.004865157,false,1635001174,1.333328,1,1,1,0,0,0,0,0,"Normalized",false,"Combo_Getup02=1","",32,"Base HumanLDigit33",0.4970991,0.4662099,-0.1420892,0.4970991,0.6382511,-0.1420892,0.01753012,0.01919705,0.1720412
11861,15,1,"Pepe","Mankey",-1,0.1515233,0.2020303,0.1515233,11860,0.004865155,0.004865157,0.004865157,false,1635001174,1.333328,1,1,1,0,0,0,0,0,"Normalized",false,"Combo_Getup02=1","",33,"Base HumanLDigit41",0.3615495,0.4632938,-0.125068,0.3615495,0.6353351,-0.1250679,0.01421418,0.01565293,0.1720413
11861,15,1,"Pepe","Mankey",-1,0.1515233,0.2020303,0.1515233,11860,0.004865155,0.004865157,0.004865157,false,1635001174,1.333328,1,1,1,0,0,0,0,0,"Normalized",false,"Combo_Getup02=1","",34,"Base HumanLDigit42",0.4115005,0.459966,-0.1066562,0.4115006,0.6320073,-0.1066561,0.01508725,0.01663067,0.1720413
11861,15,1,"Pepe","Mankey",-1,0.1515233,0.2020303,0.1515233,11860,0.004865155,0.004865157,0.004865157,false,1635001174,1.333328,1,1,1,0,0,0,0,0,"Normalized",false,"Combo_Getup02=1","",35,"Base HumanLDigit43",0.461145,0.4396305,-0.09313811,0.461145,0.6116718,-0.09313795,0.01592239,0.01758864,0.1720413
11861,15,1,"Pepe","Mankey",-1,0.1515233,0.2020303,0.1515233,11860,0.004865155,0.004865157,0.004865157,false,1635001174,1.333328,1,1,1,0,0,0,0,0,"Normalized",false,"Combo_Getup02=1","",36,"Base HumanRArmDigit11",0.2270045,0.08368699,-0.9266644,0.2270045,0.2557282,-0.9266645,0.01457025,0.01569522,0.1720412
11861,15,1,"Pepe","Mankey",-1,0.1515233,0.2020303,0.1515233,11860,0.004865155,0.004865157,0.004865157,false,1635001174,1.333328,1,1,1,0,0,0,0,0,"Normalized",false,"Combo_Getup02=1","",37,"Base HumanRArmDigit12",0.2698245,0.09720266,-0.9257953,0.2698244,0.2692439,-0.9257955,0.01575439,0.01696488,0.1720413
11861,15,1,"Pepe","Mankey",-1,0.1515233,0.2020303,0.1515233,11860,0.004865155,0.004865157,0.004865157,false,1635001174,1.333328,1,1,1,0,0,0,0,0,"Normalized",false,"Combo_Getup02=1","",38,"Base HumanRArmDigit13",0.3077871,0.1016096,-0.9322761,0.3077871,0.2736509,-0.9322762,0.01612716,0.01739354,0.1720413
11861,15,1,"Pepe","Mankey",-1,0.1515233,0.2020303,0.1515233,11860,0.004865155,0.004865157,0.004865157,false,1635001174,1.333328,1,1,1,0,0,0,0,0,"Normalized",false,"Combo_Getup02=1","",39,"Base HumanRArmDigit21",0.2824311,0.1040597,-0.9657865,0.282431,0.276101,-0.9657866,0.01505963,0.01596072,0.1720413
11861,15,1,"Pepe","Mankey",-1,0.1515233,0.2020303,0.1515233,11860,0.004865155,0.004865157,0.004865157,false,1635001174,1.333328,1,1,1,0,0,0,0,0,"Normalized",false,"Combo_Getup02=1","",40,"Base HumanRArmDigit22",0.3402291,0.1207324,-0.9735157,0.3402291,0.2927737,-0.9735159,0.01621314,0.01717843,0.1720413
11861,15,1,"Pepe","Mankey",-1,0.1515233,0.2020303,0.1515233,11860,0.004865155,0.004865157,0.004865157,false,1635001174,1.333328,1,1,1,0,0,0,0,0,"Normalized",false,"Combo_Getup02=1","",41,"Base HumanRArmDigit23",0.3931197,0.1246192,-0.9678017,0.3931196,0.2966605,-0.9678019,0.01740911,0.01855705,0.1720413
11861,15,1,"Pepe","Mankey",-1,0.1515233,0.2020303,0.1515233,11860,0.004865155,0.004865157,0.004865157,false,1635001174,1.333328,1,1,1,0,0,0,0,0,"Normalized",false,"Combo_Getup02=1","",42,"Base HumanRArmDigit31",0.2928084,0.05887746,-0.9957127,0.2928084,0.2309187,-0.9957129,0.01156503,0.0124091,0.1720412
11861,15,1,"Pepe","Mankey",-1,0.1515233,0.2020303,0.1515233,11860,0.004865155,0.004865157,0.004865157,false,1635001174,1.333328,1,1,1,0,0,0,0,0,"Normalized",false,"Combo_Getup02=1","",43,"Base HumanRArmDigit32",0.3434755,0.06815847,-1.009565,0.3434755,0.2401997,-1.009565,0.01219117,0.01306241,0.1720412
11861,15,1,"Pepe","Mankey",-1,0.1515233,0.2020303,0.1515233,11860,0.004865155,0.004865157,0.004865157,false,1635001174,1.333328,1,1,1,0,0,0,0,0,"Normalized",false,"Combo_Getup02=1","",44,"Base HumanRArmDigit33",0.3981655,0.06728832,-1.010253,0.3981656,0.2393295,-1.010254,0.01290737,0.01400051,0.1720412
11861,15,1,"Pepe","Mankey",-1,0.1515233,0.2020303,0.1515233,11860,0.004865155,0.004865157,0.004865157,false,1635001174,1.333328,1,1,1,0,0,0,0,0,"Normalized",false,"Combo_Getup02=1","",45,"Base HumanRArmDigit41",0.2776289,0.00490538,-1.017575,0.2776288,0.1769466,-1.017575,0.007898404,0.008634711,0.1720412
11861,15,1,"Pepe","Mankey",-1,0.1515233,0.2020303,0.1515233,11860,0.004865155,0.004865157,0.004865157,false,1635001174,1.333328,1,1,1,0,0,0,0,0,"Normalized",false,"Combo_Getup02=1","",46,"Base HumanRArmDigit42",0.3279034,0.01210852,-1.033878,0.3279035,0.1841498,-1.033878,0.008382321,0.009120713,0.1720413
11861,15,1,"Pepe","Mankey",-1,0.1515233,0.2020303,0.1515233,11860,0.004865155,0.004865157,0.004865157,false,1635001174,1.333328,1,1,1,0,0,0,0,0,"Normalized",false,"Combo_Getup02=1","",47,"Base HumanRArmDigit43",0.3828453,0.00901617,-1.039601,0.3828455,0.1810574,-1.039601,0.008870088,0.009864539,0.1720413
11861,15,1,"Pepe","Mankey",-1,0.1515233,0.2020303,0.1515233,11860,0.004865155,0.004865157,0.004865157,false,1635001174,1.333328,1,1,1,0,0,0,0,0,"Normalized",false,"Combo_Getup02=1","",48,"Base HumanSpine4",-0.1014038,0.3435454,-0.6786743,-0.1014038,0.5155866,-0.6786743,0.01266867,0.01162819,0.1720412
11862,15,1,"Pepe","Mankey",-1,0.1549202,0.2065595,0.1549202,11861,0.004529133,0.004529138,0.004529138,false,1635001174,1.333328,1,1,1,0,0,0,0,0,"Normalized",false,"Combo_Getup02=1","",0,"Base HumanPelvis",0.05991798,0.05425432,-0.4877148,0.05991798,0.2239067,-0.4877148,0.001039432,0.001842051,0.1696524
11862,15,1,"Pepe","Mankey",-1,0.1549202,0.2065595,0.1549202,11861,0.004529133,0.004529138,0.004529138,false,1635001174,1.333328,1,1,1,0,0,0,0,0,"Normalized",false,"Combo_Getup02=1","",1,"Base HumanLLeg1",0.006210278,0.0983843,-0.3883546,0.006210268,0.2680367,-0.3883546,0.001764465,0.001568776,0.1696524
11862,15,1,"Pepe","Mankey",-1,0.1549202,0.2065595,0.1549202,11861,0.004529133,0.004529138,0.004529138,false,1635001174,1.333328,1,1,1,0,0,0,0,0,"Normalized",false,"Combo_Getup02=1","",2,"Base HumanRLeg1",0.1136257,0.01012432,-0.5870751,0.1136257,0.1797767,-0.5870751,0.0003858902,0.002329544,0.1696524
11862,15,1,"Pepe","Mankey",-1,0.1549202,0.2065595,0.1549202,11861,0.004529133,0.004529138,0.004529138,false,1635001174,1.333328,1,1,1,0,0,0,0,0,"Normalized",false,"Combo_Getup02=1","",3,"Base HumanLLeg2",-0.058875,0.3846996,-0.1699414,-0.05887493,0.554352,-0.1699414,0.007821321,0.007073451,0.1696524
11862,15,1,"Pepe","Mankey",-1,0.1549202,0.2065595,0.1549202,11861,0.004529133,0.004529138,0.004529138,false,1635001174,1.333328,1,1,1,0,0,0,0,0,"Normalized",false,"Combo_Getup02=1","",4,"Base HumanRLeg2",0.3903498,0.246151,-0.5466765,0.3903498,0.4158034,-0.5466765,0.006880898,0.005396607,0.1696524
11862,15,1,"Pepe","Mankey",-1,0.1549202,0.2065595,0.1549202,11861,0.004529133,0.004529138,0.004529138,false,1635001174,1.333328,1,1,1,0,0,0,0,0,"Normalized",false,"Combo_Getup02=1","",5,"Base HumanLLegAnkle",0.1696635,0.1133708,-0.1694833,0.1696635,0.2830232,-0.1694833,0.01066979,0.01124058,0.1696525
11862,15,1,"Pepe","Mankey",-1,0.1549202,0.2065595,0.1549202,11861,0.004529133,0.004529138,0.004529138,false,1635001174,1.333328,1,1,1,0,0,0,0,0,"Normalized",false,"Combo_Getup02=1","",6,"Base HumanRLegAnkle",0.6535181,0.1497174,-0.3292086,0.653518,0.3193698,-0.3292086,0.01073276,0.01086978,0.1696524
11862,15,1,"Pepe","Mankey",-1,0.1549202,0.2065595,0.1549202,11861,0.004529133,0.004529138,0.004529138,false,1635001174,1.333328,1,1,1,0,0,0,0,0,"Normalized",false,"Combo_Getup02=1","",7,"Base HumanSpine1",0.02507449,0.06935599,-0.5132563,0.0250745,0.2390084,-0.5132563,0.001645183,0.001323792,0.1696524
11862,15,1,"Pepe","Mankey",-1,0.1549202,0.2065595,0.1549202,11861,0.004529133,0.004529138,0.004529138,false,1635001174,1.333328,1,1,1,0,0,0,0,0,"Normalized",false,"Combo_Getup02=1","",8,"Base HumanSpine3",-0.09629008,0.2422033,-0.6259882,-0.09629007,0.4118556,-0.6259882,0.007819682,0.006372083,0.1696524
11862,15,1,"Pepe","Mankey",-1,0.1549202,0.2065595,0.1549202,11861,0.004529133,0.004529138,0.004529138,false,1635001174,1.333328,1,1,1,0,0,0,0,0,"Normalized",false,"Combo_Getup02=1","",9,"Base HumanNeck1",-0.03726376,0.4863906,-0.7518733,-0.03726371,0.6560431,-0.7518733,0.01825413,0.01791137,0.1696524
11862,15,1,"Pepe","Mankey",-1,0.1549202,0.2065595,0.1549202,11861,0.004529133,0.004529138,0.004529138,false,1635001174,1.333328,1,1,1,0,0,0,0,0,"Normalized",false,"Combo_Getup02=1","",10,"Base HumanHead",0.003187872,0.6294202,-0.7583079,0.003187917,0.7990726,-0.7583078,0.02487731,0.02477506,0.1696525
11862,15,1,"Pepe","Mankey",-1,0.1549202,0.2065595,0.1549202,11861,0.004529133,0.004529138,0.004529138,false,1635001174,1.333328,1,1,1,0,0,0,0,0,"Normalized",false,"Combo_Getup02=1","",11,"Base HumanLCollarbone",0.04945172,0.4237496,-0.7151697,0.04945177,0.593402,-0.7151697,0.01454999,0.01491577,0.1696525
11862,15,1,"Pepe","Mankey",-1,0.1549202,0.2065595,0.1549202,11861,0.004529133,0.004529138,0.004529138,false,1635001174,1.333328,1,1,1,0,0,0,0,0,"Normalized",false,"Combo_Getup02=1","",12,"Base HumanRArmCollarbone",0.03476118,0.4008532,-0.7687959,0.03476118,0.5705056,-0.7687958,0.01367735,0.01386748,0.1696524
11862,15,1,"Pepe","Mankey",-1,0.1549202,0.2065595,0.1549202,11861,0.004529133,0.004529138,0.004529138,false,1635001174,1.333328,1,1,1,0,0,0,0,0,"Normalized",false,"Combo_Getup02=1","",13,"Base HumanLUpperarm",0.004281372,0.5581693,-0.5572448,0.004281357,0.7278218,-0.5572448,0.02014146,0.02025945,0.1696525
11862,15,1,"Pepe","Mankey",-1,0.1549202,0.2065595,0.1549202,11861,0.004529133,0.004529138,0.004529138,false,1635001174,1.333328,1,1,1,0,0,0,0,0,"Normalized",false,"Combo_Getup02=1","",14,"Base HumanRArmUpperarm",-0.08478333,0.3911224,-0.9439068,-0.08478335,0.5607749,-0.9439068,0.01668696,0.01575105,0.1696525
11862,15,1,"Pepe","Mankey",-1,0.1549202,0.2065595,0.1549202,11861,0.004529133,0.004529138,0.004529138,false,1635001174,1.333328,1,1,1,0,0,0,0,0,"Normalized",false,"Combo_Getup02=1","",15,"Base HumanLForearm",0.03515996,0.527237,-0.2788068,0.03515999,0.6968895,-0.2788067,0.01122024,0.01180038,0.1696525
11862,15,1,"Pepe","Mankey",-1,0.1549202,0.2065595,0.1549202,11861,0.004529133,0.004529138,0.004529138,false,1635001174,1.333328,1,1,1,0,0,0,0,0,"Normalized",false,"Combo_Getup02=1","",16,"Base HumanRArmForearm",-0.0722279,0.1156061,-0.885842,-0.07222798,0.2852585,-0.8858421,0.008241988,0.006218418,0.1696524
11862,15,1,"Pepe","Mankey",-1,0.1549202,0.2065595,0.1549202,11861,0.004529133,0.004529138,0.004529138,false,1635001174,1.333328,1,1,1,0,0,0,0,0,"Normalized",false,"Combo_Getup02=1","",17,"Base HumanLPalm",0.2822409,0.4845657,-0.224602,0.2822409,0.6542183,-0.2246019,0.01285127,0.01413786,0.1696525
11862,15,1,"Pepe","Mankey",-1,0.1549202,0.2065595,0.1549202,11861,0.004529133,0.004529138,0.004529138,false,1635001174,1.333328,1,1,1,0,0,0,0,0,"Normalized",false,"Combo_Getup02=1","",18,"Base HumanRArmPalm",0.16818,0.03503224,-0.9248265,0.16818,0.2046846,-0.9248266,0.01044888,0.01159198,0.1696524
11862,15,1,"Pepe","Mankey",-1,0.1549202,0.2065595,0.1549202,11861,0.004529133,0.004529138,0.004529138,false,1635001174,1.333328,1,1,1,0,0,0,0,0,"Normalized",false,"Combo_Getup02=1","",19,"Base HumanLLegDigit11",0.3244877,0.2434745,0.02538825,0.3244877,0.413127,0.02538818,0.01007019,0.01160232,0.1696525
11862,15,1,"Pepe","Mankey",-1,0.1549202,0.2065595,0.1549202,11861,0.004529133,0.004529138,0.004529138,false,1635001174,1.333328,1,1,1,0,0,0,0,0,"Normalized",false,"Combo_Getup02=1","",20,"Base HumanRLegDigit11",0.761068,0.3986394,-0.4023049,0.761068,0.568292,-0.4023049,0.01160491,0.01159306,0.1696525
11862,15,1,"Pepe","Mankey",-1,0.1549202,0.2065595,0.1549202,11861,0.004529133,0.004529138,0.004529138,false,1635001174,1.333328,1,1,1,0,0,0,0,0,"Normalized",false,"Combo_Getup02=1","",21,"Object001",0.1198729,0.7305431,-0.5571867,0.1198729,0.9001957,-0.5571867,0.02283686,0.02306139,0.1696525
11862,15,1,"Pepe","Mankey",-1,0.1549202,0.2065595,0.1549202,11861,0.004529133,0.004529138,0.004529138,false,1635001174,1.333328,1,1,1,0,0,0,0,0,"Normalized",false,"Combo_Getup02=1","",22,"Monkey_eyes",0.2510999,0.6791806,-0.7788581,0.2510999,0.8488331,-0.778858,0.02877929,0.02916154,0.1696525
11862,15,1,"Pepe","Mankey",-1,0.1549202,0.2065595,0.1549202,11861,0.004529133,0.004529138,0.004529138,false,1635001174,1.333328,1,1,1,0,0,0,0,0,"Normalized",false,"Combo_Getup02=1","",23,"Base HumanHeadBone001",0.1254353,0.4967253,-0.6551964,0.1254353,0.6663778,-0.6551963,0.0200881,0.02033519,0.1696525
11862,15,1,"Pepe","Mankey",-1,0.1549202,0.2065595,0.1549202,11861,0.004529133,0.004529138,0.004529138,false,1635001174,1.333328,1,1,1,0,0,0,0,0,"Normalized",false,"Combo_Getup02=1","",24,"Base HumanLDigit11",0.3532332,0.4933709,-0.2411913,0.3532332,0.6630234,-0.2411911,0.01442016,0.01583389,0.1696525
11862,15,1,"Pepe","Mankey",-1,0.1549202,0.2065595,0.1549202,11861,0.004529133,0.004529138,0.004529138,false,1635001174,1.333328,1,1,1,0,0,0,0,0,"Normalized",false,"Combo_Getup02=1","",25,"Base HumanLDigit12",0.3974822,0.485737,-0.2403364,0.3974822,0.6553895,-0.2403362,0.01520323,0.01670447,0.1696525
11862,15,1,"Pepe","Mankey",-1,0.1549202,0.2065595,0.1549202,11861,0.004529133,0.004529138,0.004529138,false,1635001174,1.333328,1,1,1,0,0,0,0,0,"Normalized",false,"Combo_Getup02=1","",26,"Base HumanLDigit13",0.4341276,0.4769891,-0.2312154,0.4341275,0.6466416,-0.2312153,0.01577456,0.01734407,0.1696525
11862,15,1,"Pepe","Mankey",-1,0.1549202,0.2065595,0.1549202,11861,0.004529133,0.004529138,0.004529138,false,1635001174,1.333328,1,1,1,0,0,0,0,0,"Normalized",false,"Combo_Getup02=1","",27,"Base HumanLDigit21",0.4134298,0.5066621,-0.2063001,0.4134298,0.6763145,-0.2063,0.01542575,0.01693433,0.1696525
11862,15,1,"Pepe","Mankey",-1,0.1549202,0.2065595,0.1549202,11861,0.004529133,0.004529138,0.004529138,false,1635001174,1.333328,1,1,1,0,0,0,0,0,"Normalized",false,"Combo_Getup02=1","",28,"Base HumanLDigit22",0.4731497,0.5035245,-0.1961977,0.4731497,0.6731769,-0.1961977,0.01650114,0.01809185,0.1696525
11862,15,1,"Pepe","Mankey",-1,0.1549202,0.2065595,0.1549202,11861,0.004529133,0.004529138,0.004529138,false,1635001174,1.333328,1,1,1,0,0,0,0,0,"Normalized",false,"Combo_Getup02=1","",29,"Base HumanLDigit23",0.5228258,0.4842402,-0.1938325,0.5228258,0.6538927,-0.1938323,0.01735153,0.01902802,0.1696525
11862,15,1,"Pepe","Mankey",-1,0.1549202,0.2065595,0.1549202,11861,0.004529133,0.004529138,0.004529138,false,1635001174,1.333328,1,1,1,0,0,0,0,0,"Normalized",false,"Combo_Getup02=1","",30,"Base HumanLDigit31",0.4046679,0.4815442,-0.1579575,0.4046678,0.6511967,-0.1579575,0.0145223,0.0160632,0.1696525
11862,15,1,"Pepe","Mankey",-1,0.1549202,0.2065595,0.1549202,11861,0.004529133,0.004529138,0.004529138,false,1635001174,1.333328,1,1,1,0,0,0,0,0,"Normalized",false,"Combo_Getup02=1","",31,"Base HumanLDigit32",0.4553041,0.4773146,-0.1417325,0.455304,0.6469672,-0.1417324,0.01539746,0.01701824,0.1696526
11862,15,1,"Pepe","Mankey",-1,0.1549202,0.2065595,0.1549202,11861,0.004529133,0.004529138,0.004529138,false,1635001174,1.333328,1,1,1,0,0,0,0,0,"Normalized",false,"Combo_Getup02=1","",32,"Base HumanLDigit33",0.5045101,0.4551322,-0.1328496,0.50451,0.6247846,-0.1328496,0.01621753,0.01793427,0.1696525
11862,15,1,"Pepe","Mankey",-1,0.1549202,0.2065595,0.1549202,11861,0.004529133,0.004529138,0.004529138,false,1635001174,1.333328,1,1,1,0,0,0,0,0,"Normalized",false,"Combo_Getup02=1","",33,"Base HumanLDigit41",0.368766,0.4555754,-0.1172386,0.368766,0.6252278,-0.1172386,0.01315103,0.01468111,0.1696524
11862,15,1,"Pepe","Mankey",-1,0.1549202,0.2065595,0.1549202,11861,0.004529133,0.004529138,0.004529138,false,1635001174,1.333328,1,1,1,0,0,0,0,0,"Normalized",false,"Combo_Getup02=1","",34,"Base HumanLDigit42",0.4184397,0.4511354,-0.09831823,0.4184397,0.6207877,-0.09831819,0.01398767,0.01560614,0.1696524
11862,15,1,"Pepe","Mankey",-1,0.1549202,0.2065595,0.1549202,11861,0.004529133,0.004529138,0.004529138,false,1635001174,1.333328,1,1,1,0,0,0,0,0,"Normalized",false,"Combo_Getup02=1","",35,"Base HumanLDigit43",0.4674138,0.4295254,-0.08433992,0.4674138,0.5991778,-0.08433989,0.01479253,0.01651675,0.1696525
11862,15,1,"Pepe","Mankey",-1,0.1549202,0.2065595,0.1549202,11861,0.004529133,0.004529138,0.004529138,false,1635001174,1.333328,1,1,1,0,0,0,0,0,"Normalized",false,"Combo_Getup02=1","",36,"Base HumanRArmDigit11",0.2270431,0.07775951,-0.9147208,0.2270432,0.247412,-0.9147209,0.01333357,0.01455377,0.1696524
11862,15,1,"Pepe","Mankey",-1,0.1549202,0.2065595,0.1549202,11861,0.004529133,0.004529138,0.004529138,false,1635001174,1.333328,1,1,1,0,0,0,0,0,"Normalized",false,"Combo_Getup02=1","",37,"Base HumanRArmDigit12",0.2701807,0.09017152,-0.9132813,0.2701808,0.2598239,-0.9132814,0.01435846,0.01566736,0.1696524
11862,15,1,"Pepe","Mankey",-1,0.1549202,0.2065595,0.1549202,11861,0.004529133,0.004529138,0.004529138,false,1635001174,1.333328,1,1,1,0,0,0,0,0,"Normalized",false,"Combo_Getup02=1","",38,"Base HumanRArmDigit13",0.3082044,0.09404938,-0.9197422,0.3082043,0.2637019,-0.9197422,0.01464341,0.01600809,0.1696525
11862,15,1,"Pepe","Mankey",-1,0.1549202,0.2065595,0.1549202,11861,0.004529133,0.004529138,0.004529138,false,1635001174,1.333328,1,1,1,0,0,0,0,0,"Normalized",false,"Combo_Getup02=1","",39,"Base HumanRArmDigit21",0.2826988,0.09931842,-0.95287,0.2826989,0.2689709,-0.95287,0.01376183,0.01475634,0.1696525
11862,15,1,"Pepe","Mankey",-1,0.1549202,0.2065595,0.1549202,11861,0.004529133,0.004529138,0.004529138,false,1635001174,1.333328,1,1,1,0,0,0,0,0,"Normalized",false,"Combo_Getup02=1","",40,"Base HumanRArmDigit22",0.3408232,0.1151496,-0.9598887,0.3408232,0.284802,-0.9598886,0.01473824,0.01579886,0.1696524
11862,15,1,"Pepe","Mankey",-1,0.1549202,0.2065595,0.1549202,11861,0.004529133,0.004529138,0.004529138,false,1635001174,1.333328,1,1,1,0,0,0,0,0,"Normalized",false,"Combo_Getup02=1","",41,"Base HumanRArmDigit23",0.3937849,0.1172646,-0.9539087,0.3937851,0.2869171,-0.9539087,0.01573371,0.01698228,0.1696524
11862,15,1,"Pepe","Mankey",-1,0.1549202,0.2065595,0.1549202,11861,0.004529133,0.004529138,0.004529138,false,1635001174,1.333328,1,1,1,0,0,0,0,0,"Normalized",false,"Combo_Getup02=1","",42,"Base HumanRArmDigit31",0.2919055,0.05587842,-0.9856253,0.2919055,0.2255308,-0.9856253,0.01056246,0.01147184,0.1696524
11862,15,1,"Pepe","Mankey",-1,0.1549202,0.2065595,0.1549202,11861,0.004529133,0.004529138,0.004529138,false,1635001174,1.333328,1,1,1,0,0,0,0,0,"Normalized",false,"Combo_Getup02=1","",43,"Base HumanRArmDigit32",0.3427518,0.06481688,-0.9990397,0.3427517,0.2344693,-0.9990397,0.01106669,0.01200604,0.1696524
11862,15,1,"Pepe","Mankey",-1,0.1549202,0.2065595,0.1549202,11861,0.004529133,0.004529138,0.004529138,false,1635001174,1.333328,1,1,1,0,0,0,0,0,"Normalized",false,"Combo_Getup02=1","",44,"Base HumanRArmDigit33",0.3974004,0.06251327,-0.9997075,0.3974005,0.2321657,-0.9997075,0.01160173,0.01277206,0.1696525
11862,15,1,"Pepe","Mankey",-1,0.1549202,0.2065595,0.1549202,11861,0.004529133,0.004529138,0.004529138,false,1635001174,1.333328,1,1,1,0,0,0,0,0,"Normalized",false,"Combo_Getup02=1","",45,"Base HumanRArmDigit41",0.2754096,0.003723825,-1.010708,0.2754096,0.1733763,-1.010708,0.007312855,0.008051684,0.1696525
11862,15,1,"Pepe","Mankey",-1,0.1549202,0.2065595,0.1549202,11861,0.004529133,0.004529138,0.004529138,false,1635001174,1.333328,1,1,1,0,0,0,0,0,"Normalized",false,"Combo_Getup02=1","",46,"Base HumanRArmDigit42",0.3258404,0.010776,-1.026589,0.3258404,0.1804284,-1.026589,0.007691589,0.00844024,0.1696524
11862,15,1,"Pepe","Mankey",-1,0.1549202,0.2065595,0.1549202,11861,0.004529133,0.004529138,0.004529138,false,1635001174,1.333328,1,1,1,0,0,0,0,0,"Normalized",false,"Combo_Getup02=1","",47,"Base HumanRArmDigit43",0.3807122,0.006574863,-1.032277,0.3807122,0.1762274,-1.032277,0.008009512,0.009029266,0.1696525
11862,15,1,"Pepe","Mankey",-1,0.1549202,0.2065595,0.1549202,11861,0.004529133,0.004529138,0.004529138,false,1635001174,1.333328,1,1,1,0,0,0,0,0,"Normalized",false,"Combo_Getup02=1","",48,"Base HumanSpine4",-0.09130308,0.3493399,-0.678554,-0.09130308,0.5189924,-0.678554,0.01164537,0.01066011,0.1696525
11863,15,1,"Pepe","Mankey",-1,0.1583969,0.2111951,0.1583969,11862,0.004635587,0.004635572,0.004635572,false,1635001174,1.333328,1,1,1,0,0,0,0,0,"Normalized",false,"Combo_Getup02=1","",0,"Base HumanPelvis",0.05950236,0.05504396,-0.4883337,0.05950236,0.2220957,-0.4883337,0.001085947,0.001958502,0.1670517
11863,15,1,"Pepe","Mankey",-1,0.1583969,0.2111951,0.1583969,11862,0.004635587,0.004635572,0.004635572,false,1635001174,1.333328,1,1,1,0,0,0,0,0,"Normalized",false,"Combo_Getup02=1","",1,"Base HumanLLeg1",0.005647589,0.09975422,-0.3893131,0.005647592,0.2668059,-0.3893131,0.001764096,0.001658355,0.1670517
11863,15,1,"Pepe","Mankey",-1,0.1583969,0.2111951,0.1583969,11862,0.004635587,0.004635572,0.004635572,false,1635001174,1.333328,1,1,1,0,0,0,0,0,"Normalized",false,"Combo_Getup02=1","",2,"Base HumanRLeg1",0.1133571,0.01033368,-0.5873543,0.1133571,0.1773854,-0.5873543,0.0004403747,0.002422533,0.1670517
11863,15,1,"Pepe","Mankey",-1,0.1583969,0.2111951,0.1583969,11862,0.004635587,0.004635572,0.004635572,false,1635001174,1.333328,1,1,1,0,0,0,0,0,"Normalized",false,"Combo_Getup02=1","",3,"Base HumanLLeg2",-0.06333517,0.388269,-0.1750296,-0.06333518,0.5553207,-0.1750296,0.007650087,0.006835361,0.1670517
11863,15,1,"Pepe","Mankey",-1,0.1583969,0.2111951,0.1583969,11862,0.004635587,0.004635572,0.004635572,false,1635001174,1.333328,1,1,1,0,0,0,0,0,"Normalized",false,"Combo_Getup02=1","",4,"Base HumanRLeg2",0.3862179,0.2511867,-0.5492264,0.3862179,0.4182384,-0.5492265,0.006995211,0.005431759,0.1670517
11863,15,1,"Pepe","Mankey",-1,0.1583969,0.2111951,0.1583969,11862,0.004635587,0.004635572,0.004635572,false,1635001174,1.333328,1,1,1,0,0,0,0,0,"Normalized",false,"Combo_Getup02=1","",5,"Base HumanLLegAnkle",0.1590095,0.1118975,-0.1694615,0.1590095,0.2789492,-0.1694615,0.01075545,0.01140645,0.1670517
11863,15,1,"Pepe","Mankey",-1,0.1583969,0.2111951,0.1583969,11862,0.004635587,0.004635572,0.004635572,false,1635001174,1.333328,1,1,1,0,0,0,0,0,"Normalized",false,"Combo_Getup02=1","",6,"Base HumanRLegAnkle",0.6430974,0.1502331,-0.3263575,0.6430974,0.3172847,-0.3263575,0.01081597,0.01100298,0.1670516
11863,15,1,"Pepe","Mankey",-1,0.1583969,0.2111951,0.1583969,11862,0.004635587,0.004635572,0.004635572,false,1635001174,1.333328,1,1,1,0,0,0,0,0,"Normalized",false,"Combo_Getup02=1","",7,"Base HumanSpine1",0.02516894,0.07084503,-0.5141414,0.02516894,0.2378967,-0.5141413,0.00173482,0.001424084,0.1670517
11863,15,1,"Pepe","Mankey",-1,0.1583969,0.2111951,0.1583969,11862,0.004635587,0.004635572,0.004635572,false,1635001174,1.333328,1,1,1,0,0,0,0,0,"Normalized",false,"Combo_Getup02=1","",8,"Base HumanSpine3",-0.09059221,0.2477197,-0.626519,-0.09059221,0.4147714,-0.626519,0.007948504,0.006422543,0.1670517
11863,15,1,"Pepe","Mankey",-1,0.1583969,0.2111951,0.1583969,11862,0.004635587,0.004635572,0.004635572,false,1635001174,1.333328,1,1,1,0,0,0,0,0,"Normalized",false,"Combo_Getup02=1","",9,"Base HumanNeck1",-0.01950163,0.4897474,-0.7498051,-0.01950157,0.6567991,-0.7498051,0.01819447,0.01789812,0.1670517
11863,15,1,"Pepe","Mankey",-1,0.1583969,0.2111951,0.1583969,11862,0.004635587,0.004635572,0.004635572,false,1635001174,1.333328,1,1,1,0,0,0,0,0,"Normalized",false,"Combo_Getup02=1","",10,"Base HumanHead",0.02735653,0.6309162,-0.7531013,0.02735654,0.797968,-0.7531014,0.02476835,0.02474771,0.1670518
11863,15,1,"Pepe","Mankey",-1,0.1583969,0.2111951,0.1583969,11862,0.004635587,0.004635572,0.004635572,false,1635001174,1.333328,1,1,1,0,0,0,0,0,"Normalized",false,"Combo_Getup02=1","",11,"Base HumanLCollarbone",0.06361038,0.4224284,-0.7130468,0.06361041,0.5894801,-0.7130468,0.01437776,0.01484437,0.1670517
11863,15,1,"Pepe","Mankey",-1,0.1583969,0.2111951,0.1583969,11862,0.004635587,0.004635572,0.004635572,false,1635001174,1.333328,1,1,1,0,0,0,0,0,"Normalized",false,"Combo_Getup02=1","",12,"Base HumanRArmCollarbone",0.04817819,0.4007812,-0.7669826,0.04817814,0.5678329,-0.7669827,0.01353919,0.01380021,0.1670517
11863,15,1,"Pepe","Mankey",-1,0.1583969,0.2111951,0.1583969,11862,0.004635587,0.004635572,0.004635572,false,1635001174,1.333328,1,1,1,0,0,0,0,0,"Normalized",false,"Combo_Getup02=1","",13,"Base HumanLUpperarm",0.02407352,0.5576486,-0.5542966,0.02407355,0.7247002,-0.5542966,0.02001729,0.02025258,0.1670516
11863,15,1,"Pepe","Mankey",-1,0.1583969,0.2111951,0.1583969,11862,0.004635587,0.004635572,0.004635572,false,1635001174,1.333328,1,1,1,0,0,0,0,0,"Normalized",false,"Combo_Getup02=1","",14,"Base HumanRArmUpperarm",-0.06969541,0.398532,-0.9434767,-0.06969544,0.5655838,-0.9434768,0.01681468,0.01584157,0.1670517
11863,15,1,"Pepe","Mankey",-1,0.1583969,0.2111951,0.1583969,11862,0.004635587,0.004635572,0.004635572,false,1635001174,1.333328,1,1,1,0,0,0,0,0,"Normalized",false,"Combo_Getup02=1","",15,"Base HumanLForearm",0.04536275,0.5250093,-0.2751561,0.04536277,0.692061,-0.2751559,0.01106287,0.01186335,0.1670517
11863,15,1,"Pepe","Mankey",-1,0.1583969,0.2111951,0.1583969,11862,0.004635587,0.004635572,0.004635572,false,1635001174,1.333328,1,1,1,0,0,0,0,0,"Normalized",false,"Combo_Getup02=1","",16,"Base HumanRArmForearm",-0.07029219,0.1233572,-0.8825108,-0.07029225,0.2904089,-0.8825108,0.008655849,0.006432026,0.1670517
11863,15,1,"Pepe","Mankey",-1,0.1583969,0.2111951,0.1583969,11862,0.004635587,0.004635572,0.004635572,false,1635001174,1.333328,1,1,1,0,0,0,0,0,"Normalized",false,"Combo_Getup02=1","",17,"Base HumanLPalm",0.2909001,0.4780691,-0.2175716,0.2909001,0.6451207,-0.2175715,0.01290796,0.01439355,0.1670516
11863,15,1,"Pepe","Mankey",-1,0.1583969,0.2111951,0.1583969,11862,0.004635587,0.004635572,0.004635572,false,1635001174,1.333328,1,1,1,0,0,0,0,0,"Normalized",false,"Combo_Getup02=1","",18,"Base HumanRArmPalm",0.1667012,0.03080265,-0.9153082,0.1667012,0.1978543,-0.9153082,0.01052021,0.01180841,0.1670517
11863,15,1,"Pepe","Mankey",-1,0.1583969,0.2111951,0.1583969,11862,0.004635587,0.004635572,0.004635572,false,1635001174,1.333328,1,1,1,0,0,0,0,0,"Normalized",false,"Combo_Getup02=1","",19,"Base HumanLLegDigit11",0.3163191,0.2373975,0.02643593,0.3163191,0.4044492,0.02643597,0.01023493,0.01196361,0.1670517
11863,15,1,"Pepe","Mankey",-1,0.1583969,0.2111951,0.1583969,11862,0.004635587,0.004635572,0.004635572,false,1635001174,1.333328,1,1,1,0,0,0,0,0,"Normalized",false,"Combo_Getup02=1","",20,"Base HumanRLegDigit11",0.7512919,0.3998381,-0.3960963,0.7512919,0.5668897,-0.3960963,0.0116428,0.01166549,0.1670516
11863,15,1,"Pepe","Mankey",-1,0.1583969,0.2111951,0.1583969,11862,0.004635587,0.004635572,0.004635572,false,1635001174,1.333328,1,1,1,0,0,0,0,0,"Normalized",false,"Combo_Getup02=1","",21,"Object001",0.1408419,0.7288166,-0.5485834,0.1408419,0.8958683,-0.5485834,0.02273095,0.02307462,0.1670517
11863,15,1,"Pepe","Mankey",-1,0.1583969,0.2111951,0.1583969,11862,0.004635587,0.004635572,0.004635572,false,1635001174,1.333328,1,1,1,0,0,0,0,0,"Normalized",false,"Combo_Getup02=1","",22,"Monkey_eyes",0.2768331,0.6748932,-0.7667472,0.2768332,0.841945,-0.7667473,0.02876203,0.0292629,0.1670518
11863,15,1,"Pepe","Mankey",-1,0.1583969,0.2111951,0.1583969,11862,0.004635587,0.004635572,0.004635572,false,1635001174,1.333328,1,1,1,0,0,0,0,0,"Normalized",false,"Combo_Getup02=1","",23,"Base HumanHeadBone001",0.1436067,0.4951559,-0.6470854,0.1436067,0.6622076,-0.6470854,0.01996123,0.02033164,0.1670517
11863,15,1,"Pepe","Mankey",-1,0.1583969,0.2111951,0.1583969,11862,0.004635587,0.004635572,0.004635572,false,1635001174,1.333328,1,1,1,0,0,0,0,0,"Normalized",false,"Combo_Getup02=1","",24,"Base HumanLDigit11",0.3622716,0.4852591,-0.2332895,0.3622715,0.6523108,-0.2332895,0.01448899,0.01608998,0.1670517
11863,15,1,"Pepe","Mankey",-1,0.1583969,0.2111951,0.1583969,11862,0.004635587,0.004635572,0.004635572,false,1635001174,1.333328,1,1,1,0,0,0,0,0,"Normalized",false,"Combo_Getup02=1","",25,"Base HumanLDigit12",0.4063153,0.4765952,-0.2318495,0.4063152,0.6436468,-0.2318493,0.01528475,0.01696878,0.1670516
11863,15,1,"Pepe","Mankey",-1,0.1583969,0.2111951,0.1583969,11862,0.004635587,0.004635572,0.004635572,false,1635001174,1.333328,1,1,1,0,0,0,0,0,"Normalized",false,"Combo_Getup02=1","",26,"Base HumanLDigit13",0.442636,0.4670275,-0.2222649,0.4426359,0.6340791,-0.2222647,0.01586634,0.017616,0.1670516
11863,15,1,"Pepe","Mankey",-1,0.1583969,0.2111951,0.1583969,11862,0.004635587,0.004635572,0.004635572,false,1635001174,1.333328,1,1,1,0,0,0,0,0,"Normalized",false,"Combo_Getup02=1","",27,"Base HumanLDigit21",0.4223058,0.4973189,-0.1976786,0.4223057,0.6643705,-0.1976786,0.01550513,0.01719798,0.1670516
11863,15,1,"Pepe","Mankey",-1,0.1583969,0.2111951,0.1583969,11862,0.004635587,0.004635572,0.004635572,false,1635001174,1.333328,1,1,1,0,0,0,0,0,"Normalized",false,"Combo_Getup02=1","",28,"Base HumanLDigit22",0.4818131,0.4929354,-0.1868145,0.4818131,0.659987,-0.1868144,0.01659004,0.01835962,0.1670516
11863,15,1,"Pepe","Mankey",-1,0.1583969,0.2111951,0.1583969,11862,0.004635587,0.004635572,0.004635572,false,1635001174,1.333328,1,1,1,0,0,0,0,0,"Normalized",false,"Combo_Getup02=1","",29,"Base HumanLDigit23",0.5309784,0.472458,-0.1838751,0.5309784,0.6395097,-0.183875,0.0174481,0.01929987,0.1670517
11863,15,1,"Pepe","Mankey",-1,0.1583969,0.2111951,0.1583969,11862,0.004635587,0.004635572,0.004635572,false,1635001174,1.333328,1,1,1,0,0,0,0,0,"Normalized",false,"Combo_Getup02=1","",30,"Base HumanLDigit31",0.412387,0.4725382,-0.1493856,0.4123868,0.6395898,-0.1493855,0.01463457,0.01636401,0.1670516
11863,15,1,"Pepe","Mankey",-1,0.1583969,0.2111951,0.1583969,11862,0.004635587,0.004635572,0.004635572,false,1635001174,1.333328,1,1,1,0,0,0,0,0,"Normalized",false,"Combo_Getup02=1","",31,"Base HumanLDigit32",0.4627281,0.4672159,-0.1325746,0.4627281,0.6342675,-0.1325745,0.01552307,0.01732819,0.1670516
11863,15,1,"Pepe","Mankey",-1,0.1583969,0.2111951,0.1583969,11862,0.004635587,0.004635572,0.004635572,false,1635001174,1.333328,1,1,1,0,0,0,0,0,"Normalized",false,"Combo_Getup02=1","",32,"Base HumanLDigit33",0.5112662,0.4438108,-0.1231696,0.5112662,0.6108624,-0.1231695,0.0163561,0.01825325,0.1670516
11863,15,1,"Pepe","Mankey",-1,0.1583969,0.2111951,0.1583969,11862,0.004635587,0.004635572,0.004635572,false,1635001174,1.333328,1,1,1,0,0,0,0,0,"Normalized",false,"Combo_Getup02=1","",33,"Base HumanLDigit41",0.3754136,0.4474836,-0.1090546,0.3754137,0.6145352,-0.1090546,0.01329077,0.01501667,0.1670515
11863,15,1,"Pepe","Mankey",-1,0.1583969,0.2111951,0.1583969,11862,0.004635587,0.004635572,0.004635572,false,1635001174,1.333328,1,1,1,0,0,0,0,0,"Normalized",false,"Combo_Getup02=1","",34,"Base HumanLDigit42",0.4247729,0.4419688,-0.08960194,0.4247729,0.6090204,-0.08960173,0.01414604,0.01595487,0.1670516
11863,15,1,"Pepe","Mankey",-1,0.1583969,0.2111951,0.1583969,11862,0.004635587,0.004635572,0.004635572,false,1635001174,1.333328,1,1,1,0,0,0,0,0,"Normalized",false,"Combo_Getup02=1","",35,"Base HumanLDigit43",0.4730503,0.4191312,-0.07515929,0.4730504,0.5861828,-0.07515919,0.01496974,0.0168798,0.1670516
11863,15,1,"Pepe","Mankey",-1,0.1583969,0.2111951,0.1583969,11862,0.004635587,0.004635572,0.004635572,false,1635001174,1.333328,1,1,1,0,0,0,0,0,"Normalized",false,"Combo_Getup02=1","",36,"Base HumanRArmDigit11",0.2265429,0.0715242,-0.9029256,0.2265429,0.2385759,-0.9029257,0.01335127,0.01474627,0.1670517
11863,15,1,"Pepe","Mankey",-1,0.1583969,0.2111951,0.1583969,11862,0.004635587,0.004635572,0.004635572,false,1635001174,1.333328,1,1,1,0,0,0,0,0,"Normalized",false,"Combo_Getup02=1","",37,"Base HumanRArmDigit12",0.2699714,0.08280215,-0.9009875,0.2699713,0.2498539,-0.9009876,0.01433485,0.01582983,0.1670518
11863,15,1,"Pepe","Mankey",-1,0.1583969,0.2111951,0.1583969,11862,0.004635587,0.004635572,0.004635572,false,1635001174,1.333328,1,1,1,0,0,0,0,0,"Normalized",false,"Combo_Getup02=1","",38,"Base HumanRArmDigit13",0.3080403,0.08616726,-0.9074697,0.3080404,0.2532189,-0.9074699,0.01458653,0.01614091,0.1670517
11863,15,1,"Pepe","Mankey",-1,0.1583969,0.2111951,0.1583969,11862,0.004635587,0.004635572,0.004635572,false,1635001174,1.333328,1,1,1,0,0,0,0,0,"Normalized",false,"Combo_Getup02=1","",39,"Base HumanRArmDigit21",0.2824469,0.09425423,-0.9400174,0.2824468,0.2613059,-0.9400175,0.01381662,0.01496669,0.1670517
11863,15,1,"Pepe","Mankey",-1,0.1583969,0.2111951,0.1583969,11862,0.004635587,0.004635572,0.004635572,false,1635001174,1.333328,1,1,1,0,0,0,0,0,"Normalized",false,"Combo_Getup02=1","",40,"Base HumanRArmDigit22",0.3408725,0.1092285,-0.9463854,0.3408726,0.2762803,-0.9463855,0.01474445,0.01596734,0.1670517
11863,15,1,"Pepe","Mankey",-1,0.1583969,0.2111951,0.1583969,11862,0.004635587,0.004635572,0.004635572,false,1635001174,1.333328,1,1,1,0,0,0,0,0,"Normalized",false,"Combo_Getup02=1","",41,"Base HumanRArmDigit23",0.3938615,0.1095601,-0.9402843,0.3938616,0.2766117,-0.9402844,0.01565219,0.01708297,0.1670516
11863,15,1,"Pepe","Mankey",-1,0.1583969,0.2111951,0.1583969,11862,0.004635587,0.004635572,0.004635572,false,1635001174,1.333328,1,1,1,0,0,0,0,0,"Normalized",false,"Combo_Getup02=1","",42,"Base HumanRArmDigit31",0.2905166,0.05279054,-0.9755188,0.2905166,0.2198422,-0.9755188,0.01065858,0.01168036,0.1670517
11863,15,1,"Pepe","Mankey",-1,0.1583969,0.2111951,0.1583969,11862,0.004635587,0.004635572,0.004635572,false,1635001174,1.333328,1,1,1,0,0,0,0,0,"Normalized",false,"Combo_Getup02=1","",43,"Base HumanRArmDigit32",0.3415278,0.06138,-0.9885288,0.3415278,0.2284317,-0.9885289,0.01112602,0.01218309,0.1670517
11863,15,1,"Pepe","Mankey",-1,0.1583969,0.2111951,0.1583969,11862,0.004635587,0.004635572,0.004635572,false,1635001174,1.333328,1,1,1,0,0,0,0,0,"Normalized",false,"Combo_Getup02=1","",44,"Base HumanRArmDigit33",0.3960962,0.05764992,-0.9893058,0.3960963,0.2247017,-0.9893059,0.01155634,0.01286883,0.1670517
11863,15,1,"Pepe","Mankey",-1,0.1583969,0.2111951,0.1583969,11862,0.004635587,0.004635572,0.004635572,false,1635001174,1.333328,1,1,1,0,0,0,0,0,"Normalized",false,"Combo_Getup02=1","",45,"Base HumanRArmDigit41",0.2727415,0.002699342,-1.003737,0.2727415,0.1697511,-1.003737,0.007534018,0.00829784,0.1670518
11863,15,1,"Pepe","Mankey",-1,0.1583969,0.2111951,0.1583969,11862,0.004635587,0.004635572,0.004635572,false,1635001174,1.333328,1,1,1,0,0,0,0,0,"Normalized",false,"Combo_Getup02=1","",46,"Base HumanRArmDigit42",0.3233196,0.009588644,-1.019216,0.3233197,0.1766403,-1.019216,0.007882033,0.008664069,0.1670516
11863,15,1,"Pepe","Mankey",-1,0.1583969,0.2111951,0.1583969,11862,0.004635587,0.004635572,0.004635572,false,1635001174,1.333328,1,1,1,0,0,0,0,0,"Normalized",false,"Combo_Getup02=1","",47,"Base HumanRArmDigit43",0.3780876,0.004277588,-1.024976,0.3780876,0.1713293,-1.024976,0.008090946,0.009174613,0.1670517
11863,15,1,"Pepe","Mankey",-1,0.1583969,0.2111951,0.1583969,11862,0.004635587,0.004635572,0.004635572,false,1635001174,1.333328,1,1,1,0,0,0,0,0,"Normalized",false,"Combo_Getup02=1","",48,"Base HumanSpine4",-0.08104471,0.3550153,-0.6781213,-0.08104473,0.522067,-0.6781213,0.01173164,0.01071795,0.1670517
11864,15,1,"Pepe","Mankey",-1,0.1618333,0.2157769,0.1618333,11863,0.004581824,0.004581824,0.004581824,false,1635001174,1.333328,1,1,1,0,0,0,0,0,"Normalized",false,"Combo_Getup02=1","",0,"Base HumanPelvis",0.05914654,0.05590117,-0.4889494,0.05914654,0.2202291,-0.4889494,0.001113782,0.0019974,0.164328
11864,15,1,"Pepe","Mankey",-1,0.1618333,0.2157769,0.1618333,11863,0.004581824,0.004581824,0.004581824,false,1635001174,1.333328,1,1,1,0,0,0,0,0,"Normalized",false,"Combo_Getup02=1","",1,"Base HumanLLeg1",0.005176705,0.1011265,-0.3902258,0.005176693,0.2654545,-0.3902258,0.001714062,0.001697416,0.1643279
11864,15,1,"Pepe","Mankey",-1,0.1618333,0.2157769,0.1618333,11863,0.004581824,0.004581824,0.004581824,false,1635001174,1.333328,1,1,1,0,0,0,0,0,"Normalized",false,"Combo_Getup02=1","",2,"Base HumanRLeg1",0.1131164,0.0106758,-0.587673,0.1131164,0.1750038,-0.5876731,0.000525904,0.002414891,0.1643279
11864,15,1,"Pepe","Mankey",-1,0.1618333,0.2157769,0.1618333,11863,0.004581824,0.004581824,0.004581824,false,1635001174,1.333328,1,1,1,0,0,0,0,0,"Normalized",false,"Combo_Getup02=1","",3,"Base HumanLLeg2",-0.06718546,0.391721,-0.1799036,-0.06718543,0.5560489,-0.1799036,0.007106032,0.006253784,0.1643279
11864,15,1,"Pepe","Mankey",-1,0.1618333,0.2157769,0.1618333,11863,0.004581824,0.004581824,0.004581824,false,1635001174,1.333328,1,1,1,0,0,0,0,0,"Normalized",false,"Combo_Getup02=1","",4,"Base HumanRLeg2",0.3822069,0.256096,-0.55195,0.3822068,0.4204239,-0.5519501,0.006899846,0.005318208,0.1643279
11864,15,1,"Pepe","Mankey",-1,0.1618333,0.2157769,0.1618333,11863,0.004581824,0.004581824,0.004581824,false,1635001174,1.333328,1,1,1,0,0,0,0,0,"Normalized",false,"Combo_Getup02=1","",5,"Base HumanLLegAnkle",0.1487021,0.1104073,-0.1696772,0.1487021,0.2747352,-0.1696771,0.01041677,0.01113761,0.1643279
11864,15,1,"Pepe","Mankey",-1,0.1618333,0.2157769,0.1618333,11863,0.004581824,0.004581824,0.004581824,false,1635001174,1.333328,1,1,1,0,0,0,0,0,"Normalized",false,"Combo_Getup02=1","",6,"Base HumanRLegAnkle",0.6328125,0.1507129,-0.3240456,0.6328126,0.3150408,-0.3240456,0.01055244,0.01077765,0.164328
11864,15,1,"Pepe","Mankey",-1,0.1618333,0.2157769,0.1618333,11863,0.004581824,0.004581824,0.004581824,false,1635001174,1.333328,1,1,1,0,0,0,0,0,"Normalized",false,"Combo_Getup02=1","",7,"Base HumanSpine1",0.02531976,0.07238952,-0.514995,0.02531976,0.2367175,-0.514995,0.001771137,0.001463627,0.164328
11864,15,1,"Pepe","Mankey",-1,0.1618333,0.2157769,0.1618333,11863,0.004581824,0.004581824,0.004581824,false,1635001174,1.333328,1,1,1,0,0,0,0,0,"Normalized",false,"Combo_Getup02=1","",8,"Base HumanSpine3",-0.08497871,0.2530579,-0.6268306,-0.08497873,0.4173859,-0.6268306,0.007752746,0.006200295,0.1643279
11864,15,1,"Pepe","Mankey",-1,0.1618333,0.2157769,0.1618333,11863,0.004581824,0.004581824,0.004581824,false,1635001174,1.333328,1,1,1,0,0,0,0,0,"Normalized",false,"Combo_Getup02=1","",9,"Base HumanNeck1",-0.002547606,0.4926154,-0.7473423,-0.002547622,0.6569433,-0.7473424,0.01737036,0.01713249,0.1643279
11864,15,1,"Pepe","Mankey",-1,0.1618333,0.2157769,0.1618333,11863,0.004581824,0.004581824,0.004581824,false,1635001174,1.333328,1,1,1,0,0,0,0,0,"Normalized",false,"Combo_Getup02=1","",10,"Base HumanHead",0.05027963,0.6316997,-0.7474885,0.05027967,0.7960277,-0.7474885,0.02361327,0.02367993,0.164328
11864,15,1,"Pepe","Mankey",-1,0.1618333,0.2157769,0.1618333,11863,0.004581824,0.004581824,0.004581824,false,1635001174,1.333328,1,1,1,0,0,0,0,0,"Normalized",false,"Combo_Getup02=1","",11,"Base HumanLCollarbone",0.07692185,0.4209857,-0.710676,0.07692184,0.5853137,-0.710676,0.0135977,0.01414828,0.1643279
11864,15,1,"Pepe","Mankey",-1,0.1618333,0.2157769,0.1618333,11863,0.004581824,0.004581824,0.004581824,false,1635001174,1.333328,1,1,1,0,0,0,0,0,"Normalized",false,"Combo_Getup02=1","",12,"Base HumanRArmCollarbone",0.0608452,0.4006213,-0.7649223,0.06084519,0.5649493,-0.7649223,0.01283446,0.01315351,0.164328
11864,15,1,"Pepe","Mankey",-1,0.1618333,0.2157769,0.1618333,11863,0.004581824,0.004581824,0.004581824,false,1635001174,1.333328,1,1,1,0,0,0,0,0,"Normalized",false,"Combo_Getup02=1","",13,"Base HumanLUpperarm",0.04279056,0.5565218,-0.550944,0.04279053,0.7208498,-0.550944,0.0190483,0.01940081,0.164328
11864,15,1,"Pepe","Mankey",-1,0.1618333,0.2157769,0.1618333,11863,0.004581824,0.004581824,0.004581824,false,1635001174,1.333328,1,1,1,0,0,0,0,0,"Normalized",false,"Combo_Getup02=1","",14,"Base HumanRArmUpperarm",-0.05507258,0.4055682,-0.9426524,-0.05507265,0.5698962,-0.9426524,0.0162485,0.01526769,0.164328
11864,15,1,"Pepe","Mankey",-1,0.1618333,0.2157769,0.1618333,11863,0.004581824,0.004581824,0.004581824,false,1635001174,1.333328,1,1,1,0,0,0,0,0,"Normalized",false,"Combo_Getup02=1","",15,"Base HumanLForearm",0.05496125,0.5223406,-0.2714417,0.05496127,0.6866686,-0.2714418,0.0106325,0.01161915,0.164328
11864,15,1,"Pepe","Mankey",-1,0.1618333,0.2157769,0.1618333,11863,0.004581824,0.004581824,0.004581824,false,1635001174,1.333328,1,1,1,0,0,0,0,0,"Normalized",false,"Combo_Getup02=1","",16,"Base HumanRArmForearm",-0.06785817,0.1311962,-0.8794469,-0.06785825,0.2955242,-0.879447,0.008761344,0.006440261,0.164328
11864,15,1,"Pepe","Mankey",-1,0.1618333,0.2157769,0.1618333,11863,0.004581824,0.004581824,0.004581824,false,1635001174,1.333328,1,1,1,0,0,0,0,0,"Normalized",false,"Combo_Getup02=1","",17,"Base HumanLPalm",0.2989409,0.4715168,-0.2106239,0.2989409,0.6358448,-0.2106239,0.0124843,0.01410556,0.164328
11864,15,1,"Pepe","Mankey",-1,0.1618333,0.2157769,0.1618333,11863,0.004581824,0.004581824,0.004581824,false,1635001174,1.333328,1,1,1,0,0,0,0,0,"Normalized",false,"Combo_Getup02=1","",18,"Base HumanRArmPalm",0.1649268,0.02679812,-0.9062809,0.1649268,0.191126,-0.9062809,0.01003379,0.01139783,0.1643279
11864,15,1,"Pepe","Mankey",-1,0.1618333,0.2157769,0.1618333,11863,0.004581824,0.004581824,0.004581824,false,1635001174,1.333328,1,1,1,0,0,0,0,0,"Normalized",false,"Combo_Getup02=1","",19,"Base HumanLLegDigit11",0.3084261,0.2312393,0.02719922,0.308426,0.3955673,0.02719921,0.01004024,0.01190678,0.164328
11864,15,1,"Pepe","Mankey",-1,0.1618333,0.2157769,0.1618333,11863,0.004581824,0.004581824,0.004581824,false,1635001174,1.333328,1,1,1,0,0,0,0,0,"Normalized",false,"Combo_Getup02=1","",20,"Base HumanRLegDigit11",0.7415785,0.4009689,-0.3904846,0.7415785,0.5652969,-0.3904846,0.01127481,0.01133049,0.164328
11864,15,1,"Pepe","Mankey",-1,0.1618333,0.2157769,0.1618333,11863,0.004581824,0.004581824,0.004581824,false,1635001174,1.333328,1,1,1,0,0,0,0,0,"Normalized",false,"Combo_Getup02=1","",21,"Object001",0.160522,0.7264837,-0.539754,0.160522,0.8908116,-0.539754,0.02169583,0.02215485,0.1643279
11864,15,1,"Pepe","Mankey",-1,0.1618333,0.2157769,0.1618333,11863,0.004581824,0.004581824,0.004581824,false,1635001174,1.333328,1,1,1,0,0,0,0,0,"Normalized",false,"Combo_Getup02=1","",22,"Monkey_eyes",0.3009568,0.6700584,-0.7544424,0.3009568,0.8343864,-0.7544425,0.02750881,0.02811565,0.164328
11864,15,1,"Pepe","Mankey",-1,0.1618333,0.2157769,0.1618333,11863,0.004581824,0.004581824,0.004581824,false,1635001174,1.333328,1,1,1,0,0,0,0,0,"Normalized",false,"Combo_Getup02=1","",23,"Base HumanHeadBone001",0.1606104,0.4930736,-0.638887,0.1606103,0.6574016,-0.638887,0.01899142,0.01947907,0.164328
11864,15,1,"Pepe","Mankey",-1,0.1618333,0.2157769,0.1618333,11863,0.004581824,0.004581824,0.004581824,false,1635001174,1.333328,1,1,1,0,0,0,0,0,"Normalized",false,"Combo_Getup02=1","",24,"Base HumanLDigit11",0.370628,0.4772167,-0.2254937,0.370628,0.6415446,-0.2254937,0.01397448,0.01570079,0.164328
11864,15,1,"Pepe","Mankey",-1,0.1618333,0.2157769,0.1618333,11863,0.004581824,0.004581824,0.004581824,false,1635001174,1.333328,1,1,1,0,0,0,0,0,"Normalized",false,"Combo_Getup02=1","",25,"Base HumanLDigit12",0.4144523,0.4676028,-0.2234967,0.4144522,0.6319309,-0.2234968,0.01472554,0.01652996,0.164328
11864,15,1,"Pepe","Mankey",-1,0.1618333,0.2157769,0.1618333,11863,0.004581824,0.004581824,0.004581824,false,1635001174,1.333328,1,1,1,0,0,0,0,0,"Normalized",false,"Combo_Getup02=1","",26,"Base HumanLDigit13",0.4504464,0.4572786,-0.213475,0.4504463,0.6216065,-0.2134749,0.01527433,0.01714141,0.1643279
11864,15,1,"Pepe","Mankey",-1,0.1618333,0.2157769,0.1618333,11863,0.004581824,0.004581824,0.004581824,false,1635001174,1.333328,1,1,1,0,0,0,0,0,"Normalized",false,"Combo_Getup02=1","",27,"Base HumanLDigit21",0.4304634,0.4881277,-0.1891845,0.4304633,0.6524556,-0.1891845,0.01493897,0.01675287,0.1643279
11864,15,1,"Pepe","Mankey",-1,0.1618333,0.2157769,0.1618333,11863,0.004581824,0.004581824,0.004581824,false,1635001174,1.333328,1,1,1,0,0,0,0,0,"Normalized",false,"Combo_Getup02=1","",28,"Base HumanLDigit22",0.4897371,0.4825969,-0.1775914,0.489737,0.6469249,-0.1775915,0.01596051,0.01784567,0.164328
11864,15,1,"Pepe","Mankey",-1,0.1618333,0.2157769,0.1618333,11863,0.004581824,0.004581824,0.004581824,false,1635001174,1.333328,1,1,1,0,0,0,0,0,"Normalized",false,"Combo_Getup02=1","",29,"Base HumanLDigit23",0.5383955,0.4610217,-0.1741183,0.5383955,0.6253497,-0.1741183,0.01676294,0.01872726,0.164328
11864,15,1,"Pepe","Mankey",-1,0.1618333,0.2157769,0.1618333,11863,0.004581824,0.004581824,0.004581824,false,1635001174,1.333328,1,1,1,0,0,0,0,0,"Normalized",false,"Combo_Getup02=1","",30,"Base HumanLDigit31",0.4194612,0.4636593,-0.140967,0.4194613,0.6279873,-0.140967,0.0141334,0.01598556,0.164328
11864,15,1,"Pepe","Mankey",-1,0.1618333,0.2157769,0.1618333,11863,0.004581824,0.004581824,0.004581824,false,1635001174,1.333328,1,1,1,0,0,0,0,0,"Normalized",false,"Combo_Getup02=1","",31,"Base HumanLDigit32",0.4694951,0.4573253,-0.1235989,0.4694953,0.6216533,-0.1235989,0.01497267,0.01689599,0.164328
11864,15,1,"Pepe","Mankey",-1,0.1618333,0.2157769,0.1618333,11863,0.004581824,0.004581824,0.004581824,false,1635001174,1.333328,1,1,1,0,0,0,0,0,"Normalized",false,"Combo_Getup02=1","",32,"Base HumanLDigit33",0.5173764,0.4327918,-0.1137147,0.5173764,0.5971199,-0.1137146,0.01575264,0.01776471,0.164328
11864,15,1,"Pepe","Mankey",-1,0.1618333,0.2157769,0.1618333,11863,0.004581824,0.004581824,0.004581824,false,1635001174,1.333328,1,1,1,0,0,0,0,0,"Normalized",false,"Combo_Getup02=1","",33,"Base HumanLDigit41",0.3815022,0.439451,-0.1010368,0.3815021,0.603779,-0.1010366,0.01287948,0.01473273,0.1643279
11864,15,1,"Pepe","Mankey",-1,0.1618333,0.2157769,0.1618333,11863,0.004581824,0.004581824,0.004581824,false,1635001174,1.333328,1,1,1,0,0,0,0,0,"Normalized",false,"Combo_Getup02=1","",34,"Base HumanLDigit42",0.4305376,0.4329388,-0.08107954,0.4305376,0.5972667,-0.08107951,0.01368952,0.0156207,0.1643279
11864,15,1,"Pepe","Mankey",-1,0.1618333,0.2157769,0.1618333,11863,0.004581824,0.004581824,0.004581824,false,1635001174,1.333328,1,1,1,0,0,0,0,0,"Normalized",false,"Combo_Getup02=1","",35,"Base HumanLDigit43",0.4781307,0.4089645,-0.06621446,0.4781308,0.5732924,-0.06621447,0.01446317,0.01649187,0.1643279
11864,15,1,"Pepe","Mankey",-1,0.1618333,0.2157769,0.1618333,11863,0.004581824,0.004581824,0.004581824,false,1635001174,1.333328,1,1,1,0,0,0,0,0,"Normalized",false,"Combo_Getup02=1","",36,"Base HumanRArmDigit11",0.2257023,0.0654102,-0.891857,0.2257023,0.2297381,-0.891857,0.01267285,0.01418906,0.1643279
11864,15,1,"Pepe","Mankey",-1,0.1618333,0.2157769,0.1618333,11863,0.004581824,0.004581824,0.004581824,false,1635001174,1.333328,1,1,1,0,0,0,0,0,"Normalized",false,"Combo_Getup02=1","",37,"Base HumanRArmDigit12",0.2693938,0.07553823,-0.8895207,0.2693937,0.2398662,-0.8895208,0.01358624,0.01521758,0.164328
11864,15,1,"Pepe","Mankey",-1,0.1618333,0.2157769,0.1618333,11863,0.004581824,0.004581824,0.004581824,false,1635001174,1.333328,1,1,1,0,0,0,0,0,"Normalized",false,"Combo_Getup02=1","",38,"Base HumanRArmDigit13",0.3074946,0.07838751,-0.8960627,0.3074946,0.2427155,-0.8960627,0.01381819,0.01551592,0.1643279
11864,15,1,"Pepe","Mankey",-1,0.1618333,0.2157769,0.1618333,11863,0.004581824,0.004581824,0.004581824,false,1635001174,1.333328,1,1,1,0,0,0,0,0,"Normalized",false,"Combo_Getup02=1","",39,"Base HumanRArmDigit21",0.2818868,0.08914932,-0.9278775,0.2818868,0.2534773,-0.9278775,0.01318148,0.01445619,0.164328
11864,15,1,"Pepe","Mankey",-1,0.1618333,0.2157769,0.1618333,11863,0.004581824,0.004581824,0.004581824,false,1635001174,1.333328,1,1,1,0,0,0,0,0,"Normalized",false,"Combo_Getup02=1","",40,"Base HumanRArmDigit22",0.3405896,0.1032367,-0.9336959,0.3405897,0.2675646,-0.9336959,0.01403589,0.01539701,0.1643279
11864,15,1,"Pepe","Mankey",-1,0.1618333,0.2157769,0.1618333,11863,0.004581824,0.004581824,0.004581824,false,1635001174,1.333328,1,1,1,0,0,0,0,0,"Normalized",false,"Combo_Getup02=1","",41,"Base HumanRArmDigit23",0.3935645,0.1018279,-0.9276255,0.3935645,0.2661558,-0.9276254,0.01483641,0.01642141,0.1643279
11864,15,1,"Pepe","Mankey",-1,0.1618333,0.2157769,0.1618333,11863,0.004581824,0.004581824,0.004581824,false,1635001174,1.333328,1,1,1,0,0,0,0,0,"Normalized",false,"Combo_Getup02=1","",42,"Base HumanRArmDigit31",0.2888662,0.04975021,-0.9658735,0.2888662,0.2140782,-0.9658735,0.01024685,0.01135692,0.1643279
11864,15,1,"Pepe","Mankey",-1,0.1618333,0.2157769,0.1618333,11863,0.004581824,0.004581824,0.004581824,false,1635001174,1.333328,1,1,1,0,0,0,0,0,"Normalized",false,"Combo_Getup02=1","",43,"Base HumanRArmDigit32",0.3400285,0.05794538,-0.9785402,0.3400286,0.2222733,-0.9785402,0.0106685,0.01182997,0.1643279
11864,15,1,"Pepe","Mankey",-1,0.1618333,0.2157769,0.1618333,11863,0.004581824,0.004581824,0.004581824,false,1635001174,1.333328,1,1,1,0,0,0,0,0,"Normalized",false,"Combo_Getup02=1","",44,"Base HumanRArmDigit33",0.3944802,0.0528256,-0.9795505,0.3944802,0.2171535,-0.9795505,0.01100235,0.01243998,0.1643279
11864,15,1,"Pepe","Mankey",-1,0.1618333,0.2157769,0.1618333,11863,0.004581824,0.004581824,0.004581824,false,1635001174,1.333328,1,1,1,0,0,0,0,0,"Normalized",false,"Combo_Getup02=1","",45,"Base HumanRArmDigit41",0.2698591,0.001850883,-0.9969501,0.2698593,0.1661788,-0.9969501,0.007422483,0.008193451,0.1643279
11864,15,1,"Pepe","Mankey",-1,0.1618333,0.2157769,0.1618333,11863,0.004581824,0.004581824,0.004581824,false,1635001174,1.333328,1,1,1,0,0,0,0,0,"Normalized",false,"Combo_Getup02=1","",46,"Base HumanRArmDigit42",0.3205743,0.008515282,-1.012074,0.3205743,0.1728433,-1.012074,0.007725891,0.008541277,0.164328
11864,15,1,"Pepe","Mankey",-1,0.1618333,0.2157769,0.1618333,11863,0.004581824,0.004581824,0.004581824,false,1635001174,1.333328,1,1,1,0,0,0,0,0,"Normalized",false,"Combo_Getup02=1","",47,"Base HumanRArmDigit43",0.3752052,0.00210278,-1.018013,0.3752052,0.1664307,-1.018013,0.007843377,0.008988148,0.1643279
11864,15,1,"Pepe","Mankey",-1,0.1618333,0.2157769,0.1618333,11863,0.004581824,0.004581824,0.004581824,false,1635001174,1.333328,1,1,1,0,0,0,0,0,"Normalized",false,"Combo_Getup02=1","",48,"Base HumanSpine4",-0.0710913,0.3603781,-0.6773856,-0.07109135,0.5247061,-0.6773857,0.01133014,0.01032354,0.1643279
11865,15,1,"Pepe","Mankey",-1,0.1652674,0.2203557,0.1652674,11864,0.004578829,0.004578826,0.004578826,false,1635001174,1.333328,1,1,1,0,0,0,0,0,"Normalized",false,"Combo_Getup02=1","",0,"Base HumanPelvis",0.0588448,0.05682221,-0.4895683,0.0588448,0.2182728,-0.4895683,0.001149926,0.002073985,0.1614505
11865,15,1,"Pepe","Mankey",-1,0.1652674,0.2203557,0.1652674,11864,0.004578829,0.004578826,0.004578826,false,1635001174,1.333328,1,1,1,0,0,0,0,0,"Normalized",false,"Combo_Getup02=1","",1,"Base HumanLLeg1",0.004787047,0.1025056,-0.391104,0.00478705,0.2639561,-0.391104,0.001680721,0.001779904,0.1614506
11865,15,1,"Pepe","Mankey",-1,0.1652674,0.2203557,0.1652674,11864,0.004578829,0.004578826,0.004578826,false,1635001174,1.333328,1,1,1,0,0,0,0,0,"Normalized",false,"Combo_Getup02=1","",2,"Base HumanRLeg1",0.1129026,0.01113882,-0.5880325,0.1129026,0.1725894,-0.5880325,0.0006240013,0.002450338,0.1614505
11865,15,1,"Pepe","Mankey",-1,0.1652674,0.2203557,0.1652674,11864,0.004578829,0.004578826,0.004578826,false,1635001174,1.333328,1,1,1,0,0,0,0,0,"Normalized",false,"Combo_Getup02=1","",3,"Base HumanLLeg2",-0.07047665,0.3950848,-0.1845862,-0.07047664,0.5565353,-0.1845862,0.006638847,0.005744162,0.1614505
11865,15,1,"Pepe","Mankey",-1,0.1652674,0.2203557,0.1652674,11864,0.004578829,0.004578826,0.004578826,false,1635001174,1.333328,1,1,1,0,0,0,0,0,"Normalized",false,"Combo_Getup02=1","",4,"Base HumanRLeg2",0.3782701,0.2609324,-0.5548654,0.37827,0.422383,-0.5548654,0.00688394,0.005275914,0.1614505
11865,15,1,"Pepe","Mankey",-1,0.1652674,0.2203557,0.1652674,11864,0.004578829,0.004578826,0.004578826,false,1635001174,1.333328,1,1,1,0,0,0,0,0,"Normalized",false,"Combo_Getup02=1","",5,"Base HumanLLegAnkle",0.1386195,0.1088714,-0.1700912,0.1386196,0.270322,-0.1700912,0.01020731,0.01101388,0.1614506
11865,15,1,"Pepe","Mankey",-1,0.1652674,0.2203557,0.1652674,11864,0.004578829,0.004578826,0.004578826,false,1635001174,1.333328,1,1,1,0,0,0,0,0,"Normalized",false,"Combo_Getup02=1","",6,"Base HumanRLegAnkle",0.6225364,0.1511831,-0.3221892,0.6225364,0.3126337,-0.3221892,0.010453,0.01071638,0.1614505
11865,15,1,"Pepe","Mankey",-1,0.1652674,0.2203557,0.1652674,11864,0.004578829,0.004578826,0.004578826,false,1635001174,1.333328,1,1,1,0,0,0,0,0,"Normalized",false,"Combo_Getup02=1","",7,"Base HumanSpine1",0.02552546,0.07399186,-0.5158269,0.02552546,0.2354424,-0.5158269,0.00181708,0.001536249,0.1614506
11865,15,1,"Pepe","Mankey",-1,0.1652674,0.2203557,0.1652674,11864,0.004578829,0.004578826,0.004578826,false,1635001174,1.333328,1,1,1,0,0,0,0,0,"Normalized",false,"Combo_Getup02=1","",8,"Base HumanSpine3",-0.07940958,0.258264,-0.6269414,-0.07940957,0.4197145,-0.6269414,0.007624332,0.006037426,0.1614506
11865,15,1,"Pepe","Mankey",-1,0.1652674,0.2203557,0.1652674,11864,0.004578829,0.004578826,0.004578826,false,1635001174,1.333328,1,1,1,0,0,0,0,0,"Normalized",false,"Combo_Getup02=1","",9,"Base HumanNeck1",0.01375394,0.4950774,-0.7445124,0.01375399,0.6565279,-0.7445123,0.01672755,0.01655067,0.1614505
11865,15,1,"Pepe","Mankey",-1,0.1652674,0.2203557,0.1652674,11864,0.004578829,0.004578826,0.004578826,false,1635001174,1.333328,1,1,1,0,0,0,0,0,"Normalized",false,"Combo_Getup02=1","",10,"Base HumanHead",0.07217278,0.631874,-0.7414895,0.07217278,0.7933245,-0.7414894,0.02270085,0.02286056,0.1614505
11865,15,1,"Pepe","Mankey",-1,0.1652674,0.2203557,0.1652674,11864,0.004578829,0.004578826,0.004578826,false,1635001174,1.333328,1,1,1,0,0,0,0,0,"Normalized",false,"Combo_Getup02=1","",11,"Base HumanLCollarbone",0.08954157,0.4194514,-0.7080765,0.08954163,0.580902,-0.7080765,0.01297569,0.01361908,0.1614506
11865,15,1,"Pepe","Mankey",-1,0.1652674,0.2203557,0.1652674,11864,0.004578829,0.004578826,0.004578826,false,1635001174,1.333328,1,1,1,0,0,0,0,0,"Normalized",false,"Combo_Getup02=1","",12,"Base HumanRArmCollarbone",0.07290843,0.4004042,-0.7626327,0.07290845,0.5618547,-0.7626326,0.01228051,0.01266259,0.1614506
11865,15,1,"Pepe","Mankey",-1,0.1652674,0.2203557,0.1652674,11864,0.004578829,0.004578826,0.004578826,false,1635001174,1.333328,1,1,1,0,0,0,0,0,"Normalized",false,"Combo_Getup02=1","",13,"Base HumanLUpperarm",0.06061333,0.5548666,-0.5472189,0.06061335,0.7163171,-0.5472189,0.01828297,0.01876363,0.1614506
11865,15,1,"Pepe","Mankey",-1,0.1652674,0.2203557,0.1652674,11864,0.004578829,0.004578826,0.004578826,false,1635001174,1.333328,1,1,1,0,0,0,0,0,"Normalized",false,"Combo_Getup02=1","",14,"Base HumanRArmUpperarm",-0.04079338,0.4123163,-0.9414605,-0.04079332,0.5737669,-0.9414605,0.01583835,0.01484259,0.1614506
11865,15,1,"Pepe","Mankey",-1,0.1652674,0.2203557,0.1652674,11864,0.004578829,0.004578826,0.004578826,false,1635001174,1.333328,1,1,1,0,0,0,0,0,"Normalized",false,"Combo_Getup02=1","",15,"Base HumanLForearm",0.06408431,0.5191916,-0.2676599,0.06408435,0.6806421,-0.2676598,0.01036573,0.01156942,0.1614505
11865,15,1,"Pepe","Mankey",-1,0.1652674,0.2203557,0.1652674,11864,0.004578829,0.004578826,0.004578826,false,1635001174,1.333328,1,1,1,0,0,0,0,0,"Normalized",false,"Combo_Getup02=1","",16,"Base HumanRArmForearm",-0.06484549,0.1390858,-0.876615,-0.06484555,0.3005363,-0.8766149,0.008907421,0.006497633,0.1614505
11865,15,1,"Pepe","Mankey",-1,0.1652674,0.2203557,0.1652674,11864,0.004578829,0.004578826,0.004578826,false,1635001174,1.333328,1,1,1,0,0,0,0,0,"Normalized",false,"Combo_Getup02=1","",17,"Base HumanLPalm",0.3065042,0.4648296,-0.2037431,0.3065042,0.6262802,-0.2037429,0.01221745,0.0140011,0.1614506
11865,15,1,"Pepe","Mankey",-1,0.1652674,0.2203557,0.1652674,11864,0.004578829,0.004578826,0.004578826,false,1635001174,1.333328,1,1,1,0,0,0,0,0,"Normalized",false,"Combo_Getup02=1","",18,"Base HumanRArmPalm",0.162917,0.02293889,-0.8976384,0.162917,0.1843894,-0.8976383,0.009676022,0.01114072,0.1614505
11865,15,1,"Pepe","Mankey",-1,0.1652674,0.2203557,0.1652674,11864,0.004578829,0.004578826,0.004578826,false,1635001174,1.333328,1,1,1,0,0,0,0,0,"Normalized",false,"Combo_Getup02=1","",19,"Base HumanLLegDigit11",0.3006975,0.2249466,0.02772109,0.3006975,0.3863972,0.02772111,0.009980001,0.01200389,0.1614505
11865,15,1,"Pepe","Mankey",-1,0.1652674,0.2203557,0.1652674,11864,0.004578829,0.004578826,0.004578826,false,1635001174,1.333328,1,1,1,0,0,0,0,0,"Normalized",false,"Combo_Getup02=1","",20,"Base HumanRLegDigit11",0.7318218,0.4020555,-0.3853715,0.7318218,0.5635061,-0.3853715,0.01106877,0.01115993,0.1614506
11865,15,1,"Pepe","Mankey",-1,0.1652674,0.2203557,0.1652674,11864,0.004578829,0.004578826,0.004578826,false,1635001174,1.333328,1,1,1,0,0,0,0,0,"Normalized",false,"Combo_Getup02=1","",21,"Object001",0.1791156,0.7236056,-0.5306826,0.1791157,0.8850561,-0.5306826,0.02088771,0.02147423,0.1614506
11865,15,1,"Pepe","Mankey",-1,0.1652674,0.2203557,0.1652674,11864,0.004578829,0.004578826,0.004578826,false,1635001174,1.333328,1,1,1,0,0,0,0,0,"Normalized",false,"Combo_Getup02=1","",22,"Monkey_eyes",0.323725,0.6647387,-0.7419163,0.323725,0.8261893,-0.7419162,0.02652533,0.02724867,0.1614506
11865,15,1,"Pepe","Mankey",-1,0.1652674,0.2203557,0.1652674,11864,0.004578829,0.004578826,0.004578826,false,1635001174,1.333328,1,1,1,0,0,0,0,0,"Normalized",false,"Combo_Getup02=1","",23,"Base HumanHeadBone001",0.1766318,0.4905411,-0.6305945,0.1766317,0.6519917,-0.6305945,0.01821718,0.01883405,0.1614506
11865,15,1,"Pepe","Mankey",-1,0.1652674,0.2203557,0.1652674,11864,0.004578829,0.004578826,0.004578826,false,1635001174,1.333328,1,1,1,0,0,0,0,0,"Normalized",false,"Combo_Getup02=1","",24,"Base HumanLDigit11",0.3784542,0.4691499,-0.2177845,0.3784542,0.6306005,-0.2177844,0.01362912,0.01550662,0.1614506
11865,15,1,"Pepe","Mankey",-1,0.1652674,0.2203557,0.1652674,11864,0.004578829,0.004578826,0.004578826,false,1635001174,1.333328,1,1,1,0,0,0,0,0,"Normalized",false,"Combo_Getup02=1","",25,"Base HumanLDigit12",0.4220481,0.4586533,-0.2152584,0.422048,0.6201039,-0.2152583,0.01434088,0.01629252,0.1614506
11865,15,1,"Pepe","Mankey",-1,0.1652674,0.2203557,0.1652674,11864,0.004578829,0.004578826,0.004578826,false,1635001174,1.333328,1,1,1,0,0,0,0,0,"Normalized",false,"Combo_Getup02=1","",26,"Base HumanLDigit13",0.4577146,0.4476233,-0.2048256,0.4577146,0.6090739,-0.2048256,0.01486141,0.01687325,0.1614506
11865,15,1,"Pepe","Mankey",-1,0.1652674,0.2203557,0.1652674,11864,0.004578829,0.004578826,0.004578826,false,1635001174,1.333328,1,1,1,0,0,0,0,0,"Normalized",false,"Combo_Getup02=1","",27,"Base HumanLDigit21",0.4380604,0.4789737,-0.1807942,0.4380603,0.6404243,-0.1807942,0.0145571,0.01651869,0.1614506
11865,15,1,"Pepe","Mankey",-1,0.1652674,0.2203557,0.1652674,11864,0.004578829,0.004578826,0.004578826,false,1635001174,1.333328,1,1,1,0,0,0,0,0,"Normalized",false,"Combo_Getup02=1","",28,"Base HumanLDigit22",0.4970838,0.4723766,-0.1685028,0.4970838,0.6338273,-0.1685027,0.01552522,0.01755358,0.1614507
11865,15,1,"Pepe","Mankey",-1,0.1652674,0.2203557,0.1652674,11864,0.004578829,0.004578826,0.004578826,false,1635001174,1.333328,1,1,1,0,0,0,0,0,"Normalized",false,"Combo_Getup02=1","",29,"Base HumanLDigit23",0.5452397,0.4497827,-0.1645381,0.5452398,0.6112332,-0.1645381,0.01627694,0.01838206,0.1614506
11865,15,1,"Pepe","Mankey",-1,0.1652674,0.2203557,0.1652674,11864,0.004578829,0.004578826,0.004578826,false,1635001174,1.333328,1,1,1,0,0,0,0,0,"Normalized",false,"Combo_Getup02=1","",30,"Base HumanLDigit31",0.4260372,0.4547828,-0.1326805,0.4260371,0.6162333,-0.1326805,0.01380948,0.01581341,0.1614505
11865,15,1,"Pepe","Mankey",-1,0.1652674,0.2203557,0.1652674,11864,0.004578829,0.004578826,0.004578826,false,1635001174,1.333328,1,1,1,0,0,0,0,0,"Normalized",false,"Combo_Getup02=1","",31,"Base HumanLDigit32",0.4757546,0.4475013,-0.1147831,0.4757548,0.6089519,-0.1147829,0.01460861,0.01668023,0.1614506
11865,15,1,"Pepe","Mankey",-1,0.1652674,0.2203557,0.1652674,11864,0.004578829,0.004578826,0.004578826,false,1635001174,1.333328,1,1,1,0,0,0,0,0,"Normalized",false,"Combo_Getup02=1","",32,"Base HumanLDigit33",0.5229895,0.4219157,-0.1044656,0.5229895,0.5833662,-0.1044655,0.01534094,0.01749903,0.1614506
11865,15,1,"Pepe","Mankey",-1,0.1652674,0.2203557,0.1652674,11864,0.004578829,0.004578826,0.004578826,false,1635001174,1.333328,1,1,1,0,0,0,0,0,"Normalized",false,"Combo_Getup02=1","",33,"Base HumanLDigit41",0.387165,0.4313518,-0.09316736,0.3871649,0.5928024,-0.09316722,0.01263297,0.01464513,0.1614506
11865,15,1,"Pepe","Mankey",-1,0.1652674,0.2203557,0.1652674,11864,0.004578829,0.004578826,0.004578826,false,1635001174,1.333328,1,1,1,0,0,0,0,0,"Normalized",false,"Combo_Getup02=1","",34,"Base HumanLDigit42",0.4358693,0.4239026,-0.07273291,0.4358692,0.5853532,-0.0727329,0.01340694,0.01549273,0.1614506
11865,15,1,"Pepe","Mankey",-1,0.1652674,0.2203557,0.1652674,11864,0.004578829,0.004578826,0.004578826,false,1635001174,1.333328,1,1,1,0,0,0,0,0,"Normalized",false,"Combo_Getup02=1","",35,"Base HumanLDigit43",0.48279,0.3988634,-0.05749043,0.4827899,0.5603141,-0.05749041,0.01413681,0.01631724,0.1614507
11865,15,1,"Pepe","Mankey",-1,0.1652674,0.2203557,0.1652674,11864,0.004578829,0.004578826,0.004578826,false,1635001174,1.333328,1,1,1,0,0,0,0,0,"Normalized",false,"Combo_Getup02=1","",36,"Base HumanRArmDigit11",0.2246206,0.05930773,-0.8814339,0.2246206,0.2207582,-0.881434,0.01212649,0.0138003,0.1614505
11865,15,1,"Pepe","Mankey",-1,0.1652674,0.2203557,0.1652674,11864,0.004578829,0.004578826,0.004578826,false,1635001174,1.333328,1,1,1,0,0,0,0,0,"Normalized",false,"Combo_Getup02=1","",37,"Base HumanRArmDigit12",0.2685562,0.06824305,-0.8788258,0.2685563,0.2296936,-0.8788259,0.0129731,0.01478392,0.1614505
11865,15,1,"Pepe","Mankey",-1,0.1652674,0.2203557,0.1652674,11864,0.004578829,0.004578826,0.004578826,false,1635001174,1.333328,1,1,1,0,0,0,0,0,"Normalized",false,"Combo_Getup02=1","",38,"Base HumanRArmDigit13",0.3066718,0.07054941,-0.8854942,0.3066719,0.2320001,-0.8854941,0.01318355,0.01507291,0.1614506
11865,15,1,"Pepe","Mankey",-1,0.1652674,0.2203557,0.1652674,11864,0.004578829,0.004578826,0.004578826,false,1635001174,1.333328,1,1,1,0,0,0,0,0,"Normalized",false,"Combo_Getup02=1","",39,"Base HumanRArmDigit21",0.2811023,0.08387531,-0.916419,0.2811024,0.2453259,-0.9164189,0.01263836,0.01408402,0.1614506
11865,15,1,"Pepe","Mankey",-1,0.1652674,0.2203557,0.1652674,11864,0.004578829,0.004578826,0.004578826,false,1635001174,1.333328,1,1,1,0,0,0,0,0,"Normalized",false,"Combo_Getup02=1","",40,"Base HumanRArmDigit22",0.3400635,0.09701594,-0.9218264,0.3400636,0.2584665,-0.9218264,0.01341123,0.01496458,0.1614506
11865,15,1,"Pepe","Mankey",-1,0.1652674,0.2203557,0.1652674,11864,0.004578829,0.004578826,0.004578826,false,1635001174,1.333328,1,1,1,0,0,0,0,0,"Normalized",false,"Combo_Getup02=1","",41,"Base HumanRArmDigit23",0.3929881,0.09388088,-0.9159676,0.3929882,0.2553314,-0.9159676,0.0141207,0.0159187,0.1614505
11865,15,1,"Pepe","Mankey",-1,0.1652674,0.2203557,0.1652674,11864,0.004578829,0.004578826,0.004578826,false,1635001174,1.333328,1,1,1,0,0,0,0,0,"Normalized",false,"Combo_Getup02=1","",42,"Base HumanRArmDigit31",0.2869775,0.04661676,-0.9566929,0.2869775,0.2080673,-0.9566928,0.009882833,0.01113477,0.1614506
11865,15,1,"Pepe","Mankey",-1,0.1652674,0.2203557,0.1652674,11864,0.004578829,0.004578826,0.004578826,false,1635001174,1.333328,1,1,1,0,0,0,0,0,"Normalized",false,"Combo_Getup02=1","",43,"Base HumanRArmDigit32",0.3382716,0.05434905,-0.9691148,0.3382717,0.2157997,-0.9691148,0.01024003,0.01156862,0.1614506
11865,15,1,"Pepe","Mankey",-1,0.1652674,0.2203557,0.1652674,11864,0.004578829,0.004578826,0.004578826,false,1635001174,1.333328,1,1,1,0,0,0,0,0,"Normalized",false,"Combo_Getup02=1","",44,"Base HumanRArmDigit33",0.3925671,0.04784784,-0.970517,0.392567,0.2092985,-0.9705169,0.01049005,0.012123,0.1614507
11865,15,1,"Pepe","Mankey",-1,0.1652674,0.2203557,0.1652674,11864,0.004578829,0.004578826,0.004578826,false,1635001174,1.333328,1,1,1,0,0,0,0,0,"Normalized",false,"Combo_Getup02=1","",45,"Base HumanRArmDigit41",0.2667254,0.001038205,-0.9903651,0.2667255,0.1624888,-0.990365,0.007337744,0.00817317,0.1614506
11865,15,1,"Pepe","Mankey",-1,0.1652674,0.2203557,0.1652674,11864,0.004578829,0.004578826,0.004578826,false,1635001174,1.333328,1,1,1,0,0,0,0,0,"Normalized",false,"Combo_Getup02=1","",46,"Base HumanRArmDigit42",0.3175588,0.007394088,-1.005223,0.3175589,0.1688447,-1.005223,0.007568851,0.008486561,0.1614506
11865,15,1,"Pepe","Mankey",-1,0.1652674,0.2203557,0.1652674,11864,0.004578829,0.004578826,0.004578826,false,1635001174,1.333328,1,1,1,0,0,0,0,0,"Normalized",false,"Combo_Getup02=1","",47,"Base HumanRArmDigit43",0.3720105,-0.0001369306,-1.011486,0.3720106,0.1613137,-1.011486,0.007604758,0.008888321,0.1614506
11865,15,1,"Pepe","Mankey",-1,0.1652674,0.2203557,0.1652674,11864,0.004578829,0.004578826,0.004578826,false,1635001174,1.333328,1,1,1,0,0,0,0,0,"Normalized",false,"Combo_Getup02=1","",48,"Base HumanSpine4",-0.06136325,0.3654911,-0.6763679,-0.06136325,0.5269416,-0.6763679,0.01103687,0.01003342,0.1614505
11866,15,1,"Pepe","Mankey",-1,0.1688084,0.225077,0.1688084,11865,0.004721284,0.004721294,0.004721294,false,1635001174,1.333328,1,1,1,0,0,0,0,0,"Normalized",false,"Combo_Getup02=1","",0,"Base HumanPelvis",0.0586072,0.05780626,-0.4902162,0.05860719,0.2163077,-0.4902162,0.001201917,0.002082729,0.1585014
11866,15,1,"Pepe","Mankey",-1,0.1688084,0.225077,0.1688084,11865,0.004721284,0.004721294,0.004721294,false,1635001174,1.333328,1,1,1,0,0,0,0,0,"Normalized",false,"Combo_Getup02=1","",1,"Base HumanLLeg1",0.004482976,0.1039084,-0.3919838,0.004482977,0.2624098,-0.3919839,0.001683622,0.001804904,0.1585014
11866,15,1,"Pepe","Mankey",-1,0.1688084,0.225077,0.1688084,11865,0.004721284,0.004721294,0.004721294,false,1635001174,1.333328,1,1,1,0,0,0,0,0,"Normalized",false,"Combo_Getup02=1","",2,"Base HumanRLeg1",0.1127314,0.01170409,-0.5884485,0.1127314,0.1702055,-0.5884485,0.0007223645,0.002425914,0.1585014
11866,15,1,"Pepe","Mankey",-1,0.1688084,0.225077,0.1688084,11865,0.004721284,0.004721294,0.004721294,false,1635001174,1.333328,1,1,1,0,0,0,0,0,"Normalized",false,"Combo_Getup02=1","",3,"Base HumanLLeg2",-0.07332957,0.3984762,-0.1892725,-0.07332951,0.5569776,-0.1892725,0.00644995,0.005504217,0.1585014
11866,15,1,"Pepe","Mankey",-1,0.1688084,0.225077,0.1688084,11865,0.004721284,0.004721294,0.004721294,false,1635001174,1.333328,1,1,1,0,0,0,0,0,"Normalized",false,"Combo_Getup02=1","",4,"Base HumanRLeg2",0.3743015,0.2658159,-0.5580321,0.3743015,0.4243173,-0.5580322,0.007044572,0.005433192,0.1585014
11866,15,1,"Pepe","Mankey",-1,0.1688084,0.225077,0.1688084,11865,0.004721284,0.004721294,0.004721294,false,1635001174,1.333328,1,1,1,0,0,0,0,0,"Normalized",false,"Combo_Getup02=1","",5,"Base HumanLLegAnkle",0.1284085,0.1072588,-0.1707346,0.1284085,0.2657602,-0.1707346,0.01035762,0.01120223,0.1585014
11866,15,1,"Pepe","Mankey",-1,0.1688084,0.225077,0.1688084,11865,0.004721284,0.004721294,0.004721294,false,1635001174,1.333328,1,1,1,0,0,0,0,0,"Normalized",false,"Combo_Getup02=1","",6,"Base HumanRLegAnkle",0.6119688,0.1516157,-0.3207099,0.6119687,0.3101171,-0.3207099,0.01067947,0.01096344,0.1585014
11866,15,1,"Pepe","Mankey",-1,0.1688084,0.225077,0.1688084,11865,0.004721284,0.004721294,0.004721294,false,1635001174,1.333328,1,1,1,0,0,0,0,0,"Normalized",false,"Combo_Getup02=1","",7,"Base HumanSpine1",0.02581386,0.07567415,-0.5166704,0.02581386,0.2341756,-0.5166704,0.001903886,0.001549085,0.1585014
11866,15,1,"Pepe","Mankey",-1,0.1688084,0.225077,0.1688084,11865,0.004721284,0.004721294,0.004721294,false,1635001174,1.333328,1,1,1,0,0,0,0,0,"Normalized",false,"Combo_Getup02=1","",8,"Base HumanSpine3",-0.07367597,0.2634832,-0.6268682,-0.07367599,0.4219846,-0.6268682,0.007753688,0.006167052,0.1585014
11866,15,1,"Pepe","Mankey",-1,0.1688084,0.225077,0.1688084,11865,0.004721284,0.004721294,0.004721294,false,1635001174,1.333328,1,1,1,0,0,0,0,0,"Normalized",false,"Combo_Getup02=1","",9,"Base HumanNeck1",0.02998103,0.4972077,-0.7412648,0.02998107,0.6557091,-0.7412648,0.01668541,0.01656909,0.1585015
11866,15,1,"Pepe","Mankey",-1,0.1688084,0.225077,0.1688084,11865,0.004721284,0.004721294,0.004721294,false,1635001174,1.333328,1,1,1,0,0,0,0,0,"Normalized",false,"Combo_Getup02=1","",10,"Base HumanHead",0.09380452,0.6314539,-0.734964,0.09380457,0.7899554,-0.734964,0.02259845,0.02284438,0.1585014
11866,15,1,"Pepe","Mankey",-1,0.1688084,0.225077,0.1688084,11865,0.004721284,0.004721294,0.004721294,false,1635001174,1.333328,1,1,1,0,0,0,0,0,"Normalized",false,"Combo_Getup02=1","",11,"Base HumanLCollarbone",0.1019411,0.4177613,-0.7052004,0.1019412,0.5762628,-0.7052004,0.01284045,0.0135478,0.1585015
11866,15,1,"Pepe","Mankey",-1,0.1688084,0.225077,0.1688084,11865,0.004721284,0.004721294,0.004721294,false,1635001174,1.333328,1,1,1,0,0,0,0,0,"Normalized",false,"Combo_Getup02=1","",12,"Base HumanRArmCollarbone",0.08481976,0.4001013,-0.7600713,0.08481978,0.5586028,-0.7600713,0.01218737,0.01261013,0.1585014
11866,15,1,"Pepe","Mankey",-1,0.1688084,0.225077,0.1688084,11865,0.004721284,0.004721294,0.004721294,false,1635001174,1.333328,1,1,1,0,0,0,0,0,"Normalized",false,"Combo_Getup02=1","",13,"Base HumanLUpperarm",0.07817008,0.5526454,-0.543057,0.0781701,0.7111468,-0.543057,0.01817952,0.01876948,0.1585014
11866,15,1,"Pepe","Mankey",-1,0.1688084,0.225077,0.1688084,11865,0.004721284,0.004721294,0.004721294,false,1635001174,1.333328,1,1,1,0,0,0,0,0,"Normalized",false,"Combo_Getup02=1","",14,"Base HumanRArmUpperarm",-0.02634859,0.418964,-0.9398912,-0.02634861,0.5774655,-0.9398913,0.01597833,0.01499306,0.1585014
11866,15,1,"Pepe","Mankey",-1,0.1688084,0.225077,0.1688084,11865,0.004721284,0.004721294,0.004721294,false,1635001174,1.333328,1,1,1,0,0,0,0,0,"Normalized",false,"Combo_Getup02=1","",15,"Base HumanLForearm",0.07287857,0.5154113,-0.2637299,0.0728786,0.6739127,-0.2637299,0.01034772,0.01175026,0.1585014
11866,15,1,"Pepe","Mankey",-1,0.1688084,0.225077,0.1688084,11865,0.004721284,0.004721294,0.004721294,false,1635001174,1.333328,1,1,1,0,0,0,0,0,"Normalized",false,"Combo_Getup02=1","",16,"Base HumanRArmForearm",-0.06117949,0.14717,-0.8739125,-0.06117947,0.3056714,-0.8739125,0.009278907,0.006863815,0.1585014
11866,15,1,"Pepe","Mankey",-1,0.1688084,0.225077,0.1688084,11865,0.004721284,0.004721294,0.004721294,false,1635001174,1.333328,1,1,1,0,0,0,0,0,"Normalized",false,"Combo_Getup02=1","",17,"Base HumanLPalm",0.3136584,0.4577306,-0.1966034,0.3136585,0.616232,-0.1966035,0.01235124,0.01425212,0.1585014
11866,15,1,"Pepe","Mankey",-1,0.1688084,0.225077,0.1688084,11865,0.004721284,0.004721294,0.004721294,false,1635001174,1.333328,1,1,1,0,0,0,0,0,"Normalized",false,"Combo_Getup02=1","",18,"Base HumanRArmPalm",0.1604616,0.01889441,-0.8890265,0.1604616,0.1773958,-0.8890266,0.009826046,0.0113623,0.1585014
11866,15,1,"Pepe","Mankey",-1,0.1688084,0.225077,0.1688084,11865,0.004721284,0.004721294,0.004721294,false,1635001174,1.333328,1,1,1,0,0,0,0,0,"Normalized",false,"Combo_Getup02=1","",19,"Base HumanLLegDigit11",0.2928819,0.218303,0.02798656,0.292882,0.3768044,0.02798647,0.01026119,0.01237636,0.1585014
11866,15,1,"Pepe","Mankey",-1,0.1688084,0.225077,0.1688084,11865,0.004721284,0.004721294,0.004721294,false,1635001174,1.333328,1,1,1,0,0,0,0,0,"Normalized",false,"Combo_Getup02=1","",20,"Base HumanRLegDigit11",0.7217449,0.4030913,-0.3805556,0.7217449,0.5615926,-0.3805556,0.01121646,0.01133128,0.1585014
11866,15,1,"Pepe","Mankey",-1,0.1688084,0.225077,0.1688084,11865,0.004721284,0.004721294,0.004721294,false,1635001174,1.333328,1,1,1,0,0,0,0,0,"Normalized",false,"Combo_Getup02=1","",21,"Object001",0.1972573,0.7201032,-0.5211187,0.1972573,0.8786047,-0.5211187,0.02080515,0.02149897,0.1585014
11866,15,1,"Pepe","Mankey",-1,0.1688084,0.225077,0.1688084,11865,0.004721284,0.004721294,0.004721294,false,1635001174,1.333328,1,1,1,0,0,0,0,0,"Normalized",false,"Combo_Getup02=1","",22,"Monkey_eyes",0.3459447,0.6587659,-0.7287881,0.3459448,0.8172674,-0.7287881,0.02649039,0.02730694,0.1585014
11866,15,1,"Pepe","Mankey",-1,0.1688084,0.225077,0.1688084,11865,0.004721284,0.004721294,0.004721294,false,1635001174,1.333328,1,1,1,0,0,0,0,0,"Normalized",false,"Combo_Getup02=1","",23,"Base HumanHeadBone001",0.1922376,0.487484,-0.6219687,0.1922376,0.6459854,-0.6219687,0.01809123,0.01881548,0.1585014
11866,15,1,"Pepe","Mankey",-1,0.1688084,0.225077,0.1688084,11865,0.004721284,0.004721294,0.004721294,false,1635001174,1.333328,1,1,1,0,0,0,0,0,"Normalized",false,"Combo_Getup02=1","",24,"Base HumanLDigit11",0.3858409,0.4607433,-0.2097659,0.3858409,0.6192447,-0.2097659,0.01376705,0.01574214,0.1585014
11866,15,1,"Pepe","Mankey",-1,0.1688084,0.225077,0.1688084,11865,0.004721284,0.004721294,0.004721294,false,1635001174,1.333328,1,1,1,0,0,0,0,0,"Normalized",false,"Combo_Getup02=1","",25,"Base HumanLDigit12",0.429188,0.4494037,-0.2066959,0.429188,0.6079051,-0.2066959,0.01448616,0.01652585,0.1585014
11866,15,1,"Pepe","Mankey",-1,0.1688084,0.225077,0.1688084,11865,0.004721284,0.004721294,0.004721294,false,1635001174,1.333328,1,1,1,0,0,0,0,0,"Normalized",false,"Combo_Getup02=1","",26,"Base HumanLDigit13",0.4645119,0.4376958,-0.1958447,0.464512,0.5961973,-0.1958447,0.01501382,0.01710749,0.1585015
11866,15,1,"Pepe","Mankey",-1,0.1688084,0.225077,0.1688084,11865,0.004721284,0.004721294,0.004721294,false,1635001174,1.333328,1,1,1,0,0,0,0,0,"Normalized",false,"Combo_Getup02=1","",27,"Base HumanLDigit21",0.4451588,0.4695051,-0.1720524,0.4451587,0.6280065,-0.1720525,0.0147125,0.01676317,0.1585014
11866,15,1,"Pepe","Mankey",-1,0.1688084,0.225077,0.1688084,11865,0.004721284,0.004721294,0.004721294,false,1635001174,1.333328,1,1,1,0,0,0,0,0,"Normalized",false,"Combo_Getup02=1","",28,"Base HumanLDigit22",0.5039034,0.4618897,-0.1590356,0.5039035,0.620391,-0.1590357,0.01568789,0.01779511,0.1585014
11866,15,1,"Pepe","Mankey",-1,0.1688084,0.225077,0.1688084,11865,0.004721284,0.004721294,0.004721294,false,1635001174,1.333328,1,1,1,0,0,0,0,0,"Normalized",false,"Combo_Getup02=1","",29,"Base HumanLDigit23",0.5515476,0.4383237,-0.1545791,0.5515478,0.5968251,-0.1545789,0.01644021,0.01861636,0.1585014
11866,15,1,"Pepe","Mankey",-1,0.1688084,0.225077,0.1688084,11865,0.004721284,0.004721294,0.004721294,false,1635001174,1.333328,1,1,1,0,0,0,0,0,"Normalized",false,"Combo_Getup02=1","",30,"Base HumanLDigit31",0.4321136,0.4455576,-0.1240835,0.4321136,0.604059,-0.1240836,0.01399768,0.0160948,0.1585014
11866,15,1,"Pepe","Mankey",-1,0.1688084,0.225077,0.1688084,11865,0.004721284,0.004721294,0.004721294,false,1635001174,1.333328,1,1,1,0,0,0,0,0,"Normalized",false,"Combo_Getup02=1","",31,"Base HumanLDigit32",0.4814873,0.4373622,-0.1056381,0.4814875,0.5958636,-0.1056382,0.0148086,0.01696442,0.1585014
11866,15,1,"Pepe","Mankey",-1,0.1688084,0.225077,0.1688084,11865,0.004721284,0.004721294,0.004721294,false,1635001174,1.333328,1,1,1,0,0,0,0,0,"Normalized",false,"Combo_Getup02=1","",32,"Base HumanLDigit33",0.5280643,0.4107662,-0.09489353,0.5280645,0.5692677,-0.09489354,0.01554629,0.01778051,0.1585014
11866,15,1,"Pepe","Mankey",-1,0.1688084,0.225077,0.1688084,11865,0.004721284,0.004721294,0.004721294,false,1635001174,1.333328,1,1,1,0,0,0,0,0,"Normalized",false,"Combo_Getup02=1","",33,"Base HumanLDigit41",0.3923446,0.4228512,-0.08504257,0.3923447,0.5813528,-0.08504257,0.01284912,0.01496443,0.1585015
11866,15,1,"Pepe","Mankey",-1,0.1688084,0.225077,0.1688084,11865,0.004721284,0.004721294,0.004721294,false,1635001174,1.333328,1,1,1,0,0,0,0,0,"Normalized",false,"Combo_Getup02=1","",34,"Base HumanLDigit42",0.4406906,0.414495,-0.06411418,0.4406907,0.5729964,-0.06411415,0.01363932,0.01581836,0.1585014
11866,15,1,"Pepe","Mankey",-1,0.1688084,0.225077,0.1688084,11865,0.004721284,0.004721294,0.004721294,false,1635001174,1.333328,1,1,1,0,0,0,0,0,"Normalized",false,"Combo_Getup02=1","",35,"Base HumanLDigit43",0.4869247,0.3884274,-0.04850187,0.4869247,0.5469287,-0.04850191,0.0143805,0.01664505,0.1585013
11866,15,1,"Pepe","Mankey",-1,0.1688084,0.225077,0.1688084,11865,0.004721284,0.004721294,0.004721294,false,1635001174,1.333328,1,1,1,0,0,0,0,0,"Normalized",false,"Combo_Getup02=1","",36,"Base HumanRArmDigit11",0.2230744,0.0528809,-0.8712173,0.2230745,0.2113823,-0.8712174,0.01216856,0.01395267,0.1585014
11866,15,1,"Pepe","Mankey",-1,0.1688084,0.225077,0.1688084,11865,0.004721284,0.004721294,0.004721294,false,1635001174,1.333328,1,1,1,0,0,0,0,0,"Normalized",false,"Combo_Getup02=1","",37,"Base HumanRArmDigit12",0.2672309,0.06059676,-0.8684521,0.267231,0.2190981,-0.8684522,0.01295521,0.01488738,0.1585014
11866,15,1,"Pepe","Mankey",-1,0.1688084,0.225077,0.1688084,11865,0.004721284,0.004721294,0.004721294,false,1635001174,1.333328,1,1,1,0,0,0,0,0,"Normalized",false,"Combo_Getup02=1","",38,"Base HumanRArmDigit13",0.3053395,0.06237083,-0.8753207,0.3053395,0.2208723,-0.8753208,0.0131212,0.01513604,0.1585014
11866,15,1,"Pepe","Mankey",-1,0.1688084,0.225077,0.1688084,11865,0.004721284,0.004721294,0.004721294,false,1635001174,1.333328,1,1,1,0,0,0,0,0,"Normalized",false,"Combo_Getup02=1","",39,"Base HumanRArmDigit21",0.2798457,0.07823134,-0.9051595,0.2798458,0.2367328,-0.9051596,0.01265734,0.01421945,0.1585014
11866,15,1,"Pepe","Mankey",-1,0.1688084,0.225077,0.1688084,11865,0.004721284,0.004721294,0.004721294,false,1635001174,1.333328,1,1,1,0,0,0,0,0,"Normalized",false,"Combo_Getup02=1","",40,"Base HumanRArmDigit22",0.3390381,0.0904158,-0.910272,0.3390382,0.2489172,-0.910272,0.01334603,0.01502481,0.1585014
11866,15,1,"Pepe","Mankey",-1,0.1688084,0.225077,0.1688084,11865,0.004721284,0.004721294,0.004721294,false,1635001174,1.333328,1,1,1,0,0,0,0,0,"Normalized",false,"Combo_Getup02=1","",41,"Base HumanRArmDigit23",0.3918767,0.08557481,-0.9048111,0.3918768,0.2440762,-0.9048111,0.01395322,0.01588652,0.1585014
11866,15,1,"Pepe","Mankey",-1,0.1688084,0.225077,0.1688084,11865,0.004721284,0.004721294,0.004721294,false,1635001174,1.333328,1,1,1,0,0,0,0,0,"Normalized",false,"Combo_Getup02=1","",42,"Base HumanRArmDigit31",0.2846053,0.04330006,-0.9476078,0.2846054,0.2018015,-0.9476079,0.009958208,0.0112882,0.1585014
11866,15,1,"Pepe","Mankey",-1,0.1688084,0.225077,0.1688084,11865,0.004721284,0.004721294,0.004721294,false,1635001174,1.333328,1,1,1,0,0,0,0,0,"Normalized",false,"Combo_Getup02=1","",43,"Base HumanRArmDigit32",0.3360056,0.05056463,-0.9598727,0.3360055,0.209066,-0.9598727,0.01024084,0.01165734,0.1585014
11866,15,1,"Pepe","Mankey",-1,0.1688084,0.225077,0.1688084,11865,0.004721284,0.004721294,0.004721294,false,1635001174,1.333328,1,1,1,0,0,0,0,0,"Normalized",false,"Combo_Getup02=1","",44,"Base HumanRArmDigit33",0.3901052,0.04271683,-0.9618408,0.3901052,0.2012183,-0.9618408,0.0103762,0.0121089,0.1585014
11866,15,1,"Pepe","Mankey",-1,0.1688084,0.225077,0.1688084,11865,0.004721284,0.004721294,0.004721294,false,1635001174,1.333328,1,1,1,0,0,0,0,0,"Normalized",false,"Combo_Getup02=1","",45,"Base HumanRArmDigit41",0.2631049,0.000247227,-0.9837402,0.263105,0.1587486,-0.9837403,0.007590962,0.008425171,0.1585014
11866,15,1,"Pepe","Mankey",-1,0.1688084,0.225077,0.1688084,11865,0.004721284,0.004721294,0.004721294,false,1635001174,1.333328,1,1,1,0,0,0,0,0,"Normalized",false,"Combo_Getup02=1","",46,"Base HumanRArmDigit42",0.3140319,0.006281866,-0.9984106,0.3140321,0.1647832,-0.9984106,0.007751514,0.008679985,0.1585013
11866,15,1,"Pepe","Mankey",-1,0.1688084,0.225077,0.1688084,11865,0.004721284,0.004721294,0.004721294,false,1635001174,1.333328,1,1,1,0,0,0,0,0,"Normalized",false,"Combo_Getup02=1","",47,"Base HumanRArmDigit43",0.368263,-0.002343926,-1.005157,0.3682631,0.1561575,-1.005157,0.00767942,0.008982455,0.1585014
11866,15,1,"Pepe","Mankey",-1,0.1688084,0.225077,0.1688084,11865,0.004721284,0.004721294,0.004721294,false,1635001174,1.333328,1,1,1,0,0,0,0,0,"Normalized",false,"Combo_Getup02=1","",48,"Base HumanSpine4",-0.05150999,0.3705009,-0.6750571,-0.05151001,0.5290023,-0.6750571,0.0111312,0.01015141,0.1585014
11867,15,1,"Pepe","Mankey",-1,0.1733796,0.231172,0.1733796,11866,0.006094977,0.006094962,0.006094962,false,1635001174,1.333328,1,1,1,0,0,0,0,0,"Normalized",false,"Combo_Getup02=1","",0,"Base HumanPelvis",0.05838273,0.05916356,-0.4910392,0.05838272,0.2140396,-0.4910392,0.001603109,0.00242318,0.1548761
11867,15,1,"Pepe","Mankey",-1,0.1733796,0.231172,0.1733796,11866,0.006094977,0.006094962,0.006094962,false,1635001174,1.333328,1,1,1,0,0,0,0,0,"Normalized",false,"Combo_Getup02=1","",1,"Base HumanLLeg1",0.004209602,0.1057215,-0.393049,0.004209608,0.2605975,-0.393049,0.002120498,0.002119837,0.1548761
11867,15,1,"Pepe","Mankey",-1,0.1733796,0.231172,0.1733796,11866,0.006094977,0.006094962,0.006094962,false,1635001174,1.333328,1,1,1,0,0,0,0,0,"Normalized",false,"Combo_Getup02=1","",2,"Base HumanRLeg1",0.1125558,0.01260565,-0.5890293,0.1125558,0.1674817,-0.5890293,0.001086739,0.002790585,0.1548761
11867,15,1,"Pepe","Mankey",-1,0.1733796,0.231172,0.1733796,11866,0.006094977,0.006094962,0.006094962,false,1635001174,1.333328,1,1,1,0,0,0,0,0,"Normalized",false,"Combo_Getup02=1","",3,"Base HumanLLeg2",-0.07621904,0.4026797,-0.1948978,-0.07621904,0.5575557,-0.1948978,0.007593625,0.006350412,0.1548761
11867,15,1,"Pepe","Mankey",-1,0.1733796,0.231172,0.1733796,11866,0.006094977,0.006094962,0.006094962,false,1635001174,1.333328,1,1,1,0,0,0,0,0,"Normalized",false,"Combo_Getup02=1","",4,"Base HumanRLeg2",0.3693108,0.2719967,-0.5623818,0.3693108,0.4268728,-0.5623818,0.009056978,0.007096247,0.1548761
11867,15,1,"Pepe","Mankey",-1,0.1733796,0.231172,0.1733796,11866,0.006094977,0.006094962,0.006094962,false,1635001174,1.333328,1,1,1,0,0,0,0,0,"Normalized",false,"Combo_Getup02=1","",5,"Base HumanLLegAnkle",0.1156625,0.1051863,-0.1719062,0.1156625,0.2600624,-0.1719062,0.01296642,0.01401064,0.1548761
11867,15,1,"Pepe","Mankey",-1,0.1733796,0.231172,0.1733796,11866,0.006094977,0.006094962,0.006094962,false,1635001174,1.333328,1,1,1,0,0,0,0,0,"Normalized",false,"Combo_Getup02=1","",6,"Base HumanRLegAnkle",0.5984812,0.1520855,-0.3195825,0.5984811,0.3069616,-0.3195825,0.01354277,0.01389765,0.1548761
11867,15,1,"Pepe","Mankey",-1,0.1733796,0.231172,0.1733796,11866,0.006094977,0.006094962,0.006094962,false,1635001174,1.333328,1,1,1,0,0,0,0,0,"Normalized",false,"Combo_Getup02=1","",7,"Base HumanSpine1",0.02626669,0.07792205,-0.517707,0.02626669,0.2327981,-0.517707,0.002516469,0.001782392,0.1548761
11867,15,1,"Pepe","Mankey",-1,0.1733796,0.231172,0.1733796,11866,0.006094977,0.006094962,0.006094962,false,1635001174,1.333328,1,1,1,0,0,0,0,0,"Normalized",false,"Combo_Getup02=1","",8,"Base HumanSpine3",-0.06639791,0.2700094,-0.6264716,-0.06639794,0.4248855,-0.6264716,0.009783591,0.007844895,0.1548761
11867,15,1,"Pepe","Mankey",-1,0.1733796,0.231172,0.1733796,11866,0.006094977,0.006094962,0.006094962,false,1635001174,1.333328,1,1,1,0,0,0,0,0,"Normalized",false,"Combo_Getup02=1","",9,"Base HumanNeck1",0.04982859,0.4995022,-0.7366005,0.04982855,0.6543783,-0.7366005,0.02051699,0.02043159,0.1548761
11867,15,1,"Pepe","Mankey",-1,0.1733796,0.231172,0.1733796,11866,0.006094977,0.006094962,0.006094962,false,1635001174,1.333328,1,1,1,0,0,0,0,0,"Normalized",false,"Combo_Getup02=1","",10,"Base HumanHead",0.1200288,0.6302577,-0.7261071,0.1200288,0.785134,-0.7261071,0.02770536,0.02809628,0.1548762
11867,15,1,"Pepe","Mankey",-1,0.1733796,0.231172,0.1733796,11866,0.006094977,0.006094962,0.006094962,false,1635001174,1.333328,1,1,1,0,0,0,0,0,"Normalized",false,"Combo_Getup02=1","",11,"Base HumanLCollarbone",0.1168971,0.4155982,-0.7012087,0.116897,0.5704744,-0.7012087,0.01562988,0.01652627,0.1548761
11867,15,1,"Pepe","Mankey",-1,0.1733796,0.231172,0.1733796,11866,0.006094977,0.006094962,0.006094962,false,1635001174,1.333328,1,1,1,0,0,0,0,0,"Normalized",false,"Combo_Getup02=1","",12,"Base HumanRArmCollarbone",0.09927664,0.3997496,-0.7564732,0.09927664,0.5546257,-0.7564732,0.01490206,0.0154196,0.1548761
11867,15,1,"Pepe","Mankey",-1,0.1733796,0.231172,0.1733796,11866,0.006094977,0.006094962,0.006094962,false,1635001174,1.333328,1,1,1,0,0,0,0,0,"Normalized",false,"Combo_Getup02=1","",13,"Base HumanLUpperarm",0.09937416,0.5492241,-0.537238,0.09937418,0.7041002,-0.537238,0.02225261,0.02308957,0.1548761
11867,15,1,"Pepe","Mankey",-1,0.1733796,0.231172,0.1733796,11866,0.006094977,0.006094962,0.006094962,false,1635001174,1.333328,1,1,1,0,0,0,0,0,"Normalized",false,"Combo_Getup02=1","",14,"Base HumanRArmUpperarm",-0.008343645,0.4271697,-0.9373472,-0.008343674,0.5820459,-0.9373473,0.01994952,0.01875178,0.1548761
11867,15,1,"Pepe","Mankey",-1,0.1733796,0.231172,0.1733796,11866,0.006094977,0.006094962,0.006094962,false,1635001174,1.333328,1,1,1,0,0,0,0,0,"Normalized",false,"Combo_Getup02=1","",15,"Base HumanLForearm",0.08353352,0.5100912,-0.2585702,0.08353353,0.6649673,-0.2585702,0.01297895,0.01483814,0.1548761
11867,15,1,"Pepe","Mankey",-1,0.1733796,0.231172,0.1733796,11866,0.006094977,0.006094962,0.006094962,false,1635001174,1.333328,1,1,1,0,0,0,0,0,"Normalized",false,"Combo_Getup02=1","",16,"Base HumanRArmForearm",-0.05566876,0.1574516,-0.8706326,-0.05566877,0.3123277,-0.8706326,0.01211757,0.009242897,0.1548761
11867,15,1,"Pepe","Mankey",-1,0.1733796,0.231172,0.1733796,11866,0.006094977,0.006094962,0.006094962,false,1635001174,1.333328,1,1,1,0,0,0,0,0,"Normalized",false,"Combo_Getup02=1","",17,"Base HumanLPalm",0.3222176,0.4485623,-0.1874922,0.3222176,0.6034384,-0.1874923,0.01550271,0.01788709,0.1548762
11867,15,1,"Pepe","Mankey",-1,0.1733796,0.231172,0.1733796,11866,0.006094977,0.006094962,0.006094962,false,1635001174,1.333328,1,1,1,0,0,0,0,0,"Normalized",false,"Combo_Getup02=1","",18,"Base HumanRArmPalm",0.15687,0.01402053,-0.8785514,0.15687,0.1688966,-0.8785515,0.01209889,0.01395941,0.154876
11867,15,1,"Pepe","Mankey",-1,0.1733796,0.231172,0.1733796,11866,0.006094977,0.006094962,0.006094962,false,1635001174,1.333328,1,1,1,0,0,0,0,0,"Normalized",false,"Combo_Getup02=1","",19,"Base HumanLLegDigit11",0.2831497,0.2096212,0.02787815,0.2831497,0.3644973,0.02787822,0.01304233,0.01569058,0.1548761
11867,15,1,"Pepe","Mankey",-1,0.1733796,0.231172,0.1733796,11866,0.006094977,0.006094962,0.006094962,false,1635001174,1.333328,1,1,1,0,0,0,0,0,"Normalized",false,"Combo_Getup02=1","",20,"Base HumanRLegDigit11",0.7087817,0.4043109,-0.3751557,0.7087817,0.5591869,-0.3751556,0.01409577,0.01424755,0.154876
11867,15,1,"Pepe","Mankey",-1,0.1733796,0.231172,0.1733796,11866,0.006094977,0.006094962,0.006094962,false,1635001174,1.333328,1,1,1,0,0,0,0,0,"Normalized",false,"Combo_Getup02=1","",21,"Object001",0.218975,0.7150143,-0.5085825,0.218975,0.8698905,-0.5085825,0.02558735,0.0265472,0.1548762
11867,15,1,"Pepe","Mankey",-1,0.1733796,0.231172,0.1733796,11866,0.006094977,0.006094962,0.006094962,false,1635001174,1.333328,1,1,1,0,0,0,0,0,"Normalized",false,"Combo_Getup02=1","",22,"Monkey_eyes",0.3724919,0.6506459,-0.7117723,0.3724919,0.8055221,-0.7117723,0.03256106,0.03364872,0.1548762
11867,15,1,"Pepe","Mankey",-1,0.1733796,0.231172,0.1733796,11866,0.006094977,0.006094962,0.006094962,false,1635001174,1.333328,1,1,1,0,0,0,0,0,"Normalized",false,"Combo_Getup02=1","",23,"Base HumanHeadBone001",0.2108651,0.4831094,-0.6108661,0.2108651,0.6379856,-0.6108661,0.02212216,0.02311379,0.1548762
11867,15,1,"Pepe","Mankey",-1,0.1733796,0.231172,0.1733796,11866,0.006094977,0.006094962,0.006094962,false,1635001174,1.333328,1,1,1,0,0,0,0,0,"Normalized",false,"Combo_Getup02=1","",24,"Base HumanLDigit11",0.3946389,0.4500466,-0.1995586,0.3946388,0.6049228,-0.1995586,0.01720507,0.01966493,0.1548761
11867,15,1,"Pepe","Mankey",-1,0.1733796,0.231172,0.1733796,11866,0.006094977,0.006094962,0.006094962,false,1635001174,1.333328,1,1,1,0,0,0,0,0,"Normalized",false,"Combo_Getup02=1","",25,"Base HumanLDigit12",0.4376627,0.4377173,-0.1958263,0.4376626,0.5925934,-0.1958263,0.01807045,0.02060136,0.1548761
11867,15,1,"Pepe","Mankey",-1,0.1733796,0.231172,0.1733796,11866,0.006094977,0.006094962,0.006094962,false,1635001174,1.333328,1,1,1,0,0,0,0,0,"Normalized",false,"Combo_Getup02=1","",26,"Base HumanLDigit13",0.4725521,0.4252118,-0.1844711,0.472552,0.580088,-0.1844711,0.01870444,0.02129583,0.1548761
11867,15,1,"Pepe","Mankey",-1,0.1733796,0.231172,0.1733796,11866,0.006094977,0.006094962,0.006094962,false,1635001174,1.333328,1,1,1,0,0,0,0,0,"Normalized",false,"Combo_Getup02=1","",27,"Base HumanLDigit21",0.4535508,0.4575459,-0.1609473,0.4535508,0.612422,-0.1609474,0.01835142,0.02089567,0.1548761
11867,15,1,"Pepe","Mankey",-1,0.1733796,0.231172,0.1733796,11866,0.006094977,0.006094962,0.006094962,false,1635001174,1.333328,1,1,1,0,0,0,0,0,"Normalized",false,"Combo_Getup02=1","",28,"Base HumanLDigit22",0.5119239,0.4487395,-0.1470406,0.5119238,0.6036156,-0.1470406,0.01952273,0.02212743,0.1548761
11867,15,1,"Pepe","Mankey",-1,0.1733796,0.231172,0.1733796,11866,0.006094977,0.006094962,0.006094962,false,1635001174,1.333328,1,1,1,0,0,0,0,0,"Normalized",false,"Combo_Getup02=1","",29,"Base HumanLDigit23",0.5589286,0.4240335,-0.1420039,0.5589285,0.5789096,-0.1420037,0.0204163,0.02309934,0.1548761
11867,15,1,"Pepe","Mankey",-1,0.1733796,0.231172,0.1733796,11866,0.006094977,0.006094962,0.006094962,false,1635001174,1.333328,1,1,1,0,0,0,0,0,"Normalized",false,"Combo_Getup02=1","",30,"Base HumanLDigit31",0.4392761,0.433875,-0.1131917,0.4392761,0.5887511,-0.1131917,0.01750479,0.02010638,0.1548762
11867,15,1,"Pepe","Mankey",-1,0.1733796,0.231172,0.1733796,11866,0.006094977,0.006094962,0.006094962,false,1635001174,1.333328,1,1,1,0,0,0,0,0,"Normalized",false,"Combo_Getup02=1","",31,"Base HumanLDigit32",0.4882039,0.4246013,-0.09408037,0.4882038,0.5794775,-0.09408039,0.01848061,0.02114698,0.1548762
11867,15,1,"Pepe","Mankey",-1,0.1733796,0.231172,0.1733796,11866,0.006094977,0.006094962,0.006094962,false,1635001174,1.333328,1,1,1,0,0,0,0,0,"Normalized",false,"Combo_Getup02=1","",32,"Base HumanLDigit33",0.5339618,0.396814,-0.08284309,0.5339617,0.55169,-0.08284315,0.01935614,0.02211251,0.1548761
11867,15,1,"Pepe","Mankey",-1,0.1733796,0.231172,0.1733796,11866,0.006094977,0.006094962,0.006094962,false,1635001174,1.333328,1,1,1,0,0,0,0,0,"Normalized",false,"Combo_Getup02=1","",33,"Base HumanLDigit41",0.3984481,0.412012,-0.07476725,0.3984481,0.5668882,-0.07476723,0.0161346,0.01876325,0.1548762
11867,15,1,"Pepe","Mankey",-1,0.1733796,0.231172,0.1733796,11866,0.006094977,0.006094962,0.006094962,false,1635001174,1.333328,1,1,1,0,0,0,0,0,"Normalized",false,"Combo_Getup02=1","",34,"Base HumanLDigit42",0.4463323,0.4025822,-0.05324162,0.4463322,0.5574583,-0.05324173,0.01708669,0.01978552,0.1548761
11867,15,1,"Pepe","Mankey",-1,0.1733796,0.231172,0.1733796,11866,0.006094977,0.006094962,0.006094962,false,1635001174,1.333328,1,1,1,0,0,0,0,0,"Normalized",false,"Combo_Getup02=1","",35,"Base HumanLDigit43",0.4917119,0.3752963,-0.03720973,0.4917119,0.5301723,-0.03720978,0.0179682,0.02076546,0.154876
11867,15,1,"Pepe","Mankey",-1,0.1733796,0.231172,0.1733796,11866,0.006094977,0.006094962,0.006094962,false,1635001174,1.333328,1,1,1,0,0,0,0,0,"Normalized",false,"Combo_Getup02=1","",36,"Base HumanRArmDigit11",0.2205425,0.04493277,-0.8589846,0.2205425,0.1998088,-0.8589846,0.01480617,0.01702932,0.154876
11867,15,1,"Pepe","Mankey",-1,0.1733796,0.231172,0.1733796,11866,0.006094977,0.006094962,0.006094962,false,1635001174,1.333328,1,1,1,0,0,0,0,0,"Normalized",false,"Combo_Getup02=1","",37,"Base HumanRArmDigit12",0.2649321,0.05113183,-0.8561352,0.264932,0.206008,-0.8561352,0.01570267,0.01812028,0.1548761
11867,15,1,"Pepe","Mankey",-1,0.1733796,0.231172,0.1733796,11866,0.006094977,0.006094962,0.006094962,false,1635001174,1.333328,1,1,1,0,0,0,0,0,"Normalized",false,"Combo_Getup02=1","",38,"Base HumanRArmDigit13",0.3030106,0.05226775,-0.8632991,0.3030106,0.2071438,-0.8632991,0.01587493,0.01839603,0.1548761
11867,15,1,"Pepe","Mankey",-1,0.1733796,0.231172,0.1733796,11866,0.006094977,0.006094962,0.006094962,false,1635001174,1.333328,1,1,1,0,0,0,0,0,"Normalized",false,"Combo_Getup02=1","",39,"Base HumanRArmDigit21",0.2777053,0.07113833,-0.8915942,0.2777053,0.2260143,-0.8915944,0.0154567,0.0174207,0.154876
11867,15,1,"Pepe","Mankey",-1,0.1733796,0.231172,0.1733796,11866,0.006094977,0.006094962,0.006094962,false,1635001174,1.333328,1,1,1,0,0,0,0,0,"Normalized",false,"Combo_Getup02=1","",40,"Base HumanRArmDigit22",0.3371473,0.08216019,-0.8964421,0.3371473,0.2370362,-0.8964422,0.01621715,0.01833021,0.154876
11867,15,1,"Pepe","Mankey",-1,0.1733796,0.231172,0.1733796,11866,0.006094977,0.006094962,0.006094962,false,1635001174,1.333328,1,1,1,0,0,0,0,0,"Normalized",false,"Combo_Getup02=1","",41,"Base HumanRArmDigit23",0.3898291,0.07531112,-0.8916572,0.389829,0.2301871,-0.8916574,0.01680956,0.01923854,0.154876
11867,15,1,"Pepe","Mankey",-1,0.1733796,0.231172,0.1733796,11866,0.006094977,0.006094962,0.006094962,false,1635001174,1.333328,1,1,1,0,0,0,0,0,"Normalized",false,"Combo_Getup02=1","",42,"Base HumanRArmDigit31",0.2811452,0.03925642,-0.9364988,0.2811452,0.1941326,-0.9364988,0.01231804,0.0139355,0.1548761
11867,15,1,"Pepe","Mankey",-1,0.1733796,0.231172,0.1733796,11866,0.006094977,0.006094962,0.006094962,false,1635001174,1.333328,1,1,1,0,0,0,0,0,"Normalized",false,"Combo_Getup02=1","",43,"Base HumanRArmDigit32",0.3326532,0.04595044,-0.9486359,0.3326532,0.2008265,-0.9486359,0.01260137,0.01433154,0.1548761
11867,15,1,"Pepe","Mankey",-1,0.1733796,0.231172,0.1733796,11866,0.006094977,0.006094962,0.006094962,false,1635001174,1.333328,1,1,1,0,0,0,0,0,"Normalized",false,"Combo_Getup02=1","",44,"Base HumanRArmDigit33",0.3864657,0.03654642,-0.9514651,0.3864657,0.1914226,-0.951465,0.01260854,0.01472615,0.1548761
11867,15,1,"Pepe","Mankey",-1,0.1733796,0.231172,0.1733796,11866,0.006094977,0.006094962,0.006094962,false,1635001174,1.333328,1,1,1,0,0,0,0,0,"Normalized",false,"Combo_Getup02=1","",45,"Base HumanRArmDigit41",0.258165,-0.0004739604,-0.9754189,0.2581649,0.1544022,-0.9754189,0.009704001,0.01060864,0.1548761
11867,15,1,"Pepe","Mankey",-1,0.1733796,0.231172,0.1733796,11866,0.006094977,0.006094962,0.006094962,false,1635001174,1.333328,1,1,1,0,0,0,0,0,"Normalized",false,"Combo_Getup02=1","",46,"Base HumanRArmDigit42",0.3091886,0.005154598,-0.9899138,0.3091885,0.1600308,-0.9899138,0.009844994,0.01087385,0.1548762
11867,15,1,"Pepe","Mankey",-1,0.1733796,0.231172,0.1733796,11866,0.006094977,0.006094962,0.006094962,false,1635001174,1.333328,1,1,1,0,0,0,0,0,"Normalized",false,"Combo_Getup02=1","",47,"Base HumanRArmDigit43",0.3631044,-0.004740956,-0.997403,0.3631043,0.1501351,-0.997403,0.009616382,0.01109062,0.1548761
11867,15,1,"Pepe","Mankey",-1,0.1733796,0.231172,0.1733796,11866,0.006094977,0.006094962,0.006094962,false,1635001174,1.333328,1,1,1,0,0,0,0,0,"Normalized",false,"Combo_Getup02=1","",48,"Base HumanSpine4",-0.03922008,0.3766195,-0.6729683,-0.03922009,0.5314956,-0.6729683,0.01388677,0.01271306,0.1548761
11868,15,1,"Pepe","Mankey",-1,0.178201,0.2376004,0.178201,11867,0.006428421,0.006428422,0.006428422,false,1635001174,1.333328,1,1,1,0,0,0,0,0,"Normalized",false,"Combo_Getup02=1","",0,"Base HumanPelvis",0.05821829,0.0607121,-0.49187,0.05821829,0.2115588,-0.49187,0.001765013,0.00262138,0.1508467
11868,15,1,"Pepe","Mankey",-1,0.178201,0.2376004,0.178201,11867,0.006428421,0.006428422,0.006428422,false,1635001174,1.333328,1,1,1,0,0,0,0,0,"Normalized",false,"Combo_Getup02=1","",1,"Base HumanLLeg1",0.004037389,0.1076456,-0.3940635,0.004037388,0.2584923,-0.3940635,0.002181983,0.002343251,0.1508467
11868,15,1,"Pepe","Mankey",-1,0.178201,0.2376004,0.178201,11867,0.006428421,0.006428422,0.006428422,false,1635001174,1.333328,1,1,1,0,0,0,0,0,"Normalized",false,"Combo_Getup02=1","",2,"Base HumanRLeg1",0.1123992,0.0137786,-0.5896764,0.1123992,0.1646253,-0.5896764,0.001348757,0.002932949,0.1508467
11868,15,1,"Pepe","Mankey",-1,0.178201,0.2376004,0.178201,11867,0.006428421,0.006428422,0.006428422,false,1635001174,1.333328,1,1,1,0,0,0,0,0,"Normalized",false,"Combo_Getup02=1","",3,"Base HumanLLeg2",-0.07833599,0.4068455,-0.2001283,-0.07833597,0.5576922,-0.2001283,0.007013738,0.005644235,0.1508467
11868,15,1,"Pepe","Mankey",-1,0.178201,0.2376004,0.178201,11867,0.006428421,0.006428422,0.006428422,false,1635001174,1.333328,1,1,1,0,0,0,0,0,"Normalized",false,"Combo_Getup02=1","",4,"Base HumanRLeg2",0.3641855,0.2783907,-0.5672946,0.3641855,0.4292375,-0.5672946,0.009554459,0.007483038,0.1508467
11868,15,1,"Pepe","Mankey",-1,0.178201,0.2376004,0.178201,11867,0.006428421,0.006428422,0.006428422,false,1635001174,1.333328,1,1,1,0,0,0,0,0,"Normalized",false,"Combo_Getup02=1","",5,"Base HumanLLegAnkle",0.1028744,0.1030295,-0.1735194,0.1028744,0.2538763,-0.1735193,0.01306859,0.01429703,0.1508468
11868,15,1,"Pepe","Mankey",-1,0.178201,0.2376004,0.178201,11867,0.006428421,0.006428422,0.006428422,false,1635001174,1.333328,1,1,1,0,0,0,0,0,"Normalized",false,"Combo_Getup02=1","",6,"Base HumanRLegAnkle",0.5845484,0.1524767,-0.3194336,0.5845483,0.3033235,-0.3194336,0.01393911,0.01440069,0.1508468
11868,15,1,"Pepe","Mankey",-1,0.178201,0.2376004,0.178201,11867,0.006428421,0.006428422,0.006428422,false,1635001174,1.333328,1,1,1,0,0,0,0,0,"Normalized",false,"Combo_Getup02=1","",7,"Base HumanSpine1",0.02680766,0.08039156,-0.5187137,0.02680766,0.2312383,-0.5187137,0.002721127,0.001933656,0.1508467
11868,15,1,"Pepe","Mankey",-1,0.178201,0.2376004,0.178201,11867,0.006428421,0.006428422,0.006428422,false,1635001174,1.333328,1,1,1,0,0,0,0,0,"Normalized",false,"Combo_Getup02=1","",8,"Base HumanSpine3",-0.05898627,0.2766308,-0.6256881,-0.05898626,0.4274776,-0.6256882,0.009969473,0.007890856,0.1508467
11868,15,1,"Pepe","Mankey",-1,0.178201,0.2376004,0.178201,11867,0.006428421,0.006428422,0.006428422,false,1635001174,1.333328,1,1,1,0,0,0,0,0,"Normalized",false,"Combo_Getup02=1","",9,"Base HumanNeck1",0.06923004,0.5015391,-0.7311766,0.06923009,0.6523859,-0.7311767,0.02024805,0.02024369,0.1508468
11868,15,1,"Pepe","Mankey",-1,0.178201,0.2376004,0.178201,11867,0.006428421,0.006428422,0.006428422,false,1635001174,1.333328,1,1,1,0,0,0,0,0,"Normalized",false,"Combo_Getup02=1","",10,"Base HumanHead",0.1453913,0.6284861,-0.7163739,0.1453914,0.7793329,-0.716374,0.02722373,0.0277785,0.1508468
11868,15,1,"Pepe","Mankey",-1,0.178201,0.2376004,0.178201,11867,0.006428421,0.006428422,0.006428422,false,1635001174,1.333328,1,1,1,0,0,0,0,0,"Normalized",false,"Combo_Getup02=1","",11,"Base HumanLCollarbone",0.1313083,0.4135117,-0.696708,0.1313083,0.5643585,-0.6967081,0.01524117,0.01628943,0.1508468
11868,15,1,"Pepe","Mankey",-1,0.178201,0.2376004,0.178201,11867,0.006428421,0.006428422,0.006428422,false,1635001174,1.333328,1,1,1,0,0,0,0,0,"Normalized",false,"Combo_Getup02=1","",12,"Base HumanRArmCollarbone",0.1133161,0.3995681,-0.7523649,0.1133161,0.5504148,-0.7523649,0.01462933,0.01522225,0.1508467
11868,15,1,"Pepe","Mankey",-1,0.178201,0.2376004,0.178201,11867,0.006428421,0.006428422,0.006428422,false,1635001174,1.333328,1,1,1,0,0,0,0,0,"Normalized",false,"Combo_Getup02=1","",13,"Base HumanLUpperarm",0.1197876,0.5451966,-0.5306489,0.1197877,0.6960434,-0.5306489,0.02182538,0.02291374,0.1508468
11868,15,1,"Pepe","Mankey",-1,0.178201,0.2376004,0.178201,11867,0.006428421,0.006428422,0.006428422,false,1635001174,1.333328,1,1,1,0,0,0,0,0,"Normalized",false,"Combo_Getup02=1","",14,"Base HumanRArmUpperarm",0.00965277,0.4354464,-0.9340681,0.009652767,0.586293,-0.9340681,0.020078,0.01877934,0.1508467
11868,15,1,"Pepe","Mankey",-1,0.178201,0.2376004,0.178201,11867,0.006428421,0.006428422,0.006428422,false,1635001174,1.333328,1,1,1,0,0,0,0,0,"Normalized",false,"Combo_Getup02=1","",15,"Base HumanLForearm",0.09413931,0.5041273,-0.2529918,0.09413937,0.6549741,-0.2529918,0.01338544,0.01560341,0.1508468
11868,15,1,"Pepe","Mankey",-1,0.178201,0.2376004,0.178201,11867,0.006428421,0.006428422,0.006428422,false,1635001174,1.333328,1,1,1,0,0,0,0,0,"Normalized",false,"Combo_Getup02=1","",16,"Base HumanRArmForearm",-0.0489303,0.167951,-0.8673399,-0.04893027,0.3187977,-0.86734,0.01290301,0.009905091,0.1508467
11868,15,1,"Pepe","Mankey",-1,0.178201,0.2376004,0.178201,11867,0.006428421,0.006428422,0.006428422,false,1635001174,1.333328,1,1,1,0,0,0,0,0,"Normalized",false,"Combo_Getup02=1","",17,"Base HumanLPalm",0.3307202,0.4389923,-0.1781927,0.3307202,0.5898391,-0.1781928,0.0158227,0.01853958,0.1508468
11868,15,1,"Pepe","Mankey",-1,0.178201,0.2376004,0.178201,11867,0.006428421,0.006428422,0.006428422,false,1635001174,1.333328,1,1,1,0,0,0,0,0,"Normalized",false,"Combo_Getup02=1","",18,"Base HumanRArmPalm",0.1528534,0.00955287,-0.8684399,0.1528534,0.1603996,-0.8684399,0.01176162,0.01380491,0.1508467
11868,15,1,"Pepe","Mankey",-1,0.178201,0.2376004,0.178201,11867,0.006428421,0.006428422,0.006428422,false,1635001174,1.333328,1,1,1,0,0,0,0,0,"Normalized",false,"Combo_Getup02=1","",19,"Base HumanLLegDigit11",0.2734529,0.2004709,0.02718083,0.273453,0.3513175,0.02718085,0.0133507,0.01637739,0.1508466
11868,15,1,"Pepe","Mankey",-1,0.178201,0.2376004,0.178201,11867,0.006428421,0.006428422,0.006428422,false,1635001174,1.333328,1,1,1,0,0,0,0,0,"Normalized",false,"Combo_Getup02=1","",20,"Base HumanRLegDigit11",0.6952205,0.4054831,-0.3705381,0.6952205,0.5563299,-0.3705381,0.01437372,0.01460788,0.1508468
11868,15,1,"Pepe","Mankey",-1,0.178201,0.2376004,0.178201,11867,0.006428421,0.006428422,0.006428422,false,1635001174,1.333328,1,1,1,0,0,0,0,0,"Normalized",false,"Combo_Getup02=1","",21,"Object001",0.2396994,0.7092136,-0.4952857,0.2396995,0.8600606,-0.4952858,0.02529732,0.02651285,0.150847
11868,15,1,"Pepe","Mankey",-1,0.178201,0.2376004,0.178201,11867,0.006428421,0.006428422,0.006428422,false,1635001174,1.333328,1,1,1,0,0,0,0,0,"Normalized",false,"Combo_Getup02=1","",22,"Monkey_eyes",0.3977361,0.6419547,-0.6940253,0.3977362,0.7928015,-0.6940255,0.03205879,0.03337722,0.1508468
11868,15,1,"Pepe","Mankey",-1,0.178201,0.2376004,0.178201,11867,0.006428421,0.006428422,0.006428422,false,1635001174,1.333328,1,1,1,0,0,0,0,0,"Normalized",false,"Combo_Getup02=1","",23,"Base HumanHeadBone001",0.2285852,0.4782385,-0.5993748,0.2285852,0.6290853,-0.5993749,0.02167431,0.02291864,0.1508468
11868,15,1,"Pepe","Mankey",-1,0.178201,0.2376004,0.178201,11867,0.006428421,0.006428422,0.006428422,false,1635001174,1.333328,1,1,1,0,0,0,0,0,"Normalized",false,"Combo_Getup02=1","",24,"Base HumanLDigit11",0.4033227,0.439063,-0.1892156,0.4033227,0.5899099,-0.1892156,0.01740765,0.02019347,0.1508469
11868,15,1,"Pepe","Mankey",-1,0.178201,0.2376004,0.178201,11867,0.006428421,0.006428422,0.006428422,false,1635001174,1.333328,1,1,1,0,0,0,0,0,"Normalized",false,"Combo_Getup02=1","",25,"Base HumanLDigit12",0.4460127,0.425809,-0.1848709,0.4460127,0.5766559,-0.1848709,0.01820856,0.02106541,0.1508468
11868,15,1,"Pepe","Mankey",-1,0.178201,0.2376004,0.178201,11867,0.006428421,0.006428422,0.006428422,false,1635001174,1.333328,1,1,1,0,0,0,0,0,"Normalized",false,"Combo_Getup02=1","",26,"Base HumanLDigit13",0.4804712,0.4125549,-0.1730581,0.480471,0.5634016,-0.1730581,0.01879274,0.02171175,0.1508468
11868,15,1,"Pepe","Mankey",-1,0.178201,0.2376004,0.178201,11867,0.006428421,0.006428422,0.006428422,false,1635001174,1.333328,1,1,1,0,0,0,0,0,"Normalized",false,"Combo_Getup02=1","",27,"Base HumanLDigit21",0.4618091,0.4453613,-0.1497522,0.4618091,0.596208,-0.1497524,0.0184931,0.021364,0.1508468
11868,15,1,"Pepe","Mankey",-1,0.178201,0.2376004,0.178201,11867,0.006428421,0.006428422,0.006428422,false,1635001174,1.333328,1,1,1,0,0,0,0,0,"Normalized",false,"Combo_Getup02=1","",28,"Base HumanLDigit22",0.5197996,0.4354482,-0.1350147,0.5197996,0.5862949,-0.1350148,0.01957826,0.02250894,0.1508468
11868,15,1,"Pepe","Mankey",-1,0.178201,0.2376004,0.178201,11867,0.006428421,0.006428422,0.006428422,false,1635001174,1.333328,1,1,1,0,0,0,0,0,"Normalized",false,"Combo_Getup02=1","",29,"Base HumanLDigit23",0.5661713,0.4096771,-0.1294729,0.5661714,0.5605239,-0.1294729,0.020386,0.02339899,0.1508467
11868,15,1,"Pepe","Mankey",-1,0.178201,0.2376004,0.178201,11867,0.006428421,0.006428422,0.006428422,false,1635001174,1.333328,1,1,1,0,0,0,0,0,"Normalized",false,"Combo_Getup02=1","",30,"Base HumanLDigit31",0.4463859,0.4219269,-0.1022376,0.4463859,0.5727737,-0.1022377,0.0177002,0.02063536,0.1508468
11868,15,1,"Pepe","Mankey",-1,0.178201,0.2376004,0.178201,11867,0.006428421,0.006428422,0.006428422,false,1635001174,1.333328,1,1,1,0,0,0,0,0,"Normalized",false,"Combo_Getup02=1","",31,"Base HumanLDigit32",0.4948668,0.4116382,-0.08251669,0.4948669,0.5624849,-0.08251682,0.01860527,0.02160699,0.1508467
11868,15,1,"Pepe","Mankey",-1,0.178201,0.2376004,0.178201,11867,0.006428421,0.006428422,0.006428422,false,1635001174,1.333328,1,1,1,0,0,0,0,0,"Normalized",false,"Combo_Getup02=1","",32,"Base HumanLDigit33",0.5398197,0.3827284,-0.07086954,0.5398197,0.5335752,-0.07086971,0.01939292,0.02249062,0.1508468
11868,15,1,"Pepe","Mankey",-1,0.178201,0.2376004,0.178201,11867,0.006428421,0.006428422,0.006428422,false,1635001174,1.333328,1,1,1,0,0,0,0,0,"Normalized",false,"Combo_Getup02=1","",33,"Base HumanLDigit41",0.4045871,0.4008324,-0.06443237,0.4045871,0.5516792,-0.06443241,0.01641583,0.01938578,0.1508468
11868,15,1,"Pepe","Mankey",-1,0.178201,0.2376004,0.178201,11867,0.006428421,0.006428422,0.006428422,false,1635001174,1.333328,1,1,1,0,0,0,0,0,"Normalized",false,"Combo_Getup02=1","",34,"Base HumanLDigit42",0.4520129,0.3903877,-0.04236715,0.4520129,0.5412345,-0.04236719,0.01729825,0.02034058,0.1508468
11868,15,1,"Pepe","Mankey",-1,0.178201,0.2376004,0.178201,11867,0.006428421,0.006428422,0.006428422,false,1635001174,1.333328,1,1,1,0,0,0,0,0,"Normalized",false,"Combo_Getup02=1","",35,"Base HumanLDigit43",0.4965561,0.3619466,-0.02600092,0.4965561,0.5127934,-0.02600104,0.01809197,0.02123987,0.1508468
11868,15,1,"Pepe","Mankey",-1,0.178201,0.2376004,0.178201,11867,0.006428421,0.006428422,0.006428422,false,1635001174,1.333328,1,1,1,0,0,0,0,0,"Normalized",false,"Combo_Getup02=1","",36,"Base HumanRArmDigit11",0.2175719,0.03719502,-0.8474629,0.217572,0.1880417,-0.847463,0.01419318,0.01673433,0.1508466
11868,15,1,"Pepe","Mankey",-1,0.178201,0.2376004,0.178201,11867,0.006428421,0.006428422,0.006428422,false,1635001174,1.333328,1,1,1,0,0,0,0,0,"Normalized",false,"Combo_Getup02=1","",37,"Base HumanRArmDigit12",0.2621592,0.04180344,-0.8446841,0.2621593,0.1926501,-0.8446841,0.01502788,0.01781147,0.1508467
11868,15,1,"Pepe","Mankey",-1,0.178201,0.2376004,0.178201,11867,0.006428421,0.006428422,0.006428422,false,1635001174,1.333328,1,1,1,0,0,0,0,0,"Normalized",false,"Combo_Getup02=1","",38,"Base HumanRArmDigit13",0.3001812,0.04224471,-0.8522154,0.3001812,0.1930914,-0.8522155,0.01520907,0.01811969,0.1508467
11868,15,1,"Pepe","Mankey",-1,0.178201,0.2376004,0.178201,11867,0.006428421,0.006428422,0.006428422,false,1635001174,1.333328,1,1,1,0,0,0,0,0,"Normalized",false,"Combo_Getup02=1","",39,"Base HumanRArmDigit21",0.2751902,0.06396151,-0.8787901,0.2751904,0.2148082,-0.8787902,0.01489224,0.0172003,0.1508467
11868,15,1,"Pepe","Mankey",-1,0.178201,0.2376004,0.178201,11867,0.006428421,0.006428422,0.006428422,false,1635001174,1.333328,1,1,1,0,0,0,0,0,"Normalized",false,"Combo_Getup02=1","",40,"Base HumanRArmDigit22",0.3348555,0.07375345,-0.883535,0.3348555,0.2246001,-0.8835352,0.01557301,0.01806926,0.1508467
11868,15,1,"Pepe","Mankey",-1,0.178201,0.2376004,0.178201,11867,0.006428421,0.006428422,0.006428422,false,1635001174,1.333328,1,1,1,0,0,0,0,0,"Normalized",false,"Combo_Getup02=1","",41,"Base HumanRArmDigit23",0.3873239,0.06497471,-0.8796411,0.387324,0.2158214,-0.8796413,0.01604694,0.01889539,0.1508467
11868,15,1,"Pepe","Mankey",-1,0.178201,0.2376004,0.178201,11867,0.006428421,0.006428422,0.006428422,false,1635001174,1.333328,1,1,1,0,0,0,0,0,"Normalized",false,"Combo_Getup02=1","",42,"Base HumanRArmDigit31",0.277303,0.03519704,-0.925831,0.2773031,0.1860437,-0.9258311,0.01204334,0.01392808,0.1508466
11868,15,1,"Pepe","Mankey",-1,0.178201,0.2376004,0.178201,11867,0.006428421,0.006428422,0.006428422,false,1635001174,1.333328,1,1,1,0,0,0,0,0,"Normalized",false,"Combo_Getup02=1","",43,"Base HumanRArmDigit32",0.3288938,0.04123724,-0.937959,0.3288939,0.192084,-0.937959,0.01226147,0.01430246,0.1508467
11868,15,1,"Pepe","Mankey",-1,0.178201,0.2376004,0.178201,11867,0.006428421,0.006428422,0.006428422,false,1635001174,1.333328,1,1,1,0,0,0,0,0,"Normalized",false,"Combo_Getup02=1","",44,"Base HumanRArmDigit33",0.3823595,0.03034701,-0.9418384,0.3823597,0.1811937,-0.9418385,0.01216412,0.01463416,0.1508467
11868,15,1,"Pepe","Mankey",-1,0.178201,0.2376004,0.178201,11867,0.006428421,0.006428422,0.006428422,false,1635001174,1.333328,1,1,1,0,0,0,0,0,"Normalized",false,"Combo_Getup02=1","",45,"Base HumanRArmDigit41",0.2528305,-0.001054754,-0.9671623,0.2528305,0.149792,-0.9671624,0.009847108,0.01085721,0.1508467
11868,15,1,"Pepe","Mankey",-1,0.178201,0.2376004,0.178201,11867,0.006428421,0.006428422,0.006428422,false,1635001174,1.333328,1,1,1,0,0,0,0,0,"Normalized",false,"Combo_Getup02=1","",46,"Base HumanRArmDigit42",0.3039263,0.004062099,-0.9815924,0.3039264,0.1549088,-0.9815925,0.009906074,0.0110981,0.1508467
11868,15,1,"Pepe","Mankey",-1,0.178201,0.2376004,0.178201,11867,0.006428421,0.006428422,0.006428422,false,1635001174,1.333328,1,1,1,0,0,0,0,0,"Normalized",false,"Combo_Getup02=1","",47,"Base HumanRArmDigit43",0.3574638,-0.007069284,-0.9900038,0.3574639,0.1437774,-0.9900038,0.00959093,0.01126867,0.1508467
11868,15,1,"Pepe","Mankey",-1,0.178201,0.2376004,0.178201,11867,0.006428421,0.006428422,0.006428422,false,1635001174,1.333328,1,1,1,0,0,0,0,0,"Normalized",false,"Combo_Getup02=1","",48,"Base HumanSpine4",-0.02694003,0.3826876,-0.670312,-0.02694004,0.5335343,-0.6703121,0.01395267,0.01272836,0.1508467
11869,15,1,"Pepe","Mankey",-1,0.1823742,0.2431647,0.1823742,11868,0.005564258,0.005564271,0.005564271,false,1635001174,1.333328,1,1,1,0,0,0,0,0,"Normalized",false,"Combo_Getup02=1","",0,"Base HumanPelvis",0.05814734,0.06209568,-0.4925693,0.05814733,0.2092841,-0.4925693,0.001551898,0.002380847,0.1471884
11869,15,1,"Pepe","Mankey",-1,0.1823742,0.2431647,0.1823742,11868,0.005564258,0.005564271,0.005564271,false,1635001174,1.333328,1,1,1,0,0,0,0,0,"Normalized",false,"Combo_Getup02=1","",1,"Base HumanLLeg1",0.003991152,0.1092766,-0.3948683,0.003991164,0.256465,-0.3948682,0.001819306,0.002181656,0.1471885
11869,15,1,"Pepe","Mankey",-1,0.1823742,0.2431647,0.1823742,11868,0.005564258,0.005564271,0.005564271,false,1635001174,1.333328,1,1,1,0,0,0,0,0,"Normalized",false,"Combo_Getup02=1","",2,"Base HumanRLeg1",0.1123035,0.01491478,-0.5902703,0.1123035,0.1621032,-0.5902703,0.0012856,0.002592859,0.1471884
11869,15,1,"Pepe","Mankey",-1,0.1823742,0.2431647,0.1823742,11868,0.005564258,0.005564271,0.005564271,false,1635001174,1.333328,1,1,1,0,0,0,0,0,"Normalized",false,"Combo_Getup02=1","",3,"Base HumanLLeg2",-0.0794408,0.4102383,-0.2041381,-0.07944077,0.5574267,-0.2041381,0.005367556,0.004167693,0.1471884
11869,15,1,"Pepe","Mankey",-1,0.1823742,0.2431647,0.1823742,11868,0.005564258,0.005564271,0.005564271,false,1635001174,1.333328,1,1,1,0,0,0,0,0,"Normalized",false,"Combo_Getup02=1","",4,"Base HumanRLeg2",0.359861,0.2837827,-0.5717711,0.359861,0.4309711,-0.5717711,0.008234888,0.006461102,0.1471884
11869,15,1,"Pepe","Mankey",-1,0.1823742,0.2431647,0.1823742,11868,0.005564258,0.005564271,0.005564271,false,1635001174,1.333328,1,1,1,0,0,0,0,0,"Normalized",false,"Combo_Getup02=1","",5,"Base HumanLLegAnkle",0.09227275,0.1011672,-0.175174,0.09227271,0.2483556,-0.175174,0.01089044,0.01206695,0.1471885
11869,15,1,"Pepe","Mankey",-1,0.1823742,0.2431647,0.1823742,11868,0.005564258,0.005564271,0.005564271,false,1635001174,1.333328,1,1,1,0,0,0,0,0,"Normalized",false,"Combo_Getup02=1","",6,"Base HumanRLegAnkle",0.5727202,0.1527088,-0.3200575,0.5727202,0.2998973,-0.3200575,0.0118469,0.01233015,0.1471884
11869,15,1,"Pepe","Mankey",-1,0.1823742,0.2431647,0.1823742,11868,0.005564258,0.005564271,0.005564271,false,1635001174,1.333328,1,1,1,0,0,0,0,0,"Normalized",false,"Combo_Getup02=1","",7,"Base HumanSpine1",0.02734026,0.08255763,-0.5195271,0.02734026,0.2297461,-0.5195271,0.002374296,0.001781061,0.1471884
11869,15,1,"Pepe","Mankey",-1,0.1823742,0.2431647,0.1823742,11868,0.005564258,0.005564271,0.005564271,false,1635001174,1.333328,1,1,1,0,0,0,0,0,"Normalized",false,"Combo_Getup02=1","",8,"Base HumanSpine3",-0.05277107,0.2821163,-0.6247531,-0.05277108,0.4293047,-0.6247531,0.008342241,0.006545341,0.1471885
11869,15,1,"Pepe","Mankey",-1,0.1823742,0.2431647,0.1823742,11868,0.005564258,0.005564271,0.005564271,false,1635001174,1.333328,1,1,1,0,0,0,0,0,"Normalized",false,"Combo_Getup02=1","",9,"Base HumanNeck1",0.08486116,0.5030229,-0.7261683,0.08486117,0.6502115,-0.7261683,0.01648081,0.01655726,0.1471885
11869,15,1,"Pepe","Mankey",-1,0.1823742,0.2431647,0.1823742,11868,0.005564258,0.005564271,0.005564271,false,1635001174,1.333328,1,1,1,0,0,0,0,0,"Normalized",false,"Combo_Getup02=1","",10,"Base HumanHead",0.1656022,0.6266231,-0.7077543,0.1656023,0.7738116,-0.7077543,0.02205105,0.02265537,0.1471885
11869,15,1,"Pepe","Mankey",-1,0.1823742,0.2431647,0.1823742,11868,0.005564258,0.005564271,0.005564271,false,1635001174,1.333328,1,1,1,0,0,0,0,0,"Normalized",false,"Combo_Getup02=1","",11,"Base HumanLCollarbone",0.1427893,0.4118568,-0.6926467,0.1427893,0.5590453,-0.6926467,0.01229011,0.01328676,0.1471885
11869,15,1,"Pepe","Mankey",-1,0.1823742,0.2431647,0.1823742,11868,0.005564258,0.005564271,0.005564271,false,1635001174,1.333328,1,1,1,0,0,0,0,0,"Normalized",false,"Combo_Getup02=1","",12,"Base HumanRArmCollarbone",0.1245882,0.3995418,-0.7486189,0.1245882,0.5467302,-0.7486188,0.01187831,0.01243662,0.1471884
11869,15,1,"Pepe","Mankey",-1,0.1823742,0.2431647,0.1823742,11868,0.005564258,0.005564271,0.005564271,false,1635001174,1.333328,1,1,1,0,0,0,0,0,"Normalized",false,"Combo_Getup02=1","",13,"Base HumanLUpperarm",0.1359865,0.541451,-0.5246933,0.1359865,0.6886395,-0.5246932,0.01766077,0.01878002,0.1471885
11869,15,1,"Pepe","Mankey",-1,0.1823742,0.2431647,0.1823742,11868,0.005564258,0.005564271,0.005564271,false,1635001174,1.333328,1,1,1,0,0,0,0,0,"Normalized",false,"Combo_Getup02=1","",14,"Base HumanRArmUpperarm",0.02446739,0.44228,-0.9308239,0.02446742,0.5894684,-0.9308239,0.0166342,0.01549458,0.1471884
11869,15,1,"Pepe","Mankey",-1,0.1823742,0.2431647,0.1823742,11868,0.005564258,0.005564271,0.005564271,false,1635001174,1.333328,1,1,1,0,0,0,0,0,"Normalized",false,"Combo_Getup02=1","",15,"Base HumanLForearm",0.102693,0.4985194,-0.2481315,0.1026931,0.6457079,-0.2481314,0.01132417,0.01351486,0.1471885
11869,15,1,"Pepe","Mankey",-1,0.1823742,0.2431647,0.1823742,11868,0.005564258,0.005564271,0.005564271,false,1635001174,1.333328,1,1,1,0,0,0,0,0,"Normalized",false,"Combo_Getup02=1","",16,"Base HumanRArmForearm",-0.04234652,0.1765815,-0.8646528,-0.0423465,0.32377,-0.8646528,0.01118267,0.008676984,0.1471884
11869,15,1,"Pepe","Mankey",-1,0.1823742,0.2431647,0.1823742,11868,0.005564258,0.005564271,0.005564271,false,1635001174,1.333328,1,1,1,0,0,0,0,0,"Normalized",false,"Combo_Getup02=1","",17,"Base HumanLPalm",0.3375258,0.4306183,-0.1703436,0.3375258,0.5778068,-0.1703435,0.01334354,0.01589671,0.1471885
11869,15,1,"Pepe","Mankey",-1,0.1823742,0.2431647,0.1823742,11868,0.005564258,0.005564271,0.005564271,false,1635001174,1.333328,1,1,1,0,0,0,0,0,"Normalized",false,"Combo_Getup02=1","",18,"Base HumanRArmPalm",0.1491517,0.005941769,-0.8603702,0.1491517,0.1531302,-0.8603703,0.009584454,0.01147458,0.1471884
11869,15,1,"Pepe","Mankey",-1,0.1823742,0.2431647,0.1823742,11868,0.005564258,0.005564271,0.005564271,false,1635001174,1.333328,1,1,1,0,0,0,0,0,"Normalized",false,"Combo_Getup02=1","",19,"Base HumanLLegDigit11",0.265499,0.1925403,0.02611206,0.2654989,0.3397287,0.02611202,0.01128286,0.0140965,0.1471884
11869,15,1,"Pepe","Mankey",-1,0.1823742,0.2431647,0.1823742,11868,0.005564258,0.005564271,0.005564271,false,1635001174,1.333328,1,1,1,0,0,0,0,0,"Normalized",false,"Combo_Getup02=1","",20,"Base HumanRLegDigit11",0.6835957,0.4063701,-0.3673311,0.6835958,0.5535586,-0.3673311,0.01209159,0.01237329,0.1471885
11869,15,1,"Pepe","Mankey",-1,0.1823742,0.2431647,0.1823742,11868,0.005564258,0.005564271,0.005564271,false,1635001174,1.333328,1,1,1,0,0,0,0,0,"Normalized",false,"Combo_Getup02=1","",21,"Object001",0.2559623,0.7039048,-0.4838044,0.2559623,0.8510932,-0.4838044,0.02060301,0.02183378,0.1471884
11869,15,1,"Pepe","Mankey",-1,0.1823742,0.2431647,0.1823742,11868,0.005564258,0.005564271,0.005564271,false,1635001174,1.333328,1,1,1,0,0,0,0,0,"Normalized",false,"Combo_Getup02=1","",22,"Monkey_eyes",0.4175265,0.6344177,-0.6789078,0.4175265,0.7816061,-0.6789078,0.02601939,0.02730456,0.1471885
11869,15,1,"Pepe","Mankey",-1,0.1823742,0.2431647,0.1823742,11868,0.005564258,0.005564271,0.005564271,false,1635001174,1.333328,1,1,1,0,0,0,0,0,"Normalized",false,"Combo_Getup02=1","",23,"Base HumanHeadBone001",0.2424882,0.4738722,-0.5896863,0.2424882,0.6210607,-0.5896863,0.01749928,0.01874987,0.1471885
11869,15,1,"Pepe","Mankey",-1,0.1823742,0.2431647,0.1823742,11868,0.005564258,0.005564271,0.005564271,false,1635001174,1.333328,1,1,1,0,0,0,0,0,"Normalized",false,"Combo_Getup02=1","",24,"Base HumanLDigit11",0.4102471,0.42964,-0.1805068,0.4102471,0.5768285,-0.1805068,0.0145802,0.01717294,0.1471885
11869,15,1,"Pepe","Mankey",-1,0.1823742,0.2431647,0.1823742,11868,0.005564258,0.005564271,0.005564271,false,1635001174,1.333328,1,1,1,0,0,0,0,0,"Normalized",false,"Combo_Getup02=1","",25,"Base HumanLDigit12",0.4526601,0.4156817,-0.1756807,0.4526601,0.5628702,-0.1756806,0.01520556,0.01785196,0.1471885
11869,15,1,"Pepe","Mankey",-1,0.1823742,0.2431647,0.1823742,11868,0.005564258,0.005564271,0.005564271,false,1635001174,1.333328,1,1,1,0,0,0,0,0,"Normalized",false,"Combo_Getup02=1","",26,"Base HumanLDigit13",0.4867665,0.4018482,-0.1635158,0.4867665,0.5490367,-0.1635156,0.01566266,0.01835872,0.1471885
11869,15,1,"Pepe","Mankey",-1,0.1823742,0.2431647,0.1823742,11868,0.005564258,0.005564271,0.005564271,false,1635001174,1.333328,1,1,1,0,0,0,0,0,"Normalized",false,"Combo_Getup02=1","",27,"Base HumanLDigit21",0.468348,0.4349844,-0.1403394,0.4683479,0.5821729,-0.1403394,0.01546076,0.01812026,0.1471885
11869,15,1,"Pepe","Mankey",-1,0.1823742,0.2431647,0.1823742,11868,0.005564258,0.005564271,0.005564271,false,1635001174,1.333328,1,1,1,0,0,0,0,0,"Normalized",false,"Combo_Getup02=1","",28,"Base HumanLDigit22",0.5260146,0.424229,-0.1249364,0.5260146,0.5714174,-0.1249363,0.01631155,0.01901427,0.1471884
11869,15,1,"Pepe","Mankey",-1,0.1823742,0.2431647,0.1823742,11868,0.005564258,0.005564271,0.005564271,false,1635001174,1.333328,1,1,1,0,0,0,0,0,"Normalized",false,"Combo_Getup02=1","",29,"Base HumanLDigit23",0.5718791,0.3976449,-0.1190271,0.571879,0.5448333,-0.1190269,0.01692534,0.01969492,0.1471884
11869,15,1,"Pepe","Mankey",-1,0.1823742,0.2431647,0.1823742,11868,0.005564258,0.005564271,0.005564271,false,1635001174,1.333328,1,1,1,0,0,0,0,0,"Normalized",false,"Combo_Getup02=1","",30,"Base HumanLDigit31",0.4520181,0.4116744,-0.0930673,0.4520182,0.5588628,-0.0930672,0.01486369,0.01758789,0.1471884
11869,15,1,"Pepe","Mankey",-1,0.1823742,0.2431647,0.1823742,11868,0.005564258,0.005564271,0.005564271,false,1635001174,1.333328,1,1,1,0,0,0,0,0,"Normalized",false,"Combo_Getup02=1","",31,"Base HumanLDigit32",0.5001261,0.4005966,-0.07286673,0.5001261,0.547785,-0.0728668,0.01557885,0.01835399,0.1471885
11869,15,1,"Pepe","Mankey",-1,0.1823742,0.2431647,0.1823742,11868,0.005564258,0.005564271,0.005564271,false,1635001174,1.333328,1,1,1,0,0,0,0,0,"Normalized",false,"Combo_Getup02=1","",32,"Base HumanLDigit33",0.5444332,0.3708169,-0.0609396,0.5444332,0.5180053,-0.06093961,0.01617932,0.0190345,0.1471884
11869,15,1,"Pepe","Mankey",-1,0.1823742,0.2431647,0.1823742,11868,0.005564258,0.005564271,0.005564271,false,1635001174,1.333328,1,1,1,0,0,0,0,0,"Normalized",false,"Combo_Getup02=1","",33,"Base HumanLDigit41",0.409467,0.3911158,-0.05581005,0.409467,0.5383043,-0.05580994,0.013877,0.01664477,0.1471885
11869,15,1,"Pepe","Mankey",-1,0.1823742,0.2431647,0.1823742,11868,0.005564258,0.005564271,0.005564271,false,1635001174,1.333328,1,1,1,0,0,0,0,0,"Normalized",false,"Combo_Getup02=1","",34,"Base HumanLDigit42",0.4565123,0.3798765,-0.03332479,0.4565124,0.527065,-0.03332487,0.01457718,0.01740069,0.1471885
11869,15,1,"Pepe","Mankey",-1,0.1823742,0.2431647,0.1823742,11868,0.005564258,0.005564271,0.005564271,false,1635001174,1.333328,1,1,1,0,0,0,0,0,"Normalized",false,"Combo_Getup02=1","",35,"Base HumanLDigit43",0.5003839,0.3505308,-0.01674283,0.5003839,0.4977192,-0.01674291,0.01518829,0.01809959,0.1471884
11869,15,1,"Pepe","Mankey",-1,0.1823742,0.2431647,0.1823742,11868,0.005564258,0.005564271,0.005564271,false,1635001174,1.333328,1,1,1,0,0,0,0,0,"Normalized",false,"Combo_Getup02=1","",36,"Base HumanRArmDigit11",0.2147641,0.03069267,-0.8385757,0.2147642,0.1778811,-0.8385756,0.01136429,0.01378789,0.1471884
11869,15,1,"Pepe","Mankey",-1,0.1823742,0.2431647,0.1823742,11868,0.005564258,0.005564271,0.005564271,false,1635001174,1.333328,1,1,1,0,0,0,0,0,"Normalized",false,"Combo_Getup02=1","",37,"Base HumanRArmDigit12",0.259488,0.03390732,-0.8360413,0.2594881,0.1810958,-0.8360413,0.01200757,0.01467438,0.1471884
11869,15,1,"Pepe","Mankey",-1,0.1823742,0.2431647,0.1823742,11868,0.005564258,0.005564271,0.005564271,false,1635001174,1.333328,1,1,1,0,0,0,0,0,"Normalized",false,"Combo_Getup02=1","",38,"Base HumanRArmDigit13",0.2974261,0.03371712,-0.8439944,0.2974262,0.1809056,-0.8439944,0.01216123,0.01495566,0.1471884
11869,15,1,"Pepe","Mankey",-1,0.1823742,0.2431647,0.1823742,11868,0.005564258,0.005564271,0.005564271,false,1635001174,1.333328,1,1,1,0,0,0,0,0,"Normalized",false,"Combo_Getup02=1","",39,"Base HumanRArmDigit21",0.2727692,0.05769543,-0.8689727,0.2727693,0.2048838,-0.8689728,0.01189568,0.01416815,0.1471884
11869,15,1,"Pepe","Mankey",-1,0.1823742,0.2431647,0.1823742,11868,0.005564258,0.005564271,0.005564271,false,1635001174,1.333328,1,1,1,0,0,0,0,0,"Normalized",false,"Combo_Getup02=1","",40,"Base HumanRArmDigit22",0.3325931,0.06639856,-0.8738402,0.3325931,0.213587,-0.8738402,0.0123775,0.01484596,0.1471884
11869,15,1,"Pepe","Mankey",-1,0.1823742,0.2431647,0.1823742,11868,0.005564258,0.005564271,0.005564271,false,1635001174,1.333328,1,1,1,0,0,0,0,0,"Normalized",false,"Combo_Getup02=1","",41,"Base HumanRArmDigit23",0.3848411,0.05606487,-0.8709206,0.3848413,0.2032532,-0.8709207,0.01271208,0.01549748,0.1471884
11869,15,1,"Pepe","Mankey",-1,0.1823742,0.2431647,0.1823742,11868,0.005564258,0.005564271,0.005564271,false,1635001174,1.333328,1,1,1,0,0,0,0,0,"Normalized",false,"Combo_Getup02=1","",42,"Base HumanRArmDigit31",0.2736901,0.03157965,-0.9175712,0.2736902,0.178768,-0.9175713,0.009714034,0.01158499,0.1471884
11869,15,1,"Pepe","Mankey",-1,0.1823742,0.2431647,0.1823742,11868,0.005564258,0.005564271,0.005564271,false,1635001174,1.333328,1,1,1,0,0,0,0,0,"Normalized",false,"Combo_Getup02=1","",43,"Base HumanRArmDigit32",0.3253111,0.03700539,-0.9298603,0.3253112,0.1841938,-0.9298603,0.009814932,0.01186088,0.1471884
11869,15,1,"Pepe","Mankey",-1,0.1823742,0.2431647,0.1823742,11868,0.005564258,0.005564271,0.005564271,false,1635001174,1.333328,1,1,1,0,0,0,0,0,"Normalized",false,"Combo_Getup02=1","",44,"Base HumanRArmDigit33",0.3784299,0.02492643,-0.9348319,0.3784299,0.1721149,-0.934832,0.009691026,0.01212269,0.1471885
11869,15,1,"Pepe","Mankey",-1,0.1823742,0.2431647,0.1823742,11868,0.005564258,0.005564271,0.005564271,false,1635001174,1.333328,1,1,1,0,0,0,0,0,"Normalized",false,"Combo_Getup02=1","",45,"Base HumanRArmDigit41",0.2478932,-0.001649573,-0.9606026,0.2478932,0.1455388,-0.9606026,0.008231603,0.009246428,0.1471884
11869,15,1,"Pepe","Mankey",-1,0.1823742,0.2431647,0.1823742,11868,0.005564258,0.005564271,0.005564271,false,1635001174,1.333328,1,1,1,0,0,0,0,0,"Normalized",false,"Combo_Getup02=1","",46,"Base HumanRArmDigit42",0.299006,0.002956049,-0.9751445,0.299006,0.1501444,-0.9751444,0.00818586,0.009406799,0.1471884
11869,15,1,"Pepe","Mankey",-1,0.1823742,0.2431647,0.1823742,11868,0.005564258,0.005564271,0.005564271,false,1635001174,1.333328,1,1,1,0,0,0,0,0,"Normalized",false,"Combo_Getup02=1","",47,"Base HumanRArmDigit43",0.3521607,-0.009179363,-0.9845379,0.3521607,0.1380091,-0.984538,0.007902665,0.009553748,0.1471884
11869,15,1,"Pepe","Mankey",-1,0.1823742,0.2431647,0.1823742,11868,0.005564258,0.005564271,0.005564271,false,1635001174,1.333328,1,1,1,0,0,0,0,0,"Normalized",false,"Combo_Getup02=1","",48,"Base HumanSpine4",-0.01683433,0.3876144,-0.6677066,-0.01683433,0.5348029,-0.6677066,0.01154064,0.010513,0.1471885
11870,15,1,"Pepe","Mankey",-1,0.1858291,0.2477712,0.1858291,11869,0.0046065,0.004606491,0.004606491,false,1635001174,1.333328,1,1,1,0,0,0,0,0,"Normalized",false,"Combo_Getup02=1","",0,"Base HumanPelvis",0.05812635,0.06329569,-0.4931187,0.05812635,0.2073765,-0.4931187,0.001319978,0.001985276,0.1440808
11870,15,1,"Pepe","Mankey",-1,0.1858291,0.2477712,0.1858291,11869,0.0046065,0.004606491,0.004606491,false,1635001174,1.333328,1,1,1,0,0,0,0,0,"Normalized",false,"Combo_Getup02=1","",1,"Base HumanLLeg1",0.004015155,0.1106249,-0.3954645,0.004015155,0.2547057,-0.3954645,0.001474476,0.00185774,0.1440808
11870,15,1,"Pepe","Mankey",-1,0.1858291,0.2477712,0.1858291,11869,0.0046065,0.004606491,0.004606491,false,1635001174,1.333328,1,1,1,0,0,0,0,0,"Normalized",false,"Combo_Getup02=1","",2,"Base HumanRLeg1",0.1122375,0.01596646,-0.590773,0.1122376,0.1600472,-0.590773,0.001167492,0.002117552,0.1440808
11870,15,1,"Pepe","Mankey",-1,0.1858291,0.2477712,0.1858291,11869,0.0046065,0.004606491,0.004606491,false,1635001174,1.333328,1,1,1,0,0,0,0,0,"Normalized",false,"Combo_Getup02=1","",3,"Base HumanLLeg2",-0.07991055,0.4128718,-0.2069966,-0.07991055,0.5569526,-0.2069966,0.003915005,0.002935461,0.1440808
11870,15,1,"Pepe","Mankey",-1,0.1858291,0.2477712,0.1858291,11869,0.0046065,0.004606491,0.004606491,false,1635001174,1.333328,1,1,1,0,0,0,0,0,"Normalized",false,"Combo_Getup02=1","",4,"Base HumanRLeg2",0.356364,0.2881623,-0.5756535,0.356364,0.4322431,-0.5756534,0.006817896,0.005377693,0.1440808
11870,15,1,"Pepe","Mankey",-1,0.1858291,0.2477712,0.1858291,11869,0.0046065,0.004606491,0.004606491,false,1635001174,1.333328,1,1,1,0,0,0,0,0,"Normalized",false,"Combo_Getup02=1","",5,"Base HumanLLegAnkle",0.08393206,0.09967977,-0.1767358,0.08393205,0.2437606,-0.1767358,0.008615032,0.00964989,0.1440808
11870,15,1,"Pepe","Mankey",-1,0.1858291,0.2477712,0.1858291,11869,0.0046065,0.004606491,0.004606491,false,1635001174,1.333328,1,1,1,0,0,0,0,0,"Normalized",false,"Combo_Getup02=1","",6,"Base HumanRLegAnkle",0.5631503,0.1528245,-0.3211495,0.5631503,0.2969052,-0.3211495,0.009632687,0.01008595,0.1440808
11870,15,1,"Pepe","Mankey",-1,0.1858291,0.2477712,0.1858291,11869,0.0046065,0.004606491,0.004606491,false,1635001174,1.333328,1,1,1,0,0,0,0,0,"Normalized",false,"Combo_Getup02=1","",7,"Base HumanSpine1",0.0278093,0.08439261,-0.5201426,0.02780929,0.2284734,-0.5201426,0.001991447,0.001489443,0.1440808
11870,15,1,"Pepe","Mankey",-1,0.1858291,0.2477712,0.1858291,11869,0.0046065,0.004606491,0.004606491,false,1635001174,1.333328,1,1,1,0,0,0,0,0,"Normalized",false,"Combo_Getup02=1","",8,"Base HumanSpine3",-0.04783514,0.2865014,-0.6237956,-0.04783516,0.4305822,-0.6237957,0.006671541,0.005187656,0.1440808
11870,15,1,"Pepe","Mankey",-1,0.1858291,0.2477712,0.1858291,11869,0.0046065,0.004606491,0.004606491,false,1635001174,1.333328,1,1,1,0,0,0,0,0,"Normalized",false,"Combo_Getup02=1","",9,"Base HumanNeck1",0.09686435,0.5041825,-0.7218276,0.09686431,0.6482634,-0.7218276,0.01281651,0.01291168,0.1440809
11870,15,1,"Pepe","Mankey",-1,0.1858291,0.2477712,0.1858291,11869,0.0046065,0.004606491,0.004606491,false,1635001174,1.333328,1,1,1,0,0,0,0,0,"Normalized",false,"Combo_Getup02=1","",10,"Base HumanHead",0.1809711,0.6250469,-0.7005432,0.1809711,0.7691279,-0.7005432,0.01704959,0.01761073,0.144081
11870,15,1,"Pepe","Mankey",-1,0.1858291,0.2477712,0.1858291,11869,0.0046065,0.004606491,0.004606491,false,1635001174,1.333328,1,1,1,0,0,0,0,0,"Normalized",false,"Combo_Getup02=1","",11,"Base HumanLCollarbone",0.1515409,0.4107201,-0.6891796,0.1515409,0.554801,-0.6891797,0.009481705,0.01032588,0.1440808
11870,15,1,"Pepe","Mankey",-1,0.1858291,0.2477712,0.1858291,11869,0.0046065,0.004606491,0.004606491,false,1635001174,1.333328,1,1,1,0,0,0,0,0,"Normalized",false,"Combo_Getup02=1","",12,"Base HumanRArmCollarbone",0.1332422,0.3997225,-0.7453938,0.1332422,0.5438033,-0.7453939,0.009237181,0.009688034,0.1440809
11870,15,1,"Pepe","Mankey",-1,0.1858291,0.2477712,0.1858291,11869,0.0046065,0.004606491,0.004606491,false,1635001174,1.333328,1,1,1,0,0,0,0,0,"Normalized",false,"Combo_Getup02=1","",13,"Base HumanLUpperarm",0.1482595,0.5383394,-0.5196159,0.1482595,0.6824203,-0.5196159,0.01364141,0.01466572,0.1440809
11870,15,1,"Pepe","Mankey",-1,0.1858291,0.2477712,0.1858291,11869,0.0046065,0.004606491,0.004606491,false,1635001174,1.333328,1,1,1,0,0,0,0,0,"Normalized",false,"Combo_Getup02=1","",14,"Base HumanRArmUpperarm",0.0360602,0.447785,-0.9278631,0.03606023,0.5918659,-0.9278631,0.0131706,0.01220275,0.1440809
11870,15,1,"Pepe","Mankey",-1,0.1858291,0.2477712,0.1858291,11869,0.0046065,0.004606491,0.004606491,false,1635001174,1.333328,1,1,1,0,0,0,0,0,"Normalized",false,"Combo_Getup02=1","",15,"Base HumanLForearm",0.1095152,0.4938295,-0.2440152,0.1095152,0.6379103,-0.2440152,0.009245649,0.01114844,0.1440808
11870,15,1,"Pepe","Mankey",-1,0.1858291,0.2477712,0.1858291,11869,0.0046065,0.004606491,0.004606491,false,1635001174,1.333328,1,1,1,0,0,0,0,0,"Normalized",false,"Combo_Getup02=1","",16,"Base HumanRArmForearm",-0.0366176,0.1834384,-0.862463,-0.03661763,0.3275192,-0.8624631,0.00919956,0.007188279,0.1440808
11870,15,1,"Pepe","Mankey",-1,0.1858291,0.2477712,0.1858291,11869,0.0046065,0.004606491,0.004606491,false,1635001174,1.333328,1,1,1,0,0,0,0,0,"Normalized",false,"Combo_Getup02=1","",17,"Base HumanLPalm",0.3430079,0.4238779,-0.1640403,0.3430079,0.5679588,-0.1640404,0.01073389,0.01291375,0.1440809
11870,15,1,"Pepe","Mankey",-1,0.1858291,0.2477712,0.1858291,11869,0.0046065,0.004606491,0.004606491,false,1635001174,1.333328,1,1,1,0,0,0,0,0,"Normalized",false,"Combo_Getup02=1","",18,"Base HumanRArmPalm",0.1459774,0.00343931,-0.8542618,0.1459774,0.1475202,-0.8542619,0.007324715,0.008880366,0.1440809
11870,15,1,"Pepe","Mankey",-1,0.1858291,0.2477712,0.1858291,11869,0.0046065,0.004606491,0.004606491,false,1635001174,1.333328,1,1,1,0,0,0,0,0,"Normalized",false,"Combo_Getup02=1","",19,"Base HumanLLegDigit11",0.2592996,0.1860318,0.02491221,0.2592996,0.3301126,0.0249123,0.009068168,0.0115039,0.1440808
11870,15,1,"Pepe","Mankey",-1,0.1858291,0.2477712,0.1858291,11869,0.0046065,0.004606491,0.004606491,false,1635001174,1.333328,1,1,1,0,0,0,0,0,"Normalized",false,"Combo_Getup02=1","",20,"Base HumanRLegDigit11",0.6741533,0.4069808,-0.3653662,0.6741534,0.5510616,-0.3653662,0.009663976,0.009962611,0.1440808
11870,15,1,"Pepe","Mankey",-1,0.1858291,0.2477712,0.1858291,11869,0.0046065,0.004606491,0.004606491,false,1635001174,1.333328,1,1,1,0,0,0,0,0,"Normalized",false,"Combo_Getup02=1","",21,"Object001",0.2682064,0.6994845,-0.4744016,0.2682063,0.8435655,-0.4744017,0.01605833,0.01717544,0.1440809
11870,15,1,"Pepe","Mankey",-1,0.1858291,0.2477712,0.1858291,11869,0.0046065,0.004606491,0.004606491,false,1635001174,1.333328,1,1,1,0,0,0,0,0,"Normalized",false,"Combo_Getup02=1","",22,"Monkey_eyes",0.4323769,0.6284186,-0.6667412,0.4323769,0.7724995,-0.6667411,0.02011338,0.02124832,0.1440809
11870,15,1,"Pepe","Mankey",-1,0.1858291,0.2477712,0.1858291,11869,0.0046065,0.004606491,0.004606491,false,1635001174,1.333328,1,1,1,0,0,0,0,0,"Normalized",false,"Combo_Getup02=1","",23,"Base HumanHeadBone001",0.2529558,0.4703336,-0.5819416,0.2529558,0.6144146,-0.5819416,0.01349346,0.01461924,0.1440809
11870,15,1,"Pepe","Mankey",-1,0.1858291,0.2477712,0.1858291,11869,0.0046065,0.004606491,0.004606491,false,1635001174,1.333328,1,1,1,0,0,0,0,0,"Normalized",false,"Combo_Getup02=1","",24,"Base HumanLDigit11",0.4158008,0.4221427,-0.17357,0.4158008,0.5662236,-0.1735701,0.01162634,0.01383571,0.1440808
11870,15,1,"Pepe","Mankey",-1,0.1858291,0.2477712,0.1858291,11869,0.0046065,0.004606491,0.004606491,false,1635001174,1.333328,1,1,1,0,0,0,0,0,"Normalized",false,"Combo_Getup02=1","",25,"Base HumanLDigit12",0.4579989,0.4076657,-0.1684008,0.4579989,0.5517465,-0.1684009,0.01207297,0.01432603,0.1440808
11870,15,1,"Pepe","Mankey",-1,0.1858291,0.2477712,0.1858291,11869,0.0046065,0.004606491,0.004606491,false,1635001174,1.333328,1,1,1,0,0,0,0,0,"Normalized",false,"Combo_Getup02=1","",26,"Base HumanLDigit13",0.4918387,0.3934016,-0.1559909,0.4918386,0.5374824,-0.155991,0.01239744,0.01469177,0.1440809
11870,15,1,"Pepe","Mankey",-1,0.1858291,0.2477712,0.1858291,11869,0.0046065,0.004606491,0.004606491,false,1635001174,1.333328,1,1,1,0,0,0,0,0,"Normalized",false,"Combo_Getup02=1","",27,"Base HumanLDigit21",0.4736013,0.426768,-0.1328834,0.4736012,0.5708488,-0.1328835,0.01227595,0.01454042,0.1440807
11870,15,1,"Pepe","Mankey",-1,0.1858291,0.2477712,0.1858291,11869,0.0046065,0.004606491,0.004606491,false,1635001174,1.333328,1,1,1,0,0,0,0,0,"Normalized",false,"Combo_Getup02=1","",28,"Base HumanLDigit22",0.5310185,0.4153959,-0.1169994,0.5310185,0.5594767,-0.1169994,0.01288636,0.01518598,0.1440808
11870,15,1,"Pepe","Mankey",-1,0.1858291,0.2477712,0.1858291,11869,0.0046065,0.004606491,0.004606491,false,1635001174,1.333328,1,1,1,0,0,0,0,0,"Normalized",false,"Combo_Getup02=1","",29,"Base HumanLDigit23",0.5764983,0.3882116,-0.110852,0.5764983,0.5322924,-0.1108521,0.01330996,0.01566649,0.1440808
11870,15,1,"Pepe","Mankey",-1,0.1858291,0.2477712,0.1858291,11869,0.0046065,0.004606491,0.004606491,false,1635001174,1.333328,1,1,1,0,0,0,0,0,"Normalized",false,"Combo_Getup02=1","",30,"Base HumanLDigit31",0.4566088,0.4035232,-0.08581313,0.4566088,0.547604,-0.08581311,0.01183806,0.01415828,0.1440808
11870,15,1,"Pepe","Mankey",-1,0.1858291,0.2477712,0.1858291,11869,0.0046065,0.004606491,0.004606491,false,1635001174,1.333328,1,1,1,0,0,0,0,0,"Normalized",false,"Combo_Getup02=1","",31,"Base HumanLDigit32",0.5044342,0.3918577,-0.06527513,0.5044342,0.5359386,-0.06527513,0.01235148,0.01471502,0.1440808
11870,15,1,"Pepe","Mankey",-1,0.1858291,0.2477712,0.1858291,11869,0.0046065,0.004606491,0.004606491,false,1635001174,1.333328,1,1,1,0,0,0,0,0,"Normalized",false,"Combo_Getup02=1","",32,"Base HumanLDigit33",0.5482527,0.3614287,-0.05318312,0.5482528,0.5055094,-0.05318329,0.01276285,0.01519532,0.1440807
11870,15,1,"Pepe","Mankey",-1,0.1858291,0.2477712,0.1858291,11869,0.0046065,0.004606491,0.004606491,false,1635001174,1.333328,1,1,1,0,0,0,0,0,"Normalized",false,"Combo_Getup02=1","",33,"Base HumanLDigit41",0.4135149,0.3833348,-0.04897972,0.4135149,0.5274156,-0.04897988,0.01111672,0.01347589,0.1440808
11870,15,1,"Pepe","Mankey",-1,0.1858291,0.2477712,0.1858291,11869,0.0046065,0.004606491,0.004606491,false,1635001174,1.333328,1,1,1,0,0,0,0,0,"Normalized",false,"Combo_Getup02=1","",34,"Base HumanLDigit42",0.4602741,0.3715009,-0.02620471,0.4602741,0.5155818,-0.02620488,0.01161882,0.01402527,0.1440808
11870,15,1,"Pepe","Mankey",-1,0.1858291,0.2477712,0.1858291,11869,0.0046065,0.004606491,0.004606491,false,1635001174,1.333328,1,1,1,0,0,0,0,0,"Normalized",false,"Combo_Getup02=1","",35,"Base HumanLDigit43",0.5036396,0.3414748,-0.009509975,0.5036396,0.4855556,-0.0095101,0.01203851,0.01452121,0.1440808
11870,15,1,"Pepe","Mankey",-1,0.1858291,0.2477712,0.1858291,11869,0.0046065,0.004606491,0.004606491,false,1635001174,1.333328,1,1,1,0,0,0,0,0,"Normalized",false,"Combo_Getup02=1","",36,"Base HumanRArmDigit11",0.2122438,0.0259023,-0.8319728,0.2122438,0.1699832,-0.8319729,0.008538038,0.01059834,0.1440809
11870,15,1,"Pepe","Mankey",-1,0.1858291,0.2477712,0.1858291,11869,0.0046065,0.004606491,0.004606491,false,1635001174,1.333328,1,1,1,0,0,0,0,0,"Normalized",false,"Combo_Getup02=1","",37,"Base HumanRArmDigit12",0.2570458,0.02802533,-0.8296804,0.2570458,0.1721062,-0.8296806,0.00900125,0.01127989,0.1440809
11870,15,1,"Pepe","Mankey",-1,0.1858291,0.2477712,0.1858291,11869,0.0046065,0.004606491,0.004606491,false,1635001174,1.333328,1,1,1,0,0,0,0,0,"Normalized",false,"Combo_Getup02=1","",38,"Base HumanRArmDigit13",0.294904,0.02733411,-0.8379787,0.294904,0.171415,-0.8379788,0.009126471,0.01151603,0.1440809
11870,15,1,"Pepe","Mankey",-1,0.1858291,0.2477712,0.1858291,11869,0.0046065,0.004606491,0.004606491,false,1635001174,1.333328,1,1,1,0,0,0,0,0,"Normalized",false,"Combo_Getup02=1","",39,"Base HumanRArmDigit21",0.2705786,0.05297082,-0.8616722,0.2705786,0.1970516,-0.8616723,0.008967596,0.01092881,0.1440808
11870,15,1,"Pepe","Mankey",-1,0.1858291,0.2477712,0.1858291,11869,0.0046065,0.004606491,0.004606491,false,1635001174,1.333328,1,1,1,0,0,0,0,0,"Normalized",false,"Combo_Getup02=1","",40,"Base HumanRArmDigit22",0.3305049,0.06084873,-0.8666837,0.330505,0.2049295,-0.8666838,0.009293938,0.01142472,0.1440808
11870,15,1,"Pepe","Mankey",-1,0.1858291,0.2477712,0.1858291,11869,0.0046065,0.004606491,0.004606491,false,1635001174,1.333328,1,1,1,0,0,0,0,0,"Normalized",false,"Combo_Getup02=1","",41,"Base HumanRArmDigit23",0.3825622,0.04941156,-0.8645853,0.3825622,0.1934924,-0.8645855,0.009465541,0.01185758,0.1440808
11870,15,1,"Pepe","Mankey",-1,0.1858291,0.2477712,0.1858291,11869,0.0046065,0.004606491,0.004606491,false,1635001174,1.333328,1,1,1,0,0,0,0,0,"Normalized",false,"Combo_Getup02=1","",42,"Base HumanRArmDigit31",0.2706099,0.02891396,-0.9113307,0.2706101,0.1729948,-0.9113309,0.007452362,0.009042151,0.1440808
11870,15,1,"Pepe","Mankey",-1,0.1858291,0.2477712,0.1858291,11869,0.0046065,0.004606491,0.004606491,false,1635001174,1.333328,1,1,1,0,0,0,0,0,"Normalized",false,"Combo_Getup02=1","",43,"Base HumanRArmDigit32",0.3222396,0.03386727,-0.9237816,0.3222397,0.1779482,-0.9237819,0.007498788,0.009240613,0.1440809
11870,15,1,"Pepe","Mankey",-1,0.1858291,0.2477712,0.1858291,11869,0.0046065,0.004606491,0.004606491,false,1635001174,1.333328,1,1,1,0,0,0,0,0,"Normalized",false,"Combo_Getup02=1","",44,"Base HumanRArmDigit33",0.3750718,0.02096498,-0.9296573,0.3750717,0.1650459,-0.9296573,0.007331233,0.00938216,0.1440809
11870,15,1,"Pepe","Mankey",-1,0.1858291,0.2477712,0.1858291,11869,0.0046065,0.004606491,0.004606491,false,1635001174,1.333328,1,1,1,0,0,0,0,0,"Normalized",false,"Combo_Getup02=1","",45,"Base HumanRArmDigit41",0.2438219,-0.001936871,-0.9555121,0.2438219,0.142144,-0.9555122,0.006524686,0.00734935,0.1440809
11870,15,1,"Pepe","Mankey",-1,0.1858291,0.2477712,0.1858291,11869,0.0046065,0.004606491,0.004606491,false,1635001174,1.333328,1,1,1,0,0,0,0,0,"Normalized",false,"Combo_Getup02=1","",46,"Base HumanRArmDigit42",0.2949342,0.002265753,-0.9701774,0.2949341,0.1463467,-0.9701775,0.006459747,0.007461514,0.1440809
11870,15,1,"Pepe","Mankey",-1,0.1858291,0.2477712,0.1858291,11869,0.0046065,0.004606491,0.004606491,false,1635001174,1.333328,1,1,1,0,0,0,0,0,"Normalized",false,"Combo_Getup02=1","",47,"Base HumanRArmDigit43",0.3477735,-0.01056573,-0.9803893,0.3477735,0.1335152,-0.9803894,0.006195175,0.007526801,0.1440809
11870,15,1,"Pepe","Mankey",-1,0.1858291,0.2477712,0.1858291,11869,0.0046065,0.004606491,0.004606491,false,1635001174,1.333328,1,1,1,0,0,0,0,0,"Normalized",false,"Combo_Getup02=1","",48,"Base HumanSpine4",-0.008934286,0.3915093,-0.6653452,-0.008934341,0.5355901,-0.6653452,0.009119054,0.008282864,0.1440808
11871,15,1,"Pepe","Mankey",-1,0.1893454,0.2524596,0.1893454,11870,0.004688427,0.004688428,0.004688428,false,1635001174,1.333328,1,1,1,0,0,0,0,0,"Normalized",false,"Combo_Getup02=1","",0,"Base HumanPelvis",0.05813022,0.06456827,-0.493639,0.05813021,0.2053963,-0.493639,0.00137482,0.002047393,0.140828
11871,15,1,"Pepe","Mankey",-1,0.1893454,0.2524596,0.1893454,11870,0.004688427,0.004688428,0.004688428,false,1635001174,1.333328,1,1,1,0,0,0,0,0,"Normalized",false,"Combo_Getup02=1","",1,"Base HumanLLeg1",0.004090149,0.1119957,-0.395993,0.004090153,0.2528238,-0.395993,0.001471085,0.001956199,0.140828
11871,15,1,"Pepe","Mankey",-1,0.1893454,0.2524596,0.1893454,11870,0.004688427,0.004688428,0.004688428,false,1635001174,1.333328,1,1,1,0,0,0,0,0,"Normalized",false,"Combo_Getup02=1","",2,"Base HumanRLeg1",0.1121703,0.01714079,-0.591285,0.1121703,0.1579688,-0.591285,0.00128286,0.002141607,0.140828
11871,15,1,"Pepe","Mankey",-1,0.1893454,0.2524596,0.1893454,11870,0.004688427,0.004688428,0.004688428,false,1635001174,1.333328,1,1,1,0,0,0,0,0,"Normalized",false,"Combo_Getup02=1","",3,"Base HumanLLeg2",-0.08002778,0.4153635,-0.2094212,-0.08002779,0.5561916,-0.2094212,0.003478688,0.002543932,0.140828
11871,15,1,"Pepe","Mankey",-1,0.1893454,0.2524596,0.1893454,11870,0.004688427,0.004688428,0.004688428,false,1635001174,1.333328,1,1,1,0,0,0,0,0,"Normalized",false,"Combo_Getup02=1","",4,"Base HumanRLeg2",0.3528702,0.2925468,-0.5797954,0.3528701,0.4333748,-0.5797954,0.006970373,0.005535683,0.140828
11871,15,1,"Pepe","Mankey",-1,0.1893454,0.2524596,0.1893454,11870,0.004688427,0.004688428,0.004688428,false,1635001174,1.333328,1,1,1,0,0,0,0,0,"Normalized",false,"Combo_Getup02=1","",5,"Base HumanLLegAnkle",0.07594075,0.09824098,-0.1784932,0.07594075,0.239069,-0.1784932,0.00830781,0.009431872,0.140828
11871,15,1,"Pepe","Mankey",-1,0.1893454,0.2524596,0.1893454,11870,0.004688427,0.004688428,0.004688428,false,1635001174,1.333328,1,1,1,0,0,0,0,0,"Normalized",false,"Combo_Getup02=1","",6,"Base HumanRLegAnkle",0.5536564,0.1528816,-0.3228367,0.5536563,0.2937096,-0.3228367,0.009642806,0.01015849,0.140828
11871,15,1,"Pepe","Mankey",-1,0.1893454,0.2524596,0.1893454,11870,0.004688427,0.004688428,0.004688428,false,1635001174,1.333328,1,1,1,0,0,0,0,0,"Normalized",false,"Combo_Getup02=1","",7,"Base HumanSpine1",0.02829725,0.08629522,-0.5207024,0.02829725,0.2271232,-0.5207024,0.002042404,0.001540905,0.140828
11871,15,1,"Pepe","Mankey",-1,0.1893454,0.2524596,0.1893454,11870,0.004688427,0.004688428,0.004688428,false,1635001174,1.333328,1,1,1,0,0,0,0,0,"Normalized",false,"Combo_Getup02=1","",8,"Base HumanSpine3",-0.04307729,0.2908064,-0.6226576,-0.04307731,0.4316345,-0.6226576,0.006516518,0.005003964,0.1408281
11871,15,1,"Pepe","Mankey",-1,0.1893454,0.2524596,0.1893454,11870,0.004688427,0.004688428,0.004688428,false,1635001174,1.333328,1,1,1,0,0,0,0,0,"Normalized",false,"Combo_Getup02=1","",9,"Base HumanNeck1",0.1080859,0.5053865,-0.7172726,0.1080859,0.6462145,-0.7172728,0.01217046,0.01228289,0.140828
11871,15,1,"Pepe","Mankey",-1,0.1893454,0.2524596,0.1893454,11870,0.004688427,0.004688428,0.004688428,false,1635001174,1.333328,1,1,1,0,0,0,0,0,"Normalized",false,"Combo_Getup02=1","",10,"Base HumanHead",0.1952057,0.6235673,-0.6932178,0.1952057,0.7643953,-0.6932179,0.01607712,0.01669372,0.140828
11871,15,1,"Pepe","Mankey",-1,0.1893454,0.2524596,0.1893454,11870,0.004688427,0.004688428,0.004688428,false,1635001174,1.333328,1,1,1,0,0,0,0,0,"Normalized",false,"Combo_Getup02=1","",11,"Base HumanLCollarbone",0.1596853,0.4098685,-0.6855798,0.1596852,0.5506966,-0.6855798,0.008945092,0.009804882,0.1408281
11871,15,1,"Pepe","Mankey",-1,0.1893454,0.2524596,0.1893454,11870,0.004688427,0.004688428,0.004688428,false,1635001174,1.333328,1,1,1,0,0,0,0,0,"Normalized",false,"Combo_Getup02=1","",12,"Base HumanRArmCollarbone",0.1413518,0.4001652,-0.7420205,0.1413518,0.5409932,-0.7420206,0.008794332,0.009221802,0.140828
11871,15,1,"Pepe","Mankey",-1,0.1893454,0.2524596,0.1893454,11870,0.004688427,0.004688428,0.004688428,false,1635001174,1.333328,1,1,1,0,0,0,0,0,"Normalized",false,"Combo_Getup02=1","",13,"Base HumanLUpperarm",0.1595907,0.5353008,-0.5143605,0.1595907,0.6761288,-0.5143605,0.01285486,0.01398566,0.140828
11871,15,1,"Pepe","Mankey",-1,0.1893454,0.2524596,0.1893454,11870,0.004688427,0.004688428,0.004688428,false,1635001174,1.333328,1,1,1,0,0,0,0,0,"Normalized",false,"Combo_Getup02=1","",14,"Base HumanRArmUpperarm",0.04709663,0.4532762,-0.9246255,0.0470966,0.5941042,-0.9246255,0.01274513,0.01171722,0.1408279
11871,15,1,"Pepe","Mankey",-1,0.1893454,0.2524596,0.1893454,11870,0.004688427,0.004688428,0.004688428,false,1635001174,1.333328,1,1,1,0,0,0,0,0,"Normalized",false,"Combo_Getup02=1","",15,"Base HumanLForearm",0.1163859,0.4891594,-0.2396929,0.1163858,0.6299874,-0.2396928,0.009364718,0.01134285,0.140828
11871,15,1,"Pepe","Mankey",-1,0.1893454,0.2524596,0.1893454,11870,0.004688427,0.004688428,0.004688428,false,1635001174,1.333328,1,1,1,0,0,0,0,0,"Normalized",false,"Combo_Getup02=1","",16,"Base HumanRArmForearm",-0.03067092,0.1901353,-0.860225,-0.03067098,0.3309633,-0.8602251,0.009231475,0.007227262,0.140828
11871,15,1,"Pepe","Mankey",-1,0.1893454,0.2524596,0.1893454,11870,0.004688427,0.004688428,0.004688428,false,1635001174,1.333328,1,1,1,0,0,0,0,0,"Normalized",false,"Combo_Getup02=1","",17,"Base HumanLPalm",0.3486775,0.4173447,-0.157893,0.3486776,0.5581726,-0.157893,0.01061217,0.01287262,0.140828
11871,15,1,"Pepe","Mankey",-1,0.1893454,0.2524596,0.1893454,11870,0.004688427,0.004688428,0.004688428,false,1635001174,1.333328,1,1,1,0,0,0,0,0,"Normalized",false,"Combo_Getup02=1","",18,"Base HumanRArmPalm",0.142711,0.001425037,-0.8486051,0.142711,0.142253,-0.8486052,0.006835534,0.008391107,0.140828
11871,15,1,"Pepe","Mankey",-1,0.1893454,0.2524596,0.1893454,11870,0.004688427,0.004688428,0.004688428,false,1635001174,1.333328,1,1,1,0,0,0,0,0,"Normalized",false,"Combo_Getup02=1","",19,"Base HumanLLegDigit11",0.2534406,0.1795205,0.02339751,0.2534405,0.3203486,0.02339751,0.008889256,0.01148739,0.140828
11871,15,1,"Pepe","Mankey",-1,0.1893454,0.2524596,0.1893454,11870,0.004688427,0.004688428,0.004688428,false,1635001174,1.333328,1,1,1,0,0,0,0,0,"Normalized",false,"Combo_Getup02=1","",20,"Base HumanRLegDigit11",0.6647868,0.4074753,-0.3641209,0.6647868,0.5483032,-0.3641209,0.009461861,0.009843415,0.140828
11871,15,1,"Pepe","Mankey",-1,0.1893454,0.2524596,0.1893454,11870,0.004688427,0.004688428,0.004688428,false,1635001174,1.333328,1,1,1,0,0,0,0,0,"Normalized",false,"Combo_Getup02=1","",21,"Object001",0.2794778,0.6951014,-0.4650248,0.2794778,0.8359293,-0.4650248,0.01530297,0.01653125,0.140828
11871,15,1,"Pepe","Mankey",-1,0.1893454,0.2524596,0.1893454,11870,0.004688427,0.004688428,0.004688428,false,1635001174,1.333328,1,1,1,0,0,0,0,0,"Normalized",false,"Combo_Getup02=1","",22,"Monkey_eyes",0.4459792,0.6227551,-0.6548671,0.4459793,0.7635831,-0.6548672,0.0189233,0.02013748,0.140828
11871,15,1,"Pepe","Mankey",-1,0.1893454,0.2524596,0.1893454,11870,0.004688427,0.004688428,0.004688428,false,1635001174,1.333328,1,1,1,0,0,0,0,0,"Normalized",false,"Combo_Getup02=1","",23,"Base HumanHeadBone001",0.2626039,0.4669468,-0.5744246,0.2626039,0.6077747,-0.5744247,0.01269097,0.01391683,0.140828
11871,15,1,"Pepe","Mankey",-1,0.1893454,0.2524596,0.1893454,11870,0.004688427,0.004688428,0.004688428,false,1635001174,1.333328,1,1,1,0,0,0,0,0,"Normalized",false,"Combo_Getup02=1","",24,"Base HumanLDigit11",0.4215187,0.414945,-0.1668953,0.4215187,0.555773,-0.1668952,0.0113602,0.0136552,0.140828
11871,15,1,"Pepe","Mankey",-1,0.1893454,0.2524596,0.1893454,11870,0.004688427,0.004688428,0.004688428,false,1635001174,1.333328,1,1,1,0,0,0,0,0,"Normalized",false,"Combo_Getup02=1","",25,"Base HumanLDigit12",0.4635193,0.4000016,-0.1614519,0.4635194,0.5408296,-0.1614519,0.01172605,0.01406921,0.140828
11871,15,1,"Pepe","Mankey",-1,0.1893454,0.2524596,0.1893454,11870,0.004688427,0.004688428,0.004688428,false,1635001174,1.333328,1,1,1,0,0,0,0,0,"Normalized",false,"Combo_Getup02=1","",26,"Base HumanLDigit13",0.4971218,0.3853469,-0.1488539,0.4971218,0.5261748,-0.1488539,0.01198862,0.01437748,0.140828
11871,15,1,"Pepe","Mankey",-1,0.1893454,0.2524596,0.1893454,11870,0.004688427,0.004688428,0.004688428,false,1635001174,1.333328,1,1,1,0,0,0,0,0,"Normalized",false,"Combo_Getup02=1","",27,"Base HumanLDigit21",0.4790604,0.4189104,-0.1257746,0.4790603,0.5597383,-0.1257747,0.01191974,0.01427511,0.1408279
11871,15,1,"Pepe","Mankey",-1,0.1893454,0.2524596,0.1893454,11870,0.004688427,0.004688428,0.004688428,false,1635001174,1.333328,1,1,1,0,0,0,0,0,"Normalized",false,"Combo_Getup02=1","",28,"Base HumanLDigit22",0.5362562,0.4069889,-0.1094991,0.5362563,0.5478169,-0.1094991,0.01242438,0.01482027,0.140828
11871,15,1,"Pepe","Mankey",-1,0.1893454,0.2524596,0.1893454,11870,0.004688427,0.004688428,0.004688428,false,1635001174,1.333328,1,1,1,0,0,0,0,0,"Normalized",false,"Combo_Getup02=1","",29,"Base HumanLDigit23",0.5813862,0.3792632,-0.1031937,0.5813863,0.5200912,-0.1031938,0.01275208,0.01521227,0.140828
11871,15,1,"Pepe","Mankey",-1,0.1893454,0.2524596,0.1893454,11870,0.004688427,0.004688428,0.004688428,false,1635001174,1.333328,1,1,1,0,0,0,0,0,"Normalized",false,"Combo_Getup02=1","",30,"Base HumanLDigit31",0.4615038,0.3956992,-0.07889508,0.4615038,0.5365272,-0.07889506,0.01153411,0.01394687,0.140828
11871,15,1,"Pepe","Mankey",-1,0.1893454,0.2524596,0.1893454,11870,0.004688427,0.004688428,0.004688428,false,1635001174,1.333328,1,1,1,0,0,0,0,0,"Normalized",false,"Combo_Getup02=1","",31,"Base HumanLDigit32",0.5090826,0.3835004,-0.0580958,0.5090827,0.5243284,-0.0580959,0.01195807,0.01442036,0.140828
11871,15,1,"Pepe","Mankey",-1,0.1893454,0.2524596,0.1893454,11870,0.004688427,0.004688428,0.004688428,false,1635001174,1.333328,1,1,1,0,0,0,0,0,"Normalized",false,"Combo_Getup02=1","",32,"Base HumanLDigit33",0.5524595,0.3524782,-0.04591895,0.5524596,0.4933062,-0.04591918,0.01227095,0.01481157,0.140828
11871,15,1,"Pepe","Mankey",-1,0.1893454,0.2524596,0.1893454,11870,0.004688427,0.004688428,0.004688428,false,1635001174,1.333328,1,1,1,0,0,0,0,0,"Normalized",false,"Combo_Getup02=1","",33,"Base HumanLDigit41",0.4179518,0.37582,-0.04243432,0.4179517,0.5166479,-0.04243445,0.01090876,0.01335926,0.140828
11871,15,1,"Pepe","Mankey",-1,0.1893454,0.2524596,0.1893454,11870,0.004688427,0.004688428,0.004688428,false,1635001174,1.333328,1,1,1,0,0,0,0,0,"Normalized",false,"Combo_Getup02=1","",34,"Base HumanLDigit42",0.4644646,0.3634436,-0.01944422,0.4644647,0.5042716,-0.01944426,0.01132186,0.01382703,0.140828
11871,15,1,"Pepe","Mankey",-1,0.1893454,0.2524596,0.1893454,11870,0.004688427,0.004688428,0.004688428,false,1635001174,1.333328,1,1,1,0,0,0,0,0,"Normalized",false,"Combo_Getup02=1","",35,"Base HumanLDigit43",0.507377,0.3327914,-0.002716207,0.5073769,0.4736193,-0.002716362,0.01164144,0.01423369,0.1408279
11871,15,1,"Pepe","Mankey",-1,0.1893454,0.2524596,0.1893454,11870,0.004688427,0.004688428,0.004688428,false,1635001174,1.333328,1,1,1,0,0,0,0,0,"Normalized",false,"Combo_Getup02=1","",36,"Base HumanRArmDigit11",0.209558,0.02170243,-0.8259574,0.209558,0.1625304,-0.8259574,0.007812651,0.009947057,0.140828
11871,15,1,"Pepe","Mankey",-1,0.1893454,0.2524596,0.1893454,11870,0.004688427,0.004688428,0.004688428,false,1635001174,1.333328,1,1,1,0,0,0,0,0,"Normalized",false,"Combo_Getup02=1","",37,"Base HumanRArmDigit12",0.2544098,0.02278261,-0.8239252,0.2544098,0.1636107,-0.8239251,0.00821932,0.01059469,0.140828
11871,15,1,"Pepe","Mankey",-1,0.1893454,0.2524596,0.1893454,11870,0.004688427,0.004688428,0.004688428,false,1635001174,1.333328,1,1,1,0,0,0,0,0,"Normalized",false,"Combo_Getup02=1","",38,"Base HumanRArmDigit13",0.2921816,0.02159814,-0.8325549,0.2921817,0.1624262,-0.8325549,0.008350459,0.01084566,0.1408281
11871,15,1,"Pepe","Mankey",-1,0.1893454,0.2524596,0.1893454,11870,0.004688427,0.004688428,0.004688428,false,1635001174,1.333328,1,1,1,0,0,0,0,0,"Normalized",false,"Combo_Getup02=1","",39,"Base HumanRArmDigit21",0.2682353,0.04871282,-0.8550284,0.2682353,0.1895408,-0.8550285,0.008231722,0.01029778,0.140828
11871,15,1,"Pepe","Mankey",-1,0.1893454,0.2524596,0.1893454,11870,0.004688427,0.004688428,0.004688428,false,1635001174,1.333328,1,1,1,0,0,0,0,0,"Normalized",false,"Combo_Getup02=1","",40,"Base HumanRArmDigit22",0.3282433,0.05582573,-0.8602037,0.3282434,0.1966537,-0.8602038,0.008504981,0.01075154,0.140828
11871,15,1,"Pepe","Mankey",-1,0.1893454,0.2524596,0.1893454,11870,0.004688427,0.004688428,0.004688428,false,1635001174,1.333328,1,1,1,0,0,0,0,0,"Normalized",false,"Combo_Getup02=1","",41,"Base HumanRArmDigit23",0.3801091,0.04343889,-0.8589085,0.3801091,0.1842669,-0.8589087,0.008597439,0.01110649,0.140828
11871,15,1,"Pepe","Mankey",-1,0.1893454,0.2524596,0.1893454,11870,0.004688427,0.004688428,0.004688428,false,1635001174,1.333328,1,1,1,0,0,0,0,0,"Normalized",false,"Combo_Getup02=1","",42,"Base HumanRArmDigit31",0.2674638,0.02656288,-0.9055604,0.2674639,0.1673909,-0.9055606,0.006980085,0.008637036,0.1408281
11871,15,1,"Pepe","Mankey",-1,0.1893454,0.2524596,0.1893454,11870,0.004688427,0.004688428,0.004688428,false,1635001174,1.333328,1,1,1,0,0,0,0,0,"Normalized",false,"Combo_Getup02=1","",43,"Base HumanRArmDigit32",0.3190925,0.03106754,-0.9181849,0.3190925,0.1718956,-0.918185,0.007004753,0.008824033,0.140828
11871,15,1,"Pepe","Mankey",-1,0.1893454,0.2524596,0.1893454,11870,0.004688427,0.004688428,0.004688428,false,1635001174,1.333328,1,1,1,0,0,0,0,0,"Normalized",false,"Combo_Getup02=1","",44,"Base HumanRArmDigit33",0.3716456,0.01747236,-0.9249355,0.3716456,0.1583004,-0.9249356,0.006799454,0.008918241,0.140828
11871,15,1,"Pepe","Mankey",-1,0.1893454,0.2524596,0.1893454,11870,0.004688427,0.004688428,0.004688428,false,1635001174,1.333328,1,1,1,0,0,0,0,0,"Normalized",false,"Combo_Getup02=1","",45,"Base HumanRArmDigit41",0.2397771,-0.002049049,-0.9506844,0.2397771,0.1387789,-0.9506844,0.00629922,0.007140798,0.140828
11871,15,1,"Pepe","Mankey",-1,0.1893454,0.2524596,0.1893454,11870,0.004688427,0.004688428,0.004688428,false,1635001174,1.333328,1,1,1,0,0,0,0,0,"Normalized",false,"Combo_Getup02=1","",46,"Base HumanRArmDigit42",0.2908803,0.001761056,-0.9654877,0.2908802,0.1425891,-0.9654878,0.006219489,0.007248916,0.140828
11871,15,1,"Pepe","Mankey",-1,0.1893454,0.2524596,0.1893454,11870,0.004688427,0.004688428,0.004688428,false,1635001174,1.333328,1,1,1,0,0,0,0,0,"Normalized",false,"Combo_Getup02=1","",47,"Base HumanRArmDigit43",0.3434131,-0.01165787,-0.9764955,0.3434131,0.1291702,-0.9764954,0.005947083,0.007283891,0.140828
11871,15,1,"Pepe","Mankey",-1,0.1893454,0.2524596,0.1893454,11870,0.004688427,0.004688428,0.004688428,false,1635001174,1.333328,1,1,1,0,0,0,0,0,"Normalized",false,"Combo_Getup02=1","",48,"Base HumanSpine4",-0.001428449,0.3953156,-0.6627761,-0.00142847,0.5361437,-0.6627761,0.008799226,0.007952653,0.140828
