[Licensing::Module] Trying to connect to existing licensing client channel...
Built from '6000.4/staging' branch; Version is '6000.4.0f1 (8cf496087c8f) revision 9237654'; Using compiler version '194234433'; Build Type 'Release'
OS: 'Windows 10  (10.0.19045) 64bit Professional' Language: 'en' Physical Memory: 16342 MB
BatchMode: 1, IsHumanControllingUs: 0, StartBugReporterOnCrash: 0, Is64bit: 1
[Licensing::IpcConnector] Successfully connected to: "LicenseClient-LNc" at "2026-10-06T08:21:09.8191922Z"
System  architecture: x64
Process architecture: x64
Date: 2026-10-06T08:21:09Z

COMMAND LINE ARGUMENTS:
D:\Unity Hub\6000.4.0f1\Editor\Unity.exe
-adb2
-batchMode
-noUpm
-name
AssetImportWorker0
-projectPath
D:/Unity/ZeroSpace
-logFile
Logs/AssetImportWorker0.log
-srvPort
58754
-licensingIpc
LicenseClient-LNc
-force-d3d12
-job-worker-count
3
-background-job-worker-count
8
-gc-helper-count
1
-name
AssetImport
Successfully changed project path to: D:/Unity/ZeroSpace
D:/Unity/ZeroSpace
[UnityMemory] Configuration Parameters - Can be set up in boot.config
    "memorysetup-temp-allocator-size-gi-baking-worker=262144"
    "memorysetup-temp-allocator-size-gi-baking-worker=262144"
    "memorysetup-temp-allocator-size-gi-baking-worker=262144"
    "memorysetup-temp-allocator-size-gi-baking-worker=262144"
    "memorysetup-temp-allocator-size-gi-baking-worker=262144"
    "memorysetup-temp-allocator-size-nav-mesh-worker=65536"
    "memorysetup-temp-allocator-size-audio-worker=65536"
    "memorysetup-temp-allocator-size-cloud-worker=32768"
    "memorysetup-temp-allocator-size-gfx=262144"
    "memorysetup-temp-allocator-size-preload-manager=33554432"
    "memorysetup-temp-allocator-size-job-worker=262144"
    "memorysetup-temp-allocator-size-background-worker=32768"
    "memorysetup-allocator-temp-initial-block-size-main=262144"
    "memorysetup-allocator-temp-initial-block-size-worker=262144"
    "memorysetup-bucket-allocator-granularity=16"
    "memorysetup-bucket-allocator-bucket-count=8"
    "memorysetup-bucket-allocator-block-size=33554432"
    "memorysetup-bucket-allocator-block-count=8"
    "memorysetup-main-allocator-block-size=16777216"
    "memorysetup-thread-allocator-block-size=16777216"
    "memorysetup-gfx-main-allocator-block-size=16777216"
    "memorysetup-gfx-thread-allocator-block-size=16777216"
    "memorysetup-cache-allocator-block-size=4194304"
    "memorysetup-typetree-allocator-block-size=2097152"
    "memorysetup-profiler-bucket-allocator-granularity=16"
    "memorysetup-profiler-bucket-allocator-bucket-count=8"
    "memorysetup-profiler-bucket-allocator-block-size=33554432"
    "memorysetup-profiler-bucket-allocator-block-count=8"
    "memorysetup-profiler-allocator-block-size=16777216"
    "memorysetup-profiler-editor-allocator-block-size=1048576"
    "memorysetup-temp-allocator-size-main=16777216"
    "memorysetup-job-temp-allocator-block-size=2097152"
    "memorysetup-job-temp-allocator-block-size-background=1048576"
    "memorysetup-job-temp-allocator-reduction-small-platforms=262144"
Player connection [2564]  Target information:

Player connection [2564]  * "[IP] 192.168.1.197 [Port] 0 [Flags] 2 [Guid] 1541076476 [EditorId] 1541076476 [Version] 1048832 [Id] WindowsEditor(7,Admin-PC) [Debug] 1 [PackageName] WindowsEditor [ProjectName] Editor" 

Player connection [2564] Host joined multi-casting on [225.0.0.222:54997]...
Player connection [2564] Host joined alternative multi-casting on [225.0.0.222:34997]...
JobSystem: Creating JobQueue using job-worker-count value 3
Input System module state changed to: Initialized.
[Physics::Module] Initialized fallback backend.
[Physics::Module] Id: 0xdecafbad
Library Redirect Path: Library/
[Physics::Module] Selected backend.
[Physics::Module] Name: PhysX
[Physics::Module] Id: 0xf2b8ea05
[Physics::Module] SDK Version: 4.1.2
[Physics::Module] Integration Version: 1.0.0
[Physics::Module] Threading Mode: Multi-Threaded
Refreshing native plugins compatible for Editor in 11.29 ms, found 3 plugins.
Preloading 1 native plugins for Editor in 3.62 ms.
Initialize engine version: 6000.4.0f1 (8cf496087c8f)
[Subsystems] Discovering subsystems at path D:/Unity Hub/6000.4.0f1/Editor/Data/Resources/UnitySubsystems
[Subsystems] Discovering subsystems at path D:/Unity/ZeroSpace/Assets
Forcing GfxDevice: Direct3D 12
GfxDevice: creating device client; kGfxThreadingModeNonThreaded
d3d12: failed to query info queue interface (0x80004002).
Direct3D:
    Version:         Direct3D 12 [level 12.0]
    Renderer:        Radeon RX 570 Series (ID=0x67df)
    Vendor:          ATI
    VRAM:            8170 MB
    App VRAM Budget: 7402 MB
    Driver:          31.0.12027.9001
Initialize mono
Mono path[0] = 'D:/Unity Hub/6000.4.0f1/Editor/Data/Managed'
Mono path[1] = 'D:/Unity Hub/6000.4.0f1/Editor/Data/MonoBleedingEdge/lib/mono/unityjit-win32'
Mono config path = 'D:/Unity Hub/6000.4.0f1/Editor/Data/MonoBleedingEdge/etc'
Using monoOptions --debugger-agent=transport=dt_socket,embedding=1,server=y,suspend=n,address=127.0.0.1:56260
[Licensing::Client] Error: HandshakeResponse reported an error:
	ResponseCode: 505
	ResponseStatus: Unsupported protocol version '1.18.1'.
[Licensing::Module] Error: Failed to handshake to channel: "LicenseClient-LNc"
[Licensing::IpcConnector] LicenseClient-LNc channel disconnected successfully.
[Licensing::IpcConnector] Successfully connected to: "LicenseClient-LNc-6000.4.0" at "2026-10-06T08:21:11.6452995Z"
CodeReloadManager initialized
Begin MonoManager ReloadAssembly
Registering precompiled unity dll's ...
Register platform support module: D:/Unity Hub/6000.4.0f1/Editor/Data/PlaybackEngines/WebGLSupport/UnityEditor.WebGL.Extensions.dll
Register platform support module: D:/Unity Hub/6000.4.0f1/Editor/Data/PlaybackEngines/WindowsStandaloneSupport/UnityEditor.WindowsStandalone.Extensions.dll
[Licensing::Module] Licensing is not yet initialized.
[Licensing::Client] Handshaking with LicensingClient:
  Version:                 1.18.1+9fbee8e
  Session Id:              041673f3940844749d8ed9184b973ea3
  Correlation Id:          a59fe1b3cc18588ad72c851f095ee4a6
  External correlation Id: 6638742405981078168
  Machine Id:              D//OoLKoUgDAEkYtcQeoIJaj21c=
[Licensing::Module] Successfully connected to LicensingClient on channel: "LicenseClient-LNc-6000.4.0" (connect: 0.00s, validation: 0.00s, handshake: 1.56s)
[Licensing::IpcConnector] Successfully connected to: "LicenseClient-LNc-6000.4.0-notifications" at "2026-10-06T08:21:13.2076191Z"
[Licensing::Module] Licensing Background thread has ended after 3.39s
[Licensing::Module] Licensing is initialized (took 1.22s).
[Licensing::Client] Successfully resolved entitlement details
[Licensing::Module] License group:
  Id: F4-XVMT-CJ6Z-JURQ-AUDZ-XXXX
  Product: Unity Personal
  Type: ULF
  Expiration: 2026-11-12T09:18:01Z
[Licensing::Module] License group:
  Id: 18968444397990-UnityPersXXXX
  Product: Unity Personal
  Type: Assigned
  Expiration: Unlimited
Register platform support module: D:/Unity Hub/6000.4.0f1/Editor/Data/PlaybackEngines/AndroidPlayer/UnityEditor.Android.Extensions.dll
Registered in 1.225058 seconds.
Native extension for Android target not found
Android Extension - Scanning For ADB Devices 290 ms
Native extension for WindowsStandalone target not found
Native extension for WebGL target not found
Package Manager log level set to [2]
[Package Manager] Failed to launch server process. Reason: Unity was launched with the -noUpm command-line argument
[Package Manager] Unable to send message (not connected to server process).
[Package Manager] Cannot connect to Unity Package Manager local server
ScheduleIndexationOnStartup MainProcess:False IndexOnStartup:True
Mono: successfully reloaded assembly
- Finished resetting the current domain, in  0.860 seconds
Domain Reload Profiling: 2727ms
	BeginReloadAssembly (191ms)
	RebuildCommonClasses (60ms)
	RebuildNativeTypeToScriptingClass (21ms)
	initialDomainReloadingComplete (1304ms)
	LoadAllAssembliesAndSetupDomain (290ms)
		LoadAssemblies (191ms)
		AnalyzeDomain (278ms)
			TypeCache.Refresh (276ms)
				TypeCache.ScanAssembly (260ms)
	FinalizeReload (861ms)
		SetupLoadedEditorAssemblies (0ms)
			InitializePlatformSupportModulesInManaged (412ms)
			BeforeProcessingInitializeOnLoad (115ms)
			ProcessInitializeOnLoadAttributes (154ms)
			ProcessInitializeOnLoadMethodAttributes (96ms)
========================================================================
Worker process is ready to serve import requests
Import Worker Mode flag is 0x00
Begin MonoManager ReloadAssembly
[Licensing::Client] Successfully resolved entitlement details
[Licensing::Module] License group:
  Id: F4-XVMT-CJ6Z-JURQ-AUDZ-XXXX
  Product: Unity Personal
  Type: ULF
  Expiration: 2026-11-12T09:18:01Z
[Licensing::Module] License group:
  Id: 18968444397990-UnityPersXXXX
  Product: Unity Personal
  Type: Assigned
  Expiration: Unlimited
Assembly Assembly-CSharp-Editor-firstpass.dll at Library/ScriptAssemblies/Assembly-CSharp-Editor-firstpass.dll not valid. Loading of assembly skipped.
Assembly TestNewCustomAssembly.dll at Library/ScriptAssemblies/TestNewCustomAssembly.dll not valid. Loading of assembly skipped.
Assembly Unity.2D.Sprite.Package.EditorTests.dll at Library/ScriptAssemblies/Unity.2D.Sprite.Package.EditorTests.dll not valid. Loading of assembly skipped.
Assembly Unity.AI.Assistant.Integrations.Sample.Editor.dll at Library/ScriptAssemblies/Unity.AI.Assistant.Integrations.Sample.Editor.dll not valid. Loading of assembly skipped.
Assembly Unity.Analytics.DataPrivacy.Tests.dll at Library/ScriptAssemblies/Unity.Analytics.DataPrivacy.Tests.dll not valid. Loading of assembly skipped.
Assembly Unity.Analytics.StandardEvents.EditorTests.dll at Library/ScriptAssemblies/Unity.Analytics.StandardEvents.EditorTests.dll not valid. Loading of assembly skipped.
Assembly Unity.AppUI.Editor.Tests.dll at Library/ScriptAssemblies/Unity.AppUI.Editor.Tests.dll not valid. Loading of assembly skipped.
Assembly Unity.AppUI.Tests.dll at Library/ScriptAssemblies/Unity.AppUI.Tests.dll not valid. Loading of assembly skipped.
Assembly Unity.Collections.BurstCompatibilityGen.dll at Library/ScriptAssemblies/Unity.Collections.BurstCompatibilityGen.dll not valid. Loading of assembly skipped.
Assembly Unity.Collections.DocCodeSamples.dll at Library/ScriptAssemblies/Unity.Collections.DocCodeSamples.dll not valid. Loading of assembly skipped.
Assembly Unity.Collections.PerformanceTests.dll at Library/ScriptAssemblies/Unity.Collections.PerformanceTests.dll not valid. Loading of assembly skipped.
Assembly Unity.Collections.Tests.dll at Library/ScriptAssemblies/Unity.Collections.Tests.dll not valid. Loading of assembly skipped.
Assembly Unity.Collections.Tests.Playmode.dll at Library/ScriptAssemblies/Unity.Collections.Tests.Playmode.dll not valid. Loading of assembly skipped.
Assembly Unity.Mathematics.Tests.dll at Library/ScriptAssemblies/Unity.Mathematics.Tests.dll not valid. Loading of assembly skipped.
Assembly Unity.Multiplayer.Center.Editor.Tests.dll at Library/ScriptAssemblies/Unity.Multiplayer.Center.Editor.Tests.dll not valid. Loading of assembly skipped.
Assembly Unity.Multiplayer.Center.Tests.dll at Library/ScriptAssemblies/Unity.Multiplayer.Center.Tests.dll not valid. Loading of assembly skipped.
Assembly Unity.Nuget.Mono-Cecil.dll at Library/ScriptAssemblies/Unity.Nuget.Mono-Cecil.dll not valid. Loading of assembly skipped.
Assembly Unity.Purchasing.Apple.dll at Library/ScriptAssemblies/Unity.Purchasing.Apple.dll not valid. Loading of assembly skipped.
Assembly Unity.Purchasing.AppleMacos.dll at Library/ScriptAssemblies/Unity.Purchasing.AppleMacos.dll not valid. Loading of assembly skipped.
Assembly Unity.Purchasing.Security.dll at Library/ScriptAssemblies/Unity.Purchasing.Security.dll not valid. Loading of assembly skipped.
Assembly Unity.Purchasing.TransactionVerifier.dll at Library/ScriptAssemblies/Unity.Purchasing.TransactionVerifier.dll not valid. Loading of assembly skipped.
Assembly Unity.TextMeshPro.Editor.Tests.dll at Library/ScriptAssemblies/Unity.TextMeshPro.Editor.Tests.dll not valid. Loading of assembly skipped.
Assembly Unity.TextMeshPro.Tests.dll at Library/ScriptAssemblies/Unity.TextMeshPro.Tests.dll not valid. Loading of assembly skipped.
Assembly UnityEditor.Purchasing.Authoring.dll at Library/ScriptAssemblies/UnityEditor.Purchasing.Authoring.dll not valid. Loading of assembly skipped.
Assembly UnityEditor.Purchasing.Editor.Authoring.Core.dll at Library/ScriptAssemblies/UnityEditor.Purchasing.Editor.Authoring.Core.dll not valid. Loading of assembly skipped.
Assembly UnityEditor.UI.Common.Tests.dll at Library/ScriptAssemblies/UnityEditor.UI.Common.Tests.dll not valid. Loading of assembly skipped.
Assembly UnityEditor.UI.EditorTests.dll at Library/ScriptAssemblies/UnityEditor.UI.EditorTests.dll not valid. Loading of assembly skipped.
Assembly UnityEngine.Advertisements.Editor.Tests.dll at Library/ScriptAssemblies/UnityEngine.Advertisements.Editor.Tests.dll not valid. Loading of assembly skipped.
Assembly UnityEngine.Advertisements.Tests.dll at Library/ScriptAssemblies/UnityEngine.Advertisements.Tests.dll not valid. Loading of assembly skipped.
Assembly UnityEngine.UI.Tests.dll at Library/ScriptAssemblies/UnityEngine.UI.Tests.dll not valid. Loading of assembly skipped.
Symbol file LoadedFromMemory is not a mono symbol file
Symbol file LoadedFromMemory is not a mono symbol file
Refreshing native plugins compatible for Editor in 7.75 ms, found 3 plugins.
Native extension for Android target not found
Native extension for WindowsStandalone target not found
Native extension for WebGL target not found
[Package Manager] Failed to launch server process. Reason: Unity was launched with the -noUpm command-line argument
[Package Manager] Unable to send message (not connected to server process).
[Package Manager] Cannot connect to Unity Package Manager local server
Refreshing native plugins compatible for Editor in 7.89 ms, found 3 plugins.
[Licensing::Client] Error: Code 404 while processing request (status: Found 0 entitlement groups and 0 free entitlements matching requested entitlement ids)
ScheduleIndexationOnStartup MainProcess:False IndexOnStartup:True
Mono: successfully reloaded assembly
- Finished resetting the current domain, in  2.243 seconds
Domain Reload Profiling: 3599ms
	BeginReloadAssembly (260ms)
		DisableScriptedObjects (11ms)
		CreateAndSetChildDomain (44ms)
	RebuildCommonClasses (48ms)
	RebuildNativeTypeToScriptingClass (18ms)
	initialDomainReloadingComplete (110ms)
	LoadAllAssembliesAndSetupDomain (919ms)
		LoadAssemblies (513ms)
		AnalyzeDomain (534ms)
			TypeCache.Refresh (443ms)
				TypeCache.ScanAssembly (414ms)
			BuildScriptInfoCaches (81ms)
			ResolveRequiredComponents (8ms)
	FinalizeReload (2244ms)
		SetupLoadedEditorAssemblies (0ms)
			InitializePlatformSupportModulesInManaged (17ms)
			BeforeProcessingInitializeOnLoad (293ms)
			ProcessInitializeOnLoadAttributes (1287ms)
			ProcessInitializeOnLoadMethodAttributes (435ms)
			AfterProcessingInitializeOnLoad (4ms)
		AwakeInstancesAfterBackupRestoration (9ms)
WARNING: Shader Unsupported: 'Hidden/TerrainEngine/Splatmap/Standard-Base' - All subshaders removed
WARNING: Shader Did you use #pragma only_renderers and omit this platform?
WARNING: Shader If subshaders removal was intentional, you may have forgotten turning Fallback off?
WARNING: Shader Unsupported: 'FlatKit/Terrain' - All subshaders removed
WARNING: Shader Did you use #pragma only_renderers and omit this platform?
WARNING: Shader If subshaders removal was intentional, you may have forgotten turning Fallback off?
Launched and connected shader compiler UnityShaderCompiler.exe after 0.01 seconds
Refreshing native plugins compatible for Editor in 7.41 ms, found 3 plugins.
Unloading 46 Unused Serialized files (Serialized files now loaded: 0)
Unloading 7572 unused Assets / (91.7 MB). Loaded Objects now: 8299.
Memory consumption went from 411.2 MB to 319.5 MB.
Total: 41.998100 ms (FindLiveObjects: 1.115600 ms CreateObjectMapping: 1.695600 ms MarkObjects: 26.509200 ms  DeleteObjects: 12.662400 ms)

========================================================================
Received Import Request.
  Time since last request: 194136.871696 seconds.
  path: Assets/Hovl Studio/DemoAssets/Scripts/HS_ParticleCollisionInstance.cs
  importAddress: Guid(1a959a1b0b8414d4fb8a68bdc12d69ed) Importer(2089858483,b0f066a214c2f5e87bad3c948f4d605d)
Start importing Assets/Hovl Studio/DemoAssets/Scripts/HS_ParticleCollisionInstance.cs using Guid(1a959a1b0b8414d4fb8a68bdc12d69ed) Importer(2089858483,b0f066a214c2f5e87bad3c948f4d605d) (ScriptedImporter) -> (Import Result ID: 'd1eaf6a78714cd6ba67b498f0a33938e') in 0.2085589 seconds [static and dynamic dependencies]. Details - ImportResultOutputID=a501a60a903491c7f85231bdf95a36f6 DependenciesID=d03a61dd672affa5368811d44af8d973 StaticDependenciesID=726cb8539feb26666590cf99af98a0d7 
Number of updated asset objects reloaded before import = 0Number of asset objects unloaded after import = 0

========================================================================
Received Import Request.
  Time since last request: 0.000030 seconds.
  path: Assets/DemoSence/Sets/Mankey/Being Hit/Damage_Critical_Katana_Hit.anim
  importAddress: Guid(6e79c206cc4f1995293b1d3ccf9566a6) Importer(2089858483,b0f066a214c2f5e87bad3c948f4d605d)
Start importing Assets/DemoSence/Sets/Mankey/Being Hit/Damage_Critical_Katana_Hit.anim using Guid(6e79c206cc4f1995293b1d3ccf9566a6) Importer(2089858483,b0f066a214c2f5e87bad3c948f4d605d) (ScriptedImporter) -> (Import Result ID: 'a94378280210738e543cac1eb66404a1') in 0.655784 seconds [static and dynamic dependencies]. Details - ImportResultOutputID=8c70896ea111519c0398519289b0934c DependenciesID=7d25344c7a16d5f158dee7a485451265 StaticDependenciesID=ecda977ea778131c4e2a93bf9d100935 
Number of updated asset objects reloaded before import = 0Number of asset objects unloaded after import = 1

========================================================================
Received Import Request.
  Time since last request: 0.000023 seconds.
  path: Assets/JMO Assets/Cartoon FX (legacy)/Textures (Mobile)/CFXM_T_Anim8_Triangle2.png
  importAddress: Guid(633bf7faf7cbe504384f3949c8c218c9) Importer(2089858483,b0f066a214c2f5e87bad3c948f4d605d)
Start importing Assets/JMO Assets/Cartoon FX (legacy)/Textures (Mobile)/CFXM_T_Anim8_Triangle2.png using Guid(633bf7faf7cbe504384f3949c8c218c9) Importer(2089858483,b0f066a214c2f5e87bad3c948f4d605d) (ScriptedImporter) -> (Import Result ID: '82513540198f04a5b1085206e6c918da') in 0.0699894 seconds [static and dynamic dependencies]. Details - ImportResultOutputID=5649ace833b85d028994f6fdb544ab49 DependenciesID=96156bd3d914cb68102e42b90878cb04 StaticDependenciesID=4163f5397934a068726cd66ba951a650 
Number of updated asset objects reloaded before import = 0Number of asset objects unloaded after import = 1

========================================================================
Received Import Request.
  Time since last request: 0.000024 seconds.
  path: Assets/BeatEmUp_GameTemplate3D/Textures/Lamps.tga
  importAddress: Guid(99328b240dfd5294d8f0735e6c557a6e) Importer(2089858483,b0f066a214c2f5e87bad3c948f4d605d)
Start importing Assets/BeatEmUp_GameTemplate3D/Textures/Lamps.tga using Guid(99328b240dfd5294d8f0735e6c557a6e) Importer(2089858483,b0f066a214c2f5e87bad3c948f4d605d) (ScriptedImporter) -> (Import Result ID: '2e135dec4f38857f0e1e96b095c6b64f') in 0.0930184 seconds [static and dynamic dependencies]. Details - ImportResultOutputID=cca7bb2491275744261a4c0a12a5e7a9 DependenciesID=ef4c54c6fd861fc0d13911a197115875 StaticDependenciesID=ec347dd6e8f71fb4ae594437fd52e217 
Number of updated asset objects reloaded before import = 0Number of asset objects unloaded after import = 1

========================================================================
Received Import Request.
  Time since last request: 0.000015 seconds.
  path: Assets/Plugins/Vefects/Flipbook VFX/Demo/DemoAssets/PP
  importAddress: Guid(fd043edba714a2a42b010097a737dd5a) Importer(2089858483,b0f066a214c2f5e87bad3c948f4d605d)
Start importing Assets/Plugins/Vefects/Flipbook VFX/Demo/DemoAssets/PP using Guid(fd043edba714a2a42b010097a737dd5a) Importer(2089858483,b0f066a214c2f5e87bad3c948f4d605d) (ScriptedImporter) -> (Import Result ID: '7fba62fab81ba76dd55d55be08230f4d') in 0.0853801 seconds [static and dynamic dependencies]. Details - ImportResultOutputID=79fc18c3a06138d939c00a24682ef4d9 DependenciesID=1cb3bde1b30f19dcff5db76bd611e832 StaticDependenciesID=9f9aaee05d6e39c0bb99be563a6841a6 
Number of updated asset objects reloaded before import = 0Number of asset objects unloaded after import = 1

========================================================================
Received Import Request.
  Time since last request: 0.000016 seconds.
  path: Assets/Plugins/WebGL
  importAddress: Guid(0bee28219292a2c4d997e7acff481127) Importer(2089858483,b0f066a214c2f5e87bad3c948f4d605d)
Start importing Assets/Plugins/WebGL using Guid(0bee28219292a2c4d997e7acff481127) Importer(2089858483,b0f066a214c2f5e87bad3c948f4d605d) (ScriptedImporter) -> (Import Result ID: '0fc2623a1f44c99f2fcd4050d23b9263') in 0.0038772 seconds [static and dynamic dependencies]. Details - ImportResultOutputID=32fef4f702523f98d426e8c6120a6cce DependenciesID=3a1048572cd574510b6d537b512c717f StaticDependenciesID=9438a72100982ef62b40c24ddb259120 
Number of updated asset objects reloaded before import = 0Number of asset objects unloaded after import = 1

========================================================================
Received Import Request.
  Time since last request: 0.000021 seconds.
  path: Assets/Hovl Studio/Sword slash VFX/Textures/Smoke17.png
  importAddress: Guid(60292be8dd1c5c44f8f9a547ba705dd6) Importer(2089858483,b0f066a214c2f5e87bad3c948f4d605d)
Start importing Assets/Hovl Studio/Sword slash VFX/Textures/Smoke17.png using Guid(60292be8dd1c5c44f8f9a547ba705dd6) Importer(2089858483,b0f066a214c2f5e87bad3c948f4d605d) (ScriptedImporter) -> (Import Result ID: 'b96a8fbce1534090135d73655050a1f7') in 0.0611448 seconds [static and dynamic dependencies]. Details - ImportResultOutputID=7a833d1f122a11ba7ade3afcfabe7ffb DependenciesID=d95c933464d48f112bebf8e707c5e8f1 StaticDependenciesID=a2376e5ffa3b47498336f3fd5e88ed90 
Number of updated asset objects reloaded before import = 0Number of asset objects unloaded after import = 1

========================================================================
Received Import Request.
  Time since last request: 0.000021 seconds.
  path: Assets/DemoSence/Sets/Pepe/Hit/Damage_Critical_Warrior.anim
  importAddress: Guid(55df8da958feec5379886b57b8fdaa22) Importer(2089858483,b0f066a214c2f5e87bad3c948f4d605d)
Start importing Assets/DemoSence/Sets/Pepe/Hit/Damage_Critical_Warrior.anim using Guid(55df8da958feec5379886b57b8fdaa22) Importer(2089858483,b0f066a214c2f5e87bad3c948f4d605d) (ScriptedImporter) -> (Import Result ID: '8fa674275af5d82bcf26cb7a809ab6aa') in 0.7668494 seconds [static and dynamic dependencies]. Details - ImportResultOutputID=68ae0b9b0ac85754f5f06775e05e8ed6 DependenciesID=a2b7b07a52fa525116df7e33c7655ed5 StaticDependenciesID=afddb2d5b7f3c62a8463383a9e227daf 
Number of updated asset objects reloaded before import = 0Number of asset objects unloaded after import = 1

========================================================================
Received Import Request.
  Time since last request: 0.000041 seconds.
  path: Assets/Hovl Studio/DemoAssets/Scripts/HS_FrontAttack.cs
  importAddress: Guid(0888acf39ef40a7488ec346ac0686219) Importer(2089858483,b0f066a214c2f5e87bad3c948f4d605d)
Start importing Assets/Hovl Studio/DemoAssets/Scripts/HS_FrontAttack.cs using Guid(0888acf39ef40a7488ec346ac0686219) Importer(2089858483,b0f066a214c2f5e87bad3c948f4d605d) (ScriptedImporter) -> (Import Result ID: 'a1932b96a14ca5e0eac9294d3b2bf343') in 0.0037954 seconds [static and dynamic dependencies]. Details - ImportResultOutputID=67100ab3de788869bd032e4f2ed826ab DependenciesID=61239f150147c0a27a18a828ee93588a StaticDependenciesID=72bdede5e22a111513d6b63c84c2dcfd 
Number of updated asset objects reloaded before import = 0Number of asset objects unloaded after import = 0

========================================================================
Received Import Request.
  Time since last request: 0.000063 seconds.
  path: Assets/BeatEmUp_GameTemplate3D/Textures/SmokePuffParticle.tga
  importAddress: Guid(edd76cf4a43a66142a17251663254ae1) Importer(2089858483,b0f066a214c2f5e87bad3c948f4d605d)
Start importing Assets/BeatEmUp_GameTemplate3D/Textures/SmokePuffParticle.tga using Guid(edd76cf4a43a66142a17251663254ae1) Importer(2089858483,b0f066a214c2f5e87bad3c948f4d605d) (ScriptedImporter) -> (Import Result ID: '8db2b3795d3ec6e336e5e3a88c254b07') in 0.0428869 seconds [static and dynamic dependencies]. Details - ImportResultOutputID=bacaadf9ca2320640bde332782c46899 DependenciesID=55060261f11a6b99a921586f0baa13d5 StaticDependenciesID=9b34f66fb33e65ad28b271aace9d0ffc 
Number of updated asset objects reloaded before import = 0Number of asset objects unloaded after import = 1

========================================================================
Received Import Request.
  Time since last request: 0.000032 seconds.
  path: Assets/Selected/Frank_Damages/Asset/Textures/Frank_Damages_02_normal.PNG
  importAddress: Guid(d28a09ffe7fd77f4383400f6ef28f11a) Importer(2089858483,b0f066a214c2f5e87bad3c948f4d605d)
Start importing Assets/Selected/Frank_Damages/Asset/Textures/Frank_Damages_02_normal.PNG using Guid(d28a09ffe7fd77f4383400f6ef28f11a) Importer(2089858483,b0f066a214c2f5e87bad3c948f4d605d) (ScriptedImporter) -> (Import Result ID: '3b0cd0002775472f0df72690640fc31a') in 0.027301 seconds [static and dynamic dependencies]. Details - ImportResultOutputID=b35b2024f4fb1d8d60fcb866acfff491 DependenciesID=6d850146a4ad8b25332f1b69228d0b1f StaticDependenciesID=18f7b8b6d41228f2e2d67084dd4ab295 
Number of updated asset objects reloaded before import = 0Number of asset objects unloaded after import = 1

========================================================================
Received Import Request.
  Time since last request: 0.000047 seconds.
  path: Assets/Hovl Studio/Sword slash VFX/Textures/Point11.png
  importAddress: Guid(16c09c008bc4ddc4695f67e0c74a6ab1) Importer(2089858483,b0f066a214c2f5e87bad3c948f4d605d)
Start importing Assets/Hovl Studio/Sword slash VFX/Textures/Point11.png using Guid(16c09c008bc4ddc4695f67e0c74a6ab1) Importer(2089858483,b0f066a214c2f5e87bad3c948f4d605d) (ScriptedImporter) -> (Import Result ID: 'a61d806b47def31d9568c7b04d747fac') in 0.0203895 seconds [static and dynamic dependencies]. Details - ImportResultOutputID=955d74b4a281bd693deed09593c3aa8d DependenciesID=768a9a3698a0c13570214f023a0eeee0 StaticDependenciesID=14e235cb15e10e3063f742f883464243 
Number of updated asset objects reloaded before import = 0Number of asset objects unloaded after import = 1

========================================================================
Received Import Request.
  Time since last request: 0.000018 seconds.
  path: Assets/Hovl Studio/Sword slash VFX/Textures/SmokeAnim1.png
  importAddress: Guid(6966a55793fbfae44a6c425f50cd32e2) Importer(2089858483,b0f066a214c2f5e87bad3c948f4d605d)
Start importing Assets/Hovl Studio/Sword slash VFX/Textures/SmokeAnim1.png using Guid(6966a55793fbfae44a6c425f50cd32e2) Importer(2089858483,b0f066a214c2f5e87bad3c948f4d605d) (ScriptedImporter) -> (Import Result ID: 'ae1a476bbcc85b36c4acb201c4a9b05a') in 0.039083 seconds [static and dynamic dependencies]. Details - ImportResultOutputID=643c8ffe209e4249969960171dcd6173 DependenciesID=df4ba5105e782e8db61d42d4a1609d88 StaticDependenciesID=d3f7712dca914e1662dae1f3f9eee0e9 
Number of updated asset objects reloaded before import = 0Number of asset objects unloaded after import = 1

========================================================================
Received Import Request.
  Time since last request: 0.000031 seconds.
  path: Assets/Hovl Studio/Sword slash VFX/Textures/Noise62.png
  importAddress: Guid(24d73a0978aa8264d8d2eafb48f370bb) Importer(2089858483,b0f066a214c2f5e87bad3c948f4d605d)
Start importing Assets/Hovl Studio/Sword slash VFX/Textures/Noise62.png using Guid(24d73a0978aa8264d8d2eafb48f370bb) Importer(2089858483,b0f066a214c2f5e87bad3c948f4d605d) (ScriptedImporter) -> (Import Result ID: 'a7ff17fcbc0c490cefbc38cb56b4a789') in 0.0315407 seconds [static and dynamic dependencies]. Details - ImportResultOutputID=0ba86b94887287da48badc2b88ce497a DependenciesID=00fa55daeb49411153f66650d3fd7c39 StaticDependenciesID=5370fac6d010e863cde47264f087d457 
Number of updated asset objects reloaded before import = 0Number of asset objects unloaded after import = 1

========================================================================
Received Import Request.
  Time since last request: 0.000028 seconds.
  path: Assets/DemoSence/Sets/Pepe/Hit/Damage_Critical_Katana.anim
  importAddress: Guid(9361f4e2bb5ead06aa81604f8381a8b9) Importer(2089858483,b0f066a214c2f5e87bad3c948f4d605d)
Start importing Assets/DemoSence/Sets/Pepe/Hit/Damage_Critical_Katana.anim using Guid(9361f4e2bb5ead06aa81604f8381a8b9) Importer(2089858483,b0f066a214c2f5e87bad3c948f4d605d) (ScriptedImporter) -> (Import Result ID: '379d0a49a1b97469286b0a0e05c3b9e1') in 0.6262436 seconds [static and dynamic dependencies]. Details - ImportResultOutputID=2f3d2ac66051ef603dbd37dfb8d07804 DependenciesID=d7704507c224991ec210c3fa87e4c791 StaticDependenciesID=18255a56ab8232e64c12ab6b078854d9 
Number of updated asset objects reloaded before import = 0Number of asset objects unloaded after import = 1

========================================================================
Received Import Request.
  Time since last request: 0.000019 seconds.
  path: Assets/DemoSence/Sets/Mankey/Being Hit/Damage_Critical_GreatSword_Hit.anim
  importAddress: Guid(29d1673c59917bf858ecdeda1c1d3ef3) Importer(2089858483,b0f066a214c2f5e87bad3c948f4d605d)
Start importing Assets/DemoSence/Sets/Mankey/Being Hit/Damage_Critical_GreatSword_Hit.anim using Guid(29d1673c59917bf858ecdeda1c1d3ef3) Importer(2089858483,b0f066a214c2f5e87bad3c948f4d605d) (ScriptedImporter) -> (Import Result ID: '4591b2862e65b66e87e03ab92dbfde75') in 0.5506436 seconds [static and dynamic dependencies]. Details - ImportResultOutputID=76802ff5245a22d7377396b6fea8f38f DependenciesID=7cfb8f7f2f124f0c6f176a64cccaeaf5 StaticDependenciesID=73ea406dc3b1571e6ab84eb710318c28 
Number of updated asset objects reloaded before import = 0Number of asset objects unloaded after import = 1

========================================================================
Received Import Request.
  Time since last request: 0.000027 seconds.
  path: Assets/DemoSence/Sets/Pepe/Being Hit/Damage_Critical_Warrior_Hit.anim
  importAddress: Guid(51ecae1bd49859bfc96cfd34496401c5) Importer(2089858483,b0f066a214c2f5e87bad3c948f4d605d)
Start importing Assets/DemoSence/Sets/Pepe/Being Hit/Damage_Critical_Warrior_Hit.anim using Guid(51ecae1bd49859bfc96cfd34496401c5) Importer(2089858483,b0f066a214c2f5e87bad3c948f4d605d) (ScriptedImporter) -> (Import Result ID: '6fddf861e132a4c8e336faf269cd5368') in 0.5635648 seconds [static and dynamic dependencies]. Details - ImportResultOutputID=be151abee9669b0a38deeacc62bedb19 DependenciesID=b4e8f415c508574d8483ace387fc6b07 StaticDependenciesID=ab932d2234585bc46216c52f75b27b57 
Number of updated asset objects reloaded before import = 0Number of asset objects unloaded after import = 1

========================================================================
Received Import Request.
  Time since last request: 0.000026 seconds.
  path: Assets/StreamingAssets/ZeroSpace
  importAddress: Guid(00e4c1004cb93224a9b643d8941e4ffe) Importer(2089858483,b0f066a214c2f5e87bad3c948f4d605d)
Start importing Assets/StreamingAssets/ZeroSpace using Guid(00e4c1004cb93224a9b643d8941e4ffe) Importer(2089858483,b0f066a214c2f5e87bad3c948f4d605d) (ScriptedImporter) -> (Import Result ID: 'fc77f6fa7186863e9e2fc2f1bc4b3a41') in 0.0034335 seconds [static and dynamic dependencies]. Details - ImportResultOutputID=53e7706ae234b2e463d353855a274cab DependenciesID=d09a1e1875ec5882ed0a1e8b5794aa54 StaticDependenciesID=a42180cba44e513b6e7b411d18c5e0c0 
Number of updated asset objects reloaded before import = 0Number of asset objects unloaded after import = 1

========================================================================
Received Import Request.
  Time since last request: 0.000031 seconds.
  path: Assets/DemoSence/Sets/Mankey/Being Hit/Damage_Critical_Dual_Hit.anim
  importAddress: Guid(07afc81177a579c6c8735a0a421889f5) Importer(2089858483,b0f066a214c2f5e87bad3c948f4d605d)
Start importing Assets/DemoSence/Sets/Mankey/Being Hit/Damage_Critical_Dual_Hit.anim using Guid(07afc81177a579c6c8735a0a421889f5) Importer(2089858483,b0f066a214c2f5e87bad3c948f4d605d) (ScriptedImporter) -> (Import Result ID: 'e13232a25a5c89c352ccbf7f5a70c66d') in 0.7248067 seconds [static and dynamic dependencies]. Details - ImportResultOutputID=cfb56b46cb48f35d3d4c6e96e7191667 DependenciesID=f70779bf694ffe190e66598f9895b13c StaticDependenciesID=ef684bfd0f2674f5a7211509783d04d7 
Number of updated asset objects reloaded before import = 0Number of asset objects unloaded after import = 1

========================================================================
Received Import Request.
  Time since last request: 0.000023 seconds.
  path: Assets/BeatEmUp_GameTemplate3D/Audio/Footstep5.wav
  importAddress: Guid(730dd78dfebc75845b02eb75f0506b1a) Importer(2089858483,b0f066a214c2f5e87bad3c948f4d605d)
Start importing Assets/BeatEmUp_GameTemplate3D/Audio/Footstep5.wav using Guid(730dd78dfebc75845b02eb75f0506b1a) Importer(2089858483,b0f066a214c2f5e87bad3c948f4d605d) (ScriptedImporter) -> (Import Result ID: 'e1f386703b44af9164ec4be46af51350') in 0.083127 seconds [static and dynamic dependencies]. Details - ImportResultOutputID=20cf5773717433ba186ba112d61c2817 DependenciesID=6b80d7c8f372710f03b6f5e9449e2e8e StaticDependenciesID=52c52825313f34166212dfa7158af62b 
Number of updated asset objects reloaded before import = 0Number of asset objects unloaded after import = 1

========================================================================
Received Import Request.
  Time since last request: 0.000029 seconds.
  path: Assets/BeatEmUp_GameTemplate3D/Textures/Building02_LightMap.png
  importAddress: Guid(d97833696711af748b9a2530a36c2b18) Importer(2089858483,b0f066a214c2f5e87bad3c948f4d605d)
Start importing Assets/BeatEmUp_GameTemplate3D/Textures/Building02_LightMap.png using Guid(d97833696711af748b9a2530a36c2b18) Importer(2089858483,b0f066a214c2f5e87bad3c948f4d605d) (ScriptedImporter) -> (Import Result ID: '0ed703a85b86ad145c94d7ce047cab34') in 0.0305541 seconds [static and dynamic dependencies]. Details - ImportResultOutputID=84617cff2bb3f25bf8dad9cfa6081f48 DependenciesID=be26deef3cbd5bd3fe3fe850abfe6092 StaticDependenciesID=9c5311ea86f72451399e0ef49a0f0545 
Number of updated asset objects reloaded before import = 0Number of asset objects unloaded after import = 1

========================================================================
Received Import Request.
  Time since last request: 0.000034 seconds.
  path: Assets/DemoSence/Sets/Pepe/Hit/Damage_Critical_Spear.anim
  importAddress: Guid(e3d0e60f2b1771925ac4af64e74863a1) Importer(2089858483,b0f066a214c2f5e87bad3c948f4d605d)
Start importing Assets/DemoSence/Sets/Pepe/Hit/Damage_Critical_Spear.anim using Guid(e3d0e60f2b1771925ac4af64e74863a1) Importer(2089858483,b0f066a214c2f5e87bad3c948f4d605d) (ScriptedImporter) -> (Import Result ID: 'f507c0a03354e5463f112b2a4b2411e4') in 0.7293571 seconds [static and dynamic dependencies]. Details - ImportResultOutputID=3fbc26b16c4679195464380594a60724 DependenciesID=2085bb40b13c1c30c81a391f61456ee9 StaticDependenciesID=a2528bb346aaeea9679502ddf13ae4ea 
Number of updated asset objects reloaded before import = 0Number of asset objects unloaded after import = 1

========================================================================
Received Import Request.
  Time since last request: 0.000019 seconds.
  path: Assets/DemoSence/Sets/Mankey/Hit/Damage_Critical_Assassin.anim
  importAddress: Guid(010f31f1d8757e445be14398d53c516f) Importer(2089858483,b0f066a214c2f5e87bad3c948f4d605d)
Start importing Assets/DemoSence/Sets/Mankey/Hit/Damage_Critical_Assassin.anim using Guid(010f31f1d8757e445be14398d53c516f) Importer(2089858483,b0f066a214c2f5e87bad3c948f4d605d) (ScriptedImporter) -> (Import Result ID: '33b4538b1763aa9e6c5f4434c5601d2e') in 0.6702799 seconds [static and dynamic dependencies]. Details - ImportResultOutputID=90861c95321d30118642ba0c3e36fd78 DependenciesID=8ab7ff0fc8dcef65dc9257dccadc2dc6 StaticDependenciesID=8f45b6d2869115656dca60438f56d01e 
Number of updated asset objects reloaded before import = 0Number of asset objects unloaded after import = 1

========================================================================
Received Import Request.
  Time since last request: 0.000030 seconds.
  path: Assets/BeatEmUp_GameTemplate3D/Audio/GunEmpty.wav
  importAddress: Guid(cdc931c9d52d3194f8ac6937af72d421) Importer(2089858483,b0f066a214c2f5e87bad3c948f4d605d)
Start importing Assets/BeatEmUp_GameTemplate3D/Audio/GunEmpty.wav using Guid(cdc931c9d52d3194f8ac6937af72d421) Importer(2089858483,b0f066a214c2f5e87bad3c948f4d605d) (ScriptedImporter) -> (Import Result ID: '2688d6ec9385890af745695fe250a419') in 0.0993858 seconds [static and dynamic dependencies]. Details - ImportResultOutputID=82685d5efc6ed5e8e99dd7c5bc0f1be9 DependenciesID=415c742898b7d6757ea32fd1ba588238 StaticDependenciesID=167dc564ec663a4da6c3ae696519e4d6 
Number of updated asset objects reloaded before import = 0Number of asset objects unloaded after import = 1

========================================================================
Received Import Request.
  Time since last request: 0.000057 seconds.
  path: Assets/BeatEmUp_GameTemplate3D/Audio/CrateHit.wav
  importAddress: Guid(170c8d0ea41733242910cd98a832bd9b) Importer(2089858483,b0f066a214c2f5e87bad3c948f4d605d)
Start importing Assets/BeatEmUp_GameTemplate3D/Audio/CrateHit.wav using Guid(170c8d0ea41733242910cd98a832bd9b) Importer(2089858483,b0f066a214c2f5e87bad3c948f4d605d) (ScriptedImporter) -> (Import Result ID: 'd63c507f50e05c018232c56c1bcb2437') in 0.0784141 seconds [static and dynamic dependencies]. Details - ImportResultOutputID=9a8bbc96d958cfb174c2e050909d719f DependenciesID=e3e728924339e8c3058e7e937e8ce96f StaticDependenciesID=337417394ebef8fe0737edcf80287258 
Number of updated asset objects reloaded before import = 0Number of asset objects unloaded after import = 1

========================================================================
Received Import Request.
  Time since last request: 0.000020 seconds.
  path: Assets/Hovl Studio/Sword slash VFX/Textures/Flare22.png
  importAddress: Guid(e3f4d39c2c7a18640ac72caffec60439) Importer(2089858483,b0f066a214c2f5e87bad3c948f4d605d)
Start importing Assets/Hovl Studio/Sword slash VFX/Textures/Flare22.png using Guid(e3f4d39c2c7a18640ac72caffec60439) Importer(2089858483,b0f066a214c2f5e87bad3c948f4d605d) (ScriptedImporter) -> (Import Result ID: '944ba11e63c43f1d1c57b726ac41ab1a') in 0.0228708 seconds [static and dynamic dependencies]. Details - ImportResultOutputID=39289ed2d8fea035a26ee164bc9cb95e DependenciesID=d612916809fb69b48841b53264aa7ec5 StaticDependenciesID=83960b37d150c3620c575d809e0749ae 
Number of updated asset objects reloaded before import = 0Number of asset objects unloaded after import = 1

========================================================================
Received Import Request.
  Time since last request: 0.000018 seconds.
  path: Assets/DemoSence/Sets/Pepe/Being Hit/Damage_Critical_GreatSword_Hit.anim
  importAddress: Guid(1154b9ff101932c3884ca761764f4480) Importer(2089858483,b0f066a214c2f5e87bad3c948f4d605d)
Start importing Assets/DemoSence/Sets/Pepe/Being Hit/Damage_Critical_GreatSword_Hit.anim using Guid(1154b9ff101932c3884ca761764f4480) Importer(2089858483,b0f066a214c2f5e87bad3c948f4d605d) (ScriptedImporter) -> (Import Result ID: '843d061276ea435743958b597539fb3c') in 0.567205 seconds [static and dynamic dependencies]. Details - ImportResultOutputID=b2762aa53fbb8a7f73b994e809ccb6b7 DependenciesID=cf7768a11a377296dc141bd3836839a0 StaticDependenciesID=8c0a64cb99d1a6dc978332ddeb28409c 
Number of updated asset objects reloaded before import = 0Number of asset objects unloaded after import = 1

========================================================================
Received Import Request.
  Time since last request: 0.000079 seconds.
  path: Assets/BeatEmUp_GameTemplate3D/Audio/PlayerHurt2.wav
  importAddress: Guid(136d42ebafee51a4fa2ffe373c1e9a81) Importer(2089858483,b0f066a214c2f5e87bad3c948f4d605d)
Start importing Assets/BeatEmUp_GameTemplate3D/Audio/PlayerHurt2.wav using Guid(136d42ebafee51a4fa2ffe373c1e9a81) Importer(2089858483,b0f066a214c2f5e87bad3c948f4d605d) (ScriptedImporter) -> (Import Result ID: 'ec1d9d0455671fa965d8caa40ec2ea16') in 0.0423104 seconds [static and dynamic dependencies]. Details - ImportResultOutputID=99f9546ddb96507a42e4f8116a164420 DependenciesID=67e8dafd6636d2b63d22efcf7b99a711 StaticDependenciesID=8ff0e5f46c6312c639b96b4d8327ffa3 
Number of updated asset objects reloaded before import = 0Number of asset objects unloaded after import = 1

========================================================================
Received Import Request.
  Time since last request: 0.000016 seconds.
  path: Assets/Hovl Studio/DemoAssets/Textures/Trail65.png
  importAddress: Guid(ddd2497da944b0842baca3f78a1f51f2) Importer(2089858483,b0f066a214c2f5e87bad3c948f4d605d)
Start importing Assets/Hovl Studio/DemoAssets/Textures/Trail65.png using Guid(ddd2497da944b0842baca3f78a1f51f2) Importer(2089858483,b0f066a214c2f5e87bad3c948f4d605d) (ScriptedImporter) -> (Import Result ID: 'f0bdd37c3fd91e617b3e2e073afed9a0') in 0.0667163 seconds [static and dynamic dependencies]. Details - ImportResultOutputID=0992726e20f707c683bebaf8b2eeb151 DependenciesID=c2be281ebba08adfddba877ef412db0a StaticDependenciesID=cb121ea933a806641e7cbd45de218f40 
Number of updated asset objects reloaded before import = 0Number of asset objects unloaded after import = 1

========================================================================
Received Import Request.
  Time since last request: 0.000023 seconds.
  path: Assets/Hovl Studio/Sword slash VFX/Textures/NormalMap8.png
  importAddress: Guid(950e9e23ceae56c48a25ba32f408d964) Importer(2089858483,b0f066a214c2f5e87bad3c948f4d605d)
Start importing Assets/Hovl Studio/Sword slash VFX/Textures/NormalMap8.png using Guid(950e9e23ceae56c48a25ba32f408d964) Importer(2089858483,b0f066a214c2f5e87bad3c948f4d605d) (ScriptedImporter) -> (Import Result ID: '75b01f6836adabf1b9b8f4942b7eef8c') in 0.0226273 seconds [static and dynamic dependencies]. Details - ImportResultOutputID=1c2fd04db72036a22276bce265453449 DependenciesID=841d50a54c7fe5d2dd9fe045a2c026aa StaticDependenciesID=c560a24041e58d6e3aeb39b8c6583851 
Number of updated asset objects reloaded before import = 0Number of asset objects unloaded after import = 1

========================================================================
Received Import Request.
  Time since last request: 0.000048 seconds.
  path: Assets/DemoSence/Sets/Mankey/Hit/Damage_Critical_Dual.anim
  importAddress: Guid(e762c1dee3c6fd4158d7c574da543530) Importer(2089858483,b0f066a214c2f5e87bad3c948f4d605d)
Start importing Assets/DemoSence/Sets/Mankey/Hit/Damage_Critical_Dual.anim using Guid(e762c1dee3c6fd4158d7c574da543530) Importer(2089858483,b0f066a214c2f5e87bad3c948f4d605d) (ScriptedImporter) -> (Import Result ID: 'bec5afa1b8c3205ec00227789fdedc14') in 0.8218871 seconds [static and dynamic dependencies]. Details - ImportResultOutputID=8b6415e3d711737b0dfef3b09926141d DependenciesID=0534217268eea58b44b588cc8be6bb9d StaticDependenciesID=276076049dd7dd64b846aa2606860eb3 
Number of updated asset objects reloaded before import = 0Number of asset objects unloaded after import = 1

========================================================================
Received Import Request.
  Time since last request: 0.000027 seconds.
  path: Assets/Audio/Battle/Clips/Processed/getup_FABRIC_Movement_Short_RR2_mono.wav
  importAddress: Guid(3784f4ed02d3a734eb816e82044ae415) Importer(2089858483,b0f066a214c2f5e87bad3c948f4d605d)
Start importing Assets/Audio/Battle/Clips/Processed/getup_FABRIC_Movement_Short_RR2_mono.wav using Guid(3784f4ed02d3a734eb816e82044ae415) Importer(2089858483,b0f066a214c2f5e87bad3c948f4d605d) (ScriptedImporter) -> (Import Result ID: '5e144e60660f518c68ca5c18837ae2f3') in 0.0276805 seconds [static and dynamic dependencies]. Details - ImportResultOutputID=78aae3859e77284017d3c16525fb1fe6 DependenciesID=a8c6db624a599eea2bdf007cabceac1f StaticDependenciesID=373884192b1363c31046a82b1702112e 
Number of updated asset objects reloaded before import = 0Number of asset objects unloaded after import = 1

========================================================================
Received Import Request.
  Time since last request: 0.000022 seconds.
  path: Assets/BeatEmUp_GameTemplate3D/Audio/Footstep2.wav
  importAddress: Guid(d9d3d738834902d4da8c2e029df0df08) Importer(2089858483,b0f066a214c2f5e87bad3c948f4d605d)
Start importing Assets/BeatEmUp_GameTemplate3D/Audio/Footstep2.wav using Guid(d9d3d738834902d4da8c2e029df0df08) Importer(2089858483,b0f066a214c2f5e87bad3c948f4d605d) (ScriptedImporter) -> (Import Result ID: '0b9dc5185a61571cf5248e88ca86d2cd') in 0.1008649 seconds [static and dynamic dependencies]. Details - ImportResultOutputID=62d041533e2260e3c4a7a4f6fe25a276 DependenciesID=05e80431a824f229d072d6c81441da46 StaticDependenciesID=2dca3a71c4c74555cf44be3cf43e266b 
Number of updated asset objects reloaded before import = 0Number of asset objects unloaded after import = 1

========================================================================
Received Import Request.
  Time since last request: 0.000015 seconds.
  path: Assets/StreamingAssets/ZeroSpace/socket.io.LICENSE.txt
  importAddress: Guid(83676ffd4b82d0f4bbdcce1e04c91ac1) Importer(2089858483,b0f066a214c2f5e87bad3c948f4d605d)
Start importing Assets/StreamingAssets/ZeroSpace/socket.io.LICENSE.txt using Guid(83676ffd4b82d0f4bbdcce1e04c91ac1) Importer(2089858483,b0f066a214c2f5e87bad3c948f4d605d) (ScriptedImporter) -> (Import Result ID: '539ec748d5206ffd38eabc9e3e8b9101') in 0.0028913 seconds [static and dynamic dependencies]. Details - ImportResultOutputID=af4270fac361b3f1f0b2541d0f7441eb DependenciesID=71527e3f4f8b0c62d301373cd88bffaa StaticDependenciesID=2233e6baedd3d554b194db4548832f3f 
Number of updated asset objects reloaded before import = 0Number of asset objects unloaded after import = 1

========================================================================
Received Import Request.
  Time since last request: 0.000037 seconds.
  path: Assets/Hovl Studio/Archer skills pack/Textures/Fire14.png
  importAddress: Guid(06ba46402c226b446a24c788eb061edd) Importer(2089858483,b0f066a214c2f5e87bad3c948f4d605d)
Start importing Assets/Hovl Studio/Archer skills pack/Textures/Fire14.png using Guid(06ba46402c226b446a24c788eb061edd) Importer(2089858483,b0f066a214c2f5e87bad3c948f4d605d) (ScriptedImporter) -> (Import Result ID: '0243293083bc5fe984cff6f26c3cf623') in 0.0479732 seconds [static and dynamic dependencies]. Details - ImportResultOutputID=cd5fdd4c37116244b4963abc9bc64962 DependenciesID=8dc9ab84d05a87d5085c3f765ab0e0f2 StaticDependenciesID=09703af34cc00b69e9e48165eb4764d9 
Number of updated asset objects reloaded before import = 0Number of asset objects unloaded after import = 1

========================================================================
Received Import Request.
  Time since last request: 0.000045 seconds.
  path: Assets/Hovl Studio/Archer skills pack/Textures/Noise72.png
  importAddress: Guid(74ed93858b3298e4f93e6146b3ef490c) Importer(2089858483,b0f066a214c2f5e87bad3c948f4d605d)
Start importing Assets/Hovl Studio/Archer skills pack/Textures/Noise72.png using Guid(74ed93858b3298e4f93e6146b3ef490c) Importer(2089858483,b0f066a214c2f5e87bad3c948f4d605d) (ScriptedImporter) -> (Import Result ID: '945dd96a37f6a16573cce45ffdfdc297') in 0.0581353 seconds [static and dynamic dependencies]. Details - ImportResultOutputID=2e0828d2d5ab8671b38eb3577f2feca8 DependenciesID=3e715ff46b5d7f8270eacd9c3a87c7e0 StaticDependenciesID=667b0cad7becb0a0ba481084706cd0cf 
Number of updated asset objects reloaded before import = 0Number of asset objects unloaded after import = 1

========================================================================
Received Import Request.
  Time since last request: 0.000056 seconds.
  path: Assets/BeatEmUp_GameTemplate3D/Audio/BaseballBatBreak.wav
  importAddress: Guid(b694c0b5441521746a2b5319cf14f694) Importer(2089858483,b0f066a214c2f5e87bad3c948f4d605d)
Start importing Assets/BeatEmUp_GameTemplate3D/Audio/BaseballBatBreak.wav using Guid(b694c0b5441521746a2b5319cf14f694) Importer(2089858483,b0f066a214c2f5e87bad3c948f4d605d) (ScriptedImporter) -> (Import Result ID: '8f95316d34c180fa6b137ba052c3e1be') in 0.0437991 seconds [static and dynamic dependencies]. Details - ImportResultOutputID=d2740f1266996b127bd14741cdf55bef DependenciesID=334c51159f6ecb6c35ae50d8c56b0555 StaticDependenciesID=88f299ea66de3ba5d37b3ab824e2f6a0 
Number of updated asset objects reloaded before import = 0Number of asset objects unloaded after import = 1

========================================================================
Received Import Request.
  Time since last request: 0.000019 seconds.
  path: Assets/Hovl Studio/Sword slash VFX/Textures/Noise59.png
  importAddress: Guid(2d2569483a93cff42a128d794be03e25) Importer(2089858483,b0f066a214c2f5e87bad3c948f4d605d)
Start importing Assets/Hovl Studio/Sword slash VFX/Textures/Noise59.png using Guid(2d2569483a93cff42a128d794be03e25) Importer(2089858483,b0f066a214c2f5e87bad3c948f4d605d) (ScriptedImporter) -> (Import Result ID: '08a9a95aded76c2932d497f7350bb08d') in 0.0361593 seconds [static and dynamic dependencies]. Details - ImportResultOutputID=2f79f526828c5baa3179d4c9ab81e06c DependenciesID=635d788fb9eff7d7f95671cb0c4af943 StaticDependenciesID=857e9b3963c5f3aab81f7e59f1486882 
Number of updated asset objects reloaded before import = 0Number of asset objects unloaded after import = 1

========================================================================
Received Import Request.
  Time since last request: 0.000022 seconds.
  path: Assets/Scenes/LoadingScene.unity
  importAddress: Guid(e5a449757bd3a054aa9632cd8657844f) Importer(2089858483,b0f066a214c2f5e87bad3c948f4d605d)
Start importing Assets/Scenes/LoadingScene.unity using Guid(e5a449757bd3a054aa9632cd8657844f) Importer(2089858483,b0f066a214c2f5e87bad3c948f4d605d) (ScriptedImporter) -> (Import Result ID: 'd3088aa52df33e687f89432b7bcca693') in 0.0064026 seconds [static and dynamic dependencies]. Details - ImportResultOutputID=09f402cefe21e87fa542a79a8d075ef6 DependenciesID=b3a0d7499519adbf6f248608a0e49959 StaticDependenciesID=3a1736737cf7ffd77ae21e1855519d51 
Number of updated asset objects reloaded before import = 0Number of asset objects unloaded after import = 1

========================================================================
Received Import Request.
  Time since last request: 0.000020 seconds.
  path: Assets/Hovl Studio/Sword slash VFX/Textures/MaskForShader.png
  importAddress: Guid(60d224affeaecf84ead5a8b24c6c9995) Importer(2089858483,b0f066a214c2f5e87bad3c948f4d605d)
Start importing Assets/Hovl Studio/Sword slash VFX/Textures/MaskForShader.png using Guid(60d224affeaecf84ead5a8b24c6c9995) Importer(2089858483,b0f066a214c2f5e87bad3c948f4d605d) (ScriptedImporter) -> (Import Result ID: 'f2170f1d060dc110b2a3d6cb29c237f6') in 0.1107903 seconds [static and dynamic dependencies]. Details - ImportResultOutputID=9152e6f38cf990b904101a8bc906c77f DependenciesID=13f8f6040674e33c2a45b1d7109fa6e6 StaticDependenciesID=06ec5aa14f467164f5fdfd81b8a16071 
Number of updated asset objects reloaded before import = 0Number of asset objects unloaded after import = 1

========================================================================
Received Import Request.
  Time since last request: 0.000018 seconds.
  path: Assets/BeatEmUp_GameTemplate3D/Textures/TrashProps.tga
  importAddress: Guid(60f782863c0130147927330d6dc1e152) Importer(2089858483,b0f066a214c2f5e87bad3c948f4d605d)
Start importing Assets/BeatEmUp_GameTemplate3D/Textures/TrashProps.tga using Guid(60f782863c0130147927330d6dc1e152) Importer(2089858483,b0f066a214c2f5e87bad3c948f4d605d) (ScriptedImporter) -> (Import Result ID: '3ad535d240eea78f8f485806c1eb28c0') in 0.0451725 seconds [static and dynamic dependencies]. Details - ImportResultOutputID=bd81b32deef9be36c578b33569d36409 DependenciesID=a1587a0212dbbc627be2eb8ea9c6ec06 StaticDependenciesID=7b45c02af6c9065f75b93729df5a7476 
Number of updated asset objects reloaded before import = 0Number of asset objects unloaded after import = 1

========================================================================
Received Import Request.
  Time since last request: 0.000024 seconds.
  path: Assets/Hovl Studio/DemoAssets/Scripts/For demo scenes/HS_WhiteMageController.cs
  importAddress: Guid(c0b44eb232eca4c479f87352565a78e9) Importer(2089858483,b0f066a214c2f5e87bad3c948f4d605d)
Start importing Assets/Hovl Studio/DemoAssets/Scripts/For demo scenes/HS_WhiteMageController.cs using Guid(c0b44eb232eca4c479f87352565a78e9) Importer(2089858483,b0f066a214c2f5e87bad3c948f4d605d) (ScriptedImporter) -> (Import Result ID: '673a09332b9d74bafffd00f0cbf98459') in 0.0045313 seconds [static and dynamic dependencies]. Details - ImportResultOutputID=d101c1f43702863885cb28729a0a7c21 DependenciesID=f9278f3d87cde7f18efbb6aab6487635 StaticDependenciesID=2294d118c8ced8b77331c99734f606e3 
Number of updated asset objects reloaded before import = 0Number of asset objects unloaded after import = 0

========================================================================
Received Import Request.
  Time since last request: 0.000045 seconds.
  path: Assets/BeatEmUp_GameTemplate3D/Environment/Models/WallSegment.FBX
  importAddress: Guid(db0992b9a03f47541948617385ed20e3) Importer(2089858483,b0f066a214c2f5e87bad3c948f4d605d)
Start importing Assets/BeatEmUp_GameTemplate3D/Environment/Models/WallSegment.FBX using Guid(db0992b9a03f47541948617385ed20e3) Importer(2089858483,b0f066a214c2f5e87bad3c948f4d605d) (ScriptedImporter) -> (Import Result ID: '761ec085194f7a4c1e9646318df09152') in 0.099097 seconds [static and dynamic dependencies]. Details - ImportResultOutputID=cd387cd1db7ce9b9ac430e7bb5cd4830 DependenciesID=c61ded7f393d81ac467f870c252f748f StaticDependenciesID=bf3439d7f13d83d3c127c954248e09b4 
Number of updated asset objects reloaded before import = 0Number of asset objects unloaded after import = 7

========================================================================
Received Import Request.
  Time since last request: 0.000017 seconds.
  path: Assets/JMO Assets/Cartoon FX Remaster/CFXR Assets/Graphics/cfxr debris 3x3.png
  importAddress: Guid(c77bd9e350bb29b47bf79c281d43f52c) Importer(2089858483,b0f066a214c2f5e87bad3c948f4d605d)
Start importing Assets/JMO Assets/Cartoon FX Remaster/CFXR Assets/Graphics/cfxr debris 3x3.png using Guid(c77bd9e350bb29b47bf79c281d43f52c) Importer(2089858483,b0f066a214c2f5e87bad3c948f4d605d) (ScriptedImporter) -> (Import Result ID: '6e3d099db0c56ce8be539dbab19c2ccf') in 0.0316643 seconds [static and dynamic dependencies]. Details - ImportResultOutputID=ac6ec0ac568231c1070d524bdfaec99a DependenciesID=3a9c1cd87d97760c95d3410d1c216d8f StaticDependenciesID=a26f1ae6d3b1f2f63b6f44e49d2ee846 
Number of updated asset objects reloaded before import = 0Number of asset objects unloaded after import = 1

========================================================================
Received Import Request.
  Time since last request: 0.000017 seconds.
  path: Assets/BeatEmUp_GameTemplate3D/Environment/Models/Vines.FBX
  importAddress: Guid(0973b3e3eb2f87a42a1423fabf93fba2) Importer(2089858483,b0f066a214c2f5e87bad3c948f4d605d)
Start importing Assets/BeatEmUp_GameTemplate3D/Environment/Models/Vines.FBX using Guid(0973b3e3eb2f87a42a1423fabf93fba2) Importer(2089858483,b0f066a214c2f5e87bad3c948f4d605d) (ScriptedImporter) -> (Import Result ID: '6fe22f3a24afe1fa642052ff96735979') in 0.0193954 seconds [static and dynamic dependencies]. Details - ImportResultOutputID=cb34b5e6216b41c28386ee897134977c DependenciesID=da54b8a901130e2def58cbe3e47e4d21 StaticDependenciesID=e7e75028ba3404f95753b36bff8a9539 
Number of updated asset objects reloaded before import = 0Number of asset objects unloaded after import = 19

========================================================================
Received Import Request.
  Time since last request: 0.000015 seconds.
  path: Assets/Hovl Studio/Sword slash VFX/Textures/Smoke18n.png
  importAddress: Guid(d41987c58aeb75e4997316f01db82a38) Importer(2089858483,b0f066a214c2f5e87bad3c948f4d605d)
Start importing Assets/Hovl Studio/Sword slash VFX/Textures/Smoke18n.png using Guid(d41987c58aeb75e4997316f01db82a38) Importer(2089858483,b0f066a214c2f5e87bad3c948f4d605d) (ScriptedImporter) -> (Import Result ID: 'd570e3b2bc97ff8d67313032a97f032d') in 0.0291154 seconds [static and dynamic dependencies]. Details - ImportResultOutputID=99612f5ea357f2c2adf78410131068e2 DependenciesID=830530aae5ab981c31b10a227de1aaf2 StaticDependenciesID=9dc3107d9d825e711b65b21c9f34edb2 
Number of updated asset objects reloaded before import = 0Number of asset objects unloaded after import = 1

========================================================================
Received Import Request.
  Time since last request: 0.000020 seconds.
  path: Assets/BeatEmUp_GameTemplate3D/Audio/HeavyHit1.wav
  importAddress: Guid(dc218a2a17b1e274681ef3fa707f50bc) Importer(2089858483,b0f066a214c2f5e87bad3c948f4d605d)
Start importing Assets/BeatEmUp_GameTemplate3D/Audio/HeavyHit1.wav using Guid(dc218a2a17b1e274681ef3fa707f50bc) Importer(2089858483,b0f066a214c2f5e87bad3c948f4d605d) (ScriptedImporter) -> (Import Result ID: '17c541c0a1cba24b39a7d52aa14bb4f0') in 0.0427324 seconds [static and dynamic dependencies]. Details - ImportResultOutputID=b7c93ffee47821a96483c352035989be DependenciesID=d4525c4d9222718834d1986d729a4600 StaticDependenciesID=1344209f6c0c7b0547f48a348b40f6d0 
Number of updated asset objects reloaded before import = 0Number of asset objects unloaded after import = 1

========================================================================
Received Import Request.
  Time since last request: 0.000020 seconds.
  path: Assets/Hovl Studio/DemoAssets/Textures/CircleRainbow11.png
  importAddress: Guid(247d486af215d2941851952d0eba53f0) Importer(2089858483,b0f066a214c2f5e87bad3c948f4d605d)
Start importing Assets/Hovl Studio/DemoAssets/Textures/CircleRainbow11.png using Guid(247d486af215d2941851952d0eba53f0) Importer(2089858483,b0f066a214c2f5e87bad3c948f4d605d) (ScriptedImporter) -> (Import Result ID: '0fd6da8ccee29f0f105cc94bcb015733') in 0.0265058 seconds [static and dynamic dependencies]. Details - ImportResultOutputID=7cefc8aab4d464d6b176feb721c2b397 DependenciesID=2a2e4cc8d8becfd94c2e33edae1cdd5a StaticDependenciesID=af97ef3d60af45329664507b4d4b3ded 
Number of updated asset objects reloaded before import = 0Number of asset objects unloaded after import = 1

========================================================================
Received Import Request.
  Time since last request: 0.000027 seconds.
  path: Assets/DemoSence/Sets/Pepe/Hit/Damage_Critical_GreatSword.anim
  importAddress: Guid(32a144720df8bb1cfb3dc58b6eb1b05b) Importer(2089858483,b0f066a214c2f5e87bad3c948f4d605d)
Start importing Assets/DemoSence/Sets/Pepe/Hit/Damage_Critical_GreatSword.anim using Guid(32a144720df8bb1cfb3dc58b6eb1b05b) Importer(2089858483,b0f066a214c2f5e87bad3c948f4d605d) (ScriptedImporter) -> (Import Result ID: '4fa7d2638d5b524f96fa0be587da28d5') in 0.6975088 seconds [static and dynamic dependencies]. Details - ImportResultOutputID=c431a15bdb491b65d7b654e2a011c199 DependenciesID=e1744f4a4d6e599def016aee4b1ac389 StaticDependenciesID=f127e3da3ed4179ecf8daa1fd4f66465 
Number of updated asset objects reloaded before import = 0Number of asset objects unloaded after import = 1

========================================================================
Received Import Request.
  Time since last request: 0.000034 seconds.
  path: Assets/Hovl Studio/DemoAssets/Scripts
  importAddress: Guid(dcebc253bb0b3794d9161373906ba535) Importer(2089858483,b0f066a214c2f5e87bad3c948f4d605d)
Start importing Assets/Hovl Studio/DemoAssets/Scripts using Guid(dcebc253bb0b3794d9161373906ba535) Importer(2089858483,b0f066a214c2f5e87bad3c948f4d605d) (ScriptedImporter) -> (Import Result ID: 'b9429dcf0b57910b69f79b903706fd41') in 0.003547 seconds [static and dynamic dependencies]. Details - ImportResultOutputID=9dad505e099a5a3fa2430880ee0c0c93 DependenciesID=b6a35fe6f0e71b1e0027938799156151 StaticDependenciesID=9cb3241592997736031b28475a56ca4e 
Number of updated asset objects reloaded before import = 0Number of asset objects unloaded after import = 1

========================================================================
Received Import Request.
  Time since last request: 0.000027 seconds.
  path: Assets/StreamingAssets
  importAddress: Guid(e4d4168a7bb89d947b2e3aee0e12b972) Importer(2089858483,b0f066a214c2f5e87bad3c948f4d605d)
Start importing Assets/StreamingAssets using Guid(e4d4168a7bb89d947b2e3aee0e12b972) Importer(2089858483,b0f066a214c2f5e87bad3c948f4d605d) (ScriptedImporter) -> (Import Result ID: 'faa2546be68f884e4b813b2f3a62aebe') in 0.0030477 seconds [static and dynamic dependencies]. Details - ImportResultOutputID=84508c1572e5a60ae9e112558c7b97a3 DependenciesID=2f0e8a60a3d65e7c30c8a2142e8bfe77 StaticDependenciesID=627efee55d265523c38c9998820e03ef 
Number of updated asset objects reloaded before import = 0Number of asset objects unloaded after import = 1

========================================================================
Received Import Request.
  Time since last request: 0.000033 seconds.
  path: Assets/Audio/Battle/Clips/Processed/light_hit_IMPACT_Generic_09_Short_mono.wav
  importAddress: Guid(495636db79a48fc47803dafc39757dc5) Importer(2089858483,b0f066a214c2f5e87bad3c948f4d605d)
Start importing Assets/Audio/Battle/Clips/Processed/light_hit_IMPACT_Generic_09_Short_mono.wav using Guid(495636db79a48fc47803dafc39757dc5) Importer(2089858483,b0f066a214c2f5e87bad3c948f4d605d) (ScriptedImporter) -> (Import Result ID: '5dbcdf2b093e3a200c79ad08b4262cb2') in 0.072103 seconds [static and dynamic dependencies]. Details - ImportResultOutputID=799feac7fba1d15c4776fd804739c4b5 DependenciesID=467a7a53d8cbd8a62c1213c5e2eacd9f StaticDependenciesID=7e3bd47cec8a02c69473650c2bf41892 
Number of updated asset objects reloaded before import = 0Number of asset objects unloaded after import = 1

========================================================================
Received Import Request.
  Time since last request: 0.000027 seconds.
  path: Assets/JMO Assets/Cartoon FX (legacy)/Textures (Mobile)/CFXM_T_Text_HitRandom.tga
  importAddress: Guid(7e9a8f5e069b4724ba6e05cd7705c475) Importer(2089858483,b0f066a214c2f5e87bad3c948f4d605d)
Start importing Assets/JMO Assets/Cartoon FX (legacy)/Textures (Mobile)/CFXM_T_Text_HitRandom.tga using Guid(7e9a8f5e069b4724ba6e05cd7705c475) Importer(2089858483,b0f066a214c2f5e87bad3c948f4d605d) (ScriptedImporter) -> (Import Result ID: '5795f2b501ce18b4dc80e0d1ed1ff773') in 0.0288108 seconds [static and dynamic dependencies]. Details - ImportResultOutputID=90f69537c30d9710d68cb4d7ae6a6980 DependenciesID=591f571d2f7820aef1c408307a8fa2aa StaticDependenciesID=76463ebde7575e99bc2166d397d675c8 
Number of updated asset objects reloaded before import = 0Number of asset objects unloaded after import = 1

========================================================================
Received Import Request.
  Time since last request: 0.000017 seconds.
  path: Assets/BeatEmUp_GameTemplate3D/Environment/Models/RoadBarrier.FBX
  importAddress: Guid(5773c955c00f540439df663052abec14) Importer(2089858483,b0f066a214c2f5e87bad3c948f4d605d)
Start importing Assets/BeatEmUp_GameTemplate3D/Environment/Models/RoadBarrier.FBX using Guid(5773c955c00f540439df663052abec14) Importer(2089858483,b0f066a214c2f5e87bad3c948f4d605d) (ScriptedImporter)MaterialLocation.External is obsolete. External Material Location is no longer supported. (Assets/BeatEmUp_GameTemplate3D/Environment/Models/RoadBarrier.FBX)
 -> (Import Result ID: 'de1071a03f799e5a7729e46182629bc9') in 0.0406388 seconds [static and dynamic dependencies]. Details - ImportResultOutputID=29df03485603d13f71fadb66358df5bb DependenciesID=64b5576cdd53e5d1055f1a930522030a StaticDependenciesID=7ead0f437fb10dbbf478e73f14af1f89 
Number of updated asset objects reloaded before import = 0Number of asset objects unloaded after import = 7

========================================================================
Received Import Request.
  Time since last request: 0.000017 seconds.
  path: Assets/BeatEmUp_GameTemplate3D/Audio/PunchHit3.wav
  importAddress: Guid(0903321bbf668f145bbac38a1daa6a25) Importer(2089858483,b0f066a214c2f5e87bad3c948f4d605d)
Start importing Assets/BeatEmUp_GameTemplate3D/Audio/PunchHit3.wav using Guid(0903321bbf668f145bbac38a1daa6a25) Importer(2089858483,b0f066a214c2f5e87bad3c948f4d605d) (ScriptedImporter) -> (Import Result ID: 'a02a60a6bb2977553659f346d29a09f8') in 0.1224922 seconds [static and dynamic dependencies]. Details - ImportResultOutputID=2cdd8d6ff8eb03b28465a88826d0a737 DependenciesID=fdc1e69f487756d003e6584b9e9dfb0e StaticDependenciesID=d90be31655a75ee7cb5c36aa120fcad7 
Number of updated asset objects reloaded before import = 0Number of asset objects unloaded after import = 1

========================================================================
Received Import Request.
  Time since last request: 0.000023 seconds.
  path: Assets/Audio/Battle/Clips/Processed/body_fall_THUD_Dark_03_Short_mono.wav
  importAddress: Guid(c07d2250506899947b965fbe5977cf1a) Importer(2089858483,b0f066a214c2f5e87bad3c948f4d605d)
Start importing Assets/Audio/Battle/Clips/Processed/body_fall_THUD_Dark_03_Short_mono.wav using Guid(c07d2250506899947b965fbe5977cf1a) Importer(2089858483,b0f066a214c2f5e87bad3c948f4d605d) (ScriptedImporter) -> (Import Result ID: 'f0f9208b7cd0c04bda146085f55cd102') in 0.098232 seconds [static and dynamic dependencies]. Details - ImportResultOutputID=95d42f75a4334897457fd1bdeab4fd64 DependenciesID=21fba915bfbfc4362ab3ffa7a0806cfb StaticDependenciesID=8b20791093c569419a4046248964ecc9 
Number of updated asset objects reloaded before import = 0Number of asset objects unloaded after import = 1

========================================================================
Received Import Request.
  Time since last request: 0.000028 seconds.
  path: Assets/Hovl Studio/Sword slash VFX/Textures/Stone1_Albedo.png
  importAddress: Guid(aaefaca70f66ed144816f5a298eb23d3) Importer(2089858483,b0f066a214c2f5e87bad3c948f4d605d)
Start importing Assets/Hovl Studio/Sword slash VFX/Textures/Stone1_Albedo.png using Guid(aaefaca70f66ed144816f5a298eb23d3) Importer(2089858483,b0f066a214c2f5e87bad3c948f4d605d) (ScriptedImporter) -> (Import Result ID: 'ab2f288b8b47a237c1c821b59c97543b') in 0.0101887 seconds [static and dynamic dependencies]. Details - ImportResultOutputID=c433aeb69cde591582cd75d73da83d9b DependenciesID=b0012d6b54fdefcea50682658a44c7c5 StaticDependenciesID=b7bc798888ccf1c72187373276f38049 
Number of updated asset objects reloaded before import = 0Number of asset objects unloaded after import = 1

========================================================================
Received Import Request.
  Time since last request: 0.000030 seconds.
  path: Assets/BeatEmUp_GameTemplate3D/Audio/Drop.wav
  importAddress: Guid(7df871bfd2e8eda428d826fa2bfa3eef) Importer(2089858483,b0f066a214c2f5e87bad3c948f4d605d)
Start importing Assets/BeatEmUp_GameTemplate3D/Audio/Drop.wav using Guid(7df871bfd2e8eda428d826fa2bfa3eef) Importer(2089858483,b0f066a214c2f5e87bad3c948f4d605d) (ScriptedImporter) -> (Import Result ID: '02152b2214117fd217461af09666addf') in 0.0462316 seconds [static and dynamic dependencies]. Details - ImportResultOutputID=f7f123ab6fe1937acbd1d241110d919b DependenciesID=febb8c34d6914aef67cc149b46875bee StaticDependenciesID=601f7a9ddc17d3dd15d8ba97dfa572b7 
Number of updated asset objects reloaded before import = 0Number of asset objects unloaded after import = 1

========================================================================
Received Import Request.
  Time since last request: 0.000048 seconds.
  path: Assets/ErbGameArt/Sword slash FX/Textures/Gradient4.3.png
  importAddress: Guid(396f38a210576e54e859be3bfc253e2d) Importer(2089858483,b0f066a214c2f5e87bad3c948f4d605d)
Start importing Assets/ErbGameArt/Sword slash FX/Textures/Gradient4.3.png using Guid(396f38a210576e54e859be3bfc253e2d) Importer(2089858483,b0f066a214c2f5e87bad3c948f4d605d) (ScriptedImporter) -> (Import Result ID: '4cfebf30a48c443a4364510015fdf21c') in 0.0259475 seconds [static and dynamic dependencies]. Details - ImportResultOutputID=4686d3698805e6e9b0a7981e9f563bfb DependenciesID=e6396d2fdcc155c08c159b335336fc7b StaticDependenciesID=5405a5183a5ab02ab82cd63f5ab6996c 
Number of updated asset objects reloaded before import = 0Number of asset objects unloaded after import = 1

========================================================================
Received Import Request.
  Time since last request: 0.000033 seconds.
  path: Assets/DemoSence/Sets/Mankey/Being Hit/Damage_Critical_Spear_Hit.anim
  importAddress: Guid(1a1eacea83607f6a3ae147efbbc23558) Importer(2089858483,b0f066a214c2f5e87bad3c948f4d605d)
Start importing Assets/DemoSence/Sets/Mankey/Being Hit/Damage_Critical_Spear_Hit.anim using Guid(1a1eacea83607f6a3ae147efbbc23558) Importer(2089858483,b0f066a214c2f5e87bad3c948f4d605d) (ScriptedImporter) -> (Import Result ID: '13e3639cd4e1516e6afe6a9812854365') in 0.6355705 seconds [static and dynamic dependencies]. Details - ImportResultOutputID=00aea81684620c514741b7f0ca8c2298 DependenciesID=07b4eabf6ea70509c8223212dd376881 StaticDependenciesID=7f7d1ae6b1e1ee51cc83d736349715db 
Number of updated asset objects reloaded before import = 0Number of asset objects unloaded after import = 1

========================================================================
Received Import Request.
  Time since last request: 0.000034 seconds.
  path: Assets/Audio/Battle/Clips/Processed/victory_VOICE_MALE_Victory_1_mono.wav
  importAddress: Guid(71670545a8e88cd4f9c24d076464b621) Importer(2089858483,b0f066a214c2f5e87bad3c948f4d605d)
Start importing Assets/Audio/Battle/Clips/Processed/victory_VOICE_MALE_Victory_1_mono.wav using Guid(71670545a8e88cd4f9c24d076464b621) Importer(2089858483,b0f066a214c2f5e87bad3c948f4d605d) (ScriptedImporter) -> (Import Result ID: 'c4a3e1d4d24d1043bc024fa923842619') in 0.068842 seconds [static and dynamic dependencies]. Details - ImportResultOutputID=94edfbfbfd8f35e8f4fd4293dd2ca4e9 DependenciesID=b6d21e69de03730be15a4e0afd60ec42 StaticDependenciesID=4232425329e6fb9707106f72cb30cde3 
Number of updated asset objects reloaded before import = 0Number of asset objects unloaded after import = 1

========================================================================
Received Import Request.
  Time since last request: 0.000030 seconds.
  path: Assets/Hovl Studio/DemoAssets/Textures/Circle134.png
  importAddress: Guid(c20c5eebb5a4af546b323e2de5054f7c) Importer(2089858483,b0f066a214c2f5e87bad3c948f4d605d)
Start importing Assets/Hovl Studio/DemoAssets/Textures/Circle134.png using Guid(c20c5eebb5a4af546b323e2de5054f7c) Importer(2089858483,b0f066a214c2f5e87bad3c948f4d605d) (ScriptedImporter) -> (Import Result ID: 'd82309803083a1490fc65c83ec614add') in 0.0899512 seconds [static and dynamic dependencies]. Details - ImportResultOutputID=ee053afb37e5041d994f68b5b590511e DependenciesID=92d753a37e8950565cfd9a8d423e19a6 StaticDependenciesID=cc26a2befb0fb992b2d9bfc43006fd77 
Number of updated asset objects reloaded before import = 0Number of asset objects unloaded after import = 1

========================================================================
Received Import Request.
  Time since last request: 0.000040 seconds.
  path: Assets/Audio/Battle/Clips/Processed/light_swing_MARTIAL_ARTS_Kick_Punch_RR2_mono.wav
  importAddress: Guid(738149f56e86a894a85842bee7fa4840) Importer(2089858483,b0f066a214c2f5e87bad3c948f4d605d)
Start importing Assets/Audio/Battle/Clips/Processed/light_swing_MARTIAL_ARTS_Kick_Punch_RR2_mono.wav using Guid(738149f56e86a894a85842bee7fa4840) Importer(2089858483,b0f066a214c2f5e87bad3c948f4d605d) (ScriptedImporter) -> (Import Result ID: '3747cdfee44ec985eaf2e91c5f2e8499') in 0.0487128 seconds [static and dynamic dependencies]. Details - ImportResultOutputID=5740562af70ea9ff41ff9284115e54b8 DependenciesID=61eb610de77b0bb0a25ccbffe8ab5cbd StaticDependenciesID=566343d22158d6c0c609f7e355239381 
Number of updated asset objects reloaded before import = 0Number of asset objects unloaded after import = 1

========================================================================
Received Import Request.
  Time since last request: 0.000017 seconds.
  path: Assets/Asstes/FightingUnityChan_Asset10/DemoAssets
  importAddress: Guid(4f6175c41ecfe0d4da5487f263ddbfec) Importer(2089858483,b0f066a214c2f5e87bad3c948f4d605d)
Start importing Assets/Asstes/FightingUnityChan_Asset10/DemoAssets using Guid(4f6175c41ecfe0d4da5487f263ddbfec) Importer(2089858483,b0f066a214c2f5e87bad3c948f4d605d) (ScriptedImporter) -> (Import Result ID: '46b07c9c6b4350e92127725b60afb68d') in 0.0031577 seconds [static and dynamic dependencies]. Details - ImportResultOutputID=e16aa0a5958f73991434259a09602ffc DependenciesID=ca732ee300ba141f21603c104c54a425 StaticDependenciesID=d9a7e910c698cf2c75e1fa3eec1a5e07 
Number of updated asset objects reloaded before import = 0Number of asset objects unloaded after import = 1

========================================================================
Received Import Request.
  Time since last request: 0.000020 seconds.
  path: Assets/Plugins/Vefects/Flipbook VFX/Demo/DemoAssets/Meshes
  importAddress: Guid(82fe5adb91c2d18449e8b4bd2f8cbeb9) Importer(2089858483,b0f066a214c2f5e87bad3c948f4d605d)
Start importing Assets/Plugins/Vefects/Flipbook VFX/Demo/DemoAssets/Meshes using Guid(82fe5adb91c2d18449e8b4bd2f8cbeb9) Importer(2089858483,b0f066a214c2f5e87bad3c948f4d605d) (ScriptedImporter) -> (Import Result ID: 'd9b7dbdada0262b55e284f9fd0e7d609') in 0.0033934 seconds [static and dynamic dependencies]. Details - ImportResultOutputID=77156a20054580c4f89245e188725bc4 DependenciesID=54331e7b97cc7d7f9474c1c9b96b2152 StaticDependenciesID=d12fc528c3d46db36b7f3c03ad6527a9 
Number of updated asset objects reloaded before import = 0Number of asset objects unloaded after import = 1

========================================================================
Received Import Request.
  Time since last request: 0.000034 seconds.
  path: Assets/Selected/Frank_Damages/Asset/Textures/Frank_Damages_02_color.PNG
  importAddress: Guid(d971c9ab95e18bd4c9daa5a731afa9c2) Importer(2089858483,b0f066a214c2f5e87bad3c948f4d605d)
Start importing Assets/Selected/Frank_Damages/Asset/Textures/Frank_Damages_02_color.PNG using Guid(d971c9ab95e18bd4c9daa5a731afa9c2) Importer(2089858483,b0f066a214c2f5e87bad3c948f4d605d) (ScriptedImporter) -> (Import Result ID: '4c83f406cc2ba16f0155a022eafe5299') in 0.0098996 seconds [static and dynamic dependencies]. Details - ImportResultOutputID=8f3870b622275075c4c58facb945d04c DependenciesID=eae88f5ba98d062f4eca22f102de3249 StaticDependenciesID=69bb86356d11a6fc82b89c4ebf115d30 
Number of updated asset objects reloaded before import = 0Number of asset objects unloaded after import = 1

========================================================================
Received Import Request.
  Time since last request: 0.000029 seconds.
  path: Assets/Audio/Battle/Clips/Processed/comic_fall_CARTOON_Boing_mono.wav
  importAddress: Guid(3c51018e47c793b4f85e9b3244613354) Importer(2089858483,b0f066a214c2f5e87bad3c948f4d605d)
Start importing Assets/Audio/Battle/Clips/Processed/comic_fall_CARTOON_Boing_mono.wav using Guid(3c51018e47c793b4f85e9b3244613354) Importer(2089858483,b0f066a214c2f5e87bad3c948f4d605d) (ScriptedImporter) -> (Import Result ID: 'a683b1c9bff68977d46c731ee81b3732') in 0.0565467 seconds [static and dynamic dependencies]. Details - ImportResultOutputID=8d6bdbe11ca997c06946e19608edfefa DependenciesID=013926c410cdaf7404d4941e746f9686 StaticDependenciesID=7cffd3e50cdcd0272106e706098e4692 
Number of updated asset objects reloaded before import = 0Number of asset objects unloaded after import = 1

========================================================================
Received Import Request.
  Time since last request: 0.000035 seconds.
  path: Assets/DemoSence/Sets/Mankey/Hit/Damage_Critical_Spear.anim
  importAddress: Guid(c3bf65b3b61bc4d9c853c894a6b5c888) Importer(2089858483,b0f066a214c2f5e87bad3c948f4d605d)
Start importing Assets/DemoSence/Sets/Mankey/Hit/Damage_Critical_Spear.anim using Guid(c3bf65b3b61bc4d9c853c894a6b5c888) Importer(2089858483,b0f066a214c2f5e87bad3c948f4d605d) (ScriptedImporter) -> (Import Result ID: 'a63c58fab6f62e37f74389583dc25e1b') in 0.6951245 seconds [static and dynamic dependencies]. Details - ImportResultOutputID=7046670b406744d09d7e537e0cb938d0 DependenciesID=ea6ff00607e070016dc63f5c671a1bf4 StaticDependenciesID=85f1b5be9808da7b5c8d51e8c617d4ea 
Number of updated asset objects reloaded before import = 0Number of asset objects unloaded after import = 1

========================================================================
Received Import Request.
  Time since last request: 0.000039 seconds.
  path: Assets/Scripts/Core/LoaddingManager.cs
  importAddress: Guid(da9fce0d5fa34d543befc2a880b4ed68) Importer(2089858483,b0f066a214c2f5e87bad3c948f4d605d)
Start importing Assets/Scripts/Core/LoaddingManager.cs using Guid(da9fce0d5fa34d543befc2a880b4ed68) Importer(2089858483,b0f066a214c2f5e87bad3c948f4d605d) (ScriptedImporter) -> (Import Result ID: '4693605dd46fddef5f95004fa7d8b491') in 0.0200688 seconds [static and dynamic dependencies]. Details - ImportResultOutputID=c7996c3926a437092fdfe3ed3aa12859 DependenciesID=da121453c7957e650975ef2cc7d880d8 StaticDependenciesID=58a4026c4c6a1567a338dd3d3205b273 
Number of updated asset objects reloaded before import = 0Number of asset objects unloaded after import = 0

========================================================================
Received Import Request.
  Time since last request: 0.000096 seconds.
  path: Assets/DemoSence/Sets/Pepe/Being Hit/Damage_Critical_Katana_Hit.anim
  importAddress: Guid(19e297da04baab5319e5ceca78ac7a21) Importer(2089858483,b0f066a214c2f5e87bad3c948f4d605d)
Start importing Assets/DemoSence/Sets/Pepe/Being Hit/Damage_Critical_Katana_Hit.anim using Guid(19e297da04baab5319e5ceca78ac7a21) Importer(2089858483,b0f066a214c2f5e87bad3c948f4d605d) (ScriptedImporter) -> (Import Result ID: '7c607cb27df1809814d81e6e07c5d2a3') in 0.5652036 seconds [static and dynamic dependencies]. Details - ImportResultOutputID=59791198bd498616f4dd816d38900902 DependenciesID=2ff74e723d299fd7712856551bedb4f3 StaticDependenciesID=f848dcd4d36c4141569707428e715e93 
Number of updated asset objects reloaded before import = 0Number of asset objects unloaded after import = 1

========================================================================
Received Import Request.
  Time since last request: 0.000025 seconds.
  path: Assets/Hovl Studio/DemoAssets/Textures/Trail52.png
  importAddress: Guid(e3c6d3e494f6e2d41bb90b86b133deb2) Importer(2089858483,b0f066a214c2f5e87bad3c948f4d605d)
Start importing Assets/Hovl Studio/DemoAssets/Textures/Trail52.png using Guid(e3c6d3e494f6e2d41bb90b86b133deb2) Importer(2089858483,b0f066a214c2f5e87bad3c948f4d605d) (ScriptedImporter) -> (Import Result ID: 'f280f7d0eeb0cd4f63e2be2738ee852a') in 0.0756798 seconds [static and dynamic dependencies]. Details - ImportResultOutputID=bdb094be8f4d8510bfade78462dd8b94 DependenciesID=e8245c941a84a2494fb075769b290073 StaticDependenciesID=74f905790b9b5fc9c14c9f200e8386f3 
Number of updated asset objects reloaded before import = 0Number of asset objects unloaded after import = 1

========================================================================
Received Import Request.
  Time since last request: 0.000018 seconds.
  path: Assets/Hovl Studio/DemoAssets/Textures/Flare30.png
  importAddress: Guid(d78363d756141f3429a3a542e762f3c6) Importer(2089858483,b0f066a214c2f5e87bad3c948f4d605d)
Start importing Assets/Hovl Studio/DemoAssets/Textures/Flare30.png using Guid(d78363d756141f3429a3a542e762f3c6) Importer(2089858483,b0f066a214c2f5e87bad3c948f4d605d) (ScriptedImporter) -> (Import Result ID: 'c3de7dc0659bce0e81377fe8ad44b4df') in 0.0696512 seconds [static and dynamic dependencies]. Details - ImportResultOutputID=b4dbadc0b55fdcaa32c54853564fb29b DependenciesID=b68451b35ac414055d55dab76ceff0ec StaticDependenciesID=3c6864278813115f27e72a8638550233 
Number of updated asset objects reloaded before import = 0Number of asset objects unloaded after import = 1

========================================================================
Received Import Request.
  Time since last request: 0.000030 seconds.
  path: Assets/Audio/Battle/Clips/Processed/heavy_hit_IMPACT_Generic_14_mono.wav
  importAddress: Guid(181cf148cd4d506429c4441c3ad80559) Importer(2089858483,b0f066a214c2f5e87bad3c948f4d605d)
Start importing Assets/Audio/Battle/Clips/Processed/heavy_hit_IMPACT_Generic_14_mono.wav using Guid(181cf148cd4d506429c4441c3ad80559) Importer(2089858483,b0f066a214c2f5e87bad3c948f4d605d) (ScriptedImporter) -> (Import Result ID: '5beffbd9c35033773b30c25812fec285') in 0.0551998 seconds [static and dynamic dependencies]. Details - ImportResultOutputID=e37604a91e9555c061272277aff6b437 DependenciesID=d255f5bf0fad5cda8fcae6ad57841642 StaticDependenciesID=68616699235d2829bfd3a3d2cfc86b8d 
Number of updated asset objects reloaded before import = 0Number of asset objects unloaded after import = 1

========================================================================
Received Import Request.
  Time since last request: 0.000024 seconds.
  path: Assets/DemoSence/Sets/Mankey/Being Hit/Damage_Critical_Assassin_Hit.anim
  importAddress: Guid(18d676c4910c28d3f80d8b405eeedda0) Importer(2089858483,b0f066a214c2f5e87bad3c948f4d605d)
Start importing Assets/DemoSence/Sets/Mankey/Being Hit/Damage_Critical_Assassin_Hit.anim using Guid(18d676c4910c28d3f80d8b405eeedda0) Importer(2089858483,b0f066a214c2f5e87bad3c948f4d605d) (ScriptedImporter) -> (Import Result ID: 'd504df1f804e49036369ea1a177a223d') in 0.5224084 seconds [static and dynamic dependencies]. Details - ImportResultOutputID=d05953c5105025692aa23a73c847b0bd DependenciesID=38d7ac2ea3f49fb3454e23d281d0a488 StaticDependenciesID=e4118a95d30c57e2db1f2380422a6bb7 
Number of updated asset objects reloaded before import = 0Number of asset objects unloaded after import = 1

========================================================================
Received Import Request.
  Time since last request: 0.000041 seconds.
  path: Assets/Hovl Studio/DemoAssets/Textures/Triangle1.png
  importAddress: Guid(4513f29c824bc47489e8d8e3614826f0) Importer(2089858483,b0f066a214c2f5e87bad3c948f4d605d)
Start importing Assets/Hovl Studio/DemoAssets/Textures/Triangle1.png using Guid(4513f29c824bc47489e8d8e3614826f0) Importer(2089858483,b0f066a214c2f5e87bad3c948f4d605d) (ScriptedImporter) -> (Import Result ID: '156c45f88281cf9a90fc80c6df219ac5') in 0.0325891 seconds [static and dynamic dependencies]. Details - ImportResultOutputID=859e5638ddda2db21aaf5e00e3121eac DependenciesID=da65f061be807a689273877186bf8bbf StaticDependenciesID=e2eb2eb3ec1357ef2d50547a484836f5 
Number of updated asset objects reloaded before import = 0Number of asset objects unloaded after import = 1

========================================================================
Received Import Request.
  Time since last request: 0.000016 seconds.
  path: Assets/Hovl Studio/DemoAssets/Textures/Crack7.png
  importAddress: Guid(46b242f6013399d48b19a762560c2914) Importer(2089858483,b0f066a214c2f5e87bad3c948f4d605d)
Start importing Assets/Hovl Studio/DemoAssets/Textures/Crack7.png using Guid(46b242f6013399d48b19a762560c2914) Importer(2089858483,b0f066a214c2f5e87bad3c948f4d605d) (ScriptedImporter) -> (Import Result ID: '22e75e176a3f280d70d8b79684f639a1') in 0.1163238 seconds [static and dynamic dependencies]. Details - ImportResultOutputID=0bfd637a1f8b1097dc18886ff4c18953 DependenciesID=03d76db15362840fc747792e98cc5280 StaticDependenciesID=7ee718b6613da24b8ccb294100b7f64b 
Number of updated asset objects reloaded before import = 0Number of asset objects unloaded after import = 1

========================================================================
Received Import Request.
  Time since last request: 0.000017 seconds.
  path: Assets/Hovl Studio/DemoAssets/Textures/Slash9.png
  importAddress: Guid(d6cf0ba66b0e1f148a9310937e30d602) Importer(2089858483,b0f066a214c2f5e87bad3c948f4d605d)
Start importing Assets/Hovl Studio/DemoAssets/Textures/Slash9.png using Guid(d6cf0ba66b0e1f148a9310937e30d602) Importer(2089858483,b0f066a214c2f5e87bad3c948f4d605d) (ScriptedImporter) -> (Import Result ID: '9af5a2828fc4e02ff8791b38df581683') in 0.1555476 seconds [static and dynamic dependencies]. Details - ImportResultOutputID=6fa8aa4cfda79d56a6b19c39b0a4e2a1 DependenciesID=7fc166e65bffbc017099993ebaa4634b StaticDependenciesID=5d1ac0053aed2ab0b601ebe4a8141bda 
Number of updated asset objects reloaded before import = 0Number of asset objects unloaded after import = 1

========================================================================
Received Import Request.
  Time since last request: 0.000025 seconds.
  path: Assets/Hovl Studio/DemoAssets/Textures/Noise83.png
  importAddress: Guid(afe9a7c2164775645b204ecf97b2a09b) Importer(2089858483,b0f066a214c2f5e87bad3c948f4d605d)
Start importing Assets/Hovl Studio/DemoAssets/Textures/Noise83.png using Guid(afe9a7c2164775645b204ecf97b2a09b) Importer(2089858483,b0f066a214c2f5e87bad3c948f4d605d) (ScriptedImporter) -> (Import Result ID: '0110512eca30ac52aeba3047c8a11d0b') in 0.1337932 seconds [static and dynamic dependencies]. Details - ImportResultOutputID=3afb8256dc0a10c93d74fdf2beb28964 DependenciesID=e1277f199e35b92ce7affed6337b08d1 StaticDependenciesID=12d639667dc724ed19e761419d5dc7d7 
Number of updated asset objects reloaded before import = 0Number of asset objects unloaded after import = 1

========================================================================
Received Import Request.
  Time since last request: 0.000028 seconds.
  path: Assets/Hovl Studio/DemoAssets/Textures/Circle137.png
  importAddress: Guid(efbcee32a9afdd542ae7eaa29eb4fa69) Importer(2089858483,b0f066a214c2f5e87bad3c948f4d605d)
Start importing Assets/Hovl Studio/DemoAssets/Textures/Circle137.png using Guid(efbcee32a9afdd542ae7eaa29eb4fa69) Importer(2089858483,b0f066a214c2f5e87bad3c948f4d605d) (ScriptedImporter) -> (Import Result ID: '9c85983260035714f8e1bfedf111579d') in 0.0370307 seconds [static and dynamic dependencies]. Details - ImportResultOutputID=78bb539d777f71bbe012a4ffd76fb09f DependenciesID=1137d35d672fe950e2d887c0987deac4 StaticDependenciesID=cd4dd226e6202486a0cb94742e047c89 
Number of updated asset objects reloaded before import = 0Number of asset objects unloaded after import = 1

========================================================================
Received Import Request.
  Time since last request: 0.000016 seconds.
  path: Assets/BeatEmUp_GameTemplate3D/Audio/Music.wav
  importAddress: Guid(e35664edcae75da49a1006143f507759) Importer(2089858483,b0f066a214c2f5e87bad3c948f4d605d)
Start importing Assets/BeatEmUp_GameTemplate3D/Audio/Music.wav using Guid(e35664edcae75da49a1006143f507759) Importer(2089858483,b0f066a214c2f5e87bad3c948f4d605d) (ScriptedImporter) -> (Import Result ID: 'd9fce08be29b36dd51deab7176f8dd2f') in 0.3717229 seconds [static and dynamic dependencies]. Details - ImportResultOutputID=47c6e8c23463c78d8ce14ce4adf468cf DependenciesID=7281dbf9bf1426b026940fcd3cab5168 StaticDependenciesID=a3c98c77b1173e1e3012f166d3a4253e 
Number of updated asset objects reloaded before import = 0Number of asset objects unloaded after import = 1

========================================================================
Received Import Request.
  Time since last request: 0.000027 seconds.
  path: Assets/Selected/FightingAnimsetPro/Models/Maskman/Materials/Head_D.tga
  importAddress: Guid(9f85fdc4973d1c743b0e7db2c51b10d1) Importer(2089858483,b0f066a214c2f5e87bad3c948f4d605d)
Start importing Assets/Selected/FightingAnimsetPro/Models/Maskman/Materials/Head_D.tga using Guid(9f85fdc4973d1c743b0e7db2c51b10d1) Importer(2089858483,b0f066a214c2f5e87bad3c948f4d605d) (ScriptedImporter) -> (Import Result ID: '91f245dea0f97a12cc6a22e0036b1675') in 0.147637 seconds [static and dynamic dependencies]. Details - ImportResultOutputID=85cb8424d335c912ca09c9403e9c302c DependenciesID=012cf16506c208da0ff02d2a37189c0b StaticDependenciesID=cf082be9f64105e469911d0cb08f19f6 
Number of updated asset objects reloaded before import = 0Number of asset objects unloaded after import = 1

========================================================================
Received Import Request.
  Time since last request: 0.000088 seconds.
  path: Assets/BeatEmUp_GameTemplate3D/Audio/Footstep3.wav
  importAddress: Guid(baa5b6e7b1a045a46a623364867395c5) Importer(2089858483,b0f066a214c2f5e87bad3c948f4d605d)
Start importing Assets/BeatEmUp_GameTemplate3D/Audio/Footstep3.wav using Guid(baa5b6e7b1a045a46a623364867395c5) Importer(2089858483,b0f066a214c2f5e87bad3c948f4d605d) (ScriptedImporter) -> (Import Result ID: '771d7370411dbccb4b891c78fde7391f') in 0.0205282 seconds [static and dynamic dependencies]. Details - ImportResultOutputID=1e5c08c2e4ef5530af18e741252204ae DependenciesID=7a9f625a25a93c3288dfe150a69a89b7 StaticDependenciesID=64a2c5bae718f257ced7e9c12b38cb96 
Number of updated asset objects reloaded before import = 0Number of asset objects unloaded after import = 1

========================================================================
Received Import Request.
  Time since last request: 0.000018 seconds.
  path: Assets/Hovl Studio/DemoAssets/Textures/MagicCircle62.png
  importAddress: Guid(3627f73926c6a824197ab150ff33672f) Importer(2089858483,b0f066a214c2f5e87bad3c948f4d605d)
Start importing Assets/Hovl Studio/DemoAssets/Textures/MagicCircle62.png using Guid(3627f73926c6a824197ab150ff33672f) Importer(2089858483,b0f066a214c2f5e87bad3c948f4d605d) (ScriptedImporter) -> (Import Result ID: 'd62020bb295ac81f7fa5abe84d3c4eee') in 0.0875324 seconds [static and dynamic dependencies]. Details - ImportResultOutputID=4c3d1cc3506639d87440178286b5afad DependenciesID=b96f7583aa406ad28738a36f4fccd1f3 StaticDependenciesID=9a56b3b9f53dd963726545dfe2194c78 
Number of updated asset objects reloaded before import = 0Number of asset objects unloaded after import = 1

========================================================================
Received Import Request.
  Time since last request: 0.000060 seconds.
  path: Assets/Audio/Battle/Clips/Processed/thrust_swing_WHOOSH_Air_Very_Fast_RR2_mono.wav
  importAddress: Guid(1b35980f0ad2b794887b9225c0897457) Importer(2089858483,b0f066a214c2f5e87bad3c948f4d605d)
Start importing Assets/Audio/Battle/Clips/Processed/thrust_swing_WHOOSH_Air_Very_Fast_RR2_mono.wav using Guid(1b35980f0ad2b794887b9225c0897457) Importer(2089858483,b0f066a214c2f5e87bad3c948f4d605d) (ScriptedImporter) -> (Import Result ID: '1206a4aee4ca267998da466086e27eb1') in 0.0240236 seconds [static and dynamic dependencies]. Details - ImportResultOutputID=66997a6e2334c56f9fdbdb3370042b95 DependenciesID=75f73d9ea006ce93d3fa85964dbf5812 StaticDependenciesID=064ce7f2d7a761dabc238e57cc7a529f 
Number of updated asset objects reloaded before import = 0Number of asset objects unloaded after import = 1

========================================================================
Received Import Request.
  Time since last request: 0.000021 seconds.
  path: Assets/BeatEmUp_GameTemplate3D/Audio/PlayerKnockDown.wav
  importAddress: Guid(f9cb9efb7e932d044a61aaca4829e247) Importer(2089858483,b0f066a214c2f5e87bad3c948f4d605d)
Start importing Assets/BeatEmUp_GameTemplate3D/Audio/PlayerKnockDown.wav using Guid(f9cb9efb7e932d044a61aaca4829e247) Importer(2089858483,b0f066a214c2f5e87bad3c948f4d605d) (ScriptedImporter) -> (Import Result ID: '51e48c2bb5139925bd8828d7844f7fe0') in 0.0172943 seconds [static and dynamic dependencies]. Details - ImportResultOutputID=8b176c2292ea5679341dd0aba041c4bc DependenciesID=725c76216cc9decce4367ddfb45374ff StaticDependenciesID=377ff87f687df56ba12eed2655b23786 
Number of updated asset objects reloaded before import = 0Number of asset objects unloaded after import = 1

========================================================================
Received Import Request.
  Time since last request: 0.000015 seconds.
  path: Assets/BeatEmUp_GameTemplate3D/Audio/HeavyHit2.wav
  importAddress: Guid(160a31cbfa4b33040a57aab9ca14b462) Importer(2089858483,b0f066a214c2f5e87bad3c948f4d605d)
Start importing Assets/BeatEmUp_GameTemplate3D/Audio/HeavyHit2.wav using Guid(160a31cbfa4b33040a57aab9ca14b462) Importer(2089858483,b0f066a214c2f5e87bad3c948f4d605d) (ScriptedImporter) -> (Import Result ID: '87e511b3668b9674f34f7198494bdc7c') in 0.0413788 seconds [static and dynamic dependencies]. Details - ImportResultOutputID=3fa28408b935718d20e7745efe01fc88 DependenciesID=d5a4c1c1cafc2608007fd3fd9dd231dd StaticDependenciesID=abcb53bd0aa2c410fc57bc7a024cef0b 
Number of updated asset objects reloaded before import = 0Number of asset objects unloaded after import = 1

========================================================================
Received Import Request.
  Time since last request: 0.000029 seconds.
  path: Assets/DemoSence/Editor/FrankBattleCombatAccentValidation.cs
  importAddress: Guid(18b5e0111759dd341804454531aa4981) Importer(2089858483,b0f066a214c2f5e87bad3c948f4d605d)
Start importing Assets/DemoSence/Editor/FrankBattleCombatAccentValidation.cs using Guid(18b5e0111759dd341804454531aa4981) Importer(2089858483,b0f066a214c2f5e87bad3c948f4d605d) (ScriptedImporter) -> (Import Result ID: 'ed7edc3df94b472dc8b17c321bfb12c1') in 0.0037276 seconds [static and dynamic dependencies]. Details - ImportResultOutputID=ea81724c16a6bcb39824435a2bfb1dd2 DependenciesID=286bde1f9ff9a936cd31ea12acae9cac StaticDependenciesID=a99a1ce163452ae3d7b8e48d931114ff 
Number of updated asset objects reloaded before import = 0Number of asset objects unloaded after import = 0

========================================================================
Received Import Request.
  Time since last request: 0.000082 seconds.
  path: Assets/Scripts/Core/GameManager.AnimationTest.cs
  importAddress: Guid(1515623773178f84aa4ada75d0428dd3) Importer(2089858483,b0f066a214c2f5e87bad3c948f4d605d)
Start importing Assets/Scripts/Core/GameManager.AnimationTest.cs using Guid(1515623773178f84aa4ada75d0428dd3) Importer(2089858483,b0f066a214c2f5e87bad3c948f4d605d) (ScriptedImporter) -> (Import Result ID: '8202f476b12249b213c635d9468644b3') in 0.0592015 seconds [static and dynamic dependencies]. Details - ImportResultOutputID=e4041f6a28411a58a38b6e182d448503 DependenciesID=bd5eb660388bddc6719105d955398950 StaticDependenciesID=7c2f27813da55302771e4ee51979db0d 
Number of updated asset objects reloaded before import = 0Number of asset objects unloaded after import = 0

========================================================================
Received Import Request.
  Time since last request: 0.000050 seconds.
  path: Assets/Scenes/BattleScene.unity
  importAddress: Guid(99c9720ab356a0642a771bea13969a05) Importer(2089858483,b0f066a214c2f5e87bad3c948f4d605d)
Start importing Assets/Scenes/BattleScene.unity using Guid(99c9720ab356a0642a771bea13969a05) Importer(2089858483,b0f066a214c2f5e87bad3c948f4d605d) (ScriptedImporter) -> (Import Result ID: '24456b2fb90c46d15808662d0c768087') in 0.0461576 seconds [static and dynamic dependencies]. Details - ImportResultOutputID=b7074c2cdc99d4dcfec29bd3da554b0d DependenciesID=aa674a2d88df8c42e1fb56b6b6b3ed74 StaticDependenciesID=652350391cacb20a48008a8d66a66055 
Number of updated asset objects reloaded before import = 0Number of asset objects unloaded after import = 1

========================================================================
Received Import Request.
  Time since last request: 0.000110 seconds.
  path: Assets/DemoSence/Editor/CombatFeelPlayValidation.cs
  importAddress: Guid(117525c2a1f24732b659cbc03f2f2503) Importer(2089858483,b0f066a214c2f5e87bad3c948f4d605d)
Start importing Assets/DemoSence/Editor/CombatFeelPlayValidation.cs using Guid(117525c2a1f24732b659cbc03f2f2503) Importer(2089858483,b0f066a214c2f5e87bad3c948f4d605d) (ScriptedImporter) -> (Import Result ID: '9b2964159f211a3fc2617dfab84a7a46') in 0.0031627 seconds [static and dynamic dependencies]. Details - ImportResultOutputID=77c4257c045deb638af5815e726887db DependenciesID=8232be80da244b51f082d0b1ea1b659f StaticDependenciesID=4866cfc4f66039b6ffd8b311df085418 
Number of updated asset objects reloaded before import = 0Number of asset objects unloaded after import = 0

========================================================================
Received Import Request.
  Time since last request: 0.000034 seconds.
  path: Assets/Scripts/Vfx/BattleVfxPlayer.cs
  importAddress: Guid(549de986be638a44a803c5348802b6f6) Importer(2089858483,b0f066a214c2f5e87bad3c948f4d605d)
Start importing Assets/Scripts/Vfx/BattleVfxPlayer.cs using Guid(549de986be638a44a803c5348802b6f6) Importer(2089858483,b0f066a214c2f5e87bad3c948f4d605d) (ScriptedImporter) -> (Import Result ID: 'efbd29541012b173d5d7b12e9151469d') in 0.0876903 seconds [static and dynamic dependencies]. Details - ImportResultOutputID=908eaa1af31f57f0a1d1630f320a4acf DependenciesID=256966c0e68525ba408fa72cc27a2595 StaticDependenciesID=8e043f766d26cf1eb5af0caeb1c1e71e 
Number of updated asset objects reloaded before import = 0Number of asset objects unloaded after import = 0

========================================================================
Received Import Request.
  Time since last request: 0.000071 seconds.
  path: Assets/Audio/Battle/Clips/Processed/blade_swing_WHOOSH_Air_Blade_RR1_mono.wav
  importAddress: Guid(2edb4e0c031a83941993985db79011a1) Importer(2089858483,b0f066a214c2f5e87bad3c948f4d605d)
Start importing Assets/Audio/Battle/Clips/Processed/blade_swing_WHOOSH_Air_Blade_RR1_mono.wav using Guid(2edb4e0c031a83941993985db79011a1) Importer(2089858483,b0f066a214c2f5e87bad3c948f4d605d) (ScriptedImporter) -> (Import Result ID: 'a642f55aef978814f854f8b64881f183') in 0.0294065 seconds [static and dynamic dependencies]. Details - ImportResultOutputID=6eba9ecfd2beb6fc64e639fbf7ca3b24 DependenciesID=9977cd7770f733a5d43d34a5e2601399 StaticDependenciesID=d2c930612209d52f04d855879c17cdeb 
Number of updated asset objects reloaded before import = 0Number of asset objects unloaded after import = 1

========================================================================
Received Import Request.
  Time since last request: 0.000032 seconds.
  path: Assets/Hovl Studio/DemoAssets/Textures/Motion10.png
  importAddress: Guid(64aa12c537b13e741b996a4beee42c86) Importer(2089858483,b0f066a214c2f5e87bad3c948f4d605d)
Start importing Assets/Hovl Studio/DemoAssets/Textures/Motion10.png using Guid(64aa12c537b13e741b996a4beee42c86) Importer(2089858483,b0f066a214c2f5e87bad3c948f4d605d) (ScriptedImporter) -> (Import Result ID: '4e104ff48d5952c09cee28a97517c654') in 0.0415384 seconds [static and dynamic dependencies]. Details - ImportResultOutputID=dc23f5f2ed0f3fb7501390bd4b2d41aa DependenciesID=9c7cb534c39da3b9c88e631adac55319 StaticDependenciesID=e4907d990d2e82e0cc9b3bb5405ec016 
Number of updated asset objects reloaded before import = 0Number of asset objects unloaded after import = 1

========================================================================
Received Import Request.
  Time since last request: 0.000083 seconds.
  path: Assets/Hovl Studio/DemoAssets/Textures/Mask9.png
  importAddress: Guid(4f52c7f1d1950c048a218f314911f3ef) Importer(2089858483,b0f066a214c2f5e87bad3c948f4d605d)
Start importing Assets/Hovl Studio/DemoAssets/Textures/Mask9.png using Guid(4f52c7f1d1950c048a218f314911f3ef) Importer(2089858483,b0f066a214c2f5e87bad3c948f4d605d) (ScriptedImporter) -> (Import Result ID: '3c33d54c3e614ff219eb0e81d5080e3b') in 0.0690409 seconds [static and dynamic dependencies]. Details - ImportResultOutputID=12b65c0953bfe91e9149db7c6befdc03 DependenciesID=46c397db1de985868dd9d812029a8004 StaticDependenciesID=a56b0aacf55a9f2954c24bf86162b2aa 
Number of updated asset objects reloaded before import = 0Number of asset objects unloaded after import = 1

========================================================================
Received Import Request.
  Time since last request: 0.000021 seconds.
  path: Assets/Audio/Battle/Clips/Processed/hurt_voice_GRUNT_Male_B_Hurt_Short_01_mono.wav
  importAddress: Guid(8c3a5ba4f3bfcc44fa9dbb7b2d612ae5) Importer(2089858483,b0f066a214c2f5e87bad3c948f4d605d)
Start importing Assets/Audio/Battle/Clips/Processed/hurt_voice_GRUNT_Male_B_Hurt_Short_01_mono.wav using Guid(8c3a5ba4f3bfcc44fa9dbb7b2d612ae5) Importer(2089858483,b0f066a214c2f5e87bad3c948f4d605d) (ScriptedImporter) -> (Import Result ID: 'c726676ae4a0bef033676dd8e3a65041') in 0.0775468 seconds [static and dynamic dependencies]. Details - ImportResultOutputID=d156572121ad3cc21b9bc323140a0029 DependenciesID=0f7eb82b4e314157fdb04be6e7f19a14 StaticDependenciesID=e7e7d5d5ec557192337aa885f22641d4 
Number of updated asset objects reloaded before import = 0Number of asset objects unloaded after import = 1

========================================================================
Received Import Request.
  Time since last request: 0.000024 seconds.
  path: Assets/Hovl Studio/DemoAssets/Textures/Smoke30.png
  importAddress: Guid(9e5fd1e4ec1659143a169317edcfbfc5) Importer(2089858483,b0f066a214c2f5e87bad3c948f4d605d)
Start importing Assets/Hovl Studio/DemoAssets/Textures/Smoke30.png using Guid(9e5fd1e4ec1659143a169317edcfbfc5) Importer(2089858483,b0f066a214c2f5e87bad3c948f4d605d) (ScriptedImporter) -> (Import Result ID: 'f3615688eeb9dc75fd3a15adcab8bad5') in 0.040768 seconds [static and dynamic dependencies]. Details - ImportResultOutputID=e45fd5a3aadd44aacb4dce9049949e6c DependenciesID=04f7303b3b7e0389100ce05e3a5d6a8f StaticDependenciesID=737db041733220a2a3ec39565d800e5d 
Number of updated asset objects reloaded before import = 0Number of asset objects unloaded after import = 1

========================================================================
Received Import Request.
  Time since last request: 0.000021 seconds.
  path: Assets/Vfx/Battle/WeaponTrails
  importAddress: Guid(0273b3b0aec025940a500fbda0468a2a) Importer(2089858483,b0f066a214c2f5e87bad3c948f4d605d)
Start importing Assets/Vfx/Battle/WeaponTrails using Guid(0273b3b0aec025940a500fbda0468a2a) Importer(2089858483,b0f066a214c2f5e87bad3c948f4d605d) (ScriptedImporter) -> (Import Result ID: '6301d196bd0bb9363e4f8b6e999dfdf3') in 0.0039241 seconds [static and dynamic dependencies]. Details - ImportResultOutputID=df12438e2efaaaa1c8e949d5737a1027 DependenciesID=3f0f50bef505ef97881329bee7a31b58 StaticDependenciesID=0cbc8de3c2e3d00a978e753132ca41d1 
Number of updated asset objects reloaded before import = 0Number of asset objects unloaded after import = 1

========================================================================
Received Import Request.
  Time since last request: 0.000146 seconds.
  path: Assets/Vfx/Battle/CombatAccent/AssassinPierceContact.prefab
  importAddress: Guid(a69983fb3f91f2940b19d55af2af7663) Importer(2089858483,b0f066a214c2f5e87bad3c948f4d605d)
Start importing Assets/Vfx/Battle/CombatAccent/AssassinPierceContact.prefab using Guid(a69983fb3f91f2940b19d55af2af7663) Importer(2089858483,b0f066a214c2f5e87bad3c948f4d605d) (ScriptedImporter) -> (Import Result ID: 'be14d65479c67ff5d458b8b59b6aa8c4') in 0.0215576 seconds [static and dynamic dependencies]. Details - ImportResultOutputID=facbd8dbb7164c3a1dc489dd26ab31b6 DependenciesID=1b098e7384bfb881817afc412be3deaf StaticDependenciesID=687bf04271a37d4ebf0e074337162017 
Number of updated asset objects reloaded before import = 0Number of asset objects unloaded after import = 43

========================================================================
Received Import Request.
  Time since last request: 0.000018 seconds.
  path: Assets/Scripts/UI/BattleAnimationTestPanel.cs
  importAddress: Guid(ed2e115bcbd71b64b95df2727e316db2) Importer(2089858483,b0f066a214c2f5e87bad3c948f4d605d)
Start importing Assets/Scripts/UI/BattleAnimationTestPanel.cs using Guid(ed2e115bcbd71b64b95df2727e316db2) Importer(2089858483,b0f066a214c2f5e87bad3c948f4d605d) (ScriptedImporter) -> (Import Result ID: '4830fd08347fc394266250017af99163') in 0.0046328 seconds [static and dynamic dependencies]. Details - ImportResultOutputID=b73315ed976c68f3492fec71cec8756c DependenciesID=c52618f8e912033c49d30d0e3239ea50 StaticDependenciesID=0b0f77d3890bf863fff38d764ca99a42 
Number of updated asset objects reloaded before import = 0Number of asset objects unloaded after import = 0

========================================================================
Received Import Request.
  Time since last request: 0.000019 seconds.
  path: Assets/Vfx/Battle/WeaponTrails/AssassinPierceContactShape.asset
  importAddress: Guid(5705b672396048743a87261566b405f2) Importer(2089858483,b0f066a214c2f5e87bad3c948f4d605d)
Start importing Assets/Vfx/Battle/WeaponTrails/AssassinPierceContactShape.asset using Guid(5705b672396048743a87261566b405f2) Importer(2089858483,b0f066a214c2f5e87bad3c948f4d605d) (ScriptedImporter) -> (Import Result ID: '8b31f5112ac550e2f1072218b499c966') in 0.0047155 seconds [static and dynamic dependencies]. Details - ImportResultOutputID=d3034433dc7c09268d5d7dc684500754 DependenciesID=fb8a627aec9dfa8b1c5f0d83d987c979 StaticDependenciesID=15e324310d0614d5117031adca7aa714 
Number of updated asset objects reloaded before import = 0Number of asset objects unloaded after import = 1

========================================================================
Received Import Request.
  Time since last request: 0.000030 seconds.
  path: Assets/Vfx/Battle/WeaponTrails/DualDaggersPierceContactShape.asset
  importAddress: Guid(6f1d52e8ec8251d4092338470aafe6b3) Importer(2089858483,b0f066a214c2f5e87bad3c948f4d605d)
Start importing Assets/Vfx/Battle/WeaponTrails/DualDaggersPierceContactShape.asset using Guid(6f1d52e8ec8251d4092338470aafe6b3) Importer(2089858483,b0f066a214c2f5e87bad3c948f4d605d) (ScriptedImporter) -> (Import Result ID: '10ff8afc3772117414cbab148f6e6243') in 0.0054394 seconds [static and dynamic dependencies]. Details - ImportResultOutputID=3702e5c87b1bf2971b64da8f69f44e25 DependenciesID=317180efe10b75e6600d62d0a6873782 StaticDependenciesID=e542313d4929d8ffadc1e5e701607408 
Number of updated asset objects reloaded before import = 0Number of asset objects unloaded after import = 1

========================================================================
Received Import Request.
  Time since last request: 0.000020 seconds.
  path: Assets/Vfx/Battle/WeaponTrails/WeaponRibbon.mat
  importAddress: Guid(c2a2e34187896844e9b1552f8880f74e) Importer(2089858483,b0f066a214c2f5e87bad3c948f4d605d)
Start importing Assets/Vfx/Battle/WeaponTrails/WeaponRibbon.mat using Guid(c2a2e34187896844e9b1552f8880f74e) Importer(2089858483,b0f066a214c2f5e87bad3c948f4d605d) (ScriptedImporter) -> (Import Result ID: '08fe9fb2faa668739458b708dcff3983') in 0.0077092 seconds [static and dynamic dependencies]. Details - ImportResultOutputID=bab696060e5162b0b90ddc087f644aa8 DependenciesID=f48399fe4f8f6408aa93412324d85b79 StaticDependenciesID=23579f244acc1a93f517c14c1dbad6e5 
Number of updated asset objects reloaded before import = 0Number of asset objects unloaded after import = 1

========================================================================
Received Import Request.
  Time since last request: 0.000020 seconds.
  path: Assets/Vfx/Battle/CombatAccent/DualDaggersPierceContactCore.asset
  importAddress: Guid(f76c4df6d4188c34f90d8e49c01dcc01) Importer(2089858483,b0f066a214c2f5e87bad3c948f4d605d)
Start importing Assets/Vfx/Battle/CombatAccent/DualDaggersPierceContactCore.asset using Guid(f76c4df6d4188c34f90d8e49c01dcc01) Importer(2089858483,b0f066a214c2f5e87bad3c948f4d605d) (ScriptedImporter) -> (Import Result ID: 'cfa926815b8421a63a4b14900fc9d301') in 0.0044489 seconds [static and dynamic dependencies]. Details - ImportResultOutputID=556d65cda77c6d76c04b3831107acd19 DependenciesID=dd5301ba173834de0e5e6dac94c54644 StaticDependenciesID=454809604da298b72d092f6349cb1818 
Number of updated asset objects reloaded before import = 0Number of asset objects unloaded after import = 1

========================================================================
Received Import Request.
  Time since last request: 0.000053 seconds.
  path: Assets/Hovl Studio/DemoAssets/Textures/Trail25.png
  importAddress: Guid(63e298374ab0c384ebe243e627781d4c) Importer(2089858483,b0f066a214c2f5e87bad3c948f4d605d)
Start importing Assets/Hovl Studio/DemoAssets/Textures/Trail25.png using Guid(63e298374ab0c384ebe243e627781d4c) Importer(2089858483,b0f066a214c2f5e87bad3c948f4d605d) (ScriptedImporter) -> (Import Result ID: '771cb0164136af07bf5d55c0edf7a4a0') in 0.0899667 seconds [static and dynamic dependencies]. Details - ImportResultOutputID=aeff1bd6372ff39cca5906364f1d24f1 DependenciesID=7f3aa8a7e71cc1ac72a8df93bf36c419 StaticDependenciesID=bebcb7a35c78f2b060c2530bb8420609 
Number of updated asset objects reloaded before import = 0Number of asset objects unloaded after import = 1

========================================================================
Received Import Request.
  Time since last request: 0.000030 seconds.
  path: Assets/Plugins/Vefects/Flipbook VFX/Demo/DemoAssets/Textures/Metrics_Grid_Normal.TGA
  importAddress: Guid(6edf25b2bf5525945a0f334e21a69a2e) Importer(2089858483,b0f066a214c2f5e87bad3c948f4d605d)
Start importing Assets/Plugins/Vefects/Flipbook VFX/Demo/DemoAssets/Textures/Metrics_Grid_Normal.TGA using Guid(6edf25b2bf5525945a0f334e21a69a2e) Importer(2089858483,b0f066a214c2f5e87bad3c948f4d605d) (ScriptedImporter) -> (Import Result ID: 'fed7f1c97ffbda31ba1ad643a244af74') in 0.1700636 seconds [static and dynamic dependencies]. Details - ImportResultOutputID=91ef9ee1284c2600450fea84860836a1 DependenciesID=c1a61dcac4967826440f8078b211ed4b StaticDependenciesID=0a56ed48854067588963874482b098ef 
Number of updated asset objects reloaded before import = 0Number of asset objects unloaded after import = 1

========================================================================
Received Import Request.
  Time since last request: 0.000032 seconds.
  path: Assets/Hovl Studio/DemoAssets/Textures/Gradient6.png
  importAddress: Guid(951dec6467ac08244b806b6a40ae5a53) Importer(2089858483,b0f066a214c2f5e87bad3c948f4d605d)
Start importing Assets/Hovl Studio/DemoAssets/Textures/Gradient6.png using Guid(951dec6467ac08244b806b6a40ae5a53) Importer(2089858483,b0f066a214c2f5e87bad3c948f4d605d) (ScriptedImporter) -> (Import Result ID: '6e20cada77abde8fd5bdb3ecec704695') in 0.0180797 seconds [static and dynamic dependencies]. Details - ImportResultOutputID=0b42421977b7277f26c2c26baf343a00 DependenciesID=356a188ada833d9df3e1ee95544c7c8f StaticDependenciesID=d4785006de3b7b42f9c162796e433932 
Number of updated asset objects reloaded before import = 0Number of asset objects unloaded after import = 1

========================================================================
Received Import Request.
  Time since last request: 0.000099 seconds.
  path: Assets/BeatEmUp_GameTemplate3D/Textures/HitEffectSpriteSheet.png
  importAddress: Guid(ede5a07f07e5a9f4caeda22049362fcd) Importer(2089858483,b0f066a214c2f5e87bad3c948f4d605d)
Start importing Assets/BeatEmUp_GameTemplate3D/Textures/HitEffectSpriteSheet.png using Guid(ede5a07f07e5a9f4caeda22049362fcd) Importer(2089858483,b0f066a214c2f5e87bad3c948f4d605d) (ScriptedImporter) -> (Import Result ID: 'bccdf8551db4a6ec05c1d68c9acd0d2d') in 0.033155 seconds [static and dynamic dependencies]. Details - ImportResultOutputID=06441f609fd8d56e3a01a02919cafd91 DependenciesID=5822284809d557ef90c3c5b937f0f178 StaticDependenciesID=d52dc206446f08bb10a18777ec87e906 
Number of updated asset objects reloaded before import = 0Number of asset objects unloaded after import = 1

========================================================================
Received Import Request.
  Time since last request: 0.000045 seconds.
  path: Assets/DemoSence/Editor/FrankBattleWeaponVfxValidation.cs
  importAddress: Guid(828b5a0e5df448e4cadecd972eac1630) Importer(2089858483,b0f066a214c2f5e87bad3c948f4d605d)
Start importing Assets/DemoSence/Editor/FrankBattleWeaponVfxValidation.cs using Guid(828b5a0e5df448e4cadecd972eac1630) Importer(2089858483,b0f066a214c2f5e87bad3c948f4d605d) (ScriptedImporter) -> (Import Result ID: '7ea02aab0dd7713e45867a94180d9e63') in 0.003902 seconds [static and dynamic dependencies]. Details - ImportResultOutputID=1deae7c87d75926ce0dcf2aea183ebf3 DependenciesID=d62e1a724d44b534ce399ed5b38cfc11 StaticDependenciesID=0c0fa9f8e588c2f77374ef2e0f5760ba 
Number of updated asset objects reloaded before import = 0Number of asset objects unloaded after import = 0

========================================================================
Received Import Request.
  Time since last request: 0.000188 seconds.
  path: Assets/BeatEmUp_GameTemplate3D/Audio/DefendHit.wav
  importAddress: Guid(81ee350b7bb33ef4eab57ff1f0870754) Importer(2089858483,b0f066a214c2f5e87bad3c948f4d605d)
Start importing Assets/BeatEmUp_GameTemplate3D/Audio/DefendHit.wav using Guid(81ee350b7bb33ef4eab57ff1f0870754) Importer(2089858483,b0f066a214c2f5e87bad3c948f4d605d) (ScriptedImporter) -> (Import Result ID: 'a35d4302ea2017edda4a96f160466c13') in 0.0356527 seconds [static and dynamic dependencies]. Details - ImportResultOutputID=4dc79f0275b976be8974d14f43e2bab7 DependenciesID=7b55cdab472dcc41507f44d7eea1f871 StaticDependenciesID=49efd6a4bdde2c95bf65c0d1c29613ac 
Number of updated asset objects reloaded before import = 0Number of asset objects unloaded after import = 1

========================================================================
Received Import Request.
  Time since last request: 0.000016 seconds.
  path: Assets/Vfx/Battle/WeaponTrails/DualDaggersPierceContact.mat
  importAddress: Guid(445cc244e4ff7244e85b07f923a52a17) Importer(2089858483,b0f066a214c2f5e87bad3c948f4d605d)
Start importing Assets/Vfx/Battle/WeaponTrails/DualDaggersPierceContact.mat using Guid(445cc244e4ff7244e85b07f923a52a17) Importer(2089858483,b0f066a214c2f5e87bad3c948f4d605d) (ScriptedImporter) -> (Import Result ID: '87e210dfb86b78e161000bdd530b8674') in 0.0084422 seconds [static and dynamic dependencies]. Details - ImportResultOutputID=37764f878143ebc8a4370b21e0c5e8f2 DependenciesID=01cb327220204fd7f3fcd4be0bf33b66 StaticDependenciesID=16ec1b5950e8b80f0e98e7e5848a4ab5 
Number of updated asset objects reloaded before import = 0Number of asset objects unloaded after import = 1

========================================================================
Received Import Request.
  Time since last request: 0.000025 seconds.
  path: Assets/Hovl Studio/DemoAssets/Materials/Circle137cg.mat
  importAddress: Guid(2641697267aa8e046b8d908fc9e30ffc) Importer(2089858483,b0f066a214c2f5e87bad3c948f4d605d)
Start importing Assets/Hovl Studio/DemoAssets/Materials/Circle137cg.mat using Guid(2641697267aa8e046b8d908fc9e30ffc) Importer(2089858483,b0f066a214c2f5e87bad3c948f4d605d) (ScriptedImporter) -> (Import Result ID: 'e367c861914c5a61acf3faaedb4b9ce1') in 0.0332352 seconds [static and dynamic dependencies]. Details - ImportResultOutputID=ddd6d5949c5d4a067f2254a3174fb9dc DependenciesID=2e17ffb02c13fe259d13f4b40984630c StaticDependenciesID=aaee163ac38170e8038c7fae3ca08f9d 
Number of updated asset objects reloaded before import = 0Number of asset objects unloaded after import = 2

========================================================================
Received Import Request.
  Time since last request: 0.000020 seconds.
  path: Assets/Hovl Studio/DemoAssets/Materials/Trail79bcg2.mat
  importAddress: Guid(f3caab81f74dcbd4599c98ee74a36e72) Importer(2089858483,b0f066a214c2f5e87bad3c948f4d605d)
Start importing Assets/Hovl Studio/DemoAssets/Materials/Trail79bcg2.mat using Guid(f3caab81f74dcbd4599c98ee74a36e72) Importer(2089858483,b0f066a214c2f5e87bad3c948f4d605d) (ScriptedImporter) -> (Import Result ID: 'c39ab7c3092d9258c48d244e99569acc') in 0.2063006 seconds [static and dynamic dependencies]. Details - ImportResultOutputID=50951d326ea85fcf56a10dae7cb7a7c1 DependenciesID=b7bfa76b81875628adc0a0ecab17d8f5 StaticDependenciesID=75fb71e5dd86acb123eb85601ae7eb02 
Number of updated asset objects reloaded before import = 0Number of asset objects unloaded after import = 4

========================================================================
Received Import Request.
  Time since last request: 0.000020 seconds.
  path: Assets/Hovl Studio/DemoAssets/Materials/Noise69bcg2.mat
  importAddress: Guid(6ce04723dedf8af4fa258fa76caace12) Importer(2089858483,b0f066a214c2f5e87bad3c948f4d605d)
Start importing Assets/Hovl Studio/DemoAssets/Materials/Noise69bcg2.mat using Guid(6ce04723dedf8af4fa258fa76caace12) Importer(2089858483,b0f066a214c2f5e87bad3c948f4d605d) (ScriptedImporter) -> (Import Result ID: '8f2be2e8df2f7c6e9a7d09cad178452f') in 0.0987001 seconds [static and dynamic dependencies]. Details - ImportResultOutputID=5e9ff42d021edbb49356a08a8cfe716d DependenciesID=966d5f8fc10b236089cbce02d1e91d7e StaticDependenciesID=f5d622ede5ed0bd3c48672d6b736f095 
Number of updated asset objects reloaded before import = 0Number of asset objects unloaded after import = 4

========================================================================
Received Import Request.
  Time since last request: 0.000032 seconds.
  path: Assets/Hovl Studio/DemoAssets/Materials/SmoothHeart1ts.mat
  importAddress: Guid(51dd9aa2c01ab7343acd136670979cd2) Importer(2089858483,b0f066a214c2f5e87bad3c948f4d605d)
Start importing Assets/Hovl Studio/DemoAssets/Materials/SmoothHeart1ts.mat using Guid(51dd9aa2c01ab7343acd136670979cd2) Importer(2089858483,b0f066a214c2f5e87bad3c948f4d605d) (ScriptedImporter) -> (Import Result ID: '821efc8b44d3b9ff5942dedc2db82d4e') in 0.0048234 seconds [static and dynamic dependencies]. Details - ImportResultOutputID=42580ec22402bc3f6c901ddb8757703a DependenciesID=da8f2475f3b666879b6520dddd394297 StaticDependenciesID=f5bfcfb1797fcd935d87849aac4aefd6 
Number of updated asset objects reloaded before import = 0Number of asset objects unloaded after import = 1

========================================================================
Received Import Request.
  Time since last request: 0.000019 seconds.
  path: Assets/Hovl Studio/DemoAssets/Models/Path6.fbx
  importAddress: Guid(fd5d3621bb45e944d9921d10d00fe43e) Importer(2089858483,b0f066a214c2f5e87bad3c948f4d605d)
Start importing Assets/Hovl Studio/DemoAssets/Models/Path6.fbx using Guid(fd5d3621bb45e944d9921d10d00fe43e) Importer(2089858483,b0f066a214c2f5e87bad3c948f4d605d) (ScriptedImporter) -> (Import Result ID: 'ba060e29c855c1677c019f245cc82962') in 0.0667538 seconds [static and dynamic dependencies]. Details - ImportResultOutputID=6385c8434fe30068abca19fad78c29ba DependenciesID=6caae9cbcaa146ac8207b64e29d26be6 StaticDependenciesID=62310c10c41f9c09d34dcc6d3b5dd2bd 
Number of updated asset objects reloaded before import = 0Number of asset objects unloaded after import = 7

========================================================================
Received Import Request.
  Time since last request: 0.000030 seconds.
  path: Assets/Hovl Studio/DemoAssets/Materials/Waves21bcg.mat
  importAddress: Guid(79d740b3e7989fc4ca6fe7ea82f6c4ee) Importer(2089858483,b0f066a214c2f5e87bad3c948f4d605d)
Start importing Assets/Hovl Studio/DemoAssets/Materials/Waves21bcg.mat using Guid(79d740b3e7989fc4ca6fe7ea82f6c4ee) Importer(2089858483,b0f066a214c2f5e87bad3c948f4d605d) (ScriptedImporter) -> (Import Result ID: 'b1a2fb883e448be37a1f71f6cbac5752') in 0.0635588 seconds [static and dynamic dependencies]. Details - ImportResultOutputID=9f3bc90247591895120ed67848fd872f DependenciesID=6ef3e854e9b1496e1166d97c41ed0536 StaticDependenciesID=c1fa68255c66ab5084d35a02ee5a2ecf 
Number of updated asset objects reloaded before import = 0Number of asset objects unloaded after import = 5

========================================================================
Received Import Request.
  Time since last request: 0.000019 seconds.
  path: Assets/Hovl Studio/DemoAssets/Materials/Fresnel5.mat
  importAddress: Guid(4ec702b5647ef0a4498ce9ad94f7690c) Importer(2089858483,b0f066a214c2f5e87bad3c948f4d605d)
Start importing Assets/Hovl Studio/DemoAssets/Materials/Fresnel5.mat using Guid(4ec702b5647ef0a4498ce9ad94f7690c) Importer(2089858483,b0f066a214c2f5e87bad3c948f4d605d) (ScriptedImporter) -> (Import Result ID: '16d68d42dacc7f6796e156ee3cb3c0f9') in 0.0284034 seconds [static and dynamic dependencies]. Details - ImportResultOutputID=ac1023849eb4fbfe2f8e77e64da9aae1 DependenciesID=dc5e9e84a9f8c41c26f1baa14794b72a StaticDependenciesID=e956fb742325838db10370c374b9fc55 
Number of updated asset objects reloaded before import = 0Number of asset objects unloaded after import = 4

========================================================================
Received Import Request.
  Time since last request: 0.000020 seconds.
  path: Assets/Hovl Studio/DemoAssets/Materials/MagicText6dn.mat
  importAddress: Guid(d1fd5c06f9df3cb4bb89f256d4f07a08) Importer(2089858483,b0f066a214c2f5e87bad3c948f4d605d)
Start importing Assets/Hovl Studio/DemoAssets/Materials/MagicText6dn.mat using Guid(d1fd5c06f9df3cb4bb89f256d4f07a08) Importer(2089858483,b0f066a214c2f5e87bad3c948f4d605d) (ScriptedImporter) -> (Import Result ID: '35a552b5b75e7838c6a4b9bf4fa64ee3') in 0.1290167 seconds [static and dynamic dependencies]. Details - ImportResultOutputID=7895443eeb42960181e449a196c0a1ba DependenciesID=da85db8bf0770d100b1290c79131be3f StaticDependenciesID=858b6407b55c43df391e492fd5fe5cfa 
Number of updated asset objects reloaded before import = 0Number of asset objects unloaded after import = 4

========================================================================
Received Import Request.
  Time since last request: 0.000019 seconds.
  path: Assets/Hovl Studio/DemoAssets/Materials/SoftNoise79bd.mat
  importAddress: Guid(60f71bb3efe698543978b51844c643e3) Importer(2089858483,b0f066a214c2f5e87bad3c948f4d605d)
Start importing Assets/Hovl Studio/DemoAssets/Materials/SoftNoise79bd.mat using Guid(60f71bb3efe698543978b51844c643e3) Importer(2089858483,b0f066a214c2f5e87bad3c948f4d605d) (ScriptedImporter) -> (Import Result ID: '01421abbb59c79961847fded8a620a77') in 0.0812321 seconds [static and dynamic dependencies]. Details - ImportResultOutputID=c58f9e320c21c327e6ab4302bdf8618a DependenciesID=be8c82adc49d0135f7bdcc3f490e472c StaticDependenciesID=eb3a26a7e13bc00720e17f8ef68031e4 
Number of updated asset objects reloaded before import = 0Number of asset objects unloaded after import = 5

========================================================================
Received Import Request.
  Time since last request: 0.000036 seconds.
  path: Assets/Hovl Studio/DemoAssets/Materials/Egg1ts.mat
  importAddress: Guid(e3b4a0948c1ac4e459b087347c038944) Importer(2089858483,b0f066a214c2f5e87bad3c948f4d605d)
Start importing Assets/Hovl Studio/DemoAssets/Materials/Egg1ts.mat using Guid(e3b4a0948c1ac4e459b087347c038944) Importer(2089858483,b0f066a214c2f5e87bad3c948f4d605d) (ScriptedImporter) -> (Import Result ID: 'd30ff2201ec672e75557276d9c312d57') in 0.0319835 seconds [static and dynamic dependencies]. Details - ImportResultOutputID=f9981f36d4a29e88c0cdf72f6419c881 DependenciesID=b909fc358f74ca7d2579e1c335549c29 StaticDependenciesID=6c428f7e801b681cc6334a2174f109d9 
Number of updated asset objects reloaded before import = 0Number of asset objects unloaded after import = 2

========================================================================
Received Import Request.
  Time since last request: 0.000020 seconds.
  path: Assets/Hovl Studio/DemoAssets/Materials/Lightning10bcg.mat
  importAddress: Guid(59c2d0c41470f7341a86a606de11713f) Importer(2089858483,b0f066a214c2f5e87bad3c948f4d605d)
Start importing Assets/Hovl Studio/DemoAssets/Materials/Lightning10bcg.mat using Guid(59c2d0c41470f7341a86a606de11713f) Importer(2089858483,b0f066a214c2f5e87bad3c948f4d605d) (ScriptedImporter) -> (Import Result ID: '129f7fc5144e0081566ae75c3abdcf5f') in 0.0318932 seconds [static and dynamic dependencies]. Details - ImportResultOutputID=6a4fd6b4335cacb8fde9de2b79d09a90 DependenciesID=ffd229d1e1a8a558796609e8108cc099 StaticDependenciesID=e72e8ccbad7bbea1ffa95bfd260a0c91 
Number of updated asset objects reloaded before import = 0Number of asset objects unloaded after import = 3

========================================================================
Received Import Request.
  Time since last request: 0.000033 seconds.
  path: Assets/Hovl Studio/DemoAssets/Materials/Flash23cg.mat
  importAddress: Guid(128b44053f53b27459185963220cecd7) Importer(2089858483,b0f066a214c2f5e87bad3c948f4d605d)
Start importing Assets/Hovl Studio/DemoAssets/Materials/Flash23cg.mat using Guid(128b44053f53b27459185963220cecd7) Importer(2089858483,b0f066a214c2f5e87bad3c948f4d605d) (ScriptedImporter) -> (Import Result ID: 'f1528e2bc73c96baf1546ee259e41373') in 0.0444797 seconds [static and dynamic dependencies]. Details - ImportResultOutputID=c9ed3254c68fb6db88017e6787e6b944 DependenciesID=fd766637a9f517fc9725337ac48b063d StaticDependenciesID=d61bfd3540c72a8e832053f3f3d816e4 
Number of updated asset objects reloaded before import = 0Number of asset objects unloaded after import = 2

========================================================================
Received Import Request.
  Time since last request: 0.000016 seconds.
  path: Assets/Hovl Studio/DemoAssets/Materials/Circle17bcg.mat
  importAddress: Guid(b7add115e5a6aae40bd59ed2ec669500) Importer(2089858483,b0f066a214c2f5e87bad3c948f4d605d)
Start importing Assets/Hovl Studio/DemoAssets/Materials/Circle17bcg.mat using Guid(b7add115e5a6aae40bd59ed2ec669500) Importer(2089858483,b0f066a214c2f5e87bad3c948f4d605d) (ScriptedImporter) -> (Import Result ID: '5881de9e758d60e8e06c7ae119a7598c') in 0.0191121 seconds [static and dynamic dependencies]. Details - ImportResultOutputID=24043c900333d7c42c10f40e7adbb78c DependenciesID=90fb50fcd574b8f221fc6cb7183c55b0 StaticDependenciesID=fbbb47167fe93ed0e8b800dd63e8246c 
Number of updated asset objects reloaded before import = 0Number of asset objects unloaded after import = 2

========================================================================
Received Import Request.
  Time since last request: 0.000014 seconds.
  path: Assets/Hovl Studio/DemoAssets/Materials/Trail64Path2.mat
  importAddress: Guid(c4ebb0c3be426974bbe0100261288869) Importer(2089858483,b0f066a214c2f5e87bad3c948f4d605d)
Start importing Assets/Hovl Studio/DemoAssets/Materials/Trail64Path2.mat using Guid(c4ebb0c3be426974bbe0100261288869) Importer(2089858483,b0f066a214c2f5e87bad3c948f4d605d) (ScriptedImporter) -> (Import Result ID: 'f33b3933a9b96c0a73ac323415b1cc61') in 0.0969863 seconds [static and dynamic dependencies]. Details - ImportResultOutputID=ea27eae51557c9e6bcee83704cc83fe5 DependenciesID=1321985dc79b3a387807c8da3835a373 StaticDependenciesID=f26db4138639c5f876479f626c866bc5 
Number of updated asset objects reloaded before import = 0Number of asset objects unloaded after import = 3

========================================================================
Received Import Request.
  Time since last request: 0.000017 seconds.
  path: Assets/Hovl Studio/DemoAssets/Models/QuadToCircle5.fbx
  importAddress: Guid(2e64920800155974986155a47e08b3b9) Importer(2089858483,b0f066a214c2f5e87bad3c948f4d605d)
Start importing Assets/Hovl Studio/DemoAssets/Models/QuadToCircle5.fbx using Guid(2e64920800155974986155a47e08b3b9) Importer(2089858483,b0f066a214c2f5e87bad3c948f4d605d) (ScriptedImporter) -> (Import Result ID: '9b72288cd831464b0e62b7befa4d6c4d') in 0.029185 seconds [static and dynamic dependencies]. Details - ImportResultOutputID=0ce530f2c6f484972a8ffc7e291b3574 DependenciesID=a0f782021558f6497b9bdbb340857fc6 StaticDependenciesID=e94a0af1a4710e27dc2950827a5b3dfa 
Number of updated asset objects reloaded before import = 0Number of asset objects unloaded after import = 7

========================================================================
Received Import Request.
  Time since last request: 0.000025 seconds.
  path: Assets/Hovl Studio/DemoAssets/Models/QuadToCircle4.fbx
  importAddress: Guid(31ffe826e3e69c341b077d0e65aa9e70) Importer(2089858483,b0f066a214c2f5e87bad3c948f4d605d)
Start importing Assets/Hovl Studio/DemoAssets/Models/QuadToCircle4.fbx using Guid(31ffe826e3e69c341b077d0e65aa9e70) Importer(2089858483,b0f066a214c2f5e87bad3c948f4d605d) (ScriptedImporter) -> (Import Result ID: '7b406bf158f421cb36370c6df8a7600f') in 0.0518447 seconds [static and dynamic dependencies]. Details - ImportResultOutputID=f1579d226a66ef6cf85fdd8e8016f689 DependenciesID=a61bf3491ead46ac8cf02348846549dc StaticDependenciesID=3291de8c3640703a7864ce7b21de62cb 
Number of updated asset objects reloaded before import = 0Number of asset objects unloaded after import = 7

========================================================================
Received Import Request.
  Time since last request: 0.000015 seconds.
  path: Assets/Hovl Studio/DemoAssets/Materials/Trail48cg.mat
  importAddress: Guid(515ee2a7ec124f646842afffa89838d2) Importer(2089858483,b0f066a214c2f5e87bad3c948f4d605d)
Start importing Assets/Hovl Studio/DemoAssets/Materials/Trail48cg.mat using Guid(515ee2a7ec124f646842afffa89838d2) Importer(2089858483,b0f066a214c2f5e87bad3c948f4d605d) (ScriptedImporter) -> (Import Result ID: 'd3e6925d0ae4e72b3057e5a5f1d1e20f') in 0.0740134 seconds [static and dynamic dependencies]. Details - ImportResultOutputID=dce8e7c2ccf7cfec17336b3bbe1e58d7 DependenciesID=3507330ddac3f042d8621ff1981de116 StaticDependenciesID=6dcfef31db98f6b9361cc9212e787881 
Number of updated asset objects reloaded before import = 0Number of asset objects unloaded after import = 2

========================================================================
Received Import Request.
  Time since last request: 0.000019 seconds.
  path: Assets/Hovl Studio/DemoAssets/Materials/Trail65cg.mat
  importAddress: Guid(3c2dcb5247f38264da76c3f821f809fb) Importer(2089858483,b0f066a214c2f5e87bad3c948f4d605d)
Start importing Assets/Hovl Studio/DemoAssets/Materials/Trail65cg.mat using Guid(3c2dcb5247f38264da76c3f821f809fb) Importer(2089858483,b0f066a214c2f5e87bad3c948f4d605d) (ScriptedImporter) -> (Import Result ID: '00b58631e1c8826a03d918b8ee36bd76') in 0.038759 seconds [static and dynamic dependencies]. Details - ImportResultOutputID=93c35196de26ae96de68f9287222a0e1 DependenciesID=592c3dd3082f14e163b26f2254e05caa StaticDependenciesID=08b26bba2006c4be0fa2a9cc5ecafb3d 
Number of updated asset objects reloaded before import = 0Number of asset objects unloaded after import = 2

========================================================================
Received Import Request.
  Time since last request: 0.000015 seconds.
  path: Assets/Hovl Studio/DemoAssets/Materials/MagicText8bcg.mat
  importAddress: Guid(e65eabb7e38754647a30b39000f6e748) Importer(2089858483,b0f066a214c2f5e87bad3c948f4d605d)
Start importing Assets/Hovl Studio/DemoAssets/Materials/MagicText8bcg.mat using Guid(e65eabb7e38754647a30b39000f6e748) Importer(2089858483,b0f066a214c2f5e87bad3c948f4d605d) (ScriptedImporter) -> (Import Result ID: 'd23402e7fc7091c0ff2878f42e944dfb') in 0.017756 seconds [static and dynamic dependencies]. Details - ImportResultOutputID=df5006035df8f62c8d11e6b9546173cd DependenciesID=6e63108a27cba609b8926507328472c3 StaticDependenciesID=7349e09b37babade94108e31bc0b5e01 
Number of updated asset objects reloaded before import = 0Number of asset objects unloaded after import = 2

========================================================================
Received Import Request.
  Time since last request: 0.000022 seconds.
  path: Assets/Hovl Studio/DemoAssets/Materials/Flare3cg.mat
  importAddress: Guid(a5058d915be7b8c4b874a6d45c51d72b) Importer(2089858483,b0f066a214c2f5e87bad3c948f4d605d)
Start importing Assets/Hovl Studio/DemoAssets/Materials/Flare3cg.mat using Guid(a5058d915be7b8c4b874a6d45c51d72b) Importer(2089858483,b0f066a214c2f5e87bad3c948f4d605d) (ScriptedImporter) -> (Import Result ID: '42914b870afd78b99cbae2a2af00f054') in 0.0231772 seconds [static and dynamic dependencies]. Details - ImportResultOutputID=4aa3e05f6340be47b8966b5f5fe74394 DependenciesID=34d7675fa20050a429dd0cfa0ca883b4 StaticDependenciesID=51d2b60cc3430ff26264ca4415e28ac6 
Number of updated asset objects reloaded before import = 0Number of asset objects unloaded after import = 2

========================================================================
Received Import Request.
  Time since last request: 0.000028 seconds.
  path: Assets/Hovl Studio/DemoAssets/Models/EggBroken.fbx
  importAddress: Guid(a95ac07221b291c458abb235865732ef) Importer(2089858483,b0f066a214c2f5e87bad3c948f4d605d)
Start importing Assets/Hovl Studio/DemoAssets/Models/EggBroken.fbx using Guid(a95ac07221b291c458abb235865732ef) Importer(2089858483,b0f066a214c2f5e87bad3c948f4d605d) (ScriptedImporter) -> (Import Result ID: '7b7bd1246825e4bc4728f7f6049b87d2') in 0.0402369 seconds [static and dynamic dependencies]. Details - ImportResultOutputID=78c0439a62448e09faa1ab62187d0f15 DependenciesID=a1682819b18656c8c106225fbed8873d StaticDependenciesID=abae3f1dfe3ae00ce09c463efe4a39c8 
Number of updated asset objects reloaded before import = 0Number of asset objects unloaded after import = 7

========================================================================
Received Import Request.
  Time since last request: 0.000027 seconds.
  path: Assets/DemoSence/Textures/pep_BaseColor.png
  importAddress: Guid(8672151a3a8364838962eb646d98ccc5) Importer(2089858483,b0f066a214c2f5e87bad3c948f4d605d)
Start importing Assets/DemoSence/Textures/pep_BaseColor.png using Guid(8672151a3a8364838962eb646d98ccc5) Importer(2089858483,b0f066a214c2f5e87bad3c948f4d605d) (ScriptedImporter) -> (Import Result ID: '0aa2f22d10d1aec2b980d413075baad8') in 0.0889687 seconds [static and dynamic dependencies]. Details - ImportResultOutputID=3991981445c5256c99ed1be90479eb5e DependenciesID=eac5f7e05a909d57a2199c639a84566f StaticDependenciesID=5c7a5e932d8095c73d51841669015d10 
Number of updated asset objects reloaded before import = 0Number of asset objects unloaded after import = 1

========================================================================
Received Import Request.
  Time since last request: 0.000083 seconds.
  path: Assets/Audio/Battle/Clips/Processed/ui_click_UI_Click_Smooth_mono.wav
  importAddress: Guid(31a81ea535b07b84ba39f0f4ff6ed01d) Importer(2089858483,b0f066a214c2f5e87bad3c948f4d605d)
Start importing Assets/Audio/Battle/Clips/Processed/ui_click_UI_Click_Smooth_mono.wav using Guid(31a81ea535b07b84ba39f0f4ff6ed01d) Importer(2089858483,b0f066a214c2f5e87bad3c948f4d605d) (ScriptedImporter) -> (Import Result ID: 'f635b543f9d9ea72525a153ca8b30916') in 0.0424936 seconds [static and dynamic dependencies]. Details - ImportResultOutputID=a31742996d75d977e4882d34c2cd4635 DependenciesID=fd61d6aacbaed7d485af65f0d14dc1dc StaticDependenciesID=fded494bf35854a386f90ef4fcb3fc9a 
Number of updated asset objects reloaded before import = 0Number of asset objects unloaded after import = 1

========================================================================
Received Import Request.
  Time since last request: 0.000016 seconds.
  path: Assets/Hovl Studio/DemoAssets/Materials/Crack7bcg.mat
  importAddress: Guid(ffbf1de599dba82428751c025f3668d9) Importer(2089858483,b0f066a214c2f5e87bad3c948f4d605d)
Start importing Assets/Hovl Studio/DemoAssets/Materials/Crack7bcg.mat using Guid(ffbf1de599dba82428751c025f3668d9) Importer(2089858483,b0f066a214c2f5e87bad3c948f4d605d) (ScriptedImporter) -> (Import Result ID: '3e9d77ec7ed90af9ffa49bea408d1e97') in 0.0231995 seconds [static and dynamic dependencies]. Details - ImportResultOutputID=5347140e23ca676eaebbf18f35b8b919 DependenciesID=077746e0f50ac520ecda7f95f1093345 StaticDependenciesID=b3d08720fcaee3762a9bb63860b1fd4c 
Number of updated asset objects reloaded before import = 0Number of asset objects unloaded after import = 2

========================================================================
Received Import Request.
  Time since last request: 0.000019 seconds.
  path: Assets/Hovl Studio/DemoAssets/Models/Egg.fbx
  importAddress: Guid(323702388f4ea574cacfa818b1a7b8fa) Importer(2089858483,b0f066a214c2f5e87bad3c948f4d605d)
Start importing Assets/Hovl Studio/DemoAssets/Models/Egg.fbx using Guid(323702388f4ea574cacfa818b1a7b8fa) Importer(2089858483,b0f066a214c2f5e87bad3c948f4d605d) (ScriptedImporter) -> (Import Result ID: 'b380d367c2a5ef1baa6abd334ad577ae') in 0.0269794 seconds [static and dynamic dependencies]. Details - ImportResultOutputID=613295e6de36f2cd0303d69bc41f4654 DependenciesID=1b928f157615028754323d5f9f3e4041 StaticDependenciesID=444c443dbdf8a436dc807b2d51cf43c6 
Number of updated asset objects reloaded before import = 0Number of asset objects unloaded after import = 7

========================================================================
Received Import Request.
  Time since last request: 0.000026 seconds.
  path: Assets/Hovl Studio/DemoAssets/Materials/Trails73cg2.mat
  importAddress: Guid(d78e8c5940a6ba5418fca673c0315ab2) Importer(2089858483,b0f066a214c2f5e87bad3c948f4d605d)
Start importing Assets/Hovl Studio/DemoAssets/Materials/Trails73cg2.mat using Guid(d78e8c5940a6ba5418fca673c0315ab2) Importer(2089858483,b0f066a214c2f5e87bad3c948f4d605d) (ScriptedImporter) -> (Import Result ID: '2843a230d938671b4f52a909e36833f9') in 0.0862496 seconds [static and dynamic dependencies]. Details - ImportResultOutputID=8f4717f823c5542b91e26f4dd26432d4 DependenciesID=ee1ca3f853d0c88db98cfef4d13c23e8 StaticDependenciesID=1b7b2cee26462a39816668a42b9a89f9 
Number of updated asset objects reloaded before import = 0Number of asset objects unloaded after import = 5

========================================================================
Received Import Request.
  Time since last request: 0.000015 seconds.
  path: Assets/Hovl Studio/DemoAssets/Materials/Noise83bd.mat
  importAddress: Guid(a7d418391d748a64cbf3c209309c9837) Importer(2089858483,b0f066a214c2f5e87bad3c948f4d605d)
Start importing Assets/Hovl Studio/DemoAssets/Materials/Noise83bd.mat using Guid(a7d418391d748a64cbf3c209309c9837) Importer(2089858483,b0f066a214c2f5e87bad3c948f4d605d) (ScriptedImporter) -> (Import Result ID: '0a6e359cd45c238e4bc54f3ace399d55') in 0.0287925 seconds [static and dynamic dependencies]. Details - ImportResultOutputID=0502a710dc3df9bd5c05d5a96aa73c9c DependenciesID=ecf2c11d1655b9d065c0462cbbffe9a9 StaticDependenciesID=e3bb1a291b554b411a968e240f42be56 
Number of updated asset objects reloaded before import = 0Number of asset objects unloaded after import = 3

========================================================================
Received Import Request.
  Time since last request: 0.000019 seconds.
  path: Assets/Hovl Studio/DemoAssets/Materials/Flare21cg.mat
  importAddress: Guid(ac39884ca65698c46ab28cb5f1445d69) Importer(2089858483,b0f066a214c2f5e87bad3c948f4d605d)
Start importing Assets/Hovl Studio/DemoAssets/Materials/Flare21cg.mat using Guid(ac39884ca65698c46ab28cb5f1445d69) Importer(2089858483,b0f066a214c2f5e87bad3c948f4d605d) (ScriptedImporter) -> (Import Result ID: 'b5966a7d8dcb13162b9c041c23081c1a') in 0.0773003 seconds [static and dynamic dependencies]. Details - ImportResultOutputID=53992512d5aafa5999a6e9f6e01c1346 DependenciesID=fd50860370d6a8ba8a795e6616914467 StaticDependenciesID=41c5dba2dd57cda5984761fc65bde2ad 
Number of updated asset objects reloaded before import = 0Number of asset objects unloaded after import = 2

========================================================================
Received Import Request.
  Time since last request: 0.000019 seconds.
  path: Assets/Hovl Studio/DemoAssets/Materials/Noise84cg.mat
  importAddress: Guid(18ab2a09b157dc34a83fa5f01eddbbe2) Importer(2089858483,b0f066a214c2f5e87bad3c948f4d605d)
Start importing Assets/Hovl Studio/DemoAssets/Materials/Noise84cg.mat using Guid(18ab2a09b157dc34a83fa5f01eddbbe2) Importer(2089858483,b0f066a214c2f5e87bad3c948f4d605d) (ScriptedImporter) -> (Import Result ID: '33604747f1a8605867e2eb6c076ccb5f') in 0.0560026 seconds [static and dynamic dependencies]. Details - ImportResultOutputID=027d54badb11d3e3466982c7913a3c50 DependenciesID=821325fe2f7548a04949bb4ba4bfbc96 StaticDependenciesID=7955204814678cfa2f537438e3b52a27 
Number of updated asset objects reloaded before import = 0Number of asset objects unloaded after import = 3

========================================================================
Received Import Request.
  Time since last request: 0.000019 seconds.
  path: Assets/Hovl Studio/DemoAssets/Models/CylinderFromCenter3.fbx
  importAddress: Guid(5554fcb9f10fd394182c6db7e4fb4d12) Importer(2089858483,b0f066a214c2f5e87bad3c948f4d605d)
Start importing Assets/Hovl Studio/DemoAssets/Models/CylinderFromCenter3.fbx using Guid(5554fcb9f10fd394182c6db7e4fb4d12) Importer(2089858483,b0f066a214c2f5e87bad3c948f4d605d) (ScriptedImporter) -> (Import Result ID: '1826662178c32b660737912080b2d867') in 0.0355008 seconds [static and dynamic dependencies]. Details - ImportResultOutputID=9ba27e9c10b2514b37b54aa72eaa2740 DependenciesID=021863347e3b19fb154ab6928f613457 StaticDependenciesID=093efa9a84a6e616d1280c28a9b3556d 
Number of updated asset objects reloaded before import = 0Number of asset objects unloaded after import = 7

========================================================================
Received Import Request.
  Time since last request: 0.000038 seconds.
  path: Assets/Hovl Studio/DemoAssets/Models/WaterSphere.fbx
  importAddress: Guid(a32c7f0bfe2bba346a6424f074f81d2f) Importer(2089858483,b0f066a214c2f5e87bad3c948f4d605d)
Start importing Assets/Hovl Studio/DemoAssets/Models/WaterSphere.fbx using Guid(a32c7f0bfe2bba346a6424f074f81d2f) Importer(2089858483,b0f066a214c2f5e87bad3c948f4d605d) (ScriptedImporter) -> (Import Result ID: '3c37592ec5bf3845354e06fa5fd5aefc') in 0.0272576 seconds [static and dynamic dependencies]. Details - ImportResultOutputID=940a6019cda331e9eb11b9431d2e6550 DependenciesID=2dfe30b9e3912ee75a953251b9268966 StaticDependenciesID=5ca7063aeb23dfe01159ee891f7e49fb 
Number of updated asset objects reloaded before import = 0Number of asset objects unloaded after import = 7

========================================================================
Received Import Request.
  Time since last request: 0.000013 seconds.
  path: Assets/Hovl Studio/DemoAssets/Shaders/Blend_LinePath.shader
  importAddress: Guid(a94def2acffda4e4bb6a001369871457) Importer(2089858483,b0f066a214c2f5e87bad3c948f4d605d)
Start importing Assets/Hovl Studio/DemoAssets/Shaders/Blend_LinePath.shader using Guid(a94def2acffda4e4bb6a001369871457) Importer(2089858483,b0f066a214c2f5e87bad3c948f4d605d) (ScriptedImporter) -> (Import Result ID: 'c93c562da8350690af22d0669d168f09') in 0.0084705 seconds [static and dynamic dependencies]. Details - ImportResultOutputID=be947ea569becf9880f39329c7756270 DependenciesID=7048118c0e16733146b50434517792a4 StaticDependenciesID=b1771dd3f002b74aa37627242b71fcfd 
Number of updated asset objects reloaded before import = 0Number of asset objects unloaded after import = 1

========================================================================
Received Import Request.
  Time since last request: 0.000020 seconds.
  path: Assets/Hovl Studio/DemoAssets/Models/QuadToCircle3.fbx
  importAddress: Guid(a9248cfb6f754b340b4f7fa5368aca48) Importer(2089858483,b0f066a214c2f5e87bad3c948f4d605d)
Start importing Assets/Hovl Studio/DemoAssets/Models/QuadToCircle3.fbx using Guid(a9248cfb6f754b340b4f7fa5368aca48) Importer(2089858483,b0f066a214c2f5e87bad3c948f4d605d) (ScriptedImporter) -> (Import Result ID: 'd30a82af0b23a50c1efb7bb7bee842fb') in 0.0538296 seconds [static and dynamic dependencies]. Details - ImportResultOutputID=252d500d95785351128a343673547696 DependenciesID=831069a52dd1427d5d5771644a81ba19 StaticDependenciesID=d6337993602a970034079083e77e29b7 
Number of updated asset objects reloaded before import = 0Number of asset objects unloaded after import = 7

========================================================================
Received Import Request.
  Time since last request: 0.000020 seconds.
  path: Assets/Hovl Studio/DemoAssets/Materials/Circle8cg.mat
  importAddress: Guid(2e554b9a8a972ba4fb64c5ce512230f7) Importer(2089858483,b0f066a214c2f5e87bad3c948f4d605d)
Start importing Assets/Hovl Studio/DemoAssets/Materials/Circle8cg.mat using Guid(2e554b9a8a972ba4fb64c5ce512230f7) Importer(2089858483,b0f066a214c2f5e87bad3c948f4d605d) (ScriptedImporter) -> (Import Result ID: '34a3879903b49ca108f2346060155e05') in 0.0833369 seconds [static and dynamic dependencies]. Details - ImportResultOutputID=1e52e50fc0fad57e674315f41c33c709 DependenciesID=f608db6b221951009a398c2854217c5f StaticDependenciesID=5623362517b6f9d5bc23b7a719ca6676 
Number of updated asset objects reloaded before import = 0Number of asset objects unloaded after import = 2

========================================================================
Received Import Request.
  Time since last request: 0.000028 seconds.
  path: Assets/Hovl Studio/DemoAssets/Materials/Trail75bcg.mat
  importAddress: Guid(f1b23a4dd34122b4084cf47d208e55f9) Importer(2089858483,b0f066a214c2f5e87bad3c948f4d605d)
Start importing Assets/Hovl Studio/DemoAssets/Materials/Trail75bcg.mat using Guid(f1b23a4dd34122b4084cf47d208e55f9) Importer(2089858483,b0f066a214c2f5e87bad3c948f4d605d) (ScriptedImporter) -> (Import Result ID: '6c5df54d3cf8d920d65f15b60205a3d9') in 0.0740116 seconds [static and dynamic dependencies]. Details - ImportResultOutputID=f03530e3579a5cb68fcdd037ee2d9836 DependenciesID=35652b292404803661478c2753c4dd9d StaticDependenciesID=adc41841b7350ed368054a2192590d8d 
Number of updated asset objects reloaded before import = 0Number of asset objects unloaded after import = 2

========================================================================
Received Import Request.
  Time since last request: 0.000022 seconds.
  path: Assets/Hovl Studio/DemoAssets/Materials/Flare20cg.mat
  importAddress: Guid(a0be072ef4b3b424d8c3681767cb617d) Importer(2089858483,b0f066a214c2f5e87bad3c948f4d605d)
Start importing Assets/Hovl Studio/DemoAssets/Materials/Flare20cg.mat using Guid(a0be072ef4b3b424d8c3681767cb617d) Importer(2089858483,b0f066a214c2f5e87bad3c948f4d605d) (ScriptedImporter) -> (Import Result ID: '409388412e53bbc2a0e0437b5f621111') in 0.0309716 seconds [static and dynamic dependencies]. Details - ImportResultOutputID=f85ec00eed5a9db79181556b980e69a9 DependenciesID=9644c4837fe79584676e9e369acf650e StaticDependenciesID=0a679fccaee5a9a2741eaab76adc7594 
Number of updated asset objects reloaded before import = 0Number of asset objects unloaded after import = 2

========================================================================
Received Import Request.
  Time since last request: 0.000029 seconds.
  path: Assets/Hovl Studio/DemoAssets/Materials/Gradient17сg.mat
  importAddress: Guid(9789c18d41224784a9de7d60dac2b68f) Importer(2089858483,b0f066a214c2f5e87bad3c948f4d605d)
Start importing Assets/Hovl Studio/DemoAssets/Materials/Gradient17сg.mat using Guid(9789c18d41224784a9de7d60dac2b68f) Importer(2089858483,b0f066a214c2f5e87bad3c948f4d605d) (ScriptedImporter) -> (Import Result ID: '8cce9f7304ed46dc8e01de83eeb3d89a') in 0.0138852 seconds [static and dynamic dependencies]. Details - ImportResultOutputID=87f3728f9e397ad78436f303f31d012b DependenciesID=29fd6ee9669ce66c5df88bd3f5060adc StaticDependenciesID=45171b8a64857fc50dfcf87533579666 
Number of updated asset objects reloaded before import = 0Number of asset objects unloaded after import = 4

========================================================================
Received Import Request.
  Time since last request: 0.000017 seconds.
  path: Assets/Hovl Studio/DemoAssets/Materials/Mask9bcg.mat
  importAddress: Guid(916e45ed79d82594e91da8cdcda1a2f7) Importer(2089858483,b0f066a214c2f5e87bad3c948f4d605d)
Start importing Assets/Hovl Studio/DemoAssets/Materials/Mask9bcg.mat using Guid(916e45ed79d82594e91da8cdcda1a2f7) Importer(2089858483,b0f066a214c2f5e87bad3c948f4d605d) (ScriptedImporter) -> (Import Result ID: '9e152ba79ed2fcfb18340e6c33295924') in 0.0214564 seconds [static and dynamic dependencies]. Details - ImportResultOutputID=9017bd4a3ce6c464e7105cd611f39b70 DependenciesID=7bb38aa01c3525c0ccce697dd1f86bf1 StaticDependenciesID=198f643e712e7344b4e7045ff5b7e5ec 
Number of updated asset objects reloaded before import = 0Number of asset objects unloaded after import = 2

========================================================================
Received Import Request.
  Time since last request: 0.000021 seconds.
  path: Assets/Hovl Studio/DemoAssets/Materials/Triangle1bcg.mat
  importAddress: Guid(df3cdebd9d538e345a09d02147d30656) Importer(2089858483,b0f066a214c2f5e87bad3c948f4d605d)
Start importing Assets/Hovl Studio/DemoAssets/Materials/Triangle1bcg.mat using Guid(df3cdebd9d538e345a09d02147d30656) Importer(2089858483,b0f066a214c2f5e87bad3c948f4d605d) (ScriptedImporter) -> (Import Result ID: '5f154cbab7e5805c3b5222010302e32b') in 0.0198415 seconds [static and dynamic dependencies]. Details - ImportResultOutputID=a2ec353ac0a0eef36b1e58391dd45024 DependenciesID=d5b7704469e6590281c1feb53bf8db73 StaticDependenciesID=44a88a078aa59eb91250b97a2ba1f96a 
Number of updated asset objects reloaded before import = 0Number of asset objects unloaded after import = 2

========================================================================
Received Import Request.
  Time since last request: 0.000015 seconds.
  path: Assets/Hovl Studio/DemoAssets/Materials/Trail21Path.mat
  importAddress: Guid(ef0834f4c85d3eb429de370cf2a87b84) Importer(2089858483,b0f066a214c2f5e87bad3c948f4d605d)
Start importing Assets/Hovl Studio/DemoAssets/Materials/Trail21Path.mat using Guid(ef0834f4c85d3eb429de370cf2a87b84) Importer(2089858483,b0f066a214c2f5e87bad3c948f4d605d) (ScriptedImporter) -> (Import Result ID: '169d6eb3daec1719a3b92671b1c90f30') in 0.0744416 seconds [static and dynamic dependencies]. Details - ImportResultOutputID=40ffba71e07e36e516d559864a9254d6 DependenciesID=84f5b0461a2c089a34fb7030ff204817 StaticDependenciesID=eea264810aed331a2e5c026532ea45a0 
Number of updated asset objects reloaded before import = 0Number of asset objects unloaded after import = 2

========================================================================
Received Import Request.
  Time since last request: 0.000017 seconds.
  path: Assets/BeatEmUp_GameTemplate3D/Audio/GroundPunchHit.wav
  importAddress: Guid(deddbaf9abacdd943be96262d7b82ac8) Importer(2089858483,b0f066a214c2f5e87bad3c948f4d605d)
Start importing Assets/BeatEmUp_GameTemplate3D/Audio/GroundPunchHit.wav using Guid(deddbaf9abacdd943be96262d7b82ac8) Importer(2089858483,b0f066a214c2f5e87bad3c948f4d605d) (ScriptedImporter) -> (Import Result ID: '15cc2b19f108f607134d3485af1a30e1') in 0.104545 seconds [static and dynamic dependencies]. Details - ImportResultOutputID=ddd5ab8d5b32bb7b0740877fb6d91e5d DependenciesID=d9979fac2fb7d8bd8135bf02ea539a69 StaticDependenciesID=27996ee3d28fc7e3b4467b7b34283f02 
Number of updated asset objects reloaded before import = 0Number of asset objects unloaded after import = 1

========================================================================
Received Import Request.
  Time since last request: 0.000030 seconds.
  path: Assets/BeatEmUp_GameTemplate3D/Audio/PlayerJump.wav
  importAddress: Guid(f2ab68febfeb27647840c5486ab2096e) Importer(2089858483,b0f066a214c2f5e87bad3c948f4d605d)
Start importing Assets/BeatEmUp_GameTemplate3D/Audio/PlayerJump.wav using Guid(f2ab68febfeb27647840c5486ab2096e) Importer(2089858483,b0f066a214c2f5e87bad3c948f4d605d) (ScriptedImporter) -> (Import Result ID: '24ff87d93212f2aa07b88aa0edb2df6f') in 0.037318 seconds [static and dynamic dependencies]. Details - ImportResultOutputID=881f9e506f74b60d4950b159c7084776 DependenciesID=bf80f3eea10b54153111847c48cb62d9 StaticDependenciesID=19ee39986ed88575e70899c9d380f909 
Number of updated asset objects reloaded before import = 0Number of asset objects unloaded after import = 1

========================================================================
Received Import Request.
  Time since last request: 0.000022 seconds.
  path: Assets/Hovl Studio/DemoAssets/Materials/TwoSides27.mat
  importAddress: Guid(feec15190eee5de42bfdf66b0763957b) Importer(2089858483,b0f066a214c2f5e87bad3c948f4d605d)
Start importing Assets/Hovl Studio/DemoAssets/Materials/TwoSides27.mat using Guid(feec15190eee5de42bfdf66b0763957b) Importer(2089858483,b0f066a214c2f5e87bad3c948f4d605d) (ScriptedImporter) -> (Import Result ID: 'dc49c8a31d35c677d85c4d08c69ae606') in 0.0434692 seconds [static and dynamic dependencies]. Details - ImportResultOutputID=dc24a88b6346408b6a21f00dafa6d0b0 DependenciesID=c7e6b047485f74bcb54b4a692a1e303a StaticDependenciesID=37ce7ca5a2b0902b1ed42e7b153d8093 
Number of updated asset objects reloaded before import = 0Number of asset objects unloaded after import = 3

========================================================================
Received Import Request.
  Time since last request: 0.000017 seconds.
  path: Assets/Hovl Studio/DemoAssets/Materials/Crater37bcg.mat
  importAddress: Guid(3c1d46df58696b04099bb6cae855e903) Importer(2089858483,b0f066a214c2f5e87bad3c948f4d605d)
Start importing Assets/Hovl Studio/DemoAssets/Materials/Crater37bcg.mat using Guid(3c1d46df58696b04099bb6cae855e903) Importer(2089858483,b0f066a214c2f5e87bad3c948f4d605d) (ScriptedImporter) -> (Import Result ID: '2ff05f9dada050444ab65bba86a0c60b') in 0.0221791 seconds [static and dynamic dependencies]. Details - ImportResultOutputID=affc2ac28d83c565b38b26166fa5f723 DependenciesID=6cc38109a7587f663381138b9473204e StaticDependenciesID=e77d9a1a7b2a1d1d2cb1ae34fd3c318c 
Number of updated asset objects reloaded before import = 0Number of asset objects unloaded after import = 2

========================================================================
Received Import Request.
  Time since last request: 0.000039 seconds.
  path: Assets/Hovl Studio/DemoAssets/Materials/MagicCircle62dn.mat
  importAddress: Guid(00ea7adf058ab22418b23bbc22c96aa6) Importer(2089858483,b0f066a214c2f5e87bad3c948f4d605d)
Start importing Assets/Hovl Studio/DemoAssets/Materials/MagicCircle62dn.mat using Guid(00ea7adf058ab22418b23bbc22c96aa6) Importer(2089858483,b0f066a214c2f5e87bad3c948f4d605d) (ScriptedImporter) -> (Import Result ID: '865ecd18bc38f7f6c5036fdec3e6d350') in 0.0341763 seconds [static and dynamic dependencies]. Details - ImportResultOutputID=de41f68823392fbb0a6f79e882a69dae DependenciesID=f50ace4659de6998f357d4a1edcaed57 StaticDependenciesID=2c414494d5a43ac7c1d133fd9dedaa91 
Number of updated asset objects reloaded before import = 0Number of asset objects unloaded after import = 4

========================================================================
Received Import Request.
  Time since last request: 0.000018 seconds.
  path: Assets/Hovl Studio/DemoAssets/Shaders/Fire.shader
  importAddress: Guid(0cca3c4f7b649204a9c9edee0085da26) Importer(2089858483,b0f066a214c2f5e87bad3c948f4d605d)
Start importing Assets/Hovl Studio/DemoAssets/Shaders/Fire.shader using Guid(0cca3c4f7b649204a9c9edee0085da26) Importer(2089858483,b0f066a214c2f5e87bad3c948f4d605d) (ScriptedImporter) -> (Import Result ID: 'c315f695aaa69bfbdae73854f619b9a9') in 0.0071112 seconds [static and dynamic dependencies]. Details - ImportResultOutputID=5bda4becdfba02dc111b5656701aaaa9 DependenciesID=bde101cd442483ee4cfda8e18b781670 StaticDependenciesID=95c2b5da7a8644bda1684fb028c9323c 
Number of updated asset objects reloaded before import = 0Number of asset objects unloaded after import = 1

========================================================================
Received Import Request.
  Time since last request: 0.000018 seconds.
  path: Assets/Hovl Studio/DemoAssets/Materials/Crater48dn.mat
  importAddress: Guid(2a4b6e0ff69941f47a5cd1fc3c88e4c9) Importer(2089858483,b0f066a214c2f5e87bad3c948f4d605d)
Start importing Assets/Hovl Studio/DemoAssets/Materials/Crater48dn.mat using Guid(2a4b6e0ff69941f47a5cd1fc3c88e4c9) Importer(2089858483,b0f066a214c2f5e87bad3c948f4d605d) (ScriptedImporter) -> (Import Result ID: '53fde4140d9b5d3aba19ea4feb07c47a') in 0.0087772 seconds [static and dynamic dependencies]. Details - ImportResultOutputID=e4c64220a879ec3035a18e738cb98f5c DependenciesID=4a226088531b134a28e1cfe083d6f901 StaticDependenciesID=c7cc829a140b7c2e7cf6875134e928ff 
Number of updated asset objects reloaded before import = 0Number of asset objects unloaded after import = 3

========================================================================
Received Import Request.
  Time since last request: 0.000018 seconds.
  path: Assets/Hovl Studio/DemoAssets/Materials/CircleRainbow11cg.mat
  importAddress: Guid(8cb3458e2f63df54dafcc544ba5527ab) Importer(2089858483,b0f066a214c2f5e87bad3c948f4d605d)
Start importing Assets/Hovl Studio/DemoAssets/Materials/CircleRainbow11cg.mat using Guid(8cb3458e2f63df54dafcc544ba5527ab) Importer(2089858483,b0f066a214c2f5e87bad3c948f4d605d) (ScriptedImporter) -> (Import Result ID: '69407f980c8381285eb329aa8aa38f25') in 0.0897653 seconds [static and dynamic dependencies]. Details - ImportResultOutputID=44a4156d17378f2f93943da05a1f8e62 DependenciesID=cf4c282a22ae318cefb82967110d742f StaticDependenciesID=8b6fcd10d7bfb099f5b4bc00aff4be2e 
Number of updated asset objects reloaded before import = 0Number of asset objects unloaded after import = 2

========================================================================
Received Import Request.
  Time since last request: 0.000019 seconds.
  path: Assets/Hovl Studio/DemoAssets/Materials/Lightning11cg.mat
  importAddress: Guid(2ac0fd9fa7d384047a598dbfb7c2f044) Importer(2089858483,b0f066a214c2f5e87bad3c948f4d605d)
Start importing Assets/Hovl Studio/DemoAssets/Materials/Lightning11cg.mat using Guid(2ac0fd9fa7d384047a598dbfb7c2f044) Importer(2089858483,b0f066a214c2f5e87bad3c948f4d605d) (ScriptedImporter) -> (Import Result ID: '462262e4aa92179b84ab92cac230ad00') in 1.2289431 seconds [static and dynamic dependencies]. Details - ImportResultOutputID=794961f5c3c2930d39c64e45eb112132 DependenciesID=e2e57b4509bd225c0f32c850aca3228d StaticDependenciesID=5b96cb2895d7b1d108fd4a52224d0da6 
Number of updated asset objects reloaded before import = 0Number of asset objects unloaded after import = 3

========================================================================
Received Import Request.
  Time since last request: 0.000022 seconds.
  path: Assets/Hovl Studio/DemoAssets/Materials/Dust2bcg.mat
  importAddress: Guid(4c9e0f7f89fdae149a44924c687eb7f7) Importer(2089858483,b0f066a214c2f5e87bad3c948f4d605d)
Start importing Assets/Hovl Studio/DemoAssets/Materials/Dust2bcg.mat using Guid(4c9e0f7f89fdae149a44924c687eb7f7) Importer(2089858483,b0f066a214c2f5e87bad3c948f4d605d) (ScriptedImporter) -> (Import Result ID: '544c0c95318445ba332bfc6d1d9d910e') in 0.1599486 seconds [static and dynamic dependencies]. Details - ImportResultOutputID=0866fc8f8d5b6d0cf627f5e3af696a28 DependenciesID=11a2b29c5bc1d408d2e96aa5f8cbae82 StaticDependenciesID=f5e6eeec0072e6c762349dfe06d9f020 
Number of updated asset objects reloaded before import = 0Number of asset objects unloaded after import = 2

========================================================================
Received Import Request.
  Time since last request: 0.000018 seconds.
  path: Assets/Plugins/Vefects/Flipbook VFX/Demo/DemoAssets/Meshes/SM_VFX_Background_Plate_01.prefab
  importAddress: Guid(2e2ad7c9dedf6ff44b1137f75d942325) Importer(2089858483,b0f066a214c2f5e87bad3c948f4d605d)
Start importing Assets/Plugins/Vefects/Flipbook VFX/Demo/DemoAssets/Meshes/SM_VFX_Background_Plate_01.prefab using Guid(2e2ad7c9dedf6ff44b1137f75d942325) Importer(2089858483,b0f066a214c2f5e87bad3c948f4d605d) (ScriptedImporter) -> (Import Result ID: '18936db159921c7627738b91b857fdc4') in 0.4700341 seconds [static and dynamic dependencies]. Details - ImportResultOutputID=ec085269c3651c182108358305b18224 DependenciesID=cee82400a09b5a2de9cec95d0044eb04 StaticDependenciesID=f021376349da5dd81a31a4d6b9e91a90 
Number of updated asset objects reloaded before import = 0Number of asset objects unloaded after import = 7

========================================================================
Received Import Request.
  Time since last request: 0.000019 seconds.
  path: Assets/Hovl Studio/DemoAssets/Materials/Waves21cg4.mat
  importAddress: Guid(2b27e5ffcba4494499c3940ae7d2e546) Importer(2089858483,b0f066a214c2f5e87bad3c948f4d605d)
Start importing Assets/Hovl Studio/DemoAssets/Materials/Waves21cg4.mat using Guid(2b27e5ffcba4494499c3940ae7d2e546) Importer(2089858483,b0f066a214c2f5e87bad3c948f4d605d) (ScriptedImporter) -> (Import Result ID: 'b454ae2150d2b4fefbd78d0ce041b305') in 0.0628681 seconds [static and dynamic dependencies]. Details - ImportResultOutputID=2cb8a79aef67a4046264989f82b9276c DependenciesID=3e70290990175e420c8007e62d35c1ea StaticDependenciesID=23dfe9d94b5dcffdc1ce2635f74362b3 
Number of updated asset objects reloaded before import = 0Number of asset objects unloaded after import = 4

========================================================================
Received Import Request.
  Time since last request: 0.000023 seconds.
  path: Assets/Hovl Studio/DemoAssets/Materials/Flare4cg.mat
  importAddress: Guid(8a6e728ea97b2bf4399f7190a57a3735) Importer(2089858483,b0f066a214c2f5e87bad3c948f4d605d)
Start importing Assets/Hovl Studio/DemoAssets/Materials/Flare4cg.mat using Guid(8a6e728ea97b2bf4399f7190a57a3735) Importer(2089858483,b0f066a214c2f5e87bad3c948f4d605d) (ScriptedImporter) -> (Import Result ID: '528ba51e49d8ec96d33473299a74a76e') in 0.0211059 seconds [static and dynamic dependencies]. Details - ImportResultOutputID=0b9edf469ce7e91d9803e6c7628ea1db DependenciesID=03249b0c059ab98c1220d8b39b1c66a1 StaticDependenciesID=47f5273e07fda942402d1e01fedb58e3 
Number of updated asset objects reloaded before import = 0Number of asset objects unloaded after import = 2

========================================================================
Received Import Request.
  Time since last request: 0.000017 seconds.
  path: Assets/Hovl Studio/DemoAssets/Textures/Target.png
  importAddress: Guid(ccb3304cf118f1647964cd1b1a33c55e) Importer(2089858483,b0f066a214c2f5e87bad3c948f4d605d)
Start importing Assets/Hovl Studio/DemoAssets/Textures/Target.png using Guid(ccb3304cf118f1647964cd1b1a33c55e) Importer(2089858483,b0f066a214c2f5e87bad3c948f4d605d) (ScriptedImporter) -> (Import Result ID: '0ca6dca790d4b2e69ec97636c35d4d1b') in 0.0878693 seconds [static and dynamic dependencies]. Details - ImportResultOutputID=8ef7472af178f32bde0e731e1dae78b1 DependenciesID=86b4798ffc7622ff844fdbeb2ab582da StaticDependenciesID=24faa3218add4c53abb5f9e7b538ab4f 
Number of updated asset objects reloaded before import = 0Number of asset objects unloaded after import = 1

========================================================================
Received Import Request.
  Time since last request: 0.000022 seconds.
  path: Assets/Hovl Studio/Sword slash VFX/Textures/Smoke12.png
  importAddress: Guid(d2d212ea9b69a8345bd6b7debdf07fcd) Importer(2089858483,b0f066a214c2f5e87bad3c948f4d605d)
Start importing Assets/Hovl Studio/Sword slash VFX/Textures/Smoke12.png using Guid(d2d212ea9b69a8345bd6b7debdf07fcd) Importer(2089858483,b0f066a214c2f5e87bad3c948f4d605d) (ScriptedImporter) -> (Import Result ID: '095d705a79e5421e45529735873fce90') in 0.1119274 seconds [static and dynamic dependencies]. Details - ImportResultOutputID=d20899b228b35016c1f5e3bb942393f4 DependenciesID=855cb6944c0089b9ac81ed91f5b372a3 StaticDependenciesID=32b58f31a97e744d143043ceab078bfd 
Number of updated asset objects reloaded before import = 0Number of asset objects unloaded after import = 1

========================================================================
Received Import Request.
  Time since last request: 0.000032 seconds.
  path: Assets/Hovl Studio/DemoAssets/Textures/MagicCircle51.png
  importAddress: Guid(066524a80e5b29a42817d8249e80eed5) Importer(2089858483,b0f066a214c2f5e87bad3c948f4d605d)
Start importing Assets/Hovl Studio/DemoAssets/Textures/MagicCircle51.png using Guid(066524a80e5b29a42817d8249e80eed5) Importer(2089858483,b0f066a214c2f5e87bad3c948f4d605d) (ScriptedImporter) -> (Import Result ID: 'cce19fbac321e1237a73546518a9fb08') in 0.1296576 seconds [static and dynamic dependencies]. Details - ImportResultOutputID=252ac696afdf78c09ad3ad0511c767dd DependenciesID=d5e4277199ac14be3bcfe576b96823f9 StaticDependenciesID=7e000de46d015dc626cc367ddb4f135c 
Number of updated asset objects reloaded before import = 0Number of asset objects unloaded after import = 1

========================================================================
Received Import Request.
  Time since last request: 0.000122 seconds.
  path: Assets/Hovl Studio/Sword slash VFX/Textures/Smoke21.png
  importAddress: Guid(d06e9498a00104344b97f8294ba40c6c) Importer(2089858483,b0f066a214c2f5e87bad3c948f4d605d)
Start importing Assets/Hovl Studio/Sword slash VFX/Textures/Smoke21.png using Guid(d06e9498a00104344b97f8294ba40c6c) Importer(2089858483,b0f066a214c2f5e87bad3c948f4d605d) (ScriptedImporter) -> (Import Result ID: 'f830f28d7a27980b412c1d643dda10a0') in 0.0410159 seconds [static and dynamic dependencies]. Details - ImportResultOutputID=6a335cfb288ed3e67804bc0284acb585 DependenciesID=520d8a7569c2220e89084b10c1443025 StaticDependenciesID=15b2316308bb4ef84c3eebaf846f6e64 
Number of updated asset objects reloaded before import = 0Number of asset objects unloaded after import = 1

========================================================================
Received Import Request.
  Time since last request: 0.000542 seconds.
  path: Assets/Hovl Studio/DemoAssets/Models/Path7.fbx
  importAddress: Guid(d5b7f60ec3acc6f4cbc0d6e1b350d42f) Importer(2089858483,b0f066a214c2f5e87bad3c948f4d605d)
Start importing Assets/Hovl Studio/DemoAssets/Models/Path7.fbx using Guid(d5b7f60ec3acc6f4cbc0d6e1b350d42f) Importer(2089858483,b0f066a214c2f5e87bad3c948f4d605d) (ScriptedImporter) -> (Import Result ID: '72de1756e69daca49b8288c202db64cd') in 0.0405612 seconds [static and dynamic dependencies]. Details - ImportResultOutputID=b06cb9707f797355eab0aa68e1b184c7 DependenciesID=f2d1566a349317cc22ad4015adb002ec StaticDependenciesID=17553dccb0ef6f2df45335895ce65cbd 
Number of updated asset objects reloaded before import = 0Number of asset objects unloaded after import = 7

========================================================================
Received Import Request.
  Time since last request: 0.000015 seconds.
  path: Assets/Hovl Studio/DemoAssets/Materials/Trail64Path.mat
  importAddress: Guid(8a58578c1a3a7634c8bc526913fe6e46) Importer(2089858483,b0f066a214c2f5e87bad3c948f4d605d)
Start importing Assets/Hovl Studio/DemoAssets/Materials/Trail64Path.mat using Guid(8a58578c1a3a7634c8bc526913fe6e46) Importer(2089858483,b0f066a214c2f5e87bad3c948f4d605d) (ScriptedImporter) -> (Import Result ID: '51f7fdd534fe2b19a928c93d914014a1') in 0.0196684 seconds [static and dynamic dependencies]. Details - ImportResultOutputID=946dca060d3fc4818926073a36d080be DependenciesID=43da1379563789b359e912193fe3087a StaticDependenciesID=829bb38a72cdaa96c3e079041b6f3eee 
Number of updated asset objects reloaded before import = 0Number of asset objects unloaded after import = 3

========================================================================
Received Import Request.
  Time since last request: 0.000022 seconds.
  path: Assets/Hovl Studio/DemoAssets/Materials/Dust2cg.mat
  importAddress: Guid(9d1a74b637073964d95ae68e61ecc88a) Importer(2089858483,b0f066a214c2f5e87bad3c948f4d605d)
Start importing Assets/Hovl Studio/DemoAssets/Materials/Dust2cg.mat using Guid(9d1a74b637073964d95ae68e61ecc88a) Importer(2089858483,b0f066a214c2f5e87bad3c948f4d605d) (ScriptedImporter) -> (Import Result ID: '2a7da6b8685e8289af5ad95e3477d2b5') in 0.0361243 seconds [static and dynamic dependencies]. Details - ImportResultOutputID=1ed2cb0cc6d00114f0ab0bf9423ca74c DependenciesID=ffee80a00c8c09b7c2a1272956614bdf StaticDependenciesID=e6f3a21bf97aacefc6e6756e7c909222 
Number of updated asset objects reloaded before import = 0Number of asset objects unloaded after import = 2

========================================================================
Received Import Request.
  Time since last request: 0.000016 seconds.
  path: Assets/Hovl Studio/DemoAssets/Materials/Trail78cg.mat
  importAddress: Guid(676f217d1919ec14282fd6a8b8972539) Importer(2089858483,b0f066a214c2f5e87bad3c948f4d605d)
Start importing Assets/Hovl Studio/DemoAssets/Materials/Trail78cg.mat using Guid(676f217d1919ec14282fd6a8b8972539) Importer(2089858483,b0f066a214c2f5e87bad3c948f4d605d) (ScriptedImporter) -> (Import Result ID: '939ad48c131e03db7282e8d8d4d368f8') in 0.0219059 seconds [static and dynamic dependencies]. Details - ImportResultOutputID=954fa734d5a5682628b59bde05a81ec3 DependenciesID=f329aba8984916eee3ec8748ea55ede2 StaticDependenciesID=d2e6c7b2f4419b903bc7681dcca6004c 
Number of updated asset objects reloaded before import = 0Number of asset objects unloaded after import = 2

========================================================================
Received Import Request.
  Time since last request: 0.000017 seconds.
  path: Assets/Hovl Studio/DemoAssets/Materials
  importAddress: Guid(5ad79aea62b73b5409daf3561f7677c0) Importer(2089858483,b0f066a214c2f5e87bad3c948f4d605d)
Start importing Assets/Hovl Studio/DemoAssets/Materials using Guid(5ad79aea62b73b5409daf3561f7677c0) Importer(2089858483,b0f066a214c2f5e87bad3c948f4d605d) (ScriptedImporter) -> (Import Result ID: 'cdccf5217173a772251e2695cdc38574') in 0.0034968 seconds [static and dynamic dependencies]. Details - ImportResultOutputID=38151ff36be5f5e94e01a640284fad07 DependenciesID=e90c10b0346cbee8d3bc75e3ed2b61c7 StaticDependenciesID=5ec3bbbb98a2b2402b61fca4eba14f03 
Number of updated asset objects reloaded before import = 0Number of asset objects unloaded after import = 1

========================================================================
Received Import Request.
  Time since last request: 0.000048 seconds.
  path: Assets/Hovl Studio/DemoAssets/Textures/Flare28.png
  importAddress: Guid(44fae5ec152317a45a6bc20ce6b84840) Importer(2089858483,b0f066a214c2f5e87bad3c948f4d605d)
Start importing Assets/Hovl Studio/DemoAssets/Textures/Flare28.png using Guid(44fae5ec152317a45a6bc20ce6b84840) Importer(2089858483,b0f066a214c2f5e87bad3c948f4d605d) (ScriptedImporter) -> (Import Result ID: '3729d34b6cf354f9dcdf828b6e968da4') in 0.0342679 seconds [static and dynamic dependencies]. Details - ImportResultOutputID=a9d390d1c47de43443984712e4e3dc0b DependenciesID=b3bd14e370a9a309f8748f407eaa76da StaticDependenciesID=982a757b7de443107cfa3d531e3a4ec4 
Number of updated asset objects reloaded before import = 0Number of asset objects unloaded after import = 1

========================================================================
Received Import Request.
  Time since last request: 0.000072 seconds.
  path: Assets/Hovl Studio/DemoAssets/Textures/Trail73.png
  importAddress: Guid(7ae741e4c5226834db440bb3f58952b7) Importer(2089858483,b0f066a214c2f5e87bad3c948f4d605d)
Start importing Assets/Hovl Studio/DemoAssets/Textures/Trail73.png using Guid(7ae741e4c5226834db440bb3f58952b7) Importer(2089858483,b0f066a214c2f5e87bad3c948f4d605d) (ScriptedImporter) -> (Import Result ID: 'dd9884088884d38d8cd12a4f1731e4f0') in 0.011238 seconds [static and dynamic dependencies]. Details - ImportResultOutputID=237758457377fac6fe6ef52dabb9e26e DependenciesID=fc23ff9b06688bf013ffa2c0a52f800a StaticDependenciesID=57cc0a265f3dfbc35b5f3892f3177da1 
Number of updated asset objects reloaded before import = 0Number of asset objects unloaded after import = 1

========================================================================
Received Import Request.
  Time since last request: 0.000020 seconds.
  path: Assets/BeatEmUp_GameTemplate3D/Audio/ButtonPress.wav
  importAddress: Guid(3214b3cf7144ab94cad4c53bbb2d1cb9) Importer(2089858483,b0f066a214c2f5e87bad3c948f4d605d)
Start importing Assets/BeatEmUp_GameTemplate3D/Audio/ButtonPress.wav using Guid(3214b3cf7144ab94cad4c53bbb2d1cb9) Importer(2089858483,b0f066a214c2f5e87bad3c948f4d605d) (ScriptedImporter) -> (Import Result ID: 'a438ccb8c6763888417989adf0d6a69d') in 0.0242427 seconds [static and dynamic dependencies]. Details - ImportResultOutputID=1a313afcfbc04f7e42c45e98734a4da9 DependenciesID=08147a5a08a263cf1df19d945e6613a1 StaticDependenciesID=4138af21c3ddf14f7122fbc5033fbe2d 
Number of updated asset objects reloaded before import = 0Number of asset objects unloaded after import = 1

========================================================================
Received Import Request.
  Time since last request: 0.000019 seconds.
  path: Assets/Hovl Studio/Archer skills pack/Textures/Arrow6.png
  importAddress: Guid(b795ce77a23ce3a4e9af98d525b1b6b2) Importer(2089858483,b0f066a214c2f5e87bad3c948f4d605d)
Start importing Assets/Hovl Studio/Archer skills pack/Textures/Arrow6.png using Guid(b795ce77a23ce3a4e9af98d525b1b6b2) Importer(2089858483,b0f066a214c2f5e87bad3c948f4d605d) (ScriptedImporter) -> (Import Result ID: '2958113adb4b29a4a36345e2bac726f7') in 0.0110916 seconds [static and dynamic dependencies]. Details - ImportResultOutputID=a93e436dd358f72452695bb2356226a1 DependenciesID=ba09bdb2dbb42a64d17ea92148a18ef8 StaticDependenciesID=3f60f6433fd17c9e6f00d8ce353a4165 
Number of updated asset objects reloaded before import = 0Number of asset objects unloaded after import = 1

========================================================================
Received Import Request.
  Time since last request: 0.000050 seconds.
  path: Assets/Hovl Studio/DemoAssets/Textures/Noise79.png
  importAddress: Guid(5e787d67706fc6147abc0d340aede873) Importer(2089858483,b0f066a214c2f5e87bad3c948f4d605d)
Start importing Assets/Hovl Studio/DemoAssets/Textures/Noise79.png using Guid(5e787d67706fc6147abc0d340aede873) Importer(2089858483,b0f066a214c2f5e87bad3c948f4d605d) (ScriptedImporter) -> (Import Result ID: '25345b944a21882ed09239afe5ae8b72') in 0.0086125 seconds [static and dynamic dependencies]. Details - ImportResultOutputID=528d7095ab9618af9c07c13ce1c337a6 DependenciesID=b7c9e60e8eb71231e3145169eeca634e StaticDependenciesID=61585fb83f4924cb52654e449791fec8 
Number of updated asset objects reloaded before import = 0Number of asset objects unloaded after import = 1

========================================================================
Received Import Request.
  Time since last request: 0.000016 seconds.
  path: Assets/Hovl Studio/DemoAssets/Textures/Noise53.png
  importAddress: Guid(7d68a918c0765ff46bd6aa7513519399) Importer(2089858483,b0f066a214c2f5e87bad3c948f4d605d)
Start importing Assets/Hovl Studio/DemoAssets/Textures/Noise53.png using Guid(7d68a918c0765ff46bd6aa7513519399) Importer(2089858483,b0f066a214c2f5e87bad3c948f4d605d) (ScriptedImporter) -> (Import Result ID: '0e7ab1909b567c65b8e92cafafd0181e') in 0.0102284 seconds [static and dynamic dependencies]. Details - ImportResultOutputID=6d280d625fe06b9e770ade325bd891ae DependenciesID=69ca0a9d52d6be8d90afe8b148e8155d StaticDependenciesID=1a2de31637c3f651a67e8a50a35fc16d 
Number of updated asset objects reloaded before import = 0Number of asset objects unloaded after import = 1

========================================================================
Received Import Request.
  Time since last request: 0.000035 seconds.
  path: Assets/Plugins/Vefects/Flipbook VFX/Demo/DemoAssets/Textures/Metrics_Grid_Base_Color.TGA
  importAddress: Guid(b6bee30fd5906b44ea3a2721d431678f) Importer(2089858483,b0f066a214c2f5e87bad3c948f4d605d)
Start importing Assets/Plugins/Vefects/Flipbook VFX/Demo/DemoAssets/Textures/Metrics_Grid_Base_Color.TGA using Guid(b6bee30fd5906b44ea3a2721d431678f) Importer(2089858483,b0f066a214c2f5e87bad3c948f4d605d) (ScriptedImporter) -> (Import Result ID: 'e3334df845ae09f0c4e65422edde21cf') in 0.1090717 seconds [static and dynamic dependencies]. Details - ImportResultOutputID=0291ce246963701002b8676ab5253e0b DependenciesID=7b5dfd8d36946bb1ea7a4f5a681f1ba4 StaticDependenciesID=ba2bc63fdccb66db9ca664d8ed0cd71a 
Number of updated asset objects reloaded before import = 0Number of asset objects unloaded after import = 1

========================================================================
Received Import Request.
  Time since last request: 0.000020 seconds.
  path: Assets/Hovl Studio/DemoAssets/Materials/Motion7sc.mat
  importAddress: Guid(26120d0e24128264397785b04359efb9) Importer(2089858483,b0f066a214c2f5e87bad3c948f4d605d)
Start importing Assets/Hovl Studio/DemoAssets/Materials/Motion7sc.mat using Guid(26120d0e24128264397785b04359efb9) Importer(2089858483,b0f066a214c2f5e87bad3c948f4d605d) (ScriptedImporter) -> (Import Result ID: '7bc2a2992adafbf6ce6a1f9506da1fa2') in 0.0165276 seconds [static and dynamic dependencies]. Details - ImportResultOutputID=b7ad5801834126eaa1616c4e2cbe1e33 DependenciesID=883e441e03ba23aba73337653e6287f6 StaticDependenciesID=0d3c5e1b4ec807b5665a4edf9e540b35 
Number of updated asset objects reloaded before import = 0Number of asset objects unloaded after import = 4

========================================================================
Received Import Request.
  Time since last request: 0.000026 seconds.
  path: Assets/Hovl Studio/DemoAssets/Materials/Flare28cg.mat
  importAddress: Guid(bd45cd28e0d0cc742b8561ead1bfd895) Importer(2089858483,b0f066a214c2f5e87bad3c948f4d605d)
Start importing Assets/Hovl Studio/DemoAssets/Materials/Flare28cg.mat using Guid(bd45cd28e0d0cc742b8561ead1bfd895) Importer(2089858483,b0f066a214c2f5e87bad3c948f4d605d) (ScriptedImporter) -> (Import Result ID: '46467c979bb501288a57132c9943ab33') in 0.0205718 seconds [static and dynamic dependencies]. Details - ImportResultOutputID=8b6d498b404363c196501433606224e6 DependenciesID=ca70d2128a00c3f239e86acf9e3f552e StaticDependenciesID=77ef20f00a90c10cdf3cb208cd8aef17 
Number of updated asset objects reloaded before import = 0Number of asset objects unloaded after import = 2

========================================================================
Received Import Request.
  Time since last request: 0.000032 seconds.
  path: Assets/Hovl Studio/DemoAssets/Materials/Rays12bcg.mat
  importAddress: Guid(7407433e6a23dc743bc29716d696cecd) Importer(2089858483,b0f066a214c2f5e87bad3c948f4d605d)
Start importing Assets/Hovl Studio/DemoAssets/Materials/Rays12bcg.mat using Guid(7407433e6a23dc743bc29716d696cecd) Importer(2089858483,b0f066a214c2f5e87bad3c948f4d605d) (ScriptedImporter) -> (Import Result ID: '231ee181c5076da4311a4109bc0b4ae9') in 0.0220047 seconds [static and dynamic dependencies]. Details - ImportResultOutputID=c87e90643539e13daf22b262038255a7 DependenciesID=8efcd00695ff6ab524254ca556aeeac3 StaticDependenciesID=9cbfd9f310c8c4cc399818aef5d948eb 
Number of updated asset objects reloaded before import = 0Number of asset objects unloaded after import = 2

========================================================================
Received Import Request.
  Time since last request: 0.000016 seconds.
  path: Assets/Hovl Studio/Sword slash VFX/Textures/Stone1_Height.png
  importAddress: Guid(932be325a53fd4e448ab08f4325dacd1) Importer(2089858483,b0f066a214c2f5e87bad3c948f4d605d)
Start importing Assets/Hovl Studio/Sword slash VFX/Textures/Stone1_Height.png using Guid(932be325a53fd4e448ab08f4325dacd1) Importer(2089858483,b0f066a214c2f5e87bad3c948f4d605d) (ScriptedImporter) -> (Import Result ID: '868aff1a682d3445bb3439d60de1dfd2') in 0.0094534 seconds [static and dynamic dependencies]. Details - ImportResultOutputID=0073705b7d59a7c1806d4f41838278eb DependenciesID=9309fad7190d3e02dfbda23cf6243524 StaticDependenciesID=0c93afdec80b239bd2af61bcfbd9b4d7 
Number of updated asset objects reloaded before import = 0Number of asset objects unloaded after import = 1

========================================================================
Received Import Request.
  Time since last request: 0.000019 seconds.
  path: Assets/DemoSence/Sets/Pepe/Being Hit/Damage_Critical_Dual_Hit.anim
  importAddress: Guid(aa01adb79aec1d8bfa373f7930b47d9f) Importer(2089858483,b0f066a214c2f5e87bad3c948f4d605d)
Start importing Assets/DemoSence/Sets/Pepe/Being Hit/Damage_Critical_Dual_Hit.anim using Guid(aa01adb79aec1d8bfa373f7930b47d9f) Importer(2089858483,b0f066a214c2f5e87bad3c948f4d605d) (ScriptedImporter) -> (Import Result ID: '09c015118b181a8eb944588df3d707cd') in 0.7130245 seconds [static and dynamic dependencies]. Details - ImportResultOutputID=787df524a80eca7245e9f43af49ee4af DependenciesID=2867c7d48dec04ffb5185b7a894c710d StaticDependenciesID=1567f58974ead041e955bbec747f7360 
Number of updated asset objects reloaded before import = 0Number of asset objects unloaded after import = 1

========================================================================
Received Import Request.
  Time since last request: 0.000018 seconds.
  path: Assets/BeatEmUp_GameTemplate3D/Textures/BananaSource.png
  importAddress: Guid(d919bb04363822346ab5a0006063c30b) Importer(2089858483,b0f066a214c2f5e87bad3c948f4d605d)
Start importing Assets/BeatEmUp_GameTemplate3D/Textures/BananaSource.png using Guid(d919bb04363822346ab5a0006063c30b) Importer(2089858483,b0f066a214c2f5e87bad3c948f4d605d) (ScriptedImporter) -> (Import Result ID: 'b3aca73423d7c6f9f7fc7a56e28676e1') in 0.109279 seconds [static and dynamic dependencies]. Details - ImportResultOutputID=08be058f52992967710fe8b6159fdf16 DependenciesID=0700b09ee8a5471d62811eb37bf18e1b StaticDependenciesID=f27c4dfac7dfdec689a321e660da0f50 
Number of updated asset objects reloaded before import = 0Number of asset objects unloaded after import = 1

========================================================================
Received Import Request.
  Time since last request: 0.000025 seconds.
  path: Assets/Selected/Frank_Damages/Asset/Textures/Frank_Damages_01_Color.PNG
  importAddress: Guid(6a0c37322b635094ead5a7fd186a3b37) Importer(2089858483,b0f066a214c2f5e87bad3c948f4d605d)
Start importing Assets/Selected/Frank_Damages/Asset/Textures/Frank_Damages_01_Color.PNG using Guid(6a0c37322b635094ead5a7fd186a3b37) Importer(2089858483,b0f066a214c2f5e87bad3c948f4d605d) (ScriptedImporter) -> (Import Result ID: 'b73093688389714c118577fe5ed405b3') in 0.0137669 seconds [static and dynamic dependencies]. Details - ImportResultOutputID=22dc7e0437e841c48de565027ebe31ce DependenciesID=e708608293eca59cb9be027f3844a2b3 StaticDependenciesID=82900bea7b69151f692dab823b9cc4f9 
Number of updated asset objects reloaded before import = 0Number of asset objects unloaded after import = 1

========================================================================
Received Import Request.
  Time since last request: 0.000030 seconds.
  path: Assets/Audio/Battle/Clips/Processed/body_fall_THUD_Medium_02_mono.wav
  importAddress: Guid(b3c6865916bbf1f45a30fa4e3f53a463) Importer(2089858483,b0f066a214c2f5e87bad3c948f4d605d)
Start importing Assets/Audio/Battle/Clips/Processed/body_fall_THUD_Medium_02_mono.wav using Guid(b3c6865916bbf1f45a30fa4e3f53a463) Importer(2089858483,b0f066a214c2f5e87bad3c948f4d605d) (ScriptedImporter) -> (Import Result ID: '70f9512d7ca1cea314afd281c4f69575') in 0.0704638 seconds [static and dynamic dependencies]. Details - ImportResultOutputID=daa1002378bc30e9130ec5e512d91341 DependenciesID=4e60d60fd28b7a71cb7c2d9a026abd87 StaticDependenciesID=0d299d45dc535f8be47349f347718c0d 
Number of updated asset objects reloaded before import = 0Number of asset objects unloaded after import = 1

========================================================================
Received Import Request.
  Time since last request: 0.000018 seconds.
  path: Assets/BeatEmUp_GameTemplate3D/Audio/PunchHit2.wav
  importAddress: Guid(db7e04449420ee941b65fba9650034ec) Importer(2089858483,b0f066a214c2f5e87bad3c948f4d605d)
Start importing Assets/BeatEmUp_GameTemplate3D/Audio/PunchHit2.wav using Guid(db7e04449420ee941b65fba9650034ec) Importer(2089858483,b0f066a214c2f5e87bad3c948f4d605d) (ScriptedImporter) -> (Import Result ID: '0d070f89cea3193658d83a4146ff90fc') in 0.103458 seconds [static and dynamic dependencies]. Details - ImportResultOutputID=b488685fb01bd095e21ac7fb68a7c8ff DependenciesID=3c960e100a22d51b10e797fc76520cc5 StaticDependenciesID=7bc297fcb4701f3637e054ab40d5e64b 
Number of updated asset objects reloaded before import = 0Number of asset objects unloaded after import = 1

========================================================================
Received Import Request.
  Time since last request: 0.000031 seconds.
  path: Assets/Hovl Studio/DemoAssets/Materials/Noise43bcg3.mat
  importAddress: Guid(e8c9e942e29b23246874e4f8c3075e7e) Importer(2089858483,b0f066a214c2f5e87bad3c948f4d605d)
Start importing Assets/Hovl Studio/DemoAssets/Materials/Noise43bcg3.mat using Guid(e8c9e942e29b23246874e4f8c3075e7e) Importer(2089858483,b0f066a214c2f5e87bad3c948f4d605d) (ScriptedImporter) -> (Import Result ID: 'c79c3478a03dec018829d46a15b2df67') in 0.0295808 seconds [static and dynamic dependencies]. Details - ImportResultOutputID=78d36b8344c60a0498e24d7c06595340 DependenciesID=50abcf1962784856c4259b6f0d785216 StaticDependenciesID=f09289926519d94ba012005497d6d385 
Number of updated asset objects reloaded before import = 0Number of asset objects unloaded after import = 4

========================================================================
Received Import Request.
  Time since last request: 0.000036 seconds.
  path: Assets/Hovl Studio/DemoAssets/Models/QuadToCircle2.fbx
  importAddress: Guid(f9896acea3a0a684cb936e4f008edaae) Importer(2089858483,b0f066a214c2f5e87bad3c948f4d605d)
Start importing Assets/Hovl Studio/DemoAssets/Models/QuadToCircle2.fbx using Guid(f9896acea3a0a684cb936e4f008edaae) Importer(2089858483,b0f066a214c2f5e87bad3c948f4d605d) (ScriptedImporter) -> (Import Result ID: '91a800f8334107029340d64e14459105') in 0.080069 seconds [static and dynamic dependencies]. Details - ImportResultOutputID=5941f41382461620b906e16bf5dd7e6d DependenciesID=af681d92a835323270e236a976e5171d StaticDependenciesID=8feab24bb2785e006284d34a60f4bdbc 
Number of updated asset objects reloaded before import = 0Number of asset objects unloaded after import = 7

========================================================================
Received Import Request.
  Time since last request: 0.000026 seconds.
  path: Assets/Scripts/Vfx/BattleWeaponTrails.cs
  importAddress: Guid(556185c146228424cb6b5e5693fb0ab9) Importer(2089858483,b0f066a214c2f5e87bad3c948f4d605d)
Start importing Assets/Scripts/Vfx/BattleWeaponTrails.cs using Guid(556185c146228424cb6b5e5693fb0ab9) Importer(2089858483,b0f066a214c2f5e87bad3c948f4d605d) (ScriptedImporter) -> (Import Result ID: '90e1a7962e1eaa8013468181728d6589') in 0.0036675 seconds [static and dynamic dependencies]. Details - ImportResultOutputID=bc635abf9e64244e3bf4e5ac4965e94d DependenciesID=96e093e895913a25fa25e7c4b37ab78d StaticDependenciesID=3a34842d3603ac6f3b55e5a8d73c6584 
Number of updated asset objects reloaded before import = 0Number of asset objects unloaded after import = 0

========================================================================
Received Import Request.
  Time since last request: 0.000016 seconds.
  path: Assets/Hovl Studio/DemoAssets/Materials/Noise84cg2.mat
  importAddress: Guid(51bb2703b8c32de499fe9645551fd568) Importer(2089858483,b0f066a214c2f5e87bad3c948f4d605d)
Start importing Assets/Hovl Studio/DemoAssets/Materials/Noise84cg2.mat using Guid(51bb2703b8c32de499fe9645551fd568) Importer(2089858483,b0f066a214c2f5e87bad3c948f4d605d) (ScriptedImporter) -> (Import Result ID: '31bead7ab784fb82bce0a804811a2cfb') in 0.0233085 seconds [static and dynamic dependencies]. Details - ImportResultOutputID=775a56802459a9baa42e7b684f4e7c82 DependenciesID=93b8f9884650d2c66c298a05c85aa8df StaticDependenciesID=af4ba63856453dffd6fce16cba099bce 
Number of updated asset objects reloaded before import = 0Number of asset objects unloaded after import = 3

========================================================================
Received Import Request.
  Time since last request: 0.000017 seconds.
  path: Assets/Plugins/Vefects/Flipbook VFX/Demo/DemoAssets/PP/Post-process Volume Profile 01.asset
  importAddress: Guid(a77d56ba7197f294ab5fe0556522a808) Importer(2089858483,b0f066a214c2f5e87bad3c948f4d605d)
Start importing Assets/Plugins/Vefects/Flipbook VFX/Demo/DemoAssets/PP/Post-process Volume Profile 01.asset using Guid(a77d56ba7197f294ab5fe0556522a808) Importer(2089858483,b0f066a214c2f5e87bad3c948f4d605d) (ScriptedImporter) -> (Import Result ID: '9bbd793675954b89e2e9aa6e412ae54a') in 0.0502378 seconds [static and dynamic dependencies]. Details - ImportResultOutputID=4b28adcd45bb1575cf1b5ff9906e2002 DependenciesID=7362a5a48d3b6a0682abc9f11542c10d StaticDependenciesID=baf51711d6fd01119ac981bf5bb368ea 
Number of updated asset objects reloaded before import = 0Number of asset objects unloaded after import = 1

========================================================================
Received Import Request.
  Time since last request: 0.000022 seconds.
  path: Assets/Audio/Battle/Clips/Processed/metal_clash_SWORD_Hit_Sword_RR1_mono.wav
  importAddress: Guid(54b8ec5af23da054a995a7d2d5cc4aca) Importer(2089858483,b0f066a214c2f5e87bad3c948f4d605d)
Start importing Assets/Audio/Battle/Clips/Processed/metal_clash_SWORD_Hit_Sword_RR1_mono.wav using Guid(54b8ec5af23da054a995a7d2d5cc4aca) Importer(2089858483,b0f066a214c2f5e87bad3c948f4d605d) (ScriptedImporter) -> (Import Result ID: 'fac844d1039e27984a1b26cc5ce54508') in 0.0528444 seconds [static and dynamic dependencies]. Details - ImportResultOutputID=b39fc528c68e93875d4ebda1ff7c3868 DependenciesID=78f1e284c8aa070499078467ce3a5891 StaticDependenciesID=938674d96042068e4ca06fedc313e034 
Number of updated asset objects reloaded before import = 0Number of asset objects unloaded after import = 1

========================================================================
Received Import Request.
  Time since last request: 0.000018 seconds.
  path: Assets/BeatEmUp_GameTemplate3D/Textures/DefendEffect.png
  importAddress: Guid(3de704ea89d955d42820a07e340203cf) Importer(2089858483,b0f066a214c2f5e87bad3c948f4d605d)
Start importing Assets/BeatEmUp_GameTemplate3D/Textures/DefendEffect.png using Guid(3de704ea89d955d42820a07e340203cf) Importer(2089858483,b0f066a214c2f5e87bad3c948f4d605d) (ScriptedImporter) -> (Import Result ID: '0870a5d7448e0d9f2ea15d6fb8783b47') in 0.0276748 seconds [static and dynamic dependencies]. Details - ImportResultOutputID=1505c5b3a7738e657e6c777adf4862e5 DependenciesID=94c5bce6a5805c48b699109ffef5b65f StaticDependenciesID=b2e7d22b07f8b879e0633da46d9a06f0 
Number of updated asset objects reloaded before import = 0Number of asset objects unloaded after import = 1

========================================================================
Received Import Request.
  Time since last request: 0.000019 seconds.
  path: Assets/BeatEmUp_GameTemplate3D/Environment/Models/Stairs.FBX
  importAddress: Guid(6ef892a4b78c3dd47b1dc163b3b0c26a) Importer(2089858483,b0f066a214c2f5e87bad3c948f4d605d)
Start importing Assets/BeatEmUp_GameTemplate3D/Environment/Models/Stairs.FBX using Guid(6ef892a4b78c3dd47b1dc163b3b0c26a) Importer(2089858483,b0f066a214c2f5e87bad3c948f4d605d) (ScriptedImporter) -> (Import Result ID: '042f6629ee8a622fa2f07687444edd98') in 0.0105704 seconds [static and dynamic dependencies]. Details - ImportResultOutputID=d18d88d52b684e173527d12975d8c5d7 DependenciesID=3794c3898663bb2e1fdb1486e3d438bc StaticDependenciesID=44a97f876131a98de843c7fec4f823c8 
Number of updated asset objects reloaded before import = 0Number of asset objects unloaded after import = 7

========================================================================
Received Import Request.
  Time since last request: 0.000016 seconds.
  path: Assets/Mankeys_sushishop/textures/Monkey_diff_texture0.png
  importAddress: Guid(fb2be11e70654f844a3d59bde30435ba) Importer(2089858483,b0f066a214c2f5e87bad3c948f4d605d)
Start importing Assets/Mankeys_sushishop/textures/Monkey_diff_texture0.png using Guid(fb2be11e70654f844a3d59bde30435ba) Importer(2089858483,b0f066a214c2f5e87bad3c948f4d605d) (ScriptedImporter) -> (Import Result ID: '833d91d57d4bebebdf5d3d0a440fbf22') in 0.0729835 seconds [static and dynamic dependencies]. Details - ImportResultOutputID=4d6ab3271ebbf33fee6d6cfffe2f83a4 DependenciesID=028c5af0d22d2689630b8fe390b955bf StaticDependenciesID=5d8fbc565546f974e343e59bf5b86233 
Number of updated asset objects reloaded before import = 0Number of asset objects unloaded after import = 1

========================================================================
Received Import Request.
  Time since last request: 0.000025 seconds.
  path: Assets/Hovl Studio/DemoAssets/Materials/TwoSides29.mat
  importAddress: Guid(df73f51e6f495884aa75c395e89c4753) Importer(2089858483,b0f066a214c2f5e87bad3c948f4d605d)
Start importing Assets/Hovl Studio/DemoAssets/Materials/TwoSides29.mat using Guid(df73f51e6f495884aa75c395e89c4753) Importer(2089858483,b0f066a214c2f5e87bad3c948f4d605d) (ScriptedImporter) -> (Import Result ID: '9509a316eaea218709f099a9a1b99045') in 0.0331408 seconds [static and dynamic dependencies]. Details - ImportResultOutputID=9edce56b2e88031f5ad2b26f4bb82d78 DependenciesID=73d9b10ec45ccea6ae500f1d9791237e StaticDependenciesID=878c2c7247a1df52d060872bd3a0b508 
Number of updated asset objects reloaded before import = 0Number of asset objects unloaded after import = 3

========================================================================
Received Import Request.
  Time since last request: 0.000018 seconds.
  path: Assets/Audio/Battle/Clips/Processed/getup_FABRIC_Movement_Short_RR1_mono.wav
  importAddress: Guid(70dadeb75246c914bbb53b26adad1959) Importer(2089858483,b0f066a214c2f5e87bad3c948f4d605d)
Start importing Assets/Audio/Battle/Clips/Processed/getup_FABRIC_Movement_Short_RR1_mono.wav using Guid(70dadeb75246c914bbb53b26adad1959) Importer(2089858483,b0f066a214c2f5e87bad3c948f4d605d) (ScriptedImporter) -> (Import Result ID: 'f8e3a802a4f044fe0a367ee9550d6806') in 0.1145324 seconds [static and dynamic dependencies]. Details - ImportResultOutputID=3fddee7793d7dc8447ba03a07957ce8b DependenciesID=b47adb541ca3a0da8cbe4e4a1154b45b StaticDependenciesID=25d0c88044955fdd98e34aa7d37fffa8 
Number of updated asset objects reloaded before import = 0Number of asset objects unloaded after import = 1

========================================================================
Received Import Request.
  Time since last request: 0.000033 seconds.
  path: Assets/Hovl Studio/DemoAssets/Materials/Aura16bcg.mat
  importAddress: Guid(2691ffe7852dfa44da20d9e0651e7327) Importer(2089858483,b0f066a214c2f5e87bad3c948f4d605d)
Start importing Assets/Hovl Studio/DemoAssets/Materials/Aura16bcg.mat using Guid(2691ffe7852dfa44da20d9e0651e7327) Importer(2089858483,b0f066a214c2f5e87bad3c948f4d605d) (ScriptedImporter) -> (Import Result ID: 'b43cf1061e4cb68ddef00c303e3d514b') in 0.0129657 seconds [static and dynamic dependencies]. Details - ImportResultOutputID=03f0c52178edf3f2d4fe6f3f33a46a11 DependenciesID=01625f3d5fe1205afc8537282b2d87bf StaticDependenciesID=c9da49f8288591aa979035067791ae36 
Number of updated asset objects reloaded before import = 0Number of asset objects unloaded after import = 2

========================================================================
Received Import Request.
  Time since last request: 0.000025 seconds.
  path: Assets/Hovl Studio/DemoAssets/Textures/Flare6.png
  importAddress: Guid(fb60f4826d03c644c80d10aace44bfcb) Importer(2089858483,b0f066a214c2f5e87bad3c948f4d605d)
Start importing Assets/Hovl Studio/DemoAssets/Textures/Flare6.png using Guid(fb60f4826d03c644c80d10aace44bfcb) Importer(2089858483,b0f066a214c2f5e87bad3c948f4d605d) (ScriptedImporter) -> (Import Result ID: '5020bb8aa21df068033b909e7e3b16f8') in 0.079268 seconds [static and dynamic dependencies]. Details - ImportResultOutputID=9492466853e7e4552378ca3d3baf12ac DependenciesID=f93c5b910e278db8b2a8296058ead980 StaticDependenciesID=089292a872890afe66f7df77c88cc23c 
Number of updated asset objects reloaded before import = 0Number of asset objects unloaded after import = 1

========================================================================
Received Import Request.
  Time since last request: 0.000025 seconds.
  path: Assets/DemoSence/Sets/Pepe/Being Hit/Damage_Critical_2Handed_Hit.anim
  importAddress: Guid(d0ce6f3fc511d507b93b0a229c02337e) Importer(2089858483,b0f066a214c2f5e87bad3c948f4d605d)
Start importing Assets/DemoSence/Sets/Pepe/Being Hit/Damage_Critical_2Handed_Hit.anim using Guid(d0ce6f3fc511d507b93b0a229c02337e) Importer(2089858483,b0f066a214c2f5e87bad3c948f4d605d) (ScriptedImporter) -> (Import Result ID: '8b33d8c11c8cec54b338af3cfe6cfa40') in 0.6090524 seconds [static and dynamic dependencies]. Details - ImportResultOutputID=a24bf4bbf40f70a86c30dbb93883029f DependenciesID=b69ca63e4caebbd99e6ee05aa7829fb7 StaticDependenciesID=51512ce7eb7e4568a22bf9c76a0e19fc 
Number of updated asset objects reloaded before import = 0Number of asset objects unloaded after import = 1

========================================================================
Received Import Request.
  Time since last request: 358.847220 seconds.
  path: Assets/Scenes/LoadingScene.unity
  importAddress: Guid(e5a449757bd3a054aa9632cd8657844f) Importer(2089858483,b0f066a214c2f5e87bad3c948f4d605d)
Start importing Assets/Scenes/LoadingScene.unity using Guid(e5a449757bd3a054aa9632cd8657844f) Importer(2089858483,b0f066a214c2f5e87bad3c948f4d605d) (ScriptedImporter) -> (Import Result ID: '35f9f406dc44406cb85e62fb9409de39') in 0.0042941 seconds [static and dynamic dependencies]. Details - ImportResultOutputID=861b03085f79a7fd729c0554e6865c64 DependenciesID=92b3188464e8e95a7475ef092abfb417 StaticDependenciesID=9b81b3aba8c41ed9c0b48b5e4cbada5d 
Number of updated asset objects reloaded before import = 0Number of asset objects unloaded after import = 1

