[Licensing::Module] Trying to connect to existing licensing client channel...
Built from '6000.4/staging' branch; Version is '6000.4.0f1 (8cf496087c8f) revision 9237654'; Using compiler version '194234433'; Build Type 'Release'
OS: 'Windows 10  (10.0.19045) 64bit Professional' Language: 'en' Physical Memory: 16342 MB
[Licensing::IpcConnector] Successfully connected to: "LicenseClient-LNc" at "2026-10-06T08:21:09.8063864Z"
BatchMode: 1, IsHumanControllingUs: 0, StartBugReporterOnCrash: 0, Is64bit: 1
System  architecture: x64
Process architecture: x64
Date: 2026-10-06T08:21:09Z

COMMAND LINE ARGUMENTS:
D:\Unity Hub\6000.4.0f1\Editor\Unity.exe
-adb2
-batchMode
-noUpm
-name
AssetImportWorker1
-projectPath
D:/Unity/ZeroSpace
-logFile
Logs/AssetImportWorker1.log
-srvPort
58754
-licensingIpc
LicenseClient-LNc
-force-d3d12
-job-worker-count
3
-background-job-worker-count
8
-gc-helper-count
1
-name
AssetImport
Successfully changed project path to: D:/Unity/ZeroSpace
D:/Unity/ZeroSpace
[UnityMemory] Configuration Parameters - Can be set up in boot.config
    "memorysetup-temp-allocator-size-gi-baking-worker=262144"
    "memorysetup-temp-allocator-size-gi-baking-worker=262144"
    "memorysetup-temp-allocator-size-gi-baking-worker=262144"
    "memorysetup-temp-allocator-size-gi-baking-worker=262144"
    "memorysetup-temp-allocator-size-gi-baking-worker=262144"
    "memorysetup-temp-allocator-size-nav-mesh-worker=65536"
    "memorysetup-temp-allocator-size-audio-worker=65536"
    "memorysetup-temp-allocator-size-cloud-worker=32768"
    "memorysetup-temp-allocator-size-gfx=262144"
    "memorysetup-temp-allocator-size-preload-manager=33554432"
    "memorysetup-temp-allocator-size-job-worker=262144"
    "memorysetup-temp-allocator-size-background-worker=32768"
    "memorysetup-allocator-temp-initial-block-size-main=262144"
    "memorysetup-allocator-temp-initial-block-size-worker=262144"
    "memorysetup-bucket-allocator-granularity=16"
    "memorysetup-bucket-allocator-bucket-count=8"
    "memorysetup-bucket-allocator-block-size=33554432"
    "memorysetup-bucket-allocator-block-count=8"
    "memorysetup-main-allocator-block-size=16777216"
    "memorysetup-thread-allocator-block-size=16777216"
    "memorysetup-gfx-main-allocator-block-size=16777216"
    "memorysetup-gfx-thread-allocator-block-size=16777216"
    "memorysetup-cache-allocator-block-size=4194304"
    "memorysetup-typetree-allocator-block-size=2097152"
    "memorysetup-profiler-bucket-allocator-granularity=16"
    "memorysetup-profiler-bucket-allocator-bucket-count=8"
    "memorysetup-profiler-bucket-allocator-block-size=33554432"
    "memorysetup-profiler-bucket-allocator-block-count=8"
    "memorysetup-profiler-allocator-block-size=16777216"
    "memorysetup-profiler-editor-allocator-block-size=1048576"
    "memorysetup-temp-allocator-size-main=16777216"
    "memorysetup-job-temp-allocator-block-size=2097152"
    "memorysetup-job-temp-allocator-block-size-background=1048576"
    "memorysetup-job-temp-allocator-reduction-small-platforms=262144"
Player connection [9244]  Target information:

Player connection [9244]  * "[IP] 192.168.1.197 [Port] 0 [Flags] 2 [Guid] 2790146753 [EditorId] 2790146753 [Version] 1048832 [Id] WindowsEditor(7,Admin-PC) [Debug] 1 [PackageName] WindowsEditor [ProjectName] Editor" 

Player connection [9244] Host joined multi-casting on [225.0.0.222:54997]...
Player connection [9244] Host joined alternative multi-casting on [225.0.0.222:34997]...
JobSystem: Creating JobQueue using job-worker-count value 3
Input System module state changed to: Initialized.
[Physics::Module] Initialized fallback backend.
[Physics::Module] Id: 0xdecafbad
Library Redirect Path: Library/
[Physics::Module] Selected backend.
[Physics::Module] Name: PhysX
[Physics::Module] Id: 0xf2b8ea05
[Physics::Module] SDK Version: 4.1.2
[Physics::Module] Integration Version: 1.0.0
[Physics::Module] Threading Mode: Multi-Threaded
Refreshing native plugins compatible for Editor in 30.19 ms, found 3 plugins.
Preloading 1 native plugins for Editor in 3.28 ms.
Initialize engine version: 6000.4.0f1 (8cf496087c8f)
[Subsystems] Discovering subsystems at path D:/Unity Hub/6000.4.0f1/Editor/Data/Resources/UnitySubsystems
[Subsystems] Discovering subsystems at path D:/Unity/ZeroSpace/Assets
Forcing GfxDevice: Direct3D 12
GfxDevice: creating device client; kGfxThreadingModeNonThreaded
d3d12: failed to query info queue interface (0x80004002).
Direct3D:
    Version:         Direct3D 12 [level 12.0]
    Renderer:        Radeon RX 570 Series (ID=0x67df)
    Vendor:          ATI
    VRAM:            8170 MB
    App VRAM Budget: 7402 MB
    Driver:          31.0.12027.9001
Initialize mono
Mono path[0] = 'D:/Unity Hub/6000.4.0f1/Editor/Data/Managed'
Mono path[1] = 'D:/Unity Hub/6000.4.0f1/Editor/Data/MonoBleedingEdge/lib/mono/unityjit-win32'
Mono config path = 'D:/Unity Hub/6000.4.0f1/Editor/Data/MonoBleedingEdge/etc'
Using monoOptions --debugger-agent=transport=dt_socket,embedding=1,server=y,suspend=n,address=127.0.0.1:56008
[Licensing::Client] Error: HandshakeResponse reported an error:
	ResponseCode: 505
	ResponseStatus: Unsupported protocol version '1.18.1'.
[Licensing::Module] Error: Failed to handshake to channel: "LicenseClient-LNc"
[Licensing::IpcConnector] LicenseClient-LNc channel disconnected successfully.
[Licensing::IpcConnector] Successfully connected to: "LicenseClient-LNc-6000.4.0" at "2026-10-06T08:21:11.6142363Z"
CodeReloadManager initialized
Begin MonoManager ReloadAssembly
Registering precompiled unity dll's ...
Register platform support module: D:/Unity Hub/6000.4.0f1/Editor/Data/PlaybackEngines/WebGLSupport/UnityEditor.WebGL.Extensions.dll
Register platform support module: D:/Unity Hub/6000.4.0f1/Editor/Data/PlaybackEngines/WindowsStandaloneSupport/UnityEditor.WindowsStandalone.Extensions.dll
[Licensing::Module] Licensing is not yet initialized.
[Licensing::Client] Handshaking with LicensingClient:
  Version:                 1.18.1+9fbee8e
  Session Id:              6a5999ed37d8453d8c59af129d109980
  Correlation Id:          a59fe1b3cc18588ad72c851f095ee4a6
  External correlation Id: 3445691881436696023
  Machine Id:              D//OoLKoUgDAEkYtcQeoIJaj21c=
[Licensing::Module] Successfully connected to LicensingClient on channel: "LicenseClient-LNc-6000.4.0" (connect: 0.00s, validation: 0.00s, handshake: 1.56s)
[Licensing::IpcConnector] Successfully connected to: "LicenseClient-LNc-6000.4.0-notifications" at "2026-10-06T08:21:13.1719882Z"
[Licensing::Module] Licensing Background thread has ended after 3.37s
[Licensing::Module] Licensing is initialized (took 1.19s).
[Licensing::Client] Successfully resolved entitlement details
[Licensing::Module] License group:
  Id: F4-XVMT-CJ6Z-JURQ-AUDZ-XXXX
  Product: Unity Personal
  Type: ULF
  Expiration: 2026-11-12T09:18:01Z
[Licensing::Module] License group:
  Id: 18968444397990-UnityPersXXXX
  Product: Unity Personal
  Type: Assigned
  Expiration: Unlimited
Register platform support module: D:/Unity Hub/6000.4.0f1/Editor/Data/PlaybackEngines/AndroidPlayer/UnityEditor.Android.Extensions.dll
Registered in 1.197371 seconds.
Native extension for Android target not found
Android Extension - Scanning For ADB Devices 283 ms
Native extension for WindowsStandalone target not found
Native extension for WebGL target not found
Package Manager log level set to [2]
[Package Manager] Failed to launch server process. Reason: Unity was launched with the -noUpm command-line argument
[Package Manager] Unable to send message (not connected to server process).
[Package Manager] Cannot connect to Unity Package Manager local server
ScheduleIndexationOnStartup MainProcess:False IndexOnStartup:True
Mono: successfully reloaded assembly
- Finished resetting the current domain, in  0.858 seconds
Domain Reload Profiling: 2704ms
	BeginReloadAssembly (174ms)
	RebuildCommonClasses (61ms)
	RebuildNativeTypeToScriptingClass (23ms)
	initialDomainReloadingComplete (1279ms)
	LoadAllAssembliesAndSetupDomain (308ms)
		LoadAssemblies (174ms)
		AnalyzeDomain (293ms)
			TypeCache.Refresh (292ms)
				TypeCache.ScanAssembly (274ms)
	FinalizeReload (859ms)
		SetupLoadedEditorAssemblies (0ms)
			InitializePlatformSupportModulesInManaged (403ms)
			BeforeProcessingInitializeOnLoad (130ms)
			ProcessInitializeOnLoadAttributes (142ms)
			ProcessInitializeOnLoadMethodAttributes (100ms)
========================================================================
Worker process is ready to serve import requests
Import Worker Mode flag is 0x00
Begin MonoManager ReloadAssembly
[Licensing::Client] Successfully resolved entitlement details
[Licensing::Module] License group:
  Id: F4-XVMT-CJ6Z-JURQ-AUDZ-XXXX
  Product: Unity Personal
  Type: ULF
  Expiration: 2026-11-12T09:18:01Z
[Licensing::Module] License group:
  Id: 18968444397990-UnityPersXXXX
  Product: Unity Personal
  Type: Assigned
  Expiration: Unlimited
Assembly Assembly-CSharp-Editor-firstpass.dll at Library/ScriptAssemblies/Assembly-CSharp-Editor-firstpass.dll not valid. Loading of assembly skipped.
Assembly TestNewCustomAssembly.dll at Library/ScriptAssemblies/TestNewCustomAssembly.dll not valid. Loading of assembly skipped.
Assembly Unity.2D.Sprite.Package.EditorTests.dll at Library/ScriptAssemblies/Unity.2D.Sprite.Package.EditorTests.dll not valid. Loading of assembly skipped.
Assembly Unity.AI.Assistant.Integrations.Sample.Editor.dll at Library/ScriptAssemblies/Unity.AI.Assistant.Integrations.Sample.Editor.dll not valid. Loading of assembly skipped.
Assembly Unity.Analytics.DataPrivacy.Tests.dll at Library/ScriptAssemblies/Unity.Analytics.DataPrivacy.Tests.dll not valid. Loading of assembly skipped.
Assembly Unity.Analytics.StandardEvents.EditorTests.dll at Library/ScriptAssemblies/Unity.Analytics.StandardEvents.EditorTests.dll not valid. Loading of assembly skipped.
Assembly Unity.AppUI.Editor.Tests.dll at Library/ScriptAssemblies/Unity.AppUI.Editor.Tests.dll not valid. Loading of assembly skipped.
Assembly Unity.AppUI.Tests.dll at Library/ScriptAssemblies/Unity.AppUI.Tests.dll not valid. Loading of assembly skipped.
Assembly Unity.Collections.BurstCompatibilityGen.dll at Library/ScriptAssemblies/Unity.Collections.BurstCompatibilityGen.dll not valid. Loading of assembly skipped.
Assembly Unity.Collections.DocCodeSamples.dll at Library/ScriptAssemblies/Unity.Collections.DocCodeSamples.dll not valid. Loading of assembly skipped.
Assembly Unity.Collections.PerformanceTests.dll at Library/ScriptAssemblies/Unity.Collections.PerformanceTests.dll not valid. Loading of assembly skipped.
Assembly Unity.Collections.Tests.dll at Library/ScriptAssemblies/Unity.Collections.Tests.dll not valid. Loading of assembly skipped.
Assembly Unity.Collections.Tests.Playmode.dll at Library/ScriptAssemblies/Unity.Collections.Tests.Playmode.dll not valid. Loading of assembly skipped.
Assembly Unity.Mathematics.Tests.dll at Library/ScriptAssemblies/Unity.Mathematics.Tests.dll not valid. Loading of assembly skipped.
Assembly Unity.Multiplayer.Center.Editor.Tests.dll at Library/ScriptAssemblies/Unity.Multiplayer.Center.Editor.Tests.dll not valid. Loading of assembly skipped.
Assembly Unity.Multiplayer.Center.Tests.dll at Library/ScriptAssemblies/Unity.Multiplayer.Center.Tests.dll not valid. Loading of assembly skipped.
Assembly Unity.Nuget.Mono-Cecil.dll at Library/ScriptAssemblies/Unity.Nuget.Mono-Cecil.dll not valid. Loading of assembly skipped.
Assembly Unity.Purchasing.Apple.dll at Library/ScriptAssemblies/Unity.Purchasing.Apple.dll not valid. Loading of assembly skipped.
Assembly Unity.Purchasing.AppleMacos.dll at Library/ScriptAssemblies/Unity.Purchasing.AppleMacos.dll not valid. Loading of assembly skipped.
Assembly Unity.Purchasing.Security.dll at Library/ScriptAssemblies/Unity.Purchasing.Security.dll not valid. Loading of assembly skipped.
Assembly Unity.Purchasing.TransactionVerifier.dll at Library/ScriptAssemblies/Unity.Purchasing.TransactionVerifier.dll not valid. Loading of assembly skipped.
Assembly Unity.TextMeshPro.Editor.Tests.dll at Library/ScriptAssemblies/Unity.TextMeshPro.Editor.Tests.dll not valid. Loading of assembly skipped.
Assembly Unity.TextMeshPro.Tests.dll at Library/ScriptAssemblies/Unity.TextMeshPro.Tests.dll not valid. Loading of assembly skipped.
Assembly UnityEditor.Purchasing.Authoring.dll at Library/ScriptAssemblies/UnityEditor.Purchasing.Authoring.dll not valid. Loading of assembly skipped.
Assembly UnityEditor.Purchasing.Editor.Authoring.Core.dll at Library/ScriptAssemblies/UnityEditor.Purchasing.Editor.Authoring.Core.dll not valid. Loading of assembly skipped.
Assembly UnityEditor.UI.Common.Tests.dll at Library/ScriptAssemblies/UnityEditor.UI.Common.Tests.dll not valid. Loading of assembly skipped.
Assembly UnityEditor.UI.EditorTests.dll at Library/ScriptAssemblies/UnityEditor.UI.EditorTests.dll not valid. Loading of assembly skipped.
Assembly UnityEngine.Advertisements.Editor.Tests.dll at Library/ScriptAssemblies/UnityEngine.Advertisements.Editor.Tests.dll not valid. Loading of assembly skipped.
Assembly UnityEngine.Advertisements.Tests.dll at Library/ScriptAssemblies/UnityEngine.Advertisements.Tests.dll not valid. Loading of assembly skipped.
Assembly UnityEngine.UI.Tests.dll at Library/ScriptAssemblies/UnityEngine.UI.Tests.dll not valid. Loading of assembly skipped.
Symbol file LoadedFromMemory is not a mono symbol file
Symbol file LoadedFromMemory is not a mono symbol file
Refreshing native plugins compatible for Editor in 7.70 ms, found 3 plugins.
Native extension for Android target not found
Native extension for WindowsStandalone target not found
Native extension for WebGL target not found
[Package Manager] Failed to launch server process. Reason: Unity was launched with the -noUpm command-line argument
[Package Manager] Unable to send message (not connected to server process).
[Package Manager] Cannot connect to Unity Package Manager local server
Refreshing native plugins compatible for Editor in 13.05 ms, found 3 plugins.
[Licensing::Client] Error: Code 404 while processing request (status: Found 0 entitlement groups and 0 free entitlements matching requested entitlement ids)
ScheduleIndexationOnStartup MainProcess:False IndexOnStartup:True
Mono: successfully reloaded assembly
- Finished resetting the current domain, in  2.248 seconds
Domain Reload Profiling: 3599ms
	BeginReloadAssembly (238ms)
		DisableScriptedObjects (10ms)
		CreateAndSetChildDomain (38ms)
	RebuildCommonClasses (50ms)
	RebuildNativeTypeToScriptingClass (18ms)
	initialDomainReloadingComplete (109ms)
	LoadAllAssembliesAndSetupDomain (935ms)
		LoadAssemblies (500ms)
		AnalyzeDomain (555ms)
			TypeCache.Refresh (457ms)
				TypeCache.ScanAssembly (423ms)
			BuildScriptInfoCaches (83ms)
			ResolveRequiredComponents (11ms)
	FinalizeReload (2248ms)
		SetupLoadedEditorAssemblies (0ms)
			InitializePlatformSupportModulesInManaged (17ms)
			BeforeProcessingInitializeOnLoad (287ms)
			ProcessInitializeOnLoadAttributes (1303ms)
			ProcessInitializeOnLoadMethodAttributes (428ms)
			AfterProcessingInitializeOnLoad (4ms)
		AwakeInstancesAfterBackupRestoration (10ms)
WARNING: Shader Unsupported: 'Hidden/TerrainEngine/Splatmap/Standard-Base' - All subshaders removed
WARNING: Shader Did you use #pragma only_renderers and omit this platform?
WARNING: Shader If subshaders removal was intentional, you may have forgotten turning Fallback off?
WARNING: Shader Unsupported: 'FlatKit/Terrain' - All subshaders removed
WARNING: Shader Did you use #pragma only_renderers and omit this platform?
WARNING: Shader If subshaders removal was intentional, you may have forgotten turning Fallback off?
Launched and connected shader compiler UnityShaderCompiler.exe after 0.01 seconds
Refreshing native plugins compatible for Editor in 9.07 ms, found 3 plugins.
Unloading 46 Unused Serialized files (Serialized files now loaded: 0)
Unloading 7572 unused Assets / (92.1 MB). Loaded Objects now: 8299.
Memory consumption went from 411.2 MB to 319.0 MB.
Total: 33.663500 ms (FindLiveObjects: 0.905800 ms CreateObjectMapping: 1.438900 ms MarkObjects: 18.264600 ms  DeleteObjects: 13.051400 ms)

========================================================================
Received Import Request.
  Time since last request: 194136.871699 seconds.
  path: Assets/Asstes/FightingUnityChan_Asset10/DemoAssets/Prefabs
  importAddress: Guid(56a35b30fa1f8d845918ff653c3feaa9) Importer(2089858483,b0f066a214c2f5e87bad3c948f4d605d)
Start importing Assets/Asstes/FightingUnityChan_Asset10/DemoAssets/Prefabs using Guid(56a35b30fa1f8d845918ff653c3feaa9) Importer(2089858483,b0f066a214c2f5e87bad3c948f4d605d) (ScriptedImporter) -> (Import Result ID: '617635ba88dda051c36ddb2982afb56c') in 0.2085722 seconds [static and dynamic dependencies]. Details - ImportResultOutputID=e276d31b167f7ff6b0fbf55ae4307bf0 DependenciesID=191fe37f659744d0ccc68b7f2288c8f2 StaticDependenciesID=ccebe63708e4ccae19c7fe15bc5840a9 
Number of updated asset objects reloaded before import = 0Number of asset objects unloaded after import = 1

========================================================================
Received Import Request.
  Time since last request: 0.000030 seconds.
  path: Assets/Hovl Studio/Sword slash VFX/Textures/Gradient3r.png
  importAddress: Guid(ed3a5efebe958ba429d350e04f14d1ab) Importer(2089858483,b0f066a214c2f5e87bad3c948f4d605d)
Start importing Assets/Hovl Studio/Sword slash VFX/Textures/Gradient3r.png using Guid(ed3a5efebe958ba429d350e04f14d1ab) Importer(2089858483,b0f066a214c2f5e87bad3c948f4d605d) (ScriptedImporter) -> (Import Result ID: '60205df364ba090c05539c3ae01e5f4f') in 0.1432646 seconds [static and dynamic dependencies]. Details - ImportResultOutputID=4bc1dc48a27d416183d6f00db805f797 DependenciesID=dd4df4786058731b1867a826715cd30f StaticDependenciesID=26d3d4faef94e7d623a89bf8d32f3a1a 
Number of updated asset objects reloaded before import = 0Number of asset objects unloaded after import = 1

========================================================================
Received Import Request.
  Time since last request: 0.000046 seconds.
  path: Assets/Selected/Frank_Damages/Asset/Textures/Frank_Damages_01_normal.png
  importAddress: Guid(7faafb23c0b1b3447a4a594fcced6f6a) Importer(2089858483,b0f066a214c2f5e87bad3c948f4d605d)
Start importing Assets/Selected/Frank_Damages/Asset/Textures/Frank_Damages_01_normal.png using Guid(7faafb23c0b1b3447a4a594fcced6f6a) Importer(2089858483,b0f066a214c2f5e87bad3c948f4d605d) (ScriptedImporter) -> (Import Result ID: 'b1cb5113f79b016ded9697574257e41a') in 0.1043267 seconds [static and dynamic dependencies]. Details - ImportResultOutputID=7fee9a190d43c6f84bcf8a230498b631 DependenciesID=b42a9548eec88940f7a197ed08fd519a StaticDependenciesID=4b9d2581d5dee3685d90926257c8bc23 
Number of updated asset objects reloaded before import = 0Number of asset objects unloaded after import = 1

========================================================================
Received Import Request.
  Time since last request: 0.000035 seconds.
  path: Assets/DemoSence/Sets/Mankey/Hit/Damage_Critical_Warrior.anim
  importAddress: Guid(704a3636bd202b4a8a22c98bc3ff67e3) Importer(2089858483,b0f066a214c2f5e87bad3c948f4d605d)
Start importing Assets/DemoSence/Sets/Mankey/Hit/Damage_Critical_Warrior.anim using Guid(704a3636bd202b4a8a22c98bc3ff67e3) Importer(2089858483,b0f066a214c2f5e87bad3c948f4d605d) (ScriptedImporter) -> (Import Result ID: 'be9ccab63a41a8da9231817366e69429') in 0.8198189 seconds [static and dynamic dependencies]. Details - ImportResultOutputID=a8bff7f64100c1cc3482e652d89271ad DependenciesID=856078bdaf2b6aefe006f325fc8fa953 StaticDependenciesID=e3fa62eaa0a57ed8fa20336350e3a564 
Number of updated asset objects reloaded before import = 0Number of asset objects unloaded after import = 1

========================================================================
Received Import Request.
  Time since last request: 0.000024 seconds.
  path: Assets/JMO Assets/Cartoon FX Remaster/CFXR Assets/Graphics/cfxr debris 3x3 normal.png
  importAddress: Guid(89e84656724ca9045bb4f742113d74be) Importer(2089858483,b0f066a214c2f5e87bad3c948f4d605d)
Start importing Assets/JMO Assets/Cartoon FX Remaster/CFXR Assets/Graphics/cfxr debris 3x3 normal.png using Guid(89e84656724ca9045bb4f742113d74be) Importer(2089858483,b0f066a214c2f5e87bad3c948f4d605d) (ScriptedImporter) -> (Import Result ID: '7c3d6c48926083041fe34752b1b7a8a3') in 0.0280794 seconds [static and dynamic dependencies]. Details - ImportResultOutputID=f81d7dad19cecffdb84f943598b8356b DependenciesID=43a44ae431acf810fef473f9fe2787e4 StaticDependenciesID=15d4e9fa00a6cd4243ec7b62bb67f1bd 
Number of updated asset objects reloaded before import = 0Number of asset objects unloaded after import = 1

========================================================================
Received Import Request.
  Time since last request: 0.000043 seconds.
  path: Assets/DemoSence/Sets/Pepe/Being Hit/Damage_Critical_Assassin_Hit.anim
  importAddress: Guid(bc06abf1e92694a14a3ffae80be7bc78) Importer(2089858483,b0f066a214c2f5e87bad3c948f4d605d)
Start importing Assets/DemoSence/Sets/Pepe/Being Hit/Damage_Critical_Assassin_Hit.anim using Guid(bc06abf1e92694a14a3ffae80be7bc78) Importer(2089858483,b0f066a214c2f5e87bad3c948f4d605d) (ScriptedImporter) -> (Import Result ID: '7623ab20f75baae05d0bcb1821418d60') in 0.5609843 seconds [static and dynamic dependencies]. Details - ImportResultOutputID=93d3c4de784fb2635b1c87595f8886c6 DependenciesID=23167b1557a414d3d793b697961bcc75 StaticDependenciesID=48fd7ddb826dd0206e4e97c0172d6f6c 
Number of updated asset objects reloaded before import = 0Number of asset objects unloaded after import = 1

========================================================================
Received Import Request.
  Time since last request: 0.000035 seconds.
  path: Assets/BeatEmUp_GameTemplate3D/Textures/PavementTile.png
  importAddress: Guid(85cb125adec5558408e9e368fdf99337) Importer(2089858483,b0f066a214c2f5e87bad3c948f4d605d)
Start importing Assets/BeatEmUp_GameTemplate3D/Textures/PavementTile.png using Guid(85cb125adec5558408e9e368fdf99337) Importer(2089858483,b0f066a214c2f5e87bad3c948f4d605d) (ScriptedImporter) -> (Import Result ID: 'f2d1162804901d3a6b7be3bc2f373ee1') in 0.0205144 seconds [static and dynamic dependencies]. Details - ImportResultOutputID=b8057947fc178cb92b218e6e469acd45 DependenciesID=cc1a653b4eadcc638ae8be576eea5a2e StaticDependenciesID=d6f24ae385a3f729d615bb1a4660f5a2 
Number of updated asset objects reloaded before import = 0Number of asset objects unloaded after import = 1

========================================================================
Received Import Request.
  Time since last request: 0.000015 seconds.
  path: Assets/ErbGameArt/Sword slash FX/Textures/Trail62.png
  importAddress: Guid(af1e6e52a00618a4e88aec68732ef946) Importer(2089858483,b0f066a214c2f5e87bad3c948f4d605d)
Start importing Assets/ErbGameArt/Sword slash FX/Textures/Trail62.png using Guid(af1e6e52a00618a4e88aec68732ef946) Importer(2089858483,b0f066a214c2f5e87bad3c948f4d605d) (ScriptedImporter) -> (Import Result ID: '3442a69c5f3751b41aab8db5d21030e9') in 0.0147001 seconds [static and dynamic dependencies]. Details - ImportResultOutputID=5916ef0d54107bbd04f413d107e1ed4d DependenciesID=a5c820df1814c2b7f3fefc038bb1cfc1 StaticDependenciesID=b6aa8ab03b1144794b4b9f6ded3bfe64 
Number of updated asset objects reloaded before import = 0Number of asset objects unloaded after import = 1

========================================================================
Received Import Request.
  Time since last request: 0.000016 seconds.
  path: Assets/Scripts/Core/GameManager.cs
  importAddress: Guid(c086e837cf728c3479649d1d55c9dbff) Importer(2089858483,b0f066a214c2f5e87bad3c948f4d605d)
Start importing Assets/Scripts/Core/GameManager.cs using Guid(c086e837cf728c3479649d1d55c9dbff) Importer(2089858483,b0f066a214c2f5e87bad3c948f4d605d) (ScriptedImporter) -> (Import Result ID: '5c6bea8cf0730b124514cfdf29d9603d') in 0.0199318 seconds [static and dynamic dependencies]. Details - ImportResultOutputID=e650690c4f2a8851df94c89059b3fd80 DependenciesID=dc748054ae19993c9e12ab99a64ac0b3 StaticDependenciesID=b7bdaea7698277b77f3f62efc4e9040e 
Number of updated asset objects reloaded before import = 0Number of asset objects unloaded after import = 0

========================================================================
Received Import Request.
  Time since last request: 0.000041 seconds.
  path: Assets/DemoSence/Sets/Pepe/Being Hit/Damage_Critical_Spear_Hit.anim
  importAddress: Guid(8adc83af964f26c6c811c3b7615a9531) Importer(2089858483,b0f066a214c2f5e87bad3c948f4d605d)
Start importing Assets/DemoSence/Sets/Pepe/Being Hit/Damage_Critical_Spear_Hit.anim using Guid(8adc83af964f26c6c811c3b7615a9531) Importer(2089858483,b0f066a214c2f5e87bad3c948f4d605d) (ScriptedImporter) -> (Import Result ID: '61d2565b5d8989a75d578768431c5d34') in 0.6881133 seconds [static and dynamic dependencies]. Details - ImportResultOutputID=a2bc0e87731ad317334dd07c87c642cb DependenciesID=0d5fdfe1ab633d3c78e397733d4ba898 StaticDependenciesID=3a5e39a961e5ac9f0e4ffaa45ea56f7b 
Number of updated asset objects reloaded before import = 0Number of asset objects unloaded after import = 1

========================================================================
Received Import Request.
  Time since last request: 0.000028 seconds.
  path: Assets/Hovl Studio/DemoAssets/Scripts/HS_TargetProjectile.cs
  importAddress: Guid(e24cfb966f425fa47bfec1667489bb42) Importer(2089858483,b0f066a214c2f5e87bad3c948f4d605d)
Start importing Assets/Hovl Studio/DemoAssets/Scripts/HS_TargetProjectile.cs using Guid(e24cfb966f425fa47bfec1667489bb42) Importer(2089858483,b0f066a214c2f5e87bad3c948f4d605d) (ScriptedImporter) -> (Import Result ID: '99145d9ac5ccdd46ac301a88948f02d8') in 0.0030785 seconds [static and dynamic dependencies]. Details - ImportResultOutputID=14370b8be6476bb95830018eea95bdf1 DependenciesID=f945681fcce7457360544d1f345f53f1 StaticDependenciesID=0e0f020482fdea36d935476f8ca368b7 
Number of updated asset objects reloaded before import = 0Number of asset objects unloaded after import = 0

========================================================================
Received Import Request.
  Time since last request: 0.000058 seconds.
  path: Assets/DemoSence/Sets/Mankey/Being Hit/Damage_Critical_Warrior_Hit.anim
  importAddress: Guid(815993e08bc1e7bc6ad4c04db31399c9) Importer(2089858483,b0f066a214c2f5e87bad3c948f4d605d)
Start importing Assets/DemoSence/Sets/Mankey/Being Hit/Damage_Critical_Warrior_Hit.anim using Guid(815993e08bc1e7bc6ad4c04db31399c9) Importer(2089858483,b0f066a214c2f5e87bad3c948f4d605d) (ScriptedImporter) -> (Import Result ID: '013acbd588bc93c4d47ebfcd2cee2372') in 0.5275154 seconds [static and dynamic dependencies]. Details - ImportResultOutputID=e23f83a437f165219ee82c4b433dc271 DependenciesID=fcfaf84ffab80f86d02d1613c9a35e82 StaticDependenciesID=cb5caf30e8cbf7c4942bd56f4b129fd7 
Number of updated asset objects reloaded before import = 0Number of asset objects unloaded after import = 1

========================================================================
Received Import Request.
  Time since last request: 0.000113 seconds.
  path: Assets/Hovl Studio/Sword slash VFX/Textures/Gradient9.png
  importAddress: Guid(e505e649e0a8d5045985b89a5176bdc5) Importer(2089858483,b0f066a214c2f5e87bad3c948f4d605d)
Start importing Assets/Hovl Studio/Sword slash VFX/Textures/Gradient9.png using Guid(e505e649e0a8d5045985b89a5176bdc5) Importer(2089858483,b0f066a214c2f5e87bad3c948f4d605d) (ScriptedImporter) -> (Import Result ID: '44b002c4e7f8819acb3f02d87785a379') in 0.0112507 seconds [static and dynamic dependencies]. Details - ImportResultOutputID=cb2c1ff9b398736b06c24109678230a2 DependenciesID=de6cf0c19140ba53b3e35b7b5a90393f StaticDependenciesID=c6587f66fd362c758ed41a31939738bb 
Number of updated asset objects reloaded before import = 0Number of asset objects unloaded after import = 1

========================================================================
Received Import Request.
  Time since last request: 0.000019 seconds.
  path: Assets/DemoSence/Sets/Mankey/Hit/Damage_Critical_Katana.anim
  importAddress: Guid(6b18ba42872719f6c9bc12b0c3f51ade) Importer(2089858483,b0f066a214c2f5e87bad3c948f4d605d)
Start importing Assets/DemoSence/Sets/Mankey/Hit/Damage_Critical_Katana.anim using Guid(6b18ba42872719f6c9bc12b0c3f51ade) Importer(2089858483,b0f066a214c2f5e87bad3c948f4d605d) (ScriptedImporter) -> (Import Result ID: '6910faca2db298e80283759eb3c8c41f') in 0.6226667 seconds [static and dynamic dependencies]. Details - ImportResultOutputID=3d681c35c345bd32dc4f48dce71626f7 DependenciesID=cee1dc10b5661ef72fef79d165aa8fcb StaticDependenciesID=bc9abd587b6edb35bc89aff6b1163b44 
Number of updated asset objects reloaded before import = 0Number of asset objects unloaded after import = 1

========================================================================
Received Import Request.
  Time since last request: 0.000017 seconds.
  path: Assets/Plugins/Vefects/Flipbook VFX/Demo/DemoAssets
  importAddress: Guid(16d1c543c8999124f8f567fd6faebd91) Importer(2089858483,b0f066a214c2f5e87bad3c948f4d605d)
Start importing Assets/Plugins/Vefects/Flipbook VFX/Demo/DemoAssets using Guid(16d1c543c8999124f8f567fd6faebd91) Importer(2089858483,b0f066a214c2f5e87bad3c948f4d605d) (ScriptedImporter) -> (Import Result ID: '6177755c1d2da22b1bf957af9ad6d11d') in 0.0031513 seconds [static and dynamic dependencies]. Details - ImportResultOutputID=dc8dc93b5e6c918d6793dd11f7eb88fe DependenciesID=42ec0d7d8332ec3ceb800ad92a199ea3 StaticDependenciesID=d6f46ff0d336fe552809d222d91b5c3c 
Number of updated asset objects reloaded before import = 0Number of asset objects unloaded after import = 1

========================================================================
Received Import Request.
  Time since last request: 0.000042 seconds.
  path: Assets/Hovl Studio/Sword slash VFX/Textures/Noise28.png
  importAddress: Guid(04a40b50e9e63ed43af8af28f2ba4f86) Importer(2089858483,b0f066a214c2f5e87bad3c948f4d605d)
Start importing Assets/Hovl Studio/Sword slash VFX/Textures/Noise28.png using Guid(04a40b50e9e63ed43af8af28f2ba4f86) Importer(2089858483,b0f066a214c2f5e87bad3c948f4d605d) (ScriptedImporter) -> (Import Result ID: '217ccb69c75a36ec938173c876afa88f') in 0.0285801 seconds [static and dynamic dependencies]. Details - ImportResultOutputID=32ff90d0068aead32870fa59e07fbdb3 DependenciesID=e0b8177752df2db5172bb52a8ac1d9de StaticDependenciesID=509057200d211da0459829e4f7d99339 
Number of updated asset objects reloaded before import = 0Number of asset objects unloaded after import = 1

========================================================================
Received Import Request.
  Time since last request: 0.000022 seconds.
  path: Assets/Plugins/Vefects/Flipbook VFX/Demo/DemoAssets/Textures
  importAddress: Guid(8a45058ea90024e42ae981d4800064cd) Importer(2089858483,b0f066a214c2f5e87bad3c948f4d605d)
Start importing Assets/Plugins/Vefects/Flipbook VFX/Demo/DemoAssets/Textures using Guid(8a45058ea90024e42ae981d4800064cd) Importer(2089858483,b0f066a214c2f5e87bad3c948f4d605d) (ScriptedImporter) -> (Import Result ID: '5717d503cbd4fa1fbd1a77689599fef3') in 0.0037899 seconds [static and dynamic dependencies]. Details - ImportResultOutputID=c00920787e956cece313593b33b857b1 DependenciesID=d4ac864c7d22ac023e270d9bd070fad0 StaticDependenciesID=457d86147c7f80aa2c076f921d4aa4bb 
Number of updated asset objects reloaded before import = 0Number of asset objects unloaded after import = 1

========================================================================
Received Import Request.
  Time since last request: 0.000045 seconds.
  path: Assets/StreamingAssets/ZeroSpace/socket.io.min.js
  importAddress: Guid(dfad0ada0cbcdd141b53831903cf4517) Importer(2089858483,b0f066a214c2f5e87bad3c948f4d605d)
Start importing Assets/StreamingAssets/ZeroSpace/socket.io.min.js using Guid(dfad0ada0cbcdd141b53831903cf4517) Importer(2089858483,b0f066a214c2f5e87bad3c948f4d605d) (ScriptedImporter) -> (Import Result ID: 'edbc33d96f3a08cfed5282739de17e9a') in 0.0029827 seconds [static and dynamic dependencies]. Details - ImportResultOutputID=6c155db0cbfd116ffaa30db179a1f95a DependenciesID=9356cdf0acdad16f089c8c9f5602f037 StaticDependenciesID=32d41b099d792c8fe58a121a97ed980e 
Number of updated asset objects reloaded before import = 0Number of asset objects unloaded after import = 1

========================================================================
Received Import Request.
  Time since last request: 0.000016 seconds.
  path: Assets/Hovl Studio/DemoAssets/Scripts/For demo scenes/HS_CameraShaker.cs
  importAddress: Guid(c9da73e1bfedb57418eb344344877d2f) Importer(2089858483,b0f066a214c2f5e87bad3c948f4d605d)
Start importing Assets/Hovl Studio/DemoAssets/Scripts/For demo scenes/HS_CameraShaker.cs using Guid(c9da73e1bfedb57418eb344344877d2f) Importer(2089858483,b0f066a214c2f5e87bad3c948f4d605d) (ScriptedImporter) -> (Import Result ID: '7f84ea730f9702ddcdfa64b7b98747d4') in 0.003213 seconds [static and dynamic dependencies]. Details - ImportResultOutputID=154512315ef537b66ccdda949f1da3ea DependenciesID=083de19bbe193de8ee07ccf1749d54d0 StaticDependenciesID=5ef7b736bc0a1e6ffd4b5cbefafeb1df 
Number of updated asset objects reloaded before import = 0Number of asset objects unloaded after import = 0

========================================================================
Received Import Request.
  Time since last request: 0.000167 seconds.
  path: Assets/DemoSence/Sets/Pepe/Being Hit/Damage_Critical_Warrior_Hit2.anim
  importAddress: Guid(0bf36a47ad0088c1a9ce5d12100dcdb1) Importer(2089858483,b0f066a214c2f5e87bad3c948f4d605d)
Start importing Assets/DemoSence/Sets/Pepe/Being Hit/Damage_Critical_Warrior_Hit2.anim using Guid(0bf36a47ad0088c1a9ce5d12100dcdb1) Importer(2089858483,b0f066a214c2f5e87bad3c948f4d605d) (ScriptedImporter) -> (Import Result ID: 'e77b59995f1f8b0107116e0df3ede3fa') in 0.5834706 seconds [static and dynamic dependencies]. Details - ImportResultOutputID=15fa5895d2c2ca53f10af815cd3915f7 DependenciesID=d811217ddc947be0f17ee0fc7fea782e StaticDependenciesID=b02eb3297bf2d1356c878a581e652831 
Number of updated asset objects reloaded before import = 0Number of asset objects unloaded after import = 1

========================================================================
Received Import Request.
  Time since last request: 0.000025 seconds.
  path: Assets/DemoSence/Sets/Pepe/Hit/Damage_Critical_Dual.anim
  importAddress: Guid(1ad3d996a0d19d8e6a467d4df0bbfb72) Importer(2089858483,b0f066a214c2f5e87bad3c948f4d605d)
Start importing Assets/DemoSence/Sets/Pepe/Hit/Damage_Critical_Dual.anim using Guid(1ad3d996a0d19d8e6a467d4df0bbfb72) Importer(2089858483,b0f066a214c2f5e87bad3c948f4d605d) (ScriptedImporter) -> (Import Result ID: '7003e4078e3e6d72c01cc5ac869b88b9') in 0.8381038 seconds [static and dynamic dependencies]. Details - ImportResultOutputID=19c4518e1039aed94a8f32e54a8d3139 DependenciesID=365f449b042f57c97017eb5b1c45c871 StaticDependenciesID=ddc8268f26ba4261af213dd66012e9bd 
Number of updated asset objects reloaded before import = 0Number of asset objects unloaded after import = 1

========================================================================
Received Import Request.
  Time since last request: 0.000028 seconds.
  path: Assets/Hovl Studio/Sword slash VFX/Textures/Leave9.png
  importAddress: Guid(714ca6ba37347454badc381af0beb3f1) Importer(2089858483,b0f066a214c2f5e87bad3c948f4d605d)
Start importing Assets/Hovl Studio/Sword slash VFX/Textures/Leave9.png using Guid(714ca6ba37347454badc381af0beb3f1) Importer(2089858483,b0f066a214c2f5e87bad3c948f4d605d) (ScriptedImporter) -> (Import Result ID: '1cc41895168298db751630db28f29e29') in 0.026447 seconds [static and dynamic dependencies]. Details - ImportResultOutputID=ce97f5a1379ae847e4373300225503db DependenciesID=ae5018e9c3bbfb52167e7882b3bb9050 StaticDependenciesID=85b4cfb34c57d7e7229c8eb532724bfd 
Number of updated asset objects reloaded before import = 0Number of asset objects unloaded after import = 1

========================================================================
Received Import Request.
  Time since last request: 0.000017 seconds.
  path: Assets/Hovl Studio/Sword slash VFX/Textures/Noise43b.png
  importAddress: Guid(3e788240fc1a09e4894a2a7c99e70249) Importer(2089858483,b0f066a214c2f5e87bad3c948f4d605d)
Start importing Assets/Hovl Studio/Sword slash VFX/Textures/Noise43b.png using Guid(3e788240fc1a09e4894a2a7c99e70249) Importer(2089858483,b0f066a214c2f5e87bad3c948f4d605d) (ScriptedImporter) -> (Import Result ID: '6d8f4cfe53592666a222c876865b4212') in 0.0310784 seconds [static and dynamic dependencies]. Details - ImportResultOutputID=4425e0bdb567ff2d749c8d4a08836eb1 DependenciesID=3b6936eb5a253f525bbddc4fcd1d30ad StaticDependenciesID=faaf31b551cb1467dec9d3959a1d7e2b 
Number of updated asset objects reloaded before import = 0Number of asset objects unloaded after import = 1

========================================================================
Received Import Request.
  Time since last request: 0.000036 seconds.
  path: Assets/Hovl Studio/DemoAssets/Textures
  importAddress: Guid(f4080b7bd0373a443b0c0665cecfc5f5) Importer(2089858483,b0f066a214c2f5e87bad3c948f4d605d)
Start importing Assets/Hovl Studio/DemoAssets/Textures using Guid(f4080b7bd0373a443b0c0665cecfc5f5) Importer(2089858483,b0f066a214c2f5e87bad3c948f4d605d) (ScriptedImporter) -> (Import Result ID: '872e11ea9b2cbeebe212ba762051df37') in 0.0196753 seconds [static and dynamic dependencies]. Details - ImportResultOutputID=ed1ad224a1651890f5467cf7b69f0ac8 DependenciesID=753aa4eb14ddbb6f3abeb01ffd541440 StaticDependenciesID=2c9bc847f0defc1eed1528c5385e2c4c 
Number of updated asset objects reloaded before import = 0Number of asset objects unloaded after import = 1

========================================================================
Received Import Request.
  Time since last request: 0.000036 seconds.
  path: Assets/BeatEmUp_GameTemplate3D/Environment/Models/Building02.FBX
  importAddress: Guid(1e2f2bb94c718ea4d98c7901a78928fc) Importer(2089858483,b0f066a214c2f5e87bad3c948f4d605d)
Start importing Assets/BeatEmUp_GameTemplate3D/Environment/Models/Building02.FBX using Guid(1e2f2bb94c718ea4d98c7901a78928fc) Importer(2089858483,b0f066a214c2f5e87bad3c948f4d605d) (ScriptedImporter) -> (Import Result ID: '9ccedb8920581db1e1f34cd7ca5f4ac1') in 0.1262763 seconds [static and dynamic dependencies]. Details - ImportResultOutputID=73b54d5739fdfb0f0b710f6851d8a697 DependenciesID=a15c4a3a6d442e70f00a5856a4db778c StaticDependenciesID=dbb45b3ffa36d9c1ecb20e61c7bcb953 
Number of updated asset objects reloaded before import = 0Number of asset objects unloaded after import = 7

========================================================================
Received Import Request.
  Time since last request: 0.000018 seconds.
  path: Assets/BeatEmUp_GameTemplate3D/Textures/Road_D-A.tga
  importAddress: Guid(2206940265b5f7f479f100cedafc1d97) Importer(2089858483,b0f066a214c2f5e87bad3c948f4d605d)
Start importing Assets/BeatEmUp_GameTemplate3D/Textures/Road_D-A.tga using Guid(2206940265b5f7f479f100cedafc1d97) Importer(2089858483,b0f066a214c2f5e87bad3c948f4d605d) (ScriptedImporter) -> (Import Result ID: '0b9bc0c5be9a4da9f09f80a62722f15f') in 0.0298183 seconds [static and dynamic dependencies]. Details - ImportResultOutputID=bc61aa65c86619163ff4abf354d2a3e0 DependenciesID=01e40aa34c99335c62d147c115b57243 StaticDependenciesID=0eaedadd0af912e3bb1c27ec6bc6d9d1 
Number of updated asset objects reloaded before import = 0Number of asset objects unloaded after import = 1

========================================================================
Received Import Request.
  Time since last request: 0.000031 seconds.
  path: Assets/DemoSence/Sets/Mankey/Being Hit/Damage_Critical_2Handed_Hit.anim
  importAddress: Guid(1ad661b136b91122291ed51469b56be9) Importer(2089858483,b0f066a214c2f5e87bad3c948f4d605d)
Start importing Assets/DemoSence/Sets/Mankey/Being Hit/Damage_Critical_2Handed_Hit.anim using Guid(1ad661b136b91122291ed51469b56be9) Importer(2089858483,b0f066a214c2f5e87bad3c948f4d605d) (ScriptedImporter) -> (Import Result ID: 'e675c7804cbe64b59897b315a707f9a5') in 0.5999156 seconds [static and dynamic dependencies]. Details - ImportResultOutputID=dcacc4687e3352e699f6b475bd633e1a DependenciesID=ea1e036361e1cd8bc251a2faee90068e StaticDependenciesID=5f4aa9d19f1e5bce231bb6127498d93c 
Number of updated asset objects reloaded before import = 0Number of asset objects unloaded after import = 1

========================================================================
Received Import Request.
  Time since last request: 0.000018 seconds.
  path: Assets/Audio/Battle/Clips/Processed/light_hit_IMPACT_Generic_08_mono.wav
  importAddress: Guid(04da29931e0846445b2614b4589b8451) Importer(2089858483,b0f066a214c2f5e87bad3c948f4d605d)
Start importing Assets/Audio/Battle/Clips/Processed/light_hit_IMPACT_Generic_08_mono.wav using Guid(04da29931e0846445b2614b4589b8451) Importer(2089858483,b0f066a214c2f5e87bad3c948f4d605d) (ScriptedImporter) -> (Import Result ID: '5a50223e73d875dd857a78c52391c506') in 0.1143911 seconds [static and dynamic dependencies]. Details - ImportResultOutputID=5d277e78eb7d25d2284ecedb12a1da7e DependenciesID=e70bd7d9c605ffef8182e1ed8cc33734 StaticDependenciesID=feebbcb130ae1e9c0e98f229efa469a3 
Number of updated asset objects reloaded before import = 0Number of asset objects unloaded after import = 1

========================================================================
Received Import Request.
  Time since last request: 0.000023 seconds.
  path: Assets/BeatEmUp_GameTemplate3D/Textures/Building01_LightMap.png
  importAddress: Guid(299ffe0446145154189f3c1b79bb2d74) Importer(2089858483,b0f066a214c2f5e87bad3c948f4d605d)
Start importing Assets/BeatEmUp_GameTemplate3D/Textures/Building01_LightMap.png using Guid(299ffe0446145154189f3c1b79bb2d74) Importer(2089858483,b0f066a214c2f5e87bad3c948f4d605d) (ScriptedImporter) -> (Import Result ID: '1640d2014a6f13408b47707d1ca26a86') in 0.0616122 seconds [static and dynamic dependencies]. Details - ImportResultOutputID=c6fd2dead0ad00be4b28b2bee5bdcb2c DependenciesID=441ef45e36f6bf431e445c8e78af7660 StaticDependenciesID=ce340b183e6d6ed96f8a31eba7e0402d 
Number of updated asset objects reloaded before import = 0Number of asset objects unloaded after import = 1

========================================================================
Received Import Request.
  Time since last request: 0.000030 seconds.
  path: Assets/Scripts/Network/WebGLSocketIO.cs
  importAddress: Guid(be1b5c908b5e6354fae0ee4ccd514353) Importer(2089858483,b0f066a214c2f5e87bad3c948f4d605d)
Start importing Assets/Scripts/Network/WebGLSocketIO.cs using Guid(be1b5c908b5e6354fae0ee4ccd514353) Importer(2089858483,b0f066a214c2f5e87bad3c948f4d605d) (ScriptedImporter) -> (Import Result ID: '1191aa90492b21e6b7ff13fb5f598b7c') in 0.0056204 seconds [static and dynamic dependencies]. Details - ImportResultOutputID=7e1735474c38f9ab7054114be4e1abf9 DependenciesID=484090686019e8f11566cc6ed9a889f0 StaticDependenciesID=716234faa6759a8f96c5f379c79fb190 
Number of updated asset objects reloaded before import = 0Number of asset objects unloaded after import = 0

========================================================================
Received Import Request.
  Time since last request: 0.000063 seconds.
  path: Assets/Hovl Studio/Sword slash VFX/Textures/Motion12.png
  importAddress: Guid(56ddb4ae9f30170448a77c2e596a8e61) Importer(2089858483,b0f066a214c2f5e87bad3c948f4d605d)
Start importing Assets/Hovl Studio/Sword slash VFX/Textures/Motion12.png using Guid(56ddb4ae9f30170448a77c2e596a8e61) Importer(2089858483,b0f066a214c2f5e87bad3c948f4d605d) (ScriptedImporter) -> (Import Result ID: '146f2bab4a0425e92586021ebc19d091') in 0.0332491 seconds [static and dynamic dependencies]. Details - ImportResultOutputID=326d76f42e292b4e7bc313b6a958134d DependenciesID=b1ad37946b0a9eda2e78ab8a8d10f30c StaticDependenciesID=7d79ed710a8a6d29e18d87c4f64ea030 
Number of updated asset objects reloaded before import = 0Number of asset objects unloaded after import = 1

========================================================================
Received Import Request.
  Time since last request: 0.000015 seconds.
  path: Assets/Hovl Studio/Sword slash VFX/Textures/Noise35t.png
  importAddress: Guid(beea0694d337e23449c7d21e4dfef1cb) Importer(2089858483,b0f066a214c2f5e87bad3c948f4d605d)
Start importing Assets/Hovl Studio/Sword slash VFX/Textures/Noise35t.png using Guid(beea0694d337e23449c7d21e4dfef1cb) Importer(2089858483,b0f066a214c2f5e87bad3c948f4d605d) (ScriptedImporter) -> (Import Result ID: '36741a0d7d214c1b83fe07a8d4151f7d') in 0.1364262 seconds [static and dynamic dependencies]. Details - ImportResultOutputID=0c46e406531a02004578eeacdee5b231 DependenciesID=f3c133327417f1724c59df97167cd739 StaticDependenciesID=080183570448bfefe2714fc295817adb 
Number of updated asset objects reloaded before import = 0Number of asset objects unloaded after import = 1

========================================================================
Received Import Request.
  Time since last request: 0.000019 seconds.
  path: Assets/ErbGameArt/Sword slash FX/Textures/Waves21.png
  importAddress: Guid(593a84d3537a8d94a8db032cf167ea36) Importer(2089858483,b0f066a214c2f5e87bad3c948f4d605d)
Start importing Assets/ErbGameArt/Sword slash FX/Textures/Waves21.png using Guid(593a84d3537a8d94a8db032cf167ea36) Importer(2089858483,b0f066a214c2f5e87bad3c948f4d605d) (ScriptedImporter) -> (Import Result ID: 'f5dc332a37602e2961db4e6aeb58f2a5') in 0.0634242 seconds [static and dynamic dependencies]. Details - ImportResultOutputID=7c8b9789f4d524826f507c433fb43513 DependenciesID=339d327589840b396e3a6988672cd294 StaticDependenciesID=dbba00ed5826909a4a48e7b638036c73 
Number of updated asset objects reloaded before import = 0Number of asset objects unloaded after import = 1

========================================================================
Received Import Request.
  Time since last request: 0.000042 seconds.
  path: Assets/Plugins/Vefects/Flipbook VFX/Demo/DemoAssets/Materials
  importAddress: Guid(2cfa46e1c86a16f4b9759ce889b0b2d3) Importer(2089858483,b0f066a214c2f5e87bad3c948f4d605d)
Start importing Assets/Plugins/Vefects/Flipbook VFX/Demo/DemoAssets/Materials using Guid(2cfa46e1c86a16f4b9759ce889b0b2d3) Importer(2089858483,b0f066a214c2f5e87bad3c948f4d605d) (ScriptedImporter) -> (Import Result ID: 'cd06a36a01110de0531f51fe73352186') in 0.1330336 seconds [static and dynamic dependencies]. Details - ImportResultOutputID=ec13320afdda42171dd1ae3ef1e448d5 DependenciesID=057748c5b3641ccc44c8a2cf1b585a74 StaticDependenciesID=20315db2ca1da9eb5d6eb65469ce6332 
Number of updated asset objects reloaded before import = 0Number of asset objects unloaded after import = 1

========================================================================
Received Import Request.
  Time since last request: 0.000034 seconds.
  path: Assets/BeatEmUp_GameTemplate3D/Audio/PunchHit6.wav
  importAddress: Guid(01fa383d172acce46adb08508c605b8d) Importer(2089858483,b0f066a214c2f5e87bad3c948f4d605d)
Start importing Assets/BeatEmUp_GameTemplate3D/Audio/PunchHit6.wav using Guid(01fa383d172acce46adb08508c605b8d) Importer(2089858483,b0f066a214c2f5e87bad3c948f4d605d) (ScriptedImporter) -> (Import Result ID: '343c4ff776ed26c45d2afbcb882e32f7') in 0.0543263 seconds [static and dynamic dependencies]. Details - ImportResultOutputID=e8f2877fb806a975fedd811c546b4cf5 DependenciesID=ca98341f542afeaeb54217e78fdb15e0 StaticDependenciesID=f1e9868a105ab84caf84a804e533f6e4 
Number of updated asset objects reloaded before import = 0Number of asset objects unloaded after import = 1

========================================================================
Received Import Request.
  Time since last request: 0.000015 seconds.
  path: Assets/Audio/Battle/Clips/Processed/heavy_swing_WHOOSH_Deep_Smooth_01_mono.wav
  importAddress: Guid(9b44249aa8890524785a394bdbf7c15c) Importer(2089858483,b0f066a214c2f5e87bad3c948f4d605d)
Start importing Assets/Audio/Battle/Clips/Processed/heavy_swing_WHOOSH_Deep_Smooth_01_mono.wav using Guid(9b44249aa8890524785a394bdbf7c15c) Importer(2089858483,b0f066a214c2f5e87bad3c948f4d605d) (ScriptedImporter) -> (Import Result ID: 'b87ec0205a2445fea02188fa024769e4') in 0.0575104 seconds [static and dynamic dependencies]. Details - ImportResultOutputID=31280d9a50a801ae17edcbbf98c28594 DependenciesID=839512b9cbaf1f74fd9f8888e1ea3fe9 StaticDependenciesID=7773f40f42c8dc1ed02a1693572a5cb7 
Number of updated asset objects reloaded before import = 0Number of asset objects unloaded after import = 1

========================================================================
Received Import Request.
  Time since last request: 0.000022 seconds.
  path: Assets/BeatEmUp_GameTemplate3D/Audio/PunchHit5.wav
  importAddress: Guid(39e91a04593f4b04da688edb16a16282) Importer(2089858483,b0f066a214c2f5e87bad3c948f4d605d)
Start importing Assets/BeatEmUp_GameTemplate3D/Audio/PunchHit5.wav using Guid(39e91a04593f4b04da688edb16a16282) Importer(2089858483,b0f066a214c2f5e87bad3c948f4d605d) (ScriptedImporter) -> (Import Result ID: '608f9b9f4c5b51f33555c7ca266db510') in 0.0658987 seconds [static and dynamic dependencies]. Details - ImportResultOutputID=b2731c71eef545477f9f8f585f962fab DependenciesID=3163cf05c5e7bafb669ae50c68543c15 StaticDependenciesID=7255f83737ba36b0f9b7ee152daa434c 
Number of updated asset objects reloaded before import = 0Number of asset objects unloaded after import = 1

========================================================================
Received Import Request.
  Time since last request: 0.000023 seconds.
  path: Assets/Audio/Battle/Clips/Processed/heavy_swing_WHOOSH_Deep_Smooth_02_mono.wav
  importAddress: Guid(7ce6c4d525cf9d2479d23bbe77a9d1f6) Importer(2089858483,b0f066a214c2f5e87bad3c948f4d605d)
Start importing Assets/Audio/Battle/Clips/Processed/heavy_swing_WHOOSH_Deep_Smooth_02_mono.wav using Guid(7ce6c4d525cf9d2479d23bbe77a9d1f6) Importer(2089858483,b0f066a214c2f5e87bad3c948f4d605d) (ScriptedImporter) -> (Import Result ID: '8804d71a60eb4c611451cdde7c028c90') in 0.0519883 seconds [static and dynamic dependencies]. Details - ImportResultOutputID=ed2ea76019530d683e5194e061adfc96 DependenciesID=4a819af2bfbade9d185f856126ab24d1 StaticDependenciesID=b474e23baeadab6e8397d57b86192ff0 
Number of updated asset objects reloaded before import = 0Number of asset objects unloaded after import = 1

========================================================================
Received Import Request.
  Time since last request: 0.000016 seconds.
  path: Assets/BeatEmUp_GameTemplate3D/Environment/Models/TrashProps.FBX
  importAddress: Guid(56a9e5d3ec4e1d045ad05d326d5980ef) Importer(2089858483,b0f066a214c2f5e87bad3c948f4d605d)
Start importing Assets/BeatEmUp_GameTemplate3D/Environment/Models/TrashProps.FBX using Guid(56a9e5d3ec4e1d045ad05d326d5980ef) Importer(2089858483,b0f066a214c2f5e87bad3c948f4d605d) (ScriptedImporter) -> (Import Result ID: '540150eebcfde13d83a30766a0916875') in 0.0594252 seconds [static and dynamic dependencies]. Details - ImportResultOutputID=e52543636f630f8665776fcb9027971f DependenciesID=6df391089f6d85c84cdc3dc1af8bc07f StaticDependenciesID=363e33820a6c6c60a8551718d2fe10be 
Number of updated asset objects reloaded before import = 0Number of asset objects unloaded after import = 64

========================================================================
Received Import Request.
  Time since last request: 0.000015 seconds.
  path: Assets/DemoSence/Sets/Pepe/Hit/Damage_Critical_Assassin.anim
  importAddress: Guid(db89ee44446186752998141b56ca836a) Importer(2089858483,b0f066a214c2f5e87bad3c948f4d605d)
Start importing Assets/DemoSence/Sets/Pepe/Hit/Damage_Critical_Assassin.anim using Guid(db89ee44446186752998141b56ca836a) Importer(2089858483,b0f066a214c2f5e87bad3c948f4d605d) (ScriptedImporter) -> (Import Result ID: '0ac79d30161ef0287400b017398913b0') in 0.6146033 seconds [static and dynamic dependencies]. Details - ImportResultOutputID=f446118102f10c506c53a1b27e9a31c6 DependenciesID=a303b755c6602221dd4246b86f2c2699 StaticDependenciesID=e828cccbf374ad99243279ed2f08f8a6 
Number of updated asset objects reloaded before import = 0Number of asset objects unloaded after import = 1

========================================================================
Received Import Request.
  Time since last request: 0.000017 seconds.
  path: Assets/Audio/Battle/Clips/Processed/body_fall_THUD_Medium_01_mono.wav
  importAddress: Guid(18f116a1dddafde449a53113a2339024) Importer(2089858483,b0f066a214c2f5e87bad3c948f4d605d)
Start importing Assets/Audio/Battle/Clips/Processed/body_fall_THUD_Medium_01_mono.wav using Guid(18f116a1dddafde449a53113a2339024) Importer(2089858483,b0f066a214c2f5e87bad3c948f4d605d) (ScriptedImporter) -> (Import Result ID: 'ca0b938c0dff7805806fd1f4ab16273c') in 0.1685287 seconds [static and dynamic dependencies]. Details - ImportResultOutputID=14bb037ac0222c84de5d61bbd1981b33 DependenciesID=d059587092c6882634282ab2c6192c5e StaticDependenciesID=17ba8dc8f3308e9f6451aa81671faa65 
Number of updated asset objects reloaded before import = 0Number of asset objects unloaded after import = 1

========================================================================
Received Import Request.
  Time since last request: 0.000084 seconds.
  path: Assets/BeatEmUp_GameTemplate3D/Audio/Footstep4.wav
  importAddress: Guid(8b2a3e572b7fa9c47ba81d142c669471) Importer(2089858483,b0f066a214c2f5e87bad3c948f4d605d)
Start importing Assets/BeatEmUp_GameTemplate3D/Audio/Footstep4.wav using Guid(8b2a3e572b7fa9c47ba81d142c669471) Importer(2089858483,b0f066a214c2f5e87bad3c948f4d605d) (ScriptedImporter) -> (Import Result ID: '6bcfdd48d7425a42d7d792213aeab377') in 0.0489181 seconds [static and dynamic dependencies]. Details - ImportResultOutputID=30d11d4d0a3e9507127761fd4834d405 DependenciesID=bdb7c3d86f1159bc3a68ea8269533ce0 StaticDependenciesID=f787afa9284c27eb777cdefc5ffc469e 
Number of updated asset objects reloaded before import = 0Number of asset objects unloaded after import = 1

========================================================================
Received Import Request.
  Time since last request: 0.000019 seconds.
  path: Assets/Audio/Battle/Clips/Processed/footstep_FOOTSTEP_Asphalt_Trainers_Walk_Slow_RR2_mono.wav
  importAddress: Guid(35cbd2b2fe699454b84e6367b90c37ae) Importer(2089858483,b0f066a214c2f5e87bad3c948f4d605d)
Start importing Assets/Audio/Battle/Clips/Processed/footstep_FOOTSTEP_Asphalt_Trainers_Walk_Slow_RR2_mono.wav using Guid(35cbd2b2fe699454b84e6367b90c37ae) Importer(2089858483,b0f066a214c2f5e87bad3c948f4d605d) (ScriptedImporter) -> (Import Result ID: '24d1b8099a13dfd5d52471748cecb8df') in 0.0363762 seconds [static and dynamic dependencies]. Details - ImportResultOutputID=800bd0c523f30867e32ae087a28b5193 DependenciesID=0abd3d9a73cd9ed6489a6171e134eac0 StaticDependenciesID=1448253dc672f1c15e0eea6f0b412710 
Number of updated asset objects reloaded before import = 0Number of asset objects unloaded after import = 1

========================================================================
Received Import Request.
  Time since last request: 0.000031 seconds.
  path: Assets/BeatEmUp_GameTemplate3D/Audio/Gunshot.wav
  importAddress: Guid(39c02f7f416c1e84687b45435ee1cb8d) Importer(2089858483,b0f066a214c2f5e87bad3c948f4d605d)
Start importing Assets/BeatEmUp_GameTemplate3D/Audio/Gunshot.wav using Guid(39c02f7f416c1e84687b45435ee1cb8d) Importer(2089858483,b0f066a214c2f5e87bad3c948f4d605d) (ScriptedImporter) -> (Import Result ID: '13696752de5250f175d5cac028cfdc78') in 0.0551704 seconds [static and dynamic dependencies]. Details - ImportResultOutputID=dd341a247123bc41fe9b6dc38c3aeecc DependenciesID=4bf3bd0b0ba90d7023f062cb548d2c75 StaticDependenciesID=4fa8e3cb56f2113014d2e3c954e3a39d 
Number of updated asset objects reloaded before import = 0Number of asset objects unloaded after import = 1

========================================================================
Received Import Request.
  Time since last request: 0.000015 seconds.
  path: Assets/BeatEmUp_GameTemplate3D/Audio/EnemyKnockDown1.wav
  importAddress: Guid(ef01c64294f7ead4c945693785021c3d) Importer(2089858483,b0f066a214c2f5e87bad3c948f4d605d)
Start importing Assets/BeatEmUp_GameTemplate3D/Audio/EnemyKnockDown1.wav using Guid(ef01c64294f7ead4c945693785021c3d) Importer(2089858483,b0f066a214c2f5e87bad3c948f4d605d) (ScriptedImporter) -> (Import Result ID: '74a0416e9e1a179785d0740d9aa67930') in 0.0118702 seconds [static and dynamic dependencies]. Details - ImportResultOutputID=ab61a6b56545d6d31a8cbe4f61eeb8da DependenciesID=44bfd45f1744de675a1e8503f2923069 StaticDependenciesID=5ad713ff0e6f9ad39e855d3dfd4daf2d 
Number of updated asset objects reloaded before import = 0Number of asset objects unloaded after import = 1

========================================================================
Received Import Request.
  Time since last request: 0.000042 seconds.
  path: Assets/Audio/Battle/Clips/Processed/stab_hit_ARROW_Hit_Body_stereo.wav
  importAddress: Guid(f2a102080ce374f48b72cd4d88260446) Importer(2089858483,b0f066a214c2f5e87bad3c948f4d605d)
Start importing Assets/Audio/Battle/Clips/Processed/stab_hit_ARROW_Hit_Body_stereo.wav using Guid(f2a102080ce374f48b72cd4d88260446) Importer(2089858483,b0f066a214c2f5e87bad3c948f4d605d) (ScriptedImporter) -> (Import Result ID: '36cb8e5ec7282903b504632d7f25dbda') in 0.0657394 seconds [static and dynamic dependencies]. Details - ImportResultOutputID=fc89d271fc6d7367916aca736db224ad DependenciesID=71dd3ab0a6dbf3ea5e9d2079838f0352 StaticDependenciesID=9c71a1c9550a4cbed00a982b2cd7e1b4 
Number of updated asset objects reloaded before import = 0Number of asset objects unloaded after import = 1

========================================================================
Received Import Request.
  Time since last request: 0.000018 seconds.
  path: Assets/BeatEmUp_GameTemplate3D/Audio/PlayerHurt1.wav
  importAddress: Guid(76131f3745835784eb6660eabf4fe83f) Importer(2089858483,b0f066a214c2f5e87bad3c948f4d605d)
Start importing Assets/BeatEmUp_GameTemplate3D/Audio/PlayerHurt1.wav using Guid(76131f3745835784eb6660eabf4fe83f) Importer(2089858483,b0f066a214c2f5e87bad3c948f4d605d) (ScriptedImporter) -> (Import Result ID: '6cac4720a85d497c90637b18b6694094') in 0.0898705 seconds [static and dynamic dependencies]. Details - ImportResultOutputID=1f7172d8248e13ce1fb364a7fe99cded DependenciesID=935b8c82bee6979d5b1d65a80aadbd80 StaticDependenciesID=c24196062c5cc78aa2425ffbc365282d 
Number of updated asset objects reloaded before import = 0Number of asset objects unloaded after import = 1

========================================================================
Received Import Request.
  Time since last request: 0.000054 seconds.
  path: Assets/BeatEmUp_GameTemplate3D/Audio/HeavyHit3.wav
  importAddress: Guid(eb7c4583b97d10b4996b0327f5b2084d) Importer(2089858483,b0f066a214c2f5e87bad3c948f4d605d)
Start importing Assets/BeatEmUp_GameTemplate3D/Audio/HeavyHit3.wav using Guid(eb7c4583b97d10b4996b0327f5b2084d) Importer(2089858483,b0f066a214c2f5e87bad3c948f4d605d) (ScriptedImporter) -> (Import Result ID: 'b5eff24e03b416f35aed20b8e321ad93') in 0.0379394 seconds [static and dynamic dependencies]. Details - ImportResultOutputID=b8e93072cb999dfbdabf0db53cbbdabd DependenciesID=b8b65ab880c0306e4e6a31aed07770e3 StaticDependenciesID=1a94c4738b658483257267f935bf3e6f 
Number of updated asset objects reloaded before import = 0Number of asset objects unloaded after import = 1

========================================================================
Received Import Request.
  Time since last request: 0.000027 seconds.
  path: Assets/Hovl Studio/Sword slash VFX/Textures/Mask50.png
  importAddress: Guid(2ea569a800e2fba42a2ca76727f232ed) Importer(2089858483,b0f066a214c2f5e87bad3c948f4d605d)
Start importing Assets/Hovl Studio/Sword slash VFX/Textures/Mask50.png using Guid(2ea569a800e2fba42a2ca76727f232ed) Importer(2089858483,b0f066a214c2f5e87bad3c948f4d605d) (ScriptedImporter) -> (Import Result ID: 'a39aa6884ae647dffa90e5825c9f5063') in 0.0113895 seconds [static and dynamic dependencies]. Details - ImportResultOutputID=55872ed02d6140b46f981771dc3c1a6f DependenciesID=796c15e0df08844199f2dac80ef587d7 StaticDependenciesID=8f9305fbde76eba48416a3b271c40ac9 
Number of updated asset objects reloaded before import = 0Number of asset objects unloaded after import = 1

========================================================================
Received Import Request.
  Time since last request: 0.000061 seconds.
  path: Assets/DemoSence/Sets/Mankey/Hit/Damage_Critical_2Handed.anim
  importAddress: Guid(0bdec02c684bfaf45a09de44c51a1302) Importer(2089858483,b0f066a214c2f5e87bad3c948f4d605d)
Start importing Assets/DemoSence/Sets/Mankey/Hit/Damage_Critical_2Handed.anim using Guid(0bdec02c684bfaf45a09de44c51a1302) Importer(2089858483,b0f066a214c2f5e87bad3c948f4d605d) (ScriptedImporter) -> (Import Result ID: '8405bb52aedde203ee7829f4c410acab') in 0.6294724 seconds [static and dynamic dependencies]. Details - ImportResultOutputID=44f2fe6b37e5a6665e42817cf206aa62 DependenciesID=fb8982355c9d3673461ef89963d98941 StaticDependenciesID=19fb56ea5674181cb448da6f3a6cf01b 
Number of updated asset objects reloaded before import = 0Number of asset objects unloaded after import = 1

========================================================================
Received Import Request.
  Time since last request: 0.000030 seconds.
  path: Assets/BeatEmUp_GameTemplate3D/Audio/BaseballBatHit.wav
  importAddress: Guid(4c87943edf2fbd04a8d2dc52feab7bc7) Importer(2089858483,b0f066a214c2f5e87bad3c948f4d605d)
Start importing Assets/BeatEmUp_GameTemplate3D/Audio/BaseballBatHit.wav using Guid(4c87943edf2fbd04a8d2dc52feab7bc7) Importer(2089858483,b0f066a214c2f5e87bad3c948f4d605d) (ScriptedImporter) -> (Import Result ID: '133da558af425dabe257455869f884ab') in 0.031552 seconds [static and dynamic dependencies]. Details - ImportResultOutputID=c5740df513373e095634e0a0f952544f DependenciesID=a178f0be0622291fd73048fd63a8105e StaticDependenciesID=212c160551d5c04fb944f3fdf1e32bfa 
Number of updated asset objects reloaded before import = 0Number of asset objects unloaded after import = 1

========================================================================
Received Import Request.
  Time since last request: 0.000029 seconds.
  path: Assets/Hovl Studio/DemoAssets/Textures/Dust2.png
  importAddress: Guid(ed88f036f462da241899fa39a14637ac) Importer(2089858483,b0f066a214c2f5e87bad3c948f4d605d)
Start importing Assets/Hovl Studio/DemoAssets/Textures/Dust2.png using Guid(ed88f036f462da241899fa39a14637ac) Importer(2089858483,b0f066a214c2f5e87bad3c948f4d605d) (ScriptedImporter) -> (Import Result ID: '44fd57c6b3092cd8935dd3ce5476f32d') in 0.0216918 seconds [static and dynamic dependencies]. Details - ImportResultOutputID=d745785b987ac6a23177c2b7f22dbb7c DependenciesID=c0ca5dbbff965a21be3ad39c78e258a2 StaticDependenciesID=8383a74eabc18369b81747c034a0933b 
Number of updated asset objects reloaded before import = 0Number of asset objects unloaded after import = 1

========================================================================
Received Import Request.
  Time since last request: 0.000015 seconds.
  path: Assets/Hovl Studio/Sword slash VFX/Textures/Noise35n.png
  importAddress: Guid(9d5139686547cd24983e1c90ad7e4c33) Importer(2089858483,b0f066a214c2f5e87bad3c948f4d605d)
Start importing Assets/Hovl Studio/Sword slash VFX/Textures/Noise35n.png using Guid(9d5139686547cd24983e1c90ad7e4c33) Importer(2089858483,b0f066a214c2f5e87bad3c948f4d605d) (ScriptedImporter) -> (Import Result ID: 'e6f9803e427636f0600847fad00c00c3') in 0.0236715 seconds [static and dynamic dependencies]. Details - ImportResultOutputID=f67e26e983bd56b2993b3f1ec0af81e2 DependenciesID=c40713300bfc2e450c80956331e64850 StaticDependenciesID=3f773a3c394431ca06b29423f3f581a6 
Number of updated asset objects reloaded before import = 0Number of asset objects unloaded after import = 1

========================================================================
Received Import Request.
  Time since last request: 0.000016 seconds.
  path: Assets/Audio/Battle/Clips/Processed/shield_block_HAMMER_Hit_Wood_Shield_stereo.wav
  importAddress: Guid(e0e4bb727bf81154b9e2520efd7fa807) Importer(2089858483,b0f066a214c2f5e87bad3c948f4d605d)
Start importing Assets/Audio/Battle/Clips/Processed/shield_block_HAMMER_Hit_Wood_Shield_stereo.wav using Guid(e0e4bb727bf81154b9e2520efd7fa807) Importer(2089858483,b0f066a214c2f5e87bad3c948f4d605d) (ScriptedImporter) -> (Import Result ID: 'd5a90dc6307cf94cc2f5fe2e77ce8b0b') in 0.0549926 seconds [static and dynamic dependencies]. Details - ImportResultOutputID=120e1d69385018c014504e5d07ba7497 DependenciesID=ca452fe58ffd1ca027e238e32162766b StaticDependenciesID=75298bdc93896f84033d9ad30747181e 
Number of updated asset objects reloaded before import = 0Number of asset objects unloaded after import = 1

========================================================================
Received Import Request.
  Time since last request: 0.000034 seconds.
  path: Assets/Audio/Battle/Clips/Processed/blade_swing_WHOOSH_Air_Blade_RR2_mono.wav
  importAddress: Guid(a5af95317c0c48944ac19c144d39e81a) Importer(2089858483,b0f066a214c2f5e87bad3c948f4d605d)
Start importing Assets/Audio/Battle/Clips/Processed/blade_swing_WHOOSH_Air_Blade_RR2_mono.wav using Guid(a5af95317c0c48944ac19c144d39e81a) Importer(2089858483,b0f066a214c2f5e87bad3c948f4d605d) (ScriptedImporter) -> (Import Result ID: 'c2e431c2101cd78dfad39e1031a8bda2') in 0.0217113 seconds [static and dynamic dependencies]. Details - ImportResultOutputID=6559ece2fed13d5fb144bd039e7c2b7e DependenciesID=09cf7a593012d26c715f319387ec0fc7 StaticDependenciesID=641e475fbec7019eacc7bb506750cf51 
Number of updated asset objects reloaded before import = 0Number of asset objects unloaded after import = 1

========================================================================
Received Import Request.
  Time since last request: 0.000029 seconds.
  path: Assets/Hovl Studio/DemoAssets/Shaders
  importAddress: Guid(11bd264369f1d3241bc4127237047f76) Importer(2089858483,b0f066a214c2f5e87bad3c948f4d605d)
Start importing Assets/Hovl Studio/DemoAssets/Shaders using Guid(11bd264369f1d3241bc4127237047f76) Importer(2089858483,b0f066a214c2f5e87bad3c948f4d605d) (ScriptedImporter) -> (Import Result ID: '0cd35f8023c7caab339b6f96877e94e1') in 0.086415 seconds [static and dynamic dependencies]. Details - ImportResultOutputID=1efbb4355501db0810182bedd3aa1518 DependenciesID=a07fc436563aa7d526a4f843b2eb74e4 StaticDependenciesID=4590e4849fc9e80c0ebad58865d637e5 
Number of updated asset objects reloaded before import = 0Number of asset objects unloaded after import = 1

========================================================================
Received Import Request.
  Time since last request: 0.000026 seconds.
  path: Assets/Audio/Battle/Clips/Processed/ui_click_UI_Click_Distinct_Short_mono.wav
  importAddress: Guid(4cf42cea3f9614544bca5911985e397e) Importer(2089858483,b0f066a214c2f5e87bad3c948f4d605d)
Start importing Assets/Audio/Battle/Clips/Processed/ui_click_UI_Click_Distinct_Short_mono.wav using Guid(4cf42cea3f9614544bca5911985e397e) Importer(2089858483,b0f066a214c2f5e87bad3c948f4d605d) (ScriptedImporter) -> (Import Result ID: '4c53b7c2e5880067e406af3ced60dd1b') in 0.031126 seconds [static and dynamic dependencies]. Details - ImportResultOutputID=7cd446d3447ea21e0e3265720391d05b DependenciesID=9333f77b9ab5a4e67e4ff4b20ab9912d StaticDependenciesID=87ce980c1eb1f8230b7a6a8797e75ecc 
Number of updated asset objects reloaded before import = 0Number of asset objects unloaded after import = 1

========================================================================
Received Import Request.
  Time since last request: 0.000030 seconds.
  path: Assets/BeatEmUp_GameTemplate3D/Audio/PlayerDeath.wav
  importAddress: Guid(9f61c892a41d0da4f97a082c477aae17) Importer(2089858483,b0f066a214c2f5e87bad3c948f4d605d)
Start importing Assets/BeatEmUp_GameTemplate3D/Audio/PlayerDeath.wav using Guid(9f61c892a41d0da4f97a082c477aae17) Importer(2089858483,b0f066a214c2f5e87bad3c948f4d605d) (ScriptedImporter) -> (Import Result ID: '0b0ed0560abff121cf1ee6a36cbe0376') in 0.1384614 seconds [static and dynamic dependencies]. Details - ImportResultOutputID=acb778339bc6b67bd987e4ef7c6385b7 DependenciesID=4b743859b0f7b98489954b660a364b1a StaticDependenciesID=43ba8e421a3ec8e507a498b1f69e6dae 
Number of updated asset objects reloaded before import = 0Number of asset objects unloaded after import = 1

========================================================================
Received Import Request.
  Time since last request: 0.000025 seconds.
  path: Assets/BeatEmUp_GameTemplate3D/Audio/PunchHit4.wav
  importAddress: Guid(dcc6a4902e158c5449518faa0b6e0d15) Importer(2089858483,b0f066a214c2f5e87bad3c948f4d605d)
Start importing Assets/BeatEmUp_GameTemplate3D/Audio/PunchHit4.wav using Guid(dcc6a4902e158c5449518faa0b6e0d15) Importer(2089858483,b0f066a214c2f5e87bad3c948f4d605d) (ScriptedImporter) -> (Import Result ID: '72cdcb748c561ca36ec4e6047e90172e') in 0.1037906 seconds [static and dynamic dependencies]. Details - ImportResultOutputID=d891078a11e074eb26e0dce0ae6e690f DependenciesID=e0c2c5dc40b1255cf40c5cc70be76b1b StaticDependenciesID=347d79f00f7b30db93d7895aaec3ba0e 
Number of updated asset objects reloaded before import = 0Number of asset objects unloaded after import = 1

========================================================================
Received Import Request.
  Time since last request: 0.000022 seconds.
  path: Assets/BeatEmUp_GameTemplate3D/Environment/Models/Building03.FBX
  importAddress: Guid(3151215f5dbb8424a933328ec5e7e408) Importer(2089858483,b0f066a214c2f5e87bad3c948f4d605d)
Start importing Assets/BeatEmUp_GameTemplate3D/Environment/Models/Building03.FBX using Guid(3151215f5dbb8424a933328ec5e7e408) Importer(2089858483,b0f066a214c2f5e87bad3c948f4d605d) (ScriptedImporter)MaterialLocation.External is obsolete. External Material Location is no longer supported. (Assets/BeatEmUp_GameTemplate3D/Environment/Models/Building03.FBX)
 -> (Import Result ID: '97da9c6b1221ee2d099b085069d0a0de') in 0.1078658 seconds [static and dynamic dependencies]. Details - ImportResultOutputID=b96851104f6fec664d17312f7d950bbd DependenciesID=e76addb3fb78bd23fc8ebe4b31ee6dbe StaticDependenciesID=13f47eb56cc180ae6a042d673e918483 
Number of updated asset objects reloaded before import = 0Number of asset objects unloaded after import = 7

========================================================================
Received Import Request.
  Time since last request: 0.000023 seconds.
  path: Assets/Plugins/WebGL/ZeroSpaceSocketIO.jslib
  importAddress: Guid(430dee305f0e4ec45b8136b66306db43) Importer(2089858483,b0f066a214c2f5e87bad3c948f4d605d)
Start importing Assets/Plugins/WebGL/ZeroSpaceSocketIO.jslib using Guid(430dee305f0e4ec45b8136b66306db43) Importer(2089858483,b0f066a214c2f5e87bad3c948f4d605d) (ScriptedImporter) -> (Import Result ID: '1b081f8f66dd0adcf714cbec0fbc7042') in 0.0289494 seconds [static and dynamic dependencies]. Details - ImportResultOutputID=e81e248d3a113aa17f0e3df8d9f8c853 DependenciesID=fa17f25b93388a2da906845d5215a1c5 StaticDependenciesID=8140456ca6d0e0a774ec2efa2bfcd272 
Number of updated asset objects reloaded before import = 0Number of asset objects unloaded after import = 0

========================================================================
Received Import Request.
  Time since last request: 0.000017 seconds.
  path: Assets/BeatEmUp_GameTemplate3D/Audio/EnemyDeath.wav
  importAddress: Guid(025baad537b7b314789e22d25532638c) Importer(2089858483,b0f066a214c2f5e87bad3c948f4d605d)
Start importing Assets/BeatEmUp_GameTemplate3D/Audio/EnemyDeath.wav using Guid(025baad537b7b314789e22d25532638c) Importer(2089858483,b0f066a214c2f5e87bad3c948f4d605d) (ScriptedImporter) -> (Import Result ID: '2ef1164e9f92affbeaec387105f0a143') in 0.1307881 seconds [static and dynamic dependencies]. Details - ImportResultOutputID=2918a4f99bc1179351c337b7fb2d9a4e DependenciesID=633b4f49d7a525d8f6760fd0ba20ded2 StaticDependenciesID=d42379893bd38f1e2dba94bfb78fe957 
Number of updated asset objects reloaded before import = 0Number of asset objects unloaded after import = 1

========================================================================
Received Import Request.
  Time since last request: 0.000015 seconds.
  path: Assets/Audio/Battle/Clips/Processed/thrust_swing_WHOOSH_Air_Very_Fast_RR1_mono.wav
  importAddress: Guid(42e1fbe03a950de4395cd02119a6d322) Importer(2089858483,b0f066a214c2f5e87bad3c948f4d605d)
Start importing Assets/Audio/Battle/Clips/Processed/thrust_swing_WHOOSH_Air_Very_Fast_RR1_mono.wav using Guid(42e1fbe03a950de4395cd02119a6d322) Importer(2089858483,b0f066a214c2f5e87bad3c948f4d605d) (ScriptedImporter) -> (Import Result ID: '3883211189e7fb70aa46f35103d41f7f') in 0.0445739 seconds [static and dynamic dependencies]. Details - ImportResultOutputID=aebfa88b95e5728aeb2fc1edd385a9b6 DependenciesID=daaafec684d45507cd95e229ec6d0337 StaticDependenciesID=84fc9261c9ef9dc498b236d735275a1c 
Number of updated asset objects reloaded before import = 0Number of asset objects unloaded after import = 1

========================================================================
Received Import Request.
  Time since last request: 0.000017 seconds.
  path: Assets/Hovl Studio/DemoAssets/Scripts/For demo scenes
  importAddress: Guid(2a03373de88ab5a48aad0418dbe5564d) Importer(2089858483,b0f066a214c2f5e87bad3c948f4d605d)
Start importing Assets/Hovl Studio/DemoAssets/Scripts/For demo scenes using Guid(2a03373de88ab5a48aad0418dbe5564d) Importer(2089858483,b0f066a214c2f5e87bad3c948f4d605d) (ScriptedImporter) -> (Import Result ID: 'dd02ce9460820826e78e8a0d97d87fe1') in 0.0030137 seconds [static and dynamic dependencies]. Details - ImportResultOutputID=5da02198db6c1393a6dc89a393865c67 DependenciesID=05f89eb997a41d8647a439e3a56149f0 StaticDependenciesID=ed30b9a4c6850512ad196f8217c18691 
Number of updated asset objects reloaded before import = 0Number of asset objects unloaded after import = 1

========================================================================
Received Import Request.
  Time since last request: 0.000031 seconds.
  path: Assets/BeatEmUp_GameTemplate3D/Textures/Building02.png
  importAddress: Guid(3909f17fdbce58c479f6c268d0cd1a24) Importer(2089858483,b0f066a214c2f5e87bad3c948f4d605d)
Start importing Assets/BeatEmUp_GameTemplate3D/Textures/Building02.png using Guid(3909f17fdbce58c479f6c268d0cd1a24) Importer(2089858483,b0f066a214c2f5e87bad3c948f4d605d) (ScriptedImporter) -> (Import Result ID: '7ea714c02cbc1e2222fbee56b3f6d2eb') in 0.1029316 seconds [static and dynamic dependencies]. Details - ImportResultOutputID=ecf2a1ed77d0ae9f79a1827c160bf6c2 DependenciesID=19a1e67a0b1be00983e5ee5b08f1be9d StaticDependenciesID=54dc7cf71c0435c5f128c6437aeb5fae 
Number of updated asset objects reloaded before import = 0Number of asset objects unloaded after import = 1

========================================================================
Received Import Request.
  Time since last request: 0.000043 seconds.
  path: Assets/BeatEmUp_GameTemplate3D/Audio/PlayerHurt3.wav
  importAddress: Guid(4742e52c304f61644a1938bb76791b62) Importer(2089858483,b0f066a214c2f5e87bad3c948f4d605d)
Start importing Assets/BeatEmUp_GameTemplate3D/Audio/PlayerHurt3.wav using Guid(4742e52c304f61644a1938bb76791b62) Importer(2089858483,b0f066a214c2f5e87bad3c948f4d605d) (ScriptedImporter) -> (Import Result ID: 'dffba296e0f8f447cb2272076f9b5b6d') in 0.0372503 seconds [static and dynamic dependencies]. Details - ImportResultOutputID=9b54d6c70b688c4a4889aeee6cb1b618 DependenciesID=d934c57bbdac55cbace03218ee678d26 StaticDependenciesID=c55537f90d47821be9739ea40a7cef29 
Number of updated asset objects reloaded before import = 0Number of asset objects unloaded after import = 1

========================================================================
Received Import Request.
  Time since last request: 0.000016 seconds.
  path: Assets/Hovl Studio/DemoAssets/Models
  importAddress: Guid(204e92b15d6e62b43aaba37622ac2660) Importer(2089858483,b0f066a214c2f5e87bad3c948f4d605d)
Start importing Assets/Hovl Studio/DemoAssets/Models using Guid(204e92b15d6e62b43aaba37622ac2660) Importer(2089858483,b0f066a214c2f5e87bad3c948f4d605d) (ScriptedImporter) -> (Import Result ID: '1c60d4b0a526e38285e6fde12332bac2') in 0.0206174 seconds [static and dynamic dependencies]. Details - ImportResultOutputID=4d1a61ef1fb9e6f524ae86a231e192ca DependenciesID=a3a1dd1ff01b33767663b05840f81106 StaticDependenciesID=e791a8fd8ded1511df04c92bda37b1c6 
Number of updated asset objects reloaded before import = 0Number of asset objects unloaded after import = 1

========================================================================
Received Import Request.
  Time since last request: 0.000022 seconds.
  path: Assets/Hovl Studio/DemoAssets/Scripts/For demo scenes/HS_CameraController.cs
  importAddress: Guid(a4ca5efb641d8634a9ec2fdc65f1f7d2) Importer(2089858483,b0f066a214c2f5e87bad3c948f4d605d)
Start importing Assets/Hovl Studio/DemoAssets/Scripts/For demo scenes/HS_CameraController.cs using Guid(a4ca5efb641d8634a9ec2fdc65f1f7d2) Importer(2089858483,b0f066a214c2f5e87bad3c948f4d605d) (ScriptedImporter) -> (Import Result ID: 'cc4eaf55ed9bb779158c80cd6492dcb9') in 0.0032179 seconds [static and dynamic dependencies]. Details - ImportResultOutputID=47a5f1762841076439cc9787e84e42e9 DependenciesID=828c3e52aae77a01d5eede128b22369e StaticDependenciesID=a7306d8735e2fc81bd9cb3e539908a22 
Number of updated asset objects reloaded before import = 0Number of asset objects unloaded after import = 0

========================================================================
Received Import Request.
  Time since last request: 0.000046 seconds.
  path: Assets/JMO Assets/Cartoon FX (legacy)/Textures (Mobile)/CFXM_T_Anim4_RoundedLines.png
  importAddress: Guid(c4ae3c91e6fc9e74cbdb7ab481e93576) Importer(2089858483,b0f066a214c2f5e87bad3c948f4d605d)
Start importing Assets/JMO Assets/Cartoon FX (legacy)/Textures (Mobile)/CFXM_T_Anim4_RoundedLines.png using Guid(c4ae3c91e6fc9e74cbdb7ab481e93576) Importer(2089858483,b0f066a214c2f5e87bad3c948f4d605d) (ScriptedImporter) -> (Import Result ID: 'c6ae470e2f221c5dc600ad04e893a206') in 0.082711 seconds [static and dynamic dependencies]. Details - ImportResultOutputID=acdd0d13c494d5ea00f073f4706ced41 DependenciesID=61233111544975324fec70abe352cd2c StaticDependenciesID=a0d322a79e122cbdc36571cb7605d3fe 
Number of updated asset objects reloaded before import = 0Number of asset objects unloaded after import = 1

========================================================================
Received Import Request.
  Time since last request: 0.000020 seconds.
  path: Assets/BeatEmUp_GameTemplate3D/Textures/RoadBarrier_D-S.tga
  importAddress: Guid(336b3865da0b0bd4192e6f99e09b4010) Importer(2089858483,b0f066a214c2f5e87bad3c948f4d605d)
Start importing Assets/BeatEmUp_GameTemplate3D/Textures/RoadBarrier_D-S.tga using Guid(336b3865da0b0bd4192e6f99e09b4010) Importer(2089858483,b0f066a214c2f5e87bad3c948f4d605d) (ScriptedImporter) -> (Import Result ID: 'd7621d5b7e8ed50a5cd9fbd1ce5f2347') in 0.0176057 seconds [static and dynamic dependencies]. Details - ImportResultOutputID=3d5eb3cb5db4b4463debf535c53159ac DependenciesID=38b2257ad85c1816c4db4253cc8ec397 StaticDependenciesID=34391c2df694a914875b80d3ae28d981 
Number of updated asset objects reloaded before import = 0Number of asset objects unloaded after import = 1

========================================================================
Received Import Request.
  Time since last request: 0.000028 seconds.
  path: Assets/Editor/WebGLAssetOptimization.cs
  importAddress: Guid(9f74542a4c85b3f4bbbfe59ced5bafaa) Importer(2089858483,b0f066a214c2f5e87bad3c948f4d605d)
Start importing Assets/Editor/WebGLAssetOptimization.cs using Guid(9f74542a4c85b3f4bbbfe59ced5bafaa) Importer(2089858483,b0f066a214c2f5e87bad3c948f4d605d) (ScriptedImporter) -> (Import Result ID: '42207758cd4d576e8ee0d50daad01d00') in 0.003504 seconds [static and dynamic dependencies]. Details - ImportResultOutputID=06b78304a2139ad6f5044423ce035a27 DependenciesID=627187cc96de6b077aeec8a7fedf6a3e StaticDependenciesID=11b7acf8cfa92589a2fb9b2f01293274 
Number of updated asset objects reloaded before import = 0Number of asset objects unloaded after import = 0

========================================================================
Received Import Request.
  Time since last request: 0.000140 seconds.
  path: Assets/BeatEmUp_GameTemplate3D/Audio/Fire.wav
  importAddress: Guid(48cdc1707bd95194bbde78c587fae1e7) Importer(2089858483,b0f066a214c2f5e87bad3c948f4d605d)
Start importing Assets/BeatEmUp_GameTemplate3D/Audio/Fire.wav using Guid(48cdc1707bd95194bbde78c587fae1e7) Importer(2089858483,b0f066a214c2f5e87bad3c948f4d605d) (ScriptedImporter) -> (Import Result ID: '95f5777084dd1ee278ab7c7fd0558ec5') in 0.0460726 seconds [static and dynamic dependencies]. Details - ImportResultOutputID=12102b577f8ee6eae7700e55eca88ec2 DependenciesID=7df89de67ee9aa1e14e59176d2b4d054 StaticDependenciesID=d7df984899837a328ec29a2c76e56482 
Number of updated asset objects reloaded before import = 0Number of asset objects unloaded after import = 1

========================================================================
Received Import Request.
  Time since last request: 0.000021 seconds.
  path: Assets/Hovl Studio/Sword slash VFX/Textures/Stone1_Normal.png
  importAddress: Guid(c7508900bdef7424e81914281ab7eb9c) Importer(2089858483,b0f066a214c2f5e87bad3c948f4d605d)
Start importing Assets/Hovl Studio/Sword slash VFX/Textures/Stone1_Normal.png using Guid(c7508900bdef7424e81914281ab7eb9c) Importer(2089858483,b0f066a214c2f5e87bad3c948f4d605d) (ScriptedImporter) -> (Import Result ID: '5ba40157b42a6f19671d0ea8c28102e7') in 0.031863 seconds [static and dynamic dependencies]. Details - ImportResultOutputID=20f50ef4cca7d30f67c4b93ef263dd4c DependenciesID=86b7618fc0ce179744b71d6e4c27d867 StaticDependenciesID=87d6a251e66526a0cdb5130d45f595a1 
Number of updated asset objects reloaded before import = 0Number of asset objects unloaded after import = 1

========================================================================
Received Import Request.
  Time since last request: 0.000024 seconds.
  path: Assets/Hovl Studio/DemoAssets/Textures/Motion7.png
  importAddress: Guid(89234f6f7210c6f41821d84d51d6bee1) Importer(2089858483,b0f066a214c2f5e87bad3c948f4d605d)
Start importing Assets/Hovl Studio/DemoAssets/Textures/Motion7.png using Guid(89234f6f7210c6f41821d84d51d6bee1) Importer(2089858483,b0f066a214c2f5e87bad3c948f4d605d) (ScriptedImporter) -> (Import Result ID: '2454b0564596d0aa7739acbc370317a5') in 0.0410936 seconds [static and dynamic dependencies]. Details - ImportResultOutputID=baae1ada5dcfcee75dd6d9e533ab520b DependenciesID=5ef384c84097d5c607a90f64a46c7e93 StaticDependenciesID=1d5d90193863b5c093cc0e03545bf6b2 
Number of updated asset objects reloaded before import = 0Number of asset objects unloaded after import = 1

========================================================================
Received Import Request.
  Time since last request: 0.000020 seconds.
  path: Assets/Hovl Studio/DemoAssets/Textures/MagicText8.png
  importAddress: Guid(16a853010939ecb42b2997753d2c2f0f) Importer(2089858483,b0f066a214c2f5e87bad3c948f4d605d)
Start importing Assets/Hovl Studio/DemoAssets/Textures/MagicText8.png using Guid(16a853010939ecb42b2997753d2c2f0f) Importer(2089858483,b0f066a214c2f5e87bad3c948f4d605d) (ScriptedImporter) -> (Import Result ID: 'f25148402bd9e7cd78287f908a8bca26') in 0.0463925 seconds [static and dynamic dependencies]. Details - ImportResultOutputID=67408c392d3d275f9ea972fa50615b66 DependenciesID=7a384cae910b62e62f22d6b97d17d1de StaticDependenciesID=300151c2fe11193933dc42885d001c65 
Number of updated asset objects reloaded before import = 0Number of asset objects unloaded after import = 1

========================================================================
Received Import Request.
  Time since last request: 0.000015 seconds.
  path: Assets/Hovl Studio/DemoAssets/Textures/Circle17.png
  importAddress: Guid(6ab6673ffc36e0543bd310e5677e9031) Importer(2089858483,b0f066a214c2f5e87bad3c948f4d605d)
Start importing Assets/Hovl Studio/DemoAssets/Textures/Circle17.png using Guid(6ab6673ffc36e0543bd310e5677e9031) Importer(2089858483,b0f066a214c2f5e87bad3c948f4d605d) (ScriptedImporter) -> (Import Result ID: 'fac59701e472886316b2a56ef972e121') in 0.0305539 seconds [static and dynamic dependencies]. Details - ImportResultOutputID=e3b3ef5d9ce00e23c888a2e1de232a5d DependenciesID=3276754070223f347375b4197a338428 StaticDependenciesID=5232809d86815a9b0b198ecc4edcc64e 
Number of updated asset objects reloaded before import = 0Number of asset objects unloaded after import = 1

========================================================================
Received Import Request.
  Time since last request: 0.000027 seconds.
  path: Assets/Hovl Studio/DemoAssets/Textures/Flash23.png
  importAddress: Guid(e8e7032ad5b1f6a429eb2632a11b0d5e) Importer(2089858483,b0f066a214c2f5e87bad3c948f4d605d)
Start importing Assets/Hovl Studio/DemoAssets/Textures/Flash23.png using Guid(e8e7032ad5b1f6a429eb2632a11b0d5e) Importer(2089858483,b0f066a214c2f5e87bad3c948f4d605d) (ScriptedImporter) -> (Import Result ID: '5c50bf13f0ee8cd51a4384d04bfc2dc3') in 0.0324912 seconds [static and dynamic dependencies]. Details - ImportResultOutputID=07d8ae536646c1c3d61d60b288cb425d DependenciesID=d919abc9a217439b84dea5c3f509ecfa StaticDependenciesID=1d2b2e11b6668d7a07b8ef106ed33e00 
Number of updated asset objects reloaded before import = 0Number of asset objects unloaded after import = 1

========================================================================
Received Import Request.
  Time since last request: 0.000027 seconds.
  path: Assets/Audio/Battle/Clips/Processed/light_swing_MARTIAL_ARTS_Kick_Punch_RR3_mono.wav
  importAddress: Guid(87f5e79a4d8e19a459f6b5d8307b0c8c) Importer(2089858483,b0f066a214c2f5e87bad3c948f4d605d)
Start importing Assets/Audio/Battle/Clips/Processed/light_swing_MARTIAL_ARTS_Kick_Punch_RR3_mono.wav using Guid(87f5e79a4d8e19a459f6b5d8307b0c8c) Importer(2089858483,b0f066a214c2f5e87bad3c948f4d605d) (ScriptedImporter) -> (Import Result ID: '2504cdde1df83244bf5423ddeff99c72') in 0.1907882 seconds [static and dynamic dependencies]. Details - ImportResultOutputID=33b4a9f773692462578b39f6399c1f7a DependenciesID=1778e164f9543af7ea97bef52486d919 StaticDependenciesID=2eb5e037fa63df433baf10e7be20c38b 
Number of updated asset objects reloaded before import = 0Number of asset objects unloaded after import = 1

========================================================================
Received Import Request.
  Time since last request: 0.000019 seconds.
  path: Assets/Hovl Studio/DemoAssets/Textures/Gradient3t.png
  importAddress: Guid(fb6ed9f6221d0244f89fd5c8467e8624) Importer(2089858483,b0f066a214c2f5e87bad3c948f4d605d)
Start importing Assets/Hovl Studio/DemoAssets/Textures/Gradient3t.png using Guid(fb6ed9f6221d0244f89fd5c8467e8624) Importer(2089858483,b0f066a214c2f5e87bad3c948f4d605d) (ScriptedImporter) -> (Import Result ID: 'fd72937f12fb47eb9bca247915714950') in 0.0491051 seconds [static and dynamic dependencies]. Details - ImportResultOutputID=95e3991badb4552dfe6302867fbf9bed DependenciesID=a5726ea31cdf6a1cc42b4d6ee708fac8 StaticDependenciesID=74c0cd4eea7bd2ffd263f805332968ed 
Number of updated asset objects reloaded before import = 0Number of asset objects unloaded after import = 1

========================================================================
Received Import Request.
  Time since last request: 0.000033 seconds.
  path: Assets/BeatEmUp_GameTemplate3D/Audio/DrumBarrelHit.wav
  importAddress: Guid(cb7e5f17157dc4e458ae5dabeed42ace) Importer(2089858483,b0f066a214c2f5e87bad3c948f4d605d)
Start importing Assets/BeatEmUp_GameTemplate3D/Audio/DrumBarrelHit.wav using Guid(cb7e5f17157dc4e458ae5dabeed42ace) Importer(2089858483,b0f066a214c2f5e87bad3c948f4d605d) (ScriptedImporter) -> (Import Result ID: 'a5a8a6b9b4b75c24c8636c43be6b0757') in 0.0586863 seconds [static and dynamic dependencies]. Details - ImportResultOutputID=dec6f3b1fddf724d17c9a3a5ea297609 DependenciesID=a61a5fd4495e9e3389cf90f3d671e5e8 StaticDependenciesID=edec3df9a05386e11b65421070083918 
Number of updated asset objects reloaded before import = 0Number of asset objects unloaded after import = 1

========================================================================
Received Import Request.
  Time since last request: 0.000027 seconds.
  path: Assets/Hovl Studio/DemoAssets
  importAddress: Guid(8c0f4d00380bdc74e9240875ceb63db4) Importer(2089858483,b0f066a214c2f5e87bad3c948f4d605d)
Start importing Assets/Hovl Studio/DemoAssets using Guid(8c0f4d00380bdc74e9240875ceb63db4) Importer(2089858483,b0f066a214c2f5e87bad3c948f4d605d) (ScriptedImporter) -> (Import Result ID: '113d12be26f0c228e30e1b4dda0686a2') in 0.0091326 seconds [static and dynamic dependencies]. Details - ImportResultOutputID=f6596c712cc0bc89de44432a163a88e0 DependenciesID=341a90a0cd3cd72c0c9e93d15a34054e StaticDependenciesID=d1ce37cf4d5b628db15bcefd893cd7a8 
Number of updated asset objects reloaded before import = 0Number of asset objects unloaded after import = 1

========================================================================
Received Import Request.
  Time since last request: 0.000023 seconds.
  path: Assets/Audio/Battle/Clips/Processed/metal_clash_SWORD_Hit_Sword_RR2_mono.wav
  importAddress: Guid(6fc0f970c0db1894fbad3249f809daf6) Importer(2089858483,b0f066a214c2f5e87bad3c948f4d605d)
Start importing Assets/Audio/Battle/Clips/Processed/metal_clash_SWORD_Hit_Sword_RR2_mono.wav using Guid(6fc0f970c0db1894fbad3249f809daf6) Importer(2089858483,b0f066a214c2f5e87bad3c948f4d605d) (ScriptedImporter) -> (Import Result ID: '0fca9655afc03630cc9250ccf97fcf37') in 0.0896635 seconds [static and dynamic dependencies]. Details - ImportResultOutputID=3e207fd4ea71155e377180db0cd27302 DependenciesID=d1cd9f4c0d147791fde3523e4044a070 StaticDependenciesID=c6b1b379c0babd4408f6d3808637b15d 
Number of updated asset objects reloaded before import = 0Number of asset objects unloaded after import = 1

========================================================================
Received Import Request.
  Time since last request: 0.000017 seconds.
  path: Assets/Audio/Battle/Clips/Processed/ko_impact_IMPACT_Generic_15_mono.wav
  importAddress: Guid(e67cff986718a9e4eb4351bde47599e2) Importer(2089858483,b0f066a214c2f5e87bad3c948f4d605d)
Start importing Assets/Audio/Battle/Clips/Processed/ko_impact_IMPACT_Generic_15_mono.wav using Guid(e67cff986718a9e4eb4351bde47599e2) Importer(2089858483,b0f066a214c2f5e87bad3c948f4d605d) (ScriptedImporter) -> (Import Result ID: 'b67eb9d729e0dba1397365ade93ff866') in 0.0563679 seconds [static and dynamic dependencies]. Details - ImportResultOutputID=4c8470a2d4f3e2fe3b47ffa106724b3a DependenciesID=b375f6d5fcefc86c3ba215d31380757c StaticDependenciesID=e660afdce0387d3eb7b160d6efd8d01d 
Number of updated asset objects reloaded before import = 0Number of asset objects unloaded after import = 1

========================================================================
Received Import Request.
  Time since last request: 0.000020 seconds.
  path: Assets/Hovl Studio/Sword slash VFX/Textures/Noise34.png
  importAddress: Guid(3f1d4fadb37c37e4488860109d7dce4b) Importer(2089858483,b0f066a214c2f5e87bad3c948f4d605d)
Start importing Assets/Hovl Studio/Sword slash VFX/Textures/Noise34.png using Guid(3f1d4fadb37c37e4488860109d7dce4b) Importer(2089858483,b0f066a214c2f5e87bad3c948f4d605d) (ScriptedImporter) -> (Import Result ID: '517f37946b5350921be26cbd6226de40') in 0.0501903 seconds [static and dynamic dependencies]. Details - ImportResultOutputID=0db963356b271d145b7158db7a1ffe20 DependenciesID=66c97da6c964b7715699c88d44928c16 StaticDependenciesID=5df85c5f50125f5e670d3551a2d9229d 
Number of updated asset objects reloaded before import = 0Number of asset objects unloaded after import = 1

========================================================================
Received Import Request.
  Time since last request: 0.000087 seconds.
  path: Assets/BeatEmUp_GameTemplate3D/Environment/Models/Building01.FBX
  importAddress: Guid(e877d18d205d6b74c82a0477bad5e13c) Importer(2089858483,b0f066a214c2f5e87bad3c948f4d605d)
Start importing Assets/BeatEmUp_GameTemplate3D/Environment/Models/Building01.FBX using Guid(e877d18d205d6b74c82a0477bad5e13c) Importer(2089858483,b0f066a214c2f5e87bad3c948f4d605d) (ScriptedImporter) -> (Import Result ID: '378db55e019c2c87b7f199cd8c378c65') in 0.0271341 seconds [static and dynamic dependencies]. Details - ImportResultOutputID=fb3ef72df981e1c9e819a2d133526cb3 DependenciesID=b65b1519e0bfde3e5ba60c457df820d3 StaticDependenciesID=4311d0d89ee4c4da479470e21c10c727 
Number of updated asset objects reloaded before import = 0Number of asset objects unloaded after import = 7

========================================================================
Received Import Request.
  Time since last request: 0.000023 seconds.
  path: Assets/Hovl Studio/DemoAssets/Textures/Flare3.png
  importAddress: Guid(078c04d2e791c3c4191403a4cbf7bc22) Importer(2089858483,b0f066a214c2f5e87bad3c948f4d605d)
Start importing Assets/Hovl Studio/DemoAssets/Textures/Flare3.png using Guid(078c04d2e791c3c4191403a4cbf7bc22) Importer(2089858483,b0f066a214c2f5e87bad3c948f4d605d) (ScriptedImporter) -> (Import Result ID: '12752b64ed3723574524572b8aab388f') in 0.0938933 seconds [static and dynamic dependencies]. Details - ImportResultOutputID=6ccb3b74a9c8960a85338c2cc173b953 DependenciesID=1bfc2c04ffe8c1865b077b24aaa84f9f StaticDependenciesID=b4a3d7448ecc9a2371bb1c98e74c40b9 
Number of updated asset objects reloaded before import = 0Number of asset objects unloaded after import = 1

========================================================================
Received Import Request.
  Time since last request: 0.000028 seconds.
  path: Assets/Hovl Studio/DemoAssets/Textures/Feather3.png
  importAddress: Guid(294fa81217ad0dc4faca0c42637d9993) Importer(2089858483,b0f066a214c2f5e87bad3c948f4d605d)
Start importing Assets/Hovl Studio/DemoAssets/Textures/Feather3.png using Guid(294fa81217ad0dc4faca0c42637d9993) Importer(2089858483,b0f066a214c2f5e87bad3c948f4d605d) (ScriptedImporter) -> (Import Result ID: '64c7c9c84be4f947c03c76ddfef15c8c') in 0.1298842 seconds [static and dynamic dependencies]. Details - ImportResultOutputID=335e8c70e0af2bf9ce2be41f20aea02f DependenciesID=b0f97481886e9e3fe4d37fed133c665c StaticDependenciesID=e9936e3327e1d41837e02f0e1f08b0d8 
Number of updated asset objects reloaded before import = 0Number of asset objects unloaded after import = 1

========================================================================
Received Import Request.
  Time since last request: 0.000019 seconds.
  path: Assets/Hovl Studio/DemoAssets/Textures/Circle8.png
  importAddress: Guid(7dcb8a9c3f171064387b66c3e553ab24) Importer(2089858483,b0f066a214c2f5e87bad3c948f4d605d)
Start importing Assets/Hovl Studio/DemoAssets/Textures/Circle8.png using Guid(7dcb8a9c3f171064387b66c3e553ab24) Importer(2089858483,b0f066a214c2f5e87bad3c948f4d605d) (ScriptedImporter) -> (Import Result ID: 'd9561b0efee86227457773f1713e866a') in 0.0761916 seconds [static and dynamic dependencies]. Details - ImportResultOutputID=5de9775984d124ba538df74be44e9e72 DependenciesID=3be2b5322b517ce76913010de6a96697 StaticDependenciesID=5ad8f0e96191e6d8b7fbf5bb08104a58 
Number of updated asset objects reloaded before import = 0Number of asset objects unloaded after import = 1

========================================================================
Received Import Request.
  Time since last request: 0.000030 seconds.
  path: Assets/Hovl Studio/DemoAssets/Textures/Aulora1.png
  importAddress: Guid(da17b3536c0364944b8dacd57cb92df6) Importer(2089858483,b0f066a214c2f5e87bad3c948f4d605d)
Start importing Assets/Hovl Studio/DemoAssets/Textures/Aulora1.png using Guid(da17b3536c0364944b8dacd57cb92df6) Importer(2089858483,b0f066a214c2f5e87bad3c948f4d605d) (ScriptedImporter) -> (Import Result ID: '6067920725fc749cd8fac53b9e11a9ae') in 0.0354319 seconds [static and dynamic dependencies]. Details - ImportResultOutputID=b664dae4b885f6e03da3a492b8ee6452 DependenciesID=b192f29799665f104a24dfe8b4a02ccd StaticDependenciesID=c57510b87b339f4a304bb8930cad7eb2 
Number of updated asset objects reloaded before import = 0Number of asset objects unloaded after import = 1

========================================================================
Received Import Request.
  Time since last request: 0.000034 seconds.
  path: Assets/Hovl Studio/DemoAssets/Textures/CircleBigMask.png
  importAddress: Guid(f9b2ffd8221a8584bb0198fe1857f143) Importer(2089858483,b0f066a214c2f5e87bad3c948f4d605d)
Start importing Assets/Hovl Studio/DemoAssets/Textures/CircleBigMask.png using Guid(f9b2ffd8221a8584bb0198fe1857f143) Importer(2089858483,b0f066a214c2f5e87bad3c948f4d605d) (ScriptedImporter) -> (Import Result ID: '064b2a4526b18419321dd0c0ac613a82') in 0.0731185 seconds [static and dynamic dependencies]. Details - ImportResultOutputID=f906d52bef0524a085e381ba958f0ed6 DependenciesID=86befad114df7e6bbb4abfc9af775181 StaticDependenciesID=0c9cec511aad877fee69e1e3fab67848 
Number of updated asset objects reloaded before import = 0Number of asset objects unloaded after import = 1

========================================================================
Received Import Request.
  Time since last request: 0.000015 seconds.
  path: Assets/Hovl Studio/DemoAssets/Textures/Trail80.png
  importAddress: Guid(5bd84a21853d21a4db66110c6bfa9a23) Importer(2089858483,b0f066a214c2f5e87bad3c948f4d605d)
Start importing Assets/Hovl Studio/DemoAssets/Textures/Trail80.png using Guid(5bd84a21853d21a4db66110c6bfa9a23) Importer(2089858483,b0f066a214c2f5e87bad3c948f4d605d) (ScriptedImporter) -> (Import Result ID: '50f6796e88e669fb94a5c8fb888c2ff8') in 0.0787281 seconds [static and dynamic dependencies]. Details - ImportResultOutputID=104241045bb67539eb3018f99150af28 DependenciesID=66a63b865e67343d2a0d5838e088692b StaticDependenciesID=0791c7a66dc3dbf9efb16479dff50fd2 
Number of updated asset objects reloaded before import = 0Number of asset objects unloaded after import = 1

========================================================================
Received Import Request.
  Time since last request: 0.000014 seconds.
  path: Assets/Hovl Studio/DemoAssets/Textures/Crater48.png
  importAddress: Guid(e41f056897fb69a4da6618c81847c717) Importer(2089858483,b0f066a214c2f5e87bad3c948f4d605d)
Start importing Assets/Hovl Studio/DemoAssets/Textures/Crater48.png using Guid(e41f056897fb69a4da6618c81847c717) Importer(2089858483,b0f066a214c2f5e87bad3c948f4d605d) (ScriptedImporter) -> (Import Result ID: 'd85bb8b8ced698c255b98f8270ac3714') in 0.0762386 seconds [static and dynamic dependencies]. Details - ImportResultOutputID=f80161e8d6676cb27a0b171690021baf DependenciesID=8f42f7f7c23415faf32d16cba218e3a7 StaticDependenciesID=64c290af13442b2b167adc90850d18d1 
Number of updated asset objects reloaded before import = 0Number of asset objects unloaded after import = 1

========================================================================
Received Import Request.
  Time since last request: 0.000030 seconds.
  path: Assets/Hovl Studio/DemoAssets/Textures/Rays12.png
  importAddress: Guid(c9952c55479c7b94bb9986f71ee91d6a) Importer(2089858483,b0f066a214c2f5e87bad3c948f4d605d)
Start importing Assets/Hovl Studio/DemoAssets/Textures/Rays12.png using Guid(c9952c55479c7b94bb9986f71ee91d6a) Importer(2089858483,b0f066a214c2f5e87bad3c948f4d605d) (ScriptedImporter) -> (Import Result ID: '8c627527ad67487f926107b6baabd446') in 0.0161592 seconds [static and dynamic dependencies]. Details - ImportResultOutputID=f369f7bb2e4acbcd96375e7a24b1407a DependenciesID=6d872983a9e7bb1859fc5f30b58c63fa StaticDependenciesID=15b56e18df84be645481d4cb674e6bb9 
Number of updated asset objects reloaded before import = 0Number of asset objects unloaded after import = 1

========================================================================
Received Import Request.
  Time since last request: 0.000023 seconds.
  path: Assets/DemoSence/Sets/Mankey/Hit/Damage_Critical_GreatSword.anim
  importAddress: Guid(d7f6ec4fe18d56ed4b64b0a65410cdaa) Importer(2089858483,b0f066a214c2f5e87bad3c948f4d605d)
Start importing Assets/DemoSence/Sets/Mankey/Hit/Damage_Critical_GreatSword.anim using Guid(d7f6ec4fe18d56ed4b64b0a65410cdaa) Importer(2089858483,b0f066a214c2f5e87bad3c948f4d605d) (ScriptedImporter) -> (Import Result ID: 'a22a2e5df528595f8ab09c548543ff7d') in 0.7152754 seconds [static and dynamic dependencies]. Details - ImportResultOutputID=e02b05a7b3e69b00a38fa79def088551 DependenciesID=b172e118379e3892a94a15149f8110a6 StaticDependenciesID=e42c6d0563e0832e1572ad109c7d26b1 
Number of updated asset objects reloaded before import = 0Number of asset objects unloaded after import = 1

========================================================================
Received Import Request.
  Time since last request: 0.000029 seconds.
  path: Assets/Hovl Studio/DemoAssets/Textures/CircleRainbow10.png
  importAddress: Guid(68be60b9f51e6b447a28cdb9af6a52cf) Importer(2089858483,b0f066a214c2f5e87bad3c948f4d605d)
Start importing Assets/Hovl Studio/DemoAssets/Textures/CircleRainbow10.png using Guid(68be60b9f51e6b447a28cdb9af6a52cf) Importer(2089858483,b0f066a214c2f5e87bad3c948f4d605d) (ScriptedImporter) -> (Import Result ID: '0cb3feacd458c4ece84cc648685b4778') in 0.06187 seconds [static and dynamic dependencies]. Details - ImportResultOutputID=1e5e3ea0a7d7be64e87821aef092df41 DependenciesID=7d51c5be78582e224006843e3eb0108c StaticDependenciesID=49c259456d53361945a5f3f028d47aad 
Number of updated asset objects reloaded before import = 0Number of asset objects unloaded after import = 1

========================================================================
Received Import Request.
  Time since last request: 0.000015 seconds.
  path: Assets/Hovl Studio/DemoAssets/Textures/Crater49.png
  importAddress: Guid(abcb7fa441e9b414ba4b8a4cf6f97797) Importer(2089858483,b0f066a214c2f5e87bad3c948f4d605d)
Start importing Assets/Hovl Studio/DemoAssets/Textures/Crater49.png using Guid(abcb7fa441e9b414ba4b8a4cf6f97797) Importer(2089858483,b0f066a214c2f5e87bad3c948f4d605d) (ScriptedImporter) -> (Import Result ID: '8a02dd167ccf97649f57ba7b77261aa6') in 0.0605008 seconds [static and dynamic dependencies]. Details - ImportResultOutputID=ea925f816a49dafae3990c8eed408e0b DependenciesID=6d806fc6da724d516bf3f50756c5056f StaticDependenciesID=923c5999e6bce6bc17bbcf121f253b59 
Number of updated asset objects reloaded before import = 0Number of asset objects unloaded after import = 1

========================================================================
Received Import Request.
  Time since last request: 0.000016 seconds.
  path: Assets/Hovl Studio/Sword slash VFX/Textures/Crater62.png
  importAddress: Guid(776495090b22ebc49af55b62923f4a68) Importer(2089858483,b0f066a214c2f5e87bad3c948f4d605d)
Start importing Assets/Hovl Studio/Sword slash VFX/Textures/Crater62.png using Guid(776495090b22ebc49af55b62923f4a68) Importer(2089858483,b0f066a214c2f5e87bad3c948f4d605d) (ScriptedImporter) -> (Import Result ID: '66352fc38baf79a3ec7d409416e40e92') in 0.0131707 seconds [static and dynamic dependencies]. Details - ImportResultOutputID=abdf80d5cf482e70e81243c0777aea13 DependenciesID=020df9a40f2b7b45449d7c2e1cb4b957 StaticDependenciesID=a003925262afef3ef9e7902335100df1 
Number of updated asset objects reloaded before import = 0Number of asset objects unloaded after import = 1

========================================================================
Received Import Request.
  Time since last request: 0.000029 seconds.
  path: Assets/BeatEmUp_GameTemplate3D/Audio/HandPointer.wav
  importAddress: Guid(dc62a2070db667842b873f346722d971) Importer(2089858483,b0f066a214c2f5e87bad3c948f4d605d)
Start importing Assets/BeatEmUp_GameTemplate3D/Audio/HandPointer.wav using Guid(dc62a2070db667842b873f346722d971) Importer(2089858483,b0f066a214c2f5e87bad3c948f4d605d) (ScriptedImporter) -> (Import Result ID: '0a574d771a05fbf1085b42837287428c') in 0.0151838 seconds [static and dynamic dependencies]. Details - ImportResultOutputID=00e4df5e098c8d7106e317aa963b62bd DependenciesID=5f8ac4002ac1aea0630d737a2c0c6432 StaticDependenciesID=f2e9145f6963158f5409cc5e320f7f85 
Number of updated asset objects reloaded before import = 0Number of asset objects unloaded after import = 1

========================================================================
Received Import Request.
  Time since last request: 0.000019 seconds.
  path: Assets/DemoSence/Sets/Mankey/Being Hit/Damage_Critical_Warrior_Hit2.anim
  importAddress: Guid(8f109034448249a52a6584997acc18ff) Importer(2089858483,b0f066a214c2f5e87bad3c948f4d605d)
Start importing Assets/DemoSence/Sets/Mankey/Being Hit/Damage_Critical_Warrior_Hit2.anim using Guid(8f109034448249a52a6584997acc18ff) Importer(2089858483,b0f066a214c2f5e87bad3c948f4d605d) (ScriptedImporter) -> (Import Result ID: 'ecc5ca0efe42d4f88c35757de422cad6') in 0.538488 seconds [static and dynamic dependencies]. Details - ImportResultOutputID=6df60bde1168ab109affca00a7c73d7c DependenciesID=a37a8fdb991e349315afc8c315acbb5c StaticDependenciesID=c66a0fe23e6f35b7d10dd4a8061684ae 
Number of updated asset objects reloaded before import = 0Number of asset objects unloaded after import = 1

========================================================================
Received Import Request.
  Time since last request: 0.000033 seconds.
  path: Assets/Hovl Studio/DemoAssets/Textures/Noise84.png
  importAddress: Guid(ff6d0479db5058f42878d15454bd3fc9) Importer(2089858483,b0f066a214c2f5e87bad3c948f4d605d)
Start importing Assets/Hovl Studio/DemoAssets/Textures/Noise84.png using Guid(ff6d0479db5058f42878d15454bd3fc9) Importer(2089858483,b0f066a214c2f5e87bad3c948f4d605d) (ScriptedImporter) -> (Import Result ID: 'd2ecbbd1d4a0c6260791a2baab3fd10d') in 0.1134651 seconds [static and dynamic dependencies]. Details - ImportResultOutputID=3f30a010256b4e2679dbf5f9ed4976ab DependenciesID=b537142878b671f2c114202e9438aa4d StaticDependenciesID=b33e4f6e51e31fc644a2d913deff032d 
Number of updated asset objects reloaded before import = 0Number of asset objects unloaded after import = 1

========================================================================
Received Import Request.
  Time since last request: 0.000020 seconds.
  path: Assets/Hovl Studio/DemoAssets/Textures/MagicText6.png
  importAddress: Guid(a8998d7ab4b7f014a9a429459a4b24f6) Importer(2089858483,b0f066a214c2f5e87bad3c948f4d605d)
Start importing Assets/Hovl Studio/DemoAssets/Textures/MagicText6.png using Guid(a8998d7ab4b7f014a9a429459a4b24f6) Importer(2089858483,b0f066a214c2f5e87bad3c948f4d605d) (ScriptedImporter) -> (Import Result ID: '2313438f90d82b96d0025ccda39f7fde') in 0.1706101 seconds [static and dynamic dependencies]. Details - ImportResultOutputID=96ab8010794647069dad8a625bbf8b65 DependenciesID=3c8a334c5e7c140be262f093ec0302fc StaticDependenciesID=d70fafb03684bda461cdd7af0183e570 
Number of updated asset objects reloaded before import = 0Number of asset objects unloaded after import = 1

========================================================================
Received Import Request.
  Time since last request: 0.000020 seconds.
  path: Assets/Hovl Studio/DemoAssets/Textures/Circle38.png
  importAddress: Guid(4d41495f05e1e7a46b981c43293cb751) Importer(2089858483,b0f066a214c2f5e87bad3c948f4d605d)
Start importing Assets/Hovl Studio/DemoAssets/Textures/Circle38.png using Guid(4d41495f05e1e7a46b981c43293cb751) Importer(2089858483,b0f066a214c2f5e87bad3c948f4d605d) (ScriptedImporter) -> (Import Result ID: 'bf46621eb34c691d94c41e795f5972cb') in 0.119108 seconds [static and dynamic dependencies]. Details - ImportResultOutputID=40442d7fb609d7319b36fdb93e1ae2d0 DependenciesID=22215b48555d06aa626c90482fc8c1ba StaticDependenciesID=c132d2b4bb064287a18f126a503fda9a 
Number of updated asset objects reloaded before import = 0Number of asset objects unloaded after import = 1

========================================================================
Received Import Request.
  Time since last request: 0.000045 seconds.
  path: Assets/BeatEmUp_GameTemplate3D/Environment/Models/HalfQuad.FBX
  importAddress: Guid(c94bdce5c901b1543a067eebf0cf5f75) Importer(2089858483,b0f066a214c2f5e87bad3c948f4d605d)
Start importing Assets/BeatEmUp_GameTemplate3D/Environment/Models/HalfQuad.FBX using Guid(c94bdce5c901b1543a067eebf0cf5f75) Importer(2089858483,b0f066a214c2f5e87bad3c948f4d605d) (ScriptedImporter) -> (Import Result ID: '744af04f29234989002ce3502ea518f9') in 0.00989 seconds [static and dynamic dependencies]. Details - ImportResultOutputID=9930b5a0e7feb3b55df8f90a5a7e2a2c DependenciesID=b17c7bc1728922ffcbe054e7153c94af StaticDependenciesID=5d4bdd33ca139ffe80e7664089becb2c 
Number of updated asset objects reloaded before import = 0Number of asset objects unloaded after import = 7

========================================================================
Received Import Request.
  Time since last request: 0.000018 seconds.
  path: Assets/BeatEmUp_GameTemplate3D/Audio/BulletHit.wav
  importAddress: Guid(d9f55764a95aa164882c8b163a58265a) Importer(2089858483,b0f066a214c2f5e87bad3c948f4d605d)
Start importing Assets/BeatEmUp_GameTemplate3D/Audio/BulletHit.wav using Guid(d9f55764a95aa164882c8b163a58265a) Importer(2089858483,b0f066a214c2f5e87bad3c948f4d605d) (ScriptedImporter) -> (Import Result ID: '31b4e88875b9540d1775430e3648bf1d') in 0.0508835 seconds [static and dynamic dependencies]. Details - ImportResultOutputID=eb75b399d5ec3aa106424c2650c55633 DependenciesID=d0e9860fabc4ab8bdcf3d319018e9bd7 StaticDependenciesID=3f6ce9f10c58cb6b1203903c7d0e6a7c 
Number of updated asset objects reloaded before import = 0Number of asset objects unloaded after import = 1

========================================================================
Received Import Request.
  Time since last request: 0.000031 seconds.
  path: Assets/BeatEmUp_GameTemplate3D/Audio/KnifeHit.wav
  importAddress: Guid(3cca6d725bd50dc4e823dd48c02c69df) Importer(2089858483,b0f066a214c2f5e87bad3c948f4d605d)
Start importing Assets/BeatEmUp_GameTemplate3D/Audio/KnifeHit.wav using Guid(3cca6d725bd50dc4e823dd48c02c69df) Importer(2089858483,b0f066a214c2f5e87bad3c948f4d605d) (ScriptedImporter) -> (Import Result ID: 'a17be2e8d4cf031524709fa3eb0dcf58') in 0.0894647 seconds [static and dynamic dependencies]. Details - ImportResultOutputID=7e71cfbf241f6493722ae9d0f0e60377 DependenciesID=1266b2940d22537f465ccffdcfe2e063 StaticDependenciesID=9f31480c7fc67d17e3dcab53f0a5a927 
Number of updated asset objects reloaded before import = 0Number of asset objects unloaded after import = 1

========================================================================
Received Import Request.
  Time since last request: 0.000016 seconds.
  path: Assets/GreatSword_Animset/Scene/Execution_Sample/ReflectionProbe-0.exr
  importAddress: Guid(0535a6f29cf519b939124d5c7b762cd0) Importer(2089858483,b0f066a214c2f5e87bad3c948f4d605d)
Start importing Assets/GreatSword_Animset/Scene/Execution_Sample/ReflectionProbe-0.exr using Guid(0535a6f29cf519b939124d5c7b762cd0) Importer(2089858483,b0f066a214c2f5e87bad3c948f4d605d) (ScriptedImporter) -> (Import Result ID: 'f3658b702ce1813a65e9c6884e7c93e4') in 0.1068488 seconds [static and dynamic dependencies]. Details - ImportResultOutputID=4c2e663824971b352d97264598a6f2c7 DependenciesID=41907272111de9364895330250d74259 StaticDependenciesID=b5a6e3f140500ebe791adc1c576b02d4 
Number of updated asset objects reloaded before import = 0Number of asset objects unloaded after import = 1

========================================================================
Received Import Request.
  Time since last request: 0.000056 seconds.
  path: Assets/Hovl Studio/DemoAssets/Textures/Lightning11.png
  importAddress: Guid(a3ac268ca3cacba4fbd39fdbef21ff67) Importer(2089858483,b0f066a214c2f5e87bad3c948f4d605d)
Start importing Assets/Hovl Studio/DemoAssets/Textures/Lightning11.png using Guid(a3ac268ca3cacba4fbd39fdbef21ff67) Importer(2089858483,b0f066a214c2f5e87bad3c948f4d605d) (ScriptedImporter) -> (Import Result ID: '7837fa73d2eae95908f065c173a2addc') in 0.1313807 seconds [static and dynamic dependencies]. Details - ImportResultOutputID=dc271703b015f5148631c6d048cf64e3 DependenciesID=98514f0e2918d9fdf43ccbc91217a0b6 StaticDependenciesID=9ca3632511396ed4afc74c88caf7ae90 
Number of updated asset objects reloaded before import = 0Number of asset objects unloaded after import = 1

========================================================================
Received Import Request.
  Time since last request: 0.000016 seconds.
  path: Assets/BeatEmUp_GameTemplate3D/Audio/PlayerLandVoice.wav
  importAddress: Guid(5dde4e588be4b1f499d885f454d225c0) Importer(2089858483,b0f066a214c2f5e87bad3c948f4d605d)
Start importing Assets/BeatEmUp_GameTemplate3D/Audio/PlayerLandVoice.wav using Guid(5dde4e588be4b1f499d885f454d225c0) Importer(2089858483,b0f066a214c2f5e87bad3c948f4d605d) (ScriptedImporter) -> (Import Result ID: 'b54663a1922c379dddd777e82370d0d2') in 0.0688857 seconds [static and dynamic dependencies]. Details - ImportResultOutputID=62fde1f43a60502f5e40cc27e58e0475 DependenciesID=f973133b57f7c3f4c986c15b6e9d3436 StaticDependenciesID=8d42f38d3d7e27d628821ef68347bef4 
Number of updated asset objects reloaded before import = 0Number of asset objects unloaded after import = 1

========================================================================
Received Import Request.
  Time since last request: 0.000018 seconds.
  path: Assets/Audio/Battle/Clips/Processed/light_hit_IMPACT_Generic_07_mono.wav
  importAddress: Guid(c1cbc672ab19d0c49bcfd0c159077641) Importer(2089858483,b0f066a214c2f5e87bad3c948f4d605d)
Start importing Assets/Audio/Battle/Clips/Processed/light_hit_IMPACT_Generic_07_mono.wav using Guid(c1cbc672ab19d0c49bcfd0c159077641) Importer(2089858483,b0f066a214c2f5e87bad3c948f4d605d) (ScriptedImporter) -> (Import Result ID: '3f6bf05836ea3f7bdc7cf84ad7a36d92') in 0.0905451 seconds [static and dynamic dependencies]. Details - ImportResultOutputID=e9d444ca2ff6a326363355e54b763b49 DependenciesID=ca1833d8735cbf2203b3ebd44c4317b2 StaticDependenciesID=64e0b867034d84fffdb8b23b8bebf9ce 
Number of updated asset objects reloaded before import = 0Number of asset objects unloaded after import = 1

========================================================================
Received Import Request.
  Time since last request: 0.000035 seconds.
  path: Assets/Audio/Battle/Clips/Processed/footstep_FOOTSTEP_Asphalt_Trainers_Walk_Slow_RR1_mono.wav
  importAddress: Guid(b9a361425bacc2f4584931675db29f3e) Importer(2089858483,b0f066a214c2f5e87bad3c948f4d605d)
Start importing Assets/Audio/Battle/Clips/Processed/footstep_FOOTSTEP_Asphalt_Trainers_Walk_Slow_RR1_mono.wav using Guid(b9a361425bacc2f4584931675db29f3e) Importer(2089858483,b0f066a214c2f5e87bad3c948f4d605d) (ScriptedImporter) -> (Import Result ID: '96a817cb207b87dcb02524f368a3cf71') in 0.1067335 seconds [static and dynamic dependencies]. Details - ImportResultOutputID=c9e688661fc821f9115f5dbb8abf027e DependenciesID=185b3ff1ee3d10da9e17a49f65ac697f StaticDependenciesID=19cebc3c0584b5953a436c22562adc95 
Number of updated asset objects reloaded before import = 0Number of asset objects unloaded after import = 1

========================================================================
Received Import Request.
  Time since last request: 0.000030 seconds.
  path: Assets/Audio/Battle/Clips/Processed/hurt_voice_GRUNT_Male_B_Hurt_Short_02_mono.wav
  importAddress: Guid(51f890aabe5c49240a291d6fadeaeee3) Importer(2089858483,b0f066a214c2f5e87bad3c948f4d605d)
Start importing Assets/Audio/Battle/Clips/Processed/hurt_voice_GRUNT_Male_B_Hurt_Short_02_mono.wav using Guid(51f890aabe5c49240a291d6fadeaeee3) Importer(2089858483,b0f066a214c2f5e87bad3c948f4d605d) (ScriptedImporter) -> (Import Result ID: 'e08f379afd689a41ce8be053348b63d0') in 0.0471222 seconds [static and dynamic dependencies]. Details - ImportResultOutputID=53a1c05807bc4a8f5bf9d36a21a9f5d2 DependenciesID=ac6f9f8399a81790414703619b53fb85 StaticDependenciesID=a24daaa135eecd683f5f1c77e32f84f0 
Number of updated asset objects reloaded before import = 0Number of asset objects unloaded after import = 1

========================================================================
Received Import Request.
  Time since last request: 0.000094 seconds.
  path: Assets/BeatEmUp_GameTemplate3D/Audio/Whoosh.wav
  importAddress: Guid(e847fd82c67d89c4fbc267c8cd96a684) Importer(2089858483,b0f066a214c2f5e87bad3c948f4d605d)
Start importing Assets/BeatEmUp_GameTemplate3D/Audio/Whoosh.wav using Guid(e847fd82c67d89c4fbc267c8cd96a684) Importer(2089858483,b0f066a214c2f5e87bad3c948f4d605d) (ScriptedImporter) -> (Import Result ID: '80e8ed4ed041c68a77fe8d033cfea780') in 0.1056074 seconds [static and dynamic dependencies]. Details - ImportResultOutputID=4f814c067c451743a48ca46ff0fc326d DependenciesID=d014bf42b38ba12c8c52a23130abc46a StaticDependenciesID=0375177e16a9b712d845061c49359128 
Number of updated asset objects reloaded before import = 0Number of asset objects unloaded after import = 1

========================================================================
Received Import Request.
  Time since last request: 0.000023 seconds.
  path: Assets/Scripts/Camera/BattleCameraShake.cs
  importAddress: Guid(30bf2987557b2cd428ad0ab9e983de30) Importer(2089858483,b0f066a214c2f5e87bad3c948f4d605d)
Start importing Assets/Scripts/Camera/BattleCameraShake.cs using Guid(30bf2987557b2cd428ad0ab9e983de30) Importer(2089858483,b0f066a214c2f5e87bad3c948f4d605d) (ScriptedImporter) -> (Import Result ID: 'ba1bfcaa9da003ef200fe1cd66be56c3') in 0.0037174 seconds [static and dynamic dependencies]. Details - ImportResultOutputID=4c5c2f53ef7efeac4d62b40c980e0a3d DependenciesID=6f5bc04319a80d74358b265ba75e55e7 StaticDependenciesID=60072fc46d7d781f5deb38b86cb62085 
Number of updated asset objects reloaded before import = 0Number of asset objects unloaded after import = 0

========================================================================
Received Import Request.
  Time since last request: 0.000091 seconds.
  path: Assets/TextMesh Pro/Resources/Fonts & Materials/LiberationSans SDF - Fallback.asset
  importAddress: Guid(2e498d1c8094910479dc3e1b768306a4) Importer(2089858483,b0f066a214c2f5e87bad3c948f4d605d)
Start importing Assets/TextMesh Pro/Resources/Fonts & Materials/LiberationSans SDF - Fallback.asset using Guid(2e498d1c8094910479dc3e1b768306a4) Importer(2089858483,b0f066a214c2f5e87bad3c948f4d605d) (ScriptedImporter) -> (Import Result ID: 'ffdbd5c671bd84465fd87557d29f49cd') in 0.1149352 seconds [static and dynamic dependencies]. Details - ImportResultOutputID=c64e4f74dd54256c89425998329f3861 DependenciesID=205e4793e4c783d218bc83b8678906f3 StaticDependenciesID=5c3cfd7d0ac0dc2db526558223656a61 
Number of updated asset objects reloaded before import = 0Number of asset objects unloaded after import = 5

========================================================================
Received Import Request.
  Time since last request: 0.000014 seconds.
  path: Assets/Scripts/Vfx/BattleImpactFeedback.cs
  importAddress: Guid(d4fb1ca8cfc2e9e4299e27f83c59e2eb) Importer(2089858483,b0f066a214c2f5e87bad3c948f4d605d)
Start importing Assets/Scripts/Vfx/BattleImpactFeedback.cs using Guid(d4fb1ca8cfc2e9e4299e27f83c59e2eb) Importer(2089858483,b0f066a214c2f5e87bad3c948f4d605d) (ScriptedImporter) -> (Import Result ID: '9e4df1f1c42afd8f9ede5b0acab23f1f') in 0.0255798 seconds [static and dynamic dependencies]. Details - ImportResultOutputID=6d59b3e4a152f7329b6d9bf883d8d1b5 DependenciesID=f636366394cad5f47d32bfac51054b2e StaticDependenciesID=88d99834dfa4efac715df9862c64a811 
Number of updated asset objects reloaded before import = 0Number of asset objects unloaded after import = 0

========================================================================
Received Import Request.
  Time since last request: 0.000122 seconds.
  path: Assets/BeatEmUp_GameTemplate3D/Audio/PlayerHurt4.wav
  importAddress: Guid(aa4859581ea205649979dfffe1b6a654) Importer(2089858483,b0f066a214c2f5e87bad3c948f4d605d)
Start importing Assets/BeatEmUp_GameTemplate3D/Audio/PlayerHurt4.wav using Guid(aa4859581ea205649979dfffe1b6a654) Importer(2089858483,b0f066a214c2f5e87bad3c948f4d605d) (ScriptedImporter) -> (Import Result ID: '377e36d132345079675ef6697ddcb0ae') in 0.0632183 seconds [static and dynamic dependencies]. Details - ImportResultOutputID=b9abe75d9d9023264acac5eaad77bdc6 DependenciesID=df048a6b76bedc76e672dc4bef675fb1 StaticDependenciesID=1a80732654aca0676a163efad40b318b 
Number of updated asset objects reloaded before import = 0Number of asset objects unloaded after import = 1

========================================================================
Received Import Request.
  Time since last request: 0.000019 seconds.
  path: Assets/Hovl Studio/DemoAssets/Textures/Trail78.png
  importAddress: Guid(df1dc02c708fca349887eb7e122be47d) Importer(2089858483,b0f066a214c2f5e87bad3c948f4d605d)
Start importing Assets/Hovl Studio/DemoAssets/Textures/Trail78.png using Guid(df1dc02c708fca349887eb7e122be47d) Importer(2089858483,b0f066a214c2f5e87bad3c948f4d605d) (ScriptedImporter) -> (Import Result ID: 'a9c096aef5cf8e6b419f69eb34ee1b6c') in 0.0755029 seconds [static and dynamic dependencies]. Details - ImportResultOutputID=f89921dcd5ac9cff1b504572306da53f DependenciesID=f2b11b18a7afaf025cceed014fb76413 StaticDependenciesID=9f9acaf6c500d4dca09940cb9ebd4e5a 
Number of updated asset objects reloaded before import = 0Number of asset objects unloaded after import = 1

========================================================================
Received Import Request.
  Time since last request: 0.000027 seconds.
  path: Assets/Hovl Studio/DemoAssets/Textures/Aura16.png
  importAddress: Guid(4cdecdfbc6f2fa34689b6691b5d55879) Importer(2089858483,b0f066a214c2f5e87bad3c948f4d605d)
Start importing Assets/Hovl Studio/DemoAssets/Textures/Aura16.png using Guid(4cdecdfbc6f2fa34689b6691b5d55879) Importer(2089858483,b0f066a214c2f5e87bad3c948f4d605d) (ScriptedImporter) -> (Import Result ID: '698788bdfaadedd4534f5352d70f9fdd') in 0.0837101 seconds [static and dynamic dependencies]. Details - ImportResultOutputID=575a6b62f7430db1e2ddcddff9a358b6 DependenciesID=fd04e33ea7c8e1388ddbc6ce3ed4c7bc StaticDependenciesID=fac69b83ce6eb51799966242f4ba501e 
Number of updated asset objects reloaded before import = 0Number of asset objects unloaded after import = 1

========================================================================
Received Import Request.
  Time since last request: 0.000021 seconds.
  path: Assets/DemoSence/Runtime/FrankBattlePairPlayback.cs
  importAddress: Guid(21ac820790462be4cbb0c1cfb1908201) Importer(2089858483,b0f066a214c2f5e87bad3c948f4d605d)
Start importing Assets/DemoSence/Runtime/FrankBattlePairPlayback.cs using Guid(21ac820790462be4cbb0c1cfb1908201) Importer(2089858483,b0f066a214c2f5e87bad3c948f4d605d) (ScriptedImporter) -> (Import Result ID: '4d2211edb5a010725b8d424eca32c80d') in 0.0031112 seconds [static and dynamic dependencies]. Details - ImportResultOutputID=a53acb251ce091cf0809f392d223393c DependenciesID=f53108bc9172354fccfe435aaefaafb8 StaticDependenciesID=52122461434baf57e9c179d486cf6db9 
Number of updated asset objects reloaded before import = 0Number of asset objects unloaded after import = 0

========================================================================
Received Import Request.
  Time since last request: 0.000112 seconds.
  path: Assets/Editor/CombatFlowValidation.cs
  importAddress: Guid(d2be45e928754592b3898b30c5efba32) Importer(2089858483,b0f066a214c2f5e87bad3c948f4d605d)
Start importing Assets/Editor/CombatFlowValidation.cs using Guid(d2be45e928754592b3898b30c5efba32) Importer(2089858483,b0f066a214c2f5e87bad3c948f4d605d) (ScriptedImporter) -> (Import Result ID: '54a6e1ccabe1cded221ebe09a95ce6a1') in 0.0030653 seconds [static and dynamic dependencies]. Details - ImportResultOutputID=ce9f49c125b6adae6bb50450bcedcb77 DependenciesID=0ceb992fd3ab1b0a5f0cd443144ff57e StaticDependenciesID=9d16657bb4a95c28e875eeb029b96d8e 
Number of updated asset objects reloaded before import = 0Number of asset objects unloaded after import = 0

========================================================================
Received Import Request.
  Time since last request: 0.000085 seconds.
  path: Assets/DemoSence/Editor/FrankBattleVfxValidation.cs
  importAddress: Guid(861e05e757027714bb5815e2bd8374ca) Importer(2089858483,b0f066a214c2f5e87bad3c948f4d605d)
Start importing Assets/DemoSence/Editor/FrankBattleVfxValidation.cs using Guid(861e05e757027714bb5815e2bd8374ca) Importer(2089858483,b0f066a214c2f5e87bad3c948f4d605d) (ScriptedImporter) -> (Import Result ID: '8a9ab794c1064cc4fd000ee97ac3fb0f') in 0.0033839 seconds [static and dynamic dependencies]. Details - ImportResultOutputID=672d69968b8272e481187f3a776865af DependenciesID=e202c68780d81846344d5fbdefd31ab6 StaticDependenciesID=538bb57ca164ccc6c181cd7ef3738252 
Number of updated asset objects reloaded before import = 0Number of asset objects unloaded after import = 0

========================================================================
Received Import Request.
  Time since last request: 0.000032 seconds.
  path: Assets/DemoSence/Editor/FrankBattleSfxPlayCheck.cs
  importAddress: Guid(9632ee4358a44a34eaf160b69cc0aede) Importer(2089858483,b0f066a214c2f5e87bad3c948f4d605d)
Start importing Assets/DemoSence/Editor/FrankBattleSfxPlayCheck.cs using Guid(9632ee4358a44a34eaf160b69cc0aede) Importer(2089858483,b0f066a214c2f5e87bad3c948f4d605d) (ScriptedImporter) -> (Import Result ID: 'da9733b7b5a724ef6edf809f7dba8367') in 0.0049091 seconds [static and dynamic dependencies]. Details - ImportResultOutputID=f3c1587c62280a96619e5fbf75361cd6 DependenciesID=445d2012e87db74b317d862d2b3e1edd StaticDependenciesID=dda5f2e05d0dfc5bdac1d63431c31bb8 
Number of updated asset objects reloaded before import = 0Number of asset objects unloaded after import = 0

========================================================================
Received Import Request.
  Time since last request: 0.000092 seconds.
  path: Assets/Vfx/Battle/CombatAccent/SpearPierceContact.prefab
  importAddress: Guid(2270509cca0c83a418774a4ea39e63de) Importer(2089858483,b0f066a214c2f5e87bad3c948f4d605d)
Start importing Assets/Vfx/Battle/CombatAccent/SpearPierceContact.prefab using Guid(2270509cca0c83a418774a4ea39e63de) Importer(2089858483,b0f066a214c2f5e87bad3c948f4d605d) (ScriptedImporter) -> (Import Result ID: '6f53ca1468024f1945ecce961be2b731') in 0.0350525 seconds [static and dynamic dependencies]. Details - ImportResultOutputID=64c5f49abe09f48e99ba4421fc666cbd DependenciesID=a0d2908c0cfc61ec46c84ff3e697146d StaticDependenciesID=41158a477fd4ef308ddeab2eba19164d 
Number of updated asset objects reloaded before import = 0Number of asset objects unloaded after import = 43

========================================================================
Received Import Request.
  Time since last request: 0.000032 seconds.
  path: Assets/DemoSence/Editor/FrankBattleWeaponVfxSetup.cs
  importAddress: Guid(e61c68160ef3b53468775c703d43085b) Importer(2089858483,b0f066a214c2f5e87bad3c948f4d605d)
Start importing Assets/DemoSence/Editor/FrankBattleWeaponVfxSetup.cs using Guid(e61c68160ef3b53468775c703d43085b) Importer(2089858483,b0f066a214c2f5e87bad3c948f4d605d) (ScriptedImporter) -> (Import Result ID: '16ee7a093f28087c7f2ed55667cc041a') in 0.0046994 seconds [static and dynamic dependencies]. Details - ImportResultOutputID=30209eebddae340fc2f2d573d834ad6a DependenciesID=8c46dddf2182a83756673dc38f7ed5c2 StaticDependenciesID=a944d73fa5797476aaaf6bf045b1c6a6 
Number of updated asset objects reloaded before import = 0Number of asset objects unloaded after import = 0

========================================================================
Received Import Request.
  Time since last request: 0.000017 seconds.
  path: Assets/Vfx/Battle/CombatAccent/SpearPierceContactCore.asset
  importAddress: Guid(7556964f75118674d9078e2545bac0f9) Importer(2089858483,b0f066a214c2f5e87bad3c948f4d605d)
Start importing Assets/Vfx/Battle/CombatAccent/SpearPierceContactCore.asset using Guid(7556964f75118674d9078e2545bac0f9) Importer(2089858483,b0f066a214c2f5e87bad3c948f4d605d) (ScriptedImporter) -> (Import Result ID: 'ef12913e223f409fbbe09aacb16a0e5d') in 0.0055108 seconds [static and dynamic dependencies]. Details - ImportResultOutputID=b10fb62683d75ca4e56784f97f7f1882 DependenciesID=f10de809cfc136e84c2d832b23b63365 StaticDependenciesID=b1699aa4df1be44de06750f7e142f07a 
Number of updated asset objects reloaded before import = 0Number of asset objects unloaded after import = 1

========================================================================
Received Import Request.
  Time since last request: 0.000019 seconds.
  path: Assets/Vfx/Battle/CombatAccent/DualDaggersPierceContact.prefab
  importAddress: Guid(cd12b9abc381879458c9918f9755f959) Importer(2089858483,b0f066a214c2f5e87bad3c948f4d605d)
Start importing Assets/Vfx/Battle/CombatAccent/DualDaggersPierceContact.prefab using Guid(cd12b9abc381879458c9918f9755f959) Importer(2089858483,b0f066a214c2f5e87bad3c948f4d605d) (ScriptedImporter) -> (Import Result ID: '48dcf9230d306740077749bfdf7bb7aa') in 0.0165929 seconds [static and dynamic dependencies]. Details - ImportResultOutputID=07cc1e34538e415af2f6a7325a34aa2b DependenciesID=f435f3437da125967660028f0a46697e StaticDependenciesID=387515ce11fa2b4309857bac8e757a0f 
Number of updated asset objects reloaded before import = 0Number of asset objects unloaded after import = 43

========================================================================
Received Import Request.
  Time since last request: 0.000018 seconds.
  path: Assets/Vfx/Battle/CombatAccent/AssassinPierceContactCore.asset
  importAddress: Guid(e0710328c2d26dd4abdeac6d31f09fe7) Importer(2089858483,b0f066a214c2f5e87bad3c948f4d605d)
Start importing Assets/Vfx/Battle/CombatAccent/AssassinPierceContactCore.asset using Guid(e0710328c2d26dd4abdeac6d31f09fe7) Importer(2089858483,b0f066a214c2f5e87bad3c948f4d605d) (ScriptedImporter) -> (Import Result ID: '6031a7fd7c831270eedcf6e33d15b080') in 0.0049244 seconds [static and dynamic dependencies]. Details - ImportResultOutputID=08524cd31f63d2a588fba1aa3450c551 DependenciesID=f531cffab7af704cf1e8e8b3e1f2f060 StaticDependenciesID=980a025f0aa9b6eb6a5dda57487deb26 
Number of updated asset objects reloaded before import = 0Number of asset objects unloaded after import = 1

========================================================================
Received Import Request.
  Time since last request: 0.000040 seconds.
  path: Assets/Vfx/Battle/Shaders/WeaponRibbon.shader
  importAddress: Guid(4265d955b8995644f92dacca0df01d98) Importer(2089858483,b0f066a214c2f5e87bad3c948f4d605d)
Start importing Assets/Vfx/Battle/Shaders/WeaponRibbon.shader using Guid(4265d955b8995644f92dacca0df01d98) Importer(2089858483,b0f066a214c2f5e87bad3c948f4d605d) (ScriptedImporter) -> (Import Result ID: 'f3a97179c18dcc47ed219a08cff54fbf') in 0.0076944 seconds [static and dynamic dependencies]. Details - ImportResultOutputID=69f1dc9d641e60a8497cbe45b34495a1 DependenciesID=93affd52e0fb817f400609d121285a54 StaticDependenciesID=2685ca3fa3829b42b85ae3e6679c712b 
Number of updated asset objects reloaded before import = 0Number of asset objects unloaded after import = 1

========================================================================
Received Import Request.
  Time since last request: 0.000032 seconds.
  path: Assets/Hovl Studio/DemoAssets/Textures/Crater37.png
  importAddress: Guid(192014a1f78b9914e8b24caf2d0864b4) Importer(2089858483,b0f066a214c2f5e87bad3c948f4d605d)
Start importing Assets/Hovl Studio/DemoAssets/Textures/Crater37.png using Guid(192014a1f78b9914e8b24caf2d0864b4) Importer(2089858483,b0f066a214c2f5e87bad3c948f4d605d) (ScriptedImporter) -> (Import Result ID: '6c81325c139786b8bb384433f8a13678') in 0.1000398 seconds [static and dynamic dependencies]. Details - ImportResultOutputID=6d5e17800ab1ea5d015eb637b17f8e90 DependenciesID=92aa80c1dc29cdb8845256cb56808cd9 StaticDependenciesID=820304571632d45daa4fd3e2d516bda2 
Number of updated asset objects reloaded before import = 0Number of asset objects unloaded after import = 1

========================================================================
Received Import Request.
  Time since last request: 0.000019 seconds.
  path: Assets/Audio/Battle/Clips/Processed/fight_start_VOICE_MALE_Fight_1_mono.wav
  importAddress: Guid(f7a05fe7e8e53e74292b5f5ee0414a7a) Importer(2089858483,b0f066a214c2f5e87bad3c948f4d605d)
Start importing Assets/Audio/Battle/Clips/Processed/fight_start_VOICE_MALE_Fight_1_mono.wav using Guid(f7a05fe7e8e53e74292b5f5ee0414a7a) Importer(2089858483,b0f066a214c2f5e87bad3c948f4d605d) (ScriptedImporter) -> (Import Result ID: '22af19916b89ada9eefe1c2311c9b51e') in 0.0948352 seconds [static and dynamic dependencies]. Details - ImportResultOutputID=7a9f5869477a7f4d76f904baaf14a637 DependenciesID=cee6ca9a2488faff9cf7beb5d74f4996 StaticDependenciesID=2f6309a70cb14802d7e6f901625113d9 
Number of updated asset objects reloaded before import = 0Number of asset objects unloaded after import = 1

========================================================================
Received Import Request.
  Time since last request: 0.000046 seconds.
  path: Assets/Hovl Studio/DemoAssets/Textures/Flare19.png
  importAddress: Guid(2eb05d7d03baa634c9d38dfbb3a6fa81) Importer(2089858483,b0f066a214c2f5e87bad3c948f4d605d)
Start importing Assets/Hovl Studio/DemoAssets/Textures/Flare19.png using Guid(2eb05d7d03baa634c9d38dfbb3a6fa81) Importer(2089858483,b0f066a214c2f5e87bad3c948f4d605d) (ScriptedImporter) -> (Import Result ID: '0ea757ce70bd5d7ec60156c84b581670') in 0.0584437 seconds [static and dynamic dependencies]. Details - ImportResultOutputID=82d08b598febcb992b3ad79a82785582 DependenciesID=08f5420e38c692df51d9ece26521983c StaticDependenciesID=db48fd1acc86664184593e95bfb72615 
Number of updated asset objects reloaded before import = 0Number of asset objects unloaded after import = 1

========================================================================
Received Import Request.
  Time since last request: 0.000024 seconds.
  path: Assets/BeatEmUp_GameTemplate3D/Environment/Models/Lamps.FBX
  importAddress: Guid(7086512699b13744abb60dca2440184a) Importer(2089858483,b0f066a214c2f5e87bad3c948f4d605d)
Start importing Assets/BeatEmUp_GameTemplate3D/Environment/Models/Lamps.FBX using Guid(7086512699b13744abb60dca2440184a) Importer(2089858483,b0f066a214c2f5e87bad3c948f4d605d) (ScriptedImporter) -> (Import Result ID: 'bd586b08893899a80f2eaddfff2feaaa') in 0.0232945 seconds [static and dynamic dependencies]. Details - ImportResultOutputID=650df6a84cb66ce9238a7758631aa042 DependenciesID=6b4b2f919c5da649c701397b2bc816bf StaticDependenciesID=46f9e5deb20f72299f93f177976a4ee1 
Number of updated asset objects reloaded before import = 0Number of asset objects unloaded after import = 24

========================================================================
Received Import Request.
  Time since last request: 0.000018 seconds.
  path: Assets/Hovl Studio/DemoAssets/Textures/Object1.png
  importAddress: Guid(77915be38e4ee2a48b695d046d8bf19e) Importer(2089858483,b0f066a214c2f5e87bad3c948f4d605d)
Start importing Assets/Hovl Studio/DemoAssets/Textures/Object1.png using Guid(77915be38e4ee2a48b695d046d8bf19e) Importer(2089858483,b0f066a214c2f5e87bad3c948f4d605d) (ScriptedImporter) -> (Import Result ID: 'fec1d3bea88571bc12ece5d50cbefd3b') in 0.0425177 seconds [static and dynamic dependencies]. Details - ImportResultOutputID=42c9cbc15c2004e9e5bfabf3e90c7a34 DependenciesID=7f4b27036dda67cbcfb75901e054fdb8 StaticDependenciesID=0f7b86743d7d017e4acdb2a985e0410b 
Number of updated asset objects reloaded before import = 0Number of asset objects unloaded after import = 1

========================================================================
Received Import Request.
  Time since last request: 0.000043 seconds.
  path: Assets/ErbGameArt/Sword slash FX/Textures/Noise50.png
  importAddress: Guid(4e3951c538fc8a647a4a10a99b480987) Importer(2089858483,b0f066a214c2f5e87bad3c948f4d605d)
Start importing Assets/ErbGameArt/Sword slash FX/Textures/Noise50.png using Guid(4e3951c538fc8a647a4a10a99b480987) Importer(2089858483,b0f066a214c2f5e87bad3c948f4d605d) (ScriptedImporter) -> (Import Result ID: 'a9bf67669f3318ed6c92a616a4bb3ace') in 0.0540043 seconds [static and dynamic dependencies]. Details - ImportResultOutputID=afab2156d30a1b076e01dc4cb858f08b DependenciesID=28cba9b1905c5ffb822bbcff221762b7 StaticDependenciesID=35f73388634ccbfd01e0507399e421d7 
Number of updated asset objects reloaded before import = 0Number of asset objects unloaded after import = 1

========================================================================
Received Import Request.
  Time since last request: 0.000015 seconds.
  path: Assets/Vfx/Battle/WeaponTrails/AssassinPierceContact.mat
  importAddress: Guid(7ffbcd0b404b000408ac922f031efbc2) Importer(2089858483,b0f066a214c2f5e87bad3c948f4d605d)
Start importing Assets/Vfx/Battle/WeaponTrails/AssassinPierceContact.mat using Guid(7ffbcd0b404b000408ac922f031efbc2) Importer(2089858483,b0f066a214c2f5e87bad3c948f4d605d) (ScriptedImporter) -> (Import Result ID: '0cd988c3bafdc13db1ece35c9c47d759') in 0.0446487 seconds [static and dynamic dependencies]. Details - ImportResultOutputID=3f97b03e60e2f270bfdff6cab5d7e178 DependenciesID=16331499e2bcfb03ddaeba5bfb5f8522 StaticDependenciesID=564bc7fba1e46da29a8815e0309b68c3 
Number of updated asset objects reloaded before import = 0Number of asset objects unloaded after import = 1

========================================================================
Received Import Request.
  Time since last request: 0.000017 seconds.
  path: Assets/Hovl Studio/DemoAssets/Materials/FireF5.mat
  importAddress: Guid(4087e950d65a61d4d89cbb98e96223a9) Importer(2089858483,b0f066a214c2f5e87bad3c948f4d605d)
Start importing Assets/Hovl Studio/DemoAssets/Materials/FireF5.mat using Guid(4087e950d65a61d4d89cbb98e96223a9) Importer(2089858483,b0f066a214c2f5e87bad3c948f4d605d) (ScriptedImporter) -> (Import Result ID: 'c98ac10ce637baa4a3f05aaab7e16f21') in 0.1722997 seconds [static and dynamic dependencies]. Details - ImportResultOutputID=e9d55900d0fa5e2db0d8b02c1e47bbe2 DependenciesID=32b89a7b990d497a4f676650959c823a StaticDependenciesID=5d94f4088b632fa83cd9b85cbd57d00e 
Number of updated asset objects reloaded before import = 0Number of asset objects unloaded after import = 4

========================================================================
Received Import Request.
  Time since last request: 0.000020 seconds.
  path: Assets/Hovl Studio/DemoAssets/Materials/Smoke30bcg.mat
  importAddress: Guid(3778b8136c90f92468e2cead3cc1282a) Importer(2089858483,b0f066a214c2f5e87bad3c948f4d605d)
Start importing Assets/Hovl Studio/DemoAssets/Materials/Smoke30bcg.mat using Guid(3778b8136c90f92468e2cead3cc1282a) Importer(2089858483,b0f066a214c2f5e87bad3c948f4d605d) (ScriptedImporter) -> (Import Result ID: '474b0fca44e3849a4148dcd1f9cca7ab') in 0.0392033 seconds [static and dynamic dependencies]. Details - ImportResultOutputID=05e93a9374abc0625589e19db18502c5 DependenciesID=071416615e4c1c35abdd9c7add1a101b StaticDependenciesID=e1652f317bd9e4df15faf94e20515fe0 
Number of updated asset objects reloaded before import = 0Number of asset objects unloaded after import = 2

========================================================================
Received Import Request.
  Time since last request: 0.000024 seconds.
  path: Assets/Vfx/Battle/CombatAccent/ShieldBashContact.prefab
  importAddress: Guid(2085b368cbaaa584a9c9f6025e76048b) Importer(2089858483,b0f066a214c2f5e87bad3c948f4d605d)
Start importing Assets/Vfx/Battle/CombatAccent/ShieldBashContact.prefab using Guid(2085b368cbaaa584a9c9f6025e76048b) Importer(2089858483,b0f066a214c2f5e87bad3c948f4d605d) (ScriptedImporter) -> (Import Result ID: '749d007fcf26c341959e91e68e86ba72') in 0.0139727 seconds [static and dynamic dependencies]. Details - ImportResultOutputID=abd38547d4ee7ba0340bc70540ac5974 DependenciesID=c9fc3574022748becb79f8d4bdbfbdb5 StaticDependenciesID=52922bd69c0466c2df7e4ecd75f54b45 
Number of updated asset objects reloaded before import = 0Number of asset objects unloaded after import = 51

========================================================================
Received Import Request.
  Time since last request: 0.000026 seconds.
  path: Assets/Vfx/Battle/WeaponTrails/SpearPierceContact.mat
  importAddress: Guid(cce73821ce9c7154fa09d12b827764df) Importer(2089858483,b0f066a214c2f5e87bad3c948f4d605d)
Start importing Assets/Vfx/Battle/WeaponTrails/SpearPierceContact.mat using Guid(cce73821ce9c7154fa09d12b827764df) Importer(2089858483,b0f066a214c2f5e87bad3c948f4d605d) (ScriptedImporter) -> (Import Result ID: '20b6232c87adaaec94ad099162c26b23') in 0.0045899 seconds [static and dynamic dependencies]. Details - ImportResultOutputID=eb04c93a6187f90358b64309f8ae0ee5 DependenciesID=ed9b3b931efe023e94a5e41dde5b344d StaticDependenciesID=615f651989e492800591a0b7799664b5 
Number of updated asset objects reloaded before import = 0Number of asset objects unloaded after import = 1

========================================================================
Received Import Request.
  Time since last request: 0.000041 seconds.
  path: Assets/Vfx/Battle/CombatAccent/ShieldBashContactCore.asset
  importAddress: Guid(a58e481320e71724ba39aa6c14272f80) Importer(2089858483,b0f066a214c2f5e87bad3c948f4d605d)
Start importing Assets/Vfx/Battle/CombatAccent/ShieldBashContactCore.asset using Guid(a58e481320e71724ba39aa6c14272f80) Importer(2089858483,b0f066a214c2f5e87bad3c948f4d605d) (ScriptedImporter) -> (Import Result ID: 'fe17684ff14a95d10d1c62e329ff503c') in 0.0041897 seconds [static and dynamic dependencies]. Details - ImportResultOutputID=e8262f6b966df949193bed39ae1dc8f7 DependenciesID=9f9c62c23bbe58b4bfb72109c7316868 StaticDependenciesID=831481af23f9144987aac3771f94c4b6 
Number of updated asset objects reloaded before import = 0Number of asset objects unloaded after import = 1

========================================================================
Received Import Request.
  Time since last request: 0.000031 seconds.
  path: Assets/Vfx/Battle/WeaponTrails/ShieldBashContact.mat
  importAddress: Guid(713e4d7c4da78384a8ac59bfea5ca2b2) Importer(2089858483,b0f066a214c2f5e87bad3c948f4d605d)
Start importing Assets/Vfx/Battle/WeaponTrails/ShieldBashContact.mat using Guid(713e4d7c4da78384a8ac59bfea5ca2b2) Importer(2089858483,b0f066a214c2f5e87bad3c948f4d605d) (ScriptedImporter) -> (Import Result ID: 'ade7061143c5f99ef7e3f033267e7329') in 0.0049238 seconds [static and dynamic dependencies]. Details - ImportResultOutputID=06b33e9b6cd200bc4e8c26004c35414f DependenciesID=42da80c7a1056f817916844c35003882 StaticDependenciesID=8442b27a95817f2fcfbf514554502e95 
Number of updated asset objects reloaded before import = 0Number of asset objects unloaded after import = 1

========================================================================
Received Import Request.
  Time since last request: 0.000063 seconds.
  path: Assets/Vfx/Battle/WeaponTrails/ShieldBashContactShape.asset
  importAddress: Guid(7a4d1b82da964f84ebfd593d169241d5) Importer(2089858483,b0f066a214c2f5e87bad3c948f4d605d)
Start importing Assets/Vfx/Battle/WeaponTrails/ShieldBashContactShape.asset using Guid(7a4d1b82da964f84ebfd593d169241d5) Importer(2089858483,b0f066a214c2f5e87bad3c948f4d605d) (ScriptedImporter) -> (Import Result ID: '3de16dd77f32c6603d0a8b472856c5e0') in 0.0044674 seconds [static and dynamic dependencies]. Details - ImportResultOutputID=ef2efed1db5f4e01b0f756786b746e8a DependenciesID=cf87f2834a92d5d67ef747e2a328779f StaticDependenciesID=52fdeb5e0d1518e11698ffcd41dbd528 
Number of updated asset objects reloaded before import = 0Number of asset objects unloaded after import = 1

========================================================================
Received Import Request.
  Time since last request: 0.000020 seconds.
  path: Assets/Vfx/Battle/Shaders/WeaponContact.shader
  importAddress: Guid(8bd9e70f66262044a86a29edb4986dce) Importer(2089858483,b0f066a214c2f5e87bad3c948f4d605d)
Start importing Assets/Vfx/Battle/Shaders/WeaponContact.shader using Guid(8bd9e70f66262044a86a29edb4986dce) Importer(2089858483,b0f066a214c2f5e87bad3c948f4d605d) (ScriptedImporter) -> (Import Result ID: 'b1dfaf888b50350439e022261a79e1e8') in 0.0043234 seconds [static and dynamic dependencies]. Details - ImportResultOutputID=39c15eb8230c627f7f72df9618525fc3 DependenciesID=bfcb0abebab932d241726ee604b15133 StaticDependenciesID=9842988d53e6ed1ea9d8f09d6cac14ec 
Number of updated asset objects reloaded before import = 0Number of asset objects unloaded after import = 1

========================================================================
Received Import Request.
  Time since last request: 0.000021 seconds.
  path: Assets/Hovl Studio/DemoAssets/Materials/Snow4cg.mat
  importAddress: Guid(14d86213d7eb66d488a487dc38bc79d1) Importer(2089858483,b0f066a214c2f5e87bad3c948f4d605d)
Start importing Assets/Hovl Studio/DemoAssets/Materials/Snow4cg.mat using Guid(14d86213d7eb66d488a487dc38bc79d1) Importer(2089858483,b0f066a214c2f5e87bad3c948f4d605d) (ScriptedImporter) -> (Import Result ID: 'f94b54f3fc16d6e43b0217cac02499ff') in 0.0570224 seconds [static and dynamic dependencies]. Details - ImportResultOutputID=3021696795bb1f49b7cf39ee0f0f5eb5 DependenciesID=d4ac406930181b32c345ced7acbb754e StaticDependenciesID=b2f3b8870daba388f82f71d5345c68af 
Number of updated asset objects reloaded before import = 0Number of asset objects unloaded after import = 2

========================================================================
Received Import Request.
  Time since last request: 0.000015 seconds.
  path: Assets/Hovl Studio/DemoAssets/Materials/Crater55bcg.mat
  importAddress: Guid(10b6fd20cebaf2c4fb0171f90f1318e3) Importer(2089858483,b0f066a214c2f5e87bad3c948f4d605d)
Start importing Assets/Hovl Studio/DemoAssets/Materials/Crater55bcg.mat using Guid(10b6fd20cebaf2c4fb0171f90f1318e3) Importer(2089858483,b0f066a214c2f5e87bad3c948f4d605d) (ScriptedImporter) -> (Import Result ID: 'c960b900eb40a67d55e3519ea1136800') in 0.0493173 seconds [static and dynamic dependencies]. Details - ImportResultOutputID=8842f4ea69684971b3ed6086d885efcc DependenciesID=01ebff47bceb53f5879912f9c18ffaf4 StaticDependenciesID=e8e2a1ec8d517de044a4a64095933230 
Number of updated asset objects reloaded before import = 0Number of asset objects unloaded after import = 3

========================================================================
Received Import Request.
  Time since last request: 0.000030 seconds.
  path: Assets/Hovl Studio/DemoAssets/Models/Path3.fbx
  importAddress: Guid(fe56ef252ee54294cb3c5194fe780d15) Importer(2089858483,b0f066a214c2f5e87bad3c948f4d605d)
Start importing Assets/Hovl Studio/DemoAssets/Models/Path3.fbx using Guid(fe56ef252ee54294cb3c5194fe780d15) Importer(2089858483,b0f066a214c2f5e87bad3c948f4d605d) (ScriptedImporter) -> (Import Result ID: 'fab52e28d056c6cdd3e28c98da3b4751') in 0.0580361 seconds [static and dynamic dependencies]. Details - ImportResultOutputID=cbb408e334aa7b3e3efe14649ec60bc2 DependenciesID=4c1866d984bd4c7ea899232ac27c5c3e StaticDependenciesID=ebc7746e51d299376294b90641c99e86 
Number of updated asset objects reloaded before import = 0Number of asset objects unloaded after import = 7

========================================================================
Received Import Request.
  Time since last request: 0.000024 seconds.
  path: Assets/Hovl Studio/DemoAssets/Materials/Noise83cg.mat
  importAddress: Guid(efb4b2a4fca908d4f802d31846ab3fc5) Importer(2089858483,b0f066a214c2f5e87bad3c948f4d605d)
Start importing Assets/Hovl Studio/DemoAssets/Materials/Noise83cg.mat using Guid(efb4b2a4fca908d4f802d31846ab3fc5) Importer(2089858483,b0f066a214c2f5e87bad3c948f4d605d) (ScriptedImporter) -> (Import Result ID: '12b641d059758a2dbb04c0c350ede257') in 0.1022799 seconds [static and dynamic dependencies]. Details - ImportResultOutputID=21b9ed0e5e97c21a22a024ee73018e2a DependenciesID=15969adcf0aa967d21a48e17100c4a1a StaticDependenciesID=a7e207c8f9a2cfd4f269d2131ec7207d 
Number of updated asset objects reloaded before import = 0Number of asset objects unloaded after import = 3

========================================================================
Received Import Request.
  Time since last request: 0.000019 seconds.
  path: Assets/Hovl Studio/DemoAssets/Models/Vortex2.fbx
  importAddress: Guid(d9cfe6b31b0e73d46b82320079a987e3) Importer(2089858483,b0f066a214c2f5e87bad3c948f4d605d)
Start importing Assets/Hovl Studio/DemoAssets/Models/Vortex2.fbx using Guid(d9cfe6b31b0e73d46b82320079a987e3) Importer(2089858483,b0f066a214c2f5e87bad3c948f4d605d) (ScriptedImporter) -> (Import Result ID: '8af1dad7220b85a4cee90e3e14c5b4ee') in 0.0794986 seconds [static and dynamic dependencies]. Details - ImportResultOutputID=35f6659bc18471e368bf3bbff75c4326 DependenciesID=ce395a5be7dcadf7f9aab5f5f0d317ab StaticDependenciesID=8f81acefd0a6b1b8202eb049793babff 
Number of updated asset objects reloaded before import = 0Number of asset objects unloaded after import = 7

========================================================================
Received Import Request.
  Time since last request: 0.000022 seconds.
  path: Assets/Hovl Studio/DemoAssets/Materials/Leaf12bcg.mat
  importAddress: Guid(31a06b06c871c1245a609c9d7354bd5e) Importer(2089858483,b0f066a214c2f5e87bad3c948f4d605d)
Start importing Assets/Hovl Studio/DemoAssets/Materials/Leaf12bcg.mat using Guid(31a06b06c871c1245a609c9d7354bd5e) Importer(2089858483,b0f066a214c2f5e87bad3c948f4d605d) (ScriptedImporter) -> (Import Result ID: 'ce1f273a36e5d4cd0446d726df2ea7a9') in 0.03908 seconds [static and dynamic dependencies]. Details - ImportResultOutputID=38ef1b1c175e30542e54075b326d9d67 DependenciesID=df1155fb4391f53c81220d15b0774b2a StaticDependenciesID=077d2e827f23ae439f9958ccabc44f90 
Number of updated asset objects reloaded before import = 0Number of asset objects unloaded after import = 2

========================================================================
Received Import Request.
  Time since last request: 0.000019 seconds.
  path: Assets/Hovl Studio/DemoAssets/Materials/TwoSides9.mat
  importAddress: Guid(2502ef35cb004fc42919b2fa6523106f) Importer(2089858483,b0f066a214c2f5e87bad3c948f4d605d)
Start importing Assets/Hovl Studio/DemoAssets/Materials/TwoSides9.mat using Guid(2502ef35cb004fc42919b2fa6523106f) Importer(2089858483,b0f066a214c2f5e87bad3c948f4d605d) (ScriptedImporter) -> (Import Result ID: 'a1cb43709df78b848d9d7a080c0ce7ec') in 0.0247242 seconds [static and dynamic dependencies]. Details - ImportResultOutputID=8011416427cca1f09f9d29ee04ff481c DependenciesID=3cab87a516abd0c745a0ab56f5ece76a StaticDependenciesID=47d48c6e31de9175a09b097085bbec68 
Number of updated asset objects reloaded before import = 0Number of asset objects unloaded after import = 3

========================================================================
Received Import Request.
  Time since last request: 0.000028 seconds.
  path: Assets/Hovl Studio/DemoAssets/Models/CylinderFromGround.fbx
  importAddress: Guid(82dbd8e3418cba140afc86fa4b355d35) Importer(2089858483,b0f066a214c2f5e87bad3c948f4d605d)
Start importing Assets/Hovl Studio/DemoAssets/Models/CylinderFromGround.fbx using Guid(82dbd8e3418cba140afc86fa4b355d35) Importer(2089858483,b0f066a214c2f5e87bad3c948f4d605d) (ScriptedImporter)MaterialLocation.External is obsolete. External Material Location is no longer supported. (Assets/Hovl Studio/DemoAssets/Models/CylinderFromGround.fbx)
 -> (Import Result ID: 'add961a2abb6b06ae574529a7734e814') in 0.0821061 seconds [static and dynamic dependencies]. Details - ImportResultOutputID=17b1233bc93429b6c0b80b4def64bc2a DependenciesID=90ce93795f1ee578da1d3607b9dff9d9 StaticDependenciesID=7cbdfa9c744d9a07fd487a38b919f734 
Number of updated asset objects reloaded before import = 0Number of asset objects unloaded after import = 7

========================================================================
Received Import Request.
  Time since last request: 0.000029 seconds.
  path: Assets/Hovl Studio/DemoAssets/Models/HalfRing2.fbx
  importAddress: Guid(0e220d313ff0a7b4cabc4b10ac9c8ad2) Importer(2089858483,b0f066a214c2f5e87bad3c948f4d605d)
Start importing Assets/Hovl Studio/DemoAssets/Models/HalfRing2.fbx using Guid(0e220d313ff0a7b4cabc4b10ac9c8ad2) Importer(2089858483,b0f066a214c2f5e87bad3c948f4d605d) (ScriptedImporter) -> (Import Result ID: '8852d848c7b6c68075de7aaf180f44a4') in 0.0571834 seconds [static and dynamic dependencies]. Details - ImportResultOutputID=dd7945f6b3d6c0a76f31f1d087f4daa5 DependenciesID=2c22d1e22720aedd15a9a14477ac6ae2 StaticDependenciesID=6156cc0d74c0fc616e62a7ddb6cedb5d 
Number of updated asset objects reloaded before import = 0Number of asset objects unloaded after import = 7

========================================================================
Received Import Request.
  Time since last request: 0.000015 seconds.
  path: Assets/Hovl Studio/DemoAssets/Models/Path2.fbx
  importAddress: Guid(0a94a0b66b67a9544812f95be85f3952) Importer(2089858483,b0f066a214c2f5e87bad3c948f4d605d)
Start importing Assets/Hovl Studio/DemoAssets/Models/Path2.fbx using Guid(0a94a0b66b67a9544812f95be85f3952) Importer(2089858483,b0f066a214c2f5e87bad3c948f4d605d) (ScriptedImporter) -> (Import Result ID: '4c9b000dbcaf9a3aa6d65f9a0f125f9d') in 0.0391308 seconds [static and dynamic dependencies]. Details - ImportResultOutputID=e71e3ce6ba00957ad2857db70e3ef5a3 DependenciesID=5af41c5dabbeab5f6eac9cb23c3d3447 StaticDependenciesID=53d4d3bcd07710ebc3300f82cef699a0 
Number of updated asset objects reloaded before import = 0Number of asset objects unloaded after import = 7

========================================================================
Received Import Request.
  Time since last request: 0.000032 seconds.
  path: Assets/Hovl Studio/DemoAssets/Materials/Trails65cg2.mat
  importAddress: Guid(b72361e7b283c0e40886a65e62f23da1) Importer(2089858483,b0f066a214c2f5e87bad3c948f4d605d)
Start importing Assets/Hovl Studio/DemoAssets/Materials/Trails65cg2.mat using Guid(b72361e7b283c0e40886a65e62f23da1) Importer(2089858483,b0f066a214c2f5e87bad3c948f4d605d) (ScriptedImporter) -> (Import Result ID: '5508ee3cc032a50acbd52b913df6f132') in 0.1329218 seconds [static and dynamic dependencies]. Details - ImportResultOutputID=47ed6959e8b787bfdf4088de44052c82 DependenciesID=3dc908f4462bb58a283b1bb572f7f400 StaticDependenciesID=f5dbb83def3049a49acf0b0c062cb605 
Number of updated asset objects reloaded before import = 0Number of asset objects unloaded after import = 5

========================================================================
Received Import Request.
  Time since last request: 0.000034 seconds.
  path: Assets/Hovl Studio/DemoAssets/Materials/Trail55bcg.mat
  importAddress: Guid(2d797bf69a09aa84fa0eea32fbf3b7d0) Importer(2089858483,b0f066a214c2f5e87bad3c948f4d605d)
Start importing Assets/Hovl Studio/DemoAssets/Materials/Trail55bcg.mat using Guid(2d797bf69a09aa84fa0eea32fbf3b7d0) Importer(2089858483,b0f066a214c2f5e87bad3c948f4d605d) (ScriptedImporter) -> (Import Result ID: 'a4d71eb1eec5e8cfd45595c370d001c8') in 0.0279058 seconds [static and dynamic dependencies]. Details - ImportResultOutputID=cbf00b1d3f91e8ef57c402a8fbd62365 DependenciesID=406e13716c82fc0cf08232afdc6401d6 StaticDependenciesID=d460452b5da7d81564fad7f0b1c3c20d 
Number of updated asset objects reloaded before import = 0Number of asset objects unloaded after import = 2

========================================================================
Received Import Request.
  Time since last request: 0.000029 seconds.
  path: Assets/Hovl Studio/DemoAssets/Materials/Flare30bcg.mat
  importAddress: Guid(b2bf5fc498dbb4f4ab66b24c50346640) Importer(2089858483,b0f066a214c2f5e87bad3c948f4d605d)
Start importing Assets/Hovl Studio/DemoAssets/Materials/Flare30bcg.mat using Guid(b2bf5fc498dbb4f4ab66b24c50346640) Importer(2089858483,b0f066a214c2f5e87bad3c948f4d605d) (ScriptedImporter) -> (Import Result ID: '5b14ea89e0c18af57429a88d7f06f46b') in 0.0290498 seconds [static and dynamic dependencies]. Details - ImportResultOutputID=b1e499d6685af7df9f79b29f5d8ff48f DependenciesID=e20e9c4feddfb494eb517b3f984c10cd StaticDependenciesID=38b87b4b12c707d8409a2731cbf61b41 
Number of updated asset objects reloaded before import = 0Number of asset objects unloaded after import = 2

========================================================================
Received Import Request.
  Time since last request: 0.000017 seconds.
  path: Assets/Hovl Studio/DemoAssets/Materials/Feather3bcg.mat
  importAddress: Guid(52ae5b2666d14ad42908822c6382453b) Importer(2089858483,b0f066a214c2f5e87bad3c948f4d605d)
Start importing Assets/Hovl Studio/DemoAssets/Materials/Feather3bcg.mat using Guid(52ae5b2666d14ad42908822c6382453b) Importer(2089858483,b0f066a214c2f5e87bad3c948f4d605d) (ScriptedImporter) -> (Import Result ID: '18d8db5220db8663d2b067ebad434429') in 0.0177675 seconds [static and dynamic dependencies]. Details - ImportResultOutputID=498ca85d126c6b852ca9f96755bfa964 DependenciesID=717f600f29f8013c7cd974adca150d90 StaticDependenciesID=37edbdc01a5585ec7c1618be665da5c7 
Number of updated asset objects reloaded before import = 0Number of asset objects unloaded after import = 2

========================================================================
Received Import Request.
  Time since last request: 0.000018 seconds.
  path: Assets/Hovl Studio/DemoAssets/Materials/Trail79bcg.mat
  importAddress: Guid(38b6c7a68ed0ba0448c26d98225e2278) Importer(2089858483,b0f066a214c2f5e87bad3c948f4d605d)
Start importing Assets/Hovl Studio/DemoAssets/Materials/Trail79bcg.mat using Guid(38b6c7a68ed0ba0448c26d98225e2278) Importer(2089858483,b0f066a214c2f5e87bad3c948f4d605d) (ScriptedImporter) -> (Import Result ID: '7fc0dc4d57a4e21eb742c4e59e8410bb') in 0.0209903 seconds [static and dynamic dependencies]. Details - ImportResultOutputID=d07fd2645e0b05514e7ed05ce2aa2da5 DependenciesID=0c18a008aeb7839aae86257c35ddf4a5 StaticDependenciesID=3081935195bf43de171e28818c4b6c77 
Number of updated asset objects reloaded before import = 0Number of asset objects unloaded after import = 2

========================================================================
Received Import Request.
  Time since last request: 0.000033 seconds.
  path: Assets/Vfx/Battle/WeaponTrails/WeaponContact.mat
  importAddress: Guid(dd32c9df31d4c2b40a1b641888c47a48) Importer(2089858483,b0f066a214c2f5e87bad3c948f4d605d)
Start importing Assets/Vfx/Battle/WeaponTrails/WeaponContact.mat using Guid(dd32c9df31d4c2b40a1b641888c47a48) Importer(2089858483,b0f066a214c2f5e87bad3c948f4d605d) (ScriptedImporter) -> (Import Result ID: '8777ae6ca0f1f96b06cf9aed48689508') in 0.0040952 seconds [static and dynamic dependencies]. Details - ImportResultOutputID=ee3b700c61cbc64dfdc7ab5fc6d13efa DependenciesID=1b5d809d49ac84b3b8b893a0b6f17e9c StaticDependenciesID=523b325e3d1ca9858888bf0922aa82a2 
Number of updated asset objects reloaded before import = 0Number of asset objects unloaded after import = 1

========================================================================
Received Import Request.
  Time since last request: 0.000131 seconds.
  path: Assets/Audio/Battle/Clips/Processed/knockout_fall_THUD_Dark_01_mono.wav
  importAddress: Guid(bf2c565d18d998547a04be6469a5f0f5) Importer(2089858483,b0f066a214c2f5e87bad3c948f4d605d)
Start importing Assets/Audio/Battle/Clips/Processed/knockout_fall_THUD_Dark_01_mono.wav using Guid(bf2c565d18d998547a04be6469a5f0f5) Importer(2089858483,b0f066a214c2f5e87bad3c948f4d605d) (ScriptedImporter) -> (Import Result ID: '679c6a33399021f9296b05b60bb23479') in 0.0827951 seconds [static and dynamic dependencies]. Details - ImportResultOutputID=80f0a2698862d20ea53f052b2e66aae8 DependenciesID=6cbac0416ca38dfac793b2db874c5bac StaticDependenciesID=dbb39d41db616941316b1c1c8b456f10 
Number of updated asset objects reloaded before import = 0Number of asset objects unloaded after import = 1

========================================================================
Received Import Request.
  Time since last request: 0.000015 seconds.
  path: Assets/Hovl Studio/Sword slash VFX/Textures/Point19.png
  importAddress: Guid(4b0225a5290cbe540bc56e26a8682db2) Importer(2089858483,b0f066a214c2f5e87bad3c948f4d605d)
Start importing Assets/Hovl Studio/Sword slash VFX/Textures/Point19.png using Guid(4b0225a5290cbe540bc56e26a8682db2) Importer(2089858483,b0f066a214c2f5e87bad3c948f4d605d) (ScriptedImporter) -> (Import Result ID: 'fbe8e4e753c1e49253b66549c1ea558b') in 0.0111737 seconds [static and dynamic dependencies]. Details - ImportResultOutputID=b7ad0b33b4ec61db88f754e3cf6eb2dd DependenciesID=926bdf09686410060872008d404e1a4f StaticDependenciesID=294adab426c4cc5427a48bd1095c4979 
Number of updated asset objects reloaded before import = 0Number of asset objects unloaded after import = 1

========================================================================
Received Import Request.
  Time since last request: 0.000036 seconds.
  path: Assets/Hovl Studio/Sword slash VFX/Textures/Gradient17.png
  importAddress: Guid(61e68320eb0a34646ae9e7855bba9d92) Importer(2089858483,b0f066a214c2f5e87bad3c948f4d605d)
Start importing Assets/Hovl Studio/Sword slash VFX/Textures/Gradient17.png using Guid(61e68320eb0a34646ae9e7855bba9d92) Importer(2089858483,b0f066a214c2f5e87bad3c948f4d605d) (ScriptedImporter) -> (Import Result ID: '97dd14cfce62994dcd5914fe48a7310e') in 0.0462591 seconds [static and dynamic dependencies]. Details - ImportResultOutputID=c8ed45d1c645fcbe3c41d1cdac775038 DependenciesID=2aac21fc3b2a16b9237d99cb6f8d0592 StaticDependenciesID=ebb66154b3b867f81852912e0483f5d1 
Number of updated asset objects reloaded before import = 0Number of asset objects unloaded after import = 1

========================================================================
Received Import Request.
  Time since last request: 0.000031 seconds.
  path: Assets/Vfx/Battle/WeaponTrails/SpearPierceContactShape.asset
  importAddress: Guid(db3d6c79129a2b04896a0234a2360a00) Importer(2089858483,b0f066a214c2f5e87bad3c948f4d605d)
Start importing Assets/Vfx/Battle/WeaponTrails/SpearPierceContactShape.asset using Guid(db3d6c79129a2b04896a0234a2360a00) Importer(2089858483,b0f066a214c2f5e87bad3c948f4d605d) (ScriptedImporter) -> (Import Result ID: 'f00db9df7618554fc7ae4b480f3250a7') in 0.0039276 seconds [static and dynamic dependencies]. Details - ImportResultOutputID=9faf31e7de29d0dfe6cb540462fb9993 DependenciesID=971655132505b1c847a6c7161ea37a93 StaticDependenciesID=4c7dab193e5bb5af7f36191bbd209884 
Number of updated asset objects reloaded before import = 0Number of asset objects unloaded after import = 1

========================================================================
Received Import Request.
  Time since last request: 0.000024 seconds.
  path: Assets/Hovl Studio/Sword slash VFX/Textures/Motion9.png
  importAddress: Guid(05ea33e1e37a8c245aca3e86dec28fdf) Importer(2089858483,b0f066a214c2f5e87bad3c948f4d605d)
Start importing Assets/Hovl Studio/Sword slash VFX/Textures/Motion9.png using Guid(05ea33e1e37a8c245aca3e86dec28fdf) Importer(2089858483,b0f066a214c2f5e87bad3c948f4d605d) (ScriptedImporter) -> (Import Result ID: 'bd192d0f6f02ba485ec5444f7c0b6047') in 0.0526275 seconds [static and dynamic dependencies]. Details - ImportResultOutputID=35931708b2de94c8cdb3e26993066c96 DependenciesID=6623047fe10cd6ef75350048de5f94b6 StaticDependenciesID=c9e6d791f54dde82cb5698a393cdff15 
Number of updated asset objects reloaded before import = 0Number of asset objects unloaded after import = 1

========================================================================
Received Import Request.
  Time since last request: 0.000015 seconds.
  path: Assets/Hovl Studio/DemoAssets/Materials/Object1bcg.mat
  importAddress: Guid(991ce8ab7d217524583108593e2ac2da) Importer(2089858483,b0f066a214c2f5e87bad3c948f4d605d)
Start importing Assets/Hovl Studio/DemoAssets/Materials/Object1bcg.mat using Guid(991ce8ab7d217524583108593e2ac2da) Importer(2089858483,b0f066a214c2f5e87bad3c948f4d605d) (ScriptedImporter) -> (Import Result ID: '5872c0afca305120e7e9dbeaee9c7aa1') in 0.1145682 seconds [static and dynamic dependencies]. Details - ImportResultOutputID=693a86b19fdfd075572666c43ecd7d91 DependenciesID=5a5eb1e21171afa3db8ae97aa90e3f5e StaticDependenciesID=1f32b083cb5f9aca815dbc17ffc4d96a 
Number of updated asset objects reloaded before import = 0Number of asset objects unloaded after import = 4

========================================================================
Received Import Request.
  Time since last request: 0.000018 seconds.
  path: Assets/Hovl Studio/DemoAssets/Models/Wing1.fbx
  importAddress: Guid(304bf8f9221278742b556315b03d7cc0) Importer(2089858483,b0f066a214c2f5e87bad3c948f4d605d)
Start importing Assets/Hovl Studio/DemoAssets/Models/Wing1.fbx using Guid(304bf8f9221278742b556315b03d7cc0) Importer(2089858483,b0f066a214c2f5e87bad3c948f4d605d) (ScriptedImporter) -> (Import Result ID: '3f0453dc77a26428e4ec7a4d86868321') in 0.0866512 seconds [static and dynamic dependencies]. Details - ImportResultOutputID=51a6dde3be2f4e2d7fdfb9f90d19ddfe DependenciesID=dedc92a0fb3d62777e50693383e9c50e StaticDependenciesID=b9d79d38216fc157dc35b83b640a5c76 
Number of updated asset objects reloaded before import = 0Number of asset objects unloaded after import = 23

========================================================================
Received Import Request.
  Time since last request: 0.000037 seconds.
  path: Assets/Hovl Studio/DemoAssets/Materials/Motion10dn.mat
  importAddress: Guid(5b410b69062667143b9b739cdd8b7d61) Importer(2089858483,b0f066a214c2f5e87bad3c948f4d605d)
Start importing Assets/Hovl Studio/DemoAssets/Materials/Motion10dn.mat using Guid(5b410b69062667143b9b739cdd8b7d61) Importer(2089858483,b0f066a214c2f5e87bad3c948f4d605d) (ScriptedImporter) -> (Import Result ID: 'f98036037025ecc9f6cde75b88584298') in 0.0731724 seconds [static and dynamic dependencies]. Details - ImportResultOutputID=4c57a53a676e56c36251131f517cbf69 DependenciesID=6747052cf584123a139fb22fe7db0ad0 StaticDependenciesID=d9db53558f1695a5a14e4b78e172f508 
Number of updated asset objects reloaded before import = 0Number of asset objects unloaded after import = 4

========================================================================
Received Import Request.
  Time since last request: 0.000024 seconds.
  path: Assets/Hovl Studio/DemoAssets/Materials/Crater38dn.mat
  importAddress: Guid(587fdc1a9d151af43847e0a08c408a84) Importer(2089858483,b0f066a214c2f5e87bad3c948f4d605d)
Start importing Assets/Hovl Studio/DemoAssets/Materials/Crater38dn.mat using Guid(587fdc1a9d151af43847e0a08c408a84) Importer(2089858483,b0f066a214c2f5e87bad3c948f4d605d) (ScriptedImporter) -> (Import Result ID: 'f52e99bc5b9936e237bab9a36b3657cf') in 0.1239533 seconds [static and dynamic dependencies]. Details - ImportResultOutputID=4755a0a1a328d82d38df7b3aa3f97f9f DependenciesID=d15ef2fcea612b5a67cd1eeb39762fee StaticDependenciesID=9bd425eb0330a07916e41b33a7a1f2d4 
Number of updated asset objects reloaded before import = 0Number of asset objects unloaded after import = 4

========================================================================
Received Import Request.
  Time since last request: 0.000017 seconds.
  path: Assets/Hovl Studio/DemoAssets/Materials/Noise84bd.mat
  importAddress: Guid(5737e51a673c27c4d8397e82485c218e) Importer(2089858483,b0f066a214c2f5e87bad3c948f4d605d)
Start importing Assets/Hovl Studio/DemoAssets/Materials/Noise84bd.mat using Guid(5737e51a673c27c4d8397e82485c218e) Importer(2089858483,b0f066a214c2f5e87bad3c948f4d605d) (ScriptedImporter) -> (Import Result ID: '2313dcc3e5b0bf8e220add0d379dd0bb') in 0.0286355 seconds [static and dynamic dependencies]. Details - ImportResultOutputID=37dfb95637cc602910d39ea6cc7ad8d3 DependenciesID=7200436c9ab3320875718038b8e2ba74 StaticDependenciesID=a3dab098117106af849a292a7b7b1537 
Number of updated asset objects reloaded before import = 0Number of asset objects unloaded after import = 3

========================================================================
Received Import Request.
  Time since last request: 0.000020 seconds.
  path: Assets/Hovl Studio/Sword slash VFX/Textures/Trail58.png
  importAddress: Guid(dbec9039c70e09e47b8ff15d508f39ac) Importer(2089858483,b0f066a214c2f5e87bad3c948f4d605d)
Start importing Assets/Hovl Studio/Sword slash VFX/Textures/Trail58.png using Guid(dbec9039c70e09e47b8ff15d508f39ac) Importer(2089858483,b0f066a214c2f5e87bad3c948f4d605d) (ScriptedImporter) -> (Import Result ID: '50d5abf10bedbc108a337c3b0a0f8dbf') in 0.0305055 seconds [static and dynamic dependencies]. Details - ImportResultOutputID=7fc4d5a26f7190ebc73609f6eaefa478 DependenciesID=97163628f72d5bd8879e1ee58b46d633 StaticDependenciesID=0dc6a2ea223f13ce6cec2940d1cfd9a7 
Number of updated asset objects reloaded before import = 0Number of asset objects unloaded after import = 1

========================================================================
Received Import Request.
  Time since last request: 0.000015 seconds.
  path: Assets/Hovl Studio/DemoAssets/Materials/CircleRainbow15cg.mat
  importAddress: Guid(ed1e93ed518d1ab43adb85e56c08f85b) Importer(2089858483,b0f066a214c2f5e87bad3c948f4d605d)
Start importing Assets/Hovl Studio/DemoAssets/Materials/CircleRainbow15cg.mat using Guid(ed1e93ed518d1ab43adb85e56c08f85b) Importer(2089858483,b0f066a214c2f5e87bad3c948f4d605d) (ScriptedImporter) -> (Import Result ID: '620e514f8dcbd2059c7eeac2d66f3670') in 0.0940126 seconds [static and dynamic dependencies]. Details - ImportResultOutputID=9a452df6b0a58b7b2c34a954dc9e8fdd DependenciesID=25b7569a3025378e249019a608bc04b3 StaticDependenciesID=19f4ff2b2b6328a8e561f453c2768ffe 
Number of updated asset objects reloaded before import = 0Number of asset objects unloaded after import = 2

========================================================================
Received Import Request.
  Time since last request: 0.000038 seconds.
  path: Assets/Hovl Studio/DemoAssets/Materials/Fresnel4.mat
  importAddress: Guid(db0eda4c763c64d45a721c795ca1f355) Importer(2089858483,b0f066a214c2f5e87bad3c948f4d605d)
Start importing Assets/Hovl Studio/DemoAssets/Materials/Fresnel4.mat using Guid(db0eda4c763c64d45a721c795ca1f355) Importer(2089858483,b0f066a214c2f5e87bad3c948f4d605d) (ScriptedImporter) -> (Import Result ID: 'f0342e7eed9acae9962d440acd085cd8') in 0.0212685 seconds [static and dynamic dependencies]. Details - ImportResultOutputID=392b161c816a8ffc427c343ac069f61b DependenciesID=caf90d3446c4bae46627a4bed20bc7d0 StaticDependenciesID=9e8f0591e0077e203f59247aeb25a807 
Number of updated asset objects reloaded before import = 0Number of asset objects unloaded after import = 1

========================================================================
Received Import Request.
  Time since last request: 0.000039 seconds.
  path: Assets/Hovl Studio/DemoAssets/Materials/Circle38cg2.mat
  importAddress: Guid(fdbf37ac877776848babebf041981271) Importer(2089858483,b0f066a214c2f5e87bad3c948f4d605d)
Start importing Assets/Hovl Studio/DemoAssets/Materials/Circle38cg2.mat using Guid(fdbf37ac877776848babebf041981271) Importer(2089858483,b0f066a214c2f5e87bad3c948f4d605d) (ScriptedImporter) -> (Import Result ID: 'db927dea3df907f06962e623933bf7ec') in 0.0413643 seconds [static and dynamic dependencies]. Details - ImportResultOutputID=032167f0e293df333dbbcfcd761b9b6c DependenciesID=5bb43bc787c74581f5224439c4b03192 StaticDependenciesID=aeb3dc0b49bcf12d96f2e310e6044cbf 
Number of updated asset objects reloaded before import = 0Number of asset objects unloaded after import = 2

========================================================================
Received Import Request.
  Time since last request: 0.000019 seconds.
  path: Assets/Hovl Studio/DemoAssets/Materials/SoftNoise69cg.mat
  importAddress: Guid(9e1f9acd7fb46ca41ae78bc0a0c475b9) Importer(2089858483,b0f066a214c2f5e87bad3c948f4d605d)
Start importing Assets/Hovl Studio/DemoAssets/Materials/SoftNoise69cg.mat using Guid(9e1f9acd7fb46ca41ae78bc0a0c475b9) Importer(2089858483,b0f066a214c2f5e87bad3c948f4d605d) (ScriptedImporter) -> (Import Result ID: 'db50f4d6be03b61ec62edc17fec1325a') in 0.0263342 seconds [static and dynamic dependencies]. Details - ImportResultOutputID=b0052130271e1e24e9833bdde8a726a1 DependenciesID=04801a7c1ad7031f5677e006530e8454 StaticDependenciesID=9e4f4240b7d0454aa03004a9eeeddbf3 
Number of updated asset objects reloaded before import = 0Number of asset objects unloaded after import = 4

========================================================================
Received Import Request.
  Time since last request: 0.000021 seconds.
  path: Assets/Hovl Studio/DemoAssets/Materials/SoftNoise79cg.mat
  importAddress: Guid(6481ff1355b7ebb44b5033fb3ad5f62c) Importer(2089858483,b0f066a214c2f5e87bad3c948f4d605d)
Start importing Assets/Hovl Studio/DemoAssets/Materials/SoftNoise79cg.mat using Guid(6481ff1355b7ebb44b5033fb3ad5f62c) Importer(2089858483,b0f066a214c2f5e87bad3c948f4d605d) (ScriptedImporter) -> (Import Result ID: 'fe0f392dcb7c7fcedf152da34f72f1e8') in 0.0632635 seconds [static and dynamic dependencies]. Details - ImportResultOutputID=10a53aaf24c02059f99b9238f61c44b4 DependenciesID=cfbd9e89859823fabd6c7ef7304d1ea5 StaticDependenciesID=771768b00f65a89c52d83af52427adcd 
Number of updated asset objects reloaded before import = 0Number of asset objects unloaded after import = 4

========================================================================
Received Import Request.
  Time since last request: 0.000017 seconds.
  path: Assets/Audio/Battle/Clips/Processed/footstep_FOOTSTEP_Asphalt_Trainers_Walk_Slow_RR3_mono.wav
  importAddress: Guid(e09fa0adc9428cb4eb19ded1b02227c4) Importer(2089858483,b0f066a214c2f5e87bad3c948f4d605d)
Start importing Assets/Audio/Battle/Clips/Processed/footstep_FOOTSTEP_Asphalt_Trainers_Walk_Slow_RR3_mono.wav using Guid(e09fa0adc9428cb4eb19ded1b02227c4) Importer(2089858483,b0f066a214c2f5e87bad3c948f4d605d) (ScriptedImporter) -> (Import Result ID: '713b7b180919686cb22c95c58703c902') in 0.0956689 seconds [static and dynamic dependencies]. Details - ImportResultOutputID=273aa721c7e1c80b5f0a361ac143893f DependenciesID=a758235f17b988c4b11f12a10a248167 StaticDependenciesID=85bbdd0ff33e2b29dc13212d39579591 
Number of updated asset objects reloaded before import = 0Number of asset objects unloaded after import = 1

========================================================================
Received Import Request.
  Time since last request: 0.000021 seconds.
  path: Assets/Audio/Battle/Clips/Processed/light_swing_MARTIAL_ARTS_Kick_Punch_RR1_mono.wav
  importAddress: Guid(05f46f537dd45bc48a9b81a3bf5a439a) Importer(2089858483,b0f066a214c2f5e87bad3c948f4d605d)
Start importing Assets/Audio/Battle/Clips/Processed/light_swing_MARTIAL_ARTS_Kick_Punch_RR1_mono.wav using Guid(05f46f537dd45bc48a9b81a3bf5a439a) Importer(2089858483,b0f066a214c2f5e87bad3c948f4d605d) (ScriptedImporter) -> (Import Result ID: '5955ddb60a75d9c4c62d78f7317f1690') in 0.0864704 seconds [static and dynamic dependencies]. Details - ImportResultOutputID=9b1a6b0bfa941673d8300f9ee531edc0 DependenciesID=77ffa84546d9b8ff52032622e8d53cdc StaticDependenciesID=dcd518597b36e73901d5df6ef7375634 
Number of updated asset objects reloaded before import = 0Number of asset objects unloaded after import = 1

========================================================================
Received Import Request.
  Time since last request: 0.000022 seconds.
  path: Assets/Hovl Studio/DemoAssets/Textures/Flare4.png
  importAddress: Guid(fe05455264c0eda4dabeb02e41d98557) Importer(2089858483,b0f066a214c2f5e87bad3c948f4d605d)
Start importing Assets/Hovl Studio/DemoAssets/Textures/Flare4.png using Guid(fe05455264c0eda4dabeb02e41d98557) Importer(2089858483,b0f066a214c2f5e87bad3c948f4d605d) (ScriptedImporter) -> (Import Result ID: '292d768b6d93bac22d41f2dbbc3e2888') in 0.0607492 seconds [static and dynamic dependencies]. Details - ImportResultOutputID=d03c1667d1c23808908240a5583ea31c DependenciesID=49059d076ec01f2379717c9d59e0e875 StaticDependenciesID=985aaafd5baa181dcb72beb19d2af261 
Number of updated asset objects reloaded before import = 0Number of asset objects unloaded after import = 1

========================================================================
Received Import Request.
  Time since last request: 0.000028 seconds.
  path: Assets/Hovl Studio/DemoAssets/Models/Path4.fbx
  importAddress: Guid(8acf056fbf7cd6443b96d7cb90fd6323) Importer(2089858483,b0f066a214c2f5e87bad3c948f4d605d)
Start importing Assets/Hovl Studio/DemoAssets/Models/Path4.fbx using Guid(8acf056fbf7cd6443b96d7cb90fd6323) Importer(2089858483,b0f066a214c2f5e87bad3c948f4d605d) (ScriptedImporter) -> (Import Result ID: '07be77998babbe264263cd980fd9e29d') in 0.0198697 seconds [static and dynamic dependencies]. Details - ImportResultOutputID=ac25cadb357dd3360f01610089a36930 DependenciesID=3f3cd9bb435222a357ad719ac1dec4e3 StaticDependenciesID=8c5185ecb5dde1e89ffd6cb72f095bef 
Number of updated asset objects reloaded before import = 0Number of asset objects unloaded after import = 7

========================================================================
Received Import Request.
  Time since last request: 0.000017 seconds.
  path: Assets/Plugins/Vefects/Flipbook VFX/Demo/DemoAssets/Materials/M_Grid_01.mat
  importAddress: Guid(2c374282ac9cc72419fd3a6920206f65) Importer(2089858483,b0f066a214c2f5e87bad3c948f4d605d)
Start importing Assets/Plugins/Vefects/Flipbook VFX/Demo/DemoAssets/Materials/M_Grid_01.mat using Guid(2c374282ac9cc72419fd3a6920206f65) Importer(2089858483,b0f066a214c2f5e87bad3c948f4d605d) (ScriptedImporter) -> (Import Result ID: '19cc8ff9e8c02b1a4ac96b842db19eeb') in 0.0327278 seconds [static and dynamic dependencies]. Details - ImportResultOutputID=895733ce94b6d2fb8d3103fc6d5e50a6 DependenciesID=e48f01b6d9db76bee3b69fb2132cb497 StaticDependenciesID=0060fa2612f514feec8ed32362731b90 
Number of updated asset objects reloaded before import = 0Number of asset objects unloaded after import = 1

========================================================================
Received Import Request.
  Time since last request: 0.000034 seconds.
  path: Assets/Hovl Studio/DemoAssets/Materials/Aulora1cg.mat
  importAddress: Guid(3b213ffff1f7da6428954d53ac74fea4) Importer(2089858483,b0f066a214c2f5e87bad3c948f4d605d)
Start importing Assets/Hovl Studio/DemoAssets/Materials/Aulora1cg.mat using Guid(3b213ffff1f7da6428954d53ac74fea4) Importer(2089858483,b0f066a214c2f5e87bad3c948f4d605d) (ScriptedImporter) -> (Import Result ID: 'cf10bd0059ba0c1a6ca54d7de8ca46fb') in 0.0735864 seconds [static and dynamic dependencies]. Details - ImportResultOutputID=800a29c006e7f7e762ff7ba75497afea DependenciesID=660f54f2a87c7f700ceed333a2ee4a24 StaticDependenciesID=0d4fec98c70854af01f3f9560283b07a 
Number of updated asset objects reloaded before import = 0Number of asset objects unloaded after import = 3

========================================================================
Received Import Request.
  Time since last request: 0.000023 seconds.
  path: Assets/Hovl Studio/DemoAssets/Materials/Circle134cg.mat
  importAddress: Guid(ccdb7eafa7935964ba229a801727cde2) Importer(2089858483,b0f066a214c2f5e87bad3c948f4d605d)
Start importing Assets/Hovl Studio/DemoAssets/Materials/Circle134cg.mat using Guid(ccdb7eafa7935964ba229a801727cde2) Importer(2089858483,b0f066a214c2f5e87bad3c948f4d605d) (ScriptedImporter) -> (Import Result ID: 'a46e373552345721a7f17cc6e3436eb2') in 1.2276633 seconds [static and dynamic dependencies]. Details - ImportResultOutputID=bdd3f0794d2d65478463c2b90235912b DependenciesID=970849a2021269524b4bc742f50ab88e StaticDependenciesID=4035f741e8c18bb3087e2678d79e4f6f 
Number of updated asset objects reloaded before import = 0Number of asset objects unloaded after import = 3

========================================================================
Received Import Request.
  Time since last request: 0.000027 seconds.
  path: Assets/Asstes/FightingUnityChan_Asset10/DemoAssets/Prefabs/Active.prefab
  importAddress: Guid(e816235c5fd677b42a19978bf00b22d4) Importer(2089858483,b0f066a214c2f5e87bad3c948f4d605d)
Start importing Assets/Asstes/FightingUnityChan_Asset10/DemoAssets/Prefabs/Active.prefab using Guid(e816235c5fd677b42a19978bf00b22d4) Importer(2089858483,b0f066a214c2f5e87bad3c948f4d605d) (ScriptedImporter) -> (Import Result ID: '4d0dbee0e4eeb640de0df67913da3909') in 0.8059657 seconds [static and dynamic dependencies]. Details - ImportResultOutputID=4e181c53f8e9e32866db24fdceb867e7 DependenciesID=0f8941c5fc9a99b7848abdcafa0ef48a StaticDependenciesID=bdd8dca82dbc70f15694af6d9e90c18d 
Number of updated asset objects reloaded before import = 0Number of asset objects unloaded after import = 386

========================================================================
Received Import Request.
  Time since last request: 0.000040 seconds.
  path: Assets/Hovl Studio/DemoAssets/Textures/Trail64.png
  importAddress: Guid(d9461bac610bcbf43b5af27b5cdf9198) Importer(2089858483,b0f066a214c2f5e87bad3c948f4d605d)
Start importing Assets/Hovl Studio/DemoAssets/Textures/Trail64.png using Guid(d9461bac610bcbf43b5af27b5cdf9198) Importer(2089858483,b0f066a214c2f5e87bad3c948f4d605d) (ScriptedImporter) -> (Import Result ID: '569f34aaeef5769738fbc2402df05de0') in 0.0103336 seconds [static and dynamic dependencies]. Details - ImportResultOutputID=61072b41efc5740fe4aa1061f58ddf99 DependenciesID=a62725ad24c897710cc0e6085a5e1852 StaticDependenciesID=69f14b1d8e5d18392e05363b5040c57e 
Number of updated asset objects reloaded before import = 0Number of asset objects unloaded after import = 1

========================================================================
Received Import Request.
  Time since last request: 0.000027 seconds.
  path: Assets/DemoSence/Editor/FrankBattleAnimationTestSetup.cs
  importAddress: Guid(698e058f64286e04d9c005465d9bbdbd) Importer(2089858483,b0f066a214c2f5e87bad3c948f4d605d)
Start importing Assets/DemoSence/Editor/FrankBattleAnimationTestSetup.cs using Guid(698e058f64286e04d9c005465d9bbdbd) Importer(2089858483,b0f066a214c2f5e87bad3c948f4d605d) (ScriptedImporter) -> (Import Result ID: 'e634ac77642c4582c38a87e170797430') in 0.0040551 seconds [static and dynamic dependencies]. Details - ImportResultOutputID=9d066f7daef392e94be536b29230b3b1 DependenciesID=596a967eff79061ee56e083426967148 StaticDependenciesID=164fae050e5ea9891c05365fea65e90c 
Number of updated asset objects reloaded before import = 0Number of asset objects unloaded after import = 0

========================================================================
Received Import Request.
  Time since last request: 0.000054 seconds.
  path: Assets/Hovl Studio/DemoAssets/Textures/Smoke3.png
  importAddress: Guid(52b767eecc2845a429e0e9e2155a8ea5) Importer(2089858483,b0f066a214c2f5e87bad3c948f4d605d)
Start importing Assets/Hovl Studio/DemoAssets/Textures/Smoke3.png using Guid(52b767eecc2845a429e0e9e2155a8ea5) Importer(2089858483,b0f066a214c2f5e87bad3c948f4d605d) (ScriptedImporter) -> (Import Result ID: 'e0ad2a288b566264f26a2e1299b21f03') in 0.0081913 seconds [static and dynamic dependencies]. Details - ImportResultOutputID=148435ecc470abeeb56d6654726a786d DependenciesID=51d3ab789d8a0d82a0b322a3bd122900 StaticDependenciesID=c29c68ef9028b235f3a94cedd26b659b 
Number of updated asset objects reloaded before import = 0Number of asset objects unloaded after import = 1

========================================================================
Received Import Request.
  Time since last request: 0.000019 seconds.
  path: Assets/Scripts/Network/WebSocketManager.cs
  importAddress: Guid(5cb0e64ce7242794ea8fbd769ac9d3fe) Importer(2089858483,b0f066a214c2f5e87bad3c948f4d605d)
Start importing Assets/Scripts/Network/WebSocketManager.cs using Guid(5cb0e64ce7242794ea8fbd769ac9d3fe) Importer(2089858483,b0f066a214c2f5e87bad3c948f4d605d) (ScriptedImporter) -> (Import Result ID: '8a30dc34cc7b624b8986ba63dfa4db16') in 0.0577035 seconds [static and dynamic dependencies]. Details - ImportResultOutputID=17fe9350924275c90431e8141f0571b7 DependenciesID=313279c857f44f857b106ac9a2441888 StaticDependenciesID=23247bfdf32da994f6a630bb9c83aa9b 
Number of updated asset objects reloaded before import = 0Number of asset objects unloaded after import = 0

========================================================================
Received Import Request.
  Time since last request: 0.000091 seconds.
  path: Assets/Hovl Studio/DemoAssets/Textures/Trail79.png
  importAddress: Guid(a48cee095eb0e094ab6e3c1dabd1bf1f) Importer(2089858483,b0f066a214c2f5e87bad3c948f4d605d)
Start importing Assets/Hovl Studio/DemoAssets/Textures/Trail79.png using Guid(a48cee095eb0e094ab6e3c1dabd1bf1f) Importer(2089858483,b0f066a214c2f5e87bad3c948f4d605d) (ScriptedImporter) -> (Import Result ID: 'c494738bb8abebb2670d1227d63d202f') in 0.0113419 seconds [static and dynamic dependencies]. Details - ImportResultOutputID=c2991679b68dc4d3a8a2c4c06815ca31 DependenciesID=315bac6956faf8a6d9047259e1798c01 StaticDependenciesID=c56db741319950ebd57ad017cca626de 
Number of updated asset objects reloaded before import = 0Number of asset objects unloaded after import = 1

========================================================================
Received Import Request.
  Time since last request: 0.000018 seconds.
  path: Assets/BeatEmUp_GameTemplate3D/Textures/Building01.png
  importAddress: Guid(1a4e27e5c162b254b906900958cb2e8c) Importer(2089858483,b0f066a214c2f5e87bad3c948f4d605d)
Start importing Assets/BeatEmUp_GameTemplate3D/Textures/Building01.png using Guid(1a4e27e5c162b254b906900958cb2e8c) Importer(2089858483,b0f066a214c2f5e87bad3c948f4d605d) (ScriptedImporter) -> (Import Result ID: '2bdf869ae3be735e3afc595ac1c042a9') in 0.1531409 seconds [static and dynamic dependencies]. Details - ImportResultOutputID=ea903eea3f42ebffe74ed7729ab2869e DependenciesID=a08d8a8e3d77b37d96f767ab310572ee StaticDependenciesID=197d0245f036e7e823b252021b842d03 
Number of updated asset objects reloaded before import = 0Number of asset objects unloaded after import = 1

========================================================================
Received Import Request.
  Time since last request: 0.000020 seconds.
  path: Assets/DemoSence/Editor/FrankBattleCombatFeel.cs
  importAddress: Guid(9893337899f54f69a80ba43b72cfb1b8) Importer(2089858483,b0f066a214c2f5e87bad3c948f4d605d)
Start importing Assets/DemoSence/Editor/FrankBattleCombatFeel.cs using Guid(9893337899f54f69a80ba43b72cfb1b8) Importer(2089858483,b0f066a214c2f5e87bad3c948f4d605d) (ScriptedImporter) -> (Import Result ID: '62bf7f3072361a039dbb2309f4fc6c1f') in 0.0032598 seconds [static and dynamic dependencies]. Details - ImportResultOutputID=a075b534da799f037d0085d8bcbde2ef DependenciesID=9699358dd37bd16da115d8cd24ce8b8e StaticDependenciesID=a892dcfc029f8eccc4a8f5603ba39f9e 
Number of updated asset objects reloaded before import = 0Number of asset objects unloaded after import = 0

========================================================================
Received Import Request.
  Time since last request: 0.000098 seconds.
  path: Assets/BeatEmUp_GameTemplate3D/Audio/CharSelect.wav
  importAddress: Guid(08be763e9060c8a49bf86e9220b97573) Importer(2089858483,b0f066a214c2f5e87bad3c948f4d605d)
Start importing Assets/BeatEmUp_GameTemplate3D/Audio/CharSelect.wav using Guid(08be763e9060c8a49bf86e9220b97573) Importer(2089858483,b0f066a214c2f5e87bad3c948f4d605d) (ScriptedImporter) -> (Import Result ID: 'cfe6c6070916214e723e0d80ded73fbb') in 0.0233489 seconds [static and dynamic dependencies]. Details - ImportResultOutputID=20580d73f921564afa58fffb2ce13546 DependenciesID=c48498597aaa922e330d3224b8dc8078 StaticDependenciesID=761935892a83f38683f68fa6da70eeee 
Number of updated asset objects reloaded before import = 0Number of asset objects unloaded after import = 1

========================================================================
Received Import Request.
  Time since last request: 0.000020 seconds.
  path: Assets/Hovl Studio/DemoAssets/Textures/Noise43.png
  importAddress: Guid(6701bfb8e762cd54e96d8dc1a763d942) Importer(2089858483,b0f066a214c2f5e87bad3c948f4d605d)
Start importing Assets/Hovl Studio/DemoAssets/Textures/Noise43.png using Guid(6701bfb8e762cd54e96d8dc1a763d942) Importer(2089858483,b0f066a214c2f5e87bad3c948f4d605d) (ScriptedImporter) -> (Import Result ID: '383dd2c0017cccb33d3b39845e6eaafc') in 0.0624676 seconds [static and dynamic dependencies]. Details - ImportResultOutputID=ec439a92f5a3a1db5a0ed655b9137a41 DependenciesID=41d87807cf74b7a4d4ff4f43d91a5476 StaticDependenciesID=f582ae30746893e726ad023a19bf1879 
Number of updated asset objects reloaded before import = 0Number of asset objects unloaded after import = 1

========================================================================
Received Import Request.
  Time since last request: 0.000054 seconds.
  path: Assets/BeatEmUp_GameTemplate3D/Audio/Footstep1.wav
  importAddress: Guid(e2ea5c7996fa1c249b0e7c800aa86f1a) Importer(2089858483,b0f066a214c2f5e87bad3c948f4d605d)
Start importing Assets/BeatEmUp_GameTemplate3D/Audio/Footstep1.wav using Guid(e2ea5c7996fa1c249b0e7c800aa86f1a) Importer(2089858483,b0f066a214c2f5e87bad3c948f4d605d) (ScriptedImporter) -> (Import Result ID: 'f3812a1d7797aa2da300eb0c7130a7d1') in 0.0914736 seconds [static and dynamic dependencies]. Details - ImportResultOutputID=a42087e812078dacc107a4317995c2a0 DependenciesID=8759697e79f3685278c473e18b5ebc50 StaticDependenciesID=5d66d156f16f8ad7635da8d720926de0 
Number of updated asset objects reloaded before import = 0Number of asset objects unloaded after import = 1

========================================================================
Received Import Request.
  Time since last request: 0.000051 seconds.
  path: Assets/Hovl Studio/Sword slash VFX/Textures/Point12.png
  importAddress: Guid(c8ada4fdced7c07409542d983b96835e) Importer(2089858483,b0f066a214c2f5e87bad3c948f4d605d)
Start importing Assets/Hovl Studio/Sword slash VFX/Textures/Point12.png using Guid(c8ada4fdced7c07409542d983b96835e) Importer(2089858483,b0f066a214c2f5e87bad3c948f4d605d) (ScriptedImporter) -> (Import Result ID: 'f0fe4d7598c2711f852a1654b29760cb') in 0.0473395 seconds [static and dynamic dependencies]. Details - ImportResultOutputID=a56a1d8f76b53743b1ebf877b91602c8 DependenciesID=a8cae5ebfc9868e9e2097e38beadf794 StaticDependenciesID=d98b046dad979dd21b51b34315f555a6 
Number of updated asset objects reloaded before import = 0Number of asset objects unloaded after import = 1

========================================================================
Received Import Request.
  Time since last request: 0.000020 seconds.
  path: Assets/Hovl Studio/Sword slash VFX/Textures/Trail21.png
  importAddress: Guid(0d1fb353c40bd6345af42a3b4f0bdb1a) Importer(2089858483,b0f066a214c2f5e87bad3c948f4d605d)
Start importing Assets/Hovl Studio/Sword slash VFX/Textures/Trail21.png using Guid(0d1fb353c40bd6345af42a3b4f0bdb1a) Importer(2089858483,b0f066a214c2f5e87bad3c948f4d605d) (ScriptedImporter) -> (Import Result ID: '328885410facd25aaca7d28adde324c7') in 0.0113513 seconds [static and dynamic dependencies]. Details - ImportResultOutputID=d7483cd2fdcbeade4c97ac829faf43db DependenciesID=94f9a3e7168e78b92684ab02cce281f1 StaticDependenciesID=e139a9bade5eaee8e87e9ac121b0eaa6 
Number of updated asset objects reloaded before import = 0Number of asset objects unloaded after import = 1

========================================================================
Received Import Request.
  Time since last request: 0.000037 seconds.
  path: Assets/JMO Assets/Cartoon FX Remaster/CFXR Assets/Graphics/cfxr hit triangle.png
  importAddress: Guid(c08b3b0c3f6cf7c4f97be55c047834fd) Importer(2089858483,b0f066a214c2f5e87bad3c948f4d605d)
Start importing Assets/JMO Assets/Cartoon FX Remaster/CFXR Assets/Graphics/cfxr hit triangle.png using Guid(c08b3b0c3f6cf7c4f97be55c047834fd) Importer(2089858483,b0f066a214c2f5e87bad3c948f4d605d) (ScriptedImporter) -> (Import Result ID: '56ae80b9a8df9038fff78e3e717e1335') in 0.0482067 seconds [static and dynamic dependencies]. Details - ImportResultOutputID=0f888a609fcd621bcdb6f4aec741ef8c DependenciesID=fe48c35b245801a0b1fc013d4a79a40a StaticDependenciesID=bd6a134b799fe8e7865f6a9f57eb47ed 
Number of updated asset objects reloaded before import = 0Number of asset objects unloaded after import = 1

========================================================================
Received Import Request.
  Time since last request: 0.000022 seconds.
  path: Assets/Hovl Studio/DemoAssets/Materials/Slash9dn.mat
  importAddress: Guid(1d8ef00bbb055a24f8f10c0364151795) Importer(2089858483,b0f066a214c2f5e87bad3c948f4d605d)
Start importing Assets/Hovl Studio/DemoAssets/Materials/Slash9dn.mat using Guid(1d8ef00bbb055a24f8f10c0364151795) Importer(2089858483,b0f066a214c2f5e87bad3c948f4d605d) (ScriptedImporter) -> (Import Result ID: '6b5cd24cfbba11df4476fbeb6bcd9392') in 0.0867114 seconds [static and dynamic dependencies]. Details - ImportResultOutputID=85f54e02ea6a9ed7a99d8b4b48bcafab DependenciesID=aeff77609cae36a01fbe7b4a765e4ea3 StaticDependenciesID=4ae71bf3151943531d5bbc3ab0cf1020 
Number of updated asset objects reloaded before import = 0Number of asset objects unloaded after import = 3

========================================================================
Received Import Request.
  Time since last request: 0.000014 seconds.
  path: Assets/Hovl Studio/DemoAssets/Materials/Trail80bcg.mat
  importAddress: Guid(cdbe31c2273ad0248ba80281794b8800) Importer(2089858483,b0f066a214c2f5e87bad3c948f4d605d)
Start importing Assets/Hovl Studio/DemoAssets/Materials/Trail80bcg.mat using Guid(cdbe31c2273ad0248ba80281794b8800) Importer(2089858483,b0f066a214c2f5e87bad3c948f4d605d) (ScriptedImporter) -> (Import Result ID: '5e2b9cd75d06c269cbee1df61ebd92f8') in 0.0182211 seconds [static and dynamic dependencies]. Details - ImportResultOutputID=540778dca2424f53a7013e6db6af5c20 DependenciesID=c82ea9352899e81f4e12280dcbe9519b StaticDependenciesID=a57ca78e77b3de4cfbd4bf3faac0930e 
Number of updated asset objects reloaded before import = 0Number of asset objects unloaded after import = 2

========================================================================
Received Import Request.
  Time since last request: 0.000022 seconds.
  path: Assets/Hovl Studio/DemoAssets/Materials/CircleRainbow10cg.mat
  importAddress: Guid(f4205f7c8c8f91244b7d43f68308744a) Importer(2089858483,b0f066a214c2f5e87bad3c948f4d605d)
Start importing Assets/Hovl Studio/DemoAssets/Materials/CircleRainbow10cg.mat using Guid(f4205f7c8c8f91244b7d43f68308744a) Importer(2089858483,b0f066a214c2f5e87bad3c948f4d605d) (ScriptedImporter) -> (Import Result ID: '8a39207f2ddc208f4133dca09b29eb5b') in 0.0189269 seconds [static and dynamic dependencies]. Details - ImportResultOutputID=1744f89ce2cddd6a082a84b39257a003 DependenciesID=a1dcd695e11f43491330aa0785b2563a StaticDependenciesID=f1362570a20f5d77ea52ba31d968ae64 
Number of updated asset objects reloaded before import = 0Number of asset objects unloaded after import = 2

========================================================================
Received Import Request.
  Time since last request: 0.000019 seconds.
  path: Assets/Asstes/FightingUnityChan_Asset10/DemoAssets/Prefabs/Passive.prefab
  importAddress: Guid(e377b1d4b7446844ba3436b190a26b77) Importer(2089858483,b0f066a214c2f5e87bad3c948f4d605d)
Start importing Assets/Asstes/FightingUnityChan_Asset10/DemoAssets/Prefabs/Passive.prefab using Guid(e377b1d4b7446844ba3436b190a26b77) Importer(2089858483,b0f066a214c2f5e87bad3c948f4d605d) (ScriptedImporter) -> (Import Result ID: 'eff0f45ce802c9314c160139c3d6e396') in 0.0887156 seconds [static and dynamic dependencies]. Details - ImportResultOutputID=b4160904bbb5a8fb046c2823e3c2d611 DependenciesID=7e5ad1495e9e29cccf345ed55efcfd9e StaticDependenciesID=e15b62dcf972d4d5e3309a0f7a802726 
Number of updated asset objects reloaded before import = 0Number of asset objects unloaded after import = 386

========================================================================
Received Import Request.
  Time since last request: 0.000021 seconds.
  path: Assets/JMO Assets/Cartoon FX Remaster/CFXR Assets/Graphics/cfxr hit triangle dissolve.png
  importAddress: Guid(fb6973fd296f0164f9879f3cb40f8b8b) Importer(2089858483,b0f066a214c2f5e87bad3c948f4d605d)
Start importing Assets/JMO Assets/Cartoon FX Remaster/CFXR Assets/Graphics/cfxr hit triangle dissolve.png using Guid(fb6973fd296f0164f9879f3cb40f8b8b) Importer(2089858483,b0f066a214c2f5e87bad3c948f4d605d) (ScriptedImporter) -> (Import Result ID: '9418d172d71ddf541ad1634bfc2f1028') in 0.0291556 seconds [static and dynamic dependencies]. Details - ImportResultOutputID=8b4d1c3d28e2f8dcf15eeb637b840a1c DependenciesID=a20ee21f0cc2cf0da7ac28056dc7d7a5 StaticDependenciesID=d00143f1c1a181722d18eabc65eb8917 
Number of updated asset objects reloaded before import = 0Number of asset objects unloaded after import = 1

========================================================================
Received Import Request.
  Time since last request: 0.000028 seconds.
  path: Assets/DemoSence/Sets/Pepe/Hit/Damage_Critical_2Handed.anim
  importAddress: Guid(9c35a5274953fd6efbf06df0defbdf9c) Importer(2089858483,b0f066a214c2f5e87bad3c948f4d605d)
Start importing Assets/DemoSence/Sets/Pepe/Hit/Damage_Critical_2Handed.anim using Guid(9c35a5274953fd6efbf06df0defbdf9c) Importer(2089858483,b0f066a214c2f5e87bad3c948f4d605d) (ScriptedImporter) -> (Import Result ID: '68a98d0c1612c081433ea48e9986c0bf') in 0.7131839 seconds [static and dynamic dependencies]. Details - ImportResultOutputID=f7eeb6499462a27210731bc28044af02 DependenciesID=05aedf80bb324b0eabc8041d36b2172c StaticDependenciesID=88e314074f06fbfbbf56e741735193cd 
Number of updated asset objects reloaded before import = 0Number of asset objects unloaded after import = 1

========================================================================
Received Import Request.
  Time since last request: 0.000035 seconds.
  path: Assets/Hovl Studio/DemoAssets/Textures/Crater38.png
  importAddress: Guid(bd115d08b72ca524f94ce1831f56a9fe) Importer(2089858483,b0f066a214c2f5e87bad3c948f4d605d)
Start importing Assets/Hovl Studio/DemoAssets/Textures/Crater38.png using Guid(bd115d08b72ca524f94ce1831f56a9fe) Importer(2089858483,b0f066a214c2f5e87bad3c948f4d605d) (ScriptedImporter) -> (Import Result ID: '273ee28013dc960811346387a6945f0f') in 0.0363311 seconds [static and dynamic dependencies]. Details - ImportResultOutputID=a634e7f63e79b17a4c011c352c07b333 DependenciesID=bdaeb80d929b1c0aea390e1d1907f1f2 StaticDependenciesID=582c765d917541a5cbcf13cf7ab78cbb 
Number of updated asset objects reloaded before import = 0Number of asset objects unloaded after import = 1

========================================================================
Received Import Request.
  Time since last request: 0.000022 seconds.
  path: Assets/Hovl Studio/Sword slash VFX/Textures/Flash21.png
  importAddress: Guid(6c6076316faf3ec48b1600130510cc09) Importer(2089858483,b0f066a214c2f5e87bad3c948f4d605d)
Start importing Assets/Hovl Studio/Sword slash VFX/Textures/Flash21.png using Guid(6c6076316faf3ec48b1600130510cc09) Importer(2089858483,b0f066a214c2f5e87bad3c948f4d605d) (ScriptedImporter) -> (Import Result ID: 'edabaf1720afe2afda3185cc89297ffe') in 0.0453363 seconds [static and dynamic dependencies]. Details - ImportResultOutputID=e793b0c717b7e417fde5b499070ef134 DependenciesID=fd19585fea57f8b2570df72bf4318f53 StaticDependenciesID=13c316384243989ba8e15eb5d979b808 
Number of updated asset objects reloaded before import = 0Number of asset objects unloaded after import = 1

========================================================================
Received Import Request.
  Time since last request: 0.000028 seconds.
  path: Assets/Hovl Studio/DemoAssets/Textures/Crater55.png
  importAddress: Guid(51ff75f8565294948bb5110bb070284f) Importer(2089858483,b0f066a214c2f5e87bad3c948f4d605d)
Start importing Assets/Hovl Studio/DemoAssets/Textures/Crater55.png using Guid(51ff75f8565294948bb5110bb070284f) Importer(2089858483,b0f066a214c2f5e87bad3c948f4d605d) (ScriptedImporter) -> (Import Result ID: '0c1e3a6cf9591a6aa1f3793c8177cc60') in 0.0095734 seconds [static and dynamic dependencies]. Details - ImportResultOutputID=0d325dd0e25013dba6a2f6d89e57f431 DependenciesID=e6ac07f1dd7aa1a6639d0ed055ba2114 StaticDependenciesID=aa7cdaf5931147f835a906527041225e 
Number of updated asset objects reloaded before import = 0Number of asset objects unloaded after import = 1

========================================================================
Received Import Request.
  Time since last request: 0.000042 seconds.
  path: Assets/Hovl Studio/Sword slash VFX/Textures/Stone1_MS.png
  importAddress: Guid(f5007da8a6ac9494a8c03399201d26a0) Importer(2089858483,b0f066a214c2f5e87bad3c948f4d605d)
Start importing Assets/Hovl Studio/Sword slash VFX/Textures/Stone1_MS.png using Guid(f5007da8a6ac9494a8c03399201d26a0) Importer(2089858483,b0f066a214c2f5e87bad3c948f4d605d) (ScriptedImporter) -> (Import Result ID: 'fcccae5555d5edc66b24acb89954b4de') in 0.0104106 seconds [static and dynamic dependencies]. Details - ImportResultOutputID=0efeea128d69d976bec6ca0e33330819 DependenciesID=7987c476e0cd8290dc949281fcdda325 StaticDependenciesID=9bcd36e58bbaef3ac599bb295635a9b6 
Number of updated asset objects reloaded before import = 0Number of asset objects unloaded after import = 1

========================================================================
Received Import Request.
  Time since last request: 0.000030 seconds.
  path: Assets/Hovl Studio/DemoAssets/Materials/Noise53bcg.mat
  importAddress: Guid(6f3d772710ae54a4f97e32af1dedf4f0) Importer(2089858483,b0f066a214c2f5e87bad3c948f4d605d)
Start importing Assets/Hovl Studio/DemoAssets/Materials/Noise53bcg.mat using Guid(6f3d772710ae54a4f97e32af1dedf4f0) Importer(2089858483,b0f066a214c2f5e87bad3c948f4d605d) (ScriptedImporter) -> (Import Result ID: 'dd8f95b535065ccc072e8fa4bf296b4e') in 0.0528634 seconds [static and dynamic dependencies]. Details - ImportResultOutputID=24f584e09bca9bc63a9c27b6c20c197e DependenciesID=7896f4b0816a0ea4b68d67518d0d7909 StaticDependenciesID=d6e49a9bc213edb74b7f870c12ee2148 
Number of updated asset objects reloaded before import = 0Number of asset objects unloaded after import = 4

========================================================================
Received Import Request.
  Time since last request: 0.000029 seconds.
  path: Assets/Audio/Battle/Clips/Processed/heavy_hit_IMPACT_Generic_13_mono.wav
  importAddress: Guid(55a23c35e8032674380be37a6604907e) Importer(2089858483,b0f066a214c2f5e87bad3c948f4d605d)
Start importing Assets/Audio/Battle/Clips/Processed/heavy_hit_IMPACT_Generic_13_mono.wav using Guid(55a23c35e8032674380be37a6604907e) Importer(2089858483,b0f066a214c2f5e87bad3c948f4d605d) (ScriptedImporter) -> (Import Result ID: '2b4cccc0eb14ae297031639c72d91d56') in 0.0803443 seconds [static and dynamic dependencies]. Details - ImportResultOutputID=4ae3e5fa539a625a43c1162f4f56f70c DependenciesID=8be526afd1275e32e46550c0958a4b74 StaticDependenciesID=db97295a073fce8982860f79944d1220 
Number of updated asset objects reloaded before import = 0Number of asset objects unloaded after import = 1

========================================================================
Received Import Request.
  Time since last request: 0.000049 seconds.
  path: Assets/Mankeys_sushishop/textures/Monkey_diff_eye_tex1.jpg
  importAddress: Guid(64efa95b7a14e7a4ebad7595318db6db) Importer(2089858483,b0f066a214c2f5e87bad3c948f4d605d)
Start importing Assets/Mankeys_sushishop/textures/Monkey_diff_eye_tex1.jpg using Guid(64efa95b7a14e7a4ebad7595318db6db) Importer(2089858483,b0f066a214c2f5e87bad3c948f4d605d) (ScriptedImporter) -> (Import Result ID: 'a699b30081b8e8b82aa5433d98c40d68') in 0.0923848 seconds [static and dynamic dependencies]. Details - ImportResultOutputID=43f21622604c03a0953f40bed0ef3ac2 DependenciesID=2dfdd997b09671897fccc48ca24008d4 StaticDependenciesID=78bd0a872ea19c7a299af392e636f789 
Number of updated asset objects reloaded before import = 0Number of asset objects unloaded after import = 1

========================================================================
Received Import Request.
  Time since last request: 0.000051 seconds.
  path: Assets/Hovl Studio/DemoAssets/Scripts/HS_ZoneTrigger.cs
  importAddress: Guid(c8659756ff47c094bb31157ec185ffb1) Importer(2089858483,b0f066a214c2f5e87bad3c948f4d605d)
Start importing Assets/Hovl Studio/DemoAssets/Scripts/HS_ZoneTrigger.cs using Guid(c8659756ff47c094bb31157ec185ffb1) Importer(2089858483,b0f066a214c2f5e87bad3c948f4d605d) (ScriptedImporter) -> (Import Result ID: 'f319601af4822b3581fbfb0f0de2293c') in 0.0126725 seconds [static and dynamic dependencies]. Details - ImportResultOutputID=69007decdc67dc123ff3e582d92b52d4 DependenciesID=c620861873efbf9b66709fb349cedc53 StaticDependenciesID=8c6b09e9301a9e6e867736ded90c107b 
Number of updated asset objects reloaded before import = 0Number of asset objects unloaded after import = 0

========================================================================
Received Import Request.
  Time since last request: 0.000101 seconds.
  path: Assets/BeatEmUp_GameTemplate3D/Audio/PunchHit1.wav
  importAddress: Guid(f1e98f248172e50449accf8250024db6) Importer(2089858483,b0f066a214c2f5e87bad3c948f4d605d)
Start importing Assets/BeatEmUp_GameTemplate3D/Audio/PunchHit1.wav using Guid(f1e98f248172e50449accf8250024db6) Importer(2089858483,b0f066a214c2f5e87bad3c948f4d605d) (ScriptedImporter) -> (Import Result ID: '0333c1910d4a7dff0dd1f837dbfa4274') in 0.0452867 seconds [static and dynamic dependencies]. Details - ImportResultOutputID=1a4a0c1877e3f79daf99fa572fd749d8 DependenciesID=338b748491b9691ffa6b38d33b4da115 StaticDependenciesID=bbb2d42b83f3eabf85134ca15c15a457 
Number of updated asset objects reloaded before import = 0Number of asset objects unloaded after import = 1

========================================================================
Received Import Request.
  Time since last request: 0.000019 seconds.
  path: Assets/BeatEmUp_GameTemplate3D/Environment/Models/Pavement.FBX
  importAddress: Guid(b9d64e7020ef663429b25d163f2bc0e6) Importer(2089858483,b0f066a214c2f5e87bad3c948f4d605d)
Start importing Assets/BeatEmUp_GameTemplate3D/Environment/Models/Pavement.FBX using Guid(b9d64e7020ef663429b25d163f2bc0e6) Importer(2089858483,b0f066a214c2f5e87bad3c948f4d605d) (ScriptedImporter) -> (Import Result ID: '00c854be94d36935dd18154a9b781ca5') in 0.0119141 seconds [static and dynamic dependencies]. Details - ImportResultOutputID=9a4e513944cb37d17cc8c4507446bbaf DependenciesID=c7eb823f5e633925c645346bb9df5b32 StaticDependenciesID=897bb79980c9ce199eeaf43d687c0b87 
Number of updated asset objects reloaded before import = 0Number of asset objects unloaded after import = 7

========================================================================
Received Import Request.
  Time since last request: 0.000016 seconds.
  path: Assets/Hovl Studio/DemoAssets/Materials/Trail52bcg.mat
  importAddress: Guid(887467d7c5b6766489b8018992c8d656) Importer(2089858483,b0f066a214c2f5e87bad3c948f4d605d)
Start importing Assets/Hovl Studio/DemoAssets/Materials/Trail52bcg.mat using Guid(887467d7c5b6766489b8018992c8d656) Importer(2089858483,b0f066a214c2f5e87bad3c948f4d605d) (ScriptedImporter) -> (Import Result ID: 'c6201ffacd34f77c4fc8d15b35e846b9') in 0.0314979 seconds [static and dynamic dependencies]. Details - ImportResultOutputID=4f010fb4be66f0fce0efcbf7fd2b7dec DependenciesID=d8e1408e21faa3ead59ad4c41fbf99e9 StaticDependenciesID=27d300340675393cefbb654aa3d8b085 
Number of updated asset objects reloaded before import = 0Number of asset objects unloaded after import = 2

========================================================================
Received Import Request.
  Time since last request: 0.000016 seconds.
  path: Assets/Hovl Studio/DemoAssets/Textures/Trail48.png
  importAddress: Guid(711c9cc74686637428be1cb2473edb84) Importer(2089858483,b0f066a214c2f5e87bad3c948f4d605d)
Start importing Assets/Hovl Studio/DemoAssets/Textures/Trail48.png using Guid(711c9cc74686637428be1cb2473edb84) Importer(2089858483,b0f066a214c2f5e87bad3c948f4d605d) (ScriptedImporter) -> (Import Result ID: '147f85894b877e16ed1c95af3c2115b0') in 0.008626 seconds [static and dynamic dependencies]. Details - ImportResultOutputID=988223b5d386671619ec3603ee4a8380 DependenciesID=d5e9d2f1cfde6e429614b76dfe528627 StaticDependenciesID=ebefe5af1e660369444a6656e337c8c8 
Number of updated asset objects reloaded before import = 0Number of asset objects unloaded after import = 1

========================================================================
Received Import Request.
  Time since last request: 0.000016 seconds.
  path: Assets/Scripts/Vfx/BattleKnockbackFeedback.cs
  importAddress: Guid(e07fdcc1fc164a21b7ac7c3c4775ab93) Importer(2089858483,b0f066a214c2f5e87bad3c948f4d605d)
Start importing Assets/Scripts/Vfx/BattleKnockbackFeedback.cs using Guid(e07fdcc1fc164a21b7ac7c3c4775ab93) Importer(2089858483,b0f066a214c2f5e87bad3c948f4d605d) (ScriptedImporter) -> (Import Result ID: '3a1317c7013a0eacc85bb6f0243fd55a') in 0.0037477 seconds [static and dynamic dependencies]. Details - ImportResultOutputID=7da5a6dac7f9e80221389225306149ea DependenciesID=902a8ca08c6696d37f804f15625888dd StaticDependenciesID=bc92a69705ae931c757ca02df449416f 
Number of updated asset objects reloaded before import = 0Number of asset objects unloaded after import = 0

========================================================================
Received Import Request.
  Time since last request: 0.000062 seconds.
  path: Assets/Hovl Studio/DemoAssets/Materials/Trail21bcg.mat
  importAddress: Guid(ec194b84f7a17fd419c28602be23444f) Importer(2089858483,b0f066a214c2f5e87bad3c948f4d605d)
Start importing Assets/Hovl Studio/DemoAssets/Materials/Trail21bcg.mat using Guid(ec194b84f7a17fd419c28602be23444f) Importer(2089858483,b0f066a214c2f5e87bad3c948f4d605d) (ScriptedImporter) -> (Import Result ID: 'f47f58e498f9703c7f217e9b5b2ec189') in 0.0428482 seconds [static and dynamic dependencies]. Details - ImportResultOutputID=4c1443374fecf1c9a4db88cef4e255b3 DependenciesID=8593a6ed33a49aed430e36203312aa18 StaticDependenciesID=a493c45f09a1404bd4f7e83d0317d8c4 
Number of updated asset objects reloaded before import = 0Number of asset objects unloaded after import = 2

========================================================================
Received Import Request.
  Time since last request: 0.000018 seconds.
  path: Assets/BeatEmUp_GameTemplate3D/Textures/Road_LightMap.png
  importAddress: Guid(5677668ab7476af47bac014612351c49) Importer(2089858483,b0f066a214c2f5e87bad3c948f4d605d)
Start importing Assets/BeatEmUp_GameTemplate3D/Textures/Road_LightMap.png using Guid(5677668ab7476af47bac014612351c49) Importer(2089858483,b0f066a214c2f5e87bad3c948f4d605d) (ScriptedImporter) -> (Import Result ID: 'f56f9d21824a0d9fe7f481d94406d1ce') in 0.0089578 seconds [static and dynamic dependencies]. Details - ImportResultOutputID=86cb0cb8b94a4ac9d3affce864b5e7a3 DependenciesID=62efd9ad2ba584e93d9ac86e904f0e9e StaticDependenciesID=a5871663096a7da723c8d96e1213b174 
Number of updated asset objects reloaded before import = 0Number of asset objects unloaded after import = 1

========================================================================
Received Import Request.
  Time since last request: 0.000034 seconds.
  path: Assets/Plugins/Vefects/Flipbook VFX/Demo/DemoAssets/Meshes/SM_VFX_Background_Plate_01.fbx
  importAddress: Guid(58fb459de7ed34641b58446cf96bee8f) Importer(2089858483,b0f066a214c2f5e87bad3c948f4d605d)
Start importing Assets/Plugins/Vefects/Flipbook VFX/Demo/DemoAssets/Meshes/SM_VFX_Background_Plate_01.fbx using Guid(58fb459de7ed34641b58446cf96bee8f) Importer(2089858483,b0f066a214c2f5e87bad3c948f4d605d) (ScriptedImporter) -> (Import Result ID: '73d334e0ee2aa861f1e084861ff4aadd') in 0.0113237 seconds [static and dynamic dependencies]. Details - ImportResultOutputID=7bc52d39ba3100c27e5ecb7c0351d82d DependenciesID=506d6bf6eb378819b6c072efbf947eab StaticDependenciesID=06984d0ec489eba1834cfe50ee4573ae 
Number of updated asset objects reloaded before import = 0Number of asset objects unloaded after import = 7

========================================================================
Received Import Request.
  Time since last request: 0.000024 seconds.
  path: Assets/Hovl Studio/DemoAssets/Textures/CircleRainbow15.png
  importAddress: Guid(75a658e5f1bedfb43a2d73794c48f717) Importer(2089858483,b0f066a214c2f5e87bad3c948f4d605d)
Start importing Assets/Hovl Studio/DemoAssets/Textures/CircleRainbow15.png using Guid(75a658e5f1bedfb43a2d73794c48f717) Importer(2089858483,b0f066a214c2f5e87bad3c948f4d605d) (ScriptedImporter) -> (Import Result ID: 'cf5c51f9f2695e88bdce1ca16efe23c8') in 0.0087238 seconds [static and dynamic dependencies]. Details - ImportResultOutputID=e3f1ecc7edafc3b2be369654ec00c1e0 DependenciesID=32258bcaf5574747d46a0d14bbc9a85a StaticDependenciesID=4614c49c4e7cf159c5ffb181c7afb1af 
Number of updated asset objects reloaded before import = 0Number of asset objects unloaded after import = 1

========================================================================
Received Import Request.
  Time since last request: 0.000016 seconds.
  path: Assets/Hovl Studio/DemoAssets/Materials/Flare19bcg.mat
  importAddress: Guid(ac5c393669e303c4585ff5a1e917fac2) Importer(2089858483,b0f066a214c2f5e87bad3c948f4d605d)
Start importing Assets/Hovl Studio/DemoAssets/Materials/Flare19bcg.mat using Guid(ac5c393669e303c4585ff5a1e917fac2) Importer(2089858483,b0f066a214c2f5e87bad3c948f4d605d) (ScriptedImporter) -> (Import Result ID: '831265e154d435d047039952b92104a1') in 0.0508225 seconds [static and dynamic dependencies]. Details - ImportResultOutputID=f0f01168e292958c6ba27901f23443eb DependenciesID=d47372f6cbf7024e02e882f018d6c54c StaticDependenciesID=35a0c3e540e8e5c5c7fb3777c7d46c2a 
Number of updated asset objects reloaded before import = 0Number of asset objects unloaded after import = 2

========================================================================
Received Import Request.
  Time since last request: 0.000015 seconds.
  path: Assets/Hovl Studio/DemoAssets/Models/Twist4.fbx
  importAddress: Guid(1eb985471e569ca45bbfdd2c6f778575) Importer(2089858483,b0f066a214c2f5e87bad3c948f4d605d)
Start importing Assets/Hovl Studio/DemoAssets/Models/Twist4.fbx using Guid(1eb985471e569ca45bbfdd2c6f778575) Importer(2089858483,b0f066a214c2f5e87bad3c948f4d605d) (ScriptedImporter) -> (Import Result ID: 'e014a873a236b4a8d6d007dd8943d4d2') in 0.0797108 seconds [static and dynamic dependencies]. Details - ImportResultOutputID=7e55350c35181809e0824a6424deb1c7 DependenciesID=79d486d925512c8446e0aac9089c64a5 StaticDependenciesID=f4f0b74971417a57b38cef25a44a6bd7 
Number of updated asset objects reloaded before import = 0Number of asset objects unloaded after import = 7

========================================================================
Received Import Request.
  Time since last request: 0.000015 seconds.
  path: Assets/Hovl Studio/DemoAssets/Textures/Leaf12.png
  importAddress: Guid(d0ada9bf95937474fb524e1c68eb351b) Importer(2089858483,b0f066a214c2f5e87bad3c948f4d605d)
Start importing Assets/Hovl Studio/DemoAssets/Textures/Leaf12.png using Guid(d0ada9bf95937474fb524e1c68eb351b) Importer(2089858483,b0f066a214c2f5e87bad3c948f4d605d) (ScriptedImporter) -> (Import Result ID: '900f13afa22c2fdbad90a6a87d221775') in 0.0292756 seconds [static and dynamic dependencies]. Details - ImportResultOutputID=59f48a0a26b0cc71eb9d7faa483219e6 DependenciesID=e7ecbeceb1fb2acafd75316e93d03523 StaticDependenciesID=bf53c9df7680c1b816e9e7e1063e7433 
Number of updated asset objects reloaded before import = 0Number of asset objects unloaded after import = 1

========================================================================
Received Import Request.
  Time since last request: 0.000028 seconds.
  path: Assets/Hovl Studio/DemoAssets/Materials/Waves21cg2.mat
  importAddress: Guid(8a2d576b47babc843a00f97e63d4ef51) Importer(2089858483,b0f066a214c2f5e87bad3c948f4d605d)
Start importing Assets/Hovl Studio/DemoAssets/Materials/Waves21cg2.mat using Guid(8a2d576b47babc843a00f97e63d4ef51) Importer(2089858483,b0f066a214c2f5e87bad3c948f4d605d) (ScriptedImporter) -> (Import Result ID: '3a8e1c5830257b5e89d227d6fabb7281') in 0.03429 seconds [static and dynamic dependencies]. Details - ImportResultOutputID=55ae2efb38822cd751f417636a67e246 DependenciesID=48f0d5cead4f36c1f64d6be4df8975e6 StaticDependenciesID=14265b3157371f38ac34f3d7f7d99494 
Number of updated asset objects reloaded before import = 0Number of asset objects unloaded after import = 4

========================================================================
Received Import Request.
  Time since last request: 0.000022 seconds.
  path: Assets/Hovl Studio/DemoAssets/Materials/Trail66cg.mat
  importAddress: Guid(cc312dfb05f20164eacc14fd327913d6) Importer(2089858483,b0f066a214c2f5e87bad3c948f4d605d)
Start importing Assets/Hovl Studio/DemoAssets/Materials/Trail66cg.mat using Guid(cc312dfb05f20164eacc14fd327913d6) Importer(2089858483,b0f066a214c2f5e87bad3c948f4d605d) (ScriptedImporter) -> (Import Result ID: '9d0dea4a7ee92a5e2546775ee3ee7be7') in 0.0911569 seconds [static and dynamic dependencies]. Details - ImportResultOutputID=c6f9847fbb36adcf0e7f3a5b86fab9c4 DependenciesID=864eb0018b16a2fc8110b40cc5ac0918 StaticDependenciesID=9a12365cf434e25ab36085cc91d4fb75 
Number of updated asset objects reloaded before import = 0Number of asset objects unloaded after import = 2

========================================================================
Received Import Request.
  Time since last request: 0.000027 seconds.
  path: Assets/Hovl Studio/DemoAssets/Textures/Target2.png
  importAddress: Guid(d78d9d0660de7f645b110d413591ba8f) Importer(2089858483,b0f066a214c2f5e87bad3c948f4d605d)
Start importing Assets/Hovl Studio/DemoAssets/Textures/Target2.png using Guid(d78d9d0660de7f645b110d413591ba8f) Importer(2089858483,b0f066a214c2f5e87bad3c948f4d605d) (ScriptedImporter) -> (Import Result ID: '4d5bc3b238ef20be6aefad3b40712054') in 0.0385544 seconds [static and dynamic dependencies]. Details - ImportResultOutputID=0837a75b382821e9b17e73590435d877 DependenciesID=c2c2092044b553514a5a09c39de1cb53 StaticDependenciesID=659fb70905dbc27d1ad317a622ec7604 
Number of updated asset objects reloaded before import = 0Number of asset objects unloaded after import = 1

========================================================================
Received Import Request.
  Time since last request: 0.000031 seconds.
  path: Assets/Hovl Studio/DemoAssets/Materials/Noise69bd.mat
  importAddress: Guid(0761ab5a2150c844299a0208bb90e6e0) Importer(2089858483,b0f066a214c2f5e87bad3c948f4d605d)
Start importing Assets/Hovl Studio/DemoAssets/Materials/Noise69bd.mat using Guid(0761ab5a2150c844299a0208bb90e6e0) Importer(2089858483,b0f066a214c2f5e87bad3c948f4d605d) (ScriptedImporter) -> (Import Result ID: '7a8979cae4876cc6eb1a45dafa71a316') in 0.0282972 seconds [static and dynamic dependencies]. Details - ImportResultOutputID=f3bbcb6dfb19a1b793849ded140eeb14 DependenciesID=59fd7aece511d2dfaf7ed18db31bfae9 StaticDependenciesID=4c405652439aa33022c89823ecb2741b 
Number of updated asset objects reloaded before import = 0Number of asset objects unloaded after import = 4

========================================================================
Received Import Request.
  Time since last request: 0.000018 seconds.
  path: Assets/Hovl Studio/DemoAssets/Materials/Flare6cg.mat
  importAddress: Guid(82f16bfe1d124c54e877ead985da0dc0) Importer(2089858483,b0f066a214c2f5e87bad3c948f4d605d)
Start importing Assets/Hovl Studio/DemoAssets/Materials/Flare6cg.mat using Guid(82f16bfe1d124c54e877ead985da0dc0) Importer(2089858483,b0f066a214c2f5e87bad3c948f4d605d) (ScriptedImporter) -> (Import Result ID: '57d8763d7ed527cb37d6f25f997e1967') in 0.0543595 seconds [static and dynamic dependencies]. Details - ImportResultOutputID=6f76a953bb70318d57d2fe882efec253 DependenciesID=73c0fa319f12a4f96b90066088e0586b StaticDependenciesID=efa037c229db6969fb674792cc219a4d 
Number of updated asset objects reloaded before import = 0Number of asset objects unloaded after import = 2

========================================================================
Received Import Request.
  Time since last request: 0.000019 seconds.
  path: Assets/Audio/Battle/Clips/Processed/blade_cut_GORE_Blade_Chop_mono.wav
  importAddress: Guid(54948a65450c73748a63e7ff370b89cd) Importer(2089858483,b0f066a214c2f5e87bad3c948f4d605d)
Start importing Assets/Audio/Battle/Clips/Processed/blade_cut_GORE_Blade_Chop_mono.wav using Guid(54948a65450c73748a63e7ff370b89cd) Importer(2089858483,b0f066a214c2f5e87bad3c948f4d605d) (ScriptedImporter) -> (Import Result ID: '5fd8bf680d68f1a903ba43678a0c5f95') in 0.0699605 seconds [static and dynamic dependencies]. Details - ImportResultOutputID=498579e30923a168373207a609e06ba8 DependenciesID=fa6f33572260450999cadd99335e3170 StaticDependenciesID=088649fc5be6269bcbfc5e1e8ea75a97 
Number of updated asset objects reloaded before import = 0Number of asset objects unloaded after import = 1

========================================================================
Received Import Request.
  Time since last request: 0.000022 seconds.
  path: Assets/Hovl Studio/DemoAssets/Materials/Smoke3cg.mat
  importAddress: Guid(fe3fbcea8e93fec468be670c547e0aa1) Importer(2089858483,b0f066a214c2f5e87bad3c948f4d605d)
Start importing Assets/Hovl Studio/DemoAssets/Materials/Smoke3cg.mat using Guid(fe3fbcea8e93fec468be670c547e0aa1) Importer(2089858483,b0f066a214c2f5e87bad3c948f4d605d) (ScriptedImporter) -> (Import Result ID: '0203ea586f9b20a83d2c25a6954b1a58') in 0.059826 seconds [static and dynamic dependencies]. Details - ImportResultOutputID=4f4a3ffa6e537e7714a715eb2041ae42 DependenciesID=e3a702a96174d170c7faf65a65af5cd6 StaticDependenciesID=e8ae6ee056111308a250742edf676a3d 
Number of updated asset objects reloaded before import = 0Number of asset objects unloaded after import = 2

========================================================================
Received Import Request.
  Time since last request: 0.000029 seconds.
  path: Assets/Hovl Studio/Sword slash VFX/Textures/Gradient8.png
  importAddress: Guid(5b66e25d75ad8bc47a270f48df3ae17d) Importer(2089858483,b0f066a214c2f5e87bad3c948f4d605d)
Start importing Assets/Hovl Studio/Sword slash VFX/Textures/Gradient8.png using Guid(5b66e25d75ad8bc47a270f48df3ae17d) Importer(2089858483,b0f066a214c2f5e87bad3c948f4d605d) (ScriptedImporter) -> (Import Result ID: '47b0931a8fba77f745a404152cd4bc42') in 0.0078302 seconds [static and dynamic dependencies]. Details - ImportResultOutputID=bfe52f928553936f1e0ec3839191e3c1 DependenciesID=42088e0db3b41577bf1a04e0dd522c57 StaticDependenciesID=187dd1e604dccd8aab3649f375e4aeb2 
Number of updated asset objects reloaded before import = 0Number of asset objects unloaded after import = 1

========================================================================
Received Import Request.
  Time since last request: 0.000016 seconds.
  path: Assets/Audio/Battle/Clips/Processed/blade_swing_WHOOSH_Air_Blade_RR3_mono.wav
  importAddress: Guid(2b2964c860e49734f9b0e5d225df8e33) Importer(2089858483,b0f066a214c2f5e87bad3c948f4d605d)
Start importing Assets/Audio/Battle/Clips/Processed/blade_swing_WHOOSH_Air_Blade_RR3_mono.wav using Guid(2b2964c860e49734f9b0e5d225df8e33) Importer(2089858483,b0f066a214c2f5e87bad3c948f4d605d) (ScriptedImporter) -> (Import Result ID: 'ceb29f30842a895ffa49cfc2be07f5ca') in 0.0969645 seconds [static and dynamic dependencies]. Details - ImportResultOutputID=ecc38ecbd9b2b639298ab853a7656d95 DependenciesID=d011cb5383912d05a9e2121d0ed2fb94 StaticDependenciesID=27da2a209dffa6b51ff0892a4e89cdc2 
Number of updated asset objects reloaded before import = 0Number of asset objects unloaded after import = 1

