attacker,victim,direction,seconds,bladeBodyGapM,nearestBone,bladeX,bladeY,bladeZ,bodyX,bodyY,bodyZ,boneLocalX,boneLocalY,boneLocalZ,tipX,tipY,tipZ,victimMinimumY,attackerHipsX,attackerHipsY,attackerHipsZ,victimHipsX,victimHipsY,victimHipsZ,victimLeftFootY,victimRightFootY
Pepe,Mankey,1,0,0.418041945,Head,-0.04487304,1.44743454,-0.186952859,0.3510616,1.44982755,-0.052829463,-0.354349673,0.293640077,0.171345353,-0.04634285,1.46543348,-0.1885503,-0.0428202152,-0.8521247,0.879487038,0.0394216329,0.886792362,0.6839731,-0.05575689,0.09211651,0.0519201644
Pepe,Mankey,1,0.0333333351,0.5039047,Head,-0.109443069,1.41559577,-0.08299934,0.3861814,1.48288238,-0.021771796,-0.330037,0.312007457,0.127883285,-0.109443128,1.41559577,-0.08299941,-0.029753089,-0.8763536,0.8475629,0.03942721,0.8862895,0.68882823,-0.04903603,0.09050144,0.06103807
Pepe,Mankey,1,0.06666667,0.7015296,Head,-0.181755319,1.2925334,-0.0471056253,0.49671343,1.45741773,0.0209906176,-0.162744686,0.3279638,0.039399188,-0.181755722,1.29253352,-0.04710573,-0.00192892551,-0.9809983,0.7482874,0.04978697,0.8845915,0.698609,-0.0349833034,0.0947140753,0.08316136
Pepe,Mankey,1,0.1,0.856345832,LeftUpperArm,-0.253796548,1.157497,-0.07523767,0.593601346,1.26987076,-0.0240804758,0.0144393984,0.168346331,-0.01275761,-0.2537967,1.157497,-0.07523787,0.0228286982,-1.107609,0.6315131,0.0678982139,0.882263362,0.706625462,-0.0227635484,0.106732249,0.105447926
Pepe,Mankey,1,0.13333334,0.9158192,RightHand,-0.307736337,1.05341148,-0.115362443,0.5234215,0.734602034,0.09972375,-0.154785484,-0.0769450739,-0.116708122,-0.307736337,1.05341136,-0.115362465,0.02867502,-1.11949229,0.587833643,0.0739489347,0.8807817,0.7077955,-0.0201240815,0.110299379,0.110595904
Pepe,Mankey,1,0.166666672,0.9351713,RightHand,-0.3432788,0.9826129,-0.15241763,0.5218985,0.733499646,0.100477971,-0.154789269,-0.07692853,-0.116722807,-0.3432787,0.982612848,-0.1524176,0.028676331,-1.07320523,0.5770161,0.07294667,0.879663944,0.7071539,-0.0201240741,0.110300668,0.110595696
Pepe,Mankey,1,0.2,0.9439482,LeftHand,-0.355630636,0.9422073,-0.187319413,0.5162633,0.688034952,0.07004331,-0.0925075561,0.09265404,0.195400134,-0.355630636,0.9422075,-0.187319458,0.0286760926,-1.028526,0.5745447,0.0756777748,0.8785522,0.706516266,-0.0201241076,0.1103005,0.110595569
Pepe,Mankey,1,0.233333334,0.947383,LeftHand,-0.3535667,0.92685467,-0.223062456,0.5226385,0.696254969,0.0537457019,-0.06575303,0.100184575,0.185045347,-0.353566736,0.9268545,-0.223062366,0.0286759734,-1.00515962,0.5822354,0.08903357,0.877450943,0.7058846,-0.0201240759,0.110300377,0.110595904
Pepe,Mankey,1,0.266666681,0.920487761,LeftHand,-0.319964,0.9308797,-0.236773357,0.5240036,0.698730052,0.04804753,-0.0558892079,0.102949925,0.181086615,-0.319963932,0.9308797,-0.236773312,0.0286759138,-0.9834014,0.598272264,0.106122956,0.8763647,0.7052611,-0.0201240852,0.11030034,0.110595986
Pepe,Mankey,1,0.3,0.818848,LeftHand,-0.214031383,0.950784266,-0.204363391,0.522472262,0.6977413,0.04870525,-0.0561574362,0.102812052,0.180835381,-0.214031339,0.9507844,-0.204363346,0.0286761522,-0.9434758,0.612529457,0.114778996,0.8752979,0.7046492,-0.02012408,0.110300586,0.11059574
Pepe,Mankey,1,0.333333343,0.5568874,LeftLowerArm,0.0517153144,1.0215956,-0.0985940844,0.6073408,1.02918208,-0.0619020872,0.120072171,0.0180334467,-0.0310426429,0.051715374,1.02159572,-0.09859407,0.028675735,-0.8771279,0.622737944,0.100922033,0.8742552,0.704050839,-0.020124102,0.11030025,0.110595614
Pepe,Mankey,1,0.366666675,0.189195335,LeftUpperArm,0.423813671,1.11138952,-0.04383943,0.606491,1.0862118,-0.08614707,-0.205092028,-0.008710377,-0.0273206159,0.4238137,1.11138964,-0.0438393354,0.028675735,-0.7505207,0.6245058,0.077597,0.873240948,0.703469038,-0.0201240964,0.110300168,0.110595904
Pepe,Mankey,1,0.4,0,LeftLowerArm,0.6293279,1.07690716,-0.030966498,0.6293279,1.07690716,-0.030966498,0.167698,0.04716939,0.0377228968,0.829849243,1.166801,-0.00533509254,0.0286757946,-0.5116944,0.606425047,0.05753106,0.873241,0.7034692,-0.0201241039,0.11030025,0.11059574
Pepe,Mankey,1,0.404166669,0,LeftLowerArm,0.639999032,1.045632,-0.02748758,0.639999032,1.045632,-0.02748758,0.123826094,0.0495941564,0.0397904329,0.890961051,1.15596724,0.0023124218,0.0274634361,-0.478525519,0.604250133,0.05471158,0.8792829,0.703109562,-0.0205033366,0.109406292,0.1105896
Pepe,Mankey,1,0.408333331,0,LeftLowerArm,0.6538611,1.01095176,-0.0192956273,0.6538611,1.01095176,-0.0192956273,0.07389148,0.0632004,0.0486185364,0.9537511,1.14247561,0.0156041384,0.0265027881,-0.4441893,0.601846635,0.0519353151,0.8873193,0.7024612,-0.0209367145,0.108690113,0.1105654
Pepe,Mankey,1,0.4125,0,LeftLowerArm,0.6663581,0.985086262,-0.008402323,0.6663581,0.985086262,-0.008402323,0.037523333,0.09123472,0.06194445,1.01330721,1.1359446,0.0308390856,0.0260056257,-0.4090477,0.599135458,0.0492818654,0.89691937,0.70153296,-0.021373326,0.108317479,0.110600241
Pepe,Mankey,1,0.416666657,0,LeftLowerArm,0.6764891,0.9672853,0.000479176641,0.6764891,0.9672853,0.000479176641,0.0164949633,0.126058877,0.07405459,1.0667361,1.14204729,0.0439673662,0.0261096954,-0.3734592,0.5961155,0.0468786061,0.907651961,0.7003515,-0.0217721555,0.108399339,0.110754706
Pepe,Mankey,1,0.420833319,0,LeftLowerArm,0.6868645,0.9594909,0.006239897,0.6868645,0.9594909,0.006239897,0.0131109459,0.160248742,0.086425066,1.11325872,1.16036952,0.0518689156,0.0268316865,-0.337801516,0.592898965,0.0448750854,0.919084847,0.698974967,-0.02210437,0.10895472,0.111056864
Pepe,Mankey,1,0.425,0,UpperChest,1.1140877,1.1464442,0.04715151,1.1140877,1.1464442,0.04715151,-0.0220005587,-0.257688433,-0.238928422,1.15359986,1.18448019,0.05294609,0.02802217,-0.3031255,0.589701,0.04321325,0.9307831,0.697503746,-0.0223532487,0.109874591,0.111493707
Pepe,Mankey,1,0.429166675,0,UpperChest,1.12592888,1.14553523,0.03646974,1.12592888,1.14553523,0.03646974,-0.0170766,-0.2842967,-0.215601385,1.19065177,1.20473433,0.0473608971,0.0293495059,-0.270328879,0.5869393,0.04170364,0.9423061,0.6960862,-0.0225141,0.110909872,0.112010404
Pepe,Mankey,1,0.433333337,0,UpperChest,1.132364,1.14241862,0.0275039375,1.132364,1.14241862,0.0275039375,-0.009590339,-0.300645947,-0.190770313,1.22940457,1.21238148,0.0371227264,0.0303005576,-0.23899591,0.584972,0.04057014,0.953202963,0.694916546,-0.0225947369,0.111671574,0.112515844
Pepe,Mankey,1,0.4375,0,UpperChest,1.14316463,1.12649179,0.0189824291,1.14316463,1.12649179,0.0189824291,0.0177134518,-0.3161322,-0.169872746,1.27502835,1.20187342,0.0253770351,0.0305551887,-0.208079755,0.5840789,0.039860487,0.963795543,0.6940078,-0.02265861,0.111922242,0.113033086
Pepe,Mankey,1,0.441666663,0,Chest,1.162756,1.08846426,0.008477675,1.162756,1.08846426,0.008477675,-0.051356975,-0.32193023,-0.15176481,1.326837,1.17901886,0.0155580044,0.030426085,-0.176672041,0.584029138,0.039572,0.974666834,0.6931952,-0.0227239672,0.111893,0.11358095
Pepe,Mankey,1,0.445833325,0,Chest,1.18075037,1.05998456,0.00327075133,1.18075037,1.05998456,0.00327075133,-0.00261834939,-0.329794168,-0.138232321,1.37859929,1.15764558,0.009260893,0.0301882625,-0.14545536,0.5843658,0.0395957232,0.9857447,0.6924494,-0.022740135,0.111778758,0.114065029
Pepe,Mankey,1,0.45,0,Chest,1.19506717,1.04048121,0.0004321346,1.19506717,1.04048121,0.0004321346,0.03223967,-0.3347644,-0.124862455,1.425063,1.14932525,0.007375002,0.0300358534,-0.115142286,0.5847094,0.0398030281,0.9969493,0.6917589,-0.0226539169,0.111714713,0.114423722
Pepe,Mankey,1,0.454166681,0,Chest,1.20422816,1.03642869,0.00102393329,1.20422816,1.03642869,0.00102393329,0.04373476,-0.338987947,-0.112416483,1.46271574,1.15901017,0.010420084,0.0300879478,-0.0864982,0.5848237,0.0400716066,1.00819016,0.69113344,-0.02240848,0.111780636,0.114630207
Pepe,Mankey,1,0.458333343,0,Chest,1.20784855,1.04428124,0.0046827076,1.20784855,1.04428124,0.0046827076,0.0364679769,-0.341263235,-0.101105362,1.49001992,1.18364525,0.0181148052,0.0303943157,-0.0603399277,0.5846333,0.0403115153,1.019363,0.69059974,-0.0219437275,0.112004943,0.114685245
Pepe,Mankey,1,0.4625,0,Chest,1.20973349,1.05769062,0.010427529,1.20973349,1.05769062,0.010427529,0.0210964438,-0.343762428,-0.0925568342,1.50815165,1.21385038,0.0286715031,0.030950129,-0.0375241041,0.58418864,0.0404788852,1.03034806,0.690197468,-0.02120004,0.1123772,0.114610471
Pepe,Mankey,1,0.466666669,0,Chest,1.212684,1.06807411,0.0163474828,1.212684,1.06807411,0.0163474828,0.0109101618,-0.3455263,-0.0866323858,1.52135885,1.23738432,0.0387182236,0.0309908986,-0.0189316869,0.5836053,0.04056984,1.04101229,0.6899743,-0.0201235954,0.112872072,0.114438951
Pepe,Mankey,1,0.470833331,0,Chest,1.21776474,1.07284057,0.0207234733,1.21776474,1.07284057,0.0207234733,0.0106123732,-0.346323967,-0.0817721859,1.53239834,1.24986959,0.0457136631,0.0309873223,-0.00521075726,0.5831341,0.0406188369,1.05128062,0.6900801,-0.018722171,0.11332915,0.114261836
Pepe,Mankey,1,0.475,0,Chest,1.22401118,1.07494235,0.0233193953,1.22401118,1.07494235,0.0233193953,0.0160215832,-0.346592575,-0.07658908,1.54109919,1.25540149,0.04972768,0.03100735,0.004164338,0.582930148,0.04065144,1.0611999,0.6905972,-0.0170628075,0.1136016,0.114153728
Pepe,Mankey,1,0.479166657,0,Chest,1.23141456,1.07476783,0.0242818855,1.23141456,1.07476783,0.0242818855,0.0263601225,-0.346270472,-0.07087508,1.54838669,1.25503671,0.05101967,0.03103441,0.0100691915,0.5829507,0.0406672359,1.07081842,0.6914606,-0.0151920859,0.11371772,0.114117555
Pepe,Mankey,1,0.483333319,0,Chest,1.23980331,1.072978,0.0239911359,1.23980331,1.072978,0.0239911359,0.04033171,-0.345319152,-0.06468181,1.55465472,1.25031161,0.05023098,0.0310670137,0.0133809447,0.5831335,0.0406676531,1.08019257,0.692595363,-0.0131552014,0.113727696,0.114147596
Pepe,Mankey,1,0.4875,0,Chest,1.24888849,1.07034326,0.0229493752,1.24888849,1.07034326,0.0229493752,0.0563979074,-0.343759239,-0.05821552,1.56004775,1.24297571,0.0481925,0.0311000347,0.0149780512,0.583409369,0.0406556129,1.08938622,0.693917751,-0.0109924618,0.1136815,0.114227079
Pepe,Mankey,1,0.491666675,0,Chest,1.25813138,1.067577,0.0217005722,1.25813138,1.067577,0.0217005722,0.07289196,-0.3414383,-0.05171633,1.56466925,1.23484719,0.04580021,0.0311193466,0.0157408714,0.5837102,0.0406353474,1.09847021,0.695338964,-0.008736307,0.113612495,0.114329763
Pepe,Mankey,1,0.495833337,0,Chest,1.26721406,1.06554174,0.0208190326,1.26721406,1.06554174,0.0208190326,0.08815889,-0.338765174,-0.0455525257,1.56869328,1.22772932,0.04393053,0.0310953259,0.0165513158,0.583972156,0.0406119227,1.10752225,0.696764946,-0.006410116,0.113528088,0.114416249
Pepe,Mankey,1,0.5,0,Chest,1.2756983,1.06506157,0.0208671354,1.2756983,1.06506157,0.0208671354,0.100543648,-0.3361695,-0.0400783047,1.572369,1.22339392,0.0434176922,0.0309914947,0.0182944536,0.5841404,0.04058993,1.11662674,0.698099732,-0.00402721157,0.113407634,0.114439785
Pepe,Mankey,1,0.504166663,0,Chest,1.28381193,1.06584692,0.02160789,1.28381193,1.06584692,0.02160789,0.110969253,-0.333523363,-0.0352586061,1.57535636,1.220891,0.04384327,0.0307895541,0.02032882,0.5842646,0.04056865,1.12589455,0.6994365,-0.00151961448,0.113320388,0.11435321
Pepe,Mankey,1,0.5083333,0,Chest,1.29205751,1.06700861,0.0224292111,1.29205751,1.06700861,0.0224292111,0.121380195,-0.330431968,-0.0308387,1.57726538,1.21816242,0.044260025,0.03055954,0.0215342641,0.5844152,0.040548265,1.13528168,0.700918257,0.00113532541,0.11334651,0.114203133
Pepe,Mankey,1,0.5125,0,Chest,1.30029893,1.06845653,0.0233196039,1.30029893,1.06845653,0.0233196039,0.131603524,-0.3269492,-0.0268259272,1.57829535,1.2153163,0.04468465,0.0303738713,0.0220797658,0.5845706,0.0405346155,1.1446501,0.702510536,0.0038644732,0.113453276,0.114055015
Pepe,Mankey,1,0.516666651,0,Chest,1.30841017,1.0701,0.0242712181,1.30841017,1.0701,0.0242712181,0.141475022,-0.323157638,-0.0232230742,1.57865155,1.21244645,0.0451374054,0.030284524,0.0221347213,0.5847129,0.0405318141,1.153867,0.7041717,0.00659967074,0.113600977,0.113958716
Pepe,Mankey,1,0.5208333,0,Chest,1.31628013,1.07183731,0.0252630487,1.31628013,1.07183731,0.0252630487,0.15085955,-0.319159448,-0.0199975874,1.57855856,1.20962465,0.0456197262,0.03031534,0.0218700767,0.58482796,0.04054129,1.162806,0.70585227,0.009278959,0.113743007,0.113943651
Pepe,Mankey,1,0.525,0,Chest,1.3238138,1.07356131,0.02626069,1.3238138,1.07356131,0.02626069,0.159648389,-0.3150784,-0.0170805138,1.57825315,1.206904,0.04611826,0.0304639339,0.0214582682,0.584906042,0.0405614376,1.171347,0.707496464,0.0118472334,0.113826826,0.114022009
Pepe,Mankey,1,0.529166639,0,Chest,1.33093786,1.07515156,0.0272079986,1.33093786,1.07515156,0.0272079986,0.167773992,-0.311048925,-0.0143525731,1.5779916,1.20431137,0.0465910435,0.0307055116,0.0210729837,0.5849426,0.0405871272,1.179377,0.709044933,0.0142558273,0.113797493,0.114192866
Pepe,Mankey,1,0.533333361,0,Chest,1.33759809,1.07648134,0.0280324332,1.33759809,1.07648134,0.0280324332,0.175196335,-0.307215929,-0.0116530415,1.578045,1.201857,0.0469765663,0.0309906,0.0208884478,0.5849355,0.0406101942,1.18678939,0.710433543,0.0164617654,0.113601692,0.114439823
Pepe,Mankey,1,0.5375,0,Chest,1.34386742,1.07759035,0.0287371483,1.34386742,1.07759035,0.0287371483,0.181891769,-0.3035925,-0.009021989,1.57824337,1.199433,0.0472602844,0.031139791,0.0207421184,0.5849045,0.04062134,1.1937294,0.711603165,0.01847971,0.113818772,0.114588194
Pepe,Mankey,1,0.5416667,0,Chest,1.34961641,1.07848918,0.0293770228,1.34961641,1.07848918,0.0293770228,0.187751234,-0.299788445,-0.006579677,1.57827771,1.1969564,0.0474965572,0.0310771465,0.0203977823,0.584863961,0.04062122,1.20038033,0.712575734,0.02035675,0.11471758,0.114535958
Pepe,Mankey,1,0.545833349,0,Chest,1.35506833,1.0792768,0.0299785919,1.35506833,1.0792768,0.0299785919,0.193055391,-0.29613018,-0.00436781673,1.57821953,1.1944617,0.04770732,0.0308923125,0.0199210048,0.584809244,0.0406131148,1.20669425,0.71340543,0.0221031066,0.115832753,0.114364766
Pepe,Mankey,1,0.55,0,Chest,1.36021042,1.07993555,0.0305476356,1.36021042,1.07993555,0.0305476356,0.197917551,-0.2926027,-0.00236061681,1.578138,1.1919781,0.04790783,0.03067255,0.0193783641,0.584735632,0.0406005979,1.21262074,0.7141445,0.0237303134,0.116752796,0.114156067
Pepe,Mankey,1,0.5541667,0,Chest,1.365027,1.08044791,0.0310859717,1.365027,1.08044791,0.0310859717,0.202444419,-0.289185554,-0.0005235525,1.578107,1.1895386,0.048109293,0.0305002928,0.01883614,0.5846398,0.04058695,1.21810675,0.7148416,0.0252508875,0.11712572,0.113989048
Pepe,Mankey,1,0.558333337,0,Chest,1.36949992,1.080793,0.0315929875,1.36949992,1.080793,0.0315929875,0.20673719,-0.285851538,0.00118690776,1.57820141,1.18716955,0.04832077,0.0304515362,0.0183615088,0.584517539,0.0405753851,1.22309661,0.7155408,0.0266776141,0.1166797,0.113937184
Pepe,Mankey,1,0.5625,0,Chest,1.373604,1.08094883,0.0320679247,1.373604,1.08094883,0.0320679247,0.210887253,-0.28257367,0.002813627,1.57849348,1.1848985,0.0485487,0.0305964947,0.0180212259,0.584365964,0.04056859,1.22752917,0.7162792,0.0280225929,0.115258977,0.114069238
Pepe,Mankey,1,0.566666663,0,Chest,1.37730014,1.08089018,0.0325046778,1.37730014,1.08089018,0.0325046778,0.214969,-0.2793309,0.004404999,1.57905829,1.18275547,0.0487988,0.0309901834,0.0178828239,0.5841816,0.0405694842,1.23133445,0.717079759,0.0292949136,0.112872824,0.114439867
Pepe,Mankey,1,0.5708333,0,Chest,1.38051069,1.0805738,0.03288647,1.38051069,1.0805738,0.03288647,0.218760937,-0.276315629,0.00590111548,1.57995331,1.18074238,0.0490598679,0.026443243,0.017965734,0.5839635,0.04057169,1.23445618,0.717805445,0.0304252561,0.110177465,0.114904828
Pepe,Mankey,1,0.575,0,Chest,1.38382018,1.0802716,0.03324911,1.38382018,1.0802716,0.03324911,0.22119391,-0.27425614,0.006877857,1.58114207,1.17881989,0.04931712,0.026152432,0.0182148218,0.58371824,0.0405664444,1.23787415,0.7179621,0.0311328527,0.109275781,0.114918806
Pepe,Mankey,1,0.579166651,0,Chest,1.38677514,1.07978284,0.0335697867,1.38677514,1.07978284,0.0335697867,0.223268524,-0.272521526,0.00770880561,1.58255255,1.17696655,0.0495786667,0.02581036,0.0185863376,0.583452463,0.0405545831,1.240815,0.717982352,0.03168989,0.108507991,0.114884138
Pepe,Mankey,1,0.5833333,0,Chest,1.38945258,1.07915568,0.0338670537,1.38945258,1.07915568,0.0338670537,0.225066841,-0.271040738,0.008406217,1.58410871,1.17515886,0.0498552322,0.0257008672,0.01903534,0.5831718,0.040537715,1.24338579,0.7178949,0.03213007,0.108095512,0.114803612
Pepe,Mankey,1,0.5875,0,Chest,1.39193249,1.07843757,0.034159556,1.39193249,1.07843757,0.034159556,0.226675272,-0.26973182,0.008984665,1.58573639,1.17337513,0.0501544476,0.0259614587,0.0195171237,0.5828819,0.04051733,1.24569356,0.71773535,0.0324897245,0.108115248,0.114689246
Pepe,Mankey,1,0.591666639,0,Chest,1.394299,1.0776751,0.0344623625,1.394299,1.0776751,0.0344623625,0.228189871,-0.268501431,0.009466074,1.58736193,1.171592,0.0504808426,0.0265650749,0.0199868083,0.58258754,0.04049599,1.24784386,0.717549264,0.0328081623,0.108491383,0.114565954
Pepe,Mankey,1,0.595833361,0,Chest,1.39664328,1.07691181,0.03478473,1.39664328,1.07691181,0.03478473,0.229719281,-0.267242879,0.009886751,1.58891332,1.16978216,0.0508306026,0.0273218155,0.02039957,0.5822941,0.0404755473,1.24994338,0.7173903,0.03312821,0.109002993,0.114468575
Pepe,Mankey,1,0.6,0,Chest,1.399059,1.076189,0.0351384059,1.399059,1.076189,0.0351384059,0.231382772,-0.2658366,0.010282727,1.59032023,1.1679188,0.0512030125,0.02789861,0.0207104087,0.582006454,0.04045844,1.25209713,0.7173202,0.03349579,0.109308489,0.114439659
Pepe,Mankey,1,0.6041667,0,Chest,1.40151715,1.07549524,0.03552042,1.40151715,1.07549524,0.03552042,0.233177155,-0.2643009,0.0106476285,1.59161437,1.16601467,0.05160141,0.0276535749,0.0209382176,0.5817234,0.040443182,1.254242,0.717365265,0.033903338,0.108847618,0.114511296
Pepe,Mankey,1,0.608333349,0,Chest,1.403892,1.07478511,0.03592331,1.403892,1.07478511,0.03592331,0.23496145,-0.262775838,0.0109382439,1.59287465,1.16411316,0.0520336628,0.0266153812,0.02113384,0.5814395,0.04042685,1.256239,0.7174576,0.03430412,0.107709572,0.114633128
Pepe,Mankey,1,0.6125,0,Chest,1.406156,1.07404256,0.0363420472,1.406156,1.07404256,0.0363420472,0.236681774,-0.261301547,0.0111518037,1.594103,1.16221189,0.05249691,0.0253179669,0.0213003159,0.5811538,0.040409565,1.25808764,0.717534959,0.034688212,0.106401175,0.114745237
Pepe,Mankey,1,0.6166667,0,Chest,1.4082973,1.07325792,0.036769487,1.4082973,1.07325792,0.036769487,0.238299429,-0.2599078,0.0112929717,1.5953027,1.16030943,0.0529813766,0.02417624,0.021440804,0.580866,0.040391624,1.259797,0.7175533,0.0350481942,0.105310865,0.114807196
Pepe,Mankey,1,0.620833337,0,Chest,1.41031873,1.07242906,0.0372010954,1.41031873,1.07242906,0.0372010954,0.239792645,-0.258612275,0.0113639124,1.59647667,1.1584034,0.05348158,0.0234642029,0.0215582252,0.5805754,0.0403732061,1.26138341,0.7174892,0.035379298,0.1046843,0.114798106
Pepe,Mankey,1,0.625,0,Chest,1.412235,1.0715605,0.0376328528,1.412235,1.0715605,0.0376328528,0.241159439,-0.257418215,0.0113693811,1.59762728,1.156495,0.05398941,0.0233075023,0.0216557384,0.58028084,0.04035467,1.26286817,0.717340767,0.035678573,0.10461475,0.114719249
Pepe,Mankey,1,0.629166663,0,Chest,1.41407275,1.07065547,0.0380599871,1.41407275,1.07065547,0.0380599871,0.242420748,-0.256311238,0.0113158058,1.59875929,1.15457821,0.05449581,0.0237107277,0.0217365623,0.579981744,0.0403360724,1.26427388,0.717123,0.0359446481,0.105070412,0.114589989
Pepe,Mankey,1,0.6333333,0,Chest,1.41586077,1.06972384,0.0384784341,1.41586077,1.06972384,0.0384784341,0.243604735,-0.255271554,0.0112101473,1.59987509,1.15265322,0.0549931526,0.0246068239,0.0218032,0.579677641,0.0403177738,1.26562285,0.7168626,0.036177285,0.105945386,0.114439949
Pepe,Mankey,1,0.6375,0,Chest,1.41761255,1.06878042,0.0388940759,1.41761255,1.06878042,0.0388940759,0.244759321,-0.2542665,0.0110502783,1.60096824,1.15072453,0.05548787,0.0255004764,0.0218510628,0.579369068,0.0402994156,1.26690209,0.716617465,0.0363863781,0.106776305,0.114321537
Pepe,Mankey,1,0.641666651,0,Chest,1.41932487,1.06783855,0.0393167436,1.41932487,1.06783855,0.0393167436,0.245908439,-0.253281236,0.0108318161,1.6020304,1.14880145,0.0559937954,0.0259343982,0.0218753219,0.5790577,0.04028058,1.2680918,0.7164248,0.0365826264,0.107165962,0.11426609
Pepe,Mankey,1,0.6458333,0,Chest,1.42099845,1.06689656,0.039743863,1.42099845,1.06689656,0.039743863,0.247044966,-0.252322346,0.0105600376,1.603064,1.14688456,0.0565063953,0.0259738564,0.0218788981,0.578742743,0.04026115,1.26920044,0.716272831,0.03676615,0.107179895,0.114263587
Pepe,Mankey,1,0.65,0,Chest,1.42263007,1.06595123,0.04017098,1.42263007,1.06595123,0.04017098,0.248152256,-0.251401782,0.0102433879,1.6040715,1.14497519,0.0570194721,0.0257480145,0.0218647122,0.5784239,0.0402413,1.270236,0.7161417,0.0369357541,0.106946208,0.114295758
Pepe,Mankey,1,0.654166639,0,Chest,1.4242152,1.06499887,0.04059689,1.4242152,1.06499887,0.04059689,0.249213487,-0.250532568,0.009883735,1.60505641,1.14307427,0.05753112,0.0254006386,0.0218359232,0.578100264,0.0402212739,1.27120638,0.7160102,0.0370894447,0.106603153,0.114344157
Pepe,Mankey,1,0.658333361,0,Chest,1.42575169,1.06403613,0.0410175025,1.42575169,1.06403613,0.0410175025,0.250213742,-0.249725282,0.009487757,1.606022,1.14118159,0.0580356121,0.0250570178,0.0217952132,0.5777717,0.0402011275,1.27211976,0.7158596,0.03722448,0.106269784,0.114391804
Pepe,Mankey,1,0.6625,0,Chest,1.42723954,1.06305945,0.0414268,1.42723954,1.06305945,0.0414268,0.251143754,-0.248986632,0.009060617,1.60697138,1.13929653,0.0585253239,0.0248116255,0.021745801,0.5774377,0.0401811,1.272985,0.7156754,0.03733737,0.106032133,0.114426471
Pepe,Mankey,1,0.6666667,0,Chest,1.42868173,1.0620631,0.041823,1.42868173,1.0620631,0.041823,0.252002418,-0.248316973,0.008603691,1.60791028,1.13741469,0.0589973927,0.0247291327,0.0216907859,0.577097,0.04016149,1.27381015,0.7154467,0.0374243632,0.105945386,0.114440031
Pepe,Mankey,1,0.670833349,0,Chest,1.43007052,1.06105042,0.042206414,1.43007052,1.06105042,0.042206414,0.25279206,-0.247717425,0.008111388,1.60883057,1.13553655,0.05945468,0.0247483253,0.02162522,0.576751,0.0401417,1.27457857,0.7151851,0.0374855772,0.10594923,0.11444024
Pepe,Mankey,1,0.675,0,Chest,1.43140113,1.06002581,0.0425798744,1.43140113,1.06002581,0.0425798744,0.2535221,-0.2471849,0.007578713,1.6097275,1.13366461,0.05990386,0.0247691274,0.0215441585,0.5763998,0.040121913,1.27527463,0.7149075,0.03752438,0.105951689,0.114441074
Pepe,Mankey,1,0.6791667,0,Chest,1.43267787,1.05899477,0.0429414921,1.43267787,1.05899477,0.0429414921,0.254187047,-0.246721551,0.00701121846,1.61060178,1.13180363,0.06033969,0.0247911811,0.0214511156,0.5760432,0.0401021242,1.27590942,0.7146121,0.0375413075,0.105953023,0.114441581
Pepe,Mankey,1,0.683333337,0,Chest,1.43390727,1.05796111,0.04329078,1.43390727,1.05796111,0.04329078,0.254785836,-0.246328041,0.00641429657,1.61145747,1.12995911,0.06076026,0.0248135924,0.0213485956,0.57568115,0.0400820971,1.27649426,0.7142978,0.0375371352,0.105953485,0.114442118
Pepe,Mankey,1,0.6875,0,Chest,1.43509483,1.05692792,0.0436237454,1.43509483,1.05692792,0.0436237454,0.255317062,-0.24600476,0.00579682,1.61229575,1.12813425,0.06115961,0.0248347521,0.0212395787,0.5753126,0.04006225,1.27704036,0.7139621,0.03751243,0.105952106,0.114442207
Pepe,Mankey,1,0.691666663,0,Chest,1.43624735,1.05589783,0.0439418443,1.43624735,1.05589783,0.0439418443,0.255780071,-0.24575007,0.00516011938,1.61312068,1.12633181,0.0615372658,0.0248553157,0.0211270452,0.5749378,0.04004234,1.2775588,0.7136039,0.037467815,0.105950773,0.114442
Pepe,Mankey,1,0.6958333,0,Chest,1.43737161,1.05487275,0.0442408547,1.43737161,1.05487275,0.0442408547,0.2561755,-0.245562986,0.00451475149,1.61393487,1.12455451,0.0618872643,0.0248724222,0.0210138559,0.5745559,0.04002261,1.27806115,0.7132213,0.0374040976,0.105947807,0.114441037
Pepe,Mankey,1,0.7,0,Chest,1.43847418,1.05385411,0.0445198677,1.43847418,1.05385411,0.0445198677,0.256504327,-0.24544093,0.003865817,1.61474288,1.1228044,0.0622065067,0.02488637,0.02090323,0.574166536,0.04000312,1.27855825,0.712812841,0.0373218432,0.105945513,0.114439949
Pepe,Mankey,1,0.704166651,0,Chest,1.43954837,1.0528301,0.0447792448,1.43954837,1.0528301,0.0447792448,0.2567767,-0.245379,0.0032063697,1.615542,1.1210655,0.0624990463,0.0248992443,0.0207903981,0.5737703,0.03998393,1.27903116,0.7123809,0.03722007,0.105945013,0.1144392
Pepe,Mankey,1,0.7083333,0,Chest,1.44058359,1.05179548,0.0450231656,1.44058359,1.05179548,0.0450231656,0.256994933,-0.245377675,0.002523019,1.61632645,1.11933136,0.0627737045,0.0249139667,0.020670414,0.573367059,0.0399649739,1.27946067,0.711928844,0.03709749,0.105946846,0.114439115
Pepe,Mankey,1,0.7125,0,Chest,1.44158375,1.050757,0.045247063,1.44158375,1.050757,0.045247063,0.257151783,-0.245439976,0.0018264323,1.6170994,1.11761045,0.06302285,0.0249288082,0.0205466151,0.5729568,0.0399462,1.27985835,0.71145463,0.03695453,0.105948851,0.114439532
Pepe,Mankey,1,0.716666639,0,Chest,1.44255376,1.04972339,0.0454465076,1.44255376,1.04972339,0.0454465076,0.257241517,-0.245570213,0.00112601218,1.61786234,1.11591315,0.06324005,0.024943769,0.0204216838,0.57253927,0.03992772,1.28023553,0.71095717,0.03679181,0.105951272,0.1144407
Pepe,Mankey,1,0.720833361,0,Chest,1.443498,1.048701,0.04562023,1.443498,1.048701,0.04562023,0.257257849,-0.24577105,0.0004278758,1.61861718,1.11424792,0.0634219646,0.0249575973,0.02029866,0.572113931,0.03990954,1.28060341,0.7104346,0.0366098359,0.105952442,0.114441328
Pepe,Mankey,1,0.725,0,Chest,1.44442225,1.04769421,0.04576462,1.44442225,1.04769421,0.04576462,0.25719884,-0.246041238,-0.00025879973,1.61936677,1.11261952,0.06356096,0.0249689221,0.0201803446,0.5716805,0.03989166,1.28097332,0.7098857,0.0364092663,0.1059524,0.11444179
Pepe,Mankey,1,0.7291667,0,Chest,1.44533288,1.046708,0.0458776057,1.44533288,1.046708,0.0458776057,0.257061481,-0.246382713,-0.0009271953,1.62011516,1.11103439,0.06365538,0.0249761939,0.0200700164,0.5712385,0.039873898,1.28135717,0.7093086,0.0361906663,0.10595002,0.1144417
Pepe,Mankey,1,0.733333349,0,Chest,1.446235,1.04574656,0.04595596,1.446235,1.04574656,0.04595596,0.256843477,-0.246794462,-0.00156911707,1.62086523,1.10949826,0.06369829,0.0249788165,0.01997006,0.570788145,0.0398564339,1.28176546,0.7087017,0.03595469,0.10594593,0.114440449
Pepe,Mankey,1,0.7375,0,Chest,1.44712818,1.0447892,0.0460103154,1.44712818,1.0447892,0.0460103154,0.256561428,-0.247264266,-0.002206317,1.62161672,1.10798323,0.06370664,0.024977386,0.0198760033,0.5703291,0.0398394465,1.282183,0.708066,0.0356995538,0.105941758,0.114438824
Pepe,Mankey,1,0.7416667,0,Chest,1.44800746,1.04381883,0.04604495,1.44800746,1.04381883,0.04604495,0.2562295,-0.247782469,-0.00285375956,1.62236631,1.10646653,0.0636878,0.0249727368,0.0197834373,0.569861531,0.0398229957,1.282592,0.707403,0.0354237631,0.105938,0.114438362
Pepe,Mankey,1,0.745833337,0,Chest,1.448874,1.04284787,0.04605396,1.448874,1.04284787,0.04605396,0.2558386,-0.248355687,-0.00349697773,1.62311637,1.10496533,0.06363368,0.0249670148,0.019695282,0.5693858,0.0398072,1.28300083,0.7067133,0.03512869,0.105936587,0.114438988
Pepe,Mankey,1,0.75,0,Chest,1.44972777,1.04188657,0.0460309051,1.44972777,1.04188657,0.0460309051,0.255381018,-0.248987287,-0.004122825,1.62386715,1.10349381,0.06353569,0.024959445,0.01961422,0.568900764,0.039791882,1.28341758,0.7059964,0.0348155871,0.105935834,0.114439949
Pepe,Mankey,1,0.754166663,0,Chest,1.450571,1.04094434,0.04597137,1.450571,1.04094434,0.04597137,0.254850715,-0.249681234,-0.00471985526,1.624621,1.102064,0.0633862,0.0249502063,0.019543469,0.5684064,0.0397771,1.28385067,0.7052521,0.0344857052,0.105936334,0.114441372
Pepe,Mankey,1,0.7583333,0,Chest,1.45140553,1.04002881,0.0458680652,1.45140553,1.04002881,0.0458680652,0.254243672,-0.250437945,-0.00527323224,1.62538016,1.10068774,0.0631752,0.0249399543,0.0194857717,0.5679023,0.0397626162,1.28430831,0.7044803,0.0341402665,0.105937921,0.114442162
Pepe,Mankey,1,0.7625,0,Chest,1.45223427,1.03914881,0.04571661,1.45223427,1.03914881,0.04571661,0.253555477,-0.2512605,-0.00577198155,1.62614787,1.09937549,0.06289673,0.024928987,0.0194441676,0.567388356,0.0397488475,1.284799,0.703681052,0.0337805822,0.105941512,0.114442326
Pepe,Mankey,1,0.766666651,0,Chest,1.45305908,1.03831053,0.04551374,1.45305908,1.03831053,0.04551374,0.252782166,-0.252148271,-0.00620629126,1.62692654,1.09813726,0.06254506,0.02491653,0.0194213986,0.566863835,0.0397353768,1.285331,0.7028535,0.0334078744,0.105946474,0.114440367
Pepe,Mankey,1,0.7708333,0,Chest,1.45397723,1.03738713,0.04533,1.45397723,1.03738713,0.04533,0.252159774,-0.252910823,-0.00664024847,1.62752569,1.09670138,0.06218624,0.0249080658,0.019364655,0.566344559,0.0397087336,1.28591347,0.702042,0.0330518559,0.105942346,0.114440829
Pepe,Mankey,1,0.775,0,Chest,1.45502567,1.03631973,0.045200862,1.45502567,1.03631973,0.045200862,0.251789451,-0.253468037,-0.007113837,1.62786162,1.094951,0.0618569851,0.0249042511,0.0192481279,0.565836847,0.0396629572,1.28654253,0.7012655,0.032724,0.105922818,0.114446171
Pepe,Mankey,1,0.779166639,0,Chest,1.45612371,1.03520846,0.045064792,1.45612371,1.03520846,0.045064792,0.251480043,-0.253979474,-0.007572853,1.62809813,1.09310675,0.0615029335,0.024900496,0.01911658,0.5653277,0.03960985,1.28720665,0.700486243,0.03239835,0.105898447,0.114452675
Pepe,Mankey,1,0.783333361,0,Chest,1.45719457,1.03414345,0.04486641,1.45719457,1.03414345,0.04486641,0.25104928,-0.25459224,-0.00797324,1.62840235,1.09137583,0.0610730648,0.0248935223,0.0190143585,0.564803541,0.0395610332,1.28789413,0.699666142,0.03204877,0.105880678,0.114456557
Pepe,Mankey,1,0.7875,0,Chest,1.45822656,1.03323174,0.0445588976,1.45822656,1.03323174,0.0445588976,0.250235379,-0.255498856,-0.008306644,1.628944,1.08995819,0.0605208874,0.0248436332,0.0189858675,0.5642509,0.03952843,1.28868639,0.6987299,0.0316261724,0.105844922,0.114459939
Pepe,Mankey,1,0.7916667,0,Chest,1.45910752,1.03253162,0.0440899022,1.45910752,1.03253162,0.0440899022,0.248930156,-0.2567908,-0.008517408,1.62989366,1.08902979,0.05980134,0.0247757435,0.0190750957,0.5636568,0.0395243764,1.28950715,0.6976649,0.0311210211,0.105830945,0.114459977
Pepe,Mankey,1,0.795833349,0,Chest,1.459769,1.03209507,0.0434109233,1.459769,1.03209507,0.0434109233,0.246999651,-0.258569181,-0.00857387949,1.63141739,1.08873868,0.05886817,0.0246948,0.0193271637,0.5630089,0.03956151,1.29033232,0.696437657,0.0305098947,0.105858482,0.114453383
Pepe,Mankey,1,0.8,0,Chest,1.46016991,1.03193939,0.0424722619,1.46016991,1.03193939,0.0424722619,0.2443422,-0.260904849,-0.008450215,1.63366377,1.08917856,0.0576684475,0.02460283,0.0197867751,0.562295258,0.0396538973,1.29115367,0.6950087,0.0297660884,0.105944179,0.114440538
Pepe,Mankey,1,0.8041667,0,Chest,1.46042693,1.03184581,0.04125727,1.46042693,1.03184581,0.04125727,0.241312757,-0.263535768,-0.008120201,1.63681233,1.09008884,0.05619788,0.0245293379,0.0204798579,0.5615329,0.0398185849,1.29198039,0.6933987,0.02891115,0.106100015,0.114433654
Pepe,Mankey,1,0.808333337,0,Chest,1.46069956,1.0315485,0.039813634,1.46069956,1.0315485,0.039813634,0.238355085,-0.266139,-0.00763141457,1.64073193,1.09102392,0.0545063019,0.0244919658,0.0213769078,0.560742438,0.0400535464,1.29282272,0.6916542,0.0279801842,0.1063214,0.114442535
Pepe,Mankey,1,0.8125,0,Chest,1.46101689,1.03097963,0.0381766073,1.46101689,1.03097963,0.0381766073,0.235518038,-0.2686798,-0.007055665,1.64509571,1.0917784,0.0526092052,0.0244802833,0.02244085,0.559918642,0.0403444767,1.29367387,0.689773262,0.0269666668,0.106606327,0.1144586
Pepe,Mankey,1,0.816666663,0,Chest,1.46139216,1.03010583,0.0363791,1.46139216,1.03010583,0.0363791,0.232804909,-0.2711551,-0.0064572,1.64960492,1.09220254,0.0505244732,0.0244805813,0.0236316919,0.559055746,0.0406764746,1.29452682,0.6877536,0.0258637425,0.106948376,0.114476
Pepe,Mankey,1,0.8208333,0,Chest,1.46181107,1.02894974,0.0344555676,1.46181107,1.02894974,0.0344555676,0.230143353,-0.2736071,-0.00589258457,1.65400088,1.092244,0.0482690334,0.02448088,0.0249086618,0.558147848,0.041033566,1.2953738,0.685593247,0.0246648546,0.10734345,0.114486761
Pepe,Mankey,1,0.825,0,Chest,1.4622283,1.02760148,0.0324315,1.4622283,1.02760148,0.0324315,0.227373123,-0.2761321,-0.005395985,1.65807736,1.0919708,0.04584837,0.0244674683,0.0262288451,0.5571906,0.0413988829,1.29620707,0.683291137,0.0233633872,0.107785843,0.114487387
Pepe,Mankey,1,0.829166651,0,Chest,1.46256423,1.02622223,0.0303205177,1.46256423,1.02622223,0.0303205177,0.224235266,-0.2788786,-0.00497165974,1.6616708,1.09157467,0.0432469845,0.0244271755,0.0275465846,0.556177855,0.04175383,1.29701877,0.6808463,0.0219531115,0.108270168,0.114472285
Pepe,Mankey,1,0.8333333,0,Chest,1.46270037,1.02505052,0.02812618,1.46270037,1.02505052,0.02812618,0.220361233,-0.282048345,-0.00459782965,1.66465485,1.09137881,0.04042864,0.02434355,0.0288149714,0.555103242,0.0420786738,1.29780006,0.678257465,0.0204274412,0.108788826,0.114436612
Pepe,Mankey,1,0.8375,0,Chest,1.46249878,1.024262,0.02552416,1.46249878,1.024262,0.02552416,0.215490088,-0.2858272,-0.00386032136,1.667349,1.09178054,0.03702426,0.02423805,0.0302060246,0.5539469,0.0424283147,1.29854131,0.675464451,0.018753266,0.109369613,0.1144006
Pepe,Mankey,1,0.841666639,0,Chest,1.462012,1.023699,0.0222649425,1.462012,1.023699,0.0222649425,0.209868163,-0.290082365,-0.00245310646,1.67002833,1.09264791,0.0327706337,0.02414471,0.03183222,0.5527145,0.0428490639,1.2992425,0.672441363,0.0169233736,0.110041149,0.114385255
Pepe,Mankey,1,0.845833361,0,Chest,1.46137536,1.02316856,0.0184873138,1.46137536,1.02316856,0.0184873138,0.203791574,-0.294581,-0.000538058754,1.67254722,1.09363008,0.0278115273,0.0240674615,0.0335578322,0.551437,0.0433045626,1.29990888,0.66924125,0.0149708744,0.110796429,0.11438667
Pepe,Mankey,1,0.85,0,Chest,1.46070027,1.02252352,0.0144055383,1.46070027,1.02252352,0.0144055383,0.197486788,-0.299129337,0.00162435381,1.67479289,1.0944519,0.0223844051,0.024009347,0.03524655,0.5501406,0.0437551141,1.300546,0.665919,0.0129288491,0.111627884,0.114400357
Pepe,Mankey,1,0.8541667,0,Chest,1.46007144,1.02167165,0.0103106331,1.46007144,1.02167165,0.0103106331,0.1910929,-0.303575844,0.00367307616,1.67668,1.09492123,0.0168213844,0.0239673257,0.0367639661,0.5488475,0.0441578031,1.30116081,0.66252923,0.0108297821,0.112522185,0.114421256
Pepe,Mankey,1,0.858333349,0,Chest,1.46072221,1.018376,0.00539801642,1.46072221,1.018376,0.00539801642,0.188106924,-0.306391865,0.00643528672,1.67814291,1.09492946,0.0115273,0.0239354372,0.0379773378,0.5475731,0.044467032,1.30176115,0.6591284,0.008706009,0.113463081,0.114441328
Pepe,Mankey,1,0.8625,0,Chest,1.45916581,1.019254,0.00349282846,1.45916581,1.019254,0.00349282846,0.1781969,-0.311735868,0.00568839069,1.67911541,1.09444726,0.006926775,0.0237334967,0.03875637,0.546328068,0.04463595,1.30235481,0.655773163,0.006589538,0.114430644,0.114450969
Pepe,Mankey,1,0.8666667,0,Chest,1.45888519,1.01775193,0.00146052451,1.45888519,1.01775193,0.00146052451,0.171566218,-0.315248549,0.00483243,1.67951548,1.09349561,0.00340247154,0.0228437185,0.038974762,0.545116067,0.0446177125,1.302951,0.652520359,0.004511541,0.115399249,0.114438951
Pepe,Mankey,1,0.870833337,0,Chest,1.45940363,1.01464212,0.000120553537,1.45940363,1.01464212,0.000120553537,0.166864038,-0.3174686,0.00281199464,1.68006623,1.09009814,0.000647544861,0.02196151,0.03885597,0.543882966,0.0444949865,1.30357981,0.6493078,0.00246510515,0.116327889,0.114420176
Pepe,Mankey,1,0.875,0,Chest,1.46123552,1.00957346,-0.00107967679,1.46123552,1.00957346,-0.00107967679,0.165072232,-0.3187305,0.000204844007,1.68110764,1.08368659,-0.00193786621,0.0211120844,0.038618207,0.5425918,0.0443454981,1.30424356,0.646055639,0.000417834526,0.117220595,0.114414878
Pepe,Mankey,1,0.879166663,0,Chest,1.46333611,1.00394356,-0.00233666319,1.46333611,1.00394356,-0.00233666319,0.163875833,-0.3196801,-0.002414966,1.68196023,1.076347,-0.00464797,0.02026099,0.03813356,0.541268468,0.04411602,1.30491018,0.642799735,-0.00163775089,0.11812032,0.1144188
Pepe,Mankey,1,0.8833333,0,Chest,1.46500945,0.9991291,-0.003926905,1.46500945,0.9991291,-0.003926905,0.161324456,-0.321150869,-0.004430498,1.68197858,1.06998444,-0.007887125,0.0193709731,0.03727907,0.5399372,0.0437548161,1.305548,0.6395761,-0.00370942941,0.119067349,0.114427686
Pepe,Mankey,1,0.8875,0,Chest,1.46577418,0.9962996,-0.006139072,1.46577418,0.9962996,-0.006139072,0.155842647,-0.3238509,-0.00526891,1.68056071,1.066236,-0.0120425224,0.0183994174,0.0359360576,0.5386201,0.0432111621,1.30612493,0.6364226,-0.00580497971,0.120096959,0.114437409
Pepe,Mankey,1,0.891666651,0,Chest,1.46464133,0.9965276,-0.009088475,1.46464133,0.9965276,-0.009088475,0.145356387,-0.3277522,-0.004517999,1.67711222,1.06638014,-0.0174050331,0.01730454,0.03399211,0.5373377,0.0424357057,1.30660963,0.633378446,-0.00793221,0.121245265,0.114445
Pepe,Mankey,1,0.8958333,0,Chest,1.46157944,1.00037539,-0.0129214991,1.46157944,1.00037539,-0.0129214991,0.1292532,-0.333127826,-0.00194535824,1.6710068,1.07122958,-0.0241062641,0.0160430074,0.03133917,0.536108553,0.041380167,1.30697036,0.6304847,-0.0100991968,0.122545153,0.1144468
Pepe,Mankey,1,0.9,0,Chest,1.45623338,1.0081898,-0.0175609738,1.45623338,1.0081898,-0.0175609738,0.106749274,-0.3396038,0.002407437,1.66157162,1.08098662,-0.0320966244,0.0145722032,0.02787602,0.534948766,0.03999704,1.30717528,0.6277817,-0.0123138968,0.124030955,0.114440031
Pepe,Mankey,1,0.904166639,0,Chest,1.4503938,1.01584792,-0.0239734054,1.4503938,1.01584792,-0.0239734054,0.0836444944,-0.3440229,0.009393458,1.64929521,1.08942246,-0.0423705578,0.0130954981,0.0236358047,0.5338144,0.0383037925,1.307778,0.6254853,-0.01458847,0.125579014,0.114490435
Pepe,Mankey,1,0.908333361,0,Chest,1.4477675,1.01994514,-0.0320955366,1.4477675,1.01994514,-0.0320955366,0.06663038,-0.346512973,0.0180591866,1.6350776,1.09071684,-0.0539524555,0.0127309561,0.0187754035,0.532657444,0.03637469,1.30931628,0.623609543,-0.0169548038,0.12622501,0.114589363
Pepe,Mankey,1,0.9125,0,Chest,1.44768381,1.02061117,-0.04034647,1.44768381,1.02061117,-0.04034647,0.05542533,-0.347677857,0.026248619,1.61880934,1.08562219,-0.0642693043,0.0120270252,0.0133784413,0.5314873,0.0342466235,1.3109591,0.6220191,-0.0193542782,0.127233922,0.114747114
Pepe,Mankey,1,0.9166667,0,Chest,1.44940424,1.01842368,-0.04788799,1.44940424,1.01842368,-0.04788799,0.04880811,-0.348097116,0.0328810439,1.60036576,1.07561493,-0.07207489,0.0110400319,0.00752067566,0.530312955,0.0319520235,1.31232047,0.620507538,-0.021802092,0.128457248,0.114899948
Pepe,Mankey,1,0.920833349,0,Chest,1.45174,1.014325,-0.05473074,1.45174,1.014325,-0.05473074,0.04489155,-0.3481797,0.0382074267,1.57965028,1.0627,-0.0775859356,0.009839594,0.00126641989,0.529141068,0.0295167565,1.31300139,0.6188781,-0.0242876653,0.129759222,0.114990905
Pepe,Mankey,1,0.925,0,Chest,1.46273685,0.9897608,-0.0638977662,1.46273685,0.9897608,-0.0638977662,0.072447896,-0.343167,0.04425983,1.556687,1.049253,-0.08199501,0.008509934,-0.00533282757,0.5279789,0.026959002,1.3125968,0.6169428,-0.0267853681,0.13101998,0.1149728
Pepe,Mankey,1,0.9291667,0,Chest,1.459376,0.9908563,-0.07001714,1.459376,0.9908563,-0.07001714,0.0584479533,-0.344943821,0.04952389,1.53170311,1.03800786,-0.08663654,0.007135749,-0.0122401118,0.5268333,0.0242865682,1.310713,0.6145048,-0.0292900447,0.1321193,0.11479827
Pepe,Mankey,1,0.933333337,0,Chest,1.4518919,0.995438457,-0.0773486,1.4518919,0.995438457,-0.0773486,0.03758176,-0.346848726,0.0570483059,1.50506961,1.03219092,-0.09233475,0.00581330061,-0.01943332,0.5257169,0.0214967728,1.30695772,0.611363947,-0.0317968652,0.132949725,0.114440866
Pepe,Mankey,1,0.9375,0,Chest,1.43920743,1.00434744,-0.08736286,1.43920743,1.00434744,-0.08736286,0.008157181,-0.348241121,0.0689740852,1.475995,1.03235912,-0.100803852,0.004627526,-0.027125895,0.5246159,0.0184440017,1.30103791,0.6074581,-0.034358196,0.133601472,0.114052132
Pepe,Mankey,1,0.941666663,0,Chest,1.420389,1.01710153,-0.101568736,1.420389,1.01710153,-0.101568736,-0.0298039466,-0.346641123,0.08752815,1.44478548,1.03278279,-0.111593962,0.003582716,-0.035410583,0.5234936,0.015086472,1.29320383,0.602952242,-0.037001662,0.134270266,0.1138111
Pepe,Mankey,1,0.9458333,0,UpperChest,0.9878813,0.8714213,-0.007441735,0.9878813,0.8714213,-0.007441735,0.0577037036,0.290741384,0.0202503875,1.41314137,1.02946091,-0.122590065,0.00261682272,-0.04410076,0.522338152,0.0115647912,1.28392076,0.5979431,-0.0396457538,0.134972751,0.113705665
Pepe,Mankey,1,0.95,0,UpperChest,0.9802716,0.869731843,-0.0136054736,0.9802716,0.869731843,-0.0136054736,0.06329869,0.289902836,0.0233612731,1.38220942,1.0204736,-0.132729292,0.00168550014,-0.0530208349,0.5211486,0.008013368,1.27361774,0.5925506,-0.0422444269,0.135741428,0.113724731
Pepe,Mankey,1,0.954166651,0,UpperChest,0.9731736,0.865056336,-0.0201550014,0.9731736,0.865056336,-0.0201550014,0.07307179,0.2886986,0.02684257,1.35251153,1.00551963,-0.14160943,0.0007942915,-0.06200975,0.519932866,0.00455731153,1.26266789,0.5869621,-0.0448080227,0.136660084,0.11388962
Pepe,Mankey,1,0.9583333,0,UpperChest,0.966835,0.8575986,-0.0268939063,0.966835,0.8575986,-0.0268939063,0.08672984,0.286984384,0.0305919126,1.32415879,0.9854078,-0.1487813,-0.0001707077,-0.0709213,0.518706739,0.00131052732,1.2514931,0.581319153,-0.0473014638,0.137748018,0.114137083
Pepe,Mankey,1,0.9625,0,UpperChest,0.9610075,0.8480626,-0.03304808,0.9610075,0.8480626,-0.03304808,0.103107519,0.285254329,0.0337622426,1.297212,0.9616482,-0.153075933,-0.00128513575,-0.079624,0.5174903,-0.00162559748,1.2405169,0.57576704,-0.0496905372,0.13900435,0.114365891
Pepe,Mankey,1,0.966666639,0,Chest,0.955975056,0.8363227,-0.036754407,0.955975056,0.8363227,-0.036754407,-0.08369914,0.296612,0.0338402726,1.27204239,0.9360768,-0.152160883,-0.00261425972,-0.08800036,0.516304553,-0.004162967,1.23016179,0.5704523,-0.051942192,0.140408918,0.11444024
Pepe,Mankey,1,0.970833361,0,Chest,0.95014745,0.8254285,-0.0387302041,0.95014745,0.8254285,-0.0387302041,-0.06620503,0.297856718,0.03183331,1.24712121,0.913581252,-0.148088574,-0.00362724066,-0.09654313,0.5150896,-0.007167995,1.2199204,0.56518,-0.0541398451,0.14182885,0.114103705
Pepe,Mankey,1,0.975,0,Chest,0.9425673,0.817404151,-0.0408350825,0.9425673,0.817404151,-0.0408350825,-0.0535212047,0.298863441,0.0302313846,1.22109258,0.896662235,-0.1447953,-0.00390946865,-0.10520643,0.5137848,-0.0103125572,1.20917463,0.559707046,-0.05635815,0.1433149,0.1133783
Pepe,Mankey,1,0.9791667,0,Chest,0.934252262,0.811594069,-0.04357419,0.934252262,0.811594069,-0.04357419,-0.0443478525,0.299431533,0.02973201,1.19424045,0.883586466,-0.1426723,-0.00350976,-0.11378336,0.5124759,-0.0131831169,1.1983285,0.554123759,-0.0585615262,0.144310623,0.112520263
Pepe,Mankey,1,0.983333349,0,Chest,0.9270165,0.802475035,-0.0458188057,0.9270165,0.802475035,-0.0458188057,-0.030462591,0.300116718,0.0285975561,1.166694,0.872512639,-0.1418742,-0.00243353844,-0.122278452,0.5111856,-0.01579976,1.18792546,0.5485564,-0.06071838,0.143329173,0.111795492
Pepe,Mankey,1,0.9875,0,Chest,0.9190774,0.7992079,-0.0513787754,0.9190774,0.7992079,-0.0513787754,-0.0248341914,0.299718052,0.0326895565,1.13866293,0.8615765,-0.142052174,-0.00200170279,-0.130691409,0.5099147,-0.0181818,1.17779922,0.5431158,-0.06274652,0.142633483,0.11142645
Pepe,Mankey,1,0.9916667,0,Chest,0.9121046,0.794733942,-0.0581313819,0.9121046,0.794733942,-0.0581313819,-0.0171152279,0.299011916,0.0388628244,1.1104368,0.848950565,-0.142514229,-0.002747953,-0.139017463,0.508647263,-0.0203474164,1.16818,0.5379251,-0.0645952746,0.142472669,0.111619376
Pepe,Mankey,1,0.995833337,0,Chest,0.906358,0.788556635,-0.06605697,0.906358,0.788556635,-0.06605697,-0.006416612,0.297963619,0.04720564,1.08236134,0.832906246,-0.142361522,-0.005212605,-0.147245228,0.507351041,-0.0223135352,1.15929914,0.533115149,-0.06621372,0.143077627,0.1125642
Pepe,Mankey,1,1,0,Chest,0.9024422,0.775725245,-0.07270282,0.9024422,0.775725245,-0.07270282,0.014490528,0.297064364,0.05426833,1.05478132,0.811853766,-0.140599489,-0.009913027,-0.155357838,0.5059785,-0.024096489,1.151388,0.5288216,-0.06754958,0.144668773,0.114439406
Pepe,Mankey,1,1.00416672,0,Chest,0.900104761,0.7601156,-0.07687408,0.900104761,0.7601156,-0.07687408,0.04034133,0.295691222,0.0584269054,1.02767432,0.78824,-0.134698272,-0.0165728927,-0.163302183,0.5044805,-0.0256801844,1.14453483,0.5252406,-0.06857135,0.147259578,0.117316894
Pepe,Mankey,1,1.00833333,0,Chest,0.9015055,0.721793234,-0.06724255,0.9015055,0.721793234,-0.06724255,0.09949164,0.293717325,0.0429075025,1.00102985,0.764864445,-0.12395227,-0.0245227218,-0.171073973,0.5028374,-0.02705568,1.13856244,0.5223462,-0.06931647,0.150602862,0.121020086
Pepe,Mankey,1,1.0125,0,Chest,0.8996201,0.7104496,-0.06575155,0.8996201,0.7104496,-0.06575155,0.120538116,0.292056531,0.04014071,0.9750954,0.7417588,-0.109738708,-0.0336264968,-0.178730845,0.5010453,-0.0282509923,1.13330531,0.5199402,-0.06983363,0.154528737,0.125355884
Pepe,Mankey,1,1.01666665,0,Chest,0.8966412,0.7105573,-0.05357914,0.8966412,0.7105573,-0.05357914,0.125302657,0.293505073,0.0229533426,0.952406764,0.7338095,-0.08700633,-0.0437183976,-0.1864515,0.499091774,-0.0293183327,1.12859774,0.517820656,-0.0701709,0.158869833,0.130138829
Pepe,Mankey,1,1.02083337,0,Chest,0.8949586,0.708113551,-0.0405416936,0.8949586,0.708113551,-0.0405416936,0.133746132,0.293998122,0.004658506,0.9304137,0.7232859,-0.06404185,-0.0551493764,-0.194145441,0.4970532,-0.030264616,1.12427413,0.515782058,-0.07037591,0.163461268,0.135186791
Pepe,Mankey,1,1.025,0,Chest,0.895637155,0.7055252,-0.0318761654,0.895637155,0.7055252,-0.0318761654,0.142028049,0.2907634,-0.00758804,0.9088788,0.710015,-0.0418595076,-0.0680516362,-0.201847672,0.4949672,-0.0311165452,1.12016916,0.513615668,-0.07049658,0.168140233,0.140320554
Pepe,Mankey,1,1.0291667,0.009068273,Chest,0.8874754,0.6941571,-0.0210582782,0.896409869,0.6942823,-0.0226050988,0.161805913,0.286802679,-0.02089893,0.887475,0.694157243,-0.0210582018,-0.08143395,-0.209589064,0.492880732,-0.0318986177,1.116118,0.511112,-0.0705811,0.172743827,0.1453623
Pepe,Mankey,1,1.0333333,0.0316849463,Chest,0.8657879,0.6761751,-0.00195341022,0.897031248,0.6759578,-0.00722060353,0.190303251,0.2824996,-0.0432638042,0.8657881,0.6761752,-0.00195348263,-0.09506661,-0.21739161,0.4908466,-0.03263259,1.11195529,0.5080591,-0.07067826,0.177109644,0.150134236
Pepe,Mankey,1,1.0375,0.0558288,Spine,0.842925131,0.656597435,0.0184781924,0.8959297,0.6601542,0.00131076574,-0.142986,0.306558669,-0.07171234,0.842924953,0.6565974,0.0184780359,-0.10854727,-0.2253015,0.488845259,-0.0333045125,1.10788691,0.505063057,-0.0707243,0.181882128,0.155347735
Pepe,Mankey,1,1.04166663,0.088691026,Spine,0.818344057,0.6364361,0.0429084,0.8992824,0.6592619,0.0147292055,-0.141532138,0.3007581,-0.0919966,0.818343759,0.636436164,0.04290855,-0.121353745,-0.233272374,0.4868093,-0.0338830352,1.1041615,0.50258553,-0.07064172,0.187475577,0.161488175
Pepe,Mankey,1,1.04583335,0.125044122,Spine,0.792220235,0.6167868,0.0703577548,0.90623194,0.651433468,0.0324503556,-0.131047,0.28971684,-0.118959934,0.7922199,0.6167867,0.07035768,-0.1331191,-0.241204858,0.4847346,-0.0343616,1.10068035,0.5001883,-0.0704600438,0.193381056,0.168024823
Pepe,Mankey,1,1.05,0.1621082,Spine,0.764926851,0.5983451,0.099564366,0.913542569,0.64132154,0.0511343852,-0.118535779,0.2777344,-0.14730759,0.764927,0.5983453,0.0995641947,-0.1458869,-0.24902159,0.48263213,-0.03473705,1.09734428,0.497428149,-0.07020881,0.199090078,0.1744095
Pepe,Mankey,1,1.06666672,0.304001331,RightUpperLeg,0.6581203,0.5396773,0.20743072,0.9057054,0.6392865,0.0618408322,0.05518677,0.339142025,0.045641616,0.658120036,0.5396775,0.20743084,-0.193309963,-0.278218329,0.474801451,-0.03544265,1.08342028,0.4736649,-0.0691392347,0.209943518,0.186955169
Pepe,Mankey,1,1.1,0.498385727,RightUpperLeg,0.496255457,0.454885662,0.367898226,0.879521847,0.522056758,0.05647688,0.09405444,0.324566215,0.0615469776,0.496255517,0.454885721,0.367898345,-0.202453673,-0.327711523,0.468786,-0.03665644,1.049123,0.343757063,-0.06755044,0.153255716,0.121209212
Pepe,Mankey,1,1.13333333,0.612704635,RightLowerLeg,0.4210177,0.428886771,0.480945319,0.848721,0.08494814,0.208579689,-0.0009072919,-0.02518875,0.0731621459,0.421017766,0.42888692,0.480945468,-0.200169265,-0.360431641,0.4749497,-0.03841424,1.04637122,0.350006074,-0.06730684,0.132122383,0.104365833
Pepe,Mankey,1,1.16666663,0.6870902,RightLowerLeg,0.376021475,0.425502837,0.5987783,0.8549728,0.1173093,0.214440763,0.000963010069,-0.02171085,0.0751089156,0.3760215,0.4255028,0.598778367,-0.191597283,-0.383379549,0.486435473,-0.0398506224,1.04966331,0.373326242,-0.06735986,0.112658493,0.0913016945
Pepe,Mankey,1,1.2,0.757570863,RightLowerLeg,0.35524565,0.440098226,0.6831655,0.8681792,0.107288957,0.2358951,0.00200038985,0.00152030366,0.07966884,0.355245471,0.440098256,0.68316555,-0.172835827,-0.405093521,0.5006763,-0.04058543,1.04976869,0.3687204,-0.0674039647,0.09659742,0.08199011
Pepe,Mankey,1,1.23333335,0.7767814,RightLowerLeg,0.363348037,0.4672822,0.6997392,0.879339337,0.102027491,0.248373225,0.001357748,0.00462645,0.07913906,0.3633479,0.467282236,0.699739337,-0.148194551,-0.434110969,0.515105546,-0.0402387977,1.05012548,0.3578531,-0.06749048,0.08568364,0.0764155462
Pepe,Mankey,1,1.26666665,0.726873636,RightLowerLeg,0.3924049,0.4984504,0.6099255,0.883229136,0.105005912,0.245730042,-0.0005520597,-0.0118287979,0.07665479,0.392404675,0.498450518,0.609925747,-0.135450721,-0.4789704,0.5271566,-0.03843063,1.05330157,0.347238272,-0.06755055,0.08165783,0.07456147
Pepe,Mankey,1,1.3,0.478895873,Chest,0.480094969,0.5255721,0.31163913,0.8896068,0.5335452,0.06349042,0.114095837,0.2676889,-0.155598432,0.480095029,0.525572062,0.311639071,-0.1354425,-0.5454988,0.5371489,-0.035205096,1.06049991,0.3382445,-0.06756582,0.08165749,0.07456022
Pepe,Mankey,1,1.33333337,0.446133852,Chest,0.4233987,0.5494215,-0.1631252,0.86508435,0.5771253,-0.1067186,0.04252739,0.2925669,0.08577842,0.423398733,0.5494216,-0.163125157,-0.1354518,-0.628005147,0.546794355,-0.03081496,1.06996214,0.32861945,-0.06756764,0.08165639,0.07455953
Pepe,Mankey,1,1.36666667,0.8485314,LeftHand,0.10442552,0.531567156,-0.609660268,0.8738914,0.266299933,-0.3697414,-0.2400332,-0.05870621,0.15170081,0.103139818,0.537946761,-0.6464133,-0.135468721,-0.717747569,0.555612564,-0.025194861,1.07981479,0.319446266,-0.06756195,0.0816551149,0.07455836
Pepe,Mankey,1,1.4,1.24234056,Neck,-0.386664182,0.7021732,-0.219857052,0.835029542,0.8807372,-0.08205517,0.0256855525,0.320034683,0.06589321,-0.423411578,0.496922076,-0.946371436,-0.13548094,-0.8059839,0.563124,-0.0182793979,1.08818448,0.3118082,-0.06755426,0.08165428,0.0745574
Pepe,Mankey,1,1.43333328,1.48072,Neck,-0.6135036,0.713367939,-0.387335479,0.8238191,0.899218857,-0.0838638246,-0.00451740436,0.329499185,0.06136179,-0.9843733,0.4819149,-1.0039283,-0.135467947,-0.8839716,0.568848848,-0.0100030378,1.09319746,0.306788117,-0.06755044,0.08165843,0.07456187
Pepe,Mankey,1,1.4666667,1.75615132,Neck,-0.8909833,0.7389581,-0.465182126,0.807427049,0.9543228,-0.07391746,-0.08554974,0.352398723,0.0480898619,-1.52366686,0.6290461,-0.8638456,-0.134446919,-0.94478476,0.5736928,0.002900295,1.09513044,0.303947568,-0.0675955042,0.08059259,0.0739981458
Pepe,Mankey,1,1.5,2.00174522,Head,-1.16872561,0.82752347,-0.405080855,0.799623132,0.973665953,-0.07156997,0.180904865,0.3245107,0.06110757,-1.90315831,0.9529785,-0.5188229,-0.131642044,-0.993320346,0.5744627,0.0194628537,1.09573483,0.30201745,-0.06770813,0.07769645,0.07246573
Pepe,Mankey,1,1.5333333,2.15150857,Head,-1.341823,0.904179,-0.306180954,0.7952658,0.9839074,-0.0706302,0.180905074,0.3245104,0.0611074828,-2.00527573,1.22366917,-0.145482779,-0.127358615,-1.03857064,0.5645315,0.0333988369,1.09535,0.300835162,-0.0678545162,0.0734215751,0.07020179
Pepe,Mankey,1,1.56666672,2.22969747,Head,-1.42349982,0.875830352,-0.289590031,0.7899762,0.9906803,-0.046928525,0.184618384,0.327872872,0.0290892478,-1.99448776,1.23534393,0.0462527275,-0.121909738,-1.08401752,0.5212323,0.0399226546,1.09431458,0.300238073,-0.06800095,0.06821708,0.06743836
Pepe,Mankey,1,1.6,2.296706,Head,-1.49057949,0.8491376,-0.2920626,0.787385166,1.00086844,-0.04163654,0.185239151,0.328435063,0.0237341039,-2.03217936,1.19871449,0.09849322,-0.115621209,-1.1169982,0.481396019,0.04263538,1.09296775,0.3000635,-0.0681136,0.0625427142,0.06442251
Pepe,Mankey,1,1.63333333,2.321114,Head,-1.51257122,0.833325267,-0.315049559,0.7878053,1.01462078,-0.06410878,0.181304112,0.3248719,0.0576655939,-2.08626461,1.16474211,0.0442636,-0.109508753,-1.13939881,0.474338353,0.04554513,1.0916481,0.300148964,-0.06815868,0.05684649,0.06138648
Pepe,Mankey,1,1.66666663,2.33292723,Head,-1.52121472,0.8200784,-0.3463401,0.7859506,1.02289474,-0.06633534,0.181541055,0.323996723,0.06121625,-2.14915371,1.121388,-0.0582906,-0.1029104,-1.15936112,0.474786252,0.0481725931,1.09069514,0.3003317,-0.0681024,0.0515805967,0.05856599
Pepe,Mankey,1,1.7,2.33724141,Head,-1.52279747,0.8060324,-0.380781651,0.7875979,0.9864635,-0.07711184,0.2295217,0.2835862,0.06940815,-2.20010376,1.06593478,-0.1763928,-0.0968759656,-1.17104506,0.483474642,0.05008048,1.09044755,0.300449163,-0.06791099,0.04719678,0.0561992377
Pepe,Mankey,1,1.73333335,2.339888,Neck,-1.524648,0.789950252,-0.411887139,0.786053956,0.9603886,-0.0852622539,-0.08048363,0.344981283,0.04794599,-2.2315414,1.01117814,-0.272506475,-0.09197909,-1.1686101,0.5011385,0.0508313775,1.09124446,0.3003388,-0.0675507262,0.04414762,0.0545227751
Pepe,Mankey,1,1.75,2.309615,Head,-1.49652636,0.8122332,-0.426361024,0.7813042,0.978687763,-0.0827020854,0.242079243,0.271026433,0.07051188,-2.20797133,1.02725637,-0.30114758,-0.08999753,-1.16771531,0.516658545,0.0527572632,1.09212661,0.300260842,-0.0672711954,0.04320207,0.053979937
Pepe,Mankey,1,1.75416672,2.29919457,Head,-1.48690653,0.820495665,-0.429605752,0.779741764,0.9862176,-0.08155802,0.233839139,0.278164536,0.06910998,-2.19886255,1.03492439,-0.306291938,-0.0895459652,-1.16748786,0.521212339,0.0533385873,1.09239507,0.300242335,-0.06719085,0.043022532,0.05387256
Pepe,Mankey,1,1.75833333,2.28816915,Head,-1.47678447,0.8293584,-0.4325482,0.7780684,0.9945465,-0.0803131759,0.224695072,0.286126971,0.06760806,-2.189146,1.04329443,-0.310730815,-0.089104414,-1.16725755,0.5259933,0.05398035,1.09268,0.3002277,-0.06710606,0.0428610854,0.0537745953
Pepe,Mankey,1,1.7625,2.27681661,Head,-1.466434,0.8385887,-0.435145855,0.7763044,1.00347984,-0.07901572,0.2148588,0.294723451,0.06604961,-2.179159,1.05199552,-0.314531922,-0.0886686444,-1.16702414,0.5309798,0.05469489,1.09298,0.300217628,-0.06701692,0.0427147634,0.0536850356
Pepe,Mankey,1,1.76666665,2.26542,Head,-1.45613337,0.847959042,-0.437381417,0.7744685,1.01282322,-0.07771048,0.204541132,0.303763926,0.0644756854,-2.169238,1.06066763,-0.3177811,-0.08823514,-1.16678739,0.536148548,0.05549562,1.09329391,0.300213933,-0.06692325,0.04258077,0.05360259
Pepe,Mankey,1,1.77083337,2.25390553,Head,-1.44585061,0.857825637,-0.4391889,0.7725205,1.0229311,-0.07633934,0.193349719,0.313584834,0.06284033,-2.159267,1.06975865,-0.320070982,-0.08780891,-1.16670632,0.5416205,0.0564082861,1.09362459,0.300216973,-0.06682443,0.0424645878,0.0535290539
Pepe,Mankey,1,1.775,2.24194241,Head,-1.43529487,0.868559,-0.4405243,0.7704189,1.03414583,-0.0748555139,0.180904627,0.3245107,0.0611074865,-2.14887857,1.07976246,-0.3211136,-0.08739829,-1.16683674,0.5474734,0.05741304,1.09397388,0.300224751,-0.06672012,0.0423696674,0.0534649864
Pepe,Mankey,1,1.7791667,2.22947574,Head,-1.42435849,0.8799529,-0.441427,0.7694808,1.03390229,-0.0754610151,0.180905029,0.3245105,0.06110751,-2.13803,1.09038925,-0.321190476,-0.08699995,-1.16702223,0.553616762,0.0584574342,1.09434056,0.30023694,-0.06661094,0.042294506,0.05341031
Pepe,Mankey,1,1.7833333,2.21646523,Head,-1.412938,0.8918006,-0.4419398,0.7685196,1.03361177,-0.0760830343,0.180905163,0.324510545,0.0611076429,-2.12667727,1.10136473,-0.320586681,-0.0866123438,-1.16710567,0.559957564,0.05949062,1.09472263,0.300253332,-0.06649744,0.04223751,0.0533639342
Pepe,Mankey,1,1.7875,2.2028358,Head,-1.40092826,0.9038969,-0.442111,0.7675363,1.03327632,-0.0767244846,0.180905029,0.3245106,0.0611075535,-2.11477232,1.11242712,-0.3195982,-0.08623338,-1.16692948,0.566401958,0.0604639649,1.09511817,0.3002728,-0.0663801953,0.042194847,0.05332463
Pepe,Mankey,1,1.79166663,2.188515,Head,-1.3882302,0.91603744,-0.441994578,0.76653254,1.03289855,-0.07738755,0.180905223,0.3245105,0.0611075163,-2.10226941,1.12333214,-0.3185265,-0.08586091,-1.16633558,0.572854459,0.0613310337,1.09552538,0.3002955,-0.0662597343,0.0421656,0.0532923155
Pepe,Mankey,1,1.79583335,2.173425,Head,-1.37474144,0.928019,-0.44165042,0.765509963,1.03248143,-0.07807434,0.180904642,0.324510723,0.0611073747,-2.089117,1.13385129,-0.3176844,-0.08549249,-1.16516614,0.5792169,0.06204909,1.09594274,0.300320655,-0.06613665,0.0421468876,0.05326599
Pepe,Mankey,1,1.8,2.15748572,Head,-1.3603611,0.9396371,-0.441144824,0.7644696,1.03202724,-0.07878692,0.180904731,0.324510723,0.0611074753,-2.075261,1.1437701,-0.317391634,-0.08516526,-1.16326189,0.585387349,0.06257677,1.09636807,0.300347775,-0.06601145,0.0421366245,0.05324473
Pepe,Mankey,1,1.80416667,2.14078784,Head,-1.34524119,0.9511292,-0.4402127,0.76341,1.03153121,-0.07952148,0.180904955,0.324510723,0.0611074939,-2.060791,1.153307,-0.3170054,-0.08487767,-1.16085577,0.5914344,0.06308828,1.09680462,0.300377637,-0.06588321,0.0421386063,0.05322996
Pepe,Mankey,1,1.80833328,2.12344813,Head,-1.32955015,0.96278733,-0.43863672,0.762328744,1.03098917,-0.080274336,0.180905,0.324510545,0.0611075647,-2.04580665,1.16274536,-0.315912247,-0.08459973,-1.15817714,0.59748745,0.06369321,1.09725511,0.300411433,-0.06575092,0.0421575271,0.05322312
Pepe,Mankey,1,1.8125,2.10542345,Head,-1.313208,0.974490166,-0.43656823,0.761228,1.03040421,-0.0810451955,0.1809049,0.3245107,0.06110761,-2.03025913,1.17198658,-0.314498067,-0.0843312144,-1.15505838,0.603529751,0.06425685,1.097718,0.3004486,-0.06561511,0.04219145,0.0532232858
Pepe,Mankey,1,1.81666672,2.08666182,Head,-1.29612827,0.986112,-0.434170365,0.7601092,1.02977836,-0.08183786,0.180905133,0.324510783,0.0611075945,-2.01408768,1.180941,-0.313159585,-0.08406931,-1.15132618,0.609536767,0.06464507,1.09819138,0.300488621,-0.06547635,0.0422376581,0.05322929
Pepe,Mankey,1,1.82083333,2.067108,Head,-1.27822065,0.997523248,-0.431616038,0.7589741,1.02911544,-0.0826530159,0.180905,0.3245106,0.0611076,-1.997224,1.18952918,-0.312302828,-0.08381319,-1.14680338,0.6154761,0.06472528,1.09867322,0.30053103,-0.06533524,0.0422950462,0.05324037
Pepe,Mankey,1,1.825,2.04669452,Head,-1.259384,1.00859,-0.429089,0.757824,1.02841735,-0.08349343,0.180904776,0.324510723,0.06110747,-1.97958028,1.19768012,-0.312344074,-0.08356035,-1.14130616,0.6213041,0.06436546,1.099162,0.300575167,-0.0651921853,0.0423601568,0.0532557666
Pepe,Mankey,1,1.82916665,2.025345,Head,-1.23950934,1.01916492,-0.426786125,0.7566607,1.02768707,-0.0843600854,0.18090494,0.324510455,0.0611073524,-1.96105552,1.20531893,-0.313713431,-0.08330929,-1.13464546,0.6269601,0.06343259,1.09965575,0.300620675,-0.06504785,0.04243165,0.0532743968
Pepe,Mankey,1,1.83333337,2.00296855,Head,-1.21847188,1.02908242,-0.424918771,0.755485356,1.02692723,-0.08525597,0.180905029,0.324510634,0.0611076728,-1.94152212,1.21235776,-0.3168614,-0.08305764,-1.126626,0.63236,0.0617903024,1.10015273,0.300667018,-0.064902775,0.04250698,0.0532956533
Pepe,Mankey,1,1.8375,1.9797169,Head,-1.19644582,1.03847218,-0.4234181,0.7542965,1.02613235,-0.08617715,0.180905208,0.324510664,0.0611075,-1.921168,1.21870828,-0.321632624,-0.0828083158,-1.11760879,0.6376288,0.0595976561,1.10065591,0.300715029,-0.06475606,0.0425893851,0.05332096
Pepe,Mankey,1,1.8416667,1.95571065,Head,-1.17359757,1.0473969,-0.422062546,0.7530914,1.02529812,-0.0871214047,0.1809049,0.3245108,0.06110726,-1.90012372,1.22430563,-0.327560425,-0.082565546,-1.10789084,0.642739356,0.05704154,1.10116827,0.300765753,-0.06460669,0.04268368,0.0533518121
Pepe,Mankey,1,1.8458333,1.9315933,Head,-1.15091,1.05517125,-0.419034362,0.751872957,1.02442694,-0.08808905,0.180904925,0.324510545,0.0611074343,-1.8792876,1.22866857,-0.332820654,-0.08232784,-1.09828687,0.646965742,0.055840984,1.101688,0.3008185,-0.06445529,0.04278759,0.0533873
Pepe,Mankey,1,1.85,1.90664375,Head,-1.12742,1.06223631,-0.415691733,0.7506422,1.02352273,-0.0890813,0.180904686,0.324510783,0.06110759,-1.85761547,1.23242366,-0.338761926,-0.0820937157,-1.08765984,0.650707066,0.0545495152,1.1022135,0.30087316,-0.06430229,0.04289897,0.0534269549
Pepe,Mankey,1,1.85416663,1.88058412,Head,-1.10279572,1.06862462,-0.412349373,0.749400735,1.02258778,-0.0900984257,0.18090497,0.324510425,0.0611077175,-1.83470118,1.2357688,-0.3456831,-0.08186251,-1.07548976,0.653958738,0.0527789146,1.10274255,0.300929,-0.0641483,0.04301636,0.0534692444
Pepe,Mankey,1,1.85833335,1.85321188,Head,-1.07681775,1.07433629,-0.40911454,0.748150647,1.02162552,-0.0911419839,0.180905163,0.324510485,0.0611076578,-1.81025493,1.238849,-0.353684664,-0.08163333,-1.06136394,0.6566891,0.0503617227,1.10327363,0.300985456,-0.0639937147,0.0431373976,0.0535128862
Pepe,Mankey,1,1.8625,1.82431674,Head,-1.04925358,1.07939172,-0.406121165,0.7468926,1.02063918,-0.0922126,0.18090491,0.324510485,0.0611073449,-1.7839781,1.2418071,-0.3628924,-0.08140397,-1.0448451,0.6588926,0.0471196175,1.10380459,0.3010422,-0.06383913,0.0432602726,0.05355728
Pepe,Mankey,1,1.86666667,1.79367936,Head,-1.01985252,1.0838064,-0.40354377,0.7456286,1.01963055,-0.09331228,0.180905208,0.324510664,0.06110746,-1.75555563,1.244756,-0.373487,-0.08117306,-1.02547169,0.660572,0.0428503752,1.10433376,0.3010982,-0.06368511,0.0433821045,0.0536015481
Pepe,Mankey,1,1.87083328,1.76089418,Head,-0.988213241,1.08736515,-0.401391983,0.7443569,1.01859486,-0.09444012,0.18090491,0.324510783,0.0611075945,-1.72461891,1.24712241,-0.385511875,-0.08094162,-1.00280845,0.6615768,0.0374775231,1.10486436,0.301155,-0.0635307953,0.04350669,0.0536474623
Pepe,Mankey,1,1.875,1.72595727,Head,-0.9543623,1.08988738,-0.399566829,0.7430749,1.01752615,-0.09559431,0.180905059,0.324510783,0.06110748,-1.69120574,1.2484076,-0.3989191,-0.0807112455,-0.976988435,0.661826551,0.0311785564,1.10539925,0.301213473,-0.0633753762,0.0436377,0.0536973663
Pepe,Mankey,1,1.87916672,1.68925989,Head,-0.918684065,1.09144115,-0.3981271,0.7417851,1.01642776,-0.0967737362,0.180904657,0.324510545,0.06110756,-1.65560484,1.24882424,-0.41380477,-0.08048338,-0.9484085,0.66142416,0.0241004,1.10593688,0.301273,-0.06321927,0.04377326,0.05374954
Pepe,Mankey,1,1.88333333,1.65123749,Head,-0.8816051,1.09214509,-0.397135645,0.7404881,1.01530254,-0.09797956,0.1809048,0.324510574,0.06110732,-1.61813855,1.24863267,-0.4302715,-0.0802561045,-0.9175347,0.660510242,0.016381938,1.106475,0.301332653,-0.06306308,0.04391076,0.0538027361
Pepe,Mankey,1,1.8875,1.61223352,Head,-0.8434505,1.09213781,-0.396660358,0.7391863,1.01415515,-0.0992107242,0.180904731,0.3245109,0.06110736,-1.57901835,1.24811161,-0.4484231,-0.0800285339,-0.8847558,0.659228742,0.008150591,1.107012,0.301392734,-0.06290715,0.0440497,0.053857
Pepe,Mankey,1,1.89166665,1.5725702,Head,-0.804519832,1.0916003,-0.396773279,0.737880945,1.01298773,-0.100468367,0.180905417,0.324510336,0.0611076728,-1.53842247,1.24758053,-0.4683619,-0.07980114,-0.850456059,0.6577465,-0.000476942922,1.10754585,0.3014522,-0.06275203,0.04418826,0.05391011
Pepe,Mankey,1,1.89583337,1.53258,Head,-0.7651138,1.09075475,-0.397558182,0.7365742,1.01180494,-0.101751775,0.180905133,0.324510574,0.0611075163,-1.49651647,1.247392,-0.490198016,-0.07957214,-0.8150415,0.656255,-0.009407679,1.108075,0.301510662,-0.06259816,0.0443230048,0.0539615154
Pepe,Mankey,1,1.9,1.49256968,Head,-0.724569559,1.08915043,-0.403853536,0.7352659,1.01060963,-0.103061274,0.1809048,0.324510723,0.06110737,-1.45343208,1.247904,-0.514046848,-0.07934117,-0.778907955,0.6549387,-0.0185772553,1.1085974,0.3015682,-0.06244614,0.04445412,0.0540099964
Pepe,Mankey,1,1.9041667,1.45160222,Head,-0.681787133,1.08651292,-0.415644526,0.7339556,1.00939417,-0.104398318,0.18090491,0.3245109,0.0611073971,-1.40839243,1.24897921,-0.5397911,-0.0791072249,-0.740741134,0.6536298,-0.028308861,1.1091162,0.301624417,-0.06229522,0.0445822328,0.0540578552
Pepe,Mankey,1,1.9083333,1.40913022,Head,-0.639119446,1.08441424,-0.4189849,0.732640266,1.008153,-0.105763309,0.1809049,0.324510723,0.0611075535,-1.36049008,1.24972439,-0.567511737,-0.07887119,-0.6993054,0.6518299,-0.0388657972,1.10963464,0.301681459,-0.06214463,0.0447114073,0.0541068166
Pepe,Mankey,1,1.9125,1.36518145,Head,-0.5925313,1.07723367,-0.433014482,0.7313219,1.0068897,-0.107154474,0.180904731,0.324510843,0.0611074,-1.30960846,1.24948668,-0.5974592,-0.0786323547,-0.655162752,0.649269164,-0.0500140637,1.11015046,0.3017384,-0.0619948134,0.0448396839,0.054156322
Pepe,Mankey,1,1.91666663,1.32023048,Head,-0.5459993,1.07098508,-0.441071838,0.73000145,1.00560772,-0.108571663,0.1809047,0.3245108,0.0611074045,-1.25625467,1.24778569,-0.629699469,-0.07839197,-0.609586656,0.6457329,-0.0614339262,1.11066222,0.3017946,-0.06184622,0.0449653752,0.0542047
Pepe,Mankey,1,1.92083335,1.27549183,Head,-0.499983042,1.06441629,-0.447133869,0.7286815,1.0043112,-0.110013261,0.180905119,0.3245106,0.0611075759,-1.20116436,1.24459541,-0.664347053,-0.07814902,-0.5641598,0.641327143,-0.0729735643,1.11116791,0.3018495,-0.061699383,0.04508771,0.05425122
Pepe,Mankey,1,1.925,1.23103654,Head,-0.453861862,1.05673456,-0.4539313,0.727361858,1.003004,-0.111477941,0.18090485,0.324510723,0.0611074641,-1.14411068,1.24020553,-0.7013093,-0.07790393,-0.519564569,0.6363468,-0.08441596,1.11166537,0.301903129,-0.0615546629,0.0452040136,0.05429459
Pepe,Mankey,1,1.92916667,1.187524,Head,-0.4082673,1.04809237,-0.461384416,0.7260451,1.00168943,-0.112966038,0.180905014,0.324510783,0.06110752,-1.08543038,1.234749,-0.7405106,-0.07765609,-0.477092266,0.6308112,-0.09571564,1.11215329,0.3019547,-0.061412625,0.0453137457,0.05433375
Pepe,Mankey,1,1.93333328,1.14372885,Head,-0.3620584,1.03968477,-0.468674928,0.7247319,1.00037146,-0.114476107,0.1809049,0.324510843,0.0611073747,-1.02365315,1.22943842,-0.7810656,-0.0774051547,-0.436260223,0.6257279,-0.106181711,1.11262941,0.3020035,-0.0612736568,0.0454140678,0.0543675
Pepe,Mankey,1,1.9375,1.1004715,Head,-0.315669477,1.032302,-0.476408929,0.723509431,0.999213159,-0.11578463,0.180904865,0.324510545,0.06110753,-0.9589347,1.22619891,-0.8226969,-0.07712549,-0.396512568,0.6212785,-0.116315156,1.11311364,0.30205363,-0.0611320063,0.0455054231,0.05440011
Pepe,Mankey,1,1.94166672,1.05816388,Head,-0.2692463,1.02537525,-0.4850258,0.722411633,0.998283446,-0.116798788,0.180905014,0.324510783,0.0611075759,-0.8915971,1.224405,-0.8649835,-0.0768079162,-0.3568564,0.617098331,-0.126565129,1.11361623,0.302107066,-0.0609843358,0.0455895551,0.0544336326
Pepe,Mankey,1,1.94583333,1.01659513,Head,-0.222914428,1.01829422,-0.493705064,0.7213622,0.9974416,-0.117709734,0.180904821,0.324510783,0.0611074977,-0.8217442,1.2223407,-0.907310247,-0.07647288,-0.318087816,0.613098562,-0.136498243,1.11412072,0.302160382,-0.0608355924,0.0456670374,0.054465387
Pepe,Mankey,1,1.95,0.97515595,Head,-0.176560491,1.01092923,-0.501600862,0.72585535,0.99581933,-0.13234964,0.178429276,0.3179727,0.08098685,-0.748864949,1.21937466,-0.9491718,-0.0761438,-0.2809502,0.6092026,-0.1457189,1.11461139,0.3022105,-0.0606906936,0.0457382165,0.05449113
Pepe,Mankey,1,1.95416665,0.932899654,Head,-0.130060226,1.003244,-0.507774949,0.7324251,0.9936989,-0.152345985,0.175025821,0.308983445,0.108319491,-0.672319531,1.21500874,-0.989866734,-0.07583636,-0.246130347,0.605374455,-0.1538794,1.11507237,0.302254826,-0.060554944,0.04580316,0.054510802
Pepe,Mankey,1,1.95833337,0.889175534,Head,-0.0832914039,0.9952865,-0.5111779,0.7377414,0.991341,-0.169823736,0.17215547,0.301402956,0.131368741,-0.5913403,1.20887268,-1.02844882,-0.0755704045,-0.214244664,0.6016211,-0.160684615,1.11548769,0.3022905,-0.06043353,0.0458605476,0.0545215048
Pepe,Mankey,1,1.9625,0.8431582,Head,-0.035905,0.987762153,-0.510678351,0.7380734,0.989081144,-0.176206514,0.171414882,0.299447119,0.137316033,-0.5044037,1.20216823,-1.06370687,-0.07535946,-0.185851038,0.59796834,-0.165886134,1.115841,0.302316546,-0.0603319928,0.0459110774,0.0545248836
Pepe,Mankey,1,1.9666667,0.7942092,Head,0.0120691275,0.980765164,-0.5048621,0.7364792,0.98635906,-0.179336622,0.1714145,0.2994472,0.137315974,-0.410620272,1.194664,-1.09382939,-0.07521838,-0.161431372,0.59447,-0.1692844,1.11611593,0.302330971,-0.06025546,0.04595305,0.0545207523
Pepe,Mankey,1,1.9708333,0.741215944,Head,0.0602149181,0.974165261,-0.4926542,0.734993,0.981893659,-0.186033934,0.171414763,0.2994472,0.137316048,-0.3095854,1.18552542,-1.11705518,-0.07493913,-0.141452432,0.5910917,-0.171183944,1.116022,0.3021471,-0.06027185,0.0455793776,0.0544939451
Pepe,Mankey,1,1.975,0.684693754,Head,0.107509427,0.967901945,-0.473763049,0.728764832,0.9761267,-0.1860486,0.173489243,0.304925352,0.120658435,-0.2020629,1.17496932,-1.13147879,-0.07440829,-0.125686467,0.5877167,-0.172037065,1.11542583,0.3016944,-0.06040334,0.04462383,0.0544461943
Pepe,Mankey,1,1.97916663,0.6259441,Head,0.15262951,0.961679935,-0.447981745,0.7145289,0.9706105,-0.172309309,0.17855984,0.318317622,0.0799384341,-0.08973074,1.16317248,-1.13497794,-0.07378268,-0.113518655,0.584300339,-0.171901762,1.11455345,0.3011437,-0.0605907664,0.0434429571,0.0544017144
Pepe,Mankey,1,1.98333335,0.566880465,Head,0.194316313,0.9552215,-0.415503,0.7066759,0.9640298,-0.173091084,0.180904776,0.324510634,0.0611075461,0.0254478455,1.15023923,-1.12596262,-0.073233664,-0.104320049,0.580823362,-0.170846939,1.11366463,0.3006566,-0.06077399,0.04238208,0.05437278
Pepe,Mankey,1,1.9875,0.511409163,Head,0.23150529,0.9483099,-0.376957983,0.7048156,0.9572158,-0.183470711,0.18090494,0.324510723,0.0611076131,0.1413371,1.13624287,-1.10349274,-0.07294446,-0.09745073,0.5773024,-0.168951154,1.11305964,0.300385684,-0.0608878657,0.04177382,0.05436137
Pepe,Mankey,1,1.99166667,0.462300569,Head,0.263467163,0.940801144,-0.333363473,0.7023641,0.9521598,-0.1885799,0.180905119,0.324510723,0.0611073971,0.255843043,1.12122035,-1.06732011,-0.07309592,-0.09225947,0.573790967,-0.166297734,1.11306572,0.3004767,-0.06086614,0.0419446751,0.0543664
Pepe,Mankey,1,1.99583328,0.420648634,Head,0.289901733,0.932631135,-0.2860239,0.6915074,0.950346768,-0.1621517,0.184998125,0.328216642,0.025814699,0.367075562,1.10519075,-1.01784968,-0.07383227,-0.08808923,0.5703786,-0.1629684,1.11400115,0.3010741,-0.06065815,0.0432222821,0.05440157
Pepe,Mankey,1,2,0.385391533,Head,0.3270307,0.933531165,-0.288873345,0.694236636,0.951298952,-0.1732415,0.180904746,0.324510574,0.0611072965,0.473486662,1.08815575,-0.9560333,-0.075217545,-0.08428389,0.5671851,-0.159033835,1.11611688,0.302331179,-0.06025564,0.04595359,0.05452069
Pepe,Mankey,1,2.0041666,0.346961141,Head,0.373599946,0.933924556,-0.292047083,0.6887995,0.9568631,-0.148851112,0.18090497,0.3245105,0.061107453,0.5729972,1.06898963,-0.880548358,-0.07770002,-0.08154744,0.5643905,-0.154144585,1.11965275,0.304299116,-0.0601705238,0.05111705,0.054748144
Pepe,Mankey,1,2.00833344,0.302123755,Head,0.447615355,0.937526762,-0.3219281,0.7054696,0.961443245,-0.166306943,0.171414956,0.29944706,0.1373162,0.6632925,1.046419,-0.7912116,-0.08087444,-0.08090681,0.5614538,-0.149564683,1.124123,0.3069065,-0.0607824251,0.0588409454,0.0553125329
Pepe,Mankey,1,2.0125,0.262024581,Head,0.4937516,0.927816331,-0.27995,0.699706137,0.9720552,-0.1241215,0.171414673,0.2994471,0.137316,0.7431985,1.02116859,-0.687941134,-0.0835306644,-0.08183068,0.558596551,-0.144552052,1.12859273,0.310120553,-0.0618125424,0.06821255,0.0565606244
Pepe,Mankey,1,2.01666665,0.197499484,LeftUpperArm,0.626377642,0.932157338,-0.3260485,0.774529934,0.909980834,-0.197342843,0.196977124,-0.010886753,-0.08439527,0.8116113,0.9923395,-0.573082447,-0.08810359,-0.0837788,0.554728568,-0.14055258,1.13227654,0.313862354,-0.06278428,0.0782977045,0.05866383
Pepe,Mankey,1,2.02083325,0.130201757,LeftUpperArm,0.678423,0.9119065,-0.249922514,0.763082445,0.9117767,-0.151002064,0.190477878,-0.03291059,-0.08298204,0.867309,0.960468531,-0.4467045,-0.0996861458,-0.08642429,0.5504763,-0.1365264,1.13468373,0.3179927,-0.06307679,0.0881464556,0.0615507029
Pepe,Mankey,1,2.025,0.0557168722,LeftUpperArm,0.783346832,0.893561959,-0.199189663,0.8148396,0.879689932,-0.155370235,0.0795047,-0.114883177,-0.0680874139,0.9092828,0.9252406,-0.310327768,-0.109529078,-0.08934426,0.5457807,-0.132713914,1.13567984,0.3223242,-0.06206628,0.09682212,0.06490857
Pepe,Mankey,1,2.0291667,0,LeftUpperArm,0.890182555,0.8754792,-0.126926124,0.890182555,0.8754792,-0.126926124,0.0181877874,-0.203428388,0.0109570716,0.9366933,0.8864437,-0.165732861,-0.117102027,-0.09206855,0.540624559,-0.129411817,1.13543093,0.3266449,-0.05927404,0.103431523,0.06823775
Pepe,Mankey,1,2.0333333,0,LeftUpperArm,0.7549393,0.838671565,0.04847744,0.7549393,0.838671565,0.04847744,0.146666139,0.0370306522,0.00220550783,0.9489385,0.844256163,-0.0149360895,-0.122249961,-0.0940793753,0.535050333,-0.1269387,1.13426793,0.33074823,-0.05443915,0.107144162,0.0709513053
Pepe,Mankey,1,2.0375,0,LeftUpperArm,0.7877286,0.799107969,0.171370625,0.7877286,0.799107969,0.171370625,0.168814689,0.121235594,0.107206956,0.94441843,0.798199,0.1439923,-0.125402749,-0.0953156948,0.5291757,-0.125322223,1.13251138,0.334719419,-0.0472921357,0.107926428,0.07281525
Pepe,Mankey,1,2.04166675,0.006742313,Neck,0.9183537,0.7485236,0.309935957,0.920271635,0.7514901,0.304193139,0.142716646,0.249849677,-0.0404961519,0.9183537,0.748523533,0.3099358,-0.126987159,-0.0961768,0.523158967,-0.124278486,1.13032818,0.338731557,-0.0379329547,0.106697306,0.07401515
Pepe,Mankey,1,2.04583335,0.169392779,Neck,0.8680174,0.697240949,0.474940479,0.9313307,0.776292741,0.339160681,0.116294146,0.271288574,-0.0204549842,0.8680173,0.697241,0.474940538,-0.127092779,-0.09670818,0.5171261,-0.123737335,1.12782133,0.342730165,-0.02680781,0.104074515,0.07466578
Pepe,Mankey,1,2.05,0.338169754,Neck,0.7939136,0.6462787,0.630990863,0.9333945,0.797760367,0.362742543,0.09681312,0.282303154,0.0224622879,0.7939135,0.646278858,0.630991,-0.125771344,-0.09698814,0.5111767,-0.123607576,1.12507319,0.34666422,-0.0143763069,0.100661136,0.07492445
Pepe,Mankey,1,2.05416656,0.502374768,Neck,0.6908357,0.5967801,0.764441669,0.943433166,0.8057356,0.383767843,0.09652116,0.281413019,0.05554034,0.6994109,0.5972528,0.7712753,-0.123031855,-0.09712666,0.5053825,-0.12378341,1.12215328,0.35048607,-0.001118058,0.0970454,0.07495152
Pepe,Mankey,1,2.0583334,0.6585531,LeftUpperArm,0.533366442,0.5591887,0.847728968,0.9143872,0.8253269,0.381160825,0.1852685,0.1637185,0.180976063,0.5896857,0.5514752,0.8912544,-0.124172926,-0.0972656,0.499781042,-0.12415123,1.11948729,0.354140282,0.0122087356,0.09131763,0.074874
Pepe,Mankey,1,2.0625,0.7865327,LeftUpperArm,0.288284123,0.5579332,0.7975981,0.8694554,0.8388293,0.348186225,0.153073341,0.09626397,0.0796465,0.470515966,0.5102735,0.9889715,-0.126333952,-0.0975771546,0.494379729,-0.124594867,1.11687613,0.357640237,0.0251739826,0.08528958,0.07484492
Pepe,Mankey,1,2.0666666,0.8834678,LeftUpperArm,0.0965151042,0.5701849,0.7067642,0.8368379,0.855517745,0.318147868,0.116338082,0.0223808251,0.0105880657,0.347197175,0.4753055,1.06485426,-0.127989,-0.09826183,0.489153147,-0.125002384,1.11423612,0.3609678,0.0372653529,0.08009308,0.07494228
Pepe,Mankey,1,2.07083344,0.96108216,LeftUpperArm,-0.05639776,0.5988434,0.5683414,0.817458868,0.867326856,0.271743655,0.04799517,-0.0593715869,-0.0282862354,0.219006658,0.446129322,1.12390316,-0.128866673,-0.0995267,0.483975857,-0.1254645,1.11142993,0.364213675,0.0487992838,0.07529217,0.07511044
Pepe,Mankey,1,2.075,1.013381,LeftUpperArm,-0.141152829,0.6119512,0.475018233,0.8264761,0.8276599,0.265005916,-0.0256220121,-0.0387308,-0.03547685,0.08491486,0.421607524,1.16839361,-0.128825784,-0.101227105,0.4788311,-0.1261012,1.10839546,0.367425323,0.06039942,0.07033219,0.07527162
Pepe,Mankey,1,2.07916665,1.05834687,LeftUpperArm,-0.180381656,0.594003439,0.479694635,0.833654463,0.8317299,0.291772276,-0.0215831,-0.0362842828,-0.0302621424,-0.05070561,0.4022889,1.19700623,-0.1288504,-0.103200734,0.473866,-0.126835287,1.10524964,0.3705249,0.07192079,0.06545773,0.0754520744
Pepe,Mankey,1,2.08333325,1.10129511,LeftUpperArm,-0.2174306,0.5773211,0.4809645,0.8403738,0.8271211,0.3034799,-0.0396475941,-0.0338640846,-0.0263232738,-0.1831094,0.388077021,1.20974076,-0.128204226,-0.105289757,0.469202816,-0.127604783,1.10210419,0.3734474,0.08321337,0.0608802736,0.0756823048
Pepe,Mankey,1,2.0875,1.13647878,LeftUpperArm,-0.251251042,0.56234,0.4792449,0.839271,0.7838826,0.248453483,-0.16507417,-0.0369554162,-0.0300606135,-0.30760026,0.378345072,1.2079947,-0.127063572,-0.107340813,0.464938462,-0.128364444,1.09906316,0.3761409,0.09412273,0.05676657,0.0759873
Pepe,Mankey,1,2.0916667,1.16254938,LeftUpperArm,-0.280921221,0.549428046,0.47519657,0.8363841,0.7743819,0.245967731,-0.199170291,-0.03775069,-0.0311553814,-0.4198762,0.3721375,1.19447851,-0.1256631,-0.109211087,0.461151034,-0.1290847,1.0962218,0.3785647,0.104488678,0.05323772,0.07638163
Pepe,Mankey,1,2.0958333,1.17653883,LeftLowerArm,-0.305692554,0.538912058,0.4696254,0.823359,0.746939242,0.212311029,0.121442288,-0.0325929224,-0.001742932,-0.5163362,0.368383884,1.17294335,-0.124283493,-0.110763848,0.457904637,-0.12975055,1.09366667,0.3806881,0.114151262,0.0503693521,0.0768654943
Pepe,Mankey,1,2.1,1.17908478,LeftLowerArm,-0.3249869,0.5311024,0.463373572,0.8040981,0.69776,0.167344764,0.009040206,-0.03367836,-0.02055261,-0.5942081,0.366054654,1.14776123,-0.1232391,-0.111865044,0.455251753,-0.130358338,1.09147692,0.382488817,0.122948423,0.0482020155,0.07742701
Pepe,Mankey,1,2.10416675,1.17932987,LeftLowerArm,-0.338140249,0.526111841,0.45734936,0.7953372,0.699106455,0.18144986,0.009992856,-0.0334314443,-0.020404648,-0.6525034,0.364849329,1.12314022,-0.122784615,-0.112632275,0.453257948,-0.1309669,1.08963883,0.383942872,0.130602077,0.04662851,0.0778759047
Pepe,Mankey,1,2.10833335,1.174731,LeftHand,-0.345717371,0.5233553,0.452041775,0.711175263,0.521848857,-0.0607629232,-0.101816379,-0.006014631,-0.120340981,-0.6943073,0.364694029,1.10120916,-0.122883558,-0.113300562,0.451881021,-0.131638765,1.08803856,0.385088325,0.137091145,0.04545769,0.0781093
Pepe,Mankey,1,2.1125,1.161757,LeftHand,-0.349034935,0.522190154,0.447405249,0.7037562,0.513336062,-0.0437482931,-0.10181623,-0.006014482,-0.120340846,-0.7233581,0.365036249,1.0824579,-0.12341857,-0.11389935,0.451006383,-0.132370591,1.08661032,0.3859951,0.142650619,0.04460155,0.07825175
Pepe,Mankey,1,2.11666656,1.14759135,LeftHand,-0.3493343,0.522054553,0.4432328,0.6889527,0.488697261,-0.0444283634,-0.135717064,-0.01071033,-0.122077726,-0.743078053,0.365405381,1.06655741,-0.124257326,-0.114447713,0.450521439,-0.133152127,1.08529878,0.386726648,0.147525445,0.0439889058,0.07845049
Pepe,Mankey,1,2.1208334,1.13138258,LeftHand,-0.347790062,0.5224258,0.439269722,0.669963062,0.4194892,-0.0440617725,-0.215750352,0.0215232689,-0.113302872,-0.756573856,0.3654122,1.05274284,-0.125253439,-0.114958167,0.450316042,-0.133970022,1.08405519,0.3873404,0.1519706,0.04355966,0.0788739249
Pepe,Mankey,1,2.125,1.113189,LeftHand,-0.345525056,0.522796035,0.435282081,0.6626904,0.406117141,-0.0219678078,-0.215681031,0.0215956885,-0.11328923,-0.766678,0.3647658,1.04006636,-0.126241446,-0.115439534,0.450282633,-0.134810925,1.0828346,0.387889743,0.156249419,0.04326697,0.0797240362
Pepe,Mankey,1,2.1291666,1.0951277,LeftHand,-0.343621969,0.5226709,0.431079865,0.6551575,0.3937211,0.000828651129,-0.215624616,0.0216656048,-0.113259986,-0.77602005,0.3633002,1.027519,-0.127363741,-0.115899444,0.4503162,-0.135662556,1.081594,0.388421983,0.1606349,0.0430724137,0.0812412
Pepe,Mankey,1,2.13333344,1.0775913,LeftHand,-0.3431346,0.5215768,0.426508725,0.6469222,0.3830169,0.024275342,-0.215586171,0.0217293222,-0.113215193,-0.787102,0.360985279,1.0140543,-0.128135562,-0.116344273,0.4503141,-0.136514246,1.08024681,0.388956368,0.165395066,0.04292271,0.0836969
Pepe,Mankey,1,2.1375,1.05991173,LeftHand,-0.3435714,0.519792557,0.4216223,0.637754142,0.373598337,0.0487411357,-0.2155626,0.021788897,-0.113155536,-0.79843986,0.357811362,1.0003829,-0.1288042,-0.116749585,0.4503568,-0.1373877,1.07879841,0.3894283,0.170406312,0.0427901968,0.087321274
Pepe,Mankey,1,2.14166665,1.0417614,LeftHand,-0.343772173,0.5179353,0.4166201,0.628057361,0.365028769,0.0739341751,-0.215554014,0.0218460131,-0.113076225,-0.807177067,0.353859276,0.987971067,-0.129697382,-0.117099643,0.450575918,-0.138303757,1.07758689,0.389797121,0.174919352,0.0427022,0.08927829
Pepe,Mankey,1,2.14583325,1.02331984,LeftHand,-0.343764782,0.51606524,0.411570728,0.6118075,0.344046175,0.08834578,-0.24033381,0.0121770371,-0.112111419,-0.8136618,0.349363059,0.9768264,-0.1307317,-0.117414296,0.450944,-0.139251769,1.07660592,0.390091479,0.178882018,0.0426739566,0.08904403
Pepe,Mankey,1,2.15,1.00400722,LeftHand,-0.343564868,0.5142328,0.406542748,0.597125769,0.328258365,0.108977392,-0.2561262,0.00613984559,-0.111223727,-0.8181992,0.3445515,0.9669331,-0.131836355,-0.117712021,0.4514354,-0.140219927,1.075668,0.390323877,0.182700872,0.0427082963,0.08898109
Pepe,Mankey,1,2.1541667,0.9848564,LeftHand,-0.343176782,0.5124713,0.401604384,0.582348347,0.3166518,0.127742827,-0.268286347,-0.00445172237,-0.113515131,-0.8210529,0.339613855,0.9582562,-0.132948577,-0.118011236,0.452024519,-0.141196847,1.0747546,0.3904991,0.186389878,0.0428039655,0.0890429243
Pepe,Mankey,1,2.1583333,0.966186762,LeftHand,-0.342596084,0.51079756,0.396822453,0.566471159,0.3028861,0.144064888,-0.284727,-0.0187788922,-0.11662703,-0.8224589,0.334696442,0.950741649,-0.1341784,-0.118330419,0.452687562,-0.142170608,1.07384372,0.3906245,0.189965323,0.04296464,0.08917784
Pepe,Mankey,1,2.1625,0.9484463,LeftHand,-0.341809958,0.509208143,0.392260849,0.5536071,0.2936986,0.165690422,-0.2935391,-0.0263933577,-0.117988385,-0.822623432,0.329881,0.944318,-0.135744214,-0.118687987,0.453400224,-0.143129587,1.07291126,0.390708625,0.1934441,0.04319558,0.08932925
Pepe,Mankey,1,2.16666675,0.9322761,LeftHand,-0.340800256,0.507682562,0.387977421,0.544388533,0.290771037,0.191689461,-0.2936557,-0.0264224447,-0.117490187,-0.821732163,0.3251893,0.938892543,-0.137099743,-0.119102895,0.454140484,-0.144062459,1.07193065,0.390763,0.196843743,0.043508172,0.08943988
Pepe,Mankey,1,2.17083335,0.9148492,LeftHand,-0.339519531,0.506099045,0.3838741,0.5338212,0.2901281,0.217796892,-0.293768585,-0.02651668,-0.116990909,-0.819312036,0.3201474,0.934625745,-0.138370275,-0.119544625,0.454951674,-0.144987822,1.07093918,0.390768,0.200132057,0.0439058766,0.0895659849
Pepe,Mankey,1,2.175,0.893008053,LeftHand,-0.337973237,0.504445553,0.3798541,0.519400358,0.293684274,0.245863318,-0.293887317,-0.0266467072,-0.116456509,-0.8149947,0.314620525,0.931691051,-0.139722288,-0.119980752,0.45587483,-0.145924866,1.06999123,0.3906914,0.203272611,0.04435991,0.08977229
Pepe,Mankey,1,2.17916656,0.872441053,LeftHand,-0.336212516,0.5028389,0.3759738,0.5056281,0.298730224,0.272063583,-0.293989539,-0.0268320478,-0.115977556,-0.8090959,0.309050143,0.92999053,-0.141101837,-0.120428205,0.456882477,-0.146862388,1.06901431,0.3905703,0.206326455,0.0448774435,0.0900572762
Pepe,Mankey,1,2.1833334,0.8530929,LeftHand,-0.3342847,0.501377642,0.372290224,0.49244985,0.305138826,0.296344131,-0.294069558,-0.0270567574,-0.115573585,-0.8019194,0.303818673,0.9294216,-0.142480552,-0.120904207,0.4579473,-0.1477896,1.06800556,0.390410036,0.20930253,0.04543737,0.0903886259
Pepe,Mankey,1,2.1875,0.834704936,LeftHand,-0.33223322,0.500140667,0.368858457,0.4745264,0.293389,0.312956959,-0.313636541,-0.0497116819,-0.117681131,-0.7937594,0.2992345,0.929873466,-0.1438238,-0.121427178,0.4590428,-0.148695946,1.066962,0.3902152,0.2122075,0.04602087,0.09073094
Pepe,Mankey,1,2.1916666,0.816856146,LeftHand,-0.3300993,0.4991898,0.365731448,0.456651926,0.2821816,0.3313245,-0.332806051,-0.072111316,-0.119733773,-0.7849038,0.295536757,0.9312265,-0.145094872,-0.122015774,0.460143059,-0.149570525,1.0658797,0.38999182,0.2150466,0.0466117561,0.09105067
Pepe,Mankey,1,2.19583344,0.8001208,LeftHand,-0.327923536,0.4985691,0.3629565,0.444742739,0.290970147,0.353857458,-0.332736522,-0.07244704,-0.119506933,-0.775641263,0.2928936,0.9333537,-0.146250963,-0.122690022,0.461221933,-0.1504032,1.06475413,0.389745444,0.217823237,0.0471976325,0.09131248
Pepe,Mankey,1,2.2,0.784968,LeftHand,-0.3257443,0.498310417,0.360575646,0.433711976,0.300357223,0.3752548,-0.3326651,-0.07282851,-0.11925941,-0.766258538,0.291412562,0.936117232,-0.147248685,-0.123470604,0.46225366,-0.151183188,1.06358135,0.389480859,0.220538229,0.0477685742,0.0914799
Pepe,Mankey,1,2.20416665,0.7709912,LeftHand,-0.323474437,0.498300284,0.358549654,0.4233247,0.310253322,0.395385444,-0.332594573,-0.07298679,-0.11929772,-0.756324351,0.290597469,0.9395891,-0.148079336,-0.1243664,0.463262141,-0.151911974,1.06235707,0.389183581,0.223178774,0.0483775251,0.09156702
Pepe,Mankey,1,2.20833325,0.758165956,LeftHand,-0.32102865,0.4984227,0.3568033,0.41365248,0.3202108,0.414247155,-0.3325117,-0.07322938,-0.119300671,-0.7453237,0.289989382,0.943860233,-0.14881736,-0.125363231,0.4642828,-0.152600527,1.06107891,0.388844728,0.22573711,0.0490615368,0.0916194841
Pepe,Mankey,1,2.2125,0.7465387,LeftHand,-0.318445534,0.49869433,0.355322331,0.404750228,0.330074728,0.431972921,-0.3324239,-0.07344819,-0.11936184,-0.7334077,0.289713174,0.9488204,-0.14947319,-0.126448929,0.465306431,-0.153251946,1.05974519,0.3884784,0.228220329,0.0497962832,0.09164789
Pepe,Mankey,1,2.2166667,0.7362245,LeftHand,-0.315763116,0.499135435,0.3540957,0.396719128,0.339653879,0.4487592,-0.332345337,-0.07361878,-0.119467892,-0.7207339,0.2898997,0.9543669,-0.150057733,-0.1276108,0.466325581,-0.1538688,1.05835581,0.388097167,0.230634376,0.05055744,0.0916611
Pepe,Mankey,1,2.2208333,0.7273657,LeftHand,-0.3130184,0.499765,0.353113145,0.389678061,0.3487579,0.464806169,-0.332264155,-0.07377235,-0.119611122,-0.7074659,0.290678024,0.9604027,-0.150597453,-0.12883687,0.4673307,-0.154454589,1.05691063,0.387714654,0.2329858,0.0513251461,0.09166915
Pepe,Mankey,1,2.225,0.720079,LeftHand,-0.310246527,0.5006035,0.3523688,0.3837203,0.357251853,0.480329931,-0.332194746,-0.0738843456,-0.119775124,-0.693765,0.292181879,0.9668451,-0.151337981,-0.130114853,0.4683132,-0.155012548,1.05541086,0.38734284,0.235280052,0.0520805456,0.09167902
Pepe,Mankey,1,2.22916675,0.7145066,LeftHand,-0.307481378,0.5016727,0.351859182,0.378956437,0.3650078,0.4955445,-0.332133532,-0.0739697441,-0.11994914,-0.679797351,0.294547737,0.973620355,-0.15211308,-0.131432474,0.469264418,-0.155545533,1.05385733,0.386995,0.23752372,0.0528117046,0.09169848
Pepe,Mankey,1,2.23333335,0.7107985,LeftHand,-0.3047572,0.502994835,0.351583153,0.375499666,0.3719235,0.510659933,-0.332080662,-0.07403272,-0.120122604,-0.665736258,0.2979172,0.9806648,-0.152834415,-0.132777214,0.470175952,-0.156056881,1.05225182,0.386682421,0.239722177,0.05350581,0.0917307958
Pepe,Mankey,1,2.2375,0.709028244,LeftHand,-0.302007079,0.50458926,0.35160616,0.373451531,0.377801657,0.5259666,-0.332037747,-0.0740851238,-0.12027169,-0.6514391,0.302275777,0.9880595,-0.1534186,-0.13418299,0.4710384,-0.1565333,1.0505805,0.3863928,0.24186933,0.054222744,0.09175913
Pepe,Mankey,1,2.24166656,0.709042966,LeftHand,-0.299146354,0.506427467,0.351947218,0.37274763,0.382589757,0.54159075,-0.332006752,-0.07413451,-0.120377667,-0.6366105,0.307392836,0.9958488,-0.153803051,-0.135679245,0.471856117,-0.1569655,1.04883671,0.386106223,0.243954584,0.05502529,0.09177056
Pepe,Mankey,1,2.2458334,0.710660636,LeftHand,-0.296181262,0.5084638,0.352541447,0.3732617,0.386429846,0.5574619,-0.331984818,-0.07418407,-0.120443814,-0.621193051,0.313102245,1.00393093,-0.154019535,-0.137246251,0.472639859,-0.1573621,1.04703224,0.3858257,0.245978341,0.05591041,0.09177029
Pepe,Mankey,1,2.25,0.713691235,LeftHand,-0.2931207,0.5106542,0.353325218,0.374865651,0.389476061,0.573473454,-0.331971526,-0.07423619,-0.120472305,-0.605138063,0.319252044,1.01220107,-0.1541025,-0.138863623,0.473400563,-0.157731354,1.04517961,0.385554552,0.247941032,0.0568701662,0.09176612
Pepe,Mankey,1,2.2541666,0.717932165,LeftHand,-0.2899798,0.5129569,0.354236335,0.377421856,0.39188993,0.5894902,-0.331966162,-0.074285306,-0.120472707,-0.5884106,0.325704873,1.02055621,-0.1540907,-0.140510678,0.474148363,-0.158083081,1.04329109,0.385295957,0.24984391,0.0578918457,0.09176326
Pepe,Mankey,1,2.25833344,0.723168969,LeftHand,-0.28677547,0.5153293,0.355214268,0.3807853,0.393834054,0.605363965,-0.331967235,-0.0743300244,-0.120455779,-0.570981,0.332324117,1.028893,-0.154029429,-0.1421659,0.474894345,-0.158426523,1.041378,0.385053158,0.251687855,0.0589561649,0.0917691
Pepe,Mankey,1,2.2625,0.7291742,LeftHand,-0.283531249,0.5177287,0.356198341,0.3847986,0.39547947,0.6209348,-0.331972837,-0.0743669048,-0.12043146,-0.55283463,0.338981271,1.03710377,-0.153968751,-0.14380753,0.47564888,-0.158771634,1.03945279,0.38483116,0.25347355,0.06003813,0.0917906538
Pepe,Mankey,1,2.26666665,0.735294938,LeftHand,-0.289625078,0.5141135,0.3791,0.389288783,0.3969983,0.636041045,-0.33198303,-0.0743901655,-0.120411344,-0.5339701,0.34555155,1.04507756,-0.153965592,-0.145412982,0.476423264,-0.159128726,1.03752649,0.3846336,0.255201727,0.0611064546,0.0918364
Pepe,Mankey,1,2.27083325,0.7410147,LeftHand,-0.295978665,0.5098941,0.405929446,0.3944098,0.3984245,0.650962353,-0.3319984,-0.07440487,-0.12038561,-0.514284849,0.352110565,1.05284619,-0.153959274,-0.1469891,0.477207661,-0.159494758,1.03558481,0.384462357,0.2568538,0.0622018166,0.09188795
Pepe,Mankey,1,2.275,0.746560156,LeftHand,-0.300478846,0.5063933,0.432092726,0.400411,0.399669856,0.666006446,-0.3320214,-0.07441717,-0.12033283,-0.49370715,0.358765721,1.06045175,-0.153853,-0.148560345,0.477986246,-0.159858525,1.03361058,0.384312481,0.258421451,0.06338417,0.09192644
Pepe,Mankey,1,2.2791667,0.7518245,LeftHand,-0.304547369,0.5026036,0.4614855,0.4072466,0.400711656,0.6810475,-0.332051873,-0.07442508,-0.120255448,-0.47227627,0.365447879,1.06780291,-0.15366286,-0.150131285,0.47876206,-0.160218775,1.03161132,0.3841777,0.259919673,0.0646410361,0.0919551253
Pepe,Mankey,1,2.2833333,0.756631434,LeftHand,-0.3072087,0.499065757,0.4920384,0.41486463,0.401514173,0.6959624,-0.332090467,-0.07442919,-0.120153062,-0.450049162,0.372090638,1.07481432,-0.153404415,-0.151706219,0.4795382,-0.160574317,1.02959514,0.384052217,0.261363059,0.06595791,0.09197886
Pepe,Mankey,1,2.2875,0.7605752,LeftHand,-0.311883152,0.4926593,0.537683666,0.4232032,0.402036548,0.7106293,-0.332142353,-0.07441368,-0.120025374,-0.4270885,0.3786307,1.08140326,-0.153097689,-0.153289735,0.4803167,-0.160924017,1.02757013,0.38392958,0.262766331,0.06731763,0.0920025855
Pepe,Mankey,1,2.29166675,0.763526,LeftHand,-0.3103873,0.4897356,0.5704901,0.4322139,0.4021897,0.72492826,-0.3321936,-0.07441027,-0.1198814,-0.403469741,0.3850096,1.08748865,-0.152767,-0.154885828,0.4811008,-0.161266744,1.02554452,0.3838031,0.264143556,0.06869925,0.09203119
Pepe,Mankey,1,2.29583335,0.7653116,LeftHand,-0.307817161,0.491056681,0.612515748,0.441740274,0.401851,0.7386423,-0.332250684,-0.07440061,-0.119720556,-0.379282832,0.3911711,1.09299791,-0.152490079,-0.15649879,0.481893063,-0.161601424,1.02344322,0.383613378,0.265405446,0.07002772,0.0920174345
Pepe,Mankey,1,2.3,0.76615274,LeftHand,-0.302012831,0.488653749,0.646320343,0.451770723,0.4009792,0.7517407,-0.332318217,-0.0743744448,-0.119542532,-0.3546238,0.3970691,1.09786272,-0.152247965,-0.158132851,0.482696444,-0.161926687,1.02133775,0.383402169,0.2666507,0.07132623,0.0920175239
Pepe,Mankey,1,2.30416656,0.766269445,LeftHand,-0.294187546,0.486428678,0.680526,0.462515,0.3996188,0.7643962,-0.332387865,-0.07434953,-0.119345985,-0.329384565,0.402798444,1.10210466,-0.15198946,-0.1597777,0.4835045,-0.162252009,1.0192287,0.383190185,0.267873555,0.07263542,0.09203592
Pepe,Mankey,1,2.3083334,0.765721858,LeftHand,-0.284172654,0.4843499,0.7152607,0.474162459,0.39792484,0.7768121,-0.332454532,-0.07434786,-0.119125552,-0.303452075,0.408409,1.10571456,-0.151678622,-0.161426187,0.4843112,-0.16258204,1.01710665,0.382987559,0.269054621,0.07400036,0.09206256
Pepe,Mankey,1,2.3125,0.7634051,LeftHand,-0.272486657,0.476627737,0.7807208,0.486601472,0.3959732,0.7889277,-0.33253324,-0.07434025,-0.118866153,-0.276933074,0.413784742,1.10859358,-0.15143919,-0.163086474,0.485118836,-0.1629098,1.01497507,0.382780284,0.2702001,0.0754087642,0.0920892656
Pepe,Mankey,1,2.3166666,0.7597997,LeftHand,-0.255619526,0.4748029,0.81590414,0.4996968,0.393807858,0.800651133,-0.332626879,-0.07429058,-0.118604712,-0.249935031,0.4188135,1.11065352,-0.15115881,-0.164765954,0.485931069,-0.163227916,1.01283669,0.382555783,0.271316379,0.07684634,0.09210969
Pepe,Mankey,1,2.32083344,0.755188048,LeftHand,-0.236429781,0.472833216,0.8507994,0.513351858,0.391435266,0.8119289,-0.3327314,-0.0742295,-0.118311383,-0.2225653,0.423379,1.11181629,-0.150853217,-0.166472077,0.4867508,-0.163529038,1.01069415,0.3823021,0.2724096,0.07829627,0.0921190158
Pepe,Mankey,1,2.325,0.7494751,LeftHand,-0.214945063,0.4705941,0.8851409,0.5274348,0.38884294,0.8226764,-0.3328434,-0.0741574243,-0.118002161,-0.194945455,0.4273662,1.11200988,-0.15054214,-0.1682111,0.4875817,-0.1638056,1.00854969,0.3820088,0.273486,0.0797404349,0.09211555
Pepe,Mankey,1,2.32916665,0.742578,LeftHand,-0.191215664,0.4679405,0.9186652,0.541816533,0.385991633,0.8328148,-0.332954317,-0.07408848,-0.117684588,-0.167191982,0.430660158,1.11117244,-0.150248468,-0.169989049,0.4884281,-0.164050043,1.006405,0.381665617,0.274552077,0.08115827,0.09209907
Pepe,Mankey,1,2.33333325,0.734405756,LeftHand,-0.165323645,0.464714676,0.9510962,0.5563458,0.382849455,0.84227,-0.333076775,-0.07399384,-0.117356017,-0.139430761,0.43315348,1.10925317,-0.149997711,-0.171811163,0.4892945,-0.164254487,1.00426126,0.3812641,0.2756144,0.0825284645,0.0920716748
Pepe,Mankey,1,2.3375,0.7248142,LeftHand,-0.137113169,0.461536676,0.9822815,0.571000636,0.379561424,0.8510928,-0.333197474,-0.0739055648,-0.117014676,-0.111476243,0.435662568,1.10654235,-0.149766445,-0.1736756,0.490175784,-0.164432824,1.00211179,0.380821139,0.2766576,0.08386999,0.09204877
Pepe,Mankey,1,2.3416667,0.7121793,LeftHand,-0.09416354,0.4492887,1.057807,0.585896,0.376231462,0.8593606,-0.333326042,-0.0738092437,-0.116648883,-0.0832621455,0.438378274,1.10306311,-0.149509847,-0.175571561,0.4910658,-0.164594889,0.9999516,0.380353063,0.277668566,0.0852182359,0.09203807
Pepe,Mankey,1,2.3458333,0.6977303,LeftHand,-0.0578679852,0.445874661,1.08431089,0.6011187,0.3727017,0.867032647,-0.3334645,-0.07368832,-0.116267979,-0.0549731255,0.440551966,1.09847617,-0.149229944,-0.177457631,0.491938323,-0.164773643,0.9977827,0.3798508,0.278657526,0.08657032,0.09203002
Pepe,Mankey,1,2.35,0.6828192,LeftHand,-0.0285992622,0.446757346,1.082999,0.616778255,0.368806958,0.8740644,-0.333604068,-0.07356981,-0.115878686,-0.026736021,0.442223161,1.092818,-0.148932934,-0.179375947,0.492818564,-0.164931238,0.9956072,0.379304945,0.279634863,0.08792015,0.09201618
Pepe,Mankey,1,2.36666656,0.6316911,LeftHand,0.08377253,0.444891334,1.05931437,0.685611367,0.348818332,0.893200934,-0.332192332,-0.07065264,-0.11429517,0.08377266,0.444891542,1.05931437,-0.147840977,-0.187323689,0.496517569,-0.165915757,0.9868716,0.3764947,0.283638269,0.09307552,0.0917958841
Pepe,Mankey,1,2.4,0.530392945,LeftHand,0.281649977,0.438064724,0.946263,0.797396243,0.361108363,0.849308133,-0.244355291,0.0113847116,-0.108540624,0.281649947,0.438064784,0.946262956,-0.1469258,-0.205545664,0.504664838,-0.166713625,0.969743848,0.367369771,0.2922678,0.101329841,0.09098712
Pepe,Mankey,1,2.4333334,0.359159857,LeftLowerArm,0.429900378,0.43095,0.7873903,0.7428215,0.544536531,0.652578354,0.00401685061,-0.0443038642,0.007833323,0.4299003,0.43095,0.7873901,-0.147477031,-0.227350771,0.514035642,-0.166452259,0.953454137,0.352165043,0.3030489,0.105655327,0.08944349
Pepe,Mankey,1,2.4666667,0.214196831,LeftLowerArm,0.5223698,0.446530074,0.613891065,0.700113,0.5201027,0.5196854,0.102450185,-0.0199976582,0.246020839,0.5223695,0.446530044,0.6138911,-0.147206962,-0.2536136,0.5249296,-0.164934963,0.938111246,0.3277653,0.3161975,0.104498841,0.0853306
Pepe,Mankey,1,2.5,0.0293046311,Chest,0.6084925,0.575874448,0.446345657,0.6374148,0.5743582,0.450813532,-0.0114551531,-0.0980548561,0.317677647,0.608492732,0.575874448,0.446345448,-0.142855227,-0.312583923,0.54692024,-0.1544443,0.923294,0.294650316,0.330558747,0.09872299,0.0784441158
Pepe,Mankey,1,2.5333333,0.213111356,Chest,0.633540452,0.7869512,0.2620269,0.7306921,0.6514916,0.394800037,0.00526234368,-0.3472428,0.0739031956,0.6511874,0.785417557,0.2446438,-0.1378321,-0.391825676,0.575974762,-0.13616094,0.9087811,0.2564848,0.345622867,0.09030472,0.07102466
Pepe,Mankey,1,2.5666666,0.477796227,RightHand,0.621256232,1.01467907,0.0464128144,0.9472436,0.670047641,0.103427328,-0.242903113,0.00282418751,0.05683203,0.6212561,1.01467919,0.046413064,-0.116685867,-0.465427876,0.603236854,-0.116231382,0.894351959,0.216936037,0.360879123,0.08122662,0.06531441
Pepe,Mankey,1,2.6,0.6742565,RightHand,0.45135498,1.173797,-0.0811269,0.884161949,0.701236367,0.1286025,-0.267741829,-0.0502360538,0.03001729,0.513834,1.22479975,-0.133972287,-0.09486574,-0.541918635,0.6314789,-0.0943108052,0.879784763,0.179668829,0.375818223,0.07346901,0.06355391
Pepe,Mankey,1,2.63333344,0.8643514,RightHand,0.1853228,1.17290676,-0.152352348,0.8157989,0.697804,0.19961448,-0.267330855,-0.050477393,0.0305329524,0.368553162,1.37685871,-0.279121161,-0.0622399449,-0.612798154,0.65803206,-0.07381511,0.865197539,0.142740533,0.3907101,0.125980556,0.0679841861
Pepe,Mankey,1,2.66666675,1.13986242,Spine,-0.207260668,0.910954356,-0.1150912,0.5699758,0.252005666,0.395767272,-0.06451047,-0.385712862,0.126325488,0.225988984,1.46527708,-0.39135623,-0.133949518,-0.669567,0.680228353,-0.0581598878,0.8580766,0.138811216,0.41523543,0.327332348,0.09710276
Pepe,Mankey,1,2.7,1.21524,Spine,-0.2695051,0.9092787,-0.183439821,0.57368046,0.284225285,0.42905882,-0.07235233,-0.3700879,0.1633838,0.123523295,1.49842381,-0.447520316,-0.220186859,-0.701611757,0.693238437,-0.0510535836,0.8510169,0.14686577,0.44933036,0.340949982,0.142019168
Pepe,Mankey,1,2.73333335,1.25083184,Spine,-0.3094716,0.887950063,-0.211567178,0.580804646,0.3103441,0.450520456,-0.08467874,-0.351038575,0.1962031,0.0732559562,1.49711585,-0.443382382,-0.2185233,-0.713606954,0.7000837,-0.05052854,0.8460575,0.15133296,0.47398296,0.3233569,0.163905412
Pepe,Mankey,1,2.76666665,1.2744565,Spine,-0.33721295,0.8695107,-0.222864315,0.5847478,0.313060075,0.458744556,-0.09496543,-0.344771,0.20250614,0.05219567,1.48822463,-0.414842457,-0.210566819,-0.7199862,0.709873736,-0.051486522,0.844363332,0.144705534,0.479972064,0.320824772,0.1515764
Pepe,Mankey,1,2.8,1.28986442,Spine,-0.3433536,0.873332262,-0.228463173,0.5882694,0.310269445,0.4634828,-0.105593324,-0.3408562,0.203865767,0.0567916632,1.48171723,-0.3757068,-0.19706592,-0.7236887,0.7266265,-0.05272238,0.843461156,0.134916008,0.481437057,0.307999671,0.125346
Pepe,Mankey,1,2.83333325,1.28825057,Spine,-0.290825635,0.933616936,-0.231039152,0.5912535,0.3046557,0.4660503,-0.115611285,-0.3385633,0.202244878,0.0863060951,1.47508967,-0.3215677,-0.194828972,-0.7217753,0.7463236,-0.05544123,0.8430822,0.124170534,0.480243981,0.2924486,0.09363024
Pepe,Mankey,1,2.86666656,1.28223145,Spine,-0.23168911,0.99439615,-0.224486485,0.593710065,0.2989559,0.467753619,-0.12408454,-0.3372108,0.199464411,0.121765614,1.46544218,-0.268429458,-0.195687,-0.7198616,0.766015947,-0.0581600368,0.842957735,0.114675455,0.4782592,0.2726202,0.06484437
Pepe,Mankey,1,2.9,1.28633463,Spine,-0.232342288,0.993693233,-0.224413812,0.5957465,0.2959708,0.4699269,-0.1300317,-0.336257458,0.197273418,0.121765614,1.46544218,-0.268429458,-0.195677668,-0.7198615,0.766015947,-0.05816008,0.8428195,0.108637147,0.477348626,0.246910542,0.0474042669
Pepe,Mankey,1,2.9333334,1.28903711,Spine,-0.231848732,0.9942242,-0.224468753,0.5974511,0.29565686,0.472583771,-0.133713633,-0.3357165,0.195727259,0.121765733,1.46544218,-0.268429518,-0.194316775,-0.7198614,0.766015947,-0.0581600964,0.842645,0.105789952,0.477535218,0.215709567,0.0405430235
Pepe,Mankey,1,2.9666667,1.29090822,Spine,-0.23401013,0.991898239,-0.224228218,0.599008739,0.285465062,0.463867456,-0.121842526,-0.324880421,0.2058816,0.121765852,1.46544218,-0.268429577,-0.193089545,-0.719861269,0.766015947,-0.05816014,0.842575431,0.104203276,0.477613956,0.181984946,0.0373223871
Pepe,Mankey,1,3,1.292024,Spine,-0.2350654,0.9907754,-0.224111944,0.6001644,0.276018858,0.454740345,-0.10904716,-0.3149159,0.2158076,0.121765971,1.46544218,-0.268429577,-0.192044228,-0.71986115,0.766015947,-0.058160156,0.842586339,0.103586249,0.4776098,0.148825809,0.0369021073
Pepe,Mankey,1,3.0333333,1.29262149,LeftUpperLeg,-0.238463953,0.9871596,-0.223737448,0.6009904,0.267463118,0.445757568,0.18417035,-0.332734525,-0.07065822,0.12176609,1.46544218,-0.268429577,-0.191156611,-0.719861031,0.766015947,-0.0581602,0.842653751,0.103648119,0.4775477,0.119519077,0.0384425819
Pepe,Mankey,1,3.0666666,1.292907,LeftUpperLeg,-0.2413764,0.984060943,-0.223416522,0.601574361,0.260210752,0.4377064,0.174933746,-0.322011143,-0.0798445046,0.12176621,1.46544218,-0.268429637,-0.190366566,-0.7198609,0.766015947,-0.0581602156,0.842753351,0.104097776,0.477452368,0.110703193,0.04110318
Pepe,Mankey,1,3.1,1.29305553,LeftUpperLeg,-0.2441972,0.9810598,-0.2231057,0.6020021,0.253307343,0.429822922,0.164919451,-0.311988771,-0.089899,0.121766329,1.46544218,-0.2684297,-0.189600438,-0.7198608,0.766015947,-0.05816026,0.842861056,0.10464447,0.4773487,0.10188628,0.0440436043
Pepe,Mankey,1,3.13333344,1.29320884,LeftUpperLeg,-0.24729985,0.9777588,-0.2227638,0.602335751,0.24585925,0.421310425,0.153071314,-0.301989019,-0.100747973,0.121766448,1.46544218,-0.2684297,-0.188776463,-0.7198607,0.766015947,-0.0581602752,0.842952549,0.104997091,0.477261722,0.09306999,0.04642421
Pepe,Mankey,1,3.16666675,1.29352725,LeftUpperLeg,-0.2470718,0.9780013,-0.222788945,0.6029172,0.245745689,0.4210537,0.150724918,-0.300675452,-0.101772584,0.121766567,1.46544218,-0.2684297,-0.187806249,-0.719860554,0.766015947,-0.05816032,0.843003869,0.104865007,0.477216,0.08425662,0.0474044345
